#include "TFT_Img.h"
#include "dbg_config.h"

#if(ENABLE_LVGL_USE == 0)
static const unsigned char gImage_icon6[10880] = { /* 0X00,0X10,0X50,0X00,0X44,0X00,0X01,0X1B, */
0XF8,0XC7,0XF8,0XC7,0XF8,0XC7,0XF8,0XC7,0XF8,0XC7,0XF8,0XC7,0XF8,0XC7,0XF8,0XC7,
0XF8,0XC7,0XF8,0XC7,0XF8,0XC7,0XF8,0XC7,0XF8,0XC7,0XF8,0XC7,0XF8,0XC7,0XF8,0XC7,
0XF8,0XC7,0XF8,0XC7,0XF8,0XC7,0XF8,0XC7,0XF8,0XC7,0XF8,0XC7,0XF8,0XC7,0XF8,0XC7,
0XF8,0XC7,0XF8,0XC7,0XF8,0XC7,0XF8,0XC7,0XF8,0XC7,0XF8,0XC7,0XF8,0XC7,0XF8,0XC7,
0XF8,0XC7,0XF8,0XC7,0XF8,0XC7,0XF8,0XBF,0XF8,0XBF,0XF8,0XC7,0XF8,0XC7,0XF8,0XC7,
0XF8,0XC7,0XF8,0XC7,0XF7,0XC7,0XF7,0XC7,0XF7,0XBF,0XF7,0XBF,0XF8,0XC7,0XD8,0XC7,
0XF8,0XC7,0XD8,0XCF,0X98,0XDF,0X58,0XE7,0X38,0XEF,0X98,0XD7,0XD7,0XC7,0XF7,0XC7,
0XF8,0XC7,0XF8,0XC7,0XF8,0XC7,0XF8,0XBF,0XF8,0XBF,0XF8,0XC7,0XF8,0XC7,0XF8,0XC7,
0XF8,0XC7,0XF8,0XC7,0XF8,0XC7,0XF8,0XC7,0XF8,0XC7,0XF8,0XC7,0XF8,0XC7,0XF8,0XC7,
0XF8,0XC7,0XF8,0XC7,0XF8,0XC7,0XF8,0XC7,0XF8,0XC7,0XF8,0XC7,0XF8,0XC7,0XF8,0XC7,
0XF8,0XC7,0XF8,0XC7,0XF8,0XC7,0XF8,0XC7,0XF8,0XC7,0XF8,0XC7,0XF8,0XC7,0XF8,0XC7,
0XF8,0XC7,0XF8,0XC7,0XF8,0XC7,0XF8,0XC7,0XF8,0XC7,0XF8,0XC7,0XF8,0XC7,0XF8,0XC7,
0XF8,0XC7,0XF8,0XC7,0XF8,0XC7,0XF8,0XC7,0XF8,0XC7,0XF8,0XC7,0XF8,0XC7,0XF8,0XC7,
0XF8,0XC7,0XF8,0XC7,0XF8,0XC7,0XF8,0XC7,0XF8,0XC7,0XF8,0XC7,0XF8,0XC7,0XF8,0XC7,
0XF8,0XC7,0XF8,0XC7,0XF8,0XC7,0XF8,0XBF,0XF8,0XBF,0XF8,0XC7,0XF8,0XC7,0XF8,0XC7,
0XF8,0XC7,0XF8,0XC7,0XF7,0XC7,0XF7,0XC7,0XF7,0XBF,0XF8,0XC7,0XF8,0XC7,0XB8,0XCF,
0XB8,0XD7,0X98,0XD7,0X58,0XE7,0X38,0XE7,0X58,0XE7,0XB8,0XD7,0XF8,0XC7,0XF8,0XC7,
0XF7,0XC7,0XF7,0XC7,0XF7,0XC7,0XF8,0XBF,0XF8,0XBF,0XF8,0XC7,0XF8,0XC7,0XF8,0XC7,
0XF8,0XC7,0XF8,0XC7,0XF8,0XC7,0XF8,0XC7,0XF8,0XC7,0XF8,0XC7,0XF8,0XC7,0XF8,0XC7,
0XF8,0XC7,0XF8,0XC7,0XF8,0XC7,0XF8,0XC7,0XF8,0XC7,0XF8,0XC7,0XF8,0XC7,0XF8,0XC7,
0XF8,0XC7,0XF8,0XC7,0XF8,0XC7,0XF8,0XC7,0XF8,0XC7,0XF8,0XC7,0XF8,0XC7,0XF8,0XC7,
0XF8,0XC7,0XF8,0XC7,0XF8,0XC7,0XF8,0XC7,0XF8,0XC7,0XF8,0XC7,0XF8,0XC7,0XF8,0XC7,
0XF8,0XC7,0XF8,0XC7,0XF8,0XC7,0XF8,0XC7,0XF8,0XC7,0XF8,0XC7,0XF8,0XC7,0XF8,0XC7,
0XF8,0XC7,0XF8,0XC7,0XF8,0XC7,0XF8,0XC7,0XF8,0XC7,0XF8,0XC7,0XF8,0XC7,0XF8,0XC7,
0XF8,0XC7,0XF8,0XC7,0XF8,0XC7,0XF8,0XBF,0XF8,0XBF,0XF8,0XC7,0XF8,0XC7,0XF8,0XC7,
0XF8,0XC7,0XF8,0XBF,0XF7,0XC7,0XF7,0XC7,0XF7,0XC7,0XD8,0XC7,0XB8,0XD7,0X78,0XDF,
0X58,0XDF,0X58,0XE7,0X38,0XEF,0X38,0XEF,0X58,0XE7,0XB8,0XD7,0XF8,0XC7,0XF8,0XC7,
0XF7,0XC7,0XF7,0XC7,0XF7,0XC7,0XF8,0XBF,0XF8,0XC7,0XF8,0XC7,0XF8,0XC7,0XF8,0XC7,
0XF8,0XC7,0XF8,0XC7,0XF8,0XC7,0XF8,0XC7,0XF8,0XC7,0XF8,0XC7,0XF8,0XC7,0XF8,0XC7,
0XF8,0XC7,0XF8,0XC7,0XF8,0XC7,0XF8,0XC7,0XF8,0XC7,0XF8,0XC7,0XF8,0XC7,0XF8,0XC7,
0XF8,0XC7,0XF8,0XC7,0XF8,0XC7,0XF8,0XC7,0XF8,0XC7,0XF8,0XC7,0XF8,0XC7,0XF8,0XC7,
0XF8,0XC7,0XF8,0XC7,0XF8,0XC7,0XF8,0XC7,0XF8,0XC7,0XF8,0XC7,0XF8,0XC7,0XF8,0XC7,
0XF8,0XC7,0XF8,0XC7,0XF8,0XC7,0XF8,0XC7,0XF8,0XC7,0XF8,0XC7,0XF8,0XC7,0XF8,0XC7,
0XF8,0XC7,0XF8,0XC7,0XF8,0XC7,0XF8,0XC7,0XF8,0XC7,0XF8,0XC7,0XF8,0XC7,0XF8,0XC7,
0XF8,0XC7,0XF8,0XC7,0XF8,0XC7,0XF8,0XC7,0XF8,0XC7,0XF8,0XC7,0XF8,0XBF,0XF8,0XBF,
0XF8,0XBF,0XF8,0XBF,0XF8,0XC7,0XF8,0XC7,0XD7,0XCF,0X98,0XD7,0X58,0XDF,0X38,0XE7,
0X38,0XE7,0X38,0XEF,0X38,0XEF,0X38,0XEF,0X58,0XDF,0XB8,0XCF,0XF7,0XC7,0XF7,0XC7,
0XF8,0XC7,0XF8,0XC7,0XF8,0XC7,0XF8,0XBF,0XF8,0XC7,0XF8,0XC7,0XF8,0XC7,0XF8,0XC7,
0XF8,0XC7,0XF8,0XC7,0XF8,0XC7,0XF8,0XC7,0XF8,0XC7,0XF8,0XC7,0XF8,0XC7,0XF8,0XC7,
0XF8,0XC7,0XF8,0XC7,0XF8,0XC7,0XF8,0XC7,0XF8,0XC7,0XF8,0XC7,0XF8,0XC7,0XF8,0XC7,
0XF8,0XC7,0XF8,0XC7,0XF8,0XC7,0XF8,0XC7,0XF8,0XC7,0XF8,0XC7,0XF8,0XC7,0XF8,0XC7,
0XF8,0XC7,0XF8,0XC7,0XF8,0XC7,0XF8,0XC7,0XF8,0XC7,0XF8,0XC7,0XF8,0XC7,0XF8,0XC7,
0XF8,0XC7,0XF8,0XC7,0XF8,0XC7,0XF8,0XC7,0XF8,0XC7,0XF8,0XC7,0XF8,0XC7,0XF8,0XC7,
0XF8,0XC7,0XF8,0XC7,0XF8,0XC7,0XF8,0XC7,0XF8,0XC7,0XF8,0XC7,0XF8,0XC7,0XF8,0XC7,
0XF8,0XBF,0XF8,0XC7,0XF8,0XC7,0XF8,0XC7,0XF8,0XC7,0XF8,0XBF,0XF8,0XBF,0XF8,0XBF,
0XF8,0XBF,0XF8,0XC7,0XF8,0XC7,0XB8,0XCF,0X98,0XD7,0X57,0XDF,0X18,0XEF,0XF8,0XEE,
0X18,0XEF,0X18,0XEF,0X18,0XEF,0X38,0XE7,0X78,0XDF,0XB8,0XCF,0XF7,0XC7,0XF7,0XC7,
0XF8,0XC7,0XF8,0XC7,0XF8,0XC7,0XF8,0XBF,0XF8,0XC7,0XF8,0XC7,0XF8,0XC7,0XF8,0XC7,
0XF8,0XC7,0XF8,0XC7,0XF8,0XC7,0XF8,0XC7,0XF8,0XC7,0XF8,0XC7,0XF8,0XC7,0XF8,0XC7,
0XF8,0XC7,0XF8,0XC7,0XF8,0XC7,0XF8,0XC7,0XF8,0XC7,0XF8,0XC7,0XF8,0XC7,0XF8,0XC7,
0XF8,0XC7,0XF8,0XC7,0XF8,0XC7,0XF8,0XC7,0XF8,0XC7,0XF8,0XC7,0XF8,0XC7,0XF8,0XC7,
0XF8,0XC7,0XF8,0XC7,0XF8,0XC7,0XF8,0XC7,0XF8,0XC7,0XF8,0XC7,0XF8,0XC7,0XF8,0XC7,
0XF8,0XC7,0XF8,0XC7,0XF8,0XC7,0XF8,0XC7,0XF8,0XC7,0XF8,0XC7,0XF8,0XC7,0XF8,0XC7,
0XF8,0XC7,0XF8,0XC7,0XF8,0XC7,0XF8,0XC7,0XF8,0XC7,0XF8,0XC7,0XF8,0XC7,0XF8,0XC7,
0XF8,0XBF,0XF8,0XC7,0XF8,0XC7,0XF8,0XC7,0XF8,0XC7,0XF8,0XBF,0XF8,0XBF,0XF8,0XC7,
0XF8,0XC7,0XF8,0XC7,0XB8,0XD7,0X77,0XDF,0X58,0XDF,0X38,0XE7,0X18,0XEF,0X18,0XEF,
0X18,0XEF,0XF8,0XEE,0X18,0XEF,0X38,0XE7,0X98,0XD7,0XD8,0XC7,0XF8,0XC7,0XF8,0XC7,
0XF8,0XC7,0XF8,0XC7,0XF8,0XC7,0XF8,0XC7,0XF8,0XC7,0XF8,0XC7,0XF8,0XC7,0XF8,0XC7,
0XF8,0XC7,0XF8,0XC7,0XF8,0XC7,0XF8,0XC7,0XF8,0XC7,0XF8,0XC7,0XF8,0XC7,0XF8,0XC7,
0XF8,0XC7,0XF8,0XC7,0XF8,0XC7,0XF8,0XC7,0XF8,0XC7,0XF8,0XC7,0XF8,0XC7,0XF8,0XC7,
0XF8,0XC7,0XF8,0XC7,0XF8,0XC7,0XF8,0XC7,0XF8,0XC7,0XF8,0XC7,0XF8,0XC7,0XF8,0XC7,
0XF8,0XC7,0XF8,0XC7,0XF8,0XC7,0XF8,0XC7,0XF8,0XC7,0XF8,0XC7,0XF8,0XC7,0XF8,0XC7,
0XF8,0XC7,0XF8,0XC7,0XF8,0XC7,0XF8,0XC7,0XF8,0XC7,0XF8,0XC7,0XF8,0XC7,0XF8,0XC7,
0XF8,0XC7,0XF8,0XC7,0XF8,0XC7,0XF8,0XC7,0XF8,0XC7,0XF8,0XC7,0XF8,0XC7,0XF8,0XBF,
0XF7,0XBF,0XF7,0XC7,0XF8,0XC7,0XF8,0XC7,0XF8,0XC7,0XF8,0XBF,0XF8,0XBF,0XF8,0XC7,
0XD8,0XCF,0XB8,0XCF,0X77,0XDF,0X37,0XE7,0X38,0XE7,0X18,0XE7,0X18,0XE7,0X18,0XE7,
0X18,0XE7,0XF8,0XEE,0X18,0XEF,0X38,0XDF,0XB8,0XCF,0XF8,0XC7,0XF8,0XC7,0XF8,0XC7,
0XF8,0XC7,0XF8,0XC7,0XF8,0XC7,0XF8,0XC7,0XF8,0XC7,0XF8,0XC7,0XF8,0XC7,0XF8,0XC7,
0XF8,0XC7,0XF8,0XC7,0XF8,0XC7,0XF8,0XC7,0XF8,0XC7,0XF8,0XC7,0XF8,0XC7,0XF8,0XC7,
0XF8,0XC7,0XF8,0XC7,0XF8,0XC7,0XF8,0XC7,0XF8,0XC7,0XF8,0XC7,0XF8,0XC7,0XF8,0XC7,
0XF8,0XC7,0XF8,0XC7,0XF8,0XC7,0XF8,0XC7,0XF8,0XC7,0XF8,0XC7,0XF8,0XC7,0XF8,0XC7,
0XF8,0XC7,0XF8,0XC7,0XF8,0XC7,0XF8,0XC7,0XF8,0XC7,0XF8,0XC7,0XF8,0XC7,0XF8,0XC7,
0XF8,0XC7,0XF8,0XC7,0XF8,0XC7,0XF8,0XC7,0XF8,0XC7,0XF8,0XC7,0XF8,0XC7,0XF8,0XC7,
0XF8,0XC7,0XF8,0XC7,0XF8,0XC7,0XF8,0XC7,0XF8,0XC7,0XF8,0XC7,0XF8,0XC7,0XF8,0XC7,
0XF7,0XBF,0XF7,0XC7,0XF7,0XC7,0XF8,0XC7,0XF8,0XC7,0XF8,0XBF,0XF8,0XC7,0XD8,0XC7,
0XB8,0XD7,0X77,0XD7,0X37,0XDF,0X17,0XE7,0X17,0XEF,0XF8,0XEE,0X18,0XEF,0X18,0XE7,
0X18,0XE7,0X17,0XE7,0X17,0XE7,0X37,0XDF,0XD8,0XCF,0XF8,0XC7,0XF8,0XC7,0XF8,0XC7,
0XF8,0XC7,0XF8,0XC7,0XF8,0XC7,0XF8,0XC7,0XF8,0XC7,0XF8,0XC7,0XF8,0XC7,0XF8,0XC7,
0XF8,0XC7,0XF8,0XC7,0XF8,0XC7,0XF8,0XC7,0XF8,0XC7,0XF8,0XC7,0XF8,0XC7,0XF8,0XC7,
0XF8,0XC7,0XF8,0XC7,0XF8,0XC7,0XF8,0XC7,0XF8,0XC7,0XF8,0XC7,0XF8,0XC7,0XF8,0XC7,
0XF8,0XC7,0XF8,0XC7,0XF8,0XC7,0XF8,0XC7,0XF8,0XC7,0XF8,0XC7,0XF8,0XC7,0XF8,0XC7,
0XF8,0XC7,0XF8,0XC7,0XF8,0XC7,0XF8,0XC7,0XF8,0XC7,0XF8,0XC7,0XF8,0XC7,0XF8,0XC7,
0XF8,0XC7,0XF8,0XC7,0XF8,0XC7,0XF8,0XC7,0XF8,0XC7,0XF8,0XC7,0XF8,0XC7,0XF8,0XC7,
0XF8,0XC7,0XF8,0XC7,0XF8,0XC7,0XF8,0XC7,0XF8,0XC7,0XF8,0XC7,0XF8,0XC7,0XF8,0XC7,
0XF7,0XBF,0XF7,0XC7,0XF7,0XC7,0XF8,0XC7,0XF8,0XC7,0XF8,0XBF,0XF8,0XC7,0XD8,0XCF,
0X78,0XD7,0X37,0XDF,0X17,0XE7,0X17,0XE7,0XF7,0XEE,0XF7,0XEE,0XF7,0XEE,0X18,0XE7,
0X17,0XE7,0X17,0XE7,0X17,0XE7,0X57,0XDF,0XD8,0XCF,0XF8,0XC7,0XF8,0XC7,0XF8,0XC7,
0XF8,0XC7,0XF8,0XC7,0XF8,0XC7,0XF8,0XC7,0XF8,0XC7,0XF8,0XC7,0XF8,0XC7,0XF8,0XC7,
0XF8,0XC7,0XF8,0XC7,0XF8,0XC7,0XF8,0XC7,0XF8,0XC7,0XF8,0XC7,0XF8,0XC7,0XF8,0XC7,
0XF8,0XC7,0XF8,0XC7,0XF8,0XC7,0XF8,0XC7,0XF8,0XC7,0XF8,0XC7,0XF8,0XC7,0XF8,0XC7,
0XF8,0XC7,0XF8,0XC7,0XF8,0XC7,0XF8,0XC7,0XF8,0XC7,0XF8,0XC7,0XF8,0XC7,0XF8,0XC7,
0XF8,0XC7,0XF8,0XC7,0XF8,0XC7,0XF8,0XC7,0XF8,0XC7,0XF8,0XC7,0XF8,0XC7,0XF8,0XC7,
0XF8,0XC7,0XF8,0XC7,0XF8,0XC7,0XF8,0XC7,0XF8,0XC7,0XF8,0XC7,0XF8,0XC7,0XF8,0XC7,
0XF8,0XC7,0XF8,0XC7,0XF8,0XC7,0XF8,0XC7,0XF8,0XC7,0XF8,0XC7,0XF8,0XC7,0XF8,0XC7,
0XF7,0XC7,0XF7,0XC7,0XF7,0XC7,0XF7,0XC7,0XF8,0XC7,0XF8,0XC7,0XD8,0XC7,0XB7,0XCF,
0X57,0XDF,0XF7,0XE6,0XF7,0XE6,0X17,0XE7,0XF7,0XE6,0XF7,0XEE,0XF7,0XEE,0X17,0XE7,
0X17,0XE7,0XF7,0XEE,0XF7,0XEE,0X37,0XDF,0XD8,0XCF,0XF8,0XC7,0XF8,0XBF,0XF8,0XBF,
0XF8,0XC7,0XF8,0XC7,0XF8,0XC7,0XF8,0XC7,0XF8,0XC7,0XF8,0XC7,0XF8,0XC7,0XF8,0XC7,
0XF8,0XC7,0XF8,0XC7,0XF8,0XC7,0XF8,0XC7,0XF8,0XC7,0XF8,0XC7,0XF8,0XC7,0XF8,0XC7,
0XF8,0XC7,0XF8,0XC7,0XF8,0XC7,0XF8,0XC7,0XF8,0XC7,0XF8,0XC7,0XF8,0XC7,0XF8,0XC7,
0XF8,0XC7,0XF8,0XC7,0XF8,0XC7,0XF8,0XC7,0XF8,0XC7,0XF8,0XC7,0XF8,0XC7,0XF8,0XC7,
0XF8,0XC7,0XF8,0XC7,0XF8,0XC7,0XF8,0XC7,0XF8,0XC7,0XF8,0XC7,0XF8,0XC7,0XF8,0XC7,
0XF8,0XC7,0XF8,0XC7,0XF8,0XC7,0XF8,0XC7,0XF8,0XC7,0XF8,0XC7,0XF8,0XC7,0XF8,0XC7,
0XF8,0XC7,0XF8,0XC7,0XF8,0XC7,0XF8,0XC7,0XF8,0XC7,0XF8,0XC7,0XF8,0XBF,0XF8,0XC7,
0XF7,0XC7,0XF7,0XC7,0XF7,0XC7,0XF7,0XBF,0XF7,0XBF,0XF8,0XC7,0XB7,0XCF,0X57,0XD7,
0X17,0XDF,0XF7,0XE6,0XF7,0XE6,0XF7,0XE6,0XF7,0XE6,0XF7,0XEE,0XF7,0XE6,0XF7,0XE6,
0X17,0XE7,0XD7,0XEE,0XF7,0XEE,0X37,0XDF,0XD8,0XC7,0XF8,0XBF,0XF8,0XBF,0XF8,0XC7,
0XF8,0XC7,0XF8,0XC7,0XF8,0XC7,0XF8,0XBF,0XF8,0XBF,0XF8,0XC7,0XF8,0XC7,0XF8,0XC7,
0XF8,0XC7,0XF8,0XC7,0XF8,0XC7,0XF8,0XC7,0XF8,0XC7,0XF8,0XC7,0XF8,0XC7,0XF8,0XC7,
0XF8,0XC7,0XF8,0XC7,0XF8,0XC7,0XF8,0XC7,0XF8,0XC7,0XF8,0XC7,0XF8,0XC7,0XF8,0XC7,
0XF8,0XC7,0XF8,0XC7,0XF8,0XC7,0XF8,0XC7,0XF8,0XC7,0XF8,0XC7,0XF8,0XC7,0XF8,0XC7,
0XF8,0XC7,0XF8,0XC7,0XF8,0XC7,0XF8,0XC7,0XF8,0XC7,0XF8,0XC7,0XF8,0XC7,0XF8,0XC7,
0XF8,0XC7,0XF8,0XC7,0XF8,0XC7,0XF8,0XC7,0XF8,0XC7,0XF8,0XC7,0XF8,0XC7,0XF8,0XC7,
0XF8,0XC7,0XF8,0XBF,0XF8,0XBF,0XF8,0XBF,0XF8,0XBF,0XF8,0XBF,0XF8,0XBF,0XF8,0XBF,
0XF7,0XC7,0XF7,0XC7,0XF7,0XC7,0XF7,0XBF,0XF7,0XBF,0XF8,0XC7,0X97,0XD7,0X17,0XDF,
0XF7,0XE6,0XF7,0XE6,0X17,0XE7,0XF7,0XE6,0XF7,0XE6,0XD7,0XEE,0XF7,0XEE,0XF7,0XE6,
0X17,0XE7,0XF7,0XEE,0XF7,0XE6,0X37,0XDF,0XD8,0XC7,0XF8,0XC7,0XF8,0XC7,0XF8,0XC7,
0XF8,0XC7,0XF8,0XC7,0XF8,0XBF,0XF8,0XBF,0XF8,0XBF,0XF8,0XC7,0XF8,0XC7,0XF8,0XC7,
0XF8,0XC7,0XF8,0XC7,0XF8,0XC7,0XF8,0XC7,0XF8,0XC7,0XF8,0XC7,0XF8,0XC7,0XF8,0XC7,
0XF8,0XC7,0XF8,0XC7,0XF8,0XC7,0XF8,0XC7,0XF8,0XC7,0XF8,0XC7,0XF8,0XC7,0XF8,0XC7,
0XF8,0XC7,0XF8,0XC7,0XF8,0XC7,0XF8,0XC7,0XF8,0XC7,0XF8,0XC7,0XF8,0XC7,0XF8,0XC7,
0XF8,0XC7,0XF8,0XC7,0XF8,0XC7,0XF8,0XC7,0XF8,0XC7,0XF8,0XC7,0XF8,0XC7,0XF8,0XC7,
0XF8,0XC7,0XF8,0XC7,0XF8,0XC7,0XF8,0XC7,0XF8,0XC7,0XF8,0XBF,0XF8,0XBF,0XF8,0XBF,
0XF8,0XBF,0XF8,0XC7,0XF8,0XC7,0XF8,0XC7,0XF8,0XC7,0XF8,0XC7,0XF8,0XC7,0XF8,0XC7,
0XF8,0XC7,0XF8,0XC7,0XF8,0XC7,0XF8,0XBF,0XF8,0XC7,0XD8,0XCF,0X57,0XD7,0XF7,0XE6,
0XF7,0XEE,0XF7,0XE6,0XF7,0XE6,0XF7,0XE6,0XF7,0XE6,0XD7,0XEE,0XD7,0XE6,0XF7,0XE6,
0X17,0XE7,0XF7,0XE6,0XF7,0XE6,0X37,0XDF,0XD8,0XC7,0XF8,0XC7,0XF8,0XC7,0XF8,0XC7,
0XF8,0XC7,0XF8,0XC7,0XF8,0XBF,0XF8,0XBF,0XF8,0XBF,0XF8,0XC7,0XF8,0XC7,0XF8,0XC7,
0XF8,0XC7,0XF8,0XC7,0XF8,0XC7,0XF8,0XC7,0XF8,0XC7,0XF8,0XC7,0XF8,0XC7,0XF8,0XC7,
0XF8,0XC7,0XF8,0XC7,0XF8,0XC7,0XF8,0XC7,0XF8,0XC7,0XF8,0XC7,0XF8,0XC7,0XF8,0XC7,
0XF8,0XC7,0XF8,0XC7,0XF8,0XC7,0XF8,0XC7,0XF8,0XC7,0XF8,0XC7,0XF8,0XC7,0XF8,0XC7,
0XF8,0XC7,0XF8,0XC7,0XF8,0XC7,0XF8,0XC7,0XF8,0XC7,0XF8,0XC7,0XF8,0XC7,0XF8,0XC7,
0XF8,0XC7,0XF8,0XC7,0XF8,0XC7,0XF8,0XC7,0XF8,0XC7,0XF8,0XBF,0XF8,0XBF,0XF8,0XBF,
0XF8,0XBF,0XF8,0XC7,0XF8,0XC7,0XF8,0XC7,0XF8,0XC7,0XF8,0XC7,0XF8,0XC7,0XF8,0XC7,
0XF8,0XC7,0XF8,0XC7,0XF8,0XC7,0XF8,0XC7,0XF8,0XC7,0XB8,0XD7,0X37,0XD7,0XF7,0XE6,
0XD7,0XEE,0XD7,0XE6,0XF7,0XE6,0XF7,0XE6,0XF7,0XE6,0XD7,0XE6,0XF7,0XE6,0XF7,0XE6,
0XF7,0XE6,0XF7,0XE6,0XF7,0XE6,0X17,0XDF,0XB7,0XCF,0XF8,0XC7,0XF8,0XC7,0XF8,0XC7,
0XF8,0XC7,0XF8,0XC7,0XF8,0XC7,0XF8,0XC7,0XF8,0XC7,0XF8,0XC7,0XF8,0XC7,0XF8,0XC7,
0XF8,0XC7,0XF8,0XC7,0XF8,0XC7,0XF8,0XC7,0XF8,0XC7,0XF8,0XC7,0XF8,0XC7,0XF8,0XC7,
0XF8,0XC7,0XF8,0XC7,0XF8,0XC7,0XF8,0XC7,0XF8,0XC7,0XF8,0XC7,0XF8,0XC7,0XF8,0XC7,
0XF8,0XC7,0XF8,0XC7,0XF8,0XC7,0XF8,0XC7,0XF8,0XC7,0XF8,0XC7,0XF8,0XC7,0XF8,0XC7,
0XF8,0XC7,0XF8,0XC7,0XF8,0XC7,0XF8,0XC7,0XF8,0XC7,0XF8,0XC7,0XF8,0XC7,0XF8,0XC7,
0XF8,0XC7,0XF8,0XC7,0XF8,0XC7,0XF8,0XC7,0XF8,0XC7,0XF8,0XBF,0XF8,0XBF,0XF8,0XBF,
0XF8,0XBF,0XF8,0XC7,0XF8,0XC7,0XF8,0XC7,0XF8,0XC7,0XF7,0XC7,0XF7,0XC7,0XF7,0XC7,
0XF8,0XC7,0XF8,0XBF,0XF8,0XC7,0XF8,0XC7,0XD8,0XCF,0X77,0XD7,0X17,0XDF,0XD7,0XE6,
0XD7,0XEE,0XD7,0XE6,0XF7,0XE6,0XF7,0XE6,0XF7,0XE6,0XF7,0XE6,0XF7,0XE6,0XF7,0XE6,
0XF7,0XE6,0XD7,0XE6,0XD7,0XEE,0XF7,0XDE,0X77,0XD7,0XF8,0XC7,0XF8,0XC7,0XF8,0XC7,
0XF8,0XC7,0XF8,0XC7,0XF8,0XC7,0XF8,0XC7,0XF8,0XC7,0XF8,0XC7,0XF8,0XC7,0XF8,0XC7,
0XF8,0XC7,0XF8,0XC7,0XF8,0XC7,0XF8,0XC7,0XF8,0XC7,0XF8,0XC7,0XF8,0XC7,0XF8,0XC7,
0XF8,0XC7,0XF8,0XC7,0XF8,0XC7,0XF8,0XC7,0XF8,0XC7,0XF8,0XC7,0XF8,0XC7,0XF8,0XC7,
0XF8,0XC7,0XF8,0XC7,0XF8,0XC7,0XF8,0XC7,0XF8,0XC7,0XF8,0XC7,0XF8,0XC7,0XF8,0XC7,
0XF8,0XC7,0XF8,0XC7,0XF8,0XC7,0XF8,0XC7,0XF8,0XC7,0XF8,0XC7,0XF8,0XC7,0XF8,0XC7,
0XF8,0XC7,0XF8,0XC7,0XF8,0XC7,0XF8,0XC7,0XF8,0XC7,0XF8,0XC7,0XF8,0XBF,0XF8,0XBF,
0XF8,0XBF,0XF8,0XC7,0XF8,0XC7,0XF7,0XC7,0XF7,0XC7,0XF7,0XC7,0XF7,0XC7,0XF7,0XBF,
0XF8,0XBF,0XF8,0XBF,0XF8,0XC7,0XF8,0XC7,0XB8,0XD7,0X37,0XD7,0XF7,0XDE,0XD7,0XE6,
0XD7,0XE6,0XD7,0XE6,0XF7,0XE6,0XF7,0XE6,0XF7,0XE6,0XF7,0XE6,0XD7,0XE6,0XF7,0XE6,
0XF7,0XE6,0XD6,0XE6,0XD7,0XEE,0XF6,0XDE,0X57,0XD7,0XD8,0XCF,0XF8,0XC7,0XF8,0XBF,
0XF8,0XBF,0XF8,0XBF,0XF8,0XC7,0XF8,0XC7,0XF8,0XC7,0XF8,0XC7,0XF8,0XBF,0XF8,0XBF,
0XF8,0XC7,0XF8,0XC7,0XF8,0XC7,0XF8,0XC7,0XF8,0XC7,0XF8,0XC7,0XF8,0XC7,0XF8,0XC7,
0XF8,0XC7,0XF8,0XC7,0XF8,0XC7,0XF8,0XC7,0XF8,0XC7,0XF8,0XC7,0XF8,0XC7,0XF8,0XC7,
0XF8,0XC7,0XF8,0XC7,0XF8,0XC7,0XF8,0XC7,0XF8,0XC7,0XF8,0XC7,0XF8,0XC7,0XF8,0XC7,
0XF8,0XC7,0XF8,0XC7,0XF8,0XC7,0XF8,0XC7,0XF8,0XC7,0XF8,0XC7,0XF8,0XC7,0XF8,0XC7,
0XF8,0XC7,0XF8,0XC7,0XF8,0XC7,0XF8,0XC7,0XF8,0XC7,0XF7,0XC7,0XF7,0XC7,0XF7,0XC7,
0XF7,0XC7,0XF7,0XC7,0XF7,0XBF,0XF7,0XBF,0XF7,0XBF,0XF7,0XBF,0XF7,0XBF,0XF7,0XBF,
0XF7,0XBF,0XF7,0XBF,0XF8,0XC7,0XD7,0XC7,0XB8,0XD7,0X36,0XD7,0XF6,0XDE,0XF6,0XE6,
0XD6,0XE6,0XF6,0XE6,0XF6,0XE6,0XD6,0XE6,0XF6,0XE6,0XD6,0XE6,0XD6,0XE6,0XD6,0XE6,
0XD6,0XE6,0XD7,0XE6,0XD6,0XE6,0XD6,0XE6,0X37,0XD7,0XB7,0XCF,0XF8,0XC7,0XF8,0XC7,
0XF8,0XBF,0XF7,0XBF,0XF8,0XBF,0XF8,0XC7,0XF8,0XC7,0XF8,0XC7,0XF8,0XBF,0XF8,0XBF,
0XF8,0XBF,0XF8,0XC7,0XF8,0XC7,0XF8,0XC7,0XF8,0XC7,0XF8,0XC7,0XF8,0XC7,0XF8,0XC7,
0XF8,0XC7,0XF8,0XC7,0XF8,0XC7,0XF8,0XC7,0XF8,0XC7,0XF8,0XC7,0XF8,0XC7,0XF8,0XC7,
0XF8,0XC7,0XF8,0XC7,0XF8,0XC7,0XF8,0XC7,0XF8,0XC7,0XF8,0XC7,0XF8,0XC7,0XF8,0XC7,
0XF8,0XC7,0XF8,0XC7,0XF8,0XC7,0XF8,0XC7,0XF8,0XC7,0XF8,0XC7,0XF8,0XC7,0XF8,0XC7,
0XF8,0XC7,0XF8,0XC7,0XF8,0XC7,0XF8,0XC7,0XF8,0XC7,0XF7,0XC7,0XF7,0XC7,0XF7,0XC7,
0XF7,0XC7,0XF7,0XC7,0XF7,0XBF,0XF7,0XBF,0XF7,0XBF,0XF7,0XBF,0XF7,0XBF,0XF7,0XBF,
0XF7,0XBF,0XF7,0XBF,0XF8,0XC7,0XD7,0XC7,0X97,0XD7,0X16,0XD7,0XF6,0XDE,0XD6,0XE6,
0XD6,0XE6,0XD6,0XE6,0XD6,0XE6,0XD6,0XE6,0XF6,0XE6,0XD6,0XE6,0XD6,0XE6,0XD6,0XE6,
0XF6,0XE6,0XD6,0XE6,0XD6,0XE6,0XD6,0XE6,0XF6,0XDE,0X97,0XD7,0XD8,0XCF,0XF7,0XC7,
0XF8,0XBF,0XF8,0XBF,0XF8,0XBF,0XF8,0XBF,0XF8,0XC7,0XF8,0XBF,0XF8,0XBF,0XF8,0XBF,
0XF8,0XBF,0XF8,0XC7,0XF8,0XC7,0XF8,0XC7,0XF8,0XC7,0XF8,0XC7,0XF8,0XC7,0XF8,0XC7,
0XF8,0XC7,0XF8,0XC7,0XF8,0XC7,0XF8,0XC7,0XF8,0XC7,0XF8,0XC7,0XF8,0XC7,0XF8,0XC7,
0XF8,0XC7,0XF8,0XC7,0XF8,0XC7,0XF8,0XC7,0XF8,0XC7,0XF8,0XC7,0XF8,0XC7,0XF8,0XC7,
0XF8,0XC7,0XF8,0XC7,0XF8,0XC7,0XF8,0XC7,0XF8,0XC7,0XF8,0XC7,0XF8,0XC7,0XF8,0XC7,
0XF8,0XC7,0XF8,0XC7,0XF8,0XC7,0XF8,0XC7,0XF8,0XC7,0XF7,0XC7,0XF7,0XC7,0XF7,0XC7,
0XF7,0XC7,0XF8,0XC7,0XF8,0XC7,0XF8,0XC7,0XF8,0XC7,0XF8,0XC7,0XF8,0XC7,0XF8,0XC7,
0XD8,0XC7,0XD8,0XC7,0XF8,0XC7,0XD8,0XCF,0X77,0XD7,0XF6,0XDE,0XD6,0XDE,0XD6,0XE6,
0XD6,0XE6,0XD6,0XE6,0XD6,0XE6,0XD6,0XE6,0XD6,0XDE,0XD6,0XE6,0XD6,0XE6,0XD6,0XE6,
0XD6,0XE6,0XD6,0XE6,0XD6,0XE6,0XB6,0XE6,0XD6,0XDE,0X36,0XD7,0X97,0XCF,0XD7,0XCF,
0XF7,0XC7,0XF8,0XBF,0XF7,0XBF,0XF8,0XBF,0XF8,0XC7,0XF8,0XC7,0XF8,0XBF,0XF8,0XBF,
0XF8,0XBF,0XF8,0XC7,0XF8,0XC7,0XF8,0XC7,0XF8,0XC7,0XF8,0XC7,0XF8,0XC7,0XF8,0XC7,
0XF8,0XC7,0XF8,0XC7,0XF8,0XC7,0XF8,0XC7,0XF8,0XC7,0XF8,0XC7,0XF8,0XC7,0XF8,0XC7,
0XF8,0XC7,0XF8,0XC7,0XF8,0XC7,0XF8,0XC7,0XF8,0XC7,0XF8,0XC7,0XF8,0XC7,0XF8,0XC7,
0XF8,0XC7,0XF8,0XC7,0XF8,0XC7,0XF8,0XC7,0XF8,0XC7,0XF8,0XC7,0XF8,0XC7,0XF8,0XC7,
0XF8,0XC7,0XF8,0XC7,0XF8,0XC7,0XF8,0XC7,0XF8,0XC7,0XF8,0XC7,0XF8,0XC7,0XF8,0XC7,
0XF8,0XC7,0XF8,0XC7,0XF8,0XC7,0XD8,0XC7,0XD9,0XCF,0XD9,0XCF,0XD9,0XCF,0XB9,0XCF,
0XD9,0XCF,0XD8,0XC7,0XD9,0XC7,0XB8,0XCF,0X58,0XD7,0XD6,0XDE,0XD6,0XE6,0XD6,0XE6,
0XD6,0XDE,0XD6,0XE6,0XB6,0XE6,0XB6,0XE6,0XD6,0XDE,0XD6,0XE6,0XB6,0XE6,0XB6,0XE6,
0XD6,0XE6,0XD6,0XE6,0XD6,0XE6,0XB6,0XE6,0XD6,0XE6,0XF6,0XD6,0X77,0XD7,0XD8,0XD7,
0XF8,0XC7,0XF8,0XBF,0XF8,0XBF,0XF8,0XBF,0XF8,0XC7,0XF8,0XC7,0XF8,0XC7,0XF8,0XBF,
0XF8,0XC7,0XF8,0XC7,0XF8,0XC7,0XF8,0XC7,0XF8,0XC7,0XF8,0XC7,0XF8,0XC7,0XF8,0XC7,
0XF8,0XC7,0XF8,0XC7,0XF8,0XC7,0XF8,0XC7,0XF8,0XC7,0XF8,0XC7,0XF8,0XC7,0XF8,0XC7,
0XF8,0XC7,0XF8,0XC7,0XF8,0XC7,0XF8,0XC7,0XF8,0XC7,0XF8,0XC7,0XF8,0XC7,0XF8,0XC7,
0XF8,0XC7,0XF8,0XC7,0XF8,0XC7,0XF8,0XC7,0XF8,0XC7,0XF8,0XC7,0XF8,0XC7,0XF8,0XC7,
0XF8,0XC7,0XF8,0XC7,0XF8,0XC7,0XF8,0XC7,0XF8,0XC7,0XF8,0XC7,0XF8,0XC7,0XF8,0XC7,
0XF8,0XC7,0XF9,0XCF,0XD9,0XCF,0XD9,0XCF,0XD9,0XD7,0XDA,0XD7,0XBA,0XD7,0XBA,0XD7,
0XBA,0XD7,0XB9,0XCF,0XDA,0XCF,0XB9,0XD7,0X59,0XDF,0XF7,0XE6,0XD7,0XE6,0XB6,0XE6,
0XB6,0XDE,0XB6,0XE6,0XB6,0XE6,0XB6,0XE6,0XD6,0XE6,0XD6,0XE6,0XB6,0XE6,0XB6,0XE6,
0XD6,0XE6,0XD6,0XDE,0XB6,0XE6,0XB6,0XE6,0XB6,0XE6,0XD6,0XDE,0X16,0XD7,0X97,0XD7,
0XF8,0XCF,0XF7,0XBF,0XF8,0XBF,0XF8,0XBF,0XF8,0XC7,0XF8,0XC7,0XF8,0XC7,0XF8,0XC7,
0XF8,0XC7,0XF8,0XC7,0XF8,0XC7,0XF8,0XC7,0XF8,0XC7,0XF8,0XC7,0XF8,0XC7,0XF8,0XC7,
0XF8,0XC7,0XF8,0XC7,0XF8,0XC7,0XF8,0XC7,0XF8,0XC7,0XF8,0XC7,0XF8,0XC7,0XF8,0XC7,
0XF8,0XC7,0XF8,0XC7,0XF8,0XC7,0XF8,0XC7,0XF8,0XC7,0XF8,0XC7,0XF8,0XC7,0XF8,0XC7,
0XF8,0XC7,0XF8,0XC7,0XF8,0XBF,0XF8,0XBF,0XF8,0XBF,0XF8,0XC7,0XF8,0XC7,0XF8,0XC7,
0XF7,0XC7,0XF7,0XBF,0XF7,0XBF,0XF7,0XC7,0XF8,0XC7,0XD8,0XC7,0XB9,0XCF,0XBA,0XCF,
0XBA,0XD7,0XBB,0XD7,0XBB,0XDF,0XBB,0XDF,0XBB,0XDF,0XBB,0XDF,0XBB,0XE7,0XBB,0XE7,
0XBB,0XDF,0XBB,0XDF,0XBB,0XDF,0XBB,0XE7,0X9B,0XE7,0X5B,0XEF,0X3A,0XEF,0XF9,0XE6,
0XB7,0XDE,0XB7,0XDE,0XD7,0XDE,0XD6,0XE6,0XB6,0XE6,0XD6,0XE6,0XB6,0XE6,0XB6,0XE6,
0XB6,0XE6,0XB6,0XE6,0XB6,0XE6,0XB6,0XE6,0XB6,0XE6,0XB6,0XE6,0XD6,0XDE,0X16,0XD7,
0XB7,0XCF,0XF8,0XC7,0XF7,0XBF,0XF8,0XBF,0XF7,0XBF,0XF7,0XC7,0XF7,0XC7,0XF8,0XC7,
0XF8,0XBF,0XF8,0XBF,0XF8,0XBF,0XF8,0XBF,0XF8,0XC7,0XF8,0XC7,0XF8,0XC7,0XF8,0XBF,
0XF8,0XBF,0XF8,0XBF,0XF8,0XC7,0XF8,0XC7,0XF7,0XBF,0XF8,0XBF,0XF8,0XBF,0XF7,0XBF,
0XF8,0XC7,0XF8,0XC7,0XF8,0XC7,0XF8,0XC7,0XF8,0XC7,0XF8,0XC7,0XF8,0XC7,0XF8,0XC7,
0XF8,0XC7,0XF8,0XC7,0XF8,0XBF,0XF8,0XBF,0XF8,0XBF,0XF8,0XC7,0XF8,0XC7,0XF8,0XC7,
0XF7,0XBF,0XF8,0XBF,0XF8,0XC7,0XF8,0XC7,0XD8,0XC7,0XB9,0XD7,0XBA,0XD7,0XBB,0XDF,
0XBC,0XDF,0X9C,0XE7,0X9C,0XE7,0X9C,0XE7,0X9C,0XE7,0X9C,0XE7,0X9C,0XE7,0X9C,0XE7,
0X9C,0XE7,0X9C,0XE7,0X9C,0XE7,0X9C,0XE7,0X7C,0XE7,0X5C,0XE7,0X3B,0XEF,0X5B,0XEF,
0X3A,0XEF,0XF9,0XE6,0XD7,0XDE,0XB6,0XDE,0XB6,0XE6,0XB6,0XE6,0XB6,0XE6,0XB6,0XE6,
0XB6,0XE6,0XB6,0XE6,0XB6,0XE6,0XB6,0XDE,0XB6,0XDE,0XB6,0XE6,0XB6,0XE6,0XD6,0XD6,
0X36,0XD7,0XB7,0XCF,0XD8,0XC7,0XF7,0XC7,0XF7,0XBF,0XF8,0XBF,0XF8,0XC7,0XF8,0XC7,
0XF8,0XBF,0XF8,0XBF,0XF8,0XC7,0XF8,0XC7,0XF8,0XC7,0XF8,0XC7,0XF8,0XC7,0XF8,0XC7,
0XF8,0XC7,0XF8,0XBF,0XF8,0XC7,0XF7,0XC7,0XF7,0XBF,0XF7,0XBF,0XF7,0XBF,0XF8,0XC7,
0XF8,0XC7,0XF8,0XC7,0XF8,0XC7,0XF8,0XC7,0XF8,0XC7,0XF8,0XC7,0XF8,0XC7,0XF8,0XC7,
0XF8,0XC7,0XF8,0XC7,0XF8,0XC7,0XF8,0XC7,0XF8,0XC7,0XF7,0XC7,0XF7,0XBF,0XF8,0XBF,
0XF8,0XC7,0XF8,0XC7,0XD8,0XC7,0XD9,0XCF,0XDA,0XD7,0XBA,0XDF,0XBB,0XDF,0XBB,0XE7,
0X9C,0XE7,0X9C,0XE7,0X7C,0XE7,0X7C,0XE7,0X7C,0XE7,0X7C,0XE7,0X9C,0XE7,0X9C,0XE7,
0X9C,0XE7,0X9C,0XE7,0X9C,0XE7,0X9C,0XE7,0X7C,0XE7,0X5C,0XEF,0X5C,0XEF,0X3B,0XEF,
0X5B,0XEF,0X5A,0XEF,0X3A,0XEF,0XF8,0XE6,0XB6,0XDE,0XB6,0XDE,0XB6,0XE6,0XB6,0XE6,
0XB6,0XE6,0XB5,0XE6,0XB5,0XE6,0XB6,0XDE,0XB6,0XDE,0XB5,0XDE,0XD6,0XE6,0XD5,0XDE,
0XD5,0XD6,0X16,0XD7,0X97,0XD7,0XD8,0XCF,0XF7,0XC7,0XF7,0XBF,0XF7,0XBF,0XF7,0XC7,
0XF8,0XC7,0XF8,0XC7,0XF8,0XC7,0XF8,0XC7,0XF8,0XC7,0XF8,0XC7,0XF8,0XC7,0XF8,0XC7,
0XF8,0XC7,0XF8,0XC7,0XF8,0XC7,0XF8,0XC7,0XF8,0XC7,0XF8,0XC7,0XF7,0XC7,0XF7,0XC7,
0XF8,0XC7,0XF8,0XC7,0XF8,0XC7,0XF8,0XC7,0XF8,0XC7,0XF8,0XC7,0XF8,0XC7,0XF8,0XC7,
0XF8,0XC7,0XF8,0XC7,0XF7,0XC7,0XF7,0XC7,0XF7,0XC7,0XF7,0XBF,0XF7,0XBF,0XF8,0XBF,
0XF8,0XC7,0XD9,0XCF,0XB9,0XD7,0XBA,0XDF,0XBB,0XE7,0XBB,0XE7,0X9C,0XE7,0X9C,0XE7,
0X9C,0XE7,0X7C,0XE7,0X7C,0XE7,0X7C,0XEF,0X9C,0XE7,0X9C,0XE7,0X9C,0XE7,0X9C,0XE7,
0X9C,0XE7,0X9C,0XE7,0X9C,0XE7,0X9C,0XE7,0X7C,0XE7,0X3C,0XE7,0X5C,0XEF,0X5B,0XEF,
0X3B,0XEF,0X3B,0XEF,0X5B,0XEF,0X5A,0XEF,0X19,0XEF,0XD7,0XDE,0XB6,0XDE,0XB6,0XDE,
0XB6,0XDE,0XB6,0XE6,0XB5,0XE6,0XB5,0XE6,0XB6,0XE6,0XB5,0XDE,0XB5,0XDE,0XB6,0XE6,
0XB5,0XDE,0XB5,0XDE,0XF6,0XD6,0X77,0XD7,0XD8,0XCF,0XF8,0XC7,0XF7,0XC7,0XF8,0XC7,
0XF8,0XC7,0XF8,0XC7,0XF8,0XC7,0XF8,0XC7,0XF8,0XC7,0XF8,0XC7,0XF8,0XC7,0XF8,0XC7,
0XF8,0XC7,0XF8,0XC7,0XF8,0XC7,0XF8,0XBF,0XD7,0XBF,0XD7,0XC7,0XF8,0XC7,0XF8,0XC7,
0XF8,0XC7,0XF8,0XC7,0XF8,0XC7,0XF8,0XC7,0XF8,0XC7,0XF8,0XC7,0XF8,0XC7,0XF8,0XC7,
0XF8,0XC7,0XF8,0XC7,0XF7,0XC7,0XF7,0XC7,0XF7,0XC7,0XF7,0XBF,0XF8,0XBF,0XF8,0XBF,
0XD9,0XC7,0XDA,0XD7,0XBB,0XDF,0X9C,0XE7,0X9C,0XE7,0X9C,0XE7,0X9C,0XE7,0X9C,0XE7,
0X9C,0XE7,0X9C,0XEF,0X7C,0XEF,0X7C,0XE7,0X7C,0XE7,0X7C,0XE7,0X9C,0XE7,0X9C,0XE7,
0X9C,0XE7,0X9C,0XE7,0X9C,0XE7,0X9D,0XE7,0X7C,0XE7,0X5C,0XEF,0X5C,0XEF,0X3C,0XEF,
0X3B,0XEF,0X5B,0XEF,0X5B,0XEF,0X5B,0XEF,0X5B,0XEF,0X1A,0XEF,0XD8,0XE6,0XB6,0XDE,
0XB6,0XDE,0XB6,0XDE,0XB5,0XDE,0XB5,0XE6,0X95,0XE6,0XB5,0XE6,0X95,0XDE,0XB5,0XE6,
0XB5,0XE6,0XB5,0XDE,0XB5,0XDE,0XF6,0XD6,0X56,0XD7,0X97,0XD7,0XD7,0XCF,0XF8,0XC7,
0XF8,0XC7,0XF8,0XC7,0XF8,0XC7,0XF8,0XBF,0XF8,0XBF,0XF8,0XBF,0XF8,0XBF,0XF8,0XBF,
0XF8,0XC7,0XF8,0XC7,0XF7,0XC7,0XF7,0XC7,0XD7,0XCF,0XB7,0XCF,0XB7,0XCF,0XD7,0XC7,
0XF8,0XC7,0XF8,0XC7,0XF8,0XC7,0XF8,0XC7,0XF8,0XC7,0XF8,0XC7,0XF8,0XC7,0XF8,0XC7,
0XF8,0XC7,0XF8,0XC7,0XF7,0XC7,0XF7,0XC7,0XF7,0XC7,0XF8,0XBF,0XF8,0XBF,0XD9,0XC7,
0XDA,0XD7,0XBB,0XE7,0X9C,0XE7,0X7C,0XE7,0X7D,0XE7,0X9C,0XE7,0X9C,0XE7,0X7C,0XE7,
0X7C,0XE7,0X9C,0XE7,0X9C,0XE7,0X7C,0XE7,0X7C,0XE7,0X9C,0XE7,0X9C,0XE7,0X9C,0XE7,
0X7C,0XE7,0X9C,0XE7,0X9C,0XE7,0X9C,0XE7,0X7C,0XE7,0X5C,0XE7,0X3C,0XEF,0X3C,0XEF,
0X3C,0XEF,0X3C,0XEF,0X3C,0XEF,0X3C,0XEF,0X3B,0XEF,0X5B,0XF7,0X3A,0XEF,0XB7,0XDE,
0X96,0XDE,0X96,0XDE,0X95,0XDE,0X95,0XDE,0X95,0XE6,0XB5,0XE6,0X95,0XE6,0X95,0XE6,
0XB5,0XDE,0XB5,0XDE,0XB5,0XDE,0XB5,0XDE,0XB5,0XD6,0X16,0XD7,0X77,0XD7,0XB7,0XCF,
0XD7,0XCF,0XF8,0XC7,0XF8,0XC7,0XF8,0XC7,0XF8,0XBF,0XF7,0XBF,0XF8,0XBF,0XF8,0XC7,
0XF8,0XC7,0XF8,0XC7,0XD7,0XCF,0XB7,0XCF,0X56,0XD7,0X16,0XCF,0X36,0XCF,0XB7,0XCF,
0XF8,0XC7,0XF8,0XC7,0XF8,0XC7,0XF8,0XC7,0XF8,0XC7,0XF8,0XC7,0XF8,0XC7,0XF8,0XC7,
0XF8,0XC7,0XF8,0XC7,0XF7,0XC7,0XF7,0XC7,0XF8,0XBF,0XF8,0XC7,0XD9,0XC7,0XD9,0XD7,
0XBB,0XE7,0X7B,0XE7,0X7C,0XEF,0X7D,0XE7,0X7D,0XE7,0X9D,0XE7,0X9C,0XE7,0X9C,0XE7,
0X9C,0XE7,0X9C,0XE7,0X9C,0XE7,0X9C,0XE7,0X9C,0XE7,0X9C,0XE7,0X9C,0XE7,0X9C,0XE7,
0X9C,0XE7,0X9C,0XE7,0X9C,0XE7,0X9C,0XE7,0X7C,0XE7,0X5C,0XE7,0X5C,0XEF,0X5C,0XEF,
0X3C,0XEF,0X5C,0XEF,0X5C,0XEF,0X3C,0XEF,0X3C,0XEF,0X5C,0XEF,0X5B,0XEF,0X3A,0XEF,
0XD8,0XE6,0X96,0XDE,0X96,0XDE,0X95,0XDE,0X95,0XDE,0X95,0XE6,0X95,0XE6,0X95,0XDE,
0X95,0XDE,0XB5,0XDE,0X95,0XDE,0X95,0XDE,0XB5,0XDE,0XB5,0XD6,0XB5,0XD6,0XF6,0XD6,
0X56,0XCF,0X77,0XCF,0XB7,0XCF,0XD7,0XCF,0XD8,0XCF,0XD8,0XCF,0XD8,0XCF,0XB7,0XCF,
0X97,0XCF,0X76,0XCF,0X36,0XCF,0XF6,0XD6,0XB5,0XDE,0XB5,0XDE,0XD5,0XD6,0X77,0XD7,
0XF8,0XC7,0XF8,0XC7,0XF8,0XC7,0XF8,0XC7,0XF8,0XC7,0XF8,0XC7,0XF8,0XC7,0XF8,0XC7,
0XF8,0XC7,0XF8,0XC7,0XF7,0XBF,0XF8,0XBF,0XF8,0XC7,0XD9,0XC7,0XBA,0XD7,0XBB,0XDF,
0X7C,0XE7,0X7C,0XEF,0X7C,0XEF,0X7D,0XE7,0X9D,0XE7,0X9C,0XE7,0X9C,0XE7,0X9C,0XE7,
0X9C,0XE7,0X9C,0XE7,0X9C,0XE7,0X9C,0XE7,0X9C,0XE7,0X9C,0XE7,0X9C,0XE7,0X9C,0XE7,
0X9C,0XE7,0X9C,0XE7,0X9C,0XE7,0X9C,0XE7,0X7C,0XE7,0X5C,0XE7,0X5C,0XEF,0X3C,0XEF,
0X3C,0XEF,0X3C,0XEF,0X5C,0XEF,0X5C,0XEF,0X3C,0XEF,0X3C,0XEF,0X5C,0XEF,0X5B,0XEF,
0X3A,0XEF,0XB7,0XDE,0X96,0XDE,0X96,0XDE,0X95,0XDE,0X95,0XDE,0X95,0XDE,0X95,0XE6,
0X95,0XE6,0X95,0XE6,0X95,0XDE,0X95,0XDE,0XB5,0XDE,0X95,0XDE,0X95,0XDE,0X95,0XDE,
0X95,0XDE,0XB5,0XDE,0XB5,0XDE,0XB5,0XDE,0XB5,0XDE,0XB5,0XD6,0XB5,0XD6,0XB5,0XDE,
0XB5,0XDE,0XB5,0XDE,0X95,0XDE,0XB5,0XDE,0X95,0XE6,0X95,0XDE,0XF5,0XD6,0XB7,0XD7,
0XF8,0XC7,0XF8,0XC7,0XF8,0XC7,0XF8,0XC7,0XF8,0XC7,0XF8,0XC7,0XF8,0XC7,0XF8,0XC7,
0XF8,0XC7,0XF8,0XC7,0XF8,0XC7,0XF8,0XC7,0XD8,0XC7,0XDA,0XD7,0XBB,0XDF,0X9C,0XE7,
0X9C,0XEF,0X7C,0XEF,0X9C,0XE7,0X9C,0XE7,0X9C,0XE7,0X9C,0XE7,0X9C,0XE7,0X9C,0XE7,
0X9C,0XE7,0X9C,0XE7,0X9C,0XE7,0X9C,0XE7,0X9C,0XE7,0X9C,0XE7,0X9C,0XE7,0X9C,0XE7,
0X9C,0XE7,0X9C,0XE7,0X9C,0XE7,0X9C,0XE7,0X9C,0XE7,0X7C,0XE7,0X5C,0XEF,0X3C,0XEF,
0X3C,0XEF,0X3C,0XEF,0X3C,0XEF,0X5C,0XEF,0X5C,0XEF,0X3C,0XEF,0X3C,0XEF,0X3B,0XEF,
0X3B,0XEF,0X19,0XEF,0X97,0XDE,0X95,0XDE,0X95,0XDE,0X95,0XDE,0XB5,0XDE,0X95,0XE6,
0X95,0XE6,0X95,0XE6,0X95,0XDE,0X95,0XDE,0X95,0XDE,0X95,0XDE,0X95,0XE6,0X75,0XE6,
0X95,0XE6,0X95,0XE6,0X95,0XE6,0X95,0XE6,0X95,0XDE,0X95,0XDE,0X95,0XDE,0X95,0XE6,
0X95,0XE6,0X95,0XE6,0X95,0XE6,0XB5,0XE6,0X95,0XE6,0XB5,0XDE,0X36,0XCF,0XF8,0XCF,
0XF8,0XC7,0XF8,0XC7,0XF8,0XC7,0XF8,0XC7,0XF8,0XC7,0XF8,0XC7,0XF8,0XC7,0XF8,0XC7,
0XF8,0XC7,0XF8,0XC7,0XF8,0XC7,0XF8,0XC7,0XD9,0XCF,0XBA,0XDF,0XBC,0XE7,0X9C,0XE7,
0X7C,0XE7,0X7C,0XE7,0X9C,0XE7,0X9C,0XE7,0X9C,0XE7,0X9C,0XE7,0X9C,0XE7,0X9C,0XE7,
0X9C,0XE7,0X9C,0XE7,0X9C,0XE7,0X9C,0XE7,0X9C,0XE7,0X9C,0XE7,0X9C,0XE7,0X9C,0XE7,
0X7C,0XE7,0X9C,0XE7,0X9C,0XE7,0X9C,0XE7,0X9C,0XE7,0X7C,0XE7,0X5C,0XEF,0X3B,0XE7,
0X3C,0XEF,0X3C,0XEF,0X3B,0XEF,0X5B,0XEF,0X5B,0XEF,0X5C,0XEF,0X3C,0XEF,0X3C,0XEF,
0X3B,0XEF,0X5B,0XEF,0XF8,0XE6,0X96,0XDE,0X95,0XDE,0X95,0XDE,0X95,0XDE,0X95,0XDE,
0X95,0XDE,0X95,0XDE,0X95,0XDE,0X95,0XDE,0X95,0XDE,0X75,0XDE,0X75,0XDE,0X95,0XE6,
0X95,0XDE,0X95,0XDE,0X95,0XDE,0X75,0XDE,0X75,0XDE,0X75,0XDE,0X75,0XDE,0X95,0XDE,
0X95,0XDE,0X95,0XDE,0X95,0XDE,0X75,0XDE,0X95,0XDE,0XB5,0XD6,0X77,0XCF,0XF8,0XC7,
0XF8,0XC7,0XF8,0XC7,0XF8,0XC7,0XF8,0XC7,0XF8,0XC7,0XF8,0XC7,0XF8,0XC7,0XF8,0XC7,
0XF8,0XC7,0XF7,0XC7,0XF8,0XC7,0XD8,0XCF,0XD9,0XD7,0XBB,0XDF,0X9C,0XE7,0X9C,0XE7,
0X9D,0XE7,0X9C,0XE7,0X9C,0XE7,0X9C,0XE7,0X9B,0XE7,0X9C,0XE7,0X9C,0XE7,0X9C,0XE7,
0X9C,0XE7,0X9C,0XE7,0X9C,0XE7,0X9C,0XE7,0X9C,0XE7,0X7C,0XE7,0X7C,0XE7,0X7C,0XE7,
0X7C,0XE7,0X9C,0XE7,0X9C,0XE7,0X9C,0XE7,0X9C,0XE7,0X9C,0XEF,0X7C,0XE7,0X5B,0XEF,
0X5C,0XEF,0X5C,0XEF,0X5B,0XEF,0X5B,0XEF,0X3B,0XE7,0X3C,0XEF,0X3C,0XEF,0X3C,0XEF,
0X3C,0XEF,0X3B,0XEF,0X3A,0XEF,0XB7,0XDE,0X75,0XDE,0X95,0XDE,0X95,0XDE,0X95,0XDE,
0X95,0XDE,0X95,0XDE,0X75,0XDE,0X75,0XE6,0X75,0XE6,0X75,0XE6,0X95,0XDE,0X95,0XDE,
0X95,0XDE,0X95,0XDE,0X75,0XDE,0X75,0XE6,0X75,0XE6,0X75,0XE6,0X75,0XDE,0X75,0XDE,
0X95,0XDE,0X95,0XDE,0X95,0XDE,0X75,0XDE,0X95,0XDE,0XF6,0XD6,0XB8,0XD7,0XF7,0XBF,
0XF8,0XC7,0XF8,0XC7,0XF7,0XC7,0XF7,0XBF,0XF8,0XBF,0XF8,0XC7,0XF8,0XC7,0XF8,0XC7,
0XF8,0XC7,0XF7,0XC7,0XD8,0XC7,0XBA,0XD7,0XBB,0XDF,0X9B,0XDF,0X9C,0XE7,0X7C,0XE7,
0X7C,0XE7,0X7C,0XE7,0X7C,0XE7,0X9C,0XE7,0X9C,0XE7,0X9C,0XE7,0X9C,0XE7,0X9C,0XE7,
0X9C,0XE7,0X9C,0XE7,0X9C,0XE7,0X9C,0XE7,0X9C,0XE7,0X9C,0XE7,0X9C,0XE7,0X9C,0XE7,
0X9C,0XE7,0X9C,0XE7,0X9C,0XE7,0X9C,0XE7,0X9C,0XE7,0X7C,0XE7,0X7C,0XE7,0X5C,0XE7,
0X3B,0XEF,0X3C,0XEF,0X3C,0XEF,0X3C,0XEF,0X3C,0XEF,0X3C,0XEF,0X3C,0XEF,0X3C,0XEF,
0X5C,0XEF,0X3B,0XEF,0X5B,0XEF,0XF9,0XE6,0X97,0XD6,0X97,0XDE,0X96,0XDE,0XB6,0XDE,
0XB6,0XDE,0X96,0XDE,0X96,0XDE,0X96,0XDE,0X75,0XDE,0X75,0XDE,0X94,0XDE,0X94,0XDE,
0X95,0XD6,0X95,0XDE,0X75,0XE6,0X74,0XE6,0X75,0XE6,0X75,0XE6,0X75,0XDE,0X95,0XDE,
0X95,0XDE,0X95,0XDE,0X75,0XDE,0X95,0XDE,0XB5,0XD6,0X77,0XD7,0XD8,0XCF,0XF8,0XC7,
0XF8,0XC7,0XF8,0XC7,0XF7,0XC7,0XF7,0XBF,0XF8,0XBF,0XF8,0XC7,0XF8,0XC7,0XF8,0XC7,
0XF7,0XC7,0XF7,0XC7,0XD8,0XCF,0XBB,0XDF,0XBB,0XDF,0X9C,0XE7,0X9C,0XE7,0X9C,0XE7,
0X7C,0XE7,0X7C,0XE7,0X7C,0XE7,0X9C,0XE7,0X9C,0XE7,0X9C,0XE7,0X9C,0XE7,0X9C,0XE7,
0X9C,0XE7,0X9C,0XE7,0X9C,0XE7,0X9C,0XE7,0X9C,0XE7,0X9C,0XE7,0X9C,0XE7,0X9C,0XE7,
0X7C,0XE7,0X9C,0XE7,0X9C,0XE7,0X9C,0XE7,0X9C,0XE7,0X9C,0XE7,0X9C,0XE7,0X7C,0XEF,
0X5C,0XEF,0X5C,0XEF,0X3C,0XEF,0X3C,0XEF,0X3C,0XEF,0X3C,0XEF,0X3C,0XEF,0X3C,0XEF,
0X5C,0XEF,0X3B,0XEF,0X5B,0XEF,0X3B,0XEF,0X1A,0XE7,0X3A,0XEF,0X3A,0XEF,0X3A,0XEF,
0X3A,0XEF,0X1A,0XEF,0X1A,0XEF,0X19,0XEF,0XF8,0XEE,0XB7,0XDE,0X76,0XDE,0X75,0XD6,
0X95,0XDE,0X95,0XDE,0X74,0XDE,0X54,0XDE,0X74,0XE6,0X75,0XDE,0X75,0XDE,0X95,0XDE,
0X95,0XDE,0X74,0XDE,0X74,0XDE,0X94,0XD6,0X16,0XD7,0XB7,0XCF,0XF8,0XC7,0XF8,0XC7,
0XF8,0XC7,0XF8,0XC7,0XF8,0XC7,0XF7,0XBF,0XF8,0XBF,0XF8,0XC7,0XF8,0XC7,0XF8,0XC7,
0XF8,0XC7,0XF7,0XC7,0XD9,0XCF,0XBB,0XDF,0XBC,0XE7,0X9C,0XE7,0X9C,0XE7,0X9C,0XE7,
0X9D,0XE7,0X9D,0XE7,0X9D,0XE7,0X9C,0XE7,0X9C,0XE7,0X9C,0XE7,0X9C,0XE7,0X9C,0XE7,
0X9C,0XE7,0X9C,0XE7,0X9C,0XE7,0X9C,0XE7,0X9C,0XE7,0X9C,0XE7,0X9C,0XE7,0X9C,0XE7,
0X9C,0XE7,0X9C,0XE7,0X9C,0XE7,0X9C,0XE7,0X9C,0XE7,0X9C,0XE7,0X9C,0XE7,0X7C,0XEF,
0X7C,0XEF,0X5C,0XE7,0X3C,0XEF,0X3C,0XEF,0X3C,0XEF,0X3C,0XEF,0X3C,0XEF,0X3C,0XEF,
0X5C,0XEF,0X3B,0XEF,0X3B,0XEF,0X5B,0XEF,0X3B,0XEF,0X3B,0XEF,0X3B,0XEF,0X3C,0XEF,
0X3C,0XEF,0X3C,0XEF,0X3C,0XEF,0X3B,0XEF,0X3B,0XEF,0X5B,0XEF,0X1A,0XEF,0XB8,0XDE,
0X76,0XDE,0X75,0XDE,0X75,0XDE,0X95,0XDE,0X74,0XDE,0X75,0XDE,0X75,0XDE,0X75,0XDE,
0X75,0XDE,0X75,0XE6,0X95,0XDE,0XD5,0XCE,0X77,0XD7,0XD8,0XCF,0XF7,0XC7,0XF8,0XBF,
0XF8,0XC7,0XF8,0XC7,0XF8,0XC7,0XF8,0XBF,0XF8,0XBF,0XF7,0XC7,0XF8,0XC7,0XF8,0XC7,
0XF8,0XC7,0XF8,0XC7,0XD9,0XD7,0XBC,0XE7,0X9C,0XE7,0X9C,0XE7,0X9D,0XE7,0X7C,0XE7,
0X7D,0XEF,0X9D,0XE7,0X9D,0XE7,0X9C,0XE7,0X9C,0XE7,0X9C,0XE7,0X9C,0XE7,0X9C,0XE7,
0X9C,0XE7,0X9C,0XE7,0X9C,0XE7,0X9C,0XE7,0X9C,0XE7,0X9C,0XE7,0X9C,0XE7,0X9C,0XE7,
0X9C,0XE7,0X9C,0XE7,0X9C,0XE7,0X9C,0XE7,0X9C,0XE7,0X9C,0XE7,0X9C,0XE7,0X7C,0XE7,
0X7C,0XEF,0X7C,0XE7,0X3C,0XE7,0X3C,0XEF,0X3C,0XEF,0X3C,0XEF,0X3C,0XEF,0X3C,0XEF,
0X5C,0XEF,0X3B,0XEF,0X3B,0XEF,0X5B,0XEF,0X3B,0XEF,0X3C,0XEF,0X3C,0XEF,0X3C,0XEF,
0X3C,0XEF,0X3C,0XEF,0X3C,0XEF,0X3C,0XEF,0X3C,0XEF,0X3C,0XEF,0X3B,0XEF,0X3B,0XEF,
0XF9,0XEE,0X97,0XDE,0X75,0XD6,0X75,0XDE,0X74,0XDE,0X74,0XDE,0X54,0XDE,0X55,0XDE,
0X75,0XDE,0X54,0XDE,0X94,0XD6,0X77,0XD7,0XD8,0XCF,0XF8,0XC7,0XF8,0XC7,0XF8,0XBF,
0XF8,0XC7,0XF8,0XC7,0XF8,0XC7,0XF8,0XC7,0XF8,0XBF,0XF7,0XBF,0XF7,0XC7,0XF8,0XC7,
0XF8,0XC7,0XF8,0XCF,0XDA,0XD7,0X9C,0XE7,0X9C,0XE7,0X7C,0XE7,0X9D,0XEF,0X7C,0XE7,
0X7D,0XEF,0X9D,0XE7,0X9D,0XE7,0X9C,0XE7,0X9C,0XE7,0X9C,0XE7,0X9C,0XE7,0X9C,0XE7,
0X9C,0XE7,0X9C,0XE7,0X9C,0XE7,0X9C,0XE7,0X9C,0XE7,0X9C,0XE7,0X9C,0XE7,0X9C,0XE7,
0X7C,0XEF,0X7C,0XEF,0X9C,0XE7,0X9C,0XE7,0X9C,0XE7,0X9C,0XE7,0X9C,0XE7,0X9C,0XE7,
0X7C,0XEF,0X7C,0XE7,0X5C,0XEF,0X3B,0XEF,0X3B,0XEF,0X3B,0XEF,0X3C,0XEF,0X3C,0XEF,
0X3B,0XEF,0X3C,0XEF,0X3B,0XEF,0X3C,0XEF,0X3B,0XEF,0X5C,0XEF,0X5C,0XE7,0X5C,0XE7,
0X5C,0XE7,0X3C,0XEF,0X3C,0XE7,0X3C,0XE7,0X5C,0XEF,0X5C,0XEF,0X5B,0XEF,0X5B,0XEF,
0X3B,0XF7,0X1A,0XEF,0XD7,0XDE,0X75,0XD6,0X75,0XD6,0X74,0XDE,0X54,0XDE,0X74,0XDE,
0X74,0XD6,0X94,0XD6,0X36,0XD7,0XB7,0XCF,0XF8,0XC7,0XF7,0XC7,0XF8,0XBF,0XF7,0XBF,
0XF7,0XBF,0XF8,0XC7,0XF8,0XC7,0XF8,0XC7,0XF8,0XBF,0XF7,0XBF,0XF7,0XBF,0XF8,0XC7,
0XD8,0XC7,0XD9,0XCF,0XDB,0XDF,0X9C,0XE7,0X7D,0XE7,0X7D,0XEF,0X7D,0XEF,0X7D,0XEF,
0X7D,0XEF,0X9C,0XE7,0X9C,0XE7,0X9C,0XE7,0X9C,0XE7,0X9C,0XE7,0X9C,0XE7,0X9C,0XE7,
0X9C,0XE7,0X9C,0XE7,0X9C,0XE7,0X9C,0XE7,0X9C,0XE7,0X9C,0XE7,0X9C,0XE7,0X9C,0XE7,
0X7C,0XEF,0X7C,0XEF,0X7C,0XE7,0X9C,0XE7,0X9C,0XE7,0X9C,0XE7,0X9C,0XE7,0X9C,0XE7,
0X9C,0XE7,0X9C,0XE7,0X7C,0XEF,0X5C,0XEF,0X3C,0XEF,0X3B,0XEF,0X3B,0XEF,0X3C,0XEF,
0X3C,0XEF,0X3C,0XEF,0X3B,0XEF,0X3C,0XEF,0X3C,0XEF,0X5B,0XEF,0X5B,0XEF,0X5B,0XEF,
0X5B,0XEF,0X3B,0XEF,0X5B,0XEF,0X5B,0XEF,0X3B,0XEF,0X5B,0XEF,0X5B,0XEF,0X3B,0XEF,
0X3B,0XEF,0X3B,0XEF,0X3A,0XEF,0XD7,0XE6,0X55,0XD6,0X54,0XDE,0X74,0XDE,0X74,0XD6,
0XB4,0XCE,0X36,0XCF,0XB7,0XCF,0XF7,0XC7,0XF8,0XC7,0XF8,0XBF,0XF8,0XBF,0XF7,0XBF,
0XF7,0XBF,0XF7,0XC7,0XF8,0XC7,0XF8,0XC7,0XF8,0XC7,0XF7,0XBF,0XF7,0XBF,0XF8,0XC7,
0XD8,0XC7,0XDA,0XCF,0XBB,0XDF,0X9C,0XE7,0X7D,0XEF,0X7D,0XEF,0X7D,0XEF,0X7D,0XEF,
0X7D,0XEF,0X9C,0XE7,0X9C,0XE7,0X9C,0XE7,0X9C,0XE7,0X9C,0XE7,0X9C,0XE7,0X9C,0XE7,
0X9C,0XE7,0X9C,0XE7,0X9C,0XE7,0X9C,0XE7,0X9C,0XE7,0X9C,0XE7,0X9C,0XE7,0X9C,0XE7,
0X7C,0XEF,0X7C,0XEF,0X7C,0XE7,0X9C,0XE7,0X9C,0XE7,0X9C,0XE7,0X9C,0XE7,0X9C,0XE7,
0X9C,0XE7,0X9C,0XE7,0X7C,0XEF,0X7C,0XEF,0X5C,0XEF,0X5C,0XE7,0X5C,0XEF,0X3C,0XEF,
0X5C,0XEF,0X3C,0XEF,0X3C,0XEF,0X3C,0XEF,0X3C,0XEF,0X3B,0XEF,0X5B,0XEF,0X3B,0XEF,
0X3B,0XEF,0X3B,0XEF,0X3B,0XEF,0X3B,0XEF,0X3B,0XEF,0X3B,0XEF,0X3B,0XEF,0X5B,0XEF,
0X5B,0XEF,0X3B,0XEF,0X3B,0XEF,0X3A,0XEF,0XB7,0XE6,0X75,0XDE,0X74,0XD6,0XB4,0XCE,
0X36,0XCF,0XD7,0XCF,0XF8,0XC7,0XF8,0XBF,0XF8,0XBF,0XF8,0XBF,0XF8,0XBF,0XF8,0XBF,
0XF7,0XBF,0XF7,0XC7,0XF8,0XC7,0XF8,0XC7,0XF8,0XC7,0XF7,0XBF,0XF7,0XBF,0XF8,0XC7,
0XD9,0XCF,0XBA,0XD7,0XBB,0XDF,0X9C,0XE7,0X7D,0XEF,0X7D,0XEF,0X7D,0XEF,0X7D,0XEF,
0X7C,0XEF,0X7C,0XEF,0X7C,0XE7,0X9C,0XE7,0X9C,0XE7,0X9C,0XE7,0X9C,0XE7,0X9C,0XE7,
0X9C,0XE7,0X9C,0XE7,0X9C,0XE7,0X9C,0XE7,0X9C,0XE7,0X9C,0XE7,0X9C,0XE7,0X9C,0XE7,
0X7C,0XEF,0X7C,0XEF,0X7C,0XE7,0X9C,0XE7,0X9C,0XE7,0X9C,0XE7,0X9C,0XE7,0X9C,0XE7,
0X9C,0XE7,0X9C,0XE7,0X9C,0XE7,0X7C,0XEF,0X7C,0XEF,0X7C,0XE7,0X5C,0XEF,0X5C,0XEF,
0X5C,0XEF,0X3C,0XEF,0X3C,0XEF,0X3C,0XEF,0X3C,0XEF,0X3C,0XEF,0X3C,0XEF,0X3C,0XEF,
0X3C,0XEF,0X3C,0XEF,0X3C,0XEF,0X3C,0XEF,0X3C,0XEF,0X3C,0XEF,0X3C,0XEF,0X3C,0XEF,
0X5C,0XEF,0X5C,0XEF,0X3B,0XEF,0X3B,0XF7,0X1A,0XEF,0X96,0XD6,0XB5,0XCE,0X57,0XD7,
0XD8,0XCF,0XF7,0XBF,0XF7,0XBF,0XF8,0XBF,0XF8,0XBF,0XF8,0XBF,0XF8,0XBF,0XF8,0XBF,
0XF7,0XBF,0XF7,0XC7,0XF8,0XC7,0XF8,0XC7,0XF8,0XC7,0XF7,0XBF,0XF7,0XBF,0XF8,0XC7,
0XD9,0XCF,0XBA,0XD7,0XBC,0XE7,0X9C,0XE7,0X9C,0XE7,0X9C,0XE7,0X9C,0XE7,0X9C,0XE7,
0X9C,0XE7,0X9C,0XE7,0X9C,0XE7,0X7C,0XEF,0X7C,0XEF,0X9C,0XE7,0X9C,0XE7,0X9C,0XE7,
0X9C,0XE7,0X9C,0XE7,0X9C,0XE7,0X9C,0XE7,0X9C,0XE7,0X9C,0XE7,0X9C,0XE7,0X9C,0XE7,
0X9C,0XE7,0X9C,0XE7,0X9C,0XE7,0X9C,0XE7,0X9C,0XE7,0X9C,0XE7,0X9C,0XE7,0X9C,0XE7,
0X9C,0XE7,0X9C,0XE7,0X9C,0XE7,0X9C,0XE7,0X9C,0XE7,0X9C,0XE7,0X7C,0XEF,0X5C,0XEF,
0X5B,0XEF,0X5B,0XEF,0X3C,0XEF,0X3C,0XEF,0X3C,0XEF,0X3C,0XEF,0X3C,0XEF,0X3C,0XEF,
0X3C,0XEF,0X3C,0XEF,0X3C,0XEF,0X3C,0XEF,0X3C,0XEF,0X3C,0XEF,0X3C,0XEF,0X3C,0XEF,
0X5C,0XEF,0X3C,0XEF,0X3C,0XEF,0X1B,0XEF,0X5B,0XEF,0X5A,0XE7,0X98,0XD7,0XB8,0XCF,
0XD7,0XC7,0XF7,0XBF,0XF8,0XBF,0XF8,0XBF,0XF8,0XBF,0XF8,0XC7,0XF8,0XC7,0XF8,0XC7,
0XF7,0XBF,0XF7,0XC7,0XF8,0XC7,0XF8,0XC7,0XF8,0XC7,0XF7,0XBF,0XF7,0XBF,0XF8,0XC7,
0XD9,0XCF,0XBB,0XDF,0X9C,0XE7,0X9C,0XE7,0X9C,0XE7,0X9C,0XE7,0X9C,0XE7,0X9C,0XE7,
0X9C,0XE7,0X9C,0XE7,0X9C,0XE7,0X7C,0XEF,0X7D,0XEF,0X7C,0XEF,0X7C,0XE7,0X7C,0XE7,
0X7C,0XE7,0X7C,0XE7,0X7C,0XE7,0X7C,0XE7,0X7C,0XE7,0X7C,0XE7,0X7C,0XE7,0X9C,0XE7,
0X9C,0XE7,0X9C,0XE7,0X9C,0XE7,0X9C,0XE7,0X9C,0XE7,0X9C,0XE7,0X9C,0XE7,0X9C,0XE7,
0X9C,0XE7,0X9C,0XE7,0X9C,0XE7,0X9D,0XE7,0X9D,0XE7,0X9C,0XE7,0X7C,0XEF,0X7C,0XEF,
0X5C,0XEF,0X5C,0XEF,0X5C,0XEF,0X3C,0XEF,0X3C,0XEF,0X3C,0XEF,0X3C,0XEF,0X3C,0XEF,
0X5C,0XEF,0X5C,0XEF,0X5C,0XEF,0X5C,0XEF,0X5C,0XEF,0X5C,0XEF,0X5C,0XEF,0X5C,0XEF,
0X5C,0XEF,0X3C,0XEF,0X3C,0XEF,0X5D,0XEF,0X7C,0XE7,0X9B,0XDF,0XB9,0XD7,0XD8,0XC7,
0XF8,0XC7,0XF8,0XC7,0XF7,0XC7,0XF8,0XC7,0XF8,0XC7,0XF8,0XC7,0XF8,0XC7,0XF8,0XC7,
0XF7,0XBF,0XF7,0XC7,0XF8,0XC7,0XF8,0XC7,0XF8,0XC7,0XF7,0XBF,0XF8,0XC7,0XD8,0XCF,
0XBA,0XD7,0XBB,0XDF,0X9C,0XE7,0X9C,0XE7,0X9C,0XE7,0X9C,0XE7,0X9C,0XE7,0X9C,0XE7,
0X9C,0XE7,0X9C,0XE7,0X9C,0XE7,0X7C,0XE7,0X7D,0XE7,0X7C,0XE7,0X7C,0XE7,0X7C,0XE7,
0X7C,0XE7,0X7C,0XE7,0X7C,0XE7,0X7C,0XE7,0X7C,0XE7,0X7C,0XE7,0X7C,0XE7,0X9C,0XE7,
0X9C,0XE7,0X9C,0XE7,0X9C,0XE7,0X9C,0XE7,0X9C,0XE7,0X9C,0XE7,0X9C,0XE7,0X9C,0XE7,
0X9C,0XE7,0X9C,0XE7,0X9C,0XE7,0X9D,0XE7,0X9D,0XE7,0X9C,0XE7,0X9C,0XE7,0X7C,0XEF,
0X7C,0XEF,0X7C,0XEF,0X5C,0XEF,0X5C,0XE7,0X5C,0XE7,0X5C,0XEF,0X5C,0XE7,0X5C,0XE7,
0X5B,0XE7,0X5B,0XE7,0X5B,0XE7,0X5B,0XE7,0X5C,0XE7,0X5C,0XEF,0X5B,0XE7,0X5C,0XE7,
0X3C,0XE7,0X5C,0XEF,0X5C,0XEF,0X7D,0XEF,0X7C,0XE7,0XBC,0XDF,0XDB,0XD7,0XD9,0XCF,
0XD8,0XC7,0XF7,0XC7,0XF7,0XC7,0XF8,0XC7,0XF8,0XC7,0XF8,0XC7,0XF8,0XC7,0XF8,0XC7,
0XF7,0XC7,0XF7,0XC7,0XF7,0XBF,0XF8,0XBF,0XF8,0XC7,0XD9,0XCF,0XD9,0XD7,0XBA,0XDF,
0XBB,0XE7,0X9C,0XE7,0X9C,0XE7,0X9C,0XE7,0X7C,0XE7,0X7C,0XE7,0X7C,0XE7,0X9C,0XE7,
0X9C,0XE7,0X9C,0XE7,0X9C,0XE7,0X9C,0XE7,0X9C,0XE7,0X9C,0XE7,0X9C,0XE7,0X9C,0XE7,
0X9C,0XE7,0X7C,0XE7,0X7C,0XE7,0X7C,0XE7,0X7C,0XE7,0X7C,0XE7,0X7C,0XE7,0X7C,0XE7,
0X9C,0XE7,0X9C,0XE7,0X9C,0XE7,0X9C,0XE7,0X9C,0XE7,0X9C,0XE7,0X9C,0XE7,0X9C,0XE7,
0X9C,0XE7,0X9C,0XE7,0X9C,0XE7,0X9C,0XE7,0X9C,0XE7,0X9C,0XE7,0X9C,0XE7,0X9C,0XE7,
0X9C,0XE7,0X9C,0XE7,0X9C,0XE7,0X9C,0XE7,0X7C,0XE7,0X7C,0XEF,0X7C,0XEF,0X5C,0XE7,
0X5C,0XE7,0X5C,0XE7,0X5C,0XE7,0X5C,0XEF,0X5C,0XEF,0X7C,0XEF,0X7C,0XEF,0X7C,0XEF,
0X7C,0XE7,0X7C,0XE7,0X7C,0XE7,0X9C,0XE7,0X9C,0XE7,0X9C,0XE7,0X9C,0XDF,0XBA,0XD7,
0XD9,0XC7,0XF7,0XBF,0XF7,0XBF,0XF7,0XC7,0XF8,0XC7,0XF8,0XC7,0XF8,0XC7,0XF8,0XC7,
0XF7,0XC7,0XF8,0XC7,0XF8,0XC7,0XD8,0XC7,0XD9,0XCF,0XDA,0XD7,0XBA,0XDF,0XBB,0XE7,
0X9C,0XE7,0X9D,0XE7,0X9D,0XE7,0X9C,0XE7,0X9C,0XE7,0X7C,0XE7,0X9C,0XE7,0X9C,0XE7,
0X9C,0XE7,0X9C,0XE7,0X9C,0XE7,0X9C,0XE7,0X9C,0XE7,0X7C,0XE7,0X7C,0XE7,0X9C,0XE7,
0X9C,0XE7,0X9C,0XE7,0X9C,0XE7,0X7C,0XE7,0X7C,0XE7,0X7C,0XE7,0X7C,0XE7,0X7C,0XE7,
0X9C,0XE7,0X9C,0XE7,0X9C,0XE7,0X9C,0XE7,0X9C,0XE7,0X9C,0XE7,0X9C,0XE7,0X9C,0XE7,
0X9C,0XE7,0X9C,0XE7,0X9C,0XE7,0X9C,0XE7,0X9C,0XE7,0X9C,0XE7,0X9C,0XE7,0X9C,0XE7,
0X7C,0XE7,0X7C,0XE7,0X7C,0XE7,0X9C,0XE7,0X9D,0XE7,0X7C,0XEF,0X7C,0XEF,0X7C,0XEF,
0X7C,0XEF,0X7C,0XEF,0X7C,0XEF,0X7C,0XEF,0X7C,0XEF,0X7C,0XEF,0X7C,0XEF,0X7C,0XEF,
0X7C,0XE7,0X7C,0XE7,0X7C,0XE7,0X9C,0XE7,0X7C,0XE7,0X9C,0XE7,0X9C,0XE7,0XBB,0XD7,
0XD9,0XCF,0XF8,0XC7,0XF7,0XBF,0XF8,0XC7,0XF8,0XC7,0XF8,0XC7,0XF8,0XC7,0XF8,0XC7,
0XF7,0XC7,0XF8,0XC7,0XD9,0XC7,0XB9,0XCF,0XBB,0XD7,0XBB,0XDF,0X9B,0XE7,0X9C,0XE7,
0X7C,0XE7,0X7D,0XE7,0X7D,0XE7,0X9C,0XE7,0X9C,0XE7,0X9C,0XE7,0X9C,0XE7,0X9C,0XE7,
0X9C,0XE7,0X9C,0XE7,0X9C,0XE7,0X9C,0XE7,0X9C,0XE7,0X7C,0XE7,0X7C,0XE7,0X9C,0XE7,
0X9C,0XE7,0X9C,0XE7,0X9C,0XE7,0X9C,0XE7,0X9C,0XE7,0X9C,0XE7,0X9C,0XE7,0X9C,0XE7,
0X9C,0XE7,0X9C,0XE7,0X9C,0XE7,0X9C,0XE7,0X9C,0XE7,0X9C,0XE7,0X9C,0XE7,0X9C,0XE7,
0X9C,0XE7,0X9C,0XE7,0X9C,0XE7,0X9C,0XE7,0X9C,0XE7,0X9C,0XE7,0X9C,0XE7,0X9C,0XE7,
0X9C,0XE7,0X7C,0XE7,0X7C,0XE7,0X9C,0XE7,0X9C,0XE7,0X7C,0XE7,0X7C,0XE7,0X7C,0XEF,
0X7C,0XEF,0X7C,0XEF,0X7C,0XEF,0X7C,0XEF,0X7C,0XEF,0X7C,0XEF,0X7C,0XE7,0X7C,0XE7,
0X7D,0XEF,0X9C,0XE7,0X9C,0XE7,0X9C,0XE7,0X9C,0XE7,0X7D,0XE7,0X9C,0XE7,0XBB,0XDF,
0XD9,0XCF,0XF8,0XC7,0XF7,0XBF,0XF8,0XC7,0XF8,0XC7,0XF8,0XC7,0XF8,0XC7,0XF8,0XC7,
0XF8,0XC7,0XD8,0XC7,0XD9,0XCF,0XBB,0XD7,0XBC,0XE7,0X9C,0XE7,0X9C,0XEF,0X7D,0XEF,
0X7D,0XEF,0X7D,0XE7,0X7D,0XE7,0X9C,0XE7,0X9C,0XE7,0X7C,0XE7,0X9C,0XE7,0X9C,0XE7,
0X9C,0XE7,0X9C,0XE7,0X9C,0XE7,0X9C,0XE7,0X9C,0XE7,0X7C,0XE7,0X7C,0XE7,0X9C,0XE7,
0X9C,0XE7,0X9C,0XE7,0X9C,0XE7,0X7C,0XE7,0X7C,0XE7,0X7C,0XE7,0X7C,0XE7,0X7C,0XE7,
0X9C,0XE7,0X9C,0XE7,0X9C,0XE7,0X9C,0XE7,0X9C,0XE7,0X9C,0XE7,0X9C,0XE7,0X9C,0XE7,
0X9C,0XE7,0X9C,0XE7,0X9C,0XE7,0X9C,0XE7,0X9C,0XE7,0X9C,0XE7,0X9C,0XE7,0X9C,0XE7,
0X9C,0XE7,0X9C,0XE7,0X7C,0XE7,0X7C,0XE7,0X7C,0XE7,0X7C,0XE7,0X7C,0XE7,0X7C,0XE7,
0X7C,0XE7,0X7C,0XE7,0X7C,0XE7,0X7C,0XE7,0X7C,0XE7,0X7C,0XE7,0X7C,0XE7,0X7C,0XE7,
0X7D,0XE7,0X9C,0XE7,0X9C,0XE7,0X9C,0XE7,0X7D,0XEF,0X7D,0XEF,0X9C,0XE7,0XBB,0XDF,
0XBA,0XD7,0XD8,0XC7,0XF8,0XC7,0XF8,0XC7,0XF8,0XC7,0XF8,0XC7,0XF8,0XC7,0XF8,0XC7,
0XF8,0XC7,0XD9,0XCF,0XDA,0XD7,0XBC,0XE7,0X9C,0XEF,0X7C,0XEF,0X7D,0XEF,0X7D,0XEF,
0X7D,0XEF,0X7D,0XE7,0X9D,0XE7,0X7C,0XE7,0X7C,0XE7,0X7C,0XE7,0X7C,0XE7,0X7C,0XE7,
0X9C,0XE7,0X9C,0XE7,0X9C,0XE7,0X9C,0XE7,0X9C,0XE7,0X9C,0XE7,0X9C,0XE7,0X9C,0XE7,
0X9C,0XE7,0X7C,0XE7,0X7C,0XE7,0X9C,0XE7,0X9C,0XE7,0X9C,0XE7,0X9C,0XE7,0X9C,0XE7,
0X7C,0XEF,0X7C,0XEF,0X7C,0XEF,0X7C,0XEF,0X7C,0XEF,0X7C,0XEF,0X7C,0XEF,0X7C,0XEF,
0X7C,0XEF,0X7C,0XEF,0X7C,0XEF,0X7C,0XEF,0X7C,0XEF,0X7C,0XEF,0X7C,0XEF,0X7C,0XEF,
0X7C,0XE7,0X7C,0XEF,0X7C,0XEF,0X7C,0XEF,0X7C,0XE7,0X9C,0XE7,0X9C,0XE7,0X7C,0XE7,
0X7C,0XE7,0X7C,0XE7,0X9C,0XE7,0X9C,0XE7,0X9C,0XE7,0X9C,0XE7,0X9C,0XE7,0X9C,0XE7,
0X9D,0XE7,0X9C,0XE7,0X9C,0XE7,0X9C,0XE7,0X7D,0XEF,0X7D,0XE7,0X7C,0XE7,0X9C,0XE7,
0XBA,0XD7,0XD8,0XC7,0XF8,0XC7,0XF8,0XC7,0XF8,0XC7,0XF8,0XC7,0XF8,0XC7,0XF8,0XC7,
0XD8,0XC7,0XD9,0XCF,0XBA,0XDF,0X9C,0XE7,0X7C,0XEF,0X7D,0XEF,0X7D,0XEF,0X7D,0XEF,
0X7D,0XE7,0X9D,0XE7,0X9D,0XE7,0X9C,0XE7,0X7C,0XE7,0X7C,0XE7,0X7C,0XE7,0X9C,0XE7,
0X9C,0XE7,0X9C,0XE7,0X9C,0XE7,0X9C,0XE7,0X9C,0XE7,0X9C,0XE7,0X9C,0XE7,0X9C,0XE7,
0X9C,0XE7,0X9C,0XE7,0X9C,0XE7,0X9C,0XE7,0X9C,0XE7,0X9C,0XE7,0X9C,0XE7,0X9C,0XE7,
0X9C,0XEF,0X7C,0XEF,0X7C,0XE7,0X7C,0XE7,0X7C,0XEF,0X7C,0XE7,0X7C,0XEF,0X9D,0XEF,
0X9D,0XEF,0X7C,0XEF,0X7C,0XEF,0X7C,0XE7,0X7C,0XE7,0X7C,0XE7,0X7C,0XE7,0X7C,0XE7,
0X7C,0XEF,0X7C,0XEF,0X7C,0XEF,0X7C,0XEF,0X7C,0XEF,0X9C,0XE7,0X9C,0XE7,0X7C,0XE7,
0X7C,0XE7,0X9C,0XE7,0X9C,0XE7,0X9C,0XE7,0X9C,0XE7,0X9C,0XE7,0X9C,0XE7,0X9C,0XE7,
0X9D,0XE7,0X9C,0XE7,0X9C,0XE7,0X9C,0XE7,0X7D,0XEF,0X7D,0XEF,0X7D,0XE7,0XBC,0XE7,
0XDA,0XD7,0XD8,0XCF,0XF8,0XC7,0XF8,0XC7,0XF8,0XC7,0XF8,0XC7,0XF8,0XC7,0XF8,0XC7,
0XD9,0XCF,0XDA,0XD7,0XBB,0XDF,0X9C,0XE7,0X7C,0XEF,0X7D,0XEF,0X7D,0XEF,0X9D,0XEF,
0X9D,0XE7,0X9D,0XE7,0X9D,0XEF,0X7C,0XEF,0X7C,0XE7,0X7C,0XE7,0X7C,0XE7,0X9C,0XEF,
0X7C,0XE7,0X7C,0XE7,0X7C,0XE7,0X7C,0XE7,0X7C,0XE7,0X7C,0XE7,0X7C,0XE7,0X7C,0XE7,
0X7C,0XE7,0X7C,0XE7,0X7C,0XE7,0X7C,0XE7,0X7C,0XE7,0X7C,0XE7,0X7C,0XE7,0X7C,0XE7,
0X7C,0XEF,0X7C,0XEF,0X7C,0XE7,0X7C,0XE7,0X7C,0XE7,0X7C,0XE7,0X7C,0XEF,0X9D,0XEF,
0X9D,0XEF,0X7C,0XEF,0X7C,0XEF,0X9D,0XEF,0X9C,0XEF,0X7C,0XEF,0X7C,0XEF,0X7C,0XEF,
0X9D,0XEF,0X9D,0XEF,0X9D,0XEF,0X9D,0XEF,0X9D,0XEF,0X9D,0XE7,0X9C,0XE7,0X7C,0XE7,
0X7C,0XE7,0X9C,0XE7,0X9C,0XE7,0X9C,0XE7,0X9C,0XE7,0X9C,0XE7,0X9C,0XE7,0X9C,0XE7,
0X9D,0XE7,0X9C,0XE7,0X9C,0XE7,0X9C,0XE7,0X7D,0XEF,0X7D,0XEF,0X7C,0XE7,0XBC,0XE7,
0XDA,0XD7,0XD8,0XCF,0XF8,0XC7,0XF8,0XC7,0XF8,0XC7,0XF8,0XC7,0XF8,0XC7,0XF8,0XC7,
0XBA,0XD7,0XDB,0XDF,0X9C,0XE7,0X7C,0XEF,0X7C,0XEF,0X7D,0XEF,0X9D,0XE7,0X9C,0XE7,
0X9C,0XE7,0X9C,0XEF,0X7D,0XEF,0X9D,0XEF,0X7C,0XEF,0X7C,0XEF,0X7C,0XEF,0X9D,0XEF,
0X7C,0XEF,0X7C,0XEF,0X7C,0XEF,0X7C,0XEF,0X7C,0XEF,0X7C,0XEF,0X7C,0XEF,0X7C,0XEF,
0X7C,0XEF,0X7C,0XEF,0X7C,0XEF,0X7C,0XEF,0X7C,0XEF,0X7C,0XEF,0X7C,0XEF,0X7C,0XEF,
0X9D,0XEF,0X9D,0XEF,0X9D,0XEF,0X9D,0XEF,0X9D,0XEF,0X7C,0XEF,0X7C,0XEF,0X9D,0XEF,
0X9D,0XEF,0X7C,0XEF,0X7C,0XEF,0X7C,0XEF,0X7C,0XEF,0X7C,0XEF,0X7C,0XEF,0X7C,0XEF,
0X9D,0XEF,0X9D,0XEF,0X9D,0XEF,0X9D,0XEF,0X9D,0XEF,0X9D,0XEF,0X9D,0XE7,0X9C,0XE7,
0X9C,0XE7,0X9D,0XE7,0X9D,0XE7,0X9C,0XE7,0X9C,0XE7,0X9C,0XE7,0X9C,0XE7,0X9C,0XE7,
0X9D,0XE7,0X9C,0XE7,0X9C,0XE7,0X9C,0XE7,0X7D,0XEF,0X7D,0XEF,0X7D,0XEF,0XBC,0XE7,
0XDA,0XD7,0XD8,0XCF,0XF8,0XC7,0XF8,0XC7,0XF8,0XC7,0XF8,0XC7,0XF8,0XC7,0XF8,0XC7,
0X9B,0XDF,0XBC,0XE7,0X9C,0XE7,0X7D,0XEF,0X7D,0XEF,0X7C,0XE7,0X9C,0XE7,0X9C,0XE7,
0X9C,0XE7,0X7D,0XEF,0X7D,0XEF,0X7C,0XEF,0X7C,0XEF,0X7C,0XEF,0X7C,0XEF,0X7C,0XEF,
0X9D,0XEF,0X9D,0XEF,0X9D,0XEF,0X9D,0XEF,0X9D,0XEF,0X7C,0XEF,0X7C,0XEF,0X7C,0XEF,
0X7C,0XEF,0X7C,0XEF,0X7C,0XEF,0X7C,0XEF,0X7C,0XEF,0X7C,0XEF,0X7C,0XEF,0X7C,0XEF,
0X7C,0XEF,0X7C,0XEF,0X7C,0XEF,0X7C,0XEF,0X7C,0XE7,0X7C,0XEF,0X7C,0XEF,0X7C,0XEF,
0X7C,0XEF,0X9D,0XEF,0X9D,0XEF,0X9D,0XEF,0X9D,0XEF,0X9D,0XEF,0X9D,0XEF,0X9D,0XEF,
0X7C,0XEF,0X7C,0XEF,0X7C,0XEF,0X7C,0XEF,0X7C,0XEF,0X7C,0XEF,0X7C,0XEF,0X7C,0XEF,
0X7C,0XEF,0X7C,0XEF,0X7C,0XEF,0X9D,0XEF,0X9D,0XEF,0X9D,0XEF,0X9D,0XEF,0X9D,0XEF,
0X9D,0XE7,0X9C,0XE7,0X9C,0XE7,0X9C,0XE7,0X7D,0XEF,0X7D,0XEF,0X7C,0XE7,0XBC,0XE7,
0XDA,0XD7,0XD8,0XCF,0XF8,0XC7,0XF8,0XC7,0XF8,0XC7,0XF8,0XC7,0XF8,0XC7,0XF8,0XC7,
0X9C,0XE7,0X9D,0XE7,0X7C,0XEF,0X7D,0XEF,0X7D,0XEF,0X9C,0XE7,0X9C,0XE7,0X9C,0XE7,
0X7D,0XEF,0X7D,0XEF,0X7D,0XEF,0X7C,0XEF,0X7C,0XEF,0X7C,0XEF,0X7C,0XEF,0X7C,0XEF,
0X9D,0XEF,0X9D,0XEF,0X9D,0XEF,0X9D,0XEF,0X9D,0XEF,0X7C,0XEF,0X7C,0XEF,0X7C,0XEF,
0X7C,0XEF,0X7C,0XEF,0X7C,0XEF,0X7C,0XEF,0X7C,0XEF,0X7C,0XEF,0X7C,0XEF,0X7C,0XEF,
0X7C,0XE7,0X7C,0XEF,0X7C,0XEF,0X7C,0XEF,0X7C,0XE7,0X7C,0XEF,0X7C,0XEF,0X7C,0XEF,
0X7C,0XEF,0X9D,0XEF,0X9D,0XEF,0X9D,0XEF,0X7C,0XEF,0X7C,0XEF,0X7C,0XEF,0X7C,0XEF,
0X7C,0XEF,0X7C,0XEF,0X7C,0XEF,0X7C,0XEF,0X7C,0XEF,0X7C,0XEF,0X7C,0XEF,0X7C,0XEF,
0X7C,0XEF,0X7C,0XEF,0X7C,0XEF,0X9D,0XEF,0X9D,0XEF,0X9D,0XEF,0X9D,0XEF,0X9D,0XEF,
0X9D,0XE7,0X9C,0XE7,0X9C,0XE7,0X9C,0XE7,0X7D,0XEF,0X7D,0XEF,0X7C,0XE7,0XBC,0XE7,
0XDA,0XD7,0XD8,0XC7,0XF7,0XC7,0XF8,0XC7,0XF8,0XC7,0XF8,0XC7,0XF8,0XC7,0XF8,0XC7,
0X9C,0XE7,0X7C,0XE7,0X7D,0XE7,0X7D,0XEF,0X7D,0XEF,0X9C,0XEF,0X9C,0XE7,0X9C,0XE7,
0X7C,0XEF,0X7D,0XEF,0X7D,0XEF,0X7C,0XEF,0X7C,0XEF,0X7C,0XEF,0X7C,0XEF,0X7C,0XEF,
0X7C,0XEF,0X7C,0XEF,0X7C,0XEF,0X7C,0XEF,0X7C,0XEF,0X7C,0XEF,0X7C,0XEF,0X7C,0XEF,
0X7C,0XEF,0X7C,0XEF,0X7C,0XEF,0X7C,0XEF,0X7C,0XEF,0X7C,0XEF,0X7C,0XEF,0X7C,0XEF,
0X7C,0XEF,0X7C,0XEF,0X7C,0XEF,0X7C,0XEF,0X7C,0XEF,0X7C,0XEF,0X7C,0XEF,0X7C,0XEF,
0X7C,0XEF,0X7C,0XEF,0X7C,0XEF,0X7C,0XEF,0X7C,0XEF,0X7C,0XEF,0X7C,0XEF,0X7C,0XEF,
0X7C,0XEF,0X7C,0XEF,0X7C,0XEF,0X7C,0XEF,0X7C,0XEF,0X7C,0XEF,0X7C,0XEF,0X7C,0XEF,
0X7C,0XEF,0X7C,0XEF,0X7C,0XEF,0X7C,0XEF,0X7C,0XEF,0X7C,0XEF,0X7C,0XEF,0X7C,0XEF,
0X7D,0XEF,0X7C,0XEF,0X9C,0XE7,0X9C,0XE7,0X9C,0XE7,0X9D,0XEF,0X7C,0XEF,0X9B,0XE7,
0XBA,0XD7,0XD8,0XC7,0XF8,0XC7,0XF8,0XC7,0XF8,0XC7,0XF8,0XC7,0XF8,0XC7,0XF8,0XC7,
0X7C,0XEF,0X9D,0XE7,0X9D,0XE7,0X9D,0XE7,0X9D,0XE7,0X7C,0XEF,0X7C,0XEF,0X7C,0XEF,
0X7C,0XEF,0X7D,0XE7,0X9D,0XE7,0X7C,0XEF,0X7C,0XEF,0X7C,0XEF,0X7C,0XEF,0X7C,0XEF,
0X7C,0XEF,0X7C,0XEF,0X7C,0XEF,0X7C,0XEF,0X7C,0XEF,0X7C,0XEF,0X7C,0XEF,0X7C,0XEF,
0X7C,0XEF,0X7C,0XEF,0X7C,0XEF,0X7C,0XEF,0X7C,0XEF,0X7C,0XEF,0X7C,0XEF,0X7C,0XEF,
0X7C,0XEF,0X7C,0XEF,0X7C,0XEF,0X7C,0XEF,0X7C,0XEF,0X7C,0XEF,0X7C,0XEF,0X7C,0XEF,
0X7C,0XEF,0X7C,0XEF,0X7C,0XEF,0X7C,0XEF,0X7C,0XEF,0X7C,0XEF,0X7C,0XEF,0X7C,0XEF,
0X7C,0XEF,0X7C,0XEF,0X7C,0XEF,0X7C,0XEF,0X7C,0XEF,0X7C,0XEF,0X7C,0XEF,0X7C,0XEF,
0X7C,0XEF,0X7C,0XEF,0X7C,0XEF,0X7C,0XEF,0X7C,0XEF,0X7C,0XEF,0X7C,0XEF,0X7C,0XEF,
0X7D,0XEF,0X7C,0XEF,0X9C,0XE7,0X9C,0XE7,0X9C,0XE7,0X7C,0XEF,0X7C,0XEF,0X9B,0XE7,
0XBA,0XD7,0XD8,0XC7,0XF8,0XC7,0XF8,0XC7,0XF8,0XC7,0XF8,0XC7,0XF8,0XC7,0XF8,0XC7,
0X7C,0XEF,0X9D,0XE7,0X9D,0XE7,0X7D,0XE7,0X9D,0XE7,0X7C,0XEF,0X7C,0XEF,0X7C,0XEF,
0X7C,0XEF,0X9D,0XE7,0X9D,0XE7,0X7C,0XEF,0X7C,0XEF,0X7C,0XEF,0X7C,0XEF,0X7C,0XEF,
0X7C,0XEF,0X7C,0XEF,0X7C,0XEF,0X7C,0XEF,0X7C,0XEF,0X7C,0XEF,0X7C,0XEF,0X7C,0XEF,
0X7C,0XEF,0X7C,0XEF,0X7C,0XEF,0X7C,0XEF,0X7C,0XEF,0X7C,0XEF,0X7C,0XEF,0X7C,0XEF,
0X7C,0XEF,0X7C,0XEF,0X7C,0XEF,0X7C,0XEF,0X7C,0XEF,0X7C,0XEF,0X7C,0XEF,0X7C,0XEF,
0X7C,0XEF,0X7C,0XEF,0X7C,0XEF,0X7C,0XEF,0X7C,0XEF,0X7C,0XEF,0X7C,0XEF,0X7C,0XEF,
0X7C,0XEF,0X7C,0XEF,0X7C,0XEF,0X7C,0XEF,0X7C,0XEF,0X7C,0XEF,0X7C,0XEF,0X7C,0XEF,
0X7C,0XEF,0X7C,0XEF,0X7C,0XEF,0X7C,0XEF,0X7C,0XEF,0X7C,0XEF,0X7C,0XEF,0X7C,0XEF,
0X7D,0XEF,0X7C,0XEF,0X7C,0XE7,0X9C,0XE7,0X7C,0XE7,0X7C,0XEF,0X9C,0XE7,0XBB,0XDF,
0XB9,0XCF,0XF8,0XC7,0XF8,0XC7,0XF8,0XC7,0XF8,0XC7,0XF8,0XC7,0XF8,0XC7,0XF8,0XC7,
0X9C,0XE7,0X9C,0XE7,0X9D,0XE7,0X7D,0XE7,0X7D,0XEF,0X7C,0XEF,0X7C,0XEF,0X7C,0XEF,
0X7C,0XEF,0X9D,0XE7,0X9D,0XE7,0X7C,0XEF,0X7C,0XEF,0X7C,0XEF,0X7C,0XEF,0X7C,0XEF,
0X7C,0XEF,0X7C,0XEF,0X7C,0XEF,0X7C,0XEF,0X7C,0XEF,0X7C,0XEF,0X7C,0XEF,0X7C,0XEF,
0X7C,0XEF,0X7C,0XEF,0X7C,0XEF,0X7C,0XEF,0X7C,0XEF,0X7C,0XEF,0X7C,0XEF,0X7C,0XEF,
0X7C,0XEF,0X7C,0XEF,0X7C,0XEF,0X7C,0XEF,0X7C,0XEF,0X7C,0XEF,0X7C,0XEF,0X7C,0XEF,
0X7C,0XEF,0X7C,0XEF,0X7C,0XEF,0X7C,0XEF,0X7C,0XEF,0X7C,0XEF,0X7C,0XEF,0X7C,0XEF,
0X7C,0XEF,0X7C,0XEF,0X7C,0XEF,0X7C,0XEF,0X7C,0XEF,0X7C,0XEF,0X7C,0XEF,0X7C,0XEF,
0X7C,0XEF,0X7C,0XEF,0X7C,0XEF,0X7C,0XEF,0X7C,0XEF,0X7C,0XEF,0X7C,0XEF,0X7C,0XEF,
0X7D,0XE7,0X7C,0XEF,0X7C,0XEF,0X7D,0XEF,0X7D,0XEF,0X9C,0XE7,0XBC,0XE7,0XDB,0XD7,
0XD9,0XCF,0XF7,0XC7,0XF7,0XC7,0XF7,0XC7,0XF8,0XC7,0XF8,0XC7,0XF8,0XC7,0XF8,0XC7,
0X9B,0XDF,0X9C,0XE7,0X9D,0XE7,0X7D,0XE7,0X7D,0XEF,0X7D,0XEF,0X7C,0XEF,0X7C,0XEF,
0X7C,0XEF,0X9D,0XE7,0X9D,0XE7,0X7D,0XEF,0X7D,0XEF,0X7D,0XEF,0X7D,0XEF,0X7D,0XEF,
0X7D,0XEF,0X7D,0XEF,0X7D,0XEF,0X7D,0XEF,0X7D,0XEF,0X7D,0XEF,0X7D,0XEF,0X7D,0XEF,
0X7D,0XEF,0X7D,0XEF,0X7D,0XEF,0X7D,0XEF,0X7D,0XEF,0X7D,0XEF,0X7D,0XEF,0X7D,0XEF,
0X7D,0XEF,0X7D,0XEF,0X7D,0XEF,0X7D,0XEF,0X7D,0XEF,0X7D,0XEF,0X7D,0XEF,0X7D,0XEF,
0X7D,0XEF,0X7D,0XEF,0X7D,0XEF,0X7D,0XEF,0X7D,0XEF,0X7D,0XEF,0X7D,0XEF,0X7D,0XEF,
0X7D,0XEF,0X7D,0XEF,0X7D,0XEF,0X7D,0XEF,0X7D,0XEF,0X7D,0XEF,0X7D,0XEF,0X7D,0XEF,
0X7D,0XEF,0X7D,0XEF,0X7D,0XEF,0X7D,0XEF,0X7D,0XEF,0X7D,0XEF,0X7D,0XEF,0X9D,0XE7,
0X9C,0XE7,0X7D,0XE7,0X7D,0XEF,0X7D,0XEF,0X7D,0XEF,0X9C,0XE7,0XBB,0XDF,0XDA,0XCF,
0XD8,0XC7,0XF7,0XC7,0XF7,0XC7,0XF7,0XC7,0XF8,0XC7,0XF8,0XC7,0XF8,0XC7,0XF8,0XC7,
0X9B,0XDF,0XBC,0XE7,0X9C,0XE7,0X7D,0XE7,0X7D,0XEF,0X7D,0XEF,0X7D,0XEF,0X7C,0XEF,
0X7C,0XE7,0X9D,0XE7,0X9D,0XE7,0X7D,0XEF,0X7D,0XEF,0X7D,0XEF,0X7D,0XEF,0X7D,0XEF,
0X7D,0XEF,0X7D,0XEF,0X7D,0XEF,0X7D,0XEF,0X7D,0XEF,0X7D,0XEF,0X7D,0XEF,0X7D,0XEF,
0X7D,0XEF,0X7D,0XEF,0X7D,0XEF,0X7D,0XEF,0X7D,0XEF,0X7D,0XEF,0X7D,0XEF,0X7D,0XEF,
0X7D,0XEF,0X7D,0XEF,0X7D,0XEF,0X7D,0XEF,0X7D,0XEF,0X7D,0XEF,0X7D,0XEF,0X7D,0XEF,
0X7D,0XEF,0X7D,0XEF,0X7D,0XEF,0X7D,0XEF,0X7D,0XEF,0X7D,0XEF,0X7D,0XEF,0X7D,0XEF,
0X7D,0XEF,0X7D,0XEF,0X7D,0XEF,0X7D,0XEF,0X7D,0XEF,0X7D,0XEF,0X7D,0XEF,0X7D,0XEF,
0X7D,0XEF,0X7D,0XEF,0X7D,0XEF,0X7D,0XEF,0X7D,0XEF,0X7D,0XEF,0X7D,0XEF,0X9D,0XE7,
0X9C,0XE7,0X9D,0XE7,0X7D,0XEF,0X7D,0XEF,0X7C,0XEF,0XBC,0XE7,0XDB,0XD7,0XD9,0XC7,
0XF8,0XC7,0XF7,0XC7,0XF7,0XC7,0XF7,0XC7,0XF8,0XC7,0XF8,0XC7,0XF8,0XC7,0XF8,0XC7,
0XBA,0XD7,0XDB,0XDF,0XBC,0XE7,0X7C,0XE7,0X7D,0XEF,0X7D,0XEF,0X7D,0XEF,0X7D,0XEF,
0X9C,0XE7,0X7D,0XE7,0X7D,0XEF,0X7D,0XEF,0X7D,0XEF,0X7D,0XEF,0X7D,0XEF,0X7D,0XEF,
0X7D,0XEF,0X7D,0XEF,0X7D,0XEF,0X7D,0XEF,0X7D,0XEF,0X7D,0XEF,0X7D,0XEF,0X7D,0XEF,
0X7D,0XEF,0X7D,0XEF,0X7D,0XEF,0X7D,0XEF,0X7D,0XEF,0X7D,0XEF,0X7D,0XEF,0X7D,0XEF,
0X7D,0XEF,0X7D,0XEF,0X7D,0XEF,0X7D,0XEF,0X7D,0XEF,0X7D,0XEF,0X7D,0XEF,0X7D,0XEF,
0X7D,0XEF,0X7D,0XEF,0X7D,0XEF,0X7D,0XEF,0X7D,0XEF,0X7D,0XEF,0X7D,0XEF,0X7D,0XEF,
0X7D,0XEF,0X7D,0XEF,0X7D,0XEF,0X7D,0XEF,0X7D,0XEF,0X7D,0XEF,0X7D,0XEF,0X7D,0XEF,
0X7D,0XEF,0X7D,0XEF,0X7D,0XEF,0X7D,0XEF,0X7D,0XEF,0X7D,0XEF,0X7D,0XEF,0X9D,0XE7,
0X9C,0XE7,0X9D,0XE7,0X7D,0XEF,0X7C,0XEF,0X9C,0XE7,0XDB,0XDF,0XDA,0XCF,0XF8,0XC7,
0XF8,0XC7,0XF7,0XC7,0XF7,0XC7,0XF7,0XC7,0XF8,0XC7,0XF8,0XC7,0XF8,0XC7,0XF8,0XC7,
0XD9,0XCF,0XDA,0XD7,0XBB,0XE7,0X9C,0XE7,0X7D,0XEF,0X7D,0XEF,0X7D,0XEF,0X7D,0XE7,
0X9D,0XE7,0X7D,0XEF,0X7D,0XEF,0X7D,0XEF,0X7D,0XEF,0X7D,0XEF,0X7D,0XEF,0X7D,0XEF,
0X7D,0XEF,0X7D,0XEF,0X7D,0XEF,0X7D,0XEF,0X7D,0XEF,0X7D,0XEF,0X7D,0XEF,0X7D,0XEF,
0X7D,0XEF,0X7D,0XEF,0X7D,0XEF,0X7D,0XEF,0X7D,0XEF,0X7D,0XEF,0X7D,0XEF,0X7D,0XEF,
0X7D,0XEF,0X7D,0XEF,0X7D,0XEF,0X7D,0XEF,0X7D,0XEF,0X7D,0XEF,0X7D,0XEF,0X7D,0XEF,
0X7D,0XEF,0X7D,0XEF,0X7D,0XEF,0X7D,0XEF,0X7D,0XEF,0X7D,0XEF,0X7D,0XEF,0X7D,0XEF,
0X7D,0XEF,0X7D,0XEF,0X7D,0XEF,0X7D,0XEF,0X7D,0XEF,0X7D,0XEF,0X7D,0XEF,0X7D,0XEF,
0X7D,0XEF,0X7D,0XEF,0X7D,0XEF,0X7D,0XEF,0X7D,0XEF,0X7D,0XEF,0X7D,0XEF,0X9D,0XE7,
0X9D,0XE7,0X7C,0XE7,0X7C,0XE7,0X9C,0XE7,0XBB,0XDF,0XDA,0XD7,0XF8,0XC7,0XF8,0XBF,
0XF7,0XBF,0XF7,0XC7,0XF7,0XC7,0XF8,0XC7,0XF8,0XC7,0XF8,0XC7,0XF8,0XC7,0XF8,0XC7,
0XF8,0XC7,0XD9,0XCF,0XDB,0XDF,0X9C,0XE7,0X7C,0XEF,0X7D,0XEF,0X7D,0XE7,0X9D,0XE7,
0X9D,0XE7,0X7D,0XEF,0X7D,0XEF,0X7D,0XEF,0X7D,0XEF,0X7D,0XEF,0X7D,0XEF,0X7D,0XEF,
0X7D,0XEF,0X7D,0XEF,0X7D,0XEF,0X7D,0XEF,0X7D,0XEF,0X7D,0XEF,0X7D,0XEF,0X7D,0XEF,
0X7D,0XEF,0X7D,0XEF,0X7D,0XEF,0X7D,0XEF,0X7D,0XEF,0X7D,0XEF,0X7D,0XEF,0X7D,0XEF,
0X7D,0XEF,0X7D,0XEF,0X7D,0XEF,0X7D,0XEF,0X7D,0XEF,0X7D,0XEF,0X7D,0XEF,0X7D,0XEF,
0X7D,0XEF,0X7D,0XEF,0X7D,0XEF,0X7D,0XEF,0X7D,0XEF,0X7D,0XEF,0X7D,0XEF,0X7D,0XEF,
0X7D,0XEF,0X7D,0XEF,0X7D,0XEF,0X7D,0XEF,0X7D,0XEF,0X7D,0XEF,0X7D,0XEF,0X7D,0XEF,
0X7D,0XEF,0X7D,0XEF,0X7D,0XEF,0X7D,0XEF,0X7D,0XEF,0X7D,0XEF,0X7D,0XEF,0X7D,0XEF,
0X7D,0XEF,0X9C,0XE7,0X9C,0XE7,0XBC,0XDF,0XBA,0XD7,0XD8,0XCF,0XF7,0XC7,0XF7,0XBF,
0XF7,0XC7,0XF7,0XC7,0XF7,0XC7,0XF8,0XC7,0XF8,0XC7,0XF8,0XC7,0XF8,0XC7,0XF8,0XC7,
0XF7,0XBF,0XD8,0XC7,0XBA,0XD7,0X9B,0XE7,0X7C,0XEF,0X7D,0XEF,0X7D,0XE7,0X9D,0XE7,
0X9D,0XE7,0X7D,0XEF,0X7D,0XEF,0X7D,0XEF,0X7D,0XEF,0X7D,0XEF,0X7D,0XEF,0X7D,0XEF,
0X7D,0XEF,0X7D,0XEF,0X7D,0XEF,0X7D,0XEF,0X7D,0XEF,0X7D,0XEF,0X7D,0XEF,0X7D,0XEF,
0X7D,0XEF,0X7D,0XEF,0X7D,0XEF,0X7D,0XEF,0X7D,0XEF,0X7D,0XEF,0X7D,0XEF,0X7D,0XEF,
0X7D,0XEF,0X7D,0XEF,0X7D,0XEF,0X7D,0XEF,0X7D,0XEF,0X7D,0XEF,0X7D,0XEF,0X7D,0XEF,
0X7D,0XEF,0X7D,0XEF,0X7D,0XEF,0X7D,0XEF,0X7D,0XEF,0X7D,0XEF,0X7D,0XEF,0X7D,0XEF,
0X7D,0XEF,0X7D,0XEF,0X7D,0XEF,0X7D,0XEF,0X7D,0XEF,0X7D,0XEF,0X7D,0XEF,0X7D,0XEF,
0X7D,0XEF,0X7D,0XEF,0X7D,0XEF,0X7D,0XEF,0X7D,0XEF,0X7D,0XEF,0X7D,0XEF,0X7D,0XEF,
0X7C,0XEF,0X9C,0XE7,0X9C,0XE7,0XBB,0XD7,0XD9,0XCF,0XF8,0XC7,0XF7,0XC7,0XF7,0XBF,
0XF7,0XC7,0XF8,0XC7,0XF8,0XC7,0XF8,0XC7,0XF8,0XC7,0XF8,0XC7,0XF8,0XC7,0XF8,0XC7,
0XF7,0XBF,0XF8,0XC7,0XB9,0XCF,0XBB,0XDF,0X9C,0XE7,0X9C,0XE7,0X9D,0XE7,0X9D,0XE7,
0X7D,0XEF,0X7D,0XEF,0X7D,0XEF,0X7D,0XEF,0X7D,0XEF,0X7D,0XEF,0X7D,0XEF,0X7D,0XEF,
0X7D,0XEF,0X7D,0XEF,0X7D,0XEF,0X7D,0XEF,0X7D,0XEF,0X7D,0XEF,0X7D,0XEF,0X7D,0XEF,
0X7D,0XEF,0X7D,0XEF,0X7D,0XEF,0X7D,0XEF,0X7D,0XEF,0X7D,0XEF,0X7D,0XEF,0X7D,0XEF,
0X7D,0XEF,0X7D,0XEF,0X7D,0XEF,0X7D,0XEF,0X7D,0XEF,0X7D,0XEF,0X7D,0XEF,0X7D,0XEF,
0X7D,0XEF,0X7D,0XEF,0X7D,0XEF,0X7D,0XEF,0X7D,0XEF,0X7D,0XEF,0X7D,0XEF,0X7D,0XEF,
0X7D,0XEF,0X7D,0XEF,0X7D,0XEF,0X7D,0XEF,0X7D,0XEF,0X7D,0XEF,0X7D,0XEF,0X7D,0XEF,
0X7D,0XEF,0X7D,0XEF,0X7D,0XEF,0X7D,0XEF,0X7D,0XEF,0X7D,0XEF,0X9D,0XE7,0X9C,0XE7,
0X9C,0XE7,0X9C,0XE7,0XBB,0XDF,0XBA,0XCF,0XD8,0XC7,0XF7,0XC7,0XF7,0XBF,0XF7,0XBF,
0XF7,0XBF,0XF8,0XBF,0XF8,0XC7,0XF8,0XC7,0XF8,0XC7,0XF8,0XC7,0XF8,0XC7,0XF8,0XC7,
0XF8,0XBF,0XF8,0XC7,0XF8,0XC7,0XD8,0XCF,0XDA,0XD7,0XDB,0XDF,0X9C,0XE7,0X7C,0XEF,
0X7D,0XEF,0X5D,0XEF,0X7D,0XEF,0X7D,0XEF,0X7D,0XEF,0X7D,0XEF,0X7D,0XEF,0X7D,0XEF,
0X7D,0XEF,0X7D,0XEF,0X7D,0XEF,0X7D,0XEF,0X7D,0XEF,0X7D,0XEF,0X7D,0XEF,0X7D,0XEF,
0X7D,0XEF,0X7D,0XEF,0X7D,0XEF,0X7D,0XEF,0X7D,0XEF,0X7D,0XEF,0X7D,0XEF,0X7D,0XEF,
0X7D,0XEF,0X7D,0XEF,0X7D,0XEF,0X7D,0XEF,0X7D,0XEF,0X7D,0XEF,0X7D,0XEF,0X7D,0XEF,
0X7D,0XEF,0X7D,0XEF,0X7D,0XEF,0X7D,0XEF,0X7D,0XEF,0X7D,0XEF,0X7D,0XEF,0X7D,0XEF,
0X7D,0XEF,0X7D,0XEF,0X7D,0XEF,0X7D,0XEF,0X7D,0XEF,0X7D,0XEF,0X7D,0XEF,0X7D,0XEF,
0X7D,0XEF,0X7D,0XEF,0X7D,0XEF,0X7D,0XEF,0X9D,0XEF,0X9D,0XE7,0X9C,0XE7,0XBC,0XE7,
0XDA,0XDF,0XDA,0XD7,0XD9,0XCF,0XD8,0XC7,0XF8,0XC7,0XF7,0XBF,0XF7,0XBF,0XF7,0XBF,
0XF7,0XC7,0XF7,0XC7,0XF8,0XC7,0XF8,0XC7,0XF8,0XC7,0XF8,0XC7,0XF8,0XC7,0XF8,0XC7,
0XF8,0XC7,0XF8,0XC7,0XF8,0XC7,0XD8,0XC7,0XD8,0XCF,0XDA,0XD7,0XBB,0XDF,0XBC,0XE7,
0X9C,0XE7,0X9C,0XEF,0X9C,0XE7,0X9C,0XE7,0X9C,0XE7,0X9C,0XE7,0X9C,0XE7,0X9C,0XE7,
0X9C,0XE7,0X9C,0XEF,0X9C,0XEF,0X9C,0XEF,0X9C,0XEF,0X9D,0XE7,0X9D,0XE7,0X9D,0XE7,
0X9D,0XE7,0X9D,0XE7,0X9D,0XE7,0X9D,0XE7,0X9D,0XE7,0X9D,0XE7,0X9D,0XE7,0X9D,0XE7,
0X9D,0XE7,0X9D,0XE7,0X9D,0XE7,0X9D,0XE7,0X9D,0XE7,0X9D,0XE7,0X9D,0XE7,0X9D,0XE7,
0X9D,0XE7,0X9D,0XE7,0X9D,0XE7,0X9D,0XE7,0X9D,0XE7,0X9D,0XE7,0X9D,0XE7,0X9D,0XE7,
0X9D,0XE7,0X9D,0XE7,0X9D,0XE7,0X9D,0XE7,0X9D,0XE7,0X9D,0XE7,0X9D,0XE7,0X9D,0XEF,
0X9D,0XEF,0X9C,0XEF,0X9C,0XE7,0X9C,0XE7,0XBC,0XE7,0XBC,0XE7,0XBB,0XDF,0XBB,0XD7,
0XD9,0XCF,0XD9,0XC7,0XD8,0XC7,0XF8,0XC7,0XF8,0XC7,0XF7,0XC7,0XF7,0XBF,0XF7,0XBF,
0XF7,0XC7,0XF8,0XC7,0XF8,0XC7,0XF8,0XC7,0XF8,0XC7,0XF8,0XC7,0XF8,0XC7,0XF8,0XC7,
0XF7,0XC7,0XF8,0XC7,0XF7,0XC7,0XF7,0XC7,0XD8,0XC7,0XD8,0XCF,0XB9,0XCF,0XBA,0XD7,
0XBB,0XDF,0XBB,0XDF,0XBC,0XDF,0XBC,0XE7,0XBC,0XE7,0XBC,0XE7,0XBC,0XE7,0XBC,0XE7,
0XBC,0XE7,0XBC,0XE7,0XBC,0XE7,0XBC,0XE7,0XBC,0XE7,0XBC,0XE7,0XBC,0XE7,0XBC,0XE7,
0XBC,0XE7,0XBC,0XE7,0XBC,0XE7,0XBC,0XE7,0XBC,0XE7,0XBC,0XE7,0XBC,0XE7,0XBC,0XE7,
0XBC,0XE7,0XBC,0XE7,0XBC,0XE7,0XBC,0XE7,0XBC,0XE7,0XBC,0XE7,0XBC,0XE7,0XBC,0XE7,
0XBC,0XE7,0XBC,0XE7,0XBC,0XE7,0XBC,0XE7,0XBC,0XE7,0XBC,0XE7,0XBC,0XE7,0XBC,0XE7,
0XBC,0XE7,0XBC,0XE7,0XBC,0XE7,0XBC,0XE7,0XBC,0XE7,0XBC,0XE7,0XBC,0XE7,0XBC,0XE7,
0XBC,0XE7,0XBC,0XE7,0XBB,0XDF,0XBB,0XDF,0XDB,0XDF,0XDA,0XD7,0XBA,0XCF,0XB9,0XCF,
0XD8,0XC7,0XD8,0XC7,0XF8,0XC7,0XF8,0XC7,0XF7,0XC7,0XF7,0XBF,0XF7,0XBF,0XF7,0XBF,
0XF8,0XC7,0XF8,0XC7,0XF8,0XC7,0XF8,0XC7,0XF8,0XC7,0XF8,0XC7,0XF8,0XC7,0XF8,0XC7,
0XF7,0XC7,0XF7,0XC7,0XF7,0XC7,0XF7,0XC7,0XF8,0XC7,0XD8,0XC7,0XD8,0XC7,0XB9,0XCF,
0XB9,0XCF,0XBA,0XCF,0XBA,0XD7,0XBB,0XD7,0XBB,0XDF,0XBB,0XDF,0XBB,0XDF,0X9B,0XDF,
0X9B,0XDF,0X9B,0XDF,0X9B,0XDF,0X9B,0XDF,0X9B,0XDF,0XBB,0XDF,0XBB,0XDF,0XBB,0XDF,
0XBB,0XDF,0XBB,0XDF,0XBB,0XDF,0XBB,0XDF,0XBB,0XDF,0XBB,0XDF,0XBB,0XDF,0XBB,0XDF,
0XBB,0XDF,0XBB,0XDF,0XBB,0XDF,0XBB,0XDF,0XBB,0XDF,0XBB,0XDF,0XBB,0XDF,0XBB,0XDF,
0XBB,0XDF,0XBB,0XDF,0XBB,0XDF,0XBB,0XDF,0XBB,0XDF,0XBB,0XDF,0XBB,0XDF,0XBB,0XDF,
0XBB,0XDF,0XBB,0XDF,0XBB,0XDF,0XBB,0XDF,0XBB,0XDF,0XBB,0XDF,0XBB,0XDF,0XBB,0XDF,
0XBB,0XDF,0XBB,0XD7,0XBA,0XD7,0XBA,0XD7,0XB9,0XCF,0XB9,0XC7,0XD9,0XC7,0XF9,0XC7,
0XF8,0XC7,0XF8,0XC7,0XF8,0XC7,0XF8,0XC7,0XF7,0XBF,0XF7,0XBF,0XF7,0XBF,0XF7,0XBF,
0XF8,0XC7,0XF8,0XC7,0XF8,0XC7,0XF8,0XC7,0XF8,0XC7,0XF8,0XC7,0XF8,0XC7,0XF8,0XC7,
};


const img_t icon6 =
{
    .width = 80,
    .height = 68,
    .data = gImage_icon6,
};

#elif(ENABLE_LVGL_USE == 1)


const LV_ATTRIBUTE_MEM_ALIGN LV_ATTRIBUTE_LARGE_CONST  uint8_t icon6_map[] = {
#if LV_COLOR_DEPTH == 1 || LV_COLOR_DEPTH == 8
  /*Pixel format: Red: 3 bit, Green: 3 bit, Blue: 2 bit*/
  0xdf, 0xdf, 0xdf, 0xdf, 0xdf, 0xdf, 0xdf, 0xdf, 0xdf, 0xdf, 0xdf, 0xdf, 0xdf, 0xdf, 0xdf, 0xdf, 0xdf, 0xdf, 0xdf, 0xdf, 0xdf, 0xdf, 0xdf, 0xdf, 0xdf, 0xdf, 0xdf, 0xdf, 0xdf, 0xdf, 0xdf, 0xdf, 0xdf, 0xdf, 0xdf, 0xdf, 0xdf, 0xdf, 0xdf, 0xdf, 0xdf, 0xdf, 0xdf, 0xdf, 0xdf, 0xdf, 0xdf, 0xdf, 0xdf, 0xdf, 0xdf, 0xdf, 0xdf, 0xdf, 0xdf, 0xdf, 0xff, 0xff, 0xff, 0xff, 0xdf, 0xdf, 0xdf, 0xdf, 0xdf, 0xdf, 0xdf, 0xdf, 0xdf, 0xdf, 0xdf, 0xdf, 0xdf, 0xdf, 0xdf, 0xdf, 0xdf, 0xdf, 0xdf, 0xdf, 0xdf, 0xdf, 0xdf, 0xdf, 0xdf, 0xdf, 0xdf, 0xdf, 0xdf, 0xdf, 
  0xdf, 0xdf, 0xdf, 0xdf, 0xdf, 0xdf, 0xdf, 0xdf, 0xdf, 0xdf, 0xdf, 0xdf, 0xdf, 0xdf, 0xdf, 0xdf, 0xdf, 0xdf, 0xdf, 0xdf, 0xdf, 0xdf, 0xdf, 0xdf, 0xdf, 0xdf, 0xdf, 0xdf, 0xdf, 0xdf, 0xdf, 0xdf, 0xdf, 0xdf, 0xdf, 0xdf, 0xdf, 0xdf, 0xdf, 0xdf, 0xdf, 0xdf, 0xdf, 0xdf, 0xdf, 0xdf, 0xdf, 0xdf, 0xdf, 0xdf, 0xdf, 0xdf, 0xdf, 0xdf, 0xdf, 0xff, 0xff, 0xff, 0xff, 0xff, 0xdf, 0xdf, 0xdf, 0xdf, 0xdf, 0xdf, 0xdf, 0xdf, 0xdf, 0xdf, 0xdf, 0xdf, 0xdf, 0xdf, 0xdf, 0xdf, 0xdf, 0xdf, 0xdf, 0xdf, 0xdf, 0xdf, 0xdf, 0xdf, 0xdf, 0xdf, 0xdf, 0xdf, 0xdf, 0xdf, 
  0xdf, 0xdf, 0xdf, 0xdf, 0xdf, 0xdf, 0xdf, 0xdf, 0xdf, 0xdf, 0xdf, 0xdf, 0xdf, 0xdf, 0xdf, 0xdf, 0xdf, 0xdf, 0xdf, 0xdf, 0xdf, 0xdf, 0xdf, 0xdf, 0xdf, 0xdf, 0xdf, 0xdf, 0xdf, 0xdf, 0xdf, 0xdf, 0xdf, 0xdf, 0xdf, 0xdf, 0xdf, 0xdf, 0xdf, 0xdf, 0xdf, 0xdf, 0xdf, 0xdf, 0xdf, 0xdf, 0xdf, 0xdf, 0xdf, 0xdf, 0xdf, 0xdf, 0xff, 0xff, 0xff, 0xff, 0xff, 0xff, 0xff, 0xff, 0xdf, 0xdf, 0xdf, 0xdf, 0xdf, 0xdf, 0xdf, 0xdf, 0xdf, 0xdf, 0xdf, 0xdf, 0xdf, 0xdf, 0xdf, 0xdf, 0xdf, 0xdf, 0xdf, 0xdf, 0xdf, 0xdf, 0xdf, 0xdf, 0xdf, 0xdf, 0xdf, 0xdf, 0xdf, 0xdf, 
  0xdf, 0xdf, 0xdf, 0xdf, 0xdf, 0xdf, 0xdf, 0xdf, 0xdf, 0xdf, 0xdf, 0xdf, 0xdf, 0xdf, 0xdf, 0xdf, 0xdf, 0xdf, 0xdf, 0xdf, 0xdf, 0xdf, 0xdf, 0xdf, 0xdf, 0xdf, 0xdf, 0xdf, 0xdf, 0xdf, 0xdf, 0xdf, 0xdf, 0xdf, 0xdf, 0xdf, 0xdf, 0xdf, 0xdf, 0xdf, 0xdf, 0xdf, 0xdf, 0xdf, 0xdf, 0xdf, 0xdf, 0xdf, 0xdf, 0xdf, 0xdf, 0xff, 0xff, 0xff, 0xff, 0xff, 0xff, 0xff, 0xff, 0xff, 0xdf, 0xdf, 0xdf, 0xdf, 0xdf, 0xdf, 0xdf, 0xdf, 0xdf, 0xdf, 0xdf, 0xdf, 0xdf, 0xdf, 0xdf, 0xdf, 0xdf, 0xdf, 0xdf, 0xdf, 0xdf, 0xdf, 0xdf, 0xdf, 0xdf, 0xdf, 0xdf, 0xdf, 0xdf, 0xdf, 
  0xdf, 0xdf, 0xdf, 0xdf, 0xdf, 0xdf, 0xdf, 0xdf, 0xdf, 0xdf, 0xdf, 0xdf, 0xdf, 0xdf, 0xdf, 0xdf, 0xdf, 0xdf, 0xdf, 0xdf, 0xdf, 0xdf, 0xdf, 0xdf, 0xdf, 0xdf, 0xdf, 0xdf, 0xdf, 0xdf, 0xdf, 0xdf, 0xdf, 0xdf, 0xdf, 0xdf, 0xdf, 0xdf, 0xdf, 0xdf, 0xdf, 0xdf, 0xdf, 0xdf, 0xdf, 0xdf, 0xdf, 0xdf, 0xdf, 0xdf, 0xff, 0xff, 0xff, 0xff, 0xff, 0xff, 0xff, 0xff, 0xff, 0xff, 0xdf, 0xdf, 0xdf, 0xdf, 0xdf, 0xdf, 0xdf, 0xdf, 0xdf, 0xdf, 0xdf, 0xdf, 0xdf, 0xdf, 0xdf, 0xdf, 0xdf, 0xdf, 0xdf, 0xdf, 0xdf, 0xdf, 0xdf, 0xdf, 0xdf, 0xdf, 0xdf, 0xdf, 0xdf, 0xdf, 
  0xdf, 0xdf, 0xdf, 0xdf, 0xdf, 0xdf, 0xdf, 0xdf, 0xdf, 0xdf, 0xdf, 0xdf, 0xdf, 0xdf, 0xdf, 0xdf, 0xdf, 0xdf, 0xdf, 0xdf, 0xdf, 0xdf, 0xdf, 0xdf, 0xdf, 0xdf, 0xdf, 0xdf, 0xdf, 0xdf, 0xdf, 0xdf, 0xdf, 0xdf, 0xdf, 0xdf, 0xdf, 0xdf, 0xdf, 0xdf, 0xdf, 0xdf, 0xdf, 0xdf, 0xdf, 0xdf, 0xdf, 0xdf, 0xdf, 0xff, 0xff, 0xff, 0xff, 0xff, 0xff, 0xff, 0xff, 0xff, 0xff, 0xff, 0xdf, 0xdf, 0xdf, 0xdf, 0xdf, 0xdf, 0xdf, 0xdf, 0xdf, 0xdf, 0xdf, 0xdf, 0xdf, 0xdf, 0xdf, 0xdf, 0xdf, 0xdf, 0xdf, 0xdf, 0xdf, 0xdf, 0xdf, 0xdf, 0xdf, 0xdf, 0xdf, 0xdf, 0xdf, 0xdf, 
  0xdf, 0xdf, 0xdf, 0xdf, 0xdf, 0xdf, 0xdf, 0xdf, 0xdf, 0xdf, 0xdf, 0xdf, 0xdf, 0xdf, 0xdf, 0xdf, 0xdf, 0xdf, 0xdf, 0xdf, 0xdf, 0xdf, 0xdf, 0xdf, 0xdf, 0xdf, 0xdf, 0xdf, 0xdf, 0xdf, 0xdf, 0xdf, 0xdf, 0xdf, 0xdf, 0xdf, 0xdf, 0xdf, 0xdf, 0xdf, 0xdf, 0xdf, 0xdf, 0xdf, 0xdf, 0xdf, 0xdf, 0xdf, 0xff, 0xff, 0xff, 0xff, 0xff, 0xff, 0xff, 0xff, 0xff, 0xff, 0xff, 0xff, 0xdf, 0xdf, 0xdf, 0xdf, 0xdf, 0xdf, 0xdf, 0xdf, 0xdf, 0xdf, 0xdf, 0xdf, 0xdf, 0xdf, 0xdf, 0xdf, 0xdf, 0xdf, 0xdf, 0xdf, 0xdf, 0xdf, 0xdf, 0xdf, 0xdf, 0xdf, 0xdf, 0xdf, 0xdf, 0xdf, 
  0xdf, 0xdf, 0xdf, 0xdf, 0xdf, 0xdf, 0xdf, 0xdf, 0xdf, 0xdf, 0xdf, 0xdf, 0xdf, 0xdf, 0xdf, 0xdf, 0xdf, 0xdf, 0xdf, 0xdf, 0xdf, 0xdf, 0xdf, 0xdf, 0xdf, 0xdf, 0xdf, 0xdf, 0xdf, 0xdf, 0xdf, 0xdf, 0xdf, 0xdf, 0xdf, 0xdf, 0xdf, 0xdf, 0xdf, 0xdf, 0xdf, 0xdf, 0xdf, 0xdf, 0xdf, 0xdf, 0xdf, 0xff, 0xff, 0xff, 0xff, 0xff, 0xff, 0xff, 0xff, 0xff, 0xff, 0xff, 0xff, 0xdf, 0xdf, 0xdf, 0xdf, 0xdf, 0xdf, 0xdf, 0xdf, 0xdf, 0xdf, 0xdf, 0xdf, 0xdf, 0xdf, 0xdf, 0xdf, 0xdf, 0xdf, 0xdf, 0xdf, 0xdf, 0xdf, 0xdf, 0xdf, 0xdf, 0xdf, 0xdf, 0xdf, 0xdf, 0xdf, 0xdf, 
  0xdf, 0xdf, 0xdf, 0xdf, 0xdf, 0xdf, 0xdf, 0xdf, 0xdf, 0xdf, 0xdf, 0xdf, 0xdf, 0xdf, 0xdf, 0xdf, 0xdf, 0xdf, 0xdf, 0xdf, 0xdf, 0xdf, 0xdf, 0xdf, 0xdf, 0xdf, 0xdf, 0xdf, 0xdf, 0xdf, 0xdf, 0xdf, 0xdf, 0xdf, 0xdf, 0xdf, 0xdf, 0xdf, 0xdf, 0xdf, 0xdf, 0xdf, 0xdf, 0xdf, 0xdf, 0xff, 0xff, 0xff, 0xff, 0xff, 0xff, 0xff, 0xff, 0xff, 0xff, 0xff, 0xff, 0xff, 0xff, 0xdf, 0xdf, 0xdf, 0xdf, 0xdf, 0xdf, 0xdf, 0xdf, 0xdf, 0xdf, 0xdf, 0xdf, 0xdf, 0xdf, 0xdf, 0xdf, 0xdf, 0xdf, 0xdf, 0xdf, 0xdf, 0xdf, 0xdf, 0xdf, 0xdf, 0xdf, 0xdf, 0xdf, 0xdf, 0xdf, 0xdf, 
  0xdf, 0xdf, 0xdf, 0xdf, 0xdf, 0xdf, 0xdf, 0xdf, 0xdf, 0xdf, 0xdf, 0xdf, 0xdf, 0xdf, 0xdf, 0xdf, 0xdf, 0xdf, 0xdf, 0xdf, 0xdf, 0xdf, 0xdf, 0xdf, 0xdf, 0xdf, 0xdf, 0xdf, 0xdf, 0xdf, 0xdf, 0xdf, 0xdf, 0xdf, 0xdf, 0xdf, 0xdf, 0xdf, 0xdf, 0xdf, 0xdf, 0xdf, 0xdf, 0xdf, 0xff, 0xff, 0xff, 0xff, 0xff, 0xff, 0xff, 0xff, 0xff, 0xff, 0xff, 0xff, 0xff, 0xff, 0xdf, 0xdf, 0xdf, 0xdf, 0xdf, 0xdf, 0xdf, 0xdf, 0xdf, 0xdf, 0xdf, 0xdf, 0xdf, 0xdf, 0xdf, 0xdf, 0xdf, 0xdf, 0xdf, 0xdf, 0xdf, 0xdf, 0xdf, 0xdf, 0xdf, 0xdf, 0xdf, 0xdf, 0xdf, 0xdf, 0xdf, 0xdf, 
  0xdf, 0xdf, 0xdf, 0xdf, 0xdf, 0xdf, 0xdf, 0xdf, 0xdf, 0xdf, 0xdf, 0xdf, 0xdf, 0xdf, 0xdf, 0xdf, 0xdf, 0xdf, 0xdf, 0xdf, 0xdf, 0xdf, 0xdf, 0xdf, 0xdf, 0xdf, 0xdf, 0xdf, 0xdf, 0xdf, 0xdf, 0xdf, 0xdf, 0xdf, 0xdf, 0xdf, 0xdf, 0xdf, 0xdf, 0xdf, 0xdf, 0xdf, 0xdf, 0xdf, 0xff, 0xff, 0xff, 0xff, 0xff, 0xff, 0xff, 0xff, 0xff, 0xff, 0xff, 0xff, 0xff, 0xff, 0xdf, 0xdf, 0xdf, 0xdf, 0xdf, 0xdf, 0xdf, 0xdf, 0xdf, 0xdf, 0xdf, 0xdf, 0xdf, 0xdf, 0xdf, 0xdf, 0xdf, 0xdf, 0xdf, 0xdf, 0xdf, 0xdf, 0xdf, 0xdf, 0xdf, 0xdf, 0xdf, 0xdf, 0xdf, 0xdf, 0xdf, 0xdf, 
  0xdf, 0xdf, 0xdf, 0xdf, 0xdf, 0xdf, 0xdf, 0xdf, 0xdf, 0xdf, 0xdf, 0xdf, 0xdf, 0xdf, 0xdf, 0xdf, 0xdf, 0xdf, 0xdf, 0xdf, 0xdf, 0xdf, 0xdf, 0xdf, 0xdf, 0xdf, 0xdf, 0xdf, 0xdf, 0xdf, 0xdf, 0xdf, 0xdf, 0xdf, 0xdf, 0xdf, 0xdf, 0xdf, 0xdf, 0xdf, 0xdf, 0xdf, 0xdf, 0xff, 0xff, 0xff, 0xff, 0xff, 0xff, 0xff, 0xff, 0xff, 0xff, 0xff, 0xff, 0xff, 0xff, 0xff, 0xdf, 0xdf, 0xdf, 0xdf, 0xdf, 0xdf, 0xdf, 0xdf, 0xdf, 0xdf, 0xdf, 0xdf, 0xdf, 0xdf, 0xdf, 0xdf, 0xdf, 0xdf, 0xdf, 0xdf, 0xdf, 0xdf, 0xdf, 0xdf, 0xdf, 0xdf, 0xdf, 0xdf, 0xdf, 0xdf, 0xdf, 0xdf, 
  0xdf, 0xdf, 0xdf, 0xdf, 0xdf, 0xdf, 0xdf, 0xdf, 0xdf, 0xdf, 0xdf, 0xdf, 0xdf, 0xdf, 0xdf, 0xdf, 0xdf, 0xdf, 0xdf, 0xdf, 0xdf, 0xdf, 0xdf, 0xdf, 0xdf, 0xdf, 0xdf, 0xdf, 0xdf, 0xdf, 0xdf, 0xdf, 0xdf, 0xdf, 0xdf, 0xdf, 0xdf, 0xdf, 0xdf, 0xdf, 0xdf, 0xdf, 0xdf, 0xff, 0xff, 0xff, 0xff, 0xff, 0xff, 0xff, 0xff, 0xff, 0xff, 0xff, 0xff, 0xff, 0xff, 0xff, 0xdf, 0xdf, 0xdf, 0xdf, 0xdf, 0xdf, 0xdf, 0xdf, 0xdf, 0xdf, 0xdf, 0xdf, 0xdf, 0xdf, 0xdf, 0xdf, 0xdf, 0xdf, 0xdf, 0xdf, 0xdf, 0xdf, 0xdf, 0xdf, 0xdf, 0xdf, 0xdf, 0xdf, 0xdf, 0xdf, 0xdf, 0xdf, 
  0xdf, 0xdf, 0xdf, 0xdf, 0xdf, 0xdf, 0xdf, 0xdf, 0xdf, 0xdf, 0xdf, 0xdf, 0xdf, 0xdf, 0xdf, 0xdf, 0xdf, 0xdf, 0xdf, 0xdf, 0xdf, 0xdf, 0xdf, 0xdf, 0xdf, 0xdf, 0xdf, 0xdf, 0xdf, 0xdf, 0xdf, 0xdf, 0xdf, 0xdf, 0xdf, 0xdf, 0xdf, 0xdf, 0xdf, 0xdf, 0xdf, 0xdf, 0xdf, 0xff, 0xff, 0xff, 0xff, 0xff, 0xff, 0xff, 0xff, 0xff, 0xff, 0xff, 0xff, 0xff, 0xff, 0xff, 0xdf, 0xdf, 0xdf, 0xdf, 0xdf, 0xdf, 0xdf, 0xdf, 0xdf, 0xdf, 0xdf, 0xdf, 0xdf, 0xdf, 0xdf, 0xdf, 0xdf, 0xdf, 0xdf, 0xdf, 0xdf, 0xdf, 0xdf, 0xdf, 0xdf, 0xdf, 0xdf, 0xdf, 0xdf, 0xdf, 0xdf, 0xdf, 
  0xdf, 0xdf, 0xdf, 0xdf, 0xdf, 0xdf, 0xdf, 0xdf, 0xdf, 0xdf, 0xdf, 0xdf, 0xdf, 0xdf, 0xdf, 0xdf, 0xdf, 0xdf, 0xdf, 0xdf, 0xdf, 0xdf, 0xdf, 0xdf, 0xdf, 0xdf, 0xdf, 0xdf, 0xdf, 0xdf, 0xdf, 0xdf, 0xdf, 0xdf, 0xdf, 0xdf, 0xdf, 0xdf, 0xdf, 0xdf, 0xdf, 0xdf, 0xdf, 0xff, 0xff, 0xff, 0xff, 0xff, 0xff, 0xff, 0xff, 0xff, 0xff, 0xff, 0xff, 0xff, 0xff, 0xff, 0xff, 0xdf, 0xdf, 0xdf, 0xdf, 0xdf, 0xdf, 0xdf, 0xdf, 0xdf, 0xdf, 0xdf, 0xdf, 0xdf, 0xdf, 0xdf, 0xdf, 0xdf, 0xdf, 0xdf, 0xdf, 0xdf, 0xdf, 0xdf, 0xdf, 0xdf, 0xdf, 0xdf, 0xdf, 0xdf, 0xdf, 0xdf, 
  0xdf, 0xdf, 0xdf, 0xdf, 0xdf, 0xdf, 0xdf, 0xdf, 0xdf, 0xdf, 0xdf, 0xdf, 0xdf, 0xdf, 0xdf, 0xdf, 0xdf, 0xdf, 0xdf, 0xdf, 0xdf, 0xdf, 0xdf, 0xdf, 0xdf, 0xdf, 0xdf, 0xdf, 0xdf, 0xdf, 0xdf, 0xdf, 0xdf, 0xdf, 0xdf, 0xdf, 0xdf, 0xdf, 0xdf, 0xdf, 0xdf, 0xdf, 0xff, 0xff, 0xff, 0xff, 0xff, 0xff, 0xff, 0xff, 0xff, 0xff, 0xff, 0xff, 0xff, 0xff, 0xff, 0xff, 0xff, 0xdf, 0xdf, 0xdf, 0xdf, 0xdf, 0xdf, 0xdf, 0xdf, 0xdf, 0xdf, 0xdf, 0xdf, 0xdf, 0xdf, 0xdf, 0xdf, 0xdf, 0xdf, 0xdf, 0xdf, 0xdf, 0xdf, 0xdf, 0xdf, 0xdf, 0xdf, 0xdf, 0xdf, 0xdf, 0xdf, 0xdf, 
  0xdf, 0xdf, 0xdf, 0xdf, 0xdf, 0xdf, 0xdf, 0xdf, 0xdf, 0xdf, 0xdf, 0xdf, 0xdf, 0xdf, 0xdf, 0xdf, 0xdf, 0xdf, 0xdf, 0xdf, 0xdf, 0xdf, 0xdf, 0xdf, 0xdf, 0xdf, 0xdf, 0xdf, 0xdf, 0xdf, 0xdf, 0xdf, 0xdf, 0xdf, 0xdf, 0xdf, 0xdf, 0xdf, 0xdf, 0xdf, 0xdf, 0xdf, 0xff, 0xff, 0xff, 0xff, 0xff, 0xff, 0xff, 0xff, 0xff, 0xff, 0xff, 0xff, 0xff, 0xff, 0xff, 0xff, 0xff, 0xff, 0xdf, 0xdf, 0xdf, 0xdf, 0xdf, 0xdf, 0xdf, 0xdf, 0xdf, 0xdf, 0xdf, 0xdf, 0xdf, 0xdf, 0xdf, 0xdf, 0xdf, 0xdf, 0xdf, 0xdf, 0xdf, 0xdf, 0xdf, 0xdf, 0xdf, 0xdf, 0xdf, 0xdf, 0xdf, 0xdf, 
  0xdf, 0xdf, 0xdf, 0xdf, 0xdf, 0xdf, 0xdf, 0xdf, 0xdf, 0xdf, 0xdf, 0xdf, 0xdf, 0xdf, 0xdf, 0xdf, 0xdf, 0xdf, 0xdf, 0xdf, 0xdf, 0xdf, 0xdf, 0xdf, 0xdf, 0xdf, 0xdf, 0xdf, 0xdf, 0xdf, 0xdf, 0xdf, 0xdf, 0xdf, 0xdf, 0xdf, 0xdf, 0xdf, 0xdf, 0xdf, 0xdf, 0xff, 0xff, 0xff, 0xff, 0xff, 0xff, 0xff, 0xff, 0xff, 0xff, 0xff, 0xff, 0xff, 0xff, 0xff, 0xff, 0xff, 0xff, 0xff, 0xff, 0xdf, 0xdf, 0xdf, 0xdf, 0xdf, 0xdf, 0xdf, 0xdf, 0xdf, 0xdf, 0xdf, 0xdf, 0xdf, 0xdf, 0xdf, 0xdf, 0xdf, 0xdf, 0xdf, 0xdf, 0xdf, 0xdf, 0xdf, 0xdf, 0xdf, 0xdf, 0xdf, 0xdf, 0xdf, 
  0xdf, 0xdf, 0xdf, 0xdf, 0xdf, 0xdf, 0xdf, 0xdf, 0xdf, 0xdf, 0xdf, 0xdf, 0xdf, 0xdf, 0xdf, 0xdf, 0xdf, 0xdf, 0xdf, 0xdf, 0xdf, 0xdf, 0xdf, 0xdf, 0xdf, 0xdf, 0xdf, 0xdf, 0xdf, 0xdf, 0xdf, 0xdf, 0xdf, 0xdf, 0xdf, 0xdf, 0xdf, 0xdf, 0xdf, 0xdf, 0xdf, 0xdf, 0xff, 0xff, 0xff, 0xff, 0xff, 0xff, 0xff, 0xff, 0xff, 0xff, 0xff, 0xff, 0xff, 0xff, 0xff, 0xff, 0xff, 0xff, 0xff, 0xdf, 0xdf, 0xdf, 0xdf, 0xdf, 0xdf, 0xdf, 0xdf, 0xdf, 0xdf, 0xdf, 0xdf, 0xdf, 0xdf, 0xdf, 0xdf, 0xdf, 0xdf, 0xdf, 0xdf, 0xdf, 0xdf, 0xdf, 0xdf, 0xdf, 0xdf, 0xdf, 0xdf, 0xdf, 
  0xdf, 0xdf, 0xdf, 0xdf, 0xdf, 0xdf, 0xdf, 0xdf, 0xdf, 0xdf, 0xdf, 0xdf, 0xdf, 0xdf, 0xdf, 0xdf, 0xdf, 0xdf, 0xdf, 0xdf, 0xdf, 0xdf, 0xdf, 0xdf, 0xdf, 0xdf, 0xdf, 0xdf, 0xdf, 0xdf, 0xdf, 0xdf, 0xdf, 0xdf, 0xdf, 0xdf, 0xdf, 0xdf, 0xdf, 0xdf, 0xdf, 0xdf, 0xff, 0xff, 0xff, 0xff, 0xff, 0xff, 0xff, 0xff, 0xff, 0xff, 0xff, 0xff, 0xff, 0xff, 0xff, 0xff, 0xff, 0xff, 0xff, 0xdf, 0xdf, 0xdf, 0xdf, 0xdf, 0xdf, 0xdf, 0xdf, 0xdf, 0xdf, 0xdf, 0xdf, 0xdf, 0xdf, 0xdf, 0xdf, 0xdf, 0xdf, 0xdf, 0xdf, 0xdf, 0xdf, 0xdf, 0xdf, 0xdf, 0xdf, 0xdf, 0xdf, 0xdf, 
  0xdf, 0xdf, 0xdf, 0xdf, 0xdf, 0xdf, 0xdf, 0xdf, 0xdf, 0xdf, 0xdf, 0xdf, 0xdf, 0xdf, 0xdf, 0xdf, 0xdf, 0xdf, 0xdf, 0xdf, 0xdf, 0xdf, 0xdf, 0xdf, 0xdf, 0xdf, 0xdf, 0xdf, 0xdf, 0xdf, 0xdf, 0xdf, 0xdf, 0xdf, 0xdf, 0xdf, 0xdf, 0xdf, 0xdf, 0xdf, 0xdf, 0xdf, 0xff, 0xff, 0xff, 0xff, 0xff, 0xff, 0xff, 0xff, 0xff, 0xff, 0xff, 0xff, 0xff, 0xff, 0xff, 0xff, 0xff, 0xff, 0xff, 0xdf, 0xdf, 0xdf, 0xdf, 0xdf, 0xdf, 0xdf, 0xdf, 0xdf, 0xdf, 0xdf, 0xdf, 0xdf, 0xdf, 0xdf, 0xdf, 0xdf, 0xdf, 0xdf, 0xdf, 0xdf, 0xdf, 0xdf, 0xdf, 0xdf, 0xdf, 0xdf, 0xdf, 0xdf, 
  0xdf, 0xdf, 0xdf, 0xdf, 0xdf, 0xdf, 0xdf, 0xdf, 0xdf, 0xdf, 0xdf, 0xdf, 0xdf, 0xdf, 0xdf, 0xdf, 0xdf, 0xdf, 0xdf, 0xdf, 0xdf, 0xdf, 0xdf, 0xdf, 0xdf, 0xdf, 0xdf, 0xdf, 0xdf, 0xdf, 0xdf, 0xdf, 0xdf, 0xdf, 0xdf, 0xdf, 0xdf, 0xdf, 0xdf, 0xdf, 0xdf, 0xdf, 0xff, 0xff, 0xff, 0xff, 0xff, 0xff, 0xff, 0xff, 0xff, 0xff, 0xff, 0xff, 0xff, 0xff, 0xff, 0xff, 0xff, 0xff, 0xff, 0xff, 0xdf, 0xdf, 0xdf, 0xdf, 0xdf, 0xdf, 0xdf, 0xdf, 0xdf, 0xdf, 0xdf, 0xdf, 0xdf, 0xdf, 0xdf, 0xdf, 0xdf, 0xdf, 0xdf, 0xdf, 0xdf, 0xdf, 0xdf, 0xdf, 0xdf, 0xdf, 0xdf, 0xdf, 
  0xdf, 0xdf, 0xdf, 0xdf, 0xdf, 0xdf, 0xdf, 0xdf, 0xdf, 0xdf, 0xdf, 0xdf, 0xdf, 0xdf, 0xdf, 0xdf, 0xdf, 0xdf, 0xdf, 0xdf, 0xdf, 0xdf, 0xdf, 0xdf, 0xdf, 0xdf, 0xdf, 0xdf, 0xdf, 0xdf, 0xdf, 0xdf, 0xdf, 0xdf, 0xdf, 0xdf, 0xdf, 0xdf, 0xdf, 0xdf, 0xff, 0xff, 0xff, 0xff, 0xff, 0xff, 0xff, 0xff, 0xff, 0xff, 0xff, 0xff, 0xff, 0xff, 0xff, 0xff, 0xff, 0xff, 0xff, 0xff, 0xff, 0xff, 0xff, 0xdf, 0xdf, 0xdf, 0xdf, 0xdf, 0xdf, 0xdf, 0xdf, 0xdf, 0xdf, 0xdf, 0xdf, 0xdf, 0xdf, 0xdf, 0xdf, 0xdf, 0xdf, 0xdf, 0xdf, 0xdf, 0xdf, 0xdf, 0xdf, 0xdf, 0xdf, 0xdf, 
  0xdf, 0xdf, 0xdf, 0xdf, 0xdf, 0xdf, 0xdf, 0xdf, 0xdf, 0xdf, 0xdf, 0xdf, 0xdf, 0xdf, 0xdf, 0xdf, 0xdf, 0xdf, 0xdf, 0xdf, 0xdf, 0xdf, 0xdf, 0xdf, 0xdf, 0xdf, 0xdf, 0xdf, 0xdf, 0xff, 0xff, 0xff, 0xff, 0xff, 0xff, 0xff, 0xff, 0xff, 0xff, 0xff, 0xff, 0xff, 0xff, 0xff, 0xff, 0xff, 0xff, 0xff, 0xff, 0xff, 0xff, 0xff, 0xff, 0xff, 0xff, 0xff, 0xff, 0xff, 0xff, 0xff, 0xff, 0xff, 0xff, 0xff, 0xdf, 0xdf, 0xdf, 0xdf, 0xdf, 0xdf, 0xdf, 0xdf, 0xdf, 0xdf, 0xdf, 0xdf, 0xdf, 0xdf, 0xdf, 0xdf, 0xdf, 0xdf, 0xdf, 0xdf, 0xdf, 0xdf, 0xdf, 0xdf, 0xdf, 0xdf, 
  0xdf, 0xdf, 0xdf, 0xdf, 0xdf, 0xdf, 0xdf, 0xdf, 0xdf, 0xdf, 0xdf, 0xdf, 0xdf, 0xdf, 0xdf, 0xdf, 0xdf, 0xdf, 0xdf, 0xdf, 0xdf, 0xdf, 0xdf, 0xdf, 0xdf, 0xdf, 0xff, 0xff, 0xff, 0xff, 0xff, 0xff, 0xff, 0xff, 0xff, 0xff, 0xff, 0xff, 0xff, 0xff, 0xff, 0xff, 0xff, 0xff, 0xff, 0xff, 0xff, 0xff, 0xff, 0xff, 0xff, 0xff, 0xff, 0xff, 0xff, 0xff, 0xff, 0xff, 0xff, 0xff, 0xff, 0xff, 0xff, 0xff, 0xdf, 0xdf, 0xdf, 0xdf, 0xdf, 0xdf, 0xdf, 0xdf, 0xdf, 0xdf, 0xdf, 0xdf, 0xdf, 0xdf, 0xdf, 0xdf, 0xdf, 0xdf, 0xdf, 0xdf, 0xdf, 0xdf, 0xdf, 0xdf, 0xdf, 0xdf, 
  0xdf, 0xdf, 0xdf, 0xdf, 0xdf, 0xdf, 0xdf, 0xdf, 0xdf, 0xdf, 0xdf, 0xdf, 0xdf, 0xdf, 0xdf, 0xdf, 0xdf, 0xdf, 0xdf, 0xdf, 0xdf, 0xdf, 0xdf, 0xdf, 0xdf, 0xff, 0xff, 0xff, 0xff, 0xff, 0xff, 0xff, 0xff, 0xff, 0xff, 0xff, 0xff, 0xff, 0xff, 0xff, 0xff, 0xff, 0xff, 0xff, 0xff, 0xff, 0xff, 0xff, 0xff, 0xff, 0xff, 0xff, 0xff, 0xff, 0xff, 0xff, 0xff, 0xff, 0xff, 0xff, 0xff, 0xff, 0xff, 0xff, 0xdf, 0xdf, 0xdf, 0xdf, 0xdf, 0xdf, 0xdf, 0xdf, 0xdf, 0xdf, 0xdf, 0xdf, 0xdf, 0xdf, 0xdf, 0xdf, 0xdf, 0xdf, 0xdf, 0xdf, 0xdf, 0xdf, 0xdf, 0xdf, 0xdf, 0xdf, 
  0xdf, 0xdf, 0xdf, 0xdf, 0xdf, 0xdf, 0xdf, 0xdf, 0xdf, 0xdf, 0xdf, 0xdf, 0xdf, 0xdf, 0xdf, 0xdf, 0xdf, 0xdf, 0xdf, 0xdf, 0xdf, 0xdf, 0xdf, 0xff, 0xff, 0xff, 0xff, 0xff, 0xff, 0xff, 0xff, 0xff, 0xff, 0xff, 0xff, 0xff, 0xff, 0xff, 0xff, 0xff, 0xff, 0xff, 0xff, 0xff, 0xff, 0xff, 0xff, 0xff, 0xff, 0xff, 0xff, 0xff, 0xff, 0xff, 0xff, 0xff, 0xff, 0xff, 0xff, 0xff, 0xff, 0xff, 0xff, 0xff, 0xdf, 0xdf, 0xdf, 0xdf, 0xdf, 0xdf, 0xdf, 0xdf, 0xdf, 0xdf, 0xdf, 0xdf, 0xdf, 0xdf, 0xdf, 0xdf, 0xdf, 0xdf, 0xdf, 0xdf, 0xdf, 0xdf, 0xdf, 0xdf, 0xdf, 0xdf, 
  0xdf, 0xdf, 0xdf, 0xdf, 0xdf, 0xdf, 0xdf, 0xdf, 0xdf, 0xdf, 0xdf, 0xdf, 0xdf, 0xdf, 0xdf, 0xdf, 0xdf, 0xdf, 0xdf, 0xdf, 0xdf, 0xff, 0xff, 0xff, 0xff, 0xff, 0xff, 0xff, 0xff, 0xff, 0xff, 0xff, 0xff, 0xff, 0xff, 0xff, 0xff, 0xff, 0xff, 0xff, 0xff, 0xff, 0xff, 0xff, 0xff, 0xff, 0xff, 0xff, 0xff, 0xff, 0xff, 0xff, 0xff, 0xff, 0xff, 0xff, 0xff, 0xff, 0xff, 0xff, 0xff, 0xff, 0xff, 0xff, 0xdf, 0xdf, 0xff, 0xff, 0xff, 0xdf, 0xdf, 0xdf, 0xdf, 0xdf, 0xdf, 0xdf, 0xdf, 0xdf, 0xdf, 0xdf, 0xdf, 0xdf, 0xdf, 0xdf, 0xdf, 0xdf, 0xdf, 0xdf, 0xdf, 0xdf, 
  0xdf, 0xdf, 0xdf, 0xdf, 0xdf, 0xdf, 0xdf, 0xdf, 0xdf, 0xdf, 0xdf, 0xdf, 0xdf, 0xdf, 0xdf, 0xdf, 0xdf, 0xdf, 0xdf, 0xdf, 0xff, 0xff, 0xff, 0xff, 0xff, 0xff, 0xff, 0xff, 0xff, 0xff, 0xff, 0xff, 0xff, 0xff, 0xff, 0xff, 0xff, 0xff, 0xff, 0xff, 0xff, 0xff, 0xff, 0xff, 0xff, 0xff, 0xff, 0xff, 0xff, 0xff, 0xff, 0xff, 0xff, 0xff, 0xff, 0xff, 0xff, 0xff, 0xff, 0xff, 0xff, 0xff, 0xff, 0xff, 0xff, 0xff, 0xff, 0xff, 0xff, 0xff, 0xff, 0xdf, 0xdf, 0xdf, 0xdf, 0xdf, 0xdf, 0xdf, 0xdf, 0xdf, 0xdf, 0xdf, 0xdf, 0xdf, 0xdf, 0xdf, 0xdf, 0xdf, 0xdf, 0xdf, 
  0xdf, 0xdf, 0xdf, 0xdf, 0xdf, 0xdf, 0xdf, 0xdf, 0xdf, 0xdf, 0xdf, 0xdf, 0xdf, 0xdf, 0xdf, 0xdf, 0xdf, 0xdf, 0xdf, 0xff, 0xff, 0xff, 0xff, 0xff, 0xff, 0xff, 0xff, 0xff, 0xff, 0xff, 0xff, 0xff, 0xff, 0xff, 0xff, 0xff, 0xff, 0xff, 0xff, 0xff, 0xff, 0xff, 0xff, 0xff, 0xff, 0xff, 0xff, 0xff, 0xff, 0xff, 0xff, 0xff, 0xff, 0xff, 0xff, 0xff, 0xff, 0xff, 0xff, 0xff, 0xff, 0xff, 0xff, 0xff, 0xff, 0xff, 0xff, 0xff, 0xff, 0xff, 0xff, 0xff, 0xdf, 0xdf, 0xdf, 0xdf, 0xdf, 0xdf, 0xdf, 0xdf, 0xdf, 0xdf, 0xdf, 0xff, 0xff, 0xff, 0xdf, 0xdf, 0xdf, 0xff, 
  0xdf, 0xdf, 0xdf, 0xdf, 0xdf, 0xdf, 0xdf, 0xdf, 0xdf, 0xdf, 0xdf, 0xdf, 0xdf, 0xdf, 0xdf, 0xdf, 0xdf, 0xdf, 0xff, 0xff, 0xff, 0xff, 0xff, 0xff, 0xff, 0xff, 0xff, 0xff, 0xff, 0xff, 0xff, 0xff, 0xff, 0xff, 0xff, 0xff, 0xff, 0xff, 0xff, 0xff, 0xff, 0xff, 0xff, 0xff, 0xff, 0xff, 0xff, 0xff, 0xff, 0xff, 0xff, 0xff, 0xff, 0xff, 0xff, 0xff, 0xff, 0xff, 0xff, 0xff, 0xff, 0xff, 0xff, 0xff, 0xff, 0xff, 0xff, 0xff, 0xff, 0xff, 0xdf, 0xdf, 0xdf, 0xdf, 0xdf, 0xdf, 0xdf, 0xdf, 0xdf, 0xdf, 0xdf, 0xdf, 0xdf, 0xdf, 0xdf, 0xdf, 0xdf, 0xdf, 0xdf, 0xff, 
  0xdf, 0xdf, 0xdf, 0xdf, 0xdf, 0xdf, 0xdf, 0xdf, 0xdf, 0xdf, 0xdf, 0xdf, 0xdf, 0xdf, 0xdf, 0xdf, 0xff, 0xff, 0xff, 0xff, 0xff, 0xff, 0xff, 0xff, 0xff, 0xff, 0xff, 0xff, 0xff, 0xff, 0xff, 0xff, 0xff, 0xff, 0xff, 0xff, 0xff, 0xff, 0xff, 0xff, 0xff, 0xff, 0xff, 0xff, 0xff, 0xff, 0xff, 0xff, 0xff, 0xff, 0xff, 0xff, 0xff, 0xff, 0xff, 0xff, 0xff, 0xff, 0xff, 0xff, 0xff, 0xff, 0xff, 0xfb, 0xff, 0xff, 0xff, 0xff, 0xff, 0xff, 0xdf, 0xdf, 0xdf, 0xdf, 0xdf, 0xdf, 0xdf, 0xdf, 0xdf, 0xdf, 0xdf, 0xdf, 0xdf, 0xdf, 0xdf, 0xdf, 0xdf, 0xdf, 0xdf, 0xff, 
  0xdf, 0xdf, 0xdf, 0xdf, 0xdf, 0xdf, 0xdf, 0xdf, 0xdf, 0xdf, 0xdf, 0xdf, 0xdf, 0xdf, 0xdf, 0xdf, 0xff, 0xff, 0xff, 0xff, 0xff, 0xff, 0xff, 0xff, 0xff, 0xff, 0xff, 0xff, 0xff, 0xff, 0xff, 0xff, 0xff, 0xff, 0xff, 0xff, 0xff, 0xff, 0xff, 0xff, 0xff, 0xff, 0xff, 0xff, 0xff, 0xff, 0xff, 0xff, 0xff, 0xff, 0xff, 0xff, 0xff, 0xff, 0xff, 0xff, 0xff, 0xff, 0xff, 0xff, 0xff, 0xff, 0xff, 0xff, 0xff, 0xff, 0xff, 0xff, 0xff, 0xff, 0xff, 0xff, 0xff, 0xff, 0xff, 0xff, 0xff, 0xff, 0xdf, 0xdf, 0xdf, 0xff, 0xff, 0xff, 0xff, 0xff, 0xff, 0xdf, 0xff, 0xff, 
  0xdf, 0xdf, 0xdf, 0xdf, 0xdf, 0xdf, 0xdf, 0xdf, 0xdf, 0xdf, 0xdf, 0xdf, 0xdf, 0xdf, 0xdf, 0xff, 0xff, 0xff, 0xff, 0xff, 0xff, 0xff, 0xff, 0xff, 0xff, 0xff, 0xff, 0xff, 0xff, 0xff, 0xff, 0xff, 0xff, 0xff, 0xff, 0xff, 0xff, 0xff, 0xff, 0xff, 0xff, 0xff, 0xff, 0xff, 0xff, 0xff, 0xff, 0xff, 0xff, 0xff, 0xff, 0xff, 0xff, 0xff, 0xff, 0xff, 0xff, 0xff, 0xfb, 0xff, 0xff, 0xff, 0xfb, 0xff, 0xff, 0xff, 0xff, 0xff, 0xff, 0xff, 0xff, 0xfb, 0xfb, 0xfb, 0xfb, 0xff, 0xff, 0xff, 0xff, 0xff, 0xff, 0xff, 0xff, 0xff, 0xff, 0xff, 0xff, 0xdf, 0xff, 0xff, 
  0xdf, 0xdf, 0xdf, 0xdf, 0xdf, 0xdf, 0xdf, 0xdf, 0xdf, 0xdf, 0xdf, 0xdf, 0xdf, 0xdf, 0xdf, 0xff, 0xff, 0xff, 0xff, 0xff, 0xff, 0xff, 0xff, 0xff, 0xff, 0xff, 0xff, 0xff, 0xff, 0xff, 0xff, 0xff, 0xff, 0xff, 0xff, 0xff, 0xff, 0xff, 0xff, 0xff, 0xff, 0xff, 0xff, 0xff, 0xff, 0xff, 0xff, 0xff, 0xff, 0xff, 0xff, 0xff, 0xff, 0xff, 0xff, 0xff, 0xff, 0xff, 0xfb, 0xff, 0xff, 0xff, 0xfb, 0xff, 0xff, 0xff, 0xff, 0xff, 0xfb, 0xfb, 0xff, 0xff, 0xff, 0xff, 0xff, 0xff, 0xff, 0xff, 0xff, 0xff, 0xff, 0xff, 0xff, 0xff, 0xff, 0xff, 0xff, 0xdf, 0xff, 0xff, 
  0xdf, 0xdf, 0xdf, 0xdf, 0xdf, 0xdf, 0xdf, 0xdf, 0xdf, 0xdf, 0xdf, 0xdf, 0xdf, 0xdf, 0xff, 0xff, 0xff, 0xff, 0xff, 0xff, 0xff, 0xff, 0xff, 0xff, 0xff, 0xff, 0xff, 0xff, 0xff, 0xff, 0xff, 0xff, 0xff, 0xff, 0xff, 0xff, 0xff, 0xff, 0xff, 0xff, 0xff, 0xff, 0xff, 0xff, 0xff, 0xff, 0xff, 0xff, 0xff, 0xff, 0xff, 0xff, 0xff, 0xff, 0xff, 0xff, 0xff, 0xff, 0xff, 0xfb, 0xfb, 0xfb, 0xfb, 0xff, 0xfb, 0xfb, 0xff, 0xff, 0xff, 0xff, 0xfb, 0xff, 0xff, 0xfb, 0xfb, 0xfb, 0xff, 0xff, 0xff, 0xfb, 0xff, 0xfb, 0xfb, 0xfb, 0xff, 0xff, 0xff, 0xff, 0xff, 0xdf, 
  0xdf, 0xdf, 0xdf, 0xdf, 0xdf, 0xdf, 0xdf, 0xdf, 0xdf, 0xdf, 0xdf, 0xdf, 0xdf, 0xff, 0xff, 0xff, 0xff, 0xff, 0xff, 0xff, 0xff, 0xff, 0xff, 0xff, 0xff, 0xff, 0xff, 0xff, 0xff, 0xff, 0xff, 0xff, 0xff, 0xff, 0xff, 0xff, 0xff, 0xff, 0xff, 0xff, 0xff, 0xff, 0xff, 0xff, 0xff, 0xff, 0xff, 0xff, 0xff, 0xff, 0xff, 0xff, 0xff, 0xff, 0xff, 0xff, 0xff, 0xff, 0xff, 0xfb, 0xfb, 0xff, 0xff, 0xfb, 0xff, 0xfb, 0xfb, 0xfb, 0xfb, 0xfb, 0xfb, 0xff, 0xff, 0xfb, 0xfb, 0xfb, 0xfb, 0xfb, 0xfb, 0xfb, 0xfb, 0xfb, 0xfb, 0xff, 0xff, 0xff, 0xff, 0xff, 0xdf, 0xdf, 
  0xdf, 0xdf, 0xdf, 0xdf, 0xdf, 0xdf, 0xdf, 0xdf, 0xdf, 0xdf, 0xdf, 0xdf, 0xff, 0xff, 0xff, 0xff, 0xff, 0xff, 0xff, 0xff, 0xff, 0xff, 0xff, 0xff, 0xff, 0xff, 0xff, 0xff, 0xff, 0xff, 0xff, 0xff, 0xff, 0xff, 0xff, 0xff, 0xff, 0xff, 0xff, 0xff, 0xff, 0xff, 0xff, 0xff, 0xff, 0xff, 0xff, 0xff, 0xff, 0xff, 0xff, 0xff, 0xff, 0xff, 0xff, 0xff, 0xff, 0xff, 0xff, 0xff, 0xff, 0xff, 0xff, 0xff, 0xff, 0xff, 0xff, 0xff, 0xff, 0xfb, 0xff, 0xff, 0xff, 0xfb, 0xfb, 0xfb, 0xfb, 0xfb, 0xfb, 0xfb, 0xfb, 0xfb, 0xff, 0xfb, 0xff, 0xff, 0xff, 0xff, 0xdf, 0xdf, 
  0xdf, 0xdf, 0xdf, 0xdf, 0xdf, 0xdf, 0xdf, 0xdf, 0xdf, 0xdf, 0xdf, 0xdf, 0xff, 0xff, 0xff, 0xff, 0xff, 0xff, 0xff, 0xff, 0xff, 0xff, 0xff, 0xff, 0xff, 0xff, 0xff, 0xff, 0xff, 0xff, 0xff, 0xff, 0xff, 0xff, 0xff, 0xff, 0xff, 0xff, 0xff, 0xff, 0xff, 0xff, 0xff, 0xff, 0xff, 0xff, 0xff, 0xff, 0xff, 0xff, 0xff, 0xff, 0xff, 0xff, 0xff, 0xff, 0xff, 0xff, 0xff, 0xff, 0xff, 0xff, 0xff, 0xff, 0xff, 0xff, 0xff, 0xff, 0xff, 0xff, 0xff, 0xfb, 0xff, 0xfb, 0xfb, 0xfb, 0xfb, 0xfb, 0xfb, 0xfb, 0xfb, 0xfb, 0xfb, 0xfb, 0xff, 0xdf, 0xff, 0xdf, 0xdf, 0xdf, 
  0xdf, 0xdf, 0xdf, 0xdf, 0xdf, 0xdf, 0xdf, 0xdf, 0xdf, 0xdf, 0xdf, 0xdf, 0xff, 0xff, 0xff, 0xff, 0xff, 0xff, 0xff, 0xff, 0xff, 0xff, 0xff, 0xff, 0xff, 0xff, 0xff, 0xff, 0xff, 0xff, 0xff, 0xff, 0xff, 0xff, 0xff, 0xff, 0xff, 0xff, 0xff, 0xff, 0xff, 0xff, 0xff, 0xff, 0xff, 0xff, 0xff, 0xff, 0xff, 0xff, 0xff, 0xff, 0xff, 0xff, 0xff, 0xff, 0xff, 0xff, 0xff, 0xff, 0xff, 0xff, 0xff, 0xff, 0xff, 0xff, 0xff, 0xff, 0xff, 0xff, 0xff, 0xff, 0xff, 0xfb, 0xfb, 0xfb, 0xfb, 0xfb, 0xfb, 0xfb, 0xfb, 0xfb, 0xfb, 0xff, 0xdf, 0xff, 0xff, 0xdf, 0xdf, 0xdf, 
  0xdf, 0xdf, 0xdf, 0xdf, 0xdf, 0xdf, 0xdf, 0xdf, 0xdf, 0xdf, 0xdf, 0xff, 0xff, 0xff, 0xff, 0xff, 0xff, 0xff, 0xff, 0xff, 0xff, 0xff, 0xff, 0xff, 0xff, 0xff, 0xff, 0xff, 0xff, 0xff, 0xff, 0xff, 0xff, 0xff, 0xff, 0xff, 0xff, 0xff, 0xff, 0xff, 0xff, 0xff, 0xff, 0xff, 0xff, 0xff, 0xff, 0xff, 0xff, 0xff, 0xff, 0xff, 0xff, 0xff, 0xff, 0xff, 0xff, 0xff, 0xff, 0xff, 0xff, 0xff, 0xff, 0xff, 0xff, 0xff, 0xff, 0xff, 0xff, 0xff, 0xff, 0xff, 0xff, 0xff, 0xfb, 0xfb, 0xfb, 0xfb, 0xfb, 0xfb, 0xff, 0xfb, 0xdb, 0xdf, 0xff, 0xff, 0xdf, 0xdf, 0xdf, 0xdf, 
  0xdf, 0xdf, 0xdf, 0xdf, 0xdf, 0xdf, 0xdf, 0xdf, 0xdf, 0xdf, 0xdf, 0xff, 0xff, 0xff, 0xff, 0xff, 0xff, 0xff, 0xff, 0xff, 0xff, 0xff, 0xff, 0xff, 0xff, 0xff, 0xff, 0xff, 0xff, 0xff, 0xff, 0xff, 0xff, 0xff, 0xff, 0xff, 0xff, 0xff, 0xff, 0xff, 0xff, 0xff, 0xff, 0xff, 0xff, 0xff, 0xff, 0xff, 0xff, 0xff, 0xff, 0xff, 0xff, 0xff, 0xff, 0xff, 0xff, 0xff, 0xff, 0xff, 0xff, 0xff, 0xff, 0xff, 0xff, 0xff, 0xff, 0xff, 0xff, 0xff, 0xff, 0xff, 0xff, 0xff, 0xff, 0xff, 0xfb, 0xfb, 0xfb, 0xfb, 0xff, 0xdb, 0xdf, 0xff, 0xff, 0xdf, 0xdf, 0xdf, 0xdf, 0xdf, 
  0xdf, 0xdf, 0xdf, 0xdf, 0xdf, 0xdf, 0xdf, 0xdf, 0xdf, 0xdf, 0xdf, 0xff, 0xff, 0xff, 0xff, 0xff, 0xff, 0xff, 0xff, 0xff, 0xff, 0xff, 0xff, 0xff, 0xff, 0xff, 0xff, 0xff, 0xff, 0xff, 0xff, 0xff, 0xff, 0xff, 0xff, 0xff, 0xff, 0xff, 0xff, 0xff, 0xff, 0xff, 0xff, 0xff, 0xff, 0xff, 0xff, 0xff, 0xff, 0xff, 0xff, 0xff, 0xff, 0xff, 0xff, 0xff, 0xff, 0xff, 0xff, 0xff, 0xff, 0xff, 0xff, 0xff, 0xff, 0xff, 0xff, 0xff, 0xff, 0xff, 0xff, 0xff, 0xff, 0xff, 0xff, 0xff, 0xfb, 0xfb, 0xff, 0xfb, 0xdb, 0xdf, 0xdf, 0xff, 0xff, 0xdf, 0xdf, 0xdf, 0xdf, 0xdf, 
  0xdf, 0xdf, 0xdf, 0xdf, 0xdf, 0xdf, 0xdf, 0xdf, 0xdf, 0xdf, 0xdf, 0xff, 0xff, 0xff, 0xff, 0xff, 0xff, 0xff, 0xff, 0xff, 0xff, 0xff, 0xff, 0xff, 0xff, 0xff, 0xff, 0xff, 0xff, 0xff, 0xff, 0xff, 0xff, 0xff, 0xff, 0xff, 0xff, 0xff, 0xff, 0xff, 0xff, 0xff, 0xff, 0xff, 0xff, 0xff, 0xff, 0xff, 0xff, 0xff, 0xff, 0xff, 0xff, 0xff, 0xff, 0xff, 0xff, 0xff, 0xff, 0xff, 0xff, 0xff, 0xff, 0xff, 0xff, 0xff, 0xff, 0xff, 0xff, 0xff, 0xff, 0xff, 0xff, 0xff, 0xff, 0xff, 0xff, 0xfb, 0xdb, 0xdb, 0xdf, 0xdf, 0xff, 0xdf, 0xdf, 0xdf, 0xdf, 0xdf, 0xdf, 0xdf, 
  0xdf, 0xdf, 0xdf, 0xdf, 0xdf, 0xdf, 0xdf, 0xdf, 0xdf, 0xdf, 0xdf, 0xff, 0xff, 0xff, 0xff, 0xff, 0xff, 0xff, 0xff, 0xff, 0xff, 0xff, 0xff, 0xff, 0xff, 0xff, 0xff, 0xff, 0xff, 0xff, 0xff, 0xff, 0xff, 0xff, 0xff, 0xff, 0xff, 0xff, 0xff, 0xff, 0xff, 0xff, 0xff, 0xff, 0xff, 0xff, 0xff, 0xff, 0xff, 0xff, 0xff, 0xff, 0xff, 0xff, 0xff, 0xff, 0xff, 0xff, 0xff, 0xff, 0xff, 0xff, 0xff, 0xff, 0xff, 0xff, 0xff, 0xff, 0xff, 0xff, 0xff, 0xff, 0xff, 0xff, 0xff, 0xff, 0xff, 0xff, 0xdb, 0xdf, 0xdf, 0xdf, 0xdf, 0xdf, 0xdf, 0xdf, 0xdf, 0xdf, 0xdf, 0xdf, 
  0xdf, 0xdf, 0xdf, 0xdf, 0xdf, 0xdf, 0xdf, 0xdf, 0xdf, 0xdf, 0xff, 0xff, 0xff, 0xff, 0xff, 0xff, 0xff, 0xff, 0xff, 0xff, 0xff, 0xff, 0xff, 0xff, 0xff, 0xff, 0xff, 0xff, 0xff, 0xff, 0xff, 0xff, 0xff, 0xff, 0xff, 0xff, 0xff, 0xff, 0xff, 0xff, 0xff, 0xff, 0xff, 0xff, 0xff, 0xff, 0xff, 0xff, 0xff, 0xff, 0xff, 0xff, 0xff, 0xff, 0xff, 0xff, 0xff, 0xff, 0xff, 0xff, 0xff, 0xff, 0xff, 0xff, 0xff, 0xff, 0xff, 0xff, 0xff, 0xff, 0xff, 0xff, 0xff, 0xff, 0xff, 0xff, 0xff, 0xff, 0xff, 0xff, 0xff, 0xdf, 0xdf, 0xdf, 0xdf, 0xdf, 0xdf, 0xdf, 0xdf, 0xdf, 
  0xdf, 0xdf, 0xdf, 0xdf, 0xdf, 0xdf, 0xdf, 0xdf, 0xdf, 0xdf, 0xff, 0xff, 0xff, 0xff, 0xff, 0xff, 0xff, 0xff, 0xff, 0xff, 0xff, 0xff, 0xff, 0xff, 0xff, 0xff, 0xff, 0xff, 0xff, 0xff, 0xff, 0xff, 0xff, 0xff, 0xff, 0xff, 0xff, 0xff, 0xff, 0xff, 0xff, 0xff, 0xff, 0xff, 0xff, 0xff, 0xff, 0xff, 0xff, 0xff, 0xff, 0xff, 0xff, 0xff, 0xff, 0xff, 0xff, 0xff, 0xff, 0xff, 0xff, 0xff, 0xff, 0xff, 0xff, 0xff, 0xff, 0xff, 0xff, 0xff, 0xff, 0xff, 0xff, 0xff, 0xff, 0xff, 0xff, 0xff, 0xff, 0xff, 0xff, 0xdf, 0xdf, 0xdf, 0xdf, 0xdf, 0xdf, 0xdf, 0xdf, 0xdf, 
  0xdf, 0xdf, 0xdf, 0xdf, 0xdf, 0xdf, 0xdf, 0xdf, 0xdf, 0xdf, 0xff, 0xff, 0xff, 0xff, 0xff, 0xff, 0xff, 0xff, 0xff, 0xff, 0xff, 0xff, 0xff, 0xff, 0xff, 0xff, 0xff, 0xff, 0xff, 0xff, 0xff, 0xff, 0xff, 0xff, 0xff, 0xff, 0xff, 0xff, 0xff, 0xff, 0xff, 0xff, 0xff, 0xff, 0xff, 0xff, 0xff, 0xff, 0xff, 0xff, 0xff, 0xff, 0xff, 0xff, 0xff, 0xff, 0xff, 0xff, 0xff, 0xff, 0xff, 0xff, 0xff, 0xff, 0xff, 0xff, 0xff, 0xff, 0xff, 0xff, 0xff, 0xff, 0xff, 0xff, 0xff, 0xff, 0xff, 0xff, 0xff, 0xff, 0xdf, 0xdf, 0xdf, 0xdf, 0xdf, 0xdf, 0xdf, 0xdf, 0xdf, 0xdf, 
  0xdf, 0xdf, 0xdf, 0xdf, 0xdf, 0xdf, 0xdf, 0xdf, 0xff, 0xff, 0xff, 0xff, 0xff, 0xff, 0xff, 0xff, 0xff, 0xff, 0xff, 0xff, 0xff, 0xff, 0xff, 0xff, 0xff, 0xff, 0xff, 0xff, 0xff, 0xff, 0xff, 0xff, 0xff, 0xff, 0xff, 0xff, 0xff, 0xff, 0xff, 0xff, 0xff, 0xff, 0xff, 0xff, 0xff, 0xff, 0xff, 0xff, 0xff, 0xff, 0xff, 0xff, 0xff, 0xff, 0xff, 0xff, 0xff, 0xff, 0xff, 0xff, 0xff, 0xff, 0xff, 0xff, 0xff, 0xff, 0xff, 0xff, 0xff, 0xff, 0xff, 0xff, 0xff, 0xff, 0xff, 0xff, 0xff, 0xff, 0xff, 0xff, 0xff, 0xdf, 0xdf, 0xdf, 0xdf, 0xdf, 0xdf, 0xdf, 0xdf, 0xdf, 
  0xdf, 0xdf, 0xdf, 0xdf, 0xdf, 0xdf, 0xdf, 0xff, 0xff, 0xff, 0xff, 0xff, 0xff, 0xff, 0xff, 0xff, 0xff, 0xff, 0xff, 0xff, 0xff, 0xff, 0xff, 0xff, 0xff, 0xff, 0xff, 0xff, 0xff, 0xff, 0xff, 0xff, 0xff, 0xff, 0xff, 0xff, 0xff, 0xff, 0xff, 0xff, 0xff, 0xff, 0xff, 0xff, 0xff, 0xff, 0xff, 0xff, 0xff, 0xff, 0xff, 0xff, 0xff, 0xff, 0xff, 0xff, 0xff, 0xff, 0xff, 0xff, 0xff, 0xff, 0xff, 0xff, 0xff, 0xff, 0xff, 0xff, 0xff, 0xff, 0xff, 0xff, 0xff, 0xff, 0xff, 0xff, 0xff, 0xff, 0xff, 0xff, 0xff, 0xdf, 0xdf, 0xdf, 0xdf, 0xdf, 0xdf, 0xdf, 0xdf, 0xdf, 
  0xdf, 0xdf, 0xdf, 0xdf, 0xdf, 0xdf, 0xff, 0xff, 0xff, 0xff, 0xff, 0xff, 0xff, 0xff, 0xff, 0xff, 0xff, 0xff, 0xff, 0xff, 0xff, 0xff, 0xff, 0xff, 0xff, 0xff, 0xff, 0xff, 0xff, 0xff, 0xff, 0xff, 0xff, 0xff, 0xff, 0xff, 0xff, 0xff, 0xff, 0xff, 0xff, 0xff, 0xff, 0xff, 0xff, 0xff, 0xff, 0xff, 0xff, 0xff, 0xff, 0xff, 0xff, 0xff, 0xff, 0xff, 0xff, 0xff, 0xff, 0xff, 0xff, 0xff, 0xff, 0xff, 0xff, 0xff, 0xff, 0xff, 0xff, 0xff, 0xff, 0xff, 0xff, 0xff, 0xff, 0xff, 0xff, 0xff, 0xff, 0xff, 0xff, 0xdf, 0xdf, 0xdf, 0xdf, 0xdf, 0xdf, 0xdf, 0xdf, 0xdf, 
  0xdf, 0xdf, 0xdf, 0xdf, 0xdf, 0xff, 0xff, 0xff, 0xff, 0xff, 0xff, 0xff, 0xff, 0xff, 0xff, 0xff, 0xff, 0xff, 0xff, 0xff, 0xff, 0xff, 0xff, 0xff, 0xff, 0xff, 0xff, 0xff, 0xff, 0xff, 0xff, 0xff, 0xff, 0xff, 0xff, 0xff, 0xff, 0xff, 0xff, 0xff, 0xff, 0xff, 0xff, 0xff, 0xff, 0xff, 0xff, 0xff, 0xff, 0xff, 0xff, 0xff, 0xff, 0xff, 0xff, 0xff, 0xff, 0xff, 0xff, 0xff, 0xff, 0xff, 0xff, 0xff, 0xff, 0xff, 0xff, 0xff, 0xff, 0xff, 0xff, 0xff, 0xff, 0xff, 0xff, 0xff, 0xff, 0xff, 0xff, 0xff, 0xff, 0xdf, 0xdf, 0xdf, 0xdf, 0xdf, 0xdf, 0xdf, 0xdf, 0xdf, 
  0xdf, 0xdf, 0xdf, 0xff, 0xff, 0xff, 0xff, 0xff, 0xff, 0xff, 0xff, 0xff, 0xff, 0xff, 0xff, 0xff, 0xff, 0xff, 0xff, 0xff, 0xff, 0xff, 0xff, 0xff, 0xff, 0xff, 0xff, 0xff, 0xff, 0xff, 0xff, 0xff, 0xff, 0xff, 0xff, 0xff, 0xff, 0xff, 0xff, 0xff, 0xff, 0xff, 0xff, 0xff, 0xff, 0xff, 0xff, 0xff, 0xff, 0xff, 0xff, 0xff, 0xff, 0xff, 0xff, 0xff, 0xff, 0xff, 0xff, 0xff, 0xff, 0xff, 0xff, 0xff, 0xff, 0xff, 0xff, 0xff, 0xff, 0xff, 0xff, 0xff, 0xff, 0xff, 0xff, 0xff, 0xff, 0xff, 0xff, 0xff, 0xff, 0xff, 0xdf, 0xdf, 0xdf, 0xdf, 0xdf, 0xdf, 0xdf, 0xdf, 
  0xdf, 0xdf, 0xdf, 0xff, 0xff, 0xff, 0xff, 0xff, 0xff, 0xff, 0xff, 0xff, 0xff, 0xff, 0xff, 0xff, 0xff, 0xff, 0xff, 0xff, 0xff, 0xff, 0xff, 0xff, 0xff, 0xff, 0xff, 0xff, 0xff, 0xff, 0xff, 0xff, 0xff, 0xff, 0xff, 0xff, 0xff, 0xff, 0xff, 0xff, 0xff, 0xff, 0xff, 0xff, 0xff, 0xff, 0xff, 0xff, 0xff, 0xff, 0xff, 0xff, 0xff, 0xff, 0xff, 0xff, 0xff, 0xff, 0xff, 0xff, 0xff, 0xff, 0xff, 0xff, 0xff, 0xff, 0xff, 0xff, 0xff, 0xff, 0xff, 0xff, 0xff, 0xff, 0xff, 0xff, 0xff, 0xff, 0xff, 0xff, 0xff, 0xff, 0xdf, 0xdf, 0xdf, 0xdf, 0xdf, 0xdf, 0xdf, 0xdf, 
  0xdf, 0xdf, 0xff, 0xff, 0xff, 0xff, 0xff, 0xff, 0xff, 0xff, 0xff, 0xff, 0xff, 0xff, 0xff, 0xff, 0xff, 0xff, 0xff, 0xff, 0xff, 0xff, 0xff, 0xff, 0xff, 0xff, 0xff, 0xff, 0xff, 0xff, 0xff, 0xff, 0xff, 0xff, 0xff, 0xff, 0xff, 0xff, 0xff, 0xff, 0xff, 0xff, 0xff, 0xff, 0xff, 0xff, 0xff, 0xff, 0xff, 0xff, 0xff, 0xff, 0xff, 0xff, 0xff, 0xff, 0xff, 0xff, 0xff, 0xff, 0xff, 0xff, 0xff, 0xff, 0xff, 0xff, 0xff, 0xff, 0xff, 0xff, 0xff, 0xff, 0xff, 0xff, 0xff, 0xff, 0xff, 0xff, 0xff, 0xff, 0xff, 0xff, 0xdf, 0xdf, 0xdf, 0xdf, 0xdf, 0xdf, 0xdf, 0xdf, 
  0xdf, 0xdf, 0xff, 0xff, 0xff, 0xff, 0xff, 0xff, 0xff, 0xff, 0xff, 0xff, 0xff, 0xff, 0xff, 0xff, 0xff, 0xff, 0xff, 0xff, 0xff, 0xff, 0xff, 0xff, 0xff, 0xff, 0xff, 0xff, 0xff, 0xff, 0xff, 0xff, 0xff, 0xff, 0xff, 0xff, 0xff, 0xff, 0xff, 0xff, 0xff, 0xff, 0xff, 0xff, 0xff, 0xff, 0xff, 0xff, 0xff, 0xff, 0xff, 0xff, 0xff, 0xff, 0xff, 0xff, 0xff, 0xff, 0xff, 0xff, 0xff, 0xff, 0xff, 0xff, 0xff, 0xff, 0xff, 0xff, 0xff, 0xff, 0xff, 0xff, 0xff, 0xff, 0xff, 0xff, 0xff, 0xff, 0xff, 0xff, 0xff, 0xff, 0xdf, 0xdf, 0xdf, 0xdf, 0xdf, 0xdf, 0xdf, 0xdf, 
  0xdf, 0xff, 0xff, 0xff, 0xff, 0xff, 0xff, 0xff, 0xff, 0xff, 0xff, 0xff, 0xff, 0xff, 0xff, 0xff, 0xff, 0xff, 0xff, 0xff, 0xff, 0xff, 0xff, 0xff, 0xff, 0xff, 0xff, 0xff, 0xff, 0xff, 0xff, 0xff, 0xff, 0xff, 0xff, 0xff, 0xff, 0xff, 0xff, 0xff, 0xff, 0xff, 0xff, 0xff, 0xff, 0xff, 0xff, 0xff, 0xff, 0xff, 0xff, 0xff, 0xff, 0xff, 0xff, 0xff, 0xff, 0xff, 0xff, 0xff, 0xff, 0xff, 0xff, 0xff, 0xff, 0xff, 0xff, 0xff, 0xff, 0xff, 0xff, 0xff, 0xff, 0xff, 0xff, 0xff, 0xff, 0xff, 0xff, 0xff, 0xff, 0xff, 0xdf, 0xdf, 0xdf, 0xdf, 0xdf, 0xdf, 0xdf, 0xdf, 
  0xff, 0xff, 0xff, 0xff, 0xff, 0xff, 0xff, 0xff, 0xff, 0xff, 0xff, 0xff, 0xff, 0xff, 0xff, 0xff, 0xff, 0xff, 0xff, 0xff, 0xff, 0xff, 0xff, 0xff, 0xff, 0xff, 0xff, 0xff, 0xff, 0xff, 0xff, 0xff, 0xff, 0xff, 0xff, 0xff, 0xff, 0xff, 0xff, 0xff, 0xff, 0xff, 0xff, 0xff, 0xff, 0xff, 0xff, 0xff, 0xff, 0xff, 0xff, 0xff, 0xff, 0xff, 0xff, 0xff, 0xff, 0xff, 0xff, 0xff, 0xff, 0xff, 0xff, 0xff, 0xff, 0xff, 0xff, 0xff, 0xff, 0xff, 0xff, 0xff, 0xff, 0xff, 0xff, 0xff, 0xff, 0xff, 0xff, 0xff, 0xff, 0xff, 0xdf, 0xdf, 0xdf, 0xdf, 0xdf, 0xdf, 0xdf, 0xdf, 
  0xff, 0xff, 0xff, 0xff, 0xff, 0xff, 0xff, 0xff, 0xff, 0xff, 0xff, 0xff, 0xff, 0xff, 0xff, 0xff, 0xff, 0xff, 0xff, 0xff, 0xff, 0xff, 0xff, 0xff, 0xff, 0xff, 0xff, 0xff, 0xff, 0xff, 0xff, 0xff, 0xff, 0xff, 0xff, 0xff, 0xff, 0xff, 0xff, 0xff, 0xff, 0xff, 0xff, 0xff, 0xff, 0xff, 0xff, 0xff, 0xff, 0xff, 0xff, 0xff, 0xff, 0xff, 0xff, 0xff, 0xff, 0xff, 0xff, 0xff, 0xff, 0xff, 0xff, 0xff, 0xff, 0xff, 0xff, 0xff, 0xff, 0xff, 0xff, 0xff, 0xff, 0xff, 0xff, 0xff, 0xff, 0xff, 0xff, 0xff, 0xff, 0xff, 0xdf, 0xdf, 0xdf, 0xdf, 0xdf, 0xdf, 0xdf, 0xdf, 
  0xff, 0xff, 0xff, 0xff, 0xff, 0xff, 0xff, 0xff, 0xff, 0xff, 0xff, 0xff, 0xff, 0xff, 0xff, 0xff, 0xff, 0xff, 0xff, 0xff, 0xff, 0xff, 0xff, 0xff, 0xff, 0xff, 0xff, 0xff, 0xff, 0xff, 0xff, 0xff, 0xff, 0xff, 0xff, 0xff, 0xff, 0xff, 0xff, 0xff, 0xff, 0xff, 0xff, 0xff, 0xff, 0xff, 0xff, 0xff, 0xff, 0xff, 0xff, 0xff, 0xff, 0xff, 0xff, 0xff, 0xff, 0xff, 0xff, 0xff, 0xff, 0xff, 0xff, 0xff, 0xff, 0xff, 0xff, 0xff, 0xff, 0xff, 0xff, 0xff, 0xff, 0xff, 0xff, 0xff, 0xff, 0xff, 0xff, 0xff, 0xff, 0xff, 0xdf, 0xdf, 0xdf, 0xdf, 0xdf, 0xdf, 0xdf, 0xdf, 
  0xff, 0xff, 0xff, 0xff, 0xff, 0xff, 0xff, 0xff, 0xff, 0xff, 0xff, 0xff, 0xff, 0xff, 0xff, 0xff, 0xff, 0xff, 0xff, 0xff, 0xff, 0xff, 0xff, 0xff, 0xff, 0xff, 0xff, 0xff, 0xff, 0xff, 0xff, 0xff, 0xff, 0xff, 0xff, 0xff, 0xff, 0xff, 0xff, 0xff, 0xff, 0xff, 0xff, 0xff, 0xff, 0xff, 0xff, 0xff, 0xff, 0xff, 0xff, 0xff, 0xff, 0xff, 0xff, 0xff, 0xff, 0xff, 0xff, 0xff, 0xff, 0xff, 0xff, 0xff, 0xff, 0xff, 0xff, 0xff, 0xff, 0xff, 0xff, 0xff, 0xff, 0xff, 0xff, 0xff, 0xff, 0xff, 0xff, 0xff, 0xff, 0xff, 0xdf, 0xdf, 0xdf, 0xdf, 0xdf, 0xdf, 0xdf, 0xdf, 
  0xff, 0xff, 0xff, 0xff, 0xff, 0xff, 0xff, 0xff, 0xff, 0xff, 0xff, 0xff, 0xff, 0xff, 0xff, 0xff, 0xff, 0xff, 0xff, 0xff, 0xff, 0xff, 0xff, 0xff, 0xff, 0xff, 0xff, 0xff, 0xff, 0xff, 0xff, 0xff, 0xff, 0xff, 0xff, 0xff, 0xff, 0xff, 0xff, 0xff, 0xff, 0xff, 0xff, 0xff, 0xff, 0xff, 0xff, 0xff, 0xff, 0xff, 0xff, 0xff, 0xff, 0xff, 0xff, 0xff, 0xff, 0xff, 0xff, 0xff, 0xff, 0xff, 0xff, 0xff, 0xff, 0xff, 0xff, 0xff, 0xff, 0xff, 0xff, 0xff, 0xff, 0xff, 0xff, 0xff, 0xff, 0xff, 0xff, 0xff, 0xff, 0xff, 0xdf, 0xdf, 0xdf, 0xdf, 0xdf, 0xdf, 0xdf, 0xdf, 
  0xff, 0xff, 0xff, 0xff, 0xff, 0xff, 0xff, 0xff, 0xff, 0xff, 0xff, 0xff, 0xff, 0xff, 0xff, 0xff, 0xff, 0xff, 0xff, 0xff, 0xff, 0xff, 0xff, 0xff, 0xff, 0xff, 0xff, 0xff, 0xff, 0xff, 0xff, 0xff, 0xff, 0xff, 0xff, 0xff, 0xff, 0xff, 0xff, 0xff, 0xff, 0xff, 0xff, 0xff, 0xff, 0xff, 0xff, 0xff, 0xff, 0xff, 0xff, 0xff, 0xff, 0xff, 0xff, 0xff, 0xff, 0xff, 0xff, 0xff, 0xff, 0xff, 0xff, 0xff, 0xff, 0xff, 0xff, 0xff, 0xff, 0xff, 0xff, 0xff, 0xff, 0xff, 0xff, 0xff, 0xff, 0xff, 0xff, 0xff, 0xff, 0xff, 0xdf, 0xdf, 0xdf, 0xdf, 0xdf, 0xdf, 0xdf, 0xdf, 
  0xff, 0xff, 0xff, 0xff, 0xff, 0xff, 0xff, 0xff, 0xff, 0xff, 0xff, 0xff, 0xff, 0xff, 0xff, 0xff, 0xff, 0xff, 0xff, 0xff, 0xff, 0xff, 0xff, 0xff, 0xff, 0xff, 0xff, 0xff, 0xff, 0xff, 0xff, 0xff, 0xff, 0xff, 0xff, 0xff, 0xff, 0xff, 0xff, 0xff, 0xff, 0xff, 0xff, 0xff, 0xff, 0xff, 0xff, 0xff, 0xff, 0xff, 0xff, 0xff, 0xff, 0xff, 0xff, 0xff, 0xff, 0xff, 0xff, 0xff, 0xff, 0xff, 0xff, 0xff, 0xff, 0xff, 0xff, 0xff, 0xff, 0xff, 0xff, 0xff, 0xff, 0xff, 0xff, 0xff, 0xff, 0xff, 0xff, 0xff, 0xff, 0xdf, 0xdf, 0xdf, 0xdf, 0xdf, 0xdf, 0xdf, 0xdf, 0xdf, 
  0xff, 0xff, 0xff, 0xff, 0xff, 0xff, 0xff, 0xff, 0xff, 0xff, 0xff, 0xff, 0xff, 0xff, 0xff, 0xff, 0xff, 0xff, 0xff, 0xff, 0xff, 0xff, 0xff, 0xff, 0xff, 0xff, 0xff, 0xff, 0xff, 0xff, 0xff, 0xff, 0xff, 0xff, 0xff, 0xff, 0xff, 0xff, 0xff, 0xff, 0xff, 0xff, 0xff, 0xff, 0xff, 0xff, 0xff, 0xff, 0xff, 0xff, 0xff, 0xff, 0xff, 0xff, 0xff, 0xff, 0xff, 0xff, 0xff, 0xff, 0xff, 0xff, 0xff, 0xff, 0xff, 0xff, 0xff, 0xff, 0xff, 0xff, 0xff, 0xff, 0xff, 0xff, 0xff, 0xff, 0xff, 0xff, 0xff, 0xff, 0xdf, 0xdf, 0xdf, 0xdf, 0xdf, 0xdf, 0xdf, 0xdf, 0xdf, 0xdf, 
  0xff, 0xff, 0xff, 0xff, 0xff, 0xff, 0xff, 0xff, 0xff, 0xff, 0xff, 0xff, 0xff, 0xff, 0xff, 0xff, 0xff, 0xff, 0xff, 0xff, 0xff, 0xff, 0xff, 0xff, 0xff, 0xff, 0xff, 0xff, 0xff, 0xff, 0xff, 0xff, 0xff, 0xff, 0xff, 0xff, 0xff, 0xff, 0xff, 0xff, 0xff, 0xff, 0xff, 0xff, 0xff, 0xff, 0xff, 0xff, 0xff, 0xff, 0xff, 0xff, 0xff, 0xff, 0xff, 0xff, 0xff, 0xff, 0xff, 0xff, 0xff, 0xff, 0xff, 0xff, 0xff, 0xff, 0xff, 0xff, 0xff, 0xff, 0xff, 0xff, 0xff, 0xff, 0xff, 0xff, 0xff, 0xff, 0xff, 0xff, 0xdf, 0xdf, 0xdf, 0xdf, 0xdf, 0xdf, 0xdf, 0xdf, 0xdf, 0xdf, 
  0xff, 0xff, 0xff, 0xff, 0xff, 0xff, 0xff, 0xff, 0xff, 0xff, 0xff, 0xff, 0xff, 0xff, 0xff, 0xff, 0xff, 0xff, 0xff, 0xff, 0xff, 0xff, 0xff, 0xff, 0xff, 0xff, 0xff, 0xff, 0xff, 0xff, 0xff, 0xff, 0xff, 0xff, 0xff, 0xff, 0xff, 0xff, 0xff, 0xff, 0xff, 0xff, 0xff, 0xff, 0xff, 0xff, 0xff, 0xff, 0xff, 0xff, 0xff, 0xff, 0xff, 0xff, 0xff, 0xff, 0xff, 0xff, 0xff, 0xff, 0xff, 0xff, 0xff, 0xff, 0xff, 0xff, 0xff, 0xff, 0xff, 0xff, 0xff, 0xff, 0xff, 0xff, 0xff, 0xff, 0xff, 0xff, 0xff, 0xff, 0xdf, 0xdf, 0xdf, 0xdf, 0xdf, 0xdf, 0xdf, 0xdf, 0xdf, 0xdf, 
  0xff, 0xff, 0xff, 0xff, 0xff, 0xff, 0xff, 0xff, 0xff, 0xff, 0xff, 0xff, 0xff, 0xff, 0xff, 0xff, 0xff, 0xff, 0xff, 0xff, 0xff, 0xff, 0xff, 0xff, 0xff, 0xff, 0xff, 0xff, 0xff, 0xff, 0xff, 0xff, 0xff, 0xff, 0xff, 0xff, 0xff, 0xff, 0xff, 0xff, 0xff, 0xff, 0xff, 0xff, 0xff, 0xff, 0xff, 0xff, 0xff, 0xff, 0xff, 0xff, 0xff, 0xff, 0xff, 0xff, 0xff, 0xff, 0xff, 0xff, 0xff, 0xff, 0xff, 0xff, 0xff, 0xff, 0xff, 0xff, 0xff, 0xff, 0xff, 0xff, 0xff, 0xff, 0xff, 0xff, 0xff, 0xff, 0xff, 0xdf, 0xdf, 0xdf, 0xdf, 0xdf, 0xdf, 0xdf, 0xdf, 0xdf, 0xdf, 0xdf, 
  0xdf, 0xff, 0xff, 0xff, 0xff, 0xff, 0xff, 0xff, 0xff, 0xff, 0xff, 0xff, 0xff, 0xff, 0xff, 0xff, 0xff, 0xff, 0xff, 0xff, 0xff, 0xff, 0xff, 0xff, 0xff, 0xff, 0xff, 0xff, 0xff, 0xff, 0xff, 0xff, 0xff, 0xff, 0xff, 0xff, 0xff, 0xff, 0xff, 0xff, 0xff, 0xff, 0xff, 0xff, 0xff, 0xff, 0xff, 0xff, 0xff, 0xff, 0xff, 0xff, 0xff, 0xff, 0xff, 0xff, 0xff, 0xff, 0xff, 0xff, 0xff, 0xff, 0xff, 0xff, 0xff, 0xff, 0xff, 0xff, 0xff, 0xff, 0xff, 0xff, 0xff, 0xff, 0xff, 0xff, 0xff, 0xff, 0xff, 0xdf, 0xdf, 0xdf, 0xdf, 0xdf, 0xdf, 0xdf, 0xdf, 0xdf, 0xdf, 0xdf, 
  0xdf, 0xdf, 0xff, 0xff, 0xff, 0xff, 0xff, 0xff, 0xff, 0xff, 0xff, 0xff, 0xff, 0xff, 0xff, 0xff, 0xff, 0xff, 0xff, 0xff, 0xff, 0xff, 0xff, 0xff, 0xff, 0xff, 0xff, 0xff, 0xff, 0xff, 0xff, 0xff, 0xff, 0xff, 0xff, 0xff, 0xff, 0xff, 0xff, 0xff, 0xff, 0xff, 0xff, 0xff, 0xff, 0xff, 0xff, 0xff, 0xff, 0xff, 0xff, 0xff, 0xff, 0xff, 0xff, 0xff, 0xff, 0xff, 0xff, 0xff, 0xff, 0xff, 0xff, 0xff, 0xff, 0xff, 0xff, 0xff, 0xff, 0xff, 0xff, 0xff, 0xff, 0xff, 0xff, 0xff, 0xff, 0xff, 0xdf, 0xdf, 0xdf, 0xdf, 0xdf, 0xdf, 0xdf, 0xdf, 0xdf, 0xdf, 0xdf, 0xdf, 
  0xdf, 0xdf, 0xdf, 0xff, 0xff, 0xff, 0xff, 0xff, 0xff, 0xff, 0xff, 0xff, 0xff, 0xff, 0xff, 0xff, 0xff, 0xff, 0xff, 0xff, 0xff, 0xff, 0xff, 0xff, 0xff, 0xff, 0xff, 0xff, 0xff, 0xff, 0xff, 0xff, 0xff, 0xff, 0xff, 0xff, 0xff, 0xff, 0xff, 0xff, 0xff, 0xff, 0xff, 0xff, 0xff, 0xff, 0xff, 0xff, 0xff, 0xff, 0xff, 0xff, 0xff, 0xff, 0xff, 0xff, 0xff, 0xff, 0xff, 0xff, 0xff, 0xff, 0xff, 0xff, 0xff, 0xff, 0xff, 0xff, 0xff, 0xff, 0xff, 0xff, 0xff, 0xff, 0xff, 0xff, 0xff, 0xdf, 0xdf, 0xdf, 0xdf, 0xdf, 0xdf, 0xdf, 0xdf, 0xdf, 0xdf, 0xdf, 0xdf, 0xdf, 
  0xdf, 0xdf, 0xdf, 0xff, 0xff, 0xff, 0xff, 0xff, 0xff, 0xff, 0xff, 0xff, 0xff, 0xff, 0xff, 0xff, 0xff, 0xff, 0xff, 0xff, 0xff, 0xff, 0xff, 0xff, 0xff, 0xff, 0xff, 0xff, 0xff, 0xff, 0xff, 0xff, 0xff, 0xff, 0xff, 0xff, 0xff, 0xff, 0xff, 0xff, 0xff, 0xff, 0xff, 0xff, 0xff, 0xff, 0xff, 0xff, 0xff, 0xff, 0xff, 0xff, 0xff, 0xff, 0xff, 0xff, 0xff, 0xff, 0xff, 0xff, 0xff, 0xff, 0xff, 0xff, 0xff, 0xff, 0xff, 0xff, 0xff, 0xff, 0xff, 0xff, 0xff, 0xff, 0xff, 0xff, 0xdf, 0xdf, 0xdf, 0xdf, 0xdf, 0xdf, 0xdf, 0xdf, 0xdf, 0xdf, 0xdf, 0xdf, 0xdf, 0xdf, 
  0xdf, 0xdf, 0xdf, 0xdf, 0xff, 0xff, 0xff, 0xff, 0xff, 0xff, 0xff, 0xff, 0xff, 0xff, 0xff, 0xff, 0xff, 0xff, 0xff, 0xff, 0xff, 0xff, 0xff, 0xff, 0xff, 0xff, 0xff, 0xff, 0xff, 0xff, 0xff, 0xff, 0xff, 0xff, 0xff, 0xff, 0xff, 0xff, 0xff, 0xff, 0xff, 0xff, 0xff, 0xff, 0xff, 0xff, 0xff, 0xff, 0xff, 0xff, 0xff, 0xff, 0xff, 0xff, 0xff, 0xff, 0xff, 0xff, 0xff, 0xff, 0xff, 0xff, 0xff, 0xff, 0xff, 0xff, 0xff, 0xff, 0xff, 0xff, 0xff, 0xff, 0xff, 0xff, 0xff, 0xdf, 0xdf, 0xdf, 0xdf, 0xdf, 0xdf, 0xdf, 0xdf, 0xdf, 0xdf, 0xdf, 0xdf, 0xdf, 0xdf, 0xdf, 
  0xdf, 0xdf, 0xdf, 0xdf, 0xdf, 0xff, 0xff, 0xff, 0xff, 0xff, 0xff, 0xff, 0xff, 0xff, 0xff, 0xff, 0xff, 0xff, 0xff, 0xff, 0xff, 0xff, 0xff, 0xff, 0xff, 0xff, 0xff, 0xff, 0xff, 0xff, 0xff, 0xff, 0xff, 0xff, 0xff, 0xff, 0xff, 0xff, 0xff, 0xff, 0xff, 0xff, 0xff, 0xff, 0xff, 0xff, 0xff, 0xff, 0xff, 0xff, 0xff, 0xff, 0xff, 0xff, 0xff, 0xff, 0xff, 0xff, 0xff, 0xff, 0xff, 0xff, 0xff, 0xff, 0xff, 0xff, 0xff, 0xff, 0xff, 0xff, 0xff, 0xff, 0xff, 0xff, 0xdf, 0xdf, 0xdf, 0xdf, 0xdf, 0xdf, 0xdf, 0xdf, 0xdf, 0xdf, 0xdf, 0xdf, 0xdf, 0xdf, 0xdf, 0xdf, 
  0xdf, 0xdf, 0xdf, 0xdf, 0xdf, 0xdf, 0xff, 0xff, 0xff, 0xff, 0xff, 0xff, 0xff, 0xff, 0xff, 0xff, 0xff, 0xff, 0xff, 0xff, 0xff, 0xff, 0xff, 0xff, 0xff, 0xff, 0xff, 0xff, 0xff, 0xff, 0xff, 0xff, 0xff, 0xff, 0xff, 0xff, 0xff, 0xff, 0xff, 0xff, 0xff, 0xff, 0xff, 0xff, 0xff, 0xff, 0xff, 0xff, 0xff, 0xff, 0xff, 0xff, 0xff, 0xff, 0xff, 0xff, 0xff, 0xff, 0xff, 0xff, 0xff, 0xff, 0xff, 0xff, 0xff, 0xff, 0xff, 0xff, 0xff, 0xff, 0xff, 0xff, 0xff, 0xdf, 0xdf, 0xdf, 0xdf, 0xdf, 0xdf, 0xdf, 0xdf, 0xdf, 0xdf, 0xdf, 0xdf, 0xdf, 0xdf, 0xdf, 0xdf, 0xdf, 
  0xdf, 0xdf, 0xdf, 0xdf, 0xdf, 0xdf, 0xdf, 0xff, 0xff, 0xff, 0xff, 0xff, 0xff, 0xff, 0xff, 0xff, 0xff, 0xff, 0xff, 0xff, 0xff, 0xff, 0xff, 0xff, 0xff, 0xff, 0xff, 0xff, 0xff, 0xff, 0xff, 0xff, 0xff, 0xff, 0xff, 0xff, 0xff, 0xff, 0xff, 0xff, 0xff, 0xff, 0xff, 0xff, 0xff, 0xff, 0xff, 0xff, 0xff, 0xff, 0xff, 0xff, 0xff, 0xff, 0xff, 0xff, 0xff, 0xff, 0xff, 0xff, 0xff, 0xff, 0xff, 0xff, 0xff, 0xff, 0xff, 0xff, 0xff, 0xff, 0xdf, 0xdf, 0xdf, 0xdf, 0xdf, 0xdf, 0xdf, 0xdf, 0xdf, 0xdf, 0xdf, 0xdf, 0xdf, 0xdf, 0xdf, 0xdf, 0xdf, 0xdf, 0xdf, 0xdf, 
  0xdf, 0xdf, 0xdf, 0xdf, 0xdf, 0xdf, 0xdf, 0xdf, 0xdf, 0xff, 0xff, 0xff, 0xff, 0xff, 0xff, 0xff, 0xff, 0xff, 0xff, 0xff, 0xff, 0xff, 0xff, 0xff, 0xff, 0xff, 0xff, 0xff, 0xff, 0xff, 0xff, 0xff, 0xff, 0xff, 0xff, 0xff, 0xff, 0xff, 0xff, 0xff, 0xff, 0xff, 0xff, 0xff, 0xff, 0xff, 0xff, 0xff, 0xff, 0xff, 0xff, 0xff, 0xff, 0xff, 0xff, 0xff, 0xff, 0xff, 0xff, 0xff, 0xff, 0xff, 0xff, 0xff, 0xff, 0xff, 0xff, 0xff, 0xdf, 0xdf, 0xdf, 0xdf, 0xdf, 0xdf, 0xdf, 0xdf, 0xdf, 0xdf, 0xdf, 0xdf, 0xdf, 0xdf, 0xdf, 0xdf, 0xdf, 0xdf, 0xdf, 0xdf, 0xdf, 0xdf, 
#endif
#if LV_COLOR_DEPTH == 16 && LV_COLOR_16_SWAP == 0
  /*Pixel format: Red: 5 bit, Green: 6 bit, Blue: 5 bit*/
  0xf8, 0xc7, 0xf8, 0xc7, 0xf8, 0xc7, 0xf8, 0xc7, 0xf8, 0xc7, 0xf8, 0xc7, 0xf8, 0xc7, 0xf8, 0xc7, 0xf8, 0xc7, 0xf8, 0xc7, 0xf8, 0xc7, 0xf8, 0xc7, 0xf8, 0xc7, 0xf8, 0xc7, 0xf8, 0xc7, 0xf8, 0xc7, 0xf8, 0xc7, 0xf8, 0xc7, 0xf8, 0xc7, 0xf8, 0xc7, 0xf8, 0xc7, 0xf8, 0xc7, 0xf8, 0xc7, 0xf8, 0xc7, 0xf8, 0xc7, 0xf8, 0xc7, 0xf8, 0xc7, 0xf8, 0xc7, 0xf8, 0xc7, 0xf8, 0xc7, 0xf8, 0xc7, 0xf8, 0xc7, 0xf8, 0xc7, 0xf8, 0xc7, 0xf8, 0xc7, 0xf8, 0xc7, 0xf8, 0xc7, 0xf8, 0xc7, 0xf8, 0xc7, 0xf8, 0xc7, 0xf8, 0xc7, 0xf8, 0xc7, 0xf8, 0xc7, 0xf8, 0xc7, 0xf8, 0xc7, 0xf8, 0xc7, 0xf8, 0xc7, 0xf8, 0xc7, 0xf7, 0xc7, 0xf7, 0xc7, 0xf8, 0xc7, 0xf8, 0xc7, 0xf8, 0xcf, 0xd8, 0xcf, 0xd9, 0xcf, 0xd9, 0xd7, 0x99, 0xdf, 0x79, 0xe7, 0x59, 0xef, 0x99, 0xe7, 0xd8, 0xd7, 0xf8, 0xcf, 0xf8, 0xc7, 0xf8, 0xc7, 0xf8, 0xc7, 0xf8, 0xc7, 0xf8, 0xc7, 0xf8, 0xc7, 0xf8, 0xc7, 0xf8, 0xc7, 0xf8, 0xc7, 0xf8, 0xc7, 0xf8, 0xc7, 0xf8, 0xc7, 0xf8, 0xc7, 0xf8, 0xc7, 0xf8, 0xc7, 0xf8, 0xc7, 0xf8, 0xc7, 0xf8, 0xc7, 0xf8, 0xc7, 0xf8, 0xc7, 0xf8, 0xc7, 0xf8, 0xc7, 0xf8, 0xc7, 0xf8, 0xc7, 0xf8, 0xc7, 0xf8, 0xc7, 0xf8, 0xc7, 0xf8, 0xc7, 
  0xf8, 0xc7, 0xf8, 0xc7, 0xf8, 0xc7, 0xf8, 0xc7, 0xf8, 0xc7, 0xf8, 0xc7, 0xf8, 0xc7, 0xf8, 0xc7, 0xf8, 0xc7, 0xf8, 0xc7, 0xf8, 0xc7, 0xf8, 0xc7, 0xf8, 0xc7, 0xf8, 0xc7, 0xf8, 0xc7, 0xf8, 0xc7, 0xf8, 0xc7, 0xf8, 0xc7, 0xf8, 0xc7, 0xf8, 0xc7, 0xf8, 0xc7, 0xf8, 0xc7, 0xf8, 0xc7, 0xf8, 0xc7, 0xf8, 0xc7, 0xf8, 0xc7, 0xf8, 0xc7, 0xf8, 0xc7, 0xf8, 0xc7, 0xf8, 0xc7, 0xf8, 0xc7, 0xf8, 0xc7, 0xf8, 0xc7, 0xf8, 0xc7, 0xf8, 0xc7, 0xf8, 0xc7, 0xf8, 0xc7, 0xf8, 0xc7, 0xf8, 0xc7, 0xf8, 0xc7, 0xf8, 0xc7, 0xf8, 0xc7, 0xf8, 0xc7, 0xf8, 0xc7, 0xf8, 0xc7, 0xf8, 0xc7, 0xf8, 0xc7, 0xf8, 0xc7, 0xf7, 0xc7, 0xf7, 0xc7, 0xf8, 0xc7, 0xf8, 0xcf, 0xd8, 0xcf, 0xd8, 0xd7, 0xd9, 0xd7, 0xb9, 0xd7, 0x79, 0xe7, 0x59, 0xe7, 0x58, 0xef, 0x78, 0xe7, 0xd8, 0xd7, 0xf8, 0xcf, 0xf8, 0xc7, 0xf8, 0xc7, 0xf8, 0xc7, 0xf8, 0xc7, 0xf8, 0xc7, 0xf8, 0xc7, 0xf8, 0xc7, 0xf8, 0xc7, 0xf8, 0xc7, 0xf8, 0xc7, 0xf8, 0xc7, 0xf8, 0xc7, 0xf8, 0xc7, 0xf8, 0xc7, 0xf8, 0xc7, 0xf8, 0xc7, 0xf8, 0xc7, 0xf8, 0xc7, 0xf8, 0xc7, 0xf8, 0xc7, 0xf8, 0xc7, 0xf8, 0xc7, 0xf8, 0xc7, 0xf8, 0xc7, 0xf8, 0xc7, 0xf8, 0xc7, 0xf8, 0xc7, 0xf8, 0xc7, 
  0xf8, 0xc7, 0xf8, 0xc7, 0xf8, 0xc7, 0xf8, 0xc7, 0xf8, 0xc7, 0xf8, 0xc7, 0xf8, 0xc7, 0xf8, 0xc7, 0xf8, 0xc7, 0xf8, 0xc7, 0xf8, 0xc7, 0xf8, 0xc7, 0xf8, 0xc7, 0xf8, 0xc7, 0xf8, 0xc7, 0xf8, 0xc7, 0xf8, 0xc7, 0xf8, 0xc7, 0xf8, 0xc7, 0xf8, 0xc7, 0xf8, 0xc7, 0xf8, 0xc7, 0xf8, 0xc7, 0xf8, 0xc7, 0xf8, 0xc7, 0xf8, 0xc7, 0xf8, 0xc7, 0xf8, 0xc7, 0xf8, 0xc7, 0xf8, 0xc7, 0xf8, 0xc7, 0xf8, 0xc7, 0xf8, 0xc7, 0xf8, 0xc7, 0xf8, 0xc7, 0xf8, 0xc7, 0xf8, 0xc7, 0xf8, 0xc7, 0xf8, 0xc7, 0xf8, 0xc7, 0xf8, 0xc7, 0xf8, 0xc7, 0xf8, 0xc7, 0xf8, 0xc7, 0xf8, 0xc7, 0xf8, 0xc7, 0xf8, 0xc7, 0xf8, 0xcf, 0xf8, 0xc7, 0xf8, 0xcf, 0xf8, 0xcf, 0xd8, 0xcf, 0xb8, 0xd7, 0xb8, 0xdf, 0x99, 0xd7, 0x79, 0xdf, 0x59, 0xe7, 0x58, 0xef, 0x58, 0xef, 0x78, 0xe7, 0xd8, 0xd7, 0xf8, 0xcf, 0xf8, 0xc7, 0xf8, 0xc7, 0xf8, 0xc7, 0xf8, 0xc7, 0xf8, 0xc7, 0xf8, 0xc7, 0xf8, 0xc7, 0xf8, 0xc7, 0xf8, 0xc7, 0xf8, 0xc7, 0xf8, 0xc7, 0xf8, 0xc7, 0xf8, 0xc7, 0xf8, 0xc7, 0xf8, 0xc7, 0xf8, 0xc7, 0xf8, 0xc7, 0xf8, 0xc7, 0xf8, 0xc7, 0xf8, 0xc7, 0xf8, 0xc7, 0xf8, 0xc7, 0xf8, 0xc7, 0xf8, 0xc7, 0xf8, 0xc7, 0xf8, 0xc7, 0xf8, 0xc7, 0xf8, 0xc7, 
  0xf8, 0xc7, 0xf8, 0xc7, 0xf8, 0xc7, 0xf8, 0xc7, 0xf8, 0xc7, 0xf8, 0xc7, 0xf8, 0xc7, 0xf8, 0xc7, 0xf8, 0xc7, 0xf8, 0xc7, 0xf8, 0xc7, 0xf8, 0xc7, 0xf8, 0xc7, 0xf8, 0xc7, 0xf8, 0xc7, 0xf8, 0xc7, 0xf8, 0xc7, 0xf8, 0xc7, 0xf8, 0xc7, 0xf8, 0xc7, 0xf8, 0xc7, 0xf8, 0xc7, 0xf8, 0xc7, 0xf8, 0xc7, 0xf8, 0xc7, 0xf8, 0xc7, 0xf8, 0xc7, 0xf8, 0xc7, 0xf8, 0xc7, 0xf8, 0xc7, 0xf8, 0xc7, 0xf8, 0xc7, 0xf8, 0xc7, 0xf8, 0xc7, 0xf8, 0xc7, 0xf8, 0xc7, 0xf8, 0xc7, 0xf8, 0xc7, 0xf8, 0xc7, 0xf8, 0xc7, 0xf8, 0xc7, 0xf8, 0xc7, 0xf8, 0xc7, 0xf8, 0xc7, 0xf8, 0xc7, 0xf8, 0xc7, 0xf8, 0xcf, 0xf8, 0xcf, 0xf8, 0xcf, 0xf8, 0xcf, 0xd8, 0xcf, 0xb8, 0xd7, 0x98, 0xdf, 0x78, 0xdf, 0x78, 0xdf, 0x59, 0xe7, 0x59, 0xef, 0x38, 0xef, 0x58, 0xef, 0x78, 0xdf, 0xd8, 0xcf, 0xf8, 0xc7, 0xf8, 0xc7, 0xf8, 0xc7, 0xf8, 0xc7, 0xf8, 0xc7, 0xf8, 0xc7, 0xf8, 0xc7, 0xf8, 0xc7, 0xf8, 0xc7, 0xf8, 0xc7, 0xf8, 0xc7, 0xf8, 0xc7, 0xf8, 0xc7, 0xf8, 0xc7, 0xf8, 0xc7, 0xf8, 0xc7, 0xf8, 0xc7, 0xf8, 0xc7, 0xf8, 0xc7, 0xf8, 0xc7, 0xf8, 0xc7, 0xf8, 0xc7, 0xf8, 0xc7, 0xf8, 0xc7, 0xf8, 0xc7, 0xf8, 0xc7, 0xf8, 0xc7, 0xf8, 0xc7, 0xf8, 0xc7, 
  0xf8, 0xc7, 0xf8, 0xc7, 0xf8, 0xc7, 0xf8, 0xc7, 0xf8, 0xc7, 0xf8, 0xc7, 0xf8, 0xc7, 0xf8, 0xc7, 0xf8, 0xc7, 0xf8, 0xc7, 0xf8, 0xc7, 0xf8, 0xc7, 0xf8, 0xc7, 0xf8, 0xc7, 0xf8, 0xc7, 0xf8, 0xc7, 0xf8, 0xc7, 0xf8, 0xc7, 0xf8, 0xc7, 0xf8, 0xc7, 0xf8, 0xc7, 0xf8, 0xc7, 0xf8, 0xc7, 0xf8, 0xc7, 0xf8, 0xc7, 0xf8, 0xc7, 0xf8, 0xc7, 0xf8, 0xc7, 0xf8, 0xc7, 0xf8, 0xc7, 0xf8, 0xc7, 0xf8, 0xc7, 0xf8, 0xc7, 0xf8, 0xc7, 0xf8, 0xc7, 0xf8, 0xc7, 0xf8, 0xc7, 0xf8, 0xc7, 0xf8, 0xc7, 0xf8, 0xc7, 0xf8, 0xc7, 0xf8, 0xc7, 0xf8, 0xc7, 0xf8, 0xc7, 0xf8, 0xc7, 0xf8, 0xcf, 0xf8, 0xcf, 0xf8, 0xcf, 0xd8, 0xcf, 0xd8, 0xd7, 0xb8, 0xd7, 0x78, 0xdf, 0x58, 0xe7, 0x38, 0xe7, 0x39, 0xef, 0x39, 0xef, 0x39, 0xef, 0x38, 0xef, 0x58, 0xef, 0x78, 0xdf, 0xd8, 0xcf, 0xf8, 0xc7, 0xf8, 0xc7, 0xf8, 0xc7, 0xf8, 0xc7, 0xf8, 0xc7, 0xf8, 0xc7, 0xf8, 0xc7, 0xf8, 0xc7, 0xf8, 0xc7, 0xf8, 0xc7, 0xf8, 0xc7, 0xf8, 0xc7, 0xf8, 0xc7, 0xf8, 0xc7, 0xf8, 0xc7, 0xf8, 0xc7, 0xf8, 0xc7, 0xf8, 0xc7, 0xf8, 0xc7, 0xf8, 0xc7, 0xf8, 0xc7, 0xf8, 0xc7, 0xf8, 0xc7, 0xf8, 0xc7, 0xf8, 0xc7, 0xf8, 0xc7, 0xf8, 0xc7, 0xf8, 0xc7, 0xf8, 0xc7, 
  0xf8, 0xc7, 0xf8, 0xc7, 0xf8, 0xc7, 0xf8, 0xc7, 0xf8, 0xc7, 0xf8, 0xc7, 0xf8, 0xc7, 0xf8, 0xc7, 0xf8, 0xc7, 0xf8, 0xc7, 0xf8, 0xc7, 0xf8, 0xc7, 0xf8, 0xc7, 0xf8, 0xc7, 0xf8, 0xc7, 0xf8, 0xc7, 0xf8, 0xc7, 0xf8, 0xc7, 0xf8, 0xc7, 0xf8, 0xc7, 0xf8, 0xc7, 0xf8, 0xc7, 0xf8, 0xc7, 0xf8, 0xc7, 0xf8, 0xc7, 0xf8, 0xc7, 0xf8, 0xc7, 0xf8, 0xc7, 0xf8, 0xc7, 0xf8, 0xc7, 0xf8, 0xc7, 0xf8, 0xc7, 0xf8, 0xc7, 0xf8, 0xc7, 0xf8, 0xc7, 0xf8, 0xc7, 0xf8, 0xc7, 0xf8, 0xc7, 0xf8, 0xc7, 0xf8, 0xc7, 0xf8, 0xc7, 0xf8, 0xc7, 0xf8, 0xc7, 0xf8, 0xc7, 0xf8, 0xc7, 0xf8, 0xcf, 0xf8, 0xcf, 0xd8, 0xcf, 0xb8, 0xd7, 0x98, 0xd7, 0x78, 0xdf, 0x58, 0xe7, 0x38, 0xe7, 0x18, 0xef, 0x18, 0xef, 0x19, 0xf7, 0x18, 0xf7, 0x38, 0xef, 0x58, 0xe7, 0x98, 0xdf, 0xd8, 0xcf, 0xf8, 0xc7, 0xf8, 0xc7, 0xf8, 0xc7, 0xf8, 0xc7, 0xf8, 0xc7, 0xf8, 0xc7, 0xf8, 0xc7, 0xf8, 0xc7, 0xf8, 0xc7, 0xf8, 0xc7, 0xf8, 0xc7, 0xf8, 0xc7, 0xf8, 0xc7, 0xf8, 0xc7, 0xf8, 0xc7, 0xf8, 0xc7, 0xf8, 0xc7, 0xf8, 0xc7, 0xf8, 0xc7, 0xf8, 0xc7, 0xf8, 0xc7, 0xf8, 0xc7, 0xf8, 0xc7, 0xf8, 0xc7, 0xf8, 0xc7, 0xf8, 0xc7, 0xf8, 0xc7, 0xf8, 0xc7, 0xf8, 0xc7, 
  0xf8, 0xc7, 0xf8, 0xc7, 0xf8, 0xc7, 0xf8, 0xc7, 0xf8, 0xc7, 0xf8, 0xc7, 0xf8, 0xc7, 0xf8, 0xc7, 0xf8, 0xc7, 0xf8, 0xc7, 0xf8, 0xc7, 0xf8, 0xc7, 0xf8, 0xc7, 0xf8, 0xc7, 0xf8, 0xc7, 0xf8, 0xc7, 0xf8, 0xc7, 0xf8, 0xc7, 0xf8, 0xc7, 0xf8, 0xc7, 0xf8, 0xc7, 0xf8, 0xc7, 0xf8, 0xc7, 0xf8, 0xc7, 0xf8, 0xc7, 0xf8, 0xc7, 0xf8, 0xc7, 0xf8, 0xc7, 0xf8, 0xc7, 0xf8, 0xc7, 0xf8, 0xc7, 0xf8, 0xc7, 0xf8, 0xc7, 0xf8, 0xc7, 0xf8, 0xc7, 0xf8, 0xc7, 0xf8, 0xc7, 0xf8, 0xc7, 0xf8, 0xc7, 0xf8, 0xc7, 0xf8, 0xc7, 0xf8, 0xc7, 0xf8, 0xc7, 0xf8, 0xc7, 0xf8, 0xcf, 0xd8, 0xcf, 0xd8, 0xcf, 0xd8, 0xd7, 0x98, 0xd7, 0x78, 0xdf, 0x58, 0xe7, 0x38, 0xe7, 0x18, 0xef, 0x18, 0xf7, 0xf8, 0xf6, 0xf8, 0xf6, 0x18, 0xf7, 0x38, 0xef, 0x78, 0xe7, 0xb8, 0xd7, 0xf8, 0xcf, 0xf8, 0xc7, 0xf8, 0xc7, 0xf8, 0xc7, 0xf8, 0xc7, 0xf8, 0xc7, 0xf8, 0xc7, 0xf8, 0xc7, 0xf8, 0xc7, 0xf8, 0xc7, 0xf8, 0xc7, 0xf8, 0xc7, 0xf8, 0xc7, 0xf8, 0xc7, 0xf8, 0xc7, 0xf8, 0xc7, 0xf8, 0xc7, 0xf8, 0xc7, 0xf8, 0xc7, 0xf8, 0xc7, 0xf8, 0xc7, 0xf8, 0xc7, 0xf8, 0xc7, 0xf8, 0xc7, 0xf8, 0xc7, 0xf8, 0xc7, 0xf8, 0xc7, 0xf8, 0xc7, 0xf8, 0xc7, 0xf8, 0xc7, 
  0xf8, 0xc7, 0xf8, 0xc7, 0xf8, 0xc7, 0xf8, 0xc7, 0xf8, 0xc7, 0xf8, 0xc7, 0xf8, 0xc7, 0xf8, 0xc7, 0xf8, 0xc7, 0xf8, 0xc7, 0xf8, 0xc7, 0xf8, 0xc7, 0xf8, 0xc7, 0xf8, 0xc7, 0xf8, 0xc7, 0xf8, 0xc7, 0xf8, 0xc7, 0xf8, 0xc7, 0xf8, 0xc7, 0xf8, 0xc7, 0xf8, 0xc7, 0xf8, 0xc7, 0xf8, 0xc7, 0xf8, 0xc7, 0xf8, 0xc7, 0xf8, 0xc7, 0xf8, 0xc7, 0xf8, 0xc7, 0xf8, 0xc7, 0xf8, 0xc7, 0xf8, 0xc7, 0xf8, 0xc7, 0xf8, 0xc7, 0xf8, 0xc7, 0xf8, 0xc7, 0xf8, 0xc7, 0xf8, 0xc7, 0xf8, 0xc7, 0xf8, 0xc7, 0xf8, 0xc7, 0xf8, 0xc7, 0xf8, 0xc7, 0xf8, 0xc7, 0xf8, 0xcf, 0xd8, 0xcf, 0xd8, 0xd7, 0xd8, 0xd7, 0xb8, 0xdf, 0x78, 0xdf, 0x58, 0xe7, 0x38, 0xef, 0x38, 0xef, 0x18, 0xf7, 0x18, 0xf7, 0xf8, 0xf6, 0xf8, 0xf6, 0x18, 0xef, 0x38, 0xe7, 0x98, 0xdf, 0xd9, 0xd7, 0xf8, 0xcf, 0xf8, 0xc7, 0xf8, 0xcf, 0xf8, 0xcf, 0xf8, 0xc7, 0xf8, 0xc7, 0xf8, 0xc7, 0xf8, 0xc7, 0xf8, 0xc7, 0xf8, 0xc7, 0xf8, 0xc7, 0xf8, 0xc7, 0xf8, 0xc7, 0xf8, 0xc7, 0xf8, 0xc7, 0xf8, 0xc7, 0xf8, 0xc7, 0xf8, 0xc7, 0xf8, 0xc7, 0xf8, 0xc7, 0xf8, 0xc7, 0xf8, 0xc7, 0xf8, 0xc7, 0xf8, 0xc7, 0xf8, 0xc7, 0xf8, 0xc7, 0xf8, 0xc7, 0xf8, 0xc7, 0xf8, 0xc7, 0xf8, 0xc7, 
  0xf8, 0xc7, 0xf8, 0xc7, 0xf8, 0xc7, 0xf8, 0xc7, 0xf8, 0xc7, 0xf8, 0xc7, 0xf8, 0xc7, 0xf8, 0xc7, 0xf8, 0xc7, 0xf8, 0xc7, 0xf8, 0xc7, 0xf8, 0xc7, 0xf8, 0xc7, 0xf8, 0xc7, 0xf8, 0xc7, 0xf8, 0xc7, 0xf8, 0xc7, 0xf8, 0xc7, 0xf8, 0xc7, 0xf8, 0xc7, 0xf8, 0xc7, 0xf8, 0xc7, 0xf8, 0xc7, 0xf8, 0xc7, 0xf8, 0xc7, 0xf8, 0xc7, 0xf8, 0xc7, 0xf8, 0xc7, 0xf8, 0xc7, 0xf8, 0xc7, 0xf8, 0xc7, 0xf8, 0xc7, 0xf8, 0xc7, 0xf8, 0xc7, 0xf8, 0xc7, 0xf8, 0xc7, 0xf8, 0xc7, 0xf8, 0xc7, 0xf8, 0xc7, 0xf8, 0xc7, 0xf8, 0xc7, 0xf8, 0xc7, 0xf8, 0xc7, 0xf8, 0xcf, 0xd8, 0xd7, 0xd8, 0xd7, 0x98, 0xd7, 0x78, 0xdf, 0x58, 0xe7, 0x38, 0xe7, 0x18, 0xef, 0x18, 0xef, 0x18, 0xf7, 0x18, 0xf7, 0xf8, 0xf6, 0xf8, 0xee, 0x18, 0xef, 0x38, 0xe7, 0x98, 0xd7, 0xf8, 0xcf, 0xf8, 0xcf, 0xf8, 0xc7, 0xf8, 0xcf, 0xf8, 0xcf, 0xf8, 0xc7, 0xf8, 0xc7, 0xf8, 0xc7, 0xf8, 0xc7, 0xf8, 0xc7, 0xf8, 0xc7, 0xf8, 0xc7, 0xf8, 0xc7, 0xf8, 0xc7, 0xf8, 0xc7, 0xf8, 0xc7, 0xf8, 0xc7, 0xf8, 0xc7, 0xf8, 0xc7, 0xf8, 0xc7, 0xf8, 0xc7, 0xf8, 0xc7, 0xf8, 0xc7, 0xf8, 0xc7, 0xf8, 0xc7, 0xf8, 0xc7, 0xf8, 0xc7, 0xf8, 0xc7, 0xf8, 0xc7, 0xf8, 0xc7, 0xf8, 0xc7, 
  0xf8, 0xc7, 0xf8, 0xc7, 0xf8, 0xc7, 0xf8, 0xc7, 0xf8, 0xc7, 0xf8, 0xc7, 0xf8, 0xc7, 0xf8, 0xc7, 0xf8, 0xc7, 0xf8, 0xc7, 0xf8, 0xc7, 0xf8, 0xc7, 0xf8, 0xc7, 0xf8, 0xc7, 0xf8, 0xc7, 0xf8, 0xc7, 0xf8, 0xc7, 0xf8, 0xc7, 0xf8, 0xc7, 0xf8, 0xc7, 0xf8, 0xc7, 0xf8, 0xc7, 0xf8, 0xc7, 0xf8, 0xc7, 0xf8, 0xc7, 0xf8, 0xc7, 0xf8, 0xc7, 0xf8, 0xc7, 0xf8, 0xc7, 0xf8, 0xc7, 0xf8, 0xc7, 0xf8, 0xc7, 0xf8, 0xc7, 0xf8, 0xc7, 0xf8, 0xc7, 0xf8, 0xc7, 0xf8, 0xc7, 0xf8, 0xc7, 0xf8, 0xc7, 0xf8, 0xc7, 0xf8, 0xc7, 0xf8, 0xc7, 0xf8, 0xcf, 0xd8, 0xcf, 0xd8, 0xd7, 0x98, 0xdf, 0x78, 0xdf, 0x57, 0xdf, 0x38, 0xe7, 0x18, 0xef, 0x18, 0xef, 0xf8, 0xee, 0x18, 0xef, 0x18, 0xef, 0x18, 0xef, 0x18, 0xef, 0x18, 0xe7, 0x58, 0xdf, 0xb8, 0xd7, 0xf8, 0xcf, 0xf8, 0xc7, 0xf8, 0xc7, 0xf8, 0xcf, 0xf8, 0xcf, 0xf8, 0xc7, 0xf8, 0xc7, 0xf8, 0xc7, 0xf8, 0xc7, 0xf8, 0xc7, 0xf8, 0xc7, 0xf8, 0xc7, 0xf8, 0xc7, 0xf8, 0xc7, 0xf8, 0xc7, 0xf8, 0xc7, 0xf8, 0xc7, 0xf8, 0xc7, 0xf8, 0xc7, 0xf8, 0xc7, 0xf8, 0xc7, 0xf8, 0xc7, 0xf8, 0xc7, 0xf8, 0xc7, 0xf8, 0xc7, 0xf8, 0xc7, 0xf8, 0xc7, 0xf8, 0xc7, 0xf8, 0xc7, 0xf8, 0xc7, 0xf8, 0xc7, 
  0xf8, 0xc7, 0xf8, 0xc7, 0xf8, 0xc7, 0xf8, 0xc7, 0xf8, 0xc7, 0xf8, 0xc7, 0xf8, 0xc7, 0xf8, 0xc7, 0xf8, 0xc7, 0xf8, 0xc7, 0xf8, 0xc7, 0xf8, 0xc7, 0xf8, 0xc7, 0xf8, 0xc7, 0xf8, 0xc7, 0xf8, 0xc7, 0xf8, 0xc7, 0xf8, 0xc7, 0xf8, 0xc7, 0xf8, 0xc7, 0xf8, 0xc7, 0xf8, 0xc7, 0xf8, 0xc7, 0xf8, 0xc7, 0xf8, 0xc7, 0xf8, 0xc7, 0xf8, 0xc7, 0xf8, 0xc7, 0xf8, 0xc7, 0xf8, 0xc7, 0xf8, 0xc7, 0xf8, 0xc7, 0xf8, 0xc7, 0xf8, 0xc7, 0xf8, 0xc7, 0xf8, 0xc7, 0xf8, 0xc7, 0xf8, 0xc7, 0xf8, 0xc7, 0xf8, 0xc7, 0xf8, 0xc7, 0xf8, 0xcf, 0xf8, 0xcf, 0xd8, 0xd7, 0x98, 0xd7, 0x78, 0xdf, 0x57, 0xdf, 0x37, 0xe7, 0x18, 0xe7, 0x18, 0xef, 0xf8, 0xee, 0xf8, 0xee, 0x18, 0xef, 0x18, 0xef, 0x18, 0xef, 0x18, 0xef, 0x18, 0xe7, 0x58, 0xdf, 0xb8, 0xcf, 0xf8, 0xc7, 0xf8, 0xc7, 0xf8, 0xc7, 0xf8, 0xcf, 0xf8, 0xcf, 0xf8, 0xc7, 0xf8, 0xc7, 0xf8, 0xc7, 0xf8, 0xc7, 0xf8, 0xc7, 0xf8, 0xc7, 0xf8, 0xc7, 0xf8, 0xc7, 0xf8, 0xc7, 0xf8, 0xc7, 0xf8, 0xc7, 0xf8, 0xc7, 0xf8, 0xc7, 0xf8, 0xc7, 0xf8, 0xc7, 0xf8, 0xc7, 0xf8, 0xc7, 0xf8, 0xc7, 0xf8, 0xc7, 0xf8, 0xc7, 0xf8, 0xc7, 0xf8, 0xc7, 0xf8, 0xc7, 0xf8, 0xc7, 0xf8, 0xc7, 0xf8, 0xc7, 
  0xf8, 0xc7, 0xf8, 0xc7, 0xf8, 0xc7, 0xf8, 0xc7, 0xf8, 0xc7, 0xf8, 0xc7, 0xf8, 0xc7, 0xf8, 0xc7, 0xf8, 0xc7, 0xf8, 0xc7, 0xf8, 0xc7, 0xf8, 0xc7, 0xf8, 0xc7, 0xf8, 0xc7, 0xf8, 0xc7, 0xf8, 0xc7, 0xf8, 0xc7, 0xf8, 0xc7, 0xf8, 0xc7, 0xf8, 0xc7, 0xf8, 0xc7, 0xf8, 0xc7, 0xf8, 0xc7, 0xf8, 0xc7, 0xf8, 0xc7, 0xf8, 0xc7, 0xf8, 0xc7, 0xf8, 0xc7, 0xf8, 0xc7, 0xf8, 0xc7, 0xf8, 0xc7, 0xf8, 0xc7, 0xf8, 0xc7, 0xf8, 0xc7, 0xf8, 0xc7, 0xf8, 0xc7, 0xf8, 0xc7, 0xf8, 0xc7, 0xf8, 0xc7, 0xf8, 0xc7, 0xf8, 0xc7, 0xf8, 0xcf, 0xf8, 0xd7, 0xb8, 0xd7, 0x78, 0xdf, 0x57, 0xdf, 0x37, 0xe7, 0x17, 0xe7, 0x18, 0xef, 0xf8, 0xee, 0xf8, 0xee, 0xf8, 0xee, 0x18, 0xe7, 0x18, 0xe7, 0x18, 0xef, 0x18, 0xef, 0x18, 0xe7, 0x58, 0xdf, 0xb8, 0xcf, 0xf8, 0xc7, 0xf8, 0xc7, 0xf8, 0xc7, 0xf8, 0xcf, 0xf8, 0xcf, 0xf8, 0xc7, 0xf8, 0xc7, 0xf8, 0xc7, 0xf8, 0xc7, 0xf8, 0xc7, 0xf8, 0xc7, 0xf8, 0xc7, 0xf8, 0xc7, 0xf8, 0xc7, 0xf8, 0xc7, 0xf8, 0xc7, 0xf8, 0xc7, 0xf8, 0xc7, 0xf8, 0xc7, 0xf8, 0xc7, 0xf8, 0xc7, 0xf8, 0xc7, 0xf8, 0xc7, 0xf8, 0xc7, 0xf8, 0xc7, 0xf8, 0xc7, 0xf8, 0xc7, 0xf8, 0xc7, 0xf8, 0xc7, 0xf8, 0xc7, 0xf8, 0xc7, 
  0xf8, 0xc7, 0xf8, 0xc7, 0xf8, 0xc7, 0xf8, 0xc7, 0xf8, 0xc7, 0xf8, 0xc7, 0xf8, 0xc7, 0xf8, 0xc7, 0xf8, 0xc7, 0xf8, 0xc7, 0xf8, 0xc7, 0xf8, 0xc7, 0xf8, 0xc7, 0xf8, 0xc7, 0xf8, 0xc7, 0xf8, 0xc7, 0xf8, 0xc7, 0xf8, 0xc7, 0xf8, 0xc7, 0xf8, 0xc7, 0xf8, 0xc7, 0xf8, 0xc7, 0xf8, 0xc7, 0xf8, 0xc7, 0xf8, 0xc7, 0xf8, 0xc7, 0xf8, 0xc7, 0xf8, 0xc7, 0xf8, 0xc7, 0xf8, 0xc7, 0xf8, 0xc7, 0xf8, 0xc7, 0xf8, 0xc7, 0xf8, 0xc7, 0xf8, 0xc7, 0xf8, 0xc7, 0xf8, 0xc7, 0xf8, 0xc7, 0xf8, 0xc7, 0xf8, 0xc7, 0xf8, 0xc7, 0xf8, 0xcf, 0xd8, 0xd7, 0x98, 0xd7, 0x58, 0xdf, 0x37, 0xe7, 0x17, 0xe7, 0x17, 0xef, 0x17, 0xef, 0xf7, 0xee, 0xf8, 0xee, 0x18, 0xef, 0x38, 0xe7, 0x38, 0xe7, 0x18, 0xef, 0xf8, 0xee, 0xf7, 0xee, 0x37, 0xe7, 0x98, 0xcf, 0xf8, 0xc7, 0xf8, 0xc7, 0xf8, 0xc7, 0xf8, 0xcf, 0xf8, 0xcf, 0xf8, 0xc7, 0xf8, 0xc7, 0xf8, 0xc7, 0xf8, 0xc7, 0xf8, 0xc7, 0xf8, 0xc7, 0xf8, 0xc7, 0xf8, 0xc7, 0xf8, 0xc7, 0xf8, 0xc7, 0xf8, 0xc7, 0xf8, 0xc7, 0xf8, 0xc7, 0xf8, 0xc7, 0xf8, 0xc7, 0xf8, 0xc7, 0xf8, 0xc7, 0xf8, 0xc7, 0xf8, 0xc7, 0xf8, 0xc7, 0xf8, 0xc7, 0xf8, 0xc7, 0xf8, 0xc7, 0xf8, 0xc7, 0xf8, 0xc7, 0xf8, 0xc7, 
  0xf8, 0xc7, 0xf8, 0xc7, 0xf8, 0xc7, 0xf8, 0xc7, 0xf8, 0xc7, 0xf8, 0xc7, 0xf8, 0xc7, 0xf8, 0xc7, 0xf8, 0xc7, 0xf8, 0xc7, 0xf8, 0xc7, 0xf8, 0xc7, 0xf8, 0xc7, 0xf8, 0xc7, 0xf8, 0xc7, 0xf8, 0xc7, 0xf8, 0xc7, 0xf8, 0xc7, 0xf8, 0xc7, 0xf8, 0xc7, 0xf8, 0xc7, 0xf8, 0xc7, 0xf8, 0xc7, 0xf8, 0xc7, 0xf8, 0xc7, 0xf8, 0xc7, 0xf8, 0xc7, 0xf8, 0xc7, 0xf8, 0xc7, 0xf8, 0xc7, 0xf8, 0xc7, 0xf8, 0xc7, 0xf8, 0xc7, 0xf8, 0xc7, 0xf8, 0xc7, 0xf8, 0xc7, 0xf8, 0xc7, 0xf8, 0xc7, 0xf8, 0xc7, 0xf8, 0xc7, 0xf8, 0xcf, 0xf8, 0xcf, 0xb8, 0xd7, 0x78, 0xd7, 0x37, 0xdf, 0x37, 0xe7, 0x17, 0xef, 0xf7, 0xee, 0x17, 0xef, 0x17, 0xef, 0xf7, 0xee, 0x17, 0xef, 0x37, 0xe7, 0x17, 0xe7, 0xf7, 0xee, 0xf7, 0xee, 0xf7, 0xee, 0x17, 0xe7, 0x98, 0xd7, 0xf8, 0xcf, 0xf8, 0xc7, 0xf8, 0xc7, 0xf8, 0xc7, 0xf8, 0xc7, 0xf8, 0xc7, 0xf8, 0xc7, 0xf8, 0xc7, 0xf8, 0xc7, 0xf8, 0xc7, 0xf8, 0xc7, 0xf8, 0xc7, 0xf8, 0xc7, 0xf8, 0xc7, 0xf8, 0xc7, 0xf8, 0xc7, 0xf8, 0xc7, 0xf8, 0xc7, 0xf8, 0xc7, 0xf8, 0xc7, 0xf8, 0xc7, 0xf8, 0xc7, 0xf8, 0xc7, 0xf8, 0xc7, 0xf8, 0xc7, 0xf8, 0xc7, 0xf8, 0xc7, 0xf8, 0xc7, 0xf8, 0xc7, 0xf8, 0xc7, 0xf8, 0xc7, 
  0xf8, 0xc7, 0xf8, 0xc7, 0xf8, 0xc7, 0xf8, 0xc7, 0xf8, 0xc7, 0xf8, 0xc7, 0xf8, 0xc7, 0xf8, 0xc7, 0xf8, 0xc7, 0xf8, 0xc7, 0xf8, 0xc7, 0xf8, 0xc7, 0xf8, 0xc7, 0xf8, 0xc7, 0xf8, 0xc7, 0xf8, 0xc7, 0xf8, 0xc7, 0xf8, 0xc7, 0xf8, 0xc7, 0xf8, 0xc7, 0xf8, 0xc7, 0xf8, 0xc7, 0xf8, 0xc7, 0xf8, 0xc7, 0xf8, 0xc7, 0xf8, 0xc7, 0xf8, 0xc7, 0xf8, 0xc7, 0xf8, 0xc7, 0xf8, 0xc7, 0xf8, 0xc7, 0xf8, 0xc7, 0xf8, 0xc7, 0xf8, 0xc7, 0xf8, 0xc7, 0xf8, 0xc7, 0xf8, 0xc7, 0xf8, 0xc7, 0xf8, 0xc7, 0xf8, 0xc7, 0xf8, 0xcf, 0xd8, 0xcf, 0xb8, 0xd7, 0x57, 0xd7, 0x17, 0xdf, 0x17, 0xe7, 0xf7, 0xee, 0xf7, 0xee, 0xf7, 0xee, 0x17, 0xe7, 0xf7, 0xee, 0x17, 0xe7, 0x37, 0xdf, 0x17, 0xe7, 0xf7, 0xee, 0xd7, 0xf6, 0xd7, 0xf6, 0x17, 0xe7, 0x78, 0xd7, 0xf8, 0xcf, 0xf8, 0xc7, 0xf8, 0xc7, 0xf8, 0xc7, 0xf8, 0xc7, 0xf8, 0xc7, 0xf8, 0xc7, 0xf8, 0xc7, 0xf8, 0xc7, 0xf8, 0xc7, 0xf8, 0xc7, 0xf8, 0xc7, 0xf8, 0xc7, 0xf8, 0xc7, 0xf8, 0xc7, 0xf8, 0xc7, 0xf8, 0xc7, 0xf8, 0xc7, 0xf8, 0xc7, 0xf8, 0xc7, 0xf8, 0xc7, 0xf8, 0xc7, 0xf8, 0xc7, 0xf8, 0xc7, 0xf8, 0xc7, 0xf8, 0xc7, 0xf8, 0xc7, 0xf8, 0xc7, 0xf8, 0xc7, 0xf8, 0xc7, 0xf8, 0xc7, 
  0xf8, 0xc7, 0xf8, 0xc7, 0xf8, 0xc7, 0xf8, 0xc7, 0xf8, 0xc7, 0xf8, 0xc7, 0xf8, 0xc7, 0xf8, 0xc7, 0xf8, 0xc7, 0xf8, 0xc7, 0xf8, 0xc7, 0xf8, 0xc7, 0xf8, 0xc7, 0xf8, 0xc7, 0xf8, 0xc7, 0xf8, 0xc7, 0xf8, 0xc7, 0xf8, 0xc7, 0xf8, 0xc7, 0xf8, 0xc7, 0xf8, 0xc7, 0xf8, 0xc7, 0xf8, 0xc7, 0xf8, 0xc7, 0xf8, 0xc7, 0xf8, 0xc7, 0xf8, 0xc7, 0xf8, 0xc7, 0xf8, 0xc7, 0xf8, 0xc7, 0xf8, 0xc7, 0xf8, 0xc7, 0xf8, 0xc7, 0xf8, 0xc7, 0xf8, 0xc7, 0xf8, 0xc7, 0xf8, 0xc7, 0xf8, 0xc7, 0xf8, 0xc7, 0xf8, 0xc7, 0xf8, 0xcf, 0xd8, 0xd7, 0x98, 0xd7, 0x37, 0xd7, 0x17, 0xdf, 0xf7, 0xe6, 0xf7, 0xee, 0xd7, 0xee, 0xf7, 0xe6, 0xf7, 0xe6, 0xf7, 0xe6, 0x17, 0xe7, 0x17, 0xe7, 0x17, 0xe7, 0xf7, 0xee, 0xd7, 0xf6, 0xd7, 0xf6, 0xf7, 0xee, 0x78, 0xdf, 0xd8, 0xd7, 0xf8, 0xcf, 0xf8, 0xc7, 0xf8, 0xc7, 0xf8, 0xc7, 0xf8, 0xc7, 0xf8, 0xc7, 0xf8, 0xc7, 0xf8, 0xc7, 0xf8, 0xc7, 0xf8, 0xc7, 0xf8, 0xc7, 0xf8, 0xc7, 0xf8, 0xc7, 0xf8, 0xc7, 0xf8, 0xc7, 0xf8, 0xc7, 0xf8, 0xc7, 0xf8, 0xc7, 0xf8, 0xc7, 0xf8, 0xc7, 0xf8, 0xc7, 0xf8, 0xc7, 0xf8, 0xc7, 0xf8, 0xc7, 0xf8, 0xc7, 0xf8, 0xc7, 0xf8, 0xc7, 0xf8, 0xc7, 0xf8, 0xc7, 0xf8, 0xc7, 
  0xf8, 0xc7, 0xf8, 0xc7, 0xf8, 0xc7, 0xf8, 0xc7, 0xf8, 0xc7, 0xf8, 0xc7, 0xf8, 0xc7, 0xf8, 0xc7, 0xf8, 0xc7, 0xf8, 0xc7, 0xf8, 0xc7, 0xf8, 0xc7, 0xf8, 0xc7, 0xf8, 0xc7, 0xf8, 0xc7, 0xf8, 0xc7, 0xf8, 0xc7, 0xf8, 0xc7, 0xf8, 0xc7, 0xf8, 0xc7, 0xf8, 0xc7, 0xf8, 0xc7, 0xf8, 0xc7, 0xf8, 0xc7, 0xf8, 0xc7, 0xf8, 0xc7, 0xf8, 0xc7, 0xf8, 0xc7, 0xf8, 0xc7, 0xf8, 0xc7, 0xf8, 0xc7, 0xf8, 0xc7, 0xf8, 0xc7, 0xf8, 0xc7, 0xf8, 0xc7, 0xf8, 0xc7, 0xf8, 0xc7, 0xf8, 0xc7, 0xf8, 0xc7, 0xf8, 0xc7, 0xf9, 0xd7, 0xb8, 0xd7, 0x57, 0xd7, 0x17, 0xdf, 0xf7, 0xe6, 0xf7, 0xee, 0xf7, 0xee, 0xf7, 0xee, 0xf7, 0xee, 0xf7, 0xee, 0x17, 0xe7, 0x17, 0xe7, 0x17, 0xe7, 0x17, 0xe7, 0xf7, 0xee, 0xf7, 0xee, 0xf7, 0xee, 0xf7, 0xe6, 0x37, 0xdf, 0x98, 0xdf, 0xd8, 0xd7, 0xf8, 0xcf, 0xf8, 0xc7, 0xf8, 0xbf, 0xf8, 0xc7, 0xf8, 0xc7, 0xf8, 0xc7, 0xf8, 0xc7, 0xf8, 0xc7, 0xf8, 0xc7, 0xf8, 0xc7, 0xf8, 0xc7, 0xf8, 0xc7, 0xf8, 0xc7, 0xf8, 0xc7, 0xf8, 0xc7, 0xf8, 0xc7, 0xf8, 0xc7, 0xf8, 0xc7, 0xf8, 0xc7, 0xf8, 0xc7, 0xf8, 0xc7, 0xf8, 0xc7, 0xf8, 0xc7, 0xf8, 0xc7, 0xf8, 0xc7, 0xf8, 0xc7, 0xf8, 0xc7, 0xf8, 0xc7, 0xf8, 0xc7, 
  0xf8, 0xc7, 0xf8, 0xc7, 0xf8, 0xc7, 0xf8, 0xc7, 0xf8, 0xc7, 0xf8, 0xc7, 0xf8, 0xc7, 0xf8, 0xc7, 0xf8, 0xc7, 0xf8, 0xc7, 0xf8, 0xc7, 0xf8, 0xc7, 0xf8, 0xc7, 0xf8, 0xc7, 0xf8, 0xc7, 0xf8, 0xc7, 0xf8, 0xc7, 0xf8, 0xc7, 0xf8, 0xc7, 0xf8, 0xc7, 0xf8, 0xc7, 0xf8, 0xc7, 0xf8, 0xc7, 0xf8, 0xc7, 0xf8, 0xc7, 0xf8, 0xc7, 0xf8, 0xc7, 0xf8, 0xc7, 0xf8, 0xc7, 0xf8, 0xc7, 0xf8, 0xc7, 0xf8, 0xc7, 0xf8, 0xc7, 0xf8, 0xc7, 0xf8, 0xc7, 0xf8, 0xc7, 0xf8, 0xc7, 0xf8, 0xc7, 0xf8, 0xc7, 0xf8, 0xcf, 0xf8, 0xcf, 0xb8, 0xd7, 0x57, 0xdf, 0x17, 0xdf, 0xf7, 0xe6, 0xf7, 0xee, 0xf7, 0xee, 0xf7, 0xee, 0xf7, 0xee, 0xf7, 0xee, 0xf7, 0xe6, 0xf7, 0xe6, 0xf7, 0xe6, 0xf7, 0xe6, 0xf7, 0xe6, 0xf7, 0xee, 0xf7, 0xe6, 0xf7, 0xe6, 0x17, 0xe7, 0x78, 0xdf, 0xb8, 0xd7, 0xf8, 0xcf, 0xf8, 0xc7, 0xf8, 0xbf, 0xf8, 0xc7, 0xf8, 0xc7, 0xf8, 0xc7, 0xf8, 0xc7, 0xf8, 0xc7, 0xf8, 0xc7, 0xf8, 0xc7, 0xf8, 0xc7, 0xf8, 0xc7, 0xf8, 0xc7, 0xf8, 0xc7, 0xf8, 0xc7, 0xf8, 0xc7, 0xf8, 0xc7, 0xf8, 0xc7, 0xf8, 0xc7, 0xf8, 0xc7, 0xf8, 0xc7, 0xf8, 0xc7, 0xf8, 0xc7, 0xf8, 0xc7, 0xf8, 0xc7, 0xf8, 0xc7, 0xf8, 0xc7, 0xf8, 0xc7, 0xf8, 0xc7, 
  0xf8, 0xc7, 0xf8, 0xc7, 0xf8, 0xc7, 0xf8, 0xc7, 0xf8, 0xc7, 0xf8, 0xc7, 0xf8, 0xc7, 0xf8, 0xc7, 0xf8, 0xc7, 0xf8, 0xc7, 0xf8, 0xc7, 0xf8, 0xc7, 0xf8, 0xc7, 0xf8, 0xc7, 0xf8, 0xc7, 0xf8, 0xc7, 0xf8, 0xc7, 0xf8, 0xc7, 0xf8, 0xc7, 0xf8, 0xc7, 0xf8, 0xc7, 0xf8, 0xc7, 0xf8, 0xc7, 0xf8, 0xc7, 0xf8, 0xc7, 0xf8, 0xc7, 0xf8, 0xc7, 0xf8, 0xc7, 0xf8, 0xc7, 0xf8, 0xc7, 0xf8, 0xc7, 0xf8, 0xc7, 0xf8, 0xc7, 0xf8, 0xc7, 0xf8, 0xc7, 0xf8, 0xc7, 0xf8, 0xc7, 0xf8, 0xc7, 0xf8, 0xc7, 0xf8, 0xc7, 0xd8, 0xcf, 0x98, 0xd7, 0x37, 0xdf, 0x17, 0xe7, 0xf7, 0xe6, 0xf7, 0xee, 0xf7, 0xee, 0xf7, 0xee, 0xf7, 0xee, 0xf7, 0xee, 0xf7, 0xe6, 0xf7, 0xe6, 0xf7, 0xe6, 0xf7, 0xe6, 0xf7, 0xe6, 0xf7, 0xee, 0xf7, 0xee, 0xf7, 0xe6, 0x17, 0xe7, 0x58, 0xdf, 0xb8, 0xdf, 0xf8, 0xd7, 0xf8, 0xc7, 0xf8, 0xc7, 0xf8, 0xc7, 0xf8, 0xc7, 0xf8, 0xc7, 0xf8, 0xc7, 0xf8, 0xc7, 0xf8, 0xc7, 0xf8, 0xc7, 0xf8, 0xc7, 0xf8, 0xc7, 0xf8, 0xc7, 0xf8, 0xc7, 0xf8, 0xc7, 0xf8, 0xc7, 0xf8, 0xc7, 0xf8, 0xc7, 0xf8, 0xc7, 0xf8, 0xc7, 0xf8, 0xc7, 0xf8, 0xc7, 0xf8, 0xc7, 0xf8, 0xc7, 0xf8, 0xc7, 0xf8, 0xc7, 0xf8, 0xc7, 0xf8, 0xc7, 0xf8, 0xc7, 
  0xf8, 0xc7, 0xf8, 0xc7, 0xf8, 0xc7, 0xf8, 0xc7, 0xf8, 0xc7, 0xf8, 0xc7, 0xf8, 0xc7, 0xf8, 0xc7, 0xf8, 0xc7, 0xf8, 0xc7, 0xf8, 0xc7, 0xf8, 0xc7, 0xf8, 0xc7, 0xf8, 0xc7, 0xf8, 0xc7, 0xf8, 0xc7, 0xf8, 0xc7, 0xf8, 0xc7, 0xf8, 0xc7, 0xf8, 0xc7, 0xf8, 0xc7, 0xf8, 0xc7, 0xf8, 0xc7, 0xf8, 0xc7, 0xf8, 0xc7, 0xf8, 0xc7, 0xf8, 0xc7, 0xf8, 0xc7, 0xf8, 0xc7, 0xf8, 0xc7, 0xf8, 0xc7, 0xf8, 0xc7, 0xf8, 0xc7, 0xf8, 0xc7, 0xf8, 0xc7, 0xf8, 0xc7, 0xf8, 0xc7, 0xf8, 0xc7, 0xf8, 0xc7, 0xf8, 0xcf, 0xd8, 0xcf, 0x98, 0xd7, 0x37, 0xdf, 0x17, 0xe7, 0xf7, 0xe6, 0xf7, 0xee, 0xd6, 0xee, 0xd6, 0xee, 0xd6, 0xee, 0xd6, 0xee, 0xf7, 0xe6, 0xf7, 0xe6, 0xf7, 0xe6, 0xf7, 0xe6, 0xf7, 0xe6, 0xf7, 0xee, 0xf7, 0xee, 0xf7, 0xe6, 0xf7, 0xe6, 0x37, 0xdf, 0x98, 0xdf, 0xd8, 0xd7, 0xf8, 0xcf, 0xf8, 0xc7, 0xf8, 0xc7, 0xf8, 0xc7, 0xf8, 0xc7, 0xf8, 0xc7, 0xf8, 0xc7, 0xf8, 0xc7, 0xf8, 0xc7, 0xf8, 0xc7, 0xf8, 0xc7, 0xf8, 0xc7, 0xf8, 0xc7, 0xf8, 0xc7, 0xf8, 0xc7, 0xf8, 0xc7, 0xf8, 0xc7, 0xf8, 0xc7, 0xf8, 0xc7, 0xf8, 0xc7, 0xf8, 0xc7, 0xf8, 0xc7, 0xf8, 0xc7, 0xf8, 0xc7, 0xf8, 0xc7, 0xf8, 0xc7, 0xf8, 0xc7, 0xf8, 0xc7, 
  0xf8, 0xc7, 0xf8, 0xc7, 0xf8, 0xc7, 0xf8, 0xc7, 0xf8, 0xc7, 0xf8, 0xc7, 0xf8, 0xc7, 0xf8, 0xc7, 0xf8, 0xc7, 0xf8, 0xc7, 0xf8, 0xc7, 0xf8, 0xc7, 0xf8, 0xc7, 0xf8, 0xc7, 0xf8, 0xc7, 0xf8, 0xc7, 0xf8, 0xc7, 0xf8, 0xc7, 0xf8, 0xc7, 0xf8, 0xc7, 0xf8, 0xc7, 0xf8, 0xc7, 0xf8, 0xc7, 0xf8, 0xc7, 0xf8, 0xc7, 0xf8, 0xc7, 0xf8, 0xc7, 0xf8, 0xc7, 0xf8, 0xc7, 0xf8, 0xc7, 0xf8, 0xc7, 0xf8, 0xc7, 0xf8, 0xc7, 0xf8, 0xc7, 0xf9, 0xc7, 0xf9, 0xcf, 0xf9, 0xcf, 0xf9, 0xcf, 0xf9, 0xcf, 0xf9, 0xcf, 0xb8, 0xcf, 0x77, 0xd7, 0x17, 0xdf, 0xf7, 0xe6, 0xf7, 0xee, 0xd6, 0xee, 0xd6, 0xee, 0xd6, 0xee, 0xd6, 0xee, 0xd6, 0xee, 0xf6, 0xe6, 0xf6, 0xe6, 0xf7, 0xe6, 0xf7, 0xe6, 0xf7, 0xee, 0xf7, 0xee, 0xd7, 0xee, 0xd7, 0xe6, 0xf7, 0xe6, 0x17, 0xdf, 0x77, 0xdf, 0xb8, 0xd7, 0xd8, 0xcf, 0xf8, 0xc7, 0xf8, 0xc7, 0xf8, 0xc7, 0xf8, 0xc7, 0xf8, 0xc7, 0xf8, 0xc7, 0xf8, 0xc7, 0xf8, 0xc7, 0xf8, 0xc7, 0xf8, 0xc7, 0xf8, 0xc7, 0xf8, 0xc7, 0xf8, 0xc7, 0xf8, 0xc7, 0xf8, 0xc7, 0xf8, 0xc7, 0xf8, 0xc7, 0xf8, 0xc7, 0xf8, 0xc7, 0xf8, 0xc7, 0xf8, 0xc7, 0xf8, 0xc7, 0xf8, 0xc7, 0xf8, 0xc7, 0xf8, 0xc7, 0xf8, 0xc7, 0xf8, 0xc7, 
  0xf8, 0xc7, 0xf8, 0xc7, 0xf8, 0xc7, 0xf8, 0xc7, 0xf8, 0xc7, 0xf8, 0xc7, 0xf8, 0xc7, 0xf8, 0xc7, 0xf8, 0xc7, 0xf8, 0xc7, 0xf8, 0xc7, 0xf8, 0xc7, 0xf8, 0xc7, 0xf8, 0xc7, 0xf8, 0xc7, 0xf8, 0xc7, 0xf8, 0xc7, 0xf8, 0xc7, 0xf8, 0xc7, 0xf8, 0xc7, 0xf8, 0xc7, 0xf8, 0xc7, 0xf8, 0xc7, 0xf8, 0xc7, 0xf8, 0xc7, 0xf8, 0xc7, 0xf8, 0xc7, 0xf8, 0xcf, 0xf9, 0xcf, 0xf9, 0xcf, 0xf9, 0xcf, 0xf9, 0xcf, 0xf9, 0xc7, 0xf9, 0xc7, 0xf9, 0xcf, 0xf9, 0xcf, 0xf9, 0xcf, 0xf9, 0xcf, 0xf9, 0xcf, 0xd9, 0xcf, 0x98, 0xd7, 0x57, 0xd7, 0xf7, 0xde, 0xf7, 0xe6, 0xd7, 0xe6, 0xd6, 0xee, 0xd6, 0xe6, 0xd6, 0xee, 0xd6, 0xe6, 0xd6, 0xee, 0xf6, 0xe6, 0xf6, 0xe6, 0xf6, 0xe6, 0xf6, 0xe6, 0xd7, 0xee, 0xd7, 0xee, 0xd7, 0xee, 0xf7, 0xee, 0xf7, 0xe6, 0x17, 0xdf, 0x57, 0xdf, 0x98, 0xd7, 0xd8, 0xd7, 0xf8, 0xcf, 0xf8, 0xc7, 0xf8, 0xc7, 0xf8, 0xc7, 0xf8, 0xc7, 0xf8, 0xc7, 0xf8, 0xc7, 0xf8, 0xc7, 0xf8, 0xc7, 0xf8, 0xc7, 0xf8, 0xc7, 0xf8, 0xc7, 0xf8, 0xc7, 0xf8, 0xc7, 0xf8, 0xc7, 0xf8, 0xc7, 0xf8, 0xc7, 0xf8, 0xc7, 0xf8, 0xc7, 0xf8, 0xc7, 0xf8, 0xc7, 0xf8, 0xc7, 0xf8, 0xc7, 0xf8, 0xc7, 0xf8, 0xc7, 0xf8, 0xc7, 0xf8, 0xc7, 
  0xf8, 0xc7, 0xf8, 0xc7, 0xf8, 0xc7, 0xf8, 0xc7, 0xf8, 0xc7, 0xf8, 0xc7, 0xf8, 0xc7, 0xf8, 0xc7, 0xf8, 0xc7, 0xf8, 0xc7, 0xf8, 0xc7, 0xf8, 0xc7, 0xf8, 0xc7, 0xf8, 0xc7, 0xf8, 0xc7, 0xf8, 0xc7, 0xf8, 0xc7, 0xf8, 0xc7, 0xf8, 0xc7, 0xf8, 0xc7, 0xf8, 0xc7, 0xf8, 0xc7, 0xf8, 0xc7, 0xf8, 0xc7, 0xf8, 0xc7, 0xf8, 0xc7, 0xf9, 0xcf, 0xf9, 0xcf, 0xf9, 0xcf, 0xfa, 0xcf, 0xfa, 0xd7, 0xfa, 0xd7, 0xfa, 0xcf, 0xda, 0xcf, 0xda, 0xd7, 0xda, 0xd7, 0xda, 0xd7, 0xda, 0xd7, 0xda, 0xd7, 0xda, 0xd7, 0xb9, 0xd7, 0x58, 0xd7, 0xf7, 0xde, 0xf7, 0xe6, 0xd7, 0xe6, 0xd7, 0xe6, 0xd6, 0xe6, 0xd7, 0xe6, 0xd6, 0xe6, 0xd6, 0xe6, 0xd6, 0xe6, 0xd6, 0xe6, 0xd6, 0xe6, 0xd6, 0xe6, 0xd6, 0xee, 0xd6, 0xee, 0xd7, 0xee, 0xd7, 0xee, 0xf6, 0xe6, 0xf6, 0xde, 0x37, 0xdf, 0x77, 0xdf, 0xb8, 0xdf, 0xf8, 0xd7, 0xf8, 0xc7, 0xf8, 0xc7, 0xf8, 0xc7, 0xf8, 0xc7, 0xf8, 0xc7, 0xf8, 0xc7, 0xf8, 0xc7, 0xf8, 0xc7, 0xf8, 0xc7, 0xf8, 0xc7, 0xf8, 0xc7, 0xf8, 0xc7, 0xf8, 0xc7, 0xf8, 0xc7, 0xf8, 0xc7, 0xf8, 0xc7, 0xf8, 0xc7, 0xf8, 0xc7, 0xf8, 0xc7, 0xf8, 0xc7, 0xf8, 0xc7, 0xf8, 0xc7, 0xf8, 0xc7, 0xf8, 0xc7, 0xf8, 0xc7, 0xf8, 0xc7, 
  0xf8, 0xc7, 0xf8, 0xc7, 0xf8, 0xc7, 0xf8, 0xc7, 0xf8, 0xc7, 0xf8, 0xc7, 0xf8, 0xc7, 0xf8, 0xc7, 0xf8, 0xc7, 0xf8, 0xc7, 0xf8, 0xc7, 0xf8, 0xc7, 0xf8, 0xc7, 0xf8, 0xc7, 0xf8, 0xc7, 0xf8, 0xc7, 0xf8, 0xc7, 0xf8, 0xc7, 0xf8, 0xc7, 0xf8, 0xc7, 0xf8, 0xc7, 0xf8, 0xc7, 0xf8, 0xc7, 0xf8, 0xc7, 0xf8, 0xc7, 0xf9, 0xcf, 0xd9, 0xcf, 0xda, 0xd7, 0xda, 0xd7, 0xda, 0xd7, 0xdb, 0xd7, 0xdb, 0xd7, 0xdb, 0xd7, 0xdb, 0xdf, 0xdb, 0xdf, 0xdb, 0xdf, 0xdb, 0xdf, 0xdb, 0xdf, 0xdb, 0xdf, 0xdb, 0xdf, 0xba, 0xdf, 0x59, 0xdf, 0x18, 0xdf, 0xf8, 0xe6, 0xd7, 0xe6, 0xb7, 0xe6, 0xb7, 0xe6, 0xd7, 0xe6, 0xd7, 0xe6, 0xd6, 0xe6, 0xd6, 0xe6, 0xd6, 0xe6, 0xd6, 0xe6, 0xd6, 0xe6, 0xd6, 0xe6, 0xd6, 0xee, 0xd6, 0xee, 0xd6, 0xee, 0xd6, 0xe6, 0xd6, 0xde, 0xf6, 0xde, 0x37, 0xdf, 0x98, 0xdf, 0xb8, 0xd7, 0xf8, 0xcf, 0xf8, 0xc7, 0xf8, 0xc7, 0xf8, 0xc7, 0xf8, 0xc7, 0xf8, 0xc7, 0xf8, 0xc7, 0xf8, 0xc7, 0xf8, 0xc7, 0xf8, 0xc7, 0xf8, 0xc7, 0xf8, 0xc7, 0xf8, 0xc7, 0xf8, 0xc7, 0xf8, 0xc7, 0xf8, 0xc7, 0xf8, 0xc7, 0xf8, 0xc7, 0xf8, 0xc7, 0xf8, 0xc7, 0xf8, 0xc7, 0xf8, 0xc7, 0xf8, 0xc7, 0xf8, 0xc7, 0xf8, 0xc7, 0xf8, 0xc7, 
  0xf8, 0xc7, 0xf8, 0xc7, 0xf8, 0xc7, 0xf8, 0xc7, 0xf8, 0xc7, 0xf8, 0xc7, 0xf8, 0xc7, 0xf8, 0xc7, 0xf8, 0xc7, 0xf8, 0xc7, 0xf8, 0xc7, 0xf8, 0xc7, 0xf8, 0xc7, 0xf8, 0xc7, 0xf8, 0xc7, 0xf8, 0xc7, 0xf8, 0xc7, 0xf8, 0xc7, 0xf8, 0xc7, 0xf8, 0xc7, 0xf8, 0xc7, 0xf8, 0xc7, 0xf8, 0xc7, 0xd8, 0xcf, 0xd9, 0xcf, 0xd9, 0xcf, 0xda, 0xd7, 0xdb, 0xdf, 0xdb, 0xdf, 0xdc, 0xdf, 0xdc, 0xe7, 0xbc, 0xe7, 0xdc, 0xe7, 0xdc, 0xe7, 0xbc, 0xe7, 0xbc, 0xe7, 0xdc, 0xe7, 0xdc, 0xe7, 0xdc, 0xe7, 0xdc, 0xe7, 0xbb, 0xe7, 0x9b, 0xef, 0x5a, 0xef, 0x3a, 0xef, 0x19, 0xef, 0xf8, 0xee, 0xd8, 0xe6, 0xb7, 0xde, 0xb7, 0xe6, 0xd7, 0xe6, 0xf7, 0xe6, 0xd6, 0xe6, 0xb6, 0xe6, 0xd6, 0xe6, 0xd6, 0xee, 0xb6, 0xe6, 0xb6, 0xee, 0xd6, 0xee, 0xd6, 0xe6, 0xf6, 0xe6, 0xf6, 0xde, 0xf6, 0xd6, 0x37, 0xdf, 0x98, 0xd7, 0xf8, 0xd7, 0xf8, 0xcf, 0xf8, 0xc7, 0xf8, 0xc7, 0xf8, 0xc7, 0xf8, 0xc7, 0xf8, 0xc7, 0xf8, 0xc7, 0xf8, 0xc7, 0xf8, 0xc7, 0xf8, 0xc7, 0xf8, 0xc7, 0xf8, 0xc7, 0xf8, 0xc7, 0xf8, 0xc7, 0xf8, 0xc7, 0xf8, 0xc7, 0xf8, 0xc7, 0xf8, 0xc7, 0xf8, 0xc7, 0xf8, 0xc7, 0xf8, 0xc7, 0xf8, 0xbf, 0xf8, 0xbf, 0xf8, 0xbf, 0xf8, 0xc7, 
  0xf8, 0xc7, 0xf8, 0xc7, 0xf8, 0xc7, 0xf8, 0xc7, 0xf8, 0xc7, 0xf8, 0xc7, 0xf8, 0xc7, 0xf8, 0xc7, 0xf8, 0xc7, 0xf8, 0xc7, 0xf8, 0xc7, 0xf8, 0xc7, 0xf8, 0xc7, 0xf8, 0xc7, 0xf8, 0xc7, 0xf8, 0xc7, 0xf8, 0xc7, 0xf8, 0xc7, 0xf8, 0xc7, 0xf8, 0xc7, 0xf8, 0xc7, 0xf8, 0xcf, 0xf9, 0xcf, 0xf9, 0xd7, 0xda, 0xd7, 0xda, 0xd7, 0xdb, 0xdf, 0xdc, 0xdf, 0xbc, 0xe7, 0xbc, 0xe7, 0xbc, 0xe7, 0x9c, 0xe7, 0xbc, 0xe7, 0xbc, 0xe7, 0x9c, 0xe7, 0x9c, 0xef, 0x9c, 0xe7, 0xbc, 0xe7, 0xbc, 0xe7, 0xbc, 0xe7, 0xbc, 0xe7, 0x9b, 0xef, 0x7b, 0xef, 0x5b, 0xf7, 0x3a, 0xf7, 0x3a, 0xf7, 0x1a, 0xef, 0x19, 0xe7, 0xd8, 0xe6, 0xb7, 0xe6, 0xb6, 0xde, 0xd7, 0xe6, 0xd7, 0xe6, 0xd6, 0xe6, 0xb6, 0xe6, 0xd6, 0xee, 0xb6, 0xee, 0xb6, 0xe6, 0xb6, 0xe6, 0xd6, 0xe6, 0xd6, 0xde, 0xf6, 0xde, 0xf6, 0xde, 0x37, 0xd7, 0xb8, 0xd7, 0xd8, 0xcf, 0xf8, 0xcf, 0xf8, 0xcf, 0xf8, 0xc7, 0xf8, 0xc7, 0xf8, 0xc7, 0xf8, 0xc7, 0xf8, 0xc7, 0xf8, 0xc7, 0xf8, 0xc7, 0xf8, 0xc7, 0xf8, 0xc7, 0xf8, 0xc7, 0xf8, 0xc7, 0xf8, 0xc7, 0xf8, 0xc7, 0xf8, 0xc7, 0xf8, 0xc7, 0xf8, 0xc7, 0xf8, 0xc7, 0xf8, 0xc7, 0xf8, 0xc7, 0xf8, 0xbf, 0xf8, 0xc7, 0xf8, 0xc7, 
  0xf8, 0xc7, 0xf8, 0xc7, 0xf8, 0xc7, 0xf8, 0xc7, 0xf8, 0xc7, 0xf8, 0xc7, 0xf8, 0xc7, 0xf8, 0xc7, 0xf8, 0xc7, 0xf8, 0xc7, 0xf8, 0xc7, 0xf8, 0xc7, 0xf8, 0xc7, 0xf8, 0xc7, 0xf8, 0xc7, 0xf8, 0xc7, 0xf8, 0xc7, 0xf8, 0xc7, 0xf8, 0xc7, 0xf8, 0xc7, 0xf8, 0xcf, 0xd9, 0xcf, 0xfa, 0xd7, 0xfb, 0xdf, 0xdb, 0xdf, 0xdc, 0xdf, 0xbc, 0xe7, 0xbc, 0xe7, 0xbd, 0xe7, 0x9d, 0xe7, 0x9d, 0xe7, 0x9d, 0xef, 0x9d, 0xef, 0x9c, 0xef, 0x9c, 0xef, 0x9c, 0xef, 0x9c, 0xef, 0x9c, 0xef, 0xbc, 0xe7, 0xbc, 0xe7, 0x9c, 0xe7, 0x7c, 0xef, 0x5c, 0xef, 0x5c, 0xf7, 0x5c, 0xf7, 0x5b, 0xf7, 0x5b, 0xef, 0x5b, 0xef, 0x19, 0xef, 0xd8, 0xe6, 0x97, 0xde, 0xb7, 0xe6, 0xd7, 0xe6, 0xd7, 0xe6, 0xb6, 0xe6, 0xd6, 0xe6, 0xb6, 0xe6, 0xb6, 0xe6, 0xb6, 0xe6, 0xd6, 0xe6, 0xd6, 0xe6, 0xf6, 0xe6, 0xd6, 0xde, 0xf6, 0xd6, 0x57, 0xd7, 0x97, 0xcf, 0xd8, 0xd7, 0xf8, 0xd7, 0xf8, 0xcf, 0xf8, 0xcf, 0xf8, 0xcf, 0xf8, 0xc7, 0xf8, 0xc7, 0xf8, 0xc7, 0xf8, 0xc7, 0xf8, 0xc7, 0xf8, 0xc7, 0xf8, 0xc7, 0xf8, 0xc7, 0xf8, 0xc7, 0xf8, 0xc7, 0xf8, 0xc7, 0xf8, 0xc7, 0xf8, 0xc7, 0xf8, 0xc7, 0xf8, 0xc7, 0xf8, 0xc7, 0xf8, 0xc7, 0xf8, 0xc7, 0xf8, 0xc7, 
  0xf8, 0xc7, 0xf8, 0xc7, 0xf8, 0xc7, 0xf8, 0xc7, 0xf8, 0xc7, 0xf8, 0xc7, 0xf8, 0xc7, 0xf8, 0xc7, 0xf8, 0xc7, 0xf8, 0xc7, 0xf8, 0xc7, 0xf8, 0xc7, 0xf8, 0xc7, 0xf8, 0xc7, 0xf8, 0xc7, 0xf8, 0xc7, 0xf8, 0xc7, 0xf8, 0xc7, 0xf8, 0xc7, 0xf9, 0xcf, 0xf9, 0xd7, 0xda, 0xd7, 0xfb, 0xdf, 0xdb, 0xdf, 0xdc, 0xe7, 0xbc, 0xe7, 0xbc, 0xe7, 0x9d, 0xef, 0x9d, 0xef, 0x9d, 0xef, 0x9d, 0xef, 0x9d, 0xef, 0x9d, 0xef, 0x9d, 0xef, 0x9d, 0xef, 0x9d, 0xef, 0x9d, 0xef, 0x9d, 0xef, 0xbd, 0xef, 0xbd, 0xef, 0x9c, 0xe7, 0x7c, 0xef, 0x5c, 0xef, 0x5c, 0xf7, 0x5c, 0xf7, 0x5c, 0xf7, 0x5c, 0xef, 0x5b, 0xef, 0x5b, 0xf7, 0x3a, 0xf7, 0xf9, 0xee, 0xb7, 0xde, 0xb7, 0xde, 0xd7, 0xe6, 0xd7, 0xe6, 0xb6, 0xe6, 0xd6, 0xe6, 0xb6, 0xe6, 0xb6, 0xe6, 0xd6, 0xe6, 0xd6, 0xe6, 0xf6, 0xe6, 0xd6, 0xe6, 0xd6, 0xde, 0xf6, 0xd6, 0x36, 0xd7, 0x77, 0xd7, 0xb8, 0xd7, 0xd8, 0xd7, 0xd8, 0xd7, 0xf8, 0xcf, 0xf8, 0xcf, 0xf8, 0xcf, 0xf8, 0xc7, 0xf8, 0xc7, 0xf8, 0xc7, 0xf8, 0xc7, 0xf8, 0xc7, 0xf8, 0xc7, 0xf8, 0xc7, 0xf8, 0xcf, 0xf8, 0xcf, 0xf8, 0xc7, 0xf8, 0xc7, 0xf8, 0xcf, 0xf8, 0xcf, 0xf8, 0xcf, 0xf8, 0xcf, 0xf8, 0xcf, 0xf8, 0xcf, 
  0xf8, 0xc7, 0xf8, 0xc7, 0xf8, 0xc7, 0xf8, 0xc7, 0xf8, 0xc7, 0xf8, 0xc7, 0xf8, 0xc7, 0xf8, 0xc7, 0xf8, 0xc7, 0xf8, 0xc7, 0xf8, 0xc7, 0xf8, 0xc7, 0xf8, 0xc7, 0xf8, 0xc7, 0xf8, 0xc7, 0xf8, 0xc7, 0xf8, 0xc7, 0xf9, 0xcf, 0xd9, 0xcf, 0xfa, 0xd7, 0xfb, 0xdf, 0xdb, 0xdf, 0xdc, 0xe7, 0xbc, 0xe7, 0xbc, 0xe7, 0x9d, 0xe7, 0x9d, 0xef, 0x9d, 0xef, 0x9d, 0xef, 0x9d, 0xef, 0x9d, 0xef, 0x9d, 0xef, 0x9d, 0xef, 0xbd, 0xef, 0x9d, 0xef, 0x9d, 0xef, 0x9d, 0xef, 0x9d, 0xef, 0xbd, 0xef, 0xbd, 0xef, 0x9d, 0xef, 0x9d, 0xef, 0x5c, 0xef, 0x3c, 0xf7, 0x5c, 0xf7, 0x5c, 0xf7, 0x7c, 0xef, 0x5c, 0xef, 0x5c, 0xf7, 0x7b, 0xf7, 0x5b, 0xf7, 0xf9, 0xe6, 0xb8, 0xe6, 0xb7, 0xe6, 0xb7, 0xe6, 0xb6, 0xe6, 0xb6, 0xe6, 0xb6, 0xe6, 0xb6, 0xe6, 0xb6, 0xe6, 0xb6, 0xe6, 0xd6, 0xe6, 0xd6, 0xe6, 0xd6, 0xde, 0xd6, 0xd6, 0xf6, 0xd6, 0x16, 0xd7, 0x57, 0xdf, 0x98, 0xdf, 0xb8, 0xdf, 0xd8, 0xd7, 0xf8, 0xd7, 0xf8, 0xcf, 0xf8, 0xcf, 0xf8, 0xc7, 0xf8, 0xc7, 0xf8, 0xc7, 0xf8, 0xc7, 0xf8, 0xc7, 0xf8, 0xc7, 0xf8, 0xcf, 0xf8, 0xcf, 0xd8, 0xcf, 0xd8, 0xcf, 0xf8, 0xcf, 0xd8, 0xd7, 0xd8, 0xd7, 0xd8, 0xd7, 0xb8, 0xcf, 0xd8, 0xd7, 
  0xf8, 0xc7, 0xf8, 0xc7, 0xf8, 0xc7, 0xf8, 0xc7, 0xf8, 0xc7, 0xf8, 0xc7, 0xf8, 0xc7, 0xf8, 0xc7, 0xf8, 0xc7, 0xf8, 0xc7, 0xf8, 0xc7, 0xf8, 0xc7, 0xf8, 0xc7, 0xf8, 0xc7, 0xf8, 0xc7, 0xf8, 0xc7, 0xf9, 0xcf, 0xd9, 0xcf, 0xda, 0xd7, 0xdb, 0xdf, 0xdc, 0xdf, 0xdc, 0xe7, 0xbc, 0xe7, 0x9c, 0xe7, 0x9d, 0xef, 0x9d, 0xef, 0x9d, 0xef, 0x9d, 0xef, 0x9d, 0xef, 0x9d, 0xef, 0x9d, 0xef, 0x9d, 0xe7, 0x9c, 0xe7, 0x9c, 0xe7, 0x9c, 0xef, 0x9d, 0xef, 0x9d, 0xef, 0x9d, 0xef, 0xbd, 0xe7, 0xbd, 0xe7, 0xbd, 0xef, 0x7d, 0xef, 0x5c, 0xef, 0x3c, 0xf7, 0x3c, 0xf7, 0x5c, 0xf7, 0x5c, 0xef, 0x7c, 0xef, 0x5c, 0xf7, 0x5b, 0xf7, 0x5b, 0xf7, 0x5b, 0xf7, 0x1a, 0xef, 0xb8, 0xe6, 0xb7, 0xde, 0xb6, 0xe6, 0xb6, 0xe6, 0xb6, 0xe6, 0xb6, 0xe6, 0xb6, 0xe6, 0xb6, 0xe6, 0xb6, 0xe6, 0xb6, 0xe6, 0xd6, 0xe6, 0xd6, 0xe6, 0xd6, 0xde, 0xd6, 0xde, 0xf6, 0xd6, 0x37, 0xd7, 0x77, 0xd7, 0x98, 0xd7, 0xb8, 0xd7, 0xf8, 0xd7, 0xf8, 0xcf, 0xf8, 0xcf, 0xf8, 0xcf, 0xf8, 0xcf, 0xf8, 0xcf, 0xf8, 0xcf, 0xf8, 0xcf, 0xf8, 0xcf, 0xf8, 0xcf, 0xf8, 0xd7, 0xf8, 0xd7, 0xd8, 0xd7, 0xb8, 0xd7, 0x97, 0xd7, 0x77, 0xcf, 0x77, 0xd7, 0xb8, 0xd7, 
  0xf8, 0xc7, 0xf8, 0xc7, 0xf8, 0xc7, 0xf8, 0xc7, 0xf8, 0xc7, 0xf8, 0xc7, 0xf8, 0xc7, 0xf8, 0xc7, 0xf8, 0xc7, 0xf8, 0xc7, 0xf8, 0xc7, 0xf8, 0xc7, 0xf8, 0xc7, 0xf8, 0xc7, 0xf8, 0xc7, 0xf8, 0xc7, 0xf9, 0xcf, 0xda, 0xd7, 0xdb, 0xdf, 0xdb, 0xdf, 0xdc, 0xe7, 0xbd, 0xe7, 0x9d, 0xef, 0x9d, 0xef, 0x7d, 0xef, 0x7d, 0xef, 0x7d, 0xef, 0x9d, 0xef, 0x9d, 0xef, 0x9d, 0xef, 0x9c, 0xe7, 0x9c, 0xe7, 0xbc, 0xe7, 0xbc, 0xe7, 0xbc, 0xe7, 0x9c, 0xe7, 0x9d, 0xe7, 0x9d, 0xe7, 0xbd, 0xe7, 0x9d, 0xe7, 0x9d, 0xe7, 0x7d, 0xef, 0x5c, 0xef, 0x3c, 0xf7, 0x3c, 0xf7, 0x5c, 0xf7, 0x5c, 0xef, 0x5c, 0xef, 0x5c, 0xef, 0x3c, 0xef, 0x5c, 0xef, 0x7c, 0xf7, 0x5b, 0xf7, 0xf9, 0xee, 0xd7, 0xe6, 0xb6, 0xe6, 0x96, 0xde, 0xb6, 0xe6, 0xb6, 0xe6, 0x95, 0xe6, 0x96, 0xe6, 0xb6, 0xe6, 0xb6, 0xe6, 0xb6, 0xe6, 0xb6, 0xe6, 0xb6, 0xe6, 0xb6, 0xde, 0xb5, 0xde, 0xd6, 0xd6, 0x16, 0xd7, 0x57, 0xd7, 0x77, 0xd7, 0xb8, 0xd7, 0xb8, 0xcf, 0xd8, 0xcf, 0xf8, 0xcf, 0xf8, 0xcf, 0xf8, 0xcf, 0xf8, 0xcf, 0xf8, 0xcf, 0xf8, 0xd7, 0xd8, 0xd7, 0xb8, 0xd7, 0xb8, 0xd7, 0x97, 0xd7, 0x57, 0xd7, 0x36, 0xcf, 0x16, 0xcf, 0x36, 0xd7, 0x77, 0xdf, 
  0xf8, 0xc7, 0xf8, 0xc7, 0xf8, 0xc7, 0xf8, 0xc7, 0xf8, 0xc7, 0xf8, 0xc7, 0xf8, 0xc7, 0xf8, 0xc7, 0xf8, 0xc7, 0xf8, 0xc7, 0xf8, 0xc7, 0xf8, 0xc7, 0xf8, 0xc7, 0xf8, 0xc7, 0xf8, 0xc7, 0xf9, 0xcf, 0xda, 0xd7, 0xdb, 0xdf, 0xdc, 0xdf, 0xdc, 0xe7, 0xbc, 0xe7, 0x9c, 0xe7, 0x9d, 0xef, 0x9d, 0xef, 0x7d, 0xef, 0x7d, 0xef, 0x7d, 0xef, 0x9d, 0xef, 0x9d, 0xef, 0x9d, 0xe7, 0x9c, 0xe7, 0xbc, 0xe7, 0xbc, 0xe7, 0xbc, 0xe7, 0xbc, 0xe7, 0x9c, 0xe7, 0x9c, 0xe7, 0x9d, 0xe7, 0xbd, 0xe7, 0x9d, 0xe7, 0x9d, 0xe7, 0x7d, 0xef, 0x5d, 0xef, 0x5d, 0xf7, 0x5c, 0xf7, 0x5d, 0xf7, 0x5c, 0xf7, 0x5c, 0xef, 0x5c, 0xef, 0x5c, 0xf7, 0x5c, 0xef, 0x5c, 0xef, 0x5b, 0xf7, 0x5b, 0xf7, 0xf9, 0xee, 0x97, 0xde, 0xb6, 0xde, 0xb6, 0xe6, 0xb6, 0xe6, 0xb5, 0xe6, 0xb6, 0xe6, 0xb6, 0xe6, 0xb6, 0xe6, 0x95, 0xe6, 0x95, 0xe6, 0x96, 0xe6, 0xb6, 0xe6, 0xb5, 0xe6, 0xb5, 0xde, 0xb5, 0xd6, 0xd5, 0xd6, 0xf5, 0xd6, 0x16, 0xcf, 0x36, 0xcf, 0x77, 0xd7, 0x97, 0xd7, 0x98, 0xd7, 0xb8, 0xd7, 0xb8, 0xd7, 0xb8, 0xd7, 0x77, 0xd7, 0x57, 0xd7, 0x36, 0xd7, 0x16, 0xd7, 0xf6, 0xd6, 0xf6, 0xd6, 0xd5, 0xce, 0xd5, 0xce, 0x16, 0xcf, 0x77, 0xdf, 
  0xf8, 0xc7, 0xf8, 0xc7, 0xf8, 0xc7, 0xf8, 0xc7, 0xf8, 0xc7, 0xf8, 0xc7, 0xf8, 0xc7, 0xf8, 0xc7, 0xf8, 0xc7, 0xf8, 0xc7, 0xf8, 0xc7, 0xf8, 0xc7, 0xf9, 0xc7, 0xf9, 0xcf, 0xf9, 0xcf, 0xda, 0xcf, 0xdb, 0xdf, 0xbc, 0xe7, 0xbc, 0xe7, 0xbc, 0xe7, 0x9c, 0xe7, 0x9d, 0xef, 0x9d, 0xef, 0x9d, 0xef, 0x9d, 0xef, 0x9d, 0xef, 0x9d, 0xef, 0x9d, 0xef, 0x9d, 0xef, 0x9d, 0xef, 0x9d, 0xef, 0x9d, 0xef, 0x9c, 0xe7, 0x9c, 0xe7, 0x9c, 0xe7, 0xbd, 0xe7, 0xbd, 0xe7, 0xbd, 0xe7, 0xbd, 0xe7, 0xbd, 0xef, 0x9d, 0xef, 0x9d, 0xef, 0x7c, 0xef, 0x5c, 0xef, 0x5c, 0xef, 0x5c, 0xef, 0x5c, 0xef, 0x5c, 0xef, 0x5c, 0xef, 0x5c, 0xef, 0x3c, 0xef, 0x5c, 0xef, 0x5c, 0xf7, 0x7c, 0xf7, 0x3b, 0xef, 0x19, 0xe7, 0xb7, 0xde, 0xb6, 0xde, 0xb6, 0xe6, 0xb6, 0xe6, 0xb6, 0xe6, 0xb5, 0xe6, 0xb6, 0xe6, 0x95, 0xe6, 0xb5, 0xe6, 0xb6, 0xe6, 0xb5, 0xe6, 0x95, 0xe6, 0xb5, 0xe6, 0xd5, 0xe6, 0xd5, 0xe6, 0xb5, 0xde, 0xb5, 0xde, 0xb5, 0xde, 0xb5, 0xde, 0xb6, 0xd6, 0xd6, 0xd6, 0xd6, 0xd6, 0xd5, 0xd6, 0xb5, 0xd6, 0xd5, 0xd6, 0xd6, 0xd6, 0xd6, 0xde, 0xb5, 0xde, 0xb5, 0xde, 0xb6, 0xde, 0xd6, 0xde, 0xd5, 0xd6, 0x57, 0xd7, 0x98, 0xdf, 
  0xf8, 0xc7, 0xf8, 0xc7, 0xf8, 0xc7, 0xf8, 0xc7, 0xf8, 0xc7, 0xf8, 0xc7, 0xf8, 0xc7, 0xf8, 0xc7, 0xf8, 0xc7, 0xf8, 0xc7, 0xf8, 0xc7, 0xf8, 0xc7, 0xf9, 0xcf, 0xf9, 0xcf, 0xfa, 0xcf, 0xda, 0xd7, 0xbc, 0xe7, 0x9c, 0xef, 0x9c, 0xef, 0x9c, 0xef, 0x9c, 0xef, 0x9d, 0xef, 0x9d, 0xef, 0x9d, 0xef, 0x9d, 0xef, 0x9d, 0xef, 0x9d, 0xef, 0x9d, 0xef, 0x9d, 0xef, 0x9d, 0xef, 0x9d, 0xef, 0x9d, 0xef, 0x9d, 0xef, 0x9d, 0xef, 0x9d, 0xe7, 0x9d, 0xe7, 0xbd, 0xe7, 0xbd, 0xe7, 0xbd, 0xe7, 0x9d, 0xef, 0x9d, 0xef, 0x9d, 0xef, 0x7c, 0xef, 0x7c, 0xef, 0x5c, 0xef, 0x5c, 0xef, 0x5c, 0xef, 0x5c, 0xef, 0x5c, 0xef, 0x5c, 0xef, 0x5c, 0xef, 0x5c, 0xef, 0x5d, 0xef, 0x5c, 0xef, 0x5c, 0xef, 0x3a, 0xef, 0xb8, 0xde, 0x96, 0xde, 0x96, 0xde, 0xb6, 0xe6, 0xb6, 0xe6, 0xb5, 0xe6, 0x95, 0xe6, 0xb6, 0xe6, 0x95, 0xe6, 0xb5, 0xe6, 0xb5, 0xe6, 0xb5, 0xe6, 0xb5, 0xe6, 0xb5, 0xe6, 0x95, 0xe6, 0x75, 0xe6, 0x95, 0xe6, 0x95, 0xe6, 0x96, 0xe6, 0x96, 0xe6, 0xb6, 0xe6, 0xb6, 0xe6, 0xb6, 0xe6, 0xb6, 0xde, 0xb6, 0xde, 0xb6, 0xde, 0xb6, 0xe6, 0x96, 0xe6, 0x96, 0xee, 0xb6, 0xe6, 0xb6, 0xde, 0xd5, 0xd6, 0x77, 0xdf, 0xb8, 0xdf, 
  0xf8, 0xc7, 0xf8, 0xc7, 0xf8, 0xc7, 0xf8, 0xc7, 0xf8, 0xc7, 0xf8, 0xc7, 0xf8, 0xc7, 0xf8, 0xc7, 0xf8, 0xc7, 0xf8, 0xc7, 0xf8, 0xc7, 0xf8, 0xc7, 0xf9, 0xcf, 0xf9, 0xcf, 0xfa, 0xd7, 0xdb, 0xdf, 0xbc, 0xe7, 0x9d, 0xef, 0x9d, 0xef, 0x9d, 0xef, 0x9d, 0xef, 0x9d, 0xef, 0x9d, 0xef, 0x9d, 0xef, 0x9d, 0xef, 0x9d, 0xef, 0x9d, 0xef, 0x9d, 0xef, 0x9d, 0xef, 0x9d, 0xef, 0x9d, 0xef, 0x9d, 0xef, 0x9c, 0xe7, 0x9d, 0xef, 0x9d, 0xe7, 0x9d, 0xe7, 0x9d, 0xe7, 0x9d, 0xe7, 0xbd, 0xe7, 0x9d, 0xef, 0x9d, 0xef, 0x9d, 0xef, 0x7c, 0xef, 0x7c, 0xef, 0x5c, 0xef, 0x5c, 0xef, 0x5c, 0xef, 0x5c, 0xef, 0x5c, 0xef, 0x5c, 0xef, 0x5c, 0xef, 0x3c, 0xef, 0x3c, 0xef, 0x5c, 0xef, 0x5c, 0xf7, 0x5b, 0xf7, 0x19, 0xef, 0xb7, 0xe6, 0x96, 0xde, 0xb6, 0xe6, 0xb6, 0xe6, 0x96, 0xe6, 0x96, 0xe6, 0xb6, 0xe6, 0xd7, 0xe6, 0xb6, 0xe6, 0x96, 0xe6, 0x95, 0xe6, 0x95, 0xe6, 0x95, 0xe6, 0x95, 0xe6, 0xb5, 0xe6, 0x95, 0xe6, 0x96, 0xe6, 0x96, 0xe6, 0x96, 0xe6, 0xb6, 0xe6, 0xb6, 0xe6, 0xb6, 0xe6, 0xb5, 0xe6, 0xb5, 0xe6, 0x95, 0xde, 0x95, 0xe6, 0x96, 0xe6, 0x96, 0xe6, 0xb6, 0xe6, 0xb5, 0xde, 0xd5, 0xd6, 0x98, 0xd7, 0xd8, 0xd7, 
  0xf8, 0xc7, 0xf8, 0xc7, 0xf8, 0xc7, 0xf8, 0xc7, 0xf8, 0xc7, 0xf8, 0xc7, 0xf8, 0xc7, 0xf8, 0xc7, 0xf8, 0xc7, 0xf8, 0xc7, 0xf8, 0xc7, 0xf9, 0xcf, 0xd9, 0xcf, 0xda, 0xd7, 0xda, 0xd7, 0xdb, 0xdf, 0xbc, 0xe7, 0x9d, 0xef, 0x9d, 0xef, 0x9d, 0xef, 0x9d, 0xef, 0x9d, 0xef, 0x9d, 0xef, 0x9d, 0xef, 0x9d, 0xef, 0x9d, 0xef, 0x9d, 0xef, 0x9d, 0xef, 0x9d, 0xef, 0x9d, 0xef, 0x9d, 0xef, 0x9d, 0xef, 0x9c, 0xe7, 0x9c, 0xe7, 0x9d, 0xe7, 0x9d, 0xe7, 0x9d, 0xe7, 0x9d, 0xe7, 0x9d, 0xe7, 0x9d, 0xe7, 0x9d, 0xef, 0x9d, 0xef, 0x7c, 0xef, 0x7c, 0xef, 0x5c, 0xef, 0x5c, 0xef, 0x5c, 0xef, 0x5c, 0xef, 0x3c, 0xef, 0x5c, 0xef, 0x5c, 0xef, 0x3c, 0xef, 0x3c, 0xef, 0x3c, 0xef, 0x5c, 0xf7, 0x5c, 0xf7, 0x7b, 0xf7, 0xf8, 0xe6, 0x96, 0xde, 0x96, 0xde, 0x96, 0xde, 0x96, 0xde, 0x96, 0xde, 0x96, 0xe6, 0x76, 0xde, 0x76, 0xde, 0x96, 0xe6, 0xb6, 0xe6, 0xb6, 0xe6, 0x95, 0xe6, 0x95, 0xe6, 0x95, 0xe6, 0x96, 0xe6, 0x96, 0xe6, 0x96, 0xe6, 0x96, 0xe6, 0x95, 0xe6, 0x95, 0xe6, 0x95, 0xe6, 0x95, 0xe6, 0x95, 0xe6, 0x75, 0xde, 0x75, 0xe6, 0x95, 0xe6, 0x95, 0xe6, 0x95, 0xde, 0xd6, 0xd6, 0x36, 0xd7, 0xb8, 0xd7, 0xd8, 0xcf, 
  0xf8, 0xc7, 0xf8, 0xc7, 0xf8, 0xc7, 0xf8, 0xc7, 0xf8, 0xc7, 0xf8, 0xc7, 0xf8, 0xc7, 0xf8, 0xc7, 0xf8, 0xc7, 0xf8, 0xc7, 0xf8, 0xc7, 0xf9, 0xcf, 0xd9, 0xd7, 0xda, 0xd7, 0xdb, 0xdf, 0xdc, 0xe7, 0xbc, 0xe7, 0x9d, 0xef, 0x9d, 0xef, 0x9d, 0xef, 0x9d, 0xef, 0x9d, 0xef, 0x9c, 0xe7, 0x9c, 0xe7, 0x9d, 0xef, 0x9d, 0xef, 0x9d, 0xef, 0x9d, 0xef, 0x9d, 0xef, 0x9d, 0xef, 0x9d, 0xef, 0x9d, 0xef, 0x9c, 0xe7, 0x9d, 0xef, 0x9d, 0xef, 0x9d, 0xe7, 0x9d, 0xe7, 0x9d, 0xe7, 0x9d, 0xe7, 0x9d, 0xef, 0x9d, 0xef, 0x9d, 0xef, 0x9d, 0xef, 0x7c, 0xef, 0x7c, 0xef, 0x7c, 0xef, 0x5c, 0xef, 0x5c, 0xef, 0x5c, 0xef, 0x5c, 0xef, 0x5c, 0xef, 0x3c, 0xef, 0x3c, 0xef, 0x5c, 0xef, 0x5c, 0xef, 0x5b, 0xef, 0x5b, 0xf7, 0x19, 0xef, 0xb8, 0xde, 0x96, 0xde, 0x96, 0xde, 0xb7, 0xe6, 0xb7, 0xe6, 0x97, 0xde, 0x97, 0xde, 0x97, 0xde, 0x96, 0xde, 0x96, 0xde, 0x96, 0xde, 0x96, 0xde, 0x95, 0xde, 0xb6, 0xe6, 0x96, 0xe6, 0x96, 0xe6, 0x96, 0xe6, 0x95, 0xe6, 0x95, 0xe6, 0x95, 0xe6, 0x75, 0xe6, 0x75, 0xe6, 0x95, 0xe6, 0x95, 0xe6, 0x95, 0xe6, 0x95, 0xe6, 0x95, 0xde, 0xb5, 0xde, 0x16, 0xdf, 0x77, 0xdf, 0xd8, 0xd7, 0xf8, 0xcf, 
  0xf8, 0xc7, 0xf8, 0xc7, 0xf8, 0xc7, 0xf8, 0xc7, 0xf8, 0xc7, 0xf8, 0xc7, 0xf8, 0xc7, 0xf8, 0xc7, 0xf8, 0xc7, 0xf8, 0xc7, 0xf9, 0xcf, 0xd9, 0xcf, 0xda, 0xd7, 0xdb, 0xdf, 0xdb, 0xe7, 0xbc, 0xe7, 0x9d, 0xe7, 0x9d, 0xef, 0x9d, 0xef, 0x9d, 0xef, 0x9d, 0xef, 0x9d, 0xef, 0x9d, 0xef, 0x9d, 0xef, 0x9d, 0xef, 0x9d, 0xef, 0x9d, 0xef, 0x9d, 0xef, 0x9d, 0xef, 0x9d, 0xef, 0x9c, 0xef, 0x9c, 0xef, 0x9d, 0xef, 0x9d, 0xef, 0x9d, 0xef, 0x9d, 0xef, 0x9d, 0xe7, 0x9d, 0xe7, 0x9d, 0xef, 0x9d, 0xef, 0x9d, 0xef, 0x9d, 0xef, 0x9d, 0xef, 0x9d, 0xef, 0x7c, 0xef, 0x7c, 0xef, 0x5c, 0xef, 0x5c, 0xef, 0x5c, 0xef, 0x5c, 0xef, 0x3c, 0xef, 0x3c, 0xef, 0x5c, 0xef, 0x5c, 0xf7, 0x5c, 0xef, 0x3b, 0xef, 0x5b, 0xf7, 0x5b, 0xef, 0x1a, 0xef, 0xf9, 0xe6, 0x19, 0xef, 0x3a, 0xef, 0x1a, 0xef, 0xf9, 0xee, 0x3a, 0xf7, 0xf9, 0xee, 0xd8, 0xe6, 0xb8, 0xe6, 0x97, 0xde, 0x96, 0xde, 0x96, 0xde, 0xb6, 0xde, 0x96, 0xde, 0x96, 0xde, 0x76, 0xe6, 0x75, 0xe6, 0x95, 0xe6, 0x95, 0xe6, 0x95, 0xe6, 0x95, 0xe6, 0x95, 0xe6, 0x95, 0xe6, 0x95, 0xe6, 0x95, 0xde, 0x95, 0xde, 0xd6, 0xd6, 0x57, 0xd7, 0xb8, 0xd7, 0xf8, 0xcf, 0xf8, 0xcf, 
  0xf8, 0xc7, 0xf8, 0xc7, 0xf8, 0xc7, 0xf8, 0xc7, 0xf8, 0xc7, 0xf8, 0xc7, 0xf8, 0xc7, 0xf8, 0xc7, 0xf8, 0xc7, 0xf8, 0xc7, 0xd9, 0xcf, 0xd9, 0xcf, 0xda, 0xdf, 0xdb, 0xe7, 0xbc, 0xe7, 0x9c, 0xe7, 0x9d, 0xef, 0x9d, 0xef, 0x9d, 0xef, 0x9d, 0xef, 0x9d, 0xef, 0x9d, 0xef, 0x9d, 0xef, 0x9d, 0xef, 0x9d, 0xef, 0x9d, 0xef, 0x9d, 0xef, 0x9d, 0xef, 0x9d, 0xef, 0x9c, 0xef, 0x9c, 0xef, 0x9c, 0xef, 0x9c, 0xef, 0x9d, 0xef, 0x9d, 0xef, 0x9d, 0xef, 0x9d, 0xef, 0x9d, 0xef, 0x9d, 0xef, 0x9d, 0xef, 0x9d, 0xef, 0x9d, 0xef, 0x9d, 0xef, 0x9d, 0xef, 0x9d, 0xef, 0x7c, 0xef, 0x7c, 0xef, 0x5c, 0xef, 0x5c, 0xef, 0x5c, 0xef, 0x5c, 0xef, 0x3c, 0xef, 0x5c, 0xef, 0x5c, 0xf7, 0x5c, 0xf7, 0x5c, 0xef, 0x5c, 0xf7, 0x5c, 0xf7, 0x5b, 0xf7, 0x5b, 0xf7, 0x5b, 0xf7, 0x7b, 0xf7, 0x7b, 0xf7, 0x5b, 0xf7, 0x3b, 0xef, 0x5b, 0xf7, 0x5b, 0xf7, 0x5b, 0xf7, 0x5a, 0xf7, 0x19, 0xef, 0xd7, 0xde, 0x76, 0xd6, 0x96, 0xde, 0x96, 0xde, 0x76, 0xde, 0x76, 0xe6, 0x75, 0xe6, 0x75, 0xe6, 0x75, 0xe6, 0x75, 0xe6, 0x75, 0xe6, 0x75, 0xe6, 0x95, 0xde, 0x95, 0xde, 0xb5, 0xd6, 0x16, 0xd7, 0x97, 0xd7, 0xd8, 0xd7, 0xf8, 0xcf, 0xf8, 0xc7, 
  0xf8, 0xc7, 0xf8, 0xc7, 0xf8, 0xc7, 0xf8, 0xc7, 0xf8, 0xc7, 0xf8, 0xc7, 0xf8, 0xc7, 0xf8, 0xc7, 0xf8, 0xc7, 0xf8, 0xc7, 0xd9, 0xcf, 0xda, 0xd7, 0xdb, 0xdf, 0xdc, 0xe7, 0xbc, 0xef, 0x9d, 0xef, 0x9d, 0xef, 0x9d, 0xef, 0x9d, 0xef, 0x9d, 0xef, 0x9d, 0xef, 0x9d, 0xef, 0x9d, 0xef, 0xbd, 0xef, 0x9d, 0xef, 0x9d, 0xef, 0x9d, 0xef, 0x9d, 0xef, 0x9d, 0xef, 0x9d, 0xef, 0x9d, 0xef, 0x9d, 0xef, 0x9d, 0xef, 0x9d, 0xef, 0x9d, 0xef, 0x9d, 0xef, 0x9d, 0xef, 0x9d, 0xef, 0x9d, 0xef, 0x9d, 0xef, 0x9d, 0xef, 0x9d, 0xef, 0x9d, 0xef, 0x9d, 0xef, 0x9d, 0xef, 0x7c, 0xef, 0x7c, 0xef, 0x5c, 0xef, 0x5c, 0xef, 0x5c, 0xf7, 0x5c, 0xf7, 0x5c, 0xef, 0x3c, 0xef, 0x5c, 0xf7, 0x5c, 0xf7, 0x5c, 0xf7, 0x5c, 0xef, 0x3b, 0xef, 0x5c, 0xef, 0x5c, 0xf7, 0x5c, 0xf7, 0x3b, 0xef, 0x5b, 0xef, 0x5c, 0xf7, 0x5c, 0xf7, 0x5c, 0xf7, 0x5c, 0xf7, 0x5b, 0xf7, 0x5b, 0xf7, 0x7b, 0xf7, 0x5a, 0xef, 0x39, 0xef, 0x97, 0xde, 0x97, 0xde, 0x76, 0xde, 0x76, 0xde, 0x75, 0xe6, 0x75, 0xe6, 0x74, 0xe6, 0x74, 0xe6, 0x75, 0xe6, 0x95, 0xde, 0x95, 0xde, 0x95, 0xd6, 0xf6, 0xd6, 0x57, 0xd7, 0xd8, 0xd7, 0xf8, 0xcf, 0xf8, 0xc7, 0xf8, 0xc7, 
  0xf8, 0xc7, 0xf8, 0xc7, 0xf8, 0xc7, 0xf8, 0xc7, 0xf8, 0xc7, 0xf8, 0xc7, 0xf8, 0xc7, 0xf8, 0xc7, 0xf8, 0xc7, 0xf8, 0xc7, 0xd9, 0xcf, 0xda, 0xd7, 0xdb, 0xe7, 0xbc, 0xe7, 0x9d, 0xef, 0x9d, 0xef, 0x9d, 0xef, 0x9d, 0xef, 0x9d, 0xef, 0x9d, 0xef, 0x9d, 0xef, 0x9d, 0xef, 0x9d, 0xef, 0x9d, 0xef, 0x9d, 0xef, 0x9d, 0xef, 0x9d, 0xef, 0x9d, 0xef, 0x9d, 0xef, 0x9d, 0xef, 0x9d, 0xef, 0x9d, 0xef, 0x9d, 0xef, 0x9d, 0xef, 0x9d, 0xef, 0x9d, 0xef, 0x9d, 0xef, 0x9d, 0xef, 0x9d, 0xef, 0x9d, 0xef, 0x9d, 0xef, 0x9d, 0xef, 0x9d, 0xef, 0x9d, 0xef, 0x9d, 0xef, 0x9d, 0xef, 0x7c, 0xef, 0x7c, 0xef, 0x5c, 0xef, 0x5c, 0xef, 0x5c, 0xef, 0x5c, 0xef, 0x5c, 0xef, 0x5c, 0xef, 0x5c, 0xef, 0x5c, 0xef, 0x5c, 0xef, 0x5c, 0xef, 0x5c, 0xef, 0x5c, 0xef, 0x5c, 0xef, 0x5c, 0xef, 0x5c, 0xef, 0x5c, 0xef, 0x5c, 0xf7, 0x3c, 0xf7, 0x5c, 0xf7, 0x5c, 0xef, 0x5b, 0xef, 0x5b, 0xef, 0x5b, 0xef, 0x5b, 0xf7, 0x3a, 0xef, 0xf9, 0xe6, 0x77, 0xde, 0x55, 0xde, 0x96, 0xe6, 0x75, 0xe6, 0x54, 0xde, 0x75, 0xe6, 0x95, 0xe6, 0x95, 0xde, 0x74, 0xd6, 0xb5, 0xce, 0x57, 0xd7, 0xd8, 0xdf, 0xf9, 0xd7, 0xf8, 0xc7, 0xf8, 0xc7, 0xf8, 0xc7, 
  0xf8, 0xc7, 0xf8, 0xc7, 0xf8, 0xc7, 0xf8, 0xc7, 0xf8, 0xc7, 0xf8, 0xc7, 0xf8, 0xc7, 0xf8, 0xc7, 0xf8, 0xc7, 0xf9, 0xcf, 0xd9, 0xcf, 0xda, 0xdf, 0xdc, 0xe7, 0xbc, 0xef, 0x9d, 0xef, 0x9d, 0xef, 0x9d, 0xef, 0x9d, 0xef, 0x9d, 0xef, 0x9d, 0xef, 0x9d, 0xef, 0x9d, 0xef, 0x9d, 0xef, 0x9d, 0xef, 0x9d, 0xef, 0x9d, 0xef, 0x9d, 0xef, 0x9d, 0xef, 0x9d, 0xef, 0x9d, 0xef, 0x9d, 0xef, 0x9d, 0xef, 0x9d, 0xef, 0x9d, 0xef, 0x9d, 0xef, 0x9d, 0xef, 0x9d, 0xef, 0x9d, 0xef, 0x9d, 0xef, 0x9d, 0xef, 0x9d, 0xef, 0x9d, 0xef, 0x9d, 0xef, 0x9d, 0xef, 0x9d, 0xef, 0x9d, 0xef, 0x7c, 0xef, 0x7d, 0xef, 0x5c, 0xef, 0x5c, 0xef, 0x5c, 0xef, 0x5c, 0xef, 0x5c, 0xef, 0x5c, 0xef, 0x5c, 0xef, 0x5c, 0xef, 0x5c, 0xef, 0x5c, 0xef, 0x5c, 0xef, 0x5c, 0xef, 0x5c, 0xef, 0x5c, 0xef, 0x5c, 0xef, 0x5c, 0xef, 0x5c, 0xef, 0x3c, 0xf7, 0x5c, 0xef, 0x5c, 0xef, 0x5c, 0xef, 0x5b, 0xef, 0x5b, 0xef, 0x5b, 0xef, 0x5b, 0xf7, 0x3a, 0xef, 0xf9, 0xee, 0xb7, 0xe6, 0x76, 0xde, 0x75, 0xde, 0x75, 0xe6, 0x74, 0xde, 0x95, 0xde, 0x95, 0xd6, 0xb5, 0xd6, 0x37, 0xd7, 0x98, 0xd7, 0xd8, 0xd7, 0xd8, 0xcf, 0xf8, 0xc7, 0xf8, 0xc7, 0xf8, 0xbf, 
  0xf8, 0xc7, 0xf8, 0xc7, 0xf8, 0xc7, 0xf8, 0xc7, 0xf8, 0xc7, 0xf8, 0xc7, 0xf8, 0xc7, 0xf8, 0xc7, 0xf9, 0xc7, 0xd9, 0xcf, 0xd9, 0xcf, 0xdb, 0xdf, 0xdc, 0xe7, 0xbd, 0xef, 0x9d, 0xef, 0x7d, 0xef, 0x9d, 0xef, 0x9d, 0xef, 0x9d, 0xef, 0x9d, 0xef, 0x9d, 0xef, 0x9d, 0xef, 0x9d, 0xef, 0x9d, 0xef, 0x9d, 0xef, 0x9d, 0xef, 0x9d, 0xef, 0x9d, 0xef, 0x9d, 0xef, 0x9d, 0xef, 0x9d, 0xef, 0x9d, 0xef, 0x9d, 0xef, 0x9d, 0xef, 0x9d, 0xef, 0x9d, 0xef, 0x9d, 0xef, 0x9d, 0xef, 0x9d, 0xef, 0x9d, 0xef, 0x9d, 0xef, 0x9d, 0xef, 0x9d, 0xef, 0x9d, 0xef, 0x9d, 0xef, 0x9d, 0xef, 0x9d, 0xef, 0x9d, 0xef, 0x7d, 0xef, 0x5c, 0xef, 0x5c, 0xef, 0x5c, 0xef, 0x5c, 0xef, 0x5c, 0xef, 0x5c, 0xef, 0x5c, 0xef, 0x5c, 0xef, 0x5c, 0xef, 0x5c, 0xef, 0x5d, 0xef, 0x5c, 0xef, 0x5c, 0xef, 0x5c, 0xef, 0x5c, 0xef, 0x5c, 0xef, 0x5c, 0xef, 0x5c, 0xef, 0x5c, 0xef, 0x5c, 0xef, 0x5c, 0xef, 0x5c, 0xef, 0x5c, 0xef, 0x5c, 0xf7, 0x3b, 0xef, 0x5b, 0xf7, 0x19, 0xef, 0x97, 0xde, 0x76, 0xde, 0x96, 0xde, 0x75, 0xd6, 0x74, 0xce, 0xb5, 0xce, 0x36, 0xd7, 0xb8, 0xdf, 0xd8, 0xd7, 0xd8, 0xcf, 0xf8, 0xc7, 0xf8, 0xc7, 0xf8, 0xc7, 0xf8, 0xbf, 
  0xf8, 0xc7, 0xf8, 0xc7, 0xf8, 0xc7, 0xf8, 0xc7, 0xf8, 0xc7, 0xf8, 0xc7, 0xf8, 0xc7, 0xf8, 0xc7, 0xf8, 0xc7, 0xd9, 0xcf, 0xda, 0xd7, 0xdb, 0xdf, 0xdc, 0xe7, 0xbd, 0xef, 0x9d, 0xef, 0x7d, 0xef, 0x9d, 0xef, 0x9d, 0xef, 0x9d, 0xef, 0x9d, 0xef, 0x9d, 0xef, 0x9d, 0xef, 0x9d, 0xef, 0x9d, 0xef, 0x9d, 0xef, 0x9d, 0xef, 0x9d, 0xef, 0x9d, 0xef, 0x9d, 0xef, 0x9d, 0xef, 0x9d, 0xef, 0x9d, 0xef, 0x9d, 0xef, 0x9d, 0xef, 0x9d, 0xef, 0x9d, 0xef, 0x9d, 0xef, 0x9d, 0xef, 0x9d, 0xef, 0x9d, 0xef, 0x9d, 0xef, 0x9d, 0xef, 0x9d, 0xef, 0x9d, 0xef, 0x9d, 0xef, 0x9d, 0xef, 0x9d, 0xef, 0x9d, 0xef, 0x7d, 0xef, 0x7d, 0xef, 0x7c, 0xef, 0x7c, 0xef, 0x7c, 0xef, 0x5c, 0xef, 0x5c, 0xef, 0x5c, 0xef, 0x5c, 0xef, 0x5c, 0xef, 0x5d, 0xef, 0x5d, 0xef, 0x5d, 0xef, 0x5c, 0xef, 0x5c, 0xef, 0x5c, 0xef, 0x5c, 0xef, 0x5c, 0xef, 0x5c, 0xef, 0x5c, 0xef, 0x5c, 0xef, 0x5c, 0xef, 0x5c, 0xef, 0x5c, 0xef, 0x5c, 0xf7, 0x3b, 0xef, 0x5b, 0xef, 0x7b, 0xf7, 0x19, 0xe7, 0x96, 0xd6, 0x75, 0xd6, 0x95, 0xd6, 0xb5, 0xc6, 0x36, 0xcf, 0x98, 0xd7, 0xd8, 0xd7, 0xf8, 0xcf, 0xf8, 0xcf, 0xf8, 0xc7, 0xf8, 0xc7, 0xf8, 0xc7, 0xf8, 0xc7, 
  0xf8, 0xc7, 0xf8, 0xc7, 0xf8, 0xc7, 0xf8, 0xc7, 0xf8, 0xc7, 0xf8, 0xc7, 0xf8, 0xc7, 0xf8, 0xc7, 0xf8, 0xcf, 0xd9, 0xcf, 0xda, 0xd7, 0xdb, 0xdf, 0xdc, 0xe7, 0x9d, 0xef, 0x9d, 0xef, 0x7e, 0xef, 0x9d, 0xef, 0x9d, 0xef, 0x9d, 0xef, 0x9d, 0xef, 0x9d, 0xef, 0x9d, 0xef, 0x9d, 0xef, 0x9d, 0xef, 0x9d, 0xef, 0x9d, 0xef, 0x9d, 0xef, 0x9d, 0xef, 0x9d, 0xef, 0x9d, 0xef, 0x9d, 0xef, 0x9d, 0xef, 0x9d, 0xef, 0x9d, 0xef, 0x9d, 0xef, 0x9d, 0xef, 0x9d, 0xef, 0x9d, 0xef, 0x9d, 0xef, 0x9d, 0xef, 0x9d, 0xef, 0x9d, 0xef, 0x9d, 0xef, 0x9d, 0xef, 0x9d, 0xef, 0xbd, 0xef, 0xbd, 0xef, 0x9d, 0xef, 0x9d, 0xef, 0x9d, 0xef, 0x7d, 0xef, 0x7c, 0xef, 0x7c, 0xef, 0x7c, 0xef, 0x5c, 0xef, 0x5c, 0xef, 0x5c, 0xef, 0x5c, 0xef, 0x5d, 0xef, 0x5d, 0xef, 0x5d, 0xef, 0x5c, 0xef, 0x5c, 0xef, 0x5c, 0xef, 0x5c, 0xef, 0x5c, 0xef, 0x5c, 0xef, 0x5c, 0xef, 0x5c, 0xef, 0x5c, 0xef, 0x5c, 0xef, 0x5c, 0xef, 0x5c, 0xf7, 0x5c, 0xef, 0x5c, 0xef, 0x7c, 0xf7, 0x7b, 0xef, 0xd8, 0xde, 0x76, 0xce, 0xb6, 0xce, 0x57, 0xd7, 0xb8, 0xd7, 0xf8, 0xd7, 0xf8, 0xcf, 0xf8, 0xc7, 0xf8, 0xc7, 0xf8, 0xc7, 0xf8, 0xc7, 0xf8, 0xc7, 0xf8, 0xc7, 
  0xf8, 0xc7, 0xf8, 0xc7, 0xf8, 0xc7, 0xf8, 0xc7, 0xf8, 0xc7, 0xf8, 0xc7, 0xf8, 0xc7, 0xf8, 0xcf, 0xf8, 0xcf, 0xd9, 0xcf, 0xda, 0xd7, 0xdb, 0xdf, 0xdc, 0xe7, 0x9d, 0xef, 0x9d, 0xef, 0x7e, 0xef, 0x9d, 0xef, 0x9d, 0xef, 0x9d, 0xef, 0x9d, 0xef, 0x9d, 0xef, 0x9d, 0xef, 0x9d, 0xef, 0x9d, 0xef, 0x9d, 0xef, 0x9d, 0xef, 0x9d, 0xef, 0x9d, 0xef, 0x9d, 0xef, 0x9d, 0xef, 0x9d, 0xef, 0x9d, 0xef, 0x9d, 0xef, 0x9d, 0xef, 0x9d, 0xef, 0x9d, 0xef, 0x9d, 0xef, 0x9d, 0xef, 0x9d, 0xef, 0x9d, 0xef, 0x9d, 0xef, 0x9d, 0xef, 0x9d, 0xef, 0x9d, 0xef, 0x9d, 0xef, 0xbd, 0xef, 0xbd, 0xef, 0xbd, 0xef, 0x9d, 0xef, 0x9d, 0xef, 0x9d, 0xef, 0x9c, 0xef, 0x7c, 0xef, 0x7c, 0xef, 0x7c, 0xef, 0x5c, 0xef, 0x5c, 0xef, 0x5c, 0xef, 0x5d, 0xef, 0x5d, 0xef, 0x5c, 0xef, 0x5c, 0xef, 0x5c, 0xef, 0x5c, 0xef, 0x5c, 0xef, 0x5c, 0xef, 0x5c, 0xef, 0x5c, 0xef, 0x5c, 0xef, 0x5c, 0xef, 0x5c, 0xef, 0x5c, 0xef, 0x3c, 0xef, 0x7d, 0xf7, 0x3c, 0xef, 0x3b, 0xe7, 0x9c, 0xef, 0x7b, 0xef, 0x19, 0xdf, 0x38, 0xdf, 0xd9, 0xdf, 0xd8, 0xcf, 0xd8, 0xcf, 0xf8, 0xcf, 0xf8, 0xc7, 0xf8, 0xbf, 0xf8, 0xbf, 0xf8, 0xc7, 0xf8, 0xc7, 0xf8, 0xc7, 
  0xf8, 0xc7, 0xf8, 0xc7, 0xf8, 0xc7, 0xf8, 0xc7, 0xf8, 0xc7, 0xf8, 0xc7, 0xf8, 0xc7, 0xf8, 0xcf, 0xd9, 0xcf, 0xd9, 0xcf, 0xda, 0xd7, 0xdb, 0xdf, 0xbc, 0xe7, 0x9d, 0xef, 0x9d, 0xef, 0x9e, 0xef, 0x9d, 0xef, 0x9d, 0xef, 0x9d, 0xef, 0x9d, 0xef, 0x9d, 0xef, 0x9d, 0xef, 0x9d, 0xef, 0x9d, 0xef, 0x9d, 0xef, 0x9d, 0xef, 0x9d, 0xef, 0x9d, 0xef, 0x9d, 0xef, 0x9d, 0xef, 0x9d, 0xef, 0x9d, 0xef, 0x9d, 0xef, 0x9d, 0xef, 0x9d, 0xef, 0x9d, 0xef, 0x9d, 0xef, 0x9d, 0xef, 0x9d, 0xef, 0x9d, 0xef, 0x9d, 0xef, 0x9d, 0xef, 0x9d, 0xef, 0x9d, 0xef, 0x9d, 0xef, 0x9d, 0xef, 0x9d, 0xef, 0x9d, 0xef, 0x9d, 0xef, 0x9d, 0xef, 0x9d, 0xef, 0x9c, 0xef, 0x9c, 0xef, 0x7c, 0xef, 0x7c, 0xef, 0x5c, 0xef, 0x5c, 0xef, 0x5c, 0xef, 0x5d, 0xef, 0x5d, 0xef, 0x5c, 0xef, 0x5c, 0xef, 0x5c, 0xef, 0x5c, 0xef, 0x5c, 0xef, 0x5c, 0xef, 0x5c, 0xef, 0x5c, 0xef, 0x5c, 0xef, 0x5c, 0xef, 0x5c, 0xef, 0x5d, 0xef, 0x3c, 0xef, 0x5d, 0xef, 0x5c, 0xef, 0x3c, 0xe7, 0x7c, 0xef, 0xbc, 0xef, 0xbb, 0xef, 0x9a, 0xe7, 0xd9, 0xd7, 0xd8, 0xc7, 0xf8, 0xc7, 0xf8, 0xc7, 0xf8, 0xc7, 0xf8, 0xbf, 0xf8, 0xc7, 0xf9, 0xc7, 0xf8, 0xc7, 0xf8, 0xcf, 
  0xf8, 0xc7, 0xf8, 0xc7, 0xf8, 0xc7, 0xf8, 0xc7, 0xf8, 0xc7, 0xf8, 0xc7, 0xf8, 0xcf, 0xd9, 0xcf, 0xd9, 0xcf, 0xba, 0xd7, 0xba, 0xdf, 0xdc, 0xe7, 0xbc, 0xe7, 0x9d, 0xef, 0x9d, 0xef, 0x9d, 0xef, 0x9d, 0xef, 0x9d, 0xef, 0x9d, 0xef, 0x9d, 0xef, 0x9d, 0xef, 0x9d, 0xef, 0x9d, 0xef, 0x9d, 0xef, 0x9d, 0xef, 0x9d, 0xef, 0x9d, 0xef, 0x9d, 0xef, 0x9d, 0xef, 0x9d, 0xef, 0x9d, 0xef, 0x9d, 0xef, 0x9d, 0xef, 0x9d, 0xef, 0x9d, 0xef, 0x9d, 0xef, 0x9d, 0xef, 0x9d, 0xef, 0x9d, 0xef, 0x9d, 0xef, 0x9d, 0xef, 0x9d, 0xef, 0x9d, 0xef, 0x9d, 0xef, 0x9d, 0xe7, 0x9d, 0xe7, 0x9d, 0xef, 0x9d, 0xef, 0x9d, 0xe7, 0x9d, 0xef, 0x9d, 0xef, 0x9d, 0xef, 0x9c, 0xef, 0x9c, 0xef, 0x7c, 0xef, 0x7c, 0xef, 0x5c, 0xef, 0x5c, 0xef, 0x5d, 0xef, 0x5d, 0xef, 0x5c, 0xef, 0x5c, 0xef, 0x5c, 0xef, 0x5c, 0xef, 0x5c, 0xef, 0x5c, 0xef, 0x5c, 0xef, 0x5c, 0xef, 0x5c, 0xef, 0x5c, 0xef, 0x5c, 0xef, 0x5d, 0xef, 0x7d, 0xf7, 0x3c, 0xe7, 0x5d, 0xef, 0x9d, 0xef, 0x7c, 0xef, 0x9c, 0xef, 0xbc, 0xef, 0xbb, 0xdf, 0xb9, 0xcf, 0xf8, 0xcf, 0xf8, 0xc7, 0xf8, 0xc7, 0xf8, 0xbf, 0xf8, 0xc7, 0xf8, 0xc7, 0xf8, 0xc7, 0xf8, 0xc7, 0xf8, 0xcf, 
  0xf7, 0xc7, 0xf8, 0xc7, 0xf8, 0xc7, 0xf8, 0xc7, 0xf8, 0xc7, 0xf8, 0xc7, 0xd9, 0xcf, 0xd9, 0xd7, 0xda, 0xdf, 0xbb, 0xdf, 0xbb, 0xe7, 0x9c, 0xe7, 0x9c, 0xef, 0x9d, 0xef, 0x9d, 0xef, 0x9d, 0xef, 0x9d, 0xef, 0x9d, 0xef, 0x9d, 0xef, 0x9d, 0xef, 0x9d, 0xef, 0x9d, 0xef, 0x9d, 0xef, 0x9d, 0xef, 0x9d, 0xef, 0x9d, 0xef, 0x9d, 0xef, 0x9d, 0xef, 0x9d, 0xef, 0x9d, 0xef, 0x9d, 0xef, 0x9d, 0xef, 0x9d, 0xef, 0x9d, 0xef, 0x9d, 0xef, 0x9d, 0xef, 0x9d, 0xef, 0x9d, 0xef, 0x9d, 0xef, 0x9d, 0xef, 0x9d, 0xef, 0x9d, 0xef, 0x9d, 0xef, 0x9d, 0xef, 0x9d, 0xef, 0x9d, 0xef, 0x9d, 0xef, 0x9d, 0xef, 0x9d, 0xef, 0x9d, 0xef, 0x9d, 0xef, 0x9d, 0xef, 0x9d, 0xef, 0x9d, 0xef, 0x9d, 0xef, 0x9d, 0xef, 0x7d, 0xef, 0x7d, 0xef, 0x7d, 0xef, 0x7d, 0xef, 0x7d, 0xef, 0x7c, 0xef, 0x5c, 0xef, 0x5c, 0xef, 0x5c, 0xef, 0x5c, 0xef, 0x5c, 0xef, 0x5c, 0xef, 0x5c, 0xef, 0x5c, 0xef, 0x5c, 0xef, 0x7d, 0xef, 0x7d, 0xef, 0x7d, 0xef, 0x7d, 0xef, 0x7d, 0xef, 0x9d, 0xef, 0x9d, 0xef, 0x9c, 0xef, 0xbc, 0xe7, 0xda, 0xd7, 0xd9, 0xcf, 0xf8, 0xc7, 0xf8, 0xc7, 0xf8, 0xbf, 0xf8, 0xbf, 0xf8, 0xc7, 0xf8, 0xc7, 0xf8, 0xc7, 0xf8, 0xcf, 
  0xf8, 0xc7, 0xf8, 0xc7, 0xf8, 0xc7, 0xf8, 0xc7, 0xf9, 0xcf, 0xf9, 0xcf, 0xfa, 0xd7, 0xda, 0xdf, 0xdb, 0xe7, 0xbc, 0xe7, 0xbc, 0xef, 0x9c, 0xef, 0x9d, 0xef, 0x9d, 0xef, 0x9d, 0xef, 0x9d, 0xef, 0x9d, 0xef, 0x9d, 0xef, 0x9d, 0xef, 0x9d, 0xef, 0x9d, 0xef, 0x9d, 0xef, 0x9d, 0xef, 0x9d, 0xef, 0x9d, 0xef, 0x9d, 0xef, 0x9d, 0xef, 0x9d, 0xef, 0x9d, 0xef, 0x9d, 0xef, 0x9d, 0xef, 0x9d, 0xef, 0x9d, 0xef, 0x9d, 0xef, 0x9d, 0xef, 0x9d, 0xef, 0x9d, 0xef, 0x9d, 0xef, 0x9d, 0xef, 0x9d, 0xef, 0x9d, 0xef, 0x9d, 0xef, 0x9d, 0xef, 0x9d, 0xef, 0x9d, 0xef, 0x9d, 0xef, 0x9d, 0xef, 0x9d, 0xef, 0x9d, 0xef, 0x9d, 0xef, 0x9d, 0xef, 0x9d, 0xef, 0x9d, 0xef, 0x9d, 0xef, 0x9d, 0xef, 0x9d, 0xef, 0x9d, 0xef, 0x9d, 0xef, 0x7d, 0xef, 0x7d, 0xef, 0x9d, 0xef, 0x7d, 0xef, 0x7d, 0xef, 0x7d, 0xef, 0x7d, 0xef, 0x7d, 0xef, 0x7d, 0xef, 0x7d, 0xef, 0x7d, 0xef, 0x7d, 0xef, 0x7d, 0xef, 0x9d, 0xef, 0x7d, 0xef, 0x7d, 0xef, 0x9d, 0xef, 0x9d, 0xef, 0x9d, 0xef, 0x9d, 0xef, 0x9d, 0xef, 0xbc, 0xe7, 0xba, 0xdf, 0xd9, 0xcf, 0xf9, 0xc7, 0xf8, 0xc7, 0xf8, 0xbf, 0xf8, 0xbf, 0xf8, 0xc7, 0xf8, 0xc7, 0xf8, 0xc7, 0xf8, 0xcf, 
  0xf8, 0xc7, 0xf8, 0xc7, 0xf8, 0xc7, 0xf9, 0xc7, 0xf9, 0xcf, 0xfa, 0xd7, 0xdb, 0xdf, 0xdb, 0xdf, 0xdc, 0xe7, 0xbc, 0xe7, 0x9d, 0xef, 0x9d, 0xef, 0x9d, 0xef, 0x9d, 0xef, 0x9d, 0xef, 0x9d, 0xef, 0x9d, 0xef, 0x9d, 0xef, 0x9d, 0xef, 0x9d, 0xef, 0x9d, 0xef, 0x9d, 0xef, 0x9d, 0xef, 0x9d, 0xef, 0x9d, 0xef, 0x9d, 0xef, 0x9d, 0xef, 0x9d, 0xef, 0x9d, 0xef, 0x9d, 0xef, 0x9d, 0xef, 0x9d, 0xef, 0x9d, 0xef, 0x9d, 0xef, 0x9d, 0xef, 0x9d, 0xef, 0x9d, 0xef, 0x9d, 0xef, 0x9d, 0xef, 0x9d, 0xef, 0x9d, 0xef, 0x9d, 0xef, 0x9d, 0xef, 0x9d, 0xef, 0x9d, 0xef, 0x9d, 0xef, 0x9d, 0xef, 0x9d, 0xef, 0x9d, 0xef, 0x9d, 0xef, 0x9d, 0xef, 0x9d, 0xef, 0x9d, 0xef, 0x9d, 0xef, 0x9d, 0xef, 0x9d, 0xef, 0x9d, 0xef, 0x9d, 0xef, 0x7d, 0xef, 0x9d, 0xef, 0x9d, 0xef, 0x9d, 0xf7, 0x9d, 0xef, 0x7d, 0xef, 0x7d, 0xef, 0x7d, 0xef, 0x7d, 0xef, 0x9d, 0xef, 0x9d, 0xef, 0x9d, 0xef, 0x9d, 0xef, 0x9d, 0xef, 0x9d, 0xef, 0x9d, 0xef, 0x9d, 0xef, 0x9d, 0xef, 0x9d, 0xef, 0x9d, 0xef, 0x9d, 0xef, 0xbc, 0xe7, 0xbb, 0xdf, 0xd9, 0xd7, 0xd9, 0xc7, 0xf9, 0xc7, 0xf8, 0xc7, 0xf8, 0xc7, 0xf8, 0xc7, 0xf8, 0xc7, 0xf8, 0xc7, 0xf8, 0xcf, 
  0xf8, 0xc7, 0xf8, 0xc7, 0xf9, 0xc7, 0xd9, 0xcf, 0xda, 0xd7, 0xdb, 0xdf, 0xdb, 0xdf, 0xbc, 0xe7, 0xbc, 0xe7, 0xbd, 0xe7, 0x9d, 0xef, 0x9d, 0xef, 0x9d, 0xef, 0x9d, 0xef, 0x9d, 0xef, 0x9d, 0xef, 0x9d, 0xef, 0x9d, 0xef, 0x9d, 0xef, 0x9d, 0xef, 0x9d, 0xef, 0x9d, 0xef, 0x9d, 0xef, 0x9d, 0xef, 0x9d, 0xef, 0x9d, 0xef, 0x9d, 0xef, 0x9d, 0xef, 0x9d, 0xef, 0x9d, 0xef, 0x9d, 0xef, 0x9d, 0xef, 0x9d, 0xef, 0x9d, 0xef, 0x9d, 0xef, 0x9d, 0xef, 0x9d, 0xef, 0x9d, 0xef, 0x9d, 0xef, 0x9d, 0xef, 0x9d, 0xef, 0x9d, 0xef, 0x9d, 0xef, 0x9d, 0xef, 0x9d, 0xef, 0x9d, 0xef, 0x9d, 0xef, 0x9d, 0xef, 0x9d, 0xef, 0x9d, 0xef, 0x9d, 0xef, 0x9d, 0xef, 0x9d, 0xef, 0x9d, 0xef, 0x9d, 0xef, 0x9d, 0xef, 0x9d, 0xef, 0x9d, 0xef, 0x9d, 0xef, 0x7d, 0xef, 0x9d, 0xef, 0x9d, 0xef, 0x9d, 0xef, 0x7d, 0xef, 0x9d, 0xef, 0x9d, 0xef, 0x9d, 0xef, 0x9d, 0xef, 0x9d, 0xef, 0x9d, 0xef, 0x9d, 0xef, 0x9d, 0xef, 0x9d, 0xef, 0x9d, 0xef, 0x9d, 0xef, 0x9d, 0xef, 0x9d, 0xef, 0x9d, 0xef, 0x9d, 0xef, 0xbc, 0xe7, 0xdb, 0xdf, 0xda, 0xd7, 0xd9, 0xcf, 0xf9, 0xc7, 0xf8, 0xc7, 0xf8, 0xc7, 0xf8, 0xc7, 0xf8, 0xc7, 0xf8, 0xcf, 0xf8, 0xcf, 
  0xf9, 0xc7, 0xf9, 0xcf, 0xf9, 0xcf, 0xfa, 0xd7, 0xfb, 0xdf, 0xdc, 0xe7, 0xdc, 0xe7, 0xbd, 0xe7, 0xbd, 0xe7, 0x9d, 0xe7, 0x9d, 0xe7, 0x9d, 0xef, 0x9d, 0xef, 0x9d, 0xef, 0x9d, 0xef, 0x9d, 0xef, 0x9d, 0xef, 0x9d, 0xef, 0x9d, 0xef, 0x9d, 0xef, 0x9d, 0xef, 0x9d, 0xef, 0x9d, 0xef, 0x9d, 0xef, 0x9d, 0xef, 0x9d, 0xef, 0x9d, 0xef, 0x9d, 0xef, 0x9d, 0xef, 0x9d, 0xef, 0x9d, 0xef, 0x9d, 0xef, 0x9d, 0xef, 0x9d, 0xef, 0x9d, 0xef, 0x9d, 0xef, 0x9d, 0xef, 0x9d, 0xef, 0x9d, 0xef, 0x9d, 0xef, 0x9d, 0xef, 0x9d, 0xef, 0x9d, 0xef, 0x9d, 0xef, 0x9d, 0xef, 0x9d, 0xef, 0x9d, 0xef, 0x9d, 0xef, 0x9d, 0xef, 0x9d, 0xef, 0x9d, 0xef, 0x9d, 0xef, 0x9d, 0xef, 0x9d, 0xef, 0x9d, 0xef, 0x9d, 0xef, 0x9d, 0xef, 0x9d, 0xef, 0x9d, 0xef, 0x9d, 0xef, 0x9d, 0xef, 0x9d, 0xef, 0x7d, 0xef, 0x7d, 0xef, 0x9d, 0xef, 0x9d, 0xef, 0x9d, 0xef, 0x9d, 0xef, 0x9d, 0xef, 0x9d, 0xef, 0x9d, 0xef, 0x9d, 0xef, 0x9d, 0xef, 0x9d, 0xef, 0x9d, 0xef, 0x9d, 0xef, 0x9d, 0xef, 0x9d, 0xef, 0x9d, 0xef, 0xbc, 0xef, 0xdb, 0xdf, 0xda, 0xd7, 0xd9, 0xcf, 0xf9, 0xc7, 0xf8, 0xc7, 0xf8, 0xc7, 0xf8, 0xc7, 0xf8, 0xc7, 0xf8, 0xcf, 0xf8, 0xcf, 
  0xf9, 0xc7, 0xfa, 0xcf, 0xfa, 0xd7, 0xdb, 0xdf, 0xdc, 0xe7, 0xbc, 0xef, 0xbd, 0xef, 0x9d, 0xef, 0x9d, 0xef, 0x9d, 0xef, 0x9e, 0xe7, 0x9d, 0xef, 0x9d, 0xef, 0x9d, 0xef, 0x7d, 0xef, 0x7d, 0xef, 0x9d, 0xef, 0x9d, 0xef, 0x9d, 0xef, 0x9d, 0xef, 0x9d, 0xef, 0x9d, 0xef, 0x9d, 0xef, 0x9d, 0xef, 0x9d, 0xef, 0x9d, 0xef, 0x9d, 0xef, 0x9d, 0xef, 0x9d, 0xef, 0x9d, 0xef, 0x9d, 0xef, 0x9d, 0xef, 0x9d, 0xef, 0x9d, 0xef, 0x9d, 0xef, 0x9d, 0xef, 0x9d, 0xef, 0x9d, 0xef, 0x9d, 0xef, 0x9d, 0xef, 0x9d, 0xef, 0x9d, 0xef, 0x9d, 0xef, 0x9d, 0xef, 0x9d, 0xef, 0x9d, 0xef, 0x9d, 0xef, 0x9d, 0xef, 0x9d, 0xef, 0x9d, 0xef, 0x9d, 0xef, 0x9d, 0xef, 0x9d, 0xef, 0x9d, 0xef, 0x9d, 0xef, 0x9d, 0xef, 0x9d, 0xef, 0x9d, 0xef, 0x9d, 0xef, 0x9d, 0xef, 0x9d, 0xef, 0x9d, 0xef, 0x9d, 0xef, 0x9d, 0xef, 0x9d, 0xef, 0x9d, 0xef, 0x9d, 0xef, 0x9d, 0xef, 0x9d, 0xef, 0x9d, 0xef, 0x9d, 0xef, 0x9d, 0xef, 0x9d, 0xef, 0x9d, 0xef, 0x9d, 0xef, 0x9d, 0xef, 0x9d, 0xef, 0x9d, 0xef, 0x9d, 0xef, 0xbc, 0xe7, 0xdc, 0xe7, 0xda, 0xd7, 0xd9, 0xcf, 0xf9, 0xc7, 0xf9, 0xc7, 0xf8, 0xc7, 0xf8, 0xc7, 0xf8, 0xc7, 0xf8, 0xcf, 0xf8, 0xcf, 
  0xda, 0xc7, 0xda, 0xcf, 0xdb, 0xd7, 0xdb, 0xdf, 0xbc, 0xe7, 0x9c, 0xef, 0x7d, 0xef, 0x7d, 0xef, 0x9e, 0xef, 0x9e, 0xef, 0x9e, 0xe7, 0x9d, 0xe7, 0x9d, 0xef, 0x9d, 0xef, 0x7d, 0xef, 0x7c, 0xef, 0x9d, 0xef, 0x9d, 0xef, 0x9d, 0xef, 0x9d, 0xef, 0x9d, 0xef, 0x9d, 0xef, 0x9d, 0xef, 0x9d, 0xef, 0x9d, 0xef, 0x9d, 0xef, 0x9d, 0xef, 0x9d, 0xef, 0x9d, 0xef, 0x9d, 0xef, 0x9d, 0xef, 0x9d, 0xef, 0x9d, 0xef, 0x9d, 0xef, 0x9d, 0xef, 0x9d, 0xef, 0x9d, 0xef, 0x9d, 0xef, 0x9d, 0xef, 0x9d, 0xef, 0x9d, 0xef, 0x9d, 0xef, 0x9d, 0xef, 0x9d, 0xef, 0x9d, 0xef, 0x9d, 0xef, 0x9d, 0xef, 0x9d, 0xef, 0x9d, 0xef, 0x9d, 0xef, 0x9d, 0xef, 0x9d, 0xef, 0x9d, 0xef, 0x9d, 0xef, 0x9d, 0xef, 0x9d, 0xef, 0x9d, 0xef, 0x9d, 0xef, 0x9d, 0xef, 0x9d, 0xef, 0x9d, 0xef, 0x9d, 0xef, 0x9d, 0xef, 0x9d, 0xef, 0x9d, 0xef, 0x9d, 0xef, 0x9d, 0xef, 0x9d, 0xef, 0x9d, 0xef, 0x9d, 0xef, 0x9d, 0xef, 0x9d, 0xef, 0x9d, 0xef, 0x9d, 0xef, 0x9d, 0xef, 0x9d, 0xef, 0x9d, 0xef, 0x9d, 0xef, 0x9d, 0xef, 0xbc, 0xef, 0xdc, 0xe7, 0xda, 0xdf, 0xd9, 0xcf, 0xf9, 0xc7, 0xf9, 0xc7, 0xf8, 0xc7, 0xf8, 0xc7, 0xf8, 0xc7, 0xf8, 0xcf, 0xf8, 0xcf, 
  0xda, 0xcf, 0xdb, 0xd7, 0xdb, 0xdf, 0xbc, 0xe7, 0x9c, 0xef, 0x9d, 0xef, 0x7d, 0xf7, 0x7e, 0xf7, 0x7d, 0xef, 0x9e, 0xef, 0x9e, 0xe7, 0xbd, 0xef, 0x9d, 0xef, 0x9d, 0xef, 0x9d, 0xef, 0x7c, 0xef, 0x9d, 0xef, 0x9d, 0xef, 0x9d, 0xef, 0x9d, 0xef, 0x9d, 0xef, 0x9d, 0xef, 0x9d, 0xef, 0x9d, 0xef, 0x9d, 0xef, 0x9d, 0xef, 0x9d, 0xef, 0x9d, 0xef, 0x9d, 0xef, 0x9d, 0xef, 0x9d, 0xef, 0x9d, 0xef, 0x9d, 0xef, 0x9d, 0xef, 0x9d, 0xef, 0x9d, 0xef, 0x9d, 0xef, 0x9d, 0xef, 0x9d, 0xef, 0x7d, 0xef, 0x9d, 0xef, 0x9d, 0xef, 0x9d, 0xef, 0x9d, 0xef, 0x9d, 0xef, 0x9d, 0xef, 0x9d, 0xef, 0x9d, 0xef, 0x9d, 0xef, 0x9d, 0xef, 0x9d, 0xef, 0x9d, 0xef, 0x9d, 0xef, 0x9d, 0xef, 0x9d, 0xef, 0x9d, 0xef, 0x9d, 0xef, 0x9d, 0xef, 0x9d, 0xef, 0x9d, 0xef, 0x9d, 0xef, 0x9d, 0xef, 0x9d, 0xef, 0x9d, 0xef, 0x9d, 0xef, 0x9d, 0xef, 0x9d, 0xef, 0x9d, 0xef, 0x9d, 0xef, 0x9d, 0xef, 0x9d, 0xef, 0x9d, 0xef, 0x9d, 0xef, 0x9d, 0xef, 0x9d, 0xef, 0x9d, 0xef, 0x9d, 0xef, 0x9d, 0xef, 0x9d, 0xef, 0xbc, 0xef, 0xdc, 0xe7, 0xdb, 0xdf, 0xd9, 0xcf, 0xf9, 0xcf, 0xf9, 0xc7, 0xf8, 0xc7, 0xf8, 0xc7, 0xf8, 0xc7, 0xf8, 0xcf, 0xf8, 0xcf, 
  0xba, 0xcf, 0xfb, 0xdf, 0xdc, 0xe7, 0xbc, 0xe7, 0x9c, 0xef, 0x7d, 0xf7, 0x7d, 0xf7, 0x7e, 0xf7, 0x9e, 0xef, 0x9e, 0xef, 0x9e, 0xef, 0x9d, 0xe7, 0x9d, 0xef, 0x9d, 0xef, 0x9c, 0xef, 0x9c, 0xef, 0x9d, 0xef, 0x9d, 0xef, 0x9d, 0xef, 0x9d, 0xef, 0x9d, 0xef, 0x9d, 0xef, 0x9d, 0xef, 0x9d, 0xef, 0x9d, 0xef, 0x9d, 0xef, 0x9d, 0xef, 0x9d, 0xef, 0x9d, 0xef, 0x9d, 0xef, 0x9d, 0xef, 0x9d, 0xef, 0x9d, 0xef, 0x9d, 0xef, 0x9d, 0xef, 0x9d, 0xef, 0x9d, 0xef, 0x9d, 0xef, 0x9d, 0xef, 0x9d, 0xef, 0x9d, 0xef, 0x9d, 0xef, 0x9d, 0xef, 0x9d, 0xef, 0x9d, 0xef, 0x9d, 0xef, 0x9d, 0xef, 0x9d, 0xef, 0x9d, 0xef, 0x9d, 0xef, 0x9d, 0xef, 0x9d, 0xef, 0x9d, 0xef, 0x9d, 0xef, 0x9d, 0xef, 0x9d, 0xef, 0x9d, 0xef, 0x9d, 0xef, 0x9d, 0xef, 0x9d, 0xef, 0x9d, 0xef, 0x9d, 0xef, 0x9d, 0xef, 0x9d, 0xef, 0x9d, 0xef, 0x9d, 0xef, 0x9d, 0xef, 0x9d, 0xef, 0x9d, 0xef, 0x9d, 0xef, 0x9d, 0xef, 0x9d, 0xef, 0x9d, 0xef, 0x9d, 0xef, 0x9d, 0xef, 0x9d, 0xef, 0x9d, 0xef, 0x9d, 0xef, 0x9d, 0xef, 0xbc, 0xef, 0xdc, 0xef, 0xdb, 0xdf, 0xda, 0xcf, 0xf9, 0xcf, 0xf9, 0xc7, 0xf8, 0xc7, 0xf8, 0xc7, 0xf8, 0xcf, 0xf8, 0xcf, 0xf8, 0xcf, 
  0xbb, 0xd7, 0xdc, 0xdf, 0xdc, 0xe7, 0x9c, 0xef, 0x9d, 0xef, 0x7d, 0xf7, 0x7d, 0xf7, 0x7d, 0xf7, 0x9e, 0xef, 0x9e, 0xef, 0x9d, 0xef, 0x9d, 0xe7, 0x9d, 0xef, 0x9d, 0xef, 0x9c, 0xef, 0x9c, 0xef, 0x9d, 0xef, 0x9d, 0xef, 0x9d, 0xef, 0x9d, 0xef, 0x9d, 0xef, 0x9d, 0xef, 0x9d, 0xef, 0x9d, 0xef, 0x9d, 0xef, 0x9d, 0xef, 0x9d, 0xef, 0x9d, 0xef, 0x9d, 0xef, 0x9d, 0xef, 0x9d, 0xef, 0x9d, 0xef, 0x9d, 0xef, 0x9d, 0xef, 0x9d, 0xef, 0x9d, 0xef, 0x9d, 0xef, 0x9d, 0xef, 0x9d, 0xef, 0x9d, 0xef, 0x9d, 0xef, 0x9d, 0xef, 0x9d, 0xef, 0x9d, 0xef, 0x9d, 0xef, 0x9d, 0xef, 0x9d, 0xef, 0x9d, 0xef, 0x9d, 0xef, 0x9d, 0xef, 0x9d, 0xef, 0x9d, 0xef, 0x9d, 0xef, 0x9d, 0xef, 0x9d, 0xef, 0x9d, 0xef, 0x9d, 0xef, 0x9d, 0xef, 0x9d, 0xef, 0x9d, 0xef, 0x9d, 0xef, 0x9d, 0xef, 0x9d, 0xef, 0x9d, 0xef, 0x9d, 0xef, 0x9d, 0xef, 0x9d, 0xef, 0x9d, 0xef, 0x9d, 0xef, 0x9d, 0xef, 0x9d, 0xef, 0x9d, 0xef, 0x9d, 0xef, 0x9d, 0xef, 0x9d, 0xef, 0x9d, 0xef, 0x9d, 0xef, 0x9d, 0xef, 0x9d, 0xef, 0x9c, 0xef, 0xdc, 0xe7, 0xdb, 0xdf, 0xda, 0xcf, 0xf9, 0xcf, 0xf9, 0xc7, 0xf8, 0xc7, 0xf8, 0xc7, 0xf8, 0xc7, 0xf8, 0xcf, 0xf8, 0xcf, 
  0xbb, 0xdf, 0xdc, 0xe7, 0xbc, 0xe7, 0x9c, 0xef, 0x9d, 0xf7, 0x9d, 0xf7, 0x7d, 0xf7, 0x7d, 0xf7, 0x9d, 0xef, 0x9d, 0xef, 0x9d, 0xef, 0x9d, 0xef, 0x9d, 0xef, 0x9c, 0xef, 0x9c, 0xef, 0x9c, 0xef, 0x9d, 0xef, 0x9d, 0xef, 0x9d, 0xef, 0x9d, 0xef, 0x9d, 0xef, 0x9d, 0xef, 0x9d, 0xef, 0x9d, 0xef, 0x9d, 0xef, 0x9d, 0xef, 0x9d, 0xef, 0x9d, 0xef, 0x9d, 0xef, 0x9d, 0xef, 0x9d, 0xef, 0x9d, 0xef, 0x9d, 0xef, 0x9d, 0xef, 0x9d, 0xef, 0x9d, 0xef, 0x9d, 0xef, 0x9d, 0xef, 0x9d, 0xef, 0x9d, 0xef, 0x9d, 0xef, 0x9d, 0xef, 0x9d, 0xef, 0x9d, 0xef, 0x9d, 0xef, 0x9d, 0xef, 0x9d, 0xef, 0x9d, 0xef, 0x9d, 0xef, 0x9d, 0xef, 0x9d, 0xef, 0x9d, 0xef, 0x9d, 0xef, 0x9d, 0xef, 0x9d, 0xef, 0x9d, 0xef, 0x9d, 0xef, 0x9d, 0xef, 0x9d, 0xef, 0x9d, 0xef, 0x9d, 0xef, 0x9d, 0xef, 0x9d, 0xef, 0x9d, 0xef, 0x9d, 0xef, 0x9d, 0xef, 0x9d, 0xef, 0x9d, 0xef, 0x9d, 0xef, 0x9d, 0xef, 0x9d, 0xef, 0x9d, 0xef, 0x9d, 0xef, 0x9d, 0xef, 0x9d, 0xef, 0x9d, 0xef, 0x9d, 0xef, 0x9d, 0xef, 0x9d, 0xef, 0x9c, 0xef, 0xdc, 0xe7, 0xda, 0xdf, 0xd9, 0xcf, 0xf9, 0xcf, 0xf9, 0xc7, 0xf8, 0xc7, 0xf8, 0xc7, 0xf8, 0xc7, 0xf8, 0xc7, 0xf8, 0xcf, 
  0xbc, 0xe7, 0xbd, 0xe7, 0xbd, 0xef, 0x9c, 0xef, 0x9d, 0xf7, 0x9d, 0xf7, 0x7d, 0xf7, 0x7d, 0xef, 0x9d, 0xef, 0x9d, 0xef, 0x9d, 0xef, 0x9d, 0xef, 0x9d, 0xef, 0x9d, 0xef, 0x9c, 0xef, 0x9d, 0xef, 0x9d, 0xef, 0x9d, 0xef, 0x9d, 0xef, 0x9d, 0xef, 0x9d, 0xef, 0x9d, 0xef, 0x9d, 0xef, 0x9d, 0xef, 0x9d, 0xef, 0x9d, 0xef, 0x9d, 0xef, 0x9d, 0xef, 0x9d, 0xef, 0x9d, 0xef, 0x9d, 0xef, 0x9d, 0xef, 0x9d, 0xef, 0x9d, 0xef, 0x9d, 0xef, 0x9d, 0xef, 0x9d, 0xef, 0x9d, 0xef, 0x9d, 0xef, 0x9d, 0xef, 0x9d, 0xef, 0x9d, 0xef, 0x9d, 0xef, 0x9d, 0xef, 0x9d, 0xef, 0x9d, 0xef, 0x9d, 0xef, 0x9d, 0xef, 0x9d, 0xef, 0x9d, 0xef, 0x9d, 0xef, 0x9d, 0xef, 0x9d, 0xef, 0x9d, 0xef, 0x9d, 0xef, 0x9d, 0xef, 0x9d, 0xef, 0x9d, 0xef, 0x9d, 0xef, 0x9d, 0xef, 0x9d, 0xef, 0x9d, 0xef, 0x9d, 0xef, 0x9d, 0xef, 0x9d, 0xef, 0x9d, 0xef, 0x9d, 0xef, 0x9d, 0xef, 0x9d, 0xef, 0x9d, 0xef, 0x9d, 0xef, 0x9d, 0xef, 0x9d, 0xef, 0x9d, 0xef, 0x9d, 0xef, 0x9d, 0xef, 0x9d, 0xef, 0x9d, 0xef, 0x9d, 0xef, 0x9c, 0xef, 0xdc, 0xe7, 0xda, 0xdf, 0xd9, 0xcf, 0xf9, 0xcf, 0xf8, 0xc7, 0xf8, 0xc7, 0xf8, 0xc7, 0xf8, 0xc7, 0xf8, 0xc7, 0xf8, 0xc7, 
  0x9d, 0xef, 0xbd, 0xef, 0x9d, 0xef, 0x9d, 0xef, 0x9d, 0xef, 0x9d, 0xef, 0x9d, 0xef, 0x9d, 0xef, 0x9d, 0xef, 0x9d, 0xef, 0x9d, 0xef, 0x9d, 0xef, 0x9d, 0xef, 0x9d, 0xef, 0x9d, 0xef, 0x9d, 0xef, 0x9d, 0xef, 0x9d, 0xef, 0x9d, 0xef, 0x9d, 0xef, 0x9d, 0xef, 0x9d, 0xef, 0x9d, 0xef, 0x9d, 0xef, 0x9d, 0xef, 0x9d, 0xef, 0x9d, 0xef, 0x9d, 0xef, 0x9d, 0xef, 0x9d, 0xef, 0x9d, 0xef, 0x9d, 0xef, 0x9d, 0xef, 0x9d, 0xef, 0x9d, 0xef, 0x9d, 0xef, 0x9d, 0xef, 0x9d, 0xef, 0x9d, 0xef, 0x9d, 0xef, 0x9d, 0xef, 0x9d, 0xef, 0x9d, 0xef, 0x9d, 0xef, 0x9d, 0xef, 0x9d, 0xef, 0x9d, 0xef, 0x9d, 0xef, 0x9d, 0xef, 0x9d, 0xef, 0x9d, 0xef, 0x9d, 0xef, 0x9d, 0xef, 0x9d, 0xef, 0x9d, 0xef, 0x9d, 0xef, 0x9d, 0xef, 0x9d, 0xef, 0x9d, 0xef, 0x9d, 0xef, 0x9d, 0xef, 0x9d, 0xef, 0x9d, 0xef, 0x9d, 0xef, 0x9d, 0xef, 0x9d, 0xef, 0x9d, 0xef, 0x9d, 0xef, 0x9d, 0xef, 0x9d, 0xef, 0x9d, 0xef, 0x9d, 0xef, 0x9d, 0xef, 0x9d, 0xef, 0x9d, 0xef, 0x9d, 0xef, 0x9d, 0xef, 0x9d, 0xef, 0x9d, 0xef, 0x9c, 0xef, 0xdb, 0xe7, 0xda, 0xdf, 0xd9, 0xcf, 0xf9, 0xc7, 0xf8, 0xc7, 0xf8, 0xc7, 0xf8, 0xc7, 0xf8, 0xc7, 0xf8, 0xc7, 0xf8, 0xc7, 
  0x9d, 0xef, 0x9d, 0xef, 0x9d, 0xef, 0x9d, 0xef, 0xbd, 0xef, 0x9d, 0xef, 0x9d, 0xef, 0x9d, 0xef, 0x9d, 0xef, 0x9d, 0xef, 0x9d, 0xef, 0x9d, 0xef, 0x9d, 0xef, 0x9d, 0xef, 0x9d, 0xef, 0x9d, 0xef, 0x9d, 0xef, 0x9d, 0xef, 0x9d, 0xef, 0x9d, 0xef, 0x9d, 0xef, 0x9d, 0xef, 0x9d, 0xef, 0x9d, 0xef, 0x9d, 0xef, 0x9d, 0xef, 0x9d, 0xef, 0x9d, 0xef, 0x9d, 0xef, 0x9d, 0xef, 0x9d, 0xef, 0x9d, 0xef, 0x9d, 0xef, 0x9d, 0xef, 0x9d, 0xef, 0x9d, 0xef, 0x9d, 0xef, 0x9d, 0xef, 0x9d, 0xef, 0x9d, 0xef, 0x9d, 0xef, 0x9d, 0xef, 0x9d, 0xef, 0x9d, 0xef, 0x9d, 0xef, 0x9d, 0xef, 0x9d, 0xef, 0x9d, 0xef, 0x9d, 0xef, 0x9d, 0xef, 0x9d, 0xef, 0x9d, 0xef, 0x9d, 0xef, 0x9d, 0xef, 0x9d, 0xef, 0x9d, 0xef, 0x9d, 0xef, 0x9d, 0xef, 0x9d, 0xef, 0x9d, 0xef, 0x9d, 0xef, 0x9d, 0xef, 0x9d, 0xef, 0x9d, 0xef, 0x9d, 0xef, 0x9d, 0xef, 0x9d, 0xef, 0x9d, 0xef, 0x9d, 0xef, 0x9d, 0xef, 0x9d, 0xef, 0x9d, 0xef, 0x9d, 0xef, 0x9d, 0xef, 0x9d, 0xef, 0x9d, 0xef, 0x9d, 0xef, 0x9d, 0xef, 0x9d, 0xef, 0xbc, 0xef, 0xdb, 0xe7, 0xda, 0xdf, 0xd9, 0xcf, 0xf9, 0xc7, 0xf8, 0xc7, 0xf8, 0xc7, 0xf8, 0xc7, 0xf8, 0xc7, 0xf8, 0xc7, 0xf8, 0xc7, 
  0x7d, 0xef, 0x9e, 0xef, 0x9d, 0xef, 0x9d, 0xef, 0x9d, 0xef, 0x9d, 0xef, 0x9d, 0xe7, 0xbd, 0xef, 0x9d, 0xef, 0x9d, 0xef, 0x9d, 0xef, 0x9d, 0xef, 0x9d, 0xef, 0x9d, 0xef, 0x9d, 0xef, 0x9d, 0xef, 0x9d, 0xef, 0x9d, 0xef, 0x9d, 0xef, 0x9d, 0xef, 0x9d, 0xef, 0x9d, 0xef, 0x9d, 0xef, 0x9d, 0xef, 0x9d, 0xef, 0x9d, 0xef, 0x9d, 0xef, 0x9d, 0xef, 0x9d, 0xef, 0x9d, 0xef, 0x9d, 0xef, 0x9d, 0xef, 0x9d, 0xef, 0x9d, 0xef, 0x9d, 0xef, 0x9d, 0xef, 0x9d, 0xef, 0x9d, 0xef, 0x9d, 0xef, 0x9d, 0xef, 0x9d, 0xef, 0x9d, 0xef, 0x9d, 0xef, 0x9d, 0xef, 0x9d, 0xef, 0x9d, 0xef, 0x9d, 0xef, 0x9d, 0xef, 0x9d, 0xef, 0x9d, 0xef, 0x9d, 0xef, 0x9d, 0xef, 0x9d, 0xef, 0x9d, 0xef, 0x9d, 0xef, 0x9d, 0xef, 0x9d, 0xef, 0x9d, 0xef, 0x9d, 0xef, 0x9d, 0xef, 0x9d, 0xef, 0x9d, 0xef, 0x9d, 0xef, 0x9d, 0xef, 0x9d, 0xef, 0x9d, 0xef, 0x9d, 0xef, 0x9d, 0xef, 0x9d, 0xef, 0x9d, 0xef, 0x9d, 0xef, 0x9d, 0xef, 0x9d, 0xef, 0x9d, 0xef, 0x9d, 0xef, 0x9d, 0xef, 0x9d, 0xef, 0x9d, 0xef, 0x9d, 0xef, 0xbc, 0xef, 0xbb, 0xe7, 0xd9, 0xd7, 0xd9, 0xcf, 0xf8, 0xc7, 0xf8, 0xc7, 0xf8, 0xc7, 0xf8, 0xc7, 0xf8, 0xc7, 0xf8, 0xc7, 0xf8, 0xc7, 
  0x7d, 0xef, 0x9d, 0xef, 0x9d, 0xef, 0x9d, 0xef, 0x9d, 0xef, 0x9d, 0xef, 0x9d, 0xef, 0xbd, 0xef, 0x9d, 0xef, 0x9d, 0xef, 0x9d, 0xef, 0x9d, 0xef, 0x9d, 0xef, 0x9d, 0xef, 0x9d, 0xef, 0x9d, 0xef, 0x9d, 0xef, 0x9d, 0xef, 0x9d, 0xef, 0x9d, 0xef, 0x9d, 0xef, 0x9d, 0xef, 0x9d, 0xef, 0x9d, 0xef, 0x9d, 0xef, 0x9d, 0xef, 0x9d, 0xef, 0x9d, 0xef, 0x9d, 0xef, 0x9d, 0xef, 0x9d, 0xef, 0x9d, 0xef, 0x9d, 0xef, 0x9d, 0xef, 0x9d, 0xef, 0x9d, 0xef, 0x9d, 0xef, 0x9d, 0xef, 0x9d, 0xef, 0x9d, 0xef, 0x9d, 0xef, 0x9d, 0xef, 0x9d, 0xef, 0x9d, 0xef, 0x9d, 0xef, 0x9d, 0xef, 0x9d, 0xef, 0x9d, 0xef, 0x9d, 0xef, 0x9d, 0xef, 0x9d, 0xef, 0x9d, 0xef, 0x9d, 0xef, 0x9d, 0xef, 0x9d, 0xef, 0x9d, 0xef, 0x9d, 0xef, 0x9d, 0xef, 0x9d, 0xef, 0x9d, 0xef, 0x9d, 0xef, 0x9d, 0xef, 0x9d, 0xef, 0x9d, 0xef, 0x9d, 0xef, 0x9d, 0xef, 0x9d, 0xef, 0x9d, 0xef, 0x9d, 0xef, 0x9d, 0xef, 0x9d, 0xef, 0x9d, 0xef, 0x9d, 0xef, 0x9d, 0xef, 0x9d, 0xef, 0x9d, 0xef, 0x9d, 0xef, 0x9d, 0xef, 0x9d, 0xef, 0xbc, 0xe7, 0xdb, 0xdf, 0xd9, 0xd7, 0xd8, 0xcf, 0xf8, 0xc7, 0xf8, 0xc7, 0xf8, 0xc7, 0xf8, 0xc7, 0xf8, 0xc7, 0xf8, 0xc7, 0xf8, 0xc7, 
  0xbc, 0xe7, 0xbd, 0xe7, 0x9d, 0xef, 0x9d, 0xef, 0x7d, 0xef, 0x9e, 0xf7, 0x9d, 0xf7, 0x9d, 0xef, 0x9d, 0xef, 0x9c, 0xef, 0x9c, 0xef, 0x9c, 0xef, 0x9d, 0xef, 0x9d, 0xef, 0x9d, 0xef, 0x9d, 0xef, 0x9d, 0xef, 0x9d, 0xef, 0x9d, 0xef, 0x9d, 0xef, 0x9d, 0xef, 0x9d, 0xef, 0x9d, 0xef, 0x9d, 0xef, 0x9d, 0xef, 0x9d, 0xef, 0x9d, 0xef, 0x9d, 0xef, 0x9d, 0xef, 0x9d, 0xef, 0x9d, 0xef, 0x9d, 0xef, 0x9d, 0xef, 0x9d, 0xef, 0x9d, 0xef, 0x9d, 0xef, 0x9d, 0xef, 0x9d, 0xef, 0x9d, 0xef, 0x9d, 0xef, 0x9d, 0xef, 0x9d, 0xef, 0x9d, 0xef, 0x9d, 0xef, 0x9d, 0xef, 0x9d, 0xef, 0x9d, 0xef, 0x9d, 0xef, 0x9d, 0xef, 0x9d, 0xef, 0x9d, 0xef, 0x9d, 0xef, 0x9d, 0xef, 0x9d, 0xef, 0x9d, 0xef, 0x9d, 0xef, 0x9d, 0xef, 0x9d, 0xef, 0x9d, 0xef, 0x9d, 0xef, 0x9d, 0xef, 0x9d, 0xef, 0x9d, 0xef, 0x9d, 0xef, 0x9d, 0xef, 0x9d, 0xef, 0x9d, 0xef, 0x9d, 0xef, 0x9d, 0xef, 0x9d, 0xef, 0x9d, 0xef, 0x9d, 0xef, 0x7d, 0xef, 0x9d, 0xef, 0x9d, 0xef, 0x9d, 0xef, 0x9d, 0xef, 0x9d, 0xef, 0x9d, 0xef, 0xdc, 0xe7, 0xd9, 0xd7, 0xf8, 0xcf, 0xf8, 0xcf, 0xf8, 0xc7, 0xf8, 0xc7, 0xf8, 0xc7, 0xf8, 0xc7, 0xf8, 0xc7, 0xf8, 0xc7, 0xf8, 0xc7, 
  0xbc, 0xdf, 0xbc, 0xe7, 0xbd, 0xe7, 0x9d, 0xef, 0x7d, 0xef, 0x7e, 0xf7, 0x7d, 0xf7, 0x7d, 0xef, 0x9d, 0xef, 0x9c, 0xef, 0xbc, 0xef, 0xbc, 0xe7, 0x9d, 0xef, 0x9d, 0xef, 0x9d, 0xef, 0x9d, 0xef, 0x9d, 0xef, 0x9d, 0xef, 0x9d, 0xef, 0x9d, 0xef, 0x9d, 0xef, 0x9d, 0xef, 0x9d, 0xef, 0x9d, 0xef, 0x9d, 0xef, 0x9d, 0xef, 0x9d, 0xef, 0x9d, 0xef, 0x9d, 0xef, 0x9d, 0xef, 0x9d, 0xef, 0x9d, 0xef, 0x9d, 0xef, 0x9d, 0xef, 0x9d, 0xef, 0x9d, 0xef, 0x9d, 0xef, 0x9d, 0xef, 0x9d, 0xef, 0x9d, 0xef, 0x9d, 0xef, 0x9d, 0xef, 0x9d, 0xef, 0x9d, 0xef, 0x9d, 0xef, 0x9d, 0xef, 0x9d, 0xef, 0x9d, 0xef, 0x9d, 0xef, 0x9d, 0xef, 0x9d, 0xef, 0x9d, 0xef, 0x9d, 0xef, 0x9d, 0xef, 0x9d, 0xef, 0x9d, 0xef, 0x9d, 0xef, 0x9d, 0xef, 0x9d, 0xef, 0x9d, 0xef, 0x9d, 0xef, 0x9d, 0xef, 0x9d, 0xef, 0x9d, 0xef, 0x9d, 0xef, 0x9d, 0xef, 0x9d, 0xef, 0x9d, 0xef, 0x9d, 0xef, 0x9d, 0xef, 0x9d, 0xef, 0x9d, 0xef, 0x9d, 0xef, 0x7d, 0xef, 0x9d, 0xef, 0x9d, 0xef, 0x9d, 0xef, 0x9d, 0xef, 0xbd, 0xe7, 0xdc, 0xdf, 0xf9, 0xcf, 0xf8, 0xc7, 0xf8, 0xc7, 0xf8, 0xc7, 0xf8, 0xc7, 0xf8, 0xc7, 0xf8, 0xc7, 0xf8, 0xc7, 0xf8, 0xc7, 0xf8, 0xc7, 
  0xbb, 0xdf, 0xdc, 0xdf, 0xbc, 0xe7, 0x9d, 0xef, 0x7d, 0xef, 0x7d, 0xf7, 0x7d, 0xf7, 0x7d, 0xef, 0x9d, 0xef, 0x9d, 0xef, 0x9d, 0xef, 0x9d, 0xef, 0x9d, 0xef, 0x9d, 0xef, 0x9d, 0xef, 0x9d, 0xef, 0x9d, 0xef, 0x9d, 0xef, 0x9d, 0xef, 0x9d, 0xef, 0x9d, 0xef, 0x9d, 0xef, 0x9d, 0xef, 0x9d, 0xef, 0x9d, 0xef, 0x9d, 0xef, 0x9d, 0xef, 0x9d, 0xef, 0x9d, 0xef, 0x9d, 0xef, 0x9d, 0xef, 0x9d, 0xef, 0x9d, 0xef, 0x9d, 0xef, 0x9d, 0xef, 0x9d, 0xef, 0x9d, 0xef, 0x9d, 0xef, 0x9d, 0xef, 0x9d, 0xef, 0x9d, 0xef, 0x9d, 0xef, 0x9d, 0xef, 0x9d, 0xef, 0x9d, 0xef, 0x9d, 0xef, 0x9d, 0xef, 0x9d, 0xef, 0x9d, 0xef, 0x9d, 0xef, 0x9d, 0xef, 0x9d, 0xef, 0x9d, 0xef, 0x9d, 0xef, 0x9d, 0xef, 0x9d, 0xef, 0x9d, 0xef, 0x9d, 0xef, 0x9d, 0xef, 0x9d, 0xef, 0x9d, 0xef, 0x9d, 0xef, 0x9d, 0xef, 0x9d, 0xef, 0x9d, 0xef, 0x9d, 0xef, 0x9d, 0xef, 0x9d, 0xef, 0x9d, 0xef, 0x9d, 0xef, 0x9d, 0xef, 0x9d, 0xef, 0x9d, 0xef, 0x9d, 0xef, 0x9d, 0xef, 0x9d, 0xef, 0xbd, 0xef, 0xbd, 0xe7, 0xbc, 0xe7, 0xdb, 0xdf, 0xf9, 0xcf, 0xf8, 0xc7, 0xf8, 0xc7, 0xf8, 0xc7, 0xf8, 0xc7, 0xf8, 0xc7, 0xf8, 0xc7, 0xf8, 0xc7, 0xf8, 0xc7, 0xf8, 0xc7, 
  0xbb, 0xd7, 0xdb, 0xdf, 0xdc, 0xe7, 0xbd, 0xef, 0x9d, 0xef, 0x7d, 0xef, 0x7d, 0xef, 0x7d, 0xf7, 0x9d, 0xef, 0x9d, 0xef, 0x9d, 0xef, 0x9d, 0xef, 0x9d, 0xef, 0x9d, 0xef, 0x7d, 0xef, 0x7d, 0xef, 0x9d, 0xef, 0x9d, 0xef, 0x9d, 0xef, 0x9d, 0xef, 0x9d, 0xef, 0x9d, 0xef, 0x9d, 0xef, 0x9d, 0xef, 0x9d, 0xef, 0x9d, 0xef, 0x9d, 0xef, 0x9d, 0xef, 0x9d, 0xef, 0x9d, 0xef, 0x9d, 0xef, 0x9d, 0xef, 0x9d, 0xef, 0x9d, 0xef, 0x9d, 0xef, 0x9d, 0xef, 0x9d, 0xef, 0x9d, 0xef, 0x9d, 0xef, 0x9d, 0xef, 0x9d, 0xef, 0x9d, 0xef, 0x9d, 0xef, 0x9d, 0xef, 0x9d, 0xef, 0x9d, 0xef, 0x9d, 0xef, 0x9d, 0xef, 0x9d, 0xef, 0x9d, 0xef, 0x9d, 0xef, 0x9d, 0xef, 0x9d, 0xef, 0x9d, 0xef, 0x9d, 0xef, 0x9d, 0xef, 0x9d, 0xef, 0x9d, 0xef, 0x9d, 0xef, 0x9d, 0xef, 0x9d, 0xef, 0x9d, 0xef, 0x9d, 0xef, 0x9d, 0xef, 0x9d, 0xef, 0x9d, 0xef, 0x9d, 0xef, 0x9d, 0xef, 0x9d, 0xef, 0x9d, 0xef, 0x9d, 0xef, 0x9d, 0xef, 0x9d, 0xef, 0x9d, 0xef, 0x9d, 0xef, 0xbd, 0xe7, 0xbc, 0xe7, 0xdc, 0xe7, 0xdb, 0xdf, 0xda, 0xd7, 0xf9, 0xcf, 0xf8, 0xc7, 0xf8, 0xc7, 0xf8, 0xc7, 0xf8, 0xc7, 0xf8, 0xc7, 0xf8, 0xc7, 0xf8, 0xc7, 0xf8, 0xc7, 0xf8, 0xc7, 
  0xda, 0xd7, 0xdb, 0xd7, 0xdc, 0xdf, 0xdc, 0xe7, 0xbd, 0xef, 0x7d, 0xef, 0x7d, 0xef, 0x7d, 0xf7, 0x7d, 0xef, 0x9d, 0xef, 0x9d, 0xef, 0x9d, 0xef, 0x9d, 0xef, 0x9d, 0xef, 0x7d, 0xef, 0x7d, 0xef, 0x9d, 0xef, 0x9d, 0xef, 0x9d, 0xef, 0x9d, 0xef, 0x9d, 0xef, 0x9d, 0xef, 0x9d, 0xef, 0x9d, 0xef, 0x9d, 0xef, 0x9d, 0xef, 0x9d, 0xef, 0x9d, 0xef, 0x9d, 0xef, 0x9d, 0xef, 0x9d, 0xef, 0x9d, 0xef, 0x9d, 0xef, 0x9d, 0xef, 0x9d, 0xef, 0x9d, 0xef, 0x9d, 0xef, 0x9d, 0xef, 0x9d, 0xef, 0x9d, 0xef, 0x9d, 0xef, 0x9d, 0xef, 0x9d, 0xef, 0x9d, 0xef, 0x9d, 0xef, 0x9d, 0xef, 0x9d, 0xef, 0x9d, 0xef, 0x9d, 0xef, 0x9d, 0xef, 0x9d, 0xef, 0x9d, 0xef, 0x9d, 0xef, 0x9d, 0xef, 0x9d, 0xef, 0x9d, 0xef, 0x9d, 0xef, 0x9d, 0xef, 0x9d, 0xef, 0x9d, 0xef, 0x9d, 0xef, 0x9d, 0xef, 0x9d, 0xef, 0x9d, 0xef, 0x7d, 0xef, 0x9d, 0xef, 0x9d, 0xef, 0x9d, 0xef, 0x9d, 0xef, 0x9d, 0xef, 0x9d, 0xef, 0x9d, 0xef, 0x9d, 0xef, 0x9d, 0xef, 0x9d, 0xe7, 0xbc, 0xe7, 0xdc, 0xe7, 0xdb, 0xdf, 0xda, 0xd7, 0xd9, 0xcf, 0xf8, 0xcf, 0xf8, 0xc7, 0xf8, 0xc7, 0xf8, 0xc7, 0xf8, 0xc7, 0xf8, 0xc7, 0xf8, 0xc7, 0xf8, 0xc7, 0xf8, 0xc7, 0xf8, 0xc7, 
  0xf9, 0xcf, 0xda, 0xd7, 0xdb, 0xdf, 0xdc, 0xe7, 0xbc, 0xe7, 0x9d, 0xef, 0x9d, 0xef, 0x9d, 0xf7, 0x7d, 0xef, 0x7d, 0xef, 0x9d, 0xef, 0x9d, 0xef, 0x9d, 0xef, 0x9d, 0xef, 0x7d, 0xef, 0x7d, 0xef, 0x9d, 0xef, 0x9d, 0xef, 0x9d, 0xef, 0x9d, 0xef, 0x9d, 0xef, 0x9d, 0xef, 0x9d, 0xef, 0x9d, 0xef, 0x9d, 0xef, 0x9d, 0xef, 0x9d, 0xef, 0x9d, 0xef, 0x9d, 0xef, 0x9d, 0xef, 0x9d, 0xef, 0x9d, 0xef, 0x9d, 0xef, 0x9d, 0xef, 0x9d, 0xef, 0x9d, 0xef, 0x9d, 0xef, 0x9d, 0xef, 0x9d, 0xef, 0x9d, 0xef, 0x9d, 0xef, 0x9d, 0xef, 0x9d, 0xef, 0x9d, 0xef, 0x9d, 0xef, 0x9d, 0xef, 0x9d, 0xef, 0x9d, 0xef, 0x9d, 0xef, 0x9d, 0xef, 0x9d, 0xef, 0x9d, 0xef, 0x9d, 0xef, 0x9d, 0xef, 0x9d, 0xef, 0x9d, 0xef, 0x9d, 0xef, 0x9d, 0xef, 0x9d, 0xef, 0x9d, 0xef, 0x9d, 0xef, 0x9d, 0xef, 0x9d, 0xef, 0x9d, 0xef, 0x7d, 0xef, 0x7d, 0xef, 0x9d, 0xef, 0x9d, 0xef, 0x9d, 0xef, 0x9d, 0xef, 0x9d, 0xef, 0x9d, 0xef, 0x9d, 0xef, 0x9d, 0xef, 0xbc, 0xe7, 0xbc, 0xe7, 0xdb, 0xdf, 0xfa, 0xd7, 0xd9, 0xcf, 0xf9, 0xcf, 0xf8, 0xc7, 0xf8, 0xc7, 0xf8, 0xc7, 0xf8, 0xc7, 0xf8, 0xc7, 0xf8, 0xc7, 0xf8, 0xc7, 0xf8, 0xc7, 0xf8, 0xc7, 0xf8, 0xc7, 
  0xf9, 0xcf, 0xd9, 0xcf, 0xda, 0xd7, 0xdb, 0xdf, 0xdc, 0xe7, 0xbc, 0xef, 0x9d, 0xef, 0x9d, 0xef, 0x7d, 0xef, 0x7d, 0xef, 0x7d, 0xef, 0x9d, 0xef, 0x9d, 0xef, 0x9d, 0xef, 0x7d, 0xef, 0x7d, 0xef, 0x9d, 0xef, 0x9d, 0xef, 0x9d, 0xef, 0x9d, 0xef, 0x9d, 0xef, 0x9d, 0xef, 0x9d, 0xef, 0x9d, 0xef, 0x9d, 0xef, 0x9d, 0xef, 0x9d, 0xef, 0x9d, 0xef, 0x9d, 0xef, 0x9d, 0xef, 0x9d, 0xef, 0x9d, 0xef, 0x9d, 0xef, 0x9d, 0xef, 0x9d, 0xef, 0x9d, 0xef, 0x9d, 0xef, 0x9d, 0xef, 0x9d, 0xef, 0x9d, 0xef, 0x9d, 0xef, 0x9d, 0xef, 0x9d, 0xef, 0x9d, 0xef, 0x9d, 0xef, 0x9d, 0xef, 0x9d, 0xef, 0x9d, 0xef, 0x9d, 0xef, 0x9d, 0xef, 0x9d, 0xef, 0x9d, 0xef, 0x9d, 0xef, 0x9d, 0xef, 0x9d, 0xef, 0x9d, 0xef, 0x9d, 0xef, 0x9d, 0xef, 0x9d, 0xef, 0x9d, 0xef, 0x9d, 0xef, 0x9d, 0xef, 0x9d, 0xef, 0x9d, 0xef, 0x9d, 0xef, 0x9d, 0xef, 0x9d, 0xef, 0x9d, 0xef, 0x9d, 0xef, 0x9d, 0xef, 0x9d, 0xef, 0x9d, 0xef, 0x9d, 0xef, 0xbd, 0xe7, 0xbc, 0xe7, 0xdb, 0xdf, 0xda, 0xd7, 0xf9, 0xcf, 0xf9, 0xcf, 0xf8, 0xc7, 0xf8, 0xc7, 0xf8, 0xc7, 0xf8, 0xc7, 0xf8, 0xc7, 0xf8, 0xc7, 0xf8, 0xc7, 0xf8, 0xc7, 0xf8, 0xc7, 0xf8, 0xc7, 0xf8, 0xc7, 
  0xf8, 0xc7, 0xf8, 0xc7, 0xd9, 0xcf, 0xfa, 0xdf, 0xdb, 0xe7, 0xbc, 0xe7, 0x9c, 0xe7, 0x9d, 0xef, 0x9d, 0xef, 0x9d, 0xef, 0x9d, 0xef, 0x9d, 0xef, 0x9d, 0xef, 0x9d, 0xef, 0x9d, 0xef, 0x9d, 0xef, 0x9d, 0xef, 0x9d, 0xef, 0x9d, 0xef, 0x9d, 0xef, 0x9d, 0xef, 0x9d, 0xef, 0x9d, 0xef, 0x9d, 0xef, 0x9d, 0xef, 0x9d, 0xef, 0x9d, 0xef, 0x9d, 0xef, 0x9d, 0xef, 0x9d, 0xef, 0x9d, 0xef, 0x9d, 0xef, 0x9d, 0xef, 0x9d, 0xef, 0x9d, 0xef, 0x9d, 0xef, 0x9d, 0xef, 0x9d, 0xef, 0x9d, 0xef, 0x9d, 0xef, 0x9d, 0xef, 0x9d, 0xef, 0x9d, 0xef, 0x9d, 0xef, 0x9d, 0xef, 0x9d, 0xef, 0x9d, 0xef, 0x9d, 0xef, 0x9d, 0xef, 0x9d, 0xef, 0x9d, 0xef, 0x9d, 0xef, 0x9d, 0xef, 0x9d, 0xef, 0x9d, 0xef, 0x9d, 0xef, 0x9d, 0xef, 0x9d, 0xef, 0x9d, 0xef, 0x9d, 0xef, 0x9d, 0xef, 0x9d, 0xef, 0x9d, 0xef, 0x9d, 0xef, 0x9d, 0xef, 0x9d, 0xef, 0x9d, 0xef, 0x9d, 0xef, 0x9d, 0xef, 0x9d, 0xef, 0x9d, 0xef, 0x9d, 0xef, 0xbd, 0xe7, 0xbc, 0xe7, 0xdc, 0xdf, 0xdb, 0xd7, 0xfa, 0xcf, 0xf9, 0xcf, 0xf8, 0xc7, 0xf8, 0xc7, 0xf8, 0xc7, 0xf8, 0xc7, 0xf8, 0xc7, 0xf8, 0xc7, 0xf8, 0xc7, 0xf8, 0xc7, 0xf8, 0xc7, 0xf8, 0xc7, 0xf8, 0xc7, 0xf8, 0xc7, 
  0xf8, 0xc7, 0xf8, 0xc7, 0xf9, 0xcf, 0xd9, 0xd7, 0xda, 0xdf, 0xdb, 0xe7, 0xdc, 0xe7, 0xbd, 0xef, 0x9d, 0xef, 0x9d, 0xef, 0x9d, 0xef, 0x9d, 0xef, 0x9d, 0xef, 0x9d, 0xef, 0x9d, 0xef, 0x9d, 0xef, 0x9d, 0xef, 0x9d, 0xef, 0x9d, 0xef, 0x9d, 0xef, 0x9d, 0xef, 0x9d, 0xef, 0x9d, 0xef, 0x9d, 0xef, 0x9d, 0xef, 0x9d, 0xef, 0x9d, 0xef, 0x9d, 0xef, 0x9d, 0xef, 0x9d, 0xef, 0x9d, 0xef, 0x9d, 0xef, 0x9d, 0xef, 0x9d, 0xef, 0x9d, 0xef, 0x9d, 0xef, 0x9d, 0xef, 0x9d, 0xef, 0x9d, 0xef, 0x9d, 0xef, 0x9d, 0xef, 0x9d, 0xef, 0x9d, 0xef, 0x9d, 0xef, 0x9d, 0xef, 0x9d, 0xef, 0x9d, 0xef, 0x9d, 0xef, 0x9d, 0xef, 0x9d, 0xef, 0x9d, 0xef, 0x9d, 0xef, 0x9d, 0xef, 0x9d, 0xef, 0x9d, 0xef, 0x9d, 0xef, 0x9d, 0xef, 0x9d, 0xef, 0x9d, 0xef, 0x9d, 0xef, 0x9d, 0xef, 0x9d, 0xef, 0x9d, 0xef, 0x9d, 0xef, 0x9d, 0xef, 0x9d, 0xef, 0x9d, 0xef, 0x9d, 0xef, 0xbd, 0xef, 0xbd, 0xef, 0xbd, 0xe7, 0xbc, 0xe7, 0xdc, 0xe7, 0xbc, 0xdf, 0xbb, 0xd7, 0xda, 0xd7, 0xf9, 0xcf, 0xf8, 0xc7, 0xf8, 0xc7, 0xf7, 0xc7, 0xf8, 0xc7, 0xf8, 0xc7, 0xf8, 0xc7, 0xf8, 0xc7, 0xf8, 0xc7, 0xf8, 0xc7, 0xf8, 0xc7, 0xf8, 0xc7, 0xf8, 0xc7, 0xf8, 0xc7, 
  0xf8, 0xc7, 0xf8, 0xc7, 0xf8, 0xcf, 0xd9, 0xcf, 0xd9, 0xd7, 0xda, 0xdf, 0xdb, 0xe7, 0xbc, 0xe7, 0xbd, 0xe7, 0x9d, 0xef, 0x9d, 0xef, 0x9d, 0xef, 0x9d, 0xef, 0x9d, 0xef, 0x9d, 0xef, 0x9d, 0xef, 0x9d, 0xef, 0x9d, 0xef, 0x9d, 0xef, 0x9d, 0xef, 0x9d, 0xef, 0x9d, 0xef, 0x9d, 0xef, 0x9d, 0xef, 0x9d, 0xef, 0x9d, 0xef, 0x9d, 0xef, 0x9d, 0xef, 0x9d, 0xef, 0x9d, 0xef, 0x9d, 0xef, 0x9d, 0xef, 0x9d, 0xef, 0x9d, 0xef, 0x9d, 0xef, 0x9d, 0xef, 0x9d, 0xef, 0x9d, 0xef, 0xbd, 0xef, 0xbd, 0xef, 0x9d, 0xef, 0x9d, 0xef, 0x9d, 0xef, 0x9d, 0xef, 0x9d, 0xef, 0x9d, 0xef, 0x9d, 0xef, 0x9d, 0xef, 0x9d, 0xef, 0x9d, 0xef, 0x9d, 0xef, 0x9d, 0xef, 0x9d, 0xef, 0x9d, 0xef, 0x9d, 0xef, 0x9d, 0xef, 0xbd, 0xef, 0xbd, 0xef, 0x9d, 0xef, 0x9d, 0xef, 0x9d, 0xef, 0x9d, 0xef, 0x9d, 0xef, 0x9d, 0xef, 0x9d, 0xef, 0x9d, 0xe7, 0xbd, 0xef, 0xbd, 0xef, 0xdd, 0xef, 0xdd, 0xe7, 0xdd, 0xe7, 0xdc, 0xe7, 0xbc, 0xdf, 0xbb, 0xdf, 0xba, 0xd7, 0xd9, 0xcf, 0xf9, 0xcf, 0xf8, 0xc7, 0xf7, 0xc7, 0xf7, 0xbf, 0xf8, 0xc7, 0xf8, 0xc7, 0xf8, 0xc7, 0xf8, 0xc7, 0xf8, 0xc7, 0xf8, 0xc7, 0xf8, 0xc7, 0xf8, 0xc7, 0xf8, 0xc7, 0xf8, 0xc7, 
  0xf8, 0xc7, 0xf8, 0xc7, 0xf8, 0xc7, 0xd8, 0xcf, 0xd9, 0xcf, 0xda, 0xd7, 0xda, 0xdf, 0xbb, 0xdf, 0xbc, 0xe7, 0xbc, 0xe7, 0xbd, 0xe7, 0xbd, 0xef, 0xbd, 0xef, 0xbd, 0xef, 0xbd, 0xef, 0xbd, 0xef, 0xbc, 0xef, 0xbc, 0xef, 0xbc, 0xef, 0xbc, 0xef, 0xbc, 0xef, 0xbc, 0xef, 0xbc, 0xef, 0xbd, 0xef, 0xbd, 0xef, 0xbd, 0xef, 0xbd, 0xef, 0xbd, 0xef, 0xbd, 0xef, 0xbd, 0xef, 0xbd, 0xef, 0xbd, 0xef, 0xbd, 0xe7, 0xbd, 0xe7, 0xbd, 0xef, 0xbd, 0xef, 0xbd, 0xef, 0xbd, 0xef, 0xbd, 0xef, 0xbd, 0xef, 0xbd, 0xef, 0xbd, 0xef, 0xbd, 0xef, 0xbd, 0xef, 0xbd, 0xef, 0xbd, 0xef, 0xbd, 0xef, 0xbd, 0xef, 0xbd, 0xef, 0xbd, 0xef, 0xbd, 0xef, 0xbd, 0xef, 0xbd, 0xef, 0xbd, 0xef, 0xbd, 0xef, 0xbd, 0xef, 0xbd, 0xef, 0xbd, 0xef, 0xbd, 0xef, 0xbd, 0xef, 0xbd, 0xef, 0xbd, 0xef, 0xbd, 0xef, 0xbd, 0xef, 0xbd, 0xe7, 0xbd, 0xe7, 0xdd, 0xe7, 0xdc, 0xe7, 0xdc, 0xe7, 0xdc, 0xe7, 0xdb, 0xdf, 0xbb, 0xdf, 0xbb, 0xd7, 0xba, 0xd7, 0xd9, 0xcf, 0xd9, 0xcf, 0xf8, 0xc7, 0xf8, 0xc7, 0xf7, 0xc7, 0xf7, 0xbf, 0xf8, 0xc7, 0xf8, 0xc7, 0xf8, 0xc7, 0xf8, 0xc7, 0xf8, 0xc7, 0xf8, 0xc7, 0xf8, 0xc7, 0xf8, 0xc7, 0xf8, 0xc7, 0xf8, 0xc7, 
  0xf8, 0xc7, 0xf8, 0xc7, 0xf8, 0xc7, 0xf8, 0xc7, 0xf8, 0xcf, 0xd9, 0xcf, 0xd9, 0xd7, 0xba, 0xd7, 0xbb, 0xdf, 0xbc, 0xdf, 0xbc, 0xe7, 0xbc, 0xe7, 0xbc, 0xe7, 0xbd, 0xe7, 0xbc, 0xe7, 0xbc, 0xe7, 0xbc, 0xe7, 0xbc, 0xe7, 0xbc, 0xe7, 0xbc, 0xe7, 0xbc, 0xe7, 0xbc, 0xe7, 0xbc, 0xe7, 0xbc, 0xe7, 0xbc, 0xe7, 0xbc, 0xe7, 0xbc, 0xe7, 0xbc, 0xe7, 0xbc, 0xe7, 0xbc, 0xe7, 0xbc, 0xe7, 0xbc, 0xe7, 0xbc, 0xe7, 0xbc, 0xe7, 0xbc, 0xe7, 0xbc, 0xe7, 0xbc, 0xe7, 0xbc, 0xe7, 0xbc, 0xe7, 0xbc, 0xe7, 0xbc, 0xe7, 0xbc, 0xe7, 0xbc, 0xe7, 0xbc, 0xe7, 0xbc, 0xe7, 0xbc, 0xe7, 0xbc, 0xe7, 0xbc, 0xe7, 0xbc, 0xe7, 0xbc, 0xe7, 0xbc, 0xe7, 0xbc, 0xe7, 0xbc, 0xe7, 0xbc, 0xe7, 0xbc, 0xe7, 0xbc, 0xe7, 0xbc, 0xe7, 0xbc, 0xe7, 0xbc, 0xe7, 0xbc, 0xe7, 0xbd, 0xe7, 0xbd, 0xe7, 0xbd, 0xe7, 0xdd, 0xe7, 0xbc, 0xe7, 0xbc, 0xe7, 0xdc, 0xe7, 0xdc, 0xdf, 0xdb, 0xdf, 0xbb, 0xd7, 0xba, 0xd7, 0xba, 0xcf, 0xda, 0xd7, 0xd9, 0xcf, 0xd9, 0xcf, 0xf9, 0xcf, 0xf8, 0xc7, 0xf8, 0xc7, 0xf7, 0xc7, 0xf7, 0xbf, 0xf8, 0xc7, 0xf8, 0xc7, 0xf8, 0xc7, 0xf8, 0xc7, 0xf8, 0xc7, 0xf8, 0xc7, 0xf8, 0xc7, 0xf8, 0xc7, 0xf8, 0xc7, 0xf8, 0xc7, 
  0xf8, 0xc7, 0xf8, 0xc7, 0xf8, 0xc7, 0xf8, 0xc7, 0xf8, 0xcf, 0xf8, 0xcf, 0xd8, 0xcf, 0xb9, 0xcf, 0xba, 0xd7, 0x9a, 0xd7, 0x9b, 0xdf, 0x9b, 0xdf, 0xbc, 0xdf, 0xbc, 0xdf, 0xbb, 0xdf, 0xbb, 0xdf, 0xbb, 0xe7, 0xbc, 0xe7, 0xbc, 0xe7, 0xbc, 0xe7, 0xbc, 0xe7, 0xbc, 0xe7, 0xbc, 0xe7, 0xbc, 0xe7, 0xbc, 0xe7, 0xbc, 0xe7, 0xbc, 0xe7, 0xbc, 0xe7, 0xbc, 0xe7, 0xbc, 0xe7, 0xbc, 0xe7, 0xbc, 0xe7, 0xbc, 0xe7, 0xbc, 0xe7, 0xbc, 0xe7, 0xbc, 0xe7, 0xbc, 0xe7, 0xbc, 0xe7, 0xbc, 0xe7, 0xbc, 0xe7, 0xbc, 0xe7, 0xbc, 0xe7, 0xbc, 0xe7, 0xbc, 0xe7, 0xbc, 0xe7, 0xbc, 0xe7, 0xbc, 0xe7, 0xbc, 0xe7, 0xbc, 0xe7, 0xbc, 0xe7, 0xbc, 0xe7, 0xbc, 0xe7, 0xbc, 0xe7, 0xbc, 0xe7, 0xbc, 0xe7, 0xbc, 0xe7, 0xbc, 0xe7, 0xbc, 0xe7, 0xbc, 0xe7, 0xbc, 0xe7, 0xbc, 0xe7, 0xbc, 0xe7, 0xbc, 0xe7, 0xbc, 0xe7, 0xbb, 0xdf, 0xbb, 0xdf, 0xbb, 0xdf, 0xba, 0xd7, 0xba, 0xd7, 0xda, 0xcf, 0xd9, 0xcf, 0xd9, 0xcf, 0xd9, 0xcf, 0xf9, 0xcf, 0xf9, 0xcf, 0xf9, 0xcf, 0xf8, 0xc7, 0xf8, 0xc7, 0xf7, 0xc7, 0xf7, 0xc7, 0xf8, 0xc7, 0xf8, 0xc7, 0xf8, 0xc7, 0xf8, 0xc7, 0xf8, 0xc7, 0xf8, 0xc7, 0xf8, 0xc7, 0xf8, 0xc7, 0xf8, 0xc7, 0xf8, 0xc7, 
#endif
#if LV_COLOR_DEPTH == 16 && LV_COLOR_16_SWAP != 0
  /*Pixel format: Red: 5 bit, Green: 6 bit, Blue: 5 bit BUT the 2 bytes are swapped*/
  0xc7, 0xf8, 0xc7, 0xf8, 0xc7, 0xf8, 0xc7, 0xf8, 0xc7, 0xf8, 0xc7, 0xf8, 0xc7, 0xf8, 0xc7, 0xf8, 0xc7, 0xf8, 0xc7, 0xf8, 0xc7, 0xf8, 0xc7, 0xf8, 0xc7, 0xf8, 0xc7, 0xf8, 0xc7, 0xf8, 0xc7, 0xf8, 0xc7, 0xf8, 0xc7, 0xf8, 0xc7, 0xf8, 0xc7, 0xf8, 0xc7, 0xf8, 0xc7, 0xf8, 0xc7, 0xf8, 0xc7, 0xf8, 0xc7, 0xf8, 0xc7, 0xf8, 0xc7, 0xf8, 0xc7, 0xf8, 0xc7, 0xf8, 0xc7, 0xf8, 0xc7, 0xf8, 0xc7, 0xf8, 0xc7, 0xf8, 0xc7, 0xf8, 0xc7, 0xf8, 0xc7, 0xf8, 0xc7, 0xf8, 0xc7, 0xf8, 0xc7, 0xf8, 0xc7, 0xf8, 0xc7, 0xf8, 0xc7, 0xf8, 0xc7, 0xf8, 0xc7, 0xf8, 0xc7, 0xf8, 0xc7, 0xf8, 0xc7, 0xf8, 0xc7, 0xf8, 0xc7, 0xf7, 0xc7, 0xf7, 0xc7, 0xf8, 0xc7, 0xf8, 0xcf, 0xf8, 0xcf, 0xd8, 0xcf, 0xd9, 0xd7, 0xd9, 0xdf, 0x99, 0xe7, 0x79, 0xef, 0x59, 0xe7, 0x99, 0xd7, 0xd8, 0xcf, 0xf8, 0xc7, 0xf8, 0xc7, 0xf8, 0xc7, 0xf8, 0xc7, 0xf8, 0xc7, 0xf8, 0xc7, 0xf8, 0xc7, 0xf8, 0xc7, 0xf8, 0xc7, 0xf8, 0xc7, 0xf8, 0xc7, 0xf8, 0xc7, 0xf8, 0xc7, 0xf8, 0xc7, 0xf8, 0xc7, 0xf8, 0xc7, 0xf8, 0xc7, 0xf8, 0xc7, 0xf8, 0xc7, 0xf8, 0xc7, 0xf8, 0xc7, 0xf8, 0xc7, 0xf8, 0xc7, 0xf8, 0xc7, 0xf8, 0xc7, 0xf8, 0xc7, 0xf8, 0xc7, 0xf8, 0xc7, 0xf8, 
  0xc7, 0xf8, 0xc7, 0xf8, 0xc7, 0xf8, 0xc7, 0xf8, 0xc7, 0xf8, 0xc7, 0xf8, 0xc7, 0xf8, 0xc7, 0xf8, 0xc7, 0xf8, 0xc7, 0xf8, 0xc7, 0xf8, 0xc7, 0xf8, 0xc7, 0xf8, 0xc7, 0xf8, 0xc7, 0xf8, 0xc7, 0xf8, 0xc7, 0xf8, 0xc7, 0xf8, 0xc7, 0xf8, 0xc7, 0xf8, 0xc7, 0xf8, 0xc7, 0xf8, 0xc7, 0xf8, 0xc7, 0xf8, 0xc7, 0xf8, 0xc7, 0xf8, 0xc7, 0xf8, 0xc7, 0xf8, 0xc7, 0xf8, 0xc7, 0xf8, 0xc7, 0xf8, 0xc7, 0xf8, 0xc7, 0xf8, 0xc7, 0xf8, 0xc7, 0xf8, 0xc7, 0xf8, 0xc7, 0xf8, 0xc7, 0xf8, 0xc7, 0xf8, 0xc7, 0xf8, 0xc7, 0xf8, 0xc7, 0xf8, 0xc7, 0xf8, 0xc7, 0xf8, 0xc7, 0xf8, 0xc7, 0xf8, 0xc7, 0xf8, 0xc7, 0xf8, 0xc7, 0xf7, 0xc7, 0xf7, 0xc7, 0xf8, 0xcf, 0xf8, 0xcf, 0xd8, 0xd7, 0xd8, 0xd7, 0xd9, 0xd7, 0xb9, 0xe7, 0x79, 0xe7, 0x59, 0xef, 0x58, 0xe7, 0x78, 0xd7, 0xd8, 0xcf, 0xf8, 0xc7, 0xf8, 0xc7, 0xf8, 0xc7, 0xf8, 0xc7, 0xf8, 0xc7, 0xf8, 0xc7, 0xf8, 0xc7, 0xf8, 0xc7, 0xf8, 0xc7, 0xf8, 0xc7, 0xf8, 0xc7, 0xf8, 0xc7, 0xf8, 0xc7, 0xf8, 0xc7, 0xf8, 0xc7, 0xf8, 0xc7, 0xf8, 0xc7, 0xf8, 0xc7, 0xf8, 0xc7, 0xf8, 0xc7, 0xf8, 0xc7, 0xf8, 0xc7, 0xf8, 0xc7, 0xf8, 0xc7, 0xf8, 0xc7, 0xf8, 0xc7, 0xf8, 0xc7, 0xf8, 0xc7, 0xf8, 
  0xc7, 0xf8, 0xc7, 0xf8, 0xc7, 0xf8, 0xc7, 0xf8, 0xc7, 0xf8, 0xc7, 0xf8, 0xc7, 0xf8, 0xc7, 0xf8, 0xc7, 0xf8, 0xc7, 0xf8, 0xc7, 0xf8, 0xc7, 0xf8, 0xc7, 0xf8, 0xc7, 0xf8, 0xc7, 0xf8, 0xc7, 0xf8, 0xc7, 0xf8, 0xc7, 0xf8, 0xc7, 0xf8, 0xc7, 0xf8, 0xc7, 0xf8, 0xc7, 0xf8, 0xc7, 0xf8, 0xc7, 0xf8, 0xc7, 0xf8, 0xc7, 0xf8, 0xc7, 0xf8, 0xc7, 0xf8, 0xc7, 0xf8, 0xc7, 0xf8, 0xc7, 0xf8, 0xc7, 0xf8, 0xc7, 0xf8, 0xc7, 0xf8, 0xc7, 0xf8, 0xc7, 0xf8, 0xc7, 0xf8, 0xc7, 0xf8, 0xc7, 0xf8, 0xc7, 0xf8, 0xc7, 0xf8, 0xc7, 0xf8, 0xc7, 0xf8, 0xc7, 0xf8, 0xc7, 0xf8, 0xc7, 0xf8, 0xc7, 0xf8, 0xcf, 0xf8, 0xc7, 0xf8, 0xcf, 0xf8, 0xcf, 0xf8, 0xcf, 0xd8, 0xd7, 0xb8, 0xdf, 0xb8, 0xd7, 0x99, 0xdf, 0x79, 0xe7, 0x59, 0xef, 0x58, 0xef, 0x58, 0xe7, 0x78, 0xd7, 0xd8, 0xcf, 0xf8, 0xc7, 0xf8, 0xc7, 0xf8, 0xc7, 0xf8, 0xc7, 0xf8, 0xc7, 0xf8, 0xc7, 0xf8, 0xc7, 0xf8, 0xc7, 0xf8, 0xc7, 0xf8, 0xc7, 0xf8, 0xc7, 0xf8, 0xc7, 0xf8, 0xc7, 0xf8, 0xc7, 0xf8, 0xc7, 0xf8, 0xc7, 0xf8, 0xc7, 0xf8, 0xc7, 0xf8, 0xc7, 0xf8, 0xc7, 0xf8, 0xc7, 0xf8, 0xc7, 0xf8, 0xc7, 0xf8, 0xc7, 0xf8, 0xc7, 0xf8, 0xc7, 0xf8, 0xc7, 0xf8, 0xc7, 0xf8, 
  0xc7, 0xf8, 0xc7, 0xf8, 0xc7, 0xf8, 0xc7, 0xf8, 0xc7, 0xf8, 0xc7, 0xf8, 0xc7, 0xf8, 0xc7, 0xf8, 0xc7, 0xf8, 0xc7, 0xf8, 0xc7, 0xf8, 0xc7, 0xf8, 0xc7, 0xf8, 0xc7, 0xf8, 0xc7, 0xf8, 0xc7, 0xf8, 0xc7, 0xf8, 0xc7, 0xf8, 0xc7, 0xf8, 0xc7, 0xf8, 0xc7, 0xf8, 0xc7, 0xf8, 0xc7, 0xf8, 0xc7, 0xf8, 0xc7, 0xf8, 0xc7, 0xf8, 0xc7, 0xf8, 0xc7, 0xf8, 0xc7, 0xf8, 0xc7, 0xf8, 0xc7, 0xf8, 0xc7, 0xf8, 0xc7, 0xf8, 0xc7, 0xf8, 0xc7, 0xf8, 0xc7, 0xf8, 0xc7, 0xf8, 0xc7, 0xf8, 0xc7, 0xf8, 0xc7, 0xf8, 0xc7, 0xf8, 0xc7, 0xf8, 0xc7, 0xf8, 0xc7, 0xf8, 0xc7, 0xf8, 0xc7, 0xf8, 0xcf, 0xf8, 0xcf, 0xf8, 0xcf, 0xf8, 0xcf, 0xf8, 0xcf, 0xd8, 0xd7, 0xb8, 0xdf, 0x98, 0xdf, 0x78, 0xdf, 0x78, 0xe7, 0x59, 0xef, 0x59, 0xef, 0x38, 0xef, 0x58, 0xdf, 0x78, 0xcf, 0xd8, 0xc7, 0xf8, 0xc7, 0xf8, 0xc7, 0xf8, 0xc7, 0xf8, 0xc7, 0xf8, 0xc7, 0xf8, 0xc7, 0xf8, 0xc7, 0xf8, 0xc7, 0xf8, 0xc7, 0xf8, 0xc7, 0xf8, 0xc7, 0xf8, 0xc7, 0xf8, 0xc7, 0xf8, 0xc7, 0xf8, 0xc7, 0xf8, 0xc7, 0xf8, 0xc7, 0xf8, 0xc7, 0xf8, 0xc7, 0xf8, 0xc7, 0xf8, 0xc7, 0xf8, 0xc7, 0xf8, 0xc7, 0xf8, 0xc7, 0xf8, 0xc7, 0xf8, 0xc7, 0xf8, 0xc7, 0xf8, 0xc7, 0xf8, 
  0xc7, 0xf8, 0xc7, 0xf8, 0xc7, 0xf8, 0xc7, 0xf8, 0xc7, 0xf8, 0xc7, 0xf8, 0xc7, 0xf8, 0xc7, 0xf8, 0xc7, 0xf8, 0xc7, 0xf8, 0xc7, 0xf8, 0xc7, 0xf8, 0xc7, 0xf8, 0xc7, 0xf8, 0xc7, 0xf8, 0xc7, 0xf8, 0xc7, 0xf8, 0xc7, 0xf8, 0xc7, 0xf8, 0xc7, 0xf8, 0xc7, 0xf8, 0xc7, 0xf8, 0xc7, 0xf8, 0xc7, 0xf8, 0xc7, 0xf8, 0xc7, 0xf8, 0xc7, 0xf8, 0xc7, 0xf8, 0xc7, 0xf8, 0xc7, 0xf8, 0xc7, 0xf8, 0xc7, 0xf8, 0xc7, 0xf8, 0xc7, 0xf8, 0xc7, 0xf8, 0xc7, 0xf8, 0xc7, 0xf8, 0xc7, 0xf8, 0xc7, 0xf8, 0xc7, 0xf8, 0xc7, 0xf8, 0xc7, 0xf8, 0xc7, 0xf8, 0xc7, 0xf8, 0xc7, 0xf8, 0xcf, 0xf8, 0xcf, 0xf8, 0xcf, 0xf8, 0xcf, 0xd8, 0xd7, 0xd8, 0xd7, 0xb8, 0xdf, 0x78, 0xe7, 0x58, 0xe7, 0x38, 0xef, 0x39, 0xef, 0x39, 0xef, 0x39, 0xef, 0x38, 0xef, 0x58, 0xdf, 0x78, 0xcf, 0xd8, 0xc7, 0xf8, 0xc7, 0xf8, 0xc7, 0xf8, 0xc7, 0xf8, 0xc7, 0xf8, 0xc7, 0xf8, 0xc7, 0xf8, 0xc7, 0xf8, 0xc7, 0xf8, 0xc7, 0xf8, 0xc7, 0xf8, 0xc7, 0xf8, 0xc7, 0xf8, 0xc7, 0xf8, 0xc7, 0xf8, 0xc7, 0xf8, 0xc7, 0xf8, 0xc7, 0xf8, 0xc7, 0xf8, 0xc7, 0xf8, 0xc7, 0xf8, 0xc7, 0xf8, 0xc7, 0xf8, 0xc7, 0xf8, 0xc7, 0xf8, 0xc7, 0xf8, 0xc7, 0xf8, 0xc7, 0xf8, 0xc7, 0xf8, 
  0xc7, 0xf8, 0xc7, 0xf8, 0xc7, 0xf8, 0xc7, 0xf8, 0xc7, 0xf8, 0xc7, 0xf8, 0xc7, 0xf8, 0xc7, 0xf8, 0xc7, 0xf8, 0xc7, 0xf8, 0xc7, 0xf8, 0xc7, 0xf8, 0xc7, 0xf8, 0xc7, 0xf8, 0xc7, 0xf8, 0xc7, 0xf8, 0xc7, 0xf8, 0xc7, 0xf8, 0xc7, 0xf8, 0xc7, 0xf8, 0xc7, 0xf8, 0xc7, 0xf8, 0xc7, 0xf8, 0xc7, 0xf8, 0xc7, 0xf8, 0xc7, 0xf8, 0xc7, 0xf8, 0xc7, 0xf8, 0xc7, 0xf8, 0xc7, 0xf8, 0xc7, 0xf8, 0xc7, 0xf8, 0xc7, 0xf8, 0xc7, 0xf8, 0xc7, 0xf8, 0xc7, 0xf8, 0xc7, 0xf8, 0xc7, 0xf8, 0xc7, 0xf8, 0xc7, 0xf8, 0xc7, 0xf8, 0xc7, 0xf8, 0xc7, 0xf8, 0xc7, 0xf8, 0xc7, 0xf8, 0xcf, 0xf8, 0xcf, 0xf8, 0xcf, 0xd8, 0xd7, 0xb8, 0xd7, 0x98, 0xdf, 0x78, 0xe7, 0x58, 0xe7, 0x38, 0xef, 0x18, 0xef, 0x18, 0xf7, 0x19, 0xf7, 0x18, 0xef, 0x38, 0xe7, 0x58, 0xdf, 0x98, 0xcf, 0xd8, 0xc7, 0xf8, 0xc7, 0xf8, 0xc7, 0xf8, 0xc7, 0xf8, 0xc7, 0xf8, 0xc7, 0xf8, 0xc7, 0xf8, 0xc7, 0xf8, 0xc7, 0xf8, 0xc7, 0xf8, 0xc7, 0xf8, 0xc7, 0xf8, 0xc7, 0xf8, 0xc7, 0xf8, 0xc7, 0xf8, 0xc7, 0xf8, 0xc7, 0xf8, 0xc7, 0xf8, 0xc7, 0xf8, 0xc7, 0xf8, 0xc7, 0xf8, 0xc7, 0xf8, 0xc7, 0xf8, 0xc7, 0xf8, 0xc7, 0xf8, 0xc7, 0xf8, 0xc7, 0xf8, 0xc7, 0xf8, 0xc7, 0xf8, 
  0xc7, 0xf8, 0xc7, 0xf8, 0xc7, 0xf8, 0xc7, 0xf8, 0xc7, 0xf8, 0xc7, 0xf8, 0xc7, 0xf8, 0xc7, 0xf8, 0xc7, 0xf8, 0xc7, 0xf8, 0xc7, 0xf8, 0xc7, 0xf8, 0xc7, 0xf8, 0xc7, 0xf8, 0xc7, 0xf8, 0xc7, 0xf8, 0xc7, 0xf8, 0xc7, 0xf8, 0xc7, 0xf8, 0xc7, 0xf8, 0xc7, 0xf8, 0xc7, 0xf8, 0xc7, 0xf8, 0xc7, 0xf8, 0xc7, 0xf8, 0xc7, 0xf8, 0xc7, 0xf8, 0xc7, 0xf8, 0xc7, 0xf8, 0xc7, 0xf8, 0xc7, 0xf8, 0xc7, 0xf8, 0xc7, 0xf8, 0xc7, 0xf8, 0xc7, 0xf8, 0xc7, 0xf8, 0xc7, 0xf8, 0xc7, 0xf8, 0xc7, 0xf8, 0xc7, 0xf8, 0xc7, 0xf8, 0xc7, 0xf8, 0xc7, 0xf8, 0xc7, 0xf8, 0xcf, 0xf8, 0xcf, 0xd8, 0xcf, 0xd8, 0xd7, 0xd8, 0xd7, 0x98, 0xdf, 0x78, 0xe7, 0x58, 0xe7, 0x38, 0xef, 0x18, 0xf7, 0x18, 0xf6, 0xf8, 0xf6, 0xf8, 0xf7, 0x18, 0xef, 0x38, 0xe7, 0x78, 0xd7, 0xb8, 0xcf, 0xf8, 0xc7, 0xf8, 0xc7, 0xf8, 0xc7, 0xf8, 0xc7, 0xf8, 0xc7, 0xf8, 0xc7, 0xf8, 0xc7, 0xf8, 0xc7, 0xf8, 0xc7, 0xf8, 0xc7, 0xf8, 0xc7, 0xf8, 0xc7, 0xf8, 0xc7, 0xf8, 0xc7, 0xf8, 0xc7, 0xf8, 0xc7, 0xf8, 0xc7, 0xf8, 0xc7, 0xf8, 0xc7, 0xf8, 0xc7, 0xf8, 0xc7, 0xf8, 0xc7, 0xf8, 0xc7, 0xf8, 0xc7, 0xf8, 0xc7, 0xf8, 0xc7, 0xf8, 0xc7, 0xf8, 0xc7, 0xf8, 0xc7, 0xf8, 
  0xc7, 0xf8, 0xc7, 0xf8, 0xc7, 0xf8, 0xc7, 0xf8, 0xc7, 0xf8, 0xc7, 0xf8, 0xc7, 0xf8, 0xc7, 0xf8, 0xc7, 0xf8, 0xc7, 0xf8, 0xc7, 0xf8, 0xc7, 0xf8, 0xc7, 0xf8, 0xc7, 0xf8, 0xc7, 0xf8, 0xc7, 0xf8, 0xc7, 0xf8, 0xc7, 0xf8, 0xc7, 0xf8, 0xc7, 0xf8, 0xc7, 0xf8, 0xc7, 0xf8, 0xc7, 0xf8, 0xc7, 0xf8, 0xc7, 0xf8, 0xc7, 0xf8, 0xc7, 0xf8, 0xc7, 0xf8, 0xc7, 0xf8, 0xc7, 0xf8, 0xc7, 0xf8, 0xc7, 0xf8, 0xc7, 0xf8, 0xc7, 0xf8, 0xc7, 0xf8, 0xc7, 0xf8, 0xc7, 0xf8, 0xc7, 0xf8, 0xc7, 0xf8, 0xc7, 0xf8, 0xc7, 0xf8, 0xc7, 0xf8, 0xc7, 0xf8, 0xcf, 0xf8, 0xcf, 0xd8, 0xd7, 0xd8, 0xd7, 0xd8, 0xdf, 0xb8, 0xdf, 0x78, 0xe7, 0x58, 0xef, 0x38, 0xef, 0x38, 0xf7, 0x18, 0xf7, 0x18, 0xf6, 0xf8, 0xf6, 0xf8, 0xef, 0x18, 0xe7, 0x38, 0xdf, 0x98, 0xd7, 0xd9, 0xcf, 0xf8, 0xc7, 0xf8, 0xcf, 0xf8, 0xcf, 0xf8, 0xc7, 0xf8, 0xc7, 0xf8, 0xc7, 0xf8, 0xc7, 0xf8, 0xc7, 0xf8, 0xc7, 0xf8, 0xc7, 0xf8, 0xc7, 0xf8, 0xc7, 0xf8, 0xc7, 0xf8, 0xc7, 0xf8, 0xc7, 0xf8, 0xc7, 0xf8, 0xc7, 0xf8, 0xc7, 0xf8, 0xc7, 0xf8, 0xc7, 0xf8, 0xc7, 0xf8, 0xc7, 0xf8, 0xc7, 0xf8, 0xc7, 0xf8, 0xc7, 0xf8, 0xc7, 0xf8, 0xc7, 0xf8, 0xc7, 0xf8, 0xc7, 0xf8, 
  0xc7, 0xf8, 0xc7, 0xf8, 0xc7, 0xf8, 0xc7, 0xf8, 0xc7, 0xf8, 0xc7, 0xf8, 0xc7, 0xf8, 0xc7, 0xf8, 0xc7, 0xf8, 0xc7, 0xf8, 0xc7, 0xf8, 0xc7, 0xf8, 0xc7, 0xf8, 0xc7, 0xf8, 0xc7, 0xf8, 0xc7, 0xf8, 0xc7, 0xf8, 0xc7, 0xf8, 0xc7, 0xf8, 0xc7, 0xf8, 0xc7, 0xf8, 0xc7, 0xf8, 0xc7, 0xf8, 0xc7, 0xf8, 0xc7, 0xf8, 0xc7, 0xf8, 0xc7, 0xf8, 0xc7, 0xf8, 0xc7, 0xf8, 0xc7, 0xf8, 0xc7, 0xf8, 0xc7, 0xf8, 0xc7, 0xf8, 0xc7, 0xf8, 0xc7, 0xf8, 0xc7, 0xf8, 0xc7, 0xf8, 0xc7, 0xf8, 0xc7, 0xf8, 0xc7, 0xf8, 0xc7, 0xf8, 0xc7, 0xf8, 0xc7, 0xf8, 0xcf, 0xf8, 0xd7, 0xd8, 0xd7, 0xd8, 0xd7, 0x98, 0xdf, 0x78, 0xe7, 0x58, 0xe7, 0x38, 0xef, 0x18, 0xef, 0x18, 0xf7, 0x18, 0xf7, 0x18, 0xf6, 0xf8, 0xee, 0xf8, 0xef, 0x18, 0xe7, 0x38, 0xd7, 0x98, 0xcf, 0xf8, 0xcf, 0xf8, 0xc7, 0xf8, 0xcf, 0xf8, 0xcf, 0xf8, 0xc7, 0xf8, 0xc7, 0xf8, 0xc7, 0xf8, 0xc7, 0xf8, 0xc7, 0xf8, 0xc7, 0xf8, 0xc7, 0xf8, 0xc7, 0xf8, 0xc7, 0xf8, 0xc7, 0xf8, 0xc7, 0xf8, 0xc7, 0xf8, 0xc7, 0xf8, 0xc7, 0xf8, 0xc7, 0xf8, 0xc7, 0xf8, 0xc7, 0xf8, 0xc7, 0xf8, 0xc7, 0xf8, 0xc7, 0xf8, 0xc7, 0xf8, 0xc7, 0xf8, 0xc7, 0xf8, 0xc7, 0xf8, 0xc7, 0xf8, 0xc7, 0xf8, 
  0xc7, 0xf8, 0xc7, 0xf8, 0xc7, 0xf8, 0xc7, 0xf8, 0xc7, 0xf8, 0xc7, 0xf8, 0xc7, 0xf8, 0xc7, 0xf8, 0xc7, 0xf8, 0xc7, 0xf8, 0xc7, 0xf8, 0xc7, 0xf8, 0xc7, 0xf8, 0xc7, 0xf8, 0xc7, 0xf8, 0xc7, 0xf8, 0xc7, 0xf8, 0xc7, 0xf8, 0xc7, 0xf8, 0xc7, 0xf8, 0xc7, 0xf8, 0xc7, 0xf8, 0xc7, 0xf8, 0xc7, 0xf8, 0xc7, 0xf8, 0xc7, 0xf8, 0xc7, 0xf8, 0xc7, 0xf8, 0xc7, 0xf8, 0xc7, 0xf8, 0xc7, 0xf8, 0xc7, 0xf8, 0xc7, 0xf8, 0xc7, 0xf8, 0xc7, 0xf8, 0xc7, 0xf8, 0xc7, 0xf8, 0xc7, 0xf8, 0xc7, 0xf8, 0xc7, 0xf8, 0xc7, 0xf8, 0xc7, 0xf8, 0xcf, 0xf8, 0xcf, 0xd8, 0xd7, 0xd8, 0xdf, 0x98, 0xdf, 0x78, 0xdf, 0x57, 0xe7, 0x38, 0xef, 0x18, 0xef, 0x18, 0xee, 0xf8, 0xef, 0x18, 0xef, 0x18, 0xef, 0x18, 0xef, 0x18, 0xe7, 0x18, 0xdf, 0x58, 0xd7, 0xb8, 0xcf, 0xf8, 0xc7, 0xf8, 0xc7, 0xf8, 0xcf, 0xf8, 0xcf, 0xf8, 0xc7, 0xf8, 0xc7, 0xf8, 0xc7, 0xf8, 0xc7, 0xf8, 0xc7, 0xf8, 0xc7, 0xf8, 0xc7, 0xf8, 0xc7, 0xf8, 0xc7, 0xf8, 0xc7, 0xf8, 0xc7, 0xf8, 0xc7, 0xf8, 0xc7, 0xf8, 0xc7, 0xf8, 0xc7, 0xf8, 0xc7, 0xf8, 0xc7, 0xf8, 0xc7, 0xf8, 0xc7, 0xf8, 0xc7, 0xf8, 0xc7, 0xf8, 0xc7, 0xf8, 0xc7, 0xf8, 0xc7, 0xf8, 0xc7, 0xf8, 0xc7, 0xf8, 
  0xc7, 0xf8, 0xc7, 0xf8, 0xc7, 0xf8, 0xc7, 0xf8, 0xc7, 0xf8, 0xc7, 0xf8, 0xc7, 0xf8, 0xc7, 0xf8, 0xc7, 0xf8, 0xc7, 0xf8, 0xc7, 0xf8, 0xc7, 0xf8, 0xc7, 0xf8, 0xc7, 0xf8, 0xc7, 0xf8, 0xc7, 0xf8, 0xc7, 0xf8, 0xc7, 0xf8, 0xc7, 0xf8, 0xc7, 0xf8, 0xc7, 0xf8, 0xc7, 0xf8, 0xc7, 0xf8, 0xc7, 0xf8, 0xc7, 0xf8, 0xc7, 0xf8, 0xc7, 0xf8, 0xc7, 0xf8, 0xc7, 0xf8, 0xc7, 0xf8, 0xc7, 0xf8, 0xc7, 0xf8, 0xc7, 0xf8, 0xc7, 0xf8, 0xc7, 0xf8, 0xc7, 0xf8, 0xc7, 0xf8, 0xc7, 0xf8, 0xc7, 0xf8, 0xc7, 0xf8, 0xc7, 0xf8, 0xcf, 0xf8, 0xcf, 0xf8, 0xd7, 0xd8, 0xd7, 0x98, 0xdf, 0x78, 0xdf, 0x57, 0xe7, 0x37, 0xe7, 0x18, 0xef, 0x18, 0xee, 0xf8, 0xee, 0xf8, 0xef, 0x18, 0xef, 0x18, 0xef, 0x18, 0xef, 0x18, 0xe7, 0x18, 0xdf, 0x58, 0xcf, 0xb8, 0xc7, 0xf8, 0xc7, 0xf8, 0xc7, 0xf8, 0xcf, 0xf8, 0xcf, 0xf8, 0xc7, 0xf8, 0xc7, 0xf8, 0xc7, 0xf8, 0xc7, 0xf8, 0xc7, 0xf8, 0xc7, 0xf8, 0xc7, 0xf8, 0xc7, 0xf8, 0xc7, 0xf8, 0xc7, 0xf8, 0xc7, 0xf8, 0xc7, 0xf8, 0xc7, 0xf8, 0xc7, 0xf8, 0xc7, 0xf8, 0xc7, 0xf8, 0xc7, 0xf8, 0xc7, 0xf8, 0xc7, 0xf8, 0xc7, 0xf8, 0xc7, 0xf8, 0xc7, 0xf8, 0xc7, 0xf8, 0xc7, 0xf8, 0xc7, 0xf8, 0xc7, 0xf8, 
  0xc7, 0xf8, 0xc7, 0xf8, 0xc7, 0xf8, 0xc7, 0xf8, 0xc7, 0xf8, 0xc7, 0xf8, 0xc7, 0xf8, 0xc7, 0xf8, 0xc7, 0xf8, 0xc7, 0xf8, 0xc7, 0xf8, 0xc7, 0xf8, 0xc7, 0xf8, 0xc7, 0xf8, 0xc7, 0xf8, 0xc7, 0xf8, 0xc7, 0xf8, 0xc7, 0xf8, 0xc7, 0xf8, 0xc7, 0xf8, 0xc7, 0xf8, 0xc7, 0xf8, 0xc7, 0xf8, 0xc7, 0xf8, 0xc7, 0xf8, 0xc7, 0xf8, 0xc7, 0xf8, 0xc7, 0xf8, 0xc7, 0xf8, 0xc7, 0xf8, 0xc7, 0xf8, 0xc7, 0xf8, 0xc7, 0xf8, 0xc7, 0xf8, 0xc7, 0xf8, 0xc7, 0xf8, 0xc7, 0xf8, 0xc7, 0xf8, 0xc7, 0xf8, 0xc7, 0xf8, 0xc7, 0xf8, 0xcf, 0xf8, 0xd7, 0xf8, 0xd7, 0xb8, 0xdf, 0x78, 0xdf, 0x57, 0xe7, 0x37, 0xe7, 0x17, 0xef, 0x18, 0xee, 0xf8, 0xee, 0xf8, 0xee, 0xf8, 0xe7, 0x18, 0xe7, 0x18, 0xef, 0x18, 0xef, 0x18, 0xe7, 0x18, 0xdf, 0x58, 0xcf, 0xb8, 0xc7, 0xf8, 0xc7, 0xf8, 0xc7, 0xf8, 0xcf, 0xf8, 0xcf, 0xf8, 0xc7, 0xf8, 0xc7, 0xf8, 0xc7, 0xf8, 0xc7, 0xf8, 0xc7, 0xf8, 0xc7, 0xf8, 0xc7, 0xf8, 0xc7, 0xf8, 0xc7, 0xf8, 0xc7, 0xf8, 0xc7, 0xf8, 0xc7, 0xf8, 0xc7, 0xf8, 0xc7, 0xf8, 0xc7, 0xf8, 0xc7, 0xf8, 0xc7, 0xf8, 0xc7, 0xf8, 0xc7, 0xf8, 0xc7, 0xf8, 0xc7, 0xf8, 0xc7, 0xf8, 0xc7, 0xf8, 0xc7, 0xf8, 0xc7, 0xf8, 0xc7, 0xf8, 
  0xc7, 0xf8, 0xc7, 0xf8, 0xc7, 0xf8, 0xc7, 0xf8, 0xc7, 0xf8, 0xc7, 0xf8, 0xc7, 0xf8, 0xc7, 0xf8, 0xc7, 0xf8, 0xc7, 0xf8, 0xc7, 0xf8, 0xc7, 0xf8, 0xc7, 0xf8, 0xc7, 0xf8, 0xc7, 0xf8, 0xc7, 0xf8, 0xc7, 0xf8, 0xc7, 0xf8, 0xc7, 0xf8, 0xc7, 0xf8, 0xc7, 0xf8, 0xc7, 0xf8, 0xc7, 0xf8, 0xc7, 0xf8, 0xc7, 0xf8, 0xc7, 0xf8, 0xc7, 0xf8, 0xc7, 0xf8, 0xc7, 0xf8, 0xc7, 0xf8, 0xc7, 0xf8, 0xc7, 0xf8, 0xc7, 0xf8, 0xc7, 0xf8, 0xc7, 0xf8, 0xc7, 0xf8, 0xc7, 0xf8, 0xc7, 0xf8, 0xc7, 0xf8, 0xc7, 0xf8, 0xc7, 0xf8, 0xcf, 0xf8, 0xd7, 0xd8, 0xd7, 0x98, 0xdf, 0x58, 0xe7, 0x37, 0xe7, 0x17, 0xef, 0x17, 0xef, 0x17, 0xee, 0xf7, 0xee, 0xf8, 0xef, 0x18, 0xe7, 0x38, 0xe7, 0x38, 0xef, 0x18, 0xee, 0xf8, 0xee, 0xf7, 0xe7, 0x37, 0xcf, 0x98, 0xc7, 0xf8, 0xc7, 0xf8, 0xc7, 0xf8, 0xcf, 0xf8, 0xcf, 0xf8, 0xc7, 0xf8, 0xc7, 0xf8, 0xc7, 0xf8, 0xc7, 0xf8, 0xc7, 0xf8, 0xc7, 0xf8, 0xc7, 0xf8, 0xc7, 0xf8, 0xc7, 0xf8, 0xc7, 0xf8, 0xc7, 0xf8, 0xc7, 0xf8, 0xc7, 0xf8, 0xc7, 0xf8, 0xc7, 0xf8, 0xc7, 0xf8, 0xc7, 0xf8, 0xc7, 0xf8, 0xc7, 0xf8, 0xc7, 0xf8, 0xc7, 0xf8, 0xc7, 0xf8, 0xc7, 0xf8, 0xc7, 0xf8, 0xc7, 0xf8, 0xc7, 0xf8, 
  0xc7, 0xf8, 0xc7, 0xf8, 0xc7, 0xf8, 0xc7, 0xf8, 0xc7, 0xf8, 0xc7, 0xf8, 0xc7, 0xf8, 0xc7, 0xf8, 0xc7, 0xf8, 0xc7, 0xf8, 0xc7, 0xf8, 0xc7, 0xf8, 0xc7, 0xf8, 0xc7, 0xf8, 0xc7, 0xf8, 0xc7, 0xf8, 0xc7, 0xf8, 0xc7, 0xf8, 0xc7, 0xf8, 0xc7, 0xf8, 0xc7, 0xf8, 0xc7, 0xf8, 0xc7, 0xf8, 0xc7, 0xf8, 0xc7, 0xf8, 0xc7, 0xf8, 0xc7, 0xf8, 0xc7, 0xf8, 0xc7, 0xf8, 0xc7, 0xf8, 0xc7, 0xf8, 0xc7, 0xf8, 0xc7, 0xf8, 0xc7, 0xf8, 0xc7, 0xf8, 0xc7, 0xf8, 0xc7, 0xf8, 0xc7, 0xf8, 0xc7, 0xf8, 0xc7, 0xf8, 0xcf, 0xf8, 0xcf, 0xf8, 0xd7, 0xb8, 0xd7, 0x78, 0xdf, 0x37, 0xe7, 0x37, 0xef, 0x17, 0xee, 0xf7, 0xef, 0x17, 0xef, 0x17, 0xee, 0xf7, 0xef, 0x17, 0xe7, 0x37, 0xe7, 0x17, 0xee, 0xf7, 0xee, 0xf7, 0xee, 0xf7, 0xe7, 0x17, 0xd7, 0x98, 0xcf, 0xf8, 0xc7, 0xf8, 0xc7, 0xf8, 0xc7, 0xf8, 0xc7, 0xf8, 0xc7, 0xf8, 0xc7, 0xf8, 0xc7, 0xf8, 0xc7, 0xf8, 0xc7, 0xf8, 0xc7, 0xf8, 0xc7, 0xf8, 0xc7, 0xf8, 0xc7, 0xf8, 0xc7, 0xf8, 0xc7, 0xf8, 0xc7, 0xf8, 0xc7, 0xf8, 0xc7, 0xf8, 0xc7, 0xf8, 0xc7, 0xf8, 0xc7, 0xf8, 0xc7, 0xf8, 0xc7, 0xf8, 0xc7, 0xf8, 0xc7, 0xf8, 0xc7, 0xf8, 0xc7, 0xf8, 0xc7, 0xf8, 0xc7, 0xf8, 0xc7, 0xf8, 
  0xc7, 0xf8, 0xc7, 0xf8, 0xc7, 0xf8, 0xc7, 0xf8, 0xc7, 0xf8, 0xc7, 0xf8, 0xc7, 0xf8, 0xc7, 0xf8, 0xc7, 0xf8, 0xc7, 0xf8, 0xc7, 0xf8, 0xc7, 0xf8, 0xc7, 0xf8, 0xc7, 0xf8, 0xc7, 0xf8, 0xc7, 0xf8, 0xc7, 0xf8, 0xc7, 0xf8, 0xc7, 0xf8, 0xc7, 0xf8, 0xc7, 0xf8, 0xc7, 0xf8, 0xc7, 0xf8, 0xc7, 0xf8, 0xc7, 0xf8, 0xc7, 0xf8, 0xc7, 0xf8, 0xc7, 0xf8, 0xc7, 0xf8, 0xc7, 0xf8, 0xc7, 0xf8, 0xc7, 0xf8, 0xc7, 0xf8, 0xc7, 0xf8, 0xc7, 0xf8, 0xc7, 0xf8, 0xc7, 0xf8, 0xc7, 0xf8, 0xc7, 0xf8, 0xc7, 0xf8, 0xcf, 0xf8, 0xcf, 0xd8, 0xd7, 0xb8, 0xd7, 0x57, 0xdf, 0x17, 0xe7, 0x17, 0xee, 0xf7, 0xee, 0xf7, 0xee, 0xf7, 0xe7, 0x17, 0xee, 0xf7, 0xe7, 0x17, 0xdf, 0x37, 0xe7, 0x17, 0xee, 0xf7, 0xf6, 0xd7, 0xf6, 0xd7, 0xe7, 0x17, 0xd7, 0x78, 0xcf, 0xf8, 0xc7, 0xf8, 0xc7, 0xf8, 0xc7, 0xf8, 0xc7, 0xf8, 0xc7, 0xf8, 0xc7, 0xf8, 0xc7, 0xf8, 0xc7, 0xf8, 0xc7, 0xf8, 0xc7, 0xf8, 0xc7, 0xf8, 0xc7, 0xf8, 0xc7, 0xf8, 0xc7, 0xf8, 0xc7, 0xf8, 0xc7, 0xf8, 0xc7, 0xf8, 0xc7, 0xf8, 0xc7, 0xf8, 0xc7, 0xf8, 0xc7, 0xf8, 0xc7, 0xf8, 0xc7, 0xf8, 0xc7, 0xf8, 0xc7, 0xf8, 0xc7, 0xf8, 0xc7, 0xf8, 0xc7, 0xf8, 0xc7, 0xf8, 0xc7, 0xf8, 
  0xc7, 0xf8, 0xc7, 0xf8, 0xc7, 0xf8, 0xc7, 0xf8, 0xc7, 0xf8, 0xc7, 0xf8, 0xc7, 0xf8, 0xc7, 0xf8, 0xc7, 0xf8, 0xc7, 0xf8, 0xc7, 0xf8, 0xc7, 0xf8, 0xc7, 0xf8, 0xc7, 0xf8, 0xc7, 0xf8, 0xc7, 0xf8, 0xc7, 0xf8, 0xc7, 0xf8, 0xc7, 0xf8, 0xc7, 0xf8, 0xc7, 0xf8, 0xc7, 0xf8, 0xc7, 0xf8, 0xc7, 0xf8, 0xc7, 0xf8, 0xc7, 0xf8, 0xc7, 0xf8, 0xc7, 0xf8, 0xc7, 0xf8, 0xc7, 0xf8, 0xc7, 0xf8, 0xc7, 0xf8, 0xc7, 0xf8, 0xc7, 0xf8, 0xc7, 0xf8, 0xc7, 0xf8, 0xc7, 0xf8, 0xc7, 0xf8, 0xc7, 0xf8, 0xc7, 0xf8, 0xcf, 0xf8, 0xd7, 0xd8, 0xd7, 0x98, 0xd7, 0x37, 0xdf, 0x17, 0xe6, 0xf7, 0xee, 0xf7, 0xee, 0xd7, 0xe6, 0xf7, 0xe6, 0xf7, 0xe6, 0xf7, 0xe7, 0x17, 0xe7, 0x17, 0xe7, 0x17, 0xee, 0xf7, 0xf6, 0xd7, 0xf6, 0xd7, 0xee, 0xf7, 0xdf, 0x78, 0xd7, 0xd8, 0xcf, 0xf8, 0xc7, 0xf8, 0xc7, 0xf8, 0xc7, 0xf8, 0xc7, 0xf8, 0xc7, 0xf8, 0xc7, 0xf8, 0xc7, 0xf8, 0xc7, 0xf8, 0xc7, 0xf8, 0xc7, 0xf8, 0xc7, 0xf8, 0xc7, 0xf8, 0xc7, 0xf8, 0xc7, 0xf8, 0xc7, 0xf8, 0xc7, 0xf8, 0xc7, 0xf8, 0xc7, 0xf8, 0xc7, 0xf8, 0xc7, 0xf8, 0xc7, 0xf8, 0xc7, 0xf8, 0xc7, 0xf8, 0xc7, 0xf8, 0xc7, 0xf8, 0xc7, 0xf8, 0xc7, 0xf8, 0xc7, 0xf8, 0xc7, 0xf8, 
  0xc7, 0xf8, 0xc7, 0xf8, 0xc7, 0xf8, 0xc7, 0xf8, 0xc7, 0xf8, 0xc7, 0xf8, 0xc7, 0xf8, 0xc7, 0xf8, 0xc7, 0xf8, 0xc7, 0xf8, 0xc7, 0xf8, 0xc7, 0xf8, 0xc7, 0xf8, 0xc7, 0xf8, 0xc7, 0xf8, 0xc7, 0xf8, 0xc7, 0xf8, 0xc7, 0xf8, 0xc7, 0xf8, 0xc7, 0xf8, 0xc7, 0xf8, 0xc7, 0xf8, 0xc7, 0xf8, 0xc7, 0xf8, 0xc7, 0xf8, 0xc7, 0xf8, 0xc7, 0xf8, 0xc7, 0xf8, 0xc7, 0xf8, 0xc7, 0xf8, 0xc7, 0xf8, 0xc7, 0xf8, 0xc7, 0xf8, 0xc7, 0xf8, 0xc7, 0xf8, 0xc7, 0xf8, 0xc7, 0xf8, 0xc7, 0xf8, 0xc7, 0xf8, 0xc7, 0xf8, 0xd7, 0xf9, 0xd7, 0xb8, 0xd7, 0x57, 0xdf, 0x17, 0xe6, 0xf7, 0xee, 0xf7, 0xee, 0xf7, 0xee, 0xf7, 0xee, 0xf7, 0xee, 0xf7, 0xe7, 0x17, 0xe7, 0x17, 0xe7, 0x17, 0xe7, 0x17, 0xee, 0xf7, 0xee, 0xf7, 0xee, 0xf7, 0xe6, 0xf7, 0xdf, 0x37, 0xdf, 0x98, 0xd7, 0xd8, 0xcf, 0xf8, 0xc7, 0xf8, 0xbf, 0xf8, 0xc7, 0xf8, 0xc7, 0xf8, 0xc7, 0xf8, 0xc7, 0xf8, 0xc7, 0xf8, 0xc7, 0xf8, 0xc7, 0xf8, 0xc7, 0xf8, 0xc7, 0xf8, 0xc7, 0xf8, 0xc7, 0xf8, 0xc7, 0xf8, 0xc7, 0xf8, 0xc7, 0xf8, 0xc7, 0xf8, 0xc7, 0xf8, 0xc7, 0xf8, 0xc7, 0xf8, 0xc7, 0xf8, 0xc7, 0xf8, 0xc7, 0xf8, 0xc7, 0xf8, 0xc7, 0xf8, 0xc7, 0xf8, 0xc7, 0xf8, 0xc7, 0xf8, 
  0xc7, 0xf8, 0xc7, 0xf8, 0xc7, 0xf8, 0xc7, 0xf8, 0xc7, 0xf8, 0xc7, 0xf8, 0xc7, 0xf8, 0xc7, 0xf8, 0xc7, 0xf8, 0xc7, 0xf8, 0xc7, 0xf8, 0xc7, 0xf8, 0xc7, 0xf8, 0xc7, 0xf8, 0xc7, 0xf8, 0xc7, 0xf8, 0xc7, 0xf8, 0xc7, 0xf8, 0xc7, 0xf8, 0xc7, 0xf8, 0xc7, 0xf8, 0xc7, 0xf8, 0xc7, 0xf8, 0xc7, 0xf8, 0xc7, 0xf8, 0xc7, 0xf8, 0xc7, 0xf8, 0xc7, 0xf8, 0xc7, 0xf8, 0xc7, 0xf8, 0xc7, 0xf8, 0xc7, 0xf8, 0xc7, 0xf8, 0xc7, 0xf8, 0xc7, 0xf8, 0xc7, 0xf8, 0xc7, 0xf8, 0xc7, 0xf8, 0xc7, 0xf8, 0xcf, 0xf8, 0xcf, 0xf8, 0xd7, 0xb8, 0xdf, 0x57, 0xdf, 0x17, 0xe6, 0xf7, 0xee, 0xf7, 0xee, 0xf7, 0xee, 0xf7, 0xee, 0xf7, 0xee, 0xf7, 0xe6, 0xf7, 0xe6, 0xf7, 0xe6, 0xf7, 0xe6, 0xf7, 0xe6, 0xf7, 0xee, 0xf7, 0xe6, 0xf7, 0xe6, 0xf7, 0xe7, 0x17, 0xdf, 0x78, 0xd7, 0xb8, 0xcf, 0xf8, 0xc7, 0xf8, 0xbf, 0xf8, 0xc7, 0xf8, 0xc7, 0xf8, 0xc7, 0xf8, 0xc7, 0xf8, 0xc7, 0xf8, 0xc7, 0xf8, 0xc7, 0xf8, 0xc7, 0xf8, 0xc7, 0xf8, 0xc7, 0xf8, 0xc7, 0xf8, 0xc7, 0xf8, 0xc7, 0xf8, 0xc7, 0xf8, 0xc7, 0xf8, 0xc7, 0xf8, 0xc7, 0xf8, 0xc7, 0xf8, 0xc7, 0xf8, 0xc7, 0xf8, 0xc7, 0xf8, 0xc7, 0xf8, 0xc7, 0xf8, 0xc7, 0xf8, 0xc7, 0xf8, 0xc7, 0xf8, 
  0xc7, 0xf8, 0xc7, 0xf8, 0xc7, 0xf8, 0xc7, 0xf8, 0xc7, 0xf8, 0xc7, 0xf8, 0xc7, 0xf8, 0xc7, 0xf8, 0xc7, 0xf8, 0xc7, 0xf8, 0xc7, 0xf8, 0xc7, 0xf8, 0xc7, 0xf8, 0xc7, 0xf8, 0xc7, 0xf8, 0xc7, 0xf8, 0xc7, 0xf8, 0xc7, 0xf8, 0xc7, 0xf8, 0xc7, 0xf8, 0xc7, 0xf8, 0xc7, 0xf8, 0xc7, 0xf8, 0xc7, 0xf8, 0xc7, 0xf8, 0xc7, 0xf8, 0xc7, 0xf8, 0xc7, 0xf8, 0xc7, 0xf8, 0xc7, 0xf8, 0xc7, 0xf8, 0xc7, 0xf8, 0xc7, 0xf8, 0xc7, 0xf8, 0xc7, 0xf8, 0xc7, 0xf8, 0xc7, 0xf8, 0xc7, 0xf8, 0xc7, 0xf8, 0xc7, 0xf8, 0xcf, 0xd8, 0xd7, 0x98, 0xdf, 0x37, 0xe7, 0x17, 0xe6, 0xf7, 0xee, 0xf7, 0xee, 0xf7, 0xee, 0xf7, 0xee, 0xf7, 0xee, 0xf7, 0xe6, 0xf7, 0xe6, 0xf7, 0xe6, 0xf7, 0xe6, 0xf7, 0xe6, 0xf7, 0xee, 0xf7, 0xee, 0xf7, 0xe6, 0xf7, 0xe7, 0x17, 0xdf, 0x58, 0xdf, 0xb8, 0xd7, 0xf8, 0xc7, 0xf8, 0xc7, 0xf8, 0xc7, 0xf8, 0xc7, 0xf8, 0xc7, 0xf8, 0xc7, 0xf8, 0xc7, 0xf8, 0xc7, 0xf8, 0xc7, 0xf8, 0xc7, 0xf8, 0xc7, 0xf8, 0xc7, 0xf8, 0xc7, 0xf8, 0xc7, 0xf8, 0xc7, 0xf8, 0xc7, 0xf8, 0xc7, 0xf8, 0xc7, 0xf8, 0xc7, 0xf8, 0xc7, 0xf8, 0xc7, 0xf8, 0xc7, 0xf8, 0xc7, 0xf8, 0xc7, 0xf8, 0xc7, 0xf8, 0xc7, 0xf8, 0xc7, 0xf8, 0xc7, 0xf8, 
  0xc7, 0xf8, 0xc7, 0xf8, 0xc7, 0xf8, 0xc7, 0xf8, 0xc7, 0xf8, 0xc7, 0xf8, 0xc7, 0xf8, 0xc7, 0xf8, 0xc7, 0xf8, 0xc7, 0xf8, 0xc7, 0xf8, 0xc7, 0xf8, 0xc7, 0xf8, 0xc7, 0xf8, 0xc7, 0xf8, 0xc7, 0xf8, 0xc7, 0xf8, 0xc7, 0xf8, 0xc7, 0xf8, 0xc7, 0xf8, 0xc7, 0xf8, 0xc7, 0xf8, 0xc7, 0xf8, 0xc7, 0xf8, 0xc7, 0xf8, 0xc7, 0xf8, 0xc7, 0xf8, 0xc7, 0xf8, 0xc7, 0xf8, 0xc7, 0xf8, 0xc7, 0xf8, 0xc7, 0xf8, 0xc7, 0xf8, 0xc7, 0xf8, 0xc7, 0xf8, 0xc7, 0xf8, 0xc7, 0xf8, 0xc7, 0xf8, 0xc7, 0xf8, 0xcf, 0xf8, 0xcf, 0xd8, 0xd7, 0x98, 0xdf, 0x37, 0xe7, 0x17, 0xe6, 0xf7, 0xee, 0xf7, 0xee, 0xd6, 0xee, 0xd6, 0xee, 0xd6, 0xee, 0xd6, 0xe6, 0xf7, 0xe6, 0xf7, 0xe6, 0xf7, 0xe6, 0xf7, 0xe6, 0xf7, 0xee, 0xf7, 0xee, 0xf7, 0xe6, 0xf7, 0xe6, 0xf7, 0xdf, 0x37, 0xdf, 0x98, 0xd7, 0xd8, 0xcf, 0xf8, 0xc7, 0xf8, 0xc7, 0xf8, 0xc7, 0xf8, 0xc7, 0xf8, 0xc7, 0xf8, 0xc7, 0xf8, 0xc7, 0xf8, 0xc7, 0xf8, 0xc7, 0xf8, 0xc7, 0xf8, 0xc7, 0xf8, 0xc7, 0xf8, 0xc7, 0xf8, 0xc7, 0xf8, 0xc7, 0xf8, 0xc7, 0xf8, 0xc7, 0xf8, 0xc7, 0xf8, 0xc7, 0xf8, 0xc7, 0xf8, 0xc7, 0xf8, 0xc7, 0xf8, 0xc7, 0xf8, 0xc7, 0xf8, 0xc7, 0xf8, 0xc7, 0xf8, 0xc7, 0xf8, 
  0xc7, 0xf8, 0xc7, 0xf8, 0xc7, 0xf8, 0xc7, 0xf8, 0xc7, 0xf8, 0xc7, 0xf8, 0xc7, 0xf8, 0xc7, 0xf8, 0xc7, 0xf8, 0xc7, 0xf8, 0xc7, 0xf8, 0xc7, 0xf8, 0xc7, 0xf8, 0xc7, 0xf8, 0xc7, 0xf8, 0xc7, 0xf8, 0xc7, 0xf8, 0xc7, 0xf8, 0xc7, 0xf8, 0xc7, 0xf8, 0xc7, 0xf8, 0xc7, 0xf8, 0xc7, 0xf8, 0xc7, 0xf8, 0xc7, 0xf8, 0xc7, 0xf8, 0xc7, 0xf8, 0xc7, 0xf8, 0xc7, 0xf8, 0xc7, 0xf8, 0xc7, 0xf8, 0xc7, 0xf8, 0xc7, 0xf8, 0xc7, 0xf8, 0xc7, 0xf9, 0xcf, 0xf9, 0xcf, 0xf9, 0xcf, 0xf9, 0xcf, 0xf9, 0xcf, 0xf9, 0xcf, 0xb8, 0xd7, 0x77, 0xdf, 0x17, 0xe6, 0xf7, 0xee, 0xf7, 0xee, 0xd6, 0xee, 0xd6, 0xee, 0xd6, 0xee, 0xd6, 0xee, 0xd6, 0xe6, 0xf6, 0xe6, 0xf6, 0xe6, 0xf7, 0xe6, 0xf7, 0xee, 0xf7, 0xee, 0xf7, 0xee, 0xd7, 0xe6, 0xd7, 0xe6, 0xf7, 0xdf, 0x17, 0xdf, 0x77, 0xd7, 0xb8, 0xcf, 0xd8, 0xc7, 0xf8, 0xc7, 0xf8, 0xc7, 0xf8, 0xc7, 0xf8, 0xc7, 0xf8, 0xc7, 0xf8, 0xc7, 0xf8, 0xc7, 0xf8, 0xc7, 0xf8, 0xc7, 0xf8, 0xc7, 0xf8, 0xc7, 0xf8, 0xc7, 0xf8, 0xc7, 0xf8, 0xc7, 0xf8, 0xc7, 0xf8, 0xc7, 0xf8, 0xc7, 0xf8, 0xc7, 0xf8, 0xc7, 0xf8, 0xc7, 0xf8, 0xc7, 0xf8, 0xc7, 0xf8, 0xc7, 0xf8, 0xc7, 0xf8, 0xc7, 0xf8, 0xc7, 0xf8, 
  0xc7, 0xf8, 0xc7, 0xf8, 0xc7, 0xf8, 0xc7, 0xf8, 0xc7, 0xf8, 0xc7, 0xf8, 0xc7, 0xf8, 0xc7, 0xf8, 0xc7, 0xf8, 0xc7, 0xf8, 0xc7, 0xf8, 0xc7, 0xf8, 0xc7, 0xf8, 0xc7, 0xf8, 0xc7, 0xf8, 0xc7, 0xf8, 0xc7, 0xf8, 0xc7, 0xf8, 0xc7, 0xf8, 0xc7, 0xf8, 0xc7, 0xf8, 0xc7, 0xf8, 0xc7, 0xf8, 0xc7, 0xf8, 0xc7, 0xf8, 0xc7, 0xf8, 0xc7, 0xf8, 0xcf, 0xf8, 0xcf, 0xf9, 0xcf, 0xf9, 0xcf, 0xf9, 0xcf, 0xf9, 0xc7, 0xf9, 0xc7, 0xf9, 0xcf, 0xf9, 0xcf, 0xf9, 0xcf, 0xf9, 0xcf, 0xf9, 0xcf, 0xf9, 0xcf, 0xd9, 0xd7, 0x98, 0xd7, 0x57, 0xde, 0xf7, 0xe6, 0xf7, 0xe6, 0xd7, 0xee, 0xd6, 0xe6, 0xd6, 0xee, 0xd6, 0xe6, 0xd6, 0xee, 0xd6, 0xe6, 0xf6, 0xe6, 0xf6, 0xe6, 0xf6, 0xe6, 0xf6, 0xee, 0xd7, 0xee, 0xd7, 0xee, 0xd7, 0xee, 0xf7, 0xe6, 0xf7, 0xdf, 0x17, 0xdf, 0x57, 0xd7, 0x98, 0xd7, 0xd8, 0xcf, 0xf8, 0xc7, 0xf8, 0xc7, 0xf8, 0xc7, 0xf8, 0xc7, 0xf8, 0xc7, 0xf8, 0xc7, 0xf8, 0xc7, 0xf8, 0xc7, 0xf8, 0xc7, 0xf8, 0xc7, 0xf8, 0xc7, 0xf8, 0xc7, 0xf8, 0xc7, 0xf8, 0xc7, 0xf8, 0xc7, 0xf8, 0xc7, 0xf8, 0xc7, 0xf8, 0xc7, 0xf8, 0xc7, 0xf8, 0xc7, 0xf8, 0xc7, 0xf8, 0xc7, 0xf8, 0xc7, 0xf8, 0xc7, 0xf8, 0xc7, 0xf8, 0xc7, 0xf8, 
  0xc7, 0xf8, 0xc7, 0xf8, 0xc7, 0xf8, 0xc7, 0xf8, 0xc7, 0xf8, 0xc7, 0xf8, 0xc7, 0xf8, 0xc7, 0xf8, 0xc7, 0xf8, 0xc7, 0xf8, 0xc7, 0xf8, 0xc7, 0xf8, 0xc7, 0xf8, 0xc7, 0xf8, 0xc7, 0xf8, 0xc7, 0xf8, 0xc7, 0xf8, 0xc7, 0xf8, 0xc7, 0xf8, 0xc7, 0xf8, 0xc7, 0xf8, 0xc7, 0xf8, 0xc7, 0xf8, 0xc7, 0xf8, 0xc7, 0xf8, 0xc7, 0xf8, 0xcf, 0xf9, 0xcf, 0xf9, 0xcf, 0xf9, 0xcf, 0xfa, 0xd7, 0xfa, 0xd7, 0xfa, 0xcf, 0xfa, 0xcf, 0xda, 0xd7, 0xda, 0xd7, 0xda, 0xd7, 0xda, 0xd7, 0xda, 0xd7, 0xda, 0xd7, 0xda, 0xd7, 0xb9, 0xd7, 0x58, 0xde, 0xf7, 0xe6, 0xf7, 0xe6, 0xd7, 0xe6, 0xd7, 0xe6, 0xd6, 0xe6, 0xd7, 0xe6, 0xd6, 0xe6, 0xd6, 0xe6, 0xd6, 0xe6, 0xd6, 0xe6, 0xd6, 0xe6, 0xd6, 0xee, 0xd6, 0xee, 0xd6, 0xee, 0xd7, 0xee, 0xd7, 0xe6, 0xf6, 0xde, 0xf6, 0xdf, 0x37, 0xdf, 0x77, 0xdf, 0xb8, 0xd7, 0xf8, 0xc7, 0xf8, 0xc7, 0xf8, 0xc7, 0xf8, 0xc7, 0xf8, 0xc7, 0xf8, 0xc7, 0xf8, 0xc7, 0xf8, 0xc7, 0xf8, 0xc7, 0xf8, 0xc7, 0xf8, 0xc7, 0xf8, 0xc7, 0xf8, 0xc7, 0xf8, 0xc7, 0xf8, 0xc7, 0xf8, 0xc7, 0xf8, 0xc7, 0xf8, 0xc7, 0xf8, 0xc7, 0xf8, 0xc7, 0xf8, 0xc7, 0xf8, 0xc7, 0xf8, 0xc7, 0xf8, 0xc7, 0xf8, 0xc7, 0xf8, 0xc7, 0xf8, 
  0xc7, 0xf8, 0xc7, 0xf8, 0xc7, 0xf8, 0xc7, 0xf8, 0xc7, 0xf8, 0xc7, 0xf8, 0xc7, 0xf8, 0xc7, 0xf8, 0xc7, 0xf8, 0xc7, 0xf8, 0xc7, 0xf8, 0xc7, 0xf8, 0xc7, 0xf8, 0xc7, 0xf8, 0xc7, 0xf8, 0xc7, 0xf8, 0xc7, 0xf8, 0xc7, 0xf8, 0xc7, 0xf8, 0xc7, 0xf8, 0xc7, 0xf8, 0xc7, 0xf8, 0xc7, 0xf8, 0xc7, 0xf8, 0xc7, 0xf8, 0xcf, 0xf9, 0xcf, 0xd9, 0xd7, 0xda, 0xd7, 0xda, 0xd7, 0xda, 0xd7, 0xdb, 0xd7, 0xdb, 0xd7, 0xdb, 0xdf, 0xdb, 0xdf, 0xdb, 0xdf, 0xdb, 0xdf, 0xdb, 0xdf, 0xdb, 0xdf, 0xdb, 0xdf, 0xdb, 0xdf, 0xba, 0xdf, 0x59, 0xdf, 0x18, 0xe6, 0xf8, 0xe6, 0xd7, 0xe6, 0xb7, 0xe6, 0xb7, 0xe6, 0xd7, 0xe6, 0xd7, 0xe6, 0xd6, 0xe6, 0xd6, 0xe6, 0xd6, 0xe6, 0xd6, 0xe6, 0xd6, 0xe6, 0xd6, 0xee, 0xd6, 0xee, 0xd6, 0xee, 0xd6, 0xe6, 0xd6, 0xde, 0xd6, 0xde, 0xf6, 0xdf, 0x37, 0xdf, 0x98, 0xd7, 0xb8, 0xcf, 0xf8, 0xc7, 0xf8, 0xc7, 0xf8, 0xc7, 0xf8, 0xc7, 0xf8, 0xc7, 0xf8, 0xc7, 0xf8, 0xc7, 0xf8, 0xc7, 0xf8, 0xc7, 0xf8, 0xc7, 0xf8, 0xc7, 0xf8, 0xc7, 0xf8, 0xc7, 0xf8, 0xc7, 0xf8, 0xc7, 0xf8, 0xc7, 0xf8, 0xc7, 0xf8, 0xc7, 0xf8, 0xc7, 0xf8, 0xc7, 0xf8, 0xc7, 0xf8, 0xc7, 0xf8, 0xc7, 0xf8, 0xc7, 0xf8, 0xc7, 0xf8, 
  0xc7, 0xf8, 0xc7, 0xf8, 0xc7, 0xf8, 0xc7, 0xf8, 0xc7, 0xf8, 0xc7, 0xf8, 0xc7, 0xf8, 0xc7, 0xf8, 0xc7, 0xf8, 0xc7, 0xf8, 0xc7, 0xf8, 0xc7, 0xf8, 0xc7, 0xf8, 0xc7, 0xf8, 0xc7, 0xf8, 0xc7, 0xf8, 0xc7, 0xf8, 0xc7, 0xf8, 0xc7, 0xf8, 0xc7, 0xf8, 0xc7, 0xf8, 0xc7, 0xf8, 0xc7, 0xf8, 0xcf, 0xd8, 0xcf, 0xd9, 0xcf, 0xd9, 0xd7, 0xda, 0xdf, 0xdb, 0xdf, 0xdb, 0xdf, 0xdc, 0xe7, 0xdc, 0xe7, 0xbc, 0xe7, 0xdc, 0xe7, 0xdc, 0xe7, 0xbc, 0xe7, 0xbc, 0xe7, 0xdc, 0xe7, 0xdc, 0xe7, 0xdc, 0xe7, 0xdc, 0xe7, 0xbb, 0xef, 0x9b, 0xef, 0x5a, 0xef, 0x3a, 0xef, 0x19, 0xee, 0xf8, 0xe6, 0xd8, 0xde, 0xb7, 0xe6, 0xb7, 0xe6, 0xd7, 0xe6, 0xf7, 0xe6, 0xd6, 0xe6, 0xb6, 0xe6, 0xd6, 0xee, 0xd6, 0xe6, 0xb6, 0xee, 0xb6, 0xee, 0xd6, 0xe6, 0xd6, 0xe6, 0xf6, 0xde, 0xf6, 0xd6, 0xf6, 0xdf, 0x37, 0xd7, 0x98, 0xd7, 0xf8, 0xcf, 0xf8, 0xc7, 0xf8, 0xc7, 0xf8, 0xc7, 0xf8, 0xc7, 0xf8, 0xc7, 0xf8, 0xc7, 0xf8, 0xc7, 0xf8, 0xc7, 0xf8, 0xc7, 0xf8, 0xc7, 0xf8, 0xc7, 0xf8, 0xc7, 0xf8, 0xc7, 0xf8, 0xc7, 0xf8, 0xc7, 0xf8, 0xc7, 0xf8, 0xc7, 0xf8, 0xc7, 0xf8, 0xc7, 0xf8, 0xc7, 0xf8, 0xbf, 0xf8, 0xbf, 0xf8, 0xbf, 0xf8, 0xc7, 0xf8, 
  0xc7, 0xf8, 0xc7, 0xf8, 0xc7, 0xf8, 0xc7, 0xf8, 0xc7, 0xf8, 0xc7, 0xf8, 0xc7, 0xf8, 0xc7, 0xf8, 0xc7, 0xf8, 0xc7, 0xf8, 0xc7, 0xf8, 0xc7, 0xf8, 0xc7, 0xf8, 0xc7, 0xf8, 0xc7, 0xf8, 0xc7, 0xf8, 0xc7, 0xf8, 0xc7, 0xf8, 0xc7, 0xf8, 0xc7, 0xf8, 0xc7, 0xf8, 0xcf, 0xf8, 0xcf, 0xf9, 0xd7, 0xf9, 0xd7, 0xda, 0xd7, 0xda, 0xdf, 0xdb, 0xdf, 0xdc, 0xe7, 0xbc, 0xe7, 0xbc, 0xe7, 0xbc, 0xe7, 0x9c, 0xe7, 0xbc, 0xe7, 0xbc, 0xe7, 0x9c, 0xef, 0x9c, 0xe7, 0x9c, 0xe7, 0xbc, 0xe7, 0xbc, 0xe7, 0xbc, 0xe7, 0xbc, 0xef, 0x9b, 0xef, 0x7b, 0xf7, 0x5b, 0xf7, 0x3a, 0xf7, 0x3a, 0xef, 0x1a, 0xe7, 0x19, 0xe6, 0xd8, 0xe6, 0xb7, 0xde, 0xb6, 0xe6, 0xd7, 0xe6, 0xd7, 0xe6, 0xd6, 0xe6, 0xb6, 0xee, 0xd6, 0xee, 0xb6, 0xe6, 0xb6, 0xe6, 0xb6, 0xe6, 0xd6, 0xde, 0xd6, 0xde, 0xf6, 0xde, 0xf6, 0xd7, 0x37, 0xd7, 0xb8, 0xcf, 0xd8, 0xcf, 0xf8, 0xcf, 0xf8, 0xc7, 0xf8, 0xc7, 0xf8, 0xc7, 0xf8, 0xc7, 0xf8, 0xc7, 0xf8, 0xc7, 0xf8, 0xc7, 0xf8, 0xc7, 0xf8, 0xc7, 0xf8, 0xc7, 0xf8, 0xc7, 0xf8, 0xc7, 0xf8, 0xc7, 0xf8, 0xc7, 0xf8, 0xc7, 0xf8, 0xc7, 0xf8, 0xc7, 0xf8, 0xc7, 0xf8, 0xc7, 0xf8, 0xbf, 0xf8, 0xc7, 0xf8, 0xc7, 0xf8, 
  0xc7, 0xf8, 0xc7, 0xf8, 0xc7, 0xf8, 0xc7, 0xf8, 0xc7, 0xf8, 0xc7, 0xf8, 0xc7, 0xf8, 0xc7, 0xf8, 0xc7, 0xf8, 0xc7, 0xf8, 0xc7, 0xf8, 0xc7, 0xf8, 0xc7, 0xf8, 0xc7, 0xf8, 0xc7, 0xf8, 0xc7, 0xf8, 0xc7, 0xf8, 0xc7, 0xf8, 0xc7, 0xf8, 0xc7, 0xf8, 0xcf, 0xf8, 0xcf, 0xd9, 0xd7, 0xfa, 0xdf, 0xfb, 0xdf, 0xdb, 0xdf, 0xdc, 0xe7, 0xbc, 0xe7, 0xbc, 0xe7, 0xbd, 0xe7, 0x9d, 0xe7, 0x9d, 0xef, 0x9d, 0xef, 0x9d, 0xef, 0x9c, 0xef, 0x9c, 0xef, 0x9c, 0xef, 0x9c, 0xef, 0x9c, 0xe7, 0xbc, 0xe7, 0xbc, 0xe7, 0x9c, 0xef, 0x7c, 0xef, 0x5c, 0xf7, 0x5c, 0xf7, 0x5c, 0xf7, 0x5b, 0xef, 0x5b, 0xef, 0x5b, 0xef, 0x19, 0xe6, 0xd8, 0xde, 0x97, 0xe6, 0xb7, 0xe6, 0xd7, 0xe6, 0xd7, 0xe6, 0xb6, 0xe6, 0xd6, 0xe6, 0xb6, 0xe6, 0xb6, 0xe6, 0xb6, 0xe6, 0xd6, 0xe6, 0xd6, 0xe6, 0xf6, 0xde, 0xd6, 0xd6, 0xf6, 0xd7, 0x57, 0xcf, 0x97, 0xd7, 0xd8, 0xd7, 0xf8, 0xcf, 0xf8, 0xcf, 0xf8, 0xcf, 0xf8, 0xc7, 0xf8, 0xc7, 0xf8, 0xc7, 0xf8, 0xc7, 0xf8, 0xc7, 0xf8, 0xc7, 0xf8, 0xc7, 0xf8, 0xc7, 0xf8, 0xc7, 0xf8, 0xc7, 0xf8, 0xc7, 0xf8, 0xc7, 0xf8, 0xc7, 0xf8, 0xc7, 0xf8, 0xc7, 0xf8, 0xc7, 0xf8, 0xc7, 0xf8, 0xc7, 0xf8, 0xc7, 0xf8, 
  0xc7, 0xf8, 0xc7, 0xf8, 0xc7, 0xf8, 0xc7, 0xf8, 0xc7, 0xf8, 0xc7, 0xf8, 0xc7, 0xf8, 0xc7, 0xf8, 0xc7, 0xf8, 0xc7, 0xf8, 0xc7, 0xf8, 0xc7, 0xf8, 0xc7, 0xf8, 0xc7, 0xf8, 0xc7, 0xf8, 0xc7, 0xf8, 0xc7, 0xf8, 0xc7, 0xf8, 0xc7, 0xf8, 0xcf, 0xf9, 0xd7, 0xf9, 0xd7, 0xda, 0xdf, 0xfb, 0xdf, 0xdb, 0xe7, 0xdc, 0xe7, 0xbc, 0xe7, 0xbc, 0xef, 0x9d, 0xef, 0x9d, 0xef, 0x9d, 0xef, 0x9d, 0xef, 0x9d, 0xef, 0x9d, 0xef, 0x9d, 0xef, 0x9d, 0xef, 0x9d, 0xef, 0x9d, 0xef, 0x9d, 0xef, 0xbd, 0xef, 0xbd, 0xe7, 0x9c, 0xef, 0x7c, 0xef, 0x5c, 0xf7, 0x5c, 0xf7, 0x5c, 0xf7, 0x5c, 0xef, 0x5c, 0xef, 0x5b, 0xf7, 0x5b, 0xf7, 0x3a, 0xee, 0xf9, 0xde, 0xb7, 0xde, 0xb7, 0xe6, 0xd7, 0xe6, 0xd7, 0xe6, 0xb6, 0xe6, 0xd6, 0xe6, 0xb6, 0xe6, 0xb6, 0xe6, 0xd6, 0xe6, 0xd6, 0xe6, 0xf6, 0xe6, 0xd6, 0xde, 0xd6, 0xd6, 0xf6, 0xd7, 0x36, 0xd7, 0x77, 0xd7, 0xb8, 0xd7, 0xd8, 0xd7, 0xd8, 0xcf, 0xf8, 0xcf, 0xf8, 0xcf, 0xf8, 0xc7, 0xf8, 0xc7, 0xf8, 0xc7, 0xf8, 0xc7, 0xf8, 0xc7, 0xf8, 0xc7, 0xf8, 0xc7, 0xf8, 0xcf, 0xf8, 0xcf, 0xf8, 0xc7, 0xf8, 0xc7, 0xf8, 0xcf, 0xf8, 0xcf, 0xf8, 0xcf, 0xf8, 0xcf, 0xf8, 0xcf, 0xf8, 0xcf, 0xf8, 
  0xc7, 0xf8, 0xc7, 0xf8, 0xc7, 0xf8, 0xc7, 0xf8, 0xc7, 0xf8, 0xc7, 0xf8, 0xc7, 0xf8, 0xc7, 0xf8, 0xc7, 0xf8, 0xc7, 0xf8, 0xc7, 0xf8, 0xc7, 0xf8, 0xc7, 0xf8, 0xc7, 0xf8, 0xc7, 0xf8, 0xc7, 0xf8, 0xc7, 0xf8, 0xcf, 0xf9, 0xcf, 0xd9, 0xd7, 0xfa, 0xdf, 0xfb, 0xdf, 0xdb, 0xe7, 0xdc, 0xe7, 0xbc, 0xe7, 0xbc, 0xe7, 0x9d, 0xef, 0x9d, 0xef, 0x9d, 0xef, 0x9d, 0xef, 0x9d, 0xef, 0x9d, 0xef, 0x9d, 0xef, 0x9d, 0xef, 0xbd, 0xef, 0x9d, 0xef, 0x9d, 0xef, 0x9d, 0xef, 0x9d, 0xef, 0xbd, 0xef, 0xbd, 0xef, 0x9d, 0xef, 0x9d, 0xef, 0x5c, 0xf7, 0x3c, 0xf7, 0x5c, 0xf7, 0x5c, 0xef, 0x7c, 0xef, 0x5c, 0xf7, 0x5c, 0xf7, 0x7b, 0xf7, 0x5b, 0xe6, 0xf9, 0xe6, 0xb8, 0xe6, 0xb7, 0xe6, 0xb7, 0xe6, 0xb6, 0xe6, 0xb6, 0xe6, 0xb6, 0xe6, 0xb6, 0xe6, 0xb6, 0xe6, 0xb6, 0xe6, 0xd6, 0xe6, 0xd6, 0xde, 0xd6, 0xd6, 0xd6, 0xd6, 0xf6, 0xd7, 0x16, 0xdf, 0x57, 0xdf, 0x98, 0xdf, 0xb8, 0xd7, 0xd8, 0xd7, 0xf8, 0xcf, 0xf8, 0xcf, 0xf8, 0xc7, 0xf8, 0xc7, 0xf8, 0xc7, 0xf8, 0xc7, 0xf8, 0xc7, 0xf8, 0xc7, 0xf8, 0xcf, 0xf8, 0xcf, 0xf8, 0xcf, 0xd8, 0xcf, 0xd8, 0xcf, 0xf8, 0xd7, 0xd8, 0xd7, 0xd8, 0xd7, 0xd8, 0xcf, 0xb8, 0xd7, 0xd8, 
  0xc7, 0xf8, 0xc7, 0xf8, 0xc7, 0xf8, 0xc7, 0xf8, 0xc7, 0xf8, 0xc7, 0xf8, 0xc7, 0xf8, 0xc7, 0xf8, 0xc7, 0xf8, 0xc7, 0xf8, 0xc7, 0xf8, 0xc7, 0xf8, 0xc7, 0xf8, 0xc7, 0xf8, 0xc7, 0xf8, 0xc7, 0xf8, 0xcf, 0xf9, 0xcf, 0xd9, 0xd7, 0xda, 0xdf, 0xdb, 0xdf, 0xdc, 0xe7, 0xdc, 0xe7, 0xbc, 0xe7, 0x9c, 0xef, 0x9d, 0xef, 0x9d, 0xef, 0x9d, 0xef, 0x9d, 0xef, 0x9d, 0xef, 0x9d, 0xef, 0x9d, 0xe7, 0x9d, 0xe7, 0x9c, 0xe7, 0x9c, 0xef, 0x9c, 0xef, 0x9d, 0xef, 0x9d, 0xef, 0x9d, 0xe7, 0xbd, 0xe7, 0xbd, 0xef, 0xbd, 0xef, 0x7d, 0xef, 0x5c, 0xf7, 0x3c, 0xf7, 0x3c, 0xf7, 0x5c, 0xef, 0x5c, 0xef, 0x7c, 0xf7, 0x5c, 0xf7, 0x5b, 0xf7, 0x5b, 0xf7, 0x5b, 0xef, 0x1a, 0xe6, 0xb8, 0xde, 0xb7, 0xe6, 0xb6, 0xe6, 0xb6, 0xe6, 0xb6, 0xe6, 0xb6, 0xe6, 0xb6, 0xe6, 0xb6, 0xe6, 0xb6, 0xe6, 0xb6, 0xe6, 0xd6, 0xe6, 0xd6, 0xde, 0xd6, 0xde, 0xd6, 0xd6, 0xf6, 0xd7, 0x37, 0xd7, 0x77, 0xd7, 0x98, 0xd7, 0xb8, 0xd7, 0xf8, 0xcf, 0xf8, 0xcf, 0xf8, 0xcf, 0xf8, 0xcf, 0xf8, 0xcf, 0xf8, 0xcf, 0xf8, 0xcf, 0xf8, 0xcf, 0xf8, 0xcf, 0xf8, 0xd7, 0xf8, 0xd7, 0xf8, 0xd7, 0xd8, 0xd7, 0xb8, 0xd7, 0x97, 0xcf, 0x77, 0xd7, 0x77, 0xd7, 0xb8, 
  0xc7, 0xf8, 0xc7, 0xf8, 0xc7, 0xf8, 0xc7, 0xf8, 0xc7, 0xf8, 0xc7, 0xf8, 0xc7, 0xf8, 0xc7, 0xf8, 0xc7, 0xf8, 0xc7, 0xf8, 0xc7, 0xf8, 0xc7, 0xf8, 0xc7, 0xf8, 0xc7, 0xf8, 0xc7, 0xf8, 0xc7, 0xf8, 0xcf, 0xf9, 0xd7, 0xda, 0xdf, 0xdb, 0xdf, 0xdb, 0xe7, 0xdc, 0xe7, 0xbd, 0xef, 0x9d, 0xef, 0x9d, 0xef, 0x7d, 0xef, 0x7d, 0xef, 0x7d, 0xef, 0x9d, 0xef, 0x9d, 0xef, 0x9d, 0xe7, 0x9c, 0xe7, 0x9c, 0xe7, 0xbc, 0xe7, 0xbc, 0xe7, 0xbc, 0xe7, 0x9c, 0xe7, 0x9d, 0xe7, 0x9d, 0xe7, 0xbd, 0xe7, 0x9d, 0xe7, 0x9d, 0xef, 0x7d, 0xef, 0x5c, 0xf7, 0x3c, 0xf7, 0x3c, 0xf7, 0x5c, 0xef, 0x5c, 0xef, 0x5c, 0xef, 0x5c, 0xef, 0x3c, 0xef, 0x5c, 0xf7, 0x7c, 0xf7, 0x5b, 0xee, 0xf9, 0xe6, 0xd7, 0xe6, 0xb6, 0xde, 0x96, 0xe6, 0xb6, 0xe6, 0xb6, 0xe6, 0x95, 0xe6, 0x96, 0xe6, 0xb6, 0xe6, 0xb6, 0xe6, 0xb6, 0xe6, 0xb6, 0xe6, 0xb6, 0xde, 0xb6, 0xde, 0xb5, 0xd6, 0xd6, 0xd7, 0x16, 0xd7, 0x57, 0xd7, 0x77, 0xd7, 0xb8, 0xcf, 0xb8, 0xcf, 0xd8, 0xcf, 0xf8, 0xcf, 0xf8, 0xcf, 0xf8, 0xcf, 0xf8, 0xcf, 0xf8, 0xd7, 0xf8, 0xd7, 0xd8, 0xd7, 0xb8, 0xd7, 0xb8, 0xd7, 0x97, 0xd7, 0x57, 0xcf, 0x36, 0xcf, 0x16, 0xd7, 0x36, 0xdf, 0x77, 
  0xc7, 0xf8, 0xc7, 0xf8, 0xc7, 0xf8, 0xc7, 0xf8, 0xc7, 0xf8, 0xc7, 0xf8, 0xc7, 0xf8, 0xc7, 0xf8, 0xc7, 0xf8, 0xc7, 0xf8, 0xc7, 0xf8, 0xc7, 0xf8, 0xc7, 0xf8, 0xc7, 0xf8, 0xc7, 0xf8, 0xcf, 0xf9, 0xd7, 0xda, 0xdf, 0xdb, 0xdf, 0xdc, 0xe7, 0xdc, 0xe7, 0xbc, 0xe7, 0x9c, 0xef, 0x9d, 0xef, 0x9d, 0xef, 0x7d, 0xef, 0x7d, 0xef, 0x7d, 0xef, 0x9d, 0xef, 0x9d, 0xe7, 0x9d, 0xe7, 0x9c, 0xe7, 0xbc, 0xe7, 0xbc, 0xe7, 0xbc, 0xe7, 0xbc, 0xe7, 0x9c, 0xe7, 0x9c, 0xe7, 0x9d, 0xe7, 0xbd, 0xe7, 0x9d, 0xe7, 0x9d, 0xef, 0x7d, 0xef, 0x5d, 0xf7, 0x5d, 0xf7, 0x5c, 0xf7, 0x5d, 0xf7, 0x5c, 0xef, 0x5c, 0xef, 0x5c, 0xf7, 0x5c, 0xef, 0x5c, 0xef, 0x5c, 0xf7, 0x5b, 0xf7, 0x5b, 0xee, 0xf9, 0xde, 0x97, 0xde, 0xb6, 0xe6, 0xb6, 0xe6, 0xb6, 0xe6, 0xb5, 0xe6, 0xb6, 0xe6, 0xb6, 0xe6, 0xb6, 0xe6, 0x95, 0xe6, 0x95, 0xe6, 0x96, 0xe6, 0xb6, 0xe6, 0xb5, 0xde, 0xb5, 0xd6, 0xb5, 0xd6, 0xd5, 0xd6, 0xf5, 0xcf, 0x16, 0xcf, 0x36, 0xd7, 0x77, 0xd7, 0x97, 0xd7, 0x98, 0xd7, 0xb8, 0xd7, 0xb8, 0xd7, 0xb8, 0xd7, 0x77, 0xd7, 0x57, 0xd7, 0x36, 0xd7, 0x16, 0xd6, 0xf6, 0xd6, 0xf6, 0xce, 0xd5, 0xce, 0xd5, 0xcf, 0x16, 0xdf, 0x77, 
  0xc7, 0xf8, 0xc7, 0xf8, 0xc7, 0xf8, 0xc7, 0xf8, 0xc7, 0xf8, 0xc7, 0xf8, 0xc7, 0xf8, 0xc7, 0xf8, 0xc7, 0xf8, 0xc7, 0xf8, 0xc7, 0xf8, 0xc7, 0xf8, 0xc7, 0xf9, 0xcf, 0xf9, 0xcf, 0xf9, 0xcf, 0xda, 0xdf, 0xdb, 0xe7, 0xbc, 0xe7, 0xbc, 0xe7, 0xbc, 0xe7, 0x9c, 0xef, 0x9d, 0xef, 0x9d, 0xef, 0x9d, 0xef, 0x9d, 0xef, 0x9d, 0xef, 0x9d, 0xef, 0x9d, 0xef, 0x9d, 0xef, 0x9d, 0xef, 0x9d, 0xef, 0x9d, 0xe7, 0x9c, 0xe7, 0x9c, 0xe7, 0x9c, 0xe7, 0xbd, 0xe7, 0xbd, 0xe7, 0xbd, 0xe7, 0xbd, 0xef, 0xbd, 0xef, 0x9d, 0xef, 0x9d, 0xef, 0x7c, 0xef, 0x5c, 0xef, 0x5c, 0xef, 0x5c, 0xef, 0x5c, 0xef, 0x5c, 0xef, 0x5c, 0xef, 0x5c, 0xef, 0x3c, 0xef, 0x5c, 0xf7, 0x5c, 0xf7, 0x7c, 0xef, 0x3b, 0xe7, 0x19, 0xde, 0xb7, 0xde, 0xb6, 0xe6, 0xb6, 0xe6, 0xb6, 0xe6, 0xb6, 0xe6, 0xb5, 0xe6, 0xb6, 0xe6, 0x95, 0xe6, 0xb5, 0xe6, 0xb6, 0xe6, 0xb5, 0xe6, 0x95, 0xe6, 0xb5, 0xe6, 0xd5, 0xe6, 0xd5, 0xde, 0xb5, 0xde, 0xb5, 0xde, 0xb5, 0xde, 0xb5, 0xd6, 0xb6, 0xd6, 0xd6, 0xd6, 0xd6, 0xd6, 0xd5, 0xd6, 0xb5, 0xd6, 0xd5, 0xd6, 0xd6, 0xde, 0xd6, 0xde, 0xb5, 0xde, 0xb5, 0xde, 0xb6, 0xde, 0xd6, 0xd6, 0xd5, 0xd7, 0x57, 0xdf, 0x98, 
  0xc7, 0xf8, 0xc7, 0xf8, 0xc7, 0xf8, 0xc7, 0xf8, 0xc7, 0xf8, 0xc7, 0xf8, 0xc7, 0xf8, 0xc7, 0xf8, 0xc7, 0xf8, 0xc7, 0xf8, 0xc7, 0xf8, 0xc7, 0xf8, 0xcf, 0xf9, 0xcf, 0xf9, 0xcf, 0xfa, 0xd7, 0xda, 0xe7, 0xbc, 0xef, 0x9c, 0xef, 0x9c, 0xef, 0x9c, 0xef, 0x9c, 0xef, 0x9d, 0xef, 0x9d, 0xef, 0x9d, 0xef, 0x9d, 0xef, 0x9d, 0xef, 0x9d, 0xef, 0x9d, 0xef, 0x9d, 0xef, 0x9d, 0xef, 0x9d, 0xef, 0x9d, 0xef, 0x9d, 0xef, 0x9d, 0xe7, 0x9d, 0xe7, 0x9d, 0xe7, 0xbd, 0xe7, 0xbd, 0xe7, 0xbd, 0xef, 0x9d, 0xef, 0x9d, 0xef, 0x9d, 0xef, 0x7c, 0xef, 0x7c, 0xef, 0x5c, 0xef, 0x5c, 0xef, 0x5c, 0xef, 0x5c, 0xef, 0x5c, 0xef, 0x5c, 0xef, 0x5c, 0xef, 0x5c, 0xef, 0x5d, 0xef, 0x5c, 0xef, 0x5c, 0xef, 0x3a, 0xde, 0xb8, 0xde, 0x96, 0xde, 0x96, 0xe6, 0xb6, 0xe6, 0xb6, 0xe6, 0xb5, 0xe6, 0x95, 0xe6, 0xb6, 0xe6, 0x95, 0xe6, 0xb5, 0xe6, 0xb5, 0xe6, 0xb5, 0xe6, 0xb5, 0xe6, 0xb5, 0xe6, 0x95, 0xe6, 0x75, 0xe6, 0x95, 0xe6, 0x95, 0xe6, 0x96, 0xe6, 0x96, 0xe6, 0xb6, 0xe6, 0xb6, 0xe6, 0xb6, 0xde, 0xb6, 0xde, 0xb6, 0xde, 0xb6, 0xe6, 0xb6, 0xe6, 0x96, 0xee, 0x96, 0xe6, 0xb6, 0xde, 0xb6, 0xd6, 0xd5, 0xdf, 0x77, 0xdf, 0xb8, 
  0xc7, 0xf8, 0xc7, 0xf8, 0xc7, 0xf8, 0xc7, 0xf8, 0xc7, 0xf8, 0xc7, 0xf8, 0xc7, 0xf8, 0xc7, 0xf8, 0xc7, 0xf8, 0xc7, 0xf8, 0xc7, 0xf8, 0xc7, 0xf8, 0xcf, 0xf9, 0xcf, 0xf9, 0xd7, 0xfa, 0xdf, 0xdb, 0xe7, 0xbc, 0xef, 0x9d, 0xef, 0x9d, 0xef, 0x9d, 0xef, 0x9d, 0xef, 0x9d, 0xef, 0x9d, 0xef, 0x9d, 0xef, 0x9d, 0xef, 0x9d, 0xef, 0x9d, 0xef, 0x9d, 0xef, 0x9d, 0xef, 0x9d, 0xef, 0x9d, 0xef, 0x9d, 0xe7, 0x9c, 0xef, 0x9d, 0xe7, 0x9d, 0xe7, 0x9d, 0xe7, 0x9d, 0xe7, 0x9d, 0xe7, 0xbd, 0xef, 0x9d, 0xef, 0x9d, 0xef, 0x9d, 0xef, 0x7c, 0xef, 0x7c, 0xef, 0x5c, 0xef, 0x5c, 0xef, 0x5c, 0xef, 0x5c, 0xef, 0x5c, 0xef, 0x5c, 0xef, 0x5c, 0xef, 0x3c, 0xef, 0x3c, 0xef, 0x5c, 0xf7, 0x5c, 0xf7, 0x5b, 0xef, 0x19, 0xe6, 0xb7, 0xde, 0x96, 0xe6, 0xb6, 0xe6, 0xb6, 0xe6, 0x96, 0xe6, 0x96, 0xe6, 0xb6, 0xe6, 0xd7, 0xe6, 0xb6, 0xe6, 0x96, 0xe6, 0x95, 0xe6, 0x95, 0xe6, 0x95, 0xe6, 0x95, 0xe6, 0xb5, 0xe6, 0x95, 0xe6, 0x96, 0xe6, 0x96, 0xe6, 0x96, 0xe6, 0xb6, 0xe6, 0xb6, 0xe6, 0xb6, 0xe6, 0xb5, 0xe6, 0xb5, 0xde, 0x95, 0xe6, 0x95, 0xe6, 0x96, 0xe6, 0x96, 0xe6, 0xb6, 0xde, 0xb5, 0xd6, 0xd5, 0xd7, 0x98, 0xd7, 0xd8, 
  0xc7, 0xf8, 0xc7, 0xf8, 0xc7, 0xf8, 0xc7, 0xf8, 0xc7, 0xf8, 0xc7, 0xf8, 0xc7, 0xf8, 0xc7, 0xf8, 0xc7, 0xf8, 0xc7, 0xf8, 0xc7, 0xf8, 0xcf, 0xf9, 0xcf, 0xd9, 0xd7, 0xda, 0xd7, 0xda, 0xdf, 0xdb, 0xe7, 0xbc, 0xef, 0x9d, 0xef, 0x9d, 0xef, 0x9d, 0xef, 0x9d, 0xef, 0x9d, 0xef, 0x9d, 0xef, 0x9d, 0xef, 0x9d, 0xef, 0x9d, 0xef, 0x9d, 0xef, 0x9d, 0xef, 0x9d, 0xef, 0x9d, 0xef, 0x9d, 0xef, 0x9d, 0xe7, 0x9c, 0xe7, 0x9c, 0xe7, 0x9d, 0xe7, 0x9d, 0xe7, 0x9d, 0xe7, 0x9d, 0xe7, 0x9d, 0xe7, 0x9d, 0xef, 0x9d, 0xef, 0x9d, 0xef, 0x7c, 0xef, 0x7c, 0xef, 0x5c, 0xef, 0x5c, 0xef, 0x5c, 0xef, 0x5c, 0xef, 0x3c, 0xef, 0x5c, 0xef, 0x5c, 0xef, 0x3c, 0xef, 0x3c, 0xef, 0x3c, 0xf7, 0x5c, 0xf7, 0x5c, 0xf7, 0x7b, 0xe6, 0xf8, 0xde, 0x96, 0xde, 0x96, 0xde, 0x96, 0xde, 0x96, 0xde, 0x96, 0xe6, 0x96, 0xde, 0x76, 0xde, 0x76, 0xe6, 0x96, 0xe6, 0xb6, 0xe6, 0xb6, 0xe6, 0x95, 0xe6, 0x95, 0xe6, 0x95, 0xe6, 0x96, 0xe6, 0x96, 0xe6, 0x96, 0xe6, 0x96, 0xe6, 0x95, 0xe6, 0x95, 0xe6, 0x95, 0xe6, 0x95, 0xe6, 0x95, 0xde, 0x75, 0xe6, 0x75, 0xe6, 0x95, 0xe6, 0x95, 0xde, 0x95, 0xd6, 0xd6, 0xd7, 0x36, 0xd7, 0xb8, 0xcf, 0xd8, 
  0xc7, 0xf8, 0xc7, 0xf8, 0xc7, 0xf8, 0xc7, 0xf8, 0xc7, 0xf8, 0xc7, 0xf8, 0xc7, 0xf8, 0xc7, 0xf8, 0xc7, 0xf8, 0xc7, 0xf8, 0xc7, 0xf8, 0xcf, 0xf9, 0xd7, 0xd9, 0xd7, 0xda, 0xdf, 0xdb, 0xe7, 0xdc, 0xe7, 0xbc, 0xef, 0x9d, 0xef, 0x9d, 0xef, 0x9d, 0xef, 0x9d, 0xef, 0x9d, 0xe7, 0x9c, 0xe7, 0x9c, 0xef, 0x9d, 0xef, 0x9d, 0xef, 0x9d, 0xef, 0x9d, 0xef, 0x9d, 0xef, 0x9d, 0xef, 0x9d, 0xef, 0x9d, 0xe7, 0x9c, 0xef, 0x9d, 0xef, 0x9d, 0xe7, 0x9d, 0xe7, 0x9d, 0xe7, 0x9d, 0xe7, 0x9d, 0xef, 0x9d, 0xef, 0x9d, 0xef, 0x9d, 0xef, 0x9d, 0xef, 0x7c, 0xef, 0x7c, 0xef, 0x7c, 0xef, 0x5c, 0xef, 0x5c, 0xef, 0x5c, 0xef, 0x5c, 0xef, 0x5c, 0xef, 0x3c, 0xef, 0x3c, 0xef, 0x5c, 0xef, 0x5c, 0xef, 0x5b, 0xf7, 0x5b, 0xef, 0x19, 0xde, 0xb8, 0xde, 0x96, 0xde, 0x96, 0xe6, 0xb7, 0xe6, 0xb7, 0xde, 0x97, 0xde, 0x97, 0xde, 0x97, 0xde, 0x96, 0xde, 0x96, 0xde, 0x96, 0xde, 0x96, 0xde, 0x95, 0xe6, 0xb6, 0xe6, 0x96, 0xe6, 0x96, 0xe6, 0x96, 0xe6, 0x95, 0xe6, 0x95, 0xe6, 0x95, 0xe6, 0x75, 0xe6, 0x75, 0xe6, 0x95, 0xe6, 0x95, 0xe6, 0x95, 0xe6, 0x95, 0xde, 0x95, 0xde, 0xb5, 0xdf, 0x16, 0xdf, 0x77, 0xd7, 0xd8, 0xcf, 0xf8, 
  0xc7, 0xf8, 0xc7, 0xf8, 0xc7, 0xf8, 0xc7, 0xf8, 0xc7, 0xf8, 0xc7, 0xf8, 0xc7, 0xf8, 0xc7, 0xf8, 0xc7, 0xf8, 0xc7, 0xf8, 0xcf, 0xf9, 0xcf, 0xd9, 0xd7, 0xda, 0xdf, 0xdb, 0xe7, 0xdb, 0xe7, 0xbc, 0xe7, 0x9d, 0xef, 0x9d, 0xef, 0x9d, 0xef, 0x9d, 0xef, 0x9d, 0xef, 0x9d, 0xef, 0x9d, 0xef, 0x9d, 0xef, 0x9d, 0xef, 0x9d, 0xef, 0x9d, 0xef, 0x9d, 0xef, 0x9d, 0xef, 0x9d, 0xef, 0x9c, 0xef, 0x9c, 0xef, 0x9d, 0xef, 0x9d, 0xef, 0x9d, 0xef, 0x9d, 0xe7, 0x9d, 0xe7, 0x9d, 0xef, 0x9d, 0xef, 0x9d, 0xef, 0x9d, 0xef, 0x9d, 0xef, 0x9d, 0xef, 0x9d, 0xef, 0x7c, 0xef, 0x7c, 0xef, 0x5c, 0xef, 0x5c, 0xef, 0x5c, 0xef, 0x5c, 0xef, 0x3c, 0xef, 0x3c, 0xef, 0x5c, 0xf7, 0x5c, 0xef, 0x5c, 0xef, 0x3b, 0xf7, 0x5b, 0xef, 0x5b, 0xef, 0x1a, 0xe6, 0xf9, 0xef, 0x19, 0xef, 0x3a, 0xef, 0x1a, 0xee, 0xf9, 0xf7, 0x3a, 0xee, 0xf9, 0xe6, 0xd8, 0xe6, 0xb8, 0xde, 0x97, 0xde, 0x96, 0xde, 0x96, 0xde, 0xb6, 0xde, 0x96, 0xde, 0x96, 0xe6, 0x76, 0xe6, 0x75, 0xe6, 0x95, 0xe6, 0x95, 0xe6, 0x95, 0xe6, 0x95, 0xe6, 0x95, 0xe6, 0x95, 0xe6, 0x95, 0xde, 0x95, 0xde, 0x95, 0xd6, 0xd6, 0xd7, 0x57, 0xd7, 0xb8, 0xcf, 0xf8, 0xcf, 0xf8, 
  0xc7, 0xf8, 0xc7, 0xf8, 0xc7, 0xf8, 0xc7, 0xf8, 0xc7, 0xf8, 0xc7, 0xf8, 0xc7, 0xf8, 0xc7, 0xf8, 0xc7, 0xf8, 0xc7, 0xf8, 0xcf, 0xd9, 0xcf, 0xd9, 0xdf, 0xda, 0xe7, 0xdb, 0xe7, 0xbc, 0xe7, 0x9c, 0xef, 0x9d, 0xef, 0x9d, 0xef, 0x9d, 0xef, 0x9d, 0xef, 0x9d, 0xef, 0x9d, 0xef, 0x9d, 0xef, 0x9d, 0xef, 0x9d, 0xef, 0x9d, 0xef, 0x9d, 0xef, 0x9d, 0xef, 0x9d, 0xef, 0x9c, 0xef, 0x9c, 0xef, 0x9c, 0xef, 0x9c, 0xef, 0x9d, 0xef, 0x9d, 0xef, 0x9d, 0xef, 0x9d, 0xef, 0x9d, 0xef, 0x9d, 0xef, 0x9d, 0xef, 0x9d, 0xef, 0x9d, 0xef, 0x9d, 0xef, 0x9d, 0xef, 0x9d, 0xef, 0x7c, 0xef, 0x7c, 0xef, 0x5c, 0xef, 0x5c, 0xef, 0x5c, 0xef, 0x5c, 0xef, 0x3c, 0xef, 0x5c, 0xf7, 0x5c, 0xf7, 0x5c, 0xef, 0x5c, 0xf7, 0x5c, 0xf7, 0x5c, 0xf7, 0x5b, 0xf7, 0x5b, 0xf7, 0x5b, 0xf7, 0x7b, 0xf7, 0x7b, 0xf7, 0x5b, 0xef, 0x3b, 0xf7, 0x5b, 0xf7, 0x5b, 0xf7, 0x5b, 0xf7, 0x5a, 0xef, 0x19, 0xde, 0xd7, 0xd6, 0x76, 0xde, 0x96, 0xde, 0x96, 0xde, 0x76, 0xe6, 0x76, 0xe6, 0x75, 0xe6, 0x75, 0xe6, 0x75, 0xe6, 0x75, 0xe6, 0x75, 0xe6, 0x75, 0xde, 0x95, 0xde, 0x95, 0xd6, 0xb5, 0xd7, 0x16, 0xd7, 0x97, 0xd7, 0xd8, 0xcf, 0xf8, 0xc7, 0xf8, 
  0xc7, 0xf8, 0xc7, 0xf8, 0xc7, 0xf8, 0xc7, 0xf8, 0xc7, 0xf8, 0xc7, 0xf8, 0xc7, 0xf8, 0xc7, 0xf8, 0xc7, 0xf8, 0xc7, 0xf8, 0xcf, 0xd9, 0xd7, 0xda, 0xdf, 0xdb, 0xe7, 0xdc, 0xef, 0xbc, 0xef, 0x9d, 0xef, 0x9d, 0xef, 0x9d, 0xef, 0x9d, 0xef, 0x9d, 0xef, 0x9d, 0xef, 0x9d, 0xef, 0x9d, 0xef, 0xbd, 0xef, 0x9d, 0xef, 0x9d, 0xef, 0x9d, 0xef, 0x9d, 0xef, 0x9d, 0xef, 0x9d, 0xef, 0x9d, 0xef, 0x9d, 0xef, 0x9d, 0xef, 0x9d, 0xef, 0x9d, 0xef, 0x9d, 0xef, 0x9d, 0xef, 0x9d, 0xef, 0x9d, 0xef, 0x9d, 0xef, 0x9d, 0xef, 0x9d, 0xef, 0x9d, 0xef, 0x9d, 0xef, 0x9d, 0xef, 0x7c, 0xef, 0x7c, 0xef, 0x5c, 0xef, 0x5c, 0xf7, 0x5c, 0xf7, 0x5c, 0xef, 0x5c, 0xef, 0x3c, 0xf7, 0x5c, 0xf7, 0x5c, 0xf7, 0x5c, 0xef, 0x5c, 0xef, 0x3b, 0xef, 0x5c, 0xf7, 0x5c, 0xf7, 0x5c, 0xef, 0x3b, 0xef, 0x5b, 0xf7, 0x5c, 0xf7, 0x5c, 0xf7, 0x5c, 0xf7, 0x5c, 0xf7, 0x5b, 0xf7, 0x5b, 0xf7, 0x7b, 0xef, 0x5a, 0xef, 0x39, 0xde, 0x97, 0xde, 0x97, 0xde, 0x76, 0xde, 0x76, 0xe6, 0x75, 0xe6, 0x75, 0xe6, 0x74, 0xe6, 0x74, 0xe6, 0x75, 0xde, 0x95, 0xde, 0x95, 0xd6, 0x95, 0xd6, 0xf6, 0xd7, 0x57, 0xd7, 0xd8, 0xcf, 0xf8, 0xc7, 0xf8, 0xc7, 0xf8, 
  0xc7, 0xf8, 0xc7, 0xf8, 0xc7, 0xf8, 0xc7, 0xf8, 0xc7, 0xf8, 0xc7, 0xf8, 0xc7, 0xf8, 0xc7, 0xf8, 0xc7, 0xf8, 0xc7, 0xf8, 0xcf, 0xd9, 0xd7, 0xda, 0xe7, 0xdb, 0xe7, 0xbc, 0xef, 0x9d, 0xef, 0x9d, 0xef, 0x9d, 0xef, 0x9d, 0xef, 0x9d, 0xef, 0x9d, 0xef, 0x9d, 0xef, 0x9d, 0xef, 0x9d, 0xef, 0x9d, 0xef, 0x9d, 0xef, 0x9d, 0xef, 0x9d, 0xef, 0x9d, 0xef, 0x9d, 0xef, 0x9d, 0xef, 0x9d, 0xef, 0x9d, 0xef, 0x9d, 0xef, 0x9d, 0xef, 0x9d, 0xef, 0x9d, 0xef, 0x9d, 0xef, 0x9d, 0xef, 0x9d, 0xef, 0x9d, 0xef, 0x9d, 0xef, 0x9d, 0xef, 0x9d, 0xef, 0x9d, 0xef, 0x9d, 0xef, 0x9d, 0xef, 0x7c, 0xef, 0x7c, 0xef, 0x5c, 0xef, 0x5c, 0xef, 0x5c, 0xef, 0x5c, 0xef, 0x5c, 0xef, 0x5c, 0xef, 0x5c, 0xef, 0x5c, 0xef, 0x5c, 0xef, 0x5c, 0xef, 0x5c, 0xef, 0x5c, 0xef, 0x5c, 0xef, 0x5c, 0xef, 0x5c, 0xef, 0x5c, 0xf7, 0x5c, 0xf7, 0x3c, 0xf7, 0x5c, 0xef, 0x5c, 0xef, 0x5b, 0xef, 0x5b, 0xef, 0x5b, 0xf7, 0x5b, 0xef, 0x3a, 0xe6, 0xf9, 0xde, 0x77, 0xde, 0x55, 0xe6, 0x96, 0xe6, 0x75, 0xde, 0x54, 0xe6, 0x75, 0xe6, 0x95, 0xde, 0x95, 0xd6, 0x74, 0xce, 0xb5, 0xd7, 0x57, 0xdf, 0xd8, 0xd7, 0xf9, 0xc7, 0xf8, 0xc7, 0xf8, 0xc7, 0xf8, 
  0xc7, 0xf8, 0xc7, 0xf8, 0xc7, 0xf8, 0xc7, 0xf8, 0xc7, 0xf8, 0xc7, 0xf8, 0xc7, 0xf8, 0xc7, 0xf8, 0xc7, 0xf8, 0xcf, 0xf9, 0xcf, 0xd9, 0xdf, 0xda, 0xe7, 0xdc, 0xef, 0xbc, 0xef, 0x9d, 0xef, 0x9d, 0xef, 0x9d, 0xef, 0x9d, 0xef, 0x9d, 0xef, 0x9d, 0xef, 0x9d, 0xef, 0x9d, 0xef, 0x9d, 0xef, 0x9d, 0xef, 0x9d, 0xef, 0x9d, 0xef, 0x9d, 0xef, 0x9d, 0xef, 0x9d, 0xef, 0x9d, 0xef, 0x9d, 0xef, 0x9d, 0xef, 0x9d, 0xef, 0x9d, 0xef, 0x9d, 0xef, 0x9d, 0xef, 0x9d, 0xef, 0x9d, 0xef, 0x9d, 0xef, 0x9d, 0xef, 0x9d, 0xef, 0x9d, 0xef, 0x9d, 0xef, 0x9d, 0xef, 0x9d, 0xef, 0x9d, 0xef, 0x7c, 0xef, 0x7d, 0xef, 0x5c, 0xef, 0x5c, 0xef, 0x5c, 0xef, 0x5c, 0xef, 0x5c, 0xef, 0x5c, 0xef, 0x5c, 0xef, 0x5c, 0xef, 0x5c, 0xef, 0x5c, 0xef, 0x5c, 0xef, 0x5c, 0xef, 0x5c, 0xef, 0x5c, 0xef, 0x5c, 0xef, 0x5c, 0xef, 0x5c, 0xf7, 0x3c, 0xef, 0x5c, 0xef, 0x5c, 0xef, 0x5c, 0xef, 0x5b, 0xef, 0x5b, 0xef, 0x5b, 0xf7, 0x5b, 0xef, 0x3a, 0xee, 0xf9, 0xe6, 0xb7, 0xde, 0x76, 0xde, 0x75, 0xe6, 0x75, 0xde, 0x74, 0xde, 0x95, 0xd6, 0x95, 0xd6, 0xb5, 0xd7, 0x37, 0xd7, 0x98, 0xd7, 0xd8, 0xcf, 0xd8, 0xc7, 0xf8, 0xc7, 0xf8, 0xbf, 0xf8, 
  0xc7, 0xf8, 0xc7, 0xf8, 0xc7, 0xf8, 0xc7, 0xf8, 0xc7, 0xf8, 0xc7, 0xf8, 0xc7, 0xf8, 0xc7, 0xf8, 0xc7, 0xf9, 0xcf, 0xd9, 0xcf, 0xd9, 0xdf, 0xdb, 0xe7, 0xdc, 0xef, 0xbd, 0xef, 0x9d, 0xef, 0x7d, 0xef, 0x9d, 0xef, 0x9d, 0xef, 0x9d, 0xef, 0x9d, 0xef, 0x9d, 0xef, 0x9d, 0xef, 0x9d, 0xef, 0x9d, 0xef, 0x9d, 0xef, 0x9d, 0xef, 0x9d, 0xef, 0x9d, 0xef, 0x9d, 0xef, 0x9d, 0xef, 0x9d, 0xef, 0x9d, 0xef, 0x9d, 0xef, 0x9d, 0xef, 0x9d, 0xef, 0x9d, 0xef, 0x9d, 0xef, 0x9d, 0xef, 0x9d, 0xef, 0x9d, 0xef, 0x9d, 0xef, 0x9d, 0xef, 0x9d, 0xef, 0x9d, 0xef, 0x9d, 0xef, 0x9d, 0xef, 0x9d, 0xef, 0x9d, 0xef, 0x7d, 0xef, 0x5c, 0xef, 0x5c, 0xef, 0x5c, 0xef, 0x5c, 0xef, 0x5c, 0xef, 0x5c, 0xef, 0x5c, 0xef, 0x5c, 0xef, 0x5c, 0xef, 0x5c, 0xef, 0x5d, 0xef, 0x5c, 0xef, 0x5c, 0xef, 0x5c, 0xef, 0x5c, 0xef, 0x5c, 0xef, 0x5c, 0xef, 0x5c, 0xef, 0x5c, 0xef, 0x5c, 0xef, 0x5c, 0xef, 0x5c, 0xef, 0x5c, 0xf7, 0x5c, 0xef, 0x3b, 0xf7, 0x5b, 0xef, 0x19, 0xde, 0x97, 0xde, 0x76, 0xde, 0x96, 0xd6, 0x75, 0xce, 0x74, 0xce, 0xb5, 0xd7, 0x36, 0xdf, 0xb8, 0xd7, 0xd8, 0xcf, 0xd8, 0xc7, 0xf8, 0xc7, 0xf8, 0xc7, 0xf8, 0xbf, 0xf8, 
  0xc7, 0xf8, 0xc7, 0xf8, 0xc7, 0xf8, 0xc7, 0xf8, 0xc7, 0xf8, 0xc7, 0xf8, 0xc7, 0xf8, 0xc7, 0xf8, 0xc7, 0xf8, 0xcf, 0xd9, 0xd7, 0xda, 0xdf, 0xdb, 0xe7, 0xdc, 0xef, 0xbd, 0xef, 0x9d, 0xef, 0x7d, 0xef, 0x9d, 0xef, 0x9d, 0xef, 0x9d, 0xef, 0x9d, 0xef, 0x9d, 0xef, 0x9d, 0xef, 0x9d, 0xef, 0x9d, 0xef, 0x9d, 0xef, 0x9d, 0xef, 0x9d, 0xef, 0x9d, 0xef, 0x9d, 0xef, 0x9d, 0xef, 0x9d, 0xef, 0x9d, 0xef, 0x9d, 0xef, 0x9d, 0xef, 0x9d, 0xef, 0x9d, 0xef, 0x9d, 0xef, 0x9d, 0xef, 0x9d, 0xef, 0x9d, 0xef, 0x9d, 0xef, 0x9d, 0xef, 0x9d, 0xef, 0x9d, 0xef, 0x9d, 0xef, 0x9d, 0xef, 0x9d, 0xef, 0x9d, 0xef, 0x7d, 0xef, 0x7d, 0xef, 0x7c, 0xef, 0x7c, 0xef, 0x7c, 0xef, 0x5c, 0xef, 0x5c, 0xef, 0x5c, 0xef, 0x5c, 0xef, 0x5c, 0xef, 0x5d, 0xef, 0x5d, 0xef, 0x5d, 0xef, 0x5c, 0xef, 0x5c, 0xef, 0x5c, 0xef, 0x5c, 0xef, 0x5c, 0xef, 0x5c, 0xef, 0x5c, 0xef, 0x5c, 0xef, 0x5c, 0xef, 0x5c, 0xef, 0x5c, 0xf7, 0x5c, 0xef, 0x3b, 0xef, 0x5b, 0xf7, 0x7b, 0xe7, 0x19, 0xd6, 0x96, 0xd6, 0x75, 0xd6, 0x95, 0xc6, 0xb5, 0xcf, 0x36, 0xd7, 0x98, 0xd7, 0xd8, 0xcf, 0xf8, 0xcf, 0xf8, 0xc7, 0xf8, 0xc7, 0xf8, 0xc7, 0xf8, 0xc7, 0xf8, 
  0xc7, 0xf8, 0xc7, 0xf8, 0xc7, 0xf8, 0xc7, 0xf8, 0xc7, 0xf8, 0xc7, 0xf8, 0xc7, 0xf8, 0xc7, 0xf8, 0xcf, 0xf8, 0xcf, 0xd9, 0xd7, 0xda, 0xdf, 0xdb, 0xe7, 0xdc, 0xef, 0x9d, 0xef, 0x9d, 0xef, 0x7e, 0xef, 0x9d, 0xef, 0x9d, 0xef, 0x9d, 0xef, 0x9d, 0xef, 0x9d, 0xef, 0x9d, 0xef, 0x9d, 0xef, 0x9d, 0xef, 0x9d, 0xef, 0x9d, 0xef, 0x9d, 0xef, 0x9d, 0xef, 0x9d, 0xef, 0x9d, 0xef, 0x9d, 0xef, 0x9d, 0xef, 0x9d, 0xef, 0x9d, 0xef, 0x9d, 0xef, 0x9d, 0xef, 0x9d, 0xef, 0x9d, 0xef, 0x9d, 0xef, 0x9d, 0xef, 0x9d, 0xef, 0x9d, 0xef, 0x9d, 0xef, 0x9d, 0xef, 0x9d, 0xef, 0xbd, 0xef, 0xbd, 0xef, 0x9d, 0xef, 0x9d, 0xef, 0x9d, 0xef, 0x7d, 0xef, 0x7c, 0xef, 0x7c, 0xef, 0x7c, 0xef, 0x5c, 0xef, 0x5c, 0xef, 0x5c, 0xef, 0x5c, 0xef, 0x5d, 0xef, 0x5d, 0xef, 0x5d, 0xef, 0x5c, 0xef, 0x5c, 0xef, 0x5c, 0xef, 0x5c, 0xef, 0x5c, 0xef, 0x5c, 0xef, 0x5c, 0xef, 0x5c, 0xef, 0x5c, 0xef, 0x5c, 0xef, 0x5c, 0xf7, 0x5c, 0xef, 0x5c, 0xef, 0x5c, 0xf7, 0x7c, 0xef, 0x7b, 0xde, 0xd8, 0xce, 0x76, 0xce, 0xb6, 0xd7, 0x57, 0xd7, 0xb8, 0xd7, 0xf8, 0xcf, 0xf8, 0xc7, 0xf8, 0xc7, 0xf8, 0xc7, 0xf8, 0xc7, 0xf8, 0xc7, 0xf8, 0xc7, 0xf8, 
  0xc7, 0xf8, 0xc7, 0xf8, 0xc7, 0xf8, 0xc7, 0xf8, 0xc7, 0xf8, 0xc7, 0xf8, 0xc7, 0xf8, 0xcf, 0xf8, 0xcf, 0xf8, 0xcf, 0xd9, 0xd7, 0xda, 0xdf, 0xdb, 0xe7, 0xdc, 0xef, 0x9d, 0xef, 0x9d, 0xef, 0x7e, 0xef, 0x9d, 0xef, 0x9d, 0xef, 0x9d, 0xef, 0x9d, 0xef, 0x9d, 0xef, 0x9d, 0xef, 0x9d, 0xef, 0x9d, 0xef, 0x9d, 0xef, 0x9d, 0xef, 0x9d, 0xef, 0x9d, 0xef, 0x9d, 0xef, 0x9d, 0xef, 0x9d, 0xef, 0x9d, 0xef, 0x9d, 0xef, 0x9d, 0xef, 0x9d, 0xef, 0x9d, 0xef, 0x9d, 0xef, 0x9d, 0xef, 0x9d, 0xef, 0x9d, 0xef, 0x9d, 0xef, 0x9d, 0xef, 0x9d, 0xef, 0x9d, 0xef, 0x9d, 0xef, 0xbd, 0xef, 0xbd, 0xef, 0xbd, 0xef, 0x9d, 0xef, 0x9d, 0xef, 0x9d, 0xef, 0x9c, 0xef, 0x7c, 0xef, 0x7c, 0xef, 0x7c, 0xef, 0x5c, 0xef, 0x5c, 0xef, 0x5c, 0xef, 0x5d, 0xef, 0x5d, 0xef, 0x5c, 0xef, 0x5c, 0xef, 0x5c, 0xef, 0x5c, 0xef, 0x5c, 0xef, 0x5c, 0xef, 0x5c, 0xef, 0x5c, 0xef, 0x5c, 0xef, 0x5c, 0xef, 0x5c, 0xef, 0x5c, 0xef, 0x3c, 0xf7, 0x7d, 0xef, 0x3c, 0xe7, 0x3b, 0xef, 0x9c, 0xef, 0x7b, 0xdf, 0x19, 0xdf, 0x38, 0xdf, 0xd9, 0xcf, 0xd8, 0xcf, 0xd8, 0xcf, 0xf8, 0xc7, 0xf8, 0xbf, 0xf8, 0xbf, 0xf8, 0xc7, 0xf8, 0xc7, 0xf8, 0xc7, 0xf8, 
  0xc7, 0xf8, 0xc7, 0xf8, 0xc7, 0xf8, 0xc7, 0xf8, 0xc7, 0xf8, 0xc7, 0xf8, 0xc7, 0xf8, 0xcf, 0xf8, 0xcf, 0xd9, 0xcf, 0xd9, 0xd7, 0xda, 0xdf, 0xdb, 0xe7, 0xbc, 0xef, 0x9d, 0xef, 0x9d, 0xef, 0x9e, 0xef, 0x9d, 0xef, 0x9d, 0xef, 0x9d, 0xef, 0x9d, 0xef, 0x9d, 0xef, 0x9d, 0xef, 0x9d, 0xef, 0x9d, 0xef, 0x9d, 0xef, 0x9d, 0xef, 0x9d, 0xef, 0x9d, 0xef, 0x9d, 0xef, 0x9d, 0xef, 0x9d, 0xef, 0x9d, 0xef, 0x9d, 0xef, 0x9d, 0xef, 0x9d, 0xef, 0x9d, 0xef, 0x9d, 0xef, 0x9d, 0xef, 0x9d, 0xef, 0x9d, 0xef, 0x9d, 0xef, 0x9d, 0xef, 0x9d, 0xef, 0x9d, 0xef, 0x9d, 0xef, 0x9d, 0xef, 0x9d, 0xef, 0x9d, 0xef, 0x9d, 0xef, 0x9d, 0xef, 0x9d, 0xef, 0x9c, 0xef, 0x9c, 0xef, 0x7c, 0xef, 0x7c, 0xef, 0x5c, 0xef, 0x5c, 0xef, 0x5c, 0xef, 0x5d, 0xef, 0x5d, 0xef, 0x5c, 0xef, 0x5c, 0xef, 0x5c, 0xef, 0x5c, 0xef, 0x5c, 0xef, 0x5c, 0xef, 0x5c, 0xef, 0x5c, 0xef, 0x5c, 0xef, 0x5c, 0xef, 0x5c, 0xef, 0x5d, 0xef, 0x3c, 0xef, 0x5d, 0xef, 0x5c, 0xe7, 0x3c, 0xef, 0x7c, 0xef, 0xbc, 0xef, 0xbb, 0xe7, 0x9a, 0xd7, 0xd9, 0xc7, 0xd8, 0xc7, 0xf8, 0xc7, 0xf8, 0xc7, 0xf8, 0xbf, 0xf8, 0xc7, 0xf8, 0xc7, 0xf9, 0xc7, 0xf8, 0xcf, 0xf8, 
  0xc7, 0xf8, 0xc7, 0xf8, 0xc7, 0xf8, 0xc7, 0xf8, 0xc7, 0xf8, 0xc7, 0xf8, 0xcf, 0xf8, 0xcf, 0xd9, 0xcf, 0xd9, 0xd7, 0xba, 0xdf, 0xba, 0xe7, 0xdc, 0xe7, 0xbc, 0xef, 0x9d, 0xef, 0x9d, 0xef, 0x9d, 0xef, 0x9d, 0xef, 0x9d, 0xef, 0x9d, 0xef, 0x9d, 0xef, 0x9d, 0xef, 0x9d, 0xef, 0x9d, 0xef, 0x9d, 0xef, 0x9d, 0xef, 0x9d, 0xef, 0x9d, 0xef, 0x9d, 0xef, 0x9d, 0xef, 0x9d, 0xef, 0x9d, 0xef, 0x9d, 0xef, 0x9d, 0xef, 0x9d, 0xef, 0x9d, 0xef, 0x9d, 0xef, 0x9d, 0xef, 0x9d, 0xef, 0x9d, 0xef, 0x9d, 0xef, 0x9d, 0xef, 0x9d, 0xef, 0x9d, 0xef, 0x9d, 0xe7, 0x9d, 0xe7, 0x9d, 0xef, 0x9d, 0xef, 0x9d, 0xe7, 0x9d, 0xef, 0x9d, 0xef, 0x9d, 0xef, 0x9d, 0xef, 0x9c, 0xef, 0x9c, 0xef, 0x7c, 0xef, 0x7c, 0xef, 0x5c, 0xef, 0x5c, 0xef, 0x5d, 0xef, 0x5d, 0xef, 0x5c, 0xef, 0x5c, 0xef, 0x5c, 0xef, 0x5c, 0xef, 0x5c, 0xef, 0x5c, 0xef, 0x5c, 0xef, 0x5c, 0xef, 0x5c, 0xef, 0x5c, 0xef, 0x5c, 0xef, 0x5d, 0xf7, 0x7d, 0xe7, 0x3c, 0xef, 0x5d, 0xef, 0x9d, 0xef, 0x7c, 0xef, 0x9c, 0xef, 0xbc, 0xdf, 0xbb, 0xcf, 0xb9, 0xcf, 0xf8, 0xc7, 0xf8, 0xc7, 0xf8, 0xbf, 0xf8, 0xc7, 0xf8, 0xc7, 0xf8, 0xc7, 0xf8, 0xc7, 0xf8, 0xcf, 0xf8, 
  0xc7, 0xf7, 0xc7, 0xf8, 0xc7, 0xf8, 0xc7, 0xf8, 0xc7, 0xf8, 0xc7, 0xf8, 0xcf, 0xd9, 0xd7, 0xd9, 0xdf, 0xda, 0xdf, 0xbb, 0xe7, 0xbb, 0xe7, 0x9c, 0xef, 0x9c, 0xef, 0x9d, 0xef, 0x9d, 0xef, 0x9d, 0xef, 0x9d, 0xef, 0x9d, 0xef, 0x9d, 0xef, 0x9d, 0xef, 0x9d, 0xef, 0x9d, 0xef, 0x9d, 0xef, 0x9d, 0xef, 0x9d, 0xef, 0x9d, 0xef, 0x9d, 0xef, 0x9d, 0xef, 0x9d, 0xef, 0x9d, 0xef, 0x9d, 0xef, 0x9d, 0xef, 0x9d, 0xef, 0x9d, 0xef, 0x9d, 0xef, 0x9d, 0xef, 0x9d, 0xef, 0x9d, 0xef, 0x9d, 0xef, 0x9d, 0xef, 0x9d, 0xef, 0x9d, 0xef, 0x9d, 0xef, 0x9d, 0xef, 0x9d, 0xef, 0x9d, 0xef, 0x9d, 0xef, 0x9d, 0xef, 0x9d, 0xef, 0x9d, 0xef, 0x9d, 0xef, 0x9d, 0xef, 0x9d, 0xef, 0x9d, 0xef, 0x9d, 0xef, 0x9d, 0xef, 0x7d, 0xef, 0x7d, 0xef, 0x7d, 0xef, 0x7d, 0xef, 0x7d, 0xef, 0x7c, 0xef, 0x5c, 0xef, 0x5c, 0xef, 0x5c, 0xef, 0x5c, 0xef, 0x5c, 0xef, 0x5c, 0xef, 0x5c, 0xef, 0x5c, 0xef, 0x5c, 0xef, 0x7d, 0xef, 0x7d, 0xef, 0x7d, 0xef, 0x7d, 0xef, 0x7d, 0xef, 0x9d, 0xef, 0x9d, 0xef, 0x9c, 0xe7, 0xbc, 0xd7, 0xda, 0xcf, 0xd9, 0xc7, 0xf8, 0xc7, 0xf8, 0xbf, 0xf8, 0xbf, 0xf8, 0xc7, 0xf8, 0xc7, 0xf8, 0xc7, 0xf8, 0xcf, 0xf8, 
  0xc7, 0xf8, 0xc7, 0xf8, 0xc7, 0xf8, 0xc7, 0xf8, 0xcf, 0xf9, 0xcf, 0xf9, 0xd7, 0xfa, 0xdf, 0xda, 0xe7, 0xdb, 0xe7, 0xbc, 0xef, 0xbc, 0xef, 0x9c, 0xef, 0x9d, 0xef, 0x9d, 0xef, 0x9d, 0xef, 0x9d, 0xef, 0x9d, 0xef, 0x9d, 0xef, 0x9d, 0xef, 0x9d, 0xef, 0x9d, 0xef, 0x9d, 0xef, 0x9d, 0xef, 0x9d, 0xef, 0x9d, 0xef, 0x9d, 0xef, 0x9d, 0xef, 0x9d, 0xef, 0x9d, 0xef, 0x9d, 0xef, 0x9d, 0xef, 0x9d, 0xef, 0x9d, 0xef, 0x9d, 0xef, 0x9d, 0xef, 0x9d, 0xef, 0x9d, 0xef, 0x9d, 0xef, 0x9d, 0xef, 0x9d, 0xef, 0x9d, 0xef, 0x9d, 0xef, 0x9d, 0xef, 0x9d, 0xef, 0x9d, 0xef, 0x9d, 0xef, 0x9d, 0xef, 0x9d, 0xef, 0x9d, 0xef, 0x9d, 0xef, 0x9d, 0xef, 0x9d, 0xef, 0x9d, 0xef, 0x9d, 0xef, 0x9d, 0xef, 0x9d, 0xef, 0x9d, 0xef, 0x9d, 0xef, 0x7d, 0xef, 0x7d, 0xef, 0x9d, 0xef, 0x7d, 0xef, 0x7d, 0xef, 0x7d, 0xef, 0x7d, 0xef, 0x7d, 0xef, 0x7d, 0xef, 0x7d, 0xef, 0x7d, 0xef, 0x7d, 0xef, 0x7d, 0xef, 0x9d, 0xef, 0x7d, 0xef, 0x7d, 0xef, 0x9d, 0xef, 0x9d, 0xef, 0x9d, 0xef, 0x9d, 0xef, 0x9d, 0xe7, 0xbc, 0xdf, 0xba, 0xcf, 0xd9, 0xc7, 0xf9, 0xc7, 0xf8, 0xbf, 0xf8, 0xbf, 0xf8, 0xc7, 0xf8, 0xc7, 0xf8, 0xc7, 0xf8, 0xcf, 0xf8, 
  0xc7, 0xf8, 0xc7, 0xf8, 0xc7, 0xf8, 0xc7, 0xf9, 0xcf, 0xf9, 0xd7, 0xfa, 0xdf, 0xdb, 0xdf, 0xdb, 0xe7, 0xdc, 0xe7, 0xbc, 0xef, 0x9d, 0xef, 0x9d, 0xef, 0x9d, 0xef, 0x9d, 0xef, 0x9d, 0xef, 0x9d, 0xef, 0x9d, 0xef, 0x9d, 0xef, 0x9d, 0xef, 0x9d, 0xef, 0x9d, 0xef, 0x9d, 0xef, 0x9d, 0xef, 0x9d, 0xef, 0x9d, 0xef, 0x9d, 0xef, 0x9d, 0xef, 0x9d, 0xef, 0x9d, 0xef, 0x9d, 0xef, 0x9d, 0xef, 0x9d, 0xef, 0x9d, 0xef, 0x9d, 0xef, 0x9d, 0xef, 0x9d, 0xef, 0x9d, 0xef, 0x9d, 0xef, 0x9d, 0xef, 0x9d, 0xef, 0x9d, 0xef, 0x9d, 0xef, 0x9d, 0xef, 0x9d, 0xef, 0x9d, 0xef, 0x9d, 0xef, 0x9d, 0xef, 0x9d, 0xef, 0x9d, 0xef, 0x9d, 0xef, 0x9d, 0xef, 0x9d, 0xef, 0x9d, 0xef, 0x9d, 0xef, 0x9d, 0xef, 0x9d, 0xef, 0x9d, 0xef, 0x9d, 0xef, 0x7d, 0xef, 0x9d, 0xef, 0x9d, 0xf7, 0x9d, 0xef, 0x9d, 0xef, 0x7d, 0xef, 0x7d, 0xef, 0x7d, 0xef, 0x7d, 0xef, 0x9d, 0xef, 0x9d, 0xef, 0x9d, 0xef, 0x9d, 0xef, 0x9d, 0xef, 0x9d, 0xef, 0x9d, 0xef, 0x9d, 0xef, 0x9d, 0xef, 0x9d, 0xef, 0x9d, 0xef, 0x9d, 0xe7, 0xbc, 0xdf, 0xbb, 0xd7, 0xd9, 0xc7, 0xd9, 0xc7, 0xf9, 0xc7, 0xf8, 0xc7, 0xf8, 0xc7, 0xf8, 0xc7, 0xf8, 0xc7, 0xf8, 0xcf, 0xf8, 
  0xc7, 0xf8, 0xc7, 0xf8, 0xc7, 0xf9, 0xcf, 0xd9, 0xd7, 0xda, 0xdf, 0xdb, 0xdf, 0xdb, 0xe7, 0xbc, 0xe7, 0xbc, 0xe7, 0xbd, 0xef, 0x9d, 0xef, 0x9d, 0xef, 0x9d, 0xef, 0x9d, 0xef, 0x9d, 0xef, 0x9d, 0xef, 0x9d, 0xef, 0x9d, 0xef, 0x9d, 0xef, 0x9d, 0xef, 0x9d, 0xef, 0x9d, 0xef, 0x9d, 0xef, 0x9d, 0xef, 0x9d, 0xef, 0x9d, 0xef, 0x9d, 0xef, 0x9d, 0xef, 0x9d, 0xef, 0x9d, 0xef, 0x9d, 0xef, 0x9d, 0xef, 0x9d, 0xef, 0x9d, 0xef, 0x9d, 0xef, 0x9d, 0xef, 0x9d, 0xef, 0x9d, 0xef, 0x9d, 0xef, 0x9d, 0xef, 0x9d, 0xef, 0x9d, 0xef, 0x9d, 0xef, 0x9d, 0xef, 0x9d, 0xef, 0x9d, 0xef, 0x9d, 0xef, 0x9d, 0xef, 0x9d, 0xef, 0x9d, 0xef, 0x9d, 0xef, 0x9d, 0xef, 0x9d, 0xef, 0x9d, 0xef, 0x9d, 0xef, 0x9d, 0xef, 0x9d, 0xef, 0x9d, 0xef, 0x9d, 0xef, 0x7d, 0xef, 0x9d, 0xef, 0x9d, 0xef, 0x9d, 0xef, 0x7d, 0xef, 0x9d, 0xef, 0x9d, 0xef, 0x9d, 0xef, 0x9d, 0xef, 0x9d, 0xef, 0x9d, 0xef, 0x9d, 0xef, 0x9d, 0xef, 0x9d, 0xef, 0x9d, 0xef, 0x9d, 0xef, 0x9d, 0xef, 0x9d, 0xef, 0x9d, 0xef, 0x9d, 0xe7, 0xbc, 0xdf, 0xdb, 0xd7, 0xda, 0xcf, 0xd9, 0xc7, 0xf9, 0xc7, 0xf8, 0xc7, 0xf8, 0xc7, 0xf8, 0xc7, 0xf8, 0xcf, 0xf8, 0xcf, 0xf8, 
  0xc7, 0xf9, 0xcf, 0xf9, 0xcf, 0xf9, 0xd7, 0xfa, 0xdf, 0xfb, 0xe7, 0xdc, 0xe7, 0xdc, 0xe7, 0xbd, 0xe7, 0xbd, 0xe7, 0x9d, 0xe7, 0x9d, 0xef, 0x9d, 0xef, 0x9d, 0xef, 0x9d, 0xef, 0x9d, 0xef, 0x9d, 0xef, 0x9d, 0xef, 0x9d, 0xef, 0x9d, 0xef, 0x9d, 0xef, 0x9d, 0xef, 0x9d, 0xef, 0x9d, 0xef, 0x9d, 0xef, 0x9d, 0xef, 0x9d, 0xef, 0x9d, 0xef, 0x9d, 0xef, 0x9d, 0xef, 0x9d, 0xef, 0x9d, 0xef, 0x9d, 0xef, 0x9d, 0xef, 0x9d, 0xef, 0x9d, 0xef, 0x9d, 0xef, 0x9d, 0xef, 0x9d, 0xef, 0x9d, 0xef, 0x9d, 0xef, 0x9d, 0xef, 0x9d, 0xef, 0x9d, 0xef, 0x9d, 0xef, 0x9d, 0xef, 0x9d, 0xef, 0x9d, 0xef, 0x9d, 0xef, 0x9d, 0xef, 0x9d, 0xef, 0x9d, 0xef, 0x9d, 0xef, 0x9d, 0xef, 0x9d, 0xef, 0x9d, 0xef, 0x9d, 0xef, 0x9d, 0xef, 0x9d, 0xef, 0x9d, 0xef, 0x9d, 0xef, 0x9d, 0xef, 0x9d, 0xef, 0x7d, 0xef, 0x7d, 0xef, 0x9d, 0xef, 0x9d, 0xef, 0x9d, 0xef, 0x9d, 0xef, 0x9d, 0xef, 0x9d, 0xef, 0x9d, 0xef, 0x9d, 0xef, 0x9d, 0xef, 0x9d, 0xef, 0x9d, 0xef, 0x9d, 0xef, 0x9d, 0xef, 0x9d, 0xef, 0x9d, 0xef, 0xbc, 0xdf, 0xdb, 0xd7, 0xda, 0xcf, 0xd9, 0xc7, 0xf9, 0xc7, 0xf8, 0xc7, 0xf8, 0xc7, 0xf8, 0xc7, 0xf8, 0xcf, 0xf8, 0xcf, 0xf8, 
  0xc7, 0xf9, 0xcf, 0xfa, 0xd7, 0xfa, 0xdf, 0xdb, 0xe7, 0xdc, 0xef, 0xbc, 0xef, 0xbd, 0xef, 0x9d, 0xef, 0x9d, 0xef, 0x9d, 0xe7, 0x9e, 0xef, 0x9d, 0xef, 0x9d, 0xef, 0x9d, 0xef, 0x7d, 0xef, 0x7d, 0xef, 0x9d, 0xef, 0x9d, 0xef, 0x9d, 0xef, 0x9d, 0xef, 0x9d, 0xef, 0x9d, 0xef, 0x9d, 0xef, 0x9d, 0xef, 0x9d, 0xef, 0x9d, 0xef, 0x9d, 0xef, 0x9d, 0xef, 0x9d, 0xef, 0x9d, 0xef, 0x9d, 0xef, 0x9d, 0xef, 0x9d, 0xef, 0x9d, 0xef, 0x9d, 0xef, 0x9d, 0xef, 0x9d, 0xef, 0x9d, 0xef, 0x9d, 0xef, 0x9d, 0xef, 0x9d, 0xef, 0x9d, 0xef, 0x9d, 0xef, 0x9d, 0xef, 0x9d, 0xef, 0x9d, 0xef, 0x9d, 0xef, 0x9d, 0xef, 0x9d, 0xef, 0x9d, 0xef, 0x9d, 0xef, 0x9d, 0xef, 0x9d, 0xef, 0x9d, 0xef, 0x9d, 0xef, 0x9d, 0xef, 0x9d, 0xef, 0x9d, 0xef, 0x9d, 0xef, 0x9d, 0xef, 0x9d, 0xef, 0x9d, 0xef, 0x9d, 0xef, 0x9d, 0xef, 0x9d, 0xef, 0x9d, 0xef, 0x9d, 0xef, 0x9d, 0xef, 0x9d, 0xef, 0x9d, 0xef, 0x9d, 0xef, 0x9d, 0xef, 0x9d, 0xef, 0x9d, 0xef, 0x9d, 0xef, 0x9d, 0xef, 0x9d, 0xef, 0x9d, 0xef, 0x9d, 0xe7, 0xbc, 0xe7, 0xdc, 0xd7, 0xda, 0xcf, 0xd9, 0xc7, 0xf9, 0xc7, 0xf9, 0xc7, 0xf8, 0xc7, 0xf8, 0xc7, 0xf8, 0xcf, 0xf8, 0xcf, 0xf8, 
  0xc7, 0xda, 0xcf, 0xda, 0xd7, 0xdb, 0xdf, 0xdb, 0xe7, 0xbc, 0xef, 0x9c, 0xef, 0x7d, 0xef, 0x7d, 0xef, 0x9e, 0xef, 0x9e, 0xe7, 0x9e, 0xe7, 0x9d, 0xef, 0x9d, 0xef, 0x9d, 0xef, 0x7d, 0xef, 0x7c, 0xef, 0x9d, 0xef, 0x9d, 0xef, 0x9d, 0xef, 0x9d, 0xef, 0x9d, 0xef, 0x9d, 0xef, 0x9d, 0xef, 0x9d, 0xef, 0x9d, 0xef, 0x9d, 0xef, 0x9d, 0xef, 0x9d, 0xef, 0x9d, 0xef, 0x9d, 0xef, 0x9d, 0xef, 0x9d, 0xef, 0x9d, 0xef, 0x9d, 0xef, 0x9d, 0xef, 0x9d, 0xef, 0x9d, 0xef, 0x9d, 0xef, 0x9d, 0xef, 0x9d, 0xef, 0x9d, 0xef, 0x9d, 0xef, 0x9d, 0xef, 0x9d, 0xef, 0x9d, 0xef, 0x9d, 0xef, 0x9d, 0xef, 0x9d, 0xef, 0x9d, 0xef, 0x9d, 0xef, 0x9d, 0xef, 0x9d, 0xef, 0x9d, 0xef, 0x9d, 0xef, 0x9d, 0xef, 0x9d, 0xef, 0x9d, 0xef, 0x9d, 0xef, 0x9d, 0xef, 0x9d, 0xef, 0x9d, 0xef, 0x9d, 0xef, 0x9d, 0xef, 0x9d, 0xef, 0x9d, 0xef, 0x9d, 0xef, 0x9d, 0xef, 0x9d, 0xef, 0x9d, 0xef, 0x9d, 0xef, 0x9d, 0xef, 0x9d, 0xef, 0x9d, 0xef, 0x9d, 0xef, 0x9d, 0xef, 0x9d, 0xef, 0x9d, 0xef, 0x9d, 0xef, 0x9d, 0xef, 0xbc, 0xe7, 0xdc, 0xdf, 0xda, 0xcf, 0xd9, 0xc7, 0xf9, 0xc7, 0xf9, 0xc7, 0xf8, 0xc7, 0xf8, 0xc7, 0xf8, 0xcf, 0xf8, 0xcf, 0xf8, 
  0xcf, 0xda, 0xd7, 0xdb, 0xdf, 0xdb, 0xe7, 0xbc, 0xef, 0x9c, 0xef, 0x9d, 0xf7, 0x7d, 0xf7, 0x7e, 0xef, 0x7d, 0xef, 0x9e, 0xe7, 0x9e, 0xef, 0xbd, 0xef, 0x9d, 0xef, 0x9d, 0xef, 0x9d, 0xef, 0x7c, 0xef, 0x9d, 0xef, 0x9d, 0xef, 0x9d, 0xef, 0x9d, 0xef, 0x9d, 0xef, 0x9d, 0xef, 0x9d, 0xef, 0x9d, 0xef, 0x9d, 0xef, 0x9d, 0xef, 0x9d, 0xef, 0x9d, 0xef, 0x9d, 0xef, 0x9d, 0xef, 0x9d, 0xef, 0x9d, 0xef, 0x9d, 0xef, 0x9d, 0xef, 0x9d, 0xef, 0x9d, 0xef, 0x9d, 0xef, 0x9d, 0xef, 0x9d, 0xef, 0x7d, 0xef, 0x9d, 0xef, 0x9d, 0xef, 0x9d, 0xef, 0x9d, 0xef, 0x9d, 0xef, 0x9d, 0xef, 0x9d, 0xef, 0x9d, 0xef, 0x9d, 0xef, 0x9d, 0xef, 0x9d, 0xef, 0x9d, 0xef, 0x9d, 0xef, 0x9d, 0xef, 0x9d, 0xef, 0x9d, 0xef, 0x9d, 0xef, 0x9d, 0xef, 0x9d, 0xef, 0x9d, 0xef, 0x9d, 0xef, 0x9d, 0xef, 0x9d, 0xef, 0x9d, 0xef, 0x9d, 0xef, 0x9d, 0xef, 0x9d, 0xef, 0x9d, 0xef, 0x9d, 0xef, 0x9d, 0xef, 0x9d, 0xef, 0x9d, 0xef, 0x9d, 0xef, 0x9d, 0xef, 0x9d, 0xef, 0x9d, 0xef, 0x9d, 0xef, 0x9d, 0xef, 0x9d, 0xef, 0xbc, 0xe7, 0xdc, 0xdf, 0xdb, 0xcf, 0xd9, 0xcf, 0xf9, 0xc7, 0xf9, 0xc7, 0xf8, 0xc7, 0xf8, 0xc7, 0xf8, 0xcf, 0xf8, 0xcf, 0xf8, 
  0xcf, 0xba, 0xdf, 0xfb, 0xe7, 0xdc, 0xe7, 0xbc, 0xef, 0x9c, 0xf7, 0x7d, 0xf7, 0x7d, 0xf7, 0x7e, 0xef, 0x9e, 0xef, 0x9e, 0xef, 0x9e, 0xe7, 0x9d, 0xef, 0x9d, 0xef, 0x9d, 0xef, 0x9c, 0xef, 0x9c, 0xef, 0x9d, 0xef, 0x9d, 0xef, 0x9d, 0xef, 0x9d, 0xef, 0x9d, 0xef, 0x9d, 0xef, 0x9d, 0xef, 0x9d, 0xef, 0x9d, 0xef, 0x9d, 0xef, 0x9d, 0xef, 0x9d, 0xef, 0x9d, 0xef, 0x9d, 0xef, 0x9d, 0xef, 0x9d, 0xef, 0x9d, 0xef, 0x9d, 0xef, 0x9d, 0xef, 0x9d, 0xef, 0x9d, 0xef, 0x9d, 0xef, 0x9d, 0xef, 0x9d, 0xef, 0x9d, 0xef, 0x9d, 0xef, 0x9d, 0xef, 0x9d, 0xef, 0x9d, 0xef, 0x9d, 0xef, 0x9d, 0xef, 0x9d, 0xef, 0x9d, 0xef, 0x9d, 0xef, 0x9d, 0xef, 0x9d, 0xef, 0x9d, 0xef, 0x9d, 0xef, 0x9d, 0xef, 0x9d, 0xef, 0x9d, 0xef, 0x9d, 0xef, 0x9d, 0xef, 0x9d, 0xef, 0x9d, 0xef, 0x9d, 0xef, 0x9d, 0xef, 0x9d, 0xef, 0x9d, 0xef, 0x9d, 0xef, 0x9d, 0xef, 0x9d, 0xef, 0x9d, 0xef, 0x9d, 0xef, 0x9d, 0xef, 0x9d, 0xef, 0x9d, 0xef, 0x9d, 0xef, 0x9d, 0xef, 0x9d, 0xef, 0x9d, 0xef, 0x9d, 0xef, 0x9d, 0xef, 0xbc, 0xef, 0xdc, 0xdf, 0xdb, 0xcf, 0xda, 0xcf, 0xf9, 0xc7, 0xf9, 0xc7, 0xf8, 0xc7, 0xf8, 0xcf, 0xf8, 0xcf, 0xf8, 0xcf, 0xf8, 
  0xd7, 0xbb, 0xdf, 0xdc, 0xe7, 0xdc, 0xef, 0x9c, 0xef, 0x9d, 0xf7, 0x7d, 0xf7, 0x7d, 0xf7, 0x7d, 0xef, 0x9e, 0xef, 0x9e, 0xef, 0x9d, 0xe7, 0x9d, 0xef, 0x9d, 0xef, 0x9d, 0xef, 0x9c, 0xef, 0x9c, 0xef, 0x9d, 0xef, 0x9d, 0xef, 0x9d, 0xef, 0x9d, 0xef, 0x9d, 0xef, 0x9d, 0xef, 0x9d, 0xef, 0x9d, 0xef, 0x9d, 0xef, 0x9d, 0xef, 0x9d, 0xef, 0x9d, 0xef, 0x9d, 0xef, 0x9d, 0xef, 0x9d, 0xef, 0x9d, 0xef, 0x9d, 0xef, 0x9d, 0xef, 0x9d, 0xef, 0x9d, 0xef, 0x9d, 0xef, 0x9d, 0xef, 0x9d, 0xef, 0x9d, 0xef, 0x9d, 0xef, 0x9d, 0xef, 0x9d, 0xef, 0x9d, 0xef, 0x9d, 0xef, 0x9d, 0xef, 0x9d, 0xef, 0x9d, 0xef, 0x9d, 0xef, 0x9d, 0xef, 0x9d, 0xef, 0x9d, 0xef, 0x9d, 0xef, 0x9d, 0xef, 0x9d, 0xef, 0x9d, 0xef, 0x9d, 0xef, 0x9d, 0xef, 0x9d, 0xef, 0x9d, 0xef, 0x9d, 0xef, 0x9d, 0xef, 0x9d, 0xef, 0x9d, 0xef, 0x9d, 0xef, 0x9d, 0xef, 0x9d, 0xef, 0x9d, 0xef, 0x9d, 0xef, 0x9d, 0xef, 0x9d, 0xef, 0x9d, 0xef, 0x9d, 0xef, 0x9d, 0xef, 0x9d, 0xef, 0x9d, 0xef, 0x9d, 0xef, 0x9d, 0xef, 0x9d, 0xef, 0x9c, 0xe7, 0xdc, 0xdf, 0xdb, 0xcf, 0xda, 0xcf, 0xf9, 0xc7, 0xf9, 0xc7, 0xf8, 0xc7, 0xf8, 0xc7, 0xf8, 0xcf, 0xf8, 0xcf, 0xf8, 
  0xdf, 0xbb, 0xe7, 0xdc, 0xe7, 0xbc, 0xef, 0x9c, 0xf7, 0x9d, 0xf7, 0x9d, 0xf7, 0x7d, 0xf7, 0x7d, 0xef, 0x9d, 0xef, 0x9d, 0xef, 0x9d, 0xef, 0x9d, 0xef, 0x9d, 0xef, 0x9c, 0xef, 0x9c, 0xef, 0x9c, 0xef, 0x9d, 0xef, 0x9d, 0xef, 0x9d, 0xef, 0x9d, 0xef, 0x9d, 0xef, 0x9d, 0xef, 0x9d, 0xef, 0x9d, 0xef, 0x9d, 0xef, 0x9d, 0xef, 0x9d, 0xef, 0x9d, 0xef, 0x9d, 0xef, 0x9d, 0xef, 0x9d, 0xef, 0x9d, 0xef, 0x9d, 0xef, 0x9d, 0xef, 0x9d, 0xef, 0x9d, 0xef, 0x9d, 0xef, 0x9d, 0xef, 0x9d, 0xef, 0x9d, 0xef, 0x9d, 0xef, 0x9d, 0xef, 0x9d, 0xef, 0x9d, 0xef, 0x9d, 0xef, 0x9d, 0xef, 0x9d, 0xef, 0x9d, 0xef, 0x9d, 0xef, 0x9d, 0xef, 0x9d, 0xef, 0x9d, 0xef, 0x9d, 0xef, 0x9d, 0xef, 0x9d, 0xef, 0x9d, 0xef, 0x9d, 0xef, 0x9d, 0xef, 0x9d, 0xef, 0x9d, 0xef, 0x9d, 0xef, 0x9d, 0xef, 0x9d, 0xef, 0x9d, 0xef, 0x9d, 0xef, 0x9d, 0xef, 0x9d, 0xef, 0x9d, 0xef, 0x9d, 0xef, 0x9d, 0xef, 0x9d, 0xef, 0x9d, 0xef, 0x9d, 0xef, 0x9d, 0xef, 0x9d, 0xef, 0x9d, 0xef, 0x9d, 0xef, 0x9d, 0xef, 0x9d, 0xef, 0x9c, 0xe7, 0xdc, 0xdf, 0xda, 0xcf, 0xd9, 0xcf, 0xf9, 0xc7, 0xf9, 0xc7, 0xf8, 0xc7, 0xf8, 0xc7, 0xf8, 0xc7, 0xf8, 0xcf, 0xf8, 
  0xe7, 0xbc, 0xe7, 0xbd, 0xef, 0xbd, 0xef, 0x9c, 0xf7, 0x9d, 0xf7, 0x9d, 0xf7, 0x7d, 0xef, 0x7d, 0xef, 0x9d, 0xef, 0x9d, 0xef, 0x9d, 0xef, 0x9d, 0xef, 0x9d, 0xef, 0x9d, 0xef, 0x9c, 0xef, 0x9d, 0xef, 0x9d, 0xef, 0x9d, 0xef, 0x9d, 0xef, 0x9d, 0xef, 0x9d, 0xef, 0x9d, 0xef, 0x9d, 0xef, 0x9d, 0xef, 0x9d, 0xef, 0x9d, 0xef, 0x9d, 0xef, 0x9d, 0xef, 0x9d, 0xef, 0x9d, 0xef, 0x9d, 0xef, 0x9d, 0xef, 0x9d, 0xef, 0x9d, 0xef, 0x9d, 0xef, 0x9d, 0xef, 0x9d, 0xef, 0x9d, 0xef, 0x9d, 0xef, 0x9d, 0xef, 0x9d, 0xef, 0x9d, 0xef, 0x9d, 0xef, 0x9d, 0xef, 0x9d, 0xef, 0x9d, 0xef, 0x9d, 0xef, 0x9d, 0xef, 0x9d, 0xef, 0x9d, 0xef, 0x9d, 0xef, 0x9d, 0xef, 0x9d, 0xef, 0x9d, 0xef, 0x9d, 0xef, 0x9d, 0xef, 0x9d, 0xef, 0x9d, 0xef, 0x9d, 0xef, 0x9d, 0xef, 0x9d, 0xef, 0x9d, 0xef, 0x9d, 0xef, 0x9d, 0xef, 0x9d, 0xef, 0x9d, 0xef, 0x9d, 0xef, 0x9d, 0xef, 0x9d, 0xef, 0x9d, 0xef, 0x9d, 0xef, 0x9d, 0xef, 0x9d, 0xef, 0x9d, 0xef, 0x9d, 0xef, 0x9d, 0xef, 0x9d, 0xef, 0x9d, 0xef, 0x9d, 0xef, 0x9c, 0xe7, 0xdc, 0xdf, 0xda, 0xcf, 0xd9, 0xcf, 0xf9, 0xc7, 0xf8, 0xc7, 0xf8, 0xc7, 0xf8, 0xc7, 0xf8, 0xc7, 0xf8, 0xc7, 0xf8, 
  0xef, 0x9d, 0xef, 0xbd, 0xef, 0x9d, 0xef, 0x9d, 0xef, 0x9d, 0xef, 0x9d, 0xef, 0x9d, 0xef, 0x9d, 0xef, 0x9d, 0xef, 0x9d, 0xef, 0x9d, 0xef, 0x9d, 0xef, 0x9d, 0xef, 0x9d, 0xef, 0x9d, 0xef, 0x9d, 0xef, 0x9d, 0xef, 0x9d, 0xef, 0x9d, 0xef, 0x9d, 0xef, 0x9d, 0xef, 0x9d, 0xef, 0x9d, 0xef, 0x9d, 0xef, 0x9d, 0xef, 0x9d, 0xef, 0x9d, 0xef, 0x9d, 0xef, 0x9d, 0xef, 0x9d, 0xef, 0x9d, 0xef, 0x9d, 0xef, 0x9d, 0xef, 0x9d, 0xef, 0x9d, 0xef, 0x9d, 0xef, 0x9d, 0xef, 0x9d, 0xef, 0x9d, 0xef, 0x9d, 0xef, 0x9d, 0xef, 0x9d, 0xef, 0x9d, 0xef, 0x9d, 0xef, 0x9d, 0xef, 0x9d, 0xef, 0x9d, 0xef, 0x9d, 0xef, 0x9d, 0xef, 0x9d, 0xef, 0x9d, 0xef, 0x9d, 0xef, 0x9d, 0xef, 0x9d, 0xef, 0x9d, 0xef, 0x9d, 0xef, 0x9d, 0xef, 0x9d, 0xef, 0x9d, 0xef, 0x9d, 0xef, 0x9d, 0xef, 0x9d, 0xef, 0x9d, 0xef, 0x9d, 0xef, 0x9d, 0xef, 0x9d, 0xef, 0x9d, 0xef, 0x9d, 0xef, 0x9d, 0xef, 0x9d, 0xef, 0x9d, 0xef, 0x9d, 0xef, 0x9d, 0xef, 0x9d, 0xef, 0x9d, 0xef, 0x9d, 0xef, 0x9d, 0xef, 0x9d, 0xef, 0x9d, 0xef, 0x9c, 0xe7, 0xdb, 0xdf, 0xda, 0xcf, 0xd9, 0xc7, 0xf9, 0xc7, 0xf8, 0xc7, 0xf8, 0xc7, 0xf8, 0xc7, 0xf8, 0xc7, 0xf8, 0xc7, 0xf8, 
  0xef, 0x9d, 0xef, 0x9d, 0xef, 0x9d, 0xef, 0x9d, 0xef, 0xbd, 0xef, 0x9d, 0xef, 0x9d, 0xef, 0x9d, 0xef, 0x9d, 0xef, 0x9d, 0xef, 0x9d, 0xef, 0x9d, 0xef, 0x9d, 0xef, 0x9d, 0xef, 0x9d, 0xef, 0x9d, 0xef, 0x9d, 0xef, 0x9d, 0xef, 0x9d, 0xef, 0x9d, 0xef, 0x9d, 0xef, 0x9d, 0xef, 0x9d, 0xef, 0x9d, 0xef, 0x9d, 0xef, 0x9d, 0xef, 0x9d, 0xef, 0x9d, 0xef, 0x9d, 0xef, 0x9d, 0xef, 0x9d, 0xef, 0x9d, 0xef, 0x9d, 0xef, 0x9d, 0xef, 0x9d, 0xef, 0x9d, 0xef, 0x9d, 0xef, 0x9d, 0xef, 0x9d, 0xef, 0x9d, 0xef, 0x9d, 0xef, 0x9d, 0xef, 0x9d, 0xef, 0x9d, 0xef, 0x9d, 0xef, 0x9d, 0xef, 0x9d, 0xef, 0x9d, 0xef, 0x9d, 0xef, 0x9d, 0xef, 0x9d, 0xef, 0x9d, 0xef, 0x9d, 0xef, 0x9d, 0xef, 0x9d, 0xef, 0x9d, 0xef, 0x9d, 0xef, 0x9d, 0xef, 0x9d, 0xef, 0x9d, 0xef, 0x9d, 0xef, 0x9d, 0xef, 0x9d, 0xef, 0x9d, 0xef, 0x9d, 0xef, 0x9d, 0xef, 0x9d, 0xef, 0x9d, 0xef, 0x9d, 0xef, 0x9d, 0xef, 0x9d, 0xef, 0x9d, 0xef, 0x9d, 0xef, 0x9d, 0xef, 0x9d, 0xef, 0x9d, 0xef, 0x9d, 0xef, 0x9d, 0xef, 0x9d, 0xef, 0xbc, 0xe7, 0xdb, 0xdf, 0xda, 0xcf, 0xd9, 0xc7, 0xf9, 0xc7, 0xf8, 0xc7, 0xf8, 0xc7, 0xf8, 0xc7, 0xf8, 0xc7, 0xf8, 0xc7, 0xf8, 
  0xef, 0x7d, 0xef, 0x9e, 0xef, 0x9d, 0xef, 0x9d, 0xef, 0x9d, 0xef, 0x9d, 0xe7, 0x9d, 0xef, 0xbd, 0xef, 0x9d, 0xef, 0x9d, 0xef, 0x9d, 0xef, 0x9d, 0xef, 0x9d, 0xef, 0x9d, 0xef, 0x9d, 0xef, 0x9d, 0xef, 0x9d, 0xef, 0x9d, 0xef, 0x9d, 0xef, 0x9d, 0xef, 0x9d, 0xef, 0x9d, 0xef, 0x9d, 0xef, 0x9d, 0xef, 0x9d, 0xef, 0x9d, 0xef, 0x9d, 0xef, 0x9d, 0xef, 0x9d, 0xef, 0x9d, 0xef, 0x9d, 0xef, 0x9d, 0xef, 0x9d, 0xef, 0x9d, 0xef, 0x9d, 0xef, 0x9d, 0xef, 0x9d, 0xef, 0x9d, 0xef, 0x9d, 0xef, 0x9d, 0xef, 0x9d, 0xef, 0x9d, 0xef, 0x9d, 0xef, 0x9d, 0xef, 0x9d, 0xef, 0x9d, 0xef, 0x9d, 0xef, 0x9d, 0xef, 0x9d, 0xef, 0x9d, 0xef, 0x9d, 0xef, 0x9d, 0xef, 0x9d, 0xef, 0x9d, 0xef, 0x9d, 0xef, 0x9d, 0xef, 0x9d, 0xef, 0x9d, 0xef, 0x9d, 0xef, 0x9d, 0xef, 0x9d, 0xef, 0x9d, 0xef, 0x9d, 0xef, 0x9d, 0xef, 0x9d, 0xef, 0x9d, 0xef, 0x9d, 0xef, 0x9d, 0xef, 0x9d, 0xef, 0x9d, 0xef, 0x9d, 0xef, 0x9d, 0xef, 0x9d, 0xef, 0x9d, 0xef, 0x9d, 0xef, 0x9d, 0xef, 0x9d, 0xef, 0x9d, 0xef, 0x9d, 0xef, 0xbc, 0xe7, 0xbb, 0xd7, 0xd9, 0xcf, 0xd9, 0xc7, 0xf8, 0xc7, 0xf8, 0xc7, 0xf8, 0xc7, 0xf8, 0xc7, 0xf8, 0xc7, 0xf8, 0xc7, 0xf8, 
  0xef, 0x7d, 0xef, 0x9d, 0xef, 0x9d, 0xef, 0x9d, 0xef, 0x9d, 0xef, 0x9d, 0xef, 0x9d, 0xef, 0xbd, 0xef, 0x9d, 0xef, 0x9d, 0xef, 0x9d, 0xef, 0x9d, 0xef, 0x9d, 0xef, 0x9d, 0xef, 0x9d, 0xef, 0x9d, 0xef, 0x9d, 0xef, 0x9d, 0xef, 0x9d, 0xef, 0x9d, 0xef, 0x9d, 0xef, 0x9d, 0xef, 0x9d, 0xef, 0x9d, 0xef, 0x9d, 0xef, 0x9d, 0xef, 0x9d, 0xef, 0x9d, 0xef, 0x9d, 0xef, 0x9d, 0xef, 0x9d, 0xef, 0x9d, 0xef, 0x9d, 0xef, 0x9d, 0xef, 0x9d, 0xef, 0x9d, 0xef, 0x9d, 0xef, 0x9d, 0xef, 0x9d, 0xef, 0x9d, 0xef, 0x9d, 0xef, 0x9d, 0xef, 0x9d, 0xef, 0x9d, 0xef, 0x9d, 0xef, 0x9d, 0xef, 0x9d, 0xef, 0x9d, 0xef, 0x9d, 0xef, 0x9d, 0xef, 0x9d, 0xef, 0x9d, 0xef, 0x9d, 0xef, 0x9d, 0xef, 0x9d, 0xef, 0x9d, 0xef, 0x9d, 0xef, 0x9d, 0xef, 0x9d, 0xef, 0x9d, 0xef, 0x9d, 0xef, 0x9d, 0xef, 0x9d, 0xef, 0x9d, 0xef, 0x9d, 0xef, 0x9d, 0xef, 0x9d, 0xef, 0x9d, 0xef, 0x9d, 0xef, 0x9d, 0xef, 0x9d, 0xef, 0x9d, 0xef, 0x9d, 0xef, 0x9d, 0xef, 0x9d, 0xef, 0x9d, 0xef, 0x9d, 0xef, 0x9d, 0xef, 0x9d, 0xe7, 0xbc, 0xdf, 0xdb, 0xd7, 0xd9, 0xcf, 0xd8, 0xc7, 0xf8, 0xc7, 0xf8, 0xc7, 0xf8, 0xc7, 0xf8, 0xc7, 0xf8, 0xc7, 0xf8, 0xc7, 0xf8, 
  0xe7, 0xbc, 0xe7, 0xbd, 0xef, 0x9d, 0xef, 0x9d, 0xef, 0x7d, 0xf7, 0x9e, 0xf7, 0x9d, 0xef, 0x9d, 0xef, 0x9d, 0xef, 0x9c, 0xef, 0x9c, 0xef, 0x9c, 0xef, 0x9d, 0xef, 0x9d, 0xef, 0x9d, 0xef, 0x9d, 0xef, 0x9d, 0xef, 0x9d, 0xef, 0x9d, 0xef, 0x9d, 0xef, 0x9d, 0xef, 0x9d, 0xef, 0x9d, 0xef, 0x9d, 0xef, 0x9d, 0xef, 0x9d, 0xef, 0x9d, 0xef, 0x9d, 0xef, 0x9d, 0xef, 0x9d, 0xef, 0x9d, 0xef, 0x9d, 0xef, 0x9d, 0xef, 0x9d, 0xef, 0x9d, 0xef, 0x9d, 0xef, 0x9d, 0xef, 0x9d, 0xef, 0x9d, 0xef, 0x9d, 0xef, 0x9d, 0xef, 0x9d, 0xef, 0x9d, 0xef, 0x9d, 0xef, 0x9d, 0xef, 0x9d, 0xef, 0x9d, 0xef, 0x9d, 0xef, 0x9d, 0xef, 0x9d, 0xef, 0x9d, 0xef, 0x9d, 0xef, 0x9d, 0xef, 0x9d, 0xef, 0x9d, 0xef, 0x9d, 0xef, 0x9d, 0xef, 0x9d, 0xef, 0x9d, 0xef, 0x9d, 0xef, 0x9d, 0xef, 0x9d, 0xef, 0x9d, 0xef, 0x9d, 0xef, 0x9d, 0xef, 0x9d, 0xef, 0x9d, 0xef, 0x9d, 0xef, 0x9d, 0xef, 0x9d, 0xef, 0x9d, 0xef, 0x9d, 0xef, 0x7d, 0xef, 0x9d, 0xef, 0x9d, 0xef, 0x9d, 0xef, 0x9d, 0xef, 0x9d, 0xef, 0x9d, 0xe7, 0xdc, 0xd7, 0xd9, 0xcf, 0xf8, 0xcf, 0xf8, 0xc7, 0xf8, 0xc7, 0xf8, 0xc7, 0xf8, 0xc7, 0xf8, 0xc7, 0xf8, 0xc7, 0xf8, 0xc7, 0xf8, 
  0xdf, 0xbc, 0xe7, 0xbc, 0xe7, 0xbd, 0xef, 0x9d, 0xef, 0x7d, 0xf7, 0x7e, 0xf7, 0x7d, 0xef, 0x7d, 0xef, 0x9d, 0xef, 0x9c, 0xef, 0xbc, 0xe7, 0xbc, 0xef, 0x9d, 0xef, 0x9d, 0xef, 0x9d, 0xef, 0x9d, 0xef, 0x9d, 0xef, 0x9d, 0xef, 0x9d, 0xef, 0x9d, 0xef, 0x9d, 0xef, 0x9d, 0xef, 0x9d, 0xef, 0x9d, 0xef, 0x9d, 0xef, 0x9d, 0xef, 0x9d, 0xef, 0x9d, 0xef, 0x9d, 0xef, 0x9d, 0xef, 0x9d, 0xef, 0x9d, 0xef, 0x9d, 0xef, 0x9d, 0xef, 0x9d, 0xef, 0x9d, 0xef, 0x9d, 0xef, 0x9d, 0xef, 0x9d, 0xef, 0x9d, 0xef, 0x9d, 0xef, 0x9d, 0xef, 0x9d, 0xef, 0x9d, 0xef, 0x9d, 0xef, 0x9d, 0xef, 0x9d, 0xef, 0x9d, 0xef, 0x9d, 0xef, 0x9d, 0xef, 0x9d, 0xef, 0x9d, 0xef, 0x9d, 0xef, 0x9d, 0xef, 0x9d, 0xef, 0x9d, 0xef, 0x9d, 0xef, 0x9d, 0xef, 0x9d, 0xef, 0x9d, 0xef, 0x9d, 0xef, 0x9d, 0xef, 0x9d, 0xef, 0x9d, 0xef, 0x9d, 0xef, 0x9d, 0xef, 0x9d, 0xef, 0x9d, 0xef, 0x9d, 0xef, 0x9d, 0xef, 0x9d, 0xef, 0x9d, 0xef, 0x9d, 0xef, 0x7d, 0xef, 0x9d, 0xef, 0x9d, 0xef, 0x9d, 0xef, 0x9d, 0xe7, 0xbd, 0xdf, 0xdc, 0xcf, 0xf9, 0xc7, 0xf8, 0xc7, 0xf8, 0xc7, 0xf8, 0xc7, 0xf8, 0xc7, 0xf8, 0xc7, 0xf8, 0xc7, 0xf8, 0xc7, 0xf8, 0xc7, 0xf8, 
  0xdf, 0xbb, 0xdf, 0xdc, 0xe7, 0xbc, 0xef, 0x9d, 0xef, 0x7d, 0xf7, 0x7d, 0xf7, 0x7d, 0xef, 0x7d, 0xef, 0x9d, 0xef, 0x9d, 0xef, 0x9d, 0xef, 0x9d, 0xef, 0x9d, 0xef, 0x9d, 0xef, 0x9d, 0xef, 0x9d, 0xef, 0x9d, 0xef, 0x9d, 0xef, 0x9d, 0xef, 0x9d, 0xef, 0x9d, 0xef, 0x9d, 0xef, 0x9d, 0xef, 0x9d, 0xef, 0x9d, 0xef, 0x9d, 0xef, 0x9d, 0xef, 0x9d, 0xef, 0x9d, 0xef, 0x9d, 0xef, 0x9d, 0xef, 0x9d, 0xef, 0x9d, 0xef, 0x9d, 0xef, 0x9d, 0xef, 0x9d, 0xef, 0x9d, 0xef, 0x9d, 0xef, 0x9d, 0xef, 0x9d, 0xef, 0x9d, 0xef, 0x9d, 0xef, 0x9d, 0xef, 0x9d, 0xef, 0x9d, 0xef, 0x9d, 0xef, 0x9d, 0xef, 0x9d, 0xef, 0x9d, 0xef, 0x9d, 0xef, 0x9d, 0xef, 0x9d, 0xef, 0x9d, 0xef, 0x9d, 0xef, 0x9d, 0xef, 0x9d, 0xef, 0x9d, 0xef, 0x9d, 0xef, 0x9d, 0xef, 0x9d, 0xef, 0x9d, 0xef, 0x9d, 0xef, 0x9d, 0xef, 0x9d, 0xef, 0x9d, 0xef, 0x9d, 0xef, 0x9d, 0xef, 0x9d, 0xef, 0x9d, 0xef, 0x9d, 0xef, 0x9d, 0xef, 0x9d, 0xef, 0x9d, 0xef, 0x9d, 0xef, 0x9d, 0xef, 0x9d, 0xef, 0xbd, 0xe7, 0xbd, 0xe7, 0xbc, 0xdf, 0xdb, 0xcf, 0xf9, 0xc7, 0xf8, 0xc7, 0xf8, 0xc7, 0xf8, 0xc7, 0xf8, 0xc7, 0xf8, 0xc7, 0xf8, 0xc7, 0xf8, 0xc7, 0xf8, 0xc7, 0xf8, 
  0xd7, 0xbb, 0xdf, 0xdb, 0xe7, 0xdc, 0xef, 0xbd, 0xef, 0x9d, 0xef, 0x7d, 0xef, 0x7d, 0xf7, 0x7d, 0xef, 0x9d, 0xef, 0x9d, 0xef, 0x9d, 0xef, 0x9d, 0xef, 0x9d, 0xef, 0x9d, 0xef, 0x7d, 0xef, 0x7d, 0xef, 0x9d, 0xef, 0x9d, 0xef, 0x9d, 0xef, 0x9d, 0xef, 0x9d, 0xef, 0x9d, 0xef, 0x9d, 0xef, 0x9d, 0xef, 0x9d, 0xef, 0x9d, 0xef, 0x9d, 0xef, 0x9d, 0xef, 0x9d, 0xef, 0x9d, 0xef, 0x9d, 0xef, 0x9d, 0xef, 0x9d, 0xef, 0x9d, 0xef, 0x9d, 0xef, 0x9d, 0xef, 0x9d, 0xef, 0x9d, 0xef, 0x9d, 0xef, 0x9d, 0xef, 0x9d, 0xef, 0x9d, 0xef, 0x9d, 0xef, 0x9d, 0xef, 0x9d, 0xef, 0x9d, 0xef, 0x9d, 0xef, 0x9d, 0xef, 0x9d, 0xef, 0x9d, 0xef, 0x9d, 0xef, 0x9d, 0xef, 0x9d, 0xef, 0x9d, 0xef, 0x9d, 0xef, 0x9d, 0xef, 0x9d, 0xef, 0x9d, 0xef, 0x9d, 0xef, 0x9d, 0xef, 0x9d, 0xef, 0x9d, 0xef, 0x9d, 0xef, 0x9d, 0xef, 0x9d, 0xef, 0x9d, 0xef, 0x9d, 0xef, 0x9d, 0xef, 0x9d, 0xef, 0x9d, 0xef, 0x9d, 0xef, 0x9d, 0xef, 0x9d, 0xef, 0x9d, 0xef, 0x9d, 0xe7, 0xbd, 0xe7, 0xbc, 0xe7, 0xdc, 0xdf, 0xdb, 0xd7, 0xda, 0xcf, 0xf9, 0xc7, 0xf8, 0xc7, 0xf8, 0xc7, 0xf8, 0xc7, 0xf8, 0xc7, 0xf8, 0xc7, 0xf8, 0xc7, 0xf8, 0xc7, 0xf8, 0xc7, 0xf8, 
  0xd7, 0xda, 0xd7, 0xdb, 0xdf, 0xdc, 0xe7, 0xdc, 0xef, 0xbd, 0xef, 0x7d, 0xef, 0x7d, 0xf7, 0x7d, 0xef, 0x7d, 0xef, 0x9d, 0xef, 0x9d, 0xef, 0x9d, 0xef, 0x9d, 0xef, 0x9d, 0xef, 0x7d, 0xef, 0x7d, 0xef, 0x9d, 0xef, 0x9d, 0xef, 0x9d, 0xef, 0x9d, 0xef, 0x9d, 0xef, 0x9d, 0xef, 0x9d, 0xef, 0x9d, 0xef, 0x9d, 0xef, 0x9d, 0xef, 0x9d, 0xef, 0x9d, 0xef, 0x9d, 0xef, 0x9d, 0xef, 0x9d, 0xef, 0x9d, 0xef, 0x9d, 0xef, 0x9d, 0xef, 0x9d, 0xef, 0x9d, 0xef, 0x9d, 0xef, 0x9d, 0xef, 0x9d, 0xef, 0x9d, 0xef, 0x9d, 0xef, 0x9d, 0xef, 0x9d, 0xef, 0x9d, 0xef, 0x9d, 0xef, 0x9d, 0xef, 0x9d, 0xef, 0x9d, 0xef, 0x9d, 0xef, 0x9d, 0xef, 0x9d, 0xef, 0x9d, 0xef, 0x9d, 0xef, 0x9d, 0xef, 0x9d, 0xef, 0x9d, 0xef, 0x9d, 0xef, 0x9d, 0xef, 0x9d, 0xef, 0x9d, 0xef, 0x9d, 0xef, 0x9d, 0xef, 0x9d, 0xef, 0x9d, 0xef, 0x7d, 0xef, 0x9d, 0xef, 0x9d, 0xef, 0x9d, 0xef, 0x9d, 0xef, 0x9d, 0xef, 0x9d, 0xef, 0x9d, 0xef, 0x9d, 0xef, 0x9d, 0xe7, 0x9d, 0xe7, 0xbc, 0xe7, 0xdc, 0xdf, 0xdb, 0xd7, 0xda, 0xcf, 0xd9, 0xcf, 0xf8, 0xc7, 0xf8, 0xc7, 0xf8, 0xc7, 0xf8, 0xc7, 0xf8, 0xc7, 0xf8, 0xc7, 0xf8, 0xc7, 0xf8, 0xc7, 0xf8, 0xc7, 0xf8, 
  0xcf, 0xf9, 0xd7, 0xda, 0xdf, 0xdb, 0xe7, 0xdc, 0xe7, 0xbc, 0xef, 0x9d, 0xef, 0x9d, 0xf7, 0x9d, 0xef, 0x7d, 0xef, 0x7d, 0xef, 0x9d, 0xef, 0x9d, 0xef, 0x9d, 0xef, 0x9d, 0xef, 0x7d, 0xef, 0x7d, 0xef, 0x9d, 0xef, 0x9d, 0xef, 0x9d, 0xef, 0x9d, 0xef, 0x9d, 0xef, 0x9d, 0xef, 0x9d, 0xef, 0x9d, 0xef, 0x9d, 0xef, 0x9d, 0xef, 0x9d, 0xef, 0x9d, 0xef, 0x9d, 0xef, 0x9d, 0xef, 0x9d, 0xef, 0x9d, 0xef, 0x9d, 0xef, 0x9d, 0xef, 0x9d, 0xef, 0x9d, 0xef, 0x9d, 0xef, 0x9d, 0xef, 0x9d, 0xef, 0x9d, 0xef, 0x9d, 0xef, 0x9d, 0xef, 0x9d, 0xef, 0x9d, 0xef, 0x9d, 0xef, 0x9d, 0xef, 0x9d, 0xef, 0x9d, 0xef, 0x9d, 0xef, 0x9d, 0xef, 0x9d, 0xef, 0x9d, 0xef, 0x9d, 0xef, 0x9d, 0xef, 0x9d, 0xef, 0x9d, 0xef, 0x9d, 0xef, 0x9d, 0xef, 0x9d, 0xef, 0x9d, 0xef, 0x9d, 0xef, 0x9d, 0xef, 0x9d, 0xef, 0x9d, 0xef, 0x7d, 0xef, 0x7d, 0xef, 0x9d, 0xef, 0x9d, 0xef, 0x9d, 0xef, 0x9d, 0xef, 0x9d, 0xef, 0x9d, 0xef, 0x9d, 0xef, 0x9d, 0xe7, 0xbc, 0xe7, 0xbc, 0xdf, 0xdb, 0xd7, 0xfa, 0xcf, 0xd9, 0xcf, 0xf9, 0xc7, 0xf8, 0xc7, 0xf8, 0xc7, 0xf8, 0xc7, 0xf8, 0xc7, 0xf8, 0xc7, 0xf8, 0xc7, 0xf8, 0xc7, 0xf8, 0xc7, 0xf8, 0xc7, 0xf8, 
  0xcf, 0xf9, 0xcf, 0xd9, 0xd7, 0xda, 0xdf, 0xdb, 0xe7, 0xdc, 0xef, 0xbc, 0xef, 0x9d, 0xef, 0x9d, 0xef, 0x7d, 0xef, 0x7d, 0xef, 0x7d, 0xef, 0x9d, 0xef, 0x9d, 0xef, 0x9d, 0xef, 0x7d, 0xef, 0x7d, 0xef, 0x9d, 0xef, 0x9d, 0xef, 0x9d, 0xef, 0x9d, 0xef, 0x9d, 0xef, 0x9d, 0xef, 0x9d, 0xef, 0x9d, 0xef, 0x9d, 0xef, 0x9d, 0xef, 0x9d, 0xef, 0x9d, 0xef, 0x9d, 0xef, 0x9d, 0xef, 0x9d, 0xef, 0x9d, 0xef, 0x9d, 0xef, 0x9d, 0xef, 0x9d, 0xef, 0x9d, 0xef, 0x9d, 0xef, 0x9d, 0xef, 0x9d, 0xef, 0x9d, 0xef, 0x9d, 0xef, 0x9d, 0xef, 0x9d, 0xef, 0x9d, 0xef, 0x9d, 0xef, 0x9d, 0xef, 0x9d, 0xef, 0x9d, 0xef, 0x9d, 0xef, 0x9d, 0xef, 0x9d, 0xef, 0x9d, 0xef, 0x9d, 0xef, 0x9d, 0xef, 0x9d, 0xef, 0x9d, 0xef, 0x9d, 0xef, 0x9d, 0xef, 0x9d, 0xef, 0x9d, 0xef, 0x9d, 0xef, 0x9d, 0xef, 0x9d, 0xef, 0x9d, 0xef, 0x9d, 0xef, 0x9d, 0xef, 0x9d, 0xef, 0x9d, 0xef, 0x9d, 0xef, 0x9d, 0xef, 0x9d, 0xef, 0x9d, 0xef, 0x9d, 0xe7, 0xbd, 0xe7, 0xbc, 0xdf, 0xdb, 0xd7, 0xda, 0xcf, 0xf9, 0xcf, 0xf9, 0xc7, 0xf8, 0xc7, 0xf8, 0xc7, 0xf8, 0xc7, 0xf8, 0xc7, 0xf8, 0xc7, 0xf8, 0xc7, 0xf8, 0xc7, 0xf8, 0xc7, 0xf8, 0xc7, 0xf8, 0xc7, 0xf8, 
  0xc7, 0xf8, 0xc7, 0xf8, 0xcf, 0xd9, 0xdf, 0xfa, 0xe7, 0xdb, 0xe7, 0xbc, 0xe7, 0x9c, 0xef, 0x9d, 0xef, 0x9d, 0xef, 0x9d, 0xef, 0x9d, 0xef, 0x9d, 0xef, 0x9d, 0xef, 0x9d, 0xef, 0x9d, 0xef, 0x9d, 0xef, 0x9d, 0xef, 0x9d, 0xef, 0x9d, 0xef, 0x9d, 0xef, 0x9d, 0xef, 0x9d, 0xef, 0x9d, 0xef, 0x9d, 0xef, 0x9d, 0xef, 0x9d, 0xef, 0x9d, 0xef, 0x9d, 0xef, 0x9d, 0xef, 0x9d, 0xef, 0x9d, 0xef, 0x9d, 0xef, 0x9d, 0xef, 0x9d, 0xef, 0x9d, 0xef, 0x9d, 0xef, 0x9d, 0xef, 0x9d, 0xef, 0x9d, 0xef, 0x9d, 0xef, 0x9d, 0xef, 0x9d, 0xef, 0x9d, 0xef, 0x9d, 0xef, 0x9d, 0xef, 0x9d, 0xef, 0x9d, 0xef, 0x9d, 0xef, 0x9d, 0xef, 0x9d, 0xef, 0x9d, 0xef, 0x9d, 0xef, 0x9d, 0xef, 0x9d, 0xef, 0x9d, 0xef, 0x9d, 0xef, 0x9d, 0xef, 0x9d, 0xef, 0x9d, 0xef, 0x9d, 0xef, 0x9d, 0xef, 0x9d, 0xef, 0x9d, 0xef, 0x9d, 0xef, 0x9d, 0xef, 0x9d, 0xef, 0x9d, 0xef, 0x9d, 0xef, 0x9d, 0xef, 0x9d, 0xef, 0x9d, 0xef, 0x9d, 0xe7, 0xbd, 0xe7, 0xbc, 0xdf, 0xdc, 0xd7, 0xdb, 0xcf, 0xfa, 0xcf, 0xf9, 0xc7, 0xf8, 0xc7, 0xf8, 0xc7, 0xf8, 0xc7, 0xf8, 0xc7, 0xf8, 0xc7, 0xf8, 0xc7, 0xf8, 0xc7, 0xf8, 0xc7, 0xf8, 0xc7, 0xf8, 0xc7, 0xf8, 0xc7, 0xf8, 
  0xc7, 0xf8, 0xc7, 0xf8, 0xcf, 0xf9, 0xd7, 0xd9, 0xdf, 0xda, 0xe7, 0xdb, 0xe7, 0xdc, 0xef, 0xbd, 0xef, 0x9d, 0xef, 0x9d, 0xef, 0x9d, 0xef, 0x9d, 0xef, 0x9d, 0xef, 0x9d, 0xef, 0x9d, 0xef, 0x9d, 0xef, 0x9d, 0xef, 0x9d, 0xef, 0x9d, 0xef, 0x9d, 0xef, 0x9d, 0xef, 0x9d, 0xef, 0x9d, 0xef, 0x9d, 0xef, 0x9d, 0xef, 0x9d, 0xef, 0x9d, 0xef, 0x9d, 0xef, 0x9d, 0xef, 0x9d, 0xef, 0x9d, 0xef, 0x9d, 0xef, 0x9d, 0xef, 0x9d, 0xef, 0x9d, 0xef, 0x9d, 0xef, 0x9d, 0xef, 0x9d, 0xef, 0x9d, 0xef, 0x9d, 0xef, 0x9d, 0xef, 0x9d, 0xef, 0x9d, 0xef, 0x9d, 0xef, 0x9d, 0xef, 0x9d, 0xef, 0x9d, 0xef, 0x9d, 0xef, 0x9d, 0xef, 0x9d, 0xef, 0x9d, 0xef, 0x9d, 0xef, 0x9d, 0xef, 0x9d, 0xef, 0x9d, 0xef, 0x9d, 0xef, 0x9d, 0xef, 0x9d, 0xef, 0x9d, 0xef, 0x9d, 0xef, 0x9d, 0xef, 0x9d, 0xef, 0x9d, 0xef, 0x9d, 0xef, 0x9d, 0xef, 0x9d, 0xef, 0x9d, 0xef, 0x9d, 0xef, 0xbd, 0xef, 0xbd, 0xe7, 0xbd, 0xe7, 0xbc, 0xe7, 0xdc, 0xdf, 0xbc, 0xd7, 0xbb, 0xd7, 0xda, 0xcf, 0xf9, 0xc7, 0xf8, 0xc7, 0xf8, 0xc7, 0xf7, 0xc7, 0xf8, 0xc7, 0xf8, 0xc7, 0xf8, 0xc7, 0xf8, 0xc7, 0xf8, 0xc7, 0xf8, 0xc7, 0xf8, 0xc7, 0xf8, 0xc7, 0xf8, 0xc7, 0xf8, 
  0xc7, 0xf8, 0xc7, 0xf8, 0xcf, 0xf8, 0xcf, 0xd9, 0xd7, 0xd9, 0xdf, 0xda, 0xe7, 0xdb, 0xe7, 0xbc, 0xe7, 0xbd, 0xef, 0x9d, 0xef, 0x9d, 0xef, 0x9d, 0xef, 0x9d, 0xef, 0x9d, 0xef, 0x9d, 0xef, 0x9d, 0xef, 0x9d, 0xef, 0x9d, 0xef, 0x9d, 0xef, 0x9d, 0xef, 0x9d, 0xef, 0x9d, 0xef, 0x9d, 0xef, 0x9d, 0xef, 0x9d, 0xef, 0x9d, 0xef, 0x9d, 0xef, 0x9d, 0xef, 0x9d, 0xef, 0x9d, 0xef, 0x9d, 0xef, 0x9d, 0xef, 0x9d, 0xef, 0x9d, 0xef, 0x9d, 0xef, 0x9d, 0xef, 0x9d, 0xef, 0x9d, 0xef, 0xbd, 0xef, 0xbd, 0xef, 0x9d, 0xef, 0x9d, 0xef, 0x9d, 0xef, 0x9d, 0xef, 0x9d, 0xef, 0x9d, 0xef, 0x9d, 0xef, 0x9d, 0xef, 0x9d, 0xef, 0x9d, 0xef, 0x9d, 0xef, 0x9d, 0xef, 0x9d, 0xef, 0x9d, 0xef, 0x9d, 0xef, 0x9d, 0xef, 0xbd, 0xef, 0xbd, 0xef, 0x9d, 0xef, 0x9d, 0xef, 0x9d, 0xef, 0x9d, 0xef, 0x9d, 0xef, 0x9d, 0xef, 0x9d, 0xe7, 0x9d, 0xef, 0xbd, 0xef, 0xbd, 0xef, 0xdd, 0xe7, 0xdd, 0xe7, 0xdd, 0xe7, 0xdc, 0xdf, 0xbc, 0xdf, 0xbb, 0xd7, 0xba, 0xcf, 0xd9, 0xcf, 0xf9, 0xc7, 0xf8, 0xc7, 0xf7, 0xbf, 0xf7, 0xc7, 0xf8, 0xc7, 0xf8, 0xc7, 0xf8, 0xc7, 0xf8, 0xc7, 0xf8, 0xc7, 0xf8, 0xc7, 0xf8, 0xc7, 0xf8, 0xc7, 0xf8, 0xc7, 0xf8, 
  0xc7, 0xf8, 0xc7, 0xf8, 0xc7, 0xf8, 0xcf, 0xd8, 0xcf, 0xd9, 0xd7, 0xda, 0xdf, 0xda, 0xdf, 0xbb, 0xe7, 0xbc, 0xe7, 0xbc, 0xe7, 0xbd, 0xef, 0xbd, 0xef, 0xbd, 0xef, 0xbd, 0xef, 0xbd, 0xef, 0xbd, 0xef, 0xbc, 0xef, 0xbc, 0xef, 0xbc, 0xef, 0xbc, 0xef, 0xbc, 0xef, 0xbc, 0xef, 0xbc, 0xef, 0xbd, 0xef, 0xbd, 0xef, 0xbd, 0xef, 0xbd, 0xef, 0xbd, 0xef, 0xbd, 0xef, 0xbd, 0xef, 0xbd, 0xef, 0xbd, 0xe7, 0xbd, 0xe7, 0xbd, 0xef, 0xbd, 0xef, 0xbd, 0xef, 0xbd, 0xef, 0xbd, 0xef, 0xbd, 0xef, 0xbd, 0xef, 0xbd, 0xef, 0xbd, 0xef, 0xbd, 0xef, 0xbd, 0xef, 0xbd, 0xef, 0xbd, 0xef, 0xbd, 0xef, 0xbd, 0xef, 0xbd, 0xef, 0xbd, 0xef, 0xbd, 0xef, 0xbd, 0xef, 0xbd, 0xef, 0xbd, 0xef, 0xbd, 0xef, 0xbd, 0xef, 0xbd, 0xef, 0xbd, 0xef, 0xbd, 0xef, 0xbd, 0xef, 0xbd, 0xef, 0xbd, 0xef, 0xbd, 0xef, 0xbd, 0xe7, 0xbd, 0xe7, 0xbd, 0xe7, 0xdd, 0xe7, 0xdc, 0xe7, 0xdc, 0xe7, 0xdc, 0xdf, 0xdb, 0xdf, 0xbb, 0xd7, 0xbb, 0xd7, 0xba, 0xcf, 0xd9, 0xcf, 0xd9, 0xc7, 0xf8, 0xc7, 0xf8, 0xc7, 0xf7, 0xbf, 0xf7, 0xc7, 0xf8, 0xc7, 0xf8, 0xc7, 0xf8, 0xc7, 0xf8, 0xc7, 0xf8, 0xc7, 0xf8, 0xc7, 0xf8, 0xc7, 0xf8, 0xc7, 0xf8, 0xc7, 0xf8, 
  0xc7, 0xf8, 0xc7, 0xf8, 0xc7, 0xf8, 0xc7, 0xf8, 0xcf, 0xf8, 0xcf, 0xd9, 0xd7, 0xd9, 0xd7, 0xba, 0xdf, 0xbb, 0xdf, 0xbc, 0xe7, 0xbc, 0xe7, 0xbc, 0xe7, 0xbc, 0xe7, 0xbd, 0xe7, 0xbc, 0xe7, 0xbc, 0xe7, 0xbc, 0xe7, 0xbc, 0xe7, 0xbc, 0xe7, 0xbc, 0xe7, 0xbc, 0xe7, 0xbc, 0xe7, 0xbc, 0xe7, 0xbc, 0xe7, 0xbc, 0xe7, 0xbc, 0xe7, 0xbc, 0xe7, 0xbc, 0xe7, 0xbc, 0xe7, 0xbc, 0xe7, 0xbc, 0xe7, 0xbc, 0xe7, 0xbc, 0xe7, 0xbc, 0xe7, 0xbc, 0xe7, 0xbc, 0xe7, 0xbc, 0xe7, 0xbc, 0xe7, 0xbc, 0xe7, 0xbc, 0xe7, 0xbc, 0xe7, 0xbc, 0xe7, 0xbc, 0xe7, 0xbc, 0xe7, 0xbc, 0xe7, 0xbc, 0xe7, 0xbc, 0xe7, 0xbc, 0xe7, 0xbc, 0xe7, 0xbc, 0xe7, 0xbc, 0xe7, 0xbc, 0xe7, 0xbc, 0xe7, 0xbc, 0xe7, 0xbc, 0xe7, 0xbc, 0xe7, 0xbc, 0xe7, 0xbc, 0xe7, 0xbc, 0xe7, 0xbc, 0xe7, 0xbd, 0xe7, 0xbd, 0xe7, 0xbd, 0xe7, 0xdd, 0xe7, 0xbc, 0xe7, 0xbc, 0xe7, 0xdc, 0xdf, 0xdc, 0xdf, 0xdb, 0xd7, 0xbb, 0xd7, 0xba, 0xcf, 0xba, 0xd7, 0xda, 0xcf, 0xd9, 0xcf, 0xd9, 0xcf, 0xf9, 0xc7, 0xf8, 0xc7, 0xf8, 0xc7, 0xf7, 0xbf, 0xf7, 0xc7, 0xf8, 0xc7, 0xf8, 0xc7, 0xf8, 0xc7, 0xf8, 0xc7, 0xf8, 0xc7, 0xf8, 0xc7, 0xf8, 0xc7, 0xf8, 0xc7, 0xf8, 0xc7, 0xf8, 
  0xc7, 0xf8, 0xc7, 0xf8, 0xc7, 0xf8, 0xc7, 0xf8, 0xcf, 0xf8, 0xcf, 0xf8, 0xcf, 0xd8, 0xcf, 0xb9, 0xd7, 0xba, 0xd7, 0x9a, 0xdf, 0x9b, 0xdf, 0x9b, 0xdf, 0xbc, 0xdf, 0xbc, 0xdf, 0xbb, 0xdf, 0xbb, 0xe7, 0xbb, 0xe7, 0xbc, 0xe7, 0xbc, 0xe7, 0xbc, 0xe7, 0xbc, 0xe7, 0xbc, 0xe7, 0xbc, 0xe7, 0xbc, 0xe7, 0xbc, 0xe7, 0xbc, 0xe7, 0xbc, 0xe7, 0xbc, 0xe7, 0xbc, 0xe7, 0xbc, 0xe7, 0xbc, 0xe7, 0xbc, 0xe7, 0xbc, 0xe7, 0xbc, 0xe7, 0xbc, 0xe7, 0xbc, 0xe7, 0xbc, 0xe7, 0xbc, 0xe7, 0xbc, 0xe7, 0xbc, 0xe7, 0xbc, 0xe7, 0xbc, 0xe7, 0xbc, 0xe7, 0xbc, 0xe7, 0xbc, 0xe7, 0xbc, 0xe7, 0xbc, 0xe7, 0xbc, 0xe7, 0xbc, 0xe7, 0xbc, 0xe7, 0xbc, 0xe7, 0xbc, 0xe7, 0xbc, 0xe7, 0xbc, 0xe7, 0xbc, 0xe7, 0xbc, 0xe7, 0xbc, 0xe7, 0xbc, 0xe7, 0xbc, 0xe7, 0xbc, 0xe7, 0xbc, 0xe7, 0xbc, 0xe7, 0xbc, 0xe7, 0xbc, 0xdf, 0xbb, 0xdf, 0xbb, 0xdf, 0xbb, 0xd7, 0xba, 0xd7, 0xba, 0xcf, 0xda, 0xcf, 0xd9, 0xcf, 0xd9, 0xcf, 0xd9, 0xcf, 0xf9, 0xcf, 0xf9, 0xcf, 0xf9, 0xc7, 0xf8, 0xc7, 0xf8, 0xc7, 0xf7, 0xc7, 0xf7, 0xc7, 0xf8, 0xc7, 0xf8, 0xc7, 0xf8, 0xc7, 0xf8, 0xc7, 0xf8, 0xc7, 0xf8, 0xc7, 0xf8, 0xc7, 0xf8, 0xc7, 0xf8, 0xc7, 0xf8, 
#endif
#if LV_COLOR_DEPTH == 32
  /*Pixel format: Fix 0xFF: 8 bit, Red: 8 bit, Green: 8 bit, Blue: 8 bit*/
  0xc0, 0xff, 0xc0, 0xff, 0xc0, 0xff, 0xc0, 0xff, 0xc0, 0xff, 0xc0, 0xff, 0xc0, 0xff, 0xc0, 0xff, 0xc0, 0xff, 0xc0, 0xff, 0xc0, 0xff, 0xc0, 0xff, 0xc0, 0xff, 0xc0, 0xff, 0xc0, 0xff, 0xc0, 0xff, 0xc0, 0xff, 0xc0, 0xff, 0xc0, 0xff, 0xc0, 0xff, 0xc0, 0xff, 0xc0, 0xff, 0xc0, 0xff, 0xc0, 0xff, 0xc0, 0xff, 0xc0, 0xff, 0xc0, 0xff, 0xc0, 0xff, 0xc0, 0xff, 0xc0, 0xff, 0xc0, 0xff, 0xc0, 0xff, 0xc0, 0xff, 0xc0, 0xff, 0xc0, 0xff, 0xc0, 0xff, 0xc0, 0xff, 0xc0, 0xff, 0xc0, 0xff, 0xc0, 0xff, 0xc0, 0xff, 0xc0, 0xff, 0xc0, 0xff, 0xc0, 0xff, 0xc0, 0xff, 0xc0, 0xff, 0xc0, 0xff, 0xc0, 0xff, 0xc0, 0xff, 0xc0, 0xff, 0xc0, 0xff, 0xc0, 0xff, 0xc0, 0xff, 0xc0, 0xff, 0xc0, 0xff, 0xc0, 0xff, 0xc0, 0xff, 0xc0, 0xff, 0xc0, 0xff, 0xc0, 0xff, 0xc0, 0xff, 0xc0, 0xff, 0xc0, 0xff, 0xc0, 0xff, 0xc1, 0xff, 0xbf, 0xff, 0xc1, 0xff, 0xc0, 0xff, 0xc1, 0xfe, 0xc1, 0xff, 0xc1, 0xfe, 0xc2, 0xff, 0xc1, 0xfd, 0xc3, 0xff, 0xc1, 0xfd, 0xc3, 0xff, 0xc0, 0xfd, 0xc3, 0xff, 0xc0, 0xfe, 0xc3, 0xff, 0xbf, 0xfd, 0xc0, 0xff, 0xbf, 0xfe, 0xbf, 0xff, 0xbf, 0xfe, 0xbe, 0xff, 0xc0, 0xff, 0xbf, 0xff, 0xc0, 0xff, 0xbf, 0xff, 0xc0, 0xff, 0xc0, 0xff, 0xc0, 0xfe, 0xc1, 0xff, 0xbe, 0xfe, 0xc2, 0xff, 0xbb, 0xfd, 0xc2, 0xff, 0xba, 0xfe, 0xc2, 0xff, 0xbc, 0xfe, 0xc0, 0xff, 0xbe, 0xfd, 0xc2, 0xff, 0xc1, 0xfb, 0xc8, 0xff, 0xc3, 0xf9, 0xca, 0xff, 0xc5, 0xf9, 0xc9, 0xff, 0xc7, 0xf6, 0xcf, 0xff, 0xc6, 0xef, 0xda, 0xff, 0xc5, 0xeb, 0xe2, 0xff, 0xc4, 0xe9, 0xe6, 0xff, 0xc4, 0xee, 0xe0, 0xff, 0xc2, 0xf7, 0xcf, 0xff, 0xc1, 0xfc, 0xc5, 0xff, 0xbf, 0xfc, 0xc3, 0xff, 0xbe, 0xfc, 0xc1, 0xff, 0xc0, 0xfe, 0xc1, 0xff, 0xc0, 0xff, 0xc0, 0xff, 0xc0, 0xff, 0xc0, 0xff, 0xc0, 0xff, 0xc0, 0xff, 0xc0, 0xff, 0xc0, 0xff, 0xc0, 0xff, 0xc0, 0xff, 0xc0, 0xff, 0xc0, 0xff, 0xc0, 0xff, 0xc0, 0xff, 0xc0, 0xff, 0xc0, 0xff, 0xc0, 0xff, 0xc0, 0xff, 0xc0, 0xff, 0xc0, 0xff, 0xc0, 0xff, 0xc0, 0xff, 0xc0, 0xff, 0xc0, 0xff, 0xc0, 0xff, 0xc0, 0xff, 0xc0, 0xff, 0xc0, 0xff, 0xc0, 0xff, 0xc0, 0xff, 0xc0, 0xff, 0xc0, 0xff, 0xc0, 0xff, 0xc0, 0xff, 0xc0, 0xff, 0xc0, 0xff, 0xc0, 0xff, 0xc0, 0xff, 0xc0, 0xff, 0xc0, 0xff, 0xc0, 0xff, 0xc0, 0xff, 0xc0, 0xff, 0xc0, 0xff, 0xc0, 0xff, 0xc0, 0xff, 0xc0, 0xff, 0xc0, 0xff, 0xc0, 0xff, 0xc0, 0xff, 
  0xc0, 0xff, 0xc0, 0xff, 0xc0, 0xff, 0xc0, 0xff, 0xc0, 0xff, 0xc0, 0xff, 0xc0, 0xff, 0xc0, 0xff, 0xc0, 0xff, 0xc0, 0xff, 0xc0, 0xff, 0xc0, 0xff, 0xc0, 0xff, 0xc0, 0xff, 0xc0, 0xff, 0xc0, 0xff, 0xc0, 0xff, 0xc0, 0xff, 0xc0, 0xff, 0xc0, 0xff, 0xc0, 0xff, 0xc0, 0xff, 0xc0, 0xff, 0xc0, 0xff, 0xc0, 0xff, 0xc0, 0xff, 0xc0, 0xff, 0xc0, 0xff, 0xc0, 0xff, 0xc0, 0xff, 0xc0, 0xff, 0xc0, 0xff, 0xc0, 0xff, 0xc0, 0xff, 0xc0, 0xff, 0xc0, 0xff, 0xc0, 0xff, 0xc0, 0xff, 0xc0, 0xff, 0xc0, 0xff, 0xc0, 0xff, 0xc0, 0xff, 0xc0, 0xff, 0xc0, 0xff, 0xc0, 0xff, 0xc0, 0xff, 0xc0, 0xff, 0xc0, 0xff, 0xc0, 0xff, 0xc0, 0xff, 0xc0, 0xff, 0xc0, 0xff, 0xc0, 0xff, 0xc0, 0xff, 0xc0, 0xff, 0xc0, 0xff, 0xc0, 0xff, 0xc0, 0xff, 0xc0, 0xff, 0xc0, 0xff, 0xc0, 0xff, 0xc0, 0xff, 0xc0, 0xff, 0xc0, 0xff, 0xc1, 0xff, 0xbf, 0xff, 0xc1, 0xff, 0xc0, 0xff, 0xc1, 0xfe, 0xc1, 0xff, 0xc1, 0xfe, 0xc2, 0xff, 0xc1, 0xfd, 0xc3, 0xff, 0xc1, 0xfd, 0xc3, 0xff, 0xc0, 0xfd, 0xc3, 0xff, 0xc0, 0xfe, 0xc2, 0xff, 0xc0, 0xff, 0xc1, 0xff, 0xc0, 0xff, 0xc0, 0xff, 0xc0, 0xff, 0xbf, 0xff, 0xc0, 0xff, 0xbf, 0xff, 0xc0, 0xff, 0xbf, 0xff, 0xc0, 0xff, 0xc0, 0xff, 0xc0, 0xfe, 0xc1, 0xff, 0xbf, 0xfe, 0xc3, 0xff, 0xbb, 0xfd, 0xc2, 0xff, 0xbb, 0xfd, 0xc2, 0xff, 0xbd, 0xfd, 0xc2, 0xff, 0xbf, 0xfc, 0xc6, 0xff, 0xc1, 0xf9, 0xcb, 0xff, 0xc2, 0xf6, 0xcd, 0xff, 0xc5, 0xf6, 0xcc, 0xff, 0xc6, 0xf3, 0xd2, 0xff, 0xc5, 0xec, 0xdc, 0xff, 0xc4, 0xe9, 0xe3, 0xff, 0xc3, 0xe8, 0xe5, 0xff, 0xc3, 0xed, 0xdf, 0xff, 0xc2, 0xf7, 0xcf, 0xff, 0xc1, 0xfc, 0xc5, 0xff, 0xc0, 0xfd, 0xc3, 0xff, 0xbf, 0xfd, 0xc1, 0xff, 0xc0, 0xff, 0xc1, 0xff, 0xc0, 0xff, 0xc0, 0xff, 0xc0, 0xff, 0xc0, 0xff, 0xc0, 0xff, 0xc0, 0xff, 0xc0, 0xff, 0xc0, 0xff, 0xc0, 0xff, 0xc0, 0xff, 0xc0, 0xff, 0xc0, 0xff, 0xc0, 0xff, 0xc0, 0xff, 0xc0, 0xff, 0xc0, 0xff, 0xc0, 0xff, 0xc0, 0xff, 0xc0, 0xff, 0xc0, 0xff, 0xc0, 0xff, 0xc0, 0xff, 0xc0, 0xff, 0xc0, 0xff, 0xc0, 0xff, 0xc0, 0xff, 0xc0, 0xff, 0xc0, 0xff, 0xc0, 0xff, 0xc0, 0xff, 0xc0, 0xff, 0xc0, 0xff, 0xc0, 0xff, 0xc0, 0xff, 0xc0, 0xff, 0xc0, 0xff, 0xc0, 0xff, 0xc0, 0xff, 0xc0, 0xff, 0xc0, 0xff, 0xc0, 0xff, 0xc0, 0xff, 0xc0, 0xff, 0xc0, 0xff, 0xc0, 0xff, 0xc0, 0xff, 0xc0, 0xff, 0xc0, 0xff, 0xc0, 0xff, 0xc0, 0xff, 
  0xc0, 0xff, 0xc0, 0xff, 0xc0, 0xff, 0xc0, 0xff, 0xc0, 0xff, 0xc0, 0xff, 0xc0, 0xff, 0xc0, 0xff, 0xc0, 0xff, 0xc0, 0xff, 0xc0, 0xff, 0xc0, 0xff, 0xc0, 0xff, 0xc0, 0xff, 0xc0, 0xff, 0xc0, 0xff, 0xc0, 0xff, 0xc0, 0xff, 0xc0, 0xff, 0xc0, 0xff, 0xc0, 0xff, 0xc0, 0xff, 0xc0, 0xff, 0xc0, 0xff, 0xc0, 0xff, 0xc0, 0xff, 0xc0, 0xff, 0xc0, 0xff, 0xc0, 0xff, 0xc0, 0xff, 0xc0, 0xff, 0xc0, 0xff, 0xc0, 0xff, 0xc0, 0xff, 0xc0, 0xff, 0xc0, 0xff, 0xc0, 0xff, 0xc0, 0xff, 0xc0, 0xff, 0xc0, 0xff, 0xc0, 0xff, 0xc0, 0xff, 0xc0, 0xff, 0xc0, 0xff, 0xc0, 0xff, 0xc0, 0xff, 0xc0, 0xff, 0xc0, 0xff, 0xc0, 0xff, 0xc0, 0xff, 0xc0, 0xff, 0xc0, 0xff, 0xc0, 0xff, 0xc0, 0xff, 0xc0, 0xff, 0xc0, 0xff, 0xc0, 0xff, 0xc0, 0xff, 0xc0, 0xff, 0xc0, 0xff, 0xc0, 0xff, 0xc0, 0xff, 0xc0, 0xff, 0xc0, 0xff, 0xc1, 0xff, 0xbf, 0xff, 0xc1, 0xff, 0xc0, 0xff, 0xc0, 0xfe, 0xc1, 0xff, 0xc0, 0xfe, 0xc2, 0xff, 0xc0, 0xfd, 0xc3, 0xff, 0xc0, 0xfd, 0xc3, 0xff, 0xc0, 0xfe, 0xc2, 0xff, 0xc0, 0xfe, 0xc1, 0xff, 0xc0, 0xff, 0xc0, 0xff, 0xc0, 0xff, 0xbf, 0xff, 0xc0, 0xff, 0xbf, 0xff, 0xc0, 0xff, 0xbf, 0xff, 0xc0, 0xff, 0xc0, 0xff, 0xc0, 0xff, 0xc1, 0xff, 0xc1, 0xff, 0xc3, 0xff, 0xc0, 0xff, 0xc4, 0xff, 0xbc, 0xfd, 0xc3, 0xff, 0xbc, 0xfc, 0xc4, 0xff, 0xbd, 0xfb, 0xc6, 0xff, 0xbf, 0xf8, 0xca, 0xff, 0xc1, 0xf5, 0xd1, 0xff, 0xc3, 0xf3, 0xd4, 0xff, 0xc4, 0xf1, 0xd3, 0xff, 0xc4, 0xed, 0xd7, 0xff, 0xc4, 0xe9, 0xe0, 0xff, 0xc3, 0xe6, 0xe5, 0xff, 0xc2, 0xe6, 0xe5, 0xff, 0xc2, 0xec, 0xdd, 0xff, 0xc1, 0xf6, 0xcd, 0xff, 0xc1, 0xfd, 0xc4, 0xff, 0xc0, 0xfe, 0xc2, 0xff, 0xc0, 0xff, 0xc1, 0xff, 0xc0, 0xff, 0xc1, 0xff, 0xc0, 0xff, 0xc0, 0xff, 0xc0, 0xff, 0xc0, 0xff, 0xc0, 0xff, 0xc0, 0xff, 0xc0, 0xff, 0xc0, 0xff, 0xc0, 0xff, 0xc0, 0xff, 0xc0, 0xff, 0xc0, 0xff, 0xc0, 0xff, 0xc0, 0xff, 0xc0, 0xff, 0xc0, 0xff, 0xc0, 0xff, 0xc0, 0xff, 0xc0, 0xff, 0xc0, 0xff, 0xc0, 0xff, 0xc0, 0xff, 0xc0, 0xff, 0xc0, 0xff, 0xc0, 0xff, 0xc0, 0xff, 0xc0, 0xff, 0xc0, 0xff, 0xc0, 0xff, 0xc0, 0xff, 0xc0, 0xff, 0xc0, 0xff, 0xc0, 0xff, 0xc0, 0xff, 0xc0, 0xff, 0xc0, 0xff, 0xc0, 0xff, 0xc0, 0xff, 0xc0, 0xff, 0xc0, 0xff, 0xc0, 0xff, 0xc0, 0xff, 0xc0, 0xff, 0xc0, 0xff, 0xc0, 0xff, 0xc0, 0xff, 0xc0, 0xff, 0xc0, 0xff, 0xc0, 0xff, 0xc0, 0xff, 
  0xc0, 0xff, 0xc0, 0xff, 0xc0, 0xff, 0xc0, 0xff, 0xc0, 0xff, 0xc0, 0xff, 0xc0, 0xff, 0xc0, 0xff, 0xc0, 0xff, 0xc0, 0xff, 0xc0, 0xff, 0xc0, 0xff, 0xc0, 0xff, 0xc0, 0xff, 0xc0, 0xff, 0xc0, 0xff, 0xc0, 0xff, 0xc0, 0xff, 0xc0, 0xff, 0xc0, 0xff, 0xc0, 0xff, 0xc0, 0xff, 0xc0, 0xff, 0xc0, 0xff, 0xc0, 0xff, 0xc0, 0xff, 0xc0, 0xff, 0xc0, 0xff, 0xc0, 0xff, 0xc0, 0xff, 0xc0, 0xff, 0xc0, 0xff, 0xc0, 0xff, 0xc0, 0xff, 0xc0, 0xff, 0xc0, 0xff, 0xc0, 0xff, 0xc0, 0xff, 0xc0, 0xff, 0xc0, 0xff, 0xc0, 0xff, 0xc0, 0xff, 0xc0, 0xff, 0xc0, 0xff, 0xc0, 0xff, 0xc0, 0xff, 0xc0, 0xff, 0xc0, 0xff, 0xc0, 0xff, 0xc0, 0xff, 0xc0, 0xff, 0xc0, 0xff, 0xc0, 0xff, 0xc0, 0xff, 0xc0, 0xff, 0xc0, 0xff, 0xc0, 0xff, 0xc0, 0xff, 0xc0, 0xff, 0xc0, 0xff, 0xc0, 0xff, 0xc0, 0xff, 0xc0, 0xff, 0xc0, 0xff, 0xc1, 0xff, 0xbf, 0xff, 0xc1, 0xff, 0xc0, 0xff, 0xc0, 0xff, 0xc1, 0xff, 0xc0, 0xfe, 0xc2, 0xff, 0xc0, 0xfe, 0xc2, 0xff, 0xc0, 0xfe, 0xc2, 0xff, 0xc0, 0xfe, 0xc2, 0xff, 0xc0, 0xff, 0xc1, 0xff, 0xc0, 0xff, 0xbf, 0xff, 0xc0, 0xff, 0xbf, 0xff, 0xc0, 0xff, 0xbf, 0xff, 0xc0, 0xff, 0xc0, 0xff, 0xc0, 0xff, 0xc1, 0xff, 0xc0, 0xfe, 0xc2, 0xff, 0xc1, 0xfe, 0xc5, 0xff, 0xc0, 0xfe, 0xc6, 0xff, 0xbd, 0xfb, 0xc5, 0xff, 0xbd, 0xfa, 0xc8, 0xff, 0xbe, 0xf7, 0xca, 0xff, 0xbf, 0xf4, 0xd0, 0xff, 0xc0, 0xee, 0xd6, 0xff, 0xc2, 0xec, 0xda, 0xff, 0xc3, 0xeb, 0xdb, 0xff, 0xc4, 0xe9, 0xdf, 0xff, 0xc4, 0xe6, 0xe6, 0xff, 0xc2, 0xe4, 0xe7, 0xff, 0xc1, 0xe6, 0xe4, 0xff, 0xc1, 0xec, 0xdb, 0xff, 0xc1, 0xf7, 0xcb, 0xff, 0xc1, 0xfd, 0xc3, 0xff, 0xc0, 0xfe, 0xc1, 0xff, 0xbf, 0xff, 0xc0, 0xff, 0xc0, 0xff, 0xc0, 0xff, 0xc0, 0xff, 0xc0, 0xff, 0xc0, 0xff, 0xc0, 0xff, 0xc0, 0xff, 0xc0, 0xff, 0xc0, 0xff, 0xc0, 0xff, 0xc0, 0xff, 0xc0, 0xff, 0xc0, 0xff, 0xc0, 0xff, 0xc0, 0xff, 0xc0, 0xff, 0xc0, 0xff, 0xc0, 0xff, 0xc0, 0xff, 0xc0, 0xff, 0xc0, 0xff, 0xc0, 0xff, 0xc0, 0xff, 0xc0, 0xff, 0xc0, 0xff, 0xc0, 0xff, 0xc0, 0xff, 0xc0, 0xff, 0xc0, 0xff, 0xc0, 0xff, 0xc0, 0xff, 0xc0, 0xff, 0xc0, 0xff, 0xc0, 0xff, 0xc0, 0xff, 0xc0, 0xff, 0xc0, 0xff, 0xc0, 0xff, 0xc0, 0xff, 0xc0, 0xff, 0xc0, 0xff, 0xc0, 0xff, 0xc0, 0xff, 0xc0, 0xff, 0xc0, 0xff, 0xc0, 0xff, 0xc0, 0xff, 0xc0, 0xff, 0xc0, 0xff, 0xc0, 0xff, 0xc0, 0xff, 0xc0, 0xff, 
  0xc0, 0xff, 0xc0, 0xff, 0xc0, 0xff, 0xc0, 0xff, 0xc0, 0xff, 0xc0, 0xff, 0xc0, 0xff, 0xc0, 0xff, 0xc0, 0xff, 0xc0, 0xff, 0xc0, 0xff, 0xc0, 0xff, 0xc0, 0xff, 0xc0, 0xff, 0xc0, 0xff, 0xc0, 0xff, 0xc0, 0xff, 0xc0, 0xff, 0xc0, 0xff, 0xc0, 0xff, 0xc0, 0xff, 0xc0, 0xff, 0xc0, 0xff, 0xc0, 0xff, 0xc0, 0xff, 0xc0, 0xff, 0xc0, 0xff, 0xc0, 0xff, 0xc0, 0xff, 0xc0, 0xff, 0xc0, 0xff, 0xc0, 0xff, 0xc0, 0xff, 0xc0, 0xff, 0xc0, 0xff, 0xc0, 0xff, 0xc0, 0xff, 0xc0, 0xff, 0xc0, 0xff, 0xc0, 0xff, 0xc0, 0xff, 0xc0, 0xff, 0xc0, 0xff, 0xc0, 0xff, 0xc0, 0xff, 0xc0, 0xff, 0xc0, 0xff, 0xc0, 0xff, 0xc0, 0xff, 0xc0, 0xff, 0xc0, 0xff, 0xc0, 0xff, 0xc0, 0xff, 0xc0, 0xff, 0xc0, 0xff, 0xc0, 0xff, 0xc0, 0xff, 0xc0, 0xff, 0xc0, 0xff, 0xc0, 0xff, 0xc0, 0xff, 0xc0, 0xff, 0xc0, 0xff, 0xc0, 0xff, 0xc0, 0xff, 0xbf, 0xff, 0xc0, 0xff, 0xbf, 0xff, 0xc0, 0xff, 0xc0, 0xff, 0xc0, 0xff, 0xc1, 0xff, 0xc0, 0xfe, 0xc1, 0xff, 0xc0, 0xfe, 0xc1, 0xff, 0xc0, 0xff, 0xc1, 0xff, 0xc0, 0xff, 0xc0, 0xff, 0xc0, 0xff, 0xbf, 0xff, 0xc0, 0xff, 0xbe, 0xff, 0xc0, 0xff, 0xbf, 0xff, 0xc0, 0xff, 0xc0, 0xff, 0xc0, 0xfe, 0xc2, 0xff, 0xc0, 0xfd, 0xc4, 0xff, 0xc1, 0xfc, 0xc5, 0xff, 0xc1, 0xfb, 0xc8, 0xff, 0xbf, 0xf9, 0xc9, 0xff, 0xc0, 0xf7, 0xcd, 0xff, 0xbf, 0xf2, 0xd0, 0xff, 0xbf, 0xed, 0xd6, 0xff, 0xc0, 0xe8, 0xdd, 0xff, 0xc1, 0xe5, 0xe2, 0xff, 0xc4, 0xe5, 0xe4, 0xff, 0xc4, 0xe4, 0xe6, 0xff, 0xc4, 0xe3, 0xeb, 0xff, 0xc2, 0xe3, 0xe9, 0xff, 0xc2, 0xe7, 0xe4, 0xff, 0xc1, 0xed, 0xd8, 0xff, 0xc1, 0xf8, 0xc9, 0xff, 0xc0, 0xfd, 0xc0, 0xff, 0xbe, 0xfe, 0xc0, 0xff, 0xbe, 0xfe, 0xbf, 0xff, 0xbf, 0xff, 0xc0, 0xff, 0xc0, 0xff, 0xc0, 0xff, 0xc0, 0xff, 0xc0, 0xff, 0xc0, 0xff, 0xc0, 0xff, 0xc0, 0xff, 0xc0, 0xff, 0xc0, 0xff, 0xc0, 0xff, 0xc0, 0xff, 0xc0, 0xff, 0xc0, 0xff, 0xc0, 0xff, 0xc0, 0xff, 0xc0, 0xff, 0xc0, 0xff, 0xc0, 0xff, 0xc0, 0xff, 0xc0, 0xff, 0xc0, 0xff, 0xc0, 0xff, 0xc0, 0xff, 0xc0, 0xff, 0xc0, 0xff, 0xc0, 0xff, 0xc0, 0xff, 0xc0, 0xff, 0xc0, 0xff, 0xc0, 0xff, 0xc0, 0xff, 0xc0, 0xff, 0xc0, 0xff, 0xc0, 0xff, 0xc0, 0xff, 0xc0, 0xff, 0xc0, 0xff, 0xc0, 0xff, 0xc0, 0xff, 0xc0, 0xff, 0xc0, 0xff, 0xc0, 0xff, 0xc0, 0xff, 0xc0, 0xff, 0xc0, 0xff, 0xc0, 0xff, 0xc0, 0xff, 0xc0, 0xff, 0xc0, 0xff, 0xc0, 0xff, 
  0xc0, 0xff, 0xc0, 0xff, 0xc0, 0xff, 0xc0, 0xff, 0xc0, 0xff, 0xc0, 0xff, 0xc0, 0xff, 0xc0, 0xff, 0xc0, 0xff, 0xc0, 0xff, 0xc0, 0xff, 0xc0, 0xff, 0xc0, 0xff, 0xc0, 0xff, 0xc0, 0xff, 0xc0, 0xff, 0xc0, 0xff, 0xc0, 0xff, 0xc0, 0xff, 0xc0, 0xff, 0xc0, 0xff, 0xc0, 0xff, 0xc0, 0xff, 0xc0, 0xff, 0xc0, 0xff, 0xc0, 0xff, 0xc0, 0xff, 0xc0, 0xff, 0xc0, 0xff, 0xc0, 0xff, 0xc0, 0xff, 0xc0, 0xff, 0xc0, 0xff, 0xc0, 0xff, 0xc0, 0xff, 0xc0, 0xff, 0xc0, 0xff, 0xc0, 0xff, 0xc0, 0xff, 0xc0, 0xff, 0xc0, 0xff, 0xc0, 0xff, 0xc0, 0xff, 0xc0, 0xff, 0xc0, 0xff, 0xc0, 0xff, 0xc0, 0xff, 0xc0, 0xff, 0xc0, 0xff, 0xc0, 0xff, 0xc0, 0xff, 0xc0, 0xff, 0xc0, 0xff, 0xc0, 0xff, 0xc0, 0xff, 0xc0, 0xff, 0xc0, 0xff, 0xc0, 0xff, 0xc0, 0xff, 0xc0, 0xff, 0xc0, 0xff, 0xc0, 0xff, 0xc0, 0xff, 0xc0, 0xff, 0xc0, 0xff, 0xbf, 0xff, 0xc0, 0xff, 0xbf, 0xff, 0xc0, 0xff, 0xc0, 0xff, 0xc0, 0xff, 0xc0, 0xff, 0xc0, 0xff, 0xc0, 0xff, 0xc0, 0xff, 0xc0, 0xff, 0xc0, 0xff, 0xc0, 0xff, 0xc0, 0xff, 0xbf, 0xff, 0xc0, 0xff, 0xbe, 0xff, 0xc0, 0xff, 0xbe, 0xff, 0xc0, 0xff, 0xbf, 0xff, 0xc0, 0xfe, 0xc1, 0xff, 0xc0, 0xfd, 0xc3, 0xff, 0xc0, 0xfc, 0xc6, 0xff, 0xc1, 0xfb, 0xc8, 0xff, 0xc2, 0xf9, 0xcb, 0xff, 0xc0, 0xf5, 0xcd, 0xff, 0xbf, 0xf1, 0xd1, 0xff, 0xbf, 0xed, 0xd6, 0xff, 0xbf, 0xe8, 0xdc, 0xff, 0xc0, 0xe3, 0xe3, 0xff, 0xc2, 0xe1, 0xe9, 0xff, 0xc3, 0xe0, 0xea, 0xff, 0xc4, 0xe1, 0xec, 0xff, 0xc3, 0xe1, 0xed, 0xff, 0xc2, 0xe3, 0xe9, 0xff, 0xc2, 0xe9, 0xe1, 0xff, 0xc2, 0xf0, 0xd6, 0xff, 0xc1, 0xf9, 0xc7, 0xff, 0xc1, 0xff, 0xc0, 0xff, 0xbe, 0xfe, 0xc0, 0xff, 0xbc, 0xfd, 0xbf, 0xff, 0xbf, 0xff, 0xc1, 0xff, 0xc0, 0xff, 0xc0, 0xff, 0xc0, 0xff, 0xc0, 0xff, 0xc0, 0xff, 0xc0, 0xff, 0xc0, 0xff, 0xc0, 0xff, 0xc0, 0xff, 0xc0, 0xff, 0xc0, 0xff, 0xc0, 0xff, 0xc0, 0xff, 0xc0, 0xff, 0xc0, 0xff, 0xc0, 0xff, 0xc0, 0xff, 0xc0, 0xff, 0xc0, 0xff, 0xc0, 0xff, 0xc0, 0xff, 0xc0, 0xff, 0xc0, 0xff, 0xc0, 0xff, 0xc0, 0xff, 0xc0, 0xff, 0xc0, 0xff, 0xc0, 0xff, 0xc0, 0xff, 0xc0, 0xff, 0xc0, 0xff, 0xc0, 0xff, 0xc0, 0xff, 0xc0, 0xff, 0xc0, 0xff, 0xc0, 0xff, 0xc0, 0xff, 0xc0, 0xff, 0xc0, 0xff, 0xc0, 0xff, 0xc0, 0xff, 0xc0, 0xff, 0xc0, 0xff, 0xc0, 0xff, 0xc0, 0xff, 0xc0, 0xff, 0xc0, 0xff, 0xc0, 0xff, 0xc0, 0xff, 0xc0, 0xff, 
  0xc0, 0xff, 0xc0, 0xff, 0xc0, 0xff, 0xc0, 0xff, 0xc0, 0xff, 0xc0, 0xff, 0xc0, 0xff, 0xc0, 0xff, 0xc0, 0xff, 0xc0, 0xff, 0xc0, 0xff, 0xc0, 0xff, 0xc0, 0xff, 0xc0, 0xff, 0xc0, 0xff, 0xc0, 0xff, 0xc0, 0xff, 0xc0, 0xff, 0xc0, 0xff, 0xc0, 0xff, 0xc0, 0xff, 0xc0, 0xff, 0xc0, 0xff, 0xc0, 0xff, 0xc0, 0xff, 0xc0, 0xff, 0xc0, 0xff, 0xc0, 0xff, 0xc0, 0xff, 0xc0, 0xff, 0xc0, 0xff, 0xc0, 0xff, 0xc0, 0xff, 0xc0, 0xff, 0xc0, 0xff, 0xc0, 0xff, 0xc0, 0xff, 0xc0, 0xff, 0xc0, 0xff, 0xc0, 0xff, 0xc0, 0xff, 0xc0, 0xff, 0xc0, 0xff, 0xc0, 0xff, 0xc0, 0xff, 0xc0, 0xff, 0xc0, 0xff, 0xc0, 0xff, 0xc0, 0xff, 0xc0, 0xff, 0xc0, 0xff, 0xc0, 0xff, 0xc0, 0xff, 0xc0, 0xff, 0xc0, 0xff, 0xc0, 0xff, 0xc0, 0xff, 0xc0, 0xff, 0xc0, 0xff, 0xc0, 0xff, 0xc0, 0xff, 0xc0, 0xff, 0xc0, 0xff, 0xc0, 0xff, 0xc0, 0xff, 0xbf, 0xff, 0xc0, 0xff, 0xbf, 0xff, 0xc0, 0xff, 0xc0, 0xff, 0xc0, 0xff, 0xc0, 0xff, 0xc0, 0xff, 0xc0, 0xff, 0xc0, 0xff, 0xbf, 0xff, 0xc0, 0xff, 0xbf, 0xff, 0xc0, 0xff, 0xbe, 0xff, 0xc0, 0xff, 0xbe, 0xff, 0xc0, 0xff, 0xbf, 0xff, 0xc1, 0xff, 0xc0, 0xff, 0xc0, 0xfc, 0xc2, 0xff, 0xc0, 0xfb, 0xc5, 0xff, 0xc0, 0xf9, 0xc8, 0xff, 0xc0, 0xf8, 0xca, 0xff, 0xc1, 0xf6, 0xce, 0xff, 0xbf, 0xf0, 0xd1, 0xff, 0xbf, 0xed, 0xd7, 0xff, 0xc0, 0xe9, 0xde, 0xff, 0xc0, 0xe4, 0xe3, 0xff, 0xc1, 0xe1, 0xea, 0xff, 0xc2, 0xdf, 0xed, 0xff, 0xc2, 0xdd, 0xed, 0xff, 0xc2, 0xdd, 0xed, 0xff, 0xc2, 0xdf, 0xec, 0xff, 0xc1, 0xe3, 0xe6, 0xff, 0xc2, 0xeb, 0xdc, 0xff, 0xc3, 0xf3, 0xd2, 0xff, 0xc3, 0xfc, 0xc7, 0xff, 0xc2, 0xff, 0xc1, 0xff, 0xbf, 0xfe, 0xc3, 0xff, 0xbd, 0xfd, 0xc2, 0xff, 0xbf, 0xfe, 0xc1, 0xff, 0xc0, 0xff, 0xc0, 0xff, 0xc0, 0xff, 0xc0, 0xff, 0xc0, 0xff, 0xc0, 0xff, 0xc0, 0xff, 0xc0, 0xff, 0xc0, 0xff, 0xc0, 0xff, 0xc0, 0xff, 0xc0, 0xff, 0xc0, 0xff, 0xc0, 0xff, 0xc0, 0xff, 0xc0, 0xff, 0xc0, 0xff, 0xc0, 0xff, 0xc0, 0xff, 0xc0, 0xff, 0xc0, 0xff, 0xc0, 0xff, 0xc0, 0xff, 0xc0, 0xff, 0xc0, 0xff, 0xc0, 0xff, 0xc0, 0xff, 0xc0, 0xff, 0xc0, 0xff, 0xc0, 0xff, 0xc0, 0xff, 0xc0, 0xff, 0xc0, 0xff, 0xc0, 0xff, 0xc0, 0xff, 0xc0, 0xff, 0xc0, 0xff, 0xc0, 0xff, 0xc0, 0xff, 0xc0, 0xff, 0xc0, 0xff, 0xc0, 0xff, 0xc0, 0xff, 0xc0, 0xff, 0xc0, 0xff, 0xc0, 0xff, 0xc0, 0xff, 0xc0, 0xff, 0xc0, 0xff, 0xc0, 0xff, 
  0xc0, 0xff, 0xc0, 0xff, 0xc0, 0xff, 0xc0, 0xff, 0xc0, 0xff, 0xc0, 0xff, 0xc0, 0xff, 0xc0, 0xff, 0xc0, 0xff, 0xc0, 0xff, 0xc0, 0xff, 0xc0, 0xff, 0xc0, 0xff, 0xc0, 0xff, 0xc0, 0xff, 0xc0, 0xff, 0xc0, 0xff, 0xc0, 0xff, 0xc0, 0xff, 0xc0, 0xff, 0xc0, 0xff, 0xc0, 0xff, 0xc0, 0xff, 0xc0, 0xff, 0xc0, 0xff, 0xc0, 0xff, 0xc0, 0xff, 0xc0, 0xff, 0xc0, 0xff, 0xc0, 0xff, 0xc0, 0xff, 0xc0, 0xff, 0xc0, 0xff, 0xc0, 0xff, 0xc0, 0xff, 0xc0, 0xff, 0xc0, 0xff, 0xc0, 0xff, 0xc0, 0xff, 0xc0, 0xff, 0xc0, 0xff, 0xc0, 0xff, 0xc0, 0xff, 0xc0, 0xff, 0xc0, 0xff, 0xc0, 0xff, 0xc0, 0xff, 0xc0, 0xff, 0xc0, 0xff, 0xc0, 0xff, 0xc0, 0xff, 0xc0, 0xff, 0xc0, 0xff, 0xc0, 0xff, 0xc0, 0xff, 0xc0, 0xff, 0xc0, 0xff, 0xc0, 0xff, 0xc0, 0xff, 0xc0, 0xff, 0xc0, 0xff, 0xc0, 0xff, 0xc0, 0xff, 0xc0, 0xff, 0xc0, 0xff, 0xc0, 0xff, 0xc0, 0xff, 0xc0, 0xff, 0xc0, 0xff, 0xc0, 0xff, 0xc0, 0xff, 0xc0, 0xff, 0xc0, 0xff, 0xbf, 0xff, 0xc0, 0xff, 0xbf, 0xff, 0xc0, 0xff, 0xbe, 0xff, 0xc0, 0xff, 0xbe, 0xff, 0xc0, 0xff, 0xbe, 0xff, 0xbf, 0xfe, 0xbe, 0xff, 0xc0, 0xfd, 0xc1, 0xff, 0xc0, 0xfb, 0xc4, 0xff, 0xc0, 0xf9, 0xc8, 0xff, 0xc0, 0xf7, 0xcc, 0xff, 0xc0, 0xf6, 0xcf, 0xff, 0xc1, 0xf3, 0xd4, 0xff, 0xbd, 0xea, 0xd5, 0xff, 0xbf, 0xe8, 0xdd, 0xff, 0xc1, 0xe5, 0xe4, 0xff, 0xc2, 0xe3, 0xea, 0xff, 0xc2, 0xe0, 0xee, 0xff, 0xc2, 0xde, 0xef, 0xff, 0xc2, 0xdd, 0xef, 0xff, 0xc1, 0xdc, 0xec, 0xff, 0xc1, 0xdf, 0xea, 0xff, 0xc1, 0xe4, 0xe3, 0xff, 0xc2, 0xee, 0xd7, 0xff, 0xc4, 0xf7, 0xce, 0xff, 0xc3, 0xfe, 0xc5, 0xff, 0xc2, 0xff, 0xc3, 0xff, 0xc0, 0xfe, 0xc5, 0xff, 0xbd, 0xfc, 0xc4, 0xff, 0xbf, 0xfe, 0xc2, 0xff, 0xc0, 0xff, 0xc0, 0xff, 0xc0, 0xff, 0xc0, 0xff, 0xc0, 0xff, 0xc0, 0xff, 0xc0, 0xff, 0xc0, 0xff, 0xc0, 0xff, 0xc0, 0xff, 0xc0, 0xff, 0xc0, 0xff, 0xc0, 0xff, 0xc0, 0xff, 0xc0, 0xff, 0xc0, 0xff, 0xc0, 0xff, 0xc0, 0xff, 0xc0, 0xff, 0xc0, 0xff, 0xc0, 0xff, 0xc0, 0xff, 0xc0, 0xff, 0xc0, 0xff, 0xc0, 0xff, 0xc0, 0xff, 0xc0, 0xff, 0xc0, 0xff, 0xc0, 0xff, 0xc0, 0xff, 0xc0, 0xff, 0xc0, 0xff, 0xc0, 0xff, 0xc0, 0xff, 0xc0, 0xff, 0xc0, 0xff, 0xc0, 0xff, 0xc0, 0xff, 0xc0, 0xff, 0xc0, 0xff, 0xc0, 0xff, 0xc0, 0xff, 0xc0, 0xff, 0xc0, 0xff, 0xc0, 0xff, 0xc0, 0xff, 0xc0, 0xff, 0xc0, 0xff, 0xc0, 0xff, 0xc0, 0xff, 
  0xc0, 0xff, 0xc0, 0xff, 0xc0, 0xff, 0xc0, 0xff, 0xc0, 0xff, 0xc0, 0xff, 0xc0, 0xff, 0xc0, 0xff, 0xc0, 0xff, 0xc0, 0xff, 0xc0, 0xff, 0xc0, 0xff, 0xc0, 0xff, 0xc0, 0xff, 0xc0, 0xff, 0xc0, 0xff, 0xc0, 0xff, 0xc0, 0xff, 0xc0, 0xff, 0xc0, 0xff, 0xc0, 0xff, 0xc0, 0xff, 0xc0, 0xff, 0xc0, 0xff, 0xc0, 0xff, 0xc0, 0xff, 0xc0, 0xff, 0xc0, 0xff, 0xc0, 0xff, 0xc0, 0xff, 0xc0, 0xff, 0xc0, 0xff, 0xc0, 0xff, 0xc0, 0xff, 0xc0, 0xff, 0xc0, 0xff, 0xc0, 0xff, 0xc0, 0xff, 0xc0, 0xff, 0xc0, 0xff, 0xc0, 0xff, 0xc0, 0xff, 0xc0, 0xff, 0xc0, 0xff, 0xc0, 0xff, 0xc0, 0xff, 0xc0, 0xff, 0xc0, 0xff, 0xc0, 0xff, 0xc0, 0xff, 0xc0, 0xff, 0xc0, 0xff, 0xc0, 0xff, 0xc0, 0xff, 0xc0, 0xff, 0xc0, 0xff, 0xc0, 0xff, 0xc0, 0xff, 0xc0, 0xff, 0xc0, 0xff, 0xc0, 0xff, 0xc0, 0xff, 0xc0, 0xff, 0xc0, 0xff, 0xc0, 0xff, 0xc0, 0xff, 0xc0, 0xff, 0xc0, 0xff, 0xc0, 0xff, 0xc0, 0xff, 0xc0, 0xff, 0xc0, 0xff, 0xc0, 0xff, 0xbf, 0xff, 0xc0, 0xff, 0xbf, 0xff, 0xc0, 0xff, 0xbe, 0xff, 0xc0, 0xff, 0xbe, 0xff, 0xc2, 0xff, 0xbf, 0xff, 0xc0, 0xfe, 0xbf, 0xff, 0xbf, 0xfb, 0xc1, 0xff, 0xc1, 0xfb, 0xc8, 0xff, 0xc2, 0xf9, 0xce, 0xff, 0xc1, 0xf6, 0xd1, 0xff, 0xbf, 0xf1, 0xd2, 0xff, 0xbc, 0xeb, 0xd5, 0xff, 0xbe, 0xe7, 0xdc, 0xff, 0xbf, 0xe3, 0xe2, 0xff, 0xc0, 0xe0, 0xe8, 0xff, 0xc0, 0xdf, 0xeb, 0xff, 0xc1, 0xde, 0xec, 0xff, 0xc1, 0xde, 0xed, 0xff, 0xc0, 0xdc, 0xec, 0xff, 0xc0, 0xdd, 0xea, 0xff, 0xc0, 0xe0, 0xe6, 0xff, 0xbf, 0xe5, 0xdc, 0xff, 0xc0, 0xf0, 0xd0, 0xff, 0xc3, 0xfa, 0xc9, 0xff, 0xc3, 0xff, 0xc4, 0xff, 0xc0, 0xff, 0xc1, 0xff, 0xbe, 0xfb, 0xc5, 0xff, 0xbe, 0xfc, 0xc7, 0xff, 0xbf, 0xfe, 0xc3, 0xff, 0xc0, 0xff, 0xc0, 0xff, 0xc0, 0xff, 0xc0, 0xff, 0xc0, 0xff, 0xc0, 0xff, 0xc0, 0xff, 0xc0, 0xff, 0xc0, 0xff, 0xc0, 0xff, 0xc0, 0xff, 0xc0, 0xff, 0xc0, 0xff, 0xc0, 0xff, 0xc0, 0xff, 0xc0, 0xff, 0xc0, 0xff, 0xc0, 0xff, 0xc0, 0xff, 0xc0, 0xff, 0xc0, 0xff, 0xc0, 0xff, 0xc0, 0xff, 0xc0, 0xff, 0xc0, 0xff, 0xc0, 0xff, 0xc0, 0xff, 0xc0, 0xff, 0xc0, 0xff, 0xc0, 0xff, 0xc0, 0xff, 0xc0, 0xff, 0xc0, 0xff, 0xc0, 0xff, 0xc0, 0xff, 0xc0, 0xff, 0xc0, 0xff, 0xc0, 0xff, 0xc0, 0xff, 0xc0, 0xff, 0xc0, 0xff, 0xc0, 0xff, 0xc0, 0xff, 0xc0, 0xff, 0xc0, 0xff, 0xc0, 0xff, 0xc0, 0xff, 0xc0, 0xff, 0xc0, 0xff, 0xc0, 0xff, 
  0xc0, 0xff, 0xc0, 0xff, 0xc0, 0xff, 0xc0, 0xff, 0xc0, 0xff, 0xc0, 0xff, 0xc0, 0xff, 0xc0, 0xff, 0xc0, 0xff, 0xc0, 0xff, 0xc0, 0xff, 0xc0, 0xff, 0xc0, 0xff, 0xc0, 0xff, 0xc0, 0xff, 0xc0, 0xff, 0xc0, 0xff, 0xc0, 0xff, 0xc0, 0xff, 0xc0, 0xff, 0xc0, 0xff, 0xc0, 0xff, 0xc0, 0xff, 0xc0, 0xff, 0xc0, 0xff, 0xc0, 0xff, 0xc0, 0xff, 0xc0, 0xff, 0xc0, 0xff, 0xc0, 0xff, 0xc0, 0xff, 0xc0, 0xff, 0xc0, 0xff, 0xc0, 0xff, 0xc0, 0xff, 0xc0, 0xff, 0xc0, 0xff, 0xc0, 0xff, 0xc0, 0xff, 0xc0, 0xff, 0xc0, 0xff, 0xc0, 0xff, 0xc0, 0xff, 0xc0, 0xff, 0xc0, 0xff, 0xc0, 0xff, 0xc0, 0xff, 0xc0, 0xff, 0xc0, 0xff, 0xc0, 0xff, 0xc0, 0xff, 0xc0, 0xff, 0xc0, 0xff, 0xc0, 0xff, 0xc0, 0xff, 0xc0, 0xff, 0xc0, 0xff, 0xc0, 0xff, 0xc0, 0xff, 0xc0, 0xff, 0xc0, 0xff, 0xc0, 0xff, 0xc0, 0xff, 0xc1, 0xff, 0xbf, 0xff, 0xc1, 0xff, 0xbf, 0xff, 0xc1, 0xff, 0xbf, 0xff, 0xc1, 0xff, 0xbf, 0xff, 0xc0, 0xff, 0xc0, 0xff, 0xbf, 0xff, 0xc0, 0xff, 0xbf, 0xff, 0xc0, 0xff, 0xbe, 0xff, 0xc0, 0xff, 0xbf, 0xff, 0xc2, 0xff, 0xc0, 0xff, 0xc1, 0xfe, 0xc2, 0xff, 0xc0, 0xfb, 0xc5, 0xff, 0xc0, 0xf8, 0xca, 0xff, 0xc1, 0xf6, 0xd1, 0xff, 0xc0, 0xf1, 0xd4, 0xff, 0xbd, 0xec, 0xd5, 0xff, 0xbb, 0xe6, 0xd8, 0xff, 0xbd, 0xe3, 0xe0, 0xff, 0xbe, 0xe0, 0xe6, 0xff, 0xbf, 0xde, 0xea, 0xff, 0xbf, 0xdd, 0xeb, 0xff, 0xc0, 0xde, 0xe9, 0xff, 0xc0, 0xde, 0xe9, 0xff, 0xc0, 0xde, 0xea, 0xff, 0xc0, 0xde, 0xe9, 0xff, 0xbf, 0xe0, 0xe3, 0xff, 0xbf, 0xe6, 0xda, 0xff, 0xc0, 0xf2, 0xcc, 0xff, 0xc2, 0xfc, 0xc5, 0xff, 0xc2, 0xff, 0xc1, 0xff, 0xbf, 0xff, 0xc1, 0xff, 0xbe, 0xfb, 0xc6, 0xff, 0xbf, 0xfb, 0xc8, 0xff, 0xbf, 0xfe, 0xc3, 0xff, 0xc0, 0xff, 0xc0, 0xff, 0xc0, 0xff, 0xc0, 0xff, 0xc0, 0xff, 0xc0, 0xff, 0xc0, 0xff, 0xc0, 0xff, 0xc0, 0xff, 0xc0, 0xff, 0xc0, 0xff, 0xc0, 0xff, 0xc0, 0xff, 0xc0, 0xff, 0xc0, 0xff, 0xc0, 0xff, 0xc0, 0xff, 0xc0, 0xff, 0xc0, 0xff, 0xc0, 0xff, 0xc0, 0xff, 0xc0, 0xff, 0xc0, 0xff, 0xc0, 0xff, 0xc0, 0xff, 0xc0, 0xff, 0xc0, 0xff, 0xc0, 0xff, 0xc0, 0xff, 0xc0, 0xff, 0xc0, 0xff, 0xc0, 0xff, 0xc0, 0xff, 0xc0, 0xff, 0xc0, 0xff, 0xc0, 0xff, 0xc0, 0xff, 0xc0, 0xff, 0xc0, 0xff, 0xc0, 0xff, 0xc0, 0xff, 0xc0, 0xff, 0xc0, 0xff, 0xc0, 0xff, 0xc0, 0xff, 0xc0, 0xff, 0xc0, 0xff, 0xc0, 0xff, 0xc0, 0xff, 0xc0, 0xff, 
  0xc0, 0xff, 0xc0, 0xff, 0xc0, 0xff, 0xc0, 0xff, 0xc0, 0xff, 0xc0, 0xff, 0xc0, 0xff, 0xc0, 0xff, 0xc0, 0xff, 0xc0, 0xff, 0xc0, 0xff, 0xc0, 0xff, 0xc0, 0xff, 0xc0, 0xff, 0xc0, 0xff, 0xc0, 0xff, 0xc0, 0xff, 0xc0, 0xff, 0xc0, 0xff, 0xc0, 0xff, 0xc0, 0xff, 0xc0, 0xff, 0xc0, 0xff, 0xc0, 0xff, 0xc0, 0xff, 0xc0, 0xff, 0xc0, 0xff, 0xc0, 0xff, 0xc0, 0xff, 0xc0, 0xff, 0xc0, 0xff, 0xc0, 0xff, 0xc0, 0xff, 0xc0, 0xff, 0xc0, 0xff, 0xc0, 0xff, 0xc0, 0xff, 0xc0, 0xff, 0xc0, 0xff, 0xc0, 0xff, 0xc0, 0xff, 0xc0, 0xff, 0xc0, 0xff, 0xc0, 0xff, 0xc0, 0xff, 0xc0, 0xff, 0xc0, 0xff, 0xc0, 0xff, 0xc0, 0xff, 0xc0, 0xff, 0xc0, 0xff, 0xc0, 0xff, 0xc0, 0xff, 0xc0, 0xff, 0xc0, 0xff, 0xc0, 0xff, 0xc0, 0xff, 0xc0, 0xff, 0xc0, 0xff, 0xc0, 0xff, 0xc0, 0xff, 0xc0, 0xff, 0xbf, 0xff, 0xc1, 0xff, 0xbf, 0xff, 0xc1, 0xff, 0xbe, 0xff, 0xc1, 0xff, 0xbe, 0xff, 0xc1, 0xff, 0xbf, 0xff, 0xc0, 0xff, 0xbf, 0xff, 0xbf, 0xff, 0xc0, 0xff, 0xbf, 0xff, 0xc0, 0xff, 0xbf, 0xff, 0xc0, 0xff, 0xbf, 0xff, 0xc1, 0xfe, 0xc1, 0xff, 0xc1, 0xfd, 0xc4, 0xff, 0xc1, 0xfa, 0xc9, 0xff, 0xc0, 0xf6, 0xce, 0xff, 0xbf, 0xf1, 0xd2, 0xff, 0xbd, 0xec, 0xd6, 0xff, 0xbb, 0xe6, 0xd8, 0xff, 0xba, 0xe2, 0xdc, 0xff, 0xbd, 0xe0, 0xe3, 0xff, 0xbd, 0xde, 0xe8, 0xff, 0xbd, 0xdc, 0xeb, 0xff, 0xbe, 0xdc, 0xea, 0xff, 0xbf, 0xdf, 0xe5, 0xff, 0xbf, 0xdf, 0xe4, 0xff, 0xbf, 0xde, 0xe7, 0xff, 0xbf, 0xde, 0xe6, 0xff, 0xbe, 0xe0, 0xe2, 0xff, 0xbe, 0xe7, 0xd8, 0xff, 0xc0, 0xf3, 0xca, 0xff, 0xc2, 0xfd, 0xc3, 0xff, 0xc2, 0xff, 0xc0, 0xff, 0xc0, 0xff, 0xc1, 0xff, 0xbe, 0xfa, 0xc6, 0xff, 0xbf, 0xfb, 0xc8, 0xff, 0xc0, 0xfe, 0xc3, 0xff, 0xc0, 0xff, 0xc0, 0xff, 0xc0, 0xff, 0xc0, 0xff, 0xc0, 0xff, 0xc0, 0xff, 0xc0, 0xff, 0xc0, 0xff, 0xc0, 0xff, 0xc0, 0xff, 0xc0, 0xff, 0xc0, 0xff, 0xc0, 0xff, 0xc0, 0xff, 0xc0, 0xff, 0xc0, 0xff, 0xc0, 0xff, 0xc0, 0xff, 0xc0, 0xff, 0xc0, 0xff, 0xc0, 0xff, 0xc0, 0xff, 0xc0, 0xff, 0xc0, 0xff, 0xc0, 0xff, 0xc0, 0xff, 0xc0, 0xff, 0xc0, 0xff, 0xc0, 0xff, 0xc0, 0xff, 0xc0, 0xff, 0xc0, 0xff, 0xc0, 0xff, 0xc0, 0xff, 0xc0, 0xff, 0xc0, 0xff, 0xc0, 0xff, 0xc0, 0xff, 0xc0, 0xff, 0xc0, 0xff, 0xc0, 0xff, 0xc0, 0xff, 0xc0, 0xff, 0xc0, 0xff, 0xc0, 0xff, 0xc0, 0xff, 0xc0, 0xff, 0xc0, 0xff, 0xc0, 0xff, 0xc0, 0xff, 
  0xc0, 0xff, 0xc0, 0xff, 0xc0, 0xff, 0xc0, 0xff, 0xc0, 0xff, 0xc0, 0xff, 0xc0, 0xff, 0xc0, 0xff, 0xc0, 0xff, 0xc0, 0xff, 0xc0, 0xff, 0xc0, 0xff, 0xc0, 0xff, 0xc0, 0xff, 0xc0, 0xff, 0xc0, 0xff, 0xc0, 0xff, 0xc0, 0xff, 0xc0, 0xff, 0xc0, 0xff, 0xc0, 0xff, 0xc0, 0xff, 0xc0, 0xff, 0xc0, 0xff, 0xc0, 0xff, 0xc0, 0xff, 0xc0, 0xff, 0xc0, 0xff, 0xc0, 0xff, 0xc0, 0xff, 0xc0, 0xff, 0xc0, 0xff, 0xc0, 0xff, 0xc0, 0xff, 0xc0, 0xff, 0xc0, 0xff, 0xc0, 0xff, 0xc0, 0xff, 0xc0, 0xff, 0xc0, 0xff, 0xc0, 0xff, 0xc0, 0xff, 0xc0, 0xff, 0xc0, 0xff, 0xc0, 0xff, 0xc0, 0xff, 0xc0, 0xff, 0xc0, 0xff, 0xc0, 0xff, 0xc0, 0xff, 0xc0, 0xff, 0xc0, 0xff, 0xc0, 0xff, 0xc0, 0xff, 0xc0, 0xff, 0xc0, 0xff, 0xc0, 0xff, 0xc0, 0xff, 0xc0, 0xff, 0xc0, 0xff, 0xc0, 0xff, 0xc0, 0xff, 0xbf, 0xff, 0xc1, 0xff, 0xbe, 0xff, 0xc1, 0xff, 0xbe, 0xff, 0xc2, 0xff, 0xbe, 0xff, 0xc1, 0xff, 0xbe, 0xff, 0xc0, 0xff, 0xbf, 0xff, 0xc0, 0xff, 0xc0, 0xff, 0xbf, 0xff, 0xc0, 0xff, 0xbf, 0xff, 0xc0, 0xff, 0xc0, 0xff, 0xc0, 0xfd, 0xc1, 0xff, 0xc2, 0xfd, 0xc7, 0xff, 0xc2, 0xfa, 0xcd, 0xff, 0xc0, 0xf3, 0xd0, 0xff, 0xbd, 0xed, 0xd5, 0xff, 0xbb, 0xe7, 0xd9, 0xff, 0xba, 0xe2, 0xdc, 0xff, 0xba, 0xdf, 0xe0, 0xff, 0xbc, 0xdf, 0xe6, 0xff, 0xbd, 0xdd, 0xe9, 0xff, 0xbd, 0xdc, 0xeb, 0xff, 0xbd, 0xdd, 0xe9, 0xff, 0xbe, 0xe0, 0xe3, 0xff, 0xbe, 0xe0, 0xe2, 0xff, 0xbe, 0xdf, 0xe6, 0xff, 0xbe, 0xde, 0xe6, 0xff, 0xbc, 0xdf, 0xe2, 0xff, 0xbc, 0xe6, 0xd9, 0xff, 0xbe, 0xf2, 0xc9, 0xff, 0xc1, 0xfc, 0xc2, 0xff, 0xc1, 0xff, 0xc0, 0xff, 0xc0, 0xff, 0xc0, 0xff, 0xbf, 0xfb, 0xc5, 0xff, 0xc0, 0xfc, 0xc7, 0xff, 0xc0, 0xfe, 0xc3, 0xff, 0xc0, 0xff, 0xc0, 0xff, 0xc0, 0xff, 0xc0, 0xff, 0xc0, 0xff, 0xc0, 0xff, 0xc0, 0xff, 0xc0, 0xff, 0xc0, 0xff, 0xc0, 0xff, 0xc0, 0xff, 0xc0, 0xff, 0xc0, 0xff, 0xc0, 0xff, 0xc0, 0xff, 0xc0, 0xff, 0xc0, 0xff, 0xc0, 0xff, 0xc0, 0xff, 0xc0, 0xff, 0xc0, 0xff, 0xc0, 0xff, 0xc0, 0xff, 0xc0, 0xff, 0xc0, 0xff, 0xc0, 0xff, 0xc0, 0xff, 0xc0, 0xff, 0xc0, 0xff, 0xc0, 0xff, 0xc0, 0xff, 0xc0, 0xff, 0xc0, 0xff, 0xc0, 0xff, 0xc0, 0xff, 0xc0, 0xff, 0xc0, 0xff, 0xc0, 0xff, 0xc0, 0xff, 0xc0, 0xff, 0xc0, 0xff, 0xc0, 0xff, 0xc0, 0xff, 0xc0, 0xff, 0xc0, 0xff, 0xc0, 0xff, 0xc0, 0xff, 0xc0, 0xff, 0xc0, 0xff, 0xc0, 0xff, 
  0xc0, 0xff, 0xc0, 0xff, 0xc0, 0xff, 0xc0, 0xff, 0xc0, 0xff, 0xc0, 0xff, 0xc0, 0xff, 0xc0, 0xff, 0xc0, 0xff, 0xc0, 0xff, 0xc0, 0xff, 0xc0, 0xff, 0xc0, 0xff, 0xc0, 0xff, 0xc0, 0xff, 0xc0, 0xff, 0xc0, 0xff, 0xc0, 0xff, 0xc0, 0xff, 0xc0, 0xff, 0xc0, 0xff, 0xc0, 0xff, 0xc0, 0xff, 0xc0, 0xff, 0xc0, 0xff, 0xc0, 0xff, 0xc0, 0xff, 0xc0, 0xff, 0xc0, 0xff, 0xc0, 0xff, 0xc0, 0xff, 0xc0, 0xff, 0xc0, 0xff, 0xc0, 0xff, 0xc0, 0xff, 0xc0, 0xff, 0xc0, 0xff, 0xc0, 0xff, 0xc0, 0xff, 0xc0, 0xff, 0xc0, 0xff, 0xc0, 0xff, 0xc0, 0xff, 0xc0, 0xff, 0xc0, 0xff, 0xc0, 0xff, 0xc0, 0xff, 0xc0, 0xff, 0xc0, 0xff, 0xc0, 0xff, 0xc0, 0xff, 0xc0, 0xff, 0xc0, 0xff, 0xc0, 0xff, 0xc0, 0xff, 0xc0, 0xff, 0xc0, 0xff, 0xc0, 0xff, 0xc0, 0xff, 0xc0, 0xff, 0xc0, 0xff, 0xc0, 0xff, 0xbf, 0xff, 0xc1, 0xff, 0xbe, 0xff, 0xc1, 0xff, 0xbe, 0xfe, 0xc2, 0xff, 0xbe, 0xff, 0xc2, 0xff, 0xbe, 0xff, 0xc1, 0xff, 0xbf, 0xff, 0xc0, 0xff, 0xc0, 0xff, 0xc0, 0xff, 0xc0, 0xff, 0xc0, 0xff, 0xc0, 0xfe, 0xc1, 0xff, 0xbf, 0xfb, 0xc2, 0xff, 0xc2, 0xfc, 0xc9, 0xff, 0xc2, 0xf8, 0xcf, 0xff, 0xbf, 0xf1, 0xd2, 0xff, 0xbc, 0xe8, 0xd6, 0xff, 0xbb, 0xe4, 0xdc, 0xff, 0xbb, 0xe1, 0xe2, 0xff, 0xba, 0xde, 0xe5, 0xff, 0xbb, 0xde, 0xe6, 0xff, 0xbb, 0xdd, 0xe7, 0xff, 0xbc, 0xdd, 0xe9, 0xff, 0xbc, 0xde, 0xe7, 0xff, 0xbc, 0xe2, 0xe0, 0xff, 0xbc, 0xe2, 0xe0, 0xff, 0xbc, 0xde, 0xe7, 0xff, 0xbc, 0xdd, 0xe9, 0xff, 0xbb, 0xdd, 0xe6, 0xff, 0xbb, 0xe4, 0xdc, 0xff, 0xbd, 0xf1, 0xcb, 0xff, 0xc0, 0xfc, 0xc3, 0xff, 0xc1, 0xff, 0xc1, 0xff, 0xc0, 0xff, 0xc0, 0xff, 0xc0, 0xfd, 0xc4, 0xff, 0xc0, 0xfd, 0xc5, 0xff, 0xc0, 0xfe, 0xc2, 0xff, 0xc0, 0xff, 0xc0, 0xff, 0xc0, 0xff, 0xc0, 0xff, 0xc0, 0xff, 0xc0, 0xff, 0xc0, 0xff, 0xc0, 0xff, 0xc0, 0xff, 0xc0, 0xff, 0xc0, 0xff, 0xc0, 0xff, 0xc0, 0xff, 0xc0, 0xff, 0xc0, 0xff, 0xc0, 0xff, 0xc0, 0xff, 0xc0, 0xff, 0xc0, 0xff, 0xc0, 0xff, 0xc0, 0xff, 0xc0, 0xff, 0xc0, 0xff, 0xc0, 0xff, 0xc0, 0xff, 0xc0, 0xff, 0xc0, 0xff, 0xc0, 0xff, 0xc0, 0xff, 0xc0, 0xff, 0xc0, 0xff, 0xc0, 0xff, 0xc0, 0xff, 0xc0, 0xff, 0xc0, 0xff, 0xc0, 0xff, 0xc0, 0xff, 0xc0, 0xff, 0xc0, 0xff, 0xc0, 0xff, 0xc0, 0xff, 0xc0, 0xff, 0xc0, 0xff, 0xc0, 0xff, 0xc0, 0xff, 0xc0, 0xff, 0xc0, 0xff, 0xc0, 0xff, 0xc0, 0xff, 0xc0, 0xff, 
  0xc0, 0xff, 0xc0, 0xff, 0xc0, 0xff, 0xc0, 0xff, 0xc0, 0xff, 0xc0, 0xff, 0xc0, 0xff, 0xc0, 0xff, 0xc0, 0xff, 0xc0, 0xff, 0xc0, 0xff, 0xc0, 0xff, 0xc0, 0xff, 0xc0, 0xff, 0xc0, 0xff, 0xc0, 0xff, 0xc0, 0xff, 0xc0, 0xff, 0xc0, 0xff, 0xc0, 0xff, 0xc0, 0xff, 0xc0, 0xff, 0xc0, 0xff, 0xc0, 0xff, 0xc0, 0xff, 0xc0, 0xff, 0xc0, 0xff, 0xc0, 0xff, 0xc0, 0xff, 0xc0, 0xff, 0xc0, 0xff, 0xc0, 0xff, 0xc0, 0xff, 0xc0, 0xff, 0xc0, 0xff, 0xc0, 0xff, 0xc0, 0xff, 0xc0, 0xff, 0xc0, 0xff, 0xc0, 0xff, 0xc0, 0xff, 0xc0, 0xff, 0xc0, 0xff, 0xc0, 0xff, 0xc0, 0xff, 0xc0, 0xff, 0xc0, 0xff, 0xc0, 0xff, 0xc0, 0xff, 0xc0, 0xff, 0xc0, 0xff, 0xc0, 0xff, 0xc0, 0xff, 0xc0, 0xff, 0xc0, 0xff, 0xc0, 0xff, 0xc0, 0xff, 0xc0, 0xff, 0xc0, 0xff, 0xc0, 0xff, 0xc0, 0xff, 0xc0, 0xff, 0xbf, 0xff, 0xc1, 0xff, 0xbe, 0xfe, 0xc2, 0xff, 0xbe, 0xfe, 0xc2, 0xff, 0xbe, 0xfe, 0xc2, 0xff, 0xbe, 0xff, 0xc1, 0xff, 0xbf, 0xff, 0xc1, 0xff, 0xbf, 0xff, 0xc0, 0xff, 0xc0, 0xff, 0xc0, 0xff, 0xc0, 0xfe, 0xc2, 0xff, 0xc0, 0xfb, 0xc4, 0xff, 0xc2, 0xfb, 0xcb, 0xff, 0xc0, 0xf5, 0xcf, 0xff, 0xbc, 0xec, 0xd2, 0xff, 0xba, 0xe5, 0xd8, 0xff, 0xbb, 0xe2, 0xe0, 0xff, 0xbb, 0xdf, 0xe6, 0xff, 0xb9, 0xdc, 0xe7, 0xff, 0xba, 0xde, 0xe6, 0xff, 0xba, 0xde, 0xe5, 0xff, 0xba, 0xdd, 0xe7, 0xff, 0xba, 0xde, 0xe4, 0xff, 0xba, 0xe2, 0xdd, 0xff, 0xba, 0xe1, 0xde, 0xff, 0xba, 0xdd, 0xe7, 0xff, 0xba, 0xdb, 0xeb, 0xff, 0xb9, 0xda, 0xe9, 0xff, 0xba, 0xe1, 0xdf, 0xff, 0xbc, 0xef, 0xcd, 0xff, 0xc0, 0xfb, 0xc5, 0xff, 0xc1, 0xff, 0xc1, 0xff, 0xc0, 0xff, 0xbf, 0xff, 0xc0, 0xfe, 0xc2, 0xff, 0xc0, 0xfe, 0xc2, 0xff, 0xc0, 0xfe, 0xc1, 0xff, 0xc0, 0xff, 0xc0, 0xff, 0xc0, 0xff, 0xc0, 0xff, 0xc0, 0xff, 0xc0, 0xff, 0xc0, 0xff, 0xc0, 0xff, 0xc0, 0xff, 0xc0, 0xff, 0xc0, 0xff, 0xc0, 0xff, 0xc0, 0xff, 0xc0, 0xff, 0xc0, 0xff, 0xc0, 0xff, 0xc0, 0xff, 0xc0, 0xff, 0xc0, 0xff, 0xc0, 0xff, 0xc0, 0xff, 0xc0, 0xff, 0xc0, 0xff, 0xc0, 0xff, 0xc0, 0xff, 0xc0, 0xff, 0xc0, 0xff, 0xc0, 0xff, 0xc0, 0xff, 0xc0, 0xff, 0xc0, 0xff, 0xc0, 0xff, 0xc0, 0xff, 0xc0, 0xff, 0xc0, 0xff, 0xc0, 0xff, 0xc0, 0xff, 0xc0, 0xff, 0xc0, 0xff, 0xc0, 0xff, 0xc0, 0xff, 0xc0, 0xff, 0xc0, 0xff, 0xc0, 0xff, 0xc0, 0xff, 0xc0, 0xff, 0xc0, 0xff, 0xc0, 0xff, 0xc0, 0xff, 0xc0, 0xff, 
  0xc0, 0xff, 0xc0, 0xff, 0xc0, 0xff, 0xc0, 0xff, 0xc0, 0xff, 0xc0, 0xff, 0xc0, 0xff, 0xc0, 0xff, 0xc0, 0xff, 0xc0, 0xff, 0xc0, 0xff, 0xc0, 0xff, 0xc0, 0xff, 0xc0, 0xff, 0xc0, 0xff, 0xc0, 0xff, 0xc0, 0xff, 0xc0, 0xff, 0xc0, 0xff, 0xc0, 0xff, 0xc0, 0xff, 0xc0, 0xff, 0xc0, 0xff, 0xc0, 0xff, 0xc0, 0xff, 0xc0, 0xff, 0xc0, 0xff, 0xc0, 0xff, 0xc0, 0xff, 0xc0, 0xff, 0xc0, 0xff, 0xc0, 0xff, 0xc0, 0xff, 0xc0, 0xff, 0xc0, 0xff, 0xc0, 0xff, 0xc0, 0xff, 0xc0, 0xff, 0xc0, 0xff, 0xc0, 0xff, 0xc0, 0xff, 0xc0, 0xff, 0xc0, 0xff, 0xc0, 0xff, 0xc0, 0xff, 0xc0, 0xff, 0xc0, 0xff, 0xc0, 0xff, 0xc0, 0xff, 0xc0, 0xff, 0xc0, 0xff, 0xc0, 0xff, 0xc0, 0xff, 0xc0, 0xff, 0xc0, 0xff, 0xc0, 0xff, 0xc0, 0xff, 0xc0, 0xff, 0xc0, 0xff, 0xc0, 0xff, 0xc0, 0xff, 0xc0, 0xff, 0xbf, 0xff, 0xc1, 0xff, 0xbe, 0xfe, 0xc2, 0xff, 0xbe, 0xfe, 0xc3, 0xff, 0xbe, 0xfe, 0xc2, 0xff, 0xbe, 0xff, 0xc1, 0xff, 0xbe, 0xff, 0xc1, 0xff, 0xbf, 0xff, 0xc0, 0xff, 0xbf, 0xff, 0xc0, 0xff, 0xc0, 0xfe, 0xc2, 0xff, 0xc0, 0xfb, 0xc4, 0xff, 0xc1, 0xf9, 0xcb, 0xff, 0xbf, 0xf2, 0xcf, 0xff, 0xb9, 0xe8, 0xd1, 0xff, 0xb8, 0xe1, 0xd8, 0xff, 0xba, 0xdf, 0xe2, 0xff, 0xba, 0xdc, 0xe8, 0xff, 0xb8, 0xda, 0xe7, 0xff, 0xb8, 0xdd, 0xe4, 0xff, 0xb8, 0xde, 0xe2, 0xff, 0xb8, 0xdd, 0xe4, 0xff, 0xb8, 0xdf, 0xe1, 0xff, 0xb9, 0xe2, 0xdb, 0xff, 0xb9, 0xe0, 0xdd, 0xff, 0xba, 0xdc, 0xe9, 0xff, 0xba, 0xd9, 0xee, 0xff, 0xb8, 0xd8, 0xed, 0xff, 0xb9, 0xdf, 0xe3, 0xff, 0xbc, 0xed, 0xd0, 0xff, 0xc0, 0xfa, 0xc6, 0xff, 0xc1, 0xff, 0xc2, 0xff, 0xc0, 0xff, 0xbe, 0xff, 0xc0, 0xff, 0xbf, 0xff, 0xc0, 0xff, 0xc0, 0xff, 0xc0, 0xff, 0xc0, 0xff, 0xc0, 0xff, 0xc0, 0xff, 0xc0, 0xff, 0xc0, 0xff, 0xc0, 0xff, 0xc0, 0xff, 0xc0, 0xff, 0xc0, 0xff, 0xc0, 0xff, 0xc0, 0xff, 0xc0, 0xff, 0xc0, 0xff, 0xc0, 0xff, 0xc0, 0xff, 0xc0, 0xff, 0xc0, 0xff, 0xc0, 0xff, 0xc0, 0xff, 0xc0, 0xff, 0xc0, 0xff, 0xc0, 0xff, 0xc0, 0xff, 0xc0, 0xff, 0xc0, 0xff, 0xc0, 0xff, 0xc0, 0xff, 0xc0, 0xff, 0xc0, 0xff, 0xc0, 0xff, 0xc0, 0xff, 0xc0, 0xff, 0xc0, 0xff, 0xc0, 0xff, 0xc0, 0xff, 0xc0, 0xff, 0xc0, 0xff, 0xc0, 0xff, 0xc0, 0xff, 0xc0, 0xff, 0xc0, 0xff, 0xc0, 0xff, 0xc0, 0xff, 0xc0, 0xff, 0xc0, 0xff, 0xc0, 0xff, 0xc0, 0xff, 0xc0, 0xff, 0xc0, 0xff, 0xc0, 0xff, 0xc0, 0xff, 
  0xc0, 0xff, 0xc0, 0xff, 0xc0, 0xff, 0xc0, 0xff, 0xc0, 0xff, 0xc0, 0xff, 0xc0, 0xff, 0xc0, 0xff, 0xc0, 0xff, 0xc0, 0xff, 0xc0, 0xff, 0xc0, 0xff, 0xc0, 0xff, 0xc0, 0xff, 0xc0, 0xff, 0xc0, 0xff, 0xc0, 0xff, 0xc0, 0xff, 0xc0, 0xff, 0xc0, 0xff, 0xc0, 0xff, 0xc0, 0xff, 0xc0, 0xff, 0xc0, 0xff, 0xc0, 0xff, 0xc0, 0xff, 0xc0, 0xff, 0xc0, 0xff, 0xc0, 0xff, 0xc0, 0xff, 0xbf, 0xff, 0xc0, 0xff, 0xbf, 0xff, 0xc0, 0xff, 0xbf, 0xff, 0xc0, 0xff, 0xbf, 0xff, 0xc0, 0xff, 0xbf, 0xff, 0xc0, 0xff, 0xbf, 0xff, 0xc0, 0xff, 0xc0, 0xff, 0xc1, 0xff, 0xc0, 0xff, 0xc1, 0xff, 0xc0, 0xff, 0xc1, 0xff, 0xc0, 0xff, 0xc1, 0xff, 0xc0, 0xff, 0xc1, 0xff, 0xc0, 0xff, 0xc1, 0xff, 0xc0, 0xff, 0xc1, 0xff, 0xbf, 0xff, 0xc1, 0xff, 0xbf, 0xff, 0xc0, 0xff, 0xbf, 0xff, 0xc0, 0xff, 0xbf, 0xff, 0xc1, 0xff, 0xbe, 0xff, 0xc1, 0xff, 0xbe, 0xfe, 0xc2, 0xff, 0xbe, 0xfe, 0xc2, 0xff, 0xbe, 0xff, 0xc2, 0xff, 0xbe, 0xff, 0xc1, 0xff, 0xbf, 0xff, 0xc1, 0xff, 0xc0, 0xff, 0xc1, 0xff, 0xc1, 0xfe, 0xc3, 0xff, 0xc1, 0xfb, 0xc7, 0xff, 0xc2, 0xf8, 0xcd, 0xff, 0xbe, 0xef, 0xd2, 0xff, 0xb7, 0xe4, 0xd3, 0xff, 0xb6, 0xde, 0xda, 0xff, 0xb9, 0xdd, 0xe3, 0xff, 0xb9, 0xdb, 0xe8, 0xff, 0xb7, 0xd9, 0xe6, 0xff, 0xb7, 0xdc, 0xe3, 0xff, 0xb7, 0xdd, 0xe1, 0xff, 0xb7, 0xdd, 0xe2, 0xff, 0xb7, 0xde, 0xdf, 0xff, 0xb9, 0xe1, 0xdc, 0xff, 0xba, 0xe0, 0xde, 0xff, 0xba, 0xdb, 0xe7, 0xff, 0xb9, 0xd9, 0xec, 0xff, 0xb8, 0xd8, 0xec, 0xff, 0xb8, 0xdd, 0xe4, 0xff, 0xbc, 0xeb, 0xd5, 0xff, 0xbf, 0xf6, 0xcc, 0xff, 0xc1, 0xfd, 0xc6, 0xff, 0xc0, 0xff, 0xc0, 0xff, 0xbf, 0xff, 0xbd, 0xff, 0xbf, 0xff, 0xbd, 0xff, 0xc0, 0xff, 0xc0, 0xff, 0xc0, 0xff, 0xc1, 0xff, 0xc0, 0xff, 0xc1, 0xff, 0xc0, 0xff, 0xc1, 0xff, 0xc0, 0xff, 0xc1, 0xff, 0xc0, 0xff, 0xc1, 0xff, 0xc0, 0xff, 0xc1, 0xff, 0xc0, 0xff, 0xc1, 0xff, 0xc0, 0xff, 0xc1, 0xff, 0xc0, 0xff, 0xc0, 0xff, 0xc0, 0xff, 0xc0, 0xff, 0xc0, 0xff, 0xc0, 0xff, 0xc0, 0xff, 0xc0, 0xff, 0xc0, 0xff, 0xc0, 0xff, 0xc0, 0xff, 0xc0, 0xff, 0xc0, 0xff, 0xc0, 0xff, 0xc0, 0xff, 0xc0, 0xff, 0xc0, 0xff, 0xc0, 0xff, 0xc0, 0xff, 0xc0, 0xff, 0xc0, 0xff, 0xc0, 0xff, 0xc0, 0xff, 0xc0, 0xff, 0xc0, 0xff, 0xc0, 0xff, 0xc0, 0xff, 0xc0, 0xff, 0xc0, 0xff, 0xc0, 0xff, 0xc0, 0xff, 0xc0, 0xff, 0xc0, 0xff, 0xc0, 0xff, 
  0xc0, 0xff, 0xc0, 0xff, 0xc0, 0xff, 0xc0, 0xff, 0xc0, 0xff, 0xc0, 0xff, 0xc0, 0xff, 0xc0, 0xff, 0xc0, 0xff, 0xc0, 0xff, 0xc0, 0xff, 0xc0, 0xff, 0xc0, 0xff, 0xc0, 0xff, 0xc0, 0xff, 0xc0, 0xff, 0xc0, 0xff, 0xc0, 0xff, 0xc0, 0xff, 0xc0, 0xff, 0xc0, 0xff, 0xc0, 0xff, 0xc0, 0xff, 0xc0, 0xff, 0xc0, 0xff, 0xc0, 0xff, 0xc0, 0xff, 0xc0, 0xff, 0xc0, 0xff, 0xc0, 0xff, 0xbf, 0xff, 0xc0, 0xff, 0xbd, 0xff, 0xc0, 0xff, 0xbc, 0xff, 0xbf, 0xff, 0xbd, 0xff, 0xbf, 0xff, 0xbe, 0xff, 0xc0, 0xff, 0xbf, 0xff, 0xc0, 0xff, 0xc0, 0xff, 0xc1, 0xff, 0xc1, 0xfe, 0xc1, 0xff, 0xc1, 0xfe, 0xc1, 0xff, 0xc1, 0xfe, 0xc1, 0xff, 0xc1, 0xfe, 0xc1, 0xff, 0xc1, 0xfe, 0xc1, 0xff, 0xc0, 0xfe, 0xc1, 0xff, 0xbf, 0xff, 0xc1, 0xff, 0xbe, 0xff, 0xc0, 0xff, 0xbd, 0xff, 0xc0, 0xff, 0xbd, 0xff, 0xc0, 0xff, 0xbd, 0xff, 0xbf, 0xff, 0xbd, 0xff, 0xc0, 0xff, 0xbe, 0xff, 0xc1, 0xff, 0xbe, 0xfe, 0xc2, 0xff, 0xbf, 0xfe, 0xc2, 0xff, 0xc0, 0xfe, 0xc1, 0xff, 0xc1, 0xfe, 0xc1, 0xff, 0xc1, 0xfd, 0xc3, 0xff, 0xc5, 0xfd, 0xcc, 0xff, 0xc1, 0xf4, 0xcf, 0xff, 0xbb, 0xe8, 0xd3, 0xff, 0xb7, 0xe0, 0xd8, 0xff, 0xb7, 0xdd, 0xdf, 0xff, 0xb8, 0xdc, 0xe4, 0xff, 0xb7, 0xdb, 0xe5, 0xff, 0xb6, 0xda, 0xe4, 0xff, 0xb9, 0xdc, 0xe5, 0xff, 0xb9, 0xdd, 0xe4, 0xff, 0xb9, 0xde, 0xe3, 0xff, 0xb9, 0xde, 0xe1, 0xff, 0xba, 0xdf, 0xdf, 0xff, 0xbb, 0xdf, 0xe0, 0xff, 0xbb, 0xdd, 0xe4, 0xff, 0xbb, 0xdb, 0xe6, 0xff, 0xb9, 0xda, 0xe6, 0xff, 0xb9, 0xdd, 0xe2, 0xff, 0xbb, 0xe5, 0xdb, 0xff, 0xbf, 0xef, 0xd5, 0xff, 0xc1, 0xf9, 0xcf, 0xff, 0xc0, 0xfe, 0xc5, 0xff, 0xbf, 0xff, 0xbc, 0xff, 0xbf, 0xff, 0xbb, 0xff, 0xbf, 0xff, 0xbf, 0xff, 0xc0, 0xfe, 0xc1, 0xff, 0xc1, 0xff, 0xc2, 0xff, 0xc1, 0xff, 0xc2, 0xff, 0xc1, 0xff, 0xc2, 0xff, 0xc0, 0xfe, 0xc1, 0xff, 0xc0, 0xfe, 0xc1, 0xff, 0xc0, 0xfe, 0xc1, 0xff, 0xc0, 0xff, 0xc1, 0xff, 0xc0, 0xff, 0xc0, 0xff, 0xc0, 0xff, 0xc0, 0xff, 0xc0, 0xff, 0xbf, 0xff, 0xc0, 0xff, 0xbf, 0xff, 0xc0, 0xff, 0xbf, 0xff, 0xc0, 0xff, 0xbf, 0xff, 0xc0, 0xff, 0xbe, 0xff, 0xc0, 0xff, 0xbe, 0xff, 0xc0, 0xff, 0xbe, 0xff, 0xc0, 0xff, 0xbe, 0xff, 0xc0, 0xff, 0xbf, 0xff, 0xc0, 0xff, 0xbf, 0xff, 0xc0, 0xff, 0xc0, 0xff, 0xc0, 0xff, 0xc0, 0xff, 0xc0, 0xff, 0xc0, 0xff, 0xc0, 0xff, 0xc0, 0xff, 0xc0, 0xff, 0xc0, 0xff, 
  0xc0, 0xff, 0xc0, 0xff, 0xc0, 0xff, 0xc0, 0xff, 0xc0, 0xff, 0xc0, 0xff, 0xc0, 0xff, 0xc0, 0xff, 0xc0, 0xff, 0xc0, 0xff, 0xc0, 0xff, 0xc0, 0xff, 0xc0, 0xff, 0xc0, 0xff, 0xc0, 0xff, 0xc0, 0xff, 0xc0, 0xff, 0xc0, 0xff, 0xc0, 0xff, 0xc0, 0xff, 0xc0, 0xff, 0xc0, 0xff, 0xc0, 0xff, 0xc0, 0xff, 0xc0, 0xff, 0xc0, 0xff, 0xc0, 0xff, 0xc0, 0xff, 0xc0, 0xff, 0xc0, 0xff, 0xbf, 0xff, 0xc0, 0xff, 0xbc, 0xff, 0xc0, 0xff, 0xbc, 0xff, 0xc0, 0xff, 0xbd, 0xff, 0xc0, 0xff, 0xbe, 0xff, 0xc0, 0xff, 0xbf, 0xff, 0xc0, 0xff, 0xc0, 0xff, 0xc1, 0xff, 0xc1, 0xfe, 0xc1, 0xff, 0xc1, 0xfe, 0xc1, 0xff, 0xc0, 0xfd, 0xc0, 0xff, 0xc0, 0xfd, 0xc0, 0xff, 0xc1, 0xfe, 0xc1, 0xff, 0xc0, 0xfe, 0xc1, 0xff, 0xbf, 0xff, 0xc0, 0xff, 0xbe, 0xff, 0xc0, 0xff, 0xbd, 0xff, 0xc0, 0xff, 0xbc, 0xff, 0xbf, 0xff, 0xbd, 0xff, 0xbe, 0xff, 0xbd, 0xff, 0xbe, 0xff, 0xbe, 0xff, 0xc0, 0xff, 0xbf, 0xfe, 0xc1, 0xff, 0xc0, 0xfe, 0xc1, 0xff, 0xc0, 0xfe, 0xc1, 0xff, 0xc1, 0xfe, 0xc1, 0xff, 0xc2, 0xfd, 0xc4, 0xff, 0xc3, 0xfa, 0xcb, 0xff, 0xc0, 0xf2, 0xd0, 0xff, 0xba, 0xe6, 0xd5, 0xff, 0xb7, 0xdf, 0xdb, 0xff, 0xb8, 0xdc, 0xe2, 0xff, 0xb8, 0xdc, 0xe6, 0xff, 0xb7, 0xdc, 0xe6, 0xff, 0xb6, 0xdb, 0xe5, 0xff, 0xb7, 0xdb, 0xe5, 0xff, 0xb8, 0xdb, 0xe4, 0xff, 0xb8, 0xdc, 0xe2, 0xff, 0xb8, 0xdd, 0xe1, 0xff, 0xb9, 0xdd, 0xe0, 0xff, 0xba, 0xdd, 0xe1, 0xff, 0xba, 0xdc, 0xe2, 0xff, 0xbb, 0xdd, 0xe4, 0xff, 0xb9, 0xda, 0xe3, 0xff, 0xb8, 0xdc, 0xe0, 0xff, 0xb9, 0xe0, 0xdd, 0xff, 0xbe, 0xeb, 0xda, 0xff, 0xc0, 0xf5, 0xd3, 0xff, 0xbf, 0xfb, 0xc8, 0xff, 0xbe, 0xff, 0xbd, 0xff, 0xbe, 0xff, 0xba, 0xff, 0xbf, 0xff, 0xbf, 0xff, 0xc0, 0xfe, 0xc1, 0xff, 0xc0, 0xfe, 0xc1, 0xff, 0xc0, 0xfe, 0xc1, 0xff, 0xc0, 0xfe, 0xc1, 0xff, 0xc0, 0xfe, 0xc1, 0xff, 0xc0, 0xfe, 0xc1, 0xff, 0xc0, 0xfe, 0xc1, 0xff, 0xc0, 0xff, 0xc1, 0xff, 0xc0, 0xff, 0xc0, 0xff, 0xc0, 0xff, 0xc0, 0xff, 0xc0, 0xff, 0xbf, 0xff, 0xc0, 0xff, 0xbf, 0xff, 0xc0, 0xff, 0xbf, 0xff, 0xc0, 0xff, 0xbf, 0xff, 0xc0, 0xff, 0xbe, 0xff, 0xc0, 0xff, 0xbe, 0xff, 0xc0, 0xff, 0xbe, 0xff, 0xc0, 0xff, 0xbe, 0xff, 0xc0, 0xff, 0xbf, 0xff, 0xc0, 0xff, 0xbf, 0xff, 0xc0, 0xff, 0xc0, 0xff, 0xc0, 0xff, 0xc0, 0xff, 0xc0, 0xff, 0xc0, 0xff, 0xc0, 0xff, 0xc0, 0xff, 0xc0, 0xff, 0xc0, 0xff, 
  0xc0, 0xff, 0xc0, 0xff, 0xc0, 0xff, 0xc0, 0xff, 0xc0, 0xff, 0xc0, 0xff, 0xc0, 0xff, 0xc0, 0xff, 0xc0, 0xff, 0xc0, 0xff, 0xc0, 0xff, 0xc0, 0xff, 0xc0, 0xff, 0xc0, 0xff, 0xc0, 0xff, 0xc0, 0xff, 0xc0, 0xff, 0xc0, 0xff, 0xc0, 0xff, 0xc0, 0xff, 0xc0, 0xff, 0xc0, 0xff, 0xc0, 0xff, 0xc0, 0xff, 0xc0, 0xff, 0xc0, 0xff, 0xc0, 0xff, 0xc0, 0xff, 0xc0, 0xff, 0xc0, 0xff, 0xbf, 0xff, 0xc1, 0xff, 0xbe, 0xff, 0xc1, 0xff, 0xbe, 0xff, 0xc1, 0xff, 0xbe, 0xff, 0xc1, 0xff, 0xbf, 0xff, 0xc1, 0xff, 0xbf, 0xff, 0xc1, 0xff, 0xc0, 0xff, 0xc1, 0xff, 0xc1, 0xfe, 0xc1, 0xff, 0xc1, 0xfe, 0xc1, 0xff, 0xbf, 0xfd, 0xc0, 0xff, 0xbf, 0xfe, 0xc0, 0xff, 0xbf, 0xfe, 0xc0, 0xff, 0xc0, 0xff, 0xc0, 0xff, 0xbf, 0xff, 0xc0, 0xff, 0xbe, 0xff, 0xbf, 0xff, 0xbd, 0xff, 0xbf, 0xff, 0xbd, 0xff, 0xbf, 0xff, 0xbc, 0xff, 0xbc, 0xff, 0xbd, 0xff, 0xbd, 0xff, 0xbe, 0xfe, 0xbf, 0xff, 0xbf, 0xfe, 0xc0, 0xff, 0xc0, 0xfd, 0xc0, 0xff, 0xc0, 0xfd, 0xc0, 0xff, 0xc0, 0xfd, 0xc0, 0xff, 0xc1, 0xfc, 0xc3, 0xff, 0xc2, 0xf9, 0xcb, 0xff, 0xbd, 0xef, 0xcf, 0xff, 0xb8, 0xe5, 0xd5, 0xff, 0xb6, 0xde, 0xdc, 0xff, 0xb6, 0xdc, 0xe3, 0xff, 0xb7, 0xdc, 0xe7, 0xff, 0xb5, 0xdb, 0xe6, 0xff, 0xb4, 0xda, 0xe5, 0xff, 0xb5, 0xda, 0xe5, 0xff, 0xb5, 0xda, 0xe4, 0xff, 0xb6, 0xdb, 0xe2, 0xff, 0xb6, 0xdc, 0xe1, 0xff, 0xb7, 0xdc, 0xe0, 0xff, 0xb8, 0xdc, 0xe0, 0xff, 0xb8, 0xdb, 0xe2, 0xff, 0xb9, 0xdb, 0xe4, 0xff, 0xb9, 0xdb, 0xe4, 0xff, 0xb7, 0xdb, 0xe1, 0xff, 0xb7, 0xdf, 0xdd, 0xff, 0xbc, 0xe9, 0xdb, 0xff, 0xc0, 0xf4, 0xd5, 0xff, 0xc2, 0xfc, 0xcc, 0xff, 0xc0, 0xff, 0xc2, 0xff, 0xbf, 0xff, 0xbd, 0xff, 0xbf, 0xfe, 0xbf, 0xff, 0xbf, 0xfe, 0xc0, 0xff, 0xc0, 0xff, 0xc1, 0xff, 0xc0, 0xff, 0xc1, 0xff, 0xc0, 0xff, 0xc1, 0xff, 0xc0, 0xff, 0xc1, 0xff, 0xbf, 0xfe, 0xc0, 0xff, 0xbf, 0xfe, 0xc0, 0xff, 0xc0, 0xff, 0xc1, 0xff, 0xc0, 0xff, 0xc0, 0xff, 0xc0, 0xff, 0xc0, 0xff, 0xc0, 0xff, 0xc0, 0xff, 0xc0, 0xff, 0xc0, 0xff, 0xc0, 0xff, 0xc0, 0xff, 0xc0, 0xff, 0xc0, 0xff, 0xc0, 0xff, 0xc0, 0xff, 0xc0, 0xff, 0xc0, 0xff, 0xc0, 0xff, 0xc0, 0xff, 0xc0, 0xff, 0xc0, 0xff, 0xc0, 0xff, 0xc0, 0xff, 0xc0, 0xff, 0xc0, 0xff, 0xc0, 0xff, 0xc0, 0xff, 0xc0, 0xff, 0xc0, 0xff, 0xc0, 0xff, 0xc0, 0xff, 0xc0, 0xff, 0xc0, 0xff, 0xc0, 0xff, 0xc0, 0xff, 
  0xc0, 0xff, 0xc0, 0xff, 0xc0, 0xff, 0xc0, 0xff, 0xc0, 0xff, 0xc0, 0xff, 0xc0, 0xff, 0xc0, 0xff, 0xc0, 0xff, 0xc0, 0xff, 0xc0, 0xff, 0xc0, 0xff, 0xc0, 0xff, 0xc0, 0xff, 0xc0, 0xff, 0xc0, 0xff, 0xc0, 0xff, 0xc0, 0xff, 0xc0, 0xff, 0xc0, 0xff, 0xc0, 0xff, 0xc0, 0xff, 0xc0, 0xff, 0xc0, 0xff, 0xc0, 0xff, 0xc0, 0xff, 0xc0, 0xff, 0xc0, 0xff, 0xc0, 0xff, 0xc0, 0xff, 0xc0, 0xff, 0xc1, 0xff, 0xbf, 0xfe, 0xc2, 0xff, 0xbf, 0xfe, 0xc2, 0xff, 0xc0, 0xfe, 0xc2, 0xff, 0xc0, 0xfe, 0xc1, 0xff, 0xc0, 0xff, 0xc1, 0xff, 0xc0, 0xff, 0xc0, 0xff, 0xc1, 0xff, 0xc0, 0xff, 0xc1, 0xff, 0xc0, 0xff, 0xbf, 0xfe, 0xbf, 0xff, 0xbf, 0xfe, 0xbf, 0xff, 0xc0, 0xff, 0xc0, 0xff, 0xbf, 0xff, 0xc0, 0xff, 0xbf, 0xff, 0xc0, 0xff, 0xbf, 0xff, 0xc0, 0xff, 0xbd, 0xfe, 0xbf, 0xff, 0xbd, 0xff, 0xbe, 0xff, 0xbe, 0xff, 0xbd, 0xff, 0xbf, 0xff, 0xbd, 0xff, 0xc0, 0xfe, 0xbf, 0xff, 0xc0, 0xfd, 0xc0, 0xff, 0xc1, 0xfd, 0xc0, 0xff, 0xc1, 0xfd, 0xc0, 0xff, 0xc1, 0xfd, 0xc0, 0xff, 0xc1, 0xfb, 0xc4, 0xff, 0xc1, 0xf7, 0xcb, 0xff, 0xbc, 0xee, 0xcf, 0xff, 0xb7, 0xe3, 0xd5, 0xff, 0xb5, 0xde, 0xdd, 0xff, 0xb4, 0xdb, 0xe3, 0xff, 0xb4, 0xda, 0xe6, 0xff, 0xb2, 0xd9, 0xe5, 0xff, 0xb2, 0xd9, 0xe5, 0xff, 0xb3, 0xd9, 0xe5, 0xff, 0xb3, 0xd9, 0xe4, 0xff, 0xb4, 0xda, 0xe2, 0xff, 0xb5, 0xdc, 0xe1, 0xff, 0xb6, 0xdc, 0xe1, 0xff, 0xb7, 0xdc, 0xe1, 0xff, 0xb7, 0xdb, 0xe3, 0xff, 0xb7, 0xda, 0xe4, 0xff, 0xb7, 0xda, 0xe4, 0xff, 0xb6, 0xda, 0xe1, 0xff, 0xb6, 0xdd, 0xde, 0xff, 0xb9, 0xe5, 0xda, 0xff, 0xbf, 0xf1, 0xd5, 0xff, 0xc1, 0xf9, 0xce, 0xff, 0xc1, 0xfe, 0xc5, 0xff, 0xbf, 0xfe, 0xbf, 0xff, 0xbf, 0xfe, 0xbf, 0xff, 0xbf, 0xfe, 0xbf, 0xff, 0xbf, 0xfe, 0xbf, 0xff, 0xbf, 0xfe, 0xbf, 0xff, 0xbf, 0xfe, 0xbf, 0xff, 0xbf, 0xfe, 0xbf, 0xff, 0xbf, 0xfe, 0xbf, 0xff, 0xbf, 0xfe, 0xbf, 0xff, 0xc0, 0xff, 0xc0, 0xff, 0xc0, 0xff, 0xc0, 0xff, 0xc0, 0xff, 0xc0, 0xff, 0xc0, 0xff, 0xc1, 0xff, 0xc0, 0xff, 0xc1, 0xff, 0xc0, 0xff, 0xc1, 0xff, 0xc0, 0xff, 0xc1, 0xff, 0xc0, 0xff, 0xc1, 0xff, 0xc0, 0xfe, 0xc1, 0xff, 0xc0, 0xfe, 0xc1, 0xff, 0xc0, 0xfe, 0xc1, 0xff, 0xc0, 0xff, 0xc1, 0xff, 0xc0, 0xff, 0xc1, 0xff, 0xc0, 0xff, 0xc0, 0xff, 0xc0, 0xff, 0xc0, 0xff, 0xc0, 0xff, 0xc0, 0xff, 0xc0, 0xff, 0xc0, 0xff, 0xc0, 0xff, 0xc0, 0xff, 
  0xc0, 0xff, 0xc0, 0xff, 0xc0, 0xff, 0xc0, 0xff, 0xc0, 0xff, 0xc0, 0xff, 0xc0, 0xff, 0xc0, 0xff, 0xc0, 0xff, 0xc0, 0xff, 0xc0, 0xff, 0xc0, 0xff, 0xc0, 0xff, 0xc0, 0xff, 0xc0, 0xff, 0xc0, 0xff, 0xc0, 0xff, 0xc0, 0xff, 0xc0, 0xff, 0xc0, 0xff, 0xc0, 0xff, 0xc0, 0xff, 0xc0, 0xff, 0xc0, 0xff, 0xc0, 0xff, 0xc0, 0xff, 0xc0, 0xff, 0xc0, 0xff, 0xc0, 0xff, 0xc0, 0xff, 0xc0, 0xfe, 0xc1, 0xff, 0xc1, 0xfe, 0xc2, 0xff, 0xc2, 0xfd, 0xc3, 0xff, 0xc1, 0xfe, 0xc2, 0xff, 0xc1, 0xfe, 0xc1, 0xff, 0xc0, 0xff, 0xc1, 0xff, 0xc0, 0xff, 0xc0, 0xff, 0xc0, 0xff, 0xc0, 0xff, 0xc0, 0xff, 0xbf, 0xff, 0xc0, 0xff, 0xbf, 0xff, 0xc0, 0xff, 0xc0, 0xff, 0xc0, 0xff, 0xc0, 0xff, 0xc0, 0xff, 0xc1, 0xff, 0xc0, 0xfe, 0xc1, 0xff, 0xc0, 0xfe, 0xc1, 0xff, 0xbf, 0xfd, 0xc1, 0xff, 0xc0, 0xfd, 0xc0, 0xff, 0xc2, 0xff, 0xbf, 0xff, 0xc3, 0xfe, 0xc0, 0xff, 0xc4, 0xfd, 0xc2, 0xff, 0xc4, 0xfc, 0xc4, 0xff, 0xc4, 0xfc, 0xc4, 0xff, 0xc4, 0xfc, 0xc4, 0xff, 0xc4, 0xfc, 0xc4, 0xff, 0xc4, 0xfb, 0xc7, 0xff, 0xc0, 0xf4, 0xcb, 0xff, 0xba, 0xea, 0xce, 0xff, 0xb5, 0xe0, 0xd5, 0xff, 0xb4, 0xdc, 0xdd, 0xff, 0xb4, 0xdb, 0xe4, 0xff, 0xb2, 0xd8, 0xe5, 0xff, 0xb1, 0xd8, 0xe4, 0xff, 0xb1, 0xd8, 0xe4, 0xff, 0xb2, 0xd9, 0xe5, 0xff, 0xb3, 0xd9, 0xe4, 0xff, 0xb3, 0xda, 0xe2, 0xff, 0xb3, 0xda, 0xe1, 0xff, 0xb4, 0xdb, 0xe0, 0xff, 0xb5, 0xdb, 0xe2, 0xff, 0xb6, 0xda, 0xe4, 0xff, 0xb6, 0xda, 0xe5, 0xff, 0xb5, 0xd8, 0xe5, 0xff, 0xb4, 0xd8, 0xe2, 0xff, 0xb4, 0xdb, 0xdd, 0xff, 0xb6, 0xe1, 0xd9, 0xff, 0xbb, 0xeb, 0xd4, 0xff, 0xbf, 0xf4, 0xcf, 0xff, 0xbf, 0xf9, 0xc8, 0xff, 0xbf, 0xfc, 0xc2, 0xff, 0xbe, 0xfd, 0xbe, 0xff, 0xbe, 0xfe, 0xbc, 0xff, 0xbf, 0xff, 0xbd, 0xff, 0xbf, 0xff, 0xbe, 0xff, 0xbf, 0xfe, 0xbe, 0xff, 0xbf, 0xfe, 0xbe, 0xff, 0xbf, 0xfe, 0xbe, 0xff, 0xbf, 0xfe, 0xbe, 0xff, 0xc0, 0xff, 0xbf, 0xff, 0xc0, 0xff, 0xc0, 0xff, 0xc0, 0xff, 0xc0, 0xff, 0xc0, 0xff, 0xc1, 0xff, 0xc0, 0xfe, 0xc1, 0xff, 0xc0, 0xfe, 0xc1, 0xff, 0xc0, 0xfe, 0xc1, 0xff, 0xc0, 0xfe, 0xc2, 0xff, 0xc0, 0xfe, 0xc2, 0xff, 0xc0, 0xfe, 0xc3, 0xff, 0xc0, 0xfe, 0xc3, 0xff, 0xc0, 0xfe, 0xc2, 0xff, 0xc0, 0xff, 0xc1, 0xff, 0xc0, 0xff, 0xc0, 0xff, 0xc0, 0xff, 0xc0, 0xff, 0xc0, 0xff, 0xc0, 0xff, 0xc0, 0xff, 0xc0, 0xff, 0xc0, 0xff, 0xc0, 0xff, 
  0xc0, 0xff, 0xc0, 0xff, 0xc0, 0xff, 0xc0, 0xff, 0xc0, 0xff, 0xc0, 0xff, 0xc0, 0xff, 0xc0, 0xff, 0xc0, 0xff, 0xc0, 0xff, 0xc0, 0xff, 0xc0, 0xff, 0xc0, 0xff, 0xc0, 0xff, 0xc0, 0xff, 0xc0, 0xff, 0xc0, 0xff, 0xc0, 0xff, 0xc0, 0xff, 0xc0, 0xff, 0xc0, 0xff, 0xc0, 0xff, 0xc0, 0xff, 0xc0, 0xff, 0xc0, 0xff, 0xc0, 0xff, 0xc0, 0xff, 0xc0, 0xff, 0xc0, 0xff, 0xc0, 0xff, 0xc0, 0xfe, 0xc1, 0xff, 0xc2, 0xfe, 0xc2, 0xff, 0xc2, 0xfd, 0xc2, 0xff, 0xc1, 0xfe, 0xc2, 0xff, 0xc1, 0xfe, 0xc1, 0xff, 0xc0, 0xff, 0xc1, 0xff, 0xc0, 0xff, 0xc0, 0xff, 0xc0, 0xff, 0xc0, 0xff, 0xc0, 0xff, 0xc0, 0xff, 0xc1, 0xff, 0xc1, 0xff, 0xc2, 0xff, 0xc2, 0xff, 0xc2, 0xff, 0xc3, 0xff, 0xc3, 0xfe, 0xc4, 0xff, 0xc4, 0xfd, 0xc5, 0xff, 0xc4, 0xfc, 0xc4, 0xff, 0xc4, 0xfb, 0xc5, 0xff, 0xc5, 0xfc, 0xc5, 0xff, 0xc7, 0xfc, 0xc3, 0xff, 0xc7, 0xfc, 0xc3, 0xff, 0xc7, 0xfb, 0xc6, 0xff, 0xc7, 0xfa, 0xc7, 0xff, 0xc7, 0xfa, 0xc7, 0xff, 0xc7, 0xfa, 0xc7, 0xff, 0xc7, 0xfa, 0xc7, 0xff, 0xc7, 0xf9, 0xca, 0xff, 0xc2, 0xf1, 0xcd, 0xff, 0xbb, 0xe7, 0xcf, 0xff, 0xb5, 0xdd, 0xd4, 0xff, 0xb5, 0xdb, 0xdd, 0xff, 0xb5, 0xd9, 0xe3, 0xff, 0xb3, 0xd7, 0xe4, 0xff, 0xb2, 0xd8, 0xe3, 0xff, 0xb2, 0xd9, 0xe4, 0xff, 0xb2, 0xd8, 0xe3, 0xff, 0xb3, 0xd9, 0xe4, 0xff, 0xb3, 0xda, 0xe3, 0xff, 0xb3, 0xda, 0xe2, 0xff, 0xb3, 0xdb, 0xe1, 0xff, 0xb3, 0xda, 0xe2, 0xff, 0xb4, 0xd9, 0xe4, 0xff, 0xb4, 0xd8, 0xe5, 0xff, 0xb5, 0xd9, 0xe7, 0xff, 0xb5, 0xda, 0xe5, 0xff, 0xb4, 0xdb, 0xdf, 0xff, 0xb5, 0xdf, 0xda, 0xff, 0xb9, 0xe8, 0xd5, 0xff, 0xbe, 0xf1, 0xd2, 0xff, 0xc0, 0xf8, 0xce, 0xff, 0xc1, 0xfc, 0xc8, 0xff, 0xbe, 0xfc, 0xbf, 0xff, 0xbe, 0xfe, 0xbc, 0xff, 0xbf, 0xff, 0xbd, 0xff, 0xbf, 0xff, 0xbd, 0xff, 0xc0, 0xff, 0xbf, 0xff, 0xc0, 0xff, 0xbf, 0xff, 0xbf, 0xff, 0xbe, 0xff, 0xbf, 0xff, 0xbe, 0xff, 0xc0, 0xff, 0xbf, 0xff, 0xc0, 0xff, 0xbf, 0xff, 0xc0, 0xff, 0xc0, 0xff, 0xc0, 0xff, 0xc0, 0xff, 0xc0, 0xfe, 0xc1, 0xff, 0xc0, 0xfe, 0xc2, 0xff, 0xc0, 0xfe, 0xc2, 0xff, 0xc0, 0xfe, 0xc2, 0xff, 0xc0, 0xfe, 0xc3, 0xff, 0xc0, 0xfe, 0xc3, 0xff, 0xc0, 0xfe, 0xc3, 0xff, 0xc0, 0xfe, 0xc2, 0xff, 0xc0, 0xff, 0xc1, 0xff, 0xc0, 0xff, 0xc0, 0xff, 0xc0, 0xff, 0xc0, 0xff, 0xc0, 0xff, 0xbf, 0xff, 0xc0, 0xff, 0xbf, 0xff, 0xc0, 0xff, 0xbf, 0xff, 
  0xc0, 0xff, 0xc0, 0xff, 0xc0, 0xff, 0xc0, 0xff, 0xc0, 0xff, 0xc0, 0xff, 0xc0, 0xff, 0xc0, 0xff, 0xc0, 0xff, 0xc0, 0xff, 0xc0, 0xff, 0xc0, 0xff, 0xc0, 0xff, 0xc0, 0xff, 0xc0, 0xff, 0xc0, 0xff, 0xc0, 0xff, 0xc0, 0xff, 0xc0, 0xff, 0xc0, 0xff, 0xc0, 0xff, 0xc0, 0xff, 0xc0, 0xff, 0xc0, 0xff, 0xc0, 0xff, 0xc0, 0xff, 0xc0, 0xff, 0xc0, 0xff, 0xc0, 0xff, 0xc0, 0xff, 0xc0, 0xff, 0xc1, 0xff, 0xc1, 0xfe, 0xc1, 0xff, 0xc1, 0xfe, 0xc1, 0xff, 0xc1, 0xfe, 0xc1, 0xff, 0xc0, 0xff, 0xc1, 0xff, 0xc0, 0xff, 0xc1, 0xff, 0xc0, 0xff, 0xc0, 0xff, 0xc0, 0xff, 0xc0, 0xff, 0xc0, 0xff, 0xc1, 0xff, 0xc2, 0xfe, 0xc2, 0xff, 0xc3, 0xfd, 0xc3, 0xff, 0xc5, 0xfd, 0xc6, 0xff, 0xc7, 0xfc, 0xc7, 0xff, 0xca, 0xfb, 0xca, 0xff, 0xcc, 0xfb, 0xcb, 0xff, 0xcc, 0xfa, 0xcc, 0xff, 0xcd, 0xfa, 0xcc, 0xff, 0xcc, 0xfa, 0xc9, 0xff, 0xcd, 0xf9, 0xca, 0xff, 0xcd, 0xf8, 0xcc, 0xff, 0xcd, 0xf8, 0xcd, 0xff, 0xcd, 0xf8, 0xcd, 0xff, 0xcd, 0xf8, 0xcd, 0xff, 0xcd, 0xf8, 0xcc, 0xff, 0xcc, 0xf7, 0xcf, 0xff, 0xc8, 0xf2, 0xd2, 0xff, 0xbf, 0xe7, 0xd2, 0xff, 0xb9, 0xdd, 0xd6, 0xff, 0xb8, 0xda, 0xdd, 0xff, 0xb8, 0xd9, 0xe3, 0xff, 0xb4, 0xd6, 0xe2, 0xff, 0xb3, 0xd7, 0xe1, 0xff, 0xb4, 0xd9, 0xe3, 0xff, 0xb1, 0xd7, 0xe2, 0xff, 0xb2, 0xd8, 0xe3, 0xff, 0xb2, 0xd8, 0xe2, 0xff, 0xb2, 0xd9, 0xe1, 0xff, 0xb2, 0xd9, 0xe1, 0xff, 0xb2, 0xd9, 0xe1, 0xff, 0xb2, 0xd8, 0xe4, 0xff, 0xb2, 0xd7, 0xe5, 0xff, 0xb4, 0xd9, 0xe8, 0xff, 0xb4, 0xd9, 0xe6, 0xff, 0xb3, 0xda, 0xe1, 0xff, 0xb3, 0xdc, 0xdb, 0xff, 0xb5, 0xe2, 0xd5, 0xff, 0xbb, 0xeb, 0xd4, 0xff, 0xc1, 0xf5, 0xd4, 0xff, 0xc3, 0xfb, 0xce, 0xff, 0xbe, 0xfb, 0xc1, 0xff, 0xbf, 0xff, 0xbe, 0xff, 0xbf, 0xff, 0xbd, 0xff, 0xc0, 0xff, 0xbe, 0xff, 0xc0, 0xff, 0xbe, 0xff, 0xc0, 0xff, 0xbe, 0xff, 0xc0, 0xff, 0xbd, 0xff, 0xc0, 0xff, 0xbd, 0xff, 0xc0, 0xff, 0xbe, 0xff, 0xc0, 0xff, 0xbe, 0xff, 0xc0, 0xff, 0xbf, 0xff, 0xc0, 0xff, 0xc0, 0xff, 0xc0, 0xff, 0xc0, 0xff, 0xc0, 0xfe, 0xc1, 0xff, 0xc0, 0xfe, 0xc2, 0xff, 0xc0, 0xfe, 0xc2, 0xff, 0xc0, 0xfe, 0xc2, 0xff, 0xc0, 0xfe, 0xc2, 0xff, 0xc0, 0xfe, 0xc1, 0xff, 0xc0, 0xff, 0xc1, 0xff, 0xc0, 0xff, 0xc0, 0xff, 0xc0, 0xff, 0xbf, 0xff, 0xc0, 0xff, 0xbe, 0xff, 0xc0, 0xff, 0xbd, 0xff, 0xc0, 0xff, 0xbd, 0xff, 0xc0, 0xff, 0xbd, 0xff, 
  0xc0, 0xff, 0xc0, 0xff, 0xc0, 0xff, 0xc0, 0xff, 0xc0, 0xff, 0xc0, 0xff, 0xc0, 0xff, 0xc0, 0xff, 0xc0, 0xff, 0xc0, 0xff, 0xc0, 0xff, 0xc0, 0xff, 0xc0, 0xff, 0xc0, 0xff, 0xc0, 0xff, 0xc0, 0xff, 0xc0, 0xff, 0xc0, 0xff, 0xc0, 0xff, 0xc0, 0xff, 0xc0, 0xff, 0xc0, 0xff, 0xc0, 0xff, 0xc0, 0xff, 0xc0, 0xff, 0xc0, 0xff, 0xc0, 0xff, 0xc0, 0xff, 0xc0, 0xff, 0xc0, 0xff, 0xc0, 0xff, 0xc0, 0xff, 0xc0, 0xff, 0xc0, 0xff, 0xc0, 0xff, 0xc0, 0xff, 0xbf, 0xff, 0xc0, 0xff, 0xbf, 0xff, 0xc0, 0xff, 0xc0, 0xff, 0xc1, 0xff, 0xc0, 0xfe, 0xc1, 0xff, 0xc1, 0xfe, 0xc2, 0xff, 0xc2, 0xfd, 0xc3, 0xff, 0xc3, 0xfb, 0xc3, 0xff, 0xc7, 0xfa, 0xc6, 0xff, 0xc9, 0xf9, 0xc9, 0xff, 0xcc, 0xf8, 0xcc, 0xff, 0xd0, 0xf8, 0xce, 0xff, 0xd3, 0xf8, 0xd1, 0xff, 0xd4, 0xf7, 0xd2, 0xff, 0xd4, 0xf7, 0xd3, 0xff, 0xd6, 0xf9, 0xd3, 0xff, 0xd6, 0xf9, 0xd4, 0xff, 0xd6, 0xf8, 0xd6, 0xff, 0xd6, 0xf8, 0xd7, 0xff, 0xd6, 0xf8, 0xd7, 0xff, 0xd5, 0xf8, 0xd6, 0xff, 0xd5, 0xf9, 0xd5, 0xff, 0xd4, 0xf8, 0xd7, 0xff, 0xd1, 0xf4, 0xd9, 0xff, 0xc6, 0xe8, 0xd7, 0xff, 0xbf, 0xde, 0xd9, 0xff, 0xbd, 0xda, 0xde, 0xff, 0xbb, 0xd7, 0xe1, 0xff, 0xb7, 0xd5, 0xe0, 0xff, 0xb5, 0xd5, 0xdd, 0xff, 0xb6, 0xd7, 0xdf, 0xff, 0xb4, 0xd7, 0xe1, 0xff, 0xb2, 0xd7, 0xe2, 0xff, 0xb2, 0xd7, 0xe1, 0xff, 0xb2, 0xd8, 0xe1, 0xff, 0xb1, 0xd8, 0xe0, 0xff, 0xb1, 0xd7, 0xe1, 0xff, 0xb1, 0xd7, 0xe3, 0xff, 0xb1, 0xd6, 0xe4, 0xff, 0xb1, 0xd6, 0xe5, 0xff, 0xb2, 0xd7, 0xe5, 0xff, 0xb1, 0xd8, 0xe1, 0xff, 0xae, 0xd7, 0xd9, 0xff, 0xb0, 0xdb, 0xd4, 0xff, 0xb7, 0xe5, 0xd5, 0xff, 0xbd, 0xee, 0xd6, 0xff, 0xc0, 0xf5, 0xd1, 0xff, 0xbf, 0xfb, 0xc5, 0xff, 0xbf, 0xfe, 0xbf, 0xff, 0xbf, 0xfe, 0xbf, 0xff, 0xc0, 0xff, 0xbf, 0xff, 0xc0, 0xff, 0xbf, 0xff, 0xc0, 0xff, 0xbe, 0xff, 0xc0, 0xff, 0xbd, 0xff, 0xc0, 0xff, 0xbd, 0xff, 0xc0, 0xff, 0xbd, 0xff, 0xc0, 0xff, 0xbe, 0xff, 0xc0, 0xff, 0xbf, 0xff, 0xc0, 0xff, 0xbf, 0xff, 0xc0, 0xff, 0xc0, 0xff, 0xc0, 0xff, 0xc0, 0xff, 0xc0, 0xfe, 0xc1, 0xff, 0xc0, 0xfe, 0xc1, 0xff, 0xc0, 0xfe, 0xc1, 0xff, 0xc0, 0xff, 0xc1, 0xff, 0xc0, 0xff, 0xc0, 0xff, 0xc0, 0xff, 0xbf, 0xff, 0xc0, 0xff, 0xbf, 0xff, 0xc0, 0xff, 0xbe, 0xff, 0xc0, 0xff, 0xbd, 0xff, 0xc0, 0xff, 0xbc, 0xff, 0xc0, 0xff, 0xbc, 0xff, 0xc0, 0xff, 0xbc, 0xff, 
  0xc0, 0xff, 0xc0, 0xff, 0xc0, 0xff, 0xc0, 0xff, 0xc0, 0xff, 0xc0, 0xff, 0xc0, 0xff, 0xc0, 0xff, 0xc0, 0xff, 0xc0, 0xff, 0xc0, 0xff, 0xc0, 0xff, 0xc0, 0xff, 0xc0, 0xff, 0xc0, 0xff, 0xc0, 0xff, 0xc2, 0xff, 0xc2, 0xff, 0xc1, 0xff, 0xc1, 0xff, 0xc0, 0xff, 0xc0, 0xff, 0xbf, 0xfe, 0xbf, 0xff, 0xbe, 0xfd, 0xbf, 0xff, 0xbf, 0xfe, 0xbf, 0xff, 0xc0, 0xff, 0xc0, 0xff, 0xc0, 0xff, 0xc1, 0xff, 0xbf, 0xff, 0xc0, 0xff, 0xbe, 0xff, 0xbf, 0xff, 0xbc, 0xfe, 0xbd, 0xff, 0xbe, 0xfe, 0xbf, 0xff, 0xbf, 0xff, 0xc1, 0xff, 0xc1, 0xfe, 0xc2, 0xff, 0xc2, 0xfb, 0xc3, 0xff, 0xc3, 0xf9, 0xc4, 0xff, 0xc6, 0xf7, 0xc6, 0xff, 0xcb, 0xf7, 0xcb, 0xff, 0xd1, 0xf7, 0xd0, 0xff, 0xd6, 0xf9, 0xd5, 0xff, 0xda, 0xf8, 0xd8, 0xff, 0xdd, 0xf8, 0xdb, 0xff, 0xdf, 0xf6, 0xdd, 0xff, 0xde, 0xf5, 0xdc, 0xff, 0xde, 0xf7, 0xdc, 0xff, 0xdd, 0xf7, 0xdd, 0xff, 0xdd, 0xf5, 0xdf, 0xff, 0xdd, 0xf5, 0xe0, 0xff, 0xde, 0xf6, 0xe0, 0xff, 0xde, 0xf7, 0xdf, 0xff, 0xdd, 0xf8, 0xdd, 0xff, 0xdc, 0xf8, 0xdd, 0xff, 0xda, 0xf5, 0xe0, 0xff, 0xd7, 0xf1, 0xe4, 0xff, 0xd1, 0xe9, 0xe7, 0xff, 0xcd, 0xe4, 0xe9, 0xff, 0xc8, 0xdf, 0xe8, 0xff, 0xc3, 0xdb, 0xe4, 0xff, 0xbd, 0xd7, 0xdd, 0xff, 0xb7, 0xd4, 0xd9, 0xff, 0xb5, 0xd4, 0xdd, 0xff, 0xb7, 0xd8, 0xe2, 0xff, 0xb8, 0xda, 0xe3, 0xff, 0xb3, 0xd6, 0xdf, 0xff, 0xb1, 0xd5, 0xdf, 0xff, 0xb3, 0xd8, 0xe3, 0xff, 0xb2, 0xd7, 0xe4, 0xff, 0xaf, 0xd4, 0xe2, 0xff, 0xb0, 0xd5, 0xe4, 0xff, 0xb1, 0xd6, 0xe4, 0xff, 0xb2, 0xd8, 0xe3, 0xff, 0xb2, 0xda, 0xdf, 0xff, 0xb0, 0xdb, 0xd8, 0xff, 0xb0, 0xdc, 0xd3, 0xff, 0xb5, 0xe3, 0xd4, 0xff, 0xbc, 0xee, 0xd2, 0xff, 0xc1, 0xfb, 0xcc, 0xff, 0xc0, 0xfd, 0xc4, 0xff, 0xbf, 0xfd, 0xc1, 0xff, 0xbf, 0xfd, 0xc0, 0xff, 0xc0, 0xff, 0xc0, 0xff, 0xc0, 0xff, 0xbf, 0xff, 0xc0, 0xff, 0xbe, 0xff, 0xc0, 0xff, 0xbd, 0xff, 0xbf, 0xff, 0xbd, 0xff, 0xbf, 0xff, 0xbd, 0xff, 0xbf, 0xff, 0xbd, 0xff, 0xbf, 0xff, 0xbd, 0xff, 0xc0, 0xff, 0xbf, 0xff, 0xc0, 0xff, 0xc0, 0xff, 0xc1, 0xff, 0xc1, 0xff, 0xc1, 0xff, 0xc2, 0xff, 0xc1, 0xff, 0xc1, 0xff, 0xc0, 0xff, 0xbf, 0xff, 0xc0, 0xff, 0xbf, 0xff, 0xc0, 0xff, 0xbe, 0xff, 0xc0, 0xff, 0xbe, 0xff, 0xbf, 0xff, 0xbd, 0xff, 0xbe, 0xff, 0xbb, 0xff, 0xbe, 0xff, 0xba, 0xff, 0xbd, 0xfe, 0xb9, 0xff, 0xc0, 0xff, 0xbc, 0xff, 
  0xc0, 0xff, 0xc0, 0xff, 0xc0, 0xff, 0xc0, 0xff, 0xc0, 0xff, 0xc0, 0xff, 0xc0, 0xff, 0xc0, 0xff, 0xc0, 0xff, 0xc0, 0xff, 0xc0, 0xff, 0xc0, 0xff, 0xc0, 0xff, 0xc0, 0xff, 0xc0, 0xff, 0xc0, 0xff, 0xc1, 0xff, 0xc1, 0xff, 0xc1, 0xff, 0xc1, 0xff, 0xc0, 0xff, 0xc0, 0xff, 0xbf, 0xfe, 0xbf, 0xff, 0xbf, 0xfe, 0xbf, 0xff, 0xbf, 0xfe, 0xbf, 0xff, 0xc0, 0xff, 0xc0, 0xff, 0xbf, 0xff, 0xc0, 0xff, 0xbd, 0xff, 0xbf, 0xff, 0xbd, 0xff, 0xbf, 0xff, 0xbd, 0xff, 0xbe, 0xff, 0xbf, 0xfe, 0xc0, 0xff, 0xc0, 0xfc, 0xc2, 0xff, 0xc3, 0xfc, 0xc5, 0xff, 0xc7, 0xfb, 0xc8, 0xff, 0xcb, 0xfa, 0xcc, 0xff, 0xcf, 0xf8, 0xcf, 0xff, 0xd3, 0xf7, 0xd3, 0xff, 0xd9, 0xf7, 0xd7, 0xff, 0xdd, 0xf6, 0xdb, 0xff, 0xdf, 0xf4, 0xdd, 0xff, 0xe1, 0xf3, 0xdf, 0xff, 0xe3, 0xf2, 0xe0, 0xff, 0xe2, 0xf1, 0xe0, 0xff, 0xe1, 0xf2, 0xe1, 0xff, 0xe0, 0xf2, 0xe1, 0xff, 0xe0, 0xf1, 0xe3, 0xff, 0xe0, 0xf1, 0xe4, 0xff, 0xe0, 0xf1, 0xe3, 0xff, 0xdf, 0xf2, 0xe1, 0xff, 0xdf, 0xf4, 0xde, 0xff, 0xde, 0xf4, 0xdf, 0xff, 0xdf, 0xf3, 0xe3, 0xff, 0xdb, 0xef, 0xe6, 0xff, 0xd9, 0xeb, 0xeb, 0xff, 0xd6, 0xe8, 0xee, 0xff, 0xd3, 0xe5, 0xee, 0xff, 0xd1, 0xe4, 0xec, 0xff, 0xcc, 0xe1, 0xe5, 0xff, 0xc7, 0xdf, 0xe2, 0xff, 0xbd, 0xd8, 0xe0, 0xff, 0xb5, 0xd2, 0xdc, 0xff, 0xb3, 0xd2, 0xdb, 0xff, 0xb7, 0xd7, 0xe0, 0xff, 0xb7, 0xd9, 0xe2, 0xff, 0xb2, 0xd6, 0xe0, 0xff, 0xb0, 0xd4, 0xe1, 0xff, 0xb1, 0xd6, 0xe4, 0xff, 0xb0, 0xd5, 0xe4, 0xff, 0xaf, 0xd4, 0xe2, 0xff, 0xaf, 0xd5, 0xe0, 0xff, 0xb0, 0xd7, 0xdf, 0xff, 0xb0, 0xd9, 0xdb, 0xff, 0xaf, 0xda, 0xd7, 0xff, 0xb2, 0xdd, 0xd6, 0xff, 0xb6, 0xe5, 0xd2, 0xff, 0xbe, 0xf5, 0xce, 0xff, 0xbe, 0xf8, 0xc7, 0xff, 0xbf, 0xfa, 0xc7, 0xff, 0xbf, 0xfb, 0xc5, 0xff, 0xbf, 0xfc, 0xc3, 0xff, 0xbf, 0xfd, 0xc1, 0xff, 0xc0, 0xff, 0xc1, 0xff, 0xc1, 0xff, 0xc0, 0xff, 0xbf, 0xff, 0xbe, 0xff, 0xbf, 0xff, 0xbe, 0xff, 0xbf, 0xff, 0xbe, 0xff, 0xc0, 0xff, 0xbf, 0xff, 0xc0, 0xff, 0xbf, 0xff, 0xc0, 0xff, 0xc0, 0xff, 0xc0, 0xff, 0xc0, 0xff, 0xbf, 0xfe, 0xbf, 0xff, 0xbd, 0xfc, 0xbd, 0xff, 0xbe, 0xfd, 0xbd, 0xff, 0xbf, 0xff, 0xbe, 0xff, 0xc0, 0xff, 0xbf, 0xff, 0xc1, 0xff, 0xc0, 0xff, 0xc0, 0xff, 0xbf, 0xff, 0xbf, 0xff, 0xbd, 0xff, 0xbd, 0xfd, 0xbb, 0xff, 0xbe, 0xfe, 0xbc, 0xff, 0xc1, 0xff, 0xbf, 0xff, 
  0xc0, 0xff, 0xc0, 0xff, 0xc0, 0xff, 0xc0, 0xff, 0xc0, 0xff, 0xc0, 0xff, 0xc0, 0xff, 0xc0, 0xff, 0xc0, 0xff, 0xc0, 0xff, 0xc0, 0xff, 0xc0, 0xff, 0xc0, 0xff, 0xc0, 0xff, 0xc0, 0xff, 0xc0, 0xff, 0xc0, 0xff, 0xc0, 0xff, 0xc0, 0xff, 0xc0, 0xff, 0xc0, 0xff, 0xc0, 0xff, 0xc0, 0xff, 0xc0, 0xff, 0xc0, 0xff, 0xc0, 0xff, 0xc0, 0xff, 0xc0, 0xff, 0xc0, 0xff, 0xc0, 0xff, 0xbf, 0xff, 0xc0, 0xff, 0xbc, 0xfe, 0xbd, 0xff, 0xbd, 0xff, 0xbe, 0xff, 0xc0, 0xff, 0xc1, 0xff, 0xc2, 0xfd, 0xc3, 0xff, 0xc3, 0xfa, 0xc5, 0xff, 0xc7, 0xf9, 0xc9, 0xff, 0xcd, 0xfa, 0xcf, 0xff, 0xd4, 0xfb, 0xd5, 0xff, 0xd8, 0xf8, 0xd8, 0xff, 0xdc, 0xf6, 0xdb, 0xff, 0xdf, 0xf5, 0xde, 0xff, 0xe2, 0xf4, 0xe0, 0xff, 0xe5, 0xf2, 0xe2, 0xff, 0xe6, 0xf0, 0xe2, 0xff, 0xe7, 0xf0, 0xe3, 0xff, 0xe6, 0xef, 0xe4, 0xff, 0xe4, 0xf0, 0xe4, 0xff, 0xe2, 0xef, 0xe5, 0xff, 0xe2, 0xef, 0xe7, 0xff, 0xe2, 0xee, 0xe7, 0xff, 0xe2, 0xef, 0xe6, 0xff, 0xe2, 0xf0, 0xe4, 0xff, 0xe2, 0xf2, 0xe1, 0xff, 0xe2, 0xf2, 0xe1, 0xff, 0xe0, 0xef, 0xe1, 0xff, 0xdf, 0xed, 0xe6, 0xff, 0xdc, 0xe9, 0xeb, 0xff, 0xdc, 0xe8, 0xef, 0xff, 0xdc, 0xe9, 0xf1, 0xff, 0xda, 0xe9, 0xef, 0xff, 0xd8, 0xe8, 0xea, 0xff, 0xd4, 0xe6, 0xe9, 0xff, 0xc9, 0xde, 0xe5, 0xff, 0xbe, 0xd6, 0xdf, 0xff, 0xb7, 0xd1, 0xda, 0xff, 0xb7, 0xd4, 0xdc, 0xff, 0xb8, 0xd7, 0xe0, 0xff, 0xb4, 0xd6, 0xe0, 0xff, 0xb1, 0xd4, 0xe0, 0xff, 0xb2, 0xd6, 0xe3, 0xff, 0xb0, 0xd5, 0xe3, 0xff, 0xae, 0xd3, 0xe1, 0xff, 0xad, 0xd3, 0xdf, 0xff, 0xaf, 0xd6, 0xdf, 0xff, 0xb1, 0xd9, 0xde, 0xff, 0xb1, 0xda, 0xdc, 0xff, 0xb0, 0xd9, 0xd8, 0xff, 0xb0, 0xdc, 0xd1, 0xff, 0xb6, 0xe9, 0xcd, 0xff, 0xba, 0xf0, 0xcb, 0xff, 0xbf, 0xf6, 0xce, 0xff, 0xc1, 0xfa, 0xce, 0xff, 0xc0, 0xfa, 0xca, 0xff, 0xbf, 0xfa, 0xc7, 0xff, 0xbf, 0xfb, 0xc4, 0xff, 0xc0, 0xfd, 0xc3, 0xff, 0xbf, 0xfd, 0xc1, 0xff, 0xc0, 0xff, 0xc1, 0xff, 0xc0, 0xff, 0xc0, 0xff, 0xc1, 0xff, 0xc1, 0xff, 0xc1, 0xff, 0xc1, 0xff, 0xc0, 0xff, 0xc0, 0xff, 0xc0, 0xfe, 0xc1, 0xff, 0xc0, 0xfe, 0xc1, 0xff, 0xc0, 0xff, 0xc0, 0xff, 0xc0, 0xff, 0xc0, 0xff, 0xc0, 0xff, 0xc1, 0xff, 0xc0, 0xfe, 0xc1, 0xff, 0xc1, 0xff, 0xc3, 0xff, 0xc0, 0xfe, 0xc2, 0xff, 0xbf, 0xfd, 0xc1, 0xff, 0xbe, 0xfc, 0xbf, 0xff, 0xbf, 0xfd, 0xc0, 0xff, 0xc1, 0xff, 0xc2, 0xff, 
  0xc0, 0xff, 0xc0, 0xff, 0xc0, 0xff, 0xc0, 0xff, 0xc0, 0xff, 0xc0, 0xff, 0xc0, 0xff, 0xc0, 0xff, 0xc0, 0xff, 0xc0, 0xff, 0xc0, 0xff, 0xc0, 0xff, 0xc0, 0xff, 0xc0, 0xff, 0xc0, 0xff, 0xc0, 0xff, 0xc0, 0xff, 0xc0, 0xff, 0xc0, 0xff, 0xc0, 0xff, 0xc0, 0xff, 0xc0, 0xff, 0xc0, 0xff, 0xc0, 0xff, 0xc0, 0xff, 0xc0, 0xff, 0xc0, 0xff, 0xc0, 0xff, 0xbf, 0xfe, 0xbf, 0xff, 0xbf, 0xfe, 0xc0, 0xff, 0xbd, 0xfc, 0xbe, 0xff, 0xc0, 0xfd, 0xc1, 0xff, 0xc3, 0xfd, 0xc3, 0xff, 0xc7, 0xfc, 0xc7, 0xff, 0xca, 0xfa, 0xcc, 0xff, 0xcf, 0xf9, 0xd0, 0xff, 0xd5, 0xfa, 0xd7, 0xff, 0xda, 0xf8, 0xdb, 0xff, 0xde, 0xf6, 0xde, 0xff, 0xe1, 0xf4, 0xe0, 0xff, 0xe3, 0xf2, 0xe2, 0xff, 0xe5, 0xf1, 0xe4, 0xff, 0xe7, 0xf0, 0xe5, 0xff, 0xe9, 0xf0, 0xe5, 0xff, 0xea, 0xf1, 0xe7, 0xff, 0xe9, 0xf1, 0xe7, 0xff, 0xe6, 0xf0, 0xe6, 0xff, 0xe4, 0xf0, 0xe7, 0xff, 0xe5, 0xef, 0xe9, 0xff, 0xe5, 0xef, 0xe9, 0xff, 0xe5, 0xef, 0xe8, 0xff, 0xe6, 0xf1, 0xe7, 0xff, 0xe6, 0xf3, 0xe4, 0xff, 0xe6, 0xf3, 0xe4, 0xff, 0xe3, 0xef, 0xe3, 0xff, 0xe2, 0xec, 0xe6, 0xff, 0xde, 0xe7, 0xea, 0xff, 0xde, 0xe7, 0xee, 0xff, 0xdd, 0xe7, 0xef, 0xff, 0xde, 0xe8, 0xee, 0xff, 0xdd, 0xe9, 0xea, 0xff, 0xda, 0xe8, 0xea, 0xff, 0xd5, 0xe6, 0xec, 0xff, 0xd0, 0xe4, 0xec, 0xff, 0xc6, 0xdc, 0xe4, 0xff, 0xbb, 0xd3, 0xdb, 0xff, 0xb6, 0xd2, 0xda, 0xff, 0xb7, 0xd6, 0xdf, 0xff, 0xb5, 0xd7, 0xe1, 0xff, 0xb0, 0xd3, 0xdf, 0xff, 0xb2, 0xd6, 0xe3, 0xff, 0xaf, 0xd4, 0xe1, 0xff, 0xae, 0xd3, 0xe0, 0xff, 0xb0, 0xd6, 0xe1, 0xff, 0xb2, 0xd9, 0xe1, 0xff, 0xb2, 0xda, 0xe0, 0xff, 0xb1, 0xd8, 0xdd, 0xff, 0xaf, 0xd9, 0xd6, 0xff, 0xae, 0xdd, 0xcd, 0xff, 0xb3, 0xe5, 0xcc, 0xff, 0xba, 0xed, 0xd1, 0xff, 0xbf, 0xf4, 0xd3, 0xff, 0xc1, 0xf7, 0xd2, 0xff, 0xc1, 0xf9, 0xcf, 0xff, 0xc0, 0xfa, 0xca, 0xff, 0xc0, 0xfb, 0xc8, 0xff, 0xbf, 0xfc, 0xc4, 0xff, 0xbf, 0xfc, 0xc2, 0xff, 0xbf, 0xfd, 0xc1, 0xff, 0xbf, 0xfd, 0xc0, 0xff, 0xc0, 0xfe, 0xc1, 0xff, 0xc0, 0xfe, 0xc2, 0xff, 0xc0, 0xfe, 0xc2, 0xff, 0xc0, 0xfe, 0xc2, 0xff, 0xc2, 0xff, 0xc4, 0xff, 0xc1, 0xff, 0xc4, 0xff, 0xbf, 0xfc, 0xc3, 0xff, 0xbf, 0xfc, 0xc3, 0xff, 0xbf, 0xfb, 0xc5, 0xff, 0xbf, 0xfb, 0xc5, 0xff, 0xc0, 0xfc, 0xc7, 0xff, 0xc0, 0xfc, 0xc7, 0xff, 0xbf, 0xfb, 0xc6, 0xff, 0xc2, 0xfe, 0xc9, 0xff, 
  0xc0, 0xff, 0xc0, 0xff, 0xc0, 0xff, 0xc0, 0xff, 0xc0, 0xff, 0xc0, 0xff, 0xc0, 0xff, 0xc0, 0xff, 0xc0, 0xff, 0xc0, 0xff, 0xc0, 0xff, 0xc0, 0xff, 0xc0, 0xff, 0xc0, 0xff, 0xc0, 0xff, 0xc0, 0xff, 0xbf, 0xfe, 0xbf, 0xff, 0xc0, 0xff, 0xc0, 0xff, 0xc0, 0xff, 0xc0, 0xff, 0xc1, 0xff, 0xc1, 0xff, 0xc1, 0xff, 0xc1, 0xff, 0xc0, 0xff, 0xc0, 0xff, 0xbf, 0xfe, 0xbf, 0xff, 0xc0, 0xfd, 0xc0, 0xff, 0xc1, 0xfb, 0xc1, 0xff, 0xc5, 0xfa, 0xc5, 0xff, 0xc8, 0xf9, 0xc8, 0xff, 0xce, 0xfa, 0xce, 0xff, 0xd4, 0xfb, 0xd5, 0xff, 0xd9, 0xf9, 0xd9, 0xff, 0xdc, 0xf7, 0xdd, 0xff, 0xdf, 0xf4, 0xdf, 0xff, 0xe2, 0xf2, 0xe1, 0xff, 0xe4, 0xf0, 0xe3, 0xff, 0xe5, 0xef, 0xe5, 0xff, 0xe6, 0xef, 0xe5, 0xff, 0xe7, 0xef, 0xe5, 0xff, 0xe8, 0xf0, 0xe6, 0xff, 0xe9, 0xf1, 0xe6, 0xff, 0xe7, 0xf1, 0xe6, 0xff, 0xe4, 0xf1, 0xe5, 0xff, 0xe5, 0xf2, 0xe7, 0xff, 0xe5, 0xf1, 0xe8, 0xff, 0xe6, 0xf0, 0xe9, 0xff, 0xe7, 0xf1, 0xe8, 0xff, 0xe7, 0xf1, 0xe7, 0xff, 0xe7, 0xf2, 0xe4, 0xff, 0xe7, 0xf3, 0xe4, 0xff, 0xe7, 0xf1, 0xe6, 0xff, 0xe5, 0xee, 0xe8, 0xff, 0xe1, 0xe8, 0xeb, 0xff, 0xe0, 0xe5, 0xed, 0xff, 0xe0, 0xe6, 0xef, 0xff, 0xdf, 0xe7, 0xed, 0xff, 0xe0, 0xea, 0xeb, 0xff, 0xde, 0xe9, 0xea, 0xff, 0xdc, 0xe9, 0xee, 0xff, 0xdb, 0xeb, 0xf1, 0xff, 0xd5, 0xe6, 0xec, 0xff, 0xc7, 0xdb, 0xe2, 0xff, 0xbd, 0xd4, 0xdc, 0xff, 0xb8, 0xd3, 0xdc, 0xff, 0xb5, 0xd5, 0xde, 0xff, 0xb1, 0xd4, 0xde, 0xff, 0xb1, 0xd4, 0xe0, 0xff, 0xb0, 0xd4, 0xe1, 0xff, 0xaf, 0xd4, 0xe1, 0xff, 0xaf, 0xd4, 0xe1, 0xff, 0xaf, 0xd5, 0xe0, 0xff, 0xb0, 0xd7, 0xe0, 0xff, 0xb0, 0xd7, 0xdf, 0xff, 0xaf, 0xd7, 0xdb, 0xff, 0xac, 0xd7, 0xd3, 0xff, 0xae, 0xdb, 0xd1, 0xff, 0xb3, 0xe1, 0xd3, 0xff, 0xb8, 0xe8, 0xd5, 0xff, 0xbd, 0xf0, 0xd5, 0xff, 0xc0, 0xf5, 0xd4, 0xff, 0xc1, 0xf8, 0xd1, 0xff, 0xc1, 0xfa, 0xce, 0xff, 0xc1, 0xfb, 0xca, 0xff, 0xc0, 0xfc, 0xc6, 0xff, 0xbf, 0xfc, 0xc3, 0xff, 0xbf, 0xfc, 0xc3, 0xff, 0xbe, 0xfb, 0xc2, 0xff, 0xbe, 0xfb, 0xc2, 0xff, 0xbf, 0xfc, 0xc3, 0xff, 0xbf, 0xfc, 0xc3, 0xff, 0xbf, 0xfb, 0xc4, 0xff, 0xbe, 0xfa, 0xc4, 0xff, 0xbe, 0xf9, 0xc6, 0xff, 0xbf, 0xf9, 0xc8, 0xff, 0xc0, 0xfa, 0xcb, 0xff, 0xc0, 0xf9, 0xcc, 0xff, 0xc0, 0xf8, 0xcd, 0xff, 0xbf, 0xf7, 0xcd, 0xff, 0xbd, 0xf5, 0xcb, 0xff, 0xc1, 0xf9, 0xcf, 0xff, 
  0xc0, 0xff, 0xc0, 0xff, 0xc0, 0xff, 0xc0, 0xff, 0xc0, 0xff, 0xc0, 0xff, 0xc0, 0xff, 0xc0, 0xff, 0xc0, 0xff, 0xc0, 0xff, 0xc0, 0xff, 0xc0, 0xff, 0xc0, 0xff, 0xc0, 0xff, 0xc0, 0xff, 0xc0, 0xff, 0xc0, 0xff, 0xc0, 0xff, 0xc0, 0xff, 0xc0, 0xff, 0xc0, 0xff, 0xc0, 0xff, 0xc1, 0xff, 0xc1, 0xff, 0xc0, 0xff, 0xc0, 0xff, 0xc0, 0xff, 0xc0, 0xff, 0xbf, 0xfe, 0xbf, 0xff, 0xc1, 0xfc, 0xc1, 0xff, 0xc7, 0xfb, 0xc6, 0xff, 0xca, 0xf8, 0xc9, 0xff, 0xcf, 0xf8, 0xce, 0xff, 0xd5, 0xf9, 0xd4, 0xff, 0xdc, 0xf9, 0xdb, 0xff, 0xe0, 0xf8, 0xe0, 0xff, 0xe2, 0xf3, 0xe1, 0xff, 0xe3, 0xef, 0xe2, 0xff, 0xe7, 0xf0, 0xe6, 0xff, 0xe8, 0xef, 0xe8, 0xff, 0xe7, 0xee, 0xe7, 0xff, 0xe7, 0xee, 0xe7, 0xff, 0xe7, 0xef, 0xe5, 0xff, 0xe6, 0xef, 0xe4, 0xff, 0xe5, 0xf0, 0xe4, 0xff, 0xe4, 0xf1, 0xe3, 0xff, 0xe2, 0xf1, 0xe1, 0xff, 0xe2, 0xf1, 0xe2, 0xff, 0xe3, 0xf0, 0xe4, 0xff, 0xe5, 0xf0, 0xe6, 0xff, 0xe6, 0xf0, 0xe6, 0xff, 0xe6, 0xf1, 0xe4, 0xff, 0xe6, 0xf2, 0xe2, 0xff, 0xe7, 0xf2, 0xe3, 0xff, 0xe8, 0xf2, 0xe6, 0xff, 0xe5, 0xec, 0xe7, 0xff, 0xe2, 0xe6, 0xea, 0xff, 0xe1, 0xe4, 0xec, 0xff, 0xe1, 0xe5, 0xee, 0xff, 0xe1, 0xe6, 0xee, 0xff, 0xe2, 0xe9, 0xeb, 0xff, 0xe1, 0xea, 0xea, 0xff, 0xde, 0xe8, 0xec, 0xff, 0xdb, 0xe6, 0xec, 0xff, 0xda, 0xe8, 0xed, 0xff, 0xd7, 0xe8, 0xee, 0xff, 0xcc, 0xe0, 0xe7, 0xff, 0xbc, 0xd4, 0xdc, 0xff, 0xb4, 0xd2, 0xda, 0xff, 0xb3, 0xd4, 0xdd, 0xff, 0xaf, 0xd2, 0xdd, 0xff, 0xae, 0xd2, 0xdf, 0xff, 0xae, 0xd3, 0xe0, 0xff, 0xad, 0xd2, 0xdf, 0xff, 0xad, 0xd2, 0xdf, 0xff, 0xae, 0xd4, 0xe0, 0xff, 0xaf, 0xd5, 0xe0, 0xff, 0xaf, 0xd6, 0xdf, 0xff, 0xae, 0xd6, 0xdc, 0xff, 0xad, 0xd6, 0xd8, 0xff, 0xad, 0xd8, 0xd5, 0xff, 0xaf, 0xdc, 0xd3, 0xff, 0xb4, 0xe3, 0xd3, 0xff, 0xb9, 0xeb, 0xd3, 0xff, 0xbd, 0xf1, 0xd3, 0xff, 0xbf, 0xf5, 0xd0, 0xff, 0xc2, 0xfa, 0xcf, 0xff, 0xc2, 0xfc, 0xcb, 0xff, 0xc1, 0xfc, 0xc8, 0xff, 0xc1, 0xfd, 0xc7, 0xff, 0xc0, 0xfc, 0xc6, 0xff, 0xc0, 0xfc, 0xc5, 0xff, 0xc0, 0xfc, 0xc5, 0xff, 0xc0, 0xfc, 0xc6, 0xff, 0xc1, 0xfc, 0xc9, 0xff, 0xc1, 0xfb, 0xcb, 0xff, 0xc2, 0xfb, 0xce, 0xff, 0xc2, 0xfa, 0xd0, 0xff, 0xc1, 0xf8, 0xd1, 0xff, 0xbe, 0xf4, 0xd0, 0xff, 0xba, 0xef, 0xcd, 0xff, 0xb7, 0xec, 0xcb, 0xff, 0xb8, 0xed, 0xcc, 0xff, 0xbe, 0xf3, 0xd2, 0xff, 
  0xc0, 0xff, 0xc0, 0xff, 0xc0, 0xff, 0xc0, 0xff, 0xc0, 0xff, 0xc0, 0xff, 0xc0, 0xff, 0xc0, 0xff, 0xc0, 0xff, 0xc0, 0xff, 0xc0, 0xff, 0xc0, 0xff, 0xc0, 0xff, 0xc0, 0xff, 0xc0, 0xff, 0xc0, 0xff, 0xc0, 0xff, 0xc0, 0xff, 0xc0, 0xff, 0xc0, 0xff, 0xc0, 0xff, 0xc0, 0xff, 0xc0, 0xff, 0xc0, 0xff, 0xc0, 0xff, 0xc0, 0xff, 0xc0, 0xff, 0xc0, 0xff, 0xbf, 0xfe, 0xbf, 0xff, 0xc2, 0xfc, 0xc2, 0xff, 0xcb, 0xfa, 0xca, 0xff, 0xd1, 0xf8, 0xcf, 0xff, 0xd5, 0xf8, 0xd4, 0xff, 0xdb, 0xf7, 0xd9, 0xff, 0xdf, 0xf6, 0xde, 0xff, 0xe4, 0xf4, 0xe3, 0xff, 0xe6, 0xf0, 0xe5, 0xff, 0xe8, 0xee, 0xe7, 0xff, 0xea, 0xed, 0xea, 0xff, 0xea, 0xed, 0xea, 0xff, 0xe8, 0xed, 0xe8, 0xff, 0xe7, 0xee, 0xe7, 0xff, 0xe5, 0xef, 0xe5, 0xff, 0xe4, 0xf0, 0xe4, 0xff, 0xe1, 0xf0, 0xe1, 0xff, 0xe0, 0xf1, 0xe0, 0xff, 0xe0, 0xf2, 0xdd, 0xff, 0xe0, 0xf2, 0xde, 0xff, 0xe2, 0xf2, 0xe1, 0xff, 0xe3, 0xf1, 0xe2, 0xff, 0xe4, 0xf1, 0xe2, 0xff, 0xe5, 0xf1, 0xe1, 0xff, 0xe5, 0xf2, 0xe0, 0xff, 0xe6, 0xf1, 0xe0, 0xff, 0xe7, 0xf0, 0xe3, 0xff, 0xe5, 0xec, 0xe5, 0xff, 0xe3, 0xe6, 0xe9, 0xff, 0xe1, 0xe4, 0xec, 0xff, 0xe2, 0xe4, 0xee, 0xff, 0xe2, 0xe6, 0xee, 0xff, 0xe2, 0xe8, 0xeb, 0xff, 0xe2, 0xe8, 0xea, 0xff, 0xe0, 0xe6, 0xeb, 0xff, 0xdd, 0xe4, 0xe9, 0xff, 0xdc, 0xe7, 0xeb, 0xff, 0xdd, 0xeb, 0xf0, 0xff, 0xd6, 0xe8, 0xef, 0xff, 0xc6, 0xdd, 0xe5, 0xff, 0xba, 0xd6, 0xde, 0xff, 0xb3, 0xd3, 0xdc, 0xff, 0xae, 0xd1, 0xdb, 0xff, 0xad, 0xd2, 0xdd, 0xff, 0xad, 0xd3, 0xdf, 0xff, 0xab, 0xd0, 0xdd, 0xff, 0xac, 0xd1, 0xde, 0xff, 0xae, 0xd3, 0xe1, 0xff, 0xae, 0xd3, 0xe1, 0xff, 0xad, 0xd2, 0xe0, 0xff, 0xae, 0xd3, 0xe2, 0xff, 0xad, 0xd3, 0xdf, 0xff, 0xac, 0xd3, 0xdb, 0xff, 0xab, 0xd4, 0xd5, 0xff, 0xad, 0xd9, 0xd2, 0xff, 0xb0, 0xdf, 0xd0, 0xff, 0xb4, 0xe6, 0xce, 0xff, 0xb7, 0xeb, 0xcc, 0xff, 0xbc, 0xf3, 0xcd, 0xff, 0xbd, 0xf5, 0xca, 0xff, 0xbe, 0xf8, 0xc8, 0xff, 0xbf, 0xfa, 0xc7, 0xff, 0xc0, 0xfb, 0xc7, 0xff, 0xc0, 0xfc, 0xc7, 0xff, 0xc0, 0xfc, 0xc7, 0xff, 0xc0, 0xfb, 0xc8, 0xff, 0xc1, 0xfa, 0xcc, 0xff, 0xc0, 0xf8, 0xce, 0xff, 0xbe, 0xf5, 0xce, 0xff, 0xbc, 0xf2, 0xce, 0xff, 0xb9, 0xee, 0xce, 0xff, 0xb5, 0xe8, 0xcc, 0xff, 0xb0, 0xe2, 0xc9, 0xff, 0xad, 0xdf, 0xc7, 0xff, 0xb2, 0xe4, 0xcc, 0xff, 0xbb, 0xed, 0xd5, 0xff, 
  0xc0, 0xff, 0xc0, 0xff, 0xc0, 0xff, 0xc0, 0xff, 0xc0, 0xff, 0xc0, 0xff, 0xc0, 0xff, 0xc0, 0xff, 0xc0, 0xff, 0xc1, 0xff, 0xc0, 0xff, 0xc1, 0xff, 0xc0, 0xff, 0xc1, 0xff, 0xc0, 0xff, 0xc1, 0xff, 0xbf, 0xff, 0xc1, 0xff, 0xbf, 0xff, 0xc0, 0xff, 0xc0, 0xff, 0xc0, 0xff, 0xc0, 0xff, 0xc1, 0xff, 0xc1, 0xfe, 0xc1, 0xff, 0xc2, 0xfe, 0xc2, 0xff, 0xc2, 0xfd, 0xc2, 0xff, 0xc6, 0xfa, 0xc5, 0xff, 0xd1, 0xf7, 0xd0, 0xff, 0xd8, 0xf6, 0xd6, 0xff, 0xdc, 0xf6, 0xdb, 0xff, 0xdf, 0xf6, 0xde, 0xff, 0xe1, 0xf2, 0xe0, 0xff, 0xe3, 0xf0, 0xe3, 0xff, 0xe6, 0xee, 0xe6, 0xff, 0xe9, 0xee, 0xe9, 0xff, 0xe9, 0xec, 0xe9, 0xff, 0xe9, 0xed, 0xe9, 0xff, 0xe7, 0xed, 0xe8, 0xff, 0xe6, 0xee, 0xe6, 0xff, 0xe5, 0xef, 0xe5, 0xff, 0xe4, 0xf0, 0xe3, 0xff, 0xe2, 0xf1, 0xe2, 0xff, 0xe1, 0xf2, 0xe1, 0xff, 0xe0, 0xf2, 0xde, 0xff, 0xe1, 0xf3, 0xdf, 0xff, 0xe2, 0xf2, 0xe0, 0xff, 0xe3, 0xf1, 0xe1, 0xff, 0xe3, 0xf1, 0xe1, 0xff, 0xe4, 0xf1, 0xe1, 0xff, 0xe5, 0xf2, 0xe0, 0xff, 0xe5, 0xf1, 0xe1, 0xff, 0xe6, 0xf0, 0xe3, 0xff, 0xe5, 0xed, 0xe6, 0xff, 0xe4, 0xe9, 0xea, 0xff, 0xe4, 0xe8, 0xed, 0xff, 0xe3, 0xe7, 0xef, 0xff, 0xe4, 0xe8, 0xef, 0xff, 0xe3, 0xe8, 0xec, 0xff, 0xe2, 0xe8, 0xea, 0xff, 0xe1, 0xe6, 0xea, 0xff, 0xe2, 0xe8, 0xec, 0xff, 0xe0, 0xe8, 0xeb, 0xff, 0xdc, 0xe7, 0xeb, 0xff, 0xda, 0xe8, 0xed, 0xff, 0xd5, 0xe7, 0xee, 0xff, 0xc7, 0xdd, 0xe5, 0xff, 0xb5, 0xd1, 0xd9, 0xff, 0xb2, 0xd2, 0xdb, 0xff, 0xb0, 0xd3, 0xdd, 0xff, 0xad, 0xd2, 0xdd, 0xff, 0xab, 0xd2, 0xde, 0xff, 0xac, 0xd2, 0xdf, 0xff, 0xae, 0xd4, 0xe2, 0xff, 0xad, 0xd2, 0xe2, 0xff, 0xaa, 0xcf, 0xe0, 0xff, 0xab, 0xd0, 0xe1, 0xff, 0xac, 0xd1, 0xe1, 0xff, 0xad, 0xd4, 0xe0, 0xff, 0xab, 0xd4, 0xdc, 0xff, 0xa9, 0xd4, 0xd6, 0xff, 0xa8, 0xd5, 0xd1, 0xff, 0xa9, 0xd9, 0xce, 0xff, 0xab, 0xdc, 0xcc, 0xff, 0xaf, 0xe1, 0xcb, 0xff, 0xb2, 0xe5, 0xca, 0xff, 0xb6, 0xea, 0xcc, 0xff, 0xba, 0xef, 0xce, 0xff, 0xbd, 0xf1, 0xce, 0xff, 0xbe, 0xf3, 0xcf, 0xff, 0xbd, 0xf3, 0xce, 0xff, 0xbd, 0xf3, 0xcf, 0xff, 0xb8, 0xed, 0xcc, 0xff, 0xb6, 0xe9, 0xcd, 0xff, 0xb3, 0xe5, 0xcd, 0xff, 0xb0, 0xe0, 0xcc, 0xff, 0xad, 0xdc, 0xcc, 0xff, 0xac, 0xdb, 0xcc, 0xff, 0xaa, 0xd9, 0xca, 0xff, 0xa9, 0xd8, 0xc8, 0xff, 0xad, 0xde, 0xc9, 0xff, 0xb9, 0xea, 0xd4, 0xff, 
  0xc0, 0xff, 0xbe, 0xff, 0xc0, 0xff, 0xbf, 0xff, 0xc1, 0xff, 0xbf, 0xff, 0xc1, 0xff, 0xc0, 0xff, 0xc1, 0xfe, 0xc1, 0xff, 0xc1, 0xfe, 0xc1, 0xff, 0xc0, 0xfe, 0xc1, 0xff, 0xbf, 0xfe, 0xc1, 0xff, 0xc0, 0xff, 0xc2, 0xff, 0xbf, 0xff, 0xc0, 0xff, 0xbe, 0xfe, 0xbf, 0xff, 0xc1, 0xfe, 0xc1, 0xff, 0xc4, 0xfd, 0xc3, 0xff, 0xc7, 0xfd, 0xc5, 0xff, 0xc9, 0xfc, 0xc6, 0xff, 0xcd, 0xf7, 0xcb, 0xff, 0xdb, 0xf6, 0xdb, 0xff, 0xdf, 0xf3, 0xe0, 0xff, 0xe0, 0xf2, 0xe1, 0xff, 0xe1, 0xf2, 0xe2, 0xff, 0xe2, 0xf1, 0xe3, 0xff, 0xe4, 0xf1, 0xe5, 0xff, 0xe5, 0xf0, 0xe6, 0xff, 0xe6, 0xf0, 0xe6, 0xff, 0xe6, 0xf0, 0xe6, 0xff, 0xe7, 0xf0, 0xe6, 0xff, 0xe7, 0xf0, 0xe6, 0xff, 0xe7, 0xf0, 0xe6, 0xff, 0xe6, 0xf0, 0xe5, 0xff, 0xe6, 0xf1, 0xe5, 0xff, 0xe5, 0xf1, 0xe4, 0xff, 0xe5, 0xf1, 0xe4, 0xff, 0xe3, 0xf1, 0xe2, 0xff, 0xe3, 0xf1, 0xe2, 0xff, 0xe3, 0xf1, 0xe2, 0xff, 0xe4, 0xf2, 0xe3, 0xff, 0xe5, 0xf2, 0xe3, 0xff, 0xe5, 0xf2, 0xe3, 0xff, 0xe5, 0xf2, 0xe3, 0xff, 0xe6, 0xf3, 0xe4, 0xff, 0xe6, 0xf1, 0xe5, 0xff, 0xe5, 0xee, 0xe7, 0xff, 0xe3, 0xeb, 0xe8, 0xff, 0xe1, 0xe8, 0xe8, 0xff, 0xe0, 0xe7, 0xe9, 0xff, 0xe0, 0xe7, 0xea, 0xff, 0xe0, 0xe6, 0xea, 0xff, 0xe1, 0xe8, 0xeb, 0xff, 0xe2, 0xe9, 0xeb, 0xff, 0xe1, 0xe7, 0xe9, 0xff, 0xdf, 0xe5, 0xe7, 0xff, 0xe0, 0xe6, 0xe8, 0xff, 0xe2, 0xe9, 0xec, 0xff, 0xe0, 0xea, 0xee, 0xff, 0xd6, 0xe4, 0xe9, 0xff, 0xc9, 0xde, 0xe3, 0xff, 0xb8, 0xd3, 0xd9, 0xff, 0xb2, 0xd2, 0xda, 0xff, 0xae, 0xd2, 0xdc, 0xff, 0xac, 0xd3, 0xde, 0xff, 0xac, 0xd4, 0xe0, 0xff, 0xab, 0xd3, 0xe2, 0xff, 0xac, 0xd2, 0xe3, 0xff, 0xab, 0xd1, 0xe2, 0xff, 0xab, 0xd2, 0xe1, 0xff, 0xac, 0xd4, 0xe1, 0xff, 0xa8, 0xd2, 0xde, 0xff, 0xa5, 0xd0, 0xdc, 0xff, 0xa6, 0xd3, 0xde, 0xff, 0xa9, 0xd7, 0xe1, 0xff, 0xa9, 0xd7, 0xdf, 0xff, 0xa6, 0xd3, 0xda, 0xff, 0xa8, 0xd3, 0xd8, 0xff, 0xaa, 0xd4, 0xd6, 0xff, 0xab, 0xd5, 0xd5, 0xff, 0xac, 0xd5, 0xd3, 0xff, 0xad, 0xd6, 0xd2, 0xff, 0xad, 0xd6, 0xd1, 0xff, 0xab, 0xd6, 0xcf, 0xff, 0xaa, 0xd5, 0xce, 0xff, 0xa9, 0xd6, 0xcd, 0xff, 0xac, 0xd8, 0xd2, 0xff, 0xad, 0xd7, 0xd7, 0xff, 0xab, 0xd3, 0xd8, 0xff, 0xab, 0xd2, 0xda, 0xff, 0xad, 0xd4, 0xdb, 0xff, 0xad, 0xd7, 0xd7, 0xff, 0xaa, 0xd7, 0xce, 0xff, 0xb5, 0xe6, 0xd0, 0xff, 0xbd, 0xf0, 0xd4, 0xff, 
  0xc0, 0xff, 0xbe, 0xff, 0xc0, 0xff, 0xbe, 0xff, 0xc1, 0xff, 0xbf, 0xff, 0xc1, 0xff, 0xc0, 0xff, 0xc1, 0xfe, 0xc1, 0xff, 0xc1, 0xfe, 0xc1, 0xff, 0xc0, 0xfe, 0xc1, 0xff, 0xbf, 0xff, 0xc1, 0xff, 0xbe, 0xff, 0xc0, 0xff, 0xbf, 0xff, 0xc0, 0xff, 0xbf, 0xfe, 0xc0, 0xff, 0xc1, 0xfd, 0xc1, 0xff, 0xc5, 0xfc, 0xc4, 0xff, 0xca, 0xfb, 0xc8, 0xff, 0xce, 0xfb, 0xca, 0xff, 0xd3, 0xf6, 0xd0, 0xff, 0xdf, 0xf4, 0xdf, 0xff, 0xe2, 0xf0, 0xe4, 0xff, 0xe2, 0xf0, 0xe4, 0xff, 0xe3, 0xf1, 0xe5, 0xff, 0xe3, 0xf1, 0xe5, 0xff, 0xe4, 0xf1, 0xe5, 0xff, 0xe4, 0xf1, 0xe5, 0xff, 0xe5, 0xf1, 0xe5, 0xff, 0xe4, 0xf0, 0xe4, 0xff, 0xe4, 0xf0, 0xe4, 0xff, 0xe5, 0xf0, 0xe4, 0xff, 0xe5, 0xf0, 0xe4, 0xff, 0xe5, 0xf0, 0xe4, 0xff, 0xe5, 0xf0, 0xe4, 0xff, 0xe5, 0xf0, 0xe4, 0xff, 0xe5, 0xf0, 0xe4, 0xff, 0xe4, 0xf0, 0xe4, 0xff, 0xe4, 0xf0, 0xe4, 0xff, 0xe4, 0xf0, 0xe3, 0xff, 0xe4, 0xf1, 0xe2, 0xff, 0xe5, 0xf2, 0xe3, 0xff, 0xe5, 0xf2, 0xe3, 0xff, 0xe5, 0xf2, 0xe3, 0xff, 0xe5, 0xf1, 0xe4, 0xff, 0xe5, 0xf1, 0xe6, 0xff, 0xe4, 0xef, 0xe6, 0xff, 0xe2, 0xec, 0xe6, 0xff, 0xe1, 0xea, 0xe7, 0xff, 0xe0, 0xe8, 0xe8, 0xff, 0xe0, 0xe7, 0xe9, 0xff, 0xe0, 0xe7, 0xea, 0xff, 0xe1, 0xe8, 0xeb, 0xff, 0xe1, 0xe8, 0xea, 0xff, 0xe2, 0xe8, 0xea, 0xff, 0xe2, 0xe7, 0xe9, 0xff, 0xe2, 0xe6, 0xe8, 0xff, 0xe4, 0xe7, 0xea, 0xff, 0xe2, 0xe7, 0xeb, 0xff, 0xdc, 0xe6, 0xea, 0xff, 0xd3, 0xe2, 0xe7, 0xff, 0xbe, 0xd5, 0xda, 0xff, 0xb3, 0xd0, 0xd7, 0xff, 0xac, 0xce, 0xd7, 0xff, 0xad, 0xd3, 0xde, 0xff, 0xae, 0xd5, 0xe1, 0xff, 0xab, 0xd2, 0xe0, 0xff, 0xaa, 0xcf, 0xdf, 0xff, 0xac, 0xd2, 0xe1, 0xff, 0xab, 0xd0, 0xdd, 0xff, 0xab, 0xd2, 0xde, 0xff, 0xa9, 0xd2, 0xde, 0xff, 0xa7, 0xd2, 0xdf, 0xff, 0xa6, 0xd2, 0xe1, 0xff, 0xa7, 0xd3, 0xe3, 0xff, 0xa5, 0xd1, 0xe2, 0xff, 0xa4, 0xcd, 0xdf, 0xff, 0xa8, 0xcf, 0xe1, 0xff, 0xaa, 0xcf, 0xe0, 0xff, 0xac, 0xcf, 0xdf, 0xff, 0xae, 0xd1, 0xdf, 0xff, 0xaf, 0xd2, 0xdf, 0xff, 0xaf, 0xd3, 0xde, 0xff, 0xae, 0xd3, 0xdd, 0xff, 0xac, 0xd3, 0xdb, 0xff, 0xac, 0xd4, 0xd9, 0xff, 0xad, 0xd4, 0xdb, 0xff, 0xad, 0xd2, 0xdf, 0xff, 0xad, 0xd1, 0xe2, 0xff, 0xad, 0xd0, 0xe4, 0xff, 0xae, 0xd2, 0xe2, 0xff, 0xac, 0xd4, 0xda, 0xff, 0xaa, 0xd6, 0xcf, 0xff, 0xba, 0xec, 0xd4, 0xff, 0xc0, 0xf5, 0xd4, 0xff, 
  0xc0, 0xff, 0xbf, 0xff, 0xc0, 0xff, 0xbf, 0xff, 0xc0, 0xff, 0xc0, 0xff, 0xc0, 0xff, 0xc0, 0xff, 0xc1, 0xfe, 0xc1, 0xff, 0xc1, 0xfe, 0xc1, 0xff, 0xc0, 0xff, 0xc1, 0xff, 0xbf, 0xff, 0xc0, 0xff, 0xbd, 0xfe, 0xbf, 0xff, 0xbf, 0xff, 0xc0, 0xff, 0xc0, 0xfe, 0xc1, 0xff, 0xc3, 0xfd, 0xc3, 0xff, 0xc6, 0xfb, 0xc6, 0xff, 0xcb, 0xfa, 0xca, 0xff, 0xd0, 0xfa, 0xce, 0xff, 0xd7, 0xf8, 0xd5, 0xff, 0xe1, 0xf4, 0xe0, 0xff, 0xe4, 0xf1, 0xe5, 0xff, 0xe4, 0xf1, 0xe5, 0xff, 0xe4, 0xf1, 0xe5, 0xff, 0xe4, 0xf1, 0xe5, 0xff, 0xe4, 0xf1, 0xe5, 0xff, 0xe5, 0xf1, 0xe5, 0xff, 0xe4, 0xf0, 0xe4, 0xff, 0xe4, 0xf0, 0xe4, 0xff, 0xe4, 0xf0, 0xe4, 0xff, 0xe4, 0xf0, 0xe4, 0xff, 0xe4, 0xf0, 0xe4, 0xff, 0xe4, 0xf0, 0xe4, 0xff, 0xe5, 0xf0, 0xe4, 0xff, 0xe5, 0xf0, 0xe4, 0xff, 0xe5, 0xf0, 0xe4, 0xff, 0xe3, 0xef, 0xe3, 0xff, 0xe4, 0xf0, 0xe4, 0xff, 0xe4, 0xf0, 0xe3, 0xff, 0xe4, 0xf1, 0xe2, 0xff, 0xe4, 0xf1, 0xe2, 0xff, 0xe4, 0xf1, 0xe2, 0xff, 0xe5, 0xf2, 0xe3, 0xff, 0xe5, 0xf1, 0xe4, 0xff, 0xe5, 0xf1, 0xe6, 0xff, 0xe4, 0xef, 0xe6, 0xff, 0xe3, 0xed, 0xe7, 0xff, 0xe1, 0xea, 0xe6, 0xff, 0xe1, 0xe9, 0xe8, 0xff, 0xe0, 0xe7, 0xe9, 0xff, 0xe0, 0xe7, 0xea, 0xff, 0xe0, 0xe7, 0xea, 0xff, 0xdf, 0xe6, 0xe9, 0xff, 0xe1, 0xe8, 0xea, 0xff, 0xe2, 0xe8, 0xea, 0xff, 0xe1, 0xe5, 0xe8, 0xff, 0xe2, 0xe5, 0xe9, 0xff, 0xe1, 0xe6, 0xea, 0xff, 0xdf, 0xe8, 0xec, 0xff, 0xda, 0xe8, 0xed, 0xff, 0xca, 0xe0, 0xe5, 0xff, 0xba, 0xd5, 0xdc, 0xff, 0xae, 0xce, 0xd6, 0xff, 0xaf, 0xd2, 0xdc, 0xff, 0xb1, 0xd4, 0xe0, 0xff, 0xae, 0xd1, 0xde, 0xff, 0xac, 0xce, 0xdd, 0xff, 0xb0, 0xd3, 0xe1, 0xff, 0xb4, 0xd6, 0xe2, 0xff, 0xb0, 0xd4, 0xdf, 0xff, 0xac, 0xd1, 0xdd, 0xff, 0xa9, 0xd0, 0xdc, 0xff, 0xa7, 0xcf, 0xdd, 0xff, 0xa6, 0xcf, 0xde, 0xff, 0xa7, 0xd1, 0xe1, 0xff, 0xaa, 0xd3, 0xe3, 0xff, 0xaa, 0xd0, 0xe1, 0xff, 0xac, 0xd0, 0xe0, 0xff, 0xad, 0xd0, 0xe0, 0xff, 0xad, 0xd0, 0xe0, 0xff, 0xae, 0xd2, 0xe0, 0xff, 0xae, 0xd3, 0xe0, 0xff, 0xac, 0xd3, 0xdf, 0xff, 0xab, 0xd2, 0xdd, 0xff, 0xab, 0xd3, 0xdc, 0xff, 0xaa, 0xd0, 0xda, 0xff, 0xab, 0xd0, 0xdf, 0xff, 0xac, 0xd0, 0xe1, 0xff, 0xad, 0xd1, 0xe2, 0xff, 0xac, 0xd2, 0xde, 0xff, 0xab, 0xd4, 0xd6, 0xff, 0xab, 0xd9, 0xcd, 0xff, 0xbc, 0xef, 0xd3, 0xff, 0xc0, 0xf6, 0xd1, 0xff, 
  0xbf, 0xff, 0xbf, 0xff, 0xbf, 0xff, 0xc0, 0xff, 0xc0, 0xff, 0xc0, 0xff, 0xc0, 0xff, 0xc0, 0xff, 0xc1, 0xff, 0xc0, 0xff, 0xc1, 0xff, 0xc0, 0xff, 0xc0, 0xff, 0xc0, 0xff, 0xbf, 0xff, 0xc0, 0xff, 0xbf, 0xff, 0xbf, 0xff, 0xbf, 0xff, 0xc0, 0xff, 0xc1, 0xfe, 0xc2, 0xff, 0xc4, 0xfc, 0xc4, 0xff, 0xc8, 0xf9, 0xc8, 0xff, 0xce, 0xf9, 0xce, 0xff, 0xd3, 0xf9, 0xd2, 0xff, 0xdb, 0xf8, 0xda, 0xff, 0xe2, 0xf3, 0xe1, 0xff, 0xe5, 0xf1, 0xe5, 0xff, 0xe5, 0xf1, 0xe5, 0xff, 0xe5, 0xf1, 0xe5, 0xff, 0xe4, 0xf0, 0xe4, 0xff, 0xe4, 0xf0, 0xe4, 0xff, 0xe4, 0xf0, 0xe4, 0xff, 0xe4, 0xf0, 0xe4, 0xff, 0xe4, 0xf0, 0xe4, 0xff, 0xe4, 0xf0, 0xe4, 0xff, 0xe4, 0xf0, 0xe4, 0xff, 0xe4, 0xf0, 0xe4, 0xff, 0xe4, 0xf0, 0xe4, 0xff, 0xe4, 0xf0, 0xe4, 0xff, 0xe5, 0xf0, 0xe4, 0xff, 0xe5, 0xf0, 0xe4, 0xff, 0xe3, 0xef, 0xe3, 0xff, 0xe3, 0xef, 0xe3, 0xff, 0xe4, 0xf0, 0xe3, 0xff, 0xe4, 0xf0, 0xe3, 0xff, 0xe4, 0xf1, 0xe3, 0xff, 0xe4, 0xf1, 0xe3, 0xff, 0xe4, 0xf0, 0xe3, 0xff, 0xe4, 0xf0, 0xe3, 0xff, 0xe5, 0xf0, 0xe6, 0xff, 0xe4, 0xef, 0xe6, 0xff, 0xe3, 0xed, 0xe6, 0xff, 0xe2, 0xeb, 0xe7, 0xff, 0xe1, 0xe9, 0xe8, 0xff, 0xe1, 0xe9, 0xe9, 0xff, 0xe1, 0xe8, 0xea, 0xff, 0xe0, 0xe7, 0xea, 0xff, 0xde, 0xe5, 0xe8, 0xff, 0xe1, 0xe8, 0xeb, 0xff, 0xe2, 0xe7, 0xeb, 0xff, 0xe1, 0xe5, 0xe9, 0xff, 0xe1, 0xe4, 0xe8, 0xff, 0xe0, 0xe5, 0xe9, 0xff, 0xdf, 0xe8, 0xec, 0xff, 0xdc, 0xe9, 0xee, 0xff, 0xd7, 0xea, 0xf0, 0xff, 0xc3, 0xdc, 0xe2, 0xff, 0xb3, 0xd0, 0xd7, 0xff, 0xaf, 0xce, 0xd7, 0xff, 0xaf, 0xce, 0xd9, 0xff, 0xaf, 0xce, 0xda, 0xff, 0xaf, 0xce, 0xdb, 0xff, 0xb1, 0xd0, 0xdc, 0xff, 0xae, 0xcc, 0xd7, 0xff, 0xae, 0xcc, 0xd7, 0xff, 0xb0, 0xd0, 0xdc, 0xff, 0xb3, 0xd5, 0xe1, 0xff, 0xb0, 0xd4, 0xe1, 0xff, 0xab, 0xd0, 0xdd, 0xff, 0xa7, 0xce, 0xdc, 0xff, 0xaa, 0xd0, 0xde, 0xff, 0xac, 0xd1, 0xdf, 0xff, 0xac, 0xcf, 0xdf, 0xff, 0xac, 0xcf, 0xdf, 0xff, 0xac, 0xcf, 0xdf, 0xff, 0xab, 0xd0, 0xdf, 0xff, 0xaa, 0xd0, 0xdf, 0xff, 0xa9, 0xd0, 0xdf, 0xff, 0xa8, 0xcf, 0xdd, 0xff, 0xa9, 0xd0, 0xdc, 0xff, 0xa8, 0xcd, 0xdb, 0xff, 0xa9, 0xcd, 0xde, 0xff, 0xab, 0xcf, 0xe0, 0xff, 0xab, 0xd0, 0xde, 0xff, 0xaa, 0xd1, 0xd9, 0xff, 0xac, 0xd7, 0xd3, 0xff, 0xb2, 0xe2, 0xd0, 0xff, 0xbd, 0xf2, 0xd0, 0xff, 0xbe, 0xf6, 0xcb, 0xff, 
  0xbe, 0xff, 0xc0, 0xff, 0xbf, 0xff, 0xc0, 0xff, 0xbf, 0xff, 0xc0, 0xff, 0xc0, 0xff, 0xc0, 0xff, 0xc0, 0xff, 0xc0, 0xff, 0xc0, 0xff, 0xc0, 0xff, 0xc0, 0xff, 0xc0, 0xff, 0xc0, 0xff, 0xbf, 0xff, 0xc0, 0xff, 0xc0, 0xff, 0xc0, 0xff, 0xc0, 0xff, 0xc3, 0xfd, 0xc3, 0xff, 0xc6, 0xfb, 0xc6, 0xff, 0xcb, 0xf8, 0xcc, 0xff, 0xd0, 0xf7, 0xd1, 0xff, 0xd7, 0xf7, 0xd7, 0xff, 0xde, 0xf6, 0xdd, 0xff, 0xe3, 0xf3, 0xe2, 0xff, 0xe5, 0xf0, 0xe4, 0xff, 0xe5, 0xf0, 0xe4, 0xff, 0xe5, 0xf0, 0xe4, 0xff, 0xe4, 0xf0, 0xe4, 0xff, 0xe4, 0xf0, 0xe4, 0xff, 0xe3, 0xef, 0xe3, 0xff, 0xe3, 0xef, 0xe3, 0xff, 0xe4, 0xf0, 0xe4, 0xff, 0xe4, 0xf0, 0xe4, 0xff, 0xe4, 0xf0, 0xe4, 0xff, 0xe4, 0xf0, 0xe4, 0xff, 0xe4, 0xf0, 0xe4, 0xff, 0xe4, 0xf0, 0xe4, 0xff, 0xe4, 0xf0, 0xe4, 0xff, 0xe4, 0xf0, 0xe4, 0xff, 0xe3, 0xef, 0xe3, 0xff, 0xe4, 0xf0, 0xe4, 0xff, 0xe4, 0xf0, 0xe4, 0xff, 0xe4, 0xf0, 0xe3, 0xff, 0xe4, 0xf0, 0xe3, 0xff, 0xe4, 0xf0, 0xe3, 0xff, 0xe4, 0xf0, 0xe3, 0xff, 0xe4, 0xf0, 0xe4, 0xff, 0xe4, 0xef, 0xe5, 0xff, 0xe4, 0xef, 0xe6, 0xff, 0xe4, 0xee, 0xe7, 0xff, 0xe3, 0xec, 0xe8, 0xff, 0xe2, 0xeb, 0xe8, 0xff, 0xe2, 0xea, 0xea, 0xff, 0xe1, 0xe9, 0xe9, 0xff, 0xe0, 0xe7, 0xe9, 0xff, 0xdf, 0xe6, 0xe9, 0xff, 0xe0, 0xe6, 0xeb, 0xff, 0xe1, 0xe6, 0xeb, 0xff, 0xe1, 0xe5, 0xea, 0xff, 0xe1, 0xe5, 0xea, 0xff, 0xe1, 0xe6, 0xeb, 0xff, 0xdf, 0xe6, 0xeb, 0xff, 0xda, 0xe6, 0xeb, 0xff, 0xd8, 0xe9, 0xee, 0xff, 0xcb, 0xe1, 0xe6, 0xff, 0xbc, 0xd5, 0xdb, 0xff, 0xb3, 0xce, 0xd5, 0xff, 0xb3, 0xce, 0xd7, 0xff, 0xb7, 0xd2, 0xdc, 0xff, 0xb9, 0xd3, 0xde, 0xff, 0xb7, 0xcf, 0xdb, 0xff, 0xb9, 0xd0, 0xdb, 0xff, 0xb5, 0xce, 0xd8, 0xff, 0xb3, 0xce, 0xd8, 0xff, 0xb2, 0xcf, 0xda, 0xff, 0xaf, 0xce, 0xd9, 0xff, 0xac, 0xce, 0xd8, 0xff, 0xab, 0xcf, 0xd9, 0xff, 0xb0, 0xd4, 0xdf, 0xff, 0xad, 0xd0, 0xdd, 0xff, 0xac, 0xcf, 0xdd, 0xff, 0xac, 0xce, 0xde, 0xff, 0xab, 0xce, 0xdf, 0xff, 0xa9, 0xce, 0xdf, 0xff, 0xa8, 0xce, 0xdf, 0xff, 0xa5, 0xcd, 0xdf, 0xff, 0xa5, 0xcd, 0xdf, 0xff, 0xa9, 0xce, 0xdf, 0xff, 0xaa, 0xce, 0xdf, 0xff, 0xaa, 0xce, 0xdf, 0xff, 0xab, 0xd0, 0xde, 0xff, 0xaa, 0xd1, 0xda, 0xff, 0xaa, 0xd4, 0xd4, 0xff, 0xb2, 0xe0, 0xd4, 0xff, 0xbb, 0xed, 0xd4, 0xff, 0xc0, 0xf8, 0xce, 0xff, 0xc0, 0xfb, 0xc9, 0xff, 
  0xbe, 0xff, 0xc1, 0xff, 0xbe, 0xff, 0xc1, 0xff, 0xbf, 0xff, 0xc1, 0xff, 0xbf, 0xff, 0xc1, 0xff, 0xc0, 0xff, 0xc0, 0xff, 0xc0, 0xff, 0xc0, 0xff, 0xc0, 0xff, 0xbf, 0xff, 0xc0, 0xff, 0xbf, 0xff, 0xc1, 0xff, 0xc0, 0xff, 0xc2, 0xfe, 0xc1, 0xff, 0xc4, 0xfc, 0xc4, 0xff, 0xc8, 0xf9, 0xc8, 0xff, 0xcf, 0xf8, 0xd0, 0xff, 0xd5, 0xf6, 0xd6, 0xff, 0xdb, 0xf6, 0xdc, 0xff, 0xdf, 0xf3, 0xdf, 0xff, 0xe4, 0xf1, 0xe2, 0xff, 0xe6, 0xef, 0xe4, 0xff, 0xe6, 0xf0, 0xe4, 0xff, 0xe5, 0xf0, 0xe4, 0xff, 0xe5, 0xf0, 0xe4, 0xff, 0xe4, 0xf0, 0xe4, 0xff, 0xe4, 0xf0, 0xe4, 0xff, 0xe4, 0xf0, 0xe4, 0xff, 0xe4, 0xf0, 0xe4, 0xff, 0xe4, 0xf0, 0xe4, 0xff, 0xe4, 0xf0, 0xe4, 0xff, 0xe4, 0xf0, 0xe4, 0xff, 0xe4, 0xf0, 0xe4, 0xff, 0xe4, 0xf0, 0xe4, 0xff, 0xe3, 0xf0, 0xe4, 0xff, 0xe3, 0xf0, 0xe4, 0xff, 0xe4, 0xf0, 0xe4, 0xff, 0xe4, 0xf0, 0xe4, 0xff, 0xe4, 0xf0, 0xe4, 0xff, 0xe4, 0xf0, 0xe4, 0xff, 0xe4, 0xf0, 0xe3, 0xff, 0xe4, 0xf0, 0xe3, 0xff, 0xe4, 0xf0, 0xe4, 0xff, 0xe4, 0xf0, 0xe4, 0xff, 0xe4, 0xef, 0xe5, 0xff, 0xe4, 0xef, 0xe6, 0xff, 0xe4, 0xee, 0xe7, 0xff, 0xe4, 0xee, 0xe8, 0xff, 0xe3, 0xec, 0xe9, 0xff, 0xe2, 0xea, 0xe9, 0xff, 0xe1, 0xe9, 0xe8, 0xff, 0xe0, 0xe7, 0xe8, 0xff, 0xdf, 0xe6, 0xe9, 0xff, 0xe0, 0xe6, 0xeb, 0xff, 0xe0, 0xe5, 0xea, 0xff, 0xe0, 0xe5, 0xea, 0xff, 0xe1, 0xe6, 0xeb, 0xff, 0xe1, 0xe7, 0xec, 0xff, 0xdf, 0xe6, 0xeb, 0xff, 0xd9, 0xe4, 0xe8, 0xff, 0xda, 0xe8, 0xed, 0xff, 0xd5, 0xe6, 0xeb, 0xff, 0xcd, 0xe1, 0xe6, 0xff, 0xc6, 0xdc, 0xe1, 0xff, 0xc7, 0xde, 0xe4, 0xff, 0xcc, 0xe2, 0xea, 0xff, 0xcc, 0xe1, 0xe9, 0xff, 0xc9, 0xdd, 0xe5, 0xff, 0xd0, 0xe2, 0xec, 0xff, 0xca, 0xdd, 0xe7, 0xff, 0xc3, 0xd7, 0xe1, 0xff, 0xbc, 0xd4, 0xdd, 0xff, 0xb5, 0xd1, 0xd9, 0xff, 0xb1, 0xcf, 0xd7, 0xff, 0xb0, 0xd0, 0xd8, 0xff, 0xb1, 0xd2, 0xda, 0xff, 0xaf, 0xd0, 0xda, 0xff, 0xad, 0xce, 0xda, 0xff, 0xac, 0xcd, 0xdc, 0xff, 0xaa, 0xcd, 0xde, 0xff, 0xa9, 0xce, 0xe0, 0xff, 0xa8, 0xcf, 0xe1, 0xff, 0xa6, 0xcf, 0xe2, 0xff, 0xa6, 0xcf, 0xe2, 0xff, 0xa8, 0xce, 0xe0, 0xff, 0xab, 0xcf, 0xe0, 0xff, 0xab, 0xd0, 0xdf, 0xff, 0xa9, 0xcf, 0xda, 0xff, 0xa8, 0xd1, 0xd4, 0xff, 0xac, 0xd8, 0xd1, 0xff, 0xb5, 0xe6, 0xd1, 0xff, 0xbf, 0xf4, 0xd2, 0xff, 0xc2, 0xfc, 0xcb, 0xff, 0xc1, 0xfe, 0xc5, 0xff, 
  0xbd, 0xfe, 0xc3, 0xff, 0xbd, 0xfe, 0xc2, 0xff, 0xbe, 0xfe, 0xc2, 0xff, 0xbf, 0xff, 0xc1, 0xff, 0xbf, 0xff, 0xc0, 0xff, 0xc0, 0xff, 0xbf, 0xff, 0xc0, 0xff, 0xbe, 0xff, 0xc0, 0xff, 0xbf, 0xff, 0xc2, 0xff, 0xc1, 0xff, 0xc2, 0xfc, 0xc1, 0xff, 0xc4, 0xf9, 0xc4, 0xff, 0xca, 0xf7, 0xcb, 0xff, 0xd3, 0xf7, 0xd5, 0xff, 0xdb, 0xf7, 0xdd, 0xff, 0xde, 0xf4, 0xe1, 0xff, 0xe1, 0xf1, 0xe2, 0xff, 0xe6, 0xf1, 0xe4, 0xff, 0xe8, 0xf0, 0xe5, 0xff, 0xe7, 0xf0, 0xe5, 0xff, 0xe6, 0xf1, 0xe5, 0xff, 0xe6, 0xf1, 0xe5, 0xff, 0xe6, 0xf1, 0xe5, 0xff, 0xe6, 0xf1, 0xe5, 0xff, 0xe6, 0xf1, 0xe5, 0xff, 0xe4, 0xf0, 0xe4, 0xff, 0xe4, 0xf0, 0xe4, 0xff, 0xe4, 0xf0, 0xe4, 0xff, 0xe4, 0xf0, 0xe4, 0xff, 0xe4, 0xf0, 0xe4, 0xff, 0xe3, 0xf0, 0xe4, 0xff, 0xe3, 0xf0, 0xe4, 0xff, 0xe3, 0xf0, 0xe4, 0xff, 0xe3, 0xf0, 0xe4, 0xff, 0xe4, 0xf0, 0xe4, 0xff, 0xe4, 0xf0, 0xe4, 0xff, 0xe4, 0xf0, 0xe4, 0xff, 0xe4, 0xf0, 0xe4, 0xff, 0xe4, 0xf0, 0xe4, 0xff, 0xe4, 0xf0, 0xe4, 0xff, 0xe4, 0xf0, 0xe4, 0xff, 0xe4, 0xef, 0xe5, 0xff, 0xe5, 0xf0, 0xe7, 0xff, 0xe5, 0xf0, 0xe8, 0xff, 0xe5, 0xef, 0xe8, 0xff, 0xe4, 0xee, 0xe8, 0xff, 0xe3, 0xec, 0xe8, 0xff, 0xe1, 0xea, 0xe7, 0xff, 0xe0, 0xe8, 0xe7, 0xff, 0xdf, 0xe6, 0xe9, 0xff, 0xe0, 0xe6, 0xeb, 0xff, 0xe0, 0xe6, 0xeb, 0xff, 0xdf, 0xe5, 0xea, 0xff, 0xe0, 0xe6, 0xeb, 0xff, 0xe1, 0xe7, 0xec, 0xff, 0xe0, 0xe7, 0xec, 0xff, 0xdc, 0xe6, 0xea, 0xff, 0xdc, 0xe8, 0xec, 0xff, 0xdc, 0xe9, 0xee, 0xff, 0xdb, 0xe9, 0xee, 0xff, 0xd8, 0xe8, 0xed, 0xff, 0xd9, 0xe9, 0xee, 0xff, 0xd9, 0xea, 0xef, 0xff, 0xd9, 0xea, 0xef, 0xff, 0xd9, 0xe9, 0xef, 0xff, 0xd6, 0xe3, 0xeb, 0xff, 0xd9, 0xe6, 0xef, 0xff, 0xd9, 0xe8, 0xf1, 0xff, 0xd6, 0xe9, 0xf0, 0xff, 0xd0, 0xe7, 0xed, 0xff, 0xc7, 0xe0, 0xe6, 0xff, 0xba, 0xd6, 0xdb, 0xff, 0xb1, 0xcd, 0xd3, 0xff, 0xb3, 0xd0, 0xd8, 0xff, 0xb0, 0xce, 0xd9, 0xff, 0xad, 0xcc, 0xda, 0xff, 0xac, 0xcd, 0xdd, 0xff, 0xa8, 0xcd, 0xdf, 0xff, 0xa7, 0xcd, 0xe1, 0xff, 0xa4, 0xcd, 0xe3, 0xff, 0xa5, 0xcd, 0xe2, 0xff, 0xa7, 0xcc, 0xe0, 0xff, 0xa9, 0xcd, 0xdd, 0xff, 0xa8, 0xce, 0xda, 0xff, 0xa7, 0xcf, 0xd4, 0xff, 0xa9, 0xd4, 0xd0, 0xff, 0xb0, 0xdf, 0xcf, 0xff, 0xba, 0xee, 0xd0, 0xff, 0xc0, 0xf8, 0xcd, 0xff, 0xc0, 0xfc, 0xc5, 0xff, 0xc0, 0xff, 0xc1, 0xff, 
  0xbc, 0xfe, 0xc3, 0xff, 0xbd, 0xfe, 0xc3, 0xff, 0xbe, 0xfe, 0xc2, 0xff, 0xbe, 0xff, 0xc1, 0xff, 0xbf, 0xff, 0xc0, 0xff, 0xc0, 0xff, 0xbf, 0xff, 0xc0, 0xff, 0xbe, 0xff, 0xc0, 0xff, 0xbf, 0xff, 0xc1, 0xff, 0xc0, 0xff, 0xc2, 0xfb, 0xc1, 0xff, 0xc5, 0xf7, 0xc4, 0xff, 0xcc, 0xf6, 0xcd, 0xff, 0xd6, 0xf7, 0xd8, 0xff, 0xdf, 0xf7, 0xe2, 0xff, 0xe2, 0xf3, 0xe5, 0xff, 0xe4, 0xf0, 0xe6, 0xff, 0xe7, 0xf0, 0xe6, 0xff, 0xe8, 0xf0, 0xe5, 0xff, 0xe8, 0xf1, 0xe6, 0xff, 0xe8, 0xf1, 0xe6, 0xff, 0xe8, 0xf1, 0xe6, 0xff, 0xe8, 0xf1, 0xe6, 0xff, 0xe8, 0xf1, 0xe6, 0xff, 0xe8, 0xf2, 0xe7, 0xff, 0xe6, 0xf1, 0xe5, 0xff, 0xe5, 0xf1, 0xe5, 0xff, 0xe5, 0xf1, 0xe5, 0xff, 0xe5, 0xf1, 0xe5, 0xff, 0xe5, 0xf1, 0xe5, 0xff, 0xe4, 0xf1, 0xe5, 0xff, 0xe4, 0xf1, 0xe5, 0xff, 0xe4, 0xf1, 0xe5, 0xff, 0xe4, 0xf1, 0xe5, 0xff, 0xe5, 0xf1, 0xe5, 0xff, 0xe5, 0xf1, 0xe5, 0xff, 0xe5, 0xf1, 0xe5, 0xff, 0xe5, 0xf1, 0xe5, 0xff, 0xe5, 0xf1, 0xe5, 0xff, 0xe5, 0xf1, 0xe5, 0xff, 0xe5, 0xf1, 0xe5, 0xff, 0xe4, 0xef, 0xe5, 0xff, 0xe5, 0xf0, 0xe7, 0xff, 0xe5, 0xf0, 0xe7, 0xff, 0xe5, 0xef, 0xe8, 0xff, 0xe4, 0xee, 0xe7, 0xff, 0xe3, 0xed, 0xe7, 0xff, 0xe1, 0xea, 0xe6, 0xff, 0xe0, 0xe8, 0xe7, 0xff, 0xdf, 0xe6, 0xe8, 0xff, 0xe1, 0xe7, 0xec, 0xff, 0xe1, 0xe7, 0xec, 0xff, 0xe0, 0xe6, 0xeb, 0xff, 0xdf, 0xe5, 0xea, 0xff, 0xe0, 0xe7, 0xec, 0xff, 0xe1, 0xe9, 0xed, 0xff, 0xdf, 0xe8, 0xec, 0xff, 0xdd, 0xe6, 0xea, 0xff, 0xdb, 0xe5, 0xe9, 0xff, 0xdc, 0xe6, 0xea, 0xff, 0xde, 0xe9, 0xed, 0xff, 0xdc, 0xe8, 0xec, 0xff, 0xd9, 0xe5, 0xe9, 0xff, 0xda, 0xe6, 0xea, 0xff, 0xdd, 0xe9, 0xed, 0xff, 0xdd, 0xe6, 0xed, 0xff, 0xdf, 0xe7, 0xf0, 0xff, 0xdc, 0xe7, 0xee, 0xff, 0xd8, 0xe6, 0xec, 0xff, 0xd6, 0xe8, 0xec, 0xff, 0xd5, 0xea, 0xee, 0xff, 0xd0, 0xe7, 0xeb, 0xff, 0xca, 0xe2, 0xe7, 0xff, 0xb7, 0xd0, 0xd6, 0xff, 0xb4, 0xce, 0xd7, 0xff, 0xb0, 0xcd, 0xd9, 0xff, 0xad, 0xcc, 0xdb, 0xff, 0xa9, 0xcc, 0xdd, 0xff, 0xa6, 0xcb, 0xdf, 0xff, 0xa3, 0xcb, 0xe1, 0xff, 0xa3, 0xcb, 0xe0, 0xff, 0xa6, 0xcc, 0xdd, 0xff, 0xa9, 0xce, 0xdb, 0xff, 0xa8, 0xcf, 0xd6, 0xff, 0xa7, 0xd1, 0xd0, 0xff, 0xac, 0xda, 0xcd, 0xff, 0xb7, 0xe9, 0xd0, 0xff, 0xc0, 0xf7, 0xd0, 0xff, 0xc2, 0xfd, 0xcb, 0xff, 0xbf, 0xfd, 0xc1, 0xff, 0xbf, 0xff, 0xbd, 0xff, 
  0xbc, 0xff, 0xc2, 0xff, 0xbd, 0xff, 0xc2, 0xff, 0xbe, 0xfe, 0xc2, 0xff, 0xbf, 0xff, 0xc2, 0xff, 0xc0, 0xff, 0xc1, 0xff, 0xc0, 0xff, 0xbf, 0xff, 0xc0, 0xff, 0xbf, 0xff, 0xc0, 0xff, 0xbf, 0xff, 0xc2, 0xfe, 0xc1, 0xff, 0xc3, 0xfa, 0xc2, 0xff, 0xc8, 0xf8, 0xc8, 0xff, 0xd2, 0xf9, 0xd2, 0xff, 0xda, 0xf7, 0xdc, 0xff, 0xe0, 0xf5, 0xe3, 0xff, 0xe4, 0xf1, 0xe8, 0xff, 0xe6, 0xef, 0xe8, 0xff, 0xe8, 0xef, 0xe7, 0xff, 0xe8, 0xf0, 0xe6, 0xff, 0xe8, 0xf0, 0xe6, 0xff, 0xe8, 0xf0, 0xe6, 0xff, 0xe7, 0xf0, 0xe6, 0xff, 0xe7, 0xf0, 0xe6, 0xff, 0xe7, 0xf0, 0xe6, 0xff, 0xe6, 0xf0, 0xe6, 0xff, 0xe6, 0xf0, 0xe6, 0xff, 0xe6, 0xf0, 0xe6, 0xff, 0xe5, 0xf0, 0xe6, 0xff, 0xe5, 0xf0, 0xe6, 0xff, 0xe5, 0xf0, 0xe6, 0xff, 0xe5, 0xf0, 0xe6, 0xff, 0xe4, 0xf0, 0xe6, 0xff, 0xe4, 0xf0, 0xe6, 0xff, 0xe5, 0xf0, 0xe6, 0xff, 0xe5, 0xf0, 0xe6, 0xff, 0xe5, 0xf0, 0xe6, 0xff, 0xe5, 0xf0, 0xe6, 0xff, 0xe5, 0xf1, 0xe5, 0xff, 0xe5, 0xf1, 0xe5, 0xff, 0xe5, 0xf1, 0xe5, 0xff, 0xe5, 0xf1, 0xe5, 0xff, 0xe5, 0xf0, 0xe6, 0xff, 0xe5, 0xf0, 0xe6, 0xff, 0xe5, 0xf0, 0xe7, 0xff, 0xe5, 0xf0, 0xe7, 0xff, 0xe5, 0xef, 0xe8, 0xff, 0xe4, 0xee, 0xe7, 0xff, 0xe2, 0xec, 0xe6, 0xff, 0xe2, 0xeb, 0xe8, 0xff, 0xe1, 0xe7, 0xe9, 0xff, 0xe1, 0xe6, 0xea, 0xff, 0xe0, 0xe7, 0xea, 0xff, 0xdf, 0xe7, 0xea, 0xff, 0xdf, 0xe7, 0xea, 0xff, 0xdf, 0xe7, 0xea, 0xff, 0xdf, 0xe7, 0xea, 0xff, 0xdf, 0xe7, 0xea, 0xff, 0xdf, 0xe7, 0xea, 0xff, 0xdf, 0xe7, 0xea, 0xff, 0xe0, 0xe7, 0xea, 0xff, 0xdf, 0xe7, 0xea, 0xff, 0xdf, 0xe7, 0xea, 0xff, 0xde, 0xe7, 0xea, 0xff, 0xde, 0xe7, 0xe9, 0xff, 0xdf, 0xe7, 0xea, 0xff, 0xe1, 0xe6, 0xec, 0xff, 0xe1, 0xe5, 0xed, 0xff, 0xdf, 0xe6, 0xec, 0xff, 0xdd, 0xe7, 0xeb, 0xff, 0xda, 0xe8, 0xeb, 0xff, 0xd7, 0xe8, 0xeb, 0xff, 0xd6, 0xe8, 0xeb, 0xff, 0xd4, 0xe8, 0xec, 0xff, 0xcd, 0xe3, 0xe8, 0xff, 0xc5, 0xdd, 0xe3, 0xff, 0xb4, 0xcd, 0xd7, 0xff, 0xab, 0xc7, 0xd4, 0xff, 0xae, 0xce, 0xde, 0xff, 0xa8, 0xcb, 0xde, 0xff, 0xa0, 0xc6, 0xda, 0xff, 0xa4, 0xcc, 0xde, 0xff, 0xa9, 0xd0, 0xdc, 0xff, 0xa7, 0xce, 0xd5, 0xff, 0xa3, 0xcd, 0xcd, 0xff, 0xa7, 0xd4, 0xca, 0xff, 0xb5, 0xe6, 0xd0, 0xff, 0xc3, 0xf8, 0xd6, 0xff, 0xc4, 0xfd, 0xcf, 0xff, 0xbe, 0xfb, 0xc3, 0xff, 0xc0, 0xff, 0xbf, 0xff, 0xc0, 0xff, 0xbd, 0xff, 
  0xbd, 0xff, 0xc1, 0xff, 0xbd, 0xff, 0xc1, 0xff, 0xbe, 0xff, 0xc1, 0xff, 0xbf, 0xff, 0xc1, 0xff, 0xbf, 0xff, 0xc0, 0xff, 0xc0, 0xff, 0xbf, 0xff, 0xc0, 0xff, 0xbf, 0xff, 0xc1, 0xff, 0xc0, 0xff, 0xc3, 0xfe, 0xc2, 0xff, 0xc5, 0xfa, 0xc4, 0xff, 0xca, 0xf8, 0xca, 0xff, 0xd3, 0xf8, 0xd4, 0xff, 0xdd, 0xf7, 0xdf, 0xff, 0xe2, 0xf3, 0xe4, 0xff, 0xe6, 0xef, 0xe8, 0xff, 0xe8, 0xee, 0xea, 0xff, 0xe8, 0xef, 0xe7, 0xff, 0xe8, 0xf0, 0xe6, 0xff, 0xe8, 0xf0, 0xe6, 0xff, 0xe8, 0xf0, 0xe6, 0xff, 0xe7, 0xf0, 0xe6, 0xff, 0xe7, 0xf0, 0xe6, 0xff, 0xe7, 0xf0, 0xe6, 0xff, 0xe7, 0xf0, 0xe6, 0xff, 0xe7, 0xf0, 0xe6, 0xff, 0xe6, 0xf0, 0xe6, 0xff, 0xe6, 0xf0, 0xe6, 0xff, 0xe5, 0xf0, 0xe6, 0xff, 0xe5, 0xf0, 0xe6, 0xff, 0xe5, 0xf0, 0xe6, 0xff, 0xe5, 0xf0, 0xe6, 0xff, 0xe5, 0xf0, 0xe6, 0xff, 0xe5, 0xf0, 0xe6, 0xff, 0xe5, 0xf0, 0xe6, 0xff, 0xe5, 0xf0, 0xe6, 0xff, 0xe5, 0xf0, 0xe6, 0xff, 0xe5, 0xf0, 0xe6, 0xff, 0xe5, 0xf1, 0xe5, 0xff, 0xe5, 0xf1, 0xe5, 0xff, 0xe5, 0xf0, 0xe6, 0xff, 0xe5, 0xf0, 0xe6, 0xff, 0xe5, 0xf0, 0xe6, 0xff, 0xe5, 0xf0, 0xe6, 0xff, 0xe6, 0xf1, 0xe8, 0xff, 0xe5, 0xf0, 0xe7, 0xff, 0xe4, 0xee, 0xe7, 0xff, 0xe3, 0xed, 0xe6, 0xff, 0xe4, 0xec, 0xe8, 0xff, 0xe2, 0xe8, 0xe8, 0xff, 0xe1, 0xe7, 0xe9, 0xff, 0xe0, 0xe7, 0xe9, 0xff, 0xdf, 0xe7, 0xe9, 0xff, 0xde, 0xe7, 0xe9, 0xff, 0xde, 0xe7, 0xe9, 0xff, 0xe0, 0xe8, 0xeb, 0xff, 0xe1, 0xe8, 0xeb, 0xff, 0xe0, 0xe7, 0xea, 0xff, 0xe1, 0xe7, 0xea, 0xff, 0xe2, 0xe6, 0xea, 0xff, 0xe2, 0xe6, 0xea, 0xff, 0xe1, 0xe7, 0xe9, 0xff, 0xe1, 0xe7, 0xe9, 0xff, 0xe0, 0xe7, 0xe9, 0xff, 0xe1, 0xe7, 0xe9, 0xff, 0xe3, 0xe6, 0xeb, 0xff, 0xe3, 0xe5, 0xec, 0xff, 0xe1, 0xe6, 0xeb, 0xff, 0xdf, 0xe7, 0xeb, 0xff, 0xdd, 0xe7, 0xea, 0xff, 0xdb, 0xe8, 0xea, 0xff, 0xd9, 0xe8, 0xeb, 0xff, 0xd8, 0xe8, 0xeb, 0xff, 0xd7, 0xe9, 0xed, 0xff, 0xd1, 0xe4, 0xea, 0xff, 0xc7, 0xdd, 0xe5, 0xff, 0xb9, 0xd2, 0xdc, 0xff, 0xad, 0xca, 0xd7, 0xff, 0xab, 0xcc, 0xdb, 0xff, 0xa9, 0xcd, 0xde, 0xff, 0xa3, 0xca, 0xd8, 0xff, 0xa7, 0xd0, 0xd5, 0xff, 0xa5, 0xcf, 0xcd, 0xff, 0xa8, 0xd5, 0xcc, 0xff, 0xb4, 0xe4, 0xd1, 0xff, 0xbd, 0xf1, 0xd2, 0xff, 0xbe, 0xf6, 0xcc, 0xff, 0xbd, 0xf9, 0xc4, 0xff, 0xbe, 0xfc, 0xc0, 0xff, 0xbe, 0xfe, 0xbc, 0xff, 0xbe, 0xff, 0xbb, 0xff, 
  0xbe, 0xff, 0xc1, 0xff, 0xbe, 0xff, 0xc1, 0xff, 0xbf, 0xff, 0xc1, 0xff, 0xbf, 0xff, 0xc1, 0xff, 0xc0, 0xff, 0xc0, 0xff, 0xc0, 0xff, 0xc0, 0xff, 0xc1, 0xff, 0xc0, 0xff, 0xc2, 0xfe, 0xc1, 0xff, 0xc4, 0xfd, 0xc3, 0xff, 0xc6, 0xf9, 0xc5, 0xff, 0xcb, 0xf7, 0xcb, 0xff, 0xd5, 0xf8, 0xd6, 0xff, 0xde, 0xf7, 0xdf, 0xff, 0xe4, 0xf3, 0xe5, 0xff, 0xe8, 0xee, 0xe9, 0xff, 0xea, 0xed, 0xea, 0xff, 0xe9, 0xef, 0xe8, 0xff, 0xe8, 0xf0, 0xe6, 0xff, 0xe7, 0xf0, 0xe6, 0xff, 0xe7, 0xf0, 0xe6, 0xff, 0xe7, 0xf0, 0xe6, 0xff, 0xe7, 0xf0, 0xe6, 0xff, 0xe7, 0xf0, 0xe6, 0xff, 0xe7, 0xf0, 0xe6, 0xff, 0xe7, 0xf0, 0xe6, 0xff, 0xe6, 0xf0, 0xe6, 0xff, 0xe6, 0xf0, 0xe6, 0xff, 0xe6, 0xf0, 0xe6, 0xff, 0xe6, 0xf0, 0xe6, 0xff, 0xe6, 0xf0, 0xe6, 0xff, 0xe6, 0xf0, 0xe6, 0xff, 0xe6, 0xf0, 0xe6, 0xff, 0xe6, 0xf0, 0xe6, 0xff, 0xe6, 0xf0, 0xe6, 0xff, 0xe6, 0xf0, 0xe6, 0xff, 0xe6, 0xf0, 0xe6, 0xff, 0xe6, 0xf0, 0xe6, 0xff, 0xe6, 0xf0, 0xe6, 0xff, 0xe6, 0xf0, 0xe6, 0xff, 0xe6, 0xf0, 0xe6, 0xff, 0xe6, 0xf0, 0xe6, 0xff, 0xe6, 0xf0, 0xe6, 0xff, 0xe6, 0xf0, 0xe6, 0xff, 0xe7, 0xf1, 0xe7, 0xff, 0xe7, 0xf1, 0xe8, 0xff, 0xe6, 0xf0, 0xe7, 0xff, 0xe5, 0xef, 0xe6, 0xff, 0xe6, 0xee, 0xe7, 0xff, 0xe4, 0xea, 0xe8, 0xff, 0xe3, 0xe8, 0xe9, 0xff, 0xe2, 0xe9, 0xe9, 0xff, 0xdf, 0xe8, 0xe8, 0xff, 0xde, 0xe8, 0xe8, 0xff, 0xde, 0xe9, 0xea, 0xff, 0xdf, 0xe8, 0xea, 0xff, 0xe0, 0xe8, 0xeb, 0xff, 0xe0, 0xe7, 0xea, 0xff, 0xe2, 0xe6, 0xea, 0xff, 0xe3, 0xe6, 0xea, 0xff, 0xe4, 0xe6, 0xe9, 0xff, 0xe3, 0xe7, 0xe9, 0xff, 0xe2, 0xe7, 0xe9, 0xff, 0xe1, 0xe7, 0xe8, 0xff, 0xe2, 0xe7, 0xe9, 0xff, 0xe3, 0xe6, 0xea, 0xff, 0xe3, 0xe6, 0xea, 0xff, 0xe2, 0xe6, 0xea, 0xff, 0xe0, 0xe7, 0xea, 0xff, 0xde, 0xe7, 0xea, 0xff, 0xdd, 0xe7, 0xea, 0xff, 0xdd, 0xe7, 0xea, 0xff, 0xdc, 0xe7, 0xea, 0xff, 0xdd, 0xe9, 0xed, 0xff, 0xd6, 0xe5, 0xea, 0xff, 0xd6, 0xe8, 0xee, 0xff, 0xcb, 0xe1, 0xe8, 0xff, 0xb5, 0xcf, 0xd8, 0xff, 0xae, 0xcc, 0xd7, 0xff, 0xae, 0xd1, 0xdb, 0xff, 0xa6, 0xcd, 0xd2, 0xff, 0xa1, 0xcc, 0xc8, 0xff, 0xa6, 0xd4, 0xc7, 0xff, 0xb1, 0xe2, 0xcd, 0xff, 0xbe, 0xf2, 0xd4, 0xff, 0xc2, 0xf9, 0xd1, 0xff, 0xbf, 0xf9, 0xc8, 0xff, 0xbe, 0xfb, 0xc1, 0xff, 0xc0, 0xff, 0xc0, 0xff, 0xbe, 0xfe, 0xbc, 0xff, 0xbe, 0xfe, 0xbb, 0xff, 
  0xbe, 0xff, 0xc0, 0xff, 0xbf, 0xff, 0xc0, 0xff, 0xbf, 0xff, 0xc0, 0xff, 0xc0, 0xff, 0xc0, 0xff, 0xc0, 0xff, 0xc1, 0xff, 0xc0, 0xfe, 0xc1, 0xff, 0xc1, 0xfe, 0xc1, 0xff, 0xc2, 0xfd, 0xc2, 0xff, 0xc3, 0xfb, 0xc3, 0xff, 0xc6, 0xf9, 0xc7, 0xff, 0xcd, 0xf7, 0xcd, 0xff, 0xd6, 0xf7, 0xd7, 0xff, 0xe0, 0xf6, 0xe0, 0xff, 0xe5, 0xf2, 0xe5, 0xff, 0xea, 0xee, 0xe9, 0xff, 0xeb, 0xed, 0xea, 0xff, 0xe9, 0xef, 0xe8, 0xff, 0xe8, 0xf0, 0xe6, 0xff, 0xe7, 0xf0, 0xe6, 0xff, 0xe7, 0xf0, 0xe6, 0xff, 0xe7, 0xf0, 0xe6, 0xff, 0xe7, 0xf0, 0xe6, 0xff, 0xe7, 0xf0, 0xe6, 0xff, 0xe7, 0xf0, 0xe6, 0xff, 0xe7, 0xf0, 0xe6, 0xff, 0xe7, 0xf0, 0xe6, 0xff, 0xe7, 0xf0, 0xe6, 0xff, 0xe7, 0xf0, 0xe6, 0xff, 0xe7, 0xf0, 0xe6, 0xff, 0xe7, 0xf0, 0xe6, 0xff, 0xe7, 0xf0, 0xe6, 0xff, 0xe7, 0xf0, 0xe6, 0xff, 0xe7, 0xf0, 0xe7, 0xff, 0xe7, 0xf0, 0xe7, 0xff, 0xe7, 0xf0, 0xe6, 0xff, 0xe7, 0xf0, 0xe6, 0xff, 0xe7, 0xf0, 0xe6, 0xff, 0xe7, 0xf0, 0xe6, 0xff, 0xe7, 0xf0, 0xe6, 0xff, 0xe7, 0xf0, 0xe6, 0xff, 0xe7, 0xf0, 0xe6, 0xff, 0xe7, 0xf0, 0xe6, 0xff, 0xe7, 0xf0, 0xe6, 0xff, 0xe8, 0xf1, 0xe7, 0xff, 0xe8, 0xf1, 0xe7, 0xff, 0xe8, 0xf1, 0xe7, 0xff, 0xe7, 0xf0, 0xe6, 0xff, 0xe7, 0xef, 0xe7, 0xff, 0xe6, 0xec, 0xe8, 0xff, 0xe6, 0xeb, 0xe9, 0xff, 0xe3, 0xeb, 0xe8, 0xff, 0xe0, 0xea, 0xe8, 0xff, 0xde, 0xea, 0xe8, 0xff, 0xdd, 0xe9, 0xe9, 0xff, 0xde, 0xe9, 0xea, 0xff, 0xe0, 0xe8, 0xea, 0xff, 0xe1, 0xe7, 0xea, 0xff, 0xe2, 0xe6, 0xea, 0xff, 0xe4, 0xe6, 0xea, 0xff, 0xe5, 0xe6, 0xe9, 0xff, 0xe4, 0xe6, 0xe9, 0xff, 0xe3, 0xe7, 0xe9, 0xff, 0xe2, 0xe7, 0xe9, 0xff, 0xe2, 0xe7, 0xe9, 0xff, 0xe2, 0xe7, 0xe9, 0xff, 0xe2, 0xe6, 0xe9, 0xff, 0xe2, 0xe7, 0xea, 0xff, 0xe0, 0xe7, 0xea, 0xff, 0xdf, 0xe7, 0xea, 0xff, 0xdf, 0xe7, 0xea, 0xff, 0xdf, 0xe7, 0xea, 0xff, 0xdf, 0xe7, 0xea, 0xff, 0xdf, 0xe8, 0xec, 0xff, 0xd7, 0xe2, 0xe6, 0xff, 0xd9, 0xe7, 0xeb, 0xff, 0xda, 0xed, 0xf1, 0xff, 0xc7, 0xde, 0xe3, 0xff, 0xb2, 0xce, 0xd3, 0xff, 0xab, 0xca, 0xcf, 0xff, 0xa9, 0xcf, 0xcd, 0xff, 0xa4, 0xd2, 0xc3, 0xff, 0xb0, 0xe2, 0xc9, 0xff, 0xbc, 0xf1, 0xd0, 0xff, 0xc0, 0xf7, 0xcf, 0xff, 0xc0, 0xfa, 0xc9, 0xff, 0xc2, 0xff, 0xc6, 0xff, 0xc2, 0xff, 0xc3, 0xff, 0xbf, 0xff, 0xbe, 0xff, 0xc0, 0xff, 0xbf, 0xff, 0xc0, 0xff, 0xbe, 0xff, 
  0xbe, 0xff, 0xbd, 0xff, 0xbf, 0xff, 0xbf, 0xff, 0xc0, 0xff, 0xbf, 0xff, 0xc0, 0xff, 0xc0, 0xff, 0xc1, 0xfe, 0xc1, 0xff, 0xc1, 0xfe, 0xc2, 0xff, 0xc1, 0xfe, 0xc2, 0xff, 0xc1, 0xfc, 0xc3, 0xff, 0xc3, 0xfa, 0xc5, 0xff, 0xc7, 0xf8, 0xc8, 0xff, 0xcf, 0xf8, 0xcf, 0xff, 0xd8, 0xf8, 0xd8, 0xff, 0xe0, 0xf6, 0xe0, 0xff, 0xe5, 0xf1, 0xe4, 0xff, 0xeb, 0xee, 0xe9, 0xff, 0xec, 0xed, 0xea, 0xff, 0xe9, 0xef, 0xe7, 0xff, 0xe7, 0xf0, 0xe6, 0xff, 0xe7, 0xf0, 0xe6, 0xff, 0xe7, 0xf0, 0xe6, 0xff, 0xe7, 0xf0, 0xe6, 0xff, 0xe7, 0xf0, 0xe6, 0xff, 0xe7, 0xf0, 0xe6, 0xff, 0xe7, 0xf0, 0xe6, 0xff, 0xe7, 0xf0, 0xe6, 0xff, 0xe7, 0xf0, 0xe6, 0xff, 0xe7, 0xf0, 0xe6, 0xff, 0xe7, 0xf0, 0xe6, 0xff, 0xe8, 0xf0, 0xe6, 0xff, 0xe8, 0xf0, 0xe6, 0xff, 0xe8, 0xf0, 0xe6, 0xff, 0xe8, 0xf0, 0xe7, 0xff, 0xe7, 0xef, 0xe7, 0xff, 0xe7, 0xef, 0xe7, 0xff, 0xe7, 0xf0, 0xe7, 0xff, 0xe7, 0xf0, 0xe6, 0xff, 0xe7, 0xf0, 0xe6, 0xff, 0xe7, 0xf0, 0xe6, 0xff, 0xe7, 0xf0, 0xe6, 0xff, 0xe7, 0xf0, 0xe6, 0xff, 0xe7, 0xf0, 0xe6, 0xff, 0xe7, 0xf0, 0xe6, 0xff, 0xe7, 0xf0, 0xe6, 0xff, 0xe8, 0xf1, 0xe6, 0xff, 0xe8, 0xf1, 0xe6, 0xff, 0xe8, 0xf2, 0xe6, 0xff, 0xe8, 0xf2, 0xe5, 0xff, 0xe8, 0xf1, 0xe6, 0xff, 0xe9, 0xef, 0xe8, 0xff, 0xe8, 0xee, 0xe9, 0xff, 0xe5, 0xed, 0xe9, 0xff, 0xe1, 0xeb, 0xe7, 0xff, 0xdd, 0xeb, 0xe7, 0xff, 0xdc, 0xea, 0xe8, 0xff, 0xdd, 0xe9, 0xe9, 0xff, 0xdf, 0xe9, 0xea, 0xff, 0xe0, 0xe7, 0xe9, 0xff, 0xe2, 0xe6, 0xea, 0xff, 0xe4, 0xe6, 0xea, 0xff, 0xe5, 0xe6, 0xea, 0xff, 0xe4, 0xe6, 0xe9, 0xff, 0xe3, 0xe6, 0xe9, 0xff, 0xe1, 0xe7, 0xe9, 0xff, 0xe1, 0xe7, 0xe9, 0xff, 0xe2, 0xe7, 0xe9, 0xff, 0xe2, 0xe7, 0xe9, 0xff, 0xe1, 0xe7, 0xe9, 0xff, 0xe0, 0xe7, 0xea, 0xff, 0xe0, 0xe7, 0xea, 0xff, 0xe0, 0xe7, 0xea, 0xff, 0xe0, 0xe6, 0xeb, 0xff, 0xe1, 0xe6, 0xeb, 0xff, 0xe2, 0xe8, 0xec, 0xff, 0xdf, 0xe7, 0xea, 0xff, 0xdc, 0xe7, 0xe9, 0xff, 0xdd, 0xeb, 0xec, 0xff, 0xd6, 0xea, 0xea, 0xff, 0xc1, 0xd9, 0xd8, 0xff, 0xb1, 0xcc, 0xcb, 0xff, 0xb1, 0xd5, 0xcb, 0xff, 0xb8, 0xe7, 0xce, 0xff, 0xbd, 0xf3, 0xcf, 0xff, 0xc2, 0xfa, 0xcf, 0xff, 0xc0, 0xfb, 0xc9, 0xff, 0xbe, 0xfb, 0xc2, 0xff, 0xc0, 0xff, 0xc1, 0xff, 0xc0, 0xff, 0xbf, 0xff, 0xbd, 0xfd, 0xbc, 0xff, 0xc0, 0xff, 0xbf, 0xff, 0xc0, 0xff, 0xc0, 0xff, 
  0xbf, 0xff, 0xbc, 0xff, 0xc0, 0xff, 0xbe, 0xff, 0xc0, 0xff, 0xbf, 0xff, 0xc0, 0xff, 0xc0, 0xff, 0xc1, 0xfe, 0xc1, 0xff, 0xc1, 0xfe, 0xc2, 0xff, 0xc1, 0xfd, 0xc3, 0xff, 0xc1, 0xfb, 0xc4, 0xff, 0xc3, 0xfa, 0xc6, 0xff, 0xc8, 0xf8, 0xca, 0xff, 0xcf, 0xf7, 0xd0, 0xff, 0xd9, 0xf8, 0xd9, 0xff, 0xe1, 0xf6, 0xe0, 0xff, 0xe6, 0xf1, 0xe4, 0xff, 0xeb, 0xee, 0xe8, 0xff, 0xec, 0xed, 0xe9, 0xff, 0xe8, 0xef, 0xe7, 0xff, 0xe6, 0xf0, 0xe6, 0xff, 0xe6, 0xf0, 0xe6, 0xff, 0xe6, 0xf0, 0xe6, 0xff, 0xe6, 0xf0, 0xe6, 0xff, 0xe7, 0xf0, 0xe6, 0xff, 0xe7, 0xf0, 0xe6, 0xff, 0xe7, 0xf0, 0xe6, 0xff, 0xe7, 0xf0, 0xe6, 0xff, 0xe7, 0xf0, 0xe6, 0xff, 0xe7, 0xf0, 0xe6, 0xff, 0xe7, 0xf0, 0xe6, 0xff, 0xe8, 0xf0, 0xe6, 0xff, 0xe8, 0xef, 0xe6, 0xff, 0xe8, 0xef, 0xe6, 0xff, 0xe8, 0xef, 0xe7, 0xff, 0xe7, 0xef, 0xe7, 0xff, 0xe7, 0xef, 0xe7, 0xff, 0xe7, 0xf0, 0xe7, 0xff, 0xe7, 0xf0, 0xe7, 0xff, 0xe7, 0xf0, 0xe7, 0xff, 0xe7, 0xf0, 0xe7, 0xff, 0xe7, 0xf0, 0xe6, 0xff, 0xe7, 0xf0, 0xe6, 0xff, 0xe7, 0xf0, 0xe6, 0xff, 0xe7, 0xf0, 0xe6, 0xff, 0xe7, 0xf0, 0xe5, 0xff, 0xe7, 0xf1, 0xe5, 0xff, 0xe7, 0xf1, 0xe5, 0xff, 0xe8, 0xf2, 0xe5, 0xff, 0xe8, 0xf2, 0xe5, 0xff, 0xe9, 0xf2, 0xe5, 0xff, 0xeb, 0xf0, 0xe7, 0xff, 0xe9, 0xef, 0xe7, 0xff, 0xe6, 0xef, 0xe8, 0xff, 0xe2, 0xee, 0xe8, 0xff, 0xdf, 0xed, 0xe8, 0xff, 0xdd, 0xec, 0xe8, 0xff, 0xdd, 0xea, 0xe8, 0xff, 0xdd, 0xe8, 0xe8, 0xff, 0xe0, 0xe7, 0xe9, 0xff, 0xe2, 0xe6, 0xea, 0xff, 0xe4, 0xe6, 0xea, 0xff, 0xe5, 0xe6, 0xea, 0xff, 0xe3, 0xe6, 0xea, 0xff, 0xe2, 0xe6, 0xea, 0xff, 0xe0, 0xe7, 0xea, 0xff, 0xe0, 0xe7, 0xe9, 0xff, 0xe1, 0xe7, 0xe9, 0xff, 0xe1, 0xe7, 0xe9, 0xff, 0xe0, 0xe7, 0xe9, 0xff, 0xe0, 0xe7, 0xea, 0xff, 0xe0, 0xe7, 0xea, 0xff, 0xe0, 0xe6, 0xea, 0xff, 0xe1, 0xe6, 0xeb, 0xff, 0xe2, 0xe6, 0xeb, 0xff, 0xe2, 0xe5, 0xe9, 0xff, 0xe6, 0xeb, 0xed, 0xff, 0xde, 0xe5, 0xe6, 0xff, 0xd9, 0xe4, 0xe3, 0xff, 0xdd, 0xee, 0xea, 0xff, 0xd6, 0xeb, 0xe6, 0xff, 0xc7, 0xe0, 0xd9, 0xff, 0xc1, 0xe4, 0xd4, 0xff, 0xc6, 0xf7, 0xd5, 0xff, 0xbf, 0xf8, 0xca, 0xff, 0xbe, 0xf9, 0xc5, 0xff, 0xc1, 0xfe, 0xc4, 0xff, 0xc0, 0xff, 0xc0, 0xff, 0xbd, 0xfd, 0xbb, 0xff, 0xbe, 0xfe, 0xbb, 0xff, 0xc3, 0xff, 0xc1, 0xff, 0xc0, 0xff, 0xc0, 0xff, 0xc0, 0xfe, 0xc1, 0xff, 
  0xbf, 0xff, 0xbc, 0xff, 0xbf, 0xff, 0xbc, 0xff, 0xc1, 0xff, 0xbf, 0xff, 0xc1, 0xff, 0xc0, 0xff, 0xc1, 0xfe, 0xc1, 0xff, 0xc1, 0xfd, 0xc2, 0xff, 0xc0, 0xfc, 0xc3, 0xff, 0xc2, 0xfb, 0xc4, 0xff, 0xc4, 0xf9, 0xc6, 0xff, 0xc9, 0xf8, 0xcb, 0xff, 0xd0, 0xf8, 0xd2, 0xff, 0xda, 0xf8, 0xdb, 0xff, 0xe2, 0xf5, 0xe1, 0xff, 0xe7, 0xf1, 0xe4, 0xff, 0xeb, 0xee, 0xe8, 0xff, 0xec, 0xee, 0xe9, 0xff, 0xe7, 0xef, 0xe7, 0xff, 0xe5, 0xf0, 0xe6, 0xff, 0xe5, 0xf0, 0xe6, 0xff, 0xe6, 0xf0, 0xe6, 0xff, 0xe6, 0xf0, 0xe6, 0xff, 0xe7, 0xf0, 0xe6, 0xff, 0xe7, 0xf0, 0xe6, 0xff, 0xe7, 0xf0, 0xe6, 0xff, 0xe8, 0xf0, 0xe6, 0xff, 0xe8, 0xf0, 0xe6, 0xff, 0xe8, 0xf0, 0xe6, 0xff, 0xe8, 0xf0, 0xe6, 0xff, 0xe8, 0xf0, 0xe6, 0xff, 0xe8, 0xef, 0xe6, 0xff, 0xe8, 0xef, 0xe6, 0xff, 0xe8, 0xef, 0xe7, 0xff, 0xe7, 0xef, 0xe7, 0xff, 0xe7, 0xef, 0xe8, 0xff, 0xe7, 0xef, 0xe7, 0xff, 0xe7, 0xef, 0xe7, 0xff, 0xe7, 0xef, 0xe7, 0xff, 0xe7, 0xef, 0xe7, 0xff, 0xe7, 0xf0, 0xe7, 0xff, 0xe7, 0xf0, 0xe6, 0xff, 0xe8, 0xf1, 0xe7, 0xff, 0xe7, 0xf0, 0xe6, 0xff, 0xe7, 0xf0, 0xe5, 0xff, 0xe7, 0xf1, 0xe5, 0xff, 0xe7, 0xf1, 0xe4, 0xff, 0xe7, 0xf1, 0xe4, 0xff, 0xe7, 0xf1, 0xe4, 0xff, 0xe8, 0xf1, 0xe4, 0xff, 0xea, 0xf0, 0xe5, 0xff, 0xea, 0xef, 0xe6, 0xff, 0xe6, 0xef, 0xe7, 0xff, 0xe3, 0xef, 0xe8, 0xff, 0xe0, 0xef, 0xe8, 0xff, 0xde, 0xed, 0xe8, 0xff, 0xdd, 0xeb, 0xe9, 0xff, 0xde, 0xe9, 0xe9, 0xff, 0xe0, 0xe7, 0xe9, 0xff, 0xe2, 0xe6, 0xea, 0xff, 0xe4, 0xe6, 0xea, 0xff, 0xe4, 0xe6, 0xea, 0xff, 0xe3, 0xe6, 0xea, 0xff, 0xe1, 0xe7, 0xea, 0xff, 0xdf, 0xe7, 0xea, 0xff, 0xdf, 0xe7, 0xe9, 0xff, 0xe0, 0xe7, 0xe9, 0xff, 0xe0, 0xe7, 0xe9, 0xff, 0xe0, 0xe7, 0xe9, 0xff, 0xe0, 0xe7, 0xea, 0xff, 0xe0, 0xe6, 0xeb, 0xff, 0xe1, 0xe6, 0xeb, 0xff, 0xe2, 0xe6, 0xeb, 0xff, 0xe4, 0xe6, 0xeb, 0xff, 0xe3, 0xe4, 0xe8, 0xff, 0xe6, 0xe7, 0xea, 0xff, 0xe2, 0xe6, 0xe7, 0xff, 0xdd, 0xe5, 0xe3, 0xff, 0xdf, 0xed, 0xe8, 0xff, 0xe1, 0xf4, 0xeb, 0xff, 0xdb, 0xf2, 0xe7, 0xff, 0xcf, 0xf1, 0xdc, 0xff, 0xc6, 0xf9, 0xd0, 0xff, 0xbd, 0xf9, 0xc3, 0xff, 0xbc, 0xfa, 0xbf, 0xff, 0xc0, 0xff, 0xc0, 0xff, 0xc1, 0xff, 0xbe, 0xff, 0xbf, 0xff, 0xba, 0xff, 0xc0, 0xff, 0xbc, 0xff, 0xc4, 0xff, 0xc2, 0xff, 0xc0, 0xfe, 0xc2, 0xff, 0xc0, 0xfd, 0xc4, 0xff, 
  0xbd, 0xff, 0xbc, 0xff, 0xbe, 0xff, 0xbd, 0xff, 0xc0, 0xff, 0xbf, 0xff, 0xc1, 0xff, 0xc0, 0xff, 0xc2, 0xfe, 0xc1, 0xff, 0xc2, 0xfd, 0xc3, 0xff, 0xc2, 0xfa, 0xc5, 0xff, 0xc4, 0xf9, 0xc7, 0xff, 0xc7, 0xf7, 0xca, 0xff, 0xcc, 0xf5, 0xcf, 0xff, 0xd3, 0xf5, 0xd6, 0xff, 0xdc, 0xf6, 0xde, 0xff, 0xe3, 0xf4, 0xe3, 0xff, 0xe7, 0xf1, 0xe5, 0xff, 0xe9, 0xee, 0xe6, 0xff, 0xeb, 0xee, 0xe8, 0xff, 0xe7, 0xf0, 0xe7, 0xff, 0xe5, 0xf0, 0xe6, 0xff, 0xe5, 0xf0, 0xe6, 0xff, 0xe6, 0xf0, 0xe6, 0xff, 0xe6, 0xf0, 0xe6, 0xff, 0xe7, 0xf0, 0xe6, 0xff, 0xe7, 0xf0, 0xe6, 0xff, 0xe7, 0xf0, 0xe6, 0xff, 0xe8, 0xf0, 0xe6, 0xff, 0xe8, 0xf0, 0xe6, 0xff, 0xe8, 0xf0, 0xe6, 0xff, 0xe8, 0xf0, 0xe6, 0xff, 0xe8, 0xf0, 0xe6, 0xff, 0xe8, 0xf0, 0xe6, 0xff, 0xe8, 0xf0, 0xe6, 0xff, 0xe8, 0xf0, 0xe7, 0xff, 0xe7, 0xef, 0xe7, 0xff, 0xe7, 0xef, 0xe7, 0xff, 0xe7, 0xef, 0xe7, 0xff, 0xe7, 0xef, 0xe7, 0xff, 0xe7, 0xef, 0xe7, 0xff, 0xe7, 0xef, 0xe7, 0xff, 0xe7, 0xf0, 0xe7, 0xff, 0xe7, 0xf0, 0xe6, 0xff, 0xe8, 0xf1, 0xe7, 0xff, 0xe7, 0xf0, 0xe6, 0xff, 0xe7, 0xf0, 0xe6, 0xff, 0xe7, 0xf1, 0xe5, 0xff, 0xe6, 0xf0, 0xe3, 0xff, 0xe6, 0xf0, 0xe3, 0xff, 0xe7, 0xf1, 0xe4, 0xff, 0xe8, 0xf1, 0xe4, 0xff, 0xe8, 0xee, 0xe2, 0xff, 0xe8, 0xef, 0xe4, 0xff, 0xe7, 0xf0, 0xe6, 0xff, 0xe5, 0xf1, 0xe8, 0xff, 0xe2, 0xf0, 0xe8, 0xff, 0xe0, 0xef, 0xe8, 0xff, 0xdf, 0xed, 0xe8, 0xff, 0xe0, 0xeb, 0xe8, 0xff, 0xe0, 0xe8, 0xe8, 0xff, 0xe2, 0xe7, 0xe8, 0xff, 0xe4, 0xe7, 0xe9, 0xff, 0xe4, 0xe7, 0xe9, 0xff, 0xe2, 0xe7, 0xe9, 0xff, 0xe1, 0xe7, 0xe9, 0xff, 0xe0, 0xe7, 0xe9, 0xff, 0xdf, 0xe7, 0xe9, 0xff, 0xe0, 0xe8, 0xe8, 0xff, 0xe0, 0xe8, 0xe8, 0xff, 0xe0, 0xe7, 0xe9, 0xff, 0xe0, 0xe7, 0xe9, 0xff, 0xe0, 0xe7, 0xea, 0xff, 0xe1, 0xe7, 0xea, 0xff, 0xe2, 0xe7, 0xe9, 0xff, 0xe4, 0xe6, 0xe9, 0xff, 0xe9, 0xeb, 0xec, 0xff, 0xe0, 0xe2, 0xe2, 0xff, 0xe4, 0xe8, 0xe6, 0xff, 0xe8, 0xef, 0xeb, 0xff, 0xe1, 0xed, 0xe5, 0xff, 0xdf, 0xef, 0xe4, 0xff, 0xe0, 0xf3, 0xe6, 0xff, 0xd4, 0xf2, 0xdb, 0xff, 0xc5, 0xf5, 0xcb, 0xff, 0xc3, 0xfd, 0xc6, 0xff, 0xc2, 0xff, 0xc2, 0xff, 0xbf, 0xfe, 0xbc, 0xff, 0xbf, 0xff, 0xba, 0xff, 0xc1, 0xff, 0xbc, 0xff, 0xc1, 0xff, 0xbe, 0xff, 0xbc, 0xfd, 0xbc, 0xff, 0xbf, 0xfe, 0xc2, 0xff, 0xbf, 0xfd, 0xc4, 0xff, 
  0xb9, 0xfd, 0xbc, 0xff, 0xbc, 0xff, 0xbe, 0xff, 0xbe, 0xff, 0xbf, 0xff, 0xc0, 0xff, 0xc0, 0xff, 0xc1, 0xfd, 0xc1, 0xff, 0xc2, 0xfa, 0xc3, 0xff, 0xc6, 0xf8, 0xc8, 0xff, 0xca, 0xf6, 0xcd, 0xff, 0xd1, 0xf6, 0xd5, 0xff, 0xd6, 0xf4, 0xdb, 0xff, 0xdb, 0xf2, 0xe0, 0xff, 0xdf, 0xf1, 0xe3, 0xff, 0xe3, 0xf1, 0xe6, 0xff, 0xe6, 0xf0, 0xe6, 0xff, 0xe8, 0xf0, 0xe6, 0xff, 0xe8, 0xef, 0xe5, 0xff, 0xe6, 0xef, 0xe5, 0xff, 0xe6, 0xf0, 0xe6, 0xff, 0xe6, 0xf0, 0xe6, 0xff, 0xe6, 0xf0, 0xe6, 0xff, 0xe6, 0xf0, 0xe6, 0xff, 0xe7, 0xf0, 0xe6, 0xff, 0xe7, 0xf0, 0xe6, 0xff, 0xe7, 0xf0, 0xe6, 0xff, 0xe6, 0xef, 0xe5, 0xff, 0xe6, 0xef, 0xe5, 0xff, 0xe7, 0xf0, 0xe6, 0xff, 0xe7, 0xf0, 0xe6, 0xff, 0xe7, 0xf0, 0xe6, 0xff, 0xe7, 0xf0, 0xe6, 0xff, 0xe6, 0xef, 0xe5, 0xff, 0xe6, 0xef, 0xe5, 0xff, 0xe7, 0xf0, 0xe7, 0xff, 0xe6, 0xef, 0xe6, 0xff, 0xe6, 0xef, 0xe6, 0xff, 0xe6, 0xef, 0xe6, 0xff, 0xe7, 0xf0, 0xe7, 0xff, 0xe7, 0xf0, 0xe7, 0xff, 0xe7, 0xf0, 0xe6, 0xff, 0xe6, 0xef, 0xe5, 0xff, 0xe7, 0xf0, 0xe6, 0xff, 0xe7, 0xf0, 0xe6, 0xff, 0xe7, 0xf0, 0xe6, 0xff, 0xe7, 0xf0, 0xe6, 0xff, 0xe7, 0xf0, 0xe6, 0xff, 0xe7, 0xf0, 0xe6, 0xff, 0xe7, 0xf0, 0xe6, 0xff, 0xe7, 0xf0, 0xe5, 0xff, 0xe8, 0xf1, 0xe4, 0xff, 0xe7, 0xf1, 0xe4, 0xff, 0xe7, 0xf0, 0xe5, 0xff, 0xe6, 0xf0, 0xe6, 0xff, 0xe5, 0xf0, 0xe6, 0xff, 0xe5, 0xf0, 0xe6, 0xff, 0xe5, 0xf0, 0xe7, 0xff, 0xe5, 0xef, 0xe8, 0xff, 0xe5, 0xed, 0xe9, 0xff, 0xe6, 0xec, 0xea, 0xff, 0xe5, 0xeb, 0xe9, 0xff, 0xe5, 0xeb, 0xea, 0xff, 0xe4, 0xea, 0xe9, 0xff, 0xe3, 0xea, 0xe9, 0xff, 0xe1, 0xe8, 0xe7, 0xff, 0xe0, 0xe7, 0xe7, 0xff, 0xe0, 0xe7, 0xe6, 0xff, 0xe0, 0xe7, 0xe6, 0xff, 0xe0, 0xe7, 0xe7, 0xff, 0xe1, 0xe8, 0xe7, 0xff, 0xe1, 0xe8, 0xe7, 0xff, 0xe2, 0xe9, 0xe8, 0xff, 0xe3, 0xe9, 0xe7, 0xff, 0xe4, 0xeb, 0xe8, 0xff, 0xe6, 0xec, 0xe8, 0xff, 0xe6, 0xec, 0xe7, 0xff, 0xe5, 0xed, 0xe6, 0xff, 0xe5, 0xed, 0xe5, 0xff, 0xe5, 0xef, 0xe5, 0xff, 0xe4, 0xf0, 0xe4, 0xff, 0xe3, 0xf0, 0xe4, 0xff, 0xdd, 0xf4, 0xdf, 0xff, 0xcf, 0xf6, 0xd2, 0xff, 0xc6, 0xf9, 0xc7, 0xff, 0xc3, 0xfb, 0xc0, 0xff, 0xc1, 0xff, 0xbd, 0xff, 0xc0, 0xff, 0xbb, 0xff, 0xbd, 0xff, 0xba, 0xff, 0xbd, 0xff, 0xbd, 0xff, 0xbe, 0xff, 0xc1, 0xff, 0xbe, 0xfe, 0xc2, 0xff, 0xbe, 0xfd, 0xc4, 0xff, 
  0xbc, 0xff, 0xc0, 0xff, 0xbd, 0xff, 0xc0, 0xff, 0xc0, 0xff, 0xc1, 0xff, 0xc1, 0xfe, 0xc1, 0xff, 0xc4, 0xfc, 0xc4, 0xff, 0xc8, 0xfb, 0xc9, 0xff, 0xce, 0xfa, 0xcf, 0xff, 0xd3, 0xf7, 0xd5, 0xff, 0xd9, 0xf6, 0xdc, 0xff, 0xdd, 0xf3, 0xe0, 0xff, 0xe1, 0xf2, 0xe5, 0xff, 0xe3, 0xf0, 0xe7, 0xff, 0xe5, 0xf0, 0xe8, 0xff, 0xe6, 0xef, 0xe7, 0xff, 0xe7, 0xef, 0xe5, 0xff, 0xe7, 0xef, 0xe5, 0xff, 0xe6, 0xef, 0xe5, 0xff, 0xe7, 0xf0, 0xe6, 0xff, 0xe7, 0xf0, 0xe6, 0xff, 0xe7, 0xf0, 0xe6, 0xff, 0xe7, 0xf0, 0xe6, 0xff, 0xe7, 0xf0, 0xe6, 0xff, 0xe7, 0xf0, 0xe6, 0xff, 0xe7, 0xf0, 0xe6, 0xff, 0xe6, 0xef, 0xe5, 0xff, 0xe6, 0xef, 0xe5, 0xff, 0xe7, 0xf0, 0xe6, 0xff, 0xe7, 0xf0, 0xe6, 0xff, 0xe7, 0xf0, 0xe6, 0xff, 0xe7, 0xf0, 0xe6, 0xff, 0xe6, 0xef, 0xe5, 0xff, 0xe6, 0xef, 0xe5, 0xff, 0xe7, 0xf0, 0xe6, 0xff, 0xe6, 0xef, 0xe5, 0xff, 0xe6, 0xef, 0xe5, 0xff, 0xe6, 0xef, 0xe5, 0xff, 0xe7, 0xf0, 0xe6, 0xff, 0xe7, 0xf0, 0xe6, 0xff, 0xe7, 0xf0, 0xe6, 0xff, 0xe7, 0xf0, 0xe6, 0xff, 0xe7, 0xf0, 0xe6, 0xff, 0xe7, 0xf0, 0xe6, 0xff, 0xe7, 0xf0, 0xe6, 0xff, 0xe7, 0xf0, 0xe6, 0xff, 0xe7, 0xf0, 0xe6, 0xff, 0xe7, 0xf0, 0xe6, 0xff, 0xe7, 0xf0, 0xe6, 0xff, 0xe7, 0xf0, 0xe6, 0xff, 0xe7, 0xf1, 0xe4, 0xff, 0xe7, 0xf1, 0xe4, 0xff, 0xe7, 0xf1, 0xe5, 0xff, 0xe7, 0xf1, 0xe5, 0xff, 0xe7, 0xf0, 0xe5, 0xff, 0xe7, 0xf0, 0xe6, 0xff, 0xe7, 0xf0, 0xe6, 0xff, 0xe7, 0xef, 0xe7, 0xff, 0xe7, 0xef, 0xe8, 0xff, 0xe7, 0xee, 0xe9, 0xff, 0xe6, 0xed, 0xe9, 0xff, 0xe6, 0xed, 0xe9, 0xff, 0xe7, 0xee, 0xea, 0xff, 0xe6, 0xed, 0xea, 0xff, 0xe5, 0xeb, 0xe9, 0xff, 0xe4, 0xea, 0xe9, 0xff, 0xe4, 0xea, 0xe9, 0xff, 0xe4, 0xea, 0xe9, 0xff, 0xe5, 0xeb, 0xea, 0xff, 0xe5, 0xeb, 0xe9, 0xff, 0xe5, 0xec, 0xe9, 0xff, 0xe6, 0xed, 0xe9, 0xff, 0xe6, 0xed, 0xe8, 0xff, 0xe6, 0xee, 0xe7, 0xff, 0xe5, 0xed, 0xe6, 0xff, 0xe5, 0xed, 0xe5, 0xff, 0xe5, 0xee, 0xe5, 0xff, 0xe6, 0xef, 0xe5, 0xff, 0xe6, 0xef, 0xe4, 0xff, 0xe6, 0xf0, 0xe4, 0xff, 0xe6, 0xf0, 0xe4, 0xff, 0xe1, 0xf4, 0xe1, 0xff, 0xd2, 0xf5, 0xd4, 0xff, 0xc9, 0xf8, 0xca, 0xff, 0xc5, 0xfa, 0xc1, 0xff, 0xc3, 0xfe, 0xbd, 0xff, 0xc0, 0xff, 0xbb, 0xff, 0xbd, 0xff, 0xba, 0xff, 0xbd, 0xff, 0xbe, 0xff, 0xbe, 0xff, 0xc1, 0xff, 0xbe, 0xfe, 0xc3, 0xff, 0xbe, 0xfe, 0xc4, 0xff, 
  0xbf, 0xff, 0xc1, 0xff, 0xc0, 0xff, 0xc1, 0xff, 0xc1, 0xfd, 0xc1, 0xff, 0xc4, 0xfb, 0xc3, 0xff, 0xc9, 0xfa, 0xc9, 0xff, 0xcf, 0xfa, 0xcf, 0xff, 0xd4, 0xf9, 0xd4, 0xff, 0xd8, 0xf6, 0xd8, 0xff, 0xde, 0xf6, 0xde, 0xff, 0xe1, 0xf3, 0xe2, 0xff, 0xe4, 0xf1, 0xe4, 0xff, 0xe6, 0xf0, 0xe6, 0xff, 0xe7, 0xef, 0xe7, 0xff, 0xe8, 0xef, 0xe8, 0xff, 0xe8, 0xef, 0xe7, 0xff, 0xe8, 0xef, 0xe7, 0xff, 0xe6, 0xef, 0xe5, 0xff, 0xe7, 0xf0, 0xe6, 0xff, 0xe7, 0xf0, 0xe6, 0xff, 0xe7, 0xf0, 0xe6, 0xff, 0xe7, 0xf0, 0xe6, 0xff, 0xe7, 0xf0, 0xe6, 0xff, 0xe7, 0xf0, 0xe6, 0xff, 0xe7, 0xf0, 0xe6, 0xff, 0xe6, 0xef, 0xe5, 0xff, 0xe6, 0xef, 0xe5, 0xff, 0xe7, 0xf0, 0xe6, 0xff, 0xe7, 0xf0, 0xe6, 0xff, 0xe7, 0xf0, 0xe6, 0xff, 0xe7, 0xf0, 0xe6, 0xff, 0xe6, 0xef, 0xe5, 0xff, 0xe6, 0xef, 0xe5, 0xff, 0xe6, 0xef, 0xe5, 0xff, 0xe6, 0xef, 0xe5, 0xff, 0xe6, 0xef, 0xe5, 0xff, 0xe6, 0xef, 0xe5, 0xff, 0xe7, 0xf0, 0xe6, 0xff, 0xe8, 0xf1, 0xe7, 0xff, 0xe8, 0xf1, 0xe7, 0xff, 0xe7, 0xf0, 0xe6, 0xff, 0xe7, 0xf0, 0xe6, 0xff, 0xe7, 0xf0, 0xe6, 0xff, 0xe7, 0xf0, 0xe6, 0xff, 0xe7, 0xf0, 0xe6, 0xff, 0xe7, 0xf0, 0xe6, 0xff, 0xe7, 0xf0, 0xe6, 0xff, 0xe7, 0xf0, 0xe6, 0xff, 0xe7, 0xf0, 0xe6, 0xff, 0xe7, 0xf1, 0xe5, 0xff, 0xe7, 0xf1, 0xe5, 0xff, 0xe7, 0xf1, 0xe5, 0xff, 0xe7, 0xf0, 0xe5, 0xff, 0xe7, 0xf0, 0xe6, 0xff, 0xe7, 0xf0, 0xe6, 0xff, 0xe7, 0xef, 0xe7, 0xff, 0xe7, 0xef, 0xe8, 0xff, 0xe7, 0xef, 0xe8, 0xff, 0xe7, 0xef, 0xe8, 0xff, 0xe6, 0xed, 0xe8, 0xff, 0xe7, 0xee, 0xea, 0xff, 0xe8, 0xef, 0xeb, 0xff, 0xe8, 0xef, 0xec, 0xff, 0xe7, 0xee, 0xeb, 0xff, 0xe7, 0xed, 0xeb, 0xff, 0xe7, 0xed, 0xeb, 0xff, 0xe7, 0xed, 0xeb, 0xff, 0xe7, 0xed, 0xeb, 0xff, 0xe7, 0xee, 0xeb, 0xff, 0xe7, 0xee, 0xea, 0xff, 0xe7, 0xee, 0xe9, 0xff, 0xe8, 0xf0, 0xe9, 0xff, 0xe8, 0xf0, 0xe9, 0xff, 0xe6, 0xee, 0xe7, 0xff, 0xe6, 0xee, 0xe6, 0xff, 0xe6, 0xef, 0xe6, 0xff, 0xe6, 0xef, 0xe5, 0xff, 0xe7, 0xf0, 0xe5, 0xff, 0xe7, 0xf1, 0xe5, 0xff, 0xe7, 0xf1, 0xe5, 0xff, 0xe2, 0xf3, 0xe1, 0xff, 0xd4, 0xf5, 0xd6, 0xff, 0xca, 0xf7, 0xcc, 0xff, 0xc6, 0xf9, 0xc3, 0xff, 0xc4, 0xfd, 0xbf, 0xff, 0xc1, 0xff, 0xbc, 0xff, 0xbf, 0xff, 0xbc, 0xff, 0xbd, 0xff, 0xbf, 0xff, 0xbe, 0xff, 0xc2, 0xff, 0xbe, 0xfe, 0xc3, 0xff, 0xbe, 0xfd, 0xc4, 0xff, 
  0xc2, 0xfe, 0xc1, 0xff, 0xc2, 0xfc, 0xc1, 0xff, 0xc4, 0xfa, 0xc2, 0xff, 0xc9, 0xf9, 0xc8, 0xff, 0xcf, 0xf8, 0xce, 0xff, 0xd6, 0xf8, 0xd5, 0xff, 0xda, 0xf7, 0xda, 0xff, 0xde, 0xf5, 0xdd, 0xff, 0xe2, 0xf4, 0xe0, 0xff, 0xe5, 0xf2, 0xe2, 0xff, 0xe7, 0xf1, 0xe4, 0xff, 0xe8, 0xf0, 0xe5, 0xff, 0xe9, 0xef, 0xe7, 0xff, 0xea, 0xf0, 0xe9, 0xff, 0xe9, 0xf0, 0xe9, 0xff, 0xea, 0xf1, 0xea, 0xff, 0xe6, 0xef, 0xe6, 0xff, 0xe7, 0xf0, 0xe6, 0xff, 0xe7, 0xf0, 0xe6, 0xff, 0xe7, 0xf0, 0xe6, 0xff, 0xe7, 0xf0, 0xe6, 0xff, 0xe7, 0xf0, 0xe6, 0xff, 0xe7, 0xf0, 0xe6, 0xff, 0xe7, 0xf0, 0xe6, 0xff, 0xe6, 0xef, 0xe5, 0xff, 0xe6, 0xef, 0xe5, 0xff, 0xe7, 0xf0, 0xe6, 0xff, 0xe7, 0xf0, 0xe6, 0xff, 0xe7, 0xf0, 0xe6, 0xff, 0xe7, 0xf0, 0xe6, 0xff, 0xe6, 0xef, 0xe5, 0xff, 0xe6, 0xef, 0xe5, 0xff, 0xe6, 0xef, 0xe5, 0xff, 0xe6, 0xef, 0xe5, 0xff, 0xe5, 0xee, 0xe4, 0xff, 0xe6, 0xef, 0xe5, 0xff, 0xe7, 0xf0, 0xe6, 0xff, 0xe8, 0xf1, 0xe7, 0xff, 0xe8, 0xf1, 0xe7, 0xff, 0xe7, 0xf0, 0xe6, 0xff, 0xe7, 0xf0, 0xe6, 0xff, 0xe7, 0xf0, 0xe6, 0xff, 0xe7, 0xf0, 0xe6, 0xff, 0xe7, 0xf0, 0xe6, 0xff, 0xe7, 0xf0, 0xe6, 0xff, 0xe7, 0xf0, 0xe6, 0xff, 0xe7, 0xf0, 0xe6, 0xff, 0xe7, 0xf0, 0xe6, 0xff, 0xe7, 0xf0, 0xe6, 0xff, 0xe7, 0xf0, 0xe5, 0xff, 0xe7, 0xf0, 0xe5, 0xff, 0xe7, 0xf0, 0xe6, 0xff, 0xe7, 0xf0, 0xe6, 0xff, 0xe7, 0xf0, 0xe7, 0xff, 0xe7, 0xef, 0xe7, 0xff, 0xe7, 0xef, 0xe8, 0xff, 0xe6, 0xee, 0xe7, 0xff, 0xe6, 0xee, 0xe7, 0xff, 0xe6, 0xee, 0xe7, 0xff, 0xe6, 0xed, 0xe8, 0xff, 0xe7, 0xee, 0xea, 0xff, 0xe7, 0xee, 0xea, 0xff, 0xe7, 0xee, 0xea, 0xff, 0xe6, 0xed, 0xe9, 0xff, 0xe7, 0xee, 0xea, 0xff, 0xe7, 0xee, 0xea, 0xff, 0xe7, 0xee, 0xea, 0xff, 0xe7, 0xee, 0xea, 0xff, 0xe7, 0xee, 0xe9, 0xff, 0xe7, 0xef, 0xe8, 0xff, 0xe7, 0xef, 0xe8, 0xff, 0xe7, 0xef, 0xe7, 0xff, 0xe7, 0xef, 0xe7, 0xff, 0xe7, 0xef, 0xe7, 0xff, 0xe7, 0xf0, 0xe7, 0xff, 0xe7, 0xf0, 0xe6, 0xff, 0xe7, 0xf0, 0xe6, 0xff, 0xe7, 0xf0, 0xe5, 0xff, 0xe7, 0xf0, 0xe5, 0xff, 0xe2, 0xf3, 0xe2, 0xff, 0xd7, 0xf6, 0xd9, 0xff, 0xcd, 0xf7, 0xce, 0xff, 0xc7, 0xf8, 0xc4, 0xff, 0xc4, 0xfd, 0xc0, 0xff, 0xc2, 0xff, 0xbd, 0xff, 0xbf, 0xff, 0xbd, 0xff, 0xbe, 0xff, 0xbf, 0xff, 0xbd, 0xff, 0xc2, 0xff, 0xbe, 0xfd, 0xc4, 0xff, 0xbe, 0xfd, 0xc5, 0xff, 
  0xc6, 0xfd, 0xc1, 0xff, 0xc8, 0xfc, 0xc4, 0xff, 0xcb, 0xfa, 0xc9, 0xff, 0xd2, 0xfa, 0xd0, 0xff, 0xd9, 0xfa, 0xd9, 0xff, 0xdf, 0xf9, 0xdf, 0xff, 0xe2, 0xf6, 0xe2, 0xff, 0xe5, 0xf3, 0xe3, 0xff, 0xe6, 0xf2, 0xe3, 0xff, 0xe9, 0xf1, 0xe3, 0xff, 0xe9, 0xf0, 0xe3, 0xff, 0xe9, 0xef, 0xe4, 0xff, 0xea, 0xef, 0xe6, 0xff, 0xe9, 0xef, 0xe7, 0xff, 0xe9, 0xee, 0xe8, 0xff, 0xe9, 0xf0, 0xe9, 0xff, 0xe6, 0xee, 0xe6, 0xff, 0xe7, 0xf0, 0xe6, 0xff, 0xe7, 0xf0, 0xe6, 0xff, 0xe7, 0xf0, 0xe6, 0xff, 0xe7, 0xf0, 0xe6, 0xff, 0xe7, 0xf0, 0xe6, 0xff, 0xe7, 0xf0, 0xe6, 0xff, 0xe7, 0xf0, 0xe6, 0xff, 0xe6, 0xef, 0xe5, 0xff, 0xe6, 0xef, 0xe5, 0xff, 0xe7, 0xf0, 0xe6, 0xff, 0xe7, 0xf0, 0xe6, 0xff, 0xe7, 0xf0, 0xe6, 0xff, 0xe7, 0xf0, 0xe6, 0xff, 0xe6, 0xef, 0xe5, 0xff, 0xe6, 0xef, 0xe5, 0xff, 0xe6, 0xef, 0xe5, 0xff, 0xe6, 0xef, 0xe5, 0xff, 0xe6, 0xef, 0xe5, 0xff, 0xe6, 0xef, 0xe5, 0xff, 0xe7, 0xf0, 0xe6, 0xff, 0xe8, 0xf1, 0xe7, 0xff, 0xe8, 0xf1, 0xe7, 0xff, 0xe7, 0xf0, 0xe6, 0xff, 0xe7, 0xf0, 0xe6, 0xff, 0xe7, 0xf0, 0xe6, 0xff, 0xe7, 0xf0, 0xe6, 0xff, 0xe7, 0xf0, 0xe6, 0xff, 0xe7, 0xf0, 0xe6, 0xff, 0xe7, 0xf0, 0xe6, 0xff, 0xe7, 0xf0, 0xe6, 0xff, 0xe7, 0xf0, 0xe6, 0xff, 0xe7, 0xf0, 0xe6, 0xff, 0xe7, 0xf0, 0xe6, 0xff, 0xe7, 0xf0, 0xe6, 0xff, 0xe7, 0xf0, 0xe6, 0xff, 0xe7, 0xef, 0xe7, 0xff, 0xe7, 0xef, 0xe7, 0xff, 0xe7, 0xef, 0xe8, 0xff, 0xe7, 0xef, 0xe8, 0xff, 0xe6, 0xee, 0xe7, 0xff, 0xe6, 0xee, 0xe7, 0xff, 0xe6, 0xee, 0xe7, 0xff, 0xe6, 0xee, 0xe7, 0xff, 0xe7, 0xee, 0xe9, 0xff, 0xe7, 0xee, 0xe9, 0xff, 0xe6, 0xed, 0xe8, 0xff, 0xe5, 0xec, 0xe7, 0xff, 0xe7, 0xef, 0xe9, 0xff, 0xe7, 0xef, 0xe8, 0xff, 0xe7, 0xef, 0xe8, 0xff, 0xe7, 0xef, 0xe8, 0xff, 0xe6, 0xee, 0xe7, 0xff, 0xe6, 0xee, 0xe7, 0xff, 0xe6, 0xee, 0xe6, 0xff, 0xe6, 0xef, 0xe6, 0xff, 0xe7, 0xf0, 0xe7, 0xff, 0xe7, 0xf0, 0xe7, 0xff, 0xe7, 0xf0, 0xe6, 0xff, 0xe7, 0xf0, 0xe6, 0xff, 0xe7, 0xf0, 0xe6, 0xff, 0xe7, 0xf0, 0xe6, 0xff, 0xe7, 0xf0, 0xe6, 0xff, 0xe3, 0xf3, 0xe4, 0xff, 0xd9, 0xf6, 0xdb, 0xff, 0xcf, 0xf7, 0xd1, 0xff, 0xc9, 0xf8, 0xc6, 0xff, 0xc5, 0xfc, 0xc1, 0xff, 0xc3, 0xff, 0xbe, 0xff, 0xc0, 0xff, 0xbd, 0xff, 0xbe, 0xff, 0xc0, 0xff, 0xbe, 0xfe, 0xc2, 0xff, 0xbf, 0xfd, 0xc4, 0xff, 0xbf, 0xfd, 0xc5, 0xff, 
  0xc9, 0xfb, 0xc2, 0xff, 0xcc, 0xfa, 0xc5, 0xff, 0xd1, 0xfa, 0xce, 0xff, 0xd7, 0xf8, 0xd6, 0xff, 0xde, 0xf7, 0xdf, 0xff, 0xe3, 0xf5, 0xe4, 0xff, 0xe5, 0xf2, 0xe6, 0xff, 0xe7, 0xf0, 0xe6, 0xff, 0xea, 0xf0, 0xe5, 0xff, 0xeb, 0xf0, 0xe4, 0xff, 0xec, 0xf0, 0xe3, 0xff, 0xeb, 0xf0, 0xe4, 0xff, 0xe9, 0xef, 0xe4, 0xff, 0xe8, 0xee, 0xe6, 0xff, 0xe6, 0xec, 0xe7, 0xff, 0xe5, 0xec, 0xe7, 0xff, 0xe6, 0xee, 0xe6, 0xff, 0xe7, 0xf0, 0xe7, 0xff, 0xe7, 0xf0, 0xe7, 0xff, 0xe7, 0xf0, 0xe7, 0xff, 0xe7, 0xf0, 0xe7, 0xff, 0xe7, 0xf0, 0xe7, 0xff, 0xe7, 0xf0, 0xe7, 0xff, 0xe7, 0xf0, 0xe7, 0xff, 0xe6, 0xef, 0xe6, 0xff, 0xe6, 0xef, 0xe6, 0xff, 0xe7, 0xf0, 0xe7, 0xff, 0xe7, 0xf0, 0xe7, 0xff, 0xe7, 0xf0, 0xe7, 0xff, 0xe7, 0xf0, 0xe7, 0xff, 0xe6, 0xef, 0xe6, 0xff, 0xe6, 0xef, 0xe6, 0xff, 0xe7, 0xf0, 0xe7, 0xff, 0xe6, 0xef, 0xe6, 0xff, 0xe6, 0xef, 0xe6, 0xff, 0xe6, 0xef, 0xe6, 0xff, 0xe7, 0xf0, 0xe7, 0xff, 0xe7, 0xf0, 0xe7, 0xff, 0xe7, 0xf0, 0xe7, 0xff, 0xe7, 0xf0, 0xe7, 0xff, 0xe6, 0xef, 0xe6, 0xff, 0xe6, 0xef, 0xe6, 0xff, 0xe7, 0xf0, 0xe7, 0xff, 0xe7, 0xf0, 0xe7, 0xff, 0xe7, 0xf0, 0xe7, 0xff, 0xe7, 0xf0, 0xe7, 0xff, 0xe8, 0xf1, 0xe8, 0xff, 0xe8, 0xf1, 0xe8, 0xff, 0xe7, 0xf0, 0xe7, 0xff, 0xe7, 0xf0, 0xe7, 0xff, 0xe7, 0xf0, 0xe7, 0xff, 0xe7, 0xf0, 0xe7, 0xff, 0xe7, 0xef, 0xe7, 0xff, 0xe7, 0xef, 0xe8, 0xff, 0xe7, 0xef, 0xe8, 0xff, 0xe7, 0xef, 0xe8, 0xff, 0xe7, 0xef, 0xe8, 0xff, 0xe7, 0xef, 0xe8, 0xff, 0xe7, 0xef, 0xe8, 0xff, 0xe7, 0xef, 0xe8, 0xff, 0xe7, 0xef, 0xe8, 0xff, 0xe7, 0xef, 0xe9, 0xff, 0xe6, 0xee, 0xe8, 0xff, 0xe6, 0xee, 0xe7, 0xff, 0xe7, 0xef, 0xe8, 0xff, 0xe7, 0xef, 0xe7, 0xff, 0xe7, 0xef, 0xe7, 0xff, 0xe7, 0xef, 0xe7, 0xff, 0xe7, 0xef, 0xe7, 0xff, 0xe7, 0xef, 0xe7, 0xff, 0xe7, 0xf0, 0xe7, 0xff, 0xe7, 0xf0, 0xe6, 0xff, 0xe7, 0xf0, 0xe6, 0xff, 0xe7, 0xf0, 0xe6, 0xff, 0xe7, 0xf0, 0xe6, 0xff, 0xe7, 0xf0, 0xe6, 0xff, 0xe7, 0xf0, 0xe6, 0xff, 0xe7, 0xf0, 0xe6, 0xff, 0xe7, 0xf0, 0xe6, 0xff, 0xe3, 0xf2, 0xe3, 0xff, 0xdc, 0xf8, 0xde, 0xff, 0xd1, 0xf7, 0xd3, 0xff, 0xca, 0xf7, 0xc8, 0xff, 0xc6, 0xfb, 0xc2, 0xff, 0xc5, 0xff, 0xc0, 0xff, 0xc2, 0xff, 0xbf, 0xff, 0xbf, 0xff, 0xc1, 0xff, 0xbf, 0xfe, 0xc3, 0xff, 0xbf, 0xfd, 0xc4, 0xff, 0xc0, 0xfd, 0xc5, 0xff, 
  0xcc, 0xf8, 0xc2, 0xff, 0xcf, 0xf8, 0xc7, 0xff, 0xd5, 0xf7, 0xd2, 0xff, 0xdb, 0xf6, 0xdb, 0xff, 0xe0, 0xf3, 0xe3, 0xff, 0xe3, 0xf0, 0xe8, 0xff, 0xe6, 0xed, 0xe9, 0xff, 0xe9, 0xec, 0xe9, 0xff, 0xec, 0xee, 0xe7, 0xff, 0xed, 0xef, 0xe5, 0xff, 0xec, 0xf0, 0xe3, 0xff, 0xeb, 0xf1, 0xe3, 0xff, 0xea, 0xf0, 0xe5, 0xff, 0xe7, 0xee, 0xe5, 0xff, 0xe4, 0xec, 0xe7, 0xff, 0xe3, 0xeb, 0xe6, 0xff, 0xe5, 0xee, 0xe7, 0xff, 0xe7, 0xef, 0xe7, 0xff, 0xe7, 0xef, 0xe7, 0xff, 0xe7, 0xef, 0xe7, 0xff, 0xe7, 0xef, 0xe7, 0xff, 0xe7, 0xef, 0xe7, 0xff, 0xe7, 0xef, 0xe7, 0xff, 0xe7, 0xef, 0xe7, 0xff, 0xe6, 0xee, 0xe6, 0xff, 0xe6, 0xee, 0xe6, 0xff, 0xe7, 0xef, 0xe7, 0xff, 0xe7, 0xef, 0xe7, 0xff, 0xe7, 0xef, 0xe7, 0xff, 0xe7, 0xef, 0xe7, 0xff, 0xe6, 0xee, 0xe6, 0xff, 0xe6, 0xee, 0xe6, 0xff, 0xe7, 0xef, 0xe7, 0xff, 0xe7, 0xef, 0xe7, 0xff, 0xe6, 0xee, 0xe6, 0xff, 0xe6, 0xee, 0xe6, 0xff, 0xe7, 0xef, 0xe7, 0xff, 0xe7, 0xef, 0xe7, 0xff, 0xe6, 0xee, 0xe6, 0xff, 0xe6, 0xee, 0xe6, 0xff, 0xe6, 0xee, 0xe6, 0xff, 0xe6, 0xee, 0xe6, 0xff, 0xe7, 0xef, 0xe7, 0xff, 0xe7, 0xef, 0xe7, 0xff, 0xe7, 0xef, 0xe7, 0xff, 0xe7, 0xef, 0xe7, 0xff, 0xe8, 0xf0, 0xe8, 0xff, 0xe8, 0xf0, 0xe8, 0xff, 0xe7, 0xef, 0xe7, 0xff, 0xe7, 0xef, 0xe7, 0xff, 0xe7, 0xef, 0xe7, 0xff, 0xe7, 0xef, 0xe7, 0xff, 0xe7, 0xef, 0xe8, 0xff, 0xe7, 0xef, 0xe8, 0xff, 0xe7, 0xef, 0xe8, 0xff, 0xe7, 0xef, 0xe8, 0xff, 0xe7, 0xef, 0xe8, 0xff, 0xe7, 0xef, 0xe8, 0xff, 0xe7, 0xef, 0xe8, 0xff, 0xe7, 0xef, 0xe8, 0xff, 0xe8, 0xf0, 0xe9, 0xff, 0xe7, 0xef, 0xe8, 0xff, 0xe7, 0xef, 0xe8, 0xff, 0xe6, 0xee, 0xe7, 0xff, 0xe7, 0xef, 0xe7, 0xff, 0xe7, 0xf0, 0xe7, 0xff, 0xe7, 0xf0, 0xe7, 0xff, 0xe8, 0xf1, 0xe8, 0xff, 0xe8, 0xf1, 0xe8, 0xff, 0xe8, 0xf1, 0xe8, 0xff, 0xe8, 0xf1, 0xe7, 0xff, 0xe8, 0xf1, 0xe7, 0xff, 0xe7, 0xf0, 0xe6, 0xff, 0xe7, 0xf0, 0xe6, 0xff, 0xe7, 0xf0, 0xe6, 0xff, 0xe7, 0xf0, 0xe6, 0xff, 0xe7, 0xf0, 0xe6, 0xff, 0xe7, 0xf0, 0xe6, 0xff, 0xe7, 0xf0, 0xe6, 0xff, 0xe3, 0xf2, 0xe4, 0xff, 0xde, 0xf8, 0xe0, 0xff, 0xd3, 0xf7, 0xd5, 0xff, 0xcb, 0xf6, 0xc9, 0xff, 0xc7, 0xfa, 0xc3, 0xff, 0xc6, 0xff, 0xc1, 0xff, 0xc3, 0xff, 0xbf, 0xff, 0xc0, 0xff, 0xc1, 0xff, 0xbf, 0xfe, 0xc3, 0xff, 0xc0, 0xfd, 0xc4, 0xff, 0xc0, 0xfd, 0xc5, 0xff, 
  0xd1, 0xf8, 0xc7, 0xff, 0xd5, 0xf9, 0xcd, 0xff, 0xdb, 0xf8, 0xd8, 0xff, 0xdf, 0xf5, 0xe0, 0xff, 0xe2, 0xf0, 0xe7, 0xff, 0xe5, 0xee, 0xeb, 0xff, 0xe9, 0xed, 0xee, 0xff, 0xec, 0xed, 0xed, 0xff, 0xeb, 0xed, 0xe7, 0xff, 0xec, 0xee, 0xe4, 0xff, 0xec, 0xf0, 0xe3, 0xff, 0xeb, 0xf2, 0xe4, 0xff, 0xe8, 0xf1, 0xe4, 0xff, 0xe7, 0xf0, 0xe6, 0xff, 0xe4, 0xee, 0xe8, 0xff, 0xe3, 0xec, 0xe8, 0xff, 0xe5, 0xee, 0xe7, 0xff, 0xe7, 0xef, 0xe8, 0xff, 0xe7, 0xef, 0xe8, 0xff, 0xe7, 0xef, 0xe8, 0xff, 0xe7, 0xef, 0xe8, 0xff, 0xe7, 0xef, 0xe8, 0xff, 0xe7, 0xef, 0xe8, 0xff, 0xe7, 0xef, 0xe8, 0xff, 0xe6, 0xee, 0xe7, 0xff, 0xe6, 0xee, 0xe7, 0xff, 0xe7, 0xef, 0xe8, 0xff, 0xe7, 0xef, 0xe8, 0xff, 0xe7, 0xef, 0xe8, 0xff, 0xe7, 0xef, 0xe8, 0xff, 0xe6, 0xee, 0xe7, 0xff, 0xe6, 0xee, 0xe7, 0xff, 0xe8, 0xf0, 0xe9, 0xff, 0xe7, 0xef, 0xe8, 0xff, 0xe7, 0xef, 0xe8, 0xff, 0xe6, 0xee, 0xe7, 0xff, 0xe7, 0xef, 0xe8, 0xff, 0xe7, 0xef, 0xe8, 0xff, 0xe6, 0xee, 0xe7, 0xff, 0xe5, 0xed, 0xe6, 0xff, 0xe6, 0xee, 0xe7, 0xff, 0xe6, 0xee, 0xe7, 0xff, 0xe7, 0xef, 0xe8, 0xff, 0xe7, 0xef, 0xe8, 0xff, 0xe7, 0xef, 0xe8, 0xff, 0xe7, 0xef, 0xe8, 0xff, 0xe8, 0xf0, 0xe9, 0xff, 0xe8, 0xf0, 0xe9, 0xff, 0xe7, 0xef, 0xe8, 0xff, 0xe7, 0xef, 0xe8, 0xff, 0xe7, 0xef, 0xe8, 0xff, 0xe7, 0xef, 0xe8, 0xff, 0xe7, 0xef, 0xe8, 0xff, 0xe7, 0xef, 0xe8, 0xff, 0xe7, 0xef, 0xe8, 0xff, 0xe7, 0xef, 0xe8, 0xff, 0xe6, 0xee, 0xe7, 0xff, 0xe6, 0xee, 0xe7, 0xff, 0xe6, 0xee, 0xe7, 0xff, 0xe6, 0xee, 0xe7, 0xff, 0xe7, 0xef, 0xe7, 0xff, 0xe7, 0xef, 0xe7, 0xff, 0xe6, 0xee, 0xe6, 0xff, 0xe6, 0xee, 0xe6, 0xff, 0xe7, 0xf0, 0xe6, 0xff, 0xe7, 0xf0, 0xe6, 0xff, 0xe7, 0xf0, 0xe6, 0xff, 0xe7, 0xf0, 0xe6, 0xff, 0xe7, 0xf0, 0xe6, 0xff, 0xe8, 0xf1, 0xe7, 0xff, 0xe8, 0xf1, 0xe7, 0xff, 0xe8, 0xf1, 0xe7, 0xff, 0xe7, 0xf0, 0xe6, 0xff, 0xe7, 0xf0, 0xe6, 0xff, 0xe7, 0xf0, 0xe6, 0xff, 0xe7, 0xf0, 0xe6, 0xff, 0xe7, 0xf0, 0xe6, 0xff, 0xe7, 0xf0, 0xe6, 0xff, 0xe7, 0xf0, 0xe6, 0xff, 0xe3, 0xf2, 0xe4, 0xff, 0xdf, 0xf9, 0xe2, 0xff, 0xd4, 0xf7, 0xd6, 0xff, 0xcb, 0xf6, 0xca, 0xff, 0xc8, 0xfa, 0xc4, 0xff, 0xc6, 0xff, 0xc1, 0xff, 0xc3, 0xff, 0xc0, 0xff, 0xc1, 0xfe, 0xc1, 0xff, 0xc0, 0xfe, 0xc3, 0xff, 0xc0, 0xfd, 0xc4, 0xff, 0xc0, 0xfd, 0xc5, 0xff, 
  0xd0, 0xf4, 0xc9, 0xff, 0xdb, 0xfb, 0xd5, 0xff, 0xdf, 0xf9, 0xde, 0xff, 0xdf, 0xf2, 0xe2, 0xff, 0xe2, 0xee, 0xe9, 0xff, 0xe6, 0xec, 0xee, 0xff, 0xe9, 0xeb, 0xef, 0xff, 0xed, 0xed, 0xef, 0xff, 0xed, 0xee, 0xea, 0xff, 0xed, 0xf0, 0xe7, 0xff, 0xec, 0xf1, 0xe4, 0xff, 0xe9, 0xf1, 0xe3, 0xff, 0xe7, 0xf1, 0xe4, 0xff, 0xe5, 0xf0, 0xe6, 0xff, 0xe3, 0xef, 0xe9, 0xff, 0xe3, 0xef, 0xea, 0xff, 0xe5, 0xef, 0xe8, 0xff, 0xe7, 0xef, 0xe8, 0xff, 0xe7, 0xef, 0xe8, 0xff, 0xe7, 0xef, 0xe8, 0xff, 0xe7, 0xef, 0xe8, 0xff, 0xe7, 0xef, 0xe8, 0xff, 0xe7, 0xef, 0xe8, 0xff, 0xe7, 0xef, 0xe8, 0xff, 0xe7, 0xef, 0xe8, 0xff, 0xe7, 0xef, 0xe8, 0xff, 0xe7, 0xef, 0xe8, 0xff, 0xe7, 0xef, 0xe8, 0xff, 0xe7, 0xef, 0xe8, 0xff, 0xe7, 0xef, 0xe8, 0xff, 0xe7, 0xef, 0xe8, 0xff, 0xe7, 0xef, 0xe8, 0xff, 0xe7, 0xef, 0xe8, 0xff, 0xe7, 0xef, 0xe8, 0xff, 0xe7, 0xef, 0xe8, 0xff, 0xe7, 0xef, 0xe8, 0xff, 0xe7, 0xef, 0xe8, 0xff, 0xe7, 0xef, 0xe8, 0xff, 0xe7, 0xef, 0xe8, 0xff, 0xe7, 0xef, 0xe8, 0xff, 0xe7, 0xef, 0xe8, 0xff, 0xe7, 0xef, 0xe8, 0xff, 0xe7, 0xef, 0xe8, 0xff, 0xe7, 0xef, 0xe8, 0xff, 0xe8, 0xf0, 0xe9, 0xff, 0xe8, 0xf0, 0xe9, 0xff, 0xe8, 0xf0, 0xe9, 0xff, 0xe8, 0xf0, 0xe9, 0xff, 0xe8, 0xf0, 0xe9, 0xff, 0xe8, 0xf0, 0xea, 0xff, 0xe8, 0xf0, 0xea, 0xff, 0xe8, 0xf0, 0xe9, 0xff, 0xe8, 0xf0, 0xe9, 0xff, 0xe8, 0xf0, 0xe9, 0xff, 0xe8, 0xf0, 0xe9, 0xff, 0xe8, 0xf0, 0xe9, 0xff, 0xe7, 0xef, 0xe8, 0xff, 0xe7, 0xef, 0xe8, 0xff, 0xe7, 0xef, 0xe8, 0xff, 0xe7, 0xef, 0xe7, 0xff, 0xe7, 0xf0, 0xe7, 0xff, 0xe7, 0xf0, 0xe7, 0xff, 0xe7, 0xf0, 0xe7, 0xff, 0xe7, 0xf0, 0xe6, 0xff, 0xe7, 0xf0, 0xe6, 0xff, 0xe7, 0xf0, 0xe5, 0xff, 0xe7, 0xf0, 0xe5, 0xff, 0xe7, 0xf0, 0xe5, 0xff, 0xe7, 0xf0, 0xe5, 0xff, 0xe7, 0xf0, 0xe6, 0xff, 0xe7, 0xf0, 0xe6, 0xff, 0xe7, 0xf0, 0xe6, 0xff, 0xe7, 0xf0, 0xe6, 0xff, 0xe7, 0xf0, 0xe6, 0xff, 0xe7, 0xf0, 0xe6, 0xff, 0xe7, 0xf0, 0xe6, 0xff, 0xe7, 0xf0, 0xe6, 0xff, 0xe7, 0xf0, 0xe6, 0xff, 0xe7, 0xf0, 0xe6, 0xff, 0xe3, 0xf2, 0xe4, 0xff, 0xe0, 0xf9, 0xe4, 0xff, 0xd5, 0xf7, 0xd8, 0xff, 0xcc, 0xf7, 0xcb, 0xff, 0xc8, 0xfa, 0xc4, 0xff, 0xc5, 0xfe, 0xc1, 0xff, 0xc2, 0xff, 0xbf, 0xff, 0xc1, 0xfe, 0xc1, 0xff, 0xc1, 0xff, 0xc4, 0xff, 0xc0, 0xfd, 0xc4, 0xff, 0xc0, 0xfd, 0xc5, 0xff, 
  0xd5, 0xf3, 0xd0, 0xff, 0xde, 0xf9, 0xda, 0xff, 0xe1, 0xf7, 0xe1, 0xff, 0xe0, 0xf1, 0xe4, 0xff, 0xe4, 0xee, 0xeb, 0xff, 0xe7, 0xed, 0xf0, 0xff, 0xe8, 0xeb, 0xef, 0xff, 0xeb, 0xec, 0xef, 0xff, 0xec, 0xee, 0xeb, 0xff, 0xec, 0xf0, 0xe8, 0xff, 0xea, 0xf0, 0xe4, 0xff, 0xe8, 0xf1, 0xe3, 0xff, 0xe6, 0xf1, 0xe5, 0xff, 0xe4, 0xf0, 0xe6, 0xff, 0xe2, 0xef, 0xe9, 0xff, 0xe3, 0xef, 0xea, 0xff, 0xe6, 0xf0, 0xe9, 0xff, 0xe8, 0xf0, 0xe9, 0xff, 0xe8, 0xf0, 0xe9, 0xff, 0xe8, 0xf0, 0xe9, 0xff, 0xe8, 0xf0, 0xe9, 0xff, 0xe8, 0xf0, 0xe9, 0xff, 0xe8, 0xf0, 0xe9, 0xff, 0xe8, 0xf0, 0xe9, 0xff, 0xe7, 0xef, 0xe8, 0xff, 0xe7, 0xef, 0xe8, 0xff, 0xe7, 0xef, 0xe8, 0xff, 0xe7, 0xef, 0xe8, 0xff, 0xe7, 0xef, 0xe8, 0xff, 0xe7, 0xef, 0xe8, 0xff, 0xe7, 0xef, 0xe8, 0xff, 0xe7, 0xef, 0xe8, 0xff, 0xe7, 0xef, 0xe8, 0xff, 0xe7, 0xef, 0xe8, 0xff, 0xe7, 0xef, 0xe8, 0xff, 0xe7, 0xef, 0xe8, 0xff, 0xe7, 0xef, 0xe8, 0xff, 0xe7, 0xef, 0xe8, 0xff, 0xe7, 0xef, 0xe8, 0xff, 0xe7, 0xef, 0xe8, 0xff, 0xe7, 0xef, 0xe8, 0xff, 0xe7, 0xef, 0xe8, 0xff, 0xe7, 0xef, 0xe8, 0xff, 0xe7, 0xef, 0xe8, 0xff, 0xe7, 0xef, 0xe8, 0xff, 0xe8, 0xf0, 0xe9, 0xff, 0xe8, 0xf0, 0xe9, 0xff, 0xe8, 0xf0, 0xe9, 0xff, 0xe8, 0xf0, 0xe9, 0xff, 0xe8, 0xf0, 0xea, 0xff, 0xe8, 0xf0, 0xea, 0xff, 0xe8, 0xf0, 0xe9, 0xff, 0xe8, 0xf0, 0xe9, 0xff, 0xe8, 0xf0, 0xe9, 0xff, 0xe8, 0xf0, 0xe9, 0xff, 0xe8, 0xf0, 0xe9, 0xff, 0xe7, 0xef, 0xe8, 0xff, 0xe7, 0xef, 0xe8, 0xff, 0xe7, 0xef, 0xe8, 0xff, 0xe7, 0xef, 0xe7, 0xff, 0xe7, 0xf0, 0xe7, 0xff, 0xe7, 0xf0, 0xe7, 0xff, 0xe7, 0xf0, 0xe7, 0xff, 0xe7, 0xf0, 0xe6, 0xff, 0xe8, 0xf1, 0xe7, 0xff, 0xe8, 0xf1, 0xe6, 0xff, 0xe8, 0xf1, 0xe6, 0xff, 0xe8, 0xf1, 0xe6, 0xff, 0xe8, 0xf1, 0xe6, 0xff, 0xe8, 0xf1, 0xe7, 0xff, 0xe8, 0xf1, 0xe7, 0xff, 0xe8, 0xf1, 0xe7, 0xff, 0xe7, 0xf0, 0xe6, 0xff, 0xe7, 0xf0, 0xe6, 0xff, 0xe7, 0xf0, 0xe6, 0xff, 0xe7, 0xf0, 0xe6, 0xff, 0xe7, 0xf0, 0xe7, 0xff, 0xe7, 0xf0, 0xe7, 0xff, 0xe7, 0xf0, 0xe7, 0xff, 0xe3, 0xf1, 0xe4, 0xff, 0xdf, 0xf8, 0xe3, 0xff, 0xd4, 0xf7, 0xd8, 0xff, 0xcc, 0xf7, 0xcb, 0xff, 0xc7, 0xfa, 0xc4, 0xff, 0xc5, 0xfe, 0xc1, 0xff, 0xc2, 0xff, 0xbf, 0xff, 0xc0, 0xff, 0xc1, 0xff, 0xbf, 0xfe, 0xc2, 0xff, 0xc0, 0xfd, 0xc4, 0xff, 0xc0, 0xfd, 0xc4, 0xff, 
  0xda, 0xf3, 0xd7, 0xff, 0xe1, 0xf8, 0xe0, 0xff, 0xe2, 0xf4, 0xe3, 0xff, 0xe2, 0xf0, 0xe5, 0xff, 0xe5, 0xef, 0xec, 0xff, 0xe8, 0xee, 0xf0, 0xff, 0xe8, 0xec, 0xee, 0xff, 0xe9, 0xec, 0xed, 0xff, 0xea, 0xee, 0xeb, 0xff, 0xe9, 0xef, 0xe8, 0xff, 0xe8, 0xf0, 0xe5, 0xff, 0xe6, 0xf1, 0xe5, 0xff, 0xe4, 0xf1, 0xe6, 0xff, 0xe3, 0xf0, 0xe7, 0xff, 0xe2, 0xf0, 0xe9, 0xff, 0xe3, 0xef, 0xe9, 0xff, 0xe6, 0xf0, 0xe9, 0xff, 0xe8, 0xf0, 0xe9, 0xff, 0xe8, 0xf0, 0xe9, 0xff, 0xe8, 0xf0, 0xe9, 0xff, 0xe8, 0xf0, 0xe9, 0xff, 0xe8, 0xf0, 0xe9, 0xff, 0xe8, 0xf0, 0xe9, 0xff, 0xe8, 0xf0, 0xe9, 0xff, 0xe7, 0xef, 0xe8, 0xff, 0xe7, 0xef, 0xe8, 0xff, 0xe7, 0xef, 0xe8, 0xff, 0xe7, 0xef, 0xe8, 0xff, 0xe7, 0xef, 0xe8, 0xff, 0xe7, 0xef, 0xe8, 0xff, 0xe7, 0xef, 0xe8, 0xff, 0xe7, 0xef, 0xe8, 0xff, 0xe7, 0xef, 0xe8, 0xff, 0xe7, 0xef, 0xe8, 0xff, 0xe7, 0xef, 0xe8, 0xff, 0xe7, 0xef, 0xe8, 0xff, 0xe7, 0xef, 0xe8, 0xff, 0xe7, 0xef, 0xe8, 0xff, 0xe7, 0xef, 0xe8, 0xff, 0xe7, 0xef, 0xe8, 0xff, 0xe7, 0xef, 0xe8, 0xff, 0xe7, 0xef, 0xe8, 0xff, 0xe7, 0xef, 0xe8, 0xff, 0xe7, 0xef, 0xe8, 0xff, 0xe7, 0xef, 0xe8, 0xff, 0xe8, 0xf0, 0xe9, 0xff, 0xe8, 0xf0, 0xe9, 0xff, 0xe8, 0xf0, 0xe9, 0xff, 0xe8, 0xf0, 0xe9, 0xff, 0xe8, 0xf0, 0xe9, 0xff, 0xe8, 0xf0, 0xe9, 0xff, 0xe8, 0xf0, 0xe9, 0xff, 0xe8, 0xf0, 0xe9, 0xff, 0xe8, 0xf0, 0xe9, 0xff, 0xe8, 0xf0, 0xe9, 0xff, 0xe8, 0xf0, 0xe9, 0xff, 0xe7, 0xef, 0xe8, 0xff, 0xe7, 0xef, 0xe8, 0xff, 0xe7, 0xef, 0xe8, 0xff, 0xe7, 0xef, 0xe8, 0xff, 0xe7, 0xef, 0xe7, 0xff, 0xe7, 0xef, 0xe7, 0xff, 0xe7, 0xef, 0xe7, 0xff, 0xe7, 0xef, 0xe7, 0xff, 0xe8, 0xf1, 0xe7, 0xff, 0xe8, 0xf1, 0xe7, 0xff, 0xe8, 0xf1, 0xe7, 0xff, 0xe8, 0xf1, 0xe7, 0xff, 0xe8, 0xf1, 0xe7, 0xff, 0xe8, 0xf1, 0xe7, 0xff, 0xe8, 0xf1, 0xe7, 0xff, 0xe8, 0xf1, 0xe7, 0xff, 0xe7, 0xf0, 0xe6, 0xff, 0xe7, 0xf0, 0xe6, 0xff, 0xe7, 0xf0, 0xe6, 0xff, 0xe7, 0xf0, 0xe7, 0xff, 0xe7, 0xef, 0xe7, 0xff, 0xe7, 0xef, 0xe7, 0xff, 0xe7, 0xef, 0xe7, 0xff, 0xe3, 0xf1, 0xe5, 0xff, 0xde, 0xf8, 0xe3, 0xff, 0xd2, 0xf6, 0xd7, 0xff, 0xcb, 0xf7, 0xcb, 0xff, 0xc6, 0xfa, 0xc4, 0xff, 0xc4, 0xfe, 0xc0, 0xff, 0xc1, 0xff, 0xbf, 0xff, 0xbf, 0xff, 0xc0, 0xff, 0xbf, 0xfe, 0xc1, 0xff, 0xbf, 0xfe, 0xc3, 0xff, 0xc0, 0xfd, 0xc4, 0xff, 
  0xe0, 0xf3, 0xdf, 0xff, 0xe4, 0xf5, 0xe3, 0xff, 0xe4, 0xf3, 0xe5, 0xff, 0xe3, 0xef, 0xe6, 0xff, 0xe7, 0xf0, 0xec, 0xff, 0xe8, 0xef, 0xee, 0xff, 0xe7, 0xed, 0xec, 0xff, 0xe8, 0xed, 0xeb, 0xff, 0xe8, 0xee, 0xea, 0xff, 0xe8, 0xef, 0xe8, 0xff, 0xe7, 0xf0, 0xe7, 0xff, 0xe6, 0xf0, 0xe6, 0xff, 0xe5, 0xf0, 0xe6, 0xff, 0xe4, 0xf0, 0xe7, 0xff, 0xe3, 0xf0, 0xe8, 0xff, 0xe4, 0xef, 0xe8, 0xff, 0xe7, 0xf0, 0xe9, 0xff, 0xe8, 0xf0, 0xe9, 0xff, 0xe8, 0xf0, 0xe9, 0xff, 0xe8, 0xf0, 0xe9, 0xff, 0xe8, 0xf0, 0xe9, 0xff, 0xe8, 0xf0, 0xe9, 0xff, 0xe8, 0xf0, 0xe9, 0xff, 0xe8, 0xf0, 0xe9, 0xff, 0xe7, 0xef, 0xe8, 0xff, 0xe7, 0xef, 0xe8, 0xff, 0xe7, 0xef, 0xe8, 0xff, 0xe7, 0xef, 0xe8, 0xff, 0xe7, 0xef, 0xe8, 0xff, 0xe7, 0xef, 0xe8, 0xff, 0xe7, 0xef, 0xe8, 0xff, 0xe7, 0xef, 0xe8, 0xff, 0xe7, 0xef, 0xe8, 0xff, 0xe7, 0xef, 0xe8, 0xff, 0xe7, 0xef, 0xe8, 0xff, 0xe7, 0xef, 0xe8, 0xff, 0xe7, 0xef, 0xe8, 0xff, 0xe7, 0xef, 0xe8, 0xff, 0xe7, 0xef, 0xe8, 0xff, 0xe7, 0xef, 0xe8, 0xff, 0xe7, 0xef, 0xe8, 0xff, 0xe7, 0xef, 0xe8, 0xff, 0xe7, 0xef, 0xe8, 0xff, 0xe7, 0xef, 0xe8, 0xff, 0xe7, 0xef, 0xe8, 0xff, 0xe7, 0xef, 0xe8, 0xff, 0xe7, 0xef, 0xe8, 0xff, 0xe7, 0xef, 0xe8, 0xff, 0xe7, 0xef, 0xe8, 0xff, 0xe7, 0xef, 0xe8, 0xff, 0xe7, 0xef, 0xe8, 0xff, 0xe7, 0xef, 0xe8, 0xff, 0xe7, 0xef, 0xe8, 0xff, 0xe7, 0xef, 0xe8, 0xff, 0xe7, 0xef, 0xe8, 0xff, 0xe7, 0xef, 0xe8, 0xff, 0xe7, 0xef, 0xe8, 0xff, 0xe7, 0xef, 0xe8, 0xff, 0xe7, 0xef, 0xe8, 0xff, 0xe7, 0xef, 0xe8, 0xff, 0xe7, 0xef, 0xe8, 0xff, 0xe7, 0xef, 0xe8, 0xff, 0xe7, 0xef, 0xe8, 0xff, 0xe7, 0xef, 0xe7, 0xff, 0xe8, 0xf1, 0xe8, 0xff, 0xe8, 0xf1, 0xe8, 0xff, 0xe8, 0xf1, 0xe8, 0xff, 0xe8, 0xf1, 0xe8, 0xff, 0xe8, 0xf1, 0xe8, 0xff, 0xe8, 0xf1, 0xe8, 0xff, 0xe8, 0xf1, 0xe8, 0xff, 0xe8, 0xf1, 0xe8, 0xff, 0xe7, 0xf0, 0xe7, 0xff, 0xe7, 0xf0, 0xe7, 0xff, 0xe7, 0xf0, 0xe7, 0xff, 0xe7, 0xf0, 0xe7, 0xff, 0xe7, 0xef, 0xe7, 0xff, 0xe7, 0xef, 0xe8, 0xff, 0xe7, 0xef, 0xe8, 0xff, 0xe2, 0xf1, 0xe5, 0xff, 0xdc, 0xf7, 0xe2, 0xff, 0xd1, 0xf7, 0xd7, 0xff, 0xc9, 0xf6, 0xca, 0xff, 0xc5, 0xfa, 0xc4, 0xff, 0xc3, 0xff, 0xc0, 0xff, 0xc0, 0xff, 0xbe, 0xff, 0xbe, 0xff, 0xbf, 0xff, 0xbe, 0xff, 0xc1, 0xff, 0xbf, 0xfe, 0xc2, 0xff, 0xbf, 0xfd, 0xc3, 0xff, 
  0xe5, 0xf1, 0xe4, 0xff, 0xe7, 0xf3, 0xe7, 0xff, 0xe5, 0xf0, 0xe6, 0xff, 0xe5, 0xef, 0xe6, 0xff, 0xe8, 0xf1, 0xea, 0xff, 0xe8, 0xf0, 0xeb, 0xff, 0xe7, 0xee, 0xe9, 0xff, 0xe7, 0xee, 0xe9, 0xff, 0xe7, 0xee, 0xe9, 0xff, 0xe7, 0xee, 0xe9, 0xff, 0xe7, 0xef, 0xe8, 0xff, 0xe6, 0xef, 0xe8, 0xff, 0xe6, 0xef, 0xe8, 0xff, 0xe6, 0xf0, 0xe7, 0xff, 0xe5, 0xf0, 0xe7, 0xff, 0xe6, 0xf0, 0xe7, 0xff, 0xe6, 0xef, 0xe8, 0xff, 0xe7, 0xef, 0xe8, 0xff, 0xe7, 0xef, 0xe8, 0xff, 0xe7, 0xef, 0xe8, 0xff, 0xe7, 0xef, 0xe8, 0xff, 0xe7, 0xef, 0xe8, 0xff, 0xe7, 0xef, 0xe8, 0xff, 0xe7, 0xef, 0xe8, 0xff, 0xe7, 0xef, 0xe8, 0xff, 0xe7, 0xef, 0xe8, 0xff, 0xe7, 0xef, 0xe8, 0xff, 0xe7, 0xef, 0xe8, 0xff, 0xe7, 0xef, 0xe8, 0xff, 0xe7, 0xef, 0xe8, 0xff, 0xe7, 0xef, 0xe8, 0xff, 0xe7, 0xef, 0xe8, 0xff, 0xe7, 0xef, 0xe8, 0xff, 0xe7, 0xef, 0xe8, 0xff, 0xe7, 0xef, 0xe8, 0xff, 0xe7, 0xef, 0xe8, 0xff, 0xe7, 0xef, 0xe8, 0xff, 0xe7, 0xef, 0xe8, 0xff, 0xe7, 0xef, 0xe8, 0xff, 0xe7, 0xef, 0xe8, 0xff, 0xe7, 0xef, 0xe8, 0xff, 0xe7, 0xef, 0xe8, 0xff, 0xe7, 0xef, 0xe8, 0xff, 0xe7, 0xef, 0xe8, 0xff, 0xe7, 0xef, 0xe8, 0xff, 0xe7, 0xef, 0xe8, 0xff, 0xe7, 0xef, 0xe8, 0xff, 0xe7, 0xef, 0xe8, 0xff, 0xe7, 0xef, 0xe8, 0xff, 0xe7, 0xef, 0xe8, 0xff, 0xe7, 0xef, 0xe8, 0xff, 0xe7, 0xef, 0xe8, 0xff, 0xe7, 0xef, 0xe8, 0xff, 0xe7, 0xef, 0xe8, 0xff, 0xe7, 0xef, 0xe8, 0xff, 0xe7, 0xef, 0xe8, 0xff, 0xe7, 0xef, 0xe8, 0xff, 0xe7, 0xef, 0xe8, 0xff, 0xe7, 0xef, 0xe8, 0xff, 0xe7, 0xef, 0xe8, 0xff, 0xe7, 0xef, 0xe8, 0xff, 0xe7, 0xef, 0xe8, 0xff, 0xe7, 0xef, 0xe8, 0xff, 0xe7, 0xef, 0xe8, 0xff, 0xe7, 0xef, 0xe7, 0xff, 0xe7, 0xef, 0xe7, 0xff, 0xe7, 0xef, 0xe7, 0xff, 0xe7, 0xef, 0xe7, 0xff, 0xe7, 0xef, 0xe7, 0xff, 0xe7, 0xef, 0xe7, 0xff, 0xe7, 0xef, 0xe7, 0xff, 0xe7, 0xef, 0xe7, 0xff, 0xe7, 0xef, 0xe7, 0xff, 0xe7, 0xef, 0xe7, 0xff, 0xe7, 0xef, 0xe7, 0xff, 0xe7, 0xef, 0xe7, 0xff, 0xe7, 0xef, 0xe8, 0xff, 0xe7, 0xef, 0xe8, 0xff, 0xe7, 0xef, 0xe8, 0xff, 0xe2, 0xf1, 0xe5, 0xff, 0xda, 0xf7, 0xe1, 0xff, 0xcf, 0xf7, 0xd5, 0xff, 0xc8, 0xf7, 0xc9, 0xff, 0xc4, 0xfb, 0xc3, 0xff, 0xc2, 0xff, 0xbf, 0xff, 0xc0, 0xff, 0xbe, 0xff, 0xbe, 0xff, 0xbf, 0xff, 0xbd, 0xff, 0xc0, 0xff, 0xbe, 0xfe, 0xc2, 0xff, 0xbe, 0xfe, 0xc3, 0xff, 
  0xe8, 0xef, 0xe8, 0xff, 0xea, 0xf1, 0xe9, 0xff, 0xe8, 0xef, 0xe7, 0xff, 0xe6, 0xef, 0xe6, 0xff, 0xe9, 0xf2, 0xe8, 0xff, 0xe8, 0xf1, 0xe7, 0xff, 0xe5, 0xef, 0xe6, 0xff, 0xe7, 0xf0, 0xe8, 0xff, 0xe6, 0xef, 0xe8, 0xff, 0xe6, 0xef, 0xe9, 0xff, 0xe6, 0xee, 0xe9, 0xff, 0xe7, 0xee, 0xe9, 0xff, 0xe7, 0xef, 0xe8, 0xff, 0xe8, 0xef, 0xe8, 0xff, 0xe8, 0xf0, 0xe6, 0xff, 0xe7, 0xef, 0xe5, 0xff, 0xe7, 0xef, 0xe7, 0xff, 0xe7, 0xef, 0xe8, 0xff, 0xe7, 0xef, 0xe8, 0xff, 0xe7, 0xef, 0xe8, 0xff, 0xe7, 0xef, 0xe8, 0xff, 0xe7, 0xef, 0xe8, 0xff, 0xe7, 0xef, 0xe8, 0xff, 0xe7, 0xef, 0xe8, 0xff, 0xe7, 0xef, 0xe8, 0xff, 0xe7, 0xef, 0xe8, 0xff, 0xe7, 0xef, 0xe8, 0xff, 0xe7, 0xef, 0xe8, 0xff, 0xe7, 0xef, 0xe8, 0xff, 0xe7, 0xef, 0xe8, 0xff, 0xe7, 0xef, 0xe8, 0xff, 0xe7, 0xef, 0xe8, 0xff, 0xe7, 0xef, 0xe8, 0xff, 0xe7, 0xef, 0xe8, 0xff, 0xe7, 0xef, 0xe8, 0xff, 0xe7, 0xef, 0xe8, 0xff, 0xe7, 0xef, 0xe8, 0xff, 0xe7, 0xef, 0xe8, 0xff, 0xe7, 0xef, 0xe8, 0xff, 0xe7, 0xef, 0xe8, 0xff, 0xe7, 0xef, 0xe8, 0xff, 0xe7, 0xef, 0xe8, 0xff, 0xe7, 0xef, 0xe8, 0xff, 0xe7, 0xef, 0xe8, 0xff, 0xe7, 0xef, 0xe8, 0xff, 0xe7, 0xef, 0xe8, 0xff, 0xe7, 0xef, 0xe8, 0xff, 0xe7, 0xef, 0xe8, 0xff, 0xe7, 0xef, 0xe7, 0xff, 0xe7, 0xef, 0xe7, 0xff, 0xe7, 0xef, 0xe7, 0xff, 0xe7, 0xef, 0xe7, 0xff, 0xe7, 0xef, 0xe8, 0xff, 0xe7, 0xef, 0xe8, 0xff, 0xe7, 0xef, 0xe8, 0xff, 0xe7, 0xef, 0xe8, 0xff, 0xe7, 0xef, 0xe8, 0xff, 0xe7, 0xef, 0xe8, 0xff, 0xe7, 0xef, 0xe8, 0xff, 0xe7, 0xef, 0xe8, 0xff, 0xe7, 0xef, 0xe8, 0xff, 0xe7, 0xef, 0xe8, 0xff, 0xe7, 0xef, 0xe8, 0xff, 0xe7, 0xef, 0xe8, 0xff, 0xe7, 0xef, 0xe8, 0xff, 0xe7, 0xef, 0xe8, 0xff, 0xe7, 0xef, 0xe8, 0xff, 0xe7, 0xef, 0xe8, 0xff, 0xe7, 0xef, 0xe8, 0xff, 0xe7, 0xef, 0xe8, 0xff, 0xe7, 0xef, 0xe8, 0xff, 0xe7, 0xef, 0xe8, 0xff, 0xe7, 0xef, 0xe8, 0xff, 0xe7, 0xef, 0xe8, 0xff, 0xe7, 0xef, 0xe8, 0xff, 0xe7, 0xef, 0xe8, 0xff, 0xe7, 0xef, 0xe8, 0xff, 0xe7, 0xef, 0xe8, 0xff, 0xe7, 0xef, 0xe8, 0xff, 0xe2, 0xf2, 0xe5, 0xff, 0xd8, 0xf6, 0xdf, 0xff, 0xcc, 0xf6, 0xd4, 0xff, 0xc7, 0xf8, 0xc9, 0xff, 0xc4, 0xfb, 0xc2, 0xff, 0xc1, 0xff, 0xbe, 0xff, 0xbf, 0xff, 0xbe, 0xff, 0xbd, 0xff, 0xbe, 0xff, 0xbd, 0xff, 0xc0, 0xff, 0xbe, 0xfe, 0xc2, 0xff, 0xbe, 0xfe, 0xc3, 0xff, 
  0xeb, 0xec, 0xea, 0xff, 0xec, 0xee, 0xeb, 0xff, 0xea, 0xee, 0xe8, 0xff, 0xe8, 0xee, 0xe5, 0xff, 0xe9, 0xf1, 0xe5, 0xff, 0xe7, 0xf1, 0xe4, 0xff, 0xe5, 0xf0, 0xe3, 0xff, 0xe7, 0xf3, 0xe7, 0xff, 0xe5, 0xf0, 0xe7, 0xff, 0xe6, 0xef, 0xe9, 0xff, 0xe6, 0xee, 0xea, 0xff, 0xe7, 0xee, 0xea, 0xff, 0xe9, 0xee, 0xe9, 0xff, 0xea, 0xee, 0xe8, 0xff, 0xe9, 0xee, 0xe5, 0xff, 0xe9, 0xee, 0xe5, 0xff, 0xe8, 0xef, 0xe7, 0xff, 0xe7, 0xef, 0xe8, 0xff, 0xe7, 0xef, 0xe8, 0xff, 0xe7, 0xef, 0xe8, 0xff, 0xe7, 0xef, 0xe8, 0xff, 0xe7, 0xef, 0xe8, 0xff, 0xe7, 0xef, 0xe8, 0xff, 0xe7, 0xef, 0xe8, 0xff, 0xe7, 0xef, 0xe8, 0xff, 0xe7, 0xef, 0xe8, 0xff, 0xe7, 0xef, 0xe8, 0xff, 0xe7, 0xef, 0xe8, 0xff, 0xe7, 0xef, 0xe8, 0xff, 0xe7, 0xef, 0xe8, 0xff, 0xe7, 0xef, 0xe8, 0xff, 0xe7, 0xef, 0xe8, 0xff, 0xe7, 0xef, 0xe8, 0xff, 0xe7, 0xef, 0xe8, 0xff, 0xe7, 0xef, 0xe8, 0xff, 0xe7, 0xef, 0xe8, 0xff, 0xe7, 0xef, 0xe8, 0xff, 0xe7, 0xef, 0xe8, 0xff, 0xe7, 0xef, 0xe8, 0xff, 0xe7, 0xef, 0xe8, 0xff, 0xe7, 0xef, 0xe8, 0xff, 0xe7, 0xef, 0xe8, 0xff, 0xe7, 0xef, 0xe8, 0xff, 0xe7, 0xef, 0xe8, 0xff, 0xe7, 0xef, 0xe8, 0xff, 0xe7, 0xef, 0xe8, 0xff, 0xe7, 0xef, 0xe8, 0xff, 0xe7, 0xef, 0xe7, 0xff, 0xe7, 0xf0, 0xe7, 0xff, 0xe7, 0xf0, 0xe7, 0xff, 0xe7, 0xf0, 0xe7, 0xff, 0xe7, 0xf0, 0xe7, 0xff, 0xe7, 0xef, 0xe7, 0xff, 0xe7, 0xef, 0xe8, 0xff, 0xe7, 0xef, 0xe8, 0xff, 0xe7, 0xef, 0xe8, 0xff, 0xe7, 0xef, 0xe8, 0xff, 0xe7, 0xef, 0xe8, 0xff, 0xe7, 0xef, 0xe8, 0xff, 0xe7, 0xef, 0xe8, 0xff, 0xe7, 0xef, 0xe8, 0xff, 0xe7, 0xef, 0xe9, 0xff, 0xe7, 0xef, 0xe9, 0xff, 0xe7, 0xef, 0xe9, 0xff, 0xe7, 0xef, 0xe9, 0xff, 0xe7, 0xef, 0xe9, 0xff, 0xe7, 0xef, 0xe9, 0xff, 0xe7, 0xef, 0xe9, 0xff, 0xe7, 0xef, 0xe9, 0xff, 0xe7, 0xef, 0xe9, 0xff, 0xe7, 0xef, 0xe9, 0xff, 0xe7, 0xef, 0xe8, 0xff, 0xe7, 0xef, 0xe8, 0xff, 0xe7, 0xef, 0xe8, 0xff, 0xe7, 0xef, 0xe8, 0xff, 0xe7, 0xef, 0xe8, 0xff, 0xe7, 0xef, 0xe8, 0xff, 0xe7, 0xef, 0xe8, 0xff, 0xe7, 0xef, 0xe8, 0xff, 0xe1, 0xf2, 0xe5, 0xff, 0xd6, 0xf5, 0xde, 0xff, 0xcb, 0xf6, 0xd3, 0xff, 0xc5, 0xf7, 0xc7, 0xff, 0xc3, 0xfc, 0xc2, 0xff, 0xc1, 0xff, 0xbf, 0xff, 0xbf, 0xff, 0xbd, 0xff, 0xbd, 0xff, 0xbe, 0xff, 0xbd, 0xff, 0xc0, 0xff, 0xbe, 0xff, 0xc1, 0xff, 0xbe, 0xfe, 0xc2, 0xff, 
  0xea, 0xed, 0xe7, 0xff, 0xeb, 0xef, 0xe9, 0xff, 0xea, 0xef, 0xe8, 0xff, 0xe8, 0xee, 0xe6, 0xff, 0xea, 0xf1, 0xe7, 0xff, 0xe7, 0xef, 0xe4, 0xff, 0xe6, 0xef, 0xe5, 0xff, 0xe8, 0xf2, 0xe8, 0xff, 0xe5, 0xf0, 0xe7, 0xff, 0xe5, 0xf0, 0xe8, 0xff, 0xe5, 0xef, 0xe8, 0xff, 0xe6, 0xef, 0xe8, 0xff, 0xe8, 0xef, 0xe8, 0xff, 0xe8, 0xee, 0xe7, 0xff, 0xea, 0xee, 0xe5, 0xff, 0xe9, 0xee, 0xe5, 0xff, 0xe8, 0xef, 0xe7, 0xff, 0xe7, 0xef, 0xe7, 0xff, 0xe7, 0xef, 0xe7, 0xff, 0xe7, 0xef, 0xe7, 0xff, 0xe7, 0xef, 0xe7, 0xff, 0xe7, 0xef, 0xe7, 0xff, 0xe7, 0xef, 0xe7, 0xff, 0xe7, 0xef, 0xe7, 0xff, 0xe7, 0xef, 0xe7, 0xff, 0xe7, 0xef, 0xe7, 0xff, 0xe7, 0xef, 0xe7, 0xff, 0xe7, 0xef, 0xe7, 0xff, 0xe7, 0xef, 0xe7, 0xff, 0xe7, 0xef, 0xe7, 0xff, 0xe7, 0xef, 0xe7, 0xff, 0xe7, 0xef, 0xe7, 0xff, 0xe7, 0xef, 0xe7, 0xff, 0xe7, 0xef, 0xe7, 0xff, 0xe7, 0xef, 0xe7, 0xff, 0xe7, 0xef, 0xe7, 0xff, 0xe7, 0xef, 0xe7, 0xff, 0xe7, 0xef, 0xe7, 0xff, 0xe7, 0xef, 0xe7, 0xff, 0xe7, 0xef, 0xe7, 0xff, 0xe7, 0xef, 0xe7, 0xff, 0xe7, 0xef, 0xe7, 0xff, 0xe7, 0xef, 0xe7, 0xff, 0xe7, 0xef, 0xe7, 0xff, 0xe7, 0xef, 0xe7, 0xff, 0xe7, 0xef, 0xe7, 0xff, 0xe7, 0xef, 0xe7, 0xff, 0xe7, 0xef, 0xe7, 0xff, 0xe7, 0xf0, 0xe7, 0xff, 0xe7, 0xf0, 0xe6, 0xff, 0xe7, 0xf0, 0xe6, 0xff, 0xe7, 0xf0, 0xe7, 0xff, 0xe7, 0xef, 0xe7, 0xff, 0xe7, 0xef, 0xe7, 0xff, 0xe7, 0xef, 0xe7, 0xff, 0xe7, 0xef, 0xe7, 0xff, 0xe7, 0xef, 0xe7, 0xff, 0xe7, 0xef, 0xe7, 0xff, 0xe7, 0xef, 0xe7, 0xff, 0xe7, 0xef, 0xe8, 0xff, 0xe7, 0xef, 0xe8, 0xff, 0xe7, 0xef, 0xe8, 0xff, 0xe7, 0xef, 0xe8, 0xff, 0xe7, 0xef, 0xe8, 0xff, 0xe7, 0xef, 0xe9, 0xff, 0xe7, 0xef, 0xe9, 0xff, 0xe6, 0xef, 0xe8, 0xff, 0xe6, 0xef, 0xe8, 0xff, 0xe6, 0xef, 0xe8, 0xff, 0xe6, 0xef, 0xe8, 0xff, 0xe6, 0xef, 0xe9, 0xff, 0xe7, 0xef, 0xe9, 0xff, 0xe7, 0xef, 0xe8, 0xff, 0xe8, 0xef, 0xe8, 0xff, 0xe8, 0xef, 0xe8, 0xff, 0xe8, 0xef, 0xe8, 0xff, 0xe7, 0xef, 0xe8, 0xff, 0xe7, 0xef, 0xe7, 0xff, 0xe6, 0xf0, 0xe7, 0xff, 0xe0, 0xf3, 0xe3, 0xff, 0xd4, 0xf8, 0xda, 0xff, 0xc9, 0xf9, 0xcf, 0xff, 0xc3, 0xf9, 0xc5, 0xff, 0xc1, 0xfd, 0xc1, 0xff, 0xc1, 0xff, 0xbf, 0xff, 0xbf, 0xff, 0xbe, 0xff, 0xbd, 0xff, 0xbf, 0xff, 0xbd, 0xff, 0xc0, 0xff, 0xbe, 0xff, 0xc1, 0xff, 0xbe, 0xff, 0xc1, 0xff, 
  0xe3, 0xf2, 0xdf, 0xff, 0xe5, 0xf2, 0xe2, 0xff, 0xe7, 0xf0, 0xe5, 0xff, 0xe7, 0xee, 0xe7, 0xff, 0xea, 0xed, 0xea, 0xff, 0xec, 0xef, 0xed, 0xff, 0xeb, 0xef, 0xed, 0xff, 0xe7, 0xee, 0xea, 0xff, 0xe5, 0xef, 0xe8, 0xff, 0xe3, 0xf1, 0xe6, 0xff, 0xe3, 0xf1, 0xe5, 0xff, 0xe3, 0xf1, 0xe5, 0xff, 0xe5, 0xf0, 0xe6, 0xff, 0xe7, 0xf0, 0xe6, 0xff, 0xe9, 0xef, 0xe8, 0xff, 0xea, 0xef, 0xe8, 0xff, 0xe8, 0xef, 0xe7, 0xff, 0xe7, 0xf0, 0xe7, 0xff, 0xe7, 0xf0, 0xe7, 0xff, 0xe7, 0xf0, 0xe7, 0xff, 0xe7, 0xf0, 0xe7, 0xff, 0xe7, 0xf0, 0xe7, 0xff, 0xe8, 0xef, 0xe7, 0xff, 0xe8, 0xef, 0xe7, 0xff, 0xe8, 0xef, 0xe7, 0xff, 0xe8, 0xef, 0xe7, 0xff, 0xe8, 0xef, 0xe7, 0xff, 0xe8, 0xef, 0xe7, 0xff, 0xe8, 0xef, 0xe7, 0xff, 0xe8, 0xef, 0xe7, 0xff, 0xe8, 0xef, 0xe7, 0xff, 0xe8, 0xef, 0xe7, 0xff, 0xe7, 0xf0, 0xe7, 0xff, 0xe7, 0xf0, 0xe7, 0xff, 0xe7, 0xf0, 0xe7, 0xff, 0xe7, 0xf0, 0xe7, 0xff, 0xe7, 0xf0, 0xe7, 0xff, 0xe7, 0xf0, 0xe7, 0xff, 0xe7, 0xf0, 0xe7, 0xff, 0xe7, 0xf0, 0xe7, 0xff, 0xe7, 0xf0, 0xe7, 0xff, 0xe7, 0xf0, 0xe7, 0xff, 0xe7, 0xf0, 0xe7, 0xff, 0xe7, 0xf0, 0xe7, 0xff, 0xe7, 0xf0, 0xe7, 0xff, 0xe7, 0xf0, 0xe7, 0xff, 0xe7, 0xf0, 0xe7, 0xff, 0xe7, 0xf0, 0xe7, 0xff, 0xe7, 0xf0, 0xe6, 0xff, 0xe7, 0xf0, 0xe6, 0xff, 0xe7, 0xf0, 0xe6, 0xff, 0xe7, 0xf0, 0xe6, 0xff, 0xe7, 0xf0, 0xe7, 0xff, 0xe7, 0xf0, 0xe7, 0xff, 0xe7, 0xf0, 0xe7, 0xff, 0xe7, 0xf0, 0xe7, 0xff, 0xe7, 0xf0, 0xe7, 0xff, 0xe7, 0xf0, 0xe7, 0xff, 0xe7, 0xf0, 0xe7, 0xff, 0xe7, 0xf0, 0xe7, 0xff, 0xe7, 0xf0, 0xe7, 0xff, 0xe7, 0xef, 0xe7, 0xff, 0xe7, 0xef, 0xe7, 0xff, 0xe7, 0xef, 0xe7, 0xff, 0xe8, 0xef, 0xe8, 0xff, 0xe7, 0xef, 0xe8, 0xff, 0xe6, 0xef, 0xe7, 0xff, 0xe5, 0xf0, 0xe7, 0xff, 0xe5, 0xf0, 0xe7, 0xff, 0xe6, 0xf0, 0xe7, 0xff, 0xe6, 0xef, 0xe8, 0xff, 0xe7, 0xef, 0xe8, 0xff, 0xe8, 0xed, 0xe8, 0xff, 0xea, 0xee, 0xea, 0xff, 0xeb, 0xef, 0xea, 0xff, 0xea, 0xee, 0xe8, 0xff, 0xe9, 0xef, 0xe7, 0xff, 0xe7, 0xf0, 0xe6, 0xff, 0xe6, 0xf1, 0xe4, 0xff, 0xdf, 0xf7, 0xdf, 0xff, 0xca, 0xf8, 0xcc, 0xff, 0xc3, 0xfd, 0xc6, 0xff, 0xc2, 0xfe, 0xc4, 0xff, 0xc2, 0xff, 0xc2, 0xff, 0xc1, 0xff, 0xc1, 0xff, 0xc0, 0xff, 0xc0, 0xff, 0xc0, 0xff, 0xc1, 0xff, 0xc0, 0xff, 0xc1, 0xff, 0xbf, 0xff, 0xc1, 0xff, 0xbf, 0xff, 0xc1, 0xff, 
  0xde, 0xf5, 0xda, 0xff, 0xe1, 0xf5, 0xde, 0xff, 0xe4, 0xf2, 0xe3, 0xff, 0xe6, 0xee, 0xe6, 0xff, 0xea, 0xed, 0xeb, 0xff, 0xec, 0xec, 0xee, 0xff, 0xeb, 0xed, 0xee, 0xff, 0xe8, 0xec, 0xeb, 0xff, 0xe5, 0xef, 0xe8, 0xff, 0xe3, 0xf1, 0xe6, 0xff, 0xe3, 0xf2, 0xe4, 0xff, 0xe3, 0xf2, 0xe3, 0xff, 0xe4, 0xf1, 0xe5, 0xff, 0xe6, 0xf0, 0xe6, 0xff, 0xe9, 0xee, 0xe8, 0xff, 0xe9, 0xee, 0xe9, 0xff, 0xe7, 0xef, 0xe7, 0xff, 0xe7, 0xf0, 0xe7, 0xff, 0xe7, 0xf0, 0xe7, 0xff, 0xe7, 0xf0, 0xe7, 0xff, 0xe7, 0xf0, 0xe7, 0xff, 0xe7, 0xef, 0xe7, 0xff, 0xe8, 0xef, 0xe7, 0xff, 0xe8, 0xef, 0xe7, 0xff, 0xe8, 0xef, 0xe7, 0xff, 0xe8, 0xef, 0xe7, 0xff, 0xe9, 0xef, 0xe7, 0xff, 0xe9, 0xef, 0xe7, 0xff, 0xe9, 0xef, 0xe7, 0xff, 0xe9, 0xef, 0xe7, 0xff, 0xe9, 0xef, 0xe7, 0xff, 0xe8, 0xef, 0xe7, 0xff, 0xe7, 0xef, 0xe7, 0xff, 0xe7, 0xf0, 0xe7, 0xff, 0xe7, 0xf0, 0xe7, 0xff, 0xe7, 0xf0, 0xe7, 0xff, 0xe7, 0xf0, 0xe7, 0xff, 0xe7, 0xf0, 0xe7, 0xff, 0xe7, 0xf0, 0xe7, 0xff, 0xe7, 0xf0, 0xe7, 0xff, 0xe7, 0xf0, 0xe7, 0xff, 0xe7, 0xf0, 0xe7, 0xff, 0xe7, 0xf0, 0xe7, 0xff, 0xe7, 0xf0, 0xe7, 0xff, 0xe7, 0xf0, 0xe7, 0xff, 0xe7, 0xf0, 0xe7, 0xff, 0xe7, 0xf0, 0xe7, 0xff, 0xe7, 0xf0, 0xe7, 0xff, 0xe7, 0xf0, 0xe7, 0xff, 0xe7, 0xf0, 0xe7, 0xff, 0xe7, 0xf0, 0xe7, 0xff, 0xe7, 0xf0, 0xe7, 0xff, 0xe7, 0xf0, 0xe7, 0xff, 0xe7, 0xf0, 0xe7, 0xff, 0xe7, 0xf0, 0xe7, 0xff, 0xe7, 0xf0, 0xe7, 0xff, 0xe7, 0xf0, 0xe7, 0xff, 0xe7, 0xf0, 0xe7, 0xff, 0xe7, 0xf0, 0xe7, 0xff, 0xe7, 0xf0, 0xe7, 0xff, 0xe7, 0xf0, 0xe7, 0xff, 0xe7, 0xf0, 0xe7, 0xff, 0xe7, 0xf0, 0xe7, 0xff, 0xe7, 0xef, 0xe7, 0xff, 0xe8, 0xef, 0xe8, 0xff, 0xe8, 0xef, 0xe8, 0xff, 0xe6, 0xf0, 0xe7, 0xff, 0xe5, 0xf0, 0xe7, 0xff, 0xe5, 0xf0, 0xe7, 0xff, 0xe6, 0xf0, 0xe7, 0xff, 0xe7, 0xef, 0xe8, 0xff, 0xe8, 0xee, 0xe9, 0xff, 0xe9, 0xee, 0xea, 0xff, 0xea, 0xed, 0xea, 0xff, 0xeb, 0xee, 0xe9, 0xff, 0xea, 0xef, 0xe8, 0xff, 0xe8, 0xf0, 0xe6, 0xff, 0xe6, 0xf1, 0xe4, 0xff, 0xe4, 0xf3, 0xe1, 0xff, 0xdc, 0xf8, 0xda, 0xff, 0xc7, 0xfa, 0xc7, 0xff, 0xc0, 0xff, 0xc0, 0xff, 0xc0, 0xff, 0xc0, 0xff, 0xc0, 0xff, 0xc0, 0xff, 0xc0, 0xff, 0xc0, 0xff, 0xc0, 0xff, 0xc0, 0xff, 0xc0, 0xff, 0xc0, 0xff, 0xc0, 0xff, 0xc0, 0xff, 0xc0, 0xff, 0xc0, 0xff, 0xc0, 0xff, 0xc0, 0xff, 
  0xd9, 0xf4, 0xd5, 0xff, 0xde, 0xf6, 0xdb, 0xff, 0xe3, 0xf5, 0xe2, 0xff, 0xe6, 0xf0, 0xe5, 0xff, 0xe9, 0xed, 0xea, 0xff, 0xea, 0xec, 0xed, 0xff, 0xea, 0xec, 0xed, 0xff, 0xe8, 0xec, 0xeb, 0xff, 0xe7, 0xee, 0xe9, 0xff, 0xe5, 0xf0, 0xe7, 0xff, 0xe4, 0xf1, 0xe5, 0xff, 0xe4, 0xf1, 0xe5, 0xff, 0xe6, 0xf0, 0xe6, 0xff, 0xe7, 0xef, 0xe7, 0xff, 0xe9, 0xee, 0xe9, 0xff, 0xe9, 0xee, 0xe9, 0xff, 0xe7, 0xef, 0xe8, 0xff, 0xe7, 0xef, 0xe7, 0xff, 0xe8, 0xef, 0xe7, 0xff, 0xe8, 0xef, 0xe7, 0xff, 0xe8, 0xef, 0xe7, 0xff, 0xe8, 0xef, 0xe7, 0xff, 0xe8, 0xef, 0xe7, 0xff, 0xe8, 0xef, 0xe7, 0xff, 0xe8, 0xef, 0xe7, 0xff, 0xe9, 0xef, 0xe7, 0xff, 0xe9, 0xef, 0xe7, 0xff, 0xea, 0xef, 0xe7, 0xff, 0xea, 0xef, 0xe7, 0xff, 0xea, 0xef, 0xe7, 0xff, 0xea, 0xef, 0xe7, 0xff, 0xe9, 0xef, 0xe7, 0xff, 0xe8, 0xef, 0xe7, 0xff, 0xe8, 0xef, 0xe7, 0xff, 0xe8, 0xef, 0xe7, 0xff, 0xe8, 0xef, 0xe7, 0xff, 0xe8, 0xef, 0xe7, 0xff, 0xe8, 0xef, 0xe7, 0xff, 0xe8, 0xef, 0xe7, 0xff, 0xe8, 0xef, 0xe7, 0xff, 0xe8, 0xef, 0xe7, 0xff, 0xe8, 0xef, 0xe7, 0xff, 0xe8, 0xef, 0xe7, 0xff, 0xe8, 0xef, 0xe7, 0xff, 0xe8, 0xef, 0xe7, 0xff, 0xe8, 0xef, 0xe7, 0xff, 0xe8, 0xef, 0xe7, 0xff, 0xe8, 0xef, 0xe7, 0xff, 0xe8, 0xef, 0xe7, 0xff, 0xe8, 0xef, 0xe7, 0xff, 0xe8, 0xef, 0xe7, 0xff, 0xe8, 0xef, 0xe7, 0xff, 0xe8, 0xef, 0xe7, 0xff, 0xe8, 0xef, 0xe7, 0xff, 0xe8, 0xef, 0xe7, 0xff, 0xe8, 0xef, 0xe7, 0xff, 0xe8, 0xef, 0xe7, 0xff, 0xe8, 0xef, 0xe7, 0xff, 0xe8, 0xef, 0xe7, 0xff, 0xe8, 0xef, 0xe7, 0xff, 0xe8, 0xef, 0xe7, 0xff, 0xe8, 0xef, 0xe7, 0xff, 0xe8, 0xef, 0xe7, 0xff, 0xe8, 0xef, 0xe8, 0xff, 0xe8, 0xee, 0xe8, 0xff, 0xe8, 0xef, 0xe8, 0xff, 0xe7, 0xef, 0xe8, 0xff, 0xe6, 0xef, 0xe7, 0xff, 0xe6, 0xef, 0xe7, 0xff, 0xe7, 0xef, 0xe8, 0xff, 0xe7, 0xef, 0xe8, 0xff, 0xe8, 0xee, 0xe9, 0xff, 0xeb, 0xef, 0xea, 0xff, 0xea, 0xee, 0xe9, 0xff, 0xe9, 0xef, 0xe8, 0xff, 0xe8, 0xf0, 0xe6, 0xff, 0xe7, 0xf3, 0xe4, 0xff, 0xe4, 0xf4, 0xe2, 0xff, 0xe0, 0xf4, 0xdd, 0xff, 0xd6, 0xf7, 0xd5, 0xff, 0xc5, 0xfa, 0xc5, 0xff, 0xbf, 0xfe, 0xbf, 0xff, 0xc0, 0xff, 0xc0, 0xff, 0xc0, 0xff, 0xc0, 0xff, 0xc0, 0xff, 0xc0, 0xff, 0xc0, 0xff, 0xc0, 0xff, 0xc0, 0xff, 0xc0, 0xff, 0xc0, 0xff, 0xc0, 0xff, 0xc0, 0xff, 0xc0, 0xff, 0xc0, 0xff, 0xc0, 0xff, 
  0xd5, 0xf5, 0xd2, 0xff, 0xda, 0xf7, 0xd7, 0xff, 0xe0, 0xf7, 0xdf, 0xff, 0xe5, 0xf4, 0xe5, 0xff, 0xe7, 0xef, 0xe8, 0xff, 0xe8, 0xec, 0xea, 0xff, 0xe9, 0xeb, 0xeb, 0xff, 0xe9, 0xec, 0xec, 0xff, 0xe8, 0xee, 0xea, 0xff, 0xe7, 0xef, 0xe8, 0xff, 0xe6, 0xf0, 0xe6, 0xff, 0xe6, 0xf0, 0xe6, 0xff, 0xe7, 0xf0, 0xe7, 0xff, 0xe8, 0xef, 0xe8, 0xff, 0xe9, 0xed, 0xea, 0xff, 0xe9, 0xed, 0xea, 0xff, 0xe8, 0xee, 0xe9, 0xff, 0xe7, 0xef, 0xe8, 0xff, 0xe8, 0xef, 0xe8, 0xff, 0xe8, 0xef, 0xe8, 0xff, 0xe8, 0xef, 0xe8, 0xff, 0xe8, 0xef, 0xe8, 0xff, 0xe8, 0xef, 0xe8, 0xff, 0xe8, 0xef, 0xe8, 0xff, 0xe9, 0xef, 0xe8, 0xff, 0xe9, 0xee, 0xe8, 0xff, 0xea, 0xee, 0xe8, 0xff, 0xea, 0xee, 0xe8, 0xff, 0xea, 0xee, 0xe8, 0xff, 0xea, 0xee, 0xe8, 0xff, 0xea, 0xee, 0xe8, 0xff, 0xea, 0xee, 0xe8, 0xff, 0xe9, 0xee, 0xe8, 0xff, 0xe9, 0xef, 0xe8, 0xff, 0xe9, 0xef, 0xe8, 0xff, 0xe9, 0xef, 0xe8, 0xff, 0xe9, 0xef, 0xe8, 0xff, 0xe9, 0xef, 0xe8, 0xff, 0xe9, 0xef, 0xe8, 0xff, 0xe9, 0xef, 0xe8, 0xff, 0xe9, 0xef, 0xe8, 0xff, 0xe9, 0xef, 0xe8, 0xff, 0xe9, 0xef, 0xe8, 0xff, 0xe9, 0xef, 0xe8, 0xff, 0xe9, 0xef, 0xe8, 0xff, 0xe9, 0xef, 0xe8, 0xff, 0xe9, 0xef, 0xe8, 0xff, 0xe9, 0xef, 0xe8, 0xff, 0xe9, 0xef, 0xe8, 0xff, 0xe9, 0xef, 0xe8, 0xff, 0xe9, 0xef, 0xe8, 0xff, 0xe9, 0xef, 0xe8, 0xff, 0xe9, 0xef, 0xe8, 0xff, 0xe9, 0xef, 0xe8, 0xff, 0xe9, 0xef, 0xe8, 0xff, 0xe9, 0xef, 0xe8, 0xff, 0xe9, 0xef, 0xe8, 0xff, 0xe9, 0xef, 0xe8, 0xff, 0xe9, 0xef, 0xe8, 0xff, 0xe9, 0xef, 0xe8, 0xff, 0xe9, 0xef, 0xe8, 0xff, 0xe9, 0xef, 0xe8, 0xff, 0xe9, 0xef, 0xe8, 0xff, 0xe9, 0xee, 0xe8, 0xff, 0xe9, 0xee, 0xe9, 0xff, 0xe8, 0xee, 0xe9, 0xff, 0xe7, 0xef, 0xe8, 0xff, 0xe7, 0xef, 0xe8, 0xff, 0xe7, 0xef, 0xe8, 0xff, 0xe7, 0xef, 0xe8, 0xff, 0xe8, 0xee, 0xe9, 0xff, 0xe9, 0xee, 0xe9, 0xff, 0xea, 0xef, 0xea, 0xff, 0xe9, 0xef, 0xe8, 0xff, 0xe7, 0xef, 0xe5, 0xff, 0xe5, 0xf2, 0xe3, 0xff, 0xe3, 0xf5, 0xe1, 0xff, 0xe0, 0xf7, 0xde, 0xff, 0xda, 0xf6, 0xd8, 0xff, 0xd1, 0xf7, 0xcf, 0xff, 0xc4, 0xfb, 0xc4, 0xff, 0xbf, 0xfe, 0xbf, 0xff, 0xc0, 0xff, 0xc0, 0xff, 0xc0, 0xff, 0xc0, 0xff, 0xc0, 0xff, 0xc0, 0xff, 0xc0, 0xff, 0xc0, 0xff, 0xc0, 0xff, 0xc0, 0xff, 0xc0, 0xff, 0xc0, 0xff, 0xc0, 0xff, 0xc0, 0xff, 0xc0, 0xff, 0xc0, 0xff, 
  0xcf, 0xf7, 0xcd, 0xff, 0xd4, 0xf8, 0xd3, 0xff, 0xdd, 0xf9, 0xdb, 0xff, 0xe2, 0xf7, 0xe2, 0xff, 0xe5, 0xf2, 0xe6, 0xff, 0xe6, 0xed, 0xe8, 0xff, 0xe9, 0xed, 0xeb, 0xff, 0xeb, 0xed, 0xed, 0xff, 0xe9, 0xed, 0xea, 0xff, 0xe9, 0xee, 0xe9, 0xff, 0xe8, 0xef, 0xe8, 0xff, 0xe8, 0xef, 0xe7, 0xff, 0xe8, 0xef, 0xe8, 0xff, 0xe8, 0xee, 0xe9, 0xff, 0xea, 0xed, 0xeb, 0xff, 0xea, 0xed, 0xeb, 0xff, 0xe8, 0xee, 0xe9, 0xff, 0xe8, 0xee, 0xe9, 0xff, 0xe8, 0xee, 0xe9, 0xff, 0xe8, 0xee, 0xe9, 0xff, 0xe8, 0xee, 0xe9, 0xff, 0xe8, 0xee, 0xe9, 0xff, 0xe8, 0xee, 0xe9, 0xff, 0xe9, 0xee, 0xe9, 0xff, 0xe9, 0xee, 0xe9, 0xff, 0xea, 0xee, 0xe9, 0xff, 0xea, 0xee, 0xe9, 0xff, 0xea, 0xee, 0xe9, 0xff, 0xea, 0xee, 0xe9, 0xff, 0xea, 0xee, 0xe9, 0xff, 0xea, 0xee, 0xe9, 0xff, 0xea, 0xee, 0xe9, 0xff, 0xea, 0xee, 0xe9, 0xff, 0xea, 0xee, 0xe9, 0xff, 0xea, 0xee, 0xe9, 0xff, 0xea, 0xee, 0xe9, 0xff, 0xea, 0xee, 0xe9, 0xff, 0xea, 0xee, 0xe9, 0xff, 0xea, 0xee, 0xe9, 0xff, 0xea, 0xee, 0xe9, 0xff, 0xea, 0xee, 0xe9, 0xff, 0xea, 0xee, 0xe9, 0xff, 0xea, 0xee, 0xe9, 0xff, 0xea, 0xee, 0xe9, 0xff, 0xea, 0xee, 0xe9, 0xff, 0xea, 0xee, 0xe9, 0xff, 0xea, 0xee, 0xe9, 0xff, 0xea, 0xee, 0xe9, 0xff, 0xea, 0xee, 0xe9, 0xff, 0xea, 0xee, 0xe9, 0xff, 0xea, 0xee, 0xe9, 0xff, 0xea, 0xee, 0xe9, 0xff, 0xea, 0xee, 0xe9, 0xff, 0xea, 0xee, 0xe9, 0xff, 0xea, 0xee, 0xe9, 0xff, 0xea, 0xee, 0xe9, 0xff, 0xea, 0xee, 0xe9, 0xff, 0xea, 0xee, 0xe9, 0xff, 0xea, 0xee, 0xe9, 0xff, 0xea, 0xee, 0xe9, 0xff, 0xea, 0xee, 0xe9, 0xff, 0xea, 0xee, 0xe9, 0xff, 0xea, 0xee, 0xe9, 0xff, 0xea, 0xee, 0xe9, 0xff, 0xea, 0xed, 0xea, 0xff, 0xe9, 0xee, 0xea, 0xff, 0xe8, 0xee, 0xe9, 0xff, 0xe8, 0xee, 0xe9, 0xff, 0xe8, 0xee, 0xe9, 0xff, 0xe8, 0xee, 0xe9, 0xff, 0xe9, 0xee, 0xe9, 0xff, 0xe9, 0xee, 0xe9, 0xff, 0xea, 0xef, 0xe9, 0xff, 0xe8, 0xef, 0xe7, 0xff, 0xe4, 0xf0, 0xe3, 0xff, 0xe1, 0xf3, 0xdf, 0xff, 0xde, 0xf7, 0xdc, 0xff, 0xd9, 0xf8, 0xd8, 0xff, 0xd2, 0xf8, 0xd1, 0xff, 0xca, 0xf8, 0xca, 0xff, 0xc3, 0xfd, 0xc4, 0xff, 0xc0, 0xff, 0xc0, 0xff, 0xc0, 0xff, 0xc0, 0xff, 0xc0, 0xff, 0xc0, 0xff, 0xc0, 0xff, 0xc0, 0xff, 0xc0, 0xff, 0xc0, 0xff, 0xc0, 0xff, 0xc0, 0xff, 0xc1, 0xff, 0xc1, 0xff, 0xc0, 0xff, 0xc0, 0xff, 0xc0, 0xff, 0xc0, 0xff, 
  0xcb, 0xfa, 0xca, 0xff, 0xce, 0xf9, 0xcd, 0xff, 0xd6, 0xf9, 0xd5, 0xff, 0xdd, 0xf8, 0xdd, 0xff, 0xe2, 0xf4, 0xe3, 0xff, 0xe5, 0xf0, 0xe6, 0xff, 0xe8, 0xee, 0xe9, 0xff, 0xeb, 0xee, 0xec, 0xff, 0xea, 0xed, 0xeb, 0xff, 0xea, 0xed, 0xea, 0xff, 0xea, 0xee, 0xe9, 0xff, 0xe9, 0xee, 0xe8, 0xff, 0xe9, 0xee, 0xe9, 0xff, 0xe9, 0xee, 0xea, 0xff, 0xe9, 0xed, 0xeb, 0xff, 0xe9, 0xed, 0xeb, 0xff, 0xe8, 0xee, 0xea, 0xff, 0xe8, 0xee, 0xe9, 0xff, 0xe8, 0xee, 0xe9, 0xff, 0xe8, 0xee, 0xe9, 0xff, 0xe8, 0xee, 0xe9, 0xff, 0xe8, 0xee, 0xe9, 0xff, 0xe8, 0xee, 0xe9, 0xff, 0xe9, 0xee, 0xe9, 0xff, 0xe9, 0xee, 0xe9, 0xff, 0xea, 0xee, 0xe9, 0xff, 0xea, 0xee, 0xe9, 0xff, 0xea, 0xee, 0xe9, 0xff, 0xea, 0xee, 0xe9, 0xff, 0xea, 0xee, 0xe9, 0xff, 0xea, 0xee, 0xe9, 0xff, 0xea, 0xee, 0xe9, 0xff, 0xea, 0xee, 0xe9, 0xff, 0xea, 0xee, 0xe9, 0xff, 0xea, 0xee, 0xe9, 0xff, 0xea, 0xee, 0xe9, 0xff, 0xea, 0xee, 0xe9, 0xff, 0xea, 0xee, 0xe9, 0xff, 0xea, 0xee, 0xe9, 0xff, 0xea, 0xee, 0xe9, 0xff, 0xea, 0xee, 0xe9, 0xff, 0xea, 0xee, 0xe9, 0xff, 0xea, 0xee, 0xe9, 0xff, 0xea, 0xee, 0xe9, 0xff, 0xea, 0xee, 0xe9, 0xff, 0xea, 0xee, 0xe9, 0xff, 0xea, 0xee, 0xe9, 0xff, 0xea, 0xee, 0xe9, 0xff, 0xea, 0xee, 0xe9, 0xff, 0xea, 0xee, 0xe9, 0xff, 0xea, 0xee, 0xe9, 0xff, 0xea, 0xee, 0xe9, 0xff, 0xea, 0xee, 0xe9, 0xff, 0xea, 0xee, 0xe9, 0xff, 0xea, 0xee, 0xe9, 0xff, 0xea, 0xee, 0xe9, 0xff, 0xea, 0xee, 0xe9, 0xff, 0xea, 0xee, 0xe9, 0xff, 0xea, 0xee, 0xe9, 0xff, 0xea, 0xee, 0xe9, 0xff, 0xea, 0xee, 0xe9, 0xff, 0xea, 0xee, 0xe9, 0xff, 0xea, 0xee, 0xe9, 0xff, 0xea, 0xee, 0xe9, 0xff, 0xea, 0xed, 0xea, 0xff, 0xe9, 0xed, 0xea, 0xff, 0xe9, 0xee, 0xe9, 0xff, 0xe8, 0xee, 0xe9, 0xff, 0xe8, 0xee, 0xe9, 0xff, 0xe9, 0xee, 0xe9, 0xff, 0xe9, 0xee, 0xe8, 0xff, 0xe9, 0xee, 0xe8, 0xff, 0xe9, 0xf0, 0xe8, 0xff, 0xe6, 0xf1, 0xe5, 0xff, 0xe2, 0xf2, 0xe0, 0xff, 0xde, 0xf5, 0xdc, 0xff, 0xd8, 0xf8, 0xd6, 0xff, 0xd2, 0xfa, 0xd1, 0xff, 0xcb, 0xf9, 0xcb, 0xff, 0xc5, 0xfa, 0xc5, 0xff, 0xc2, 0xfd, 0xc2, 0xff, 0xc0, 0xff, 0xc0, 0xff, 0xc0, 0xff, 0xc0, 0xff, 0xc0, 0xff, 0xc0, 0xff, 0xc0, 0xff, 0xc0, 0xff, 0xc1, 0xff, 0xc1, 0xff, 0xc1, 0xff, 0xc1, 0xff, 0xc1, 0xff, 0xc1, 0xff, 0xc0, 0xff, 0xc0, 0xff, 0xc0, 0xff, 0xc0, 0xff, 
  0xc7, 0xfb, 0xc5, 0xff, 0xc9, 0xf9, 0xc7, 0xff, 0xce, 0xf8, 0xce, 0xff, 0xd7, 0xf9, 0xd8, 0xff, 0xde, 0xf6, 0xe0, 0xff, 0xe1, 0xf2, 0xe4, 0xff, 0xe5, 0xf0, 0xe7, 0xff, 0xe9, 0xef, 0xea, 0xff, 0xea, 0xed, 0xea, 0xff, 0xeb, 0xed, 0xea, 0xff, 0xeb, 0xed, 0xe9, 0xff, 0xeb, 0xee, 0xe9, 0xff, 0xea, 0xee, 0xe9, 0xff, 0xe9, 0xee, 0xea, 0xff, 0xe9, 0xed, 0xea, 0xff, 0xe8, 0xed, 0xea, 0xff, 0xe7, 0xee, 0xea, 0xff, 0xe7, 0xee, 0xe9, 0xff, 0xe8, 0xee, 0xe9, 0xff, 0xe8, 0xee, 0xe9, 0xff, 0xe8, 0xee, 0xe9, 0xff, 0xe8, 0xee, 0xe9, 0xff, 0xe8, 0xee, 0xe9, 0xff, 0xe8, 0xee, 0xe9, 0xff, 0xe9, 0xee, 0xe9, 0xff, 0xe9, 0xee, 0xe9, 0xff, 0xea, 0xee, 0xe9, 0xff, 0xea, 0xee, 0xe9, 0xff, 0xea, 0xee, 0xe9, 0xff, 0xea, 0xee, 0xe9, 0xff, 0xea, 0xee, 0xe9, 0xff, 0xea, 0xee, 0xe9, 0xff, 0xe9, 0xee, 0xe9, 0xff, 0xe9, 0xee, 0xe9, 0xff, 0xe9, 0xee, 0xe9, 0xff, 0xe9, 0xee, 0xe9, 0xff, 0xe9, 0xee, 0xe9, 0xff, 0xe9, 0xee, 0xe9, 0xff, 0xe9, 0xee, 0xe9, 0xff, 0xe9, 0xee, 0xe9, 0xff, 0xe9, 0xee, 0xe9, 0xff, 0xe9, 0xee, 0xe9, 0xff, 0xe9, 0xee, 0xe9, 0xff, 0xe9, 0xee, 0xe9, 0xff, 0xe9, 0xee, 0xe9, 0xff, 0xe9, 0xee, 0xe9, 0xff, 0xe9, 0xee, 0xe9, 0xff, 0xe9, 0xee, 0xe9, 0xff, 0xe9, 0xee, 0xe9, 0xff, 0xe9, 0xee, 0xe9, 0xff, 0xe9, 0xee, 0xe9, 0xff, 0xe9, 0xee, 0xe9, 0xff, 0xe9, 0xee, 0xe9, 0xff, 0xe9, 0xee, 0xe9, 0xff, 0xe9, 0xee, 0xe9, 0xff, 0xe9, 0xee, 0xe9, 0xff, 0xe9, 0xee, 0xe9, 0xff, 0xe9, 0xee, 0xe9, 0xff, 0xe9, 0xee, 0xe9, 0xff, 0xe9, 0xee, 0xe9, 0xff, 0xe9, 0xee, 0xe9, 0xff, 0xe9, 0xee, 0xe9, 0xff, 0xe9, 0xee, 0xe9, 0xff, 0xe9, 0xee, 0xe9, 0xff, 0xe9, 0xee, 0xe9, 0xff, 0xe9, 0xee, 0xe9, 0xff, 0xe8, 0xee, 0xe9, 0xff, 0xe8, 0xee, 0xe9, 0xff, 0xe8, 0xee, 0xe8, 0xff, 0xe8, 0xef, 0xe8, 0xff, 0xe9, 0xef, 0xe7, 0xff, 0xe8, 0xf0, 0xe6, 0xff, 0xe6, 0xf0, 0xe5, 0xff, 0xe4, 0xf2, 0xe2, 0xff, 0xe0, 0xf4, 0xdd, 0xff, 0xda, 0xf7, 0xd7, 0xff, 0xd1, 0xf9, 0xd0, 0xff, 0xca, 0xfa, 0xc9, 0xff, 0xc5, 0xfc, 0xc5, 0xff, 0xc1, 0xfc, 0xc1, 0xff, 0xbf, 0xfd, 0xc0, 0xff, 0xbf, 0xfe, 0xbf, 0xff, 0xbf, 0xfe, 0xbf, 0xff, 0xc0, 0xff, 0xc0, 0xff, 0xc0, 0xff, 0xc0, 0xff, 0xc0, 0xff, 0xc0, 0xff, 0xc0, 0xff, 0xc0, 0xff, 0xc0, 0xff, 0xc0, 0xff, 0xc0, 0xff, 0xc0, 0xff, 0xc0, 0xff, 0xc0, 0xff, 
  0xc3, 0xfc, 0xc1, 0xff, 0xc3, 0xfa, 0xc3, 0xff, 0xc9, 0xf9, 0xc9, 0xff, 0xd2, 0xfa, 0xd4, 0xff, 0xd9, 0xf8, 0xdc, 0xff, 0xde, 0xf5, 0xe0, 0xff, 0xe1, 0xf1, 0xe3, 0xff, 0xe6, 0xf0, 0xe7, 0xff, 0xe9, 0xee, 0xe8, 0xff, 0xeb, 0xee, 0xe9, 0xff, 0xeb, 0xee, 0xe9, 0xff, 0xeb, 0xee, 0xe8, 0xff, 0xea, 0xee, 0xe9, 0xff, 0xe9, 0xee, 0xe9, 0xff, 0xe8, 0xee, 0xea, 0xff, 0xe7, 0xee, 0xe9, 0xff, 0xe7, 0xef, 0xe9, 0xff, 0xe6, 0xef, 0xe8, 0xff, 0xe7, 0xef, 0xe8, 0xff, 0xe7, 0xef, 0xe8, 0xff, 0xe7, 0xef, 0xe8, 0xff, 0xe8, 0xef, 0xe8, 0xff, 0xe8, 0xef, 0xe8, 0xff, 0xe8, 0xee, 0xe8, 0xff, 0xe8, 0xee, 0xe8, 0xff, 0xe8, 0xee, 0xe8, 0xff, 0xe9, 0xee, 0xe8, 0xff, 0xe9, 0xee, 0xe8, 0xff, 0xe9, 0xee, 0xe8, 0xff, 0xe9, 0xee, 0xe8, 0xff, 0xea, 0xee, 0xe8, 0xff, 0xe9, 0xee, 0xe8, 0xff, 0xe8, 0xee, 0xe8, 0xff, 0xe8, 0xee, 0xe8, 0xff, 0xe8, 0xee, 0xe8, 0xff, 0xe8, 0xee, 0xe8, 0xff, 0xe8, 0xee, 0xe8, 0xff, 0xe8, 0xee, 0xe8, 0xff, 0xe8, 0xee, 0xe8, 0xff, 0xe8, 0xee, 0xe8, 0xff, 0xe8, 0xee, 0xe8, 0xff, 0xe8, 0xee, 0xe8, 0xff, 0xe8, 0xee, 0xe8, 0xff, 0xe8, 0xee, 0xe8, 0xff, 0xe8, 0xee, 0xe8, 0xff, 0xe8, 0xee, 0xe8, 0xff, 0xe8, 0xee, 0xe8, 0xff, 0xe8, 0xee, 0xe8, 0xff, 0xe8, 0xee, 0xe8, 0xff, 0xe8, 0xee, 0xe8, 0xff, 0xe8, 0xee, 0xe8, 0xff, 0xe8, 0xee, 0xe8, 0xff, 0xe8, 0xee, 0xe8, 0xff, 0xe8, 0xee, 0xe8, 0xff, 0xe8, 0xee, 0xe8, 0xff, 0xe8, 0xee, 0xe8, 0xff, 0xe8, 0xee, 0xe8, 0xff, 0xe8, 0xee, 0xe8, 0xff, 0xe8, 0xee, 0xe8, 0xff, 0xe8, 0xee, 0xe8, 0xff, 0xe8, 0xee, 0xe8, 0xff, 0xe8, 0xee, 0xe8, 0xff, 0xe8, 0xee, 0xe8, 0xff, 0xe8, 0xee, 0xe8, 0xff, 0xe8, 0xee, 0xe8, 0xff, 0xe8, 0xef, 0xe8, 0xff, 0xe8, 0xef, 0xe8, 0xff, 0xe7, 0xef, 0xe8, 0xff, 0xe7, 0xef, 0xe7, 0xff, 0xe7, 0xf0, 0xe6, 0xff, 0xe7, 0xf0, 0xe5, 0xff, 0xe6, 0xf1, 0xe4, 0xff, 0xe4, 0xf2, 0xe2, 0xff, 0xe2, 0xf4, 0xdf, 0xff, 0xdd, 0xf6, 0xda, 0xff, 0xd6, 0xf8, 0xd3, 0xff, 0xcd, 0xfa, 0xcb, 0xff, 0xc5, 0xfc, 0xc4, 0xff, 0xbf, 0xfe, 0xc0, 0xff, 0xbd, 0xff, 0xbe, 0xff, 0xbd, 0xfd, 0xbe, 0xff, 0xbe, 0xfd, 0xbf, 0xff, 0xbf, 0xfe, 0xbf, 0xff, 0xbf, 0xfe, 0xbf, 0xff, 0xbf, 0xfe, 0xbf, 0xff, 0xc0, 0xff, 0xc0, 0xff, 0xc0, 0xff, 0xc0, 0xff, 0xc0, 0xff, 0xc0, 0xff, 0xc0, 0xff, 0xc0, 0xff, 0xc0, 0xff, 0xc0, 0xff, 
  0xbf, 0xfd, 0xbe, 0xff, 0xc2, 0xfd, 0xc2, 0xff, 0xc6, 0xfc, 0xc8, 0xff, 0xcb, 0xf9, 0xce, 0xff, 0xd2, 0xf8, 0xd5, 0xff, 0xda, 0xf7, 0xdc, 0xff, 0xe1, 0xf6, 0xe2, 0xff, 0xe4, 0xf3, 0xe4, 0xff, 0xe7, 0xf0, 0xe5, 0xff, 0xea, 0xef, 0xe6, 0xff, 0xea, 0xef, 0xe7, 0xff, 0xea, 0xef, 0xe7, 0xff, 0xe8, 0xee, 0xe7, 0xff, 0xe7, 0xee, 0xe7, 0xff, 0xe6, 0xee, 0xe7, 0xff, 0xe6, 0xee, 0xe7, 0xff, 0xe7, 0xf0, 0xe8, 0xff, 0xe6, 0xf1, 0xe8, 0xff, 0xe7, 0xf1, 0xe8, 0xff, 0xe7, 0xf1, 0xe8, 0xff, 0xe7, 0xf1, 0xe8, 0xff, 0xe7, 0xf1, 0xe8, 0xff, 0xe8, 0xf0, 0xe8, 0xff, 0xe8, 0xf0, 0xe8, 0xff, 0xe7, 0xef, 0xe7, 0xff, 0xe7, 0xef, 0xe7, 0xff, 0xe7, 0xef, 0xe7, 0xff, 0xe7, 0xef, 0xe7, 0xff, 0xe7, 0xef, 0xe7, 0xff, 0xe8, 0xef, 0xe7, 0xff, 0xe8, 0xef, 0xe7, 0xff, 0xe8, 0xef, 0xe7, 0xff, 0xe7, 0xef, 0xe7, 0xff, 0xe7, 0xef, 0xe7, 0xff, 0xe8, 0xf0, 0xe8, 0xff, 0xe8, 0xf0, 0xe8, 0xff, 0xe8, 0xf0, 0xe8, 0xff, 0xe8, 0xf0, 0xe8, 0xff, 0xe9, 0xf1, 0xe9, 0xff, 0xe9, 0xf1, 0xe9, 0xff, 0xe8, 0xf0, 0xe8, 0xff, 0xe8, 0xf0, 0xe8, 0xff, 0xe8, 0xf0, 0xe8, 0xff, 0xe8, 0xf0, 0xe8, 0xff, 0xe8, 0xf0, 0xe8, 0xff, 0xe8, 0xf0, 0xe8, 0xff, 0xe8, 0xf0, 0xe8, 0xff, 0xe8, 0xf0, 0xe8, 0xff, 0xe8, 0xf0, 0xe8, 0xff, 0xe8, 0xf0, 0xe8, 0xff, 0xe8, 0xf0, 0xe8, 0xff, 0xe8, 0xf0, 0xe8, 0xff, 0xe8, 0xf0, 0xe8, 0xff, 0xe8, 0xf0, 0xe8, 0xff, 0xe8, 0xf0, 0xe8, 0xff, 0xe8, 0xf0, 0xe8, 0xff, 0xe9, 0xf1, 0xe9, 0xff, 0xe9, 0xf1, 0xe9, 0xff, 0xe8, 0xf0, 0xe8, 0xff, 0xe8, 0xf0, 0xe8, 0xff, 0xe7, 0xef, 0xe7, 0xff, 0xe7, 0xef, 0xe7, 0xff, 0xe6, 0xee, 0xe6, 0xff, 0xe6, 0xee, 0xe6, 0xff, 0xe8, 0xf0, 0xe8, 0xff, 0xe8, 0xf1, 0xe8, 0xff, 0xe6, 0xf0, 0xe6, 0xff, 0xe5, 0xf1, 0xe5, 0xff, 0xe6, 0xf2, 0xe5, 0xff, 0xe5, 0xf3, 0xe4, 0xff, 0xe5, 0xf4, 0xe3, 0xff, 0xe3, 0xf3, 0xe0, 0xff, 0xe3, 0xf6, 0xe0, 0xff, 0xdd, 0xf5, 0xda, 0xff, 0xd6, 0xf5, 0xd3, 0xff, 0xce, 0xf6, 0xcc, 0xff, 0xc9, 0xfb, 0xc7, 0xff, 0xc3, 0xff, 0xc2, 0xff, 0xbd, 0xff, 0xbe, 0xff, 0xbb, 0xff, 0xbc, 0xff, 0xbd, 0xff, 0xbe, 0xff, 0xbf, 0xfe, 0xbf, 0xff, 0xc0, 0xff, 0xc0, 0xff, 0xc0, 0xff, 0xc0, 0xff, 0xc0, 0xff, 0xc0, 0xff, 0xc0, 0xff, 0xc0, 0xff, 0xc0, 0xff, 0xc0, 0xff, 0xc0, 0xff, 0xc0, 0xff, 0xc0, 0xff, 0xc0, 0xff, 0xc0, 0xff, 0xc0, 0xff, 
  0xbe, 0xfe, 0xbe, 0xff, 0xc0, 0xfe, 0xc1, 0xff, 0xc3, 0xfc, 0xc5, 0xff, 0xc6, 0xf9, 0xc9, 0xff, 0xcb, 0xf7, 0xce, 0xff, 0xd3, 0xf8, 0xd6, 0xff, 0xda, 0xf7, 0xdc, 0xff, 0xde, 0xf4, 0xdf, 0xff, 0xe4, 0xf3, 0xe2, 0xff, 0xe7, 0xf1, 0xe4, 0xff, 0xe8, 0xf0, 0xe4, 0xff, 0xe8, 0xf0, 0xe5, 0xff, 0xe8, 0xf0, 0xe6, 0xff, 0xe7, 0xf0, 0xe6, 0xff, 0xe6, 0xf0, 0xe6, 0xff, 0xe5, 0xf0, 0xe6, 0xff, 0xe4, 0xf1, 0xe6, 0xff, 0xe4, 0xf1, 0xe5, 0xff, 0xe4, 0xf1, 0xe5, 0xff, 0xe4, 0xf1, 0xe5, 0xff, 0xe4, 0xf1, 0xe5, 0xff, 0xe4, 0xf1, 0xe5, 0xff, 0xe5, 0xf1, 0xe5, 0xff, 0xe5, 0xf1, 0xe5, 0xff, 0xe6, 0xf1, 0xe5, 0xff, 0xe6, 0xf1, 0xe5, 0xff, 0xe6, 0xf1, 0xe5, 0xff, 0xe6, 0xf1, 0xe5, 0xff, 0xe6, 0xf1, 0xe5, 0xff, 0xe6, 0xf0, 0xe5, 0xff, 0xe7, 0xf0, 0xe5, 0xff, 0xe7, 0xf0, 0xe5, 0xff, 0xe5, 0xef, 0xe4, 0xff, 0xe5, 0xf0, 0xe4, 0xff, 0xe6, 0xf1, 0xe5, 0xff, 0xe6, 0xf1, 0xe5, 0xff, 0xe6, 0xf1, 0xe5, 0xff, 0xe6, 0xf1, 0xe5, 0xff, 0xe7, 0xf2, 0xe6, 0xff, 0xe7, 0xf2, 0xe6, 0xff, 0xe6, 0xf1, 0xe5, 0xff, 0xe6, 0xf1, 0xe5, 0xff, 0xe6, 0xf1, 0xe5, 0xff, 0xe6, 0xf1, 0xe5, 0xff, 0xe6, 0xf1, 0xe5, 0xff, 0xe6, 0xf1, 0xe5, 0xff, 0xe6, 0xf1, 0xe5, 0xff, 0xe6, 0xf1, 0xe5, 0xff, 0xe6, 0xf1, 0xe5, 0xff, 0xe6, 0xf1, 0xe5, 0xff, 0xe6, 0xf1, 0xe5, 0xff, 0xe6, 0xf1, 0xe5, 0xff, 0xe6, 0xf1, 0xe5, 0xff, 0xe6, 0xf1, 0xe5, 0xff, 0xe6, 0xf1, 0xe5, 0xff, 0xe6, 0xf1, 0xe5, 0xff, 0xe7, 0xf2, 0xe6, 0xff, 0xe7, 0xf2, 0xe6, 0xff, 0xe6, 0xf1, 0xe5, 0xff, 0xe6, 0xf1, 0xe5, 0xff, 0xe6, 0xf1, 0xe5, 0xff, 0xe6, 0xf1, 0xe5, 0xff, 0xe6, 0xf1, 0xe5, 0xff, 0xe6, 0xf1, 0xe5, 0xff, 0xe5, 0xf0, 0xe4, 0xff, 0xe4, 0xf0, 0xe3, 0xff, 0xe4, 0xf2, 0xe4, 0xff, 0xe5, 0xf5, 0xe4, 0xff, 0xe5, 0xf7, 0xe4, 0xff, 0xe5, 0xf9, 0xe3, 0xff, 0xe4, 0xf8, 0xe1, 0xff, 0xe2, 0xf8, 0xdf, 0xff, 0xdc, 0xf5, 0xd9, 0xff, 0xd7, 0xf5, 0xd5, 0xff, 0xd0, 0xf5, 0xce, 0xff, 0xcb, 0xf8, 0xc9, 0xff, 0xc5, 0xfc, 0xc4, 0xff, 0xc1, 0xff, 0xc1, 0xff, 0xbb, 0xff, 0xbd, 0xff, 0xb9, 0xff, 0xbb, 0xff, 0xbd, 0xff, 0xbe, 0xff, 0xbf, 0xfe, 0xbf, 0xff, 0xc0, 0xff, 0xc0, 0xff, 0xc0, 0xff, 0xc0, 0xff, 0xc0, 0xff, 0xc0, 0xff, 0xc0, 0xff, 0xc0, 0xff, 0xc0, 0xff, 0xc0, 0xff, 0xc0, 0xff, 0xc0, 0xff, 0xc0, 0xff, 0xc0, 0xff, 0xc0, 0xff, 0xc0, 0xff, 
  0xbd, 0xfe, 0xbf, 0xff, 0xbf, 0xff, 0xc1, 0xff, 0xbf, 0xfc, 0xc2, 0xff, 0xc1, 0xf9, 0xc4, 0xff, 0xc5, 0xf8, 0xc8, 0xff, 0xcc, 0xf9, 0xcf, 0xff, 0xd2, 0xf8, 0xd5, 0xff, 0xd6, 0xf4, 0xd7, 0xff, 0xdf, 0xf5, 0xde, 0xff, 0xe3, 0xf4, 0xe0, 0xff, 0xe6, 0xf4, 0xe2, 0xff, 0xe8, 0xf4, 0xe4, 0xff, 0xe8, 0xf4, 0xe5, 0xff, 0xe7, 0xf4, 0xe5, 0xff, 0xe6, 0xf5, 0xe6, 0xff, 0xe5, 0xf5, 0xe6, 0xff, 0xe3, 0xf3, 0xe4, 0xff, 0xe3, 0xf3, 0xe4, 0xff, 0xe3, 0xf3, 0xe4, 0xff, 0xe3, 0xf3, 0xe4, 0xff, 0xe3, 0xf3, 0xe4, 0xff, 0xe3, 0xf3, 0xe4, 0xff, 0xe3, 0xf3, 0xe4, 0xff, 0xe4, 0xf3, 0xe4, 0xff, 0xe5, 0xf3, 0xe4, 0xff, 0xe5, 0xf3, 0xe4, 0xff, 0xe5, 0xf3, 0xe4, 0xff, 0xe5, 0xf3, 0xe4, 0xff, 0xe5, 0xf3, 0xe4, 0xff, 0xe5, 0xf3, 0xe4, 0xff, 0xe5, 0xf3, 0xe4, 0xff, 0xe5, 0xf3, 0xe4, 0xff, 0xe4, 0xf2, 0xe3, 0xff, 0xe4, 0xf2, 0xe3, 0xff, 0xe5, 0xf3, 0xe4, 0xff, 0xe5, 0xf3, 0xe4, 0xff, 0xe5, 0xf3, 0xe4, 0xff, 0xe5, 0xf3, 0xe4, 0xff, 0xe5, 0xf3, 0xe4, 0xff, 0xe6, 0xf4, 0xe5, 0xff, 0xe5, 0xf3, 0xe4, 0xff, 0xe5, 0xf3, 0xe4, 0xff, 0xe5, 0xf3, 0xe4, 0xff, 0xe5, 0xf3, 0xe4, 0xff, 0xe5, 0xf3, 0xe4, 0xff, 0xe5, 0xf3, 0xe4, 0xff, 0xe5, 0xf3, 0xe4, 0xff, 0xe5, 0xf3, 0xe4, 0xff, 0xe5, 0xf3, 0xe4, 0xff, 0xe5, 0xf3, 0xe4, 0xff, 0xe5, 0xf3, 0xe4, 0xff, 0xe5, 0xf3, 0xe4, 0xff, 0xe5, 0xf3, 0xe4, 0xff, 0xe5, 0xf3, 0xe4, 0xff, 0xe5, 0xf3, 0xe4, 0xff, 0xe5, 0xf3, 0xe4, 0xff, 0xe5, 0xf3, 0xe4, 0xff, 0xe5, 0xf3, 0xe4, 0xff, 0xe5, 0xf3, 0xe4, 0xff, 0xe6, 0xf4, 0xe5, 0xff, 0xe6, 0xf4, 0xe5, 0xff, 0xe6, 0xf4, 0xe5, 0xff, 0xe6, 0xf4, 0xe5, 0xff, 0xe6, 0xf4, 0xe5, 0xff, 0xe5, 0xf3, 0xe3, 0xff, 0xe4, 0xf4, 0xe2, 0xff, 0xe4, 0xf6, 0xe2, 0xff, 0xe2, 0xf7, 0xe1, 0xff, 0xe0, 0xf8, 0xdf, 0xff, 0xde, 0xf8, 0xdc, 0xff, 0xda, 0xf6, 0xd8, 0xff, 0xd7, 0xf5, 0xd4, 0xff, 0xd4, 0xf5, 0xd2, 0xff, 0xd0, 0xf5, 0xce, 0xff, 0xcb, 0xf6, 0xc9, 0xff, 0xc7, 0xf9, 0xc6, 0xff, 0xc3, 0xfd, 0xc3, 0xff, 0xc0, 0xff, 0xc0, 0xff, 0xbb, 0xff, 0xbc, 0xff, 0xb9, 0xff, 0xbb, 0xff, 0xbd, 0xff, 0xbe, 0xff, 0xbf, 0xfe, 0xbf, 0xff, 0xc0, 0xff, 0xc0, 0xff, 0xc0, 0xff, 0xc0, 0xff, 0xc0, 0xff, 0xc0, 0xff, 0xc0, 0xff, 0xc0, 0xff, 0xc0, 0xff, 0xc0, 0xff, 0xc0, 0xff, 0xc0, 0xff, 0xc0, 0xff, 0xc0, 0xff, 0xc0, 0xff, 0xc0, 0xff, 
  0xbd, 0xfe, 0xc0, 0xff, 0xbf, 0xff, 0xc1, 0xff, 0xbf, 0xfe, 0xc2, 0xff, 0xbe, 0xfb, 0xc2, 0xff, 0xc1, 0xfa, 0xc5, 0xff, 0xc5, 0xf9, 0xc9, 0xff, 0xca, 0xf8, 0xcd, 0xff, 0xce, 0xf4, 0xd0, 0xff, 0xd7, 0xf4, 0xd6, 0xff, 0xdc, 0xf3, 0xda, 0xff, 0xe0, 0xf3, 0xdc, 0xff, 0xe2, 0xf3, 0xde, 0xff, 0xe3, 0xf4, 0xe0, 0xff, 0xe4, 0xf4, 0xe2, 0xff, 0xe2, 0xf5, 0xe2, 0xff, 0xe1, 0xf5, 0xe2, 0xff, 0xe0, 0xf4, 0xe1, 0xff, 0xe0, 0xf4, 0xe1, 0xff, 0xe0, 0xf4, 0xe1, 0xff, 0xe0, 0xf4, 0xe1, 0xff, 0xe0, 0xf4, 0xe1, 0xff, 0xe0, 0xf4, 0xe1, 0xff, 0xe0, 0xf4, 0xe1, 0xff, 0xe1, 0xf4, 0xe1, 0xff, 0xe2, 0xf5, 0xe2, 0xff, 0xe3, 0xf4, 0xe2, 0xff, 0xe3, 0xf4, 0xe2, 0xff, 0xe3, 0xf4, 0xe2, 0xff, 0xe3, 0xf4, 0xe2, 0xff, 0xe3, 0xf4, 0xe2, 0xff, 0xe3, 0xf4, 0xe2, 0xff, 0xe3, 0xf4, 0xe2, 0xff, 0xe2, 0xf3, 0xe1, 0xff, 0xe2, 0xf3, 0xe1, 0xff, 0xe2, 0xf3, 0xe1, 0xff, 0xe3, 0xf4, 0xe2, 0xff, 0xe3, 0xf4, 0xe2, 0xff, 0xe3, 0xf4, 0xe2, 0xff, 0xe3, 0xf4, 0xe2, 0xff, 0xe3, 0xf4, 0xe2, 0xff, 0xe3, 0xf4, 0xe2, 0xff, 0xe3, 0xf4, 0xe2, 0xff, 0xe3, 0xf4, 0xe2, 0xff, 0xe3, 0xf4, 0xe2, 0xff, 0xe3, 0xf4, 0xe2, 0xff, 0xe3, 0xf4, 0xe2, 0xff, 0xe3, 0xf4, 0xe2, 0xff, 0xe3, 0xf4, 0xe2, 0xff, 0xe3, 0xf4, 0xe2, 0xff, 0xe3, 0xf4, 0xe2, 0xff, 0xe3, 0xf4, 0xe2, 0xff, 0xe3, 0xf4, 0xe2, 0xff, 0xe3, 0xf4, 0xe2, 0xff, 0xe3, 0xf4, 0xe2, 0xff, 0xe3, 0xf4, 0xe2, 0xff, 0xe3, 0xf4, 0xe2, 0xff, 0xe3, 0xf4, 0xe2, 0xff, 0xe3, 0xf4, 0xe2, 0xff, 0xe3, 0xf4, 0xe2, 0xff, 0xe3, 0xf4, 0xe2, 0xff, 0xe4, 0xf5, 0xe3, 0xff, 0xe4, 0xf5, 0xe3, 0xff, 0xe4, 0xf5, 0xe3, 0xff, 0xe4, 0xf6, 0xe3, 0xff, 0xe3, 0xf5, 0xe1, 0xff, 0xe1, 0xf5, 0xdf, 0xff, 0xdf, 0xf6, 0xdd, 0xff, 0xdc, 0xf7, 0xda, 0xff, 0xd8, 0xf6, 0xd6, 0xff, 0xd4, 0xf5, 0xd2, 0xff, 0xcf, 0xf4, 0xcd, 0xff, 0xcc, 0xf3, 0xca, 0xff, 0xce, 0xf6, 0xcc, 0xff, 0xcb, 0xf7, 0xc9, 0xff, 0xc8, 0xf8, 0xc7, 0xff, 0xc6, 0xfb, 0xc5, 0xff, 0xc2, 0xfe, 0xc2, 0xff, 0xbe, 0xff, 0xbf, 0xff, 0xba, 0xff, 0xbc, 0xff, 0xb9, 0xff, 0xbb, 0xff, 0xbd, 0xff, 0xbe, 0xff, 0xbf, 0xfe, 0xbf, 0xff, 0xc0, 0xff, 0xc0, 0xff, 0xc0, 0xff, 0xc0, 0xff, 0xc0, 0xff, 0xc0, 0xff, 0xc0, 0xff, 0xc0, 0xff, 0xc0, 0xff, 0xc0, 0xff, 0xc0, 0xff, 0xc0, 0xff, 0xc0, 0xff, 0xc0, 0xff, 0xc0, 0xff, 0xc0, 0xff, 
  0xbd, 0xfc, 0xbf, 0xff, 0xbf, 0xfe, 0xc2, 0xff, 0xbf, 0xff, 0xc3, 0xff, 0xbd, 0xfe, 0xc3, 0xff, 0xbe, 0xfd, 0xc4, 0xff, 0xc0, 0xfc, 0xc6, 0xff, 0xc3, 0xf9, 0xc7, 0xff, 0xc6, 0xf4, 0xc8, 0xff, 0xcd, 0xf2, 0xcd, 0xff, 0xd3, 0xf1, 0xd1, 0xff, 0xd7, 0xf1, 0xd4, 0xff, 0xdb, 0xf1, 0xd7, 0xff, 0xdd, 0xf2, 0xd9, 0xff, 0xdd, 0xf2, 0xdb, 0xff, 0xdb, 0xf3, 0xdb, 0xff, 0xdb, 0xf3, 0xdb, 0xff, 0xdb, 0xf2, 0xdc, 0xff, 0xdc, 0xf2, 0xdc, 0xff, 0xdc, 0xf2, 0xdc, 0xff, 0xdc, 0xf2, 0xdc, 0xff, 0xdc, 0xf2, 0xdc, 0xff, 0xdc, 0xf2, 0xdc, 0xff, 0xdc, 0xf2, 0xdc, 0xff, 0xdc, 0xf2, 0xdc, 0xff, 0xdd, 0xf3, 0xdd, 0xff, 0xdd, 0xf3, 0xdd, 0xff, 0xde, 0xf3, 0xdd, 0xff, 0xde, 0xf3, 0xdd, 0xff, 0xde, 0xf3, 0xdd, 0xff, 0xde, 0xf3, 0xdd, 0xff, 0xde, 0xf3, 0xdd, 0xff, 0xde, 0xf3, 0xdd, 0xff, 0xde, 0xf3, 0xdd, 0xff, 0xde, 0xf3, 0xdd, 0xff, 0xde, 0xf3, 0xdd, 0xff, 0xde, 0xf3, 0xdd, 0xff, 0xde, 0xf3, 0xdd, 0xff, 0xde, 0xf3, 0xdd, 0xff, 0xde, 0xf3, 0xdd, 0xff, 0xde, 0xf3, 0xdd, 0xff, 0xde, 0xf3, 0xdd, 0xff, 0xde, 0xf3, 0xdd, 0xff, 0xde, 0xf3, 0xdd, 0xff, 0xde, 0xf3, 0xdd, 0xff, 0xde, 0xf3, 0xdd, 0xff, 0xde, 0xf3, 0xdd, 0xff, 0xde, 0xf3, 0xdd, 0xff, 0xde, 0xf3, 0xdd, 0xff, 0xde, 0xf3, 0xdd, 0xff, 0xde, 0xf3, 0xdd, 0xff, 0xde, 0xf3, 0xdd, 0xff, 0xde, 0xf3, 0xdd, 0xff, 0xde, 0xf3, 0xdd, 0xff, 0xde, 0xf3, 0xdd, 0xff, 0xde, 0xf3, 0xdd, 0xff, 0xde, 0xf3, 0xdd, 0xff, 0xde, 0xf3, 0xdd, 0xff, 0xde, 0xf3, 0xdd, 0xff, 0xde, 0xf3, 0xdd, 0xff, 0xde, 0xf3, 0xdd, 0xff, 0xde, 0xf3, 0xdd, 0xff, 0xde, 0xf3, 0xdd, 0xff, 0xde, 0xf3, 0xdd, 0xff, 0xde, 0xf3, 0xdc, 0xff, 0xdb, 0xf2, 0xd9, 0xff, 0xd9, 0xf2, 0xd7, 0xff, 0xd5, 0xf2, 0xd4, 0xff, 0xd3, 0xf4, 0xd1, 0xff, 0xd0, 0xf5, 0xce, 0xff, 0xcd, 0xf7, 0xcb, 0xff, 0xcb, 0xf7, 0xc8, 0xff, 0xc9, 0xf8, 0xc7, 0xff, 0xc9, 0xf9, 0xc7, 0xff, 0xc8, 0xfa, 0xc6, 0xff, 0xc7, 0xfb, 0xc5, 0xff, 0xc5, 0xfd, 0xc4, 0xff, 0xc2, 0xff, 0xc2, 0xff, 0xbe, 0xff, 0xc0, 0xff, 0xba, 0xff, 0xbd, 0xff, 0xb9, 0xff, 0xbc, 0xff, 0xbd, 0xff, 0xbf, 0xff, 0xbf, 0xfe, 0xbf, 0xff, 0xc0, 0xff, 0xc0, 0xff, 0xc0, 0xff, 0xc0, 0xff, 0xc0, 0xff, 0xc0, 0xff, 0xc0, 0xff, 0xc0, 0xff, 0xc0, 0xff, 0xc0, 0xff, 0xc0, 0xff, 0xc0, 0xff, 0xc0, 0xff, 0xc0, 0xff, 0xc0, 0xff, 0xc0, 0xff, 
#endif
};

const lv_img_dsc_t icon6 = {
  .header.cf = LV_IMG_CF_TRUE_COLOR,
  .header.always_zero = 0,
  .header.reserved = 0,
  .header.w = 90,
  .header.h = 77,
  .data_size = 6930 * LV_COLOR_SIZE / 8,
  .data = icon6_map,
};




#endif