#include "TFT_Img.h"
#include "dbg_config.h"

#if(ENABLE_LVGL_USE == 0)
static const unsigned char gImage_icon13[12320] = { /* 0X00,0X10,0X50,0X00,0X4D,0X00,0X01,0X1B, */
0XF8,0XC7,0XF8,0XC7,0XF8,0XC7,0XF8,0XC7,0XF8,0XC7,0XF8,0XC7,0XF8,0XC7,0XF8,0XC7,
0XF8,0XC7,0XF8,0XC7,0XF8,0XC7,0XF7,0XBF,0XF7,0XBF,0XF7,0XBF,0XF8,0XC7,0XF8,0XC7,
0XF8,0XC7,0XF8,0XC7,0XF8,0XC7,0XF8,0XC7,0XF7,0XBF,0XF7,0XBF,0XF7,0XBF,0XF7,0XBF,
0XF8,0XC7,0XF8,0XC7,0XF8,0XC7,0XF8,0XC7,0XF8,0XBF,0XF8,0XBF,0XF7,0XBF,0XF7,0XBF,
0XF8,0XBF,0XF8,0XBF,0XF7,0XC7,0XF7,0XC7,0XF7,0XC7,0XF7,0XBF,0XF7,0XBF,0XF8,0XC7,
0XF8,0XC7,0XD9,0XC7,0XBA,0XCF,0XBA,0XD7,0X9B,0XDF,0X9B,0XE7,0X9B,0XE7,0X9C,0XE7,
0X9C,0XE7,0X9C,0XE7,0X9C,0XE7,0X9B,0XDF,0XBB,0XDF,0XBA,0XD7,0XBA,0XCF,0XB9,0XCF,
0XB8,0XC7,0XF8,0XC7,0XF8,0XC7,0XF7,0XBF,0XF7,0XBF,0XF7,0XBF,0XF7,0XBF,0XF7,0XC7,
0XF7,0XC7,0XF7,0XC7,0XF7,0XC7,0XF7,0XBF,0XF7,0XBF,0XF8,0XC7,0XF8,0XC7,0XF8,0XC7,
0XF8,0XC7,0XF8,0XC7,0XF8,0XC7,0XF8,0XC7,0XF8,0XC7,0XF8,0XC7,0XF8,0XC7,0XF8,0XC7,
0XF8,0XC7,0XF8,0XC7,0XF8,0XC7,0XF8,0XC7,0XF8,0XC7,0XF8,0XC7,0XF8,0XC7,0XF8,0XC7,
0XF8,0XC7,0XF8,0XC7,0XF8,0XC7,0XF8,0XC7,0XF7,0XC7,0XF8,0XC7,0XF8,0XC7,0XF8,0XC7,
0XF8,0XC7,0XF8,0XC7,0XF8,0XC7,0XF8,0XC7,0XF7,0XC7,0XF7,0XBF,0XF7,0XBF,0XF7,0XC7,
0XF7,0XC7,0XF8,0XC7,0XF8,0XC7,0XF8,0XC7,0XF8,0XC7,0XF7,0XC7,0XF7,0XBF,0XF7,0XBF,
0XF8,0XC7,0XF8,0XC7,0XF7,0XC7,0XF7,0XC7,0XF7,0XC7,0XF8,0XC7,0XF8,0XC7,0XD8,0XC7,
0XF9,0XCF,0XDA,0XD7,0XBB,0XDF,0XBB,0XDF,0X9C,0XE7,0X9C,0XE7,0X9C,0XE7,0X9C,0XE7,
0X9C,0XE7,0X9C,0XE7,0X9C,0XE7,0X9C,0XE7,0XBB,0XDF,0XBB,0XDF,0XDB,0XD7,0XDA,0XD7,
0XD9,0XD7,0XD9,0XCF,0XD8,0XC7,0XF8,0XC7,0XF8,0XC7,0XF8,0XBF,0XF7,0XBF,0XF7,0XC7,
0XF7,0XC7,0XF7,0XC7,0XF7,0XC7,0XF7,0XC7,0XF7,0XC7,0XF8,0XC7,0XF8,0XC7,0XF8,0XC7,
0XF8,0XC7,0XF8,0XC7,0XF8,0XC7,0XF8,0XC7,0XF8,0XC7,0XF8,0XC7,0XF8,0XC7,0XF8,0XC7,
0XF8,0XC7,0XF8,0XC7,0XF8,0XC7,0XF8,0XC7,0XF8,0XC7,0XF8,0XC7,0XF8,0XC7,0XF8,0XC7,
0XF8,0XC7,0XF8,0XC7,0XF8,0XC7,0XF8,0XC7,0XF8,0XC7,0XF8,0XC7,0XF8,0XC7,0XF8,0XC7,
0XF8,0XC7,0XF8,0XC7,0XF8,0XC7,0XF8,0XC7,0XF8,0XC7,0XF8,0XC7,0XF8,0XC7,0XF7,0XC7,
0XF7,0XC7,0XF8,0XC7,0XF8,0XC7,0XF8,0XC7,0XF7,0XC7,0XF7,0XC7,0XF7,0XC7,0XF7,0XC7,
0XF7,0XC7,0XF8,0XC7,0XF8,0XC7,0XF8,0XC7,0XD8,0XC7,0XD8,0XCF,0XD9,0XCF,0XDA,0XD7,
0XDB,0XDF,0XBB,0XDF,0XBC,0XE7,0X9C,0XE7,0X9C,0XE7,0X9C,0XE7,0X9C,0XE7,0X9C,0XE7,
0X9C,0XE7,0X9C,0XE7,0X9C,0XE7,0X9C,0XE7,0X9C,0XE7,0X9B,0XE7,0XBB,0XDF,0XBB,0XDF,
0XDB,0XDF,0XFA,0XDF,0XD9,0XCF,0XD9,0XC7,0XD8,0XC7,0XF8,0XC7,0XF8,0XC7,0XF7,0XC7,
0XF7,0XC7,0XF7,0XC7,0XF7,0XC7,0XF7,0XC7,0XF7,0XC7,0XF8,0XC7,0XF8,0XC7,0XF8,0XC7,
0XF8,0XC7,0XF8,0XC7,0XF8,0XC7,0XF8,0XC7,0XF8,0XC7,0XF8,0XC7,0XF8,0XC7,0XF8,0XC7,
0XF8,0XC7,0XF8,0XC7,0XF8,0XC7,0XF8,0XC7,0XF8,0XC7,0XF8,0XC7,0XF8,0XC7,0XF8,0XC7,
0XF8,0XC7,0XF8,0XC7,0XF8,0XC7,0XF8,0XC7,0XF8,0XC7,0XF8,0XC7,0XF8,0XC7,0XF7,0XC7,
0XF7,0XBF,0XF7,0XBF,0XF7,0XC7,0XF7,0XC7,0XF8,0XC7,0XF8,0XC7,0XF8,0XC7,0XF7,0XBF,
0XF7,0XBF,0XF7,0XC7,0XF8,0XC7,0XF8,0XC7,0XF7,0XC7,0XF7,0XC7,0XF7,0XC7,0XF7,0XC7,
0XF7,0XC7,0XD8,0XC7,0XD8,0XC7,0XD9,0XC7,0XD9,0XCF,0XDA,0XD7,0XBB,0XDF,0XBC,0XE7,
0X9C,0XE7,0X9C,0XE7,0X7C,0XE7,0X9C,0XE7,0X9C,0XE7,0X9C,0XE7,0X9C,0XE7,0X9C,0XE7,
0X9D,0XE7,0X9C,0XE7,0X9D,0XE7,0X7C,0XE7,0X7C,0XE7,0X9C,0XE7,0X9C,0XE7,0X9B,0XE7,
0X9B,0XE7,0XBB,0XDF,0XDB,0XDF,0XDA,0XD7,0XB9,0XD7,0XD8,0XCF,0XF8,0XC7,0XF8,0XC7,
0XF7,0XBF,0XF7,0XBF,0XF7,0XC7,0XF7,0XC7,0XF7,0XC7,0XF8,0XC7,0XF8,0XC7,0XF8,0XC7,
0XF8,0XC7,0XF8,0XC7,0XF8,0XC7,0XF8,0XC7,0XF8,0XC7,0XF8,0XC7,0XF8,0XC7,0XF8,0XC7,
0XF8,0XC7,0XF8,0XC7,0XF8,0XC7,0XF8,0XC7,0XF8,0XC7,0XF8,0XC7,0XF8,0XC7,0XF8,0XC7,
0XF8,0XC7,0XF8,0XC7,0XF8,0XC7,0XF8,0XC7,0XF8,0XC7,0XF8,0XC7,0XF8,0XC7,0XF7,0XBF,
0XF7,0XBF,0XF7,0XBF,0XF7,0XC7,0XF7,0XC7,0XF8,0XC7,0XF8,0XC7,0XF8,0XC7,0XF8,0XBF,
0XF8,0XBF,0XF8,0XBF,0XF8,0XBF,0XF8,0XBF,0XF7,0XBF,0XF7,0XBF,0XF7,0XBF,0XF7,0XBF,
0XF7,0XC7,0XF8,0XC7,0XD9,0XC7,0XDA,0XCF,0XDB,0XD7,0XBB,0XDF,0X9C,0XE7,0X7C,0XE7,
0X7C,0XEF,0X7C,0XEF,0X7D,0XEF,0X9C,0XE7,0X9C,0XE7,0X9C,0XE7,0X9C,0XE7,0X9C,0XE7,
0X9C,0XE7,0X7C,0XE7,0X7D,0XE7,0X7C,0XE7,0X7C,0XE7,0X7C,0XEF,0X9C,0XEF,0X9C,0XEF,
0X9C,0XE7,0X9C,0XDF,0XBC,0XDF,0XBB,0XE7,0XBB,0XDF,0XB9,0XD7,0XD8,0XCF,0XF8,0XC7,
0XF8,0XBF,0XF7,0XBF,0XF7,0XC7,0XF7,0XC7,0XF7,0XC7,0XF8,0XC7,0XF8,0XC7,0XF8,0XC7,
0XF8,0XC7,0XF8,0XC7,0XF8,0XC7,0XF8,0XC7,0XF8,0XC7,0XF8,0XC7,0XF8,0XC7,0XF8,0XC7,
0XF8,0XC7,0XF8,0XC7,0XF8,0XC7,0XF8,0XC7,0XF8,0XC7,0XF8,0XC7,0XF8,0XC7,0XF8,0XC7,
0XF8,0XC7,0XF8,0XC7,0XF8,0XC7,0XF8,0XC7,0XF8,0XC7,0XF8,0XC7,0XF7,0XBF,0XF7,0XBF,
0XF7,0XBF,0XF7,0XBF,0XF7,0XC7,0XF8,0XC7,0XF8,0XC7,0XD8,0XC7,0XF8,0XC7,0XF8,0XC7,
0XF8,0XC7,0XF8,0XC7,0XF8,0XC7,0XF8,0XBF,0XF8,0XBF,0XF7,0XBF,0XF7,0XBF,0XF8,0XBF,
0XF8,0XBF,0XF8,0XC7,0XDA,0XD7,0XBB,0XDF,0XBB,0XDF,0X9C,0XE7,0X9C,0XE7,0X7C,0XE7,
0X7D,0XE7,0X7D,0XEF,0X7C,0XE7,0X9C,0XE7,0X9C,0XE7,0X9C,0XE7,0X9C,0XE7,0X9C,0XE7,
0X9C,0XE7,0X7C,0XE7,0X7C,0XE7,0X7D,0XEF,0X9D,0XEF,0X7C,0XE7,0X9C,0XE7,0X7C,0XE7,
0X7C,0XE7,0X9D,0XE7,0X9C,0XE7,0X9C,0XE7,0XBB,0XE7,0XBA,0XDF,0XD9,0XD7,0XD8,0XC7,
0XF8,0XBF,0XF8,0XBF,0XF7,0XC7,0XF7,0XC7,0XF7,0XC7,0XF8,0XC7,0XF8,0XC7,0XF8,0XC7,
0XF8,0XC7,0XF8,0XC7,0XF8,0XC7,0XF8,0XC7,0XF8,0XC7,0XF8,0XC7,0XF8,0XC7,0XF8,0XC7,
0XF8,0XC7,0XF8,0XC7,0XF8,0XC7,0XF8,0XC7,0XF8,0XC7,0XF8,0XC7,0XF8,0XC7,0XF8,0XC7,
0XF8,0XC7,0XF8,0XC7,0XF8,0XC7,0XF8,0XC7,0XF7,0XC7,0XF7,0XC7,0XF7,0XC7,0XF7,0XC7,
0XF7,0XBF,0XF7,0XBF,0XF8,0XC7,0XD8,0XC7,0XD8,0XC7,0XD9,0XCF,0XD9,0XCF,0XD9,0XCF,
0XD9,0XCF,0XD9,0XCF,0XD9,0XCF,0XD8,0XC7,0XF8,0XC7,0XF8,0XC7,0XF8,0XC7,0XF8,0XC7,
0XF8,0XC7,0XF9,0XCF,0XBA,0XDF,0X9B,0XE7,0X9C,0XE7,0X9C,0XE7,0X9C,0XE7,0X7D,0XE7,
0X7D,0XE7,0X7C,0XE7,0X9C,0XE7,0X9C,0XE7,0X9C,0XE7,0X9C,0XE7,0X9C,0XE7,0X9C,0XE7,
0X9C,0XE7,0X7C,0XE7,0X7C,0XE7,0X9C,0XE7,0X9C,0XE7,0X9C,0XE7,0X9C,0XE7,0X9C,0XE7,
0X9C,0XE7,0X7D,0XE7,0X7D,0XE7,0X7C,0XE7,0X9C,0XE7,0X9B,0XE7,0XDB,0XDF,0XD9,0XCF,
0XD8,0XC7,0XF8,0XC7,0XF8,0XC7,0XF7,0XC7,0XF7,0XC7,0XF8,0XC7,0XF8,0XC7,0XF8,0XC7,
0XF8,0XC7,0XF8,0XC7,0XF8,0XC7,0XF8,0XC7,0XF8,0XC7,0XF8,0XC7,0XF8,0XC7,0XF8,0XC7,
0XF8,0XC7,0XF8,0XC7,0XF8,0XC7,0XF8,0XC7,0XF8,0XC7,0XF8,0XC7,0XF8,0XC7,0XF8,0XC7,
0XF8,0XC7,0XF8,0XC7,0XF8,0XC7,0XF7,0XBF,0XF7,0XBF,0XF7,0XC7,0XF7,0XC7,0XF7,0XC7,
0XD8,0XC7,0XD8,0XC7,0XD8,0XCF,0XD9,0XCF,0XDA,0XD7,0XDA,0XD7,0XDA,0XD7,0XDA,0XDF,
0XBA,0XDF,0XBA,0XDF,0XBA,0XDF,0XBA,0XD7,0XD9,0XD7,0XD9,0XCF,0XB9,0XCF,0XB9,0XCF,
0XD9,0XCF,0XDA,0XD7,0X9B,0XE7,0X7B,0XEF,0X9C,0XE7,0X7C,0XE7,0X9C,0XE7,0X9C,0XE7,
0X9C,0XE7,0X9C,0XE7,0X9C,0XE7,0X9C,0XE7,0X9C,0XE7,0X9C,0XE7,0X9C,0XE7,0X9C,0XE7,
0X9C,0XE7,0X9C,0XE7,0X9C,0XE7,0X9C,0XE7,0X9C,0XE7,0X9C,0XE7,0X9C,0XE7,0X9C,0XE7,
0X9C,0XE7,0X7C,0XE7,0X7D,0XE7,0X7C,0XE7,0X7C,0XE7,0X7C,0XE7,0X9B,0XDF,0XDA,0XD7,
0XD9,0XCF,0XD8,0XC7,0XF8,0XC7,0XF8,0XC7,0XF7,0XC7,0XF8,0XC7,0XF8,0XC7,0XF8,0XC7,
0XF8,0XC7,0XF8,0XC7,0XF8,0XC7,0XF8,0XC7,0XF8,0XC7,0XF8,0XC7,0XF8,0XC7,0XF8,0XC7,
0XF8,0XC7,0XF8,0XC7,0XF8,0XC7,0XF8,0XC7,0XF8,0XC7,0XF8,0XC7,0XF8,0XC7,0XF8,0XC7,
0XF8,0XC7,0XF8,0XC7,0XF7,0XC7,0XF7,0XBF,0XF7,0XBF,0XF7,0XC7,0XD8,0XC7,0XD8,0XC7,
0XD9,0XCF,0XDA,0XD7,0XDA,0XD7,0XBB,0XDF,0XBB,0XDF,0XBB,0XDF,0XBB,0XDF,0X9B,0XE7,
0X9B,0XE7,0X9B,0XE7,0X9B,0XE7,0XBB,0XDF,0XBA,0XDF,0XBA,0XD7,0XBA,0XD7,0XBA,0XD7,
0XBB,0XDF,0XBB,0XDF,0X9C,0XE7,0X7C,0XEF,0X7C,0XE7,0X7C,0XE7,0X9C,0XE7,0X9C,0XE7,
0X9C,0XE7,0X9C,0XE7,0X9C,0XE7,0X9C,0XE7,0X9C,0XE7,0X9C,0XE7,0X9C,0XE7,0X9C,0XE7,
0X9C,0XE7,0X9C,0XE7,0X9C,0XE7,0X9C,0XE7,0X9C,0XE7,0X9C,0XE7,0X9C,0XE7,0X9C,0XE7,
0X9C,0XE7,0X9C,0XE7,0X9C,0XE7,0X7C,0XE7,0X7C,0XE7,0X7C,0XE7,0X9C,0XE7,0XBB,0XDF,
0XDA,0XDF,0XB9,0XCF,0XD8,0XC7,0XF8,0XC7,0XF7,0XC7,0XF8,0XC7,0XF8,0XC7,0XF8,0XC7,
0XF8,0XC7,0XF8,0XC7,0XF8,0XC7,0XF8,0XC7,0XF8,0XC7,0XF8,0XC7,0XF8,0XC7,0XF8,0XC7,
0XF8,0XC7,0XF8,0XC7,0XF8,0XC7,0XF8,0XC7,0XF8,0XC7,0XF8,0XC7,0XF8,0XC7,0XF8,0XC7,
0XF8,0XC7,0XF8,0XC7,0XF8,0XC7,0XF7,0XC7,0XF7,0XBF,0XF8,0XC7,0XD8,0XC7,0XD9,0XCF,
0XDA,0XD7,0XBB,0XDF,0XBC,0XDF,0X9C,0XE7,0X9C,0XE7,0X9C,0XE7,0X7C,0XE7,0X7C,0XE7,
0X7C,0XE7,0X7C,0XE7,0X9C,0XE7,0X9C,0XE7,0XBB,0XE7,0XBB,0XE7,0XBB,0XDF,0X9B,0XDF,
0X9C,0XE7,0X7C,0XE7,0X7C,0XE7,0X9C,0XE7,0X9C,0XE7,0X9C,0XE7,0X9C,0XE7,0X9C,0XE7,
0X9C,0XE7,0X9C,0XE7,0X9C,0XE7,0X9C,0XE7,0X9C,0XE7,0X9C,0XE7,0X7C,0XE7,0X7C,0XE7,
0X9C,0XE7,0X9C,0XE7,0X9C,0XE7,0X9C,0XE7,0X9C,0XE7,0X9C,0XE7,0X9C,0XE7,0X9C,0XE7,
0X9C,0XE7,0X9C,0XE7,0X9C,0XE7,0X9C,0XE7,0X9D,0XE7,0X9D,0XE7,0X9C,0XE7,0X9C,0XE7,
0XBB,0XE7,0XBA,0XD7,0XD8,0XCF,0XF8,0XC7,0XF8,0XC7,0XF8,0XC7,0XF8,0XC7,0XF8,0XC7,
0XF8,0XC7,0XF8,0XC7,0XF8,0XC7,0XF8,0XC7,0XF8,0XC7,0XF8,0XC7,0XF8,0XC7,0XF8,0XC7,
0XF8,0XC7,0XF8,0XC7,0XF8,0XC7,0XF8,0XC7,0XF8,0XC7,0XF8,0XC7,0XF8,0XC7,0XF8,0XC7,
0XF8,0XC7,0XF8,0XC7,0XF8,0XC7,0XF7,0XC7,0XF7,0XC7,0XD8,0XC7,0XD9,0XCF,0XBA,0XD7,
0XBB,0XDF,0X9C,0XE7,0X9D,0XE7,0X7D,0XEF,0X7D,0XEF,0X7D,0XEF,0X7D,0XEF,0X7D,0XE7,
0X7D,0XE7,0X7D,0XE7,0X9D,0XE7,0X9C,0XE7,0X9C,0XE7,0XBC,0XE7,0X9C,0XE7,0X9C,0XE7,
0X7C,0XE7,0X7C,0XE7,0X9C,0XE7,0X9C,0XE7,0X9C,0XE7,0X9C,0XE7,0X7C,0XE7,0X7C,0XE7,
0X7C,0XE7,0X7C,0XE7,0X7C,0XE7,0X7C,0XE7,0X9C,0XE7,0X9C,0XE7,0X9C,0XE7,0X9C,0XE7,
0X9C,0XE7,0X9C,0XE7,0X9C,0XE7,0X9C,0XE7,0X7C,0XE7,0X7C,0XE7,0X7C,0XE7,0X9C,0XE7,
0X9C,0XE7,0X9C,0XE7,0X9C,0XE7,0X9C,0XE7,0X9D,0XE7,0X9D,0XE7,0X7D,0XEF,0X7C,0XEF,
0X9B,0XE7,0XBA,0XDF,0XD9,0XCF,0XF8,0XC7,0XF8,0XC7,0XF8,0XC7,0XF8,0XC7,0XF8,0XC7,
0XF8,0XC7,0XF8,0XC7,0XF8,0XC7,0XF8,0XC7,0XF8,0XC7,0XF8,0XC7,0XF8,0XC7,0XF8,0XC7,
0XF8,0XC7,0XF8,0XC7,0XF8,0XC7,0XF8,0XBF,0XF8,0XBF,0XF8,0XC7,0XF7,0XC7,0XF7,0XC7,
0XF7,0XC7,0XF8,0XC7,0XF8,0XC7,0XF8,0XC7,0XD9,0XC7,0XD9,0XCF,0XBA,0XDF,0X9B,0XE7,
0X9C,0XE7,0X7C,0XE7,0X7C,0XE7,0X7C,0XE7,0X7D,0XE7,0X7D,0XE7,0X7D,0XE7,0X9C,0XE7,
0X9C,0XE7,0X9C,0XE7,0X9C,0XE7,0X9C,0XE7,0X9C,0XE7,0X9C,0XE7,0X9C,0XE7,0X9C,0XE7,
0X9C,0XE7,0X7C,0XE7,0X9C,0XE7,0X9C,0XE7,0X9C,0XE7,0X9C,0XE7,0X9C,0XE7,0X9C,0XE7,
0X7C,0XE7,0X7C,0XE7,0X7C,0XE7,0X9C,0XE7,0X9C,0XE7,0X9C,0XE7,0X9C,0XE7,0X9C,0XE7,
0X9C,0XE7,0X9C,0XE7,0X9C,0XE7,0X9C,0XE7,0X7C,0XE7,0X9C,0XE7,0X9C,0XE7,0X7C,0XE7,
0X7C,0XE7,0X7C,0XE7,0X9C,0XE7,0X9C,0XE7,0X9C,0XE7,0X9C,0XE7,0X7C,0XE7,0X7C,0XEF,
0X7C,0XE7,0XBB,0XDF,0XDA,0XD7,0XD9,0XCF,0XF8,0XC7,0XF8,0XC7,0XF8,0XC7,0XF8,0XC7,
0XF8,0XC7,0XF8,0XC7,0XF8,0XC7,0XF8,0XC7,0XF7,0XC7,0XF7,0XC7,0XF7,0XBF,0XF7,0XBF,
0XF8,0XC7,0XF8,0XC7,0XF8,0XBF,0XF8,0XBF,0XF8,0XBF,0XF7,0XBF,0XF7,0XC7,0XF7,0XC7,
0XF7,0XC7,0XF8,0XC7,0XF8,0XBF,0XD8,0XC7,0XB9,0XCF,0XBB,0XDF,0X9B,0XE7,0X7C,0XEF,
0X7C,0XEF,0X7C,0XEF,0X9C,0XE7,0X9C,0XE7,0X9C,0XE7,0X7C,0XE7,0X7C,0XE7,0X9C,0XE7,
0X9C,0XE7,0X9C,0XE7,0X9C,0XE7,0X9C,0XE7,0X9C,0XE7,0X9C,0XE7,0X9C,0XE7,0X9C,0XE7,
0X9C,0XE7,0X9C,0XE7,0X9C,0XE7,0X9C,0XE7,0X9C,0XE7,0X9C,0XE7,0X9C,0XE7,0X9C,0XE7,
0X9C,0XE7,0X9C,0XE7,0X9C,0XE7,0X9C,0XE7,0X9C,0XE7,0X9C,0XE7,0X9C,0XE7,0X9C,0XE7,
0X9C,0XE7,0X9C,0XE7,0X9C,0XE7,0X9C,0XE7,0X9C,0XE7,0X9C,0XE7,0X9C,0XE7,0X9C,0XE7,
0X7C,0XE7,0X7C,0XE7,0X7C,0XE7,0X9C,0XE7,0X9C,0XE7,0X9C,0XE7,0X7C,0XE7,0X7C,0XE7,
0X7C,0XE7,0X9B,0XE7,0XBB,0XDF,0XDA,0XCF,0XD8,0XC7,0XF8,0XBF,0XF8,0XC7,0XF8,0XC7,
0XF8,0XC7,0XF8,0XC7,0XF8,0XC7,0XF7,0XC7,0XF7,0XBF,0XF7,0XBF,0XF7,0XBF,0XF7,0XBF,
0XF8,0XC7,0XF8,0XC7,0XF8,0XC7,0XF8,0XBF,0XF8,0XBF,0XF8,0XBF,0XF7,0XC7,0XF7,0XC7,
0XF7,0XC7,0XF8,0XC7,0XF8,0XC7,0XD9,0XCF,0XBA,0XD7,0XBB,0XDF,0X9C,0XE7,0X7C,0XEF,
0X7C,0XEF,0X7C,0XE7,0X9C,0XE7,0X9C,0XE7,0X9C,0XE7,0X7C,0XE7,0X7C,0XE7,0X9C,0XE7,
0X9C,0XE7,0X9C,0XE7,0X9C,0XE7,0X9C,0XE7,0X9C,0XE7,0X9C,0XE7,0X9C,0XE7,0X9C,0XE7,
0X9C,0XE7,0X9C,0XE7,0X9C,0XE7,0X9C,0XE7,0X9C,0XE7,0X9C,0XE7,0X9C,0XE7,0X9C,0XE7,
0X9C,0XE7,0X9C,0XE7,0X9C,0XE7,0X9C,0XE7,0X9C,0XE7,0X9C,0XE7,0X9C,0XE7,0X9C,0XE7,
0X9C,0XE7,0X9C,0XE7,0X9C,0XE7,0X9C,0XE7,0X9C,0XE7,0X9C,0XE7,0X9C,0XE7,0X9C,0XE7,
0X9C,0XE7,0X7C,0XE7,0X7C,0XE7,0X9C,0XE7,0X9C,0XE7,0X9C,0XE7,0X7C,0XE7,0X7C,0XEF,
0X7C,0XEF,0X9B,0XE7,0XBB,0XDF,0XDA,0XD7,0XD8,0XC7,0XF8,0XC7,0XF8,0XBF,0XF8,0XC7,
0XF8,0XC7,0XF8,0XC7,0XF8,0XC7,0XF8,0XC7,0XF8,0XC7,0XF7,0XBF,0XF7,0XBF,0XF7,0XBF,
0XF8,0XC7,0XF8,0XC7,0XF8,0XC7,0XF8,0XBF,0XF8,0XBF,0XF8,0XBF,0XF7,0XC7,0XF7,0XC7,
0XF7,0XC7,0XF8,0XC7,0XF8,0XC7,0XD9,0XCF,0XBB,0XDF,0XBB,0XDF,0X9C,0XE7,0X7C,0XE7,
0X7C,0XE7,0X9C,0XE7,0X9C,0XE7,0X9C,0XE7,0X9C,0XE7,0X7C,0XE7,0X7C,0XE7,0X7C,0XE7,
0X9C,0XE7,0X9C,0XE7,0X9C,0XE7,0X9C,0XE7,0X9C,0XE7,0X9C,0XE7,0X9C,0XE7,0X9C,0XE7,
0X9C,0XE7,0X9C,0XE7,0X9C,0XE7,0X9C,0XE7,0X9C,0XE7,0X9C,0XE7,0X9C,0XE7,0X9C,0XE7,
0X9C,0XE7,0X9C,0XE7,0X9C,0XE7,0X9C,0XE7,0X9C,0XE7,0X9C,0XE7,0X9C,0XE7,0X9C,0XE7,
0X9C,0XE7,0X9C,0XE7,0X9C,0XE7,0X9C,0XE7,0X9C,0XE7,0X9C,0XE7,0X9C,0XE7,0X9C,0XE7,
0X9C,0XE7,0X7C,0XE7,0X7C,0XE7,0X9C,0XE7,0X9C,0XE7,0X9C,0XE7,0X7C,0XE7,0X7C,0XEF,
0X7C,0XEF,0X9C,0XE7,0XBB,0XDF,0XBB,0XD7,0XD9,0XCF,0XF8,0XC7,0XF8,0XBF,0XF8,0XC7,
0XF8,0XC7,0XF8,0XC7,0XF8,0XC7,0XF8,0XC7,0XF8,0XC7,0XF8,0XC7,0XF8,0XBF,0XF8,0XBF,
0XF8,0XC7,0XF8,0XC7,0XF8,0XC7,0XF8,0XC7,0XF8,0XBF,0XF8,0XBF,0XF7,0XBF,0XF7,0XC7,
0XF8,0XC7,0XF8,0XC7,0XF8,0XC7,0XDA,0XD7,0XBB,0XDF,0X9C,0XE7,0X9C,0XE7,0X7C,0XE7,
0X7C,0XE7,0X9C,0XE7,0X9C,0XE7,0X9C,0XE7,0X9C,0XE7,0X7D,0XEF,0X7D,0XEF,0X9C,0XE7,
0X9C,0XE7,0X9C,0XE7,0X9C,0XE7,0X9C,0XE7,0X9C,0XE7,0X9C,0XE7,0X9C,0XE7,0X9C,0XE7,
0X9C,0XE7,0X9C,0XE7,0X9C,0XE7,0X9C,0XE7,0X9C,0XE7,0X9C,0XE7,0X9C,0XE7,0X9C,0XE7,
0X9C,0XE7,0X9C,0XE7,0X9C,0XE7,0X9C,0XE7,0X9C,0XE7,0X9C,0XE7,0X9C,0XE7,0X9C,0XE7,
0X9C,0XE7,0X9C,0XE7,0X9C,0XE7,0X9C,0XE7,0X9C,0XE7,0X9C,0XE7,0X9C,0XE7,0X9C,0XE7,
0X9C,0XE7,0X7C,0XE7,0X9C,0XE7,0X9C,0XE7,0X9C,0XE7,0X9C,0XE7,0X7C,0XE7,0X7D,0XEF,
0X7D,0XEF,0X7C,0XE7,0XBC,0XE7,0XBB,0XDF,0XD9,0XCF,0XF8,0XC7,0XF8,0XBF,0XF8,0XC7,
0XF8,0XC7,0XF8,0XC7,0XF8,0XC7,0XF8,0XC7,0XF8,0XC7,0XF8,0XC7,0XF8,0XC7,0XF8,0XBF,
0XF8,0XC7,0XF8,0XC7,0XF8,0XC7,0XF8,0XC7,0XF8,0XC7,0XF7,0XC7,0XF7,0XBF,0XF7,0XC7,
0XF8,0XC7,0XF8,0XC7,0XF9,0XCF,0XBA,0XDF,0X9C,0XE7,0X9C,0XE7,0X7C,0XEF,0X7C,0XE7,
0X7D,0XE7,0X9D,0XE7,0X9C,0XE7,0X9C,0XE7,0X9C,0XE7,0X7D,0XEF,0X7D,0XEF,0X9C,0XE7,
0X9C,0XE7,0X9C,0XE7,0X9C,0XE7,0X9C,0XE7,0X9C,0XE7,0X9C,0XE7,0X9C,0XE7,0X9C,0XE7,
0X9C,0XE7,0X9C,0XE7,0X9C,0XE7,0X9C,0XE7,0X9C,0XE7,0X9C,0XE7,0X9C,0XE7,0X9C,0XE7,
0X9C,0XE7,0X9C,0XE7,0X9C,0XE7,0X9C,0XE7,0X9C,0XE7,0X9C,0XE7,0X9C,0XE7,0X9C,0XE7,
0X9C,0XE7,0X9C,0XE7,0X9C,0XE7,0X9C,0XE7,0X9C,0XE7,0X9C,0XE7,0X9C,0XE7,0X9C,0XE7,
0X9C,0XE7,0X9C,0XE7,0X9C,0XE7,0X9C,0XE7,0X9C,0XE7,0X9C,0XE7,0X7D,0XEF,0X7D,0XEF,
0X7D,0XEF,0X7C,0XE7,0X9C,0XE7,0XBC,0XDF,0XDA,0XCF,0XF8,0XC7,0XF8,0XBF,0XF8,0XC7,
0XF8,0XC7,0XF8,0XC7,0XF8,0XC7,0XF8,0XC7,0XF8,0XC7,0XF8,0XC7,0XF8,0XC7,0XF8,0XC7,
0XF8,0XBF,0XF8,0XC7,0XF8,0XC7,0XF8,0XC7,0XF8,0XC7,0XF7,0XC7,0XF7,0XBF,0XF7,0XBF,
0XF8,0XC7,0XD8,0XC7,0XD9,0XCF,0XBB,0XDF,0X9C,0XEF,0X7C,0XEF,0X9D,0XE7,0X7D,0XE7,
0X9D,0XE7,0X9D,0XE7,0X9C,0XE7,0X9C,0XE7,0X9C,0XE7,0X7D,0XEF,0X7D,0XEF,0X7C,0XE7,
0X9C,0XE7,0X9C,0XE7,0X9C,0XE7,0X9C,0XE7,0X9C,0XE7,0X9C,0XE7,0X9C,0XE7,0X9C,0XE7,
0X9C,0XE7,0X9C,0XE7,0X9C,0XE7,0X9C,0XE7,0X9C,0XE7,0X9C,0XE7,0X9C,0XE7,0X9C,0XE7,
0X9C,0XE7,0X9C,0XE7,0X9C,0XE7,0X9C,0XE7,0X9C,0XE7,0X9C,0XE7,0X9C,0XE7,0X9C,0XE7,
0X9C,0XE7,0X9C,0XE7,0X9C,0XE7,0X9C,0XE7,0X9C,0XE7,0X9C,0XE7,0X9C,0XE7,0X9C,0XE7,
0X9C,0XE7,0X9C,0XE7,0X9C,0XE7,0X9C,0XE7,0X9C,0XE7,0X7C,0XE7,0X7D,0XEF,0X7D,0XEF,
0X7D,0XE7,0X7D,0XE7,0X9C,0XE7,0X9C,0XE7,0XDA,0XD7,0XF8,0XC7,0XF8,0XC7,0XF7,0XC7,
0XF7,0XC7,0XF7,0XC7,0XF8,0XC7,0XF8,0XC7,0XF8,0XC7,0XF8,0XC7,0XF8,0XC7,0XF8,0XC7,
0XF8,0XBF,0XF8,0XC7,0XF8,0XC7,0XF8,0XC7,0XF8,0XC7,0XF7,0XC7,0XF7,0XBF,0XF8,0XBF,
0XF8,0XC7,0XD8,0XC7,0XD9,0XCF,0XBB,0XDF,0X7C,0XEF,0X7D,0XEF,0X7D,0XE7,0X7D,0XE7,
0X9D,0XE7,0X9C,0XE7,0X9C,0XE7,0X9C,0XE7,0X7C,0XE7,0X7D,0XEF,0X7D,0XEF,0X9C,0XE7,
0X9C,0XE7,0X9C,0XE7,0X9C,0XE7,0X9C,0XE7,0X9C,0XE7,0X9C,0XE7,0X9C,0XE7,0X9C,0XE7,
0X9C,0XE7,0X9C,0XE7,0X9C,0XE7,0X9C,0XE7,0X9C,0XE7,0X9C,0XE7,0X9C,0XE7,0X9C,0XE7,
0X9C,0XE7,0X9C,0XE7,0X9C,0XE7,0X9C,0XE7,0X9C,0XE7,0X9C,0XE7,0X9C,0XE7,0X9C,0XE7,
0X9C,0XE7,0X9C,0XE7,0X9C,0XE7,0X9C,0XE7,0X9C,0XE7,0X9C,0XE7,0X9C,0XE7,0X9C,0XE7,
0X9C,0XE7,0X9C,0XE7,0X9C,0XE7,0X9C,0XE7,0X9C,0XE7,0X9C,0XE7,0X7C,0XE7,0X7D,0XE7,
0X7D,0XE7,0X9D,0XE7,0X9C,0XE7,0X9C,0XE7,0XBA,0XD7,0XF8,0XC7,0XF8,0XC7,0XF8,0XC7,
0XF8,0XC7,0XF8,0XC7,0XF8,0XC7,0XF8,0XC7,0XF8,0XC7,0XF8,0XC7,0XF8,0XC7,0XF8,0XC7,
0XF8,0XBF,0XF8,0XC7,0XF8,0XC7,0XF8,0XC7,0XF7,0XC7,0XF7,0XC7,0XF7,0XBF,0XF8,0XBF,
0XF8,0XC7,0XD9,0XCF,0XDA,0XD7,0XBB,0XE7,0X9C,0XEF,0X7C,0XE7,0X7D,0XE7,0X7D,0XE7,
0X9D,0XE7,0X9C,0XE7,0X9C,0XE7,0X9C,0XE7,0X7C,0XEF,0X7D,0XEF,0X9D,0XE7,0X9C,0XE7,
0X9C,0XE7,0X9C,0XE7,0X9C,0XE7,0X9C,0XE7,0X9C,0XE7,0X9C,0XE7,0X9C,0XE7,0X9C,0XE7,
0X9C,0XE7,0X9C,0XE7,0X9C,0XE7,0X9C,0XE7,0X9C,0XE7,0X9C,0XE7,0X9C,0XE7,0X9C,0XE7,
0X9C,0XE7,0X9C,0XE7,0X9C,0XE7,0X9C,0XE7,0X9C,0XE7,0X9C,0XE7,0X9C,0XE7,0X9C,0XE7,
0X9C,0XE7,0X9C,0XE7,0X9C,0XE7,0X9C,0XE7,0X9C,0XE7,0X9C,0XE7,0X9C,0XE7,0X9C,0XE7,
0X9C,0XE7,0X9C,0XE7,0X9C,0XE7,0X9C,0XE7,0X9C,0XEF,0X9C,0XE7,0X9C,0XE7,0X7D,0XE7,
0X7D,0XE7,0X9D,0XE7,0X9C,0XE7,0X9C,0XE7,0XBA,0XD7,0XF8,0XC7,0XF8,0XC7,0XF8,0XC7,
0XF8,0XC7,0XF8,0XC7,0XF8,0XC7,0XF8,0XC7,0XF8,0XC7,0XF8,0XC7,0XF8,0XC7,0XF8,0XC7,
0XF8,0XBF,0XF8,0XC7,0XF8,0XC7,0XF8,0XC7,0XF7,0XC7,0XF7,0XC7,0XF7,0XBF,0XF8,0XBF,
0XF8,0XC7,0XD9,0XCF,0XDA,0XD7,0XBB,0XE7,0X9C,0XE7,0X9C,0XE7,0X9D,0XE7,0X9D,0XE7,
0X9D,0XE7,0X9C,0XE7,0X9C,0XEF,0X9C,0XEF,0X9C,0XE7,0X9D,0XE7,0X9D,0XE7,0X9C,0XE7,
0X9C,0XE7,0X9C,0XE7,0X9C,0XE7,0X9C,0XE7,0X9C,0XE7,0X9C,0XE7,0X9C,0XE7,0X9C,0XE7,
0X9C,0XE7,0X9C,0XE7,0X9C,0XE7,0X9C,0XE7,0X9C,0XE7,0X9C,0XE7,0X9C,0XE7,0X9C,0XE7,
0X9C,0XE7,0X9C,0XE7,0X9C,0XE7,0X9C,0XE7,0X9C,0XE7,0X9C,0XE7,0X9C,0XE7,0X9C,0XE7,
0X9C,0XE7,0X9C,0XE7,0X9C,0XE7,0X9C,0XE7,0X9C,0XE7,0X9C,0XE7,0X9C,0XE7,0X9C,0XE7,
0X9C,0XE7,0X9D,0XE7,0X9C,0XE7,0X9C,0XEF,0X9C,0XEF,0X9C,0XE7,0X9C,0XE7,0X9D,0XE7,
0X7C,0XE7,0X9D,0XE7,0X9C,0XE7,0X7C,0XE7,0XBA,0XD7,0XD8,0XC7,0XD8,0XC7,0XF8,0XC7,
0XF8,0XC7,0XF8,0XC7,0XF8,0XBF,0XF8,0XBF,0XF8,0XBF,0XF7,0XBF,0XF7,0XC7,0XF7,0XC7,
0XF8,0XBF,0XF8,0XC7,0XF8,0XC7,0XF8,0XC7,0XF7,0XC7,0XF7,0XC7,0XF7,0XBF,0XF8,0XBF,
0XF8,0XC7,0XD9,0XCF,0XBA,0XD7,0XBB,0XE7,0X9C,0XE7,0X9C,0XE7,0X9D,0XE7,0X9D,0XE7,
0X9C,0XE7,0X9C,0XEF,0X7C,0XEF,0X9C,0XEF,0X9C,0XE7,0X9D,0XE7,0X9D,0XE7,0X9D,0XE7,
0X9C,0XE7,0X9C,0XE7,0X9C,0XE7,0X9C,0XE7,0X9C,0XE7,0X9C,0XE7,0X9C,0XE7,0X9C,0XE7,
0X9C,0XE7,0X9C,0XE7,0X7C,0XE7,0X7C,0XE7,0X7C,0XE7,0X7C,0XE7,0X7C,0XE7,0X7C,0XE7,
0X7C,0XE7,0X7C,0XE7,0X7C,0XE7,0X7C,0XE7,0X7C,0XE7,0X7C,0XE7,0X7C,0XE7,0X7C,0XE7,
0X7C,0XE7,0X7C,0XE7,0X7C,0XE7,0X7C,0XE7,0X7C,0XE7,0X7C,0XE7,0X7C,0XE7,0X7C,0XE7,
0X7C,0XE7,0X9D,0XE7,0X9C,0XE7,0X9C,0XEF,0X9C,0XEF,0X9C,0XE7,0X9C,0XE7,0X9D,0XE7,
0X9C,0XE7,0X9D,0XE7,0X9C,0XE7,0X9C,0XE7,0XBA,0XDF,0XD8,0XC7,0XD8,0XC7,0XD8,0XC7,
0XF8,0XC7,0XF8,0XC7,0XF8,0XBF,0XF8,0XBF,0XF7,0XBF,0XF7,0XBF,0XF7,0XBF,0XF7,0XC7,
0XF8,0XBF,0XF7,0XC7,0XF7,0XC7,0XF7,0XC7,0XF7,0XC7,0XF7,0XC7,0XF8,0XBF,0XF8,0XC7,
0XD9,0XC7,0XB9,0XCF,0X9A,0XD7,0X9B,0XE7,0X9C,0XE7,0X9C,0XE7,0X9D,0XE7,0X9D,0XE7,
0X9C,0XE7,0X9C,0XEF,0X9C,0XEF,0X9C,0XEF,0X9C,0XE7,0X9C,0XE7,0X9D,0XE7,0X9C,0XE7,
0X9C,0XE7,0X9C,0XE7,0X9C,0XE7,0X9C,0XE7,0X9C,0XE7,0X9C,0XE7,0X9C,0XE7,0X9C,0XE7,
0X9C,0XE7,0X9C,0XE7,0X7C,0XE7,0X7C,0XEF,0X7C,0XEF,0X7C,0XEF,0X7C,0XEF,0X7C,0XEF,
0X7C,0XEF,0X7C,0XEF,0X7C,0XEF,0X7C,0XEF,0X7C,0XEF,0X7C,0XEF,0X7C,0XEF,0X7C,0XEF,
0X7C,0XEF,0X7C,0XEF,0X7C,0XEF,0X7C,0XEF,0X7C,0XEF,0X7C,0XEF,0X7C,0XEF,0X7C,0XEF,
0X7C,0XEF,0X9D,0XE7,0X9C,0XE7,0X9C,0XEF,0X9C,0XEF,0X9C,0XE7,0X9C,0XE7,0X9C,0XE7,
0X9C,0XE7,0X9C,0XE7,0X9C,0XE7,0X9C,0XE7,0XBB,0XDF,0XDA,0XD7,0XDA,0XD7,0XD9,0XCF,
0XD9,0XC7,0XD8,0XC7,0XF8,0XC7,0XF8,0XBF,0XF7,0XBF,0XF7,0XBF,0XF7,0XC7,0XF7,0XC7,
0XF7,0XBF,0XF7,0XBF,0XF7,0XC7,0XF7,0XC7,0XF7,0XC7,0XF8,0XC7,0XD8,0XC7,0XD9,0XCF,
0XBB,0XD7,0XBB,0XDF,0X9B,0XE7,0X9C,0XE7,0X9C,0XE7,0X9C,0XE7,0X9C,0XE7,0X9C,0XE7,
0X9C,0XE7,0X9C,0XE7,0X9C,0XE7,0X9C,0XE7,0X9C,0XE7,0X9C,0XE7,0X9C,0XE7,0X7C,0XE7,
0X7C,0XE7,0X7C,0XE7,0X7C,0XE7,0X7C,0XE7,0X9C,0XE7,0X9C,0XE7,0X7C,0XE7,0X7C,0XE7,
0X7C,0XE7,0X9C,0XE7,0X9C,0XE7,0X9C,0XE7,0X9C,0XE7,0X9C,0XE7,0X9C,0XE7,0X9C,0XE7,
0X7C,0XE7,0X9C,0XE7,0X9C,0XE7,0X9C,0XE7,0X7C,0XE7,0X7C,0XE7,0X9C,0XE7,0X9C,0XE7,
0X9C,0XE7,0X9C,0XE7,0X9C,0XE7,0X9C,0XE7,0X9C,0XE7,0X9C,0XE7,0X9C,0XE7,0X9C,0XE7,
0X9C,0XE7,0X9C,0XE7,0X9C,0XE7,0X9C,0XE7,0X9C,0XE7,0X9C,0XE7,0X9C,0XE7,0X9C,0XE7,
0X9C,0XE7,0X9C,0XE7,0X9C,0XE7,0X9C,0XE7,0X9C,0XE7,0X9C,0XE7,0X9C,0XE7,0X9B,0XDF,
0XBA,0XD7,0XB9,0XCF,0XD8,0XC7,0XF8,0XC7,0XF7,0XBF,0XF7,0XBF,0XF7,0XC7,0XF8,0XC7,
0XF7,0XC7,0XF7,0XC7,0XF7,0XC7,0XF7,0XC7,0XF8,0XC7,0XD8,0XC7,0XD9,0XCF,0XDB,0XDF,
0XBC,0XE7,0XBC,0XE7,0X9C,0XE7,0X7C,0XE7,0X9C,0XE7,0X9C,0XE7,0X9C,0XE7,0X9C,0XE7,
0X9C,0XE7,0X9C,0XE7,0X9C,0XE7,0X9C,0XE7,0X9C,0XE7,0X9C,0XE7,0X9C,0XE7,0X9C,0XE7,
0X9C,0XE7,0X9C,0XE7,0X9C,0XE7,0X9C,0XE7,0X9C,0XE7,0X9C,0XE7,0X9C,0XE7,0X7C,0XE7,
0X9C,0XE7,0X9C,0XE7,0X9C,0XE7,0X9C,0XE7,0X9C,0XE7,0X9C,0XE7,0X9C,0XE7,0X9C,0XE7,
0X7C,0XE7,0X9C,0XE7,0X9C,0XE7,0X9C,0XE7,0X7C,0XE7,0X7C,0XE7,0X9C,0XE7,0X9C,0XE7,
0X9C,0XE7,0X9C,0XE7,0X9C,0XE7,0X9C,0XE7,0X9C,0XE7,0X9C,0XE7,0X9C,0XE7,0X9C,0XE7,
0X9C,0XE7,0X9C,0XE7,0X9C,0XE7,0X9C,0XE7,0X9C,0XE7,0X9C,0XE7,0X9C,0XE7,0X9C,0XE7,
0X9C,0XE7,0X9C,0XE7,0X9C,0XE7,0X9C,0XE7,0X7C,0XE7,0X9C,0XE7,0X9C,0XE7,0XBC,0XE7,
0XBB,0XDF,0XBA,0XD7,0XD9,0XCF,0XF8,0XC7,0XF8,0XC7,0XF7,0XC7,0XF7,0XC7,0XF7,0XC7,
0XF8,0XC7,0XF8,0XC7,0XF8,0XC7,0XF8,0XC7,0XD9,0XC7,0XDA,0XD7,0XDB,0XDF,0X9B,0XE7,
0X9C,0XE7,0X9C,0XE7,0X9C,0XE7,0X9C,0XE7,0X9C,0XE7,0X9C,0XE7,0X9C,0XE7,0X9C,0XE7,
0X9C,0XE7,0X9C,0XE7,0X9C,0XE7,0X9C,0XE7,0X9C,0XE7,0X9C,0XE7,0X9C,0XE7,0X9C,0XE7,
0X9C,0XE7,0X9C,0XE7,0X9C,0XE7,0X9C,0XE7,0X9C,0XE7,0X9C,0XE7,0X9C,0XE7,0X9C,0XE7,
0X9C,0XE7,0X9C,0XE7,0X9C,0XE7,0X9C,0XE7,0X9C,0XE7,0X9C,0XE7,0X9C,0XE7,0X9C,0XE7,
0X7C,0XE7,0X9C,0XE7,0X9C,0XE7,0X9C,0XE7,0X7C,0XE7,0X7C,0XE7,0X9C,0XE7,0X9C,0XE7,
0X9C,0XE7,0X9C,0XE7,0X9C,0XE7,0X9C,0XE7,0X9C,0XE7,0X9C,0XE7,0X9C,0XE7,0X9C,0XE7,
0X9C,0XE7,0X9C,0XE7,0X9C,0XE7,0X9C,0XE7,0X9C,0XE7,0X9C,0XE7,0X9C,0XE7,0X9C,0XE7,
0X9C,0XE7,0X9C,0XE7,0X9C,0XE7,0X9C,0XE7,0X9C,0XE7,0X7C,0XE7,0X9C,0XE7,0X9C,0XE7,
0XBC,0XDF,0XBB,0XDF,0XDA,0XD7,0XD9,0XCF,0XD8,0XC7,0XF8,0XC7,0XF7,0XC7,0XF7,0XC7,
0XF8,0XC7,0XF8,0XC7,0XD8,0XC7,0XD9,0XC7,0XDA,0XD7,0XBB,0XDF,0X9C,0XE7,0X7C,0XEF,
0X7C,0XEF,0X7C,0XE7,0X9D,0XE7,0X9D,0XE7,0X9C,0XE7,0X9C,0XE7,0X9C,0XE7,0X9C,0XE7,
0X9C,0XE7,0X7C,0XE7,0X7C,0XE7,0X7C,0XE7,0X7C,0XE7,0X7C,0XE7,0X7C,0XE7,0X9C,0XE7,
0X9C,0XE7,0X9C,0XE7,0X9C,0XE7,0X9C,0XE7,0X9C,0XE7,0X9C,0XE7,0X9C,0XE7,0X9C,0XE7,
0X9C,0XE7,0X9C,0XE7,0X9C,0XE7,0X9C,0XE7,0X9C,0XE7,0X9C,0XE7,0X9C,0XE7,0X9C,0XE7,
0X7C,0XE7,0X9C,0XE7,0X9C,0XE7,0X9C,0XE7,0X7C,0XE7,0X7C,0XE7,0X9C,0XE7,0X9C,0XE7,
0X9C,0XE7,0X9C,0XE7,0X9C,0XE7,0X9C,0XE7,0X9C,0XE7,0X9C,0XE7,0X9C,0XE7,0X9C,0XE7,
0X9C,0XE7,0X9C,0XE7,0X9C,0XE7,0X9C,0XE7,0X9C,0XE7,0X9C,0XE7,0X9C,0XE7,0X7C,0XE7,
0X7C,0XE7,0X7C,0XE7,0X7C,0XE7,0X7C,0XE7,0X9C,0XE7,0X9C,0XE7,0X9C,0XE7,0X9C,0XE7,
0X9C,0XE7,0XBC,0XE7,0XBB,0XDF,0XBA,0XD7,0XD9,0XCF,0XF8,0XC7,0XF7,0XC7,0XF7,0XBF,
0XF8,0XC7,0XF8,0XC7,0XD9,0XCF,0XDA,0XD7,0XBB,0XDF,0X9C,0XE7,0X7C,0XEF,0X7D,0XEF,
0X7D,0XEF,0X7D,0XEF,0X9D,0XE7,0X9D,0XE7,0X9C,0XE7,0X9C,0XE7,0X9C,0XE7,0X9C,0XE7,
0X9C,0XE7,0X7C,0XE7,0X7C,0XE7,0X7C,0XE7,0X7C,0XE7,0X7C,0XE7,0X7C,0XE7,0X9C,0XE7,
0X9C,0XE7,0X9C,0XE7,0X9C,0XE7,0X9C,0XE7,0X7C,0XE7,0X7C,0XE7,0X9C,0XE7,0X9C,0XE7,
0X9C,0XE7,0X7C,0XE7,0X9C,0XE7,0X9C,0XE7,0X9C,0XE7,0X9C,0XE7,0X9C,0XE7,0X9C,0XE7,
0X7C,0XE7,0X9C,0XE7,0X9C,0XE7,0X9C,0XE7,0X7C,0XE7,0X7C,0XE7,0X9C,0XE7,0X9C,0XE7,
0X9C,0XE7,0X9C,0XE7,0X9C,0XE7,0X9C,0XE7,0X9C,0XE7,0X9C,0XE7,0X9C,0XE7,0X9C,0XE7,
0X9C,0XE7,0X9C,0XE7,0X9C,0XE7,0X9C,0XE7,0X9C,0XE7,0X9C,0XE7,0X9C,0XE7,0X7C,0XE7,
0X7C,0XE7,0X7C,0XE7,0X7C,0XE7,0X7C,0XE7,0X9C,0XE7,0X9C,0XE7,0X9C,0XE7,0X7C,0XE7,
0X9C,0XE7,0X9C,0XE7,0X9C,0XE7,0XBB,0XDF,0XDA,0XD7,0XD8,0XCF,0XF7,0XBF,0XF7,0XBF,
0XF8,0XBF,0XD8,0XC7,0XD9,0XCF,0XBB,0XDF,0X9C,0XE7,0X7C,0XEF,0X7C,0XEF,0X7C,0XEF,
0X7C,0XEF,0X7D,0XEF,0X9D,0XE7,0X9D,0XE7,0X9C,0XE7,0X9C,0XE7,0X9C,0XE7,0X9C,0XE7,
0X7C,0XE7,0X7C,0XE7,0X7C,0XE7,0X7C,0XE7,0X7C,0XE7,0X7C,0XE7,0X7C,0XE7,0X7C,0XE7,
0X7C,0XE7,0X7C,0XE7,0X7C,0XE7,0X7C,0XE7,0X7C,0XE7,0X7C,0XE7,0X9C,0XE7,0X9C,0XE7,
0X9C,0XE7,0X7C,0XE7,0X7C,0XE7,0X7C,0XE7,0X7C,0XE7,0X7C,0XE7,0X7C,0XE7,0X7C,0XE7,
0X7C,0XE7,0X9C,0XE7,0X9C,0XE7,0X9C,0XE7,0X9C,0XE7,0X9C,0XE7,0X7C,0XE7,0X7C,0XE7,
0X7C,0XE7,0X7C,0XE7,0X7C,0XE7,0X7C,0XE7,0X7C,0XE7,0X7C,0XE7,0X7C,0XE7,0X9C,0XE7,
0X9C,0XE7,0X9C,0XE7,0X9C,0XE7,0X9C,0XE7,0X9C,0XE7,0X9C,0XE7,0X7C,0XE7,0X7C,0XE7,
0X7C,0XE7,0X7C,0XE7,0X7C,0XE7,0X7C,0XE7,0X9C,0XE7,0X9C,0XE7,0X9C,0XE7,0X7C,0XE7,
0X7C,0XEF,0X7C,0XEF,0X7C,0XEF,0X9C,0XE7,0XBB,0XDF,0XD9,0XCF,0XF8,0XC7,0XF7,0XBF,
0XF8,0XBF,0XD9,0XC7,0XDA,0XD7,0X9C,0XE7,0X7C,0XEF,0X7C,0XEF,0X7D,0XEF,0X9D,0XE7,
0X9C,0XE7,0X9C,0XE7,0X7D,0XEF,0X7C,0XEF,0X9C,0XE7,0X9D,0XE7,0X9D,0XE7,0X9D,0XE7,
0X7C,0XE7,0X9C,0XE7,0X9C,0XE7,0X7C,0XE7,0X7C,0XE7,0X9C,0XE7,0X9C,0XE7,0X9C,0XE7,
0X7C,0XE7,0X7C,0XE7,0X7C,0XE7,0X9C,0XE7,0X9C,0XE7,0X9C,0XE7,0X9D,0XE7,0X9D,0XE7,
0X9D,0XE7,0X9C,0XE7,0X9C,0XE7,0X9C,0XE7,0X9C,0XE7,0X9C,0XE7,0X7C,0XE7,0X7C,0XE7,
0X7C,0XE7,0X7C,0XE7,0X7C,0XE7,0X7C,0XE7,0X9C,0XE7,0X9C,0XE7,0X9C,0XE7,0X9C,0XE7,
0X9C,0XE7,0X9C,0XE7,0X9C,0XE7,0X9C,0XE7,0X9D,0XE7,0X9D,0XE7,0X9C,0XE7,0X9C,0XE7,
0X9C,0XE7,0X9C,0XE7,0X9C,0XE7,0X9D,0XE7,0X9D,0XE7,0X9C,0XE7,0X7C,0XE7,0X9C,0XE7,
0X9C,0XE7,0X7C,0XE7,0X7C,0XE7,0X9C,0XE7,0X9C,0XE7,0X9D,0XE7,0X9C,0XE7,0X7C,0XE7,
0X7C,0XEF,0X7D,0XEF,0X7D,0XEF,0X7C,0XEF,0XBB,0XE7,0XDA,0XD7,0XD8,0XC7,0XF8,0XBF,
0XF8,0XC7,0XD9,0XCF,0XBB,0XDF,0X9C,0XEF,0X7C,0XEF,0X7D,0XEF,0X9C,0XE7,0X9C,0XE7,
0X9C,0XE7,0X9C,0XE7,0X7D,0XEF,0X7C,0XEF,0X7C,0XEF,0X9D,0XEF,0X9D,0XEF,0X9D,0XEF,
0X9C,0XEF,0X9D,0XEF,0X7C,0XEF,0X7C,0XEF,0X7C,0XEF,0X7C,0XEF,0X9D,0XEF,0X9D,0XEF,
0X7C,0XEF,0X7C,0XEF,0X7C,0XEF,0X7C,0XEF,0X9D,0XEF,0X9D,0XEF,0X9D,0XEF,0X9D,0XEF,
0X7C,0XEF,0X7C,0XE7,0X7C,0XEF,0X7C,0XEF,0X7C,0XEF,0X9D,0XEF,0X9D,0XEF,0X9D,0XEF,
0X7C,0XEF,0X7C,0XEF,0X7C,0XE7,0X7C,0XE7,0X7C,0XE7,0X7C,0XE7,0X9D,0XEF,0X9D,0XEF,
0X9D,0XEF,0X9D,0XEF,0X9D,0XEF,0X7C,0XEF,0X7C,0XEF,0X7C,0XEF,0X7C,0XEF,0X7C,0XEF,
0X7C,0XEF,0X7C,0XEF,0X7C,0XEF,0X9D,0XEF,0X9D,0XEF,0X9D,0XEF,0X7C,0XEF,0X9D,0XEF,
0X7C,0XEF,0X7C,0XEF,0X7C,0XEF,0X7C,0XEF,0X9D,0XE7,0X9D,0XE7,0X9C,0XE7,0X9C,0XE7,
0X7C,0XEF,0X7D,0XEF,0X7D,0XEF,0X7D,0XEF,0X9C,0XE7,0XDB,0XDF,0XD9,0XCF,0XF8,0XC7,
0XD9,0XCF,0XDA,0XD7,0XBB,0XDF,0X7C,0XEF,0X5D,0XEF,0X7C,0XEF,0X7C,0XE7,0X9C,0XE7,
0X9C,0XE7,0X9C,0XE7,0X7C,0XEF,0X7C,0XEF,0X7C,0XE7,0X7C,0XEF,0X7C,0XEF,0X9D,0XEF,
0X9D,0XEF,0X7C,0XEF,0X7C,0XEF,0X7C,0XE7,0X7C,0XE7,0X7C,0XEF,0X7C,0XEF,0X9D,0XEF,
0X9D,0XEF,0X9D,0XEF,0X9D,0XEF,0X9D,0XEF,0X9D,0XEF,0X9D,0XEF,0X9D,0XEF,0X7C,0XEF,
0X7C,0XEF,0X7C,0XE7,0X7C,0XEF,0X7C,0XEF,0X7C,0XEF,0X7C,0XEF,0X9D,0XEF,0X9D,0XEF,
0X9D,0XEF,0X9D,0XEF,0X7C,0XEF,0X7C,0XEF,0X7C,0XEF,0X7C,0XEF,0X7C,0XE7,0X7C,0XE7,
0X7C,0XE7,0X7C,0XE7,0X7C,0XE7,0X7C,0XE7,0X7C,0XE7,0X7C,0XE7,0X7C,0XE7,0X7C,0XE7,
0X7C,0XE7,0X7C,0XE7,0X7C,0XE7,0X7C,0XEF,0X7C,0XEF,0X9D,0XEF,0X9D,0XEF,0X7C,0XEF,
0X7C,0XEF,0X7C,0XE7,0X7C,0XEF,0X7C,0XEF,0X7D,0XEF,0X7D,0XEF,0X9D,0XEF,0X9C,0XE7,
0X9C,0XEF,0X7D,0XEF,0X7D,0XEF,0X7D,0XEF,0X9C,0XE7,0XBB,0XDF,0XDA,0XD7,0XD8,0XCF,
0XBA,0XD7,0XBB,0XDF,0X9C,0XE7,0X7D,0XEF,0X7D,0XEF,0X7D,0XEF,0X9C,0XEF,0X9C,0XE7,
0X9C,0XE7,0X9C,0XE7,0X7D,0XEF,0X7D,0XEF,0X7C,0XEF,0X7C,0XEF,0X7C,0XEF,0X7C,0XEF,
0X7C,0XEF,0X7C,0XEF,0X7C,0XEF,0X7C,0XE7,0X7C,0XE7,0X7C,0XEF,0X7C,0XEF,0X9D,0XEF,
0X9D,0XEF,0X9D,0XEF,0X9D,0XEF,0X9D,0XEF,0X9D,0XEF,0X9D,0XEF,0X9D,0XEF,0X7C,0XEF,
0X7C,0XEF,0X7C,0XEF,0X7C,0XEF,0X7C,0XEF,0X7C,0XEF,0X7C,0XEF,0X7C,0XEF,0X7C,0XEF,
0X7C,0XEF,0X7C,0XEF,0X7C,0XE7,0X7C,0XE7,0X7C,0XEF,0X7C,0XEF,0X7C,0XEF,0X7C,0XEF,
0X7C,0XEF,0X7C,0XEF,0X7C,0XEF,0X9D,0XEF,0X9D,0XEF,0X7C,0XEF,0X7C,0XEF,0X7C,0XEF,
0X7C,0XE7,0X7C,0XEF,0X7C,0XEF,0X7C,0XEF,0X7C,0XEF,0X7C,0XEF,0X7C,0XEF,0X7C,0XEF,
0X7C,0XEF,0X7C,0XE7,0X7C,0XEF,0X7C,0XEF,0X7D,0XEF,0X7D,0XEF,0X9C,0XEF,0X9C,0XE7,
0X9C,0XE7,0X9C,0XEF,0X7D,0XEF,0X7D,0XEF,0X9D,0XE7,0XBC,0XE7,0XBA,0XD7,0XB9,0XCF,
0X9A,0XDF,0XBB,0XE7,0X9C,0XE7,0X7D,0XE7,0X7D,0XEF,0X9D,0XEF,0X9C,0XEF,0X9C,0XE7,
0X9C,0XEF,0X9D,0XEF,0X7D,0XEF,0X9D,0XEF,0X9D,0XEF,0X7C,0XEF,0X7C,0XEF,0X7C,0XEF,
0X7C,0XEF,0X9D,0XEF,0X7C,0XEF,0X7C,0XEF,0X7C,0XEF,0X7C,0XEF,0X9D,0XEF,0X7C,0XEF,
0X9D,0XEF,0X9D,0XEF,0X9D,0XEF,0X7C,0XEF,0X7C,0XEF,0X9D,0XEF,0X7C,0XEF,0X7C,0XEF,
0X7C,0XEF,0X9D,0XEF,0X9C,0XEF,0X7C,0XEF,0X7C,0XEF,0X7C,0XEF,0X7C,0XEF,0X7C,0XEF,
0X7C,0XEF,0X7C,0XEF,0X7C,0XE7,0X7C,0XEF,0X9D,0XEF,0X9D,0XEF,0X7C,0XEF,0X7C,0XEF,
0X7C,0XEF,0X7C,0XEF,0X7C,0XEF,0X9D,0XEF,0X7C,0XEF,0X9D,0XEF,0X9D,0XEF,0X9D,0XEF,
0X7C,0XEF,0X9D,0XEF,0X9D,0XEF,0X7C,0XEF,0X7C,0XEF,0X7C,0XEF,0X7C,0XEF,0X9D,0XEF,
0X7C,0XEF,0X7C,0XEF,0X7C,0XEF,0X7C,0XEF,0X7D,0XEF,0X7D,0XEF,0X7C,0XEF,0X9C,0XE7,
0X9C,0XE7,0X9C,0XE7,0X7D,0XEF,0X7D,0XEF,0X7D,0XEF,0X9C,0XE7,0XBB,0XDF,0XB9,0XD7,
0X7C,0XE7,0X9C,0XE7,0X9C,0XE7,0X9C,0XE7,0X9C,0XE7,0X9C,0XE7,0X7C,0XE7,0X7C,0XEF,
0X7C,0XEF,0X7C,0XEF,0X7C,0XEF,0X7C,0XE7,0X9D,0XEF,0X9D,0XEF,0X9D,0XEF,0X9D,0XEF,
0X7C,0XEF,0X7C,0XEF,0X7C,0XEF,0X7C,0XEF,0X7C,0XEF,0X7C,0XEF,0X7C,0XEF,0X7C,0XEF,
0X7C,0XEF,0X7C,0XEF,0X7C,0XEF,0X7C,0XEF,0X7C,0XEF,0X9D,0XEF,0X9D,0XEF,0X9D,0XEF,
0X9D,0XEF,0X9D,0XEF,0X7C,0XEF,0X7C,0XEF,0X7C,0XEF,0X7C,0XEF,0X7C,0XEF,0X7C,0XEF,
0X9D,0XEF,0X9D,0XEF,0X7C,0XEF,0X7C,0XEF,0X9D,0XEF,0X9D,0XEF,0X7C,0XEF,0X7C,0XEF,
0X7C,0XEF,0X7C,0XEF,0X7C,0XEF,0X7C,0XEF,0X7C,0XEF,0X7C,0XEF,0X7C,0XEF,0X7C,0XEF,
0X7C,0XEF,0X7C,0XEF,0X9D,0XEF,0X9D,0XEF,0X9D,0XEF,0X9D,0XEF,0X7C,0XEF,0X7C,0XEF,
0X7C,0XEF,0X7C,0XEF,0X7C,0XEF,0X7C,0XEF,0X7D,0XEF,0X7D,0XEF,0X7C,0XEF,0X9C,0XEF,
0X9C,0XE7,0X9C,0XE7,0X9D,0XE7,0X7D,0XEF,0X7D,0XEF,0X9C,0XE7,0XBB,0XE7,0X99,0XD7,
0X7C,0XE7,0X9D,0XE7,0X9C,0XE7,0X9C,0XE7,0X9C,0XE7,0X9C,0XE7,0X7C,0XE7,0X7D,0XEF,
0X7D,0XEF,0X7C,0XEF,0X9C,0XE7,0X7C,0XE7,0X7C,0XEF,0X9D,0XEF,0X9D,0XEF,0X9C,0XEF,
0X7C,0XEF,0X7C,0XEF,0X7C,0XEF,0X7C,0XEF,0X7C,0XEF,0X7C,0XEF,0X7C,0XEF,0X7C,0XEF,
0X7C,0XEF,0X7C,0XEF,0X7C,0XEF,0X7C,0XEF,0X7C,0XEF,0X9C,0XEF,0X9D,0XEF,0X9D,0XEF,
0X9D,0XEF,0X7C,0XEF,0X7C,0XEF,0X7C,0XEF,0X7C,0XEF,0X7C,0XEF,0X7C,0XEF,0X7C,0XEF,
0X9D,0XEF,0X9D,0XEF,0X7C,0XEF,0X7C,0XEF,0X9D,0XEF,0X9D,0XEF,0X7C,0XEF,0X7C,0XEF,
0X7C,0XEF,0X7C,0XEF,0X7C,0XEF,0X7C,0XEF,0X7C,0XEF,0X7C,0XEF,0X7C,0XEF,0X7C,0XEF,
0X7C,0XEF,0X7C,0XEF,0X7C,0XEF,0X9D,0XEF,0X9D,0XEF,0X7C,0XEF,0X7C,0XEF,0X7C,0XEF,
0X7C,0XEF,0X7C,0XEF,0X7C,0XEF,0X7C,0XEF,0X7C,0XE7,0X7D,0XEF,0X7C,0XEF,0X7C,0XEF,
0X9C,0XE7,0X9C,0XE7,0X7D,0XE7,0X7D,0XEF,0X7D,0XEF,0X9C,0XEF,0XBB,0XE7,0X9A,0XD7,
0X7C,0XE7,0X9D,0XE7,0X9C,0XE7,0X9C,0XE7,0X9C,0XE7,0X9C,0XE7,0X7C,0XEF,0X7D,0XEF,
0X7D,0XEF,0X7C,0XEF,0X9C,0XE7,0X9C,0XEF,0X7C,0XEF,0X7C,0XEF,0X7C,0XE7,0X7C,0XEF,
0X7C,0XEF,0X7C,0XEF,0X7C,0XEF,0X7C,0XEF,0X7C,0XEF,0X7C,0XEF,0X7C,0XEF,0X7C,0XEF,
0X7C,0XEF,0X7C,0XEF,0X7C,0XEF,0X7C,0XEF,0X7C,0XEF,0X7C,0XEF,0X9D,0XEF,0X9D,0XEF,
0X9D,0XEF,0X7C,0XEF,0X7C,0XEF,0X7C,0XEF,0X7C,0XEF,0X7C,0XEF,0X7C,0XEF,0X7C,0XEF,
0X9D,0XEF,0X7C,0XEF,0X7C,0XEF,0X7C,0XEF,0X9D,0XEF,0X9D,0XEF,0X7C,0XEF,0X7C,0XEF,
0X7C,0XEF,0X7C,0XEF,0X7C,0XEF,0X7C,0XEF,0X7C,0XEF,0X7C,0XEF,0X7C,0XEF,0X7C,0XEF,
0X7C,0XEF,0X9D,0XEF,0X7C,0XEF,0X7C,0XE7,0X7C,0XE7,0X7C,0XEF,0X9D,0XEF,0X7C,0XEF,
0X7C,0XEF,0X7C,0XEF,0X7C,0XEF,0X7C,0XEF,0X7C,0XE7,0X9C,0XE7,0X7C,0XEF,0X7C,0XEF,
0X9C,0XE7,0X9C,0XE7,0X7D,0XE7,0X7D,0XEF,0X7D,0XEF,0X7C,0XE7,0XBB,0XE7,0XBA,0XD7,
0X7C,0XE7,0X9D,0XE7,0X9C,0XE7,0X9C,0XE7,0X9D,0XE7,0X7D,0XEF,0X7D,0XEF,0X7D,0XEF,
0X7D,0XEF,0X7C,0XEF,0X7C,0XEF,0X7C,0XEF,0X7C,0XEF,0X7C,0XEF,0X7C,0XE7,0X7C,0XEF,
0X7C,0XEF,0X7C,0XEF,0X7C,0XEF,0X7C,0XEF,0X7C,0XEF,0X7C,0XEF,0X7C,0XEF,0X7C,0XEF,
0X7C,0XEF,0X7C,0XEF,0X7C,0XEF,0X7C,0XEF,0X7C,0XEF,0X7C,0XEF,0X7C,0XEF,0X9D,0XEF,
0X7C,0XEF,0X7C,0XEF,0X7C,0XEF,0X7C,0XEF,0X7C,0XEF,0X7C,0XEF,0X7C,0XEF,0X7C,0XEF,
0X9D,0XEF,0X7C,0XEF,0X7C,0XEF,0X7C,0XEF,0X7C,0XEF,0X9D,0XEF,0X7C,0XEF,0X7C,0XEF,
0X7C,0XEF,0X7C,0XEF,0X7C,0XEF,0X7C,0XEF,0X7C,0XEF,0X7C,0XEF,0X7C,0XEF,0X7C,0XEF,
0X7C,0XEF,0X9D,0XEF,0X7C,0XEF,0X7C,0XE7,0X7C,0XE7,0X7C,0XEF,0X9D,0XEF,0X7C,0XEF,
0X7C,0XEF,0X7C,0XEF,0X7C,0XEF,0X7C,0XEF,0X7C,0XE7,0X9C,0XE7,0X7C,0XEF,0X7C,0XEF,
0X9C,0XEF,0X9C,0XE7,0X7D,0XE7,0X7D,0XEF,0X7D,0XEF,0X7C,0XE7,0XBB,0XE7,0XBA,0XD7,
0X7C,0XE7,0X9C,0XE7,0X9C,0XE7,0X9D,0XE7,0X9D,0XEF,0X7D,0XEF,0X7D,0XEF,0X7C,0XEF,
0X7C,0XEF,0X7C,0XEF,0X7C,0XEF,0X7C,0XEF,0X7C,0XEF,0X7C,0XEF,0X7C,0XEF,0X7C,0XEF,
0X7C,0XEF,0X7C,0XEF,0X7C,0XEF,0X7C,0XEF,0X7C,0XEF,0X7C,0XEF,0X7C,0XEF,0X7C,0XEF,
0X7C,0XEF,0X7C,0XEF,0X7C,0XEF,0X7C,0XEF,0X7C,0XEF,0X7C,0XEF,0X7C,0XEF,0X7C,0XEF,
0X7C,0XEF,0X7C,0XEF,0X7C,0XEF,0X7C,0XEF,0X7C,0XEF,0X7C,0XEF,0X7C,0XEF,0X7C,0XEF,
0X7C,0XEF,0X7C,0XEF,0X7C,0XEF,0X7C,0XEF,0X7C,0XEF,0X7C,0XEF,0X7C,0XEF,0X7C,0XEF,
0X7C,0XEF,0X7C,0XEF,0X7C,0XEF,0X7C,0XEF,0X7C,0XEF,0X7C,0XEF,0X7C,0XEF,0X7C,0XEF,
0X7C,0XEF,0X7C,0XEF,0X7C,0XEF,0X7C,0XEF,0X7C,0XEF,0X7C,0XEF,0X7C,0XEF,0X7C,0XEF,
0X7C,0XEF,0X7C,0XEF,0X7C,0XEF,0X7C,0XEF,0X9C,0XE7,0X9C,0XE7,0X7C,0XEF,0X7C,0XEF,
0X9C,0XEF,0X9D,0XE7,0X7D,0XEF,0X7D,0XEF,0X7D,0XEF,0X7C,0XE7,0XBB,0XDF,0XBA,0XD7,
0X9C,0XE7,0X9C,0XE7,0X9C,0XE7,0X7D,0XEF,0X7D,0XEF,0X7D,0XEF,0X7D,0XEF,0X7C,0XEF,
0X7C,0XEF,0X7C,0XEF,0X7D,0XEF,0X7D,0XEF,0X9D,0XEF,0X9D,0XEF,0X9D,0XEF,0X9D,0XEF,
0X7C,0XEF,0X7C,0XEF,0X7C,0XEF,0X7C,0XEF,0X7C,0XEF,0X7C,0XEF,0X7C,0XEF,0X7C,0XEF,
0X7C,0XEF,0X7C,0XEF,0X7C,0XEF,0X7C,0XEF,0X7C,0XEF,0X7C,0XEF,0X7C,0XEF,0X7C,0XEF,
0X7C,0XEF,0X7C,0XEF,0X7C,0XEF,0X7C,0XEF,0X7C,0XEF,0X7C,0XEF,0X7C,0XEF,0X7C,0XEF,
0X7C,0XEF,0X7C,0XEF,0X7C,0XEF,0X7C,0XEF,0X7C,0XEF,0X7C,0XEF,0X7C,0XEF,0X7C,0XEF,
0X7C,0XEF,0X7C,0XEF,0X7C,0XEF,0X7C,0XEF,0X7C,0XEF,0X7C,0XEF,0X7C,0XEF,0X7C,0XEF,
0X7C,0XEF,0X7C,0XEF,0X9D,0XEF,0X9D,0XEF,0X9D,0XEF,0X9D,0XEF,0X7C,0XEF,0X7C,0XEF,
0X7C,0XEF,0X7C,0XEF,0X7C,0XEF,0X7C,0XEF,0X9C,0XE7,0X9D,0XE7,0X7C,0XEF,0X7C,0XEF,
0X7C,0XEF,0X7D,0XE7,0X7D,0XEF,0X7D,0XEF,0X7D,0XEF,0X7B,0XE7,0XBB,0XDF,0XB9,0XCF,
0XBB,0XDF,0XBC,0XE7,0X9C,0XE7,0X7D,0XEF,0X7D,0XEF,0X7D,0XEF,0X7D,0XEF,0X9C,0XE7,
0X9C,0XE7,0X7C,0XEF,0X7D,0XEF,0X7D,0XEF,0X7D,0XEF,0X7D,0XEF,0X7D,0XEF,0X7D,0XEF,
0X7D,0XEF,0X7D,0XEF,0X7D,0XEF,0X7D,0XEF,0X7D,0XEF,0X7D,0XEF,0X7D,0XEF,0X7D,0XEF,
0X7D,0XEF,0X7D,0XEF,0X7D,0XEF,0X7D,0XEF,0X7D,0XEF,0X7D,0XEF,0X7D,0XEF,0X7D,0XEF,
0X7D,0XEF,0X7D,0XEF,0X7D,0XEF,0X7D,0XEF,0X7D,0XEF,0X7D,0XEF,0X7D,0XEF,0X7D,0XEF,
0X7D,0XEF,0X7D,0XEF,0X7D,0XEF,0X7D,0XEF,0X7D,0XEF,0X7D,0XEF,0X7D,0XEF,0X7D,0XEF,
0X7D,0XEF,0X7D,0XEF,0X7D,0XEF,0X7D,0XEF,0X7D,0XEF,0X7D,0XEF,0X7D,0XEF,0X7D,0XEF,
0X7D,0XEF,0X7D,0XEF,0X7D,0XEF,0X7D,0XEF,0X7D,0XEF,0X7D,0XEF,0X7D,0XEF,0X7D,0XEF,
0X7D,0XEF,0X7D,0XEF,0X7D,0XEF,0X7D,0XEF,0X9D,0XE7,0X9D,0XE7,0X7C,0XEF,0X7C,0XEF,
0X7C,0XEF,0X7D,0XE7,0X7D,0XEF,0X7D,0XEF,0X7C,0XEF,0X9C,0XE7,0XBA,0XDF,0XB9,0XCF,
0XBA,0XD7,0XBB,0XDF,0X9C,0XE7,0X7D,0XEF,0X7D,0XEF,0X7D,0XEF,0X7D,0XEF,0X9C,0XE7,
0X9C,0XE7,0X7D,0XEF,0X7D,0XEF,0X7D,0XEF,0X7D,0XEF,0X7D,0XEF,0X7D,0XEF,0X7D,0XEF,
0X7D,0XEF,0X7D,0XEF,0X7D,0XEF,0X7D,0XEF,0X7D,0XEF,0X7D,0XEF,0X7D,0XEF,0X7D,0XEF,
0X7D,0XEF,0X7D,0XEF,0X7D,0XEF,0X7D,0XEF,0X7D,0XEF,0X7D,0XEF,0X7D,0XEF,0X7D,0XEF,
0X7D,0XEF,0X7D,0XEF,0X7D,0XEF,0X7D,0XEF,0X7D,0XEF,0X7D,0XEF,0X7D,0XEF,0X7D,0XEF,
0X7D,0XEF,0X7D,0XEF,0X7D,0XEF,0X7D,0XEF,0X7D,0XEF,0X7D,0XEF,0X7D,0XEF,0X7D,0XEF,
0X7D,0XEF,0X7D,0XEF,0X7D,0XEF,0X7D,0XEF,0X7D,0XEF,0X7D,0XEF,0X7D,0XEF,0X7D,0XEF,
0X7D,0XEF,0X7D,0XEF,0X7D,0XEF,0X7D,0XEF,0X7D,0XEF,0X7D,0XEF,0X7D,0XEF,0X7D,0XEF,
0X7D,0XEF,0X7D,0XEF,0X7D,0XEF,0X7D,0XEF,0X9D,0XE7,0X9D,0XE7,0X7C,0XEF,0X7C,0XEF,
0X7C,0XEF,0X7D,0XE7,0X7D,0XE7,0X7D,0XEF,0X7C,0XE7,0XBB,0XE7,0XDA,0XD7,0XD9,0XC7,
0XB9,0XD7,0XDB,0XDF,0XBC,0XE7,0X9D,0XE7,0X7D,0XEF,0X7D,0XEF,0X7D,0XE7,0X9C,0XE7,
0X9C,0XE7,0X7D,0XEF,0X7D,0XEF,0X7D,0XEF,0X7D,0XEF,0X7D,0XEF,0X7D,0XEF,0X7D,0XEF,
0X7D,0XEF,0X7D,0XEF,0X7D,0XEF,0X7D,0XEF,0X7D,0XEF,0X7D,0XEF,0X7D,0XEF,0X7D,0XEF,
0X7D,0XEF,0X7D,0XEF,0X7D,0XEF,0X7D,0XEF,0X7D,0XEF,0X7D,0XEF,0X7D,0XEF,0X7D,0XEF,
0X7D,0XEF,0X7D,0XEF,0X7D,0XEF,0X7D,0XEF,0X7D,0XEF,0X7D,0XEF,0X7D,0XEF,0X7D,0XEF,
0X7D,0XEF,0X7D,0XEF,0X7D,0XEF,0X7D,0XEF,0X7D,0XEF,0X7D,0XEF,0X7D,0XEF,0X7D,0XEF,
0X7D,0XEF,0X7D,0XEF,0X7D,0XEF,0X7D,0XEF,0X7D,0XEF,0X7D,0XEF,0X7D,0XEF,0X7D,0XEF,
0X7D,0XEF,0X7D,0XEF,0X7D,0XEF,0X7D,0XEF,0X7D,0XEF,0X7D,0XEF,0X7D,0XEF,0X7D,0XEF,
0X7D,0XEF,0X7D,0XEF,0X7D,0XEF,0X7D,0XEF,0X9D,0XE7,0X9D,0XE7,0X7D,0XEF,0X7C,0XEF,
0X7C,0XEF,0X7D,0XE7,0X7D,0XE7,0X7D,0XEF,0X9C,0XE7,0XBB,0XDF,0XD9,0XCF,0XF8,0XC7,
0XB9,0XCF,0XBA,0XD7,0XBC,0XDF,0X9D,0XE7,0X7D,0XEF,0X7D,0XEF,0X7D,0XE7,0X9C,0XE7,
0X9C,0XE7,0X7D,0XEF,0X7D,0XEF,0X7D,0XEF,0X7D,0XEF,0X7D,0XEF,0X7D,0XEF,0X7D,0XEF,
0X7D,0XEF,0X7D,0XEF,0X7D,0XEF,0X7D,0XEF,0X7D,0XEF,0X7D,0XEF,0X7D,0XEF,0X7D,0XEF,
0X7D,0XEF,0X7D,0XEF,0X7D,0XEF,0X7D,0XEF,0X7D,0XEF,0X7D,0XEF,0X7D,0XEF,0X7D,0XEF,
0X7D,0XEF,0X7D,0XEF,0X7D,0XEF,0X7D,0XEF,0X7D,0XEF,0X7D,0XEF,0X7D,0XEF,0X7D,0XEF,
0X7D,0XEF,0X7D,0XEF,0X7D,0XEF,0X7D,0XEF,0X7D,0XEF,0X7D,0XEF,0X7D,0XEF,0X7D,0XEF,
0X7D,0XEF,0X7D,0XEF,0X7D,0XEF,0X7D,0XEF,0X7D,0XEF,0X7D,0XEF,0X7D,0XEF,0X7D,0XEF,
0X7D,0XEF,0X7D,0XEF,0X7D,0XEF,0X7D,0XEF,0X7D,0XEF,0X7D,0XEF,0X7D,0XEF,0X7D,0XEF,
0X7D,0XEF,0X7D,0XEF,0X7D,0XEF,0X7D,0XEF,0X9D,0XE7,0X9D,0XE7,0X7D,0XEF,0X7C,0XEF,
0X7C,0XEF,0X7D,0XE7,0X9D,0XE7,0X9C,0XE7,0X9C,0XE7,0XBA,0XDF,0XD9,0XCF,0XF8,0XC7,
0XD8,0XCF,0XB9,0XD7,0XBB,0XDF,0X9D,0XE7,0X7D,0XEF,0X7D,0XEF,0X9D,0XE7,0X9C,0XE7,
0X9C,0XE7,0X7D,0XEF,0X7D,0XEF,0X7D,0XEF,0X7D,0XEF,0X7D,0XEF,0X7D,0XEF,0X7D,0XEF,
0X7D,0XEF,0X7D,0XEF,0X7D,0XEF,0X7D,0XEF,0X7D,0XEF,0X7D,0XEF,0X7D,0XEF,0X7D,0XEF,
0X7D,0XEF,0X7D,0XEF,0X7D,0XEF,0X7D,0XEF,0X7D,0XEF,0X7D,0XEF,0X7D,0XEF,0X7D,0XEF,
0X7D,0XEF,0X7D,0XEF,0X7D,0XEF,0X7D,0XEF,0X7D,0XEF,0X7D,0XEF,0X7D,0XEF,0X7D,0XEF,
0X7D,0XEF,0X7D,0XEF,0X7D,0XEF,0X7D,0XEF,0X7D,0XEF,0X7D,0XEF,0X7D,0XEF,0X7D,0XEF,
0X7D,0XEF,0X7D,0XEF,0X7D,0XEF,0X7D,0XEF,0X7D,0XEF,0X7D,0XEF,0X7D,0XEF,0X7D,0XEF,
0X7D,0XEF,0X7D,0XEF,0X7D,0XEF,0X7D,0XEF,0X7D,0XEF,0X7D,0XEF,0X7D,0XEF,0X7D,0XEF,
0X7D,0XEF,0X7D,0XEF,0X7D,0XEF,0X7D,0XEF,0X9D,0XE7,0X9D,0XE7,0X7D,0XEF,0X7C,0XEF,
0X7C,0XEF,0X9C,0XE7,0X9C,0XE7,0X9C,0XE7,0X9B,0XE7,0XB9,0XD7,0XD8,0XC7,0XF7,0XBF,
0XF8,0XC7,0XD9,0XCF,0XBA,0XD7,0XBC,0XE7,0X9C,0XE7,0X7D,0XE7,0X7D,0XE7,0X7D,0XE7,
0X7D,0XE7,0X7D,0XEF,0X7D,0XEF,0X7D,0XEF,0X7D,0XEF,0X7D,0XEF,0X7D,0XEF,0X7D,0XEF,
0X7D,0XEF,0X7D,0XEF,0X7D,0XEF,0X7D,0XEF,0X7D,0XEF,0X7D,0XEF,0X7D,0XEF,0X7D,0XEF,
0X7D,0XEF,0X7D,0XEF,0X7D,0XEF,0X7D,0XEF,0X7D,0XEF,0X7D,0XEF,0X7D,0XEF,0X7D,0XEF,
0X7D,0XEF,0X7D,0XEF,0X7D,0XEF,0X7D,0XEF,0X7D,0XEF,0X7D,0XEF,0X7D,0XEF,0X7D,0XEF,
0X7D,0XEF,0X7D,0XEF,0X7D,0XEF,0X7D,0XEF,0X7D,0XEF,0X7D,0XEF,0X7D,0XEF,0X7D,0XEF,
0X7D,0XEF,0X7D,0XEF,0X7D,0XEF,0X7D,0XEF,0X7D,0XEF,0X7D,0XEF,0X7D,0XEF,0X7D,0XEF,
0X7D,0XEF,0X7D,0XEF,0X7D,0XE7,0X7D,0XE7,0X7D,0XE7,0X7D,0XE7,0X7D,0XE7,0X7D,0XEF,
0X7D,0XEF,0X7D,0XEF,0X7D,0XEF,0X7D,0XEF,0X9D,0XE7,0X9C,0XE7,0X7C,0XEF,0X7D,0XEF,
0X7D,0XEF,0X7D,0XE7,0X9C,0XE7,0X9C,0XE7,0XBB,0XDF,0XB9,0XCF,0XD8,0XC7,0XF7,0XBF,
0XF8,0XC7,0XD8,0XC7,0XD9,0XCF,0XDB,0XDF,0XBC,0XE7,0X9C,0XE7,0X7D,0XEF,0X7D,0XEF,
0X7D,0XEF,0X7D,0XEF,0X7D,0XE7,0X7D,0XE7,0X7D,0XEF,0X7D,0XEF,0X7D,0XEF,0X7D,0XEF,
0X7D,0XEF,0X7D,0XEF,0X7D,0XEF,0X7D,0XEF,0X7D,0XEF,0X7D,0XEF,0X7D,0XEF,0X7D,0XEF,
0X7D,0XEF,0X7D,0XEF,0X7D,0XEF,0X7D,0XEF,0X7D,0XEF,0X7D,0XEF,0X7D,0XEF,0X7D,0XEF,
0X7D,0XEF,0X7D,0XEF,0X7D,0XEF,0X7D,0XEF,0X7D,0XEF,0X7D,0XEF,0X7D,0XEF,0X7D,0XEF,
0X7D,0XEF,0X7D,0XEF,0X7D,0XEF,0X7D,0XEF,0X7D,0XEF,0X7D,0XEF,0X7D,0XEF,0X7D,0XEF,
0X7D,0XEF,0X7D,0XEF,0X7D,0XEF,0X7D,0XEF,0X7D,0XEF,0X7D,0XEF,0X7D,0XEF,0X7D,0XEF,
0X7D,0XEF,0X7D,0XE7,0X9D,0XE7,0X9D,0XE7,0X9D,0XE7,0X9D,0XE7,0X9D,0XE7,0X9D,0XE7,
0X7D,0XEF,0X7D,0XE7,0X7D,0XE7,0X7D,0XEF,0X9D,0XE7,0X9C,0XE7,0X7C,0XEF,0X7D,0XEF,
0X7D,0XEF,0X7D,0XE7,0X9C,0XE7,0XBB,0XDF,0XBA,0XD7,0XD8,0XC7,0XF7,0XC7,0XF7,0XBF,
0XF7,0XC7,0XF8,0XC7,0XD8,0XC7,0XB9,0XD7,0XBB,0XDF,0XBC,0XE7,0X9D,0XE7,0X7D,0XEF,
0X7D,0XEF,0X7D,0XEF,0X7D,0XEF,0X7D,0XEF,0X9C,0XE7,0X9C,0XE7,0X9C,0XE7,0X9C,0XE7,
0X9C,0XE7,0X9C,0XE7,0X9C,0XE7,0X9C,0XE7,0X9C,0XE7,0X9C,0XE7,0X9C,0XE7,0X9D,0XE7,
0X9D,0XE7,0X9D,0XE7,0X9D,0XE7,0X9D,0XE7,0X9D,0XE7,0X9D,0XE7,0X9D,0XE7,0X9D,0XE7,
0X9D,0XE7,0X9D,0XE7,0X9D,0XE7,0X9D,0XE7,0X9D,0XE7,0X9D,0XE7,0X9D,0XE7,0X9D,0XE7,
0X9D,0XE7,0X9D,0XE7,0X9D,0XE7,0X9D,0XE7,0X9D,0XE7,0X9D,0XE7,0X9D,0XE7,0X9D,0XE7,
0X9D,0XE7,0X9D,0XE7,0X9D,0XE7,0X9D,0XE7,0X9D,0XE7,0X9D,0XE7,0X9D,0XE7,0X9D,0XE7,
0X9C,0XE7,0X9C,0XE7,0X9C,0XE7,0X9C,0XE7,0X9C,0XE7,0X9C,0XE7,0X9C,0XE7,0X9C,0XE7,
0X9C,0XE7,0X9C,0XE7,0X9C,0XE7,0X9C,0XE7,0X7C,0XE7,0X7D,0XEF,0X7D,0XEF,0X7C,0XE7,
0X9C,0XE7,0XBC,0XDF,0XBB,0XDF,0XBA,0XD7,0XD9,0XCF,0XF8,0XC7,0XF7,0XC7,0XF7,0XBF,
0XF7,0XBF,0XF7,0XC7,0XF8,0XC7,0XD8,0XCF,0XBA,0XD7,0XBB,0XDF,0X9C,0XE7,0X9C,0XE7,
0X7D,0XEF,0X7D,0XEF,0X7D,0XEF,0X7D,0XEF,0X9C,0XE7,0X9C,0XEF,0X9C,0XEF,0X9C,0XEF,
0X9C,0XEF,0X7C,0XEF,0X7C,0XEF,0X7C,0XE7,0X7C,0XEF,0X7C,0XEF,0X7C,0XE7,0X9C,0XE7,
0X9C,0XE7,0X9C,0XE7,0X9C,0XE7,0X9C,0XEF,0X9C,0XE7,0X9C,0XE7,0X7C,0XE7,0X9C,0XE7,
0X9C,0XE7,0X9C,0XE7,0X7C,0XE7,0X9C,0XE7,0X9C,0XE7,0X7C,0XE7,0X9C,0XE7,0X9C,0XE7,
0X7C,0XE7,0X9C,0XE7,0X9C,0XE7,0X9C,0XE7,0X7C,0XE7,0X7C,0XE7,0X7C,0XEF,0X7C,0XEF,
0X7C,0XEF,0X7C,0XEF,0X7C,0XEF,0X7C,0XEF,0X7C,0XEF,0X7C,0XEF,0X7C,0XEF,0X7C,0XEF,
0X7C,0XEF,0X7C,0XEF,0X9C,0XEF,0X9C,0XE7,0X9D,0XE7,0X9C,0XE7,0X9C,0XE7,0X9C,0XE7,
0X9C,0XE7,0X9C,0XE7,0X9C,0XE7,0X9C,0XE7,0X7D,0XEF,0X5D,0XEF,0X7D,0XEF,0X9C,0XE7,
0XBB,0XDF,0XDA,0XD7,0XD9,0XCF,0XD8,0XC7,0XF8,0XC7,0XF7,0XC7,0XF7,0XC7,0XF7,0XC7,
0XF7,0XBF,0XF7,0XBF,0XF8,0XC7,0XD8,0XC7,0XD9,0XCF,0XB9,0XD7,0XBB,0XDF,0XBB,0XE7,
0X9C,0XE7,0X9D,0XE7,0X7C,0XEF,0X7C,0XEF,0X9C,0XEF,0X9C,0XEF,0X7C,0XEF,0X7D,0XEF,
0X7D,0XEF,0X7D,0XEF,0X7D,0XEF,0X7D,0XEF,0X7D,0XEF,0X7D,0XEF,0X7D,0XEF,0X7D,0XEF,
0X7D,0XEF,0X7D,0XEF,0X7D,0XEF,0X7D,0XEF,0X7D,0XEF,0X7C,0XEF,0X7D,0XEF,0X7C,0XEF,
0X7C,0XEF,0X7C,0XEF,0X7D,0XEF,0X7C,0XEF,0X7C,0XEF,0X7D,0XEF,0X7C,0XEF,0X7C,0XEF,
0X7D,0XEF,0X7C,0XEF,0X7C,0XEF,0X7C,0XEF,0X7D,0XEF,0X7C,0XEF,0X7C,0XEF,0X7D,0XEF,
0X7C,0XEF,0X7C,0XEF,0X7D,0XEF,0X7D,0XEF,0X7D,0XEF,0X7D,0XEF,0X7D,0XEF,0X7D,0XEF,
0X7D,0XEF,0X7D,0XEF,0X7D,0XEF,0X7D,0XEF,0X7D,0XEF,0X7D,0XEF,0X7D,0XEF,0X7C,0XEF,
0X7C,0XEF,0X9C,0XEF,0X9C,0XE7,0X9C,0XE7,0X7D,0XEF,0X7D,0XEF,0X9C,0XE7,0XBB,0XDF,
0XDA,0XD7,0XD8,0XCF,0XF8,0XC7,0XF7,0XBF,0XF7,0XBF,0XF7,0XBF,0XF7,0XC7,0XF8,0XC7,
0XF7,0XBF,0XF7,0XBF,0XF7,0XBF,0XF8,0XC7,0XF8,0XC7,0XD8,0XCF,0XB9,0XCF,0XBA,0XD7,
0XBB,0XDF,0XBB,0XDF,0XBC,0XE7,0X9C,0XE7,0X9C,0XEF,0X9C,0XEF,0X7D,0XEF,0X7D,0XEF,
0X7D,0XEF,0X7D,0XEF,0X7D,0XEF,0X7D,0XEF,0X7D,0XEF,0X7D,0XEF,0X7D,0XEF,0X9D,0XE7,
0X9D,0XE7,0X9D,0XE7,0X9D,0XE7,0X9D,0XE7,0X9D,0XE7,0X9D,0XE7,0X9D,0XE7,0X9D,0XE7,
0X9D,0XE7,0X9D,0XE7,0X9D,0XE7,0X9D,0XE7,0X9D,0XE7,0X9D,0XE7,0X9D,0XE7,0X9D,0XE7,
0X9D,0XE7,0X9D,0XE7,0X9D,0XE7,0X9D,0XE7,0X9D,0XE7,0X9D,0XE7,0X9D,0XEF,0X9D,0XEF,
0X9D,0XEF,0X9D,0XEF,0X9D,0XEF,0X9D,0XEF,0X9D,0XEF,0X9D,0XEF,0X9D,0XEF,0X9D,0XEF,
0X9D,0XEF,0X7D,0XEF,0X7D,0XEF,0X7D,0XEF,0X7D,0XEF,0X7D,0XEF,0X9D,0XEF,0X9D,0XEF,
0X9D,0XEF,0X9C,0XEF,0X9D,0XEF,0X9C,0XEF,0X9C,0XE7,0XBB,0XDF,0XBB,0XDF,0XBA,0XD7,
0XD9,0XCF,0XF8,0XC7,0XF7,0XBF,0XF7,0XBF,0XF7,0XBF,0XF7,0XBF,0XF8,0XC7,0XF8,0XC7,
0XF8,0XBF,0XF8,0XBF,0XF8,0XBF,0XF8,0XBF,0XF8,0XC7,0XF8,0XC7,0XD8,0XC7,0XD8,0XCF,
0XD9,0XCF,0XDA,0XD7,0XBA,0XD7,0XBB,0XDF,0X9C,0XE7,0X9C,0XE7,0XBC,0XE7,0XBC,0XE7,
0XBC,0XE7,0XBC,0XE7,0XBC,0XE7,0X9D,0XE7,0X9D,0XE7,0X9D,0XE7,0X9D,0XE7,0X9C,0XE7,
0X9C,0XE7,0X9C,0XE7,0X9C,0XE7,0X9C,0XE7,0X9C,0XE7,0X9C,0XE7,0X9C,0XE7,0X9C,0XE7,
0X9C,0XE7,0X9C,0XE7,0X9C,0XE7,0X9C,0XE7,0X9C,0XE7,0X9C,0XE7,0X9C,0XE7,0X9C,0XE7,
0X9C,0XE7,0X9C,0XE7,0X9C,0XE7,0X9C,0XE7,0X9C,0XE7,0X9C,0XE7,0X9C,0XE7,0X9C,0XE7,
0X9C,0XE7,0X9C,0XE7,0X9C,0XE7,0X9C,0XE7,0X9C,0XE7,0X9C,0XE7,0X9C,0XE7,0X9C,0XE7,
0X9C,0XE7,0X9C,0XE7,0X9C,0XE7,0X9C,0XE7,0X9C,0XE7,0X9C,0XE7,0XBC,0XE7,0X9C,0XE7,
0XBC,0XE7,0XBC,0XE7,0XBC,0XE7,0X9C,0XDF,0XBA,0XDF,0XB9,0XCF,0XD9,0XCF,0XD8,0XCF,
0XF8,0XC7,0XF8,0XC7,0XF7,0XC7,0XF7,0XBF,0XF7,0XBF,0XF7,0XC7,0XF8,0XC7,0XF8,0XC7,
0XF8,0XC7,0XF8,0XBF,0XF8,0XBF,0XF8,0XBF,0XF7,0XBF,0XF7,0XBF,0XF7,0XC7,0XF8,0XC7,
0XF8,0XC7,0XF8,0XC7,0XF9,0XCF,0XD9,0XCF,0XBA,0XD7,0XBA,0XD7,0XBA,0XD7,0XBA,0XD7,
0XBA,0XD7,0XBA,0XD7,0XBA,0XD7,0XBB,0XD7,0XBB,0XD7,0XBB,0XD7,0XBB,0XD7,0XBA,0XDF,
0XBA,0XDF,0XBA,0XDF,0XBA,0XDF,0XBA,0XDF,0XBA,0XDF,0XBA,0XDF,0XBA,0XDF,0XBA,0XDF,
0XBA,0XDF,0XBA,0XDF,0XBA,0XDF,0XBA,0XDF,0XBA,0XDF,0XBA,0XDF,0XBA,0XDF,0XBA,0XDF,
0XBA,0XDF,0XBA,0XDF,0XBA,0XDF,0XBA,0XDF,0XBA,0XDF,0XBA,0XDF,0XBA,0XDF,0XBA,0XDF,
0XBA,0XDF,0XBA,0XDF,0XBA,0XDF,0XBA,0XDF,0XBA,0XDF,0XBA,0XDF,0XBA,0XDF,0XBA,0XDF,
0XBA,0XDF,0XBB,0XD7,0XBB,0XD7,0XBB,0XD7,0XBB,0XD7,0XBA,0XD7,0XBA,0XD7,0XBA,0XD7,
0XDA,0XD7,0XDA,0XD7,0XBA,0XD7,0XB9,0XCF,0XD8,0XCF,0XF7,0XC7,0XF7,0XC7,0XF7,0XC7,
0XF8,0XC7,0XF8,0XC7,0XF8,0XC7,0XF8,0XC7,0XF8,0XC7,0XF8,0XC7,0XF8,0XC7,0XF8,0XC7,
0XF9,0XC7,0XF8,0XC7,0XF8,0XC7,0XF8,0XC7,0XF7,0XBF,0XF7,0XBF,0XF7,0XBF,0XF7,0XBF,
0XF7,0XBF,0XF8,0XC7,0XF8,0XC7,0XF8,0XC7,0XD8,0XC7,0XD8,0XC7,0XF8,0XC7,0XF8,0XC7,
0XF8,0XC7,0XF8,0XC7,0XD8,0XC7,0XD8,0XC7,0XD8,0XC7,0XD8,0XC7,0XD8,0XC7,0XD8,0XC7,
0XD8,0XC7,0XD8,0XC7,0XD8,0XC7,0XD8,0XC7,0XD8,0XC7,0XD8,0XC7,0XD8,0XC7,0XD8,0XC7,
0XD8,0XC7,0XD8,0XC7,0XD8,0XC7,0XD8,0XC7,0XD8,0XC7,0XD8,0XC7,0XD8,0XC7,0XD8,0XC7,
0XD8,0XC7,0XD8,0XC7,0XD8,0XC7,0XD8,0XC7,0XD8,0XC7,0XD8,0XC7,0XF8,0XC7,0XF8,0XC7,
0XF8,0XC7,0XF8,0XC7,0XF8,0XC7,0XD8,0XC7,0XD8,0XC7,0XD8,0XC7,0XD8,0XC7,0XD8,0XC7,
0XD8,0XC7,0XD8,0XC7,0XD8,0XC7,0XD8,0XC7,0XD8,0XC7,0XD8,0XC7,0XD8,0XC7,0XF8,0XC7,
0XF8,0XC7,0XF8,0XC7,0XF8,0XC7,0XF8,0XC7,0XF7,0XC7,0XF7,0XBF,0XF7,0XBF,0XF7,0XBF,
0XF8,0XC7,0XF8,0XC7,0XF8,0XC7,0XF8,0XC7,0XF8,0XC7,0XF8,0XC7,0XF8,0XC7,0XF7,0XBF,
0XF8,0XC7,0XF8,0XC7,0XF8,0XC7,0XF8,0XC7,0XF7,0XC7,0XF7,0XBF,0XF7,0XBF,0XF7,0XBF,
0XF7,0XBF,0XF7,0XBF,0XF7,0XBF,0XF7,0XBF,0XF7,0XBF,0XF7,0XBF,0XF7,0XBF,0XF7,0XBF,
0XF7,0XBF,0XF7,0XBF,0XF7,0XBF,0XF7,0XBF,0XF7,0XBF,0XF7,0XBF,0XF7,0XBF,0XF7,0XC7,
0XF7,0XC7,0XF7,0XC7,0XF7,0XC7,0XF7,0XC7,0XF7,0XC7,0XF7,0XC7,0XF7,0XC7,0XF7,0XC7,
0XF7,0XC7,0XF7,0XC7,0XF7,0XC7,0XF7,0XC7,0XF7,0XC7,0XF7,0XC7,0XF7,0XC7,0XF7,0XC7,
0XF7,0XC7,0XF7,0XC7,0XF7,0XC7,0XF7,0XC7,0XF7,0XC7,0XF7,0XC7,0XF7,0XC7,0XF7,0XC7,
0XF7,0XC7,0XF7,0XC7,0XF7,0XC7,0XF7,0XC7,0XF7,0XC7,0XF7,0XC7,0XF7,0XC7,0XF7,0XC7,
0XF7,0XC7,0XF7,0XBF,0XF7,0XBF,0XF7,0XBF,0XF7,0XBF,0XF7,0XBF,0XF7,0XBF,0XF7,0XBF,
0XF7,0XBF,0XF7,0XBF,0XF7,0XBF,0XF7,0XBF,0XF7,0XBF,0XF7,0XBF,0XF7,0XBF,0XF7,0XBF,
0XF8,0XBF,0XF8,0XC7,0XF8,0XC7,0XF8,0XC7,0XF8,0XC7,0XF8,0XC7,0XF8,0XC7,0XF8,0XC7,
0XF8,0XC7,0XF8,0XC7,0XF7,0XC7,0XF7,0XC7,0XF7,0XC7,0XF7,0XC7,0XF7,0XC7,0XF7,0XC7,
0XF7,0XC7,0XF7,0XC7,0XF7,0XBF,0XF7,0XBF,0XF7,0XBF,0XF7,0XC7,0XF7,0XC7,0XF7,0XC7,
0XF7,0XC7,0XF7,0XC7,0XF7,0XC7,0XF7,0XC7,0XF7,0XC7,0XF7,0XC7,0XF7,0XC7,0XF7,0XC7,
0XF7,0XC7,0XF7,0XC7,0XF7,0XC7,0XF7,0XC7,0XF7,0XC7,0XF7,0XC7,0XF7,0XC7,0XF7,0XC7,
0XF7,0XC7,0XF7,0XC7,0XF7,0XC7,0XF7,0XC7,0XF7,0XC7,0XF7,0XC7,0XF7,0XC7,0XF7,0XC7,
0XF7,0XC7,0XF7,0XC7,0XF7,0XC7,0XF7,0XC7,0XF7,0XC7,0XF7,0XC7,0XF7,0XC7,0XF7,0XC7,
0XF7,0XC7,0XF7,0XC7,0XF7,0XC7,0XF7,0XC7,0XF7,0XC7,0XF7,0XC7,0XF7,0XC7,0XF7,0XC7,
0XF7,0XC7,0XF7,0XBF,0XF7,0XBF,0XF7,0XBF,0XF7,0XBF,0XF7,0XBF,0XF7,0XBF,0XF7,0XBF,
0XF7,0XBF,0XF7,0XBF,0XF7,0XBF,0XF7,0XC7,0XF7,0XC7,0XF8,0XC7,0XF8,0XC7,0XF8,0XC7,
0XF8,0XBF,0XF7,0XBF,0XF7,0XBF,0XF7,0XBF,0XF7,0XBF,0XF8,0XC7,0XF8,0XC7,0XF8,0XC7,
0XF7,0XC7,0XF7,0XC7,0XF7,0XC7,0XF7,0XC7,0XF7,0XC7,0XF7,0XC7,0XF7,0XC7,0XF7,0XC7,
0XF8,0XC7,0XF8,0XC7,0XF8,0XC7,0XF8,0XC7,0XF8,0XC7,0XF8,0XC7,0XF8,0XC7,0XF8,0XC7,
0XF8,0XC7,0XF7,0XC7,0XF7,0XC7,0XF8,0XC7,0XF7,0XC7,0XF7,0XC7,0XF7,0XC7,0XF7,0XC7,
0XF8,0XC7,0XF8,0XC7,0XF8,0XC7,0XF8,0XC7,0XF7,0XC7,0XF7,0XC7,0XF7,0XC7,0XF8,0XC7,
0XF8,0XC7,0XF7,0XC7,0XF8,0XC7,0XF8,0XC7,0XF7,0XC7,0XF7,0XC7,0XF7,0XC7,0XF7,0XC7,
0XF7,0XC7,0XF8,0XC7,0XF8,0XC7,0XF8,0XC7,0XF7,0XC7,0XF7,0XC7,0XF8,0XC7,0XF8,0XC7,
0XF8,0XC7,0XF8,0XC7,0XF8,0XC7,0XF8,0XC7,0XF8,0XC7,0XF8,0XC7,0XF8,0XC7,0XF8,0XC7,
0XF7,0XC7,0XF7,0XC7,0XF7,0XC7,0XF7,0XC7,0XF8,0XC7,0XF8,0XC7,0XF8,0XC7,0XF7,0XC7,
0XF7,0XC7,0XF8,0XC7,0XF8,0XC7,0XF8,0XC7,0XF8,0XC7,0XD8,0XC7,0XF8,0XC7,0XF8,0XC7,
0XF8,0XBF,0XF7,0XBF,0XF7,0XBF,0XF7,0XBF,0XF7,0XBF,0XF8,0XBF,0XF8,0XC7,0XF8,0XC7,
0XF8,0XC7,0XF8,0XC7,0XF8,0XC7,0XF8,0XC7,0XF8,0XC7,0XF8,0XC7,0XF8,0XC7,0XF8,0XC7,
0XF8,0XC7,0XF8,0XC7,0XF8,0XC7,0XF7,0XC7,0XF7,0XC7,0XF8,0XC7,0XF7,0XC7,0XF7,0XC7,
0XF7,0XC7,0XF6,0XC7,0XF8,0XC7,0XF9,0XC7,0XF8,0XC7,0XF7,0XC7,0XF7,0XC7,0XF7,0XC7,
0XF8,0XC7,0XF8,0XC7,0XF8,0XC7,0XF8,0XC7,0XF7,0XC7,0XF6,0XC7,0XF7,0XC7,0XF8,0XC7,
0XF8,0XC7,0XF7,0XC7,0XF8,0XC7,0XF8,0XC7,0XF7,0XC7,0XF7,0XC7,0XF6,0XC7,0XF6,0XC7,
0XF7,0XBF,0XF8,0XC7,0XF8,0XC7,0XF8,0XC7,0XF7,0XC7,0XF7,0XC7,0XF7,0XC7,0XF8,0XC7,
0XF8,0XC7,0XF8,0XC7,0XF8,0XC7,0XF8,0XBF,0XF8,0XC7,0XF8,0XC7,0XF8,0XC7,0XF7,0XC7,
0XF7,0XC7,0XF7,0XC7,0XF7,0XC7,0XF7,0XBF,0XF8,0XC7,0XD8,0XC7,0XF8,0XC7,0XF7,0XC7,
0XF7,0XC7,0XF8,0XC7,0XF8,0XC7,0XF8,0XBF,0XF8,0XC7,0XF8,0XC7,0XF8,0XC7,0XF8,0XC7,
0XF8,0XC7,0XF7,0XBF,0XF7,0XBF,0XF7,0XBF,0XF7,0XBF,0XF8,0XC7,0XF8,0XC7,0XF8,0XC7,
0XF8,0XC7,0XF8,0XC7,0XF8,0XC7,0XF8,0XC7,0XF8,0XC7,0XF8,0XC7,0XF8,0XC7,0XF8,0XC7,
0XF8,0XC7,0XF8,0XC7,0XF8,0XC7,0XF8,0XC7,0XF8,0XC7,0XF8,0XC7,0XF8,0XC7,0XF8,0XC7,
0XF8,0XC7,0XF8,0XC7,0XF8,0XC7,0XF8,0XBF,0XF7,0XC7,0XF8,0XC7,0XF8,0XC7,0XF7,0XC7,
0XF7,0XC7,0XF8,0XC7,0XF9,0XC7,0XF8,0XC7,0XF7,0XC7,0XF6,0XC7,0XF7,0XC7,0XF8,0XC7,
0XF9,0XC7,0XF7,0XC7,0XF8,0XC7,0XD8,0XC7,0XF9,0XC7,0XD8,0XBF,0XF8,0XC7,0XF7,0XBF,
0XF7,0XBF,0XF8,0XC7,0XF8,0XC7,0XF8,0XC7,0XF7,0XC7,0XF7,0XC7,0XF8,0XC7,0XF8,0XC7,
0XF7,0XC7,0XF7,0XC7,0XF8,0XC7,0XF8,0XC7,0XF8,0XC7,0XF8,0XC7,0XF8,0XC7,0XF8,0XC7,
0XF7,0XC7,0XF8,0XC7,0XF8,0XBF,0XF8,0XC7,0XF8,0XC7,0XD8,0XBF,0XF8,0XC7,0XF7,0XC7,
0XF7,0XC7,0XF8,0XC7,0XF8,0XBF,0XF8,0XBF,0XF8,0XC7,0XF8,0XC7,0XF8,0XC7,0XF8,0XC7,
0XF8,0XC7,0XF8,0XC7,0XF8,0XC7,0XF8,0XC7,0XF8,0XC7,0XF8,0XC7,0XF8,0XC7,0XF8,0XC7,
0XF8,0XC7,0XF8,0XC7,0XF8,0XC7,0XF8,0XC7,0XF8,0XC7,0XF8,0XC7,0XF8,0XC7,0XF8,0XC7,
0XF8,0XC7,0XF8,0XC7,0XF8,0XC7,0XF8,0XC7,0XF8,0XC7,0XF8,0XC7,0XF9,0XC7,0XB9,0XBF,
0X9A,0XBF,0XBA,0XBF,0XD9,0XBF,0XF8,0XC7,0XD7,0XBF,0XF8,0XC7,0XD8,0XC7,0XF8,0XC7,
0XF7,0XC7,0XF8,0XC7,0XF8,0XC7,0XF8,0XC7,0XF7,0XC7,0XF7,0XC7,0XF8,0XC7,0XF9,0XC7,
0XF9,0XC7,0XF7,0XC7,0XF7,0XC7,0XD9,0XC7,0XBB,0XBF,0X9B,0XBF,0XBB,0XBF,0XDA,0XBF,
0XF8,0XBF,0XF8,0XC7,0XF8,0XC7,0XF8,0XC7,0XF7,0XC7,0XF7,0XC7,0XF8,0XC7,0XF7,0XC7,
0XF7,0XC7,0XF7,0XC7,0XF8,0XC7,0XF8,0XC7,0XF7,0XBF,0XF7,0XC7,0XF8,0XC7,0XF8,0XC7,
0XF8,0XC7,0XFA,0XC7,0XB9,0XBF,0XB9,0XBF,0XD9,0XBF,0XF9,0XC7,0XF8,0XC7,0XF7,0XC7,
0XF7,0XC7,0XF8,0XC7,0XF8,0XC7,0XF8,0XBF,0XF8,0XC7,0XF8,0XC7,0XF8,0XC7,0XF8,0XC7,
0XF8,0XC7,0XF8,0XC7,0XF8,0XC7,0XF8,0XC7,0XF8,0XC7,0XF8,0XC7,0XF8,0XC7,0XF8,0XC7,
0XF8,0XC7,0XF8,0XC7,0XF8,0XC7,0XF8,0XC7,0XF8,0XC7,0XF8,0XC7,0XF8,0XC7,0XF8,0XC7,
0XF8,0XC7,0XF8,0XC7,0XF8,0XC7,0XF7,0XC7,0XF7,0XC7,0XF8,0XC7,0XBB,0XBF,0XFB,0XA6,
0XDC,0XA6,0XFC,0XAE,0X7A,0XB7,0XF8,0XBF,0XF7,0XBF,0XF8,0XC7,0XF8,0XC7,0XF8,0XC7,
0XF7,0XC7,0XF7,0XC7,0XF8,0XC7,0XF8,0XC7,0XF7,0XC7,0XF8,0XC7,0XF8,0XC7,0XF9,0XC7,
0XF9,0XC7,0XF7,0XC7,0XF7,0XBF,0XDA,0XBF,0XFB,0XAE,0XBC,0XA6,0XDB,0XA6,0X9C,0XBF,
0XF9,0XBF,0XF8,0XC7,0XF8,0XC7,0XF7,0XC7,0XF7,0XC7,0XF8,0XC7,0XF8,0XC7,0XF7,0XC7,
0XF7,0XC7,0XF7,0XC7,0XF8,0XC7,0XF8,0XC7,0XF7,0XBF,0XF7,0XC7,0XF7,0XC7,0XF8,0XC7,
0XDA,0XC7,0X5C,0XB7,0XBC,0XA6,0XDB,0XA6,0X5B,0XB7,0XDA,0XC7,0XF8,0XBF,0XF7,0XC7,
0XF7,0XC7,0XF8,0XC7,0XF7,0XC7,0XF7,0XC7,0XF7,0XC7,0XF8,0XC7,0XF8,0XC7,0XF8,0XC7,
0XF8,0XC7,0XF8,0XC7,0XF8,0XC7,0XF8,0XC7,0XF8,0XC7,0XF8,0XC7,0XF8,0XC7,0XF8,0XC7,
0XF8,0XC7,0XF8,0XC7,0XF8,0XC7,0XF8,0XC7,0XF8,0XC7,0XF8,0XC7,0XF8,0XC7,0XF8,0XC7,
0XF8,0XC7,0XF8,0XC7,0XF7,0XC7,0XF7,0XC7,0XF6,0XBF,0XF8,0XBF,0X5C,0XB7,0XBD,0XA6,
0X9E,0XA6,0X9E,0X9E,0X3B,0XAF,0XF8,0XBF,0XF7,0XBF,0XF8,0XC7,0XF8,0XC7,0XF8,0XC7,
0XF8,0XC7,0XF7,0XC7,0XF7,0XC7,0XF7,0XC7,0XF8,0XC7,0XF8,0XC7,0XF8,0XC7,0XF9,0XC7,
0XF8,0XC7,0XF7,0XC7,0XF8,0XC7,0X7B,0XB7,0X9D,0X9E,0XDF,0XA6,0XBD,0XA6,0X3B,0XAF,
0XF9,0XBF,0XF8,0XC7,0XF8,0XC7,0XF7,0XC7,0XF7,0XC7,0XF8,0XC7,0XF8,0XC7,0XF7,0XBF,
0XF6,0XC7,0XF7,0XC7,0XF8,0XC7,0XF8,0XC7,0XF7,0XBF,0XF7,0XC7,0XF7,0XBF,0XF9,0XC7,
0X9B,0XBF,0XBE,0XA6,0X9F,0XA6,0XBF,0XA6,0XDB,0XA6,0XBA,0XBF,0XF8,0XC7,0XF8,0XC7,
0XF8,0XC7,0XF7,0XC7,0XF7,0XC7,0XF7,0XC7,0XF7,0XC7,0XF8,0XC7,0XF8,0XC7,0XF8,0XC7,
0XF8,0XC7,0XF8,0XC7,0XF8,0XC7,0XF8,0XC7,0XF8,0XC7,0XF8,0XC7,0XF8,0XC7,0XF8,0XC7,
0XF8,0XC7,0XF8,0XC7,0XF8,0XC7,0XF8,0XC7,0XF8,0XC7,0XF8,0XC7,0XF8,0XC7,0XF8,0XC7,
0XF8,0XC7,0XF8,0XC7,0XF7,0XC7,0XF7,0XC7,0XF7,0XBF,0XDA,0XBF,0XDC,0XA6,0X9F,0X9E,
0X9F,0XA6,0XBF,0XA6,0X3B,0XAF,0XF8,0XBF,0XF7,0XBF,0XF8,0XC7,0XF8,0XC7,0XF8,0XC7,
0XF8,0XC7,0XF7,0XC7,0XF7,0XC7,0XF7,0XC7,0XF7,0XC7,0XF8,0XC7,0XF8,0XC7,0XF8,0XC7,
0XF8,0XC7,0XF7,0XC7,0XD9,0XBF,0X1B,0XA7,0X9F,0X9E,0X7F,0XA6,0XBD,0XA6,0X7B,0XB7,
0XF9,0XBF,0XF8,0XC7,0XF8,0XC7,0XF8,0XC7,0XF8,0XC7,0XF8,0XC7,0XF8,0XBF,0XF7,0XBF,
0XF7,0XC7,0XF7,0XC7,0XF8,0XC7,0XF8,0XC7,0XD8,0XBF,0XF7,0XC7,0XF7,0XBF,0XF9,0XC7,
0X3C,0XAF,0XBF,0XA6,0X7F,0X9E,0X9F,0XA6,0XFC,0XAE,0XDA,0XBF,0XD7,0XBF,0XF7,0XC7,
0XF8,0XC7,0XF8,0XC7,0XF7,0XC7,0XF7,0XC7,0XF7,0XC7,0XF8,0XC7,0XF8,0XC7,0XF8,0XC7,
0XF8,0XC7,0XF8,0XC7,0XF8,0XC7,0XF8,0XC7,0XF8,0XC7,0XF8,0XC7,0XF8,0XC7,0XF8,0XC7,
0XF8,0XC7,0XF8,0XC7,0XF8,0XC7,0XF8,0XC7,0XF8,0XC7,0XF8,0XC7,0XF8,0XC7,0XF8,0XC7,
0XF8,0XC7,0XF8,0XC7,0XF8,0XC7,0XF7,0XC7,0XD8,0XBF,0X9B,0XB7,0XBE,0XA6,0X9F,0XA6,
0XBE,0X9E,0XBC,0XA6,0XBB,0XBF,0XF8,0XBF,0XF8,0XC7,0XF8,0XBF,0XF8,0XC7,0XF8,0XC7,
0XF8,0XC7,0XF7,0XC7,0XF7,0XC7,0XF7,0XC7,0XF7,0XC7,0XF8,0XC7,0XF8,0XC7,0XF7,0XBF,
0XF7,0XC7,0XF8,0XBF,0X9B,0XB7,0XBD,0X9E,0X9F,0X9E,0X9F,0XA6,0XFC,0XA6,0XDA,0XBF,
0XF8,0XBF,0XF8,0XC7,0XF8,0XC7,0XF8,0XC7,0XF8,0XC7,0XF8,0XC7,0XF8,0XBF,0XF7,0XBF,
0XF7,0XC7,0XF8,0XC7,0XF7,0XC7,0XF7,0XC7,0XF9,0XC7,0XD8,0XBF,0XF7,0XBF,0XB9,0XBF,
0XFD,0XA6,0X9F,0X9E,0X9E,0X9E,0XBD,0XA6,0X5B,0XB7,0XD8,0XBF,0XF6,0XC7,0XF7,0XC7,
0XF7,0XC7,0XF8,0XC7,0XF7,0XC7,0XF8,0XC7,0XF8,0XC7,0XF8,0XC7,0XF8,0XC7,0XF8,0XC7,
0XF8,0XC7,0XF8,0XC7,0XF8,0XC7,0XF8,0XC7,0XF8,0XC7,0XF8,0XC7,0XF8,0XC7,0XF8,0XC7,
0XF8,0XC7,0XF8,0XC7,0XF8,0XC7,0XF8,0XC7,0XF8,0XC7,0XF8,0XC7,0XF8,0XC7,0XF8,0XC7,
0XF8,0XC7,0XF8,0XC7,0XF8,0XC7,0XF8,0XC7,0XDA,0XBF,0X1C,0XAF,0X7E,0X9E,0XBF,0XA6,
0X9E,0X9E,0X3B,0XAF,0XDA,0XBF,0XF8,0XBF,0XF7,0XC7,0XF7,0XC7,0XF8,0XC7,0XF8,0XC7,
0XF8,0XC7,0XF8,0XC7,0XF7,0XC7,0XF7,0XC7,0XF7,0XC7,0XF8,0XC7,0XF7,0XC7,0XF7,0XC7,
0XD7,0XBF,0XD9,0XBF,0XFB,0XA6,0X9E,0X9E,0X9F,0X9E,0XBE,0XA6,0X3B,0XAF,0XF8,0XBF,
0XF8,0XC7,0XF8,0XC7,0XF8,0XC7,0XF8,0XC7,0XF8,0XC7,0XF7,0XC7,0XF8,0XBF,0XF7,0XBF,
0XF8,0XC7,0XF8,0XC7,0XF7,0XC7,0XF7,0XC7,0XD8,0XBF,0XF9,0XC7,0XF8,0XBF,0X7A,0XB7,
0XBE,0XA6,0X9F,0XA6,0XBE,0XA6,0XDB,0XA6,0XDB,0XC7,0XF8,0XBF,0XF7,0XC7,0XF7,0XC7,
0XF7,0XC7,0XF8,0XC7,0XF8,0XC7,0XF8,0XC7,0XF8,0XC7,0XF8,0XC7,0XF8,0XC7,0XF8,0XC7,
0XF8,0XC7,0XF8,0XC7,0XF8,0XC7,0XF8,0XC7,0XF8,0XC7,0XF8,0XC7,0XF8,0XC7,0XF8,0XC7,
0XF8,0XC7,0XF8,0XC7,0XF8,0XC7,0XF8,0XC7,0XF8,0XC7,0XF8,0XC7,0XF8,0XC7,0XF8,0XC7,
0XF8,0XC7,0XF8,0XC7,0XF8,0XC7,0XF8,0XBF,0XDB,0XBF,0XBD,0XA6,0XBF,0XA6,0X9F,0X9E,
0XBD,0XA6,0XBA,0XBF,0XF9,0XBF,0XF8,0XBF,0XF7,0XC7,0XF7,0XC7,0XF7,0XC7,0XF8,0XC7,
0XF8,0XC7,0XF8,0XC7,0XF7,0XC7,0XF7,0XC7,0XF7,0XC7,0XF8,0XC7,0XF7,0XC7,0XF7,0XC7,
0XF8,0XC7,0X9B,0XBF,0XBC,0XA6,0X9F,0X9E,0X9F,0XA6,0X9C,0X9E,0X9A,0XB7,0XF7,0XC7,
0XF8,0XC7,0XF8,0XC7,0XF8,0XC7,0XF8,0XC7,0XF8,0XC7,0XF8,0XBF,0XF7,0XBF,0XF7,0XBF,
0XF8,0XC7,0XF8,0XC7,0XF7,0XC7,0XF7,0XC7,0XF8,0XC7,0XF9,0XC7,0XDA,0XBF,0X1B,0XAF,
0X9F,0X9E,0X7F,0X9E,0XBE,0XA6,0X3C,0XAF,0XFA,0XC7,0XF8,0XC7,0XF7,0XBF,0XF8,0XC7,
0XF8,0XC7,0XF7,0XC7,0XF8,0XC7,0XF8,0XC7,0XF8,0XC7,0XF8,0XC7,0XF8,0XC7,0XF8,0XC7,
0XF8,0XC7,0XF8,0XC7,0XF8,0XC7,0XF8,0XC7,0XF8,0XC7,0XF8,0XC7,0XF8,0XC7,0XF8,0XC7,
0XF8,0XC7,0XF8,0XC7,0XF8,0XC7,0XF8,0XC7,0XF8,0XC7,0XF8,0XC7,0XF8,0XC7,0XF8,0XC7,
0XF8,0XC7,0XF8,0XC7,0XF8,0XC7,0XFA,0XC7,0X3B,0XAF,0X9E,0X9E,0X9F,0XA6,0X9F,0XA6,
0X1D,0XAF,0XDA,0XBF,0XF8,0XC7,0XF7,0XC7,0XF7,0XC7,0XF7,0XC7,0XF7,0XC7,0XF7,0XC7,
0XF8,0XC7,0XF8,0XC7,0XF7,0XC7,0XF7,0XC7,0XF8,0XC7,0XF8,0XC7,0XF7,0XC7,0XF8,0XC7,
0XFA,0XC7,0X3C,0XB7,0X9D,0XA6,0X9F,0X9E,0X9F,0XA6,0XDB,0XA6,0XDA,0XBF,0XF7,0XC7,
0XF7,0XC7,0XF8,0XC7,0XF8,0XC7,0XF7,0XC7,0XF8,0XBF,0XF8,0XBF,0XF7,0XBF,0XF7,0XBF,
0XF8,0XC7,0XF8,0XC7,0XF8,0XC7,0XF7,0XC7,0XF7,0XC7,0XD9,0XBF,0X9C,0XB7,0XBD,0X9E,
0X9F,0X9E,0X9F,0XA6,0XBD,0XA6,0XBC,0XBF,0XD9,0XBF,0XF9,0XC7,0XD8,0XBF,0XF8,0XC7,
0XF7,0XC7,0XF7,0XC7,0XF7,0XC7,0XF8,0XBF,0XF8,0XC7,0XF8,0XC7,0XF8,0XC7,0XF8,0XC7,
0XF8,0XC7,0XF8,0XC7,0XF8,0XC7,0XF8,0XC7,0XF8,0XC7,0XF8,0XC7,0XF8,0XC7,0XF8,0XC7,
0XF8,0XC7,0XF8,0XC7,0XF8,0XC7,0XF8,0XC7,0XF8,0XC7,0XF8,0XC7,0XF8,0XC7,0XF8,0XC7,
0XF8,0XC7,0XF8,0XC7,0XF8,0XC7,0XBB,0XBF,0X9C,0XA6,0X9F,0XA6,0X9F,0XA6,0XBE,0XA6,
0X7B,0XB7,0XF9,0XBF,0XF6,0XBF,0XF6,0XC7,0XF7,0XC7,0XF8,0XC7,0XF8,0XC7,0XF7,0XC7,
0XF7,0XC7,0XF8,0XC7,0XF8,0XC7,0XF8,0XC7,0XF8,0XC7,0XF8,0XC7,0XF8,0XC7,0XF8,0XC7,
0XBB,0XBF,0XDC,0XA6,0X9E,0XA6,0X9F,0XA6,0X9E,0XA6,0X7C,0XBF,0XD9,0XC7,0XF7,0XC7,
0XF7,0XC7,0XF8,0XC7,0XF8,0XC7,0XF7,0XBF,0XF8,0XBF,0XF8,0XBF,0XF7,0XBF,0XF8,0XBF,
0XF8,0XC7,0XF8,0XC7,0XF9,0XC7,0XF8,0XC7,0XF6,0XBF,0XF9,0XBF,0X1C,0XAF,0X9F,0X9E,
0X9F,0X9E,0X9E,0XA6,0X1C,0XAF,0XD9,0XC7,0XF7,0XBF,0XF7,0XC7,0XF8,0XC7,0XF8,0XC7,
0XF7,0XC7,0XF7,0XC7,0XF7,0XBF,0XF8,0XBF,0XF8,0XC7,0XF8,0XC7,0XF8,0XC7,0XF8,0XC7,
0XF8,0XC7,0XF8,0XC7,0XF8,0XC7,0XF8,0XC7,0XF8,0XC7,0XF8,0XC7,0XF8,0XC7,0XF8,0XC7,
0XF7,0XC7,0XF7,0XC7,0XF8,0XC7,0XF8,0XC7,0XF8,0XC7,0XF8,0XC7,0XF8,0XC7,0XF7,0XC7,
0XF7,0XBF,0XF8,0XC7,0XD9,0XBF,0X3C,0XB7,0X9E,0X9E,0X9F,0XA6,0X9F,0XA6,0XFC,0XA6,
0XD9,0XBF,0XF8,0XC7,0XF7,0XC7,0XF7,0XC7,0XF7,0XC7,0XF8,0XC7,0XF8,0XC7,0XF7,0XC7,
0XF7,0XC7,0XF8,0XC7,0XF8,0XC7,0XF8,0XC7,0XF7,0XC7,0XF7,0XC7,0XF8,0XC7,0XD9,0XBF,
0X7B,0XB7,0X9E,0XA6,0X9F,0XA6,0X9E,0XA6,0XDC,0XA6,0XDB,0XC7,0XF8,0XC7,0XF7,0XC7,
0XF8,0XC7,0XF8,0XC7,0XF7,0XC7,0XF7,0XC7,0XF8,0XC7,0XF8,0XC7,0XF7,0XC7,0XF8,0XC7,
0XF8,0XC7,0XF7,0XC7,0XF8,0XC7,0XF7,0XC7,0XF7,0XBF,0XBA,0XBF,0XDD,0XA6,0X9F,0XA6,
0X9E,0X9E,0XBB,0XA6,0X9B,0XBF,0XD9,0XBF,0XF7,0XC7,0XF7,0XC7,0XF8,0XC7,0XF8,0XC7,
0XF8,0XC7,0XF8,0XC7,0XF8,0XC7,0XF8,0XC7,0XF8,0XC7,0XF8,0XC7,0XF8,0XC7,0XF8,0XC7,
0XF8,0XC7,0XF8,0XC7,0XF8,0XC7,0XF8,0XC7,0XF8,0XC7,0XF8,0XC7,0XF8,0XC7,0XF8,0XC7,
0XF7,0XC7,0XF7,0XC7,0XF8,0XC7,0XF8,0XC7,0XF8,0XC7,0XF8,0XC7,0XF8,0XBF,0XF7,0XC7,
0XF7,0XC7,0XF8,0XBF,0XDB,0XBF,0XFC,0XA6,0X9F,0X9E,0X9F,0X9E,0X9E,0X9E,0X3C,0XB7,
0XF8,0XC7,0XF7,0XC7,0XF8,0XC7,0XF8,0XC7,0XF8,0XC7,0XF8,0XC7,0XF8,0XC7,0XF8,0XBF,
0XF7,0XC7,0XF7,0XC7,0XF8,0XC7,0XF8,0XC7,0XF7,0XC7,0XF7,0XBF,0XF8,0XC7,0XDA,0XBF,
0XFB,0XA6,0X9F,0XA6,0X9F,0XA6,0X9D,0XA6,0X5B,0XB7,0XF9,0XC7,0XF8,0XC7,0XF8,0XC7,
0XF8,0XC7,0XF8,0XC7,0XF7,0XC7,0XF7,0XC7,0XF8,0XC7,0XF8,0XC7,0XF8,0XC7,0XF8,0XC7,
0XF8,0XC7,0XF7,0XC7,0XF7,0XC7,0XF7,0XC7,0XF9,0XC7,0X3C,0XAF,0X9E,0XA6,0X9F,0XA6,
0XBE,0XA6,0XFA,0XA6,0XDA,0XBF,0XD9,0XBF,0XF8,0XC7,0XF7,0XC7,0XF7,0XC7,0XF7,0XC7,
0XF8,0XC7,0XF8,0XC7,0XF8,0XC7,0XF8,0XC7,0XF8,0XC7,0XF8,0XC7,0XF8,0XC7,0XF8,0XC7,
0XF8,0XC7,0XF8,0XC7,0XF8,0XC7,0XF8,0XC7,0XF8,0XC7,0XF8,0XC7,0XF8,0XC7,0XF8,0XC7,
0XF7,0XC7,0XF8,0XC7,0XF8,0XC7,0XF8,0XC7,0XF7,0XC7,0XF8,0XC7,0XF8,0XC7,0XF7,0XC7,
0XF8,0XC7,0XD9,0XBF,0X9B,0XBF,0XBC,0XA6,0X9F,0XA6,0X9F,0XA6,0XDD,0XA6,0XBC,0XBF,
0XF9,0XC7,0XF7,0XC7,0XF7,0XC7,0XF8,0XC7,0XF8,0XC7,0XF8,0XC7,0XF7,0XC7,0XF7,0XBF,
0XF8,0XC7,0XF8,0XC7,0XF7,0XC7,0XF7,0XC7,0XF8,0XC7,0XF8,0XBF,0XF9,0XBF,0X7B,0XB7,
0XBC,0XA6,0X9F,0X9E,0X9F,0XA6,0XBC,0XA6,0X9B,0XBF,0XF8,0XC7,0XF7,0XC7,0XF8,0XC7,
0XF8,0XC7,0XF8,0XC7,0XF7,0XC7,0XF7,0XC7,0XF8,0XC7,0XF8,0XC7,0XF8,0XC7,0XF7,0XC7,
0XF7,0XC7,0XF7,0XC7,0XF8,0XC7,0XF8,0XC7,0XDA,0XC7,0XDD,0XA6,0X9F,0XA6,0X9F,0XA6,
0XBD,0XA6,0X7B,0XB7,0XDA,0XC7,0XF8,0XC7,0XF8,0XC7,0XF7,0XBF,0XF7,0XC7,0XF7,0XC7,
0XF8,0XC7,0XF8,0XC7,0XF8,0XC7,0XF7,0XC7,0XF7,0XC7,0XF8,0XC7,0XF8,0XC7,0XF8,0XC7,
0XF8,0XC7,0XF8,0XC7,0XF8,0XC7,0XF8,0XC7,0XF8,0XC7,0XF8,0XC7,0XF8,0XC7,0XF8,0XC7,
0XF7,0XC7,0XF8,0XC7,0XF8,0XC7,0XF7,0XC7,0XF7,0XC7,0XF7,0XC7,0XF8,0XC7,0XF7,0XBF,
0XF8,0XC7,0XFB,0XC7,0X1B,0XAF,0XBD,0XA6,0X9F,0X9E,0X9E,0XA6,0X3C,0XAF,0XFA,0XC7,
0XF9,0XC7,0XF7,0XC7,0XF7,0XC7,0XF8,0XC7,0XF8,0XC7,0XF8,0XC7,0XF7,0XC7,0XF7,0XBF,
0XF8,0XC7,0XF8,0XC7,0XF7,0XC7,0XF7,0XC7,0XF8,0XC7,0XF9,0XC7,0XBB,0XBF,0X1C,0XAF,
0XBE,0XA6,0X9F,0XA6,0X9E,0XA6,0X1C,0XAF,0XDB,0XC7,0XD8,0XBF,0XF7,0XC7,0XF8,0XC7,
0XF8,0XC7,0XF8,0XC7,0XF7,0XC7,0XF7,0XC7,0XF8,0XC7,0XF8,0XC7,0XF7,0XC7,0XF7,0XC7,
0XF7,0XC7,0XF8,0XC7,0XF8,0XC7,0XF9,0XC7,0X5B,0XB7,0X9E,0XA6,0X9F,0XA6,0XBF,0XA6,
0XDD,0XA6,0XDB,0XBF,0XF9,0XC7,0XF8,0XC7,0XF7,0XC7,0XF7,0XBF,0XF7,0XC7,0XF7,0XC7,
0XF8,0XC7,0XF8,0XC7,0XF7,0XC7,0XF7,0XC7,0XF7,0XC7,0XF7,0XC7,0XF8,0XC7,0XF8,0XC7,
0XF8,0XC7,0XF8,0XC7,0XF8,0XC7,0XF8,0XC7,0XF8,0XC7,0XF8,0XC7,0XF8,0XC7,0XF8,0XC7,
0XF8,0XC7,0XF8,0XC7,0XF8,0XC7,0XF7,0XC7,0XF7,0XC7,0XF7,0XC7,0XF8,0XC7,0XF8,0XC7,
0XD9,0XBF,0XBC,0XBF,0XBC,0X9E,0XBE,0XA6,0X9E,0X9E,0XDD,0XA6,0X9B,0XBF,0XF8,0XC7,
0XF8,0XC7,0XF7,0XC7,0XF7,0XC7,0XF8,0XC7,0XF8,0XC7,0XF8,0XC7,0XF8,0XC7,0XF7,0XBF,
0XF8,0XC7,0XF7,0XC7,0XF7,0XC7,0XF7,0XC7,0XF8,0XC7,0XFA,0XC7,0X9C,0XBF,0XBD,0XA6,
0X9F,0X9E,0XBF,0XA6,0XBC,0XA6,0X7B,0XBF,0XDA,0XC7,0XF7,0XBF,0XF7,0XC7,0XF8,0XC7,
0XF8,0XC7,0XF8,0XC7,0XF7,0XC7,0XF7,0XC7,0XF8,0XC7,0XF8,0XC7,0XF7,0XC7,0XF7,0XC7,
0XF7,0XC7,0XF8,0XC7,0XF8,0XC7,0XDB,0XC7,0XDB,0XA6,0X9E,0XA6,0X9F,0XA6,0XBE,0XA6,
0X5C,0XB7,0XFA,0XC7,0XF8,0XBF,0XF7,0XC7,0XF7,0XC7,0XF7,0XC7,0XF7,0XC7,0XF8,0XC7,
0XF8,0XC7,0XF8,0XC7,0XF7,0XC7,0XF7,0XC7,0XF7,0XC7,0XF7,0XC7,0XF8,0XC7,0XF8,0XC7,
0XF8,0XC7,0XF8,0XC7,0XF8,0XC7,0XF8,0XC7,0XF8,0XC7,0XF8,0XC7,0XF8,0XC7,0XF8,0XC7,
0XF8,0XC7,0XF8,0XC7,0XF8,0XC7,0XF7,0XC7,0XF7,0XC7,0XF7,0XC7,0XF7,0XC7,0XF8,0XC7,
0XDA,0XBF,0X3B,0XAF,0XBE,0XA6,0X9E,0X9E,0XBE,0XA6,0X1B,0XAF,0XDA,0XBF,0XF7,0XC7,
0XF7,0XC7,0XF7,0XC7,0XF7,0XC7,0XF8,0XC7,0XF7,0XC7,0XF7,0XC7,0XF8,0XC7,0XF8,0XBF,
0XF7,0XC7,0XF7,0XC7,0XF8,0XC7,0XF7,0XC7,0XF7,0XC7,0XDA,0XC7,0X3D,0XAF,0XBE,0XA6,
0X9F,0XA6,0XBE,0XA6,0XFB,0XAE,0XDB,0XC7,0XD8,0XBF,0XF7,0XC7,0XF7,0XBF,0XF8,0XC7,
0XF8,0XC7,0XF8,0XC7,0XF7,0XC7,0XF7,0XC7,0XF7,0XC7,0XF8,0XC7,0XF7,0XC7,0XF7,0XC7,
0XF7,0XC7,0XF8,0XC7,0XF8,0XC7,0X7B,0XB7,0X9C,0XA6,0XBE,0XA6,0X9F,0XA6,0XBD,0XA6,
0XBB,0XBF,0XF9,0XC7,0XF7,0XC7,0XF7,0XC7,0XF7,0XC7,0XF7,0XC7,0XF7,0XBF,0XF8,0XC7,
0XF8,0XC7,0XF8,0XC7,0XF8,0XC7,0XF7,0XC7,0XF7,0XC7,0XF7,0XC7,0XF8,0XC7,0XF8,0XC7,
0XF8,0XC7,0XF8,0XC7,0XF8,0XC7,0XF8,0XC7,0XF8,0XC7,0XF8,0XC7,0XF8,0XC7,0XF8,0XC7,
0XF8,0XC7,0XF8,0XC7,0XF8,0XC7,0XF7,0XC7,0XF7,0XC7,0XF7,0XC7,0XF7,0XC7,0XF8,0XC7,
0XDA,0XBF,0XFB,0XA6,0X7E,0X9E,0X9F,0XA6,0X9C,0X9E,0X7A,0XB7,0XD8,0XBF,0XF7,0XBF,
0XF7,0XC7,0XF7,0XC7,0XF8,0XC7,0XF8,0XC7,0XF7,0XC7,0XF7,0XC7,0XF8,0XC7,0XF8,0XBF,
0XF7,0XC7,0XF7,0XC7,0XF8,0XC7,0XF7,0XC7,0XF7,0XC7,0XB9,0XBF,0XFC,0XA6,0X9D,0XA6,
0XBE,0XA6,0XBC,0XA6,0X9B,0XBF,0XF9,0XC7,0XF8,0XC7,0XF7,0XC7,0XF7,0XC7,0XF8,0XC7,
0XF8,0XC7,0XF8,0XC7,0XF8,0XC7,0XF7,0XC7,0XF7,0XC7,0XF8,0XC7,0XF8,0XC7,0XF7,0XC7,
0XF8,0XC7,0XF8,0XC7,0XF8,0XBF,0X3B,0XAF,0XBD,0XA6,0XBD,0XA6,0X9D,0XA6,0X1D,0XAF,
0XDA,0XBF,0XF8,0XC7,0XF7,0XC7,0XF7,0XC7,0XF7,0XC7,0XF8,0XC7,0XF8,0XC7,0XF8,0XC7,
0XF8,0XC7,0XF8,0XC7,0XF8,0XC7,0XF7,0XC7,0XF7,0XC7,0XF8,0XC7,0XF8,0XC7,0XF8,0XC7,
0XF8,0XC7,0XF8,0XC7,0XF8,0XC7,0XF8,0XC7,0XF8,0XC7,0XF8,0XC7,0XF8,0XC7,0XF8,0XC7,
0XF7,0XC7,0XF8,0XC7,0XF8,0XC7,0XF7,0XC7,0XF7,0XC7,0XF7,0XC7,0XF7,0XC7,0XF8,0XC7,
0XBA,0XBF,0X1B,0XAF,0X9E,0X9E,0X9F,0XA6,0XFC,0XAE,0XBA,0XBF,0XF9,0XC7,0XF7,0XC7,
0XF6,0XC7,0XF7,0XC7,0XF8,0XC7,0XF8,0XC7,0XF7,0XC7,0XF7,0XC7,0XF8,0XC7,0XF8,0XBF,
0XF8,0XC7,0XF7,0XC7,0XF7,0XC7,0XF7,0XC7,0XF7,0XC7,0XD9,0XBF,0X1B,0XAF,0X9D,0X9E,
0X9D,0X9E,0X1C,0XAF,0XDA,0XBF,0XF8,0XC7,0XF7,0XC7,0XF7,0XC7,0XF7,0XC7,0XF8,0XC7,
0XF8,0XC7,0XF8,0XC7,0XF7,0XC7,0XF7,0XC7,0XF8,0XC7,0XF8,0XC7,0XF8,0XC7,0XF8,0XC7,
0XF8,0XC7,0XF8,0XC7,0XF8,0XBF,0X5A,0XB7,0XBC,0XA6,0X9D,0XA6,0XDC,0XA6,0X7B,0XB7,
0XF8,0XC7,0XF7,0XC7,0XF7,0XC7,0XF7,0XC7,0XF8,0XC7,0XF8,0XC7,0XF8,0XC7,0XF8,0XC7,
0XF8,0XC7,0XF8,0XC7,0XF8,0XC7,0XF8,0XC7,0XF8,0XC7,0XF8,0XC7,0XF8,0XC7,0XF8,0XC7,
0XF8,0XC7,0XF8,0XC7,0XF8,0XC7,0XF8,0XC7,0XF8,0XC7,0XF8,0XC7,0XF8,0XC7,0XF8,0XC7,
0XF7,0XC7,0XF8,0XC7,0XF8,0XC7,0XF8,0XC7,0XF7,0XC7,0XF7,0XC7,0XF8,0XC7,0XF8,0XC7,
0XDA,0XBF,0X5C,0XB7,0XDF,0XAE,0XDF,0XAE,0X7D,0XBF,0XF9,0XC7,0XF8,0XC7,0XF7,0XC7,
0XF6,0XC7,0XF7,0XC7,0XF8,0XC7,0XF8,0XC7,0XF8,0XC7,0XF8,0XC7,0XF8,0XBF,0XF8,0XBF,
0XF8,0XC7,0XF8,0XC7,0XF7,0XC7,0XF7,0XC7,0XF8,0XC7,0XF9,0XC7,0X7C,0XB7,0XFE,0XAE,
0XFE,0XA6,0X7C,0XB7,0XF9,0XC7,0XF8,0XC7,0XF7,0XC7,0XF7,0XC7,0XF7,0XC7,0XF8,0XC7,
0XF8,0XC7,0XF7,0XC7,0XF7,0XC7,0XF8,0XC7,0XF8,0XC7,0XF8,0XC7,0XF8,0XC7,0XF8,0XC7,
0XF8,0XC7,0XF8,0XBF,0XF8,0XBF,0XBB,0XBF,0X1D,0XAF,0XDE,0XAE,0X3C,0XB7,0XDA,0XBF,
0XF8,0XC7,0XF7,0XC7,0XF7,0XC7,0XF8,0XC7,0XF8,0XC7,0XF8,0XC7,0XF8,0XC7,0XF8,0XC7,
0XF8,0XC7,0XF8,0XC7,0XF8,0XC7,0XF8,0XC7,0XF8,0XC7,0XF8,0XC7,0XF8,0XC7,0XF8,0XC7,
0XF8,0XC7,0XF8,0XC7,0XF8,0XC7,0XF8,0XC7,0XF8,0XC7,0XF8,0XC7,0XF8,0XC7,0XF8,0XC7,
};

const img_t icon13 =
{
    .width = 80,
    .height = 77,
    .data = gImage_icon13,
};

#elif(ENABLE_LVGL_USE == 1)



const LV_ATTRIBUTE_MEM_ALIGN LV_ATTRIBUTE_LARGE_CONST  uint8_t icon13_map[] = {
#if LV_COLOR_DEPTH == 1 || LV_COLOR_DEPTH == 8
  /*Pixel format: Red: 3 bit, Green: 3 bit, Blue: 2 bit*/
  0xdf, 0xdf, 0xdf, 0xdf, 0xdf, 0xdf, 0xdf, 0xdf, 0xdf, 0xdf, 0xdf, 0xdf, 0xdf, 0xdf, 0xdf, 0xdf, 0xdf, 0xdf, 0xdf, 0xdf, 0xdf, 0xdf, 0xdf, 0xdf, 0xdf, 0xdf, 0xdf, 0xdf, 0xdf, 0xdf, 0xdf, 0xdf, 0xdf, 0xdf, 0xdf, 0xdf, 0xdf, 0xdf, 0xdf, 0xdf, 0xdf, 0xdf, 0xdf, 0xdf, 0xff, 0xff, 0xff, 0xff, 0xff, 0xff, 0xff, 0xff, 0xff, 0xff, 0xff, 0xff, 0xff, 0xff, 0xdf, 0xdf, 0xdf, 0xdf, 0xdf, 0xdf, 0xdf, 0xdf, 0xdf, 0xdf, 0xdf, 0xdf, 0xdf, 0xdf, 0xdf, 0xdf, 0xdf, 0xdf, 0xdf, 0xdf, 0xdf, 0xdf, 0xdf, 0xdf, 0xdf, 0xdf, 
  0xdf, 0xdf, 0xdf, 0xdf, 0xdf, 0xdf, 0xdf, 0xdf, 0xdf, 0xdf, 0xdf, 0xdf, 0xdf, 0xdf, 0xdf, 0xdf, 0xdf, 0xdf, 0xdf, 0xdf, 0xdf, 0xdf, 0xdf, 0xdf, 0xdf, 0xdf, 0xdf, 0xdf, 0xdf, 0xdf, 0xdf, 0xdf, 0xdf, 0xdf, 0xdf, 0xdf, 0xdf, 0xdf, 0xdf, 0xdf, 0xdf, 0xdf, 0xff, 0xff, 0xff, 0xff, 0xff, 0xff, 0xff, 0xff, 0xff, 0xff, 0xff, 0xff, 0xff, 0xff, 0xff, 0xff, 0xff, 0xdf, 0xdf, 0xdf, 0xdf, 0xdf, 0xdf, 0xdf, 0xdf, 0xdf, 0xdf, 0xdf, 0xdf, 0xdf, 0xdf, 0xdf, 0xdf, 0xdf, 0xdf, 0xdf, 0xdf, 0xdf, 0xdf, 0xdf, 0xdf, 0xdf, 
  0xdf, 0xdf, 0xdf, 0xdf, 0xdf, 0xdf, 0xdf, 0xdf, 0xdf, 0xdf, 0xdf, 0xdf, 0xdf, 0xdf, 0xdf, 0xdf, 0xdf, 0xdf, 0xdf, 0xdf, 0xdf, 0xdf, 0xdf, 0xdf, 0xdf, 0xdf, 0xdf, 0xdf, 0xdf, 0xdf, 0xdf, 0xdf, 0xdf, 0xdf, 0xdf, 0xdf, 0xdf, 0xdf, 0xdf, 0xdf, 0xdf, 0xff, 0xff, 0xff, 0xff, 0xff, 0xff, 0xff, 0xff, 0xff, 0xff, 0xff, 0xff, 0xff, 0xff, 0xff, 0xff, 0xff, 0xff, 0xff, 0xff, 0xdf, 0xdf, 0xdf, 0xdf, 0xdf, 0xdf, 0xdf, 0xdf, 0xdf, 0xdf, 0xdf, 0xdf, 0xdf, 0xdf, 0xdf, 0xdf, 0xdf, 0xdf, 0xdf, 0xdf, 0xdf, 0xdf, 0xdf, 
  0xdf, 0xdf, 0xdf, 0xdf, 0xdf, 0xdf, 0xdf, 0xdf, 0xdf, 0xdf, 0xdf, 0xdf, 0xdf, 0xdf, 0xdf, 0xdf, 0xdf, 0xdf, 0xdf, 0xdf, 0xdf, 0xdf, 0xdf, 0xdf, 0xdf, 0xdf, 0xdf, 0xdf, 0xdf, 0xdf, 0xdf, 0xdf, 0xdf, 0xdf, 0xdf, 0xdf, 0xdf, 0xdf, 0xdf, 0xdf, 0xff, 0xff, 0xff, 0xff, 0xff, 0xff, 0xff, 0xff, 0xff, 0xff, 0xff, 0xff, 0xff, 0xff, 0xff, 0xff, 0xff, 0xff, 0xff, 0xff, 0xff, 0xff, 0xff, 0xdf, 0xdf, 0xdf, 0xdf, 0xdf, 0xdf, 0xdf, 0xdf, 0xdf, 0xdf, 0xdf, 0xdf, 0xdf, 0xdf, 0xdf, 0xdf, 0xdf, 0xdf, 0xdf, 0xdf, 0xdf, 
  0xdf, 0xdf, 0xdf, 0xdf, 0xdf, 0xdf, 0xdf, 0xdf, 0xdf, 0xdf, 0xdf, 0xdf, 0xdf, 0xdf, 0xdf, 0xdf, 0xdf, 0xdf, 0xdf, 0xdf, 0xdf, 0xdf, 0xdf, 0xdf, 0xdf, 0xdf, 0xdf, 0xdf, 0xdf, 0xdf, 0xdf, 0xdf, 0xdf, 0xdf, 0xdf, 0xdf, 0xdf, 0xdf, 0xdf, 0xff, 0xff, 0xff, 0xff, 0xff, 0xff, 0xff, 0xff, 0xff, 0xff, 0xff, 0xff, 0xff, 0xff, 0xff, 0xff, 0xff, 0xff, 0xff, 0xff, 0xff, 0xff, 0xff, 0xff, 0xff, 0xdf, 0xdf, 0xdf, 0xdf, 0xdf, 0xdf, 0xdf, 0xdf, 0xdf, 0xdf, 0xdf, 0xdf, 0xdf, 0xdf, 0xdf, 0xdf, 0xdf, 0xdf, 0xdf, 0xdf, 
  0xdf, 0xdf, 0xdf, 0xdf, 0xdf, 0xdf, 0xdf, 0xdf, 0xdf, 0xdf, 0xdf, 0xdf, 0xdf, 0xdf, 0xdf, 0xdf, 0xdf, 0xdf, 0xdf, 0xdf, 0xdf, 0xdf, 0xdf, 0xdf, 0xdf, 0xdf, 0xdf, 0xdf, 0xdf, 0xdf, 0xdf, 0xdf, 0xdf, 0xdf, 0xdf, 0xdf, 0xdf, 0xff, 0xff, 0xff, 0xff, 0xff, 0xff, 0xff, 0xff, 0xff, 0xff, 0xff, 0xff, 0xff, 0xff, 0xff, 0xff, 0xff, 0xff, 0xff, 0xff, 0xff, 0xff, 0xff, 0xff, 0xff, 0xff, 0xff, 0xff, 0xff, 0xdf, 0xdf, 0xdf, 0xdf, 0xdf, 0xdf, 0xdf, 0xdf, 0xdf, 0xdf, 0xdf, 0xdf, 0xdf, 0xdf, 0xdf, 0xdf, 0xdf, 0xdf, 
  0xdf, 0xdf, 0xdf, 0xdf, 0xdf, 0xdf, 0xdf, 0xdf, 0xdf, 0xdf, 0xdf, 0xdf, 0xdf, 0xdf, 0xdf, 0xdf, 0xdf, 0xdf, 0xdf, 0xdf, 0xdf, 0xdf, 0xdf, 0xdf, 0xdf, 0xdf, 0xdf, 0xdf, 0xdf, 0xdf, 0xdf, 0xdf, 0xdf, 0xdf, 0xdf, 0xff, 0xff, 0xff, 0xff, 0xff, 0xff, 0xff, 0xff, 0xff, 0xff, 0xff, 0xff, 0xff, 0xff, 0xff, 0xff, 0xff, 0xff, 0xff, 0xff, 0xff, 0xff, 0xff, 0xff, 0xff, 0xff, 0xff, 0xff, 0xff, 0xff, 0xff, 0xff, 0xdf, 0xdf, 0xdf, 0xdf, 0xdf, 0xdf, 0xdf, 0xdf, 0xdf, 0xdf, 0xdf, 0xdf, 0xdf, 0xdf, 0xdf, 0xdf, 0xdf, 
  0xdf, 0xdf, 0xdf, 0xdf, 0xdf, 0xdf, 0xdf, 0xdf, 0xdf, 0xdf, 0xdf, 0xdf, 0xdf, 0xdf, 0xdf, 0xdf, 0xdf, 0xdf, 0xdf, 0xdf, 0xdf, 0xdf, 0xff, 0xff, 0xff, 0xff, 0xff, 0xff, 0xdf, 0xdf, 0xdf, 0xdf, 0xdf, 0xdf, 0xff, 0xff, 0xff, 0xff, 0xff, 0xff, 0xff, 0xff, 0xff, 0xff, 0xff, 0xff, 0xff, 0xff, 0xff, 0xff, 0xff, 0xff, 0xff, 0xff, 0xff, 0xff, 0xff, 0xff, 0xff, 0xff, 0xff, 0xff, 0xff, 0xff, 0xff, 0xff, 0xff, 0xff, 0xdf, 0xdf, 0xdf, 0xdf, 0xdf, 0xdf, 0xdf, 0xdf, 0xdf, 0xdf, 0xdf, 0xdf, 0xdf, 0xdf, 0xdf, 0xdf, 
  0xdf, 0xdf, 0xdf, 0xdf, 0xdf, 0xdf, 0xdf, 0xdf, 0xdf, 0xdf, 0xdf, 0xdf, 0xdf, 0xdf, 0xdf, 0xdf, 0xdf, 0xdf, 0xdf, 0xff, 0xff, 0xff, 0xff, 0xff, 0xff, 0xff, 0xff, 0xff, 0xff, 0xff, 0xff, 0xff, 0xdf, 0xff, 0xff, 0xff, 0xff, 0xff, 0xff, 0xff, 0xff, 0xff, 0xff, 0xff, 0xff, 0xff, 0xff, 0xff, 0xff, 0xff, 0xff, 0xff, 0xff, 0xff, 0xff, 0xff, 0xff, 0xff, 0xff, 0xff, 0xff, 0xff, 0xff, 0xff, 0xff, 0xff, 0xff, 0xff, 0xff, 0xdf, 0xdf, 0xdf, 0xdf, 0xdf, 0xdf, 0xdf, 0xdf, 0xdf, 0xdf, 0xdf, 0xdf, 0xdf, 0xdf, 0xdf, 
  0xdf, 0xdf, 0xdf, 0xdf, 0xdf, 0xdf, 0xdf, 0xdf, 0xdf, 0xdf, 0xdf, 0xdf, 0xdf, 0xdf, 0xdf, 0xdf, 0xdf, 0xff, 0xff, 0xff, 0xff, 0xff, 0xff, 0xff, 0xff, 0xff, 0xff, 0xff, 0xff, 0xff, 0xff, 0xff, 0xff, 0xff, 0xff, 0xff, 0xff, 0xff, 0xff, 0xff, 0xff, 0xff, 0xff, 0xff, 0xff, 0xff, 0xff, 0xff, 0xff, 0xff, 0xff, 0xff, 0xff, 0xff, 0xff, 0xff, 0xff, 0xff, 0xff, 0xff, 0xff, 0xff, 0xff, 0xff, 0xff, 0xff, 0xff, 0xff, 0xff, 0xdf, 0xdf, 0xdf, 0xdf, 0xdf, 0xdf, 0xdf, 0xdf, 0xdf, 0xdf, 0xdf, 0xdf, 0xdf, 0xdf, 0xdf, 
  0xdf, 0xdf, 0xdf, 0xdf, 0xdf, 0xdf, 0xdf, 0xdf, 0xdf, 0xdf, 0xdf, 0xdf, 0xdf, 0xdf, 0xdf, 0xdf, 0xff, 0xff, 0xff, 0xff, 0xff, 0xff, 0xff, 0xff, 0xff, 0xff, 0xff, 0xff, 0xff, 0xff, 0xff, 0xff, 0xff, 0xff, 0xff, 0xff, 0xff, 0xff, 0xff, 0xff, 0xff, 0xff, 0xff, 0xff, 0xff, 0xff, 0xff, 0xff, 0xff, 0xff, 0xff, 0xff, 0xff, 0xff, 0xff, 0xff, 0xff, 0xff, 0xff, 0xff, 0xff, 0xff, 0xff, 0xff, 0xff, 0xff, 0xff, 0xff, 0xff, 0xff, 0xdf, 0xdf, 0xdf, 0xdf, 0xdf, 0xdf, 0xdf, 0xdf, 0xdf, 0xdf, 0xdf, 0xdf, 0xdf, 0xdf, 
  0xdf, 0xdf, 0xdf, 0xdf, 0xdf, 0xdf, 0xdf, 0xdf, 0xdf, 0xdf, 0xdf, 0xdf, 0xdf, 0xdf, 0xdf, 0xff, 0xff, 0xff, 0xff, 0xff, 0xff, 0xff, 0xff, 0xff, 0xff, 0xff, 0xff, 0xff, 0xff, 0xff, 0xff, 0xff, 0xff, 0xff, 0xff, 0xff, 0xff, 0xff, 0xff, 0xff, 0xff, 0xff, 0xff, 0xff, 0xff, 0xff, 0xff, 0xff, 0xff, 0xff, 0xff, 0xff, 0xff, 0xff, 0xff, 0xff, 0xff, 0xff, 0xff, 0xff, 0xff, 0xff, 0xff, 0xff, 0xff, 0xff, 0xff, 0xff, 0xff, 0xff, 0xdf, 0xdf, 0xdf, 0xdf, 0xdf, 0xdf, 0xdf, 0xdf, 0xdf, 0xdf, 0xdf, 0xdf, 0xdf, 0xdf, 
  0xdf, 0xdf, 0xdf, 0xdf, 0xdf, 0xdf, 0xdf, 0xdf, 0xdf, 0xdf, 0xdf, 0xdf, 0xdf, 0xdf, 0xff, 0xff, 0xff, 0xff, 0xff, 0xff, 0xff, 0xff, 0xff, 0xff, 0xff, 0xff, 0xff, 0xff, 0xff, 0xff, 0xff, 0xff, 0xff, 0xff, 0xff, 0xff, 0xff, 0xff, 0xff, 0xff, 0xff, 0xff, 0xff, 0xff, 0xff, 0xff, 0xff, 0xff, 0xff, 0xff, 0xff, 0xff, 0xff, 0xff, 0xff, 0xff, 0xff, 0xff, 0xff, 0xff, 0xff, 0xff, 0xff, 0xff, 0xff, 0xff, 0xff, 0xff, 0xff, 0xff, 0xff, 0xdf, 0xdf, 0xdf, 0xdf, 0xdf, 0xdf, 0xdf, 0xdf, 0xdf, 0xdf, 0xdf, 0xdf, 0xdf, 
  0xdf, 0xdf, 0xdf, 0xdf, 0xdf, 0xdf, 0xdf, 0xdf, 0xdf, 0xdf, 0xdf, 0xdf, 0xdf, 0xff, 0xff, 0xff, 0xff, 0xff, 0xff, 0xff, 0xff, 0xff, 0xff, 0xff, 0xff, 0xff, 0xff, 0xff, 0xff, 0xff, 0xff, 0xff, 0xff, 0xff, 0xff, 0xff, 0xff, 0xff, 0xff, 0xff, 0xff, 0xff, 0xff, 0xff, 0xff, 0xff, 0xff, 0xff, 0xff, 0xff, 0xff, 0xff, 0xff, 0xff, 0xff, 0xff, 0xff, 0xff, 0xff, 0xff, 0xff, 0xff, 0xff, 0xff, 0xff, 0xff, 0xff, 0xff, 0xff, 0xff, 0xff, 0xdf, 0xdf, 0xdf, 0xdf, 0xdf, 0xdf, 0xdf, 0xdf, 0xdf, 0xdf, 0xdf, 0xdf, 0xdf, 
  0xdf, 0xdf, 0xdf, 0xdf, 0xdf, 0xdf, 0xdf, 0xdf, 0xdf, 0xdf, 0xdf, 0xdf, 0xff, 0xff, 0xff, 0xff, 0xff, 0xff, 0xff, 0xff, 0xff, 0xff, 0xff, 0xff, 0xff, 0xff, 0xff, 0xff, 0xff, 0xff, 0xff, 0xff, 0xff, 0xff, 0xff, 0xff, 0xff, 0xff, 0xff, 0xff, 0xff, 0xff, 0xff, 0xff, 0xff, 0xff, 0xff, 0xff, 0xff, 0xff, 0xff, 0xff, 0xff, 0xff, 0xff, 0xff, 0xff, 0xff, 0xff, 0xff, 0xff, 0xff, 0xff, 0xff, 0xff, 0xff, 0xff, 0xff, 0xff, 0xff, 0xff, 0xdf, 0xdf, 0xdf, 0xdf, 0xdf, 0xdf, 0xdf, 0xdf, 0xdf, 0xdf, 0xdf, 0xdf, 0xdf, 
  0xdf, 0xdf, 0xdf, 0xdf, 0xdf, 0xdf, 0xdf, 0xdf, 0xdf, 0xdf, 0xdf, 0xdf, 0xff, 0xff, 0xff, 0xff, 0xff, 0xff, 0xff, 0xff, 0xff, 0xff, 0xff, 0xff, 0xff, 0xff, 0xff, 0xff, 0xff, 0xff, 0xff, 0xff, 0xff, 0xff, 0xff, 0xff, 0xff, 0xff, 0xff, 0xff, 0xff, 0xff, 0xff, 0xff, 0xff, 0xff, 0xff, 0xff, 0xff, 0xff, 0xff, 0xff, 0xff, 0xff, 0xff, 0xff, 0xff, 0xff, 0xff, 0xff, 0xff, 0xff, 0xff, 0xff, 0xff, 0xff, 0xff, 0xff, 0xff, 0xff, 0xff, 0xff, 0xdf, 0xdf, 0xdf, 0xdf, 0xdf, 0xdf, 0xdf, 0xdf, 0xdf, 0xdf, 0xdf, 0xdf, 
  0xdf, 0xdf, 0xdf, 0xdf, 0xdf, 0xdf, 0xdf, 0xdf, 0xdf, 0xdf, 0xdf, 0xdf, 0xff, 0xff, 0xff, 0xff, 0xff, 0xff, 0xff, 0xff, 0xff, 0xff, 0xff, 0xff, 0xff, 0xff, 0xff, 0xff, 0xff, 0xff, 0xff, 0xff, 0xff, 0xff, 0xff, 0xff, 0xff, 0xff, 0xff, 0xff, 0xff, 0xff, 0xff, 0xff, 0xff, 0xff, 0xff, 0xff, 0xff, 0xff, 0xff, 0xff, 0xff, 0xff, 0xff, 0xff, 0xff, 0xff, 0xff, 0xff, 0xff, 0xff, 0xff, 0xff, 0xff, 0xff, 0xff, 0xff, 0xff, 0xff, 0xff, 0xff, 0xdf, 0xdf, 0xdf, 0xdf, 0xdf, 0xdf, 0xdf, 0xdf, 0xdf, 0xdf, 0xdf, 0xdf, 
  0xdf, 0xdf, 0xdf, 0xdf, 0xdf, 0xdf, 0xdf, 0xdf, 0xdf, 0xdf, 0xdf, 0xdf, 0xff, 0xff, 0xff, 0xff, 0xff, 0xff, 0xff, 0xff, 0xff, 0xff, 0xff, 0xff, 0xff, 0xff, 0xff, 0xff, 0xff, 0xff, 0xff, 0xff, 0xff, 0xff, 0xff, 0xff, 0xff, 0xff, 0xff, 0xff, 0xff, 0xff, 0xff, 0xff, 0xff, 0xff, 0xff, 0xff, 0xff, 0xff, 0xff, 0xff, 0xff, 0xff, 0xff, 0xff, 0xff, 0xff, 0xff, 0xff, 0xff, 0xff, 0xff, 0xff, 0xff, 0xff, 0xff, 0xff, 0xff, 0xff, 0xff, 0xff, 0xdf, 0xdf, 0xdf, 0xdf, 0xdf, 0xdf, 0xdf, 0xdf, 0xdf, 0xdf, 0xdf, 0xdf, 
  0xdf, 0xdf, 0xdf, 0xdf, 0xdf, 0xdf, 0xdf, 0xdf, 0xdf, 0xdf, 0xdf, 0xdf, 0xff, 0xff, 0xff, 0xff, 0xff, 0xff, 0xff, 0xff, 0xff, 0xff, 0xff, 0xff, 0xff, 0xff, 0xff, 0xff, 0xff, 0xff, 0xff, 0xff, 0xff, 0xff, 0xff, 0xff, 0xff, 0xff, 0xff, 0xff, 0xff, 0xff, 0xff, 0xff, 0xff, 0xff, 0xff, 0xff, 0xff, 0xff, 0xff, 0xff, 0xff, 0xff, 0xff, 0xff, 0xff, 0xff, 0xff, 0xff, 0xff, 0xff, 0xff, 0xff, 0xff, 0xff, 0xff, 0xff, 0xff, 0xff, 0xff, 0xff, 0xdf, 0xdf, 0xdf, 0xdf, 0xdf, 0xdf, 0xdf, 0xdf, 0xdf, 0xdf, 0xdf, 0xdf, 
  0xdf, 0xdf, 0xdf, 0xdf, 0xdf, 0xdf, 0xdf, 0xdf, 0xdf, 0xdf, 0xdf, 0xff, 0xff, 0xff, 0xff, 0xff, 0xff, 0xff, 0xff, 0xff, 0xff, 0xff, 0xff, 0xff, 0xff, 0xff, 0xff, 0xff, 0xff, 0xff, 0xff, 0xff, 0xff, 0xff, 0xff, 0xff, 0xff, 0xff, 0xff, 0xff, 0xff, 0xff, 0xff, 0xff, 0xff, 0xff, 0xff, 0xff, 0xff, 0xff, 0xff, 0xff, 0xff, 0xff, 0xff, 0xff, 0xff, 0xff, 0xff, 0xff, 0xff, 0xff, 0xff, 0xff, 0xff, 0xff, 0xff, 0xff, 0xff, 0xff, 0xff, 0xff, 0xdf, 0xdf, 0xdf, 0xdf, 0xdf, 0xdf, 0xdf, 0xdf, 0xdf, 0xdf, 0xdf, 0xdf, 
  0xdf, 0xdf, 0xdf, 0xdf, 0xdf, 0xdf, 0xdf, 0xdf, 0xdf, 0xdf, 0xdf, 0xff, 0xff, 0xff, 0xff, 0xff, 0xff, 0xff, 0xff, 0xff, 0xff, 0xff, 0xff, 0xff, 0xff, 0xff, 0xff, 0xff, 0xff, 0xff, 0xff, 0xff, 0xff, 0xff, 0xff, 0xff, 0xff, 0xff, 0xff, 0xff, 0xff, 0xff, 0xff, 0xff, 0xff, 0xff, 0xff, 0xff, 0xff, 0xff, 0xff, 0xff, 0xff, 0xff, 0xff, 0xff, 0xff, 0xff, 0xff, 0xff, 0xff, 0xff, 0xff, 0xff, 0xff, 0xff, 0xff, 0xff, 0xff, 0xff, 0xff, 0xff, 0xdf, 0xdf, 0xdf, 0xdf, 0xdf, 0xdf, 0xdf, 0xdf, 0xdf, 0xdf, 0xdf, 0xdf, 
  0xdf, 0xdf, 0xdf, 0xdf, 0xdf, 0xdf, 0xdf, 0xdf, 0xdf, 0xdf, 0xff, 0xff, 0xff, 0xff, 0xff, 0xff, 0xff, 0xff, 0xff, 0xff, 0xff, 0xff, 0xff, 0xff, 0xff, 0xff, 0xff, 0xff, 0xff, 0xff, 0xff, 0xff, 0xff, 0xff, 0xff, 0xff, 0xff, 0xff, 0xff, 0xff, 0xff, 0xff, 0xff, 0xff, 0xff, 0xff, 0xff, 0xff, 0xff, 0xff, 0xff, 0xff, 0xff, 0xff, 0xff, 0xff, 0xff, 0xff, 0xff, 0xff, 0xff, 0xff, 0xff, 0xff, 0xff, 0xff, 0xff, 0xff, 0xff, 0xff, 0xff, 0xff, 0xdf, 0xdf, 0xdf, 0xdf, 0xdf, 0xdf, 0xdf, 0xdf, 0xdf, 0xdf, 0xdf, 0xdf, 
  0xdf, 0xdf, 0xdf, 0xdf, 0xdf, 0xdf, 0xdf, 0xdf, 0xdf, 0xdf, 0xff, 0xff, 0xff, 0xff, 0xff, 0xff, 0xff, 0xff, 0xff, 0xff, 0xff, 0xff, 0xff, 0xff, 0xff, 0xff, 0xff, 0xff, 0xff, 0xff, 0xff, 0xff, 0xff, 0xff, 0xff, 0xff, 0xff, 0xff, 0xff, 0xff, 0xff, 0xff, 0xff, 0xff, 0xff, 0xff, 0xff, 0xff, 0xff, 0xff, 0xff, 0xff, 0xff, 0xff, 0xff, 0xff, 0xff, 0xff, 0xff, 0xff, 0xff, 0xff, 0xff, 0xff, 0xff, 0xff, 0xff, 0xff, 0xff, 0xff, 0xff, 0xff, 0xff, 0xdf, 0xdf, 0xdf, 0xdf, 0xdf, 0xdf, 0xdf, 0xdf, 0xdf, 0xdf, 0xdf, 
  0xdf, 0xdf, 0xdf, 0xdf, 0xdf, 0xdf, 0xdf, 0xdf, 0xdf, 0xdf, 0xff, 0xff, 0xff, 0xff, 0xff, 0xff, 0xff, 0xff, 0xff, 0xff, 0xff, 0xff, 0xff, 0xff, 0xff, 0xff, 0xff, 0xff, 0xff, 0xff, 0xff, 0xff, 0xff, 0xff, 0xff, 0xff, 0xff, 0xff, 0xff, 0xff, 0xff, 0xff, 0xff, 0xff, 0xff, 0xff, 0xff, 0xff, 0xff, 0xff, 0xff, 0xff, 0xff, 0xff, 0xff, 0xff, 0xff, 0xff, 0xff, 0xff, 0xff, 0xff, 0xff, 0xff, 0xff, 0xff, 0xff, 0xff, 0xff, 0xff, 0xff, 0xff, 0xff, 0xff, 0xdf, 0xdf, 0xdf, 0xdf, 0xdf, 0xdf, 0xdf, 0xdf, 0xdf, 0xdf, 
  0xdf, 0xdf, 0xdf, 0xdf, 0xdf, 0xdf, 0xdf, 0xdf, 0xff, 0xff, 0xff, 0xff, 0xff, 0xff, 0xff, 0xff, 0xff, 0xff, 0xff, 0xff, 0xff, 0xff, 0xff, 0xff, 0xff, 0xff, 0xff, 0xff, 0xff, 0xff, 0xff, 0xff, 0xff, 0xff, 0xff, 0xff, 0xff, 0xff, 0xff, 0xff, 0xff, 0xff, 0xff, 0xff, 0xff, 0xff, 0xff, 0xff, 0xff, 0xff, 0xff, 0xff, 0xff, 0xff, 0xff, 0xff, 0xff, 0xff, 0xff, 0xff, 0xff, 0xff, 0xff, 0xff, 0xff, 0xff, 0xff, 0xff, 0xff, 0xff, 0xff, 0xff, 0xff, 0xff, 0xff, 0xff, 0xdf, 0xdf, 0xdf, 0xdf, 0xdf, 0xdf, 0xdf, 0xdf, 
  0xdf, 0xdf, 0xdf, 0xdf, 0xdf, 0xdf, 0xdf, 0xdf, 0xff, 0xff, 0xff, 0xff, 0xff, 0xff, 0xff, 0xff, 0xff, 0xff, 0xff, 0xff, 0xff, 0xff, 0xff, 0xff, 0xff, 0xff, 0xff, 0xff, 0xff, 0xff, 0xff, 0xff, 0xff, 0xff, 0xff, 0xff, 0xff, 0xff, 0xff, 0xff, 0xff, 0xff, 0xff, 0xff, 0xff, 0xff, 0xff, 0xff, 0xff, 0xff, 0xff, 0xff, 0xff, 0xff, 0xff, 0xff, 0xff, 0xff, 0xff, 0xff, 0xff, 0xff, 0xff, 0xff, 0xff, 0xff, 0xff, 0xff, 0xff, 0xff, 0xff, 0xff, 0xff, 0xff, 0xff, 0xff, 0xff, 0xdf, 0xdf, 0xdf, 0xdf, 0xdf, 0xdf, 0xdf, 
  0xdf, 0xdf, 0xdf, 0xdf, 0xdf, 0xdf, 0xff, 0xff, 0xff, 0xff, 0xff, 0xff, 0xff, 0xff, 0xff, 0xff, 0xff, 0xff, 0xff, 0xff, 0xff, 0xff, 0xff, 0xff, 0xff, 0xff, 0xff, 0xff, 0xff, 0xff, 0xff, 0xff, 0xff, 0xff, 0xff, 0xff, 0xff, 0xff, 0xff, 0xff, 0xff, 0xff, 0xff, 0xff, 0xff, 0xff, 0xff, 0xff, 0xff, 0xff, 0xff, 0xff, 0xff, 0xff, 0xff, 0xff, 0xff, 0xff, 0xff, 0xff, 0xff, 0xff, 0xff, 0xff, 0xff, 0xff, 0xff, 0xff, 0xff, 0xff, 0xff, 0xff, 0xff, 0xff, 0xff, 0xff, 0xff, 0xff, 0xff, 0xdf, 0xdf, 0xdf, 0xdf, 0xdf, 
  0xdf, 0xdf, 0xdf, 0xdf, 0xff, 0xff, 0xff, 0xff, 0xff, 0xff, 0xff, 0xff, 0xff, 0xff, 0xff, 0xff, 0xff, 0xff, 0xff, 0xff, 0xff, 0xff, 0xff, 0xff, 0xff, 0xff, 0xff, 0xff, 0xff, 0xff, 0xff, 0xff, 0xff, 0xff, 0xff, 0xff, 0xff, 0xff, 0xff, 0xff, 0xff, 0xff, 0xff, 0xff, 0xff, 0xff, 0xff, 0xff, 0xff, 0xff, 0xff, 0xff, 0xff, 0xff, 0xff, 0xff, 0xff, 0xff, 0xff, 0xff, 0xff, 0xff, 0xff, 0xff, 0xff, 0xff, 0xff, 0xff, 0xff, 0xff, 0xff, 0xff, 0xff, 0xff, 0xff, 0xff, 0xff, 0xff, 0xff, 0xff, 0xdf, 0xdf, 0xdf, 0xdf, 
  0xdf, 0xdf, 0xdf, 0xff, 0xff, 0xff, 0xff, 0xff, 0xff, 0xff, 0xff, 0xff, 0xff, 0xff, 0xff, 0xff, 0xff, 0xff, 0xff, 0xff, 0xff, 0xff, 0xff, 0xff, 0xff, 0xff, 0xff, 0xff, 0xff, 0xff, 0xff, 0xff, 0xff, 0xff, 0xff, 0xff, 0xff, 0xff, 0xff, 0xff, 0xff, 0xff, 0xff, 0xff, 0xff, 0xff, 0xff, 0xff, 0xff, 0xff, 0xff, 0xff, 0xff, 0xff, 0xff, 0xff, 0xff, 0xff, 0xff, 0xff, 0xff, 0xff, 0xff, 0xff, 0xff, 0xff, 0xff, 0xff, 0xff, 0xff, 0xff, 0xff, 0xff, 0xff, 0xff, 0xff, 0xff, 0xff, 0xff, 0xff, 0xdf, 0xdf, 0xdf, 0xdf, 
  0xdf, 0xdf, 0xdf, 0xff, 0xff, 0xff, 0xff, 0xff, 0xff, 0xff, 0xff, 0xff, 0xff, 0xff, 0xff, 0xff, 0xff, 0xff, 0xff, 0xff, 0xff, 0xff, 0xff, 0xff, 0xff, 0xff, 0xff, 0xff, 0xff, 0xff, 0xff, 0xff, 0xff, 0xff, 0xff, 0xff, 0xff, 0xff, 0xff, 0xff, 0xff, 0xff, 0xff, 0xff, 0xff, 0xff, 0xff, 0xff, 0xff, 0xff, 0xff, 0xff, 0xff, 0xff, 0xff, 0xff, 0xff, 0xff, 0xff, 0xff, 0xff, 0xff, 0xff, 0xff, 0xff, 0xff, 0xff, 0xff, 0xff, 0xff, 0xff, 0xff, 0xff, 0xff, 0xff, 0xff, 0xff, 0xff, 0xff, 0xff, 0xdf, 0xdf, 0xdf, 0xdf, 
  0xdf, 0xdf, 0xdf, 0xff, 0xff, 0xff, 0xff, 0xff, 0xff, 0xff, 0xff, 0xff, 0xff, 0xff, 0xff, 0xff, 0xff, 0xff, 0xff, 0xff, 0xff, 0xff, 0xff, 0xff, 0xff, 0xff, 0xff, 0xff, 0xff, 0xff, 0xff, 0xff, 0xff, 0xff, 0xff, 0xff, 0xff, 0xff, 0xff, 0xff, 0xff, 0xff, 0xff, 0xff, 0xff, 0xff, 0xff, 0xff, 0xff, 0xff, 0xff, 0xff, 0xff, 0xff, 0xff, 0xff, 0xff, 0xff, 0xff, 0xff, 0xff, 0xff, 0xff, 0xff, 0xff, 0xff, 0xff, 0xff, 0xff, 0xff, 0xff, 0xff, 0xff, 0xff, 0xff, 0xff, 0xff, 0xff, 0xff, 0xff, 0xff, 0xdf, 0xdf, 0xdf, 
  0xdf, 0xdf, 0xff, 0xff, 0xff, 0xff, 0xff, 0xff, 0xff, 0xff, 0xff, 0xff, 0xff, 0xff, 0xff, 0xff, 0xff, 0xff, 0xff, 0xff, 0xff, 0xff, 0xff, 0xff, 0xff, 0xff, 0xff, 0xff, 0xff, 0xff, 0xff, 0xff, 0xff, 0xff, 0xff, 0xff, 0xff, 0xff, 0xff, 0xff, 0xff, 0xff, 0xff, 0xff, 0xff, 0xff, 0xff, 0xff, 0xff, 0xff, 0xff, 0xff, 0xff, 0xff, 0xff, 0xff, 0xff, 0xff, 0xff, 0xff, 0xff, 0xff, 0xff, 0xff, 0xff, 0xff, 0xff, 0xff, 0xff, 0xff, 0xff, 0xff, 0xff, 0xff, 0xff, 0xff, 0xff, 0xff, 0xff, 0xff, 0xff, 0xff, 0xdf, 0xdf, 
  0xdf, 0xff, 0xff, 0xff, 0xff, 0xff, 0xff, 0xff, 0xff, 0xff, 0xff, 0xff, 0xff, 0xff, 0xff, 0xff, 0xff, 0xff, 0xff, 0xff, 0xff, 0xff, 0xff, 0xff, 0xff, 0xff, 0xff, 0xff, 0xff, 0xff, 0xff, 0xff, 0xff, 0xff, 0xff, 0xff, 0xff, 0xff, 0xff, 0xff, 0xff, 0xff, 0xff, 0xff, 0xff, 0xff, 0xff, 0xff, 0xff, 0xff, 0xff, 0xff, 0xff, 0xff, 0xff, 0xff, 0xff, 0xff, 0xff, 0xff, 0xff, 0xff, 0xff, 0xff, 0xff, 0xff, 0xff, 0xff, 0xff, 0xff, 0xff, 0xff, 0xff, 0xff, 0xff, 0xff, 0xff, 0xff, 0xff, 0xff, 0xff, 0xff, 0xff, 0xdf, 
  0xff, 0xff, 0xff, 0xff, 0xff, 0xff, 0xff, 0xff, 0xff, 0xff, 0xff, 0xff, 0xff, 0xff, 0xff, 0xff, 0xff, 0xff, 0xff, 0xff, 0xff, 0xff, 0xff, 0xff, 0xff, 0xff, 0xff, 0xff, 0xff, 0xff, 0xff, 0xff, 0xff, 0xff, 0xff, 0xff, 0xff, 0xff, 0xff, 0xff, 0xff, 0xff, 0xff, 0xff, 0xff, 0xff, 0xff, 0xff, 0xff, 0xff, 0xff, 0xff, 0xff, 0xff, 0xff, 0xff, 0xff, 0xff, 0xff, 0xff, 0xff, 0xff, 0xff, 0xff, 0xff, 0xff, 0xff, 0xff, 0xff, 0xff, 0xff, 0xff, 0xff, 0xff, 0xff, 0xff, 0xff, 0xff, 0xff, 0xff, 0xff, 0xff, 0xff, 0xdf, 
  0xff, 0xff, 0xff, 0xff, 0xff, 0xff, 0xff, 0xff, 0xff, 0xff, 0xff, 0xff, 0xff, 0xff, 0xff, 0xff, 0xff, 0xff, 0xff, 0xff, 0xff, 0xff, 0xff, 0xff, 0xff, 0xff, 0xff, 0xff, 0xff, 0xff, 0xff, 0xff, 0xff, 0xff, 0xff, 0xff, 0xff, 0xff, 0xff, 0xff, 0xff, 0xff, 0xff, 0xff, 0xff, 0xff, 0xff, 0xff, 0xff, 0xff, 0xff, 0xff, 0xff, 0xff, 0xff, 0xff, 0xff, 0xff, 0xff, 0xff, 0xff, 0xff, 0xff, 0xff, 0xff, 0xff, 0xff, 0xff, 0xff, 0xff, 0xff, 0xff, 0xff, 0xff, 0xff, 0xff, 0xff, 0xff, 0xff, 0xff, 0xff, 0xff, 0xff, 0xdf, 
  0xff, 0xff, 0xff, 0xff, 0xff, 0xff, 0xff, 0xff, 0xff, 0xff, 0xff, 0xff, 0xff, 0xff, 0xff, 0xff, 0xff, 0xff, 0xff, 0xff, 0xff, 0xff, 0xff, 0xff, 0xff, 0xff, 0xff, 0xff, 0xff, 0xff, 0xff, 0xff, 0xff, 0xff, 0xff, 0xff, 0xff, 0xff, 0xff, 0xff, 0xff, 0xff, 0xff, 0xff, 0xff, 0xff, 0xff, 0xff, 0xff, 0xff, 0xff, 0xff, 0xff, 0xff, 0xff, 0xff, 0xff, 0xff, 0xff, 0xff, 0xff, 0xff, 0xff, 0xff, 0xff, 0xff, 0xff, 0xff, 0xff, 0xff, 0xff, 0xff, 0xff, 0xff, 0xff, 0xff, 0xff, 0xff, 0xff, 0xff, 0xff, 0xff, 0xff, 0xdf, 
  0xff, 0xff, 0xff, 0xff, 0xff, 0xff, 0xff, 0xff, 0xff, 0xff, 0xff, 0xff, 0xff, 0xff, 0xff, 0xff, 0xff, 0xff, 0xff, 0xff, 0xff, 0xff, 0xff, 0xff, 0xff, 0xff, 0xff, 0xff, 0xff, 0xff, 0xff, 0xff, 0xff, 0xff, 0xff, 0xff, 0xff, 0xff, 0xff, 0xff, 0xff, 0xff, 0xff, 0xff, 0xff, 0xff, 0xff, 0xff, 0xff, 0xff, 0xff, 0xff, 0xff, 0xff, 0xff, 0xff, 0xff, 0xff, 0xff, 0xff, 0xff, 0xff, 0xff, 0xff, 0xff, 0xff, 0xff, 0xff, 0xff, 0xff, 0xff, 0xff, 0xff, 0xff, 0xff, 0xff, 0xff, 0xff, 0xff, 0xff, 0xff, 0xff, 0xff, 0xff, 
  0xff, 0xff, 0xff, 0xff, 0xff, 0xff, 0xff, 0xff, 0xff, 0xff, 0xff, 0xff, 0xff, 0xff, 0xff, 0xff, 0xff, 0xff, 0xff, 0xff, 0xff, 0xff, 0xff, 0xff, 0xff, 0xff, 0xff, 0xff, 0xff, 0xff, 0xff, 0xff, 0xff, 0xff, 0xff, 0xff, 0xff, 0xff, 0xff, 0xff, 0xff, 0xff, 0xff, 0xff, 0xff, 0xff, 0xff, 0xff, 0xff, 0xff, 0xff, 0xff, 0xff, 0xff, 0xff, 0xff, 0xff, 0xff, 0xff, 0xff, 0xff, 0xff, 0xff, 0xff, 0xff, 0xff, 0xff, 0xff, 0xff, 0xff, 0xff, 0xff, 0xff, 0xff, 0xff, 0xff, 0xff, 0xff, 0xff, 0xff, 0xff, 0xff, 0xff, 0xff, 
  0xff, 0xff, 0xff, 0xff, 0xff, 0xff, 0xff, 0xff, 0xff, 0xff, 0xff, 0xff, 0xff, 0xff, 0xff, 0xff, 0xff, 0xff, 0xff, 0xff, 0xff, 0xff, 0xff, 0xff, 0xff, 0xff, 0xff, 0xff, 0xff, 0xff, 0xff, 0xff, 0xff, 0xff, 0xff, 0xff, 0xff, 0xff, 0xff, 0xff, 0xff, 0xff, 0xff, 0xff, 0xff, 0xff, 0xff, 0xff, 0xff, 0xff, 0xff, 0xff, 0xff, 0xff, 0xff, 0xff, 0xff, 0xff, 0xff, 0xff, 0xff, 0xff, 0xff, 0xff, 0xff, 0xff, 0xff, 0xff, 0xff, 0xff, 0xff, 0xff, 0xff, 0xff, 0xff, 0xff, 0xff, 0xff, 0xff, 0xff, 0xff, 0xff, 0xff, 0xff, 
  0xff, 0xff, 0xff, 0xff, 0xff, 0xff, 0xff, 0xff, 0xff, 0xff, 0xff, 0xff, 0xff, 0xff, 0xff, 0xff, 0xff, 0xff, 0xff, 0xff, 0xff, 0xff, 0xff, 0xff, 0xff, 0xff, 0xff, 0xff, 0xff, 0xff, 0xff, 0xff, 0xff, 0xff, 0xff, 0xff, 0xff, 0xff, 0xff, 0xff, 0xff, 0xff, 0xff, 0xff, 0xff, 0xff, 0xff, 0xff, 0xff, 0xff, 0xff, 0xff, 0xff, 0xff, 0xff, 0xff, 0xff, 0xff, 0xff, 0xff, 0xff, 0xff, 0xff, 0xff, 0xff, 0xff, 0xff, 0xff, 0xff, 0xff, 0xff, 0xff, 0xff, 0xff, 0xff, 0xff, 0xff, 0xff, 0xff, 0xff, 0xff, 0xff, 0xff, 0xff, 
  0xff, 0xff, 0xff, 0xff, 0xff, 0xff, 0xff, 0xff, 0xff, 0xff, 0xff, 0xff, 0xff, 0xff, 0xff, 0xff, 0xff, 0xff, 0xff, 0xff, 0xff, 0xff, 0xff, 0xff, 0xff, 0xff, 0xff, 0xff, 0xff, 0xff, 0xff, 0xff, 0xff, 0xff, 0xff, 0xff, 0xff, 0xff, 0xff, 0xff, 0xff, 0xff, 0xff, 0xff, 0xff, 0xff, 0xff, 0xff, 0xff, 0xff, 0xff, 0xff, 0xff, 0xff, 0xff, 0xff, 0xff, 0xff, 0xff, 0xff, 0xff, 0xff, 0xff, 0xff, 0xff, 0xff, 0xff, 0xff, 0xff, 0xff, 0xff, 0xff, 0xff, 0xff, 0xff, 0xff, 0xff, 0xff, 0xff, 0xff, 0xff, 0xff, 0xff, 0xff, 
  0xff, 0xff, 0xff, 0xff, 0xff, 0xff, 0xff, 0xff, 0xff, 0xff, 0xff, 0xff, 0xff, 0xff, 0xff, 0xff, 0xff, 0xff, 0xff, 0xff, 0xff, 0xff, 0xff, 0xff, 0xff, 0xff, 0xff, 0xff, 0xff, 0xff, 0xff, 0xff, 0xff, 0xff, 0xff, 0xff, 0xff, 0xff, 0xff, 0xff, 0xff, 0xff, 0xff, 0xff, 0xff, 0xff, 0xff, 0xff, 0xff, 0xff, 0xff, 0xff, 0xff, 0xff, 0xff, 0xff, 0xff, 0xff, 0xff, 0xff, 0xff, 0xff, 0xff, 0xff, 0xff, 0xff, 0xff, 0xff, 0xff, 0xff, 0xff, 0xff, 0xff, 0xff, 0xff, 0xff, 0xff, 0xff, 0xff, 0xff, 0xff, 0xff, 0xff, 0xff, 
  0xff, 0xff, 0xff, 0xff, 0xff, 0xff, 0xff, 0xff, 0xff, 0xff, 0xff, 0xff, 0xff, 0xff, 0xff, 0xff, 0xff, 0xff, 0xff, 0xff, 0xff, 0xff, 0xff, 0xff, 0xff, 0xff, 0xff, 0xff, 0xff, 0xff, 0xff, 0xff, 0xff, 0xff, 0xff, 0xff, 0xff, 0xff, 0xff, 0xff, 0xff, 0xff, 0xff, 0xff, 0xff, 0xff, 0xff, 0xff, 0xff, 0xff, 0xff, 0xff, 0xff, 0xff, 0xff, 0xff, 0xff, 0xff, 0xff, 0xff, 0xff, 0xff, 0xff, 0xff, 0xff, 0xff, 0xff, 0xff, 0xff, 0xff, 0xff, 0xff, 0xff, 0xff, 0xff, 0xff, 0xff, 0xff, 0xff, 0xff, 0xff, 0xff, 0xff, 0xff, 
  0xff, 0xff, 0xff, 0xff, 0xff, 0xff, 0xff, 0xff, 0xff, 0xff, 0xff, 0xff, 0xff, 0xff, 0xff, 0xff, 0xff, 0xff, 0xff, 0xff, 0xff, 0xff, 0xff, 0xff, 0xff, 0xff, 0xff, 0xff, 0xff, 0xff, 0xff, 0xff, 0xff, 0xff, 0xff, 0xff, 0xff, 0xff, 0xff, 0xff, 0xff, 0xff, 0xff, 0xff, 0xff, 0xff, 0xff, 0xff, 0xff, 0xff, 0xff, 0xff, 0xff, 0xff, 0xff, 0xff, 0xff, 0xff, 0xff, 0xff, 0xff, 0xff, 0xff, 0xff, 0xff, 0xff, 0xff, 0xff, 0xff, 0xff, 0xff, 0xff, 0xff, 0xff, 0xff, 0xff, 0xff, 0xff, 0xff, 0xff, 0xff, 0xff, 0xff, 0xdf, 
  0xff, 0xff, 0xff, 0xff, 0xff, 0xff, 0xff, 0xff, 0xff, 0xff, 0xff, 0xff, 0xff, 0xff, 0xff, 0xff, 0xff, 0xff, 0xff, 0xff, 0xff, 0xff, 0xff, 0xff, 0xff, 0xff, 0xff, 0xff, 0xff, 0xff, 0xff, 0xff, 0xff, 0xff, 0xff, 0xff, 0xff, 0xff, 0xff, 0xff, 0xff, 0xff, 0xff, 0xff, 0xff, 0xff, 0xff, 0xff, 0xff, 0xff, 0xff, 0xff, 0xff, 0xff, 0xff, 0xff, 0xff, 0xff, 0xff, 0xff, 0xff, 0xff, 0xff, 0xff, 0xff, 0xff, 0xff, 0xff, 0xff, 0xff, 0xff, 0xff, 0xff, 0xff, 0xff, 0xff, 0xff, 0xff, 0xff, 0xff, 0xff, 0xff, 0xdf, 0xdf, 
  0xff, 0xff, 0xff, 0xff, 0xff, 0xff, 0xff, 0xff, 0xff, 0xff, 0xff, 0xff, 0xff, 0xff, 0xff, 0xff, 0xff, 0xff, 0xff, 0xff, 0xff, 0xff, 0xff, 0xff, 0xff, 0xff, 0xff, 0xff, 0xff, 0xff, 0xff, 0xff, 0xff, 0xff, 0xff, 0xff, 0xff, 0xff, 0xff, 0xff, 0xff, 0xff, 0xff, 0xff, 0xff, 0xff, 0xff, 0xff, 0xff, 0xff, 0xff, 0xff, 0xff, 0xff, 0xff, 0xff, 0xff, 0xff, 0xff, 0xff, 0xff, 0xff, 0xff, 0xff, 0xff, 0xff, 0xff, 0xff, 0xff, 0xff, 0xff, 0xff, 0xff, 0xff, 0xff, 0xff, 0xff, 0xff, 0xff, 0xff, 0xff, 0xff, 0xdf, 0xdf, 
  0xdf, 0xff, 0xff, 0xff, 0xff, 0xff, 0xff, 0xff, 0xff, 0xff, 0xff, 0xff, 0xff, 0xff, 0xff, 0xff, 0xff, 0xff, 0xff, 0xff, 0xff, 0xff, 0xff, 0xff, 0xff, 0xff, 0xff, 0xff, 0xff, 0xff, 0xff, 0xff, 0xff, 0xff, 0xff, 0xff, 0xff, 0xff, 0xff, 0xff, 0xff, 0xff, 0xff, 0xff, 0xff, 0xff, 0xff, 0xff, 0xff, 0xff, 0xff, 0xff, 0xff, 0xff, 0xff, 0xff, 0xff, 0xff, 0xff, 0xff, 0xff, 0xff, 0xff, 0xff, 0xff, 0xff, 0xff, 0xff, 0xff, 0xff, 0xff, 0xff, 0xff, 0xff, 0xff, 0xff, 0xff, 0xff, 0xff, 0xff, 0xff, 0xff, 0xdf, 0xdf, 
  0xdf, 0xdf, 0xff, 0xff, 0xff, 0xff, 0xff, 0xff, 0xff, 0xff, 0xff, 0xff, 0xff, 0xff, 0xff, 0xff, 0xff, 0xff, 0xff, 0xff, 0xff, 0xff, 0xff, 0xff, 0xff, 0xff, 0xff, 0xff, 0xff, 0xff, 0xff, 0xff, 0xff, 0xff, 0xff, 0xff, 0xff, 0xff, 0xff, 0xff, 0xff, 0xff, 0xff, 0xff, 0xff, 0xff, 0xff, 0xff, 0xff, 0xff, 0xff, 0xff, 0xff, 0xff, 0xff, 0xff, 0xff, 0xff, 0xff, 0xff, 0xff, 0xff, 0xff, 0xff, 0xff, 0xff, 0xff, 0xff, 0xff, 0xff, 0xff, 0xff, 0xff, 0xff, 0xff, 0xff, 0xff, 0xff, 0xff, 0xff, 0xff, 0xdf, 0xdf, 0xdf, 
  0xdf, 0xdf, 0xdf, 0xff, 0xff, 0xff, 0xff, 0xff, 0xff, 0xff, 0xff, 0xff, 0xff, 0xff, 0xff, 0xff, 0xff, 0xff, 0xff, 0xff, 0xff, 0xff, 0xff, 0xff, 0xff, 0xff, 0xff, 0xff, 0xff, 0xff, 0xff, 0xff, 0xff, 0xff, 0xff, 0xff, 0xff, 0xff, 0xff, 0xff, 0xff, 0xff, 0xff, 0xff, 0xff, 0xff, 0xff, 0xff, 0xff, 0xff, 0xff, 0xff, 0xff, 0xff, 0xff, 0xff, 0xff, 0xff, 0xff, 0xff, 0xff, 0xff, 0xff, 0xff, 0xff, 0xff, 0xff, 0xff, 0xff, 0xff, 0xff, 0xff, 0xff, 0xff, 0xff, 0xff, 0xff, 0xff, 0xff, 0xff, 0xdf, 0xdf, 0xdf, 0xdf, 
  0xdf, 0xdf, 0xdf, 0xff, 0xff, 0xff, 0xff, 0xff, 0xff, 0xff, 0xff, 0xff, 0xff, 0xff, 0xff, 0xff, 0xff, 0xff, 0xff, 0xff, 0xff, 0xff, 0xff, 0xff, 0xff, 0xff, 0xff, 0xff, 0xff, 0xff, 0xff, 0xff, 0xff, 0xff, 0xff, 0xff, 0xff, 0xff, 0xff, 0xff, 0xff, 0xff, 0xff, 0xff, 0xff, 0xff, 0xff, 0xff, 0xff, 0xff, 0xff, 0xff, 0xff, 0xff, 0xff, 0xff, 0xff, 0xff, 0xff, 0xff, 0xff, 0xff, 0xff, 0xff, 0xff, 0xff, 0xff, 0xff, 0xff, 0xff, 0xff, 0xff, 0xff, 0xff, 0xff, 0xff, 0xff, 0xff, 0xff, 0xff, 0xdf, 0xdf, 0xdf, 0xdf, 
  0xdf, 0xdf, 0xdf, 0xdf, 0xff, 0xff, 0xff, 0xff, 0xff, 0xff, 0xff, 0xff, 0xff, 0xff, 0xff, 0xff, 0xff, 0xff, 0xff, 0xff, 0xff, 0xff, 0xff, 0xff, 0xff, 0xff, 0xff, 0xff, 0xff, 0xff, 0xff, 0xff, 0xff, 0xff, 0xff, 0xff, 0xff, 0xff, 0xff, 0xff, 0xff, 0xff, 0xff, 0xff, 0xff, 0xff, 0xff, 0xff, 0xff, 0xff, 0xff, 0xff, 0xff, 0xff, 0xff, 0xff, 0xff, 0xff, 0xff, 0xff, 0xff, 0xff, 0xff, 0xff, 0xff, 0xff, 0xff, 0xff, 0xff, 0xff, 0xff, 0xff, 0xff, 0xff, 0xff, 0xff, 0xff, 0xff, 0xff, 0xdf, 0xdf, 0xdf, 0xdf, 0xdf, 
  0xdf, 0xdf, 0xdf, 0xdf, 0xdf, 0xff, 0xff, 0xff, 0xff, 0xff, 0xff, 0xff, 0xff, 0xff, 0xff, 0xff, 0xff, 0xff, 0xff, 0xff, 0xff, 0xff, 0xff, 0xff, 0xff, 0xff, 0xff, 0xff, 0xff, 0xff, 0xff, 0xff, 0xff, 0xff, 0xff, 0xff, 0xff, 0xff, 0xff, 0xff, 0xff, 0xff, 0xff, 0xff, 0xff, 0xff, 0xff, 0xff, 0xff, 0xff, 0xff, 0xff, 0xff, 0xff, 0xff, 0xff, 0xff, 0xff, 0xff, 0xff, 0xff, 0xff, 0xff, 0xff, 0xff, 0xff, 0xff, 0xff, 0xff, 0xff, 0xff, 0xff, 0xff, 0xff, 0xff, 0xff, 0xff, 0xff, 0xdf, 0xdf, 0xdf, 0xdf, 0xdf, 0xdf, 
  0xdf, 0xdf, 0xdf, 0xdf, 0xdf, 0xdf, 0xff, 0xff, 0xff, 0xff, 0xff, 0xff, 0xff, 0xff, 0xff, 0xff, 0xff, 0xff, 0xff, 0xff, 0xff, 0xff, 0xff, 0xff, 0xff, 0xff, 0xff, 0xff, 0xff, 0xff, 0xff, 0xff, 0xff, 0xff, 0xff, 0xff, 0xff, 0xff, 0xff, 0xff, 0xff, 0xff, 0xff, 0xff, 0xff, 0xff, 0xff, 0xff, 0xff, 0xff, 0xff, 0xff, 0xff, 0xff, 0xff, 0xff, 0xff, 0xff, 0xff, 0xff, 0xff, 0xff, 0xff, 0xff, 0xff, 0xff, 0xff, 0xff, 0xff, 0xff, 0xff, 0xff, 0xff, 0xff, 0xff, 0xff, 0xff, 0xdf, 0xdf, 0xdf, 0xdf, 0xdf, 0xdf, 0xdf, 
  0xdf, 0xdf, 0xdf, 0xdf, 0xdf, 0xdf, 0xdf, 0xdf, 0xff, 0xff, 0xff, 0xff, 0xff, 0xff, 0xff, 0xff, 0xff, 0xff, 0xff, 0xff, 0xff, 0xff, 0xff, 0xff, 0xff, 0xff, 0xff, 0xff, 0xff, 0xff, 0xff, 0xff, 0xff, 0xff, 0xff, 0xff, 0xff, 0xff, 0xff, 0xff, 0xff, 0xff, 0xff, 0xff, 0xff, 0xff, 0xff, 0xff, 0xff, 0xff, 0xff, 0xff, 0xff, 0xff, 0xff, 0xff, 0xff, 0xff, 0xff, 0xff, 0xff, 0xff, 0xff, 0xff, 0xff, 0xff, 0xff, 0xff, 0xff, 0xff, 0xff, 0xff, 0xff, 0xff, 0xff, 0xdf, 0xdf, 0xdf, 0xdf, 0xdf, 0xdf, 0xdf, 0xdf, 0xdf, 
  0xdf, 0xdf, 0xdf, 0xdf, 0xdf, 0xdf, 0xdf, 0xdf, 0xdf, 0xdf, 0xff, 0xff, 0xff, 0xff, 0xff, 0xff, 0xff, 0xff, 0xff, 0xff, 0xff, 0xff, 0xff, 0xff, 0xff, 0xff, 0xff, 0xff, 0xff, 0xff, 0xff, 0xff, 0xff, 0xff, 0xff, 0xff, 0xff, 0xff, 0xff, 0xff, 0xff, 0xff, 0xff, 0xff, 0xff, 0xff, 0xff, 0xff, 0xff, 0xff, 0xff, 0xff, 0xff, 0xff, 0xff, 0xff, 0xff, 0xff, 0xff, 0xff, 0xff, 0xff, 0xff, 0xff, 0xff, 0xff, 0xff, 0xff, 0xff, 0xff, 0xff, 0xff, 0xff, 0xdf, 0xdf, 0xdf, 0xdf, 0xdf, 0xdf, 0xdf, 0xdf, 0xdf, 0xdf, 0xdf, 
  0xdf, 0xdf, 0xdf, 0xdf, 0xdf, 0xdf, 0xdf, 0xdf, 0xdf, 0xdf, 0xdf, 0xdf, 0xff, 0xff, 0xff, 0xff, 0xff, 0xff, 0xff, 0xff, 0xff, 0xff, 0xff, 0xff, 0xff, 0xff, 0xff, 0xff, 0xff, 0xff, 0xff, 0xff, 0xff, 0xff, 0xff, 0xff, 0xff, 0xff, 0xff, 0xff, 0xff, 0xff, 0xff, 0xff, 0xff, 0xff, 0xff, 0xff, 0xff, 0xff, 0xff, 0xff, 0xff, 0xff, 0xff, 0xff, 0xff, 0xff, 0xff, 0xff, 0xff, 0xff, 0xff, 0xff, 0xff, 0xff, 0xff, 0xff, 0xff, 0xff, 0xdf, 0xdf, 0xdf, 0xdf, 0xdf, 0xdf, 0xdf, 0xdf, 0xdf, 0xdf, 0xdf, 0xdf, 0xdf, 0xdf, 
  0xdf, 0xdf, 0xdf, 0xdf, 0xdf, 0xdf, 0xdf, 0xdf, 0xdf, 0xdf, 0xdf, 0xdf, 0xdf, 0xdf, 0xdf, 0xdf, 0xdf, 0xdf, 0xdf, 0xdf, 0xdf, 0xdf, 0xdf, 0xdf, 0xdf, 0xdf, 0xdf, 0xdf, 0xdf, 0xdf, 0xdf, 0xdf, 0xdf, 0xdf, 0xdf, 0xdf, 0xdf, 0xdf, 0xdf, 0xdf, 0xdf, 0xdf, 0xdf, 0xdf, 0xdf, 0xdf, 0xdf, 0xdf, 0xdf, 0xdf, 0xdf, 0xdf, 0xdf, 0xdf, 0xdf, 0xdf, 0xdf, 0xdf, 0xdf, 0xdf, 0xdf, 0xdf, 0xdf, 0xdf, 0xdf, 0xdf, 0xdf, 0xdf, 0xdf, 0xdf, 0xdf, 0xdf, 0xdf, 0xdf, 0xdf, 0xdf, 0xdf, 0xdf, 0xdf, 0xdf, 0xdf, 0xdf, 0xdf, 0xdf, 
  0xdf, 0xdf, 0xdf, 0xdf, 0xdf, 0xdf, 0xdf, 0xdf, 0xdf, 0xdf, 0xdf, 0xdf, 0xdf, 0xdf, 0xdf, 0xdf, 0xdf, 0xdf, 0xdf, 0xdf, 0xdf, 0xdf, 0xdf, 0xdf, 0xdf, 0xdf, 0xdf, 0xdf, 0xdf, 0xdf, 0xdf, 0xdf, 0xdf, 0xdf, 0xdf, 0xdf, 0xdf, 0xdf, 0xdf, 0xdf, 0xdf, 0xdf, 0xdf, 0xdf, 0xdf, 0xdf, 0xdf, 0xdf, 0xdf, 0xdf, 0xdf, 0xdf, 0xdf, 0xdf, 0xdf, 0xdf, 0xdf, 0xdf, 0xdf, 0xdf, 0xdf, 0xdf, 0xdf, 0xdf, 0xdf, 0xdf, 0xdf, 0xdf, 0xdf, 0xdf, 0xdf, 0xdf, 0xdf, 0xdf, 0xdf, 0xdf, 0xdf, 0xdf, 0xdf, 0xdf, 0xdf, 0xdf, 0xdf, 0xdf, 
  0xdf, 0xdf, 0xdf, 0xdf, 0xdf, 0xdf, 0xdf, 0xdf, 0xdf, 0xdf, 0xdf, 0xdf, 0xdf, 0xdf, 0xdf, 0xdf, 0xdf, 0xdf, 0xdf, 0xdf, 0xdf, 0xdf, 0xdf, 0xdf, 0xdf, 0xdf, 0xdf, 0xdf, 0xdf, 0xdf, 0xdf, 0xdf, 0xdf, 0xdf, 0xdf, 0xdf, 0xdf, 0xdf, 0xdf, 0xdf, 0xdf, 0xdf, 0xdf, 0xdf, 0xdf, 0xdf, 0xdf, 0xdf, 0xdf, 0xdf, 0xdf, 0xdf, 0xdf, 0xdf, 0xdf, 0xdf, 0xdf, 0xdf, 0xdf, 0xdf, 0xdf, 0xdf, 0xdf, 0xdf, 0xdf, 0xdf, 0xdf, 0xdf, 0xdf, 0xdf, 0xdf, 0xdf, 0xdf, 0xdf, 0xdf, 0xdf, 0xdf, 0xdf, 0xdf, 0xdf, 0xdf, 0xdf, 0xdf, 0xdf, 
  0xdf, 0xdf, 0xdf, 0xdf, 0xdf, 0xdf, 0xdf, 0xdf, 0xdf, 0xdf, 0xdf, 0xdf, 0xdf, 0xdf, 0xdf, 0xdf, 0xdf, 0xdf, 0xdf, 0xdf, 0xdf, 0xdf, 0xdf, 0xdf, 0xdf, 0xdf, 0xdf, 0xdf, 0xdf, 0xdf, 0xdf, 0xdf, 0xdf, 0xdf, 0xdf, 0xdf, 0xdf, 0xdf, 0xdf, 0xdf, 0xdf, 0xdf, 0xdf, 0xdf, 0xdf, 0xdf, 0xdf, 0xdf, 0xdf, 0xdf, 0xdf, 0xdf, 0xdf, 0xdf, 0xdf, 0xdf, 0xdf, 0xdf, 0xdf, 0xdf, 0xdf, 0xdf, 0xdf, 0xdf, 0xdf, 0xdf, 0xdf, 0xdf, 0xdf, 0xdf, 0xdf, 0xdf, 0xdf, 0xdf, 0xdf, 0xdf, 0xdf, 0xdf, 0xdf, 0xdf, 0xdf, 0xdf, 0xdf, 0xdf, 
  0xdf, 0xdf, 0xdf, 0xdf, 0xdf, 0xdf, 0xdf, 0xdf, 0xdf, 0xdf, 0xdf, 0xdf, 0xdf, 0xdf, 0xdf, 0xdf, 0xdf, 0xdf, 0xdf, 0xdf, 0xdf, 0xdf, 0xdf, 0xdf, 0xdf, 0xdf, 0xdf, 0xdf, 0xdf, 0xdf, 0xdf, 0xdf, 0xdf, 0xdf, 0xdf, 0xdf, 0xdf, 0xdf, 0xdf, 0xdf, 0xdf, 0xdf, 0xdf, 0xdf, 0xdf, 0xdf, 0xdf, 0xdf, 0xdf, 0xdf, 0xdf, 0xdf, 0xdf, 0xdf, 0xdf, 0xdf, 0xdf, 0xdf, 0xdf, 0xdf, 0xdf, 0xdf, 0xdf, 0xdf, 0xdf, 0xdf, 0xdf, 0xdf, 0xdf, 0xdf, 0xdf, 0xdf, 0xdf, 0xdf, 0xdf, 0xdf, 0xdf, 0xdf, 0xdf, 0xdf, 0xdf, 0xdf, 0xdf, 0xdf, 
  0xdf, 0xdf, 0xdf, 0xdf, 0xdf, 0xdf, 0xdf, 0xdf, 0xdf, 0xdf, 0xdf, 0xdf, 0xdf, 0xdf, 0xdf, 0xdf, 0xdf, 0xdf, 0xdf, 0xdf, 0xdf, 0xdf, 0xdf, 0xdf, 0xdf, 0xdf, 0xdf, 0xdf, 0xdf, 0xdf, 0xdf, 0xdf, 0xdf, 0xdf, 0xdf, 0xdf, 0xdf, 0xdf, 0xdf, 0xdf, 0xdf, 0xdf, 0xdf, 0xdf, 0xdf, 0xdf, 0xdf, 0xdf, 0xdf, 0xdf, 0xdf, 0xdf, 0xdf, 0xdf, 0xdf, 0xdf, 0xdf, 0xdf, 0xdf, 0xdf, 0xdf, 0xdf, 0xdf, 0xdf, 0xdf, 0xdf, 0xdf, 0xdf, 0xdf, 0xdf, 0xdf, 0xdf, 0xdf, 0xdf, 0xdf, 0xdf, 0xdf, 0xdf, 0xdf, 0xdf, 0xdf, 0xdf, 0xdf, 0xdf, 
  0xdf, 0xdf, 0xdf, 0xdf, 0xdf, 0xdf, 0xdf, 0xdf, 0xdf, 0xdf, 0xdf, 0xdf, 0xdf, 0xdf, 0xdf, 0xdf, 0xdf, 0xdf, 0xdf, 0xdf, 0xdf, 0xdf, 0xdf, 0xdf, 0xdf, 0xdf, 0xdf, 0xdf, 0xdf, 0xdf, 0xdf, 0xdf, 0xdf, 0xdf, 0xdf, 0xdf, 0xdf, 0xdf, 0xdf, 0xdf, 0xdf, 0xdf, 0xdf, 0xdf, 0xdf, 0xdf, 0xdf, 0xdf, 0xdf, 0xdf, 0xdf, 0xdf, 0xdf, 0xdf, 0xdf, 0xdf, 0xdf, 0xdf, 0xdf, 0xdf, 0xdf, 0xdf, 0xdf, 0xdf, 0xdf, 0xdf, 0xdf, 0xdf, 0xdf, 0xdf, 0xdf, 0xdf, 0xdf, 0xdf, 0xdf, 0xdf, 0xdf, 0xdf, 0xdf, 0xdf, 0xdf, 0xdf, 0xdf, 0xdf, 
  0xdf, 0xdf, 0xdf, 0xdf, 0xdf, 0xdf, 0xdf, 0xdf, 0xdf, 0xdf, 0xdf, 0xdf, 0xdf, 0xdf, 0xdf, 0xdf, 0xbf, 0xbf, 0xbf, 0xdf, 0xdf, 0xdf, 0xdf, 0xdf, 0xdf, 0xdf, 0xdf, 0xdf, 0xdf, 0xdf, 0xdf, 0xdf, 0xdf, 0xdf, 0xdf, 0xdf, 0xdf, 0xdf, 0xbf, 0xbf, 0xbf, 0xdf, 0xdf, 0xdf, 0xdf, 0xdf, 0xdf, 0xdf, 0xdf, 0xdf, 0xdf, 0xdf, 0xdf, 0xdf, 0xdf, 0xdf, 0xdf, 0xdf, 0xdf, 0xdf, 0xdf, 0xbf, 0xbf, 0xdf, 0xdf, 0xdf, 0xdf, 0xdf, 0xdf, 0xdf, 0xdf, 0xdf, 0xdf, 0xdf, 0xdf, 0xdf, 0xdf, 0xdf, 0xdf, 0xdf, 0xdf, 0xdf, 0xdf, 0xdf, 
  0xdf, 0xdf, 0xdf, 0xdf, 0xdf, 0xdf, 0xdf, 0xdf, 0xdf, 0xdf, 0xdf, 0xdf, 0xdf, 0xdf, 0xdf, 0xbf, 0xbf, 0xbf, 0xbf, 0xbf, 0xdf, 0xdf, 0xdf, 0xdf, 0xdf, 0xdf, 0xdf, 0xdf, 0xdf, 0xdf, 0xdf, 0xdf, 0xdf, 0xdf, 0xdf, 0xdf, 0xdf, 0xdf, 0xbf, 0xbf, 0xbf, 0xbf, 0xdf, 0xdf, 0xdf, 0xdf, 0xdf, 0xdf, 0xdf, 0xdf, 0xdf, 0xdf, 0xdf, 0xdf, 0xdf, 0xdf, 0xdf, 0xdf, 0xdf, 0xdf, 0xbf, 0xbf, 0xbf, 0xbf, 0xdf, 0xdf, 0xdf, 0xdf, 0xdf, 0xdf, 0xdf, 0xdf, 0xdf, 0xdf, 0xdf, 0xdf, 0xdf, 0xdf, 0xdf, 0xdf, 0xdf, 0xdf, 0xdf, 0xdf, 
  0xdf, 0xdf, 0xdf, 0xdf, 0xdf, 0xdf, 0xdf, 0xdf, 0xdf, 0xdf, 0xdf, 0xdf, 0xdf, 0xdf, 0xdf, 0xbf, 0xbf, 0xbf, 0xbf, 0xdf, 0xdf, 0xdf, 0xdf, 0xdf, 0xdf, 0xdf, 0xdf, 0xdf, 0xdf, 0xdf, 0xdf, 0xdf, 0xdf, 0xdf, 0xdf, 0xdf, 0xdf, 0xbf, 0xbf, 0xbf, 0xbf, 0xdf, 0xdf, 0xdf, 0xdf, 0xdf, 0xdf, 0xdf, 0xdf, 0xdf, 0xdf, 0xdf, 0xdf, 0xdf, 0xdf, 0xdf, 0xdf, 0xdf, 0xdf, 0xbf, 0xbf, 0xbf, 0xbf, 0xbf, 0xdf, 0xdf, 0xdf, 0xdf, 0xdf, 0xdf, 0xdf, 0xdf, 0xdf, 0xdf, 0xdf, 0xdf, 0xdf, 0xdf, 0xdf, 0xdf, 0xdf, 0xdf, 0xdf, 0xdf, 
  0xdf, 0xdf, 0xdf, 0xdf, 0xdf, 0xdf, 0xdf, 0xdf, 0xdf, 0xdf, 0xdf, 0xdf, 0xdf, 0xdf, 0xdf, 0xbf, 0xbf, 0xbf, 0xbf, 0xdf, 0xdf, 0xdf, 0xdf, 0xdf, 0xdf, 0xdf, 0xdf, 0xdf, 0xdf, 0xdf, 0xdf, 0xdf, 0xdf, 0xdf, 0xdf, 0xdf, 0xdf, 0xbf, 0xbf, 0xbf, 0xbf, 0xdf, 0xdf, 0xdf, 0xdf, 0xdf, 0xdf, 0xdf, 0xdf, 0xdf, 0xdf, 0xdf, 0xdf, 0xdf, 0xdf, 0xdf, 0xdf, 0xdf, 0xdf, 0xbf, 0xbf, 0xbf, 0xbf, 0xdf, 0xdf, 0xdf, 0xdf, 0xdf, 0xdf, 0xdf, 0xdf, 0xdf, 0xdf, 0xdf, 0xdf, 0xdf, 0xdf, 0xdf, 0xdf, 0xdf, 0xdf, 0xdf, 0xdf, 0xdf, 
  0xdf, 0xdf, 0xdf, 0xdf, 0xdf, 0xdf, 0xdf, 0xdf, 0xdf, 0xdf, 0xdf, 0xdf, 0xdf, 0xdf, 0xbf, 0xbf, 0xbf, 0xbf, 0xbf, 0xdf, 0xdf, 0xdf, 0xdf, 0xdf, 0xdf, 0xdf, 0xdf, 0xdf, 0xdf, 0xdf, 0xdf, 0xdf, 0xdf, 0xdf, 0xdf, 0xdf, 0xbf, 0xbf, 0xbf, 0xbf, 0xbf, 0xdf, 0xdf, 0xdf, 0xdf, 0xdf, 0xdf, 0xdf, 0xdf, 0xdf, 0xdf, 0xdf, 0xdf, 0xdf, 0xdf, 0xdf, 0xdf, 0xdf, 0xdf, 0xbf, 0xbf, 0xbf, 0xbf, 0xdf, 0xdf, 0xdf, 0xdf, 0xdf, 0xdf, 0xdf, 0xdf, 0xdf, 0xdf, 0xdf, 0xdf, 0xdf, 0xdf, 0xdf, 0xdf, 0xdf, 0xdf, 0xdf, 0xdf, 0xdf, 
  0xdf, 0xdf, 0xdf, 0xdf, 0xdf, 0xdf, 0xdf, 0xdf, 0xdf, 0xdf, 0xdf, 0xdf, 0xdf, 0xdf, 0xbf, 0xbf, 0xbf, 0xbf, 0xdf, 0xdf, 0xdf, 0xdf, 0xdf, 0xdf, 0xdf, 0xdf, 0xdf, 0xdf, 0xdf, 0xdf, 0xdf, 0xdf, 0xdf, 0xdf, 0xdf, 0xdf, 0xbf, 0xbf, 0xbf, 0xbf, 0xdf, 0xdf, 0xdf, 0xdf, 0xdf, 0xdf, 0xdf, 0xdf, 0xdf, 0xdf, 0xdf, 0xdf, 0xdf, 0xdf, 0xdf, 0xdf, 0xdf, 0xdf, 0xbf, 0xbf, 0xbf, 0xbf, 0xbf, 0xdf, 0xdf, 0xdf, 0xdf, 0xdf, 0xdf, 0xdf, 0xdf, 0xdf, 0xdf, 0xdf, 0xdf, 0xdf, 0xdf, 0xdf, 0xdf, 0xdf, 0xdf, 0xdf, 0xdf, 0xdf, 
  0xdf, 0xdf, 0xdf, 0xdf, 0xdf, 0xdf, 0xdf, 0xdf, 0xdf, 0xdf, 0xdf, 0xdf, 0xdf, 0xbf, 0xbf, 0xbf, 0xbf, 0xbf, 0xdf, 0xdf, 0xdf, 0xdf, 0xdf, 0xdf, 0xdf, 0xdf, 0xdf, 0xdf, 0xdf, 0xdf, 0xdf, 0xdf, 0xdf, 0xdf, 0xdf, 0xbf, 0xbb, 0xbf, 0xbf, 0xbf, 0xdf, 0xdf, 0xdf, 0xdf, 0xdf, 0xdf, 0xdf, 0xdf, 0xdf, 0xdf, 0xdf, 0xdf, 0xdf, 0xdf, 0xdf, 0xdf, 0xdf, 0xdf, 0xbb, 0xbb, 0xbf, 0xbf, 0xdf, 0xdf, 0xdf, 0xdf, 0xdf, 0xdf, 0xdf, 0xdf, 0xdf, 0xdf, 0xdf, 0xdf, 0xdf, 0xdf, 0xdf, 0xdf, 0xdf, 0xdf, 0xdf, 0xdf, 0xdf, 0xdf, 
  0xdf, 0xdf, 0xdf, 0xdf, 0xdf, 0xdf, 0xdf, 0xdf, 0xdf, 0xdf, 0xdf, 0xdf, 0xdf, 0xbf, 0xbf, 0xbf, 0xbf, 0xdf, 0xdf, 0xdf, 0xdf, 0xdf, 0xdf, 0xdf, 0xdf, 0xdf, 0xdf, 0xdf, 0xdf, 0xdf, 0xdf, 0xdf, 0xdf, 0xdf, 0xdf, 0xbf, 0xbb, 0xbf, 0xbf, 0xdf, 0xdf, 0xdf, 0xdf, 0xdf, 0xdf, 0xdf, 0xdf, 0xdf, 0xdf, 0xdf, 0xdf, 0xdf, 0xdf, 0xdf, 0xdf, 0xdf, 0xdf, 0xbf, 0xbb, 0xbf, 0xbf, 0xbf, 0xdf, 0xdf, 0xdf, 0xdf, 0xdf, 0xdf, 0xdf, 0xdf, 0xdf, 0xdf, 0xdf, 0xdf, 0xdf, 0xdf, 0xdf, 0xdf, 0xdf, 0xdf, 0xdf, 0xdf, 0xdf, 0xdf, 
  0xdf, 0xdf, 0xdf, 0xdf, 0xdf, 0xdf, 0xdf, 0xdf, 0xdf, 0xdf, 0xdf, 0xdf, 0xdf, 0xbf, 0xbf, 0xbf, 0xbf, 0xdf, 0xdf, 0xdf, 0xdf, 0xdf, 0xdf, 0xdf, 0xdf, 0xdf, 0xdf, 0xdf, 0xdf, 0xdf, 0xdf, 0xdf, 0xdf, 0xdf, 0xbf, 0xbf, 0xbf, 0xbf, 0xbf, 0xdf, 0xdf, 0xdf, 0xdf, 0xdf, 0xdf, 0xdf, 0xdf, 0xdf, 0xdf, 0xdf, 0xdf, 0xdf, 0xdf, 0xdf, 0xdf, 0xdf, 0xdf, 0xbf, 0xbb, 0xbf, 0xbf, 0xdf, 0xdf, 0xdf, 0xdf, 0xdf, 0xdf, 0xdf, 0xdf, 0xdf, 0xdf, 0xdf, 0xdf, 0xdf, 0xdf, 0xdf, 0xdf, 0xdf, 0xdf, 0xdf, 0xdf, 0xdf, 0xdf, 0xdf, 
  0xdf, 0xdf, 0xdf, 0xdf, 0xdf, 0xdf, 0xdf, 0xdf, 0xdf, 0xdf, 0xdf, 0xdf, 0xbf, 0xbf, 0xbf, 0xbf, 0xdf, 0xdf, 0xdf, 0xdf, 0xdf, 0xdf, 0xdf, 0xdf, 0xdf, 0xdf, 0xdf, 0xdf, 0xdf, 0xdf, 0xdf, 0xdf, 0xdf, 0xdf, 0xbf, 0xbf, 0xbf, 0xbb, 0xdf, 0xdf, 0xdf, 0xdf, 0xdf, 0xdf, 0xdf, 0xdf, 0xdf, 0xdf, 0xdf, 0xdf, 0xdf, 0xdf, 0xdf, 0xdf, 0xdf, 0xdf, 0xbf, 0xbf, 0xbf, 0xbf, 0xbf, 0xdf, 0xdf, 0xdf, 0xdf, 0xdf, 0xdf, 0xdf, 0xdf, 0xdf, 0xdf, 0xdf, 0xdf, 0xdf, 0xdf, 0xdf, 0xdf, 0xdf, 0xdf, 0xdf, 0xdf, 0xdf, 0xdf, 0xdf, 
  0xdf, 0xdf, 0xdf, 0xdf, 0xdf, 0xdf, 0xdf, 0xdf, 0xdf, 0xdf, 0xdf, 0xbf, 0xbf, 0xbf, 0xbf, 0xbf, 0xdf, 0xdf, 0xdf, 0xdf, 0xdf, 0xdf, 0xdf, 0xdf, 0xdf, 0xdf, 0xdf, 0xdf, 0xdf, 0xdf, 0xdf, 0xdf, 0xdf, 0xdf, 0xbf, 0xbf, 0xbf, 0xbf, 0xdf, 0xdf, 0xdf, 0xdf, 0xdf, 0xdf, 0xdf, 0xdf, 0xdf, 0xdf, 0xdf, 0xdf, 0xdf, 0xdf, 0xdf, 0xdf, 0xdf, 0xdf, 0xbf, 0xbf, 0xbb, 0xbf, 0xdf, 0xdf, 0xdf, 0xdf, 0xdf, 0xdf, 0xdf, 0xdf, 0xdf, 0xdf, 0xdf, 0xdf, 0xdf, 0xdf, 0xdf, 0xdf, 0xdf, 0xdf, 0xdf, 0xdf, 0xdf, 0xdf, 0xdf, 0xdf, 
  0xdf, 0xdf, 0xdf, 0xdf, 0xdf, 0xdf, 0xdf, 0xdf, 0xdf, 0xdf, 0xdf, 0xbf, 0xbf, 0xbf, 0xbf, 0xbf, 0xdf, 0xdf, 0xdf, 0xdf, 0xdf, 0xdf, 0xdf, 0xdf, 0xdf, 0xdf, 0xdf, 0xdf, 0xdf, 0xdf, 0xdf, 0xdf, 0xdf, 0xbf, 0xbf, 0xbf, 0xbf, 0xbf, 0xdf, 0xdf, 0xdf, 0xdf, 0xdf, 0xdf, 0xdf, 0xdf, 0xdf, 0xdf, 0xdf, 0xdf, 0xdf, 0xdf, 0xdf, 0xdf, 0xdf, 0xdf, 0xbb, 0xbf, 0xbb, 0xbf, 0xdf, 0xdf, 0xdf, 0xdf, 0xdf, 0xdf, 0xdf, 0xdf, 0xdf, 0xdf, 0xdf, 0xdf, 0xdf, 0xdf, 0xdf, 0xdf, 0xdf, 0xdf, 0xdf, 0xdf, 0xdf, 0xdf, 0xdf, 0xdf, 
  0xdf, 0xdf, 0xdf, 0xdf, 0xdf, 0xdf, 0xdf, 0xdf, 0xdf, 0xdf, 0xdf, 0xbf, 0xbf, 0xbf, 0xbf, 0xdf, 0xdf, 0xdf, 0xdf, 0xdf, 0xdf, 0xdf, 0xdf, 0xdf, 0xdf, 0xdf, 0xdf, 0xdf, 0xdf, 0xdf, 0xdf, 0xdf, 0xdf, 0xbf, 0xbf, 0xbf, 0xbf, 0xdf, 0xdf, 0xdf, 0xdf, 0xdf, 0xdf, 0xdf, 0xdf, 0xdf, 0xdf, 0xdf, 0xdf, 0xdf, 0xdf, 0xdf, 0xdf, 0xdf, 0xdf, 0xbf, 0xbb, 0xbf, 0xbf, 0xbf, 0xdf, 0xdf, 0xdf, 0xdf, 0xdf, 0xdf, 0xdf, 0xdf, 0xdf, 0xdf, 0xdf, 0xdf, 0xdf, 0xdf, 0xdf, 0xdf, 0xdf, 0xdf, 0xdf, 0xdf, 0xdf, 0xdf, 0xdf, 0xdf, 
  0xdf, 0xdf, 0xdf, 0xdf, 0xdf, 0xdf, 0xdf, 0xdf, 0xdf, 0xdf, 0xbf, 0xbf, 0xbf, 0xbf, 0xbf, 0xdf, 0xdf, 0xdf, 0xdf, 0xdf, 0xdf, 0xdf, 0xdf, 0xdf, 0xdf, 0xdf, 0xdf, 0xdf, 0xdf, 0xdf, 0xdf, 0xdf, 0xbf, 0xbf, 0xbf, 0xbf, 0xbf, 0xdf, 0xdf, 0xdf, 0xdf, 0xdf, 0xdf, 0xdf, 0xdf, 0xdf, 0xdf, 0xdf, 0xdf, 0xdf, 0xdf, 0xdf, 0xdf, 0xdf, 0xdf, 0xbf, 0xbf, 0xbf, 0xbf, 0xdf, 0xdf, 0xdf, 0xdf, 0xdf, 0xdf, 0xdf, 0xdf, 0xdf, 0xdf, 0xdf, 0xdf, 0xdf, 0xdf, 0xdf, 0xdf, 0xdf, 0xdf, 0xdf, 0xdf, 0xdf, 0xdf, 0xdf, 0xdf, 0xdf, 
  0xdf, 0xdf, 0xdf, 0xdf, 0xdf, 0xdf, 0xdf, 0xdf, 0xdf, 0xdf, 0xbf, 0xbf, 0xbf, 0xbf, 0xdf, 0xdf, 0xdf, 0xdf, 0xdf, 0xdf, 0xdf, 0xdf, 0xdf, 0xdf, 0xdf, 0xdf, 0xdf, 0xdf, 0xdf, 0xdf, 0xdf, 0xdf, 0xbf, 0xbf, 0xbf, 0xbf, 0xdf, 0xdf, 0xdf, 0xdf, 0xdf, 0xdf, 0xdf, 0xdf, 0xdf, 0xdf, 0xdf, 0xdf, 0xdf, 0xdf, 0xdf, 0xdf, 0xdf, 0xdf, 0xbf, 0xbf, 0xbf, 0xbf, 0xbf, 0xdf, 0xdf, 0xdf, 0xdf, 0xdf, 0xdf, 0xdf, 0xdf, 0xdf, 0xdf, 0xdf, 0xdf, 0xdf, 0xdf, 0xdf, 0xdf, 0xdf, 0xdf, 0xdf, 0xdf, 0xdf, 0xdf, 0xdf, 0xdf, 0xdf, 
  0xdf, 0xdf, 0xdf, 0xdf, 0xdf, 0xdf, 0xdf, 0xdf, 0xdf, 0xdf, 0xbf, 0xbf, 0xbf, 0xbf, 0xdf, 0xdf, 0xdf, 0xdf, 0xdf, 0xdf, 0xdf, 0xdf, 0xdf, 0xdf, 0xdf, 0xdf, 0xdf, 0xdf, 0xdf, 0xdf, 0xdf, 0xdf, 0xbf, 0xbf, 0xbf, 0xbf, 0xdf, 0xdf, 0xdf, 0xdf, 0xdf, 0xdf, 0xdf, 0xdf, 0xdf, 0xdf, 0xdf, 0xdf, 0xdf, 0xdf, 0xdf, 0xdf, 0xdf, 0xdf, 0xbf, 0xbf, 0xbf, 0xbf, 0xdf, 0xdf, 0xdf, 0xdf, 0xdf, 0xdf, 0xdf, 0xdf, 0xdf, 0xdf, 0xdf, 0xdf, 0xdf, 0xdf, 0xdf, 0xdf, 0xdf, 0xdf, 0xdf, 0xdf, 0xdf, 0xdf, 0xdf, 0xdf, 0xdf, 0xdf, 
  0xdf, 0xdf, 0xdf, 0xdf, 0xdf, 0xdf, 0xdf, 0xdf, 0xdf, 0xbf, 0xbf, 0xbf, 0xbf, 0xdf, 0xdf, 0xdf, 0xdf, 0xdf, 0xdf, 0xdf, 0xdf, 0xdf, 0xdf, 0xdf, 0xdf, 0xdf, 0xdf, 0xdf, 0xdf, 0xdf, 0xdf, 0xdf, 0xbf, 0xbf, 0xbf, 0xdf, 0xdf, 0xdf, 0xdf, 0xdf, 0xdf, 0xdf, 0xdf, 0xdf, 0xdf, 0xdf, 0xdf, 0xdf, 0xdf, 0xdf, 0xdf, 0xdf, 0xdf, 0xdf, 0xbf, 0xbf, 0xbf, 0xbf, 0xdf, 0xdf, 0xdf, 0xdf, 0xdf, 0xdf, 0xdf, 0xdf, 0xdf, 0xdf, 0xdf, 0xdf, 0xdf, 0xdf, 0xdf, 0xdf, 0xdf, 0xdf, 0xdf, 0xdf, 0xdf, 0xdf, 0xdf, 0xdf, 0xdf, 0xdf, 
  0xdf, 0xdf, 0xdf, 0xdf, 0xdf, 0xdf, 0xdf, 0xdf, 0xdf, 0xdf, 0xbf, 0xbf, 0xbf, 0xdf, 0xdf, 0xdf, 0xdf, 0xdf, 0xdf, 0xdf, 0xdf, 0xdf, 0xdf, 0xdf, 0xdf, 0xdf, 0xdf, 0xdf, 0xdf, 0xdf, 0xdf, 0xdf, 0xdf, 0xbf, 0xbf, 0xdf, 0xdf, 0xdf, 0xdf, 0xdf, 0xdf, 0xdf, 0xdf, 0xdf, 0xdf, 0xdf, 0xdf, 0xdf, 0xdf, 0xdf, 0xdf, 0xdf, 0xdf, 0xdf, 0xdf, 0xbf, 0xbf, 0xdf, 0xdf, 0xdf, 0xdf, 0xdf, 0xdf, 0xdf, 0xdf, 0xdf, 0xdf, 0xdf, 0xdf, 0xdf, 0xdf, 0xdf, 0xdf, 0xdf, 0xdf, 0xdf, 0xdf, 0xdf, 0xdf, 0xdf, 0xdf, 0xdf, 0xdf, 0xdf, 
#endif
#if LV_COLOR_DEPTH == 16 && LV_COLOR_16_SWAP == 0
  /*Pixel format: Red: 5 bit, Green: 6 bit, Blue: 5 bit*/
  0xf8, 0xc7, 0xf8, 0xc7, 0xf8, 0xc7, 0xf8, 0xc7, 0xf8, 0xc7, 0xf8, 0xc7, 0xf8, 0xc7, 0xf8, 0xc7, 0xf8, 0xc7, 0xf8, 0xc7, 0xf8, 0xc7, 0xf8, 0xc7, 0xf8, 0xcf, 0xf8, 0xcf, 0xf8, 0xcf, 0xf8, 0xcf, 0xf9, 0xcf, 0xf9, 0xcf, 0xf9, 0xcf, 0xf8, 0xc7, 0xf8, 0xc7, 0xf8, 0xc7, 0xf8, 0xc7, 0xf8, 0xc7, 0xf8, 0xc7, 0xf8, 0xc7, 0xf8, 0xc7, 0xf8, 0xc7, 0xf8, 0xc7, 0xf8, 0xc7, 0xf9, 0xc7, 0xf8, 0xc7, 0xf8, 0xbf, 0xf8, 0xbf, 0xf8, 0xc7, 0xf8, 0xc7, 0xf8, 0xcf, 0xf8, 0xcf, 0xf8, 0xcf, 0xf8, 0xcf, 0xd8, 0xc7, 0xd9, 0xcf, 0xd9, 0xcf, 0xba, 0xcf, 0xba, 0xd7, 0xbb, 0xdf, 0xbb, 0xe7, 0x9b, 0xe7, 0x9c, 0xef, 0x9c, 0xef, 0x9c, 0xef, 0x9c, 0xef, 0x9c, 0xe7, 0xbc, 0xe7, 0xbc, 0xe7, 0xbc, 0xe7, 0xbb, 0xdf, 0xba, 0xd7, 0xba, 0xcf, 0xd9, 0xcf, 0xd9, 0xcf, 0xf9, 0xc7, 0xf8, 0xc7, 0xf8, 0xc7, 0xf8, 0xc7, 0xf7, 0xc7, 0xf8, 0xc7, 0xf8, 0xc7, 0xf8, 0xc7, 0xf8, 0xc7, 0xf8, 0xc7, 0xf8, 0xc7, 0xf8, 0xc7, 0xf8, 0xc7, 0xf8, 0xc7, 0xf8, 0xc7, 0xf8, 0xc7, 0xf8, 0xc7, 0xf8, 0xc7, 0xf8, 0xc7, 0xf8, 0xc7, 0xf8, 0xc7, 0xf8, 0xc7, 0xf8, 0xc7, 
  0xf8, 0xc7, 0xf8, 0xc7, 0xf8, 0xc7, 0xf8, 0xc7, 0xf8, 0xc7, 0xf8, 0xc7, 0xf8, 0xc7, 0xf8, 0xc7, 0xf8, 0xc7, 0xf8, 0xc7, 0xf8, 0xc7, 0xf8, 0xc7, 0xf8, 0xc7, 0xf8, 0xcf, 0xf8, 0xcf, 0xf8, 0xcf, 0xf9, 0xcf, 0xf9, 0xc7, 0xf8, 0xc7, 0xf8, 0xc7, 0xf8, 0xc7, 0xf8, 0xc7, 0xf8, 0xc7, 0xf8, 0xc7, 0xf8, 0xc7, 0xf8, 0xc7, 0xf8, 0xc7, 0xf8, 0xc7, 0xf8, 0xc7, 0xf8, 0xc7, 0xf8, 0xc7, 0xf8, 0xc7, 0xf8, 0xc7, 0xf8, 0xc7, 0xf8, 0xc7, 0xf8, 0xc7, 0xf8, 0xc7, 0xf8, 0xcf, 0xf8, 0xcf, 0xf9, 0xcf, 0xd9, 0xcf, 0xd9, 0xcf, 0xda, 0xd7, 0xda, 0xdf, 0xdb, 0xdf, 0xdb, 0xe7, 0xbc, 0xe7, 0xbc, 0xe7, 0xbc, 0xef, 0x9c, 0xef, 0xbc, 0xef, 0xbc, 0xef, 0xbc, 0xef, 0xbc, 0xe7, 0xbc, 0xe7, 0xbc, 0xe7, 0xdb, 0xdf, 0xdb, 0xdf, 0xdb, 0xd7, 0xfa, 0xd7, 0xfa, 0xcf, 0xf9, 0xcf, 0xf9, 0xcf, 0xf8, 0xc7, 0xf8, 0xc7, 0xf7, 0xc7, 0xf8, 0xc7, 0xf8, 0xc7, 0xf8, 0xc7, 0xf8, 0xc7, 0xf8, 0xc7, 0xf8, 0xc7, 0xf8, 0xc7, 0xf8, 0xc7, 0xf8, 0xc7, 0xf8, 0xc7, 0xf8, 0xc7, 0xf8, 0xc7, 0xf8, 0xc7, 0xf8, 0xc7, 0xf8, 0xc7, 0xf8, 0xc7, 0xf8, 0xc7, 0xf8, 0xc7, 
  0xf8, 0xc7, 0xf8, 0xc7, 0xf8, 0xc7, 0xf8, 0xc7, 0xf8, 0xc7, 0xf8, 0xc7, 0xf8, 0xc7, 0xf8, 0xc7, 0xf8, 0xc7, 0xf8, 0xc7, 0xf8, 0xc7, 0xf8, 0xc7, 0xf8, 0xc7, 0xf8, 0xc7, 0xf8, 0xcf, 0xf8, 0xc7, 0xf8, 0xc7, 0xf8, 0xc7, 0xf8, 0xc7, 0xf8, 0xc7, 0xf8, 0xc7, 0xf8, 0xc7, 0xf8, 0xc7, 0xf8, 0xc7, 0xf8, 0xc7, 0xf8, 0xc7, 0xf8, 0xc7, 0xf8, 0xc7, 0xf8, 0xc7, 0xf8, 0xc7, 0xf8, 0xc7, 0xf8, 0xc7, 0xf8, 0xc7, 0xf8, 0xc7, 0xf8, 0xc7, 0xf8, 0xc7, 0xf8, 0xc7, 0xf8, 0xc7, 0xf9, 0xcf, 0xd9, 0xcf, 0xfa, 0xd7, 0xda, 0xdf, 0xdb, 0xdf, 0xdb, 0xe7, 0xdc, 0xe7, 0xdc, 0xe7, 0xbc, 0xe7, 0xbc, 0xe7, 0xbc, 0xe7, 0xbc, 0xef, 0xbc, 0xef, 0xbc, 0xef, 0xbc, 0xef, 0xbc, 0xe7, 0xbc, 0xe7, 0xbc, 0xe7, 0xbc, 0xe7, 0xdc, 0xe7, 0xdb, 0xdf, 0xdb, 0xdf, 0xfa, 0xd7, 0xfa, 0xd7, 0xd9, 0xcf, 0xd9, 0xcf, 0xf8, 0xc7, 0xf8, 0xc7, 0xf8, 0xc7, 0xf8, 0xc7, 0xf8, 0xc7, 0xf8, 0xc7, 0xf8, 0xc7, 0xf8, 0xc7, 0xf8, 0xc7, 0xf8, 0xc7, 0xf8, 0xc7, 0xf8, 0xc7, 0xf8, 0xc7, 0xf8, 0xc7, 0xf8, 0xc7, 0xf8, 0xc7, 0xf8, 0xc7, 0xf8, 0xc7, 0xf8, 0xc7, 0xf8, 0xc7, 
  0xf8, 0xc7, 0xf8, 0xc7, 0xf8, 0xc7, 0xf8, 0xc7, 0xf8, 0xc7, 0xf8, 0xc7, 0xf8, 0xc7, 0xf8, 0xc7, 0xf8, 0xc7, 0xf8, 0xc7, 0xf8, 0xc7, 0xf8, 0xc7, 0xf8, 0xc7, 0xf8, 0xc7, 0xf8, 0xc7, 0xf8, 0xc7, 0xf8, 0xc7, 0xf7, 0xc7, 0xf7, 0xc7, 0xf8, 0xc7, 0xf8, 0xc7, 0xf8, 0xc7, 0xf8, 0xc7, 0xf8, 0xc7, 0xf8, 0xc7, 0xf8, 0xc7, 0xf8, 0xc7, 0xf8, 0xc7, 0xf8, 0xc7, 0xf8, 0xc7, 0xf8, 0xc7, 0xf8, 0xc7, 0xf8, 0xc7, 0xf8, 0xc7, 0xf8, 0xc7, 0xf8, 0xc7, 0xf8, 0xc7, 0xf9, 0xcf, 0xfa, 0xcf, 0xfa, 0xd7, 0xda, 0xdf, 0xbb, 0xdf, 0xbc, 0xe7, 0xbc, 0xef, 0xbc, 0xef, 0xbc, 0xe7, 0xbc, 0xe7, 0x9c, 0xe7, 0xbc, 0xe7, 0xbd, 0xe7, 0xbd, 0xe7, 0xbd, 0xef, 0xbd, 0xef, 0xbd, 0xef, 0xbd, 0xe7, 0xbc, 0xe7, 0xbc, 0xe7, 0xbc, 0xe7, 0xbc, 0xe7, 0xdb, 0xe7, 0xdb, 0xdf, 0xdb, 0xdf, 0xda, 0xdf, 0xda, 0xd7, 0xf9, 0xcf, 0xf8, 0xcf, 0xf8, 0xc7, 0xf8, 0xc7, 0xf8, 0xc7, 0xf8, 0xc7, 0xf8, 0xc7, 0xf8, 0xc7, 0xf8, 0xc7, 0xf8, 0xc7, 0xf8, 0xc7, 0xf8, 0xc7, 0xf8, 0xc7, 0xf8, 0xc7, 0xf8, 0xc7, 0xf8, 0xc7, 0xf8, 0xc7, 0xf8, 0xc7, 0xf8, 0xc7, 0xf8, 0xc7, 
  0xf8, 0xc7, 0xf8, 0xc7, 0xf8, 0xc7, 0xf8, 0xc7, 0xf8, 0xc7, 0xf8, 0xc7, 0xf8, 0xc7, 0xf8, 0xc7, 0xf8, 0xc7, 0xf8, 0xc7, 0xf8, 0xc7, 0xf8, 0xc7, 0xf8, 0xc7, 0xf8, 0xc7, 0xf8, 0xc7, 0xf7, 0xc7, 0xf7, 0xc7, 0xf7, 0xc7, 0xf7, 0xc7, 0xf7, 0xc7, 0xf8, 0xc7, 0xf8, 0xc7, 0xf8, 0xc7, 0xf8, 0xc7, 0xf8, 0xc7, 0xf8, 0xc7, 0xf8, 0xc7, 0xf8, 0xc7, 0xf8, 0xc7, 0xf8, 0xc7, 0xf8, 0xc7, 0xf8, 0xc7, 0xf8, 0xc7, 0xf8, 0xc7, 0xf8, 0xc7, 0xf8, 0xc7, 0xf9, 0xcf, 0xfa, 0xcf, 0xfa, 0xd7, 0xfb, 0xdf, 0xbb, 0xdf, 0xbc, 0xe7, 0x9c, 0xef, 0x9c, 0xef, 0x9c, 0xef, 0x9d, 0xef, 0x9d, 0xe7, 0x9d, 0xe7, 0xbd, 0xe7, 0xbd, 0xe7, 0xbd, 0xe7, 0x9d, 0xef, 0x9d, 0xef, 0x9d, 0xef, 0x9d, 0xef, 0x9d, 0xef, 0x9d, 0xef, 0xbc, 0xef, 0xbc, 0xe7, 0xbc, 0xe7, 0xdc, 0xe7, 0xdc, 0xe7, 0xdc, 0xe7, 0xdb, 0xdf, 0xda, 0xd7, 0xf9, 0xcf, 0xf9, 0xcf, 0xf9, 0xcf, 0xf8, 0xcf, 0xf8, 0xc7, 0xf8, 0xc7, 0xf8, 0xc7, 0xf8, 0xc7, 0xf8, 0xc7, 0xf8, 0xc7, 0xf8, 0xc7, 0xf8, 0xc7, 0xf8, 0xc7, 0xf8, 0xc7, 0xf8, 0xc7, 0xf8, 0xc7, 0xf8, 0xc7, 0xf8, 0xc7, 0xf8, 0xc7, 
  0xf8, 0xc7, 0xf8, 0xc7, 0xf8, 0xc7, 0xf8, 0xc7, 0xf8, 0xc7, 0xf8, 0xc7, 0xf8, 0xc7, 0xf8, 0xc7, 0xf8, 0xc7, 0xf8, 0xc7, 0xf8, 0xc7, 0xf8, 0xc7, 0xf8, 0xc7, 0xf8, 0xc7, 0xf7, 0xc7, 0xf7, 0xc7, 0xf7, 0xc7, 0xf7, 0xc7, 0xf7, 0xc7, 0xf8, 0xc7, 0xf8, 0xc7, 0xf8, 0xc7, 0xf8, 0xcf, 0xf9, 0xcf, 0xf8, 0xcf, 0xf9, 0xcf, 0xf8, 0xcf, 0xf8, 0xcf, 0xf8, 0xc7, 0xf8, 0xc7, 0xf8, 0xc7, 0xf8, 0xc7, 0xf8, 0xc7, 0xf8, 0xcf, 0xf8, 0xcf, 0xf9, 0xcf, 0xf9, 0xcf, 0xfa, 0xd7, 0xfb, 0xdf, 0xdc, 0xe7, 0xbc, 0xe7, 0x9c, 0xe7, 0x9c, 0xef, 0x7d, 0xef, 0x9d, 0xef, 0x9d, 0xef, 0x9d, 0xef, 0xbd, 0xef, 0xbd, 0xe7, 0xbd, 0xe7, 0x9d, 0xe7, 0x9d, 0xef, 0x9d, 0xef, 0x9d, 0xef, 0x9d, 0xef, 0x9d, 0xef, 0xbd, 0xef, 0x9d, 0xef, 0x9d, 0xef, 0x9c, 0xef, 0xbc, 0xef, 0xbc, 0xef, 0xbc, 0xef, 0xdc, 0xe7, 0xda, 0xdf, 0xda, 0xd7, 0xd9, 0xd7, 0xd9, 0xcf, 0xf9, 0xcf, 0xf8, 0xcf, 0xf8, 0xc7, 0xf8, 0xc7, 0xf8, 0xc7, 0xf8, 0xc7, 0xf8, 0xc7, 0xf8, 0xc7, 0xf8, 0xc7, 0xf8, 0xc7, 0xf8, 0xc7, 0xf8, 0xc7, 0xf8, 0xc7, 0xf8, 0xc7, 0xf8, 0xc7, 0xf8, 0xc7, 
  0xf8, 0xc7, 0xf8, 0xc7, 0xf8, 0xc7, 0xf8, 0xc7, 0xf8, 0xc7, 0xf8, 0xc7, 0xf8, 0xc7, 0xf8, 0xc7, 0xf8, 0xc7, 0xf8, 0xc7, 0xf8, 0xc7, 0xf8, 0xc7, 0xf8, 0xc7, 0xf8, 0xc7, 0xf7, 0xc7, 0xf7, 0xc7, 0xf7, 0xc7, 0xf7, 0xc7, 0xf8, 0xc7, 0xf8, 0xc7, 0xf8, 0xcf, 0xf9, 0xcf, 0xf9, 0xcf, 0xd9, 0xcf, 0xd9, 0xcf, 0xd9, 0xcf, 0xd9, 0xcf, 0xf9, 0xcf, 0xf9, 0xcf, 0xf9, 0xcf, 0xf8, 0xcf, 0xf8, 0xc7, 0xf8, 0xc7, 0xf9, 0xcf, 0xf9, 0xcf, 0xda, 0xd7, 0xda, 0xdf, 0xdb, 0xdf, 0xbc, 0xe7, 0xbc, 0xe7, 0x9c, 0xe7, 0x9d, 0xe7, 0x9d, 0xe7, 0x9d, 0xe7, 0x9d, 0xef, 0x9d, 0xef, 0x9d, 0xef, 0x9d, 0xef, 0x9d, 0xef, 0xbd, 0xe7, 0x9d, 0xef, 0x9d, 0xef, 0x9d, 0xef, 0x9d, 0xef, 0x9d, 0xef, 0x9d, 0xef, 0x9d, 0xef, 0x9d, 0xef, 0x9d, 0xef, 0x9d, 0xef, 0x9d, 0xef, 0x9c, 0xef, 0x9c, 0xef, 0x9c, 0xe7, 0xdb, 0xe7, 0xda, 0xdf, 0xda, 0xd7, 0xd9, 0xd7, 0xf9, 0xcf, 0xf8, 0xcf, 0xf8, 0xc7, 0xf8, 0xc7, 0xf8, 0xc7, 0xf8, 0xc7, 0xf8, 0xc7, 0xf8, 0xc7, 0xf8, 0xc7, 0xf8, 0xc7, 0xf9, 0xc7, 0xf8, 0xc7, 0xf8, 0xc7, 0xf8, 0xc7, 0xf8, 0xc7, 0xf8, 0xc7, 
  0xf8, 0xc7, 0xf8, 0xc7, 0xf8, 0xc7, 0xf8, 0xc7, 0xf8, 0xc7, 0xf8, 0xc7, 0xf8, 0xc7, 0xf8, 0xc7, 0xf8, 0xc7, 0xf8, 0xc7, 0xf8, 0xc7, 0xf8, 0xc7, 0xf8, 0xc7, 0xf8, 0xc7, 0xf8, 0xc7, 0xf8, 0xc7, 0xf8, 0xc7, 0xf8, 0xc7, 0xd8, 0xc7, 0xd8, 0xcf, 0xd9, 0xcf, 0xda, 0xd7, 0xda, 0xd7, 0xda, 0xd7, 0xda, 0xd7, 0xda, 0xd7, 0xda, 0xd7, 0xda, 0xd7, 0xda, 0xd7, 0xd9, 0xcf, 0xd9, 0xcf, 0xd9, 0xcf, 0xd9, 0xcf, 0xd9, 0xcf, 0xda, 0xd7, 0xdb, 0xdf, 0xbb, 0xe7, 0xbc, 0xe7, 0x9c, 0xe7, 0x9c, 0xe7, 0x9d, 0xe7, 0x9d, 0xe7, 0x9d, 0xe7, 0x9d, 0xe7, 0x9d, 0xef, 0x9d, 0xef, 0x9d, 0xef, 0x9d, 0xef, 0x9c, 0xef, 0x9c, 0xe7, 0x9c, 0xef, 0x9d, 0xef, 0x9d, 0xef, 0x9d, 0xef, 0x9d, 0xef, 0x9d, 0xef, 0x9d, 0xef, 0x9d, 0xef, 0x9d, 0xef, 0x9d, 0xef, 0x9d, 0xef, 0x9d, 0xef, 0x9d, 0xef, 0x9c, 0xe7, 0xbc, 0xe7, 0xdb, 0xe7, 0xbb, 0xdf, 0xda, 0xd7, 0xd9, 0xd7, 0xf9, 0xcf, 0xf8, 0xcf, 0xf8, 0xc7, 0xf8, 0xc7, 0xf8, 0xc7, 0xf8, 0xc7, 0xf8, 0xc7, 0xf8, 0xc7, 0xf8, 0xc7, 0xf9, 0xc7, 0xf9, 0xc7, 0xf8, 0xc7, 0xf8, 0xc7, 0xf8, 0xc7, 0xf8, 0xc7, 
  0xf8, 0xc7, 0xf8, 0xc7, 0xf8, 0xc7, 0xf8, 0xc7, 0xf8, 0xc7, 0xf8, 0xc7, 0xf8, 0xc7, 0xf8, 0xc7, 0xf8, 0xc7, 0xf8, 0xc7, 0xf8, 0xc7, 0xf8, 0xc7, 0xf8, 0xc7, 0xf8, 0xc7, 0xf8, 0xc7, 0xf8, 0xc7, 0xd8, 0xcf, 0xd9, 0xcf, 0xd9, 0xd7, 0xfa, 0xd7, 0xfb, 0xdf, 0xdb, 0xdf, 0xdc, 0xdf, 0xdc, 0xe7, 0xdc, 0xe7, 0xdc, 0xe7, 0xdc, 0xe7, 0xdb, 0xdf, 0xdb, 0xdf, 0xdb, 0xdf, 0xda, 0xd7, 0xda, 0xd7, 0xba, 0xd7, 0xba, 0xd7, 0xbb, 0xdf, 0xbc, 0xe7, 0xbc, 0xe7, 0x9c, 0xef, 0x9d, 0xef, 0x9d, 0xef, 0x9d, 0xef, 0x9d, 0xef, 0x9d, 0xe7, 0x9d, 0xe7, 0x9d, 0xe7, 0x9c, 0xef, 0x9c, 0xef, 0x9c, 0xef, 0x9c, 0xef, 0x9c, 0xef, 0x9c, 0xef, 0x9d, 0xef, 0x9d, 0xef, 0x9d, 0xef, 0x9d, 0xef, 0x9d, 0xef, 0x9d, 0xef, 0x9d, 0xef, 0x9d, 0xef, 0x9d, 0xef, 0x9d, 0xef, 0x9d, 0xef, 0x9d, 0xef, 0xbd, 0xef, 0x9c, 0xe7, 0xbc, 0xe7, 0xbb, 0xe7, 0xda, 0xdf, 0xda, 0xd7, 0xd9, 0xcf, 0xf8, 0xcf, 0xf8, 0xc7, 0xf8, 0xc7, 0xf8, 0xc7, 0xf8, 0xc7, 0xf8, 0xc7, 0xf8, 0xc7, 0xf8, 0xc7, 0xf9, 0xc7, 0xf9, 0xc7, 0xf8, 0xc7, 0xf8, 0xc7, 0xf8, 0xc7, 0xf8, 0xc7, 
  0xf8, 0xc7, 0xf8, 0xc7, 0xf8, 0xc7, 0xf8, 0xc7, 0xf8, 0xc7, 0xf8, 0xc7, 0xf8, 0xc7, 0xf8, 0xc7, 0xf8, 0xc7, 0xf8, 0xc7, 0xf8, 0xc7, 0xf8, 0xc7, 0xf8, 0xc7, 0xf8, 0xc7, 0xf8, 0xc7, 0xf8, 0xcf, 0xd9, 0xd7, 0xda, 0xd7, 0xdb, 0xdf, 0xdb, 0xdf, 0xdc, 0xdf, 0xbc, 0xe7, 0xbc, 0xe7, 0xbd, 0xe7, 0xbc, 0xe7, 0xbc, 0xe7, 0xbc, 0xe7, 0xbc, 0xe7, 0xdc, 0xe7, 0xdc, 0xe7, 0xdb, 0xdf, 0xdb, 0xdf, 0xbb, 0xdf, 0xbc, 0xdf, 0xbc, 0xe7, 0xbc, 0xe7, 0x9d, 0xef, 0x9d, 0xef, 0x9d, 0xef, 0x7d, 0xef, 0x9d, 0xef, 0x9d, 0xef, 0x9d, 0xef, 0x9d, 0xe7, 0x9c, 0xe7, 0x9c, 0xe7, 0x9c, 0xe7, 0x9c, 0xef, 0x9c, 0xef, 0x9c, 0xef, 0x9c, 0xef, 0x9c, 0xef, 0x9c, 0xef, 0x9c, 0xef, 0x9d, 0xef, 0x9d, 0xef, 0x9d, 0xef, 0x9d, 0xef, 0x9d, 0xef, 0x9d, 0xef, 0xbd, 0xe7, 0xbd, 0xe7, 0xbd, 0xe7, 0xbd, 0xe7, 0x9c, 0xe7, 0xbc, 0xe7, 0xbc, 0xe7, 0xdb, 0xe7, 0xda, 0xdf, 0xd9, 0xd7, 0xf8, 0xcf, 0xf8, 0xc7, 0xf8, 0xc7, 0xf8, 0xc7, 0xf8, 0xc7, 0xf8, 0xc7, 0xf8, 0xc7, 0xf8, 0xc7, 0xf9, 0xc7, 0xf8, 0xc7, 0xf8, 0xc7, 0xf8, 0xc7, 0xf8, 0xc7, 0xf8, 0xc7, 
  0xf8, 0xc7, 0xf8, 0xc7, 0xf8, 0xc7, 0xf8, 0xc7, 0xf8, 0xc7, 0xf8, 0xc7, 0xf8, 0xc7, 0xf8, 0xc7, 0xf8, 0xc7, 0xf8, 0xc7, 0xf8, 0xc7, 0xf8, 0xcf, 0xf8, 0xcf, 0xf9, 0xcf, 0xf9, 0xcf, 0xd9, 0xd7, 0xdb, 0xdf, 0xbb, 0xdf, 0xbc, 0xe7, 0xbc, 0xe7, 0xbc, 0xe7, 0x9d, 0xe7, 0x9d, 0xe7, 0x9d, 0xe7, 0x9d, 0xe7, 0x9d, 0xe7, 0x9d, 0xe7, 0xbd, 0xe7, 0xbd, 0xe7, 0xbc, 0xe7, 0xbc, 0xe7, 0xbc, 0xe7, 0xbc, 0xe7, 0x9c, 0xe7, 0x9c, 0xe7, 0x9d, 0xe7, 0x9d, 0xe7, 0x9d, 0xe7, 0x9d, 0xe7, 0x7d, 0xef, 0x7d, 0xef, 0x7d, 0xef, 0x9d, 0xef, 0x9d, 0xef, 0x9c, 0xef, 0xbc, 0xe7, 0xbc, 0xe7, 0xbc, 0xe7, 0x9c, 0xef, 0x9c, 0xef, 0x9c, 0xef, 0x9c, 0xef, 0x9c, 0xef, 0x9c, 0xef, 0x9c, 0xef, 0x9c, 0xef, 0x9d, 0xe7, 0x9d, 0xe7, 0x9d, 0xe7, 0x9d, 0xe7, 0x9d, 0xe7, 0xbd, 0xe7, 0xbd, 0xe7, 0x9d, 0xe7, 0x9d, 0xef, 0x9c, 0xef, 0xbc, 0xe7, 0xdc, 0xe7, 0xdb, 0xdf, 0xfa, 0xd7, 0xf9, 0xcf, 0xf8, 0xcf, 0xf8, 0xc7, 0xf8, 0xc7, 0xf8, 0xc7, 0xf8, 0xc7, 0xf8, 0xc7, 0xf8, 0xc7, 0xf8, 0xc7, 0xf8, 0xc7, 0xf8, 0xc7, 0xf8, 0xc7, 0xf8, 0xc7, 0xf8, 0xc7, 
  0xf8, 0xc7, 0xf8, 0xc7, 0xf8, 0xc7, 0xf8, 0xc7, 0xf8, 0xc7, 0xf8, 0xc7, 0xf8, 0xc7, 0xf8, 0xc7, 0xf8, 0xc7, 0xf8, 0xc7, 0xf9, 0xcf, 0xf9, 0xcf, 0xd9, 0xcf, 0xd9, 0xcf, 0xfa, 0xd7, 0xda, 0xd7, 0xdb, 0xe7, 0xbc, 0xe7, 0xbc, 0xe7, 0xbc, 0xe7, 0x9d, 0xef, 0x9d, 0xef, 0x9d, 0xef, 0x7d, 0xef, 0x9d, 0xef, 0x9d, 0xef, 0x9d, 0xef, 0x9d, 0xef, 0x9d, 0xef, 0x9d, 0xef, 0xbc, 0xe7, 0x9c, 0xe7, 0x9c, 0xef, 0x9d, 0xef, 0x9d, 0xef, 0x9d, 0xe7, 0x9d, 0xe7, 0x9d, 0xe7, 0x9d, 0xef, 0x9d, 0xef, 0x9d, 0xef, 0x7d, 0xef, 0x7d, 0xef, 0x9c, 0xef, 0x9c, 0xef, 0xbc, 0xe7, 0xbc, 0xe7, 0xbc, 0xe7, 0x9c, 0xe7, 0x9c, 0xef, 0x9c, 0xef, 0x9c, 0xef, 0x9c, 0xef, 0x9c, 0xef, 0x9c, 0xef, 0x9c, 0xe7, 0x9c, 0xe7, 0x9d, 0xe7, 0x9d, 0xe7, 0x9d, 0xe7, 0xbd, 0xe7, 0xbd, 0xe7, 0xbd, 0xe7, 0x9d, 0xe7, 0x9d, 0xef, 0x9d, 0xef, 0xbc, 0xef, 0xdc, 0xe7, 0xdb, 0xdf, 0xda, 0xdf, 0xf9, 0xd7, 0xf9, 0xcf, 0xf8, 0xc7, 0xf8, 0xc7, 0xf8, 0xc7, 0xf8, 0xc7, 0xf8, 0xc7, 0xf8, 0xc7, 0xf8, 0xc7, 0xf8, 0xc7, 0xf8, 0xc7, 0xf8, 0xc7, 0xf8, 0xc7, 0xf8, 0xc7, 
  0xf8, 0xc7, 0xf8, 0xc7, 0xf8, 0xc7, 0xf8, 0xc7, 0xf8, 0xc7, 0xf8, 0xc7, 0xf8, 0xc7, 0xf8, 0xc7, 0xf8, 0xc7, 0xf8, 0xc7, 0xf9, 0xcf, 0xf9, 0xcf, 0xd9, 0xcf, 0xda, 0xd7, 0xda, 0xd7, 0xdb, 0xdf, 0xbc, 0xe7, 0x9c, 0xef, 0x9c, 0xef, 0x9d, 0xef, 0x9d, 0xef, 0x9d, 0xef, 0x9d, 0xef, 0x7d, 0xef, 0x9d, 0xef, 0x9d, 0xef, 0x9d, 0xef, 0x9d, 0xef, 0x9d, 0xef, 0x9d, 0xef, 0x9c, 0xef, 0x9c, 0xef, 0x7d, 0xef, 0x7d, 0xef, 0x9d, 0xef, 0x9d, 0xe7, 0x9d, 0xe7, 0x9d, 0xe7, 0xbd, 0xe7, 0x9d, 0xef, 0x9d, 0xef, 0x9d, 0xef, 0x7d, 0xef, 0x9d, 0xef, 0x9c, 0xef, 0x9c, 0xe7, 0xbc, 0xe7, 0xbc, 0xe7, 0x9c, 0xe7, 0x9c, 0xef, 0x9c, 0xef, 0x9c, 0xef, 0x9c, 0xe7, 0x9c, 0xe7, 0x9c, 0xe7, 0x9c, 0xe7, 0x9d, 0xe7, 0x9d, 0xe7, 0x9d, 0xe7, 0x9d, 0xe7, 0x9d, 0xe7, 0x9d, 0xe7, 0x9d, 0xe7, 0x9d, 0xe7, 0x9d, 0xef, 0x9d, 0xef, 0x9d, 0xef, 0xbc, 0xe7, 0xdc, 0xe7, 0xdb, 0xdf, 0xda, 0xd7, 0xd9, 0xcf, 0xf9, 0xcf, 0xf8, 0xc7, 0xf8, 0xc7, 0xf8, 0xc7, 0xf8, 0xc7, 0xf8, 0xc7, 0xf8, 0xc7, 0xf8, 0xc7, 0xf8, 0xc7, 0xf8, 0xc7, 0xf8, 0xc7, 0xf8, 0xc7, 
  0xf9, 0xc7, 0xf8, 0xc7, 0xf8, 0xc7, 0xf8, 0xc7, 0xf8, 0xc7, 0xf8, 0xc7, 0xf8, 0xc7, 0xf8, 0xc7, 0xf8, 0xc7, 0xf8, 0xc7, 0xf9, 0xcf, 0xd9, 0xcf, 0xda, 0xd7, 0xda, 0xd7, 0xdb, 0xdf, 0xdc, 0xe7, 0x9c, 0xe7, 0x9c, 0xef, 0x9c, 0xef, 0x9c, 0xef, 0x9d, 0xef, 0x9d, 0xef, 0x9d, 0xef, 0x9d, 0xef, 0x9d, 0xe7, 0x9d, 0xe7, 0x9d, 0xe7, 0x9d, 0xef, 0x9d, 0xef, 0x9d, 0xef, 0x9d, 0xef, 0x9d, 0xef, 0x9d, 0xef, 0x9d, 0xef, 0x9d, 0xef, 0x9c, 0xe7, 0x9c, 0xe7, 0x9c, 0xe7, 0x9c, 0xe7, 0x9c, 0xe7, 0x9c, 0xef, 0x9c, 0xef, 0x9d, 0xef, 0x9d, 0xef, 0x9d, 0xef, 0x9d, 0xef, 0x9d, 0xef, 0x9d, 0xef, 0x9d, 0xe7, 0x9d, 0xe7, 0x9d, 0xe7, 0x9d, 0xe7, 0x9d, 0xe7, 0x9d, 0xe7, 0x9d, 0xe7, 0x9d, 0xe7, 0x9d, 0xe7, 0x9d, 0xe7, 0x9d, 0xe7, 0x9d, 0xe7, 0x9d, 0xe7, 0x9d, 0xef, 0x9d, 0xef, 0x9d, 0xef, 0x9d, 0xef, 0x9d, 0xef, 0x9d, 0xef, 0xbc, 0xe7, 0xdc, 0xe7, 0xdb, 0xdf, 0xda, 0xd7, 0xd9, 0xd7, 0xf9, 0xcf, 0xf9, 0xcf, 0xf8, 0xc7, 0xf8, 0xc7, 0xf8, 0xc7, 0xf8, 0xc7, 0xf8, 0xc7, 0xf8, 0xc7, 0xf8, 0xc7, 0xf8, 0xc7, 0xf8, 0xc7, 0xf8, 0xc7, 
  0xf9, 0xc7, 0xf9, 0xc7, 0xf8, 0xc7, 0xf8, 0xc7, 0xf8, 0xc7, 0xf8, 0xc7, 0xf7, 0xc7, 0xf7, 0xc7, 0xf8, 0xc7, 0xf8, 0xc7, 0xf8, 0xcf, 0xd9, 0xcf, 0xda, 0xd7, 0xdb, 0xdf, 0xdb, 0xdf, 0xbc, 0xe7, 0x9c, 0xef, 0x9c, 0xef, 0x9c, 0xef, 0x9c, 0xef, 0x9d, 0xef, 0x9d, 0xef, 0x9d, 0xe7, 0xbd, 0xe7, 0x9d, 0xe7, 0x9d, 0xe7, 0x9d, 0xe7, 0x9d, 0xe7, 0x9c, 0xef, 0x9d, 0xef, 0x9d, 0xef, 0x9d, 0xef, 0xbd, 0xe7, 0xbd, 0xe7, 0xbc, 0xe7, 0x9c, 0xe7, 0x9c, 0xef, 0x9c, 0xef, 0x9c, 0xef, 0x9c, 0xe7, 0x9c, 0xe7, 0x9c, 0xe7, 0x9c, 0xe7, 0x9d, 0xe7, 0x9d, 0xef, 0x9d, 0xef, 0x7d, 0xef, 0x7d, 0xef, 0x9d, 0xef, 0x9d, 0xe7, 0x9d, 0xe7, 0x9d, 0xe7, 0x9d, 0xe7, 0x9d, 0xe7, 0x9d, 0xe7, 0x9d, 0xe7, 0x9d, 0xe7, 0x9d, 0xef, 0x9d, 0xef, 0x9d, 0xef, 0x9d, 0xef, 0x9d, 0xef, 0x9d, 0xef, 0x9d, 0xef, 0x9d, 0xef, 0x9d, 0xef, 0x9d, 0xef, 0x9c, 0xe7, 0xdc, 0xe7, 0xdb, 0xdf, 0xda, 0xdf, 0xda, 0xd7, 0xd9, 0xcf, 0xf9, 0xcf, 0xf8, 0xc7, 0xf8, 0xc7, 0xf8, 0xc7, 0xf8, 0xc7, 0xf8, 0xc7, 0xf8, 0xc7, 0xf8, 0xc7, 0xf8, 0xc7, 0xf8, 0xc7, 0xf8, 0xc7, 
  0xf9, 0xc7, 0xf9, 0xc7, 0xf8, 0xc7, 0xf8, 0xc7, 0xf8, 0xc7, 0xf7, 0xc7, 0xf7, 0xc7, 0xf7, 0xc7, 0xf8, 0xc7, 0xf8, 0xc7, 0xf9, 0xcf, 0xda, 0xcf, 0xda, 0xd7, 0xdb, 0xdf, 0xbc, 0xe7, 0xbc, 0xe7, 0x9c, 0xef, 0x9d, 0xef, 0x9d, 0xef, 0x9d, 0xef, 0x9d, 0xef, 0x9d, 0xef, 0x9d, 0xef, 0xbd, 0xe7, 0xbd, 0xe7, 0xbd, 0xe7, 0x9d, 0xe7, 0x9d, 0xe7, 0x9c, 0xef, 0x9d, 0xef, 0x9d, 0xef, 0x9d, 0xef, 0x9c, 0xe7, 0xbc, 0xe7, 0xbc, 0xe7, 0x9c, 0xef, 0x9c, 0xef, 0x9c, 0xef, 0x9c, 0xef, 0xbc, 0xef, 0x9c, 0xe7, 0xbc, 0xe7, 0x9d, 0xe7, 0x9d, 0xe7, 0x9d, 0xef, 0x7d, 0xef, 0x7d, 0xef, 0x7d, 0xef, 0x9d, 0xef, 0x9d, 0xe7, 0x9d, 0xe7, 0x9d, 0xe7, 0x9d, 0xe7, 0x9d, 0xe7, 0x9d, 0xe7, 0x9d, 0xe7, 0x9d, 0xef, 0x9d, 0xef, 0x9d, 0xef, 0x9d, 0xef, 0x9d, 0xef, 0x9d, 0xef, 0x9d, 0xef, 0x9d, 0xef, 0x9d, 0xef, 0x9d, 0xef, 0x9d, 0xef, 0x9c, 0xe7, 0xbc, 0xe7, 0xdc, 0xe7, 0xdb, 0xdf, 0xda, 0xd7, 0xd9, 0xcf, 0xf9, 0xcf, 0xf8, 0xc7, 0xf8, 0xc7, 0xf8, 0xc7, 0xf8, 0xc7, 0xf8, 0xc7, 0xf8, 0xc7, 0xf8, 0xc7, 0xf8, 0xc7, 0xf8, 0xc7, 0xf8, 0xc7, 
  0xf9, 0xc7, 0xf9, 0xc7, 0xf8, 0xc7, 0xf8, 0xc7, 0xf8, 0xc7, 0xf8, 0xc7, 0xf7, 0xc7, 0xf7, 0xc7, 0xf8, 0xc7, 0xf8, 0xc7, 0xf9, 0xcf, 0xfa, 0xd7, 0xdb, 0xdf, 0xdc, 0xe7, 0x9d, 0xef, 0x9d, 0xef, 0x9d, 0xef, 0x9d, 0xef, 0x9d, 0xef, 0x9d, 0xef, 0x9d, 0xef, 0x9d, 0xef, 0x9d, 0xef, 0x9d, 0xef, 0x9d, 0xef, 0x9d, 0xef, 0x9d, 0xef, 0x9d, 0xef, 0x9d, 0xef, 0x9d, 0xef, 0x9d, 0xef, 0x9d, 0xef, 0x9d, 0xef, 0x9d, 0xef, 0x9d, 0xef, 0x9d, 0xef, 0x9d, 0xef, 0x9d, 0xef, 0x9d, 0xef, 0x9d, 0xef, 0x9d, 0xef, 0x9d, 0xef, 0x9d, 0xef, 0x9d, 0xef, 0x9d, 0xef, 0x9d, 0xef, 0x9d, 0xef, 0x9d, 0xef, 0x9d, 0xef, 0x9d, 0xef, 0x9d, 0xef, 0x9d, 0xef, 0x9d, 0xef, 0x9d, 0xef, 0x9d, 0xef, 0x9d, 0xef, 0x9d, 0xef, 0x9d, 0xef, 0x9d, 0xef, 0x9d, 0xef, 0x9d, 0xef, 0x9d, 0xef, 0x9d, 0xef, 0x9d, 0xef, 0x9d, 0xef, 0x9d, 0xef, 0x9d, 0xef, 0x9d, 0xef, 0x9d, 0xef, 0xbc, 0xe7, 0xdb, 0xdf, 0xfa, 0xd7, 0xf9, 0xcf, 0xf8, 0xc7, 0xf8, 0xc7, 0xf8, 0xc7, 0xf8, 0xc7, 0xf8, 0xc7, 0xf8, 0xc7, 0xf8, 0xc7, 0xf8, 0xc7, 0xf8, 0xc7, 0xf8, 0xc7, 0xf8, 0xc7, 
  0xf9, 0xc7, 0xf9, 0xc7, 0xf8, 0xc7, 0xf8, 0xc7, 0xf8, 0xcf, 0xf8, 0xcf, 0xf7, 0xc7, 0xf8, 0xc7, 0xf8, 0xc7, 0xf8, 0xc7, 0xf9, 0xc7, 0xfa, 0xd7, 0xdc, 0xdf, 0xbc, 0xe7, 0x9d, 0xef, 0x9d, 0xef, 0x9d, 0xef, 0x9d, 0xef, 0x9d, 0xef, 0x9d, 0xef, 0x9d, 0xef, 0x9d, 0xef, 0x9d, 0xef, 0x9d, 0xef, 0x9d, 0xef, 0x9d, 0xef, 0x9d, 0xef, 0x9d, 0xef, 0x9d, 0xef, 0x9d, 0xef, 0x9d, 0xef, 0x9d, 0xef, 0x9d, 0xef, 0x9d, 0xef, 0x9d, 0xef, 0x9d, 0xef, 0x9d, 0xef, 0x9d, 0xef, 0x9d, 0xef, 0x9d, 0xef, 0x9d, 0xef, 0x9d, 0xef, 0x9d, 0xef, 0x9d, 0xef, 0x9d, 0xef, 0x9d, 0xef, 0x9d, 0xef, 0x9d, 0xef, 0x9d, 0xef, 0x9d, 0xef, 0x9d, 0xef, 0x9d, 0xef, 0x9d, 0xef, 0x9d, 0xef, 0x9d, 0xef, 0x9d, 0xef, 0x9d, 0xef, 0x9d, 0xef, 0x9d, 0xef, 0x9d, 0xef, 0x9d, 0xef, 0x9d, 0xef, 0x9d, 0xef, 0x9d, 0xef, 0x9d, 0xef, 0x9d, 0xef, 0x9d, 0xef, 0x7d, 0xef, 0x9d, 0xef, 0xbc, 0xef, 0xdc, 0xe7, 0xdb, 0xdf, 0xd9, 0xcf, 0xf8, 0xc7, 0xf8, 0xc7, 0xf8, 0xbf, 0xf8, 0xc7, 0xf8, 0xc7, 0xf8, 0xc7, 0xf8, 0xc7, 0xf8, 0xc7, 0xf8, 0xc7, 0xf8, 0xc7, 0xf8, 0xc7, 
  0xf9, 0xc7, 0xf8, 0xc7, 0xf8, 0xc7, 0xf8, 0xc7, 0xf8, 0xc7, 0xf8, 0xc7, 0xf8, 0xc7, 0xf8, 0xc7, 0xf8, 0xc7, 0xf8, 0xc7, 0xd9, 0xcf, 0xdb, 0xd7, 0xdc, 0xdf, 0xbc, 0xe7, 0x9d, 0xef, 0x9d, 0xef, 0x9d, 0xef, 0x9d, 0xef, 0x9d, 0xef, 0x9d, 0xef, 0x9d, 0xef, 0x9d, 0xef, 0x9d, 0xef, 0x9d, 0xef, 0x9d, 0xef, 0x9d, 0xef, 0x9d, 0xef, 0x9d, 0xef, 0x9d, 0xef, 0x9d, 0xef, 0x9d, 0xef, 0x9d, 0xef, 0x9d, 0xef, 0x9d, 0xef, 0x9d, 0xef, 0x9d, 0xef, 0x9d, 0xef, 0x9d, 0xef, 0x9d, 0xef, 0x9d, 0xef, 0x9d, 0xef, 0x9d, 0xef, 0x9d, 0xef, 0x9d, 0xef, 0x9d, 0xef, 0x9d, 0xef, 0x9d, 0xef, 0x9d, 0xef, 0x9d, 0xef, 0x9d, 0xef, 0x9d, 0xef, 0x9d, 0xef, 0x9d, 0xef, 0x9d, 0xef, 0x9d, 0xef, 0x9d, 0xef, 0x9d, 0xef, 0x9d, 0xef, 0x9d, 0xef, 0x9d, 0xef, 0x9d, 0xef, 0x9d, 0xef, 0x9d, 0xef, 0x9d, 0xef, 0x9d, 0xef, 0x9d, 0xef, 0x9d, 0xef, 0x7d, 0xef, 0x9d, 0xef, 0xbd, 0xef, 0xdc, 0xe7, 0xdb, 0xdf, 0xd9, 0xcf, 0xf8, 0xc7, 0xf8, 0xc7, 0xf8, 0xc7, 0xf8, 0xc7, 0xf8, 0xc7, 0xf8, 0xc7, 0xf8, 0xc7, 0xf8, 0xc7, 0xf8, 0xc7, 0xf8, 0xc7, 0xf8, 0xc7, 
  0xf8, 0xc7, 0xf8, 0xc7, 0xf8, 0xc7, 0xf8, 0xc7, 0xf8, 0xc7, 0xf8, 0xc7, 0xf8, 0xc7, 0xf8, 0xc7, 0xf8, 0xc7, 0xf8, 0xc7, 0xd9, 0xcf, 0xdb, 0xd7, 0xdc, 0xe7, 0xbd, 0xe7, 0x9d, 0xef, 0x7d, 0xef, 0x9d, 0xef, 0x9d, 0xef, 0x9d, 0xef, 0x9d, 0xef, 0x9d, 0xef, 0x9d, 0xef, 0x9d, 0xef, 0x9d, 0xef, 0x9d, 0xef, 0x9d, 0xef, 0x9d, 0xef, 0x9d, 0xef, 0x9d, 0xef, 0x9d, 0xef, 0x9d, 0xef, 0x9d, 0xef, 0x9d, 0xef, 0x9d, 0xef, 0x9d, 0xef, 0x9d, 0xef, 0x9d, 0xef, 0x9d, 0xef, 0x9d, 0xef, 0x9d, 0xef, 0x9d, 0xef, 0x9d, 0xef, 0x9d, 0xef, 0x9d, 0xef, 0x9d, 0xef, 0x9d, 0xef, 0x9d, 0xef, 0x9d, 0xef, 0x9d, 0xef, 0x9d, 0xef, 0x9d, 0xef, 0x9d, 0xef, 0x9d, 0xef, 0x9d, 0xef, 0x9d, 0xef, 0x9d, 0xef, 0x9d, 0xef, 0x9d, 0xef, 0x9d, 0xef, 0x9d, 0xef, 0x9d, 0xef, 0x9d, 0xef, 0x9d, 0xef, 0x9d, 0xef, 0x9d, 0xef, 0x9d, 0xef, 0x9d, 0xef, 0x7d, 0xef, 0x9d, 0xef, 0xbd, 0xef, 0xbc, 0xe7, 0xdb, 0xdf, 0xda, 0xd7, 0xf9, 0xcf, 0xf8, 0xc7, 0xf8, 0xc7, 0xf8, 0xc7, 0xf8, 0xc7, 0xf8, 0xc7, 0xf8, 0xc7, 0xf8, 0xc7, 0xf8, 0xc7, 0xf8, 0xc7, 0xf8, 0xc7, 
  0xf8, 0xc7, 0xf8, 0xc7, 0xf8, 0xc7, 0xf8, 0xc7, 0xf8, 0xc7, 0xf8, 0xc7, 0xf8, 0xc7, 0xf8, 0xc7, 0xf8, 0xc7, 0xd9, 0xcf, 0xda, 0xd7, 0xdb, 0xdf, 0xdc, 0xe7, 0xbd, 0xef, 0x9d, 0xef, 0x7d, 0xef, 0x9d, 0xef, 0x9d, 0xef, 0x9d, 0xef, 0x9d, 0xef, 0x9d, 0xef, 0x9d, 0xef, 0x9d, 0xef, 0x9d, 0xef, 0x9d, 0xef, 0x9d, 0xef, 0x9d, 0xef, 0x9d, 0xef, 0x9d, 0xef, 0x9d, 0xef, 0x9d, 0xef, 0x9d, 0xef, 0x9d, 0xef, 0x9d, 0xef, 0x9d, 0xef, 0x9d, 0xef, 0x9d, 0xef, 0x9d, 0xef, 0x9d, 0xef, 0x9d, 0xef, 0x9d, 0xef, 0x9d, 0xef, 0x9d, 0xef, 0x9d, 0xef, 0x9d, 0xef, 0x9d, 0xef, 0x9d, 0xef, 0x9d, 0xef, 0x9d, 0xef, 0x9d, 0xef, 0x9d, 0xef, 0x9d, 0xef, 0x9d, 0xef, 0x9d, 0xef, 0x9d, 0xef, 0x9d, 0xef, 0x9d, 0xef, 0x9d, 0xef, 0x9d, 0xef, 0x9d, 0xef, 0x9d, 0xef, 0x9d, 0xef, 0x9d, 0xef, 0x9d, 0xef, 0x9d, 0xef, 0x9d, 0xef, 0x9d, 0xef, 0x9d, 0xef, 0x9d, 0xef, 0xbd, 0xef, 0xbc, 0xe7, 0xdb, 0xdf, 0xba, 0xd7, 0xd9, 0xcf, 0xf8, 0xc7, 0xf8, 0xc7, 0xf8, 0xc7, 0xf8, 0xc7, 0xf8, 0xc7, 0xf8, 0xc7, 0xf8, 0xc7, 0xf8, 0xc7, 0xf8, 0xc7, 0xf8, 0xc7, 
  0xf8, 0xc7, 0xf8, 0xc7, 0xf8, 0xc7, 0xf8, 0xc7, 0xf8, 0xc7, 0xf8, 0xc7, 0xf8, 0xc7, 0xf8, 0xc7, 0xf9, 0xcf, 0xd9, 0xcf, 0xda, 0xd7, 0xdb, 0xdf, 0xdc, 0xe7, 0xbd, 0xef, 0x9d, 0xef, 0x7d, 0xef, 0x9d, 0xef, 0x9d, 0xef, 0x9d, 0xef, 0x9d, 0xef, 0x9d, 0xef, 0x9d, 0xef, 0x9d, 0xef, 0x9d, 0xef, 0x9d, 0xef, 0x9d, 0xef, 0x9d, 0xef, 0x9d, 0xef, 0x9d, 0xef, 0x9d, 0xef, 0x9d, 0xef, 0x9d, 0xef, 0x9d, 0xef, 0x9d, 0xef, 0x9d, 0xef, 0x9d, 0xef, 0x9d, 0xef, 0x9d, 0xef, 0x9d, 0xef, 0x9d, 0xef, 0x9d, 0xef, 0x9d, 0xef, 0x9d, 0xef, 0x9d, 0xef, 0x9d, 0xef, 0x9d, 0xef, 0x9d, 0xef, 0x9d, 0xef, 0x9d, 0xef, 0x9d, 0xef, 0x9d, 0xef, 0x9d, 0xef, 0x9d, 0xef, 0x9d, 0xef, 0x9d, 0xef, 0x9d, 0xef, 0x9d, 0xef, 0x9d, 0xef, 0x9d, 0xef, 0x9d, 0xef, 0x9d, 0xef, 0x9d, 0xef, 0x9d, 0xef, 0x9d, 0xef, 0x9d, 0xef, 0x9d, 0xef, 0x9d, 0xef, 0x9d, 0xef, 0x9d, 0xef, 0x9d, 0xef, 0xbc, 0xe7, 0xbc, 0xdf, 0x9a, 0xd7, 0xb9, 0xcf, 0xd9, 0xcf, 0xf8, 0xc7, 0xf8, 0xc7, 0xf8, 0xc7, 0xf8, 0xc7, 0xf8, 0xc7, 0xf8, 0xc7, 0xf8, 0xc7, 0xf8, 0xc7, 0xf8, 0xc7, 
  0xf7, 0xc7, 0xf7, 0xc7, 0xf7, 0xc7, 0xf8, 0xc7, 0xf8, 0xc7, 0xf8, 0xc7, 0xf8, 0xc7, 0xf9, 0xc7, 0xf9, 0xcf, 0xba, 0xd7, 0xba, 0xd7, 0xbb, 0xe7, 0xbc, 0xe7, 0xbd, 0xef, 0x9d, 0xef, 0x9d, 0xef, 0x9d, 0xef, 0x9d, 0xef, 0x9d, 0xef, 0x9d, 0xef, 0x9d, 0xef, 0x9d, 0xef, 0x9d, 0xef, 0x9d, 0xef, 0x9d, 0xef, 0x9d, 0xef, 0x9d, 0xef, 0x9d, 0xef, 0x9d, 0xef, 0x9d, 0xef, 0x9d, 0xef, 0x9d, 0xef, 0x9d, 0xef, 0x9d, 0xef, 0x9d, 0xef, 0x9d, 0xef, 0x9d, 0xef, 0x9d, 0xef, 0x9d, 0xef, 0x9d, 0xef, 0x9d, 0xef, 0x9d, 0xef, 0x9d, 0xef, 0x9d, 0xef, 0x9d, 0xef, 0x9d, 0xef, 0x9d, 0xef, 0x9d, 0xef, 0x9d, 0xef, 0x9d, 0xef, 0x9d, 0xef, 0x9d, 0xef, 0x9d, 0xef, 0x9d, 0xef, 0x9d, 0xef, 0x9d, 0xef, 0x9d, 0xef, 0x9d, 0xef, 0x9d, 0xef, 0x9d, 0xef, 0x9d, 0xef, 0x9d, 0xef, 0x9d, 0xef, 0x9d, 0xef, 0x9d, 0xef, 0x9d, 0xef, 0x9d, 0xef, 0x9d, 0xef, 0x9d, 0xef, 0x9d, 0xef, 0xbc, 0xef, 0xbc, 0xe7, 0xbb, 0xdf, 0xba, 0xd7, 0xd9, 0xcf, 0xd9, 0xcf, 0xf8, 0xc7, 0xf8, 0xc7, 0xf8, 0xc7, 0xf8, 0xc7, 0xf8, 0xc7, 0xf8, 0xc7, 0xf8, 0xc7, 0xf8, 0xc7, 
  0xf7, 0xcf, 0xf7, 0xc7, 0xf7, 0xc7, 0xf8, 0xc7, 0xf8, 0xc7, 0xf8, 0xc7, 0xf9, 0xc7, 0xf9, 0xcf, 0xd9, 0xcf, 0xba, 0xd7, 0x9b, 0xdf, 0x9c, 0xe7, 0xbc, 0xef, 0x9d, 0xef, 0x9d, 0xef, 0x9d, 0xef, 0x9d, 0xef, 0x9d, 0xef, 0x9d, 0xef, 0x9d, 0xef, 0x9d, 0xef, 0x9d, 0xef, 0x9d, 0xef, 0x9d, 0xef, 0x9d, 0xef, 0x9d, 0xef, 0x9d, 0xef, 0x9d, 0xef, 0x9d, 0xef, 0x9d, 0xef, 0x9d, 0xef, 0x9d, 0xef, 0x9d, 0xef, 0x9d, 0xef, 0x9d, 0xef, 0x9d, 0xef, 0x9d, 0xef, 0x9d, 0xef, 0x9d, 0xef, 0x9d, 0xef, 0x9d, 0xef, 0x9d, 0xef, 0x9d, 0xef, 0x9d, 0xef, 0x9d, 0xef, 0x9d, 0xef, 0x9d, 0xef, 0x9d, 0xef, 0x9d, 0xef, 0x9d, 0xef, 0x9d, 0xef, 0x9d, 0xef, 0x9d, 0xef, 0x9d, 0xef, 0x9d, 0xef, 0x9d, 0xef, 0x9d, 0xef, 0x9d, 0xef, 0x9d, 0xef, 0x9d, 0xef, 0x9d, 0xef, 0x9d, 0xef, 0x9d, 0xef, 0x9d, 0xef, 0x9d, 0xef, 0x9d, 0xef, 0x9d, 0xef, 0x9d, 0xef, 0x9d, 0xef, 0x9d, 0xef, 0x9d, 0xef, 0x9c, 0xe7, 0xdc, 0xe7, 0xdb, 0xdf, 0xda, 0xd7, 0xd9, 0xcf, 0xf9, 0xcf, 0xf9, 0xc7, 0xf8, 0xc7, 0xf8, 0xc7, 0xf8, 0xc7, 0xf8, 0xc7, 0xf8, 0xc7, 0xf8, 0xc7, 
  0xf7, 0xc7, 0xf7, 0xc7, 0xf7, 0xc7, 0xf8, 0xc7, 0xf8, 0xc7, 0xf9, 0xc7, 0xf9, 0xc7, 0xd9, 0xcf, 0xda, 0xd7, 0xbb, 0xdf, 0xbc, 0xe7, 0xbc, 0xe7, 0x9d, 0xef, 0x9d, 0xef, 0x9d, 0xef, 0x9d, 0xef, 0x9d, 0xef, 0x9d, 0xef, 0x9d, 0xef, 0x9d, 0xef, 0x9d, 0xef, 0x9d, 0xef, 0x9d, 0xef, 0x9d, 0xef, 0x9d, 0xef, 0x9d, 0xef, 0x9d, 0xef, 0x9d, 0xef, 0x9d, 0xef, 0x9d, 0xef, 0x9d, 0xef, 0x9d, 0xef, 0x9d, 0xef, 0x9d, 0xef, 0x9d, 0xef, 0x9d, 0xef, 0x9d, 0xef, 0x9d, 0xef, 0x9d, 0xef, 0x9d, 0xef, 0x9d, 0xef, 0x9d, 0xef, 0x9d, 0xef, 0x9d, 0xef, 0x9d, 0xef, 0x9d, 0xef, 0x9d, 0xef, 0x9d, 0xef, 0x9d, 0xef, 0x9d, 0xef, 0x9d, 0xef, 0x9d, 0xef, 0x9d, 0xef, 0x9d, 0xef, 0x9d, 0xef, 0x9d, 0xef, 0x9d, 0xef, 0x9d, 0xef, 0x9d, 0xef, 0x9d, 0xef, 0x9d, 0xef, 0x9d, 0xef, 0x9d, 0xef, 0x9d, 0xef, 0x9d, 0xef, 0x9d, 0xef, 0x9d, 0xef, 0x9d, 0xef, 0x9d, 0xef, 0x9d, 0xef, 0x9d, 0xef, 0xbc, 0xef, 0xbc, 0xe7, 0xdc, 0xdf, 0xdb, 0xdf, 0xda, 0xd7, 0xd9, 0xcf, 0xd9, 0xcf, 0xd8, 0xcf, 0xf8, 0xc7, 0xf8, 0xc7, 0xf8, 0xc7, 0xf8, 0xc7, 0xf8, 0xc7, 
  0xf7, 0xc7, 0xf8, 0xc7, 0xf8, 0xc7, 0xf8, 0xc7, 0xf8, 0xc7, 0xf9, 0xcf, 0xda, 0xcf, 0xda, 0xd7, 0xdb, 0xdf, 0xbc, 0xe7, 0xbc, 0xe7, 0x9d, 0xef, 0x9d, 0xef, 0x9d, 0xef, 0x9d, 0xef, 0x9d, 0xef, 0x9d, 0xef, 0x9d, 0xef, 0x9d, 0xef, 0x9d, 0xef, 0x9d, 0xef, 0x9d, 0xef, 0x9d, 0xef, 0x9d, 0xef, 0x9d, 0xef, 0x9d, 0xef, 0x9d, 0xef, 0x9d, 0xef, 0x9d, 0xef, 0x9d, 0xef, 0x9d, 0xef, 0x9d, 0xef, 0x9d, 0xef, 0x9d, 0xef, 0x9d, 0xef, 0x9d, 0xef, 0x9d, 0xef, 0x9d, 0xef, 0x9d, 0xef, 0x9d, 0xef, 0x9d, 0xef, 0x9d, 0xef, 0x9d, 0xef, 0x9d, 0xef, 0x9d, 0xef, 0x9d, 0xef, 0x9d, 0xef, 0x9d, 0xef, 0x9d, 0xef, 0x9d, 0xef, 0x9d, 0xef, 0x9d, 0xef, 0x9d, 0xef, 0x9d, 0xef, 0x9d, 0xef, 0x9d, 0xef, 0x9d, 0xef, 0x9d, 0xef, 0x9d, 0xef, 0x9d, 0xef, 0x9d, 0xef, 0x9d, 0xef, 0x9d, 0xef, 0x9d, 0xef, 0x9d, 0xef, 0x9d, 0xef, 0x9d, 0xef, 0x9d, 0xef, 0x9d, 0xef, 0x9d, 0xef, 0x9d, 0xef, 0x9d, 0xef, 0xbc, 0xe7, 0xbc, 0xe7, 0xdc, 0xdf, 0xdb, 0xdf, 0xda, 0xd7, 0xda, 0xd7, 0xd9, 0xcf, 0xf8, 0xcf, 0xf8, 0xc7, 0xf8, 0xc7, 0xf8, 0xc7, 0xf8, 0xc7, 
  0xf8, 0xc7, 0xf8, 0xcf, 0xf8, 0xcf, 0xf8, 0xcf, 0xd9, 0xcf, 0xda, 0xd7, 0xdb, 0xd7, 0xdc, 0xdf, 0xdc, 0xe7, 0xbc, 0xe7, 0x9d, 0xef, 0x9d, 0xef, 0x9d, 0xef, 0x9d, 0xef, 0x9d, 0xef, 0x9d, 0xef, 0x9d, 0xef, 0x9d, 0xef, 0x9d, 0xef, 0x9d, 0xef, 0x9d, 0xef, 0x9d, 0xef, 0x9d, 0xef, 0x9d, 0xef, 0x9d, 0xef, 0x9d, 0xef, 0x9d, 0xef, 0x9d, 0xef, 0x9d, 0xef, 0x9d, 0xef, 0x9d, 0xef, 0x9d, 0xef, 0x9d, 0xef, 0x9d, 0xef, 0x9d, 0xef, 0x9d, 0xef, 0x9d, 0xef, 0x9d, 0xef, 0x9d, 0xef, 0x9d, 0xef, 0x9d, 0xef, 0x9d, 0xef, 0x9d, 0xef, 0x9d, 0xef, 0x9d, 0xef, 0x9d, 0xef, 0x9d, 0xef, 0x9d, 0xef, 0x9d, 0xef, 0x9d, 0xef, 0x9d, 0xef, 0x9d, 0xef, 0x9d, 0xef, 0x9d, 0xef, 0x9d, 0xef, 0x9d, 0xef, 0x9d, 0xef, 0x9d, 0xef, 0x9d, 0xef, 0x9d, 0xef, 0x9d, 0xef, 0x9d, 0xef, 0x9d, 0xef, 0x9d, 0xef, 0x9d, 0xef, 0x9d, 0xef, 0x9d, 0xef, 0x9d, 0xef, 0x9d, 0xef, 0x9d, 0xef, 0x9d, 0xef, 0x9d, 0xef, 0x9d, 0xe7, 0xbd, 0xe7, 0xbc, 0xe7, 0xdc, 0xe7, 0xdb, 0xdf, 0xdb, 0xdf, 0xda, 0xd7, 0xd9, 0xd7, 0xf9, 0xcf, 0xf8, 0xcf, 0xf8, 0xc7, 0xf8, 0xc7, 
  0xf8, 0xcf, 0xf8, 0xcf, 0xf9, 0xcf, 0xd9, 0xcf, 0xda, 0xd7, 0xdb, 0xdf, 0xdc, 0xe7, 0xdc, 0xe7, 0xbd, 0xe7, 0xbd, 0xef, 0x9d, 0xef, 0x9d, 0xef, 0x9d, 0xef, 0x9d, 0xef, 0x9d, 0xef, 0x9d, 0xef, 0x9d, 0xef, 0x9d, 0xef, 0x9d, 0xef, 0x9d, 0xef, 0x9d, 0xef, 0x9d, 0xef, 0x9d, 0xef, 0x9d, 0xef, 0x9d, 0xef, 0x9d, 0xef, 0x9d, 0xef, 0x9d, 0xef, 0x9d, 0xef, 0x9d, 0xef, 0x9d, 0xef, 0x9d, 0xef, 0x9d, 0xef, 0x9d, 0xef, 0x9d, 0xef, 0x9d, 0xef, 0x9d, 0xef, 0x9d, 0xef, 0x9d, 0xef, 0x9d, 0xef, 0x9d, 0xef, 0x9d, 0xef, 0x9d, 0xef, 0x9d, 0xef, 0x9d, 0xef, 0x9d, 0xef, 0x9d, 0xef, 0x9d, 0xef, 0x9d, 0xef, 0x9d, 0xef, 0x9d, 0xef, 0x9d, 0xef, 0x9d, 0xef, 0x9d, 0xef, 0x9d, 0xef, 0x9d, 0xef, 0x9d, 0xef, 0x9d, 0xef, 0x9d, 0xef, 0x9d, 0xef, 0x9d, 0xef, 0x9d, 0xef, 0x9d, 0xef, 0x9d, 0xef, 0x9d, 0xef, 0x9d, 0xef, 0x9d, 0xef, 0x9d, 0xef, 0x9d, 0xef, 0x9d, 0xef, 0x9d, 0xef, 0x9d, 0xef, 0x9d, 0xef, 0x9d, 0xe7, 0xbd, 0xe7, 0xbc, 0xe7, 0xdc, 0xe7, 0xdb, 0xe7, 0xdb, 0xdf, 0xda, 0xd7, 0xf9, 0xcf, 0xf9, 0xcf, 0xf8, 0xcf, 0xf8, 0xc7, 
  0xf9, 0xc7, 0xf9, 0xc7, 0xd9, 0xcf, 0xda, 0xd7, 0xdb, 0xdf, 0xdc, 0xe7, 0xbc, 0xef, 0x9d, 0xef, 0x9d, 0xef, 0x9d, 0xef, 0x9d, 0xef, 0x9d, 0xef, 0x9d, 0xef, 0x9d, 0xef, 0x9d, 0xef, 0x9d, 0xef, 0x9d, 0xef, 0x9d, 0xef, 0x9d, 0xef, 0x9d, 0xef, 0x9d, 0xef, 0x9d, 0xef, 0x9d, 0xef, 0x9d, 0xef, 0x9d, 0xef, 0x9d, 0xef, 0x9d, 0xef, 0x9d, 0xef, 0x9d, 0xef, 0x9d, 0xef, 0x9d, 0xef, 0x9d, 0xef, 0x9d, 0xef, 0x9d, 0xef, 0x9d, 0xef, 0x9d, 0xef, 0x9d, 0xef, 0x9d, 0xef, 0x9d, 0xef, 0x9d, 0xef, 0x9d, 0xef, 0x9d, 0xef, 0x9d, 0xef, 0x9d, 0xef, 0x9d, 0xef, 0x9d, 0xef, 0x9d, 0xef, 0x9d, 0xef, 0x9d, 0xef, 0x9d, 0xef, 0x9d, 0xef, 0x9d, 0xef, 0x9d, 0xef, 0x9d, 0xef, 0x9d, 0xef, 0x9d, 0xef, 0x9d, 0xef, 0x9d, 0xef, 0x9d, 0xef, 0x9d, 0xef, 0x9d, 0xef, 0x9d, 0xef, 0x9d, 0xef, 0x9d, 0xef, 0x9d, 0xef, 0x9d, 0xef, 0x9d, 0xef, 0x9d, 0xef, 0x9c, 0xef, 0x9c, 0xef, 0x9c, 0xef, 0x9d, 0xef, 0x9d, 0xef, 0x9d, 0xef, 0x9d, 0xef, 0x9d, 0xef, 0xbc, 0xe7, 0xbc, 0xe7, 0xbc, 0xe7, 0xdb, 0xdf, 0xd9, 0xd7, 0xf9, 0xcf, 0xf9, 0xcf, 0xf8, 0xc7, 
  0xf9, 0xc7, 0xf9, 0xc7, 0xd9, 0xcf, 0xda, 0xdf, 0xbb, 0xe7, 0xbc, 0xef, 0x9d, 0xef, 0x7d, 0xef, 0x7d, 0xef, 0x7d, 0xef, 0x9d, 0xef, 0x9d, 0xef, 0x9d, 0xef, 0x9d, 0xef, 0x9d, 0xef, 0x9d, 0xef, 0x9d, 0xef, 0x9d, 0xef, 0x9d, 0xef, 0x9d, 0xef, 0x9d, 0xef, 0x9d, 0xef, 0x9d, 0xef, 0x9d, 0xef, 0x9d, 0xef, 0x9d, 0xef, 0x9d, 0xef, 0x9d, 0xef, 0x9d, 0xef, 0x9d, 0xef, 0x9d, 0xef, 0x9d, 0xef, 0x9d, 0xef, 0x9d, 0xef, 0x9d, 0xef, 0x9d, 0xef, 0x9d, 0xef, 0x9d, 0xef, 0x9d, 0xef, 0x9d, 0xef, 0x9d, 0xef, 0x9d, 0xef, 0x9d, 0xef, 0x9d, 0xef, 0x9d, 0xef, 0x9d, 0xef, 0x9d, 0xef, 0x9d, 0xef, 0x9d, 0xef, 0x9d, 0xef, 0x9d, 0xef, 0x9d, 0xef, 0x9d, 0xef, 0x9d, 0xef, 0x9d, 0xef, 0x9d, 0xef, 0x9d, 0xef, 0x9d, 0xef, 0x9d, 0xef, 0x9d, 0xef, 0x9d, 0xef, 0x9d, 0xef, 0x9d, 0xef, 0x9d, 0xef, 0x9d, 0xef, 0x9d, 0xef, 0x9d, 0xef, 0x9d, 0xef, 0x9c, 0xef, 0x9c, 0xef, 0x9c, 0xef, 0x9d, 0xef, 0x9d, 0xef, 0x9d, 0xef, 0x7d, 0xef, 0x7d, 0xef, 0x9d, 0xef, 0xbd, 0xef, 0xbc, 0xef, 0xdb, 0xe7, 0xda, 0xd7, 0xf9, 0xcf, 0xd9, 0xcf, 0xd8, 0xc7, 
  0xf9, 0xc7, 0xf9, 0xc7, 0xfa, 0xd7, 0xdb, 0xdf, 0xbc, 0xef, 0x9c, 0xef, 0x7d, 0xf7, 0x7d, 0xf7, 0x7e, 0xf7, 0x7e, 0xef, 0x9e, 0xef, 0x9d, 0xef, 0x9d, 0xef, 0x9d, 0xef, 0x9d, 0xef, 0x9d, 0xef, 0x9d, 0xef, 0x9d, 0xef, 0x9d, 0xef, 0x9d, 0xef, 0x9d, 0xef, 0x9d, 0xef, 0x9d, 0xef, 0x9d, 0xef, 0x9d, 0xef, 0x9d, 0xef, 0x9d, 0xef, 0x9d, 0xef, 0x9d, 0xef, 0x9d, 0xef, 0x9d, 0xef, 0x9d, 0xef, 0x9d, 0xef, 0x9d, 0xef, 0x9d, 0xef, 0x9d, 0xef, 0x9d, 0xef, 0x9d, 0xef, 0x9d, 0xef, 0x9d, 0xef, 0x9d, 0xef, 0x9d, 0xef, 0x9d, 0xef, 0x9d, 0xef, 0x9d, 0xef, 0x9d, 0xef, 0x9d, 0xef, 0x9d, 0xef, 0x9d, 0xef, 0x9d, 0xef, 0x9d, 0xef, 0x9d, 0xef, 0x9d, 0xef, 0x9d, 0xef, 0x9d, 0xef, 0x9d, 0xef, 0x9d, 0xef, 0x9d, 0xef, 0x9d, 0xef, 0x9d, 0xef, 0x9d, 0xef, 0x9d, 0xef, 0x9d, 0xef, 0x9d, 0xef, 0x9d, 0xef, 0x9d, 0xef, 0x9d, 0xef, 0x9d, 0xef, 0x9c, 0xe7, 0x9c, 0xe7, 0x9c, 0xef, 0x9d, 0xef, 0x9d, 0xef, 0x7d, 0xef, 0x7d, 0xef, 0x7d, 0xef, 0x9d, 0xef, 0x9d, 0xef, 0x9d, 0xef, 0xbc, 0xe7, 0xfa, 0xd7, 0xf9, 0xcf, 0xd9, 0xcf, 0xd9, 0xcf, 
  0xd9, 0xc7, 0xfa, 0xcf, 0xfb, 0xdf, 0xdc, 0xe7, 0xbc, 0xef, 0x7c, 0xef, 0x7d, 0xf7, 0x7e, 0xf7, 0x9e, 0xf7, 0x9e, 0xef, 0x9d, 0xef, 0x9d, 0xef, 0x9d, 0xef, 0x9d, 0xef, 0x9d, 0xef, 0xbd, 0xef, 0x9d, 0xef, 0x9d, 0xef, 0x9d, 0xef, 0x9d, 0xef, 0x9d, 0xef, 0x9d, 0xef, 0x9d, 0xef, 0x9d, 0xef, 0x9d, 0xef, 0x9d, 0xef, 0x9d, 0xef, 0x9d, 0xef, 0x9d, 0xef, 0x9d, 0xef, 0x9d, 0xef, 0x9d, 0xef, 0xbd, 0xef, 0x9d, 0xef, 0x9d, 0xef, 0x9d, 0xef, 0x9d, 0xef, 0x9d, 0xef, 0x9d, 0xef, 0x9d, 0xef, 0x9d, 0xef, 0x9d, 0xef, 0x9d, 0xef, 0x9d, 0xef, 0x9d, 0xef, 0x9d, 0xef, 0x9d, 0xef, 0x9d, 0xef, 0x9d, 0xef, 0x9d, 0xef, 0x9d, 0xef, 0x9d, 0xef, 0x9d, 0xef, 0x9d, 0xef, 0x9d, 0xef, 0x9d, 0xef, 0x9d, 0xef, 0x9d, 0xef, 0x9d, 0xef, 0x9d, 0xef, 0x9d, 0xef, 0x9d, 0xef, 0x9d, 0xef, 0x9d, 0xef, 0x9d, 0xef, 0x9d, 0xef, 0x9d, 0xef, 0x9d, 0xef, 0x9d, 0xef, 0x9c, 0xef, 0x9d, 0xef, 0x9d, 0xef, 0x9d, 0xef, 0x9d, 0xef, 0x7d, 0xef, 0x7d, 0xef, 0x9d, 0xef, 0x9d, 0xef, 0x9d, 0xef, 0xbc, 0xe7, 0xfb, 0xdf, 0xfa, 0xd7, 0xf9, 0xcf, 0xd9, 0xcf, 
  0xba, 0xd7, 0xda, 0xd7, 0xdb, 0xdf, 0xbc, 0xe7, 0x9c, 0xe7, 0x9d, 0xef, 0x7d, 0xef, 0x7d, 0xef, 0x7d, 0xef, 0x7d, 0xef, 0x9d, 0xef, 0x9d, 0xef, 0x9d, 0xef, 0x9d, 0xef, 0x9d, 0xef, 0x9d, 0xef, 0x9d, 0xef, 0x9d, 0xef, 0x9d, 0xef, 0x9d, 0xef, 0x9d, 0xef, 0x9d, 0xef, 0x9d, 0xef, 0x9d, 0xef, 0x9d, 0xef, 0x9d, 0xef, 0x9d, 0xef, 0x9d, 0xef, 0x9d, 0xef, 0x9d, 0xef, 0x9d, 0xef, 0x9d, 0xef, 0x9d, 0xef, 0x9d, 0xef, 0x9d, 0xef, 0x9d, 0xef, 0x9d, 0xef, 0x9d, 0xef, 0x9d, 0xef, 0x9d, 0xef, 0x9d, 0xef, 0x9d, 0xef, 0x9d, 0xef, 0x9d, 0xef, 0x9d, 0xef, 0x9d, 0xef, 0x9d, 0xef, 0x9d, 0xef, 0x9d, 0xef, 0x9d, 0xef, 0x9d, 0xef, 0x9d, 0xef, 0x9d, 0xef, 0x9d, 0xef, 0x9d, 0xef, 0x9d, 0xef, 0x9d, 0xef, 0x7d, 0xef, 0x7d, 0xef, 0x9d, 0xef, 0x9d, 0xef, 0x9d, 0xef, 0x9d, 0xef, 0x9d, 0xef, 0x9d, 0xef, 0x9d, 0xef, 0x9d, 0xef, 0x9d, 0xef, 0x9d, 0xef, 0x9d, 0xef, 0x9d, 0xef, 0x9d, 0xef, 0x9d, 0xef, 0x9d, 0xef, 0x9d, 0xef, 0x9d, 0xef, 0x9d, 0xef, 0x9d, 0xef, 0x9d, 0xef, 0xbd, 0xef, 0xdc, 0xe7, 0xdb, 0xdf, 0xfa, 0xd7, 0xb9, 0xcf, 
  0xba, 0xd7, 0xbb, 0xdf, 0xdc, 0xe7, 0xbc, 0xe7, 0x9d, 0xe7, 0x9d, 0xef, 0x9d, 0xef, 0x7d, 0xef, 0x9d, 0xef, 0x9d, 0xef, 0x7d, 0xef, 0x9d, 0xef, 0x9d, 0xef, 0x9d, 0xef, 0x9d, 0xef, 0x9d, 0xef, 0x9d, 0xef, 0x9d, 0xef, 0x9d, 0xef, 0x9d, 0xef, 0x9d, 0xef, 0x9d, 0xef, 0x9d, 0xef, 0x9d, 0xef, 0x9d, 0xef, 0x9d, 0xef, 0x9d, 0xef, 0x9d, 0xef, 0x9d, 0xef, 0x9d, 0xef, 0x9d, 0xef, 0x9d, 0xef, 0x9d, 0xef, 0x9d, 0xef, 0x9d, 0xef, 0x9d, 0xef, 0x9d, 0xef, 0x9d, 0xef, 0x9d, 0xef, 0x9d, 0xef, 0x9d, 0xef, 0x9d, 0xef, 0x9d, 0xef, 0x9d, 0xef, 0x9d, 0xef, 0x9d, 0xef, 0x9d, 0xef, 0x9d, 0xef, 0x9d, 0xef, 0x9d, 0xef, 0x9d, 0xef, 0x9d, 0xef, 0x9d, 0xef, 0x9d, 0xef, 0x9d, 0xef, 0x9d, 0xef, 0x9d, 0xef, 0x9d, 0xef, 0x9d, 0xef, 0x9d, 0xef, 0x9d, 0xef, 0x9d, 0xef, 0x9d, 0xef, 0x9d, 0xef, 0x9d, 0xef, 0x9d, 0xef, 0x9d, 0xef, 0x9d, 0xef, 0x9d, 0xef, 0x9d, 0xef, 0x9d, 0xef, 0x9d, 0xef, 0x9d, 0xef, 0x9d, 0xef, 0x9d, 0xef, 0x9d, 0xef, 0x9d, 0xef, 0x9d, 0xef, 0x9d, 0xef, 0x9d, 0xef, 0xbc, 0xef, 0xbb, 0xe7, 0xdb, 0xdf, 0xba, 0xcf, 
  0xbb, 0xdf, 0xbb, 0xdf, 0xdc, 0xe7, 0xbc, 0xe7, 0x9d, 0xe7, 0x9d, 0xef, 0x9d, 0xef, 0x9d, 0xef, 0x9d, 0xef, 0x9d, 0xef, 0x9d, 0xef, 0x9d, 0xef, 0x9d, 0xef, 0x9d, 0xef, 0x9d, 0xef, 0x7d, 0xef, 0x9d, 0xef, 0x9d, 0xef, 0x9d, 0xef, 0x9d, 0xef, 0x9d, 0xef, 0x9d, 0xef, 0x9d, 0xef, 0x9d, 0xef, 0x9d, 0xef, 0x9d, 0xef, 0x9d, 0xef, 0x9d, 0xef, 0x9d, 0xef, 0x9d, 0xef, 0x9d, 0xef, 0x9d, 0xef, 0x9d, 0xef, 0x9d, 0xef, 0x9d, 0xef, 0x9d, 0xef, 0x9d, 0xef, 0x9d, 0xef, 0x9d, 0xef, 0x9d, 0xef, 0x9d, 0xef, 0x9d, 0xef, 0x9d, 0xef, 0x9d, 0xef, 0x9d, 0xef, 0x9d, 0xef, 0x9d, 0xef, 0x9d, 0xef, 0x9d, 0xef, 0x9d, 0xef, 0x9d, 0xef, 0x9d, 0xef, 0x9d, 0xef, 0x9d, 0xef, 0x9d, 0xef, 0x9d, 0xef, 0x9d, 0xef, 0x9d, 0xef, 0x9d, 0xef, 0x9d, 0xef, 0x9d, 0xef, 0x9d, 0xef, 0x9d, 0xef, 0x9d, 0xef, 0x9d, 0xef, 0x9d, 0xef, 0x9d, 0xef, 0x9d, 0xef, 0x9d, 0xef, 0x9d, 0xef, 0x9d, 0xef, 0x9d, 0xef, 0x9d, 0xef, 0x9d, 0xef, 0x9d, 0xef, 0x9d, 0xef, 0x9d, 0xef, 0x9d, 0xef, 0x9d, 0xef, 0x9d, 0xef, 0xbc, 0xef, 0xbb, 0xe7, 0xdb, 0xdf, 0xba, 0xcf, 
  0xbb, 0xdf, 0xbc, 0xe7, 0xbc, 0xe7, 0xbd, 0xe7, 0x9d, 0xef, 0x9d, 0xef, 0x9d, 0xef, 0x9d, 0xef, 0x9d, 0xef, 0x9d, 0xef, 0x9d, 0xef, 0x9d, 0xef, 0x9d, 0xef, 0x9d, 0xef, 0x9d, 0xef, 0x9d, 0xef, 0x9d, 0xef, 0x9d, 0xef, 0x9d, 0xef, 0x9d, 0xef, 0x9d, 0xef, 0x9d, 0xef, 0x9d, 0xef, 0x9d, 0xef, 0x9d, 0xef, 0x9d, 0xef, 0x9d, 0xef, 0x9d, 0xef, 0x9d, 0xef, 0x9d, 0xef, 0x9d, 0xef, 0x9d, 0xef, 0x9d, 0xef, 0x9d, 0xef, 0x9d, 0xef, 0x9d, 0xef, 0x9d, 0xef, 0x9d, 0xef, 0x9d, 0xef, 0x9d, 0xef, 0x9d, 0xef, 0x9d, 0xef, 0x9d, 0xef, 0x9d, 0xef, 0x9d, 0xef, 0x9d, 0xef, 0x9d, 0xef, 0x9d, 0xef, 0x9d, 0xef, 0x9d, 0xef, 0x9d, 0xef, 0x9d, 0xef, 0x9d, 0xef, 0x9d, 0xef, 0x9d, 0xef, 0x9d, 0xef, 0x9d, 0xef, 0x9d, 0xef, 0x9d, 0xef, 0x9d, 0xef, 0x9d, 0xef, 0x9d, 0xef, 0x9d, 0xef, 0x9d, 0xef, 0x9d, 0xef, 0x9d, 0xef, 0x9d, 0xef, 0x9d, 0xef, 0x9d, 0xef, 0x9d, 0xef, 0x9d, 0xef, 0x9d, 0xef, 0x9d, 0xef, 0x9d, 0xef, 0x9d, 0xef, 0x9d, 0xef, 0x9d, 0xef, 0x9d, 0xef, 0x9d, 0xef, 0x9d, 0xef, 0x9c, 0xef, 0xbc, 0xe7, 0xdb, 0xdf, 0x9a, 0xd7, 
  0xbc, 0xe7, 0xbc, 0xe7, 0xbd, 0xef, 0x9d, 0xef, 0x9d, 0xef, 0x9d, 0xef, 0x9d, 0xef, 0x9d, 0xef, 0x9d, 0xef, 0x9d, 0xef, 0x9d, 0xef, 0x9d, 0xef, 0x9d, 0xef, 0x9d, 0xef, 0x9d, 0xef, 0x9d, 0xef, 0x9d, 0xef, 0x9d, 0xef, 0x9d, 0xef, 0x9d, 0xef, 0x9d, 0xef, 0x9d, 0xef, 0x9d, 0xef, 0x9d, 0xef, 0x9d, 0xef, 0x9d, 0xef, 0x9d, 0xef, 0x9d, 0xef, 0x9d, 0xef, 0x9d, 0xef, 0x9d, 0xef, 0x9d, 0xef, 0x9d, 0xef, 0x9d, 0xef, 0x9d, 0xef, 0x9d, 0xef, 0x9d, 0xef, 0x9d, 0xef, 0x9d, 0xef, 0x9d, 0xef, 0x9d, 0xef, 0x9d, 0xef, 0x9d, 0xef, 0x9d, 0xef, 0x9d, 0xef, 0x9d, 0xef, 0x9d, 0xef, 0x9d, 0xef, 0x9d, 0xef, 0x9d, 0xef, 0x9d, 0xef, 0x9d, 0xef, 0x9d, 0xef, 0x9d, 0xef, 0x9d, 0xef, 0x9d, 0xef, 0x9d, 0xef, 0x9d, 0xef, 0x9d, 0xef, 0x9d, 0xef, 0x9d, 0xef, 0x9d, 0xef, 0x9d, 0xef, 0x9d, 0xef, 0x9d, 0xef, 0x9d, 0xef, 0x9d, 0xef, 0x9d, 0xef, 0x9d, 0xef, 0x9d, 0xef, 0x9d, 0xef, 0x9d, 0xef, 0x9d, 0xef, 0x9d, 0xef, 0x9d, 0xef, 0x9d, 0xef, 0x9d, 0xef, 0x9d, 0xef, 0x9d, 0xef, 0x9d, 0xef, 0xbd, 0xef, 0xbc, 0xef, 0xdc, 0xe7, 0xbb, 0xd7, 
  0x9c, 0xe7, 0x9d, 0xef, 0xbd, 0xef, 0x9d, 0xef, 0x9d, 0xef, 0x9d, 0xef, 0x9d, 0xef, 0x9d, 0xef, 0x9d, 0xef, 0x9d, 0xef, 0x9c, 0xef, 0x9d, 0xef, 0x9d, 0xef, 0x9d, 0xef, 0x9d, 0xef, 0x9d, 0xef, 0x9d, 0xef, 0x9d, 0xef, 0x9d, 0xef, 0x9d, 0xef, 0x9d, 0xef, 0x9d, 0xef, 0x9d, 0xef, 0x9d, 0xef, 0x9d, 0xef, 0x9d, 0xef, 0x9d, 0xef, 0x9d, 0xef, 0x9d, 0xef, 0x9d, 0xef, 0x9d, 0xef, 0x9d, 0xef, 0x9d, 0xef, 0x9d, 0xef, 0x9d, 0xef, 0x9d, 0xef, 0x9d, 0xef, 0x9d, 0xef, 0x9d, 0xef, 0x9d, 0xef, 0x9d, 0xef, 0x9d, 0xef, 0x9d, 0xef, 0x9d, 0xef, 0x9d, 0xef, 0x9d, 0xef, 0x9d, 0xef, 0x9d, 0xef, 0x9d, 0xef, 0x9d, 0xef, 0x9d, 0xef, 0x9d, 0xef, 0x9d, 0xef, 0x9d, 0xef, 0x9d, 0xef, 0x9d, 0xef, 0x9d, 0xef, 0x9d, 0xef, 0x9d, 0xef, 0x9d, 0xef, 0x9d, 0xef, 0x9d, 0xef, 0x9d, 0xef, 0x9d, 0xef, 0x9d, 0xef, 0x9d, 0xef, 0x9d, 0xef, 0x9d, 0xef, 0x9d, 0xef, 0x9d, 0xef, 0x9d, 0xef, 0x9d, 0xef, 0x9d, 0xef, 0x9d, 0xef, 0x9d, 0xef, 0x9d, 0xef, 0x9d, 0xef, 0x9d, 0xef, 0x9d, 0xef, 0x9d, 0xef, 0x9d, 0xf7, 0xbc, 0xef, 0xdc, 0xe7, 0x9b, 0xdf, 
  0x9d, 0xef, 0x9d, 0xef, 0x9d, 0xef, 0x9d, 0xef, 0x9d, 0xef, 0x9d, 0xef, 0x9d, 0xef, 0x9d, 0xef, 0x9d, 0xef, 0x9c, 0xef, 0x9c, 0xef, 0x9c, 0xef, 0x9d, 0xef, 0x9d, 0xef, 0x7d, 0xef, 0x7d, 0xef, 0x9d, 0xef, 0x9d, 0xef, 0x9d, 0xef, 0x9d, 0xef, 0x9d, 0xef, 0x9d, 0xef, 0x9d, 0xef, 0x9d, 0xef, 0x9d, 0xef, 0x9d, 0xef, 0x9d, 0xef, 0x9d, 0xef, 0x9d, 0xef, 0x9d, 0xef, 0x9d, 0xef, 0x9d, 0xef, 0x9d, 0xef, 0x9d, 0xef, 0x9d, 0xef, 0x9d, 0xef, 0x9d, 0xef, 0x9d, 0xef, 0x9d, 0xef, 0x9d, 0xef, 0x9d, 0xef, 0x9d, 0xef, 0x9d, 0xef, 0x9d, 0xef, 0x9d, 0xef, 0x9d, 0xef, 0x9d, 0xef, 0x9d, 0xef, 0x9d, 0xef, 0x9d, 0xef, 0x9d, 0xef, 0x9d, 0xef, 0x9d, 0xef, 0x9d, 0xef, 0x9d, 0xef, 0x9d, 0xef, 0x9d, 0xef, 0x9d, 0xef, 0x9d, 0xef, 0x9d, 0xef, 0x9d, 0xef, 0x9d, 0xef, 0x9d, 0xef, 0x9d, 0xef, 0x9d, 0xef, 0x9d, 0xef, 0x9d, 0xef, 0x9d, 0xef, 0x9d, 0xef, 0x9d, 0xef, 0x9d, 0xef, 0x9d, 0xef, 0x9d, 0xef, 0x9d, 0xef, 0x9d, 0xef, 0x9d, 0xef, 0x9d, 0xef, 0x9d, 0xef, 0x9d, 0xef, 0x9d, 0xef, 0x9d, 0xf7, 0x9c, 0xef, 0xdc, 0xe7, 0x9b, 0xdf, 
  0x9d, 0xef, 0x9d, 0xef, 0x9d, 0xef, 0x9d, 0xef, 0x9d, 0xef, 0x9d, 0xef, 0x9d, 0xef, 0x9d, 0xef, 0xbd, 0xef, 0xbd, 0xef, 0x9d, 0xef, 0x9d, 0xef, 0x9d, 0xef, 0x9d, 0xef, 0x7d, 0xef, 0x7d, 0xef, 0x9d, 0xef, 0x9d, 0xef, 0x9d, 0xef, 0x9d, 0xef, 0x9d, 0xef, 0x9d, 0xef, 0x9d, 0xef, 0x9d, 0xef, 0x9d, 0xef, 0x9d, 0xef, 0x9d, 0xef, 0x9d, 0xef, 0x9d, 0xef, 0x9d, 0xef, 0x9d, 0xef, 0x9d, 0xef, 0x9d, 0xef, 0x9d, 0xef, 0x9d, 0xef, 0x9d, 0xef, 0x9d, 0xef, 0x9d, 0xef, 0x9d, 0xef, 0x9d, 0xef, 0x9d, 0xef, 0x9d, 0xef, 0x9d, 0xef, 0x9d, 0xef, 0x9d, 0xef, 0x9d, 0xef, 0x9d, 0xef, 0x9d, 0xef, 0x9d, 0xef, 0x9d, 0xef, 0x9d, 0xef, 0x9d, 0xef, 0x9d, 0xef, 0x9d, 0xef, 0x9d, 0xef, 0x9d, 0xef, 0x9d, 0xef, 0x9d, 0xef, 0x9d, 0xef, 0x9d, 0xef, 0x9d, 0xef, 0x9d, 0xef, 0x9d, 0xef, 0x7d, 0xef, 0x9d, 0xef, 0x9d, 0xef, 0x9d, 0xef, 0x9d, 0xef, 0x9d, 0xef, 0x9d, 0xef, 0x9d, 0xef, 0x9d, 0xef, 0x9d, 0xef, 0x9d, 0xef, 0x9d, 0xef, 0x9d, 0xef, 0x9d, 0xef, 0x9d, 0xef, 0x9d, 0xef, 0x9d, 0xef, 0x9d, 0xef, 0x9c, 0xef, 0xbc, 0xe7, 0x9b, 0xdf, 
  0x9d, 0xef, 0x9d, 0xef, 0x9d, 0xef, 0x9d, 0xef, 0x9d, 0xef, 0x9d, 0xef, 0x9d, 0xef, 0x9d, 0xef, 0x9d, 0xef, 0x9d, 0xef, 0x9d, 0xef, 0x9d, 0xef, 0x9d, 0xef, 0x9d, 0xef, 0x9d, 0xef, 0x9d, 0xef, 0x9d, 0xef, 0x9d, 0xef, 0x9d, 0xef, 0x9d, 0xef, 0x9d, 0xef, 0x9d, 0xef, 0x9d, 0xef, 0x9d, 0xef, 0x9d, 0xef, 0x9d, 0xef, 0x9d, 0xef, 0x9d, 0xef, 0x9d, 0xef, 0x9d, 0xef, 0x9d, 0xef, 0x9d, 0xef, 0x9d, 0xef, 0x9d, 0xef, 0x9d, 0xef, 0x9d, 0xef, 0x9d, 0xef, 0x9d, 0xef, 0x9d, 0xef, 0x9d, 0xef, 0x9d, 0xef, 0x9d, 0xef, 0x9d, 0xef, 0x9d, 0xef, 0x9d, 0xef, 0x9d, 0xef, 0x9d, 0xef, 0x9d, 0xef, 0x9d, 0xef, 0x9d, 0xef, 0x9d, 0xef, 0x9d, 0xef, 0x9d, 0xef, 0x9d, 0xef, 0x9d, 0xef, 0x9d, 0xef, 0x9d, 0xef, 0x9d, 0xef, 0x9d, 0xef, 0x9d, 0xef, 0x9d, 0xef, 0x9d, 0xef, 0x9d, 0xef, 0x9d, 0xef, 0x9d, 0xef, 0x9d, 0xef, 0x9d, 0xef, 0x9d, 0xef, 0x9d, 0xef, 0x9d, 0xef, 0x9d, 0xef, 0x9d, 0xef, 0x9d, 0xef, 0x9d, 0xef, 0x9d, 0xef, 0x9d, 0xef, 0x9d, 0xef, 0x9d, 0xef, 0x9d, 0xef, 0x9d, 0xef, 0x7d, 0xef, 0x9c, 0xef, 0xbc, 0xe7, 0xbb, 0xdf, 
  0x9d, 0xe7, 0x9d, 0xe7, 0x9d, 0xef, 0x9d, 0xef, 0x9d, 0xef, 0x9d, 0xef, 0x9d, 0xef, 0x9d, 0xef, 0x9d, 0xef, 0x9d, 0xef, 0x9d, 0xef, 0x9d, 0xef, 0x9d, 0xef, 0x9d, 0xef, 0x9d, 0xef, 0x9d, 0xef, 0x9d, 0xef, 0x9d, 0xef, 0x9d, 0xef, 0x9d, 0xef, 0x9d, 0xef, 0x9d, 0xef, 0x9d, 0xef, 0x9d, 0xef, 0x9d, 0xef, 0x9d, 0xef, 0x9d, 0xef, 0x9d, 0xef, 0x9d, 0xef, 0x9d, 0xef, 0x9d, 0xef, 0x9d, 0xef, 0x9d, 0xef, 0x9d, 0xef, 0x9d, 0xef, 0x9d, 0xef, 0x9d, 0xef, 0x9d, 0xef, 0x9d, 0xef, 0x9d, 0xef, 0x9d, 0xef, 0x9d, 0xef, 0x9d, 0xef, 0x9d, 0xef, 0x9d, 0xef, 0x9d, 0xef, 0x9d, 0xef, 0x9d, 0xef, 0x9d, 0xef, 0x9d, 0xef, 0x9d, 0xef, 0x9d, 0xef, 0x9d, 0xef, 0x9d, 0xef, 0x9d, 0xef, 0x9d, 0xef, 0x9d, 0xef, 0x9d, 0xef, 0x9d, 0xef, 0x9d, 0xef, 0x9d, 0xef, 0x9d, 0xef, 0x9d, 0xef, 0x9d, 0xef, 0x9d, 0xef, 0x9d, 0xef, 0x9d, 0xef, 0x9d, 0xef, 0x9d, 0xef, 0x9d, 0xef, 0x9d, 0xef, 0x9d, 0xef, 0x9d, 0xef, 0x9d, 0xef, 0x9d, 0xef, 0x9d, 0xef, 0x9d, 0xef, 0x9d, 0xef, 0x9d, 0xef, 0x9d, 0xef, 0x7c, 0xef, 0x9c, 0xef, 0xbc, 0xe7, 0xbb, 0xdf, 
  0xbc, 0xe7, 0xbc, 0xe7, 0xbd, 0xe7, 0x9d, 0xef, 0x9d, 0xef, 0x9d, 0xef, 0x9d, 0xef, 0x9d, 0xef, 0x9d, 0xef, 0x9d, 0xef, 0x9d, 0xef, 0x9d, 0xef, 0x9d, 0xef, 0x9d, 0xef, 0x9d, 0xef, 0x9d, 0xef, 0x9d, 0xef, 0x9d, 0xef, 0x9d, 0xef, 0x9d, 0xef, 0x9d, 0xef, 0x9d, 0xef, 0x9d, 0xef, 0x9d, 0xef, 0x9d, 0xef, 0x9d, 0xef, 0x9d, 0xef, 0x9d, 0xef, 0x9d, 0xef, 0x9d, 0xef, 0x9d, 0xef, 0x9d, 0xef, 0x9d, 0xef, 0x9d, 0xef, 0x9d, 0xef, 0x9d, 0xef, 0x9d, 0xef, 0x9d, 0xef, 0x9d, 0xef, 0x9d, 0xef, 0x9d, 0xef, 0x9d, 0xef, 0x9d, 0xef, 0x9d, 0xef, 0x9d, 0xef, 0x9d, 0xef, 0x9d, 0xef, 0x9d, 0xef, 0x9d, 0xef, 0x9d, 0xef, 0x9d, 0xef, 0x9d, 0xef, 0x9d, 0xef, 0x9d, 0xef, 0x9d, 0xef, 0x9d, 0xef, 0x9d, 0xef, 0x9d, 0xef, 0x9d, 0xef, 0x9d, 0xef, 0x9d, 0xef, 0x9d, 0xef, 0x9d, 0xef, 0x9d, 0xef, 0x9d, 0xef, 0x9d, 0xef, 0x9d, 0xef, 0x9d, 0xef, 0x9d, 0xef, 0x9d, 0xef, 0x9d, 0xef, 0x9d, 0xef, 0x9d, 0xef, 0x9d, 0xef, 0x9d, 0xef, 0x9d, 0xef, 0x9d, 0xef, 0x9d, 0xef, 0x9d, 0xef, 0x9d, 0xef, 0x9c, 0xef, 0x9c, 0xe7, 0xbb, 0xdf, 0xba, 0xd7, 
  0xbb, 0xe7, 0xbc, 0xe7, 0xbc, 0xe7, 0xbd, 0xef, 0x9d, 0xef, 0x9d, 0xef, 0x9d, 0xef, 0x9d, 0xef, 0x9d, 0xef, 0x9d, 0xef, 0x9d, 0xef, 0x9d, 0xef, 0x9d, 0xef, 0x9d, 0xef, 0x9d, 0xef, 0x9d, 0xef, 0x9d, 0xef, 0x9d, 0xef, 0x9d, 0xef, 0x9d, 0xef, 0x9d, 0xef, 0x9d, 0xef, 0x9d, 0xef, 0x9d, 0xef, 0x9d, 0xef, 0x9d, 0xef, 0x9d, 0xef, 0x9d, 0xef, 0x9d, 0xef, 0x9d, 0xef, 0x9d, 0xef, 0x9d, 0xef, 0x9d, 0xef, 0x9d, 0xef, 0x9d, 0xef, 0x9d, 0xef, 0x9d, 0xef, 0x9d, 0xef, 0x9d, 0xef, 0x9d, 0xef, 0x9d, 0xef, 0x9d, 0xef, 0x9d, 0xef, 0x9d, 0xef, 0x9d, 0xef, 0x9d, 0xef, 0x9d, 0xef, 0x9d, 0xef, 0x9d, 0xef, 0x9d, 0xef, 0x9d, 0xef, 0x9d, 0xef, 0x9d, 0xef, 0x9d, 0xef, 0x9d, 0xef, 0x9d, 0xef, 0x9d, 0xef, 0x9d, 0xef, 0x9d, 0xef, 0x9d, 0xef, 0x9d, 0xef, 0x9d, 0xef, 0x9d, 0xef, 0x9d, 0xef, 0x9d, 0xef, 0x9d, 0xef, 0x9d, 0xef, 0x9d, 0xef, 0x9d, 0xef, 0x9d, 0xef, 0x9d, 0xef, 0x9d, 0xef, 0x9d, 0xef, 0x9d, 0xef, 0x9d, 0xef, 0x9d, 0xef, 0x9d, 0xef, 0x9d, 0xef, 0x9d, 0xef, 0x9d, 0xef, 0xbc, 0xef, 0xbb, 0xe7, 0xba, 0xd7, 0xba, 0xd7, 
  0xbb, 0xdf, 0xdb, 0xdf, 0xdc, 0xe7, 0xbc, 0xe7, 0xbd, 0xef, 0x9d, 0xef, 0x9d, 0xef, 0x7d, 0xef, 0x7d, 0xef, 0x9d, 0xef, 0x9d, 0xef, 0x9d, 0xef, 0x9d, 0xef, 0x9d, 0xef, 0x9d, 0xef, 0x9d, 0xef, 0x9d, 0xef, 0x9d, 0xef, 0x9d, 0xef, 0x9d, 0xef, 0x9d, 0xef, 0x9d, 0xef, 0x9d, 0xef, 0x9d, 0xef, 0x9d, 0xef, 0x9d, 0xef, 0x9d, 0xef, 0x9d, 0xef, 0x9d, 0xef, 0x9d, 0xef, 0x9d, 0xef, 0x9d, 0xef, 0x9d, 0xef, 0x9d, 0xef, 0x9d, 0xef, 0x9d, 0xef, 0x9d, 0xef, 0x9d, 0xef, 0x9d, 0xef, 0x9d, 0xef, 0x9d, 0xef, 0x9d, 0xef, 0x9d, 0xef, 0x9d, 0xef, 0x9d, 0xef, 0x9d, 0xef, 0x9d, 0xef, 0x9d, 0xef, 0x9d, 0xef, 0x9d, 0xef, 0x9d, 0xef, 0x9d, 0xef, 0x9d, 0xef, 0x9d, 0xef, 0x9d, 0xef, 0x9d, 0xef, 0x9d, 0xef, 0x9d, 0xef, 0x9d, 0xef, 0x9d, 0xef, 0x9d, 0xef, 0x9d, 0xef, 0x9d, 0xef, 0x9d, 0xef, 0x9d, 0xef, 0x9d, 0xef, 0x9d, 0xef, 0x9d, 0xef, 0x9d, 0xef, 0x9d, 0xef, 0x9d, 0xef, 0x9d, 0xef, 0x9d, 0xef, 0x9d, 0xef, 0x9d, 0xef, 0x9d, 0xef, 0x9d, 0xef, 0x9d, 0xef, 0x9d, 0xef, 0x9d, 0xef, 0xbc, 0xef, 0xbb, 0xdf, 0xda, 0xd7, 0xda, 0xcf, 
  0xba, 0xd7, 0xda, 0xdf, 0xdb, 0xe7, 0xdc, 0xe7, 0xbd, 0xef, 0x9d, 0xef, 0x7d, 0xef, 0x7e, 0xef, 0x7e, 0xef, 0x7d, 0xef, 0x7d, 0xef, 0x9d, 0xef, 0x9d, 0xef, 0x9d, 0xef, 0x9d, 0xef, 0x9d, 0xef, 0x9d, 0xef, 0x9d, 0xef, 0x9d, 0xef, 0x9d, 0xef, 0x9d, 0xef, 0x9d, 0xef, 0x9d, 0xef, 0x9d, 0xef, 0x9d, 0xef, 0x9d, 0xef, 0x9d, 0xef, 0x9d, 0xef, 0x9d, 0xef, 0x9d, 0xef, 0x9d, 0xef, 0x9d, 0xef, 0x9d, 0xef, 0x9d, 0xef, 0x9d, 0xef, 0x9d, 0xef, 0x9d, 0xef, 0x9d, 0xef, 0x9d, 0xef, 0x9d, 0xef, 0x9d, 0xef, 0x9d, 0xef, 0x9d, 0xef, 0x9d, 0xef, 0x9d, 0xef, 0x9d, 0xef, 0x9d, 0xef, 0x9d, 0xef, 0x9d, 0xef, 0x9d, 0xef, 0x9d, 0xef, 0x9d, 0xef, 0x9d, 0xef, 0x9d, 0xef, 0x9d, 0xef, 0x9d, 0xef, 0x9d, 0xef, 0x9d, 0xef, 0x9d, 0xef, 0x9d, 0xef, 0x9d, 0xef, 0x9d, 0xef, 0x9d, 0xef, 0x9d, 0xef, 0x9d, 0xef, 0x9d, 0xef, 0x9d, 0xef, 0x9d, 0xef, 0x9d, 0xef, 0x9d, 0xef, 0x9d, 0xef, 0x9d, 0xef, 0x9d, 0xef, 0x9d, 0xef, 0x9d, 0xef, 0x9d, 0xef, 0x9d, 0xef, 0x9d, 0xef, 0x9d, 0xef, 0x9d, 0xef, 0xdc, 0xe7, 0xda, 0xdf, 0xda, 0xd7, 0xf9, 0xcf, 
  0xb9, 0xcf, 0xda, 0xd7, 0xdb, 0xdf, 0xdc, 0xe7, 0xbc, 0xe7, 0x9d, 0xef, 0x7d, 0xef, 0x7e, 0xef, 0x7e, 0xef, 0x7e, 0xef, 0x7d, 0xef, 0x9d, 0xef, 0x9d, 0xef, 0x9d, 0xef, 0x9d, 0xef, 0x9d, 0xef, 0x9d, 0xef, 0x9d, 0xef, 0x9d, 0xef, 0x9d, 0xef, 0x9d, 0xef, 0x9d, 0xef, 0x9d, 0xef, 0x9d, 0xef, 0x9d, 0xef, 0x9d, 0xef, 0x9d, 0xef, 0x9d, 0xef, 0x9d, 0xef, 0x9d, 0xef, 0x9d, 0xef, 0x9d, 0xef, 0x9d, 0xef, 0x9d, 0xef, 0x9d, 0xef, 0x9d, 0xef, 0x9d, 0xef, 0x9d, 0xef, 0x9d, 0xef, 0x9d, 0xef, 0x9d, 0xef, 0x9d, 0xef, 0x9d, 0xef, 0x9d, 0xef, 0x9d, 0xef, 0x9d, 0xef, 0x9d, 0xef, 0x9d, 0xef, 0x9d, 0xef, 0x9d, 0xef, 0x9d, 0xef, 0x9d, 0xef, 0x9d, 0xef, 0x9d, 0xef, 0x9d, 0xef, 0x9d, 0xef, 0x9d, 0xef, 0x9d, 0xef, 0x9d, 0xef, 0x9d, 0xef, 0x9d, 0xef, 0x9d, 0xef, 0x9d, 0xef, 0x9d, 0xef, 0x9d, 0xef, 0x9d, 0xef, 0x9d, 0xef, 0x9d, 0xef, 0x9d, 0xef, 0x9d, 0xef, 0x9d, 0xef, 0x9d, 0xef, 0x9d, 0xef, 0x9d, 0xef, 0x9d, 0xef, 0x9d, 0xef, 0x9d, 0xef, 0x9d, 0xef, 0x9d, 0xef, 0x9c, 0xef, 0xdb, 0xe7, 0xda, 0xd7, 0xd9, 0xcf, 0xf9, 0xc7, 
  0xb9, 0xcf, 0xd9, 0xd7, 0xdb, 0xdf, 0xdc, 0xe7, 0xbc, 0xe7, 0x9d, 0xef, 0x9d, 0xef, 0x7e, 0xef, 0x7e, 0xef, 0x7e, 0xf7, 0x7e, 0xef, 0x7d, 0xef, 0x9d, 0xef, 0x9d, 0xef, 0x9d, 0xef, 0x9d, 0xef, 0x9d, 0xef, 0x9d, 0xef, 0x9d, 0xef, 0x9d, 0xef, 0x9d, 0xef, 0x9d, 0xef, 0x9d, 0xef, 0x9d, 0xef, 0x9d, 0xef, 0x9d, 0xef, 0x9d, 0xef, 0x9d, 0xef, 0x9d, 0xef, 0x9d, 0xef, 0x9d, 0xef, 0x9d, 0xef, 0x9d, 0xef, 0x9d, 0xef, 0x9d, 0xef, 0x9d, 0xef, 0x9d, 0xef, 0x9d, 0xef, 0x9d, 0xef, 0x9d, 0xef, 0x9d, 0xef, 0x9d, 0xef, 0x9d, 0xef, 0x9d, 0xef, 0x9d, 0xef, 0x9d, 0xef, 0x9d, 0xef, 0x9d, 0xef, 0x9d, 0xef, 0x9d, 0xef, 0x9d, 0xef, 0x9d, 0xef, 0x9d, 0xef, 0x9d, 0xef, 0x9d, 0xef, 0x9d, 0xef, 0x9d, 0xef, 0x9d, 0xef, 0x9d, 0xef, 0x9d, 0xef, 0x9d, 0xef, 0x9d, 0xef, 0x9d, 0xef, 0x9d, 0xef, 0x9d, 0xef, 0x9d, 0xef, 0x9d, 0xef, 0x9d, 0xef, 0x9d, 0xef, 0x9d, 0xef, 0x9d, 0xef, 0x9d, 0xef, 0x9d, 0xef, 0x9d, 0xef, 0x9d, 0xef, 0x9d, 0xef, 0x9d, 0xef, 0x9d, 0xef, 0x9d, 0xef, 0xbc, 0xe7, 0xda, 0xdf, 0xd9, 0xd7, 0xd8, 0xc7, 0xf8, 0xc7, 
  0xf9, 0xcf, 0xd9, 0xcf, 0xda, 0xd7, 0xdb, 0xdf, 0xdc, 0xe7, 0xdd, 0xef, 0x9d, 0xef, 0x7d, 0xef, 0x7e, 0xef, 0x5e, 0xef, 0x7e, 0xef, 0x7e, 0xef, 0x7d, 0xef, 0x9d, 0xef, 0x9d, 0xef, 0x9d, 0xef, 0x9d, 0xef, 0x9d, 0xef, 0x9d, 0xef, 0x9d, 0xef, 0x9d, 0xef, 0x9d, 0xef, 0x9d, 0xef, 0x9d, 0xef, 0x9d, 0xef, 0x9d, 0xef, 0x9d, 0xef, 0x9d, 0xef, 0x9d, 0xef, 0x9d, 0xef, 0x9e, 0xef, 0x9d, 0xef, 0x9d, 0xef, 0x9d, 0xef, 0x9d, 0xef, 0x9d, 0xef, 0x9d, 0xef, 0x9d, 0xef, 0x9d, 0xef, 0x9d, 0xef, 0x9d, 0xef, 0x9d, 0xef, 0x9d, 0xef, 0x9d, 0xef, 0x9d, 0xef, 0x9d, 0xef, 0x9d, 0xef, 0x9d, 0xef, 0x9d, 0xef, 0x9d, 0xef, 0x9d, 0xef, 0x9d, 0xef, 0x9d, 0xef, 0x9d, 0xef, 0x9d, 0xef, 0x9d, 0xef, 0xbd, 0xef, 0xbd, 0xef, 0xbd, 0xef, 0xbd, 0xef, 0xbd, 0xef, 0xbd, 0xef, 0xbd, 0xef, 0xbd, 0xef, 0x9d, 0xef, 0x9d, 0xef, 0x9d, 0xef, 0x9d, 0xef, 0x9e, 0xef, 0x9e, 0xef, 0x9e, 0xef, 0x9e, 0xef, 0x9e, 0xef, 0x7d, 0xef, 0x9d, 0xef, 0x9d, 0xef, 0x9d, 0xef, 0xbd, 0xe7, 0xbd, 0xe7, 0xdb, 0xdf, 0xd9, 0xd7, 0xf8, 0xcf, 0xf8, 0xc7, 0xf8, 0xc7, 
  0xf9, 0xcf, 0xf9, 0xcf, 0xd9, 0xcf, 0xda, 0xd7, 0xdb, 0xdf, 0xdc, 0xe7, 0xbd, 0xe7, 0x9d, 0xef, 0x7e, 0xef, 0x7e, 0xef, 0x7e, 0xef, 0x7e, 0xef, 0x7d, 0xef, 0x7d, 0xef, 0x7d, 0xef, 0x9d, 0xef, 0x9d, 0xef, 0x9d, 0xef, 0x9d, 0xef, 0x9d, 0xef, 0x9d, 0xef, 0x9d, 0xef, 0x9d, 0xef, 0x9d, 0xef, 0x9d, 0xef, 0x9d, 0xef, 0x9d, 0xef, 0x9d, 0xef, 0x9d, 0xef, 0x9d, 0xef, 0x9d, 0xef, 0x9d, 0xef, 0x9d, 0xef, 0x9d, 0xef, 0x9d, 0xef, 0x9d, 0xef, 0x9d, 0xef, 0x9d, 0xef, 0x9d, 0xef, 0x9d, 0xef, 0x9d, 0xef, 0x9d, 0xef, 0x9d, 0xef, 0x9d, 0xef, 0x9d, 0xef, 0x9d, 0xef, 0x9d, 0xef, 0x9d, 0xef, 0x9d, 0xef, 0x9d, 0xef, 0x9d, 0xef, 0x9d, 0xef, 0x9d, 0xef, 0x9d, 0xef, 0x9d, 0xef, 0x9d, 0xef, 0x9d, 0xef, 0x9d, 0xef, 0x9d, 0xef, 0x9d, 0xef, 0x9d, 0xef, 0x9d, 0xef, 0x9d, 0xef, 0x9d, 0xef, 0x9d, 0xef, 0x9d, 0xe7, 0x9d, 0xe7, 0x9d, 0xef, 0x9e, 0xef, 0x9e, 0xef, 0x9e, 0xef, 0x7d, 0xef, 0x7d, 0xef, 0x7d, 0xef, 0x7d, 0xef, 0x9d, 0xef, 0xbc, 0xe7, 0xbc, 0xe7, 0xbc, 0xdf, 0xdb, 0xd7, 0xf9, 0xcf, 0xf8, 0xc7, 0xf8, 0xc7, 0xf8, 0xc7, 
  0xf8, 0xc7, 0xf8, 0xc7, 0xf9, 0xcf, 0xda, 0xcf, 0xda, 0xd7, 0xdb, 0xdf, 0xdc, 0xe7, 0xbd, 0xef, 0x9d, 0xef, 0x7d, 0xef, 0x7d, 0xef, 0x7d, 0xef, 0x9d, 0xef, 0x9d, 0xef, 0x9d, 0xef, 0x9d, 0xef, 0x9d, 0xef, 0x9d, 0xef, 0x9d, 0xef, 0x9d, 0xef, 0x9d, 0xef, 0x9d, 0xef, 0x9d, 0xef, 0x9d, 0xef, 0x9d, 0xef, 0x9d, 0xef, 0x9d, 0xef, 0x9d, 0xef, 0x9d, 0xef, 0x9d, 0xef, 0x9d, 0xef, 0x9d, 0xef, 0x9d, 0xef, 0x9d, 0xef, 0x9d, 0xef, 0x9d, 0xef, 0x9d, 0xef, 0x9d, 0xef, 0x9d, 0xef, 0x9d, 0xef, 0x9d, 0xef, 0x9d, 0xef, 0x9d, 0xef, 0x9d, 0xef, 0x9d, 0xef, 0x9d, 0xef, 0x9d, 0xef, 0x9d, 0xef, 0x9d, 0xef, 0x7d, 0xef, 0x7d, 0xef, 0x7d, 0xef, 0x7d, 0xef, 0x7d, 0xef, 0x7d, 0xef, 0x7d, 0xef, 0x7d, 0xef, 0x7d, 0xef, 0x7d, 0xef, 0x7d, 0xef, 0x7d, 0xef, 0x7d, 0xef, 0x7d, 0xef, 0x7d, 0xef, 0x9d, 0xef, 0x9d, 0xef, 0x9d, 0xef, 0x9d, 0xef, 0x9d, 0xef, 0x9d, 0xef, 0x9d, 0xef, 0x9d, 0xef, 0x7d, 0xef, 0x9c, 0xef, 0x9c, 0xef, 0xbc, 0xe7, 0xdc, 0xe7, 0xdb, 0xdf, 0xdb, 0xd7, 0xda, 0xd7, 0xf8, 0xcf, 0xf8, 0xc7, 0xf8, 0xc7, 0xf8, 0xc7, 
  0xf8, 0xc7, 0xf8, 0xc7, 0xf8, 0xc7, 0xf9, 0xcf, 0xda, 0xcf, 0xda, 0xd7, 0xdb, 0xdf, 0xdc, 0xe7, 0xbc, 0xe7, 0x9d, 0xe7, 0x9d, 0xef, 0x9d, 0xef, 0x9d, 0xef, 0x9d, 0xef, 0x9d, 0xef, 0x9d, 0xef, 0x9d, 0xef, 0x9d, 0xef, 0x9d, 0xef, 0x9d, 0xef, 0x9d, 0xef, 0x9d, 0xef, 0x9d, 0xef, 0x9d, 0xef, 0x9d, 0xef, 0x9d, 0xef, 0x9d, 0xef, 0x9d, 0xef, 0x9d, 0xef, 0xbd, 0xef, 0xbd, 0xef, 0xbd, 0xef, 0x9d, 0xef, 0x9d, 0xef, 0x9d, 0xef, 0x9d, 0xef, 0x9d, 0xef, 0x9d, 0xef, 0x9d, 0xef, 0x9d, 0xef, 0x9d, 0xef, 0x9d, 0xef, 0x9d, 0xef, 0x9d, 0xef, 0x9d, 0xef, 0x9e, 0xef, 0x9e, 0xef, 0x9d, 0xef, 0x7d, 0xef, 0x7d, 0xf7, 0x7d, 0xf7, 0x7d, 0xf7, 0x7d, 0xf7, 0x7d, 0xf7, 0x7d, 0xf7, 0x7d, 0xf7, 0x7e, 0xf7, 0x7e, 0xf7, 0x7e, 0xf7, 0x7e, 0xf7, 0x7e, 0xf7, 0x7e, 0xf7, 0x7e, 0xf7, 0x7e, 0xf7, 0x9e, 0xef, 0x9d, 0xef, 0x9d, 0xef, 0x9d, 0xef, 0x9d, 0xef, 0x9d, 0xef, 0x9d, 0xef, 0x9d, 0xef, 0xbd, 0xef, 0xbc, 0xef, 0xbc, 0xe7, 0xdb, 0xe7, 0xdb, 0xdf, 0xda, 0xd7, 0xda, 0xd7, 0xd9, 0xcf, 0xf8, 0xc7, 0xf8, 0xc7, 0xf8, 0xc7, 0xf8, 0xc7, 
  0xf8, 0xc7, 0xf8, 0xc7, 0xf8, 0xc7, 0xf8, 0xc7, 0xf9, 0xcf, 0xd9, 0xcf, 0xda, 0xd7, 0xdb, 0xdf, 0xdc, 0xe7, 0xdc, 0xe7, 0xbc, 0xe7, 0xbd, 0xef, 0xbd, 0xef, 0x9d, 0xef, 0x9d, 0xef, 0x9d, 0xef, 0x9d, 0xef, 0x9d, 0xef, 0x9d, 0xef, 0x9e, 0xef, 0x9e, 0xef, 0x9e, 0xef, 0x9e, 0xef, 0x9e, 0xef, 0x9d, 0xef, 0x9d, 0xef, 0x9d, 0xef, 0x9d, 0xef, 0x9d, 0xef, 0x9d, 0xef, 0xbd, 0xef, 0xbd, 0xef, 0x9d, 0xef, 0x9d, 0xef, 0x9d, 0xef, 0x9d, 0xef, 0x9d, 0xef, 0x9d, 0xef, 0x9d, 0xef, 0x9d, 0xef, 0x9d, 0xef, 0x9d, 0xef, 0x9d, 0xef, 0x9d, 0xef, 0x9d, 0xef, 0x9d, 0xef, 0x9e, 0xef, 0x9d, 0xef, 0x9d, 0xef, 0x9d, 0xf7, 0x9d, 0xf7, 0x9d, 0xf7, 0x9d, 0xf7, 0x9d, 0xf7, 0x9d, 0xf7, 0x9d, 0xf7, 0x9d, 0xf7, 0x9d, 0xf7, 0x9d, 0xf7, 0x7e, 0xf7, 0x7e, 0xf7, 0x7e, 0xf7, 0x7e, 0xf7, 0x9e, 0xef, 0x9d, 0xef, 0x9d, 0xef, 0x9d, 0xef, 0x9d, 0xef, 0xbd, 0xef, 0xbd, 0xef, 0xbc, 0xef, 0xbc, 0xe7, 0xdc, 0xe7, 0xdc, 0xe7, 0xdb, 0xdf, 0xda, 0xdf, 0xda, 0xd7, 0xf9, 0xcf, 0xf9, 0xcf, 0xf8, 0xc7, 0xf8, 0xc7, 0xf8, 0xc7, 0xf8, 0xc7, 0xf8, 0xc7, 
  0xf8, 0xbf, 0xf8, 0xc7, 0xf8, 0xc7, 0xf8, 0xc7, 0xf8, 0xc7, 0xf9, 0xcf, 0xf9, 0xcf, 0xda, 0xd7, 0xda, 0xdf, 0xdb, 0xdf, 0xdb, 0xe7, 0xdc, 0xe7, 0xbc, 0xe7, 0xbc, 0xef, 0xbc, 0xef, 0xbd, 0xef, 0xbd, 0xef, 0xbd, 0xef, 0xbd, 0xef, 0xbd, 0xef, 0xbd, 0xef, 0xbd, 0xef, 0xbd, 0xef, 0xbd, 0xef, 0xbd, 0xef, 0xbd, 0xef, 0xbd, 0xef, 0xbd, 0xef, 0xbd, 0xef, 0xbc, 0xef, 0xbc, 0xef, 0xbc, 0xef, 0xbd, 0xef, 0xbd, 0xef, 0xbd, 0xef, 0xbd, 0xef, 0xbd, 0xef, 0xbd, 0xef, 0xbd, 0xef, 0xbc, 0xef, 0xbc, 0xef, 0xbd, 0xef, 0xbd, 0xef, 0xbd, 0xef, 0xbd, 0xef, 0xbd, 0xef, 0xbd, 0xef, 0xbd, 0xef, 0xbd, 0xef, 0xbd, 0xef, 0xbd, 0xef, 0xbd, 0xef, 0xbd, 0xef, 0xbd, 0xef, 0xbd, 0xef, 0xbd, 0xef, 0xbd, 0xef, 0xbd, 0xef, 0xbd, 0xef, 0xbd, 0xef, 0xbd, 0xef, 0xbd, 0xef, 0x9d, 0xef, 0xbd, 0xef, 0xbd, 0xef, 0xbc, 0xef, 0xbc, 0xef, 0xbc, 0xe7, 0xdc, 0xe7, 0xdc, 0xe7, 0xdc, 0xe7, 0xdc, 0xe7, 0xdb, 0xdf, 0xda, 0xdf, 0xda, 0xd7, 0xd9, 0xd7, 0xd9, 0xcf, 0xf8, 0xcf, 0xf8, 0xc7, 0xf8, 0xc7, 0xf8, 0xc7, 0xf8, 0xc7, 0xf8, 0xc7, 0xf8, 0xc7, 
  0xf8, 0xc7, 0xf8, 0xc7, 0xf8, 0xc7, 0xf8, 0xc7, 0xf8, 0xc7, 0xf8, 0xc7, 0xf8, 0xcf, 0xf9, 0xcf, 0xd9, 0xcf, 0xd9, 0xd7, 0xda, 0xd7, 0xda, 0xdf, 0xdb, 0xdf, 0xdb, 0xe7, 0xdc, 0xe7, 0xdc, 0xe7, 0xdc, 0xe7, 0xdc, 0xe7, 0xdc, 0xe7, 0xdc, 0xe7, 0xbc, 0xe7, 0xbc, 0xe7, 0xbc, 0xe7, 0xbc, 0xe7, 0xbc, 0xe7, 0xbc, 0xe7, 0xbc, 0xe7, 0xbc, 0xe7, 0xbc, 0xe7, 0xbb, 0xe7, 0xdb, 0xe7, 0xbb, 0xe7, 0xdc, 0xe7, 0xbc, 0xe7, 0xbc, 0xe7, 0xdc, 0xe7, 0xdc, 0xe7, 0xdc, 0xe7, 0xdc, 0xe7, 0xdb, 0xe7, 0xdb, 0xe7, 0xdc, 0xe7, 0xdc, 0xe7, 0xdc, 0xe7, 0xdc, 0xe7, 0xbc, 0xe7, 0xbc, 0xe7, 0xdc, 0xe7, 0xdc, 0xe7, 0xdc, 0xe7, 0xdc, 0xe7, 0xdc, 0xe7, 0xdc, 0xe7, 0xdc, 0xe7, 0xdc, 0xe7, 0xdc, 0xe7, 0xdc, 0xe7, 0xdc, 0xe7, 0xdc, 0xe7, 0xdc, 0xe7, 0xdc, 0xe7, 0xdc, 0xe7, 0xdc, 0xe7, 0xdc, 0xe7, 0xdc, 0xe7, 0xdc, 0xe7, 0xdc, 0xe7, 0xdc, 0xe7, 0xdb, 0xe7, 0xdb, 0xdf, 0xdb, 0xdf, 0xda, 0xdf, 0xba, 0xd7, 0xd9, 0xd7, 0xd9, 0xcf, 0xd8, 0xcf, 0xf8, 0xcf, 0xf8, 0xc7, 0xf8, 0xc7, 0xf8, 0xc7, 0xf8, 0xc7, 0xf8, 0xc7, 0xf8, 0xc7, 0xf8, 0xc7, 
  0xf8, 0xc7, 0xf8, 0xc7, 0xf8, 0xc7, 0xf8, 0xc7, 0xf8, 0xc7, 0xf8, 0xc7, 0xf8, 0xc7, 0xf8, 0xc7, 0xf9, 0xcf, 0xf9, 0xcf, 0xd9, 0xcf, 0xd9, 0xd7, 0xda, 0xd7, 0xba, 0xd7, 0xba, 0xd7, 0xba, 0xd7, 0xda, 0xdf, 0xda, 0xdf, 0xda, 0xdf, 0xda, 0xdf, 0xbb, 0xdf, 0xbb, 0xdf, 0xbb, 0xdf, 0xbb, 0xdf, 0xbb, 0xdf, 0xbb, 0xdf, 0xbb, 0xdf, 0xbb, 0xdf, 0xba, 0xdf, 0xba, 0xdf, 0xba, 0xdf, 0xba, 0xdf, 0xba, 0xdf, 0xbb, 0xdf, 0xba, 0xdf, 0xba, 0xdf, 0xba, 0xdf, 0xba, 0xdf, 0xba, 0xdf, 0xba, 0xdf, 0xba, 0xdf, 0xba, 0xdf, 0xba, 0xdf, 0xba, 0xdf, 0xba, 0xdf, 0xba, 0xdf, 0xbb, 0xdf, 0xbb, 0xd7, 0xdb, 0xd7, 0xdb, 0xd7, 0xdb, 0xd7, 0xda, 0xd7, 0xda, 0xd7, 0xda, 0xd7, 0xda, 0xd7, 0xda, 0xd7, 0xda, 0xd7, 0xda, 0xd7, 0xda, 0xd7, 0xda, 0xd7, 0xda, 0xd7, 0xda, 0xd7, 0xdb, 0xd7, 0xdb, 0xd7, 0xba, 0xd7, 0xba, 0xd7, 0xda, 0xd7, 0xda, 0xd7, 0xda, 0xd7, 0xda, 0xd7, 0xb9, 0xd7, 0xb9, 0xcf, 0xd9, 0xd7, 0xd9, 0xcf, 0xd8, 0xcf, 0xf8, 0xcf, 0xf8, 0xc7, 0xf8, 0xc7, 0xf8, 0xc7, 0xf8, 0xbf, 0xf8, 0xc7, 0xf8, 0xc7, 0xf8, 0xc7, 0xf8, 0xc7, 
  0xf8, 0xc7, 0xf8, 0xc7, 0xf8, 0xc7, 0xf8, 0xc7, 0xf8, 0xc7, 0xf8, 0xc7, 0xf8, 0xc7, 0xf8, 0xc7, 0xf8, 0xc7, 0xf8, 0xc7, 0xf8, 0xcf, 0xf8, 0xcf, 0xd9, 0xcf, 0xd9, 0xcf, 0xd9, 0xcf, 0xd9, 0xcf, 0xf8, 0xcf, 0xf8, 0xcf, 0xf9, 0xcf, 0xf9, 0xcf, 0xd9, 0xcf, 0xf9, 0xcf, 0xd9, 0xcf, 0xd9, 0xcf, 0xd9, 0xcf, 0xd9, 0xcf, 0xd9, 0xcf, 0xd9, 0xcf, 0xd9, 0xcf, 0xd9, 0xcf, 0xd9, 0xcf, 0xd9, 0xcf, 0xd9, 0xcf, 0xd9, 0xcf, 0xd9, 0xcf, 0xd9, 0xcf, 0xd9, 0xcf, 0xd9, 0xcf, 0xd8, 0xcf, 0xd8, 0xcf, 0xd8, 0xcf, 0xd9, 0xcf, 0xd9, 0xcf, 0xd9, 0xcf, 0xd9, 0xcf, 0xd9, 0xcf, 0xd9, 0xcf, 0xb9, 0xc7, 0xda, 0xcf, 0xfa, 0xcf, 0xfa, 0xcf, 0xf9, 0xcf, 0xf9, 0xcf, 0xf9, 0xcf, 0xf9, 0xcf, 0xf9, 0xcf, 0xd8, 0xc7, 0xd8, 0xc7, 0xf9, 0xcf, 0xf9, 0xcf, 0xd9, 0xcf, 0xd8, 0xc7, 0xd9, 0xc7, 0xf9, 0xcf, 0xd9, 0xcf, 0xd9, 0xcf, 0xd9, 0xcf, 0xd9, 0xcf, 0xd9, 0xcf, 0xf9, 0xcf, 0xd9, 0xcf, 0xd9, 0xcf, 0xd8, 0xcf, 0xd8, 0xcf, 0xf8, 0xcf, 0xf8, 0xc7, 0xf8, 0xc7, 0xf8, 0xc7, 0xf8, 0xc7, 0xf8, 0xc7, 0xf8, 0xc7, 0xf8, 0xc7, 0xf8, 0xc7, 0xf8, 0xc7, 
  0xf9, 0xc7, 0xf8, 0xc7, 0xf8, 0xc7, 0xf8, 0xc7, 0xf8, 0xc7, 0xf8, 0xc7, 0xf8, 0xc7, 0xf8, 0xc7, 0xf8, 0xc7, 0xf8, 0xc7, 0xf8, 0xc7, 0xf8, 0xc7, 0xf8, 0xc7, 0xf8, 0xcf, 0xf8, 0xcf, 0xf8, 0xcf, 0xf8, 0xc7, 0xf8, 0xc7, 0xf8, 0xc7, 0xf8, 0xc7, 0xf8, 0xc7, 0xf8, 0xc7, 0xf9, 0xc7, 0xf9, 0xc7, 0xf9, 0xc7, 0xf9, 0xc7, 0xf9, 0xc7, 0xf8, 0xc7, 0xf8, 0xc7, 0xf8, 0xc7, 0xf8, 0xc7, 0xf8, 0xc7, 0xf8, 0xc7, 0xf8, 0xc7, 0xf8, 0xc7, 0xf8, 0xc7, 0xf8, 0xc7, 0xf8, 0xc7, 0xf8, 0xc7, 0xf8, 0xc7, 0xf8, 0xc7, 0xf8, 0xc7, 0xf8, 0xc7, 0xf8, 0xc7, 0xf8, 0xc7, 0xf8, 0xc7, 0xf8, 0xc7, 0xf9, 0xcf, 0xf9, 0xc7, 0xf9, 0xc7, 0xf9, 0xc7, 0xf9, 0xc7, 0xf9, 0xc7, 0xf8, 0xc7, 0xf8, 0xc7, 0xf8, 0xc7, 0xf8, 0xc7, 0xf8, 0xc7, 0xf8, 0xc7, 0xf8, 0xc7, 0xf8, 0xc7, 0xf8, 0xc7, 0xf8, 0xc7, 0xf8, 0xc7, 0xf8, 0xc7, 0xf8, 0xcf, 0xf8, 0xc7, 0xf8, 0xc7, 0xf8, 0xc7, 0xf8, 0xc7, 0xf8, 0xc7, 0xf8, 0xc7, 0xf8, 0xc7, 0xf8, 0xc7, 0xf8, 0xc7, 0xf8, 0xc7, 0xf8, 0xc7, 0xf8, 0xc7, 0xf8, 0xc7, 0xf8, 0xc7, 0xf8, 0xc7, 0xf8, 0xc7, 0xf8, 0xc7, 0xf8, 0xc7, 
  0xf9, 0xcf, 0xf9, 0xcf, 0xf8, 0xc7, 0xf8, 0xc7, 0xf8, 0xc7, 0xf8, 0xc7, 0xf8, 0xc7, 0xf8, 0xc7, 0xf8, 0xc7, 0xf8, 0xc7, 0xf8, 0xc7, 0xf8, 0xc7, 0xf8, 0xc7, 0xf8, 0xc7, 0xf8, 0xc7, 0xf8, 0xc7, 0xf8, 0xc7, 0xf7, 0xc7, 0xf7, 0xc7, 0xf7, 0xc7, 0xf7, 0xc7, 0xf8, 0xc7, 0xf8, 0xc7, 0xf8, 0xc7, 0xf8, 0xc7, 0xf8, 0xc7, 0xf8, 0xc7, 0xf8, 0xc7, 0xf8, 0xc7, 0xf8, 0xc7, 0xf8, 0xc7, 0xf8, 0xc7, 0xf8, 0xc7, 0xf8, 0xc7, 0xf8, 0xc7, 0xf8, 0xc7, 0xf8, 0xc7, 0xf8, 0xc7, 0xf8, 0xc7, 0xf8, 0xc7, 0xf8, 0xc7, 0xf8, 0xc7, 0xf8, 0xc7, 0xf8, 0xc7, 0xf8, 0xc7, 0xf7, 0xc7, 0xf8, 0xc7, 0xf8, 0xc7, 0xf8, 0xc7, 0xf8, 0xc7, 0xf8, 0xc7, 0xf8, 0xc7, 0xf8, 0xc7, 0xf8, 0xc7, 0xf8, 0xc7, 0xf7, 0xc7, 0xf7, 0xc7, 0xf7, 0xc7, 0xf7, 0xc7, 0xf7, 0xc7, 0xf8, 0xc7, 0xf8, 0xc7, 0xf8, 0xc7, 0xf8, 0xc7, 0xf8, 0xc7, 0xf8, 0xc7, 0xf8, 0xc7, 0xf8, 0xc7, 0xf8, 0xc7, 0xf8, 0xc7, 0xf8, 0xc7, 0xf8, 0xc7, 0xf8, 0xc7, 0xf8, 0xc7, 0xf8, 0xc7, 0xf8, 0xc7, 0xf8, 0xc7, 0xf8, 0xc7, 0xf8, 0xc7, 0xf8, 0xc7, 0xf8, 0xc7, 0xf8, 0xc7, 0xf8, 0xc7, 0xf8, 0xc7, 
  0xf9, 0xcf, 0xf8, 0xcf, 0xf8, 0xc7, 0xf8, 0xc7, 0xf8, 0xc7, 0xf8, 0xc7, 0xf8, 0xc7, 0xf8, 0xc7, 0xf8, 0xc7, 0xf8, 0xc7, 0xf8, 0xc7, 0xf8, 0xc7, 0xf8, 0xc7, 0xf8, 0xc7, 0xf8, 0xc7, 0xf8, 0xc7, 0xf8, 0xc7, 0xf8, 0xc7, 0xf8, 0xc7, 0xf8, 0xc7, 0xf8, 0xc7, 0xf8, 0xc7, 0xf8, 0xc7, 0xf7, 0xc7, 0xf8, 0xc7, 0xf8, 0xc7, 0xf8, 0xc7, 0xf8, 0xc7, 0xf8, 0xc7, 0xf8, 0xc7, 0xf8, 0xc7, 0xf8, 0xc7, 0xf7, 0xc7, 0xf8, 0xc7, 0xf8, 0xc7, 0xf8, 0xc7, 0xf8, 0xc7, 0xf8, 0xc7, 0xf8, 0xc7, 0xf8, 0xc7, 0xf8, 0xc7, 0xf8, 0xc7, 0xf8, 0xc7, 0xf8, 0xc7, 0xf8, 0xc7, 0xf7, 0xc7, 0xf7, 0xc7, 0xf7, 0xc7, 0xf8, 0xc7, 0xf8, 0xc7, 0xf8, 0xc7, 0xf8, 0xc7, 0xf8, 0xc7, 0xf8, 0xc7, 0xf7, 0xc7, 0xf7, 0xc7, 0xf7, 0xc7, 0xf7, 0xc7, 0xf7, 0xc7, 0xf7, 0xc7, 0xf7, 0xc7, 0xf8, 0xc7, 0xf8, 0xc7, 0xf8, 0xc7, 0xf8, 0xc7, 0xf8, 0xc7, 0xf8, 0xc7, 0xf8, 0xc7, 0xf8, 0xc7, 0xf8, 0xc7, 0xf8, 0xc7, 0xf8, 0xc7, 0xf8, 0xc7, 0xf8, 0xc7, 0xf8, 0xc7, 0xf8, 0xc7, 0xf8, 0xc7, 0xf8, 0xc7, 0xf8, 0xc7, 0xf8, 0xc7, 0xf8, 0xc7, 0xf8, 0xc7, 0xf8, 0xc7, 0xf8, 0xc7, 
  0xf8, 0xc7, 0xf8, 0xc7, 0xf8, 0xc7, 0xf8, 0xc7, 0xf8, 0xc7, 0xf8, 0xc7, 0xf8, 0xc7, 0xf8, 0xc7, 0xf8, 0xc7, 0xf8, 0xc7, 0xf8, 0xc7, 0xf8, 0xc7, 0xf8, 0xc7, 0xf8, 0xc7, 0xf8, 0xc7, 0xf8, 0xc7, 0xf8, 0xc7, 0xf9, 0xc7, 0xf9, 0xc7, 0xf8, 0xc7, 0xf8, 0xc7, 0xf8, 0xc7, 0xf8, 0xc7, 0xf8, 0xc7, 0xf8, 0xc7, 0xf8, 0xc7, 0xf8, 0xc7, 0xf8, 0xc7, 0xf8, 0xc7, 0xf8, 0xc7, 0xf8, 0xc7, 0xf8, 0xc7, 0xf8, 0xc7, 0xf8, 0xc7, 0xf8, 0xc7, 0xf8, 0xc7, 0xf8, 0xc7, 0xf8, 0xc7, 0xf9, 0xc7, 0xf9, 0xc7, 0xf9, 0xc7, 0xd8, 0xc7, 0xd8, 0xc7, 0xf8, 0xc7, 0xf8, 0xc7, 0xf8, 0xc7, 0xf7, 0xc7, 0xf8, 0xc7, 0xf8, 0xc7, 0xf8, 0xc7, 0xf8, 0xc7, 0xf8, 0xc7, 0xf8, 0xc7, 0xf8, 0xc7, 0xf7, 0xc7, 0xf7, 0xc7, 0xf7, 0xc7, 0xf8, 0xc7, 0xf8, 0xc7, 0xf8, 0xc7, 0xf8, 0xc7, 0xf8, 0xc7, 0xf9, 0xc7, 0xf8, 0xc7, 0xf8, 0xc7, 0xf8, 0xc7, 0xf8, 0xc7, 0xf8, 0xc7, 0xf8, 0xc7, 0xf8, 0xc7, 0xf8, 0xc7, 0xf8, 0xc7, 0xf8, 0xc7, 0xf8, 0xc7, 0xf8, 0xc7, 0xf8, 0xc7, 0xf8, 0xc7, 0xf8, 0xc7, 0xf8, 0xc7, 0xf8, 0xc7, 0xf8, 0xc7, 0xf8, 0xc7, 0xf8, 0xc7, 0xf8, 0xc7, 
  0xf8, 0xc7, 0xf8, 0xc7, 0xf8, 0xc7, 0xf8, 0xc7, 0xf8, 0xc7, 0xf8, 0xc7, 0xf8, 0xc7, 0xf8, 0xc7, 0xf8, 0xc7, 0xf8, 0xc7, 0xf8, 0xc7, 0xf8, 0xc7, 0xf8, 0xc7, 0xf8, 0xc7, 0xf8, 0xc7, 0xf9, 0xc7, 0xfa, 0xcf, 0xfa, 0xc7, 0xfa, 0xc7, 0xf9, 0xc7, 0xf9, 0xc7, 0xf9, 0xc7, 0xf8, 0xc7, 0xf8, 0xc7, 0xf8, 0xc7, 0xf8, 0xc7, 0xf8, 0xc7, 0xf8, 0xc7, 0xf8, 0xc7, 0xf8, 0xc7, 0xf8, 0xc7, 0xf8, 0xc7, 0xf8, 0xc7, 0xf8, 0xc7, 0xf8, 0xc7, 0xf9, 0xc7, 0xf9, 0xc7, 0xf9, 0xc7, 0xfa, 0xc7, 0xfa, 0xcf, 0xfa, 0xc7, 0xfa, 0xc7, 0xf9, 0xc7, 0xf9, 0xc7, 0xf8, 0xc7, 0xf8, 0xcf, 0xf8, 0xcf, 0xf8, 0xc7, 0xf8, 0xc7, 0xf8, 0xc7, 0xf8, 0xc7, 0xf8, 0xc7, 0xf8, 0xc7, 0xf8, 0xc7, 0xf8, 0xc7, 0xf8, 0xc7, 0xf8, 0xc7, 0xf8, 0xc7, 0xf8, 0xc7, 0xf9, 0xc7, 0xfa, 0xcf, 0xfa, 0xcf, 0xfa, 0xc7, 0xf9, 0xc7, 0xf8, 0xc7, 0xf8, 0xc7, 0xf8, 0xc7, 0xf8, 0xc7, 0xf8, 0xc7, 0xf8, 0xc7, 0xf8, 0xc7, 0xf8, 0xc7, 0xf8, 0xc7, 0xf8, 0xc7, 0xf8, 0xc7, 0xf8, 0xc7, 0xf8, 0xc7, 0xf8, 0xc7, 0xf8, 0xc7, 0xf8, 0xc7, 0xf8, 0xc7, 0xf8, 0xc7, 0xf8, 0xc7, 0xf8, 0xc7, 
  0xf8, 0xc7, 0xf8, 0xc7, 0xf8, 0xc7, 0xf8, 0xc7, 0xf8, 0xc7, 0xf8, 0xc7, 0xf8, 0xc7, 0xf8, 0xc7, 0xf8, 0xc7, 0xf8, 0xc7, 0xf8, 0xc7, 0xf9, 0xc7, 0xf9, 0xc7, 0xf9, 0xc7, 0xf9, 0xc7, 0xf9, 0xc7, 0xba, 0xbf, 0xba, 0xbf, 0xba, 0xbf, 0xda, 0xc7, 0xfa, 0xc7, 0xf9, 0xc7, 0xf9, 0xc7, 0xf8, 0xc7, 0xf8, 0xc7, 0xf8, 0xc7, 0xf8, 0xc7, 0xf8, 0xc7, 0xf8, 0xc7, 0xf8, 0xc7, 0xf8, 0xc7, 0xf8, 0xc7, 0xf8, 0xc7, 0xf8, 0xc7, 0xf9, 0xc7, 0xf9, 0xc7, 0xfa, 0xc7, 0xfa, 0xc7, 0xda, 0xc7, 0xba, 0xbf, 0xba, 0xbf, 0xfa, 0xc7, 0xfa, 0xc7, 0xf9, 0xc7, 0xf9, 0xc7, 0xf9, 0xc7, 0xf8, 0xc7, 0xf8, 0xc7, 0xf8, 0xc7, 0xf8, 0xc7, 0xf8, 0xc7, 0xf8, 0xc7, 0xf8, 0xc7, 0xf8, 0xc7, 0xf8, 0xc7, 0xf8, 0xc7, 0xf9, 0xc7, 0xf9, 0xc7, 0xf9, 0xc7, 0xfa, 0xc7, 0xda, 0xc7, 0xba, 0xbf, 0xba, 0xbf, 0xda, 0xc7, 0xf9, 0xc7, 0xf8, 0xc7, 0xf8, 0xc7, 0xf8, 0xc7, 0xf8, 0xc7, 0xf8, 0xc7, 0xf8, 0xc7, 0xf8, 0xc7, 0xf8, 0xc7, 0xf8, 0xc7, 0xf8, 0xc7, 0xf8, 0xcf, 0xf8, 0xc7, 0xf8, 0xc7, 0xf8, 0xc7, 0xf8, 0xc7, 0xf8, 0xc7, 0xf8, 0xc7, 0xf8, 0xc7, 0xf8, 0xc7, 
  0xf8, 0xc7, 0xf8, 0xc7, 0xf8, 0xc7, 0xf8, 0xc7, 0xf8, 0xc7, 0xf8, 0xc7, 0xf8, 0xc7, 0xf8, 0xc7, 0xf9, 0xc7, 0xf9, 0xc7, 0xf8, 0xc7, 0xf8, 0xc7, 0xf8, 0xc7, 0xf9, 0xc7, 0xfa, 0xc7, 0xdb, 0xc7, 0xf9, 0xa6, 0xfa, 0xae, 0x5a, 0xb7, 0xbb, 0xbf, 0xfa, 0xc7, 0xf9, 0xc7, 0xf9, 0xc7, 0xf8, 0xc7, 0xf8, 0xc7, 0xf8, 0xc7, 0xf8, 0xc7, 0xf8, 0xc7, 0xf8, 0xc7, 0xf8, 0xc7, 0xf8, 0xc7, 0xf8, 0xc7, 0xf8, 0xc7, 0xf8, 0xc7, 0xf9, 0xc7, 0xf9, 0xc7, 0xfa, 0xc7, 0xba, 0xbf, 0x3a, 0xaf, 0xf9, 0xa6, 0x39, 0xaf, 0x9a, 0xbf, 0xfb, 0xc7, 0xf9, 0xc7, 0xf9, 0xc7, 0xf9, 0xc7, 0xf9, 0xc7, 0xf8, 0xc7, 0xf8, 0xc7, 0xf8, 0xc7, 0xf8, 0xc7, 0xf8, 0xc7, 0xf8, 0xc7, 0xf8, 0xc7, 0xf8, 0xc7, 0xf8, 0xc7, 0xf8, 0xc7, 0xf9, 0xc7, 0xfa, 0xc7, 0xdb, 0xc7, 0x5a, 0xb7, 0xd9, 0xa6, 0xf9, 0xae, 0x7a, 0xb7, 0xfa, 0xc7, 0xf8, 0xcf, 0xf8, 0xc7, 0xf8, 0xc7, 0xf8, 0xc7, 0xf8, 0xc7, 0xf8, 0xc7, 0xf8, 0xc7, 0xf8, 0xc7, 0xf8, 0xc7, 0xf8, 0xc7, 0xf8, 0xc7, 0xf8, 0xc7, 0xf8, 0xc7, 0xf8, 0xc7, 0xf8, 0xc7, 0xf8, 0xc7, 0xf8, 0xc7, 0xf8, 0xc7, 0xf8, 0xc7, 
  0xf9, 0xc7, 0xf8, 0xc7, 0xf8, 0xc7, 0xf8, 0xc7, 0xf7, 0xc7, 0xf7, 0xc7, 0xf8, 0xc7, 0xf8, 0xc7, 0xf9, 0xc7, 0xf8, 0xc7, 0xf7, 0xc7, 0xf8, 0xcf, 0xf7, 0xc7, 0xf9, 0xc7, 0xfc, 0xc7, 0x3b, 0xaf, 0xbc, 0xa6, 0xbd, 0xa6, 0x9b, 0x9e, 0x5b, 0xb7, 0xfb, 0xc7, 0xf8, 0xc7, 0xf8, 0xc7, 0xf7, 0xc7, 0xf8, 0xc7, 0xf9, 0xc7, 0xf8, 0xc7, 0xf8, 0xc7, 0xf8, 0xc7, 0xf8, 0xc7, 0xf8, 0xc7, 0xf9, 0xc7, 0xf8, 0xc7, 0xf8, 0xc7, 0xf8, 0xc7, 0xf9, 0xc7, 0xfb, 0xc7, 0x5b, 0xb7, 0x9a, 0x9e, 0xfc, 0xae, 0xbb, 0x9e, 0x5c, 0xb7, 0xdb, 0xc7, 0xf9, 0xc7, 0xf8, 0xc7, 0xf8, 0xc7, 0xf8, 0xc7, 0xf8, 0xc7, 0xf8, 0xc7, 0xf8, 0xc7, 0xf7, 0xc7, 0xf8, 0xc7, 0xf8, 0xc7, 0xf8, 0xc7, 0xf8, 0xc7, 0xf8, 0xc7, 0xf7, 0xc7, 0xf8, 0xc7, 0xfa, 0xc7, 0x9b, 0xbf, 0xdc, 0xa6, 0xbd, 0xa6, 0xfd, 0xae, 0xfa, 0xa6, 0xda, 0xc7, 0xf8, 0xc7, 0xf8, 0xc7, 0xf8, 0xc7, 0xf8, 0xc7, 0xf8, 0xc7, 0xf8, 0xc7, 0xf8, 0xc7, 0xf8, 0xc7, 0xf8, 0xc7, 0xf8, 0xc7, 0xf8, 0xc7, 0xf8, 0xc7, 0xf8, 0xc7, 0xf8, 0xc7, 0xf8, 0xc7, 0xf8, 0xc7, 0xf8, 0xc7, 0xf8, 0xc7, 0xf8, 0xc7, 
  0xf9, 0xc7, 0xf9, 0xc7, 0xf8, 0xc7, 0xf8, 0xc7, 0xf7, 0xc7, 0xf7, 0xc7, 0xf8, 0xc7, 0xf8, 0xc7, 0xf9, 0xc7, 0xf9, 0xc7, 0xf7, 0xc7, 0xf7, 0xc7, 0xf7, 0xbf, 0xfa, 0xc7, 0xbc, 0xbf, 0xdc, 0xa6, 0xbe, 0xa6, 0x9e, 0xa6, 0xbc, 0xa6, 0x7c, 0xb7, 0xfa, 0xc7, 0xf8, 0xc7, 0xf7, 0xc7, 0xf7, 0xc7, 0xf8, 0xc7, 0xf9, 0xc7, 0xf9, 0xc7, 0xf8, 0xc7, 0xf8, 0xc7, 0xf8, 0xc7, 0xf8, 0xc7, 0xf9, 0xc7, 0xf8, 0xc7, 0xf8, 0xc7, 0xf8, 0xc7, 0xfa, 0xc7, 0xdc, 0xc7, 0x1b, 0xaf, 0xbd, 0xa6, 0xde, 0xa6, 0xbc, 0xa6, 0x7c, 0xb7, 0xfb, 0xc7, 0xf9, 0xc7, 0xf8, 0xc7, 0xf8, 0xc7, 0xf8, 0xc7, 0xf8, 0xc7, 0xf8, 0xc7, 0xf8, 0xc7, 0xf8, 0xc7, 0xf8, 0xc7, 0xf8, 0xc7, 0xf8, 0xc7, 0xf8, 0xc7, 0xf8, 0xc7, 0xf7, 0xc7, 0xf8, 0xc7, 0xfb, 0xc7, 0x3c, 0xb7, 0xbe, 0xa6, 0xbf, 0xa6, 0x9d, 0xa6, 0x1b, 0xaf, 0xfa, 0xc7, 0xf8, 0xc7, 0xf8, 0xc7, 0xf8, 0xc7, 0xf8, 0xc7, 0xf8, 0xc7, 0xf8, 0xc7, 0xf8, 0xc7, 0xf8, 0xc7, 0xf8, 0xc7, 0xf8, 0xc7, 0xf8, 0xc7, 0xf8, 0xc7, 0xf8, 0xc7, 0xf8, 0xc7, 0xf8, 0xc7, 0xf8, 0xc7, 0xf8, 0xc7, 0xf8, 0xc7, 0xf8, 0xc7, 
  0xf9, 0xc7, 0xf8, 0xc7, 0xf8, 0xc7, 0xf8, 0xc7, 0xf7, 0xc7, 0xf7, 0xc7, 0xf8, 0xc7, 0xf8, 0xc7, 0xf9, 0xc7, 0xf8, 0xc7, 0xf8, 0xc7, 0xf7, 0xbf, 0xf8, 0xbf, 0xfb, 0xc7, 0x5c, 0xb7, 0xbc, 0xa6, 0xde, 0xa6, 0x9d, 0x9e, 0x1c, 0xaf, 0x9c, 0xbf, 0xfa, 0xc7, 0xf8, 0xc7, 0xf7, 0xc7, 0xf8, 0xc7, 0xf8, 0xc7, 0xf9, 0xc7, 0xf8, 0xc7, 0xf8, 0xc7, 0xf8, 0xc7, 0xf8, 0xc7, 0xf8, 0xc7, 0xf8, 0xc7, 0xf8, 0xc7, 0xf8, 0xc7, 0xd8, 0xbf, 0xfa, 0xc7, 0x7c, 0xbf, 0xbb, 0xa6, 0xde, 0xa6, 0xbd, 0xa6, 0xfc, 0xae, 0x9c, 0xbf, 0xfb, 0xc7, 0xf9, 0xc7, 0xf8, 0xc7, 0xf8, 0xc7, 0xf8, 0xc7, 0xf8, 0xc7, 0xf8, 0xc7, 0xf8, 0xc7, 0xf8, 0xc7, 0xf8, 0xc7, 0xf8, 0xc7, 0xf8, 0xc7, 0xf8, 0xc7, 0xf8, 0xc7, 0xf7, 0xc7, 0xd9, 0xc7, 0xbc, 0xbf, 0xfc, 0xae, 0xbe, 0xa6, 0xbf, 0xa6, 0x9c, 0x9e, 0x7b, 0xb7, 0xfa, 0xc7, 0xf8, 0xc7, 0xf8, 0xc7, 0xf8, 0xc7, 0xf8, 0xc7, 0xf8, 0xc7, 0xf8, 0xc7, 0xf8, 0xc7, 0xf8, 0xc7, 0xf8, 0xc7, 0xf8, 0xc7, 0xf8, 0xc7, 0xf8, 0xc7, 0xf8, 0xc7, 0xf8, 0xc7, 0xf8, 0xc7, 0xf8, 0xc7, 0xf8, 0xc7, 0xf8, 0xc7, 0xf8, 0xc7, 
  0xf8, 0xc7, 0xf8, 0xc7, 0xf8, 0xc7, 0xf8, 0xc7, 0xf7, 0xc7, 0xf7, 0xc7, 0xf8, 0xc7, 0xf8, 0xc7, 0xf9, 0xc7, 0xf8, 0xc7, 0xf8, 0xc7, 0xf8, 0xbf, 0xf9, 0xc7, 0xfb, 0xc7, 0x1c, 0xaf, 0xbd, 0xa6, 0xde, 0xa6, 0x9c, 0x9e, 0x5c, 0xb7, 0xdb, 0xbf, 0xf9, 0xc7, 0xf8, 0xc7, 0xf7, 0xc7, 0xf8, 0xc7, 0xf8, 0xc7, 0xf8, 0xc7, 0xf8, 0xc7, 0xf8, 0xc7, 0xf8, 0xc7, 0xf8, 0xc7, 0xf8, 0xc7, 0xf8, 0xc7, 0xf8, 0xc7, 0xf8, 0xc7, 0xf9, 0xc7, 0xdb, 0xc7, 0x1c, 0xaf, 0xbc, 0xa6, 0xde, 0xa6, 0xbd, 0xa6, 0x5c, 0xb7, 0xdb, 0xbf, 0xfa, 0xc7, 0xf9, 0xc7, 0xf9, 0xc7, 0xf9, 0xc7, 0xf8, 0xc7, 0xf8, 0xc7, 0xf7, 0xc7, 0xf7, 0xc7, 0xf8, 0xc7, 0xf8, 0xc7, 0xf9, 0xc7, 0xf8, 0xc7, 0xf7, 0xc7, 0xf7, 0xc7, 0xf8, 0xc7, 0xda, 0xc7, 0x5c, 0xb7, 0xbd, 0xa6, 0xbf, 0xa6, 0xbe, 0xa6, 0xdb, 0xa6, 0xdc, 0xbf, 0xf9, 0xc7, 0xf8, 0xc7, 0xf8, 0xc7, 0xf8, 0xc7, 0xf8, 0xc7, 0xf8, 0xc7, 0xf8, 0xc7, 0xf8, 0xc7, 0xf8, 0xc7, 0xf8, 0xc7, 0xf8, 0xc7, 0xf8, 0xc7, 0xf8, 0xc7, 0xf8, 0xc7, 0xf8, 0xc7, 0xf8, 0xc7, 0xf8, 0xc7, 0xf8, 0xc7, 0xf8, 0xc7, 0xf8, 0xc7, 
  0xf8, 0xc7, 0xf8, 0xc7, 0xf8, 0xc7, 0xf8, 0xc7, 0xf8, 0xc7, 0xf8, 0xc7, 0xf8, 0xc7, 0xf8, 0xc7, 0xf9, 0xc7, 0xf8, 0xc7, 0xf8, 0xc7, 0xf9, 0xc7, 0xfb, 0xc7, 0x9c, 0xbf, 0xbc, 0xa6, 0xde, 0xa6, 0xbd, 0xa6, 0xdb, 0xa6, 0x9c, 0xbf, 0xfb, 0xc7, 0xf9, 0xc7, 0xf8, 0xc7, 0xf8, 0xc7, 0xf8, 0xc7, 0xf8, 0xc7, 0xf8, 0xc7, 0xf8, 0xc7, 0xf8, 0xc7, 0xf8, 0xc7, 0xf8, 0xc7, 0xf8, 0xc7, 0xf8, 0xc7, 0xf8, 0xc7, 0xd8, 0xbf, 0xfb, 0xcf, 0x7b, 0xb7, 0xbc, 0xa6, 0xde, 0xae, 0xbe, 0xa6, 0xdc, 0xa6, 0x9b, 0xbf, 0xfa, 0xc7, 0xf9, 0xc7, 0xf9, 0xc7, 0xf9, 0xc7, 0xf9, 0xc7, 0xf8, 0xc7, 0xf7, 0xc7, 0xf7, 0xc7, 0xf7, 0xc7, 0xf8, 0xc7, 0xf9, 0xc7, 0xf9, 0xc7, 0xf8, 0xc7, 0xf7, 0xc7, 0xf7, 0xc7, 0xf9, 0xc7, 0xdc, 0xc7, 0xdd, 0xae, 0x9e, 0xa6, 0xbf, 0xa6, 0xbd, 0xa6, 0x5c, 0xb7, 0xfb, 0xc7, 0xf9, 0xc7, 0xf8, 0xc7, 0xf8, 0xc7, 0xf8, 0xc7, 0xf8, 0xc7, 0xf8, 0xc7, 0xf8, 0xc7, 0xf8, 0xc7, 0xf8, 0xc7, 0xf8, 0xc7, 0xf8, 0xc7, 0xf8, 0xc7, 0xf8, 0xc7, 0xf8, 0xc7, 0xf8, 0xc7, 0xf8, 0xc7, 0xf8, 0xc7, 0xf8, 0xc7, 0xf8, 0xc7, 0xf8, 0xc7, 
  0xf8, 0xc7, 0xf8, 0xc7, 0xf8, 0xc7, 0xf8, 0xc7, 0xf8, 0xc7, 0xf8, 0xc7, 0xf8, 0xc7, 0xf8, 0xc7, 0xf8, 0xc7, 0xf8, 0xc7, 0xf9, 0xc7, 0xfa, 0xc7, 0xdc, 0xc7, 0x3c, 0xb7, 0x9d, 0xa6, 0xdf, 0xae, 0xbc, 0xa6, 0x1c, 0xaf, 0xdb, 0xbf, 0xfa, 0xc7, 0xf8, 0xc7, 0xf8, 0xc7, 0xf8, 0xc7, 0xf8, 0xc7, 0xf8, 0xc7, 0xf8, 0xc7, 0xf8, 0xc7, 0xf8, 0xc7, 0xf8, 0xc7, 0xf8, 0xc7, 0xf8, 0xc7, 0xf8, 0xc7, 0xf8, 0xc7, 0xd9, 0xbf, 0xfc, 0xcf, 0x1c, 0xaf, 0x9d, 0xa6, 0xdf, 0xae, 0x9d, 0xa6, 0x1c, 0xaf, 0xdb, 0xc7, 0xf9, 0xc7, 0xf8, 0xc7, 0xf8, 0xc7, 0xfa, 0xc7, 0xf9, 0xc7, 0xf8, 0xc7, 0xf7, 0xc7, 0xf7, 0xc7, 0xf7, 0xc7, 0xf8, 0xc7, 0xf9, 0xc7, 0xf9, 0xc7, 0xf8, 0xc7, 0xf7, 0xc7, 0xf7, 0xc7, 0xfa, 0xc7, 0x9d, 0xbf, 0x9d, 0xa6, 0x9f, 0xa6, 0xbe, 0xa6, 0xdc, 0xa6, 0x9c, 0xbf, 0xfa, 0xc7, 0xf9, 0xc7, 0xf8, 0xc7, 0xf8, 0xc7, 0xf8, 0xc7, 0xf8, 0xc7, 0xf8, 0xc7, 0xf8, 0xc7, 0xf8, 0xc7, 0xf8, 0xc7, 0xf8, 0xc7, 0xf8, 0xc7, 0xf8, 0xc7, 0xf8, 0xc7, 0xf8, 0xc7, 0xf8, 0xc7, 0xf8, 0xc7, 0xf8, 0xc7, 0xf8, 0xc7, 0xf8, 0xc7, 0xf8, 0xc7, 
  0xf8, 0xc7, 0xf8, 0xc7, 0xf8, 0xc7, 0xf8, 0xc7, 0xf8, 0xc7, 0xf8, 0xc7, 0xf8, 0xc7, 0xf8, 0xc7, 0xf8, 0xc7, 0xf9, 0xc7, 0xf9, 0xc7, 0xfb, 0xc7, 0x9c, 0xbf, 0xfc, 0xa6, 0x9e, 0xa6, 0xbf, 0xa6, 0xdc, 0xa6, 0x9c, 0xbf, 0xfb, 0xc7, 0xf9, 0xc7, 0xf8, 0xc7, 0xf8, 0xc7, 0xf9, 0xc7, 0xf8, 0xc7, 0xf8, 0xc7, 0xf8, 0xc7, 0xf8, 0xc7, 0xf8, 0xc7, 0xf8, 0xc7, 0xf8, 0xc7, 0xf8, 0xc7, 0xf8, 0xc7, 0xf8, 0xc7, 0xfa, 0xc7, 0xbd, 0xbf, 0xdd, 0xa6, 0x9e, 0xa6, 0xbf, 0xae, 0xbd, 0xa6, 0x7c, 0xbf, 0xfa, 0xc7, 0xf8, 0xc7, 0xf8, 0xc7, 0xf8, 0xc7, 0xf9, 0xc7, 0xf9, 0xc7, 0xf8, 0xc7, 0xf7, 0xc7, 0xf7, 0xc7, 0xf8, 0xc7, 0xf8, 0xc7, 0xf9, 0xc7, 0xf9, 0xc7, 0xf8, 0xc7, 0xf7, 0xc7, 0xf8, 0xc7, 0xdb, 0xc7, 0x1d, 0xb7, 0x7f, 0xa6, 0xbf, 0xa6, 0xbd, 0xa6, 0x1c, 0xaf, 0xdc, 0xc7, 0xd9, 0xbf, 0xf8, 0xc7, 0xf8, 0xc7, 0xf8, 0xc7, 0xf8, 0xc7, 0xf8, 0xc7, 0xf8, 0xc7, 0xf8, 0xc7, 0xf8, 0xc7, 0xf8, 0xc7, 0xf8, 0xc7, 0xf8, 0xc7, 0xf8, 0xc7, 0xf8, 0xc7, 0xf8, 0xc7, 0xf8, 0xc7, 0xf8, 0xc7, 0xf8, 0xc7, 0xf8, 0xc7, 0xf8, 0xc7, 0xf8, 0xc7, 
  0xf8, 0xc7, 0xf8, 0xc7, 0xf8, 0xc7, 0xf8, 0xc7, 0xf8, 0xc7, 0xf8, 0xc7, 0xf8, 0xc7, 0xf8, 0xc7, 0xf8, 0xc7, 0xfa, 0xc7, 0xfa, 0xc7, 0xdc, 0xc7, 0x5d, 0xb7, 0xbc, 0xa6, 0x9f, 0xa6, 0xbe, 0xa6, 0xfb, 0xae, 0xfc, 0xc7, 0xfa, 0xc7, 0xf8, 0xc7, 0xf8, 0xc7, 0xf8, 0xc7, 0xf9, 0xcf, 0xf8, 0xc7, 0xf8, 0xc7, 0xf8, 0xc7, 0xf8, 0xc7, 0xf8, 0xc7, 0xf8, 0xc7, 0xf8, 0xc7, 0xf8, 0xc7, 0xf8, 0xc7, 0xf9, 0xc7, 0xfb, 0xc7, 0x3d, 0xb7, 0xbe, 0xa6, 0xbf, 0xa6, 0x9f, 0xa6, 0xdc, 0xae, 0xdc, 0xc7, 0xf9, 0xc7, 0xf8, 0xc7, 0xf8, 0xc7, 0xf8, 0xc7, 0xf9, 0xc7, 0xf9, 0xc7, 0xf8, 0xc7, 0xf8, 0xc7, 0xf7, 0xc7, 0xf8, 0xc7, 0xf8, 0xc7, 0xf8, 0xc7, 0xf8, 0xc7, 0xf8, 0xc7, 0xf8, 0xc7, 0xf9, 0xc7, 0xbd, 0xc7, 0xbd, 0xa6, 0x9f, 0xa6, 0xbf, 0xae, 0xbc, 0xa6, 0x5c, 0xb7, 0xfb, 0xc7, 0xf9, 0xc7, 0xf8, 0xc7, 0xf8, 0xc7, 0xf8, 0xc7, 0xf8, 0xc7, 0xf8, 0xc7, 0xf8, 0xc7, 0xf8, 0xc7, 0xf8, 0xc7, 0xf8, 0xc7, 0xf8, 0xc7, 0xf8, 0xc7, 0xf8, 0xc7, 0xf8, 0xc7, 0xf8, 0xc7, 0xf8, 0xc7, 0xf8, 0xc7, 0xf8, 0xc7, 0xf8, 0xc7, 0xf8, 0xc7, 0xf8, 0xc7, 
  0xf8, 0xc7, 0xf8, 0xc7, 0xf8, 0xc7, 0xf8, 0xc7, 0xf8, 0xc7, 0xf8, 0xc7, 0xf8, 0xc7, 0xf8, 0xc7, 0xf8, 0xc7, 0xfa, 0xc7, 0xfc, 0xc7, 0x9c, 0xbf, 0xdc, 0xa6, 0xbd, 0xa6, 0xdf, 0xae, 0x9d, 0xa6, 0x9c, 0xbf, 0xda, 0xc7, 0xf9, 0xc7, 0xf8, 0xc7, 0xf7, 0xc7, 0xf8, 0xc7, 0xf9, 0xc7, 0xf9, 0xc7, 0xf8, 0xc7, 0xf7, 0xc7, 0xf7, 0xc7, 0xf8, 0xc7, 0xf8, 0xc7, 0xf9, 0xc7, 0xf8, 0xc7, 0xf8, 0xc7, 0xf9, 0xc7, 0xdc, 0xc7, 0xdc, 0xa6, 0x9f, 0xa6, 0x9f, 0xa6, 0x9e, 0xa6, 0x7d, 0xbf, 0xdb, 0xc7, 0xf9, 0xc7, 0xf7, 0xc7, 0xf8, 0xc7, 0xf8, 0xc7, 0xf8, 0xc7, 0xf8, 0xc7, 0xf8, 0xc7, 0xf8, 0xc7, 0xf8, 0xc7, 0xf9, 0xcf, 0xf8, 0xc7, 0xf8, 0xc7, 0xf8, 0xc7, 0xf8, 0xc7, 0xf9, 0xc7, 0xfb, 0xc7, 0x3c, 0xb7, 0x9d, 0xa6, 0x9f, 0xa6, 0xbf, 0xa6, 0x1c, 0xaf, 0xdc, 0xc7, 0xfa, 0xc7, 0xf9, 0xc7, 0xf8, 0xc7, 0xf8, 0xc7, 0xf8, 0xc7, 0xf8, 0xc7, 0xf8, 0xc7, 0xf8, 0xc7, 0xf8, 0xc7, 0xf8, 0xc7, 0xf8, 0xc7, 0xf8, 0xc7, 0xf8, 0xc7, 0xf8, 0xc7, 0xf8, 0xc7, 0xf8, 0xc7, 0xf8, 0xc7, 0xf8, 0xc7, 0xf8, 0xc7, 0xf8, 0xc7, 0xf8, 0xc7, 0xf8, 0xc7, 
  0xf8, 0xc7, 0xf8, 0xc7, 0xf8, 0xc7, 0xf8, 0xc7, 0xf8, 0xc7, 0xf8, 0xc7, 0xf8, 0xc7, 0xf8, 0xc7, 0xf8, 0xc7, 0xfa, 0xc7, 0xfc, 0xc7, 0x5c, 0xb7, 0xbc, 0xa6, 0xbe, 0xa6, 0xbe, 0xa6, 0xdd, 0xa6, 0xbc, 0xbf, 0xfa, 0xc7, 0xf9, 0xc7, 0xf8, 0xc7, 0xf7, 0xc7, 0xf8, 0xc7, 0xf9, 0xc7, 0xf9, 0xc7, 0xf8, 0xc7, 0xf8, 0xc7, 0xf7, 0xc7, 0xf8, 0xc7, 0xf8, 0xc7, 0xf9, 0xc7, 0xf8, 0xc7, 0xf9, 0xc7, 0xfa, 0xc7, 0x7b, 0xb7, 0xbd, 0xa6, 0xbf, 0xae, 0x9f, 0xa6, 0xdd, 0xa6, 0xbc, 0xc7, 0xfa, 0xc7, 0xf8, 0xc7, 0xf8, 0xc7, 0xf8, 0xc7, 0xf8, 0xc7, 0xf8, 0xc7, 0xf8, 0xc7, 0xf8, 0xc7, 0xf8, 0xc7, 0xf8, 0xc7, 0xf9, 0xcf, 0xf8, 0xc7, 0xf7, 0xc7, 0xf8, 0xc7, 0xf8, 0xc7, 0xf9, 0xc7, 0xbb, 0xbf, 0xdc, 0xae, 0xbf, 0xa6, 0x9f, 0xa6, 0x9d, 0xa6, 0x5c, 0xb7, 0xfb, 0xc7, 0xf9, 0xc7, 0xf9, 0xc7, 0xf8, 0xc7, 0xf8, 0xc7, 0xf8, 0xc7, 0xf8, 0xc7, 0xf8, 0xc7, 0xf8, 0xc7, 0xf8, 0xc7, 0xf8, 0xc7, 0xf8, 0xc7, 0xf8, 0xc7, 0xf8, 0xc7, 0xf8, 0xc7, 0xf8, 0xc7, 0xf8, 0xc7, 0xf8, 0xc7, 0xf8, 0xc7, 0xf8, 0xc7, 0xf8, 0xc7, 0xf8, 0xc7, 0xf8, 0xc7, 
  0xf8, 0xc7, 0xf8, 0xc7, 0xf8, 0xc7, 0xf8, 0xc7, 0xf8, 0xc7, 0xf8, 0xc7, 0xf8, 0xc7, 0xf8, 0xc7, 0xf9, 0xc7, 0xfa, 0xc7, 0xdd, 0xc7, 0xfc, 0xae, 0xbd, 0xa6, 0xde, 0xa6, 0x9c, 0x9e, 0x3d, 0xb7, 0xdb, 0xc7, 0xf9, 0xc7, 0xf8, 0xc7, 0xf8, 0xc7, 0xf8, 0xc7, 0xf8, 0xc7, 0xf8, 0xc7, 0xf8, 0xc7, 0xf8, 0xc7, 0xf8, 0xc7, 0xf8, 0xc7, 0xf8, 0xc7, 0xf8, 0xc7, 0xf8, 0xc7, 0xf9, 0xc7, 0xfa, 0xc7, 0xfb, 0xc7, 0xfb, 0xa6, 0xbe, 0xa6, 0xdf, 0xae, 0x9e, 0xa6, 0x1d, 0xaf, 0xfc, 0xc7, 0xf9, 0xc7, 0xf8, 0xc7, 0xf8, 0xc7, 0xf8, 0xc7, 0xf8, 0xc7, 0xf8, 0xc7, 0xf8, 0xc7, 0xf8, 0xc7, 0xf8, 0xc7, 0xf9, 0xc7, 0xf9, 0xc7, 0xf8, 0xc7, 0xf8, 0xc7, 0xf8, 0xc7, 0xf9, 0xc7, 0xfb, 0xc7, 0x5c, 0xb7, 0x9c, 0xa6, 0xdf, 0xae, 0x9e, 0xa6, 0xbc, 0xa6, 0xbc, 0xbf, 0xfa, 0xc7, 0xf9, 0xc7, 0xf8, 0xc7, 0xf8, 0xc7, 0xf8, 0xc7, 0xf8, 0xc7, 0xf8, 0xc7, 0xf8, 0xc7, 0xf8, 0xc7, 0xf8, 0xc7, 0xf8, 0xc7, 0xf8, 0xc7, 0xf8, 0xc7, 0xf8, 0xc7, 0xf8, 0xc7, 0xf8, 0xc7, 0xf8, 0xc7, 0xf8, 0xc7, 0xf8, 0xc7, 0xf8, 0xc7, 0xf8, 0xc7, 0xf8, 0xc7, 0xf8, 0xc7, 
  0xf8, 0xc7, 0xf8, 0xc7, 0xf8, 0xc7, 0xf8, 0xc7, 0xf8, 0xc7, 0xf8, 0xc7, 0xf8, 0xc7, 0xf8, 0xc7, 0xf9, 0xc7, 0xfb, 0xc7, 0x7c, 0xbf, 0xdc, 0xa6, 0xde, 0xa6, 0xdd, 0xa6, 0xdc, 0xa6, 0xbd, 0xbf, 0xfb, 0xc7, 0xf9, 0xc7, 0xf8, 0xc7, 0xf8, 0xc7, 0xf8, 0xc7, 0xf8, 0xc7, 0xf8, 0xc7, 0xf8, 0xc7, 0xf8, 0xc7, 0xf8, 0xc7, 0xf8, 0xc7, 0xf8, 0xc7, 0xf8, 0xc7, 0xf9, 0xc7, 0xf9, 0xc7, 0xfb, 0xc7, 0x9c, 0xbf, 0xbb, 0xa6, 0xbe, 0xa6, 0xbe, 0xa6, 0xdd, 0xa6, 0x7d, 0xbf, 0xfb, 0xc7, 0xf8, 0xc7, 0xf8, 0xc7, 0xf8, 0xc7, 0xf8, 0xc7, 0xf8, 0xc7, 0xf7, 0xc7, 0xf8, 0xc7, 0xf8, 0xc7, 0xf8, 0xc7, 0xf9, 0xc7, 0xf8, 0xc7, 0xf8, 0xc7, 0xf8, 0xc7, 0xf8, 0xc7, 0xfa, 0xc7, 0xdb, 0xbf, 0x1b, 0xaf, 0x9d, 0xa6, 0xdf, 0xae, 0x9c, 0xa6, 0x1c, 0xaf, 0xfb, 0xc7, 0xf9, 0xc7, 0xf8, 0xc7, 0xf8, 0xc7, 0xf8, 0xc7, 0xf8, 0xc7, 0xf8, 0xc7, 0xf8, 0xc7, 0xf8, 0xc7, 0xf8, 0xc7, 0xf8, 0xc7, 0xf8, 0xc7, 0xf8, 0xc7, 0xf8, 0xc7, 0xf8, 0xc7, 0xf8, 0xc7, 0xf8, 0xc7, 0xf8, 0xc7, 0xf8, 0xc7, 0xf8, 0xc7, 0xf8, 0xc7, 0xf8, 0xc7, 0xf8, 0xc7, 0xf8, 0xc7, 
  0xf8, 0xc7, 0xf8, 0xc7, 0xf8, 0xc7, 0xf8, 0xc7, 0xf8, 0xc7, 0xf8, 0xc7, 0xf8, 0xc7, 0xf8, 0xc7, 0xf9, 0xc7, 0xfc, 0xc7, 0xfc, 0xae, 0xbc, 0xa6, 0xde, 0xae, 0xbc, 0xa6, 0x3b, 0xaf, 0xdc, 0xc7, 0xfa, 0xc7, 0xf8, 0xc7, 0xf8, 0xc7, 0xf8, 0xc7, 0xf8, 0xc7, 0xf8, 0xc7, 0xf8, 0xc7, 0xf8, 0xc7, 0xf8, 0xc7, 0xf8, 0xc7, 0xf8, 0xc7, 0xf8, 0xc7, 0xf8, 0xc7, 0xf9, 0xc7, 0xfa, 0xc7, 0xdb, 0xc7, 0x3c, 0xb7, 0xdc, 0xa6, 0xbd, 0xa6, 0xbc, 0xa6, 0x1c, 0xaf, 0xdc, 0xc7, 0xf9, 0xc7, 0xf8, 0xc7, 0xf8, 0xc7, 0xf8, 0xc7, 0xf8, 0xc7, 0xf8, 0xc7, 0xf8, 0xc7, 0xf8, 0xc7, 0xf8, 0xc7, 0xf8, 0xc7, 0xf9, 0xc7, 0xf8, 0xc7, 0xf8, 0xc7, 0xf8, 0xc7, 0xf8, 0xc7, 0xfa, 0xc7, 0x9c, 0xbf, 0xdc, 0xa6, 0xbe, 0xa6, 0xbe, 0xa6, 0xdc, 0xa6, 0x9c, 0xbf, 0xfb, 0xc7, 0xf8, 0xc7, 0xf8, 0xc7, 0xf8, 0xc7, 0xf8, 0xc7, 0xf8, 0xc7, 0xf8, 0xc7, 0xf8, 0xc7, 0xf8, 0xc7, 0xf8, 0xc7, 0xf8, 0xc7, 0xf8, 0xc7, 0xf8, 0xc7, 0xf8, 0xc7, 0xf8, 0xc7, 0xf8, 0xc7, 0xf8, 0xc7, 0xf8, 0xc7, 0xf8, 0xc7, 0xf8, 0xc7, 0xf8, 0xc7, 0xf8, 0xc7, 0xf8, 0xc7, 0xf8, 0xc7, 
  0xf8, 0xc7, 0xf8, 0xc7, 0xf8, 0xc7, 0xf8, 0xc7, 0xf8, 0xc7, 0xf8, 0xc7, 0xf8, 0xc7, 0xf8, 0xc7, 0xfa, 0xc7, 0xdc, 0xc7, 0xbb, 0xa6, 0x9d, 0xa6, 0xde, 0xa6, 0xbc, 0xa6, 0x7b, 0xb7, 0xfa, 0xc7, 0xf9, 0xc7, 0xf8, 0xc7, 0xf8, 0xc7, 0xf8, 0xc7, 0xf8, 0xc7, 0xf8, 0xc7, 0xf8, 0xc7, 0xf8, 0xc7, 0xf8, 0xc7, 0xf8, 0xc7, 0xf8, 0xc7, 0xf7, 0xc7, 0xf8, 0xc7, 0xf9, 0xc7, 0xda, 0xc7, 0xbc, 0xbf, 0xdc, 0xa6, 0xbd, 0xa6, 0xdd, 0xa6, 0xbb, 0xa6, 0x7c, 0xb7, 0xfc, 0xcf, 0xf9, 0xc7, 0xf8, 0xc7, 0xf8, 0xc7, 0xf8, 0xc7, 0xf8, 0xc7, 0xf8, 0xc7, 0xf8, 0xc7, 0xf8, 0xc7, 0xf8, 0xc7, 0xf8, 0xc7, 0xf8, 0xc7, 0xf8, 0xc7, 0xf8, 0xc7, 0xf8, 0xc7, 0xf9, 0xc7, 0xfb, 0xc7, 0x5c, 0xb7, 0xbc, 0xa6, 0xde, 0xae, 0x9c, 0xa6, 0x1c, 0xaf, 0xfc, 0xc7, 0xfa, 0xc7, 0xf8, 0xc7, 0xf8, 0xcf, 0xf7, 0xc7, 0xf8, 0xc7, 0xf8, 0xc7, 0xf8, 0xc7, 0xf8, 0xc7, 0xf8, 0xc7, 0xf8, 0xc7, 0xf8, 0xc7, 0xf8, 0xc7, 0xf8, 0xc7, 0xf8, 0xc7, 0xf8, 0xc7, 0xf8, 0xc7, 0xf8, 0xc7, 0xf8, 0xc7, 0xf8, 0xc7, 0xf8, 0xc7, 0xf8, 0xc7, 0xf8, 0xc7, 0xf8, 0xc7, 0xf8, 0xc7, 
  0xf9, 0xc7, 0xf8, 0xc7, 0xf8, 0xc7, 0xf7, 0xc7, 0xf7, 0xc7, 0xf8, 0xc7, 0xf8, 0xc7, 0xf9, 0xc7, 0xfa, 0xc7, 0x9b, 0xbf, 0xdc, 0xa6, 0xbd, 0xa6, 0xbe, 0xa6, 0x1d, 0xaf, 0xdb, 0xbf, 0xf9, 0xc7, 0xf8, 0xc7, 0xf8, 0xc7, 0xf8, 0xc7, 0xf8, 0xc7, 0xf8, 0xc7, 0xf7, 0xc7, 0xf7, 0xc7, 0xf8, 0xc7, 0xf8, 0xc7, 0xf8, 0xc7, 0xf8, 0xc7, 0xf7, 0xc7, 0xf7, 0xc7, 0xf9, 0xc7, 0xda, 0xc7, 0x7c, 0xbf, 0xbd, 0xa6, 0xbe, 0xa6, 0xdd, 0xa6, 0x1c, 0xaf, 0xbc, 0xbf, 0xfb, 0xc7, 0xf8, 0xc7, 0xf8, 0xc7, 0xf8, 0xc7, 0xf8, 0xc7, 0xf9, 0xc7, 0xf8, 0xc7, 0xf8, 0xc7, 0xf8, 0xc7, 0xf8, 0xc7, 0xf8, 0xc7, 0xf8, 0xc7, 0xf8, 0xc7, 0xf8, 0xc7, 0xf8, 0xc7, 0xf9, 0xc7, 0xdb, 0xc7, 0x1b, 0xaf, 0xbc, 0xa6, 0xdd, 0xa6, 0xbc, 0xa6, 0x7c, 0xbf, 0xfc, 0xc7, 0xfa, 0xc7, 0xf8, 0xc7, 0xf8, 0xc7, 0xf7, 0xc7, 0xf8, 0xc7, 0xf8, 0xc7, 0xf8, 0xc7, 0xf8, 0xc7, 0xf8, 0xc7, 0xf8, 0xc7, 0xf8, 0xc7, 0xf8, 0xc7, 0xf8, 0xc7, 0xf8, 0xc7, 0xf8, 0xc7, 0xf8, 0xc7, 0xf8, 0xc7, 0xf8, 0xc7, 0xf8, 0xc7, 0xf8, 0xc7, 0xf8, 0xc7, 0xf8, 0xc7, 0xf8, 0xc7, 0xf8, 0xc7, 
  0xf8, 0xc7, 0xf8, 0xc7, 0xf8, 0xc7, 0xf8, 0xc7, 0xf7, 0xc7, 0xf7, 0xc7, 0xf8, 0xc7, 0xf9, 0xc7, 0xfa, 0xc7, 0x5a, 0xb7, 0xdc, 0xae, 0xbe, 0xa6, 0xbd, 0xa6, 0x5d, 0xb7, 0xfb, 0xc7, 0xf9, 0xc7, 0xf8, 0xc7, 0xf7, 0xc7, 0xf8, 0xc7, 0xf8, 0xc7, 0xf8, 0xc7, 0xf7, 0xc7, 0xf7, 0xc7, 0xf8, 0xc7, 0xf8, 0xc7, 0xf8, 0xc7, 0xf8, 0xc7, 0xf7, 0xc7, 0xf8, 0xc7, 0xf9, 0xcf, 0xda, 0xc7, 0x7b, 0xbf, 0xdd, 0xa6, 0x9d, 0xa6, 0xdc, 0xa6, 0x7c, 0xb7, 0xfb, 0xc7, 0xf9, 0xc7, 0xf8, 0xc7, 0xf8, 0xc7, 0xf8, 0xc7, 0xf8, 0xc7, 0xf8, 0xc7, 0xf8, 0xc7, 0xf8, 0xc7, 0xf8, 0xc7, 0xf8, 0xc7, 0xf8, 0xc7, 0xf8, 0xc7, 0xf8, 0xc7, 0xf8, 0xc7, 0xf8, 0xc7, 0xf9, 0xc7, 0xdb, 0xbf, 0xfb, 0xae, 0xbc, 0xa6, 0xbd, 0xa6, 0xfc, 0xae, 0xdc, 0xc7, 0xfb, 0xc7, 0xf9, 0xc7, 0xf9, 0xc7, 0xf7, 0xc7, 0xf7, 0xc7, 0xf8, 0xc7, 0xf8, 0xc7, 0xf8, 0xc7, 0xf8, 0xc7, 0xf8, 0xc7, 0xf8, 0xc7, 0xf8, 0xc7, 0xf8, 0xc7, 0xf8, 0xc7, 0xf8, 0xc7, 0xf8, 0xc7, 0xf8, 0xc7, 0xf8, 0xc7, 0xf8, 0xc7, 0xf8, 0xc7, 0xf8, 0xc7, 0xf8, 0xc7, 0xf8, 0xc7, 0xf8, 0xc7, 0xf8, 0xc7, 
  0xf8, 0xc7, 0xf8, 0xc7, 0xf8, 0xc7, 0xf8, 0xc7, 0xf7, 0xc7, 0xf7, 0xc7, 0xf8, 0xc7, 0xf9, 0xc7, 0xfa, 0xc7, 0xbc, 0xbf, 0x1e, 0xb7, 0xfe, 0xae, 0x1e, 0xb7, 0xbe, 0xc7, 0xfb, 0xc7, 0xf9, 0xc7, 0xf7, 0xc7, 0xf7, 0xc7, 0xf8, 0xc7, 0xf8, 0xc7, 0xf8, 0xc7, 0xf8, 0xc7, 0xf8, 0xc7, 0xf8, 0xc7, 0xf8, 0xc7, 0xf8, 0xc7, 0xf8, 0xc7, 0xf8, 0xc7, 0xf8, 0xc7, 0xf8, 0xc7, 0xfa, 0xc7, 0xdc, 0xc7, 0x5d, 0xb7, 0xfd, 0xae, 0x1d, 0xaf, 0xbd, 0xc7, 0xfb, 0xc7, 0xf8, 0xc7, 0xf8, 0xc7, 0xf8, 0xc7, 0xf8, 0xc7, 0xf8, 0xc7, 0xf8, 0xc7, 0xf8, 0xc7, 0xf8, 0xc7, 0xf8, 0xc7, 0xf8, 0xc7, 0xf8, 0xc7, 0xf8, 0xc7, 0xf8, 0xc7, 0xf8, 0xc7, 0xf8, 0xc7, 0xf9, 0xc7, 0xfb, 0xc7, 0x9d, 0xbf, 0xfd, 0xae, 0xfd, 0xae, 0x5d, 0xbf, 0xfb, 0xc7, 0xf9, 0xc7, 0xf8, 0xc7, 0xf8, 0xc7, 0xf8, 0xc7, 0xf8, 0xc7, 0xf8, 0xc7, 0xf8, 0xc7, 0xf8, 0xc7, 0xf8, 0xc7, 0xf8, 0xc7, 0xf8, 0xc7, 0xf8, 0xc7, 0xf8, 0xc7, 0xf8, 0xc7, 0xf8, 0xc7, 0xf8, 0xc7, 0xf8, 0xc7, 0xf8, 0xc7, 0xf8, 0xc7, 0xf8, 0xc7, 0xf8, 0xc7, 0xf8, 0xc7, 0xf8, 0xc7, 0xf8, 0xc7, 0xf8, 0xc7, 
#endif
#if LV_COLOR_DEPTH == 16 && LV_COLOR_16_SWAP != 0
  /*Pixel format: Red: 5 bit, Green: 6 bit, Blue: 5 bit BUT the 2 bytes are swapped*/
  0xc7, 0xf8, 0xc7, 0xf8, 0xc7, 0xf8, 0xc7, 0xf8, 0xc7, 0xf8, 0xc7, 0xf8, 0xc7, 0xf8, 0xc7, 0xf8, 0xc7, 0xf8, 0xc7, 0xf8, 0xc7, 0xf8, 0xc7, 0xf8, 0xcf, 0xf8, 0xcf, 0xf8, 0xcf, 0xf8, 0xcf, 0xf8, 0xcf, 0xf9, 0xcf, 0xf9, 0xcf, 0xf9, 0xc7, 0xf8, 0xc7, 0xf8, 0xc7, 0xf8, 0xc7, 0xf8, 0xc7, 0xf8, 0xc7, 0xf8, 0xc7, 0xf8, 0xc7, 0xf8, 0xc7, 0xf8, 0xc7, 0xf8, 0xc7, 0xf8, 0xc7, 0xf9, 0xc7, 0xf8, 0xbf, 0xf8, 0xbf, 0xf8, 0xc7, 0xf8, 0xc7, 0xf8, 0xcf, 0xf8, 0xcf, 0xf8, 0xcf, 0xf8, 0xcf, 0xf8, 0xc7, 0xd8, 0xcf, 0xd9, 0xcf, 0xd9, 0xcf, 0xba, 0xd7, 0xba, 0xdf, 0xbb, 0xe7, 0xbb, 0xe7, 0x9b, 0xef, 0x9c, 0xef, 0x9c, 0xef, 0x9c, 0xef, 0x9c, 0xe7, 0x9c, 0xe7, 0xbc, 0xe7, 0xbc, 0xe7, 0xbc, 0xdf, 0xbb, 0xd7, 0xba, 0xcf, 0xba, 0xcf, 0xd9, 0xcf, 0xd9, 0xc7, 0xf9, 0xc7, 0xf8, 0xc7, 0xf8, 0xc7, 0xf8, 0xc7, 0xf7, 0xc7, 0xf8, 0xc7, 0xf8, 0xc7, 0xf8, 0xc7, 0xf8, 0xc7, 0xf8, 0xc7, 0xf8, 0xc7, 0xf8, 0xc7, 0xf8, 0xc7, 0xf8, 0xc7, 0xf8, 0xc7, 0xf8, 0xc7, 0xf8, 0xc7, 0xf8, 0xc7, 0xf8, 0xc7, 0xf8, 0xc7, 0xf8, 0xc7, 0xf8, 0xc7, 0xf8, 
  0xc7, 0xf8, 0xc7, 0xf8, 0xc7, 0xf8, 0xc7, 0xf8, 0xc7, 0xf8, 0xc7, 0xf8, 0xc7, 0xf8, 0xc7, 0xf8, 0xc7, 0xf8, 0xc7, 0xf8, 0xc7, 0xf8, 0xc7, 0xf8, 0xc7, 0xf8, 0xcf, 0xf8, 0xcf, 0xf8, 0xcf, 0xf8, 0xcf, 0xf9, 0xc7, 0xf9, 0xc7, 0xf8, 0xc7, 0xf8, 0xc7, 0xf8, 0xc7, 0xf8, 0xc7, 0xf8, 0xc7, 0xf8, 0xc7, 0xf8, 0xc7, 0xf8, 0xc7, 0xf8, 0xc7, 0xf8, 0xc7, 0xf8, 0xc7, 0xf8, 0xc7, 0xf8, 0xc7, 0xf8, 0xc7, 0xf8, 0xc7, 0xf8, 0xc7, 0xf8, 0xc7, 0xf8, 0xc7, 0xf8, 0xcf, 0xf8, 0xcf, 0xf8, 0xcf, 0xf9, 0xcf, 0xd9, 0xcf, 0xd9, 0xd7, 0xda, 0xdf, 0xda, 0xdf, 0xdb, 0xe7, 0xdb, 0xe7, 0xbc, 0xe7, 0xbc, 0xef, 0xbc, 0xef, 0x9c, 0xef, 0xbc, 0xef, 0xbc, 0xef, 0xbc, 0xe7, 0xbc, 0xe7, 0xbc, 0xe7, 0xbc, 0xdf, 0xdb, 0xdf, 0xdb, 0xd7, 0xdb, 0xd7, 0xfa, 0xcf, 0xfa, 0xcf, 0xf9, 0xcf, 0xf9, 0xc7, 0xf8, 0xc7, 0xf8, 0xc7, 0xf7, 0xc7, 0xf8, 0xc7, 0xf8, 0xc7, 0xf8, 0xc7, 0xf8, 0xc7, 0xf8, 0xc7, 0xf8, 0xc7, 0xf8, 0xc7, 0xf8, 0xc7, 0xf8, 0xc7, 0xf8, 0xc7, 0xf8, 0xc7, 0xf8, 0xc7, 0xf8, 0xc7, 0xf8, 0xc7, 0xf8, 0xc7, 0xf8, 0xc7, 0xf8, 0xc7, 0xf8, 
  0xc7, 0xf8, 0xc7, 0xf8, 0xc7, 0xf8, 0xc7, 0xf8, 0xc7, 0xf8, 0xc7, 0xf8, 0xc7, 0xf8, 0xc7, 0xf8, 0xc7, 0xf8, 0xc7, 0xf8, 0xc7, 0xf8, 0xc7, 0xf8, 0xc7, 0xf8, 0xc7, 0xf8, 0xcf, 0xf8, 0xc7, 0xf8, 0xc7, 0xf8, 0xc7, 0xf8, 0xc7, 0xf8, 0xc7, 0xf8, 0xc7, 0xf8, 0xc7, 0xf8, 0xc7, 0xf8, 0xc7, 0xf8, 0xc7, 0xf8, 0xc7, 0xf8, 0xc7, 0xf8, 0xc7, 0xf8, 0xc7, 0xf8, 0xc7, 0xf8, 0xc7, 0xf8, 0xc7, 0xf8, 0xc7, 0xf8, 0xc7, 0xf8, 0xc7, 0xf8, 0xc7, 0xf8, 0xc7, 0xf8, 0xc7, 0xf8, 0xcf, 0xf9, 0xcf, 0xd9, 0xd7, 0xfa, 0xdf, 0xda, 0xdf, 0xdb, 0xe7, 0xdb, 0xe7, 0xdc, 0xe7, 0xdc, 0xe7, 0xbc, 0xe7, 0xbc, 0xe7, 0xbc, 0xef, 0xbc, 0xef, 0xbc, 0xef, 0xbc, 0xef, 0xbc, 0xe7, 0xbc, 0xe7, 0xbc, 0xe7, 0xbc, 0xe7, 0xbc, 0xe7, 0xdc, 0xdf, 0xdb, 0xdf, 0xdb, 0xd7, 0xfa, 0xd7, 0xfa, 0xcf, 0xd9, 0xcf, 0xd9, 0xc7, 0xf8, 0xc7, 0xf8, 0xc7, 0xf8, 0xc7, 0xf8, 0xc7, 0xf8, 0xc7, 0xf8, 0xc7, 0xf8, 0xc7, 0xf8, 0xc7, 0xf8, 0xc7, 0xf8, 0xc7, 0xf8, 0xc7, 0xf8, 0xc7, 0xf8, 0xc7, 0xf8, 0xc7, 0xf8, 0xc7, 0xf8, 0xc7, 0xf8, 0xc7, 0xf8, 0xc7, 0xf8, 0xc7, 0xf8, 
  0xc7, 0xf8, 0xc7, 0xf8, 0xc7, 0xf8, 0xc7, 0xf8, 0xc7, 0xf8, 0xc7, 0xf8, 0xc7, 0xf8, 0xc7, 0xf8, 0xc7, 0xf8, 0xc7, 0xf8, 0xc7, 0xf8, 0xc7, 0xf8, 0xc7, 0xf8, 0xc7, 0xf8, 0xc7, 0xf8, 0xc7, 0xf8, 0xc7, 0xf8, 0xc7, 0xf7, 0xc7, 0xf7, 0xc7, 0xf8, 0xc7, 0xf8, 0xc7, 0xf8, 0xc7, 0xf8, 0xc7, 0xf8, 0xc7, 0xf8, 0xc7, 0xf8, 0xc7, 0xf8, 0xc7, 0xf8, 0xc7, 0xf8, 0xc7, 0xf8, 0xc7, 0xf8, 0xc7, 0xf8, 0xc7, 0xf8, 0xc7, 0xf8, 0xc7, 0xf8, 0xc7, 0xf8, 0xc7, 0xf8, 0xcf, 0xf9, 0xcf, 0xfa, 0xd7, 0xfa, 0xdf, 0xda, 0xdf, 0xbb, 0xe7, 0xbc, 0xef, 0xbc, 0xef, 0xbc, 0xe7, 0xbc, 0xe7, 0xbc, 0xe7, 0x9c, 0xe7, 0xbc, 0xe7, 0xbd, 0xe7, 0xbd, 0xef, 0xbd, 0xef, 0xbd, 0xef, 0xbd, 0xe7, 0xbd, 0xe7, 0xbc, 0xe7, 0xbc, 0xe7, 0xbc, 0xe7, 0xbc, 0xe7, 0xdb, 0xdf, 0xdb, 0xdf, 0xdb, 0xdf, 0xda, 0xd7, 0xda, 0xcf, 0xf9, 0xcf, 0xf8, 0xc7, 0xf8, 0xc7, 0xf8, 0xc7, 0xf8, 0xc7, 0xf8, 0xc7, 0xf8, 0xc7, 0xf8, 0xc7, 0xf8, 0xc7, 0xf8, 0xc7, 0xf8, 0xc7, 0xf8, 0xc7, 0xf8, 0xc7, 0xf8, 0xc7, 0xf8, 0xc7, 0xf8, 0xc7, 0xf8, 0xc7, 0xf8, 0xc7, 0xf8, 0xc7, 0xf8, 
  0xc7, 0xf8, 0xc7, 0xf8, 0xc7, 0xf8, 0xc7, 0xf8, 0xc7, 0xf8, 0xc7, 0xf8, 0xc7, 0xf8, 0xc7, 0xf8, 0xc7, 0xf8, 0xc7, 0xf8, 0xc7, 0xf8, 0xc7, 0xf8, 0xc7, 0xf8, 0xc7, 0xf8, 0xc7, 0xf8, 0xc7, 0xf7, 0xc7, 0xf7, 0xc7, 0xf7, 0xc7, 0xf7, 0xc7, 0xf7, 0xc7, 0xf8, 0xc7, 0xf8, 0xc7, 0xf8, 0xc7, 0xf8, 0xc7, 0xf8, 0xc7, 0xf8, 0xc7, 0xf8, 0xc7, 0xf8, 0xc7, 0xf8, 0xc7, 0xf8, 0xc7, 0xf8, 0xc7, 0xf8, 0xc7, 0xf8, 0xc7, 0xf8, 0xc7, 0xf8, 0xc7, 0xf8, 0xcf, 0xf9, 0xcf, 0xfa, 0xd7, 0xfa, 0xdf, 0xfb, 0xdf, 0xbb, 0xe7, 0xbc, 0xef, 0x9c, 0xef, 0x9c, 0xef, 0x9c, 0xef, 0x9d, 0xe7, 0x9d, 0xe7, 0x9d, 0xe7, 0xbd, 0xe7, 0xbd, 0xe7, 0xbd, 0xef, 0x9d, 0xef, 0x9d, 0xef, 0x9d, 0xef, 0x9d, 0xef, 0x9d, 0xef, 0x9d, 0xef, 0xbc, 0xe7, 0xbc, 0xe7, 0xbc, 0xe7, 0xdc, 0xe7, 0xdc, 0xe7, 0xdc, 0xdf, 0xdb, 0xd7, 0xda, 0xcf, 0xf9, 0xcf, 0xf9, 0xcf, 0xf9, 0xcf, 0xf8, 0xc7, 0xf8, 0xc7, 0xf8, 0xc7, 0xf8, 0xc7, 0xf8, 0xc7, 0xf8, 0xc7, 0xf8, 0xc7, 0xf8, 0xc7, 0xf8, 0xc7, 0xf8, 0xc7, 0xf8, 0xc7, 0xf8, 0xc7, 0xf8, 0xc7, 0xf8, 0xc7, 0xf8, 0xc7, 0xf8, 
  0xc7, 0xf8, 0xc7, 0xf8, 0xc7, 0xf8, 0xc7, 0xf8, 0xc7, 0xf8, 0xc7, 0xf8, 0xc7, 0xf8, 0xc7, 0xf8, 0xc7, 0xf8, 0xc7, 0xf8, 0xc7, 0xf8, 0xc7, 0xf8, 0xc7, 0xf8, 0xc7, 0xf8, 0xc7, 0xf7, 0xc7, 0xf7, 0xc7, 0xf7, 0xc7, 0xf7, 0xc7, 0xf7, 0xc7, 0xf8, 0xc7, 0xf8, 0xc7, 0xf8, 0xcf, 0xf8, 0xcf, 0xf9, 0xcf, 0xf8, 0xcf, 0xf9, 0xcf, 0xf8, 0xcf, 0xf8, 0xc7, 0xf8, 0xc7, 0xf8, 0xc7, 0xf8, 0xc7, 0xf8, 0xc7, 0xf8, 0xcf, 0xf8, 0xcf, 0xf8, 0xcf, 0xf9, 0xcf, 0xf9, 0xd7, 0xfa, 0xdf, 0xfb, 0xe7, 0xdc, 0xe7, 0xbc, 0xe7, 0x9c, 0xef, 0x9c, 0xef, 0x7d, 0xef, 0x9d, 0xef, 0x9d, 0xef, 0x9d, 0xef, 0xbd, 0xe7, 0xbd, 0xe7, 0xbd, 0xe7, 0x9d, 0xef, 0x9d, 0xef, 0x9d, 0xef, 0x9d, 0xef, 0x9d, 0xef, 0x9d, 0xef, 0xbd, 0xef, 0x9d, 0xef, 0x9d, 0xef, 0x9c, 0xef, 0xbc, 0xef, 0xbc, 0xef, 0xbc, 0xe7, 0xdc, 0xdf, 0xda, 0xd7, 0xda, 0xd7, 0xd9, 0xcf, 0xd9, 0xcf, 0xf9, 0xcf, 0xf8, 0xc7, 0xf8, 0xc7, 0xf8, 0xc7, 0xf8, 0xc7, 0xf8, 0xc7, 0xf8, 0xc7, 0xf8, 0xc7, 0xf8, 0xc7, 0xf8, 0xc7, 0xf8, 0xc7, 0xf8, 0xc7, 0xf8, 0xc7, 0xf8, 0xc7, 0xf8, 0xc7, 0xf8, 
  0xc7, 0xf8, 0xc7, 0xf8, 0xc7, 0xf8, 0xc7, 0xf8, 0xc7, 0xf8, 0xc7, 0xf8, 0xc7, 0xf8, 0xc7, 0xf8, 0xc7, 0xf8, 0xc7, 0xf8, 0xc7, 0xf8, 0xc7, 0xf8, 0xc7, 0xf8, 0xc7, 0xf8, 0xc7, 0xf7, 0xc7, 0xf7, 0xc7, 0xf7, 0xc7, 0xf7, 0xc7, 0xf8, 0xc7, 0xf8, 0xcf, 0xf8, 0xcf, 0xf9, 0xcf, 0xf9, 0xcf, 0xd9, 0xcf, 0xd9, 0xcf, 0xd9, 0xcf, 0xd9, 0xcf, 0xf9, 0xcf, 0xf9, 0xcf, 0xf9, 0xcf, 0xf8, 0xc7, 0xf8, 0xc7, 0xf8, 0xcf, 0xf9, 0xcf, 0xf9, 0xd7, 0xda, 0xdf, 0xda, 0xdf, 0xdb, 0xe7, 0xbc, 0xe7, 0xbc, 0xe7, 0x9c, 0xe7, 0x9d, 0xe7, 0x9d, 0xe7, 0x9d, 0xef, 0x9d, 0xef, 0x9d, 0xef, 0x9d, 0xef, 0x9d, 0xef, 0x9d, 0xe7, 0xbd, 0xef, 0x9d, 0xef, 0x9d, 0xef, 0x9d, 0xef, 0x9d, 0xef, 0x9d, 0xef, 0x9d, 0xef, 0x9d, 0xef, 0x9d, 0xef, 0x9d, 0xef, 0x9d, 0xef, 0x9d, 0xef, 0x9c, 0xef, 0x9c, 0xe7, 0x9c, 0xe7, 0xdb, 0xdf, 0xda, 0xd7, 0xda, 0xd7, 0xd9, 0xcf, 0xf9, 0xcf, 0xf8, 0xc7, 0xf8, 0xc7, 0xf8, 0xc7, 0xf8, 0xc7, 0xf8, 0xc7, 0xf8, 0xc7, 0xf8, 0xc7, 0xf8, 0xc7, 0xf8, 0xc7, 0xf9, 0xc7, 0xf8, 0xc7, 0xf8, 0xc7, 0xf8, 0xc7, 0xf8, 0xc7, 0xf8, 
  0xc7, 0xf8, 0xc7, 0xf8, 0xc7, 0xf8, 0xc7, 0xf8, 0xc7, 0xf8, 0xc7, 0xf8, 0xc7, 0xf8, 0xc7, 0xf8, 0xc7, 0xf8, 0xc7, 0xf8, 0xc7, 0xf8, 0xc7, 0xf8, 0xc7, 0xf8, 0xc7, 0xf8, 0xc7, 0xf8, 0xc7, 0xf8, 0xc7, 0xf8, 0xc7, 0xf8, 0xc7, 0xd8, 0xcf, 0xd8, 0xcf, 0xd9, 0xd7, 0xda, 0xd7, 0xda, 0xd7, 0xda, 0xd7, 0xda, 0xd7, 0xda, 0xd7, 0xda, 0xd7, 0xda, 0xd7, 0xda, 0xcf, 0xd9, 0xcf, 0xd9, 0xcf, 0xd9, 0xcf, 0xd9, 0xcf, 0xd9, 0xd7, 0xda, 0xdf, 0xdb, 0xe7, 0xbb, 0xe7, 0xbc, 0xe7, 0x9c, 0xe7, 0x9c, 0xe7, 0x9d, 0xe7, 0x9d, 0xe7, 0x9d, 0xe7, 0x9d, 0xef, 0x9d, 0xef, 0x9d, 0xef, 0x9d, 0xef, 0x9d, 0xef, 0x9c, 0xe7, 0x9c, 0xef, 0x9c, 0xef, 0x9d, 0xef, 0x9d, 0xef, 0x9d, 0xef, 0x9d, 0xef, 0x9d, 0xef, 0x9d, 0xef, 0x9d, 0xef, 0x9d, 0xef, 0x9d, 0xef, 0x9d, 0xef, 0x9d, 0xef, 0x9d, 0xe7, 0x9c, 0xe7, 0xbc, 0xe7, 0xdb, 0xdf, 0xbb, 0xd7, 0xda, 0xd7, 0xd9, 0xcf, 0xf9, 0xcf, 0xf8, 0xc7, 0xf8, 0xc7, 0xf8, 0xc7, 0xf8, 0xc7, 0xf8, 0xc7, 0xf8, 0xc7, 0xf8, 0xc7, 0xf8, 0xc7, 0xf9, 0xc7, 0xf9, 0xc7, 0xf8, 0xc7, 0xf8, 0xc7, 0xf8, 0xc7, 0xf8, 
  0xc7, 0xf8, 0xc7, 0xf8, 0xc7, 0xf8, 0xc7, 0xf8, 0xc7, 0xf8, 0xc7, 0xf8, 0xc7, 0xf8, 0xc7, 0xf8, 0xc7, 0xf8, 0xc7, 0xf8, 0xc7, 0xf8, 0xc7, 0xf8, 0xc7, 0xf8, 0xc7, 0xf8, 0xc7, 0xf8, 0xc7, 0xf8, 0xcf, 0xd8, 0xcf, 0xd9, 0xd7, 0xd9, 0xd7, 0xfa, 0xdf, 0xfb, 0xdf, 0xdb, 0xdf, 0xdc, 0xe7, 0xdc, 0xe7, 0xdc, 0xe7, 0xdc, 0xe7, 0xdc, 0xdf, 0xdb, 0xdf, 0xdb, 0xdf, 0xdb, 0xd7, 0xda, 0xd7, 0xda, 0xd7, 0xba, 0xd7, 0xba, 0xdf, 0xbb, 0xe7, 0xbc, 0xe7, 0xbc, 0xef, 0x9c, 0xef, 0x9d, 0xef, 0x9d, 0xef, 0x9d, 0xef, 0x9d, 0xe7, 0x9d, 0xe7, 0x9d, 0xe7, 0x9d, 0xef, 0x9c, 0xef, 0x9c, 0xef, 0x9c, 0xef, 0x9c, 0xef, 0x9c, 0xef, 0x9c, 0xef, 0x9d, 0xef, 0x9d, 0xef, 0x9d, 0xef, 0x9d, 0xef, 0x9d, 0xef, 0x9d, 0xef, 0x9d, 0xef, 0x9d, 0xef, 0x9d, 0xef, 0x9d, 0xef, 0x9d, 0xef, 0x9d, 0xef, 0xbd, 0xe7, 0x9c, 0xe7, 0xbc, 0xe7, 0xbb, 0xdf, 0xda, 0xd7, 0xda, 0xcf, 0xd9, 0xcf, 0xf8, 0xc7, 0xf8, 0xc7, 0xf8, 0xc7, 0xf8, 0xc7, 0xf8, 0xc7, 0xf8, 0xc7, 0xf8, 0xc7, 0xf8, 0xc7, 0xf9, 0xc7, 0xf9, 0xc7, 0xf8, 0xc7, 0xf8, 0xc7, 0xf8, 0xc7, 0xf8, 
  0xc7, 0xf8, 0xc7, 0xf8, 0xc7, 0xf8, 0xc7, 0xf8, 0xc7, 0xf8, 0xc7, 0xf8, 0xc7, 0xf8, 0xc7, 0xf8, 0xc7, 0xf8, 0xc7, 0xf8, 0xc7, 0xf8, 0xc7, 0xf8, 0xc7, 0xf8, 0xc7, 0xf8, 0xc7, 0xf8, 0xcf, 0xf8, 0xd7, 0xd9, 0xd7, 0xda, 0xdf, 0xdb, 0xdf, 0xdb, 0xdf, 0xdc, 0xe7, 0xbc, 0xe7, 0xbc, 0xe7, 0xbd, 0xe7, 0xbc, 0xe7, 0xbc, 0xe7, 0xbc, 0xe7, 0xbc, 0xe7, 0xdc, 0xe7, 0xdc, 0xdf, 0xdb, 0xdf, 0xdb, 0xdf, 0xbb, 0xdf, 0xbc, 0xe7, 0xbc, 0xe7, 0xbc, 0xef, 0x9d, 0xef, 0x9d, 0xef, 0x9d, 0xef, 0x7d, 0xef, 0x9d, 0xef, 0x9d, 0xef, 0x9d, 0xe7, 0x9d, 0xe7, 0x9c, 0xe7, 0x9c, 0xe7, 0x9c, 0xef, 0x9c, 0xef, 0x9c, 0xef, 0x9c, 0xef, 0x9c, 0xef, 0x9c, 0xef, 0x9c, 0xef, 0x9c, 0xef, 0x9d, 0xef, 0x9d, 0xef, 0x9d, 0xef, 0x9d, 0xef, 0x9d, 0xef, 0x9d, 0xe7, 0xbd, 0xe7, 0xbd, 0xe7, 0xbd, 0xe7, 0xbd, 0xe7, 0x9c, 0xe7, 0xbc, 0xe7, 0xbc, 0xe7, 0xdb, 0xdf, 0xda, 0xd7, 0xd9, 0xcf, 0xf8, 0xc7, 0xf8, 0xc7, 0xf8, 0xc7, 0xf8, 0xc7, 0xf8, 0xc7, 0xf8, 0xc7, 0xf8, 0xc7, 0xf8, 0xc7, 0xf9, 0xc7, 0xf8, 0xc7, 0xf8, 0xc7, 0xf8, 0xc7, 0xf8, 0xc7, 0xf8, 
  0xc7, 0xf8, 0xc7, 0xf8, 0xc7, 0xf8, 0xc7, 0xf8, 0xc7, 0xf8, 0xc7, 0xf8, 0xc7, 0xf8, 0xc7, 0xf8, 0xc7, 0xf8, 0xc7, 0xf8, 0xc7, 0xf8, 0xcf, 0xf8, 0xcf, 0xf8, 0xcf, 0xf9, 0xcf, 0xf9, 0xd7, 0xd9, 0xdf, 0xdb, 0xdf, 0xbb, 0xe7, 0xbc, 0xe7, 0xbc, 0xe7, 0xbc, 0xe7, 0x9d, 0xe7, 0x9d, 0xe7, 0x9d, 0xe7, 0x9d, 0xe7, 0x9d, 0xe7, 0x9d, 0xe7, 0xbd, 0xe7, 0xbd, 0xe7, 0xbc, 0xe7, 0xbc, 0xe7, 0xbc, 0xe7, 0xbc, 0xe7, 0x9c, 0xe7, 0x9c, 0xe7, 0x9d, 0xe7, 0x9d, 0xe7, 0x9d, 0xe7, 0x9d, 0xef, 0x7d, 0xef, 0x7d, 0xef, 0x7d, 0xef, 0x9d, 0xef, 0x9d, 0xef, 0x9c, 0xe7, 0xbc, 0xe7, 0xbc, 0xe7, 0xbc, 0xef, 0x9c, 0xef, 0x9c, 0xef, 0x9c, 0xef, 0x9c, 0xef, 0x9c, 0xef, 0x9c, 0xef, 0x9c, 0xef, 0x9c, 0xe7, 0x9d, 0xe7, 0x9d, 0xe7, 0x9d, 0xe7, 0x9d, 0xe7, 0x9d, 0xe7, 0xbd, 0xe7, 0xbd, 0xe7, 0x9d, 0xef, 0x9d, 0xef, 0x9c, 0xe7, 0xbc, 0xe7, 0xdc, 0xdf, 0xdb, 0xd7, 0xfa, 0xcf, 0xf9, 0xcf, 0xf8, 0xc7, 0xf8, 0xc7, 0xf8, 0xc7, 0xf8, 0xc7, 0xf8, 0xc7, 0xf8, 0xc7, 0xf8, 0xc7, 0xf8, 0xc7, 0xf8, 0xc7, 0xf8, 0xc7, 0xf8, 0xc7, 0xf8, 0xc7, 0xf8, 
  0xc7, 0xf8, 0xc7, 0xf8, 0xc7, 0xf8, 0xc7, 0xf8, 0xc7, 0xf8, 0xc7, 0xf8, 0xc7, 0xf8, 0xc7, 0xf8, 0xc7, 0xf8, 0xc7, 0xf8, 0xcf, 0xf9, 0xcf, 0xf9, 0xcf, 0xd9, 0xcf, 0xd9, 0xd7, 0xfa, 0xd7, 0xda, 0xe7, 0xdb, 0xe7, 0xbc, 0xe7, 0xbc, 0xe7, 0xbc, 0xef, 0x9d, 0xef, 0x9d, 0xef, 0x9d, 0xef, 0x7d, 0xef, 0x9d, 0xef, 0x9d, 0xef, 0x9d, 0xef, 0x9d, 0xef, 0x9d, 0xef, 0x9d, 0xe7, 0xbc, 0xe7, 0x9c, 0xef, 0x9c, 0xef, 0x9d, 0xef, 0x9d, 0xe7, 0x9d, 0xe7, 0x9d, 0xe7, 0x9d, 0xef, 0x9d, 0xef, 0x9d, 0xef, 0x9d, 0xef, 0x7d, 0xef, 0x7d, 0xef, 0x9c, 0xef, 0x9c, 0xe7, 0xbc, 0xe7, 0xbc, 0xe7, 0xbc, 0xe7, 0x9c, 0xef, 0x9c, 0xef, 0x9c, 0xef, 0x9c, 0xef, 0x9c, 0xef, 0x9c, 0xef, 0x9c, 0xe7, 0x9c, 0xe7, 0x9c, 0xe7, 0x9d, 0xe7, 0x9d, 0xe7, 0x9d, 0xe7, 0xbd, 0xe7, 0xbd, 0xe7, 0xbd, 0xe7, 0x9d, 0xef, 0x9d, 0xef, 0x9d, 0xef, 0xbc, 0xe7, 0xdc, 0xdf, 0xdb, 0xdf, 0xda, 0xd7, 0xf9, 0xcf, 0xf9, 0xc7, 0xf8, 0xc7, 0xf8, 0xc7, 0xf8, 0xc7, 0xf8, 0xc7, 0xf8, 0xc7, 0xf8, 0xc7, 0xf8, 0xc7, 0xf8, 0xc7, 0xf8, 0xc7, 0xf8, 0xc7, 0xf8, 0xc7, 0xf8, 
  0xc7, 0xf8, 0xc7, 0xf8, 0xc7, 0xf8, 0xc7, 0xf8, 0xc7, 0xf8, 0xc7, 0xf8, 0xc7, 0xf8, 0xc7, 0xf8, 0xc7, 0xf8, 0xc7, 0xf8, 0xcf, 0xf9, 0xcf, 0xf9, 0xcf, 0xd9, 0xd7, 0xda, 0xd7, 0xda, 0xdf, 0xdb, 0xe7, 0xbc, 0xef, 0x9c, 0xef, 0x9c, 0xef, 0x9d, 0xef, 0x9d, 0xef, 0x9d, 0xef, 0x9d, 0xef, 0x7d, 0xef, 0x9d, 0xef, 0x9d, 0xef, 0x9d, 0xef, 0x9d, 0xef, 0x9d, 0xef, 0x9d, 0xef, 0x9c, 0xef, 0x9c, 0xef, 0x7d, 0xef, 0x7d, 0xef, 0x9d, 0xe7, 0x9d, 0xe7, 0x9d, 0xe7, 0x9d, 0xe7, 0xbd, 0xef, 0x9d, 0xef, 0x9d, 0xef, 0x9d, 0xef, 0x7d, 0xef, 0x9d, 0xef, 0x9c, 0xe7, 0x9c, 0xe7, 0xbc, 0xe7, 0xbc, 0xe7, 0x9c, 0xef, 0x9c, 0xef, 0x9c, 0xef, 0x9c, 0xe7, 0x9c, 0xe7, 0x9c, 0xe7, 0x9c, 0xe7, 0x9c, 0xe7, 0x9d, 0xe7, 0x9d, 0xe7, 0x9d, 0xe7, 0x9d, 0xe7, 0x9d, 0xe7, 0x9d, 0xe7, 0x9d, 0xe7, 0x9d, 0xef, 0x9d, 0xef, 0x9d, 0xef, 0x9d, 0xe7, 0xbc, 0xe7, 0xdc, 0xdf, 0xdb, 0xd7, 0xda, 0xcf, 0xd9, 0xcf, 0xf9, 0xc7, 0xf8, 0xc7, 0xf8, 0xc7, 0xf8, 0xc7, 0xf8, 0xc7, 0xf8, 0xc7, 0xf8, 0xc7, 0xf8, 0xc7, 0xf8, 0xc7, 0xf8, 0xc7, 0xf8, 0xc7, 0xf8, 
  0xc7, 0xf9, 0xc7, 0xf8, 0xc7, 0xf8, 0xc7, 0xf8, 0xc7, 0xf8, 0xc7, 0xf8, 0xc7, 0xf8, 0xc7, 0xf8, 0xc7, 0xf8, 0xc7, 0xf8, 0xcf, 0xf9, 0xcf, 0xd9, 0xd7, 0xda, 0xd7, 0xda, 0xdf, 0xdb, 0xe7, 0xdc, 0xe7, 0x9c, 0xef, 0x9c, 0xef, 0x9c, 0xef, 0x9c, 0xef, 0x9d, 0xef, 0x9d, 0xef, 0x9d, 0xef, 0x9d, 0xe7, 0x9d, 0xe7, 0x9d, 0xe7, 0x9d, 0xef, 0x9d, 0xef, 0x9d, 0xef, 0x9d, 0xef, 0x9d, 0xef, 0x9d, 0xef, 0x9d, 0xef, 0x9d, 0xef, 0x9d, 0xe7, 0x9c, 0xe7, 0x9c, 0xe7, 0x9c, 0xe7, 0x9c, 0xe7, 0x9c, 0xef, 0x9c, 0xef, 0x9c, 0xef, 0x9d, 0xef, 0x9d, 0xef, 0x9d, 0xef, 0x9d, 0xef, 0x9d, 0xef, 0x9d, 0xe7, 0x9d, 0xe7, 0x9d, 0xe7, 0x9d, 0xe7, 0x9d, 0xe7, 0x9d, 0xe7, 0x9d, 0xe7, 0x9d, 0xe7, 0x9d, 0xe7, 0x9d, 0xe7, 0x9d, 0xe7, 0x9d, 0xe7, 0x9d, 0xe7, 0x9d, 0xef, 0x9d, 0xef, 0x9d, 0xef, 0x9d, 0xef, 0x9d, 0xef, 0x9d, 0xef, 0x9d, 0xe7, 0xbc, 0xe7, 0xdc, 0xdf, 0xdb, 0xd7, 0xda, 0xd7, 0xd9, 0xcf, 0xf9, 0xcf, 0xf9, 0xc7, 0xf8, 0xc7, 0xf8, 0xc7, 0xf8, 0xc7, 0xf8, 0xc7, 0xf8, 0xc7, 0xf8, 0xc7, 0xf8, 0xc7, 0xf8, 0xc7, 0xf8, 0xc7, 0xf8, 
  0xc7, 0xf9, 0xc7, 0xf9, 0xc7, 0xf8, 0xc7, 0xf8, 0xc7, 0xf8, 0xc7, 0xf8, 0xc7, 0xf7, 0xc7, 0xf7, 0xc7, 0xf8, 0xc7, 0xf8, 0xcf, 0xf8, 0xcf, 0xd9, 0xd7, 0xda, 0xdf, 0xdb, 0xdf, 0xdb, 0xe7, 0xbc, 0xef, 0x9c, 0xef, 0x9c, 0xef, 0x9c, 0xef, 0x9c, 0xef, 0x9d, 0xef, 0x9d, 0xe7, 0x9d, 0xe7, 0xbd, 0xe7, 0x9d, 0xe7, 0x9d, 0xe7, 0x9d, 0xe7, 0x9d, 0xef, 0x9c, 0xef, 0x9d, 0xef, 0x9d, 0xef, 0x9d, 0xe7, 0xbd, 0xe7, 0xbd, 0xe7, 0xbc, 0xe7, 0x9c, 0xef, 0x9c, 0xef, 0x9c, 0xef, 0x9c, 0xe7, 0x9c, 0xe7, 0x9c, 0xe7, 0x9c, 0xe7, 0x9c, 0xe7, 0x9d, 0xef, 0x9d, 0xef, 0x9d, 0xef, 0x7d, 0xef, 0x7d, 0xef, 0x9d, 0xe7, 0x9d, 0xe7, 0x9d, 0xe7, 0x9d, 0xe7, 0x9d, 0xe7, 0x9d, 0xe7, 0x9d, 0xe7, 0x9d, 0xe7, 0x9d, 0xef, 0x9d, 0xef, 0x9d, 0xef, 0x9d, 0xef, 0x9d, 0xef, 0x9d, 0xef, 0x9d, 0xef, 0x9d, 0xef, 0x9d, 0xef, 0x9d, 0xef, 0x9d, 0xe7, 0x9c, 0xe7, 0xdc, 0xdf, 0xdb, 0xdf, 0xda, 0xd7, 0xda, 0xcf, 0xd9, 0xcf, 0xf9, 0xc7, 0xf8, 0xc7, 0xf8, 0xc7, 0xf8, 0xc7, 0xf8, 0xc7, 0xf8, 0xc7, 0xf8, 0xc7, 0xf8, 0xc7, 0xf8, 0xc7, 0xf8, 0xc7, 0xf8, 
  0xc7, 0xf9, 0xc7, 0xf9, 0xc7, 0xf8, 0xc7, 0xf8, 0xc7, 0xf8, 0xc7, 0xf7, 0xc7, 0xf7, 0xc7, 0xf7, 0xc7, 0xf8, 0xc7, 0xf8, 0xcf, 0xf9, 0xcf, 0xda, 0xd7, 0xda, 0xdf, 0xdb, 0xe7, 0xbc, 0xe7, 0xbc, 0xef, 0x9c, 0xef, 0x9d, 0xef, 0x9d, 0xef, 0x9d, 0xef, 0x9d, 0xef, 0x9d, 0xef, 0x9d, 0xe7, 0xbd, 0xe7, 0xbd, 0xe7, 0xbd, 0xe7, 0x9d, 0xe7, 0x9d, 0xef, 0x9c, 0xef, 0x9d, 0xef, 0x9d, 0xef, 0x9d, 0xe7, 0x9c, 0xe7, 0xbc, 0xe7, 0xbc, 0xef, 0x9c, 0xef, 0x9c, 0xef, 0x9c, 0xef, 0x9c, 0xef, 0xbc, 0xe7, 0x9c, 0xe7, 0xbc, 0xe7, 0x9d, 0xe7, 0x9d, 0xef, 0x9d, 0xef, 0x7d, 0xef, 0x7d, 0xef, 0x7d, 0xef, 0x9d, 0xe7, 0x9d, 0xe7, 0x9d, 0xe7, 0x9d, 0xe7, 0x9d, 0xe7, 0x9d, 0xe7, 0x9d, 0xe7, 0x9d, 0xef, 0x9d, 0xef, 0x9d, 0xef, 0x9d, 0xef, 0x9d, 0xef, 0x9d, 0xef, 0x9d, 0xef, 0x9d, 0xef, 0x9d, 0xef, 0x9d, 0xef, 0x9d, 0xef, 0x9d, 0xe7, 0x9c, 0xe7, 0xbc, 0xe7, 0xdc, 0xdf, 0xdb, 0xd7, 0xda, 0xcf, 0xd9, 0xcf, 0xf9, 0xc7, 0xf8, 0xc7, 0xf8, 0xc7, 0xf8, 0xc7, 0xf8, 0xc7, 0xf8, 0xc7, 0xf8, 0xc7, 0xf8, 0xc7, 0xf8, 0xc7, 0xf8, 0xc7, 0xf8, 
  0xc7, 0xf9, 0xc7, 0xf9, 0xc7, 0xf8, 0xc7, 0xf8, 0xc7, 0xf8, 0xc7, 0xf8, 0xc7, 0xf7, 0xc7, 0xf7, 0xc7, 0xf8, 0xc7, 0xf8, 0xcf, 0xf9, 0xd7, 0xfa, 0xdf, 0xdb, 0xe7, 0xdc, 0xef, 0x9d, 0xef, 0x9d, 0xef, 0x9d, 0xef, 0x9d, 0xef, 0x9d, 0xef, 0x9d, 0xef, 0x9d, 0xef, 0x9d, 0xef, 0x9d, 0xef, 0x9d, 0xef, 0x9d, 0xef, 0x9d, 0xef, 0x9d, 0xef, 0x9d, 0xef, 0x9d, 0xef, 0x9d, 0xef, 0x9d, 0xef, 0x9d, 0xef, 0x9d, 0xef, 0x9d, 0xef, 0x9d, 0xef, 0x9d, 0xef, 0x9d, 0xef, 0x9d, 0xef, 0x9d, 0xef, 0x9d, 0xef, 0x9d, 0xef, 0x9d, 0xef, 0x9d, 0xef, 0x9d, 0xef, 0x9d, 0xef, 0x9d, 0xef, 0x9d, 0xef, 0x9d, 0xef, 0x9d, 0xef, 0x9d, 0xef, 0x9d, 0xef, 0x9d, 0xef, 0x9d, 0xef, 0x9d, 0xef, 0x9d, 0xef, 0x9d, 0xef, 0x9d, 0xef, 0x9d, 0xef, 0x9d, 0xef, 0x9d, 0xef, 0x9d, 0xef, 0x9d, 0xef, 0x9d, 0xef, 0x9d, 0xef, 0x9d, 0xef, 0x9d, 0xef, 0x9d, 0xef, 0x9d, 0xef, 0x9d, 0xe7, 0xbc, 0xdf, 0xdb, 0xd7, 0xfa, 0xcf, 0xf9, 0xc7, 0xf8, 0xc7, 0xf8, 0xc7, 0xf8, 0xc7, 0xf8, 0xc7, 0xf8, 0xc7, 0xf8, 0xc7, 0xf8, 0xc7, 0xf8, 0xc7, 0xf8, 0xc7, 0xf8, 0xc7, 0xf8, 
  0xc7, 0xf9, 0xc7, 0xf9, 0xc7, 0xf8, 0xc7, 0xf8, 0xcf, 0xf8, 0xcf, 0xf8, 0xc7, 0xf7, 0xc7, 0xf8, 0xc7, 0xf8, 0xc7, 0xf8, 0xc7, 0xf9, 0xd7, 0xfa, 0xdf, 0xdc, 0xe7, 0xbc, 0xef, 0x9d, 0xef, 0x9d, 0xef, 0x9d, 0xef, 0x9d, 0xef, 0x9d, 0xef, 0x9d, 0xef, 0x9d, 0xef, 0x9d, 0xef, 0x9d, 0xef, 0x9d, 0xef, 0x9d, 0xef, 0x9d, 0xef, 0x9d, 0xef, 0x9d, 0xef, 0x9d, 0xef, 0x9d, 0xef, 0x9d, 0xef, 0x9d, 0xef, 0x9d, 0xef, 0x9d, 0xef, 0x9d, 0xef, 0x9d, 0xef, 0x9d, 0xef, 0x9d, 0xef, 0x9d, 0xef, 0x9d, 0xef, 0x9d, 0xef, 0x9d, 0xef, 0x9d, 0xef, 0x9d, 0xef, 0x9d, 0xef, 0x9d, 0xef, 0x9d, 0xef, 0x9d, 0xef, 0x9d, 0xef, 0x9d, 0xef, 0x9d, 0xef, 0x9d, 0xef, 0x9d, 0xef, 0x9d, 0xef, 0x9d, 0xef, 0x9d, 0xef, 0x9d, 0xef, 0x9d, 0xef, 0x9d, 0xef, 0x9d, 0xef, 0x9d, 0xef, 0x9d, 0xef, 0x9d, 0xef, 0x9d, 0xef, 0x9d, 0xef, 0x9d, 0xef, 0x9d, 0xef, 0x7d, 0xef, 0x9d, 0xef, 0xbc, 0xe7, 0xdc, 0xdf, 0xdb, 0xcf, 0xd9, 0xc7, 0xf8, 0xc7, 0xf8, 0xbf, 0xf8, 0xc7, 0xf8, 0xc7, 0xf8, 0xc7, 0xf8, 0xc7, 0xf8, 0xc7, 0xf8, 0xc7, 0xf8, 0xc7, 0xf8, 0xc7, 0xf8, 
  0xc7, 0xf9, 0xc7, 0xf8, 0xc7, 0xf8, 0xc7, 0xf8, 0xc7, 0xf8, 0xc7, 0xf8, 0xc7, 0xf8, 0xc7, 0xf8, 0xc7, 0xf8, 0xc7, 0xf8, 0xcf, 0xd9, 0xd7, 0xdb, 0xdf, 0xdc, 0xe7, 0xbc, 0xef, 0x9d, 0xef, 0x9d, 0xef, 0x9d, 0xef, 0x9d, 0xef, 0x9d, 0xef, 0x9d, 0xef, 0x9d, 0xef, 0x9d, 0xef, 0x9d, 0xef, 0x9d, 0xef, 0x9d, 0xef, 0x9d, 0xef, 0x9d, 0xef, 0x9d, 0xef, 0x9d, 0xef, 0x9d, 0xef, 0x9d, 0xef, 0x9d, 0xef, 0x9d, 0xef, 0x9d, 0xef, 0x9d, 0xef, 0x9d, 0xef, 0x9d, 0xef, 0x9d, 0xef, 0x9d, 0xef, 0x9d, 0xef, 0x9d, 0xef, 0x9d, 0xef, 0x9d, 0xef, 0x9d, 0xef, 0x9d, 0xef, 0x9d, 0xef, 0x9d, 0xef, 0x9d, 0xef, 0x9d, 0xef, 0x9d, 0xef, 0x9d, 0xef, 0x9d, 0xef, 0x9d, 0xef, 0x9d, 0xef, 0x9d, 0xef, 0x9d, 0xef, 0x9d, 0xef, 0x9d, 0xef, 0x9d, 0xef, 0x9d, 0xef, 0x9d, 0xef, 0x9d, 0xef, 0x9d, 0xef, 0x9d, 0xef, 0x9d, 0xef, 0x9d, 0xef, 0x9d, 0xef, 0x7d, 0xef, 0x9d, 0xef, 0xbd, 0xe7, 0xdc, 0xdf, 0xdb, 0xcf, 0xd9, 0xc7, 0xf8, 0xc7, 0xf8, 0xc7, 0xf8, 0xc7, 0xf8, 0xc7, 0xf8, 0xc7, 0xf8, 0xc7, 0xf8, 0xc7, 0xf8, 0xc7, 0xf8, 0xc7, 0xf8, 0xc7, 0xf8, 
  0xc7, 0xf8, 0xc7, 0xf8, 0xc7, 0xf8, 0xc7, 0xf8, 0xc7, 0xf8, 0xc7, 0xf8, 0xc7, 0xf8, 0xc7, 0xf8, 0xc7, 0xf8, 0xc7, 0xf8, 0xcf, 0xd9, 0xd7, 0xdb, 0xe7, 0xdc, 0xe7, 0xbd, 0xef, 0x9d, 0xef, 0x7d, 0xef, 0x9d, 0xef, 0x9d, 0xef, 0x9d, 0xef, 0x9d, 0xef, 0x9d, 0xef, 0x9d, 0xef, 0x9d, 0xef, 0x9d, 0xef, 0x9d, 0xef, 0x9d, 0xef, 0x9d, 0xef, 0x9d, 0xef, 0x9d, 0xef, 0x9d, 0xef, 0x9d, 0xef, 0x9d, 0xef, 0x9d, 0xef, 0x9d, 0xef, 0x9d, 0xef, 0x9d, 0xef, 0x9d, 0xef, 0x9d, 0xef, 0x9d, 0xef, 0x9d, 0xef, 0x9d, 0xef, 0x9d, 0xef, 0x9d, 0xef, 0x9d, 0xef, 0x9d, 0xef, 0x9d, 0xef, 0x9d, 0xef, 0x9d, 0xef, 0x9d, 0xef, 0x9d, 0xef, 0x9d, 0xef, 0x9d, 0xef, 0x9d, 0xef, 0x9d, 0xef, 0x9d, 0xef, 0x9d, 0xef, 0x9d, 0xef, 0x9d, 0xef, 0x9d, 0xef, 0x9d, 0xef, 0x9d, 0xef, 0x9d, 0xef, 0x9d, 0xef, 0x9d, 0xef, 0x9d, 0xef, 0x9d, 0xef, 0x9d, 0xef, 0x7d, 0xef, 0x9d, 0xef, 0xbd, 0xe7, 0xbc, 0xdf, 0xdb, 0xd7, 0xda, 0xcf, 0xf9, 0xc7, 0xf8, 0xc7, 0xf8, 0xc7, 0xf8, 0xc7, 0xf8, 0xc7, 0xf8, 0xc7, 0xf8, 0xc7, 0xf8, 0xc7, 0xf8, 0xc7, 0xf8, 0xc7, 0xf8, 
  0xc7, 0xf8, 0xc7, 0xf8, 0xc7, 0xf8, 0xc7, 0xf8, 0xc7, 0xf8, 0xc7, 0xf8, 0xc7, 0xf8, 0xc7, 0xf8, 0xc7, 0xf8, 0xcf, 0xd9, 0xd7, 0xda, 0xdf, 0xdb, 0xe7, 0xdc, 0xef, 0xbd, 0xef, 0x9d, 0xef, 0x7d, 0xef, 0x9d, 0xef, 0x9d, 0xef, 0x9d, 0xef, 0x9d, 0xef, 0x9d, 0xef, 0x9d, 0xef, 0x9d, 0xef, 0x9d, 0xef, 0x9d, 0xef, 0x9d, 0xef, 0x9d, 0xef, 0x9d, 0xef, 0x9d, 0xef, 0x9d, 0xef, 0x9d, 0xef, 0x9d, 0xef, 0x9d, 0xef, 0x9d, 0xef, 0x9d, 0xef, 0x9d, 0xef, 0x9d, 0xef, 0x9d, 0xef, 0x9d, 0xef, 0x9d, 0xef, 0x9d, 0xef, 0x9d, 0xef, 0x9d, 0xef, 0x9d, 0xef, 0x9d, 0xef, 0x9d, 0xef, 0x9d, 0xef, 0x9d, 0xef, 0x9d, 0xef, 0x9d, 0xef, 0x9d, 0xef, 0x9d, 0xef, 0x9d, 0xef, 0x9d, 0xef, 0x9d, 0xef, 0x9d, 0xef, 0x9d, 0xef, 0x9d, 0xef, 0x9d, 0xef, 0x9d, 0xef, 0x9d, 0xef, 0x9d, 0xef, 0x9d, 0xef, 0x9d, 0xef, 0x9d, 0xef, 0x9d, 0xef, 0x9d, 0xef, 0x9d, 0xef, 0x9d, 0xef, 0xbd, 0xe7, 0xbc, 0xdf, 0xdb, 0xd7, 0xba, 0xcf, 0xd9, 0xc7, 0xf8, 0xc7, 0xf8, 0xc7, 0xf8, 0xc7, 0xf8, 0xc7, 0xf8, 0xc7, 0xf8, 0xc7, 0xf8, 0xc7, 0xf8, 0xc7, 0xf8, 0xc7, 0xf8, 
  0xc7, 0xf8, 0xc7, 0xf8, 0xc7, 0xf8, 0xc7, 0xf8, 0xc7, 0xf8, 0xc7, 0xf8, 0xc7, 0xf8, 0xc7, 0xf8, 0xcf, 0xf9, 0xcf, 0xd9, 0xd7, 0xda, 0xdf, 0xdb, 0xe7, 0xdc, 0xef, 0xbd, 0xef, 0x9d, 0xef, 0x7d, 0xef, 0x9d, 0xef, 0x9d, 0xef, 0x9d, 0xef, 0x9d, 0xef, 0x9d, 0xef, 0x9d, 0xef, 0x9d, 0xef, 0x9d, 0xef, 0x9d, 0xef, 0x9d, 0xef, 0x9d, 0xef, 0x9d, 0xef, 0x9d, 0xef, 0x9d, 0xef, 0x9d, 0xef, 0x9d, 0xef, 0x9d, 0xef, 0x9d, 0xef, 0x9d, 0xef, 0x9d, 0xef, 0x9d, 0xef, 0x9d, 0xef, 0x9d, 0xef, 0x9d, 0xef, 0x9d, 0xef, 0x9d, 0xef, 0x9d, 0xef, 0x9d, 0xef, 0x9d, 0xef, 0x9d, 0xef, 0x9d, 0xef, 0x9d, 0xef, 0x9d, 0xef, 0x9d, 0xef, 0x9d, 0xef, 0x9d, 0xef, 0x9d, 0xef, 0x9d, 0xef, 0x9d, 0xef, 0x9d, 0xef, 0x9d, 0xef, 0x9d, 0xef, 0x9d, 0xef, 0x9d, 0xef, 0x9d, 0xef, 0x9d, 0xef, 0x9d, 0xef, 0x9d, 0xef, 0x9d, 0xef, 0x9d, 0xef, 0x9d, 0xef, 0x9d, 0xef, 0x9d, 0xef, 0x9d, 0xe7, 0xbc, 0xdf, 0xbc, 0xd7, 0x9a, 0xcf, 0xb9, 0xcf, 0xd9, 0xc7, 0xf8, 0xc7, 0xf8, 0xc7, 0xf8, 0xc7, 0xf8, 0xc7, 0xf8, 0xc7, 0xf8, 0xc7, 0xf8, 0xc7, 0xf8, 0xc7, 0xf8, 
  0xc7, 0xf7, 0xc7, 0xf7, 0xc7, 0xf7, 0xc7, 0xf8, 0xc7, 0xf8, 0xc7, 0xf8, 0xc7, 0xf8, 0xc7, 0xf9, 0xcf, 0xf9, 0xd7, 0xba, 0xd7, 0xba, 0xe7, 0xbb, 0xe7, 0xbc, 0xef, 0xbd, 0xef, 0x9d, 0xef, 0x9d, 0xef, 0x9d, 0xef, 0x9d, 0xef, 0x9d, 0xef, 0x9d, 0xef, 0x9d, 0xef, 0x9d, 0xef, 0x9d, 0xef, 0x9d, 0xef, 0x9d, 0xef, 0x9d, 0xef, 0x9d, 0xef, 0x9d, 0xef, 0x9d, 0xef, 0x9d, 0xef, 0x9d, 0xef, 0x9d, 0xef, 0x9d, 0xef, 0x9d, 0xef, 0x9d, 0xef, 0x9d, 0xef, 0x9d, 0xef, 0x9d, 0xef, 0x9d, 0xef, 0x9d, 0xef, 0x9d, 0xef, 0x9d, 0xef, 0x9d, 0xef, 0x9d, 0xef, 0x9d, 0xef, 0x9d, 0xef, 0x9d, 0xef, 0x9d, 0xef, 0x9d, 0xef, 0x9d, 0xef, 0x9d, 0xef, 0x9d, 0xef, 0x9d, 0xef, 0x9d, 0xef, 0x9d, 0xef, 0x9d, 0xef, 0x9d, 0xef, 0x9d, 0xef, 0x9d, 0xef, 0x9d, 0xef, 0x9d, 0xef, 0x9d, 0xef, 0x9d, 0xef, 0x9d, 0xef, 0x9d, 0xef, 0x9d, 0xef, 0x9d, 0xef, 0x9d, 0xef, 0x9d, 0xef, 0x9d, 0xef, 0xbc, 0xe7, 0xbc, 0xdf, 0xbb, 0xd7, 0xba, 0xcf, 0xd9, 0xcf, 0xd9, 0xc7, 0xf8, 0xc7, 0xf8, 0xc7, 0xf8, 0xc7, 0xf8, 0xc7, 0xf8, 0xc7, 0xf8, 0xc7, 0xf8, 0xc7, 0xf8, 
  0xcf, 0xf7, 0xc7, 0xf7, 0xc7, 0xf7, 0xc7, 0xf8, 0xc7, 0xf8, 0xc7, 0xf8, 0xc7, 0xf9, 0xcf, 0xf9, 0xcf, 0xd9, 0xd7, 0xba, 0xdf, 0x9b, 0xe7, 0x9c, 0xef, 0xbc, 0xef, 0x9d, 0xef, 0x9d, 0xef, 0x9d, 0xef, 0x9d, 0xef, 0x9d, 0xef, 0x9d, 0xef, 0x9d, 0xef, 0x9d, 0xef, 0x9d, 0xef, 0x9d, 0xef, 0x9d, 0xef, 0x9d, 0xef, 0x9d, 0xef, 0x9d, 0xef, 0x9d, 0xef, 0x9d, 0xef, 0x9d, 0xef, 0x9d, 0xef, 0x9d, 0xef, 0x9d, 0xef, 0x9d, 0xef, 0x9d, 0xef, 0x9d, 0xef, 0x9d, 0xef, 0x9d, 0xef, 0x9d, 0xef, 0x9d, 0xef, 0x9d, 0xef, 0x9d, 0xef, 0x9d, 0xef, 0x9d, 0xef, 0x9d, 0xef, 0x9d, 0xef, 0x9d, 0xef, 0x9d, 0xef, 0x9d, 0xef, 0x9d, 0xef, 0x9d, 0xef, 0x9d, 0xef, 0x9d, 0xef, 0x9d, 0xef, 0x9d, 0xef, 0x9d, 0xef, 0x9d, 0xef, 0x9d, 0xef, 0x9d, 0xef, 0x9d, 0xef, 0x9d, 0xef, 0x9d, 0xef, 0x9d, 0xef, 0x9d, 0xef, 0x9d, 0xef, 0x9d, 0xef, 0x9d, 0xef, 0x9d, 0xef, 0x9d, 0xef, 0x9d, 0xef, 0x9d, 0xe7, 0x9c, 0xe7, 0xdc, 0xdf, 0xdb, 0xd7, 0xda, 0xcf, 0xd9, 0xcf, 0xf9, 0xc7, 0xf9, 0xc7, 0xf8, 0xc7, 0xf8, 0xc7, 0xf8, 0xc7, 0xf8, 0xc7, 0xf8, 0xc7, 0xf8, 
  0xc7, 0xf7, 0xc7, 0xf7, 0xc7, 0xf7, 0xc7, 0xf8, 0xc7, 0xf8, 0xc7, 0xf9, 0xc7, 0xf9, 0xcf, 0xd9, 0xd7, 0xda, 0xdf, 0xbb, 0xe7, 0xbc, 0xe7, 0xbc, 0xef, 0x9d, 0xef, 0x9d, 0xef, 0x9d, 0xef, 0x9d, 0xef, 0x9d, 0xef, 0x9d, 0xef, 0x9d, 0xef, 0x9d, 0xef, 0x9d, 0xef, 0x9d, 0xef, 0x9d, 0xef, 0x9d, 0xef, 0x9d, 0xef, 0x9d, 0xef, 0x9d, 0xef, 0x9d, 0xef, 0x9d, 0xef, 0x9d, 0xef, 0x9d, 0xef, 0x9d, 0xef, 0x9d, 0xef, 0x9d, 0xef, 0x9d, 0xef, 0x9d, 0xef, 0x9d, 0xef, 0x9d, 0xef, 0x9d, 0xef, 0x9d, 0xef, 0x9d, 0xef, 0x9d, 0xef, 0x9d, 0xef, 0x9d, 0xef, 0x9d, 0xef, 0x9d, 0xef, 0x9d, 0xef, 0x9d, 0xef, 0x9d, 0xef, 0x9d, 0xef, 0x9d, 0xef, 0x9d, 0xef, 0x9d, 0xef, 0x9d, 0xef, 0x9d, 0xef, 0x9d, 0xef, 0x9d, 0xef, 0x9d, 0xef, 0x9d, 0xef, 0x9d, 0xef, 0x9d, 0xef, 0x9d, 0xef, 0x9d, 0xef, 0x9d, 0xef, 0x9d, 0xef, 0x9d, 0xef, 0x9d, 0xef, 0x9d, 0xef, 0x9d, 0xef, 0x9d, 0xef, 0x9d, 0xef, 0xbc, 0xe7, 0xbc, 0xdf, 0xdc, 0xdf, 0xdb, 0xd7, 0xda, 0xcf, 0xd9, 0xcf, 0xd9, 0xcf, 0xd8, 0xc7, 0xf8, 0xc7, 0xf8, 0xc7, 0xf8, 0xc7, 0xf8, 0xc7, 0xf8, 
  0xc7, 0xf7, 0xc7, 0xf8, 0xc7, 0xf8, 0xc7, 0xf8, 0xc7, 0xf8, 0xcf, 0xf9, 0xcf, 0xda, 0xd7, 0xda, 0xdf, 0xdb, 0xe7, 0xbc, 0xe7, 0xbc, 0xef, 0x9d, 0xef, 0x9d, 0xef, 0x9d, 0xef, 0x9d, 0xef, 0x9d, 0xef, 0x9d, 0xef, 0x9d, 0xef, 0x9d, 0xef, 0x9d, 0xef, 0x9d, 0xef, 0x9d, 0xef, 0x9d, 0xef, 0x9d, 0xef, 0x9d, 0xef, 0x9d, 0xef, 0x9d, 0xef, 0x9d, 0xef, 0x9d, 0xef, 0x9d, 0xef, 0x9d, 0xef, 0x9d, 0xef, 0x9d, 0xef, 0x9d, 0xef, 0x9d, 0xef, 0x9d, 0xef, 0x9d, 0xef, 0x9d, 0xef, 0x9d, 0xef, 0x9d, 0xef, 0x9d, 0xef, 0x9d, 0xef, 0x9d, 0xef, 0x9d, 0xef, 0x9d, 0xef, 0x9d, 0xef, 0x9d, 0xef, 0x9d, 0xef, 0x9d, 0xef, 0x9d, 0xef, 0x9d, 0xef, 0x9d, 0xef, 0x9d, 0xef, 0x9d, 0xef, 0x9d, 0xef, 0x9d, 0xef, 0x9d, 0xef, 0x9d, 0xef, 0x9d, 0xef, 0x9d, 0xef, 0x9d, 0xef, 0x9d, 0xef, 0x9d, 0xef, 0x9d, 0xef, 0x9d, 0xef, 0x9d, 0xef, 0x9d, 0xef, 0x9d, 0xef, 0x9d, 0xef, 0x9d, 0xef, 0x9d, 0xef, 0x9d, 0xe7, 0xbc, 0xe7, 0xbc, 0xdf, 0xdc, 0xdf, 0xdb, 0xd7, 0xda, 0xd7, 0xda, 0xcf, 0xd9, 0xcf, 0xf8, 0xc7, 0xf8, 0xc7, 0xf8, 0xc7, 0xf8, 0xc7, 0xf8, 
  0xc7, 0xf8, 0xcf, 0xf8, 0xcf, 0xf8, 0xcf, 0xf8, 0xcf, 0xd9, 0xd7, 0xda, 0xd7, 0xdb, 0xdf, 0xdc, 0xe7, 0xdc, 0xe7, 0xbc, 0xef, 0x9d, 0xef, 0x9d, 0xef, 0x9d, 0xef, 0x9d, 0xef, 0x9d, 0xef, 0x9d, 0xef, 0x9d, 0xef, 0x9d, 0xef, 0x9d, 0xef, 0x9d, 0xef, 0x9d, 0xef, 0x9d, 0xef, 0x9d, 0xef, 0x9d, 0xef, 0x9d, 0xef, 0x9d, 0xef, 0x9d, 0xef, 0x9d, 0xef, 0x9d, 0xef, 0x9d, 0xef, 0x9d, 0xef, 0x9d, 0xef, 0x9d, 0xef, 0x9d, 0xef, 0x9d, 0xef, 0x9d, 0xef, 0x9d, 0xef, 0x9d, 0xef, 0x9d, 0xef, 0x9d, 0xef, 0x9d, 0xef, 0x9d, 0xef, 0x9d, 0xef, 0x9d, 0xef, 0x9d, 0xef, 0x9d, 0xef, 0x9d, 0xef, 0x9d, 0xef, 0x9d, 0xef, 0x9d, 0xef, 0x9d, 0xef, 0x9d, 0xef, 0x9d, 0xef, 0x9d, 0xef, 0x9d, 0xef, 0x9d, 0xef, 0x9d, 0xef, 0x9d, 0xef, 0x9d, 0xef, 0x9d, 0xef, 0x9d, 0xef, 0x9d, 0xef, 0x9d, 0xef, 0x9d, 0xef, 0x9d, 0xef, 0x9d, 0xef, 0x9d, 0xef, 0x9d, 0xef, 0x9d, 0xef, 0x9d, 0xef, 0x9d, 0xef, 0x9d, 0xe7, 0x9d, 0xe7, 0xbd, 0xe7, 0xbc, 0xe7, 0xdc, 0xdf, 0xdb, 0xdf, 0xdb, 0xd7, 0xda, 0xd7, 0xd9, 0xcf, 0xf9, 0xcf, 0xf8, 0xc7, 0xf8, 0xc7, 0xf8, 
  0xcf, 0xf8, 0xcf, 0xf8, 0xcf, 0xf9, 0xcf, 0xd9, 0xd7, 0xda, 0xdf, 0xdb, 0xe7, 0xdc, 0xe7, 0xdc, 0xe7, 0xbd, 0xef, 0xbd, 0xef, 0x9d, 0xef, 0x9d, 0xef, 0x9d, 0xef, 0x9d, 0xef, 0x9d, 0xef, 0x9d, 0xef, 0x9d, 0xef, 0x9d, 0xef, 0x9d, 0xef, 0x9d, 0xef, 0x9d, 0xef, 0x9d, 0xef, 0x9d, 0xef, 0x9d, 0xef, 0x9d, 0xef, 0x9d, 0xef, 0x9d, 0xef, 0x9d, 0xef, 0x9d, 0xef, 0x9d, 0xef, 0x9d, 0xef, 0x9d, 0xef, 0x9d, 0xef, 0x9d, 0xef, 0x9d, 0xef, 0x9d, 0xef, 0x9d, 0xef, 0x9d, 0xef, 0x9d, 0xef, 0x9d, 0xef, 0x9d, 0xef, 0x9d, 0xef, 0x9d, 0xef, 0x9d, 0xef, 0x9d, 0xef, 0x9d, 0xef, 0x9d, 0xef, 0x9d, 0xef, 0x9d, 0xef, 0x9d, 0xef, 0x9d, 0xef, 0x9d, 0xef, 0x9d, 0xef, 0x9d, 0xef, 0x9d, 0xef, 0x9d, 0xef, 0x9d, 0xef, 0x9d, 0xef, 0x9d, 0xef, 0x9d, 0xef, 0x9d, 0xef, 0x9d, 0xef, 0x9d, 0xef, 0x9d, 0xef, 0x9d, 0xef, 0x9d, 0xef, 0x9d, 0xef, 0x9d, 0xef, 0x9d, 0xef, 0x9d, 0xef, 0x9d, 0xef, 0x9d, 0xef, 0x9d, 0xe7, 0x9d, 0xe7, 0xbd, 0xe7, 0xbc, 0xe7, 0xdc, 0xe7, 0xdb, 0xdf, 0xdb, 0xd7, 0xda, 0xcf, 0xf9, 0xcf, 0xf9, 0xcf, 0xf8, 0xc7, 0xf8, 
  0xc7, 0xf9, 0xc7, 0xf9, 0xcf, 0xd9, 0xd7, 0xda, 0xdf, 0xdb, 0xe7, 0xdc, 0xef, 0xbc, 0xef, 0x9d, 0xef, 0x9d, 0xef, 0x9d, 0xef, 0x9d, 0xef, 0x9d, 0xef, 0x9d, 0xef, 0x9d, 0xef, 0x9d, 0xef, 0x9d, 0xef, 0x9d, 0xef, 0x9d, 0xef, 0x9d, 0xef, 0x9d, 0xef, 0x9d, 0xef, 0x9d, 0xef, 0x9d, 0xef, 0x9d, 0xef, 0x9d, 0xef, 0x9d, 0xef, 0x9d, 0xef, 0x9d, 0xef, 0x9d, 0xef, 0x9d, 0xef, 0x9d, 0xef, 0x9d, 0xef, 0x9d, 0xef, 0x9d, 0xef, 0x9d, 0xef, 0x9d, 0xef, 0x9d, 0xef, 0x9d, 0xef, 0x9d, 0xef, 0x9d, 0xef, 0x9d, 0xef, 0x9d, 0xef, 0x9d, 0xef, 0x9d, 0xef, 0x9d, 0xef, 0x9d, 0xef, 0x9d, 0xef, 0x9d, 0xef, 0x9d, 0xef, 0x9d, 0xef, 0x9d, 0xef, 0x9d, 0xef, 0x9d, 0xef, 0x9d, 0xef, 0x9d, 0xef, 0x9d, 0xef, 0x9d, 0xef, 0x9d, 0xef, 0x9d, 0xef, 0x9d, 0xef, 0x9d, 0xef, 0x9d, 0xef, 0x9d, 0xef, 0x9d, 0xef, 0x9d, 0xef, 0x9d, 0xef, 0x9d, 0xef, 0x9d, 0xef, 0x9c, 0xef, 0x9c, 0xef, 0x9c, 0xef, 0x9d, 0xef, 0x9d, 0xef, 0x9d, 0xef, 0x9d, 0xef, 0x9d, 0xe7, 0xbc, 0xe7, 0xbc, 0xe7, 0xbc, 0xdf, 0xdb, 0xd7, 0xd9, 0xcf, 0xf9, 0xcf, 0xf9, 0xc7, 0xf8, 
  0xc7, 0xf9, 0xc7, 0xf9, 0xcf, 0xd9, 0xdf, 0xda, 0xe7, 0xbb, 0xef, 0xbc, 0xef, 0x9d, 0xef, 0x7d, 0xef, 0x7d, 0xef, 0x7d, 0xef, 0x9d, 0xef, 0x9d, 0xef, 0x9d, 0xef, 0x9d, 0xef, 0x9d, 0xef, 0x9d, 0xef, 0x9d, 0xef, 0x9d, 0xef, 0x9d, 0xef, 0x9d, 0xef, 0x9d, 0xef, 0x9d, 0xef, 0x9d, 0xef, 0x9d, 0xef, 0x9d, 0xef, 0x9d, 0xef, 0x9d, 0xef, 0x9d, 0xef, 0x9d, 0xef, 0x9d, 0xef, 0x9d, 0xef, 0x9d, 0xef, 0x9d, 0xef, 0x9d, 0xef, 0x9d, 0xef, 0x9d, 0xef, 0x9d, 0xef, 0x9d, 0xef, 0x9d, 0xef, 0x9d, 0xef, 0x9d, 0xef, 0x9d, 0xef, 0x9d, 0xef, 0x9d, 0xef, 0x9d, 0xef, 0x9d, 0xef, 0x9d, 0xef, 0x9d, 0xef, 0x9d, 0xef, 0x9d, 0xef, 0x9d, 0xef, 0x9d, 0xef, 0x9d, 0xef, 0x9d, 0xef, 0x9d, 0xef, 0x9d, 0xef, 0x9d, 0xef, 0x9d, 0xef, 0x9d, 0xef, 0x9d, 0xef, 0x9d, 0xef, 0x9d, 0xef, 0x9d, 0xef, 0x9d, 0xef, 0x9d, 0xef, 0x9d, 0xef, 0x9d, 0xef, 0x9d, 0xef, 0x9c, 0xef, 0x9c, 0xef, 0x9c, 0xef, 0x9d, 0xef, 0x9d, 0xef, 0x9d, 0xef, 0x7d, 0xef, 0x7d, 0xef, 0x9d, 0xef, 0xbd, 0xef, 0xbc, 0xe7, 0xdb, 0xd7, 0xda, 0xcf, 0xf9, 0xcf, 0xd9, 0xc7, 0xd8, 
  0xc7, 0xf9, 0xc7, 0xf9, 0xd7, 0xfa, 0xdf, 0xdb, 0xef, 0xbc, 0xef, 0x9c, 0xf7, 0x7d, 0xf7, 0x7d, 0xf7, 0x7e, 0xef, 0x7e, 0xef, 0x9e, 0xef, 0x9d, 0xef, 0x9d, 0xef, 0x9d, 0xef, 0x9d, 0xef, 0x9d, 0xef, 0x9d, 0xef, 0x9d, 0xef, 0x9d, 0xef, 0x9d, 0xef, 0x9d, 0xef, 0x9d, 0xef, 0x9d, 0xef, 0x9d, 0xef, 0x9d, 0xef, 0x9d, 0xef, 0x9d, 0xef, 0x9d, 0xef, 0x9d, 0xef, 0x9d, 0xef, 0x9d, 0xef, 0x9d, 0xef, 0x9d, 0xef, 0x9d, 0xef, 0x9d, 0xef, 0x9d, 0xef, 0x9d, 0xef, 0x9d, 0xef, 0x9d, 0xef, 0x9d, 0xef, 0x9d, 0xef, 0x9d, 0xef, 0x9d, 0xef, 0x9d, 0xef, 0x9d, 0xef, 0x9d, 0xef, 0x9d, 0xef, 0x9d, 0xef, 0x9d, 0xef, 0x9d, 0xef, 0x9d, 0xef, 0x9d, 0xef, 0x9d, 0xef, 0x9d, 0xef, 0x9d, 0xef, 0x9d, 0xef, 0x9d, 0xef, 0x9d, 0xef, 0x9d, 0xef, 0x9d, 0xef, 0x9d, 0xef, 0x9d, 0xef, 0x9d, 0xef, 0x9d, 0xef, 0x9d, 0xef, 0x9d, 0xef, 0x9d, 0xef, 0x9d, 0xe7, 0x9c, 0xe7, 0x9c, 0xef, 0x9c, 0xef, 0x9d, 0xef, 0x9d, 0xef, 0x7d, 0xef, 0x7d, 0xef, 0x7d, 0xef, 0x9d, 0xef, 0x9d, 0xef, 0x9d, 0xe7, 0xbc, 0xd7, 0xfa, 0xcf, 0xf9, 0xcf, 0xd9, 0xcf, 0xd9, 
  0xc7, 0xd9, 0xcf, 0xfa, 0xdf, 0xfb, 0xe7, 0xdc, 0xef, 0xbc, 0xef, 0x7c, 0xf7, 0x7d, 0xf7, 0x7e, 0xf7, 0x9e, 0xef, 0x9e, 0xef, 0x9d, 0xef, 0x9d, 0xef, 0x9d, 0xef, 0x9d, 0xef, 0x9d, 0xef, 0xbd, 0xef, 0x9d, 0xef, 0x9d, 0xef, 0x9d, 0xef, 0x9d, 0xef, 0x9d, 0xef, 0x9d, 0xef, 0x9d, 0xef, 0x9d, 0xef, 0x9d, 0xef, 0x9d, 0xef, 0x9d, 0xef, 0x9d, 0xef, 0x9d, 0xef, 0x9d, 0xef, 0x9d, 0xef, 0x9d, 0xef, 0xbd, 0xef, 0x9d, 0xef, 0x9d, 0xef, 0x9d, 0xef, 0x9d, 0xef, 0x9d, 0xef, 0x9d, 0xef, 0x9d, 0xef, 0x9d, 0xef, 0x9d, 0xef, 0x9d, 0xef, 0x9d, 0xef, 0x9d, 0xef, 0x9d, 0xef, 0x9d, 0xef, 0x9d, 0xef, 0x9d, 0xef, 0x9d, 0xef, 0x9d, 0xef, 0x9d, 0xef, 0x9d, 0xef, 0x9d, 0xef, 0x9d, 0xef, 0x9d, 0xef, 0x9d, 0xef, 0x9d, 0xef, 0x9d, 0xef, 0x9d, 0xef, 0x9d, 0xef, 0x9d, 0xef, 0x9d, 0xef, 0x9d, 0xef, 0x9d, 0xef, 0x9d, 0xef, 0x9d, 0xef, 0x9d, 0xef, 0x9d, 0xef, 0x9c, 0xef, 0x9d, 0xef, 0x9d, 0xef, 0x9d, 0xef, 0x9d, 0xef, 0x7d, 0xef, 0x7d, 0xef, 0x9d, 0xef, 0x9d, 0xef, 0x9d, 0xe7, 0xbc, 0xdf, 0xfb, 0xd7, 0xfa, 0xcf, 0xf9, 0xcf, 0xd9, 
  0xd7, 0xba, 0xd7, 0xda, 0xdf, 0xdb, 0xe7, 0xbc, 0xe7, 0x9c, 0xef, 0x9d, 0xef, 0x7d, 0xef, 0x7d, 0xef, 0x7d, 0xef, 0x7d, 0xef, 0x9d, 0xef, 0x9d, 0xef, 0x9d, 0xef, 0x9d, 0xef, 0x9d, 0xef, 0x9d, 0xef, 0x9d, 0xef, 0x9d, 0xef, 0x9d, 0xef, 0x9d, 0xef, 0x9d, 0xef, 0x9d, 0xef, 0x9d, 0xef, 0x9d, 0xef, 0x9d, 0xef, 0x9d, 0xef, 0x9d, 0xef, 0x9d, 0xef, 0x9d, 0xef, 0x9d, 0xef, 0x9d, 0xef, 0x9d, 0xef, 0x9d, 0xef, 0x9d, 0xef, 0x9d, 0xef, 0x9d, 0xef, 0x9d, 0xef, 0x9d, 0xef, 0x9d, 0xef, 0x9d, 0xef, 0x9d, 0xef, 0x9d, 0xef, 0x9d, 0xef, 0x9d, 0xef, 0x9d, 0xef, 0x9d, 0xef, 0x9d, 0xef, 0x9d, 0xef, 0x9d, 0xef, 0x9d, 0xef, 0x9d, 0xef, 0x9d, 0xef, 0x9d, 0xef, 0x9d, 0xef, 0x9d, 0xef, 0x9d, 0xef, 0x9d, 0xef, 0x7d, 0xef, 0x7d, 0xef, 0x9d, 0xef, 0x9d, 0xef, 0x9d, 0xef, 0x9d, 0xef, 0x9d, 0xef, 0x9d, 0xef, 0x9d, 0xef, 0x9d, 0xef, 0x9d, 0xef, 0x9d, 0xef, 0x9d, 0xef, 0x9d, 0xef, 0x9d, 0xef, 0x9d, 0xef, 0x9d, 0xef, 0x9d, 0xef, 0x9d, 0xef, 0x9d, 0xef, 0x9d, 0xef, 0x9d, 0xef, 0xbd, 0xe7, 0xdc, 0xdf, 0xdb, 0xd7, 0xfa, 0xcf, 0xb9, 
  0xd7, 0xba, 0xdf, 0xbb, 0xe7, 0xdc, 0xe7, 0xbc, 0xe7, 0x9d, 0xef, 0x9d, 0xef, 0x9d, 0xef, 0x7d, 0xef, 0x9d, 0xef, 0x9d, 0xef, 0x7d, 0xef, 0x9d, 0xef, 0x9d, 0xef, 0x9d, 0xef, 0x9d, 0xef, 0x9d, 0xef, 0x9d, 0xef, 0x9d, 0xef, 0x9d, 0xef, 0x9d, 0xef, 0x9d, 0xef, 0x9d, 0xef, 0x9d, 0xef, 0x9d, 0xef, 0x9d, 0xef, 0x9d, 0xef, 0x9d, 0xef, 0x9d, 0xef, 0x9d, 0xef, 0x9d, 0xef, 0x9d, 0xef, 0x9d, 0xef, 0x9d, 0xef, 0x9d, 0xef, 0x9d, 0xef, 0x9d, 0xef, 0x9d, 0xef, 0x9d, 0xef, 0x9d, 0xef, 0x9d, 0xef, 0x9d, 0xef, 0x9d, 0xef, 0x9d, 0xef, 0x9d, 0xef, 0x9d, 0xef, 0x9d, 0xef, 0x9d, 0xef, 0x9d, 0xef, 0x9d, 0xef, 0x9d, 0xef, 0x9d, 0xef, 0x9d, 0xef, 0x9d, 0xef, 0x9d, 0xef, 0x9d, 0xef, 0x9d, 0xef, 0x9d, 0xef, 0x9d, 0xef, 0x9d, 0xef, 0x9d, 0xef, 0x9d, 0xef, 0x9d, 0xef, 0x9d, 0xef, 0x9d, 0xef, 0x9d, 0xef, 0x9d, 0xef, 0x9d, 0xef, 0x9d, 0xef, 0x9d, 0xef, 0x9d, 0xef, 0x9d, 0xef, 0x9d, 0xef, 0x9d, 0xef, 0x9d, 0xef, 0x9d, 0xef, 0x9d, 0xef, 0x9d, 0xef, 0x9d, 0xef, 0x9d, 0xef, 0x9d, 0xef, 0xbc, 0xe7, 0xbb, 0xdf, 0xdb, 0xcf, 0xba, 
  0xdf, 0xbb, 0xdf, 0xbb, 0xe7, 0xdc, 0xe7, 0xbc, 0xe7, 0x9d, 0xef, 0x9d, 0xef, 0x9d, 0xef, 0x9d, 0xef, 0x9d, 0xef, 0x9d, 0xef, 0x9d, 0xef, 0x9d, 0xef, 0x9d, 0xef, 0x9d, 0xef, 0x9d, 0xef, 0x7d, 0xef, 0x9d, 0xef, 0x9d, 0xef, 0x9d, 0xef, 0x9d, 0xef, 0x9d, 0xef, 0x9d, 0xef, 0x9d, 0xef, 0x9d, 0xef, 0x9d, 0xef, 0x9d, 0xef, 0x9d, 0xef, 0x9d, 0xef, 0x9d, 0xef, 0x9d, 0xef, 0x9d, 0xef, 0x9d, 0xef, 0x9d, 0xef, 0x9d, 0xef, 0x9d, 0xef, 0x9d, 0xef, 0x9d, 0xef, 0x9d, 0xef, 0x9d, 0xef, 0x9d, 0xef, 0x9d, 0xef, 0x9d, 0xef, 0x9d, 0xef, 0x9d, 0xef, 0x9d, 0xef, 0x9d, 0xef, 0x9d, 0xef, 0x9d, 0xef, 0x9d, 0xef, 0x9d, 0xef, 0x9d, 0xef, 0x9d, 0xef, 0x9d, 0xef, 0x9d, 0xef, 0x9d, 0xef, 0x9d, 0xef, 0x9d, 0xef, 0x9d, 0xef, 0x9d, 0xef, 0x9d, 0xef, 0x9d, 0xef, 0x9d, 0xef, 0x9d, 0xef, 0x9d, 0xef, 0x9d, 0xef, 0x9d, 0xef, 0x9d, 0xef, 0x9d, 0xef, 0x9d, 0xef, 0x9d, 0xef, 0x9d, 0xef, 0x9d, 0xef, 0x9d, 0xef, 0x9d, 0xef, 0x9d, 0xef, 0x9d, 0xef, 0x9d, 0xef, 0x9d, 0xef, 0x9d, 0xef, 0x9d, 0xef, 0xbc, 0xe7, 0xbb, 0xdf, 0xdb, 0xcf, 0xba, 
  0xdf, 0xbb, 0xe7, 0xbc, 0xe7, 0xbc, 0xe7, 0xbd, 0xef, 0x9d, 0xef, 0x9d, 0xef, 0x9d, 0xef, 0x9d, 0xef, 0x9d, 0xef, 0x9d, 0xef, 0x9d, 0xef, 0x9d, 0xef, 0x9d, 0xef, 0x9d, 0xef, 0x9d, 0xef, 0x9d, 0xef, 0x9d, 0xef, 0x9d, 0xef, 0x9d, 0xef, 0x9d, 0xef, 0x9d, 0xef, 0x9d, 0xef, 0x9d, 0xef, 0x9d, 0xef, 0x9d, 0xef, 0x9d, 0xef, 0x9d, 0xef, 0x9d, 0xef, 0x9d, 0xef, 0x9d, 0xef, 0x9d, 0xef, 0x9d, 0xef, 0x9d, 0xef, 0x9d, 0xef, 0x9d, 0xef, 0x9d, 0xef, 0x9d, 0xef, 0x9d, 0xef, 0x9d, 0xef, 0x9d, 0xef, 0x9d, 0xef, 0x9d, 0xef, 0x9d, 0xef, 0x9d, 0xef, 0x9d, 0xef, 0x9d, 0xef, 0x9d, 0xef, 0x9d, 0xef, 0x9d, 0xef, 0x9d, 0xef, 0x9d, 0xef, 0x9d, 0xef, 0x9d, 0xef, 0x9d, 0xef, 0x9d, 0xef, 0x9d, 0xef, 0x9d, 0xef, 0x9d, 0xef, 0x9d, 0xef, 0x9d, 0xef, 0x9d, 0xef, 0x9d, 0xef, 0x9d, 0xef, 0x9d, 0xef, 0x9d, 0xef, 0x9d, 0xef, 0x9d, 0xef, 0x9d, 0xef, 0x9d, 0xef, 0x9d, 0xef, 0x9d, 0xef, 0x9d, 0xef, 0x9d, 0xef, 0x9d, 0xef, 0x9d, 0xef, 0x9d, 0xef, 0x9d, 0xef, 0x9d, 0xef, 0x9d, 0xef, 0x9d, 0xef, 0x9c, 0xe7, 0xbc, 0xdf, 0xdb, 0xd7, 0x9a, 
  0xe7, 0xbc, 0xe7, 0xbc, 0xef, 0xbd, 0xef, 0x9d, 0xef, 0x9d, 0xef, 0x9d, 0xef, 0x9d, 0xef, 0x9d, 0xef, 0x9d, 0xef, 0x9d, 0xef, 0x9d, 0xef, 0x9d, 0xef, 0x9d, 0xef, 0x9d, 0xef, 0x9d, 0xef, 0x9d, 0xef, 0x9d, 0xef, 0x9d, 0xef, 0x9d, 0xef, 0x9d, 0xef, 0x9d, 0xef, 0x9d, 0xef, 0x9d, 0xef, 0x9d, 0xef, 0x9d, 0xef, 0x9d, 0xef, 0x9d, 0xef, 0x9d, 0xef, 0x9d, 0xef, 0x9d, 0xef, 0x9d, 0xef, 0x9d, 0xef, 0x9d, 0xef, 0x9d, 0xef, 0x9d, 0xef, 0x9d, 0xef, 0x9d, 0xef, 0x9d, 0xef, 0x9d, 0xef, 0x9d, 0xef, 0x9d, 0xef, 0x9d, 0xef, 0x9d, 0xef, 0x9d, 0xef, 0x9d, 0xef, 0x9d, 0xef, 0x9d, 0xef, 0x9d, 0xef, 0x9d, 0xef, 0x9d, 0xef, 0x9d, 0xef, 0x9d, 0xef, 0x9d, 0xef, 0x9d, 0xef, 0x9d, 0xef, 0x9d, 0xef, 0x9d, 0xef, 0x9d, 0xef, 0x9d, 0xef, 0x9d, 0xef, 0x9d, 0xef, 0x9d, 0xef, 0x9d, 0xef, 0x9d, 0xef, 0x9d, 0xef, 0x9d, 0xef, 0x9d, 0xef, 0x9d, 0xef, 0x9d, 0xef, 0x9d, 0xef, 0x9d, 0xef, 0x9d, 0xef, 0x9d, 0xef, 0x9d, 0xef, 0x9d, 0xef, 0x9d, 0xef, 0x9d, 0xef, 0x9d, 0xef, 0x9d, 0xef, 0x9d, 0xef, 0xbd, 0xef, 0xbc, 0xe7, 0xdc, 0xd7, 0xbb, 
  0xe7, 0x9c, 0xef, 0x9d, 0xef, 0xbd, 0xef, 0x9d, 0xef, 0x9d, 0xef, 0x9d, 0xef, 0x9d, 0xef, 0x9d, 0xef, 0x9d, 0xef, 0x9d, 0xef, 0x9c, 0xef, 0x9d, 0xef, 0x9d, 0xef, 0x9d, 0xef, 0x9d, 0xef, 0x9d, 0xef, 0x9d, 0xef, 0x9d, 0xef, 0x9d, 0xef, 0x9d, 0xef, 0x9d, 0xef, 0x9d, 0xef, 0x9d, 0xef, 0x9d, 0xef, 0x9d, 0xef, 0x9d, 0xef, 0x9d, 0xef, 0x9d, 0xef, 0x9d, 0xef, 0x9d, 0xef, 0x9d, 0xef, 0x9d, 0xef, 0x9d, 0xef, 0x9d, 0xef, 0x9d, 0xef, 0x9d, 0xef, 0x9d, 0xef, 0x9d, 0xef, 0x9d, 0xef, 0x9d, 0xef, 0x9d, 0xef, 0x9d, 0xef, 0x9d, 0xef, 0x9d, 0xef, 0x9d, 0xef, 0x9d, 0xef, 0x9d, 0xef, 0x9d, 0xef, 0x9d, 0xef, 0x9d, 0xef, 0x9d, 0xef, 0x9d, 0xef, 0x9d, 0xef, 0x9d, 0xef, 0x9d, 0xef, 0x9d, 0xef, 0x9d, 0xef, 0x9d, 0xef, 0x9d, 0xef, 0x9d, 0xef, 0x9d, 0xef, 0x9d, 0xef, 0x9d, 0xef, 0x9d, 0xef, 0x9d, 0xef, 0x9d, 0xef, 0x9d, 0xef, 0x9d, 0xef, 0x9d, 0xef, 0x9d, 0xef, 0x9d, 0xef, 0x9d, 0xef, 0x9d, 0xef, 0x9d, 0xef, 0x9d, 0xef, 0x9d, 0xef, 0x9d, 0xef, 0x9d, 0xef, 0x9d, 0xef, 0x9d, 0xf7, 0x9d, 0xef, 0xbc, 0xe7, 0xdc, 0xdf, 0x9b, 
  0xef, 0x9d, 0xef, 0x9d, 0xef, 0x9d, 0xef, 0x9d, 0xef, 0x9d, 0xef, 0x9d, 0xef, 0x9d, 0xef, 0x9d, 0xef, 0x9d, 0xef, 0x9c, 0xef, 0x9c, 0xef, 0x9c, 0xef, 0x9d, 0xef, 0x9d, 0xef, 0x7d, 0xef, 0x7d, 0xef, 0x9d, 0xef, 0x9d, 0xef, 0x9d, 0xef, 0x9d, 0xef, 0x9d, 0xef, 0x9d, 0xef, 0x9d, 0xef, 0x9d, 0xef, 0x9d, 0xef, 0x9d, 0xef, 0x9d, 0xef, 0x9d, 0xef, 0x9d, 0xef, 0x9d, 0xef, 0x9d, 0xef, 0x9d, 0xef, 0x9d, 0xef, 0x9d, 0xef, 0x9d, 0xef, 0x9d, 0xef, 0x9d, 0xef, 0x9d, 0xef, 0x9d, 0xef, 0x9d, 0xef, 0x9d, 0xef, 0x9d, 0xef, 0x9d, 0xef, 0x9d, 0xef, 0x9d, 0xef, 0x9d, 0xef, 0x9d, 0xef, 0x9d, 0xef, 0x9d, 0xef, 0x9d, 0xef, 0x9d, 0xef, 0x9d, 0xef, 0x9d, 0xef, 0x9d, 0xef, 0x9d, 0xef, 0x9d, 0xef, 0x9d, 0xef, 0x9d, 0xef, 0x9d, 0xef, 0x9d, 0xef, 0x9d, 0xef, 0x9d, 0xef, 0x9d, 0xef, 0x9d, 0xef, 0x9d, 0xef, 0x9d, 0xef, 0x9d, 0xef, 0x9d, 0xef, 0x9d, 0xef, 0x9d, 0xef, 0x9d, 0xef, 0x9d, 0xef, 0x9d, 0xef, 0x9d, 0xef, 0x9d, 0xef, 0x9d, 0xef, 0x9d, 0xef, 0x9d, 0xef, 0x9d, 0xef, 0x9d, 0xf7, 0x9d, 0xef, 0x9c, 0xe7, 0xdc, 0xdf, 0x9b, 
  0xef, 0x9d, 0xef, 0x9d, 0xef, 0x9d, 0xef, 0x9d, 0xef, 0x9d, 0xef, 0x9d, 0xef, 0x9d, 0xef, 0x9d, 0xef, 0xbd, 0xef, 0xbd, 0xef, 0x9d, 0xef, 0x9d, 0xef, 0x9d, 0xef, 0x9d, 0xef, 0x7d, 0xef, 0x7d, 0xef, 0x9d, 0xef, 0x9d, 0xef, 0x9d, 0xef, 0x9d, 0xef, 0x9d, 0xef, 0x9d, 0xef, 0x9d, 0xef, 0x9d, 0xef, 0x9d, 0xef, 0x9d, 0xef, 0x9d, 0xef, 0x9d, 0xef, 0x9d, 0xef, 0x9d, 0xef, 0x9d, 0xef, 0x9d, 0xef, 0x9d, 0xef, 0x9d, 0xef, 0x9d, 0xef, 0x9d, 0xef, 0x9d, 0xef, 0x9d, 0xef, 0x9d, 0xef, 0x9d, 0xef, 0x9d, 0xef, 0x9d, 0xef, 0x9d, 0xef, 0x9d, 0xef, 0x9d, 0xef, 0x9d, 0xef, 0x9d, 0xef, 0x9d, 0xef, 0x9d, 0xef, 0x9d, 0xef, 0x9d, 0xef, 0x9d, 0xef, 0x9d, 0xef, 0x9d, 0xef, 0x9d, 0xef, 0x9d, 0xef, 0x9d, 0xef, 0x9d, 0xef, 0x9d, 0xef, 0x9d, 0xef, 0x9d, 0xef, 0x9d, 0xef, 0x9d, 0xef, 0x7d, 0xef, 0x9d, 0xef, 0x9d, 0xef, 0x9d, 0xef, 0x9d, 0xef, 0x9d, 0xef, 0x9d, 0xef, 0x9d, 0xef, 0x9d, 0xef, 0x9d, 0xef, 0x9d, 0xef, 0x9d, 0xef, 0x9d, 0xef, 0x9d, 0xef, 0x9d, 0xef, 0x9d, 0xef, 0x9d, 0xef, 0x9d, 0xef, 0x9c, 0xe7, 0xbc, 0xdf, 0x9b, 
  0xef, 0x9d, 0xef, 0x9d, 0xef, 0x9d, 0xef, 0x9d, 0xef, 0x9d, 0xef, 0x9d, 0xef, 0x9d, 0xef, 0x9d, 0xef, 0x9d, 0xef, 0x9d, 0xef, 0x9d, 0xef, 0x9d, 0xef, 0x9d, 0xef, 0x9d, 0xef, 0x9d, 0xef, 0x9d, 0xef, 0x9d, 0xef, 0x9d, 0xef, 0x9d, 0xef, 0x9d, 0xef, 0x9d, 0xef, 0x9d, 0xef, 0x9d, 0xef, 0x9d, 0xef, 0x9d, 0xef, 0x9d, 0xef, 0x9d, 0xef, 0x9d, 0xef, 0x9d, 0xef, 0x9d, 0xef, 0x9d, 0xef, 0x9d, 0xef, 0x9d, 0xef, 0x9d, 0xef, 0x9d, 0xef, 0x9d, 0xef, 0x9d, 0xef, 0x9d, 0xef, 0x9d, 0xef, 0x9d, 0xef, 0x9d, 0xef, 0x9d, 0xef, 0x9d, 0xef, 0x9d, 0xef, 0x9d, 0xef, 0x9d, 0xef, 0x9d, 0xef, 0x9d, 0xef, 0x9d, 0xef, 0x9d, 0xef, 0x9d, 0xef, 0x9d, 0xef, 0x9d, 0xef, 0x9d, 0xef, 0x9d, 0xef, 0x9d, 0xef, 0x9d, 0xef, 0x9d, 0xef, 0x9d, 0xef, 0x9d, 0xef, 0x9d, 0xef, 0x9d, 0xef, 0x9d, 0xef, 0x9d, 0xef, 0x9d, 0xef, 0x9d, 0xef, 0x9d, 0xef, 0x9d, 0xef, 0x9d, 0xef, 0x9d, 0xef, 0x9d, 0xef, 0x9d, 0xef, 0x9d, 0xef, 0x9d, 0xef, 0x9d, 0xef, 0x9d, 0xef, 0x9d, 0xef, 0x9d, 0xef, 0x9d, 0xef, 0x9d, 0xef, 0x7d, 0xef, 0x9c, 0xe7, 0xbc, 0xdf, 0xbb, 
  0xe7, 0x9d, 0xe7, 0x9d, 0xef, 0x9d, 0xef, 0x9d, 0xef, 0x9d, 0xef, 0x9d, 0xef, 0x9d, 0xef, 0x9d, 0xef, 0x9d, 0xef, 0x9d, 0xef, 0x9d, 0xef, 0x9d, 0xef, 0x9d, 0xef, 0x9d, 0xef, 0x9d, 0xef, 0x9d, 0xef, 0x9d, 0xef, 0x9d, 0xef, 0x9d, 0xef, 0x9d, 0xef, 0x9d, 0xef, 0x9d, 0xef, 0x9d, 0xef, 0x9d, 0xef, 0x9d, 0xef, 0x9d, 0xef, 0x9d, 0xef, 0x9d, 0xef, 0x9d, 0xef, 0x9d, 0xef, 0x9d, 0xef, 0x9d, 0xef, 0x9d, 0xef, 0x9d, 0xef, 0x9d, 0xef, 0x9d, 0xef, 0x9d, 0xef, 0x9d, 0xef, 0x9d, 0xef, 0x9d, 0xef, 0x9d, 0xef, 0x9d, 0xef, 0x9d, 0xef, 0x9d, 0xef, 0x9d, 0xef, 0x9d, 0xef, 0x9d, 0xef, 0x9d, 0xef, 0x9d, 0xef, 0x9d, 0xef, 0x9d, 0xef, 0x9d, 0xef, 0x9d, 0xef, 0x9d, 0xef, 0x9d, 0xef, 0x9d, 0xef, 0x9d, 0xef, 0x9d, 0xef, 0x9d, 0xef, 0x9d, 0xef, 0x9d, 0xef, 0x9d, 0xef, 0x9d, 0xef, 0x9d, 0xef, 0x9d, 0xef, 0x9d, 0xef, 0x9d, 0xef, 0x9d, 0xef, 0x9d, 0xef, 0x9d, 0xef, 0x9d, 0xef, 0x9d, 0xef, 0x9d, 0xef, 0x9d, 0xef, 0x9d, 0xef, 0x9d, 0xef, 0x9d, 0xef, 0x9d, 0xef, 0x9d, 0xef, 0x9d, 0xef, 0x7c, 0xef, 0x9c, 0xe7, 0xbc, 0xdf, 0xbb, 
  0xe7, 0xbc, 0xe7, 0xbc, 0xe7, 0xbd, 0xef, 0x9d, 0xef, 0x9d, 0xef, 0x9d, 0xef, 0x9d, 0xef, 0x9d, 0xef, 0x9d, 0xef, 0x9d, 0xef, 0x9d, 0xef, 0x9d, 0xef, 0x9d, 0xef, 0x9d, 0xef, 0x9d, 0xef, 0x9d, 0xef, 0x9d, 0xef, 0x9d, 0xef, 0x9d, 0xef, 0x9d, 0xef, 0x9d, 0xef, 0x9d, 0xef, 0x9d, 0xef, 0x9d, 0xef, 0x9d, 0xef, 0x9d, 0xef, 0x9d, 0xef, 0x9d, 0xef, 0x9d, 0xef, 0x9d, 0xef, 0x9d, 0xef, 0x9d, 0xef, 0x9d, 0xef, 0x9d, 0xef, 0x9d, 0xef, 0x9d, 0xef, 0x9d, 0xef, 0x9d, 0xef, 0x9d, 0xef, 0x9d, 0xef, 0x9d, 0xef, 0x9d, 0xef, 0x9d, 0xef, 0x9d, 0xef, 0x9d, 0xef, 0x9d, 0xef, 0x9d, 0xef, 0x9d, 0xef, 0x9d, 0xef, 0x9d, 0xef, 0x9d, 0xef, 0x9d, 0xef, 0x9d, 0xef, 0x9d, 0xef, 0x9d, 0xef, 0x9d, 0xef, 0x9d, 0xef, 0x9d, 0xef, 0x9d, 0xef, 0x9d, 0xef, 0x9d, 0xef, 0x9d, 0xef, 0x9d, 0xef, 0x9d, 0xef, 0x9d, 0xef, 0x9d, 0xef, 0x9d, 0xef, 0x9d, 0xef, 0x9d, 0xef, 0x9d, 0xef, 0x9d, 0xef, 0x9d, 0xef, 0x9d, 0xef, 0x9d, 0xef, 0x9d, 0xef, 0x9d, 0xef, 0x9d, 0xef, 0x9d, 0xef, 0x9d, 0xef, 0x9d, 0xef, 0x9c, 0xe7, 0x9c, 0xdf, 0xbb, 0xd7, 0xba, 
  0xe7, 0xbb, 0xe7, 0xbc, 0xe7, 0xbc, 0xef, 0xbd, 0xef, 0x9d, 0xef, 0x9d, 0xef, 0x9d, 0xef, 0x9d, 0xef, 0x9d, 0xef, 0x9d, 0xef, 0x9d, 0xef, 0x9d, 0xef, 0x9d, 0xef, 0x9d, 0xef, 0x9d, 0xef, 0x9d, 0xef, 0x9d, 0xef, 0x9d, 0xef, 0x9d, 0xef, 0x9d, 0xef, 0x9d, 0xef, 0x9d, 0xef, 0x9d, 0xef, 0x9d, 0xef, 0x9d, 0xef, 0x9d, 0xef, 0x9d, 0xef, 0x9d, 0xef, 0x9d, 0xef, 0x9d, 0xef, 0x9d, 0xef, 0x9d, 0xef, 0x9d, 0xef, 0x9d, 0xef, 0x9d, 0xef, 0x9d, 0xef, 0x9d, 0xef, 0x9d, 0xef, 0x9d, 0xef, 0x9d, 0xef, 0x9d, 0xef, 0x9d, 0xef, 0x9d, 0xef, 0x9d, 0xef, 0x9d, 0xef, 0x9d, 0xef, 0x9d, 0xef, 0x9d, 0xef, 0x9d, 0xef, 0x9d, 0xef, 0x9d, 0xef, 0x9d, 0xef, 0x9d, 0xef, 0x9d, 0xef, 0x9d, 0xef, 0x9d, 0xef, 0x9d, 0xef, 0x9d, 0xef, 0x9d, 0xef, 0x9d, 0xef, 0x9d, 0xef, 0x9d, 0xef, 0x9d, 0xef, 0x9d, 0xef, 0x9d, 0xef, 0x9d, 0xef, 0x9d, 0xef, 0x9d, 0xef, 0x9d, 0xef, 0x9d, 0xef, 0x9d, 0xef, 0x9d, 0xef, 0x9d, 0xef, 0x9d, 0xef, 0x9d, 0xef, 0x9d, 0xef, 0x9d, 0xef, 0x9d, 0xef, 0x9d, 0xef, 0x9d, 0xef, 0xbc, 0xe7, 0xbb, 0xd7, 0xba, 0xd7, 0xba, 
  0xdf, 0xbb, 0xdf, 0xdb, 0xe7, 0xdc, 0xe7, 0xbc, 0xef, 0xbd, 0xef, 0x9d, 0xef, 0x9d, 0xef, 0x7d, 0xef, 0x7d, 0xef, 0x9d, 0xef, 0x9d, 0xef, 0x9d, 0xef, 0x9d, 0xef, 0x9d, 0xef, 0x9d, 0xef, 0x9d, 0xef, 0x9d, 0xef, 0x9d, 0xef, 0x9d, 0xef, 0x9d, 0xef, 0x9d, 0xef, 0x9d, 0xef, 0x9d, 0xef, 0x9d, 0xef, 0x9d, 0xef, 0x9d, 0xef, 0x9d, 0xef, 0x9d, 0xef, 0x9d, 0xef, 0x9d, 0xef, 0x9d, 0xef, 0x9d, 0xef, 0x9d, 0xef, 0x9d, 0xef, 0x9d, 0xef, 0x9d, 0xef, 0x9d, 0xef, 0x9d, 0xef, 0x9d, 0xef, 0x9d, 0xef, 0x9d, 0xef, 0x9d, 0xef, 0x9d, 0xef, 0x9d, 0xef, 0x9d, 0xef, 0x9d, 0xef, 0x9d, 0xef, 0x9d, 0xef, 0x9d, 0xef, 0x9d, 0xef, 0x9d, 0xef, 0x9d, 0xef, 0x9d, 0xef, 0x9d, 0xef, 0x9d, 0xef, 0x9d, 0xef, 0x9d, 0xef, 0x9d, 0xef, 0x9d, 0xef, 0x9d, 0xef, 0x9d, 0xef, 0x9d, 0xef, 0x9d, 0xef, 0x9d, 0xef, 0x9d, 0xef, 0x9d, 0xef, 0x9d, 0xef, 0x9d, 0xef, 0x9d, 0xef, 0x9d, 0xef, 0x9d, 0xef, 0x9d, 0xef, 0x9d, 0xef, 0x9d, 0xef, 0x9d, 0xef, 0x9d, 0xef, 0x9d, 0xef, 0x9d, 0xef, 0x9d, 0xef, 0x9d, 0xef, 0xbc, 0xdf, 0xbb, 0xd7, 0xda, 0xcf, 0xda, 
  0xd7, 0xba, 0xdf, 0xda, 0xe7, 0xdb, 0xe7, 0xdc, 0xef, 0xbd, 0xef, 0x9d, 0xef, 0x7d, 0xef, 0x7e, 0xef, 0x7e, 0xef, 0x7d, 0xef, 0x7d, 0xef, 0x9d, 0xef, 0x9d, 0xef, 0x9d, 0xef, 0x9d, 0xef, 0x9d, 0xef, 0x9d, 0xef, 0x9d, 0xef, 0x9d, 0xef, 0x9d, 0xef, 0x9d, 0xef, 0x9d, 0xef, 0x9d, 0xef, 0x9d, 0xef, 0x9d, 0xef, 0x9d, 0xef, 0x9d, 0xef, 0x9d, 0xef, 0x9d, 0xef, 0x9d, 0xef, 0x9d, 0xef, 0x9d, 0xef, 0x9d, 0xef, 0x9d, 0xef, 0x9d, 0xef, 0x9d, 0xef, 0x9d, 0xef, 0x9d, 0xef, 0x9d, 0xef, 0x9d, 0xef, 0x9d, 0xef, 0x9d, 0xef, 0x9d, 0xef, 0x9d, 0xef, 0x9d, 0xef, 0x9d, 0xef, 0x9d, 0xef, 0x9d, 0xef, 0x9d, 0xef, 0x9d, 0xef, 0x9d, 0xef, 0x9d, 0xef, 0x9d, 0xef, 0x9d, 0xef, 0x9d, 0xef, 0x9d, 0xef, 0x9d, 0xef, 0x9d, 0xef, 0x9d, 0xef, 0x9d, 0xef, 0x9d, 0xef, 0x9d, 0xef, 0x9d, 0xef, 0x9d, 0xef, 0x9d, 0xef, 0x9d, 0xef, 0x9d, 0xef, 0x9d, 0xef, 0x9d, 0xef, 0x9d, 0xef, 0x9d, 0xef, 0x9d, 0xef, 0x9d, 0xef, 0x9d, 0xef, 0x9d, 0xef, 0x9d, 0xef, 0x9d, 0xef, 0x9d, 0xef, 0x9d, 0xef, 0x9d, 0xe7, 0xdc, 0xdf, 0xda, 0xd7, 0xda, 0xcf, 0xf9, 
  0xcf, 0xb9, 0xd7, 0xda, 0xdf, 0xdb, 0xe7, 0xdc, 0xe7, 0xbc, 0xef, 0x9d, 0xef, 0x7d, 0xef, 0x7e, 0xef, 0x7e, 0xef, 0x7e, 0xef, 0x7d, 0xef, 0x9d, 0xef, 0x9d, 0xef, 0x9d, 0xef, 0x9d, 0xef, 0x9d, 0xef, 0x9d, 0xef, 0x9d, 0xef, 0x9d, 0xef, 0x9d, 0xef, 0x9d, 0xef, 0x9d, 0xef, 0x9d, 0xef, 0x9d, 0xef, 0x9d, 0xef, 0x9d, 0xef, 0x9d, 0xef, 0x9d, 0xef, 0x9d, 0xef, 0x9d, 0xef, 0x9d, 0xef, 0x9d, 0xef, 0x9d, 0xef, 0x9d, 0xef, 0x9d, 0xef, 0x9d, 0xef, 0x9d, 0xef, 0x9d, 0xef, 0x9d, 0xef, 0x9d, 0xef, 0x9d, 0xef, 0x9d, 0xef, 0x9d, 0xef, 0x9d, 0xef, 0x9d, 0xef, 0x9d, 0xef, 0x9d, 0xef, 0x9d, 0xef, 0x9d, 0xef, 0x9d, 0xef, 0x9d, 0xef, 0x9d, 0xef, 0x9d, 0xef, 0x9d, 0xef, 0x9d, 0xef, 0x9d, 0xef, 0x9d, 0xef, 0x9d, 0xef, 0x9d, 0xef, 0x9d, 0xef, 0x9d, 0xef, 0x9d, 0xef, 0x9d, 0xef, 0x9d, 0xef, 0x9d, 0xef, 0x9d, 0xef, 0x9d, 0xef, 0x9d, 0xef, 0x9d, 0xef, 0x9d, 0xef, 0x9d, 0xef, 0x9d, 0xef, 0x9d, 0xef, 0x9d, 0xef, 0x9d, 0xef, 0x9d, 0xef, 0x9d, 0xef, 0x9d, 0xef, 0x9d, 0xef, 0x9c, 0xe7, 0xdb, 0xd7, 0xda, 0xcf, 0xd9, 0xc7, 0xf9, 
  0xcf, 0xb9, 0xd7, 0xd9, 0xdf, 0xdb, 0xe7, 0xdc, 0xe7, 0xbc, 0xef, 0x9d, 0xef, 0x9d, 0xef, 0x7e, 0xef, 0x7e, 0xf7, 0x7e, 0xef, 0x7e, 0xef, 0x7d, 0xef, 0x9d, 0xef, 0x9d, 0xef, 0x9d, 0xef, 0x9d, 0xef, 0x9d, 0xef, 0x9d, 0xef, 0x9d, 0xef, 0x9d, 0xef, 0x9d, 0xef, 0x9d, 0xef, 0x9d, 0xef, 0x9d, 0xef, 0x9d, 0xef, 0x9d, 0xef, 0x9d, 0xef, 0x9d, 0xef, 0x9d, 0xef, 0x9d, 0xef, 0x9d, 0xef, 0x9d, 0xef, 0x9d, 0xef, 0x9d, 0xef, 0x9d, 0xef, 0x9d, 0xef, 0x9d, 0xef, 0x9d, 0xef, 0x9d, 0xef, 0x9d, 0xef, 0x9d, 0xef, 0x9d, 0xef, 0x9d, 0xef, 0x9d, 0xef, 0x9d, 0xef, 0x9d, 0xef, 0x9d, 0xef, 0x9d, 0xef, 0x9d, 0xef, 0x9d, 0xef, 0x9d, 0xef, 0x9d, 0xef, 0x9d, 0xef, 0x9d, 0xef, 0x9d, 0xef, 0x9d, 0xef, 0x9d, 0xef, 0x9d, 0xef, 0x9d, 0xef, 0x9d, 0xef, 0x9d, 0xef, 0x9d, 0xef, 0x9d, 0xef, 0x9d, 0xef, 0x9d, 0xef, 0x9d, 0xef, 0x9d, 0xef, 0x9d, 0xef, 0x9d, 0xef, 0x9d, 0xef, 0x9d, 0xef, 0x9d, 0xef, 0x9d, 0xef, 0x9d, 0xef, 0x9d, 0xef, 0x9d, 0xef, 0x9d, 0xef, 0x9d, 0xef, 0x9d, 0xe7, 0xbc, 0xdf, 0xda, 0xd7, 0xd9, 0xc7, 0xd8, 0xc7, 0xf8, 
  0xcf, 0xf9, 0xcf, 0xd9, 0xd7, 0xda, 0xdf, 0xdb, 0xe7, 0xdc, 0xef, 0xdd, 0xef, 0x9d, 0xef, 0x7d, 0xef, 0x7e, 0xef, 0x5e, 0xef, 0x7e, 0xef, 0x7e, 0xef, 0x7d, 0xef, 0x9d, 0xef, 0x9d, 0xef, 0x9d, 0xef, 0x9d, 0xef, 0x9d, 0xef, 0x9d, 0xef, 0x9d, 0xef, 0x9d, 0xef, 0x9d, 0xef, 0x9d, 0xef, 0x9d, 0xef, 0x9d, 0xef, 0x9d, 0xef, 0x9d, 0xef, 0x9d, 0xef, 0x9d, 0xef, 0x9d, 0xef, 0x9e, 0xef, 0x9d, 0xef, 0x9d, 0xef, 0x9d, 0xef, 0x9d, 0xef, 0x9d, 0xef, 0x9d, 0xef, 0x9d, 0xef, 0x9d, 0xef, 0x9d, 0xef, 0x9d, 0xef, 0x9d, 0xef, 0x9d, 0xef, 0x9d, 0xef, 0x9d, 0xef, 0x9d, 0xef, 0x9d, 0xef, 0x9d, 0xef, 0x9d, 0xef, 0x9d, 0xef, 0x9d, 0xef, 0x9d, 0xef, 0x9d, 0xef, 0x9d, 0xef, 0x9d, 0xef, 0x9d, 0xef, 0xbd, 0xef, 0xbd, 0xef, 0xbd, 0xef, 0xbd, 0xef, 0xbd, 0xef, 0xbd, 0xef, 0xbd, 0xef, 0xbd, 0xef, 0x9d, 0xef, 0x9d, 0xef, 0x9d, 0xef, 0x9d, 0xef, 0x9e, 0xef, 0x9e, 0xef, 0x9e, 0xef, 0x9e, 0xef, 0x9e, 0xef, 0x7d, 0xef, 0x9d, 0xef, 0x9d, 0xef, 0x9d, 0xe7, 0xbd, 0xe7, 0xbd, 0xdf, 0xdb, 0xd7, 0xd9, 0xcf, 0xf8, 0xc7, 0xf8, 0xc7, 0xf8, 
  0xcf, 0xf9, 0xcf, 0xf9, 0xcf, 0xd9, 0xd7, 0xda, 0xdf, 0xdb, 0xe7, 0xdc, 0xe7, 0xbd, 0xef, 0x9d, 0xef, 0x7e, 0xef, 0x7e, 0xef, 0x7e, 0xef, 0x7e, 0xef, 0x7d, 0xef, 0x7d, 0xef, 0x7d, 0xef, 0x9d, 0xef, 0x9d, 0xef, 0x9d, 0xef, 0x9d, 0xef, 0x9d, 0xef, 0x9d, 0xef, 0x9d, 0xef, 0x9d, 0xef, 0x9d, 0xef, 0x9d, 0xef, 0x9d, 0xef, 0x9d, 0xef, 0x9d, 0xef, 0x9d, 0xef, 0x9d, 0xef, 0x9d, 0xef, 0x9d, 0xef, 0x9d, 0xef, 0x9d, 0xef, 0x9d, 0xef, 0x9d, 0xef, 0x9d, 0xef, 0x9d, 0xef, 0x9d, 0xef, 0x9d, 0xef, 0x9d, 0xef, 0x9d, 0xef, 0x9d, 0xef, 0x9d, 0xef, 0x9d, 0xef, 0x9d, 0xef, 0x9d, 0xef, 0x9d, 0xef, 0x9d, 0xef, 0x9d, 0xef, 0x9d, 0xef, 0x9d, 0xef, 0x9d, 0xef, 0x9d, 0xef, 0x9d, 0xef, 0x9d, 0xef, 0x9d, 0xef, 0x9d, 0xef, 0x9d, 0xef, 0x9d, 0xef, 0x9d, 0xef, 0x9d, 0xef, 0x9d, 0xef, 0x9d, 0xef, 0x9d, 0xe7, 0x9d, 0xe7, 0x9d, 0xef, 0x9d, 0xef, 0x9e, 0xef, 0x9e, 0xef, 0x9e, 0xef, 0x7d, 0xef, 0x7d, 0xef, 0x7d, 0xef, 0x7d, 0xef, 0x9d, 0xe7, 0xbc, 0xe7, 0xbc, 0xdf, 0xbc, 0xd7, 0xdb, 0xcf, 0xf9, 0xc7, 0xf8, 0xc7, 0xf8, 0xc7, 0xf8, 
  0xc7, 0xf8, 0xc7, 0xf8, 0xcf, 0xf9, 0xcf, 0xda, 0xd7, 0xda, 0xdf, 0xdb, 0xe7, 0xdc, 0xef, 0xbd, 0xef, 0x9d, 0xef, 0x7d, 0xef, 0x7d, 0xef, 0x7d, 0xef, 0x9d, 0xef, 0x9d, 0xef, 0x9d, 0xef, 0x9d, 0xef, 0x9d, 0xef, 0x9d, 0xef, 0x9d, 0xef, 0x9d, 0xef, 0x9d, 0xef, 0x9d, 0xef, 0x9d, 0xef, 0x9d, 0xef, 0x9d, 0xef, 0x9d, 0xef, 0x9d, 0xef, 0x9d, 0xef, 0x9d, 0xef, 0x9d, 0xef, 0x9d, 0xef, 0x9d, 0xef, 0x9d, 0xef, 0x9d, 0xef, 0x9d, 0xef, 0x9d, 0xef, 0x9d, 0xef, 0x9d, 0xef, 0x9d, 0xef, 0x9d, 0xef, 0x9d, 0xef, 0x9d, 0xef, 0x9d, 0xef, 0x9d, 0xef, 0x9d, 0xef, 0x9d, 0xef, 0x9d, 0xef, 0x9d, 0xef, 0x9d, 0xef, 0x7d, 0xef, 0x7d, 0xef, 0x7d, 0xef, 0x7d, 0xef, 0x7d, 0xef, 0x7d, 0xef, 0x7d, 0xef, 0x7d, 0xef, 0x7d, 0xef, 0x7d, 0xef, 0x7d, 0xef, 0x7d, 0xef, 0x7d, 0xef, 0x7d, 0xef, 0x7d, 0xef, 0x9d, 0xef, 0x9d, 0xef, 0x9d, 0xef, 0x9d, 0xef, 0x9d, 0xef, 0x9d, 0xef, 0x9d, 0xef, 0x9d, 0xef, 0x7d, 0xef, 0x9c, 0xef, 0x9c, 0xe7, 0xbc, 0xe7, 0xdc, 0xdf, 0xdb, 0xd7, 0xdb, 0xd7, 0xda, 0xcf, 0xf8, 0xc7, 0xf8, 0xc7, 0xf8, 0xc7, 0xf8, 
  0xc7, 0xf8, 0xc7, 0xf8, 0xc7, 0xf8, 0xcf, 0xf9, 0xcf, 0xda, 0xd7, 0xda, 0xdf, 0xdb, 0xe7, 0xdc, 0xe7, 0xbc, 0xe7, 0x9d, 0xef, 0x9d, 0xef, 0x9d, 0xef, 0x9d, 0xef, 0x9d, 0xef, 0x9d, 0xef, 0x9d, 0xef, 0x9d, 0xef, 0x9d, 0xef, 0x9d, 0xef, 0x9d, 0xef, 0x9d, 0xef, 0x9d, 0xef, 0x9d, 0xef, 0x9d, 0xef, 0x9d, 0xef, 0x9d, 0xef, 0x9d, 0xef, 0x9d, 0xef, 0x9d, 0xef, 0xbd, 0xef, 0xbd, 0xef, 0xbd, 0xef, 0x9d, 0xef, 0x9d, 0xef, 0x9d, 0xef, 0x9d, 0xef, 0x9d, 0xef, 0x9d, 0xef, 0x9d, 0xef, 0x9d, 0xef, 0x9d, 0xef, 0x9d, 0xef, 0x9d, 0xef, 0x9d, 0xef, 0x9d, 0xef, 0x9e, 0xef, 0x9e, 0xef, 0x9d, 0xef, 0x7d, 0xf7, 0x7d, 0xf7, 0x7d, 0xf7, 0x7d, 0xf7, 0x7d, 0xf7, 0x7d, 0xf7, 0x7d, 0xf7, 0x7d, 0xf7, 0x7e, 0xf7, 0x7e, 0xf7, 0x7e, 0xf7, 0x7e, 0xf7, 0x7e, 0xf7, 0x7e, 0xf7, 0x7e, 0xf7, 0x7e, 0xef, 0x9e, 0xef, 0x9d, 0xef, 0x9d, 0xef, 0x9d, 0xef, 0x9d, 0xef, 0x9d, 0xef, 0x9d, 0xef, 0x9d, 0xef, 0xbd, 0xef, 0xbc, 0xe7, 0xbc, 0xe7, 0xdb, 0xdf, 0xdb, 0xd7, 0xda, 0xd7, 0xda, 0xcf, 0xd9, 0xc7, 0xf8, 0xc7, 0xf8, 0xc7, 0xf8, 0xc7, 0xf8, 
  0xc7, 0xf8, 0xc7, 0xf8, 0xc7, 0xf8, 0xc7, 0xf8, 0xcf, 0xf9, 0xcf, 0xd9, 0xd7, 0xda, 0xdf, 0xdb, 0xe7, 0xdc, 0xe7, 0xdc, 0xe7, 0xbc, 0xef, 0xbd, 0xef, 0xbd, 0xef, 0x9d, 0xef, 0x9d, 0xef, 0x9d, 0xef, 0x9d, 0xef, 0x9d, 0xef, 0x9d, 0xef, 0x9e, 0xef, 0x9e, 0xef, 0x9e, 0xef, 0x9e, 0xef, 0x9e, 0xef, 0x9d, 0xef, 0x9d, 0xef, 0x9d, 0xef, 0x9d, 0xef, 0x9d, 0xef, 0x9d, 0xef, 0xbd, 0xef, 0xbd, 0xef, 0x9d, 0xef, 0x9d, 0xef, 0x9d, 0xef, 0x9d, 0xef, 0x9d, 0xef, 0x9d, 0xef, 0x9d, 0xef, 0x9d, 0xef, 0x9d, 0xef, 0x9d, 0xef, 0x9d, 0xef, 0x9d, 0xef, 0x9d, 0xef, 0x9d, 0xef, 0x9e, 0xef, 0x9d, 0xef, 0x9d, 0xf7, 0x9d, 0xf7, 0x9d, 0xf7, 0x9d, 0xf7, 0x9d, 0xf7, 0x9d, 0xf7, 0x9d, 0xf7, 0x9d, 0xf7, 0x9d, 0xf7, 0x9d, 0xf7, 0x9d, 0xf7, 0x7e, 0xf7, 0x7e, 0xf7, 0x7e, 0xf7, 0x7e, 0xef, 0x9e, 0xef, 0x9d, 0xef, 0x9d, 0xef, 0x9d, 0xef, 0x9d, 0xef, 0xbd, 0xef, 0xbd, 0xef, 0xbc, 0xe7, 0xbc, 0xe7, 0xdc, 0xe7, 0xdc, 0xdf, 0xdb, 0xdf, 0xda, 0xd7, 0xda, 0xcf, 0xf9, 0xcf, 0xf9, 0xc7, 0xf8, 0xc7, 0xf8, 0xc7, 0xf8, 0xc7, 0xf8, 0xc7, 0xf8, 
  0xbf, 0xf8, 0xc7, 0xf8, 0xc7, 0xf8, 0xc7, 0xf8, 0xc7, 0xf8, 0xcf, 0xf9, 0xcf, 0xf9, 0xd7, 0xda, 0xdf, 0xda, 0xdf, 0xdb, 0xe7, 0xdb, 0xe7, 0xdc, 0xe7, 0xbc, 0xef, 0xbc, 0xef, 0xbc, 0xef, 0xbd, 0xef, 0xbd, 0xef, 0xbd, 0xef, 0xbd, 0xef, 0xbd, 0xef, 0xbd, 0xef, 0xbd, 0xef, 0xbd, 0xef, 0xbd, 0xef, 0xbd, 0xef, 0xbd, 0xef, 0xbd, 0xef, 0xbd, 0xef, 0xbd, 0xef, 0xbc, 0xef, 0xbc, 0xef, 0xbc, 0xef, 0xbd, 0xef, 0xbd, 0xef, 0xbd, 0xef, 0xbd, 0xef, 0xbd, 0xef, 0xbd, 0xef, 0xbd, 0xef, 0xbc, 0xef, 0xbc, 0xef, 0xbd, 0xef, 0xbd, 0xef, 0xbd, 0xef, 0xbd, 0xef, 0xbd, 0xef, 0xbd, 0xef, 0xbd, 0xef, 0xbd, 0xef, 0xbd, 0xef, 0xbd, 0xef, 0xbd, 0xef, 0xbd, 0xef, 0xbd, 0xef, 0xbd, 0xef, 0xbd, 0xef, 0xbd, 0xef, 0xbd, 0xef, 0xbd, 0xef, 0xbd, 0xef, 0xbd, 0xef, 0xbd, 0xef, 0x9d, 0xef, 0xbd, 0xef, 0xbd, 0xef, 0xbc, 0xef, 0xbc, 0xe7, 0xbc, 0xe7, 0xdc, 0xe7, 0xdc, 0xe7, 0xdc, 0xe7, 0xdc, 0xdf, 0xdb, 0xdf, 0xda, 0xd7, 0xda, 0xd7, 0xd9, 0xcf, 0xd9, 0xcf, 0xf8, 0xc7, 0xf8, 0xc7, 0xf8, 0xc7, 0xf8, 0xc7, 0xf8, 0xc7, 0xf8, 0xc7, 0xf8, 
  0xc7, 0xf8, 0xc7, 0xf8, 0xc7, 0xf8, 0xc7, 0xf8, 0xc7, 0xf8, 0xc7, 0xf8, 0xcf, 0xf8, 0xcf, 0xf9, 0xcf, 0xd9, 0xd7, 0xd9, 0xd7, 0xda, 0xdf, 0xda, 0xdf, 0xdb, 0xe7, 0xdb, 0xe7, 0xdc, 0xe7, 0xdc, 0xe7, 0xdc, 0xe7, 0xdc, 0xe7, 0xdc, 0xe7, 0xdc, 0xe7, 0xbc, 0xe7, 0xbc, 0xe7, 0xbc, 0xe7, 0xbc, 0xe7, 0xbc, 0xe7, 0xbc, 0xe7, 0xbc, 0xe7, 0xbc, 0xe7, 0xbc, 0xe7, 0xbb, 0xe7, 0xdb, 0xe7, 0xbb, 0xe7, 0xdc, 0xe7, 0xbc, 0xe7, 0xbc, 0xe7, 0xdc, 0xe7, 0xdc, 0xe7, 0xdc, 0xe7, 0xdc, 0xe7, 0xdb, 0xe7, 0xdb, 0xe7, 0xdc, 0xe7, 0xdc, 0xe7, 0xdc, 0xe7, 0xdc, 0xe7, 0xbc, 0xe7, 0xbc, 0xe7, 0xdc, 0xe7, 0xdc, 0xe7, 0xdc, 0xe7, 0xdc, 0xe7, 0xdc, 0xe7, 0xdc, 0xe7, 0xdc, 0xe7, 0xdc, 0xe7, 0xdc, 0xe7, 0xdc, 0xe7, 0xdc, 0xe7, 0xdc, 0xe7, 0xdc, 0xe7, 0xdc, 0xe7, 0xdc, 0xe7, 0xdc, 0xe7, 0xdc, 0xe7, 0xdc, 0xe7, 0xdc, 0xe7, 0xdc, 0xe7, 0xdc, 0xe7, 0xdb, 0xdf, 0xdb, 0xdf, 0xdb, 0xdf, 0xda, 0xd7, 0xba, 0xd7, 0xd9, 0xcf, 0xd9, 0xcf, 0xd8, 0xcf, 0xf8, 0xc7, 0xf8, 0xc7, 0xf8, 0xc7, 0xf8, 0xc7, 0xf8, 0xc7, 0xf8, 0xc7, 0xf8, 0xc7, 0xf8, 
  0xc7, 0xf8, 0xc7, 0xf8, 0xc7, 0xf8, 0xc7, 0xf8, 0xc7, 0xf8, 0xc7, 0xf8, 0xc7, 0xf8, 0xc7, 0xf8, 0xcf, 0xf9, 0xcf, 0xf9, 0xcf, 0xd9, 0xd7, 0xd9, 0xd7, 0xda, 0xd7, 0xba, 0xd7, 0xba, 0xd7, 0xba, 0xdf, 0xda, 0xdf, 0xda, 0xdf, 0xda, 0xdf, 0xda, 0xdf, 0xbb, 0xdf, 0xbb, 0xdf, 0xbb, 0xdf, 0xbb, 0xdf, 0xbb, 0xdf, 0xbb, 0xdf, 0xbb, 0xdf, 0xbb, 0xdf, 0xba, 0xdf, 0xba, 0xdf, 0xba, 0xdf, 0xba, 0xdf, 0xba, 0xdf, 0xbb, 0xdf, 0xba, 0xdf, 0xba, 0xdf, 0xba, 0xdf, 0xba, 0xdf, 0xba, 0xdf, 0xba, 0xdf, 0xba, 0xdf, 0xba, 0xdf, 0xba, 0xdf, 0xba, 0xdf, 0xba, 0xdf, 0xba, 0xdf, 0xbb, 0xd7, 0xbb, 0xd7, 0xdb, 0xd7, 0xdb, 0xd7, 0xdb, 0xd7, 0xda, 0xd7, 0xda, 0xd7, 0xda, 0xd7, 0xda, 0xd7, 0xda, 0xd7, 0xda, 0xd7, 0xda, 0xd7, 0xda, 0xd7, 0xda, 0xd7, 0xda, 0xd7, 0xda, 0xd7, 0xdb, 0xd7, 0xdb, 0xd7, 0xba, 0xd7, 0xba, 0xd7, 0xda, 0xd7, 0xda, 0xd7, 0xda, 0xd7, 0xda, 0xd7, 0xb9, 0xcf, 0xb9, 0xd7, 0xd9, 0xcf, 0xd9, 0xcf, 0xd8, 0xcf, 0xf8, 0xc7, 0xf8, 0xc7, 0xf8, 0xc7, 0xf8, 0xbf, 0xf8, 0xc7, 0xf8, 0xc7, 0xf8, 0xc7, 0xf8, 0xc7, 0xf8, 
  0xc7, 0xf8, 0xc7, 0xf8, 0xc7, 0xf8, 0xc7, 0xf8, 0xc7, 0xf8, 0xc7, 0xf8, 0xc7, 0xf8, 0xc7, 0xf8, 0xc7, 0xf8, 0xc7, 0xf8, 0xcf, 0xf8, 0xcf, 0xf8, 0xcf, 0xd9, 0xcf, 0xd9, 0xcf, 0xd9, 0xcf, 0xd9, 0xcf, 0xf8, 0xcf, 0xf8, 0xcf, 0xf9, 0xcf, 0xf9, 0xcf, 0xd9, 0xcf, 0xf9, 0xcf, 0xd9, 0xcf, 0xd9, 0xcf, 0xd9, 0xcf, 0xd9, 0xcf, 0xd9, 0xcf, 0xd9, 0xcf, 0xd9, 0xcf, 0xd9, 0xcf, 0xd9, 0xcf, 0xd9, 0xcf, 0xd9, 0xcf, 0xd9, 0xcf, 0xd9, 0xcf, 0xd9, 0xcf, 0xd9, 0xcf, 0xd9, 0xcf, 0xd8, 0xcf, 0xd8, 0xcf, 0xd8, 0xcf, 0xd9, 0xcf, 0xd9, 0xcf, 0xd9, 0xcf, 0xd9, 0xcf, 0xd9, 0xcf, 0xd9, 0xc7, 0xb9, 0xcf, 0xda, 0xcf, 0xfa, 0xcf, 0xfa, 0xcf, 0xf9, 0xcf, 0xf9, 0xcf, 0xf9, 0xcf, 0xf9, 0xcf, 0xf9, 0xc7, 0xd8, 0xc7, 0xd8, 0xcf, 0xf9, 0xcf, 0xf9, 0xcf, 0xd9, 0xc7, 0xd8, 0xc7, 0xd9, 0xcf, 0xf9, 0xcf, 0xd9, 0xcf, 0xd9, 0xcf, 0xd9, 0xcf, 0xd9, 0xcf, 0xd9, 0xcf, 0xf9, 0xcf, 0xd9, 0xcf, 0xd9, 0xcf, 0xd8, 0xcf, 0xd8, 0xcf, 0xf8, 0xc7, 0xf8, 0xc7, 0xf8, 0xc7, 0xf8, 0xc7, 0xf8, 0xc7, 0xf8, 0xc7, 0xf8, 0xc7, 0xf8, 0xc7, 0xf8, 0xc7, 0xf8, 
  0xc7, 0xf9, 0xc7, 0xf8, 0xc7, 0xf8, 0xc7, 0xf8, 0xc7, 0xf8, 0xc7, 0xf8, 0xc7, 0xf8, 0xc7, 0xf8, 0xc7, 0xf8, 0xc7, 0xf8, 0xc7, 0xf8, 0xc7, 0xf8, 0xc7, 0xf8, 0xcf, 0xf8, 0xcf, 0xf8, 0xcf, 0xf8, 0xc7, 0xf8, 0xc7, 0xf8, 0xc7, 0xf8, 0xc7, 0xf8, 0xc7, 0xf8, 0xc7, 0xf8, 0xc7, 0xf9, 0xc7, 0xf9, 0xc7, 0xf9, 0xc7, 0xf9, 0xc7, 0xf9, 0xc7, 0xf8, 0xc7, 0xf8, 0xc7, 0xf8, 0xc7, 0xf8, 0xc7, 0xf8, 0xc7, 0xf8, 0xc7, 0xf8, 0xc7, 0xf8, 0xc7, 0xf8, 0xc7, 0xf8, 0xc7, 0xf8, 0xc7, 0xf8, 0xc7, 0xf8, 0xc7, 0xf8, 0xc7, 0xf8, 0xc7, 0xf8, 0xc7, 0xf8, 0xc7, 0xf8, 0xc7, 0xf8, 0xc7, 0xf8, 0xcf, 0xf9, 0xc7, 0xf9, 0xc7, 0xf9, 0xc7, 0xf9, 0xc7, 0xf9, 0xc7, 0xf9, 0xc7, 0xf8, 0xc7, 0xf8, 0xc7, 0xf8, 0xc7, 0xf8, 0xc7, 0xf8, 0xc7, 0xf8, 0xc7, 0xf8, 0xc7, 0xf8, 0xc7, 0xf8, 0xc7, 0xf8, 0xc7, 0xf8, 0xc7, 0xf8, 0xcf, 0xf8, 0xc7, 0xf8, 0xc7, 0xf8, 0xc7, 0xf8, 0xc7, 0xf8, 0xc7, 0xf8, 0xc7, 0xf8, 0xc7, 0xf8, 0xc7, 0xf8, 0xc7, 0xf8, 0xc7, 0xf8, 0xc7, 0xf8, 0xc7, 0xf8, 0xc7, 0xf8, 0xc7, 0xf8, 0xc7, 0xf8, 0xc7, 0xf8, 0xc7, 0xf8, 0xc7, 0xf8, 
  0xcf, 0xf9, 0xcf, 0xf9, 0xc7, 0xf8, 0xc7, 0xf8, 0xc7, 0xf8, 0xc7, 0xf8, 0xc7, 0xf8, 0xc7, 0xf8, 0xc7, 0xf8, 0xc7, 0xf8, 0xc7, 0xf8, 0xc7, 0xf8, 0xc7, 0xf8, 0xc7, 0xf8, 0xc7, 0xf8, 0xc7, 0xf8, 0xc7, 0xf8, 0xc7, 0xf7, 0xc7, 0xf7, 0xc7, 0xf7, 0xc7, 0xf7, 0xc7, 0xf8, 0xc7, 0xf8, 0xc7, 0xf8, 0xc7, 0xf8, 0xc7, 0xf8, 0xc7, 0xf8, 0xc7, 0xf8, 0xc7, 0xf8, 0xc7, 0xf8, 0xc7, 0xf8, 0xc7, 0xf8, 0xc7, 0xf8, 0xc7, 0xf8, 0xc7, 0xf8, 0xc7, 0xf8, 0xc7, 0xf8, 0xc7, 0xf8, 0xc7, 0xf8, 0xc7, 0xf8, 0xc7, 0xf8, 0xc7, 0xf8, 0xc7, 0xf8, 0xc7, 0xf8, 0xc7, 0xf8, 0xc7, 0xf7, 0xc7, 0xf8, 0xc7, 0xf8, 0xc7, 0xf8, 0xc7, 0xf8, 0xc7, 0xf8, 0xc7, 0xf8, 0xc7, 0xf8, 0xc7, 0xf8, 0xc7, 0xf8, 0xc7, 0xf7, 0xc7, 0xf7, 0xc7, 0xf7, 0xc7, 0xf7, 0xc7, 0xf7, 0xc7, 0xf8, 0xc7, 0xf8, 0xc7, 0xf8, 0xc7, 0xf8, 0xc7, 0xf8, 0xc7, 0xf8, 0xc7, 0xf8, 0xc7, 0xf8, 0xc7, 0xf8, 0xc7, 0xf8, 0xc7, 0xf8, 0xc7, 0xf8, 0xc7, 0xf8, 0xc7, 0xf8, 0xc7, 0xf8, 0xc7, 0xf8, 0xc7, 0xf8, 0xc7, 0xf8, 0xc7, 0xf8, 0xc7, 0xf8, 0xc7, 0xf8, 0xc7, 0xf8, 0xc7, 0xf8, 0xc7, 0xf8, 
  0xcf, 0xf9, 0xcf, 0xf8, 0xc7, 0xf8, 0xc7, 0xf8, 0xc7, 0xf8, 0xc7, 0xf8, 0xc7, 0xf8, 0xc7, 0xf8, 0xc7, 0xf8, 0xc7, 0xf8, 0xc7, 0xf8, 0xc7, 0xf8, 0xc7, 0xf8, 0xc7, 0xf8, 0xc7, 0xf8, 0xc7, 0xf8, 0xc7, 0xf8, 0xc7, 0xf8, 0xc7, 0xf8, 0xc7, 0xf8, 0xc7, 0xf8, 0xc7, 0xf8, 0xc7, 0xf8, 0xc7, 0xf7, 0xc7, 0xf8, 0xc7, 0xf8, 0xc7, 0xf8, 0xc7, 0xf8, 0xc7, 0xf8, 0xc7, 0xf8, 0xc7, 0xf8, 0xc7, 0xf8, 0xc7, 0xf7, 0xc7, 0xf8, 0xc7, 0xf8, 0xc7, 0xf8, 0xc7, 0xf8, 0xc7, 0xf8, 0xc7, 0xf8, 0xc7, 0xf8, 0xc7, 0xf8, 0xc7, 0xf8, 0xc7, 0xf8, 0xc7, 0xf8, 0xc7, 0xf8, 0xc7, 0xf7, 0xc7, 0xf7, 0xc7, 0xf7, 0xc7, 0xf8, 0xc7, 0xf8, 0xc7, 0xf8, 0xc7, 0xf8, 0xc7, 0xf8, 0xc7, 0xf8, 0xc7, 0xf7, 0xc7, 0xf7, 0xc7, 0xf7, 0xc7, 0xf7, 0xc7, 0xf7, 0xc7, 0xf7, 0xc7, 0xf7, 0xc7, 0xf8, 0xc7, 0xf8, 0xc7, 0xf8, 0xc7, 0xf8, 0xc7, 0xf8, 0xc7, 0xf8, 0xc7, 0xf8, 0xc7, 0xf8, 0xc7, 0xf8, 0xc7, 0xf8, 0xc7, 0xf8, 0xc7, 0xf8, 0xc7, 0xf8, 0xc7, 0xf8, 0xc7, 0xf8, 0xc7, 0xf8, 0xc7, 0xf8, 0xc7, 0xf8, 0xc7, 0xf8, 0xc7, 0xf8, 0xc7, 0xf8, 0xc7, 0xf8, 0xc7, 0xf8, 
  0xc7, 0xf8, 0xc7, 0xf8, 0xc7, 0xf8, 0xc7, 0xf8, 0xc7, 0xf8, 0xc7, 0xf8, 0xc7, 0xf8, 0xc7, 0xf8, 0xc7, 0xf8, 0xc7, 0xf8, 0xc7, 0xf8, 0xc7, 0xf8, 0xc7, 0xf8, 0xc7, 0xf8, 0xc7, 0xf8, 0xc7, 0xf8, 0xc7, 0xf8, 0xc7, 0xf9, 0xc7, 0xf9, 0xc7, 0xf8, 0xc7, 0xf8, 0xc7, 0xf8, 0xc7, 0xf8, 0xc7, 0xf8, 0xc7, 0xf8, 0xc7, 0xf8, 0xc7, 0xf8, 0xc7, 0xf8, 0xc7, 0xf8, 0xc7, 0xf8, 0xc7, 0xf8, 0xc7, 0xf8, 0xc7, 0xf8, 0xc7, 0xf8, 0xc7, 0xf8, 0xc7, 0xf8, 0xc7, 0xf8, 0xc7, 0xf8, 0xc7, 0xf9, 0xc7, 0xf9, 0xc7, 0xf9, 0xc7, 0xd8, 0xc7, 0xd8, 0xc7, 0xf8, 0xc7, 0xf8, 0xc7, 0xf8, 0xc7, 0xf7, 0xc7, 0xf8, 0xc7, 0xf8, 0xc7, 0xf8, 0xc7, 0xf8, 0xc7, 0xf8, 0xc7, 0xf8, 0xc7, 0xf8, 0xc7, 0xf7, 0xc7, 0xf7, 0xc7, 0xf7, 0xc7, 0xf8, 0xc7, 0xf8, 0xc7, 0xf8, 0xc7, 0xf8, 0xc7, 0xf8, 0xc7, 0xf9, 0xc7, 0xf8, 0xc7, 0xf8, 0xc7, 0xf8, 0xc7, 0xf8, 0xc7, 0xf8, 0xc7, 0xf8, 0xc7, 0xf8, 0xc7, 0xf8, 0xc7, 0xf8, 0xc7, 0xf8, 0xc7, 0xf8, 0xc7, 0xf8, 0xc7, 0xf8, 0xc7, 0xf8, 0xc7, 0xf8, 0xc7, 0xf8, 0xc7, 0xf8, 0xc7, 0xf8, 0xc7, 0xf8, 0xc7, 0xf8, 0xc7, 0xf8, 
  0xc7, 0xf8, 0xc7, 0xf8, 0xc7, 0xf8, 0xc7, 0xf8, 0xc7, 0xf8, 0xc7, 0xf8, 0xc7, 0xf8, 0xc7, 0xf8, 0xc7, 0xf8, 0xc7, 0xf8, 0xc7, 0xf8, 0xc7, 0xf8, 0xc7, 0xf8, 0xc7, 0xf8, 0xc7, 0xf8, 0xc7, 0xf9, 0xcf, 0xfa, 0xc7, 0xfa, 0xc7, 0xfa, 0xc7, 0xf9, 0xc7, 0xf9, 0xc7, 0xf9, 0xc7, 0xf8, 0xc7, 0xf8, 0xc7, 0xf8, 0xc7, 0xf8, 0xc7, 0xf8, 0xc7, 0xf8, 0xc7, 0xf8, 0xc7, 0xf8, 0xc7, 0xf8, 0xc7, 0xf8, 0xc7, 0xf8, 0xc7, 0xf8, 0xc7, 0xf8, 0xc7, 0xf9, 0xc7, 0xf9, 0xc7, 0xf9, 0xc7, 0xfa, 0xcf, 0xfa, 0xc7, 0xfa, 0xc7, 0xfa, 0xc7, 0xf9, 0xc7, 0xf9, 0xc7, 0xf8, 0xcf, 0xf8, 0xcf, 0xf8, 0xc7, 0xf8, 0xc7, 0xf8, 0xc7, 0xf8, 0xc7, 0xf8, 0xc7, 0xf8, 0xc7, 0xf8, 0xc7, 0xf8, 0xc7, 0xf8, 0xc7, 0xf8, 0xc7, 0xf8, 0xc7, 0xf8, 0xc7, 0xf8, 0xc7, 0xf9, 0xcf, 0xfa, 0xcf, 0xfa, 0xc7, 0xfa, 0xc7, 0xf9, 0xc7, 0xf8, 0xc7, 0xf8, 0xc7, 0xf8, 0xc7, 0xf8, 0xc7, 0xf8, 0xc7, 0xf8, 0xc7, 0xf8, 0xc7, 0xf8, 0xc7, 0xf8, 0xc7, 0xf8, 0xc7, 0xf8, 0xc7, 0xf8, 0xc7, 0xf8, 0xc7, 0xf8, 0xc7, 0xf8, 0xc7, 0xf8, 0xc7, 0xf8, 0xc7, 0xf8, 0xc7, 0xf8, 0xc7, 0xf8, 
  0xc7, 0xf8, 0xc7, 0xf8, 0xc7, 0xf8, 0xc7, 0xf8, 0xc7, 0xf8, 0xc7, 0xf8, 0xc7, 0xf8, 0xc7, 0xf8, 0xc7, 0xf8, 0xc7, 0xf8, 0xc7, 0xf8, 0xc7, 0xf9, 0xc7, 0xf9, 0xc7, 0xf9, 0xc7, 0xf9, 0xc7, 0xf9, 0xbf, 0xba, 0xbf, 0xba, 0xbf, 0xba, 0xc7, 0xda, 0xc7, 0xfa, 0xc7, 0xf9, 0xc7, 0xf9, 0xc7, 0xf8, 0xc7, 0xf8, 0xc7, 0xf8, 0xc7, 0xf8, 0xc7, 0xf8, 0xc7, 0xf8, 0xc7, 0xf8, 0xc7, 0xf8, 0xc7, 0xf8, 0xc7, 0xf8, 0xc7, 0xf8, 0xc7, 0xf9, 0xc7, 0xf9, 0xc7, 0xfa, 0xc7, 0xfa, 0xc7, 0xda, 0xbf, 0xba, 0xbf, 0xba, 0xc7, 0xfa, 0xc7, 0xfa, 0xc7, 0xf9, 0xc7, 0xf9, 0xc7, 0xf9, 0xc7, 0xf8, 0xc7, 0xf8, 0xc7, 0xf8, 0xc7, 0xf8, 0xc7, 0xf8, 0xc7, 0xf8, 0xc7, 0xf8, 0xc7, 0xf8, 0xc7, 0xf8, 0xc7, 0xf8, 0xc7, 0xf9, 0xc7, 0xf9, 0xc7, 0xf9, 0xc7, 0xfa, 0xc7, 0xda, 0xbf, 0xba, 0xbf, 0xba, 0xc7, 0xda, 0xc7, 0xf9, 0xc7, 0xf8, 0xc7, 0xf8, 0xc7, 0xf8, 0xc7, 0xf8, 0xc7, 0xf8, 0xc7, 0xf8, 0xc7, 0xf8, 0xc7, 0xf8, 0xc7, 0xf8, 0xc7, 0xf8, 0xcf, 0xf8, 0xc7, 0xf8, 0xc7, 0xf8, 0xc7, 0xf8, 0xc7, 0xf8, 0xc7, 0xf8, 0xc7, 0xf8, 0xc7, 0xf8, 0xc7, 0xf8, 
  0xc7, 0xf8, 0xc7, 0xf8, 0xc7, 0xf8, 0xc7, 0xf8, 0xc7, 0xf8, 0xc7, 0xf8, 0xc7, 0xf8, 0xc7, 0xf8, 0xc7, 0xf9, 0xc7, 0xf9, 0xc7, 0xf8, 0xc7, 0xf8, 0xc7, 0xf8, 0xc7, 0xf9, 0xc7, 0xfa, 0xc7, 0xdb, 0xa6, 0xf9, 0xae, 0xfa, 0xb7, 0x5a, 0xbf, 0xbb, 0xc7, 0xfa, 0xc7, 0xf9, 0xc7, 0xf9, 0xc7, 0xf8, 0xc7, 0xf8, 0xc7, 0xf8, 0xc7, 0xf8, 0xc7, 0xf8, 0xc7, 0xf8, 0xc7, 0xf8, 0xc7, 0xf8, 0xc7, 0xf8, 0xc7, 0xf8, 0xc7, 0xf8, 0xc7, 0xf9, 0xc7, 0xf9, 0xc7, 0xfa, 0xbf, 0xba, 0xaf, 0x3a, 0xa6, 0xf9, 0xaf, 0x39, 0xbf, 0x9a, 0xc7, 0xfb, 0xc7, 0xf9, 0xc7, 0xf9, 0xc7, 0xf9, 0xc7, 0xf9, 0xc7, 0xf8, 0xc7, 0xf8, 0xc7, 0xf8, 0xc7, 0xf8, 0xc7, 0xf8, 0xc7, 0xf8, 0xc7, 0xf8, 0xc7, 0xf8, 0xc7, 0xf8, 0xc7, 0xf8, 0xc7, 0xf9, 0xc7, 0xfa, 0xc7, 0xdb, 0xb7, 0x5a, 0xa6, 0xd9, 0xae, 0xf9, 0xb7, 0x7a, 0xc7, 0xfa, 0xcf, 0xf8, 0xc7, 0xf8, 0xc7, 0xf8, 0xc7, 0xf8, 0xc7, 0xf8, 0xc7, 0xf8, 0xc7, 0xf8, 0xc7, 0xf8, 0xc7, 0xf8, 0xc7, 0xf8, 0xc7, 0xf8, 0xc7, 0xf8, 0xc7, 0xf8, 0xc7, 0xf8, 0xc7, 0xf8, 0xc7, 0xf8, 0xc7, 0xf8, 0xc7, 0xf8, 0xc7, 0xf8, 
  0xc7, 0xf9, 0xc7, 0xf8, 0xc7, 0xf8, 0xc7, 0xf8, 0xc7, 0xf7, 0xc7, 0xf7, 0xc7, 0xf8, 0xc7, 0xf8, 0xc7, 0xf9, 0xc7, 0xf8, 0xc7, 0xf7, 0xcf, 0xf8, 0xc7, 0xf7, 0xc7, 0xf9, 0xc7, 0xfc, 0xaf, 0x3b, 0xa6, 0xbc, 0xa6, 0xbd, 0x9e, 0x9b, 0xb7, 0x5b, 0xc7, 0xfb, 0xc7, 0xf8, 0xc7, 0xf8, 0xc7, 0xf7, 0xc7, 0xf8, 0xc7, 0xf9, 0xc7, 0xf8, 0xc7, 0xf8, 0xc7, 0xf8, 0xc7, 0xf8, 0xc7, 0xf8, 0xc7, 0xf9, 0xc7, 0xf8, 0xc7, 0xf8, 0xc7, 0xf8, 0xc7, 0xf9, 0xc7, 0xfb, 0xb7, 0x5b, 0x9e, 0x9a, 0xae, 0xfc, 0x9e, 0xbb, 0xb7, 0x5c, 0xc7, 0xdb, 0xc7, 0xf9, 0xc7, 0xf8, 0xc7, 0xf8, 0xc7, 0xf8, 0xc7, 0xf8, 0xc7, 0xf8, 0xc7, 0xf8, 0xc7, 0xf7, 0xc7, 0xf8, 0xc7, 0xf8, 0xc7, 0xf8, 0xc7, 0xf8, 0xc7, 0xf8, 0xc7, 0xf7, 0xc7, 0xf8, 0xc7, 0xfa, 0xbf, 0x9b, 0xa6, 0xdc, 0xa6, 0xbd, 0xae, 0xfd, 0xa6, 0xfa, 0xc7, 0xda, 0xc7, 0xf8, 0xc7, 0xf8, 0xc7, 0xf8, 0xc7, 0xf8, 0xc7, 0xf8, 0xc7, 0xf8, 0xc7, 0xf8, 0xc7, 0xf8, 0xc7, 0xf8, 0xc7, 0xf8, 0xc7, 0xf8, 0xc7, 0xf8, 0xc7, 0xf8, 0xc7, 0xf8, 0xc7, 0xf8, 0xc7, 0xf8, 0xc7, 0xf8, 0xc7, 0xf8, 0xc7, 0xf8, 
  0xc7, 0xf9, 0xc7, 0xf9, 0xc7, 0xf8, 0xc7, 0xf8, 0xc7, 0xf7, 0xc7, 0xf7, 0xc7, 0xf8, 0xc7, 0xf8, 0xc7, 0xf9, 0xc7, 0xf9, 0xc7, 0xf7, 0xc7, 0xf7, 0xbf, 0xf7, 0xc7, 0xfa, 0xbf, 0xbc, 0xa6, 0xdc, 0xa6, 0xbe, 0xa6, 0x9e, 0xa6, 0xbc, 0xb7, 0x7c, 0xc7, 0xfa, 0xc7, 0xf8, 0xc7, 0xf7, 0xc7, 0xf7, 0xc7, 0xf8, 0xc7, 0xf9, 0xc7, 0xf9, 0xc7, 0xf8, 0xc7, 0xf8, 0xc7, 0xf8, 0xc7, 0xf8, 0xc7, 0xf9, 0xc7, 0xf8, 0xc7, 0xf8, 0xc7, 0xf8, 0xc7, 0xfa, 0xc7, 0xdc, 0xaf, 0x1b, 0xa6, 0xbd, 0xa6, 0xde, 0xa6, 0xbc, 0xb7, 0x7c, 0xc7, 0xfb, 0xc7, 0xf9, 0xc7, 0xf8, 0xc7, 0xf8, 0xc7, 0xf8, 0xc7, 0xf8, 0xc7, 0xf8, 0xc7, 0xf8, 0xc7, 0xf8, 0xc7, 0xf8, 0xc7, 0xf8, 0xc7, 0xf8, 0xc7, 0xf8, 0xc7, 0xf8, 0xc7, 0xf7, 0xc7, 0xf8, 0xc7, 0xfb, 0xb7, 0x3c, 0xa6, 0xbe, 0xa6, 0xbf, 0xa6, 0x9d, 0xaf, 0x1b, 0xc7, 0xfa, 0xc7, 0xf8, 0xc7, 0xf8, 0xc7, 0xf8, 0xc7, 0xf8, 0xc7, 0xf8, 0xc7, 0xf8, 0xc7, 0xf8, 0xc7, 0xf8, 0xc7, 0xf8, 0xc7, 0xf8, 0xc7, 0xf8, 0xc7, 0xf8, 0xc7, 0xf8, 0xc7, 0xf8, 0xc7, 0xf8, 0xc7, 0xf8, 0xc7, 0xf8, 0xc7, 0xf8, 0xc7, 0xf8, 
  0xc7, 0xf9, 0xc7, 0xf8, 0xc7, 0xf8, 0xc7, 0xf8, 0xc7, 0xf7, 0xc7, 0xf7, 0xc7, 0xf8, 0xc7, 0xf8, 0xc7, 0xf9, 0xc7, 0xf8, 0xc7, 0xf8, 0xbf, 0xf7, 0xbf, 0xf8, 0xc7, 0xfb, 0xb7, 0x5c, 0xa6, 0xbc, 0xa6, 0xde, 0x9e, 0x9d, 0xaf, 0x1c, 0xbf, 0x9c, 0xc7, 0xfa, 0xc7, 0xf8, 0xc7, 0xf7, 0xc7, 0xf8, 0xc7, 0xf8, 0xc7, 0xf9, 0xc7, 0xf8, 0xc7, 0xf8, 0xc7, 0xf8, 0xc7, 0xf8, 0xc7, 0xf8, 0xc7, 0xf8, 0xc7, 0xf8, 0xc7, 0xf8, 0xbf, 0xd8, 0xc7, 0xfa, 0xbf, 0x7c, 0xa6, 0xbb, 0xa6, 0xde, 0xa6, 0xbd, 0xae, 0xfc, 0xbf, 0x9c, 0xc7, 0xfb, 0xc7, 0xf9, 0xc7, 0xf8, 0xc7, 0xf8, 0xc7, 0xf8, 0xc7, 0xf8, 0xc7, 0xf8, 0xc7, 0xf8, 0xc7, 0xf8, 0xc7, 0xf8, 0xc7, 0xf8, 0xc7, 0xf8, 0xc7, 0xf8, 0xc7, 0xf8, 0xc7, 0xf7, 0xc7, 0xd9, 0xbf, 0xbc, 0xae, 0xfc, 0xa6, 0xbe, 0xa6, 0xbf, 0x9e, 0x9c, 0xb7, 0x7b, 0xc7, 0xfa, 0xc7, 0xf8, 0xc7, 0xf8, 0xc7, 0xf8, 0xc7, 0xf8, 0xc7, 0xf8, 0xc7, 0xf8, 0xc7, 0xf8, 0xc7, 0xf8, 0xc7, 0xf8, 0xc7, 0xf8, 0xc7, 0xf8, 0xc7, 0xf8, 0xc7, 0xf8, 0xc7, 0xf8, 0xc7, 0xf8, 0xc7, 0xf8, 0xc7, 0xf8, 0xc7, 0xf8, 0xc7, 0xf8, 
  0xc7, 0xf8, 0xc7, 0xf8, 0xc7, 0xf8, 0xc7, 0xf8, 0xc7, 0xf7, 0xc7, 0xf7, 0xc7, 0xf8, 0xc7, 0xf8, 0xc7, 0xf9, 0xc7, 0xf8, 0xc7, 0xf8, 0xbf, 0xf8, 0xc7, 0xf9, 0xc7, 0xfb, 0xaf, 0x1c, 0xa6, 0xbd, 0xa6, 0xde, 0x9e, 0x9c, 0xb7, 0x5c, 0xbf, 0xdb, 0xc7, 0xf9, 0xc7, 0xf8, 0xc7, 0xf7, 0xc7, 0xf8, 0xc7, 0xf8, 0xc7, 0xf8, 0xc7, 0xf8, 0xc7, 0xf8, 0xc7, 0xf8, 0xc7, 0xf8, 0xc7, 0xf8, 0xc7, 0xf8, 0xc7, 0xf8, 0xc7, 0xf8, 0xc7, 0xf9, 0xc7, 0xdb, 0xaf, 0x1c, 0xa6, 0xbc, 0xa6, 0xde, 0xa6, 0xbd, 0xb7, 0x5c, 0xbf, 0xdb, 0xc7, 0xfa, 0xc7, 0xf9, 0xc7, 0xf9, 0xc7, 0xf9, 0xc7, 0xf8, 0xc7, 0xf8, 0xc7, 0xf7, 0xc7, 0xf7, 0xc7, 0xf8, 0xc7, 0xf8, 0xc7, 0xf9, 0xc7, 0xf8, 0xc7, 0xf7, 0xc7, 0xf7, 0xc7, 0xf8, 0xc7, 0xda, 0xb7, 0x5c, 0xa6, 0xbd, 0xa6, 0xbf, 0xa6, 0xbe, 0xa6, 0xdb, 0xbf, 0xdc, 0xc7, 0xf9, 0xc7, 0xf8, 0xc7, 0xf8, 0xc7, 0xf8, 0xc7, 0xf8, 0xc7, 0xf8, 0xc7, 0xf8, 0xc7, 0xf8, 0xc7, 0xf8, 0xc7, 0xf8, 0xc7, 0xf8, 0xc7, 0xf8, 0xc7, 0xf8, 0xc7, 0xf8, 0xc7, 0xf8, 0xc7, 0xf8, 0xc7, 0xf8, 0xc7, 0xf8, 0xc7, 0xf8, 0xc7, 0xf8, 
  0xc7, 0xf8, 0xc7, 0xf8, 0xc7, 0xf8, 0xc7, 0xf8, 0xc7, 0xf8, 0xc7, 0xf8, 0xc7, 0xf8, 0xc7, 0xf8, 0xc7, 0xf9, 0xc7, 0xf8, 0xc7, 0xf8, 0xc7, 0xf9, 0xc7, 0xfb, 0xbf, 0x9c, 0xa6, 0xbc, 0xa6, 0xde, 0xa6, 0xbd, 0xa6, 0xdb, 0xbf, 0x9c, 0xc7, 0xfb, 0xc7, 0xf9, 0xc7, 0xf8, 0xc7, 0xf8, 0xc7, 0xf8, 0xc7, 0xf8, 0xc7, 0xf8, 0xc7, 0xf8, 0xc7, 0xf8, 0xc7, 0xf8, 0xc7, 0xf8, 0xc7, 0xf8, 0xc7, 0xf8, 0xc7, 0xf8, 0xbf, 0xd8, 0xcf, 0xfb, 0xb7, 0x7b, 0xa6, 0xbc, 0xae, 0xde, 0xa6, 0xbe, 0xa6, 0xdc, 0xbf, 0x9b, 0xc7, 0xfa, 0xc7, 0xf9, 0xc7, 0xf9, 0xc7, 0xf9, 0xc7, 0xf9, 0xc7, 0xf8, 0xc7, 0xf7, 0xc7, 0xf7, 0xc7, 0xf7, 0xc7, 0xf8, 0xc7, 0xf9, 0xc7, 0xf9, 0xc7, 0xf8, 0xc7, 0xf7, 0xc7, 0xf7, 0xc7, 0xf9, 0xc7, 0xdc, 0xae, 0xdd, 0xa6, 0x9e, 0xa6, 0xbf, 0xa6, 0xbd, 0xb7, 0x5c, 0xc7, 0xfb, 0xc7, 0xf9, 0xc7, 0xf8, 0xc7, 0xf8, 0xc7, 0xf8, 0xc7, 0xf8, 0xc7, 0xf8, 0xc7, 0xf8, 0xc7, 0xf8, 0xc7, 0xf8, 0xc7, 0xf8, 0xc7, 0xf8, 0xc7, 0xf8, 0xc7, 0xf8, 0xc7, 0xf8, 0xc7, 0xf8, 0xc7, 0xf8, 0xc7, 0xf8, 0xc7, 0xf8, 0xc7, 0xf8, 0xc7, 0xf8, 
  0xc7, 0xf8, 0xc7, 0xf8, 0xc7, 0xf8, 0xc7, 0xf8, 0xc7, 0xf8, 0xc7, 0xf8, 0xc7, 0xf8, 0xc7, 0xf8, 0xc7, 0xf8, 0xc7, 0xf8, 0xc7, 0xf9, 0xc7, 0xfa, 0xc7, 0xdc, 0xb7, 0x3c, 0xa6, 0x9d, 0xae, 0xdf, 0xa6, 0xbc, 0xaf, 0x1c, 0xbf, 0xdb, 0xc7, 0xfa, 0xc7, 0xf8, 0xc7, 0xf8, 0xc7, 0xf8, 0xc7, 0xf8, 0xc7, 0xf8, 0xc7, 0xf8, 0xc7, 0xf8, 0xc7, 0xf8, 0xc7, 0xf8, 0xc7, 0xf8, 0xc7, 0xf8, 0xc7, 0xf8, 0xc7, 0xf8, 0xbf, 0xd9, 0xcf, 0xfc, 0xaf, 0x1c, 0xa6, 0x9d, 0xae, 0xdf, 0xa6, 0x9d, 0xaf, 0x1c, 0xc7, 0xdb, 0xc7, 0xf9, 0xc7, 0xf8, 0xc7, 0xf8, 0xc7, 0xfa, 0xc7, 0xf9, 0xc7, 0xf8, 0xc7, 0xf7, 0xc7, 0xf7, 0xc7, 0xf7, 0xc7, 0xf8, 0xc7, 0xf9, 0xc7, 0xf9, 0xc7, 0xf8, 0xc7, 0xf7, 0xc7, 0xf7, 0xc7, 0xfa, 0xbf, 0x9d, 0xa6, 0x9d, 0xa6, 0x9f, 0xa6, 0xbe, 0xa6, 0xdc, 0xbf, 0x9c, 0xc7, 0xfa, 0xc7, 0xf9, 0xc7, 0xf8, 0xc7, 0xf8, 0xc7, 0xf8, 0xc7, 0xf8, 0xc7, 0xf8, 0xc7, 0xf8, 0xc7, 0xf8, 0xc7, 0xf8, 0xc7, 0xf8, 0xc7, 0xf8, 0xc7, 0xf8, 0xc7, 0xf8, 0xc7, 0xf8, 0xc7, 0xf8, 0xc7, 0xf8, 0xc7, 0xf8, 0xc7, 0xf8, 0xc7, 0xf8, 0xc7, 0xf8, 
  0xc7, 0xf8, 0xc7, 0xf8, 0xc7, 0xf8, 0xc7, 0xf8, 0xc7, 0xf8, 0xc7, 0xf8, 0xc7, 0xf8, 0xc7, 0xf8, 0xc7, 0xf8, 0xc7, 0xf9, 0xc7, 0xf9, 0xc7, 0xfb, 0xbf, 0x9c, 0xa6, 0xfc, 0xa6, 0x9e, 0xa6, 0xbf, 0xa6, 0xdc, 0xbf, 0x9c, 0xc7, 0xfb, 0xc7, 0xf9, 0xc7, 0xf8, 0xc7, 0xf8, 0xc7, 0xf9, 0xc7, 0xf8, 0xc7, 0xf8, 0xc7, 0xf8, 0xc7, 0xf8, 0xc7, 0xf8, 0xc7, 0xf8, 0xc7, 0xf8, 0xc7, 0xf8, 0xc7, 0xf8, 0xc7, 0xf8, 0xc7, 0xfa, 0xbf, 0xbd, 0xa6, 0xdd, 0xa6, 0x9e, 0xae, 0xbf, 0xa6, 0xbd, 0xbf, 0x7c, 0xc7, 0xfa, 0xc7, 0xf8, 0xc7, 0xf8, 0xc7, 0xf8, 0xc7, 0xf9, 0xc7, 0xf9, 0xc7, 0xf8, 0xc7, 0xf7, 0xc7, 0xf7, 0xc7, 0xf8, 0xc7, 0xf8, 0xc7, 0xf9, 0xc7, 0xf9, 0xc7, 0xf8, 0xc7, 0xf7, 0xc7, 0xf8, 0xc7, 0xdb, 0xb7, 0x1d, 0xa6, 0x7f, 0xa6, 0xbf, 0xa6, 0xbd, 0xaf, 0x1c, 0xc7, 0xdc, 0xbf, 0xd9, 0xc7, 0xf8, 0xc7, 0xf8, 0xc7, 0xf8, 0xc7, 0xf8, 0xc7, 0xf8, 0xc7, 0xf8, 0xc7, 0xf8, 0xc7, 0xf8, 0xc7, 0xf8, 0xc7, 0xf8, 0xc7, 0xf8, 0xc7, 0xf8, 0xc7, 0xf8, 0xc7, 0xf8, 0xc7, 0xf8, 0xc7, 0xf8, 0xc7, 0xf8, 0xc7, 0xf8, 0xc7, 0xf8, 0xc7, 0xf8, 
  0xc7, 0xf8, 0xc7, 0xf8, 0xc7, 0xf8, 0xc7, 0xf8, 0xc7, 0xf8, 0xc7, 0xf8, 0xc7, 0xf8, 0xc7, 0xf8, 0xc7, 0xf8, 0xc7, 0xfa, 0xc7, 0xfa, 0xc7, 0xdc, 0xb7, 0x5d, 0xa6, 0xbc, 0xa6, 0x9f, 0xa6, 0xbe, 0xae, 0xfb, 0xc7, 0xfc, 0xc7, 0xfa, 0xc7, 0xf8, 0xc7, 0xf8, 0xc7, 0xf8, 0xcf, 0xf9, 0xc7, 0xf8, 0xc7, 0xf8, 0xc7, 0xf8, 0xc7, 0xf8, 0xc7, 0xf8, 0xc7, 0xf8, 0xc7, 0xf8, 0xc7, 0xf8, 0xc7, 0xf8, 0xc7, 0xf9, 0xc7, 0xfb, 0xb7, 0x3d, 0xa6, 0xbe, 0xa6, 0xbf, 0xa6, 0x9f, 0xae, 0xdc, 0xc7, 0xdc, 0xc7, 0xf9, 0xc7, 0xf8, 0xc7, 0xf8, 0xc7, 0xf8, 0xc7, 0xf9, 0xc7, 0xf9, 0xc7, 0xf8, 0xc7, 0xf8, 0xc7, 0xf7, 0xc7, 0xf8, 0xc7, 0xf8, 0xc7, 0xf8, 0xc7, 0xf8, 0xc7, 0xf8, 0xc7, 0xf8, 0xc7, 0xf9, 0xc7, 0xbd, 0xa6, 0xbd, 0xa6, 0x9f, 0xae, 0xbf, 0xa6, 0xbc, 0xb7, 0x5c, 0xc7, 0xfb, 0xc7, 0xf9, 0xc7, 0xf8, 0xc7, 0xf8, 0xc7, 0xf8, 0xc7, 0xf8, 0xc7, 0xf8, 0xc7, 0xf8, 0xc7, 0xf8, 0xc7, 0xf8, 0xc7, 0xf8, 0xc7, 0xf8, 0xc7, 0xf8, 0xc7, 0xf8, 0xc7, 0xf8, 0xc7, 0xf8, 0xc7, 0xf8, 0xc7, 0xf8, 0xc7, 0xf8, 0xc7, 0xf8, 0xc7, 0xf8, 0xc7, 0xf8, 
  0xc7, 0xf8, 0xc7, 0xf8, 0xc7, 0xf8, 0xc7, 0xf8, 0xc7, 0xf8, 0xc7, 0xf8, 0xc7, 0xf8, 0xc7, 0xf8, 0xc7, 0xf8, 0xc7, 0xfa, 0xc7, 0xfc, 0xbf, 0x9c, 0xa6, 0xdc, 0xa6, 0xbd, 0xae, 0xdf, 0xa6, 0x9d, 0xbf, 0x9c, 0xc7, 0xda, 0xc7, 0xf9, 0xc7, 0xf8, 0xc7, 0xf7, 0xc7, 0xf8, 0xc7, 0xf9, 0xc7, 0xf9, 0xc7, 0xf8, 0xc7, 0xf7, 0xc7, 0xf7, 0xc7, 0xf8, 0xc7, 0xf8, 0xc7, 0xf9, 0xc7, 0xf8, 0xc7, 0xf8, 0xc7, 0xf9, 0xc7, 0xdc, 0xa6, 0xdc, 0xa6, 0x9f, 0xa6, 0x9f, 0xa6, 0x9e, 0xbf, 0x7d, 0xc7, 0xdb, 0xc7, 0xf9, 0xc7, 0xf7, 0xc7, 0xf8, 0xc7, 0xf8, 0xc7, 0xf8, 0xc7, 0xf8, 0xc7, 0xf8, 0xc7, 0xf8, 0xc7, 0xf8, 0xcf, 0xf9, 0xc7, 0xf8, 0xc7, 0xf8, 0xc7, 0xf8, 0xc7, 0xf8, 0xc7, 0xf9, 0xc7, 0xfb, 0xb7, 0x3c, 0xa6, 0x9d, 0xa6, 0x9f, 0xa6, 0xbf, 0xaf, 0x1c, 0xc7, 0xdc, 0xc7, 0xfa, 0xc7, 0xf9, 0xc7, 0xf8, 0xc7, 0xf8, 0xc7, 0xf8, 0xc7, 0xf8, 0xc7, 0xf8, 0xc7, 0xf8, 0xc7, 0xf8, 0xc7, 0xf8, 0xc7, 0xf8, 0xc7, 0xf8, 0xc7, 0xf8, 0xc7, 0xf8, 0xc7, 0xf8, 0xc7, 0xf8, 0xc7, 0xf8, 0xc7, 0xf8, 0xc7, 0xf8, 0xc7, 0xf8, 0xc7, 0xf8, 0xc7, 0xf8, 
  0xc7, 0xf8, 0xc7, 0xf8, 0xc7, 0xf8, 0xc7, 0xf8, 0xc7, 0xf8, 0xc7, 0xf8, 0xc7, 0xf8, 0xc7, 0xf8, 0xc7, 0xf8, 0xc7, 0xfa, 0xc7, 0xfc, 0xb7, 0x5c, 0xa6, 0xbc, 0xa6, 0xbe, 0xa6, 0xbe, 0xa6, 0xdd, 0xbf, 0xbc, 0xc7, 0xfa, 0xc7, 0xf9, 0xc7, 0xf8, 0xc7, 0xf7, 0xc7, 0xf8, 0xc7, 0xf9, 0xc7, 0xf9, 0xc7, 0xf8, 0xc7, 0xf8, 0xc7, 0xf7, 0xc7, 0xf8, 0xc7, 0xf8, 0xc7, 0xf9, 0xc7, 0xf8, 0xc7, 0xf9, 0xc7, 0xfa, 0xb7, 0x7b, 0xa6, 0xbd, 0xae, 0xbf, 0xa6, 0x9f, 0xa6, 0xdd, 0xc7, 0xbc, 0xc7, 0xfa, 0xc7, 0xf8, 0xc7, 0xf8, 0xc7, 0xf8, 0xc7, 0xf8, 0xc7, 0xf8, 0xc7, 0xf8, 0xc7, 0xf8, 0xc7, 0xf8, 0xc7, 0xf8, 0xcf, 0xf9, 0xc7, 0xf8, 0xc7, 0xf7, 0xc7, 0xf8, 0xc7, 0xf8, 0xc7, 0xf9, 0xbf, 0xbb, 0xae, 0xdc, 0xa6, 0xbf, 0xa6, 0x9f, 0xa6, 0x9d, 0xb7, 0x5c, 0xc7, 0xfb, 0xc7, 0xf9, 0xc7, 0xf9, 0xc7, 0xf8, 0xc7, 0xf8, 0xc7, 0xf8, 0xc7, 0xf8, 0xc7, 0xf8, 0xc7, 0xf8, 0xc7, 0xf8, 0xc7, 0xf8, 0xc7, 0xf8, 0xc7, 0xf8, 0xc7, 0xf8, 0xc7, 0xf8, 0xc7, 0xf8, 0xc7, 0xf8, 0xc7, 0xf8, 0xc7, 0xf8, 0xc7, 0xf8, 0xc7, 0xf8, 0xc7, 0xf8, 0xc7, 0xf8, 
  0xc7, 0xf8, 0xc7, 0xf8, 0xc7, 0xf8, 0xc7, 0xf8, 0xc7, 0xf8, 0xc7, 0xf8, 0xc7, 0xf8, 0xc7, 0xf8, 0xc7, 0xf9, 0xc7, 0xfa, 0xc7, 0xdd, 0xae, 0xfc, 0xa6, 0xbd, 0xa6, 0xde, 0x9e, 0x9c, 0xb7, 0x3d, 0xc7, 0xdb, 0xc7, 0xf9, 0xc7, 0xf8, 0xc7, 0xf8, 0xc7, 0xf8, 0xc7, 0xf8, 0xc7, 0xf8, 0xc7, 0xf8, 0xc7, 0xf8, 0xc7, 0xf8, 0xc7, 0xf8, 0xc7, 0xf8, 0xc7, 0xf8, 0xc7, 0xf8, 0xc7, 0xf9, 0xc7, 0xfa, 0xc7, 0xfb, 0xa6, 0xfb, 0xa6, 0xbe, 0xae, 0xdf, 0xa6, 0x9e, 0xaf, 0x1d, 0xc7, 0xfc, 0xc7, 0xf9, 0xc7, 0xf8, 0xc7, 0xf8, 0xc7, 0xf8, 0xc7, 0xf8, 0xc7, 0xf8, 0xc7, 0xf8, 0xc7, 0xf8, 0xc7, 0xf8, 0xc7, 0xf9, 0xc7, 0xf9, 0xc7, 0xf8, 0xc7, 0xf8, 0xc7, 0xf8, 0xc7, 0xf9, 0xc7, 0xfb, 0xb7, 0x5c, 0xa6, 0x9c, 0xae, 0xdf, 0xa6, 0x9e, 0xa6, 0xbc, 0xbf, 0xbc, 0xc7, 0xfa, 0xc7, 0xf9, 0xc7, 0xf8, 0xc7, 0xf8, 0xc7, 0xf8, 0xc7, 0xf8, 0xc7, 0xf8, 0xc7, 0xf8, 0xc7, 0xf8, 0xc7, 0xf8, 0xc7, 0xf8, 0xc7, 0xf8, 0xc7, 0xf8, 0xc7, 0xf8, 0xc7, 0xf8, 0xc7, 0xf8, 0xc7, 0xf8, 0xc7, 0xf8, 0xc7, 0xf8, 0xc7, 0xf8, 0xc7, 0xf8, 0xc7, 0xf8, 0xc7, 0xf8, 
  0xc7, 0xf8, 0xc7, 0xf8, 0xc7, 0xf8, 0xc7, 0xf8, 0xc7, 0xf8, 0xc7, 0xf8, 0xc7, 0xf8, 0xc7, 0xf8, 0xc7, 0xf9, 0xc7, 0xfb, 0xbf, 0x7c, 0xa6, 0xdc, 0xa6, 0xde, 0xa6, 0xdd, 0xa6, 0xdc, 0xbf, 0xbd, 0xc7, 0xfb, 0xc7, 0xf9, 0xc7, 0xf8, 0xc7, 0xf8, 0xc7, 0xf8, 0xc7, 0xf8, 0xc7, 0xf8, 0xc7, 0xf8, 0xc7, 0xf8, 0xc7, 0xf8, 0xc7, 0xf8, 0xc7, 0xf8, 0xc7, 0xf8, 0xc7, 0xf9, 0xc7, 0xf9, 0xc7, 0xfb, 0xbf, 0x9c, 0xa6, 0xbb, 0xa6, 0xbe, 0xa6, 0xbe, 0xa6, 0xdd, 0xbf, 0x7d, 0xc7, 0xfb, 0xc7, 0xf8, 0xc7, 0xf8, 0xc7, 0xf8, 0xc7, 0xf8, 0xc7, 0xf8, 0xc7, 0xf7, 0xc7, 0xf8, 0xc7, 0xf8, 0xc7, 0xf8, 0xc7, 0xf9, 0xc7, 0xf8, 0xc7, 0xf8, 0xc7, 0xf8, 0xc7, 0xf8, 0xc7, 0xfa, 0xbf, 0xdb, 0xaf, 0x1b, 0xa6, 0x9d, 0xae, 0xdf, 0xa6, 0x9c, 0xaf, 0x1c, 0xc7, 0xfb, 0xc7, 0xf9, 0xc7, 0xf8, 0xc7, 0xf8, 0xc7, 0xf8, 0xc7, 0xf8, 0xc7, 0xf8, 0xc7, 0xf8, 0xc7, 0xf8, 0xc7, 0xf8, 0xc7, 0xf8, 0xc7, 0xf8, 0xc7, 0xf8, 0xc7, 0xf8, 0xc7, 0xf8, 0xc7, 0xf8, 0xc7, 0xf8, 0xc7, 0xf8, 0xc7, 0xf8, 0xc7, 0xf8, 0xc7, 0xf8, 0xc7, 0xf8, 0xc7, 0xf8, 0xc7, 0xf8, 
  0xc7, 0xf8, 0xc7, 0xf8, 0xc7, 0xf8, 0xc7, 0xf8, 0xc7, 0xf8, 0xc7, 0xf8, 0xc7, 0xf8, 0xc7, 0xf8, 0xc7, 0xf9, 0xc7, 0xfc, 0xae, 0xfc, 0xa6, 0xbc, 0xae, 0xde, 0xa6, 0xbc, 0xaf, 0x3b, 0xc7, 0xdc, 0xc7, 0xfa, 0xc7, 0xf8, 0xc7, 0xf8, 0xc7, 0xf8, 0xc7, 0xf8, 0xc7, 0xf8, 0xc7, 0xf8, 0xc7, 0xf8, 0xc7, 0xf8, 0xc7, 0xf8, 0xc7, 0xf8, 0xc7, 0xf8, 0xc7, 0xf8, 0xc7, 0xf9, 0xc7, 0xfa, 0xc7, 0xdb, 0xb7, 0x3c, 0xa6, 0xdc, 0xa6, 0xbd, 0xa6, 0xbc, 0xaf, 0x1c, 0xc7, 0xdc, 0xc7, 0xf9, 0xc7, 0xf8, 0xc7, 0xf8, 0xc7, 0xf8, 0xc7, 0xf8, 0xc7, 0xf8, 0xc7, 0xf8, 0xc7, 0xf8, 0xc7, 0xf8, 0xc7, 0xf8, 0xc7, 0xf9, 0xc7, 0xf8, 0xc7, 0xf8, 0xc7, 0xf8, 0xc7, 0xf8, 0xc7, 0xfa, 0xbf, 0x9c, 0xa6, 0xdc, 0xa6, 0xbe, 0xa6, 0xbe, 0xa6, 0xdc, 0xbf, 0x9c, 0xc7, 0xfb, 0xc7, 0xf8, 0xc7, 0xf8, 0xc7, 0xf8, 0xc7, 0xf8, 0xc7, 0xf8, 0xc7, 0xf8, 0xc7, 0xf8, 0xc7, 0xf8, 0xc7, 0xf8, 0xc7, 0xf8, 0xc7, 0xf8, 0xc7, 0xf8, 0xc7, 0xf8, 0xc7, 0xf8, 0xc7, 0xf8, 0xc7, 0xf8, 0xc7, 0xf8, 0xc7, 0xf8, 0xc7, 0xf8, 0xc7, 0xf8, 0xc7, 0xf8, 0xc7, 0xf8, 0xc7, 0xf8, 
  0xc7, 0xf8, 0xc7, 0xf8, 0xc7, 0xf8, 0xc7, 0xf8, 0xc7, 0xf8, 0xc7, 0xf8, 0xc7, 0xf8, 0xc7, 0xf8, 0xc7, 0xfa, 0xc7, 0xdc, 0xa6, 0xbb, 0xa6, 0x9d, 0xa6, 0xde, 0xa6, 0xbc, 0xb7, 0x7b, 0xc7, 0xfa, 0xc7, 0xf9, 0xc7, 0xf8, 0xc7, 0xf8, 0xc7, 0xf8, 0xc7, 0xf8, 0xc7, 0xf8, 0xc7, 0xf8, 0xc7, 0xf8, 0xc7, 0xf8, 0xc7, 0xf8, 0xc7, 0xf8, 0xc7, 0xf7, 0xc7, 0xf8, 0xc7, 0xf9, 0xc7, 0xda, 0xbf, 0xbc, 0xa6, 0xdc, 0xa6, 0xbd, 0xa6, 0xdd, 0xa6, 0xbb, 0xb7, 0x7c, 0xcf, 0xfc, 0xc7, 0xf9, 0xc7, 0xf8, 0xc7, 0xf8, 0xc7, 0xf8, 0xc7, 0xf8, 0xc7, 0xf8, 0xc7, 0xf8, 0xc7, 0xf8, 0xc7, 0xf8, 0xc7, 0xf8, 0xc7, 0xf8, 0xc7, 0xf8, 0xc7, 0xf8, 0xc7, 0xf8, 0xc7, 0xf9, 0xc7, 0xfb, 0xb7, 0x5c, 0xa6, 0xbc, 0xae, 0xde, 0xa6, 0x9c, 0xaf, 0x1c, 0xc7, 0xfc, 0xc7, 0xfa, 0xc7, 0xf8, 0xcf, 0xf8, 0xc7, 0xf7, 0xc7, 0xf8, 0xc7, 0xf8, 0xc7, 0xf8, 0xc7, 0xf8, 0xc7, 0xf8, 0xc7, 0xf8, 0xc7, 0xf8, 0xc7, 0xf8, 0xc7, 0xf8, 0xc7, 0xf8, 0xc7, 0xf8, 0xc7, 0xf8, 0xc7, 0xf8, 0xc7, 0xf8, 0xc7, 0xf8, 0xc7, 0xf8, 0xc7, 0xf8, 0xc7, 0xf8, 0xc7, 0xf8, 0xc7, 0xf8, 
  0xc7, 0xf9, 0xc7, 0xf8, 0xc7, 0xf8, 0xc7, 0xf7, 0xc7, 0xf7, 0xc7, 0xf8, 0xc7, 0xf8, 0xc7, 0xf9, 0xc7, 0xfa, 0xbf, 0x9b, 0xa6, 0xdc, 0xa6, 0xbd, 0xa6, 0xbe, 0xaf, 0x1d, 0xbf, 0xdb, 0xc7, 0xf9, 0xc7, 0xf8, 0xc7, 0xf8, 0xc7, 0xf8, 0xc7, 0xf8, 0xc7, 0xf8, 0xc7, 0xf7, 0xc7, 0xf7, 0xc7, 0xf8, 0xc7, 0xf8, 0xc7, 0xf8, 0xc7, 0xf8, 0xc7, 0xf7, 0xc7, 0xf7, 0xc7, 0xf9, 0xc7, 0xda, 0xbf, 0x7c, 0xa6, 0xbd, 0xa6, 0xbe, 0xa6, 0xdd, 0xaf, 0x1c, 0xbf, 0xbc, 0xc7, 0xfb, 0xc7, 0xf8, 0xc7, 0xf8, 0xc7, 0xf8, 0xc7, 0xf8, 0xc7, 0xf9, 0xc7, 0xf8, 0xc7, 0xf8, 0xc7, 0xf8, 0xc7, 0xf8, 0xc7, 0xf8, 0xc7, 0xf8, 0xc7, 0xf8, 0xc7, 0xf8, 0xc7, 0xf8, 0xc7, 0xf9, 0xc7, 0xdb, 0xaf, 0x1b, 0xa6, 0xbc, 0xa6, 0xdd, 0xa6, 0xbc, 0xbf, 0x7c, 0xc7, 0xfc, 0xc7, 0xfa, 0xc7, 0xf8, 0xc7, 0xf8, 0xc7, 0xf7, 0xc7, 0xf8, 0xc7, 0xf8, 0xc7, 0xf8, 0xc7, 0xf8, 0xc7, 0xf8, 0xc7, 0xf8, 0xc7, 0xf8, 0xc7, 0xf8, 0xc7, 0xf8, 0xc7, 0xf8, 0xc7, 0xf8, 0xc7, 0xf8, 0xc7, 0xf8, 0xc7, 0xf8, 0xc7, 0xf8, 0xc7, 0xf8, 0xc7, 0xf8, 0xc7, 0xf8, 0xc7, 0xf8, 0xc7, 0xf8, 
  0xc7, 0xf8, 0xc7, 0xf8, 0xc7, 0xf8, 0xc7, 0xf8, 0xc7, 0xf7, 0xc7, 0xf7, 0xc7, 0xf8, 0xc7, 0xf9, 0xc7, 0xfa, 0xb7, 0x5a, 0xae, 0xdc, 0xa6, 0xbe, 0xa6, 0xbd, 0xb7, 0x5d, 0xc7, 0xfb, 0xc7, 0xf9, 0xc7, 0xf8, 0xc7, 0xf7, 0xc7, 0xf8, 0xc7, 0xf8, 0xc7, 0xf8, 0xc7, 0xf7, 0xc7, 0xf7, 0xc7, 0xf8, 0xc7, 0xf8, 0xc7, 0xf8, 0xc7, 0xf8, 0xc7, 0xf7, 0xc7, 0xf8, 0xcf, 0xf9, 0xc7, 0xda, 0xbf, 0x7b, 0xa6, 0xdd, 0xa6, 0x9d, 0xa6, 0xdc, 0xb7, 0x7c, 0xc7, 0xfb, 0xc7, 0xf9, 0xc7, 0xf8, 0xc7, 0xf8, 0xc7, 0xf8, 0xc7, 0xf8, 0xc7, 0xf8, 0xc7, 0xf8, 0xc7, 0xf8, 0xc7, 0xf8, 0xc7, 0xf8, 0xc7, 0xf8, 0xc7, 0xf8, 0xc7, 0xf8, 0xc7, 0xf8, 0xc7, 0xf8, 0xc7, 0xf9, 0xbf, 0xdb, 0xae, 0xfb, 0xa6, 0xbc, 0xa6, 0xbd, 0xae, 0xfc, 0xc7, 0xdc, 0xc7, 0xfb, 0xc7, 0xf9, 0xc7, 0xf9, 0xc7, 0xf7, 0xc7, 0xf7, 0xc7, 0xf8, 0xc7, 0xf8, 0xc7, 0xf8, 0xc7, 0xf8, 0xc7, 0xf8, 0xc7, 0xf8, 0xc7, 0xf8, 0xc7, 0xf8, 0xc7, 0xf8, 0xc7, 0xf8, 0xc7, 0xf8, 0xc7, 0xf8, 0xc7, 0xf8, 0xc7, 0xf8, 0xc7, 0xf8, 0xc7, 0xf8, 0xc7, 0xf8, 0xc7, 0xf8, 0xc7, 0xf8, 0xc7, 0xf8, 
  0xc7, 0xf8, 0xc7, 0xf8, 0xc7, 0xf8, 0xc7, 0xf8, 0xc7, 0xf7, 0xc7, 0xf7, 0xc7, 0xf8, 0xc7, 0xf9, 0xc7, 0xfa, 0xbf, 0xbc, 0xb7, 0x1e, 0xae, 0xfe, 0xb7, 0x1e, 0xc7, 0xbe, 0xc7, 0xfb, 0xc7, 0xf9, 0xc7, 0xf7, 0xc7, 0xf7, 0xc7, 0xf8, 0xc7, 0xf8, 0xc7, 0xf8, 0xc7, 0xf8, 0xc7, 0xf8, 0xc7, 0xf8, 0xc7, 0xf8, 0xc7, 0xf8, 0xc7, 0xf8, 0xc7, 0xf8, 0xc7, 0xf8, 0xc7, 0xf8, 0xc7, 0xfa, 0xc7, 0xdc, 0xb7, 0x5d, 0xae, 0xfd, 0xaf, 0x1d, 0xc7, 0xbd, 0xc7, 0xfb, 0xc7, 0xf8, 0xc7, 0xf8, 0xc7, 0xf8, 0xc7, 0xf8, 0xc7, 0xf8, 0xc7, 0xf8, 0xc7, 0xf8, 0xc7, 0xf8, 0xc7, 0xf8, 0xc7, 0xf8, 0xc7, 0xf8, 0xc7, 0xf8, 0xc7, 0xf8, 0xc7, 0xf8, 0xc7, 0xf8, 0xc7, 0xf9, 0xc7, 0xfb, 0xbf, 0x9d, 0xae, 0xfd, 0xae, 0xfd, 0xbf, 0x5d, 0xc7, 0xfb, 0xc7, 0xf9, 0xc7, 0xf8, 0xc7, 0xf8, 0xc7, 0xf8, 0xc7, 0xf8, 0xc7, 0xf8, 0xc7, 0xf8, 0xc7, 0xf8, 0xc7, 0xf8, 0xc7, 0xf8, 0xc7, 0xf8, 0xc7, 0xf8, 0xc7, 0xf8, 0xc7, 0xf8, 0xc7, 0xf8, 0xc7, 0xf8, 0xc7, 0xf8, 0xc7, 0xf8, 0xc7, 0xf8, 0xc7, 0xf8, 0xc7, 0xf8, 0xc7, 0xf8, 0xc7, 0xf8, 0xc7, 0xf8, 0xc7, 0xf8, 
#endif
#if LV_COLOR_DEPTH == 32
  /*Pixel format: Fix 0xFF: 8 bit, Red: 8 bit, Green: 8 bit, Blue: 8 bit*/
  0xc1, 0xfe, 0xc2, 0xff, 0xc1, 0xfe, 0xc1, 0xff, 0xc1, 0xfe, 0xc1, 0xff, 0xc1, 0xff, 0xc0, 0xff, 0xc0, 0xff, 0xbf, 0xff, 0xbf, 0xff, 0xbf, 0xff, 0xbe, 0xff, 0xbf, 0xff, 0xbe, 0xff, 0xbf, 0xff, 0xbe, 0xff, 0xbf, 0xff, 0xbe, 0xff, 0xc0, 0xff, 0xbf, 0xff, 0xc1, 0xff, 0xc0, 0xfe, 0xc3, 0xff, 0xc0, 0xfd, 0xc4, 0xff, 0xc0, 0xfc, 0xc5, 0xff, 0xc1, 0xfc, 0xc6, 0xff, 0xc3, 0xfc, 0xc6, 0xff, 0xc5, 0xfb, 0xc5, 0xff, 0xc6, 0xfc, 0xc4, 0xff, 0xc4, 0xfc, 0xc4, 0xff, 0xc3, 0xfd, 0xc3, 0xff, 0xc3, 0xfe, 0xc3, 0xff, 0xc2, 0xff, 0xc2, 0xff, 0xc0, 0xff, 0xc1, 0xff, 0xbe, 0xfe, 0xbf, 0xff, 0xbe, 0xff, 0xc0, 0xff, 0xbe, 0xff, 0xc0, 0xff, 0xbf, 0xff, 0xc0, 0xff, 0xc1, 0xfe, 0xc1, 0xff, 0xc2, 0xfe, 0xc1, 0xff, 0xc3, 0xfc, 0xc1, 0xff, 0xc4, 0xfc, 0xc2, 0xff, 0xc2, 0xfd, 0xc0, 0xff, 0xbe, 0xff, 0xbb, 0xff, 0xbc, 0xff, 0xba, 0xff, 0xbd, 0xff, 0xbe, 0xff, 0xbe, 0xfe, 0xc2, 0xff, 0xbf, 0xfd, 0xc5, 0xff, 0xc0, 0xfc, 0xc6, 0xff, 0xc1, 0xfb, 0xc7, 0xff, 0xc3, 0xfb, 0xc7, 0xff, 0xc2, 0xf8, 0xc3, 0xff, 0xc5, 0xf7, 0xc4, 0xff, 0xc9, 0xf6, 0xc7, 0xff, 0xcc, 0xf5, 0xcb, 0xff, 0xd1, 0xf4, 0xd2, 0xff, 0xd5, 0xf4, 0xd8, 0xff, 0xd8, 0xf2, 0xdd, 0xff, 0xdb, 0xf1, 0xe1, 0xff, 0xdf, 0xf1, 0xe4, 0xff, 0xe0, 0xf0, 0xe5, 0xff, 0xe0, 0xf0, 0xe4, 0xff, 0xe0, 0xf1, 0xe4, 0xff, 0xe0, 0xf1, 0xe3, 0xff, 0xdf, 0xf2, 0xe1, 0xff, 0xde, 0xf3, 0xdf, 0xff, 0xdc, 0xf5, 0xdd, 0xff, 0xd5, 0xf2, 0xd5, 0xff, 0xd1, 0xf3, 0xd1, 0xff, 0xcc, 0xf4, 0xca, 0xff, 0xc9, 0xf6, 0xc7, 0xff, 0xc6, 0xf8, 0xc4, 0xff, 0xc4, 0xfa, 0xc2, 0xff, 0xc2, 0xfb, 0xbf, 0xff, 0xbf, 0xfd, 0xbd, 0xff, 0xbd, 0xff, 0xbd, 0xff, 0xbb, 0xff, 0xbd, 0xff, 0xbc, 0xff, 0xbd, 0xff, 0xbd, 0xff, 0xbe, 0xff, 0xbf, 0xff, 0xc1, 0xff, 0xbf, 0xff, 0xc2, 0xff, 0xbf, 0xfe, 0xc3, 0xff, 0xbf, 0xfc, 0xc2, 0xff, 0xc0, 0xfd, 0xc3, 0xff, 0xc0, 0xfe, 0xc3, 0xff, 0xc0, 0xfe, 0xc2, 0xff, 0xc0, 0xfe, 0xc1, 0xff, 0xc0, 0xff, 0xc1, 0xff, 0xbf, 0xff, 0xc0, 0xff, 0xbe, 0xff, 0xbf, 0xff, 0xbe, 0xff, 0xbf, 0xff, 0xbf, 0xff, 0xc0, 0xff, 0xc0, 0xff, 0xc0, 0xff, 0xc0, 0xff, 0xc0, 0xff, 0xc0, 0xff, 0xc0, 0xff, 
  0xc1, 0xfe, 0xc2, 0xff, 0xc1, 0xfe, 0xc1, 0xff, 0xc1, 0xfe, 0xc1, 0xff, 0xc1, 0xff, 0xc0, 0xff, 0xc0, 0xff, 0xc0, 0xff, 0xbf, 0xff, 0xbf, 0xff, 0xbf, 0xff, 0xbf, 0xff, 0xbe, 0xff, 0xbf, 0xff, 0xbe, 0xff, 0xbf, 0xff, 0xbf, 0xff, 0xc0, 0xff, 0xbf, 0xff, 0xc1, 0xff, 0xc0, 0xfe, 0xc2, 0xff, 0xbf, 0xfd, 0xc3, 0xff, 0xc0, 0xfd, 0xc4, 0xff, 0xc0, 0xfc, 0xc5, 0xff, 0xc2, 0xfc, 0xc5, 0xff, 0xc4, 0xfc, 0xc4, 0xff, 0xc4, 0xfd, 0xc3, 0xff, 0xc3, 0xfd, 0xc2, 0xff, 0xc2, 0xfe, 0xc2, 0xff, 0xc2, 0xff, 0xc2, 0xff, 0xc0, 0xfe, 0xc1, 0xff, 0xbf, 0xfe, 0xbf, 0xff, 0xbd, 0xfd, 0xbe, 0xff, 0xbe, 0xff, 0xc0, 0xff, 0xbe, 0xff, 0xc0, 0xff, 0xbf, 0xff, 0xc0, 0xff, 0xc0, 0xff, 0xc0, 0xff, 0xc1, 0xfe, 0xc1, 0xff, 0xc2, 0xfe, 0xc2, 0xff, 0xc3, 0xfd, 0xc2, 0xff, 0xc1, 0xfd, 0xc0, 0xff, 0xbd, 0xfe, 0xbc, 0xff, 0xbd, 0xff, 0xbc, 0xff, 0xbe, 0xff, 0xbf, 0xff, 0xbf, 0xff, 0xc1, 0xff, 0xc0, 0xfd, 0xc3, 0xff, 0xc1, 0xfc, 0xc5, 0xff, 0xc2, 0xfb, 0xc6, 0xff, 0xc5, 0xfa, 0xc8, 0xff, 0xc7, 0xf9, 0xc8, 0xff, 0xcb, 0xf9, 0xcb, 0xff, 0xd0, 0xf9, 0xd0, 0xff, 0xd3, 0xf8, 0xd4, 0xff, 0xd7, 0xf7, 0xd8, 0xff, 0xda, 0xf6, 0xdc, 0xff, 0xdc, 0xf4, 0xdf, 0xff, 0xdd, 0xf2, 0xe1, 0xff, 0xe1, 0xf2, 0xe5, 0xff, 0xe2, 0xf1, 0xe5, 0xff, 0xe2, 0xf2, 0xe5, 0xff, 0xe2, 0xf2, 0xe4, 0xff, 0xe2, 0xf2, 0xe4, 0xff, 0xe1, 0xf3, 0xe3, 0xff, 0xe0, 0xf4, 0xe1, 0xff, 0xde, 0xf5, 0xdf, 0xff, 0xdb, 0xf6, 0xdb, 0xff, 0xd9, 0xf8, 0xd8, 0xff, 0xd4, 0xf9, 0xd3, 0xff, 0xd0, 0xfa, 0xce, 0xff, 0xcc, 0xfb, 0xcb, 0xff, 0xc9, 0xfb, 0xc8, 0xff, 0xc6, 0xfb, 0xc5, 0xff, 0xc1, 0xfb, 0xc0, 0xff, 0xbe, 0xff, 0xbf, 0xff, 0xbb, 0xff, 0xbd, 0xff, 0xbc, 0xff, 0xbe, 0xff, 0xbd, 0xff, 0xbf, 0xff, 0xbf, 0xff, 0xc1, 0xff, 0xc0, 0xff, 0xc2, 0xff, 0xbf, 0xfe, 0xc2, 0xff, 0xbf, 0xfe, 0xc3, 0xff, 0xbf, 0xfe, 0xc3, 0xff, 0xbf, 0xfe, 0xc3, 0xff, 0xc0, 0xfe, 0xc2, 0xff, 0xc0, 0xfe, 0xc1, 0xff, 0xc0, 0xff, 0xc1, 0xff, 0xbf, 0xff, 0xc0, 0xff, 0xbf, 0xff, 0xbf, 0xff, 0xbf, 0xff, 0xbf, 0xff, 0xbf, 0xff, 0xc0, 0xff, 0xc0, 0xff, 0xc0, 0xff, 0xc0, 0xff, 0xc0, 0xff, 0xc0, 0xff, 0xc0, 0xff, 
  0xc0, 0xfe, 0xc2, 0xff, 0xc0, 0xfe, 0xc1, 0xff, 0xc0, 0xff, 0xc1, 0xff, 0xc0, 0xff, 0xc0, 0xff, 0xc0, 0xff, 0xc0, 0xff, 0xc0, 0xff, 0xc0, 0xff, 0xbf, 0xff, 0xc0, 0xff, 0xbf, 0xff, 0xc0, 0xff, 0xbf, 0xff, 0xc0, 0xff, 0xbf, 0xff, 0xc0, 0xff, 0xc0, 0xff, 0xc1, 0xff, 0xbf, 0xfe, 0xc1, 0xff, 0xbf, 0xfe, 0xc2, 0xff, 0xbf, 0xfe, 0xc3, 0xff, 0xbf, 0xfd, 0xc4, 0xff, 0xbf, 0xfe, 0xc3, 0xff, 0xc0, 0xfe, 0xc1, 0xff, 0xbf, 0xfe, 0xbf, 0xff, 0xbf, 0xfe, 0xbf, 0xff, 0xbf, 0xff, 0xc0, 0xff, 0xc0, 0xff, 0xc1, 0xff, 0xc0, 0xff, 0xc1, 0xff, 0xbf, 0xff, 0xbf, 0xff, 0xbd, 0xff, 0xbe, 0xff, 0xbd, 0xff, 0xbe, 0xff, 0xbe, 0xff, 0xbf, 0xff, 0xbe, 0xff, 0xbf, 0xff, 0xbf, 0xff, 0xc0, 0xff, 0xbf, 0xff, 0xc0, 0xff, 0xc0, 0xff, 0xc1, 0xff, 0xc1, 0xfe, 0xc1, 0xff, 0xc0, 0xff, 0xc1, 0xff, 0xbd, 0xff, 0xbf, 0xff, 0xbd, 0xff, 0xbf, 0xff, 0xbe, 0xff, 0xbf, 0xff, 0xbf, 0xff, 0xbf, 0xff, 0xc1, 0xff, 0xc1, 0xff, 0xc3, 0xfe, 0xc3, 0xff, 0xc6, 0xfc, 0xc6, 0xff, 0xc8, 0xf9, 0xc8, 0xff, 0xce, 0xfa, 0xcf, 0xff, 0xd1, 0xf8, 0xd4, 0xff, 0xd6, 0xf8, 0xda, 0xff, 0xdb, 0xf8, 0xdf, 0xff, 0xdd, 0xf6, 0xe0, 0xff, 0xdf, 0xf6, 0xe1, 0xff, 0xdf, 0xf4, 0xe0, 0xff, 0xe0, 0xf3, 0xe0, 0xff, 0xe2, 0xf2, 0xe3, 0xff, 0xe3, 0xf2, 0xe4, 0xff, 0xe3, 0xf2, 0xe4, 0xff, 0xe3, 0xf2, 0xe4, 0xff, 0xe3, 0xf2, 0xe4, 0xff, 0xe2, 0xf2, 0xe3, 0xff, 0xe2, 0xf3, 0xe2, 0xff, 0xe1, 0xf4, 0xe0, 0xff, 0xdf, 0xf5, 0xdf, 0xff, 0xdd, 0xf7, 0xdd, 0xff, 0xda, 0xf9, 0xda, 0xff, 0xd6, 0xf9, 0xd7, 0xff, 0xd2, 0xfa, 0xd3, 0xff, 0xce, 0xfa, 0xcf, 0xff, 0xc9, 0xf8, 0xcb, 0xff, 0xc4, 0xf8, 0xc6, 0xff, 0xc1, 0xfd, 0xc3, 0xff, 0xbe, 0xfe, 0xc0, 0xff, 0xbe, 0xfe, 0xc0, 0xff, 0xbf, 0xff, 0xc1, 0xff, 0xbf, 0xfe, 0xc1, 0xff, 0xc0, 0xff, 0xc3, 0xff, 0xbf, 0xfe, 0xc2, 0xff, 0xbe, 0xfe, 0xc2, 0xff, 0xbe, 0xfe, 0xc2, 0xff, 0xbf, 0xfe, 0xc2, 0xff, 0xbf, 0xfe, 0xc1, 0xff, 0xc0, 0xff, 0xc1, 0xff, 0xc0, 0xff, 0xc1, 0xff, 0xc0, 0xff, 0xc0, 0xff, 0xbf, 0xff, 0xbf, 0xff, 0xbf, 0xff, 0xbf, 0xff, 0xc0, 0xff, 0xc0, 0xff, 0xc0, 0xff, 0xc0, 0xff, 0xc0, 0xff, 0xc0, 0xff, 0xc0, 0xff, 0xc0, 0xff, 
  0xbf, 0xfe, 0xc1, 0xff, 0xbf, 0xfe, 0xc1, 0xff, 0xc0, 0xff, 0xc1, 0xff, 0xc0, 0xff, 0xc1, 0xff, 0xc0, 0xff, 0xc1, 0xff, 0xc0, 0xff, 0xc1, 0xff, 0xc0, 0xff, 0xc1, 0xff, 0xc0, 0xff, 0xc1, 0xff, 0xc0, 0xff, 0xc1, 0xff, 0xc0, 0xff, 0xc1, 0xff, 0xc0, 0xff, 0xc1, 0xff, 0xbf, 0xff, 0xc1, 0xff, 0xbe, 0xff, 0xc1, 0xff, 0xbd, 0xff, 0xc1, 0xff, 0xbd, 0xff, 0xc2, 0xff, 0xbd, 0xff, 0xc1, 0xff, 0xbc, 0xff, 0xbe, 0xff, 0xbb, 0xfe, 0xbd, 0xff, 0xbb, 0xfe, 0xbd, 0xff, 0xbc, 0xff, 0xbe, 0xff, 0xbf, 0xff, 0xc0, 0xff, 0xbf, 0xff, 0xc0, 0xff, 0xc0, 0xff, 0xc1, 0xff, 0xc0, 0xff, 0xc1, 0xff, 0xbe, 0xfe, 0xbf, 0xff, 0xbe, 0xfe, 0xbf, 0xff, 0xbf, 0xff, 0xc0, 0xff, 0xbe, 0xff, 0xc0, 0xff, 0xbe, 0xff, 0xc0, 0xff, 0xbe, 0xff, 0xc0, 0xff, 0xbf, 0xff, 0xc0, 0xff, 0xbe, 0xff, 0xc0, 0xff, 0xbd, 0xff, 0xc1, 0xff, 0xbd, 0xff, 0xc1, 0xff, 0xbe, 0xff, 0xbf, 0xff, 0xc0, 0xff, 0xbf, 0xff, 0xc3, 0xff, 0xc1, 0xff, 0xc7, 0xff, 0xc4, 0xff, 0xcc, 0xfd, 0xc9, 0xff, 0xcf, 0xfa, 0xce, 0xff, 0xd3, 0xf7, 0xd5, 0xff, 0xd7, 0xf5, 0xdb, 0xff, 0xdc, 0xf5, 0xe1, 0xff, 0xdf, 0xf4, 0xe4, 0xff, 0xe1, 0xf4, 0xe4, 0xff, 0xe2, 0xf3, 0xe3, 0xff, 0xe1, 0xf2, 0xe0, 0xff, 0xe1, 0xf1, 0xdf, 0xff, 0xe3, 0xf2, 0xe2, 0xff, 0xe4, 0xf2, 0xe3, 0xff, 0xe4, 0xf2, 0xe3, 0xff, 0xe4, 0xf2, 0xe4, 0xff, 0xe4, 0xf2, 0xe4, 0xff, 0xe4, 0xf2, 0xe4, 0xff, 0xe4, 0xf2, 0xe3, 0xff, 0xe3, 0xf2, 0xe3, 0xff, 0xe1, 0xf2, 0xe1, 0xff, 0xdf, 0xf3, 0xdf, 0xff, 0xdd, 0xf5, 0xdd, 0xff, 0xda, 0xf6, 0xdc, 0xff, 0xd8, 0xf7, 0xda, 0xff, 0xd5, 0xf8, 0xd7, 0xff, 0xd1, 0xf6, 0xd4, 0xff, 0xcc, 0xf7, 0xcf, 0xff, 0xc6, 0xfb, 0xc8, 0xff, 0xc2, 0xfd, 0xc4, 0xff, 0xc1, 0xfc, 0xc3, 0xff, 0xc0, 0xfc, 0xc2, 0xff, 0xc0, 0xfd, 0xc3, 0xff, 0xc0, 0xfe, 0xc2, 0xff, 0xbf, 0xfe, 0xc2, 0xff, 0xbe, 0xff, 0xc1, 0xff, 0xbe, 0xff, 0xc1, 0xff, 0xbe, 0xff, 0xc1, 0xff, 0xbf, 0xff, 0xc0, 0xff, 0xbf, 0xff, 0xc0, 0xff, 0xc0, 0xff, 0xc0, 0xff, 0xc0, 0xff, 0xc0, 0xff, 0xc0, 0xff, 0xc0, 0xff, 0xc0, 0xff, 0xc0, 0xff, 0xc0, 0xff, 0xc0, 0xff, 0xc0, 0xff, 0xc0, 0xff, 0xc0, 0xff, 0xc0, 0xff, 0xc0, 0xff, 0xc0, 0xff, 
  0xbe, 0xff, 0xc1, 0xff, 0xbf, 0xff, 0xc1, 0xff, 0xbf, 0xff, 0xc1, 0xff, 0xc0, 0xff, 0xc1, 0xff, 0xc1, 0xfe, 0xc1, 0xff, 0xc1, 0xfe, 0xc1, 0xff, 0xc1, 0xfe, 0xc1, 0xff, 0xc1, 0xfe, 0xc1, 0xff, 0xc1, 0xfe, 0xc1, 0xff, 0xc1, 0xfe, 0xc1, 0xff, 0xc0, 0xff, 0xc1, 0xff, 0xbf, 0xff, 0xc0, 0xff, 0xbd, 0xff, 0xc0, 0xff, 0xbc, 0xff, 0xc0, 0xff, 0xbc, 0xff, 0xc0, 0xff, 0xbb, 0xff, 0xbf, 0xff, 0xb9, 0xff, 0xbd, 0xff, 0xb9, 0xff, 0xbc, 0xff, 0xba, 0xff, 0xbd, 0xff, 0xbb, 0xff, 0xbe, 0xff, 0xbd, 0xff, 0xc0, 0xff, 0xc0, 0xff, 0xc1, 0xff, 0xc1, 0xff, 0xc2, 0xff, 0xc2, 0xff, 0xc2, 0xff, 0xc0, 0xfd, 0xc1, 0xff, 0xbf, 0xfd, 0xc1, 0xff, 0xbf, 0xfd, 0xc0, 0xff, 0xbe, 0xfe, 0xc0, 0xff, 0xbe, 0xff, 0xc1, 0xff, 0xbd, 0xfe, 0xbf, 0xff, 0xbc, 0xff, 0xbf, 0xff, 0xbc, 0xfe, 0xbf, 0xff, 0xbc, 0xff, 0xc2, 0xff, 0xbd, 0xfe, 0xc2, 0xff, 0xbf, 0xfd, 0xc0, 0xff, 0xc1, 0xfd, 0xc0, 0xff, 0xc6, 0xfe, 0xc4, 0xff, 0xcc, 0xfd, 0xc9, 0xff, 0xd2, 0xfc, 0xcf, 0xff, 0xd8, 0xfb, 0xd6, 0xff, 0xd9, 0xf5, 0xdb, 0xff, 0xdc, 0xf2, 0xdf, 0xff, 0xe0, 0xf1, 0xe4, 0xff, 0xe2, 0xef, 0xe6, 0xff, 0xe3, 0xef, 0xe5, 0xff, 0xe4, 0xf0, 0xe4, 0xff, 0xe4, 0xf1, 0xe2, 0xff, 0xe4, 0xf1, 0xe1, 0xff, 0xe5, 0xf2, 0xe2, 0xff, 0xe5, 0xf2, 0xe3, 0xff, 0xe5, 0xf2, 0xe3, 0xff, 0xe6, 0xf1, 0xe4, 0xff, 0xe6, 0xf1, 0xe4, 0xff, 0xe6, 0xf1, 0xe5, 0xff, 0xe6, 0xf1, 0xe5, 0xff, 0xe5, 0xf1, 0xe5, 0xff, 0xe4, 0xf1, 0xe5, 0xff, 0xe3, 0xf2, 0xe4, 0xff, 0xe1, 0xf3, 0xe3, 0xff, 0xe1, 0xf5, 0xe3, 0xff, 0xdf, 0xf6, 0xe1, 0xff, 0xdd, 0xf7, 0xe0, 0xff, 0xdc, 0xf7, 0xe0, 0xff, 0xd7, 0xf9, 0xdb, 0xff, 0xcc, 0xf9, 0xcf, 0xff, 0xc7, 0xfa, 0xca, 0xff, 0xc5, 0xfa, 0xc8, 0xff, 0xc4, 0xfb, 0xc6, 0xff, 0xc2, 0xfc, 0xc5, 0xff, 0xc0, 0xfd, 0xc3, 0xff, 0xbf, 0xfe, 0xc2, 0xff, 0xbe, 0xff, 0xc1, 0xff, 0xbd, 0xff, 0xc0, 0xff, 0xbd, 0xff, 0xc0, 0xff, 0xbe, 0xff, 0xbf, 0xff, 0xbf, 0xff, 0xc0, 0xff, 0xc0, 0xff, 0xc0, 0xff, 0xc1, 0xff, 0xc0, 0xff, 0xc2, 0xfe, 0xc0, 0xff, 0xc2, 0xff, 0xc0, 0xff, 0xc0, 0xff, 0xc0, 0xff, 0xc0, 0xff, 0xc0, 0xff, 0xc0, 0xff, 0xc0, 0xff, 0xc0, 0xff, 0xc0, 0xff, 
  0xbe, 0xff, 0xc0, 0xff, 0xbe, 0xff, 0xc0, 0xff, 0xbf, 0xff, 0xc0, 0xff, 0xc0, 0xff, 0xc1, 0xff, 0xc1, 0xfe, 0xc1, 0xff, 0xc2, 0xfe, 0xc2, 0xff, 0xc2, 0xfe, 0xc2, 0xff, 0xc2, 0xfe, 0xc2, 0xff, 0xc2, 0xfe, 0xc2, 0xff, 0xc1, 0xfe, 0xc1, 0xff, 0xc0, 0xff, 0xc1, 0xff, 0xbf, 0xff, 0xc0, 0xff, 0xbd, 0xff, 0xbf, 0xff, 0xbc, 0xff, 0xbf, 0xff, 0xbb, 0xff, 0xbf, 0xff, 0xba, 0xff, 0xbe, 0xff, 0xbb, 0xff, 0xbf, 0xff, 0xba, 0xff, 0xbe, 0xff, 0xba, 0xff, 0xbe, 0xff, 0xbc, 0xff, 0xbf, 0xff, 0xbf, 0xfe, 0xc1, 0xff, 0xc1, 0xfd, 0xc3, 0xff, 0xc3, 0xfc, 0xc4, 0xff, 0xc4, 0xfc, 0xc5, 0xff, 0xc3, 0xfa, 0xc4, 0xff, 0xc4, 0xfb, 0xc5, 0xff, 0xc3, 0xfc, 0xc5, 0xff, 0xc2, 0xfd, 0xc4, 0xff, 0xc1, 0xfd, 0xc3, 0xff, 0xbf, 0xfd, 0xc1, 0xff, 0xbe, 0xfe, 0xc0, 0xff, 0xbd, 0xfe, 0xc0, 0xff, 0xbf, 0xfe, 0xc3, 0xff, 0xc0, 0xfd, 0xc4, 0xff, 0xc3, 0xfc, 0xc4, 0xff, 0xc6, 0xfb, 0xc6, 0xff, 0xcb, 0xfb, 0xca, 0xff, 0xd1, 0xfa, 0xd0, 0xff, 0xd9, 0xfa, 0xd7, 0xff, 0xde, 0xf8, 0xdc, 0xff, 0xdf, 0xf3, 0xdf, 0xff, 0xe1, 0xf1, 0xe3, 0xff, 0xe3, 0xee, 0xe4, 0xff, 0xe4, 0xed, 0xe5, 0xff, 0xe6, 0xee, 0xe6, 0xff, 0xe6, 0xee, 0xe6, 0xff, 0xe7, 0xf0, 0xe6, 0xff, 0xe7, 0xf2, 0xe6, 0xff, 0xe5, 0xf2, 0xe3, 0xff, 0xe5, 0xf2, 0xe3, 0xff, 0xe6, 0xf1, 0xe3, 0xff, 0xe6, 0xf1, 0xe4, 0xff, 0xe6, 0xf1, 0xe5, 0xff, 0xe7, 0xf0, 0xe6, 0xff, 0xe7, 0xf0, 0xe6, 0xff, 0xe7, 0xf0, 0xe7, 0xff, 0xe8, 0xf2, 0xe9, 0xff, 0xe6, 0xf1, 0xe7, 0xff, 0xe4, 0xf0, 0xe6, 0xff, 0xe3, 0xf1, 0xe5, 0xff, 0xe3, 0xf3, 0xe5, 0xff, 0xe2, 0xf3, 0xe4, 0xff, 0xe1, 0xf4, 0xe4, 0xff, 0xdd, 0xf6, 0xe1, 0xff, 0xd3, 0xf7, 0xd6, 0xff, 0xce, 0xf9, 0xd0, 0xff, 0xca, 0xf8, 0xcd, 0xff, 0xc7, 0xf9, 0xc9, 0xff, 0xc4, 0xfb, 0xc7, 0xff, 0xc1, 0xfc, 0xc4, 0xff, 0xbf, 0xfe, 0xc2, 0xff, 0xbc, 0xfe, 0xbf, 0xff, 0xbc, 0xff, 0xbf, 0xff, 0xbc, 0xff, 0xbf, 0xff, 0xbd, 0xff, 0xbf, 0xff, 0xbf, 0xff, 0xbf, 0xff, 0xc1, 0xff, 0xc0, 0xff, 0xc2, 0xfe, 0xc1, 0xff, 0xc3, 0xfe, 0xc1, 0xff, 0xc3, 0xfe, 0xc1, 0xff, 0xc1, 0xff, 0xc1, 0xff, 0xc0, 0xff, 0xc0, 0xff, 0xc0, 0xff, 0xc0, 0xff, 0xc0, 0xff, 0xc0, 0xff, 
  0xbd, 0xff, 0xc0, 0xff, 0xbd, 0xff, 0xc0, 0xff, 0xbe, 0xff, 0xc0, 0xff, 0xbf, 0xff, 0xc1, 0xff, 0xc1, 0xfe, 0xc1, 0xff, 0xc2, 0xfe, 0xc2, 0xff, 0xc2, 0xfe, 0xc2, 0xff, 0xc3, 0xfd, 0xc2, 0xff, 0xc3, 0xfd, 0xc2, 0xff, 0xc2, 0xfe, 0xc1, 0xff, 0xc0, 0xfe, 0xc1, 0xff, 0xbf, 0xff, 0xc0, 0xff, 0xbe, 0xff, 0xbf, 0xff, 0xbd, 0xff, 0xbf, 0xff, 0xbb, 0xff, 0xbe, 0xff, 0xbb, 0xff, 0xbe, 0xff, 0xbb, 0xff, 0xbf, 0xff, 0xbb, 0xff, 0xbf, 0xff, 0xbd, 0xfe, 0xc0, 0xff, 0xbf, 0xfd, 0xc2, 0xff, 0xc3, 0xfc, 0xc5, 0xff, 0xc7, 0xfb, 0xc8, 0xff, 0xc9, 0xfa, 0xc9, 0xff, 0xcb, 0xf9, 0xcb, 0xff, 0xcb, 0xf9, 0xcb, 0xff, 0xcb, 0xf9, 0xcb, 0xff, 0xc9, 0xf9, 0xcb, 0xff, 0xc8, 0xfa, 0xc9, 0xff, 0xc5, 0xfb, 0xc7, 0xff, 0xc4, 0xfb, 0xc5, 0xff, 0xc1, 0xfb, 0xc4, 0xff, 0xc1, 0xfb, 0xc3, 0xff, 0xc2, 0xfb, 0xc3, 0xff, 0xc4, 0xfa, 0xc4, 0xff, 0xc9, 0xfa, 0xca, 0xff, 0xce, 0xf9, 0xd0, 0xff, 0xd3, 0xf7, 0xd5, 0xff, 0xd9, 0xf7, 0xdb, 0xff, 0xde, 0xf5, 0xdf, 0xff, 0xe1, 0xf4, 0xe1, 0xff, 0xe3, 0xf1, 0xe1, 0xff, 0xe4, 0xf1, 0xe2, 0xff, 0xe6, 0xf0, 0xe3, 0xff, 0xe6, 0xef, 0xe3, 0xff, 0xe7, 0xef, 0xe5, 0xff, 0xe7, 0xee, 0xe6, 0xff, 0xe7, 0xef, 0xe8, 0xff, 0xe7, 0xf0, 0xe8, 0xff, 0xe4, 0xf1, 0xe5, 0xff, 0xe4, 0xf2, 0xe3, 0xff, 0xe5, 0xf1, 0xe4, 0xff, 0xe6, 0xf1, 0xe5, 0xff, 0xe6, 0xf0, 0xe6, 0xff, 0xe7, 0xf0, 0xe6, 0xff, 0xe8, 0xef, 0xe7, 0xff, 0xe8, 0xef, 0xe7, 0xff, 0xe8, 0xef, 0xe7, 0xff, 0xe7, 0xef, 0xe7, 0xff, 0xe5, 0xef, 0xe6, 0xff, 0xe4, 0xef, 0xe6, 0xff, 0xe4, 0xef, 0xe5, 0xff, 0xe3, 0xef, 0xe5, 0xff, 0xe2, 0xf0, 0xe4, 0xff, 0xde, 0xf1, 0xe0, 0xff, 0xd9, 0xf6, 0xdc, 0xff, 0xd3, 0xf7, 0xd6, 0xff, 0xcf, 0xf7, 0xd1, 0xff, 0xcb, 0xf8, 0xce, 0xff, 0xc7, 0xfa, 0xca, 0xff, 0xc3, 0xfb, 0xc6, 0xff, 0xbf, 0xfd, 0xc3, 0xff, 0xbc, 0xfe, 0xc0, 0xff, 0xbc, 0xff, 0xbf, 0xff, 0xbc, 0xff, 0xbe, 0xff, 0xbd, 0xff, 0xbe, 0xff, 0xbf, 0xff, 0xbf, 0xff, 0xc1, 0xff, 0xc0, 0xff, 0xc2, 0xfe, 0xc1, 0xff, 0xc4, 0xfe, 0xc1, 0xff, 0xc3, 0xfe, 0xc1, 0xff, 0xc1, 0xfe, 0xc1, 0xff, 0xc0, 0xff, 0xc0, 0xff, 0xc0, 0xff, 0xc0, 0xff, 0xc0, 0xff, 0xc0, 0xff, 
  0xbc, 0xff, 0xc0, 0xff, 0xbd, 0xff, 0xc0, 0xff, 0xbe, 0xff, 0xc0, 0xff, 0xbf, 0xff, 0xc1, 0xff, 0xc0, 0xfe, 0xc1, 0xff, 0xc1, 0xfe, 0xc2, 0xff, 0xc2, 0xfe, 0xc2, 0xff, 0xc3, 0xfd, 0xc2, 0xff, 0xc3, 0xfd, 0xc2, 0xff, 0xc2, 0xfe, 0xc2, 0xff, 0xc1, 0xfe, 0xc1, 0xff, 0xc0, 0xff, 0xc1, 0xff, 0xbf, 0xff, 0xc0, 0xff, 0xbe, 0xff, 0xbf, 0xff, 0xbc, 0xff, 0xbf, 0xff, 0xbd, 0xff, 0xc0, 0xff, 0xbc, 0xfc, 0xc0, 0xff, 0xbe, 0xfb, 0xc2, 0xff, 0xbf, 0xf9, 0xc3, 0xff, 0xc3, 0xf8, 0xc5, 0xff, 0xc9, 0xf8, 0xca, 0xff, 0xce, 0xf9, 0xce, 0xff, 0xd1, 0xf8, 0xd1, 0xff, 0xd3, 0xf7, 0xd2, 0xff, 0xd3, 0xf6, 0xd2, 0xff, 0xd3, 0xf6, 0xd2, 0xff, 0xd1, 0xf7, 0xd1, 0xff, 0xcf, 0xf8, 0xd0, 0xff, 0xcc, 0xf8, 0xcd, 0xff, 0xc9, 0xf8, 0xca, 0xff, 0xc7, 0xf9, 0xc9, 0xff, 0xc6, 0xf8, 0xc7, 0xff, 0xc7, 0xf8, 0xc5, 0xff, 0xcb, 0xf7, 0xc8, 0xff, 0xd0, 0xf7, 0xd0, 0xff, 0xd6, 0xf7, 0xd8, 0xff, 0xda, 0xf5, 0xde, 0xff, 0xde, 0xf2, 0xe1, 0xff, 0xe1, 0xf1, 0xe3, 0xff, 0xe3, 0xef, 0xe3, 0xff, 0xe6, 0xf0, 0xe3, 0xff, 0xe7, 0xf0, 0xe3, 0xff, 0xe7, 0xf0, 0xe2, 0xff, 0xe7, 0xf0, 0xe2, 0xff, 0xe6, 0xef, 0xe4, 0xff, 0xe6, 0xef, 0xe6, 0xff, 0xe5, 0xee, 0xe7, 0xff, 0xe4, 0xee, 0xe7, 0xff, 0xe2, 0xf0, 0xe4, 0xff, 0xe2, 0xf0, 0xe3, 0xff, 0xe3, 0xf0, 0xe4, 0xff, 0xe4, 0xf0, 0xe4, 0xff, 0xe4, 0xef, 0xe5, 0xff, 0xe5, 0xef, 0xe6, 0xff, 0xe6, 0xee, 0xe6, 0xff, 0xe7, 0xee, 0xe6, 0xff, 0xe7, 0xee, 0xe6, 0xff, 0xe7, 0xee, 0xe6, 0xff, 0xe6, 0xee, 0xe6, 0xff, 0xe6, 0xef, 0xe6, 0xff, 0xe7, 0xf0, 0xe7, 0xff, 0xe5, 0xef, 0xe5, 0xff, 0xe4, 0xee, 0xe4, 0xff, 0xe1, 0xf0, 0xe2, 0xff, 0xde, 0xf5, 0xe0, 0xff, 0xda, 0xf6, 0xdc, 0xff, 0xd4, 0xf5, 0xd6, 0xff, 0xcf, 0xf6, 0xd2, 0xff, 0xc9, 0xf8, 0xcd, 0xff, 0xc4, 0xfa, 0xc8, 0xff, 0xc0, 0xfd, 0xc4, 0xff, 0xbd, 0xfe, 0xc0, 0xff, 0xbc, 0xff, 0xbf, 0xff, 0xbc, 0xff, 0xbe, 0xff, 0xbd, 0xff, 0xbe, 0xff, 0xbf, 0xff, 0xbe, 0xff, 0xc1, 0xff, 0xc0, 0xff, 0xc2, 0xfe, 0xc1, 0xff, 0xc4, 0xfd, 0xc1, 0xff, 0xc4, 0xfd, 0xc1, 0xff, 0xc1, 0xfe, 0xc1, 0xff, 0xc0, 0xff, 0xc0, 0xff, 0xc0, 0xff, 0xc0, 0xff, 0xc0, 0xff, 0xc0, 0xff, 
  0xbc, 0xff, 0xc0, 0xff, 0xbd, 0xff, 0xc0, 0xff, 0xbe, 0xff, 0xc0, 0xff, 0xbf, 0xff, 0xc1, 0xff, 0xc0, 0xfe, 0xc1, 0xff, 0xc1, 0xfe, 0xc2, 0xff, 0xc1, 0xfe, 0xc2, 0xff, 0xc2, 0xfe, 0xc2, 0xff, 0xc2, 0xfe, 0xc2, 0xff, 0xc1, 0xfd, 0xc1, 0xff, 0xc0, 0xfd, 0xc1, 0xff, 0xc0, 0xfd, 0xc0, 0xff, 0xc0, 0xfe, 0xc1, 0xff, 0xbf, 0xff, 0xc1, 0xff, 0xbe, 0xfe, 0xc0, 0xff, 0xbd, 0xfa, 0xc0, 0xff, 0xc2, 0xf8, 0xc6, 0xff, 0xc7, 0xf8, 0xcb, 0xff, 0xcb, 0xf9, 0xce, 0xff, 0xd0, 0xfa, 0xd2, 0xff, 0xd6, 0xfa, 0xd6, 0xff, 0xda, 0xf9, 0xd9, 0xff, 0xdc, 0xf8, 0xda, 0xff, 0xde, 0xf7, 0xdc, 0xff, 0xe0, 0xf7, 0xdd, 0xff, 0xe0, 0xf8, 0xdd, 0xff, 0xde, 0xf8, 0xdd, 0xff, 0xdb, 0xf8, 0xda, 0xff, 0xd7, 0xf9, 0xd8, 0xff, 0xd4, 0xf9, 0xd5, 0xff, 0xd0, 0xf8, 0xd2, 0xff, 0xd0, 0xf7, 0xd0, 0xff, 0xcf, 0xf4, 0xcc, 0xff, 0xd3, 0xf5, 0xd0, 0xff, 0xd7, 0xf4, 0xd6, 0xff, 0xdd, 0xf4, 0xde, 0xff, 0xe1, 0xf2, 0xe3, 0xff, 0xe3, 0xf1, 0xe6, 0xff, 0xe6, 0xf0, 0xe7, 0xff, 0xe8, 0xef, 0xe7, 0xff, 0xe8, 0xef, 0xe5, 0xff, 0xe8, 0xef, 0xe4, 0xff, 0xe8, 0xf0, 0xe2, 0xff, 0xe6, 0xf1, 0xe2, 0xff, 0xe4, 0xf0, 0xe3, 0xff, 0xe3, 0xf0, 0xe4, 0xff, 0xe2, 0xef, 0xe6, 0xff, 0xe1, 0xef, 0xe6, 0xff, 0xe2, 0xf1, 0xe6, 0xff, 0xe2, 0xf1, 0xe6, 0xff, 0xe3, 0xf1, 0xe6, 0xff, 0xe4, 0xf1, 0xe6, 0xff, 0xe4, 0xf0, 0xe6, 0xff, 0xe4, 0xf0, 0xe6, 0xff, 0xe5, 0xf0, 0xe7, 0xff, 0xe6, 0xf0, 0xe7, 0xff, 0xe7, 0xf0, 0xe7, 0xff, 0xe7, 0xf0, 0xe6, 0xff, 0xe7, 0xf0, 0xe6, 0xff, 0xe7, 0xf0, 0xe5, 0xff, 0xe7, 0xf1, 0xe5, 0xff, 0xe6, 0xf1, 0xe4, 0xff, 0xe6, 0xf1, 0xe4, 0xff, 0xe4, 0xf2, 0xe4, 0xff, 0xdf, 0xf1, 0xe0, 0xff, 0xdc, 0xf3, 0xde, 0xff, 0xd9, 0xf5, 0xdc, 0xff, 0xd3, 0xf6, 0xd7, 0xff, 0xcc, 0xf8, 0xd0, 0xff, 0xc6, 0xf9, 0xca, 0xff, 0xc0, 0xfb, 0xc4, 0xff, 0xbc, 0xfc, 0xc0, 0xff, 0xbd, 0xff, 0xbf, 0xff, 0xbc, 0xff, 0xbe, 0xff, 0xbd, 0xff, 0xbe, 0xff, 0xbf, 0xff, 0xbe, 0xff, 0xc1, 0xff, 0xc0, 0xff, 0xc2, 0xfe, 0xc1, 0xff, 0xc4, 0xfd, 0xc1, 0xff, 0xc4, 0xfd, 0xc1, 0xff, 0xc0, 0xfd, 0xc0, 0xff, 0xbf, 0xfe, 0xbf, 0xff, 0xbf, 0xfe, 0xbf, 0xff, 0xbf, 0xfe, 0xbf, 0xff, 
  0xbd, 0xff, 0xc1, 0xff, 0xbd, 0xff, 0xc1, 0xff, 0xbe, 0xff, 0xc1, 0xff, 0xbe, 0xff, 0xc1, 0xff, 0xbf, 0xff, 0xc1, 0xff, 0xc0, 0xfe, 0xc1, 0xff, 0xc1, 0xfe, 0xc1, 0xff, 0xc1, 0xfe, 0xc1, 0xff, 0xc1, 0xfe, 0xc1, 0xff, 0xc2, 0xfe, 0xc2, 0xff, 0xc1, 0xfd, 0xc1, 0xff, 0xc2, 0xfd, 0xc2, 0xff, 0xc2, 0xfd, 0xc3, 0xff, 0xc2, 0xfd, 0xc3, 0xff, 0xc1, 0xfc, 0xc3, 0xff, 0xc3, 0xfa, 0xc6, 0xff, 0xcb, 0xf8, 0xce, 0xff, 0xcf, 0xf6, 0xd3, 0xff, 0xd4, 0xf7, 0xd6, 0xff, 0xd8, 0xf6, 0xd8, 0xff, 0xdc, 0xf6, 0xdb, 0xff, 0xe0, 0xf5, 0xde, 0xff, 0xe2, 0xf4, 0xdf, 0xff, 0xe4, 0xf3, 0xe0, 0xff, 0xe3, 0xf2, 0xe0, 0xff, 0xe3, 0xf2, 0xe0, 0xff, 0xe2, 0xf4, 0xe0, 0xff, 0xe0, 0xf5, 0xdf, 0xff, 0xde, 0xf6, 0xde, 0xff, 0xdc, 0xf7, 0xdd, 0xff, 0xd9, 0xf7, 0xda, 0xff, 0xd9, 0xf6, 0xd9, 0xff, 0xd9, 0xf3, 0xd7, 0xff, 0xdc, 0xf3, 0xda, 0xff, 0xdf, 0xf3, 0xdd, 0xff, 0xe1, 0xf2, 0xe1, 0xff, 0xe5, 0xf1, 0xe5, 0xff, 0xe5, 0xef, 0xe6, 0xff, 0xe7, 0xee, 0xe7, 0xff, 0xe7, 0xed, 0xe6, 0xff, 0xe8, 0xee, 0xe7, 0xff, 0xe8, 0xee, 0xe6, 0xff, 0xe7, 0xef, 0xe4, 0xff, 0xe5, 0xf0, 0xe3, 0xff, 0xe3, 0xf1, 0xe3, 0xff, 0xe1, 0xf1, 0xe3, 0xff, 0xe0, 0xf1, 0xe3, 0xff, 0xe0, 0xf1, 0xe4, 0xff, 0xe1, 0xf1, 0xe6, 0xff, 0xe2, 0xf1, 0xe6, 0xff, 0xe2, 0xf1, 0xe6, 0xff, 0xe3, 0xf1, 0xe6, 0xff, 0xe3, 0xf1, 0xe6, 0xff, 0xe3, 0xf1, 0xe6, 0xff, 0xe4, 0xf0, 0xe6, 0xff, 0xe5, 0xf0, 0xe6, 0xff, 0xe6, 0xf0, 0xe6, 0xff, 0xe6, 0xf0, 0xe5, 0xff, 0xe6, 0xf1, 0xe5, 0xff, 0xe6, 0xf1, 0xe4, 0xff, 0xe6, 0xf2, 0xe3, 0xff, 0xe6, 0xf2, 0xe3, 0xff, 0xe6, 0xf2, 0xe3, 0xff, 0xe5, 0xf2, 0xe3, 0xff, 0xe1, 0xf0, 0xe2, 0xff, 0xe0, 0xf2, 0xe2, 0xff, 0xdc, 0xf4, 0xdf, 0xff, 0xd8, 0xf7, 0xdc, 0xff, 0xd1, 0xf8, 0xd5, 0xff, 0xca, 0xf9, 0xce, 0xff, 0xc3, 0xfb, 0xc7, 0xff, 0xbf, 0xfd, 0xc2, 0xff, 0xbe, 0xff, 0xc0, 0xff, 0xbd, 0xff, 0xbe, 0xff, 0xbe, 0xff, 0xbe, 0xff, 0xbf, 0xff, 0xbf, 0xff, 0xc1, 0xff, 0xc0, 0xff, 0xc2, 0xfe, 0xc1, 0xff, 0xc4, 0xfd, 0xc1, 0xff, 0xc3, 0xfe, 0xc1, 0xff, 0xc1, 0xff, 0xc1, 0xff, 0xc0, 0xff, 0xc0, 0xff, 0xc0, 0xff, 0xc0, 0xff, 0xc0, 0xff, 0xc0, 0xff, 
  0xbf, 0xfe, 0xc1, 0xff, 0xbf, 0xff, 0xc1, 0xff, 0xbe, 0xff, 0xc1, 0xff, 0xbe, 0xff, 0xc0, 0xff, 0xbe, 0xff, 0xc0, 0xff, 0xbf, 0xff, 0xc0, 0xff, 0xc0, 0xff, 0xc0, 0xff, 0xc0, 0xff, 0xc0, 0xff, 0xc1, 0xfe, 0xc1, 0xff, 0xc2, 0xfe, 0xc1, 0xff, 0xc2, 0xfd, 0xc2, 0xff, 0xc3, 0xfc, 0xc4, 0xff, 0xc3, 0xfa, 0xc4, 0xff, 0xc5, 0xfb, 0xc6, 0xff, 0xc6, 0xfa, 0xc7, 0xff, 0xcb, 0xf9, 0xcc, 0xff, 0xd5, 0xf8, 0xd7, 0xff, 0xd9, 0xf5, 0xdb, 0xff, 0xdc, 0xf5, 0xdd, 0xff, 0xdf, 0xf4, 0xde, 0xff, 0xe2, 0xf4, 0xe1, 0xff, 0xe4, 0xf1, 0xe1, 0xff, 0xe6, 0xf0, 0xe2, 0xff, 0xe7, 0xf0, 0xe3, 0xff, 0xe6, 0xee, 0xe2, 0xff, 0xe7, 0xf0, 0xe3, 0xff, 0xe6, 0xf0, 0xe3, 0xff, 0xe5, 0xf2, 0xe3, 0xff, 0xe4, 0xf4, 0xe3, 0xff, 0xe2, 0xf5, 0xe2, 0xff, 0xdf, 0xf4, 0xe0, 0xff, 0xe0, 0xf4, 0xe1, 0xff, 0xe1, 0xf2, 0xe2, 0xff, 0xe2, 0xf1, 0xe2, 0xff, 0xe3, 0xf1, 0xe2, 0xff, 0xe5, 0xf1, 0xe3, 0xff, 0xe6, 0xf0, 0xe2, 0xff, 0xe7, 0xf0, 0xe3, 0xff, 0xe6, 0xee, 0xe3, 0xff, 0xe6, 0xed, 0xe5, 0xff, 0xe8, 0xed, 0xe8, 0xff, 0xe7, 0xed, 0xe8, 0xff, 0xe5, 0xee, 0xe8, 0xff, 0xe4, 0xef, 0xe6, 0xff, 0xe2, 0xf0, 0xe4, 0xff, 0xe0, 0xf2, 0xe2, 0xff, 0xdf, 0xf3, 0xe0, 0xff, 0xdf, 0xf2, 0xe1, 0xff, 0xe0, 0xf1, 0xe4, 0xff, 0xe0, 0xf0, 0xe5, 0xff, 0xe1, 0xf0, 0xe5, 0xff, 0xe1, 0xf0, 0xe5, 0xff, 0xe2, 0xf0, 0xe5, 0xff, 0xe2, 0xf0, 0xe5, 0xff, 0xe2, 0xf0, 0xe4, 0xff, 0xe3, 0xf0, 0xe4, 0xff, 0xe4, 0xf0, 0xe3, 0xff, 0xe4, 0xf0, 0xe3, 0xff, 0xe4, 0xf1, 0xe2, 0xff, 0xe4, 0xf1, 0xe1, 0xff, 0xe4, 0xf1, 0xe1, 0xff, 0xe4, 0xf2, 0xe0, 0xff, 0xe4, 0xf2, 0xe0, 0xff, 0xe4, 0xf1, 0xe2, 0xff, 0xe4, 0xf0, 0xe4, 0xff, 0xe3, 0xf1, 0xe5, 0xff, 0xe0, 0xf3, 0xe2, 0xff, 0xdc, 0xf6, 0xdf, 0xff, 0xd6, 0xf8, 0xd9, 0xff, 0xcf, 0xfa, 0xd2, 0xff, 0xc7, 0xfa, 0xca, 0xff, 0xc2, 0xfc, 0xc5, 0xff, 0xc0, 0xfe, 0xc1, 0xff, 0xbf, 0xff, 0xbf, 0xff, 0xbe, 0xff, 0xbf, 0xff, 0xbf, 0xff, 0xbf, 0xff, 0xc1, 0xff, 0xc0, 0xff, 0xc2, 0xfe, 0xc1, 0xff, 0xc3, 0xfe, 0xc1, 0xff, 0xc3, 0xfe, 0xc1, 0xff, 0xc1, 0xff, 0xc0, 0xff, 0xc0, 0xff, 0xbf, 0xff, 0xc0, 0xff, 0xbf, 0xff, 0xc0, 0xff, 0xbf, 0xff, 
  0xc1, 0xfe, 0xc2, 0xff, 0xc0, 0xfe, 0xc2, 0xff, 0xbf, 0xff, 0xc1, 0xff, 0xbe, 0xff, 0xc0, 0xff, 0xbe, 0xff, 0xbf, 0xff, 0xbe, 0xff, 0xbf, 0xff, 0xbf, 0xff, 0xbf, 0xff, 0xbf, 0xff, 0xbf, 0xff, 0xc0, 0xff, 0xc0, 0xff, 0xc1, 0xfe, 0xc1, 0xff, 0xc4, 0xfe, 0xc4, 0xff, 0xc5, 0xfb, 0xc5, 0xff, 0xc6, 0xf9, 0xc7, 0xff, 0xc9, 0xf8, 0xc9, 0xff, 0xcc, 0xfa, 0xcd, 0xff, 0xd2, 0xf9, 0xd3, 0xff, 0xdb, 0xf6, 0xdc, 0xff, 0xdf, 0xf3, 0xe0, 0xff, 0xe1, 0xf3, 0xe2, 0xff, 0xe3, 0xf2, 0xe3, 0xff, 0xe6, 0xf1, 0xe4, 0xff, 0xe7, 0xef, 0xe4, 0xff, 0xe8, 0xef, 0xe5, 0xff, 0xe8, 0xed, 0xe4, 0xff, 0xe9, 0xee, 0xe5, 0xff, 0xe9, 0xee, 0xe5, 0xff, 0xe9, 0xef, 0xe6, 0xff, 0xe8, 0xf0, 0xe6, 0xff, 0xe6, 0xf1, 0xe5, 0xff, 0xe4, 0xf1, 0xe4, 0xff, 0xe3, 0xf2, 0xe3, 0xff, 0xe2, 0xf1, 0xe3, 0xff, 0xe3, 0xef, 0xe6, 0xff, 0xe5, 0xef, 0xe6, 0xff, 0xe5, 0xef, 0xe5, 0xff, 0xe6, 0xf0, 0xe3, 0xff, 0xe6, 0xf1, 0xe2, 0xff, 0xe6, 0xf1, 0xe1, 0xff, 0xe7, 0xf1, 0xe4, 0xff, 0xe7, 0xf0, 0xe6, 0xff, 0xe6, 0xee, 0xe7, 0xff, 0xe6, 0xed, 0xe9, 0xff, 0xe4, 0xed, 0xe9, 0xff, 0xe3, 0xee, 0xe8, 0xff, 0xe2, 0xf0, 0xe5, 0xff, 0xe1, 0xf2, 0xe2, 0xff, 0xe0, 0xf3, 0xdf, 0xff, 0xe0, 0xf3, 0xe0, 0xff, 0xe1, 0xf1, 0xe3, 0xff, 0xe1, 0xf0, 0xe5, 0xff, 0xe1, 0xf0, 0xe5, 0xff, 0xe1, 0xf0, 0xe5, 0xff, 0xe2, 0xf0, 0xe5, 0xff, 0xe2, 0xf0, 0xe4, 0xff, 0xe2, 0xf0, 0xe4, 0xff, 0xe3, 0xf0, 0xe3, 0xff, 0xe3, 0xf1, 0xe3, 0xff, 0xe4, 0xf1, 0xe2, 0xff, 0xe4, 0xf1, 0xe2, 0xff, 0xe4, 0xf1, 0xe1, 0xff, 0xe4, 0xf2, 0xe1, 0xff, 0xe4, 0xf2, 0xe0, 0xff, 0xe4, 0xf2, 0xe0, 0xff, 0xe4, 0xf1, 0xe2, 0xff, 0xe5, 0xef, 0xe5, 0xff, 0xe5, 0xf0, 0xe7, 0xff, 0xe2, 0xf2, 0xe4, 0xff, 0xdf, 0xf6, 0xe1, 0xff, 0xda, 0xf8, 0xdb, 0xff, 0xd3, 0xf9, 0xd5, 0xff, 0xcb, 0xfa, 0xcd, 0xff, 0xc5, 0xfb, 0xc7, 0xff, 0xc2, 0xfd, 0xc3, 0xff, 0xc0, 0xfe, 0xc1, 0xff, 0xbf, 0xff, 0xc0, 0xff, 0xbf, 0xff, 0xc0, 0xff, 0xc0, 0xff, 0xc0, 0xff, 0xc1, 0xfe, 0xc1, 0xff, 0xc2, 0xfe, 0xc1, 0xff, 0xc2, 0xfe, 0xc1, 0xff, 0xc0, 0xff, 0xc0, 0xff, 0xc0, 0xff, 0xbf, 0xff, 0xc0, 0xff, 0xbf, 0xff, 0xc0, 0xff, 0xbf, 0xff, 
  0xc2, 0xfd, 0xc3, 0xff, 0xc2, 0xfd, 0xc2, 0xff, 0xc0, 0xfe, 0xc1, 0xff, 0xbf, 0xff, 0xc0, 0xff, 0xbd, 0xff, 0xbf, 0xff, 0xbd, 0xff, 0xbe, 0xff, 0xbd, 0xff, 0xbd, 0xff, 0xbe, 0xff, 0xbe, 0xff, 0xbe, 0xff, 0xbf, 0xff, 0xc0, 0xfe, 0xc1, 0xff, 0xc4, 0xfd, 0xc5, 0xff, 0xc6, 0xfa, 0xc7, 0xff, 0xc9, 0xf8, 0xca, 0xff, 0xcd, 0xf7, 0xce, 0xff, 0xd2, 0xf9, 0xd3, 0xff, 0xd8, 0xf7, 0xda, 0xff, 0xde, 0xf3, 0xe0, 0xff, 0xe1, 0xf1, 0xe4, 0xff, 0xe2, 0xf0, 0xe4, 0xff, 0xe4, 0xf0, 0xe4, 0xff, 0xe6, 0xef, 0xe4, 0xff, 0xe7, 0xef, 0xe5, 0xff, 0xe9, 0xee, 0xe5, 0xff, 0xe8, 0xed, 0xe4, 0xff, 0xe9, 0xee, 0xe5, 0xff, 0xe9, 0xee, 0xe5, 0xff, 0xe8, 0xee, 0xe5, 0xff, 0xe7, 0xef, 0xe5, 0xff, 0xe6, 0xef, 0xe5, 0xff, 0xe5, 0xef, 0xe4, 0xff, 0xe3, 0xf0, 0xe4, 0xff, 0xe3, 0xef, 0xe5, 0xff, 0xe4, 0xed, 0xe6, 0xff, 0xe4, 0xed, 0xe6, 0xff, 0xe4, 0xee, 0xe4, 0xff, 0xe4, 0xef, 0xe2, 0xff, 0xe4, 0xf0, 0xe0, 0xff, 0xe5, 0xf1, 0xe0, 0xff, 0xe6, 0xf2, 0xe2, 0xff, 0xe6, 0xf1, 0xe4, 0xff, 0xe5, 0xef, 0xe6, 0xff, 0xe4, 0xee, 0xe8, 0xff, 0xe4, 0xed, 0xe9, 0xff, 0xe4, 0xee, 0xe8, 0xff, 0xe3, 0xef, 0xe6, 0xff, 0xe3, 0xf0, 0xe3, 0xff, 0xe3, 0xf2, 0xe1, 0xff, 0xe3, 0xf2, 0xe1, 0xff, 0xe3, 0xf0, 0xe3, 0xff, 0xe3, 0xf0, 0xe4, 0xff, 0xe3, 0xf0, 0xe4, 0xff, 0xe3, 0xf0, 0xe4, 0xff, 0xe3, 0xf0, 0xe3, 0xff, 0xe3, 0xf0, 0xe3, 0xff, 0xe3, 0xf0, 0xe3, 0xff, 0xe3, 0xf1, 0xe3, 0xff, 0xe4, 0xf1, 0xe3, 0xff, 0xe4, 0xf1, 0xe2, 0xff, 0xe4, 0xf1, 0xe2, 0xff, 0xe4, 0xf1, 0xe2, 0xff, 0xe4, 0xf1, 0xe2, 0xff, 0xe4, 0xf1, 0xe2, 0xff, 0xe4, 0xf1, 0xe2, 0xff, 0xe5, 0xf0, 0xe3, 0xff, 0xe6, 0xee, 0xe6, 0xff, 0xe5, 0xee, 0xe6, 0xff, 0xe4, 0xf1, 0xe5, 0xff, 0xe1, 0xf5, 0xe2, 0xff, 0xdc, 0xf7, 0xdd, 0xff, 0xd6, 0xf9, 0xd7, 0xff, 0xce, 0xf9, 0xd0, 0xff, 0xc8, 0xf9, 0xc9, 0xff, 0xc5, 0xfb, 0xc5, 0xff, 0xc3, 0xfd, 0xc3, 0xff, 0xc0, 0xfe, 0xc1, 0xff, 0xbf, 0xff, 0xc0, 0xff, 0xc0, 0xff, 0xc0, 0xff, 0xc0, 0xff, 0xc1, 0xff, 0xc0, 0xff, 0xc1, 0xff, 0xc0, 0xff, 0xc0, 0xff, 0xbf, 0xfe, 0xbf, 0xff, 0xbf, 0xff, 0xbe, 0xff, 0xbf, 0xff, 0xbe, 0xff, 0xbf, 0xff, 0xbe, 0xff, 
  0xc4, 0xfd, 0xc3, 0xff, 0xc3, 0xfd, 0xc3, 0xff, 0xc1, 0xfe, 0xc1, 0xff, 0xbf, 0xff, 0xc0, 0xff, 0xbd, 0xff, 0xbe, 0xff, 0xbc, 0xff, 0xbd, 0xff, 0xbc, 0xff, 0xbc, 0xff, 0xbc, 0xff, 0xbd, 0xff, 0xbd, 0xff, 0xbe, 0xff, 0xc0, 0xff, 0xc1, 0xff, 0xc4, 0xfc, 0xc5, 0xff, 0xc7, 0xf9, 0xc8, 0xff, 0xcc, 0xf8, 0xcd, 0xff, 0xd2, 0xf7, 0xd3, 0xff, 0xd7, 0xf7, 0xd8, 0xff, 0xdd, 0xf6, 0xde, 0xff, 0xdf, 0xf0, 0xe2, 0xff, 0xe2, 0xee, 0xe5, 0xff, 0xe2, 0xee, 0xe4, 0xff, 0xe3, 0xee, 0xe4, 0xff, 0xe6, 0xef, 0xe5, 0xff, 0xe7, 0xef, 0xe5, 0xff, 0xe7, 0xef, 0xe4, 0xff, 0xe8, 0xef, 0xe4, 0xff, 0xe7, 0xee, 0xe3, 0xff, 0xe6, 0xee, 0xe3, 0xff, 0xe6, 0xee, 0xe3, 0xff, 0xe6, 0xef, 0xe5, 0xff, 0xe5, 0xef, 0xe5, 0xff, 0xe4, 0xef, 0xe5, 0xff, 0xe4, 0xef, 0xe5, 0xff, 0xe5, 0xf0, 0xe6, 0xff, 0xe4, 0xef, 0xe6, 0xff, 0xe5, 0xef, 0xe5, 0xff, 0xe4, 0xf0, 0xe4, 0xff, 0xe3, 0xef, 0xe2, 0xff, 0xe2, 0xf0, 0xe1, 0xff, 0xe3, 0xf1, 0xe2, 0xff, 0xe3, 0xf1, 0xe2, 0xff, 0xe3, 0xf1, 0xe3, 0xff, 0xe3, 0xf0, 0xe4, 0xff, 0xe3, 0xef, 0xe5, 0xff, 0xe4, 0xef, 0xe7, 0xff, 0xe4, 0xee, 0xe7, 0xff, 0xe4, 0xef, 0xe6, 0xff, 0xe5, 0xef, 0xe5, 0xff, 0xe5, 0xef, 0xe5, 0xff, 0xe5, 0xf0, 0xe4, 0xff, 0xe5, 0xf0, 0xe3, 0xff, 0xe5, 0xf0, 0xe3, 0xff, 0xe5, 0xf0, 0xe3, 0xff, 0xe5, 0xf0, 0xe3, 0xff, 0xe5, 0xf0, 0xe3, 0xff, 0xe5, 0xf0, 0xe2, 0xff, 0xe4, 0xf0, 0xe2, 0xff, 0xe4, 0xf0, 0xe3, 0xff, 0xe4, 0xf0, 0xe3, 0xff, 0xe4, 0xf0, 0xe3, 0xff, 0xe4, 0xf0, 0xe3, 0xff, 0xe4, 0xf0, 0xe3, 0xff, 0xe4, 0xf0, 0xe3, 0xff, 0xe4, 0xf0, 0xe4, 0xff, 0xe4, 0xf0, 0xe4, 0xff, 0xe5, 0xef, 0xe5, 0xff, 0xe7, 0xee, 0xe7, 0xff, 0xe6, 0xee, 0xe7, 0xff, 0xe4, 0xf0, 0xe4, 0xff, 0xe1, 0xf3, 0xe2, 0xff, 0xdd, 0xf6, 0xde, 0xff, 0xd8, 0xf8, 0xd9, 0xff, 0xd0, 0xf8, 0xd2, 0xff, 0xcb, 0xf9, 0xcc, 0xff, 0xc7, 0xfa, 0xc7, 0xff, 0xc4, 0xfc, 0xc4, 0xff, 0xc1, 0xfe, 0xc2, 0xff, 0xc0, 0xff, 0xc1, 0xff, 0xbf, 0xff, 0xc1, 0xff, 0xbf, 0xff, 0xc0, 0xff, 0xbf, 0xff, 0xc0, 0xff, 0xbf, 0xff, 0xc0, 0xff, 0xbf, 0xfe, 0xbe, 0xff, 0xbf, 0xff, 0xbe, 0xff, 0xbf, 0xff, 0xbe, 0xff, 0xbf, 0xff, 0xbe, 0xff, 
  0xc5, 0xfc, 0xc3, 0xff, 0xc4, 0xfd, 0xc3, 0xff, 0xc2, 0xfe, 0xc1, 0xff, 0xc0, 0xff, 0xbf, 0xff, 0xbd, 0xff, 0xbe, 0xff, 0xbc, 0xff, 0xbc, 0xff, 0xba, 0xff, 0xbc, 0xff, 0xbb, 0xff, 0xbc, 0xff, 0xbd, 0xff, 0xbe, 0xff, 0xc0, 0xfe, 0xc1, 0xff, 0xc3, 0xfb, 0xc4, 0xff, 0xc9, 0xf8, 0xc9, 0xff, 0xd1, 0xf8, 0xd1, 0xff, 0xd7, 0xf7, 0xd7, 0xff, 0xdb, 0xf6, 0xdb, 0xff, 0xdf, 0xf4, 0xe0, 0xff, 0xe2, 0xf0, 0xe4, 0xff, 0xe2, 0xee, 0xe5, 0xff, 0xe3, 0xee, 0xe5, 0xff, 0xe3, 0xee, 0xe4, 0xff, 0xe4, 0xef, 0xe4, 0xff, 0xe5, 0xf0, 0xe4, 0xff, 0xe5, 0xf0, 0xe3, 0xff, 0xe6, 0xf2, 0xe3, 0xff, 0xe4, 0xf0, 0xe1, 0xff, 0xe4, 0xef, 0xe1, 0xff, 0xe4, 0xef, 0xe2, 0xff, 0xe4, 0xf0, 0xe3, 0xff, 0xe3, 0xf0, 0xe4, 0xff, 0xe4, 0xf1, 0xe6, 0xff, 0xe4, 0xf1, 0xe6, 0xff, 0xe4, 0xf1, 0xe5, 0xff, 0xe4, 0xf2, 0xe3, 0xff, 0xe4, 0xf2, 0xe2, 0xff, 0xe3, 0xf2, 0xe3, 0xff, 0xe1, 0xf1, 0xe3, 0xff, 0xe1, 0xf0, 0xe4, 0xff, 0xe1, 0xf0, 0xe4, 0xff, 0xe1, 0xf1, 0xe4, 0xff, 0xe1, 0xf1, 0xe3, 0xff, 0xe1, 0xf1, 0xe2, 0xff, 0xe2, 0xf1, 0xe2, 0xff, 0xe3, 0xf1, 0xe2, 0xff, 0xe4, 0xf0, 0xe3, 0xff, 0xe6, 0xef, 0xe5, 0xff, 0xe7, 0xee, 0xe7, 0xff, 0xe7, 0xec, 0xea, 0xff, 0xe7, 0xed, 0xe8, 0xff, 0xe7, 0xef, 0xe4, 0xff, 0xe6, 0xf0, 0xe2, 0xff, 0xe6, 0xf0, 0xe2, 0xff, 0xe6, 0xf0, 0xe2, 0xff, 0xe6, 0xf0, 0xe2, 0xff, 0xe6, 0xf0, 0xe2, 0xff, 0xe5, 0xf0, 0xe2, 0xff, 0xe5, 0xf0, 0xe3, 0xff, 0xe5, 0xf0, 0xe3, 0xff, 0xe5, 0xf0, 0xe4, 0xff, 0xe5, 0xef, 0xe4, 0xff, 0xe5, 0xef, 0xe5, 0xff, 0xe5, 0xef, 0xe5, 0xff, 0xe5, 0xef, 0xe6, 0xff, 0xe5, 0xef, 0xe6, 0xff, 0xe6, 0xee, 0xe6, 0xff, 0xe8, 0xee, 0xe8, 0xff, 0xe6, 0xee, 0xe7, 0xff, 0xe4, 0xef, 0xe5, 0xff, 0xe1, 0xf1, 0xe2, 0xff, 0xe0, 0xf6, 0xe0, 0xff, 0xdb, 0xf8, 0xdb, 0xff, 0xd3, 0xf8, 0xd4, 0xff, 0xcd, 0xf9, 0xce, 0xff, 0xc8, 0xf9, 0xc9, 0xff, 0xc5, 0xfb, 0xc5, 0xff, 0xc2, 0xfd, 0xc3, 0xff, 0xc0, 0xfe, 0xc1, 0xff, 0xbf, 0xff, 0xc1, 0xff, 0xbe, 0xff, 0xc0, 0xff, 0xbd, 0xff, 0xc0, 0xff, 0xbe, 0xff, 0xbf, 0xff, 0xbe, 0xff, 0xbe, 0xff, 0xbf, 0xff, 0xbe, 0xff, 0xbf, 0xff, 0xbe, 0xff, 0xbf, 0xff, 0xbe, 0xff, 
  0xc5, 0xfd, 0xc1, 0xff, 0xc4, 0xfd, 0xc1, 0xff, 0xc2, 0xfe, 0xc1, 0xff, 0xc0, 0xff, 0xc0, 0xff, 0xbe, 0xff, 0xbf, 0xff, 0xbb, 0xff, 0xbe, 0xff, 0xba, 0xff, 0xbd, 0xff, 0xba, 0xff, 0xbe, 0xff, 0xbd, 0xff, 0xbf, 0xff, 0xc0, 0xfd, 0xc0, 0xff, 0xc5, 0xfa, 0xc4, 0xff, 0xcc, 0xf9, 0xcb, 0xff, 0xd3, 0xf7, 0xd2, 0xff, 0xdb, 0xf7, 0xda, 0xff, 0xe0, 0xf4, 0xe0, 0xff, 0xe3, 0xf2, 0xe3, 0xff, 0xe3, 0xef, 0xe5, 0xff, 0xe4, 0xef, 0xe6, 0xff, 0xe4, 0xef, 0xe6, 0xff, 0xe4, 0xef, 0xe5, 0xff, 0xe4, 0xef, 0xe4, 0xff, 0xe4, 0xf0, 0xe4, 0xff, 0xe5, 0xf1, 0xe4, 0xff, 0xe5, 0xf2, 0xe3, 0xff, 0xe5, 0xf2, 0xe3, 0xff, 0xe5, 0xf2, 0xe3, 0xff, 0xe4, 0xf0, 0xe3, 0xff, 0xe4, 0xf0, 0xe3, 0xff, 0xe3, 0xf0, 0xe4, 0xff, 0xe4, 0xf1, 0xe6, 0xff, 0xe4, 0xf0, 0xe6, 0xff, 0xe4, 0xf1, 0xe5, 0xff, 0xe3, 0xf1, 0xe1, 0xff, 0xe3, 0xf2, 0xe1, 0xff, 0xe3, 0xf2, 0xe3, 0xff, 0xe3, 0xf1, 0xe5, 0xff, 0xe3, 0xf0, 0xe7, 0xff, 0xe3, 0xf0, 0xe7, 0xff, 0xe3, 0xf1, 0xe6, 0xff, 0xe3, 0xf2, 0xe4, 0xff, 0xe2, 0xf1, 0xe2, 0xff, 0xe2, 0xf2, 0xe1, 0xff, 0xe4, 0xf1, 0xe1, 0xff, 0xe5, 0xf0, 0xe2, 0xff, 0xe6, 0xef, 0xe5, 0xff, 0xe7, 0xed, 0xe8, 0xff, 0xe8, 0xec, 0xea, 0xff, 0xe8, 0xec, 0xe9, 0xff, 0xe7, 0xef, 0xe4, 0xff, 0xe7, 0xf0, 0xe2, 0xff, 0xe7, 0xf0, 0xe2, 0xff, 0xe7, 0xf0, 0xe2, 0xff, 0xe7, 0xf0, 0xe3, 0xff, 0xe7, 0xf0, 0xe3, 0xff, 0xe6, 0xf0, 0xe3, 0xff, 0xe6, 0xf0, 0xe3, 0xff, 0xe6, 0xef, 0xe4, 0xff, 0xe6, 0xef, 0xe4, 0xff, 0xe6, 0xef, 0xe5, 0xff, 0xe6, 0xef, 0xe6, 0xff, 0xe6, 0xee, 0xe6, 0xff, 0xe6, 0xee, 0xe6, 0xff, 0xe6, 0xee, 0xe6, 0xff, 0xe6, 0xee, 0xe7, 0xff, 0xe8, 0xef, 0xe8, 0xff, 0xe7, 0xee, 0xe7, 0xff, 0xe6, 0xef, 0xe6, 0xff, 0xe3, 0xf0, 0xe3, 0xff, 0xe2, 0xf4, 0xe2, 0xff, 0xdd, 0xf6, 0xdd, 0xff, 0xd6, 0xf8, 0xd7, 0xff, 0xd0, 0xf9, 0xd0, 0xff, 0xc8, 0xf9, 0xc9, 0xff, 0xc4, 0xfc, 0xc5, 0xff, 0xc2, 0xfe, 0xc2, 0xff, 0xc0, 0xff, 0xc0, 0xff, 0xbf, 0xff, 0xc0, 0xff, 0xbe, 0xff, 0xc0, 0xff, 0xbe, 0xff, 0xc0, 0xff, 0xbf, 0xff, 0xc0, 0xff, 0xc0, 0xff, 0xc0, 0xff, 0xc0, 0xff, 0xbf, 0xff, 0xc0, 0xff, 0xbf, 0xff, 0xc0, 0xff, 0xbf, 0xff, 
  0xc6, 0xff, 0xbe, 0xff, 0xc5, 0xff, 0xbf, 0xff, 0xc3, 0xfe, 0xc1, 0xff, 0xc0, 0xfe, 0xc2, 0xff, 0xbe, 0xfe, 0xc3, 0xff, 0xbc, 0xfe, 0xc3, 0xff, 0xbb, 0xff, 0xc2, 0xff, 0xbb, 0xff, 0xc1, 0xff, 0xc0, 0xff, 0xc2, 0xff, 0xc2, 0xfe, 0xc1, 0xff, 0xc8, 0xfb, 0xc4, 0xff, 0xd1, 0xfb, 0xcc, 0xff, 0xda, 0xf9, 0xd6, 0xff, 0xe0, 0xf6, 0xde, 0xff, 0xe4, 0xf1, 0xe4, 0xff, 0xe7, 0xf0, 0xe8, 0xff, 0xe6, 0xf0, 0xe7, 0xff, 0xe6, 0xf0, 0xe7, 0xff, 0xe6, 0xf0, 0xe6, 0xff, 0xe6, 0xf0, 0xe6, 0xff, 0xe6, 0xf0, 0xe6, 0xff, 0xe6, 0xf0, 0xe6, 0xff, 0xe6, 0xf0, 0xe5, 0xff, 0xe6, 0xf0, 0xe5, 0xff, 0xe6, 0xf0, 0xe5, 0xff, 0xe6, 0xf0, 0xe5, 0xff, 0xe6, 0xf0, 0xe6, 0xff, 0xe6, 0xf0, 0xe6, 0xff, 0xe6, 0xf0, 0xe6, 0xff, 0xe6, 0xf0, 0xe6, 0xff, 0xe6, 0xf0, 0xe6, 0xff, 0xe6, 0xf0, 0xe6, 0xff, 0xe6, 0xf1, 0xe5, 0xff, 0xe6, 0xf1, 0xe5, 0xff, 0xe5, 0xf1, 0xe5, 0xff, 0xe5, 0xf0, 0xe6, 0xff, 0xe5, 0xf0, 0xe6, 0xff, 0xe5, 0xf0, 0xe6, 0xff, 0xe5, 0xf0, 0xe6, 0xff, 0xe5, 0xf0, 0xe6, 0xff, 0xe5, 0xf1, 0xe5, 0xff, 0xe5, 0xf1, 0xe5, 0xff, 0xe6, 0xf1, 0xe5, 0xff, 0xe6, 0xf0, 0xe5, 0xff, 0xe7, 0xf0, 0xe6, 0xff, 0xe7, 0xef, 0xe7, 0xff, 0xe7, 0xef, 0xe8, 0xff, 0xe7, 0xef, 0xe8, 0xff, 0xe7, 0xf0, 0xe6, 0xff, 0xe7, 0xf0, 0xe5, 0xff, 0xe7, 0xf0, 0xe5, 0xff, 0xe7, 0xf0, 0xe5, 0xff, 0xe7, 0xf0, 0xe6, 0xff, 0xe7, 0xf0, 0xe6, 0xff, 0xe7, 0xf0, 0xe6, 0xff, 0xe7, 0xf0, 0xe6, 0xff, 0xe7, 0xf0, 0xe6, 0xff, 0xe7, 0xf0, 0xe6, 0xff, 0xe7, 0xf0, 0xe6, 0xff, 0xe7, 0xf0, 0xe6, 0xff, 0xe7, 0xf0, 0xe7, 0xff, 0xe7, 0xf0, 0xe7, 0xff, 0xe7, 0xf0, 0xe7, 0xff, 0xe7, 0xef, 0xe7, 0xff, 0xe8, 0xee, 0xe6, 0xff, 0xe9, 0xef, 0xe7, 0xff, 0xe9, 0xef, 0xe8, 0xff, 0xe6, 0xee, 0xe6, 0xff, 0xe4, 0xf1, 0xe4, 0xff, 0xe1, 0xf5, 0xe1, 0xff, 0xda, 0xf8, 0xdb, 0xff, 0xd2, 0xfa, 0xd3, 0xff, 0xc7, 0xfa, 0xc8, 0xff, 0xc2, 0xfd, 0xc2, 0xff, 0xbf, 0xff, 0xbf, 0xff, 0xbe, 0xff, 0xbd, 0xff, 0xbf, 0xff, 0xc0, 0xff, 0xc0, 0xff, 0xc1, 0xff, 0xc1, 0xfe, 0xc2, 0xff, 0xc0, 0xfc, 0xc1, 0xff, 0xc1, 0xfe, 0xc1, 0xff, 0xc1, 0xff, 0xc0, 0xff, 0xc1, 0xff, 0xc0, 0xff, 0xc1, 0xff, 0xc0, 0xff, 
  0xc6, 0xff, 0xbd, 0xff, 0xc5, 0xff, 0xbe, 0xff, 0xc2, 0xfe, 0xc0, 0xff, 0xc0, 0xfe, 0xc2, 0xff, 0xbd, 0xfd, 0xc4, 0xff, 0xbc, 0xfe, 0xc4, 0xff, 0xbb, 0xfe, 0xc3, 0xff, 0xbc, 0xff, 0xc2, 0xff, 0xbf, 0xff, 0xc0, 0xff, 0xc2, 0xfd, 0xc0, 0xff, 0xc8, 0xfa, 0xc3, 0xff, 0xd3, 0xfa, 0xcd, 0xff, 0xdc, 0xf8, 0xd7, 0xff, 0xe2, 0xf4, 0xdf, 0xff, 0xe6, 0xf0, 0xe7, 0xff, 0xe9, 0xef, 0xea, 0xff, 0xe7, 0xef, 0xe7, 0xff, 0xe7, 0xf0, 0xe6, 0xff, 0xe7, 0xf0, 0xe6, 0xff, 0xe7, 0xf0, 0xe6, 0xff, 0xe7, 0xf0, 0xe6, 0xff, 0xe7, 0xf0, 0xe6, 0xff, 0xe7, 0xf0, 0xe6, 0xff, 0xe7, 0xf0, 0xe6, 0xff, 0xe7, 0xf0, 0xe6, 0xff, 0xe7, 0xf0, 0xe6, 0xff, 0xe7, 0xf0, 0xe6, 0xff, 0xe7, 0xf0, 0xe6, 0xff, 0xe7, 0xf0, 0xe6, 0xff, 0xe7, 0xf0, 0xe6, 0xff, 0xe7, 0xf0, 0xe6, 0xff, 0xe7, 0xf0, 0xe6, 0xff, 0xe7, 0xf0, 0xe6, 0xff, 0xe7, 0xf0, 0xe6, 0xff, 0xe7, 0xf0, 0xe6, 0xff, 0xe7, 0xf0, 0xe6, 0xff, 0xe7, 0xf0, 0xe6, 0xff, 0xe7, 0xf0, 0xe6, 0xff, 0xe7, 0xf0, 0xe6, 0xff, 0xe7, 0xf0, 0xe6, 0xff, 0xe7, 0xf0, 0xe6, 0xff, 0xe7, 0xf0, 0xe6, 0xff, 0xe7, 0xf0, 0xe6, 0xff, 0xe7, 0xf0, 0xe6, 0xff, 0xe7, 0xf0, 0xe6, 0xff, 0xe7, 0xf0, 0xe6, 0xff, 0xe7, 0xf0, 0xe6, 0xff, 0xe7, 0xf0, 0xe6, 0xff, 0xe7, 0xf0, 0xe6, 0xff, 0xe7, 0xf0, 0xe6, 0xff, 0xe7, 0xf0, 0xe6, 0xff, 0xe7, 0xf0, 0xe6, 0xff, 0xe7, 0xf0, 0xe6, 0xff, 0xe7, 0xf0, 0xe6, 0xff, 0xe7, 0xf0, 0xe6, 0xff, 0xe7, 0xf0, 0xe6, 0xff, 0xe7, 0xf0, 0xe6, 0xff, 0xe7, 0xf0, 0xe6, 0xff, 0xe7, 0xf0, 0xe6, 0xff, 0xe7, 0xf0, 0xe6, 0xff, 0xe7, 0xf0, 0xe6, 0xff, 0xe7, 0xf0, 0xe6, 0xff, 0xe7, 0xf0, 0xe6, 0xff, 0xe7, 0xf0, 0xe6, 0xff, 0xe8, 0xee, 0xe5, 0xff, 0xea, 0xef, 0xe7, 0xff, 0xea, 0xee, 0xe8, 0xff, 0xe8, 0xed, 0xe7, 0xff, 0xe6, 0xf0, 0xe6, 0xff, 0xe3, 0xf4, 0xe4, 0xff, 0xdc, 0xf7, 0xdd, 0xff, 0xd4, 0xf9, 0xd5, 0xff, 0xc7, 0xf8, 0xc7, 0xff, 0xc1, 0xfd, 0xc1, 0xff, 0xbd, 0xfe, 0xbc, 0xff, 0xbc, 0xff, 0xbb, 0xff, 0xbe, 0xff, 0xbe, 0xff, 0xbf, 0xff, 0xc0, 0xff, 0xc2, 0xfd, 0xc3, 0xff, 0xc2, 0xfd, 0xc3, 0xff, 0xc2, 0xfe, 0xc1, 0xff, 0xc1, 0xff, 0xc0, 0xff, 0xc1, 0xfe, 0xc0, 0xff, 0xc1, 0xfe, 0xc0, 0xff, 
  0xc4, 0xff, 0xbd, 0xff, 0xc3, 0xff, 0xbe, 0xff, 0xc1, 0xff, 0xc0, 0xff, 0xbf, 0xfe, 0xc1, 0xff, 0xbd, 0xfe, 0xc2, 0xff, 0xbc, 0xfe, 0xc2, 0xff, 0xbc, 0xff, 0xc2, 0xff, 0xbd, 0xff, 0xc1, 0xff, 0xbe, 0xfd, 0xbe, 0xff, 0xc2, 0xfb, 0xc0, 0xff, 0xc9, 0xf9, 0xc5, 0xff, 0xd4, 0xf9, 0xce, 0xff, 0xde, 0xf8, 0xda, 0xff, 0xe3, 0xf4, 0xe0, 0xff, 0xe6, 0xef, 0xe7, 0xff, 0xe8, 0xee, 0xe9, 0xff, 0xe7, 0xef, 0xe7, 0xff, 0xe7, 0xf0, 0xe6, 0xff, 0xe7, 0xf0, 0xe6, 0xff, 0xe7, 0xf0, 0xe6, 0xff, 0xe7, 0xf0, 0xe6, 0xff, 0xe7, 0xf0, 0xe6, 0xff, 0xe7, 0xf0, 0xe6, 0xff, 0xe7, 0xf0, 0xe6, 0xff, 0xe7, 0xf0, 0xe6, 0xff, 0xe7, 0xf0, 0xe6, 0xff, 0xe7, 0xf0, 0xe6, 0xff, 0xe7, 0xf0, 0xe6, 0xff, 0xe7, 0xf0, 0xe6, 0xff, 0xe7, 0xf0, 0xe6, 0xff, 0xe7, 0xf0, 0xe6, 0xff, 0xe7, 0xf0, 0xe6, 0xff, 0xe7, 0xf0, 0xe6, 0xff, 0xe7, 0xf0, 0xe6, 0xff, 0xe7, 0xf0, 0xe6, 0xff, 0xe7, 0xf0, 0xe6, 0xff, 0xe7, 0xf0, 0xe6, 0xff, 0xe7, 0xf0, 0xe6, 0xff, 0xe7, 0xf0, 0xe6, 0xff, 0xe7, 0xf0, 0xe6, 0xff, 0xe7, 0xf0, 0xe6, 0xff, 0xe7, 0xf0, 0xe6, 0xff, 0xe7, 0xf0, 0xe6, 0xff, 0xe7, 0xf0, 0xe6, 0xff, 0xe7, 0xf0, 0xe6, 0xff, 0xe7, 0xf0, 0xe6, 0xff, 0xe7, 0xf0, 0xe6, 0xff, 0xe7, 0xf0, 0xe6, 0xff, 0xe7, 0xf0, 0xe6, 0xff, 0xe7, 0xf0, 0xe6, 0xff, 0xe7, 0xf0, 0xe6, 0xff, 0xe7, 0xf0, 0xe6, 0xff, 0xe7, 0xf0, 0xe6, 0xff, 0xe7, 0xf0, 0xe6, 0xff, 0xe7, 0xf0, 0xe6, 0xff, 0xe7, 0xf0, 0xe6, 0xff, 0xe7, 0xf0, 0xe6, 0xff, 0xe7, 0xf0, 0xe6, 0xff, 0xe7, 0xf0, 0xe6, 0xff, 0xe7, 0xf0, 0xe6, 0xff, 0xe7, 0xf0, 0xe6, 0xff, 0xe7, 0xf0, 0xe6, 0xff, 0xe7, 0xf0, 0xe6, 0xff, 0xe7, 0xf0, 0xe6, 0xff, 0xe7, 0xef, 0xe5, 0xff, 0xe9, 0xef, 0xe7, 0xff, 0xea, 0xee, 0xe8, 0xff, 0xe8, 0xed, 0xe7, 0xff, 0xe7, 0xef, 0xe7, 0xff, 0xe4, 0xf3, 0xe4, 0xff, 0xde, 0xf6, 0xde, 0xff, 0xd6, 0xf8, 0xd6, 0xff, 0xc9, 0xf8, 0xc9, 0xff, 0xc3, 0xfc, 0xc2, 0xff, 0xbe, 0xfe, 0xbd, 0xff, 0xbd, 0xff, 0xbc, 0xff, 0xbd, 0xff, 0xbd, 0xff, 0xbf, 0xff, 0xbf, 0xff, 0xc1, 0xfe, 0xc1, 0xff, 0xc2, 0xfe, 0xc2, 0xff, 0xc2, 0xff, 0xc0, 0xff, 0xc1, 0xff, 0xc0, 0xff, 0xc1, 0xff, 0xc0, 0xff, 0xc1, 0xfe, 0xc0, 0xff, 
  0xc2, 0xff, 0xbe, 0xff, 0xc1, 0xff, 0xbf, 0xff, 0xc0, 0xff, 0xc0, 0xff, 0xbe, 0xff, 0xc0, 0xff, 0xbd, 0xff, 0xc0, 0xff, 0xbc, 0xff, 0xc0, 0xff, 0xbd, 0xff, 0xc0, 0xff, 0xbe, 0xff, 0xc0, 0xff, 0xbf, 0xfc, 0xbf, 0xff, 0xc3, 0xfa, 0xc2, 0xff, 0xcb, 0xf8, 0xc8, 0xff, 0xd5, 0xf8, 0xd2, 0xff, 0xe0, 0xf8, 0xdd, 0xff, 0xe4, 0xf4, 0xe3, 0xff, 0xe7, 0xef, 0xe7, 0xff, 0xe7, 0xed, 0xe8, 0xff, 0xe7, 0xef, 0xe7, 0xff, 0xe7, 0xf0, 0xe6, 0xff, 0xe7, 0xf0, 0xe6, 0xff, 0xe7, 0xf0, 0xe6, 0xff, 0xe7, 0xf0, 0xe6, 0xff, 0xe7, 0xf0, 0xe6, 0xff, 0xe7, 0xf0, 0xe6, 0xff, 0xe7, 0xf0, 0xe6, 0xff, 0xe7, 0xf0, 0xe6, 0xff, 0xe7, 0xf0, 0xe6, 0xff, 0xe7, 0xf0, 0xe6, 0xff, 0xe7, 0xf0, 0xe6, 0xff, 0xe7, 0xf0, 0xe6, 0xff, 0xe7, 0xf0, 0xe6, 0xff, 0xe7, 0xf0, 0xe6, 0xff, 0xe7, 0xf0, 0xe6, 0xff, 0xe7, 0xf0, 0xe6, 0xff, 0xe7, 0xf0, 0xe6, 0xff, 0xe7, 0xf0, 0xe6, 0xff, 0xe7, 0xf0, 0xe6, 0xff, 0xe7, 0xf0, 0xe6, 0xff, 0xe7, 0xf0, 0xe6, 0xff, 0xe7, 0xf0, 0xe6, 0xff, 0xe7, 0xf0, 0xe6, 0xff, 0xe7, 0xf0, 0xe6, 0xff, 0xe7, 0xf0, 0xe6, 0xff, 0xe7, 0xf0, 0xe6, 0xff, 0xe7, 0xf0, 0xe6, 0xff, 0xe7, 0xf0, 0xe6, 0xff, 0xe7, 0xf0, 0xe6, 0xff, 0xe7, 0xf0, 0xe6, 0xff, 0xe7, 0xf0, 0xe6, 0xff, 0xe7, 0xf0, 0xe6, 0xff, 0xe7, 0xf0, 0xe6, 0xff, 0xe7, 0xf0, 0xe6, 0xff, 0xe7, 0xf0, 0xe6, 0xff, 0xe7, 0xf0, 0xe6, 0xff, 0xe7, 0xf0, 0xe6, 0xff, 0xe7, 0xf0, 0xe6, 0xff, 0xe7, 0xf0, 0xe6, 0xff, 0xe7, 0xf0, 0xe6, 0xff, 0xe7, 0xf0, 0xe6, 0xff, 0xe7, 0xf0, 0xe6, 0xff, 0xe7, 0xf0, 0xe6, 0xff, 0xe7, 0xf0, 0xe6, 0xff, 0xe7, 0xf0, 0xe6, 0xff, 0xe7, 0xf0, 0xe6, 0xff, 0xe7, 0xf0, 0xe6, 0xff, 0xe7, 0xef, 0xe5, 0xff, 0xe8, 0xef, 0xe7, 0xff, 0xe9, 0xee, 0xe8, 0xff, 0xe8, 0xed, 0xe7, 0xff, 0xe7, 0xef, 0xe7, 0xff, 0xe5, 0xf2, 0xe5, 0xff, 0xdf, 0xf5, 0xe0, 0xff, 0xd8, 0xf7, 0xd8, 0xff, 0xcd, 0xf8, 0xcc, 0xff, 0xc6, 0xfb, 0xc5, 0xff, 0xc2, 0xfe, 0xc1, 0xff, 0xbf, 0xff, 0xbf, 0xff, 0xbf, 0xff, 0xbe, 0xff, 0xbf, 0xff, 0xbf, 0xff, 0xc0, 0xff, 0xc1, 0xff, 0xc0, 0xfd, 0xc0, 0xff, 0xc1, 0xff, 0xc0, 0xff, 0xc1, 0xff, 0xbf, 0xff, 0xc1, 0xff, 0xc0, 0xff, 0xc1, 0xff, 0xc0, 0xff, 
  0xbf, 0xff, 0xc0, 0xff, 0xbf, 0xff, 0xc0, 0xff, 0xbe, 0xff, 0xbf, 0xff, 0xbd, 0xff, 0xbf, 0xff, 0xbc, 0xff, 0xbe, 0xff, 0xbd, 0xff, 0xbe, 0xff, 0xbd, 0xff, 0xbe, 0xff, 0xbf, 0xff, 0xc0, 0xff, 0xc2, 0xfd, 0xc2, 0xff, 0xc6, 0xf9, 0xc5, 0xff, 0xcd, 0xf8, 0xcd, 0xff, 0xd8, 0xf9, 0xd7, 0xff, 0xe0, 0xf6, 0xdf, 0xff, 0xe5, 0xf3, 0xe4, 0xff, 0xe8, 0xef, 0xe7, 0xff, 0xe8, 0xed, 0xe8, 0xff, 0xe7, 0xef, 0xe7, 0xff, 0xe7, 0xf0, 0xe6, 0xff, 0xe7, 0xf0, 0xe6, 0xff, 0xe7, 0xf0, 0xe6, 0xff, 0xe7, 0xf0, 0xe6, 0xff, 0xe7, 0xf0, 0xe6, 0xff, 0xe7, 0xf0, 0xe6, 0xff, 0xe7, 0xf0, 0xe6, 0xff, 0xe7, 0xf0, 0xe6, 0xff, 0xe7, 0xf0, 0xe6, 0xff, 0xe7, 0xf0, 0xe6, 0xff, 0xe7, 0xf0, 0xe6, 0xff, 0xe7, 0xf0, 0xe6, 0xff, 0xe7, 0xf0, 0xe6, 0xff, 0xe7, 0xf0, 0xe6, 0xff, 0xe7, 0xf0, 0xe6, 0xff, 0xe7, 0xf0, 0xe6, 0xff, 0xe7, 0xf0, 0xe6, 0xff, 0xe7, 0xf0, 0xe6, 0xff, 0xe7, 0xf0, 0xe6, 0xff, 0xe7, 0xf0, 0xe6, 0xff, 0xe7, 0xf0, 0xe6, 0xff, 0xe7, 0xf0, 0xe6, 0xff, 0xe7, 0xf0, 0xe6, 0xff, 0xe7, 0xf0, 0xe6, 0xff, 0xe7, 0xf0, 0xe6, 0xff, 0xe7, 0xf0, 0xe6, 0xff, 0xe7, 0xf0, 0xe6, 0xff, 0xe7, 0xf0, 0xe6, 0xff, 0xe7, 0xf0, 0xe6, 0xff, 0xe7, 0xf0, 0xe6, 0xff, 0xe7, 0xf0, 0xe6, 0xff, 0xe7, 0xf0, 0xe6, 0xff, 0xe7, 0xf0, 0xe6, 0xff, 0xe7, 0xf0, 0xe6, 0xff, 0xe7, 0xf0, 0xe6, 0xff, 0xe7, 0xf0, 0xe6, 0xff, 0xe7, 0xf0, 0xe6, 0xff, 0xe7, 0xf0, 0xe6, 0xff, 0xe7, 0xf0, 0xe6, 0xff, 0xe7, 0xf0, 0xe6, 0xff, 0xe7, 0xf0, 0xe6, 0xff, 0xe7, 0xf0, 0xe6, 0xff, 0xe7, 0xf0, 0xe6, 0xff, 0xe7, 0xf0, 0xe6, 0xff, 0xe7, 0xf0, 0xe6, 0xff, 0xe7, 0xf0, 0xe6, 0xff, 0xe7, 0xf0, 0xe6, 0xff, 0xe6, 0xef, 0xe4, 0xff, 0xe7, 0xf0, 0xe6, 0xff, 0xe8, 0xef, 0xe7, 0xff, 0xe7, 0xee, 0xe7, 0xff, 0xe7, 0xef, 0xe8, 0xff, 0xe6, 0xf2, 0xe6, 0xff, 0xe1, 0xf4, 0xe1, 0xff, 0xda, 0xf6, 0xd9, 0xff, 0xce, 0xf4, 0xcd, 0xff, 0xc9, 0xf8, 0xc7, 0xff, 0xc3, 0xfb, 0xc2, 0xff, 0xc1, 0xff, 0xc0, 0xff, 0xc1, 0xff, 0xc0, 0xff, 0xc0, 0xff, 0xc0, 0xff, 0xbf, 0xff, 0xc0, 0xff, 0xbe, 0xfe, 0xbf, 0xff, 0xc0, 0xff, 0xbf, 0xff, 0xc0, 0xff, 0xbf, 0xff, 0xbf, 0xff, 0xbf, 0xff, 0xbf, 0xff, 0xbf, 0xff, 
  0xbd, 0xff, 0xc1, 0xff, 0xbd, 0xff, 0xc1, 0xff, 0xbc, 0xff, 0xbf, 0xff, 0xbc, 0xff, 0xbe, 0xff, 0xbc, 0xff, 0xbd, 0xff, 0xbd, 0xff, 0xbd, 0xff, 0xbf, 0xff, 0xbe, 0xff, 0xc1, 0xff, 0xc0, 0xff, 0xc5, 0xfc, 0xc4, 0xff, 0xc9, 0xf8, 0xc9, 0xff, 0xd0, 0xf7, 0xd1, 0xff, 0xda, 0xf7, 0xda, 0xff, 0xe3, 0xf6, 0xe2, 0xff, 0xe6, 0xf2, 0xe5, 0xff, 0xe8, 0xef, 0xe7, 0xff, 0xe8, 0xed, 0xe7, 0xff, 0xe7, 0xef, 0xe7, 0xff, 0xe7, 0xf0, 0xe6, 0xff, 0xe7, 0xf0, 0xe6, 0xff, 0xe7, 0xf0, 0xe6, 0xff, 0xe7, 0xf0, 0xe6, 0xff, 0xe7, 0xf0, 0xe6, 0xff, 0xe7, 0xf0, 0xe6, 0xff, 0xe7, 0xf0, 0xe6, 0xff, 0xe7, 0xf0, 0xe6, 0xff, 0xe7, 0xf0, 0xe6, 0xff, 0xe7, 0xf0, 0xe6, 0xff, 0xe7, 0xf0, 0xe6, 0xff, 0xe7, 0xf0, 0xe6, 0xff, 0xe7, 0xf0, 0xe6, 0xff, 0xe7, 0xf0, 0xe6, 0xff, 0xe7, 0xf0, 0xe6, 0xff, 0xe7, 0xf0, 0xe6, 0xff, 0xe7, 0xf0, 0xe6, 0xff, 0xe7, 0xf0, 0xe6, 0xff, 0xe7, 0xf0, 0xe6, 0xff, 0xe7, 0xf0, 0xe6, 0xff, 0xe7, 0xf0, 0xe6, 0xff, 0xe7, 0xf0, 0xe6, 0xff, 0xe7, 0xf0, 0xe6, 0xff, 0xe7, 0xf0, 0xe6, 0xff, 0xe7, 0xf0, 0xe6, 0xff, 0xe7, 0xf0, 0xe6, 0xff, 0xe7, 0xf0, 0xe6, 0xff, 0xe7, 0xf0, 0xe6, 0xff, 0xe7, 0xf0, 0xe6, 0xff, 0xe7, 0xf0, 0xe6, 0xff, 0xe7, 0xf0, 0xe6, 0xff, 0xe7, 0xf0, 0xe6, 0xff, 0xe7, 0xf0, 0xe6, 0xff, 0xe7, 0xf0, 0xe6, 0xff, 0xe7, 0xf0, 0xe6, 0xff, 0xe7, 0xf0, 0xe6, 0xff, 0xe7, 0xf0, 0xe6, 0xff, 0xe7, 0xf0, 0xe6, 0xff, 0xe7, 0xf0, 0xe6, 0xff, 0xe7, 0xf0, 0xe6, 0xff, 0xe7, 0xf0, 0xe6, 0xff, 0xe7, 0xf0, 0xe6, 0xff, 0xe7, 0xf0, 0xe6, 0xff, 0xe7, 0xf0, 0xe6, 0xff, 0xe7, 0xf0, 0xe6, 0xff, 0xe7, 0xf0, 0xe6, 0xff, 0xe6, 0xf0, 0xe6, 0xff, 0xe5, 0xef, 0xe4, 0xff, 0xe7, 0xf0, 0xe6, 0xff, 0xe7, 0xef, 0xe7, 0xff, 0xe7, 0xee, 0xe7, 0xff, 0xe7, 0xef, 0xe8, 0xff, 0xe6, 0xf1, 0xe7, 0xff, 0xe2, 0xf3, 0xe2, 0xff, 0xdc, 0xf4, 0xdb, 0xff, 0xcf, 0xf0, 0xcd, 0xff, 0xca, 0xf4, 0xc8, 0xff, 0xc6, 0xf8, 0xc4, 0xff, 0xc3, 0xfc, 0xc2, 0xff, 0xc2, 0xfe, 0xc1, 0xff, 0xc0, 0xff, 0xc0, 0xff, 0xbf, 0xff, 0xc0, 0xff, 0xbd, 0xfe, 0xbf, 0xff, 0xbf, 0xff, 0xc0, 0xff, 0xbf, 0xff, 0xbf, 0xff, 0xbe, 0xff, 0xbf, 0xff, 0xbe, 0xff, 0xbf, 0xff, 
  0xbb, 0xff, 0xc3, 0xff, 0xbb, 0xff, 0xc1, 0xff, 0xbb, 0xff, 0xbf, 0xff, 0xbc, 0xff, 0xbd, 0xff, 0xbd, 0xff, 0xbc, 0xff, 0xbf, 0xff, 0xbc, 0xff, 0xc1, 0xff, 0xbe, 0xff, 0xc4, 0xfd, 0xc1, 0xff, 0xc8, 0xfa, 0xc7, 0xff, 0xcc, 0xf5, 0xcc, 0xff, 0xd2, 0xf3, 0xd3, 0xff, 0xdb, 0xf4, 0xdc, 0xff, 0xe3, 0xf4, 0xe3, 0xff, 0xe7, 0xf2, 0xe6, 0xff, 0xe9, 0xef, 0xe7, 0xff, 0xe9, 0xef, 0xe8, 0xff, 0xe7, 0xef, 0xe7, 0xff, 0xe7, 0xf0, 0xe6, 0xff, 0xe7, 0xf0, 0xe6, 0xff, 0xe7, 0xf0, 0xe6, 0xff, 0xe7, 0xf0, 0xe6, 0xff, 0xe7, 0xf0, 0xe6, 0xff, 0xe7, 0xf0, 0xe6, 0xff, 0xe7, 0xf0, 0xe6, 0xff, 0xe7, 0xf0, 0xe6, 0xff, 0xe7, 0xf0, 0xe6, 0xff, 0xe7, 0xf0, 0xe6, 0xff, 0xe7, 0xf0, 0xe6, 0xff, 0xe7, 0xf0, 0xe6, 0xff, 0xe7, 0xf0, 0xe6, 0xff, 0xe7, 0xf0, 0xe6, 0xff, 0xe7, 0xf0, 0xe6, 0xff, 0xe7, 0xf0, 0xe6, 0xff, 0xe7, 0xf0, 0xe6, 0xff, 0xe7, 0xf0, 0xe6, 0xff, 0xe7, 0xf0, 0xe6, 0xff, 0xe7, 0xf0, 0xe6, 0xff, 0xe7, 0xf0, 0xe6, 0xff, 0xe7, 0xf0, 0xe6, 0xff, 0xe7, 0xf0, 0xe6, 0xff, 0xe7, 0xf0, 0xe6, 0xff, 0xe7, 0xf0, 0xe6, 0xff, 0xe7, 0xf0, 0xe6, 0xff, 0xe7, 0xf0, 0xe6, 0xff, 0xe7, 0xf0, 0xe6, 0xff, 0xe7, 0xf0, 0xe6, 0xff, 0xe7, 0xf0, 0xe6, 0xff, 0xe7, 0xf0, 0xe6, 0xff, 0xe7, 0xf0, 0xe6, 0xff, 0xe7, 0xf0, 0xe6, 0xff, 0xe7, 0xf0, 0xe6, 0xff, 0xe7, 0xf0, 0xe6, 0xff, 0xe7, 0xf0, 0xe6, 0xff, 0xe7, 0xf0, 0xe6, 0xff, 0xe7, 0xf0, 0xe6, 0xff, 0xe7, 0xf0, 0xe6, 0xff, 0xe7, 0xf0, 0xe6, 0xff, 0xe7, 0xf0, 0xe6, 0xff, 0xe7, 0xf0, 0xe6, 0xff, 0xe7, 0xf0, 0xe6, 0xff, 0xe7, 0xf0, 0xe6, 0xff, 0xe7, 0xf0, 0xe6, 0xff, 0xe7, 0xf0, 0xe6, 0xff, 0xe6, 0xf0, 0xe6, 0xff, 0xe5, 0xf0, 0xe4, 0xff, 0xe6, 0xf0, 0xe6, 0xff, 0xe7, 0xef, 0xe7, 0xff, 0xe6, 0xee, 0xe7, 0xff, 0xe7, 0xef, 0xe8, 0xff, 0xe6, 0xf1, 0xe8, 0xff, 0xe3, 0xf2, 0xe4, 0xff, 0xde, 0xf2, 0xde, 0xff, 0xd6, 0xf2, 0xd5, 0xff, 0xd1, 0xf4, 0xcf, 0xff, 0xca, 0xf7, 0xc9, 0xff, 0xc5, 0xf9, 0xc4, 0xff, 0xc3, 0xfc, 0xc2, 0xff, 0xc1, 0xfe, 0xc1, 0xff, 0xbf, 0xff, 0xc1, 0xff, 0xbe, 0xff, 0xc0, 0xff, 0xbe, 0xff, 0xc0, 0xff, 0xbe, 0xff, 0xc0, 0xff, 0xbe, 0xff, 0xc0, 0xff, 0xbe, 0xff, 0xc0, 0xff, 
  0xba, 0xfe, 0xc4, 0xff, 0xbb, 0xff, 0xc2, 0xff, 0xbb, 0xff, 0xc0, 0xff, 0xbc, 0xff, 0xbe, 0xff, 0xbe, 0xff, 0xbd, 0xff, 0xc1, 0xff, 0xbe, 0xff, 0xc4, 0xfe, 0xc0, 0xff, 0xc8, 0xfb, 0xc4, 0xff, 0xcb, 0xf6, 0xc9, 0xff, 0xce, 0xf2, 0xce, 0xff, 0xd4, 0xf0, 0xd6, 0xff, 0xdc, 0xf1, 0xde, 0xff, 0xe3, 0xf2, 0xe4, 0xff, 0xe7, 0xf1, 0xe7, 0xff, 0xe9, 0xef, 0xe7, 0xff, 0xe9, 0xef, 0xe7, 0xff, 0xe7, 0xf0, 0xe7, 0xff, 0xe7, 0xf0, 0xe6, 0xff, 0xe7, 0xf0, 0xe6, 0xff, 0xe7, 0xf0, 0xe6, 0xff, 0xe7, 0xf0, 0xe6, 0xff, 0xe7, 0xf0, 0xe6, 0xff, 0xe7, 0xf0, 0xe6, 0xff, 0xe7, 0xf0, 0xe6, 0xff, 0xe7, 0xf0, 0xe6, 0xff, 0xe7, 0xf0, 0xe6, 0xff, 0xe7, 0xf0, 0xe6, 0xff, 0xe7, 0xf0, 0xe6, 0xff, 0xe7, 0xf0, 0xe6, 0xff, 0xe7, 0xf0, 0xe6, 0xff, 0xe7, 0xf0, 0xe6, 0xff, 0xe7, 0xf0, 0xe6, 0xff, 0xe7, 0xf0, 0xe6, 0xff, 0xe7, 0xf0, 0xe6, 0xff, 0xe7, 0xf0, 0xe6, 0xff, 0xe7, 0xf0, 0xe6, 0xff, 0xe7, 0xf0, 0xe6, 0xff, 0xe7, 0xf0, 0xe6, 0xff, 0xe7, 0xf0, 0xe6, 0xff, 0xe7, 0xf0, 0xe6, 0xff, 0xe7, 0xf0, 0xe6, 0xff, 0xe7, 0xf0, 0xe6, 0xff, 0xe7, 0xf0, 0xe6, 0xff, 0xe7, 0xf0, 0xe6, 0xff, 0xe7, 0xf0, 0xe6, 0xff, 0xe7, 0xf0, 0xe6, 0xff, 0xe7, 0xf0, 0xe6, 0xff, 0xe7, 0xf0, 0xe6, 0xff, 0xe7, 0xf0, 0xe6, 0xff, 0xe7, 0xf0, 0xe6, 0xff, 0xe7, 0xf0, 0xe6, 0xff, 0xe7, 0xf0, 0xe6, 0xff, 0xe7, 0xf0, 0xe6, 0xff, 0xe7, 0xf0, 0xe6, 0xff, 0xe7, 0xf0, 0xe6, 0xff, 0xe7, 0xf0, 0xe6, 0xff, 0xe7, 0xf0, 0xe6, 0xff, 0xe7, 0xf0, 0xe6, 0xff, 0xe7, 0xf0, 0xe6, 0xff, 0xe7, 0xf0, 0xe6, 0xff, 0xe7, 0xf0, 0xe6, 0xff, 0xe7, 0xf0, 0xe6, 0xff, 0xe7, 0xf0, 0xe6, 0xff, 0xe6, 0xf0, 0xe6, 0xff, 0xe4, 0xf0, 0xe4, 0xff, 0xe5, 0xf1, 0xe6, 0xff, 0xe6, 0xf0, 0xe7, 0xff, 0xe5, 0xee, 0xe7, 0xff, 0xe6, 0xef, 0xe8, 0xff, 0xe7, 0xf0, 0xe9, 0xff, 0xe4, 0xf1, 0xe5, 0xff, 0xe0, 0xf1, 0xe0, 0xff, 0xdf, 0xf6, 0xdd, 0xff, 0xd9, 0xf7, 0xd7, 0xff, 0xd1, 0xf7, 0xcf, 0xff, 0xca, 0xf7, 0xc8, 0xff, 0xc6, 0xfa, 0xc5, 0xff, 0xc4, 0xfd, 0xc3, 0xff, 0xc2, 0xff, 0xc3, 0xff, 0xc0, 0xff, 0xc3, 0xff, 0xbf, 0xff, 0xc1, 0xff, 0xbe, 0xff, 0xc1, 0xff, 0xbe, 0xff, 0xc1, 0xff, 0xbe, 0xff, 0xc1, 0xff, 
  0xb8, 0xfc, 0xc2, 0xff, 0xba, 0xfd, 0xc2, 0xff, 0xbb, 0xfe, 0xc0, 0xff, 0xbe, 0xff, 0xc0, 0xff, 0xc1, 0xff, 0xbf, 0xff, 0xc4, 0xfe, 0xc1, 0xff, 0xc7, 0xfa, 0xc3, 0xff, 0xca, 0xf6, 0xc6, 0xff, 0xd2, 0xf7, 0xd0, 0xff, 0xd7, 0xf5, 0xd8, 0xff, 0xdc, 0xf3, 0xde, 0xff, 0xe1, 0xf2, 0xe3, 0xff, 0xe6, 0xf1, 0xe7, 0xff, 0xe8, 0xf0, 0xe8, 0xff, 0xe8, 0xef, 0xe7, 0xff, 0xe7, 0xee, 0xe6, 0xff, 0xe7, 0xf0, 0xe6, 0xff, 0xe7, 0xf0, 0xe6, 0xff, 0xe7, 0xf0, 0xe6, 0xff, 0xe7, 0xf0, 0xe6, 0xff, 0xe7, 0xf0, 0xe6, 0xff, 0xe7, 0xf0, 0xe6, 0xff, 0xe7, 0xf0, 0xe6, 0xff, 0xe7, 0xf0, 0xe6, 0xff, 0xe6, 0xef, 0xe5, 0xff, 0xe6, 0xef, 0xe5, 0xff, 0xe6, 0xef, 0xe5, 0xff, 0xe6, 0xef, 0xe5, 0xff, 0xe6, 0xef, 0xe5, 0xff, 0xe6, 0xef, 0xe5, 0xff, 0xe6, 0xef, 0xe5, 0xff, 0xe7, 0xf0, 0xe6, 0xff, 0xe5, 0xee, 0xe4, 0xff, 0xe6, 0xef, 0xe5, 0xff, 0xe6, 0xef, 0xe5, 0xff, 0xe7, 0xf0, 0xe6, 0xff, 0xe7, 0xf0, 0xe6, 0xff, 0xe7, 0xf0, 0xe6, 0xff, 0xe6, 0xef, 0xe5, 0xff, 0xe6, 0xef, 0xe5, 0xff, 0xe8, 0xf1, 0xe7, 0xff, 0xe7, 0xf0, 0xe6, 0xff, 0xe6, 0xef, 0xe5, 0xff, 0xe6, 0xef, 0xe5, 0xff, 0xe7, 0xf0, 0xe6, 0xff, 0xe7, 0xf0, 0xe6, 0xff, 0xe6, 0xef, 0xe5, 0xff, 0xe6, 0xef, 0xe5, 0xff, 0xe7, 0xf0, 0xe6, 0xff, 0xe7, 0xf0, 0xe6, 0xff, 0xe7, 0xf0, 0xe6, 0xff, 0xe7, 0xf0, 0xe6, 0xff, 0xe7, 0xf0, 0xe6, 0xff, 0xe7, 0xf0, 0xe6, 0xff, 0xe7, 0xf0, 0xe6, 0xff, 0xe7, 0xf0, 0xe6, 0xff, 0xe7, 0xf0, 0xe6, 0xff, 0xe7, 0xf0, 0xe6, 0xff, 0xe7, 0xf0, 0xe6, 0xff, 0xe7, 0xf0, 0xe6, 0xff, 0xe7, 0xf0, 0xe6, 0xff, 0xe7, 0xf0, 0xe6, 0xff, 0xe7, 0xf0, 0xe6, 0xff, 0xe6, 0xf0, 0xe6, 0xff, 0xe5, 0xf1, 0xe5, 0xff, 0xe5, 0xf1, 0xe5, 0xff, 0xe5, 0xf0, 0xe6, 0xff, 0xe6, 0xf0, 0xe7, 0xff, 0xe6, 0xef, 0xe8, 0xff, 0xe6, 0xef, 0xe7, 0xff, 0xe5, 0xf0, 0xe6, 0xff, 0xe3, 0xf2, 0xe4, 0xff, 0xe1, 0xf4, 0xe0, 0xff, 0xdd, 0xf6, 0xdb, 0xff, 0xd8, 0xf8, 0xd5, 0xff, 0xd2, 0xf9, 0xd0, 0xff, 0xcb, 0xf8, 0xca, 0xff, 0xc6, 0xf9, 0xc6, 0xff, 0xc2, 0xf9, 0xc4, 0xff, 0xbf, 0xfb, 0xc2, 0xff, 0xbe, 0xfc, 0xc0, 0xff, 0xbe, 0xfd, 0xc0, 0xff, 0xbf, 0xff, 0xc2, 0xff, 0xc0, 0xff, 0xc3, 0xff, 
  0xba, 0xfc, 0xc2, 0xff, 0xbc, 0xfd, 0xc3, 0xff, 0xbd, 0xfd, 0xc1, 0xff, 0xc0, 0xfd, 0xc1, 0xff, 0xc3, 0xfc, 0xc2, 0xff, 0xc7, 0xfa, 0xc4, 0xff, 0xcd, 0xf9, 0xca, 0xff, 0xd2, 0xf7, 0xcf, 0xff, 0xd9, 0xf7, 0xd7, 0xff, 0xdd, 0xf5, 0xdd, 0xff, 0xe0, 0xf2, 0xe1, 0xff, 0xe4, 0xf1, 0xe5, 0xff, 0xe6, 0xf0, 0xe7, 0xff, 0xe7, 0xef, 0xe7, 0xff, 0xe8, 0xef, 0xe7, 0xff, 0xe8, 0xf0, 0xe7, 0xff, 0xe7, 0xf0, 0xe6, 0xff, 0xe7, 0xf0, 0xe6, 0xff, 0xe7, 0xf0, 0xe6, 0xff, 0xe7, 0xf0, 0xe6, 0xff, 0xe7, 0xf0, 0xe6, 0xff, 0xe7, 0xf0, 0xe6, 0xff, 0xe7, 0xf0, 0xe6, 0xff, 0xe7, 0xf0, 0xe6, 0xff, 0xe6, 0xef, 0xe5, 0xff, 0xe6, 0xef, 0xe5, 0xff, 0xe7, 0xf0, 0xe6, 0xff, 0xe7, 0xf0, 0xe6, 0xff, 0xe7, 0xf0, 0xe6, 0xff, 0xe7, 0xf0, 0xe6, 0xff, 0xe7, 0xf0, 0xe6, 0xff, 0xe7, 0xf0, 0xe6, 0xff, 0xe6, 0xef, 0xe5, 0xff, 0xe6, 0xef, 0xe5, 0xff, 0xe7, 0xf0, 0xe6, 0xff, 0xe7, 0xf0, 0xe6, 0xff, 0xe7, 0xf0, 0xe6, 0xff, 0xe7, 0xf0, 0xe6, 0xff, 0xe7, 0xf0, 0xe6, 0xff, 0xe7, 0xf0, 0xe6, 0xff, 0xe7, 0xf0, 0xe6, 0xff, 0xe7, 0xf0, 0xe6, 0xff, 0xe6, 0xef, 0xe5, 0xff, 0xe6, 0xef, 0xe5, 0xff, 0xe7, 0xf0, 0xe6, 0xff, 0xe7, 0xf0, 0xe6, 0xff, 0xe6, 0xef, 0xe5, 0xff, 0xe6, 0xef, 0xe5, 0xff, 0xe7, 0xf0, 0xe6, 0xff, 0xe7, 0xf0, 0xe6, 0xff, 0xe7, 0xf0, 0xe6, 0xff, 0xe7, 0xf0, 0xe6, 0xff, 0xe7, 0xf0, 0xe6, 0xff, 0xe7, 0xf0, 0xe6, 0xff, 0xe7, 0xf0, 0xe6, 0xff, 0xe7, 0xf0, 0xe6, 0xff, 0xe7, 0xf0, 0xe6, 0xff, 0xe7, 0xf0, 0xe6, 0xff, 0xe7, 0xf0, 0xe6, 0xff, 0xe7, 0xf0, 0xe6, 0xff, 0xe7, 0xf0, 0xe6, 0xff, 0xe7, 0xf0, 0xe6, 0xff, 0xe7, 0xf0, 0xe6, 0xff, 0xe6, 0xf0, 0xe6, 0xff, 0xe6, 0xf1, 0xe5, 0xff, 0xe5, 0xf1, 0xe5, 0xff, 0xe5, 0xf0, 0xe6, 0xff, 0xe5, 0xf0, 0xe7, 0xff, 0xe6, 0xf0, 0xe7, 0xff, 0xe6, 0xf0, 0xe7, 0xff, 0xe5, 0xf0, 0xe7, 0xff, 0xe4, 0xf1, 0xe5, 0xff, 0xe2, 0xf2, 0xe1, 0xff, 0xe0, 0xf4, 0xde, 0xff, 0xdd, 0xf6, 0xda, 0xff, 0xd8, 0xf8, 0xd6, 0xff, 0xd2, 0xf8, 0xd1, 0xff, 0xcc, 0xf8, 0xcd, 0xff, 0xc7, 0xf9, 0xca, 0xff, 0xc3, 0xfa, 0xc6, 0xff, 0xc1, 0xfc, 0xc3, 0xff, 0xbf, 0xfd, 0xc1, 0xff, 0xbf, 0xfe, 0xc2, 0xff, 0xbf, 0xfe, 0xc2, 0xff, 
  0xbd, 0xfc, 0xc3, 0xff, 0xbf, 0xfd, 0xc4, 0xff, 0xc1, 0xfd, 0xc4, 0xff, 0xc3, 0xfa, 0xc5, 0xff, 0xc7, 0xf8, 0xc8, 0xff, 0xcd, 0xf8, 0xcd, 0xff, 0xd5, 0xf8, 0xd3, 0xff, 0xdc, 0xf8, 0xda, 0xff, 0xe0, 0xf7, 0xdf, 0xff, 0xe3, 0xf4, 0xe2, 0xff, 0xe4, 0xf1, 0xe4, 0xff, 0xe6, 0xf0, 0xe6, 0xff, 0xe6, 0xef, 0xe7, 0xff, 0xe7, 0xef, 0xe8, 0xff, 0xe7, 0xef, 0xe7, 0xff, 0xe7, 0xef, 0xe7, 0xff, 0xe7, 0xf0, 0xe7, 0xff, 0xe7, 0xf0, 0xe6, 0xff, 0xe7, 0xf0, 0xe6, 0xff, 0xe7, 0xf0, 0xe6, 0xff, 0xe7, 0xf0, 0xe6, 0xff, 0xe7, 0xf0, 0xe6, 0xff, 0xe7, 0xf0, 0xe6, 0xff, 0xe7, 0xf0, 0xe6, 0xff, 0xe7, 0xf0, 0xe6, 0xff, 0xe7, 0xf0, 0xe6, 0xff, 0xe7, 0xf0, 0xe6, 0xff, 0xe7, 0xf0, 0xe6, 0xff, 0xe7, 0xf0, 0xe6, 0xff, 0xe7, 0xf0, 0xe6, 0xff, 0xe7, 0xf0, 0xe6, 0xff, 0xe8, 0xf1, 0xe7, 0xff, 0xe7, 0xf0, 0xe6, 0xff, 0xe7, 0xf0, 0xe6, 0xff, 0xe7, 0xf0, 0xe6, 0xff, 0xe8, 0xf1, 0xe7, 0xff, 0xe8, 0xf1, 0xe7, 0xff, 0xe8, 0xf1, 0xe7, 0xff, 0xe7, 0xf0, 0xe6, 0xff, 0xe7, 0xf0, 0xe6, 0xff, 0xe7, 0xf0, 0xe6, 0xff, 0xe7, 0xf0, 0xe6, 0xff, 0xe6, 0xef, 0xe5, 0xff, 0xe6, 0xef, 0xe5, 0xff, 0xe7, 0xf0, 0xe6, 0xff, 0xe7, 0xf0, 0xe6, 0xff, 0xe7, 0xf0, 0xe6, 0xff, 0xe6, 0xef, 0xe5, 0xff, 0xe7, 0xf0, 0xe6, 0xff, 0xe7, 0xf0, 0xe6, 0xff, 0xe7, 0xf0, 0xe6, 0xff, 0xe7, 0xf0, 0xe6, 0xff, 0xe7, 0xf0, 0xe6, 0xff, 0xe7, 0xf0, 0xe6, 0xff, 0xe7, 0xf0, 0xe6, 0xff, 0xe7, 0xf0, 0xe6, 0xff, 0xe7, 0xf0, 0xe6, 0xff, 0xe7, 0xf0, 0xe6, 0xff, 0xe7, 0xf0, 0xe6, 0xff, 0xe7, 0xf0, 0xe6, 0xff, 0xe7, 0xf0, 0xe6, 0xff, 0xe7, 0xf0, 0xe6, 0xff, 0xe7, 0xf0, 0xe6, 0xff, 0xe6, 0xf0, 0xe6, 0xff, 0xe6, 0xf0, 0xe5, 0xff, 0xe6, 0xf1, 0xe5, 0xff, 0xe5, 0xf0, 0xe6, 0xff, 0xe5, 0xf0, 0xe6, 0xff, 0xe5, 0xf0, 0xe7, 0xff, 0xe5, 0xf0, 0xe7, 0xff, 0xe5, 0xf0, 0xe6, 0xff, 0xe5, 0xf1, 0xe5, 0xff, 0xe4, 0xf1, 0xe2, 0xff, 0xe4, 0xf3, 0xe1, 0xff, 0xe2, 0xf5, 0xdf, 0xff, 0xe0, 0xf8, 0xdd, 0xff, 0xda, 0xf9, 0xda, 0xff, 0xd4, 0xf9, 0xd6, 0xff, 0xce, 0xf7, 0xd1, 0xff, 0xc9, 0xf9, 0xcc, 0xff, 0xc4, 0xfb, 0xc6, 0xff, 0xc2, 0xfd, 0xc4, 0xff, 0xc1, 0xfd, 0xc3, 0xff, 0xc1, 0xfd, 0xc3, 0xff, 
  0xc2, 0xfe, 0xc4, 0xff, 0xc2, 0xfd, 0xc4, 0xff, 0xc4, 0xfb, 0xc6, 0xff, 0xc8, 0xf8, 0xca, 0xff, 0xce, 0xf7, 0xd0, 0xff, 0xd6, 0xf7, 0xd7, 0xff, 0xdd, 0xf8, 0xde, 0xff, 0xe2, 0xf6, 0xe2, 0xff, 0xe4, 0xf4, 0xe3, 0xff, 0xe6, 0xf2, 0xe5, 0xff, 0xe7, 0xf0, 0xe6, 0xff, 0xe7, 0xf0, 0xe7, 0xff, 0xe7, 0xef, 0xe7, 0xff, 0xe7, 0xef, 0xe7, 0xff, 0xe7, 0xef, 0xe8, 0xff, 0xe7, 0xef, 0xe7, 0xff, 0xe7, 0xf0, 0xe7, 0xff, 0xe7, 0xf0, 0xe6, 0xff, 0xe7, 0xf0, 0xe6, 0xff, 0xe7, 0xf0, 0xe6, 0xff, 0xe7, 0xf0, 0xe6, 0xff, 0xe7, 0xf0, 0xe6, 0xff, 0xe7, 0xf0, 0xe6, 0xff, 0xe7, 0xf0, 0xe6, 0xff, 0xe7, 0xf0, 0xe6, 0xff, 0xe7, 0xf0, 0xe6, 0xff, 0xe7, 0xf0, 0xe6, 0xff, 0xe7, 0xf0, 0xe6, 0xff, 0xe7, 0xf0, 0xe6, 0xff, 0xe7, 0xf0, 0xe6, 0xff, 0xe7, 0xf0, 0xe6, 0xff, 0xe7, 0xf0, 0xe6, 0xff, 0xe7, 0xf0, 0xe6, 0xff, 0xe7, 0xf0, 0xe6, 0xff, 0xe7, 0xf0, 0xe6, 0xff, 0xe7, 0xf0, 0xe6, 0xff, 0xe7, 0xf0, 0xe6, 0xff, 0xe7, 0xf0, 0xe6, 0xff, 0xe7, 0xf0, 0xe6, 0xff, 0xe7, 0xf0, 0xe6, 0xff, 0xe7, 0xf0, 0xe6, 0xff, 0xe7, 0xf0, 0xe6, 0xff, 0xe6, 0xef, 0xe5, 0xff, 0xe6, 0xef, 0xe5, 0xff, 0xe7, 0xf0, 0xe6, 0xff, 0xe7, 0xf0, 0xe6, 0xff, 0xe7, 0xf0, 0xe6, 0xff, 0xe6, 0xef, 0xe5, 0xff, 0xe7, 0xf0, 0xe6, 0xff, 0xe7, 0xf0, 0xe6, 0xff, 0xe7, 0xf0, 0xe6, 0xff, 0xe7, 0xf0, 0xe6, 0xff, 0xe7, 0xf0, 0xe6, 0xff, 0xe7, 0xf0, 0xe6, 0xff, 0xe7, 0xf0, 0xe6, 0xff, 0xe7, 0xf0, 0xe6, 0xff, 0xe7, 0xf0, 0xe6, 0xff, 0xe7, 0xf0, 0xe6, 0xff, 0xe7, 0xf0, 0xe6, 0xff, 0xe7, 0xf0, 0xe6, 0xff, 0xe7, 0xf0, 0xe6, 0xff, 0xe7, 0xf0, 0xe6, 0xff, 0xe7, 0xf0, 0xe6, 0xff, 0xe7, 0xf0, 0xe6, 0xff, 0xe7, 0xf0, 0xe6, 0xff, 0xe7, 0xf0, 0xe5, 0xff, 0xe6, 0xf0, 0xe6, 0xff, 0xe5, 0xf0, 0xe6, 0xff, 0xe5, 0xf0, 0xe6, 0xff, 0xe4, 0xf0, 0xe6, 0xff, 0xe5, 0xf0, 0xe6, 0xff, 0xe5, 0xf0, 0xe6, 0xff, 0xe5, 0xf0, 0xe4, 0xff, 0xe6, 0xf1, 0xe3, 0xff, 0xe5, 0xf2, 0xe2, 0xff, 0xe3, 0xf5, 0xe1, 0xff, 0xdf, 0xf7, 0xdf, 0xff, 0xdb, 0xf7, 0xdc, 0xff, 0xd5, 0xf7, 0xd9, 0xff, 0xcf, 0xf8, 0xd2, 0xff, 0xc8, 0xfa, 0xca, 0xff, 0xc5, 0xfd, 0xc6, 0xff, 0xc3, 0xfc, 0xc4, 0xff, 0xc1, 0xfc, 0xc3, 0xff, 
  0xc5, 0xff, 0xc2, 0xff, 0xc4, 0xfb, 0xc2, 0xff, 0xc7, 0xf8, 0xc7, 0xff, 0xce, 0xf8, 0xd0, 0xff, 0xd7, 0xf7, 0xda, 0xff, 0xdd, 0xf6, 0xe1, 0xff, 0xe1, 0xf3, 0xe5, 0xff, 0xe4, 0xf1, 0xe6, 0xff, 0xe6, 0xef, 0xe5, 0xff, 0xe8, 0xee, 0xe5, 0xff, 0xe9, 0xef, 0xe6, 0xff, 0xe9, 0xef, 0xe6, 0xff, 0xe8, 0xef, 0xe7, 0xff, 0xe8, 0xef, 0xe7, 0xff, 0xe7, 0xef, 0xe7, 0xff, 0xe7, 0xef, 0xe7, 0xff, 0xe6, 0xef, 0xe6, 0xff, 0xe6, 0xef, 0xe5, 0xff, 0xe6, 0xef, 0xe5, 0xff, 0xe6, 0xef, 0xe5, 0xff, 0xe6, 0xef, 0xe5, 0xff, 0xe6, 0xef, 0xe5, 0xff, 0xe6, 0xef, 0xe5, 0xff, 0xe6, 0xef, 0xe5, 0xff, 0xe6, 0xef, 0xe5, 0xff, 0xe6, 0xef, 0xe5, 0xff, 0xe6, 0xef, 0xe5, 0xff, 0xe6, 0xef, 0xe5, 0xff, 0xe6, 0xef, 0xe5, 0xff, 0xe7, 0xf0, 0xe6, 0xff, 0xe7, 0xf0, 0xe6, 0xff, 0xe7, 0xf0, 0xe6, 0xff, 0xe7, 0xf0, 0xe6, 0xff, 0xe7, 0xf0, 0xe6, 0xff, 0xe7, 0xf0, 0xe6, 0xff, 0xe7, 0xf0, 0xe6, 0xff, 0xe7, 0xf0, 0xe6, 0xff, 0xe7, 0xf0, 0xe6, 0xff, 0xe7, 0xf0, 0xe6, 0xff, 0xe7, 0xf0, 0xe6, 0xff, 0xe7, 0xf0, 0xe6, 0xff, 0xe6, 0xef, 0xe5, 0xff, 0xe6, 0xef, 0xe5, 0xff, 0xe6, 0xef, 0xe5, 0xff, 0xe7, 0xf0, 0xe6, 0xff, 0xe7, 0xf0, 0xe6, 0xff, 0xe7, 0xf0, 0xe6, 0xff, 0xe6, 0xef, 0xe5, 0xff, 0xe7, 0xf0, 0xe6, 0xff, 0xe7, 0xf0, 0xe6, 0xff, 0xe7, 0xf0, 0xe6, 0xff, 0xe7, 0xf0, 0xe6, 0xff, 0xe7, 0xf0, 0xe6, 0xff, 0xe7, 0xf0, 0xe6, 0xff, 0xe7, 0xf0, 0xe6, 0xff, 0xe7, 0xf0, 0xe6, 0xff, 0xe7, 0xf0, 0xe6, 0xff, 0xe7, 0xf0, 0xe6, 0xff, 0xe7, 0xf0, 0xe6, 0xff, 0xe7, 0xf0, 0xe6, 0xff, 0xe7, 0xf0, 0xe6, 0xff, 0xe7, 0xf0, 0xe6, 0xff, 0xe7, 0xf0, 0xe6, 0xff, 0xe7, 0xf0, 0xe6, 0xff, 0xe8, 0xef, 0xe5, 0xff, 0xe7, 0xef, 0xe5, 0xff, 0xe6, 0xef, 0xe4, 0xff, 0xe4, 0xf0, 0xe4, 0xff, 0xe3, 0xf0, 0xe4, 0xff, 0xe3, 0xf0, 0xe4, 0xff, 0xe3, 0xef, 0xe5, 0xff, 0xe5, 0xef, 0xe5, 0xff, 0xe7, 0xf0, 0xe6, 0xff, 0xe8, 0xf0, 0xe5, 0xff, 0xe6, 0xef, 0xe4, 0xff, 0xe5, 0xf1, 0xe4, 0xff, 0xe2, 0xf3, 0xe2, 0xff, 0xdf, 0xf4, 0xe1, 0xff, 0xdc, 0xf4, 0xdf, 0xff, 0xd6, 0xf7, 0xd9, 0xff, 0xcb, 0xf9, 0xcd, 0xff, 0xc5, 0xfb, 0xc6, 0xff, 0xc4, 0xfb, 0xc4, 0xff, 0xc2, 0xfa, 0xc2, 0xff, 
  0xc5, 0xfd, 0xbf, 0xff, 0xc6, 0xfa, 0xc1, 0xff, 0xca, 0xf7, 0xc9, 0xff, 0xd2, 0xf6, 0xd4, 0xff, 0xdb, 0xf5, 0xe0, 0xff, 0xe0, 0xf2, 0xe7, 0xff, 0xe4, 0xef, 0xe9, 0xff, 0xe5, 0xeb, 0xe9, 0xff, 0xe8, 0xec, 0xe7, 0xff, 0xea, 0xed, 0xe7, 0xff, 0xea, 0xee, 0xe6, 0xff, 0xea, 0xef, 0xe6, 0xff, 0xea, 0xf1, 0xe7, 0xff, 0xe9, 0xf1, 0xe7, 0xff, 0xe8, 0xf0, 0xe9, 0xff, 0xe6, 0xef, 0xe8, 0xff, 0xe5, 0xef, 0xe6, 0xff, 0xe6, 0xef, 0xe5, 0xff, 0xe6, 0xef, 0xe5, 0xff, 0xe6, 0xef, 0xe5, 0xff, 0xe6, 0xef, 0xe5, 0xff, 0xe6, 0xef, 0xe5, 0xff, 0xe6, 0xef, 0xe5, 0xff, 0xe6, 0xef, 0xe5, 0xff, 0xe6, 0xef, 0xe5, 0xff, 0xe6, 0xef, 0xe5, 0xff, 0xe6, 0xef, 0xe5, 0xff, 0xe6, 0xef, 0xe5, 0xff, 0xe6, 0xef, 0xe5, 0xff, 0xe6, 0xef, 0xe5, 0xff, 0xe6, 0xef, 0xe5, 0xff, 0xe6, 0xef, 0xe5, 0xff, 0xe7, 0xf0, 0xe6, 0xff, 0xe7, 0xf0, 0xe6, 0xff, 0xe7, 0xf0, 0xe6, 0xff, 0xe6, 0xef, 0xe5, 0xff, 0xe6, 0xef, 0xe5, 0xff, 0xe6, 0xef, 0xe5, 0xff, 0xe7, 0xf0, 0xe6, 0xff, 0xe7, 0xf0, 0xe6, 0xff, 0xe7, 0xf0, 0xe6, 0xff, 0xe6, 0xef, 0xe5, 0xff, 0xe6, 0xef, 0xe5, 0xff, 0xe6, 0xef, 0xe5, 0xff, 0xe7, 0xf0, 0xe6, 0xff, 0xe7, 0xf0, 0xe6, 0xff, 0xe7, 0xf0, 0xe6, 0xff, 0xe6, 0xef, 0xe5, 0xff, 0xe7, 0xf0, 0xe6, 0xff, 0xe7, 0xf0, 0xe6, 0xff, 0xe7, 0xf0, 0xe6, 0xff, 0xe7, 0xf0, 0xe6, 0xff, 0xe7, 0xf0, 0xe6, 0xff, 0xe7, 0xf0, 0xe6, 0xff, 0xe7, 0xf0, 0xe6, 0xff, 0xe7, 0xf0, 0xe6, 0xff, 0xe7, 0xf0, 0xe6, 0xff, 0xe7, 0xf0, 0xe6, 0xff, 0xe7, 0xf0, 0xe6, 0xff, 0xe7, 0xf0, 0xe6, 0xff, 0xe7, 0xf0, 0xe6, 0xff, 0xe8, 0xf1, 0xe7, 0xff, 0xe8, 0xf1, 0xe7, 0xff, 0xe9, 0xf1, 0xe7, 0xff, 0xe9, 0xee, 0xe6, 0xff, 0xe9, 0xee, 0xe5, 0xff, 0xe7, 0xef, 0xe4, 0xff, 0xe5, 0xf0, 0xe4, 0xff, 0xe3, 0xf0, 0xe4, 0xff, 0xe2, 0xf0, 0xe4, 0xff, 0xe3, 0xf0, 0xe5, 0xff, 0xe4, 0xef, 0xe5, 0xff, 0xe9, 0xf1, 0xe7, 0xff, 0xe8, 0xee, 0xe6, 0xff, 0xe7, 0xed, 0xe5, 0xff, 0xe6, 0xed, 0xe5, 0xff, 0xe6, 0xf0, 0xe6, 0xff, 0xe4, 0xf2, 0xe6, 0xff, 0xe0, 0xf2, 0xe4, 0xff, 0xdb, 0xf6, 0xde, 0xff, 0xce, 0xf8, 0xcf, 0xff, 0xc7, 0xfa, 0xc7, 0xff, 0xc4, 0xf9, 0xc4, 0xff, 0xc2, 0xf8, 0xc2, 0xff, 
  0xc7, 0xfc, 0xbd, 0xff, 0xca, 0xfb, 0xc3, 0xff, 0xd0, 0xfa, 0xce, 0xff, 0xd7, 0xf8, 0xda, 0xff, 0xdd, 0xf3, 0xe4, 0xff, 0xe2, 0xef, 0xea, 0xff, 0xe6, 0xeb, 0xed, 0xff, 0xe9, 0xea, 0xed, 0xff, 0xec, 0xec, 0xec, 0xff, 0xec, 0xed, 0xe9, 0xff, 0xec, 0xef, 0xe7, 0xff, 0xeb, 0xf0, 0xe5, 0xff, 0xe9, 0xf0, 0xe5, 0xff, 0xe9, 0xf1, 0xe7, 0xff, 0xe8, 0xf1, 0xea, 0xff, 0xe8, 0xf1, 0xea, 0xff, 0xe5, 0xef, 0xe6, 0xff, 0xe6, 0xef, 0xe5, 0xff, 0xe6, 0xef, 0xe5, 0xff, 0xe6, 0xef, 0xe5, 0xff, 0xe6, 0xef, 0xe5, 0xff, 0xe6, 0xef, 0xe5, 0xff, 0xe6, 0xef, 0xe5, 0xff, 0xe6, 0xef, 0xe5, 0xff, 0xe6, 0xef, 0xe5, 0xff, 0xe6, 0xef, 0xe5, 0xff, 0xe6, 0xef, 0xe5, 0xff, 0xe6, 0xef, 0xe5, 0xff, 0xe7, 0xf0, 0xe6, 0xff, 0xe7, 0xf0, 0xe6, 0xff, 0xe7, 0xf0, 0xe6, 0xff, 0xe7, 0xf0, 0xe6, 0xff, 0xe8, 0xf1, 0xe7, 0xff, 0xe8, 0xf1, 0xe7, 0xff, 0xe7, 0xf0, 0xe6, 0xff, 0xe7, 0xf0, 0xe6, 0xff, 0xe7, 0xf0, 0xe6, 0xff, 0xe7, 0xf0, 0xe6, 0xff, 0xe7, 0xf0, 0xe6, 0xff, 0xe7, 0xf0, 0xe6, 0xff, 0xe7, 0xf0, 0xe6, 0xff, 0xe6, 0xef, 0xe5, 0xff, 0xe6, 0xef, 0xe5, 0xff, 0xe6, 0xef, 0xe5, 0xff, 0xe7, 0xf0, 0xe6, 0xff, 0xe7, 0xf0, 0xe6, 0xff, 0xe7, 0xf0, 0xe6, 0xff, 0xe7, 0xf0, 0xe6, 0xff, 0xe7, 0xf0, 0xe6, 0xff, 0xe7, 0xf0, 0xe6, 0xff, 0xe7, 0xf0, 0xe6, 0xff, 0xe7, 0xf0, 0xe6, 0xff, 0xe7, 0xf0, 0xe6, 0xff, 0xe7, 0xf0, 0xe6, 0xff, 0xe7, 0xf0, 0xe6, 0xff, 0xe7, 0xf0, 0xe6, 0xff, 0xe7, 0xf0, 0xe6, 0xff, 0xe7, 0xf0, 0xe6, 0xff, 0xe7, 0xf0, 0xe6, 0xff, 0xe7, 0xf0, 0xe6, 0xff, 0xe7, 0xf0, 0xe6, 0xff, 0xe8, 0xf1, 0xe7, 0xff, 0xe8, 0xf1, 0xe7, 0xff, 0xe9, 0xf0, 0xe8, 0xff, 0xea, 0xee, 0xe6, 0xff, 0xea, 0xee, 0xe6, 0xff, 0xe7, 0xef, 0xe4, 0xff, 0xe4, 0xf0, 0xe4, 0xff, 0xe2, 0xf1, 0xe3, 0xff, 0xe1, 0xf1, 0xe3, 0xff, 0xe2, 0xf0, 0xe4, 0xff, 0xe4, 0xef, 0xe5, 0xff, 0xe9, 0xf0, 0xe8, 0xff, 0xe9, 0xed, 0xe7, 0xff, 0xe9, 0xec, 0xe7, 0xff, 0xe8, 0xec, 0xe7, 0xff, 0xe8, 0xef, 0xe8, 0xff, 0xe7, 0xf0, 0xe8, 0xff, 0xe4, 0xf1, 0xe8, 0xff, 0xdd, 0xf5, 0xe1, 0xff, 0xd3, 0xfa, 0xd3, 0xff, 0xcb, 0xfb, 0xca, 0xff, 0xc6, 0xf9, 0xc5, 0xff, 0xc4, 0xf9, 0xc4, 0xff, 
  0xca, 0xf9, 0xc2, 0xff, 0xd0, 0xfc, 0xca, 0xff, 0xd7, 0xfc, 0xd5, 0xff, 0xdd, 0xf9, 0xdf, 0xff, 0xe0, 0xf2, 0xe5, 0xff, 0xe3, 0xed, 0xea, 0xff, 0xe8, 0xec, 0xee, 0xff, 0xed, 0xed, 0xf0, 0xff, 0xee, 0xee, 0xee, 0xff, 0xed, 0xee, 0xeb, 0xff, 0xeb, 0xef, 0xe7, 0xff, 0xea, 0xf0, 0xe6, 0xff, 0xe9, 0xf0, 0xe6, 0xff, 0xe8, 0xf1, 0xe7, 0xff, 0xe8, 0xf1, 0xea, 0xff, 0xe9, 0xf2, 0xeb, 0xff, 0xe6, 0xef, 0xe7, 0xff, 0xe7, 0xf0, 0xe7, 0xff, 0xe7, 0xf0, 0xe7, 0xff, 0xe7, 0xf0, 0xe7, 0xff, 0xe7, 0xf0, 0xe7, 0xff, 0xe7, 0xf0, 0xe7, 0xff, 0xe7, 0xf0, 0xe7, 0xff, 0xe7, 0xf0, 0xe7, 0xff, 0xe7, 0xf0, 0xe7, 0xff, 0xe7, 0xf0, 0xe7, 0xff, 0xe7, 0xf0, 0xe7, 0xff, 0xe7, 0xf0, 0xe7, 0xff, 0xe7, 0xf0, 0xe7, 0xff, 0xe7, 0xf0, 0xe7, 0xff, 0xe7, 0xf0, 0xe7, 0xff, 0xe7, 0xf0, 0xe7, 0xff, 0xe9, 0xf2, 0xe9, 0xff, 0xe8, 0xf1, 0xe8, 0xff, 0xe8, 0xf1, 0xe8, 0xff, 0xe7, 0xf0, 0xe7, 0xff, 0xe7, 0xf0, 0xe7, 0xff, 0xe7, 0xf0, 0xe7, 0xff, 0xe8, 0xf1, 0xe8, 0xff, 0xe8, 0xf1, 0xe8, 0xff, 0xe7, 0xf0, 0xe7, 0xff, 0xe6, 0xef, 0xe6, 0xff, 0xe6, 0xef, 0xe6, 0xff, 0xe6, 0xef, 0xe6, 0xff, 0xe7, 0xf0, 0xe7, 0xff, 0xe7, 0xf0, 0xe7, 0xff, 0xe7, 0xf0, 0xe7, 0xff, 0xe7, 0xf0, 0xe7, 0xff, 0xe7, 0xf0, 0xe7, 0xff, 0xe7, 0xf0, 0xe7, 0xff, 0xe7, 0xf0, 0xe7, 0xff, 0xe7, 0xf0, 0xe7, 0xff, 0xe7, 0xf0, 0xe7, 0xff, 0xe7, 0xf0, 0xe7, 0xff, 0xe7, 0xf0, 0xe7, 0xff, 0xe7, 0xf0, 0xe7, 0xff, 0xe7, 0xf0, 0xe7, 0xff, 0xe7, 0xf0, 0xe7, 0xff, 0xe7, 0xf0, 0xe7, 0xff, 0xe7, 0xf0, 0xe7, 0xff, 0xe8, 0xf1, 0xe8, 0xff, 0xe8, 0xf1, 0xe8, 0xff, 0xe8, 0xf1, 0xe8, 0xff, 0xe9, 0xf0, 0xe8, 0xff, 0xeb, 0xef, 0xe7, 0xff, 0xeb, 0xef, 0xe7, 0xff, 0xe8, 0xf0, 0xe6, 0xff, 0xe6, 0xf1, 0xe5, 0xff, 0xe4, 0xf1, 0xe5, 0xff, 0xe3, 0xf1, 0xe5, 0xff, 0xe4, 0xf1, 0xe5, 0xff, 0xe5, 0xf0, 0xe6, 0xff, 0xe9, 0xf0, 0xe8, 0xff, 0xea, 0xee, 0xe8, 0xff, 0xe9, 0xeb, 0xe7, 0xff, 0xe9, 0xec, 0xe9, 0xff, 0xea, 0xef, 0xea, 0xff, 0xe9, 0xf0, 0xeb, 0xff, 0xe6, 0xf0, 0xe9, 0xff, 0xdf, 0xf2, 0xe2, 0xff, 0xda, 0xfb, 0xdb, 0xff, 0xd1, 0xfc, 0xd1, 0xff, 0xcb, 0xfa, 0xca, 0xff, 0xc9, 0xf9, 0xc7, 0xff, 
  0xcd, 0xf5, 0xcc, 0xff, 0xd3, 0xf7, 0xd2, 0xff, 0xda, 0xf8, 0xda, 0xff, 0xde, 0xf5, 0xdf, 0xff, 0xe2, 0xf1, 0xe3, 0xff, 0xe5, 0xee, 0xe7, 0xff, 0xe8, 0xec, 0xe9, 0xff, 0xe8, 0xeb, 0xe9, 0xff, 0xe9, 0xed, 0xe8, 0xff, 0xe8, 0xed, 0xe7, 0xff, 0xe7, 0xee, 0xe6, 0xff, 0xe7, 0xee, 0xe6, 0xff, 0xe8, 0xf0, 0xe8, 0xff, 0xe8, 0xf0, 0xe8, 0xff, 0xe8, 0xf0, 0xe9, 0xff, 0xe8, 0xf0, 0xe9, 0xff, 0xe7, 0xef, 0xe8, 0xff, 0xe7, 0xef, 0xe7, 0xff, 0xe7, 0xef, 0xe7, 0xff, 0xe7, 0xef, 0xe7, 0xff, 0xe7, 0xef, 0xe7, 0xff, 0xe7, 0xef, 0xe7, 0xff, 0xe7, 0xef, 0xe7, 0xff, 0xe7, 0xef, 0xe7, 0xff, 0xe8, 0xf0, 0xe8, 0xff, 0xe8, 0xf0, 0xe8, 0xff, 0xe8, 0xf0, 0xe8, 0xff, 0xe8, 0xf0, 0xe8, 0xff, 0xe8, 0xf0, 0xe8, 0xff, 0xe8, 0xf0, 0xe8, 0xff, 0xe8, 0xf0, 0xe8, 0xff, 0xe8, 0xf0, 0xe8, 0xff, 0xe7, 0xef, 0xe7, 0xff, 0xe7, 0xef, 0xe7, 0xff, 0xe6, 0xee, 0xe6, 0xff, 0xe6, 0xee, 0xe6, 0xff, 0xe6, 0xee, 0xe6, 0xff, 0xe7, 0xef, 0xe7, 0xff, 0xe8, 0xf0, 0xe8, 0xff, 0xe8, 0xf0, 0xe8, 0xff, 0xe8, 0xf0, 0xe8, 0xff, 0xe8, 0xf0, 0xe8, 0xff, 0xe8, 0xf0, 0xe8, 0xff, 0xe8, 0xf0, 0xe8, 0xff, 0xe7, 0xef, 0xe7, 0xff, 0xe7, 0xef, 0xe7, 0xff, 0xe7, 0xef, 0xe7, 0xff, 0xe7, 0xef, 0xe7, 0xff, 0xe7, 0xef, 0xe7, 0xff, 0xe7, 0xef, 0xe7, 0xff, 0xe7, 0xef, 0xe7, 0xff, 0xe7, 0xef, 0xe7, 0xff, 0xe7, 0xef, 0xe7, 0xff, 0xe7, 0xef, 0xe7, 0xff, 0xe7, 0xef, 0xe7, 0xff, 0xe7, 0xef, 0xe7, 0xff, 0xe6, 0xee, 0xe6, 0xff, 0xe5, 0xed, 0xe5, 0xff, 0xe5, 0xed, 0xe5, 0xff, 0xe6, 0xee, 0xe6, 0xff, 0xe7, 0xef, 0xe7, 0xff, 0xe8, 0xf0, 0xe8, 0xff, 0xe8, 0xf0, 0xe8, 0xff, 0xe7, 0xef, 0xe7, 0xff, 0xe8, 0xef, 0xe7, 0xff, 0xe8, 0xef, 0xe6, 0xff, 0xe7, 0xf0, 0xe6, 0xff, 0xe6, 0xf0, 0xe6, 0xff, 0xe6, 0xf0, 0xe6, 0xff, 0xe5, 0xf0, 0xe7, 0xff, 0xe6, 0xf0, 0xe7, 0xff, 0xe6, 0xef, 0xe7, 0xff, 0xe9, 0xf0, 0xe9, 0xff, 0xea, 0xf0, 0xe9, 0xff, 0xea, 0xef, 0xe9, 0xff, 0xea, 0xef, 0xea, 0xff, 0xea, 0xef, 0xea, 0xff, 0xe9, 0xef, 0xea, 0xff, 0xe8, 0xef, 0xea, 0xff, 0xe4, 0xf2, 0xe7, 0xff, 0xdf, 0xf8, 0xe3, 0xff, 0xd6, 0xf8, 0xd9, 0xff, 0xd2, 0xfb, 0xd2, 0xff, 0xca, 0xf5, 0xc8, 0xff, 
  0xd1, 0xf2, 0xd2, 0xff, 0xd7, 0xf5, 0xd8, 0xff, 0xdd, 0xf6, 0xdd, 0xff, 0xe1, 0xf4, 0xe0, 0xff, 0xe4, 0xf1, 0xe3, 0xff, 0xe7, 0xf0, 0xe6, 0xff, 0xe9, 0xef, 0xe8, 0xff, 0xe8, 0xed, 0xe7, 0xff, 0xe7, 0xee, 0xe7, 0xff, 0xe7, 0xee, 0xe6, 0xff, 0xe5, 0xed, 0xe5, 0xff, 0xe6, 0xee, 0xe6, 0xff, 0xe7, 0xef, 0xe8, 0xff, 0xe7, 0xef, 0xe8, 0xff, 0xe8, 0xef, 0xe8, 0xff, 0xe7, 0xee, 0xe7, 0xff, 0xe7, 0xef, 0xe8, 0xff, 0xe7, 0xef, 0xe8, 0xff, 0xe7, 0xef, 0xe8, 0xff, 0xe7, 0xef, 0xe8, 0xff, 0xe7, 0xef, 0xe8, 0xff, 0xe7, 0xef, 0xe8, 0xff, 0xe7, 0xef, 0xe8, 0xff, 0xe7, 0xef, 0xe8, 0xff, 0xe8, 0xf0, 0xe9, 0xff, 0xe8, 0xf0, 0xe9, 0xff, 0xe8, 0xf0, 0xe9, 0xff, 0xe8, 0xf0, 0xe9, 0xff, 0xe8, 0xf0, 0xe9, 0xff, 0xe8, 0xf0, 0xe9, 0xff, 0xe8, 0xf0, 0xe9, 0xff, 0xe8, 0xf0, 0xe9, 0xff, 0xe7, 0xef, 0xe8, 0xff, 0xe7, 0xef, 0xe8, 0xff, 0xe7, 0xef, 0xe8, 0xff, 0xe7, 0xef, 0xe8, 0xff, 0xe7, 0xef, 0xe8, 0xff, 0xe7, 0xef, 0xe8, 0xff, 0xe8, 0xf0, 0xe9, 0xff, 0xe8, 0xf0, 0xe9, 0xff, 0xe8, 0xf0, 0xe9, 0xff, 0xe8, 0xf0, 0xe9, 0xff, 0xe8, 0xf0, 0xe9, 0xff, 0xe7, 0xef, 0xe8, 0xff, 0xe7, 0xef, 0xe8, 0xff, 0xe7, 0xef, 0xe8, 0xff, 0xe7, 0xef, 0xe8, 0xff, 0xe7, 0xef, 0xe8, 0xff, 0xe7, 0xef, 0xe8, 0xff, 0xe7, 0xef, 0xe8, 0xff, 0xe7, 0xef, 0xe8, 0xff, 0xe7, 0xef, 0xe8, 0xff, 0xe7, 0xef, 0xe8, 0xff, 0xe7, 0xef, 0xe8, 0xff, 0xe7, 0xef, 0xe8, 0xff, 0xe7, 0xef, 0xe8, 0xff, 0xe7, 0xef, 0xe8, 0xff, 0xe6, 0xee, 0xe7, 0xff, 0xe6, 0xee, 0xe7, 0xff, 0xe6, 0xee, 0xe7, 0xff, 0xe7, 0xef, 0xe8, 0xff, 0xe8, 0xf0, 0xe9, 0xff, 0xe7, 0xef, 0xe8, 0xff, 0xe7, 0xef, 0xe7, 0xff, 0xe7, 0xf0, 0xe7, 0xff, 0xe7, 0xf0, 0xe6, 0xff, 0xe7, 0xf0, 0xe6, 0xff, 0xe7, 0xf0, 0xe7, 0xff, 0xe7, 0xef, 0xe7, 0xff, 0xe7, 0xef, 0xe8, 0xff, 0xe7, 0xef, 0xe8, 0xff, 0xe7, 0xef, 0xe8, 0xff, 0xe9, 0xf0, 0xe9, 0xff, 0xe9, 0xf0, 0xe9, 0xff, 0xe9, 0xf0, 0xe9, 0xff, 0xe9, 0xf0, 0xe9, 0xff, 0xe9, 0xef, 0xea, 0xff, 0xe9, 0xef, 0xea, 0xff, 0xe9, 0xef, 0xea, 0xff, 0xe6, 0xf1, 0xe8, 0xff, 0xdf, 0xf4, 0xe4, 0xff, 0xd8, 0xf5, 0xdc, 0xff, 0xd5, 0xf9, 0xd5, 0xff, 0xcc, 0xf3, 0xc9, 0xff, 
  0xd6, 0xf3, 0xd6, 0xff, 0xda, 0xf5, 0xdb, 0xff, 0xe0, 0xf6, 0xe0, 0xff, 0xe2, 0xf3, 0xe1, 0xff, 0xe4, 0xf0, 0xe3, 0xff, 0xe7, 0xf0, 0xe6, 0xff, 0xe9, 0xf0, 0xe9, 0xff, 0xe8, 0xef, 0xe8, 0xff, 0xe7, 0xef, 0xe7, 0xff, 0xe7, 0xf0, 0xe7, 0xff, 0xe6, 0xef, 0xe6, 0xff, 0xe6, 0xef, 0xe6, 0xff, 0xe7, 0xef, 0xe7, 0xff, 0xe7, 0xef, 0xe8, 0xff, 0xe8, 0xee, 0xe8, 0xff, 0xe7, 0xed, 0xe7, 0xff, 0xe7, 0xef, 0xe8, 0xff, 0xe7, 0xef, 0xe8, 0xff, 0xe7, 0xef, 0xe8, 0xff, 0xe7, 0xef, 0xe8, 0xff, 0xe7, 0xef, 0xe8, 0xff, 0xe7, 0xef, 0xe8, 0xff, 0xe7, 0xef, 0xe8, 0xff, 0xe7, 0xef, 0xe8, 0xff, 0xe8, 0xf0, 0xe9, 0xff, 0xe8, 0xf0, 0xe9, 0xff, 0xe8, 0xf0, 0xe9, 0xff, 0xe8, 0xf0, 0xe9, 0xff, 0xe8, 0xf0, 0xe9, 0xff, 0xe8, 0xf0, 0xe9, 0xff, 0xe8, 0xf0, 0xe9, 0xff, 0xe8, 0xf0, 0xe9, 0xff, 0xe7, 0xef, 0xe8, 0xff, 0xe7, 0xef, 0xe8, 0xff, 0xe7, 0xef, 0xe8, 0xff, 0xe7, 0xef, 0xe8, 0xff, 0xe7, 0xef, 0xe8, 0xff, 0xe7, 0xef, 0xe8, 0xff, 0xe7, 0xef, 0xe8, 0xff, 0xe7, 0xef, 0xe8, 0xff, 0xe7, 0xef, 0xe8, 0xff, 0xe7, 0xef, 0xe8, 0xff, 0xe7, 0xef, 0xe8, 0xff, 0xe7, 0xef, 0xe8, 0xff, 0xe7, 0xef, 0xe8, 0xff, 0xe8, 0xf0, 0xe9, 0xff, 0xe8, 0xf0, 0xe9, 0xff, 0xe8, 0xf0, 0xe9, 0xff, 0xe7, 0xef, 0xe8, 0xff, 0xe7, 0xef, 0xe8, 0xff, 0xe7, 0xef, 0xe8, 0xff, 0xe7, 0xef, 0xe8, 0xff, 0xe7, 0xef, 0xe8, 0xff, 0xe7, 0xef, 0xe8, 0xff, 0xe7, 0xef, 0xe8, 0xff, 0xe7, 0xef, 0xe8, 0xff, 0xe8, 0xf0, 0xe9, 0xff, 0xe7, 0xef, 0xe8, 0xff, 0xe7, 0xef, 0xe8, 0xff, 0xe7, 0xef, 0xe8, 0xff, 0xe7, 0xef, 0xe8, 0xff, 0xe8, 0xf0, 0xe9, 0xff, 0xe7, 0xef, 0xe8, 0xff, 0xe7, 0xef, 0xe7, 0xff, 0xe7, 0xf0, 0xe7, 0xff, 0xe7, 0xf0, 0xe6, 0xff, 0xe7, 0xf0, 0xe6, 0xff, 0xe7, 0xf0, 0xe7, 0xff, 0xe7, 0xef, 0xe7, 0xff, 0xe7, 0xef, 0xe8, 0xff, 0xe7, 0xef, 0xe8, 0xff, 0xe7, 0xef, 0xe8, 0xff, 0xe9, 0xf0, 0xe9, 0xff, 0xe9, 0xf0, 0xe9, 0xff, 0xe9, 0xf0, 0xe9, 0xff, 0xe9, 0xf0, 0xe9, 0xff, 0xe9, 0xef, 0xea, 0xff, 0xe9, 0xef, 0xea, 0xff, 0xe9, 0xef, 0xea, 0xff, 0xe6, 0xf0, 0xe9, 0xff, 0xe0, 0xf2, 0xe4, 0xff, 0xda, 0xf4, 0xdd, 0xff, 0xd6, 0xf7, 0xd5, 0xff, 0xce, 0xf2, 0xcb, 0xff, 
  0xdb, 0xf3, 0xdb, 0xff, 0xde, 0xf4, 0xde, 0xff, 0xe2, 0xf5, 0xe2, 0xff, 0xe4, 0xf2, 0xe3, 0xff, 0xe6, 0xf0, 0xe5, 0xff, 0xe8, 0xf0, 0xe8, 0xff, 0xe9, 0xf0, 0xe8, 0xff, 0xe9, 0xf0, 0xe8, 0xff, 0xe8, 0xf1, 0xe7, 0xff, 0xe7, 0xf1, 0xe7, 0xff, 0xe6, 0xf0, 0xe6, 0xff, 0xe7, 0xf1, 0xe7, 0xff, 0xe7, 0xf0, 0xe8, 0xff, 0xe9, 0xf1, 0xea, 0xff, 0xe9, 0xef, 0xea, 0xff, 0xe9, 0xef, 0xea, 0xff, 0xe7, 0xef, 0xe8, 0xff, 0xe7, 0xef, 0xe8, 0xff, 0xe7, 0xef, 0xe8, 0xff, 0xe7, 0xef, 0xe8, 0xff, 0xe7, 0xef, 0xe8, 0xff, 0xe7, 0xef, 0xe8, 0xff, 0xe7, 0xef, 0xe8, 0xff, 0xe7, 0xef, 0xe8, 0xff, 0xe8, 0xf0, 0xe9, 0xff, 0xe8, 0xf0, 0xe9, 0xff, 0xe8, 0xf0, 0xe9, 0xff, 0xe8, 0xf0, 0xe9, 0xff, 0xe8, 0xf0, 0xe9, 0xff, 0xe8, 0xf0, 0xe9, 0xff, 0xe8, 0xf0, 0xe9, 0xff, 0xe8, 0xf0, 0xe9, 0xff, 0xe7, 0xef, 0xe8, 0xff, 0xe7, 0xef, 0xe8, 0xff, 0xe8, 0xf0, 0xe9, 0xff, 0xe8, 0xf0, 0xe9, 0xff, 0xe8, 0xf0, 0xe9, 0xff, 0xe8, 0xf0, 0xe9, 0xff, 0xe7, 0xef, 0xe8, 0xff, 0xe7, 0xef, 0xe8, 0xff, 0xe6, 0xee, 0xe7, 0xff, 0xe7, 0xef, 0xe8, 0xff, 0xe7, 0xef, 0xe8, 0xff, 0xe7, 0xef, 0xe8, 0xff, 0xe8, 0xf0, 0xe9, 0xff, 0xe8, 0xf0, 0xe9, 0xff, 0xe8, 0xf0, 0xe9, 0xff, 0xe8, 0xf0, 0xe9, 0xff, 0xe8, 0xf0, 0xe9, 0xff, 0xe8, 0xf0, 0xe9, 0xff, 0xe8, 0xf0, 0xe9, 0xff, 0xe8, 0xf0, 0xe9, 0xff, 0xe8, 0xf0, 0xe9, 0xff, 0xe8, 0xf0, 0xe9, 0xff, 0xe8, 0xf0, 0xe9, 0xff, 0xe8, 0xf0, 0xe9, 0xff, 0xe8, 0xf0, 0xe9, 0xff, 0xe7, 0xef, 0xe8, 0xff, 0xe7, 0xef, 0xe8, 0xff, 0xe7, 0xef, 0xe8, 0xff, 0xe8, 0xf0, 0xe9, 0xff, 0xe8, 0xf0, 0xe9, 0xff, 0xe8, 0xf0, 0xe9, 0xff, 0xe7, 0xef, 0xe7, 0xff, 0xe7, 0xf0, 0xe7, 0xff, 0xe7, 0xf0, 0xe6, 0xff, 0xe7, 0xf0, 0xe6, 0xff, 0xe7, 0xf0, 0xe7, 0xff, 0xe7, 0xef, 0xe7, 0xff, 0xe7, 0xef, 0xe8, 0xff, 0xe7, 0xef, 0xe8, 0xff, 0xe7, 0xef, 0xe8, 0xff, 0xe9, 0xf0, 0xe9, 0xff, 0xe9, 0xf0, 0xe9, 0xff, 0xe9, 0xf0, 0xe9, 0xff, 0xe9, 0xf0, 0xe9, 0xff, 0xe9, 0xef, 0xea, 0xff, 0xe9, 0xef, 0xea, 0xff, 0xe9, 0xef, 0xea, 0xff, 0xe7, 0xf0, 0xe9, 0xff, 0xe1, 0xf1, 0xe6, 0xff, 0xdc, 0xf2, 0xdf, 0xff, 0xda, 0xf7, 0xd9, 0xff, 0xd0, 0xf1, 0xce, 0xff, 
  0xdf, 0xf2, 0xdf, 0xff, 0xe2, 0xf3, 0xe1, 0xff, 0xe5, 0xf3, 0xe4, 0xff, 0xe6, 0xf1, 0xe5, 0xff, 0xe7, 0xf0, 0xe6, 0xff, 0xe9, 0xf0, 0xe8, 0xff, 0xea, 0xf1, 0xe9, 0xff, 0xe9, 0xf1, 0xe7, 0xff, 0xe7, 0xf1, 0xe7, 0xff, 0xe5, 0xf1, 0xe5, 0xff, 0xe5, 0xf1, 0xe5, 0xff, 0xe7, 0xf1, 0xe7, 0xff, 0xe7, 0xf0, 0xe8, 0xff, 0xe9, 0xf1, 0xea, 0xff, 0xeb, 0xf0, 0xeb, 0xff, 0xea, 0xef, 0xea, 0xff, 0xe7, 0xef, 0xe8, 0xff, 0xe7, 0xef, 0xe8, 0xff, 0xe7, 0xef, 0xe8, 0xff, 0xe7, 0xef, 0xe8, 0xff, 0xe7, 0xef, 0xe8, 0xff, 0xe7, 0xef, 0xe8, 0xff, 0xe7, 0xef, 0xe8, 0xff, 0xe7, 0xef, 0xe8, 0xff, 0xe7, 0xef, 0xe8, 0xff, 0xe7, 0xef, 0xe8, 0xff, 0xe7, 0xef, 0xe8, 0xff, 0xe7, 0xef, 0xe8, 0xff, 0xe7, 0xef, 0xe8, 0xff, 0xe7, 0xef, 0xe8, 0xff, 0xe7, 0xef, 0xe8, 0xff, 0xe7, 0xef, 0xe8, 0xff, 0xe7, 0xef, 0xe8, 0xff, 0xe7, 0xef, 0xe8, 0xff, 0xe8, 0xf0, 0xe9, 0xff, 0xe8, 0xf0, 0xe9, 0xff, 0xe8, 0xf0, 0xe9, 0xff, 0xe8, 0xf0, 0xe9, 0xff, 0xe7, 0xef, 0xe8, 0xff, 0xe7, 0xef, 0xe8, 0xff, 0xe6, 0xee, 0xe7, 0xff, 0xe6, 0xee, 0xe7, 0xff, 0xe7, 0xef, 0xe8, 0xff, 0xe7, 0xef, 0xe8, 0xff, 0xe8, 0xf0, 0xe9, 0xff, 0xe8, 0xf0, 0xe9, 0xff, 0xe8, 0xf0, 0xe9, 0xff, 0xe9, 0xf1, 0xea, 0xff, 0xe8, 0xf0, 0xe9, 0xff, 0xe8, 0xf0, 0xe9, 0xff, 0xe8, 0xf0, 0xe9, 0xff, 0xe8, 0xf0, 0xe9, 0xff, 0xe8, 0xf0, 0xe9, 0xff, 0xe8, 0xf0, 0xe9, 0xff, 0xe8, 0xf0, 0xe9, 0xff, 0xe8, 0xf0, 0xe9, 0xff, 0xe7, 0xef, 0xe8, 0xff, 0xe7, 0xef, 0xe8, 0xff, 0xe7, 0xef, 0xe8, 0xff, 0xe7, 0xef, 0xe8, 0xff, 0xe8, 0xf0, 0xe9, 0xff, 0xe8, 0xf0, 0xe9, 0xff, 0xe8, 0xf0, 0xe9, 0xff, 0xe8, 0xf0, 0xe8, 0xff, 0xe7, 0xf0, 0xe7, 0xff, 0xe7, 0xf0, 0xe6, 0xff, 0xe7, 0xf0, 0xe6, 0xff, 0xe7, 0xf0, 0xe7, 0xff, 0xe7, 0xef, 0xe7, 0xff, 0xe7, 0xef, 0xe8, 0xff, 0xe7, 0xef, 0xe8, 0xff, 0xe7, 0xef, 0xe8, 0xff, 0xe8, 0xef, 0xe8, 0xff, 0xe8, 0xef, 0xe8, 0xff, 0xe8, 0xef, 0xe8, 0xff, 0xe8, 0xef, 0xe8, 0xff, 0xe8, 0xee, 0xe9, 0xff, 0xe8, 0xee, 0xe9, 0xff, 0xe8, 0xee, 0xe9, 0xff, 0xe7, 0xef, 0xe9, 0xff, 0xe5, 0xf2, 0xea, 0xff, 0xe0, 0xf2, 0xe4, 0xff, 0xde, 0xf7, 0xde, 0xff, 0xd4, 0xf2, 0xd3, 0xff, 
  0xe3, 0xf1, 0xe2, 0xff, 0xe5, 0xf1, 0xe4, 0xff, 0xe7, 0xf2, 0xe6, 0xff, 0xe7, 0xf0, 0xe6, 0xff, 0xe8, 0xef, 0xe7, 0xff, 0xea, 0xf0, 0xe8, 0xff, 0xe9, 0xf0, 0xe8, 0xff, 0xe7, 0xf0, 0xe6, 0xff, 0xe5, 0xf0, 0xe4, 0xff, 0xe4, 0xf0, 0xe4, 0xff, 0xe3, 0xf0, 0xe4, 0xff, 0xe4, 0xf0, 0xe5, 0xff, 0xe6, 0xf0, 0xe7, 0xff, 0xe8, 0xf0, 0xe9, 0xff, 0xe9, 0xee, 0xe9, 0xff, 0xe9, 0xee, 0xe9, 0xff, 0xe7, 0xef, 0xe8, 0xff, 0xe7, 0xef, 0xe8, 0xff, 0xe7, 0xef, 0xe8, 0xff, 0xe7, 0xef, 0xe8, 0xff, 0xe7, 0xef, 0xe8, 0xff, 0xe7, 0xef, 0xe8, 0xff, 0xe7, 0xef, 0xe8, 0xff, 0xe7, 0xef, 0xe8, 0xff, 0xe7, 0xef, 0xe8, 0xff, 0xe7, 0xef, 0xe8, 0xff, 0xe7, 0xef, 0xe8, 0xff, 0xe7, 0xef, 0xe8, 0xff, 0xe7, 0xef, 0xe8, 0xff, 0xe7, 0xef, 0xe8, 0xff, 0xe7, 0xef, 0xe8, 0xff, 0xe7, 0xef, 0xe8, 0xff, 0xe8, 0xf0, 0xe9, 0xff, 0xe8, 0xf0, 0xe9, 0xff, 0xe8, 0xf0, 0xe9, 0xff, 0xe8, 0xf0, 0xe9, 0xff, 0xe8, 0xf0, 0xe9, 0xff, 0xe8, 0xf0, 0xe9, 0xff, 0xe7, 0xef, 0xe8, 0xff, 0xe7, 0xef, 0xe8, 0xff, 0xe6, 0xee, 0xe7, 0xff, 0xe7, 0xef, 0xe8, 0xff, 0xe7, 0xef, 0xe8, 0xff, 0xe7, 0xef, 0xe8, 0xff, 0xe8, 0xf0, 0xe9, 0xff, 0xe8, 0xf0, 0xe9, 0xff, 0xe8, 0xf0, 0xe9, 0xff, 0xe8, 0xf0, 0xe9, 0xff, 0xe7, 0xef, 0xe8, 0xff, 0xe7, 0xef, 0xe8, 0xff, 0xe7, 0xef, 0xe8, 0xff, 0xe7, 0xef, 0xe8, 0xff, 0xe7, 0xef, 0xe8, 0xff, 0xe7, 0xef, 0xe8, 0xff, 0xe7, 0xef, 0xe8, 0xff, 0xe7, 0xef, 0xe8, 0xff, 0xe7, 0xef, 0xe8, 0xff, 0xe6, 0xee, 0xe7, 0xff, 0xe6, 0xee, 0xe7, 0xff, 0xe7, 0xef, 0xe8, 0xff, 0xe8, 0xf0, 0xe9, 0xff, 0xe8, 0xf0, 0xe9, 0xff, 0xe8, 0xf0, 0xe9, 0xff, 0xe8, 0xf0, 0xe8, 0xff, 0xe7, 0xf0, 0xe7, 0xff, 0xe7, 0xf0, 0xe6, 0xff, 0xe7, 0xf0, 0xe6, 0xff, 0xe7, 0xf0, 0xe7, 0xff, 0xe7, 0xef, 0xe7, 0xff, 0xe7, 0xef, 0xe8, 0xff, 0xe7, 0xef, 0xe8, 0xff, 0xe7, 0xef, 0xe8, 0xff, 0xe8, 0xef, 0xe8, 0xff, 0xe8, 0xef, 0xe8, 0xff, 0xe8, 0xef, 0xe8, 0xff, 0xe8, 0xef, 0xe8, 0xff, 0xe8, 0xee, 0xe9, 0xff, 0xe8, 0xee, 0xe9, 0xff, 0xe8, 0xee, 0xe9, 0xff, 0xe7, 0xee, 0xe9, 0xff, 0xe7, 0xf1, 0xec, 0xff, 0xe3, 0xf2, 0xe7, 0xff, 0xe0, 0xf7, 0xe1, 0xff, 0xd7, 0xf1, 0xd5, 0xff, 
  0xe5, 0xf0, 0xe4, 0xff, 0xe6, 0xf0, 0xe6, 0xff, 0xe8, 0xf1, 0xe8, 0xff, 0xe8, 0xef, 0xe7, 0xff, 0xea, 0xf0, 0xe9, 0xff, 0xeb, 0xf1, 0xe9, 0xff, 0xe9, 0xf0, 0xe8, 0xff, 0xe5, 0xef, 0xe5, 0xff, 0xe5, 0xf1, 0xe5, 0xff, 0xe3, 0xf0, 0xe4, 0xff, 0xe3, 0xf0, 0xe4, 0xff, 0xe3, 0xf0, 0xe5, 0xff, 0xe6, 0xf0, 0xe7, 0xff, 0xe7, 0xef, 0xe8, 0xff, 0xe8, 0xed, 0xe9, 0xff, 0xe8, 0xed, 0xe9, 0xff, 0xe7, 0xef, 0xe8, 0xff, 0xe7, 0xef, 0xe8, 0xff, 0xe7, 0xef, 0xe8, 0xff, 0xe7, 0xef, 0xe8, 0xff, 0xe7, 0xef, 0xe8, 0xff, 0xe7, 0xef, 0xe8, 0xff, 0xe7, 0xef, 0xe8, 0xff, 0xe7, 0xef, 0xe8, 0xff, 0xe7, 0xef, 0xe8, 0xff, 0xe7, 0xef, 0xe8, 0xff, 0xe7, 0xef, 0xe8, 0xff, 0xe7, 0xef, 0xe8, 0xff, 0xe7, 0xef, 0xe8, 0xff, 0xe7, 0xef, 0xe8, 0xff, 0xe7, 0xef, 0xe8, 0xff, 0xe7, 0xef, 0xe8, 0xff, 0xe8, 0xf0, 0xe9, 0xff, 0xe8, 0xf0, 0xe9, 0xff, 0xe8, 0xf0, 0xe9, 0xff, 0xe7, 0xef, 0xe8, 0xff, 0xe7, 0xef, 0xe8, 0xff, 0xe7, 0xef, 0xe8, 0xff, 0xe7, 0xef, 0xe8, 0xff, 0xe8, 0xf0, 0xe9, 0xff, 0xe7, 0xef, 0xe8, 0xff, 0xe7, 0xef, 0xe8, 0xff, 0xe7, 0xef, 0xe8, 0xff, 0xe7, 0xef, 0xe8, 0xff, 0xe7, 0xef, 0xe8, 0xff, 0xe8, 0xf0, 0xe9, 0xff, 0xe8, 0xf0, 0xe9, 0xff, 0xe8, 0xf0, 0xe9, 0xff, 0xe7, 0xef, 0xe8, 0xff, 0xe7, 0xef, 0xe8, 0xff, 0xe7, 0xef, 0xe8, 0xff, 0xe7, 0xef, 0xe8, 0xff, 0xe7, 0xef, 0xe8, 0xff, 0xe7, 0xef, 0xe8, 0xff, 0xe7, 0xef, 0xe8, 0xff, 0xe7, 0xef, 0xe8, 0xff, 0xe7, 0xef, 0xe8, 0xff, 0xe7, 0xef, 0xe8, 0xff, 0xe6, 0xee, 0xe7, 0xff, 0xe7, 0xef, 0xe8, 0xff, 0xe7, 0xef, 0xe8, 0xff, 0xe7, 0xef, 0xe8, 0xff, 0xe7, 0xef, 0xe8, 0xff, 0xe6, 0xee, 0xe6, 0xff, 0xe7, 0xf0, 0xe7, 0xff, 0xe7, 0xf0, 0xe6, 0xff, 0xe7, 0xf0, 0xe6, 0xff, 0xe7, 0xf0, 0xe7, 0xff, 0xe7, 0xef, 0xe7, 0xff, 0xe7, 0xef, 0xe8, 0xff, 0xe7, 0xef, 0xe8, 0xff, 0xe7, 0xef, 0xe8, 0xff, 0xe8, 0xef, 0xe8, 0xff, 0xe8, 0xef, 0xe8, 0xff, 0xe8, 0xef, 0xe8, 0xff, 0xe8, 0xef, 0xe8, 0xff, 0xe8, 0xee, 0xe9, 0xff, 0xe8, 0xee, 0xe9, 0xff, 0xe8, 0xee, 0xe9, 0xff, 0xe7, 0xee, 0xea, 0xff, 0xe6, 0xef, 0xec, 0xff, 0xe3, 0xf0, 0xe7, 0xff, 0xe2, 0xf6, 0xe2, 0xff, 0xd9, 0xf1, 0xd6, 0xff, 
  0xe6, 0xef, 0xe5, 0xff, 0xe7, 0xf0, 0xe6, 0xff, 0xe9, 0xf0, 0xe8, 0xff, 0xe9, 0xef, 0xe7, 0xff, 0xeb, 0xf0, 0xe9, 0xff, 0xeb, 0xf1, 0xe9, 0xff, 0xe9, 0xf0, 0xe8, 0xff, 0xe4, 0xee, 0xe4, 0xff, 0xe6, 0xf2, 0xe6, 0xff, 0xe5, 0xf2, 0xe6, 0xff, 0xe4, 0xf1, 0xe5, 0xff, 0xe4, 0xf1, 0xe6, 0xff, 0xe6, 0xf0, 0xe7, 0xff, 0xe7, 0xef, 0xe8, 0xff, 0xe8, 0xed, 0xe9, 0xff, 0xe8, 0xec, 0xe9, 0xff, 0xe8, 0xef, 0xe8, 0xff, 0xe7, 0xef, 0xe8, 0xff, 0xe7, 0xef, 0xe8, 0xff, 0xe7, 0xef, 0xe8, 0xff, 0xe7, 0xef, 0xe8, 0xff, 0xe7, 0xef, 0xe8, 0xff, 0xe7, 0xef, 0xe8, 0xff, 0xe7, 0xef, 0xe8, 0xff, 0xe7, 0xef, 0xe8, 0xff, 0xe7, 0xef, 0xe8, 0xff, 0xe7, 0xef, 0xe8, 0xff, 0xe7, 0xef, 0xe8, 0xff, 0xe7, 0xef, 0xe8, 0xff, 0xe7, 0xef, 0xe8, 0xff, 0xe7, 0xef, 0xe8, 0xff, 0xe7, 0xef, 0xe8, 0xff, 0xe9, 0xf1, 0xea, 0xff, 0xe8, 0xf0, 0xe9, 0xff, 0xe8, 0xf0, 0xe9, 0xff, 0xe7, 0xef, 0xe8, 0xff, 0xe7, 0xef, 0xe8, 0xff, 0xe7, 0xef, 0xe8, 0xff, 0xe8, 0xf0, 0xe9, 0xff, 0xe8, 0xf0, 0xe9, 0xff, 0xe7, 0xef, 0xe8, 0xff, 0xe7, 0xef, 0xe8, 0xff, 0xe7, 0xef, 0xe8, 0xff, 0xe7, 0xef, 0xe8, 0xff, 0xe7, 0xef, 0xe8, 0xff, 0xe7, 0xef, 0xe8, 0xff, 0xe7, 0xef, 0xe8, 0xff, 0xe8, 0xf0, 0xe9, 0xff, 0xe7, 0xef, 0xe8, 0xff, 0xe7, 0xef, 0xe8, 0xff, 0xe7, 0xef, 0xe8, 0xff, 0xe7, 0xef, 0xe8, 0xff, 0xe7, 0xef, 0xe8, 0xff, 0xe7, 0xef, 0xe8, 0xff, 0xe7, 0xef, 0xe8, 0xff, 0xe7, 0xef, 0xe8, 0xff, 0xe8, 0xf0, 0xe9, 0xff, 0xe7, 0xef, 0xe8, 0xff, 0xe6, 0xee, 0xe7, 0xff, 0xe6, 0xee, 0xe7, 0xff, 0xe7, 0xef, 0xe8, 0xff, 0xe7, 0xef, 0xe8, 0xff, 0xe6, 0xee, 0xe7, 0xff, 0xe5, 0xed, 0xe5, 0xff, 0xe7, 0xf0, 0xe7, 0xff, 0xe7, 0xf0, 0xe6, 0xff, 0xe7, 0xf0, 0xe6, 0xff, 0xe7, 0xf0, 0xe7, 0xff, 0xe7, 0xef, 0xe7, 0xff, 0xe7, 0xef, 0xe8, 0xff, 0xe7, 0xef, 0xe8, 0xff, 0xe7, 0xef, 0xe8, 0xff, 0xe8, 0xef, 0xe8, 0xff, 0xe8, 0xef, 0xe8, 0xff, 0xe8, 0xef, 0xe8, 0xff, 0xe8, 0xef, 0xe8, 0xff, 0xe8, 0xee, 0xe9, 0xff, 0xe8, 0xee, 0xe9, 0xff, 0xe8, 0xee, 0xe9, 0xff, 0xe7, 0xee, 0xea, 0xff, 0xe6, 0xee, 0xeb, 0xff, 0xe2, 0xef, 0xe7, 0xff, 0xe1, 0xf5, 0xe1, 0xff, 0xd9, 0xf0, 0xd6, 0xff, 
  0xe6, 0xef, 0xe4, 0xff, 0xe6, 0xef, 0xe5, 0xff, 0xe7, 0xef, 0xe5, 0xff, 0xe8, 0xee, 0xe6, 0xff, 0xea, 0xef, 0xe7, 0xff, 0xeb, 0xf0, 0xe9, 0xff, 0xe9, 0xf0, 0xe8, 0xff, 0xe7, 0xef, 0xe7, 0xff, 0xe6, 0xf0, 0xe6, 0xff, 0xe5, 0xf1, 0xe5, 0xff, 0xe4, 0xf1, 0xe5, 0xff, 0xe5, 0xf1, 0xe6, 0xff, 0xe7, 0xf1, 0xe8, 0xff, 0xe8, 0xf0, 0xe9, 0xff, 0xea, 0xef, 0xeb, 0xff, 0xeb, 0xee, 0xeb, 0xff, 0xe8, 0xee, 0xe8, 0xff, 0xe8, 0xef, 0xe8, 0xff, 0xe8, 0xef, 0xe8, 0xff, 0xe8, 0xef, 0xe8, 0xff, 0xe8, 0xef, 0xe8, 0xff, 0xe8, 0xef, 0xe8, 0xff, 0xe8, 0xef, 0xe8, 0xff, 0xe8, 0xef, 0xe8, 0xff, 0xe8, 0xef, 0xe8, 0xff, 0xe8, 0xef, 0xe8, 0xff, 0xe8, 0xef, 0xe8, 0xff, 0xe8, 0xef, 0xe8, 0xff, 0xe8, 0xef, 0xe8, 0xff, 0xe8, 0xef, 0xe8, 0xff, 0xe8, 0xef, 0xe8, 0xff, 0xe8, 0xef, 0xe8, 0xff, 0xe8, 0xef, 0xe8, 0xff, 0xe8, 0xef, 0xe8, 0xff, 0xe8, 0xef, 0xe8, 0xff, 0xe8, 0xef, 0xe8, 0xff, 0xe8, 0xef, 0xe8, 0xff, 0xe8, 0xef, 0xe8, 0xff, 0xe8, 0xef, 0xe8, 0xff, 0xe8, 0xef, 0xe8, 0xff, 0xe8, 0xef, 0xe8, 0xff, 0xe8, 0xef, 0xe8, 0xff, 0xe8, 0xef, 0xe8, 0xff, 0xe8, 0xef, 0xe8, 0xff, 0xe8, 0xef, 0xe8, 0xff, 0xe8, 0xef, 0xe8, 0xff, 0xe8, 0xef, 0xe8, 0xff, 0xe8, 0xef, 0xe8, 0xff, 0xe8, 0xef, 0xe8, 0xff, 0xe8, 0xef, 0xe8, 0xff, 0xe8, 0xef, 0xe8, 0xff, 0xe8, 0xef, 0xe8, 0xff, 0xe8, 0xef, 0xe8, 0xff, 0xe8, 0xef, 0xe8, 0xff, 0xe8, 0xef, 0xe8, 0xff, 0xe8, 0xef, 0xe8, 0xff, 0xe8, 0xef, 0xe8, 0xff, 0xe8, 0xef, 0xe8, 0xff, 0xe8, 0xef, 0xe8, 0xff, 0xe8, 0xef, 0xe8, 0xff, 0xe9, 0xf0, 0xe9, 0xff, 0xe9, 0xf0, 0xe9, 0xff, 0xe9, 0xf0, 0xe9, 0xff, 0xe9, 0xf0, 0xe8, 0xff, 0xe7, 0xf0, 0xe7, 0xff, 0xe7, 0xf0, 0xe6, 0xff, 0xe7, 0xf0, 0xe6, 0xff, 0xe7, 0xf0, 0xe7, 0xff, 0xe7, 0xef, 0xe7, 0xff, 0xe7, 0xef, 0xe8, 0xff, 0xe7, 0xef, 0xe8, 0xff, 0xe7, 0xef, 0xe8, 0xff, 0xe8, 0xef, 0xe8, 0xff, 0xe8, 0xef, 0xe8, 0xff, 0xe8, 0xef, 0xe8, 0xff, 0xe8, 0xef, 0xe8, 0xff, 0xe8, 0xee, 0xe9, 0xff, 0xe8, 0xee, 0xe9, 0xff, 0xe8, 0xee, 0xe9, 0xff, 0xe7, 0xee, 0xea, 0xff, 0xe5, 0xed, 0xe9, 0xff, 0xe3, 0xf0, 0xe7, 0xff, 0xdf, 0xf4, 0xde, 0xff, 0xda, 0xf3, 0xd7, 0xff, 
  0xe4, 0xf1, 0xe2, 0xff, 0xe4, 0xf0, 0xe3, 0xff, 0xe5, 0xef, 0xe4, 0xff, 0xe8, 0xf0, 0xe6, 0xff, 0xe9, 0xef, 0xe7, 0xff, 0xea, 0xf0, 0xe9, 0xff, 0xea, 0xf0, 0xe9, 0xff, 0xe8, 0xef, 0xe7, 0xff, 0xe6, 0xf0, 0xe6, 0xff, 0xe6, 0xf0, 0xe6, 0xff, 0xe5, 0xf1, 0xe5, 0xff, 0xe6, 0xf0, 0xe6, 0xff, 0xe7, 0xef, 0xe7, 0xff, 0xe9, 0xf0, 0xe9, 0xff, 0xea, 0xef, 0xeb, 0xff, 0xeb, 0xef, 0xeb, 0xff, 0xe9, 0xee, 0xe8, 0xff, 0xe8, 0xef, 0xe8, 0xff, 0xe8, 0xef, 0xe8, 0xff, 0xe8, 0xef, 0xe8, 0xff, 0xe8, 0xef, 0xe8, 0xff, 0xe8, 0xef, 0xe8, 0xff, 0xe8, 0xef, 0xe8, 0xff, 0xe8, 0xef, 0xe8, 0xff, 0xe8, 0xef, 0xe8, 0xff, 0xe8, 0xef, 0xe8, 0xff, 0xe8, 0xef, 0xe8, 0xff, 0xe8, 0xef, 0xe8, 0xff, 0xe8, 0xef, 0xe8, 0xff, 0xe8, 0xef, 0xe8, 0xff, 0xe8, 0xef, 0xe8, 0xff, 0xe8, 0xef, 0xe8, 0xff, 0xe8, 0xef, 0xe8, 0xff, 0xe8, 0xef, 0xe8, 0xff, 0xe8, 0xef, 0xe8, 0xff, 0xe8, 0xef, 0xe8, 0xff, 0xe8, 0xef, 0xe8, 0xff, 0xe8, 0xef, 0xe8, 0xff, 0xe8, 0xef, 0xe8, 0xff, 0xe8, 0xef, 0xe8, 0xff, 0xe8, 0xef, 0xe8, 0xff, 0xe8, 0xef, 0xe8, 0xff, 0xe8, 0xef, 0xe8, 0xff, 0xe8, 0xef, 0xe8, 0xff, 0xe8, 0xef, 0xe8, 0xff, 0xe8, 0xef, 0xe8, 0xff, 0xe8, 0xef, 0xe8, 0xff, 0xe8, 0xef, 0xe8, 0xff, 0xe8, 0xef, 0xe8, 0xff, 0xe8, 0xef, 0xe8, 0xff, 0xe8, 0xef, 0xe8, 0xff, 0xe8, 0xef, 0xe8, 0xff, 0xe8, 0xef, 0xe8, 0xff, 0xe8, 0xef, 0xe8, 0xff, 0xe8, 0xef, 0xe8, 0xff, 0xe8, 0xef, 0xe8, 0xff, 0xe8, 0xef, 0xe8, 0xff, 0xe8, 0xef, 0xe8, 0xff, 0xe8, 0xef, 0xe8, 0xff, 0xe8, 0xef, 0xe8, 0xff, 0xe8, 0xef, 0xe8, 0xff, 0xe9, 0xf0, 0xe9, 0xff, 0xe9, 0xf0, 0xe9, 0xff, 0xe9, 0xf0, 0xe8, 0xff, 0xe7, 0xf0, 0xe7, 0xff, 0xe7, 0xf0, 0xe6, 0xff, 0xe7, 0xf0, 0xe6, 0xff, 0xe7, 0xf0, 0xe7, 0xff, 0xe7, 0xef, 0xe7, 0xff, 0xe7, 0xef, 0xe8, 0xff, 0xe7, 0xef, 0xe8, 0xff, 0xe7, 0xef, 0xe8, 0xff, 0xe8, 0xef, 0xe8, 0xff, 0xe8, 0xef, 0xe8, 0xff, 0xe8, 0xef, 0xe8, 0xff, 0xe8, 0xef, 0xe8, 0xff, 0xe8, 0xee, 0xe9, 0xff, 0xe8, 0xee, 0xe9, 0xff, 0xe8, 0xee, 0xe9, 0xff, 0xe7, 0xee, 0xe9, 0xff, 0xe2, 0xed, 0xe7, 0xff, 0xe0, 0xf0, 0xe4, 0xff, 0xdc, 0xf4, 0xdc, 0xff, 0xd7, 0xf3, 0xd5, 0xff, 
  0xe0, 0xf3, 0xe0, 0xff, 0xe1, 0xf2, 0xe1, 0xff, 0xe4, 0xf2, 0xe3, 0xff, 0xe5, 0xf1, 0xe5, 0xff, 0xe9, 0xf0, 0xe8, 0xff, 0xea, 0xf0, 0xe9, 0xff, 0xe9, 0xee, 0xe8, 0xff, 0xe9, 0xee, 0xe8, 0xff, 0xe8, 0xef, 0xe7, 0xff, 0xe7, 0xef, 0xe7, 0xff, 0xe6, 0xf0, 0xe6, 0xff, 0xe7, 0xf0, 0xe6, 0xff, 0xe7, 0xef, 0xe7, 0xff, 0xe9, 0xf0, 0xe9, 0xff, 0xeb, 0xef, 0xea, 0xff, 0xeb, 0xef, 0xea, 0xff, 0xe9, 0xee, 0xe8, 0xff, 0xe8, 0xef, 0xe8, 0xff, 0xe8, 0xef, 0xe8, 0xff, 0xe8, 0xef, 0xe8, 0xff, 0xe8, 0xef, 0xe8, 0xff, 0xe8, 0xef, 0xe8, 0xff, 0xe8, 0xef, 0xe8, 0xff, 0xe8, 0xef, 0xe8, 0xff, 0xe8, 0xef, 0xe8, 0xff, 0xe8, 0xef, 0xe8, 0xff, 0xe8, 0xef, 0xe8, 0xff, 0xe8, 0xef, 0xe8, 0xff, 0xe8, 0xef, 0xe8, 0xff, 0xe8, 0xef, 0xe8, 0xff, 0xe8, 0xef, 0xe8, 0xff, 0xe8, 0xef, 0xe8, 0xff, 0xe8, 0xef, 0xe8, 0xff, 0xe8, 0xef, 0xe8, 0xff, 0xe8, 0xef, 0xe8, 0xff, 0xe8, 0xef, 0xe8, 0xff, 0xe8, 0xef, 0xe8, 0xff, 0xe8, 0xef, 0xe8, 0xff, 0xe8, 0xef, 0xe8, 0xff, 0xe8, 0xef, 0xe8, 0xff, 0xe8, 0xef, 0xe8, 0xff, 0xe8, 0xef, 0xe8, 0xff, 0xe8, 0xef, 0xe8, 0xff, 0xe8, 0xef, 0xe8, 0xff, 0xe8, 0xef, 0xe8, 0xff, 0xe8, 0xef, 0xe8, 0xff, 0xe8, 0xef, 0xe8, 0xff, 0xe8, 0xef, 0xe8, 0xff, 0xe8, 0xef, 0xe8, 0xff, 0xe8, 0xef, 0xe8, 0xff, 0xe8, 0xef, 0xe8, 0xff, 0xe8, 0xef, 0xe8, 0xff, 0xe8, 0xef, 0xe8, 0xff, 0xe8, 0xef, 0xe8, 0xff, 0xe8, 0xef, 0xe8, 0xff, 0xe8, 0xef, 0xe8, 0xff, 0xe8, 0xef, 0xe8, 0xff, 0xe8, 0xef, 0xe8, 0xff, 0xe8, 0xef, 0xe8, 0xff, 0xe8, 0xef, 0xe8, 0xff, 0xe8, 0xef, 0xe8, 0xff, 0xe9, 0xf0, 0xe9, 0xff, 0xe9, 0xf0, 0xe9, 0xff, 0xe9, 0xf0, 0xe8, 0xff, 0xe7, 0xf0, 0xe7, 0xff, 0xe7, 0xf0, 0xe6, 0xff, 0xe7, 0xf0, 0xe6, 0xff, 0xe7, 0xf0, 0xe7, 0xff, 0xe7, 0xef, 0xe7, 0xff, 0xe7, 0xef, 0xe8, 0xff, 0xe7, 0xef, 0xe8, 0xff, 0xe7, 0xef, 0xe8, 0xff, 0xe8, 0xef, 0xe8, 0xff, 0xe8, 0xef, 0xe8, 0xff, 0xe8, 0xef, 0xe8, 0xff, 0xe8, 0xef, 0xe8, 0xff, 0xe8, 0xee, 0xe9, 0xff, 0xe8, 0xee, 0xe9, 0xff, 0xe8, 0xee, 0xe9, 0xff, 0xe6, 0xef, 0xe9, 0xff, 0xe1, 0xef, 0xe7, 0xff, 0xdc, 0xf1, 0xe1, 0xff, 0xd7, 0xf4, 0xd7, 0xff, 0xd3, 0xf3, 0xd0, 0xff, 
  0xdb, 0xf4, 0xdc, 0xff, 0xdd, 0xf4, 0xde, 0xff, 0xe1, 0xf4, 0xe1, 0xff, 0xe4, 0xf3, 0xe4, 0xff, 0xe7, 0xf1, 0xe7, 0xff, 0xe9, 0xef, 0xe8, 0xff, 0xea, 0xee, 0xe9, 0xff, 0xea, 0xee, 0xe9, 0xff, 0xea, 0xee, 0xe9, 0xff, 0xe9, 0xef, 0xe8, 0xff, 0xe8, 0xef, 0xe7, 0xff, 0xe7, 0xef, 0xe7, 0xff, 0xe8, 0xef, 0xe8, 0xff, 0xe9, 0xef, 0xe8, 0xff, 0xe9, 0xee, 0xe8, 0xff, 0xe9, 0xee, 0xe8, 0xff, 0xe9, 0xef, 0xe8, 0xff, 0xe8, 0xef, 0xe8, 0xff, 0xe8, 0xef, 0xe8, 0xff, 0xe8, 0xef, 0xe8, 0xff, 0xe8, 0xef, 0xe8, 0xff, 0xe8, 0xef, 0xe8, 0xff, 0xe8, 0xef, 0xe8, 0xff, 0xe8, 0xef, 0xe8, 0xff, 0xe8, 0xef, 0xe8, 0xff, 0xe8, 0xef, 0xe8, 0xff, 0xe8, 0xef, 0xe8, 0xff, 0xe8, 0xef, 0xe8, 0xff, 0xe8, 0xef, 0xe8, 0xff, 0xe8, 0xef, 0xe8, 0xff, 0xe8, 0xef, 0xe8, 0xff, 0xe8, 0xef, 0xe8, 0xff, 0xe8, 0xef, 0xe8, 0xff, 0xe8, 0xef, 0xe8, 0xff, 0xe8, 0xef, 0xe8, 0xff, 0xe8, 0xef, 0xe8, 0xff, 0xe8, 0xef, 0xe8, 0xff, 0xe8, 0xef, 0xe8, 0xff, 0xe8, 0xef, 0xe8, 0xff, 0xe8, 0xef, 0xe8, 0xff, 0xe8, 0xef, 0xe8, 0xff, 0xe8, 0xef, 0xe8, 0xff, 0xe8, 0xef, 0xe8, 0xff, 0xe8, 0xef, 0xe8, 0xff, 0xe8, 0xef, 0xe8, 0xff, 0xe8, 0xef, 0xe8, 0xff, 0xe8, 0xef, 0xe8, 0xff, 0xe8, 0xef, 0xe8, 0xff, 0xe8, 0xef, 0xe8, 0xff, 0xe8, 0xef, 0xe8, 0xff, 0xe8, 0xef, 0xe8, 0xff, 0xe8, 0xef, 0xe8, 0xff, 0xe8, 0xef, 0xe8, 0xff, 0xe8, 0xef, 0xe8, 0xff, 0xe8, 0xef, 0xe8, 0xff, 0xe8, 0xef, 0xe8, 0xff, 0xe8, 0xef, 0xe8, 0xff, 0xe8, 0xef, 0xe8, 0xff, 0xe8, 0xef, 0xe8, 0xff, 0xe8, 0xef, 0xe8, 0xff, 0xe8, 0xef, 0xe8, 0xff, 0xe8, 0xef, 0xe8, 0xff, 0xe8, 0xef, 0xe8, 0xff, 0xe8, 0xef, 0xe7, 0xff, 0xe7, 0xf0, 0xe7, 0xff, 0xe7, 0xf0, 0xe6, 0xff, 0xe7, 0xf0, 0xe6, 0xff, 0xe7, 0xf0, 0xe7, 0xff, 0xe7, 0xef, 0xe7, 0xff, 0xe7, 0xef, 0xe8, 0xff, 0xe7, 0xef, 0xe8, 0xff, 0xe7, 0xef, 0xe8, 0xff, 0xe8, 0xef, 0xe8, 0xff, 0xe8, 0xef, 0xe8, 0xff, 0xe8, 0xef, 0xe8, 0xff, 0xe8, 0xef, 0xe8, 0xff, 0xe8, 0xee, 0xe9, 0xff, 0xe8, 0xee, 0xe9, 0xff, 0xe8, 0xee, 0xe9, 0xff, 0xe5, 0xef, 0xe8, 0xff, 0xdf, 0xf2, 0xe6, 0xff, 0xd9, 0xf3, 0xde, 0xff, 0xd3, 0xf5, 0xd3, 0xff, 0xcf, 0xf4, 0xcc, 0xff, 
  0xd5, 0xf5, 0xd6, 0xff, 0xd8, 0xf6, 0xd9, 0xff, 0xde, 0xf6, 0xde, 0xff, 0xe2, 0xf5, 0xe2, 0xff, 0xe6, 0xf2, 0xe6, 0xff, 0xe8, 0xef, 0xe8, 0xff, 0xea, 0xee, 0xe9, 0xff, 0xeb, 0xed, 0xea, 0xff, 0xeb, 0xed, 0xea, 0xff, 0xea, 0xee, 0xe9, 0xff, 0xe9, 0xee, 0xe9, 0xff, 0xe8, 0xef, 0xe8, 0xff, 0xe8, 0xef, 0xe8, 0xff, 0xe8, 0xef, 0xe8, 0xff, 0xe9, 0xef, 0xe8, 0xff, 0xe9, 0xef, 0xe8, 0xff, 0xe8, 0xef, 0xe8, 0xff, 0xe8, 0xef, 0xe8, 0xff, 0xe8, 0xef, 0xe8, 0xff, 0xe8, 0xef, 0xe8, 0xff, 0xe8, 0xef, 0xe8, 0xff, 0xe8, 0xef, 0xe8, 0xff, 0xe8, 0xef, 0xe8, 0xff, 0xe8, 0xef, 0xe8, 0xff, 0xe8, 0xef, 0xe8, 0xff, 0xe8, 0xef, 0xe8, 0xff, 0xe8, 0xef, 0xe8, 0xff, 0xe8, 0xef, 0xe8, 0xff, 0xe8, 0xef, 0xe8, 0xff, 0xe8, 0xef, 0xe8, 0xff, 0xe8, 0xef, 0xe8, 0xff, 0xe8, 0xef, 0xe8, 0xff, 0xe8, 0xef, 0xe8, 0xff, 0xe8, 0xef, 0xe8, 0xff, 0xe8, 0xef, 0xe8, 0xff, 0xe8, 0xef, 0xe8, 0xff, 0xe8, 0xef, 0xe8, 0xff, 0xe8, 0xef, 0xe8, 0xff, 0xe8, 0xef, 0xe8, 0xff, 0xe8, 0xef, 0xe8, 0xff, 0xe8, 0xef, 0xe8, 0xff, 0xe8, 0xef, 0xe8, 0xff, 0xe8, 0xef, 0xe8, 0xff, 0xe8, 0xef, 0xe8, 0xff, 0xe8, 0xef, 0xe8, 0xff, 0xe8, 0xef, 0xe8, 0xff, 0xe8, 0xef, 0xe8, 0xff, 0xe8, 0xef, 0xe8, 0xff, 0xe8, 0xef, 0xe8, 0xff, 0xe8, 0xef, 0xe8, 0xff, 0xe8, 0xef, 0xe8, 0xff, 0xe8, 0xef, 0xe8, 0xff, 0xe8, 0xef, 0xe8, 0xff, 0xe8, 0xef, 0xe8, 0xff, 0xe8, 0xef, 0xe8, 0xff, 0xe8, 0xef, 0xe8, 0xff, 0xe8, 0xef, 0xe8, 0xff, 0xe8, 0xef, 0xe8, 0xff, 0xe8, 0xef, 0xe8, 0xff, 0xe8, 0xef, 0xe8, 0xff, 0xe8, 0xef, 0xe8, 0xff, 0xe8, 0xef, 0xe8, 0xff, 0xe8, 0xef, 0xe8, 0xff, 0xe8, 0xef, 0xe7, 0xff, 0xe7, 0xf0, 0xe7, 0xff, 0xe7, 0xf0, 0xe6, 0xff, 0xe7, 0xf0, 0xe6, 0xff, 0xe7, 0xf0, 0xe7, 0xff, 0xe7, 0xef, 0xe7, 0xff, 0xe7, 0xef, 0xe8, 0xff, 0xe7, 0xef, 0xe8, 0xff, 0xe7, 0xef, 0xe8, 0xff, 0xe8, 0xef, 0xe8, 0xff, 0xe8, 0xef, 0xe8, 0xff, 0xe8, 0xef, 0xe8, 0xff, 0xe8, 0xef, 0xe8, 0xff, 0xe8, 0xee, 0xe9, 0xff, 0xe8, 0xee, 0xe9, 0xff, 0xe8, 0xee, 0xe9, 0xff, 0xe5, 0xf0, 0xe7, 0xff, 0xdf, 0xf5, 0xe5, 0xff, 0xd6, 0xf5, 0xdb, 0xff, 0xd0, 0xf7, 0xcf, 0xff, 0xcc, 0xf8, 0xc9, 0xff, 
  0xcf, 0xf5, 0xd1, 0xff, 0xd3, 0xf6, 0xd5, 0xff, 0xdb, 0xf8, 0xdc, 0xff, 0xe0, 0xf6, 0xe0, 0xff, 0xe5, 0xf3, 0xe5, 0xff, 0xe8, 0xef, 0xe7, 0xff, 0xeb, 0xed, 0xe9, 0xff, 0xec, 0xed, 0xeb, 0xff, 0xec, 0xec, 0xeb, 0xff, 0xeb, 0xed, 0xeb, 0xff, 0xea, 0xed, 0xea, 0xff, 0xe9, 0xee, 0xe9, 0xff, 0xe8, 0xef, 0xe8, 0xff, 0xe8, 0xef, 0xe8, 0xff, 0xe8, 0xef, 0xe8, 0xff, 0xe8, 0xef, 0xe8, 0xff, 0xe8, 0xef, 0xe8, 0xff, 0xe8, 0xef, 0xe8, 0xff, 0xe8, 0xef, 0xe8, 0xff, 0xe8, 0xef, 0xe8, 0xff, 0xe8, 0xef, 0xe8, 0xff, 0xe8, 0xef, 0xe8, 0xff, 0xe8, 0xef, 0xe8, 0xff, 0xe8, 0xef, 0xe8, 0xff, 0xe8, 0xef, 0xe8, 0xff, 0xe8, 0xef, 0xe8, 0xff, 0xe8, 0xef, 0xe8, 0xff, 0xe8, 0xef, 0xe8, 0xff, 0xe8, 0xef, 0xe8, 0xff, 0xe8, 0xef, 0xe8, 0xff, 0xe8, 0xef, 0xe8, 0xff, 0xe8, 0xef, 0xe8, 0xff, 0xe8, 0xef, 0xe8, 0xff, 0xe8, 0xef, 0xe8, 0xff, 0xe8, 0xef, 0xe8, 0xff, 0xe8, 0xef, 0xe8, 0xff, 0xe8, 0xef, 0xe8, 0xff, 0xe8, 0xef, 0xe8, 0xff, 0xe8, 0xef, 0xe8, 0xff, 0xe8, 0xef, 0xe8, 0xff, 0xe8, 0xef, 0xe8, 0xff, 0xe8, 0xef, 0xe8, 0xff, 0xe8, 0xef, 0xe8, 0xff, 0xe8, 0xef, 0xe8, 0xff, 0xe8, 0xef, 0xe8, 0xff, 0xe8, 0xef, 0xe8, 0xff, 0xe8, 0xef, 0xe8, 0xff, 0xe8, 0xef, 0xe8, 0xff, 0xe8, 0xef, 0xe8, 0xff, 0xe8, 0xef, 0xe8, 0xff, 0xe8, 0xef, 0xe8, 0xff, 0xe8, 0xef, 0xe8, 0xff, 0xe8, 0xef, 0xe8, 0xff, 0xe8, 0xef, 0xe8, 0xff, 0xe8, 0xef, 0xe8, 0xff, 0xe8, 0xef, 0xe8, 0xff, 0xe8, 0xef, 0xe8, 0xff, 0xe8, 0xef, 0xe8, 0xff, 0xe8, 0xef, 0xe8, 0xff, 0xe8, 0xef, 0xe8, 0xff, 0xe8, 0xef, 0xe8, 0xff, 0xe8, 0xef, 0xe8, 0xff, 0xe8, 0xef, 0xe8, 0xff, 0xe8, 0xef, 0xe7, 0xff, 0xe7, 0xf0, 0xe7, 0xff, 0xe7, 0xf0, 0xe6, 0xff, 0xe7, 0xf0, 0xe6, 0xff, 0xe7, 0xf0, 0xe7, 0xff, 0xe7, 0xef, 0xe7, 0xff, 0xe7, 0xef, 0xe8, 0xff, 0xe7, 0xef, 0xe8, 0xff, 0xe7, 0xef, 0xe8, 0xff, 0xe8, 0xef, 0xe8, 0xff, 0xe8, 0xef, 0xe8, 0xff, 0xe8, 0xef, 0xe8, 0xff, 0xe8, 0xef, 0xe8, 0xff, 0xe8, 0xee, 0xe9, 0xff, 0xe8, 0xee, 0xe9, 0xff, 0xe8, 0xee, 0xe9, 0xff, 0xe4, 0xf0, 0xe6, 0xff, 0xdc, 0xf6, 0xe2, 0xff, 0xd3, 0xf7, 0xd8, 0xff, 0xcc, 0xf8, 0xcc, 0xff, 0xc9, 0xfa, 0xc6, 0xff, 
  0xc8, 0xf4, 0xcb, 0xff, 0xcf, 0xf7, 0xd1, 0xff, 0xd8, 0xf8, 0xd9, 0xff, 0xdf, 0xf7, 0xdf, 0xff, 0xe3, 0xf2, 0xe3, 0xff, 0xe7, 0xf0, 0xe7, 0xff, 0xeb, 0xed, 0xe9, 0xff, 0xed, 0xec, 0xeb, 0xff, 0xed, 0xec, 0xeb, 0xff, 0xec, 0xec, 0xeb, 0xff, 0xeb, 0xed, 0xeb, 0xff, 0xe9, 0xee, 0xea, 0xff, 0xe9, 0xee, 0xe8, 0xff, 0xe8, 0xef, 0xe8, 0xff, 0xe7, 0xef, 0xe8, 0xff, 0xe7, 0xef, 0xe8, 0xff, 0xe8, 0xef, 0xe8, 0xff, 0xe8, 0xef, 0xe8, 0xff, 0xe8, 0xef, 0xe8, 0xff, 0xe8, 0xef, 0xe8, 0xff, 0xe8, 0xef, 0xe8, 0xff, 0xe8, 0xef, 0xe8, 0xff, 0xe8, 0xef, 0xe8, 0xff, 0xe8, 0xef, 0xe8, 0xff, 0xe8, 0xef, 0xe8, 0xff, 0xe8, 0xef, 0xe8, 0xff, 0xe8, 0xef, 0xe8, 0xff, 0xe8, 0xef, 0xe8, 0xff, 0xe8, 0xef, 0xe8, 0xff, 0xe8, 0xef, 0xe8, 0xff, 0xe8, 0xef, 0xe8, 0xff, 0xe8, 0xef, 0xe8, 0xff, 0xe8, 0xef, 0xe8, 0xff, 0xe8, 0xef, 0xe8, 0xff, 0xe8, 0xef, 0xe8, 0xff, 0xe8, 0xef, 0xe8, 0xff, 0xe8, 0xef, 0xe8, 0xff, 0xe8, 0xef, 0xe8, 0xff, 0xe8, 0xef, 0xe8, 0xff, 0xe8, 0xef, 0xe8, 0xff, 0xe8, 0xef, 0xe8, 0xff, 0xe8, 0xef, 0xe8, 0xff, 0xe8, 0xef, 0xe8, 0xff, 0xe8, 0xef, 0xe8, 0xff, 0xe8, 0xef, 0xe8, 0xff, 0xe8, 0xef, 0xe8, 0xff, 0xe8, 0xef, 0xe8, 0xff, 0xe8, 0xef, 0xe8, 0xff, 0xe8, 0xef, 0xe8, 0xff, 0xe8, 0xef, 0xe8, 0xff, 0xe8, 0xef, 0xe8, 0xff, 0xe8, 0xef, 0xe8, 0xff, 0xe8, 0xef, 0xe8, 0xff, 0xe8, 0xef, 0xe8, 0xff, 0xe8, 0xef, 0xe8, 0xff, 0xe8, 0xef, 0xe8, 0xff, 0xe8, 0xef, 0xe8, 0xff, 0xe8, 0xef, 0xe8, 0xff, 0xe8, 0xef, 0xe8, 0xff, 0xe8, 0xef, 0xe8, 0xff, 0xe8, 0xef, 0xe8, 0xff, 0xe8, 0xef, 0xe8, 0xff, 0xe8, 0xef, 0xe8, 0xff, 0xe8, 0xef, 0xe7, 0xff, 0xe7, 0xf0, 0xe7, 0xff, 0xe7, 0xf0, 0xe6, 0xff, 0xe7, 0xf0, 0xe6, 0xff, 0xe7, 0xf0, 0xe7, 0xff, 0xe7, 0xef, 0xe7, 0xff, 0xe7, 0xef, 0xe8, 0xff, 0xe7, 0xef, 0xe8, 0xff, 0xe7, 0xef, 0xe8, 0xff, 0xe8, 0xef, 0xe8, 0xff, 0xe8, 0xef, 0xe8, 0xff, 0xe8, 0xef, 0xe8, 0xff, 0xe8, 0xef, 0xe8, 0xff, 0xe8, 0xee, 0xe9, 0xff, 0xe8, 0xee, 0xe9, 0xff, 0xe8, 0xee, 0xe9, 0xff, 0xe3, 0xf1, 0xe6, 0xff, 0xd9, 0xf6, 0xdf, 0xff, 0xce, 0xf6, 0xd3, 0xff, 0xc7, 0xf8, 0xc8, 0xff, 0xc5, 0xfb, 0xc3, 0xff, 
  0xc5, 0xf5, 0xc7, 0xff, 0xcb, 0xf8, 0xcd, 0xff, 0xd4, 0xf9, 0xd5, 0xff, 0xdc, 0xf8, 0xdc, 0xff, 0xe1, 0xf4, 0xe1, 0xff, 0xe6, 0xf1, 0xe5, 0xff, 0xea, 0xee, 0xe8, 0xff, 0xed, 0xed, 0xea, 0xff, 0xee, 0xec, 0xeb, 0xff, 0xed, 0xec, 0xec, 0xff, 0xec, 0xec, 0xeb, 0xff, 0xeb, 0xed, 0xea, 0xff, 0xe9, 0xee, 0xe9, 0xff, 0xe8, 0xef, 0xe8, 0xff, 0xe7, 0xef, 0xe8, 0xff, 0xe7, 0xef, 0xe8, 0xff, 0xe8, 0xef, 0xe8, 0xff, 0xe8, 0xef, 0xe8, 0xff, 0xe8, 0xef, 0xe8, 0xff, 0xe7, 0xef, 0xe8, 0xff, 0xe7, 0xef, 0xe8, 0xff, 0xe7, 0xef, 0xe8, 0xff, 0xe7, 0xef, 0xe8, 0xff, 0xe7, 0xef, 0xe8, 0xff, 0xe7, 0xef, 0xe8, 0xff, 0xe8, 0xef, 0xe8, 0xff, 0xe8, 0xee, 0xe8, 0xff, 0xe8, 0xee, 0xe8, 0xff, 0xe9, 0xee, 0xe8, 0xff, 0xe9, 0xee, 0xe8, 0xff, 0xe9, 0xee, 0xe8, 0xff, 0xe9, 0xee, 0xe8, 0xff, 0xe8, 0xee, 0xe8, 0xff, 0xe8, 0xef, 0xe8, 0xff, 0xe8, 0xef, 0xe8, 0xff, 0xe8, 0xee, 0xe8, 0xff, 0xe8, 0xee, 0xe8, 0xff, 0xe8, 0xee, 0xe8, 0xff, 0xe8, 0xee, 0xe8, 0xff, 0xe8, 0xee, 0xe8, 0xff, 0xe9, 0xee, 0xe8, 0xff, 0xe9, 0xee, 0xe8, 0xff, 0xe9, 0xee, 0xe8, 0xff, 0xe9, 0xee, 0xe8, 0xff, 0xe8, 0xee, 0xe8, 0xff, 0xe8, 0xee, 0xe8, 0xff, 0xe8, 0xee, 0xe8, 0xff, 0xe8, 0xef, 0xe8, 0xff, 0xe8, 0xef, 0xe7, 0xff, 0xe8, 0xef, 0xe7, 0xff, 0xe8, 0xef, 0xe7, 0xff, 0xe8, 0xef, 0xe7, 0xff, 0xe8, 0xef, 0xe7, 0xff, 0xe8, 0xef, 0xe7, 0xff, 0xe8, 0xef, 0xe7, 0xff, 0xe8, 0xef, 0xe7, 0xff, 0xe8, 0xef, 0xe7, 0xff, 0xe8, 0xef, 0xe7, 0xff, 0xe8, 0xef, 0xe7, 0xff, 0xe8, 0xef, 0xe7, 0xff, 0xe8, 0xef, 0xe7, 0xff, 0xe7, 0xef, 0xe7, 0xff, 0xe7, 0xef, 0xe7, 0xff, 0xe7, 0xf0, 0xe6, 0xff, 0xe7, 0xf0, 0xe6, 0xff, 0xe7, 0xf0, 0xe6, 0xff, 0xe7, 0xf0, 0xe6, 0xff, 0xe8, 0xf0, 0xe6, 0xff, 0xe8, 0xef, 0xe7, 0xff, 0xe8, 0xef, 0xe8, 0xff, 0xe8, 0xef, 0xe8, 0xff, 0xe9, 0xee, 0xe8, 0xff, 0xe9, 0xee, 0xe9, 0xff, 0xe9, 0xee, 0xe8, 0xff, 0xe9, 0xef, 0xe8, 0xff, 0xe8, 0xef, 0xe8, 0xff, 0xe8, 0xef, 0xe7, 0xff, 0xe7, 0xef, 0xe7, 0xff, 0xe7, 0xf0, 0xe6, 0xff, 0xe1, 0xf3, 0xe2, 0xff, 0xd3, 0xf7, 0xd8, 0xff, 0xc7, 0xf7, 0xcc, 0xff, 0xc2, 0xf8, 0xc3, 0xff, 0xc1, 0xfb, 0xc1, 0xff, 
  0xc7, 0xfb, 0xc8, 0xff, 0xc8, 0xf9, 0xc9, 0xff, 0xce, 0xf7, 0xcd, 0xff, 0xd7, 0xf8, 0xd6, 0xff, 0xe1, 0xf9, 0xe0, 0xff, 0xe6, 0xf6, 0xe5, 0xff, 0xe8, 0xf0, 0xe5, 0xff, 0xe8, 0xea, 0xe4, 0xff, 0xec, 0xea, 0xe9, 0xff, 0xed, 0xe9, 0xea, 0xff, 0xed, 0xeb, 0xeb, 0xff, 0xec, 0xeb, 0xea, 0xff, 0xeb, 0xed, 0xea, 0xff, 0xe9, 0xee, 0xe9, 0xff, 0xe7, 0xef, 0xe8, 0xff, 0xe7, 0xef, 0xe8, 0xff, 0xe8, 0xef, 0xea, 0xff, 0xe8, 0xef, 0xeb, 0xff, 0xe7, 0xef, 0xeb, 0xff, 0xe7, 0xef, 0xeb, 0xff, 0xe7, 0xef, 0xeb, 0xff, 0xe7, 0xef, 0xeb, 0xff, 0xe7, 0xef, 0xeb, 0xff, 0xe7, 0xef, 0xeb, 0xff, 0xe7, 0xef, 0xeb, 0xff, 0xe7, 0xef, 0xeb, 0xff, 0xe9, 0xef, 0xeb, 0xff, 0xea, 0xef, 0xeb, 0xff, 0xea, 0xef, 0xeb, 0xff, 0xeb, 0xee, 0xeb, 0xff, 0xec, 0xee, 0xeb, 0xff, 0xeb, 0xee, 0xeb, 0xff, 0xe8, 0xef, 0xeb, 0xff, 0xe7, 0xef, 0xeb, 0xff, 0xe8, 0xef, 0xeb, 0xff, 0xe8, 0xef, 0xeb, 0xff, 0xe9, 0xef, 0xeb, 0xff, 0xe9, 0xef, 0xeb, 0xff, 0xe9, 0xef, 0xeb, 0xff, 0xea, 0xef, 0xeb, 0xff, 0xea, 0xef, 0xeb, 0xff, 0xeb, 0xee, 0xeb, 0xff, 0xeb, 0xee, 0xeb, 0xff, 0xea, 0xef, 0xeb, 0xff, 0xea, 0xef, 0xeb, 0xff, 0xe9, 0xef, 0xeb, 0xff, 0xe9, 0xef, 0xeb, 0xff, 0xe9, 0xef, 0xe9, 0xff, 0xe9, 0xf1, 0xe7, 0xff, 0xe9, 0xf1, 0xe6, 0xff, 0xe9, 0xf1, 0xe6, 0xff, 0xe9, 0xf1, 0xe6, 0xff, 0xe9, 0xf1, 0xe6, 0xff, 0xe9, 0xf1, 0xe6, 0xff, 0xe9, 0xf1, 0xe6, 0xff, 0xe9, 0xf1, 0xe6, 0xff, 0xe8, 0xf2, 0xe6, 0xff, 0xe8, 0xf2, 0xe6, 0xff, 0xe8, 0xf2, 0xe6, 0xff, 0xe8, 0xf2, 0xe6, 0xff, 0xe7, 0xf2, 0xe6, 0xff, 0xe7, 0xf2, 0xe6, 0xff, 0xe7, 0xf2, 0xe6, 0xff, 0xe8, 0xf2, 0xe5, 0xff, 0xe8, 0xf1, 0xe4, 0xff, 0xe9, 0xf0, 0xe4, 0xff, 0xe9, 0xf0, 0xe4, 0xff, 0xeb, 0xf1, 0xe6, 0xff, 0xed, 0xf1, 0xe8, 0xff, 0xee, 0xf0, 0xe9, 0xff, 0xee, 0xf0, 0xea, 0xff, 0xed, 0xee, 0xea, 0xff, 0xec, 0xee, 0xeb, 0xff, 0xea, 0xed, 0xea, 0xff, 0xe9, 0xee, 0xe8, 0xff, 0xe8, 0xef, 0xe7, 0xff, 0xe6, 0xf1, 0xe5, 0xff, 0xe5, 0xf2, 0xe3, 0xff, 0xe4, 0xf2, 0xdf, 0xff, 0xdb, 0xf6, 0xd8, 0xff, 0xc9, 0xf9, 0xcc, 0xff, 0xc1, 0xfc, 0xc5, 0xff, 0xbf, 0xfc, 0xc2, 0xff, 0xbe, 0xfc, 0xc0, 0xff, 
  0xc4, 0xfc, 0xc5, 0xff, 0xc6, 0xfb, 0xc6, 0xff, 0xca, 0xf8, 0xc9, 0xff, 0xd2, 0xf9, 0xd0, 0xff, 0xdb, 0xf9, 0xd9, 0xff, 0xe2, 0xf7, 0xe0, 0xff, 0xe6, 0xf3, 0xe3, 0xff, 0xe8, 0xee, 0xe5, 0xff, 0xec, 0xed, 0xe9, 0xff, 0xee, 0xec, 0xeb, 0xff, 0xee, 0xec, 0xeb, 0xff, 0xed, 0xec, 0xeb, 0xff, 0xeb, 0xed, 0xea, 0xff, 0xe8, 0xed, 0xe9, 0xff, 0xe7, 0xed, 0xe8, 0xff, 0xe6, 0xee, 0xe7, 0xff, 0xe8, 0xee, 0xe9, 0xff, 0xe8, 0xee, 0xe9, 0xff, 0xe7, 0xef, 0xe9, 0xff, 0xe6, 0xef, 0xe9, 0xff, 0xe6, 0xef, 0xe9, 0xff, 0xe6, 0xef, 0xe9, 0xff, 0xe6, 0xef, 0xe9, 0xff, 0xe6, 0xef, 0xe9, 0xff, 0xe6, 0xef, 0xe9, 0xff, 0xe7, 0xef, 0xe9, 0xff, 0xe8, 0xee, 0xe9, 0xff, 0xe9, 0xee, 0xe9, 0xff, 0xea, 0xee, 0xe9, 0xff, 0xea, 0xee, 0xe9, 0xff, 0xeb, 0xee, 0xe9, 0xff, 0xea, 0xee, 0xe9, 0xff, 0xe7, 0xee, 0xe9, 0xff, 0xe6, 0xef, 0xe9, 0xff, 0xe7, 0xee, 0xe9, 0xff, 0xe8, 0xee, 0xe9, 0xff, 0xe8, 0xee, 0xe9, 0xff, 0xe9, 0xee, 0xe9, 0xff, 0xe9, 0xee, 0xe9, 0xff, 0xe9, 0xee, 0xe9, 0xff, 0xea, 0xee, 0xe9, 0xff, 0xea, 0xee, 0xe9, 0xff, 0xea, 0xee, 0xe9, 0xff, 0xea, 0xee, 0xe9, 0xff, 0xea, 0xee, 0xe9, 0xff, 0xe9, 0xee, 0xe9, 0xff, 0xe9, 0xee, 0xe9, 0xff, 0xe9, 0xee, 0xe8, 0xff, 0xe9, 0xef, 0xe7, 0xff, 0xe8, 0xf0, 0xe6, 0xff, 0xe8, 0xf0, 0xe6, 0xff, 0xe8, 0xf0, 0xe6, 0xff, 0xe8, 0xf0, 0xe6, 0xff, 0xe8, 0xf0, 0xe6, 0xff, 0xe9, 0xf0, 0xe6, 0xff, 0xe9, 0xf0, 0xe6, 0xff, 0xe7, 0xef, 0xe5, 0xff, 0xe7, 0xef, 0xe5, 0xff, 0xe7, 0xef, 0xe5, 0xff, 0xe7, 0xef, 0xe5, 0xff, 0xe6, 0xef, 0xe5, 0xff, 0xe6, 0xef, 0xe5, 0xff, 0xe6, 0xef, 0xe5, 0xff, 0xe6, 0xef, 0xe4, 0xff, 0xe9, 0xf0, 0xe5, 0xff, 0xe9, 0xef, 0xe3, 0xff, 0xe9, 0xef, 0xe3, 0xff, 0xea, 0xef, 0xe4, 0xff, 0xec, 0xef, 0xe6, 0xff, 0xed, 0xee, 0xe7, 0xff, 0xec, 0xee, 0xe8, 0xff, 0xeb, 0xec, 0xe8, 0xff, 0xe9, 0xeb, 0xe8, 0xff, 0xe7, 0xec, 0xe7, 0xff, 0xe5, 0xed, 0xe5, 0xff, 0xe4, 0xf0, 0xe4, 0xff, 0xe3, 0xf3, 0xe2, 0xff, 0xe1, 0xf4, 0xdd, 0xff, 0xdf, 0xf5, 0xd9, 0xff, 0xd6, 0xf8, 0xd2, 0xff, 0xc5, 0xfb, 0xc6, 0xff, 0xbe, 0xfe, 0xc2, 0xff, 0xbd, 0xfe, 0xc1, 0xff, 0xbc, 0xfd, 0xbf, 0xff, 
  0xc1, 0xfe, 0xc2, 0xff, 0xc2, 0xfc, 0xc2, 0xff, 0xc6, 0xfa, 0xc5, 0xff, 0xcc, 0xf9, 0xcb, 0xff, 0xd3, 0xf8, 0xd1, 0xff, 0xdb, 0xf7, 0xd9, 0xff, 0xe2, 0xf6, 0xe0, 0xff, 0xe6, 0xf3, 0xe4, 0xff, 0xe7, 0xef, 0xe5, 0xff, 0xe9, 0xed, 0xe7, 0xff, 0xeb, 0xed, 0xe9, 0xff, 0xeb, 0xed, 0xea, 0xff, 0xea, 0xef, 0xeb, 0xff, 0xea, 0xef, 0xea, 0xff, 0xe9, 0xef, 0xea, 0xff, 0xea, 0xf0, 0xe9, 0xff, 0xea, 0xef, 0xe6, 0xff, 0xea, 0xf0, 0xe5, 0xff, 0xea, 0xf0, 0xe5, 0xff, 0xea, 0xf0, 0xe5, 0xff, 0xe9, 0xf0, 0xe5, 0xff, 0xe9, 0xf0, 0xe5, 0xff, 0xe9, 0xf0, 0xe5, 0xff, 0xe9, 0xf0, 0xe5, 0xff, 0xe9, 0xf0, 0xe5, 0xff, 0xe9, 0xf0, 0xe5, 0xff, 0xe9, 0xf0, 0xe5, 0xff, 0xea, 0xf0, 0xe5, 0xff, 0xea, 0xf0, 0xe5, 0xff, 0xea, 0xf0, 0xe5, 0xff, 0xea, 0xf0, 0xe5, 0xff, 0xea, 0xf0, 0xe5, 0xff, 0xe9, 0xf0, 0xe5, 0xff, 0xe9, 0xf0, 0xe5, 0xff, 0xe9, 0xf0, 0xe5, 0xff, 0xe9, 0xf0, 0xe5, 0xff, 0xea, 0xf0, 0xe5, 0xff, 0xea, 0xf0, 0xe5, 0xff, 0xea, 0xf0, 0xe5, 0xff, 0xea, 0xf0, 0xe5, 0xff, 0xea, 0xf0, 0xe5, 0xff, 0xea, 0xf0, 0xe5, 0xff, 0xeb, 0xef, 0xe5, 0xff, 0xeb, 0xef, 0xe5, 0xff, 0xeb, 0xef, 0xe5, 0xff, 0xeb, 0xf0, 0xe5, 0xff, 0xeb, 0xf0, 0xe5, 0xff, 0xea, 0xef, 0xe7, 0xff, 0xe9, 0xee, 0xe9, 0xff, 0xe8, 0xed, 0xeb, 0xff, 0xe8, 0xed, 0xeb, 0xff, 0xe8, 0xed, 0xeb, 0xff, 0xe8, 0xed, 0xeb, 0xff, 0xe9, 0xed, 0xeb, 0xff, 0xe9, 0xed, 0xeb, 0xff, 0xea, 0xed, 0xeb, 0xff, 0xea, 0xed, 0xeb, 0xff, 0xeb, 0xed, 0xeb, 0xff, 0xeb, 0xed, 0xeb, 0xff, 0xea, 0xed, 0xeb, 0xff, 0xea, 0xed, 0xeb, 0xff, 0xea, 0xed, 0xeb, 0xff, 0xea, 0xed, 0xeb, 0xff, 0xea, 0xed, 0xea, 0xff, 0xeb, 0xf0, 0xe8, 0xff, 0xeb, 0xf1, 0xe7, 0xff, 0xea, 0xef, 0xe6, 0xff, 0xea, 0xef, 0xe6, 0xff, 0xeb, 0xef, 0xe6, 0xff, 0xeb, 0xef, 0xe7, 0xff, 0xea, 0xee, 0xe8, 0xff, 0xe8, 0xee, 0xe7, 0xff, 0xe5, 0xed, 0xe6, 0xff, 0xe3, 0xee, 0xe5, 0xff, 0xe2, 0xf0, 0xe4, 0xff, 0xdf, 0xf2, 0xe1, 0xff, 0xde, 0xf6, 0xde, 0xff, 0xda, 0xf6, 0xd8, 0xff, 0xd7, 0xf6, 0xd3, 0xff, 0xd0, 0xf8, 0xce, 0xff, 0xc2, 0xfb, 0xc4, 0xff, 0xbd, 0xfe, 0xc1, 0xff, 0xbd, 0xfe, 0xc0, 0xff, 0xbd, 0xfe, 0xc0, 0xff, 
  0xbe, 0xff, 0xbe, 0xff, 0xbf, 0xfe, 0xc0, 0xff, 0xc2, 0xfc, 0xc2, 0xff, 0xc7, 0xfa, 0xc6, 0xff, 0xcc, 0xf9, 0xcb, 0xff, 0xd2, 0xf7, 0xd2, 0xff, 0xda, 0xf7, 0xd9, 0xff, 0xe0, 0xf6, 0xdf, 0xff, 0xe2, 0xf2, 0xe1, 0xff, 0xe4, 0xf0, 0xe3, 0xff, 0xe7, 0xf0, 0xe6, 0xff, 0xe7, 0xef, 0xe7, 0xff, 0xe8, 0xf0, 0xe9, 0xff, 0xe8, 0xf0, 0xe9, 0xff, 0xe8, 0xf0, 0xe9, 0xff, 0xe9, 0xf0, 0xe8, 0xff, 0xea, 0xf0, 0xe5, 0xff, 0xeb, 0xf0, 0xe4, 0xff, 0xeb, 0xf0, 0xe4, 0xff, 0xeb, 0xf0, 0xe4, 0xff, 0xeb, 0xf0, 0xe4, 0xff, 0xeb, 0xf0, 0xe4, 0xff, 0xeb, 0xf0, 0xe4, 0xff, 0xea, 0xf0, 0xe4, 0xff, 0xeb, 0xf1, 0xe5, 0xff, 0xeb, 0xf1, 0xe5, 0xff, 0xeb, 0xf1, 0xe5, 0xff, 0xea, 0xf1, 0xe5, 0xff, 0xea, 0xf1, 0xe5, 0xff, 0xea, 0xf2, 0xe5, 0xff, 0xe9, 0xf2, 0xe5, 0xff, 0xe9, 0xf2, 0xe5, 0xff, 0xe9, 0xf0, 0xe4, 0xff, 0xea, 0xf0, 0xe4, 0xff, 0xea, 0xf0, 0xe4, 0xff, 0xea, 0xf0, 0xe4, 0xff, 0xe9, 0xf0, 0xe4, 0xff, 0xe9, 0xf0, 0xe4, 0xff, 0xe9, 0xf0, 0xe4, 0xff, 0xe9, 0xf0, 0xe4, 0xff, 0xe9, 0xf0, 0xe4, 0xff, 0xe9, 0xf0, 0xe4, 0xff, 0xea, 0xf0, 0xe4, 0xff, 0xeb, 0xf0, 0xe4, 0xff, 0xeb, 0xf0, 0xe4, 0xff, 0xec, 0xf0, 0xe4, 0xff, 0xec, 0xf0, 0xe4, 0xff, 0xeb, 0xef, 0xe6, 0xff, 0xe9, 0xed, 0xeb, 0xff, 0xe7, 0xec, 0xed, 0xff, 0xe7, 0xec, 0xed, 0xff, 0xe7, 0xec, 0xed, 0xff, 0xe7, 0xec, 0xed, 0xff, 0xe8, 0xec, 0xed, 0xff, 0xe9, 0xec, 0xed, 0xff, 0xea, 0xec, 0xed, 0xff, 0xec, 0xed, 0xee, 0xff, 0xec, 0xed, 0xee, 0xff, 0xec, 0xed, 0xee, 0xff, 0xed, 0xed, 0xee, 0xff, 0xed, 0xed, 0xee, 0xff, 0xed, 0xed, 0xee, 0xff, 0xed, 0xed, 0xee, 0xff, 0xec, 0xed, 0xec, 0xff, 0xec, 0xf0, 0xea, 0xff, 0xea, 0xf0, 0xe7, 0xff, 0xe9, 0xf0, 0xe6, 0xff, 0xe9, 0xf0, 0xe6, 0xff, 0xe8, 0xf0, 0xe5, 0xff, 0xe9, 0xf1, 0xe6, 0xff, 0xe8, 0xf1, 0xe7, 0xff, 0xe5, 0xf1, 0xe6, 0xff, 0xe4, 0xf2, 0xe6, 0xff, 0xe2, 0xf4, 0xe4, 0xff, 0xde, 0xf4, 0xe1, 0xff, 0xda, 0xf6, 0xdd, 0xff, 0xd6, 0xf7, 0xd7, 0xff, 0xd3, 0xf9, 0xd3, 0xff, 0xce, 0xf7, 0xcd, 0xff, 0xc8, 0xf8, 0xc7, 0xff, 0xc0, 0xfb, 0xc2, 0xff, 0xbd, 0xfe, 0xc0, 0xff, 0xbd, 0xfe, 0xc0, 0xff, 0xbe, 0xff, 0xc0, 0xff, 
  0xbc, 0xff, 0xbc, 0xff, 0xbd, 0xff, 0xbd, 0xff, 0xc0, 0xff, 0xc0, 0xff, 0xc3, 0xfd, 0xc3, 0xff, 0xc6, 0xfb, 0xc6, 0xff, 0xcb, 0xf9, 0xcb, 0xff, 0xd1, 0xf8, 0xd1, 0xff, 0xd6, 0xf8, 0xd7, 0xff, 0xdd, 0xf8, 0xdd, 0xff, 0xe0, 0xf6, 0xe0, 0xff, 0xe2, 0xf4, 0xe3, 0xff, 0xe4, 0xf3, 0xe4, 0xff, 0xe5, 0xf2, 0xe5, 0xff, 0xe5, 0xf1, 0xe5, 0xff, 0xe5, 0xf0, 0xe6, 0xff, 0xe7, 0xf0, 0xe7, 0xff, 0xe9, 0xf1, 0xe7, 0xff, 0xeb, 0xf1, 0xe7, 0xff, 0xeb, 0xf0, 0xe7, 0xff, 0xec, 0xf0, 0xe7, 0xff, 0xec, 0xf0, 0xe7, 0xff, 0xec, 0xf0, 0xe7, 0xff, 0xec, 0xf0, 0xe7, 0xff, 0xec, 0xf0, 0xe7, 0xff, 0xeb, 0xf0, 0xe7, 0xff, 0xeb, 0xf1, 0xe7, 0xff, 0xea, 0xf1, 0xe7, 0xff, 0xe9, 0xf1, 0xe7, 0xff, 0xe8, 0xf1, 0xe7, 0xff, 0xe6, 0xf1, 0xe7, 0xff, 0xe5, 0xf2, 0xe7, 0xff, 0xe6, 0xf2, 0xe7, 0xff, 0xe7, 0xf0, 0xe6, 0xff, 0xe9, 0xf0, 0xe6, 0xff, 0xe9, 0xf0, 0xe6, 0xff, 0xe8, 0xf0, 0xe6, 0xff, 0xe8, 0xf0, 0xe6, 0xff, 0xe7, 0xf0, 0xe6, 0xff, 0xe6, 0xf0, 0xe6, 0xff, 0xe6, 0xf0, 0xe6, 0xff, 0xe6, 0xf0, 0xe6, 0xff, 0xe7, 0xf0, 0xe6, 0xff, 0xe7, 0xf0, 0xe6, 0xff, 0xe9, 0xf0, 0xe6, 0xff, 0xea, 0xf0, 0xe6, 0xff, 0xeb, 0xef, 0xe6, 0xff, 0xec, 0xef, 0xe6, 0xff, 0xea, 0xef, 0xe7, 0xff, 0xe8, 0xef, 0xeb, 0xff, 0xe7, 0xee, 0xec, 0xff, 0xe7, 0xee, 0xec, 0xff, 0xe7, 0xee, 0xec, 0xff, 0xe7, 0xee, 0xec, 0xff, 0xe7, 0xee, 0xec, 0xff, 0xe8, 0xee, 0xec, 0xff, 0xe9, 0xee, 0xec, 0xff, 0xea, 0xee, 0xec, 0xff, 0xeb, 0xee, 0xec, 0xff, 0xeb, 0xee, 0xec, 0xff, 0xec, 0xed, 0xec, 0xff, 0xed, 0xed, 0xec, 0xff, 0xed, 0xed, 0xec, 0xff, 0xee, 0xed, 0xec, 0xff, 0xec, 0xee, 0xeb, 0xff, 0xe9, 0xf0, 0xe9, 0xff, 0xe7, 0xf1, 0xe7, 0xff, 0xe6, 0xf0, 0xe6, 0xff, 0xe6, 0xf1, 0xe5, 0xff, 0xe6, 0xf2, 0xe5, 0xff, 0xe5, 0xf3, 0xe4, 0xff, 0xe3, 0xf4, 0xe4, 0xff, 0xe0, 0xf3, 0xe2, 0xff, 0xe0, 0xf6, 0xe3, 0xff, 0xdc, 0xf7, 0xe0, 0xff, 0xd7, 0xf7, 0xdb, 0xff, 0xd2, 0xf7, 0xd6, 0xff, 0xcd, 0xf9, 0xd0, 0xff, 0xc9, 0xfa, 0xcb, 0xff, 0xc6, 0xfb, 0xc6, 0xff, 0xc3, 0xfb, 0xc3, 0xff, 0xbf, 0xfc, 0xc0, 0xff, 0xbe, 0xfe, 0xc0, 0xff, 0xbf, 0xff, 0xc1, 0xff, 0xbf, 0xff, 0xc0, 0xff, 
  0xbc, 0xff, 0xbb, 0xff, 0xbd, 0xff, 0xbd, 0xff, 0xbf, 0xff, 0xbe, 0xff, 0xc0, 0xff, 0xc0, 0xff, 0xc3, 0xfd, 0xc3, 0xff, 0xc5, 0xfb, 0xc6, 0xff, 0xc9, 0xfa, 0xca, 0xff, 0xcc, 0xf8, 0xcd, 0xff, 0xd2, 0xf8, 0xd4, 0xff, 0xd6, 0xf7, 0xd8, 0xff, 0xda, 0xf6, 0xdc, 0xff, 0xdd, 0xf6, 0xdf, 0xff, 0xe0, 0xf5, 0xe1, 0xff, 0xe2, 0xf5, 0xe4, 0xff, 0xe3, 0xf4, 0xe5, 0xff, 0xe5, 0xf5, 0xe7, 0xff, 0xe5, 0xf4, 0xe6, 0xff, 0xe6, 0xf3, 0xe6, 0xff, 0xe8, 0xf3, 0xe6, 0xff, 0xe9, 0xf3, 0xe6, 0xff, 0xea, 0xf3, 0xe6, 0xff, 0xea, 0xf3, 0xe6, 0xff, 0xeb, 0xf3, 0xe6, 0xff, 0xea, 0xf3, 0xe6, 0xff, 0xea, 0xf3, 0xe6, 0xff, 0xe9, 0xf3, 0xe6, 0xff, 0xe8, 0xf3, 0xe6, 0xff, 0xe7, 0xf3, 0xe6, 0xff, 0xe5, 0xf4, 0xe6, 0xff, 0xe3, 0xf4, 0xe6, 0xff, 0xe1, 0xf4, 0xe6, 0xff, 0xe2, 0xf4, 0xe6, 0xff, 0xe6, 0xf3, 0xe6, 0xff, 0xe8, 0xf3, 0xe6, 0xff, 0xe7, 0xf3, 0xe6, 0xff, 0xe7, 0xf3, 0xe6, 0xff, 0xe6, 0xf3, 0xe6, 0xff, 0xe5, 0xf4, 0xe6, 0xff, 0xe4, 0xf4, 0xe6, 0xff, 0xe3, 0xf4, 0xe6, 0xff, 0xe3, 0xf4, 0xe6, 0xff, 0xe4, 0xf4, 0xe6, 0xff, 0xe5, 0xf4, 0xe6, 0xff, 0xe6, 0xf3, 0xe6, 0xff, 0xe8, 0xf3, 0xe6, 0xff, 0xe9, 0xf3, 0xe6, 0xff, 0xea, 0xf3, 0xe6, 0xff, 0xe9, 0xf3, 0xe7, 0xff, 0xe6, 0xf3, 0xe8, 0xff, 0xe4, 0xf3, 0xe8, 0xff, 0xe4, 0xf3, 0xe8, 0xff, 0xe4, 0xf3, 0xe8, 0xff, 0xe4, 0xf3, 0xe8, 0xff, 0xe4, 0xf3, 0xe8, 0xff, 0xe5, 0xf3, 0xe8, 0xff, 0xe6, 0xf3, 0xe8, 0xff, 0xe6, 0xf2, 0xe8, 0xff, 0xe7, 0xf2, 0xe8, 0xff, 0xe8, 0xf2, 0xe8, 0xff, 0xe9, 0xf2, 0xe8, 0xff, 0xea, 0xf2, 0xe8, 0xff, 0xea, 0xf2, 0xe8, 0xff, 0xeb, 0xf1, 0xe8, 0xff, 0xea, 0xf2, 0xe7, 0xff, 0xe6, 0xf3, 0xe6, 0xff, 0xe3, 0xf3, 0xe4, 0xff, 0xe3, 0xf4, 0xe4, 0xff, 0xe3, 0xf5, 0xe3, 0xff, 0xe2, 0xf6, 0xe2, 0xff, 0xe1, 0xf7, 0xe1, 0xff, 0xdf, 0xf7, 0xe0, 0xff, 0xdc, 0xf6, 0xde, 0xff, 0xd7, 0xf6, 0xda, 0xff, 0xd3, 0xf6, 0xd7, 0xff, 0xce, 0xf6, 0xd3, 0xff, 0xc8, 0xf7, 0xcd, 0xff, 0xc5, 0xf9, 0xc9, 0xff, 0xc3, 0xfc, 0xc5, 0xff, 0xc0, 0xfd, 0xc1, 0xff, 0xbf, 0xfe, 0xbf, 0xff, 0xbf, 0xfe, 0xbf, 0xff, 0xbf, 0xfe, 0xbf, 0xff, 0xc0, 0xff, 0xc0, 0xff, 0xc0, 0xff, 0xc0, 0xff, 
  0xbe, 0xff, 0xbc, 0xff, 0xbe, 0xff, 0xbd, 0xff, 0xbe, 0xff, 0xbe, 0xff, 0xbf, 0xff, 0xbf, 0xff, 0xc0, 0xfe, 0xc1, 0xff, 0xc2, 0xfd, 0xc3, 0xff, 0xc3, 0xfc, 0xc5, 0xff, 0xc6, 0xfa, 0xc7, 0xff, 0xc8, 0xf8, 0xca, 0xff, 0xcb, 0xf6, 0xcd, 0xff, 0xcf, 0xf6, 0xd2, 0xff, 0xd3, 0xf7, 0xd6, 0xff, 0xd8, 0xf7, 0xda, 0xff, 0xda, 0xf7, 0xdd, 0xff, 0xdc, 0xf7, 0xdf, 0xff, 0xdc, 0xf7, 0xe0, 0xff, 0xdc, 0xf6, 0xe1, 0xff, 0xdd, 0xf6, 0xe1, 0xff, 0xde, 0xf6, 0xe1, 0xff, 0xe0, 0xf6, 0xe1, 0xff, 0xe1, 0xf5, 0xe1, 0xff, 0xe3, 0xf5, 0xe1, 0xff, 0xe3, 0xf5, 0xe1, 0xff, 0xe3, 0xf5, 0xe1, 0xff, 0xe2, 0xf4, 0xe0, 0xff, 0xe2, 0xf4, 0xe0, 0xff, 0xe1, 0xf4, 0xe0, 0xff, 0xdf, 0xf5, 0xe0, 0xff, 0xdd, 0xf5, 0xe0, 0xff, 0xdb, 0xf5, 0xe0, 0xff, 0xda, 0xf6, 0xe0, 0xff, 0xdb, 0xf5, 0xe0, 0xff, 0xe0, 0xf6, 0xe1, 0xff, 0xe1, 0xf5, 0xe1, 0xff, 0xe0, 0xf5, 0xe1, 0xff, 0xdf, 0xf6, 0xe1, 0xff, 0xde, 0xf6, 0xe1, 0xff, 0xdd, 0xf6, 0xe1, 0xff, 0xdc, 0xf6, 0xe1, 0xff, 0xdb, 0xf6, 0xe1, 0xff, 0xdb, 0xf6, 0xe1, 0xff, 0xdc, 0xf6, 0xe1, 0xff, 0xdd, 0xf6, 0xe1, 0xff, 0xde, 0xf6, 0xe1, 0xff, 0xe0, 0xf6, 0xe1, 0xff, 0xe1, 0xf5, 0xe1, 0xff, 0xe2, 0xf5, 0xe1, 0xff, 0xe1, 0xf6, 0xe0, 0xff, 0xe0, 0xf7, 0xdf, 0xff, 0xdf, 0xf7, 0xde, 0xff, 0xde, 0xf8, 0xde, 0xff, 0xde, 0xf8, 0xde, 0xff, 0xde, 0xf8, 0xde, 0xff, 0xde, 0xf8, 0xde, 0xff, 0xde, 0xf8, 0xde, 0xff, 0xde, 0xf7, 0xde, 0xff, 0xde, 0xf6, 0xdd, 0xff, 0xde, 0xf6, 0xdd, 0xff, 0xdf, 0xf6, 0xdd, 0xff, 0xe0, 0xf6, 0xdd, 0xff, 0xe0, 0xf6, 0xdd, 0xff, 0xe0, 0xf6, 0xdd, 0xff, 0xe1, 0xf6, 0xdd, 0xff, 0xe0, 0xf6, 0xdd, 0xff, 0xde, 0xf6, 0xdf, 0xff, 0xdd, 0xf6, 0xde, 0xff, 0xdc, 0xf7, 0xdd, 0xff, 0xdc, 0xf8, 0xdd, 0xff, 0xdb, 0xf9, 0xdc, 0xff, 0xd9, 0xf9, 0xda, 0xff, 0xd6, 0xf7, 0xd8, 0xff, 0xd3, 0xf7, 0xd6, 0xff, 0xce, 0xf5, 0xd1, 0xff, 0xca, 0xf6, 0xce, 0xff, 0xc6, 0xf6, 0xcb, 0xff, 0xc3, 0xf9, 0xc8, 0xff, 0xc1, 0xfb, 0xc4, 0xff, 0xc0, 0xfe, 0xc1, 0xff, 0xbe, 0xff, 0xbe, 0xff, 0xbd, 0xff, 0xbd, 0xff, 0xc0, 0xff, 0xbf, 0xff, 0xc1, 0xff, 0xc0, 0xff, 0xc1, 0xff, 0xc0, 0xff, 0xc1, 0xff, 0xc0, 0xff, 
  0xc0, 0xff, 0xbf, 0xff, 0xbf, 0xff, 0xbe, 0xff, 0xbe, 0xff, 0xbd, 0xff, 0xbe, 0xff, 0xbe, 0xff, 0xbf, 0xff, 0xc0, 0xff, 0xbf, 0xff, 0xc1, 0xff, 0xc0, 0xfe, 0xc2, 0xff, 0xc0, 0xfc, 0xc2, 0xff, 0xc4, 0xfc, 0xc7, 0xff, 0xc6, 0xfb, 0xc9, 0xff, 0xc8, 0xf9, 0xcb, 0xff, 0xca, 0xf8, 0xce, 0xff, 0xcc, 0xf6, 0xd0, 0xff, 0xce, 0xf5, 0xd1, 0xff, 0xce, 0xf3, 0xd2, 0xff, 0xcd, 0xf3, 0xd2, 0xff, 0xcf, 0xf6, 0xd5, 0xff, 0xcf, 0xf7, 0xd5, 0xff, 0xd0, 0xf6, 0xd5, 0xff, 0xd2, 0xf6, 0xd5, 0xff, 0xd4, 0xf5, 0xd5, 0xff, 0xd5, 0xf5, 0xd5, 0xff, 0xd7, 0xf5, 0xd5, 0xff, 0xd7, 0xf5, 0xd5, 0xff, 0xd6, 0xf4, 0xd4, 0xff, 0xd6, 0xf4, 0xd4, 0xff, 0xd5, 0xf4, 0xd4, 0xff, 0xd4, 0xf4, 0xd4, 0xff, 0xd1, 0xf5, 0xd4, 0xff, 0xd0, 0xf5, 0xd4, 0xff, 0xcf, 0xf5, 0xd4, 0xff, 0xd0, 0xf5, 0xd4, 0xff, 0xd3, 0xf4, 0xd4, 0xff, 0xd4, 0xf4, 0xd4, 0xff, 0xd3, 0xf4, 0xd4, 0xff, 0xd2, 0xf5, 0xd4, 0xff, 0xd1, 0xf5, 0xd4, 0xff, 0xcf, 0xf5, 0xd4, 0xff, 0xcf, 0xf5, 0xd4, 0xff, 0xce, 0xf5, 0xd4, 0xff, 0xce, 0xf5, 0xd4, 0xff, 0xce, 0xf5, 0xd4, 0xff, 0xcf, 0xf5, 0xd4, 0xff, 0xd0, 0xf5, 0xd4, 0xff, 0xd2, 0xf5, 0xd4, 0xff, 0xd3, 0xf4, 0xd4, 0xff, 0xd4, 0xf4, 0xd4, 0xff, 0xd4, 0xf5, 0xd3, 0xff, 0xd5, 0xf7, 0xd2, 0xff, 0xd5, 0xf8, 0xd0, 0xff, 0xd4, 0xf8, 0xd0, 0xff, 0xd3, 0xf8, 0xd0, 0xff, 0xd3, 0xf8, 0xd0, 0xff, 0xd3, 0xf8, 0xd0, 0xff, 0xd2, 0xf8, 0xd0, 0xff, 0xd2, 0xf8, 0xd0, 0xff, 0xd2, 0xf8, 0xd0, 0xff, 0xd2, 0xf8, 0xd0, 0xff, 0xd3, 0xf8, 0xd0, 0xff, 0xd3, 0xf8, 0xd0, 0xff, 0xd3, 0xf8, 0xd0, 0xff, 0xd3, 0xf8, 0xd0, 0xff, 0xd4, 0xf8, 0xd0, 0xff, 0xd4, 0xf7, 0xd2, 0xff, 0xd2, 0xf5, 0xd3, 0xff, 0xd1, 0xf5, 0xd3, 0xff, 0xd2, 0xf7, 0xd3, 0xff, 0xd1, 0xf7, 0xd2, 0xff, 0xd0, 0xf8, 0xd2, 0xff, 0xcf, 0xf7, 0xd0, 0xff, 0xcb, 0xf5, 0xcc, 0xff, 0xc7, 0xf4, 0xca, 0xff, 0xc8, 0xf7, 0xcc, 0xff, 0xc5, 0xf8, 0xc9, 0xff, 0xc3, 0xf9, 0xc7, 0xff, 0xc2, 0xfc, 0xc6, 0xff, 0xc1, 0xff, 0xc3, 0xff, 0xc0, 0xff, 0xc0, 0xff, 0xbd, 0xff, 0xbc, 0xff, 0xbd, 0xff, 0xbb, 0xff, 0xc0, 0xff, 0xbf, 0xff, 0xc1, 0xfe, 0xc0, 0xff, 0xc1, 0xfe, 0xc0, 0xff, 0xc1, 0xfe, 0xc0, 0xff, 
  0xc2, 0xfe, 0xc0, 0xff, 0xc2, 0xff, 0xc0, 0xff, 0xc1, 0xff, 0xc0, 0xff, 0xc0, 0xff, 0xc0, 0xff, 0xbf, 0xff, 0xbf, 0xff, 0xbe, 0xff, 0xc0, 0xff, 0xbe, 0xff, 0xc0, 0xff, 0xbe, 0xff, 0xc1, 0xff, 0xbf, 0xfd, 0xc1, 0xff, 0xc0, 0xfc, 0xc2, 0xff, 0xc1, 0xfb, 0xc4, 0xff, 0xc2, 0xfa, 0xc6, 0xff, 0xc4, 0xf9, 0xc7, 0xff, 0xc6, 0xf8, 0xc9, 0xff, 0xc7, 0xf7, 0xca, 0xff, 0xc6, 0xf8, 0xcb, 0xff, 0xc3, 0xfa, 0xc9, 0xff, 0xc3, 0xfb, 0xc9, 0xff, 0xc5, 0xfb, 0xc9, 0xff, 0xc5, 0xfa, 0xc8, 0xff, 0xc7, 0xf9, 0xc8, 0xff, 0xca, 0xfa, 0xc9, 0xff, 0xca, 0xf9, 0xc8, 0xff, 0xc9, 0xf6, 0xc5, 0xff, 0xca, 0xf6, 0xc6, 0xff, 0xca, 0xf6, 0xc6, 0xff, 0xc9, 0xf7, 0xc6, 0xff, 0xc8, 0xf7, 0xc6, 0xff, 0xc7, 0xf7, 0xc6, 0xff, 0xc6, 0xf7, 0xc6, 0xff, 0xc5, 0xf7, 0xc6, 0xff, 0xc5, 0xf7, 0xc6, 0xff, 0xc6, 0xf6, 0xc5, 0xff, 0xc7, 0xf7, 0xc6, 0xff, 0xc7, 0xf8, 0xc7, 0xff, 0xc6, 0xf8, 0xc7, 0xff, 0xc5, 0xf7, 0xc6, 0xff, 0xc4, 0xf8, 0xc6, 0xff, 0xc3, 0xf8, 0xc6, 0xff, 0xc3, 0xf8, 0xc6, 0xff, 0xc1, 0xf6, 0xc4, 0xff, 0xc4, 0xf9, 0xc7, 0xff, 0xc4, 0xf9, 0xc7, 0xff, 0xc4, 0xf8, 0xc6, 0xff, 0xc5, 0xf7, 0xc6, 0xff, 0xc7, 0xf8, 0xc7, 0xff, 0xc7, 0xf7, 0xc6, 0xff, 0xc4, 0xf3, 0xc2, 0xff, 0xcc, 0xf9, 0xc6, 0xff, 0xcd, 0xfa, 0xc6, 0xff, 0xcc, 0xfa, 0xc6, 0xff, 0xcb, 0xfa, 0xc6, 0xff, 0xc9, 0xfa, 0xc6, 0xff, 0xc8, 0xfa, 0xc6, 0xff, 0xc8, 0xfb, 0xc6, 0xff, 0xc6, 0xfa, 0xc5, 0xff, 0xc3, 0xf8, 0xc3, 0xff, 0xc3, 0xf8, 0xc3, 0xff, 0xc5, 0xfa, 0xc5, 0xff, 0xc7, 0xfc, 0xc7, 0xff, 0xc4, 0xf9, 0xc4, 0xff, 0xc1, 0xf6, 0xc1, 0xff, 0xc4, 0xf8, 0xc3, 0xff, 0xc9, 0xfc, 0xc9, 0xff, 0xc6, 0xf6, 0xc8, 0xff, 0xc7, 0xf7, 0xca, 0xff, 0xc7, 0xf7, 0xc9, 0xff, 0xc8, 0xf9, 0xc9, 0xff, 0xc8, 0xf9, 0xc8, 0xff, 0xc7, 0xfa, 0xc8, 0xff, 0xc5, 0xf9, 0xc7, 0xff, 0xc5, 0xf9, 0xc6, 0xff, 0xc3, 0xf8, 0xc5, 0xff, 0xc2, 0xf9, 0xc4, 0xff, 0xc2, 0xfb, 0xc4, 0xff, 0xc1, 0xfd, 0xc3, 0xff, 0xc0, 0xff, 0xc1, 0xff, 0xbf, 0xff, 0xbe, 0xff, 0xbe, 0xff, 0xbc, 0xff, 0xbf, 0xff, 0xbc, 0xff, 0xc0, 0xff, 0xbf, 0xff, 0xc1, 0xfe, 0xc0, 0xff, 0xc1, 0xfe, 0xc0, 0xff, 0xc1, 0xfe, 0xc0, 0xff, 
  0xc4, 0xfd, 0xc3, 0xff, 0xc3, 0xfd, 0xc2, 0xff, 0xc2, 0xfe, 0xc1, 0xff, 0xc1, 0xfe, 0xc1, 0xff, 0xbf, 0xff, 0xc0, 0xff, 0xbe, 0xff, 0xbf, 0xff, 0xbd, 0xff, 0xbf, 0xff, 0xbd, 0xff, 0xbf, 0xff, 0xbc, 0xff, 0xbf, 0xff, 0xbd, 0xfe, 0xbf, 0xff, 0xbe, 0xfd, 0xc1, 0xff, 0xbf, 0xfd, 0xc2, 0xff, 0xc0, 0xfc, 0xc3, 0xff, 0xc2, 0xfc, 0xc5, 0xff, 0xc3, 0xfb, 0xc6, 0xff, 0xc1, 0xfc, 0xc6, 0xff, 0xbc, 0xfd, 0xc2, 0xff, 0xbc, 0xff, 0xc2, 0xff, 0xbd, 0xfd, 0xc1, 0xff, 0xbc, 0xfb, 0xbf, 0xff, 0xbe, 0xfc, 0xc0, 0xff, 0xc3, 0xff, 0xc3, 0xff, 0xc4, 0xfe, 0xc3, 0xff, 0xc4, 0xfd, 0xc2, 0xff, 0xc4, 0xfc, 0xc1, 0xff, 0xc4, 0xfc, 0xc1, 0xff, 0xc4, 0xfc, 0xc1, 0xff, 0xc3, 0xfc, 0xc1, 0xff, 0xc3, 0xfc, 0xc1, 0xff, 0xc2, 0xfc, 0xc1, 0xff, 0xc1, 0xfd, 0xc1, 0xff, 0xc1, 0xfd, 0xc1, 0xff, 0xc3, 0xff, 0xc3, 0xff, 0xc1, 0xfd, 0xc1, 0xff, 0xc0, 0xfc, 0xc0, 0xff, 0xc0, 0xfc, 0xc0, 0xff, 0xc0, 0xfc, 0xc0, 0xff, 0xc0, 0xfc, 0xc0, 0xff, 0xbf, 0xfc, 0xc0, 0xff, 0xbf, 0xfc, 0xc0, 0xff, 0xbf, 0xfc, 0xc0, 0xff, 0xbf, 0xfd, 0xc1, 0xff, 0xbf, 0xfd, 0xc1, 0xff, 0xbe, 0xfc, 0xc0, 0xff, 0xc0, 0xfd, 0xc1, 0xff, 0xc1, 0xfe, 0xc2, 0xff, 0xc3, 0xff, 0xc3, 0xff, 0xc6, 0xff, 0xc4, 0xff, 0xc7, 0xfd, 0xc2, 0xff, 0xc7, 0xfc, 0xc0, 0xff, 0xc6, 0xfc, 0xc0, 0xff, 0xc5, 0xfd, 0xc1, 0xff, 0xc4, 0xfd, 0xc1, 0xff, 0xc2, 0xfe, 0xc1, 0xff, 0xc0, 0xfd, 0xc0, 0xff, 0xbf, 0xfc, 0xbf, 0xff, 0xc1, 0xff, 0xc2, 0xff, 0xbe, 0xfd, 0xc0, 0xff, 0xbd, 0xfc, 0xbf, 0xff, 0xbe, 0xfd, 0xc0, 0xff, 0xc0, 0xfe, 0xc1, 0xff, 0xbf, 0xfd, 0xc0, 0xff, 0xbe, 0xfc, 0xbf, 0xff, 0xbe, 0xfb, 0xbf, 0xff, 0xc1, 0xfb, 0xc3, 0xff, 0xc2, 0xfb, 0xc4, 0xff, 0xc2, 0xfb, 0xc3, 0xff, 0xc2, 0xfb, 0xc3, 0xff, 0xc2, 0xfc, 0xc2, 0xff, 0xc2, 0xfc, 0xc2, 0xff, 0xc3, 0xfd, 0xc3, 0xff, 0xc2, 0xfd, 0xc3, 0xff, 0xc1, 0xfc, 0xc2, 0xff, 0xc1, 0xfc, 0xc2, 0xff, 0xc1, 0xfc, 0xc2, 0xff, 0xc1, 0xfe, 0xc2, 0xff, 0xc0, 0xff, 0xc0, 0xff, 0xc0, 0xff, 0xbe, 0xff, 0xbf, 0xff, 0xbc, 0xff, 0xbf, 0xff, 0xbd, 0xff, 0xc1, 0xff, 0xbf, 0xff, 0xc1, 0xff, 0xc0, 0xff, 0xc1, 0xff, 0xc0, 0xff, 0xc1, 0xff, 0xc0, 0xff, 
  0xc5, 0xfc, 0xc4, 0xff, 0xc4, 0xfc, 0xc4, 0xff, 0xc3, 0xfd, 0xc3, 0xff, 0xc2, 0xfe, 0xc2, 0xff, 0xc0, 0xff, 0xc1, 0xff, 0xbf, 0xff, 0xc0, 0xff, 0xbe, 0xff, 0xbf, 0xff, 0xbd, 0xff, 0xbf, 0xff, 0xbd, 0xff, 0xbf, 0xff, 0xbd, 0xff, 0xbf, 0xff, 0xbd, 0xff, 0xc0, 0xff, 0xbd, 0xff, 0xc0, 0xff, 0xbe, 0xff, 0xc1, 0xff, 0xbe, 0xff, 0xc1, 0xff, 0xbf, 0xfe, 0xc2, 0xff, 0xbe, 0xfe, 0xc2, 0xff, 0xbc, 0xff, 0xc1, 0xff, 0xbb, 0xff, 0xc0, 0xff, 0xba, 0xff, 0xbe, 0xff, 0xba, 0xfe, 0xbd, 0xff, 0xba, 0xfe, 0xbd, 0xff, 0xbd, 0xff, 0xbf, 0xff, 0xbe, 0xff, 0xbf, 0xff, 0xbe, 0xff, 0xbe, 0xff, 0xbf, 0xff, 0xbf, 0xff, 0xbf, 0xff, 0xbf, 0xff, 0xc0, 0xff, 0xbf, 0xff, 0xc0, 0xff, 0xbf, 0xff, 0xc0, 0xff, 0xbf, 0xff, 0xbf, 0xff, 0xbf, 0xff, 0xbe, 0xff, 0xbf, 0xff, 0xbe, 0xff, 0xbf, 0xff, 0xbe, 0xff, 0xbf, 0xff, 0xbd, 0xff, 0xbe, 0xff, 0xbd, 0xff, 0xbe, 0xff, 0xbd, 0xff, 0xbe, 0xff, 0xc0, 0xff, 0xc0, 0xff, 0xc0, 0xff, 0xc0, 0xff, 0xc0, 0xff, 0xc0, 0xff, 0xbf, 0xff, 0xbf, 0xff, 0xbf, 0xff, 0xbf, 0xff, 0xbf, 0xff, 0xbf, 0xff, 0xbe, 0xff, 0xbf, 0xff, 0xbd, 0xff, 0xbf, 0xff, 0xbc, 0xff, 0xbe, 0xff, 0xbb, 0xfe, 0xbd, 0xff, 0xbd, 0xff, 0xbf, 0xff, 0xc1, 0xff, 0xc1, 0xff, 0xc1, 0xfd, 0xbf, 0xff, 0xc2, 0xfd, 0xc0, 0xff, 0xc1, 0xfd, 0xc0, 0xff, 0xc0, 0xfd, 0xc0, 0xff, 0xbf, 0xff, 0xc1, 0xff, 0xbd, 0xfe, 0xc0, 0xff, 0xbc, 0xfe, 0xc0, 0xff, 0xba, 0xfd, 0xbf, 0xff, 0xbb, 0xff, 0xc1, 0xff, 0xba, 0xff, 0xc0, 0xff, 0xb9, 0xfe, 0xbf, 0xff, 0xb9, 0xfd, 0xbf, 0xff, 0xbc, 0xff, 0xc1, 0xff, 0xbf, 0xff, 0xc3, 0xff, 0xbe, 0xff, 0xc2, 0xff, 0xbc, 0xfd, 0xbf, 0xff, 0xbe, 0xff, 0xc1, 0xff, 0xbe, 0xfe, 0xc0, 0xff, 0xbe, 0xfe, 0xbf, 0xff, 0xbe, 0xfd, 0xbd, 0xff, 0xbe, 0xfe, 0xbd, 0xff, 0xbf, 0xff, 0xbe, 0xff, 0xc0, 0xff, 0xbf, 0xff, 0xc2, 0xff, 0xc1, 0xff, 0xc0, 0xfd, 0xc0, 0xff, 0xc1, 0xfe, 0xc2, 0xff, 0xc1, 0xfe, 0xc2, 0xff, 0xc1, 0xfe, 0xc1, 0xff, 0xc1, 0xff, 0xc0, 0xff, 0xc1, 0xff, 0xbe, 0xff, 0xc1, 0xff, 0xbd, 0xff, 0xc0, 0xff, 0xbc, 0xff, 0xc1, 0xff, 0xbf, 0xff, 0xc1, 0xff, 0xbf, 0xff, 0xc1, 0xff, 0xbf, 0xff, 0xc1, 0xff, 0xbf, 0xff, 
  0xc4, 0xfc, 0xc4, 0xff, 0xc3, 0xfc, 0xc4, 0xff, 0xc3, 0xfd, 0xc3, 0xff, 0xc2, 0xfd, 0xc2, 0xff, 0xc0, 0xfe, 0xc1, 0xff, 0xbf, 0xff, 0xc0, 0xff, 0xbf, 0xff, 0xc0, 0xff, 0xbe, 0xff, 0xbf, 0xff, 0xbd, 0xff, 0xbf, 0xff, 0xbd, 0xff, 0xbf, 0xff, 0xbd, 0xff, 0xbf, 0xff, 0xbd, 0xff, 0xbf, 0xff, 0xbd, 0xff, 0xbf, 0xff, 0xbd, 0xff, 0xc0, 0xff, 0xbe, 0xff, 0xc0, 0xff, 0xbe, 0xff, 0xc0, 0xff, 0xbd, 0xff, 0xbe, 0xff, 0xbd, 0xff, 0xbe, 0xff, 0xbd, 0xff, 0xbe, 0xff, 0xbd, 0xff, 0xbe, 0xff, 0xbd, 0xff, 0xbf, 0xff, 0xbd, 0xff, 0xbf, 0xff, 0xbc, 0xff, 0xbe, 0xff, 0xba, 0xfd, 0xbc, 0xff, 0xbc, 0xff, 0xbf, 0xff, 0xbc, 0xff, 0xbf, 0xff, 0xbd, 0xff, 0xbf, 0xff, 0xbd, 0xff, 0xbf, 0xff, 0xbd, 0xff, 0xbf, 0xff, 0xbd, 0xff, 0xbf, 0xff, 0xbd, 0xff, 0xbf, 0xff, 0xbc, 0xff, 0xbf, 0xff, 0xbb, 0xfe, 0xbd, 0xff, 0xbc, 0xff, 0xbe, 0xff, 0xbd, 0xff, 0xbf, 0xff, 0xbe, 0xff, 0xbf, 0xff, 0xc0, 0xff, 0xc0, 0xff, 0xc0, 0xff, 0xbf, 0xff, 0xc1, 0xff, 0xbf, 0xff, 0xc0, 0xfe, 0xbe, 0xff, 0xc0, 0xfe, 0xbe, 0xff, 0xbd, 0xfc, 0xbc, 0xff, 0xbd, 0xfe, 0xbd, 0xff, 0xbe, 0xff, 0xbf, 0xff, 0xbc, 0xff, 0xbf, 0xff, 0xb9, 0xfe, 0xbd, 0xff, 0xb8, 0xfd, 0xbc, 0xff, 0xba, 0xfe, 0xbe, 0xff, 0xbf, 0xff, 0xc0, 0xff, 0xbf, 0xfe, 0xc0, 0xff, 0xbf, 0xfe, 0xc0, 0xff, 0xbe, 0xfe, 0xc0, 0xff, 0xbd, 0xff, 0xc1, 0xff, 0xbc, 0xff, 0xc1, 0xff, 0xba, 0xfe, 0xc0, 0xff, 0xb9, 0xfe, 0xbf, 0xff, 0xb6, 0xfc, 0xbd, 0xff, 0xb9, 0xff, 0xc0, 0xff, 0xbb, 0xff, 0xc1, 0xff, 0xba, 0xfd, 0xbf, 0xff, 0xba, 0xfc, 0xbe, 0xff, 0xbd, 0xfe, 0xc0, 0xff, 0xbf, 0xff, 0xc1, 0xff, 0xbe, 0xfe, 0xc0, 0xff, 0xbd, 0xff, 0xc0, 0xff, 0xbc, 0xff, 0xbe, 0xff, 0xbd, 0xff, 0xbe, 0xff, 0xbd, 0xff, 0xbd, 0xff, 0xbd, 0xff, 0xbc, 0xff, 0xbd, 0xff, 0xbc, 0xff, 0xbf, 0xff, 0xbd, 0xff, 0xc0, 0xff, 0xbe, 0xff, 0xc0, 0xff, 0xc0, 0xff, 0xc0, 0xff, 0xc1, 0xff, 0xc1, 0xfe, 0xc1, 0xff, 0xc1, 0xfe, 0xc1, 0xff, 0xc1, 0xff, 0xc0, 0xff, 0xc1, 0xff, 0xbf, 0xff, 0xc0, 0xff, 0xbd, 0xff, 0xc0, 0xff, 0xbd, 0xff, 0xc1, 0xff, 0xbf, 0xff, 0xc1, 0xff, 0xbf, 0xff, 0xc1, 0xff, 0xbf, 0xff, 0xc1, 0xff, 0xbf, 0xff, 
  0xc1, 0xfd, 0xc3, 0xff, 0xc1, 0xfe, 0xc2, 0xff, 0xc1, 0xfe, 0xc2, 0xff, 0xc0, 0xfe, 0xc2, 0xff, 0xc0, 0xfe, 0xc2, 0xff, 0xc0, 0xfe, 0xc1, 0xff, 0xbf, 0xff, 0xc0, 0xff, 0xbf, 0xff, 0xc0, 0xff, 0xc0, 0xff, 0xc1, 0xff, 0xc0, 0xff, 0xc1, 0xff, 0xbf, 0xff, 0xc0, 0xff, 0xbf, 0xff, 0xc0, 0xff, 0xbf, 0xff, 0xc0, 0xff, 0xbf, 0xff, 0xc0, 0xff, 0xbf, 0xff, 0xc0, 0xff, 0xc1, 0xfe, 0xc1, 0xff, 0xc3, 0xfb, 0xbf, 0xff, 0xc5, 0xfb, 0xc0, 0xff, 0xc4, 0xfb, 0xc0, 0xff, 0xc3, 0xfc, 0xc1, 0xff, 0xc2, 0xfe, 0xc2, 0xff, 0xc0, 0xfe, 0xc2, 0xff, 0xbe, 0xfd, 0xc1, 0xff, 0xbd, 0xfd, 0xc1, 0xff, 0xbd, 0xff, 0xc2, 0xff, 0xbc, 0xff, 0xc2, 0xff, 0xbc, 0xff, 0xc2, 0xff, 0xbc, 0xff, 0xc2, 0xff, 0xbc, 0xff, 0xc2, 0xff, 0xbd, 0xff, 0xc2, 0xff, 0xbc, 0xff, 0xc2, 0xff, 0xbd, 0xff, 0xc2, 0xff, 0xbd, 0xff, 0xc2, 0xff, 0xbe, 0xfe, 0xc2, 0xff, 0xc0, 0xff, 0xc3, 0xff, 0xc0, 0xfd, 0xc1, 0xff, 0xc1, 0xfb, 0xc0, 0xff, 0xc2, 0xfa, 0xbf, 0xff, 0xc5, 0xfb, 0xc0, 0xff, 0xc6, 0xfc, 0xc1, 0xff, 0xc4, 0xfb, 0xc0, 0xff, 0xc1, 0xf9, 0xbe, 0xff, 0xc0, 0xf9, 0xbe, 0xff, 0xc1, 0xfd, 0xc1, 0xff, 0xc0, 0xff, 0xc3, 0xff, 0xbe, 0xff, 0xc3, 0xff, 0xbb, 0xff, 0xc2, 0xff, 0xbc, 0xff, 0xc2, 0xff, 0xbe, 0xff, 0xc2, 0xff, 0xbf, 0xfe, 0xc1, 0xff, 0xbf, 0xfe, 0xc1, 0xff, 0xbe, 0xff, 0xc1, 0xff, 0xbd, 0xff, 0xc1, 0xff, 0xbc, 0xff, 0xc1, 0xff, 0xbb, 0xfe, 0xc0, 0xff, 0xbb, 0xfe, 0xc0, 0xff, 0xba, 0xfd, 0xbf, 0xff, 0xbe, 0xff, 0xc1, 0xff, 0xc0, 0xfe, 0xc1, 0xff, 0xbf, 0xfc, 0xbf, 0xff, 0xc1, 0xfc, 0xbf, 0xff, 0xc2, 0xfb, 0xbf, 0xff, 0xc4, 0xfb, 0xbf, 0xff, 0xc2, 0xfb, 0xbf, 0xff, 0xbf, 0xfd, 0xc0, 0xff, 0xbd, 0xfe, 0xc0, 0xff, 0xbe, 0xff, 0xbf, 0xff, 0xbe, 0xff, 0xbe, 0xff, 0xbe, 0xff, 0xbe, 0xff, 0xbe, 0xff, 0xbd, 0xff, 0xbf, 0xff, 0xbe, 0xff, 0xbf, 0xff, 0xbd, 0xff, 0xc0, 0xff, 0xc0, 0xff, 0xc0, 0xff, 0xc1, 0xff, 0xc1, 0xff, 0xc2, 0xff, 0xc0, 0xfe, 0xc1, 0xff, 0xc1, 0xfe, 0xc1, 0xff, 0xc1, 0xff, 0xc0, 0xff, 0xc0, 0xfe, 0xbe, 0xff, 0xc0, 0xfe, 0xbe, 0xff, 0xc0, 0xff, 0xbf, 0xff, 0xc0, 0xff, 0xbf, 0xff, 0xc0, 0xff, 0xbf, 0xff, 0xc0, 0xff, 0xbf, 0xff, 
  0xbe, 0xff, 0xc1, 0xff, 0xbf, 0xff, 0xc1, 0xff, 0xbf, 0xff, 0xc1, 0xff, 0xbf, 0xff, 0xc1, 0xff, 0xbf, 0xfe, 0xc1, 0xff, 0xbf, 0xfe, 0xc1, 0xff, 0xc0, 0xfe, 0xc1, 0xff, 0xc0, 0xfe, 0xc1, 0xff, 0xc1, 0xff, 0xc2, 0xff, 0xc2, 0xff, 0xc2, 0xff, 0xc1, 0xfe, 0xc1, 0xff, 0xc1, 0xfe, 0xc1, 0xff, 0xc1, 0xfe, 0xc1, 0xff, 0xc1, 0xfe, 0xc1, 0xff, 0xc1, 0xfe, 0xc1, 0xff, 0xc5, 0xfd, 0xc1, 0xff, 0xd0, 0xfe, 0xc5, 0xff, 0xd1, 0xfc, 0xc3, 0xff, 0xcd, 0xfa, 0xc1, 0xff, 0xca, 0xfb, 0xc1, 0xff, 0xc8, 0xfc, 0xc2, 0xff, 0xc4, 0xfc, 0xc1, 0xff, 0xc3, 0xfd, 0xc2, 0xff, 0xc1, 0xff, 0xc3, 0xff, 0xbe, 0xfe, 0xc2, 0xff, 0xbd, 0xff, 0xc2, 0xff, 0xbc, 0xff, 0xc2, 0xff, 0xbc, 0xff, 0xc2, 0xff, 0xbc, 0xff, 0xc2, 0xff, 0xbd, 0xfe, 0xc2, 0xff, 0xbd, 0xfe, 0xc2, 0xff, 0xbe, 0xfe, 0xc2, 0xff, 0xbf, 0xfe, 0xc2, 0xff, 0xc2, 0xff, 0xc3, 0xff, 0xc3, 0xfd, 0xc2, 0xff, 0xc4, 0xfc, 0xc1, 0xff, 0xc6, 0xfa, 0xc0, 0xff, 0xc9, 0xfb, 0xc1, 0xff, 0xcd, 0xfc, 0xc3, 0xff, 0xd0, 0xfe, 0xc5, 0xff, 0xcd, 0xfc, 0xc3, 0xff, 0xcc, 0xfd, 0xc3, 0xff, 0xc9, 0xfc, 0xc2, 0xff, 0xc5, 0xfc, 0xc1, 0xff, 0xc3, 0xfd, 0xc2, 0xff, 0xc2, 0xff, 0xc4, 0xff, 0xbf, 0xff, 0xc4, 0xff, 0xbd, 0xff, 0xc2, 0xff, 0xbe, 0xff, 0xc2, 0xff, 0xbe, 0xff, 0xc1, 0xff, 0xbe, 0xff, 0xc1, 0xff, 0xbe, 0xff, 0xc1, 0xff, 0xbe, 0xff, 0xc2, 0xff, 0xbd, 0xff, 0xc1, 0xff, 0xbe, 0xff, 0xc1, 0xff, 0xbe, 0xfd, 0xc0, 0xff, 0xc2, 0xff, 0xc3, 0xff, 0xc1, 0xfd, 0xc0, 0xff, 0xc2, 0xfa, 0xbf, 0xff, 0xc7, 0xfd, 0xc1, 0xff, 0xcd, 0xff, 0xc4, 0xff, 0xcf, 0xff, 0xc4, 0xff, 0xcf, 0xfd, 0xc2, 0xff, 0xcb, 0xfc, 0xc2, 0xff, 0xc1, 0xfb, 0xc1, 0xff, 0xbe, 0xfd, 0xc1, 0xff, 0xbf, 0xff, 0xc1, 0xff, 0xc0, 0xff, 0xc1, 0xff, 0xc0, 0xff, 0xc0, 0xff, 0xbf, 0xff, 0xbe, 0xff, 0xbf, 0xff, 0xbe, 0xff, 0xbf, 0xff, 0xbe, 0xff, 0xc0, 0xff, 0xc0, 0xff, 0xc0, 0xfe, 0xc1, 0xff, 0xc0, 0xff, 0xc3, 0xff, 0xc1, 0xff, 0xc3, 0xff, 0xc0, 0xfe, 0xc1, 0xff, 0xc1, 0xff, 0xc0, 0xff, 0xc0, 0xfe, 0xbf, 0xff, 0xbf, 0xfe, 0xbe, 0xff, 0xc0, 0xff, 0xbf, 0xff, 0xc0, 0xff, 0xbf, 0xff, 0xc0, 0xff, 0xbf, 0xff, 0xc0, 0xff, 0xbf, 0xff, 
  0xbc, 0xff, 0xbf, 0xff, 0xbc, 0xff, 0xbf, 0xff, 0xbd, 0xff, 0xbf, 0xff, 0xbd, 0xff, 0xc0, 0xff, 0xbe, 0xff, 0xc1, 0xff, 0xbf, 0xff, 0xc1, 0xff, 0xc0, 0xfe, 0xc1, 0xff, 0xc1, 0xfe, 0xc2, 0xff, 0xc2, 0xfd, 0xc2, 0xff, 0xc3, 0xfd, 0xc3, 0xff, 0xc3, 0xfd, 0xc3, 0xff, 0xc4, 0xfd, 0xc3, 0xff, 0xc4, 0xfd, 0xc3, 0xff, 0xc4, 0xfd, 0xc2, 0xff, 0xc4, 0xfd, 0xc2, 0xff, 0xc9, 0xfd, 0xc1, 0xff, 0xcf, 0xf5, 0xbb, 0xff, 0xd3, 0xf3, 0xb9, 0xff, 0xd1, 0xf4, 0xba, 0xff, 0xd2, 0xf9, 0xbe, 0xff, 0xcf, 0xfc, 0xc0, 0xff, 0xca, 0xfc, 0xbf, 0xff, 0xc6, 0xfd, 0xbf, 0xff, 0xc3, 0xfe, 0xc0, 0xff, 0xc0, 0xff, 0xc0, 0xff, 0xbe, 0xff, 0xc0, 0xff, 0xbe, 0xff, 0xc0, 0xff, 0xbd, 0xff, 0xc0, 0xff, 0xbd, 0xff, 0xc0, 0xff, 0xbe, 0xff, 0xc0, 0xff, 0xbf, 0xff, 0xc0, 0xff, 0xc0, 0xff, 0xc0, 0xff, 0xc2, 0xfe, 0xc0, 0xff, 0xc3, 0xfd, 0xbf, 0xff, 0xc6, 0xfd, 0xbf, 0xff, 0xca, 0xfd, 0xc0, 0xff, 0xce, 0xfd, 0xc1, 0xff, 0xd0, 0xfc, 0xc0, 0xff, 0xce, 0xf7, 0xbc, 0xff, 0xcd, 0xf4, 0xb9, 0xff, 0xcd, 0xf5, 0xba, 0xff, 0xd2, 0xfb, 0xc0, 0xff, 0xd2, 0xff, 0xc3, 0xff, 0xca, 0xfc, 0xbf, 0xff, 0xc5, 0xfc, 0xbe, 0xff, 0xc5, 0xff, 0xc1, 0xff, 0xc2, 0xff, 0xc1, 0xff, 0xbd, 0xfd, 0xbe, 0xff, 0xbe, 0xff, 0xc1, 0xff, 0xbe, 0xff, 0xc1, 0xff, 0xbd, 0xfe, 0xc0, 0xff, 0xbe, 0xff, 0xc1, 0xff, 0xbf, 0xff, 0xc1, 0xff, 0xbf, 0xff, 0xc1, 0xff, 0xc0, 0xfd, 0xc0, 0xff, 0xc1, 0xfc, 0xbf, 0xff, 0xc6, 0xff, 0xc2, 0xff, 0xc6, 0xfb, 0xbf, 0xff, 0xca, 0xfb, 0xc0, 0xff, 0xcf, 0xfd, 0xc2, 0xff, 0xcf, 0xf9, 0xbf, 0xff, 0xcc, 0xf3, 0xb9, 0xff, 0xcf, 0xf3, 0xba, 0xff, 0xcf, 0xf7, 0xbf, 0xff, 0xc6, 0xfb, 0xc3, 0xff, 0xc1, 0xfb, 0xc3, 0xff, 0xc2, 0xfd, 0xc3, 0xff, 0xc2, 0xfe, 0xc2, 0xff, 0xc1, 0xff, 0xc0, 0xff, 0xc0, 0xff, 0xc0, 0xff, 0xc0, 0xff, 0xc0, 0xff, 0xc0, 0xff, 0xc0, 0xff, 0xc0, 0xfe, 0xc2, 0xff, 0xbf, 0xfe, 0xc3, 0xff, 0xbf, 0xfe, 0xc3, 0xff, 0xbf, 0xff, 0xc4, 0xff, 0xbf, 0xfe, 0xc2, 0xff, 0xbf, 0xff, 0xc1, 0xff, 0xbf, 0xff, 0xc0, 0xff, 0xbf, 0xff, 0xc0, 0xff, 0xbf, 0xff, 0xbf, 0xff, 0xc0, 0xff, 0xbf, 0xff, 0xc0, 0xff, 0xbf, 0xff, 0xc0, 0xff, 0xbf, 0xff, 
  0xbe, 0xff, 0xbe, 0xff, 0xbd, 0xff, 0xbe, 0xff, 0xbd, 0xff, 0xbf, 0xff, 0xbd, 0xff, 0xc0, 0xff, 0xbc, 0xff, 0xc0, 0xff, 0xbd, 0xff, 0xc1, 0xff, 0xc0, 0xfe, 0xc1, 0xff, 0xc2, 0xfe, 0xc2, 0xff, 0xc4, 0xfd, 0xc2, 0xff, 0xc4, 0xfd, 0xc2, 0xff, 0xc1, 0xfe, 0xc2, 0xff, 0xc1, 0xfe, 0xc2, 0xff, 0xc2, 0xfe, 0xc2, 0xff, 0xc5, 0xfc, 0xc1, 0xff, 0xcc, 0xfb, 0xc0, 0xff, 0xd7, 0xf9, 0xbf, 0xff, 0xcb, 0xdc, 0xa3, 0xff, 0xd1, 0xdd, 0xa4, 0xff, 0xd3, 0xe6, 0xad, 0xff, 0xd6, 0xf3, 0xb8, 0xff, 0xd1, 0xfb, 0xbe, 0xff, 0xca, 0xfd, 0xbf, 0xff, 0xc4, 0xfd, 0xbf, 0xff, 0xc2, 0xff, 0xc0, 0xff, 0xc2, 0xff, 0xc0, 0xff, 0xc1, 0xff, 0xc0, 0xff, 0xc0, 0xff, 0xc0, 0xff, 0xbf, 0xff, 0xc0, 0xff, 0xbd, 0xff, 0xc0, 0xff, 0xbe, 0xff, 0xc0, 0xff, 0xc0, 0xff, 0xbf, 0xff, 0xc2, 0xff, 0xbf, 0xff, 0xc3, 0xff, 0xbf, 0xff, 0xc3, 0xfd, 0xbe, 0xff, 0xc6, 0xfd, 0xbe, 0xff, 0xcb, 0xfd, 0xbf, 0xff, 0xd2, 0xfc, 0xbf, 0xff, 0xd3, 0xf3, 0xb8, 0xff, 0xcd, 0xe5, 0xab, 0xff, 0xc6, 0xdb, 0xa1, 0xff, 0xcb, 0xe2, 0xa8, 0xff, 0xd3, 0xf1, 0xb6, 0xff, 0xd4, 0xfd, 0xc0, 0xff, 0xcb, 0xfc, 0xbe, 0xff, 0xc4, 0xfc, 0xbd, 0xff, 0xc4, 0xff, 0xc0, 0xff, 0xc4, 0xff, 0xc2, 0xff, 0xbf, 0xfd, 0xbe, 0xff, 0xbf, 0xff, 0xc0, 0xff, 0xbd, 0xfe, 0xbf, 0xff, 0xbc, 0xfe, 0xbf, 0xff, 0xbd, 0xfe, 0xbf, 0xff, 0xbe, 0xff, 0xc0, 0xff, 0xc0, 0xff, 0xc1, 0xff, 0xc2, 0xfd, 0xc0, 0xff, 0xc2, 0xfc, 0xbf, 0xff, 0xc3, 0xfd, 0xc0, 0xff, 0xc7, 0xfd, 0xc0, 0xff, 0xd1, 0xff, 0xc3, 0xff, 0xd6, 0xf9, 0xbf, 0xff, 0xd3, 0xe8, 0xb0, 0xff, 0xc9, 0xd9, 0xa2, 0xff, 0xcb, 0xdd, 0xa5, 0xff, 0xce, 0xea, 0xb2, 0xff, 0xcc, 0xfb, 0xc3, 0xff, 0xc3, 0xfc, 0xc4, 0xff, 0xc2, 0xfc, 0xc2, 0xff, 0xc1, 0xfc, 0xc1, 0xff, 0xc1, 0xfd, 0xc0, 0xff, 0xc1, 0xff, 0xc0, 0xff, 0xc0, 0xff, 0xc0, 0xff, 0xc1, 0xff, 0xc2, 0xff, 0xc0, 0xfe, 0xc2, 0xff, 0xbf, 0xfe, 0xc3, 0xff, 0xbe, 0xfe, 0xc3, 0xff, 0xbf, 0xff, 0xc3, 0xff, 0xbf, 0xff, 0xc3, 0xff, 0xbe, 0xff, 0xc1, 0xff, 0xbe, 0xff, 0xc1, 0xff, 0xbe, 0xff, 0xc0, 0xff, 0xbf, 0xff, 0xc0, 0xff, 0xc0, 0xff, 0xbf, 0xff, 0xc0, 0xff, 0xbf, 0xff, 0xc0, 0xff, 0xbf, 0xff, 
  0xc4, 0xff, 0xbf, 0xff, 0xc2, 0xff, 0xbf, 0xff, 0xc0, 0xff, 0xc0, 0xff, 0xbd, 0xff, 0xc0, 0xff, 0xb9, 0xff, 0xc0, 0xff, 0xba, 0xff, 0xc1, 0xff, 0xbf, 0xff, 0xc1, 0xff, 0xc3, 0xfe, 0xc1, 0xff, 0xc9, 0xff, 0xc3, 0xff, 0xc3, 0xfd, 0xc0, 0xff, 0xb9, 0xfe, 0xbe, 0xff, 0xbc, 0xff, 0xc4, 0xff, 0xb9, 0xfe, 0xbd, 0xff, 0xc5, 0xfc, 0xbd, 0xff, 0xdf, 0xfd, 0xc2, 0xff, 0xdb, 0xe2, 0xa9, 0xff, 0xe3, 0xd4, 0x9e, 0xff, 0xe7, 0xd5, 0x9f, 0xff, 0xd4, 0xd1, 0x9a, 0xff, 0xd6, 0xe8, 0xae, 0xff, 0xd4, 0xff, 0xc2, 0xff, 0xc2, 0xfe, 0xbf, 0xff, 0xbc, 0xff, 0xc1, 0xff, 0xba, 0xfe, 0xc0, 0xff, 0xc2, 0xfe, 0xc1, 0xff, 0xc4, 0xfe, 0xc1, 0xff, 0xc3, 0xfe, 0xc1, 0xff, 0xc0, 0xfe, 0xc1, 0xff, 0xbc, 0xff, 0xc1, 0xff, 0xbd, 0xff, 0xc1, 0xff, 0xc2, 0xfe, 0xc0, 0xff, 0xc4, 0xfe, 0xc0, 0xff, 0xbd, 0xfb, 0xbc, 0xff, 0xc2, 0xff, 0xc2, 0xff, 0xc3, 0xff, 0xc0, 0xff, 0xc6, 0xfb, 0xbc, 0xff, 0xda, 0xfd, 0xc1, 0xff, 0xd8, 0xe9, 0xb0, 0xff, 0xd3, 0xd0, 0x99, 0xff, 0xe3, 0xda, 0xa4, 0xff, 0xd5, 0xd2, 0x9b, 0xff, 0xdc, 0xe8, 0xaf, 0xff, 0xd4, 0xf8, 0xbc, 0xff, 0xc6, 0xfc, 0xbd, 0xff, 0xc0, 0xff, 0xc1, 0xff, 0xc0, 0xff, 0xc3, 0xff, 0xc2, 0xff, 0xc2, 0xff, 0xc0, 0xfc, 0xbf, 0xff, 0xc0, 0xff, 0xc0, 0xff, 0xbd, 0xff, 0xbe, 0xff, 0xbb, 0xff, 0xbe, 0xff, 0xbc, 0xff, 0xc0, 0xff, 0xbd, 0xff, 0xc0, 0xff, 0xbf, 0xff, 0xc1, 0xff, 0xc3, 0xfd, 0xc0, 0xff, 0xc2, 0xfd, 0xc0, 0xff, 0xba, 0xfc, 0xbe, 0xff, 0xc3, 0xff, 0xc2, 0xff, 0xd2, 0xff, 0xc3, 0xff, 0xd9, 0xee, 0xb5, 0xff, 0xe1, 0xd8, 0xa3, 0xff, 0xe8, 0xd4, 0xa0, 0xff, 0xe4, 0xda, 0xa4, 0xff, 0xce, 0xda, 0xa2, 0xff, 0xce, 0xf9, 0xbf, 0xff, 0xc0, 0xfc, 0xc0, 0xff, 0xc1, 0xfd, 0xc0, 0xff, 0xc2, 0xfe, 0xc1, 0xff, 0xc2, 0xfe, 0xc1, 0xff, 0xc1, 0xff, 0xc0, 0xff, 0xc0, 0xff, 0xc0, 0xff, 0xc0, 0xff, 0xc1, 0xff, 0xc0, 0xff, 0xc1, 0xff, 0xbf, 0xff, 0xc1, 0xff, 0xbe, 0xff, 0xc1, 0xff, 0xbe, 0xff, 0xc1, 0xff, 0xbe, 0xff, 0xc1, 0xff, 0xbe, 0xff, 0xc1, 0xff, 0xbe, 0xff, 0xc1, 0xff, 0xbe, 0xff, 0xc0, 0xff, 0xbf, 0xff, 0xc0, 0xff, 0xc0, 0xff, 0xc0, 0xff, 0xc0, 0xff, 0xc0, 0xff, 0xc0, 0xff, 0xc0, 0xff, 
  0xc6, 0xfe, 0xbf, 0xff, 0xc4, 0xfe, 0xbf, 0xff, 0xc1, 0xff, 0xc0, 0xff, 0xbd, 0xff, 0xc0, 0xff, 0xb8, 0xff, 0xc0, 0xff, 0xb9, 0xff, 0xc0, 0xff, 0xbf, 0xff, 0xc0, 0xff, 0xc3, 0xfe, 0xc0, 0xff, 0xc7, 0xfd, 0xc0, 0xff, 0xc4, 0xfe, 0xc0, 0xff, 0xb9, 0xff, 0xbf, 0xff, 0xb6, 0xff, 0xbf, 0xff, 0xb8, 0xfe, 0xbb, 0xff, 0xcc, 0xfe, 0xbe, 0xff, 0xe3, 0xf5, 0xba, 0xff, 0xe2, 0xd9, 0xa2, 0xff, 0xf2, 0xd4, 0xa0, 0xff, 0xef, 0xd1, 0x9d, 0xff, 0xdf, 0xd5, 0x9e, 0xff, 0xdc, 0xeb, 0xb1, 0xff, 0xd1, 0xff, 0xc1, 0xff, 0xbf, 0xff, 0xc0, 0xff, 0xb7, 0xff, 0xc0, 0xff, 0xb9, 0xff, 0xc2, 0xff, 0xc2, 0xfe, 0xc2, 0xff, 0xc5, 0xfd, 0xc2, 0xff, 0xc4, 0xfd, 0xc2, 0xff, 0xc0, 0xfe, 0xc2, 0xff, 0xbc, 0xff, 0xc2, 0xff, 0xbd, 0xff, 0xc1, 0xff, 0xc3, 0xfe, 0xc1, 0xff, 0xc4, 0xfe, 0xc0, 0xff, 0xbe, 0xfd, 0xbf, 0xff, 0xc1, 0xff, 0xc2, 0xff, 0xbe, 0xfc, 0xbc, 0xff, 0xcc, 0xfd, 0xbf, 0xff, 0xdd, 0xf7, 0xbd, 0xff, 0xdb, 0xdf, 0xa8, 0xff, 0xe4, 0xd2, 0x9d, 0xff, 0xed, 0xd6, 0xa2, 0xff, 0xdf, 0xd4, 0x9e, 0xff, 0xe2, 0xeb, 0xb2, 0xff, 0xd7, 0xfb, 0xbf, 0xff, 0xc7, 0xfe, 0xbf, 0xff, 0xbe, 0xff, 0xc0, 0xff, 0xbd, 0xff, 0xc2, 0xff, 0xc0, 0xfe, 0xc1, 0xff, 0xc1, 0xfe, 0xc1, 0xff, 0xbf, 0xff, 0xc0, 0xff, 0xbd, 0xff, 0xbe, 0xff, 0xbc, 0xff, 0xbe, 0xff, 0xbd, 0xff, 0xc0, 0xff, 0xbe, 0xff, 0xc0, 0xff, 0xbf, 0xff, 0xc1, 0xff, 0xc1, 0xfd, 0xc0, 0xff, 0xc0, 0xfd, 0xc0, 0xff, 0xb8, 0xfe, 0xbf, 0xff, 0xbf, 0xfd, 0xbe, 0xff, 0xd7, 0xfc, 0xc0, 0xff, 0xde, 0xe5, 0xae, 0xff, 0xee, 0xd3, 0xa0, 0xff, 0xf7, 0xd3, 0xa1, 0xff, 0xe5, 0xd1, 0x9d, 0xff, 0xd7, 0xde, 0xa5, 0xff, 0xcf, 0xfa, 0xbe, 0xff, 0xc0, 0xfe, 0xbf, 0xff, 0xc0, 0xfe, 0xbf, 0xff, 0xc1, 0xff, 0xc0, 0xff, 0xc1, 0xff, 0xc0, 0xff, 0xc1, 0xff, 0xc0, 0xff, 0xc0, 0xff, 0xc0, 0xff, 0xc0, 0xff, 0xc0, 0xff, 0xc0, 0xff, 0xc0, 0xff, 0xbf, 0xff, 0xc0, 0xff, 0xbf, 0xff, 0xc0, 0xff, 0xbe, 0xff, 0xc0, 0xff, 0xbe, 0xff, 0xc0, 0xff, 0xbe, 0xff, 0xc0, 0xff, 0xbe, 0xff, 0xc0, 0xff, 0xbf, 0xff, 0xc0, 0xff, 0xbf, 0xff, 0xc0, 0xff, 0xc0, 0xff, 0xc0, 0xff, 0xc0, 0xff, 0xc0, 0xff, 0xc0, 0xff, 0xc0, 0xff, 
  0xc4, 0xff, 0xbf, 0xff, 0xc3, 0xff, 0xbf, 0xff, 0xc1, 0xff, 0xc0, 0xff, 0xbe, 0xff, 0xc0, 0xff, 0xba, 0xff, 0xc0, 0xff, 0xba, 0xff, 0xc0, 0xff, 0xbf, 0xff, 0xc0, 0xff, 0xc3, 0xfe, 0xc0, 0xff, 0xc4, 0xfc, 0xbf, 0xff, 0xc3, 0xfe, 0xc0, 0xff, 0xbd, 0xff, 0xc1, 0xff, 0xb6, 0xfd, 0xbb, 0xff, 0xbf, 0xfd, 0xbb, 0xff, 0xd4, 0xfe, 0xbf, 0xff, 0xe0, 0xe9, 0xb0, 0xff, 0xe1, 0xd4, 0x9d, 0xff, 0xf2, 0xd7, 0xa2, 0xff, 0xe7, 0xd0, 0x9b, 0xff, 0xe1, 0xde, 0xa6, 0xff, 0xdc, 0xf1, 0xb6, 0xff, 0xcd, 0xfd, 0xbf, 0xff, 0xbf, 0xff, 0xbf, 0xff, 0xb8, 0xfe, 0xbe, 0xff, 0xbd, 0xff, 0xc3, 0xff, 0xc1, 0xfe, 0xc2, 0xff, 0xc4, 0xfd, 0xc2, 0xff, 0xc2, 0xfe, 0xc2, 0xff, 0xc0, 0xfe, 0xc2, 0xff, 0xbd, 0xff, 0xc2, 0xff, 0xbe, 0xff, 0xc1, 0xff, 0xc2, 0xfe, 0xc1, 0xff, 0xc3, 0xfe, 0xc0, 0xff, 0xc0, 0xff, 0xc0, 0xff, 0xc2, 0xff, 0xc1, 0xff, 0xc0, 0xf9, 0xba, 0xff, 0xd3, 0xfd, 0xc0, 0xff, 0xdd, 0xed, 0xb4, 0xff, 0xdb, 0xd5, 0xa0, 0xff, 0xec, 0xd6, 0xa2, 0xff, 0xe9, 0xd4, 0xa0, 0xff, 0xde, 0xdc, 0xa5, 0xff, 0xde, 0xf0, 0xb7, 0xff, 0xd4, 0xfe, 0xc1, 0xff, 0xc7, 0xff, 0xc0, 0xff, 0xc2, 0xfe, 0xc0, 0xff, 0xc0, 0xff, 0xc1, 0xff, 0xbf, 0xfe, 0xc1, 0xff, 0xbf, 0xff, 0xc2, 0xff, 0xbd, 0xff, 0xc0, 0xff, 0xbc, 0xff, 0xbe, 0xff, 0xbe, 0xfe, 0xbf, 0xff, 0xc0, 0xff, 0xc0, 0xff, 0xc1, 0xff, 0xc0, 0xff, 0xc0, 0xff, 0xc1, 0xff, 0xbf, 0xff, 0xc1, 0xff, 0xbc, 0xfe, 0xc0, 0xff, 0xbb, 0xfe, 0xc0, 0xff, 0xc4, 0xf9, 0xbc, 0xff, 0xdc, 0xf4, 0xba, 0xff, 0xdf, 0xdb, 0xa5, 0xff, 0xf1, 0xd3, 0xa0, 0xff, 0xf6, 0xd4, 0xa2, 0xff, 0xdc, 0xd0, 0x9a, 0xff, 0xdb, 0xea, 0xb0, 0xff, 0xcc, 0xfa, 0xbe, 0xff, 0xbf, 0xfe, 0xbf, 0xff, 0xbf, 0xfe, 0xbf, 0xff, 0xc0, 0xff, 0xc0, 0xff, 0xc0, 0xff, 0xc0, 0xff, 0xc0, 0xff, 0xc0, 0xff, 0xc0, 0xff, 0xc0, 0xff, 0xc0, 0xff, 0xc0, 0xff, 0xc0, 0xff, 0xc0, 0xff, 0xc0, 0xff, 0xc0, 0xff, 0xbf, 0xff, 0xc0, 0xff, 0xbf, 0xff, 0xc0, 0xff, 0xbf, 0xff, 0xc0, 0xff, 0xbf, 0xff, 0xc0, 0xff, 0xbf, 0xff, 0xc0, 0xff, 0xbf, 0xff, 0xc0, 0xff, 0xc0, 0xff, 0xc0, 0xff, 0xc0, 0xff, 0xc0, 0xff, 0xc0, 0xff, 0xc0, 0xff, 0xc0, 0xff, 0xc0, 0xff, 
  0xc2, 0xff, 0xbf, 0xff, 0xc2, 0xff, 0xbf, 0xff, 0xc0, 0xff, 0xc0, 0xff, 0xbe, 0xff, 0xc0, 0xff, 0xbb, 0xff, 0xc0, 0xff, 0xbb, 0xff, 0xc0, 0xff, 0xbf, 0xff, 0xc0, 0xff, 0xc2, 0xfe, 0xc0, 0xff, 0xc4, 0xfd, 0xbf, 0xff, 0xc2, 0xfd, 0xbf, 0xff, 0xc0, 0xff, 0xc1, 0xff, 0xbc, 0xfc, 0xbb, 0xff, 0xca, 0xfe, 0xbe, 0xff, 0xdb, 0xfa, 0xbd, 0xff, 0xdf, 0xde, 0xa6, 0xff, 0xe6, 0xd3, 0x9d, 0xff, 0xee, 0xd6, 0xa1, 0xff, 0xdf, 0xd1, 0x9a, 0xff, 0xe1, 0xe8, 0xae, 0xff, 0xdb, 0xf7, 0xbb, 0xff, 0xca, 0xfd, 0xbe, 0xff, 0xc0, 0xff, 0xc0, 0xff, 0xb9, 0xfd, 0xbd, 0xff, 0xbe, 0xff, 0xc3, 0xff, 0xc0, 0xfe, 0xc1, 0xff, 0xc2, 0xfe, 0xc2, 0xff, 0xc1, 0xfe, 0xc2, 0xff, 0xc0, 0xfe, 0xc2, 0xff, 0xbe, 0xfe, 0xc2, 0xff, 0xbf, 0xfe, 0xc1, 0xff, 0xc1, 0xfe, 0xc1, 0xff, 0xc1, 0xfe, 0xc0, 0xff, 0xc1, 0xff, 0xc0, 0xff, 0xc1, 0xfb, 0xbd, 0xff, 0xca, 0xfc, 0xbe, 0xff, 0xd7, 0xf7, 0xbc, 0xff, 0xde, 0xe1, 0xaa, 0xff, 0xe3, 0xd4, 0xa0, 0xff, 0xef, 0xd6, 0xa3, 0xff, 0xe4, 0xd4, 0x9f, 0xff, 0xde, 0xe7, 0xaf, 0xff, 0xd8, 0xf6, 0xbb, 0xff, 0xcf, 0xff, 0xc1, 0xff, 0xc6, 0xfe, 0xbf, 0xff, 0xc6, 0xfe, 0xc0, 0xff, 0xc4, 0xfe, 0xc1, 0xff, 0xbf, 0xfe, 0xc1, 0xff, 0xbd, 0xff, 0xc2, 0xff, 0xb9, 0xff, 0xbf, 0xff, 0xbb, 0xff, 0xbe, 0xff, 0xbf, 0xfe, 0xbf, 0xff, 0xc2, 0xfd, 0xbf, 0xff, 0xc4, 0xfe, 0xc0, 0xff, 0xc1, 0xff, 0xc0, 0xff, 0xbb, 0xff, 0xc0, 0xff, 0xba, 0xff, 0xbf, 0xff, 0xc0, 0xff, 0xc0, 0xff, 0xcf, 0xf8, 0xbd, 0xff, 0xe1, 0xe8, 0xb1, 0xff, 0xe5, 0xd3, 0xa0, 0xff, 0xf4, 0xd3, 0xa1, 0xff, 0xf0, 0xd4, 0xa1, 0xff, 0xdb, 0xd8, 0xa1, 0xff, 0xdf, 0xf6, 0xbb, 0xff, 0xca, 0xfc, 0xbf, 0xff, 0xbf, 0xfe, 0xbf, 0xff, 0xc0, 0xff, 0xc0, 0xff, 0xc0, 0xff, 0xc0, 0xff, 0xc0, 0xff, 0xc0, 0xff, 0xc0, 0xff, 0xc0, 0xff, 0xc0, 0xff, 0xc0, 0xff, 0xc0, 0xff, 0xc0, 0xff, 0xc0, 0xff, 0xc0, 0xff, 0xc0, 0xff, 0xc0, 0xff, 0xc0, 0xff, 0xc0, 0xff, 0xc0, 0xff, 0xc0, 0xff, 0xc0, 0xff, 0xc0, 0xff, 0xc0, 0xff, 0xc0, 0xff, 0xc0, 0xff, 0xc0, 0xff, 0xc0, 0xff, 0xc0, 0xff, 0xc0, 0xff, 0xc0, 0xff, 0xc0, 0xff, 0xc0, 0xff, 0xc0, 0xff, 0xc0, 0xff, 0xc0, 0xff, 0xc0, 0xff, 
  0xc1, 0xff, 0xbf, 0xff, 0xc0, 0xff, 0xbf, 0xff, 0xc0, 0xff, 0xc0, 0xff, 0xbf, 0xff, 0xc0, 0xff, 0xbc, 0xff, 0xc0, 0xff, 0xbd, 0xff, 0xc0, 0xff, 0xbf, 0xff, 0xc0, 0xff, 0xc1, 0xff, 0xc0, 0xff, 0xc4, 0xff, 0xc1, 0xff, 0xc1, 0xfc, 0xbe, 0xff, 0xc2, 0xff, 0xc0, 0xff, 0xc6, 0xfd, 0xbe, 0xff, 0xd6, 0xfe, 0xc0, 0xff, 0xdf, 0xf1, 0xb6, 0xff, 0xe2, 0xd4, 0x9f, 0xff, 0xef, 0xd6, 0xa2, 0xff, 0xe8, 0xd5, 0x9f, 0xff, 0xdb, 0xd6, 0x9e, 0xff, 0xde, 0xf0, 0xb5, 0xff, 0xd6, 0xfc, 0xbe, 0xff, 0xc6, 0xfd, 0xbe, 0xff, 0xc1, 0xff, 0xc0, 0xff, 0xbc, 0xfc, 0xbd, 0xff, 0xbf, 0xff, 0xc1, 0xff, 0xc0, 0xfe, 0xc1, 0xff, 0xc0, 0xfe, 0xc2, 0xff, 0xc0, 0xfe, 0xc2, 0xff, 0xc0, 0xfe, 0xc2, 0xff, 0xc0, 0xfe, 0xc2, 0xff, 0xc0, 0xfe, 0xc1, 0xff, 0xbf, 0xff, 0xc1, 0xff, 0xc0, 0xff, 0xc0, 0xff, 0xc2, 0xff, 0xc1, 0xff, 0xc2, 0xf9, 0xba, 0xff, 0xd9, 0xff, 0xc4, 0xff, 0xda, 0xec, 0xb3, 0xff, 0xe0, 0xd4, 0xa0, 0xff, 0xf0, 0xd6, 0xa4, 0xff, 0xed, 0xd3, 0xa1, 0xff, 0xe0, 0xd6, 0xa1, 0xff, 0xdb, 0xf1, 0xb7, 0xff, 0xcf, 0xfb, 0xbe, 0xff, 0xc8, 0xff, 0xc0, 0xff, 0xc4, 0xfd, 0xbe, 0xff, 0xca, 0xfe, 0xc1, 0xff, 0xc8, 0xfe, 0xc2, 0xff, 0xbe, 0xff, 0xc1, 0xff, 0xb9, 0xff, 0xc1, 0xff, 0xb7, 0xff, 0xbf, 0xff, 0xba, 0xff, 0xbe, 0xff, 0xc1, 0xfe, 0xbf, 0xff, 0xc5, 0xfd, 0xbf, 0xff, 0xc6, 0xfe, 0xc0, 0xff, 0xc1, 0xff, 0xc0, 0xff, 0xb7, 0xff, 0xc0, 0xff, 0xb8, 0xff, 0xbf, 0xff, 0xc7, 0xfd, 0xc0, 0xff, 0xdc, 0xf7, 0xbe, 0xff, 0xe5, 0xd9, 0xa5, 0xff, 0xf0, 0xd0, 0x9f, 0xff, 0xf5, 0xd4, 0xa3, 0xff, 0xe7, 0xd3, 0x9f, 0xff, 0xdd, 0xe6, 0xad, 0xff, 0xda, 0xfc, 0xbf, 0xff, 0xc7, 0xfc, 0xbf, 0xff, 0xbf, 0xfe, 0xbf, 0xff, 0xc0, 0xff, 0xc0, 0xff, 0xc0, 0xff, 0xc0, 0xff, 0xc0, 0xff, 0xc0, 0xff, 0xc0, 0xff, 0xc0, 0xff, 0xc0, 0xff, 0xc0, 0xff, 0xc0, 0xff, 0xc0, 0xff, 0xc0, 0xff, 0xc0, 0xff, 0xc0, 0xff, 0xc0, 0xff, 0xc0, 0xff, 0xc0, 0xff, 0xc0, 0xff, 0xc0, 0xff, 0xc0, 0xff, 0xc0, 0xff, 0xc0, 0xff, 0xc0, 0xff, 0xc0, 0xff, 0xc0, 0xff, 0xc0, 0xff, 0xc0, 0xff, 0xc0, 0xff, 0xc0, 0xff, 0xc0, 0xff, 0xc0, 0xff, 0xc0, 0xff, 0xc0, 0xff, 0xc0, 0xff, 0xc0, 0xff, 
  0xbf, 0xff, 0xbf, 0xff, 0xbf, 0xff, 0xbf, 0xff, 0xc0, 0xff, 0xc0, 0xff, 0xbf, 0xff, 0xc0, 0xff, 0xbd, 0xff, 0xc0, 0xff, 0xbd, 0xff, 0xc0, 0xff, 0xbf, 0xff, 0xc0, 0xff, 0xc0, 0xff, 0xc0, 0xff, 0xc3, 0xff, 0xc1, 0xff, 0xc2, 0xfc, 0xbe, 0xff, 0xc5, 0xfd, 0xbe, 0xff, 0xd0, 0xfe, 0xc0, 0xff, 0xdd, 0xf9, 0xbd, 0xff, 0xdf, 0xe4, 0xac, 0xff, 0xe9, 0xd1, 0x9d, 0xff, 0xf5, 0xd7, 0xa4, 0xff, 0xe2, 0xd4, 0x9f, 0xff, 0xdc, 0xe1, 0xa9, 0xff, 0xda, 0xf6, 0xba, 0xff, 0xd0, 0xfe, 0xbf, 0xff, 0xc3, 0xfe, 0xbe, 0xff, 0xc1, 0xff, 0xc0, 0xff, 0xc0, 0xfe, 0xbf, 0xff, 0xbf, 0xfe, 0xc0, 0xff, 0xbf, 0xfe, 0xc1, 0xff, 0xbf, 0xfe, 0xc1, 0xff, 0xbf, 0xfe, 0xc1, 0xff, 0xc0, 0xfe, 0xc1, 0xff, 0xc1, 0xfe, 0xc1, 0xff, 0xc1, 0xfe, 0xc1, 0xff, 0xbf, 0xff, 0xc1, 0xff, 0xbf, 0xff, 0xc0, 0xff, 0xc3, 0xff, 0xc1, 0xff, 0xc8, 0xf9, 0xbb, 0xff, 0xe3, 0xff, 0xc4, 0xff, 0xde, 0xe0, 0xaa, 0xff, 0xe7, 0xce, 0x9c, 0xff, 0xf8, 0xd7, 0xa6, 0xff, 0xe8, 0xd0, 0x9e, 0xff, 0xdf, 0xde, 0xa8, 0xff, 0xd5, 0xf8, 0xbc, 0xff, 0xc7, 0xfe, 0xbf, 0xff, 0xc2, 0xfe, 0xbe, 0xff, 0xc3, 0xfd, 0xbf, 0xff, 0xcc, 0xff, 0xc2, 0xff, 0xca, 0xff, 0xc3, 0xff, 0xbd, 0xfe, 0xc0, 0xff, 0xb9, 0xff, 0xc1, 0xff, 0xb7, 0xff, 0xbf, 0xff, 0xba, 0xff, 0xbf, 0xff, 0xc2, 0xfd, 0xbf, 0xff, 0xc5, 0xfd, 0xbf, 0xff, 0xc6, 0xfe, 0xc0, 0xff, 0xc1, 0xff, 0xc0, 0xff, 0xb6, 0xff, 0xc0, 0xff, 0xba, 0xff, 0xbf, 0xff, 0xd0, 0xfc, 0xc0, 0xff, 0xe4, 0xf0, 0xb9, 0xff, 0xeb, 0xcf, 0x9e, 0xff, 0xf9, 0xcf, 0xa0, 0xff, 0xf2, 0xd3, 0xa2, 0xff, 0xe0, 0xd6, 0xa1, 0xff, 0xdd, 0xf1, 0xb6, 0xff, 0xd0, 0xfa, 0xbc, 0xff, 0xc5, 0xfd, 0xbf, 0xff, 0xbf, 0xff, 0xc0, 0xff, 0xbf, 0xff, 0xc0, 0xff, 0xbf, 0xff, 0xc0, 0xff, 0xbf, 0xff, 0xc0, 0xff, 0xbf, 0xff, 0xc0, 0xff, 0xc0, 0xff, 0xc0, 0xff, 0xc0, 0xff, 0xc0, 0xff, 0xc0, 0xff, 0xc0, 0xff, 0xc0, 0xff, 0xc0, 0xff, 0xc0, 0xff, 0xc0, 0xff, 0xc0, 0xff, 0xc0, 0xff, 0xc0, 0xff, 0xc0, 0xff, 0xc0, 0xff, 0xc0, 0xff, 0xc0, 0xff, 0xc0, 0xff, 0xc0, 0xff, 0xc0, 0xff, 0xc0, 0xff, 0xc0, 0xff, 0xc0, 0xff, 0xc0, 0xff, 0xc0, 0xff, 0xc0, 0xff, 0xc0, 0xff, 0xc0, 0xff, 
  0xbe, 0xff, 0xbf, 0xff, 0xbf, 0xff, 0xbf, 0xff, 0xbf, 0xff, 0xc0, 0xff, 0xbf, 0xff, 0xc0, 0xff, 0xbe, 0xff, 0xc0, 0xff, 0xbe, 0xff, 0xc0, 0xff, 0xbe, 0xff, 0xc0, 0xff, 0xc0, 0xff, 0xc0, 0xff, 0xc2, 0xfe, 0xc0, 0xff, 0xc7, 0xff, 0xc1, 0xff, 0xca, 0xfb, 0xbd, 0xff, 0xd8, 0xfb, 0xbf, 0xff, 0xe0, 0xf0, 0xb6, 0xff, 0xe0, 0xda, 0xa3, 0xff, 0xf0, 0xd0, 0x9e, 0xff, 0xf5, 0xd5, 0xa3, 0xff, 0xdf, 0xd8, 0xa2, 0xff, 0xdf, 0xef, 0xb6, 0xff, 0xd4, 0xfb, 0xbe, 0xff, 0xc7, 0xfd, 0xbe, 0xff, 0xc1, 0xfe, 0xbe, 0xff, 0xbf, 0xfe, 0xbe, 0xff, 0xc4, 0xff, 0xc2, 0xff, 0xc1, 0xfd, 0xc0, 0xff, 0xbf, 0xff, 0xc1, 0xff, 0xbd, 0xff, 0xc1, 0xff, 0xbd, 0xff, 0xc1, 0xff, 0xbf, 0xff, 0xc1, 0xff, 0xc1, 0xfe, 0xc1, 0xff, 0xc1, 0xfe, 0xc1, 0xff, 0xbe, 0xff, 0xc1, 0xff, 0xbf, 0xff, 0xc0, 0xff, 0xc3, 0xff, 0xc0, 0xff, 0xcf, 0xfa, 0xbd, 0xff, 0xe5, 0xf2, 0xba, 0xff, 0xe4, 0xd7, 0xa3, 0xff, 0xf3, 0xcf, 0x9f, 0xff, 0xfa, 0xd4, 0xa4, 0xff, 0xe5, 0xd3, 0xa0, 0xff, 0xe2, 0xec, 0xb4, 0xff, 0xce, 0xfb, 0xbe, 0xff, 0xc1, 0xff, 0xc0, 0xff, 0xbe, 0xfe, 0xbf, 0xff, 0xc1, 0xfd, 0xbf, 0xff, 0xca, 0xfe, 0xc1, 0xff, 0xc8, 0xfd, 0xc1, 0xff, 0xbe, 0xfe, 0xc0, 0xff, 0xbb, 0xff, 0xc2, 0xff, 0xb9, 0xff, 0xbf, 0xff, 0xbc, 0xff, 0xbf, 0xff, 0xc1, 0xfd, 0xbf, 0xff, 0xc4, 0xfd, 0xbf, 0xff, 0xc4, 0xfe, 0xc0, 0xff, 0xc1, 0xff, 0xc1, 0xff, 0xb8, 0xff, 0xc0, 0xff, 0xc0, 0xfe, 0xbf, 0xff, 0xda, 0xf9, 0xbf, 0xff, 0xe5, 0xe1, 0xac, 0xff, 0xf4, 0xcd, 0x9d, 0xff, 0xff, 0xd2, 0xa3, 0xff, 0xeb, 0xd3, 0xa1, 0xff, 0xdd, 0xdf, 0xa8, 0xff, 0xdc, 0xf9, 0xbd, 0xff, 0xc9, 0xf9, 0xba, 0xff, 0xc3, 0xfe, 0xc0, 0xff, 0xbe, 0xff, 0xc0, 0xff, 0xbe, 0xff, 0xc0, 0xff, 0xbe, 0xff, 0xc0, 0xff, 0xbf, 0xff, 0xc1, 0xff, 0xbf, 0xff, 0xc0, 0xff, 0xbf, 0xff, 0xc0, 0xff, 0xc0, 0xff, 0xc0, 0xff, 0xc0, 0xff, 0xc0, 0xff, 0xc0, 0xff, 0xc0, 0xff, 0xc1, 0xff, 0xc0, 0xff, 0xc1, 0xff, 0xc0, 0xff, 0xc1, 0xff, 0xc0, 0xff, 0xc1, 0xff, 0xc0, 0xff, 0xc1, 0xff, 0xc0, 0xff, 0xc1, 0xff, 0xc0, 0xff, 0xc0, 0xff, 0xc0, 0xff, 0xc0, 0xff, 0xc0, 0xff, 0xc0, 0xff, 0xc0, 0xff, 0xc0, 0xff, 0xc0, 0xff, 
  0xbe, 0xff, 0xbf, 0xff, 0xbe, 0xff, 0xbf, 0xff, 0xbf, 0xff, 0xc0, 0xff, 0xbf, 0xff, 0xc0, 0xff, 0xbf, 0xff, 0xc0, 0xff, 0xbe, 0xff, 0xc0, 0xff, 0xbe, 0xff, 0xc0, 0xff, 0xbf, 0xff, 0xc0, 0xff, 0xc0, 0xfc, 0xbf, 0xff, 0xcc, 0xff, 0xc3, 0xff, 0xd1, 0xfa, 0xbd, 0xff, 0xdf, 0xf8, 0xbe, 0xff, 0xe4, 0xe8, 0xb0, 0xff, 0xe2, 0xd2, 0x9d, 0xff, 0xf5, 0xd1, 0x9f, 0xff, 0xf2, 0xd4, 0xa1, 0xff, 0xdb, 0xdc, 0xa6, 0xff, 0xde, 0xfa, 0xbf, 0xff, 0xce, 0xfe, 0xc0, 0xff, 0xc0, 0xfd, 0xbd, 0xff, 0xbe, 0xff, 0xbe, 0xff, 0xbf, 0xfe, 0xbe, 0xff, 0xc7, 0xff, 0xc4, 0xff, 0xc2, 0xfd, 0xbf, 0xff, 0xbf, 0xff, 0xc0, 0xff, 0xbc, 0xff, 0xc0, 0xff, 0xbc, 0xff, 0xc0, 0xff, 0xbe, 0xff, 0xc0, 0xff, 0xc2, 0xfe, 0xc0, 0xff, 0xc2, 0xfe, 0xc1, 0xff, 0xbf, 0xff, 0xc1, 0xff, 0xc0, 0xff, 0xc0, 0xff, 0xc4, 0xfd, 0xbe, 0xff, 0xd6, 0xfa, 0xbe, 0xff, 0xe5, 0xe5, 0xaf, 0xff, 0xec, 0xd2, 0xa0, 0xff, 0xfd, 0xd2, 0xa3, 0xff, 0xf6, 0xd1, 0xa1, 0xff, 0xe1, 0xd9, 0xa4, 0xff, 0xe3, 0xf9, 0xbf, 0xff, 0xc8, 0xfd, 0xbe, 0xff, 0xbd, 0xff, 0xc1, 0xff, 0xbd, 0xff, 0xc0, 0xff, 0xc0, 0xfe, 0xbf, 0xff, 0xc7, 0xfd, 0xc0, 0xff, 0xc5, 0xfd, 0xbf, 0xff, 0xbd, 0xfd, 0xbf, 0xff, 0xbf, 0xff, 0xc3, 0xff, 0xbb, 0xfe, 0xbf, 0xff, 0xbd, 0xfe, 0xbf, 0xff, 0xc0, 0xfd, 0xbf, 0xff, 0xc2, 0xfd, 0xbf, 0xff, 0xc2, 0xfe, 0xc0, 0xff, 0xc1, 0xff, 0xc1, 0xff, 0xbc, 0xff, 0xc0, 0xff, 0xc9, 0xfd, 0xc0, 0xff, 0xe4, 0xf5, 0xbc, 0xff, 0xe5, 0xd4, 0xa1, 0xff, 0xfc, 0xcf, 0xa0, 0xff, 0xff, 0xd4, 0xa5, 0xff, 0xe3, 0xd5, 0xa1, 0xff, 0xdc, 0xe9, 0xb1, 0xff, 0xd9, 0xff, 0xc1, 0xff, 0xc6, 0xfb, 0xbc, 0xff, 0xc1, 0xff, 0xc0, 0xff, 0xbe, 0xff, 0xc0, 0xff, 0xbe, 0xff, 0xc0, 0xff, 0xbf, 0xff, 0xc1, 0xff, 0xbf, 0xff, 0xc1, 0xff, 0xbe, 0xff, 0xc0, 0xff, 0xbf, 0xff, 0xc0, 0xff, 0xc0, 0xff, 0xc0, 0xff, 0xc0, 0xff, 0xc0, 0xff, 0xc0, 0xff, 0xc0, 0xff, 0xc1, 0xff, 0xc0, 0xff, 0xc1, 0xfe, 0xc0, 0xff, 0xc1, 0xfe, 0xc0, 0xff, 0xc1, 0xfe, 0xc0, 0xff, 0xc1, 0xfe, 0xc0, 0xff, 0xc1, 0xff, 0xc0, 0xff, 0xc0, 0xff, 0xc0, 0xff, 0xc0, 0xff, 0xc0, 0xff, 0xc0, 0xff, 0xc0, 0xff, 0xc0, 0xff, 0xc0, 0xff, 
  0xbd, 0xff, 0xbf, 0xff, 0xbd, 0xff, 0xbf, 0xff, 0xbe, 0xff, 0xc0, 0xff, 0xbf, 0xff, 0xc0, 0xff, 0xbf, 0xff, 0xc0, 0xff, 0xbf, 0xff, 0xc0, 0xff, 0xbd, 0xff, 0xc0, 0xff, 0xbf, 0xff, 0xc0, 0xff, 0xc0, 0xfb, 0xbe, 0xff, 0xcc, 0xfd, 0xc0, 0xff, 0xdd, 0xfd, 0xc2, 0xff, 0xe0, 0xef, 0xb6, 0xff, 0xdd, 0xd8, 0xa1, 0xff, 0xea, 0xd4, 0xa0, 0xff, 0xfb, 0xd8, 0xa6, 0xff, 0xe9, 0xd1, 0x9d, 0xff, 0xe3, 0xee, 0xb6, 0xff, 0xd3, 0xf8, 0xbc, 0xff, 0xc7, 0xff, 0xc0, 0xff, 0xbe, 0xff, 0xbf, 0xff, 0xbb, 0xfe, 0xbd, 0xff, 0xbe, 0xff, 0xbe, 0xff, 0xc4, 0xff, 0xbf, 0xff, 0xc4, 0xfe, 0xc0, 0xff, 0xbf, 0xff, 0xc0, 0xff, 0xbb, 0xff, 0xbf, 0xff, 0xb9, 0xfe, 0xbf, 0xff, 0xbc, 0xfe, 0xbf, 0xff, 0xc3, 0xff, 0xc1, 0xff, 0xc4, 0xff, 0xc2, 0xff, 0xc0, 0xfe, 0xc1, 0xff, 0xc1, 0xfd, 0xc0, 0xff, 0xc9, 0xfe, 0xbf, 0xff, 0xdd, 0xf9, 0xbd, 0xff, 0xe2, 0xd7, 0xa3, 0xff, 0xf5, 0xd1, 0xa1, 0xff, 0xfc, 0xd0, 0xa1, 0xff, 0xee, 0xcf, 0x9e, 0xff, 0xe7, 0xec, 0xb5, 0xff, 0xd7, 0xf8, 0xbd, 0xff, 0xc4, 0xfd, 0xbf, 0xff, 0xbb, 0xff, 0xbf, 0xff, 0xbd, 0xff, 0xc0, 0xff, 0xbf, 0xff, 0xc0, 0xff, 0xc3, 0xfe, 0xc0, 0xff, 0xc3, 0xfe, 0xc0, 0xff, 0xc0, 0xff, 0xc0, 0xff, 0xbf, 0xff, 0xc0, 0xff, 0xbd, 0xfc, 0xbe, 0xff, 0xc5, 0xff, 0xc5, 0xff, 0xbd, 0xfd, 0xbf, 0xff, 0xbe, 0xfe, 0xbf, 0xff, 0xc1, 0xff, 0xc2, 0xff, 0xbc, 0xfb, 0xbc, 0xff, 0xc4, 0xff, 0xc1, 0xff, 0xd7, 0xff, 0xc2, 0xff, 0xe2, 0xe3, 0xad, 0xff, 0xeb, 0xd1, 0x9f, 0xff, 0xfe, 0xd1, 0xa2, 0xff, 0xf7, 0xd2, 0xa2, 0xff, 0xdf, 0xde, 0xa8, 0xff, 0xdd, 0xf6, 0xbc, 0xff, 0xd0, 0xfc, 0xbf, 0xff, 0xc5, 0xfd, 0xbe, 0xff, 0xc0, 0xfe, 0xbf, 0xff, 0xbd, 0xfe, 0xbf, 0xff, 0xbe, 0xff, 0xc0, 0xff, 0xbe, 0xff, 0xc0, 0xff, 0xbe, 0xff, 0xc0, 0xff, 0xbe, 0xff, 0xc0, 0xff, 0xbf, 0xff, 0xc0, 0xff, 0xc0, 0xff, 0xc0, 0xff, 0xc0, 0xff, 0xc0, 0xff, 0xc0, 0xff, 0xc0, 0xff, 0xc1, 0xff, 0xc0, 0xff, 0xc1, 0xfe, 0xc0, 0xff, 0xc1, 0xfe, 0xc0, 0xff, 0xc1, 0xfe, 0xc0, 0xff, 0xc1, 0xfe, 0xc0, 0xff, 0xc1, 0xff, 0xc0, 0xff, 0xc0, 0xff, 0xc0, 0xff, 0xc0, 0xff, 0xc0, 0xff, 0xc0, 0xff, 0xc0, 0xff, 0xc0, 0xff, 0xc0, 0xff, 
  0xbd, 0xff, 0xbf, 0xff, 0xbd, 0xff, 0xbf, 0xff, 0xbe, 0xff, 0xc0, 0xff, 0xbe, 0xff, 0xc0, 0xff, 0xbf, 0xff, 0xc0, 0xff, 0xbf, 0xff, 0xc0, 0xff, 0xbd, 0xff, 0xc0, 0xff, 0xbf, 0xff, 0xc0, 0xff, 0xc3, 0xfd, 0xbf, 0xff, 0xce, 0xfb, 0xbf, 0xff, 0xe3, 0xfc, 0xc2, 0xff, 0xe1, 0xe6, 0xaf, 0xff, 0xe2, 0xd5, 0xa0, 0xff, 0xed, 0xd5, 0xa1, 0xff, 0xef, 0xd2, 0x9f, 0xff, 0xe6, 0xd8, 0xa3, 0xff, 0xde, 0xf2, 0xb9, 0xff, 0xce, 0xfb, 0xbe, 0xff, 0xc4, 0xff, 0xc1, 0xff, 0xbd, 0xff, 0xc0, 0xff, 0xbb, 0xff, 0xbe, 0xff, 0xbe, 0xff, 0xbe, 0xff, 0xc4, 0xff, 0xbf, 0xff, 0xc4, 0xff, 0xbf, 0xff, 0xc0, 0xff, 0xc1, 0xff, 0xbc, 0xff, 0xc0, 0xff, 0xbb, 0xff, 0xc0, 0xff, 0xbd, 0xff, 0xc0, 0xff, 0xc2, 0xfe, 0xc0, 0xff, 0xc4, 0xfe, 0xc1, 0xff, 0xc1, 0xfd, 0xc0, 0xff, 0xc6, 0xfc, 0xc0, 0xff, 0xd2, 0xfd, 0xc0, 0xff, 0xd8, 0xeb, 0xb0, 0xff, 0xe9, 0xd5, 0xa2, 0xff, 0xfc, 0xd5, 0xa5, 0xff, 0xf7, 0xd0, 0xa0, 0xff, 0xea, 0xd6, 0xa3, 0xff, 0xe3, 0xf5, 0xbc, 0xff, 0xd0, 0xfc, 0xc0, 0xff, 0xc1, 0xfd, 0xbf, 0xff, 0xbc, 0xfe, 0xbf, 0xff, 0xbe, 0xff, 0xc0, 0xff, 0xbf, 0xff, 0xc0, 0xff, 0xbf, 0xff, 0xc0, 0xff, 0xc0, 0xff, 0xc0, 0xff, 0xc0, 0xff, 0xc0, 0xff, 0xc1, 0xff, 0xc0, 0xff, 0xc1, 0xfc, 0xbf, 0xff, 0xc6, 0xff, 0xc5, 0xff, 0xbc, 0xfd, 0xbf, 0xff, 0xbb, 0xff, 0xbf, 0xff, 0xbe, 0xff, 0xc1, 0xff, 0xc0, 0xfd, 0xbe, 0xff, 0xcb, 0xfd, 0xbf, 0xff, 0xdb, 0xf5, 0xbb, 0xff, 0xe2, 0xd9, 0xa4, 0xff, 0xf4, 0xd4, 0xa3, 0xff, 0xf8, 0xcf, 0xa0, 0xff, 0xeb, 0xd1, 0x9f, 0xff, 0xde, 0xe9, 0xb1, 0xff, 0xd8, 0xfc, 0xc0, 0xff, 0xcb, 0xfd, 0xbf, 0xff, 0xc5, 0xff, 0xc0, 0xff, 0xbf, 0xfe, 0xbf, 0xff, 0xbd, 0xfe, 0xbf, 0xff, 0xbe, 0xff, 0xc0, 0xff, 0xbe, 0xff, 0xc0, 0xff, 0xbe, 0xff, 0xc0, 0xff, 0xbf, 0xff, 0xc0, 0xff, 0xbf, 0xff, 0xc0, 0xff, 0xc0, 0xff, 0xc0, 0xff, 0xc0, 0xff, 0xc0, 0xff, 0xc0, 0xff, 0xc0, 0xff, 0xc1, 0xff, 0xc0, 0xff, 0xc1, 0xff, 0xc0, 0xff, 0xc1, 0xff, 0xc0, 0xff, 0xc1, 0xff, 0xc0, 0xff, 0xc1, 0xff, 0xc0, 0xff, 0xc1, 0xff, 0xc0, 0xff, 0xc0, 0xff, 0xc0, 0xff, 0xc0, 0xff, 0xc0, 0xff, 0xc0, 0xff, 0xc0, 0xff, 0xc0, 0xff, 0xc0, 0xff, 
  0xbe, 0xff, 0xbf, 0xff, 0xbe, 0xff, 0xbf, 0xff, 0xbe, 0xff, 0xc0, 0xff, 0xbe, 0xff, 0xc0, 0xff, 0xbe, 0xff, 0xc0, 0xff, 0xbe, 0xff, 0xc0, 0xff, 0xbe, 0xff, 0xc0, 0xff, 0xc1, 0xff, 0xc0, 0xff, 0xc8, 0xfe, 0xc1, 0xff, 0xd3, 0xfa, 0xbf, 0xff, 0xe6, 0xf7, 0xbe, 0xff, 0xdf, 0xdd, 0xa7, 0xff, 0xe6, 0xd5, 0xa0, 0xff, 0xee, 0xd7, 0xa3, 0xff, 0xe3, 0xd0, 0x9b, 0xff, 0xe6, 0xe5, 0xae, 0xff, 0xd9, 0xf8, 0xbe, 0xff, 0xc9, 0xfd, 0xc0, 0xff, 0xc1, 0xff, 0xc1, 0xff, 0xbc, 0xff, 0xc1, 0xff, 0xbc, 0xff, 0xbf, 0xff, 0xbf, 0xff, 0xbf, 0xff, 0xc3, 0xff, 0xbf, 0xff, 0xc2, 0xfe, 0xbe, 0xff, 0xc0, 0xff, 0xc0, 0xff, 0xbe, 0xff, 0xc1, 0xff, 0xbc, 0xff, 0xc1, 0xff, 0xbc, 0xff, 0xc0, 0xff, 0xc0, 0xff, 0xc0, 0xff, 0xc3, 0xfe, 0xc1, 0xff, 0xc5, 0xfd, 0xc1, 0xff, 0xcc, 0xfb, 0xc0, 0xff, 0xda, 0xfb, 0xbf, 0xff, 0xd4, 0xdc, 0xa3, 0xff, 0xec, 0xd3, 0xa1, 0xff, 0xfc, 0xd7, 0xa7, 0xff, 0xed, 0xd0, 0x9f, 0xff, 0xe6, 0xe0, 0xab, 0xff, 0xdd, 0xfc, 0xc2, 0xff, 0xc9, 0xfd, 0xc0, 0xff, 0xc1, 0xfd, 0xbf, 0xff, 0xbe, 0xfe, 0xbf, 0xff, 0xc0, 0xff, 0xc0, 0xff, 0xbf, 0xff, 0xc0, 0xff, 0xbc, 0xff, 0xc0, 0xff, 0xbd, 0xff, 0xc0, 0xff, 0xc0, 0xff, 0xc0, 0xff, 0xc3, 0xfe, 0xc0, 0xff, 0xc4, 0xfc, 0xc0, 0xff, 0xc5, 0xff, 0xc3, 0xff, 0xbd, 0xfe, 0xc0, 0xff, 0xbc, 0xff, 0xc0, 0xff, 0xbd, 0xff, 0xc0, 0xff, 0xc7, 0xff, 0xc0, 0xff, 0xd4, 0xfa, 0xbe, 0xff, 0xdc, 0xe9, 0xb1, 0xff, 0xe2, 0xcf, 0x9c, 0xff, 0xfa, 0xd9, 0xa8, 0xff, 0xec, 0xce, 0x9d, 0xff, 0xe1, 0xd5, 0xa1, 0xff, 0xdd, 0xf5, 0xbb, 0xff, 0xd2, 0xff, 0xc2, 0xff, 0xc5, 0xfc, 0xbd, 0xff, 0xc3, 0xff, 0xc0, 0xff, 0xbf, 0xfe, 0xbf, 0xff, 0xbe, 0xfe, 0xbf, 0xff, 0xbf, 0xff, 0xc0, 0xff, 0xbf, 0xff, 0xc0, 0xff, 0xbf, 0xff, 0xc0, 0xff, 0xbf, 0xff, 0xc0, 0xff, 0xc0, 0xff, 0xc0, 0xff, 0xc0, 0xff, 0xc0, 0xff, 0xc0, 0xff, 0xc0, 0xff, 0xc0, 0xff, 0xc0, 0xff, 0xc0, 0xff, 0xc0, 0xff, 0xc0, 0xff, 0xc0, 0xff, 0xc0, 0xff, 0xc0, 0xff, 0xc0, 0xff, 0xc0, 0xff, 0xc0, 0xff, 0xc0, 0xff, 0xc0, 0xff, 0xc0, 0xff, 0xc0, 0xff, 0xc0, 0xff, 0xc0, 0xff, 0xc0, 0xff, 0xc0, 0xff, 0xc0, 0xff, 0xc0, 0xff, 0xc0, 0xff, 
  0xbf, 0xff, 0xbf, 0xff, 0xbf, 0xff, 0xbf, 0xff, 0xbe, 0xff, 0xc0, 0xff, 0xbe, 0xff, 0xc0, 0xff, 0xbe, 0xff, 0xc0, 0xff, 0xbe, 0xff, 0xc0, 0xff, 0xbe, 0xff, 0xc0, 0xff, 0xc2, 0xfe, 0xc0, 0xff, 0xca, 0xfd, 0xc0, 0xff, 0xd9, 0xfa, 0xc0, 0xff, 0xe3, 0xeb, 0xb4, 0xff, 0xdf, 0xd6, 0xa1, 0xff, 0xec, 0xd7, 0xa3, 0xff, 0xea, 0xd7, 0xa2, 0xff, 0xde, 0xd7, 0xa0, 0xff, 0xe6, 0xf2, 0xba, 0xff, 0xd5, 0xfc, 0xc1, 0xff, 0xc6, 0xff, 0xc2, 0xff, 0xbf, 0xff, 0xc1, 0xff, 0xbc, 0xff, 0xc0, 0xff, 0xbc, 0xff, 0xbf, 0xff, 0xbf, 0xff, 0xc0, 0xff, 0xc2, 0xff, 0xbf, 0xff, 0xc1, 0xfe, 0xbe, 0xff, 0xbf, 0xfe, 0xbe, 0xff, 0xbe, 0xff, 0xbf, 0xff, 0xbd, 0xff, 0xc1, 0xff, 0xbc, 0xff, 0xc0, 0xff, 0xbf, 0xff, 0xc0, 0xff, 0xc4, 0xff, 0xc2, 0xff, 0xca, 0xfe, 0xc2, 0xff, 0xd4, 0xfb, 0xc1, 0xff, 0xde, 0xf1, 0xb8, 0xff, 0xd7, 0xd5, 0x9e, 0xff, 0xed, 0xd3, 0xa0, 0xff, 0xf2, 0xd4, 0xa3, 0xff, 0xe5, 0xd6, 0xa2, 0xff, 0xe5, 0xed, 0xb6, 0xff, 0xd5, 0xfd, 0xc2, 0xff, 0xc2, 0xfc, 0xbf, 0xff, 0xc0, 0xfd, 0xbf, 0xff, 0xc0, 0xfe, 0xbf, 0xff, 0xc1, 0xfe, 0xc0, 0xff, 0xc0, 0xff, 0xc0, 0xff, 0xbb, 0xff, 0xc0, 0xff, 0xbc, 0xff, 0xc0, 0xff, 0xc0, 0xff, 0xbf, 0xff, 0xc3, 0xfe, 0xc0, 0xff, 0xc6, 0xfe, 0xc2, 0xff, 0xc2, 0xfd, 0xc0, 0xff, 0xbe, 0xff, 0xc1, 0xff, 0xbc, 0xff, 0xc0, 0xff, 0xbf, 0xff, 0xbf, 0xff, 0xcc, 0xff, 0xc1, 0xff, 0xda, 0xf6, 0xbb, 0xff, 0xdb, 0xde, 0xa7, 0xff, 0xe7, 0xcf, 0x9d, 0xff, 0xf7, 0xd8, 0xa7, 0xff, 0xe3, 0xd0, 0x9d, 0xff, 0xde, 0xe0, 0xaa, 0xff, 0xdb, 0xfd, 0xc1, 0xff, 0xca, 0xff, 0xc0, 0xff, 0xc2, 0xfe, 0xbe, 0xff, 0xbf, 0xfe, 0xbf, 0xff, 0xbf, 0xfe, 0xbf, 0xff, 0xbf, 0xfe, 0xbf, 0xff, 0xc0, 0xff, 0xc0, 0xff, 0xc0, 0xff, 0xc0, 0xff, 0xc0, 0xff, 0xc0, 0xff, 0xc0, 0xff, 0xc0, 0xff, 0xc0, 0xff, 0xc0, 0xff, 0xc0, 0xff, 0xc0, 0xff, 0xc0, 0xff, 0xc0, 0xff, 0xc0, 0xff, 0xc0, 0xff, 0xc0, 0xff, 0xc0, 0xff, 0xc0, 0xff, 0xc0, 0xff, 0xc0, 0xff, 0xc0, 0xff, 0xc0, 0xff, 0xc0, 0xff, 0xc0, 0xff, 0xc0, 0xff, 0xc0, 0xff, 0xc0, 0xff, 0xc0, 0xff, 0xc0, 0xff, 0xc0, 0xff, 0xc0, 0xff, 0xc0, 0xff, 0xc0, 0xff, 0xc0, 0xff, 0xc0, 0xff, 
  0xc1, 0xff, 0xbf, 0xff, 0xc0, 0xff, 0xbf, 0xff, 0xbe, 0xff, 0xc0, 0xff, 0xbd, 0xff, 0xc0, 0xff, 0xbd, 0xff, 0xc0, 0xff, 0xbd, 0xff, 0xc0, 0xff, 0xbe, 0xff, 0xc0, 0xff, 0xc3, 0xfe, 0xc0, 0xff, 0xcb, 0xfa, 0xbf, 0xff, 0xde, 0xfa, 0xc1, 0xff, 0xdc, 0xdd, 0xa7, 0xff, 0xe2, 0xd3, 0x9f, 0xff, 0xee, 0xd8, 0xa4, 0xff, 0xe3, 0xd4, 0x9f, 0xff, 0xdb, 0xe2, 0xa9, 0xff, 0xdd, 0xf9, 0xbe, 0xff, 0xcd, 0xfc, 0xc1, 0xff, 0xc1, 0xfd, 0xc0, 0xff, 0xbe, 0xfd, 0xbf, 0xff, 0xbd, 0xfe, 0xbf, 0xff, 0xbd, 0xff, 0xbf, 0xff, 0xbe, 0xff, 0xc0, 0xff, 0xc0, 0xff, 0xbf, 0xff, 0xc1, 0xff, 0xbf, 0xff, 0xbf, 0xfd, 0xbd, 0xff, 0xbf, 0xff, 0xbf, 0xff, 0xbd, 0xff, 0xc0, 0xff, 0xbc, 0xff, 0xc0, 0xff, 0xbe, 0xff, 0xc0, 0xff, 0xc4, 0xff, 0xc2, 0xff, 0xcc, 0xfc, 0xc1, 0xff, 0xd9, 0xf7, 0xbf, 0xff, 0xde, 0xe3, 0xac, 0xff, 0xe2, 0xd6, 0xa0, 0xff, 0xeb, 0xd5, 0xa1, 0xff, 0xe3, 0xd2, 0x9d, 0xff, 0xdf, 0xe0, 0xaa, 0xff, 0xe2, 0xf9, 0xbf, 0xff, 0xcb, 0xfc, 0xbf, 0xff, 0xc0, 0xfd, 0xbf, 0xff, 0xc0, 0xfe, 0xbf, 0xff, 0xc0, 0xfd, 0xbf, 0xff, 0xc2, 0xfe, 0xc0, 0xff, 0xc1, 0xff, 0xc0, 0xff, 0xbc, 0xff, 0xc0, 0xff, 0xbc, 0xff, 0xc0, 0xff, 0xc0, 0xff, 0xbf, 0xff, 0xc2, 0xff, 0xc0, 0xff, 0xc4, 0xff, 0xc2, 0xff, 0xbf, 0xfc, 0xbf, 0xff, 0xbf, 0xff, 0xc2, 0xff, 0xbf, 0xff, 0xc0, 0xff, 0xc2, 0xff, 0xbf, 0xff, 0xd1, 0xff, 0xc1, 0xff, 0xdc, 0xee, 0xb5, 0xff, 0xdc, 0xd6, 0xa1, 0xff, 0xee, 0xd5, 0xa2, 0xff, 0xec, 0xd3, 0xa0, 0xff, 0xdd, 0xd6, 0xa1, 0xff, 0xe0, 0xf0, 0xb7, 0xff, 0xd5, 0xfe, 0xc1, 0xff, 0xc2, 0xfb, 0xbc, 0xff, 0xc0, 0xff, 0xc1, 0xff, 0xbc, 0xfe, 0xbf, 0xff, 0xbe, 0xfe, 0xbf, 0xff, 0xc0, 0xff, 0xc0, 0xff, 0xc0, 0xff, 0xc0, 0xff, 0xc0, 0xff, 0xc0, 0xff, 0xc0, 0xff, 0xc0, 0xff, 0xc0, 0xff, 0xc0, 0xff, 0xc0, 0xff, 0xc0, 0xff, 0xc0, 0xff, 0xc0, 0xff, 0xc0, 0xff, 0xc0, 0xff, 0xc0, 0xff, 0xc0, 0xff, 0xc0, 0xff, 0xc0, 0xff, 0xc0, 0xff, 0xc0, 0xff, 0xc0, 0xff, 0xc0, 0xff, 0xc0, 0xff, 0xc0, 0xff, 0xc0, 0xff, 0xc0, 0xff, 0xc0, 0xff, 0xc0, 0xff, 0xc0, 0xff, 0xc0, 0xff, 0xc0, 0xff, 0xc0, 0xff, 0xc0, 0xff, 0xc0, 0xff, 0xc0, 0xff, 0xc0, 0xff, 
  0xc2, 0xff, 0xbf, 0xff, 0xc1, 0xff, 0xbf, 0xff, 0xbd, 0xff, 0xc0, 0xff, 0xbc, 0xff, 0xc0, 0xff, 0xbc, 0xff, 0xc0, 0xff, 0xbc, 0xff, 0xc0, 0xff, 0xbd, 0xff, 0xc0, 0xff, 0xc3, 0xfe, 0xc0, 0xff, 0xcd, 0xfa, 0xbf, 0xff, 0xde, 0xf7, 0xbe, 0xff, 0xda, 0xd5, 0xa0, 0xff, 0xe5, 0xd1, 0x9e, 0xff, 0xed, 0xd7, 0xa3, 0xff, 0xdf, 0xd5, 0x9f, 0xff, 0xdb, 0xed, 0xb2, 0xff, 0xd2, 0xfa, 0xbd, 0xff, 0xc6, 0xfc, 0xc0, 0xff, 0xbe, 0xfc, 0xbf, 0xff, 0xbf, 0xfc, 0xbf, 0xff, 0xbe, 0xfe, 0xbf, 0xff, 0xbd, 0xff, 0xbf, 0xff, 0xbc, 0xff, 0xbf, 0xff, 0xbe, 0xff, 0xbf, 0xff, 0xbf, 0xff, 0xbf, 0xff, 0xc1, 0xff, 0xbf, 0xff, 0xc2, 0xff, 0xc1, 0xff, 0xbd, 0xff, 0xc0, 0xff, 0xba, 0xff, 0xbe, 0xff, 0xbc, 0xff, 0xc0, 0xff, 0xc4, 0xff, 0xc2, 0xff, 0xcd, 0xf9, 0xbf, 0xff, 0xdc, 0xf2, 0xbb, 0xff, 0xdf, 0xd7, 0xa2, 0xff, 0xea, 0xd5, 0xa1, 0xff, 0xe8, 0xd6, 0xa1, 0xff, 0xdb, 0xd4, 0x9e, 0xff, 0xdd, 0xec, 0xb3, 0xff, 0xdd, 0xff, 0xc4, 0xff, 0xc5, 0xfb, 0xbe, 0xff, 0xc1, 0xff, 0xc2, 0xff, 0xc0, 0xfd, 0xc0, 0xff, 0xc1, 0xfd, 0xc0, 0xff, 0xc3, 0xfe, 0xc1, 0xff, 0xc2, 0xfe, 0xc0, 0xff, 0xbe, 0xff, 0xc0, 0xff, 0xbd, 0xff, 0xc0, 0xff, 0xbf, 0xff, 0xbf, 0xff, 0xc0, 0xff, 0xc0, 0xff, 0xc1, 0xff, 0xc2, 0xff, 0xbe, 0xfc, 0xbf, 0xff, 0xc0, 0xff, 0xc2, 0xff, 0xc1, 0xff, 0xc0, 0xff, 0xc5, 0xfe, 0xbf, 0xff, 0xd4, 0xfd, 0xc0, 0xff, 0xdc, 0xe7, 0xaf, 0xff, 0xde, 0xd4, 0x9f, 0xff, 0xef, 0xd8, 0xa4, 0xff, 0xe3, 0xd0, 0x9c, 0xff, 0xdc, 0xe0, 0xa9, 0xff, 0xe1, 0xfa, 0xc0, 0xff, 0xcf, 0xfc, 0xbf, 0xff, 0xc1, 0xfc, 0xbc, 0xff, 0xc0, 0xff, 0xc4, 0xff, 0xbb, 0xff, 0xc0, 0xff, 0xbd, 0xfe, 0xbf, 0xff, 0xc0, 0xff, 0xc0, 0xff, 0xc0, 0xff, 0xc0, 0xff, 0xc0, 0xff, 0xc0, 0xff, 0xc0, 0xff, 0xc0, 0xff, 0xc0, 0xff, 0xc0, 0xff, 0xc0, 0xff, 0xc0, 0xff, 0xc0, 0xff, 0xc0, 0xff, 0xc0, 0xff, 0xc0, 0xff, 0xc0, 0xff, 0xc0, 0xff, 0xbf, 0xff, 0xc0, 0xff, 0xbf, 0xff, 0xc0, 0xff, 0xbf, 0xff, 0xc0, 0xff, 0xbf, 0xff, 0xc0, 0xff, 0xbf, 0xff, 0xc0, 0xff, 0xbf, 0xff, 0xc0, 0xff, 0xc0, 0xff, 0xc0, 0xff, 0xc0, 0xff, 0xc0, 0xff, 0xc0, 0xff, 0xc0, 0xff, 0xc0, 0xff, 0xc0, 0xff, 
  0xc4, 0xff, 0xbf, 0xff, 0xc2, 0xff, 0xbf, 0xff, 0xbd, 0xff, 0xc0, 0xff, 0xbb, 0xff, 0xc0, 0xff, 0xbb, 0xff, 0xc0, 0xff, 0xbc, 0xff, 0xc0, 0xff, 0xbd, 0xff, 0xc0, 0xff, 0xc4, 0xfe, 0xc0, 0xff, 0xd0, 0xfc, 0xc0, 0xff, 0xd9, 0xee, 0xb6, 0xff, 0xde, 0xd6, 0xa1, 0xff, 0xe9, 0xd3, 0xa0, 0xff, 0xec, 0xd5, 0xa1, 0xff, 0xe4, 0xde, 0xa7, 0xff, 0xdb, 0xf6, 0xba, 0xff, 0xcb, 0xfc, 0xbe, 0xff, 0xc1, 0xfd, 0xc0, 0xff, 0xbd, 0xfc, 0xbf, 0xff, 0xc0, 0xfd, 0xc0, 0xff, 0xc1, 0xff, 0xc1, 0xff, 0xbe, 0xff, 0xc0, 0xff, 0xba, 0xff, 0xbe, 0xff, 0xbb, 0xff, 0xbe, 0xff, 0xbf, 0xff, 0xc0, 0xff, 0xc2, 0xff, 0xbf, 0xff, 0xc3, 0xff, 0xc0, 0xff, 0xbe, 0xff, 0xc0, 0xff, 0xba, 0xff, 0xbe, 0xff, 0xbb, 0xff, 0xc0, 0xff, 0xc5, 0xff, 0xc3, 0xff, 0xce, 0xf8, 0xbf, 0xff, 0xdd, 0xed, 0xb7, 0xff, 0xe5, 0xd3, 0xa0, 0xff, 0xef, 0xd3, 0xa0, 0xff, 0xe5, 0xd6, 0xa1, 0xff, 0xdc, 0xdf, 0xa7, 0xff, 0xdc, 0xf5, 0xbb, 0xff, 0xd4, 0xff, 0xc3, 0xff, 0xc2, 0xfc, 0xbe, 0xff, 0xc0, 0xff, 0xc2, 0xff, 0xc0, 0xfd, 0xc0, 0xff, 0xc1, 0xfd, 0xc0, 0xff, 0xc4, 0xfe, 0xc1, 0xff, 0xc3, 0xfe, 0xc0, 0xff, 0xc0, 0xff, 0xc0, 0xff, 0xbe, 0xff, 0xbf, 0xff, 0xbe, 0xff, 0xbf, 0xff, 0xbd, 0xff, 0xc0, 0xff, 0xbe, 0xff, 0xc2, 0xff, 0xbc, 0xfd, 0xbf, 0xff, 0xc1, 0xff, 0xc2, 0xff, 0xc3, 0xfd, 0xbf, 0xff, 0xc9, 0xff, 0xc0, 0xff, 0xd5, 0xf9, 0xbd, 0xff, 0xda, 0xdf, 0xa7, 0xff, 0xe1, 0xd3, 0x9e, 0xff, 0xeb, 0xd6, 0xa2, 0xff, 0xe1, 0xd5, 0x9f, 0xff, 0xe0, 0xec, 0xb4, 0xff, 0xdd, 0xfd, 0xc2, 0xff, 0xcd, 0xfc, 0xbe, 0xff, 0xc3, 0xff, 0xbf, 0xff, 0xbc, 0xff, 0xc2, 0xff, 0xb9, 0xff, 0xc1, 0xff, 0xbe, 0xff, 0xc0, 0xff, 0xc1, 0xff, 0xc0, 0xff, 0xc1, 0xff, 0xc0, 0xff, 0xc1, 0xff, 0xc0, 0xff, 0xc1, 0xff, 0xc0, 0xff, 0xc1, 0xff, 0xc0, 0xff, 0xc0, 0xff, 0xc0, 0xff, 0xc0, 0xff, 0xc0, 0xff, 0xc0, 0xff, 0xc0, 0xff, 0xbf, 0xff, 0xc0, 0xff, 0xbf, 0xff, 0xc0, 0xff, 0xbe, 0xff, 0xc0, 0xff, 0xbe, 0xff, 0xc0, 0xff, 0xbe, 0xff, 0xc0, 0xff, 0xbe, 0xff, 0xc0, 0xff, 0xbf, 0xff, 0xc0, 0xff, 0xbf, 0xff, 0xc0, 0xff, 0xc0, 0xff, 0xc0, 0xff, 0xc0, 0xff, 0xc0, 0xff, 0xc0, 0xff, 0xc0, 0xff, 
  0xc3, 0xff, 0xbf, 0xff, 0xc2, 0xff, 0xbf, 0xff, 0xbf, 0xff, 0xc0, 0xff, 0xbd, 0xff, 0xc1, 0xff, 0xbb, 0xff, 0xc1, 0xff, 0xbb, 0xff, 0xc1, 0xff, 0xbd, 0xff, 0xc1, 0xff, 0xc4, 0xfe, 0xc1, 0xff, 0xd3, 0xfe, 0xc2, 0xff, 0xd3, 0xe7, 0xaf, 0xff, 0xe3, 0xd8, 0xa4, 0xff, 0xec, 0xd3, 0xa1, 0xff, 0xe9, 0xd5, 0xa2, 0xff, 0xe8, 0xe7, 0xb0, 0xff, 0xda, 0xfc, 0xc0, 0xff, 0xca, 0xff, 0xc2, 0xff, 0xbd, 0xfe, 0xc0, 0xff, 0xbb, 0xfe, 0xc0, 0xff, 0xc1, 0xfe, 0xc1, 0xff, 0xc3, 0xff, 0xc2, 0xff, 0xbf, 0xff, 0xc1, 0xff, 0xbb, 0xff, 0xbe, 0xff, 0xbb, 0xff, 0xbe, 0xff, 0xbf, 0xff, 0xc0, 0xff, 0xc1, 0xfe, 0xbe, 0xff, 0xc2, 0xff, 0xbf, 0xff, 0xbd, 0xff, 0xbe, 0xff, 0xbb, 0xff, 0xbf, 0xff, 0xbc, 0xff, 0xc1, 0xff, 0xc5, 0xff, 0xc4, 0xff, 0xcd, 0xf8, 0xbe, 0xff, 0xdb, 0xec, 0xb6, 0xff, 0xe7, 0xd7, 0xa3, 0xff, 0xeb, 0xd1, 0x9e, 0xff, 0xe1, 0xd7, 0xa1, 0xff, 0xe0, 0xea, 0xb1, 0xff, 0xd8, 0xfb, 0xbf, 0xff, 0xc9, 0xfd, 0xc0, 0xff, 0xbf, 0xfd, 0xbe, 0xff, 0xbe, 0xff, 0xc1, 0xff, 0xc0, 0xfd, 0xc0, 0xff, 0xc2, 0xfd, 0xc0, 0xff, 0xc3, 0xfe, 0xc1, 0xff, 0xc2, 0xfe, 0xc0, 0xff, 0xc1, 0xff, 0xc0, 0xff, 0xbf, 0xff, 0xbf, 0xff, 0xbe, 0xff, 0xbf, 0xff, 0xbd, 0xff, 0xc0, 0xff, 0xbc, 0xff, 0xc1, 0xff, 0xbd, 0xfe, 0xc0, 0xff, 0xc1, 0xff, 0xc1, 0xff, 0xc2, 0xfc, 0xbe, 0xff, 0xcb, 0xff, 0xc1, 0xff, 0xd4, 0xf7, 0xbb, 0xff, 0xd6, 0xdb, 0xa4, 0xff, 0xe2, 0xd5, 0xa0, 0xff, 0xe4, 0xd4, 0x9f, 0xff, 0xe0, 0xdc, 0xa6, 0xff, 0xe1, 0xf7, 0xbd, 0xff, 0xd5, 0xfe, 0xc1, 0xff, 0xc9, 0xfc, 0xbe, 0xff, 0xc4, 0xff, 0xc2, 0xff, 0xb9, 0xfe, 0xbe, 0xff, 0xba, 0xff, 0xc0, 0xff, 0xbf, 0xff, 0xc0, 0xff, 0xc1, 0xfe, 0xc0, 0xff, 0xc1, 0xfe, 0xc0, 0xff, 0xc1, 0xfe, 0xc0, 0xff, 0xc1, 0xfe, 0xc0, 0xff, 0xc1, 0xff, 0xc0, 0xff, 0xc0, 0xff, 0xc0, 0xff, 0xbf, 0xfe, 0xbf, 0xff, 0xc0, 0xff, 0xc0, 0xff, 0xc0, 0xff, 0xc0, 0xff, 0xbf, 0xff, 0xc0, 0xff, 0xbe, 0xff, 0xc0, 0xff, 0xbe, 0xff, 0xc0, 0xff, 0xbe, 0xff, 0xc0, 0xff, 0xbe, 0xff, 0xc0, 0xff, 0xbf, 0xff, 0xc0, 0xff, 0xbf, 0xff, 0xc0, 0xff, 0xc0, 0xff, 0xc0, 0xff, 0xc0, 0xff, 0xc0, 0xff, 0xc0, 0xff, 0xc0, 0xff, 
  0xbe, 0xff, 0xbf, 0xff, 0xc0, 0xff, 0xbf, 0xff, 0xc3, 0xfe, 0xc0, 0xff, 0xc2, 0xfe, 0xc1, 0xff, 0xbb, 0xff, 0xc2, 0xff, 0xb9, 0xff, 0xc2, 0xff, 0xbd, 0xff, 0xc3, 0xff, 0xc5, 0xff, 0xc2, 0xff, 0xd3, 0xfd, 0xc1, 0xff, 0xe2, 0xf4, 0xbb, 0xff, 0xee, 0xe0, 0xac, 0xff, 0xf2, 0xda, 0xa8, 0xff, 0xec, 0xdf, 0xac, 0xff, 0xee, 0xf5, 0xbf, 0xff, 0xd8, 0xfc, 0xc3, 0xff, 0xc4, 0xfe, 0xc1, 0xff, 0xba, 0xff, 0xc0, 0xff, 0xb8, 0xff, 0xc0, 0xff, 0xc0, 0xff, 0xc1, 0xff, 0xc2, 0xfe, 0xc0, 0xff, 0xc1, 0xff, 0xc0, 0xff, 0xbf, 0xff, 0xc0, 0xff, 0xbe, 0xff, 0xc0, 0xff, 0xbf, 0xff, 0xc0, 0xff, 0xc2, 0xff, 0xc0, 0xff, 0xc2, 0xfe, 0xc0, 0xff, 0xbf, 0xfe, 0xbf, 0xff, 0xbe, 0xff, 0xc0, 0xff, 0xbd, 0xff, 0xc0, 0xff, 0xc3, 0xff, 0xc2, 0xff, 0xcc, 0xfc, 0xc1, 0xff, 0xdd, 0xf8, 0xbf, 0xff, 0xeb, 0xe8, 0xb1, 0xff, 0xe8, 0xda, 0xa5, 0xff, 0xe6, 0xe1, 0xab, 0xff, 0xe8, 0xf5, 0xbd, 0xff, 0xd5, 0xfd, 0xc2, 0xff, 0xc3, 0xfe, 0xc0, 0xff, 0xbd, 0xff, 0xc1, 0xff, 0xbc, 0xff, 0xc1, 0xff, 0xc1, 0xfe, 0xc1, 0xff, 0xc3, 0xfe, 0xc1, 0xff, 0xc1, 0xfe, 0xc1, 0xff, 0xc0, 0xff, 0xc0, 0xff, 0xc1, 0xff, 0xc0, 0xff, 0xc0, 0xff, 0xc0, 0xff, 0xbf, 0xff, 0xc0, 0xff, 0xbf, 0xff, 0xc0, 0xff, 0xc0, 0xff, 0xc1, 0xff, 0xbf, 0xfe, 0xbf, 0xff, 0xbf, 0xff, 0xbf, 0xff, 0xc2, 0xff, 0xbf, 0xff, 0xc7, 0xfe, 0xbf, 0xff, 0xd7, 0xfc, 0xc0, 0xff, 0xe8, 0xef, 0xb9, 0xff, 0xe6, 0xdd, 0xaa, 0xff, 0xe6, 0xdc, 0xa9, 0xff, 0xe6, 0xe9, 0xb4, 0xff, 0xdb, 0xfb, 0xc1, 0xff, 0xca, 0xfd, 0xc0, 0xff, 0xc2, 0xfc, 0xbe, 0xff, 0xc2, 0xff, 0xc2, 0xff, 0xbe, 0xfe, 0xbf, 0xff, 0xbf, 0xff, 0xc0, 0xff, 0xc1, 0xff, 0xc0, 0xff, 0xc1, 0xfe, 0xc0, 0xff, 0xc1, 0xfe, 0xc0, 0xff, 0xc1, 0xfe, 0xc0, 0xff, 0xc1, 0xfe, 0xc0, 0xff, 0xc1, 0xfe, 0xc0, 0xff, 0xc1, 0xff, 0xc0, 0xff, 0xc1, 0xff, 0xc0, 0xff, 0xc1, 0xff, 0xc0, 0xff, 0xc1, 0xff, 0xc0, 0xff, 0xc0, 0xff, 0xc0, 0xff, 0xbf, 0xff, 0xc0, 0xff, 0xbf, 0xff, 0xc0, 0xff, 0xbf, 0xff, 0xc0, 0xff, 0xbf, 0xff, 0xc0, 0xff, 0xbf, 0xff, 0xc0, 0xff, 0xc0, 0xff, 0xc0, 0xff, 0xc0, 0xff, 0xc0, 0xff, 0xc0, 0xff, 0xc0, 0xff, 0xc0, 0xff, 0xc0, 0xff, 
#endif
};

const lv_img_dsc_t icon13 = {
  .header.cf = LV_IMG_CF_TRUE_COLOR,
  .header.always_zero = 0,
  .header.reserved = 0,
  .header.w = 84,
  .header.h = 81,
  .data_size = 6804 * LV_COLOR_SIZE / 8,
  .data = icon13_map,
};




#endif