#include "TFT_Img.h"
#include "dbg_config.h"

#if(ENABLE_LVGL_USE == 0)
static const unsigned char gImage_icon5[9280] = { /* 0X00,0X10,0X50,0X00,0X3A,0X00,0X01,0X1B, */
0XF8,0XC7,0XF8,0XC7,0XF8,0XC7,0XF8,0XC7,0XF8,0XC7,0XF8,0XC7,0XF8,0XC7,0XF8,0XC7,
0XF8,0XC7,0XF8,0XC7,0XF8,0XC7,0XF8,0XC7,0XF8,0XC7,0XF8,0XC7,0XF8,0XC7,0XF8,0XC7,
0XF8,0XC7,0XF8,0XC7,0XF8,0XC7,0XF8,0XC7,0XF8,0XC7,0XF8,0XC7,0XF8,0XC7,0XF8,0XC7,
0XF8,0XC7,0XF8,0XC7,0XF8,0XC7,0XF8,0XC7,0XF8,0XC7,0XF8,0XC7,0XF8,0XC7,0XF7,0XC7,
0XF7,0XC7,0XF8,0XC7,0XF8,0XC7,0XF8,0XBF,0XF8,0XBF,0XF8,0XBF,0XF8,0XBF,0XF8,0XBF,
0XF8,0XBF,0XF8,0XBF,0XF8,0XBF,0XF8,0XC7,0XF9,0XC7,0XF8,0XC7,0XF7,0XC7,0XF7,0XBF,
0XF7,0XC7,0XF8,0XC7,0XF7,0XC7,0XF5,0XCF,0XB3,0XD7,0XAE,0XE7,0X8B,0XEF,0X68,0XF7,
0X45,0XF7,0X42,0XFF,0X41,0XFF,0X21,0XFF,0X23,0XF7,0X25,0XF7,0X48,0XF7,0X6B,0XEF,
0XAE,0XDF,0XF2,0XD7,0XF5,0XCF,0XF7,0XC7,0XD8,0XC7,0XD9,0XC7,0XF8,0XC7,0XF7,0XC7,
0XF6,0XBF,0XF7,0XBF,0XF8,0XC7,0XF8,0XC7,0XF8,0XBF,0XF8,0XBF,0XF7,0XBF,0XF7,0XBF,
0XF8,0XC7,0XF8,0XC7,0XF8,0XC7,0XF8,0XC7,0XF8,0XC7,0XF8,0XC7,0XF8,0XC7,0XF8,0XC7,
0XF8,0XC7,0XF8,0XC7,0XF8,0XC7,0XF8,0XC7,0XF8,0XC7,0XF8,0XC7,0XF8,0XC7,0XF8,0XC7,
0XF8,0XC7,0XF8,0XC7,0XF8,0XC7,0XF8,0XC7,0XF8,0XC7,0XF8,0XC7,0XF8,0XC7,0XF8,0XC7,
0XF8,0XC7,0XF8,0XC7,0XF8,0XC7,0XF8,0XC7,0XF8,0XC7,0XF8,0XC7,0XF8,0XC7,0XF8,0XC7,
0XF8,0XC7,0XF8,0XC7,0XF8,0XC7,0XF8,0XBF,0XF8,0XBF,0XF8,0XBF,0XF7,0XC7,0XF7,0XC7,
0XF8,0XC7,0XF8,0XC7,0XF7,0XC7,0XF7,0XBF,0XF7,0XC7,0XF8,0XCF,0XF7,0XC7,0XF6,0XBF,
0XF6,0XBF,0XF5,0XCF,0XB1,0XDF,0X6B,0XE7,0X47,0XEF,0X26,0XEF,0X25,0XEF,0X24,0XF7,
0X03,0XF7,0X02,0XFF,0X01,0XFF,0X01,0XFF,0X02,0XFF,0X02,0XF7,0X03,0XF7,0X24,0XEF,
0X25,0XE7,0X47,0XEF,0X6A,0XE7,0X90,0XDF,0XD5,0XCF,0XF7,0XC7,0XF8,0XBF,0XF7,0XC7,
0XF8,0XC7,0XF7,0XBF,0XF7,0XBF,0XF7,0XC7,0XF8,0XC7,0XF8,0XBF,0XF7,0XBF,0XF7,0XBF,
0XF8,0XC7,0XF8,0XC7,0XF8,0XC7,0XF8,0XC7,0XF8,0XC7,0XF8,0XC7,0XF8,0XC7,0XF8,0XC7,
0XF8,0XC7,0XF8,0XC7,0XF8,0XC7,0XF8,0XC7,0XF8,0XC7,0XF8,0XC7,0XF8,0XC7,0XF8,0XC7,
0XF8,0XC7,0XF8,0XC7,0XF8,0XC7,0XF8,0XC7,0XF8,0XC7,0XF8,0XC7,0XF8,0XC7,0XF8,0XC7,
0XF8,0XC7,0XF8,0XC7,0XF8,0XC7,0XF8,0XC7,0XF8,0XC7,0XF8,0XC7,0XF8,0XC7,0XF8,0XC7,
0XF8,0XC7,0XF8,0XC7,0XF8,0XC7,0XF8,0XBF,0XF8,0XC7,0XF7,0XC7,0XF7,0XC7,0XF7,0XC7,
0XF7,0XC7,0XF7,0XC7,0XF7,0XC7,0XF7,0XBF,0XF7,0XC7,0XD7,0XC7,0XD7,0XC7,0XF5,0XCF,
0XD1,0XD7,0X8C,0XDF,0X07,0XEF,0XE3,0XF6,0X00,0XFF,0X21,0XFF,0X21,0XFF,0X01,0XFF,
0XE1,0XFE,0XE1,0XFE,0XC1,0XFE,0XE1,0XFE,0XE1,0XFE,0X01,0XFF,0X01,0XFF,0X01,0XFF,
0X01,0XFF,0XE1,0XFE,0XE3,0XFE,0X06,0XEF,0X6B,0XE7,0XD1,0XD7,0XF4,0XC7,0XF7,0XC7,
0XD8,0XC7,0XF8,0XBF,0XF7,0XC7,0XF7,0XC7,0XF7,0XC7,0XF7,0XC7,0XF8,0XBF,0XF8,0XBF,
0XF8,0XC7,0XF8,0XC7,0XF8,0XC7,0XF8,0XC7,0XF8,0XC7,0XF8,0XC7,0XF8,0XC7,0XF8,0XC7,
0XF8,0XC7,0XF8,0XC7,0XF8,0XC7,0XF8,0XC7,0XF8,0XC7,0XF8,0XC7,0XF8,0XC7,0XF8,0XC7,
0XF8,0XC7,0XF8,0XC7,0XF8,0XC7,0XF8,0XC7,0XF8,0XC7,0XF8,0XC7,0XF8,0XC7,0XF8,0XC7,
0XF8,0XC7,0XF8,0XC7,0XF8,0XC7,0XF8,0XC7,0XF8,0XC7,0XF8,0XC7,0XF8,0XC7,0XF8,0XC7,
0XF8,0XBF,0XF8,0XBF,0XF8,0XC7,0XF7,0XC7,0XF7,0XC7,0XF7,0XC7,0XF7,0XC7,0XF7,0XC7,
0XF7,0XC7,0XF7,0XC7,0XF7,0XC7,0XF8,0XC7,0XD8,0XC7,0XF7,0XC7,0XD5,0XD7,0X6F,0XDF,
0X27,0XEF,0X03,0XF7,0X02,0XF7,0X02,0XFF,0XE1,0XFE,0XE1,0XFE,0X01,0XFF,0X01,0XFF,
0XE1,0XFE,0XE2,0XFE,0XE2,0XFE,0XE2,0XFE,0XE1,0XFE,0XE1,0XFE,0XE1,0XFE,0XE1,0XFE,
0XC1,0XFE,0XC3,0XFE,0XE3,0XFE,0X02,0XFF,0X21,0XF7,0X46,0XEF,0X6D,0XDF,0XD4,0XD7,
0XF6,0XC7,0XF8,0XC7,0XD8,0XC7,0XF7,0XC7,0XF7,0XC7,0XF8,0XC7,0XF8,0XC7,0XF8,0XC7,
0XF8,0XC7,0XF8,0XC7,0XF8,0XC7,0XF8,0XC7,0XF8,0XC7,0XF8,0XC7,0XF8,0XC7,0XF8,0XC7,
0XF8,0XC7,0XF8,0XC7,0XF8,0XC7,0XF8,0XC7,0XF8,0XC7,0XF8,0XC7,0XF8,0XC7,0XF8,0XC7,
0XF8,0XC7,0XF8,0XC7,0XF8,0XC7,0XF8,0XC7,0XF8,0XC7,0XF8,0XC7,0XF8,0XC7,0XF8,0XC7,
0XF8,0XC7,0XF8,0XC7,0XF8,0XC7,0XF8,0XC7,0XF8,0XC7,0XF8,0XC7,0XF8,0XC7,0XF8,0XC7,
0XF8,0XBF,0XF8,0XBF,0XF8,0XC7,0XF7,0XC7,0XF7,0XC7,0XF7,0XC7,0XF7,0XC7,0XF7,0XC7,
0XF8,0XC7,0XF8,0XC7,0XF7,0XC7,0XD7,0XCF,0XF7,0XC7,0XD5,0XCF,0X8E,0XDF,0X05,0XEF,
0X02,0XFF,0X01,0XFF,0X01,0XFF,0X01,0XFF,0XE1,0XFE,0XE2,0XFE,0XE2,0XFE,0XE2,0XFE,
0XE2,0XFE,0XE1,0XFE,0XE1,0XFE,0XE1,0XFE,0XE2,0XFE,0XE2,0XFE,0XE2,0XFE,0X02,0XFF,
0X00,0XFF,0X01,0XFF,0X02,0XF7,0XE2,0XFE,0XE2,0XFE,0XE2,0XFE,0X05,0XF7,0X4B,0XE7,
0XB3,0XD7,0XF7,0XCF,0XF8,0XBF,0XF8,0XC7,0XF8,0XBF,0XF8,0XC7,0XF8,0XC7,0XF8,0XC7,
0XF8,0XC7,0XF8,0XC7,0XF8,0XC7,0XF8,0XC7,0XF8,0XC7,0XF8,0XC7,0XF8,0XC7,0XF8,0XC7,
0XF8,0XC7,0XF8,0XC7,0XF8,0XC7,0XF8,0XC7,0XF8,0XC7,0XF8,0XC7,0XF8,0XC7,0XF8,0XC7,
0XF8,0XC7,0XF8,0XC7,0XF8,0XC7,0XF8,0XC7,0XF8,0XC7,0XF8,0XC7,0XF8,0XC7,0XF8,0XC7,
0XF8,0XC7,0XF8,0XC7,0XF8,0XC7,0XF8,0XC7,0XF8,0XC7,0XF8,0XC7,0XF8,0XC7,0XF8,0XC7,
0XF8,0XBF,0XF8,0XC7,0XF7,0XC7,0XF7,0XC7,0XF7,0XC7,0XF8,0XC7,0XF8,0XBF,0XF8,0XBF,
0XF8,0XBF,0XF8,0XBF,0XF7,0XBF,0XF6,0XC7,0XF3,0XD7,0X4C,0XDF,0X05,0XEF,0XE1,0XFE,
0XE1,0XFE,0XE1,0XFE,0X01,0XFF,0XE1,0XFE,0XE1,0XFE,0X01,0XFF,0X01,0XFF,0X01,0XFF,
0X01,0XFF,0X01,0XFF,0X01,0XFF,0X01,0XFF,0X01,0XFF,0X01,0XFF,0XE2,0XFE,0X01,0XFF,
0X00,0XFF,0X00,0XFF,0X01,0XFF,0XE2,0XFE,0XE2,0XFE,0XE0,0XFE,0XE1,0XFE,0X04,0XF7,
0X4A,0XE7,0XD2,0XD7,0XF7,0XC7,0XF8,0XBF,0XF9,0XBF,0XF8,0XBF,0XF7,0XC7,0XD7,0XC7,
0XF8,0XC7,0XF8,0XC7,0XF8,0XC7,0XF8,0XC7,0XF8,0XC7,0XF8,0XC7,0XF8,0XC7,0XF8,0XC7,
0XF8,0XC7,0XF8,0XC7,0XF8,0XC7,0XF8,0XC7,0XF8,0XC7,0XF8,0XC7,0XF8,0XC7,0XF8,0XC7,
0XF8,0XC7,0XF8,0XC7,0XF8,0XC7,0XF8,0XC7,0XF8,0XC7,0XF8,0XC7,0XF8,0XC7,0XF8,0XC7,
0XF8,0XC7,0XF8,0XC7,0XF8,0XC7,0XF8,0XC7,0XF8,0XC7,0XF8,0XC7,0XF8,0XC7,0XF8,0XC7,
0XF8,0XC7,0XF8,0XC7,0XF7,0XC7,0XF7,0XC7,0XF7,0XC7,0XF8,0XBF,0XF8,0XBF,0XF8,0XBF,
0XF8,0XBF,0XF8,0XBF,0XF6,0XC7,0XF2,0XCF,0X6A,0XDF,0XE4,0XEE,0XE1,0XFE,0XE1,0XFE,
0XC1,0XFE,0XE1,0XFE,0XE1,0XFE,0XE1,0XFE,0XE2,0XFE,0X01,0XFF,0XE1,0XFE,0XE1,0XFE,
0X01,0XFF,0X01,0XFF,0X01,0XFF,0X01,0XFF,0X01,0XFF,0X01,0XFF,0XE1,0XFE,0XE1,0XFE,
0XE1,0XFE,0XE1,0XFE,0X01,0XFF,0X01,0XFF,0X01,0XFF,0XE0,0XFE,0XE0,0XFE,0XE1,0XFE,
0X04,0XEF,0X69,0XDF,0XD1,0XD7,0XF6,0XC7,0XF8,0XBF,0XF8,0XBF,0XF7,0XBF,0XF6,0XC7,
0XF8,0XC7,0XF8,0XC7,0XF8,0XC7,0XF8,0XC7,0XF8,0XC7,0XF8,0XC7,0XF8,0XC7,0XF8,0XC7,
0XF8,0XC7,0XF8,0XC7,0XF8,0XC7,0XF8,0XC7,0XF8,0XC7,0XF8,0XC7,0XF8,0XC7,0XF8,0XC7,
0XF8,0XC7,0XF8,0XC7,0XF8,0XC7,0XF8,0XC7,0XF8,0XC7,0XF8,0XC7,0XF8,0XC7,0XF8,0XC7,
0XF8,0XC7,0XF8,0XC7,0XF8,0XC7,0XF8,0XC7,0XF8,0XC7,0XF8,0XC7,0XF8,0XC7,0XF8,0XC7,
0XF8,0XC7,0XF7,0XC7,0XF7,0XC7,0XF7,0XC7,0XF7,0XC7,0XF8,0XBF,0XF9,0XBF,0XF8,0XBF,
0XF8,0XC7,0XF7,0XC7,0XF4,0XD7,0X6B,0XE7,0XE3,0XEE,0XE0,0XFE,0XC1,0XFE,0XC2,0XFE,
0XC1,0XFE,0XC0,0XFE,0XE0,0XFE,0XE1,0XFE,0XE3,0XF6,0XE2,0XFE,0XE1,0XFE,0XE1,0XFE,
0XE1,0XFE,0XE1,0XFE,0XE1,0XFE,0XE1,0XFE,0XE1,0XFE,0XE1,0XFE,0XE1,0XFE,0XE1,0XFE,
0XC2,0XFE,0XC2,0XFE,0XE1,0XFE,0XE1,0XFE,0XE1,0XFE,0XC1,0XFE,0XC1,0XFE,0X01,0XFF,
0XE2,0XF6,0X02,0XF7,0X48,0XE7,0XD2,0XD7,0XF7,0XC7,0XF8,0XBF,0XF7,0XBF,0XF6,0XC7,
0XF8,0XC7,0XF8,0XC7,0XF8,0XC7,0XF8,0XC7,0XF8,0XC7,0XF8,0XC7,0XF8,0XC7,0XF8,0XC7,
0XF8,0XC7,0XF8,0XC7,0XF8,0XC7,0XF8,0XC7,0XF8,0XC7,0XF8,0XC7,0XF8,0XC7,0XF8,0XC7,
0XF8,0XC7,0XF8,0XC7,0XF8,0XC7,0XF8,0XC7,0XF8,0XC7,0XF8,0XC7,0XF8,0XC7,0XF8,0XC7,
0XF8,0XC7,0XF8,0XC7,0XF8,0XC7,0XF8,0XC7,0XF8,0XC7,0XF8,0XC7,0XF8,0XC7,0XF8,0XC7,
0XF8,0XBF,0XF8,0XC7,0XF7,0XC7,0XF7,0XC7,0XF7,0XC7,0XF8,0XBF,0XF8,0XBF,0XF8,0XBF,
0XF7,0XCF,0XD5,0XD7,0X6F,0XE7,0XC6,0XF6,0XE4,0XF6,0XE2,0XFE,0XE1,0XFE,0X02,0XFF,
0XE1,0XFE,0XE1,0XFE,0XE1,0XFE,0XE1,0XFE,0XE1,0XFE,0XE1,0XFE,0XE2,0XFE,0XE2,0XFE,
0XE1,0XFE,0XE1,0XFE,0XE1,0XFE,0XE1,0XFE,0XE1,0XFE,0XE1,0XFE,0XC1,0XFE,0XC2,0XFE,
0XE2,0XFE,0XE1,0XFE,0XE1,0XFE,0XC1,0XFE,0XC2,0XFE,0XC1,0XFE,0XE1,0XFE,0XE2,0XFE,
0XE2,0XFE,0XE2,0XFE,0XE4,0XF6,0X6C,0XE7,0XD4,0XD7,0XF7,0XC7,0XF7,0XBF,0XF6,0XBF,
0XF8,0XC7,0XF8,0XC7,0XF8,0XC7,0XF8,0XC7,0XF8,0XC7,0XF8,0XC7,0XF8,0XC7,0XF8,0XC7,
0XF8,0XC7,0XF8,0XC7,0XF8,0XC7,0XF8,0XC7,0XF8,0XC7,0XF8,0XC7,0XF8,0XC7,0XF8,0XC7,
0XF8,0XC7,0XF8,0XC7,0XF8,0XC7,0XF8,0XC7,0XF8,0XC7,0XF8,0XC7,0XF8,0XC7,0XF8,0XC7,
0XF8,0XC7,0XF8,0XC7,0XF8,0XC7,0XF8,0XC7,0XF8,0XC7,0XF8,0XC7,0XF8,0XC7,0XF8,0XC7,
0XF8,0XBF,0XF8,0XC7,0XF7,0XC7,0XF7,0XC7,0XF8,0XC7,0XF8,0XBF,0XF8,0XBF,0XF7,0XC7,
0XD5,0XCF,0X93,0XD7,0X0E,0XDF,0XC9,0XF6,0XC8,0XEE,0XE7,0XEE,0XC6,0XF6,0XC4,0XFE,
0XC3,0XFE,0XE2,0XFE,0XE1,0XFE,0XE1,0XFE,0XC1,0XFE,0XC1,0XFE,0XE1,0XFE,0XE1,0XFE,
0XE1,0XFE,0XE1,0XFE,0XE1,0XFE,0XE1,0XFE,0XE1,0XFE,0XE1,0XFE,0XE1,0XFE,0XE1,0XFE,
0XE1,0XFE,0XE1,0XFE,0XC2,0XFE,0XC1,0XFE,0XE1,0XFE,0XE1,0XFE,0X01,0XFF,0XE1,0XFE,
0XC1,0XFE,0XC1,0XFE,0XC2,0XFE,0X06,0XF7,0X70,0XDF,0XF6,0XC7,0XF8,0XBF,0XF6,0XBF,
0XF8,0XC7,0XF8,0XC7,0XF8,0XC7,0XF8,0XC7,0XF8,0XC7,0XF8,0XC7,0XF8,0XC7,0XF8,0XC7,
0XF8,0XC7,0XF8,0XC7,0XF8,0XC7,0XF7,0XC7,0XF7,0XC7,0XF8,0XC7,0XF8,0XC7,0XF8,0XC7,
0XF8,0XC7,0XF8,0XC7,0XF8,0XC7,0XF8,0XC7,0XF8,0XC7,0XF7,0XC7,0XF7,0XBF,0XF8,0XC7,
0XF8,0XC7,0XF8,0XC7,0XF8,0XC7,0XF8,0XC7,0XF7,0XC7,0XF8,0XC7,0XF8,0XC7,0XF8,0XBF,
0XF7,0XBF,0XF8,0XC7,0XF8,0XC7,0XD8,0XC7,0XD8,0XC7,0XD9,0XCF,0XD9,0XCF,0XD9,0XD7,
0XB8,0XDF,0X95,0XE7,0X73,0XEF,0X51,0XFF,0X71,0XFF,0X71,0XF7,0X50,0XFF,0X2E,0XFF,
0X0C,0XFF,0X09,0XFF,0XE6,0XF6,0XC3,0XF6,0XC2,0XFE,0XE1,0XFE,0XE0,0XFE,0XE1,0XFE,
0XE0,0XFE,0XE1,0XFE,0XE1,0XFE,0XE1,0XFE,0XC1,0XFE,0XE1,0XFE,0XE0,0XFE,0XE1,0XFE,
0XE1,0XFE,0XC1,0XFE,0XC1,0XFE,0XC1,0XFE,0XE1,0XFE,0XE1,0XFE,0XE1,0XFE,0XE1,0XFE,
0XE1,0XFE,0XC1,0XFE,0XE1,0XFE,0XE3,0XFE,0X0A,0XEF,0XD3,0XD7,0XF7,0XBF,0XF7,0XBF,
0XF8,0XC7,0XF8,0XC7,0XF8,0XC7,0XF8,0XC7,0XF8,0XC7,0XF8,0XC7,0XF8,0XC7,0XF8,0XC7,
0XF8,0XC7,0XF8,0XC7,0XF7,0XC7,0XF7,0XC7,0XF7,0XC7,0XF8,0XC7,0XF8,0XC7,0XF8,0XC7,
0XF8,0XC7,0XF8,0XC7,0XF8,0XC7,0XF8,0XC7,0XF7,0XC7,0XF7,0XBF,0XF7,0XBF,0XF7,0XC7,
0XF8,0XC7,0XF8,0XC7,0XF8,0XC7,0XF8,0XC7,0XF7,0XC7,0XF8,0XC7,0XF8,0XC7,0XF8,0XC7,
0XF7,0XBF,0XF8,0XC7,0XD8,0XCF,0XB9,0XD7,0XDA,0XD7,0XBA,0XDF,0XBB,0XDF,0XBC,0XE7,
0X7A,0XEF,0X57,0XEF,0X55,0XF7,0X56,0XF7,0X56,0XF7,0X57,0XF7,0X57,0XEF,0X57,0XEF,
0X36,0XF7,0X53,0XFF,0X50,0XFF,0X0B,0XFF,0XC6,0XF6,0XC3,0XF6,0XC1,0XFE,0XE1,0XFE,
0XE1,0XFE,0XC0,0XFE,0XC1,0XFE,0XC1,0XFE,0XC1,0XFE,0XC1,0XFE,0XE1,0XFE,0XE1,0XFE,
0XC1,0XFE,0XC1,0XFE,0XC1,0XFE,0XC1,0XFE,0XC1,0XFE,0XC1,0XFE,0XC1,0XFE,0XC1,0XFE,
0XC1,0XFE,0XC1,0XFE,0XC1,0XFE,0XE1,0XFE,0XC4,0XFE,0XAE,0XDF,0XF6,0XC7,0XF8,0XBF,
0XF8,0XC7,0XF8,0XC7,0XF8,0XC7,0XF8,0XC7,0XF8,0XC7,0XF8,0XC7,0XF8,0XC7,0XF8,0XC7,
0XF8,0XC7,0XF8,0XC7,0XF8,0XC7,0XF8,0XC7,0XF8,0XC7,0XF8,0XC7,0XF8,0XC7,0XF7,0XC7,
0XF7,0XC7,0XF7,0XC7,0XF7,0XC7,0XF7,0XBF,0XF7,0XC7,0XF7,0XBF,0XF7,0XBF,0XF7,0XC7,
0XF8,0XC7,0XF8,0XC7,0XF7,0XC7,0XF7,0XBF,0XF7,0XBF,0XF7,0XC7,0XF7,0XC7,0XF8,0XC7,
0XF8,0XC7,0XD9,0XC7,0XD9,0XCF,0XBA,0XDF,0XDB,0XDF,0XBB,0XDF,0XBC,0XE7,0X9C,0XE7,
0X7A,0XEF,0X57,0XF7,0X36,0XF7,0X37,0XF7,0X57,0XF7,0X56,0XF7,0X57,0XF7,0X57,0XEF,
0X58,0XF7,0X37,0XF7,0X36,0XFF,0X35,0XFF,0X12,0XFF,0X0D,0XFF,0XC6,0XF6,0XC2,0XF6,
0XC2,0XFE,0XA1,0XFE,0XC1,0XFE,0XC1,0XFE,0XC1,0XFE,0XC1,0XFE,0XC1,0XFE,0XC1,0XFE,
0XC1,0XFE,0XC1,0XFE,0XC1,0XFE,0XC1,0XFE,0XC1,0XFE,0XC1,0XFE,0XC1,0XFE,0XC1,0XFE,
0XC1,0XFE,0XC1,0XFE,0XC1,0XFE,0XC1,0XFE,0XC3,0XFE,0X2A,0XDF,0XF3,0XCF,0XF8,0XC7,
0XF8,0XC7,0XF8,0XC7,0XF8,0XC7,0XF8,0XC7,0XF8,0XC7,0XF8,0XC7,0XF8,0XC7,0XF8,0XC7,
0XF8,0XC7,0XF8,0XC7,0XF8,0XC7,0XF8,0XC7,0XF8,0XC7,0XF8,0XC7,0XF7,0XC7,0XF7,0XBF,
0XF7,0XBF,0XF7,0XBF,0XF7,0XBF,0XF7,0XBF,0XF7,0XBF,0XF7,0XBF,0XF7,0XBF,0XF8,0XC7,
0XF8,0XC7,0XF7,0XBF,0XF7,0XBF,0XF7,0XBF,0XF7,0XBF,0XF7,0XBF,0XF7,0XC7,0XD8,0XC7,
0XD9,0XCF,0XDA,0XD7,0XDB,0XDF,0XBB,0XE7,0XBB,0XE7,0X9C,0XE7,0X9C,0XE7,0X7B,0XE7,
0X59,0XEF,0X57,0XF7,0X37,0XF7,0X38,0XF7,0X37,0XF7,0X56,0XF7,0X56,0XF7,0X56,0XF7,
0X57,0XF7,0X57,0XF7,0X37,0XF7,0X36,0XF7,0X35,0XF7,0X73,0XFF,0X2F,0XF7,0XC9,0XF6,
0XA3,0XFE,0XC1,0XFE,0XC1,0XFE,0XC1,0XFE,0XC1,0XFE,0XC1,0XFE,0XC1,0XFE,0XA1,0XFE,
0XC1,0XFE,0XC1,0XFE,0XC1,0XFE,0XC1,0XFE,0XC1,0XFE,0XC1,0XFE,0XC1,0XFE,0XC1,0XFE,
0XC1,0XFE,0XC1,0XFE,0XC1,0XFE,0XC1,0XFE,0XC2,0XFE,0XE6,0XE6,0XD0,0XDF,0XF7,0XC7,
0XF8,0XC7,0XF8,0XC7,0XF8,0XC7,0XF8,0XC7,0XF8,0XC7,0XF8,0XC7,0XF8,0XC7,0XF8,0XC7,
0XF8,0XC7,0XF8,0XC7,0XF8,0XC7,0XF8,0XC7,0XF8,0XC7,0XF8,0XC7,0XF7,0XC7,0XF7,0XBF,
0XF7,0XBF,0XF7,0XC7,0XF7,0XC7,0XF8,0XC7,0XF8,0XC7,0XF8,0XC7,0XF8,0XC7,0XF8,0XC7,
0XF8,0XC7,0XF7,0XC7,0XF7,0XBF,0XF7,0XBF,0XF7,0XBF,0XF7,0XC7,0XD8,0XC7,0XD9,0XCF,
0XDB,0XD7,0XBB,0XDF,0XBC,0XDF,0X9C,0XE7,0X9C,0XE7,0X9C,0XE7,0X9C,0XEF,0X7B,0XEF,
0X39,0XEF,0X37,0XF7,0X37,0XF7,0X37,0XF7,0X57,0XF7,0X56,0XF7,0X56,0XF7,0X56,0XF7,
0X56,0XEF,0X57,0XF7,0X57,0XEF,0X56,0XEF,0X56,0XEF,0X55,0XEF,0X74,0XF7,0X31,0XFF,
0XC9,0XFE,0XA3,0XFE,0XC1,0XFE,0XC1,0XFE,0XC1,0XFE,0XC1,0XFE,0XC1,0XFE,0XA2,0XFE,
0XC1,0XFE,0XC1,0XFE,0XC1,0XFE,0XC1,0XFE,0XC1,0XFE,0XC1,0XFE,0XC1,0XFE,0XC1,0XFE,
0XC1,0XFE,0XC1,0XFE,0XC1,0XFE,0XC1,0XFE,0XC1,0XFE,0XC3,0XF6,0X6C,0XE7,0XD6,0XCF,
0XF8,0XC7,0XF8,0XC7,0XF8,0XC7,0XF8,0XC7,0XF8,0XC7,0XF8,0XC7,0XF8,0XC7,0XF8,0XC7,
0XF8,0XC7,0XF8,0XC7,0XF8,0XC7,0XF8,0XC7,0XF8,0XC7,0XF7,0XC7,0XF7,0XBF,0XF7,0XC7,
0XF8,0XC7,0XF8,0XC7,0XF8,0XC7,0XD8,0XCF,0XD9,0XCF,0XD9,0XCF,0XD9,0XCF,0XD8,0XCF,
0XD8,0XC7,0XF8,0XC7,0XF7,0XC7,0XF7,0XC7,0XF8,0XC7,0XD8,0XC7,0XD9,0XCF,0XDA,0XD7,
0XBC,0XDF,0X9C,0XE7,0X9C,0XE7,0X9C,0XE7,0X9C,0XE7,0X7C,0XE7,0X9B,0XEF,0X7A,0XEF,
0X58,0XEF,0X57,0XF7,0X56,0XF7,0X56,0XF7,0X56,0XF7,0X56,0XF7,0X56,0XF7,0X37,0XF7,
0X57,0XF7,0X57,0XEF,0X57,0XEF,0X57,0XEF,0X76,0XEF,0X77,0XEF,0X57,0XEF,0X56,0XFF,
0X31,0XFF,0XC8,0XFE,0XC2,0XF6,0XC2,0XFE,0XC1,0XFE,0XC0,0XFE,0XA0,0XFE,0XA1,0XFE,
0XC1,0XFE,0XC1,0XFE,0XC1,0XFE,0XC1,0XFE,0XC1,0XFE,0XC1,0XFE,0XC1,0XFE,0XC1,0XFE,
0XC1,0XFE,0XC1,0XFE,0XC1,0XFE,0XC1,0XFE,0XC1,0XFE,0XA1,0XFE,0X08,0XEF,0XD5,0XD7,
0XF8,0XC7,0XF8,0XC7,0XF8,0XC7,0XF8,0XC7,0XF8,0XC7,0XF8,0XC7,0XF8,0XC7,0XF8,0XC7,
0XF8,0XC7,0XF8,0XC7,0XF7,0XBF,0XF7,0XBF,0XF7,0XBF,0XF7,0XC7,0XF8,0XC7,0XF8,0XC7,
0XD8,0XC7,0XD9,0XCF,0XDA,0XD7,0XDA,0XD7,0XDB,0XD7,0XBA,0XD7,0XBA,0XD7,0XBA,0XD7,
0XDA,0XD7,0XD9,0XCF,0XD9,0XCF,0XD8,0XC7,0XD8,0XCF,0XD9,0XCF,0XDA,0XD7,0XBB,0XDF,
0X9C,0XE7,0X9C,0XE7,0X9C,0XE7,0X9C,0XE7,0X9C,0XE7,0X7C,0XE7,0X9B,0XEF,0X79,0XEF,
0X57,0XEF,0X56,0XF7,0X56,0XF7,0X56,0XEF,0X56,0XF7,0X56,0XF7,0X37,0XF7,0X37,0XF7,
0X38,0XF7,0X38,0XF7,0X37,0XF7,0X57,0XF7,0X57,0XF7,0X57,0XEF,0X57,0XEF,0X56,0XF7,
0X36,0XF7,0X30,0XFF,0XC8,0XF6,0XA2,0XFE,0XA0,0XFE,0XA0,0XFE,0XA0,0XFE,0XA1,0XFE,
0XA1,0XFE,0XA1,0XFE,0XA1,0XFE,0XA1,0XFE,0XA1,0XFE,0XA1,0XFE,0XA1,0XFE,0XA1,0XFE,
0XA1,0XFE,0XA1,0XFE,0XA0,0XFE,0XC0,0XFE,0XA1,0XFE,0XA1,0XFE,0XE7,0XEE,0XB2,0XD7,
0XF8,0XC7,0XF8,0XC7,0XF8,0XC7,0XF8,0XC7,0XF8,0XC7,0XF8,0XC7,0XF8,0XC7,0XF8,0XC7,
0XF8,0XC7,0XF8,0XC7,0XF7,0XBF,0XF7,0XBF,0XF7,0XC7,0XF8,0XC7,0XD8,0XC7,0XD9,0XCF,
0XDA,0XD7,0XBB,0XDF,0XBB,0XDF,0XBB,0XDF,0XBC,0XE7,0XBB,0XDF,0XBB,0XDF,0XBB,0XDF,
0XBB,0XDF,0XDB,0XDF,0XDB,0XD7,0XBA,0XD7,0XB9,0XD7,0XBA,0XDF,0XBC,0XE7,0X9C,0XE7,
0X9C,0XE7,0X9C,0XE7,0X9C,0XE7,0X9C,0XE7,0X9C,0XE7,0X7B,0XE7,0X9A,0XEF,0X78,0XEF,
0X57,0XEF,0X57,0XEF,0X56,0XF7,0X57,0XEF,0X57,0XEF,0X57,0XF7,0X56,0XF7,0X36,0XF7,
0X36,0XF7,0X36,0XF7,0X36,0XF7,0X36,0XF7,0X36,0XF7,0X37,0XF7,0X57,0XF7,0X76,0XEF,
0X57,0XEF,0X36,0XF7,0X30,0XFF,0X85,0XF6,0XC1,0XFE,0XA0,0XFE,0XA0,0XFE,0XA1,0XFE,
0XA1,0XFE,0XA1,0XFE,0XA1,0XFE,0XA1,0XFE,0XA1,0XFE,0XA1,0XFE,0XA1,0XFE,0XA1,0XFE,
0XA1,0XFE,0XA1,0XFE,0XA0,0XFE,0XA0,0XFE,0XA1,0XFE,0X81,0XFE,0XC6,0XEE,0X90,0XDF,
0XF8,0XC7,0XF8,0XC7,0XF8,0XC7,0XF8,0XC7,0XF8,0XC7,0XF8,0XC7,0XF8,0XC7,0XF8,0XC7,
0XF8,0XC7,0XF8,0XC7,0XF7,0XC7,0XF7,0XC7,0XF8,0XC7,0XD8,0XCF,0XDA,0XD7,0XDB,0XDF,
0XBB,0XDF,0XBC,0XDF,0X9C,0XE7,0X9C,0XE7,0X9C,0XE7,0X9B,0XE7,0X9B,0XE7,0X9C,0XE7,
0X9C,0XE7,0X9C,0XDF,0XBB,0XDF,0XBB,0XDF,0XBB,0XDF,0XBB,0XDF,0X9C,0XE7,0X7C,0XE7,
0X9C,0XE7,0X9C,0XE7,0X9B,0XE7,0X9C,0XE7,0X9C,0XE7,0X9C,0XE7,0X7A,0XEF,0X58,0XEF,
0X57,0XEF,0X57,0XEF,0X37,0XF7,0X57,0XF7,0X57,0XF7,0X37,0XF7,0X57,0XF7,0X37,0XF7,
0X36,0XF7,0X36,0XF7,0X36,0XF7,0X37,0XF7,0X37,0XF7,0X37,0XF7,0X37,0XF7,0X56,0XEF,
0X56,0XEF,0X37,0XF7,0X35,0XFF,0XEC,0XFE,0XA3,0XF6,0XA1,0XFE,0XA1,0XFE,0XA1,0XFE,
0XA1,0XFE,0XA1,0XFE,0XA1,0XFE,0XA1,0XFE,0XA1,0XFE,0XA1,0XFE,0XA1,0XFE,0XA1,0XFE,
0XA1,0XFE,0XA1,0XFE,0XA0,0XFE,0XA0,0XFE,0XA1,0XFE,0XA1,0XFE,0XC5,0XEE,0X6E,0XE7,
0XF8,0XC7,0XF8,0XC7,0XF8,0XC7,0XF8,0XC7,0XF8,0XC7,0XF8,0XC7,0XF8,0XC7,0XF8,0XC7,
0XF8,0XC7,0XF8,0XC7,0XF8,0XC7,0XF8,0XC7,0XD8,0XCF,0XDA,0XD7,0XBB,0XDF,0XBC,0XE7,
0X9C,0XE7,0X7C,0XE7,0X7C,0XE7,0X9C,0XE7,0X9C,0XE7,0X9C,0XE7,0X9C,0XE7,0X9C,0XE7,
0X7C,0XE7,0X9C,0XE7,0X9C,0XE7,0X9C,0XE7,0X9C,0XE7,0X9C,0XE7,0X7C,0XE7,0X9C,0XE7,
0X7C,0XE7,0X9C,0XE7,0X9B,0XE7,0X9C,0XE7,0X9C,0XE7,0X9C,0XE7,0X7A,0XEF,0X58,0XEF,
0X37,0XEF,0X37,0XF7,0X37,0XF7,0X37,0XF7,0X37,0XF7,0X37,0XF7,0X37,0XF7,0X57,0XF7,
0X37,0XF7,0X37,0XF7,0X37,0XF7,0X37,0XF7,0X37,0XF7,0X38,0XF7,0X37,0XF7,0X56,0XEF,
0X76,0XEF,0X57,0XF7,0X36,0XF7,0X32,0XFF,0XA6,0XF6,0XA2,0XF6,0XA1,0XFE,0XA0,0XFE,
0XA1,0XFE,0XA1,0XFE,0XA1,0XFE,0XA1,0XFE,0XA1,0XFE,0XA1,0XFE,0XA1,0XFE,0XA1,0XFE,
0XA1,0XFE,0XA1,0XFE,0XA1,0XFE,0XA0,0XFE,0XA1,0XFE,0XA1,0XFE,0XA5,0XEE,0X6D,0XEF,
0XF8,0XC7,0XF8,0XC7,0XF8,0XC7,0XF8,0XC7,0XF8,0XC7,0XF8,0XC7,0XF8,0XC7,0XF8,0XC7,
0XF8,0XC7,0XF8,0XC7,0XF8,0XC7,0XD8,0XCF,0XDA,0XD7,0XDB,0XDF,0XBC,0XE7,0X9C,0XE7,
0X7D,0XEF,0X7D,0XEF,0X7C,0XE7,0X9C,0XE7,0X9C,0XE7,0X9C,0XE7,0X9C,0XE7,0X7C,0XE7,
0X7D,0XEF,0X7D,0XE7,0X9C,0XE7,0X9C,0XE7,0X9C,0XE7,0X9C,0XE7,0X9C,0XE7,0X7C,0XE7,
0X9C,0XE7,0X9C,0XE7,0X9B,0XE7,0X9C,0XE7,0X9C,0XE7,0X9C,0XEF,0X7A,0XEF,0X58,0XEF,
0X37,0XEF,0X38,0XF7,0X37,0XF7,0X37,0XF7,0X37,0XF7,0X37,0XF7,0X38,0XF7,0X37,0XF7,
0X57,0XF7,0X57,0XF7,0X57,0XF7,0X57,0XF7,0X57,0XF7,0X37,0XF7,0X37,0XF7,0X56,0XF7,
0X56,0XF7,0X57,0XF7,0X36,0XF7,0X55,0XFF,0XED,0XFE,0XA3,0XF6,0XA0,0XFE,0X80,0XFE,
0XA0,0XFE,0XA0,0XFE,0XA0,0XFE,0XA0,0XFE,0XA0,0XFE,0XA0,0XFE,0XA0,0XFE,0XA0,0XFE,
0XA0,0XFE,0XA1,0XFE,0XA1,0XFE,0X80,0XFE,0XA0,0XFE,0XC1,0XFE,0XA4,0XEE,0X4C,0XF7,
0XF7,0XBF,0XF7,0XC7,0XF8,0XC7,0XF8,0XC7,0XF8,0XC7,0XF8,0XC7,0XF7,0XBF,0XF8,0XBF,
0XF8,0XC7,0XF8,0XC7,0XD9,0XCF,0XBA,0XD7,0XBB,0XDF,0XBB,0XDF,0X9C,0XE7,0X9C,0XE7,
0X9D,0XE7,0X7D,0XE7,0X9D,0XE7,0X9C,0XE7,0X9C,0XE7,0X9C,0XE7,0X9C,0XE7,0X9C,0XE7,
0X9C,0XE7,0X9C,0XE7,0X9C,0XE7,0X9C,0XE7,0X9C,0XE7,0X9C,0XE7,0X9C,0XE7,0X9C,0XE7,
0X9C,0XE7,0X9C,0XE7,0X9C,0XE7,0X9C,0XE7,0X9D,0XE7,0X9C,0XE7,0X7A,0XEF,0X58,0XE7,
0X57,0XEF,0X37,0XF7,0X37,0XF7,0X37,0XF7,0X37,0XF7,0X37,0XF7,0X37,0XF7,0X37,0XF7,
0X37,0XF7,0X37,0XF7,0X57,0XF7,0X57,0XF7,0X57,0XF7,0X57,0XF7,0X57,0XF7,0X37,0XF7,
0X57,0XF7,0X37,0XF7,0X37,0XF7,0X35,0XF7,0X32,0XFF,0XA5,0XF6,0X80,0XFE,0X81,0XFE,
0XA0,0XFE,0XA0,0XFE,0XA0,0XFE,0XA0,0XFE,0XA0,0XFE,0XA0,0XFE,0XA0,0XFE,0XA0,0XFE,
0XA0,0XFE,0X81,0XFE,0X81,0XFE,0X80,0XFE,0XA0,0XFE,0XA0,0XFE,0XA5,0XEE,0X4D,0XF7,
0XF7,0XBF,0XF7,0XC7,0XF8,0XC7,0XF8,0XC7,0XF8,0XC7,0XF7,0XC7,0XF7,0XBF,0XF7,0XBF,
0XF8,0XC7,0XD8,0XC7,0XD9,0XCF,0XBB,0XDF,0XBB,0XDF,0XBC,0XE7,0X9C,0XE7,0X9C,0XE7,
0X9C,0XE7,0X9C,0XE7,0X9C,0XE7,0X9C,0XE7,0X9C,0XE7,0X9C,0XE7,0X9C,0XE7,0X9C,0XE7,
0X9C,0XE7,0X9C,0XE7,0X9C,0XE7,0X9C,0XE7,0X9C,0XE7,0X9C,0XE7,0X9C,0XE7,0X9C,0XE7,
0X9D,0XE7,0X9C,0XE7,0X9C,0XE7,0X9C,0XE7,0X9D,0XE7,0X9C,0XE7,0X9A,0XE7,0X78,0XE7,
0X57,0XEF,0X37,0XF7,0X37,0XF7,0X37,0XF7,0X37,0XF7,0X37,0XF7,0X37,0XF7,0X37,0XF7,
0X37,0XF7,0X37,0XF7,0X37,0XF7,0X37,0XF7,0X37,0XF7,0X37,0XF7,0X37,0XF7,0X37,0XF7,
0X36,0XF7,0X37,0XF7,0X38,0XF7,0X37,0XF7,0X35,0XFF,0XC8,0XF6,0XA1,0XF6,0X81,0XFE,
0XA0,0XFE,0XA0,0XFE,0X80,0XFE,0XA0,0XFE,0XA0,0XFE,0XA0,0XFE,0XA0,0XFE,0XA0,0XFE,
0XA0,0XFE,0X81,0XFE,0X81,0XFE,0X80,0XFE,0XA0,0XFE,0XA0,0XFE,0XA6,0XEE,0X4E,0XEF,
0XF7,0XC7,0XF7,0XC7,0XF8,0XC7,0XF8,0XC7,0XF8,0XC7,0XF7,0XBF,0XF7,0XBF,0XF7,0XC7,
0XF8,0XC7,0XD8,0XC7,0XD9,0XCF,0XBB,0XDF,0XBC,0XE7,0X9C,0XE7,0X9C,0XE7,0X9D,0XE7,
0X9C,0XE7,0X9C,0XE7,0X9C,0XE7,0X9C,0XE7,0X9C,0XE7,0X9C,0XE7,0X9C,0XE7,0X9C,0XE7,
0X9C,0XE7,0X9C,0XE7,0X9C,0XE7,0X9C,0XE7,0X9C,0XE7,0X9C,0XE7,0X9C,0XE7,0X9C,0XE7,
0X9D,0XE7,0X9C,0XE7,0X9C,0XE7,0X9C,0XE7,0X9D,0XE7,0X9C,0XE7,0X7A,0XEF,0X78,0XEF,
0X57,0XEF,0X37,0XF7,0X37,0XF7,0X37,0XF7,0X37,0XF7,0X37,0XF7,0X37,0XF7,0X37,0XF7,
0X37,0XF7,0X37,0XF7,0X37,0XF7,0X37,0XF7,0X37,0XF7,0X37,0XEF,0X37,0XF7,0X36,0XF7,
0X55,0XF7,0X37,0XEF,0X38,0XEF,0X38,0XEF,0X36,0XF7,0X0C,0XF7,0XA2,0XF6,0XA1,0XFE,
0X81,0XFE,0X81,0XFE,0X81,0XFE,0X81,0XFE,0X81,0XFE,0XA0,0XFE,0XA0,0XFE,0XA0,0XFE,
0XA0,0XFE,0X80,0XFE,0X81,0XFE,0X80,0XFE,0X80,0XFE,0X80,0XFE,0XC6,0XEE,0X91,0XE7,
0XF7,0XC7,0XF7,0XC7,0XF8,0XC7,0XF8,0XC7,0XF8,0XC7,0XF7,0XBF,0XF7,0XBF,0XF8,0XC7,
0XF8,0XC7,0XD8,0XC7,0XDA,0XD7,0XBB,0XDF,0X9C,0XE7,0X9C,0XE7,0X9C,0XE7,0X7C,0XE7,
0X7C,0XE7,0X7C,0XE7,0X9C,0XE7,0X9C,0XE7,0X9C,0XE7,0X9C,0XE7,0X9C,0XE7,0X9C,0XE7,
0X9C,0XE7,0X9C,0XE7,0X9C,0XE7,0X9C,0XE7,0X9C,0XE7,0X9C,0XE7,0X9C,0XE7,0X9C,0XE7,
0X9C,0XE7,0X9C,0XE7,0X9C,0XE7,0X7C,0XE7,0X7C,0XE7,0X7C,0XE7,0X7B,0XEF,0X58,0XEF,
0X37,0XEF,0X37,0XF7,0X37,0XF7,0X37,0XEF,0X37,0XEF,0X37,0XEF,0X37,0XEF,0X37,0XEF,
0X37,0XEF,0X37,0XEF,0X37,0XEF,0X37,0XEF,0X37,0XEF,0X38,0XF7,0X37,0XF7,0X36,0XF7,
0X36,0XF7,0X57,0XEF,0X57,0XEF,0X57,0XEF,0X36,0XF7,0X2E,0XFF,0XA3,0XF6,0XA0,0XFE,
0X80,0XFE,0X81,0XFE,0X81,0XFE,0X81,0XFE,0X81,0XFE,0X81,0XFE,0X80,0XFE,0X80,0XFE,
0X80,0XFE,0XA0,0XFE,0X80,0XFE,0X81,0XFE,0X80,0XFE,0X80,0XFE,0XE7,0XE6,0XD3,0XD7,
0XF8,0XC7,0XF8,0XC7,0XF8,0XC7,0XF8,0XC7,0XF8,0XC7,0XF7,0XBF,0XF7,0XBF,0XF8,0XC7,
0XD8,0XC7,0XD9,0XCF,0XDB,0XDF,0X9C,0XE7,0X9C,0XE7,0X9C,0XE7,0X7C,0XE7,0X7C,0XE7,
0X7C,0XE7,0X7C,0XE7,0X7C,0XE7,0X9C,0XE7,0X9C,0XE7,0X9C,0XE7,0X9C,0XE7,0X9C,0XE7,
0X9C,0XE7,0X9C,0XE7,0X9C,0XE7,0X9C,0XE7,0X9C,0XE7,0X9C,0XE7,0X9C,0XE7,0X9C,0XE7,
0X9C,0XE7,0X9C,0XE7,0X9C,0XE7,0X7C,0XE7,0X7C,0XE7,0X7C,0XE7,0X9B,0XEF,0X59,0XEF,
0X38,0XEF,0X37,0XF7,0X37,0XF7,0X37,0XEF,0X37,0XEF,0X37,0XEF,0X37,0XEF,0X37,0XEF,
0X37,0XEF,0X37,0XEF,0X37,0XEF,0X37,0XEF,0X37,0XEF,0X37,0XF7,0X37,0XF7,0X36,0XF7,
0X37,0XF7,0X37,0XEF,0X57,0XEF,0X56,0XEF,0X16,0XF7,0X50,0XFF,0X65,0XF6,0X81,0XFE,
0X80,0XFE,0X80,0XFE,0X80,0XFE,0X80,0XFE,0X80,0XFE,0X81,0XFE,0X80,0XFE,0X80,0XFE,
0X80,0XFE,0X80,0XFE,0X80,0XFE,0X61,0XFE,0X80,0XFE,0XA0,0XFE,0X09,0XE7,0XF6,0XC7,
0XF8,0XC7,0XF8,0XC7,0XF8,0XC7,0XF8,0XC7,0XF8,0XC7,0XF7,0XBF,0XF7,0XBF,0XF8,0XC7,
0XD8,0XC7,0XD9,0XCF,0XBB,0XDF,0X9C,0XE7,0X7C,0XE7,0X7C,0XE7,0X7C,0XE7,0X7C,0XE7,
0X7C,0XE7,0X7C,0XE7,0X7C,0XE7,0X9C,0XE7,0X9C,0XE7,0X9C,0XE7,0X9C,0XE7,0X9C,0XE7,
0X9C,0XE7,0X9C,0XE7,0X9C,0XE7,0X9C,0XE7,0X9C,0XE7,0X9C,0XE7,0X9C,0XE7,0X9C,0XE7,
0X7C,0XE7,0X7C,0XE7,0X7C,0XE7,0X7C,0XE7,0X9C,0XE7,0X7C,0XE7,0X9C,0XEF,0X5A,0XEF,
0X38,0XEF,0X37,0XF7,0X37,0XF7,0X37,0XEF,0X37,0XEF,0X37,0XEF,0X37,0XEF,0X37,0XEF,
0X37,0XEF,0X37,0XEF,0X37,0XEF,0X37,0XEF,0X37,0XEF,0X37,0XEF,0X37,0XF7,0X37,0XF7,
0X38,0XEF,0X38,0XEF,0X37,0XEF,0X56,0XEF,0X37,0XF7,0X32,0XFF,0X47,0XF6,0X62,0XFE,
0X60,0XFE,0X80,0XFE,0X80,0XFE,0X80,0XFE,0X80,0XFE,0X80,0XFE,0X81,0XFE,0X81,0XFE,
0X80,0XFE,0X80,0XFE,0X80,0XFE,0X61,0XFE,0X80,0XFE,0XC3,0XF6,0X4C,0XDF,0XF7,0XC7,
0XF8,0XC7,0XF8,0XC7,0XF8,0XC7,0XF8,0XC7,0XF7,0XBF,0XF7,0XBF,0XF7,0XC7,0XF8,0XC7,
0XD8,0XC7,0XDA,0XCF,0XBB,0XDF,0X9C,0XE7,0X7C,0XE7,0X7C,0XE7,0X7C,0XE7,0X7C,0XE7,
0X7C,0XE7,0X7C,0XE7,0X7C,0XE7,0X9C,0XE7,0X9C,0XE7,0X9C,0XE7,0X9C,0XE7,0X9C,0XE7,
0X9C,0XE7,0X9C,0XE7,0X9C,0XE7,0X9C,0XE7,0X9C,0XE7,0X9C,0XE7,0X9C,0XE7,0X9C,0XE7,
0X9C,0XE7,0X7C,0XE7,0X7C,0XE7,0X7C,0XE7,0X9C,0XE7,0X7C,0XE7,0X7C,0XEF,0X7B,0XEF,
0X59,0XEF,0X38,0XEF,0X37,0XF7,0X37,0XEF,0X37,0XEF,0X37,0XEF,0X37,0XEF,0X37,0XEF,
0X37,0XEF,0X37,0XEF,0X37,0XEF,0X37,0XEF,0X37,0XEF,0X37,0XEF,0X56,0XEF,0X37,0XEF,
0X38,0XEF,0X39,0XEF,0X38,0XEF,0X57,0XEF,0X17,0XF7,0X13,0XFF,0X68,0XF6,0X61,0XFE,
0X80,0XFE,0X80,0XFE,0X80,0XFE,0X80,0XFE,0X80,0XFE,0X60,0XFE,0X60,0XFE,0X61,0XFE,
0X81,0XFE,0X80,0XFE,0X61,0XFE,0X61,0XFE,0X80,0XFE,0XC6,0XE6,0XB1,0XD7,0XF7,0XC7,
0XF8,0XC7,0XF8,0XC7,0XF8,0XC7,0XF8,0XC7,0XF7,0XBF,0XF7,0XBF,0XF7,0XC7,0XF8,0XC7,
0XB9,0XCF,0XBA,0XD7,0XBB,0XDF,0X9C,0XE7,0X7C,0XE7,0X7C,0XE7,0X7C,0XE7,0X7C,0XE7,
0X7C,0XE7,0X9C,0XE7,0X9C,0XE7,0X9C,0XE7,0X9C,0XE7,0X9C,0XE7,0X9C,0XE7,0X9C,0XE7,
0X9C,0XE7,0X9C,0XE7,0X9C,0XE7,0X9C,0XE7,0X9C,0XE7,0X9C,0XE7,0X9C,0XE7,0X9C,0XE7,
0X9C,0XE7,0X7C,0XE7,0X7C,0XE7,0X9C,0XE7,0X9C,0XE7,0X9C,0XE7,0X7C,0XE7,0X7C,0XEF,
0X5A,0XEF,0X38,0XEF,0X37,0XEF,0X37,0XEF,0X37,0XEF,0X37,0XEF,0X37,0XEF,0X37,0XEF,
0X37,0XEF,0X37,0XEF,0X37,0XEF,0X37,0XEF,0X37,0XEF,0X57,0XEF,0X57,0XEF,0X37,0XF7,
0X37,0XF7,0X38,0XEF,0X38,0XEF,0X37,0XEF,0X36,0XF7,0X31,0XFF,0X66,0XEE,0XA1,0XF6,
0X81,0XFE,0X61,0XFE,0X80,0XFE,0X80,0XFE,0X80,0XFE,0X80,0XFE,0X60,0XFE,0X61,0XFE,
0X61,0XFE,0X80,0XFE,0X61,0XFE,0X61,0XFE,0XA1,0XFE,0X2C,0XDF,0XF5,0XCF,0XD7,0XCF,
0XF8,0XC7,0XF8,0XC7,0XF8,0XC7,0XF7,0XC7,0XF7,0XBF,0XF7,0XBF,0XF7,0XC7,0XD8,0XC7,
0XB9,0XCF,0XBA,0XD7,0X9B,0XDF,0X7C,0XE7,0X7C,0XE7,0X7C,0XE7,0X7C,0XE7,0X7C,0XE7,
0X9C,0XE7,0X9C,0XE7,0X9C,0XE7,0X9C,0XE7,0X7C,0XE7,0X9C,0XE7,0X9C,0XE7,0X9C,0XE7,
0X9C,0XE7,0X9C,0XE7,0X9C,0XE7,0X9C,0XE7,0X9C,0XE7,0X9C,0XE7,0X9C,0XE7,0X9C,0XE7,
0X9C,0XE7,0X7C,0XE7,0X7C,0XE7,0X9C,0XE7,0X9C,0XE7,0X9C,0XE7,0X7C,0XE7,0X7C,0XE7,
0X7B,0XEF,0X38,0XEF,0X37,0XEF,0X37,0XEF,0X37,0XEF,0X37,0XEF,0X37,0XEF,0X37,0XEF,
0X37,0XEF,0X37,0XEF,0X37,0XEF,0X37,0XEF,0X37,0XEF,0X37,0XEF,0X37,0XEF,0X37,0XF7,
0X17,0XF7,0X37,0XEF,0X37,0XEF,0X57,0XEF,0X36,0XEF,0X32,0XF7,0XAA,0XEE,0X84,0XEE,
0X63,0XF6,0X62,0XFE,0X81,0XFE,0X60,0XFE,0X60,0XFE,0X60,0XFE,0X60,0XFE,0X61,0XFE,
0X61,0XFE,0X80,0XFE,0X80,0XFE,0X81,0XFE,0XA5,0XEE,0XB1,0XD7,0XF7,0XC7,0XF7,0XC7,
0XF8,0XC7,0XF8,0XC7,0XF8,0XC7,0XF7,0XBF,0XF7,0XBF,0XF7,0XBF,0XF7,0XC7,0XD8,0XC7,
0XD9,0XCF,0XBB,0XD7,0X9B,0XDF,0X9C,0XE7,0X9C,0XE7,0X9C,0XE7,0X9C,0XE7,0X9C,0XE7,
0X9C,0XE7,0X9C,0XE7,0X9C,0XE7,0X9C,0XE7,0X7C,0XE7,0X9C,0XE7,0X9C,0XE7,0X9C,0XE7,
0X9C,0XE7,0X9C,0XE7,0X9C,0XE7,0X9C,0XE7,0X9C,0XE7,0X9C,0XE7,0X9C,0XE7,0X9C,0XE7,
0X9C,0XE7,0X7C,0XE7,0X9C,0XE7,0X9C,0XE7,0X9C,0XE7,0X9C,0XE7,0X7C,0XE7,0X7D,0XE7,
0X7C,0XEF,0X79,0XEF,0X57,0XEF,0X37,0XEF,0X37,0XEF,0X37,0XEF,0X37,0XEF,0X37,0XEF,
0X37,0XEF,0X37,0XEF,0X37,0XEF,0X37,0XEF,0X37,0XEF,0X37,0XEF,0X37,0XEF,0X37,0XF7,
0X17,0XF7,0X37,0XF7,0X37,0XEF,0X57,0XEF,0X37,0XEF,0X56,0XF7,0X33,0XF7,0XEE,0XFE,
0X87,0XFE,0X63,0XF6,0X62,0XFE,0X81,0XFE,0X60,0XFE,0X60,0XFE,0X60,0XFE,0X61,0XFE,
0X60,0XFE,0X60,0XFE,0X60,0XFE,0X82,0XF6,0X0A,0XDF,0XB5,0XCF,0XF8,0XC7,0XF7,0XC7,
0XF8,0XC7,0XF8,0XC7,0XF8,0XC7,0XF8,0XC7,0XF8,0XC7,0XF8,0XC7,0XD9,0XCF,0XDA,0XD7,
0XDB,0XDF,0XBC,0XDF,0X9C,0XE7,0X9C,0XE7,0X9C,0XE7,0X9C,0XE7,0X9C,0XE7,0X9C,0XE7,
0X9C,0XE7,0X9C,0XE7,0X9C,0XE7,0X9C,0XE7,0X9C,0XE7,0X9C,0XE7,0X9C,0XE7,0X9C,0XE7,
0X9C,0XE7,0X9C,0XE7,0X9C,0XE7,0X9C,0XE7,0X9C,0XE7,0X9C,0XE7,0X9C,0XE7,0X9C,0XE7,
0X9C,0XE7,0X9C,0XE7,0X9C,0XE7,0X9C,0XE7,0X9C,0XE7,0X9C,0XE7,0X9D,0XE7,0X7D,0XE7,
0X7C,0XE7,0X9B,0XEF,0X59,0XEF,0X57,0XEF,0X57,0XEF,0X37,0XEF,0X37,0XEF,0X37,0XF7,
0X37,0XF7,0X37,0XEF,0X37,0XEF,0X37,0XEF,0X37,0XEF,0X37,0XEF,0X37,0XF7,0X38,0XF7,
0X18,0XF7,0X38,0XF7,0X38,0XEF,0X58,0XEF,0X58,0XEF,0X18,0XEF,0X17,0XF7,0X35,0XFF,
0X30,0XFF,0XCC,0XFE,0X66,0XF6,0X62,0XFE,0X60,0XFE,0X60,0XFE,0X60,0XFE,0X60,0XFE,
0X80,0XFE,0X60,0XFE,0X82,0XF6,0XC7,0XE6,0XB0,0XDF,0XD6,0XCF,0XF8,0XC7,0XF7,0XBF,
0XF7,0XC7,0XF7,0XC7,0XF8,0XC7,0XF8,0XC7,0XD9,0XCF,0XBA,0XD7,0XBB,0XDF,0X9C,0XE7,
0X9C,0XE7,0X9C,0XE7,0X9C,0XE7,0X9C,0XE7,0X9C,0XE7,0X9C,0XE7,0X9C,0XE7,0X9C,0XE7,
0X9C,0XE7,0X9C,0XE7,0X9C,0XE7,0X9C,0XE7,0X9C,0XE7,0X9C,0XE7,0X9C,0XE7,0X9C,0XE7,
0X9C,0XE7,0X9C,0XE7,0X9C,0XE7,0X9C,0XE7,0X9C,0XE7,0X9C,0XE7,0X9C,0XE7,0X9C,0XE7,
0X9C,0XE7,0X9C,0XE7,0X9C,0XE7,0X9C,0XE7,0X9C,0XE7,0X9C,0XE7,0X9C,0XE7,0X9C,0XE7,
0X9C,0XE7,0X9C,0XE7,0X7B,0XEF,0X58,0XEF,0X58,0XEF,0X38,0XEF,0X38,0XEF,0X38,0XF7,
0X37,0XF7,0X37,0XF7,0X37,0XF7,0X57,0XEF,0X57,0XEF,0X37,0XF7,0X38,0XF7,0X38,0XF7,
0X38,0XF7,0X38,0XF7,0X38,0XF7,0X38,0XF7,0X38,0XF7,0X38,0XF7,0X38,0XF7,0X37,0XF7,
0X37,0XF7,0X36,0XF7,0XF0,0XFE,0X66,0XF6,0X41,0XFE,0X40,0XFE,0X61,0XFE,0X60,0XF6,
0X80,0XF6,0X61,0XFE,0XA6,0XE6,0X70,0XD7,0XD4,0XD7,0XF6,0XC7,0XF8,0XC7,0XF8,0XBF,
0XF7,0XC7,0XF7,0XC7,0XF8,0XC7,0XD8,0XC7,0XD9,0XCF,0XBB,0XDF,0XBC,0XDF,0X9C,0XE7,
0X9C,0XE7,0X9C,0XE7,0X9C,0XE7,0X9C,0XE7,0X9C,0XE7,0X9C,0XE7,0X9C,0XE7,0X9C,0XE7,
0X9C,0XE7,0X9C,0XE7,0X9C,0XE7,0X9C,0XE7,0X9C,0XE7,0X9C,0XE7,0X9C,0XE7,0X9C,0XE7,
0X9C,0XE7,0X9C,0XE7,0X9C,0XE7,0X9C,0XE7,0X9C,0XE7,0X9C,0XE7,0X9C,0XE7,0X9C,0XE7,
0X9C,0XE7,0X9C,0XE7,0X9C,0XE7,0X9C,0XE7,0X9C,0XE7,0X9C,0XE7,0X9C,0XE7,0X9C,0XE7,
0X9C,0XE7,0X9C,0XE7,0X9B,0XEF,0X5A,0XEF,0X39,0XEF,0X38,0XEF,0X58,0XEF,0X57,0XF7,
0X37,0XF7,0X37,0XF7,0X57,0XF7,0X57,0XF7,0X58,0XF7,0X37,0XF7,0X37,0XF7,0X37,0XF7,
0X37,0XEF,0X37,0XEF,0X37,0XEF,0X58,0XF7,0X58,0XF7,0X57,0XF7,0X37,0XF7,0X57,0XF7,
0X57,0XF7,0X57,0XF7,0X56,0XF7,0XF1,0XF6,0X85,0XF6,0X60,0XFE,0X40,0XFE,0X20,0XFE,
0X62,0XFE,0X84,0XE6,0X4C,0XDF,0XD4,0XD7,0XF6,0XCF,0XF7,0XC7,0XF8,0XBF,0XF8,0XBF,
0XF7,0XC7,0XD8,0XC7,0XD8,0XC7,0XD9,0XCF,0XBB,0XD7,0XBB,0XDF,0X9C,0XE7,0X9C,0XE7,
0X9C,0XE7,0X9C,0XE7,0X9C,0XE7,0X9C,0XE7,0X9C,0XE7,0X9C,0XE7,0X9C,0XE7,0X9C,0XE7,
0X9C,0XE7,0X9C,0XE7,0X9C,0XE7,0X9C,0XE7,0X9C,0XE7,0X9C,0XE7,0X9C,0XE7,0X9C,0XE7,
0X9C,0XE7,0X9C,0XE7,0X9C,0XE7,0X9C,0XE7,0X9C,0XE7,0X9C,0XE7,0X9C,0XE7,0X9C,0XE7,
0X9C,0XE7,0X9C,0XE7,0X9C,0XE7,0X9C,0XE7,0X9C,0XE7,0X9C,0XE7,0X9C,0XE7,0X9C,0XE7,
0X9C,0XE7,0X9C,0XE7,0X9C,0XE7,0X7B,0XEF,0X7A,0XEF,0X59,0XEF,0X38,0XEF,0X57,0XEF,
0X57,0XF7,0X57,0XF7,0X37,0XF7,0X38,0XF7,0X38,0XF7,0X38,0XF7,0X57,0XEF,0X57,0XEF,
0X57,0XEF,0X57,0XEF,0X58,0XEF,0X58,0XEF,0X57,0XEF,0X57,0XEF,0X57,0XEF,0X37,0XEF,
0X38,0XF7,0X58,0XEF,0X36,0XE7,0X76,0XF7,0X10,0XF7,0X45,0XF6,0X40,0XFE,0X40,0XFE,
0X64,0XEE,0X0C,0XDF,0XD3,0XD7,0XF6,0XC7,0XF7,0XC7,0XF8,0XBF,0XF8,0XBF,0XF9,0XBF,
0XF8,0XC7,0XD8,0XC7,0XD9,0XCF,0XDA,0XD7,0XBC,0XDF,0X9C,0XE7,0X9C,0XE7,0X9C,0XE7,
0X9C,0XE7,0X9C,0XE7,0X9C,0XE7,0X9C,0XE7,0X9C,0XE7,0X9C,0XE7,0X9C,0XE7,0X9C,0XE7,
0X9C,0XE7,0X9C,0XE7,0X9C,0XE7,0X9C,0XE7,0X9C,0XE7,0X9C,0XE7,0X9C,0XE7,0X9C,0XE7,
0X9C,0XE7,0X9C,0XE7,0X9C,0XE7,0X9C,0XE7,0X9C,0XE7,0X9C,0XE7,0X9C,0XE7,0X9C,0XE7,
0X9C,0XE7,0X9C,0XE7,0X9C,0XE7,0X9C,0XE7,0X9C,0XE7,0X9C,0XE7,0X9C,0XE7,0X9C,0XE7,
0X9C,0XE7,0X9C,0XE7,0X9C,0XE7,0X7C,0XEF,0X7C,0XEF,0X7A,0XEF,0X59,0XEF,0X58,0XEF,
0X57,0XEF,0X57,0XF7,0X37,0XF7,0X38,0XF7,0X38,0XF7,0X38,0XF7,0X38,0XF7,0X38,0XF7,
0X38,0XEF,0X38,0XEF,0X58,0XEF,0X38,0XEF,0X38,0XEF,0X38,0XEF,0X38,0XEF,0X38,0XF7,
0X38,0XF7,0X58,0XF7,0X57,0XEF,0X57,0XEF,0X36,0XF7,0XAC,0XF6,0X64,0XF6,0X65,0XEE,
0X0C,0XE7,0XD4,0XD7,0XF6,0XBF,0XF7,0XC7,0XF8,0XBF,0XF8,0XBF,0XF9,0XBF,0XF8,0XBF,
0XD8,0XC7,0XD9,0XCF,0XDA,0XD7,0XBB,0XDF,0X9C,0XE7,0X9D,0XE7,0X9C,0XE7,0X9C,0XE7,
0X9C,0XE7,0X9C,0XE7,0X9C,0XE7,0X9C,0XE7,0X9C,0XE7,0X9C,0XE7,0X9C,0XE7,0X9C,0XE7,
0X9C,0XE7,0X9C,0XE7,0X9C,0XE7,0X9C,0XE7,0X9C,0XE7,0X9C,0XE7,0X9C,0XE7,0X9C,0XE7,
0X9C,0XE7,0X9C,0XE7,0X9C,0XE7,0X9C,0XE7,0X9C,0XE7,0X9C,0XE7,0X9C,0XE7,0X9C,0XE7,
0X9C,0XE7,0X9C,0XE7,0X9C,0XE7,0X9C,0XE7,0X9C,0XE7,0X9C,0XE7,0X9C,0XE7,0X9C,0XE7,
0X9C,0XE7,0X9C,0XE7,0X9C,0XE7,0X7C,0XE7,0X7C,0XE7,0X9C,0XEF,0X7A,0XEF,0X59,0XEF,
0X58,0XEF,0X58,0XF7,0X58,0XF7,0X58,0XF7,0X38,0XF7,0X38,0XF7,0X38,0XF7,0X38,0XF7,
0X38,0XF7,0X38,0XF7,0X38,0XF7,0X38,0XF7,0X38,0XF7,0X38,0XF7,0X38,0XF7,0X38,0XF7,
0X38,0XF7,0X17,0XF7,0X38,0XF7,0X59,0XF7,0X38,0XF7,0X53,0XF7,0XAC,0XDE,0X6E,0XE7,
0XB5,0XD7,0XD7,0XC7,0XF8,0XBF,0XF8,0XBF,0XF8,0XBF,0XF8,0XBF,0XF8,0XBF,0XF8,0XBF,
0XD8,0XCF,0XD9,0XD7,0XBB,0XDF,0X9C,0XE7,0X7C,0XE7,0X7C,0XE7,0X7C,0XE7,0X9C,0XE7,
0X9C,0XE7,0X9C,0XE7,0X9C,0XE7,0X9C,0XE7,0X9C,0XE7,0X9C,0XE7,0X9C,0XE7,0X9C,0XE7,
0X9C,0XE7,0X9C,0XE7,0X9C,0XE7,0X9C,0XE7,0X9C,0XE7,0X9C,0XE7,0X9C,0XE7,0X9C,0XE7,
0X9C,0XE7,0X9C,0XE7,0X9C,0XE7,0X9C,0XE7,0X9C,0XE7,0X9C,0XE7,0X9C,0XE7,0X9C,0XE7,
0X9C,0XE7,0X9C,0XE7,0X9C,0XE7,0X9C,0XE7,0X9C,0XE7,0X9C,0XE7,0X9C,0XE7,0X9C,0XE7,
0X9C,0XE7,0X9C,0XE7,0X9C,0XE7,0X9C,0XE7,0X9C,0XE7,0X7C,0XE7,0X7C,0XEF,0X7B,0XEF,
0X5A,0XEF,0X59,0XEF,0X39,0XEF,0X38,0XEF,0X38,0XEF,0X38,0XF7,0X38,0XF7,0X38,0XF7,
0X38,0XF7,0X38,0XF7,0X38,0XF7,0X38,0XF7,0X38,0XF7,0X38,0XF7,0X38,0XF7,0X38,0XF7,
0X38,0XF7,0X38,0XF7,0X38,0XF7,0X38,0XEF,0X58,0XEF,0X78,0XEF,0XB7,0XE7,0XD6,0XD7,
0XF6,0XC7,0XF8,0XBF,0XF8,0XBF,0XF8,0XC7,0XF8,0XC7,0XF8,0XC7,0XF8,0XC7,0XF8,0XC7,
0XD9,0XCF,0XDA,0XD7,0XBC,0XDF,0X9C,0XE7,0X7D,0XEF,0X7D,0XEF,0X9C,0XE7,0X9C,0XE7,
0X9C,0XE7,0X9C,0XE7,0X9C,0XE7,0X9C,0XE7,0X9C,0XE7,0X9C,0XE7,0X9C,0XE7,0X9C,0XE7,
0X9C,0XE7,0X9C,0XE7,0X9C,0XE7,0X9C,0XE7,0X9C,0XE7,0X9C,0XE7,0X9C,0XE7,0X9C,0XE7,
0X9C,0XE7,0X9C,0XE7,0X9C,0XE7,0X9C,0XE7,0X9C,0XE7,0X9C,0XE7,0X9C,0XE7,0X9C,0XE7,
0X9C,0XE7,0X9C,0XE7,0X9C,0XE7,0X9C,0XE7,0X9C,0XE7,0X9C,0XE7,0X9C,0XE7,0X9C,0XE7,
0X9C,0XE7,0X9C,0XE7,0X9C,0XE7,0X9C,0XE7,0X9C,0XE7,0X9C,0XE7,0X7C,0XEF,0X7C,0XEF,
0X7C,0XEF,0X7B,0XEF,0X5A,0XEF,0X59,0XEF,0X58,0XEF,0X38,0XEF,0X38,0XF7,0X37,0XF7,
0X38,0XF7,0X38,0XF7,0X37,0XF7,0X38,0XF7,0X38,0XF7,0X38,0XF7,0X58,0XF7,0X38,0XF7,
0X39,0XF7,0X38,0XEF,0X59,0XEF,0X59,0XEF,0X7A,0XEF,0X9B,0XEF,0XDC,0XDF,0XDA,0XCF,
0XF7,0XC7,0XF7,0XC7,0XF8,0XC7,0XF7,0XC7,0XF7,0XC7,0XF7,0XC7,0XF7,0XC7,0XF7,0XC7,
0XBA,0XD7,0XBB,0XDF,0X9C,0XE7,0X7C,0XE7,0X7D,0XEF,0X7C,0XEF,0X9C,0XE7,0X9C,0XE7,
0X9C,0XE7,0X9C,0XE7,0X9C,0XE7,0X9C,0XE7,0X9C,0XE7,0X9C,0XE7,0X9C,0XE7,0X9C,0XE7,
0X9C,0XE7,0X9C,0XE7,0X9C,0XE7,0X9C,0XE7,0X9C,0XE7,0X9C,0XE7,0X9C,0XE7,0X9C,0XE7,
0X9C,0XE7,0X9C,0XE7,0X9C,0XE7,0X9C,0XE7,0X9C,0XE7,0X9C,0XE7,0X9C,0XE7,0X9C,0XE7,
0X9C,0XE7,0X9C,0XE7,0X9C,0XE7,0X9C,0XE7,0X9C,0XE7,0X9C,0XE7,0X9C,0XE7,0X9C,0XE7,
0X9C,0XE7,0X9C,0XE7,0X9C,0XE7,0X9C,0XE7,0X9C,0XE7,0X9C,0XE7,0X9C,0XE7,0X7D,0XE7,
0X7C,0XEF,0X7C,0XEF,0X7B,0XEF,0X7A,0XEF,0X7A,0XEF,0X59,0XEF,0X58,0XEF,0X58,0XEF,
0X58,0XEF,0X38,0XEF,0X38,0XEF,0X38,0XEF,0X38,0XEF,0X58,0XEF,0X58,0XEF,0X59,0XEF,
0X5A,0XEF,0X7A,0XE7,0X7A,0XE7,0X9B,0XE7,0X7B,0XE7,0X9C,0XE7,0XBC,0XDF,0XBA,0XCF,
0XD8,0XC7,0XF7,0XC7,0XF7,0XC7,0XF7,0XC7,0XF7,0XC7,0XF7,0XC7,0XF7,0XC7,0XF7,0XC7,
0XBA,0XD7,0XBB,0XDF,0X9C,0XE7,0X7D,0XE7,0X7D,0XEF,0X9C,0XE7,0X9C,0XE7,0XBC,0XE7,
0X9C,0XE7,0X9C,0XE7,0X7D,0XE7,0X9C,0XE7,0X9C,0XE7,0X9C,0XE7,0X9C,0XE7,0X9C,0XE7,
0X9C,0XE7,0X9C,0XE7,0X9C,0XE7,0X9C,0XE7,0X9C,0XE7,0X9C,0XE7,0X9C,0XE7,0X9C,0XE7,
0X9C,0XE7,0X9C,0XE7,0X9C,0XE7,0X9C,0XE7,0X9C,0XE7,0X9C,0XE7,0X9C,0XE7,0X9C,0XE7,
0X9C,0XE7,0X9C,0XE7,0X9C,0XE7,0X9C,0XE7,0X9C,0XE7,0X9C,0XE7,0X9C,0XE7,0X9C,0XE7,
0X9C,0XE7,0X9C,0XE7,0X9C,0XE7,0X9C,0XE7,0X9C,0XE7,0X9C,0XE7,0X9C,0XE7,0X9C,0XE7,
0X9C,0XE7,0X9C,0XE7,0X9C,0XE7,0X9C,0XE7,0X9C,0XE7,0X9B,0XEF,0X7B,0XEF,0X7A,0XEF,
0X7A,0XEF,0X7A,0XEF,0X5A,0XEF,0X5A,0XEF,0X5A,0XEF,0X7A,0XEF,0X7A,0XEF,0X7B,0XEF,
0X9B,0XE7,0X9C,0XE7,0X9C,0XE7,0X9C,0XE7,0X9C,0XE7,0X9C,0XE7,0XBB,0XE7,0XBA,0XD7,
0XB8,0XCF,0XF7,0XC7,0XF7,0XBF,0XF7,0XBF,0XF7,0XC7,0XF7,0XC7,0XF7,0XC7,0XF8,0XC7,
0XBB,0XDF,0XBC,0XE7,0X9C,0XE7,0X7D,0XEF,0X7C,0XEF,0X9C,0XE7,0X9B,0XE7,0X9B,0XE7,
0X9C,0XE7,0X7D,0XE7,0X7D,0XE7,0X9C,0XE7,0X9C,0XE7,0X9C,0XE7,0X9C,0XE7,0X9C,0XE7,
0X9C,0XE7,0X9C,0XE7,0X9C,0XE7,0X9C,0XE7,0X9C,0XE7,0X9C,0XE7,0X9C,0XE7,0X9C,0XE7,
0X9C,0XE7,0X9C,0XE7,0X9C,0XE7,0X9C,0XE7,0X9C,0XE7,0X9C,0XE7,0X9C,0XE7,0X9C,0XE7,
0X9C,0XE7,0X9C,0XE7,0X9C,0XE7,0X9C,0XE7,0X9C,0XE7,0X9C,0XE7,0X9C,0XE7,0X9C,0XE7,
0X9C,0XE7,0X9C,0XE7,0X9C,0XE7,0X7C,0XE7,0X9C,0XE7,0X9C,0XE7,0X9C,0XE7,0X9C,0XE7,
0X9C,0XE7,0X9C,0XE7,0X9C,0XE7,0X9C,0XE7,0X9D,0XE7,0X9C,0XE7,0X9C,0XE7,0X9C,0XE7,
0X9C,0XE7,0X7C,0XE7,0X7C,0XEF,0X7C,0XEF,0X7C,0XE7,0X9C,0XE7,0X9C,0XE7,0X9C,0XE7,
0X9B,0XE7,0X9C,0XE7,0X7D,0XEF,0X7C,0XEF,0X9B,0XE7,0X9B,0XE7,0XBC,0XE7,0XBB,0XDF,
0XB9,0XCF,0XF8,0XBF,0XF7,0XBF,0XF8,0XBF,0XF8,0XBF,0XF8,0XBF,0XF8,0XBF,0XF8,0XBF,
0X9C,0XE7,0X7C,0XE7,0X7C,0XE7,0X9C,0XE7,0X9C,0XE7,0X9C,0XE7,0X9C,0XE7,0X9C,0XE7,
0X9C,0XE7,0X9C,0XE7,0X9C,0XE7,0X9C,0XE7,0X9C,0XE7,0X9C,0XE7,0X9C,0XE7,0X9C,0XE7,
0X9C,0XE7,0X9C,0XE7,0X9C,0XE7,0X9C,0XE7,0X9C,0XE7,0X9C,0XE7,0X9C,0XE7,0X9C,0XE7,
0X9C,0XE7,0X9C,0XE7,0X9C,0XE7,0X9C,0XE7,0X9C,0XE7,0X9C,0XE7,0X9C,0XE7,0X9C,0XE7,
0X9C,0XE7,0X9C,0XE7,0X9C,0XE7,0X9C,0XE7,0X9C,0XE7,0X9C,0XE7,0X9C,0XE7,0X9C,0XE7,
0X9C,0XE7,0X9C,0XE7,0X9C,0XE7,0X9C,0XE7,0X9C,0XE7,0X9C,0XE7,0X9C,0XE7,0X9C,0XE7,
0X9C,0XE7,0X9C,0XE7,0X9C,0XE7,0X9C,0XE7,0X9C,0XE7,0X9C,0XE7,0X9C,0XE7,0X9C,0XE7,
0X9C,0XE7,0X9C,0XE7,0X9C,0XE7,0X9C,0XE7,0X9C,0XE7,0X9C,0XE7,0X9C,0XE7,0X9C,0XE7,
0X9C,0XE7,0X9C,0XE7,0X9C,0XE7,0X9C,0XE7,0X9B,0XE7,0X9B,0XE7,0X9C,0XE7,0XBB,0XDF,
0XB9,0XCF,0XF8,0XC7,0XF7,0XBF,0XF8,0XBF,0XF8,0XBF,0XF8,0XC7,0XF8,0XC7,0XF8,0XBF,
0X7C,0XE7,0X9C,0XE7,0X9C,0XE7,0X9C,0XE7,0X9C,0XE7,0X9C,0XE7,0X9C,0XE7,0X7D,0XEF,
0X7C,0XE7,0X9C,0XE7,0X9C,0XE7,0X9C,0XE7,0X9C,0XE7,0X9C,0XE7,0X9C,0XE7,0X9C,0XE7,
0X9C,0XE7,0X9C,0XE7,0X9C,0XE7,0X9C,0XE7,0X9C,0XE7,0X9C,0XE7,0X9C,0XE7,0X9C,0XE7,
0X9C,0XE7,0X9C,0XE7,0X9C,0XE7,0X9C,0XE7,0X9C,0XE7,0X9C,0XE7,0X9C,0XE7,0X9C,0XE7,
0X9C,0XE7,0X9C,0XE7,0X9C,0XE7,0X9C,0XE7,0X9C,0XE7,0X9C,0XE7,0X9C,0XE7,0X9C,0XE7,
0X9C,0XE7,0X9C,0XE7,0X9C,0XE7,0X9C,0XE7,0X9C,0XE7,0X9C,0XE7,0X9C,0XE7,0X9C,0XE7,
0X9C,0XE7,0X9C,0XE7,0X9C,0XE7,0X9C,0XE7,0X9C,0XE7,0X9C,0XE7,0X9C,0XE7,0X9C,0XE7,
0X9C,0XE7,0X9C,0XE7,0X9C,0XE7,0X9C,0XE7,0X9C,0XE7,0X9C,0XE7,0X9C,0XE7,0X9C,0XE7,
0X9C,0XE7,0X9C,0XE7,0X9C,0XE7,0X9C,0XE7,0X9C,0XE7,0X9C,0XE7,0X9C,0XE7,0XBB,0XDF,
0XB9,0XCF,0XF8,0XC7,0XF7,0XBF,0XF8,0XC7,0XF8,0XC7,0XF8,0XC7,0XF8,0XC7,0XF8,0XC7,
0X9C,0XE7,0X9C,0XE7,0X9C,0XE7,0X9C,0XE7,0X9C,0XE7,0X9C,0XE7,0X9C,0XE7,0X7D,0XEF,
0X9C,0XE7,0X9C,0XE7,0X9C,0XE7,0X9C,0XE7,0X9C,0XE7,0X9C,0XE7,0X9C,0XE7,0X9C,0XE7,
0X9C,0XE7,0X9C,0XE7,0X9C,0XE7,0X9C,0XE7,0X9C,0XE7,0X9C,0XE7,0X9C,0XE7,0X9C,0XE7,
0X9C,0XE7,0X9C,0XE7,0X9C,0XE7,0X9C,0XE7,0X9C,0XE7,0X9C,0XE7,0X9C,0XE7,0X9C,0XE7,
0X9C,0XE7,0X9C,0XE7,0X9C,0XE7,0X9C,0XE7,0X9C,0XE7,0X9C,0XE7,0X9C,0XE7,0X9C,0XE7,
0X9C,0XE7,0X9C,0XE7,0X9C,0XE7,0X9C,0XE7,0X9C,0XE7,0X9C,0XE7,0X9C,0XE7,0X9C,0XE7,
0X9C,0XE7,0X9C,0XE7,0X9C,0XE7,0X9C,0XE7,0X9C,0XE7,0X9C,0XE7,0X9C,0XE7,0X9C,0XE7,
0X9C,0XE7,0X9C,0XE7,0X9C,0XE7,0X9C,0XE7,0X9C,0XE7,0X9C,0XE7,0X9C,0XE7,0X9C,0XE7,
0X9C,0XE7,0X9C,0XE7,0X9C,0XE7,0X9C,0XE7,0X9C,0XE7,0X9C,0XE7,0X9C,0XE7,0XBB,0XDF,
0XB9,0XCF,0XF8,0XC7,0XF7,0XBF,0XF8,0XC7,0XF8,0XC7,0XF8,0XC7,0XF8,0XC7,0XF8,0XC7,
0X9C,0XE7,0X9C,0XE7,0X9C,0XE7,0X9C,0XE7,0X9C,0XE7,0X9C,0XE7,0X9C,0XE7,0X9C,0XE7,
0X9C,0XE7,0X9C,0XE7,0X9C,0XE7,0X9C,0XE7,0X9C,0XE7,0X9C,0XE7,0X9C,0XE7,0X9C,0XE7,
0X9C,0XE7,0X9C,0XE7,0X9C,0XE7,0X9C,0XE7,0X9C,0XE7,0X9C,0XE7,0X9C,0XE7,0X9C,0XE7,
0X9C,0XE7,0X9C,0XE7,0X9C,0XE7,0X9C,0XE7,0X9C,0XE7,0X9C,0XE7,0X9C,0XE7,0X9C,0XE7,
0X9C,0XE7,0X9C,0XE7,0X9C,0XE7,0X9C,0XE7,0X9C,0XE7,0X9C,0XE7,0X9C,0XE7,0X9C,0XE7,
0X9C,0XE7,0X9C,0XE7,0X9C,0XE7,0X9C,0XE7,0X9C,0XE7,0X9C,0XE7,0X9C,0XE7,0X9C,0XE7,
0X9C,0XE7,0X9C,0XE7,0X9C,0XE7,0X9C,0XE7,0X9C,0XE7,0X9C,0XE7,0X9C,0XE7,0X9C,0XE7,
0X9C,0XE7,0X9C,0XE7,0X9C,0XE7,0X9C,0XE7,0X9C,0XE7,0X9C,0XE7,0X9C,0XE7,0X9C,0XE7,
0X9C,0XE7,0X9C,0XE7,0X9C,0XE7,0X7C,0XEF,0X7C,0XEF,0X9C,0XE7,0X9C,0XE7,0XBB,0XDF,
0XB9,0XCF,0XF8,0XC7,0XF7,0XBF,0XF8,0XC7,0XF8,0XC7,0XF8,0XC7,0XF8,0XC7,0XF8,0XC7,
0X9C,0XDF,0X9C,0XE7,0X9C,0XE7,0X7C,0XE7,0X7D,0XEF,0X7C,0XEF,0X7C,0XE7,0X9C,0XE7,
0X9C,0XE7,0X9C,0XE7,0X9C,0XE7,0X9C,0XE7,0X9C,0XE7,0X9C,0XE7,0X9C,0XE7,0X9C,0XE7,
0X9C,0XE7,0X9C,0XE7,0X9C,0XE7,0X9C,0XE7,0X9C,0XE7,0X9C,0XE7,0X9C,0XE7,0X9C,0XE7,
0X9C,0XE7,0X9C,0XE7,0X9C,0XE7,0X9C,0XE7,0X9C,0XE7,0X9C,0XE7,0X9C,0XE7,0X9C,0XE7,
0X9C,0XE7,0X9C,0XE7,0X9C,0XE7,0X9C,0XE7,0X9C,0XE7,0X9C,0XE7,0X9C,0XE7,0X9C,0XE7,
0X9C,0XE7,0X9C,0XE7,0X9C,0XE7,0X9C,0XE7,0X9C,0XE7,0X9C,0XE7,0X9C,0XE7,0X9C,0XE7,
0X9C,0XE7,0X9C,0XE7,0X9C,0XE7,0X9C,0XE7,0X9C,0XE7,0X9C,0XE7,0X9C,0XE7,0X9C,0XE7,
0X9C,0XE7,0X9C,0XE7,0X9C,0XE7,0X9C,0XE7,0X9C,0XE7,0X9C,0XE7,0X9C,0XE7,0X9C,0XE7,
0X9C,0XE7,0X9C,0XE7,0X9C,0XE7,0X7D,0XEF,0X7D,0XEF,0X9C,0XE7,0X9C,0XE7,0XDA,0XD7,
0XD8,0XC7,0XF8,0XC7,0XF7,0XBF,0XF8,0XC7,0XF8,0XC7,0XF8,0XC7,0XF8,0XC7,0XF8,0XC7,
0X9B,0XDF,0XBC,0XDF,0X9C,0XE7,0X7C,0XE7,0X7D,0XEF,0X7C,0XEF,0X7C,0XE7,0X9C,0XE7,
0X9C,0XE7,0X9C,0XE7,0X9C,0XE7,0X9C,0XE7,0X9C,0XE7,0X9C,0XE7,0X9C,0XE7,0X9C,0XE7,
0X9C,0XE7,0X9C,0XE7,0X9C,0XE7,0X9C,0XE7,0X9C,0XE7,0X9C,0XE7,0X9C,0XE7,0X9C,0XE7,
0X9C,0XE7,0X9C,0XE7,0X9C,0XE7,0X9C,0XE7,0X9C,0XE7,0X9C,0XE7,0X9C,0XE7,0X9C,0XE7,
0X9C,0XE7,0X9C,0XE7,0X9C,0XE7,0X9C,0XE7,0X9C,0XE7,0X9C,0XE7,0X9C,0XE7,0X9C,0XE7,
0X9C,0XE7,0X9C,0XE7,0X9C,0XE7,0X9C,0XE7,0X9C,0XE7,0X9C,0XE7,0X9C,0XE7,0X9C,0XE7,
0X9C,0XE7,0X9C,0XE7,0X9C,0XE7,0X9C,0XE7,0X9C,0XE7,0X9C,0XE7,0X9C,0XE7,0X9C,0XE7,
0X9C,0XE7,0X9C,0XE7,0X9C,0XE7,0X9C,0XE7,0X9C,0XE7,0X9C,0XE7,0X9C,0XE7,0X9C,0XE7,
0X9C,0XE7,0X9C,0XE7,0X9D,0XE7,0X7D,0XEF,0X9D,0XEF,0X9C,0XE7,0XBB,0XDF,0XDA,0XD7,
0XD8,0XC7,0XF8,0XC7,0XF7,0XBF,0XF8,0XC7,0XF8,0XC7,0XF8,0XC7,0XF8,0XC7,0XF8,0XC7,
0XBA,0XD7,0XDB,0XDF,0XBC,0XE7,0X7C,0XE7,0X7D,0XEF,0X7D,0XEF,0X9C,0XE7,0X9C,0XE7,
0X9C,0XE7,0X9D,0XE7,0X9D,0XE7,0X9C,0XE7,0X9C,0XE7,0X9C,0XE7,0X9C,0XE7,0X9C,0XE7,
0X9C,0XE7,0X9C,0XE7,0X9C,0XE7,0X9C,0XE7,0X9C,0XE7,0X9C,0XE7,0X9C,0XE7,0X9C,0XE7,
0X9C,0XE7,0X9C,0XE7,0X9C,0XE7,0X9C,0XE7,0X9C,0XE7,0X9C,0XE7,0X9C,0XE7,0X9C,0XE7,
0X9C,0XE7,0X9C,0XE7,0X9C,0XE7,0X9C,0XE7,0X9C,0XE7,0X9C,0XE7,0X9C,0XE7,0X9C,0XE7,
0X9C,0XE7,0X9C,0XE7,0X9C,0XE7,0X9C,0XE7,0X9C,0XE7,0X9C,0XE7,0X9C,0XE7,0X9C,0XE7,
0X9C,0XE7,0X9C,0XE7,0X9C,0XE7,0X9C,0XE7,0X9C,0XE7,0X9C,0XE7,0X9C,0XE7,0X9C,0XE7,
0X9C,0XE7,0X9C,0XE7,0X9C,0XE7,0X9C,0XE7,0X9C,0XE7,0X9C,0XE7,0X9C,0XE7,0X9C,0XE7,
0X9C,0XE7,0X9C,0XE7,0X9C,0XE7,0X7D,0XEF,0X9C,0XE7,0XBC,0XE7,0XDB,0XDF,0XD9,0XCF,
0XD8,0XC7,0XF8,0XC7,0XF7,0XBF,0XF8,0XC7,0XF8,0XC7,0XF8,0XC7,0XF8,0XC7,0XF8,0XC7,
0XD9,0XCF,0XDA,0XD7,0XBC,0XDF,0X9C,0XE7,0X7D,0XEF,0X7D,0XEF,0X9C,0XE7,0X9C,0XE7,
0X9C,0XE7,0X7D,0XE7,0X7D,0XE7,0X9C,0XE7,0X9C,0XE7,0X9C,0XE7,0X9C,0XE7,0X9C,0XE7,
0X9C,0XE7,0X9C,0XE7,0X9C,0XE7,0X9C,0XE7,0X9C,0XE7,0X9C,0XE7,0X9C,0XE7,0X9C,0XE7,
0X9C,0XE7,0X9C,0XE7,0X9C,0XE7,0X9C,0XE7,0X9C,0XE7,0X9C,0XE7,0X9C,0XE7,0X9C,0XE7,
0X9C,0XE7,0X9C,0XE7,0X9C,0XE7,0X9C,0XE7,0X9C,0XE7,0X9C,0XE7,0X9C,0XE7,0X9C,0XE7,
0X9C,0XE7,0X9C,0XE7,0X9C,0XE7,0X9C,0XE7,0X9C,0XE7,0X9C,0XE7,0X9C,0XE7,0X9C,0XE7,
0X9C,0XE7,0X9C,0XE7,0X9C,0XE7,0X9C,0XE7,0X9C,0XE7,0X9C,0XE7,0X9C,0XE7,0X9C,0XE7,
0X9C,0XE7,0X9C,0XE7,0X9C,0XE7,0X9C,0XE7,0X9C,0XE7,0X9C,0XE7,0X9C,0XE7,0X9C,0XE7,
0X9C,0XE7,0X9C,0XE7,0X7C,0XE7,0X9C,0XE7,0X9C,0XE7,0XBB,0XDF,0XDA,0XD7,0XD8,0XC7,
0XF8,0XC7,0XF8,0XC7,0XF7,0XC7,0XF8,0XC7,0XF8,0XC7,0XF8,0XC7,0XF8,0XC7,0XF8,0XC7,
0XF8,0XC7,0XDA,0XCF,0XBB,0XDF,0X9C,0XE7,0X9D,0XEF,0X7C,0XEF,0X9C,0XE7,0X9C,0XE7,
0X9C,0XE7,0X7D,0XE7,0X7D,0XE7,0X9C,0XE7,0X9C,0XE7,0X9C,0XE7,0X9C,0XE7,0X9C,0XE7,
0X9C,0XE7,0X9C,0XE7,0X9C,0XE7,0X9C,0XE7,0X9C,0XE7,0X9C,0XE7,0X9C,0XE7,0X9C,0XE7,
0X9C,0XE7,0X9C,0XE7,0X9C,0XE7,0X9C,0XE7,0X9C,0XE7,0X9C,0XE7,0X9C,0XE7,0X9C,0XE7,
0X9C,0XE7,0X9C,0XE7,0X9C,0XE7,0X9C,0XE7,0X9C,0XE7,0X9C,0XE7,0X9C,0XE7,0X9C,0XE7,
0X9C,0XE7,0X9C,0XE7,0X9C,0XE7,0X9C,0XE7,0X9C,0XE7,0X9C,0XE7,0X9C,0XE7,0X9C,0XE7,
0X9C,0XE7,0X9C,0XE7,0X9C,0XE7,0X9C,0XE7,0X9C,0XE7,0X9C,0XE7,0X9C,0XE7,0X9C,0XE7,
0X9C,0XE7,0X9C,0XE7,0X9C,0XE7,0X9C,0XE7,0X9C,0XE7,0X9C,0XE7,0X9C,0XE7,0X9C,0XE7,
0X9C,0XE7,0X9C,0XE7,0X9D,0XE7,0X9C,0XE7,0XBC,0XE7,0XDB,0XD7,0XD9,0XCF,0XD8,0XC7,
0XF8,0XC7,0XF8,0XC7,0XF8,0XC7,0XF8,0XC7,0XF8,0XC7,0XF8,0XC7,0XF8,0XC7,0XF8,0XC7,
0XF8,0XC7,0XD9,0XCF,0XBB,0XD7,0X9C,0XE7,0X7D,0XEF,0X7C,0XEF,0X9C,0XE7,0X9C,0XE7,
0X9C,0XE7,0X7D,0XE7,0X7D,0XEF,0X7C,0XE7,0X7C,0XE7,0X7C,0XE7,0X7C,0XE7,0X7C,0XE7,
0X7C,0XE7,0X7C,0XE7,0X7C,0XE7,0X7C,0XE7,0X7C,0XE7,0X7C,0XE7,0X7C,0XE7,0X7C,0XE7,
0X7C,0XE7,0X7C,0XE7,0X7C,0XE7,0X7C,0XE7,0X7C,0XE7,0X7C,0XE7,0X7C,0XE7,0X7C,0XE7,
0X7C,0XE7,0X7C,0XE7,0X7C,0XE7,0X7C,0XE7,0X7C,0XE7,0X7C,0XE7,0X7C,0XE7,0X7C,0XE7,
0X7C,0XE7,0X7C,0XE7,0X7C,0XE7,0X7C,0XE7,0X7C,0XE7,0X7C,0XE7,0X7C,0XE7,0X7C,0XE7,
0X7C,0XE7,0X7C,0XE7,0X7C,0XE7,0X7C,0XE7,0X7C,0XE7,0X7C,0XE7,0X7C,0XE7,0X7C,0XE7,
0X7C,0XE7,0X7C,0XE7,0X7C,0XE7,0X7C,0XE7,0X7C,0XE7,0X7C,0XE7,0X7C,0XE7,0X7C,0XE7,
0X9C,0XE7,0X9D,0XEF,0X9D,0XE7,0X9C,0XE7,0XBB,0XDF,0XDA,0XD7,0XD8,0XC7,0XF7,0XC7,
0XF7,0XC7,0XF8,0XC7,0XF8,0XC7,0XF8,0XC7,0XF8,0XC7,0XF8,0XC7,0XF8,0XC7,0XF8,0XC7,
0XF8,0XBF,0XD8,0XC7,0XDA,0XD7,0XBB,0XDF,0X9C,0XE7,0X9C,0XE7,0X9C,0XE7,0X9C,0XE7,
0X7C,0XE7,0X7D,0XEF,0X7D,0XEF,0X7C,0XEF,0X7C,0XEF,0X7C,0XEF,0X7C,0XEF,0X7C,0XEF,
0X7C,0XEF,0X7C,0XEF,0X7C,0XEF,0X7C,0XEF,0X7C,0XEF,0X7C,0XEF,0X7C,0XEF,0X7C,0XEF,
0X7C,0XEF,0X7C,0XEF,0X7C,0XEF,0X7C,0XEF,0X7C,0XEF,0X7C,0XEF,0X7C,0XEF,0X7C,0XEF,
0X7C,0XEF,0X7C,0XEF,0X7C,0XEF,0X7C,0XEF,0X7C,0XEF,0X7C,0XEF,0X7C,0XEF,0X7C,0XEF,
0X7C,0XEF,0X7C,0XEF,0X7C,0XEF,0X7C,0XEF,0X7C,0XEF,0X7C,0XEF,0X7C,0XEF,0X7C,0XEF,
0X7C,0XEF,0X7C,0XEF,0X7C,0XEF,0X7C,0XEF,0X7C,0XEF,0X7C,0XE7,0X7C,0XE7,0X7C,0XE7,
0X7C,0XE7,0X7C,0XEF,0X7C,0XEF,0X7C,0XEF,0X7D,0XEF,0X7D,0XEF,0X7C,0XEF,0X7C,0XEF,
0X7C,0XEF,0X7C,0XEF,0X9C,0XE7,0XBB,0XDF,0XBA,0XD7,0XD9,0XCF,0XF8,0XC7,0XF8,0XC7,
0XF8,0XC7,0XF8,0XC7,0XF8,0XC7,0XF8,0XC7,0XF8,0XC7,0XF8,0XC7,0XF8,0XC7,0XF8,0XC7,
0XF8,0XBF,0XF8,0XBF,0XD8,0XC7,0XD9,0XD7,0XBA,0XDF,0XBC,0XE7,0X7C,0XE7,0X7D,0XE7,
0X7D,0XEF,0X7D,0XEF,0X7D,0XEF,0X7C,0XEF,0X7C,0XEF,0X7C,0XEF,0X7C,0XEF,0X7C,0XEF,
0X7C,0XEF,0X7D,0XEF,0X7D,0XE7,0X9D,0XE7,0X9D,0XE7,0X9C,0XE7,0X9C,0XE7,0X9C,0XE7,
0X9C,0XE7,0X9C,0XE7,0X9C,0XE7,0X9C,0XE7,0X9C,0XE7,0X9C,0XE7,0X9C,0XE7,0X9C,0XE7,
0X9C,0XE7,0X9C,0XE7,0X9C,0XE7,0X9C,0XE7,0X9C,0XE7,0X9C,0XE7,0X9C,0XE7,0X9C,0XE7,
0X9C,0XE7,0X9C,0XE7,0X9C,0XE7,0X9C,0XE7,0X9C,0XE7,0X9C,0XE7,0X9C,0XE7,0X9C,0XE7,
0X9C,0XE7,0X9C,0XE7,0X9C,0XE7,0X9C,0XE7,0X9C,0XE7,0X9C,0XE7,0X9C,0XE7,0X9C,0XE7,
0X9D,0XE7,0X7D,0XE7,0X7D,0XEF,0X7D,0XEF,0X7D,0XEF,0X7D,0XEF,0X7C,0XEF,0X7C,0XE7,
0X7C,0XEF,0X9C,0XE7,0XBB,0XDF,0XBA,0XD7,0XD9,0XCF,0XF8,0XC7,0XF8,0XC7,0XF8,0XC7,
0XF8,0XC7,0XF8,0XC7,0XF8,0XC7,0XF8,0XC7,0XF8,0XC7,0XF8,0XC7,0XF8,0XC7,0XF8,0XC7,
0XF8,0XBF,0XF8,0XC7,0XF8,0XC7,0XD8,0XCF,0XB9,0XD7,0XBB,0XDF,0X9C,0XE7,0X9C,0XE7,
0X9C,0XE7,0X9C,0XE7,0X9C,0XEF,0X9D,0XE7,0X7C,0XE7,0X7C,0XEF,0X7C,0XEF,0X7C,0XEF,
0X7C,0XEF,0X7C,0XEF,0X7C,0XE7,0X9D,0XE7,0X9D,0XE7,0X9C,0XE7,0X9C,0XE7,0X9C,0XE7,
0X9C,0XE7,0X9C,0XE7,0X9C,0XE7,0X9C,0XE7,0X9C,0XE7,0X9C,0XE7,0X9C,0XE7,0X9C,0XE7,
0X9C,0XE7,0X9C,0XE7,0X9C,0XE7,0X9C,0XE7,0X9C,0XE7,0X9C,0XE7,0X9C,0XE7,0X9C,0XE7,
0X9C,0XE7,0X9C,0XE7,0X9C,0XE7,0X9C,0XE7,0X9C,0XE7,0X9C,0XE7,0X9C,0XE7,0X9C,0XE7,
0X9C,0XE7,0X9C,0XE7,0X9C,0XE7,0X9C,0XE7,0X9C,0XE7,0X9C,0XE7,0X9C,0XE7,0X9C,0XE7,
0X9C,0XE7,0X9D,0XE7,0X9D,0XE7,0X9C,0XE7,0X9C,0XE7,0X9C,0XE7,0X9C,0XE7,0X9C,0XE7,
0X9C,0XE7,0XBB,0XDF,0XBA,0XD7,0XB9,0XCF,0XF8,0XC7,0XF8,0XC7,0XF7,0XBF,0XF7,0XC7,
0XF8,0XC7,0XF8,0XC7,0XF8,0XC7,0XF8,0XC7,0XF8,0XC7,0XF8,0XC7,0XF8,0XC7,0XF8,0XC7,
0XF8,0XBF,0XF8,0XC7,0XF8,0XC7,0XF8,0XC7,0XD8,0XCF,0XD9,0XD7,0XBB,0XD7,0XBB,0XDF,
0XBC,0XE7,0XBC,0XE7,0X9C,0XE7,0X9C,0XE7,0X9C,0XE7,0X9C,0XE7,0X7C,0XE7,0X7C,0XE7,
0X9C,0XE7,0X9C,0XE7,0X9C,0XE7,0X9C,0XE7,0X9C,0XE7,0X9C,0XE7,0X9C,0XE7,0X9C,0XE7,
0X9C,0XE7,0X9C,0XE7,0X9C,0XE7,0X9C,0XE7,0X9C,0XE7,0X9C,0XE7,0X9C,0XE7,0X9C,0XE7,
0X9C,0XE7,0X9C,0XE7,0X9C,0XE7,0X9C,0XE7,0X9C,0XE7,0X9C,0XE7,0X9C,0XE7,0X9C,0XE7,
0X9C,0XE7,0X9C,0XE7,0X9C,0XE7,0X9C,0XE7,0X9C,0XE7,0X9C,0XE7,0X9C,0XE7,0X9C,0XE7,
0X9C,0XE7,0X9C,0XE7,0X9C,0XE7,0X9C,0XE7,0X9C,0XE7,0X9C,0XE7,0X9C,0XE7,0X9C,0XE7,
0X9C,0XE7,0X9C,0XE7,0X9C,0XE7,0X9C,0XE7,0X9C,0XE7,0XBC,0XE7,0XBC,0XDF,0XBB,0XDF,
0XBA,0XD7,0XBA,0XD7,0XD9,0XCF,0XD8,0XC7,0XF8,0XC7,0XF7,0XBF,0XF7,0XBF,0XF7,0XBF,
0XF7,0XBF,0XF8,0XC7,0XF8,0XC7,0XF8,0XC7,0XF8,0XC7,0XF8,0XC7,0XF8,0XC7,0XF8,0XC7,
0XF8,0XC7,0XF8,0XC7,0XF8,0XC7,0XF8,0XC7,0XF8,0XC7,0XD8,0XC7,0XD9,0XCF,0XBA,0XD7,
0XBA,0XD7,0XDB,0XDF,0XBB,0XDF,0X9C,0XE7,0X9C,0XE7,0X9C,0XE7,0X9C,0XE7,0X9C,0XE7,
0X9C,0XE7,0X9C,0XE7,0X9C,0XE7,0X9C,0XE7,0X9C,0XE7,0X9C,0XE7,0X9C,0XE7,0X9C,0XE7,
0X9C,0XE7,0X9C,0XE7,0X9C,0XE7,0X9C,0XE7,0X9C,0XE7,0X9C,0XE7,0X9C,0XE7,0X9C,0XE7,
0X9C,0XE7,0X9C,0XE7,0X9C,0XE7,0X9C,0XE7,0X9C,0XE7,0X9C,0XE7,0X9C,0XE7,0X9C,0XE7,
0X9C,0XE7,0X9C,0XE7,0X9C,0XE7,0X9C,0XE7,0X9C,0XE7,0X9C,0XE7,0X9C,0XE7,0X9C,0XE7,
0X9C,0XE7,0X9C,0XE7,0X9C,0XE7,0X9C,0XE7,0X9C,0XE7,0X9C,0XE7,0X9C,0XE7,0X9C,0XE7,
0X9C,0XE7,0X9C,0XE7,0X9C,0XE7,0XBC,0XE7,0XBC,0XDF,0XBB,0XDF,0XBB,0XDF,0XDA,0XD7,
0XD9,0XCF,0XD8,0XC7,0XD8,0XC7,0XF8,0XC7,0XF7,0XC7,0XF7,0XBF,0XF7,0XBF,0XF7,0XBF,
0XF7,0XBF,0XF8,0XBF,0XF8,0XBF,0XF8,0XC7,0XF8,0XC7,0XF8,0XC7,0XF8,0XC7,0XF8,0XC7,
0XF8,0XC7,0XF8,0XC7,0XF8,0XC7,0XF7,0XBF,0XF7,0XBF,0XF8,0XC7,0XF8,0XC7,0XD9,0XCF,
0XB9,0XCF,0XBA,0XD7,0XBA,0XD7,0X9B,0XDF,0X9B,0XDF,0X9C,0XDF,0X9C,0XE7,0X9C,0XE7,
0X9C,0XE7,0X9C,0XE7,0X9C,0XE7,0X9C,0XE7,0X9C,0XE7,0X9C,0XE7,0X9C,0XE7,0X9C,0XE7,
0X9C,0XE7,0X9C,0XE7,0X9C,0XE7,0X9C,0XE7,0X9C,0XE7,0X9C,0XE7,0X9C,0XE7,0X9C,0XE7,
0X9C,0XE7,0X9C,0XE7,0X9C,0XE7,0X9C,0XE7,0X9C,0XE7,0X9C,0XE7,0X9C,0XE7,0X9C,0XE7,
0X9C,0XE7,0X9C,0XE7,0X9C,0XE7,0X7C,0XE7,0X7C,0XE7,0X9C,0XE7,0X9C,0XE7,0X9C,0XE7,
0X9C,0XE7,0X9C,0XE7,0X9C,0XE7,0X9C,0XE7,0X9C,0XE7,0X9C,0XE7,0X9C,0XE7,0X7C,0XE7,
0X9C,0XE7,0X9C,0XE7,0X9C,0XE7,0X9B,0XDF,0XBB,0XDF,0XBA,0XD7,0XB9,0XCF,0XB9,0XCF,
0XF8,0XC7,0XF8,0XC7,0XF8,0XC7,0XF7,0XBF,0XF7,0XBF,0XF7,0XBF,0XF7,0XBF,0XF7,0XBF,
0XF7,0XBF,0XF8,0XBF,0XF8,0XBF,0XF8,0XC7,0XF8,0XC7,0XF8,0XC7,0XF8,0XC7,0XF8,0XC7,
};


const img_t icon5 =
{
    .width = 80,
    .height = 58,
    .data = gImage_icon5,
};
#elif(ENABLE_LVGL_USE == 1)

const LV_ATTRIBUTE_MEM_ALIGN LV_ATTRIBUTE_LARGE_CONST  uint8_t icon5_map[] = {
#if LV_COLOR_DEPTH == 1 || LV_COLOR_DEPTH == 8
  /*Pixel format: Red: 3 bit, Green: 3 bit, Blue: 2 bit*/
  0xdf, 0xdf, 0xdf, 0xdf, 0xdf, 0xdf, 0xdf, 0xdf, 0xdf, 0xdf, 0xdf, 0xdf, 0xdf, 0xdf, 0xdf, 0xdf, 0xdf, 0xdf, 0xdf, 0xdf, 0xdf, 0xdf, 0xdf, 0xdf, 0xdf, 0xdf, 0xdf, 0xdf, 0xdf, 0xdf, 0xdf, 0xdf, 0xdf, 0xdf, 0xdf, 0xdf, 0xdf, 0xdf, 0xdf, 0xdf, 0xdf, 0xdf, 0xdf, 0xdf, 0xdf, 0xdf, 0xdf, 0xdf, 0xdf, 0xdf, 0xdf, 0xdf, 0xdf, 0xdf, 0xdf, 0xdf, 0xdf, 0xdf, 0xdf, 0xdf, 0xdf, 0xdf, 0xdf, 0xdf, 0xdf, 0xdf, 0xdf, 0xdf, 0xdf, 0xdf, 0xdf, 0xdf, 0xdf, 0xdf, 0xdf, 0xdf, 0xdf, 0xdf, 0xff, 0xfe, 0xfe, 0xfe, 0xfd, 0xfd, 0xfd, 0xfc, 0xfc, 0xfc, 0xfc, 0xfc, 0xfc, 0xfd, 0xfd, 0xfd, 0xfd, 0xfe, 0xfe, 0xfe, 0xdf, 0xdf, 0xdf, 0xdf, 0xdf, 0xdf, 0xdf, 0xdf, 0xdf, 0xdf, 0xdf, 0xdf, 0xdf, 0xdf, 0xdf, 0xdf, 0xdf, 0xdf, 0xdf, 0xdf, 0xdf, 0xdf, 
  0xdf, 0xdf, 0xdf, 0xdf, 0xdf, 0xdf, 0xdf, 0xdf, 0xdf, 0xdf, 0xdf, 0xdf, 0xdf, 0xdf, 0xdf, 0xdf, 0xdf, 0xdf, 0xdf, 0xdf, 0xdf, 0xdf, 0xdf, 0xdf, 0xdf, 0xdf, 0xdf, 0xdf, 0xdf, 0xdf, 0xdf, 0xdf, 0xdf, 0xdf, 0xdf, 0xdf, 0xdf, 0xdf, 0xdf, 0xdf, 0xdf, 0xdf, 0xdf, 0xdf, 0xdf, 0xdf, 0xdf, 0xdf, 0xdf, 0xdf, 0xdf, 0xdf, 0xdf, 0xdf, 0xdf, 0xdf, 0xdf, 0xdf, 0xdf, 0xdf, 0xdf, 0xdf, 0xdf, 0xdf, 0xdf, 0xdf, 0xdf, 0xdf, 0xdf, 0xdf, 0xdf, 0xdf, 0xdf, 0xdf, 0xdf, 0xdf, 0xff, 0xfe, 0xfe, 0xfe, 0xfd, 0xfd, 0xfd, 0xfd, 0xfd, 0xfc, 0xfc, 0xfc, 0xfc, 0xfc, 0xfc, 0xfc, 0xfd, 0xfd, 0xfd, 0xfd, 0xfd, 0xfe, 0xfe, 0xfe, 0xff, 0xdf, 0xdf, 0xdf, 0xdf, 0xdf, 0xdf, 0xdf, 0xdf, 0xdf, 0xdf, 0xdf, 0xdf, 0xdf, 0xdf, 0xdf, 0xdf, 0xdf, 0xdf, 0xdf, 
  0xdf, 0xdf, 0xdf, 0xdf, 0xdf, 0xdf, 0xdf, 0xdf, 0xdf, 0xdf, 0xdf, 0xdf, 0xdf, 0xdf, 0xdf, 0xdf, 0xdf, 0xdf, 0xdf, 0xdf, 0xdf, 0xdf, 0xdf, 0xdf, 0xdf, 0xdf, 0xdf, 0xdf, 0xdf, 0xdf, 0xdf, 0xdf, 0xdf, 0xdf, 0xdf, 0xdf, 0xdf, 0xdf, 0xdf, 0xdf, 0xdf, 0xdf, 0xdf, 0xdf, 0xdf, 0xdf, 0xdf, 0xdf, 0xdf, 0xdf, 0xdf, 0xdf, 0xdf, 0xdf, 0xdf, 0xdf, 0xdf, 0xdf, 0xdf, 0xdf, 0xdf, 0xdf, 0xdf, 0xdf, 0xdf, 0xdf, 0xdf, 0xdf, 0xdf, 0xdf, 0xdf, 0xdf, 0xdf, 0xdf, 0xff, 0xfe, 0xfe, 0xfd, 0xfd, 0xfd, 0xfd, 0xfd, 0xfd, 0xfc, 0xfc, 0xfc, 0xfc, 0xfc, 0xfc, 0xfc, 0xfc, 0xfc, 0xfc, 0xfc, 0xfc, 0xfc, 0xfd, 0xfd, 0xfd, 0xfd, 0xfd, 0xfe, 0xff, 0xdf, 0xdf, 0xdf, 0xdf, 0xdf, 0xdf, 0xdf, 0xdf, 0xdf, 0xdf, 0xdf, 0xdf, 0xdf, 0xdf, 0xdf, 0xdf, 0xdf, 
  0xdf, 0xdf, 0xdf, 0xdf, 0xdf, 0xdf, 0xdf, 0xdf, 0xdf, 0xdf, 0xdf, 0xdf, 0xdf, 0xdf, 0xdf, 0xdf, 0xdf, 0xdf, 0xdf, 0xdf, 0xdf, 0xdf, 0xdf, 0xdf, 0xdf, 0xdf, 0xdf, 0xdf, 0xdf, 0xdf, 0xdf, 0xdf, 0xdf, 0xdf, 0xdf, 0xdf, 0xdf, 0xdf, 0xdf, 0xdf, 0xdf, 0xdf, 0xdf, 0xdf, 0xdf, 0xdf, 0xdf, 0xdf, 0xdf, 0xdf, 0xdf, 0xdf, 0xdf, 0xdf, 0xdf, 0xdf, 0xdf, 0xdf, 0xdf, 0xdf, 0xdf, 0xdf, 0xdf, 0xdf, 0xdf, 0xdf, 0xdf, 0xdf, 0xdf, 0xdf, 0xdf, 0xdf, 0xdf, 0xfe, 0xfe, 0xfd, 0xfd, 0xfc, 0xfc, 0xfc, 0xfc, 0xfc, 0xfc, 0xfc, 0xfc, 0xfc, 0xfc, 0xfc, 0xfc, 0xfc, 0xfc, 0xfc, 0xfc, 0xfc, 0xfc, 0xfc, 0xfc, 0xfc, 0xfc, 0xfc, 0xfd, 0xfd, 0xfe, 0xfe, 0xdf, 0xdf, 0xdf, 0xdf, 0xdf, 0xdf, 0xdf, 0xdf, 0xdf, 0xdf, 0xdf, 0xdf, 0xdf, 0xdf, 0xdf, 0xdf, 
  0xdf, 0xdf, 0xdf, 0xdf, 0xdf, 0xdf, 0xdf, 0xdf, 0xdf, 0xdf, 0xdf, 0xdf, 0xdf, 0xdf, 0xdf, 0xdf, 0xdf, 0xdf, 0xdf, 0xdf, 0xdf, 0xdf, 0xdf, 0xdf, 0xdf, 0xdf, 0xdf, 0xdf, 0xdf, 0xdf, 0xdf, 0xdf, 0xdf, 0xdf, 0xdf, 0xdf, 0xdf, 0xdf, 0xdf, 0xdf, 0xdf, 0xdf, 0xdf, 0xdf, 0xdf, 0xdf, 0xdf, 0xdf, 0xdf, 0xdf, 0xdf, 0xdf, 0xdf, 0xdf, 0xdf, 0xdf, 0xdf, 0xdf, 0xdf, 0xdf, 0xdf, 0xdf, 0xdf, 0xdf, 0xdf, 0xdf, 0xdf, 0xdf, 0xdf, 0xdf, 0xff, 0xfe, 0xfe, 0xfd, 0xfd, 0xfc, 0xfc, 0xfc, 0xfc, 0xfc, 0xfc, 0xfc, 0xfc, 0xfc, 0xfc, 0xfc, 0xfc, 0xfc, 0xfc, 0xfc, 0xfc, 0xfc, 0xfc, 0xfc, 0xfc, 0xfc, 0xfc, 0xfc, 0xfc, 0xfc, 0xfc, 0xfc, 0xfd, 0xfd, 0xfe, 0xfe, 0xdf, 0xdf, 0xdf, 0xdf, 0xdf, 0xdf, 0xdf, 0xdf, 0xdf, 0xdf, 0xdf, 0xdf, 0xdf, 0xdf, 
  0xdf, 0xdf, 0xdf, 0xdf, 0xdf, 0xdf, 0xdf, 0xdf, 0xdf, 0xdf, 0xdf, 0xdf, 0xdf, 0xdf, 0xdf, 0xdf, 0xdf, 0xdf, 0xdf, 0xdf, 0xdf, 0xdf, 0xdf, 0xdf, 0xdf, 0xdf, 0xdf, 0xdf, 0xdf, 0xdf, 0xdf, 0xdf, 0xdf, 0xdf, 0xdf, 0xdf, 0xdf, 0xdf, 0xdf, 0xdf, 0xdf, 0xdf, 0xdf, 0xdf, 0xdf, 0xdf, 0xdf, 0xdf, 0xdf, 0xdf, 0xdf, 0xdf, 0xdf, 0xdf, 0xdf, 0xdf, 0xdf, 0xdf, 0xdf, 0xdf, 0xdf, 0xdf, 0xdf, 0xdf, 0xdf, 0xdf, 0xdf, 0xdf, 0xdf, 0xff, 0xfe, 0xfe, 0xfd, 0xfd, 0xfc, 0xfc, 0xfc, 0xfc, 0xfc, 0xfc, 0xfc, 0xfc, 0xfc, 0xfc, 0xfc, 0xfc, 0xfc, 0xfc, 0xfc, 0xfc, 0xfc, 0xfc, 0xfc, 0xfc, 0xfc, 0xfc, 0xfc, 0xfc, 0xfc, 0xfc, 0xfc, 0xfc, 0xfc, 0xfc, 0xfd, 0xfd, 0xfe, 0xff, 0xdf, 0xdf, 0xdf, 0xdf, 0xdf, 0xdf, 0xdf, 0xdf, 0xdf, 0xdf, 0xdf, 0xdf, 
  0xdf, 0xdf, 0xdf, 0xdf, 0xdf, 0xdf, 0xdf, 0xdf, 0xdf, 0xdf, 0xdf, 0xdf, 0xdf, 0xdf, 0xdf, 0xdf, 0xdf, 0xdf, 0xdf, 0xdf, 0xdf, 0xdf, 0xdf, 0xdf, 0xdf, 0xdf, 0xdf, 0xdf, 0xdf, 0xdf, 0xdf, 0xdf, 0xdf, 0xdf, 0xdf, 0xdf, 0xdf, 0xdf, 0xdf, 0xdf, 0xdf, 0xdf, 0xdf, 0xdf, 0xdf, 0xdf, 0xdf, 0xdf, 0xdf, 0xdf, 0xdf, 0xdf, 0xdf, 0xdf, 0xdf, 0xdf, 0xdf, 0xdf, 0xdf, 0xdf, 0xdf, 0xdf, 0xdf, 0xdf, 0xdf, 0xdf, 0xdf, 0xdf, 0xdf, 0xfe, 0xfd, 0xfd, 0xfc, 0xfc, 0xfc, 0xfc, 0xfc, 0xfc, 0xfc, 0xfc, 0xfc, 0xfc, 0xfc, 0xfc, 0xfc, 0xfc, 0xfc, 0xfc, 0xfc, 0xfc, 0xfc, 0xfc, 0xfc, 0xfc, 0xfc, 0xfc, 0xfc, 0xfc, 0xfc, 0xfc, 0xfc, 0xfc, 0xfc, 0xfc, 0xfc, 0xfd, 0xfd, 0xfe, 0xff, 0xdf, 0xdf, 0xdf, 0xdf, 0xdf, 0xdf, 0xdf, 0xdf, 0xdf, 0xdf, 0xdf, 
  0xdf, 0xdf, 0xdf, 0xdf, 0xdf, 0xdf, 0xdf, 0xdf, 0xdf, 0xdf, 0xdf, 0xdf, 0xdf, 0xdf, 0xdf, 0xdf, 0xdf, 0xdf, 0xdf, 0xdf, 0xdf, 0xdf, 0xdf, 0xdf, 0xdf, 0xdf, 0xdf, 0xdf, 0xdf, 0xdf, 0xdf, 0xdf, 0xdf, 0xdf, 0xdf, 0xdf, 0xdf, 0xdf, 0xdf, 0xdf, 0xdf, 0xdf, 0xdf, 0xdf, 0xdf, 0xdf, 0xdf, 0xdf, 0xdf, 0xdf, 0xdf, 0xdf, 0xdf, 0xdf, 0xdf, 0xdf, 0xdf, 0xdf, 0xdf, 0xdf, 0xdf, 0xdf, 0xdf, 0xdf, 0xdf, 0xdf, 0xdf, 0xdf, 0xfe, 0xfd, 0xfd, 0xfc, 0xfc, 0xfc, 0xfc, 0xfc, 0xfc, 0xfc, 0xfc, 0xfc, 0xfc, 0xfc, 0xfc, 0xfc, 0xfc, 0xfc, 0xfc, 0xfc, 0xfc, 0xfc, 0xfc, 0xfc, 0xfc, 0xfc, 0xfc, 0xfc, 0xfc, 0xfc, 0xfc, 0xfc, 0xfc, 0xfc, 0xfc, 0xfc, 0xfc, 0xfc, 0xfd, 0xfd, 0xfe, 0xff, 0xdf, 0xdf, 0xdf, 0xdf, 0xdf, 0xdf, 0xdf, 0xdf, 0xdf, 0xdf, 
  0xdf, 0xdf, 0xdf, 0xdf, 0xdf, 0xdf, 0xdf, 0xdf, 0xdf, 0xdf, 0xdf, 0xdf, 0xdf, 0xdf, 0xdf, 0xdf, 0xdf, 0xdf, 0xdf, 0xdf, 0xdf, 0xdf, 0xdf, 0xdf, 0xdf, 0xdf, 0xdf, 0xdf, 0xdf, 0xdf, 0xdf, 0xdf, 0xdf, 0xdf, 0xdf, 0xdf, 0xdf, 0xdf, 0xdf, 0xdf, 0xdf, 0xdf, 0xdf, 0xdf, 0xdf, 0xdf, 0xdf, 0xdf, 0xdf, 0xdf, 0xdf, 0xdf, 0xdf, 0xdf, 0xdf, 0xdf, 0xdf, 0xdf, 0xdf, 0xdf, 0xdf, 0xdf, 0xdf, 0xdf, 0xdf, 0xdf, 0xff, 0xfe, 0xfd, 0xfd, 0xfc, 0xfc, 0xfc, 0xfc, 0xfc, 0xfc, 0xfc, 0xfc, 0xfc, 0xfc, 0xfc, 0xfc, 0xfc, 0xfc, 0xfc, 0xfc, 0xfc, 0xfc, 0xfc, 0xfc, 0xfc, 0xfc, 0xfc, 0xfc, 0xfc, 0xfc, 0xfc, 0xfc, 0xfc, 0xfc, 0xfc, 0xfc, 0xfc, 0xfc, 0xfc, 0xfc, 0xfc, 0xfc, 0xfd, 0xfe, 0xde, 0xdf, 0xdf, 0xdf, 0xdf, 0xdf, 0xdf, 0xdf, 0xdf, 0xdf, 
  0xdf, 0xdf, 0xdf, 0xdf, 0xdf, 0xdf, 0xdf, 0xdf, 0xdf, 0xdf, 0xdf, 0xdf, 0xdf, 0xdf, 0xdf, 0xdf, 0xdf, 0xdf, 0xdf, 0xdf, 0xdf, 0xdf, 0xdf, 0xdf, 0xdf, 0xdf, 0xdf, 0xdf, 0xdf, 0xdf, 0xdf, 0xdf, 0xdf, 0xdf, 0xdf, 0xdf, 0xdf, 0xdf, 0xdf, 0xdf, 0xdf, 0xdf, 0xdf, 0xdf, 0xdf, 0xdf, 0xdf, 0xdf, 0xdf, 0xdf, 0xdf, 0xdf, 0xdf, 0xdf, 0xdf, 0xdf, 0xdf, 0xdf, 0xdf, 0xdf, 0xdf, 0xdf, 0xdf, 0xdf, 0xdf, 0xde, 0xfe, 0xfd, 0xfd, 0xfc, 0xfc, 0xfc, 0xfc, 0xfc, 0xfc, 0xfc, 0xfc, 0xfc, 0xfc, 0xfc, 0xfc, 0xfc, 0xfc, 0xfc, 0xfc, 0xfc, 0xfc, 0xfc, 0xfc, 0xfc, 0xfc, 0xfc, 0xfc, 0xfc, 0xfc, 0xfc, 0xfc, 0xfc, 0xfc, 0xfc, 0xfc, 0xfc, 0xfc, 0xfc, 0xfc, 0xfc, 0xfc, 0xfc, 0xfc, 0xfd, 0xfe, 0xfe, 0xdf, 0xdf, 0xdf, 0xdf, 0xdf, 0xdf, 0xdf, 0xdf, 
  0xdf, 0xdf, 0xdf, 0xdf, 0xdf, 0xdf, 0xdf, 0xdf, 0xdf, 0xdf, 0xdf, 0xdf, 0xdf, 0xdf, 0xdf, 0xdf, 0xdf, 0xdf, 0xdf, 0xdf, 0xdf, 0xdf, 0xdf, 0xdf, 0xdf, 0xdf, 0xdf, 0xdf, 0xdf, 0xdf, 0xdf, 0xdf, 0xdf, 0xdf, 0xdf, 0xdf, 0xdf, 0xdf, 0xdf, 0xdf, 0xdf, 0xdf, 0xdf, 0xdf, 0xdf, 0xdf, 0xdf, 0xdf, 0xdf, 0xdf, 0xdf, 0xdf, 0xdf, 0xdf, 0xdf, 0xdf, 0xdf, 0xdf, 0xdf, 0xdf, 0xdf, 0xdf, 0xdf, 0xdf, 0xfe, 0xfe, 0xfd, 0xfc, 0xfc, 0xfc, 0xfc, 0xfc, 0xfc, 0xfc, 0xfc, 0xfc, 0xfc, 0xfc, 0xfc, 0xfc, 0xfc, 0xfc, 0xfc, 0xfc, 0xfc, 0xfc, 0xfc, 0xfc, 0xfc, 0xfc, 0xfc, 0xfc, 0xfc, 0xfc, 0xfc, 0xfc, 0xfc, 0xfc, 0xfc, 0xfc, 0xfc, 0xfc, 0xfc, 0xfc, 0xfc, 0xfc, 0xfc, 0xfc, 0xfc, 0xfc, 0xfd, 0xfd, 0xfe, 0xdf, 0xdf, 0xdf, 0xdf, 0xdf, 0xdf, 0xdf, 
  0xdf, 0xdf, 0xdf, 0xdf, 0xdf, 0xdf, 0xdf, 0xdf, 0xdf, 0xdf, 0xdf, 0xdf, 0xdf, 0xdf, 0xdf, 0xdf, 0xdf, 0xdf, 0xdf, 0xdf, 0xdf, 0xdf, 0xdf, 0xdf, 0xdf, 0xdf, 0xdf, 0xdf, 0xdf, 0xdf, 0xdf, 0xdf, 0xdf, 0xdf, 0xdf, 0xdf, 0xdf, 0xdf, 0xdf, 0xdf, 0xdf, 0xdf, 0xdf, 0xdf, 0xdf, 0xdf, 0xdf, 0xdf, 0xdf, 0xdf, 0xdf, 0xdf, 0xdf, 0xdf, 0xdf, 0xdf, 0xdf, 0xdf, 0xdf, 0xdf, 0xdf, 0xdf, 0xdf, 0xff, 0xfe, 0xfd, 0xfc, 0xfc, 0xfc, 0xfc, 0xfc, 0xfc, 0xfc, 0xfc, 0xfc, 0xfc, 0xfc, 0xfc, 0xfc, 0xfc, 0xfc, 0xfc, 0xfc, 0xfc, 0xfc, 0xfc, 0xfc, 0xfc, 0xfc, 0xfc, 0xfc, 0xfc, 0xfc, 0xfc, 0xfc, 0xfc, 0xfc, 0xfc, 0xfc, 0xfc, 0xfc, 0xfc, 0xfc, 0xfc, 0xfc, 0xfc, 0xfc, 0xfc, 0xfc, 0xfc, 0xfc, 0xfd, 0xfe, 0xfe, 0xdf, 0xdf, 0xdf, 0xdf, 0xdf, 0xdf, 
  0xdf, 0xdf, 0xdf, 0xdf, 0xdf, 0xdf, 0xdf, 0xdf, 0xdf, 0xdf, 0xdf, 0xdf, 0xdf, 0xdf, 0xdf, 0xdf, 0xdf, 0xdf, 0xdf, 0xdf, 0xdf, 0xdf, 0xdf, 0xdf, 0xdf, 0xdf, 0xdf, 0xdf, 0xdf, 0xdf, 0xdf, 0xdf, 0xdf, 0xdf, 0xdf, 0xdf, 0xdf, 0xdf, 0xdf, 0xdf, 0xdf, 0xdf, 0xdf, 0xdf, 0xdf, 0xdf, 0xdf, 0xdf, 0xdf, 0xdf, 0xdf, 0xdf, 0xdf, 0xdf, 0xdf, 0xdf, 0xdf, 0xdf, 0xdf, 0xdf, 0xdf, 0xdf, 0xff, 0xfe, 0xfd, 0xfd, 0xfc, 0xfc, 0xfc, 0xfc, 0xfc, 0xfc, 0xfc, 0xfc, 0xfc, 0xfc, 0xfc, 0xfc, 0xfc, 0xfc, 0xfc, 0xfc, 0xfc, 0xfc, 0xfc, 0xfc, 0xfc, 0xfc, 0xfc, 0xfc, 0xfc, 0xfc, 0xfc, 0xfc, 0xfc, 0xfc, 0xfc, 0xfc, 0xfc, 0xfc, 0xfc, 0xfc, 0xfc, 0xfc, 0xfc, 0xfc, 0xfc, 0xfc, 0xfc, 0xfc, 0xfc, 0xfd, 0xfd, 0xfe, 0xff, 0xdf, 0xdf, 0xdf, 0xdf, 0xdf, 
  0xdf, 0xdf, 0xdf, 0xdf, 0xdf, 0xdf, 0xdf, 0xdf, 0xdf, 0xdf, 0xdf, 0xdf, 0xdf, 0xdf, 0xdf, 0xdf, 0xdf, 0xdf, 0xdf, 0xdf, 0xdf, 0xdf, 0xdf, 0xdf, 0xdf, 0xdf, 0xdf, 0xdf, 0xdf, 0xdf, 0xdf, 0xdf, 0xdf, 0xdf, 0xdf, 0xdf, 0xdf, 0xdf, 0xdf, 0xdf, 0xdf, 0xdf, 0xdf, 0xdf, 0xdf, 0xdf, 0xdf, 0xdf, 0xdf, 0xdf, 0xdf, 0xdf, 0xdf, 0xdf, 0xdf, 0xdf, 0xdf, 0xdf, 0xdf, 0xdf, 0xdf, 0xdf, 0xdf, 0xfe, 0xfd, 0xfd, 0xfd, 0xfd, 0xfc, 0xfc, 0xfc, 0xfc, 0xfc, 0xfc, 0xfc, 0xfc, 0xfc, 0xfc, 0xfc, 0xfc, 0xfc, 0xfc, 0xfc, 0xfc, 0xfc, 0xfc, 0xfc, 0xfc, 0xfc, 0xfc, 0xfc, 0xfc, 0xfc, 0xfc, 0xfc, 0xfc, 0xfc, 0xfc, 0xfc, 0xfc, 0xfc, 0xfc, 0xfc, 0xfc, 0xfc, 0xfc, 0xfc, 0xfc, 0xfc, 0xfc, 0xfc, 0xfc, 0xfd, 0xfd, 0xfe, 0xdf, 0xdf, 0xdf, 0xdf, 0xdf, 
  0xdf, 0xdf, 0xdf, 0xdf, 0xdf, 0xdf, 0xdf, 0xdf, 0xdf, 0xdf, 0xdf, 0xdf, 0xdf, 0xdf, 0xdf, 0xdf, 0xdf, 0xdf, 0xdf, 0xdf, 0xdf, 0xdf, 0xdf, 0xdf, 0xdf, 0xdf, 0xdf, 0xdf, 0xdf, 0xdf, 0xdf, 0xdf, 0xdf, 0xdf, 0xdf, 0xdf, 0xdf, 0xdf, 0xdf, 0xdf, 0xdf, 0xdf, 0xdf, 0xdf, 0xdf, 0xdf, 0xdf, 0xdf, 0xdf, 0xdf, 0xdf, 0xdf, 0xdf, 0xdf, 0xdf, 0xdf, 0xdf, 0xdf, 0xdf, 0xdf, 0xdf, 0xff, 0xfe, 0xfe, 0xfd, 0xfd, 0xfd, 0xfd, 0xfd, 0xfd, 0xfd, 0xfd, 0xfc, 0xfc, 0xfc, 0xfc, 0xfc, 0xfc, 0xfc, 0xfc, 0xfc, 0xfc, 0xfc, 0xfc, 0xfc, 0xfc, 0xfc, 0xfc, 0xfc, 0xfc, 0xfc, 0xfc, 0xfc, 0xfc, 0xfc, 0xfc, 0xfc, 0xfc, 0xfc, 0xfc, 0xfc, 0xfc, 0xfc, 0xfc, 0xfc, 0xfc, 0xfc, 0xfc, 0xfc, 0xfc, 0xfc, 0xfc, 0xfc, 0xfd, 0xfe, 0xff, 0xdf, 0xdf, 0xdf, 0xdf, 
  0xdf, 0xdf, 0xdf, 0xdf, 0xdf, 0xdf, 0xdf, 0xdf, 0xdf, 0xdf, 0xdf, 0xdf, 0xdf, 0xdf, 0xdf, 0xdf, 0xdf, 0xdf, 0xdf, 0xdf, 0xdf, 0xdf, 0xdf, 0xdf, 0xdf, 0xdf, 0xdf, 0xdf, 0xdf, 0xdf, 0xdf, 0xdf, 0xdf, 0xdf, 0xdf, 0xdf, 0xdf, 0xdf, 0xdf, 0xdf, 0xdf, 0xdf, 0xdf, 0xdf, 0xdf, 0xdf, 0xdf, 0xdf, 0xdf, 0xdf, 0xdf, 0xdf, 0xdf, 0xdf, 0xdf, 0xdf, 0xdf, 0xdf, 0xdf, 0xdf, 0xff, 0xff, 0xff, 0xfe, 0xfe, 0xfe, 0xfe, 0xfe, 0xfe, 0xfe, 0xfe, 0xfd, 0xfd, 0xfd, 0xfd, 0xfc, 0xfc, 0xfc, 0xfc, 0xfc, 0xfc, 0xfc, 0xfc, 0xfc, 0xfc, 0xfc, 0xfc, 0xfc, 0xfc, 0xfc, 0xfc, 0xfc, 0xfc, 0xfc, 0xfc, 0xfc, 0xfc, 0xfc, 0xfc, 0xfc, 0xfc, 0xfc, 0xfc, 0xfc, 0xfc, 0xfc, 0xfc, 0xfc, 0xfc, 0xfc, 0xfc, 0xfc, 0xfc, 0xfd, 0xfd, 0xfe, 0xdf, 0xdf, 0xdf, 0xdf, 
  0xdf, 0xdf, 0xdf, 0xdf, 0xdf, 0xdf, 0xdf, 0xdf, 0xdf, 0xdf, 0xdf, 0xdf, 0xdf, 0xdf, 0xdf, 0xdf, 0xdf, 0xdf, 0xdf, 0xdf, 0xdf, 0xdf, 0xdf, 0xdf, 0xdf, 0xdf, 0xdf, 0xdf, 0xdf, 0xdf, 0xdf, 0xdf, 0xdf, 0xdf, 0xdf, 0xdf, 0xdf, 0xdf, 0xdf, 0xdf, 0xdf, 0xdf, 0xdf, 0xdf, 0xdf, 0xdf, 0xdf, 0xdf, 0xdf, 0xdf, 0xdf, 0xdf, 0xdf, 0xdf, 0xdf, 0xdf, 0xff, 0xff, 0xff, 0xff, 0xff, 0xff, 0xff, 0xff, 0xff, 0xfe, 0xff, 0xff, 0xff, 0xff, 0xff, 0xfe, 0xfe, 0xfe, 0xfe, 0xfd, 0xfd, 0xfd, 0xfc, 0xfc, 0xfc, 0xfc, 0xfc, 0xfc, 0xfc, 0xfc, 0xfc, 0xfc, 0xfc, 0xfc, 0xfc, 0xfc, 0xfc, 0xfc, 0xfc, 0xfc, 0xfc, 0xfc, 0xfc, 0xfc, 0xfc, 0xfc, 0xfc, 0xfc, 0xfc, 0xfc, 0xfc, 0xfc, 0xfc, 0xfc, 0xfc, 0xfc, 0xfc, 0xfc, 0xfd, 0xfd, 0xfe, 0xdf, 0xdf, 0xdf, 
  0xdf, 0xdf, 0xdf, 0xdf, 0xdf, 0xdf, 0xdf, 0xdf, 0xdf, 0xdf, 0xdf, 0xdf, 0xdf, 0xdf, 0xdf, 0xdf, 0xdf, 0xdf, 0xdf, 0xdf, 0xdf, 0xdf, 0xdf, 0xdf, 0xdf, 0xdf, 0xdf, 0xdf, 0xdf, 0xdf, 0xdf, 0xdf, 0xdf, 0xdf, 0xdf, 0xdf, 0xdf, 0xdf, 0xdf, 0xdf, 0xdf, 0xdf, 0xdf, 0xdf, 0xdf, 0xdf, 0xdf, 0xdf, 0xdf, 0xdf, 0xdf, 0xdf, 0xdf, 0xff, 0xff, 0xff, 0xff, 0xff, 0xff, 0xff, 0xff, 0xff, 0xff, 0xff, 0xff, 0xff, 0xff, 0xff, 0xff, 0xff, 0xff, 0xff, 0xff, 0xff, 0xfe, 0xfe, 0xfe, 0xfd, 0xfd, 0xfd, 0xfc, 0xfc, 0xfc, 0xfc, 0xfc, 0xfc, 0xfc, 0xfc, 0xfc, 0xfc, 0xfc, 0xfc, 0xfc, 0xfc, 0xfc, 0xfc, 0xfc, 0xfc, 0xfc, 0xfc, 0xfc, 0xfc, 0xfc, 0xfc, 0xfc, 0xfc, 0xfc, 0xfc, 0xfc, 0xfc, 0xfc, 0xfc, 0xfc, 0xfc, 0xfc, 0xfd, 0xfe, 0xdf, 0xdf, 0xdf, 
  0xdf, 0xdf, 0xdf, 0xdf, 0xdf, 0xdf, 0xdf, 0xdf, 0xdf, 0xdf, 0xdf, 0xdf, 0xdf, 0xdf, 0xdf, 0xdf, 0xdf, 0xdf, 0xdf, 0xdf, 0xdf, 0xdf, 0xdf, 0xdf, 0xdf, 0xdf, 0xdf, 0xdf, 0xdf, 0xdf, 0xdf, 0xdf, 0xdf, 0xdf, 0xdf, 0xdf, 0xdf, 0xdf, 0xdf, 0xdf, 0xdf, 0xdf, 0xdf, 0xdf, 0xdf, 0xdf, 0xdf, 0xdf, 0xdf, 0xdf, 0xdf, 0xdf, 0xff, 0xff, 0xff, 0xff, 0xff, 0xff, 0xff, 0xff, 0xff, 0xff, 0xff, 0xff, 0xff, 0xff, 0xff, 0xff, 0xff, 0xff, 0xff, 0xff, 0xff, 0xff, 0xff, 0xff, 0xff, 0xfe, 0xfe, 0xfe, 0xfd, 0xfd, 0xfc, 0xfc, 0xfc, 0xfc, 0xfc, 0xfc, 0xfc, 0xfc, 0xfc, 0xfc, 0xfc, 0xfc, 0xfc, 0xfc, 0xfc, 0xfc, 0xfc, 0xfc, 0xfc, 0xfc, 0xfc, 0xfc, 0xfc, 0xfc, 0xfc, 0xfc, 0xfc, 0xfc, 0xfc, 0xfc, 0xfc, 0xfc, 0xfc, 0xfd, 0xfe, 0xde, 0xdf, 0xdf, 
  0xdf, 0xdf, 0xdf, 0xdf, 0xdf, 0xdf, 0xdf, 0xdf, 0xdf, 0xdf, 0xdf, 0xdf, 0xdf, 0xdf, 0xdf, 0xdf, 0xdf, 0xdf, 0xdf, 0xdf, 0xdf, 0xdf, 0xdf, 0xdf, 0xdf, 0xdf, 0xdf, 0xdf, 0xdf, 0xdf, 0xdf, 0xdf, 0xdf, 0xdf, 0xdf, 0xdf, 0xdf, 0xdf, 0xdf, 0xdf, 0xdf, 0xdf, 0xdf, 0xdf, 0xdf, 0xdf, 0xdf, 0xdf, 0xdf, 0xdf, 0xdf, 0xff, 0xff, 0xff, 0xff, 0xff, 0xff, 0xff, 0xff, 0xff, 0xff, 0xff, 0xff, 0xff, 0xff, 0xff, 0xff, 0xff, 0xff, 0xff, 0xff, 0xff, 0xff, 0xff, 0xff, 0xff, 0xff, 0xff, 0xff, 0xfe, 0xfe, 0xfd, 0xfd, 0xfc, 0xfc, 0xfc, 0xfc, 0xfc, 0xfc, 0xfc, 0xfc, 0xfc, 0xfc, 0xfc, 0xfc, 0xfc, 0xfc, 0xfc, 0xfc, 0xfc, 0xfc, 0xfc, 0xfc, 0xfc, 0xfc, 0xfc, 0xfc, 0xfc, 0xfc, 0xfc, 0xfc, 0xfc, 0xfc, 0xfc, 0xfc, 0xfd, 0xfd, 0xfe, 0xdf, 0xdf, 
  0xdf, 0xdf, 0xdf, 0xdf, 0xdf, 0xdf, 0xdf, 0xdf, 0xdf, 0xdf, 0xdf, 0xdf, 0xdf, 0xdf, 0xdf, 0xdf, 0xdf, 0xdf, 0xdf, 0xdf, 0xdf, 0xdf, 0xdf, 0xdf, 0xdf, 0xdf, 0xdf, 0xdf, 0xdf, 0xdf, 0xdf, 0xdf, 0xdf, 0xdf, 0xdf, 0xdf, 0xdf, 0xdf, 0xdf, 0xdf, 0xdf, 0xdf, 0xdf, 0xdf, 0xdf, 0xdf, 0xdf, 0xdf, 0xdf, 0xdf, 0xff, 0xff, 0xff, 0xff, 0xff, 0xff, 0xff, 0xff, 0xff, 0xff, 0xff, 0xff, 0xff, 0xff, 0xff, 0xff, 0xff, 0xff, 0xff, 0xff, 0xff, 0xff, 0xff, 0xff, 0xff, 0xff, 0xff, 0xff, 0xff, 0xff, 0xfe, 0xfe, 0xfe, 0xfd, 0xfc, 0xfc, 0xfc, 0xfc, 0xfc, 0xfc, 0xfc, 0xfc, 0xfc, 0xfc, 0xfc, 0xfc, 0xfc, 0xfc, 0xfc, 0xfc, 0xfc, 0xfc, 0xfc, 0xfc, 0xfc, 0xfc, 0xfc, 0xfc, 0xfc, 0xfc, 0xfc, 0xfc, 0xfc, 0xfc, 0xfc, 0xfc, 0xfd, 0xfe, 0xdf, 0xdf, 
  0xdf, 0xdf, 0xdf, 0xdf, 0xdf, 0xdf, 0xdf, 0xdf, 0xdf, 0xdf, 0xdf, 0xdf, 0xdf, 0xdf, 0xdf, 0xdf, 0xdf, 0xdf, 0xdf, 0xdf, 0xdf, 0xdf, 0xdf, 0xdf, 0xdf, 0xdf, 0xdf, 0xdf, 0xdf, 0xdf, 0xdf, 0xdf, 0xdf, 0xdf, 0xdf, 0xdf, 0xdf, 0xdf, 0xdf, 0xdf, 0xdf, 0xdf, 0xdf, 0xdf, 0xdf, 0xdf, 0xdf, 0xdf, 0xff, 0xff, 0xff, 0xff, 0xff, 0xff, 0xff, 0xff, 0xff, 0xff, 0xff, 0xff, 0xff, 0xff, 0xff, 0xff, 0xff, 0xff, 0xff, 0xff, 0xff, 0xff, 0xff, 0xff, 0xff, 0xff, 0xff, 0xff, 0xff, 0xff, 0xff, 0xff, 0xff, 0xff, 0xfe, 0xfe, 0xfd, 0xfc, 0xfc, 0xfc, 0xfc, 0xfc, 0xfc, 0xfc, 0xfc, 0xfc, 0xfc, 0xfc, 0xfc, 0xfc, 0xfc, 0xfc, 0xfc, 0xfc, 0xfc, 0xfc, 0xfc, 0xfc, 0xfc, 0xfc, 0xfc, 0xfc, 0xfc, 0xfc, 0xfc, 0xfc, 0xfc, 0xfc, 0xfd, 0xfd, 0xff, 0xdf, 
  0xdf, 0xdf, 0xdf, 0xdf, 0xdf, 0xdf, 0xdf, 0xdf, 0xdf, 0xdf, 0xdf, 0xdf, 0xdf, 0xdf, 0xdf, 0xdf, 0xdf, 0xdf, 0xdf, 0xdf, 0xdf, 0xdf, 0xdf, 0xdf, 0xdf, 0xdf, 0xdf, 0xdf, 0xdf, 0xdf, 0xdf, 0xdf, 0xdf, 0xdf, 0xdf, 0xdf, 0xdf, 0xdf, 0xdf, 0xdf, 0xdf, 0xdf, 0xdf, 0xdf, 0xdf, 0xdf, 0xdf, 0xff, 0xff, 0xff, 0xff, 0xff, 0xff, 0xff, 0xff, 0xff, 0xff, 0xff, 0xff, 0xff, 0xff, 0xff, 0xff, 0xff, 0xff, 0xff, 0xff, 0xff, 0xff, 0xff, 0xff, 0xff, 0xff, 0xff, 0xff, 0xff, 0xff, 0xff, 0xff, 0xff, 0xff, 0xff, 0xff, 0xfe, 0xfe, 0xfd, 0xfc, 0xfc, 0xfc, 0xfc, 0xfc, 0xfc, 0xfc, 0xfc, 0xfc, 0xfc, 0xfc, 0xfc, 0xfc, 0xfc, 0xfc, 0xfc, 0xfc, 0xfc, 0xfc, 0xfc, 0xfc, 0xfc, 0xfc, 0xfc, 0xfc, 0xfc, 0xfc, 0xfc, 0xfc, 0xfc, 0xfc, 0xfd, 0xfe, 0xdf, 
  0xdf, 0xdf, 0xdf, 0xdf, 0xdf, 0xdf, 0xdf, 0xdf, 0xdf, 0xdf, 0xdf, 0xdf, 0xdf, 0xdf, 0xdf, 0xdf, 0xdf, 0xdf, 0xdf, 0xdf, 0xdf, 0xdf, 0xdf, 0xdf, 0xdf, 0xdf, 0xdf, 0xdf, 0xdf, 0xdf, 0xdf, 0xdf, 0xdf, 0xdf, 0xdf, 0xdf, 0xdf, 0xdf, 0xdf, 0xdf, 0xdf, 0xdf, 0xdf, 0xdf, 0xdf, 0xdf, 0xff, 0xff, 0xff, 0xff, 0xff, 0xff, 0xff, 0xff, 0xff, 0xff, 0xff, 0xff, 0xff, 0xff, 0xff, 0xff, 0xff, 0xff, 0xff, 0xff, 0xff, 0xff, 0xff, 0xff, 0xff, 0xff, 0xff, 0xff, 0xff, 0xff, 0xff, 0xff, 0xff, 0xff, 0xff, 0xff, 0xff, 0xff, 0xfe, 0xfe, 0xfd, 0xfc, 0xfc, 0xfc, 0xfc, 0xfc, 0xfc, 0xfc, 0xfc, 0xfc, 0xfc, 0xfc, 0xfc, 0xfc, 0xfc, 0xfc, 0xfc, 0xfc, 0xfc, 0xfc, 0xfc, 0xfc, 0xfc, 0xfc, 0xfc, 0xfc, 0xfc, 0xfc, 0xfc, 0xfc, 0xfc, 0xfd, 0xfe, 0xdf, 
  0xdf, 0xdf, 0xdf, 0xdf, 0xdf, 0xdf, 0xdf, 0xdf, 0xdf, 0xdf, 0xdf, 0xdf, 0xdf, 0xdf, 0xdf, 0xdf, 0xdf, 0xdf, 0xdf, 0xdf, 0xdf, 0xdf, 0xdf, 0xdf, 0xdf, 0xdf, 0xdf, 0xdf, 0xdf, 0xdf, 0xff, 0xff, 0xff, 0xff, 0xff, 0xdf, 0xdf, 0xdf, 0xdf, 0xdf, 0xdf, 0xdf, 0xdf, 0xdf, 0xdf, 0xff, 0xff, 0xff, 0xff, 0xff, 0xff, 0xff, 0xff, 0xff, 0xff, 0xff, 0xff, 0xff, 0xff, 0xff, 0xff, 0xff, 0xff, 0xff, 0xff, 0xff, 0xff, 0xff, 0xff, 0xff, 0xff, 0xff, 0xff, 0xff, 0xff, 0xff, 0xff, 0xff, 0xff, 0xff, 0xff, 0xff, 0xff, 0xff, 0xff, 0xfe, 0xfe, 0xfd, 0xfc, 0xfc, 0xfc, 0xfc, 0xfc, 0xfc, 0xfc, 0xfc, 0xfc, 0xfc, 0xfc, 0xfc, 0xfc, 0xfc, 0xfc, 0xfc, 0xfc, 0xfc, 0xfc, 0xfc, 0xfc, 0xfc, 0xfc, 0xfc, 0xfc, 0xfc, 0xfc, 0xfc, 0xfc, 0xfd, 0xfe, 0xff, 
  0xdf, 0xdf, 0xdf, 0xdf, 0xdf, 0xdf, 0xdf, 0xdf, 0xdf, 0xdf, 0xdf, 0xdf, 0xdf, 0xdf, 0xdf, 0xdf, 0xdf, 0xdf, 0xdf, 0xdf, 0xdf, 0xdf, 0xdf, 0xdf, 0xdf, 0xdf, 0xdf, 0xff, 0xff, 0xff, 0xff, 0xff, 0xff, 0xff, 0xff, 0xff, 0xff, 0xff, 0xff, 0xff, 0xdf, 0xdf, 0xdf, 0xdf, 0xff, 0xff, 0xff, 0xff, 0xff, 0xff, 0xff, 0xff, 0xff, 0xff, 0xff, 0xff, 0xff, 0xff, 0xff, 0xff, 0xff, 0xff, 0xff, 0xff, 0xff, 0xff, 0xff, 0xff, 0xff, 0xff, 0xff, 0xff, 0xff, 0xff, 0xff, 0xff, 0xff, 0xff, 0xff, 0xff, 0xff, 0xff, 0xff, 0xff, 0xff, 0xff, 0xfe, 0xfd, 0xfd, 0xfc, 0xfc, 0xfc, 0xfc, 0xfc, 0xfc, 0xfc, 0xfc, 0xfc, 0xfc, 0xfc, 0xfc, 0xfc, 0xfc, 0xfc, 0xfc, 0xfc, 0xfc, 0xfc, 0xfc, 0xfc, 0xfc, 0xfc, 0xfc, 0xfc, 0xfc, 0xfc, 0xfc, 0xfd, 0xfe, 0xfe, 
  0xdf, 0xdf, 0xdf, 0xdf, 0xdf, 0xdf, 0xdf, 0xdf, 0xdf, 0xdf, 0xdf, 0xdf, 0xdf, 0xdf, 0xdf, 0xdf, 0xdf, 0xdf, 0xdf, 0xdf, 0xdf, 0xdf, 0xdf, 0xdf, 0xff, 0xff, 0xff, 0xff, 0xff, 0xff, 0xff, 0xff, 0xff, 0xff, 0xff, 0xff, 0xff, 0xff, 0xff, 0xff, 0xff, 0xff, 0xff, 0xff, 0xff, 0xff, 0xff, 0xff, 0xff, 0xff, 0xff, 0xff, 0xff, 0xff, 0xff, 0xff, 0xff, 0xff, 0xff, 0xff, 0xff, 0xff, 0xff, 0xff, 0xff, 0xff, 0xff, 0xff, 0xff, 0xff, 0xff, 0xff, 0xff, 0xff, 0xff, 0xff, 0xff, 0xff, 0xff, 0xff, 0xff, 0xff, 0xff, 0xff, 0xff, 0xff, 0xff, 0xfe, 0xfd, 0xf8, 0xfc, 0xfc, 0xfc, 0xfc, 0xfc, 0xfc, 0xfc, 0xfc, 0xfc, 0xfc, 0xfc, 0xfc, 0xfc, 0xfc, 0xfc, 0xfc, 0xfc, 0xfc, 0xfc, 0xfc, 0xfc, 0xfc, 0xfc, 0xfc, 0xfc, 0xfc, 0xfc, 0xfc, 0xfe, 0xfe, 
  0xdf, 0xdf, 0xdf, 0xdf, 0xdf, 0xdf, 0xdf, 0xdf, 0xdf, 0xdf, 0xdf, 0xdf, 0xdf, 0xdf, 0xdf, 0xdf, 0xdf, 0xdf, 0xdf, 0xdf, 0xdf, 0xdf, 0xff, 0xff, 0xff, 0xff, 0xff, 0xff, 0xff, 0xff, 0xff, 0xff, 0xff, 0xff, 0xff, 0xff, 0xff, 0xff, 0xff, 0xff, 0xff, 0xff, 0xff, 0xff, 0xff, 0xff, 0xff, 0xff, 0xff, 0xff, 0xff, 0xff, 0xff, 0xff, 0xff, 0xff, 0xff, 0xff, 0xff, 0xff, 0xff, 0xff, 0xff, 0xff, 0xff, 0xff, 0xff, 0xff, 0xff, 0xff, 0xff, 0xff, 0xff, 0xff, 0xff, 0xff, 0xff, 0xff, 0xff, 0xff, 0xff, 0xff, 0xff, 0xff, 0xff, 0xff, 0xff, 0xff, 0xfe, 0xfd, 0xfc, 0xfc, 0xfc, 0xfc, 0xfc, 0xfc, 0xfc, 0xfc, 0xfc, 0xfc, 0xfc, 0xfc, 0xfc, 0xfc, 0xfc, 0xfc, 0xfc, 0xfc, 0xfc, 0xfc, 0xfc, 0xfc, 0xfc, 0xfc, 0xfc, 0xfc, 0xfc, 0xfc, 0xfd, 0xfe, 
  0xdf, 0xdf, 0xdf, 0xdf, 0xdf, 0xdf, 0xdf, 0xdf, 0xdf, 0xdf, 0xdf, 0xdf, 0xdf, 0xdf, 0xdf, 0xdf, 0xdf, 0xdf, 0xdf, 0xdf, 0xdf, 0xff, 0xff, 0xff, 0xff, 0xff, 0xff, 0xff, 0xff, 0xff, 0xff, 0xff, 0xff, 0xff, 0xff, 0xff, 0xff, 0xff, 0xff, 0xff, 0xff, 0xff, 0xff, 0xff, 0xff, 0xff, 0xff, 0xff, 0xff, 0xff, 0xff, 0xff, 0xff, 0xff, 0xff, 0xff, 0xff, 0xff, 0xff, 0xff, 0xff, 0xff, 0xff, 0xff, 0xff, 0xff, 0xff, 0xff, 0xff, 0xff, 0xff, 0xff, 0xff, 0xff, 0xff, 0xff, 0xff, 0xff, 0xff, 0xff, 0xff, 0xff, 0xff, 0xff, 0xff, 0xff, 0xff, 0xff, 0xfe, 0xfe, 0xfd, 0xfc, 0xfc, 0xfc, 0xfc, 0xfc, 0xfc, 0xfc, 0xfc, 0xfc, 0xfc, 0xfc, 0xfc, 0xfc, 0xfc, 0xfc, 0xfc, 0xfc, 0xfc, 0xfc, 0xfc, 0xfc, 0xfc, 0xfc, 0xfc, 0xfc, 0xfc, 0xfc, 0xfd, 0xfe, 
  0xdf, 0xdf, 0xdf, 0xdf, 0xdf, 0xdf, 0xdf, 0xdf, 0xdf, 0xdf, 0xdf, 0xdf, 0xdf, 0xdf, 0xdf, 0xdf, 0xdf, 0xdf, 0xdf, 0xdf, 0xff, 0xff, 0xff, 0xff, 0xff, 0xff, 0xff, 0xff, 0xff, 0xff, 0xff, 0xff, 0xff, 0xff, 0xff, 0xff, 0xff, 0xff, 0xff, 0xff, 0xff, 0xff, 0xff, 0xff, 0xff, 0xff, 0xff, 0xff, 0xff, 0xff, 0xff, 0xff, 0xff, 0xff, 0xff, 0xff, 0xff, 0xff, 0xff, 0xff, 0xff, 0xff, 0xff, 0xff, 0xff, 0xff, 0xff, 0xff, 0xff, 0xff, 0xff, 0xff, 0xff, 0xff, 0xff, 0xff, 0xff, 0xff, 0xff, 0xff, 0xff, 0xff, 0xff, 0xff, 0xff, 0xff, 0xff, 0xff, 0xff, 0xfe, 0xfd, 0xfc, 0xfc, 0xfc, 0xfc, 0xfc, 0xfc, 0xfc, 0xfc, 0xfc, 0xfc, 0xfc, 0xfc, 0xfc, 0xfc, 0xfc, 0xfc, 0xfc, 0xfc, 0xfc, 0xfc, 0xfc, 0xfc, 0xfc, 0xfc, 0xfc, 0xfc, 0xfc, 0xfd, 0xfe, 
  0xdf, 0xdf, 0xdf, 0xdf, 0xdf, 0xdf, 0xdf, 0xdf, 0xdf, 0xdf, 0xdf, 0xdf, 0xdf, 0xdf, 0xdf, 0xdf, 0xdf, 0xdf, 0xdf, 0xff, 0xff, 0xff, 0xff, 0xff, 0xff, 0xff, 0xff, 0xff, 0xff, 0xff, 0xff, 0xff, 0xff, 0xff, 0xff, 0xff, 0xff, 0xff, 0xff, 0xff, 0xff, 0xff, 0xff, 0xff, 0xff, 0xff, 0xff, 0xff, 0xff, 0xff, 0xff, 0xff, 0xff, 0xff, 0xff, 0xff, 0xff, 0xff, 0xff, 0xff, 0xff, 0xff, 0xff, 0xff, 0xff, 0xff, 0xff, 0xff, 0xff, 0xff, 0xff, 0xff, 0xff, 0xff, 0xff, 0xff, 0xff, 0xff, 0xff, 0xff, 0xff, 0xff, 0xff, 0xff, 0xff, 0xff, 0xff, 0xff, 0xff, 0xfe, 0xfe, 0xfd, 0xfc, 0xfc, 0xfc, 0xfc, 0xfc, 0xfc, 0xfc, 0xfc, 0xfc, 0xfc, 0xfc, 0xfc, 0xfc, 0xfc, 0xfc, 0xfc, 0xfc, 0xfc, 0xfc, 0xfc, 0xfc, 0xfc, 0xfc, 0xfc, 0xfc, 0xfc, 0xfd, 0xfe, 
  0xdf, 0xdf, 0xdf, 0xdf, 0xdf, 0xdf, 0xdf, 0xdf, 0xdf, 0xdf, 0xdf, 0xdf, 0xdf, 0xdf, 0xdf, 0xdf, 0xdf, 0xdf, 0xff, 0xff, 0xff, 0xff, 0xff, 0xff, 0xff, 0xff, 0xff, 0xff, 0xff, 0xff, 0xff, 0xff, 0xff, 0xff, 0xff, 0xff, 0xff, 0xff, 0xff, 0xff, 0xff, 0xff, 0xff, 0xff, 0xff, 0xff, 0xff, 0xff, 0xff, 0xff, 0xff, 0xff, 0xff, 0xff, 0xff, 0xff, 0xff, 0xff, 0xff, 0xff, 0xff, 0xff, 0xff, 0xff, 0xff, 0xff, 0xff, 0xff, 0xff, 0xff, 0xff, 0xff, 0xff, 0xff, 0xff, 0xff, 0xff, 0xff, 0xff, 0xff, 0xff, 0xff, 0xff, 0xff, 0xff, 0xff, 0xff, 0xff, 0xff, 0xff, 0xfe, 0xf9, 0xfc, 0xfc, 0xf8, 0xfc, 0xfc, 0xfc, 0xfc, 0xfc, 0xfc, 0xfc, 0xfc, 0xfc, 0xfc, 0xfc, 0xfc, 0xfc, 0xfc, 0xfc, 0xfc, 0xfc, 0xfc, 0xfc, 0xfc, 0xfc, 0xfc, 0xfc, 0xfd, 0xfe, 
  0xdf, 0xdf, 0xdf, 0xdf, 0xdf, 0xdf, 0xdf, 0xdf, 0xdf, 0xdf, 0xdf, 0xdf, 0xdf, 0xdf, 0xdf, 0xdf, 0xdf, 0xff, 0xff, 0xff, 0xff, 0xff, 0xff, 0xff, 0xff, 0xff, 0xff, 0xff, 0xff, 0xff, 0xff, 0xff, 0xff, 0xff, 0xff, 0xff, 0xff, 0xff, 0xff, 0xff, 0xff, 0xff, 0xff, 0xff, 0xff, 0xff, 0xff, 0xff, 0xff, 0xff, 0xff, 0xff, 0xff, 0xff, 0xff, 0xff, 0xff, 0xff, 0xff, 0xff, 0xff, 0xff, 0xff, 0xff, 0xff, 0xff, 0xff, 0xff, 0xff, 0xff, 0xff, 0xff, 0xff, 0xff, 0xff, 0xff, 0xff, 0xff, 0xff, 0xff, 0xff, 0xff, 0xff, 0xff, 0xff, 0xff, 0xff, 0xff, 0xff, 0xff, 0xfe, 0xfe, 0xfc, 0xfc, 0xfc, 0xfc, 0xfc, 0xfc, 0xfc, 0xfc, 0xfc, 0xfc, 0xfc, 0xfc, 0xfc, 0xfc, 0xfc, 0xfc, 0xfc, 0xfc, 0xfc, 0xfc, 0xfc, 0xfc, 0xfc, 0xfc, 0xfc, 0xfd, 0xfd, 0xfe, 
  0xdf, 0xdf, 0xdf, 0xdf, 0xdf, 0xdf, 0xdf, 0xdf, 0xdf, 0xdf, 0xdf, 0xdf, 0xdf, 0xdf, 0xdf, 0xdf, 0xff, 0xff, 0xff, 0xff, 0xff, 0xff, 0xff, 0xff, 0xff, 0xff, 0xff, 0xff, 0xff, 0xff, 0xff, 0xff, 0xff, 0xff, 0xff, 0xff, 0xff, 0xff, 0xff, 0xff, 0xff, 0xff, 0xff, 0xff, 0xff, 0xff, 0xff, 0xff, 0xff, 0xff, 0xff, 0xff, 0xff, 0xff, 0xff, 0xff, 0xff, 0xff, 0xff, 0xff, 0xff, 0xff, 0xff, 0xff, 0xff, 0xff, 0xff, 0xff, 0xff, 0xff, 0xff, 0xff, 0xff, 0xff, 0xff, 0xff, 0xff, 0xff, 0xff, 0xff, 0xff, 0xff, 0xff, 0xff, 0xff, 0xff, 0xff, 0xff, 0xff, 0xff, 0xff, 0xfe, 0xfd, 0xfc, 0xfc, 0xfc, 0xfc, 0xfc, 0xfc, 0xfc, 0xfc, 0xfc, 0xfc, 0xfc, 0xfc, 0xfc, 0xfc, 0xfc, 0xfc, 0xfc, 0xfc, 0xfc, 0xfc, 0xfc, 0xfc, 0xfc, 0xfc, 0xfd, 0xfd, 0xfe, 
  0xdf, 0xdf, 0xdf, 0xdf, 0xdf, 0xdf, 0xdf, 0xdf, 0xdf, 0xdf, 0xdf, 0xdf, 0xdf, 0xdf, 0xdf, 0xdf, 0xff, 0xff, 0xff, 0xff, 0xff, 0xff, 0xff, 0xff, 0xff, 0xff, 0xff, 0xff, 0xff, 0xff, 0xff, 0xff, 0xff, 0xff, 0xff, 0xff, 0xff, 0xff, 0xff, 0xff, 0xff, 0xff, 0xff, 0xff, 0xff, 0xff, 0xff, 0xff, 0xff, 0xff, 0xff, 0xff, 0xff, 0xff, 0xff, 0xff, 0xff, 0xff, 0xff, 0xff, 0xff, 0xff, 0xff, 0xff, 0xff, 0xff, 0xff, 0xff, 0xff, 0xff, 0xff, 0xff, 0xff, 0xff, 0xff, 0xff, 0xff, 0xff, 0xff, 0xff, 0xff, 0xff, 0xff, 0xff, 0xff, 0xff, 0xff, 0xff, 0xff, 0xff, 0xff, 0xfe, 0xfd, 0xfc, 0xfc, 0xfc, 0xfc, 0xfc, 0xfc, 0xfc, 0xfc, 0xfc, 0xfc, 0xfc, 0xfc, 0xfc, 0xfc, 0xfc, 0xfc, 0xfc, 0xfc, 0xfc, 0xfc, 0xfc, 0xfc, 0xfc, 0xfc, 0xfd, 0xfd, 0xfe, 
  0xdf, 0xdf, 0xdf, 0xdf, 0xdf, 0xdf, 0xdf, 0xdf, 0xdf, 0xdf, 0xdf, 0xdf, 0xdf, 0xdf, 0xdf, 0xdf, 0xff, 0xff, 0xff, 0xff, 0xff, 0xff, 0xff, 0xff, 0xff, 0xff, 0xff, 0xff, 0xff, 0xff, 0xff, 0xff, 0xff, 0xff, 0xff, 0xff, 0xff, 0xff, 0xff, 0xff, 0xff, 0xff, 0xff, 0xff, 0xff, 0xff, 0xff, 0xff, 0xff, 0xff, 0xff, 0xff, 0xff, 0xff, 0xff, 0xff, 0xff, 0xff, 0xff, 0xff, 0xff, 0xff, 0xff, 0xff, 0xff, 0xff, 0xff, 0xff, 0xff, 0xff, 0xff, 0xff, 0xff, 0xff, 0xff, 0xff, 0xff, 0xff, 0xff, 0xff, 0xff, 0xff, 0xff, 0xff, 0xff, 0xff, 0xff, 0xff, 0xff, 0xff, 0xff, 0xff, 0xfd, 0xfc, 0xfc, 0xfc, 0xfc, 0xfc, 0xfc, 0xfc, 0xfc, 0xfc, 0xfc, 0xfc, 0xfc, 0xfc, 0xfc, 0xfc, 0xfc, 0xfc, 0xfc, 0xfc, 0xfc, 0xfc, 0xfc, 0xfc, 0xfc, 0xfd, 0xfe, 0xfe, 
  0xdf, 0xdf, 0xdf, 0xdf, 0xdf, 0xdf, 0xdf, 0xdf, 0xdf, 0xdf, 0xdf, 0xdf, 0xdf, 0xdf, 0xdf, 0xdf, 0xff, 0xff, 0xff, 0xff, 0xff, 0xff, 0xff, 0xff, 0xff, 0xff, 0xff, 0xff, 0xff, 0xff, 0xff, 0xff, 0xff, 0xff, 0xff, 0xff, 0xff, 0xff, 0xff, 0xff, 0xff, 0xff, 0xff, 0xff, 0xff, 0xff, 0xff, 0xff, 0xff, 0xff, 0xff, 0xff, 0xff, 0xff, 0xff, 0xff, 0xff, 0xff, 0xff, 0xff, 0xff, 0xff, 0xff, 0xff, 0xff, 0xff, 0xff, 0xff, 0xff, 0xff, 0xff, 0xff, 0xff, 0xff, 0xff, 0xff, 0xff, 0xff, 0xff, 0xff, 0xff, 0xff, 0xff, 0xff, 0xff, 0xff, 0xff, 0xff, 0xff, 0xff, 0xff, 0xff, 0xfd, 0xfc, 0xfc, 0xfc, 0xfc, 0xfc, 0xfc, 0xfc, 0xfc, 0xfc, 0xfc, 0xfc, 0xfc, 0xfc, 0xfc, 0xfc, 0xfc, 0xfc, 0xfc, 0xfc, 0xfc, 0xfc, 0xfc, 0xfc, 0xfc, 0xfd, 0xfe, 0xff, 
  0xdf, 0xdf, 0xdf, 0xdf, 0xdf, 0xdf, 0xdf, 0xdf, 0xdf, 0xdf, 0xdf, 0xdf, 0xdf, 0xdf, 0xdf, 0xff, 0xff, 0xff, 0xff, 0xff, 0xff, 0xff, 0xff, 0xff, 0xff, 0xff, 0xff, 0xff, 0xff, 0xff, 0xff, 0xff, 0xff, 0xff, 0xff, 0xff, 0xff, 0xff, 0xff, 0xff, 0xff, 0xff, 0xff, 0xff, 0xff, 0xff, 0xff, 0xff, 0xff, 0xff, 0xff, 0xff, 0xff, 0xff, 0xff, 0xff, 0xff, 0xff, 0xff, 0xff, 0xff, 0xff, 0xff, 0xff, 0xff, 0xff, 0xff, 0xff, 0xff, 0xff, 0xff, 0xff, 0xff, 0xff, 0xff, 0xff, 0xff, 0xff, 0xff, 0xff, 0xff, 0xff, 0xff, 0xff, 0xff, 0xff, 0xff, 0xff, 0xff, 0xff, 0xff, 0xff, 0xfe, 0xfd, 0xfc, 0xfc, 0xfc, 0xfc, 0xfc, 0xfc, 0xfc, 0xfc, 0xfc, 0xfc, 0xfc, 0xfc, 0xfc, 0xfc, 0xfc, 0xfc, 0xfc, 0xfc, 0xfc, 0xfc, 0xfc, 0xfc, 0xfc, 0xfd, 0xfe, 0xdf, 
  0xdf, 0xdf, 0xdf, 0xdf, 0xdf, 0xdf, 0xdf, 0xdf, 0xdf, 0xdf, 0xdf, 0xdf, 0xdf, 0xdf, 0xdf, 0xff, 0xff, 0xff, 0xff, 0xff, 0xff, 0xff, 0xff, 0xff, 0xff, 0xff, 0xff, 0xff, 0xff, 0xff, 0xff, 0xff, 0xff, 0xff, 0xff, 0xff, 0xff, 0xff, 0xff, 0xff, 0xff, 0xff, 0xff, 0xff, 0xff, 0xff, 0xff, 0xff, 0xff, 0xff, 0xff, 0xff, 0xff, 0xff, 0xff, 0xff, 0xff, 0xff, 0xff, 0xff, 0xff, 0xff, 0xff, 0xff, 0xff, 0xff, 0xff, 0xff, 0xff, 0xff, 0xff, 0xff, 0xff, 0xff, 0xff, 0xff, 0xff, 0xff, 0xff, 0xff, 0xff, 0xff, 0xff, 0xff, 0xff, 0xff, 0xff, 0xff, 0xff, 0xff, 0xff, 0xff, 0xfe, 0xf9, 0xfc, 0xfc, 0xfc, 0xfc, 0xfc, 0xfc, 0xfc, 0xfc, 0xfc, 0xfc, 0xfc, 0xfc, 0xfc, 0xfc, 0xfc, 0xfc, 0xfc, 0xfc, 0xf8, 0xf8, 0xfc, 0xfc, 0xfc, 0xfd, 0xfe, 0xdf, 
  0xdf, 0xdf, 0xdf, 0xdf, 0xdf, 0xdf, 0xdf, 0xdf, 0xdf, 0xdf, 0xdf, 0xdf, 0xdf, 0xdf, 0xdf, 0xff, 0xff, 0xff, 0xff, 0xff, 0xff, 0xff, 0xff, 0xff, 0xff, 0xff, 0xff, 0xff, 0xff, 0xff, 0xff, 0xff, 0xff, 0xff, 0xff, 0xff, 0xff, 0xff, 0xff, 0xff, 0xff, 0xff, 0xff, 0xff, 0xff, 0xff, 0xff, 0xff, 0xff, 0xff, 0xff, 0xff, 0xff, 0xff, 0xff, 0xff, 0xff, 0xff, 0xff, 0xff, 0xff, 0xff, 0xff, 0xff, 0xff, 0xff, 0xff, 0xff, 0xff, 0xff, 0xff, 0xff, 0xff, 0xff, 0xff, 0xff, 0xff, 0xff, 0xff, 0xff, 0xff, 0xff, 0xff, 0xff, 0xff, 0xff, 0xff, 0xff, 0xff, 0xff, 0xff, 0xff, 0xfe, 0xf9, 0xfc, 0xf8, 0xf8, 0xf8, 0xf8, 0xf8, 0xf8, 0xf8, 0xf8, 0xf8, 0xfc, 0xfc, 0xfc, 0xfc, 0xfc, 0xfc, 0xfc, 0xfc, 0xf8, 0xf8, 0xfc, 0xfc, 0xfc, 0xfd, 0xfe, 0xdf, 
  0xdf, 0xdf, 0xdf, 0xdf, 0xdf, 0xdf, 0xdf, 0xdf, 0xdf, 0xdf, 0xdf, 0xdf, 0xdf, 0xdf, 0xdf, 0xff, 0xff, 0xff, 0xff, 0xff, 0xff, 0xff, 0xff, 0xff, 0xff, 0xff, 0xff, 0xff, 0xff, 0xff, 0xff, 0xff, 0xff, 0xff, 0xff, 0xff, 0xff, 0xff, 0xff, 0xff, 0xff, 0xff, 0xff, 0xff, 0xff, 0xff, 0xff, 0xff, 0xff, 0xff, 0xff, 0xff, 0xff, 0xff, 0xff, 0xff, 0xff, 0xff, 0xff, 0xff, 0xff, 0xff, 0xff, 0xff, 0xff, 0xff, 0xff, 0xff, 0xff, 0xff, 0xff, 0xff, 0xff, 0xff, 0xff, 0xff, 0xff, 0xff, 0xff, 0xff, 0xff, 0xff, 0xff, 0xff, 0xff, 0xff, 0xff, 0xff, 0xff, 0xff, 0xff, 0xff, 0xfe, 0xf9, 0xf9, 0xfc, 0xf8, 0xfc, 0xfc, 0xfc, 0xf8, 0xfc, 0xfc, 0xfc, 0xf8, 0xf8, 0xf8, 0xfc, 0xfc, 0xfc, 0xfc, 0xfc, 0xf8, 0xf8, 0xf8, 0xfc, 0xfd, 0xfd, 0xff, 0xdf, 
  0xdf, 0xdf, 0xdf, 0xdf, 0xdf, 0xdf, 0xdf, 0xdf, 0xdf, 0xdf, 0xdf, 0xdf, 0xdf, 0xdf, 0xff, 0xff, 0xff, 0xff, 0xff, 0xff, 0xff, 0xff, 0xff, 0xff, 0xff, 0xff, 0xff, 0xff, 0xff, 0xff, 0xff, 0xff, 0xff, 0xff, 0xff, 0xff, 0xff, 0xff, 0xff, 0xff, 0xff, 0xff, 0xff, 0xff, 0xff, 0xff, 0xff, 0xff, 0xff, 0xff, 0xff, 0xff, 0xff, 0xff, 0xff, 0xff, 0xff, 0xff, 0xff, 0xff, 0xff, 0xff, 0xff, 0xff, 0xff, 0xff, 0xff, 0xff, 0xff, 0xff, 0xff, 0xff, 0xff, 0xff, 0xff, 0xff, 0xff, 0xff, 0xff, 0xff, 0xff, 0xff, 0xff, 0xff, 0xff, 0xff, 0xff, 0xff, 0xff, 0xff, 0xff, 0xff, 0xfe, 0xf9, 0xf9, 0xf8, 0xfc, 0xfc, 0xfc, 0xfc, 0xfc, 0xfc, 0xfc, 0xf8, 0xfc, 0xf8, 0xf8, 0xf8, 0xfc, 0xfc, 0xfc, 0xfc, 0xf8, 0xf8, 0xf8, 0xfc, 0xfd, 0xfe, 0xdf, 0xdf, 
  0xdf, 0xdf, 0xdf, 0xdf, 0xdf, 0xdf, 0xdf, 0xdf, 0xdf, 0xdf, 0xdf, 0xdf, 0xdf, 0xdf, 0xff, 0xff, 0xff, 0xff, 0xff, 0xff, 0xff, 0xff, 0xff, 0xff, 0xff, 0xff, 0xff, 0xff, 0xff, 0xff, 0xff, 0xff, 0xff, 0xff, 0xff, 0xff, 0xff, 0xff, 0xff, 0xff, 0xff, 0xff, 0xff, 0xff, 0xff, 0xff, 0xff, 0xff, 0xff, 0xff, 0xff, 0xff, 0xff, 0xff, 0xff, 0xff, 0xff, 0xff, 0xff, 0xff, 0xff, 0xff, 0xff, 0xff, 0xff, 0xff, 0xff, 0xff, 0xff, 0xff, 0xff, 0xff, 0xff, 0xff, 0xff, 0xff, 0xff, 0xff, 0xff, 0xff, 0xff, 0xff, 0xff, 0xff, 0xff, 0xff, 0xff, 0xff, 0xff, 0xff, 0xff, 0xff, 0xfe, 0xf9, 0xfc, 0xfc, 0xfc, 0xfc, 0xfc, 0xfc, 0xfc, 0xfc, 0xfc, 0xf8, 0xfc, 0xf8, 0xf8, 0xf8, 0xf8, 0xfc, 0xfc, 0xfc, 0xf8, 0xf8, 0xfc, 0xfc, 0xfd, 0xfe, 0xdf, 0xdf, 
  0xdf, 0xdf, 0xdf, 0xdf, 0xdf, 0xdf, 0xdf, 0xdf, 0xdf, 0xdf, 0xdf, 0xdf, 0xdf, 0xdf, 0xff, 0xff, 0xff, 0xff, 0xff, 0xff, 0xff, 0xff, 0xff, 0xff, 0xff, 0xff, 0xff, 0xff, 0xff, 0xff, 0xff, 0xff, 0xff, 0xff, 0xff, 0xff, 0xff, 0xff, 0xff, 0xff, 0xff, 0xff, 0xff, 0xff, 0xff, 0xff, 0xff, 0xff, 0xff, 0xff, 0xff, 0xff, 0xff, 0xff, 0xff, 0xff, 0xff, 0xff, 0xff, 0xff, 0xff, 0xff, 0xff, 0xff, 0xff, 0xff, 0xff, 0xff, 0xff, 0xff, 0xff, 0xff, 0xff, 0xff, 0xff, 0xff, 0xff, 0xff, 0xff, 0xff, 0xff, 0xff, 0xff, 0xff, 0xff, 0xff, 0xff, 0xff, 0xff, 0xff, 0xff, 0xff, 0xfe, 0xf9, 0xfc, 0xfc, 0xfc, 0xfc, 0xf8, 0xf8, 0xfc, 0xfc, 0xfc, 0xf8, 0xfc, 0xf8, 0xf8, 0xf8, 0xf8, 0xfc, 0xfc, 0xfc, 0xf8, 0xf8, 0xfc, 0xfd, 0xfe, 0xdf, 0xdf, 0xdf, 
  0xdf, 0xdf, 0xdf, 0xdf, 0xdf, 0xdf, 0xdf, 0xdf, 0xdf, 0xdf, 0xdf, 0xdf, 0xdf, 0xdf, 0xff, 0xff, 0xff, 0xff, 0xff, 0xff, 0xff, 0xff, 0xff, 0xff, 0xff, 0xff, 0xff, 0xff, 0xff, 0xff, 0xff, 0xff, 0xff, 0xff, 0xff, 0xff, 0xff, 0xff, 0xff, 0xff, 0xff, 0xff, 0xff, 0xff, 0xff, 0xff, 0xff, 0xff, 0xff, 0xff, 0xff, 0xff, 0xff, 0xff, 0xff, 0xff, 0xff, 0xff, 0xff, 0xff, 0xff, 0xff, 0xff, 0xff, 0xff, 0xff, 0xff, 0xff, 0xff, 0xff, 0xff, 0xff, 0xff, 0xff, 0xff, 0xff, 0xff, 0xff, 0xff, 0xff, 0xff, 0xff, 0xff, 0xff, 0xff, 0xff, 0xff, 0xff, 0xff, 0xff, 0xff, 0xff, 0xfe, 0xfd, 0xfd, 0xfc, 0xfc, 0xf8, 0xfc, 0xfc, 0xf8, 0xf8, 0xf8, 0xf8, 0xf8, 0xf8, 0xf8, 0xf8, 0xf8, 0xf8, 0xfc, 0xf8, 0xf8, 0xfc, 0xfc, 0xfd, 0xfe, 0xdf, 0xdf, 0xdf, 
  0xdf, 0xdf, 0xdf, 0xdf, 0xdf, 0xdf, 0xdf, 0xdf, 0xdf, 0xdf, 0xdf, 0xdf, 0xdf, 0xdf, 0xff, 0xff, 0xff, 0xff, 0xff, 0xff, 0xff, 0xff, 0xff, 0xff, 0xff, 0xff, 0xff, 0xff, 0xff, 0xff, 0xff, 0xff, 0xff, 0xff, 0xff, 0xff, 0xff, 0xff, 0xff, 0xff, 0xff, 0xff, 0xff, 0xff, 0xff, 0xff, 0xff, 0xff, 0xff, 0xff, 0xff, 0xff, 0xff, 0xff, 0xff, 0xff, 0xff, 0xff, 0xff, 0xff, 0xff, 0xff, 0xff, 0xff, 0xff, 0xff, 0xff, 0xff, 0xff, 0xff, 0xff, 0xff, 0xff, 0xff, 0xff, 0xff, 0xff, 0xff, 0xff, 0xff, 0xff, 0xff, 0xff, 0xff, 0xff, 0xff, 0xff, 0xff, 0xff, 0xff, 0xff, 0xff, 0xfe, 0xfe, 0xfd, 0xfd, 0xf9, 0xf8, 0xf8, 0xfc, 0xfc, 0xfc, 0xf8, 0xf8, 0xf8, 0xf8, 0xf8, 0xf8, 0xf8, 0xf8, 0xf8, 0xfc, 0xf8, 0xfc, 0xf9, 0xfe, 0xdf, 0xdf, 0xdf, 0xdf, 
  0xdf, 0xdf, 0xdf, 0xdf, 0xdf, 0xdf, 0xdf, 0xdf, 0xdf, 0xdf, 0xdf, 0xdf, 0xdf, 0xff, 0xff, 0xff, 0xff, 0xff, 0xff, 0xff, 0xff, 0xff, 0xff, 0xff, 0xff, 0xff, 0xff, 0xff, 0xff, 0xff, 0xff, 0xff, 0xff, 0xff, 0xff, 0xff, 0xff, 0xff, 0xff, 0xff, 0xff, 0xff, 0xff, 0xff, 0xff, 0xff, 0xff, 0xff, 0xff, 0xff, 0xff, 0xff, 0xff, 0xff, 0xff, 0xff, 0xff, 0xff, 0xff, 0xff, 0xff, 0xff, 0xff, 0xff, 0xff, 0xff, 0xff, 0xff, 0xff, 0xff, 0xff, 0xff, 0xff, 0xff, 0xff, 0xff, 0xff, 0xff, 0xff, 0xff, 0xff, 0xff, 0xff, 0xff, 0xff, 0xff, 0xff, 0xff, 0xff, 0xff, 0xff, 0xff, 0xff, 0xff, 0xfe, 0xfe, 0xfd, 0xfd, 0xf8, 0xf8, 0xfc, 0xfc, 0xfc, 0xf8, 0xf8, 0xf8, 0xf8, 0xf8, 0xf8, 0xf8, 0xf8, 0xfc, 0xf8, 0xfc, 0xfd, 0xfe, 0xdf, 0xdf, 0xdf, 0xdf, 
  0xdf, 0xdf, 0xdf, 0xdf, 0xdf, 0xdf, 0xdf, 0xdf, 0xdf, 0xdf, 0xdf, 0xdf, 0xff, 0xff, 0xff, 0xff, 0xff, 0xff, 0xff, 0xff, 0xff, 0xff, 0xff, 0xff, 0xff, 0xff, 0xff, 0xff, 0xff, 0xff, 0xff, 0xff, 0xff, 0xff, 0xff, 0xff, 0xff, 0xff, 0xff, 0xff, 0xff, 0xff, 0xff, 0xff, 0xff, 0xff, 0xff, 0xff, 0xff, 0xff, 0xff, 0xff, 0xff, 0xff, 0xff, 0xff, 0xff, 0xff, 0xff, 0xff, 0xff, 0xff, 0xff, 0xff, 0xff, 0xff, 0xff, 0xff, 0xff, 0xff, 0xff, 0xff, 0xff, 0xff, 0xff, 0xff, 0xff, 0xff, 0xff, 0xff, 0xff, 0xff, 0xff, 0xff, 0xff, 0xff, 0xff, 0xff, 0xff, 0xff, 0xff, 0xff, 0xff, 0xff, 0xff, 0xff, 0xfe, 0xfd, 0xf9, 0xf9, 0xf8, 0xfc, 0xf8, 0xf8, 0xf8, 0xf8, 0xf8, 0xf8, 0xfc, 0xfc, 0xf8, 0xfc, 0xfc, 0xfd, 0xfe, 0xfe, 0xdf, 0xdf, 0xdf, 0xdf, 
  0xdf, 0xdf, 0xdf, 0xdf, 0xdf, 0xdf, 0xdf, 0xdf, 0xdf, 0xff, 0xff, 0xff, 0xff, 0xff, 0xff, 0xff, 0xff, 0xff, 0xff, 0xff, 0xff, 0xff, 0xff, 0xff, 0xff, 0xff, 0xff, 0xff, 0xff, 0xff, 0xff, 0xff, 0xff, 0xff, 0xff, 0xff, 0xff, 0xff, 0xff, 0xff, 0xff, 0xff, 0xff, 0xff, 0xff, 0xff, 0xff, 0xff, 0xff, 0xff, 0xff, 0xff, 0xff, 0xff, 0xff, 0xff, 0xff, 0xff, 0xff, 0xff, 0xff, 0xff, 0xff, 0xff, 0xff, 0xff, 0xff, 0xff, 0xff, 0xff, 0xff, 0xff, 0xff, 0xff, 0xff, 0xff, 0xff, 0xff, 0xff, 0xff, 0xff, 0xff, 0xff, 0xff, 0xff, 0xff, 0xff, 0xff, 0xff, 0xff, 0xff, 0xff, 0xff, 0xff, 0xff, 0xff, 0xff, 0xff, 0xfe, 0xfe, 0xf9, 0xf8, 0xf8, 0xf8, 0xf8, 0xf8, 0xf8, 0xf8, 0xfc, 0xfc, 0xf8, 0xf8, 0xfd, 0xfe, 0xfe, 0xdf, 0xdf, 0xdf, 0xdf, 0xdf, 
  0xdf, 0xdf, 0xdf, 0xdf, 0xdf, 0xdf, 0xdf, 0xdf, 0xff, 0xff, 0xff, 0xff, 0xff, 0xff, 0xff, 0xff, 0xff, 0xff, 0xff, 0xff, 0xff, 0xff, 0xff, 0xff, 0xff, 0xff, 0xff, 0xff, 0xff, 0xff, 0xff, 0xff, 0xff, 0xff, 0xff, 0xff, 0xff, 0xff, 0xff, 0xff, 0xff, 0xff, 0xff, 0xff, 0xff, 0xff, 0xff, 0xff, 0xff, 0xff, 0xff, 0xff, 0xff, 0xff, 0xff, 0xff, 0xff, 0xff, 0xff, 0xff, 0xff, 0xff, 0xff, 0xff, 0xff, 0xff, 0xff, 0xff, 0xff, 0xff, 0xff, 0xff, 0xff, 0xff, 0xff, 0xff, 0xff, 0xff, 0xff, 0xff, 0xff, 0xff, 0xff, 0xff, 0xff, 0xff, 0xff, 0xff, 0xff, 0xff, 0xff, 0xff, 0xff, 0xff, 0xff, 0xff, 0xff, 0xff, 0xff, 0xfe, 0xfe, 0xf9, 0xf8, 0xf8, 0xf8, 0xf8, 0xfc, 0xf8, 0xfc, 0xfc, 0xf8, 0xfd, 0xfe, 0xfe, 0xff, 0xdf, 0xdf, 0xdf, 0xdf, 0xdf, 
  0xdf, 0xdf, 0xdf, 0xdf, 0xdf, 0xdf, 0xdf, 0xff, 0xff, 0xff, 0xff, 0xff, 0xff, 0xff, 0xff, 0xff, 0xff, 0xff, 0xff, 0xff, 0xff, 0xff, 0xff, 0xff, 0xff, 0xff, 0xff, 0xff, 0xff, 0xff, 0xff, 0xff, 0xff, 0xff, 0xff, 0xff, 0xff, 0xff, 0xff, 0xff, 0xff, 0xff, 0xff, 0xff, 0xff, 0xff, 0xff, 0xff, 0xff, 0xff, 0xff, 0xff, 0xff, 0xff, 0xff, 0xff, 0xff, 0xff, 0xff, 0xff, 0xff, 0xff, 0xff, 0xff, 0xff, 0xff, 0xff, 0xff, 0xff, 0xff, 0xff, 0xff, 0xff, 0xff, 0xff, 0xff, 0xff, 0xff, 0xff, 0xff, 0xff, 0xff, 0xff, 0xff, 0xff, 0xff, 0xff, 0xff, 0xff, 0xff, 0xff, 0xff, 0xff, 0xff, 0xff, 0xff, 0xff, 0xff, 0xff, 0xff, 0xff, 0xfe, 0xfd, 0xf8, 0xf8, 0xf8, 0xf8, 0xf8, 0xfc, 0xf8, 0xfc, 0xfd, 0xfe, 0xff, 0xdf, 0xdf, 0xdf, 0xdf, 0xdf, 0xdf, 
  0xdf, 0xdf, 0xdf, 0xdf, 0xdf, 0xdf, 0xff, 0xff, 0xff, 0xff, 0xff, 0xff, 0xff, 0xff, 0xff, 0xff, 0xff, 0xff, 0xff, 0xff, 0xff, 0xff, 0xff, 0xff, 0xff, 0xff, 0xff, 0xff, 0xff, 0xff, 0xff, 0xff, 0xff, 0xff, 0xff, 0xff, 0xff, 0xff, 0xff, 0xff, 0xff, 0xff, 0xff, 0xff, 0xff, 0xff, 0xff, 0xff, 0xff, 0xff, 0xff, 0xff, 0xff, 0xff, 0xff, 0xff, 0xff, 0xff, 0xff, 0xff, 0xff, 0xff, 0xff, 0xff, 0xff, 0xff, 0xff, 0xff, 0xff, 0xff, 0xff, 0xff, 0xff, 0xff, 0xff, 0xff, 0xff, 0xff, 0xff, 0xff, 0xff, 0xff, 0xff, 0xff, 0xff, 0xff, 0xff, 0xff, 0xff, 0xff, 0xff, 0xff, 0xff, 0xff, 0xff, 0xff, 0xff, 0xff, 0xff, 0xff, 0xff, 0xff, 0xfd, 0xf8, 0xf8, 0xf8, 0xf8, 0xf8, 0xf8, 0xf9, 0xfd, 0xfe, 0xfe, 0xdf, 0xdf, 0xdf, 0xdf, 0xdf, 0xdf, 0xdf, 
  0xdf, 0xdf, 0xdf, 0xdf, 0xdf, 0xff, 0xff, 0xff, 0xff, 0xff, 0xff, 0xff, 0xff, 0xff, 0xff, 0xff, 0xff, 0xff, 0xff, 0xff, 0xff, 0xff, 0xff, 0xff, 0xff, 0xff, 0xff, 0xff, 0xff, 0xff, 0xff, 0xff, 0xff, 0xff, 0xff, 0xff, 0xff, 0xff, 0xff, 0xff, 0xff, 0xff, 0xff, 0xff, 0xff, 0xff, 0xff, 0xff, 0xff, 0xff, 0xff, 0xff, 0xff, 0xff, 0xff, 0xff, 0xff, 0xff, 0xff, 0xff, 0xff, 0xff, 0xff, 0xff, 0xff, 0xff, 0xff, 0xff, 0xff, 0xff, 0xff, 0xff, 0xff, 0xff, 0xff, 0xff, 0xff, 0xff, 0xff, 0xff, 0xff, 0xff, 0xff, 0xff, 0xff, 0xff, 0xff, 0xff, 0xff, 0xff, 0xff, 0xff, 0xff, 0xff, 0xff, 0xff, 0xff, 0xff, 0xff, 0xff, 0xff, 0xff, 0xfe, 0xfe, 0xf8, 0xf8, 0xf8, 0xf8, 0xf8, 0xfd, 0xfe, 0xff, 0xdf, 0xdf, 0xdf, 0xdf, 0xdf, 0xdf, 0xdf, 0xdf, 
  0xdf, 0xdf, 0xdf, 0xdf, 0xff, 0xff, 0xff, 0xff, 0xff, 0xff, 0xff, 0xff, 0xff, 0xff, 0xff, 0xff, 0xff, 0xff, 0xff, 0xff, 0xff, 0xff, 0xff, 0xff, 0xff, 0xff, 0xff, 0xff, 0xff, 0xff, 0xff, 0xff, 0xff, 0xff, 0xff, 0xff, 0xff, 0xff, 0xff, 0xff, 0xff, 0xff, 0xff, 0xff, 0xff, 0xff, 0xff, 0xff, 0xff, 0xff, 0xff, 0xff, 0xff, 0xff, 0xff, 0xff, 0xff, 0xff, 0xff, 0xff, 0xff, 0xff, 0xff, 0xff, 0xff, 0xff, 0xff, 0xff, 0xff, 0xff, 0xff, 0xff, 0xff, 0xff, 0xff, 0xff, 0xff, 0xff, 0xff, 0xff, 0xff, 0xff, 0xff, 0xff, 0xff, 0xff, 0xff, 0xff, 0xff, 0xff, 0xff, 0xff, 0xff, 0xff, 0xff, 0xff, 0xff, 0xff, 0xff, 0xff, 0xff, 0xff, 0xff, 0xfe, 0xf9, 0xf8, 0xf8, 0xf8, 0xfd, 0xfe, 0xff, 0xdf, 0xdf, 0xdf, 0xdf, 0xdf, 0xdf, 0xdf, 0xdf, 0xdf, 
  0xdf, 0xdf, 0xdf, 0xdf, 0xff, 0xff, 0xff, 0xff, 0xff, 0xff, 0xff, 0xff, 0xff, 0xff, 0xff, 0xff, 0xff, 0xff, 0xff, 0xff, 0xff, 0xff, 0xff, 0xff, 0xff, 0xff, 0xff, 0xff, 0xff, 0xff, 0xff, 0xff, 0xff, 0xff, 0xff, 0xff, 0xff, 0xff, 0xff, 0xff, 0xff, 0xff, 0xff, 0xff, 0xff, 0xff, 0xff, 0xff, 0xff, 0xff, 0xff, 0xff, 0xff, 0xff, 0xff, 0xff, 0xff, 0xff, 0xff, 0xff, 0xff, 0xff, 0xff, 0xff, 0xff, 0xff, 0xff, 0xff, 0xff, 0xff, 0xff, 0xff, 0xff, 0xff, 0xff, 0xff, 0xff, 0xff, 0xff, 0xff, 0xff, 0xff, 0xff, 0xff, 0xff, 0xff, 0xff, 0xff, 0xff, 0xff, 0xff, 0xff, 0xff, 0xff, 0xff, 0xff, 0xff, 0xff, 0xff, 0xff, 0xff, 0xff, 0xff, 0xff, 0xfe, 0xfd, 0xf9, 0xfd, 0xfe, 0xff, 0xdf, 0xdf, 0xdf, 0xdf, 0xdf, 0xdf, 0xdf, 0xdf, 0xdf, 0xdf, 
  0xdf, 0xdf, 0xdf, 0xff, 0xff, 0xff, 0xff, 0xff, 0xff, 0xff, 0xff, 0xff, 0xff, 0xff, 0xff, 0xff, 0xff, 0xff, 0xff, 0xff, 0xff, 0xff, 0xff, 0xff, 0xff, 0xff, 0xff, 0xff, 0xff, 0xff, 0xff, 0xff, 0xff, 0xff, 0xff, 0xff, 0xff, 0xff, 0xff, 0xff, 0xff, 0xff, 0xff, 0xff, 0xff, 0xff, 0xff, 0xff, 0xff, 0xff, 0xff, 0xff, 0xff, 0xff, 0xff, 0xff, 0xff, 0xff, 0xff, 0xff, 0xff, 0xff, 0xff, 0xff, 0xff, 0xff, 0xff, 0xff, 0xff, 0xff, 0xff, 0xff, 0xff, 0xff, 0xff, 0xff, 0xff, 0xff, 0xff, 0xff, 0xff, 0xff, 0xff, 0xff, 0xff, 0xff, 0xff, 0xff, 0xff, 0xff, 0xff, 0xff, 0xff, 0xff, 0xff, 0xff, 0xff, 0xff, 0xff, 0xff, 0xff, 0xff, 0xff, 0xff, 0xfe, 0xfe, 0xfe, 0xfe, 0xff, 0xdf, 0xdf, 0xdf, 0xdf, 0xdf, 0xdf, 0xdf, 0xdf, 0xdf, 0xdf, 0xdf, 
  0xdf, 0xdf, 0xff, 0xff, 0xff, 0xff, 0xff, 0xff, 0xff, 0xff, 0xff, 0xff, 0xff, 0xff, 0xff, 0xff, 0xff, 0xff, 0xff, 0xff, 0xff, 0xff, 0xff, 0xff, 0xff, 0xff, 0xff, 0xff, 0xff, 0xff, 0xff, 0xff, 0xff, 0xff, 0xff, 0xff, 0xff, 0xff, 0xff, 0xff, 0xff, 0xff, 0xff, 0xff, 0xff, 0xff, 0xff, 0xff, 0xff, 0xff, 0xff, 0xff, 0xff, 0xff, 0xff, 0xff, 0xff, 0xff, 0xff, 0xff, 0xff, 0xff, 0xff, 0xff, 0xff, 0xff, 0xff, 0xff, 0xff, 0xff, 0xff, 0xff, 0xff, 0xff, 0xff, 0xff, 0xff, 0xff, 0xff, 0xff, 0xff, 0xff, 0xff, 0xff, 0xff, 0xff, 0xff, 0xff, 0xff, 0xff, 0xff, 0xff, 0xff, 0xff, 0xff, 0xff, 0xff, 0xff, 0xff, 0xff, 0xff, 0xff, 0xff, 0xff, 0xff, 0xff, 0xff, 0xff, 0xdf, 0xdf, 0xdf, 0xdf, 0xdf, 0xdf, 0xdf, 0xdf, 0xdf, 0xdf, 0xdf, 0xdf, 
  0xdf, 0xdf, 0xff, 0xff, 0xff, 0xff, 0xff, 0xff, 0xff, 0xff, 0xff, 0xff, 0xff, 0xff, 0xff, 0xff, 0xff, 0xff, 0xff, 0xff, 0xff, 0xff, 0xff, 0xff, 0xff, 0xff, 0xff, 0xff, 0xff, 0xff, 0xff, 0xff, 0xff, 0xff, 0xff, 0xff, 0xff, 0xff, 0xff, 0xff, 0xff, 0xff, 0xff, 0xff, 0xff, 0xff, 0xff, 0xff, 0xff, 0xff, 0xff, 0xff, 0xff, 0xff, 0xff, 0xff, 0xff, 0xff, 0xff, 0xff, 0xff, 0xff, 0xff, 0xff, 0xff, 0xff, 0xff, 0xff, 0xff, 0xff, 0xff, 0xff, 0xff, 0xff, 0xff, 0xff, 0xff, 0xff, 0xff, 0xff, 0xff, 0xff, 0xff, 0xff, 0xff, 0xff, 0xff, 0xff, 0xff, 0xff, 0xff, 0xff, 0xff, 0xff, 0xff, 0xff, 0xff, 0xff, 0xff, 0xff, 0xff, 0xff, 0xff, 0xff, 0xff, 0xff, 0xff, 0xdf, 0xdf, 0xdf, 0xdf, 0xdf, 0xdf, 0xdf, 0xdf, 0xdf, 0xdf, 0xdf, 0xdf, 0xdf, 
  0xdf, 0xff, 0xff, 0xff, 0xff, 0xff, 0xff, 0xff, 0xff, 0xff, 0xff, 0xff, 0xff, 0xff, 0xff, 0xff, 0xff, 0xff, 0xff, 0xff, 0xff, 0xff, 0xff, 0xff, 0xff, 0xff, 0xff, 0xff, 0xff, 0xff, 0xff, 0xff, 0xff, 0xff, 0xff, 0xff, 0xff, 0xff, 0xff, 0xff, 0xff, 0xff, 0xff, 0xff, 0xff, 0xff, 0xff, 0xff, 0xff, 0xff, 0xff, 0xff, 0xff, 0xff, 0xff, 0xff, 0xff, 0xff, 0xff, 0xff, 0xff, 0xff, 0xff, 0xff, 0xff, 0xff, 0xff, 0xff, 0xff, 0xff, 0xff, 0xff, 0xff, 0xff, 0xff, 0xff, 0xff, 0xff, 0xff, 0xff, 0xff, 0xff, 0xff, 0xff, 0xff, 0xff, 0xff, 0xff, 0xff, 0xff, 0xff, 0xff, 0xff, 0xff, 0xff, 0xff, 0xff, 0xff, 0xff, 0xff, 0xff, 0xff, 0xff, 0xff, 0xff, 0xff, 0xff, 0xdf, 0xdf, 0xdf, 0xdf, 0xdf, 0xdf, 0xdf, 0xdf, 0xdf, 0xdf, 0xdf, 0xdf, 0xdf, 
  0xdf, 0xff, 0xff, 0xff, 0xff, 0xff, 0xff, 0xff, 0xff, 0xff, 0xff, 0xff, 0xff, 0xff, 0xff, 0xff, 0xff, 0xff, 0xff, 0xff, 0xff, 0xff, 0xff, 0xff, 0xff, 0xff, 0xff, 0xff, 0xff, 0xff, 0xff, 0xff, 0xff, 0xff, 0xff, 0xff, 0xff, 0xff, 0xff, 0xff, 0xff, 0xff, 0xff, 0xff, 0xff, 0xff, 0xff, 0xff, 0xff, 0xff, 0xff, 0xff, 0xff, 0xff, 0xff, 0xff, 0xff, 0xff, 0xff, 0xff, 0xff, 0xff, 0xff, 0xff, 0xff, 0xff, 0xff, 0xff, 0xff, 0xff, 0xff, 0xff, 0xff, 0xff, 0xff, 0xff, 0xff, 0xff, 0xff, 0xff, 0xff, 0xff, 0xff, 0xff, 0xff, 0xff, 0xff, 0xff, 0xff, 0xff, 0xff, 0xff, 0xff, 0xff, 0xff, 0xff, 0xff, 0xff, 0xff, 0xff, 0xff, 0xff, 0xff, 0xff, 0xff, 0xff, 0xff, 0xdf, 0xdf, 0xdf, 0xdf, 0xdf, 0xdf, 0xdf, 0xdf, 0xdf, 0xdf, 0xdf, 0xdf, 0xdf, 
  0xff, 0xff, 0xff, 0xff, 0xff, 0xff, 0xff, 0xff, 0xff, 0xff, 0xff, 0xff, 0xff, 0xff, 0xff, 0xff, 0xff, 0xff, 0xff, 0xff, 0xff, 0xff, 0xff, 0xff, 0xff, 0xff, 0xff, 0xff, 0xff, 0xff, 0xff, 0xff, 0xff, 0xff, 0xff, 0xff, 0xff, 0xff, 0xff, 0xff, 0xff, 0xff, 0xff, 0xff, 0xff, 0xff, 0xff, 0xff, 0xff, 0xff, 0xff, 0xff, 0xff, 0xff, 0xff, 0xff, 0xff, 0xff, 0xff, 0xff, 0xff, 0xff, 0xff, 0xff, 0xff, 0xff, 0xff, 0xff, 0xff, 0xff, 0xff, 0xff, 0xff, 0xff, 0xff, 0xff, 0xff, 0xff, 0xff, 0xff, 0xff, 0xff, 0xff, 0xff, 0xff, 0xff, 0xff, 0xff, 0xff, 0xff, 0xff, 0xff, 0xff, 0xff, 0xff, 0xff, 0xff, 0xff, 0xff, 0xff, 0xff, 0xff, 0xff, 0xff, 0xff, 0xff, 0xff, 0xdf, 0xdf, 0xdf, 0xdf, 0xdf, 0xdf, 0xdf, 0xdf, 0xdf, 0xdf, 0xdf, 0xdf, 0xdf, 
  0xff, 0xff, 0xff, 0xff, 0xff, 0xff, 0xff, 0xff, 0xff, 0xff, 0xff, 0xff, 0xff, 0xff, 0xff, 0xff, 0xff, 0xff, 0xff, 0xff, 0xff, 0xff, 0xff, 0xff, 0xff, 0xff, 0xff, 0xff, 0xff, 0xff, 0xff, 0xff, 0xff, 0xff, 0xff, 0xff, 0xff, 0xff, 0xff, 0xff, 0xff, 0xff, 0xff, 0xff, 0xff, 0xff, 0xff, 0xff, 0xff, 0xff, 0xff, 0xff, 0xff, 0xff, 0xff, 0xff, 0xff, 0xff, 0xff, 0xff, 0xff, 0xff, 0xff, 0xff, 0xff, 0xff, 0xff, 0xff, 0xff, 0xff, 0xff, 0xff, 0xff, 0xff, 0xff, 0xff, 0xff, 0xff, 0xff, 0xff, 0xff, 0xff, 0xff, 0xff, 0xff, 0xff, 0xff, 0xff, 0xff, 0xff, 0xff, 0xff, 0xff, 0xff, 0xff, 0xff, 0xff, 0xff, 0xff, 0xff, 0xff, 0xff, 0xff, 0xff, 0xff, 0xff, 0xff, 0xff, 0xdf, 0xdf, 0xdf, 0xdf, 0xdf, 0xdf, 0xdf, 0xdf, 0xdf, 0xdf, 0xdf, 0xdf, 
  0xff, 0xff, 0xff, 0xff, 0xff, 0xff, 0xff, 0xff, 0xff, 0xff, 0xff, 0xff, 0xff, 0xff, 0xff, 0xff, 0xff, 0xff, 0xff, 0xff, 0xff, 0xff, 0xff, 0xff, 0xff, 0xff, 0xff, 0xff, 0xff, 0xff, 0xff, 0xff, 0xff, 0xff, 0xff, 0xff, 0xff, 0xff, 0xff, 0xff, 0xff, 0xff, 0xff, 0xff, 0xff, 0xff, 0xff, 0xff, 0xff, 0xff, 0xff, 0xff, 0xff, 0xff, 0xff, 0xff, 0xff, 0xff, 0xff, 0xff, 0xff, 0xff, 0xff, 0xff, 0xff, 0xff, 0xff, 0xff, 0xff, 0xff, 0xff, 0xff, 0xff, 0xff, 0xff, 0xff, 0xff, 0xff, 0xff, 0xff, 0xff, 0xff, 0xff, 0xff, 0xff, 0xff, 0xff, 0xff, 0xff, 0xff, 0xff, 0xff, 0xff, 0xff, 0xff, 0xff, 0xff, 0xff, 0xff, 0xff, 0xff, 0xff, 0xff, 0xff, 0xff, 0xff, 0xff, 0xff, 0xdf, 0xdf, 0xdf, 0xdf, 0xdf, 0xdf, 0xdf, 0xdf, 0xdf, 0xdf, 0xdf, 0xdf, 
  0xff, 0xff, 0xff, 0xff, 0xff, 0xff, 0xff, 0xff, 0xff, 0xff, 0xff, 0xff, 0xff, 0xff, 0xff, 0xff, 0xff, 0xff, 0xff, 0xff, 0xff, 0xff, 0xff, 0xff, 0xff, 0xff, 0xff, 0xff, 0xff, 0xff, 0xff, 0xff, 0xff, 0xff, 0xff, 0xff, 0xff, 0xff, 0xff, 0xff, 0xff, 0xff, 0xff, 0xff, 0xff, 0xff, 0xff, 0xff, 0xff, 0xff, 0xff, 0xff, 0xff, 0xff, 0xff, 0xff, 0xff, 0xff, 0xff, 0xff, 0xff, 0xff, 0xff, 0xff, 0xff, 0xff, 0xff, 0xff, 0xff, 0xff, 0xff, 0xff, 0xff, 0xff, 0xff, 0xff, 0xff, 0xff, 0xff, 0xff, 0xff, 0xff, 0xff, 0xff, 0xff, 0xff, 0xff, 0xff, 0xff, 0xff, 0xff, 0xff, 0xff, 0xff, 0xff, 0xff, 0xff, 0xff, 0xff, 0xff, 0xff, 0xff, 0xff, 0xff, 0xff, 0xff, 0xff, 0xff, 0xdf, 0xdf, 0xdf, 0xdf, 0xdf, 0xdf, 0xdf, 0xdf, 0xdf, 0xdf, 0xdf, 0xdf, 
  0xff, 0xff, 0xff, 0xff, 0xff, 0xff, 0xff, 0xff, 0xff, 0xff, 0xff, 0xff, 0xff, 0xff, 0xff, 0xff, 0xff, 0xff, 0xff, 0xff, 0xff, 0xff, 0xff, 0xff, 0xff, 0xff, 0xff, 0xff, 0xff, 0xff, 0xff, 0xff, 0xff, 0xff, 0xff, 0xff, 0xff, 0xff, 0xff, 0xff, 0xff, 0xff, 0xff, 0xff, 0xff, 0xff, 0xff, 0xff, 0xff, 0xff, 0xff, 0xff, 0xff, 0xff, 0xff, 0xff, 0xff, 0xff, 0xff, 0xff, 0xff, 0xff, 0xff, 0xff, 0xff, 0xff, 0xff, 0xff, 0xff, 0xff, 0xff, 0xff, 0xff, 0xff, 0xff, 0xff, 0xff, 0xff, 0xff, 0xff, 0xff, 0xff, 0xff, 0xff, 0xff, 0xff, 0xff, 0xff, 0xff, 0xff, 0xff, 0xff, 0xff, 0xff, 0xff, 0xff, 0xff, 0xff, 0xff, 0xff, 0xff, 0xff, 0xff, 0xff, 0xff, 0xff, 0xff, 0xff, 0xdf, 0xdf, 0xdf, 0xdf, 0xdf, 0xdf, 0xdf, 0xdf, 0xdf, 0xdf, 0xdf, 0xdf, 
  0xff, 0xff, 0xff, 0xff, 0xff, 0xff, 0xff, 0xff, 0xff, 0xff, 0xff, 0xff, 0xff, 0xff, 0xff, 0xff, 0xff, 0xff, 0xff, 0xff, 0xff, 0xff, 0xff, 0xff, 0xff, 0xff, 0xff, 0xff, 0xff, 0xff, 0xff, 0xff, 0xff, 0xff, 0xff, 0xff, 0xff, 0xff, 0xff, 0xff, 0xff, 0xff, 0xff, 0xff, 0xff, 0xff, 0xff, 0xff, 0xff, 0xff, 0xff, 0xff, 0xff, 0xff, 0xff, 0xff, 0xff, 0xff, 0xff, 0xff, 0xff, 0xff, 0xff, 0xff, 0xff, 0xff, 0xff, 0xff, 0xff, 0xff, 0xff, 0xff, 0xff, 0xff, 0xff, 0xff, 0xff, 0xff, 0xff, 0xff, 0xff, 0xff, 0xff, 0xff, 0xff, 0xff, 0xff, 0xff, 0xff, 0xff, 0xff, 0xff, 0xff, 0xff, 0xff, 0xff, 0xff, 0xff, 0xff, 0xff, 0xff, 0xff, 0xff, 0xff, 0xff, 0xff, 0xff, 0xff, 0xdf, 0xdf, 0xdf, 0xdf, 0xdf, 0xdf, 0xdf, 0xdf, 0xdf, 0xdf, 0xdf, 0xdf, 
  0xff, 0xff, 0xff, 0xff, 0xff, 0xff, 0xff, 0xff, 0xff, 0xff, 0xff, 0xff, 0xff, 0xff, 0xff, 0xff, 0xff, 0xff, 0xff, 0xff, 0xff, 0xff, 0xff, 0xff, 0xff, 0xff, 0xff, 0xff, 0xff, 0xff, 0xff, 0xff, 0xff, 0xff, 0xff, 0xff, 0xff, 0xff, 0xff, 0xff, 0xff, 0xff, 0xff, 0xff, 0xff, 0xff, 0xff, 0xff, 0xff, 0xff, 0xff, 0xff, 0xff, 0xff, 0xff, 0xff, 0xff, 0xff, 0xff, 0xff, 0xff, 0xff, 0xff, 0xff, 0xff, 0xff, 0xff, 0xff, 0xff, 0xff, 0xff, 0xff, 0xff, 0xff, 0xff, 0xff, 0xff, 0xff, 0xff, 0xff, 0xff, 0xff, 0xff, 0xff, 0xff, 0xff, 0xff, 0xff, 0xff, 0xff, 0xff, 0xff, 0xff, 0xff, 0xff, 0xff, 0xff, 0xff, 0xff, 0xff, 0xff, 0xff, 0xff, 0xff, 0xff, 0xff, 0xff, 0xff, 0xdf, 0xdf, 0xdf, 0xdf, 0xdf, 0xdf, 0xdf, 0xdf, 0xdf, 0xdf, 0xdf, 0xdf, 
  0xff, 0xff, 0xff, 0xff, 0xff, 0xff, 0xff, 0xff, 0xff, 0xff, 0xff, 0xff, 0xff, 0xff, 0xff, 0xff, 0xff, 0xff, 0xff, 0xff, 0xff, 0xff, 0xff, 0xff, 0xff, 0xff, 0xff, 0xff, 0xff, 0xff, 0xff, 0xff, 0xff, 0xff, 0xff, 0xff, 0xff, 0xff, 0xff, 0xff, 0xff, 0xff, 0xff, 0xff, 0xff, 0xff, 0xff, 0xff, 0xff, 0xff, 0xff, 0xff, 0xff, 0xff, 0xff, 0xff, 0xff, 0xff, 0xff, 0xff, 0xff, 0xff, 0xff, 0xff, 0xff, 0xff, 0xff, 0xff, 0xff, 0xff, 0xff, 0xff, 0xff, 0xff, 0xff, 0xff, 0xff, 0xff, 0xff, 0xff, 0xff, 0xff, 0xff, 0xff, 0xff, 0xff, 0xff, 0xff, 0xff, 0xff, 0xff, 0xff, 0xff, 0xff, 0xff, 0xff, 0xff, 0xff, 0xff, 0xff, 0xff, 0xff, 0xff, 0xff, 0xff, 0xff, 0xff, 0xff, 0xdf, 0xdf, 0xdf, 0xdf, 0xdf, 0xdf, 0xdf, 0xdf, 0xdf, 0xdf, 0xdf, 0xdf, 
  0xff, 0xff, 0xff, 0xff, 0xff, 0xff, 0xff, 0xff, 0xff, 0xff, 0xff, 0xff, 0xff, 0xff, 0xff, 0xff, 0xff, 0xff, 0xff, 0xff, 0xff, 0xff, 0xff, 0xff, 0xff, 0xff, 0xff, 0xff, 0xff, 0xff, 0xff, 0xff, 0xff, 0xff, 0xff, 0xff, 0xff, 0xff, 0xff, 0xff, 0xff, 0xff, 0xff, 0xff, 0xff, 0xff, 0xff, 0xff, 0xff, 0xff, 0xff, 0xff, 0xff, 0xff, 0xff, 0xff, 0xff, 0xff, 0xff, 0xff, 0xff, 0xff, 0xff, 0xff, 0xff, 0xff, 0xff, 0xff, 0xff, 0xff, 0xff, 0xff, 0xff, 0xff, 0xff, 0xff, 0xff, 0xff, 0xff, 0xff, 0xff, 0xff, 0xff, 0xff, 0xff, 0xff, 0xff, 0xff, 0xff, 0xff, 0xff, 0xff, 0xff, 0xff, 0xff, 0xff, 0xff, 0xff, 0xff, 0xff, 0xff, 0xff, 0xff, 0xff, 0xff, 0xff, 0xff, 0xff, 0xdf, 0xdf, 0xdf, 0xdf, 0xdf, 0xdf, 0xdf, 0xdf, 0xdf, 0xdf, 0xdf, 0xdf, 
  0xff, 0xff, 0xff, 0xff, 0xff, 0xff, 0xff, 0xff, 0xff, 0xff, 0xff, 0xff, 0xff, 0xff, 0xff, 0xff, 0xff, 0xff, 0xff, 0xff, 0xff, 0xff, 0xff, 0xff, 0xff, 0xff, 0xff, 0xff, 0xff, 0xff, 0xff, 0xff, 0xff, 0xff, 0xff, 0xff, 0xff, 0xff, 0xff, 0xff, 0xff, 0xff, 0xff, 0xff, 0xff, 0xff, 0xff, 0xff, 0xff, 0xff, 0xff, 0xff, 0xff, 0xff, 0xff, 0xff, 0xff, 0xff, 0xff, 0xff, 0xff, 0xff, 0xff, 0xff, 0xff, 0xff, 0xff, 0xff, 0xff, 0xff, 0xff, 0xff, 0xff, 0xff, 0xff, 0xff, 0xff, 0xff, 0xff, 0xff, 0xff, 0xff, 0xff, 0xff, 0xff, 0xff, 0xff, 0xff, 0xff, 0xff, 0xff, 0xff, 0xff, 0xff, 0xff, 0xff, 0xff, 0xff, 0xff, 0xff, 0xff, 0xff, 0xff, 0xff, 0xff, 0xff, 0xff, 0xff, 0xdf, 0xdf, 0xdf, 0xdf, 0xdf, 0xdf, 0xdf, 0xdf, 0xdf, 0xdf, 0xdf, 0xdf, 
  0xff, 0xff, 0xff, 0xff, 0xff, 0xff, 0xff, 0xff, 0xff, 0xff, 0xff, 0xff, 0xff, 0xff, 0xff, 0xff, 0xff, 0xff, 0xff, 0xff, 0xff, 0xff, 0xff, 0xff, 0xff, 0xff, 0xff, 0xff, 0xff, 0xff, 0xff, 0xff, 0xff, 0xff, 0xff, 0xff, 0xff, 0xff, 0xff, 0xff, 0xff, 0xff, 0xff, 0xff, 0xff, 0xff, 0xff, 0xff, 0xff, 0xff, 0xff, 0xff, 0xff, 0xff, 0xff, 0xff, 0xff, 0xff, 0xff, 0xff, 0xff, 0xff, 0xff, 0xff, 0xff, 0xff, 0xff, 0xff, 0xff, 0xff, 0xff, 0xff, 0xff, 0xff, 0xff, 0xff, 0xff, 0xff, 0xff, 0xff, 0xff, 0xff, 0xff, 0xff, 0xff, 0xff, 0xff, 0xff, 0xff, 0xff, 0xff, 0xff, 0xff, 0xff, 0xff, 0xff, 0xff, 0xff, 0xff, 0xff, 0xff, 0xff, 0xff, 0xff, 0xff, 0xff, 0xff, 0xff, 0xdf, 0xdf, 0xdf, 0xdf, 0xdf, 0xdf, 0xdf, 0xdf, 0xdf, 0xdf, 0xdf, 0xdf, 
  0xff, 0xff, 0xff, 0xff, 0xff, 0xff, 0xff, 0xff, 0xff, 0xff, 0xff, 0xff, 0xff, 0xff, 0xff, 0xff, 0xff, 0xff, 0xff, 0xff, 0xff, 0xff, 0xff, 0xff, 0xff, 0xff, 0xff, 0xff, 0xff, 0xff, 0xff, 0xff, 0xff, 0xff, 0xff, 0xff, 0xff, 0xff, 0xff, 0xff, 0xff, 0xff, 0xff, 0xff, 0xff, 0xff, 0xff, 0xff, 0xff, 0xff, 0xff, 0xff, 0xff, 0xff, 0xff, 0xff, 0xff, 0xff, 0xff, 0xff, 0xff, 0xff, 0xff, 0xff, 0xff, 0xff, 0xff, 0xff, 0xff, 0xff, 0xff, 0xff, 0xff, 0xff, 0xff, 0xff, 0xff, 0xff, 0xff, 0xff, 0xff, 0xff, 0xff, 0xff, 0xff, 0xff, 0xff, 0xff, 0xff, 0xff, 0xff, 0xff, 0xff, 0xff, 0xff, 0xff, 0xff, 0xff, 0xff, 0xff, 0xff, 0xff, 0xff, 0xff, 0xff, 0xff, 0xff, 0xff, 0xdf, 0xdf, 0xdf, 0xdf, 0xdf, 0xdf, 0xdf, 0xdf, 0xdf, 0xdf, 0xdf, 0xdf, 
  0xff, 0xff, 0xff, 0xff, 0xff, 0xff, 0xff, 0xff, 0xff, 0xff, 0xff, 0xff, 0xff, 0xff, 0xff, 0xff, 0xff, 0xff, 0xff, 0xff, 0xff, 0xff, 0xff, 0xff, 0xff, 0xff, 0xff, 0xff, 0xff, 0xff, 0xff, 0xff, 0xff, 0xff, 0xff, 0xff, 0xff, 0xff, 0xff, 0xff, 0xff, 0xff, 0xff, 0xff, 0xff, 0xff, 0xff, 0xff, 0xff, 0xff, 0xff, 0xff, 0xff, 0xff, 0xff, 0xff, 0xff, 0xff, 0xff, 0xff, 0xff, 0xff, 0xff, 0xff, 0xff, 0xff, 0xff, 0xff, 0xff, 0xff, 0xff, 0xff, 0xff, 0xff, 0xff, 0xff, 0xff, 0xff, 0xff, 0xff, 0xff, 0xff, 0xff, 0xff, 0xff, 0xff, 0xff, 0xff, 0xff, 0xff, 0xff, 0xff, 0xff, 0xff, 0xff, 0xff, 0xff, 0xff, 0xff, 0xff, 0xff, 0xff, 0xff, 0xff, 0xff, 0xff, 0xff, 0xdf, 0xdf, 0xdf, 0xdf, 0xdf, 0xdf, 0xdf, 0xdf, 0xdf, 0xdf, 0xdf, 0xdf, 0xdf, 
  0xff, 0xff, 0xff, 0xff, 0xff, 0xff, 0xff, 0xff, 0xff, 0xff, 0xff, 0xff, 0xff, 0xff, 0xff, 0xff, 0xff, 0xff, 0xff, 0xff, 0xff, 0xff, 0xff, 0xff, 0xff, 0xff, 0xff, 0xff, 0xff, 0xff, 0xff, 0xff, 0xff, 0xff, 0xff, 0xff, 0xff, 0xff, 0xff, 0xff, 0xff, 0xff, 0xff, 0xff, 0xff, 0xff, 0xff, 0xff, 0xff, 0xff, 0xff, 0xff, 0xff, 0xff, 0xff, 0xff, 0xff, 0xff, 0xff, 0xff, 0xff, 0xff, 0xff, 0xff, 0xff, 0xff, 0xff, 0xff, 0xff, 0xff, 0xff, 0xff, 0xff, 0xff, 0xff, 0xff, 0xff, 0xff, 0xff, 0xff, 0xff, 0xff, 0xff, 0xff, 0xff, 0xff, 0xff, 0xff, 0xff, 0xff, 0xff, 0xff, 0xff, 0xff, 0xff, 0xff, 0xff, 0xff, 0xff, 0xff, 0xff, 0xff, 0xff, 0xff, 0xff, 0xff, 0xff, 0xdf, 0xdf, 0xdf, 0xdf, 0xdf, 0xdf, 0xdf, 0xdf, 0xdf, 0xdf, 0xdf, 0xdf, 0xdf, 
  0xdf, 0xff, 0xff, 0xff, 0xff, 0xff, 0xff, 0xff, 0xff, 0xff, 0xff, 0xff, 0xff, 0xff, 0xff, 0xff, 0xff, 0xff, 0xff, 0xff, 0xff, 0xff, 0xff, 0xff, 0xff, 0xff, 0xff, 0xff, 0xff, 0xff, 0xff, 0xff, 0xff, 0xff, 0xff, 0xff, 0xff, 0xff, 0xff, 0xff, 0xff, 0xff, 0xff, 0xff, 0xff, 0xff, 0xff, 0xff, 0xff, 0xff, 0xff, 0xff, 0xff, 0xff, 0xff, 0xff, 0xff, 0xff, 0xff, 0xff, 0xff, 0xff, 0xff, 0xff, 0xff, 0xff, 0xff, 0xff, 0xff, 0xff, 0xff, 0xff, 0xff, 0xff, 0xff, 0xff, 0xff, 0xff, 0xff, 0xff, 0xff, 0xff, 0xff, 0xff, 0xff, 0xff, 0xff, 0xff, 0xff, 0xff, 0xff, 0xff, 0xff, 0xff, 0xff, 0xff, 0xff, 0xff, 0xff, 0xff, 0xff, 0xff, 0xff, 0xff, 0xff, 0xff, 0xdf, 0xdf, 0xdf, 0xdf, 0xdf, 0xdf, 0xdf, 0xdf, 0xdf, 0xdf, 0xdf, 0xdf, 0xdf, 0xdf, 
  0xdf, 0xdf, 0xff, 0xff, 0xff, 0xff, 0xff, 0xff, 0xff, 0xff, 0xff, 0xff, 0xff, 0xff, 0xff, 0xff, 0xff, 0xff, 0xff, 0xff, 0xff, 0xff, 0xff, 0xff, 0xff, 0xff, 0xff, 0xff, 0xff, 0xff, 0xff, 0xff, 0xff, 0xff, 0xff, 0xff, 0xff, 0xff, 0xff, 0xff, 0xff, 0xff, 0xff, 0xff, 0xff, 0xff, 0xff, 0xff, 0xff, 0xff, 0xff, 0xff, 0xff, 0xff, 0xff, 0xff, 0xff, 0xff, 0xff, 0xff, 0xff, 0xff, 0xff, 0xff, 0xff, 0xff, 0xff, 0xff, 0xff, 0xff, 0xff, 0xff, 0xff, 0xff, 0xff, 0xff, 0xff, 0xff, 0xff, 0xff, 0xff, 0xff, 0xff, 0xff, 0xff, 0xff, 0xff, 0xff, 0xff, 0xff, 0xff, 0xff, 0xff, 0xff, 0xff, 0xff, 0xff, 0xff, 0xff, 0xff, 0xff, 0xff, 0xff, 0xff, 0xff, 0xff, 0xdf, 0xdf, 0xdf, 0xdf, 0xdf, 0xdf, 0xdf, 0xdf, 0xdf, 0xdf, 0xdf, 0xdf, 0xdf, 0xdf, 
  0xdf, 0xdf, 0xff, 0xff, 0xff, 0xff, 0xff, 0xff, 0xff, 0xff, 0xff, 0xff, 0xff, 0xff, 0xff, 0xff, 0xff, 0xff, 0xff, 0xff, 0xff, 0xff, 0xff, 0xff, 0xff, 0xff, 0xff, 0xff, 0xff, 0xff, 0xff, 0xff, 0xff, 0xff, 0xff, 0xff, 0xff, 0xff, 0xff, 0xff, 0xff, 0xff, 0xff, 0xff, 0xff, 0xff, 0xff, 0xff, 0xff, 0xff, 0xff, 0xff, 0xff, 0xff, 0xff, 0xff, 0xff, 0xff, 0xff, 0xff, 0xff, 0xff, 0xff, 0xff, 0xff, 0xff, 0xff, 0xff, 0xff, 0xff, 0xff, 0xff, 0xff, 0xff, 0xff, 0xff, 0xff, 0xff, 0xff, 0xff, 0xff, 0xff, 0xff, 0xff, 0xff, 0xff, 0xff, 0xff, 0xff, 0xff, 0xff, 0xff, 0xff, 0xff, 0xff, 0xff, 0xff, 0xff, 0xff, 0xff, 0xff, 0xff, 0xff, 0xff, 0xff, 0xdf, 0xdf, 0xdf, 0xdf, 0xdf, 0xdf, 0xdf, 0xdf, 0xdf, 0xdf, 0xdf, 0xdf, 0xdf, 0xdf, 0xdf, 
  0xdf, 0xdf, 0xdf, 0xff, 0xff, 0xff, 0xff, 0xff, 0xff, 0xff, 0xff, 0xff, 0xff, 0xff, 0xff, 0xff, 0xff, 0xff, 0xff, 0xff, 0xff, 0xff, 0xff, 0xff, 0xff, 0xff, 0xff, 0xff, 0xff, 0xff, 0xff, 0xff, 0xff, 0xff, 0xff, 0xff, 0xff, 0xff, 0xff, 0xff, 0xff, 0xff, 0xff, 0xff, 0xff, 0xff, 0xff, 0xff, 0xff, 0xff, 0xff, 0xff, 0xff, 0xff, 0xff, 0xff, 0xff, 0xff, 0xff, 0xff, 0xff, 0xff, 0xff, 0xff, 0xff, 0xff, 0xff, 0xff, 0xff, 0xff, 0xff, 0xff, 0xff, 0xff, 0xff, 0xff, 0xff, 0xff, 0xff, 0xff, 0xff, 0xff, 0xff, 0xff, 0xff, 0xff, 0xff, 0xff, 0xff, 0xff, 0xff, 0xff, 0xff, 0xff, 0xff, 0xff, 0xff, 0xff, 0xff, 0xff, 0xff, 0xff, 0xff, 0xff, 0xff, 0xdf, 0xdf, 0xdf, 0xdf, 0xdf, 0xdf, 0xdf, 0xdf, 0xdf, 0xdf, 0xdf, 0xdf, 0xdf, 0xdf, 0xdf, 
  0xdf, 0xdf, 0xdf, 0xff, 0xff, 0xff, 0xff, 0xff, 0xff, 0xff, 0xff, 0xff, 0xff, 0xff, 0xff, 0xff, 0xff, 0xff, 0xff, 0xff, 0xff, 0xff, 0xff, 0xff, 0xff, 0xff, 0xff, 0xff, 0xff, 0xff, 0xff, 0xff, 0xff, 0xff, 0xff, 0xff, 0xff, 0xff, 0xff, 0xff, 0xff, 0xff, 0xff, 0xff, 0xff, 0xff, 0xff, 0xff, 0xff, 0xff, 0xff, 0xff, 0xff, 0xff, 0xff, 0xff, 0xff, 0xff, 0xff, 0xff, 0xff, 0xff, 0xff, 0xff, 0xff, 0xff, 0xff, 0xff, 0xff, 0xff, 0xff, 0xff, 0xff, 0xff, 0xff, 0xff, 0xff, 0xff, 0xff, 0xff, 0xff, 0xff, 0xff, 0xff, 0xff, 0xff, 0xff, 0xff, 0xff, 0xff, 0xff, 0xff, 0xff, 0xff, 0xff, 0xff, 0xff, 0xff, 0xff, 0xff, 0xff, 0xff, 0xff, 0xff, 0xdf, 0xdf, 0xdf, 0xdf, 0xdf, 0xdf, 0xdf, 0xdf, 0xdf, 0xdf, 0xdf, 0xdf, 0xdf, 0xdf, 0xdf, 0xdf, 
  0xdf, 0xdf, 0xdf, 0xdf, 0xff, 0xff, 0xff, 0xff, 0xff, 0xff, 0xff, 0xff, 0xff, 0xff, 0xff, 0xff, 0xff, 0xff, 0xff, 0xff, 0xff, 0xff, 0xff, 0xff, 0xff, 0xff, 0xff, 0xff, 0xff, 0xff, 0xff, 0xff, 0xff, 0xff, 0xff, 0xff, 0xff, 0xff, 0xff, 0xff, 0xff, 0xff, 0xff, 0xff, 0xff, 0xff, 0xff, 0xff, 0xff, 0xff, 0xff, 0xff, 0xff, 0xff, 0xff, 0xff, 0xff, 0xff, 0xff, 0xff, 0xff, 0xff, 0xff, 0xff, 0xff, 0xff, 0xff, 0xff, 0xff, 0xff, 0xff, 0xff, 0xff, 0xff, 0xff, 0xff, 0xff, 0xff, 0xff, 0xff, 0xff, 0xff, 0xff, 0xff, 0xff, 0xff, 0xff, 0xff, 0xff, 0xff, 0xff, 0xff, 0xff, 0xff, 0xff, 0xff, 0xff, 0xff, 0xff, 0xff, 0xff, 0xff, 0xff, 0xdf, 0xdf, 0xdf, 0xdf, 0xdf, 0xdf, 0xdf, 0xdf, 0xdf, 0xdf, 0xdf, 0xdf, 0xdf, 0xdf, 0xdf, 0xdf, 0xdf, 
  0xdf, 0xdf, 0xdf, 0xdf, 0xdf, 0xff, 0xff, 0xff, 0xff, 0xff, 0xff, 0xff, 0xff, 0xff, 0xff, 0xff, 0xff, 0xff, 0xff, 0xff, 0xff, 0xff, 0xff, 0xff, 0xff, 0xff, 0xff, 0xff, 0xff, 0xff, 0xff, 0xff, 0xff, 0xff, 0xff, 0xff, 0xff, 0xff, 0xff, 0xff, 0xff, 0xff, 0xff, 0xff, 0xff, 0xff, 0xff, 0xff, 0xff, 0xff, 0xff, 0xff, 0xff, 0xff, 0xff, 0xff, 0xff, 0xff, 0xff, 0xff, 0xff, 0xff, 0xff, 0xff, 0xff, 0xff, 0xff, 0xff, 0xff, 0xff, 0xff, 0xff, 0xff, 0xff, 0xff, 0xff, 0xff, 0xff, 0xff, 0xff, 0xff, 0xff, 0xff, 0xff, 0xff, 0xff, 0xff, 0xff, 0xff, 0xff, 0xff, 0xff, 0xff, 0xff, 0xff, 0xff, 0xff, 0xff, 0xff, 0xff, 0xff, 0xff, 0xdf, 0xdf, 0xdf, 0xdf, 0xdf, 0xdf, 0xdf, 0xdf, 0xdf, 0xdf, 0xdf, 0xdf, 0xdf, 0xdf, 0xdf, 0xdf, 0xdf, 0xdf, 
  0xdf, 0xdf, 0xdf, 0xdf, 0xdf, 0xff, 0xff, 0xff, 0xff, 0xff, 0xff, 0xff, 0xff, 0xff, 0xff, 0xff, 0xff, 0xff, 0xff, 0xff, 0xff, 0xff, 0xff, 0xff, 0xff, 0xff, 0xff, 0xff, 0xff, 0xff, 0xff, 0xff, 0xff, 0xff, 0xff, 0xff, 0xff, 0xff, 0xff, 0xff, 0xff, 0xff, 0xff, 0xff, 0xff, 0xff, 0xff, 0xff, 0xff, 0xff, 0xff, 0xff, 0xff, 0xff, 0xff, 0xff, 0xff, 0xff, 0xff, 0xff, 0xff, 0xff, 0xff, 0xff, 0xff, 0xff, 0xff, 0xff, 0xff, 0xff, 0xff, 0xff, 0xff, 0xff, 0xff, 0xff, 0xff, 0xff, 0xff, 0xff, 0xff, 0xff, 0xff, 0xff, 0xff, 0xff, 0xff, 0xff, 0xff, 0xff, 0xff, 0xff, 0xff, 0xff, 0xff, 0xff, 0xff, 0xff, 0xff, 0xff, 0xff, 0xff, 0xdf, 0xdf, 0xdf, 0xdf, 0xdf, 0xdf, 0xdf, 0xdf, 0xdf, 0xdf, 0xdf, 0xdf, 0xdf, 0xdf, 0xdf, 0xdf, 0xdf, 0xdf, 
  0xdf, 0xdf, 0xdf, 0xdf, 0xdf, 0xdf, 0xff, 0xff, 0xff, 0xff, 0xff, 0xff, 0xff, 0xff, 0xff, 0xff, 0xff, 0xff, 0xff, 0xff, 0xff, 0xff, 0xff, 0xff, 0xff, 0xff, 0xff, 0xff, 0xff, 0xff, 0xff, 0xff, 0xff, 0xff, 0xff, 0xff, 0xff, 0xff, 0xff, 0xff, 0xff, 0xff, 0xff, 0xff, 0xff, 0xff, 0xff, 0xff, 0xff, 0xff, 0xff, 0xff, 0xff, 0xff, 0xff, 0xff, 0xff, 0xff, 0xff, 0xff, 0xff, 0xff, 0xff, 0xff, 0xff, 0xff, 0xff, 0xff, 0xff, 0xff, 0xff, 0xff, 0xff, 0xff, 0xff, 0xff, 0xff, 0xff, 0xff, 0xff, 0xff, 0xff, 0xff, 0xff, 0xff, 0xff, 0xff, 0xff, 0xff, 0xff, 0xff, 0xff, 0xff, 0xff, 0xff, 0xff, 0xff, 0xff, 0xff, 0xff, 0xff, 0xdf, 0xdf, 0xdf, 0xdf, 0xdf, 0xdf, 0xdf, 0xdf, 0xdf, 0xdf, 0xdf, 0xdf, 0xdf, 0xdf, 0xdf, 0xdf, 0xdf, 0xdf, 0xdf, 
  0xdf, 0xdf, 0xdf, 0xdf, 0xdf, 0xdf, 0xdf, 0xdf, 0xff, 0xff, 0xff, 0xff, 0xff, 0xff, 0xff, 0xff, 0xff, 0xff, 0xff, 0xff, 0xff, 0xff, 0xff, 0xff, 0xff, 0xff, 0xff, 0xff, 0xff, 0xff, 0xff, 0xff, 0xff, 0xff, 0xff, 0xff, 0xff, 0xff, 0xff, 0xff, 0xff, 0xff, 0xff, 0xff, 0xff, 0xff, 0xff, 0xff, 0xff, 0xff, 0xff, 0xff, 0xff, 0xff, 0xff, 0xff, 0xff, 0xff, 0xff, 0xff, 0xff, 0xff, 0xff, 0xff, 0xff, 0xff, 0xff, 0xff, 0xff, 0xff, 0xff, 0xff, 0xff, 0xff, 0xff, 0xff, 0xff, 0xff, 0xff, 0xff, 0xff, 0xff, 0xff, 0xff, 0xff, 0xff, 0xff, 0xff, 0xff, 0xff, 0xff, 0xff, 0xff, 0xff, 0xff, 0xff, 0xff, 0xff, 0xff, 0xff, 0xdf, 0xdf, 0xdf, 0xdf, 0xdf, 0xdf, 0xdf, 0xdf, 0xdf, 0xdf, 0xdf, 0xdf, 0xdf, 0xdf, 0xdf, 0xdf, 0xdf, 0xdf, 0xdf, 0xdf, 
  0xdf, 0xdf, 0xdf, 0xdf, 0xdf, 0xdf, 0xdf, 0xdf, 0xff, 0xff, 0xff, 0xff, 0xff, 0xff, 0xff, 0xff, 0xff, 0xff, 0xff, 0xff, 0xff, 0xff, 0xff, 0xff, 0xff, 0xff, 0xff, 0xff, 0xff, 0xff, 0xff, 0xff, 0xff, 0xff, 0xff, 0xff, 0xff, 0xff, 0xff, 0xff, 0xff, 0xff, 0xff, 0xff, 0xff, 0xff, 0xff, 0xff, 0xff, 0xff, 0xff, 0xff, 0xff, 0xff, 0xff, 0xff, 0xff, 0xff, 0xff, 0xff, 0xff, 0xff, 0xff, 0xff, 0xff, 0xff, 0xff, 0xff, 0xff, 0xff, 0xff, 0xff, 0xff, 0xff, 0xff, 0xff, 0xff, 0xff, 0xff, 0xff, 0xff, 0xff, 0xff, 0xff, 0xff, 0xff, 0xff, 0xff, 0xff, 0xff, 0xff, 0xff, 0xff, 0xff, 0xff, 0xff, 0xff, 0xdf, 0xdf, 0xdf, 0xdf, 0xdf, 0xdf, 0xdf, 0xdf, 0xdf, 0xdf, 0xdf, 0xdf, 0xdf, 0xdf, 0xdf, 0xdf, 0xdf, 0xdf, 0xdf, 0xdf, 0xdf, 0xdf, 0xdf, 
  0xdf, 0xdf, 0xdf, 0xdf, 0xdf, 0xdf, 0xdf, 0xdf, 0xdf, 0xdf, 0xdf, 0xff, 0xff, 0xff, 0xff, 0xff, 0xff, 0xff, 0xff, 0xff, 0xff, 0xff, 0xff, 0xff, 0xff, 0xff, 0xff, 0xff, 0xff, 0xff, 0xff, 0xff, 0xff, 0xff, 0xff, 0xff, 0xff, 0xff, 0xff, 0xff, 0xff, 0xff, 0xff, 0xff, 0xff, 0xff, 0xff, 0xff, 0xff, 0xff, 0xff, 0xff, 0xff, 0xff, 0xff, 0xff, 0xff, 0xff, 0xff, 0xff, 0xff, 0xff, 0xff, 0xff, 0xff, 0xff, 0xff, 0xff, 0xff, 0xff, 0xff, 0xff, 0xff, 0xff, 0xff, 0xff, 0xff, 0xff, 0xff, 0xff, 0xff, 0xff, 0xff, 0xff, 0xff, 0xff, 0xff, 0xff, 0xff, 0xff, 0xff, 0xff, 0xff, 0xff, 0xff, 0xff, 0xdf, 0xdf, 0xdf, 0xdf, 0xdf, 0xdf, 0xdf, 0xdf, 0xdf, 0xdf, 0xdf, 0xdf, 0xdf, 0xdf, 0xdf, 0xdf, 0xdf, 0xdf, 0xdf, 0xdf, 0xdf, 0xdf, 0xdf, 0xdf, 
  0xdf, 0xdf, 0xdf, 0xdf, 0xdf, 0xdf, 0xdf, 0xdf, 0xdf, 0xdf, 0xdf, 0xdf, 0xdf, 0xff, 0xff, 0xff, 0xff, 0xff, 0xff, 0xff, 0xff, 0xff, 0xff, 0xff, 0xff, 0xff, 0xff, 0xff, 0xff, 0xff, 0xff, 0xff, 0xff, 0xff, 0xff, 0xff, 0xff, 0xff, 0xff, 0xff, 0xff, 0xff, 0xff, 0xff, 0xff, 0xff, 0xff, 0xff, 0xff, 0xff, 0xff, 0xff, 0xff, 0xff, 0xff, 0xff, 0xff, 0xff, 0xff, 0xff, 0xff, 0xff, 0xff, 0xff, 0xff, 0xff, 0xff, 0xff, 0xff, 0xff, 0xff, 0xff, 0xff, 0xff, 0xff, 0xff, 0xff, 0xff, 0xff, 0xff, 0xff, 0xff, 0xff, 0xff, 0xff, 0xff, 0xff, 0xff, 0xff, 0xff, 0xff, 0xff, 0xff, 0xff, 0xff, 0xdf, 0xdf, 0xdf, 0xdf, 0xdf, 0xdf, 0xdf, 0xdf, 0xdf, 0xdf, 0xdf, 0xdf, 0xdf, 0xdf, 0xdf, 0xdf, 0xdf, 0xdf, 0xdf, 0xdf, 0xdf, 0xdf, 0xdf, 0xdf, 0xdf, 
  0xdf, 0xdf, 0xdf, 0xdf, 0xdf, 0xdf, 0xdf, 0xdf, 0xdf, 0xdf, 0xdf, 0xdf, 0xdf, 0xdf, 0xdf, 0xff, 0xff, 0xff, 0xff, 0xff, 0xff, 0xff, 0xff, 0xff, 0xff, 0xff, 0xff, 0xff, 0xff, 0xff, 0xff, 0xff, 0xff, 0xff, 0xff, 0xff, 0xff, 0xff, 0xff, 0xff, 0xff, 0xff, 0xff, 0xff, 0xff, 0xff, 0xff, 0xff, 0xff, 0xff, 0xff, 0xff, 0xff, 0xff, 0xff, 0xff, 0xff, 0xff, 0xff, 0xff, 0xff, 0xff, 0xff, 0xff, 0xff, 0xff, 0xff, 0xff, 0xff, 0xff, 0xff, 0xff, 0xff, 0xff, 0xff, 0xff, 0xff, 0xff, 0xff, 0xff, 0xff, 0xff, 0xff, 0xff, 0xff, 0xff, 0xff, 0xff, 0xff, 0xff, 0xff, 0xff, 0xff, 0xdf, 0xdf, 0xdf, 0xdf, 0xdf, 0xdf, 0xdf, 0xdf, 0xdf, 0xdf, 0xdf, 0xdf, 0xdf, 0xdf, 0xdf, 0xdf, 0xdf, 0xdf, 0xdf, 0xdf, 0xdf, 0xdf, 0xdf, 0xdf, 0xdf, 0xdf, 0xdf, 
#endif
#if LV_COLOR_DEPTH == 16 && LV_COLOR_16_SWAP == 0
  /*Pixel format: Red: 5 bit, Green: 6 bit, Blue: 5 bit*/
  0xf8, 0xc7, 0xf8, 0xc7, 0xf8, 0xc7, 0xf8, 0xc7, 0xf8, 0xc7, 0xf8, 0xc7, 0xf8, 0xc7, 0xf8, 0xc7, 0xf8, 0xc7, 0xf8, 0xc7, 0xf8, 0xc7, 0xf8, 0xc7, 0xf8, 0xc7, 0xf8, 0xc7, 0xf8, 0xc7, 0xf8, 0xc7, 0xf8, 0xc7, 0xf8, 0xc7, 0xf8, 0xc7, 0xf8, 0xc7, 0xf8, 0xc7, 0xf8, 0xc7, 0xf8, 0xc7, 0xf8, 0xc7, 0xf8, 0xc7, 0xf8, 0xc7, 0xf8, 0xc7, 0xf8, 0xc7, 0xf8, 0xc7, 0xf8, 0xc7, 0xf8, 0xc7, 0xf8, 0xc7, 0xf8, 0xc7, 0xf8, 0xc7, 0xf8, 0xc7, 0xf8, 0xc7, 0xf8, 0xc7, 0xf8, 0xc7, 0xf8, 0xc7, 0xf8, 0xc7, 0xf8, 0xc7, 0xf8, 0xc7, 0xf8, 0xc7, 0xf8, 0xc7, 0xf8, 0xc7, 0xf8, 0xc7, 0xf8, 0xc7, 0xf8, 0xc7, 0xf8, 0xcf, 0xf8, 0xcf, 0xf8, 0xc7, 0xf8, 0xc7, 0xf9, 0xc7, 0xf9, 0xc7, 0xf9, 0xc7, 0xf9, 0xc7, 0xf9, 0xc7, 0xf8, 0xc7, 0xf8, 0xc7, 0xf8, 0xc7, 0xf8, 0xc7, 0xf9, 0xc7, 0xf9, 0xc7, 0xf9, 0xc7, 0xf8, 0xc7, 0xf9, 0xc7, 0xfa, 0xc7, 0xf9, 0xc7, 0xf8, 0xc7, 0xf8, 0xc7, 0xf7, 0xc7, 0xf7, 0xc7, 0xf8, 0xcf, 0xf8, 0xc7, 0xf9, 0xc7, 0xf8, 0xc7, 0xf8, 0xc7, 0xf7, 0xcf, 0xf5, 0xd7, 0xd3, 0xe7, 0xcf, 0xf7, 0xcd, 0xf7, 0xab, 0xf7, 0x88, 0xf7, 0x66, 0xff, 0x64, 0xff, 0x62, 0xff, 0x62, 0xff, 0x41, 0xff, 0x42, 0xff, 0x43, 0xff, 0x45, 0xff, 0x47, 0xff, 0x69, 0xff, 0x8b, 0xff, 0xad, 0xf7, 0xcf, 0xe7, 0xf2, 0xdf, 0xf4, 0xd7, 0xf6, 0xcf, 0xf8, 0xc7, 0xf9, 0xc7, 0xf9, 0xc7, 0xf9, 0xcf, 0xf9, 0xcf, 0xf9, 0xcf, 0xf8, 0xc7, 0xf7, 0xc7, 0xf7, 0xc7, 0xf7, 0xc7, 0xf8, 0xc7, 0xf8, 0xc7, 0xf9, 0xc7, 0xf9, 0xc7, 0xf9, 0xc7, 0xf8, 0xc7, 0xf8, 0xc7, 0xf8, 0xbf, 0xf7, 0xc7, 0xf7, 0xc7, 
  0xf8, 0xc7, 0xf8, 0xc7, 0xf8, 0xc7, 0xf8, 0xc7, 0xf8, 0xc7, 0xf8, 0xc7, 0xf8, 0xc7, 0xf8, 0xc7, 0xf8, 0xc7, 0xf8, 0xc7, 0xf8, 0xc7, 0xf8, 0xc7, 0xf8, 0xc7, 0xf8, 0xc7, 0xf8, 0xc7, 0xf8, 0xc7, 0xf8, 0xc7, 0xf8, 0xc7, 0xf8, 0xc7, 0xf8, 0xc7, 0xf8, 0xc7, 0xf8, 0xc7, 0xf8, 0xc7, 0xf8, 0xc7, 0xf8, 0xc7, 0xf8, 0xc7, 0xf8, 0xc7, 0xf8, 0xc7, 0xf8, 0xc7, 0xf8, 0xc7, 0xf8, 0xc7, 0xf8, 0xc7, 0xf8, 0xc7, 0xf8, 0xc7, 0xf8, 0xc7, 0xf8, 0xc7, 0xf8, 0xc7, 0xf8, 0xc7, 0xf8, 0xc7, 0xf8, 0xc7, 0xf8, 0xc7, 0xf8, 0xc7, 0xf8, 0xc7, 0xf8, 0xc7, 0xf8, 0xc7, 0xf8, 0xc7, 0xf8, 0xc7, 0xf8, 0xc7, 0xf8, 0xcf, 0xf8, 0xcf, 0xf8, 0xc7, 0xf8, 0xc7, 0xf9, 0xc7, 0xf9, 0xc7, 0xf9, 0xc7, 0xf9, 0xc7, 0xf8, 0xc7, 0xf8, 0xc7, 0xf8, 0xc7, 0xf8, 0xc7, 0xf8, 0xc7, 0xf8, 0xc7, 0xf8, 0xc7, 0xf8, 0xc7, 0xf8, 0xc7, 0xf8, 0xc7, 0xf9, 0xc7, 0xf9, 0xc7, 0xf9, 0xcf, 0xf8, 0xc7, 0xf7, 0xc7, 0xf7, 0xc7, 0xf7, 0xc7, 0xf7, 0xc7, 0xf7, 0xcf, 0xf7, 0xd7, 0xf5, 0xd7, 0xd2, 0xdf, 0xb0, 0xdf, 0x8d, 0xe7, 0x4a, 0xe7, 0x28, 0xef, 0x27, 0xef, 0x26, 0xef, 0x24, 0xf7, 0x23, 0xff, 0x22, 0xff, 0x21, 0xff, 0x41, 0xff, 0x22, 0xff, 0x22, 0xff, 0x24, 0xff, 0x25, 0xf7, 0x26, 0xf7, 0x27, 0xf7, 0x49, 0xef, 0x4b, 0xe7, 0x8d, 0xdf, 0xcf, 0xdf, 0xf2, 0xdf, 0xf4, 0xd7, 0xf6, 0xd7, 0xf7, 0xcf, 0xd8, 0xcf, 0xf9, 0xc7, 0xf8, 0xc7, 0xf8, 0xc7, 0xf7, 0xc7, 0xf7, 0xc7, 0xf7, 0xc7, 0xf8, 0xc7, 0xf8, 0xc7, 0xf8, 0xc7, 0xf8, 0xc7, 0xf8, 0xc7, 0xf8, 0xc7, 0xf8, 0xc7, 0xf8, 0xc7, 0xf7, 0xc7, 0xf7, 0xc7, 
  0xf8, 0xc7, 0xf8, 0xc7, 0xf8, 0xc7, 0xf8, 0xc7, 0xf8, 0xc7, 0xf8, 0xc7, 0xf8, 0xc7, 0xf8, 0xc7, 0xf8, 0xc7, 0xf8, 0xc7, 0xf8, 0xc7, 0xf8, 0xc7, 0xf8, 0xc7, 0xf8, 0xc7, 0xf8, 0xc7, 0xf8, 0xc7, 0xf8, 0xc7, 0xf8, 0xc7, 0xf8, 0xc7, 0xf8, 0xc7, 0xf8, 0xc7, 0xf8, 0xc7, 0xf8, 0xc7, 0xf8, 0xc7, 0xf8, 0xc7, 0xf8, 0xc7, 0xf8, 0xc7, 0xf8, 0xc7, 0xf8, 0xc7, 0xf8, 0xc7, 0xf8, 0xc7, 0xf8, 0xc7, 0xf8, 0xc7, 0xf8, 0xc7, 0xf8, 0xc7, 0xf8, 0xc7, 0xf8, 0xc7, 0xf8, 0xc7, 0xf8, 0xc7, 0xf8, 0xc7, 0xf8, 0xc7, 0xf8, 0xc7, 0xf8, 0xc7, 0xf8, 0xc7, 0xf8, 0xc7, 0xf8, 0xc7, 0xf8, 0xc7, 0xf8, 0xc7, 0xf8, 0xc7, 0xf8, 0xc7, 0xf8, 0xc7, 0xf8, 0xc7, 0xf8, 0xc7, 0xf8, 0xc7, 0xf8, 0xc7, 0xf8, 0xc7, 0xf8, 0xc7, 0xf8, 0xc7, 0xf8, 0xc7, 0xf8, 0xc7, 0xf8, 0xc7, 0xf8, 0xc7, 0xf8, 0xc7, 0xf8, 0xc7, 0xf7, 0xc7, 0xf7, 0xc7, 0xf7, 0xc7, 0xf8, 0xcf, 0xf8, 0xcf, 0xf7, 0xcf, 0xf7, 0xc7, 0xf7, 0xc7, 0xf7, 0xbf, 0xf6, 0xc7, 0xf4, 0xd7, 0xb1, 0xe7, 0x6d, 0xef, 0x49, 0xf7, 0x46, 0xef, 0x44, 0xef, 0x45, 0xf7, 0x44, 0xf7, 0x24, 0xf7, 0x24, 0xff, 0x23, 0xff, 0x23, 0xff, 0x02, 0xff, 0x02, 0xff, 0x02, 0xff, 0x02, 0xff, 0x02, 0xff, 0x02, 0xff, 0x02, 0xff, 0x23, 0xff, 0x23, 0xf7, 0x24, 0xf7, 0x24, 0xef, 0x25, 0xef, 0x45, 0xf7, 0x48, 0xf7, 0x6b, 0xef, 0xb0, 0xe7, 0xd4, 0xd7, 0xf7, 0xcf, 0xf8, 0xc7, 0xf8, 0xbf, 0xf8, 0xc7, 0xf8, 0xc7, 0xf9, 0xc7, 0xf8, 0xc7, 0xf8, 0xc7, 0xf7, 0xc7, 0xf8, 0xc7, 0xf8, 0xcf, 0xf8, 0xc7, 0xf8, 0xc7, 0xf8, 0xc7, 0xf8, 0xc7, 0xf8, 0xc7, 0xf8, 0xc7, 
  0xf8, 0xc7, 0xf8, 0xc7, 0xf8, 0xc7, 0xf8, 0xc7, 0xf8, 0xc7, 0xf8, 0xc7, 0xf8, 0xc7, 0xf8, 0xc7, 0xf8, 0xc7, 0xf8, 0xc7, 0xf8, 0xc7, 0xf8, 0xc7, 0xf8, 0xc7, 0xf8, 0xc7, 0xf8, 0xc7, 0xf8, 0xc7, 0xf8, 0xc7, 0xf8, 0xc7, 0xf8, 0xc7, 0xf8, 0xc7, 0xf8, 0xc7, 0xf8, 0xc7, 0xf8, 0xc7, 0xf8, 0xc7, 0xf8, 0xc7, 0xf8, 0xc7, 0xf8, 0xc7, 0xf8, 0xc7, 0xf8, 0xc7, 0xf8, 0xc7, 0xf8, 0xc7, 0xf8, 0xc7, 0xf8, 0xc7, 0xf8, 0xc7, 0xf8, 0xc7, 0xf8, 0xc7, 0xf8, 0xc7, 0xf8, 0xc7, 0xf8, 0xc7, 0xf8, 0xc7, 0xf8, 0xc7, 0xf8, 0xc7, 0xf8, 0xc7, 0xf8, 0xc7, 0xf8, 0xc7, 0xf8, 0xc7, 0xf8, 0xc7, 0xf8, 0xc7, 0xf8, 0xc7, 0xf8, 0xc7, 0xf8, 0xc7, 0xf8, 0xc7, 0xf8, 0xc7, 0xf8, 0xc7, 0xf8, 0xc7, 0xf8, 0xc7, 0xf8, 0xc7, 0xf8, 0xc7, 0xf8, 0xc7, 0xf8, 0xc7, 0xf8, 0xc7, 0xf8, 0xc7, 0xf8, 0xc7, 0xf8, 0xc7, 0xf7, 0xc7, 0xf7, 0xc7, 0xf7, 0xc7, 0xf7, 0xcf, 0xf7, 0xcf, 0xd7, 0xcf, 0xf7, 0xcf, 0xf6, 0xcf, 0xf4, 0xcf, 0xf2, 0xd7, 0x8e, 0xdf, 0x4b, 0xef, 0x07, 0xf7, 0x03, 0xff, 0x01, 0xff, 0x20, 0xff, 0x42, 0xff, 0x42, 0xff, 0x22, 0xff, 0x22, 0xff, 0x02, 0xff, 0x02, 0xff, 0xe2, 0xfe, 0xe2, 0xfe, 0xe2, 0xfe, 0xe2, 0xfe, 0x02, 0xff, 0x02, 0xff, 0x22, 0xff, 0x21, 0xff, 0x21, 0xff, 0x21, 0xff, 0x22, 0xff, 0x02, 0xff, 0xe1, 0xfe, 0xe2, 0xfe, 0x05, 0xf7, 0x29, 0xef, 0x8e, 0xe7, 0xd2, 0xdf, 0xf4, 0xcf, 0xf6, 0xc7, 0xf7, 0xc7, 0xf8, 0xc7, 0xf9, 0xc7, 0xf9, 0xc7, 0xf8, 0xc7, 0xf8, 0xc7, 0xf7, 0xcf, 0xf7, 0xcf, 0xf8, 0xc7, 0xf8, 0xc7, 0xf8, 0xc7, 0xf8, 0xc7, 0xf8, 0xc7, 0xf8, 0xc7, 
  0xf8, 0xc7, 0xf8, 0xc7, 0xf8, 0xc7, 0xf8, 0xc7, 0xf8, 0xc7, 0xf8, 0xc7, 0xf8, 0xc7, 0xf8, 0xc7, 0xf8, 0xc7, 0xf8, 0xc7, 0xf8, 0xc7, 0xf8, 0xc7, 0xf8, 0xc7, 0xf8, 0xc7, 0xf8, 0xc7, 0xf8, 0xc7, 0xf8, 0xc7, 0xf8, 0xc7, 0xf8, 0xc7, 0xf8, 0xc7, 0xf8, 0xc7, 0xf8, 0xc7, 0xf8, 0xc7, 0xf8, 0xc7, 0xf8, 0xc7, 0xf8, 0xc7, 0xf8, 0xc7, 0xf8, 0xc7, 0xf8, 0xc7, 0xf8, 0xc7, 0xf8, 0xc7, 0xf8, 0xc7, 0xf8, 0xc7, 0xf8, 0xc7, 0xf8, 0xc7, 0xf8, 0xc7, 0xf8, 0xc7, 0xf8, 0xc7, 0xf8, 0xc7, 0xf8, 0xc7, 0xf8, 0xc7, 0xf8, 0xc7, 0xf8, 0xc7, 0xf8, 0xc7, 0xf8, 0xc7, 0xf8, 0xc7, 0xf8, 0xc7, 0xf8, 0xc7, 0xf8, 0xc7, 0xf9, 0xc7, 0xf8, 0xc7, 0xf8, 0xc7, 0xf8, 0xc7, 0xf8, 0xc7, 0xf8, 0xc7, 0xf8, 0xc7, 0xf8, 0xc7, 0xf7, 0xc7, 0xf7, 0xcf, 0xf7, 0xcf, 0xf8, 0xcf, 0xf8, 0xcf, 0xf8, 0xc7, 0xf8, 0xc7, 0xf8, 0xc7, 0xf8, 0xc7, 0xf8, 0xc7, 0xf8, 0xc7, 0xd8, 0xc7, 0xf7, 0xcf, 0xf6, 0xd7, 0xd3, 0xdf, 0x8e, 0xe7, 0x6a, 0xef, 0x26, 0xef, 0x04, 0xf7, 0xe4, 0xf6, 0x03, 0xff, 0x01, 0xff, 0x21, 0xff, 0x01, 0xff, 0x01, 0xff, 0x01, 0xff, 0x02, 0xff, 0x02, 0xff, 0xe2, 0xfe, 0xe2, 0xfe, 0xe2, 0xfe, 0xe2, 0xfe, 0xe2, 0xfe, 0x02, 0xff, 0x02, 0xff, 0x01, 0xff, 0x01, 0xff, 0x01, 0xff, 0x01, 0xff, 0xe2, 0xfe, 0xe2, 0xfe, 0xe3, 0xfe, 0xe3, 0xfe, 0x03, 0xff, 0x24, 0xff, 0x44, 0xf7, 0x67, 0xe7, 0xac, 0xe7, 0xd1, 0xdf, 0xf5, 0xd7, 0xf7, 0xcf, 0xf8, 0xc7, 0xf8, 0xc7, 0xf9, 0xc7, 0xf8, 0xc7, 0xf7, 0xcf, 0xf7, 0xcf, 0xf7, 0xcf, 0xf8, 0xc7, 0xf8, 0xc7, 0xf8, 0xc7, 0xf8, 0xc7, 0xf8, 0xc7, 
  0xf8, 0xc7, 0xf8, 0xc7, 0xf8, 0xc7, 0xf8, 0xc7, 0xf8, 0xc7, 0xf8, 0xc7, 0xf8, 0xc7, 0xf8, 0xc7, 0xf8, 0xc7, 0xf8, 0xc7, 0xf8, 0xc7, 0xf8, 0xc7, 0xf8, 0xc7, 0xf8, 0xc7, 0xf8, 0xc7, 0xf8, 0xc7, 0xf8, 0xc7, 0xf8, 0xc7, 0xf8, 0xc7, 0xf8, 0xc7, 0xf8, 0xc7, 0xf8, 0xc7, 0xf8, 0xc7, 0xf8, 0xc7, 0xf8, 0xc7, 0xf8, 0xc7, 0xf8, 0xc7, 0xf8, 0xc7, 0xf8, 0xc7, 0xf8, 0xc7, 0xf8, 0xc7, 0xf8, 0xc7, 0xf8, 0xc7, 0xf8, 0xc7, 0xf8, 0xc7, 0xf8, 0xc7, 0xf8, 0xc7, 0xf8, 0xc7, 0xf8, 0xc7, 0xf8, 0xc7, 0xf8, 0xc7, 0xf8, 0xc7, 0xf8, 0xc7, 0xf8, 0xc7, 0xf8, 0xc7, 0xf8, 0xc7, 0xf8, 0xc7, 0xf8, 0xc7, 0xf9, 0xc7, 0xf9, 0xc7, 0xf8, 0xc7, 0xf8, 0xc7, 0xf8, 0xc7, 0xf8, 0xc7, 0xf8, 0xc7, 0xf8, 0xc7, 0xf7, 0xc7, 0xf7, 0xc7, 0xf8, 0xc7, 0xf8, 0xcf, 0xf8, 0xcf, 0xf8, 0xc7, 0xf8, 0xc7, 0xf8, 0xc7, 0xf8, 0xc7, 0xf8, 0xc7, 0xf9, 0xc7, 0xf8, 0xc7, 0xf8, 0xcf, 0xf6, 0xdf, 0xb2, 0xdf, 0x4d, 0xe7, 0x28, 0xef, 0x04, 0xf7, 0x02, 0xf7, 0x01, 0xff, 0x22, 0xff, 0x02, 0xff, 0x01, 0xff, 0xe1, 0xfe, 0x01, 0xff, 0x01, 0xff, 0x01, 0xff, 0x02, 0xff, 0x02, 0xff, 0xe2, 0xfe, 0xe2, 0xfe, 0xe2, 0xfe, 0xe2, 0xfe, 0xe2, 0xfe, 0xe2, 0xfe, 0xe2, 0xfe, 0x01, 0xff, 0x01, 0xff, 0x01, 0xff, 0x01, 0xff, 0xe1, 0xfe, 0xe2, 0xfe, 0xe3, 0xfe, 0x04, 0xff, 0x03, 0xff, 0x02, 0xff, 0x21, 0xff, 0x22, 0xf7, 0x46, 0xef, 0x6b, 0xe7, 0xb1, 0xdf, 0xd4, 0xd7, 0xf6, 0xcf, 0xf8, 0xcf, 0xf9, 0xc7, 0xf9, 0xc7, 0xf8, 0xcf, 0xf7, 0xcf, 0xf8, 0xc7, 0xf8, 0xc7, 0xf8, 0xc7, 0xf8, 0xc7, 0xf8, 0xc7, 0xf8, 0xc7, 
  0xf8, 0xc7, 0xf8, 0xc7, 0xf8, 0xc7, 0xf8, 0xc7, 0xf8, 0xc7, 0xf8, 0xc7, 0xf8, 0xc7, 0xf8, 0xc7, 0xf8, 0xc7, 0xf8, 0xc7, 0xf8, 0xc7, 0xf8, 0xc7, 0xf8, 0xc7, 0xf8, 0xc7, 0xf8, 0xc7, 0xf8, 0xc7, 0xf8, 0xc7, 0xf8, 0xc7, 0xf8, 0xc7, 0xf8, 0xc7, 0xf8, 0xc7, 0xf8, 0xc7, 0xf8, 0xc7, 0xf8, 0xc7, 0xf8, 0xc7, 0xf8, 0xc7, 0xf8, 0xc7, 0xf8, 0xc7, 0xf8, 0xc7, 0xf8, 0xc7, 0xf8, 0xc7, 0xf8, 0xc7, 0xf8, 0xc7, 0xf8, 0xc7, 0xf8, 0xc7, 0xf8, 0xc7, 0xf8, 0xc7, 0xf8, 0xc7, 0xf8, 0xc7, 0xf8, 0xc7, 0xf8, 0xc7, 0xf8, 0xc7, 0xf8, 0xc7, 0xf8, 0xc7, 0xf8, 0xc7, 0xf8, 0xc7, 0xf8, 0xc7, 0xf8, 0xc7, 0xf9, 0xc7, 0xf9, 0xc7, 0xf8, 0xc7, 0xf8, 0xc7, 0xf8, 0xc7, 0xf8, 0xc7, 0xf7, 0xc7, 0xf7, 0xc7, 0xf8, 0xc7, 0xf8, 0xc7, 0xf8, 0xc7, 0xf8, 0xc7, 0xf8, 0xc7, 0xf8, 0xc7, 0xf8, 0xc7, 0xf8, 0xcf, 0xf8, 0xcf, 0xf8, 0xcf, 0xf8, 0xc7, 0xf8, 0xc7, 0xf6, 0xcf, 0xd2, 0xdf, 0x6b, 0xe7, 0x06, 0xef, 0x03, 0xff, 0x02, 0xff, 0x02, 0xff, 0x02, 0xff, 0x22, 0xff, 0x02, 0xff, 0xe1, 0xfe, 0xe1, 0xfe, 0x02, 0xff, 0x02, 0xff, 0x02, 0xff, 0xe2, 0xfe, 0xe2, 0xfe, 0xe2, 0xfe, 0xe2, 0xfe, 0xe2, 0xfe, 0xe2, 0xfe, 0xe2, 0xfe, 0x02, 0xff, 0x02, 0xff, 0x02, 0xff, 0x03, 0xff, 0x03, 0xff, 0x02, 0xff, 0x01, 0xff, 0x21, 0xff, 0x02, 0xff, 0x03, 0xff, 0x03, 0xff, 0xe3, 0xfe, 0x03, 0xff, 0x03, 0xff, 0xe3, 0xfe, 0x05, 0xf7, 0x4a, 0xef, 0x8f, 0xe7, 0xd4, 0xdf, 0xf7, 0xd7, 0xf8, 0xc7, 0xf8, 0xc7, 0xf8, 0xc7, 0xf8, 0xc7, 0xf8, 0xc7, 0xf8, 0xc7, 0xf8, 0xc7, 0xf8, 0xc7, 0xf8, 0xc7, 0xf8, 0xc7, 
  0xf8, 0xc7, 0xf8, 0xc7, 0xf8, 0xc7, 0xf8, 0xc7, 0xf8, 0xc7, 0xf8, 0xc7, 0xf8, 0xc7, 0xf8, 0xc7, 0xf8, 0xc7, 0xf8, 0xc7, 0xf8, 0xc7, 0xf8, 0xc7, 0xf8, 0xc7, 0xf8, 0xc7, 0xf8, 0xc7, 0xf8, 0xc7, 0xf8, 0xc7, 0xf8, 0xc7, 0xf8, 0xc7, 0xf8, 0xc7, 0xf8, 0xc7, 0xf8, 0xc7, 0xf8, 0xc7, 0xf8, 0xc7, 0xf8, 0xc7, 0xf8, 0xc7, 0xf8, 0xc7, 0xf8, 0xc7, 0xf8, 0xc7, 0xf8, 0xc7, 0xf8, 0xc7, 0xf8, 0xc7, 0xf8, 0xc7, 0xf8, 0xc7, 0xf8, 0xc7, 0xf8, 0xc7, 0xf8, 0xc7, 0xf8, 0xc7, 0xf8, 0xc7, 0xf8, 0xc7, 0xf8, 0xc7, 0xf8, 0xc7, 0xf8, 0xc7, 0xf8, 0xc7, 0xf8, 0xc7, 0xf8, 0xc7, 0xf8, 0xc7, 0xf8, 0xc7, 0xf8, 0xc7, 0xf9, 0xc7, 0xf8, 0xc7, 0xf8, 0xc7, 0xf8, 0xc7, 0xf8, 0xc7, 0xf7, 0xc7, 0xf8, 0xc7, 0xf8, 0xc7, 0xf8, 0xc7, 0xf8, 0xc7, 0xf8, 0xc7, 0xf8, 0xc7, 0xf8, 0xc7, 0xf8, 0xc7, 0xf8, 0xcf, 0xf7, 0xcf, 0xf7, 0xcf, 0xf7, 0xcf, 0xf5, 0xd7, 0xb1, 0xd7, 0x4b, 0xdf, 0x05, 0xef, 0x02, 0xff, 0x01, 0xff, 0x01, 0xff, 0x02, 0xff, 0x02, 0xff, 0x01, 0xff, 0x01, 0xff, 0x02, 0xff, 0x02, 0xff, 0x03, 0xff, 0x03, 0xff, 0x02, 0xff, 0x02, 0xff, 0x02, 0xff, 0x22, 0xff, 0x22, 0xff, 0x22, 0xff, 0x02, 0xff, 0x02, 0xff, 0x02, 0xff, 0x02, 0xff, 0x02, 0xff, 0x03, 0xff, 0x03, 0xff, 0x02, 0xff, 0x21, 0xff, 0x20, 0xff, 0x21, 0xff, 0x22, 0xff, 0x03, 0xff, 0xe3, 0xfe, 0xe3, 0xfe, 0xe3, 0xfe, 0xe2, 0xfe, 0xe2, 0xfe, 0x04, 0xf7, 0x49, 0xef, 0x90, 0xe7, 0xf4, 0xdf, 0xf7, 0xcf, 0xf8, 0xc7, 0xf8, 0xc7, 0xf9, 0xc7, 0xf9, 0xc7, 0xf9, 0xc7, 0xf8, 0xc7, 0xf8, 0xc7, 0xf8, 0xcf, 0xf8, 0xcf, 
  0xf8, 0xc7, 0xf8, 0xc7, 0xf8, 0xc7, 0xf8, 0xc7, 0xf8, 0xc7, 0xf8, 0xc7, 0xf8, 0xc7, 0xf8, 0xc7, 0xf8, 0xc7, 0xf8, 0xc7, 0xf8, 0xc7, 0xf8, 0xc7, 0xf8, 0xc7, 0xf8, 0xc7, 0xf8, 0xc7, 0xf8, 0xc7, 0xf8, 0xc7, 0xf8, 0xc7, 0xf8, 0xc7, 0xf8, 0xc7, 0xf8, 0xc7, 0xf8, 0xc7, 0xf8, 0xc7, 0xf8, 0xc7, 0xf8, 0xc7, 0xf8, 0xc7, 0xf8, 0xc7, 0xf8, 0xc7, 0xf8, 0xc7, 0xf8, 0xc7, 0xf8, 0xc7, 0xf8, 0xc7, 0xf8, 0xc7, 0xf8, 0xc7, 0xf8, 0xc7, 0xf8, 0xc7, 0xf8, 0xc7, 0xf8, 0xc7, 0xf8, 0xc7, 0xf8, 0xc7, 0xf8, 0xc7, 0xf8, 0xc7, 0xf8, 0xc7, 0xf8, 0xc7, 0xf8, 0xc7, 0xf8, 0xc7, 0xf8, 0xc7, 0xf8, 0xc7, 0xf8, 0xc7, 0xf8, 0xc7, 0xf8, 0xc7, 0xf8, 0xc7, 0xf8, 0xcf, 0xf7, 0xcf, 0xf8, 0xc7, 0xf8, 0xc7, 0xf8, 0xc7, 0xf8, 0xc7, 0xf8, 0xbf, 0xf9, 0xc7, 0xf9, 0xc7, 0xf9, 0xc7, 0xf8, 0xc7, 0xf8, 0xc7, 0xf6, 0xc7, 0xf6, 0xcf, 0xf5, 0xdf, 0xb0, 0xdf, 0x4a, 0xe7, 0x25, 0xef, 0x03, 0xff, 0x02, 0xff, 0x02, 0xff, 0x02, 0xff, 0x02, 0xff, 0x02, 0xff, 0x01, 0xff, 0x01, 0xff, 0x01, 0xff, 0x01, 0xff, 0x02, 0xff, 0x02, 0xff, 0x02, 0xff, 0x02, 0xff, 0x02, 0xff, 0x02, 0xff, 0x02, 0xff, 0x02, 0xff, 0x02, 0xff, 0x02, 0xff, 0x02, 0xff, 0x02, 0xff, 0x02, 0xff, 0x02, 0xff, 0x02, 0xff, 0x01, 0xff, 0x00, 0xff, 0x00, 0xff, 0x00, 0xff, 0x01, 0xff, 0x02, 0xff, 0x02, 0xff, 0x02, 0xff, 0x02, 0xff, 0x01, 0xff, 0x01, 0xff, 0x02, 0xff, 0x04, 0xf7, 0x48, 0xef, 0xad, 0xdf, 0xf3, 0xd7, 0xf7, 0xcf, 0xf8, 0xc7, 0xf9, 0xbf, 0xf9, 0xbf, 0xf9, 0xbf, 0xf8, 0xc7, 0xf8, 0xc7, 0xf7, 0xcf, 0xf7, 0xcf, 
  0xf8, 0xc7, 0xf8, 0xc7, 0xf8, 0xc7, 0xf8, 0xc7, 0xf8, 0xc7, 0xf8, 0xc7, 0xf8, 0xc7, 0xf8, 0xc7, 0xf8, 0xc7, 0xf8, 0xc7, 0xf8, 0xc7, 0xf8, 0xc7, 0xf8, 0xc7, 0xf8, 0xc7, 0xf8, 0xc7, 0xf8, 0xc7, 0xf8, 0xc7, 0xf8, 0xc7, 0xf8, 0xc7, 0xf8, 0xc7, 0xf8, 0xc7, 0xf8, 0xc7, 0xf8, 0xc7, 0xf8, 0xc7, 0xf8, 0xc7, 0xf8, 0xc7, 0xf8, 0xc7, 0xf8, 0xc7, 0xf8, 0xc7, 0xf8, 0xc7, 0xf8, 0xc7, 0xf8, 0xc7, 0xf8, 0xc7, 0xf8, 0xc7, 0xf8, 0xc7, 0xf8, 0xc7, 0xf8, 0xc7, 0xf8, 0xc7, 0xf8, 0xc7, 0xf8, 0xc7, 0xf8, 0xc7, 0xf8, 0xc7, 0xf8, 0xc7, 0xf8, 0xc7, 0xf8, 0xc7, 0xf8, 0xc7, 0xf8, 0xc7, 0xf8, 0xc7, 0xf8, 0xc7, 0xf8, 0xc7, 0xf8, 0xc7, 0xf8, 0xcf, 0xf7, 0xcf, 0xf7, 0xcf, 0xf8, 0xc7, 0xf8, 0xc7, 0xf8, 0xc7, 0xf9, 0xbf, 0xf9, 0xbf, 0xf9, 0xc7, 0xf9, 0xc7, 0xf9, 0xc7, 0xf9, 0xc7, 0xf7, 0xc7, 0xf6, 0xc7, 0xf3, 0xcf, 0xaf, 0xdf, 0x49, 0xe7, 0x04, 0xf7, 0x02, 0xff, 0x02, 0xff, 0xe1, 0xfe, 0xe2, 0xfe, 0xe2, 0xfe, 0xe1, 0xfe, 0x01, 0xff, 0x01, 0xff, 0x02, 0xff, 0x02, 0xff, 0x02, 0xff, 0x01, 0xff, 0x01, 0xff, 0x01, 0xff, 0x01, 0xff, 0x01, 0xff, 0x02, 0xff, 0x02, 0xff, 0x02, 0xff, 0x02, 0xff, 0x02, 0xff, 0x02, 0xff, 0x02, 0xff, 0x01, 0xff, 0x01, 0xff, 0x01, 0xff, 0x01, 0xff, 0x01, 0xff, 0x01, 0xff, 0x01, 0xff, 0x01, 0xff, 0x02, 0xff, 0x02, 0xff, 0x02, 0xff, 0x01, 0xff, 0x01, 0xff, 0x00, 0xff, 0x00, 0xff, 0x02, 0xff, 0x24, 0xef, 0x68, 0xe7, 0xae, 0xdf, 0xf3, 0xd7, 0xf6, 0xcf, 0xf8, 0xc7, 0xf9, 0xbf, 0xf9, 0xbf, 0xf8, 0xc7, 0xf7, 0xc7, 0xf7, 0xc7, 0xf7, 0xcf, 
  0xf8, 0xc7, 0xf8, 0xc7, 0xf8, 0xc7, 0xf8, 0xc7, 0xf8, 0xc7, 0xf8, 0xc7, 0xf8, 0xc7, 0xf8, 0xc7, 0xf8, 0xc7, 0xf8, 0xc7, 0xf8, 0xc7, 0xf8, 0xc7, 0xf8, 0xc7, 0xf8, 0xc7, 0xf8, 0xc7, 0xf8, 0xc7, 0xf8, 0xc7, 0xf8, 0xc7, 0xf8, 0xc7, 0xf8, 0xc7, 0xf8, 0xc7, 0xf8, 0xc7, 0xf8, 0xc7, 0xf8, 0xc7, 0xf8, 0xc7, 0xf8, 0xc7, 0xf8, 0xc7, 0xf8, 0xc7, 0xf8, 0xc7, 0xf8, 0xc7, 0xf8, 0xc7, 0xf8, 0xc7, 0xf8, 0xc7, 0xf8, 0xc7, 0xf8, 0xc7, 0xf8, 0xc7, 0xf8, 0xc7, 0xf8, 0xc7, 0xf8, 0xc7, 0xf8, 0xc7, 0xf8, 0xc7, 0xf8, 0xc7, 0xf8, 0xc7, 0xf8, 0xc7, 0xf8, 0xc7, 0xf8, 0xc7, 0xf8, 0xc7, 0xf8, 0xc7, 0xf8, 0xc7, 0xf8, 0xc7, 0xf8, 0xc7, 0xf8, 0xcf, 0xf7, 0xcf, 0xf8, 0xcf, 0xf8, 0xc7, 0xf8, 0xc7, 0xf9, 0xc7, 0xf9, 0xbf, 0xf9, 0xbf, 0xf9, 0xbf, 0xf9, 0xc7, 0xf8, 0xc7, 0xf8, 0xc7, 0xf6, 0xcf, 0xf4, 0xd7, 0xcf, 0xdf, 0x48, 0xe7, 0x03, 0xf7, 0xe1, 0xfe, 0xe1, 0xfe, 0xe2, 0xfe, 0xe2, 0xfe, 0xe2, 0xfe, 0xe1, 0xfe, 0xe1, 0xfe, 0xe1, 0xfe, 0x01, 0xff, 0x02, 0xff, 0x03, 0xff, 0x03, 0xff, 0x02, 0xff, 0x01, 0xff, 0x01, 0xff, 0x01, 0xff, 0x01, 0xff, 0x02, 0xff, 0x02, 0xff, 0x02, 0xff, 0x02, 0xff, 0x02, 0xff, 0x02, 0xff, 0x01, 0xff, 0x01, 0xff, 0x01, 0xff, 0x01, 0xff, 0xe1, 0xfe, 0xe2, 0xfe, 0xe2, 0xfe, 0xe2, 0xfe, 0x02, 0xff, 0x01, 0xff, 0x01, 0xff, 0x01, 0xff, 0xe1, 0xfe, 0xe1, 0xfe, 0xe1, 0xfe, 0xe1, 0xfe, 0x01, 0xff, 0x03, 0xf7, 0x04, 0xef, 0x46, 0xef, 0xab, 0xe7, 0xf3, 0xdf, 0xf7, 0xcf, 0xf8, 0xc7, 0xf9, 0xc7, 0xf8, 0xc7, 0xf7, 0xc7, 0xf7, 0xc7, 0xf6, 0xcf, 
  0xf8, 0xc7, 0xf8, 0xc7, 0xf8, 0xc7, 0xf8, 0xc7, 0xf8, 0xc7, 0xf8, 0xc7, 0xf8, 0xc7, 0xf8, 0xc7, 0xf8, 0xc7, 0xf8, 0xc7, 0xf8, 0xc7, 0xf8, 0xc7, 0xf8, 0xc7, 0xf8, 0xc7, 0xf8, 0xc7, 0xf8, 0xc7, 0xf8, 0xc7, 0xf8, 0xc7, 0xf8, 0xc7, 0xf8, 0xc7, 0xf8, 0xc7, 0xf8, 0xc7, 0xf8, 0xc7, 0xf8, 0xc7, 0xf8, 0xc7, 0xf8, 0xc7, 0xf8, 0xc7, 0xf8, 0xc7, 0xf8, 0xc7, 0xf8, 0xc7, 0xf8, 0xc7, 0xf8, 0xc7, 0xf8, 0xc7, 0xf8, 0xc7, 0xf8, 0xc7, 0xf8, 0xc7, 0xf8, 0xc7, 0xf8, 0xc7, 0xf8, 0xc7, 0xf8, 0xc7, 0xf8, 0xc7, 0xf8, 0xc7, 0xf8, 0xc7, 0xf8, 0xc7, 0xf8, 0xc7, 0xf8, 0xc7, 0xf8, 0xc7, 0xf8, 0xc7, 0xf8, 0xc7, 0xf8, 0xc7, 0xf8, 0xc7, 0xf8, 0xc7, 0xf7, 0xcf, 0xf8, 0xc7, 0xf8, 0xc7, 0xf8, 0xc7, 0xf9, 0xc7, 0xf9, 0xc7, 0xf9, 0xbf, 0xf9, 0xbf, 0xf8, 0xc7, 0xf8, 0xcf, 0xf7, 0xcf, 0xf5, 0xd7, 0xb0, 0xe7, 0x6a, 0xe7, 0x04, 0xef, 0xe1, 0xfe, 0xe1, 0xfe, 0xe1, 0xfe, 0xc2, 0xfe, 0xe2, 0xfe, 0xe1, 0xfe, 0xe1, 0xfe, 0xe1, 0xfe, 0xe1, 0xfe, 0xe1, 0xfe, 0x02, 0xff, 0x03, 0xff, 0x03, 0xff, 0xe2, 0xfe, 0xe1, 0xfe, 0xe1, 0xfe, 0xe1, 0xfe, 0xe1, 0xfe, 0xe1, 0xfe, 0xe1, 0xfe, 0xe2, 0xfe, 0x02, 0xff, 0x02, 0xff, 0x02, 0xff, 0x02, 0xff, 0x01, 0xff, 0xe1, 0xfe, 0xe1, 0xfe, 0xe2, 0xfe, 0xc2, 0xfe, 0xc2, 0xfe, 0xe2, 0xfe, 0x02, 0xff, 0x01, 0xff, 0x01, 0xff, 0xe1, 0xfe, 0xe2, 0xfe, 0xc1, 0xfe, 0xe1, 0xfe, 0x01, 0xff, 0x02, 0xff, 0x02, 0xff, 0x02, 0xf7, 0x02, 0xf7, 0x26, 0xef, 0xae, 0xe7, 0xd4, 0xd7, 0xf7, 0xcf, 0xf8, 0xc7, 0xf8, 0xbf, 0xf7, 0xbf, 0xf7, 0xc7, 0xf6, 0xcf, 
  0xf8, 0xc7, 0xf8, 0xc7, 0xf8, 0xc7, 0xf8, 0xc7, 0xf8, 0xc7, 0xf8, 0xc7, 0xf8, 0xc7, 0xf8, 0xc7, 0xf8, 0xc7, 0xf8, 0xc7, 0xf8, 0xc7, 0xf8, 0xc7, 0xf8, 0xc7, 0xf8, 0xc7, 0xf8, 0xc7, 0xf8, 0xc7, 0xf8, 0xc7, 0xf8, 0xc7, 0xf8, 0xc7, 0xf8, 0xc7, 0xf8, 0xc7, 0xf8, 0xc7, 0xf8, 0xc7, 0xf8, 0xc7, 0xf8, 0xc7, 0xf8, 0xc7, 0xf8, 0xc7, 0xf8, 0xc7, 0xf8, 0xc7, 0xf8, 0xc7, 0xf8, 0xc7, 0xf8, 0xc7, 0xf8, 0xc7, 0xf8, 0xc7, 0xf8, 0xc7, 0xf8, 0xc7, 0xf8, 0xc7, 0xf8, 0xc7, 0xf8, 0xc7, 0xf8, 0xc7, 0xf8, 0xc7, 0xf8, 0xc7, 0xf8, 0xc7, 0xf8, 0xc7, 0xf8, 0xc7, 0xf8, 0xc7, 0xf8, 0xc7, 0xf8, 0xc7, 0xf8, 0xc7, 0xf8, 0xc7, 0xf8, 0xc7, 0xf8, 0xc7, 0xf8, 0xc7, 0xf8, 0xc7, 0xf8, 0xc7, 0xf8, 0xc7, 0xf8, 0xbf, 0xf9, 0xbf, 0xf9, 0xc7, 0xf8, 0xc7, 0xf8, 0xcf, 0xf7, 0xd7, 0xf7, 0xd7, 0xd3, 0xe7, 0x2a, 0xf7, 0xe6, 0xfe, 0xe4, 0xfe, 0x03, 0xff, 0x02, 0xff, 0x01, 0xff, 0x02, 0xff, 0x02, 0xff, 0x02, 0xff, 0x01, 0xff, 0x01, 0xff, 0xe1, 0xfe, 0xe1, 0xfe, 0xe1, 0xfe, 0x01, 0xff, 0x02, 0xff, 0xe2, 0xfe, 0xe2, 0xfe, 0xe2, 0xfe, 0xe2, 0xfe, 0xe2, 0xfe, 0xe2, 0xfe, 0xe2, 0xfe, 0xe2, 0xfe, 0xe1, 0xfe, 0xe1, 0xfe, 0xe1, 0xfe, 0xe2, 0xfe, 0xe2, 0xfe, 0xe2, 0xfe, 0xe2, 0xfe, 0xe2, 0xfe, 0xe2, 0xfe, 0xe2, 0xfe, 0xe2, 0xfe, 0xe1, 0xfe, 0xe2, 0xfe, 0xe2, 0xfe, 0xe2, 0xfe, 0xe2, 0xfe, 0xc1, 0xfe, 0xe2, 0xfe, 0xe2, 0xfe, 0xe2, 0xfe, 0xe2, 0xfe, 0xe2, 0xfe, 0xe2, 0xfe, 0xe4, 0xf6, 0x2a, 0xe7, 0xaf, 0xe7, 0xf5, 0xdf, 0xf7, 0xcf, 0xf8, 0xc7, 0xf8, 0xbf, 0xf7, 0xc7, 0xf6, 0xc7, 
  0xf8, 0xc7, 0xf8, 0xc7, 0xf8, 0xc7, 0xf8, 0xc7, 0xf8, 0xc7, 0xf8, 0xc7, 0xf8, 0xc7, 0xf8, 0xc7, 0xf8, 0xc7, 0xf8, 0xc7, 0xf8, 0xc7, 0xf8, 0xc7, 0xf8, 0xc7, 0xf8, 0xc7, 0xf8, 0xc7, 0xf8, 0xc7, 0xf8, 0xc7, 0xf8, 0xc7, 0xf8, 0xc7, 0xf8, 0xc7, 0xf8, 0xc7, 0xf8, 0xc7, 0xf8, 0xc7, 0xf8, 0xc7, 0xf8, 0xc7, 0xf8, 0xc7, 0xf8, 0xc7, 0xf8, 0xc7, 0xf8, 0xc7, 0xf8, 0xc7, 0xf8, 0xc7, 0xf8, 0xc7, 0xf8, 0xc7, 0xf8, 0xc7, 0xf8, 0xc7, 0xf8, 0xc7, 0xf8, 0xc7, 0xf8, 0xc7, 0xf8, 0xc7, 0xf8, 0xc7, 0xf8, 0xc7, 0xf8, 0xc7, 0xf8, 0xc7, 0xf8, 0xc7, 0xf8, 0xc7, 0xf8, 0xc7, 0xf8, 0xc7, 0xf8, 0xc7, 0xf8, 0xc7, 0xf8, 0xc7, 0xf8, 0xc7, 0xf8, 0xc7, 0xf8, 0xc7, 0xf8, 0xc7, 0xf8, 0xc7, 0xf8, 0xc7, 0xf8, 0xbf, 0xf9, 0xbf, 0xf8, 0xc7, 0xf8, 0xc7, 0xf7, 0xcf, 0xd6, 0xd7, 0xb4, 0xd7, 0x50, 0xdf, 0xc8, 0xf6, 0xa5, 0xfe, 0xc5, 0xf6, 0xe5, 0xf6, 0xe4, 0xf6, 0xe3, 0xf6, 0xe3, 0xfe, 0x03, 0xff, 0x03, 0xff, 0x02, 0xff, 0x02, 0xff, 0x01, 0xff, 0xe1, 0xfe, 0xe1, 0xfe, 0xe1, 0xfe, 0xe1, 0xfe, 0xe2, 0xfe, 0xe2, 0xfe, 0xe2, 0xfe, 0xe2, 0xfe, 0xe2, 0xfe, 0xe2, 0xfe, 0xe1, 0xfe, 0xe1, 0xfe, 0xe1, 0xfe, 0xe1, 0xfe, 0xe1, 0xfe, 0xe2, 0xfe, 0xe2, 0xfe, 0xe2, 0xfe, 0xe2, 0xfe, 0xe2, 0xfe, 0xe2, 0xfe, 0x02, 0xff, 0xe1, 0xfe, 0xe2, 0xfe, 0xe2, 0xfe, 0xe2, 0xfe, 0xe2, 0xfe, 0xe2, 0xfe, 0xe2, 0xfe, 0x02, 0xff, 0x02, 0xff, 0xc2, 0xfe, 0xe2, 0xfe, 0xe2, 0xfe, 0xe2, 0xfe, 0xc3, 0xfe, 0xe6, 0xf6, 0x6b, 0xef, 0xd2, 0xe7, 0xd6, 0xcf, 0xf8, 0xc7, 0xf8, 0xbf, 0xf7, 0xc7, 0xf6, 0xc7, 
  0xf8, 0xc7, 0xf8, 0xc7, 0xf8, 0xc7, 0xf8, 0xc7, 0xf8, 0xc7, 0xf8, 0xc7, 0xf8, 0xc7, 0xf8, 0xc7, 0xf8, 0xc7, 0xf8, 0xc7, 0xf8, 0xc7, 0xf8, 0xc7, 0xf8, 0xc7, 0xf8, 0xc7, 0xf8, 0xc7, 0xf8, 0xc7, 0xf8, 0xc7, 0xf8, 0xc7, 0xf8, 0xc7, 0xf8, 0xc7, 0xf8, 0xc7, 0xf8, 0xc7, 0xf8, 0xc7, 0xf8, 0xc7, 0xf8, 0xc7, 0xf8, 0xc7, 0xf8, 0xc7, 0xf8, 0xc7, 0xf8, 0xc7, 0xf8, 0xc7, 0xf8, 0xc7, 0xf8, 0xc7, 0xf8, 0xc7, 0xf8, 0xc7, 0xf8, 0xc7, 0xf8, 0xc7, 0xf8, 0xc7, 0xf8, 0xc7, 0xf8, 0xc7, 0xf8, 0xc7, 0xf8, 0xc7, 0xf8, 0xc7, 0xf8, 0xc7, 0xf8, 0xc7, 0xf8, 0xc7, 0xf8, 0xc7, 0xf8, 0xc7, 0xf8, 0xc7, 0xf8, 0xc7, 0xf8, 0xc7, 0xf8, 0xc7, 0xf8, 0xc7, 0xf8, 0xc7, 0xf8, 0xc7, 0xf8, 0xc7, 0xf8, 0xc7, 0xf8, 0xc7, 0xf9, 0xc7, 0xf8, 0xc7, 0xf7, 0xcf, 0xf6, 0xd7, 0xd5, 0xdf, 0x93, 0xd7, 0x30, 0xdf, 0xcb, 0xee, 0xc9, 0xf6, 0xe9, 0xf6, 0xe8, 0xf6, 0xe8, 0xf6, 0xe7, 0xf6, 0xc6, 0xfe, 0xe5, 0xfe, 0xe4, 0xfe, 0xe3, 0xfe, 0x02, 0xff, 0x01, 0xff, 0xe1, 0xfe, 0xe1, 0xfe, 0xc2, 0xfe, 0xc2, 0xfe, 0xe2, 0xfe, 0xe2, 0xfe, 0xe2, 0xfe, 0xe2, 0xfe, 0xe2, 0xfe, 0xe2, 0xfe, 0xe2, 0xfe, 0xe1, 0xfe, 0xe1, 0xfe, 0xe1, 0xfe, 0xe1, 0xfe, 0xe1, 0xfe, 0xe1, 0xfe, 0xe1, 0xfe, 0xe1, 0xfe, 0xe1, 0xfe, 0x01, 0xff, 0xe1, 0xfe, 0xe2, 0xfe, 0xe2, 0xfe, 0xe2, 0xfe, 0xe2, 0xfe, 0xe2, 0xfe, 0x01, 0xff, 0x02, 0xff, 0x02, 0xff, 0x02, 0xff, 0xe2, 0xfe, 0xe2, 0xfe, 0xe2, 0xfe, 0xe1, 0xfe, 0xe2, 0xfe, 0xe3, 0xfe, 0x27, 0xf7, 0x6f, 0xe7, 0xd5, 0xd7, 0xf8, 0xc7, 0xf9, 0xbf, 0xf7, 0xbf, 0xf7, 0xbf, 
  0xf8, 0xc7, 0xf8, 0xc7, 0xf8, 0xc7, 0xf8, 0xc7, 0xf8, 0xc7, 0xf8, 0xc7, 0xf8, 0xc7, 0xf8, 0xc7, 0xf8, 0xc7, 0xf8, 0xc7, 0xf8, 0xc7, 0xf8, 0xc7, 0xf8, 0xc7, 0xf8, 0xc7, 0xf8, 0xc7, 0xf8, 0xc7, 0xf8, 0xc7, 0xf8, 0xc7, 0xf8, 0xc7, 0xf8, 0xc7, 0xf8, 0xc7, 0xf8, 0xc7, 0xf8, 0xc7, 0xf8, 0xc7, 0xf8, 0xc7, 0xf8, 0xc7, 0xf8, 0xc7, 0xf8, 0xc7, 0xf8, 0xc7, 0xf8, 0xc7, 0xf8, 0xc7, 0xf8, 0xc7, 0xf8, 0xc7, 0xf8, 0xc7, 0xf8, 0xc7, 0xf8, 0xc7, 0xf8, 0xc7, 0xf8, 0xc7, 0xf8, 0xc7, 0xf8, 0xc7, 0xf8, 0xc7, 0xf8, 0xc7, 0xf8, 0xc7, 0xf8, 0xc7, 0xf8, 0xc7, 0xf8, 0xc7, 0xf8, 0xc7, 0xf8, 0xc7, 0xf8, 0xc7, 0xf8, 0xc7, 0xf8, 0xc7, 0xf8, 0xc7, 0xf8, 0xcf, 0xf8, 0xcf, 0xf8, 0xcf, 0xf9, 0xc7, 0xf9, 0xc7, 0xf9, 0xcf, 0xf9, 0xcf, 0xd8, 0xd7, 0xd7, 0xdf, 0xf7, 0xe7, 0xb5, 0xef, 0x72, 0xef, 0x91, 0xff, 0x70, 0xff, 0x6f, 0xff, 0x6f, 0xff, 0x8f, 0xff, 0x6e, 0xff, 0x4d, 0xff, 0x2b, 0xff, 0xc9, 0xfe, 0xe7, 0xfe, 0xe5, 0xfe, 0xe4, 0xfe, 0xe3, 0xfe, 0xe2, 0xfe, 0xc3, 0xfe, 0xc2, 0xfe, 0xe1, 0xfe, 0xe1, 0xfe, 0xe1, 0xfe, 0xe1, 0xfe, 0xe1, 0xfe, 0xe1, 0xfe, 0xe1, 0xfe, 0xe1, 0xfe, 0xe1, 0xfe, 0xe2, 0xfe, 0xe2, 0xfe, 0xe1, 0xfe, 0xe1, 0xfe, 0x01, 0xff, 0x01, 0xff, 0x01, 0xff, 0xe1, 0xfe, 0xe1, 0xfe, 0xe2, 0xfe, 0xc2, 0xfe, 0xe2, 0xfe, 0xe1, 0xfe, 0xe1, 0xfe, 0x01, 0xff, 0x01, 0xff, 0x01, 0xff, 0x02, 0xff, 0x02, 0xff, 0x02, 0xff, 0xc1, 0xfe, 0xc1, 0xfe, 0xe1, 0xfe, 0xe2, 0xfe, 0xe4, 0xf6, 0x0b, 0xef, 0xb2, 0xe7, 0xf7, 0xcf, 0xf8, 0xbf, 0xf7, 0xbf, 0xf7, 0xbf, 
  0xf8, 0xc7, 0xf8, 0xc7, 0xf8, 0xc7, 0xf8, 0xc7, 0xf8, 0xc7, 0xf8, 0xc7, 0xf8, 0xc7, 0xf8, 0xc7, 0xf8, 0xc7, 0xf8, 0xc7, 0xf8, 0xc7, 0xf8, 0xc7, 0xf8, 0xc7, 0xf8, 0xc7, 0xf8, 0xc7, 0xf8, 0xc7, 0xf8, 0xc7, 0xf8, 0xc7, 0xf8, 0xc7, 0xf8, 0xc7, 0xf8, 0xc7, 0xf8, 0xc7, 0xf8, 0xc7, 0xf8, 0xc7, 0xf8, 0xc7, 0xf8, 0xc7, 0xf8, 0xc7, 0xf8, 0xc7, 0xf8, 0xc7, 0xf8, 0xc7, 0xf8, 0xc7, 0xf8, 0xc7, 0xf8, 0xc7, 0xf8, 0xc7, 0xf8, 0xc7, 0xf8, 0xc7, 0xf8, 0xc7, 0xf9, 0xc7, 0xf9, 0xc7, 0xf8, 0xc7, 0xf9, 0xcf, 0xf8, 0xc7, 0xf8, 0xc7, 0xf8, 0xc7, 0xf8, 0xc7, 0xf8, 0xc7, 0xf8, 0xc7, 0xf8, 0xc7, 0xf7, 0xbf, 0xf7, 0xbf, 0xf8, 0xc7, 0xf9, 0xcf, 0xf9, 0xcf, 0xd9, 0xd7, 0xd9, 0xd7, 0xd9, 0xd7, 0xda, 0xd7, 0xdb, 0xd7, 0xdb, 0xdf, 0xdb, 0xe7, 0xda, 0xef, 0xb8, 0xef, 0x96, 0xf7, 0x75, 0xf7, 0x74, 0xff, 0x74, 0xff, 0x74, 0xff, 0x74, 0xff, 0x74, 0xf7, 0x74, 0xf7, 0x74, 0xff, 0x74, 0xff, 0x73, 0xff, 0x71, 0xff, 0x4e, 0xff, 0x0a, 0xff, 0xe7, 0xf6, 0xc4, 0xf6, 0xe3, 0xfe, 0x02, 0xff, 0xe1, 0xfe, 0x01, 0xff, 0x01, 0xff, 0xe1, 0xfe, 0xe1, 0xfe, 0xe1, 0xfe, 0xe1, 0xfe, 0xe1, 0xfe, 0xe1, 0xfe, 0xe2, 0xfe, 0xe2, 0xfe, 0xe2, 0xfe, 0xe1, 0xfe, 0xe1, 0xfe, 0xe1, 0xfe, 0xe1, 0xfe, 0xe1, 0xfe, 0xe1, 0xfe, 0xe2, 0xfe, 0xe2, 0xfe, 0xe2, 0xfe, 0xe1, 0xfe, 0xe1, 0xfe, 0xe1, 0xfe, 0xe1, 0xfe, 0xe1, 0xfe, 0xe2, 0xfe, 0xe2, 0xfe, 0xe2, 0xfe, 0xe1, 0xfe, 0xe1, 0xfe, 0xe1, 0xfe, 0xc1, 0xfe, 0xe3, 0xfe, 0xe6, 0xfe, 0x2b, 0xef, 0xf4, 0xdf, 0xf7, 0xbf, 0xf8, 0xc7, 0xf8, 0xbf, 
  0xf8, 0xc7, 0xf8, 0xc7, 0xf8, 0xc7, 0xf8, 0xc7, 0xf8, 0xc7, 0xf8, 0xc7, 0xf8, 0xc7, 0xf8, 0xc7, 0xf8, 0xc7, 0xf8, 0xc7, 0xf8, 0xc7, 0xf8, 0xc7, 0xf8, 0xc7, 0xf8, 0xc7, 0xf8, 0xc7, 0xf8, 0xc7, 0xf8, 0xc7, 0xf8, 0xc7, 0xf8, 0xc7, 0xf8, 0xc7, 0xf8, 0xc7, 0xf8, 0xc7, 0xf8, 0xc7, 0xf8, 0xc7, 0xf8, 0xc7, 0xf8, 0xc7, 0xf8, 0xc7, 0xf8, 0xc7, 0xf8, 0xc7, 0xf8, 0xc7, 0xf8, 0xc7, 0xf8, 0xc7, 0xf8, 0xc7, 0xf8, 0xc7, 0xf8, 0xc7, 0xf8, 0xc7, 0xf8, 0xc7, 0xf9, 0xc7, 0xf9, 0xc7, 0xf8, 0xc7, 0xf8, 0xcf, 0xf8, 0xc7, 0xf8, 0xc7, 0xf8, 0xc7, 0xf8, 0xc7, 0xf8, 0xc7, 0xf8, 0xc7, 0xf8, 0xc7, 0xf8, 0xc7, 0xf8, 0xc7, 0xf8, 0xc7, 0xd9, 0xcf, 0xd9, 0xcf, 0xda, 0xd7, 0xda, 0xdf, 0xdb, 0xdf, 0xdb, 0xdf, 0xbc, 0xdf, 0xbc, 0xe7, 0xbc, 0xef, 0x9b, 0xef, 0x79, 0xf7, 0x57, 0xf7, 0x56, 0xf7, 0x56, 0xf7, 0x56, 0xf7, 0x57, 0xf7, 0x77, 0xf7, 0x77, 0xf7, 0x77, 0xf7, 0x58, 0xf7, 0x57, 0xf7, 0x57, 0xf7, 0x56, 0xff, 0x74, 0xff, 0x71, 0xff, 0x4e, 0xff, 0x2b, 0xff, 0xe7, 0xf6, 0xc5, 0xf6, 0xc3, 0xfe, 0xc2, 0xfe, 0xe1, 0xfe, 0x01, 0xff, 0xe1, 0xfe, 0xc1, 0xfe, 0xc1, 0xfe, 0xe1, 0xfe, 0xe2, 0xfe, 0xe2, 0xfe, 0xe2, 0xfe, 0xe2, 0xfe, 0xe1, 0xfe, 0xe1, 0xfe, 0xe1, 0xfe, 0xe1, 0xfe, 0xe1, 0xfe, 0xe1, 0xfe, 0xe1, 0xfe, 0xe1, 0xfe, 0xe1, 0xfe, 0xe1, 0xfe, 0xe1, 0xfe, 0xe1, 0xfe, 0xe1, 0xfe, 0xe1, 0xfe, 0xe1, 0xfe, 0xe1, 0xfe, 0xe1, 0xfe, 0xe1, 0xfe, 0xe1, 0xfe, 0xe1, 0xfe, 0xe1, 0xfe, 0xe2, 0xfe, 0xc3, 0xfe, 0x08, 0xf7, 0xf1, 0xdf, 0xf5, 0xc7, 0xf8, 0xc7, 0xf9, 0xc7, 
  0xf8, 0xc7, 0xf8, 0xc7, 0xf8, 0xc7, 0xf8, 0xc7, 0xf8, 0xc7, 0xf8, 0xc7, 0xf8, 0xc7, 0xf8, 0xc7, 0xf8, 0xc7, 0xf8, 0xc7, 0xf8, 0xc7, 0xf8, 0xc7, 0xf8, 0xc7, 0xf8, 0xc7, 0xf8, 0xc7, 0xf8, 0xc7, 0xf8, 0xc7, 0xf8, 0xc7, 0xf8, 0xc7, 0xf8, 0xc7, 0xf8, 0xc7, 0xf8, 0xc7, 0xf8, 0xc7, 0xf8, 0xc7, 0xf8, 0xc7, 0xf8, 0xc7, 0xf8, 0xc7, 0xf8, 0xc7, 0xf8, 0xc7, 0xf8, 0xc7, 0xf8, 0xc7, 0xf8, 0xc7, 0xf8, 0xc7, 0xf8, 0xc7, 0xf8, 0xc7, 0xf8, 0xc7, 0xf8, 0xc7, 0xf8, 0xc7, 0xf8, 0xc7, 0xf8, 0xc7, 0xf8, 0xc7, 0xf8, 0xc7, 0xf8, 0xc7, 0xf8, 0xc7, 0xf8, 0xc7, 0xf8, 0xc7, 0xf8, 0xc7, 0xf8, 0xc7, 0xf8, 0xc7, 0xf8, 0xc7, 0xd9, 0xcf, 0xd9, 0xcf, 0xda, 0xd7, 0xda, 0xdf, 0xdb, 0xe7, 0xfb, 0xe7, 0xdc, 0xe7, 0xbc, 0xe7, 0xbc, 0xe7, 0x9c, 0xef, 0x9b, 0xef, 0x79, 0xf7, 0x57, 0xf7, 0x56, 0xf7, 0x57, 0xf7, 0x57, 0xff, 0x57, 0xf7, 0x57, 0xf7, 0x77, 0xf7, 0x77, 0xf7, 0x58, 0xf7, 0x58, 0xf7, 0x58, 0xf7, 0x58, 0xf7, 0x37, 0xff, 0x56, 0xff, 0x55, 0xff, 0x53, 0xff, 0x11, 0xff, 0xee, 0xfe, 0xca, 0xfe, 0xa6, 0xf6, 0xc2, 0xfe, 0xe2, 0xfe, 0xe2, 0xfe, 0xc1, 0xfe, 0xc1, 0xfe, 0xc1, 0xfe, 0xc1, 0xfe, 0xe1, 0xfe, 0xe1, 0xfe, 0xe1, 0xfe, 0xc2, 0xfe, 0xc2, 0xfe, 0xe1, 0xfe, 0xe1, 0xfe, 0xe1, 0xfe, 0xe1, 0xfe, 0xe1, 0xfe, 0xe1, 0xfe, 0xe1, 0xfe, 0xe1, 0xfe, 0xe1, 0xfe, 0xe1, 0xfe, 0xe1, 0xfe, 0xe1, 0xfe, 0xe1, 0xfe, 0xe1, 0xfe, 0xe1, 0xfe, 0xe1, 0xfe, 0xe1, 0xfe, 0xe1, 0xfe, 0xe1, 0xfe, 0xe2, 0xfe, 0xc3, 0xfe, 0xe6, 0xf6, 0x8d, 0xdf, 0xf4, 0xd7, 0xf7, 0xc7, 0xf9, 0xc7, 
  0xf8, 0xc7, 0xf8, 0xc7, 0xf8, 0xc7, 0xf8, 0xc7, 0xf8, 0xc7, 0xf8, 0xc7, 0xf8, 0xc7, 0xf8, 0xc7, 0xf8, 0xc7, 0xf8, 0xc7, 0xf8, 0xc7, 0xf8, 0xc7, 0xf8, 0xc7, 0xf8, 0xc7, 0xf8, 0xc7, 0xf8, 0xc7, 0xf8, 0xc7, 0xf8, 0xc7, 0xf8, 0xc7, 0xf8, 0xc7, 0xf8, 0xc7, 0xf8, 0xc7, 0xf8, 0xc7, 0xf8, 0xc7, 0xf8, 0xc7, 0xf8, 0xc7, 0xf8, 0xc7, 0xf8, 0xc7, 0xf8, 0xc7, 0xf8, 0xc7, 0xf8, 0xc7, 0xf8, 0xc7, 0xf8, 0xc7, 0xf8, 0xc7, 0xf8, 0xc7, 0xf8, 0xc7, 0xf8, 0xc7, 0xf8, 0xc7, 0xf8, 0xc7, 0xf8, 0xc7, 0xf8, 0xc7, 0xf7, 0xc7, 0xf7, 0xc7, 0xf8, 0xc7, 0xf8, 0xc7, 0xf8, 0xc7, 0xf8, 0xc7, 0xf8, 0xc7, 0xf8, 0xc7, 0xf9, 0xcf, 0xda, 0xd7, 0xdb, 0xd7, 0xdb, 0xdf, 0xdb, 0xe7, 0xdb, 0xe7, 0xbc, 0xe7, 0xbc, 0xe7, 0xbc, 0xe7, 0x9c, 0xe7, 0x9c, 0xef, 0x7a, 0xef, 0x59, 0xf7, 0x57, 0xf7, 0x57, 0xff, 0x57, 0xff, 0x57, 0xff, 0x57, 0xf7, 0x57, 0xf7, 0x77, 0xf7, 0x77, 0xf7, 0x77, 0xf7, 0x58, 0xf7, 0x78, 0xf7, 0x58, 0xf7, 0x18, 0xf7, 0x17, 0xf7, 0x37, 0xff, 0x57, 0xff, 0x56, 0xff, 0x54, 0xff, 0x50, 0xff, 0xeb, 0xfe, 0xc6, 0xf6, 0xc4, 0xfe, 0xe3, 0xfe, 0xc2, 0xfe, 0xc2, 0xfe, 0xc1, 0xfe, 0xc1, 0xfe, 0xe1, 0xfe, 0xe1, 0xfe, 0xe1, 0xfe, 0xc2, 0xfe, 0xc2, 0xfe, 0xc1, 0xfe, 0xc1, 0xfe, 0xc1, 0xfe, 0xe1, 0xfe, 0xe1, 0xfe, 0xe1, 0xfe, 0xe1, 0xfe, 0xe1, 0xfe, 0xe1, 0xfe, 0xe1, 0xfe, 0xe1, 0xfe, 0xe1, 0xfe, 0xe1, 0xfe, 0xe1, 0xfe, 0xe1, 0xfe, 0xe1, 0xfe, 0xe1, 0xfe, 0xe1, 0xfe, 0xe2, 0xfe, 0xe2, 0xfe, 0xc2, 0xfe, 0xc5, 0xf6, 0x2a, 0xdf, 0xf2, 0xdf, 0xf6, 0xcf, 0xf9, 0xc7, 
  0xf8, 0xc7, 0xf8, 0xc7, 0xf8, 0xc7, 0xf8, 0xc7, 0xf8, 0xc7, 0xf8, 0xc7, 0xf8, 0xc7, 0xf8, 0xc7, 0xf8, 0xc7, 0xf8, 0xc7, 0xf8, 0xc7, 0xf8, 0xc7, 0xf8, 0xc7, 0xf8, 0xc7, 0xf8, 0xc7, 0xf8, 0xc7, 0xf8, 0xc7, 0xf9, 0xcf, 0xf8, 0xc7, 0xf8, 0xc7, 0xf8, 0xc7, 0xf8, 0xc7, 0xf8, 0xc7, 0xf8, 0xc7, 0xf8, 0xc7, 0xf8, 0xc7, 0xf8, 0xc7, 0xf8, 0xc7, 0xf8, 0xc7, 0xf8, 0xc7, 0xf8, 0xc7, 0xf8, 0xc7, 0xf8, 0xc7, 0xf8, 0xc7, 0xf8, 0xc7, 0xf8, 0xc7, 0xf8, 0xc7, 0xf8, 0xc7, 0xf8, 0xc7, 0xf8, 0xc7, 0xf7, 0xc7, 0xf7, 0xc7, 0xf7, 0xc7, 0xf7, 0xc7, 0xf8, 0xc7, 0xf8, 0xc7, 0xf8, 0xc7, 0xf9, 0xcf, 0xd9, 0xcf, 0xda, 0xd7, 0xdb, 0xdf, 0xdc, 0xdf, 0xdc, 0xe7, 0xdc, 0xe7, 0xbc, 0xe7, 0xbc, 0xe7, 0xbc, 0xe7, 0x9c, 0xe7, 0x9c, 0xef, 0x7b, 0xef, 0x5a, 0xef, 0x59, 0xf7, 0x57, 0xff, 0x57, 0xff, 0x58, 0xff, 0x58, 0xff, 0x58, 0xf7, 0x57, 0xf7, 0x77, 0xf7, 0x76, 0xf7, 0x76, 0xf7, 0x77, 0xf7, 0x77, 0xf7, 0x57, 0xf7, 0x57, 0xf7, 0x57, 0xf7, 0x57, 0xf7, 0x57, 0xf7, 0x56, 0xff, 0x55, 0xff, 0x93, 0xff, 0x50, 0xff, 0x0d, 0xff, 0xc8, 0xfe, 0xc4, 0xfe, 0xc2, 0xfe, 0xc2, 0xfe, 0xc2, 0xfe, 0xe1, 0xfe, 0xe1, 0xfe, 0xe1, 0xfe, 0xe1, 0xfe, 0xe2, 0xfe, 0xc2, 0xfe, 0xc2, 0xfe, 0xc2, 0xfe, 0xc1, 0xfe, 0xc1, 0xfe, 0xc1, 0xfe, 0xc1, 0xfe, 0xc1, 0xfe, 0xc1, 0xfe, 0xc1, 0xfe, 0xc1, 0xfe, 0xc1, 0xfe, 0xc1, 0xfe, 0xc1, 0xfe, 0xc1, 0xfe, 0xc1, 0xfe, 0xc1, 0xfe, 0xc1, 0xfe, 0xe1, 0xfe, 0xe2, 0xfe, 0xc2, 0xfe, 0xc2, 0xfe, 0xc3, 0xf6, 0x07, 0xe7, 0xcf, 0xe7, 0xf5, 0xcf, 0xf9, 0xc7, 
  0xf8, 0xc7, 0xf8, 0xc7, 0xf8, 0xc7, 0xf8, 0xc7, 0xf8, 0xc7, 0xf8, 0xc7, 0xf8, 0xc7, 0xf8, 0xc7, 0xf8, 0xc7, 0xf8, 0xc7, 0xf8, 0xc7, 0xf8, 0xc7, 0xf8, 0xc7, 0xf8, 0xc7, 0xf8, 0xc7, 0xf8, 0xc7, 0xf8, 0xc7, 0xf9, 0xcf, 0xf8, 0xc7, 0xf8, 0xc7, 0xf8, 0xc7, 0xf8, 0xc7, 0xf8, 0xc7, 0xf8, 0xc7, 0xf8, 0xc7, 0xf8, 0xc7, 0xf8, 0xc7, 0xf8, 0xc7, 0xf8, 0xc7, 0xf8, 0xc7, 0xf8, 0xc7, 0xf8, 0xc7, 0xf8, 0xc7, 0xf8, 0xc7, 0xf8, 0xc7, 0xf8, 0xc7, 0xf8, 0xc7, 0xf8, 0xc7, 0xf8, 0xc7, 0xf8, 0xc7, 0xf7, 0xc7, 0xf7, 0xc7, 0xf7, 0xc7, 0xf7, 0xc7, 0xf8, 0xc7, 0xf8, 0xc7, 0xf9, 0xcf, 0xf9, 0xcf, 0xda, 0xd7, 0xdb, 0xdf, 0xbc, 0xdf, 0xbc, 0xe7, 0xbc, 0xe7, 0xbc, 0xe7, 0xbc, 0xef, 0xbc, 0xef, 0x9c, 0xef, 0x9c, 0xef, 0x9c, 0xef, 0x7b, 0xef, 0x5a, 0xef, 0x58, 0xf7, 0x57, 0xff, 0x57, 0xff, 0x38, 0xf7, 0x58, 0xf7, 0x58, 0xf7, 0x57, 0xf7, 0x77, 0xf7, 0x76, 0xf7, 0x76, 0xf7, 0x76, 0xf7, 0x56, 0xf7, 0x77, 0xf7, 0x77, 0xf7, 0x77, 0xf7, 0x77, 0xf7, 0x57, 0xf7, 0x56, 0xf7, 0x56, 0xf7, 0x75, 0xf7, 0x94, 0xff, 0x73, 0xff, 0x0e, 0xff, 0xc7, 0xfe, 0xa3, 0xfe, 0xc2, 0xfe, 0xc2, 0xfe, 0xe1, 0xfe, 0xe1, 0xfe, 0xe1, 0xfe, 0xe1, 0xfe, 0xe1, 0xfe, 0xc1, 0xfe, 0xc2, 0xfe, 0xc2, 0xfe, 0xc2, 0xfe, 0xc1, 0xfe, 0xc1, 0xfe, 0xc1, 0xfe, 0xc1, 0xfe, 0xc1, 0xfe, 0xc1, 0xfe, 0xc1, 0xfe, 0xc1, 0xfe, 0xc1, 0xfe, 0xc1, 0xfe, 0xc1, 0xfe, 0xc1, 0xfe, 0xc1, 0xfe, 0xc1, 0xfe, 0xc1, 0xfe, 0xe2, 0xfe, 0xe2, 0xfe, 0xe2, 0xfe, 0xc2, 0xfe, 0xe4, 0xee, 0x8c, 0xef, 0xd4, 0xd7, 0xf8, 0xc7, 
  0xf8, 0xc7, 0xf8, 0xc7, 0xf8, 0xc7, 0xf8, 0xc7, 0xf8, 0xc7, 0xf8, 0xc7, 0xf8, 0xc7, 0xf8, 0xc7, 0xf8, 0xc7, 0xf8, 0xc7, 0xf8, 0xc7, 0xf8, 0xc7, 0xf8, 0xc7, 0xf8, 0xc7, 0xf8, 0xc7, 0xf8, 0xc7, 0xf8, 0xc7, 0xf8, 0xc7, 0xf8, 0xc7, 0xf8, 0xc7, 0xf8, 0xc7, 0xf8, 0xc7, 0xf8, 0xc7, 0xf8, 0xc7, 0xf8, 0xc7, 0xf8, 0xc7, 0xf8, 0xc7, 0xf8, 0xc7, 0xf8, 0xc7, 0xf8, 0xc7, 0xf8, 0xcf, 0xf8, 0xcf, 0xf8, 0xcf, 0xf8, 0xcf, 0xf9, 0xcf, 0xf8, 0xcf, 0xf8, 0xcf, 0xf8, 0xc7, 0xf8, 0xc7, 0xf8, 0xc7, 0xf7, 0xc7, 0xf7, 0xc7, 0xf8, 0xc7, 0xf8, 0xc7, 0xf8, 0xc7, 0xf9, 0xcf, 0xf9, 0xcf, 0xfa, 0xd7, 0xdb, 0xdf, 0xbc, 0xe7, 0xbc, 0xe7, 0xbc, 0xe7, 0x9c, 0xe7, 0x9c, 0xe7, 0x9c, 0xef, 0xbd, 0xef, 0x9c, 0xef, 0x9c, 0xef, 0x9c, 0xef, 0x7b, 0xef, 0x59, 0xef, 0x58, 0xf7, 0x57, 0xff, 0x57, 0xff, 0x57, 0xf7, 0x58, 0xf7, 0x57, 0xf7, 0x57, 0xf7, 0x57, 0xf7, 0x57, 0xf7, 0x56, 0xf7, 0x57, 0xf7, 0x57, 0xf7, 0x57, 0xf7, 0x57, 0xf7, 0x57, 0xf7, 0x77, 0xf7, 0x77, 0xf7, 0x77, 0xf7, 0x76, 0xf7, 0x76, 0xef, 0x76, 0xf7, 0x76, 0xff, 0x53, 0xff, 0x0d, 0xff, 0xc8, 0xfe, 0xc3, 0xfe, 0xc2, 0xfe, 0xc2, 0xfe, 0xc2, 0xfe, 0xe1, 0xfe, 0xe1, 0xfe, 0xe1, 0xfe, 0xc1, 0xfe, 0xc2, 0xfe, 0xc2, 0xfe, 0xc2, 0xfe, 0xc1, 0xfe, 0xc1, 0xfe, 0xc1, 0xfe, 0xc1, 0xfe, 0xc1, 0xfe, 0xc1, 0xfe, 0xc1, 0xfe, 0xc1, 0xfe, 0xc1, 0xfe, 0xc1, 0xfe, 0xc1, 0xfe, 0xc1, 0xfe, 0xc1, 0xfe, 0xc1, 0xfe, 0xc1, 0xfe, 0xe1, 0xfe, 0xe1, 0xfe, 0xe1, 0xfe, 0xc2, 0xfe, 0xc3, 0xfe, 0x28, 0xef, 0xd3, 0xdf, 0xf7, 0xcf, 
  0xf8, 0xc7, 0xf8, 0xc7, 0xf8, 0xc7, 0xf8, 0xc7, 0xf8, 0xc7, 0xf8, 0xc7, 0xf8, 0xc7, 0xf8, 0xc7, 0xf8, 0xc7, 0xf8, 0xc7, 0xf8, 0xc7, 0xf8, 0xc7, 0xf8, 0xc7, 0xf8, 0xc7, 0xf8, 0xc7, 0xf8, 0xc7, 0xf8, 0xc7, 0xf8, 0xc7, 0xf8, 0xc7, 0xf8, 0xc7, 0xf8, 0xc7, 0xf8, 0xc7, 0xf8, 0xc7, 0xf8, 0xc7, 0xf8, 0xc7, 0xf8, 0xc7, 0xf8, 0xc7, 0xf9, 0xcf, 0xf9, 0xcf, 0xf9, 0xcf, 0xd9, 0xcf, 0xd9, 0xcf, 0xd9, 0xcf, 0xd9, 0xcf, 0xd9, 0xcf, 0xd9, 0xcf, 0xf9, 0xcf, 0xf9, 0xcf, 0xf8, 0xcf, 0xf8, 0xc7, 0xf8, 0xc7, 0xf8, 0xc7, 0xf8, 0xc7, 0xf8, 0xcf, 0xf9, 0xcf, 0xd9, 0xcf, 0xfa, 0xd7, 0xfb, 0xdf, 0xbc, 0xe7, 0xbc, 0xe7, 0xbc, 0xe7, 0xbc, 0xe7, 0x9d, 0xef, 0x9d, 0xef, 0x9d, 0xef, 0x9d, 0xef, 0x9c, 0xef, 0x9c, 0xef, 0x9b, 0xef, 0x7a, 0xef, 0x59, 0xef, 0x58, 0xf7, 0x57, 0xff, 0x57, 0xff, 0x57, 0xf7, 0x57, 0xf7, 0x57, 0xf7, 0x57, 0xf7, 0x57, 0xf7, 0x57, 0xf7, 0x57, 0xf7, 0x57, 0xf7, 0x57, 0xf7, 0x58, 0xf7, 0x58, 0xf7, 0x57, 0xf7, 0x77, 0xf7, 0x77, 0xf7, 0x77, 0xf7, 0x77, 0xef, 0x97, 0xf7, 0x57, 0xef, 0x57, 0xf7, 0x56, 0xff, 0x52, 0xff, 0x0d, 0xff, 0xc6, 0xfe, 0xc3, 0xfe, 0xc3, 0xfe, 0xc2, 0xfe, 0xc1, 0xfe, 0xc1, 0xfe, 0xc0, 0xfe, 0xc1, 0xfe, 0xc2, 0xfe, 0xc2, 0xfe, 0xc2, 0xfe, 0xc1, 0xfe, 0xc1, 0xfe, 0xc1, 0xfe, 0xc1, 0xfe, 0xc1, 0xfe, 0xc1, 0xfe, 0xc1, 0xfe, 0xc1, 0xfe, 0xc1, 0xfe, 0xc1, 0xfe, 0xc1, 0xfe, 0xc1, 0xfe, 0xc1, 0xfe, 0xc1, 0xfe, 0xc1, 0xfe, 0xe1, 0xfe, 0xe1, 0xfe, 0xc1, 0xfe, 0xc1, 0xfe, 0xa1, 0xfe, 0xe6, 0xee, 0xd2, 0xe7, 0xf6, 0xcf, 
  0xf8, 0xc7, 0xf8, 0xc7, 0xf8, 0xc7, 0xf8, 0xc7, 0xf8, 0xc7, 0xf8, 0xc7, 0xf8, 0xc7, 0xf8, 0xc7, 0xf8, 0xc7, 0xf8, 0xc7, 0xf8, 0xc7, 0xf8, 0xc7, 0xf8, 0xc7, 0xf8, 0xc7, 0xf8, 0xc7, 0xf8, 0xc7, 0xf8, 0xc7, 0xf8, 0xc7, 0xf8, 0xc7, 0xf8, 0xc7, 0xf8, 0xc7, 0xf8, 0xc7, 0xf8, 0xc7, 0xf8, 0xc7, 0xf9, 0xcf, 0xf9, 0xcf, 0xd9, 0xcf, 0xd9, 0xcf, 0xda, 0xd7, 0xda, 0xd7, 0xda, 0xd7, 0xda, 0xd7, 0xda, 0xd7, 0xda, 0xd7, 0xda, 0xd7, 0xba, 0xd7, 0xd9, 0xd7, 0xd9, 0xcf, 0xd9, 0xcf, 0xd8, 0xcf, 0xf8, 0xcf, 0xf8, 0xcf, 0xf8, 0xcf, 0xd9, 0xcf, 0xd9, 0xd7, 0xda, 0xd7, 0xdb, 0xdf, 0xbb, 0xdf, 0xbc, 0xe7, 0x9c, 0xe7, 0x9c, 0xe7, 0x9c, 0xe7, 0x9c, 0xe7, 0x9d, 0xef, 0x9d, 0xef, 0x9c, 0xef, 0x9c, 0xef, 0x9c, 0xef, 0x9b, 0xef, 0x7a, 0xef, 0x58, 0xef, 0x57, 0xf7, 0x57, 0xf7, 0x57, 0xf7, 0x77, 0xf7, 0x77, 0xf7, 0x77, 0xf7, 0x77, 0xf7, 0x57, 0xf7, 0x57, 0xf7, 0x58, 0xf7, 0x58, 0xff, 0x58, 0xf7, 0x58, 0xf7, 0x58, 0xf7, 0x58, 0xf7, 0x58, 0xf7, 0x58, 0xf7, 0x77, 0xf7, 0x77, 0xf7, 0x58, 0xef, 0x78, 0xf7, 0x77, 0xf7, 0x56, 0xf7, 0x56, 0xff, 0x53, 0xff, 0x2c, 0xff, 0xc6, 0xf6, 0xa3, 0xfe, 0xe2, 0xfe, 0xa1, 0xfe, 0xe1, 0xfe, 0xc0, 0xfe, 0xc0, 0xfe, 0xe2, 0xfe, 0xa2, 0xfe, 0xa1, 0xfe, 0xc1, 0xfe, 0xc1, 0xfe, 0xc1, 0xfe, 0xc1, 0xfe, 0xc1, 0xfe, 0xc1, 0xfe, 0xc1, 0xfe, 0xc1, 0xfe, 0xc1, 0xfe, 0xc1, 0xfe, 0xc1, 0xfe, 0xc1, 0xfe, 0xc1, 0xfe, 0xc1, 0xfe, 0xc1, 0xfe, 0xc1, 0xfe, 0xc1, 0xfe, 0xa1, 0xfe, 0xc2, 0xfe, 0xa1, 0xfe, 0xc5, 0xf6, 0x6f, 0xdf, 0xf5, 0xd7, 
  0xf8, 0xc7, 0xf8, 0xc7, 0xf8, 0xc7, 0xf8, 0xc7, 0xf8, 0xc7, 0xf8, 0xc7, 0xf8, 0xc7, 0xf8, 0xc7, 0xf8, 0xc7, 0xf8, 0xc7, 0xf8, 0xc7, 0xf8, 0xc7, 0xf8, 0xc7, 0xf8, 0xc7, 0xf8, 0xc7, 0xf8, 0xc7, 0xf8, 0xc7, 0xf8, 0xc7, 0xf8, 0xc7, 0xf8, 0xc7, 0xf8, 0xc7, 0xf8, 0xc7, 0xf8, 0xcf, 0xf9, 0xcf, 0xd9, 0xcf, 0xd9, 0xcf, 0xda, 0xd7, 0xda, 0xd7, 0xdb, 0xdf, 0xdb, 0xdf, 0xdc, 0xdf, 0xfc, 0xe7, 0xdb, 0xdf, 0xdb, 0xdf, 0xdb, 0xdf, 0xdb, 0xdf, 0xdb, 0xdf, 0xfa, 0xdf, 0xfa, 0xd7, 0xfa, 0xd7, 0xd9, 0xcf, 0xd9, 0xcf, 0xd9, 0xcf, 0xd9, 0xd7, 0xda, 0xdf, 0xdb, 0xdf, 0xdc, 0xe7, 0xbc, 0xe7, 0x9c, 0xe7, 0x9c, 0xe7, 0x9c, 0xe7, 0x9c, 0xe7, 0x9c, 0xe7, 0x9c, 0xe7, 0x9d, 0xe7, 0x9c, 0xef, 0x9c, 0xef, 0x9b, 0xef, 0x9a, 0xef, 0x79, 0xef, 0x78, 0xef, 0x57, 0xf7, 0x77, 0xf7, 0x77, 0xf7, 0x77, 0xf7, 0x77, 0xf7, 0x57, 0xf7, 0x57, 0xf7, 0x57, 0xf7, 0x57, 0xf7, 0x58, 0xf7, 0x38, 0xf7, 0x38, 0xf7, 0x38, 0xf7, 0x38, 0xf7, 0x58, 0xf7, 0x58, 0xf7, 0x57, 0xf7, 0x57, 0xf7, 0x57, 0xf7, 0x58, 0xf7, 0x78, 0xf7, 0x77, 0xf7, 0x77, 0xf7, 0x57, 0xf7, 0x56, 0xff, 0x31, 0xff, 0x0c, 0xff, 0xc6, 0xfe, 0xa2, 0xfe, 0xc1, 0xfe, 0xc0, 0xfe, 0xc0, 0xfe, 0xc0, 0xfe, 0xc1, 0xfe, 0xc2, 0xfe, 0xc1, 0xfe, 0xc1, 0xfe, 0xc1, 0xfe, 0xc1, 0xfe, 0xc1, 0xfe, 0xc1, 0xfe, 0xc1, 0xfe, 0xc1, 0xfe, 0xc1, 0xfe, 0xc1, 0xfe, 0xc1, 0xfe, 0xc1, 0xfe, 0xc1, 0xfe, 0xc1, 0xfe, 0xc1, 0xfe, 0xc1, 0xfe, 0xc1, 0xfe, 0xc1, 0xfe, 0xa2, 0xfe, 0xa2, 0xfe, 0xa1, 0xfe, 0xc4, 0xfe, 0x6e, 0xe7, 0xf3, 0xdf, 
  0xf8, 0xc7, 0xf8, 0xc7, 0xf8, 0xc7, 0xf8, 0xc7, 0xf8, 0xc7, 0xf8, 0xc7, 0xf8, 0xc7, 0xf8, 0xc7, 0xf8, 0xc7, 0xf8, 0xc7, 0xf8, 0xc7, 0xf8, 0xc7, 0xf8, 0xc7, 0xf8, 0xc7, 0xf8, 0xc7, 0xf8, 0xc7, 0xf8, 0xc7, 0xf8, 0xc7, 0xf8, 0xc7, 0xf8, 0xc7, 0xf8, 0xcf, 0xf9, 0xcf, 0xd9, 0xcf, 0xd9, 0xcf, 0xfa, 0xd7, 0xdb, 0xdf, 0xdb, 0xdf, 0xdb, 0xdf, 0xdc, 0xe7, 0xbc, 0xe7, 0xdc, 0xe7, 0xdc, 0xe7, 0xbc, 0xe7, 0xdc, 0xe7, 0xdc, 0xe7, 0xdc, 0xe7, 0xdc, 0xe7, 0xdc, 0xe7, 0xfb, 0xdf, 0xfb, 0xdf, 0xdb, 0xdf, 0xda, 0xd7, 0xba, 0xd7, 0xba, 0xdf, 0xdb, 0xdf, 0xdc, 0xe7, 0xbc, 0xe7, 0xbc, 0xe7, 0x9c, 0xe7, 0x9c, 0xe7, 0x9c, 0xe7, 0x9c, 0xe7, 0x9c, 0xe7, 0x9c, 0xe7, 0x9c, 0xe7, 0x9c, 0xef, 0x9c, 0xef, 0x9b, 0xef, 0x9a, 0xef, 0x78, 0xef, 0x57, 0xef, 0x77, 0xf7, 0x77, 0xf7, 0x57, 0xf7, 0x57, 0xf7, 0x57, 0xf7, 0x57, 0xf7, 0x57, 0xf7, 0x57, 0xf7, 0x57, 0xf7, 0x57, 0xf7, 0x57, 0xff, 0x57, 0xff, 0x57, 0xff, 0x57, 0xff, 0x57, 0xff, 0x57, 0xf7, 0x56, 0xf7, 0x56, 0xf7, 0x57, 0xf7, 0x58, 0xf7, 0x58, 0xf7, 0x77, 0xf7, 0x77, 0xf7, 0x77, 0xf7, 0x57, 0xf7, 0x56, 0xff, 0x52, 0xff, 0xea, 0xfe, 0x63, 0xf6, 0xc2, 0xfe, 0xa0, 0xfe, 0xc0, 0xfe, 0xa1, 0xfe, 0xc1, 0xfe, 0xc1, 0xfe, 0xc1, 0xfe, 0xc1, 0xfe, 0xc1, 0xfe, 0xc1, 0xfe, 0xc1, 0xfe, 0xc1, 0xfe, 0xc1, 0xfe, 0xc1, 0xfe, 0xc1, 0xfe, 0xc1, 0xfe, 0xc1, 0xfe, 0xc1, 0xfe, 0xc1, 0xfe, 0xc1, 0xfe, 0xc1, 0xfe, 0xc1, 0xfe, 0xc1, 0xfe, 0xc1, 0xfe, 0xa2, 0xfe, 0xa2, 0xfe, 0xa1, 0xfe, 0xa4, 0xfe, 0x2c, 0xe7, 0xd2, 0xe7, 
  0xf8, 0xc7, 0xf8, 0xc7, 0xf8, 0xc7, 0xf8, 0xc7, 0xf8, 0xc7, 0xf8, 0xc7, 0xf8, 0xc7, 0xf8, 0xc7, 0xf8, 0xc7, 0xf8, 0xc7, 0xf8, 0xc7, 0xf8, 0xc7, 0xf8, 0xc7, 0xf8, 0xc7, 0xf8, 0xc7, 0xf8, 0xc7, 0xf8, 0xc7, 0xf8, 0xc7, 0xf8, 0xc7, 0xf8, 0xc7, 0xf9, 0xcf, 0xd9, 0xcf, 0xda, 0xd7, 0xdb, 0xdf, 0xfb, 0xdf, 0xdc, 0xe7, 0xbc, 0xe7, 0xbc, 0xe7, 0xbc, 0xe7, 0x9c, 0xe7, 0x9c, 0xe7, 0x9c, 0xe7, 0x9c, 0xe7, 0xbc, 0xe7, 0x9c, 0xe7, 0x9c, 0xe7, 0xbc, 0xe7, 0xbc, 0xe7, 0xbc, 0xe7, 0xdc, 0xdf, 0xdc, 0xdf, 0xdb, 0xdf, 0xbb, 0xdf, 0xbb, 0xdf, 0xbc, 0xe7, 0xbc, 0xe7, 0xbc, 0xe7, 0x9c, 0xe7, 0x9c, 0xef, 0x9c, 0xef, 0x9c, 0xe7, 0xbc, 0xe7, 0xbc, 0xe7, 0xbc, 0xe7, 0x9c, 0xe7, 0x9c, 0xef, 0x9c, 0xef, 0x9b, 0xef, 0x99, 0xef, 0x78, 0xef, 0x57, 0xef, 0x57, 0xf7, 0x57, 0xf7, 0x57, 0xf7, 0x57, 0xf7, 0x57, 0xf7, 0x57, 0xf7, 0x57, 0xf7, 0x57, 0xf7, 0x57, 0xf7, 0x57, 0xf7, 0x57, 0xff, 0x57, 0xff, 0x56, 0xff, 0x57, 0xff, 0x57, 0xff, 0x57, 0xff, 0x57, 0xff, 0x57, 0xf7, 0x57, 0xf7, 0x58, 0xf7, 0x58, 0xf7, 0x57, 0xf7, 0x77, 0xf7, 0x77, 0xef, 0x57, 0xf7, 0x38, 0xff, 0x55, 0xff, 0x4f, 0xff, 0xa7, 0xfe, 0xc3, 0xfe, 0xc1, 0xfe, 0xc1, 0xfe, 0xa1, 0xfe, 0xc1, 0xfe, 0xc1, 0xfe, 0xc1, 0xfe, 0xc1, 0xfe, 0xc1, 0xfe, 0xc1, 0xfe, 0xc1, 0xfe, 0xc1, 0xfe, 0xc1, 0xfe, 0xc1, 0xfe, 0xc1, 0xfe, 0xc1, 0xfe, 0xc1, 0xfe, 0xc1, 0xfe, 0xc1, 0xfe, 0xc1, 0xfe, 0xc1, 0xfe, 0xc1, 0xfe, 0xc1, 0xfe, 0xc1, 0xfe, 0xa2, 0xfe, 0xa2, 0xfe, 0xa1, 0xfe, 0xa4, 0xfe, 0x0b, 0xe7, 0xd0, 0xef, 
  0xf8, 0xc7, 0xf8, 0xc7, 0xf8, 0xc7, 0xf8, 0xc7, 0xf8, 0xc7, 0xf8, 0xc7, 0xf8, 0xc7, 0xf8, 0xc7, 0xf8, 0xc7, 0xf8, 0xc7, 0xf8, 0xc7, 0xf8, 0xc7, 0xf8, 0xc7, 0xf8, 0xc7, 0xf8, 0xc7, 0xf8, 0xc7, 0xf8, 0xc7, 0xf8, 0xc7, 0xf8, 0xc7, 0xf9, 0xcf, 0xd9, 0xcf, 0xda, 0xd7, 0xdb, 0xdf, 0xdc, 0xe7, 0xbc, 0xe7, 0x9c, 0xe7, 0x9c, 0xe7, 0x9c, 0xe7, 0x9c, 0xe7, 0x9c, 0xe7, 0x9c, 0xe7, 0x9c, 0xe7, 0x9c, 0xe7, 0x9c, 0xe7, 0x9c, 0xef, 0x9c, 0xe7, 0x9c, 0xe7, 0x9c, 0xe7, 0xbc, 0xe7, 0xbc, 0xe7, 0xbc, 0xe7, 0xdc, 0xe7, 0xdc, 0xe7, 0xbc, 0xe7, 0xbc, 0xe7, 0x9c, 0xe7, 0x9c, 0xef, 0x9c, 0xef, 0x9d, 0xef, 0x9c, 0xef, 0x9c, 0xe7, 0xbc, 0xe7, 0xbc, 0xe7, 0xbc, 0xe7, 0x9d, 0xe7, 0x9c, 0xef, 0x9c, 0xef, 0x9b, 0xef, 0x79, 0xef, 0x78, 0xef, 0x57, 0xf7, 0x57, 0xf7, 0x57, 0xf7, 0x57, 0xf7, 0x58, 0xf7, 0x58, 0xf7, 0x58, 0xf7, 0x58, 0xf7, 0x58, 0xf7, 0x57, 0xf7, 0x57, 0xf7, 0x57, 0xf7, 0x57, 0xf7, 0x57, 0xf7, 0x57, 0xf7, 0x57, 0xf7, 0x57, 0xf7, 0x38, 0xf7, 0x38, 0xf7, 0x38, 0xf7, 0x58, 0xff, 0x37, 0xf7, 0x57, 0xf7, 0x77, 0xf7, 0x77, 0xf7, 0x57, 0xf7, 0x38, 0xf7, 0x37, 0xff, 0x54, 0xff, 0xed, 0xfe, 0xa4, 0xf6, 0xe2, 0xfe, 0xc2, 0xfe, 0xa1, 0xfe, 0xc1, 0xfe, 0xa1, 0xfe, 0xc1, 0xfe, 0xc1, 0xfe, 0xc1, 0xfe, 0xc1, 0xfe, 0xc1, 0xfe, 0xc1, 0xfe, 0xc1, 0xfe, 0xc1, 0xfe, 0xc1, 0xfe, 0xc1, 0xfe, 0xc1, 0xfe, 0xc1, 0xfe, 0xc1, 0xfe, 0xc1, 0xfe, 0xc1, 0xfe, 0xc1, 0xfe, 0xc1, 0xfe, 0xc1, 0xfe, 0xc2, 0xfe, 0xa1, 0xfe, 0xc1, 0xfe, 0xc4, 0xf6, 0xea, 0xe6, 0xb0, 0xf7, 
  0xf8, 0xc7, 0xf8, 0xc7, 0xf8, 0xc7, 0xf8, 0xc7, 0xf8, 0xc7, 0xf8, 0xc7, 0xf8, 0xc7, 0xf8, 0xc7, 0xf8, 0xc7, 0xf8, 0xc7, 0xf8, 0xc7, 0xf8, 0xc7, 0xf8, 0xc7, 0xf8, 0xc7, 0xf8, 0xc7, 0xf8, 0xc7, 0xf8, 0xc7, 0xf8, 0xcf, 0xf9, 0xcf, 0xd9, 0xcf, 0xda, 0xd7, 0xdb, 0xdf, 0xdc, 0xe7, 0xbc, 0xe7, 0x9d, 0xe7, 0x9d, 0xef, 0x9d, 0xef, 0x9d, 0xef, 0x9d, 0xef, 0x9d, 0xef, 0xbc, 0xef, 0xbc, 0xef, 0xbc, 0xef, 0x9c, 0xef, 0x9d, 0xef, 0x9d, 0xef, 0x9d, 0xef, 0x9d, 0xef, 0x9d, 0xe7, 0x9d, 0xe7, 0x9c, 0xe7, 0xbc, 0xe7, 0xbc, 0xe7, 0xbc, 0xe7, 0x9c, 0xe7, 0x9c, 0xe7, 0x9d, 0xef, 0x9d, 0xef, 0x9d, 0xef, 0x9c, 0xef, 0x9c, 0xe7, 0xbc, 0xe7, 0xbc, 0xe7, 0xbc, 0xe7, 0x9d, 0xe7, 0x9d, 0xef, 0x9c, 0xef, 0x9b, 0xef, 0x79, 0xef, 0x58, 0xef, 0x57, 0xf7, 0x57, 0xf7, 0x58, 0xf7, 0x38, 0xf7, 0x58, 0xf7, 0x58, 0xf7, 0x58, 0xf7, 0x58, 0xf7, 0x58, 0xf7, 0x58, 0xf7, 0x58, 0xf7, 0x58, 0xf7, 0x57, 0xf7, 0x57, 0xf7, 0x57, 0xf7, 0x57, 0xf7, 0x58, 0xf7, 0x58, 0xf7, 0x38, 0xf7, 0x38, 0xf7, 0x58, 0xff, 0x37, 0xf7, 0x57, 0xf7, 0x57, 0xf7, 0x77, 0xf7, 0x77, 0xf7, 0x58, 0xf7, 0x37, 0xff, 0x36, 0xff, 0x31, 0xff, 0xa7, 0xf6, 0xc4, 0xfe, 0xa2, 0xfe, 0xc1, 0xfe, 0xc1, 0xfe, 0xa1, 0xfe, 0xc1, 0xfe, 0xc1, 0xfe, 0xc1, 0xfe, 0xc1, 0xfe, 0xc1, 0xfe, 0xc1, 0xfe, 0xc1, 0xfe, 0xc1, 0xfe, 0xc1, 0xfe, 0xc1, 0xfe, 0xc1, 0xfe, 0xc1, 0xfe, 0xc1, 0xfe, 0xc1, 0xfe, 0xc1, 0xfe, 0xc1, 0xfe, 0xa1, 0xfe, 0xa1, 0xfe, 0xc1, 0xfe, 0xa1, 0xfe, 0xc1, 0xfe, 0xc4, 0xf6, 0xc9, 0xe6, 0xaf, 0xff, 
  0xf8, 0xc7, 0xf8, 0xc7, 0xf8, 0xc7, 0xf8, 0xc7, 0xf8, 0xc7, 0xf8, 0xc7, 0xf8, 0xc7, 0xf8, 0xc7, 0xf8, 0xc7, 0xf8, 0xc7, 0xf8, 0xc7, 0xf8, 0xc7, 0xf8, 0xc7, 0xf8, 0xc7, 0xf8, 0xc7, 0xf8, 0xc7, 0xf8, 0xcf, 0xf9, 0xcf, 0xf9, 0xd7, 0xfa, 0xd7, 0xdb, 0xdf, 0xdc, 0xe7, 0xbc, 0xe7, 0x9d, 0xef, 0x9d, 0xef, 0x9d, 0xef, 0x9d, 0xef, 0x9d, 0xef, 0x9d, 0xef, 0x9c, 0xe7, 0xbc, 0xe7, 0xbc, 0xe7, 0xbc, 0xef, 0x9c, 0xef, 0x9d, 0xef, 0x9d, 0xef, 0x9d, 0xef, 0x9d, 0xef, 0x9d, 0xef, 0x9d, 0xef, 0x9d, 0xe7, 0x9d, 0xe7, 0xbd, 0xe7, 0xbd, 0xe7, 0xbd, 0xef, 0x9d, 0xef, 0x9d, 0xef, 0x9d, 0xef, 0x9d, 0xef, 0x9d, 0xef, 0xbc, 0xef, 0xbc, 0xe7, 0xbc, 0xe7, 0xbc, 0xe7, 0xbd, 0xe7, 0x9d, 0xef, 0x9c, 0xef, 0x9b, 0xef, 0x79, 0xf7, 0x58, 0xf7, 0x57, 0xf7, 0x58, 0xf7, 0x58, 0xf7, 0x38, 0xf7, 0x58, 0xf7, 0x57, 0xf7, 0x58, 0xf7, 0x58, 0xf7, 0x58, 0xf7, 0x58, 0xf7, 0x58, 0xf7, 0x58, 0xf7, 0x58, 0xf7, 0x57, 0xf7, 0x57, 0xf7, 0x57, 0xf7, 0x57, 0xf7, 0x57, 0xf7, 0x57, 0xf7, 0x58, 0xf7, 0x38, 0xf7, 0x38, 0xff, 0x56, 0xf7, 0x56, 0xf7, 0x77, 0xf7, 0x77, 0xf7, 0x58, 0xf7, 0x37, 0xf7, 0x36, 0xff, 0x74, 0xff, 0xed, 0xfe, 0xa7, 0xf6, 0xa2, 0xfe, 0xc0, 0xfe, 0xa0, 0xfe, 0xa1, 0xfe, 0xa1, 0xfe, 0xa1, 0xfe, 0xa1, 0xfe, 0xa1, 0xfe, 0xa1, 0xfe, 0xa1, 0xfe, 0xa1, 0xfe, 0xa1, 0xfe, 0xa1, 0xfe, 0xa1, 0xfe, 0xa1, 0xfe, 0xa1, 0xfe, 0xa1, 0xfe, 0xa1, 0xfe, 0xa1, 0xfe, 0xa1, 0xfe, 0xa1, 0xfe, 0xa1, 0xfe, 0xc1, 0xfe, 0xa0, 0xfe, 0xe1, 0xfe, 0xc4, 0xf6, 0xa8, 0xe6, 0xae, 0xff, 
  0xf8, 0xc7, 0xf8, 0xc7, 0xf8, 0xc7, 0xf8, 0xc7, 0xf8, 0xc7, 0xf8, 0xc7, 0xf8, 0xc7, 0xf8, 0xc7, 0xf8, 0xc7, 0xf8, 0xc7, 0xf8, 0xc7, 0xf8, 0xc7, 0xf8, 0xc7, 0xf8, 0xc7, 0xf8, 0xc7, 0xf8, 0xcf, 0xd9, 0xcf, 0xd9, 0xd7, 0xda, 0xd7, 0xfb, 0xdf, 0xdc, 0xe7, 0xdc, 0xe7, 0x9d, 0xe7, 0x9d, 0xef, 0x9d, 0xef, 0x9d, 0xef, 0x9d, 0xef, 0x9d, 0xef, 0x9d, 0xef, 0xbc, 0xef, 0xbc, 0xe7, 0xbc, 0xe7, 0x9c, 0xef, 0x9c, 0xef, 0x9d, 0xef, 0x9d, 0xef, 0x9d, 0xef, 0x9d, 0xef, 0x9d, 0xef, 0x9d, 0xef, 0xbd, 0xef, 0x9d, 0xef, 0xbd, 0xe7, 0xbd, 0xe7, 0xbd, 0xef, 0xbd, 0xef, 0x9d, 0xef, 0x9c, 0xef, 0x9d, 0xef, 0x9d, 0xef, 0xbc, 0xef, 0xbc, 0xe7, 0xbc, 0xe7, 0xbc, 0xe7, 0x9d, 0xe7, 0x9d, 0xef, 0x9c, 0xef, 0x9b, 0xef, 0x79, 0xef, 0x58, 0xef, 0x57, 0xf7, 0x58, 0xf7, 0x58, 0xf7, 0x38, 0xf7, 0x58, 0xf7, 0x57, 0xf7, 0x58, 0xf7, 0x58, 0xf7, 0x58, 0xf7, 0x58, 0xf7, 0x58, 0xf7, 0x58, 0xf7, 0x58, 0xf7, 0x58, 0xf7, 0x57, 0xf7, 0x57, 0xf7, 0x57, 0xf7, 0x57, 0xf7, 0x57, 0xf7, 0x58, 0xf7, 0x38, 0xf7, 0x58, 0xff, 0x57, 0xff, 0x56, 0xf7, 0x57, 0xf7, 0x57, 0xf7, 0x58, 0xf7, 0x37, 0xf7, 0x36, 0xf7, 0x75, 0xff, 0x52, 0xff, 0x89, 0xee, 0xc3, 0xfe, 0xc0, 0xfe, 0x80, 0xfe, 0xa1, 0xfe, 0xa1, 0xfe, 0xa1, 0xfe, 0xa1, 0xfe, 0xa1, 0xfe, 0xa1, 0xfe, 0xa1, 0xfe, 0xa1, 0xfe, 0xa1, 0xfe, 0xa1, 0xfe, 0xa1, 0xfe, 0xa1, 0xfe, 0xa1, 0xfe, 0xa1, 0xfe, 0xa1, 0xfe, 0xa1, 0xfe, 0xa1, 0xfe, 0xa1, 0xfe, 0xa1, 0xfe, 0xc0, 0xfe, 0xa0, 0xfe, 0xe1, 0xfe, 0xc4, 0xf6, 0x88, 0xe6, 0x8e, 0xff, 
  0xf8, 0xc7, 0xf8, 0xc7, 0xf8, 0xc7, 0xf8, 0xc7, 0xf8, 0xc7, 0xf8, 0xc7, 0xf8, 0xc7, 0xf8, 0xc7, 0xf8, 0xc7, 0xf8, 0xc7, 0xf8, 0xc7, 0xf8, 0xc7, 0xf8, 0xc7, 0xf8, 0xc7, 0xf8, 0xc7, 0xd9, 0xcf, 0xba, 0xd7, 0xbb, 0xdf, 0xdb, 0xdf, 0xdc, 0xe7, 0xbc, 0xe7, 0xbc, 0xe7, 0x9d, 0xe7, 0x9d, 0xef, 0x9d, 0xef, 0x9d, 0xef, 0x9d, 0xef, 0x9d, 0xef, 0x9d, 0xef, 0x9d, 0xef, 0xbd, 0xef, 0xbd, 0xef, 0x9d, 0xef, 0x9d, 0xef, 0x9d, 0xef, 0x9d, 0xef, 0x9d, 0xef, 0x9d, 0xef, 0x9d, 0xef, 0x9d, 0xef, 0x9d, 0xef, 0x9d, 0xef, 0x9d, 0xef, 0x9d, 0xef, 0x9d, 0xef, 0x9d, 0xef, 0x9d, 0xef, 0x9d, 0xef, 0x9d, 0xef, 0x9d, 0xef, 0xbc, 0xef, 0xbc, 0xef, 0xbc, 0xef, 0x9d, 0xef, 0x9d, 0xef, 0x9d, 0xef, 0xbc, 0xef, 0x9b, 0xef, 0x79, 0xef, 0x78, 0xef, 0x57, 0xef, 0x57, 0xf7, 0x58, 0xf7, 0x38, 0xf7, 0x58, 0xf7, 0x58, 0xf7, 0x58, 0xf7, 0x58, 0xf7, 0x58, 0xf7, 0x58, 0xf7, 0x58, 0xf7, 0x58, 0xf7, 0x58, 0xf7, 0x58, 0xf7, 0x58, 0xf7, 0x57, 0xf7, 0x57, 0xf7, 0x57, 0xf7, 0x57, 0xf7, 0x58, 0xf7, 0x58, 0xf7, 0x58, 0xf7, 0x58, 0xf7, 0x57, 0xf7, 0x57, 0xff, 0x57, 0xff, 0x58, 0xf7, 0x58, 0xf7, 0x57, 0xff, 0x35, 0xf7, 0x53, 0xff, 0x0d, 0xff, 0xa3, 0xf6, 0xa0, 0xfe, 0xa1, 0xfe, 0x81, 0xfe, 0xa1, 0xfe, 0xa1, 0xfe, 0xa1, 0xfe, 0xa1, 0xfe, 0xa1, 0xfe, 0xa1, 0xfe, 0xa1, 0xfe, 0xa0, 0xfe, 0xa0, 0xfe, 0xa0, 0xfe, 0xa0, 0xfe, 0xa1, 0xfe, 0xa1, 0xfe, 0xa1, 0xfe, 0xa1, 0xfe, 0xa1, 0xfe, 0xa1, 0xfe, 0xa0, 0xfe, 0xa0, 0xfe, 0xc0, 0xfe, 0xa1, 0xfe, 0xa4, 0xf6, 0xa9, 0xee, 0x8f, 0xff, 
  0xf8, 0xc7, 0xf8, 0xc7, 0xf8, 0xc7, 0xf8, 0xc7, 0xf8, 0xc7, 0xf8, 0xc7, 0xf8, 0xc7, 0xf8, 0xc7, 0xf8, 0xc7, 0xf8, 0xc7, 0xf8, 0xc7, 0xf8, 0xc7, 0xf8, 0xc7, 0xf8, 0xc7, 0xf8, 0xc7, 0xd9, 0xcf, 0xba, 0xd7, 0xbb, 0xdf, 0xdc, 0xe7, 0xdc, 0xe7, 0xbc, 0xe7, 0xbc, 0xe7, 0x9d, 0xef, 0x9d, 0xef, 0x9d, 0xef, 0x9d, 0xef, 0x9d, 0xef, 0x9d, 0xef, 0x9d, 0xef, 0x9d, 0xef, 0x9d, 0xef, 0x9d, 0xef, 0x9d, 0xef, 0x9d, 0xef, 0x9d, 0xef, 0x9d, 0xef, 0x9d, 0xef, 0x9d, 0xef, 0x9d, 0xef, 0x9d, 0xef, 0x9d, 0xef, 0x9d, 0xef, 0x9d, 0xef, 0x9d, 0xef, 0x9d, 0xef, 0x9d, 0xef, 0x9d, 0xef, 0x9d, 0xef, 0x9d, 0xef, 0x9d, 0xef, 0x9c, 0xef, 0xbc, 0xef, 0x9c, 0xef, 0x9d, 0xef, 0x9d, 0xef, 0x9d, 0xef, 0xbc, 0xef, 0x9b, 0xef, 0x99, 0xef, 0x78, 0xef, 0x77, 0xef, 0x77, 0xf7, 0x58, 0xf7, 0x58, 0xf7, 0x58, 0xf7, 0x58, 0xf7, 0x58, 0xf7, 0x58, 0xf7, 0x58, 0xf7, 0x58, 0xf7, 0x58, 0xf7, 0x58, 0xf7, 0x58, 0xf7, 0x58, 0xf7, 0x58, 0xf7, 0x58, 0xf7, 0x58, 0xf7, 0x58, 0xf7, 0x58, 0xf7, 0x58, 0xf7, 0x58, 0xf7, 0x58, 0xf7, 0x58, 0xf7, 0x57, 0xf7, 0x57, 0xff, 0x57, 0xf7, 0x58, 0xf7, 0x58, 0xf7, 0x58, 0xf7, 0x36, 0xf7, 0x55, 0xff, 0x30, 0xff, 0xc5, 0xf6, 0xa1, 0xfe, 0xa2, 0xfe, 0x82, 0xfe, 0xa1, 0xfe, 0xa1, 0xfe, 0xa1, 0xfe, 0xa1, 0xfe, 0xa1, 0xfe, 0xa1, 0xfe, 0xa1, 0xfe, 0xa0, 0xfe, 0xa0, 0xfe, 0xa0, 0xfe, 0xa0, 0xfe, 0xa1, 0xfe, 0xa1, 0xfe, 0xa1, 0xfe, 0xa1, 0xfe, 0xa1, 0xfe, 0xa1, 0xfe, 0xa0, 0xfe, 0xa0, 0xfe, 0xc0, 0xfe, 0xa1, 0xfe, 0xa5, 0xf6, 0xaa, 0xee, 0x90, 0xff, 
  0xf8, 0xc7, 0xf8, 0xc7, 0xf8, 0xc7, 0xf8, 0xc7, 0xf8, 0xc7, 0xf8, 0xc7, 0xf8, 0xc7, 0xf8, 0xc7, 0xf8, 0xc7, 0xf8, 0xc7, 0xf8, 0xc7, 0xf8, 0xc7, 0xf8, 0xc7, 0xf8, 0xc7, 0xf8, 0xc7, 0xd9, 0xcf, 0xdb, 0xdf, 0xbb, 0xe7, 0xdc, 0xe7, 0xdc, 0xe7, 0xbc, 0xe7, 0xbd, 0xe7, 0x9d, 0xef, 0x9d, 0xef, 0x9d, 0xef, 0x9d, 0xef, 0x9d, 0xef, 0x9d, 0xef, 0x9d, 0xef, 0x9d, 0xef, 0xbd, 0xef, 0xbd, 0xef, 0x9d, 0xef, 0x9d, 0xef, 0x9d, 0xef, 0x9d, 0xef, 0x9d, 0xef, 0x9d, 0xef, 0x9d, 0xef, 0x9d, 0xef, 0x9d, 0xef, 0x9d, 0xef, 0x9d, 0xef, 0x9d, 0xef, 0x9d, 0xef, 0x9d, 0xef, 0x9d, 0xef, 0x9d, 0xef, 0x9d, 0xef, 0x9d, 0xef, 0x9c, 0xef, 0x9c, 0xef, 0x9c, 0xef, 0x9d, 0xef, 0x9d, 0xef, 0x9d, 0xef, 0x9c, 0xef, 0x9b, 0xef, 0x99, 0xef, 0x78, 0xef, 0x57, 0xef, 0x57, 0xf7, 0x58, 0xf7, 0x38, 0xf7, 0x58, 0xf7, 0x58, 0xf7, 0x58, 0xf7, 0x58, 0xf7, 0x58, 0xf7, 0x58, 0xf7, 0x58, 0xf7, 0x58, 0xf7, 0x58, 0xf7, 0x58, 0xf7, 0x58, 0xf7, 0x58, 0xf7, 0x58, 0xf7, 0x58, 0xf7, 0x58, 0xf7, 0x58, 0xf7, 0x58, 0xf7, 0x58, 0xf7, 0x57, 0xf7, 0x57, 0xf7, 0x56, 0xf7, 0x57, 0xf7, 0x58, 0xf7, 0x59, 0xf7, 0x58, 0xf7, 0x38, 0xf7, 0x37, 0xff, 0x53, 0xff, 0xc7, 0xf6, 0xc2, 0xfe, 0xa2, 0xfe, 0xa1, 0xfe, 0xa1, 0xfe, 0xa1, 0xfe, 0xa1, 0xfe, 0xa1, 0xfe, 0xa1, 0xfe, 0xa1, 0xfe, 0xa1, 0xfe, 0xa1, 0xfe, 0xa1, 0xfe, 0xa1, 0xfe, 0xa1, 0xfe, 0xa1, 0xfe, 0xa1, 0xfe, 0xa1, 0xfe, 0xa1, 0xfe, 0xa1, 0xfe, 0xa1, 0xfe, 0xa1, 0xfe, 0xa0, 0xfe, 0xc0, 0xfe, 0xa1, 0xfe, 0xa5, 0xf6, 0xeb, 0xe6, 0xb1, 0xf7, 
  0xf8, 0xc7, 0xf8, 0xc7, 0xf8, 0xc7, 0xf8, 0xc7, 0xf8, 0xc7, 0xf8, 0xc7, 0xf8, 0xc7, 0xf8, 0xc7, 0xf8, 0xc7, 0xf8, 0xc7, 0xf8, 0xc7, 0xf8, 0xc7, 0xf8, 0xc7, 0xf8, 0xc7, 0xf8, 0xc7, 0xd9, 0xcf, 0xdb, 0xdf, 0xbc, 0xe7, 0xdc, 0xe7, 0xbc, 0xe7, 0xbc, 0xe7, 0xbd, 0xe7, 0x9d, 0xef, 0x9d, 0xef, 0x9d, 0xef, 0x9d, 0xef, 0x9d, 0xef, 0x9d, 0xef, 0x9d, 0xef, 0x9d, 0xef, 0xbc, 0xef, 0xbc, 0xef, 0x9d, 0xef, 0x9d, 0xef, 0x9d, 0xef, 0x9d, 0xef, 0x9d, 0xef, 0x9d, 0xef, 0x9d, 0xef, 0x9d, 0xef, 0x9d, 0xef, 0x9d, 0xef, 0x9d, 0xef, 0x9d, 0xef, 0x9d, 0xef, 0x9d, 0xef, 0x9d, 0xef, 0x9d, 0xef, 0x9d, 0xef, 0x9d, 0xef, 0x9c, 0xef, 0x9c, 0xef, 0x9c, 0xef, 0x9d, 0xef, 0x9d, 0xef, 0x9d, 0xef, 0x9c, 0xef, 0x9b, 0xef, 0x99, 0xef, 0x78, 0xef, 0x57, 0xef, 0x57, 0xf7, 0x58, 0xf7, 0x38, 0xf7, 0x58, 0xf7, 0x58, 0xf7, 0x58, 0xf7, 0x58, 0xf7, 0x58, 0xf7, 0x58, 0xf7, 0x58, 0xf7, 0x58, 0xf7, 0x58, 0xf7, 0x58, 0xf7, 0x58, 0xf7, 0x58, 0xf7, 0x58, 0xf7, 0x58, 0xf7, 0x58, 0xf7, 0x58, 0xf7, 0x38, 0xf7, 0x38, 0xf7, 0x57, 0xf7, 0x56, 0xf7, 0x56, 0xf7, 0x56, 0xf7, 0x58, 0xf7, 0x58, 0xf7, 0x58, 0xf7, 0x58, 0xf7, 0x38, 0xff, 0x74, 0xff, 0xe9, 0xf6, 0xc3, 0xf6, 0xa1, 0xfe, 0xc1, 0xfe, 0xa1, 0xfe, 0xa1, 0xfe, 0xa1, 0xfe, 0xa1, 0xfe, 0xa1, 0xfe, 0xa1, 0xfe, 0xa1, 0xfe, 0xa1, 0xfe, 0xa1, 0xfe, 0xa1, 0xfe, 0xa1, 0xfe, 0xa1, 0xfe, 0xa1, 0xfe, 0xa1, 0xfe, 0xa1, 0xfe, 0xa1, 0xfe, 0xa1, 0xfe, 0xa1, 0xfe, 0xa0, 0xfe, 0xc0, 0xfe, 0xa1, 0xfe, 0xc5, 0xf6, 0x2d, 0xe7, 0xd2, 0xef, 
  0xf8, 0xc7, 0xf8, 0xc7, 0xf8, 0xc7, 0xf8, 0xc7, 0xf8, 0xc7, 0xf8, 0xc7, 0xf8, 0xc7, 0xf8, 0xc7, 0xf8, 0xc7, 0xf8, 0xc7, 0xf8, 0xc7, 0xf8, 0xc7, 0xf8, 0xc7, 0xf8, 0xc7, 0xf9, 0xcf, 0xda, 0xd7, 0xdb, 0xdf, 0xbc, 0xe7, 0xbc, 0xe7, 0xbc, 0xe7, 0x9c, 0xe7, 0x9d, 0xef, 0x9d, 0xef, 0x9d, 0xef, 0x9d, 0xef, 0x9d, 0xef, 0x9d, 0xef, 0x9d, 0xef, 0x9d, 0xef, 0x9d, 0xef, 0xbc, 0xef, 0xbc, 0xef, 0x9d, 0xef, 0x9d, 0xef, 0x9d, 0xef, 0x9d, 0xef, 0x9d, 0xef, 0x9d, 0xef, 0x9d, 0xef, 0x9d, 0xef, 0x9d, 0xef, 0x9d, 0xef, 0x9d, 0xef, 0x9d, 0xef, 0x9d, 0xef, 0x9d, 0xef, 0x9d, 0xef, 0x9d, 0xef, 0x9d, 0xef, 0x9d, 0xef, 0x9d, 0xef, 0x9c, 0xef, 0x9d, 0xef, 0x9d, 0xef, 0x9d, 0xef, 0x9d, 0xef, 0x9c, 0xef, 0x9b, 0xef, 0x7a, 0xef, 0x78, 0xef, 0x58, 0xef, 0x57, 0xf7, 0x37, 0xf7, 0x37, 0xf7, 0x57, 0xf7, 0x57, 0xf7, 0x57, 0xf7, 0x57, 0xf7, 0x57, 0xf7, 0x57, 0xf7, 0x57, 0xf7, 0x57, 0xf7, 0x57, 0xf7, 0x57, 0xf7, 0x57, 0xf7, 0x57, 0xf7, 0x57, 0xf7, 0x57, 0xf7, 0x57, 0xf7, 0x58, 0xf7, 0x38, 0xf7, 0x38, 0xf7, 0x37, 0xf7, 0x56, 0xf7, 0x56, 0xf7, 0x56, 0xf7, 0x57, 0xf7, 0x58, 0xef, 0x58, 0xef, 0x58, 0xf7, 0x38, 0xf7, 0x75, 0xff, 0x0b, 0xff, 0xc4, 0xf6, 0xa1, 0xfe, 0xc0, 0xfe, 0xa1, 0xfe, 0xa1, 0xfe, 0xa1, 0xfe, 0xa1, 0xfe, 0xa1, 0xfe, 0xa1, 0xfe, 0xa1, 0xfe, 0xa1, 0xfe, 0xa1, 0xfe, 0xa1, 0xfe, 0xa1, 0xfe, 0xa1, 0xfe, 0xa1, 0xfe, 0xa1, 0xfe, 0xa1, 0xfe, 0xa1, 0xfe, 0xa1, 0xfe, 0x81, 0xfe, 0xa0, 0xfe, 0xa0, 0xfe, 0xa0, 0xfe, 0xc5, 0xf6, 0x6f, 0xdf, 0xd4, 0xdf, 
  0xf8, 0xc7, 0xf8, 0xc7, 0xf8, 0xc7, 0xf8, 0xc7, 0xf8, 0xc7, 0xf8, 0xc7, 0xf8, 0xc7, 0xf8, 0xc7, 0xf8, 0xc7, 0xf8, 0xc7, 0xf8, 0xc7, 0xf8, 0xc7, 0xf8, 0xc7, 0xd8, 0xc7, 0xf9, 0xcf, 0xfa, 0xd7, 0xdb, 0xe7, 0xbc, 0xe7, 0xbc, 0xe7, 0x9c, 0xe7, 0x9c, 0xef, 0x9d, 0xef, 0x9d, 0xef, 0x9d, 0xef, 0x9d, 0xef, 0x9d, 0xef, 0x9d, 0xef, 0x9d, 0xef, 0x9d, 0xef, 0x9c, 0xef, 0x9c, 0xe7, 0x9c, 0xe7, 0x9c, 0xef, 0x9d, 0xef, 0x9d, 0xef, 0x9d, 0xef, 0x9d, 0xef, 0x9d, 0xef, 0x9d, 0xef, 0x9d, 0xef, 0x9d, 0xef, 0x9d, 0xef, 0x9d, 0xef, 0x9d, 0xef, 0x9d, 0xef, 0x9d, 0xef, 0x9d, 0xef, 0x9d, 0xef, 0x9d, 0xe7, 0x9d, 0xe7, 0x9d, 0xef, 0x9c, 0xef, 0x9d, 0xef, 0x9d, 0xef, 0x9d, 0xef, 0x9d, 0xef, 0x9c, 0xef, 0x9c, 0xef, 0x9a, 0xef, 0x59, 0xef, 0x58, 0xef, 0x37, 0xf7, 0x37, 0xf7, 0x37, 0xf7, 0x57, 0xf7, 0x57, 0xf7, 0x57, 0xf7, 0x57, 0xf7, 0x57, 0xf7, 0x57, 0xf7, 0x57, 0xf7, 0x57, 0xf7, 0x57, 0xf7, 0x57, 0xf7, 0x57, 0xf7, 0x57, 0xf7, 0x57, 0xf7, 0x57, 0xf7, 0x57, 0xf7, 0x38, 0xf7, 0x38, 0xf7, 0x38, 0xf7, 0x37, 0xf7, 0x56, 0xf7, 0x56, 0xf7, 0x57, 0xf7, 0x57, 0xf7, 0x58, 0xef, 0x77, 0xef, 0x57, 0xf7, 0x37, 0xf7, 0x55, 0xff, 0x2d, 0xff, 0xa5, 0xf6, 0xa1, 0xfe, 0xa0, 0xfe, 0xa1, 0xfe, 0xa1, 0xfe, 0xa1, 0xfe, 0xa1, 0xfe, 0xa1, 0xfe, 0xa1, 0xfe, 0xa1, 0xfe, 0xa1, 0xfe, 0xa1, 0xfe, 0xa1, 0xfe, 0xa1, 0xfe, 0xa1, 0xfe, 0xa1, 0xfe, 0xa1, 0xfe, 0xa1, 0xfe, 0xa1, 0xfe, 0x81, 0xfe, 0x81, 0xfe, 0xa1, 0xfe, 0xa0, 0xfe, 0xa0, 0xfe, 0xc5, 0xee, 0xb1, 0xdf, 0xf6, 0xcf, 
  0xf8, 0xc7, 0xf8, 0xc7, 0xf8, 0xc7, 0xf8, 0xc7, 0xf8, 0xc7, 0xf8, 0xc7, 0xf8, 0xc7, 0xf8, 0xc7, 0xf8, 0xc7, 0xf8, 0xc7, 0xf8, 0xc7, 0xf8, 0xc7, 0xf8, 0xc7, 0xd9, 0xcf, 0xfa, 0xcf, 0xfb, 0xdf, 0xbc, 0xe7, 0x9c, 0xe7, 0x9c, 0xe7, 0x9c, 0xef, 0x9d, 0xef, 0x9d, 0xef, 0x9d, 0xef, 0x9d, 0xef, 0x9d, 0xef, 0x9d, 0xef, 0x9d, 0xef, 0x9d, 0xef, 0x9c, 0xef, 0x9c, 0xef, 0x9c, 0xe7, 0x9c, 0xe7, 0x9c, 0xef, 0x9d, 0xef, 0x9d, 0xef, 0x9d, 0xef, 0x9d, 0xef, 0x9d, 0xef, 0x9d, 0xef, 0x9d, 0xef, 0x9d, 0xef, 0x9d, 0xef, 0x9d, 0xef, 0x9d, 0xef, 0x9d, 0xef, 0x9d, 0xef, 0x9d, 0xef, 0x9d, 0xef, 0x9d, 0xe7, 0x9d, 0xe7, 0x9d, 0xef, 0x9d, 0xef, 0x9d, 0xef, 0x9d, 0xef, 0x9d, 0xef, 0x9d, 0xef, 0x9c, 0xef, 0x9c, 0xef, 0x9b, 0xef, 0x79, 0xef, 0x58, 0xf7, 0x58, 0xf7, 0x37, 0xf7, 0x37, 0xf7, 0x57, 0xf7, 0x57, 0xf7, 0x57, 0xf7, 0x57, 0xf7, 0x57, 0xf7, 0x57, 0xf7, 0x57, 0xf7, 0x57, 0xf7, 0x57, 0xf7, 0x57, 0xf7, 0x57, 0xf7, 0x57, 0xf7, 0x57, 0xf7, 0x57, 0xf7, 0x57, 0xf7, 0x58, 0xf7, 0x38, 0xf7, 0x38, 0xf7, 0x37, 0xf7, 0x57, 0xf7, 0x57, 0xf7, 0x57, 0xf7, 0x58, 0xef, 0x57, 0xef, 0x76, 0xef, 0x56, 0xef, 0x37, 0xf7, 0x55, 0xff, 0x4f, 0xff, 0x66, 0xf6, 0xa3, 0xfe, 0x81, 0xfe, 0x81, 0xfe, 0x81, 0xfe, 0x81, 0xfe, 0x81, 0xfe, 0x81, 0xfe, 0x81, 0xfe, 0x81, 0xfe, 0x81, 0xfe, 0x81, 0xfe, 0x81, 0xfe, 0x81, 0xfe, 0x81, 0xfe, 0xa1, 0xfe, 0xa1, 0xfe, 0xa0, 0xfe, 0xa1, 0xfe, 0x81, 0xfe, 0x81, 0xfe, 0xa0, 0xfe, 0xa0, 0xfe, 0xa1, 0xfe, 0xc6, 0xee, 0xd3, 0xdf, 0xf7, 0xc7, 
  0xf8, 0xc7, 0xf8, 0xc7, 0xf8, 0xc7, 0xf8, 0xc7, 0xf8, 0xc7, 0xf8, 0xc7, 0xf8, 0xc7, 0xf8, 0xc7, 0xf8, 0xc7, 0xf8, 0xc7, 0xf8, 0xc7, 0xf8, 0xc7, 0xf9, 0xcf, 0xd9, 0xcf, 0xfa, 0xd7, 0xfb, 0xdf, 0xbc, 0xe7, 0x9c, 0xef, 0x9c, 0xef, 0x9d, 0xef, 0x9d, 0xef, 0x9d, 0xef, 0x9d, 0xef, 0x9d, 0xef, 0x9d, 0xef, 0x9d, 0xef, 0x9d, 0xef, 0x9c, 0xef, 0x9c, 0xef, 0x9c, 0xef, 0x9c, 0xe7, 0x9c, 0xe7, 0x9c, 0xef, 0x9d, 0xef, 0x9d, 0xef, 0x9d, 0xef, 0x9d, 0xef, 0x9d, 0xef, 0x9d, 0xef, 0x9d, 0xef, 0x9d, 0xef, 0x9d, 0xef, 0x9d, 0xef, 0x9d, 0xef, 0x9d, 0xef, 0x9d, 0xef, 0x9d, 0xef, 0x9d, 0xef, 0x9d, 0xe7, 0x9d, 0xe7, 0x9d, 0xef, 0x9d, 0xef, 0x9d, 0xef, 0x9d, 0xef, 0x9d, 0xef, 0x9d, 0xef, 0x9c, 0xef, 0x9c, 0xef, 0x9b, 0xef, 0x7a, 0xef, 0x59, 0xf7, 0x58, 0xf7, 0x58, 0xf7, 0x57, 0xf7, 0x57, 0xf7, 0x58, 0xf7, 0x58, 0xf7, 0x58, 0xf7, 0x58, 0xf7, 0x58, 0xf7, 0x58, 0xf7, 0x58, 0xf7, 0x58, 0xf7, 0x58, 0xf7, 0x58, 0xf7, 0x58, 0xf7, 0x58, 0xf7, 0x58, 0xf7, 0x58, 0xf7, 0x58, 0xf7, 0x38, 0xf7, 0x38, 0xf7, 0x57, 0xf7, 0x57, 0xf7, 0x38, 0xf7, 0x58, 0xf7, 0x58, 0xef, 0x58, 0xef, 0x77, 0xef, 0x56, 0xef, 0x37, 0xf7, 0x35, 0xff, 0x71, 0xff, 0x48, 0xf6, 0x84, 0xfe, 0x81, 0xfe, 0x81, 0xfe, 0x80, 0xfe, 0x80, 0xfe, 0x80, 0xfe, 0x80, 0xfe, 0x80, 0xfe, 0x80, 0xfe, 0x81, 0xfe, 0x81, 0xfe, 0x81, 0xfe, 0x81, 0xfe, 0x81, 0xfe, 0xa1, 0xfe, 0xa1, 0xfe, 0xa0, 0xfe, 0x81, 0xfe, 0x61, 0xfe, 0x61, 0xfe, 0xa0, 0xfe, 0xa0, 0xfe, 0xa2, 0xfe, 0xe8, 0xe6, 0xf4, 0xd7, 0xf8, 0xc7, 
  0xf8, 0xc7, 0xf8, 0xc7, 0xf8, 0xc7, 0xf8, 0xc7, 0xf8, 0xc7, 0xf8, 0xc7, 0xf8, 0xc7, 0xf8, 0xc7, 0xf8, 0xc7, 0xf8, 0xc7, 0xf8, 0xc7, 0xf8, 0xc7, 0xd9, 0xcf, 0xd9, 0xcf, 0xfa, 0xd7, 0xdb, 0xdf, 0xbc, 0xe7, 0x9c, 0xef, 0x9d, 0xef, 0x9d, 0xef, 0x9d, 0xef, 0x9d, 0xef, 0x9d, 0xef, 0x9d, 0xef, 0x9d, 0xef, 0x9d, 0xef, 0x9d, 0xef, 0x9c, 0xef, 0x9c, 0xef, 0x9c, 0xef, 0x9c, 0xe7, 0x9c, 0xe7, 0x9c, 0xef, 0x9d, 0xef, 0x9d, 0xef, 0x9d, 0xef, 0x9d, 0xef, 0x9d, 0xef, 0x9d, 0xef, 0x9d, 0xef, 0x9d, 0xef, 0x9d, 0xef, 0x9d, 0xef, 0x9d, 0xef, 0x9d, 0xef, 0x9d, 0xef, 0x9d, 0xef, 0x9d, 0xef, 0x9d, 0xef, 0x9d, 0xef, 0x9d, 0xe7, 0x9d, 0xe7, 0x9d, 0xef, 0x9d, 0xef, 0x9d, 0xef, 0x9d, 0xef, 0x7c, 0xe7, 0x9c, 0xef, 0x9c, 0xef, 0x7a, 0xef, 0x59, 0xef, 0x59, 0xf7, 0x58, 0xf7, 0x37, 0xf7, 0x58, 0xf7, 0x58, 0xf7, 0x58, 0xf7, 0x58, 0xf7, 0x58, 0xf7, 0x58, 0xf7, 0x58, 0xf7, 0x58, 0xf7, 0x58, 0xf7, 0x58, 0xf7, 0x58, 0xf7, 0x58, 0xf7, 0x58, 0xf7, 0x58, 0xf7, 0x58, 0xf7, 0x58, 0xf7, 0x57, 0xf7, 0x57, 0xf7, 0x57, 0xf7, 0x57, 0xf7, 0x38, 0xf7, 0x39, 0xf7, 0x39, 0xf7, 0x58, 0xef, 0x37, 0xef, 0x78, 0xf7, 0x59, 0xff, 0x16, 0xff, 0x32, 0xff, 0x4a, 0xfe, 0x65, 0xfe, 0x82, 0xfe, 0x81, 0xfe, 0xa0, 0xfe, 0xa0, 0xfe, 0x80, 0xfe, 0x80, 0xfe, 0x80, 0xfe, 0x80, 0xfe, 0x80, 0xfe, 0x81, 0xfe, 0x81, 0xfe, 0x81, 0xfe, 0x81, 0xfe, 0x81, 0xfe, 0x81, 0xfe, 0x80, 0xfe, 0x81, 0xfe, 0x62, 0xfe, 0x81, 0xfe, 0x80, 0xfe, 0xa0, 0xfe, 0xe5, 0xf6, 0x2b, 0xe7, 0xf5, 0xdf, 0xf8, 0xc7, 
  0xf8, 0xc7, 0xf8, 0xc7, 0xf8, 0xc7, 0xf8, 0xc7, 0xf8, 0xc7, 0xf8, 0xc7, 0xf8, 0xc7, 0xf8, 0xc7, 0xf8, 0xc7, 0xf8, 0xc7, 0xf8, 0xc7, 0xf8, 0xc7, 0xd9, 0xcf, 0xd9, 0xcf, 0xda, 0xd7, 0xdb, 0xdf, 0xbc, 0xe7, 0x9d, 0xef, 0x9d, 0xef, 0x9d, 0xef, 0x9d, 0xef, 0x9d, 0xef, 0x9d, 0xef, 0x9d, 0xef, 0x9d, 0xef, 0x9d, 0xef, 0x9d, 0xef, 0x9c, 0xef, 0x9c, 0xef, 0x9c, 0xef, 0x9c, 0xe7, 0x9c, 0xe7, 0x9c, 0xef, 0x9d, 0xef, 0x9d, 0xef, 0x9d, 0xef, 0x9d, 0xef, 0x9d, 0xef, 0x9d, 0xef, 0x9d, 0xef, 0x9d, 0xef, 0x9d, 0xef, 0x9d, 0xef, 0x9d, 0xef, 0x9d, 0xef, 0x9d, 0xef, 0x9d, 0xef, 0x9d, 0xef, 0x9d, 0xef, 0x9d, 0xef, 0x9d, 0xe7, 0x9d, 0xe7, 0x9d, 0xef, 0x9d, 0xef, 0x9d, 0xef, 0x9c, 0xef, 0x9c, 0xef, 0x9c, 0xef, 0x9c, 0xef, 0x7b, 0xef, 0x5a, 0xef, 0x59, 0xf7, 0x38, 0xf7, 0x37, 0xf7, 0x58, 0xf7, 0x58, 0xf7, 0x58, 0xf7, 0x58, 0xf7, 0x58, 0xf7, 0x58, 0xf7, 0x58, 0xf7, 0x58, 0xf7, 0x58, 0xf7, 0x58, 0xf7, 0x58, 0xf7, 0x58, 0xf7, 0x58, 0xf7, 0x58, 0xf7, 0x58, 0xf7, 0x58, 0xf7, 0x57, 0xf7, 0x57, 0xf7, 0x57, 0xf7, 0x57, 0xf7, 0x38, 0xf7, 0x39, 0xf7, 0x39, 0xf7, 0x39, 0xf7, 0x58, 0xf7, 0x58, 0xf7, 0x38, 0xff, 0xf6, 0xfe, 0x32, 0xff, 0x6a, 0xfe, 0x64, 0xfe, 0x81, 0xfe, 0x81, 0xfe, 0xa1, 0xfe, 0xa0, 0xfe, 0xa0, 0xfe, 0xa0, 0xfe, 0xa0, 0xfe, 0x80, 0xfe, 0x80, 0xfe, 0x81, 0xfe, 0x81, 0xfe, 0x81, 0xfe, 0x81, 0xfe, 0x81, 0xfe, 0x81, 0xfe, 0x81, 0xfe, 0x81, 0xfe, 0x61, 0xfe, 0x61, 0xfe, 0x80, 0xfe, 0xa1, 0xfe, 0xc7, 0xe6, 0xb0, 0xe7, 0xf6, 0xd7, 0xf8, 0xc7, 
  0xf8, 0xc7, 0xf8, 0xc7, 0xf8, 0xc7, 0xf8, 0xc7, 0xf8, 0xc7, 0xf8, 0xc7, 0xf8, 0xc7, 0xf8, 0xc7, 0xf7, 0xc7, 0xf8, 0xc7, 0xf8, 0xc7, 0xf8, 0xcf, 0xd9, 0xcf, 0xda, 0xd7, 0xdb, 0xd7, 0xdc, 0xdf, 0xbc, 0xe7, 0x9d, 0xef, 0x9d, 0xef, 0x9d, 0xef, 0x9d, 0xef, 0x9d, 0xef, 0x9d, 0xef, 0x9d, 0xef, 0x9d, 0xef, 0x9d, 0xef, 0x9d, 0xef, 0x9d, 0xef, 0x9c, 0xef, 0x9c, 0xef, 0x9c, 0xef, 0x9c, 0xef, 0x9d, 0xef, 0x9d, 0xef, 0x9d, 0xef, 0x9d, 0xef, 0x9d, 0xef, 0x9d, 0xef, 0x9d, 0xef, 0x9d, 0xef, 0x9d, 0xef, 0x9d, 0xef, 0x9d, 0xef, 0x9d, 0xef, 0x9d, 0xef, 0x9d, 0xef, 0x9d, 0xef, 0x9d, 0xef, 0x9d, 0xef, 0x9d, 0xef, 0x9d, 0xef, 0x9d, 0xef, 0x9d, 0xe7, 0x9d, 0xef, 0x9c, 0xef, 0x9c, 0xef, 0x9c, 0xef, 0x9c, 0xef, 0x9c, 0xef, 0x9c, 0xef, 0x7b, 0xf7, 0x59, 0xf7, 0x38, 0xf7, 0x58, 0xf7, 0x58, 0xf7, 0x58, 0xf7, 0x58, 0xf7, 0x58, 0xf7, 0x58, 0xf7, 0x58, 0xf7, 0x58, 0xf7, 0x58, 0xf7, 0x58, 0xf7, 0x58, 0xf7, 0x58, 0xf7, 0x58, 0xf7, 0x58, 0xf7, 0x58, 0xf7, 0x58, 0xf7, 0x58, 0xf7, 0x57, 0xf7, 0x57, 0xf7, 0x57, 0xf7, 0x57, 0xf7, 0x38, 0xf7, 0x38, 0xf7, 0x39, 0xf7, 0x39, 0xf7, 0x58, 0xf7, 0x58, 0xf7, 0x38, 0xff, 0x15, 0xff, 0x51, 0xff, 0x89, 0xf6, 0x83, 0xfe, 0xa0, 0xfe, 0x81, 0xfe, 0x81, 0xfe, 0x80, 0xfe, 0x80, 0xfe, 0xa0, 0xfe, 0xa0, 0xfe, 0xa0, 0xfe, 0x80, 0xfe, 0x80, 0xfe, 0x81, 0xfe, 0x81, 0xfe, 0x81, 0xfe, 0x81, 0xfe, 0x81, 0xfe, 0x81, 0xfe, 0x81, 0xfe, 0x61, 0xfe, 0x61, 0xfe, 0xa0, 0xfe, 0xa2, 0xf6, 0x0b, 0xd7, 0xf4, 0xdf, 0xd6, 0xcf, 0xf8, 0xcf, 
  0xf8, 0xc7, 0xf8, 0xc7, 0xf8, 0xc7, 0xf8, 0xc7, 0xf8, 0xc7, 0xf8, 0xc7, 0xf8, 0xc7, 0xf8, 0xc7, 0xf8, 0xc7, 0xf8, 0xc7, 0xf8, 0xc7, 0xf9, 0xcf, 0xd9, 0xcf, 0xda, 0xd7, 0xdb, 0xdf, 0xdc, 0xe7, 0x9c, 0xe7, 0x9d, 0xef, 0x9d, 0xef, 0x9d, 0xef, 0x9d, 0xef, 0x9d, 0xef, 0x9d, 0xef, 0x9d, 0xef, 0x9d, 0xef, 0x9d, 0xef, 0x9d, 0xef, 0x9d, 0xef, 0x9d, 0xef, 0x9d, 0xef, 0x9d, 0xef, 0x9d, 0xef, 0x9d, 0xef, 0x9d, 0xef, 0x9d, 0xef, 0x9d, 0xef, 0x9d, 0xef, 0x9d, 0xef, 0x9d, 0xef, 0x9d, 0xef, 0x9d, 0xef, 0x9d, 0xef, 0x9d, 0xef, 0x9d, 0xef, 0x9d, 0xef, 0x9d, 0xef, 0x9d, 0xef, 0x9d, 0xef, 0x9c, 0xef, 0x9d, 0xef, 0x9d, 0xef, 0x9d, 0xef, 0x9d, 0xef, 0x9d, 0xef, 0x9c, 0xef, 0x9c, 0xef, 0x9d, 0xef, 0x9c, 0xe7, 0x7d, 0xef, 0x9c, 0xef, 0x7b, 0xf7, 0x5a, 0xef, 0x38, 0xef, 0x58, 0xf7, 0x58, 0xf7, 0x58, 0xf7, 0x58, 0xf7, 0x58, 0xf7, 0x58, 0xf7, 0x58, 0xf7, 0x58, 0xf7, 0x58, 0xf7, 0x58, 0xf7, 0x58, 0xf7, 0x58, 0xf7, 0x58, 0xf7, 0x58, 0xf7, 0x58, 0xf7, 0x58, 0xf7, 0x58, 0xf7, 0x57, 0xf7, 0x57, 0xf7, 0x57, 0xf7, 0x57, 0xf7, 0x38, 0xf7, 0x38, 0xf7, 0x38, 0xf7, 0x58, 0xf7, 0x38, 0xef, 0x37, 0xf7, 0x57, 0xff, 0x55, 0xff, 0x31, 0xff, 0x88, 0xf6, 0x82, 0xf6, 0xa1, 0xfe, 0xa2, 0xfe, 0x82, 0xfe, 0x81, 0xfe, 0x80, 0xfe, 0x80, 0xfe, 0x80, 0xfe, 0x80, 0xfe, 0x80, 0xfe, 0x80, 0xfe, 0x81, 0xfe, 0x81, 0xfe, 0x81, 0xfe, 0x81, 0xfe, 0x81, 0xfe, 0x81, 0xfe, 0x81, 0xfe, 0x82, 0xfe, 0x82, 0xfe, 0xa2, 0xfe, 0xa5, 0xee, 0x90, 0xdf, 0xf6, 0xcf, 0xf7, 0xcf, 0xf7, 0xcf, 
  0xf8, 0xc7, 0xf8, 0xc7, 0xf8, 0xc7, 0xf8, 0xc7, 0xf8, 0xc7, 0xf8, 0xc7, 0xf8, 0xc7, 0xf8, 0xc7, 0xf7, 0xc7, 0xf8, 0xc7, 0xf8, 0xc7, 0xf9, 0xcf, 0xd9, 0xcf, 0xba, 0xd7, 0xbb, 0xdf, 0xbc, 0xdf, 0x9c, 0xe7, 0x9c, 0xe7, 0x9c, 0xe7, 0x9c, 0xe7, 0x9c, 0xe7, 0x9c, 0xe7, 0x9c, 0xe7, 0x9c, 0xe7, 0x9d, 0xef, 0x9d, 0xef, 0x9d, 0xef, 0x9d, 0xef, 0x9d, 0xef, 0x9d, 0xef, 0x9d, 0xef, 0x9d, 0xef, 0x9d, 0xef, 0x9d, 0xef, 0x9d, 0xef, 0x9d, 0xef, 0x9d, 0xef, 0x9d, 0xef, 0x9d, 0xef, 0x9d, 0xef, 0x9d, 0xef, 0x9d, 0xef, 0x9d, 0xef, 0x9d, 0xef, 0x9d, 0xef, 0x9d, 0xef, 0x9d, 0xef, 0x9c, 0xef, 0x9c, 0xef, 0x9d, 0xef, 0x9d, 0xef, 0x9d, 0xef, 0x9d, 0xef, 0x9d, 0xef, 0x9c, 0xe7, 0x9c, 0xe7, 0x9c, 0xe7, 0x9c, 0xe7, 0x7d, 0xe7, 0x9d, 0xef, 0x7c, 0xef, 0x5a, 0xef, 0x58, 0xef, 0x58, 0xf7, 0x58, 0xf7, 0x58, 0xf7, 0x58, 0xf7, 0x58, 0xf7, 0x58, 0xf7, 0x58, 0xf7, 0x58, 0xf7, 0x58, 0xf7, 0x58, 0xf7, 0x58, 0xf7, 0x58, 0xf7, 0x58, 0xf7, 0x58, 0xf7, 0x58, 0xf7, 0x58, 0xf7, 0x58, 0xf7, 0x57, 0xef, 0x57, 0xef, 0x37, 0xf7, 0x37, 0xf7, 0x37, 0xf7, 0x38, 0xf7, 0x38, 0xf7, 0x57, 0xf7, 0x57, 0xf7, 0x57, 0xf7, 0x57, 0xf7, 0x55, 0xff, 0x31, 0xff, 0x8a, 0xee, 0x85, 0xee, 0x82, 0xf6, 0x83, 0xfe, 0x83, 0xfe, 0x82, 0xfe, 0x81, 0xfe, 0x80, 0xfe, 0x80, 0xfe, 0x80, 0xfe, 0x80, 0xfe, 0x80, 0xfe, 0x81, 0xfe, 0x81, 0xfe, 0x81, 0xfe, 0x81, 0xfe, 0x81, 0xfe, 0x81, 0xfe, 0x81, 0xfe, 0x81, 0xfe, 0x82, 0xfe, 0x83, 0xf6, 0xe9, 0xe6, 0xf4, 0xdf, 0xf8, 0xc7, 0xf8, 0xcf, 0xf7, 0xcf, 
  0xf8, 0xc7, 0xf8, 0xc7, 0xf8, 0xc7, 0xf8, 0xc7, 0xf8, 0xc7, 0xf8, 0xc7, 0xf8, 0xc7, 0xf8, 0xc7, 0xf7, 0xc7, 0xf8, 0xc7, 0xf8, 0xc7, 0xf9, 0xcf, 0xd9, 0xcf, 0xba, 0xd7, 0xbb, 0xdf, 0xbc, 0xdf, 0x9c, 0xe7, 0x9c, 0xe7, 0x9c, 0xe7, 0x9c, 0xe7, 0x9c, 0xe7, 0x9c, 0xe7, 0x9c, 0xe7, 0x9c, 0xe7, 0x9d, 0xef, 0x9d, 0xef, 0x9d, 0xef, 0x9d, 0xef, 0x9d, 0xef, 0x9d, 0xef, 0x9d, 0xef, 0x9d, 0xef, 0x9d, 0xef, 0x9d, 0xef, 0x9d, 0xef, 0x9d, 0xef, 0x9d, 0xef, 0x9d, 0xef, 0x9d, 0xef, 0x9d, 0xef, 0x9d, 0xef, 0x9d, 0xef, 0x9d, 0xef, 0x9d, 0xef, 0x9d, 0xef, 0x9d, 0xef, 0x9d, 0xef, 0x9c, 0xef, 0x9c, 0xef, 0x9c, 0xef, 0x9d, 0xef, 0x9d, 0xef, 0x9d, 0xef, 0x9d, 0xe7, 0x9c, 0xe7, 0xbc, 0xe7, 0x9c, 0xe7, 0x9d, 0xe7, 0x9d, 0xe7, 0x9d, 0xef, 0x7c, 0xef, 0x7b, 0xef, 0x59, 0xef, 0x58, 0xef, 0x58, 0xf7, 0x58, 0xf7, 0x58, 0xf7, 0x58, 0xf7, 0x58, 0xf7, 0x58, 0xf7, 0x58, 0xf7, 0x58, 0xf7, 0x58, 0xf7, 0x58, 0xf7, 0x58, 0xf7, 0x58, 0xf7, 0x58, 0xf7, 0x58, 0xf7, 0x58, 0xf7, 0x58, 0xf7, 0x57, 0xef, 0x57, 0xf7, 0x38, 0xf7, 0x38, 0xf7, 0x38, 0xf7, 0x37, 0xf7, 0x37, 0xf7, 0x57, 0xf7, 0x78, 0xf7, 0x57, 0xef, 0x36, 0xef, 0x55, 0xf7, 0x53, 0xff, 0x0f, 0xf7, 0xeb, 0xf6, 0xa7, 0xf6, 0x65, 0xf6, 0x64, 0xfe, 0x63, 0xfe, 0x82, 0xfe, 0x81, 0xfe, 0x80, 0xfe, 0x80, 0xfe, 0x80, 0xfe, 0x80, 0xfe, 0x81, 0xfe, 0x81, 0xfe, 0x81, 0xfe, 0x81, 0xfe, 0x81, 0xfe, 0x81, 0xfe, 0x80, 0xfe, 0x60, 0xfe, 0xa3, 0xfe, 0x85, 0xe6, 0x6e, 0xe7, 0xf6, 0xd7, 0xf9, 0xc7, 0xf8, 0xcf, 0xf7, 0xcf, 
  0xf8, 0xc7, 0xf8, 0xc7, 0xf8, 0xc7, 0xf8, 0xc7, 0xf8, 0xc7, 0xf8, 0xc7, 0xf8, 0xc7, 0xf8, 0xc7, 0xf7, 0xc7, 0xf8, 0xc7, 0xf8, 0xc7, 0xf9, 0xcf, 0xda, 0xd7, 0xdb, 0xd7, 0xdb, 0xdf, 0xbc, 0xe7, 0xbc, 0xe7, 0x9d, 0xe7, 0x9d, 0xe7, 0x9d, 0xe7, 0x9d, 0xe7, 0x9d, 0xe7, 0x9d, 0xe7, 0x9d, 0xe7, 0x9d, 0xe7, 0x9d, 0xe7, 0x9d, 0xef, 0x9d, 0xef, 0x9d, 0xef, 0x9d, 0xef, 0x9d, 0xef, 0x9d, 0xef, 0x9d, 0xef, 0x9d, 0xef, 0x9d, 0xef, 0x9d, 0xef, 0x9d, 0xef, 0x9d, 0xef, 0x9d, 0xef, 0x9d, 0xef, 0x9d, 0xef, 0x9d, 0xef, 0x9d, 0xef, 0x9d, 0xef, 0x9d, 0xef, 0x9d, 0xef, 0x9d, 0xef, 0x9c, 0xef, 0x9c, 0xef, 0x9c, 0xef, 0x9d, 0xef, 0x9d, 0xef, 0x9d, 0xef, 0x9d, 0xe7, 0xbc, 0xe7, 0xbc, 0xe7, 0x9c, 0xe7, 0x9d, 0xe7, 0x9d, 0xef, 0x9d, 0xef, 0x9c, 0xef, 0x9b, 0xf7, 0x79, 0xf7, 0x58, 0xef, 0x58, 0xf7, 0x58, 0xf7, 0x58, 0xf7, 0x58, 0xf7, 0x58, 0xf7, 0x58, 0xf7, 0x58, 0xf7, 0x58, 0xf7, 0x58, 0xf7, 0x58, 0xf7, 0x58, 0xf7, 0x58, 0xf7, 0x58, 0xf7, 0x58, 0xf7, 0x58, 0xf7, 0x58, 0xf7, 0x57, 0xf7, 0x58, 0xf7, 0x38, 0xf7, 0x38, 0xf7, 0x38, 0xff, 0x38, 0xf7, 0x38, 0xf7, 0x58, 0xf7, 0x58, 0xef, 0x58, 0xef, 0x37, 0xef, 0x58, 0xf7, 0x57, 0xff, 0x36, 0xff, 0x54, 0xff, 0x0f, 0xff, 0xa9, 0xfe, 0x86, 0xfe, 0x64, 0xfe, 0x63, 0xfe, 0x82, 0xfe, 0x81, 0xfe, 0x80, 0xfe, 0x80, 0xfe, 0x80, 0xfe, 0x81, 0xfe, 0x81, 0xfe, 0x81, 0xfe, 0x81, 0xfe, 0x81, 0xfe, 0x80, 0xfe, 0x80, 0xfe, 0x80, 0xfe, 0xa3, 0xfe, 0x09, 0xe7, 0xd2, 0xe7, 0xd7, 0xcf, 0xf9, 0xc7, 0xf8, 0xc7, 0xf7, 0xc7, 
  0xf8, 0xc7, 0xf8, 0xc7, 0xf8, 0xc7, 0xf8, 0xc7, 0xf8, 0xc7, 0xf8, 0xc7, 0xf8, 0xc7, 0xf8, 0xc7, 0xf8, 0xcf, 0xf9, 0xcf, 0xd9, 0xcf, 0xda, 0xd7, 0xfb, 0xdf, 0xdc, 0xdf, 0xdc, 0xe7, 0xbc, 0xe7, 0xbd, 0xe7, 0x9d, 0xef, 0x9d, 0xef, 0x9d, 0xef, 0x9d, 0xef, 0x9d, 0xef, 0x9d, 0xef, 0x9d, 0xef, 0x9d, 0xe7, 0x9d, 0xe7, 0x9d, 0xef, 0x9d, 0xef, 0x9d, 0xef, 0x9d, 0xef, 0x9d, 0xef, 0x9d, 0xef, 0x9d, 0xef, 0x9d, 0xef, 0x9d, 0xef, 0x9d, 0xef, 0x9d, 0xef, 0x9d, 0xef, 0x9d, 0xef, 0x9d, 0xef, 0x9d, 0xef, 0x9d, 0xef, 0x9d, 0xef, 0x9d, 0xef, 0x9d, 0xef, 0x9d, 0xef, 0x9d, 0xef, 0x9c, 0xef, 0x9c, 0xef, 0x9c, 0xef, 0x9d, 0xef, 0x9d, 0xef, 0x9d, 0xef, 0x9d, 0xef, 0x9c, 0xe7, 0x9c, 0xe7, 0x9c, 0xe7, 0x9d, 0xe7, 0x9d, 0xef, 0x9d, 0xef, 0x9d, 0xef, 0x9c, 0xef, 0x9a, 0xef, 0x79, 0xef, 0x58, 0xf7, 0x58, 0xf7, 0x58, 0xf7, 0x58, 0xf7, 0x58, 0xf7, 0x58, 0xf7, 0x38, 0xf7, 0x38, 0xf7, 0x38, 0xf7, 0x58, 0xf7, 0x58, 0xf7, 0x58, 0xf7, 0x58, 0xf7, 0x58, 0xf7, 0x58, 0xf7, 0x58, 0xf7, 0x58, 0xf7, 0x58, 0xf7, 0x38, 0xf7, 0x38, 0xf7, 0x38, 0xf7, 0x38, 0xf7, 0x38, 0xf7, 0x58, 0xf7, 0x38, 0xef, 0x79, 0xf7, 0x59, 0xf7, 0x59, 0xf7, 0x18, 0xf7, 0x18, 0xf7, 0x58, 0xff, 0x35, 0xff, 0x50, 0xff, 0xec, 0xfe, 0x89, 0xfe, 0x66, 0xf6, 0x83, 0xfe, 0x82, 0xfe, 0x81, 0xfe, 0x81, 0xfe, 0x81, 0xfe, 0x81, 0xfe, 0x81, 0xfe, 0x81, 0xfe, 0x81, 0xfe, 0x81, 0xfe, 0x80, 0xfe, 0x81, 0xfe, 0xa3, 0xfe, 0xa6, 0xe6, 0xaf, 0xef, 0xd4, 0xd7, 0xf8, 0xcf, 0xf9, 0xc7, 0xf8, 0xc7, 0xf8, 0xc7, 
  0xf8, 0xc7, 0xf8, 0xc7, 0xf8, 0xc7, 0xf8, 0xc7, 0xf8, 0xc7, 0xf8, 0xc7, 0xf8, 0xcf, 0xd9, 0xcf, 0xd9, 0xcf, 0xda, 0xd7, 0xdb, 0xdf, 0xbc, 0xe7, 0xbc, 0xe7, 0x9c, 0xe7, 0x9c, 0xe7, 0x9d, 0xef, 0x9d, 0xef, 0x9d, 0xef, 0x9d, 0xef, 0x9d, 0xef, 0x9d, 0xef, 0x9d, 0xef, 0x9d, 0xef, 0x9d, 0xef, 0x9d, 0xef, 0x9d, 0xef, 0x9d, 0xef, 0x9d, 0xef, 0x9d, 0xef, 0x9d, 0xef, 0x9d, 0xef, 0x9d, 0xef, 0x9d, 0xef, 0x9d, 0xef, 0x9d, 0xef, 0x9d, 0xef, 0x9d, 0xef, 0x9d, 0xef, 0x9d, 0xef, 0x9d, 0xef, 0x9d, 0xef, 0x9d, 0xef, 0x9d, 0xef, 0x9d, 0xef, 0x9d, 0xef, 0x9d, 0xef, 0x9d, 0xef, 0x9d, 0xef, 0x9d, 0xef, 0x9d, 0xef, 0x9d, 0xef, 0x9d, 0xef, 0x9d, 0xef, 0x9d, 0xef, 0x9d, 0xef, 0x9d, 0xef, 0x9d, 0xef, 0x9d, 0xef, 0x9d, 0xef, 0x9d, 0xef, 0x9d, 0xef, 0x9c, 0xef, 0x9c, 0xef, 0x9b, 0xef, 0x79, 0xef, 0x78, 0xf7, 0x78, 0xf7, 0x58, 0xf7, 0x58, 0xf7, 0x58, 0xf7, 0x58, 0xf7, 0x58, 0xf7, 0x38, 0xf7, 0x38, 0xf7, 0x58, 0xf7, 0x58, 0xf7, 0x58, 0xf7, 0x58, 0xf7, 0x58, 0xf7, 0x58, 0xf7, 0x58, 0xf7, 0x38, 0xf7, 0x38, 0xf7, 0x38, 0xf7, 0x38, 0xf7, 0x38, 0xf7, 0x38, 0xf7, 0x58, 0xf7, 0x38, 0xf7, 0x38, 0xf7, 0x38, 0xf7, 0x38, 0xf7, 0x38, 0xf7, 0x38, 0xf7, 0x38, 0xff, 0x37, 0xff, 0x35, 0xff, 0x75, 0xff, 0x32, 0xff, 0xad, 0xfe, 0x65, 0xf6, 0x62, 0xfe, 0x62, 0xfe, 0x61, 0xfe, 0x61, 0xfe, 0x81, 0xfe, 0x81, 0xfe, 0x81, 0xf6, 0xa0, 0xfe, 0xa0, 0xfe, 0x80, 0xfe, 0x83, 0xfe, 0xa8, 0xde, 0x4e, 0xdf, 0xd2, 0xdf, 0xf5, 0xd7, 0xf7, 0xcf, 0xf8, 0xc7, 0xf8, 0xc7, 0xf8, 0xc7, 
  0xf8, 0xc7, 0xf8, 0xc7, 0xf8, 0xc7, 0xf8, 0xc7, 0xf8, 0xc7, 0xf8, 0xcf, 0xd9, 0xcf, 0xda, 0xd7, 0xdb, 0xdf, 0xbb, 0xdf, 0xbc, 0xe7, 0xbc, 0xe7, 0x9c, 0xef, 0x9d, 0xef, 0x9d, 0xef, 0x9d, 0xef, 0x9d, 0xef, 0x9d, 0xef, 0x9d, 0xef, 0x9d, 0xef, 0x9d, 0xef, 0x9d, 0xef, 0x9d, 0xef, 0x9d, 0xef, 0x9d, 0xef, 0x9d, 0xef, 0x9d, 0xef, 0x9d, 0xef, 0x9d, 0xef, 0x9d, 0xef, 0x9d, 0xef, 0x9d, 0xef, 0x9d, 0xef, 0x9d, 0xef, 0x9d, 0xef, 0x9d, 0xef, 0x9d, 0xef, 0x9d, 0xef, 0x9d, 0xef, 0x9d, 0xef, 0x9d, 0xef, 0x9d, 0xef, 0x9d, 0xef, 0x9d, 0xef, 0x9d, 0xef, 0x9d, 0xef, 0x9d, 0xef, 0x9d, 0xef, 0x9d, 0xef, 0x9d, 0xef, 0x9d, 0xef, 0x9d, 0xef, 0x9d, 0xef, 0x9d, 0xef, 0x9d, 0xef, 0x9d, 0xef, 0x9d, 0xef, 0x9d, 0xef, 0x9d, 0xef, 0x9d, 0xef, 0x9d, 0xef, 0x9d, 0xef, 0x9d, 0xef, 0x9c, 0xef, 0x7a, 0xef, 0x79, 0xef, 0x58, 0xef, 0x58, 0xef, 0x58, 0xf7, 0x58, 0xf7, 0x58, 0xf7, 0x58, 0xf7, 0x58, 0xf7, 0x58, 0xf7, 0x58, 0xf7, 0x58, 0xf7, 0x58, 0xf7, 0x58, 0xf7, 0x58, 0xf7, 0x58, 0xf7, 0x38, 0xf7, 0x38, 0xf7, 0x38, 0xf7, 0x38, 0xf7, 0x58, 0xf7, 0x58, 0xf7, 0x58, 0xf7, 0x58, 0xf7, 0x58, 0xf7, 0x58, 0xf7, 0x58, 0xf7, 0x58, 0xf7, 0x38, 0xf7, 0x38, 0xf7, 0x38, 0xf7, 0x38, 0xf7, 0x58, 0xf7, 0x57, 0xf7, 0x37, 0xff, 0x33, 0xff, 0xec, 0xfe, 0x66, 0xfe, 0x42, 0xfe, 0x61, 0xfe, 0x40, 0xfe, 0x81, 0xfe, 0x81, 0xfe, 0x80, 0xfe, 0x81, 0xfe, 0x81, 0xfe, 0x81, 0xfe, 0xa5, 0xee, 0x2e, 0xdf, 0xb3, 0xd7, 0xf5, 0xd7, 0xf6, 0xcf, 0xf7, 0xc7, 0xf8, 0xc7, 0xf8, 0xc7, 0xf8, 0xbf, 
  0xf8, 0xc7, 0xf8, 0xc7, 0xf8, 0xc7, 0xf8, 0xc7, 0xf8, 0xc7, 0xf9, 0xcf, 0xfa, 0xd7, 0xda, 0xd7, 0xdb, 0xdf, 0xdc, 0xe7, 0xbc, 0xe7, 0xbd, 0xef, 0x9d, 0xef, 0x9c, 0xef, 0x9c, 0xef, 0x9d, 0xef, 0x9c, 0xef, 0x9d, 0xef, 0x9d, 0xef, 0x9d, 0xef, 0x9d, 0xef, 0x9d, 0xef, 0x9d, 0xef, 0x9d, 0xef, 0x9d, 0xef, 0x9d, 0xef, 0x9d, 0xef, 0x9d, 0xef, 0x9d, 0xef, 0x9d, 0xef, 0x9d, 0xef, 0x9d, 0xef, 0x9d, 0xef, 0x9d, 0xef, 0x9d, 0xef, 0x9d, 0xef, 0x9d, 0xef, 0x9d, 0xef, 0x9d, 0xef, 0x9d, 0xef, 0x9d, 0xef, 0x9d, 0xef, 0x9d, 0xef, 0x9d, 0xef, 0x9d, 0xef, 0x9d, 0xef, 0x9d, 0xef, 0x9d, 0xef, 0x9d, 0xef, 0x9d, 0xef, 0x9d, 0xef, 0x9d, 0xef, 0x9d, 0xef, 0x9d, 0xef, 0x9d, 0xef, 0x9d, 0xef, 0x9d, 0xef, 0x9d, 0xef, 0x9d, 0xef, 0x9d, 0xef, 0x9d, 0xef, 0x9d, 0xef, 0x9d, 0xef, 0x9c, 0xef, 0x9b, 0xef, 0x7a, 0xef, 0x59, 0xef, 0x59, 0xef, 0x59, 0xf7, 0x58, 0xf7, 0x58, 0xf7, 0x58, 0xf7, 0x58, 0xf7, 0x58, 0xf7, 0x58, 0xf7, 0x58, 0xf7, 0x58, 0xf7, 0x58, 0xf7, 0x58, 0xf7, 0x58, 0xf7, 0x58, 0xf7, 0x58, 0xf7, 0x58, 0xf7, 0x58, 0xf7, 0x58, 0xf7, 0x58, 0xf7, 0x58, 0xf7, 0x58, 0xf7, 0x58, 0xf7, 0x58, 0xf7, 0x58, 0xf7, 0x58, 0xf7, 0x58, 0xf7, 0x58, 0xf7, 0x58, 0xf7, 0x58, 0xf7, 0x57, 0xf7, 0x57, 0xf7, 0x77, 0xf7, 0x77, 0xff, 0x55, 0xff, 0xce, 0xfe, 0x85, 0xf6, 0x80, 0xfe, 0x60, 0xfe, 0x60, 0xfe, 0x40, 0xfe, 0x40, 0xfe, 0x82, 0xfe, 0x83, 0xf6, 0x84, 0xee, 0xe9, 0xe6, 0xd1, 0xe7, 0xf5, 0xd7, 0xf6, 0xd7, 0xf7, 0xcf, 0xf8, 0xc7, 0xf8, 0xc7, 0xf8, 0xbf, 0xf9, 0xbf, 
  0xf8, 0xc7, 0xf8, 0xc7, 0xf8, 0xc7, 0xf8, 0xc7, 0xd9, 0xcf, 0xd9, 0xcf, 0xfa, 0xd7, 0xdb, 0xdf, 0xdc, 0xdf, 0xbc, 0xe7, 0xbc, 0xe7, 0x9d, 0xef, 0x9c, 0xef, 0x9c, 0xef, 0x9c, 0xef, 0x9c, 0xef, 0x9c, 0xef, 0x9d, 0xef, 0x9d, 0xef, 0x9d, 0xef, 0x9d, 0xef, 0x9d, 0xef, 0x9d, 0xef, 0x9d, 0xef, 0x9d, 0xef, 0x9d, 0xef, 0x9d, 0xef, 0x9d, 0xef, 0x9d, 0xef, 0x9d, 0xef, 0x9d, 0xef, 0x9d, 0xef, 0x9d, 0xef, 0x9d, 0xef, 0x9d, 0xef, 0x9d, 0xef, 0x9d, 0xef, 0x9d, 0xef, 0x9d, 0xef, 0x9d, 0xef, 0x9d, 0xef, 0x9d, 0xef, 0x9d, 0xef, 0x9d, 0xef, 0x9d, 0xef, 0x9d, 0xef, 0x9d, 0xef, 0x9d, 0xef, 0x9d, 0xef, 0x9d, 0xef, 0x9d, 0xef, 0x9d, 0xef, 0x9d, 0xef, 0x9d, 0xef, 0x9d, 0xef, 0x9d, 0xef, 0x9d, 0xef, 0x9d, 0xef, 0x9d, 0xef, 0x9d, 0xef, 0x9d, 0xef, 0x9d, 0xef, 0x9d, 0xef, 0x9c, 0xef, 0x9c, 0xef, 0x7b, 0xef, 0x5a, 0xef, 0x59, 0xef, 0x59, 0xef, 0x58, 0xf7, 0x58, 0xf7, 0x58, 0xf7, 0x57, 0xf7, 0x57, 0xf7, 0x57, 0xf7, 0x58, 0xf7, 0x58, 0xf7, 0x58, 0xf7, 0x58, 0xf7, 0x58, 0xf7, 0x58, 0xf7, 0x58, 0xf7, 0x58, 0xf7, 0x58, 0xf7, 0x58, 0xf7, 0x58, 0xf7, 0x58, 0xf7, 0x58, 0xf7, 0x58, 0xf7, 0x58, 0xf7, 0x58, 0xf7, 0x58, 0xf7, 0x58, 0xf7, 0x58, 0xf7, 0x58, 0xf7, 0x58, 0xf7, 0x58, 0xf7, 0x78, 0xf7, 0x77, 0xf7, 0x57, 0xf7, 0x58, 0xf7, 0x54, 0xff, 0x0b, 0xff, 0x63, 0xf6, 0x62, 0xfe, 0x40, 0xfe, 0x20, 0xfe, 0x41, 0xfe, 0x83, 0xfe, 0x85, 0xee, 0xc8, 0xe6, 0x8e, 0xe7, 0xf3, 0xdf, 0xf6, 0xcf, 0xf6, 0xcf, 0xf7, 0xc7, 0xf8, 0xc7, 0xf8, 0xbf, 0xf9, 0xbf, 0xf9, 0xbf, 
  0xf8, 0xc7, 0xf8, 0xc7, 0xf8, 0xc7, 0xd9, 0xcf, 0xd9, 0xcf, 0xda, 0xd7, 0xdb, 0xdf, 0xdc, 0xdf, 0xbc, 0xe7, 0xbc, 0xe7, 0xbd, 0xef, 0x9d, 0xef, 0x9d, 0xef, 0x9c, 0xef, 0x9c, 0xef, 0x9c, 0xef, 0x9c, 0xef, 0x9d, 0xef, 0x9d, 0xef, 0x9d, 0xef, 0x9d, 0xef, 0x9d, 0xef, 0x9d, 0xef, 0x9d, 0xef, 0x9d, 0xef, 0x9d, 0xef, 0x9d, 0xef, 0x9d, 0xef, 0x9d, 0xef, 0x9d, 0xef, 0x9d, 0xef, 0x9d, 0xef, 0x9d, 0xef, 0x9d, 0xef, 0x9d, 0xef, 0x9d, 0xef, 0x9d, 0xef, 0x9d, 0xef, 0x9d, 0xef, 0x9d, 0xef, 0x9d, 0xef, 0x9d, 0xef, 0x9d, 0xef, 0x9d, 0xef, 0x9d, 0xef, 0x9d, 0xef, 0x9d, 0xef, 0x9d, 0xef, 0x9d, 0xef, 0x9d, 0xef, 0x9d, 0xef, 0x9d, 0xef, 0x9d, 0xef, 0x9d, 0xef, 0x9d, 0xef, 0x9d, 0xef, 0x9d, 0xef, 0x9d, 0xef, 0x9d, 0xef, 0x9d, 0xef, 0x9d, 0xef, 0x9d, 0xef, 0x9d, 0xef, 0x9d, 0xef, 0x9c, 0xef, 0x9c, 0xef, 0x7b, 0xef, 0x7a, 0xef, 0x59, 0xef, 0x58, 0xef, 0x58, 0xf7, 0x58, 0xf7, 0x57, 0xf7, 0x57, 0xf7, 0x57, 0xf7, 0x58, 0xf7, 0x58, 0xf7, 0x58, 0xf7, 0x59, 0xf7, 0x58, 0xf7, 0x58, 0xf7, 0x58, 0xf7, 0x58, 0xf7, 0x58, 0xf7, 0x58, 0xf7, 0x58, 0xf7, 0x58, 0xf7, 0x58, 0xf7, 0x58, 0xf7, 0x58, 0xf7, 0x58, 0xf7, 0x58, 0xf7, 0x58, 0xf7, 0x58, 0xf7, 0x58, 0xf7, 0x58, 0xf7, 0x38, 0xf7, 0x79, 0xf7, 0x78, 0xf7, 0x37, 0xef, 0x57, 0xef, 0x97, 0xff, 0x53, 0xff, 0xac, 0xf6, 0x23, 0xf6, 0x61, 0xfe, 0x61, 0xfe, 0x41, 0xfe, 0x64, 0xf6, 0xc8, 0xe6, 0x4f, 0xdf, 0xf4, 0xdf, 0xf6, 0xcf, 0xf7, 0xc7, 0xf7, 0xc7, 0xf8, 0xc7, 0xf9, 0xc7, 0xf9, 0xbf, 0xf9, 0xbf, 0xf9, 0xc7, 
  0xf8, 0xc7, 0xf8, 0xc7, 0xf9, 0xcf, 0xf9, 0xcf, 0xda, 0xd7, 0xdb, 0xdf, 0xdc, 0xdf, 0xbc, 0xe7, 0xbc, 0xe7, 0xbd, 0xef, 0x9d, 0xef, 0x9d, 0xef, 0x9d, 0xef, 0x9d, 0xef, 0x9c, 0xef, 0x9c, 0xef, 0x9c, 0xef, 0x9d, 0xef, 0x9d, 0xef, 0x9d, 0xef, 0x9d, 0xef, 0x9d, 0xef, 0x9d, 0xef, 0x9d, 0xef, 0x9d, 0xef, 0x9d, 0xef, 0x9d, 0xef, 0x9d, 0xef, 0x9d, 0xef, 0x9d, 0xef, 0x9d, 0xef, 0x9d, 0xef, 0x9d, 0xef, 0x9d, 0xef, 0x9d, 0xef, 0x9d, 0xef, 0x9d, 0xef, 0x9d, 0xef, 0x9d, 0xef, 0x9d, 0xef, 0x9d, 0xef, 0x9d, 0xef, 0x9d, 0xef, 0x9d, 0xef, 0x9d, 0xef, 0x9d, 0xef, 0x9d, 0xef, 0x9d, 0xef, 0x9d, 0xef, 0x9d, 0xef, 0x9d, 0xef, 0x9d, 0xef, 0x9d, 0xef, 0x9d, 0xef, 0x9d, 0xef, 0x9d, 0xef, 0x9d, 0xef, 0x9d, 0xef, 0x9d, 0xef, 0x9d, 0xef, 0x9d, 0xef, 0x9d, 0xef, 0x9d, 0xef, 0x9d, 0xef, 0x9d, 0xef, 0x9d, 0xef, 0x9c, 0xef, 0x7b, 0xef, 0x7a, 0xef, 0x59, 0xef, 0x58, 0xef, 0x58, 0xf7, 0x57, 0xf7, 0x57, 0xf7, 0x57, 0xf7, 0x58, 0xf7, 0x58, 0xf7, 0x38, 0xf7, 0x38, 0xf7, 0x38, 0xf7, 0x58, 0xf7, 0x58, 0xf7, 0x58, 0xf7, 0x58, 0xf7, 0x58, 0xf7, 0x58, 0xf7, 0x58, 0xf7, 0x58, 0xf7, 0x58, 0xf7, 0x58, 0xf7, 0x58, 0xf7, 0x58, 0xf7, 0x58, 0xf7, 0x58, 0xf7, 0x58, 0xf7, 0x58, 0xf7, 0x38, 0xf7, 0x59, 0xf7, 0x78, 0xf7, 0x78, 0xef, 0x78, 0xef, 0x78, 0xf7, 0x57, 0xf7, 0x33, 0xff, 0x68, 0xf6, 0x84, 0xfe, 0x62, 0xfe, 0x43, 0xf6, 0xa8, 0xee, 0x8f, 0xef, 0xf4, 0xdf, 0xf7, 0xcf, 0xf7, 0xc7, 0xf8, 0xc7, 0xf8, 0xc7, 0xf9, 0xc7, 0xf9, 0xbf, 0xf9, 0xbf, 0xf9, 0xbf, 0xf9, 0xc7, 
  0xf8, 0xc7, 0xf8, 0xcf, 0xf9, 0xcf, 0xda, 0xd7, 0xdb, 0xdf, 0xdc, 0xdf, 0xbc, 0xe7, 0xbd, 0xe7, 0xbd, 0xef, 0x9d, 0xef, 0x9d, 0xef, 0x9d, 0xef, 0x9d, 0xef, 0x9c, 0xef, 0xbc, 0xef, 0xbc, 0xef, 0x9c, 0xef, 0x9d, 0xef, 0x9d, 0xef, 0x9d, 0xef, 0x9d, 0xef, 0x9d, 0xef, 0x9d, 0xef, 0x9d, 0xef, 0x9d, 0xef, 0x9d, 0xef, 0x9d, 0xef, 0x9d, 0xef, 0x9d, 0xef, 0x9d, 0xef, 0x9d, 0xef, 0x9d, 0xef, 0x9d, 0xef, 0x9d, 0xef, 0x9d, 0xef, 0x9d, 0xef, 0x9d, 0xef, 0x9d, 0xef, 0x9d, 0xef, 0x9d, 0xef, 0x9d, 0xef, 0x9d, 0xef, 0x9d, 0xef, 0x9d, 0xef, 0x9d, 0xef, 0x9d, 0xef, 0x9d, 0xef, 0x9d, 0xef, 0x9d, 0xef, 0x9d, 0xef, 0x9d, 0xef, 0x9d, 0xef, 0x9d, 0xef, 0x9d, 0xef, 0x9d, 0xef, 0x9d, 0xef, 0x9d, 0xef, 0x9d, 0xef, 0x9d, 0xef, 0x9d, 0xef, 0x9d, 0xef, 0x9d, 0xef, 0x9d, 0xef, 0x9d, 0xef, 0x9d, 0xef, 0x9d, 0xef, 0x9d, 0xef, 0x9c, 0xef, 0x7b, 0xef, 0x7a, 0xef, 0x79, 0xef, 0x59, 0xf7, 0x58, 0xf7, 0x58, 0xf7, 0x58, 0xf7, 0x58, 0xf7, 0x58, 0xf7, 0x58, 0xf7, 0x58, 0xf7, 0x58, 0xf7, 0x58, 0xf7, 0x58, 0xf7, 0x58, 0xf7, 0x58, 0xf7, 0x59, 0xf7, 0x59, 0xf7, 0x59, 0xf7, 0x59, 0xf7, 0x59, 0xf7, 0x59, 0xf7, 0x58, 0xf7, 0x58, 0xf7, 0x58, 0xf7, 0x58, 0xf7, 0x58, 0xf7, 0x38, 0xf7, 0x38, 0xff, 0x38, 0xf7, 0x58, 0xf7, 0x78, 0xf7, 0x59, 0xf7, 0x58, 0xf7, 0x38, 0xf7, 0x76, 0xff, 0x0e, 0xff, 0x88, 0xee, 0x86, 0xee, 0xe9, 0xee, 0x50, 0xe7, 0xf5, 0xe7, 0xf7, 0xcf, 0xf7, 0xbf, 0xf8, 0xc7, 0xf8, 0xc7, 0xf9, 0xc7, 0xf9, 0xc7, 0xf9, 0xc7, 0xf9, 0xc7, 0xf9, 0xc7, 0xf9, 0xc7, 
  0xf8, 0xcf, 0xf9, 0xcf, 0xd9, 0xd7, 0xda, 0xd7, 0xdb, 0xdf, 0xdc, 0xe7, 0xbd, 0xef, 0x9d, 0xef, 0x9d, 0xef, 0x9d, 0xef, 0x9d, 0xef, 0x9d, 0xef, 0x9c, 0xef, 0x9c, 0xe7, 0x9c, 0xe7, 0x9c, 0xe7, 0x9d, 0xef, 0x9d, 0xef, 0x9d, 0xef, 0x9d, 0xef, 0x9d, 0xef, 0x9d, 0xef, 0x9d, 0xef, 0x9d, 0xef, 0x9d, 0xef, 0x9d, 0xef, 0x9d, 0xef, 0x9d, 0xef, 0x9d, 0xef, 0x9d, 0xef, 0x9d, 0xef, 0x9d, 0xef, 0x9d, 0xef, 0x9d, 0xef, 0x9d, 0xef, 0x9d, 0xef, 0x9d, 0xef, 0x9d, 0xef, 0x9d, 0xef, 0x9d, 0xef, 0x9d, 0xef, 0x9d, 0xef, 0x9d, 0xef, 0x9d, 0xef, 0x9d, 0xef, 0x9d, 0xef, 0x9d, 0xef, 0x9d, 0xef, 0x9d, 0xef, 0x9d, 0xef, 0x9d, 0xef, 0x9d, 0xef, 0x9d, 0xef, 0x9d, 0xef, 0x9d, 0xef, 0x9d, 0xef, 0x9d, 0xef, 0x9d, 0xef, 0x9d, 0xef, 0x9d, 0xef, 0x9d, 0xef, 0x9d, 0xef, 0x9d, 0xef, 0x9d, 0xef, 0x9d, 0xef, 0x9d, 0xef, 0x9d, 0xef, 0x9c, 0xef, 0x9c, 0xef, 0x9b, 0xef, 0x7a, 0xef, 0x59, 0xef, 0x59, 0xf7, 0x59, 0xf7, 0x59, 0xf7, 0x58, 0xf7, 0x58, 0xf7, 0x58, 0xf7, 0x58, 0xf7, 0x58, 0xf7, 0x58, 0xf7, 0x59, 0xf7, 0x59, 0xf7, 0x59, 0xf7, 0x59, 0xf7, 0x59, 0xf7, 0x59, 0xf7, 0x59, 0xf7, 0x59, 0xf7, 0x59, 0xf7, 0x59, 0xf7, 0x59, 0xf7, 0x59, 0xf7, 0x59, 0xf7, 0x59, 0xf7, 0x58, 0xff, 0x58, 0xff, 0x38, 0xff, 0x37, 0xf7, 0x38, 0xf7, 0x59, 0xf7, 0x59, 0xf7, 0x59, 0xf7, 0x57, 0xf7, 0x73, 0xff, 0xad, 0xde, 0xec, 0xde, 0xd1, 0xef, 0xd5, 0xe7, 0xb7, 0xcf, 0xf8, 0xc7, 0xf9, 0xc7, 0xf8, 0xc7, 0xf8, 0xc7, 0xf9, 0xc7, 0xf9, 0xbf, 0xf9, 0xc7, 0xf9, 0xc7, 0xf9, 0xc7, 0xf8, 0xc7, 
  0xd9, 0xcf, 0xf9, 0xcf, 0xda, 0xd7, 0xdb, 0xdf, 0xdc, 0xe7, 0xbc, 0xe7, 0x9d, 0xef, 0x7d, 0xef, 0x9d, 0xef, 0x9d, 0xef, 0x9d, 0xef, 0x9d, 0xef, 0x9c, 0xe7, 0x9c, 0xe7, 0x9c, 0xe7, 0x9c, 0xef, 0x9c, 0xef, 0x9d, 0xef, 0x9d, 0xef, 0x9d, 0xef, 0x9d, 0xef, 0x9d, 0xef, 0x9d, 0xef, 0x9d, 0xef, 0x9d, 0xef, 0x9d, 0xef, 0x9d, 0xef, 0x9d, 0xef, 0x9d, 0xef, 0x9d, 0xef, 0x9d, 0xef, 0x9d, 0xef, 0x9d, 0xef, 0x9d, 0xef, 0x9d, 0xef, 0x9d, 0xef, 0x9d, 0xef, 0x9d, 0xef, 0x9d, 0xef, 0x9d, 0xef, 0x9d, 0xef, 0x9d, 0xef, 0x9d, 0xef, 0x9d, 0xef, 0x9d, 0xef, 0x9d, 0xef, 0x9d, 0xef, 0x9d, 0xef, 0x9d, 0xef, 0x9d, 0xef, 0x9d, 0xef, 0x9d, 0xef, 0x9d, 0xef, 0x9d, 0xef, 0x9d, 0xef, 0x9d, 0xef, 0x9d, 0xef, 0x9d, 0xef, 0x9d, 0xef, 0x9d, 0xef, 0x9d, 0xef, 0x9d, 0xef, 0x9d, 0xef, 0x9d, 0xef, 0x9d, 0xe7, 0x9d, 0xe7, 0x9d, 0xef, 0x9c, 0xef, 0x9c, 0xef, 0x9c, 0xef, 0x9c, 0xef, 0x7b, 0xf7, 0x5a, 0xef, 0x5a, 0xf7, 0x59, 0xf7, 0x59, 0xf7, 0x59, 0xf7, 0x58, 0xf7, 0x58, 0xf7, 0x58, 0xf7, 0x38, 0xf7, 0x38, 0xf7, 0x38, 0xf7, 0x38, 0xf7, 0x38, 0xf7, 0x58, 0xf7, 0x58, 0xf7, 0x58, 0xf7, 0x58, 0xf7, 0x58, 0xf7, 0x58, 0xf7, 0x58, 0xf7, 0x58, 0xf7, 0x58, 0xf7, 0x58, 0xff, 0x38, 0xff, 0x38, 0xff, 0x38, 0xff, 0x38, 0xff, 0x58, 0xf7, 0x58, 0xf7, 0x59, 0xf7, 0x59, 0xf7, 0x58, 0xf7, 0x77, 0xf7, 0x96, 0xef, 0xb5, 0xe7, 0xd5, 0xd7, 0xd6, 0xcf, 0xf8, 0xc7, 0xf9, 0xc7, 0xf9, 0xbf, 0xf8, 0xc7, 0xf8, 0xc7, 0xf8, 0xc7, 0xf8, 0xc7, 0xf8, 0xc7, 0xf8, 0xc7, 0xf8, 0xc7, 0xf8, 0xc7, 
  0xd9, 0xcf, 0xda, 0xd7, 0xda, 0xd7, 0xdb, 0xdf, 0xbc, 0xe7, 0x9d, 0xef, 0x9d, 0xef, 0x7d, 0xef, 0x9d, 0xef, 0x9d, 0xef, 0x9d, 0xef, 0x9d, 0xef, 0xbc, 0xef, 0xbc, 0xef, 0x9d, 0xef, 0x9d, 0xef, 0x9d, 0xef, 0x9d, 0xef, 0x9d, 0xef, 0x9d, 0xef, 0x9d, 0xef, 0x9d, 0xef, 0x9d, 0xef, 0x9d, 0xef, 0x9d, 0xef, 0x9d, 0xef, 0x9d, 0xef, 0x9d, 0xef, 0x9d, 0xef, 0x9d, 0xef, 0x9d, 0xef, 0x9d, 0xef, 0x9d, 0xef, 0x9d, 0xef, 0x9d, 0xef, 0x9d, 0xef, 0x9d, 0xef, 0x9d, 0xef, 0x9d, 0xef, 0x9d, 0xef, 0x9d, 0xef, 0x9d, 0xef, 0x9d, 0xef, 0x9d, 0xef, 0x9d, 0xef, 0x9d, 0xef, 0x9d, 0xef, 0x9d, 0xef, 0x9d, 0xef, 0x9d, 0xef, 0x9d, 0xef, 0x9d, 0xef, 0x9d, 0xef, 0x9d, 0xef, 0x9d, 0xef, 0x9d, 0xef, 0x9d, 0xef, 0x9d, 0xef, 0x9d, 0xef, 0x9d, 0xef, 0x9d, 0xef, 0x9d, 0xef, 0x9d, 0xef, 0x9d, 0xef, 0x9c, 0xe7, 0x9c, 0xe7, 0x9d, 0xef, 0x9d, 0xef, 0x9d, 0xef, 0x9d, 0xef, 0x7c, 0xef, 0x7c, 0xef, 0x7b, 0xef, 0x5b, 0xef, 0x5a, 0xf7, 0x5a, 0xf7, 0x59, 0xf7, 0x59, 0xf7, 0x58, 0xf7, 0x58, 0xf7, 0x58, 0xf7, 0x38, 0xf7, 0x38, 0xf7, 0x38, 0xf7, 0x58, 0xf7, 0x58, 0xf7, 0x58, 0xff, 0x58, 0xff, 0x58, 0xff, 0x58, 0xff, 0x58, 0xf7, 0x58, 0xf7, 0x58, 0xf7, 0x58, 0xf7, 0x38, 0xf7, 0x38, 0xf7, 0x38, 0xff, 0x38, 0xff, 0x58, 0xf7, 0x58, 0xf7, 0x59, 0xf7, 0x59, 0xf7, 0x59, 0xf7, 0x79, 0xf7, 0x9a, 0xef, 0xba, 0xe7, 0xd9, 0xdf, 0xf8, 0xcf, 0xf7, 0xc7, 0xf8, 0xc7, 0xf9, 0xc7, 0xf9, 0xc7, 0xf8, 0xc7, 0xf8, 0xc7, 0xf8, 0xc7, 0xf8, 0xc7, 0xf8, 0xc7, 0xf8, 0xc7, 0xf8, 0xc7, 0xf8, 0xcf, 
  0xd9, 0xd7, 0xda, 0xd7, 0xdb, 0xdf, 0xdc, 0xe7, 0xbd, 0xe7, 0x9d, 0xef, 0x9d, 0xef, 0x9d, 0xef, 0x9d, 0xef, 0x9d, 0xef, 0x9c, 0xef, 0xbc, 0xef, 0xbc, 0xef, 0xbd, 0xef, 0x9d, 0xef, 0x9d, 0xef, 0x9d, 0xef, 0x9d, 0xef, 0x9d, 0xef, 0x9d, 0xef, 0x9d, 0xef, 0x9d, 0xef, 0x9d, 0xef, 0x9d, 0xef, 0x9d, 0xef, 0x9d, 0xef, 0x9d, 0xef, 0x9d, 0xef, 0x9d, 0xef, 0x9d, 0xef, 0x9d, 0xef, 0x9d, 0xef, 0x9d, 0xef, 0x9d, 0xef, 0x9d, 0xef, 0x9d, 0xef, 0x9d, 0xef, 0x9d, 0xef, 0x9d, 0xef, 0x9d, 0xef, 0x9d, 0xef, 0x9d, 0xef, 0x9d, 0xef, 0x9d, 0xef, 0x9d, 0xef, 0x9d, 0xef, 0x9d, 0xef, 0x9d, 0xef, 0x9d, 0xef, 0x9d, 0xef, 0x9d, 0xef, 0x9d, 0xef, 0x9d, 0xef, 0x9d, 0xef, 0x9d, 0xef, 0x9d, 0xef, 0x9d, 0xef, 0x9d, 0xef, 0x9d, 0xef, 0x9d, 0xef, 0x9d, 0xef, 0x9d, 0xef, 0x9d, 0xef, 0x9c, 0xef, 0xbc, 0xef, 0xbc, 0xef, 0x9d, 0xef, 0x9d, 0xef, 0x9d, 0xef, 0x9d, 0xef, 0x9d, 0xef, 0x9d, 0xef, 0x7c, 0xef, 0x7c, 0xef, 0x7b, 0xf7, 0x7b, 0xf7, 0x7a, 0xef, 0x59, 0xef, 0x59, 0xef, 0x58, 0xef, 0x58, 0xf7, 0x58, 0xf7, 0x58, 0xf7, 0x58, 0xf7, 0x58, 0xf7, 0x58, 0xf7, 0x58, 0xf7, 0x58, 0xf7, 0x58, 0xf7, 0x58, 0xf7, 0x58, 0xf7, 0x58, 0xf7, 0x58, 0xf7, 0x58, 0xf7, 0x58, 0xf7, 0x59, 0xf7, 0x39, 0xf7, 0x39, 0xf7, 0x59, 0xef, 0x79, 0xef, 0x7a, 0xef, 0x7a, 0xef, 0x7a, 0xef, 0x7b, 0xef, 0xbc, 0xef, 0xdd, 0xe7, 0xfc, 0xd7, 0xfa, 0xcf, 0xf8, 0xc7, 0xf7, 0xc7, 0xf8, 0xc7, 0xf8, 0xc7, 0xf8, 0xc7, 0xf8, 0xc7, 0xf8, 0xc7, 0xf8, 0xcf, 0xf8, 0xcf, 0xf8, 0xcf, 0xf8, 0xcf, 0xf8, 0xcf, 
  0xba, 0xd7, 0xdb, 0xdf, 0xdc, 0xe7, 0xbc, 0xe7, 0x9d, 0xef, 0x7d, 0xef, 0x7d, 0xef, 0x9d, 0xef, 0x9d, 0xef, 0x9d, 0xef, 0xbc, 0xef, 0xbc, 0xe7, 0xbc, 0xe7, 0x9d, 0xef, 0x9d, 0xef, 0x9d, 0xef, 0x9d, 0xef, 0x9d, 0xef, 0x9d, 0xef, 0x9d, 0xef, 0x9d, 0xef, 0x9d, 0xef, 0x9d, 0xef, 0x9d, 0xef, 0x9d, 0xef, 0x9d, 0xef, 0x9d, 0xef, 0x9d, 0xef, 0x9d, 0xef, 0x9d, 0xef, 0x9d, 0xef, 0x9d, 0xef, 0x9d, 0xef, 0x9d, 0xef, 0x9d, 0xef, 0x9d, 0xef, 0x9d, 0xef, 0x9d, 0xef, 0x9d, 0xef, 0x9d, 0xef, 0x9d, 0xef, 0x9d, 0xef, 0x9d, 0xef, 0x9d, 0xef, 0x9d, 0xef, 0x9d, 0xef, 0x9d, 0xef, 0x9d, 0xef, 0x9d, 0xef, 0x9d, 0xef, 0x9d, 0xef, 0x9d, 0xef, 0x9d, 0xef, 0x9d, 0xef, 0x9d, 0xef, 0x9d, 0xef, 0x9d, 0xef, 0x9d, 0xef, 0x9d, 0xef, 0x9d, 0xef, 0x9d, 0xef, 0x9d, 0xef, 0x9d, 0xef, 0x9c, 0xef, 0xbc, 0xef, 0xbc, 0xef, 0x9d, 0xef, 0x9d, 0xef, 0x9d, 0xef, 0x9d, 0xef, 0x9d, 0xef, 0x9d, 0xef, 0x9d, 0xef, 0x9c, 0xef, 0x9c, 0xef, 0x9b, 0xef, 0x9b, 0xef, 0x7a, 0xef, 0x7a, 0xef, 0x79, 0xef, 0x59, 0xef, 0x58, 0xf7, 0x58, 0xf7, 0x58, 0xf7, 0x58, 0xf7, 0x58, 0xf7, 0x58, 0xf7, 0x58, 0xf7, 0x58, 0xf7, 0x58, 0xf7, 0x58, 0xf7, 0x58, 0xf7, 0x58, 0xf7, 0x58, 0xf7, 0x58, 0xf7, 0x59, 0xf7, 0x5a, 0xf7, 0x5a, 0xef, 0x7a, 0xef, 0x7a, 0xef, 0x9b, 0xef, 0x9b, 0xef, 0x9b, 0xef, 0x9c, 0xef, 0xbd, 0xe7, 0xbd, 0xe7, 0xdc, 0xd7, 0xdb, 0xcf, 0xf8, 0xc7, 0xf7, 0xc7, 0xf8, 0xcf, 0xf8, 0xcf, 0xf8, 0xc7, 0xf8, 0xc7, 0xf8, 0xcf, 0xf8, 0xcf, 0xf8, 0xcf, 0xf8, 0xcf, 0xf8, 0xcf, 0xf8, 0xcf, 
  0xba, 0xd7, 0xdb, 0xdf, 0xdc, 0xe7, 0xbd, 0xe7, 0x9d, 0xef, 0x7d, 0xef, 0x7d, 0xef, 0x9d, 0xef, 0x9d, 0xef, 0xbc, 0xef, 0xbc, 0xe7, 0xbc, 0xe7, 0xbc, 0xe7, 0x9d, 0xef, 0x9d, 0xef, 0x9d, 0xef, 0x9d, 0xef, 0x9d, 0xef, 0x9d, 0xef, 0x9d, 0xef, 0x9d, 0xef, 0x9d, 0xef, 0x9d, 0xef, 0x9d, 0xef, 0x9d, 0xef, 0x9d, 0xef, 0x9d, 0xef, 0x9d, 0xef, 0x9d, 0xef, 0x9d, 0xef, 0x9d, 0xef, 0x9d, 0xef, 0x9d, 0xef, 0x9d, 0xef, 0x9d, 0xef, 0x9d, 0xef, 0x9d, 0xef, 0x9d, 0xef, 0x9d, 0xef, 0x9d, 0xef, 0x9d, 0xef, 0x9d, 0xef, 0x9d, 0xef, 0x9d, 0xef, 0x9d, 0xef, 0x9d, 0xef, 0x9d, 0xef, 0x9d, 0xef, 0x9d, 0xef, 0x9d, 0xef, 0x9d, 0xef, 0x9d, 0xef, 0x9d, 0xef, 0x9d, 0xef, 0x9d, 0xef, 0x9d, 0xef, 0x9d, 0xef, 0x9d, 0xef, 0x9d, 0xef, 0x9d, 0xef, 0x9d, 0xef, 0x9d, 0xef, 0x9d, 0xef, 0x9c, 0xef, 0x9c, 0xef, 0x9c, 0xef, 0x9c, 0xef, 0x9d, 0xef, 0x9d, 0xef, 0x9d, 0xef, 0x9d, 0xef, 0x9d, 0xef, 0x9d, 0xef, 0x9d, 0xef, 0x9c, 0xef, 0x9c, 0xef, 0x9c, 0xef, 0x9b, 0xef, 0x9b, 0xef, 0x9b, 0xef, 0x7a, 0xef, 0x7a, 0xf7, 0x79, 0xef, 0x79, 0xef, 0x59, 0xef, 0x59, 0xef, 0x59, 0xef, 0x59, 0xef, 0x39, 0xef, 0x59, 0xef, 0x59, 0xef, 0x59, 0xef, 0x59, 0xef, 0x59, 0xef, 0x59, 0xef, 0x5a, 0xef, 0x7b, 0xef, 0x7b, 0xef, 0x9b, 0xef, 0x9b, 0xef, 0xbb, 0xef, 0x9c, 0xef, 0x9d, 0xef, 0x9d, 0xef, 0x9c, 0xe7, 0xbc, 0xe7, 0xdc, 0xdf, 0xda, 0xd7, 0xd9, 0xcf, 0xf8, 0xcf, 0xf7, 0xcf, 0xf7, 0xc7, 0xf8, 0xc7, 0xf8, 0xc7, 0xf8, 0xc7, 0xf8, 0xc7, 0xf8, 0xc7, 0xf8, 0xc7, 0xf8, 0xc7, 0xf8, 0xc7, 
  0xbb, 0xdf, 0xdb, 0xdf, 0xbc, 0xe7, 0xbd, 0xe7, 0x9d, 0xef, 0x7d, 0xef, 0x7d, 0xef, 0x9d, 0xef, 0x9d, 0xef, 0xbc, 0xe7, 0xbc, 0xe7, 0xbc, 0xe7, 0xbc, 0xe7, 0x9d, 0xef, 0x9d, 0xef, 0x9d, 0xef, 0x9d, 0xef, 0x9d, 0xef, 0x9d, 0xef, 0x9d, 0xef, 0x9d, 0xef, 0x9d, 0xef, 0x9d, 0xef, 0x9d, 0xef, 0x9d, 0xef, 0x9d, 0xef, 0x9d, 0xef, 0x9d, 0xef, 0x9d, 0xef, 0x9d, 0xef, 0x9d, 0xef, 0x9d, 0xef, 0x9d, 0xef, 0x9d, 0xef, 0x9d, 0xef, 0x9d, 0xef, 0x9d, 0xef, 0x9d, 0xef, 0x9d, 0xef, 0x9d, 0xef, 0x9d, 0xef, 0x9d, 0xef, 0x9d, 0xef, 0x9d, 0xef, 0x9d, 0xef, 0x9d, 0xef, 0x9d, 0xef, 0x9d, 0xef, 0x9d, 0xef, 0x9d, 0xef, 0x9d, 0xef, 0x9d, 0xef, 0x9d, 0xef, 0x9d, 0xef, 0x9d, 0xef, 0x9d, 0xef, 0x9d, 0xef, 0x9d, 0xef, 0x9d, 0xef, 0x9d, 0xef, 0x9d, 0xef, 0x9d, 0xef, 0x9d, 0xef, 0x9d, 0xef, 0x9c, 0xef, 0x9d, 0xef, 0x9d, 0xef, 0x9d, 0xef, 0x9d, 0xef, 0x9d, 0xef, 0x9d, 0xef, 0x9d, 0xef, 0x9d, 0xef, 0x9d, 0xef, 0x9d, 0xef, 0x9c, 0xef, 0xbc, 0xef, 0xbc, 0xef, 0xbc, 0xef, 0xbc, 0xef, 0x9b, 0xef, 0x9b, 0xef, 0x9b, 0xef, 0x9b, 0xef, 0x9b, 0xef, 0x7b, 0xef, 0x7a, 0xef, 0x7a, 0xef, 0x7a, 0xef, 0x7a, 0xef, 0x7a, 0xef, 0x7b, 0xef, 0x9b, 0xef, 0x9b, 0xef, 0x9b, 0xef, 0x9b, 0xef, 0x9c, 0xef, 0x9c, 0xef, 0x9d, 0xef, 0x9d, 0xef, 0x9c, 0xef, 0x9c, 0xef, 0x9d, 0xef, 0x9d, 0xef, 0xbc, 0xe7, 0xbc, 0xe7, 0xdc, 0xe7, 0xdb, 0xdf, 0xd9, 0xcf, 0xf8, 0xcf, 0xf8, 0xc7, 0xf7, 0xc7, 0xf8, 0xc7, 0xf8, 0xc7, 0xf8, 0xc7, 0xf8, 0xc7, 0xf8, 0xc7, 0xf8, 0xc7, 0xf8, 0xc7, 0xf8, 0xc7, 
  0xdb, 0xdf, 0xdc, 0xe7, 0xbc, 0xe7, 0x9d, 0xef, 0x9d, 0xef, 0x7d, 0xef, 0x7d, 0xef, 0x9d, 0xef, 0xbc, 0xef, 0xbc, 0xe7, 0xbc, 0xe7, 0xbc, 0xe7, 0xbc, 0xe7, 0x9d, 0xef, 0x9d, 0xef, 0x9d, 0xef, 0x9d, 0xef, 0x9d, 0xef, 0x9d, 0xef, 0x9d, 0xef, 0x9d, 0xef, 0x9d, 0xef, 0x9d, 0xef, 0x9d, 0xef, 0x9d, 0xef, 0x9d, 0xef, 0x9d, 0xef, 0x9d, 0xef, 0x9d, 0xef, 0x9d, 0xef, 0x9d, 0xef, 0x9d, 0xef, 0x9d, 0xef, 0x9d, 0xef, 0x9d, 0xef, 0x9d, 0xef, 0x9d, 0xef, 0x9d, 0xef, 0x9d, 0xef, 0x9d, 0xef, 0x9d, 0xef, 0x9d, 0xef, 0x9d, 0xef, 0x9d, 0xef, 0x9d, 0xef, 0x9d, 0xef, 0x9d, 0xef, 0x9d, 0xef, 0x9d, 0xef, 0x9d, 0xef, 0x9d, 0xef, 0x9d, 0xef, 0x9d, 0xef, 0x9d, 0xef, 0x9d, 0xef, 0x9d, 0xef, 0x9d, 0xef, 0x9d, 0xef, 0x9d, 0xef, 0x9d, 0xef, 0x9d, 0xef, 0x9d, 0xef, 0x9d, 0xef, 0x9d, 0xef, 0x9d, 0xef, 0x9d, 0xef, 0x9d, 0xef, 0x9d, 0xef, 0x9c, 0xef, 0x9c, 0xef, 0x9c, 0xe7, 0x9c, 0xe7, 0x9c, 0xe7, 0x9c, 0xe7, 0x9c, 0xe7, 0x9d, 0xef, 0x9d, 0xef, 0x9d, 0xef, 0x9d, 0xef, 0x9d, 0xef, 0x9d, 0xef, 0x9c, 0xef, 0x9c, 0xef, 0x9c, 0xef, 0x9c, 0xef, 0x9c, 0xef, 0x9c, 0xef, 0x9c, 0xef, 0x9c, 0xef, 0x9c, 0xef, 0x9c, 0xef, 0x9c, 0xef, 0x9d, 0xef, 0x9d, 0xef, 0x9d, 0xef, 0xbc, 0xef, 0xbc, 0xe7, 0xbc, 0xe7, 0x9d, 0xef, 0x9e, 0xef, 0x9d, 0xef, 0x9d, 0xef, 0x9c, 0xef, 0xbb, 0xef, 0xbc, 0xe7, 0xdc, 0xef, 0xdc, 0xe7, 0xbb, 0xdf, 0xba, 0xd7, 0xd9, 0xcf, 0xf8, 0xc7, 0xf8, 0xbf, 0xf8, 0xbf, 0xf8, 0xc7, 0xf8, 0xc7, 0xf8, 0xc7, 0xf8, 0xc7, 0xf8, 0xc7, 0xf8, 0xc7, 0xf8, 0xc7, 
  0xbc, 0xe7, 0xbc, 0xe7, 0xbc, 0xe7, 0x9d, 0xef, 0x9d, 0xef, 0x9d, 0xef, 0x9d, 0xef, 0x9d, 0xef, 0x9c, 0xe7, 0xbc, 0xe7, 0xbc, 0xe7, 0xbc, 0xe7, 0x9c, 0xe7, 0x9d, 0xef, 0x9d, 0xef, 0x9d, 0xef, 0x9d, 0xef, 0x9d, 0xef, 0x9d, 0xef, 0x9d, 0xef, 0x9d, 0xef, 0x9d, 0xef, 0x9d, 0xef, 0x9d, 0xef, 0x9d, 0xef, 0x9d, 0xef, 0x9d, 0xef, 0x9d, 0xef, 0x9d, 0xef, 0x9d, 0xef, 0x9d, 0xef, 0x9d, 0xef, 0x9d, 0xef, 0x9d, 0xef, 0x9d, 0xef, 0x9d, 0xef, 0x9d, 0xef, 0x9d, 0xef, 0x9d, 0xef, 0x9d, 0xef, 0x9d, 0xef, 0x9d, 0xef, 0x9d, 0xef, 0x9d, 0xef, 0x9d, 0xef, 0x9d, 0xef, 0x9d, 0xef, 0x9d, 0xef, 0x9d, 0xef, 0x9d, 0xef, 0x9d, 0xef, 0x9d, 0xef, 0x9d, 0xef, 0x9d, 0xef, 0x9d, 0xef, 0x9d, 0xef, 0x9d, 0xef, 0x9d, 0xef, 0x9d, 0xef, 0x9d, 0xef, 0x9d, 0xef, 0x9d, 0xef, 0x9d, 0xef, 0x9d, 0xef, 0x9d, 0xef, 0x9d, 0xef, 0x9d, 0xef, 0x9d, 0xef, 0x9d, 0xef, 0x9c, 0xef, 0xbc, 0xef, 0xbc, 0xef, 0xbc, 0xef, 0x9c, 0xe7, 0x9c, 0xe7, 0x9c, 0xe7, 0x9d, 0xe7, 0x9d, 0xe7, 0x9d, 0xe7, 0x9d, 0xe7, 0x9d, 0xef, 0x9d, 0xef, 0x9d, 0xef, 0x9d, 0xef, 0x9d, 0xef, 0x9d, 0xef, 0x9d, 0xef, 0x9d, 0xef, 0x9d, 0xef, 0x9d, 0xef, 0x9d, 0xef, 0x9d, 0xef, 0x9d, 0xef, 0x9d, 0xef, 0x9d, 0xef, 0x9d, 0xe7, 0xbc, 0xe7, 0xbc, 0xe7, 0x9d, 0xef, 0x9e, 0xef, 0x9d, 0xef, 0x9d, 0xef, 0xbc, 0xef, 0xbb, 0xef, 0x9b, 0xe7, 0xbc, 0xe7, 0xbc, 0xe7, 0xbb, 0xdf, 0xba, 0xd7, 0xd9, 0xcf, 0xf8, 0xc7, 0xf8, 0xbf, 0xf8, 0xbf, 0xf8, 0xc7, 0xf8, 0xc7, 0xf8, 0xc7, 0xf8, 0xc7, 0xf8, 0xc7, 0xf8, 0xc7, 0xf8, 0xc7, 
  0x9d, 0xef, 0x9c, 0xef, 0x9c, 0xe7, 0x9c, 0xe7, 0x9c, 0xe7, 0xbd, 0xef, 0x9c, 0xe7, 0x9c, 0xe7, 0x9d, 0xef, 0x9d, 0xef, 0x9d, 0xef, 0x9d, 0xef, 0x9d, 0xef, 0x9d, 0xef, 0x9d, 0xef, 0x9d, 0xef, 0x9d, 0xef, 0x9d, 0xef, 0x9d, 0xef, 0x9d, 0xef, 0x9d, 0xef, 0x9d, 0xef, 0x9d, 0xef, 0x9d, 0xef, 0x9d, 0xef, 0x9d, 0xef, 0x9d, 0xef, 0x9d, 0xef, 0x9d, 0xef, 0x9d, 0xef, 0x9d, 0xef, 0x9d, 0xef, 0x9d, 0xef, 0x9d, 0xef, 0x9d, 0xef, 0x9d, 0xef, 0x9d, 0xef, 0x9d, 0xef, 0x9d, 0xef, 0x9d, 0xef, 0x9d, 0xef, 0x9d, 0xef, 0x9d, 0xef, 0x9d, 0xef, 0x9d, 0xef, 0x9d, 0xef, 0x9d, 0xef, 0x9d, 0xef, 0x9d, 0xef, 0x9d, 0xef, 0x9d, 0xef, 0x9d, 0xef, 0x9d, 0xef, 0x9d, 0xef, 0x9d, 0xef, 0x9d, 0xef, 0x9d, 0xef, 0x9d, 0xef, 0x9d, 0xef, 0x9d, 0xef, 0x9d, 0xef, 0x9d, 0xef, 0x9d, 0xef, 0x9d, 0xef, 0x9d, 0xef, 0x9d, 0xef, 0x9d, 0xef, 0x9d, 0xef, 0x9d, 0xef, 0x9d, 0xef, 0x9d, 0xef, 0x9d, 0xef, 0x9d, 0xef, 0x9d, 0xef, 0x9d, 0xef, 0x9d, 0xef, 0x9d, 0xef, 0x9d, 0xef, 0x9d, 0xef, 0x9d, 0xef, 0x9d, 0xef, 0x9d, 0xef, 0x9d, 0xef, 0x9d, 0xef, 0x9d, 0xef, 0x9d, 0xef, 0x9d, 0xef, 0x9d, 0xef, 0x9d, 0xef, 0x9d, 0xef, 0x9d, 0xef, 0x9d, 0xef, 0x9d, 0xef, 0x9d, 0xef, 0x9d, 0xef, 0x9d, 0xef, 0x9d, 0xef, 0x9d, 0xef, 0x9d, 0xef, 0x9d, 0xef, 0x9d, 0xef, 0x9c, 0xef, 0x9c, 0xef, 0x9c, 0xef, 0x9c, 0xe7, 0xbc, 0xe7, 0xdc, 0xe7, 0xdb, 0xdf, 0xba, 0xd7, 0xd9, 0xcf, 0xf8, 0xc7, 0xf8, 0xbf, 0xf8, 0xc7, 0xf8, 0xc7, 0xf8, 0xc7, 0xf8, 0xc7, 0xf8, 0xc7, 0xf8, 0xc7, 0xf8, 0xc7, 0xf8, 0xc7, 
  0x9d, 0xef, 0x9d, 0xef, 0x9c, 0xef, 0x9c, 0xe7, 0xbc, 0xe7, 0xbc, 0xe7, 0xbc, 0xe7, 0x9c, 0xe7, 0x9d, 0xef, 0x9d, 0xef, 0x9d, 0xef, 0x9d, 0xef, 0x9d, 0xef, 0x9d, 0xef, 0x9d, 0xef, 0x9d, 0xef, 0x9d, 0xef, 0x9d, 0xef, 0x9d, 0xef, 0x9d, 0xef, 0x9d, 0xef, 0x9d, 0xef, 0x9d, 0xef, 0x9d, 0xef, 0x9d, 0xef, 0x9d, 0xef, 0x9d, 0xef, 0x9d, 0xef, 0x9d, 0xef, 0x9d, 0xef, 0x9d, 0xef, 0x9d, 0xef, 0x9d, 0xef, 0x9d, 0xef, 0x9d, 0xef, 0x9d, 0xef, 0x9d, 0xef, 0x9d, 0xef, 0x9d, 0xef, 0x9d, 0xef, 0x9d, 0xef, 0x9d, 0xef, 0x9d, 0xef, 0x9d, 0xef, 0x9d, 0xef, 0x9d, 0xef, 0x9d, 0xef, 0x9d, 0xef, 0x9d, 0xef, 0x9d, 0xef, 0x9d, 0xef, 0x9d, 0xef, 0x9d, 0xef, 0x9d, 0xef, 0x9d, 0xef, 0x9d, 0xef, 0x9d, 0xef, 0x9d, 0xef, 0x9d, 0xef, 0x9d, 0xef, 0x9d, 0xef, 0x9d, 0xef, 0x9d, 0xef, 0x9d, 0xef, 0x9d, 0xef, 0x9d, 0xef, 0x9d, 0xef, 0x9d, 0xef, 0x9d, 0xef, 0x9d, 0xef, 0x9d, 0xef, 0x9d, 0xef, 0x9d, 0xef, 0x9d, 0xef, 0x9d, 0xef, 0x9d, 0xef, 0x9d, 0xef, 0x9d, 0xef, 0x9d, 0xef, 0x9d, 0xef, 0x9d, 0xef, 0x9d, 0xef, 0x9d, 0xef, 0x9d, 0xef, 0x9d, 0xef, 0x9d, 0xef, 0x9d, 0xef, 0x9d, 0xef, 0x9d, 0xef, 0x9d, 0xef, 0x9d, 0xef, 0x9d, 0xef, 0x9d, 0xef, 0x9d, 0xef, 0x9d, 0xef, 0x9d, 0xef, 0x9d, 0xef, 0x9d, 0xef, 0x9d, 0xef, 0x9d, 0xef, 0xbc, 0xef, 0xbc, 0xef, 0x9c, 0xef, 0x9c, 0xef, 0x9c, 0xef, 0x9c, 0xe7, 0xdc, 0xe7, 0xdb, 0xdf, 0xba, 0xd7, 0xd9, 0xcf, 0xf8, 0xc7, 0xf8, 0xc7, 0xf8, 0xc7, 0xf8, 0xc7, 0xf8, 0xc7, 0xf8, 0xc7, 0xf8, 0xc7, 0xf8, 0xc7, 0xf8, 0xc7, 0xf8, 0xc7, 
  0x9d, 0xef, 0x9d, 0xef, 0x9d, 0xef, 0x9c, 0xe7, 0xbc, 0xef, 0xbc, 0xe7, 0xbc, 0xe7, 0x9c, 0xe7, 0x9d, 0xef, 0x9d, 0xef, 0x9d, 0xef, 0x9d, 0xef, 0x9d, 0xef, 0x9d, 0xef, 0x9d, 0xef, 0x9d, 0xef, 0x9d, 0xef, 0x9d, 0xef, 0x9d, 0xef, 0x9d, 0xef, 0x9d, 0xef, 0x9d, 0xef, 0x9d, 0xef, 0x9d, 0xef, 0x9d, 0xef, 0x9d, 0xef, 0x9d, 0xef, 0x9d, 0xef, 0x9d, 0xef, 0x9d, 0xef, 0x9d, 0xef, 0x9d, 0xef, 0x9d, 0xef, 0x9d, 0xef, 0x9d, 0xef, 0x9d, 0xef, 0x9d, 0xef, 0x9d, 0xef, 0x9d, 0xef, 0x9d, 0xef, 0x9d, 0xef, 0x9d, 0xef, 0x9d, 0xef, 0x9d, 0xef, 0x9d, 0xef, 0x9d, 0xef, 0x9d, 0xef, 0x9d, 0xef, 0x9d, 0xef, 0x9d, 0xef, 0x9d, 0xef, 0x9d, 0xef, 0x9d, 0xef, 0x9d, 0xef, 0x9d, 0xef, 0x9d, 0xef, 0x9d, 0xef, 0x9d, 0xef, 0x9d, 0xef, 0x9d, 0xef, 0x9d, 0xef, 0x9d, 0xef, 0x9d, 0xef, 0x9d, 0xef, 0x9d, 0xef, 0x9d, 0xef, 0x9d, 0xef, 0x9d, 0xef, 0x9d, 0xef, 0x9d, 0xef, 0x9d, 0xef, 0x9d, 0xef, 0x9d, 0xef, 0x9d, 0xef, 0x9d, 0xef, 0x9d, 0xef, 0x9d, 0xef, 0x9d, 0xef, 0x9d, 0xef, 0x9d, 0xef, 0x9d, 0xef, 0x9d, 0xef, 0x9d, 0xef, 0x9d, 0xef, 0x9d, 0xef, 0x9d, 0xef, 0x9d, 0xef, 0x9d, 0xef, 0x9d, 0xef, 0x9d, 0xef, 0x9d, 0xef, 0x9d, 0xef, 0x9d, 0xef, 0x9d, 0xef, 0x9d, 0xef, 0x9d, 0xef, 0x9d, 0xef, 0x9d, 0xef, 0x9d, 0xef, 0x9d, 0xef, 0x9c, 0xef, 0x9c, 0xef, 0x9d, 0xef, 0x9d, 0xef, 0x9c, 0xef, 0x9c, 0xe7, 0xdc, 0xe7, 0xdb, 0xdf, 0xda, 0xd7, 0xd9, 0xcf, 0xf8, 0xc7, 0xf8, 0xc7, 0xf8, 0xc7, 0xf8, 0xc7, 0xf8, 0xc7, 0xf8, 0xc7, 0xf8, 0xc7, 0xf8, 0xc7, 0xf8, 0xc7, 0xf8, 0xc7, 
  0x9d, 0xef, 0x9d, 0xef, 0x9d, 0xef, 0x9d, 0xef, 0x9d, 0xef, 0xbd, 0xef, 0x9d, 0xef, 0x9d, 0xef, 0x9d, 0xef, 0x9d, 0xef, 0x9d, 0xef, 0x9d, 0xef, 0x9d, 0xef, 0x9d, 0xef, 0x9d, 0xef, 0x9d, 0xef, 0x9d, 0xef, 0x9d, 0xef, 0x9d, 0xef, 0x9d, 0xef, 0x9d, 0xef, 0x9d, 0xef, 0x9d, 0xef, 0x9d, 0xef, 0x9d, 0xef, 0x9d, 0xef, 0x9d, 0xef, 0x9d, 0xef, 0x9d, 0xef, 0x9d, 0xef, 0x9d, 0xef, 0x9d, 0xef, 0x9d, 0xef, 0x9d, 0xef, 0x9d, 0xef, 0x9d, 0xef, 0x9d, 0xef, 0x9d, 0xef, 0x9d, 0xef, 0x9d, 0xef, 0x9d, 0xef, 0x9d, 0xef, 0x9d, 0xef, 0x9d, 0xef, 0x9d, 0xef, 0x9d, 0xef, 0x9d, 0xef, 0x9d, 0xef, 0x9d, 0xef, 0x9d, 0xef, 0x9d, 0xef, 0x9d, 0xef, 0x9d, 0xef, 0x9d, 0xef, 0x9d, 0xef, 0x9d, 0xef, 0x9d, 0xef, 0x9d, 0xef, 0x9d, 0xef, 0x9d, 0xef, 0x9d, 0xef, 0x9d, 0xef, 0x9d, 0xef, 0x9d, 0xef, 0x9d, 0xef, 0x9d, 0xef, 0x9d, 0xef, 0x9d, 0xef, 0x9d, 0xef, 0x9d, 0xef, 0x9d, 0xef, 0x9d, 0xef, 0x9d, 0xef, 0x9d, 0xef, 0x9d, 0xef, 0x9d, 0xef, 0x9d, 0xef, 0x9d, 0xef, 0x9d, 0xef, 0x9d, 0xef, 0x9d, 0xef, 0x9d, 0xef, 0x9d, 0xef, 0x9d, 0xef, 0x9d, 0xef, 0x9d, 0xef, 0x9d, 0xef, 0x9d, 0xef, 0x9d, 0xef, 0x9d, 0xef, 0x9d, 0xef, 0x9d, 0xef, 0x9d, 0xef, 0x9d, 0xef, 0x9d, 0xef, 0x9d, 0xef, 0x9d, 0xef, 0x9d, 0xef, 0x9d, 0xef, 0x9d, 0xef, 0x9d, 0xef, 0x9d, 0xef, 0x9d, 0xef, 0x9d, 0xef, 0x9d, 0xef, 0xbc, 0xef, 0xdc, 0xe7, 0xdb, 0xdf, 0xda, 0xd7, 0xf9, 0xcf, 0xf8, 0xc7, 0xf8, 0xc7, 0xf8, 0xc7, 0xf8, 0xc7, 0xf8, 0xc7, 0xf8, 0xc7, 0xf8, 0xc7, 0xf8, 0xc7, 0xf8, 0xc7, 0xf8, 0xc7, 
  0x9d, 0xe7, 0x9d, 0xef, 0x9d, 0xef, 0xbd, 0xef, 0xbd, 0xef, 0x9d, 0xef, 0x9d, 0xef, 0x9d, 0xef, 0x9d, 0xef, 0x9d, 0xef, 0x9d, 0xef, 0x9d, 0xef, 0x9d, 0xef, 0x9d, 0xef, 0x9d, 0xef, 0x9d, 0xef, 0x9d, 0xef, 0x9d, 0xef, 0x9d, 0xef, 0x9d, 0xef, 0x9d, 0xef, 0x9d, 0xef, 0x9d, 0xef, 0x9d, 0xef, 0x9d, 0xef, 0x9d, 0xef, 0x9d, 0xef, 0x9d, 0xef, 0x9d, 0xef, 0x9d, 0xef, 0x9d, 0xef, 0x9d, 0xef, 0x9d, 0xef, 0x9d, 0xef, 0x9d, 0xef, 0x9d, 0xef, 0x9d, 0xef, 0x9d, 0xef, 0x9d, 0xef, 0x9d, 0xef, 0x9d, 0xef, 0x9d, 0xef, 0x9d, 0xef, 0x9d, 0xef, 0x9d, 0xef, 0x9d, 0xef, 0x9d, 0xef, 0x9d, 0xef, 0x9d, 0xef, 0x9d, 0xef, 0x9d, 0xef, 0x9d, 0xef, 0x9d, 0xef, 0x9d, 0xef, 0x9d, 0xef, 0x9d, 0xef, 0x9d, 0xef, 0x9d, 0xef, 0x9d, 0xef, 0x9d, 0xef, 0x9d, 0xef, 0x9d, 0xef, 0x9d, 0xef, 0x9d, 0xef, 0x9d, 0xef, 0x9d, 0xef, 0x9d, 0xef, 0x9d, 0xef, 0x9d, 0xef, 0x9d, 0xef, 0x9d, 0xef, 0x9d, 0xef, 0x9d, 0xef, 0x9d, 0xef, 0x9d, 0xef, 0x9d, 0xef, 0x9d, 0xef, 0x9d, 0xef, 0x9d, 0xef, 0x9d, 0xef, 0x9d, 0xef, 0x9d, 0xef, 0x9d, 0xef, 0x9d, 0xef, 0x9d, 0xef, 0x9d, 0xef, 0x9d, 0xef, 0x9d, 0xef, 0x9d, 0xef, 0x9d, 0xef, 0x9d, 0xef, 0x9d, 0xef, 0x9d, 0xef, 0x9d, 0xef, 0x9d, 0xef, 0x9d, 0xef, 0x9d, 0xef, 0x9d, 0xef, 0x9d, 0xef, 0x9d, 0xef, 0x9d, 0xef, 0x9d, 0xef, 0x9d, 0xef, 0x9d, 0xef, 0x9d, 0xef, 0xbd, 0xef, 0xdc, 0xe7, 0xdb, 0xdf, 0xd9, 0xcf, 0xf9, 0xcf, 0xf8, 0xc7, 0xf8, 0xc7, 0xf8, 0xc7, 0xf8, 0xc7, 0xf8, 0xc7, 0xf8, 0xc7, 0xf8, 0xc7, 0xf8, 0xc7, 0xf8, 0xc7, 0xf8, 0xc7, 
  0x9c, 0xe7, 0x9c, 0xe7, 0xbd, 0xef, 0xbd, 0xef, 0x9d, 0xef, 0x9d, 0xef, 0x9d, 0xef, 0x9d, 0xef, 0x9d, 0xef, 0x9d, 0xef, 0x9d, 0xef, 0x9d, 0xef, 0x9d, 0xef, 0x9d, 0xef, 0x9d, 0xef, 0x9d, 0xef, 0x9d, 0xef, 0x9d, 0xef, 0x9d, 0xef, 0x9d, 0xef, 0x9d, 0xef, 0x9d, 0xef, 0x9d, 0xef, 0x9d, 0xef, 0x9d, 0xef, 0x9d, 0xef, 0x9d, 0xef, 0x9d, 0xef, 0x9d, 0xef, 0x9d, 0xef, 0x9d, 0xef, 0x9d, 0xef, 0x9d, 0xef, 0x9d, 0xef, 0x9d, 0xef, 0x9d, 0xef, 0x9d, 0xef, 0x9d, 0xef, 0x9d, 0xef, 0x9d, 0xef, 0x9d, 0xef, 0x9d, 0xef, 0x9d, 0xef, 0x9d, 0xef, 0x9d, 0xef, 0x9d, 0xef, 0x9d, 0xef, 0x9d, 0xef, 0x9d, 0xef, 0x9d, 0xef, 0x9d, 0xef, 0x9d, 0xef, 0x9d, 0xef, 0x9d, 0xef, 0x9d, 0xef, 0x9d, 0xef, 0x9d, 0xef, 0x9d, 0xef, 0x9d, 0xef, 0x9d, 0xef, 0x9d, 0xef, 0x9d, 0xef, 0x9d, 0xef, 0x9d, 0xef, 0x9d, 0xef, 0x9d, 0xef, 0x9d, 0xef, 0x9d, 0xef, 0x9d, 0xef, 0x9d, 0xef, 0x9d, 0xef, 0x9d, 0xef, 0x9d, 0xef, 0x9d, 0xef, 0x9d, 0xef, 0x9d, 0xef, 0x9d, 0xef, 0x9d, 0xef, 0x9d, 0xef, 0x9d, 0xef, 0x9d, 0xef, 0x9d, 0xef, 0x9d, 0xef, 0x9d, 0xef, 0x9d, 0xef, 0x9d, 0xef, 0x9d, 0xef, 0x9d, 0xef, 0x9d, 0xef, 0x9d, 0xef, 0x9d, 0xef, 0x9d, 0xef, 0x9d, 0xef, 0x9d, 0xef, 0x9d, 0xef, 0x9d, 0xef, 0xbd, 0xef, 0xbd, 0xef, 0x9d, 0xef, 0x9d, 0xef, 0x9d, 0xef, 0x9d, 0xef, 0x9d, 0xef, 0x9d, 0xef, 0x9d, 0xef, 0xbd, 0xe7, 0xdc, 0xe7, 0xdb, 0xdf, 0xd9, 0xcf, 0xf9, 0xc7, 0xf8, 0xc7, 0xf8, 0xc7, 0xf8, 0xc7, 0xf8, 0xc7, 0xf8, 0xc7, 0xf8, 0xc7, 0xf8, 0xc7, 0xf8, 0xc7, 0xf8, 0xc7, 0xf8, 0xc7, 
  0x9c, 0xe7, 0xbc, 0xe7, 0xbc, 0xe7, 0xbd, 0xef, 0x9d, 0xef, 0x9d, 0xef, 0x9d, 0xef, 0x9d, 0xef, 0x9d, 0xef, 0x9d, 0xef, 0x9d, 0xef, 0x9d, 0xef, 0x9d, 0xef, 0x9d, 0xef, 0x9d, 0xef, 0x9d, 0xef, 0x9d, 0xef, 0x9d, 0xef, 0x9d, 0xef, 0x9d, 0xef, 0x9d, 0xef, 0x9d, 0xef, 0x9d, 0xef, 0x9d, 0xef, 0x9d, 0xef, 0x9d, 0xef, 0x9d, 0xef, 0x9d, 0xef, 0x9d, 0xef, 0x9d, 0xef, 0x9d, 0xef, 0x9d, 0xef, 0x9d, 0xef, 0x9d, 0xef, 0x9d, 0xef, 0x9d, 0xef, 0x9d, 0xef, 0x9d, 0xef, 0x9d, 0xef, 0x9d, 0xef, 0x9d, 0xef, 0x9d, 0xef, 0x9d, 0xef, 0x9d, 0xef, 0x9d, 0xef, 0x9d, 0xef, 0x9d, 0xef, 0x9d, 0xef, 0x9d, 0xef, 0x9d, 0xef, 0x9d, 0xef, 0x9d, 0xef, 0x9d, 0xef, 0x9d, 0xef, 0x9d, 0xef, 0x9d, 0xef, 0x9d, 0xef, 0x9d, 0xef, 0x9d, 0xef, 0x9d, 0xef, 0x9d, 0xef, 0x9d, 0xef, 0x9d, 0xef, 0x9d, 0xef, 0x9d, 0xef, 0x9d, 0xef, 0x9d, 0xef, 0x9d, 0xef, 0x9d, 0xef, 0x9d, 0xef, 0x9d, 0xef, 0x9d, 0xef, 0x9d, 0xef, 0x9d, 0xef, 0x9d, 0xef, 0x9d, 0xef, 0x9d, 0xef, 0x9d, 0xef, 0x9d, 0xef, 0x9d, 0xef, 0x9d, 0xef, 0x9d, 0xef, 0x9d, 0xef, 0x9d, 0xef, 0x9d, 0xef, 0x9d, 0xef, 0x9d, 0xef, 0x9d, 0xef, 0x9d, 0xef, 0x9d, 0xef, 0x9d, 0xef, 0x9d, 0xef, 0x9d, 0xef, 0x9d, 0xef, 0x9d, 0xef, 0x9d, 0xef, 0xbd, 0xe7, 0xbd, 0xe7, 0x9d, 0xef, 0x9d, 0xef, 0x9d, 0xef, 0x9d, 0xef, 0x9d, 0xef, 0x9d, 0xef, 0x9d, 0xef, 0x9c, 0xe7, 0xdc, 0xe7, 0xdb, 0xdf, 0xd9, 0xcf, 0xf8, 0xc7, 0xf8, 0xc7, 0xf8, 0xc7, 0xf8, 0xc7, 0xf8, 0xc7, 0xf8, 0xc7, 0xf8, 0xc7, 0xf8, 0xc7, 0xf8, 0xc7, 0xf8, 0xc7, 0xf8, 0xc7, 
  0xbc, 0xdf, 0xbc, 0xe7, 0xbc, 0xe7, 0xbd, 0xef, 0x9d, 0xef, 0x9d, 0xef, 0x9d, 0xef, 0x9d, 0xef, 0x9d, 0xef, 0x9d, 0xef, 0x9d, 0xef, 0x9d, 0xef, 0x9d, 0xef, 0x9d, 0xef, 0x9d, 0xef, 0x9d, 0xef, 0x9d, 0xef, 0x9d, 0xef, 0x9d, 0xef, 0x9d, 0xef, 0x9d, 0xef, 0x9d, 0xef, 0x9d, 0xef, 0x9d, 0xef, 0x9d, 0xef, 0x9d, 0xef, 0x9d, 0xef, 0x9d, 0xef, 0x9d, 0xef, 0x9d, 0xef, 0x9d, 0xef, 0x9d, 0xef, 0x9d, 0xef, 0x9d, 0xef, 0x9d, 0xef, 0x9d, 0xef, 0x9d, 0xef, 0x9d, 0xef, 0x9d, 0xef, 0x9d, 0xef, 0x9d, 0xef, 0x9d, 0xef, 0x9d, 0xef, 0x9d, 0xef, 0x9d, 0xef, 0x9d, 0xef, 0x9d, 0xef, 0x9d, 0xef, 0x9d, 0xef, 0x9d, 0xef, 0x9d, 0xef, 0x9d, 0xef, 0x9d, 0xef, 0x9d, 0xef, 0x9d, 0xef, 0x9d, 0xef, 0x9d, 0xef, 0x9d, 0xef, 0x9d, 0xef, 0x9d, 0xef, 0x9d, 0xef, 0x9d, 0xef, 0x9d, 0xef, 0x9d, 0xef, 0x9d, 0xef, 0x9d, 0xef, 0x9d, 0xef, 0x9d, 0xef, 0x9d, 0xef, 0x9d, 0xef, 0x9d, 0xef, 0x9d, 0xef, 0x9d, 0xef, 0x9d, 0xef, 0x9d, 0xef, 0x9d, 0xef, 0x9d, 0xef, 0x9d, 0xef, 0x9d, 0xef, 0x9d, 0xef, 0x9d, 0xef, 0x9d, 0xef, 0x9d, 0xef, 0x9d, 0xef, 0x9d, 0xef, 0x9d, 0xef, 0x9d, 0xef, 0x9d, 0xef, 0x9d, 0xef, 0x9d, 0xef, 0x9d, 0xef, 0x9d, 0xef, 0x9d, 0xef, 0x9d, 0xef, 0x9d, 0xef, 0x9d, 0xef, 0xbd, 0xef, 0xbd, 0xef, 0xbd, 0xef, 0x9d, 0xef, 0x9d, 0xef, 0x9d, 0xef, 0x9d, 0xef, 0x9d, 0xef, 0x9d, 0xef, 0xbc, 0xe7, 0xdc, 0xdf, 0xda, 0xd7, 0xd9, 0xcf, 0xf8, 0xc7, 0xf8, 0xc7, 0xf8, 0xc7, 0xf8, 0xc7, 0xf8, 0xc7, 0xf8, 0xc7, 0xf8, 0xc7, 0xf8, 0xc7, 0xf8, 0xc7, 0xf8, 0xc7, 0xf8, 0xc7, 
  0xbb, 0xdf, 0xdc, 0xdf, 0xdc, 0xe7, 0xbd, 0xe7, 0x9d, 0xef, 0x9d, 0xef, 0x9d, 0xef, 0x9d, 0xef, 0x9d, 0xef, 0x9d, 0xef, 0x9d, 0xef, 0x9d, 0xef, 0x9d, 0xef, 0x9d, 0xef, 0x9d, 0xef, 0x9d, 0xef, 0x9d, 0xef, 0x9d, 0xef, 0x9d, 0xef, 0x9d, 0xef, 0x9d, 0xef, 0x9d, 0xef, 0x9d, 0xef, 0x9d, 0xef, 0x9d, 0xef, 0x9d, 0xef, 0x9d, 0xef, 0x9d, 0xef, 0x9d, 0xef, 0x9d, 0xef, 0x9d, 0xef, 0x9d, 0xef, 0x9d, 0xef, 0x9d, 0xef, 0x9d, 0xef, 0x9d, 0xef, 0x9d, 0xef, 0x9d, 0xef, 0x9d, 0xef, 0x9d, 0xef, 0x9d, 0xef, 0x9d, 0xef, 0x9d, 0xef, 0x9d, 0xef, 0x9d, 0xef, 0x9d, 0xef, 0x9d, 0xef, 0x9d, 0xef, 0x9d, 0xef, 0x9d, 0xef, 0x9d, 0xef, 0x9d, 0xef, 0x9d, 0xef, 0x9d, 0xef, 0x9d, 0xef, 0x9d, 0xef, 0x9d, 0xef, 0x9d, 0xef, 0x9d, 0xef, 0x9d, 0xef, 0x9d, 0xef, 0x9d, 0xef, 0x9d, 0xef, 0x9d, 0xef, 0x9d, 0xef, 0x9d, 0xef, 0x9d, 0xef, 0x9d, 0xef, 0x9d, 0xef, 0x9d, 0xef, 0x9d, 0xef, 0x9d, 0xef, 0x9d, 0xef, 0x9d, 0xef, 0x9d, 0xef, 0x9d, 0xef, 0x9d, 0xef, 0x9d, 0xef, 0x9d, 0xef, 0x9d, 0xef, 0x9d, 0xef, 0x9d, 0xef, 0x9d, 0xef, 0x9d, 0xef, 0x9d, 0xef, 0x9d, 0xef, 0x9d, 0xef, 0x9d, 0xef, 0x9d, 0xef, 0x9d, 0xef, 0x9d, 0xef, 0x9d, 0xef, 0x9d, 0xef, 0x9d, 0xef, 0x9d, 0xef, 0x9d, 0xef, 0xbd, 0xe7, 0xbd, 0xef, 0xbd, 0xef, 0x9d, 0xef, 0x9d, 0xef, 0x9d, 0xef, 0x9d, 0xef, 0x9d, 0xef, 0xbd, 0xe7, 0xdc, 0xe7, 0xdb, 0xdf, 0xda, 0xd7, 0xd9, 0xcf, 0xf8, 0xc7, 0xf8, 0xc7, 0xf8, 0xc7, 0xf8, 0xc7, 0xf8, 0xc7, 0xf8, 0xc7, 0xf8, 0xc7, 0xf8, 0xc7, 0xf8, 0xc7, 0xf8, 0xc7, 0xf8, 0xc7, 
  0xba, 0xd7, 0xdb, 0xdf, 0xdc, 0xe7, 0xbc, 0xe7, 0x9d, 0xe7, 0x9d, 0xef, 0x9d, 0xef, 0x9d, 0xef, 0x9d, 0xef, 0x9d, 0xef, 0x9d, 0xef, 0x9d, 0xef, 0x9d, 0xef, 0x9d, 0xef, 0x9d, 0xef, 0x9d, 0xef, 0x9d, 0xef, 0x9d, 0xef, 0x9d, 0xef, 0x9d, 0xef, 0x9d, 0xef, 0x9d, 0xef, 0x9d, 0xef, 0x9d, 0xef, 0x9d, 0xef, 0x9d, 0xef, 0x9d, 0xef, 0x9d, 0xef, 0x9d, 0xef, 0x9d, 0xef, 0x9d, 0xef, 0x9d, 0xef, 0x9d, 0xef, 0x9d, 0xef, 0x9d, 0xef, 0x9d, 0xef, 0x9d, 0xef, 0x9d, 0xef, 0x9d, 0xef, 0x9d, 0xef, 0x9d, 0xef, 0x9d, 0xef, 0x9d, 0xef, 0x9d, 0xef, 0x9d, 0xef, 0x9d, 0xef, 0x9d, 0xef, 0x9d, 0xef, 0x9d, 0xef, 0x9d, 0xef, 0x9d, 0xef, 0x9d, 0xef, 0x9d, 0xef, 0x9d, 0xef, 0x9d, 0xef, 0x9d, 0xef, 0x9d, 0xef, 0x9d, 0xef, 0x9d, 0xef, 0x9d, 0xef, 0x9d, 0xef, 0x9d, 0xef, 0x9d, 0xef, 0x9d, 0xef, 0x9d, 0xef, 0x9d, 0xef, 0x9d, 0xef, 0x9d, 0xef, 0x9d, 0xef, 0x9d, 0xef, 0x9d, 0xef, 0x9d, 0xef, 0x9d, 0xef, 0x9d, 0xef, 0x9d, 0xef, 0x9d, 0xef, 0x9d, 0xef, 0x9d, 0xef, 0x9d, 0xef, 0x9d, 0xef, 0x9d, 0xef, 0x9d, 0xef, 0x9d, 0xef, 0x9d, 0xef, 0x9d, 0xef, 0x9d, 0xef, 0x9d, 0xef, 0x9d, 0xef, 0x9d, 0xef, 0x9d, 0xef, 0x9d, 0xef, 0x9d, 0xef, 0x9d, 0xef, 0x9d, 0xef, 0x9d, 0xef, 0x9d, 0xef, 0xbd, 0xef, 0xbd, 0xe7, 0x9d, 0xef, 0x9d, 0xef, 0x9d, 0xef, 0x9d, 0xef, 0x9d, 0xef, 0x9d, 0xef, 0xbc, 0xe7, 0xdc, 0xdf, 0xdb, 0xdf, 0xd9, 0xcf, 0xf9, 0xcf, 0xf8, 0xc7, 0xf8, 0xc7, 0xf8, 0xc7, 0xf8, 0xc7, 0xf8, 0xc7, 0xf8, 0xc7, 0xf8, 0xc7, 0xf8, 0xc7, 0xf8, 0xc7, 0xf8, 0xc7, 0xf8, 0xc7, 
  0xba, 0xcf, 0xda, 0xd7, 0xdb, 0xdf, 0xbc, 0xe7, 0xbd, 0xe7, 0x9d, 0xef, 0x9d, 0xef, 0x9d, 0xef, 0x9d, 0xef, 0x9d, 0xef, 0x9d, 0xef, 0x9d, 0xef, 0x9d, 0xef, 0x9d, 0xef, 0x9d, 0xef, 0x9d, 0xef, 0x9d, 0xef, 0x9d, 0xef, 0x9d, 0xef, 0x9d, 0xef, 0x9d, 0xef, 0x9d, 0xef, 0x9d, 0xef, 0x9d, 0xef, 0x9d, 0xef, 0x9d, 0xef, 0x9d, 0xef, 0x9d, 0xef, 0x9d, 0xef, 0x9d, 0xef, 0x9d, 0xef, 0x9d, 0xef, 0x9d, 0xef, 0x9d, 0xef, 0x9d, 0xef, 0x9d, 0xef, 0x9d, 0xef, 0x9d, 0xef, 0x9d, 0xef, 0x9d, 0xef, 0x9d, 0xef, 0x9d, 0xef, 0x9d, 0xef, 0x9d, 0xef, 0x9d, 0xef, 0x9d, 0xef, 0x9d, 0xef, 0x9d, 0xef, 0x9d, 0xef, 0x9d, 0xef, 0x9d, 0xef, 0x9d, 0xef, 0x9d, 0xef, 0x9d, 0xef, 0x9d, 0xef, 0x9d, 0xef, 0x9d, 0xef, 0x9d, 0xef, 0x9d, 0xef, 0x9d, 0xef, 0x9d, 0xef, 0x9d, 0xef, 0x9d, 0xef, 0x9d, 0xef, 0x9d, 0xef, 0x9d, 0xef, 0x9d, 0xef, 0x9d, 0xef, 0x9d, 0xef, 0x9d, 0xef, 0x9d, 0xef, 0x9d, 0xef, 0x9d, 0xef, 0x9d, 0xef, 0x9d, 0xef, 0x9d, 0xef, 0x9d, 0xef, 0x9d, 0xef, 0x9d, 0xef, 0x9d, 0xef, 0x9d, 0xef, 0x9d, 0xef, 0x9d, 0xef, 0x9d, 0xef, 0x9d, 0xef, 0x9d, 0xef, 0x9d, 0xef, 0x9d, 0xef, 0x9d, 0xef, 0x9d, 0xef, 0x9d, 0xef, 0x9d, 0xef, 0x9d, 0xef, 0x9d, 0xef, 0x9d, 0xef, 0x9d, 0xef, 0xbd, 0xef, 0xbd, 0xef, 0x9d, 0xef, 0x9d, 0xef, 0x9d, 0xef, 0x9d, 0xef, 0x9d, 0xef, 0xbc, 0xe7, 0xdc, 0xe7, 0xdb, 0xdf, 0xda, 0xd7, 0xf9, 0xcf, 0xf8, 0xc7, 0xf8, 0xc7, 0xf8, 0xc7, 0xf8, 0xc7, 0xf8, 0xc7, 0xf8, 0xc7, 0xf8, 0xc7, 0xf8, 0xc7, 0xf8, 0xc7, 0xf8, 0xc7, 0xf8, 0xc7, 0xf8, 0xc7, 
  0xd9, 0xcf, 0xda, 0xd7, 0xdb, 0xdf, 0xdc, 0xe7, 0xbd, 0xe7, 0x9d, 0xef, 0x9d, 0xef, 0x9d, 0xef, 0x9d, 0xef, 0x9d, 0xef, 0x9c, 0xef, 0x9d, 0xef, 0x9d, 0xef, 0x9d, 0xef, 0x9d, 0xef, 0x9d, 0xef, 0x9d, 0xef, 0x9d, 0xef, 0x9d, 0xef, 0x9d, 0xef, 0x9d, 0xef, 0x9d, 0xef, 0x9d, 0xef, 0x9d, 0xef, 0x9d, 0xef, 0x9d, 0xef, 0x9d, 0xef, 0x9d, 0xef, 0x9d, 0xef, 0x9d, 0xef, 0x9d, 0xef, 0x9d, 0xef, 0x9d, 0xef, 0x9d, 0xef, 0x9d, 0xef, 0x9d, 0xef, 0x9d, 0xef, 0x9d, 0xef, 0x9d, 0xef, 0x9d, 0xef, 0x9d, 0xef, 0x9d, 0xef, 0x9d, 0xef, 0x9d, 0xef, 0x9d, 0xef, 0x9d, 0xef, 0x9d, 0xef, 0x9d, 0xef, 0x9d, 0xef, 0x9d, 0xef, 0x9d, 0xef, 0x9d, 0xef, 0x9d, 0xef, 0x9d, 0xef, 0x9d, 0xef, 0x9d, 0xef, 0x9d, 0xef, 0x9d, 0xef, 0x9d, 0xef, 0x9d, 0xef, 0x9d, 0xef, 0x9d, 0xef, 0x9d, 0xef, 0x9d, 0xef, 0x9d, 0xef, 0x9d, 0xef, 0x9d, 0xef, 0x9d, 0xef, 0x9d, 0xef, 0x9d, 0xef, 0x9d, 0xef, 0x9d, 0xef, 0x9d, 0xef, 0x9d, 0xef, 0x9d, 0xef, 0x9d, 0xef, 0x9d, 0xef, 0x9d, 0xef, 0x9d, 0xef, 0x9d, 0xef, 0x9d, 0xef, 0x9d, 0xef, 0x9d, 0xef, 0x9d, 0xef, 0x9d, 0xef, 0x9d, 0xef, 0x9d, 0xef, 0x9d, 0xef, 0x9d, 0xef, 0x9d, 0xef, 0x9d, 0xef, 0x9d, 0xef, 0x9d, 0xef, 0x9d, 0xef, 0x9d, 0xef, 0x9d, 0xef, 0x9d, 0xef, 0x9d, 0xef, 0x9d, 0xef, 0x9d, 0xef, 0x9d, 0xef, 0x9d, 0xef, 0xbd, 0xe7, 0xbc, 0xe7, 0xdb, 0xdf, 0xda, 0xd7, 0xd9, 0xcf, 0xf9, 0xcf, 0xf8, 0xc7, 0xf8, 0xc7, 0xf8, 0xc7, 0xf8, 0xc7, 0xf8, 0xc7, 0xf8, 0xc7, 0xf8, 0xc7, 0xf8, 0xc7, 0xf8, 0xc7, 0xf8, 0xc7, 0xf8, 0xc7, 0xf8, 0xc7, 
  0xf9, 0xcf, 0xf9, 0xcf, 0xda, 0xd7, 0xdc, 0xdf, 0xbc, 0xe7, 0x9d, 0xef, 0x9d, 0xef, 0x9d, 0xef, 0x9d, 0xef, 0x9d, 0xef, 0xbc, 0xef, 0xbc, 0xef, 0x9d, 0xef, 0x9d, 0xef, 0x9d, 0xef, 0x9d, 0xef, 0x9d, 0xef, 0x9d, 0xef, 0x9d, 0xef, 0x9d, 0xef, 0x9d, 0xef, 0x9d, 0xef, 0x9d, 0xef, 0x9d, 0xef, 0x9d, 0xef, 0x9d, 0xef, 0x9d, 0xef, 0x9d, 0xef, 0x9d, 0xef, 0x9d, 0xef, 0x9d, 0xef, 0x9d, 0xef, 0x9d, 0xef, 0x9d, 0xef, 0x9d, 0xef, 0x9d, 0xef, 0x9d, 0xef, 0x9d, 0xef, 0x9d, 0xef, 0x9d, 0xef, 0x9d, 0xef, 0x9d, 0xef, 0x9d, 0xef, 0x9d, 0xef, 0x9d, 0xef, 0x9d, 0xef, 0x9d, 0xef, 0x9d, 0xef, 0x9d, 0xef, 0x9d, 0xef, 0x9d, 0xef, 0x9d, 0xef, 0x9d, 0xef, 0x9d, 0xef, 0x9d, 0xef, 0x9d, 0xef, 0x9d, 0xef, 0x9d, 0xef, 0x9d, 0xef, 0x9d, 0xef, 0x9d, 0xef, 0x9d, 0xef, 0x9d, 0xef, 0x9d, 0xef, 0x9d, 0xef, 0x9d, 0xef, 0x9d, 0xef, 0x9d, 0xef, 0x9d, 0xef, 0x9d, 0xef, 0x9d, 0xef, 0x9d, 0xef, 0x9d, 0xef, 0x9d, 0xef, 0x9d, 0xef, 0x9d, 0xef, 0x9d, 0xef, 0x9d, 0xef, 0x9d, 0xef, 0x9d, 0xef, 0x9d, 0xef, 0x9d, 0xef, 0x9d, 0xef, 0x9d, 0xef, 0x9d, 0xef, 0x9d, 0xef, 0x9d, 0xef, 0x9d, 0xef, 0x9d, 0xef, 0x9d, 0xef, 0x9d, 0xef, 0x9d, 0xef, 0x9d, 0xef, 0x9d, 0xef, 0x9d, 0xef, 0x9d, 0xef, 0x9d, 0xef, 0x9d, 0xef, 0x9d, 0xef, 0x9d, 0xef, 0x9d, 0xef, 0xbd, 0xef, 0xbc, 0xe7, 0xdc, 0xe7, 0xfb, 0xdf, 0xda, 0xd7, 0xf9, 0xcf, 0xf8, 0xc7, 0xf8, 0xc7, 0xf8, 0xc7, 0xf8, 0xc7, 0xf8, 0xc7, 0xf8, 0xc7, 0xf8, 0xc7, 0xf8, 0xc7, 0xf8, 0xc7, 0xf8, 0xc7, 0xf8, 0xc7, 0xf8, 0xc7, 0xf8, 0xc7, 
  0xf8, 0xc7, 0xf9, 0xcf, 0xda, 0xd7, 0xdb, 0xdf, 0xbc, 0xe7, 0xbd, 0xef, 0x9d, 0xef, 0x9d, 0xef, 0x9d, 0xef, 0x9d, 0xef, 0xbc, 0xef, 0xbc, 0xef, 0x9d, 0xef, 0x9d, 0xef, 0x9d, 0xef, 0x9d, 0xef, 0x9d, 0xef, 0x9d, 0xef, 0x9d, 0xef, 0x9d, 0xef, 0x9d, 0xef, 0x9d, 0xef, 0x9d, 0xef, 0x9d, 0xef, 0x9d, 0xef, 0x9d, 0xef, 0x9d, 0xef, 0x9d, 0xef, 0x9d, 0xef, 0x9d, 0xef, 0x9d, 0xef, 0x9d, 0xef, 0x9d, 0xef, 0x9d, 0xef, 0x9d, 0xef, 0x9d, 0xef, 0x9d, 0xef, 0x9d, 0xef, 0x9d, 0xef, 0x9d, 0xef, 0x9d, 0xef, 0x9d, 0xef, 0x9d, 0xef, 0x9d, 0xef, 0x9d, 0xef, 0x9d, 0xef, 0x9d, 0xef, 0x9d, 0xef, 0x9d, 0xef, 0x9d, 0xef, 0x9d, 0xef, 0x9d, 0xef, 0x9d, 0xef, 0x9d, 0xef, 0x9d, 0xef, 0x9d, 0xef, 0x9d, 0xef, 0x9d, 0xef, 0x9d, 0xef, 0x9d, 0xef, 0x9d, 0xef, 0x9d, 0xef, 0x9d, 0xef, 0x9d, 0xef, 0x9d, 0xef, 0x9d, 0xef, 0x9d, 0xef, 0x9d, 0xef, 0x9d, 0xef, 0x9d, 0xef, 0x9d, 0xef, 0x9d, 0xef, 0x9d, 0xef, 0x9d, 0xef, 0x9d, 0xef, 0x9d, 0xef, 0x9d, 0xef, 0x9d, 0xef, 0x9d, 0xef, 0x9d, 0xef, 0x9d, 0xef, 0x9d, 0xef, 0x9d, 0xef, 0x9d, 0xef, 0x9d, 0xef, 0x9d, 0xef, 0x9d, 0xef, 0x9d, 0xef, 0x9d, 0xef, 0x9d, 0xef, 0x9d, 0xef, 0x9d, 0xef, 0x9d, 0xef, 0x9d, 0xef, 0x9d, 0xef, 0x9d, 0xef, 0x9d, 0xef, 0x9d, 0xef, 0x9d, 0xef, 0x9d, 0xef, 0x9d, 0xef, 0xbd, 0xef, 0xbc, 0xe7, 0xdb, 0xdf, 0xfa, 0xd7, 0xf9, 0xcf, 0xf8, 0xc7, 0xf8, 0xc7, 0xf8, 0xc7, 0xf8, 0xc7, 0xf8, 0xc7, 0xf8, 0xc7, 0xf8, 0xc7, 0xf8, 0xc7, 0xf8, 0xc7, 0xf8, 0xc7, 0xf8, 0xc7, 0xf8, 0xc7, 0xf8, 0xc7, 0xf8, 0xc7, 
  0xf8, 0xc7, 0xf8, 0xc7, 0xd9, 0xcf, 0xdb, 0xdf, 0xbc, 0xe7, 0x9d, 0xef, 0x9d, 0xef, 0x9d, 0xef, 0x9d, 0xef, 0x9d, 0xef, 0xbc, 0xef, 0xbc, 0xef, 0x9d, 0xef, 0x9d, 0xef, 0x9d, 0xef, 0x9d, 0xef, 0x9d, 0xef, 0x9d, 0xef, 0x9d, 0xef, 0x9d, 0xef, 0x9d, 0xef, 0x9d, 0xef, 0x9d, 0xef, 0x9d, 0xef, 0x9d, 0xef, 0x9d, 0xef, 0x9d, 0xef, 0x9d, 0xef, 0x9d, 0xef, 0x9d, 0xef, 0x9d, 0xef, 0x9d, 0xef, 0x9d, 0xef, 0x9d, 0xef, 0x9d, 0xef, 0x9d, 0xef, 0x9d, 0xef, 0x9d, 0xef, 0x9d, 0xef, 0x9d, 0xef, 0x9d, 0xef, 0x9d, 0xef, 0x9d, 0xef, 0x9d, 0xef, 0x9d, 0xef, 0x9d, 0xef, 0x9d, 0xef, 0x9d, 0xef, 0x9d, 0xef, 0x9d, 0xef, 0x9d, 0xef, 0x9d, 0xef, 0x9d, 0xef, 0x9d, 0xef, 0x9d, 0xef, 0x9d, 0xef, 0x9d, 0xef, 0x9d, 0xef, 0x9d, 0xef, 0x9d, 0xef, 0x9d, 0xef, 0x9d, 0xef, 0x9d, 0xef, 0x9d, 0xef, 0x9d, 0xef, 0x9d, 0xef, 0x9d, 0xef, 0x9d, 0xef, 0x9d, 0xef, 0x9d, 0xef, 0x9d, 0xef, 0x9d, 0xef, 0x9d, 0xef, 0x9d, 0xef, 0x9d, 0xef, 0x9d, 0xef, 0x9d, 0xef, 0x9d, 0xef, 0x9d, 0xef, 0x9d, 0xef, 0x9d, 0xef, 0x9d, 0xef, 0x9d, 0xef, 0x9d, 0xef, 0x9d, 0xef, 0x9d, 0xef, 0x9d, 0xef, 0x9d, 0xef, 0x9d, 0xef, 0x9d, 0xef, 0x9d, 0xef, 0x9d, 0xef, 0x9d, 0xef, 0x9d, 0xef, 0x9d, 0xef, 0x9d, 0xef, 0x9d, 0xef, 0x9d, 0xef, 0x9d, 0xef, 0x9d, 0xef, 0xbd, 0xef, 0xbc, 0xe7, 0xbc, 0xe7, 0xdb, 0xdf, 0xd9, 0xd7, 0xf8, 0xcf, 0xf8, 0xc7, 0xf8, 0xc7, 0xf8, 0xc7, 0xf8, 0xc7, 0xf8, 0xc7, 0xf8, 0xc7, 0xf8, 0xc7, 0xf8, 0xc7, 0xf8, 0xc7, 0xf8, 0xc7, 0xf8, 0xc7, 0xf8, 0xc7, 0xf8, 0xc7, 0xf8, 0xc7, 
  0xf8, 0xc7, 0xf8, 0xc7, 0xd9, 0xcf, 0xda, 0xd7, 0xdb, 0xdf, 0xbc, 0xe7, 0x9c, 0xe7, 0x9d, 0xef, 0x9d, 0xef, 0x9d, 0xef, 0x9d, 0xef, 0x9d, 0xef, 0x9d, 0xef, 0x9d, 0xef, 0x9d, 0xef, 0x9d, 0xef, 0x9d, 0xef, 0x9d, 0xef, 0x9d, 0xef, 0x9d, 0xef, 0x9d, 0xef, 0x9d, 0xef, 0x9d, 0xef, 0x9d, 0xef, 0x9d, 0xef, 0x9d, 0xef, 0x9d, 0xef, 0x9d, 0xef, 0x9d, 0xef, 0x9d, 0xef, 0x9d, 0xef, 0x9d, 0xef, 0x9d, 0xef, 0x9d, 0xef, 0x9d, 0xef, 0x9d, 0xef, 0x9d, 0xef, 0x9d, 0xef, 0x9d, 0xef, 0x9d, 0xef, 0x9d, 0xef, 0x9d, 0xef, 0x9d, 0xef, 0x9d, 0xef, 0x9d, 0xef, 0x9d, 0xef, 0x9d, 0xef, 0x9d, 0xef, 0x9d, 0xef, 0x9d, 0xef, 0x9d, 0xef, 0x9d, 0xef, 0x9d, 0xef, 0x9d, 0xef, 0x9d, 0xef, 0x9d, 0xef, 0x9d, 0xef, 0x9d, 0xef, 0x9d, 0xef, 0x9d, 0xef, 0x9d, 0xef, 0x9d, 0xef, 0x9d, 0xef, 0x9d, 0xef, 0x9d, 0xef, 0x9d, 0xef, 0x9d, 0xef, 0x9d, 0xef, 0x9d, 0xef, 0x9d, 0xef, 0x9d, 0xef, 0x9d, 0xef, 0x9d, 0xef, 0x9d, 0xef, 0x9d, 0xef, 0x9d, 0xef, 0x9d, 0xef, 0x9d, 0xef, 0x9d, 0xef, 0x9d, 0xef, 0x9d, 0xef, 0x9d, 0xef, 0x9d, 0xef, 0x9d, 0xef, 0x9d, 0xef, 0x9d, 0xef, 0x9d, 0xef, 0x9d, 0xef, 0x9d, 0xef, 0x9d, 0xef, 0x9d, 0xef, 0x9d, 0xef, 0x9d, 0xef, 0x9d, 0xef, 0x9d, 0xef, 0x9d, 0xef, 0x9d, 0xef, 0x9d, 0xef, 0x9d, 0xef, 0x9d, 0xef, 0xbc, 0xe7, 0xbc, 0xe7, 0xdb, 0xdf, 0xda, 0xd7, 0xf9, 0xcf, 0xf8, 0xc7, 0xf8, 0xc7, 0xf8, 0xc7, 0xf8, 0xc7, 0xf8, 0xc7, 0xf8, 0xc7, 0xf8, 0xc7, 0xf8, 0xc7, 0xf8, 0xc7, 0xf8, 0xc7, 0xf8, 0xc7, 0xf8, 0xc7, 0xf8, 0xc7, 0xf8, 0xc7, 0xf8, 0xc7, 
  0xf8, 0xc7, 0xf8, 0xc7, 0xf8, 0xc7, 0xd9, 0xcf, 0xd9, 0xd7, 0xda, 0xdf, 0xdb, 0xe7, 0xdc, 0xef, 0xbd, 0xef, 0x9d, 0xef, 0x9d, 0xef, 0x7d, 0xef, 0x7d, 0xef, 0x9d, 0xef, 0x9d, 0xef, 0x9d, 0xef, 0x9d, 0xef, 0x9d, 0xef, 0x9d, 0xef, 0x9d, 0xef, 0x9d, 0xef, 0x9d, 0xef, 0x9d, 0xef, 0x9d, 0xef, 0x9d, 0xef, 0x9d, 0xef, 0x9d, 0xef, 0x9d, 0xef, 0x9d, 0xef, 0x9d, 0xef, 0x9d, 0xef, 0x9d, 0xef, 0x9d, 0xef, 0x9d, 0xef, 0x9d, 0xef, 0x9d, 0xef, 0x9d, 0xef, 0x9d, 0xef, 0x9d, 0xef, 0x9d, 0xef, 0x9d, 0xef, 0x9d, 0xef, 0x9d, 0xef, 0x9d, 0xef, 0x9d, 0xef, 0x9d, 0xef, 0x9d, 0xef, 0x9d, 0xef, 0x9d, 0xef, 0x9d, 0xef, 0x9d, 0xef, 0x9d, 0xef, 0x9d, 0xef, 0x9d, 0xef, 0x9d, 0xef, 0x9d, 0xef, 0x9d, 0xef, 0x9d, 0xef, 0x9d, 0xef, 0x9d, 0xef, 0x9d, 0xef, 0x9d, 0xef, 0x9d, 0xef, 0x9d, 0xef, 0x9d, 0xef, 0x9d, 0xef, 0x9d, 0xef, 0x9d, 0xef, 0x9d, 0xef, 0x9d, 0xef, 0x9d, 0xef, 0x9d, 0xef, 0x9d, 0xef, 0x9d, 0xef, 0x9d, 0xef, 0x9d, 0xef, 0x9d, 0xef, 0x9d, 0xef, 0x9d, 0xef, 0x9d, 0xef, 0x9d, 0xef, 0x9d, 0xef, 0x9d, 0xef, 0x9d, 0xef, 0x9d, 0xef, 0x9d, 0xef, 0x9d, 0xef, 0x7d, 0xef, 0x9d, 0xef, 0x9d, 0xef, 0x9d, 0xef, 0x9d, 0xef, 0x9d, 0xef, 0x9d, 0xef, 0x9d, 0xef, 0x7d, 0xef, 0x7d, 0xef, 0x7d, 0xef, 0x9d, 0xef, 0x9c, 0xe7, 0xdc, 0xe7, 0xdb, 0xdf, 0xda, 0xd7, 0xd9, 0xcf, 0xf9, 0xcf, 0xf8, 0xc7, 0xf8, 0xc7, 0xf8, 0xc7, 0xf8, 0xc7, 0xf8, 0xc7, 0xf9, 0xcf, 0xf8, 0xcf, 0xf8, 0xc7, 0xf8, 0xc7, 0xf8, 0xc7, 0xf8, 0xc7, 0xf8, 0xc7, 0xf8, 0xc7, 0xf8, 0xc7, 0xf8, 0xc7, 
  0xf8, 0xbf, 0xf8, 0xc7, 0xf8, 0xc7, 0xf8, 0xc7, 0xf8, 0xcf, 0xf9, 0xd7, 0xda, 0xdf, 0xdb, 0xe7, 0xbc, 0xe7, 0x9d, 0xe7, 0x9d, 0xef, 0x7d, 0xef, 0x9d, 0xef, 0x9d, 0xef, 0x9d, 0xef, 0x9d, 0xef, 0x7d, 0xef, 0x9d, 0xef, 0x9d, 0xef, 0x9d, 0xef, 0x9d, 0xef, 0x9d, 0xef, 0x9d, 0xef, 0x9d, 0xef, 0x9d, 0xef, 0x9d, 0xef, 0x9d, 0xef, 0x9d, 0xef, 0x9d, 0xef, 0x9d, 0xef, 0x9d, 0xef, 0x9d, 0xef, 0x9d, 0xef, 0x9d, 0xef, 0x9d, 0xef, 0x9d, 0xef, 0x9d, 0xef, 0x9d, 0xef, 0x9d, 0xef, 0x9d, 0xef, 0x9d, 0xef, 0x9d, 0xef, 0x9d, 0xef, 0x9d, 0xef, 0x9d, 0xef, 0x9d, 0xef, 0x9d, 0xef, 0x9d, 0xef, 0x9d, 0xef, 0x9d, 0xef, 0x9d, 0xef, 0x9d, 0xef, 0x9d, 0xef, 0x9d, 0xef, 0x9d, 0xef, 0x9d, 0xef, 0x9d, 0xef, 0x9d, 0xef, 0x9d, 0xef, 0x9d, 0xef, 0x9d, 0xef, 0x9d, 0xef, 0x9d, 0xef, 0x9d, 0xef, 0x9d, 0xef, 0x9d, 0xef, 0x9d, 0xef, 0x9d, 0xef, 0x9d, 0xef, 0x9d, 0xef, 0x9d, 0xef, 0x9d, 0xef, 0x9d, 0xef, 0x9d, 0xef, 0x9d, 0xef, 0x9d, 0xef, 0x9d, 0xef, 0x9d, 0xef, 0x9d, 0xef, 0x9d, 0xef, 0x9d, 0xef, 0x9d, 0xef, 0x9d, 0xef, 0x9d, 0xef, 0x9d, 0xef, 0x9d, 0xef, 0x9d, 0xef, 0x9d, 0xef, 0x7d, 0xef, 0x7d, 0xef, 0x7d, 0xef, 0x9d, 0xef, 0x7d, 0xef, 0x7d, 0xef, 0x7d, 0xef, 0x7d, 0xef, 0x9d, 0xef, 0x9d, 0xef, 0xbc, 0xef, 0xbc, 0xe7, 0xdb, 0xdf, 0xda, 0xd7, 0xf9, 0xcf, 0xf9, 0xcf, 0xf8, 0xc7, 0xf8, 0xc7, 0xf8, 0xc7, 0xf8, 0xc7, 0xf8, 0xc7, 0xf8, 0xc7, 0xf9, 0xcf, 0xf8, 0xcf, 0xf8, 0xc7, 0xf8, 0xc7, 0xf8, 0xc7, 0xf8, 0xc7, 0xf8, 0xc7, 0xf8, 0xc7, 0xf8, 0xc7, 0xf8, 0xc7, 
  0xf8, 0xc7, 0xf8, 0xc7, 0xf8, 0xc7, 0xf8, 0xc7, 0xf8, 0xcf, 0xd9, 0xd7, 0xda, 0xd7, 0xbb, 0xdf, 0xbc, 0xe7, 0xbc, 0xe7, 0x9d, 0xe7, 0x9d, 0xef, 0x9d, 0xef, 0x9d, 0xef, 0x9d, 0xef, 0x9d, 0xef, 0x9d, 0xef, 0x9d, 0xef, 0x9d, 0xef, 0x9d, 0xef, 0x9d, 0xef, 0x9d, 0xef, 0x9d, 0xef, 0x9d, 0xef, 0x9d, 0xef, 0x9d, 0xef, 0x9d, 0xef, 0x9d, 0xef, 0x9d, 0xef, 0x9d, 0xef, 0x9d, 0xef, 0x9d, 0xef, 0x9d, 0xef, 0x9d, 0xef, 0x9d, 0xef, 0x9d, 0xef, 0x9d, 0xef, 0x9d, 0xef, 0x9d, 0xef, 0x9d, 0xef, 0x9d, 0xef, 0x9d, 0xef, 0x9d, 0xef, 0x9d, 0xef, 0x9d, 0xef, 0x9d, 0xef, 0x9d, 0xef, 0x9d, 0xef, 0x9d, 0xef, 0x9d, 0xef, 0x9d, 0xef, 0x9d, 0xef, 0x9d, 0xef, 0x9d, 0xef, 0x9d, 0xef, 0x9d, 0xef, 0x9d, 0xef, 0x9d, 0xef, 0x9d, 0xef, 0x9d, 0xef, 0x9d, 0xef, 0x9d, 0xef, 0x9d, 0xef, 0x9d, 0xef, 0x9d, 0xef, 0x9d, 0xef, 0x9d, 0xef, 0x9d, 0xef, 0x9d, 0xef, 0x9d, 0xef, 0x9d, 0xef, 0x9d, 0xef, 0x9d, 0xef, 0x9d, 0xef, 0x9d, 0xef, 0x9d, 0xef, 0x9d, 0xef, 0x9d, 0xef, 0x9d, 0xef, 0x9d, 0xef, 0x9d, 0xef, 0x9d, 0xef, 0x9d, 0xef, 0x9d, 0xef, 0x9d, 0xef, 0x9d, 0xef, 0x9d, 0xef, 0x9d, 0xef, 0x9d, 0xef, 0x9d, 0xef, 0x9d, 0xef, 0x9d, 0xef, 0x9d, 0xef, 0x9d, 0xef, 0x9d, 0xef, 0x9d, 0xef, 0xbc, 0xef, 0xbc, 0xe7, 0xbc, 0xe7, 0xdb, 0xdf, 0xda, 0xd7, 0xd9, 0xcf, 0xf9, 0xcf, 0xf9, 0xcf, 0xf8, 0xc7, 0xf8, 0xc7, 0xf8, 0xc7, 0xf8, 0xc7, 0xf8, 0xc7, 0xf8, 0xc7, 0xf8, 0xc7, 0xf8, 0xc7, 0xf8, 0xc7, 0xf8, 0xc7, 0xf8, 0xc7, 0xf8, 0xc7, 0xf8, 0xc7, 0xf8, 0xc7, 0xf8, 0xc7, 0xf8, 0xc7, 
  0xf8, 0xc7, 0xf8, 0xc7, 0xf8, 0xc7, 0xf8, 0xc7, 0xf8, 0xcf, 0xf8, 0xcf, 0xd9, 0xd7, 0xba, 0xd7, 0xdb, 0xdf, 0xdc, 0xdf, 0xbc, 0xe7, 0xbd, 0xe7, 0xbd, 0xe7, 0xbc, 0xe7, 0xbc, 0xef, 0xbc, 0xef, 0xbd, 0xef, 0x9d, 0xef, 0x9d, 0xef, 0x9d, 0xef, 0x9d, 0xef, 0x9d, 0xef, 0x9d, 0xef, 0x9d, 0xef, 0x9d, 0xef, 0x9d, 0xef, 0x9d, 0xef, 0x9d, 0xef, 0x9d, 0xef, 0x9d, 0xef, 0x9d, 0xef, 0x9d, 0xef, 0x9d, 0xef, 0x9d, 0xef, 0x9d, 0xef, 0x9d, 0xef, 0x9d, 0xef, 0x9d, 0xef, 0x9d, 0xef, 0x9d, 0xef, 0x9d, 0xef, 0x9d, 0xef, 0x9d, 0xef, 0x9d, 0xef, 0x9d, 0xef, 0x9d, 0xef, 0x9d, 0xef, 0x9d, 0xef, 0x9d, 0xef, 0x9d, 0xef, 0x9d, 0xef, 0x9d, 0xef, 0x9d, 0xef, 0x9d, 0xef, 0x9d, 0xef, 0x9d, 0xef, 0x9d, 0xef, 0x9d, 0xef, 0x9d, 0xef, 0x9d, 0xef, 0x9d, 0xef, 0x9d, 0xef, 0x9d, 0xef, 0x9d, 0xef, 0x9d, 0xef, 0x9d, 0xef, 0x9d, 0xef, 0x9d, 0xef, 0x9d, 0xef, 0x9d, 0xef, 0x9d, 0xef, 0x9d, 0xef, 0x9d, 0xef, 0x9d, 0xef, 0x9d, 0xef, 0x9d, 0xef, 0x9d, 0xef, 0x9d, 0xef, 0x9d, 0xef, 0x9d, 0xef, 0x9d, 0xef, 0x9d, 0xef, 0x9d, 0xef, 0x9d, 0xef, 0x9d, 0xef, 0x9d, 0xef, 0x9d, 0xef, 0x9d, 0xef, 0x9d, 0xef, 0x9d, 0xef, 0xbd, 0xef, 0xbd, 0xef, 0xbd, 0xef, 0xbc, 0xe7, 0xbc, 0xe7, 0xbc, 0xe7, 0xbc, 0xe7, 0xdb, 0xdf, 0xdb, 0xdf, 0xda, 0xd7, 0xd9, 0xcf, 0xd9, 0xcf, 0xf8, 0xc7, 0xf8, 0xc7, 0xf8, 0xc7, 0xf8, 0xc7, 0xf8, 0xc7, 0xf8, 0xc7, 0xf8, 0xc7, 0xf8, 0xc7, 0xf8, 0xc7, 0xf8, 0xc7, 0xf8, 0xc7, 0xf8, 0xc7, 0xf8, 0xc7, 0xf8, 0xc7, 0xf8, 0xc7, 0xf8, 0xc7, 0xf8, 0xc7, 0xf8, 0xc7, 
  0xf9, 0xc7, 0xf8, 0xc7, 0xf8, 0xc7, 0xf8, 0xc7, 0xf8, 0xcf, 0xf8, 0xcf, 0xf9, 0xcf, 0xd9, 0xcf, 0xda, 0xd7, 0xdb, 0xd7, 0xdb, 0xdf, 0xdc, 0xdf, 0xdc, 0xe7, 0xdc, 0xe7, 0xdc, 0xe7, 0xbc, 0xe7, 0xbc, 0xe7, 0x9c, 0xe7, 0x9c, 0xe7, 0x9c, 0xef, 0x9d, 0xef, 0x9d, 0xef, 0x9d, 0xef, 0x9d, 0xef, 0x9d, 0xef, 0x9d, 0xef, 0x9d, 0xef, 0x9d, 0xef, 0x9d, 0xef, 0x9d, 0xef, 0x9d, 0xef, 0x9d, 0xef, 0x9d, 0xef, 0x9d, 0xef, 0x9d, 0xef, 0x9d, 0xef, 0x9d, 0xef, 0x9d, 0xef, 0x9d, 0xef, 0x9d, 0xef, 0x9d, 0xef, 0x9d, 0xef, 0x9d, 0xef, 0x9d, 0xef, 0x9d, 0xef, 0x9d, 0xef, 0x9d, 0xef, 0x9d, 0xef, 0x9d, 0xef, 0x9d, 0xef, 0x9d, 0xef, 0x9d, 0xef, 0x9d, 0xef, 0x9d, 0xef, 0x9d, 0xef, 0x9d, 0xef, 0x9d, 0xef, 0x9d, 0xef, 0x9d, 0xef, 0x9d, 0xef, 0x9d, 0xef, 0x9d, 0xef, 0x9d, 0xef, 0x9d, 0xef, 0x9d, 0xef, 0x9d, 0xef, 0x9d, 0xef, 0x9d, 0xef, 0x9d, 0xef, 0x9d, 0xef, 0x9d, 0xef, 0x9d, 0xef, 0x9d, 0xef, 0x9d, 0xef, 0x9d, 0xef, 0x9d, 0xef, 0x9d, 0xef, 0x9d, 0xef, 0x9d, 0xef, 0x9d, 0xef, 0x9d, 0xef, 0x9d, 0xef, 0x9d, 0xef, 0x9d, 0xef, 0x9d, 0xef, 0x9d, 0xef, 0x9d, 0xef, 0x9d, 0xef, 0xbd, 0xef, 0xbd, 0xe7, 0xbc, 0xe7, 0xbc, 0xe7, 0xbc, 0xe7, 0xbc, 0xe7, 0xbc, 0xe7, 0xbb, 0xdf, 0xdb, 0xdf, 0xda, 0xd7, 0xda, 0xd7, 0xd9, 0xcf, 0xd9, 0xcf, 0xf9, 0xcf, 0xf8, 0xc7, 0xf8, 0xc7, 0xf8, 0xc7, 0xf8, 0xc7, 0xf8, 0xc7, 0xf8, 0xc7, 0xf8, 0xc7, 0xf8, 0xc7, 0xf8, 0xc7, 0xf8, 0xc7, 0xf8, 0xc7, 0xf8, 0xc7, 0xf8, 0xc7, 0xf8, 0xc7, 0xf8, 0xc7, 0xf8, 0xc7, 0xf8, 0xc7, 0xf8, 0xc7, 
  0xf9, 0xc7, 0xf9, 0xc7, 0xf8, 0xc7, 0xf8, 0xc7, 0xf8, 0xc7, 0xf8, 0xc7, 0xf8, 0xcf, 0xf8, 0xcf, 0xd9, 0xcf, 0xd9, 0xcf, 0xda, 0xd7, 0xdb, 0xd7, 0xdb, 0xdf, 0xdb, 0xdf, 0xdb, 0xe7, 0xdc, 0xe7, 0xbc, 0xe7, 0xbc, 0xe7, 0xbc, 0xe7, 0xbc, 0xe7, 0xbd, 0xef, 0x9d, 0xef, 0xbd, 0xef, 0x9d, 0xef, 0x9d, 0xef, 0x9d, 0xef, 0x9d, 0xef, 0x9d, 0xef, 0x9d, 0xef, 0x9d, 0xef, 0x9d, 0xef, 0x9d, 0xef, 0x9d, 0xef, 0x9d, 0xef, 0x9d, 0xef, 0x9d, 0xef, 0x9d, 0xef, 0x9d, 0xef, 0x9d, 0xef, 0x9d, 0xef, 0x9d, 0xef, 0x9d, 0xef, 0x9d, 0xef, 0x9d, 0xef, 0x9d, 0xef, 0x9d, 0xef, 0x9d, 0xef, 0x9d, 0xef, 0x9d, 0xef, 0x9d, 0xef, 0x9d, 0xef, 0x9d, 0xef, 0x9d, 0xef, 0x9d, 0xef, 0x9d, 0xef, 0x9d, 0xef, 0x9d, 0xef, 0x9d, 0xef, 0x9d, 0xef, 0x9d, 0xef, 0x9d, 0xef, 0x9d, 0xef, 0x9d, 0xef, 0x9d, 0xef, 0x9d, 0xef, 0x9d, 0xef, 0x9d, 0xef, 0x9d, 0xef, 0x9d, 0xef, 0x9d, 0xef, 0x9d, 0xef, 0x9d, 0xef, 0x9d, 0xef, 0x9d, 0xef, 0x9d, 0xef, 0x9d, 0xef, 0x9d, 0xef, 0x9d, 0xef, 0x9d, 0xef, 0x9d, 0xef, 0x9d, 0xef, 0x9d, 0xef, 0x9d, 0xef, 0x9d, 0xef, 0x9d, 0xef, 0x9d, 0xef, 0x9d, 0xef, 0xbd, 0xef, 0xbd, 0xe7, 0xbc, 0xe7, 0xdc, 0xe7, 0xdc, 0xe7, 0xdc, 0xe7, 0xdb, 0xdf, 0xdb, 0xdf, 0xdb, 0xdf, 0xda, 0xd7, 0xf9, 0xcf, 0xd9, 0xcf, 0xf9, 0xc7, 0xf8, 0xc7, 0xf8, 0xc7, 0xf8, 0xc7, 0xf8, 0xc7, 0xf7, 0xc7, 0xf7, 0xc7, 0xf8, 0xc7, 0xf8, 0xc7, 0xf8, 0xc7, 0xf8, 0xc7, 0xf8, 0xc7, 0xf8, 0xc7, 0xf8, 0xc7, 0xf8, 0xc7, 0xf8, 0xc7, 0xf8, 0xc7, 0xf8, 0xc7, 0xf8, 0xc7, 0xf8, 0xc7, 0xf8, 0xc7, 
  0xf9, 0xc7, 0xf9, 0xc7, 0xf8, 0xc7, 0xf8, 0xc7, 0xf8, 0xc7, 0xf8, 0xc7, 0xf8, 0xc7, 0xf8, 0xc7, 0xf8, 0xc7, 0xf9, 0xcf, 0xd9, 0xcf, 0xda, 0xd7, 0xda, 0xd7, 0xda, 0xd7, 0xdb, 0xdf, 0xdb, 0xdf, 0xbc, 0xe7, 0xbc, 0xe7, 0xbc, 0xe7, 0xbc, 0xe7, 0xbd, 0xe7, 0xbd, 0xef, 0xbd, 0xef, 0xbd, 0xef, 0x9d, 0xef, 0x9d, 0xef, 0x9d, 0xef, 0x9d, 0xef, 0x9d, 0xef, 0x9d, 0xef, 0x9d, 0xef, 0x9d, 0xef, 0x9d, 0xef, 0x9d, 0xef, 0x9d, 0xef, 0x9d, 0xef, 0x9d, 0xef, 0x9d, 0xef, 0x9d, 0xef, 0x9d, 0xef, 0x9d, 0xef, 0x9d, 0xef, 0x9d, 0xef, 0x9d, 0xef, 0x9d, 0xef, 0x9d, 0xef, 0x9d, 0xef, 0x9d, 0xef, 0x9d, 0xef, 0x9d, 0xef, 0x9d, 0xef, 0x9d, 0xef, 0x9d, 0xef, 0x9d, 0xef, 0x9d, 0xef, 0x9d, 0xef, 0x9d, 0xef, 0x9d, 0xef, 0x9d, 0xef, 0x9d, 0xef, 0x9d, 0xef, 0x9d, 0xef, 0x9d, 0xef, 0x9d, 0xef, 0x9d, 0xef, 0x9d, 0xef, 0x9d, 0xef, 0x9d, 0xef, 0x9d, 0xef, 0x9d, 0xef, 0x9d, 0xef, 0x9d, 0xef, 0x9d, 0xef, 0x9d, 0xef, 0x9d, 0xef, 0x9d, 0xef, 0x9d, 0xef, 0x9d, 0xef, 0x9d, 0xef, 0x9d, 0xef, 0x9c, 0xef, 0x9c, 0xef, 0x9c, 0xef, 0x9c, 0xef, 0x9c, 0xef, 0x9c, 0xef, 0x9c, 0xe7, 0x9c, 0xe7, 0xbc, 0xe7, 0xbc, 0xe7, 0xdc, 0xe7, 0xdb, 0xdf, 0xdb, 0xdf, 0xdb, 0xdf, 0xda, 0xd7, 0xda, 0xd7, 0xf9, 0xcf, 0xf9, 0xc7, 0xf8, 0xc7, 0xf8, 0xc7, 0xf8, 0xc7, 0xf8, 0xc7, 0xf8, 0xc7, 0xf7, 0xc7, 0xf7, 0xc7, 0xf7, 0xc7, 0xf8, 0xc7, 0xf8, 0xc7, 0xf8, 0xc7, 0xf8, 0xc7, 0xf8, 0xc7, 0xf8, 0xc7, 0xf8, 0xc7, 0xf8, 0xc7, 0xf8, 0xc7, 0xf8, 0xc7, 0xf8, 0xc7, 0xf8, 0xc7, 0xf8, 0xc7, 0xf8, 0xc7, 
  0xf9, 0xc7, 0xf8, 0xc7, 0xf8, 0xc7, 0xf8, 0xc7, 0xf8, 0xc7, 0xf8, 0xc7, 0xf8, 0xc7, 0xf8, 0xc7, 0xf8, 0xc7, 0xf8, 0xc7, 0xf9, 0xcf, 0xd9, 0xcf, 0xd9, 0xcf, 0xba, 0xd7, 0xba, 0xd7, 0xba, 0xd7, 0xbb, 0xdf, 0x9c, 0xdf, 0x9c, 0xdf, 0x9c, 0xe7, 0x9c, 0xe7, 0x9c, 0xe7, 0x9c, 0xe7, 0x9c, 0xef, 0x9d, 0xef, 0x9d, 0xef, 0x9d, 0xef, 0x9d, 0xef, 0x9d, 0xef, 0x9d, 0xef, 0x9d, 0xef, 0x9d, 0xef, 0x9d, 0xef, 0x9d, 0xef, 0x9d, 0xef, 0x9d, 0xef, 0x9d, 0xef, 0x9d, 0xef, 0x9d, 0xef, 0x9d, 0xef, 0x9d, 0xef, 0x9d, 0xef, 0x9d, 0xef, 0x9d, 0xef, 0x9d, 0xef, 0x9d, 0xef, 0x9d, 0xef, 0x9d, 0xef, 0x9d, 0xef, 0x9d, 0xef, 0x9d, 0xef, 0x9d, 0xef, 0x9d, 0xef, 0x9d, 0xef, 0x9d, 0xef, 0x9d, 0xef, 0x9d, 0xef, 0x9d, 0xef, 0x9d, 0xef, 0x9d, 0xef, 0x9d, 0xef, 0x9d, 0xef, 0x9d, 0xef, 0x9d, 0xef, 0x9c, 0xef, 0x9d, 0xef, 0x9d, 0xef, 0x9d, 0xef, 0x9d, 0xef, 0x9d, 0xef, 0x9d, 0xef, 0xbd, 0xef, 0x9d, 0xef, 0x9d, 0xef, 0x9d, 0xef, 0x9d, 0xef, 0x9d, 0xef, 0x9d, 0xef, 0x9d, 0xef, 0x9d, 0xef, 0x9c, 0xef, 0x9c, 0xef, 0x9c, 0xef, 0x9c, 0xef, 0x9c, 0xef, 0x9c, 0xef, 0x9c, 0xe7, 0xbc, 0xe7, 0x9c, 0xe7, 0xbb, 0xdf, 0xbb, 0xdf, 0xbb, 0xdf, 0xba, 0xd7, 0xba, 0xd7, 0xb9, 0xcf, 0xd9, 0xcf, 0xf8, 0xc7, 0xf8, 0xc7, 0xf8, 0xc7, 0xf8, 0xc7, 0xf8, 0xc7, 0xf8, 0xc7, 0xf8, 0xc7, 0xf8, 0xc7, 0xf7, 0xc7, 0xf7, 0xc7, 0xf8, 0xc7, 0xf8, 0xc7, 0xf8, 0xc7, 0xf8, 0xc7, 0xf8, 0xc7, 0xf8, 0xc7, 0xf8, 0xc7, 0xf8, 0xc7, 0xf8, 0xc7, 0xf8, 0xc7, 0xf8, 0xc7, 0xf8, 0xc7, 0xf8, 0xc7, 0xf8, 0xc7, 
#endif
#if LV_COLOR_DEPTH == 16 && LV_COLOR_16_SWAP != 0
  /*Pixel format: Red: 5 bit, Green: 6 bit, Blue: 5 bit BUT the 2 bytes are swapped*/
  0xc7, 0xf8, 0xc7, 0xf8, 0xc7, 0xf8, 0xc7, 0xf8, 0xc7, 0xf8, 0xc7, 0xf8, 0xc7, 0xf8, 0xc7, 0xf8, 0xc7, 0xf8, 0xc7, 0xf8, 0xc7, 0xf8, 0xc7, 0xf8, 0xc7, 0xf8, 0xc7, 0xf8, 0xc7, 0xf8, 0xc7, 0xf8, 0xc7, 0xf8, 0xc7, 0xf8, 0xc7, 0xf8, 0xc7, 0xf8, 0xc7, 0xf8, 0xc7, 0xf8, 0xc7, 0xf8, 0xc7, 0xf8, 0xc7, 0xf8, 0xc7, 0xf8, 0xc7, 0xf8, 0xc7, 0xf8, 0xc7, 0xf8, 0xc7, 0xf8, 0xc7, 0xf8, 0xc7, 0xf8, 0xc7, 0xf8, 0xc7, 0xf8, 0xc7, 0xf8, 0xc7, 0xf8, 0xc7, 0xf8, 0xc7, 0xf8, 0xc7, 0xf8, 0xc7, 0xf8, 0xc7, 0xf8, 0xc7, 0xf8, 0xc7, 0xf8, 0xc7, 0xf8, 0xc7, 0xf8, 0xc7, 0xf8, 0xc7, 0xf8, 0xc7, 0xf8, 0xcf, 0xf8, 0xcf, 0xf8, 0xc7, 0xf8, 0xc7, 0xf8, 0xc7, 0xf9, 0xc7, 0xf9, 0xc7, 0xf9, 0xc7, 0xf9, 0xc7, 0xf9, 0xc7, 0xf8, 0xc7, 0xf8, 0xc7, 0xf8, 0xc7, 0xf8, 0xc7, 0xf9, 0xc7, 0xf9, 0xc7, 0xf9, 0xc7, 0xf8, 0xc7, 0xf9, 0xc7, 0xfa, 0xc7, 0xf9, 0xc7, 0xf8, 0xc7, 0xf8, 0xc7, 0xf7, 0xc7, 0xf7, 0xcf, 0xf8, 0xc7, 0xf8, 0xc7, 0xf9, 0xc7, 0xf8, 0xc7, 0xf8, 0xcf, 0xf7, 0xd7, 0xf5, 0xe7, 0xd3, 0xf7, 0xcf, 0xf7, 0xcd, 0xf7, 0xab, 0xf7, 0x88, 0xff, 0x66, 0xff, 0x64, 0xff, 0x62, 0xff, 0x62, 0xff, 0x41, 0xff, 0x42, 0xff, 0x43, 0xff, 0x45, 0xff, 0x47, 0xff, 0x69, 0xff, 0x8b, 0xf7, 0xad, 0xe7, 0xcf, 0xdf, 0xf2, 0xd7, 0xf4, 0xcf, 0xf6, 0xc7, 0xf8, 0xc7, 0xf9, 0xc7, 0xf9, 0xcf, 0xf9, 0xcf, 0xf9, 0xcf, 0xf9, 0xc7, 0xf8, 0xc7, 0xf7, 0xc7, 0xf7, 0xc7, 0xf7, 0xc7, 0xf8, 0xc7, 0xf8, 0xc7, 0xf9, 0xc7, 0xf9, 0xc7, 0xf9, 0xc7, 0xf8, 0xc7, 0xf8, 0xbf, 0xf8, 0xc7, 0xf7, 0xc7, 0xf7, 
  0xc7, 0xf8, 0xc7, 0xf8, 0xc7, 0xf8, 0xc7, 0xf8, 0xc7, 0xf8, 0xc7, 0xf8, 0xc7, 0xf8, 0xc7, 0xf8, 0xc7, 0xf8, 0xc7, 0xf8, 0xc7, 0xf8, 0xc7, 0xf8, 0xc7, 0xf8, 0xc7, 0xf8, 0xc7, 0xf8, 0xc7, 0xf8, 0xc7, 0xf8, 0xc7, 0xf8, 0xc7, 0xf8, 0xc7, 0xf8, 0xc7, 0xf8, 0xc7, 0xf8, 0xc7, 0xf8, 0xc7, 0xf8, 0xc7, 0xf8, 0xc7, 0xf8, 0xc7, 0xf8, 0xc7, 0xf8, 0xc7, 0xf8, 0xc7, 0xf8, 0xc7, 0xf8, 0xc7, 0xf8, 0xc7, 0xf8, 0xc7, 0xf8, 0xc7, 0xf8, 0xc7, 0xf8, 0xc7, 0xf8, 0xc7, 0xf8, 0xc7, 0xf8, 0xc7, 0xf8, 0xc7, 0xf8, 0xc7, 0xf8, 0xc7, 0xf8, 0xc7, 0xf8, 0xc7, 0xf8, 0xc7, 0xf8, 0xc7, 0xf8, 0xc7, 0xf8, 0xcf, 0xf8, 0xcf, 0xf8, 0xc7, 0xf8, 0xc7, 0xf8, 0xc7, 0xf9, 0xc7, 0xf9, 0xc7, 0xf9, 0xc7, 0xf9, 0xc7, 0xf8, 0xc7, 0xf8, 0xc7, 0xf8, 0xc7, 0xf8, 0xc7, 0xf8, 0xc7, 0xf8, 0xc7, 0xf8, 0xc7, 0xf8, 0xc7, 0xf8, 0xc7, 0xf8, 0xc7, 0xf9, 0xc7, 0xf9, 0xcf, 0xf9, 0xc7, 0xf8, 0xc7, 0xf7, 0xc7, 0xf7, 0xc7, 0xf7, 0xc7, 0xf7, 0xcf, 0xf7, 0xd7, 0xf7, 0xd7, 0xf5, 0xdf, 0xd2, 0xdf, 0xb0, 0xe7, 0x8d, 0xe7, 0x4a, 0xef, 0x28, 0xef, 0x27, 0xef, 0x26, 0xf7, 0x24, 0xff, 0x23, 0xff, 0x22, 0xff, 0x21, 0xff, 0x41, 0xff, 0x22, 0xff, 0x22, 0xff, 0x24, 0xf7, 0x25, 0xf7, 0x26, 0xf7, 0x27, 0xef, 0x49, 0xe7, 0x4b, 0xdf, 0x8d, 0xdf, 0xcf, 0xdf, 0xf2, 0xd7, 0xf4, 0xd7, 0xf6, 0xcf, 0xf7, 0xcf, 0xd8, 0xc7, 0xf9, 0xc7, 0xf8, 0xc7, 0xf8, 0xc7, 0xf7, 0xc7, 0xf7, 0xc7, 0xf7, 0xc7, 0xf8, 0xc7, 0xf8, 0xc7, 0xf8, 0xc7, 0xf8, 0xc7, 0xf8, 0xc7, 0xf8, 0xc7, 0xf8, 0xc7, 0xf8, 0xc7, 0xf7, 0xc7, 0xf7, 
  0xc7, 0xf8, 0xc7, 0xf8, 0xc7, 0xf8, 0xc7, 0xf8, 0xc7, 0xf8, 0xc7, 0xf8, 0xc7, 0xf8, 0xc7, 0xf8, 0xc7, 0xf8, 0xc7, 0xf8, 0xc7, 0xf8, 0xc7, 0xf8, 0xc7, 0xf8, 0xc7, 0xf8, 0xc7, 0xf8, 0xc7, 0xf8, 0xc7, 0xf8, 0xc7, 0xf8, 0xc7, 0xf8, 0xc7, 0xf8, 0xc7, 0xf8, 0xc7, 0xf8, 0xc7, 0xf8, 0xc7, 0xf8, 0xc7, 0xf8, 0xc7, 0xf8, 0xc7, 0xf8, 0xc7, 0xf8, 0xc7, 0xf8, 0xc7, 0xf8, 0xc7, 0xf8, 0xc7, 0xf8, 0xc7, 0xf8, 0xc7, 0xf8, 0xc7, 0xf8, 0xc7, 0xf8, 0xc7, 0xf8, 0xc7, 0xf8, 0xc7, 0xf8, 0xc7, 0xf8, 0xc7, 0xf8, 0xc7, 0xf8, 0xc7, 0xf8, 0xc7, 0xf8, 0xc7, 0xf8, 0xc7, 0xf8, 0xc7, 0xf8, 0xc7, 0xf8, 0xc7, 0xf8, 0xc7, 0xf8, 0xc7, 0xf8, 0xc7, 0xf8, 0xc7, 0xf8, 0xc7, 0xf8, 0xc7, 0xf8, 0xc7, 0xf8, 0xc7, 0xf8, 0xc7, 0xf8, 0xc7, 0xf8, 0xc7, 0xf8, 0xc7, 0xf8, 0xc7, 0xf8, 0xc7, 0xf8, 0xc7, 0xf8, 0xc7, 0xf7, 0xc7, 0xf7, 0xc7, 0xf7, 0xcf, 0xf8, 0xcf, 0xf8, 0xcf, 0xf7, 0xc7, 0xf7, 0xc7, 0xf7, 0xbf, 0xf7, 0xc7, 0xf6, 0xd7, 0xf4, 0xe7, 0xb1, 0xef, 0x6d, 0xf7, 0x49, 0xef, 0x46, 0xef, 0x44, 0xf7, 0x45, 0xf7, 0x44, 0xf7, 0x24, 0xff, 0x24, 0xff, 0x23, 0xff, 0x23, 0xff, 0x02, 0xff, 0x02, 0xff, 0x02, 0xff, 0x02, 0xff, 0x02, 0xff, 0x02, 0xff, 0x02, 0xff, 0x23, 0xf7, 0x23, 0xf7, 0x24, 0xef, 0x24, 0xef, 0x25, 0xf7, 0x45, 0xf7, 0x48, 0xef, 0x6b, 0xe7, 0xb0, 0xd7, 0xd4, 0xcf, 0xf7, 0xc7, 0xf8, 0xbf, 0xf8, 0xc7, 0xf8, 0xc7, 0xf8, 0xc7, 0xf9, 0xc7, 0xf8, 0xc7, 0xf8, 0xc7, 0xf7, 0xc7, 0xf8, 0xcf, 0xf8, 0xc7, 0xf8, 0xc7, 0xf8, 0xc7, 0xf8, 0xc7, 0xf8, 0xc7, 0xf8, 0xc7, 0xf8, 
  0xc7, 0xf8, 0xc7, 0xf8, 0xc7, 0xf8, 0xc7, 0xf8, 0xc7, 0xf8, 0xc7, 0xf8, 0xc7, 0xf8, 0xc7, 0xf8, 0xc7, 0xf8, 0xc7, 0xf8, 0xc7, 0xf8, 0xc7, 0xf8, 0xc7, 0xf8, 0xc7, 0xf8, 0xc7, 0xf8, 0xc7, 0xf8, 0xc7, 0xf8, 0xc7, 0xf8, 0xc7, 0xf8, 0xc7, 0xf8, 0xc7, 0xf8, 0xc7, 0xf8, 0xc7, 0xf8, 0xc7, 0xf8, 0xc7, 0xf8, 0xc7, 0xf8, 0xc7, 0xf8, 0xc7, 0xf8, 0xc7, 0xf8, 0xc7, 0xf8, 0xc7, 0xf8, 0xc7, 0xf8, 0xc7, 0xf8, 0xc7, 0xf8, 0xc7, 0xf8, 0xc7, 0xf8, 0xc7, 0xf8, 0xc7, 0xf8, 0xc7, 0xf8, 0xc7, 0xf8, 0xc7, 0xf8, 0xc7, 0xf8, 0xc7, 0xf8, 0xc7, 0xf8, 0xc7, 0xf8, 0xc7, 0xf8, 0xc7, 0xf8, 0xc7, 0xf8, 0xc7, 0xf8, 0xc7, 0xf8, 0xc7, 0xf8, 0xc7, 0xf8, 0xc7, 0xf8, 0xc7, 0xf8, 0xc7, 0xf8, 0xc7, 0xf8, 0xc7, 0xf8, 0xc7, 0xf8, 0xc7, 0xf8, 0xc7, 0xf8, 0xc7, 0xf8, 0xc7, 0xf8, 0xc7, 0xf8, 0xc7, 0xf8, 0xc7, 0xf7, 0xc7, 0xf7, 0xc7, 0xf7, 0xcf, 0xf7, 0xcf, 0xf7, 0xcf, 0xd7, 0xcf, 0xf7, 0xcf, 0xf6, 0xcf, 0xf4, 0xd7, 0xf2, 0xdf, 0x8e, 0xef, 0x4b, 0xf7, 0x07, 0xff, 0x03, 0xff, 0x01, 0xff, 0x20, 0xff, 0x42, 0xff, 0x42, 0xff, 0x22, 0xff, 0x22, 0xff, 0x02, 0xff, 0x02, 0xfe, 0xe2, 0xfe, 0xe2, 0xfe, 0xe2, 0xfe, 0xe2, 0xff, 0x02, 0xff, 0x02, 0xff, 0x22, 0xff, 0x21, 0xff, 0x21, 0xff, 0x21, 0xff, 0x22, 0xff, 0x02, 0xfe, 0xe1, 0xfe, 0xe2, 0xf7, 0x05, 0xef, 0x29, 0xe7, 0x8e, 0xdf, 0xd2, 0xcf, 0xf4, 0xc7, 0xf6, 0xc7, 0xf7, 0xc7, 0xf8, 0xc7, 0xf9, 0xc7, 0xf9, 0xc7, 0xf8, 0xc7, 0xf8, 0xcf, 0xf7, 0xcf, 0xf7, 0xc7, 0xf8, 0xc7, 0xf8, 0xc7, 0xf8, 0xc7, 0xf8, 0xc7, 0xf8, 0xc7, 0xf8, 
  0xc7, 0xf8, 0xc7, 0xf8, 0xc7, 0xf8, 0xc7, 0xf8, 0xc7, 0xf8, 0xc7, 0xf8, 0xc7, 0xf8, 0xc7, 0xf8, 0xc7, 0xf8, 0xc7, 0xf8, 0xc7, 0xf8, 0xc7, 0xf8, 0xc7, 0xf8, 0xc7, 0xf8, 0xc7, 0xf8, 0xc7, 0xf8, 0xc7, 0xf8, 0xc7, 0xf8, 0xc7, 0xf8, 0xc7, 0xf8, 0xc7, 0xf8, 0xc7, 0xf8, 0xc7, 0xf8, 0xc7, 0xf8, 0xc7, 0xf8, 0xc7, 0xf8, 0xc7, 0xf8, 0xc7, 0xf8, 0xc7, 0xf8, 0xc7, 0xf8, 0xc7, 0xf8, 0xc7, 0xf8, 0xc7, 0xf8, 0xc7, 0xf8, 0xc7, 0xf8, 0xc7, 0xf8, 0xc7, 0xf8, 0xc7, 0xf8, 0xc7, 0xf8, 0xc7, 0xf8, 0xc7, 0xf8, 0xc7, 0xf8, 0xc7, 0xf8, 0xc7, 0xf8, 0xc7, 0xf8, 0xc7, 0xf8, 0xc7, 0xf8, 0xc7, 0xf8, 0xc7, 0xf8, 0xc7, 0xf9, 0xc7, 0xf8, 0xc7, 0xf8, 0xc7, 0xf8, 0xc7, 0xf8, 0xc7, 0xf8, 0xc7, 0xf8, 0xc7, 0xf8, 0xc7, 0xf7, 0xcf, 0xf7, 0xcf, 0xf7, 0xcf, 0xf8, 0xcf, 0xf8, 0xc7, 0xf8, 0xc7, 0xf8, 0xc7, 0xf8, 0xc7, 0xf8, 0xc7, 0xf8, 0xc7, 0xf8, 0xc7, 0xd8, 0xcf, 0xf7, 0xd7, 0xf6, 0xdf, 0xd3, 0xe7, 0x8e, 0xef, 0x6a, 0xef, 0x26, 0xf7, 0x04, 0xf6, 0xe4, 0xff, 0x03, 0xff, 0x01, 0xff, 0x21, 0xff, 0x01, 0xff, 0x01, 0xff, 0x01, 0xff, 0x02, 0xff, 0x02, 0xfe, 0xe2, 0xfe, 0xe2, 0xfe, 0xe2, 0xfe, 0xe2, 0xfe, 0xe2, 0xff, 0x02, 0xff, 0x02, 0xff, 0x01, 0xff, 0x01, 0xff, 0x01, 0xff, 0x01, 0xfe, 0xe2, 0xfe, 0xe2, 0xfe, 0xe3, 0xfe, 0xe3, 0xff, 0x03, 0xff, 0x24, 0xf7, 0x44, 0xe7, 0x67, 0xe7, 0xac, 0xdf, 0xd1, 0xd7, 0xf5, 0xcf, 0xf7, 0xc7, 0xf8, 0xc7, 0xf8, 0xc7, 0xf9, 0xc7, 0xf8, 0xcf, 0xf7, 0xcf, 0xf7, 0xcf, 0xf7, 0xc7, 0xf8, 0xc7, 0xf8, 0xc7, 0xf8, 0xc7, 0xf8, 0xc7, 0xf8, 
  0xc7, 0xf8, 0xc7, 0xf8, 0xc7, 0xf8, 0xc7, 0xf8, 0xc7, 0xf8, 0xc7, 0xf8, 0xc7, 0xf8, 0xc7, 0xf8, 0xc7, 0xf8, 0xc7, 0xf8, 0xc7, 0xf8, 0xc7, 0xf8, 0xc7, 0xf8, 0xc7, 0xf8, 0xc7, 0xf8, 0xc7, 0xf8, 0xc7, 0xf8, 0xc7, 0xf8, 0xc7, 0xf8, 0xc7, 0xf8, 0xc7, 0xf8, 0xc7, 0xf8, 0xc7, 0xf8, 0xc7, 0xf8, 0xc7, 0xf8, 0xc7, 0xf8, 0xc7, 0xf8, 0xc7, 0xf8, 0xc7, 0xf8, 0xc7, 0xf8, 0xc7, 0xf8, 0xc7, 0xf8, 0xc7, 0xf8, 0xc7, 0xf8, 0xc7, 0xf8, 0xc7, 0xf8, 0xc7, 0xf8, 0xc7, 0xf8, 0xc7, 0xf8, 0xc7, 0xf8, 0xc7, 0xf8, 0xc7, 0xf8, 0xc7, 0xf8, 0xc7, 0xf8, 0xc7, 0xf8, 0xc7, 0xf8, 0xc7, 0xf8, 0xc7, 0xf8, 0xc7, 0xf9, 0xc7, 0xf9, 0xc7, 0xf8, 0xc7, 0xf8, 0xc7, 0xf8, 0xc7, 0xf8, 0xc7, 0xf8, 0xc7, 0xf8, 0xc7, 0xf7, 0xc7, 0xf7, 0xc7, 0xf8, 0xcf, 0xf8, 0xcf, 0xf8, 0xc7, 0xf8, 0xc7, 0xf8, 0xc7, 0xf8, 0xc7, 0xf8, 0xc7, 0xf8, 0xc7, 0xf9, 0xc7, 0xf8, 0xcf, 0xf8, 0xdf, 0xf6, 0xdf, 0xb2, 0xe7, 0x4d, 0xef, 0x28, 0xf7, 0x04, 0xf7, 0x02, 0xff, 0x01, 0xff, 0x22, 0xff, 0x02, 0xff, 0x01, 0xfe, 0xe1, 0xff, 0x01, 0xff, 0x01, 0xff, 0x01, 0xff, 0x02, 0xff, 0x02, 0xfe, 0xe2, 0xfe, 0xe2, 0xfe, 0xe2, 0xfe, 0xe2, 0xfe, 0xe2, 0xfe, 0xe2, 0xfe, 0xe2, 0xff, 0x01, 0xff, 0x01, 0xff, 0x01, 0xff, 0x01, 0xfe, 0xe1, 0xfe, 0xe2, 0xfe, 0xe3, 0xff, 0x04, 0xff, 0x03, 0xff, 0x02, 0xff, 0x21, 0xf7, 0x22, 0xef, 0x46, 0xe7, 0x6b, 0xdf, 0xb1, 0xd7, 0xd4, 0xcf, 0xf6, 0xcf, 0xf8, 0xc7, 0xf9, 0xc7, 0xf9, 0xcf, 0xf8, 0xcf, 0xf7, 0xc7, 0xf8, 0xc7, 0xf8, 0xc7, 0xf8, 0xc7, 0xf8, 0xc7, 0xf8, 0xc7, 0xf8, 
  0xc7, 0xf8, 0xc7, 0xf8, 0xc7, 0xf8, 0xc7, 0xf8, 0xc7, 0xf8, 0xc7, 0xf8, 0xc7, 0xf8, 0xc7, 0xf8, 0xc7, 0xf8, 0xc7, 0xf8, 0xc7, 0xf8, 0xc7, 0xf8, 0xc7, 0xf8, 0xc7, 0xf8, 0xc7, 0xf8, 0xc7, 0xf8, 0xc7, 0xf8, 0xc7, 0xf8, 0xc7, 0xf8, 0xc7, 0xf8, 0xc7, 0xf8, 0xc7, 0xf8, 0xc7, 0xf8, 0xc7, 0xf8, 0xc7, 0xf8, 0xc7, 0xf8, 0xc7, 0xf8, 0xc7, 0xf8, 0xc7, 0xf8, 0xc7, 0xf8, 0xc7, 0xf8, 0xc7, 0xf8, 0xc7, 0xf8, 0xc7, 0xf8, 0xc7, 0xf8, 0xc7, 0xf8, 0xc7, 0xf8, 0xc7, 0xf8, 0xc7, 0xf8, 0xc7, 0xf8, 0xc7, 0xf8, 0xc7, 0xf8, 0xc7, 0xf8, 0xc7, 0xf8, 0xc7, 0xf8, 0xc7, 0xf8, 0xc7, 0xf8, 0xc7, 0xf8, 0xc7, 0xf9, 0xc7, 0xf9, 0xc7, 0xf8, 0xc7, 0xf8, 0xc7, 0xf8, 0xc7, 0xf8, 0xc7, 0xf7, 0xc7, 0xf7, 0xc7, 0xf8, 0xc7, 0xf8, 0xc7, 0xf8, 0xc7, 0xf8, 0xc7, 0xf8, 0xc7, 0xf8, 0xc7, 0xf8, 0xcf, 0xf8, 0xcf, 0xf8, 0xcf, 0xf8, 0xc7, 0xf8, 0xc7, 0xf8, 0xcf, 0xf6, 0xdf, 0xd2, 0xe7, 0x6b, 0xef, 0x06, 0xff, 0x03, 0xff, 0x02, 0xff, 0x02, 0xff, 0x02, 0xff, 0x22, 0xff, 0x02, 0xfe, 0xe1, 0xfe, 0xe1, 0xff, 0x02, 0xff, 0x02, 0xff, 0x02, 0xfe, 0xe2, 0xfe, 0xe2, 0xfe, 0xe2, 0xfe, 0xe2, 0xfe, 0xe2, 0xfe, 0xe2, 0xfe, 0xe2, 0xff, 0x02, 0xff, 0x02, 0xff, 0x02, 0xff, 0x03, 0xff, 0x03, 0xff, 0x02, 0xff, 0x01, 0xff, 0x21, 0xff, 0x02, 0xff, 0x03, 0xff, 0x03, 0xfe, 0xe3, 0xff, 0x03, 0xff, 0x03, 0xfe, 0xe3, 0xf7, 0x05, 0xef, 0x4a, 0xe7, 0x8f, 0xdf, 0xd4, 0xd7, 0xf7, 0xc7, 0xf8, 0xc7, 0xf8, 0xc7, 0xf8, 0xc7, 0xf8, 0xc7, 0xf8, 0xc7, 0xf8, 0xc7, 0xf8, 0xc7, 0xf8, 0xc7, 0xf8, 0xc7, 0xf8, 
  0xc7, 0xf8, 0xc7, 0xf8, 0xc7, 0xf8, 0xc7, 0xf8, 0xc7, 0xf8, 0xc7, 0xf8, 0xc7, 0xf8, 0xc7, 0xf8, 0xc7, 0xf8, 0xc7, 0xf8, 0xc7, 0xf8, 0xc7, 0xf8, 0xc7, 0xf8, 0xc7, 0xf8, 0xc7, 0xf8, 0xc7, 0xf8, 0xc7, 0xf8, 0xc7, 0xf8, 0xc7, 0xf8, 0xc7, 0xf8, 0xc7, 0xf8, 0xc7, 0xf8, 0xc7, 0xf8, 0xc7, 0xf8, 0xc7, 0xf8, 0xc7, 0xf8, 0xc7, 0xf8, 0xc7, 0xf8, 0xc7, 0xf8, 0xc7, 0xf8, 0xc7, 0xf8, 0xc7, 0xf8, 0xc7, 0xf8, 0xc7, 0xf8, 0xc7, 0xf8, 0xc7, 0xf8, 0xc7, 0xf8, 0xc7, 0xf8, 0xc7, 0xf8, 0xc7, 0xf8, 0xc7, 0xf8, 0xc7, 0xf8, 0xc7, 0xf8, 0xc7, 0xf8, 0xc7, 0xf8, 0xc7, 0xf8, 0xc7, 0xf8, 0xc7, 0xf8, 0xc7, 0xf8, 0xc7, 0xf9, 0xc7, 0xf8, 0xc7, 0xf8, 0xc7, 0xf8, 0xc7, 0xf8, 0xc7, 0xf7, 0xc7, 0xf8, 0xc7, 0xf8, 0xc7, 0xf8, 0xc7, 0xf8, 0xc7, 0xf8, 0xc7, 0xf8, 0xc7, 0xf8, 0xc7, 0xf8, 0xcf, 0xf8, 0xcf, 0xf7, 0xcf, 0xf7, 0xcf, 0xf7, 0xd7, 0xf5, 0xd7, 0xb1, 0xdf, 0x4b, 0xef, 0x05, 0xff, 0x02, 0xff, 0x01, 0xff, 0x01, 0xff, 0x02, 0xff, 0x02, 0xff, 0x01, 0xff, 0x01, 0xff, 0x02, 0xff, 0x02, 0xff, 0x03, 0xff, 0x03, 0xff, 0x02, 0xff, 0x02, 0xff, 0x02, 0xff, 0x22, 0xff, 0x22, 0xff, 0x22, 0xff, 0x02, 0xff, 0x02, 0xff, 0x02, 0xff, 0x02, 0xff, 0x02, 0xff, 0x03, 0xff, 0x03, 0xff, 0x02, 0xff, 0x21, 0xff, 0x20, 0xff, 0x21, 0xff, 0x22, 0xff, 0x03, 0xfe, 0xe3, 0xfe, 0xe3, 0xfe, 0xe3, 0xfe, 0xe2, 0xfe, 0xe2, 0xf7, 0x04, 0xef, 0x49, 0xe7, 0x90, 0xdf, 0xf4, 0xcf, 0xf7, 0xc7, 0xf8, 0xc7, 0xf8, 0xc7, 0xf9, 0xc7, 0xf9, 0xc7, 0xf9, 0xc7, 0xf8, 0xc7, 0xf8, 0xcf, 0xf8, 0xcf, 0xf8, 
  0xc7, 0xf8, 0xc7, 0xf8, 0xc7, 0xf8, 0xc7, 0xf8, 0xc7, 0xf8, 0xc7, 0xf8, 0xc7, 0xf8, 0xc7, 0xf8, 0xc7, 0xf8, 0xc7, 0xf8, 0xc7, 0xf8, 0xc7, 0xf8, 0xc7, 0xf8, 0xc7, 0xf8, 0xc7, 0xf8, 0xc7, 0xf8, 0xc7, 0xf8, 0xc7, 0xf8, 0xc7, 0xf8, 0xc7, 0xf8, 0xc7, 0xf8, 0xc7, 0xf8, 0xc7, 0xf8, 0xc7, 0xf8, 0xc7, 0xf8, 0xc7, 0xf8, 0xc7, 0xf8, 0xc7, 0xf8, 0xc7, 0xf8, 0xc7, 0xf8, 0xc7, 0xf8, 0xc7, 0xf8, 0xc7, 0xf8, 0xc7, 0xf8, 0xc7, 0xf8, 0xc7, 0xf8, 0xc7, 0xf8, 0xc7, 0xf8, 0xc7, 0xf8, 0xc7, 0xf8, 0xc7, 0xf8, 0xc7, 0xf8, 0xc7, 0xf8, 0xc7, 0xf8, 0xc7, 0xf8, 0xc7, 0xf8, 0xc7, 0xf8, 0xc7, 0xf8, 0xc7, 0xf8, 0xc7, 0xf8, 0xc7, 0xf8, 0xc7, 0xf8, 0xcf, 0xf8, 0xcf, 0xf7, 0xc7, 0xf8, 0xc7, 0xf8, 0xc7, 0xf8, 0xc7, 0xf8, 0xbf, 0xf8, 0xc7, 0xf9, 0xc7, 0xf9, 0xc7, 0xf9, 0xc7, 0xf8, 0xc7, 0xf8, 0xc7, 0xf6, 0xcf, 0xf6, 0xdf, 0xf5, 0xdf, 0xb0, 0xe7, 0x4a, 0xef, 0x25, 0xff, 0x03, 0xff, 0x02, 0xff, 0x02, 0xff, 0x02, 0xff, 0x02, 0xff, 0x02, 0xff, 0x01, 0xff, 0x01, 0xff, 0x01, 0xff, 0x01, 0xff, 0x02, 0xff, 0x02, 0xff, 0x02, 0xff, 0x02, 0xff, 0x02, 0xff, 0x02, 0xff, 0x02, 0xff, 0x02, 0xff, 0x02, 0xff, 0x02, 0xff, 0x02, 0xff, 0x02, 0xff, 0x02, 0xff, 0x02, 0xff, 0x02, 0xff, 0x01, 0xff, 0x00, 0xff, 0x00, 0xff, 0x00, 0xff, 0x01, 0xff, 0x02, 0xff, 0x02, 0xff, 0x02, 0xff, 0x02, 0xff, 0x01, 0xff, 0x01, 0xff, 0x02, 0xf7, 0x04, 0xef, 0x48, 0xdf, 0xad, 0xd7, 0xf3, 0xcf, 0xf7, 0xc7, 0xf8, 0xbf, 0xf9, 0xbf, 0xf9, 0xbf, 0xf9, 0xc7, 0xf8, 0xc7, 0xf8, 0xcf, 0xf7, 0xcf, 0xf7, 
  0xc7, 0xf8, 0xc7, 0xf8, 0xc7, 0xf8, 0xc7, 0xf8, 0xc7, 0xf8, 0xc7, 0xf8, 0xc7, 0xf8, 0xc7, 0xf8, 0xc7, 0xf8, 0xc7, 0xf8, 0xc7, 0xf8, 0xc7, 0xf8, 0xc7, 0xf8, 0xc7, 0xf8, 0xc7, 0xf8, 0xc7, 0xf8, 0xc7, 0xf8, 0xc7, 0xf8, 0xc7, 0xf8, 0xc7, 0xf8, 0xc7, 0xf8, 0xc7, 0xf8, 0xc7, 0xf8, 0xc7, 0xf8, 0xc7, 0xf8, 0xc7, 0xf8, 0xc7, 0xf8, 0xc7, 0xf8, 0xc7, 0xf8, 0xc7, 0xf8, 0xc7, 0xf8, 0xc7, 0xf8, 0xc7, 0xf8, 0xc7, 0xf8, 0xc7, 0xf8, 0xc7, 0xf8, 0xc7, 0xf8, 0xc7, 0xf8, 0xc7, 0xf8, 0xc7, 0xf8, 0xc7, 0xf8, 0xc7, 0xf8, 0xc7, 0xf8, 0xc7, 0xf8, 0xc7, 0xf8, 0xc7, 0xf8, 0xc7, 0xf8, 0xc7, 0xf8, 0xc7, 0xf8, 0xc7, 0xf8, 0xc7, 0xf8, 0xcf, 0xf8, 0xcf, 0xf7, 0xcf, 0xf7, 0xc7, 0xf8, 0xc7, 0xf8, 0xc7, 0xf8, 0xbf, 0xf9, 0xbf, 0xf9, 0xc7, 0xf9, 0xc7, 0xf9, 0xc7, 0xf9, 0xc7, 0xf9, 0xc7, 0xf7, 0xc7, 0xf6, 0xcf, 0xf3, 0xdf, 0xaf, 0xe7, 0x49, 0xf7, 0x04, 0xff, 0x02, 0xff, 0x02, 0xfe, 0xe1, 0xfe, 0xe2, 0xfe, 0xe2, 0xfe, 0xe1, 0xff, 0x01, 0xff, 0x01, 0xff, 0x02, 0xff, 0x02, 0xff, 0x02, 0xff, 0x01, 0xff, 0x01, 0xff, 0x01, 0xff, 0x01, 0xff, 0x01, 0xff, 0x02, 0xff, 0x02, 0xff, 0x02, 0xff, 0x02, 0xff, 0x02, 0xff, 0x02, 0xff, 0x02, 0xff, 0x01, 0xff, 0x01, 0xff, 0x01, 0xff, 0x01, 0xff, 0x01, 0xff, 0x01, 0xff, 0x01, 0xff, 0x01, 0xff, 0x02, 0xff, 0x02, 0xff, 0x02, 0xff, 0x01, 0xff, 0x01, 0xff, 0x00, 0xff, 0x00, 0xff, 0x02, 0xef, 0x24, 0xe7, 0x68, 0xdf, 0xae, 0xd7, 0xf3, 0xcf, 0xf6, 0xc7, 0xf8, 0xbf, 0xf9, 0xbf, 0xf9, 0xc7, 0xf8, 0xc7, 0xf7, 0xc7, 0xf7, 0xcf, 0xf7, 
  0xc7, 0xf8, 0xc7, 0xf8, 0xc7, 0xf8, 0xc7, 0xf8, 0xc7, 0xf8, 0xc7, 0xf8, 0xc7, 0xf8, 0xc7, 0xf8, 0xc7, 0xf8, 0xc7, 0xf8, 0xc7, 0xf8, 0xc7, 0xf8, 0xc7, 0xf8, 0xc7, 0xf8, 0xc7, 0xf8, 0xc7, 0xf8, 0xc7, 0xf8, 0xc7, 0xf8, 0xc7, 0xf8, 0xc7, 0xf8, 0xc7, 0xf8, 0xc7, 0xf8, 0xc7, 0xf8, 0xc7, 0xf8, 0xc7, 0xf8, 0xc7, 0xf8, 0xc7, 0xf8, 0xc7, 0xf8, 0xc7, 0xf8, 0xc7, 0xf8, 0xc7, 0xf8, 0xc7, 0xf8, 0xc7, 0xf8, 0xc7, 0xf8, 0xc7, 0xf8, 0xc7, 0xf8, 0xc7, 0xf8, 0xc7, 0xf8, 0xc7, 0xf8, 0xc7, 0xf8, 0xc7, 0xf8, 0xc7, 0xf8, 0xc7, 0xf8, 0xc7, 0xf8, 0xc7, 0xf8, 0xc7, 0xf8, 0xc7, 0xf8, 0xc7, 0xf8, 0xc7, 0xf8, 0xc7, 0xf8, 0xc7, 0xf8, 0xcf, 0xf8, 0xcf, 0xf7, 0xcf, 0xf8, 0xc7, 0xf8, 0xc7, 0xf8, 0xc7, 0xf9, 0xbf, 0xf9, 0xbf, 0xf9, 0xbf, 0xf9, 0xc7, 0xf9, 0xc7, 0xf8, 0xc7, 0xf8, 0xcf, 0xf6, 0xd7, 0xf4, 0xdf, 0xcf, 0xe7, 0x48, 0xf7, 0x03, 0xfe, 0xe1, 0xfe, 0xe1, 0xfe, 0xe2, 0xfe, 0xe2, 0xfe, 0xe2, 0xfe, 0xe1, 0xfe, 0xe1, 0xfe, 0xe1, 0xff, 0x01, 0xff, 0x02, 0xff, 0x03, 0xff, 0x03, 0xff, 0x02, 0xff, 0x01, 0xff, 0x01, 0xff, 0x01, 0xff, 0x01, 0xff, 0x02, 0xff, 0x02, 0xff, 0x02, 0xff, 0x02, 0xff, 0x02, 0xff, 0x02, 0xff, 0x01, 0xff, 0x01, 0xff, 0x01, 0xff, 0x01, 0xfe, 0xe1, 0xfe, 0xe2, 0xfe, 0xe2, 0xfe, 0xe2, 0xff, 0x02, 0xff, 0x01, 0xff, 0x01, 0xff, 0x01, 0xfe, 0xe1, 0xfe, 0xe1, 0xfe, 0xe1, 0xfe, 0xe1, 0xff, 0x01, 0xf7, 0x03, 0xef, 0x04, 0xef, 0x46, 0xe7, 0xab, 0xdf, 0xf3, 0xcf, 0xf7, 0xc7, 0xf8, 0xc7, 0xf9, 0xc7, 0xf8, 0xc7, 0xf7, 0xc7, 0xf7, 0xcf, 0xf6, 
  0xc7, 0xf8, 0xc7, 0xf8, 0xc7, 0xf8, 0xc7, 0xf8, 0xc7, 0xf8, 0xc7, 0xf8, 0xc7, 0xf8, 0xc7, 0xf8, 0xc7, 0xf8, 0xc7, 0xf8, 0xc7, 0xf8, 0xc7, 0xf8, 0xc7, 0xf8, 0xc7, 0xf8, 0xc7, 0xf8, 0xc7, 0xf8, 0xc7, 0xf8, 0xc7, 0xf8, 0xc7, 0xf8, 0xc7, 0xf8, 0xc7, 0xf8, 0xc7, 0xf8, 0xc7, 0xf8, 0xc7, 0xf8, 0xc7, 0xf8, 0xc7, 0xf8, 0xc7, 0xf8, 0xc7, 0xf8, 0xc7, 0xf8, 0xc7, 0xf8, 0xc7, 0xf8, 0xc7, 0xf8, 0xc7, 0xf8, 0xc7, 0xf8, 0xc7, 0xf8, 0xc7, 0xf8, 0xc7, 0xf8, 0xc7, 0xf8, 0xc7, 0xf8, 0xc7, 0xf8, 0xc7, 0xf8, 0xc7, 0xf8, 0xc7, 0xf8, 0xc7, 0xf8, 0xc7, 0xf8, 0xc7, 0xf8, 0xc7, 0xf8, 0xc7, 0xf8, 0xc7, 0xf8, 0xc7, 0xf8, 0xc7, 0xf8, 0xc7, 0xf8, 0xcf, 0xf7, 0xc7, 0xf8, 0xc7, 0xf8, 0xc7, 0xf8, 0xc7, 0xf9, 0xc7, 0xf9, 0xbf, 0xf9, 0xbf, 0xf9, 0xc7, 0xf8, 0xcf, 0xf8, 0xcf, 0xf7, 0xd7, 0xf5, 0xe7, 0xb0, 0xe7, 0x6a, 0xef, 0x04, 0xfe, 0xe1, 0xfe, 0xe1, 0xfe, 0xe1, 0xfe, 0xc2, 0xfe, 0xe2, 0xfe, 0xe1, 0xfe, 0xe1, 0xfe, 0xe1, 0xfe, 0xe1, 0xfe, 0xe1, 0xff, 0x02, 0xff, 0x03, 0xff, 0x03, 0xfe, 0xe2, 0xfe, 0xe1, 0xfe, 0xe1, 0xfe, 0xe1, 0xfe, 0xe1, 0xfe, 0xe1, 0xfe, 0xe1, 0xfe, 0xe2, 0xff, 0x02, 0xff, 0x02, 0xff, 0x02, 0xff, 0x02, 0xff, 0x01, 0xfe, 0xe1, 0xfe, 0xe1, 0xfe, 0xe2, 0xfe, 0xc2, 0xfe, 0xc2, 0xfe, 0xe2, 0xff, 0x02, 0xff, 0x01, 0xff, 0x01, 0xfe, 0xe1, 0xfe, 0xe2, 0xfe, 0xc1, 0xfe, 0xe1, 0xff, 0x01, 0xff, 0x02, 0xff, 0x02, 0xf7, 0x02, 0xf7, 0x02, 0xef, 0x26, 0xe7, 0xae, 0xd7, 0xd4, 0xcf, 0xf7, 0xc7, 0xf8, 0xbf, 0xf8, 0xbf, 0xf7, 0xc7, 0xf7, 0xcf, 0xf6, 
  0xc7, 0xf8, 0xc7, 0xf8, 0xc7, 0xf8, 0xc7, 0xf8, 0xc7, 0xf8, 0xc7, 0xf8, 0xc7, 0xf8, 0xc7, 0xf8, 0xc7, 0xf8, 0xc7, 0xf8, 0xc7, 0xf8, 0xc7, 0xf8, 0xc7, 0xf8, 0xc7, 0xf8, 0xc7, 0xf8, 0xc7, 0xf8, 0xc7, 0xf8, 0xc7, 0xf8, 0xc7, 0xf8, 0xc7, 0xf8, 0xc7, 0xf8, 0xc7, 0xf8, 0xc7, 0xf8, 0xc7, 0xf8, 0xc7, 0xf8, 0xc7, 0xf8, 0xc7, 0xf8, 0xc7, 0xf8, 0xc7, 0xf8, 0xc7, 0xf8, 0xc7, 0xf8, 0xc7, 0xf8, 0xc7, 0xf8, 0xc7, 0xf8, 0xc7, 0xf8, 0xc7, 0xf8, 0xc7, 0xf8, 0xc7, 0xf8, 0xc7, 0xf8, 0xc7, 0xf8, 0xc7, 0xf8, 0xc7, 0xf8, 0xc7, 0xf8, 0xc7, 0xf8, 0xc7, 0xf8, 0xc7, 0xf8, 0xc7, 0xf8, 0xc7, 0xf8, 0xc7, 0xf8, 0xc7, 0xf8, 0xc7, 0xf8, 0xc7, 0xf8, 0xc7, 0xf8, 0xc7, 0xf8, 0xc7, 0xf8, 0xc7, 0xf8, 0xbf, 0xf8, 0xbf, 0xf9, 0xc7, 0xf9, 0xc7, 0xf8, 0xcf, 0xf8, 0xd7, 0xf7, 0xd7, 0xf7, 0xe7, 0xd3, 0xf7, 0x2a, 0xfe, 0xe6, 0xfe, 0xe4, 0xff, 0x03, 0xff, 0x02, 0xff, 0x01, 0xff, 0x02, 0xff, 0x02, 0xff, 0x02, 0xff, 0x01, 0xff, 0x01, 0xfe, 0xe1, 0xfe, 0xe1, 0xfe, 0xe1, 0xff, 0x01, 0xff, 0x02, 0xfe, 0xe2, 0xfe, 0xe2, 0xfe, 0xe2, 0xfe, 0xe2, 0xfe, 0xe2, 0xfe, 0xe2, 0xfe, 0xe2, 0xfe, 0xe2, 0xfe, 0xe1, 0xfe, 0xe1, 0xfe, 0xe1, 0xfe, 0xe2, 0xfe, 0xe2, 0xfe, 0xe2, 0xfe, 0xe2, 0xfe, 0xe2, 0xfe, 0xe2, 0xfe, 0xe2, 0xfe, 0xe2, 0xfe, 0xe1, 0xfe, 0xe2, 0xfe, 0xe2, 0xfe, 0xe2, 0xfe, 0xe2, 0xfe, 0xc1, 0xfe, 0xe2, 0xfe, 0xe2, 0xfe, 0xe2, 0xfe, 0xe2, 0xfe, 0xe2, 0xfe, 0xe2, 0xf6, 0xe4, 0xe7, 0x2a, 0xe7, 0xaf, 0xdf, 0xf5, 0xcf, 0xf7, 0xc7, 0xf8, 0xbf, 0xf8, 0xc7, 0xf7, 0xc7, 0xf6, 
  0xc7, 0xf8, 0xc7, 0xf8, 0xc7, 0xf8, 0xc7, 0xf8, 0xc7, 0xf8, 0xc7, 0xf8, 0xc7, 0xf8, 0xc7, 0xf8, 0xc7, 0xf8, 0xc7, 0xf8, 0xc7, 0xf8, 0xc7, 0xf8, 0xc7, 0xf8, 0xc7, 0xf8, 0xc7, 0xf8, 0xc7, 0xf8, 0xc7, 0xf8, 0xc7, 0xf8, 0xc7, 0xf8, 0xc7, 0xf8, 0xc7, 0xf8, 0xc7, 0xf8, 0xc7, 0xf8, 0xc7, 0xf8, 0xc7, 0xf8, 0xc7, 0xf8, 0xc7, 0xf8, 0xc7, 0xf8, 0xc7, 0xf8, 0xc7, 0xf8, 0xc7, 0xf8, 0xc7, 0xf8, 0xc7, 0xf8, 0xc7, 0xf8, 0xc7, 0xf8, 0xc7, 0xf8, 0xc7, 0xf8, 0xc7, 0xf8, 0xc7, 0xf8, 0xc7, 0xf8, 0xc7, 0xf8, 0xc7, 0xf8, 0xc7, 0xf8, 0xc7, 0xf8, 0xc7, 0xf8, 0xc7, 0xf8, 0xc7, 0xf8, 0xc7, 0xf8, 0xc7, 0xf8, 0xc7, 0xf8, 0xc7, 0xf8, 0xc7, 0xf8, 0xc7, 0xf8, 0xc7, 0xf8, 0xc7, 0xf8, 0xc7, 0xf8, 0xbf, 0xf8, 0xbf, 0xf9, 0xc7, 0xf8, 0xc7, 0xf8, 0xcf, 0xf7, 0xd7, 0xd6, 0xd7, 0xb4, 0xdf, 0x50, 0xf6, 0xc8, 0xfe, 0xa5, 0xf6, 0xc5, 0xf6, 0xe5, 0xf6, 0xe4, 0xf6, 0xe3, 0xfe, 0xe3, 0xff, 0x03, 0xff, 0x03, 0xff, 0x02, 0xff, 0x02, 0xff, 0x01, 0xfe, 0xe1, 0xfe, 0xe1, 0xfe, 0xe1, 0xfe, 0xe1, 0xfe, 0xe2, 0xfe, 0xe2, 0xfe, 0xe2, 0xfe, 0xe2, 0xfe, 0xe2, 0xfe, 0xe2, 0xfe, 0xe1, 0xfe, 0xe1, 0xfe, 0xe1, 0xfe, 0xe1, 0xfe, 0xe1, 0xfe, 0xe2, 0xfe, 0xe2, 0xfe, 0xe2, 0xfe, 0xe2, 0xfe, 0xe2, 0xfe, 0xe2, 0xff, 0x02, 0xfe, 0xe1, 0xfe, 0xe2, 0xfe, 0xe2, 0xfe, 0xe2, 0xfe, 0xe2, 0xfe, 0xe2, 0xfe, 0xe2, 0xff, 0x02, 0xff, 0x02, 0xfe, 0xc2, 0xfe, 0xe2, 0xfe, 0xe2, 0xfe, 0xe2, 0xfe, 0xc3, 0xf6, 0xe6, 0xef, 0x6b, 0xe7, 0xd2, 0xcf, 0xd6, 0xc7, 0xf8, 0xbf, 0xf8, 0xc7, 0xf7, 0xc7, 0xf6, 
  0xc7, 0xf8, 0xc7, 0xf8, 0xc7, 0xf8, 0xc7, 0xf8, 0xc7, 0xf8, 0xc7, 0xf8, 0xc7, 0xf8, 0xc7, 0xf8, 0xc7, 0xf8, 0xc7, 0xf8, 0xc7, 0xf8, 0xc7, 0xf8, 0xc7, 0xf8, 0xc7, 0xf8, 0xc7, 0xf8, 0xc7, 0xf8, 0xc7, 0xf8, 0xc7, 0xf8, 0xc7, 0xf8, 0xc7, 0xf8, 0xc7, 0xf8, 0xc7, 0xf8, 0xc7, 0xf8, 0xc7, 0xf8, 0xc7, 0xf8, 0xc7, 0xf8, 0xc7, 0xf8, 0xc7, 0xf8, 0xc7, 0xf8, 0xc7, 0xf8, 0xc7, 0xf8, 0xc7, 0xf8, 0xc7, 0xf8, 0xc7, 0xf8, 0xc7, 0xf8, 0xc7, 0xf8, 0xc7, 0xf8, 0xc7, 0xf8, 0xc7, 0xf8, 0xc7, 0xf8, 0xc7, 0xf8, 0xc7, 0xf8, 0xc7, 0xf8, 0xc7, 0xf8, 0xc7, 0xf8, 0xc7, 0xf8, 0xc7, 0xf8, 0xc7, 0xf8, 0xc7, 0xf8, 0xc7, 0xf8, 0xc7, 0xf8, 0xc7, 0xf8, 0xc7, 0xf8, 0xc7, 0xf8, 0xc7, 0xf8, 0xc7, 0xf8, 0xc7, 0xf8, 0xc7, 0xf9, 0xc7, 0xf8, 0xcf, 0xf7, 0xd7, 0xf6, 0xdf, 0xd5, 0xd7, 0x93, 0xdf, 0x30, 0xee, 0xcb, 0xf6, 0xc9, 0xf6, 0xe9, 0xf6, 0xe8, 0xf6, 0xe8, 0xf6, 0xe7, 0xfe, 0xc6, 0xfe, 0xe5, 0xfe, 0xe4, 0xfe, 0xe3, 0xff, 0x02, 0xff, 0x01, 0xfe, 0xe1, 0xfe, 0xe1, 0xfe, 0xc2, 0xfe, 0xc2, 0xfe, 0xe2, 0xfe, 0xe2, 0xfe, 0xe2, 0xfe, 0xe2, 0xfe, 0xe2, 0xfe, 0xe2, 0xfe, 0xe2, 0xfe, 0xe1, 0xfe, 0xe1, 0xfe, 0xe1, 0xfe, 0xe1, 0xfe, 0xe1, 0xfe, 0xe1, 0xfe, 0xe1, 0xfe, 0xe1, 0xfe, 0xe1, 0xff, 0x01, 0xfe, 0xe1, 0xfe, 0xe2, 0xfe, 0xe2, 0xfe, 0xe2, 0xfe, 0xe2, 0xfe, 0xe2, 0xff, 0x01, 0xff, 0x02, 0xff, 0x02, 0xff, 0x02, 0xfe, 0xe2, 0xfe, 0xe2, 0xfe, 0xe2, 0xfe, 0xe1, 0xfe, 0xe2, 0xfe, 0xe3, 0xf7, 0x27, 0xe7, 0x6f, 0xd7, 0xd5, 0xc7, 0xf8, 0xbf, 0xf9, 0xbf, 0xf7, 0xbf, 0xf7, 
  0xc7, 0xf8, 0xc7, 0xf8, 0xc7, 0xf8, 0xc7, 0xf8, 0xc7, 0xf8, 0xc7, 0xf8, 0xc7, 0xf8, 0xc7, 0xf8, 0xc7, 0xf8, 0xc7, 0xf8, 0xc7, 0xf8, 0xc7, 0xf8, 0xc7, 0xf8, 0xc7, 0xf8, 0xc7, 0xf8, 0xc7, 0xf8, 0xc7, 0xf8, 0xc7, 0xf8, 0xc7, 0xf8, 0xc7, 0xf8, 0xc7, 0xf8, 0xc7, 0xf8, 0xc7, 0xf8, 0xc7, 0xf8, 0xc7, 0xf8, 0xc7, 0xf8, 0xc7, 0xf8, 0xc7, 0xf8, 0xc7, 0xf8, 0xc7, 0xf8, 0xc7, 0xf8, 0xc7, 0xf8, 0xc7, 0xf8, 0xc7, 0xf8, 0xc7, 0xf8, 0xc7, 0xf8, 0xc7, 0xf8, 0xc7, 0xf8, 0xc7, 0xf8, 0xc7, 0xf8, 0xc7, 0xf8, 0xc7, 0xf8, 0xc7, 0xf8, 0xc7, 0xf8, 0xc7, 0xf8, 0xc7, 0xf8, 0xc7, 0xf8, 0xc7, 0xf8, 0xc7, 0xf8, 0xc7, 0xf8, 0xc7, 0xf8, 0xc7, 0xf8, 0xcf, 0xf8, 0xcf, 0xf8, 0xcf, 0xf8, 0xc7, 0xf9, 0xc7, 0xf9, 0xcf, 0xf9, 0xcf, 0xf9, 0xd7, 0xd8, 0xdf, 0xd7, 0xe7, 0xf7, 0xef, 0xb5, 0xef, 0x72, 0xff, 0x91, 0xff, 0x70, 0xff, 0x6f, 0xff, 0x6f, 0xff, 0x8f, 0xff, 0x6e, 0xff, 0x4d, 0xff, 0x2b, 0xfe, 0xc9, 0xfe, 0xe7, 0xfe, 0xe5, 0xfe, 0xe4, 0xfe, 0xe3, 0xfe, 0xe2, 0xfe, 0xc3, 0xfe, 0xc2, 0xfe, 0xe1, 0xfe, 0xe1, 0xfe, 0xe1, 0xfe, 0xe1, 0xfe, 0xe1, 0xfe, 0xe1, 0xfe, 0xe1, 0xfe, 0xe1, 0xfe, 0xe1, 0xfe, 0xe2, 0xfe, 0xe2, 0xfe, 0xe1, 0xfe, 0xe1, 0xff, 0x01, 0xff, 0x01, 0xff, 0x01, 0xfe, 0xe1, 0xfe, 0xe1, 0xfe, 0xe2, 0xfe, 0xc2, 0xfe, 0xe2, 0xfe, 0xe1, 0xfe, 0xe1, 0xff, 0x01, 0xff, 0x01, 0xff, 0x01, 0xff, 0x02, 0xff, 0x02, 0xff, 0x02, 0xfe, 0xc1, 0xfe, 0xc1, 0xfe, 0xe1, 0xfe, 0xe2, 0xf6, 0xe4, 0xef, 0x0b, 0xe7, 0xb2, 0xcf, 0xf7, 0xbf, 0xf8, 0xbf, 0xf7, 0xbf, 0xf7, 
  0xc7, 0xf8, 0xc7, 0xf8, 0xc7, 0xf8, 0xc7, 0xf8, 0xc7, 0xf8, 0xc7, 0xf8, 0xc7, 0xf8, 0xc7, 0xf8, 0xc7, 0xf8, 0xc7, 0xf8, 0xc7, 0xf8, 0xc7, 0xf8, 0xc7, 0xf8, 0xc7, 0xf8, 0xc7, 0xf8, 0xc7, 0xf8, 0xc7, 0xf8, 0xc7, 0xf8, 0xc7, 0xf8, 0xc7, 0xf8, 0xc7, 0xf8, 0xc7, 0xf8, 0xc7, 0xf8, 0xc7, 0xf8, 0xc7, 0xf8, 0xc7, 0xf8, 0xc7, 0xf8, 0xc7, 0xf8, 0xc7, 0xf8, 0xc7, 0xf8, 0xc7, 0xf8, 0xc7, 0xf8, 0xc7, 0xf8, 0xc7, 0xf8, 0xc7, 0xf8, 0xc7, 0xf8, 0xc7, 0xf8, 0xc7, 0xf9, 0xc7, 0xf9, 0xc7, 0xf8, 0xcf, 0xf9, 0xc7, 0xf8, 0xc7, 0xf8, 0xc7, 0xf8, 0xc7, 0xf8, 0xc7, 0xf8, 0xc7, 0xf8, 0xc7, 0xf8, 0xbf, 0xf7, 0xbf, 0xf7, 0xc7, 0xf8, 0xcf, 0xf9, 0xcf, 0xf9, 0xd7, 0xd9, 0xd7, 0xd9, 0xd7, 0xd9, 0xd7, 0xda, 0xd7, 0xdb, 0xdf, 0xdb, 0xe7, 0xdb, 0xef, 0xda, 0xef, 0xb8, 0xf7, 0x96, 0xf7, 0x75, 0xff, 0x74, 0xff, 0x74, 0xff, 0x74, 0xff, 0x74, 0xf7, 0x74, 0xf7, 0x74, 0xff, 0x74, 0xff, 0x74, 0xff, 0x73, 0xff, 0x71, 0xff, 0x4e, 0xff, 0x0a, 0xf6, 0xe7, 0xf6, 0xc4, 0xfe, 0xe3, 0xff, 0x02, 0xfe, 0xe1, 0xff, 0x01, 0xff, 0x01, 0xfe, 0xe1, 0xfe, 0xe1, 0xfe, 0xe1, 0xfe, 0xe1, 0xfe, 0xe1, 0xfe, 0xe1, 0xfe, 0xe2, 0xfe, 0xe2, 0xfe, 0xe2, 0xfe, 0xe1, 0xfe, 0xe1, 0xfe, 0xe1, 0xfe, 0xe1, 0xfe, 0xe1, 0xfe, 0xe1, 0xfe, 0xe2, 0xfe, 0xe2, 0xfe, 0xe2, 0xfe, 0xe1, 0xfe, 0xe1, 0xfe, 0xe1, 0xfe, 0xe1, 0xfe, 0xe1, 0xfe, 0xe2, 0xfe, 0xe2, 0xfe, 0xe2, 0xfe, 0xe1, 0xfe, 0xe1, 0xfe, 0xe1, 0xfe, 0xc1, 0xfe, 0xe3, 0xfe, 0xe6, 0xef, 0x2b, 0xdf, 0xf4, 0xbf, 0xf7, 0xc7, 0xf8, 0xbf, 0xf8, 
  0xc7, 0xf8, 0xc7, 0xf8, 0xc7, 0xf8, 0xc7, 0xf8, 0xc7, 0xf8, 0xc7, 0xf8, 0xc7, 0xf8, 0xc7, 0xf8, 0xc7, 0xf8, 0xc7, 0xf8, 0xc7, 0xf8, 0xc7, 0xf8, 0xc7, 0xf8, 0xc7, 0xf8, 0xc7, 0xf8, 0xc7, 0xf8, 0xc7, 0xf8, 0xc7, 0xf8, 0xc7, 0xf8, 0xc7, 0xf8, 0xc7, 0xf8, 0xc7, 0xf8, 0xc7, 0xf8, 0xc7, 0xf8, 0xc7, 0xf8, 0xc7, 0xf8, 0xc7, 0xf8, 0xc7, 0xf8, 0xc7, 0xf8, 0xc7, 0xf8, 0xc7, 0xf8, 0xc7, 0xf8, 0xc7, 0xf8, 0xc7, 0xf8, 0xc7, 0xf8, 0xc7, 0xf8, 0xc7, 0xf8, 0xc7, 0xf9, 0xc7, 0xf9, 0xc7, 0xf8, 0xcf, 0xf8, 0xc7, 0xf8, 0xc7, 0xf8, 0xc7, 0xf8, 0xc7, 0xf8, 0xc7, 0xf8, 0xc7, 0xf8, 0xc7, 0xf8, 0xc7, 0xf8, 0xc7, 0xf8, 0xc7, 0xf8, 0xcf, 0xd9, 0xcf, 0xd9, 0xd7, 0xda, 0xdf, 0xda, 0xdf, 0xdb, 0xdf, 0xdb, 0xdf, 0xbc, 0xe7, 0xbc, 0xef, 0xbc, 0xef, 0x9b, 0xf7, 0x79, 0xf7, 0x57, 0xf7, 0x56, 0xf7, 0x56, 0xf7, 0x56, 0xf7, 0x57, 0xf7, 0x77, 0xf7, 0x77, 0xf7, 0x77, 0xf7, 0x58, 0xf7, 0x57, 0xf7, 0x57, 0xff, 0x56, 0xff, 0x74, 0xff, 0x71, 0xff, 0x4e, 0xff, 0x2b, 0xf6, 0xe7, 0xf6, 0xc5, 0xfe, 0xc3, 0xfe, 0xc2, 0xfe, 0xe1, 0xff, 0x01, 0xfe, 0xe1, 0xfe, 0xc1, 0xfe, 0xc1, 0xfe, 0xe1, 0xfe, 0xe2, 0xfe, 0xe2, 0xfe, 0xe2, 0xfe, 0xe2, 0xfe, 0xe1, 0xfe, 0xe1, 0xfe, 0xe1, 0xfe, 0xe1, 0xfe, 0xe1, 0xfe, 0xe1, 0xfe, 0xe1, 0xfe, 0xe1, 0xfe, 0xe1, 0xfe, 0xe1, 0xfe, 0xe1, 0xfe, 0xe1, 0xfe, 0xe1, 0xfe, 0xe1, 0xfe, 0xe1, 0xfe, 0xe1, 0xfe, 0xe1, 0xfe, 0xe1, 0xfe, 0xe1, 0xfe, 0xe1, 0xfe, 0xe1, 0xfe, 0xe2, 0xfe, 0xc3, 0xf7, 0x08, 0xdf, 0xf1, 0xc7, 0xf5, 0xc7, 0xf8, 0xc7, 0xf9, 
  0xc7, 0xf8, 0xc7, 0xf8, 0xc7, 0xf8, 0xc7, 0xf8, 0xc7, 0xf8, 0xc7, 0xf8, 0xc7, 0xf8, 0xc7, 0xf8, 0xc7, 0xf8, 0xc7, 0xf8, 0xc7, 0xf8, 0xc7, 0xf8, 0xc7, 0xf8, 0xc7, 0xf8, 0xc7, 0xf8, 0xc7, 0xf8, 0xc7, 0xf8, 0xc7, 0xf8, 0xc7, 0xf8, 0xc7, 0xf8, 0xc7, 0xf8, 0xc7, 0xf8, 0xc7, 0xf8, 0xc7, 0xf8, 0xc7, 0xf8, 0xc7, 0xf8, 0xc7, 0xf8, 0xc7, 0xf8, 0xc7, 0xf8, 0xc7, 0xf8, 0xc7, 0xf8, 0xc7, 0xf8, 0xc7, 0xf8, 0xc7, 0xf8, 0xc7, 0xf8, 0xc7, 0xf8, 0xc7, 0xf8, 0xc7, 0xf8, 0xc7, 0xf8, 0xc7, 0xf8, 0xc7, 0xf8, 0xc7, 0xf8, 0xc7, 0xf8, 0xc7, 0xf8, 0xc7, 0xf8, 0xc7, 0xf8, 0xc7, 0xf8, 0xc7, 0xf8, 0xc7, 0xf8, 0xc7, 0xf8, 0xcf, 0xd9, 0xcf, 0xd9, 0xd7, 0xda, 0xdf, 0xda, 0xe7, 0xdb, 0xe7, 0xfb, 0xe7, 0xdc, 0xe7, 0xbc, 0xe7, 0xbc, 0xef, 0x9c, 0xef, 0x9b, 0xf7, 0x79, 0xf7, 0x57, 0xf7, 0x56, 0xf7, 0x57, 0xff, 0x57, 0xf7, 0x57, 0xf7, 0x57, 0xf7, 0x77, 0xf7, 0x77, 0xf7, 0x58, 0xf7, 0x58, 0xf7, 0x58, 0xf7, 0x58, 0xff, 0x37, 0xff, 0x56, 0xff, 0x55, 0xff, 0x53, 0xff, 0x11, 0xfe, 0xee, 0xfe, 0xca, 0xf6, 0xa6, 0xfe, 0xc2, 0xfe, 0xe2, 0xfe, 0xe2, 0xfe, 0xc1, 0xfe, 0xc1, 0xfe, 0xc1, 0xfe, 0xc1, 0xfe, 0xe1, 0xfe, 0xe1, 0xfe, 0xe1, 0xfe, 0xc2, 0xfe, 0xc2, 0xfe, 0xe1, 0xfe, 0xe1, 0xfe, 0xe1, 0xfe, 0xe1, 0xfe, 0xe1, 0xfe, 0xe1, 0xfe, 0xe1, 0xfe, 0xe1, 0xfe, 0xe1, 0xfe, 0xe1, 0xfe, 0xe1, 0xfe, 0xe1, 0xfe, 0xe1, 0xfe, 0xe1, 0xfe, 0xe1, 0xfe, 0xe1, 0xfe, 0xe1, 0xfe, 0xe1, 0xfe, 0xe1, 0xfe, 0xe2, 0xfe, 0xc3, 0xf6, 0xe6, 0xdf, 0x8d, 0xd7, 0xf4, 0xc7, 0xf7, 0xc7, 0xf9, 
  0xc7, 0xf8, 0xc7, 0xf8, 0xc7, 0xf8, 0xc7, 0xf8, 0xc7, 0xf8, 0xc7, 0xf8, 0xc7, 0xf8, 0xc7, 0xf8, 0xc7, 0xf8, 0xc7, 0xf8, 0xc7, 0xf8, 0xc7, 0xf8, 0xc7, 0xf8, 0xc7, 0xf8, 0xc7, 0xf8, 0xc7, 0xf8, 0xc7, 0xf8, 0xc7, 0xf8, 0xc7, 0xf8, 0xc7, 0xf8, 0xc7, 0xf8, 0xc7, 0xf8, 0xc7, 0xf8, 0xc7, 0xf8, 0xc7, 0xf8, 0xc7, 0xf8, 0xc7, 0xf8, 0xc7, 0xf8, 0xc7, 0xf8, 0xc7, 0xf8, 0xc7, 0xf8, 0xc7, 0xf8, 0xc7, 0xf8, 0xc7, 0xf8, 0xc7, 0xf8, 0xc7, 0xf8, 0xc7, 0xf8, 0xc7, 0xf8, 0xc7, 0xf8, 0xc7, 0xf8, 0xc7, 0xf8, 0xc7, 0xf7, 0xc7, 0xf7, 0xc7, 0xf8, 0xc7, 0xf8, 0xc7, 0xf8, 0xc7, 0xf8, 0xc7, 0xf8, 0xc7, 0xf8, 0xcf, 0xf9, 0xd7, 0xda, 0xd7, 0xdb, 0xdf, 0xdb, 0xe7, 0xdb, 0xe7, 0xdb, 0xe7, 0xbc, 0xe7, 0xbc, 0xe7, 0xbc, 0xe7, 0x9c, 0xef, 0x9c, 0xef, 0x7a, 0xf7, 0x59, 0xf7, 0x57, 0xff, 0x57, 0xff, 0x57, 0xff, 0x57, 0xf7, 0x57, 0xf7, 0x57, 0xf7, 0x77, 0xf7, 0x77, 0xf7, 0x77, 0xf7, 0x58, 0xf7, 0x78, 0xf7, 0x58, 0xf7, 0x18, 0xf7, 0x17, 0xff, 0x37, 0xff, 0x57, 0xff, 0x56, 0xff, 0x54, 0xff, 0x50, 0xfe, 0xeb, 0xf6, 0xc6, 0xfe, 0xc4, 0xfe, 0xe3, 0xfe, 0xc2, 0xfe, 0xc2, 0xfe, 0xc1, 0xfe, 0xc1, 0xfe, 0xe1, 0xfe, 0xe1, 0xfe, 0xe1, 0xfe, 0xc2, 0xfe, 0xc2, 0xfe, 0xc1, 0xfe, 0xc1, 0xfe, 0xc1, 0xfe, 0xe1, 0xfe, 0xe1, 0xfe, 0xe1, 0xfe, 0xe1, 0xfe, 0xe1, 0xfe, 0xe1, 0xfe, 0xe1, 0xfe, 0xe1, 0xfe, 0xe1, 0xfe, 0xe1, 0xfe, 0xe1, 0xfe, 0xe1, 0xfe, 0xe1, 0xfe, 0xe1, 0xfe, 0xe1, 0xfe, 0xe2, 0xfe, 0xe2, 0xfe, 0xc2, 0xf6, 0xc5, 0xdf, 0x2a, 0xdf, 0xf2, 0xcf, 0xf6, 0xc7, 0xf9, 
  0xc7, 0xf8, 0xc7, 0xf8, 0xc7, 0xf8, 0xc7, 0xf8, 0xc7, 0xf8, 0xc7, 0xf8, 0xc7, 0xf8, 0xc7, 0xf8, 0xc7, 0xf8, 0xc7, 0xf8, 0xc7, 0xf8, 0xc7, 0xf8, 0xc7, 0xf8, 0xc7, 0xf8, 0xc7, 0xf8, 0xc7, 0xf8, 0xc7, 0xf8, 0xcf, 0xf9, 0xc7, 0xf8, 0xc7, 0xf8, 0xc7, 0xf8, 0xc7, 0xf8, 0xc7, 0xf8, 0xc7, 0xf8, 0xc7, 0xf8, 0xc7, 0xf8, 0xc7, 0xf8, 0xc7, 0xf8, 0xc7, 0xf8, 0xc7, 0xf8, 0xc7, 0xf8, 0xc7, 0xf8, 0xc7, 0xf8, 0xc7, 0xf8, 0xc7, 0xf8, 0xc7, 0xf8, 0xc7, 0xf8, 0xc7, 0xf8, 0xc7, 0xf8, 0xc7, 0xf8, 0xc7, 0xf7, 0xc7, 0xf7, 0xc7, 0xf7, 0xc7, 0xf7, 0xc7, 0xf8, 0xc7, 0xf8, 0xc7, 0xf8, 0xcf, 0xf9, 0xcf, 0xd9, 0xd7, 0xda, 0xdf, 0xdb, 0xdf, 0xdc, 0xe7, 0xdc, 0xe7, 0xdc, 0xe7, 0xbc, 0xe7, 0xbc, 0xe7, 0xbc, 0xe7, 0x9c, 0xef, 0x9c, 0xef, 0x7b, 0xef, 0x5a, 0xf7, 0x59, 0xff, 0x57, 0xff, 0x57, 0xff, 0x58, 0xff, 0x58, 0xf7, 0x58, 0xf7, 0x57, 0xf7, 0x77, 0xf7, 0x76, 0xf7, 0x76, 0xf7, 0x77, 0xf7, 0x77, 0xf7, 0x57, 0xf7, 0x57, 0xf7, 0x57, 0xf7, 0x57, 0xf7, 0x57, 0xff, 0x56, 0xff, 0x55, 0xff, 0x93, 0xff, 0x50, 0xff, 0x0d, 0xfe, 0xc8, 0xfe, 0xc4, 0xfe, 0xc2, 0xfe, 0xc2, 0xfe, 0xc2, 0xfe, 0xe1, 0xfe, 0xe1, 0xfe, 0xe1, 0xfe, 0xe1, 0xfe, 0xe2, 0xfe, 0xc2, 0xfe, 0xc2, 0xfe, 0xc2, 0xfe, 0xc1, 0xfe, 0xc1, 0xfe, 0xc1, 0xfe, 0xc1, 0xfe, 0xc1, 0xfe, 0xc1, 0xfe, 0xc1, 0xfe, 0xc1, 0xfe, 0xc1, 0xfe, 0xc1, 0xfe, 0xc1, 0xfe, 0xc1, 0xfe, 0xc1, 0xfe, 0xc1, 0xfe, 0xc1, 0xfe, 0xe1, 0xfe, 0xe2, 0xfe, 0xc2, 0xfe, 0xc2, 0xf6, 0xc3, 0xe7, 0x07, 0xe7, 0xcf, 0xcf, 0xf5, 0xc7, 0xf9, 
  0xc7, 0xf8, 0xc7, 0xf8, 0xc7, 0xf8, 0xc7, 0xf8, 0xc7, 0xf8, 0xc7, 0xf8, 0xc7, 0xf8, 0xc7, 0xf8, 0xc7, 0xf8, 0xc7, 0xf8, 0xc7, 0xf8, 0xc7, 0xf8, 0xc7, 0xf8, 0xc7, 0xf8, 0xc7, 0xf8, 0xc7, 0xf8, 0xc7, 0xf8, 0xcf, 0xf9, 0xc7, 0xf8, 0xc7, 0xf8, 0xc7, 0xf8, 0xc7, 0xf8, 0xc7, 0xf8, 0xc7, 0xf8, 0xc7, 0xf8, 0xc7, 0xf8, 0xc7, 0xf8, 0xc7, 0xf8, 0xc7, 0xf8, 0xc7, 0xf8, 0xc7, 0xf8, 0xc7, 0xf8, 0xc7, 0xf8, 0xc7, 0xf8, 0xc7, 0xf8, 0xc7, 0xf8, 0xc7, 0xf8, 0xc7, 0xf8, 0xc7, 0xf8, 0xc7, 0xf8, 0xc7, 0xf7, 0xc7, 0xf7, 0xc7, 0xf7, 0xc7, 0xf7, 0xc7, 0xf8, 0xc7, 0xf8, 0xcf, 0xf9, 0xcf, 0xf9, 0xd7, 0xda, 0xdf, 0xdb, 0xdf, 0xbc, 0xe7, 0xbc, 0xe7, 0xbc, 0xe7, 0xbc, 0xef, 0xbc, 0xef, 0xbc, 0xef, 0x9c, 0xef, 0x9c, 0xef, 0x9c, 0xef, 0x7b, 0xef, 0x5a, 0xf7, 0x58, 0xff, 0x57, 0xff, 0x57, 0xf7, 0x38, 0xf7, 0x58, 0xf7, 0x58, 0xf7, 0x57, 0xf7, 0x77, 0xf7, 0x76, 0xf7, 0x76, 0xf7, 0x76, 0xf7, 0x56, 0xf7, 0x77, 0xf7, 0x77, 0xf7, 0x77, 0xf7, 0x77, 0xf7, 0x57, 0xf7, 0x56, 0xf7, 0x56, 0xf7, 0x75, 0xff, 0x94, 0xff, 0x73, 0xff, 0x0e, 0xfe, 0xc7, 0xfe, 0xa3, 0xfe, 0xc2, 0xfe, 0xc2, 0xfe, 0xe1, 0xfe, 0xe1, 0xfe, 0xe1, 0xfe, 0xe1, 0xfe, 0xe1, 0xfe, 0xc1, 0xfe, 0xc2, 0xfe, 0xc2, 0xfe, 0xc2, 0xfe, 0xc1, 0xfe, 0xc1, 0xfe, 0xc1, 0xfe, 0xc1, 0xfe, 0xc1, 0xfe, 0xc1, 0xfe, 0xc1, 0xfe, 0xc1, 0xfe, 0xc1, 0xfe, 0xc1, 0xfe, 0xc1, 0xfe, 0xc1, 0xfe, 0xc1, 0xfe, 0xc1, 0xfe, 0xc1, 0xfe, 0xe2, 0xfe, 0xe2, 0xfe, 0xe2, 0xfe, 0xc2, 0xee, 0xe4, 0xef, 0x8c, 0xd7, 0xd4, 0xc7, 0xf8, 
  0xc7, 0xf8, 0xc7, 0xf8, 0xc7, 0xf8, 0xc7, 0xf8, 0xc7, 0xf8, 0xc7, 0xf8, 0xc7, 0xf8, 0xc7, 0xf8, 0xc7, 0xf8, 0xc7, 0xf8, 0xc7, 0xf8, 0xc7, 0xf8, 0xc7, 0xf8, 0xc7, 0xf8, 0xc7, 0xf8, 0xc7, 0xf8, 0xc7, 0xf8, 0xc7, 0xf8, 0xc7, 0xf8, 0xc7, 0xf8, 0xc7, 0xf8, 0xc7, 0xf8, 0xc7, 0xf8, 0xc7, 0xf8, 0xc7, 0xf8, 0xc7, 0xf8, 0xc7, 0xf8, 0xc7, 0xf8, 0xc7, 0xf8, 0xc7, 0xf8, 0xcf, 0xf8, 0xcf, 0xf8, 0xcf, 0xf8, 0xcf, 0xf8, 0xcf, 0xf9, 0xcf, 0xf8, 0xcf, 0xf8, 0xc7, 0xf8, 0xc7, 0xf8, 0xc7, 0xf8, 0xc7, 0xf7, 0xc7, 0xf7, 0xc7, 0xf8, 0xc7, 0xf8, 0xc7, 0xf8, 0xcf, 0xf9, 0xcf, 0xf9, 0xd7, 0xfa, 0xdf, 0xdb, 0xe7, 0xbc, 0xe7, 0xbc, 0xe7, 0xbc, 0xe7, 0x9c, 0xe7, 0x9c, 0xef, 0x9c, 0xef, 0xbd, 0xef, 0x9c, 0xef, 0x9c, 0xef, 0x9c, 0xef, 0x7b, 0xef, 0x59, 0xf7, 0x58, 0xff, 0x57, 0xff, 0x57, 0xf7, 0x57, 0xf7, 0x58, 0xf7, 0x57, 0xf7, 0x57, 0xf7, 0x57, 0xf7, 0x57, 0xf7, 0x56, 0xf7, 0x57, 0xf7, 0x57, 0xf7, 0x57, 0xf7, 0x57, 0xf7, 0x57, 0xf7, 0x77, 0xf7, 0x77, 0xf7, 0x77, 0xf7, 0x76, 0xef, 0x76, 0xf7, 0x76, 0xff, 0x76, 0xff, 0x53, 0xff, 0x0d, 0xfe, 0xc8, 0xfe, 0xc3, 0xfe, 0xc2, 0xfe, 0xc2, 0xfe, 0xc2, 0xfe, 0xe1, 0xfe, 0xe1, 0xfe, 0xe1, 0xfe, 0xc1, 0xfe, 0xc2, 0xfe, 0xc2, 0xfe, 0xc2, 0xfe, 0xc1, 0xfe, 0xc1, 0xfe, 0xc1, 0xfe, 0xc1, 0xfe, 0xc1, 0xfe, 0xc1, 0xfe, 0xc1, 0xfe, 0xc1, 0xfe, 0xc1, 0xfe, 0xc1, 0xfe, 0xc1, 0xfe, 0xc1, 0xfe, 0xc1, 0xfe, 0xc1, 0xfe, 0xc1, 0xfe, 0xe1, 0xfe, 0xe1, 0xfe, 0xe1, 0xfe, 0xc2, 0xfe, 0xc3, 0xef, 0x28, 0xdf, 0xd3, 0xcf, 0xf7, 
  0xc7, 0xf8, 0xc7, 0xf8, 0xc7, 0xf8, 0xc7, 0xf8, 0xc7, 0xf8, 0xc7, 0xf8, 0xc7, 0xf8, 0xc7, 0xf8, 0xc7, 0xf8, 0xc7, 0xf8, 0xc7, 0xf8, 0xc7, 0xf8, 0xc7, 0xf8, 0xc7, 0xf8, 0xc7, 0xf8, 0xc7, 0xf8, 0xc7, 0xf8, 0xc7, 0xf8, 0xc7, 0xf8, 0xc7, 0xf8, 0xc7, 0xf8, 0xc7, 0xf8, 0xc7, 0xf8, 0xc7, 0xf8, 0xc7, 0xf8, 0xc7, 0xf8, 0xc7, 0xf8, 0xcf, 0xf9, 0xcf, 0xf9, 0xcf, 0xf9, 0xcf, 0xd9, 0xcf, 0xd9, 0xcf, 0xd9, 0xcf, 0xd9, 0xcf, 0xd9, 0xcf, 0xd9, 0xcf, 0xf9, 0xcf, 0xf9, 0xcf, 0xf8, 0xc7, 0xf8, 0xc7, 0xf8, 0xc7, 0xf8, 0xc7, 0xf8, 0xcf, 0xf8, 0xcf, 0xf9, 0xcf, 0xd9, 0xd7, 0xfa, 0xdf, 0xfb, 0xe7, 0xbc, 0xe7, 0xbc, 0xe7, 0xbc, 0xe7, 0xbc, 0xef, 0x9d, 0xef, 0x9d, 0xef, 0x9d, 0xef, 0x9d, 0xef, 0x9c, 0xef, 0x9c, 0xef, 0x9b, 0xef, 0x7a, 0xef, 0x59, 0xf7, 0x58, 0xff, 0x57, 0xff, 0x57, 0xf7, 0x57, 0xf7, 0x57, 0xf7, 0x57, 0xf7, 0x57, 0xf7, 0x57, 0xf7, 0x57, 0xf7, 0x57, 0xf7, 0x57, 0xf7, 0x57, 0xf7, 0x58, 0xf7, 0x58, 0xf7, 0x57, 0xf7, 0x77, 0xf7, 0x77, 0xf7, 0x77, 0xef, 0x77, 0xf7, 0x97, 0xef, 0x57, 0xf7, 0x57, 0xff, 0x56, 0xff, 0x52, 0xff, 0x0d, 0xfe, 0xc6, 0xfe, 0xc3, 0xfe, 0xc3, 0xfe, 0xc2, 0xfe, 0xc1, 0xfe, 0xc1, 0xfe, 0xc0, 0xfe, 0xc1, 0xfe, 0xc2, 0xfe, 0xc2, 0xfe, 0xc2, 0xfe, 0xc1, 0xfe, 0xc1, 0xfe, 0xc1, 0xfe, 0xc1, 0xfe, 0xc1, 0xfe, 0xc1, 0xfe, 0xc1, 0xfe, 0xc1, 0xfe, 0xc1, 0xfe, 0xc1, 0xfe, 0xc1, 0xfe, 0xc1, 0xfe, 0xc1, 0xfe, 0xc1, 0xfe, 0xc1, 0xfe, 0xe1, 0xfe, 0xe1, 0xfe, 0xc1, 0xfe, 0xc1, 0xfe, 0xa1, 0xee, 0xe6, 0xe7, 0xd2, 0xcf, 0xf6, 
  0xc7, 0xf8, 0xc7, 0xf8, 0xc7, 0xf8, 0xc7, 0xf8, 0xc7, 0xf8, 0xc7, 0xf8, 0xc7, 0xf8, 0xc7, 0xf8, 0xc7, 0xf8, 0xc7, 0xf8, 0xc7, 0xf8, 0xc7, 0xf8, 0xc7, 0xf8, 0xc7, 0xf8, 0xc7, 0xf8, 0xc7, 0xf8, 0xc7, 0xf8, 0xc7, 0xf8, 0xc7, 0xf8, 0xc7, 0xf8, 0xc7, 0xf8, 0xc7, 0xf8, 0xc7, 0xf8, 0xc7, 0xf8, 0xcf, 0xf9, 0xcf, 0xf9, 0xcf, 0xd9, 0xcf, 0xd9, 0xd7, 0xda, 0xd7, 0xda, 0xd7, 0xda, 0xd7, 0xda, 0xd7, 0xda, 0xd7, 0xda, 0xd7, 0xda, 0xd7, 0xba, 0xd7, 0xd9, 0xcf, 0xd9, 0xcf, 0xd9, 0xcf, 0xd8, 0xcf, 0xf8, 0xcf, 0xf8, 0xcf, 0xf8, 0xcf, 0xd9, 0xd7, 0xd9, 0xd7, 0xda, 0xdf, 0xdb, 0xdf, 0xbb, 0xe7, 0xbc, 0xe7, 0x9c, 0xe7, 0x9c, 0xe7, 0x9c, 0xe7, 0x9c, 0xef, 0x9d, 0xef, 0x9d, 0xef, 0x9c, 0xef, 0x9c, 0xef, 0x9c, 0xef, 0x9b, 0xef, 0x7a, 0xef, 0x58, 0xf7, 0x57, 0xf7, 0x57, 0xf7, 0x57, 0xf7, 0x77, 0xf7, 0x77, 0xf7, 0x77, 0xf7, 0x77, 0xf7, 0x57, 0xf7, 0x57, 0xf7, 0x58, 0xff, 0x58, 0xf7, 0x58, 0xf7, 0x58, 0xf7, 0x58, 0xf7, 0x58, 0xf7, 0x58, 0xf7, 0x58, 0xf7, 0x77, 0xf7, 0x77, 0xef, 0x58, 0xf7, 0x78, 0xf7, 0x77, 0xf7, 0x56, 0xff, 0x56, 0xff, 0x53, 0xff, 0x2c, 0xf6, 0xc6, 0xfe, 0xa3, 0xfe, 0xe2, 0xfe, 0xa1, 0xfe, 0xe1, 0xfe, 0xc0, 0xfe, 0xc0, 0xfe, 0xe2, 0xfe, 0xa2, 0xfe, 0xa1, 0xfe, 0xc1, 0xfe, 0xc1, 0xfe, 0xc1, 0xfe, 0xc1, 0xfe, 0xc1, 0xfe, 0xc1, 0xfe, 0xc1, 0xfe, 0xc1, 0xfe, 0xc1, 0xfe, 0xc1, 0xfe, 0xc1, 0xfe, 0xc1, 0xfe, 0xc1, 0xfe, 0xc1, 0xfe, 0xc1, 0xfe, 0xc1, 0xfe, 0xc1, 0xfe, 0xa1, 0xfe, 0xc2, 0xfe, 0xa1, 0xf6, 0xc5, 0xdf, 0x6f, 0xd7, 0xf5, 
  0xc7, 0xf8, 0xc7, 0xf8, 0xc7, 0xf8, 0xc7, 0xf8, 0xc7, 0xf8, 0xc7, 0xf8, 0xc7, 0xf8, 0xc7, 0xf8, 0xc7, 0xf8, 0xc7, 0xf8, 0xc7, 0xf8, 0xc7, 0xf8, 0xc7, 0xf8, 0xc7, 0xf8, 0xc7, 0xf8, 0xc7, 0xf8, 0xc7, 0xf8, 0xc7, 0xf8, 0xc7, 0xf8, 0xc7, 0xf8, 0xc7, 0xf8, 0xc7, 0xf8, 0xcf, 0xf8, 0xcf, 0xf9, 0xcf, 0xd9, 0xcf, 0xd9, 0xd7, 0xda, 0xd7, 0xda, 0xdf, 0xdb, 0xdf, 0xdb, 0xdf, 0xdc, 0xe7, 0xfc, 0xdf, 0xdb, 0xdf, 0xdb, 0xdf, 0xdb, 0xdf, 0xdb, 0xdf, 0xdb, 0xdf, 0xfa, 0xd7, 0xfa, 0xd7, 0xfa, 0xcf, 0xd9, 0xcf, 0xd9, 0xcf, 0xd9, 0xd7, 0xd9, 0xdf, 0xda, 0xdf, 0xdb, 0xe7, 0xdc, 0xe7, 0xbc, 0xe7, 0x9c, 0xe7, 0x9c, 0xe7, 0x9c, 0xe7, 0x9c, 0xe7, 0x9c, 0xe7, 0x9c, 0xe7, 0x9d, 0xef, 0x9c, 0xef, 0x9c, 0xef, 0x9b, 0xef, 0x9a, 0xef, 0x79, 0xef, 0x78, 0xf7, 0x57, 0xf7, 0x77, 0xf7, 0x77, 0xf7, 0x77, 0xf7, 0x77, 0xf7, 0x57, 0xf7, 0x57, 0xf7, 0x57, 0xf7, 0x57, 0xf7, 0x58, 0xf7, 0x38, 0xf7, 0x38, 0xf7, 0x38, 0xf7, 0x38, 0xf7, 0x58, 0xf7, 0x58, 0xf7, 0x57, 0xf7, 0x57, 0xf7, 0x57, 0xf7, 0x58, 0xf7, 0x78, 0xf7, 0x77, 0xf7, 0x77, 0xf7, 0x57, 0xff, 0x56, 0xff, 0x31, 0xff, 0x0c, 0xfe, 0xc6, 0xfe, 0xa2, 0xfe, 0xc1, 0xfe, 0xc0, 0xfe, 0xc0, 0xfe, 0xc0, 0xfe, 0xc1, 0xfe, 0xc2, 0xfe, 0xc1, 0xfe, 0xc1, 0xfe, 0xc1, 0xfe, 0xc1, 0xfe, 0xc1, 0xfe, 0xc1, 0xfe, 0xc1, 0xfe, 0xc1, 0xfe, 0xc1, 0xfe, 0xc1, 0xfe, 0xc1, 0xfe, 0xc1, 0xfe, 0xc1, 0xfe, 0xc1, 0xfe, 0xc1, 0xfe, 0xc1, 0xfe, 0xc1, 0xfe, 0xc1, 0xfe, 0xa2, 0xfe, 0xa2, 0xfe, 0xa1, 0xfe, 0xc4, 0xe7, 0x6e, 0xdf, 0xf3, 
  0xc7, 0xf8, 0xc7, 0xf8, 0xc7, 0xf8, 0xc7, 0xf8, 0xc7, 0xf8, 0xc7, 0xf8, 0xc7, 0xf8, 0xc7, 0xf8, 0xc7, 0xf8, 0xc7, 0xf8, 0xc7, 0xf8, 0xc7, 0xf8, 0xc7, 0xf8, 0xc7, 0xf8, 0xc7, 0xf8, 0xc7, 0xf8, 0xc7, 0xf8, 0xc7, 0xf8, 0xc7, 0xf8, 0xc7, 0xf8, 0xcf, 0xf8, 0xcf, 0xf9, 0xcf, 0xd9, 0xcf, 0xd9, 0xd7, 0xfa, 0xdf, 0xdb, 0xdf, 0xdb, 0xdf, 0xdb, 0xe7, 0xdc, 0xe7, 0xbc, 0xe7, 0xdc, 0xe7, 0xdc, 0xe7, 0xbc, 0xe7, 0xdc, 0xe7, 0xdc, 0xe7, 0xdc, 0xe7, 0xdc, 0xe7, 0xdc, 0xdf, 0xfb, 0xdf, 0xfb, 0xdf, 0xdb, 0xd7, 0xda, 0xd7, 0xba, 0xdf, 0xba, 0xdf, 0xdb, 0xe7, 0xdc, 0xe7, 0xbc, 0xe7, 0xbc, 0xe7, 0x9c, 0xe7, 0x9c, 0xe7, 0x9c, 0xe7, 0x9c, 0xe7, 0x9c, 0xe7, 0x9c, 0xe7, 0x9c, 0xef, 0x9c, 0xef, 0x9c, 0xef, 0x9b, 0xef, 0x9a, 0xef, 0x78, 0xef, 0x57, 0xf7, 0x77, 0xf7, 0x77, 0xf7, 0x57, 0xf7, 0x57, 0xf7, 0x57, 0xf7, 0x57, 0xf7, 0x57, 0xf7, 0x57, 0xf7, 0x57, 0xf7, 0x57, 0xff, 0x57, 0xff, 0x57, 0xff, 0x57, 0xff, 0x57, 0xff, 0x57, 0xf7, 0x57, 0xf7, 0x56, 0xf7, 0x56, 0xf7, 0x57, 0xf7, 0x58, 0xf7, 0x58, 0xf7, 0x77, 0xf7, 0x77, 0xf7, 0x77, 0xf7, 0x57, 0xff, 0x56, 0xff, 0x52, 0xfe, 0xea, 0xf6, 0x63, 0xfe, 0xc2, 0xfe, 0xa0, 0xfe, 0xc0, 0xfe, 0xa1, 0xfe, 0xc1, 0xfe, 0xc1, 0xfe, 0xc1, 0xfe, 0xc1, 0xfe, 0xc1, 0xfe, 0xc1, 0xfe, 0xc1, 0xfe, 0xc1, 0xfe, 0xc1, 0xfe, 0xc1, 0xfe, 0xc1, 0xfe, 0xc1, 0xfe, 0xc1, 0xfe, 0xc1, 0xfe, 0xc1, 0xfe, 0xc1, 0xfe, 0xc1, 0xfe, 0xc1, 0xfe, 0xc1, 0xfe, 0xc1, 0xfe, 0xa2, 0xfe, 0xa2, 0xfe, 0xa1, 0xfe, 0xa4, 0xe7, 0x2c, 0xe7, 0xd2, 
  0xc7, 0xf8, 0xc7, 0xf8, 0xc7, 0xf8, 0xc7, 0xf8, 0xc7, 0xf8, 0xc7, 0xf8, 0xc7, 0xf8, 0xc7, 0xf8, 0xc7, 0xf8, 0xc7, 0xf8, 0xc7, 0xf8, 0xc7, 0xf8, 0xc7, 0xf8, 0xc7, 0xf8, 0xc7, 0xf8, 0xc7, 0xf8, 0xc7, 0xf8, 0xc7, 0xf8, 0xc7, 0xf8, 0xc7, 0xf8, 0xcf, 0xf9, 0xcf, 0xd9, 0xd7, 0xda, 0xdf, 0xdb, 0xdf, 0xfb, 0xe7, 0xdc, 0xe7, 0xbc, 0xe7, 0xbc, 0xe7, 0xbc, 0xe7, 0x9c, 0xe7, 0x9c, 0xe7, 0x9c, 0xe7, 0x9c, 0xe7, 0xbc, 0xe7, 0x9c, 0xe7, 0x9c, 0xe7, 0xbc, 0xe7, 0xbc, 0xe7, 0xbc, 0xdf, 0xdc, 0xdf, 0xdc, 0xdf, 0xdb, 0xdf, 0xbb, 0xdf, 0xbb, 0xe7, 0xbc, 0xe7, 0xbc, 0xe7, 0xbc, 0xe7, 0x9c, 0xef, 0x9c, 0xef, 0x9c, 0xe7, 0x9c, 0xe7, 0xbc, 0xe7, 0xbc, 0xe7, 0xbc, 0xe7, 0x9c, 0xef, 0x9c, 0xef, 0x9c, 0xef, 0x9b, 0xef, 0x99, 0xef, 0x78, 0xef, 0x57, 0xf7, 0x57, 0xf7, 0x57, 0xf7, 0x57, 0xf7, 0x57, 0xf7, 0x57, 0xf7, 0x57, 0xf7, 0x57, 0xf7, 0x57, 0xf7, 0x57, 0xf7, 0x57, 0xff, 0x57, 0xff, 0x57, 0xff, 0x56, 0xff, 0x57, 0xff, 0x57, 0xff, 0x57, 0xff, 0x57, 0xf7, 0x57, 0xf7, 0x57, 0xf7, 0x58, 0xf7, 0x58, 0xf7, 0x57, 0xf7, 0x77, 0xef, 0x77, 0xf7, 0x57, 0xff, 0x38, 0xff, 0x55, 0xff, 0x4f, 0xfe, 0xa7, 0xfe, 0xc3, 0xfe, 0xc1, 0xfe, 0xc1, 0xfe, 0xa1, 0xfe, 0xc1, 0xfe, 0xc1, 0xfe, 0xc1, 0xfe, 0xc1, 0xfe, 0xc1, 0xfe, 0xc1, 0xfe, 0xc1, 0xfe, 0xc1, 0xfe, 0xc1, 0xfe, 0xc1, 0xfe, 0xc1, 0xfe, 0xc1, 0xfe, 0xc1, 0xfe, 0xc1, 0xfe, 0xc1, 0xfe, 0xc1, 0xfe, 0xc1, 0xfe, 0xc1, 0xfe, 0xc1, 0xfe, 0xc1, 0xfe, 0xa2, 0xfe, 0xa2, 0xfe, 0xa1, 0xfe, 0xa4, 0xe7, 0x0b, 0xef, 0xd0, 
  0xc7, 0xf8, 0xc7, 0xf8, 0xc7, 0xf8, 0xc7, 0xf8, 0xc7, 0xf8, 0xc7, 0xf8, 0xc7, 0xf8, 0xc7, 0xf8, 0xc7, 0xf8, 0xc7, 0xf8, 0xc7, 0xf8, 0xc7, 0xf8, 0xc7, 0xf8, 0xc7, 0xf8, 0xc7, 0xf8, 0xc7, 0xf8, 0xc7, 0xf8, 0xc7, 0xf8, 0xc7, 0xf8, 0xcf, 0xf9, 0xcf, 0xd9, 0xd7, 0xda, 0xdf, 0xdb, 0xe7, 0xdc, 0xe7, 0xbc, 0xe7, 0x9c, 0xe7, 0x9c, 0xe7, 0x9c, 0xe7, 0x9c, 0xe7, 0x9c, 0xe7, 0x9c, 0xe7, 0x9c, 0xe7, 0x9c, 0xe7, 0x9c, 0xef, 0x9c, 0xe7, 0x9c, 0xe7, 0x9c, 0xe7, 0x9c, 0xe7, 0xbc, 0xe7, 0xbc, 0xe7, 0xbc, 0xe7, 0xdc, 0xe7, 0xdc, 0xe7, 0xbc, 0xe7, 0xbc, 0xe7, 0x9c, 0xef, 0x9c, 0xef, 0x9c, 0xef, 0x9d, 0xef, 0x9c, 0xe7, 0x9c, 0xe7, 0xbc, 0xe7, 0xbc, 0xe7, 0xbc, 0xe7, 0x9d, 0xef, 0x9c, 0xef, 0x9c, 0xef, 0x9b, 0xef, 0x79, 0xef, 0x78, 0xf7, 0x57, 0xf7, 0x57, 0xf7, 0x57, 0xf7, 0x57, 0xf7, 0x58, 0xf7, 0x58, 0xf7, 0x58, 0xf7, 0x58, 0xf7, 0x58, 0xf7, 0x57, 0xf7, 0x57, 0xf7, 0x57, 0xf7, 0x57, 0xf7, 0x57, 0xf7, 0x57, 0xf7, 0x57, 0xf7, 0x57, 0xf7, 0x38, 0xf7, 0x38, 0xf7, 0x38, 0xff, 0x58, 0xf7, 0x37, 0xf7, 0x57, 0xf7, 0x77, 0xf7, 0x77, 0xf7, 0x57, 0xf7, 0x38, 0xff, 0x37, 0xff, 0x54, 0xfe, 0xed, 0xf6, 0xa4, 0xfe, 0xe2, 0xfe, 0xc2, 0xfe, 0xa1, 0xfe, 0xc1, 0xfe, 0xa1, 0xfe, 0xc1, 0xfe, 0xc1, 0xfe, 0xc1, 0xfe, 0xc1, 0xfe, 0xc1, 0xfe, 0xc1, 0xfe, 0xc1, 0xfe, 0xc1, 0xfe, 0xc1, 0xfe, 0xc1, 0xfe, 0xc1, 0xfe, 0xc1, 0xfe, 0xc1, 0xfe, 0xc1, 0xfe, 0xc1, 0xfe, 0xc1, 0xfe, 0xc1, 0xfe, 0xc1, 0xfe, 0xc2, 0xfe, 0xa1, 0xfe, 0xc1, 0xf6, 0xc4, 0xe6, 0xea, 0xf7, 0xb0, 
  0xc7, 0xf8, 0xc7, 0xf8, 0xc7, 0xf8, 0xc7, 0xf8, 0xc7, 0xf8, 0xc7, 0xf8, 0xc7, 0xf8, 0xc7, 0xf8, 0xc7, 0xf8, 0xc7, 0xf8, 0xc7, 0xf8, 0xc7, 0xf8, 0xc7, 0xf8, 0xc7, 0xf8, 0xc7, 0xf8, 0xc7, 0xf8, 0xc7, 0xf8, 0xcf, 0xf8, 0xcf, 0xf9, 0xcf, 0xd9, 0xd7, 0xda, 0xdf, 0xdb, 0xe7, 0xdc, 0xe7, 0xbc, 0xe7, 0x9d, 0xef, 0x9d, 0xef, 0x9d, 0xef, 0x9d, 0xef, 0x9d, 0xef, 0x9d, 0xef, 0xbc, 0xef, 0xbc, 0xef, 0xbc, 0xef, 0x9c, 0xef, 0x9d, 0xef, 0x9d, 0xef, 0x9d, 0xef, 0x9d, 0xe7, 0x9d, 0xe7, 0x9d, 0xe7, 0x9c, 0xe7, 0xbc, 0xe7, 0xbc, 0xe7, 0xbc, 0xe7, 0x9c, 0xe7, 0x9c, 0xef, 0x9d, 0xef, 0x9d, 0xef, 0x9d, 0xef, 0x9c, 0xe7, 0x9c, 0xe7, 0xbc, 0xe7, 0xbc, 0xe7, 0xbc, 0xe7, 0x9d, 0xef, 0x9d, 0xef, 0x9c, 0xef, 0x9b, 0xef, 0x79, 0xef, 0x58, 0xf7, 0x57, 0xf7, 0x57, 0xf7, 0x58, 0xf7, 0x38, 0xf7, 0x58, 0xf7, 0x58, 0xf7, 0x58, 0xf7, 0x58, 0xf7, 0x58, 0xf7, 0x58, 0xf7, 0x58, 0xf7, 0x58, 0xf7, 0x57, 0xf7, 0x57, 0xf7, 0x57, 0xf7, 0x57, 0xf7, 0x58, 0xf7, 0x58, 0xf7, 0x38, 0xf7, 0x38, 0xff, 0x58, 0xf7, 0x37, 0xf7, 0x57, 0xf7, 0x57, 0xf7, 0x77, 0xf7, 0x77, 0xf7, 0x58, 0xff, 0x37, 0xff, 0x36, 0xff, 0x31, 0xf6, 0xa7, 0xfe, 0xc4, 0xfe, 0xa2, 0xfe, 0xc1, 0xfe, 0xc1, 0xfe, 0xa1, 0xfe, 0xc1, 0xfe, 0xc1, 0xfe, 0xc1, 0xfe, 0xc1, 0xfe, 0xc1, 0xfe, 0xc1, 0xfe, 0xc1, 0xfe, 0xc1, 0xfe, 0xc1, 0xfe, 0xc1, 0xfe, 0xc1, 0xfe, 0xc1, 0xfe, 0xc1, 0xfe, 0xc1, 0xfe, 0xc1, 0xfe, 0xc1, 0xfe, 0xa1, 0xfe, 0xa1, 0xfe, 0xc1, 0xfe, 0xa1, 0xfe, 0xc1, 0xf6, 0xc4, 0xe6, 0xc9, 0xff, 0xaf, 
  0xc7, 0xf8, 0xc7, 0xf8, 0xc7, 0xf8, 0xc7, 0xf8, 0xc7, 0xf8, 0xc7, 0xf8, 0xc7, 0xf8, 0xc7, 0xf8, 0xc7, 0xf8, 0xc7, 0xf8, 0xc7, 0xf8, 0xc7, 0xf8, 0xc7, 0xf8, 0xc7, 0xf8, 0xc7, 0xf8, 0xc7, 0xf8, 0xcf, 0xf8, 0xcf, 0xf9, 0xd7, 0xf9, 0xd7, 0xfa, 0xdf, 0xdb, 0xe7, 0xdc, 0xe7, 0xbc, 0xef, 0x9d, 0xef, 0x9d, 0xef, 0x9d, 0xef, 0x9d, 0xef, 0x9d, 0xef, 0x9d, 0xe7, 0x9c, 0xe7, 0xbc, 0xe7, 0xbc, 0xef, 0xbc, 0xef, 0x9c, 0xef, 0x9d, 0xef, 0x9d, 0xef, 0x9d, 0xef, 0x9d, 0xef, 0x9d, 0xef, 0x9d, 0xe7, 0x9d, 0xe7, 0x9d, 0xe7, 0xbd, 0xe7, 0xbd, 0xef, 0xbd, 0xef, 0x9d, 0xef, 0x9d, 0xef, 0x9d, 0xef, 0x9d, 0xef, 0x9d, 0xef, 0xbc, 0xe7, 0xbc, 0xe7, 0xbc, 0xe7, 0xbc, 0xe7, 0xbd, 0xef, 0x9d, 0xef, 0x9c, 0xef, 0x9b, 0xf7, 0x79, 0xf7, 0x58, 0xf7, 0x57, 0xf7, 0x58, 0xf7, 0x58, 0xf7, 0x38, 0xf7, 0x58, 0xf7, 0x57, 0xf7, 0x58, 0xf7, 0x58, 0xf7, 0x58, 0xf7, 0x58, 0xf7, 0x58, 0xf7, 0x58, 0xf7, 0x58, 0xf7, 0x57, 0xf7, 0x57, 0xf7, 0x57, 0xf7, 0x57, 0xf7, 0x57, 0xf7, 0x57, 0xf7, 0x58, 0xf7, 0x38, 0xff, 0x38, 0xf7, 0x56, 0xf7, 0x56, 0xf7, 0x77, 0xf7, 0x77, 0xf7, 0x58, 0xf7, 0x37, 0xff, 0x36, 0xff, 0x74, 0xfe, 0xed, 0xf6, 0xa7, 0xfe, 0xa2, 0xfe, 0xc0, 0xfe, 0xa0, 0xfe, 0xa1, 0xfe, 0xa1, 0xfe, 0xa1, 0xfe, 0xa1, 0xfe, 0xa1, 0xfe, 0xa1, 0xfe, 0xa1, 0xfe, 0xa1, 0xfe, 0xa1, 0xfe, 0xa1, 0xfe, 0xa1, 0xfe, 0xa1, 0xfe, 0xa1, 0xfe, 0xa1, 0xfe, 0xa1, 0xfe, 0xa1, 0xfe, 0xa1, 0xfe, 0xa1, 0xfe, 0xa1, 0xfe, 0xc1, 0xfe, 0xa0, 0xfe, 0xe1, 0xf6, 0xc4, 0xe6, 0xa8, 0xff, 0xae, 
  0xc7, 0xf8, 0xc7, 0xf8, 0xc7, 0xf8, 0xc7, 0xf8, 0xc7, 0xf8, 0xc7, 0xf8, 0xc7, 0xf8, 0xc7, 0xf8, 0xc7, 0xf8, 0xc7, 0xf8, 0xc7, 0xf8, 0xc7, 0xf8, 0xc7, 0xf8, 0xc7, 0xf8, 0xc7, 0xf8, 0xcf, 0xf8, 0xcf, 0xd9, 0xd7, 0xd9, 0xd7, 0xda, 0xdf, 0xfb, 0xe7, 0xdc, 0xe7, 0xdc, 0xe7, 0x9d, 0xef, 0x9d, 0xef, 0x9d, 0xef, 0x9d, 0xef, 0x9d, 0xef, 0x9d, 0xef, 0x9d, 0xef, 0xbc, 0xe7, 0xbc, 0xe7, 0xbc, 0xef, 0x9c, 0xef, 0x9c, 0xef, 0x9d, 0xef, 0x9d, 0xef, 0x9d, 0xef, 0x9d, 0xef, 0x9d, 0xef, 0x9d, 0xef, 0xbd, 0xef, 0x9d, 0xe7, 0xbd, 0xe7, 0xbd, 0xef, 0xbd, 0xef, 0xbd, 0xef, 0x9d, 0xef, 0x9c, 0xef, 0x9d, 0xef, 0x9d, 0xef, 0xbc, 0xe7, 0xbc, 0xe7, 0xbc, 0xe7, 0xbc, 0xe7, 0x9d, 0xef, 0x9d, 0xef, 0x9c, 0xef, 0x9b, 0xef, 0x79, 0xef, 0x58, 0xf7, 0x57, 0xf7, 0x58, 0xf7, 0x58, 0xf7, 0x38, 0xf7, 0x58, 0xf7, 0x57, 0xf7, 0x58, 0xf7, 0x58, 0xf7, 0x58, 0xf7, 0x58, 0xf7, 0x58, 0xf7, 0x58, 0xf7, 0x58, 0xf7, 0x58, 0xf7, 0x57, 0xf7, 0x57, 0xf7, 0x57, 0xf7, 0x57, 0xf7, 0x57, 0xf7, 0x58, 0xf7, 0x38, 0xff, 0x58, 0xff, 0x57, 0xf7, 0x56, 0xf7, 0x57, 0xf7, 0x57, 0xf7, 0x58, 0xf7, 0x37, 0xf7, 0x36, 0xff, 0x75, 0xff, 0x52, 0xee, 0x89, 0xfe, 0xc3, 0xfe, 0xc0, 0xfe, 0x80, 0xfe, 0xa1, 0xfe, 0xa1, 0xfe, 0xa1, 0xfe, 0xa1, 0xfe, 0xa1, 0xfe, 0xa1, 0xfe, 0xa1, 0xfe, 0xa1, 0xfe, 0xa1, 0xfe, 0xa1, 0xfe, 0xa1, 0xfe, 0xa1, 0xfe, 0xa1, 0xfe, 0xa1, 0xfe, 0xa1, 0xfe, 0xa1, 0xfe, 0xa1, 0xfe, 0xa1, 0xfe, 0xa1, 0xfe, 0xc0, 0xfe, 0xa0, 0xfe, 0xe1, 0xf6, 0xc4, 0xe6, 0x88, 0xff, 0x8e, 
  0xc7, 0xf8, 0xc7, 0xf8, 0xc7, 0xf8, 0xc7, 0xf8, 0xc7, 0xf8, 0xc7, 0xf8, 0xc7, 0xf8, 0xc7, 0xf8, 0xc7, 0xf8, 0xc7, 0xf8, 0xc7, 0xf8, 0xc7, 0xf8, 0xc7, 0xf8, 0xc7, 0xf8, 0xc7, 0xf8, 0xcf, 0xd9, 0xd7, 0xba, 0xdf, 0xbb, 0xdf, 0xdb, 0xe7, 0xdc, 0xe7, 0xbc, 0xe7, 0xbc, 0xe7, 0x9d, 0xef, 0x9d, 0xef, 0x9d, 0xef, 0x9d, 0xef, 0x9d, 0xef, 0x9d, 0xef, 0x9d, 0xef, 0x9d, 0xef, 0xbd, 0xef, 0xbd, 0xef, 0x9d, 0xef, 0x9d, 0xef, 0x9d, 0xef, 0x9d, 0xef, 0x9d, 0xef, 0x9d, 0xef, 0x9d, 0xef, 0x9d, 0xef, 0x9d, 0xef, 0x9d, 0xef, 0x9d, 0xef, 0x9d, 0xef, 0x9d, 0xef, 0x9d, 0xef, 0x9d, 0xef, 0x9d, 0xef, 0x9d, 0xef, 0x9d, 0xef, 0xbc, 0xef, 0xbc, 0xef, 0xbc, 0xef, 0x9d, 0xef, 0x9d, 0xef, 0x9d, 0xef, 0xbc, 0xef, 0x9b, 0xef, 0x79, 0xef, 0x78, 0xef, 0x57, 0xf7, 0x57, 0xf7, 0x58, 0xf7, 0x38, 0xf7, 0x58, 0xf7, 0x58, 0xf7, 0x58, 0xf7, 0x58, 0xf7, 0x58, 0xf7, 0x58, 0xf7, 0x58, 0xf7, 0x58, 0xf7, 0x58, 0xf7, 0x58, 0xf7, 0x58, 0xf7, 0x57, 0xf7, 0x57, 0xf7, 0x57, 0xf7, 0x57, 0xf7, 0x58, 0xf7, 0x58, 0xf7, 0x58, 0xf7, 0x58, 0xf7, 0x57, 0xff, 0x57, 0xff, 0x57, 0xf7, 0x58, 0xf7, 0x58, 0xff, 0x57, 0xf7, 0x35, 0xff, 0x53, 0xff, 0x0d, 0xf6, 0xa3, 0xfe, 0xa0, 0xfe, 0xa1, 0xfe, 0x81, 0xfe, 0xa1, 0xfe, 0xa1, 0xfe, 0xa1, 0xfe, 0xa1, 0xfe, 0xa1, 0xfe, 0xa1, 0xfe, 0xa1, 0xfe, 0xa0, 0xfe, 0xa0, 0xfe, 0xa0, 0xfe, 0xa0, 0xfe, 0xa1, 0xfe, 0xa1, 0xfe, 0xa1, 0xfe, 0xa1, 0xfe, 0xa1, 0xfe, 0xa1, 0xfe, 0xa0, 0xfe, 0xa0, 0xfe, 0xc0, 0xfe, 0xa1, 0xf6, 0xa4, 0xee, 0xa9, 0xff, 0x8f, 
  0xc7, 0xf8, 0xc7, 0xf8, 0xc7, 0xf8, 0xc7, 0xf8, 0xc7, 0xf8, 0xc7, 0xf8, 0xc7, 0xf8, 0xc7, 0xf8, 0xc7, 0xf8, 0xc7, 0xf8, 0xc7, 0xf8, 0xc7, 0xf8, 0xc7, 0xf8, 0xc7, 0xf8, 0xc7, 0xf8, 0xcf, 0xd9, 0xd7, 0xba, 0xdf, 0xbb, 0xe7, 0xdc, 0xe7, 0xdc, 0xe7, 0xbc, 0xe7, 0xbc, 0xef, 0x9d, 0xef, 0x9d, 0xef, 0x9d, 0xef, 0x9d, 0xef, 0x9d, 0xef, 0x9d, 0xef, 0x9d, 0xef, 0x9d, 0xef, 0x9d, 0xef, 0x9d, 0xef, 0x9d, 0xef, 0x9d, 0xef, 0x9d, 0xef, 0x9d, 0xef, 0x9d, 0xef, 0x9d, 0xef, 0x9d, 0xef, 0x9d, 0xef, 0x9d, 0xef, 0x9d, 0xef, 0x9d, 0xef, 0x9d, 0xef, 0x9d, 0xef, 0x9d, 0xef, 0x9d, 0xef, 0x9d, 0xef, 0x9d, 0xef, 0x9d, 0xef, 0x9c, 0xef, 0xbc, 0xef, 0x9c, 0xef, 0x9d, 0xef, 0x9d, 0xef, 0x9d, 0xef, 0xbc, 0xef, 0x9b, 0xef, 0x99, 0xef, 0x78, 0xef, 0x77, 0xf7, 0x77, 0xf7, 0x58, 0xf7, 0x58, 0xf7, 0x58, 0xf7, 0x58, 0xf7, 0x58, 0xf7, 0x58, 0xf7, 0x58, 0xf7, 0x58, 0xf7, 0x58, 0xf7, 0x58, 0xf7, 0x58, 0xf7, 0x58, 0xf7, 0x58, 0xf7, 0x58, 0xf7, 0x58, 0xf7, 0x58, 0xf7, 0x58, 0xf7, 0x58, 0xf7, 0x58, 0xf7, 0x58, 0xf7, 0x58, 0xf7, 0x57, 0xff, 0x57, 0xf7, 0x57, 0xf7, 0x58, 0xf7, 0x58, 0xf7, 0x58, 0xf7, 0x36, 0xff, 0x55, 0xff, 0x30, 0xf6, 0xc5, 0xfe, 0xa1, 0xfe, 0xa2, 0xfe, 0x82, 0xfe, 0xa1, 0xfe, 0xa1, 0xfe, 0xa1, 0xfe, 0xa1, 0xfe, 0xa1, 0xfe, 0xa1, 0xfe, 0xa1, 0xfe, 0xa0, 0xfe, 0xa0, 0xfe, 0xa0, 0xfe, 0xa0, 0xfe, 0xa1, 0xfe, 0xa1, 0xfe, 0xa1, 0xfe, 0xa1, 0xfe, 0xa1, 0xfe, 0xa1, 0xfe, 0xa0, 0xfe, 0xa0, 0xfe, 0xc0, 0xfe, 0xa1, 0xf6, 0xa5, 0xee, 0xaa, 0xff, 0x90, 
  0xc7, 0xf8, 0xc7, 0xf8, 0xc7, 0xf8, 0xc7, 0xf8, 0xc7, 0xf8, 0xc7, 0xf8, 0xc7, 0xf8, 0xc7, 0xf8, 0xc7, 0xf8, 0xc7, 0xf8, 0xc7, 0xf8, 0xc7, 0xf8, 0xc7, 0xf8, 0xc7, 0xf8, 0xc7, 0xf8, 0xcf, 0xd9, 0xdf, 0xdb, 0xe7, 0xbb, 0xe7, 0xdc, 0xe7, 0xdc, 0xe7, 0xbc, 0xe7, 0xbd, 0xef, 0x9d, 0xef, 0x9d, 0xef, 0x9d, 0xef, 0x9d, 0xef, 0x9d, 0xef, 0x9d, 0xef, 0x9d, 0xef, 0x9d, 0xef, 0xbd, 0xef, 0xbd, 0xef, 0x9d, 0xef, 0x9d, 0xef, 0x9d, 0xef, 0x9d, 0xef, 0x9d, 0xef, 0x9d, 0xef, 0x9d, 0xef, 0x9d, 0xef, 0x9d, 0xef, 0x9d, 0xef, 0x9d, 0xef, 0x9d, 0xef, 0x9d, 0xef, 0x9d, 0xef, 0x9d, 0xef, 0x9d, 0xef, 0x9d, 0xef, 0x9d, 0xef, 0x9c, 0xef, 0x9c, 0xef, 0x9c, 0xef, 0x9d, 0xef, 0x9d, 0xef, 0x9d, 0xef, 0x9c, 0xef, 0x9b, 0xef, 0x99, 0xef, 0x78, 0xef, 0x57, 0xf7, 0x57, 0xf7, 0x58, 0xf7, 0x38, 0xf7, 0x58, 0xf7, 0x58, 0xf7, 0x58, 0xf7, 0x58, 0xf7, 0x58, 0xf7, 0x58, 0xf7, 0x58, 0xf7, 0x58, 0xf7, 0x58, 0xf7, 0x58, 0xf7, 0x58, 0xf7, 0x58, 0xf7, 0x58, 0xf7, 0x58, 0xf7, 0x58, 0xf7, 0x58, 0xf7, 0x58, 0xf7, 0x58, 0xf7, 0x57, 0xf7, 0x57, 0xf7, 0x56, 0xf7, 0x57, 0xf7, 0x58, 0xf7, 0x59, 0xf7, 0x58, 0xf7, 0x38, 0xff, 0x37, 0xff, 0x53, 0xf6, 0xc7, 0xfe, 0xc2, 0xfe, 0xa2, 0xfe, 0xa1, 0xfe, 0xa1, 0xfe, 0xa1, 0xfe, 0xa1, 0xfe, 0xa1, 0xfe, 0xa1, 0xfe, 0xa1, 0xfe, 0xa1, 0xfe, 0xa1, 0xfe, 0xa1, 0xfe, 0xa1, 0xfe, 0xa1, 0xfe, 0xa1, 0xfe, 0xa1, 0xfe, 0xa1, 0xfe, 0xa1, 0xfe, 0xa1, 0xfe, 0xa1, 0xfe, 0xa1, 0xfe, 0xa0, 0xfe, 0xc0, 0xfe, 0xa1, 0xf6, 0xa5, 0xe6, 0xeb, 0xf7, 0xb1, 
  0xc7, 0xf8, 0xc7, 0xf8, 0xc7, 0xf8, 0xc7, 0xf8, 0xc7, 0xf8, 0xc7, 0xf8, 0xc7, 0xf8, 0xc7, 0xf8, 0xc7, 0xf8, 0xc7, 0xf8, 0xc7, 0xf8, 0xc7, 0xf8, 0xc7, 0xf8, 0xc7, 0xf8, 0xc7, 0xf8, 0xcf, 0xd9, 0xdf, 0xdb, 0xe7, 0xbc, 0xe7, 0xdc, 0xe7, 0xbc, 0xe7, 0xbc, 0xe7, 0xbd, 0xef, 0x9d, 0xef, 0x9d, 0xef, 0x9d, 0xef, 0x9d, 0xef, 0x9d, 0xef, 0x9d, 0xef, 0x9d, 0xef, 0x9d, 0xef, 0xbc, 0xef, 0xbc, 0xef, 0x9d, 0xef, 0x9d, 0xef, 0x9d, 0xef, 0x9d, 0xef, 0x9d, 0xef, 0x9d, 0xef, 0x9d, 0xef, 0x9d, 0xef, 0x9d, 0xef, 0x9d, 0xef, 0x9d, 0xef, 0x9d, 0xef, 0x9d, 0xef, 0x9d, 0xef, 0x9d, 0xef, 0x9d, 0xef, 0x9d, 0xef, 0x9d, 0xef, 0x9c, 0xef, 0x9c, 0xef, 0x9c, 0xef, 0x9d, 0xef, 0x9d, 0xef, 0x9d, 0xef, 0x9c, 0xef, 0x9b, 0xef, 0x99, 0xef, 0x78, 0xef, 0x57, 0xf7, 0x57, 0xf7, 0x58, 0xf7, 0x38, 0xf7, 0x58, 0xf7, 0x58, 0xf7, 0x58, 0xf7, 0x58, 0xf7, 0x58, 0xf7, 0x58, 0xf7, 0x58, 0xf7, 0x58, 0xf7, 0x58, 0xf7, 0x58, 0xf7, 0x58, 0xf7, 0x58, 0xf7, 0x58, 0xf7, 0x58, 0xf7, 0x58, 0xf7, 0x58, 0xf7, 0x38, 0xf7, 0x38, 0xf7, 0x57, 0xf7, 0x56, 0xf7, 0x56, 0xf7, 0x56, 0xf7, 0x58, 0xf7, 0x58, 0xf7, 0x58, 0xf7, 0x58, 0xff, 0x38, 0xff, 0x74, 0xf6, 0xe9, 0xf6, 0xc3, 0xfe, 0xa1, 0xfe, 0xc1, 0xfe, 0xa1, 0xfe, 0xa1, 0xfe, 0xa1, 0xfe, 0xa1, 0xfe, 0xa1, 0xfe, 0xa1, 0xfe, 0xa1, 0xfe, 0xa1, 0xfe, 0xa1, 0xfe, 0xa1, 0xfe, 0xa1, 0xfe, 0xa1, 0xfe, 0xa1, 0xfe, 0xa1, 0xfe, 0xa1, 0xfe, 0xa1, 0xfe, 0xa1, 0xfe, 0xa1, 0xfe, 0xa0, 0xfe, 0xc0, 0xfe, 0xa1, 0xf6, 0xc5, 0xe7, 0x2d, 0xef, 0xd2, 
  0xc7, 0xf8, 0xc7, 0xf8, 0xc7, 0xf8, 0xc7, 0xf8, 0xc7, 0xf8, 0xc7, 0xf8, 0xc7, 0xf8, 0xc7, 0xf8, 0xc7, 0xf8, 0xc7, 0xf8, 0xc7, 0xf8, 0xc7, 0xf8, 0xc7, 0xf8, 0xc7, 0xf8, 0xcf, 0xf9, 0xd7, 0xda, 0xdf, 0xdb, 0xe7, 0xbc, 0xe7, 0xbc, 0xe7, 0xbc, 0xe7, 0x9c, 0xef, 0x9d, 0xef, 0x9d, 0xef, 0x9d, 0xef, 0x9d, 0xef, 0x9d, 0xef, 0x9d, 0xef, 0x9d, 0xef, 0x9d, 0xef, 0x9d, 0xef, 0xbc, 0xef, 0xbc, 0xef, 0x9d, 0xef, 0x9d, 0xef, 0x9d, 0xef, 0x9d, 0xef, 0x9d, 0xef, 0x9d, 0xef, 0x9d, 0xef, 0x9d, 0xef, 0x9d, 0xef, 0x9d, 0xef, 0x9d, 0xef, 0x9d, 0xef, 0x9d, 0xef, 0x9d, 0xef, 0x9d, 0xef, 0x9d, 0xef, 0x9d, 0xef, 0x9d, 0xef, 0x9d, 0xef, 0x9c, 0xef, 0x9d, 0xef, 0x9d, 0xef, 0x9d, 0xef, 0x9d, 0xef, 0x9c, 0xef, 0x9b, 0xef, 0x7a, 0xef, 0x78, 0xef, 0x58, 0xf7, 0x57, 0xf7, 0x37, 0xf7, 0x37, 0xf7, 0x57, 0xf7, 0x57, 0xf7, 0x57, 0xf7, 0x57, 0xf7, 0x57, 0xf7, 0x57, 0xf7, 0x57, 0xf7, 0x57, 0xf7, 0x57, 0xf7, 0x57, 0xf7, 0x57, 0xf7, 0x57, 0xf7, 0x57, 0xf7, 0x57, 0xf7, 0x57, 0xf7, 0x58, 0xf7, 0x38, 0xf7, 0x38, 0xf7, 0x37, 0xf7, 0x56, 0xf7, 0x56, 0xf7, 0x56, 0xf7, 0x57, 0xef, 0x58, 0xef, 0x58, 0xf7, 0x58, 0xf7, 0x38, 0xff, 0x75, 0xff, 0x0b, 0xf6, 0xc4, 0xfe, 0xa1, 0xfe, 0xc0, 0xfe, 0xa1, 0xfe, 0xa1, 0xfe, 0xa1, 0xfe, 0xa1, 0xfe, 0xa1, 0xfe, 0xa1, 0xfe, 0xa1, 0xfe, 0xa1, 0xfe, 0xa1, 0xfe, 0xa1, 0xfe, 0xa1, 0xfe, 0xa1, 0xfe, 0xa1, 0xfe, 0xa1, 0xfe, 0xa1, 0xfe, 0xa1, 0xfe, 0xa1, 0xfe, 0x81, 0xfe, 0xa0, 0xfe, 0xa0, 0xfe, 0xa0, 0xf6, 0xc5, 0xdf, 0x6f, 0xdf, 0xd4, 
  0xc7, 0xf8, 0xc7, 0xf8, 0xc7, 0xf8, 0xc7, 0xf8, 0xc7, 0xf8, 0xc7, 0xf8, 0xc7, 0xf8, 0xc7, 0xf8, 0xc7, 0xf8, 0xc7, 0xf8, 0xc7, 0xf8, 0xc7, 0xf8, 0xc7, 0xf8, 0xc7, 0xd8, 0xcf, 0xf9, 0xd7, 0xfa, 0xe7, 0xdb, 0xe7, 0xbc, 0xe7, 0xbc, 0xe7, 0x9c, 0xef, 0x9c, 0xef, 0x9d, 0xef, 0x9d, 0xef, 0x9d, 0xef, 0x9d, 0xef, 0x9d, 0xef, 0x9d, 0xef, 0x9d, 0xef, 0x9d, 0xef, 0x9c, 0xe7, 0x9c, 0xe7, 0x9c, 0xef, 0x9c, 0xef, 0x9d, 0xef, 0x9d, 0xef, 0x9d, 0xef, 0x9d, 0xef, 0x9d, 0xef, 0x9d, 0xef, 0x9d, 0xef, 0x9d, 0xef, 0x9d, 0xef, 0x9d, 0xef, 0x9d, 0xef, 0x9d, 0xef, 0x9d, 0xef, 0x9d, 0xef, 0x9d, 0xe7, 0x9d, 0xe7, 0x9d, 0xef, 0x9d, 0xef, 0x9c, 0xef, 0x9d, 0xef, 0x9d, 0xef, 0x9d, 0xef, 0x9d, 0xef, 0x9c, 0xef, 0x9c, 0xef, 0x9a, 0xef, 0x59, 0xef, 0x58, 0xf7, 0x37, 0xf7, 0x37, 0xf7, 0x37, 0xf7, 0x57, 0xf7, 0x57, 0xf7, 0x57, 0xf7, 0x57, 0xf7, 0x57, 0xf7, 0x57, 0xf7, 0x57, 0xf7, 0x57, 0xf7, 0x57, 0xf7, 0x57, 0xf7, 0x57, 0xf7, 0x57, 0xf7, 0x57, 0xf7, 0x57, 0xf7, 0x57, 0xf7, 0x38, 0xf7, 0x38, 0xf7, 0x38, 0xf7, 0x37, 0xf7, 0x56, 0xf7, 0x56, 0xf7, 0x57, 0xf7, 0x57, 0xef, 0x58, 0xef, 0x77, 0xf7, 0x57, 0xf7, 0x37, 0xff, 0x55, 0xff, 0x2d, 0xf6, 0xa5, 0xfe, 0xa1, 0xfe, 0xa0, 0xfe, 0xa1, 0xfe, 0xa1, 0xfe, 0xa1, 0xfe, 0xa1, 0xfe, 0xa1, 0xfe, 0xa1, 0xfe, 0xa1, 0xfe, 0xa1, 0xfe, 0xa1, 0xfe, 0xa1, 0xfe, 0xa1, 0xfe, 0xa1, 0xfe, 0xa1, 0xfe, 0xa1, 0xfe, 0xa1, 0xfe, 0xa1, 0xfe, 0x81, 0xfe, 0x81, 0xfe, 0xa1, 0xfe, 0xa0, 0xfe, 0xa0, 0xee, 0xc5, 0xdf, 0xb1, 0xcf, 0xf6, 
  0xc7, 0xf8, 0xc7, 0xf8, 0xc7, 0xf8, 0xc7, 0xf8, 0xc7, 0xf8, 0xc7, 0xf8, 0xc7, 0xf8, 0xc7, 0xf8, 0xc7, 0xf8, 0xc7, 0xf8, 0xc7, 0xf8, 0xc7, 0xf8, 0xc7, 0xf8, 0xcf, 0xd9, 0xcf, 0xfa, 0xdf, 0xfb, 0xe7, 0xbc, 0xe7, 0x9c, 0xe7, 0x9c, 0xef, 0x9c, 0xef, 0x9d, 0xef, 0x9d, 0xef, 0x9d, 0xef, 0x9d, 0xef, 0x9d, 0xef, 0x9d, 0xef, 0x9d, 0xef, 0x9d, 0xef, 0x9c, 0xef, 0x9c, 0xe7, 0x9c, 0xe7, 0x9c, 0xef, 0x9c, 0xef, 0x9d, 0xef, 0x9d, 0xef, 0x9d, 0xef, 0x9d, 0xef, 0x9d, 0xef, 0x9d, 0xef, 0x9d, 0xef, 0x9d, 0xef, 0x9d, 0xef, 0x9d, 0xef, 0x9d, 0xef, 0x9d, 0xef, 0x9d, 0xef, 0x9d, 0xef, 0x9d, 0xe7, 0x9d, 0xe7, 0x9d, 0xef, 0x9d, 0xef, 0x9d, 0xef, 0x9d, 0xef, 0x9d, 0xef, 0x9d, 0xef, 0x9d, 0xef, 0x9c, 0xef, 0x9c, 0xef, 0x9b, 0xef, 0x79, 0xf7, 0x58, 0xf7, 0x58, 0xf7, 0x37, 0xf7, 0x37, 0xf7, 0x57, 0xf7, 0x57, 0xf7, 0x57, 0xf7, 0x57, 0xf7, 0x57, 0xf7, 0x57, 0xf7, 0x57, 0xf7, 0x57, 0xf7, 0x57, 0xf7, 0x57, 0xf7, 0x57, 0xf7, 0x57, 0xf7, 0x57, 0xf7, 0x57, 0xf7, 0x57, 0xf7, 0x58, 0xf7, 0x38, 0xf7, 0x38, 0xf7, 0x37, 0xf7, 0x57, 0xf7, 0x57, 0xf7, 0x57, 0xef, 0x58, 0xef, 0x57, 0xef, 0x76, 0xef, 0x56, 0xf7, 0x37, 0xff, 0x55, 0xff, 0x4f, 0xf6, 0x66, 0xfe, 0xa3, 0xfe, 0x81, 0xfe, 0x81, 0xfe, 0x81, 0xfe, 0x81, 0xfe, 0x81, 0xfe, 0x81, 0xfe, 0x81, 0xfe, 0x81, 0xfe, 0x81, 0xfe, 0x81, 0xfe, 0x81, 0xfe, 0x81, 0xfe, 0x81, 0xfe, 0xa1, 0xfe, 0xa1, 0xfe, 0xa0, 0xfe, 0xa1, 0xfe, 0x81, 0xfe, 0x81, 0xfe, 0xa0, 0xfe, 0xa0, 0xfe, 0xa1, 0xee, 0xc6, 0xdf, 0xd3, 0xc7, 0xf7, 
  0xc7, 0xf8, 0xc7, 0xf8, 0xc7, 0xf8, 0xc7, 0xf8, 0xc7, 0xf8, 0xc7, 0xf8, 0xc7, 0xf8, 0xc7, 0xf8, 0xc7, 0xf8, 0xc7, 0xf8, 0xc7, 0xf8, 0xc7, 0xf8, 0xcf, 0xf9, 0xcf, 0xd9, 0xd7, 0xfa, 0xdf, 0xfb, 0xe7, 0xbc, 0xef, 0x9c, 0xef, 0x9c, 0xef, 0x9d, 0xef, 0x9d, 0xef, 0x9d, 0xef, 0x9d, 0xef, 0x9d, 0xef, 0x9d, 0xef, 0x9d, 0xef, 0x9d, 0xef, 0x9c, 0xef, 0x9c, 0xef, 0x9c, 0xe7, 0x9c, 0xe7, 0x9c, 0xef, 0x9c, 0xef, 0x9d, 0xef, 0x9d, 0xef, 0x9d, 0xef, 0x9d, 0xef, 0x9d, 0xef, 0x9d, 0xef, 0x9d, 0xef, 0x9d, 0xef, 0x9d, 0xef, 0x9d, 0xef, 0x9d, 0xef, 0x9d, 0xef, 0x9d, 0xef, 0x9d, 0xef, 0x9d, 0xe7, 0x9d, 0xe7, 0x9d, 0xef, 0x9d, 0xef, 0x9d, 0xef, 0x9d, 0xef, 0x9d, 0xef, 0x9d, 0xef, 0x9d, 0xef, 0x9c, 0xef, 0x9c, 0xef, 0x9b, 0xef, 0x7a, 0xf7, 0x59, 0xf7, 0x58, 0xf7, 0x58, 0xf7, 0x57, 0xf7, 0x57, 0xf7, 0x58, 0xf7, 0x58, 0xf7, 0x58, 0xf7, 0x58, 0xf7, 0x58, 0xf7, 0x58, 0xf7, 0x58, 0xf7, 0x58, 0xf7, 0x58, 0xf7, 0x58, 0xf7, 0x58, 0xf7, 0x58, 0xf7, 0x58, 0xf7, 0x58, 0xf7, 0x58, 0xf7, 0x38, 0xf7, 0x38, 0xf7, 0x57, 0xf7, 0x57, 0xf7, 0x38, 0xf7, 0x58, 0xef, 0x58, 0xef, 0x58, 0xef, 0x77, 0xef, 0x56, 0xf7, 0x37, 0xff, 0x35, 0xff, 0x71, 0xf6, 0x48, 0xfe, 0x84, 0xfe, 0x81, 0xfe, 0x81, 0xfe, 0x80, 0xfe, 0x80, 0xfe, 0x80, 0xfe, 0x80, 0xfe, 0x80, 0xfe, 0x80, 0xfe, 0x81, 0xfe, 0x81, 0xfe, 0x81, 0xfe, 0x81, 0xfe, 0x81, 0xfe, 0xa1, 0xfe, 0xa1, 0xfe, 0xa0, 0xfe, 0x81, 0xfe, 0x61, 0xfe, 0x61, 0xfe, 0xa0, 0xfe, 0xa0, 0xfe, 0xa2, 0xe6, 0xe8, 0xd7, 0xf4, 0xc7, 0xf8, 
  0xc7, 0xf8, 0xc7, 0xf8, 0xc7, 0xf8, 0xc7, 0xf8, 0xc7, 0xf8, 0xc7, 0xf8, 0xc7, 0xf8, 0xc7, 0xf8, 0xc7, 0xf8, 0xc7, 0xf8, 0xc7, 0xf8, 0xc7, 0xf8, 0xcf, 0xd9, 0xcf, 0xd9, 0xd7, 0xfa, 0xdf, 0xdb, 0xe7, 0xbc, 0xef, 0x9c, 0xef, 0x9d, 0xef, 0x9d, 0xef, 0x9d, 0xef, 0x9d, 0xef, 0x9d, 0xef, 0x9d, 0xef, 0x9d, 0xef, 0x9d, 0xef, 0x9d, 0xef, 0x9c, 0xef, 0x9c, 0xef, 0x9c, 0xe7, 0x9c, 0xe7, 0x9c, 0xef, 0x9c, 0xef, 0x9d, 0xef, 0x9d, 0xef, 0x9d, 0xef, 0x9d, 0xef, 0x9d, 0xef, 0x9d, 0xef, 0x9d, 0xef, 0x9d, 0xef, 0x9d, 0xef, 0x9d, 0xef, 0x9d, 0xef, 0x9d, 0xef, 0x9d, 0xef, 0x9d, 0xef, 0x9d, 0xef, 0x9d, 0xef, 0x9d, 0xe7, 0x9d, 0xe7, 0x9d, 0xef, 0x9d, 0xef, 0x9d, 0xef, 0x9d, 0xef, 0x9d, 0xe7, 0x7c, 0xef, 0x9c, 0xef, 0x9c, 0xef, 0x7a, 0xef, 0x59, 0xf7, 0x59, 0xf7, 0x58, 0xf7, 0x37, 0xf7, 0x58, 0xf7, 0x58, 0xf7, 0x58, 0xf7, 0x58, 0xf7, 0x58, 0xf7, 0x58, 0xf7, 0x58, 0xf7, 0x58, 0xf7, 0x58, 0xf7, 0x58, 0xf7, 0x58, 0xf7, 0x58, 0xf7, 0x58, 0xf7, 0x58, 0xf7, 0x58, 0xf7, 0x58, 0xf7, 0x57, 0xf7, 0x57, 0xf7, 0x57, 0xf7, 0x57, 0xf7, 0x38, 0xf7, 0x39, 0xf7, 0x39, 0xef, 0x58, 0xef, 0x37, 0xf7, 0x78, 0xff, 0x59, 0xff, 0x16, 0xff, 0x32, 0xfe, 0x4a, 0xfe, 0x65, 0xfe, 0x82, 0xfe, 0x81, 0xfe, 0xa0, 0xfe, 0xa0, 0xfe, 0x80, 0xfe, 0x80, 0xfe, 0x80, 0xfe, 0x80, 0xfe, 0x80, 0xfe, 0x81, 0xfe, 0x81, 0xfe, 0x81, 0xfe, 0x81, 0xfe, 0x81, 0xfe, 0x81, 0xfe, 0x80, 0xfe, 0x81, 0xfe, 0x62, 0xfe, 0x81, 0xfe, 0x80, 0xfe, 0xa0, 0xf6, 0xe5, 0xe7, 0x2b, 0xdf, 0xf5, 0xc7, 0xf8, 
  0xc7, 0xf8, 0xc7, 0xf8, 0xc7, 0xf8, 0xc7, 0xf8, 0xc7, 0xf8, 0xc7, 0xf8, 0xc7, 0xf8, 0xc7, 0xf8, 0xc7, 0xf8, 0xc7, 0xf8, 0xc7, 0xf8, 0xc7, 0xf8, 0xcf, 0xd9, 0xcf, 0xd9, 0xd7, 0xda, 0xdf, 0xdb, 0xe7, 0xbc, 0xef, 0x9d, 0xef, 0x9d, 0xef, 0x9d, 0xef, 0x9d, 0xef, 0x9d, 0xef, 0x9d, 0xef, 0x9d, 0xef, 0x9d, 0xef, 0x9d, 0xef, 0x9d, 0xef, 0x9c, 0xef, 0x9c, 0xef, 0x9c, 0xe7, 0x9c, 0xe7, 0x9c, 0xef, 0x9c, 0xef, 0x9d, 0xef, 0x9d, 0xef, 0x9d, 0xef, 0x9d, 0xef, 0x9d, 0xef, 0x9d, 0xef, 0x9d, 0xef, 0x9d, 0xef, 0x9d, 0xef, 0x9d, 0xef, 0x9d, 0xef, 0x9d, 0xef, 0x9d, 0xef, 0x9d, 0xef, 0x9d, 0xef, 0x9d, 0xef, 0x9d, 0xe7, 0x9d, 0xe7, 0x9d, 0xef, 0x9d, 0xef, 0x9d, 0xef, 0x9d, 0xef, 0x9c, 0xef, 0x9c, 0xef, 0x9c, 0xef, 0x9c, 0xef, 0x7b, 0xef, 0x5a, 0xf7, 0x59, 0xf7, 0x38, 0xf7, 0x37, 0xf7, 0x58, 0xf7, 0x58, 0xf7, 0x58, 0xf7, 0x58, 0xf7, 0x58, 0xf7, 0x58, 0xf7, 0x58, 0xf7, 0x58, 0xf7, 0x58, 0xf7, 0x58, 0xf7, 0x58, 0xf7, 0x58, 0xf7, 0x58, 0xf7, 0x58, 0xf7, 0x58, 0xf7, 0x58, 0xf7, 0x57, 0xf7, 0x57, 0xf7, 0x57, 0xf7, 0x57, 0xf7, 0x38, 0xf7, 0x39, 0xf7, 0x39, 0xf7, 0x39, 0xf7, 0x58, 0xf7, 0x58, 0xff, 0x38, 0xfe, 0xf6, 0xff, 0x32, 0xfe, 0x6a, 0xfe, 0x64, 0xfe, 0x81, 0xfe, 0x81, 0xfe, 0xa1, 0xfe, 0xa0, 0xfe, 0xa0, 0xfe, 0xa0, 0xfe, 0xa0, 0xfe, 0x80, 0xfe, 0x80, 0xfe, 0x81, 0xfe, 0x81, 0xfe, 0x81, 0xfe, 0x81, 0xfe, 0x81, 0xfe, 0x81, 0xfe, 0x81, 0xfe, 0x81, 0xfe, 0x61, 0xfe, 0x61, 0xfe, 0x80, 0xfe, 0xa1, 0xe6, 0xc7, 0xe7, 0xb0, 0xd7, 0xf6, 0xc7, 0xf8, 
  0xc7, 0xf8, 0xc7, 0xf8, 0xc7, 0xf8, 0xc7, 0xf8, 0xc7, 0xf8, 0xc7, 0xf8, 0xc7, 0xf8, 0xc7, 0xf8, 0xc7, 0xf7, 0xc7, 0xf8, 0xc7, 0xf8, 0xcf, 0xf8, 0xcf, 0xd9, 0xd7, 0xda, 0xd7, 0xdb, 0xdf, 0xdc, 0xe7, 0xbc, 0xef, 0x9d, 0xef, 0x9d, 0xef, 0x9d, 0xef, 0x9d, 0xef, 0x9d, 0xef, 0x9d, 0xef, 0x9d, 0xef, 0x9d, 0xef, 0x9d, 0xef, 0x9d, 0xef, 0x9d, 0xef, 0x9c, 0xef, 0x9c, 0xef, 0x9c, 0xef, 0x9c, 0xef, 0x9d, 0xef, 0x9d, 0xef, 0x9d, 0xef, 0x9d, 0xef, 0x9d, 0xef, 0x9d, 0xef, 0x9d, 0xef, 0x9d, 0xef, 0x9d, 0xef, 0x9d, 0xef, 0x9d, 0xef, 0x9d, 0xef, 0x9d, 0xef, 0x9d, 0xef, 0x9d, 0xef, 0x9d, 0xef, 0x9d, 0xef, 0x9d, 0xef, 0x9d, 0xef, 0x9d, 0xe7, 0x9d, 0xef, 0x9d, 0xef, 0x9c, 0xef, 0x9c, 0xef, 0x9c, 0xef, 0x9c, 0xef, 0x9c, 0xef, 0x9c, 0xf7, 0x7b, 0xf7, 0x59, 0xf7, 0x38, 0xf7, 0x58, 0xf7, 0x58, 0xf7, 0x58, 0xf7, 0x58, 0xf7, 0x58, 0xf7, 0x58, 0xf7, 0x58, 0xf7, 0x58, 0xf7, 0x58, 0xf7, 0x58, 0xf7, 0x58, 0xf7, 0x58, 0xf7, 0x58, 0xf7, 0x58, 0xf7, 0x58, 0xf7, 0x58, 0xf7, 0x58, 0xf7, 0x57, 0xf7, 0x57, 0xf7, 0x57, 0xf7, 0x57, 0xf7, 0x38, 0xf7, 0x38, 0xf7, 0x39, 0xf7, 0x39, 0xf7, 0x58, 0xf7, 0x58, 0xff, 0x38, 0xff, 0x15, 0xff, 0x51, 0xf6, 0x89, 0xfe, 0x83, 0xfe, 0xa0, 0xfe, 0x81, 0xfe, 0x81, 0xfe, 0x80, 0xfe, 0x80, 0xfe, 0xa0, 0xfe, 0xa0, 0xfe, 0xa0, 0xfe, 0x80, 0xfe, 0x80, 0xfe, 0x81, 0xfe, 0x81, 0xfe, 0x81, 0xfe, 0x81, 0xfe, 0x81, 0xfe, 0x81, 0xfe, 0x81, 0xfe, 0x61, 0xfe, 0x61, 0xfe, 0xa0, 0xf6, 0xa2, 0xd7, 0x0b, 0xdf, 0xf4, 0xcf, 0xd6, 0xcf, 0xf8, 
  0xc7, 0xf8, 0xc7, 0xf8, 0xc7, 0xf8, 0xc7, 0xf8, 0xc7, 0xf8, 0xc7, 0xf8, 0xc7, 0xf8, 0xc7, 0xf8, 0xc7, 0xf8, 0xc7, 0xf8, 0xc7, 0xf8, 0xcf, 0xf9, 0xcf, 0xd9, 0xd7, 0xda, 0xdf, 0xdb, 0xe7, 0xdc, 0xe7, 0x9c, 0xef, 0x9d, 0xef, 0x9d, 0xef, 0x9d, 0xef, 0x9d, 0xef, 0x9d, 0xef, 0x9d, 0xef, 0x9d, 0xef, 0x9d, 0xef, 0x9d, 0xef, 0x9d, 0xef, 0x9d, 0xef, 0x9d, 0xef, 0x9d, 0xef, 0x9d, 0xef, 0x9d, 0xef, 0x9d, 0xef, 0x9d, 0xef, 0x9d, 0xef, 0x9d, 0xef, 0x9d, 0xef, 0x9d, 0xef, 0x9d, 0xef, 0x9d, 0xef, 0x9d, 0xef, 0x9d, 0xef, 0x9d, 0xef, 0x9d, 0xef, 0x9d, 0xef, 0x9d, 0xef, 0x9d, 0xef, 0x9d, 0xef, 0x9c, 0xef, 0x9d, 0xef, 0x9d, 0xef, 0x9d, 0xef, 0x9d, 0xef, 0x9d, 0xef, 0x9c, 0xef, 0x9c, 0xef, 0x9d, 0xe7, 0x9c, 0xef, 0x7d, 0xef, 0x9c, 0xf7, 0x7b, 0xef, 0x5a, 0xef, 0x38, 0xf7, 0x58, 0xf7, 0x58, 0xf7, 0x58, 0xf7, 0x58, 0xf7, 0x58, 0xf7, 0x58, 0xf7, 0x58, 0xf7, 0x58, 0xf7, 0x58, 0xf7, 0x58, 0xf7, 0x58, 0xf7, 0x58, 0xf7, 0x58, 0xf7, 0x58, 0xf7, 0x58, 0xf7, 0x58, 0xf7, 0x58, 0xf7, 0x57, 0xf7, 0x57, 0xf7, 0x57, 0xf7, 0x57, 0xf7, 0x38, 0xf7, 0x38, 0xf7, 0x38, 0xf7, 0x58, 0xef, 0x38, 0xf7, 0x37, 0xff, 0x57, 0xff, 0x55, 0xff, 0x31, 0xf6, 0x88, 0xf6, 0x82, 0xfe, 0xa1, 0xfe, 0xa2, 0xfe, 0x82, 0xfe, 0x81, 0xfe, 0x80, 0xfe, 0x80, 0xfe, 0x80, 0xfe, 0x80, 0xfe, 0x80, 0xfe, 0x80, 0xfe, 0x81, 0xfe, 0x81, 0xfe, 0x81, 0xfe, 0x81, 0xfe, 0x81, 0xfe, 0x81, 0xfe, 0x81, 0xfe, 0x82, 0xfe, 0x82, 0xfe, 0xa2, 0xee, 0xa5, 0xdf, 0x90, 0xcf, 0xf6, 0xcf, 0xf7, 0xcf, 0xf7, 
  0xc7, 0xf8, 0xc7, 0xf8, 0xc7, 0xf8, 0xc7, 0xf8, 0xc7, 0xf8, 0xc7, 0xf8, 0xc7, 0xf8, 0xc7, 0xf8, 0xc7, 0xf7, 0xc7, 0xf8, 0xc7, 0xf8, 0xcf, 0xf9, 0xcf, 0xd9, 0xd7, 0xba, 0xdf, 0xbb, 0xdf, 0xbc, 0xe7, 0x9c, 0xe7, 0x9c, 0xe7, 0x9c, 0xe7, 0x9c, 0xe7, 0x9c, 0xe7, 0x9c, 0xe7, 0x9c, 0xe7, 0x9c, 0xef, 0x9d, 0xef, 0x9d, 0xef, 0x9d, 0xef, 0x9d, 0xef, 0x9d, 0xef, 0x9d, 0xef, 0x9d, 0xef, 0x9d, 0xef, 0x9d, 0xef, 0x9d, 0xef, 0x9d, 0xef, 0x9d, 0xef, 0x9d, 0xef, 0x9d, 0xef, 0x9d, 0xef, 0x9d, 0xef, 0x9d, 0xef, 0x9d, 0xef, 0x9d, 0xef, 0x9d, 0xef, 0x9d, 0xef, 0x9d, 0xef, 0x9d, 0xef, 0x9c, 0xef, 0x9c, 0xef, 0x9d, 0xef, 0x9d, 0xef, 0x9d, 0xef, 0x9d, 0xef, 0x9d, 0xe7, 0x9c, 0xe7, 0x9c, 0xe7, 0x9c, 0xe7, 0x9c, 0xe7, 0x7d, 0xef, 0x9d, 0xef, 0x7c, 0xef, 0x5a, 0xef, 0x58, 0xf7, 0x58, 0xf7, 0x58, 0xf7, 0x58, 0xf7, 0x58, 0xf7, 0x58, 0xf7, 0x58, 0xf7, 0x58, 0xf7, 0x58, 0xf7, 0x58, 0xf7, 0x58, 0xf7, 0x58, 0xf7, 0x58, 0xf7, 0x58, 0xf7, 0x58, 0xf7, 0x58, 0xf7, 0x58, 0xf7, 0x58, 0xef, 0x57, 0xef, 0x57, 0xf7, 0x37, 0xf7, 0x37, 0xf7, 0x37, 0xf7, 0x38, 0xf7, 0x38, 0xf7, 0x57, 0xf7, 0x57, 0xf7, 0x57, 0xf7, 0x57, 0xff, 0x55, 0xff, 0x31, 0xee, 0x8a, 0xee, 0x85, 0xf6, 0x82, 0xfe, 0x83, 0xfe, 0x83, 0xfe, 0x82, 0xfe, 0x81, 0xfe, 0x80, 0xfe, 0x80, 0xfe, 0x80, 0xfe, 0x80, 0xfe, 0x80, 0xfe, 0x81, 0xfe, 0x81, 0xfe, 0x81, 0xfe, 0x81, 0xfe, 0x81, 0xfe, 0x81, 0xfe, 0x81, 0xfe, 0x81, 0xfe, 0x82, 0xf6, 0x83, 0xe6, 0xe9, 0xdf, 0xf4, 0xc7, 0xf8, 0xcf, 0xf8, 0xcf, 0xf7, 
  0xc7, 0xf8, 0xc7, 0xf8, 0xc7, 0xf8, 0xc7, 0xf8, 0xc7, 0xf8, 0xc7, 0xf8, 0xc7, 0xf8, 0xc7, 0xf8, 0xc7, 0xf7, 0xc7, 0xf8, 0xc7, 0xf8, 0xcf, 0xf9, 0xcf, 0xd9, 0xd7, 0xba, 0xdf, 0xbb, 0xdf, 0xbc, 0xe7, 0x9c, 0xe7, 0x9c, 0xe7, 0x9c, 0xe7, 0x9c, 0xe7, 0x9c, 0xe7, 0x9c, 0xe7, 0x9c, 0xe7, 0x9c, 0xef, 0x9d, 0xef, 0x9d, 0xef, 0x9d, 0xef, 0x9d, 0xef, 0x9d, 0xef, 0x9d, 0xef, 0x9d, 0xef, 0x9d, 0xef, 0x9d, 0xef, 0x9d, 0xef, 0x9d, 0xef, 0x9d, 0xef, 0x9d, 0xef, 0x9d, 0xef, 0x9d, 0xef, 0x9d, 0xef, 0x9d, 0xef, 0x9d, 0xef, 0x9d, 0xef, 0x9d, 0xef, 0x9d, 0xef, 0x9d, 0xef, 0x9d, 0xef, 0x9c, 0xef, 0x9c, 0xef, 0x9c, 0xef, 0x9d, 0xef, 0x9d, 0xef, 0x9d, 0xe7, 0x9d, 0xe7, 0x9c, 0xe7, 0xbc, 0xe7, 0x9c, 0xe7, 0x9d, 0xe7, 0x9d, 0xef, 0x9d, 0xef, 0x7c, 0xef, 0x7b, 0xef, 0x59, 0xef, 0x58, 0xf7, 0x58, 0xf7, 0x58, 0xf7, 0x58, 0xf7, 0x58, 0xf7, 0x58, 0xf7, 0x58, 0xf7, 0x58, 0xf7, 0x58, 0xf7, 0x58, 0xf7, 0x58, 0xf7, 0x58, 0xf7, 0x58, 0xf7, 0x58, 0xf7, 0x58, 0xf7, 0x58, 0xf7, 0x58, 0xef, 0x57, 0xf7, 0x57, 0xf7, 0x38, 0xf7, 0x38, 0xf7, 0x38, 0xf7, 0x37, 0xf7, 0x37, 0xf7, 0x57, 0xf7, 0x78, 0xef, 0x57, 0xef, 0x36, 0xf7, 0x55, 0xff, 0x53, 0xf7, 0x0f, 0xf6, 0xeb, 0xf6, 0xa7, 0xf6, 0x65, 0xfe, 0x64, 0xfe, 0x63, 0xfe, 0x82, 0xfe, 0x81, 0xfe, 0x80, 0xfe, 0x80, 0xfe, 0x80, 0xfe, 0x80, 0xfe, 0x81, 0xfe, 0x81, 0xfe, 0x81, 0xfe, 0x81, 0xfe, 0x81, 0xfe, 0x81, 0xfe, 0x80, 0xfe, 0x60, 0xfe, 0xa3, 0xe6, 0x85, 0xe7, 0x6e, 0xd7, 0xf6, 0xc7, 0xf9, 0xcf, 0xf8, 0xcf, 0xf7, 
  0xc7, 0xf8, 0xc7, 0xf8, 0xc7, 0xf8, 0xc7, 0xf8, 0xc7, 0xf8, 0xc7, 0xf8, 0xc7, 0xf8, 0xc7, 0xf8, 0xc7, 0xf7, 0xc7, 0xf8, 0xc7, 0xf8, 0xcf, 0xf9, 0xd7, 0xda, 0xd7, 0xdb, 0xdf, 0xdb, 0xe7, 0xbc, 0xe7, 0xbc, 0xe7, 0x9d, 0xe7, 0x9d, 0xe7, 0x9d, 0xe7, 0x9d, 0xe7, 0x9d, 0xe7, 0x9d, 0xe7, 0x9d, 0xe7, 0x9d, 0xe7, 0x9d, 0xef, 0x9d, 0xef, 0x9d, 0xef, 0x9d, 0xef, 0x9d, 0xef, 0x9d, 0xef, 0x9d, 0xef, 0x9d, 0xef, 0x9d, 0xef, 0x9d, 0xef, 0x9d, 0xef, 0x9d, 0xef, 0x9d, 0xef, 0x9d, 0xef, 0x9d, 0xef, 0x9d, 0xef, 0x9d, 0xef, 0x9d, 0xef, 0x9d, 0xef, 0x9d, 0xef, 0x9d, 0xef, 0x9d, 0xef, 0x9c, 0xef, 0x9c, 0xef, 0x9c, 0xef, 0x9d, 0xef, 0x9d, 0xef, 0x9d, 0xe7, 0x9d, 0xe7, 0xbc, 0xe7, 0xbc, 0xe7, 0x9c, 0xe7, 0x9d, 0xef, 0x9d, 0xef, 0x9d, 0xef, 0x9c, 0xf7, 0x9b, 0xf7, 0x79, 0xef, 0x58, 0xf7, 0x58, 0xf7, 0x58, 0xf7, 0x58, 0xf7, 0x58, 0xf7, 0x58, 0xf7, 0x58, 0xf7, 0x58, 0xf7, 0x58, 0xf7, 0x58, 0xf7, 0x58, 0xf7, 0x58, 0xf7, 0x58, 0xf7, 0x58, 0xf7, 0x58, 0xf7, 0x58, 0xf7, 0x58, 0xf7, 0x57, 0xf7, 0x58, 0xf7, 0x38, 0xf7, 0x38, 0xff, 0x38, 0xf7, 0x38, 0xf7, 0x38, 0xf7, 0x58, 0xef, 0x58, 0xef, 0x58, 0xef, 0x37, 0xf7, 0x58, 0xff, 0x57, 0xff, 0x36, 0xff, 0x54, 0xff, 0x0f, 0xfe, 0xa9, 0xfe, 0x86, 0xfe, 0x64, 0xfe, 0x63, 0xfe, 0x82, 0xfe, 0x81, 0xfe, 0x80, 0xfe, 0x80, 0xfe, 0x80, 0xfe, 0x81, 0xfe, 0x81, 0xfe, 0x81, 0xfe, 0x81, 0xfe, 0x81, 0xfe, 0x80, 0xfe, 0x80, 0xfe, 0x80, 0xfe, 0xa3, 0xe7, 0x09, 0xe7, 0xd2, 0xcf, 0xd7, 0xc7, 0xf9, 0xc7, 0xf8, 0xc7, 0xf7, 
  0xc7, 0xf8, 0xc7, 0xf8, 0xc7, 0xf8, 0xc7, 0xf8, 0xc7, 0xf8, 0xc7, 0xf8, 0xc7, 0xf8, 0xc7, 0xf8, 0xcf, 0xf8, 0xcf, 0xf9, 0xcf, 0xd9, 0xd7, 0xda, 0xdf, 0xfb, 0xdf, 0xdc, 0xe7, 0xdc, 0xe7, 0xbc, 0xe7, 0xbd, 0xef, 0x9d, 0xef, 0x9d, 0xef, 0x9d, 0xef, 0x9d, 0xef, 0x9d, 0xef, 0x9d, 0xef, 0x9d, 0xe7, 0x9d, 0xe7, 0x9d, 0xef, 0x9d, 0xef, 0x9d, 0xef, 0x9d, 0xef, 0x9d, 0xef, 0x9d, 0xef, 0x9d, 0xef, 0x9d, 0xef, 0x9d, 0xef, 0x9d, 0xef, 0x9d, 0xef, 0x9d, 0xef, 0x9d, 0xef, 0x9d, 0xef, 0x9d, 0xef, 0x9d, 0xef, 0x9d, 0xef, 0x9d, 0xef, 0x9d, 0xef, 0x9d, 0xef, 0x9d, 0xef, 0x9d, 0xef, 0x9c, 0xef, 0x9c, 0xef, 0x9c, 0xef, 0x9d, 0xef, 0x9d, 0xef, 0x9d, 0xef, 0x9d, 0xe7, 0x9c, 0xe7, 0x9c, 0xe7, 0x9c, 0xe7, 0x9d, 0xef, 0x9d, 0xef, 0x9d, 0xef, 0x9d, 0xef, 0x9c, 0xef, 0x9a, 0xef, 0x79, 0xf7, 0x58, 0xf7, 0x58, 0xf7, 0x58, 0xf7, 0x58, 0xf7, 0x58, 0xf7, 0x58, 0xf7, 0x38, 0xf7, 0x38, 0xf7, 0x38, 0xf7, 0x58, 0xf7, 0x58, 0xf7, 0x58, 0xf7, 0x58, 0xf7, 0x58, 0xf7, 0x58, 0xf7, 0x58, 0xf7, 0x58, 0xf7, 0x58, 0xf7, 0x38, 0xf7, 0x38, 0xf7, 0x38, 0xf7, 0x38, 0xf7, 0x38, 0xf7, 0x58, 0xef, 0x38, 0xf7, 0x79, 0xf7, 0x59, 0xf7, 0x59, 0xf7, 0x18, 0xf7, 0x18, 0xff, 0x58, 0xff, 0x35, 0xff, 0x50, 0xfe, 0xec, 0xfe, 0x89, 0xf6, 0x66, 0xfe, 0x83, 0xfe, 0x82, 0xfe, 0x81, 0xfe, 0x81, 0xfe, 0x81, 0xfe, 0x81, 0xfe, 0x81, 0xfe, 0x81, 0xfe, 0x81, 0xfe, 0x81, 0xfe, 0x80, 0xfe, 0x81, 0xfe, 0xa3, 0xe6, 0xa6, 0xef, 0xaf, 0xd7, 0xd4, 0xcf, 0xf8, 0xc7, 0xf9, 0xc7, 0xf8, 0xc7, 0xf8, 
  0xc7, 0xf8, 0xc7, 0xf8, 0xc7, 0xf8, 0xc7, 0xf8, 0xc7, 0xf8, 0xc7, 0xf8, 0xcf, 0xf8, 0xcf, 0xd9, 0xcf, 0xd9, 0xd7, 0xda, 0xdf, 0xdb, 0xe7, 0xbc, 0xe7, 0xbc, 0xe7, 0x9c, 0xe7, 0x9c, 0xef, 0x9d, 0xef, 0x9d, 0xef, 0x9d, 0xef, 0x9d, 0xef, 0x9d, 0xef, 0x9d, 0xef, 0x9d, 0xef, 0x9d, 0xef, 0x9d, 0xef, 0x9d, 0xef, 0x9d, 0xef, 0x9d, 0xef, 0x9d, 0xef, 0x9d, 0xef, 0x9d, 0xef, 0x9d, 0xef, 0x9d, 0xef, 0x9d, 0xef, 0x9d, 0xef, 0x9d, 0xef, 0x9d, 0xef, 0x9d, 0xef, 0x9d, 0xef, 0x9d, 0xef, 0x9d, 0xef, 0x9d, 0xef, 0x9d, 0xef, 0x9d, 0xef, 0x9d, 0xef, 0x9d, 0xef, 0x9d, 0xef, 0x9d, 0xef, 0x9d, 0xef, 0x9d, 0xef, 0x9d, 0xef, 0x9d, 0xef, 0x9d, 0xef, 0x9d, 0xef, 0x9d, 0xef, 0x9d, 0xef, 0x9d, 0xef, 0x9d, 0xef, 0x9d, 0xef, 0x9d, 0xef, 0x9d, 0xef, 0x9d, 0xef, 0x9c, 0xef, 0x9c, 0xef, 0x9b, 0xef, 0x79, 0xf7, 0x78, 0xf7, 0x78, 0xf7, 0x58, 0xf7, 0x58, 0xf7, 0x58, 0xf7, 0x58, 0xf7, 0x58, 0xf7, 0x38, 0xf7, 0x38, 0xf7, 0x58, 0xf7, 0x58, 0xf7, 0x58, 0xf7, 0x58, 0xf7, 0x58, 0xf7, 0x58, 0xf7, 0x58, 0xf7, 0x38, 0xf7, 0x38, 0xf7, 0x38, 0xf7, 0x38, 0xf7, 0x38, 0xf7, 0x38, 0xf7, 0x58, 0xf7, 0x38, 0xf7, 0x38, 0xf7, 0x38, 0xf7, 0x38, 0xf7, 0x38, 0xf7, 0x38, 0xff, 0x38, 0xff, 0x37, 0xff, 0x35, 0xff, 0x75, 0xff, 0x32, 0xfe, 0xad, 0xf6, 0x65, 0xfe, 0x62, 0xfe, 0x62, 0xfe, 0x61, 0xfe, 0x61, 0xfe, 0x81, 0xfe, 0x81, 0xf6, 0x81, 0xfe, 0xa0, 0xfe, 0xa0, 0xfe, 0x80, 0xfe, 0x83, 0xde, 0xa8, 0xdf, 0x4e, 0xdf, 0xd2, 0xd7, 0xf5, 0xcf, 0xf7, 0xc7, 0xf8, 0xc7, 0xf8, 0xc7, 0xf8, 
  0xc7, 0xf8, 0xc7, 0xf8, 0xc7, 0xf8, 0xc7, 0xf8, 0xc7, 0xf8, 0xcf, 0xf8, 0xcf, 0xd9, 0xd7, 0xda, 0xdf, 0xdb, 0xdf, 0xbb, 0xe7, 0xbc, 0xe7, 0xbc, 0xef, 0x9c, 0xef, 0x9d, 0xef, 0x9d, 0xef, 0x9d, 0xef, 0x9d, 0xef, 0x9d, 0xef, 0x9d, 0xef, 0x9d, 0xef, 0x9d, 0xef, 0x9d, 0xef, 0x9d, 0xef, 0x9d, 0xef, 0x9d, 0xef, 0x9d, 0xef, 0x9d, 0xef, 0x9d, 0xef, 0x9d, 0xef, 0x9d, 0xef, 0x9d, 0xef, 0x9d, 0xef, 0x9d, 0xef, 0x9d, 0xef, 0x9d, 0xef, 0x9d, 0xef, 0x9d, 0xef, 0x9d, 0xef, 0x9d, 0xef, 0x9d, 0xef, 0x9d, 0xef, 0x9d, 0xef, 0x9d, 0xef, 0x9d, 0xef, 0x9d, 0xef, 0x9d, 0xef, 0x9d, 0xef, 0x9d, 0xef, 0x9d, 0xef, 0x9d, 0xef, 0x9d, 0xef, 0x9d, 0xef, 0x9d, 0xef, 0x9d, 0xef, 0x9d, 0xef, 0x9d, 0xef, 0x9d, 0xef, 0x9d, 0xef, 0x9d, 0xef, 0x9d, 0xef, 0x9d, 0xef, 0x9d, 0xef, 0x9d, 0xef, 0x9c, 0xef, 0x7a, 0xef, 0x79, 0xef, 0x58, 0xef, 0x58, 0xf7, 0x58, 0xf7, 0x58, 0xf7, 0x58, 0xf7, 0x58, 0xf7, 0x58, 0xf7, 0x58, 0xf7, 0x58, 0xf7, 0x58, 0xf7, 0x58, 0xf7, 0x58, 0xf7, 0x58, 0xf7, 0x58, 0xf7, 0x38, 0xf7, 0x38, 0xf7, 0x38, 0xf7, 0x38, 0xf7, 0x58, 0xf7, 0x58, 0xf7, 0x58, 0xf7, 0x58, 0xf7, 0x58, 0xf7, 0x58, 0xf7, 0x58, 0xf7, 0x58, 0xf7, 0x38, 0xf7, 0x38, 0xf7, 0x38, 0xf7, 0x38, 0xf7, 0x58, 0xf7, 0x57, 0xff, 0x37, 0xff, 0x33, 0xfe, 0xec, 0xfe, 0x66, 0xfe, 0x42, 0xfe, 0x61, 0xfe, 0x40, 0xfe, 0x81, 0xfe, 0x81, 0xfe, 0x80, 0xfe, 0x81, 0xfe, 0x81, 0xfe, 0x81, 0xee, 0xa5, 0xdf, 0x2e, 0xd7, 0xb3, 0xd7, 0xf5, 0xcf, 0xf6, 0xc7, 0xf7, 0xc7, 0xf8, 0xc7, 0xf8, 0xbf, 0xf8, 
  0xc7, 0xf8, 0xc7, 0xf8, 0xc7, 0xf8, 0xc7, 0xf8, 0xc7, 0xf8, 0xcf, 0xf9, 0xd7, 0xfa, 0xd7, 0xda, 0xdf, 0xdb, 0xe7, 0xdc, 0xe7, 0xbc, 0xef, 0xbd, 0xef, 0x9d, 0xef, 0x9c, 0xef, 0x9c, 0xef, 0x9d, 0xef, 0x9c, 0xef, 0x9d, 0xef, 0x9d, 0xef, 0x9d, 0xef, 0x9d, 0xef, 0x9d, 0xef, 0x9d, 0xef, 0x9d, 0xef, 0x9d, 0xef, 0x9d, 0xef, 0x9d, 0xef, 0x9d, 0xef, 0x9d, 0xef, 0x9d, 0xef, 0x9d, 0xef, 0x9d, 0xef, 0x9d, 0xef, 0x9d, 0xef, 0x9d, 0xef, 0x9d, 0xef, 0x9d, 0xef, 0x9d, 0xef, 0x9d, 0xef, 0x9d, 0xef, 0x9d, 0xef, 0x9d, 0xef, 0x9d, 0xef, 0x9d, 0xef, 0x9d, 0xef, 0x9d, 0xef, 0x9d, 0xef, 0x9d, 0xef, 0x9d, 0xef, 0x9d, 0xef, 0x9d, 0xef, 0x9d, 0xef, 0x9d, 0xef, 0x9d, 0xef, 0x9d, 0xef, 0x9d, 0xef, 0x9d, 0xef, 0x9d, 0xef, 0x9d, 0xef, 0x9d, 0xef, 0x9d, 0xef, 0x9d, 0xef, 0x9d, 0xef, 0x9c, 0xef, 0x9b, 0xef, 0x7a, 0xef, 0x59, 0xef, 0x59, 0xf7, 0x59, 0xf7, 0x58, 0xf7, 0x58, 0xf7, 0x58, 0xf7, 0x58, 0xf7, 0x58, 0xf7, 0x58, 0xf7, 0x58, 0xf7, 0x58, 0xf7, 0x58, 0xf7, 0x58, 0xf7, 0x58, 0xf7, 0x58, 0xf7, 0x58, 0xf7, 0x58, 0xf7, 0x58, 0xf7, 0x58, 0xf7, 0x58, 0xf7, 0x58, 0xf7, 0x58, 0xf7, 0x58, 0xf7, 0x58, 0xf7, 0x58, 0xf7, 0x58, 0xf7, 0x58, 0xf7, 0x58, 0xf7, 0x58, 0xf7, 0x58, 0xf7, 0x57, 0xf7, 0x57, 0xf7, 0x77, 0xff, 0x77, 0xff, 0x55, 0xfe, 0xce, 0xf6, 0x85, 0xfe, 0x80, 0xfe, 0x60, 0xfe, 0x60, 0xfe, 0x40, 0xfe, 0x40, 0xfe, 0x82, 0xf6, 0x83, 0xee, 0x84, 0xe6, 0xe9, 0xe7, 0xd1, 0xd7, 0xf5, 0xd7, 0xf6, 0xcf, 0xf7, 0xc7, 0xf8, 0xc7, 0xf8, 0xbf, 0xf8, 0xbf, 0xf9, 
  0xc7, 0xf8, 0xc7, 0xf8, 0xc7, 0xf8, 0xc7, 0xf8, 0xcf, 0xd9, 0xcf, 0xd9, 0xd7, 0xfa, 0xdf, 0xdb, 0xdf, 0xdc, 0xe7, 0xbc, 0xe7, 0xbc, 0xef, 0x9d, 0xef, 0x9c, 0xef, 0x9c, 0xef, 0x9c, 0xef, 0x9c, 0xef, 0x9c, 0xef, 0x9d, 0xef, 0x9d, 0xef, 0x9d, 0xef, 0x9d, 0xef, 0x9d, 0xef, 0x9d, 0xef, 0x9d, 0xef, 0x9d, 0xef, 0x9d, 0xef, 0x9d, 0xef, 0x9d, 0xef, 0x9d, 0xef, 0x9d, 0xef, 0x9d, 0xef, 0x9d, 0xef, 0x9d, 0xef, 0x9d, 0xef, 0x9d, 0xef, 0x9d, 0xef, 0x9d, 0xef, 0x9d, 0xef, 0x9d, 0xef, 0x9d, 0xef, 0x9d, 0xef, 0x9d, 0xef, 0x9d, 0xef, 0x9d, 0xef, 0x9d, 0xef, 0x9d, 0xef, 0x9d, 0xef, 0x9d, 0xef, 0x9d, 0xef, 0x9d, 0xef, 0x9d, 0xef, 0x9d, 0xef, 0x9d, 0xef, 0x9d, 0xef, 0x9d, 0xef, 0x9d, 0xef, 0x9d, 0xef, 0x9d, 0xef, 0x9d, 0xef, 0x9d, 0xef, 0x9d, 0xef, 0x9d, 0xef, 0x9d, 0xef, 0x9c, 0xef, 0x9c, 0xef, 0x7b, 0xef, 0x5a, 0xef, 0x59, 0xef, 0x59, 0xf7, 0x58, 0xf7, 0x58, 0xf7, 0x58, 0xf7, 0x57, 0xf7, 0x57, 0xf7, 0x57, 0xf7, 0x58, 0xf7, 0x58, 0xf7, 0x58, 0xf7, 0x58, 0xf7, 0x58, 0xf7, 0x58, 0xf7, 0x58, 0xf7, 0x58, 0xf7, 0x58, 0xf7, 0x58, 0xf7, 0x58, 0xf7, 0x58, 0xf7, 0x58, 0xf7, 0x58, 0xf7, 0x58, 0xf7, 0x58, 0xf7, 0x58, 0xf7, 0x58, 0xf7, 0x58, 0xf7, 0x58, 0xf7, 0x58, 0xf7, 0x58, 0xf7, 0x78, 0xf7, 0x77, 0xf7, 0x57, 0xf7, 0x58, 0xff, 0x54, 0xff, 0x0b, 0xf6, 0x63, 0xfe, 0x62, 0xfe, 0x40, 0xfe, 0x20, 0xfe, 0x41, 0xfe, 0x83, 0xee, 0x85, 0xe6, 0xc8, 0xe7, 0x8e, 0xdf, 0xf3, 0xcf, 0xf6, 0xcf, 0xf6, 0xc7, 0xf7, 0xc7, 0xf8, 0xbf, 0xf8, 0xbf, 0xf9, 0xbf, 0xf9, 
  0xc7, 0xf8, 0xc7, 0xf8, 0xc7, 0xf8, 0xcf, 0xd9, 0xcf, 0xd9, 0xd7, 0xda, 0xdf, 0xdb, 0xdf, 0xdc, 0xe7, 0xbc, 0xe7, 0xbc, 0xef, 0xbd, 0xef, 0x9d, 0xef, 0x9d, 0xef, 0x9c, 0xef, 0x9c, 0xef, 0x9c, 0xef, 0x9c, 0xef, 0x9d, 0xef, 0x9d, 0xef, 0x9d, 0xef, 0x9d, 0xef, 0x9d, 0xef, 0x9d, 0xef, 0x9d, 0xef, 0x9d, 0xef, 0x9d, 0xef, 0x9d, 0xef, 0x9d, 0xef, 0x9d, 0xef, 0x9d, 0xef, 0x9d, 0xef, 0x9d, 0xef, 0x9d, 0xef, 0x9d, 0xef, 0x9d, 0xef, 0x9d, 0xef, 0x9d, 0xef, 0x9d, 0xef, 0x9d, 0xef, 0x9d, 0xef, 0x9d, 0xef, 0x9d, 0xef, 0x9d, 0xef, 0x9d, 0xef, 0x9d, 0xef, 0x9d, 0xef, 0x9d, 0xef, 0x9d, 0xef, 0x9d, 0xef, 0x9d, 0xef, 0x9d, 0xef, 0x9d, 0xef, 0x9d, 0xef, 0x9d, 0xef, 0x9d, 0xef, 0x9d, 0xef, 0x9d, 0xef, 0x9d, 0xef, 0x9d, 0xef, 0x9d, 0xef, 0x9d, 0xef, 0x9d, 0xef, 0x9d, 0xef, 0x9d, 0xef, 0x9c, 0xef, 0x9c, 0xef, 0x7b, 0xef, 0x7a, 0xef, 0x59, 0xef, 0x58, 0xf7, 0x58, 0xf7, 0x58, 0xf7, 0x57, 0xf7, 0x57, 0xf7, 0x57, 0xf7, 0x58, 0xf7, 0x58, 0xf7, 0x58, 0xf7, 0x59, 0xf7, 0x58, 0xf7, 0x58, 0xf7, 0x58, 0xf7, 0x58, 0xf7, 0x58, 0xf7, 0x58, 0xf7, 0x58, 0xf7, 0x58, 0xf7, 0x58, 0xf7, 0x58, 0xf7, 0x58, 0xf7, 0x58, 0xf7, 0x58, 0xf7, 0x58, 0xf7, 0x58, 0xf7, 0x58, 0xf7, 0x58, 0xf7, 0x38, 0xf7, 0x79, 0xf7, 0x78, 0xef, 0x37, 0xef, 0x57, 0xff, 0x97, 0xff, 0x53, 0xf6, 0xac, 0xf6, 0x23, 0xfe, 0x61, 0xfe, 0x61, 0xfe, 0x41, 0xf6, 0x64, 0xe6, 0xc8, 0xdf, 0x4f, 0xdf, 0xf4, 0xcf, 0xf6, 0xc7, 0xf7, 0xc7, 0xf7, 0xc7, 0xf8, 0xc7, 0xf9, 0xbf, 0xf9, 0xbf, 0xf9, 0xc7, 0xf9, 
  0xc7, 0xf8, 0xc7, 0xf8, 0xcf, 0xf9, 0xcf, 0xf9, 0xd7, 0xda, 0xdf, 0xdb, 0xdf, 0xdc, 0xe7, 0xbc, 0xe7, 0xbc, 0xef, 0xbd, 0xef, 0x9d, 0xef, 0x9d, 0xef, 0x9d, 0xef, 0x9d, 0xef, 0x9c, 0xef, 0x9c, 0xef, 0x9c, 0xef, 0x9d, 0xef, 0x9d, 0xef, 0x9d, 0xef, 0x9d, 0xef, 0x9d, 0xef, 0x9d, 0xef, 0x9d, 0xef, 0x9d, 0xef, 0x9d, 0xef, 0x9d, 0xef, 0x9d, 0xef, 0x9d, 0xef, 0x9d, 0xef, 0x9d, 0xef, 0x9d, 0xef, 0x9d, 0xef, 0x9d, 0xef, 0x9d, 0xef, 0x9d, 0xef, 0x9d, 0xef, 0x9d, 0xef, 0x9d, 0xef, 0x9d, 0xef, 0x9d, 0xef, 0x9d, 0xef, 0x9d, 0xef, 0x9d, 0xef, 0x9d, 0xef, 0x9d, 0xef, 0x9d, 0xef, 0x9d, 0xef, 0x9d, 0xef, 0x9d, 0xef, 0x9d, 0xef, 0x9d, 0xef, 0x9d, 0xef, 0x9d, 0xef, 0x9d, 0xef, 0x9d, 0xef, 0x9d, 0xef, 0x9d, 0xef, 0x9d, 0xef, 0x9d, 0xef, 0x9d, 0xef, 0x9d, 0xef, 0x9d, 0xef, 0x9d, 0xef, 0x9d, 0xef, 0x9d, 0xef, 0x9c, 0xef, 0x7b, 0xef, 0x7a, 0xef, 0x59, 0xef, 0x58, 0xf7, 0x58, 0xf7, 0x57, 0xf7, 0x57, 0xf7, 0x57, 0xf7, 0x58, 0xf7, 0x58, 0xf7, 0x38, 0xf7, 0x38, 0xf7, 0x38, 0xf7, 0x58, 0xf7, 0x58, 0xf7, 0x58, 0xf7, 0x58, 0xf7, 0x58, 0xf7, 0x58, 0xf7, 0x58, 0xf7, 0x58, 0xf7, 0x58, 0xf7, 0x58, 0xf7, 0x58, 0xf7, 0x58, 0xf7, 0x58, 0xf7, 0x58, 0xf7, 0x58, 0xf7, 0x58, 0xf7, 0x38, 0xf7, 0x59, 0xf7, 0x78, 0xef, 0x78, 0xef, 0x78, 0xf7, 0x78, 0xf7, 0x57, 0xff, 0x33, 0xf6, 0x68, 0xfe, 0x84, 0xfe, 0x62, 0xf6, 0x43, 0xee, 0xa8, 0xef, 0x8f, 0xdf, 0xf4, 0xcf, 0xf7, 0xc7, 0xf7, 0xc7, 0xf8, 0xc7, 0xf8, 0xc7, 0xf9, 0xbf, 0xf9, 0xbf, 0xf9, 0xbf, 0xf9, 0xc7, 0xf9, 
  0xc7, 0xf8, 0xcf, 0xf8, 0xcf, 0xf9, 0xd7, 0xda, 0xdf, 0xdb, 0xdf, 0xdc, 0xe7, 0xbc, 0xe7, 0xbd, 0xef, 0xbd, 0xef, 0x9d, 0xef, 0x9d, 0xef, 0x9d, 0xef, 0x9d, 0xef, 0x9c, 0xef, 0xbc, 0xef, 0xbc, 0xef, 0x9c, 0xef, 0x9d, 0xef, 0x9d, 0xef, 0x9d, 0xef, 0x9d, 0xef, 0x9d, 0xef, 0x9d, 0xef, 0x9d, 0xef, 0x9d, 0xef, 0x9d, 0xef, 0x9d, 0xef, 0x9d, 0xef, 0x9d, 0xef, 0x9d, 0xef, 0x9d, 0xef, 0x9d, 0xef, 0x9d, 0xef, 0x9d, 0xef, 0x9d, 0xef, 0x9d, 0xef, 0x9d, 0xef, 0x9d, 0xef, 0x9d, 0xef, 0x9d, 0xef, 0x9d, 0xef, 0x9d, 0xef, 0x9d, 0xef, 0x9d, 0xef, 0x9d, 0xef, 0x9d, 0xef, 0x9d, 0xef, 0x9d, 0xef, 0x9d, 0xef, 0x9d, 0xef, 0x9d, 0xef, 0x9d, 0xef, 0x9d, 0xef, 0x9d, 0xef, 0x9d, 0xef, 0x9d, 0xef, 0x9d, 0xef, 0x9d, 0xef, 0x9d, 0xef, 0x9d, 0xef, 0x9d, 0xef, 0x9d, 0xef, 0x9d, 0xef, 0x9d, 0xef, 0x9d, 0xef, 0x9d, 0xef, 0x9d, 0xef, 0x9c, 0xef, 0x7b, 0xef, 0x7a, 0xef, 0x79, 0xf7, 0x59, 0xf7, 0x58, 0xf7, 0x58, 0xf7, 0x58, 0xf7, 0x58, 0xf7, 0x58, 0xf7, 0x58, 0xf7, 0x58, 0xf7, 0x58, 0xf7, 0x58, 0xf7, 0x58, 0xf7, 0x58, 0xf7, 0x58, 0xf7, 0x59, 0xf7, 0x59, 0xf7, 0x59, 0xf7, 0x59, 0xf7, 0x59, 0xf7, 0x59, 0xf7, 0x58, 0xf7, 0x58, 0xf7, 0x58, 0xf7, 0x58, 0xf7, 0x58, 0xf7, 0x38, 0xff, 0x38, 0xf7, 0x38, 0xf7, 0x58, 0xf7, 0x78, 0xf7, 0x59, 0xf7, 0x58, 0xf7, 0x38, 0xff, 0x76, 0xff, 0x0e, 0xee, 0x88, 0xee, 0x86, 0xee, 0xe9, 0xe7, 0x50, 0xe7, 0xf5, 0xcf, 0xf7, 0xbf, 0xf7, 0xc7, 0xf8, 0xc7, 0xf8, 0xc7, 0xf9, 0xc7, 0xf9, 0xc7, 0xf9, 0xc7, 0xf9, 0xc7, 0xf9, 0xc7, 0xf9, 
  0xcf, 0xf8, 0xcf, 0xf9, 0xd7, 0xd9, 0xd7, 0xda, 0xdf, 0xdb, 0xe7, 0xdc, 0xef, 0xbd, 0xef, 0x9d, 0xef, 0x9d, 0xef, 0x9d, 0xef, 0x9d, 0xef, 0x9d, 0xef, 0x9c, 0xe7, 0x9c, 0xe7, 0x9c, 0xe7, 0x9c, 0xef, 0x9d, 0xef, 0x9d, 0xef, 0x9d, 0xef, 0x9d, 0xef, 0x9d, 0xef, 0x9d, 0xef, 0x9d, 0xef, 0x9d, 0xef, 0x9d, 0xef, 0x9d, 0xef, 0x9d, 0xef, 0x9d, 0xef, 0x9d, 0xef, 0x9d, 0xef, 0x9d, 0xef, 0x9d, 0xef, 0x9d, 0xef, 0x9d, 0xef, 0x9d, 0xef, 0x9d, 0xef, 0x9d, 0xef, 0x9d, 0xef, 0x9d, 0xef, 0x9d, 0xef, 0x9d, 0xef, 0x9d, 0xef, 0x9d, 0xef, 0x9d, 0xef, 0x9d, 0xef, 0x9d, 0xef, 0x9d, 0xef, 0x9d, 0xef, 0x9d, 0xef, 0x9d, 0xef, 0x9d, 0xef, 0x9d, 0xef, 0x9d, 0xef, 0x9d, 0xef, 0x9d, 0xef, 0x9d, 0xef, 0x9d, 0xef, 0x9d, 0xef, 0x9d, 0xef, 0x9d, 0xef, 0x9d, 0xef, 0x9d, 0xef, 0x9d, 0xef, 0x9d, 0xef, 0x9d, 0xef, 0x9d, 0xef, 0x9d, 0xef, 0x9c, 0xef, 0x9c, 0xef, 0x9b, 0xef, 0x7a, 0xef, 0x59, 0xf7, 0x59, 0xf7, 0x59, 0xf7, 0x59, 0xf7, 0x58, 0xf7, 0x58, 0xf7, 0x58, 0xf7, 0x58, 0xf7, 0x58, 0xf7, 0x58, 0xf7, 0x59, 0xf7, 0x59, 0xf7, 0x59, 0xf7, 0x59, 0xf7, 0x59, 0xf7, 0x59, 0xf7, 0x59, 0xf7, 0x59, 0xf7, 0x59, 0xf7, 0x59, 0xf7, 0x59, 0xf7, 0x59, 0xf7, 0x59, 0xf7, 0x59, 0xff, 0x58, 0xff, 0x58, 0xff, 0x38, 0xf7, 0x37, 0xf7, 0x38, 0xf7, 0x59, 0xf7, 0x59, 0xf7, 0x59, 0xf7, 0x57, 0xff, 0x73, 0xde, 0xad, 0xde, 0xec, 0xef, 0xd1, 0xe7, 0xd5, 0xcf, 0xb7, 0xc7, 0xf8, 0xc7, 0xf9, 0xc7, 0xf8, 0xc7, 0xf8, 0xc7, 0xf9, 0xbf, 0xf9, 0xc7, 0xf9, 0xc7, 0xf9, 0xc7, 0xf9, 0xc7, 0xf8, 
  0xcf, 0xd9, 0xcf, 0xf9, 0xd7, 0xda, 0xdf, 0xdb, 0xe7, 0xdc, 0xe7, 0xbc, 0xef, 0x9d, 0xef, 0x7d, 0xef, 0x9d, 0xef, 0x9d, 0xef, 0x9d, 0xef, 0x9d, 0xe7, 0x9c, 0xe7, 0x9c, 0xe7, 0x9c, 0xef, 0x9c, 0xef, 0x9c, 0xef, 0x9d, 0xef, 0x9d, 0xef, 0x9d, 0xef, 0x9d, 0xef, 0x9d, 0xef, 0x9d, 0xef, 0x9d, 0xef, 0x9d, 0xef, 0x9d, 0xef, 0x9d, 0xef, 0x9d, 0xef, 0x9d, 0xef, 0x9d, 0xef, 0x9d, 0xef, 0x9d, 0xef, 0x9d, 0xef, 0x9d, 0xef, 0x9d, 0xef, 0x9d, 0xef, 0x9d, 0xef, 0x9d, 0xef, 0x9d, 0xef, 0x9d, 0xef, 0x9d, 0xef, 0x9d, 0xef, 0x9d, 0xef, 0x9d, 0xef, 0x9d, 0xef, 0x9d, 0xef, 0x9d, 0xef, 0x9d, 0xef, 0x9d, 0xef, 0x9d, 0xef, 0x9d, 0xef, 0x9d, 0xef, 0x9d, 0xef, 0x9d, 0xef, 0x9d, 0xef, 0x9d, 0xef, 0x9d, 0xef, 0x9d, 0xef, 0x9d, 0xef, 0x9d, 0xef, 0x9d, 0xef, 0x9d, 0xef, 0x9d, 0xef, 0x9d, 0xe7, 0x9d, 0xe7, 0x9d, 0xef, 0x9d, 0xef, 0x9c, 0xef, 0x9c, 0xef, 0x9c, 0xef, 0x9c, 0xf7, 0x7b, 0xef, 0x5a, 0xf7, 0x5a, 0xf7, 0x59, 0xf7, 0x59, 0xf7, 0x59, 0xf7, 0x58, 0xf7, 0x58, 0xf7, 0x58, 0xf7, 0x38, 0xf7, 0x38, 0xf7, 0x38, 0xf7, 0x38, 0xf7, 0x38, 0xf7, 0x58, 0xf7, 0x58, 0xf7, 0x58, 0xf7, 0x58, 0xf7, 0x58, 0xf7, 0x58, 0xf7, 0x58, 0xf7, 0x58, 0xf7, 0x58, 0xff, 0x58, 0xff, 0x38, 0xff, 0x38, 0xff, 0x38, 0xff, 0x38, 0xf7, 0x58, 0xf7, 0x58, 0xf7, 0x59, 0xf7, 0x59, 0xf7, 0x58, 0xf7, 0x77, 0xef, 0x96, 0xe7, 0xb5, 0xd7, 0xd5, 0xcf, 0xd6, 0xc7, 0xf8, 0xc7, 0xf9, 0xbf, 0xf9, 0xc7, 0xf8, 0xc7, 0xf8, 0xc7, 0xf8, 0xc7, 0xf8, 0xc7, 0xf8, 0xc7, 0xf8, 0xc7, 0xf8, 0xc7, 0xf8, 
  0xcf, 0xd9, 0xd7, 0xda, 0xd7, 0xda, 0xdf, 0xdb, 0xe7, 0xbc, 0xef, 0x9d, 0xef, 0x9d, 0xef, 0x7d, 0xef, 0x9d, 0xef, 0x9d, 0xef, 0x9d, 0xef, 0x9d, 0xef, 0xbc, 0xef, 0xbc, 0xef, 0x9d, 0xef, 0x9d, 0xef, 0x9d, 0xef, 0x9d, 0xef, 0x9d, 0xef, 0x9d, 0xef, 0x9d, 0xef, 0x9d, 0xef, 0x9d, 0xef, 0x9d, 0xef, 0x9d, 0xef, 0x9d, 0xef, 0x9d, 0xef, 0x9d, 0xef, 0x9d, 0xef, 0x9d, 0xef, 0x9d, 0xef, 0x9d, 0xef, 0x9d, 0xef, 0x9d, 0xef, 0x9d, 0xef, 0x9d, 0xef, 0x9d, 0xef, 0x9d, 0xef, 0x9d, 0xef, 0x9d, 0xef, 0x9d, 0xef, 0x9d, 0xef, 0x9d, 0xef, 0x9d, 0xef, 0x9d, 0xef, 0x9d, 0xef, 0x9d, 0xef, 0x9d, 0xef, 0x9d, 0xef, 0x9d, 0xef, 0x9d, 0xef, 0x9d, 0xef, 0x9d, 0xef, 0x9d, 0xef, 0x9d, 0xef, 0x9d, 0xef, 0x9d, 0xef, 0x9d, 0xef, 0x9d, 0xef, 0x9d, 0xef, 0x9d, 0xef, 0x9d, 0xef, 0x9d, 0xef, 0x9d, 0xe7, 0x9c, 0xe7, 0x9c, 0xef, 0x9d, 0xef, 0x9d, 0xef, 0x9d, 0xef, 0x9d, 0xef, 0x7c, 0xef, 0x7c, 0xef, 0x7b, 0xef, 0x5b, 0xf7, 0x5a, 0xf7, 0x5a, 0xf7, 0x59, 0xf7, 0x59, 0xf7, 0x58, 0xf7, 0x58, 0xf7, 0x58, 0xf7, 0x38, 0xf7, 0x38, 0xf7, 0x38, 0xf7, 0x58, 0xf7, 0x58, 0xff, 0x58, 0xff, 0x58, 0xff, 0x58, 0xff, 0x58, 0xf7, 0x58, 0xf7, 0x58, 0xf7, 0x58, 0xf7, 0x58, 0xf7, 0x38, 0xf7, 0x38, 0xff, 0x38, 0xff, 0x38, 0xf7, 0x58, 0xf7, 0x58, 0xf7, 0x59, 0xf7, 0x59, 0xf7, 0x59, 0xf7, 0x79, 0xef, 0x9a, 0xe7, 0xba, 0xdf, 0xd9, 0xcf, 0xf8, 0xc7, 0xf7, 0xc7, 0xf8, 0xc7, 0xf9, 0xc7, 0xf9, 0xc7, 0xf8, 0xc7, 0xf8, 0xc7, 0xf8, 0xc7, 0xf8, 0xc7, 0xf8, 0xc7, 0xf8, 0xc7, 0xf8, 0xcf, 0xf8, 
  0xd7, 0xd9, 0xd7, 0xda, 0xdf, 0xdb, 0xe7, 0xdc, 0xe7, 0xbd, 0xef, 0x9d, 0xef, 0x9d, 0xef, 0x9d, 0xef, 0x9d, 0xef, 0x9d, 0xef, 0x9c, 0xef, 0xbc, 0xef, 0xbc, 0xef, 0xbd, 0xef, 0x9d, 0xef, 0x9d, 0xef, 0x9d, 0xef, 0x9d, 0xef, 0x9d, 0xef, 0x9d, 0xef, 0x9d, 0xef, 0x9d, 0xef, 0x9d, 0xef, 0x9d, 0xef, 0x9d, 0xef, 0x9d, 0xef, 0x9d, 0xef, 0x9d, 0xef, 0x9d, 0xef, 0x9d, 0xef, 0x9d, 0xef, 0x9d, 0xef, 0x9d, 0xef, 0x9d, 0xef, 0x9d, 0xef, 0x9d, 0xef, 0x9d, 0xef, 0x9d, 0xef, 0x9d, 0xef, 0x9d, 0xef, 0x9d, 0xef, 0x9d, 0xef, 0x9d, 0xef, 0x9d, 0xef, 0x9d, 0xef, 0x9d, 0xef, 0x9d, 0xef, 0x9d, 0xef, 0x9d, 0xef, 0x9d, 0xef, 0x9d, 0xef, 0x9d, 0xef, 0x9d, 0xef, 0x9d, 0xef, 0x9d, 0xef, 0x9d, 0xef, 0x9d, 0xef, 0x9d, 0xef, 0x9d, 0xef, 0x9d, 0xef, 0x9d, 0xef, 0x9d, 0xef, 0x9d, 0xef, 0x9c, 0xef, 0xbc, 0xef, 0xbc, 0xef, 0x9d, 0xef, 0x9d, 0xef, 0x9d, 0xef, 0x9d, 0xef, 0x9d, 0xef, 0x9d, 0xef, 0x7c, 0xef, 0x7c, 0xf7, 0x7b, 0xf7, 0x7b, 0xef, 0x7a, 0xef, 0x59, 0xef, 0x59, 0xef, 0x58, 0xf7, 0x58, 0xf7, 0x58, 0xf7, 0x58, 0xf7, 0x58, 0xf7, 0x58, 0xf7, 0x58, 0xf7, 0x58, 0xf7, 0x58, 0xf7, 0x58, 0xf7, 0x58, 0xf7, 0x58, 0xf7, 0x58, 0xf7, 0x58, 0xf7, 0x58, 0xf7, 0x58, 0xf7, 0x59, 0xf7, 0x39, 0xf7, 0x39, 0xef, 0x59, 0xef, 0x79, 0xef, 0x7a, 0xef, 0x7a, 0xef, 0x7a, 0xef, 0x7b, 0xef, 0xbc, 0xe7, 0xdd, 0xd7, 0xfc, 0xcf, 0xfa, 0xc7, 0xf8, 0xc7, 0xf7, 0xc7, 0xf8, 0xc7, 0xf8, 0xc7, 0xf8, 0xc7, 0xf8, 0xc7, 0xf8, 0xcf, 0xf8, 0xcf, 0xf8, 0xcf, 0xf8, 0xcf, 0xf8, 0xcf, 0xf8, 
  0xd7, 0xba, 0xdf, 0xdb, 0xe7, 0xdc, 0xe7, 0xbc, 0xef, 0x9d, 0xef, 0x7d, 0xef, 0x7d, 0xef, 0x9d, 0xef, 0x9d, 0xef, 0x9d, 0xef, 0xbc, 0xe7, 0xbc, 0xe7, 0xbc, 0xef, 0x9d, 0xef, 0x9d, 0xef, 0x9d, 0xef, 0x9d, 0xef, 0x9d, 0xef, 0x9d, 0xef, 0x9d, 0xef, 0x9d, 0xef, 0x9d, 0xef, 0x9d, 0xef, 0x9d, 0xef, 0x9d, 0xef, 0x9d, 0xef, 0x9d, 0xef, 0x9d, 0xef, 0x9d, 0xef, 0x9d, 0xef, 0x9d, 0xef, 0x9d, 0xef, 0x9d, 0xef, 0x9d, 0xef, 0x9d, 0xef, 0x9d, 0xef, 0x9d, 0xef, 0x9d, 0xef, 0x9d, 0xef, 0x9d, 0xef, 0x9d, 0xef, 0x9d, 0xef, 0x9d, 0xef, 0x9d, 0xef, 0x9d, 0xef, 0x9d, 0xef, 0x9d, 0xef, 0x9d, 0xef, 0x9d, 0xef, 0x9d, 0xef, 0x9d, 0xef, 0x9d, 0xef, 0x9d, 0xef, 0x9d, 0xef, 0x9d, 0xef, 0x9d, 0xef, 0x9d, 0xef, 0x9d, 0xef, 0x9d, 0xef, 0x9d, 0xef, 0x9d, 0xef, 0x9d, 0xef, 0x9d, 0xef, 0x9c, 0xef, 0xbc, 0xef, 0xbc, 0xef, 0x9d, 0xef, 0x9d, 0xef, 0x9d, 0xef, 0x9d, 0xef, 0x9d, 0xef, 0x9d, 0xef, 0x9d, 0xef, 0x9c, 0xef, 0x9c, 0xef, 0x9b, 0xef, 0x9b, 0xef, 0x7a, 0xef, 0x7a, 0xef, 0x79, 0xef, 0x59, 0xf7, 0x58, 0xf7, 0x58, 0xf7, 0x58, 0xf7, 0x58, 0xf7, 0x58, 0xf7, 0x58, 0xf7, 0x58, 0xf7, 0x58, 0xf7, 0x58, 0xf7, 0x58, 0xf7, 0x58, 0xf7, 0x58, 0xf7, 0x58, 0xf7, 0x58, 0xf7, 0x59, 0xf7, 0x5a, 0xef, 0x5a, 0xef, 0x7a, 0xef, 0x7a, 0xef, 0x9b, 0xef, 0x9b, 0xef, 0x9b, 0xef, 0x9c, 0xe7, 0xbd, 0xe7, 0xbd, 0xd7, 0xdc, 0xcf, 0xdb, 0xc7, 0xf8, 0xc7, 0xf7, 0xcf, 0xf8, 0xcf, 0xf8, 0xc7, 0xf8, 0xc7, 0xf8, 0xcf, 0xf8, 0xcf, 0xf8, 0xcf, 0xf8, 0xcf, 0xf8, 0xcf, 0xf8, 0xcf, 0xf8, 
  0xd7, 0xba, 0xdf, 0xdb, 0xe7, 0xdc, 0xe7, 0xbd, 0xef, 0x9d, 0xef, 0x7d, 0xef, 0x7d, 0xef, 0x9d, 0xef, 0x9d, 0xef, 0xbc, 0xe7, 0xbc, 0xe7, 0xbc, 0xe7, 0xbc, 0xef, 0x9d, 0xef, 0x9d, 0xef, 0x9d, 0xef, 0x9d, 0xef, 0x9d, 0xef, 0x9d, 0xef, 0x9d, 0xef, 0x9d, 0xef, 0x9d, 0xef, 0x9d, 0xef, 0x9d, 0xef, 0x9d, 0xef, 0x9d, 0xef, 0x9d, 0xef, 0x9d, 0xef, 0x9d, 0xef, 0x9d, 0xef, 0x9d, 0xef, 0x9d, 0xef, 0x9d, 0xef, 0x9d, 0xef, 0x9d, 0xef, 0x9d, 0xef, 0x9d, 0xef, 0x9d, 0xef, 0x9d, 0xef, 0x9d, 0xef, 0x9d, 0xef, 0x9d, 0xef, 0x9d, 0xef, 0x9d, 0xef, 0x9d, 0xef, 0x9d, 0xef, 0x9d, 0xef, 0x9d, 0xef, 0x9d, 0xef, 0x9d, 0xef, 0x9d, 0xef, 0x9d, 0xef, 0x9d, 0xef, 0x9d, 0xef, 0x9d, 0xef, 0x9d, 0xef, 0x9d, 0xef, 0x9d, 0xef, 0x9d, 0xef, 0x9d, 0xef, 0x9d, 0xef, 0x9d, 0xef, 0x9d, 0xef, 0x9c, 0xef, 0x9c, 0xef, 0x9c, 0xef, 0x9c, 0xef, 0x9d, 0xef, 0x9d, 0xef, 0x9d, 0xef, 0x9d, 0xef, 0x9d, 0xef, 0x9d, 0xef, 0x9d, 0xef, 0x9c, 0xef, 0x9c, 0xef, 0x9c, 0xef, 0x9b, 0xef, 0x9b, 0xef, 0x9b, 0xef, 0x7a, 0xf7, 0x7a, 0xef, 0x79, 0xef, 0x79, 0xef, 0x59, 0xef, 0x59, 0xef, 0x59, 0xef, 0x59, 0xef, 0x39, 0xef, 0x59, 0xef, 0x59, 0xef, 0x59, 0xef, 0x59, 0xef, 0x59, 0xef, 0x59, 0xef, 0x5a, 0xef, 0x7b, 0xef, 0x7b, 0xef, 0x9b, 0xef, 0x9b, 0xef, 0xbb, 0xef, 0x9c, 0xef, 0x9d, 0xef, 0x9d, 0xe7, 0x9c, 0xe7, 0xbc, 0xdf, 0xdc, 0xd7, 0xda, 0xcf, 0xd9, 0xcf, 0xf8, 0xcf, 0xf7, 0xc7, 0xf7, 0xc7, 0xf8, 0xc7, 0xf8, 0xc7, 0xf8, 0xc7, 0xf8, 0xc7, 0xf8, 0xc7, 0xf8, 0xc7, 0xf8, 0xc7, 0xf8, 
  0xdf, 0xbb, 0xdf, 0xdb, 0xe7, 0xbc, 0xe7, 0xbd, 0xef, 0x9d, 0xef, 0x7d, 0xef, 0x7d, 0xef, 0x9d, 0xef, 0x9d, 0xe7, 0xbc, 0xe7, 0xbc, 0xe7, 0xbc, 0xe7, 0xbc, 0xef, 0x9d, 0xef, 0x9d, 0xef, 0x9d, 0xef, 0x9d, 0xef, 0x9d, 0xef, 0x9d, 0xef, 0x9d, 0xef, 0x9d, 0xef, 0x9d, 0xef, 0x9d, 0xef, 0x9d, 0xef, 0x9d, 0xef, 0x9d, 0xef, 0x9d, 0xef, 0x9d, 0xef, 0x9d, 0xef, 0x9d, 0xef, 0x9d, 0xef, 0x9d, 0xef, 0x9d, 0xef, 0x9d, 0xef, 0x9d, 0xef, 0x9d, 0xef, 0x9d, 0xef, 0x9d, 0xef, 0x9d, 0xef, 0x9d, 0xef, 0x9d, 0xef, 0x9d, 0xef, 0x9d, 0xef, 0x9d, 0xef, 0x9d, 0xef, 0x9d, 0xef, 0x9d, 0xef, 0x9d, 0xef, 0x9d, 0xef, 0x9d, 0xef, 0x9d, 0xef, 0x9d, 0xef, 0x9d, 0xef, 0x9d, 0xef, 0x9d, 0xef, 0x9d, 0xef, 0x9d, 0xef, 0x9d, 0xef, 0x9d, 0xef, 0x9d, 0xef, 0x9d, 0xef, 0x9d, 0xef, 0x9d, 0xef, 0x9d, 0xef, 0x9c, 0xef, 0x9d, 0xef, 0x9d, 0xef, 0x9d, 0xef, 0x9d, 0xef, 0x9d, 0xef, 0x9d, 0xef, 0x9d, 0xef, 0x9d, 0xef, 0x9d, 0xef, 0x9d, 0xef, 0x9c, 0xef, 0xbc, 0xef, 0xbc, 0xef, 0xbc, 0xef, 0xbc, 0xef, 0x9b, 0xef, 0x9b, 0xef, 0x9b, 0xef, 0x9b, 0xef, 0x9b, 0xef, 0x7b, 0xef, 0x7a, 0xef, 0x7a, 0xef, 0x7a, 0xef, 0x7a, 0xef, 0x7a, 0xef, 0x7b, 0xef, 0x9b, 0xef, 0x9b, 0xef, 0x9b, 0xef, 0x9b, 0xef, 0x9c, 0xef, 0x9c, 0xef, 0x9d, 0xef, 0x9d, 0xef, 0x9c, 0xef, 0x9c, 0xef, 0x9d, 0xef, 0x9d, 0xe7, 0xbc, 0xe7, 0xbc, 0xe7, 0xdc, 0xdf, 0xdb, 0xcf, 0xd9, 0xcf, 0xf8, 0xc7, 0xf8, 0xc7, 0xf7, 0xc7, 0xf8, 0xc7, 0xf8, 0xc7, 0xf8, 0xc7, 0xf8, 0xc7, 0xf8, 0xc7, 0xf8, 0xc7, 0xf8, 0xc7, 0xf8, 
  0xdf, 0xdb, 0xe7, 0xdc, 0xe7, 0xbc, 0xef, 0x9d, 0xef, 0x9d, 0xef, 0x7d, 0xef, 0x7d, 0xef, 0x9d, 0xef, 0xbc, 0xe7, 0xbc, 0xe7, 0xbc, 0xe7, 0xbc, 0xe7, 0xbc, 0xef, 0x9d, 0xef, 0x9d, 0xef, 0x9d, 0xef, 0x9d, 0xef, 0x9d, 0xef, 0x9d, 0xef, 0x9d, 0xef, 0x9d, 0xef, 0x9d, 0xef, 0x9d, 0xef, 0x9d, 0xef, 0x9d, 0xef, 0x9d, 0xef, 0x9d, 0xef, 0x9d, 0xef, 0x9d, 0xef, 0x9d, 0xef, 0x9d, 0xef, 0x9d, 0xef, 0x9d, 0xef, 0x9d, 0xef, 0x9d, 0xef, 0x9d, 0xef, 0x9d, 0xef, 0x9d, 0xef, 0x9d, 0xef, 0x9d, 0xef, 0x9d, 0xef, 0x9d, 0xef, 0x9d, 0xef, 0x9d, 0xef, 0x9d, 0xef, 0x9d, 0xef, 0x9d, 0xef, 0x9d, 0xef, 0x9d, 0xef, 0x9d, 0xef, 0x9d, 0xef, 0x9d, 0xef, 0x9d, 0xef, 0x9d, 0xef, 0x9d, 0xef, 0x9d, 0xef, 0x9d, 0xef, 0x9d, 0xef, 0x9d, 0xef, 0x9d, 0xef, 0x9d, 0xef, 0x9d, 0xef, 0x9d, 0xef, 0x9d, 0xef, 0x9d, 0xef, 0x9d, 0xef, 0x9d, 0xef, 0x9d, 0xef, 0x9c, 0xef, 0x9c, 0xe7, 0x9c, 0xe7, 0x9c, 0xe7, 0x9c, 0xe7, 0x9c, 0xe7, 0x9c, 0xef, 0x9d, 0xef, 0x9d, 0xef, 0x9d, 0xef, 0x9d, 0xef, 0x9d, 0xef, 0x9d, 0xef, 0x9c, 0xef, 0x9c, 0xef, 0x9c, 0xef, 0x9c, 0xef, 0x9c, 0xef, 0x9c, 0xef, 0x9c, 0xef, 0x9c, 0xef, 0x9c, 0xef, 0x9c, 0xef, 0x9c, 0xef, 0x9d, 0xef, 0x9d, 0xef, 0x9d, 0xef, 0xbc, 0xe7, 0xbc, 0xe7, 0xbc, 0xef, 0x9d, 0xef, 0x9e, 0xef, 0x9d, 0xef, 0x9d, 0xef, 0x9c, 0xef, 0xbb, 0xe7, 0xbc, 0xef, 0xdc, 0xe7, 0xdc, 0xdf, 0xbb, 0xd7, 0xba, 0xcf, 0xd9, 0xc7, 0xf8, 0xbf, 0xf8, 0xbf, 0xf8, 0xc7, 0xf8, 0xc7, 0xf8, 0xc7, 0xf8, 0xc7, 0xf8, 0xc7, 0xf8, 0xc7, 0xf8, 0xc7, 0xf8, 
  0xe7, 0xbc, 0xe7, 0xbc, 0xe7, 0xbc, 0xef, 0x9d, 0xef, 0x9d, 0xef, 0x9d, 0xef, 0x9d, 0xef, 0x9d, 0xe7, 0x9c, 0xe7, 0xbc, 0xe7, 0xbc, 0xe7, 0xbc, 0xe7, 0x9c, 0xef, 0x9d, 0xef, 0x9d, 0xef, 0x9d, 0xef, 0x9d, 0xef, 0x9d, 0xef, 0x9d, 0xef, 0x9d, 0xef, 0x9d, 0xef, 0x9d, 0xef, 0x9d, 0xef, 0x9d, 0xef, 0x9d, 0xef, 0x9d, 0xef, 0x9d, 0xef, 0x9d, 0xef, 0x9d, 0xef, 0x9d, 0xef, 0x9d, 0xef, 0x9d, 0xef, 0x9d, 0xef, 0x9d, 0xef, 0x9d, 0xef, 0x9d, 0xef, 0x9d, 0xef, 0x9d, 0xef, 0x9d, 0xef, 0x9d, 0xef, 0x9d, 0xef, 0x9d, 0xef, 0x9d, 0xef, 0x9d, 0xef, 0x9d, 0xef, 0x9d, 0xef, 0x9d, 0xef, 0x9d, 0xef, 0x9d, 0xef, 0x9d, 0xef, 0x9d, 0xef, 0x9d, 0xef, 0x9d, 0xef, 0x9d, 0xef, 0x9d, 0xef, 0x9d, 0xef, 0x9d, 0xef, 0x9d, 0xef, 0x9d, 0xef, 0x9d, 0xef, 0x9d, 0xef, 0x9d, 0xef, 0x9d, 0xef, 0x9d, 0xef, 0x9d, 0xef, 0x9d, 0xef, 0x9d, 0xef, 0x9d, 0xef, 0x9d, 0xef, 0x9c, 0xef, 0xbc, 0xef, 0xbc, 0xef, 0xbc, 0xe7, 0x9c, 0xe7, 0x9c, 0xe7, 0x9c, 0xe7, 0x9d, 0xe7, 0x9d, 0xe7, 0x9d, 0xe7, 0x9d, 0xef, 0x9d, 0xef, 0x9d, 0xef, 0x9d, 0xef, 0x9d, 0xef, 0x9d, 0xef, 0x9d, 0xef, 0x9d, 0xef, 0x9d, 0xef, 0x9d, 0xef, 0x9d, 0xef, 0x9d, 0xef, 0x9d, 0xef, 0x9d, 0xef, 0x9d, 0xef, 0x9d, 0xe7, 0x9d, 0xe7, 0xbc, 0xe7, 0xbc, 0xef, 0x9d, 0xef, 0x9e, 0xef, 0x9d, 0xef, 0x9d, 0xef, 0xbc, 0xef, 0xbb, 0xe7, 0x9b, 0xe7, 0xbc, 0xe7, 0xbc, 0xdf, 0xbb, 0xd7, 0xba, 0xcf, 0xd9, 0xc7, 0xf8, 0xbf, 0xf8, 0xbf, 0xf8, 0xc7, 0xf8, 0xc7, 0xf8, 0xc7, 0xf8, 0xc7, 0xf8, 0xc7, 0xf8, 0xc7, 0xf8, 0xc7, 0xf8, 
  0xef, 0x9d, 0xef, 0x9c, 0xe7, 0x9c, 0xe7, 0x9c, 0xe7, 0x9c, 0xef, 0xbd, 0xe7, 0x9c, 0xe7, 0x9c, 0xef, 0x9d, 0xef, 0x9d, 0xef, 0x9d, 0xef, 0x9d, 0xef, 0x9d, 0xef, 0x9d, 0xef, 0x9d, 0xef, 0x9d, 0xef, 0x9d, 0xef, 0x9d, 0xef, 0x9d, 0xef, 0x9d, 0xef, 0x9d, 0xef, 0x9d, 0xef, 0x9d, 0xef, 0x9d, 0xef, 0x9d, 0xef, 0x9d, 0xef, 0x9d, 0xef, 0x9d, 0xef, 0x9d, 0xef, 0x9d, 0xef, 0x9d, 0xef, 0x9d, 0xef, 0x9d, 0xef, 0x9d, 0xef, 0x9d, 0xef, 0x9d, 0xef, 0x9d, 0xef, 0x9d, 0xef, 0x9d, 0xef, 0x9d, 0xef, 0x9d, 0xef, 0x9d, 0xef, 0x9d, 0xef, 0x9d, 0xef, 0x9d, 0xef, 0x9d, 0xef, 0x9d, 0xef, 0x9d, 0xef, 0x9d, 0xef, 0x9d, 0xef, 0x9d, 0xef, 0x9d, 0xef, 0x9d, 0xef, 0x9d, 0xef, 0x9d, 0xef, 0x9d, 0xef, 0x9d, 0xef, 0x9d, 0xef, 0x9d, 0xef, 0x9d, 0xef, 0x9d, 0xef, 0x9d, 0xef, 0x9d, 0xef, 0x9d, 0xef, 0x9d, 0xef, 0x9d, 0xef, 0x9d, 0xef, 0x9d, 0xef, 0x9d, 0xef, 0x9d, 0xef, 0x9d, 0xef, 0x9d, 0xef, 0x9d, 0xef, 0x9d, 0xef, 0x9d, 0xef, 0x9d, 0xef, 0x9d, 0xef, 0x9d, 0xef, 0x9d, 0xef, 0x9d, 0xef, 0x9d, 0xef, 0x9d, 0xef, 0x9d, 0xef, 0x9d, 0xef, 0x9d, 0xef, 0x9d, 0xef, 0x9d, 0xef, 0x9d, 0xef, 0x9d, 0xef, 0x9d, 0xef, 0x9d, 0xef, 0x9d, 0xef, 0x9d, 0xef, 0x9d, 0xef, 0x9d, 0xef, 0x9d, 0xef, 0x9d, 0xef, 0x9d, 0xef, 0x9d, 0xef, 0x9d, 0xef, 0x9d, 0xef, 0x9c, 0xef, 0x9c, 0xef, 0x9c, 0xe7, 0x9c, 0xe7, 0xbc, 0xe7, 0xdc, 0xdf, 0xdb, 0xd7, 0xba, 0xcf, 0xd9, 0xc7, 0xf8, 0xbf, 0xf8, 0xc7, 0xf8, 0xc7, 0xf8, 0xc7, 0xf8, 0xc7, 0xf8, 0xc7, 0xf8, 0xc7, 0xf8, 0xc7, 0xf8, 0xc7, 0xf8, 
  0xef, 0x9d, 0xef, 0x9d, 0xef, 0x9c, 0xe7, 0x9c, 0xe7, 0xbc, 0xe7, 0xbc, 0xe7, 0xbc, 0xe7, 0x9c, 0xef, 0x9d, 0xef, 0x9d, 0xef, 0x9d, 0xef, 0x9d, 0xef, 0x9d, 0xef, 0x9d, 0xef, 0x9d, 0xef, 0x9d, 0xef, 0x9d, 0xef, 0x9d, 0xef, 0x9d, 0xef, 0x9d, 0xef, 0x9d, 0xef, 0x9d, 0xef, 0x9d, 0xef, 0x9d, 0xef, 0x9d, 0xef, 0x9d, 0xef, 0x9d, 0xef, 0x9d, 0xef, 0x9d, 0xef, 0x9d, 0xef, 0x9d, 0xef, 0x9d, 0xef, 0x9d, 0xef, 0x9d, 0xef, 0x9d, 0xef, 0x9d, 0xef, 0x9d, 0xef, 0x9d, 0xef, 0x9d, 0xef, 0x9d, 0xef, 0x9d, 0xef, 0x9d, 0xef, 0x9d, 0xef, 0x9d, 0xef, 0x9d, 0xef, 0x9d, 0xef, 0x9d, 0xef, 0x9d, 0xef, 0x9d, 0xef, 0x9d, 0xef, 0x9d, 0xef, 0x9d, 0xef, 0x9d, 0xef, 0x9d, 0xef, 0x9d, 0xef, 0x9d, 0xef, 0x9d, 0xef, 0x9d, 0xef, 0x9d, 0xef, 0x9d, 0xef, 0x9d, 0xef, 0x9d, 0xef, 0x9d, 0xef, 0x9d, 0xef, 0x9d, 0xef, 0x9d, 0xef, 0x9d, 0xef, 0x9d, 0xef, 0x9d, 0xef, 0x9d, 0xef, 0x9d, 0xef, 0x9d, 0xef, 0x9d, 0xef, 0x9d, 0xef, 0x9d, 0xef, 0x9d, 0xef, 0x9d, 0xef, 0x9d, 0xef, 0x9d, 0xef, 0x9d, 0xef, 0x9d, 0xef, 0x9d, 0xef, 0x9d, 0xef, 0x9d, 0xef, 0x9d, 0xef, 0x9d, 0xef, 0x9d, 0xef, 0x9d, 0xef, 0x9d, 0xef, 0x9d, 0xef, 0x9d, 0xef, 0x9d, 0xef, 0x9d, 0xef, 0x9d, 0xef, 0x9d, 0xef, 0x9d, 0xef, 0x9d, 0xef, 0x9d, 0xef, 0x9d, 0xef, 0x9d, 0xef, 0xbc, 0xef, 0xbc, 0xef, 0x9c, 0xef, 0x9c, 0xef, 0x9c, 0xe7, 0x9c, 0xe7, 0xdc, 0xdf, 0xdb, 0xd7, 0xba, 0xcf, 0xd9, 0xc7, 0xf8, 0xc7, 0xf8, 0xc7, 0xf8, 0xc7, 0xf8, 0xc7, 0xf8, 0xc7, 0xf8, 0xc7, 0xf8, 0xc7, 0xf8, 0xc7, 0xf8, 0xc7, 0xf8, 
  0xef, 0x9d, 0xef, 0x9d, 0xef, 0x9d, 0xe7, 0x9c, 0xef, 0xbc, 0xe7, 0xbc, 0xe7, 0xbc, 0xe7, 0x9c, 0xef, 0x9d, 0xef, 0x9d, 0xef, 0x9d, 0xef, 0x9d, 0xef, 0x9d, 0xef, 0x9d, 0xef, 0x9d, 0xef, 0x9d, 0xef, 0x9d, 0xef, 0x9d, 0xef, 0x9d, 0xef, 0x9d, 0xef, 0x9d, 0xef, 0x9d, 0xef, 0x9d, 0xef, 0x9d, 0xef, 0x9d, 0xef, 0x9d, 0xef, 0x9d, 0xef, 0x9d, 0xef, 0x9d, 0xef, 0x9d, 0xef, 0x9d, 0xef, 0x9d, 0xef, 0x9d, 0xef, 0x9d, 0xef, 0x9d, 0xef, 0x9d, 0xef, 0x9d, 0xef, 0x9d, 0xef, 0x9d, 0xef, 0x9d, 0xef, 0x9d, 0xef, 0x9d, 0xef, 0x9d, 0xef, 0x9d, 0xef, 0x9d, 0xef, 0x9d, 0xef, 0x9d, 0xef, 0x9d, 0xef, 0x9d, 0xef, 0x9d, 0xef, 0x9d, 0xef, 0x9d, 0xef, 0x9d, 0xef, 0x9d, 0xef, 0x9d, 0xef, 0x9d, 0xef, 0x9d, 0xef, 0x9d, 0xef, 0x9d, 0xef, 0x9d, 0xef, 0x9d, 0xef, 0x9d, 0xef, 0x9d, 0xef, 0x9d, 0xef, 0x9d, 0xef, 0x9d, 0xef, 0x9d, 0xef, 0x9d, 0xef, 0x9d, 0xef, 0x9d, 0xef, 0x9d, 0xef, 0x9d, 0xef, 0x9d, 0xef, 0x9d, 0xef, 0x9d, 0xef, 0x9d, 0xef, 0x9d, 0xef, 0x9d, 0xef, 0x9d, 0xef, 0x9d, 0xef, 0x9d, 0xef, 0x9d, 0xef, 0x9d, 0xef, 0x9d, 0xef, 0x9d, 0xef, 0x9d, 0xef, 0x9d, 0xef, 0x9d, 0xef, 0x9d, 0xef, 0x9d, 0xef, 0x9d, 0xef, 0x9d, 0xef, 0x9d, 0xef, 0x9d, 0xef, 0x9d, 0xef, 0x9d, 0xef, 0x9d, 0xef, 0x9d, 0xef, 0x9d, 0xef, 0x9d, 0xef, 0x9c, 0xef, 0x9c, 0xef, 0x9d, 0xef, 0x9d, 0xef, 0x9c, 0xe7, 0x9c, 0xe7, 0xdc, 0xdf, 0xdb, 0xd7, 0xda, 0xcf, 0xd9, 0xc7, 0xf8, 0xc7, 0xf8, 0xc7, 0xf8, 0xc7, 0xf8, 0xc7, 0xf8, 0xc7, 0xf8, 0xc7, 0xf8, 0xc7, 0xf8, 0xc7, 0xf8, 0xc7, 0xf8, 
  0xef, 0x9d, 0xef, 0x9d, 0xef, 0x9d, 0xef, 0x9d, 0xef, 0x9d, 0xef, 0xbd, 0xef, 0x9d, 0xef, 0x9d, 0xef, 0x9d, 0xef, 0x9d, 0xef, 0x9d, 0xef, 0x9d, 0xef, 0x9d, 0xef, 0x9d, 0xef, 0x9d, 0xef, 0x9d, 0xef, 0x9d, 0xef, 0x9d, 0xef, 0x9d, 0xef, 0x9d, 0xef, 0x9d, 0xef, 0x9d, 0xef, 0x9d, 0xef, 0x9d, 0xef, 0x9d, 0xef, 0x9d, 0xef, 0x9d, 0xef, 0x9d, 0xef, 0x9d, 0xef, 0x9d, 0xef, 0x9d, 0xef, 0x9d, 0xef, 0x9d, 0xef, 0x9d, 0xef, 0x9d, 0xef, 0x9d, 0xef, 0x9d, 0xef, 0x9d, 0xef, 0x9d, 0xef, 0x9d, 0xef, 0x9d, 0xef, 0x9d, 0xef, 0x9d, 0xef, 0x9d, 0xef, 0x9d, 0xef, 0x9d, 0xef, 0x9d, 0xef, 0x9d, 0xef, 0x9d, 0xef, 0x9d, 0xef, 0x9d, 0xef, 0x9d, 0xef, 0x9d, 0xef, 0x9d, 0xef, 0x9d, 0xef, 0x9d, 0xef, 0x9d, 0xef, 0x9d, 0xef, 0x9d, 0xef, 0x9d, 0xef, 0x9d, 0xef, 0x9d, 0xef, 0x9d, 0xef, 0x9d, 0xef, 0x9d, 0xef, 0x9d, 0xef, 0x9d, 0xef, 0x9d, 0xef, 0x9d, 0xef, 0x9d, 0xef, 0x9d, 0xef, 0x9d, 0xef, 0x9d, 0xef, 0x9d, 0xef, 0x9d, 0xef, 0x9d, 0xef, 0x9d, 0xef, 0x9d, 0xef, 0x9d, 0xef, 0x9d, 0xef, 0x9d, 0xef, 0x9d, 0xef, 0x9d, 0xef, 0x9d, 0xef, 0x9d, 0xef, 0x9d, 0xef, 0x9d, 0xef, 0x9d, 0xef, 0x9d, 0xef, 0x9d, 0xef, 0x9d, 0xef, 0x9d, 0xef, 0x9d, 0xef, 0x9d, 0xef, 0x9d, 0xef, 0x9d, 0xef, 0x9d, 0xef, 0x9d, 0xef, 0x9d, 0xef, 0x9d, 0xef, 0x9d, 0xef, 0x9d, 0xef, 0x9d, 0xef, 0x9d, 0xef, 0x9d, 0xef, 0xbc, 0xe7, 0xdc, 0xdf, 0xdb, 0xd7, 0xda, 0xcf, 0xf9, 0xc7, 0xf8, 0xc7, 0xf8, 0xc7, 0xf8, 0xc7, 0xf8, 0xc7, 0xf8, 0xc7, 0xf8, 0xc7, 0xf8, 0xc7, 0xf8, 0xc7, 0xf8, 0xc7, 0xf8, 
  0xe7, 0x9d, 0xef, 0x9d, 0xef, 0x9d, 0xef, 0xbd, 0xef, 0xbd, 0xef, 0x9d, 0xef, 0x9d, 0xef, 0x9d, 0xef, 0x9d, 0xef, 0x9d, 0xef, 0x9d, 0xef, 0x9d, 0xef, 0x9d, 0xef, 0x9d, 0xef, 0x9d, 0xef, 0x9d, 0xef, 0x9d, 0xef, 0x9d, 0xef, 0x9d, 0xef, 0x9d, 0xef, 0x9d, 0xef, 0x9d, 0xef, 0x9d, 0xef, 0x9d, 0xef, 0x9d, 0xef, 0x9d, 0xef, 0x9d, 0xef, 0x9d, 0xef, 0x9d, 0xef, 0x9d, 0xef, 0x9d, 0xef, 0x9d, 0xef, 0x9d, 0xef, 0x9d, 0xef, 0x9d, 0xef, 0x9d, 0xef, 0x9d, 0xef, 0x9d, 0xef, 0x9d, 0xef, 0x9d, 0xef, 0x9d, 0xef, 0x9d, 0xef, 0x9d, 0xef, 0x9d, 0xef, 0x9d, 0xef, 0x9d, 0xef, 0x9d, 0xef, 0x9d, 0xef, 0x9d, 0xef, 0x9d, 0xef, 0x9d, 0xef, 0x9d, 0xef, 0x9d, 0xef, 0x9d, 0xef, 0x9d, 0xef, 0x9d, 0xef, 0x9d, 0xef, 0x9d, 0xef, 0x9d, 0xef, 0x9d, 0xef, 0x9d, 0xef, 0x9d, 0xef, 0x9d, 0xef, 0x9d, 0xef, 0x9d, 0xef, 0x9d, 0xef, 0x9d, 0xef, 0x9d, 0xef, 0x9d, 0xef, 0x9d, 0xef, 0x9d, 0xef, 0x9d, 0xef, 0x9d, 0xef, 0x9d, 0xef, 0x9d, 0xef, 0x9d, 0xef, 0x9d, 0xef, 0x9d, 0xef, 0x9d, 0xef, 0x9d, 0xef, 0x9d, 0xef, 0x9d, 0xef, 0x9d, 0xef, 0x9d, 0xef, 0x9d, 0xef, 0x9d, 0xef, 0x9d, 0xef, 0x9d, 0xef, 0x9d, 0xef, 0x9d, 0xef, 0x9d, 0xef, 0x9d, 0xef, 0x9d, 0xef, 0x9d, 0xef, 0x9d, 0xef, 0x9d, 0xef, 0x9d, 0xef, 0x9d, 0xef, 0x9d, 0xef, 0x9d, 0xef, 0x9d, 0xef, 0x9d, 0xef, 0x9d, 0xef, 0x9d, 0xef, 0x9d, 0xef, 0xbd, 0xe7, 0xdc, 0xdf, 0xdb, 0xcf, 0xd9, 0xcf, 0xf9, 0xc7, 0xf8, 0xc7, 0xf8, 0xc7, 0xf8, 0xc7, 0xf8, 0xc7, 0xf8, 0xc7, 0xf8, 0xc7, 0xf8, 0xc7, 0xf8, 0xc7, 0xf8, 0xc7, 0xf8, 
  0xe7, 0x9c, 0xe7, 0x9c, 0xef, 0xbd, 0xef, 0xbd, 0xef, 0x9d, 0xef, 0x9d, 0xef, 0x9d, 0xef, 0x9d, 0xef, 0x9d, 0xef, 0x9d, 0xef, 0x9d, 0xef, 0x9d, 0xef, 0x9d, 0xef, 0x9d, 0xef, 0x9d, 0xef, 0x9d, 0xef, 0x9d, 0xef, 0x9d, 0xef, 0x9d, 0xef, 0x9d, 0xef, 0x9d, 0xef, 0x9d, 0xef, 0x9d, 0xef, 0x9d, 0xef, 0x9d, 0xef, 0x9d, 0xef, 0x9d, 0xef, 0x9d, 0xef, 0x9d, 0xef, 0x9d, 0xef, 0x9d, 0xef, 0x9d, 0xef, 0x9d, 0xef, 0x9d, 0xef, 0x9d, 0xef, 0x9d, 0xef, 0x9d, 0xef, 0x9d, 0xef, 0x9d, 0xef, 0x9d, 0xef, 0x9d, 0xef, 0x9d, 0xef, 0x9d, 0xef, 0x9d, 0xef, 0x9d, 0xef, 0x9d, 0xef, 0x9d, 0xef, 0x9d, 0xef, 0x9d, 0xef, 0x9d, 0xef, 0x9d, 0xef, 0x9d, 0xef, 0x9d, 0xef, 0x9d, 0xef, 0x9d, 0xef, 0x9d, 0xef, 0x9d, 0xef, 0x9d, 0xef, 0x9d, 0xef, 0x9d, 0xef, 0x9d, 0xef, 0x9d, 0xef, 0x9d, 0xef, 0x9d, 0xef, 0x9d, 0xef, 0x9d, 0xef, 0x9d, 0xef, 0x9d, 0xef, 0x9d, 0xef, 0x9d, 0xef, 0x9d, 0xef, 0x9d, 0xef, 0x9d, 0xef, 0x9d, 0xef, 0x9d, 0xef, 0x9d, 0xef, 0x9d, 0xef, 0x9d, 0xef, 0x9d, 0xef, 0x9d, 0xef, 0x9d, 0xef, 0x9d, 0xef, 0x9d, 0xef, 0x9d, 0xef, 0x9d, 0xef, 0x9d, 0xef, 0x9d, 0xef, 0x9d, 0xef, 0x9d, 0xef, 0x9d, 0xef, 0x9d, 0xef, 0x9d, 0xef, 0x9d, 0xef, 0x9d, 0xef, 0x9d, 0xef, 0x9d, 0xef, 0xbd, 0xef, 0xbd, 0xef, 0x9d, 0xef, 0x9d, 0xef, 0x9d, 0xef, 0x9d, 0xef, 0x9d, 0xef, 0x9d, 0xef, 0x9d, 0xe7, 0xbd, 0xe7, 0xdc, 0xdf, 0xdb, 0xcf, 0xd9, 0xc7, 0xf9, 0xc7, 0xf8, 0xc7, 0xf8, 0xc7, 0xf8, 0xc7, 0xf8, 0xc7, 0xf8, 0xc7, 0xf8, 0xc7, 0xf8, 0xc7, 0xf8, 0xc7, 0xf8, 0xc7, 0xf8, 
  0xe7, 0x9c, 0xe7, 0xbc, 0xe7, 0xbc, 0xef, 0xbd, 0xef, 0x9d, 0xef, 0x9d, 0xef, 0x9d, 0xef, 0x9d, 0xef, 0x9d, 0xef, 0x9d, 0xef, 0x9d, 0xef, 0x9d, 0xef, 0x9d, 0xef, 0x9d, 0xef, 0x9d, 0xef, 0x9d, 0xef, 0x9d, 0xef, 0x9d, 0xef, 0x9d, 0xef, 0x9d, 0xef, 0x9d, 0xef, 0x9d, 0xef, 0x9d, 0xef, 0x9d, 0xef, 0x9d, 0xef, 0x9d, 0xef, 0x9d, 0xef, 0x9d, 0xef, 0x9d, 0xef, 0x9d, 0xef, 0x9d, 0xef, 0x9d, 0xef, 0x9d, 0xef, 0x9d, 0xef, 0x9d, 0xef, 0x9d, 0xef, 0x9d, 0xef, 0x9d, 0xef, 0x9d, 0xef, 0x9d, 0xef, 0x9d, 0xef, 0x9d, 0xef, 0x9d, 0xef, 0x9d, 0xef, 0x9d, 0xef, 0x9d, 0xef, 0x9d, 0xef, 0x9d, 0xef, 0x9d, 0xef, 0x9d, 0xef, 0x9d, 0xef, 0x9d, 0xef, 0x9d, 0xef, 0x9d, 0xef, 0x9d, 0xef, 0x9d, 0xef, 0x9d, 0xef, 0x9d, 0xef, 0x9d, 0xef, 0x9d, 0xef, 0x9d, 0xef, 0x9d, 0xef, 0x9d, 0xef, 0x9d, 0xef, 0x9d, 0xef, 0x9d, 0xef, 0x9d, 0xef, 0x9d, 0xef, 0x9d, 0xef, 0x9d, 0xef, 0x9d, 0xef, 0x9d, 0xef, 0x9d, 0xef, 0x9d, 0xef, 0x9d, 0xef, 0x9d, 0xef, 0x9d, 0xef, 0x9d, 0xef, 0x9d, 0xef, 0x9d, 0xef, 0x9d, 0xef, 0x9d, 0xef, 0x9d, 0xef, 0x9d, 0xef, 0x9d, 0xef, 0x9d, 0xef, 0x9d, 0xef, 0x9d, 0xef, 0x9d, 0xef, 0x9d, 0xef, 0x9d, 0xef, 0x9d, 0xef, 0x9d, 0xef, 0x9d, 0xef, 0x9d, 0xef, 0x9d, 0xe7, 0xbd, 0xe7, 0xbd, 0xef, 0x9d, 0xef, 0x9d, 0xef, 0x9d, 0xef, 0x9d, 0xef, 0x9d, 0xef, 0x9d, 0xef, 0x9d, 0xe7, 0x9c, 0xe7, 0xdc, 0xdf, 0xdb, 0xcf, 0xd9, 0xc7, 0xf8, 0xc7, 0xf8, 0xc7, 0xf8, 0xc7, 0xf8, 0xc7, 0xf8, 0xc7, 0xf8, 0xc7, 0xf8, 0xc7, 0xf8, 0xc7, 0xf8, 0xc7, 0xf8, 0xc7, 0xf8, 
  0xdf, 0xbc, 0xe7, 0xbc, 0xe7, 0xbc, 0xef, 0xbd, 0xef, 0x9d, 0xef, 0x9d, 0xef, 0x9d, 0xef, 0x9d, 0xef, 0x9d, 0xef, 0x9d, 0xef, 0x9d, 0xef, 0x9d, 0xef, 0x9d, 0xef, 0x9d, 0xef, 0x9d, 0xef, 0x9d, 0xef, 0x9d, 0xef, 0x9d, 0xef, 0x9d, 0xef, 0x9d, 0xef, 0x9d, 0xef, 0x9d, 0xef, 0x9d, 0xef, 0x9d, 0xef, 0x9d, 0xef, 0x9d, 0xef, 0x9d, 0xef, 0x9d, 0xef, 0x9d, 0xef, 0x9d, 0xef, 0x9d, 0xef, 0x9d, 0xef, 0x9d, 0xef, 0x9d, 0xef, 0x9d, 0xef, 0x9d, 0xef, 0x9d, 0xef, 0x9d, 0xef, 0x9d, 0xef, 0x9d, 0xef, 0x9d, 0xef, 0x9d, 0xef, 0x9d, 0xef, 0x9d, 0xef, 0x9d, 0xef, 0x9d, 0xef, 0x9d, 0xef, 0x9d, 0xef, 0x9d, 0xef, 0x9d, 0xef, 0x9d, 0xef, 0x9d, 0xef, 0x9d, 0xef, 0x9d, 0xef, 0x9d, 0xef, 0x9d, 0xef, 0x9d, 0xef, 0x9d, 0xef, 0x9d, 0xef, 0x9d, 0xef, 0x9d, 0xef, 0x9d, 0xef, 0x9d, 0xef, 0x9d, 0xef, 0x9d, 0xef, 0x9d, 0xef, 0x9d, 0xef, 0x9d, 0xef, 0x9d, 0xef, 0x9d, 0xef, 0x9d, 0xef, 0x9d, 0xef, 0x9d, 0xef, 0x9d, 0xef, 0x9d, 0xef, 0x9d, 0xef, 0x9d, 0xef, 0x9d, 0xef, 0x9d, 0xef, 0x9d, 0xef, 0x9d, 0xef, 0x9d, 0xef, 0x9d, 0xef, 0x9d, 0xef, 0x9d, 0xef, 0x9d, 0xef, 0x9d, 0xef, 0x9d, 0xef, 0x9d, 0xef, 0x9d, 0xef, 0x9d, 0xef, 0x9d, 0xef, 0x9d, 0xef, 0x9d, 0xef, 0x9d, 0xef, 0x9d, 0xef, 0xbd, 0xef, 0xbd, 0xef, 0xbd, 0xef, 0x9d, 0xef, 0x9d, 0xef, 0x9d, 0xef, 0x9d, 0xef, 0x9d, 0xef, 0x9d, 0xe7, 0xbc, 0xdf, 0xdc, 0xd7, 0xda, 0xcf, 0xd9, 0xc7, 0xf8, 0xc7, 0xf8, 0xc7, 0xf8, 0xc7, 0xf8, 0xc7, 0xf8, 0xc7, 0xf8, 0xc7, 0xf8, 0xc7, 0xf8, 0xc7, 0xf8, 0xc7, 0xf8, 0xc7, 0xf8, 
  0xdf, 0xbb, 0xdf, 0xdc, 0xe7, 0xdc, 0xe7, 0xbd, 0xef, 0x9d, 0xef, 0x9d, 0xef, 0x9d, 0xef, 0x9d, 0xef, 0x9d, 0xef, 0x9d, 0xef, 0x9d, 0xef, 0x9d, 0xef, 0x9d, 0xef, 0x9d, 0xef, 0x9d, 0xef, 0x9d, 0xef, 0x9d, 0xef, 0x9d, 0xef, 0x9d, 0xef, 0x9d, 0xef, 0x9d, 0xef, 0x9d, 0xef, 0x9d, 0xef, 0x9d, 0xef, 0x9d, 0xef, 0x9d, 0xef, 0x9d, 0xef, 0x9d, 0xef, 0x9d, 0xef, 0x9d, 0xef, 0x9d, 0xef, 0x9d, 0xef, 0x9d, 0xef, 0x9d, 0xef, 0x9d, 0xef, 0x9d, 0xef, 0x9d, 0xef, 0x9d, 0xef, 0x9d, 0xef, 0x9d, 0xef, 0x9d, 0xef, 0x9d, 0xef, 0x9d, 0xef, 0x9d, 0xef, 0x9d, 0xef, 0x9d, 0xef, 0x9d, 0xef, 0x9d, 0xef, 0x9d, 0xef, 0x9d, 0xef, 0x9d, 0xef, 0x9d, 0xef, 0x9d, 0xef, 0x9d, 0xef, 0x9d, 0xef, 0x9d, 0xef, 0x9d, 0xef, 0x9d, 0xef, 0x9d, 0xef, 0x9d, 0xef, 0x9d, 0xef, 0x9d, 0xef, 0x9d, 0xef, 0x9d, 0xef, 0x9d, 0xef, 0x9d, 0xef, 0x9d, 0xef, 0x9d, 0xef, 0x9d, 0xef, 0x9d, 0xef, 0x9d, 0xef, 0x9d, 0xef, 0x9d, 0xef, 0x9d, 0xef, 0x9d, 0xef, 0x9d, 0xef, 0x9d, 0xef, 0x9d, 0xef, 0x9d, 0xef, 0x9d, 0xef, 0x9d, 0xef, 0x9d, 0xef, 0x9d, 0xef, 0x9d, 0xef, 0x9d, 0xef, 0x9d, 0xef, 0x9d, 0xef, 0x9d, 0xef, 0x9d, 0xef, 0x9d, 0xef, 0x9d, 0xef, 0x9d, 0xef, 0x9d, 0xef, 0x9d, 0xef, 0x9d, 0xef, 0x9d, 0xe7, 0xbd, 0xef, 0xbd, 0xef, 0xbd, 0xef, 0x9d, 0xef, 0x9d, 0xef, 0x9d, 0xef, 0x9d, 0xef, 0x9d, 0xe7, 0xbd, 0xe7, 0xdc, 0xdf, 0xdb, 0xd7, 0xda, 0xcf, 0xd9, 0xc7, 0xf8, 0xc7, 0xf8, 0xc7, 0xf8, 0xc7, 0xf8, 0xc7, 0xf8, 0xc7, 0xf8, 0xc7, 0xf8, 0xc7, 0xf8, 0xc7, 0xf8, 0xc7, 0xf8, 0xc7, 0xf8, 
  0xd7, 0xba, 0xdf, 0xdb, 0xe7, 0xdc, 0xe7, 0xbc, 0xe7, 0x9d, 0xef, 0x9d, 0xef, 0x9d, 0xef, 0x9d, 0xef, 0x9d, 0xef, 0x9d, 0xef, 0x9d, 0xef, 0x9d, 0xef, 0x9d, 0xef, 0x9d, 0xef, 0x9d, 0xef, 0x9d, 0xef, 0x9d, 0xef, 0x9d, 0xef, 0x9d, 0xef, 0x9d, 0xef, 0x9d, 0xef, 0x9d, 0xef, 0x9d, 0xef, 0x9d, 0xef, 0x9d, 0xef, 0x9d, 0xef, 0x9d, 0xef, 0x9d, 0xef, 0x9d, 0xef, 0x9d, 0xef, 0x9d, 0xef, 0x9d, 0xef, 0x9d, 0xef, 0x9d, 0xef, 0x9d, 0xef, 0x9d, 0xef, 0x9d, 0xef, 0x9d, 0xef, 0x9d, 0xef, 0x9d, 0xef, 0x9d, 0xef, 0x9d, 0xef, 0x9d, 0xef, 0x9d, 0xef, 0x9d, 0xef, 0x9d, 0xef, 0x9d, 0xef, 0x9d, 0xef, 0x9d, 0xef, 0x9d, 0xef, 0x9d, 0xef, 0x9d, 0xef, 0x9d, 0xef, 0x9d, 0xef, 0x9d, 0xef, 0x9d, 0xef, 0x9d, 0xef, 0x9d, 0xef, 0x9d, 0xef, 0x9d, 0xef, 0x9d, 0xef, 0x9d, 0xef, 0x9d, 0xef, 0x9d, 0xef, 0x9d, 0xef, 0x9d, 0xef, 0x9d, 0xef, 0x9d, 0xef, 0x9d, 0xef, 0x9d, 0xef, 0x9d, 0xef, 0x9d, 0xef, 0x9d, 0xef, 0x9d, 0xef, 0x9d, 0xef, 0x9d, 0xef, 0x9d, 0xef, 0x9d, 0xef, 0x9d, 0xef, 0x9d, 0xef, 0x9d, 0xef, 0x9d, 0xef, 0x9d, 0xef, 0x9d, 0xef, 0x9d, 0xef, 0x9d, 0xef, 0x9d, 0xef, 0x9d, 0xef, 0x9d, 0xef, 0x9d, 0xef, 0x9d, 0xef, 0x9d, 0xef, 0x9d, 0xef, 0x9d, 0xef, 0x9d, 0xef, 0x9d, 0xef, 0xbd, 0xe7, 0xbd, 0xef, 0x9d, 0xef, 0x9d, 0xef, 0x9d, 0xef, 0x9d, 0xef, 0x9d, 0xef, 0x9d, 0xe7, 0xbc, 0xdf, 0xdc, 0xdf, 0xdb, 0xcf, 0xd9, 0xcf, 0xf9, 0xc7, 0xf8, 0xc7, 0xf8, 0xc7, 0xf8, 0xc7, 0xf8, 0xc7, 0xf8, 0xc7, 0xf8, 0xc7, 0xf8, 0xc7, 0xf8, 0xc7, 0xf8, 0xc7, 0xf8, 0xc7, 0xf8, 
  0xcf, 0xba, 0xd7, 0xda, 0xdf, 0xdb, 0xe7, 0xbc, 0xe7, 0xbd, 0xef, 0x9d, 0xef, 0x9d, 0xef, 0x9d, 0xef, 0x9d, 0xef, 0x9d, 0xef, 0x9d, 0xef, 0x9d, 0xef, 0x9d, 0xef, 0x9d, 0xef, 0x9d, 0xef, 0x9d, 0xef, 0x9d, 0xef, 0x9d, 0xef, 0x9d, 0xef, 0x9d, 0xef, 0x9d, 0xef, 0x9d, 0xef, 0x9d, 0xef, 0x9d, 0xef, 0x9d, 0xef, 0x9d, 0xef, 0x9d, 0xef, 0x9d, 0xef, 0x9d, 0xef, 0x9d, 0xef, 0x9d, 0xef, 0x9d, 0xef, 0x9d, 0xef, 0x9d, 0xef, 0x9d, 0xef, 0x9d, 0xef, 0x9d, 0xef, 0x9d, 0xef, 0x9d, 0xef, 0x9d, 0xef, 0x9d, 0xef, 0x9d, 0xef, 0x9d, 0xef, 0x9d, 0xef, 0x9d, 0xef, 0x9d, 0xef, 0x9d, 0xef, 0x9d, 0xef, 0x9d, 0xef, 0x9d, 0xef, 0x9d, 0xef, 0x9d, 0xef, 0x9d, 0xef, 0x9d, 0xef, 0x9d, 0xef, 0x9d, 0xef, 0x9d, 0xef, 0x9d, 0xef, 0x9d, 0xef, 0x9d, 0xef, 0x9d, 0xef, 0x9d, 0xef, 0x9d, 0xef, 0x9d, 0xef, 0x9d, 0xef, 0x9d, 0xef, 0x9d, 0xef, 0x9d, 0xef, 0x9d, 0xef, 0x9d, 0xef, 0x9d, 0xef, 0x9d, 0xef, 0x9d, 0xef, 0x9d, 0xef, 0x9d, 0xef, 0x9d, 0xef, 0x9d, 0xef, 0x9d, 0xef, 0x9d, 0xef, 0x9d, 0xef, 0x9d, 0xef, 0x9d, 0xef, 0x9d, 0xef, 0x9d, 0xef, 0x9d, 0xef, 0x9d, 0xef, 0x9d, 0xef, 0x9d, 0xef, 0x9d, 0xef, 0x9d, 0xef, 0x9d, 0xef, 0x9d, 0xef, 0x9d, 0xef, 0x9d, 0xef, 0x9d, 0xef, 0x9d, 0xef, 0xbd, 0xef, 0xbd, 0xef, 0x9d, 0xef, 0x9d, 0xef, 0x9d, 0xef, 0x9d, 0xef, 0x9d, 0xe7, 0xbc, 0xe7, 0xdc, 0xdf, 0xdb, 0xd7, 0xda, 0xcf, 0xf9, 0xc7, 0xf8, 0xc7, 0xf8, 0xc7, 0xf8, 0xc7, 0xf8, 0xc7, 0xf8, 0xc7, 0xf8, 0xc7, 0xf8, 0xc7, 0xf8, 0xc7, 0xf8, 0xc7, 0xf8, 0xc7, 0xf8, 0xc7, 0xf8, 
  0xcf, 0xd9, 0xd7, 0xda, 0xdf, 0xdb, 0xe7, 0xdc, 0xe7, 0xbd, 0xef, 0x9d, 0xef, 0x9d, 0xef, 0x9d, 0xef, 0x9d, 0xef, 0x9d, 0xef, 0x9c, 0xef, 0x9d, 0xef, 0x9d, 0xef, 0x9d, 0xef, 0x9d, 0xef, 0x9d, 0xef, 0x9d, 0xef, 0x9d, 0xef, 0x9d, 0xef, 0x9d, 0xef, 0x9d, 0xef, 0x9d, 0xef, 0x9d, 0xef, 0x9d, 0xef, 0x9d, 0xef, 0x9d, 0xef, 0x9d, 0xef, 0x9d, 0xef, 0x9d, 0xef, 0x9d, 0xef, 0x9d, 0xef, 0x9d, 0xef, 0x9d, 0xef, 0x9d, 0xef, 0x9d, 0xef, 0x9d, 0xef, 0x9d, 0xef, 0x9d, 0xef, 0x9d, 0xef, 0x9d, 0xef, 0x9d, 0xef, 0x9d, 0xef, 0x9d, 0xef, 0x9d, 0xef, 0x9d, 0xef, 0x9d, 0xef, 0x9d, 0xef, 0x9d, 0xef, 0x9d, 0xef, 0x9d, 0xef, 0x9d, 0xef, 0x9d, 0xef, 0x9d, 0xef, 0x9d, 0xef, 0x9d, 0xef, 0x9d, 0xef, 0x9d, 0xef, 0x9d, 0xef, 0x9d, 0xef, 0x9d, 0xef, 0x9d, 0xef, 0x9d, 0xef, 0x9d, 0xef, 0x9d, 0xef, 0x9d, 0xef, 0x9d, 0xef, 0x9d, 0xef, 0x9d, 0xef, 0x9d, 0xef, 0x9d, 0xef, 0x9d, 0xef, 0x9d, 0xef, 0x9d, 0xef, 0x9d, 0xef, 0x9d, 0xef, 0x9d, 0xef, 0x9d, 0xef, 0x9d, 0xef, 0x9d, 0xef, 0x9d, 0xef, 0x9d, 0xef, 0x9d, 0xef, 0x9d, 0xef, 0x9d, 0xef, 0x9d, 0xef, 0x9d, 0xef, 0x9d, 0xef, 0x9d, 0xef, 0x9d, 0xef, 0x9d, 0xef, 0x9d, 0xef, 0x9d, 0xef, 0x9d, 0xef, 0x9d, 0xef, 0x9d, 0xef, 0x9d, 0xef, 0x9d, 0xef, 0x9d, 0xef, 0x9d, 0xef, 0x9d, 0xef, 0x9d, 0xef, 0x9d, 0xe7, 0xbd, 0xe7, 0xbc, 0xdf, 0xdb, 0xd7, 0xda, 0xcf, 0xd9, 0xcf, 0xf9, 0xc7, 0xf8, 0xc7, 0xf8, 0xc7, 0xf8, 0xc7, 0xf8, 0xc7, 0xf8, 0xc7, 0xf8, 0xc7, 0xf8, 0xc7, 0xf8, 0xc7, 0xf8, 0xc7, 0xf8, 0xc7, 0xf8, 0xc7, 0xf8, 
  0xcf, 0xf9, 0xcf, 0xf9, 0xd7, 0xda, 0xdf, 0xdc, 0xe7, 0xbc, 0xef, 0x9d, 0xef, 0x9d, 0xef, 0x9d, 0xef, 0x9d, 0xef, 0x9d, 0xef, 0xbc, 0xef, 0xbc, 0xef, 0x9d, 0xef, 0x9d, 0xef, 0x9d, 0xef, 0x9d, 0xef, 0x9d, 0xef, 0x9d, 0xef, 0x9d, 0xef, 0x9d, 0xef, 0x9d, 0xef, 0x9d, 0xef, 0x9d, 0xef, 0x9d, 0xef, 0x9d, 0xef, 0x9d, 0xef, 0x9d, 0xef, 0x9d, 0xef, 0x9d, 0xef, 0x9d, 0xef, 0x9d, 0xef, 0x9d, 0xef, 0x9d, 0xef, 0x9d, 0xef, 0x9d, 0xef, 0x9d, 0xef, 0x9d, 0xef, 0x9d, 0xef, 0x9d, 0xef, 0x9d, 0xef, 0x9d, 0xef, 0x9d, 0xef, 0x9d, 0xef, 0x9d, 0xef, 0x9d, 0xef, 0x9d, 0xef, 0x9d, 0xef, 0x9d, 0xef, 0x9d, 0xef, 0x9d, 0xef, 0x9d, 0xef, 0x9d, 0xef, 0x9d, 0xef, 0x9d, 0xef, 0x9d, 0xef, 0x9d, 0xef, 0x9d, 0xef, 0x9d, 0xef, 0x9d, 0xef, 0x9d, 0xef, 0x9d, 0xef, 0x9d, 0xef, 0x9d, 0xef, 0x9d, 0xef, 0x9d, 0xef, 0x9d, 0xef, 0x9d, 0xef, 0x9d, 0xef, 0x9d, 0xef, 0x9d, 0xef, 0x9d, 0xef, 0x9d, 0xef, 0x9d, 0xef, 0x9d, 0xef, 0x9d, 0xef, 0x9d, 0xef, 0x9d, 0xef, 0x9d, 0xef, 0x9d, 0xef, 0x9d, 0xef, 0x9d, 0xef, 0x9d, 0xef, 0x9d, 0xef, 0x9d, 0xef, 0x9d, 0xef, 0x9d, 0xef, 0x9d, 0xef, 0x9d, 0xef, 0x9d, 0xef, 0x9d, 0xef, 0x9d, 0xef, 0x9d, 0xef, 0x9d, 0xef, 0x9d, 0xef, 0x9d, 0xef, 0x9d, 0xef, 0x9d, 0xef, 0x9d, 0xef, 0x9d, 0xef, 0x9d, 0xef, 0x9d, 0xef, 0xbd, 0xe7, 0xbc, 0xe7, 0xdc, 0xdf, 0xfb, 0xd7, 0xda, 0xcf, 0xf9, 0xc7, 0xf8, 0xc7, 0xf8, 0xc7, 0xf8, 0xc7, 0xf8, 0xc7, 0xf8, 0xc7, 0xf8, 0xc7, 0xf8, 0xc7, 0xf8, 0xc7, 0xf8, 0xc7, 0xf8, 0xc7, 0xf8, 0xc7, 0xf8, 0xc7, 0xf8, 
  0xc7, 0xf8, 0xcf, 0xf9, 0xd7, 0xda, 0xdf, 0xdb, 0xe7, 0xbc, 0xef, 0xbd, 0xef, 0x9d, 0xef, 0x9d, 0xef, 0x9d, 0xef, 0x9d, 0xef, 0xbc, 0xef, 0xbc, 0xef, 0x9d, 0xef, 0x9d, 0xef, 0x9d, 0xef, 0x9d, 0xef, 0x9d, 0xef, 0x9d, 0xef, 0x9d, 0xef, 0x9d, 0xef, 0x9d, 0xef, 0x9d, 0xef, 0x9d, 0xef, 0x9d, 0xef, 0x9d, 0xef, 0x9d, 0xef, 0x9d, 0xef, 0x9d, 0xef, 0x9d, 0xef, 0x9d, 0xef, 0x9d, 0xef, 0x9d, 0xef, 0x9d, 0xef, 0x9d, 0xef, 0x9d, 0xef, 0x9d, 0xef, 0x9d, 0xef, 0x9d, 0xef, 0x9d, 0xef, 0x9d, 0xef, 0x9d, 0xef, 0x9d, 0xef, 0x9d, 0xef, 0x9d, 0xef, 0x9d, 0xef, 0x9d, 0xef, 0x9d, 0xef, 0x9d, 0xef, 0x9d, 0xef, 0x9d, 0xef, 0x9d, 0xef, 0x9d, 0xef, 0x9d, 0xef, 0x9d, 0xef, 0x9d, 0xef, 0x9d, 0xef, 0x9d, 0xef, 0x9d, 0xef, 0x9d, 0xef, 0x9d, 0xef, 0x9d, 0xef, 0x9d, 0xef, 0x9d, 0xef, 0x9d, 0xef, 0x9d, 0xef, 0x9d, 0xef, 0x9d, 0xef, 0x9d, 0xef, 0x9d, 0xef, 0x9d, 0xef, 0x9d, 0xef, 0x9d, 0xef, 0x9d, 0xef, 0x9d, 0xef, 0x9d, 0xef, 0x9d, 0xef, 0x9d, 0xef, 0x9d, 0xef, 0x9d, 0xef, 0x9d, 0xef, 0x9d, 0xef, 0x9d, 0xef, 0x9d, 0xef, 0x9d, 0xef, 0x9d, 0xef, 0x9d, 0xef, 0x9d, 0xef, 0x9d, 0xef, 0x9d, 0xef, 0x9d, 0xef, 0x9d, 0xef, 0x9d, 0xef, 0x9d, 0xef, 0x9d, 0xef, 0x9d, 0xef, 0x9d, 0xef, 0x9d, 0xef, 0x9d, 0xef, 0x9d, 0xef, 0x9d, 0xef, 0x9d, 0xef, 0xbd, 0xe7, 0xbc, 0xdf, 0xdb, 0xd7, 0xfa, 0xcf, 0xf9, 0xc7, 0xf8, 0xc7, 0xf8, 0xc7, 0xf8, 0xc7, 0xf8, 0xc7, 0xf8, 0xc7, 0xf8, 0xc7, 0xf8, 0xc7, 0xf8, 0xc7, 0xf8, 0xc7, 0xf8, 0xc7, 0xf8, 0xc7, 0xf8, 0xc7, 0xf8, 0xc7, 0xf8, 
  0xc7, 0xf8, 0xc7, 0xf8, 0xcf, 0xd9, 0xdf, 0xdb, 0xe7, 0xbc, 0xef, 0x9d, 0xef, 0x9d, 0xef, 0x9d, 0xef, 0x9d, 0xef, 0x9d, 0xef, 0xbc, 0xef, 0xbc, 0xef, 0x9d, 0xef, 0x9d, 0xef, 0x9d, 0xef, 0x9d, 0xef, 0x9d, 0xef, 0x9d, 0xef, 0x9d, 0xef, 0x9d, 0xef, 0x9d, 0xef, 0x9d, 0xef, 0x9d, 0xef, 0x9d, 0xef, 0x9d, 0xef, 0x9d, 0xef, 0x9d, 0xef, 0x9d, 0xef, 0x9d, 0xef, 0x9d, 0xef, 0x9d, 0xef, 0x9d, 0xef, 0x9d, 0xef, 0x9d, 0xef, 0x9d, 0xef, 0x9d, 0xef, 0x9d, 0xef, 0x9d, 0xef, 0x9d, 0xef, 0x9d, 0xef, 0x9d, 0xef, 0x9d, 0xef, 0x9d, 0xef, 0x9d, 0xef, 0x9d, 0xef, 0x9d, 0xef, 0x9d, 0xef, 0x9d, 0xef, 0x9d, 0xef, 0x9d, 0xef, 0x9d, 0xef, 0x9d, 0xef, 0x9d, 0xef, 0x9d, 0xef, 0x9d, 0xef, 0x9d, 0xef, 0x9d, 0xef, 0x9d, 0xef, 0x9d, 0xef, 0x9d, 0xef, 0x9d, 0xef, 0x9d, 0xef, 0x9d, 0xef, 0x9d, 0xef, 0x9d, 0xef, 0x9d, 0xef, 0x9d, 0xef, 0x9d, 0xef, 0x9d, 0xef, 0x9d, 0xef, 0x9d, 0xef, 0x9d, 0xef, 0x9d, 0xef, 0x9d, 0xef, 0x9d, 0xef, 0x9d, 0xef, 0x9d, 0xef, 0x9d, 0xef, 0x9d, 0xef, 0x9d, 0xef, 0x9d, 0xef, 0x9d, 0xef, 0x9d, 0xef, 0x9d, 0xef, 0x9d, 0xef, 0x9d, 0xef, 0x9d, 0xef, 0x9d, 0xef, 0x9d, 0xef, 0x9d, 0xef, 0x9d, 0xef, 0x9d, 0xef, 0x9d, 0xef, 0x9d, 0xef, 0x9d, 0xef, 0x9d, 0xef, 0x9d, 0xef, 0x9d, 0xef, 0x9d, 0xef, 0x9d, 0xef, 0xbd, 0xe7, 0xbc, 0xe7, 0xbc, 0xdf, 0xdb, 0xd7, 0xd9, 0xcf, 0xf8, 0xc7, 0xf8, 0xc7, 0xf8, 0xc7, 0xf8, 0xc7, 0xf8, 0xc7, 0xf8, 0xc7, 0xf8, 0xc7, 0xf8, 0xc7, 0xf8, 0xc7, 0xf8, 0xc7, 0xf8, 0xc7, 0xf8, 0xc7, 0xf8, 0xc7, 0xf8, 0xc7, 0xf8, 
  0xc7, 0xf8, 0xc7, 0xf8, 0xcf, 0xd9, 0xd7, 0xda, 0xdf, 0xdb, 0xe7, 0xbc, 0xe7, 0x9c, 0xef, 0x9d, 0xef, 0x9d, 0xef, 0x9d, 0xef, 0x9d, 0xef, 0x9d, 0xef, 0x9d, 0xef, 0x9d, 0xef, 0x9d, 0xef, 0x9d, 0xef, 0x9d, 0xef, 0x9d, 0xef, 0x9d, 0xef, 0x9d, 0xef, 0x9d, 0xef, 0x9d, 0xef, 0x9d, 0xef, 0x9d, 0xef, 0x9d, 0xef, 0x9d, 0xef, 0x9d, 0xef, 0x9d, 0xef, 0x9d, 0xef, 0x9d, 0xef, 0x9d, 0xef, 0x9d, 0xef, 0x9d, 0xef, 0x9d, 0xef, 0x9d, 0xef, 0x9d, 0xef, 0x9d, 0xef, 0x9d, 0xef, 0x9d, 0xef, 0x9d, 0xef, 0x9d, 0xef, 0x9d, 0xef, 0x9d, 0xef, 0x9d, 0xef, 0x9d, 0xef, 0x9d, 0xef, 0x9d, 0xef, 0x9d, 0xef, 0x9d, 0xef, 0x9d, 0xef, 0x9d, 0xef, 0x9d, 0xef, 0x9d, 0xef, 0x9d, 0xef, 0x9d, 0xef, 0x9d, 0xef, 0x9d, 0xef, 0x9d, 0xef, 0x9d, 0xef, 0x9d, 0xef, 0x9d, 0xef, 0x9d, 0xef, 0x9d, 0xef, 0x9d, 0xef, 0x9d, 0xef, 0x9d, 0xef, 0x9d, 0xef, 0x9d, 0xef, 0x9d, 0xef, 0x9d, 0xef, 0x9d, 0xef, 0x9d, 0xef, 0x9d, 0xef, 0x9d, 0xef, 0x9d, 0xef, 0x9d, 0xef, 0x9d, 0xef, 0x9d, 0xef, 0x9d, 0xef, 0x9d, 0xef, 0x9d, 0xef, 0x9d, 0xef, 0x9d, 0xef, 0x9d, 0xef, 0x9d, 0xef, 0x9d, 0xef, 0x9d, 0xef, 0x9d, 0xef, 0x9d, 0xef, 0x9d, 0xef, 0x9d, 0xef, 0x9d, 0xef, 0x9d, 0xef, 0x9d, 0xef, 0x9d, 0xef, 0x9d, 0xef, 0x9d, 0xef, 0x9d, 0xef, 0x9d, 0xef, 0x9d, 0xe7, 0xbc, 0xe7, 0xbc, 0xdf, 0xdb, 0xd7, 0xda, 0xcf, 0xf9, 0xc7, 0xf8, 0xc7, 0xf8, 0xc7, 0xf8, 0xc7, 0xf8, 0xc7, 0xf8, 0xc7, 0xf8, 0xc7, 0xf8, 0xc7, 0xf8, 0xc7, 0xf8, 0xc7, 0xf8, 0xc7, 0xf8, 0xc7, 0xf8, 0xc7, 0xf8, 0xc7, 0xf8, 0xc7, 0xf8, 
  0xc7, 0xf8, 0xc7, 0xf8, 0xc7, 0xf8, 0xcf, 0xd9, 0xd7, 0xd9, 0xdf, 0xda, 0xe7, 0xdb, 0xef, 0xdc, 0xef, 0xbd, 0xef, 0x9d, 0xef, 0x9d, 0xef, 0x7d, 0xef, 0x7d, 0xef, 0x9d, 0xef, 0x9d, 0xef, 0x9d, 0xef, 0x9d, 0xef, 0x9d, 0xef, 0x9d, 0xef, 0x9d, 0xef, 0x9d, 0xef, 0x9d, 0xef, 0x9d, 0xef, 0x9d, 0xef, 0x9d, 0xef, 0x9d, 0xef, 0x9d, 0xef, 0x9d, 0xef, 0x9d, 0xef, 0x9d, 0xef, 0x9d, 0xef, 0x9d, 0xef, 0x9d, 0xef, 0x9d, 0xef, 0x9d, 0xef, 0x9d, 0xef, 0x9d, 0xef, 0x9d, 0xef, 0x9d, 0xef, 0x9d, 0xef, 0x9d, 0xef, 0x9d, 0xef, 0x9d, 0xef, 0x9d, 0xef, 0x9d, 0xef, 0x9d, 0xef, 0x9d, 0xef, 0x9d, 0xef, 0x9d, 0xef, 0x9d, 0xef, 0x9d, 0xef, 0x9d, 0xef, 0x9d, 0xef, 0x9d, 0xef, 0x9d, 0xef, 0x9d, 0xef, 0x9d, 0xef, 0x9d, 0xef, 0x9d, 0xef, 0x9d, 0xef, 0x9d, 0xef, 0x9d, 0xef, 0x9d, 0xef, 0x9d, 0xef, 0x9d, 0xef, 0x9d, 0xef, 0x9d, 0xef, 0x9d, 0xef, 0x9d, 0xef, 0x9d, 0xef, 0x9d, 0xef, 0x9d, 0xef, 0x9d, 0xef, 0x9d, 0xef, 0x9d, 0xef, 0x9d, 0xef, 0x9d, 0xef, 0x9d, 0xef, 0x9d, 0xef, 0x9d, 0xef, 0x9d, 0xef, 0x9d, 0xef, 0x9d, 0xef, 0x9d, 0xef, 0x9d, 0xef, 0x9d, 0xef, 0x9d, 0xef, 0x7d, 0xef, 0x9d, 0xef, 0x9d, 0xef, 0x9d, 0xef, 0x9d, 0xef, 0x9d, 0xef, 0x9d, 0xef, 0x9d, 0xef, 0x7d, 0xef, 0x7d, 0xef, 0x7d, 0xef, 0x9d, 0xe7, 0x9c, 0xe7, 0xdc, 0xdf, 0xdb, 0xd7, 0xda, 0xcf, 0xd9, 0xcf, 0xf9, 0xc7, 0xf8, 0xc7, 0xf8, 0xc7, 0xf8, 0xc7, 0xf8, 0xc7, 0xf8, 0xcf, 0xf9, 0xcf, 0xf8, 0xc7, 0xf8, 0xc7, 0xf8, 0xc7, 0xf8, 0xc7, 0xf8, 0xc7, 0xf8, 0xc7, 0xf8, 0xc7, 0xf8, 0xc7, 0xf8, 
  0xbf, 0xf8, 0xc7, 0xf8, 0xc7, 0xf8, 0xc7, 0xf8, 0xcf, 0xf8, 0xd7, 0xf9, 0xdf, 0xda, 0xe7, 0xdb, 0xe7, 0xbc, 0xe7, 0x9d, 0xef, 0x9d, 0xef, 0x7d, 0xef, 0x9d, 0xef, 0x9d, 0xef, 0x9d, 0xef, 0x9d, 0xef, 0x7d, 0xef, 0x9d, 0xef, 0x9d, 0xef, 0x9d, 0xef, 0x9d, 0xef, 0x9d, 0xef, 0x9d, 0xef, 0x9d, 0xef, 0x9d, 0xef, 0x9d, 0xef, 0x9d, 0xef, 0x9d, 0xef, 0x9d, 0xef, 0x9d, 0xef, 0x9d, 0xef, 0x9d, 0xef, 0x9d, 0xef, 0x9d, 0xef, 0x9d, 0xef, 0x9d, 0xef, 0x9d, 0xef, 0x9d, 0xef, 0x9d, 0xef, 0x9d, 0xef, 0x9d, 0xef, 0x9d, 0xef, 0x9d, 0xef, 0x9d, 0xef, 0x9d, 0xef, 0x9d, 0xef, 0x9d, 0xef, 0x9d, 0xef, 0x9d, 0xef, 0x9d, 0xef, 0x9d, 0xef, 0x9d, 0xef, 0x9d, 0xef, 0x9d, 0xef, 0x9d, 0xef, 0x9d, 0xef, 0x9d, 0xef, 0x9d, 0xef, 0x9d, 0xef, 0x9d, 0xef, 0x9d, 0xef, 0x9d, 0xef, 0x9d, 0xef, 0x9d, 0xef, 0x9d, 0xef, 0x9d, 0xef, 0x9d, 0xef, 0x9d, 0xef, 0x9d, 0xef, 0x9d, 0xef, 0x9d, 0xef, 0x9d, 0xef, 0x9d, 0xef, 0x9d, 0xef, 0x9d, 0xef, 0x9d, 0xef, 0x9d, 0xef, 0x9d, 0xef, 0x9d, 0xef, 0x9d, 0xef, 0x9d, 0xef, 0x9d, 0xef, 0x9d, 0xef, 0x9d, 0xef, 0x9d, 0xef, 0x9d, 0xef, 0x9d, 0xef, 0x9d, 0xef, 0x7d, 0xef, 0x7d, 0xef, 0x7d, 0xef, 0x9d, 0xef, 0x7d, 0xef, 0x7d, 0xef, 0x7d, 0xef, 0x7d, 0xef, 0x9d, 0xef, 0x9d, 0xef, 0xbc, 0xe7, 0xbc, 0xdf, 0xdb, 0xd7, 0xda, 0xcf, 0xf9, 0xcf, 0xf9, 0xc7, 0xf8, 0xc7, 0xf8, 0xc7, 0xf8, 0xc7, 0xf8, 0xc7, 0xf8, 0xc7, 0xf8, 0xcf, 0xf9, 0xcf, 0xf8, 0xc7, 0xf8, 0xc7, 0xf8, 0xc7, 0xf8, 0xc7, 0xf8, 0xc7, 0xf8, 0xc7, 0xf8, 0xc7, 0xf8, 0xc7, 0xf8, 
  0xc7, 0xf8, 0xc7, 0xf8, 0xc7, 0xf8, 0xc7, 0xf8, 0xcf, 0xf8, 0xd7, 0xd9, 0xd7, 0xda, 0xdf, 0xbb, 0xe7, 0xbc, 0xe7, 0xbc, 0xe7, 0x9d, 0xef, 0x9d, 0xef, 0x9d, 0xef, 0x9d, 0xef, 0x9d, 0xef, 0x9d, 0xef, 0x9d, 0xef, 0x9d, 0xef, 0x9d, 0xef, 0x9d, 0xef, 0x9d, 0xef, 0x9d, 0xef, 0x9d, 0xef, 0x9d, 0xef, 0x9d, 0xef, 0x9d, 0xef, 0x9d, 0xef, 0x9d, 0xef, 0x9d, 0xef, 0x9d, 0xef, 0x9d, 0xef, 0x9d, 0xef, 0x9d, 0xef, 0x9d, 0xef, 0x9d, 0xef, 0x9d, 0xef, 0x9d, 0xef, 0x9d, 0xef, 0x9d, 0xef, 0x9d, 0xef, 0x9d, 0xef, 0x9d, 0xef, 0x9d, 0xef, 0x9d, 0xef, 0x9d, 0xef, 0x9d, 0xef, 0x9d, 0xef, 0x9d, 0xef, 0x9d, 0xef, 0x9d, 0xef, 0x9d, 0xef, 0x9d, 0xef, 0x9d, 0xef, 0x9d, 0xef, 0x9d, 0xef, 0x9d, 0xef, 0x9d, 0xef, 0x9d, 0xef, 0x9d, 0xef, 0x9d, 0xef, 0x9d, 0xef, 0x9d, 0xef, 0x9d, 0xef, 0x9d, 0xef, 0x9d, 0xef, 0x9d, 0xef, 0x9d, 0xef, 0x9d, 0xef, 0x9d, 0xef, 0x9d, 0xef, 0x9d, 0xef, 0x9d, 0xef, 0x9d, 0xef, 0x9d, 0xef, 0x9d, 0xef, 0x9d, 0xef, 0x9d, 0xef, 0x9d, 0xef, 0x9d, 0xef, 0x9d, 0xef, 0x9d, 0xef, 0x9d, 0xef, 0x9d, 0xef, 0x9d, 0xef, 0x9d, 0xef, 0x9d, 0xef, 0x9d, 0xef, 0x9d, 0xef, 0x9d, 0xef, 0x9d, 0xef, 0x9d, 0xef, 0x9d, 0xef, 0x9d, 0xef, 0x9d, 0xef, 0x9d, 0xef, 0x9d, 0xef, 0xbc, 0xe7, 0xbc, 0xe7, 0xbc, 0xdf, 0xdb, 0xd7, 0xda, 0xcf, 0xd9, 0xcf, 0xf9, 0xcf, 0xf9, 0xc7, 0xf8, 0xc7, 0xf8, 0xc7, 0xf8, 0xc7, 0xf8, 0xc7, 0xf8, 0xc7, 0xf8, 0xc7, 0xf8, 0xc7, 0xf8, 0xc7, 0xf8, 0xc7, 0xf8, 0xc7, 0xf8, 0xc7, 0xf8, 0xc7, 0xf8, 0xc7, 0xf8, 0xc7, 0xf8, 0xc7, 0xf8, 
  0xc7, 0xf8, 0xc7, 0xf8, 0xc7, 0xf8, 0xc7, 0xf8, 0xcf, 0xf8, 0xcf, 0xf8, 0xd7, 0xd9, 0xd7, 0xba, 0xdf, 0xdb, 0xdf, 0xdc, 0xe7, 0xbc, 0xe7, 0xbd, 0xe7, 0xbd, 0xe7, 0xbc, 0xef, 0xbc, 0xef, 0xbc, 0xef, 0xbd, 0xef, 0x9d, 0xef, 0x9d, 0xef, 0x9d, 0xef, 0x9d, 0xef, 0x9d, 0xef, 0x9d, 0xef, 0x9d, 0xef, 0x9d, 0xef, 0x9d, 0xef, 0x9d, 0xef, 0x9d, 0xef, 0x9d, 0xef, 0x9d, 0xef, 0x9d, 0xef, 0x9d, 0xef, 0x9d, 0xef, 0x9d, 0xef, 0x9d, 0xef, 0x9d, 0xef, 0x9d, 0xef, 0x9d, 0xef, 0x9d, 0xef, 0x9d, 0xef, 0x9d, 0xef, 0x9d, 0xef, 0x9d, 0xef, 0x9d, 0xef, 0x9d, 0xef, 0x9d, 0xef, 0x9d, 0xef, 0x9d, 0xef, 0x9d, 0xef, 0x9d, 0xef, 0x9d, 0xef, 0x9d, 0xef, 0x9d, 0xef, 0x9d, 0xef, 0x9d, 0xef, 0x9d, 0xef, 0x9d, 0xef, 0x9d, 0xef, 0x9d, 0xef, 0x9d, 0xef, 0x9d, 0xef, 0x9d, 0xef, 0x9d, 0xef, 0x9d, 0xef, 0x9d, 0xef, 0x9d, 0xef, 0x9d, 0xef, 0x9d, 0xef, 0x9d, 0xef, 0x9d, 0xef, 0x9d, 0xef, 0x9d, 0xef, 0x9d, 0xef, 0x9d, 0xef, 0x9d, 0xef, 0x9d, 0xef, 0x9d, 0xef, 0x9d, 0xef, 0x9d, 0xef, 0x9d, 0xef, 0x9d, 0xef, 0x9d, 0xef, 0x9d, 0xef, 0x9d, 0xef, 0x9d, 0xef, 0x9d, 0xef, 0x9d, 0xef, 0x9d, 0xef, 0x9d, 0xef, 0x9d, 0xef, 0xbd, 0xef, 0xbd, 0xef, 0xbd, 0xe7, 0xbc, 0xe7, 0xbc, 0xe7, 0xbc, 0xe7, 0xbc, 0xdf, 0xdb, 0xdf, 0xdb, 0xd7, 0xda, 0xcf, 0xd9, 0xcf, 0xd9, 0xc7, 0xf8, 0xc7, 0xf8, 0xc7, 0xf8, 0xc7, 0xf8, 0xc7, 0xf8, 0xc7, 0xf8, 0xc7, 0xf8, 0xc7, 0xf8, 0xc7, 0xf8, 0xc7, 0xf8, 0xc7, 0xf8, 0xc7, 0xf8, 0xc7, 0xf8, 0xc7, 0xf8, 0xc7, 0xf8, 0xc7, 0xf8, 0xc7, 0xf8, 0xc7, 0xf8, 
  0xc7, 0xf9, 0xc7, 0xf8, 0xc7, 0xf8, 0xc7, 0xf8, 0xcf, 0xf8, 0xcf, 0xf8, 0xcf, 0xf9, 0xcf, 0xd9, 0xd7, 0xda, 0xd7, 0xdb, 0xdf, 0xdb, 0xdf, 0xdc, 0xe7, 0xdc, 0xe7, 0xdc, 0xe7, 0xdc, 0xe7, 0xbc, 0xe7, 0xbc, 0xe7, 0x9c, 0xe7, 0x9c, 0xef, 0x9c, 0xef, 0x9d, 0xef, 0x9d, 0xef, 0x9d, 0xef, 0x9d, 0xef, 0x9d, 0xef, 0x9d, 0xef, 0x9d, 0xef, 0x9d, 0xef, 0x9d, 0xef, 0x9d, 0xef, 0x9d, 0xef, 0x9d, 0xef, 0x9d, 0xef, 0x9d, 0xef, 0x9d, 0xef, 0x9d, 0xef, 0x9d, 0xef, 0x9d, 0xef, 0x9d, 0xef, 0x9d, 0xef, 0x9d, 0xef, 0x9d, 0xef, 0x9d, 0xef, 0x9d, 0xef, 0x9d, 0xef, 0x9d, 0xef, 0x9d, 0xef, 0x9d, 0xef, 0x9d, 0xef, 0x9d, 0xef, 0x9d, 0xef, 0x9d, 0xef, 0x9d, 0xef, 0x9d, 0xef, 0x9d, 0xef, 0x9d, 0xef, 0x9d, 0xef, 0x9d, 0xef, 0x9d, 0xef, 0x9d, 0xef, 0x9d, 0xef, 0x9d, 0xef, 0x9d, 0xef, 0x9d, 0xef, 0x9d, 0xef, 0x9d, 0xef, 0x9d, 0xef, 0x9d, 0xef, 0x9d, 0xef, 0x9d, 0xef, 0x9d, 0xef, 0x9d, 0xef, 0x9d, 0xef, 0x9d, 0xef, 0x9d, 0xef, 0x9d, 0xef, 0x9d, 0xef, 0x9d, 0xef, 0x9d, 0xef, 0x9d, 0xef, 0x9d, 0xef, 0x9d, 0xef, 0x9d, 0xef, 0x9d, 0xef, 0x9d, 0xef, 0x9d, 0xef, 0x9d, 0xef, 0x9d, 0xef, 0xbd, 0xe7, 0xbd, 0xe7, 0xbc, 0xe7, 0xbc, 0xe7, 0xbc, 0xe7, 0xbc, 0xe7, 0xbc, 0xdf, 0xbb, 0xdf, 0xdb, 0xd7, 0xda, 0xd7, 0xda, 0xcf, 0xd9, 0xcf, 0xd9, 0xcf, 0xf9, 0xc7, 0xf8, 0xc7, 0xf8, 0xc7, 0xf8, 0xc7, 0xf8, 0xc7, 0xf8, 0xc7, 0xf8, 0xc7, 0xf8, 0xc7, 0xf8, 0xc7, 0xf8, 0xc7, 0xf8, 0xc7, 0xf8, 0xc7, 0xf8, 0xc7, 0xf8, 0xc7, 0xf8, 0xc7, 0xf8, 0xc7, 0xf8, 0xc7, 0xf8, 0xc7, 0xf8, 
  0xc7, 0xf9, 0xc7, 0xf9, 0xc7, 0xf8, 0xc7, 0xf8, 0xc7, 0xf8, 0xc7, 0xf8, 0xcf, 0xf8, 0xcf, 0xf8, 0xcf, 0xd9, 0xcf, 0xd9, 0xd7, 0xda, 0xd7, 0xdb, 0xdf, 0xdb, 0xdf, 0xdb, 0xe7, 0xdb, 0xe7, 0xdc, 0xe7, 0xbc, 0xe7, 0xbc, 0xe7, 0xbc, 0xe7, 0xbc, 0xef, 0xbd, 0xef, 0x9d, 0xef, 0xbd, 0xef, 0x9d, 0xef, 0x9d, 0xef, 0x9d, 0xef, 0x9d, 0xef, 0x9d, 0xef, 0x9d, 0xef, 0x9d, 0xef, 0x9d, 0xef, 0x9d, 0xef, 0x9d, 0xef, 0x9d, 0xef, 0x9d, 0xef, 0x9d, 0xef, 0x9d, 0xef, 0x9d, 0xef, 0x9d, 0xef, 0x9d, 0xef, 0x9d, 0xef, 0x9d, 0xef, 0x9d, 0xef, 0x9d, 0xef, 0x9d, 0xef, 0x9d, 0xef, 0x9d, 0xef, 0x9d, 0xef, 0x9d, 0xef, 0x9d, 0xef, 0x9d, 0xef, 0x9d, 0xef, 0x9d, 0xef, 0x9d, 0xef, 0x9d, 0xef, 0x9d, 0xef, 0x9d, 0xef, 0x9d, 0xef, 0x9d, 0xef, 0x9d, 0xef, 0x9d, 0xef, 0x9d, 0xef, 0x9d, 0xef, 0x9d, 0xef, 0x9d, 0xef, 0x9d, 0xef, 0x9d, 0xef, 0x9d, 0xef, 0x9d, 0xef, 0x9d, 0xef, 0x9d, 0xef, 0x9d, 0xef, 0x9d, 0xef, 0x9d, 0xef, 0x9d, 0xef, 0x9d, 0xef, 0x9d, 0xef, 0x9d, 0xef, 0x9d, 0xef, 0x9d, 0xef, 0x9d, 0xef, 0x9d, 0xef, 0x9d, 0xef, 0x9d, 0xef, 0x9d, 0xef, 0x9d, 0xef, 0x9d, 0xef, 0xbd, 0xe7, 0xbd, 0xe7, 0xbc, 0xe7, 0xdc, 0xe7, 0xdc, 0xe7, 0xdc, 0xdf, 0xdb, 0xdf, 0xdb, 0xdf, 0xdb, 0xd7, 0xda, 0xcf, 0xf9, 0xcf, 0xd9, 0xc7, 0xf9, 0xc7, 0xf8, 0xc7, 0xf8, 0xc7, 0xf8, 0xc7, 0xf8, 0xc7, 0xf7, 0xc7, 0xf7, 0xc7, 0xf8, 0xc7, 0xf8, 0xc7, 0xf8, 0xc7, 0xf8, 0xc7, 0xf8, 0xc7, 0xf8, 0xc7, 0xf8, 0xc7, 0xf8, 0xc7, 0xf8, 0xc7, 0xf8, 0xc7, 0xf8, 0xc7, 0xf8, 0xc7, 0xf8, 0xc7, 0xf8, 
  0xc7, 0xf9, 0xc7, 0xf9, 0xc7, 0xf8, 0xc7, 0xf8, 0xc7, 0xf8, 0xc7, 0xf8, 0xc7, 0xf8, 0xc7, 0xf8, 0xc7, 0xf8, 0xcf, 0xf9, 0xcf, 0xd9, 0xd7, 0xda, 0xd7, 0xda, 0xd7, 0xda, 0xdf, 0xdb, 0xdf, 0xdb, 0xe7, 0xbc, 0xe7, 0xbc, 0xe7, 0xbc, 0xe7, 0xbc, 0xe7, 0xbd, 0xef, 0xbd, 0xef, 0xbd, 0xef, 0xbd, 0xef, 0x9d, 0xef, 0x9d, 0xef, 0x9d, 0xef, 0x9d, 0xef, 0x9d, 0xef, 0x9d, 0xef, 0x9d, 0xef, 0x9d, 0xef, 0x9d, 0xef, 0x9d, 0xef, 0x9d, 0xef, 0x9d, 0xef, 0x9d, 0xef, 0x9d, 0xef, 0x9d, 0xef, 0x9d, 0xef, 0x9d, 0xef, 0x9d, 0xef, 0x9d, 0xef, 0x9d, 0xef, 0x9d, 0xef, 0x9d, 0xef, 0x9d, 0xef, 0x9d, 0xef, 0x9d, 0xef, 0x9d, 0xef, 0x9d, 0xef, 0x9d, 0xef, 0x9d, 0xef, 0x9d, 0xef, 0x9d, 0xef, 0x9d, 0xef, 0x9d, 0xef, 0x9d, 0xef, 0x9d, 0xef, 0x9d, 0xef, 0x9d, 0xef, 0x9d, 0xef, 0x9d, 0xef, 0x9d, 0xef, 0x9d, 0xef, 0x9d, 0xef, 0x9d, 0xef, 0x9d, 0xef, 0x9d, 0xef, 0x9d, 0xef, 0x9d, 0xef, 0x9d, 0xef, 0x9d, 0xef, 0x9d, 0xef, 0x9d, 0xef, 0x9d, 0xef, 0x9d, 0xef, 0x9d, 0xef, 0x9d, 0xef, 0x9d, 0xef, 0x9c, 0xef, 0x9c, 0xef, 0x9c, 0xef, 0x9c, 0xef, 0x9c, 0xef, 0x9c, 0xe7, 0x9c, 0xe7, 0x9c, 0xe7, 0xbc, 0xe7, 0xbc, 0xe7, 0xdc, 0xdf, 0xdb, 0xdf, 0xdb, 0xdf, 0xdb, 0xd7, 0xda, 0xd7, 0xda, 0xcf, 0xf9, 0xc7, 0xf9, 0xc7, 0xf8, 0xc7, 0xf8, 0xc7, 0xf8, 0xc7, 0xf8, 0xc7, 0xf8, 0xc7, 0xf7, 0xc7, 0xf7, 0xc7, 0xf7, 0xc7, 0xf8, 0xc7, 0xf8, 0xc7, 0xf8, 0xc7, 0xf8, 0xc7, 0xf8, 0xc7, 0xf8, 0xc7, 0xf8, 0xc7, 0xf8, 0xc7, 0xf8, 0xc7, 0xf8, 0xc7, 0xf8, 0xc7, 0xf8, 0xc7, 0xf8, 0xc7, 0xf8, 
  0xc7, 0xf9, 0xc7, 0xf8, 0xc7, 0xf8, 0xc7, 0xf8, 0xc7, 0xf8, 0xc7, 0xf8, 0xc7, 0xf8, 0xc7, 0xf8, 0xc7, 0xf8, 0xc7, 0xf8, 0xcf, 0xf9, 0xcf, 0xd9, 0xcf, 0xd9, 0xd7, 0xba, 0xd7, 0xba, 0xd7, 0xba, 0xdf, 0xbb, 0xdf, 0x9c, 0xdf, 0x9c, 0xe7, 0x9c, 0xe7, 0x9c, 0xe7, 0x9c, 0xe7, 0x9c, 0xef, 0x9c, 0xef, 0x9d, 0xef, 0x9d, 0xef, 0x9d, 0xef, 0x9d, 0xef, 0x9d, 0xef, 0x9d, 0xef, 0x9d, 0xef, 0x9d, 0xef, 0x9d, 0xef, 0x9d, 0xef, 0x9d, 0xef, 0x9d, 0xef, 0x9d, 0xef, 0x9d, 0xef, 0x9d, 0xef, 0x9d, 0xef, 0x9d, 0xef, 0x9d, 0xef, 0x9d, 0xef, 0x9d, 0xef, 0x9d, 0xef, 0x9d, 0xef, 0x9d, 0xef, 0x9d, 0xef, 0x9d, 0xef, 0x9d, 0xef, 0x9d, 0xef, 0x9d, 0xef, 0x9d, 0xef, 0x9d, 0xef, 0x9d, 0xef, 0x9d, 0xef, 0x9d, 0xef, 0x9d, 0xef, 0x9d, 0xef, 0x9d, 0xef, 0x9d, 0xef, 0x9d, 0xef, 0x9d, 0xef, 0x9d, 0xef, 0x9c, 0xef, 0x9d, 0xef, 0x9d, 0xef, 0x9d, 0xef, 0x9d, 0xef, 0x9d, 0xef, 0x9d, 0xef, 0xbd, 0xef, 0x9d, 0xef, 0x9d, 0xef, 0x9d, 0xef, 0x9d, 0xef, 0x9d, 0xef, 0x9d, 0xef, 0x9d, 0xef, 0x9d, 0xef, 0x9c, 0xef, 0x9c, 0xef, 0x9c, 0xef, 0x9c, 0xef, 0x9c, 0xef, 0x9c, 0xe7, 0x9c, 0xe7, 0xbc, 0xe7, 0x9c, 0xdf, 0xbb, 0xdf, 0xbb, 0xdf, 0xbb, 0xd7, 0xba, 0xd7, 0xba, 0xcf, 0xb9, 0xcf, 0xd9, 0xc7, 0xf8, 0xc7, 0xf8, 0xc7, 0xf8, 0xc7, 0xf8, 0xc7, 0xf8, 0xc7, 0xf8, 0xc7, 0xf8, 0xc7, 0xf8, 0xc7, 0xf7, 0xc7, 0xf7, 0xc7, 0xf8, 0xc7, 0xf8, 0xc7, 0xf8, 0xc7, 0xf8, 0xc7, 0xf8, 0xc7, 0xf8, 0xc7, 0xf8, 0xc7, 0xf8, 0xc7, 0xf8, 0xc7, 0xf8, 0xc7, 0xf8, 0xc7, 0xf8, 0xc7, 0xf8, 0xc7, 0xf8, 
#endif
#if LV_COLOR_DEPTH == 32
  /*Pixel format: Fix 0xFF: 8 bit, Red: 8 bit, Green: 8 bit, Blue: 8 bit*/
  0xc0, 0xff, 0xc0, 0xff, 0xc0, 0xff, 0xc0, 0xff, 0xc0, 0xff, 0xc0, 0xff, 0xc0, 0xff, 0xc0, 0xff, 0xc0, 0xff, 0xc0, 0xff, 0xc0, 0xff, 0xc0, 0xff, 0xc0, 0xff, 0xc0, 0xff, 0xc0, 0xff, 0xc0, 0xff, 0xc0, 0xff, 0xc0, 0xff, 0xc0, 0xff, 0xc0, 0xff, 0xc0, 0xff, 0xc0, 0xff, 0xc0, 0xff, 0xc0, 0xff, 0xc0, 0xff, 0xc0, 0xff, 0xc0, 0xff, 0xc0, 0xff, 0xc0, 0xff, 0xc0, 0xff, 0xc0, 0xff, 0xc0, 0xff, 0xc0, 0xff, 0xc0, 0xff, 0xc0, 0xff, 0xc0, 0xff, 0xc0, 0xff, 0xc0, 0xff, 0xc0, 0xff, 0xc0, 0xff, 0xc0, 0xff, 0xc0, 0xff, 0xc0, 0xff, 0xc0, 0xff, 0xc0, 0xff, 0xc0, 0xff, 0xc0, 0xff, 0xc0, 0xff, 0xc0, 0xff, 0xc0, 0xff, 0xc0, 0xff, 0xc0, 0xff, 0xc0, 0xff, 0xc0, 0xff, 0xc0, 0xff, 0xc0, 0xff, 0xc0, 0xff, 0xc0, 0xff, 0xc0, 0xff, 0xc0, 0xff, 0xc0, 0xff, 0xc0, 0xff, 0xc0, 0xff, 0xc0, 0xff, 0xc0, 0xff, 0xc0, 0xff, 0xc0, 0xff, 0xc0, 0xff, 0xc0, 0xff, 0xc0, 0xff, 0xc0, 0xff, 0xc0, 0xff, 0xc0, 0xff, 0xc0, 0xff, 0xc0, 0xff, 0xc0, 0xff, 0xc0, 0xff, 0xc0, 0xff, 0xc0, 0xff, 0xc0, 0xff, 0xc0, 0xff, 0xc0, 0xff, 0xc0, 0xff, 0xc0, 0xff, 0xc0, 0xff, 0xc0, 0xff, 0xc0, 0xff, 0xc0, 0xff, 0xc0, 0xff, 0xc0, 0xff, 0xc0, 0xff, 0xc0, 0xff, 0xc0, 0xff, 0xc0, 0xff, 0xbf, 0xfe, 0xc2, 0xff, 0xbd, 0xfd, 0xc5, 0xff, 0xbe, 0xfd, 0xc5, 0xff, 0xc0, 0xfd, 0xc3, 0xff, 0xc2, 0xfe, 0xc1, 0xff, 0xc4, 0xff, 0xbf, 0xff, 0xc5, 0xff, 0xbd, 0xff, 0xc5, 0xff, 0xbd, 0xff, 0xc5, 0xff, 0xbd, 0xff, 0xc4, 0xff, 0xbd, 0xff, 0xc3, 0xff, 0xbe, 0xff, 0xc2, 0xff, 0xbf, 0xff, 0xc2, 0xff, 0xbf, 0xff, 0xc3, 0xff, 0xbe, 0xff, 0xc4, 0xff, 0xbd, 0xff, 0xc5, 0xff, 0xbd, 0xff, 0xc5, 0xff, 0xbd, 0xff, 0xc1, 0xfc, 0xbc, 0xff, 0xc7, 0xfe, 0xc2, 0xff, 0xcd, 0xfe, 0xc3, 0xff, 0xc8, 0xfa, 0xbf, 0xff, 0xc0, 0xfb, 0xbd, 0xff, 0xbd, 0xff, 0xbf, 0xff, 0xb9, 0xff, 0xc0, 0xff, 0xb7, 0xff, 0xbf, 0xff, 0xc1, 0xff, 0xc4, 0xff, 0xc3, 0xfe, 0xc1, 0xff, 0xc5, 0xfc, 0xbe, 0xff, 0xc3, 0xfc, 0xbf, 0xff, 0xbe, 0xfc, 0xc2, 0xff, 0xb7, 0xfd, 0xca, 0xff, 0xaa, 0xfb, 0xd1, 0xff, 0x94, 0xf8, 0xdc, 0xff, 0x7a, 0xf8, 0xec, 0xff, 0x64, 0xf6, 0xf2, 0xff, 0x54, 0xf2, 0xf2, 0xff, 0x42, 0xef, 0xf2, 0xff, 0x2e, 0xec, 0xf4, 0xff, 0x1e, 0xeb, 0xf6, 0xff, 0x12, 0xea, 0xf9, 0xff, 0x0c, 0xea, 0xfb, 0xff, 0x08, 0xe7, 0xf8, 0xff, 0x0c, 0xe7, 0xf8, 0xff, 0x17, 0xe7, 0xf7, 0xff, 0x24, 0xe7, 0xf5, 0xff, 0x36, 0xe9, 0xf4, 0xff, 0x47, 0xec, 0xf5, 0xff, 0x55, 0xee, 0xf5, 0xff, 0x65, 0xf2, 0xee, 0xff, 0x7b, 0xf9, 0xe2, 0xff, 0x8e, 0xfd, 0xd6, 0xff, 0xa1, 0xff, 0xcd, 0xff, 0xb1, 0xff, 0xc6, 0xff, 0xbe, 0xff, 0xbf, 0xff, 0xc6, 0xff, 0xbe, 0xff, 0xc8, 0xfd, 0xc1, 0xff, 0xc9, 0xfb, 0xc4, 0xff, 0xca, 0xfb, 0xc7, 0xff, 0xc5, 0xfb, 0xc6, 0xff, 0xbf, 0xfd, 0xc3, 0xff, 0xb9, 0xff, 0xc0, 0xff, 0xb4, 0xff, 0xbd, 0xff, 0xb5, 0xff, 0xbd, 0xff, 0xbd, 0xfe, 0xc0, 0xff, 0xc3, 0xfe, 0xc1, 0xff, 0xc5, 0xfd, 0xc1, 0xff, 0xc6, 0xfe, 0xc0, 0xff, 0xc4, 0xff, 0xbe, 0xff, 0xc2, 0xff, 0xbd, 0xff, 0xbf, 0xff, 0xbc, 0xff, 0xbc, 0xff, 0xbb, 0xff, 0xb9, 0xff, 0xbc, 0xff, 0xb7, 0xff, 0xbc, 0xff, 
  0xc0, 0xff, 0xc0, 0xff, 0xc0, 0xff, 0xc0, 0xff, 0xc0, 0xff, 0xc0, 0xff, 0xc0, 0xff, 0xc0, 0xff, 0xc0, 0xff, 0xc0, 0xff, 0xc0, 0xff, 0xc0, 0xff, 0xc0, 0xff, 0xc0, 0xff, 0xc0, 0xff, 0xc0, 0xff, 0xc0, 0xff, 0xc0, 0xff, 0xc0, 0xff, 0xc0, 0xff, 0xc0, 0xff, 0xc0, 0xff, 0xc0, 0xff, 0xc0, 0xff, 0xc0, 0xff, 0xc0, 0xff, 0xc0, 0xff, 0xc0, 0xff, 0xc0, 0xff, 0xc0, 0xff, 0xc0, 0xff, 0xc0, 0xff, 0xc0, 0xff, 0xc0, 0xff, 0xc0, 0xff, 0xc0, 0xff, 0xc0, 0xff, 0xc0, 0xff, 0xc0, 0xff, 0xc0, 0xff, 0xc0, 0xff, 0xc0, 0xff, 0xc0, 0xff, 0xc0, 0xff, 0xc0, 0xff, 0xc0, 0xff, 0xc0, 0xff, 0xc0, 0xff, 0xc0, 0xff, 0xc0, 0xff, 0xc0, 0xff, 0xc0, 0xff, 0xc0, 0xff, 0xc0, 0xff, 0xc0, 0xff, 0xc0, 0xff, 0xc0, 0xff, 0xc0, 0xff, 0xc0, 0xff, 0xc0, 0xff, 0xc0, 0xff, 0xc0, 0xff, 0xc0, 0xff, 0xc0, 0xff, 0xc0, 0xff, 0xc0, 0xff, 0xc0, 0xff, 0xc0, 0xff, 0xc0, 0xff, 0xc0, 0xff, 0xc0, 0xff, 0xc0, 0xff, 0xc0, 0xff, 0xc0, 0xff, 0xc0, 0xff, 0xc0, 0xff, 0xc0, 0xff, 0xc0, 0xff, 0xc0, 0xff, 0xc0, 0xff, 0xc0, 0xff, 0xc0, 0xff, 0xc0, 0xff, 0xc0, 0xff, 0xc0, 0xff, 0xc0, 0xff, 0xc0, 0xff, 0xc0, 0xff, 0xc0, 0xff, 0xc0, 0xff, 0xc0, 0xff, 0xc0, 0xff, 0xc0, 0xff, 0xc0, 0xff, 0xbf, 0xfe, 0xc2, 0xff, 0xbe, 0xfd, 0xc4, 0xff, 0xbf, 0xfd, 0xc4, 0xff, 0xc1, 0xfe, 0xc2, 0xff, 0xc3, 0xfe, 0xc1, 0xff, 0xc4, 0xff, 0xbf, 0xff, 0xc4, 0xff, 0xbe, 0xff, 0xc4, 0xff, 0xbd, 0xff, 0xc4, 0xff, 0xbd, 0xff, 0xc2, 0xff, 0xbe, 0xff, 0xc1, 0xff, 0xbf, 0xff, 0xc1, 0xff, 0xbf, 0xff, 0xc1, 0xff, 0xbf, 0xff, 0xc1, 0xff, 0xbf, 0xff, 0xc2, 0xff, 0xbf, 0xff, 0xc3, 0xff, 0xbe, 0xff, 0xc3, 0xff, 0xbe, 0xff, 0xc0, 0xff, 0xbf, 0xff, 0xc0, 0xfe, 0xbf, 0xff, 0xc4, 0xfc, 0xc1, 0xff, 0xc6, 0xfe, 0xc3, 0xff, 0xc4, 0xff, 0xc5, 0xff, 0xbe, 0xff, 0xc2, 0xff, 0xb7, 0xff, 0xbf, 0xff, 0xb5, 0xfe, 0xbc, 0xff, 0xb9, 0xfd, 0xbd, 0xff, 0xbb, 0xfd, 0xc0, 0xff, 0xbb, 0xfd, 0xc6, 0xff, 0xb4, 0xfd, 0xcd, 0xff, 0xa4, 0xfb, 0xd3, 0xff, 0x92, 0xf7, 0xd7, 0xff, 0x7f, 0xf3, 0xd9, 0xff, 0x6b, 0xef, 0xde, 0xff, 0x52, 0xe7, 0xe0, 0xff, 0x43, 0xe5, 0xe6, 0xff, 0x39, 0xe4, 0xe8, 0xff, 0x2e, 0xe3, 0xeb, 0xff, 0x20, 0xe2, 0xef, 0xff, 0x16, 0xe3, 0xf4, 0xff, 0x0e, 0xe4, 0xf7, 0xff, 0x0a, 0xe4, 0xfa, 0xff, 0x0b, 0xe6, 0xfd, 0xff, 0x0d, 0xe5, 0xfb, 0xff, 0x13, 0xe4, 0xf8, 0xff, 0x1c, 0xe3, 0xf5, 0xff, 0x27, 0xe3, 0xf2, 0xff, 0x31, 0xe3, 0xef, 0xff, 0x3a, 0xe3, 0xed, 0xff, 0x46, 0xe6, 0xe7, 0xff, 0x54, 0xe9, 0xdc, 0xff, 0x65, 0xef, 0xd7, 0xff, 0x79, 0xf7, 0xd8, 0xff, 0x8d, 0xfc, 0xd6, 0xff, 0xa1, 0xfe, 0xd1, 0xff, 0xb0, 0xfd, 0xcc, 0xff, 0xbb, 0xfb, 0xc7, 0xff, 0xc1, 0xf9, 0xc4, 0xff, 0xc5, 0xfb, 0xc3, 0xff, 0xc3, 0xfc, 0xc2, 0xff, 0xbe, 0xfd, 0xc1, 0xff, 0xbb, 0xff, 0xc1, 0xff, 0xba, 0xff, 0xc0, 0xff, 0xbb, 0xff, 0xc0, 0xff, 0xbd, 0xfe, 0xbf, 0xff, 0xbf, 0xfd, 0xbf, 0xff, 0xc3, 0xfe, 0xc1, 0xff, 0xc3, 0xfe, 0xc1, 0xff, 0xc2, 0xff, 0xbf, 0xff, 0xc1, 0xff, 0xbe, 0xff, 0xbf, 0xff, 0xbc, 0xff, 0xbd, 0xff, 0xbc, 0xff, 0xba, 0xff, 0xbc, 0xff, 0xb9, 0xff, 0xbc, 0xff, 
  0xc0, 0xff, 0xc0, 0xff, 0xc0, 0xff, 0xc0, 0xff, 0xc0, 0xff, 0xc0, 0xff, 0xc0, 0xff, 0xc0, 0xff, 0xc0, 0xff, 0xc0, 0xff, 0xc0, 0xff, 0xc0, 0xff, 0xc0, 0xff, 0xc0, 0xff, 0xc0, 0xff, 0xc0, 0xff, 0xc0, 0xff, 0xc0, 0xff, 0xc0, 0xff, 0xc0, 0xff, 0xc0, 0xff, 0xc0, 0xff, 0xc0, 0xff, 0xc0, 0xff, 0xc0, 0xff, 0xc0, 0xff, 0xc0, 0xff, 0xc0, 0xff, 0xc0, 0xff, 0xc0, 0xff, 0xc0, 0xff, 0xc0, 0xff, 0xc0, 0xff, 0xc0, 0xff, 0xc0, 0xff, 0xc0, 0xff, 0xc0, 0xff, 0xc0, 0xff, 0xc0, 0xff, 0xc0, 0xff, 0xc0, 0xff, 0xc0, 0xff, 0xc0, 0xff, 0xc0, 0xff, 0xc0, 0xff, 0xc0, 0xff, 0xc0, 0xff, 0xc0, 0xff, 0xc0, 0xff, 0xc0, 0xff, 0xc0, 0xff, 0xc0, 0xff, 0xc0, 0xff, 0xc0, 0xff, 0xc0, 0xff, 0xc0, 0xff, 0xc0, 0xff, 0xc0, 0xff, 0xc0, 0xff, 0xc0, 0xff, 0xc0, 0xff, 0xc0, 0xff, 0xc0, 0xff, 0xc0, 0xff, 0xc0, 0xff, 0xc0, 0xff, 0xc0, 0xff, 0xc0, 0xff, 0xc0, 0xff, 0xc0, 0xff, 0xc0, 0xff, 0xc0, 0xff, 0xc0, 0xff, 0xc0, 0xff, 0xc0, 0xff, 0xc0, 0xff, 0xc0, 0xff, 0xc0, 0xff, 0xc0, 0xff, 0xc0, 0xff, 0xc0, 0xff, 0xc0, 0xff, 0xc0, 0xff, 0xc0, 0xff, 0xc0, 0xff, 0xc0, 0xff, 0xc0, 0xff, 0xc0, 0xff, 0xc0, 0xff, 0xc0, 0xff, 0xc0, 0xff, 0xc0, 0xff, 0xc0, 0xff, 0xc0, 0xff, 0xc0, 0xfe, 0xc1, 0xff, 0xc0, 0xfe, 0xc2, 0xff, 0xc1, 0xfe, 0xc2, 0xff, 0xc2, 0xfe, 0xc1, 0xff, 0xc3, 0xfe, 0xc0, 0xff, 0xc3, 0xff, 0xbf, 0xff, 0xc3, 0xff, 0xbf, 0xff, 0xc3, 0xff, 0xbf, 0xff, 0xc2, 0xff, 0xbf, 0xff, 0xc0, 0xff, 0xbf, 0xff, 0xbf, 0xff, 0xc0, 0xff, 0xbe, 0xff, 0xc1, 0xff, 0xbe, 0xff, 0xc1, 0xff, 0xbf, 0xff, 0xc1, 0xff, 0xc0, 0xff, 0xc1, 0xff, 0xc1, 0xff, 0xc1, 0xff, 0xbf, 0xff, 0xc0, 0xff, 0xbb, 0xff, 0xc0, 0xff, 0xb6, 0xff, 0xbe, 0xff, 0xb6, 0xfe, 0xc0, 0xff, 0xbc, 0xff, 0xc6, 0xff, 0xbf, 0xff, 0xc9, 0xff, 0xbb, 0xfc, 0xc4, 0xff, 0xb7, 0xfe, 0xbe, 0xff, 0xb7, 0xff, 0xbd, 0xff, 0xb5, 0xff, 0xbb, 0xff, 0xaf, 0xff, 0xc3, 0xff, 0xa2, 0xfa, 0xd1, 0xff, 0x8a, 0xf5, 0xdf, 0xff, 0x66, 0xed, 0xea, 0xff, 0x46, 0xe8, 0xed, 0xff, 0x2d, 0xe7, 0xeb, 0xff, 0x22, 0xe6, 0xeb, 0xff, 0x24, 0xe8, 0xed, 0xff, 0x23, 0xe7, 0xef, 0xff, 0x20, 0xe5, 0xf1, 0xff, 0x1c, 0xe4, 0xf4, 0xff, 0x17, 0xe2, 0xf7, 0xff, 0x14, 0xe2, 0xfb, 0xff, 0x10, 0xe1, 0xfe, 0xff, 0x0e, 0xe0, 0xff, 0xff, 0x0d, 0xe0, 0xff, 0xff, 0x0e, 0xe0, 0xff, 0xff, 0x0f, 0xe0, 0xfd, 0xff, 0x11, 0xe1, 0xfb, 0xff, 0x13, 0xe1, 0xf7, 0xff, 0x17, 0xe3, 0xf5, 0xff, 0x1a, 0xe3, 0xf3, 0xff, 0x1d, 0xe4, 0xf0, 0xff, 0x20, 0xe3, 0xea, 0xff, 0x25, 0xe5, 0xea, 0xff, 0x2a, 0xe6, 0xee, 0xff, 0x3c, 0xe9, 0xee, 0xff, 0x58, 0xec, 0xe8, 0xff, 0x7c, 0xf2, 0xe0, 0xff, 0xa2, 0xf7, 0xd3, 0xff, 0xba, 0xfd, 0xc9, 0xff, 0xbf, 0xfe, 0xbe, 0xff, 0xc0, 0xff, 0xbb, 0xff, 0xbc, 0xff, 0xbe, 0xff, 0xbe, 0xff, 0xc1, 0xff, 0xc4, 0xfe, 0xc3, 0xff, 0xc3, 0xfe, 0xc1, 0xff, 0xbe, 0xff, 0xbd, 0xff, 0xba, 0xfd, 0xbc, 0xff, 0xbd, 0xfe, 0xc3, 0xff, 0xbe, 0xfd, 0xc4, 0xff, 0xbf, 0xfe, 0xc2, 0xff, 0xbf, 0xff, 0xc0, 0xff, 0xbf, 0xff, 0xbe, 0xff, 0xbf, 0xff, 0xbd, 0xff, 0xbd, 0xff, 0xbd, 0xff, 0xbc, 0xff, 0xbc, 0xff, 
  0xc0, 0xff, 0xc0, 0xff, 0xc0, 0xff, 0xc0, 0xff, 0xc0, 0xff, 0xc0, 0xff, 0xc0, 0xff, 0xc0, 0xff, 0xc0, 0xff, 0xc0, 0xff, 0xc0, 0xff, 0xc0, 0xff, 0xc0, 0xff, 0xc0, 0xff, 0xc0, 0xff, 0xc0, 0xff, 0xc0, 0xff, 0xc0, 0xff, 0xc0, 0xff, 0xc0, 0xff, 0xc0, 0xff, 0xc0, 0xff, 0xc0, 0xff, 0xc0, 0xff, 0xc0, 0xff, 0xc0, 0xff, 0xc0, 0xff, 0xc0, 0xff, 0xc0, 0xff, 0xc0, 0xff, 0xc0, 0xff, 0xc0, 0xff, 0xc0, 0xff, 0xc0, 0xff, 0xc0, 0xff, 0xc0, 0xff, 0xc0, 0xff, 0xc0, 0xff, 0xc0, 0xff, 0xc0, 0xff, 0xc0, 0xff, 0xc0, 0xff, 0xc0, 0xff, 0xc0, 0xff, 0xc0, 0xff, 0xc0, 0xff, 0xc0, 0xff, 0xc0, 0xff, 0xc0, 0xff, 0xc0, 0xff, 0xc0, 0xff, 0xc0, 0xff, 0xc0, 0xff, 0xc0, 0xff, 0xc0, 0xff, 0xc0, 0xff, 0xc0, 0xff, 0xc0, 0xff, 0xc0, 0xff, 0xc0, 0xff, 0xc0, 0xff, 0xc0, 0xff, 0xc0, 0xff, 0xc0, 0xff, 0xc0, 0xff, 0xc0, 0xff, 0xc0, 0xff, 0xc0, 0xff, 0xc0, 0xff, 0xc0, 0xff, 0xc0, 0xff, 0xc0, 0xff, 0xc0, 0xff, 0xc0, 0xff, 0xc0, 0xff, 0xc0, 0xff, 0xc0, 0xff, 0xc0, 0xff, 0xc0, 0xff, 0xc0, 0xff, 0xc0, 0xff, 0xc0, 0xff, 0xc0, 0xff, 0xc0, 0xff, 0xc0, 0xff, 0xc0, 0xff, 0xc0, 0xff, 0xc0, 0xff, 0xc0, 0xff, 0xc0, 0xff, 0xc0, 0xff, 0xc0, 0xff, 0xc0, 0xff, 0xc0, 0xff, 0xc0, 0xff, 0xc1, 0xff, 0xc2, 0xfe, 0xc1, 0xff, 0xc3, 0xfe, 0xc1, 0xff, 0xc3, 0xfe, 0xc0, 0xff, 0xc3, 0xfe, 0xc0, 0xff, 0xc3, 0xff, 0xc0, 0xff, 0xc2, 0xff, 0xbf, 0xff, 0xc1, 0xff, 0xc0, 0xff, 0xbf, 0xff, 0xc0, 0xff, 0xbe, 0xff, 0xc1, 0xff, 0xbd, 0xff, 0xc1, 0xff, 0xbc, 0xff, 0xc2, 0xff, 0xbc, 0xfe, 0xc3, 0xff, 0xbd, 0xfe, 0xc3, 0xff, 0xbe, 0xfe, 0xc2, 0xff, 0xbf, 0xfe, 0xc2, 0xff, 0xbd, 0xff, 0xc1, 0xff, 0xb9, 0xff, 0xbe, 0xff, 0xb6, 0xff, 0xbe, 0xff, 0xb7, 0xff, 0xc2, 0xff, 0xb8, 0xfe, 0xc5, 0xff, 0xba, 0xfa, 0xc6, 0xff, 0xb8, 0xf8, 0xc4, 0xff, 0xb6, 0xfd, 0xc5, 0xff, 0xb1, 0xff, 0xca, 0xff, 0xa0, 0xff, 0xca, 0xff, 0x8c, 0xfc, 0xd0, 0xff, 0x72, 0xf1, 0xdb, 0xff, 0x54, 0xe6, 0xe4, 0xff, 0x34, 0xdf, 0xf0, 0xff, 0x1a, 0xde, 0xf7, 0xff, 0x07, 0xe1, 0xfa, 0xff, 0x02, 0xe4, 0xfa, 0xff, 0x0c, 0xe7, 0xf8, 0xff, 0x11, 0xe7, 0xf7, 0xff, 0x10, 0xe4, 0xf8, 0xff, 0x11, 0xe3, 0xfb, 0xff, 0x10, 0xe0, 0xfd, 0xff, 0x10, 0xde, 0xfe, 0xff, 0x0f, 0xdc, 0xff, 0xff, 0x0e, 0xdb, 0xff, 0xff, 0x0f, 0xdd, 0xff, 0xff, 0x0e, 0xdd, 0xff, 0xff, 0x0e, 0xdf, 0xff, 0xff, 0x0d, 0xe1, 0xff, 0xff, 0x0c, 0xe3, 0xff, 0xff, 0x0b, 0xe4, 0xfd, 0xff, 0x0b, 0xe5, 0xfb, 0xff, 0x0b, 0xe5, 0xfb, 0xff, 0x0d, 0xe4, 0xfd, 0xff, 0x0c, 0xe1, 0xfd, 0xff, 0x09, 0xdd, 0xfc, 0xff, 0x12, 0xdb, 0xf9, 0xff, 0x28, 0xde, 0xf2, 0xff, 0x47, 0xe5, 0xeb, 0xff, 0x6e, 0xf0, 0xdf, 0xff, 0x8c, 0xf8, 0xd4, 0xff, 0xa0, 0xfe, 0xca, 0xff, 0xad, 0xff, 0xc3, 0xff, 0xb5, 0xff, 0xc1, 0xff, 0xbd, 0xfd, 0xc1, 0xff, 0xc4, 0xfc, 0xc2, 0xff, 0xc4, 0xfb, 0xc0, 0xff, 0xbf, 0xfd, 0xbd, 0xff, 0xbc, 0xfe, 0xbe, 0xff, 0xbb, 0xfe, 0xc4, 0xff, 0xba, 0xfd, 0xc5, 0xff, 0xbc, 0xfe, 0xc3, 0xff, 0xbe, 0xff, 0xc1, 0xff, 0xbf, 0xff, 0xbf, 0xff, 0xc0, 0xff, 0xbe, 0xff, 0xbf, 0xff, 0xbd, 0xff, 0xbf, 0xff, 0xbd, 0xff, 
  0xc0, 0xff, 0xc0, 0xff, 0xc0, 0xff, 0xc0, 0xff, 0xc0, 0xff, 0xc0, 0xff, 0xc0, 0xff, 0xc0, 0xff, 0xc0, 0xff, 0xc0, 0xff, 0xc0, 0xff, 0xc0, 0xff, 0xc0, 0xff, 0xc0, 0xff, 0xc0, 0xff, 0xc0, 0xff, 0xc0, 0xff, 0xc0, 0xff, 0xc0, 0xff, 0xc0, 0xff, 0xc0, 0xff, 0xc0, 0xff, 0xc0, 0xff, 0xc0, 0xff, 0xc0, 0xff, 0xc0, 0xff, 0xc0, 0xff, 0xc0, 0xff, 0xc0, 0xff, 0xc0, 0xff, 0xc0, 0xff, 0xc0, 0xff, 0xc0, 0xff, 0xc0, 0xff, 0xc0, 0xff, 0xc0, 0xff, 0xc0, 0xff, 0xc0, 0xff, 0xc0, 0xff, 0xc0, 0xff, 0xc0, 0xff, 0xc0, 0xff, 0xc0, 0xff, 0xc0, 0xff, 0xc0, 0xff, 0xc0, 0xff, 0xc0, 0xff, 0xc0, 0xff, 0xc0, 0xff, 0xc0, 0xff, 0xc0, 0xff, 0xc0, 0xff, 0xc0, 0xff, 0xc0, 0xff, 0xc0, 0xff, 0xc0, 0xff, 0xc0, 0xff, 0xc0, 0xff, 0xc0, 0xff, 0xc0, 0xff, 0xc0, 0xff, 0xc0, 0xff, 0xc0, 0xff, 0xc0, 0xff, 0xc0, 0xff, 0xc0, 0xff, 0xc0, 0xff, 0xc0, 0xff, 0xc0, 0xff, 0xc0, 0xff, 0xc0, 0xff, 0xc0, 0xff, 0xc0, 0xff, 0xc0, 0xff, 0xc0, 0xff, 0xc0, 0xff, 0xc0, 0xff, 0xc0, 0xff, 0xc0, 0xff, 0xc0, 0xff, 0xc0, 0xff, 0xc0, 0xff, 0xc0, 0xff, 0xc0, 0xff, 0xc0, 0xff, 0xc0, 0xff, 0xc0, 0xff, 0xc0, 0xff, 0xc0, 0xff, 0xc0, 0xff, 0xc0, 0xff, 0xc0, 0xff, 0xc0, 0xff, 0xc0, 0xff, 0xc1, 0xff, 0xc0, 0xff, 0xc3, 0xfe, 0xc0, 0xff, 0xc4, 0xfe, 0xc0, 0xff, 0xc3, 0xff, 0xbf, 0xff, 0xc3, 0xff, 0xc0, 0xff, 0xc1, 0xff, 0xc0, 0xff, 0xc0, 0xff, 0xc0, 0xff, 0xbe, 0xff, 0xc1, 0xff, 0xbd, 0xff, 0xc1, 0xff, 0xbc, 0xff, 0xc2, 0xff, 0xbb, 0xfe, 0xc3, 0xff, 0xbb, 0xfe, 0xc4, 0xff, 0xbb, 0xfe, 0xc4, 0xff, 0xbc, 0xfe, 0xc4, 0xff, 0xbd, 0xfe, 0xc4, 0xff, 0xbd, 0xfe, 0xc3, 0xff, 0xbe, 0xfe, 0xc2, 0xff, 0xbe, 0xfd, 0xbe, 0xff, 0xc0, 0xff, 0xc0, 0xff, 0xc0, 0xfd, 0xc3, 0xff, 0xbf, 0xfa, 0xc3, 0xff, 0xbe, 0xf8, 0xc3, 0xff, 0xbb, 0xfa, 0xc9, 0xff, 0xb1, 0xfa, 0xd0, 0xff, 0x99, 0xf8, 0xd9, 0xff, 0x6e, 0xf0, 0xde, 0xff, 0x4d, 0xeb, 0xe5, 0xff, 0x2f, 0xe3, 0xe7, 0xff, 0x1f, 0xdf, 0xec, 0xff, 0x1c, 0xdd, 0xf1, 0xff, 0x16, 0xdf, 0xfa, 0xff, 0x0a, 0xe1, 0xff, 0xff, 0x05, 0xe3, 0xff, 0xff, 0x05, 0xe1, 0xfc, 0xff, 0x08, 0xe1, 0xfa, 0xff, 0x09, 0xe0, 0xfc, 0xff, 0x0c, 0xe0, 0xff, 0xff, 0x0e, 0xdf, 0xff, 0xff, 0x10, 0xdd, 0xff, 0xff, 0x11, 0xdc, 0xff, 0xff, 0x10, 0xdb, 0xff, 0xff, 0x11, 0xdc, 0xff, 0xff, 0x10, 0xdc, 0xff, 0xff, 0x0e, 0xde, 0xff, 0xff, 0x0c, 0xdf, 0xff, 0xff, 0x09, 0xdf, 0xff, 0xff, 0x07, 0xe0, 0xff, 0xff, 0x04, 0xe0, 0xfd, 0xff, 0x06, 0xdf, 0xff, 0xff, 0x0d, 0xdd, 0xff, 0xff, 0x13, 0xdb, 0xff, 0xff, 0x18, 0xdb, 0xff, 0xff, 0x1a, 0xdc, 0xff, 0xff, 0x19, 0xde, 0xfb, 0xff, 0x1c, 0xe2, 0xf5, 0xff, 0x22, 0xe8, 0xee, 0xff, 0x36, 0xeb, 0xe3, 0xff, 0x63, 0xf5, 0xdf, 0xff, 0x86, 0xf7, 0xd5, 0xff, 0xa8, 0xfa, 0xcc, 0xff, 0xba, 0xfc, 0xc4, 0xff, 0xbd, 0xfe, 0xc0, 0xff, 0xc0, 0xfc, 0xbe, 0xff, 0xc5, 0xfa, 0xc0, 0xff, 0xc3, 0xfb, 0xc3, 0xff, 0xbb, 0xfd, 0xc5, 0xff, 0xb8, 0xfe, 0xc5, 0xff, 0xbb, 0xfe, 0xc4, 0xff, 0xbe, 0xfe, 0xc2, 0xff, 0xc0, 0xff, 0xc1, 0xff, 0xc1, 0xff, 0xbf, 0xff, 0xc2, 0xff, 0xbf, 0xff, 0xc2, 0xff, 0xbe, 0xff, 
  0xc0, 0xff, 0xc0, 0xff, 0xc0, 0xff, 0xc0, 0xff, 0xc0, 0xff, 0xc0, 0xff, 0xc0, 0xff, 0xc0, 0xff, 0xc0, 0xff, 0xc0, 0xff, 0xc0, 0xff, 0xc0, 0xff, 0xc0, 0xff, 0xc0, 0xff, 0xc0, 0xff, 0xc0, 0xff, 0xc0, 0xff, 0xc0, 0xff, 0xc0, 0xff, 0xc0, 0xff, 0xc0, 0xff, 0xc0, 0xff, 0xc0, 0xff, 0xc0, 0xff, 0xc0, 0xff, 0xc0, 0xff, 0xc0, 0xff, 0xc0, 0xff, 0xc0, 0xff, 0xc0, 0xff, 0xc0, 0xff, 0xc0, 0xff, 0xc0, 0xff, 0xc0, 0xff, 0xc0, 0xff, 0xc0, 0xff, 0xc0, 0xff, 0xc0, 0xff, 0xc0, 0xff, 0xc0, 0xff, 0xc0, 0xff, 0xc0, 0xff, 0xc0, 0xff, 0xc0, 0xff, 0xc0, 0xff, 0xc0, 0xff, 0xc0, 0xff, 0xc0, 0xff, 0xc0, 0xff, 0xc0, 0xff, 0xc0, 0xff, 0xc0, 0xff, 0xc0, 0xff, 0xc0, 0xff, 0xc0, 0xff, 0xc0, 0xff, 0xc0, 0xff, 0xc0, 0xff, 0xc0, 0xff, 0xc0, 0xff, 0xc0, 0xff, 0xc0, 0xff, 0xc0, 0xff, 0xc0, 0xff, 0xc0, 0xff, 0xc0, 0xff, 0xc0, 0xff, 0xc0, 0xff, 0xc0, 0xff, 0xc0, 0xff, 0xc0, 0xff, 0xc0, 0xff, 0xc0, 0xff, 0xc0, 0xff, 0xc0, 0xff, 0xc0, 0xff, 0xc0, 0xff, 0xc0, 0xff, 0xc0, 0xff, 0xc0, 0xff, 0xc0, 0xff, 0xc0, 0xff, 0xc0, 0xff, 0xc0, 0xff, 0xc0, 0xff, 0xc0, 0xff, 0xc0, 0xff, 0xc0, 0xff, 0xc0, 0xff, 0xc0, 0xff, 0xc0, 0xff, 0xc0, 0xff, 0xc0, 0xff, 0xc0, 0xff, 0xc1, 0xff, 0xc0, 0xff, 0xc4, 0xff, 0xbf, 0xff, 0xc4, 0xff, 0xbf, 0xff, 0xc3, 0xff, 0xbf, 0xff, 0xc2, 0xff, 0xc0, 0xff, 0xc0, 0xff, 0xc1, 0xff, 0xbe, 0xff, 0xc1, 0xff, 0xbd, 0xff, 0xc2, 0xff, 0xbc, 0xff, 0xc2, 0xff, 0xbb, 0xff, 0xc3, 0xff, 0xbb, 0xfe, 0xc3, 0xff, 0xbc, 0xfe, 0xc3, 0xff, 0xbc, 0xfe, 0xc4, 0xff, 0xbd, 0xfe, 0xc4, 0xff, 0xbd, 0xfe, 0xc3, 0xff, 0xbd, 0xfe, 0xc3, 0xff, 0xbf, 0xfe, 0xc3, 0xff, 0xc1, 0xfd, 0xc3, 0xff, 0xc3, 0xfd, 0xc3, 0xff, 0xc4, 0xfc, 0xc2, 0xff, 0xc1, 0xfa, 0xc2, 0xff, 0xbf, 0xfe, 0xc9, 0xff, 0xb2, 0xff, 0xd4, 0xff, 0x92, 0xf4, 0xd9, 0xff, 0x69, 0xe9, 0xde, 0xff, 0x3e, 0xe2, 0xea, 0xff, 0x21, 0xe0, 0xf2, 0xff, 0x10, 0xe0, 0xf3, 0xff, 0x0b, 0xe0, 0xf5, 0xff, 0x13, 0xe2, 0xf8, 0xff, 0x13, 0xe1, 0xfd, 0xff, 0x0a, 0xde, 0xff, 0xff, 0x05, 0xdc, 0xff, 0xff, 0x09, 0xe0, 0xff, 0xff, 0x0b, 0xe0, 0xfe, 0xff, 0x0b, 0xe0, 0xff, 0xff, 0x0e, 0xe0, 0xff, 0xff, 0x0f, 0xdf, 0xff, 0xff, 0x0f, 0xdd, 0xff, 0xff, 0x10, 0xdd, 0xff, 0xff, 0x11, 0xdc, 0xff, 0xff, 0x10, 0xdb, 0xff, 0xff, 0x0f, 0xdc, 0xff, 0xff, 0x0d, 0xdc, 0xff, 0xff, 0x0c, 0xdd, 0xff, 0xff, 0x0b, 0xde, 0xff, 0xff, 0x09, 0xde, 0xff, 0xff, 0x08, 0xdf, 0xff, 0xff, 0x08, 0xde, 0xff, 0xff, 0x0a, 0xda, 0xff, 0xff, 0x10, 0xda, 0xff, 0xff, 0x1b, 0xdc, 0xff, 0xff, 0x1c, 0xde, 0xff, 0xff, 0x15, 0xdf, 0xfe, 0xff, 0x0d, 0xe0, 0xfb, 0xff, 0x05, 0xe2, 0xf9, 0xff, 0x11, 0xe3, 0xf3, 0xff, 0x32, 0xe6, 0xeb, 0xff, 0x59, 0xeb, 0xe3, 0xff, 0x84, 0xf2, 0xd8, 0xff, 0xa3, 0xf9, 0xd0, 0xff, 0xb3, 0xfd, 0xc8, 0xff, 0xbe, 0xfd, 0xc4, 0xff, 0xc6, 0xfb, 0xc3, 0xff, 0xc5, 0xfb, 0xc3, 0xff, 0xbd, 0xfd, 0xc4, 0xff, 0xba, 0xfe, 0xc4, 0xff, 0xbd, 0xfe, 0xc2, 0xff, 0xbf, 0xfe, 0xc1, 0xff, 0xc0, 0xfe, 0xc1, 0xff, 0xc1, 0xfe, 0xc0, 0xff, 0xc2, 0xfe, 0xc0, 0xff, 0xc3, 0xfe, 0xc0, 0xff, 
  0xc0, 0xff, 0xc0, 0xff, 0xc0, 0xff, 0xc0, 0xff, 0xc0, 0xff, 0xc0, 0xff, 0xc0, 0xff, 0xc0, 0xff, 0xc0, 0xff, 0xc0, 0xff, 0xc0, 0xff, 0xc0, 0xff, 0xc0, 0xff, 0xc0, 0xff, 0xc0, 0xff, 0xc0, 0xff, 0xc0, 0xff, 0xc0, 0xff, 0xc0, 0xff, 0xc0, 0xff, 0xc0, 0xff, 0xc0, 0xff, 0xc0, 0xff, 0xc0, 0xff, 0xc0, 0xff, 0xc0, 0xff, 0xc0, 0xff, 0xc0, 0xff, 0xc0, 0xff, 0xc0, 0xff, 0xc0, 0xff, 0xc0, 0xff, 0xc0, 0xff, 0xc0, 0xff, 0xc0, 0xff, 0xc0, 0xff, 0xc0, 0xff, 0xc0, 0xff, 0xc0, 0xff, 0xc0, 0xff, 0xc0, 0xff, 0xc0, 0xff, 0xc0, 0xff, 0xc0, 0xff, 0xc0, 0xff, 0xc0, 0xff, 0xc0, 0xff, 0xc0, 0xff, 0xc0, 0xff, 0xc0, 0xff, 0xc0, 0xff, 0xc0, 0xff, 0xc0, 0xff, 0xc0, 0xff, 0xc0, 0xff, 0xc0, 0xff, 0xc0, 0xff, 0xc0, 0xff, 0xc0, 0xff, 0xc0, 0xff, 0xc0, 0xff, 0xc0, 0xff, 0xc0, 0xff, 0xc0, 0xff, 0xc0, 0xff, 0xc0, 0xff, 0xc0, 0xff, 0xc0, 0xff, 0xc0, 0xff, 0xc0, 0xff, 0xc0, 0xff, 0xc0, 0xff, 0xc0, 0xff, 0xc0, 0xff, 0xc0, 0xff, 0xc0, 0xff, 0xc0, 0xff, 0xc0, 0xff, 0xc0, 0xff, 0xc0, 0xff, 0xc0, 0xff, 0xc0, 0xff, 0xc0, 0xff, 0xc0, 0xff, 0xc0, 0xff, 0xc0, 0xff, 0xc0, 0xff, 0xc0, 0xff, 0xc0, 0xff, 0xc0, 0xff, 0xc0, 0xff, 0xc0, 0xff, 0xc0, 0xff, 0xc0, 0xff, 0xc1, 0xff, 0xc0, 0xff, 0xc4, 0xff, 0xbf, 0xff, 0xc4, 0xff, 0xbf, 0xff, 0xc3, 0xff, 0xc0, 0xff, 0xc1, 0xfe, 0xc1, 0xff, 0xbe, 0xfe, 0xc2, 0xff, 0xbd, 0xfe, 0xc3, 0xff, 0xbb, 0xfe, 0xc3, 0xff, 0xbb, 0xff, 0xc3, 0xff, 0xbc, 0xff, 0xc2, 0xff, 0xbc, 0xff, 0xc2, 0xff, 0xbe, 0xff, 0xc2, 0xff, 0xbf, 0xfe, 0xc1, 0xff, 0xbf, 0xfe, 0xc1, 0xff, 0xbf, 0xfe, 0xc2, 0xff, 0xc0, 0xfe, 0xc2, 0xff, 0xbf, 0xfd, 0xc5, 0xff, 0xbe, 0xfc, 0xca, 0xff, 0xbe, 0xfb, 0xc9, 0xff, 0xc2, 0xfb, 0xc0, 0xff, 0xbe, 0xfd, 0xc2, 0xff, 0xaf, 0xfd, 0xcb, 0xff, 0x8d, 0xf7, 0xd5, 0xff, 0x57, 0xeb, 0xe0, 0xff, 0x2e, 0xe1, 0xe8, 0xff, 0x17, 0xe0, 0xf6, 0xff, 0x0d, 0xe0, 0xfc, 0xff, 0x10, 0xe0, 0xfa, 0xff, 0x11, 0xe1, 0xfa, 0xff, 0x0e, 0xe3, 0xfa, 0xff, 0x0c, 0xe1, 0xfc, 0xff, 0x0b, 0xdd, 0xfe, 0xff, 0x0b, 0xda, 0xfe, 0xff, 0x11, 0xde, 0xfe, 0xff, 0x12, 0xde, 0xfd, 0xff, 0x12, 0xde, 0xfd, 0xff, 0x10, 0xdd, 0xfd, 0xff, 0x0f, 0xdd, 0xfd, 0xff, 0x0d, 0xdc, 0xfc, 0xff, 0x0c, 0xdc, 0xfd, 0xff, 0x0c, 0xdc, 0xfd, 0xff, 0x0d, 0xdd, 0xfe, 0xff, 0x0d, 0xdd, 0xfe, 0xff, 0x0f, 0xde, 0xff, 0xff, 0x10, 0xde, 0xfe, 0xff, 0x12, 0xdf, 0xff, 0xff, 0x14, 0xdf, 0xff, 0xff, 0x15, 0xdf, 0xff, 0xff, 0x11, 0xe0, 0xff, 0xff, 0x07, 0xe1, 0xfe, 0xff, 0x08, 0xe2, 0xfc, 0xff, 0x11, 0xe0, 0xf9, 0xff, 0x15, 0xdf, 0xf7, 0xff, 0x16, 0xde, 0xf8, 0xff, 0x16, 0xdd, 0xfa, 0xff, 0x17, 0xde, 0xff, 0xff, 0x19, 0xdf, 0xff, 0xff, 0x18, 0xdc, 0xf8, 0xff, 0x2b, 0xe0, 0xf2, 0xff, 0x4c, 0xe7, 0xe8, 0xff, 0x74, 0xf0, 0xe0, 0xff, 0xa0, 0xf7, 0xd6, 0xff, 0xba, 0xfb, 0xcc, 0xff, 0xc1, 0xfd, 0xc3, 0xff, 0xc1, 0xfd, 0xbd, 0xff, 0xc1, 0xff, 0xc0, 0xff, 0xc0, 0xff, 0xc0, 0xff, 0xc2, 0xff, 0xbf, 0xff, 0xc2, 0xff, 0xbf, 0xff, 0xc1, 0xff, 0xc0, 0xff, 0xc1, 0xfe, 0xc1, 0xff, 0xc1, 0xfd, 0xc3, 0xff, 0xc2, 0xfd, 0xc3, 0xff, 
  0xc0, 0xff, 0xc0, 0xff, 0xc0, 0xff, 0xc0, 0xff, 0xc0, 0xff, 0xc0, 0xff, 0xc0, 0xff, 0xc0, 0xff, 0xc0, 0xff, 0xc0, 0xff, 0xc0, 0xff, 0xc0, 0xff, 0xc0, 0xff, 0xc0, 0xff, 0xc0, 0xff, 0xc0, 0xff, 0xc0, 0xff, 0xc0, 0xff, 0xc0, 0xff, 0xc0, 0xff, 0xc0, 0xff, 0xc0, 0xff, 0xc0, 0xff, 0xc0, 0xff, 0xc0, 0xff, 0xc0, 0xff, 0xc0, 0xff, 0xc0, 0xff, 0xc0, 0xff, 0xc0, 0xff, 0xc0, 0xff, 0xc0, 0xff, 0xc0, 0xff, 0xc0, 0xff, 0xc0, 0xff, 0xc0, 0xff, 0xc0, 0xff, 0xc0, 0xff, 0xc0, 0xff, 0xc0, 0xff, 0xc0, 0xff, 0xc0, 0xff, 0xc0, 0xff, 0xc0, 0xff, 0xc0, 0xff, 0xc0, 0xff, 0xc0, 0xff, 0xc0, 0xff, 0xc0, 0xff, 0xc0, 0xff, 0xc0, 0xff, 0xc0, 0xff, 0xc0, 0xff, 0xc0, 0xff, 0xc0, 0xff, 0xc0, 0xff, 0xc0, 0xff, 0xc0, 0xff, 0xc0, 0xff, 0xc0, 0xff, 0xc0, 0xff, 0xc0, 0xff, 0xc0, 0xff, 0xc0, 0xff, 0xc0, 0xff, 0xc0, 0xff, 0xc0, 0xff, 0xc0, 0xff, 0xc0, 0xff, 0xc0, 0xff, 0xc0, 0xff, 0xc0, 0xff, 0xc0, 0xff, 0xc0, 0xff, 0xc0, 0xff, 0xc0, 0xff, 0xc0, 0xff, 0xc0, 0xff, 0xc0, 0xff, 0xc0, 0xff, 0xc0, 0xff, 0xc0, 0xff, 0xc0, 0xff, 0xc0, 0xff, 0xc0, 0xff, 0xc0, 0xff, 0xc0, 0xff, 0xc0, 0xff, 0xc0, 0xff, 0xc0, 0xff, 0xc0, 0xff, 0xc0, 0xff, 0xc0, 0xff, 0xc0, 0xff, 0xc1, 0xff, 0xc0, 0xff, 0xc3, 0xff, 0xbf, 0xff, 0xc4, 0xff, 0xbf, 0xff, 0xc2, 0xfe, 0xc0, 0xff, 0xbf, 0xfe, 0xc2, 0xff, 0xbd, 0xfe, 0xc3, 0xff, 0xbc, 0xfe, 0xc3, 0xff, 0xbb, 0xfe, 0xc3, 0xff, 0xbc, 0xff, 0xc2, 0xff, 0xbd, 0xff, 0xc1, 0xff, 0xbf, 0xff, 0xc0, 0xff, 0xc1, 0xff, 0xbf, 0xff, 0xc1, 0xff, 0xbf, 0xff, 0xc1, 0xff, 0xbf, 0xff, 0xc2, 0xff, 0xc0, 0xff, 0xc2, 0xfe, 0xc1, 0xff, 0xbf, 0xfd, 0xc4, 0xff, 0xb9, 0xfc, 0xc8, 0xff, 0xb6, 0xfb, 0xc8, 0xff, 0xb8, 0xfd, 0xc7, 0xff, 0xab, 0xfd, 0xcc, 0xff, 0x89, 0xf5, 0xd1, 0xff, 0x5b, 0xe8, 0xd7, 0xff, 0x29, 0xe0, 0xe5, 0xff, 0x10, 0xdf, 0xf4, 0xff, 0x09, 0xe0, 0xff, 0xff, 0x08, 0xe0, 0xff, 0xff, 0x0f, 0xe0, 0xfe, 0xff, 0x0f, 0xdf, 0xfb, 0xff, 0x09, 0xdf, 0xfa, 0xff, 0x09, 0xe0, 0xfc, 0xff, 0x0e, 0xdf, 0xff, 0xff, 0x12, 0xe0, 0xff, 0xff, 0x14, 0xdf, 0xfe, 0xff, 0x14, 0xdf, 0xfe, 0xff, 0x13, 0xdf, 0xfe, 0xff, 0x13, 0xe0, 0xfe, 0xff, 0x12, 0xe1, 0xfe, 0xff, 0x12, 0xe2, 0xff, 0xff, 0x11, 0xe2, 0xff, 0xff, 0x11, 0xe3, 0xff, 0xff, 0x0f, 0xe1, 0xfe, 0xff, 0x0f, 0xe0, 0xfd, 0xff, 0x10, 0xe0, 0xfd, 0xff, 0x12, 0xe0, 0xfd, 0xff, 0x12, 0xde, 0xfc, 0xff, 0x14, 0xde, 0xfc, 0xff, 0x15, 0xde, 0xfc, 0xff, 0x11, 0xe0, 0xfd, 0xff, 0x04, 0xe2, 0xfa, 0xff, 0x02, 0xe3, 0xf8, 0xff, 0x0b, 0xe4, 0xf8, 0xff, 0x12, 0xe2, 0xf8, 0xff, 0x16, 0xe0, 0xf8, 0xff, 0x19, 0xdd, 0xfa, 0xff, 0x19, 0xdb, 0xfd, 0xff, 0x14, 0xda, 0xff, 0xff, 0x0d, 0xdd, 0xff, 0xff, 0x0f, 0xdc, 0xfb, 0xff, 0x22, 0xdf, 0xf2, 0xff, 0x47, 0xe6, 0xea, 0xff, 0x7c, 0xf1, 0xe1, 0xff, 0xa0, 0xfa, 0xd6, 0xff, 0xb4, 0xff, 0xc8, 0xff, 0xbc, 0xfe, 0xbd, 0xff, 0xc2, 0xff, 0xbf, 0xff, 0xc5, 0xff, 0xbe, 0xff, 0xc7, 0xff, 0xbd, 0xff, 0xc5, 0xff, 0xbd, 0xff, 0xc1, 0xff, 0xbf, 0xff, 0xbf, 0xff, 0xc1, 0xff, 0xbf, 0xfd, 0xc4, 0xff, 0xbf, 0xfc, 0xc6, 0xff, 
  0xc0, 0xff, 0xc0, 0xff, 0xc0, 0xff, 0xc0, 0xff, 0xc0, 0xff, 0xc0, 0xff, 0xc0, 0xff, 0xc0, 0xff, 0xc0, 0xff, 0xc0, 0xff, 0xc0, 0xff, 0xc0, 0xff, 0xc0, 0xff, 0xc0, 0xff, 0xc0, 0xff, 0xc0, 0xff, 0xc0, 0xff, 0xc0, 0xff, 0xc0, 0xff, 0xc0, 0xff, 0xc0, 0xff, 0xc0, 0xff, 0xc0, 0xff, 0xc0, 0xff, 0xc0, 0xff, 0xc0, 0xff, 0xc0, 0xff, 0xc0, 0xff, 0xc0, 0xff, 0xc0, 0xff, 0xc0, 0xff, 0xc0, 0xff, 0xc0, 0xff, 0xc0, 0xff, 0xc0, 0xff, 0xc0, 0xff, 0xc0, 0xff, 0xc0, 0xff, 0xc0, 0xff, 0xc0, 0xff, 0xc0, 0xff, 0xc0, 0xff, 0xc0, 0xff, 0xc0, 0xff, 0xc0, 0xff, 0xc0, 0xff, 0xc0, 0xff, 0xc0, 0xff, 0xc0, 0xff, 0xc0, 0xff, 0xc0, 0xff, 0xc0, 0xff, 0xc0, 0xff, 0xc0, 0xff, 0xc0, 0xff, 0xc0, 0xff, 0xc0, 0xff, 0xc0, 0xff, 0xc0, 0xff, 0xc0, 0xff, 0xc0, 0xff, 0xc0, 0xff, 0xc0, 0xff, 0xc0, 0xff, 0xc0, 0xff, 0xc0, 0xff, 0xc0, 0xff, 0xc0, 0xff, 0xc0, 0xff, 0xc0, 0xff, 0xc0, 0xff, 0xc0, 0xff, 0xc0, 0xff, 0xc0, 0xff, 0xc0, 0xff, 0xc0, 0xff, 0xc0, 0xff, 0xc0, 0xff, 0xc0, 0xff, 0xc0, 0xff, 0xc0, 0xff, 0xc0, 0xff, 0xc0, 0xff, 0xc0, 0xff, 0xc0, 0xff, 0xc0, 0xff, 0xc0, 0xff, 0xc0, 0xff, 0xc0, 0xff, 0xc0, 0xff, 0xc0, 0xff, 0xc0, 0xff, 0xc0, 0xff, 0xc0, 0xff, 0xc1, 0xff, 0xc0, 0xff, 0xc3, 0xff, 0xbf, 0xff, 0xc2, 0xff, 0xc0, 0xff, 0xc0, 0xfe, 0xc2, 0xff, 0xbe, 0xfe, 0xc3, 0xff, 0xbc, 0xfe, 0xc4, 0xff, 0xbb, 0xfe, 0xc4, 0xff, 0xbc, 0xfe, 0xc3, 0xff, 0xbd, 0xff, 0xc1, 0xff, 0xc1, 0xff, 0xc1, 0xff, 0xc1, 0xfe, 0xbd, 0xff, 0xc2, 0xfe, 0xbb, 0xff, 0xc4, 0xff, 0xbc, 0xff, 0xc5, 0xff, 0xbd, 0xff, 0xc5, 0xff, 0xbe, 0xff, 0xc3, 0xfe, 0xbe, 0xff, 0xbd, 0xfd, 0xbe, 0xff, 0xb2, 0xfd, 0xbc, 0xff, 0xae, 0xff, 0xc8, 0xff, 0xa4, 0xff, 0xd4, 0xff, 0x7f, 0xf3, 0xd6, 0xff, 0x4c, 0xe6, 0xdd, 0xff, 0x2b, 0xe2, 0xea, 0xff, 0x16, 0xe1, 0xf8, 0xff, 0x0c, 0xdf, 0xfe, 0xff, 0x0e, 0xde, 0xff, 0xff, 0x10, 0xdf, 0xff, 0xff, 0x0e, 0xdf, 0xff, 0xff, 0x0c, 0xdf, 0xff, 0xff, 0x0b, 0xdf, 0xff, 0xff, 0x0a, 0xdf, 0xff, 0xff, 0x0b, 0xdf, 0xfd, 0xff, 0x0b, 0xdf, 0xfd, 0xff, 0x0d, 0xe0, 0xfe, 0xff, 0x0d, 0xe0, 0xfe, 0xff, 0x0d, 0xe0, 0xfd, 0xff, 0x0d, 0xe1, 0xfd, 0xff, 0x0e, 0xe1, 0xfc, 0xff, 0x0e, 0xe1, 0xfb, 0xff, 0x0e, 0xe1, 0xfb, 0xff, 0x0e, 0xe1, 0xfb, 0xff, 0x0d, 0xe0, 0xfa, 0xff, 0x0d, 0xe0, 0xfa, 0xff, 0x0e, 0xe0, 0xfa, 0xff, 0x0e, 0xe0, 0xfa, 0xff, 0x0e, 0xe0, 0xfa, 0xff, 0x0e, 0xe0, 0xfb, 0xff, 0x0f, 0xdf, 0xfc, 0xff, 0x0b, 0xe0, 0xfc, 0xff, 0x03, 0xe0, 0xfb, 0xff, 0x00, 0xe1, 0xfb, 0xff, 0x02, 0xe0, 0xfb, 0xff, 0x07, 0xe0, 0xfa, 0xff, 0x10, 0xdf, 0xf8, 0xff, 0x13, 0xdf, 0xf8, 0xff, 0x11, 0xdf, 0xf8, 0xff, 0x0c, 0xdf, 0xfa, 0xff, 0x04, 0xde, 0xfd, 0xff, 0x07, 0xe0, 0xff, 0xff, 0x0f, 0xe0, 0xfe, 0xff, 0x1f, 0xdf, 0xf2, 0xff, 0x3f, 0xe7, 0xe4, 0xff, 0x6b, 0xf2, 0xdb, 0xff, 0x9a, 0xfc, 0xcf, 0xff, 0xb7, 0xff, 0xc5, 0xff, 0xbf, 0xfc, 0xbc, 0xff, 0xc6, 0xfd, 0xba, 0xff, 0xca, 0xff, 0xb9, 0xff, 0xc8, 0xff, 0xba, 0xff, 0xc1, 0xff, 0xbc, 0xff, 0xbd, 0xff, 0xc0, 0xff, 0xba, 0xfc, 0xc4, 0xff, 0xb9, 0xfa, 0xc6, 0xff, 
  0xc0, 0xff, 0xc0, 0xff, 0xc0, 0xff, 0xc0, 0xff, 0xc0, 0xff, 0xc0, 0xff, 0xc0, 0xff, 0xc0, 0xff, 0xc0, 0xff, 0xc0, 0xff, 0xc0, 0xff, 0xc0, 0xff, 0xc0, 0xff, 0xc0, 0xff, 0xc0, 0xff, 0xc0, 0xff, 0xc0, 0xff, 0xc0, 0xff, 0xc0, 0xff, 0xc0, 0xff, 0xc0, 0xff, 0xc0, 0xff, 0xc0, 0xff, 0xc0, 0xff, 0xc0, 0xff, 0xc0, 0xff, 0xc0, 0xff, 0xc0, 0xff, 0xc0, 0xff, 0xc0, 0xff, 0xc0, 0xff, 0xc0, 0xff, 0xc0, 0xff, 0xc0, 0xff, 0xc0, 0xff, 0xc0, 0xff, 0xc0, 0xff, 0xc0, 0xff, 0xc0, 0xff, 0xc0, 0xff, 0xc0, 0xff, 0xc0, 0xff, 0xc0, 0xff, 0xc0, 0xff, 0xc0, 0xff, 0xc0, 0xff, 0xc0, 0xff, 0xc0, 0xff, 0xc0, 0xff, 0xc0, 0xff, 0xc0, 0xff, 0xc0, 0xff, 0xc0, 0xff, 0xc0, 0xff, 0xc0, 0xff, 0xc0, 0xff, 0xc0, 0xff, 0xc0, 0xff, 0xc0, 0xff, 0xc0, 0xff, 0xc0, 0xff, 0xc0, 0xff, 0xc0, 0xff, 0xc0, 0xff, 0xc0, 0xff, 0xc0, 0xff, 0xc0, 0xff, 0xc0, 0xff, 0xc0, 0xff, 0xc0, 0xff, 0xc0, 0xff, 0xc0, 0xff, 0xc0, 0xff, 0xc0, 0xff, 0xc0, 0xff, 0xc0, 0xff, 0xc0, 0xff, 0xc0, 0xff, 0xc0, 0xff, 0xc0, 0xff, 0xc0, 0xff, 0xc0, 0xff, 0xc0, 0xff, 0xc0, 0xff, 0xc0, 0xff, 0xc0, 0xff, 0xc0, 0xff, 0xc0, 0xff, 0xc0, 0xff, 0xc0, 0xff, 0xc0, 0xff, 0xc0, 0xff, 0xc0, 0xff, 0xc0, 0xff, 0xc0, 0xff, 0xc0, 0xff, 0xc2, 0xff, 0xc0, 0xff, 0xc1, 0xfe, 0xc0, 0xff, 0xbf, 0xfe, 0xc2, 0xff, 0xbd, 0xfe, 0xc4, 0xff, 0xbb, 0xfe, 0xc4, 0xff, 0xbb, 0xfe, 0xc4, 0xff, 0xbc, 0xff, 0xc2, 0xff, 0xbf, 0xff, 0xc0, 0xff, 0xc1, 0xfe, 0xbd, 0xff, 0xc4, 0xff, 0xbb, 0xff, 0xc5, 0xff, 0xba, 0xff, 0xc8, 0xff, 0xbc, 0xff, 0xc8, 0xff, 0xbe, 0xff, 0xc6, 0xff, 0xbf, 0xff, 0xc4, 0xfe, 0xc0, 0xff, 0xb9, 0xfd, 0xbf, 0xff, 0xac, 0xff, 0xc1, 0xff, 0x95, 0xff, 0xca, 0xff, 0x74, 0xf3, 0xd6, 0xff, 0x4b, 0xe6, 0xdf, 0xff, 0x22, 0xde, 0xec, 0xff, 0x0f, 0xde, 0xfa, 0xff, 0x0d, 0xdf, 0xff, 0xff, 0x0b, 0xdd, 0xff, 0xff, 0x10, 0xdc, 0xff, 0xff, 0x10, 0xdc, 0xff, 0xff, 0x0a, 0xdd, 0xff, 0xff, 0x09, 0xde, 0xff, 0xff, 0x0a, 0xdf, 0xff, 0xff, 0x0d, 0xdf, 0xff, 0xff, 0x0f, 0xdf, 0xfb, 0xff, 0x0f, 0xe0, 0xfa, 0xff, 0x0a, 0xe0, 0xfd, 0xff, 0x08, 0xe0, 0xfe, 0xff, 0x09, 0xe0, 0xfd, 0xff, 0x0a, 0xe0, 0xfd, 0xff, 0x0b, 0xe0, 0xfc, 0xff, 0x0c, 0xe0, 0xfb, 0xff, 0x0d, 0xe0, 0xfa, 0xff, 0x0d, 0xe0, 0xfa, 0xff, 0x0d, 0xe0, 0xfa, 0xff, 0x0d, 0xe0, 0xfa, 0xff, 0x0d, 0xe0, 0xfa, 0xff, 0x0c, 0xe0, 0xfa, 0xff, 0x0b, 0xe0, 0xfb, 0xff, 0x0b, 0xe0, 0xfc, 0xff, 0x0b, 0xe0, 0xfd, 0xff, 0x09, 0xdf, 0xfe, 0xff, 0x07, 0xdf, 0xff, 0xff, 0x05, 0xdf, 0xff, 0xff, 0x05, 0xe0, 0xff, 0xff, 0x07, 0xe0, 0xfd, 0xff, 0x0d, 0xe0, 0xfa, 0xff, 0x0e, 0xe1, 0xf9, 0xff, 0x0c, 0xe1, 0xf9, 0xff, 0x09, 0xe1, 0xfb, 0xff, 0x05, 0xdf, 0xff, 0xff, 0x03, 0xdf, 0xff, 0xff, 0x03, 0xde, 0xff, 0xff, 0x0d, 0xdf, 0xf9, 0xff, 0x1f, 0xe3, 0xeb, 0xff, 0x40, 0xea, 0xe0, 0xff, 0x6e, 0xf4, 0xd8, 0xff, 0x96, 0xfc, 0xd2, 0xff, 0xb3, 0xfe, 0xc7, 0xff, 0xc1, 0xfd, 0xbd, 0xff, 0xc7, 0xfe, 0xb9, 0xff, 0xc8, 0xff, 0xba, 0xff, 0xc1, 0xff, 0xbc, 0xff, 0xba, 0xff, 0xbe, 0xff, 0xb6, 0xfc, 0xc3, 0xff, 0xb6, 0xfb, 0xc8, 0xff, 
  0xc0, 0xff, 0xc0, 0xff, 0xc0, 0xff, 0xc0, 0xff, 0xc0, 0xff, 0xc0, 0xff, 0xc0, 0xff, 0xc0, 0xff, 0xc0, 0xff, 0xc0, 0xff, 0xc0, 0xff, 0xc0, 0xff, 0xc0, 0xff, 0xc0, 0xff, 0xc0, 0xff, 0xc0, 0xff, 0xc0, 0xff, 0xc0, 0xff, 0xc0, 0xff, 0xc0, 0xff, 0xc0, 0xff, 0xc0, 0xff, 0xc0, 0xff, 0xc0, 0xff, 0xc0, 0xff, 0xc0, 0xff, 0xc0, 0xff, 0xc0, 0xff, 0xc0, 0xff, 0xc0, 0xff, 0xc0, 0xff, 0xc0, 0xff, 0xc0, 0xff, 0xc0, 0xff, 0xc0, 0xff, 0xc0, 0xff, 0xc0, 0xff, 0xc0, 0xff, 0xc0, 0xff, 0xc0, 0xff, 0xc0, 0xff, 0xc0, 0xff, 0xc0, 0xff, 0xc0, 0xff, 0xc0, 0xff, 0xc0, 0xff, 0xc0, 0xff, 0xc0, 0xff, 0xc0, 0xff, 0xc0, 0xff, 0xc0, 0xff, 0xc0, 0xff, 0xc0, 0xff, 0xc0, 0xff, 0xc0, 0xff, 0xc0, 0xff, 0xc0, 0xff, 0xc0, 0xff, 0xc0, 0xff, 0xc0, 0xff, 0xc0, 0xff, 0xc0, 0xff, 0xc0, 0xff, 0xc0, 0xff, 0xc0, 0xff, 0xc0, 0xff, 0xc0, 0xff, 0xc0, 0xff, 0xc0, 0xff, 0xc0, 0xff, 0xc0, 0xff, 0xc0, 0xff, 0xc0, 0xff, 0xc0, 0xff, 0xc0, 0xff, 0xc0, 0xff, 0xc0, 0xff, 0xc0, 0xff, 0xc0, 0xff, 0xc0, 0xff, 0xc0, 0xff, 0xc0, 0xff, 0xc0, 0xff, 0xc0, 0xff, 0xc0, 0xff, 0xc0, 0xff, 0xc0, 0xff, 0xc0, 0xff, 0xc0, 0xff, 0xc0, 0xff, 0xc0, 0xff, 0xc0, 0xff, 0xc0, 0xff, 0xc0, 0xff, 0xc0, 0xff, 0xc0, 0xff, 0xc1, 0xff, 0xc0, 0xff, 0xc1, 0xfe, 0xc1, 0xff, 0xbe, 0xfe, 0xc2, 0xff, 0xbc, 0xfe, 0xc4, 0xff, 0xbb, 0xfe, 0xc4, 0xff, 0xbc, 0xfe, 0xc4, 0xff, 0xbe, 0xff, 0xc2, 0xff, 0xc1, 0xff, 0xbf, 0xff, 0xc4, 0xff, 0xbd, 0xff, 0xc6, 0xff, 0xbb, 0xff, 0xc8, 0xff, 0xba, 0xff, 0xc7, 0xff, 0xbb, 0xff, 0xc5, 0xff, 0xbd, 0xff, 0xc2, 0xfe, 0xbf, 0xff, 0xbe, 0xfc, 0xc0, 0xff, 0xb1, 0xfc, 0xc4, 0xff, 0x9f, 0xff, 0xd0, 0xff, 0x74, 0xf7, 0xd5, 0xff, 0x3c, 0xe7, 0xe1, 0xff, 0x19, 0xdf, 0xef, 0xff, 0x0a, 0xda, 0xfd, 0xff, 0x09, 0xdb, 0xff, 0xff, 0x11, 0xdc, 0xff, 0xff, 0x11, 0xdb, 0xff, 0xff, 0x0c, 0xda, 0xff, 0xff, 0x08, 0xda, 0xff, 0xff, 0x05, 0xdc, 0xff, 0xff, 0x05, 0xdd, 0xff, 0xff, 0x09, 0xde, 0xff, 0xff, 0x10, 0xdf, 0xfb, 0xff, 0x1b, 0xdf, 0xf7, 0xff, 0x1a, 0xdf, 0xf8, 0xff, 0x0d, 0xdf, 0xfd, 0xff, 0x07, 0xdf, 0xff, 0xff, 0x08, 0xdf, 0xff, 0xff, 0x09, 0xdf, 0xff, 0xff, 0x0b, 0xdf, 0xff, 0xff, 0x0c, 0xdf, 0xfe, 0xff, 0x0d, 0xdf, 0xfd, 0xff, 0x0d, 0xdf, 0xfd, 0xff, 0x0d, 0xdf, 0xfd, 0xff, 0x0d, 0xdf, 0xfd, 0xff, 0x0c, 0xdf, 0xfd, 0xff, 0x0b, 0xdf, 0xfd, 0xff, 0x0a, 0xdf, 0xfe, 0xff, 0x0a, 0xdf, 0xff, 0xff, 0x09, 0xdf, 0xff, 0xff, 0x0a, 0xdd, 0xff, 0xff, 0x0e, 0xdb, 0xff, 0xff, 0x10, 0xdb, 0xff, 0xff, 0x10, 0xdd, 0xff, 0xff, 0x0e, 0xdf, 0xfc, 0xff, 0x08, 0xe1, 0xfa, 0xff, 0x07, 0xe1, 0xfa, 0xff, 0x0a, 0xdf, 0xfe, 0xff, 0x0b, 0xdd, 0xff, 0xff, 0x0b, 0xdc, 0xff, 0xff, 0x08, 0xda, 0xff, 0xff, 0x05, 0xdd, 0xfe, 0xff, 0x0b, 0xe1, 0xfa, 0xff, 0x14, 0xe1, 0xf0, 0xff, 0x1e, 0xe0, 0xe6, 0xff, 0x30, 0xe9, 0xe6, 0xff, 0x59, 0xf3, 0xe1, 0xff, 0x95, 0xfb, 0xd4, 0xff, 0xb4, 0xfb, 0xc5, 0xff, 0xc1, 0xfe, 0xbf, 0xff, 0xc7, 0xff, 0xbd, 0xff, 0xc1, 0xff, 0xbc, 0xff, 0xb9, 0xff, 0xbc, 0xff, 0xb4, 0xfd, 0xc2, 0xff, 0xb3, 0xfd, 0xc8, 0xff, 
  0xc0, 0xff, 0xc0, 0xff, 0xc0, 0xff, 0xc0, 0xff, 0xc0, 0xff, 0xc0, 0xff, 0xc0, 0xff, 0xc0, 0xff, 0xc0, 0xff, 0xc0, 0xff, 0xc0, 0xff, 0xc0, 0xff, 0xc0, 0xff, 0xc0, 0xff, 0xc0, 0xff, 0xc0, 0xff, 0xc0, 0xff, 0xc0, 0xff, 0xc0, 0xff, 0xc0, 0xff, 0xc0, 0xff, 0xc0, 0xff, 0xc0, 0xff, 0xc0, 0xff, 0xc0, 0xff, 0xc0, 0xff, 0xc0, 0xff, 0xc0, 0xff, 0xc0, 0xff, 0xc0, 0xff, 0xc0, 0xff, 0xc0, 0xff, 0xc0, 0xff, 0xc0, 0xff, 0xc0, 0xff, 0xc0, 0xff, 0xc0, 0xff, 0xc0, 0xff, 0xc0, 0xff, 0xc0, 0xff, 0xc0, 0xff, 0xc0, 0xff, 0xc0, 0xff, 0xc0, 0xff, 0xc0, 0xff, 0xc0, 0xff, 0xc0, 0xff, 0xc0, 0xff, 0xc0, 0xff, 0xc0, 0xff, 0xc0, 0xff, 0xc0, 0xff, 0xc0, 0xff, 0xc0, 0xff, 0xc0, 0xff, 0xc0, 0xff, 0xc0, 0xff, 0xc0, 0xff, 0xc0, 0xff, 0xc0, 0xff, 0xc0, 0xff, 0xc0, 0xff, 0xc0, 0xff, 0xc0, 0xff, 0xc0, 0xff, 0xc0, 0xff, 0xc0, 0xff, 0xc0, 0xff, 0xc0, 0xff, 0xc0, 0xff, 0xc0, 0xff, 0xc0, 0xff, 0xc0, 0xff, 0xc0, 0xff, 0xc0, 0xff, 0xc0, 0xff, 0xc0, 0xff, 0xc0, 0xff, 0xc0, 0xff, 0xc0, 0xff, 0xc0, 0xff, 0xc0, 0xff, 0xc0, 0xff, 0xc0, 0xff, 0xc0, 0xff, 0xc0, 0xff, 0xc0, 0xff, 0xc0, 0xff, 0xc0, 0xff, 0xc0, 0xff, 0xc0, 0xff, 0xc0, 0xff, 0xc0, 0xff, 0xc0, 0xff, 0xc0, 0xff, 0xc0, 0xff, 0xc1, 0xff, 0xc0, 0xff, 0xc1, 0xfe, 0xc1, 0xff, 0xbe, 0xfe, 0xc2, 0xff, 0xbc, 0xfe, 0xc3, 0xff, 0xbb, 0xfe, 0xc4, 0xff, 0xbc, 0xfe, 0xc3, 0xff, 0xbf, 0xff, 0xc1, 0xff, 0xc1, 0xff, 0xbf, 0xff, 0xc5, 0xff, 0xbc, 0xff, 0xc8, 0xff, 0xbc, 0xff, 0xc7, 0xff, 0xbb, 0xff, 0xc4, 0xff, 0xbb, 0xff, 0xc0, 0xfd, 0xbe, 0xff, 0xbe, 0xfe, 0xc4, 0xff, 0xbb, 0xfe, 0xc8, 0xff, 0xa8, 0xfe, 0xd3, 0xff, 0x7e, 0xf5, 0xdc, 0xff, 0x4f, 0xea, 0xe2, 0xff, 0x1e, 0xdf, 0xeb, 0xff, 0x07, 0xdc, 0xf8, 0xff, 0x04, 0xdc, 0xff, 0xff, 0x06, 0xda, 0xff, 0xff, 0x0e, 0xd9, 0xff, 0xff, 0x10, 0xda, 0xff, 0xff, 0x0b, 0xda, 0xff, 0xff, 0x06, 0xdb, 0xff, 0xff, 0x04, 0xdb, 0xff, 0xff, 0x04, 0xdc, 0xff, 0xff, 0x09, 0xdd, 0xff, 0xff, 0x10, 0xdf, 0xfc, 0xff, 0x1a, 0xdf, 0xf7, 0xff, 0x19, 0xdf, 0xf8, 0xff, 0x0e, 0xdd, 0xfd, 0xff, 0x09, 0xdc, 0xff, 0xff, 0x09, 0xdc, 0xff, 0xff, 0x0a, 0xdc, 0xff, 0xff, 0x0a, 0xdd, 0xff, 0xff, 0x0b, 0xdd, 0xff, 0xff, 0x0b, 0xdd, 0xfe, 0xff, 0x0c, 0xdd, 0xfe, 0xff, 0x0d, 0xde, 0xff, 0xff, 0x0c, 0xde, 0xff, 0xff, 0x0c, 0xde, 0xff, 0xff, 0x0c, 0xde, 0xff, 0xff, 0x0b, 0xde, 0xff, 0xff, 0x0b, 0xdd, 0xff, 0xff, 0x0b, 0xdd, 0xff, 0xff, 0x0d, 0xdc, 0xff, 0xff, 0x11, 0xd9, 0xff, 0xff, 0x13, 0xd9, 0xff, 0xff, 0x12, 0xdc, 0xfe, 0xff, 0x0e, 0xde, 0xfc, 0xff, 0x08, 0xdf, 0xfb, 0xff, 0x06, 0xdf, 0xfc, 0xff, 0x0a, 0xdc, 0xff, 0xff, 0x0c, 0xda, 0xff, 0xff, 0x0b, 0xd8, 0xff, 0xff, 0x0b, 0xda, 0xff, 0xff, 0x0b, 0xde, 0xff, 0xff, 0x0d, 0xe1, 0xfd, 0xff, 0x10, 0xe0, 0xf7, 0xff, 0x10, 0xde, 0xf1, 0xff, 0x10, 0xe0, 0xf2, 0xff, 0x2f, 0xe5, 0xe9, 0xff, 0x72, 0xf3, 0xde, 0xff, 0x9d, 0xf8, 0xd0, 0xff, 0xb7, 0xfe, 0xc9, 0xff, 0xc1, 0xff, 0xc1, 0xff, 0xbf, 0xff, 0xbb, 0xff, 0xba, 0xff, 0xba, 0xff, 0xb4, 0xff, 0xc1, 0xff, 0xb2, 0xff, 0xc5, 0xff, 
  0xc0, 0xff, 0xc0, 0xff, 0xc0, 0xff, 0xc0, 0xff, 0xc0, 0xff, 0xc0, 0xff, 0xc0, 0xff, 0xc0, 0xff, 0xc0, 0xff, 0xc0, 0xff, 0xc0, 0xff, 0xc0, 0xff, 0xc0, 0xff, 0xc0, 0xff, 0xc0, 0xff, 0xc0, 0xff, 0xc0, 0xff, 0xc0, 0xff, 0xc0, 0xff, 0xc0, 0xff, 0xc0, 0xff, 0xc0, 0xff, 0xc0, 0xff, 0xc0, 0xff, 0xc0, 0xff, 0xc0, 0xff, 0xc0, 0xff, 0xc0, 0xff, 0xc0, 0xff, 0xc0, 0xff, 0xc0, 0xff, 0xc0, 0xff, 0xc0, 0xff, 0xc0, 0xff, 0xc0, 0xff, 0xc0, 0xff, 0xc0, 0xff, 0xc0, 0xff, 0xc0, 0xff, 0xc0, 0xff, 0xc0, 0xff, 0xc0, 0xff, 0xc0, 0xff, 0xc0, 0xff, 0xc0, 0xff, 0xc0, 0xff, 0xc0, 0xff, 0xc0, 0xff, 0xc0, 0xff, 0xc0, 0xff, 0xc0, 0xff, 0xc0, 0xff, 0xc0, 0xff, 0xc0, 0xff, 0xc0, 0xff, 0xc0, 0xff, 0xc0, 0xff, 0xc0, 0xff, 0xc0, 0xff, 0xc0, 0xff, 0xc0, 0xff, 0xc0, 0xff, 0xc0, 0xff, 0xc0, 0xff, 0xc0, 0xff, 0xc0, 0xff, 0xc0, 0xff, 0xc0, 0xff, 0xc0, 0xff, 0xc0, 0xff, 0xc0, 0xff, 0xc0, 0xff, 0xc0, 0xff, 0xc0, 0xff, 0xc0, 0xff, 0xc0, 0xff, 0xc0, 0xff, 0xc0, 0xff, 0xc0, 0xff, 0xc0, 0xff, 0xc0, 0xff, 0xc0, 0xff, 0xc0, 0xff, 0xc0, 0xff, 0xc0, 0xff, 0xc0, 0xff, 0xc0, 0xff, 0xc0, 0xff, 0xc0, 0xff, 0xc0, 0xff, 0xc0, 0xff, 0xc0, 0xff, 0xc0, 0xff, 0xc0, 0xff, 0xc0, 0xff, 0xc0, 0xff, 0xc2, 0xff, 0xc0, 0xff, 0xc1, 0xff, 0xc0, 0xff, 0xbf, 0xfe, 0xc1, 0xff, 0xbd, 0xfe, 0xc3, 0xff, 0xbc, 0xfe, 0xc3, 0xff, 0xbd, 0xfe, 0xc3, 0xff, 0xbf, 0xff, 0xc0, 0xff, 0xc1, 0xff, 0xbe, 0xff, 0xc2, 0xfd, 0xb9, 0xff, 0xc5, 0xff, 0xba, 0xff, 0xc5, 0xff, 0xbc, 0xff, 0xc1, 0xfe, 0xbe, 0xff, 0xbd, 0xfd, 0xc5, 0xff, 0xb9, 0xfe, 0xcc, 0xff, 0xb4, 0xfd, 0xd0, 0xff, 0x96, 0xf8, 0xe0, 0xff, 0x52, 0xe3, 0xee, 0xff, 0x2d, 0xdd, 0xf8, 0xff, 0x1d, 0xdc, 0xf5, 0xff, 0x16, 0xe0, 0xfa, 0xff, 0x0e, 0xe1, 0xfe, 0xff, 0x0a, 0xdf, 0xfe, 0xff, 0x0d, 0xde, 0xfe, 0xff, 0x10, 0xe0, 0xff, 0xff, 0x0c, 0xde, 0xf9, 0xff, 0x0b, 0xde, 0xfa, 0xff, 0x09, 0xde, 0xfe, 0xff, 0x09, 0xdd, 0xff, 0xff, 0x0b, 0xdc, 0xff, 0xff, 0x0b, 0xdc, 0xff, 0xff, 0x0b, 0xdf, 0xfb, 0xff, 0x0d, 0xe0, 0xfb, 0xff, 0x0f, 0xdd, 0xff, 0xff, 0x10, 0xdc, 0xff, 0xff, 0x10, 0xdc, 0xff, 0xff, 0x0f, 0xdd, 0xff, 0xff, 0x0d, 0xdd, 0xff, 0xff, 0x0c, 0xdd, 0xff, 0xff, 0x0c, 0xdd, 0xff, 0xff, 0x0c, 0xdd, 0xff, 0xff, 0x0b, 0xdc, 0xff, 0xff, 0x0b, 0xdc, 0xff, 0xff, 0x0b, 0xdc, 0xff, 0xff, 0x0c, 0xdc, 0xff, 0xff, 0x0d, 0xdb, 0xff, 0xff, 0x0e, 0xdb, 0xff, 0xff, 0x10, 0xdb, 0xff, 0xff, 0x11, 0xdb, 0xff, 0xff, 0x13, 0xdc, 0xfd, 0xff, 0x12, 0xdd, 0xfc, 0xff, 0x0d, 0xdd, 0xfd, 0xff, 0x0b, 0xdd, 0xfe, 0xff, 0x0d, 0xdc, 0xff, 0xff, 0x0f, 0xdb, 0xff, 0xff, 0x0f, 0xda, 0xff, 0xff, 0x0f, 0xda, 0xff, 0xff, 0x0b, 0xd8, 0xff, 0xff, 0x0d, 0xdb, 0xff, 0xff, 0x10, 0xdd, 0xff, 0xff, 0x10, 0xdc, 0xfe, 0xff, 0x10, 0xdd, 0xfd, 0xff, 0x11, 0xdd, 0xff, 0xff, 0x10, 0xdc, 0xfe, 0xff, 0x20, 0xdb, 0xf1, 0xff, 0x4c, 0xe5, 0xe3, 0xff, 0x7b, 0xf3, 0xdd, 0xff, 0xa5, 0xfd, 0xd5, 0xff, 0xb8, 0xfd, 0xc7, 0xff, 0xbe, 0xfe, 0xbc, 0xff, 0xbf, 0xff, 0xbb, 0xff, 0xb8, 0xff, 0xc0, 0xff, 0xb3, 0xff, 0xc1, 0xff, 
  0xc0, 0xff, 0xc0, 0xff, 0xc0, 0xff, 0xc0, 0xff, 0xc0, 0xff, 0xc0, 0xff, 0xc0, 0xff, 0xc0, 0xff, 0xc0, 0xff, 0xc0, 0xff, 0xc0, 0xff, 0xc0, 0xff, 0xc0, 0xff, 0xc0, 0xff, 0xc0, 0xff, 0xc0, 0xff, 0xc0, 0xff, 0xc0, 0xff, 0xc0, 0xff, 0xc0, 0xff, 0xc0, 0xff, 0xc0, 0xff, 0xc0, 0xff, 0xc0, 0xff, 0xc0, 0xff, 0xc0, 0xff, 0xc0, 0xff, 0xc0, 0xff, 0xc0, 0xff, 0xc0, 0xff, 0xc0, 0xff, 0xc0, 0xff, 0xc0, 0xff, 0xc0, 0xff, 0xc0, 0xff, 0xc0, 0xff, 0xc0, 0xff, 0xc0, 0xff, 0xc0, 0xff, 0xc0, 0xff, 0xc0, 0xff, 0xc0, 0xff, 0xc0, 0xff, 0xc0, 0xff, 0xc0, 0xff, 0xc0, 0xff, 0xc0, 0xff, 0xc0, 0xff, 0xc0, 0xff, 0xc0, 0xff, 0xc0, 0xff, 0xc0, 0xff, 0xc0, 0xff, 0xc0, 0xff, 0xc0, 0xff, 0xc0, 0xff, 0xc0, 0xff, 0xc0, 0xff, 0xc0, 0xff, 0xc0, 0xff, 0xc0, 0xff, 0xc0, 0xff, 0xc0, 0xff, 0xc0, 0xff, 0xc0, 0xff, 0xc0, 0xff, 0xc0, 0xff, 0xc0, 0xff, 0xc0, 0xff, 0xc0, 0xff, 0xc0, 0xff, 0xc0, 0xff, 0xc0, 0xff, 0xc0, 0xff, 0xc0, 0xff, 0xc0, 0xff, 0xc0, 0xff, 0xc0, 0xff, 0xc0, 0xff, 0xc0, 0xff, 0xc0, 0xff, 0xc0, 0xff, 0xc0, 0xff, 0xc0, 0xff, 0xc0, 0xff, 0xc0, 0xff, 0xc0, 0xff, 0xc0, 0xff, 0xc0, 0xff, 0xc0, 0xff, 0xc0, 0xff, 0xc0, 0xff, 0xc0, 0xff, 0xc0, 0xff, 0xc1, 0xff, 0xc0, 0xff, 0xc3, 0xff, 0xbf, 0xff, 0xc2, 0xff, 0xbf, 0xff, 0xc0, 0xff, 0xc1, 0xff, 0xbe, 0xfe, 0xc2, 0xff, 0xbd, 0xfe, 0xc3, 0xff, 0xbd, 0xff, 0xc2, 0xff, 0xbf, 0xff, 0xc0, 0xff, 0xc2, 0xff, 0xbe, 0xff, 0xc1, 0xfc, 0xb8, 0xff, 0xc4, 0xff, 0xbb, 0xff, 0xc3, 0xff, 0xbe, 0xff, 0xbe, 0xfe, 0xc2, 0xff, 0xb7, 0xfc, 0xc9, 0xff, 0xaf, 0xf9, 0xce, 0xff, 0xa3, 0xf3, 0xcf, 0xff, 0x81, 0xe9, 0xdb, 0xff, 0x42, 0xd7, 0xef, 0xff, 0x26, 0xd3, 0xf9, 0xff, 0x28, 0xd8, 0xf3, 0xff, 0x26, 0xdc, 0xf2, 0xff, 0x1d, 0xdd, 0xf3, 0xff, 0x16, 0xdc, 0xf3, 0xff, 0x15, 0xdc, 0xf8, 0xff, 0x17, 0xe0, 0xfd, 0xff, 0x14, 0xde, 0xf9, 0xff, 0x11, 0xdf, 0xf9, 0xff, 0x0c, 0xdf, 0xfb, 0xff, 0x0a, 0xde, 0xfd, 0xff, 0x0a, 0xdc, 0xff, 0xff, 0x09, 0xdc, 0xff, 0xff, 0x08, 0xdd, 0xff, 0xff, 0x09, 0xdd, 0xff, 0xff, 0x0e, 0xdc, 0xff, 0xff, 0x11, 0xdb, 0xff, 0xff, 0x10, 0xdc, 0xff, 0xff, 0x0f, 0xdc, 0xff, 0xff, 0x0d, 0xdc, 0xff, 0xff, 0x0c, 0xdc, 0xff, 0xff, 0x0b, 0xdc, 0xff, 0xff, 0x0b, 0xdc, 0xff, 0xff, 0x0a, 0xdc, 0xff, 0xff, 0x0b, 0xdc, 0xff, 0xff, 0x0b, 0xdc, 0xff, 0xff, 0x0c, 0xdc, 0xff, 0xff, 0x0d, 0xdb, 0xff, 0xff, 0x0f, 0xdb, 0xff, 0xff, 0x10, 0xdb, 0xff, 0xff, 0x11, 0xdc, 0xff, 0xff, 0x11, 0xdd, 0xfb, 0xff, 0x0f, 0xde, 0xfb, 0xff, 0x0b, 0xdd, 0xfd, 0xff, 0x0c, 0xdc, 0xff, 0xff, 0x10, 0xda, 0xff, 0xff, 0x11, 0xda, 0xff, 0xff, 0x10, 0xda, 0xff, 0xff, 0x0e, 0xdb, 0xff, 0xff, 0x0d, 0xdc, 0xff, 0xff, 0x10, 0xdf, 0xff, 0xff, 0x12, 0xde, 0xfe, 0xff, 0x0e, 0xd9, 0xfa, 0xff, 0x0d, 0xda, 0xfd, 0xff, 0x10, 0xdd, 0xff, 0xff, 0x10, 0xdc, 0xff, 0xff, 0x16, 0xd9, 0xfb, 0xff, 0x2c, 0xdc, 0xec, 0xff, 0x5a, 0xeb, 0xe6, 0xff, 0x90, 0xf7, 0xdc, 0xff, 0xae, 0xf9, 0xcb, 0xff, 0xbd, 0xfd, 0xbe, 0xff, 0xc3, 0xff, 0xbb, 0xff, 0xbb, 0xff, 0xbe, 0xff, 0xb3, 0xff, 0xbc, 0xff, 
  0xc0, 0xff, 0xc0, 0xff, 0xc0, 0xff, 0xc0, 0xff, 0xc0, 0xff, 0xc0, 0xff, 0xc0, 0xff, 0xc0, 0xff, 0xc0, 0xff, 0xc0, 0xff, 0xc0, 0xff, 0xc0, 0xff, 0xc0, 0xff, 0xc0, 0xff, 0xc0, 0xff, 0xc0, 0xff, 0xc0, 0xff, 0xc0, 0xff, 0xc0, 0xff, 0xc0, 0xff, 0xc0, 0xff, 0xc0, 0xff, 0xc0, 0xff, 0xc0, 0xff, 0xc0, 0xff, 0xc0, 0xff, 0xc0, 0xff, 0xc0, 0xff, 0xc0, 0xff, 0xc0, 0xff, 0xc0, 0xff, 0xc0, 0xff, 0xc0, 0xff, 0xc0, 0xff, 0xc0, 0xff, 0xc0, 0xff, 0xc0, 0xff, 0xc0, 0xff, 0xc0, 0xff, 0xc0, 0xff, 0xc0, 0xff, 0xc0, 0xff, 0xc0, 0xff, 0xc0, 0xff, 0xc0, 0xff, 0xc0, 0xff, 0xc0, 0xff, 0xc0, 0xff, 0xc0, 0xff, 0xc0, 0xff, 0xc0, 0xff, 0xc0, 0xff, 0xc0, 0xff, 0xc0, 0xff, 0xc0, 0xff, 0xc0, 0xff, 0xc0, 0xff, 0xc0, 0xff, 0xc0, 0xff, 0xc0, 0xff, 0xc0, 0xff, 0xc0, 0xff, 0xc0, 0xff, 0xc0, 0xff, 0xc0, 0xff, 0xc0, 0xff, 0xc0, 0xff, 0xc0, 0xff, 0xc0, 0xff, 0xc0, 0xff, 0xc0, 0xff, 0xc0, 0xff, 0xc0, 0xff, 0xc0, 0xff, 0xc0, 0xff, 0xc0, 0xff, 0xc0, 0xff, 0xc0, 0xff, 0xc0, 0xff, 0xc0, 0xff, 0xc0, 0xff, 0xc0, 0xff, 0xc0, 0xff, 0xc0, 0xff, 0xc0, 0xff, 0xc0, 0xff, 0xc0, 0xff, 0xc0, 0xff, 0xc0, 0xff, 0xc0, 0xff, 0xc0, 0xff, 0xc0, 0xff, 0xc0, 0xff, 0xc0, 0xff, 0xc1, 0xff, 0xc0, 0xff, 0xc3, 0xff, 0xbe, 0xff, 0xc3, 0xff, 0xbe, 0xff, 0xc1, 0xff, 0xc0, 0xff, 0xbf, 0xff, 0xc1, 0xff, 0xbd, 0xff, 0xc2, 0xff, 0xbd, 0xff, 0xc1, 0xff, 0xc0, 0xff, 0xc0, 0xff, 0xc2, 0xff, 0xbe, 0xff, 0xc3, 0xff, 0xbc, 0xff, 0xc5, 0xff, 0xbe, 0xff, 0xc0, 0xff, 0xc0, 0xff, 0xb9, 0xfc, 0xc5, 0xff, 0xb1, 0xfa, 0xcd, 0xff, 0xa8, 0xf8, 0xd4, 0xff, 0x99, 0xef, 0xd3, 0xff, 0x7c, 0xe3, 0xd8, 0xff, 0x57, 0xd9, 0xe8, 0xff, 0x46, 0xd8, 0xf1, 0xff, 0x46, 0xda, 0xee, 0xff, 0x43, 0xdb, 0xed, 0xff, 0x3d, 0xdc, 0xed, 0xff, 0x35, 0xdb, 0xef, 0xff, 0x2d, 0xd9, 0xf5, 0xff, 0x26, 0xda, 0xfa, 0xff, 0x1f, 0xdb, 0xfe, 0xff, 0x17, 0xdc, 0xfe, 0xff, 0x0d, 0xde, 0xfc, 0xff, 0x08, 0xdf, 0xfc, 0xff, 0x05, 0xdd, 0xfc, 0xff, 0x07, 0xdb, 0xff, 0xff, 0x0e, 0xd9, 0xff, 0xff, 0x10, 0xd8, 0xff, 0xff, 0x0e, 0xdc, 0xff, 0xff, 0x0d, 0xdd, 0xfd, 0xff, 0x0d, 0xdd, 0xfd, 0xff, 0x0d, 0xdd, 0xfd, 0xff, 0x0c, 0xdd, 0xfe, 0xff, 0x0c, 0xdd, 0xfe, 0xff, 0x0c, 0xdd, 0xfe, 0xff, 0x0b, 0xdd, 0xfe, 0xff, 0x0b, 0xdd, 0xff, 0xff, 0x0a, 0xdd, 0xff, 0xff, 0x0b, 0xdd, 0xff, 0xff, 0x0b, 0xdd, 0xff, 0xff, 0x0a, 0xdd, 0xff, 0xff, 0x0b, 0xdd, 0xfe, 0xff, 0x0b, 0xdd, 0xfe, 0xff, 0x0b, 0xdd, 0xfe, 0xff, 0x0a, 0xde, 0xfd, 0xff, 0x0a, 0xdd, 0xfe, 0xff, 0x0d, 0xdb, 0xff, 0xff, 0x0f, 0xdb, 0xff, 0xff, 0x0f, 0xda, 0xff, 0xff, 0x0e, 0xdb, 0xff, 0xff, 0x0c, 0xdd, 0xfd, 0xff, 0x0b, 0xdf, 0xfb, 0xff, 0x0c, 0xe0, 0xf8, 0xff, 0x0e, 0xe1, 0xf8, 0xff, 0x0f, 0xe0, 0xf7, 0xff, 0x0e, 0xdd, 0xf7, 0xff, 0x0e, 0xdb, 0xfb, 0xff, 0x0e, 0xdc, 0xff, 0xff, 0x0b, 0xdb, 0xff, 0xff, 0x0e, 0xdb, 0xff, 0xff, 0x15, 0xdb, 0xf8, 0xff, 0x39, 0xe2, 0xee, 0xff, 0x77, 0xeb, 0xde, 0xff, 0xa4, 0xf6, 0xd0, 0xff, 0xbe, 0xfe, 0xc2, 0xff, 0xc4, 0xff, 0xba, 0xff, 0xba, 0xff, 0xb9, 0xff, 0xb5, 0xff, 0xb9, 0xff, 
  0xc0, 0xff, 0xc0, 0xff, 0xc0, 0xff, 0xc0, 0xff, 0xc0, 0xff, 0xc0, 0xff, 0xc0, 0xff, 0xc0, 0xff, 0xc0, 0xff, 0xc0, 0xff, 0xc0, 0xff, 0xc0, 0xff, 0xc0, 0xff, 0xc0, 0xff, 0xc0, 0xff, 0xc0, 0xff, 0xc0, 0xff, 0xc0, 0xff, 0xc0, 0xff, 0xc0, 0xff, 0xc0, 0xff, 0xc0, 0xff, 0xc0, 0xff, 0xc0, 0xff, 0xc0, 0xff, 0xc0, 0xff, 0xc0, 0xff, 0xc0, 0xff, 0xc0, 0xff, 0xc0, 0xff, 0xbf, 0xff, 0xc0, 0xff, 0xbf, 0xff, 0xc0, 0xff, 0xbf, 0xff, 0xc0, 0xff, 0xbf, 0xff, 0xc0, 0xff, 0xbf, 0xff, 0xc0, 0xff, 0xc0, 0xff, 0xc0, 0xff, 0xc0, 0xff, 0xc1, 0xff, 0xc0, 0xff, 0xc1, 0xff, 0xc0, 0xfe, 0xc1, 0xff, 0xc0, 0xfe, 0xc1, 0xff, 0xc0, 0xfe, 0xc1, 0xff, 0xc0, 0xfe, 0xc1, 0xff, 0xc0, 0xfe, 0xc1, 0xff, 0xc0, 0xfe, 0xc1, 0xff, 0xc0, 0xff, 0xc1, 0xff, 0xc0, 0xff, 0xc1, 0xff, 0xbf, 0xff, 0xc0, 0xff, 0xbf, 0xff, 0xc0, 0xff, 0xbf, 0xff, 0xc0, 0xff, 0xbf, 0xff, 0xc0, 0xff, 0xc0, 0xff, 0xc0, 0xff, 0xc1, 0xfe, 0xc1, 0xff, 0xc1, 0xfe, 0xc1, 0xff, 0xc1, 0xfe, 0xc1, 0xff, 0xc1, 0xfe, 0xc1, 0xff, 0xc0, 0xfe, 0xc1, 0xff, 0xc0, 0xfe, 0xc1, 0xff, 0xc0, 0xff, 0xc1, 0xff, 0xc0, 0xff, 0xc0, 0xff, 0xc0, 0xff, 0xc0, 0xff, 0xc0, 0xff, 0xc1, 0xff, 0xc0, 0xff, 0xc1, 0xff, 0xc0, 0xff, 0xbf, 0xff, 0xc1, 0xff, 0xbd, 0xff, 0xc1, 0xff, 0xbd, 0xff, 0xc1, 0xff, 0xc0, 0xff, 0xc0, 0xfe, 0xc2, 0xff, 0xc0, 0xfd, 0xc4, 0xff, 0xc0, 0xfd, 0xc4, 0xff, 0xc3, 0xfc, 0xc4, 0xff, 0xc5, 0xfc, 0xc3, 0xff, 0xc9, 0xfd, 0xc3, 0xff, 0xc9, 0xfd, 0xc5, 0xff, 0xc6, 0xfa, 0xc7, 0xff, 0xbf, 0xf8, 0xcc, 0xff, 0xb9, 0xf8, 0xd7, 0xff, 0xb4, 0xfa, 0xe2, 0xff, 0xa6, 0xf5, 0xe5, 0xff, 0x91, 0xec, 0xe7, 0xff, 0x86, 0xef, 0xf9, 0xff, 0x7c, 0xed, 0xfe, 0xff, 0x7b, 0xec, 0xfb, 0xff, 0x79, 0xed, 0xfb, 0xff, 0x77, 0xee, 0xfa, 0xff, 0x70, 0xec, 0xfb, 0xff, 0x64, 0xe6, 0xfc, 0xff, 0x57, 0xe2, 0xfd, 0xff, 0x44, 0xd8, 0xf8, 0xff, 0x38, 0xda, 0xfa, 0xff, 0x2a, 0xdc, 0xf7, 0xff, 0x1e, 0xdd, 0xf6, 0xff, 0x14, 0xdd, 0xf7, 0xff, 0x11, 0xdc, 0xfc, 0xff, 0x14, 0xd8, 0xff, 0xff, 0x12, 0xd8, 0xff, 0xff, 0x0a, 0xdb, 0xff, 0xff, 0x08, 0xdd, 0xfc, 0xff, 0x09, 0xdd, 0xfc, 0xff, 0x0a, 0xdd, 0xfc, 0xff, 0x0a, 0xdc, 0xfd, 0xff, 0x0a, 0xdc, 0xfd, 0xff, 0x0a, 0xdc, 0xfd, 0xff, 0x0b, 0xdc, 0xfe, 0xff, 0x0b, 0xdc, 0xff, 0xff, 0x0c, 0xdc, 0xff, 0xff, 0x0c, 0xdc, 0xff, 0xff, 0x0b, 0xdd, 0xff, 0xff, 0x09, 0xdd, 0xfe, 0xff, 0x08, 0xde, 0xfe, 0xff, 0x08, 0xde, 0xfd, 0xff, 0x08, 0xde, 0xfe, 0xff, 0x06, 0xdd, 0xfe, 0xff, 0x08, 0xdc, 0xff, 0xff, 0x0d, 0xda, 0xff, 0xff, 0x0e, 0xd9, 0xff, 0xff, 0x0d, 0xda, 0xff, 0xff, 0x0b, 0xdb, 0xff, 0xff, 0x09, 0xdd, 0xfb, 0xff, 0x09, 0xde, 0xf9, 0xff, 0x0a, 0xdf, 0xf7, 0xff, 0x0b, 0xde, 0xf5, 0xff, 0x0d, 0xdf, 0xf6, 0xff, 0x11, 0xe1, 0xfb, 0xff, 0x10, 0xde, 0xfd, 0xff, 0x0a, 0xd9, 0xfc, 0xff, 0x07, 0xd8, 0xff, 0xff, 0x0a, 0xdc, 0xff, 0xff, 0x0c, 0xdd, 0xff, 0xff, 0x22, 0xdb, 0xf3, 0xff, 0x55, 0xe1, 0xe4, 0xff, 0x8c, 0xf2, 0xdc, 0xff, 0xb5, 0xff, 0xcb, 0xff, 0xc1, 0xff, 0xbb, 0xff, 0xba, 0xff, 0xb7, 0xff, 0xba, 0xff, 0xb9, 0xff, 
  0xc0, 0xff, 0xc0, 0xff, 0xc0, 0xff, 0xc0, 0xff, 0xc0, 0xff, 0xc0, 0xff, 0xc0, 0xff, 0xc0, 0xff, 0xc0, 0xff, 0xc0, 0xff, 0xc0, 0xff, 0xc0, 0xff, 0xc0, 0xff, 0xc0, 0xff, 0xc0, 0xff, 0xc0, 0xff, 0xc0, 0xff, 0xc0, 0xff, 0xc0, 0xff, 0xc0, 0xff, 0xc0, 0xff, 0xc0, 0xff, 0xc0, 0xff, 0xc0, 0xff, 0xc0, 0xff, 0xc0, 0xff, 0xc0, 0xff, 0xc0, 0xff, 0xc0, 0xff, 0xc0, 0xff, 0xbf, 0xff, 0xc0, 0xff, 0xbe, 0xff, 0xc0, 0xff, 0xbd, 0xff, 0xbf, 0xff, 0xbe, 0xff, 0xbf, 0xff, 0xbf, 0xff, 0xc0, 0xff, 0xbf, 0xff, 0xc0, 0xff, 0xc0, 0xff, 0xc1, 0xff, 0xc1, 0xfe, 0xc1, 0xff, 0xc1, 0xfe, 0xc2, 0xff, 0xc1, 0xfe, 0xc2, 0xff, 0xc1, 0xfd, 0xc3, 0xff, 0xc1, 0xfd, 0xc3, 0xff, 0xc1, 0xfe, 0xc2, 0xff, 0xc1, 0xfe, 0xc2, 0xff, 0xc1, 0xfe, 0xc1, 0xff, 0xc0, 0xfe, 0xc1, 0xff, 0xbf, 0xff, 0xc0, 0xff, 0xbe, 0xff, 0xbe, 0xff, 0xbe, 0xff, 0xbe, 0xff, 0xbf, 0xff, 0xbf, 0xff, 0xc1, 0xff, 0xc0, 0xff, 0xc3, 0xfe, 0xc2, 0xff, 0xc4, 0xfd, 0xc3, 0xff, 0xc4, 0xfd, 0xc3, 0xff, 0xc3, 0xfd, 0xc3, 0xff, 0xc4, 0xff, 0xc5, 0xff, 0xc1, 0xfe, 0xc2, 0xff, 0xbf, 0xfd, 0xc0, 0xff, 0xbf, 0xfe, 0xbf, 0xff, 0xc0, 0xff, 0xc0, 0xff, 0xc0, 0xff, 0xc1, 0xff, 0xc1, 0xfe, 0xc1, 0xff, 0xbe, 0xfe, 0xbf, 0xff, 0xbb, 0xff, 0xbb, 0xff, 0xbb, 0xff, 0xbb, 0xff, 0xc0, 0xff, 0xc0, 0xff, 0xc4, 0xfd, 0xc5, 0xff, 0xc6, 0xfb, 0xc9, 0xff, 0xc7, 0xf9, 0xcc, 0xff, 0xc8, 0xf8, 0xcd, 0xff, 0xcb, 0xf7, 0xce, 0xff, 0xd2, 0xf8, 0xd0, 0xff, 0xd5, 0xf7, 0xd2, 0xff, 0xd9, 0xf7, 0xd7, 0xff, 0xd9, 0xf8, 0xdf, 0xff, 0xd0, 0xf6, 0xe6, 0xff, 0xc2, 0xf2, 0xea, 0xff, 0xb2, 0xee, 0xed, 0xff, 0xa8, 0xec, 0xf1, 0xff, 0xa1, 0xea, 0xf5, 0xff, 0x9f, 0xea, 0xf6, 0xff, 0xa0, 0xea, 0xf5, 0xff, 0xa1, 0xeb, 0xf4, 0xff, 0xa3, 0xeb, 0xf2, 0xff, 0xa3, 0xeb, 0xf3, 0xff, 0xa1, 0xea, 0xf5, 0xff, 0x9c, 0xea, 0xf7, 0xff, 0x96, 0xec, 0xfc, 0xff, 0x85, 0xea, 0xfd, 0xff, 0x6e, 0xe6, 0xf9, 0xff, 0x52, 0xe0, 0xf5, 0xff, 0x36, 0xdb, 0xf1, 0xff, 0x22, 0xd9, 0xf3, 0xff, 0x17, 0xdb, 0xf8, 0xff, 0x10, 0xde, 0xfe, 0xff, 0x05, 0xdc, 0xfe, 0xff, 0x05, 0xdf, 0xff, 0xff, 0x09, 0xde, 0xff, 0xff, 0x07, 0xdb, 0xfd, 0xff, 0x04, 0xda, 0xfc, 0xff, 0x07, 0xdc, 0xff, 0xff, 0x0a, 0xdc, 0xff, 0xff, 0x0a, 0xdb, 0xff, 0xff, 0x0b, 0xda, 0xff, 0xff, 0x0d, 0xda, 0xff, 0xff, 0x0f, 0xda, 0xff, 0xff, 0x0d, 0xda, 0xff, 0xff, 0x07, 0xdc, 0xff, 0xff, 0x05, 0xdd, 0xfe, 0xff, 0x07, 0xdd, 0xfd, 0xff, 0x08, 0xdd, 0xfd, 0xff, 0x09, 0xdc, 0xfe, 0xff, 0x0a, 0xdb, 0xff, 0xff, 0x0c, 0xdb, 0xff, 0xff, 0x0c, 0xda, 0xff, 0xff, 0x0c, 0xda, 0xff, 0xff, 0x0b, 0xdb, 0xff, 0xff, 0x0b, 0xdc, 0xfe, 0xff, 0x0a, 0xdc, 0xfd, 0xff, 0x0b, 0xdc, 0xfc, 0xff, 0x0b, 0xdc, 0xfc, 0xff, 0x0c, 0xdc, 0xfc, 0xff, 0x0c, 0xdc, 0xfd, 0xff, 0x0c, 0xdb, 0xfe, 0xff, 0x0b, 0xdb, 0xff, 0xff, 0x0a, 0xdb, 0xff, 0xff, 0x0a, 0xdb, 0xff, 0xff, 0x08, 0xd9, 0xfa, 0xff, 0x19, 0xdd, 0xfc, 0xff, 0x2f, 0xda, 0xf4, 0xff, 0x5b, 0xe5, 0xe6, 0xff, 0x9f, 0xff, 0xd6, 0xff, 0xb4, 0xff, 0xbb, 0xff, 0xc2, 0xff, 0xc0, 0xff, 0xc2, 0xfe, 0xbb, 0xff, 
  0xc0, 0xff, 0xc0, 0xff, 0xc0, 0xff, 0xc0, 0xff, 0xc0, 0xff, 0xc0, 0xff, 0xc0, 0xff, 0xc0, 0xff, 0xc0, 0xff, 0xc0, 0xff, 0xc0, 0xff, 0xc0, 0xff, 0xc0, 0xff, 0xc0, 0xff, 0xc0, 0xff, 0xc0, 0xff, 0xc0, 0xff, 0xc0, 0xff, 0xc0, 0xff, 0xc0, 0xff, 0xc0, 0xff, 0xc0, 0xff, 0xc0, 0xff, 0xc0, 0xff, 0xc0, 0xff, 0xc0, 0xff, 0xc0, 0xff, 0xc0, 0xff, 0xc0, 0xff, 0xc0, 0xff, 0xbf, 0xff, 0xc0, 0xff, 0xbe, 0xff, 0xc0, 0xff, 0xbe, 0xff, 0xc0, 0xff, 0xbf, 0xff, 0xc0, 0xff, 0xbf, 0xff, 0xc0, 0xff, 0xbf, 0xff, 0xc1, 0xff, 0xc0, 0xfe, 0xc1, 0xff, 0xc1, 0xfe, 0xc1, 0xff, 0xc1, 0xfe, 0xc2, 0xff, 0xc1, 0xfe, 0xc2, 0xff, 0xc1, 0xfe, 0xc2, 0xff, 0xc1, 0xfe, 0xc2, 0xff, 0xc1, 0xfe, 0xc2, 0xff, 0xc1, 0xfe, 0xc1, 0xff, 0xc0, 0xfe, 0xc1, 0xff, 0xc0, 0xfe, 0xc1, 0xff, 0xbf, 0xff, 0xc0, 0xff, 0xbd, 0xff, 0xbe, 0xff, 0xbd, 0xff, 0xbd, 0xff, 0xbf, 0xff, 0xbe, 0xff, 0xc0, 0xff, 0xc0, 0xff, 0xc3, 0xfd, 0xc2, 0xff, 0xc4, 0xfd, 0xc3, 0xff, 0xc4, 0xfc, 0xc3, 0xff, 0xc3, 0xfd, 0xc3, 0xff, 0xc2, 0xfe, 0xc4, 0xff, 0xc0, 0xfe, 0xc2, 0xff, 0xbe, 0xfe, 0xbf, 0xff, 0xbf, 0xff, 0xc0, 0xff, 0xc0, 0xff, 0xc1, 0xff, 0xc1, 0xff, 0xc2, 0xff, 0xc1, 0xfe, 0xc1, 0xff, 0xbf, 0xff, 0xc0, 0xff, 0xbc, 0xff, 0xbe, 0xff, 0xbd, 0xff, 0xbe, 0xff, 0xc1, 0xfc, 0xc2, 0xff, 0xc6, 0xf9, 0xc6, 0xff, 0xc8, 0xf6, 0xcb, 0xff, 0xcd, 0xf7, 0xd2, 0xff, 0xd0, 0xf8, 0xd6, 0xff, 0xd5, 0xf8, 0xd9, 0xff, 0xd9, 0xf7, 0xda, 0xff, 0xdd, 0xf4, 0xda, 0xff, 0xe2, 0xf3, 0xde, 0xff, 0xe1, 0xf3, 0xe5, 0xff, 0xd8, 0xf1, 0xeb, 0xff, 0xc8, 0xec, 0xed, 0xff, 0xb7, 0xe9, 0xef, 0xff, 0xb0, 0xe7, 0xf1, 0xff, 0xb2, 0xe8, 0xf3, 0xff, 0xb2, 0xe8, 0xf2, 0xff, 0xb4, 0xe9, 0xf2, 0xff, 0xb6, 0xea, 0xf1, 0xff, 0xb9, 0xea, 0xef, 0xff, 0xbb, 0xea, 0xef, 0xff, 0xbc, 0xe8, 0xed, 0xff, 0xbb, 0xe8, 0xef, 0xff, 0xb5, 0xe7, 0xf0, 0xff, 0xac, 0xe8, 0xf4, 0xff, 0x9e, 0xea, 0xfa, 0xff, 0x8a, 0xea, 0xfd, 0xff, 0x6f, 0xe8, 0xfe, 0xff, 0x54, 0xe2, 0xf9, 0xff, 0x3a, 0xdb, 0xf3, 0xff, 0x25, 0xd6, 0xf1, 0xff, 0x17, 0xd8, 0xf7, 0xff, 0x0d, 0xd8, 0xfa, 0xff, 0x0a, 0xdb, 0xfc, 0xff, 0x0a, 0xde, 0xff, 0xff, 0x09, 0xdd, 0xff, 0xff, 0x06, 0xd9, 0xfe, 0xff, 0x07, 0xd8, 0xff, 0xff, 0x0a, 0xda, 0xff, 0xff, 0x0c, 0xda, 0xff, 0xff, 0x0d, 0xda, 0xff, 0xff, 0x0f, 0xda, 0xff, 0xff, 0x0d, 0xda, 0xff, 0xff, 0x09, 0xdb, 0xff, 0xff, 0x07, 0xdc, 0xff, 0xff, 0x07, 0xdc, 0xfe, 0xff, 0x08, 0xdc, 0xfe, 0xff, 0x0a, 0xdb, 0xff, 0xff, 0x0b, 0xdb, 0xff, 0xff, 0x0b, 0xdb, 0xff, 0xff, 0x0b, 0xdb, 0xff, 0xff, 0x0b, 0xdb, 0xff, 0xff, 0x0b, 0xdb, 0xff, 0xff, 0x0b, 0xdb, 0xff, 0xff, 0x0b, 0xdb, 0xff, 0xff, 0x0b, 0xdb, 0xff, 0xff, 0x0b, 0xdb, 0xff, 0xff, 0x0b, 0xdb, 0xff, 0xff, 0x0b, 0xdb, 0xff, 0xff, 0x0b, 0xdb, 0xff, 0xff, 0x0b, 0xdb, 0xff, 0xff, 0x0b, 0xdb, 0xff, 0xff, 0x0b, 0xdb, 0xfe, 0xff, 0x09, 0xda, 0xfb, 0xff, 0x12, 0xdc, 0xfe, 0xff, 0x1a, 0xd7, 0xfd, 0xff, 0x3f, 0xe0, 0xee, 0xff, 0x84, 0xfa, 0xd7, 0xff, 0xaa, 0xff, 0xc3, 0xff, 0xbf, 0xff, 0xc1, 0xff, 0xc8, 0xfd, 0xbe, 0xff, 
  0xc0, 0xff, 0xc0, 0xff, 0xc0, 0xff, 0xc0, 0xff, 0xc0, 0xff, 0xc0, 0xff, 0xc0, 0xff, 0xc0, 0xff, 0xc0, 0xff, 0xc0, 0xff, 0xc0, 0xff, 0xc0, 0xff, 0xc0, 0xff, 0xc0, 0xff, 0xc0, 0xff, 0xc0, 0xff, 0xc0, 0xff, 0xc0, 0xff, 0xc0, 0xff, 0xc0, 0xff, 0xc0, 0xff, 0xc0, 0xff, 0xc0, 0xff, 0xc0, 0xff, 0xc0, 0xff, 0xc0, 0xff, 0xc0, 0xff, 0xc0, 0xff, 0xc0, 0xff, 0xc0, 0xff, 0xc0, 0xff, 0xc1, 0xff, 0xc0, 0xfe, 0xc2, 0xff, 0xc0, 0xfe, 0xc2, 0xff, 0xc0, 0xfe, 0xc1, 0xff, 0xc0, 0xfe, 0xc1, 0xff, 0xc0, 0xfe, 0xc1, 0xff, 0xc0, 0xfe, 0xc1, 0xff, 0xc0, 0xfe, 0xc1, 0xff, 0xc0, 0xff, 0xc1, 0xff, 0xbf, 0xff, 0xc1, 0xff, 0xbf, 0xff, 0xc1, 0xff, 0xbf, 0xff, 0xc0, 0xff, 0xbf, 0xff, 0xc0, 0xff, 0xbf, 0xff, 0xc0, 0xff, 0xbf, 0xff, 0xc0, 0xff, 0xbf, 0xff, 0xc0, 0xff, 0xbe, 0xff, 0xbf, 0xff, 0xbd, 0xff, 0xbd, 0xff, 0xbd, 0xff, 0xbd, 0xff, 0xbe, 0xff, 0xbe, 0xff, 0xbf, 0xff, 0xc0, 0xff, 0xc1, 0xfe, 0xc1, 0xff, 0xc2, 0xfe, 0xc2, 0xff, 0xc1, 0xfe, 0xc2, 0xff, 0xc0, 0xfe, 0xc1, 0xff, 0xbe, 0xff, 0xc0, 0xff, 0xbd, 0xff, 0xc0, 0xff, 0xbd, 0xff, 0xbf, 0xff, 0xbd, 0xff, 0xbf, 0xff, 0xbf, 0xff, 0xc1, 0xff, 0xc0, 0xff, 0xc2, 0xff, 0xc1, 0xff, 0xc2, 0xff, 0xc0, 0xfe, 0xc1, 0xff, 0xc0, 0xff, 0xc1, 0xff, 0xc2, 0xfe, 0xc2, 0xff, 0xc6, 0xf9, 0xc5, 0xff, 0xca, 0xf6, 0xca, 0xff, 0xce, 0xf6, 0xd0, 0xff, 0xd2, 0xf7, 0xd6, 0xff, 0xd6, 0xf9, 0xdc, 0xff, 0xdb, 0xfa, 0xdf, 0xff, 0xde, 0xf8, 0xde, 0xff, 0xe0, 0xf5, 0xdf, 0xff, 0xe3, 0xf3, 0xe2, 0xff, 0xe0, 0xf1, 0xe6, 0xff, 0xd6, 0xee, 0xea, 0xff, 0xc7, 0xea, 0xed, 0xff, 0xb7, 0xe7, 0xef, 0xff, 0xb1, 0xe7, 0xf2, 0xff, 0xb5, 0xe7, 0xf3, 0xff, 0xb7, 0xe8, 0xf4, 0xff, 0xb6, 0xe9, 0xf3, 0xff, 0xb6, 0xe9, 0xf2, 0xff, 0xb8, 0xea, 0xf0, 0xff, 0xbb, 0xea, 0xef, 0xff, 0xbe, 0xe9, 0xef, 0xff, 0xbf, 0xe7, 0xee, 0xff, 0xc0, 0xe6, 0xf0, 0xff, 0xbd, 0xe6, 0xf3, 0xff, 0xb7, 0xe5, 0xf6, 0xff, 0xb1, 0xe8, 0xfc, 0xff, 0xa4, 0xe9, 0xff, 0xff, 0x96, 0xe7, 0xff, 0xff, 0x84, 0xe0, 0xfa, 0xff, 0x6c, 0xdb, 0xf7, 0xff, 0x4c, 0xd9, 0xf7, 0xff, 0x2c, 0xd5, 0xf3, 0xff, 0x12, 0xd7, 0xf4, 0xff, 0x0c, 0xdd, 0xfb, 0xff, 0x0f, 0xdd, 0xff, 0xff, 0x0a, 0xd8, 0xff, 0xff, 0x07, 0xd7, 0xff, 0xff, 0x09, 0xd9, 0xff, 0xff, 0x0b, 0xd9, 0xff, 0xff, 0x0b, 0xda, 0xfe, 0xff, 0x09, 0xdb, 0xfd, 0xff, 0x0a, 0xda, 0xfd, 0xff, 0x0f, 0xd9, 0xfe, 0xff, 0x0e, 0xd9, 0xfe, 0xff, 0x08, 0xda, 0xff, 0xff, 0x06, 0xda, 0xff, 0xff, 0x09, 0xda, 0xfe, 0xff, 0x0a, 0xda, 0xfe, 0xff, 0x0a, 0xda, 0xfe, 0xff, 0x0a, 0xda, 0xfe, 0xff, 0x0a, 0xda, 0xfe, 0xff, 0x0a, 0xda, 0xfe, 0xff, 0x0a, 0xda, 0xfe, 0xff, 0x0a, 0xda, 0xfe, 0xff, 0x0a, 0xda, 0xfe, 0xff, 0x0a, 0xda, 0xfe, 0xff, 0x0a, 0xda, 0xfe, 0xff, 0x0a, 0xda, 0xfe, 0xff, 0x0a, 0xda, 0xfe, 0xff, 0x0a, 0xda, 0xfe, 0xff, 0x0a, 0xda, 0xfe, 0xff, 0x0a, 0xda, 0xfd, 0xff, 0x0b, 0xdb, 0xfc, 0xff, 0x10, 0xdb, 0xfd, 0xff, 0x15, 0xd7, 0xfc, 0xff, 0x32, 0xdc, 0xed, 0xff, 0x6a, 0xef, 0xd5, 0xff, 0x9e, 0xff, 0xcd, 0xff, 0xb9, 0xfc, 0xc1, 0xff, 0xca, 0xfe, 0xbf, 0xff, 
  0xc0, 0xff, 0xc0, 0xff, 0xc0, 0xff, 0xc0, 0xff, 0xc0, 0xff, 0xc0, 0xff, 0xc0, 0xff, 0xc0, 0xff, 0xc0, 0xff, 0xc0, 0xff, 0xc0, 0xff, 0xc0, 0xff, 0xc0, 0xff, 0xc0, 0xff, 0xc0, 0xff, 0xc0, 0xff, 0xc0, 0xff, 0xc0, 0xff, 0xc0, 0xff, 0xc0, 0xff, 0xc0, 0xff, 0xc0, 0xff, 0xc0, 0xff, 0xc0, 0xff, 0xc0, 0xff, 0xc0, 0xff, 0xc0, 0xff, 0xc0, 0xff, 0xc0, 0xff, 0xc0, 0xff, 0xc0, 0xfe, 0xc1, 0xff, 0xc2, 0xfd, 0xc3, 0xff, 0xc2, 0xfd, 0xc3, 0xff, 0xc2, 0xfd, 0xc3, 0xff, 0xc1, 0xfe, 0xc2, 0xff, 0xc0, 0xfe, 0xc2, 0xff, 0xc0, 0xfe, 0xc1, 0xff, 0xbf, 0xff, 0xc0, 0xff, 0xbf, 0xff, 0xc0, 0xff, 0xbe, 0xff, 0xc0, 0xff, 0xbe, 0xff, 0xbf, 0xff, 0xbe, 0xff, 0xbf, 0xff, 0xbe, 0xff, 0xbf, 0xff, 0xbe, 0xff, 0xbf, 0xff, 0xbe, 0xff, 0xbf, 0xff, 0xbe, 0xff, 0xbf, 0xff, 0xbe, 0xff, 0xbf, 0xff, 0xbd, 0xff, 0xbe, 0xff, 0xbd, 0xff, 0xbe, 0xff, 0xbe, 0xff, 0xbf, 0xff, 0xbf, 0xff, 0xc0, 0xff, 0xc0, 0xfe, 0xc1, 0xff, 0xc0, 0xfe, 0xc1, 0xff, 0xbf, 0xff, 0xc0, 0xff, 0xbe, 0xff, 0xbf, 0xff, 0xbc, 0xff, 0xbf, 0xff, 0xbb, 0xff, 0xbe, 0xff, 0xbb, 0xff, 0xbe, 0xff, 0xbc, 0xff, 0xbe, 0xff, 0xbe, 0xff, 0xc1, 0xff, 0xbf, 0xff, 0xc1, 0xff, 0xc0, 0xfe, 0xc2, 0xff, 0xc1, 0xfc, 0xc2, 0xff, 0xc3, 0xfb, 0xc3, 0xff, 0xc7, 0xfa, 0xc7, 0xff, 0xce, 0xf9, 0xcd, 0xff, 0xd4, 0xf8, 0xd3, 0xff, 0xd7, 0xf8, 0xd9, 0xff, 0xd9, 0xf8, 0xdc, 0xff, 0xda, 0xf6, 0xde, 0xff, 0xdc, 0xf5, 0xdf, 0xff, 0xdf, 0xf5, 0xe0, 0xff, 0xe1, 0xf3, 0xe1, 0xff, 0xe2, 0xf1, 0xe3, 0xff, 0xde, 0xee, 0xe7, 0xff, 0xd3, 0xeb, 0xea, 0xff, 0xc6, 0xe8, 0xed, 0xff, 0xb9, 0xe8, 0xf2, 0xff, 0xb5, 0xe8, 0xf5, 0xff, 0xba, 0xe7, 0xf4, 0xff, 0xbb, 0xe7, 0xf4, 0xff, 0xb9, 0xe8, 0xf3, 0xff, 0xb7, 0xe9, 0xf2, 0xff, 0xb6, 0xea, 0xf1, 0xff, 0xb8, 0xea, 0xf0, 0xff, 0xbb, 0xea, 0xef, 0xff, 0xbe, 0xe9, 0xef, 0xff, 0xc3, 0xea, 0xf2, 0xff, 0xc1, 0xe6, 0xf1, 0xff, 0xbd, 0xe1, 0xef, 0xff, 0xbb, 0xe1, 0xf2, 0xff, 0xb8, 0xe4, 0xf7, 0xff, 0xb6, 0xe7, 0xfc, 0xff, 0xb0, 0xe8, 0xfe, 0xff, 0x9d, 0xe8, 0xff, 0xff, 0x7d, 0xe6, 0xfd, 0xff, 0x55, 0xdd, 0xf5, 0xff, 0x2f, 0xd6, 0xf0, 0xff, 0x1c, 0xd8, 0xf5, 0xff, 0x16, 0xda, 0xfd, 0xff, 0x0f, 0xd9, 0xff, 0xff, 0x0c, 0xd8, 0xff, 0xff, 0x0a, 0xd8, 0xff, 0xff, 0x0a, 0xd9, 0xff, 0xff, 0x0a, 0xda, 0xfd, 0xff, 0x08, 0xdc, 0xfc, 0xff, 0x0a, 0xdb, 0xfc, 0xff, 0x10, 0xd9, 0xfd, 0xff, 0x11, 0xd8, 0xff, 0xff, 0x0b, 0xd8, 0xff, 0xff, 0x08, 0xd9, 0xff, 0xff, 0x09, 0xd9, 0xff, 0xff, 0x0a, 0xda, 0xfe, 0xff, 0x0a, 0xda, 0xfe, 0xff, 0x0a, 0xda, 0xfe, 0xff, 0x0a, 0xda, 0xfe, 0xff, 0x0a, 0xda, 0xfe, 0xff, 0x0a, 0xda, 0xfe, 0xff, 0x0a, 0xda, 0xfe, 0xff, 0x0a, 0xda, 0xfe, 0xff, 0x0a, 0xda, 0xfe, 0xff, 0x0a, 0xda, 0xfe, 0xff, 0x0a, 0xda, 0xfe, 0xff, 0x0a, 0xda, 0xfe, 0xff, 0x0a, 0xda, 0xfe, 0xff, 0x0a, 0xda, 0xfe, 0xff, 0x0b, 0xda, 0xfe, 0xff, 0x0c, 0xdb, 0xfc, 0xff, 0x0e, 0xda, 0xfc, 0xff, 0x11, 0xd8, 0xfd, 0xff, 0x25, 0xd9, 0xee, 0xff, 0x50, 0xe5, 0xd7, 0xff, 0x8d, 0xff, 0xd7, 0xff, 0xb2, 0xfa, 0xc4, 0xff, 0xca, 0xfe, 0xc1, 0xff, 
  0xc0, 0xff, 0xc0, 0xff, 0xc0, 0xff, 0xc0, 0xff, 0xc0, 0xff, 0xc0, 0xff, 0xc0, 0xff, 0xc0, 0xff, 0xc0, 0xff, 0xc0, 0xff, 0xc0, 0xff, 0xc0, 0xff, 0xc0, 0xff, 0xc0, 0xff, 0xc0, 0xff, 0xc0, 0xff, 0xc0, 0xff, 0xc0, 0xff, 0xc0, 0xff, 0xc0, 0xff, 0xc0, 0xff, 0xc0, 0xff, 0xc0, 0xff, 0xc0, 0xff, 0xc0, 0xff, 0xc0, 0xff, 0xc0, 0xff, 0xc0, 0xff, 0xc0, 0xff, 0xc0, 0xff, 0xc1, 0xfe, 0xc1, 0xff, 0xc3, 0xfd, 0xc3, 0xff, 0xc4, 0xfc, 0xc4, 0xff, 0xc3, 0xfd, 0xc3, 0xff, 0xc2, 0xfd, 0xc2, 0xff, 0xc0, 0xfe, 0xc1, 0xff, 0xbf, 0xff, 0xc0, 0xff, 0xbf, 0xff, 0xc0, 0xff, 0xbe, 0xff, 0xbf, 0xff, 0xbd, 0xff, 0xbf, 0xff, 0xbd, 0xff, 0xbe, 0xff, 0xbd, 0xff, 0xbe, 0xff, 0xbd, 0xff, 0xbe, 0xff, 0xbd, 0xff, 0xbe, 0xff, 0xbd, 0xff, 0xbe, 0xff, 0xbe, 0xff, 0xbf, 0xff, 0xbe, 0xff, 0xbf, 0xff, 0xbe, 0xff, 0xbf, 0xff, 0xbe, 0xff, 0xc0, 0xff, 0xbf, 0xff, 0xc0, 0xff, 0xbf, 0xff, 0xc0, 0xff, 0xc0, 0xff, 0xc1, 0xff, 0xbf, 0xff, 0xc0, 0xff, 0xbe, 0xff, 0xbf, 0xff, 0xbc, 0xff, 0xbe, 0xff, 0xba, 0xff, 0xbd, 0xff, 0xba, 0xff, 0xbd, 0xff, 0xba, 0xff, 0xbd, 0xff, 0xbb, 0xff, 0xbe, 0xff, 0xbc, 0xff, 0xbf, 0xff, 0xbe, 0xfd, 0xc0, 0xff, 0xc0, 0xfc, 0xc2, 0xff, 0xc4, 0xfa, 0xc5, 0xff, 0xca, 0xf8, 0xc9, 0xff, 0xd0, 0xf8, 0xcf, 0xff, 0xd7, 0xf8, 0xd5, 0xff, 0xdc, 0xf8, 0xda, 0xff, 0xde, 0xf7, 0xde, 0xff, 0xde, 0xf6, 0xe1, 0xff, 0xde, 0xf4, 0xe1, 0xff, 0xde, 0xf2, 0xe1, 0xff, 0xe0, 0xf2, 0xe2, 0xff, 0xe1, 0xf1, 0xe3, 0xff, 0xe1, 0xef, 0xe6, 0xff, 0xdb, 0xec, 0xe8, 0xff, 0xd1, 0xe9, 0xeb, 0xff, 0xc6, 0xe8, 0xef, 0xff, 0xbb, 0xe9, 0xf5, 0xff, 0xb9, 0xe8, 0xf7, 0xff, 0xbf, 0xe6, 0xf5, 0xff, 0xc1, 0xe6, 0xf4, 0xff, 0xbc, 0xe7, 0xf3, 0xff, 0xb8, 0xe9, 0xf2, 0xff, 0xb4, 0xea, 0xf1, 0xff, 0xb3, 0xeb, 0xf0, 0xff, 0xb3, 0xeb, 0xf0, 0xff, 0xb5, 0xeb, 0xf0, 0xff, 0xb9, 0xeb, 0xf1, 0xff, 0xba, 0xe9, 0xf0, 0xff, 0xba, 0xe8, 0xf0, 0xff, 0xb9, 0xe7, 0xf1, 0xff, 0xb7, 0xe7, 0xf2, 0xff, 0xb5, 0xe7, 0xf3, 0xff, 0xb2, 0xe7, 0xf4, 0xff, 0xa7, 0xe8, 0xf4, 0xff, 0x9a, 0xee, 0xfa, 0xff, 0x82, 0xe9, 0xf9, 0xff, 0x65, 0xdf, 0xf6, 0xff, 0x43, 0xd7, 0xf4, 0xff, 0x1f, 0xd6, 0xf8, 0xff, 0x0f, 0xd7, 0xfe, 0xff, 0x0e, 0xd7, 0xff, 0xff, 0x0c, 0xd8, 0xff, 0xff, 0x09, 0xda, 0xfe, 0xff, 0x08, 0xdb, 0xfc, 0xff, 0x0a, 0xdc, 0xfb, 0xff, 0x0b, 0xdb, 0xfb, 0xff, 0x0d, 0xda, 0xfd, 0xff, 0x0e, 0xd8, 0xff, 0xff, 0x0d, 0xd7, 0xff, 0xff, 0x0c, 0xd7, 0xff, 0xff, 0x0b, 0xd9, 0xff, 0xff, 0x0a, 0xd9, 0xff, 0xff, 0x0a, 0xd9, 0xff, 0xff, 0x0a, 0xd9, 0xff, 0xff, 0x0a, 0xd9, 0xff, 0xff, 0x0a, 0xd9, 0xff, 0xff, 0x0a, 0xd9, 0xff, 0xff, 0x0a, 0xd9, 0xff, 0xff, 0x0a, 0xd9, 0xff, 0xff, 0x0a, 0xd9, 0xff, 0xff, 0x0a, 0xd9, 0xff, 0xff, 0x0a, 0xd9, 0xff, 0xff, 0x0a, 0xd9, 0xff, 0xff, 0x0a, 0xd9, 0xff, 0xff, 0x0a, 0xd9, 0xff, 0xff, 0x0b, 0xda, 0xfe, 0xff, 0x0c, 0xda, 0xfc, 0xff, 0x0c, 0xd9, 0xfb, 0xff, 0x0d, 0xd9, 0xfe, 0xff, 0x19, 0xd9, 0xf3, 0xff, 0x36, 0xdf, 0xdf, 0xff, 0x76, 0xf9, 0xe1, 0xff, 0xa9, 0xfa, 0xc9, 0xff, 0xc6, 0xfd, 0xc1, 0xff, 
  0xc0, 0xff, 0xc0, 0xff, 0xc0, 0xff, 0xc0, 0xff, 0xc0, 0xff, 0xc0, 0xff, 0xc0, 0xff, 0xc0, 0xff, 0xc0, 0xff, 0xc0, 0xff, 0xc0, 0xff, 0xc0, 0xff, 0xc0, 0xff, 0xc0, 0xff, 0xc0, 0xff, 0xc0, 0xff, 0xc0, 0xff, 0xc0, 0xff, 0xc0, 0xff, 0xc0, 0xff, 0xc0, 0xff, 0xc0, 0xff, 0xc0, 0xff, 0xc0, 0xff, 0xc0, 0xff, 0xc0, 0xff, 0xc0, 0xff, 0xc0, 0xff, 0xc0, 0xff, 0xc0, 0xff, 0xc1, 0xfe, 0xc1, 0xff, 0xc3, 0xfd, 0xc3, 0xff, 0xc4, 0xfc, 0xc4, 0xff, 0xc3, 0xfd, 0xc3, 0xff, 0xc2, 0xfd, 0xc2, 0xff, 0xc0, 0xff, 0xc1, 0xff, 0xbf, 0xff, 0xc0, 0xff, 0xbe, 0xff, 0xbf, 0xff, 0xbe, 0xff, 0xbf, 0xff, 0xbd, 0xff, 0xbe, 0xff, 0xbd, 0xff, 0xbe, 0xff, 0xbd, 0xff, 0xbf, 0xff, 0xbd, 0xff, 0xbf, 0xff, 0xbe, 0xff, 0xbf, 0xff, 0xbe, 0xff, 0xc0, 0xff, 0xbf, 0xff, 0xc0, 0xff, 0xc0, 0xfe, 0xc1, 0xff, 0xc0, 0xfe, 0xc2, 0xff, 0xc0, 0xfe, 0xc2, 0xff, 0xc1, 0xfe, 0xc2, 0xff, 0xc1, 0xfe, 0xc2, 0xff, 0xc1, 0xfe, 0xc2, 0xff, 0xc0, 0xff, 0xc1, 0xff, 0xbe, 0xff, 0xbf, 0xff, 0xbc, 0xff, 0xbe, 0xff, 0xba, 0xff, 0xbd, 0xff, 0xb9, 0xff, 0xbd, 0xff, 0xba, 0xff, 0xbd, 0xff, 0xbb, 0xff, 0xbf, 0xff, 0xbd, 0xfe, 0xc0, 0xff, 0xc0, 0xfc, 0xc2, 0xff, 0xc4, 0xfc, 0xc5, 0xff, 0xc9, 0xfa, 0xca, 0xff, 0xd3, 0xf9, 0xd2, 0xff, 0xd9, 0xf7, 0xd7, 0xff, 0xdc, 0xf5, 0xda, 0xff, 0xdf, 0xf4, 0xdd, 0xff, 0xe0, 0xf4, 0xe0, 0xff, 0xe1, 0xf3, 0xe2, 0xff, 0xe1, 0xf2, 0xe4, 0xff, 0xe1, 0xf2, 0xe5, 0xff, 0xe2, 0xf1, 0xe5, 0xff, 0xe2, 0xf1, 0xe7, 0xff, 0xdf, 0xef, 0xe8, 0xff, 0xd8, 0xeb, 0xe8, 0xff, 0xcd, 0xe7, 0xea, 0xff, 0xc3, 0xe7, 0xef, 0xff, 0xba, 0xe7, 0xf4, 0xff, 0xb8, 0xe7, 0xf6, 0xff, 0xbf, 0xe5, 0xf3, 0xff, 0xc1, 0xe6, 0xf3, 0xff, 0xbd, 0xe8, 0xf2, 0xff, 0xb8, 0xe9, 0xf2, 0xff, 0xb4, 0xea, 0xf2, 0xff, 0xb1, 0xea, 0xf1, 0xff, 0xb1, 0xeb, 0xf1, 0xff, 0xb1, 0xea, 0xef, 0xff, 0xb3, 0xe9, 0xef, 0xff, 0xb6, 0xea, 0xf0, 0xff, 0xb9, 0xeb, 0xf1, 0xff, 0xb9, 0xeb, 0xf1, 0xff, 0xb8, 0xea, 0xf0, 0xff, 0xb6, 0xe9, 0xef, 0xff, 0xb2, 0xe7, 0xed, 0xff, 0xad, 0xe8, 0xed, 0xff, 0xa6, 0xea, 0xef, 0xff, 0xa1, 0xee, 0xf8, 0xff, 0x95, 0xea, 0xfe, 0xff, 0x70, 0xdf, 0xfb, 0xff, 0x3b, 0xd7, 0xf7, 0xff, 0x1b, 0xd4, 0xf8, 0xff, 0x12, 0xd6, 0xfc, 0xff, 0x0c, 0xd8, 0xfe, 0xff, 0x0b, 0xda, 0xfe, 0xff, 0x0a, 0xdb, 0xfc, 0xff, 0x0b, 0xdb, 0xfb, 0xff, 0x0b, 0xdb, 0xfc, 0xff, 0x0a, 0xda, 0xfe, 0xff, 0x0b, 0xd9, 0xff, 0xff, 0x0f, 0xd6, 0xff, 0xff, 0x0f, 0xd6, 0xff, 0xff, 0x0c, 0xd8, 0xff, 0xff, 0x0a, 0xd9, 0xff, 0xff, 0x0a, 0xd9, 0xff, 0xff, 0x0a, 0xd9, 0xff, 0xff, 0x0a, 0xd9, 0xff, 0xff, 0x0a, 0xd9, 0xff, 0xff, 0x0a, 0xd9, 0xff, 0xff, 0x0a, 0xd9, 0xff, 0xff, 0x0a, 0xd9, 0xff, 0xff, 0x0a, 0xd9, 0xff, 0xff, 0x0a, 0xd9, 0xff, 0xff, 0x0a, 0xd9, 0xff, 0xff, 0x0a, 0xd9, 0xff, 0xff, 0x0a, 0xd9, 0xff, 0xff, 0x0a, 0xd9, 0xff, 0xff, 0x0b, 0xd9, 0xff, 0xff, 0x0c, 0xda, 0xfd, 0xff, 0x0c, 0xda, 0xfd, 0xff, 0x0c, 0xda, 0xff, 0xff, 0x11, 0xd9, 0xf7, 0xff, 0x23, 0xdc, 0xea, 0xff, 0x5c, 0xf0, 0xe6, 0xff, 0xa1, 0xf9, 0xd0, 0xff, 0xc0, 0xfc, 0xc3, 0xff, 
  0xc0, 0xff, 0xc0, 0xff, 0xc0, 0xff, 0xc0, 0xff, 0xc0, 0xff, 0xc0, 0xff, 0xc0, 0xff, 0xc0, 0xff, 0xc0, 0xff, 0xc0, 0xff, 0xc0, 0xff, 0xc0, 0xff, 0xc0, 0xff, 0xc0, 0xff, 0xc0, 0xff, 0xc0, 0xff, 0xc0, 0xff, 0xc0, 0xff, 0xc0, 0xff, 0xc0, 0xff, 0xc0, 0xff, 0xc0, 0xff, 0xc0, 0xff, 0xc0, 0xff, 0xc0, 0xff, 0xc0, 0xff, 0xc0, 0xff, 0xc0, 0xff, 0xc0, 0xff, 0xc0, 0xff, 0xc1, 0xfe, 0xc1, 0xff, 0xc3, 0xfd, 0xc3, 0xff, 0xc3, 0xfd, 0xc3, 0xff, 0xc2, 0xfd, 0xc3, 0xff, 0xc1, 0xfe, 0xc1, 0xff, 0xbf, 0xff, 0xc0, 0xff, 0xbe, 0xff, 0xbf, 0xff, 0xbe, 0xff, 0xbf, 0xff, 0xbe, 0xff, 0xbf, 0xff, 0xbe, 0xff, 0xbf, 0xff, 0xbe, 0xff, 0xbf, 0xff, 0xbf, 0xff, 0xc0, 0xff, 0xbf, 0xfe, 0xc1, 0xff, 0xc1, 0xfe, 0xc2, 0xff, 0xc2, 0xfd, 0xc3, 0xff, 0xc3, 0xfc, 0xc4, 0xff, 0xc3, 0xfc, 0xc5, 0xff, 0xc3, 0xfc, 0xc5, 0xff, 0xc3, 0xfb, 0xc6, 0xff, 0xc4, 0xfb, 0xc6, 0xff, 0xc3, 0xfc, 0xc5, 0xff, 0xc3, 0xfc, 0xc4, 0xff, 0xc1, 0xfd, 0xc3, 0xff, 0xbf, 0xff, 0xc1, 0xff, 0xbd, 0xff, 0xbf, 0xff, 0xbb, 0xff, 0xbe, 0xff, 0xbb, 0xff, 0xbe, 0xff, 0xbc, 0xff, 0xbf, 0xff, 0xbe, 0xff, 0xc1, 0xff, 0xc0, 0xfc, 0xc2, 0xff, 0xc4, 0xfb, 0xc6, 0xff, 0xc9, 0xfb, 0xcb, 0xff, 0xd0, 0xfa, 0xd1, 0xff, 0xdb, 0xf8, 0xda, 0xff, 0xde, 0xf5, 0xdd, 0xff, 0xe0, 0xf3, 0xdf, 0xff, 0xe1, 0xf2, 0xe0, 0xff, 0xe2, 0xf1, 0xe2, 0xff, 0xe2, 0xf0, 0xe3, 0xff, 0xe3, 0xf1, 0xe5, 0xff, 0xe4, 0xf2, 0xe7, 0xff, 0xe2, 0xef, 0xe6, 0xff, 0xe2, 0xf1, 0xe9, 0xff, 0xde, 0xf0, 0xea, 0xff, 0xd4, 0xeb, 0xe9, 0xff, 0xc9, 0xe7, 0xeb, 0xff, 0xc1, 0xe7, 0xef, 0xff, 0xb9, 0xe8, 0xf4, 0xff, 0xb7, 0xe8, 0xf5, 0xff, 0xbb, 0xe7, 0xf2, 0xff, 0xbc, 0xe7, 0xf1, 0xff, 0xba, 0xe8, 0xf2, 0xff, 0xb7, 0xe9, 0xf2, 0xff, 0xb5, 0xe9, 0xf2, 0xff, 0xb4, 0xe9, 0xf2, 0xff, 0xb3, 0xe8, 0xf1, 0xff, 0xb4, 0xe8, 0xf1, 0xff, 0xb6, 0xe8, 0xf0, 0xff, 0xb8, 0xe8, 0xef, 0xff, 0xb9, 0xe9, 0xee, 0xff, 0xb9, 0xe9, 0xee, 0xff, 0xb7, 0xea, 0xed, 0xff, 0xb6, 0xeb, 0xee, 0xff, 0xb5, 0xed, 0xee, 0xff, 0xb3, 0xed, 0xee, 0xff, 0xae, 0xea, 0xea, 0xff, 0xb0, 0xec, 0xf1, 0xff, 0xb2, 0xeb, 0xfb, 0xff, 0x9a, 0xe6, 0xff, 0xff, 0x69, 0xdf, 0xfc, 0xff, 0x3d, 0xd8, 0xf8, 0xff, 0x1a, 0xd7, 0xf8, 0xff, 0x0c, 0xd8, 0xfa, 0xff, 0x0f, 0xd9, 0xfd, 0xff, 0x0e, 0xd9, 0xfe, 0xff, 0x0b, 0xda, 0xfd, 0xff, 0x08, 0xdb, 0xfe, 0xff, 0x05, 0xdb, 0xff, 0xff, 0x08, 0xd9, 0xff, 0xff, 0x10, 0xd7, 0xff, 0xff, 0x11, 0xd6, 0xff, 0xff, 0x0c, 0xd8, 0xff, 0xff, 0x0a, 0xd9, 0xff, 0xff, 0x0a, 0xd9, 0xff, 0xff, 0x0a, 0xd9, 0xff, 0xff, 0x0a, 0xd9, 0xff, 0xff, 0x0a, 0xd9, 0xff, 0xff, 0x0a, 0xd9, 0xff, 0xff, 0x0a, 0xd9, 0xff, 0xff, 0x0a, 0xd9, 0xff, 0xff, 0x0a, 0xd9, 0xff, 0xff, 0x0a, 0xd9, 0xff, 0xff, 0x0a, 0xd9, 0xff, 0xff, 0x0a, 0xd9, 0xff, 0xff, 0x0a, 0xd9, 0xff, 0xff, 0x0a, 0xd9, 0xff, 0xff, 0x0a, 0xd9, 0xff, 0xff, 0x0b, 0xda, 0xfd, 0xff, 0x0b, 0xda, 0xfd, 0xff, 0x0b, 0xda, 0xff, 0xff, 0x0c, 0xd7, 0xfb, 0xff, 0x14, 0xd8, 0xf4, 0xff, 0x42, 0xe3, 0xe8, 0xff, 0x98, 0xf9, 0xd7, 0xff, 0xb9, 0xfb, 0xc6, 0xff, 
  0xc0, 0xff, 0xc0, 0xff, 0xc0, 0xff, 0xc0, 0xff, 0xc0, 0xff, 0xc0, 0xff, 0xc0, 0xff, 0xc0, 0xff, 0xc0, 0xff, 0xc0, 0xff, 0xc0, 0xff, 0xc0, 0xff, 0xc0, 0xff, 0xc0, 0xff, 0xc0, 0xff, 0xc0, 0xff, 0xc0, 0xff, 0xc0, 0xff, 0xc0, 0xff, 0xc0, 0xff, 0xc0, 0xff, 0xc0, 0xff, 0xc0, 0xff, 0xc0, 0xff, 0xc0, 0xff, 0xc0, 0xff, 0xc0, 0xff, 0xc0, 0xff, 0xc0, 0xff, 0xc0, 0xff, 0xc0, 0xff, 0xc1, 0xff, 0xc1, 0xfe, 0xc1, 0xff, 0xc1, 0xfe, 0xc2, 0xff, 0xc1, 0xfe, 0xc1, 0xff, 0xc0, 0xff, 0xc1, 0xff, 0xbf, 0xff, 0xc0, 0xff, 0xbe, 0xff, 0xc0, 0xff, 0xbf, 0xff, 0xc0, 0xff, 0xbf, 0xff, 0xc0, 0xff, 0xc0, 0xff, 0xc1, 0xff, 0xc1, 0xfe, 0xc2, 0xff, 0xc2, 0xfd, 0xc3, 0xff, 0xc4, 0xfc, 0xc5, 0xff, 0xc5, 0xfa, 0xc7, 0xff, 0xc7, 0xfa, 0xc8, 0xff, 0xc8, 0xf9, 0xc9, 0xff, 0xc8, 0xf9, 0xc9, 0xff, 0xc8, 0xf8, 0xca, 0xff, 0xc8, 0xf8, 0xca, 0xff, 0xc8, 0xf8, 0xca, 0xff, 0xc7, 0xf9, 0xc9, 0xff, 0xc6, 0xfa, 0xc8, 0xff, 0xc4, 0xfb, 0xc6, 0xff, 0xc2, 0xfd, 0xc4, 0xff, 0xc0, 0xfe, 0xc2, 0xff, 0xbe, 0xff, 0xc0, 0xff, 0xbe, 0xff, 0xc0, 0xff, 0xbf, 0xfe, 0xc2, 0xff, 0xc2, 0xfd, 0xc4, 0xff, 0xc4, 0xfb, 0xc7, 0xff, 0xc9, 0xf9, 0xcb, 0xff, 0xcf, 0xfa, 0xd1, 0xff, 0xd8, 0xfa, 0xd8, 0xff, 0xde, 0xf5, 0xdd, 0xff, 0xe1, 0xf2, 0xe0, 0xff, 0xe3, 0xf3, 0xe2, 0xff, 0xe3, 0xf2, 0xe3, 0xff, 0xe4, 0xf1, 0xe4, 0xff, 0xe5, 0xf1, 0xe5, 0xff, 0xe5, 0xf0, 0xe6, 0xff, 0xe4, 0xf0, 0xe6, 0xff, 0xe1, 0xee, 0xe5, 0xff, 0xe0, 0xf0, 0xe9, 0xff, 0xda, 0xef, 0xea, 0xff, 0xcf, 0xeb, 0xe9, 0xff, 0xc5, 0xe8, 0xeb, 0xff, 0xbe, 0xe8, 0xef, 0xff, 0xb9, 0xe9, 0xf4, 0xff, 0xb7, 0xe9, 0xf5, 0xff, 0xb7, 0xe8, 0xf1, 0xff, 0xb8, 0xe8, 0xf0, 0xff, 0xb7, 0xe8, 0xf0, 0xff, 0xb6, 0xe8, 0xf0, 0xff, 0xb5, 0xe8, 0xf1, 0xff, 0xb5, 0xe8, 0xf2, 0xff, 0xb7, 0xe7, 0xf2, 0xff, 0xb9, 0xe7, 0xf2, 0xff, 0xbb, 0xe8, 0xf2, 0xff, 0xbd, 0xe8, 0xf1, 0xff, 0xbc, 0xe8, 0xef, 0xff, 0xbb, 0xe8, 0xee, 0xff, 0xba, 0xea, 0xee, 0xff, 0xb8, 0xeb, 0xee, 0xff, 0xb6, 0xec, 0xed, 0xff, 0xb5, 0xeb, 0xeb, 0xff, 0xbb, 0xee, 0xed, 0xff, 0xb8, 0xe9, 0xeb, 0xff, 0xb8, 0xe6, 0xf1, 0xff, 0xaf, 0xe9, 0xfb, 0xff, 0x93, 0xe7, 0xff, 0xff, 0x67, 0xdf, 0xfb, 0xff, 0x33, 0xd9, 0xf6, 0xff, 0x18, 0xd8, 0xf6, 0xff, 0x14, 0xd8, 0xfb, 0xff, 0x0f, 0xd8, 0xfd, 0xff, 0x09, 0xd8, 0xfe, 0xff, 0x05, 0xd9, 0xff, 0xff, 0x02, 0xd9, 0xff, 0xff, 0x05, 0xd9, 0xff, 0xff, 0x0e, 0xd7, 0xff, 0xff, 0x10, 0xd6, 0xff, 0xff, 0x0c, 0xd7, 0xff, 0xff, 0x09, 0xd8, 0xff, 0xff, 0x09, 0xd8, 0xff, 0xff, 0x09, 0xd8, 0xff, 0xff, 0x09, 0xd8, 0xff, 0xff, 0x09, 0xd8, 0xff, 0xff, 0x09, 0xd8, 0xff, 0xff, 0x09, 0xd8, 0xff, 0xff, 0x09, 0xd8, 0xff, 0xff, 0x09, 0xd8, 0xff, 0xff, 0x09, 0xd8, 0xff, 0xff, 0x09, 0xd8, 0xff, 0xff, 0x09, 0xd8, 0xff, 0xff, 0x09, 0xd8, 0xff, 0xff, 0x09, 0xd8, 0xff, 0xff, 0x09, 0xd8, 0xfe, 0xff, 0x09, 0xda, 0xfe, 0xff, 0x0a, 0xda, 0xfe, 0xff, 0x0b, 0xd9, 0xff, 0xff, 0x0a, 0xd6, 0xfe, 0xff, 0x0b, 0xd5, 0xfd, 0xff, 0x30, 0xda, 0xeb, 0xff, 0x8e, 0xf9, 0xdf, 0xff, 0xb0, 0xfb, 0xcb, 0xff, 
  0xc0, 0xff, 0xc0, 0xff, 0xc0, 0xff, 0xc0, 0xff, 0xc0, 0xff, 0xc0, 0xff, 0xc0, 0xff, 0xc0, 0xff, 0xc0, 0xff, 0xc0, 0xff, 0xc0, 0xff, 0xc0, 0xff, 0xc0, 0xff, 0xc0, 0xff, 0xc0, 0xff, 0xc0, 0xff, 0xc0, 0xff, 0xc0, 0xff, 0xc0, 0xff, 0xc0, 0xff, 0xc0, 0xff, 0xc0, 0xff, 0xc0, 0xff, 0xc0, 0xff, 0xc0, 0xff, 0xc0, 0xff, 0xc0, 0xff, 0xc0, 0xff, 0xc0, 0xff, 0xc0, 0xff, 0xbf, 0xff, 0xc0, 0xff, 0xbe, 0xff, 0xbf, 0xff, 0xbe, 0xff, 0xbf, 0xff, 0xbf, 0xff, 0xc0, 0xff, 0xbf, 0xff, 0xc0, 0xff, 0xbe, 0xff, 0xc0, 0xff, 0xbf, 0xff, 0xc1, 0xff, 0xc0, 0xfe, 0xc2, 0xff, 0xc2, 0xfd, 0xc3, 0xff, 0xc4, 0xfc, 0xc4, 0xff, 0xc6, 0xfb, 0xc6, 0xff, 0xc8, 0xf9, 0xc8, 0xff, 0xcb, 0xf9, 0xcb, 0xff, 0xcd, 0xf8, 0xcd, 0xff, 0xcf, 0xf8, 0xcf, 0xff, 0xd1, 0xf7, 0xd0, 0xff, 0xd1, 0xf6, 0xd1, 0xff, 0xd0, 0xf6, 0xd2, 0xff, 0xcf, 0xf6, 0xd2, 0xff, 0xce, 0xf6, 0xd0, 0xff, 0xcc, 0xf5, 0xce, 0xff, 0xcb, 0xf7, 0xcc, 0xff, 0xc8, 0xf7, 0xc9, 0xff, 0xc5, 0xf8, 0xc6, 0xff, 0xc3, 0xf9, 0xc4, 0xff, 0xc2, 0xfb, 0xc4, 0xff, 0xc2, 0xfb, 0xc4, 0xff, 0xc3, 0xfa, 0xc5, 0xff, 0xc5, 0xf8, 0xc7, 0xff, 0xcb, 0xf8, 0xcd, 0xff, 0xd0, 0xf8, 0xd2, 0xff, 0xd6, 0xf8, 0xd7, 0xff, 0xda, 0xf5, 0xda, 0xff, 0xe0, 0xf3, 0xdf, 0xff, 0xe3, 0xf1, 0xe2, 0xff, 0xe2, 0xf1, 0xe2, 0xff, 0xe2, 0xf1, 0xe3, 0xff, 0xe3, 0xf0, 0xe3, 0xff, 0xe4, 0xf0, 0xe4, 0xff, 0xe4, 0xf0, 0xe4, 0xff, 0xe3, 0xf0, 0xe5, 0xff, 0xe0, 0xef, 0xe6, 0xff, 0xdd, 0xf0, 0xe9, 0xff, 0xd6, 0xf0, 0xea, 0xff, 0xcc, 0xec, 0xea, 0xff, 0xc1, 0xe9, 0xea, 0xff, 0xba, 0xe9, 0xee, 0xff, 0xb7, 0xe9, 0xf2, 0xff, 0xb4, 0xe9, 0xf2, 0xff, 0xb5, 0xea, 0xf0, 0xff, 0xb5, 0xeb, 0xef, 0xff, 0xb5, 0xea, 0xf0, 0xff, 0xb6, 0xea, 0xf1, 0xff, 0xb8, 0xe9, 0xf2, 0xff, 0xba, 0xe8, 0xf3, 0xff, 0xbd, 0xe7, 0xf3, 0xff, 0xbf, 0xe7, 0xf4, 0xff, 0xc1, 0xe6, 0xf3, 0xff, 0xc2, 0xe6, 0xf3, 0xff, 0xc2, 0xe7, 0xf2, 0xff, 0xc1, 0xe7, 0xf1, 0xff, 0xbf, 0xe8, 0xf0, 0xff, 0xbd, 0xe9, 0xf0, 0xff, 0xba, 0xea, 0xef, 0xff, 0xbb, 0xea, 0xee, 0xff, 0xbe, 0xe8, 0xea, 0xff, 0xbf, 0xeb, 0xee, 0xff, 0xb8, 0xeb, 0xf0, 0xff, 0xaf, 0xe6, 0xf0, 0xff, 0xad, 0xe6, 0xf8, 0xff, 0x97, 0xe8, 0xff, 0xff, 0x63, 0xe2, 0xfb, 0xff, 0x33, 0xd6, 0xf3, 0xff, 0x17, 0xd3, 0xf5, 0xff, 0x12, 0xdd, 0xff, 0xff, 0x05, 0xd4, 0xfd, 0xff, 0x08, 0xdc, 0xff, 0xff, 0x00, 0xd7, 0xff, 0xff, 0x02, 0xd8, 0xff, 0xff, 0x0f, 0xda, 0xff, 0xff, 0x0c, 0xd4, 0xfb, 0xff, 0x09, 0xd5, 0xfd, 0xff, 0x07, 0xd6, 0xfe, 0xff, 0x07, 0xd6, 0xfe, 0xff, 0x07, 0xd6, 0xfe, 0xff, 0x07, 0xd6, 0xfe, 0xff, 0x07, 0xd6, 0xfe, 0xff, 0x07, 0xd6, 0xfe, 0xff, 0x07, 0xd6, 0xfe, 0xff, 0x07, 0xd6, 0xfe, 0xff, 0x07, 0xd6, 0xfe, 0xff, 0x07, 0xd6, 0xfe, 0xff, 0x07, 0xd6, 0xfe, 0xff, 0x07, 0xd6, 0xfe, 0xff, 0x07, 0xd6, 0xfe, 0xff, 0x07, 0xd6, 0xfe, 0xff, 0x06, 0xd6, 0xfd, 0xff, 0x07, 0xd9, 0xfd, 0xff, 0x08, 0xd9, 0xfe, 0xff, 0x0a, 0xd5, 0xfd, 0xff, 0x0d, 0xd6, 0xff, 0xff, 0x08, 0xd4, 0xff, 0xff, 0x28, 0xd8, 0xf2, 0xff, 0x79, 0xed, 0xda, 0xff, 0xa7, 0xfc, 0xd2, 0xff, 
  0xc0, 0xff, 0xc0, 0xff, 0xc0, 0xff, 0xc0, 0xff, 0xc0, 0xff, 0xc0, 0xff, 0xc0, 0xff, 0xc0, 0xff, 0xc0, 0xff, 0xc0, 0xff, 0xc0, 0xff, 0xc0, 0xff, 0xc0, 0xff, 0xc0, 0xff, 0xc0, 0xff, 0xc0, 0xff, 0xc0, 0xff, 0xc0, 0xff, 0xc0, 0xff, 0xc0, 0xff, 0xc0, 0xff, 0xc0, 0xff, 0xc0, 0xff, 0xc0, 0xff, 0xc0, 0xff, 0xc0, 0xff, 0xc0, 0xff, 0xc0, 0xff, 0xc0, 0xff, 0xc0, 0xff, 0xbf, 0xff, 0xc0, 0xff, 0xbd, 0xff, 0xbe, 0xff, 0xbc, 0xff, 0xbe, 0xff, 0xbd, 0xff, 0xbf, 0xff, 0xbe, 0xff, 0xc0, 0xff, 0xbf, 0xfe, 0xc1, 0xff, 0xc1, 0xfd, 0xc3, 0xff, 0xc3, 0xfc, 0xc4, 0xff, 0xc4, 0xfa, 0xc5, 0xff, 0xc7, 0xf8, 0xc7, 0xff, 0xcb, 0xf8, 0xca, 0xff, 0xce, 0xf7, 0xce, 0xff, 0xd3, 0xf7, 0xd2, 0xff, 0xd6, 0xf8, 0xd6, 0xff, 0xda, 0xf9, 0xda, 0xff, 0xdd, 0xf9, 0xdb, 0xff, 0xdd, 0xfa, 0xdd, 0xff, 0xd9, 0xf8, 0xdb, 0xff, 0xd9, 0xf8, 0xdb, 0xff, 0xd8, 0xf7, 0xda, 0xff, 0xd7, 0xf8, 0xd8, 0xff, 0xd6, 0xf9, 0xd7, 0xff, 0xd3, 0xfa, 0xd4, 0xff, 0xd2, 0xfb, 0xd2, 0xff, 0xd0, 0xfc, 0xd0, 0xff, 0xca, 0xf9, 0xcb, 0xff, 0xc7, 0xf7, 0xc8, 0xff, 0xc8, 0xf7, 0xca, 0xff, 0xcb, 0xf6, 0xcd, 0xff, 0xd2, 0xf8, 0xd4, 0xff, 0xd8, 0xf8, 0xd9, 0xff, 0xdc, 0xf7, 0xdd, 0xff, 0xdf, 0xf4, 0xdf, 0xff, 0xe2, 0xf1, 0xe1, 0xff, 0xe3, 0xf1, 0xe3, 0xff, 0xe2, 0xf1, 0xe3, 0xff, 0xe2, 0xf1, 0xe3, 0xff, 0xe3, 0xf1, 0xe3, 0xff, 0xe3, 0xf0, 0xe3, 0xff, 0xe4, 0xf0, 0xe3, 0xff, 0xe2, 0xf0, 0xe4, 0xff, 0xdf, 0xef, 0xe5, 0xff, 0xda, 0xf0, 0xe8, 0xff, 0xd1, 0xef, 0xe9, 0xff, 0xc7, 0xec, 0xe9, 0xff, 0xbd, 0xea, 0xea, 0xff, 0xb8, 0xe9, 0xed, 0xff, 0xb7, 0xea, 0xf1, 0xff, 0xb5, 0xea, 0xf1, 0xff, 0xb4, 0xea, 0xee, 0xff, 0xb4, 0xea, 0xee, 0xff, 0xb5, 0xe9, 0xee, 0xff, 0xb6, 0xe9, 0xef, 0xff, 0xb7, 0xe8, 0xf1, 0xff, 0xb9, 0xe7, 0xf2, 0xff, 0xbc, 0xe6, 0xf3, 0xff, 0xbe, 0xe5, 0xf3, 0xff, 0xbe, 0xe5, 0xf3, 0xff, 0xbf, 0xe5, 0xf3, 0xff, 0xbf, 0xe5, 0xf3, 0xff, 0xbe, 0xe6, 0xf2, 0xff, 0xbd, 0xe6, 0xf1, 0xff, 0xbb, 0xe7, 0xf1, 0xff, 0xb9, 0xe8, 0xf0, 0xff, 0xbb, 0xe8, 0xef, 0xff, 0xc0, 0xe7, 0xec, 0xff, 0xc1, 0xea, 0xee, 0xff, 0xb7, 0xec, 0xef, 0xff, 0xb4, 0xea, 0xee, 0xff, 0xbb, 0xe8, 0xf2, 0xff, 0xaf, 0xe9, 0xf9, 0xff, 0x8a, 0xe5, 0xfa, 0xff, 0x5e, 0xdf, 0xf9, 0xff, 0x2c, 0xd6, 0xf6, 0xff, 0x0f, 0xd3, 0xf8, 0xff, 0x09, 0xd7, 0xff, 0xff, 0x03, 0xd7, 0xff, 0xff, 0x00, 0xd6, 0xff, 0xff, 0x02, 0xd6, 0xfe, 0xff, 0x0b, 0xd7, 0xfc, 0xff, 0x0c, 0xd6, 0xfa, 0xff, 0x0a, 0xd7, 0xfe, 0xff, 0x08, 0xd6, 0xff, 0xff, 0x08, 0xd6, 0xff, 0xff, 0x08, 0xd6, 0xff, 0xff, 0x08, 0xd6, 0xff, 0xff, 0x08, 0xd6, 0xff, 0xff, 0x08, 0xd6, 0xff, 0xff, 0x08, 0xd6, 0xff, 0xff, 0x08, 0xd6, 0xff, 0xff, 0x08, 0xd6, 0xff, 0xff, 0x08, 0xd6, 0xff, 0xff, 0x08, 0xd6, 0xff, 0xff, 0x08, 0xd6, 0xff, 0xff, 0x08, 0xd6, 0xff, 0xff, 0x08, 0xd6, 0xff, 0xff, 0x07, 0xd7, 0xfe, 0xff, 0x05, 0xd8, 0xfd, 0xff, 0x07, 0xd8, 0xfd, 0xff, 0x0c, 0xd5, 0xfd, 0xff, 0x0d, 0xd4, 0xff, 0xff, 0x06, 0xd3, 0xff, 0xff, 0x22, 0xd6, 0xf6, 0xff, 0x6e, 0xea, 0xde, 0xff, 0x9a, 0xfa, 0xd8, 0xff, 
  0xc0, 0xff, 0xc0, 0xff, 0xc0, 0xff, 0xc0, 0xff, 0xc0, 0xff, 0xc0, 0xff, 0xc0, 0xff, 0xc0, 0xff, 0xc0, 0xff, 0xc0, 0xff, 0xc0, 0xff, 0xc0, 0xff, 0xc0, 0xff, 0xc0, 0xff, 0xc0, 0xff, 0xc0, 0xff, 0xc0, 0xff, 0xc0, 0xff, 0xc0, 0xff, 0xc0, 0xff, 0xc0, 0xff, 0xc0, 0xff, 0xc0, 0xff, 0xc0, 0xff, 0xc0, 0xff, 0xc0, 0xff, 0xc0, 0xff, 0xc0, 0xff, 0xc0, 0xff, 0xc0, 0xff, 0xbf, 0xff, 0xbf, 0xff, 0xbc, 0xff, 0xbe, 0xff, 0xbc, 0xff, 0xbe, 0xff, 0xbd, 0xff, 0xbf, 0xff, 0xbf, 0xfe, 0xc1, 0xff, 0xc2, 0xfd, 0xc4, 0xff, 0xc5, 0xfb, 0xc6, 0xff, 0xc8, 0xf9, 0xc8, 0xff, 0xcb, 0xf7, 0xcb, 0xff, 0xd2, 0xfb, 0xd2, 0xff, 0xd5, 0xf9, 0xd5, 0xff, 0xd8, 0xf7, 0xd8, 0xff, 0xdb, 0xf6, 0xdb, 0xff, 0xde, 0xf6, 0xde, 0xff, 0xdf, 0xf5, 0xdf, 0xff, 0xe1, 0xf6, 0xe0, 0xff, 0xe1, 0xf6, 0xe0, 0xff, 0xdd, 0xf5, 0xdf, 0xff, 0xdc, 0xf6, 0xdf, 0xff, 0xdd, 0xf6, 0xdf, 0xff, 0xdd, 0xf6, 0xde, 0xff, 0xdd, 0xf7, 0xdc, 0xff, 0xdd, 0xf9, 0xdc, 0xff, 0xdb, 0xfa, 0xda, 0xff, 0xd9, 0xfb, 0xd9, 0xff, 0xd4, 0xf9, 0xd4, 0xff, 0xd0, 0xf7, 0xd1, 0xff, 0xcf, 0xf4, 0xd0, 0xff, 0xd2, 0xf5, 0xd4, 0xff, 0xd9, 0xf7, 0xdb, 0xff, 0xdf, 0xf8, 0xe0, 0xff, 0xe1, 0xf5, 0xe2, 0xff, 0xe1, 0xf2, 0xe1, 0xff, 0xe3, 0xf1, 0xe3, 0xff, 0xe3, 0xf0, 0xe3, 0xff, 0xe1, 0xf1, 0xe3, 0xff, 0xe1, 0xf1, 0xe2, 0xff, 0xe1, 0xf1, 0xe2, 0xff, 0xe2, 0xf1, 0xe2, 0xff, 0xe3, 0xf1, 0xe3, 0xff, 0xe2, 0xf0, 0xe4, 0xff, 0xde, 0xef, 0xe5, 0xff, 0xd9, 0xf0, 0xe8, 0xff, 0xcf, 0xef, 0xea, 0xff, 0xc3, 0xeb, 0xe8, 0xff, 0xba, 0xe9, 0xe9, 0xff, 0xb7, 0xea, 0xed, 0xff, 0xb7, 0xea, 0xf0, 0xff, 0xb7, 0xe8, 0xf0, 0xff, 0xb8, 0xe9, 0xee, 0xff, 0xb8, 0xe9, 0xee, 0xff, 0xb9, 0xe9, 0xee, 0xff, 0xb8, 0xe8, 0xef, 0xff, 0xb8, 0xe8, 0xf1, 0xff, 0xb7, 0xe7, 0xf2, 0xff, 0xb8, 0xe6, 0xf3, 0xff, 0xb7, 0xe6, 0xf4, 0xff, 0xb6, 0xe6, 0xf4, 0xff, 0xb6, 0xe6, 0xf4, 0xff, 0xb6, 0xe6, 0xf4, 0xff, 0xb5, 0xe7, 0xf4, 0xff, 0xb4, 0xe7, 0xf3, 0xff, 0xb3, 0xe7, 0xf3, 0xff, 0xb3, 0xe8, 0xf2, 0xff, 0xb6, 0xe8, 0xf1, 0xff, 0xbc, 0xe6, 0xef, 0xff, 0xbe, 0xe9, 0xf0, 0xff, 0xb8, 0xec, 0xef, 0xff, 0xb5, 0xeb, 0xee, 0xff, 0xb9, 0xea, 0xee, 0xff, 0xb7, 0xe9, 0xf2, 0xff, 0xae, 0xe6, 0xf8, 0xff, 0x90, 0xe6, 0xff, 0xff, 0x4e, 0xdc, 0xfa, 0xff, 0x18, 0xcd, 0xf0, 0xff, 0x0e, 0xd9, 0xff, 0xff, 0x00, 0xd5, 0xff, 0xff, 0x03, 0xd7, 0xff, 0xff, 0x04, 0xd5, 0xfd, 0xff, 0x08, 0xd6, 0xf9, 0xff, 0x0b, 0xd8, 0xfb, 0xff, 0x09, 0xd7, 0xfe, 0xff, 0x08, 0xd6, 0xff, 0xff, 0x08, 0xd6, 0xff, 0xff, 0x08, 0xd6, 0xff, 0xff, 0x08, 0xd6, 0xff, 0xff, 0x08, 0xd6, 0xff, 0xff, 0x08, 0xd6, 0xff, 0xff, 0x08, 0xd6, 0xff, 0xff, 0x08, 0xd6, 0xff, 0xff, 0x08, 0xd6, 0xff, 0xff, 0x08, 0xd6, 0xff, 0xff, 0x08, 0xd6, 0xff, 0xff, 0x08, 0xd6, 0xff, 0xff, 0x08, 0xd6, 0xff, 0xff, 0x08, 0xd6, 0xff, 0xff, 0x07, 0xd7, 0xfe, 0xff, 0x04, 0xd8, 0xfe, 0xff, 0x07, 0xd7, 0xfe, 0xff, 0x0d, 0xd4, 0xfd, 0xff, 0x0d, 0xd3, 0xff, 0xff, 0x07, 0xd2, 0xff, 0xff, 0x1f, 0xd5, 0xf6, 0xff, 0x61, 0xe4, 0xdf, 0xff, 0x8e, 0xf7, 0xdf, 0xff, 
  0xc0, 0xff, 0xc0, 0xff, 0xc0, 0xff, 0xc0, 0xff, 0xc0, 0xff, 0xc0, 0xff, 0xc0, 0xff, 0xc0, 0xff, 0xc0, 0xff, 0xc0, 0xff, 0xc0, 0xff, 0xc0, 0xff, 0xc0, 0xff, 0xc0, 0xff, 0xc0, 0xff, 0xc0, 0xff, 0xc0, 0xff, 0xc0, 0xff, 0xc0, 0xff, 0xc0, 0xff, 0xc0, 0xff, 0xc0, 0xff, 0xc0, 0xff, 0xc0, 0xff, 0xc0, 0xff, 0xc0, 0xff, 0xc0, 0xff, 0xc0, 0xff, 0xc0, 0xff, 0xc0, 0xff, 0xbf, 0xff, 0xc0, 0xff, 0xbd, 0xff, 0xbe, 0xff, 0xbd, 0xff, 0xbf, 0xff, 0xbe, 0xfe, 0xc0, 0xff, 0xc2, 0xfd, 0xc3, 0xff, 0xc5, 0xfb, 0xc7, 0xff, 0xca, 0xf9, 0xcb, 0xff, 0xd0, 0xf9, 0xd0, 0xff, 0xd5, 0xf8, 0xd4, 0xff, 0xdb, 0xfa, 0xdb, 0xff, 0xde, 0xf8, 0xdd, 0xff, 0xdf, 0xf5, 0xdf, 0xff, 0xe0, 0xf4, 0xe0, 0xff, 0xe1, 0xf2, 0xe0, 0xff, 0xe0, 0xf1, 0xe0, 0xff, 0xe1, 0xf1, 0xe0, 0xff, 0xdf, 0xf0, 0xdf, 0xff, 0xde, 0xf1, 0xe0, 0xff, 0xdd, 0xf2, 0xe0, 0xff, 0xde, 0xf1, 0xe0, 0xff, 0xdf, 0xf1, 0xdf, 0xff, 0xdf, 0xf2, 0xde, 0xff, 0xdf, 0xf4, 0xde, 0xff, 0xde, 0xf5, 0xdd, 0xff, 0xdc, 0xf6, 0xdb, 0xff, 0xdc, 0xf8, 0xdb, 0xff, 0xd9, 0xf6, 0xd8, 0xff, 0xd8, 0xf5, 0xd8, 0xff, 0xda, 0xf5, 0xda, 0xff, 0xdd, 0xf4, 0xde, 0xff, 0xe0, 0xf4, 0xe1, 0xff, 0xe2, 0xf2, 0xe3, 0xff, 0xe2, 0xef, 0xe2, 0xff, 0xe3, 0xf0, 0xe4, 0xff, 0xe3, 0xf0, 0xe4, 0xff, 0xe0, 0xf1, 0xe3, 0xff, 0xdf, 0xf2, 0xe2, 0xff, 0xe0, 0xf2, 0xe1, 0xff, 0xe1, 0xf2, 0xe1, 0xff, 0xe3, 0xf1, 0xe2, 0xff, 0xe2, 0xf0, 0xe4, 0xff, 0xdf, 0xf0, 0xe6, 0xff, 0xd8, 0xf0, 0xe9, 0xff, 0xcb, 0xee, 0xea, 0xff, 0xbf, 0xea, 0xe8, 0xff, 0xb9, 0xe9, 0xea, 0xff, 0xb7, 0xe9, 0xee, 0xff, 0xb8, 0xe8, 0xf0, 0xff, 0xb9, 0xe8, 0xf0, 0xff, 0xba, 0xe8, 0xef, 0xff, 0xbb, 0xe8, 0xef, 0xff, 0xbb, 0xe8, 0xef, 0xff, 0xba, 0xe8, 0xf0, 0xff, 0xb9, 0xe7, 0xf1, 0xff, 0xb8, 0xe7, 0xf2, 0xff, 0xb7, 0xe7, 0xf3, 0xff, 0xb6, 0xe7, 0xf4, 0xff, 0xb4, 0xe7, 0xf4, 0xff, 0xb3, 0xe7, 0xf4, 0xff, 0xb4, 0xe7, 0xf4, 0xff, 0xb4, 0xe7, 0xf4, 0xff, 0xb4, 0xe7, 0xf4, 0xff, 0xb4, 0xe7, 0xf4, 0xff, 0xb4, 0xe7, 0xf3, 0xff, 0xb7, 0xe7, 0xf3, 0xff, 0xbd, 0xe7, 0xf3, 0xff, 0xbc, 0xe7, 0xf1, 0xff, 0xb7, 0xe9, 0xee, 0xff, 0xb5, 0xea, 0xec, 0xff, 0xb6, 0xeb, 0xeb, 0xff, 0xb8, 0xe8, 0xed, 0xff, 0xbe, 0xe5, 0xf4, 0xff, 0xab, 0xe7, 0xfe, 0xff, 0x78, 0xe6, 0xff, 0xff, 0x38, 0xd3, 0xf4, 0xff, 0x16, 0xd7, 0xfb, 0xff, 0x05, 0xd8, 0xfe, 0xff, 0x07, 0xd6, 0xff, 0xff, 0x08, 0xd5, 0xfd, 0xff, 0x0a, 0xd7, 0xfc, 0xff, 0x0a, 0xd8, 0xfc, 0xff, 0x09, 0xd7, 0xfe, 0xff, 0x08, 0xd6, 0xff, 0xff, 0x08, 0xd6, 0xff, 0xff, 0x08, 0xd6, 0xff, 0xff, 0x08, 0xd6, 0xff, 0xff, 0x08, 0xd6, 0xff, 0xff, 0x08, 0xd6, 0xff, 0xff, 0x08, 0xd6, 0xff, 0xff, 0x08, 0xd6, 0xff, 0xff, 0x08, 0xd6, 0xff, 0xff, 0x08, 0xd6, 0xff, 0xff, 0x08, 0xd6, 0xff, 0xff, 0x08, 0xd6, 0xff, 0xff, 0x08, 0xd6, 0xff, 0xff, 0x08, 0xd6, 0xff, 0xff, 0x07, 0xd7, 0xff, 0xff, 0x05, 0xd7, 0xfe, 0xff, 0x07, 0xd7, 0xfe, 0xff, 0x0e, 0xd5, 0xff, 0xff, 0x0d, 0xd3, 0xff, 0xff, 0x08, 0xd3, 0xff, 0xff, 0x1e, 0xd5, 0xf6, 0xff, 0x56, 0xdf, 0xe0, 0xff, 0x83, 0xf6, 0xe6, 0xff, 
  0xc0, 0xff, 0xc0, 0xff, 0xc0, 0xff, 0xc0, 0xff, 0xc0, 0xff, 0xc0, 0xff, 0xc0, 0xff, 0xc0, 0xff, 0xc0, 0xff, 0xc0, 0xff, 0xc0, 0xff, 0xc0, 0xff, 0xc0, 0xff, 0xc0, 0xff, 0xc0, 0xff, 0xc0, 0xff, 0xc0, 0xff, 0xc0, 0xff, 0xc0, 0xff, 0xc0, 0xff, 0xc0, 0xff, 0xc0, 0xff, 0xc0, 0xff, 0xc0, 0xff, 0xc0, 0xff, 0xc0, 0xff, 0xc0, 0xff, 0xc0, 0xff, 0xc0, 0xff, 0xc0, 0xff, 0xbf, 0xff, 0xc0, 0xff, 0xbf, 0xff, 0xc0, 0xff, 0xbf, 0xfd, 0xc0, 0xff, 0xc1, 0xfc, 0xc3, 0xff, 0xc4, 0xfa, 0xc6, 0xff, 0xcb, 0xf9, 0xcb, 0xff, 0xd1, 0xf8, 0xd1, 0xff, 0xd9, 0xf8, 0xd8, 0xff, 0xde, 0xf7, 0xdd, 0xff, 0xde, 0xf3, 0xdd, 0xff, 0xe0, 0xf1, 0xdf, 0xff, 0xe3, 0xf1, 0xe2, 0xff, 0xe3, 0xf1, 0xe2, 0xff, 0xe3, 0xf1, 0xe3, 0xff, 0xe3, 0xf1, 0xe3, 0xff, 0xe2, 0xf1, 0xe2, 0xff, 0xe1, 0xf1, 0xe2, 0xff, 0xe0, 0xf1, 0xe3, 0xff, 0xe0, 0xf1, 0xe3, 0xff, 0xe2, 0xf0, 0xe4, 0xff, 0xe3, 0xf0, 0xe3, 0xff, 0xe3, 0xf1, 0xe3, 0xff, 0xe3, 0xf1, 0xe1, 0xff, 0xe2, 0xf2, 0xe0, 0xff, 0xe1, 0xf3, 0xdf, 0xff, 0xe0, 0xf4, 0xdd, 0xff, 0xe0, 0xf6, 0xde, 0xff, 0xdf, 0xf6, 0xde, 0xff, 0xdf, 0xf4, 0xde, 0xff, 0xe0, 0xf2, 0xe0, 0xff, 0xe0, 0xf0, 0xe1, 0xff, 0xe3, 0xf0, 0xe4, 0xff, 0xe3, 0xf0, 0xe5, 0xff, 0xe4, 0xef, 0xe5, 0xff, 0xe2, 0xf0, 0xe4, 0xff, 0xdf, 0xf1, 0xe3, 0xff, 0xde, 0xf2, 0xe2, 0xff, 0xdf, 0xf3, 0xe1, 0xff, 0xe0, 0xf2, 0xe1, 0xff, 0xe4, 0xf1, 0xe2, 0xff, 0xe3, 0xf0, 0xe4, 0xff, 0xdf, 0xf0, 0xe6, 0xff, 0xd7, 0xf0, 0xe9, 0xff, 0xc9, 0xed, 0xea, 0xff, 0xbe, 0xea, 0xea, 0xff, 0xb8, 0xe8, 0xec, 0xff, 0xb8, 0xe9, 0xef, 0xff, 0xba, 0xe7, 0xf0, 0xff, 0xba, 0xe6, 0xf0, 0xff, 0xbd, 0xe8, 0xf2, 0xff, 0xbd, 0xe8, 0xf2, 0xff, 0xbd, 0xe8, 0xf2, 0xff, 0xbd, 0xe8, 0xf2, 0xff, 0xbc, 0xe8, 0xf2, 0xff, 0xbb, 0xe8, 0xf3, 0xff, 0xbb, 0xe8, 0xf3, 0xff, 0xba, 0xe8, 0xf3, 0xff, 0xb7, 0xe7, 0xf2, 0xff, 0xb7, 0xe7, 0xf3, 0xff, 0xb8, 0xe6, 0xf3, 0xff, 0xb9, 0xe6, 0xf3, 0xff, 0xbb, 0xe6, 0xf3, 0xff, 0xbc, 0xe5, 0xf3, 0xff, 0xbe, 0xe5, 0xf3, 0xff, 0xbe, 0xe5, 0xf3, 0xff, 0xbe, 0xe7, 0xf6, 0xff, 0xba, 0xe5, 0xf1, 0xff, 0xb6, 0xe6, 0xed, 0xff, 0xb6, 0xea, 0xed, 0xff, 0xb4, 0xeb, 0xec, 0xff, 0xb6, 0xe8, 0xed, 0xff, 0xbe, 0xe5, 0xf0, 0xff, 0xb5, 0xe5, 0xf8, 0xff, 0x9d, 0xe7, 0xff, 0xff, 0x67, 0xdc, 0xfb, 0xff, 0x21, 0xd2, 0xf0, 0xff, 0x0e, 0xda, 0xfb, 0xff, 0x0c, 0xd6, 0xfc, 0xff, 0x0b, 0xd5, 0xfd, 0xff, 0x0b, 0xd8, 0xff, 0xff, 0x07, 0xd5, 0xfe, 0xff, 0x08, 0xd6, 0xff, 0xff, 0x08, 0xd6, 0xff, 0xff, 0x08, 0xd6, 0xff, 0xff, 0x08, 0xd6, 0xff, 0xff, 0x08, 0xd6, 0xff, 0xff, 0x08, 0xd6, 0xff, 0xff, 0x08, 0xd6, 0xff, 0xff, 0x08, 0xd6, 0xff, 0xff, 0x08, 0xd6, 0xff, 0xff, 0x08, 0xd6, 0xff, 0xff, 0x08, 0xd6, 0xff, 0xff, 0x08, 0xd6, 0xff, 0xff, 0x08, 0xd6, 0xff, 0xff, 0x08, 0xd6, 0xff, 0xff, 0x08, 0xd6, 0xff, 0xff, 0x07, 0xd6, 0xff, 0xff, 0x06, 0xd7, 0xff, 0xff, 0x07, 0xd7, 0xff, 0xff, 0x0c, 0xd7, 0xff, 0xff, 0x0a, 0xd4, 0xfd, 0xff, 0x0a, 0xd6, 0xff, 0xff, 0x1e, 0xd6, 0xf3, 0xff, 0x4d, 0xdc, 0xe1, 0xff, 0x7c, 0xf5, 0xee, 0xff, 
  0xc0, 0xff, 0xc0, 0xff, 0xc0, 0xff, 0xc0, 0xff, 0xc0, 0xff, 0xc0, 0xff, 0xc0, 0xff, 0xc0, 0xff, 0xc0, 0xff, 0xc0, 0xff, 0xc0, 0xff, 0xc0, 0xff, 0xc0, 0xff, 0xc0, 0xff, 0xc0, 0xff, 0xc0, 0xff, 0xc0, 0xff, 0xc0, 0xff, 0xc0, 0xff, 0xc0, 0xff, 0xc0, 0xff, 0xc0, 0xff, 0xc0, 0xff, 0xc0, 0xff, 0xc0, 0xff, 0xc0, 0xff, 0xc0, 0xff, 0xc0, 0xff, 0xc0, 0xff, 0xc0, 0xff, 0xc0, 0xfe, 0xc1, 0xff, 0xc1, 0xfe, 0xc3, 0xff, 0xc2, 0xfc, 0xc4, 0xff, 0xc5, 0xfb, 0xc7, 0xff, 0xca, 0xf9, 0xcb, 0xff, 0xd1, 0xf8, 0xd1, 0xff, 0xd8, 0xf7, 0xd7, 0xff, 0xdf, 0xf6, 0xde, 0xff, 0xe3, 0xf4, 0xe2, 0xff, 0xe4, 0xf1, 0xe3, 0xff, 0xe5, 0xef, 0xe4, 0xff, 0xe6, 0xef, 0xe5, 0xff, 0xe5, 0xef, 0xe5, 0xff, 0xe5, 0xf1, 0xe5, 0xff, 0xe4, 0xf1, 0xe4, 0xff, 0xe3, 0xf2, 0xe4, 0xff, 0xe2, 0xf2, 0xe4, 0xff, 0xe1, 0xf2, 0xe5, 0xff, 0xe2, 0xf1, 0xe6, 0xff, 0xe4, 0xf0, 0xe6, 0xff, 0xe5, 0xf0, 0xe6, 0xff, 0xe6, 0xef, 0xe5, 0xff, 0xe6, 0xef, 0xe4, 0xff, 0xe5, 0xf0, 0xe3, 0xff, 0xe5, 0xf1, 0xe1, 0xff, 0xe1, 0xf0, 0xde, 0xff, 0xe2, 0xf3, 0xdf, 0xff, 0xe3, 0xf4, 0xe0, 0xff, 0xe2, 0xf3, 0xe1, 0xff, 0xe2, 0xf1, 0xe2, 0xff, 0xe2, 0xef, 0xe2, 0xff, 0xe4, 0xf1, 0xe6, 0xff, 0xe6, 0xf1, 0xe7, 0xff, 0xe4, 0xef, 0xe6, 0xff, 0xe2, 0xf0, 0xe5, 0xff, 0xdf, 0xf1, 0xe3, 0xff, 0xdd, 0xf2, 0xe2, 0xff, 0xde, 0xf3, 0xe0, 0xff, 0xe0, 0xf2, 0xe0, 0xff, 0xe4, 0xf1, 0xe2, 0xff, 0xe4, 0xf0, 0xe4, 0xff, 0xe0, 0xf0, 0xe8, 0xff, 0xd7, 0xef, 0xea, 0xff, 0xc9, 0xec, 0xeb, 0xff, 0xbd, 0xe8, 0xea, 0xff, 0xb9, 0xe8, 0xed, 0xff, 0xb9, 0xe8, 0xf0, 0xff, 0xbd, 0xe7, 0xf2, 0xff, 0xbc, 0xe5, 0xf1, 0xff, 0xbd, 0xe7, 0xf3, 0xff, 0xbd, 0xe7, 0xf3, 0xff, 0xbd, 0xe7, 0xf3, 0xff, 0xbe, 0xe7, 0xf3, 0xff, 0xbe, 0xe7, 0xf3, 0xff, 0xbe, 0xe7, 0xf2, 0xff, 0xbd, 0xe8, 0xf2, 0xff, 0xbc, 0xe8, 0xf2, 0xff, 0xba, 0xe7, 0xf1, 0xff, 0xba, 0xe7, 0xf1, 0xff, 0xba, 0xe7, 0xf2, 0xff, 0xbb, 0xe6, 0xf2, 0xff, 0xbd, 0xe6, 0xf2, 0xff, 0xbe, 0xe6, 0xf2, 0xff, 0xc0, 0xe5, 0xf2, 0xff, 0xbf, 0xe5, 0xf3, 0xff, 0xbf, 0xe7, 0xf6, 0xff, 0xba, 0xe5, 0xf2, 0xff, 0xb5, 0xe6, 0xef, 0xff, 0xb5, 0xe9, 0xef, 0xff, 0xb5, 0xec, 0xf0, 0xff, 0xb7, 0xea, 0xef, 0xff, 0xbe, 0xe7, 0xf0, 0xff, 0xba, 0xe4, 0xf4, 0xff, 0xae, 0xe5, 0xfc, 0xff, 0x8a, 0xe5, 0xff, 0xff, 0x3b, 0xd2, 0xed, 0xff, 0x1f, 0xd9, 0xf7, 0xff, 0x0d, 0xd4, 0xf7, 0xff, 0x09, 0xd6, 0xfe, 0xff, 0x09, 0xd8, 0xff, 0xff, 0x06, 0xd4, 0xff, 0xff, 0x08, 0xd6, 0xff, 0xff, 0x08, 0xd6, 0xff, 0xff, 0x08, 0xd6, 0xff, 0xff, 0x08, 0xd6, 0xff, 0xff, 0x08, 0xd6, 0xff, 0xff, 0x08, 0xd6, 0xff, 0xff, 0x08, 0xd6, 0xff, 0xff, 0x08, 0xd6, 0xff, 0xff, 0x08, 0xd6, 0xff, 0xff, 0x08, 0xd6, 0xff, 0xff, 0x08, 0xd6, 0xff, 0xff, 0x08, 0xd6, 0xff, 0xff, 0x08, 0xd6, 0xff, 0xff, 0x08, 0xd6, 0xff, 0xff, 0x08, 0xd6, 0xff, 0xff, 0x08, 0xd6, 0xff, 0xff, 0x06, 0xd5, 0xfe, 0xff, 0x07, 0xd5, 0xfe, 0xff, 0x0b, 0xd8, 0xff, 0xff, 0x07, 0xd4, 0xfb, 0xff, 0x0a, 0xd8, 0xfb, 0xff, 0x1d, 0xd8, 0xf1, 0xff, 0x46, 0xd8, 0xe1, 0xff, 0x76, 0xf4, 0xf5, 0xff, 
  0xc0, 0xff, 0xc0, 0xff, 0xc0, 0xff, 0xc0, 0xff, 0xc0, 0xff, 0xc0, 0xff, 0xc0, 0xff, 0xc0, 0xff, 0xc0, 0xff, 0xc0, 0xff, 0xc0, 0xff, 0xc0, 0xff, 0xc0, 0xff, 0xc0, 0xff, 0xc0, 0xff, 0xc0, 0xff, 0xc0, 0xff, 0xc0, 0xff, 0xc0, 0xff, 0xc0, 0xff, 0xc0, 0xff, 0xc0, 0xff, 0xc0, 0xff, 0xc0, 0xff, 0xc0, 0xff, 0xc0, 0xff, 0xc0, 0xff, 0xc0, 0xff, 0xc0, 0xff, 0xc0, 0xff, 0xc1, 0xfe, 0xc2, 0xff, 0xc2, 0xfb, 0xc4, 0xff, 0xc5, 0xfa, 0xc7, 0xff, 0xcb, 0xfa, 0xcc, 0xff, 0xd1, 0xfa, 0xd1, 0xff, 0xd8, 0xf8, 0xd8, 0xff, 0xde, 0xf6, 0xdd, 0xff, 0xe2, 0xf3, 0xe1, 0xff, 0xe6, 0xf1, 0xe4, 0xff, 0xe9, 0xf0, 0xe8, 0xff, 0xea, 0xf0, 0xe9, 0xff, 0xe9, 0xf0, 0xe9, 0xff, 0xe7, 0xef, 0xe7, 0xff, 0xe5, 0xf1, 0xe6, 0xff, 0xe2, 0xf1, 0xe3, 0xff, 0xe0, 0xf2, 0xe2, 0xff, 0xe0, 0xf2, 0xe2, 0xff, 0xe1, 0xf2, 0xe5, 0xff, 0xe2, 0xf1, 0xe6, 0xff, 0xe4, 0xf0, 0xe7, 0xff, 0xe5, 0xee, 0xe7, 0xff, 0xe7, 0xee, 0xe7, 0xff, 0xe8, 0xee, 0xe6, 0xff, 0xe8, 0xef, 0xe5, 0xff, 0xe7, 0xef, 0xe4, 0xff, 0xe4, 0xef, 0xe1, 0xff, 0xe4, 0xf1, 0xe1, 0xff, 0xe4, 0xf3, 0xe2, 0xff, 0xe4, 0xf2, 0xe2, 0xff, 0xe4, 0xf2, 0xe4, 0xff, 0xe4, 0xf1, 0xe5, 0xff, 0xe5, 0xf0, 0xe6, 0xff, 0xe6, 0xf1, 0xe8, 0xff, 0xe6, 0xf0, 0xe7, 0xff, 0xe4, 0xf0, 0xe6, 0xff, 0xe0, 0xf2, 0xe4, 0xff, 0xde, 0xf3, 0xe3, 0xff, 0xdf, 0xf4, 0xe1, 0xff, 0xe2, 0xf3, 0xe1, 0xff, 0xe6, 0xf2, 0xe3, 0xff, 0xe6, 0xf1, 0xe5, 0xff, 0xe1, 0xf0, 0xe8, 0xff, 0xd8, 0xee, 0xeb, 0xff, 0xca, 0xec, 0xec, 0xff, 0xbe, 0xe7, 0xec, 0xff, 0xba, 0xe7, 0xee, 0xff, 0xbd, 0xe8, 0xf2, 0xff, 0xc0, 0xe6, 0xf3, 0xff, 0xbf, 0xe5, 0xf3, 0xff, 0xbc, 0xe6, 0xf3, 0xff, 0xba, 0xe6, 0xf3, 0xff, 0xbc, 0xe6, 0xf3, 0xff, 0xbd, 0xe6, 0xf2, 0xff, 0xbf, 0xe6, 0xf2, 0xff, 0xc0, 0xe6, 0xf1, 0xff, 0xbf, 0xe6, 0xf1, 0xff, 0xbe, 0xe7, 0xf0, 0xff, 0xbc, 0xe7, 0xf0, 0xff, 0xbb, 0xe8, 0xf0, 0xff, 0xba, 0xe8, 0xf0, 0xff, 0xb9, 0xe8, 0xf0, 0xff, 0xb9, 0xe8, 0xf0, 0xff, 0xba, 0xe8, 0xf0, 0xff, 0xbb, 0xe8, 0xf0, 0xff, 0xbc, 0xe7, 0xf1, 0xff, 0xbf, 0xe5, 0xf3, 0xff, 0xbc, 0xe5, 0xf4, 0xff, 0xb3, 0xe8, 0xf3, 0xff, 0xb1, 0xe9, 0xf1, 0xff, 0xb4, 0xea, 0xf1, 0xff, 0xb9, 0xea, 0xf1, 0xff, 0xbe, 0xe8, 0xf1, 0xff, 0xba, 0xe5, 0xf2, 0xff, 0xaf, 0xe4, 0xf5, 0xff, 0x9d, 0xea, 0xff, 0xff, 0x68, 0xdd, 0xf6, 0xff, 0x35, 0xd2, 0xef, 0xff, 0x11, 0xd5, 0xf7, 0xff, 0x02, 0xd8, 0xff, 0xff, 0x03, 0xd3, 0xff, 0xff, 0x07, 0xd4, 0xff, 0xff, 0x07, 0xd4, 0xff, 0xff, 0x07, 0xd5, 0xff, 0xff, 0x07, 0xd5, 0xff, 0xff, 0x07, 0xd5, 0xff, 0xff, 0x07, 0xd5, 0xff, 0xff, 0x07, 0xd5, 0xff, 0xff, 0x07, 0xd5, 0xff, 0xff, 0x07, 0xd5, 0xff, 0xff, 0x07, 0xd5, 0xff, 0xff, 0x07, 0xd5, 0xff, 0xff, 0x07, 0xd5, 0xff, 0xff, 0x07, 0xd5, 0xff, 0xff, 0x07, 0xd5, 0xff, 0xff, 0x07, 0xd5, 0xff, 0xff, 0x07, 0xd5, 0xff, 0xff, 0x07, 0xd5, 0xff, 0xff, 0x07, 0xd4, 0xfe, 0xff, 0x06, 0xd4, 0xfe, 0xff, 0x08, 0xd9, 0xff, 0xff, 0x03, 0xd4, 0xf8, 0xff, 0x0a, 0xda, 0xf7, 0xff, 0x1d, 0xd9, 0xee, 0xff, 0x40, 0xd5, 0xdf, 0xff, 0x71, 0xf3, 0xf9, 0xff, 
  0xbf, 0xff, 0xc0, 0xff, 0xbf, 0xff, 0xc0, 0xff, 0xbf, 0xff, 0xc1, 0xff, 0xc0, 0xff, 0xc1, 0xff, 0xc0, 0xfe, 0xc1, 0xff, 0xc0, 0xfe, 0xc1, 0xff, 0xc0, 0xfe, 0xc1, 0xff, 0xc0, 0xff, 0xc1, 0xff, 0xbf, 0xff, 0xc0, 0xff, 0xbf, 0xff, 0xc0, 0xff, 0xbf, 0xff, 0xc0, 0xff, 0xbf, 0xff, 0xc0, 0xff, 0xc0, 0xff, 0xc0, 0xff, 0xc0, 0xff, 0xc1, 0xff, 0xc1, 0xfe, 0xc1, 0xff, 0xc3, 0xfd, 0xc4, 0xff, 0xc6, 0xf8, 0xc8, 0xff, 0xcb, 0xf8, 0xcd, 0xff, 0xd1, 0xf9, 0xd2, 0xff, 0xd8, 0xfa, 0xd8, 0xff, 0xdd, 0xf8, 0xdd, 0xff, 0xe2, 0xf6, 0xe0, 0xff, 0xe4, 0xf1, 0xe2, 0xff, 0xe5, 0xee, 0xe4, 0xff, 0xe9, 0xef, 0xe8, 0xff, 0xe9, 0xee, 0xe8, 0xff, 0xe9, 0xee, 0xe8, 0xff, 0xe7, 0xef, 0xe8, 0xff, 0xe5, 0xf0, 0xe6, 0xff, 0xe3, 0xf2, 0xe4, 0xff, 0xe2, 0xf2, 0xe3, 0xff, 0xe1, 0xf2, 0xe3, 0xff, 0xe2, 0xf1, 0xe5, 0xff, 0xe3, 0xf1, 0xe6, 0xff, 0xe4, 0xf0, 0xe7, 0xff, 0xe6, 0xef, 0xe7, 0xff, 0xe8, 0xef, 0xe8, 0xff, 0xe9, 0xef, 0xe8, 0xff, 0xe9, 0xef, 0xe6, 0xff, 0xe8, 0xf0, 0xe5, 0xff, 0xe8, 0xf2, 0xe5, 0xff, 0xe6, 0xf1, 0xe4, 0xff, 0xe5, 0xf2, 0xe3, 0xff, 0xe5, 0xf2, 0xe3, 0xff, 0xe6, 0xf2, 0xe5, 0xff, 0xe6, 0xf2, 0xe6, 0xff, 0xe5, 0xf0, 0xe6, 0xff, 0xe3, 0xee, 0xe4, 0xff, 0xe6, 0xf0, 0xe7, 0xff, 0xe5, 0xf0, 0xe6, 0xff, 0xe0, 0xf2, 0xe5, 0xff, 0xdf, 0xf3, 0xe3, 0xff, 0xe0, 0xf3, 0xe3, 0xff, 0xe2, 0xf3, 0xe3, 0xff, 0xe7, 0xf1, 0xe3, 0xff, 0xe6, 0xf0, 0xe5, 0xff, 0xe3, 0xf1, 0xe9, 0xff, 0xd9, 0xef, 0xea, 0xff, 0xca, 0xec, 0xeb, 0xff, 0xbe, 0xe8, 0xeb, 0xff, 0xba, 0xe7, 0xee, 0xff, 0xbd, 0xe8, 0xf2, 0xff, 0xc1, 0xe6, 0xf3, 0xff, 0xc0, 0xe5, 0xf3, 0xff, 0xbc, 0xe6, 0xf3, 0xff, 0xba, 0xe6, 0xf3, 0xff, 0xbc, 0xe6, 0xf3, 0xff, 0xbd, 0xe6, 0xf2, 0xff, 0xbf, 0xe6, 0xf1, 0xff, 0xc0, 0xe6, 0xf1, 0xff, 0xbf, 0xe6, 0xf0, 0xff, 0xbe, 0xe7, 0xf0, 0xff, 0xbe, 0xe8, 0xf0, 0xff, 0xbd, 0xe9, 0xf0, 0xff, 0xbb, 0xe9, 0xf0, 0xff, 0xba, 0xe9, 0xf0, 0xff, 0xba, 0xe9, 0xf0, 0xff, 0xba, 0xe9, 0xf0, 0xff, 0xba, 0xe9, 0xf0, 0xff, 0xbc, 0xe8, 0xf1, 0xff, 0xbe, 0xe5, 0xf1, 0xff, 0xbe, 0xe7, 0xf4, 0xff, 0xb7, 0xe9, 0xf5, 0xff, 0xb2, 0xe8, 0xf2, 0xff, 0xb4, 0xe8, 0xf2, 0xff, 0xb9, 0xe9, 0xf2, 0xff, 0xbe, 0xe8, 0xf2, 0xff, 0xba, 0xe4, 0xf0, 0xff, 0xb2, 0xe3, 0xf2, 0xff, 0xaa, 0xec, 0xfe, 0xff, 0x8e, 0xe9, 0xff, 0xff, 0x48, 0xce, 0xe9, 0xff, 0x16, 0xd7, 0xf5, 0xff, 0x00, 0xd9, 0xfe, 0xff, 0x00, 0xce, 0xfe, 0xff, 0x09, 0xd3, 0xff, 0xff, 0x07, 0xd4, 0xff, 0xff, 0x06, 0xd5, 0xff, 0xff, 0x07, 0xd5, 0xff, 0xff, 0x07, 0xd5, 0xff, 0xff, 0x07, 0xd5, 0xff, 0xff, 0x07, 0xd5, 0xff, 0xff, 0x06, 0xd5, 0xff, 0xff, 0x06, 0xd5, 0xff, 0xff, 0x06, 0xd5, 0xff, 0xff, 0x06, 0xd5, 0xff, 0xff, 0x06, 0xd5, 0xff, 0xff, 0x07, 0xd5, 0xff, 0xff, 0x07, 0xd5, 0xff, 0xff, 0x08, 0xd4, 0xff, 0xff, 0x09, 0xd4, 0xff, 0xff, 0x09, 0xd4, 0xff, 0xff, 0x07, 0xd3, 0xfd, 0xff, 0x04, 0xd3, 0xfd, 0xff, 0x03, 0xd8, 0xff, 0xff, 0x00, 0xd3, 0xf8, 0xff, 0x0a, 0xda, 0xf7, 0xff, 0x1f, 0xd9, 0xee, 0xff, 0x3f, 0xd1, 0xe0, 0xff, 0x72, 0xf1, 0xfc, 0xff, 
  0xbd, 0xff, 0xbf, 0xff, 0xbe, 0xff, 0xc0, 0xff, 0xbf, 0xff, 0xc1, 0xff, 0xc0, 0xfe, 0xc2, 0xff, 0xc1, 0xfe, 0xc2, 0xff, 0xc1, 0xfe, 0xc2, 0xff, 0xc1, 0xfe, 0xc2, 0xff, 0xc0, 0xfe, 0xc1, 0xff, 0xbf, 0xff, 0xc0, 0xff, 0xbd, 0xff, 0xbe, 0xff, 0xbd, 0xff, 0xbe, 0xff, 0xc0, 0xff, 0xc1, 0xff, 0xc1, 0xff, 0xc1, 0xff, 0xc2, 0xfe, 0xc1, 0xff, 0xc2, 0xfc, 0xc1, 0xff, 0xc6, 0xf9, 0xc5, 0xff, 0xcd, 0xf5, 0xce, 0xff, 0xd4, 0xf5, 0xd6, 0xff, 0xd9, 0xf7, 0xda, 0xff, 0xdd, 0xf8, 0xde, 0xff, 0xdf, 0xf5, 0xdf, 0xff, 0xe1, 0xf2, 0xe0, 0xff, 0xe4, 0xf1, 0xe3, 0xff, 0xe7, 0xf0, 0xe5, 0xff, 0xe8, 0xef, 0xe6, 0xff, 0xe9, 0xef, 0xe7, 0xff, 0xe8, 0xef, 0xe7, 0xff, 0xe8, 0xf0, 0xe6, 0xff, 0xe6, 0xf0, 0xe5, 0xff, 0xe5, 0xf1, 0xe4, 0xff, 0xe4, 0xf2, 0xe4, 0xff, 0xe4, 0xf2, 0xe4, 0xff, 0xe4, 0xf1, 0xe5, 0xff, 0xe4, 0xf1, 0xe5, 0xff, 0xe5, 0xf1, 0xe6, 0xff, 0xe5, 0xf0, 0xe6, 0xff, 0xe6, 0xf0, 0xe6, 0xff, 0xe6, 0xf0, 0xe6, 0xff, 0xe6, 0xf0, 0xe5, 0xff, 0xe6, 0xf1, 0xe5, 0xff, 0xe5, 0xf1, 0xe5, 0xff, 0xe5, 0xf1, 0xe4, 0xff, 0xe5, 0xf1, 0xe4, 0xff, 0xe5, 0xf1, 0xe4, 0xff, 0xe5, 0xf1, 0xe5, 0xff, 0xe5, 0xf1, 0xe5, 0xff, 0xe5, 0xf1, 0xe5, 0xff, 0xe6, 0xf1, 0xe5, 0xff, 0xe7, 0xf0, 0xe6, 0xff, 0xe6, 0xf0, 0xe5, 0xff, 0xe1, 0xf2, 0xe5, 0xff, 0xe0, 0xf2, 0xe5, 0xff, 0xe1, 0xf2, 0xe5, 0xff, 0xe4, 0xf1, 0xe5, 0xff, 0xe8, 0xf0, 0xe5, 0xff, 0xe7, 0xf0, 0xe5, 0xff, 0xe3, 0xf2, 0xe8, 0xff, 0xd8, 0xf0, 0xe8, 0xff, 0xc8, 0xed, 0xe7, 0xff, 0xbd, 0xea, 0xe7, 0xff, 0xb9, 0xe9, 0xeb, 0xff, 0xbb, 0xe9, 0xf0, 0xff, 0xbe, 0xe7, 0xf3, 0xff, 0xbd, 0xe4, 0xf2, 0xff, 0xbc, 0xe6, 0xf2, 0xff, 0xbc, 0xe7, 0xf1, 0xff, 0xbc, 0xe7, 0xf1, 0xff, 0xbd, 0xe7, 0xf1, 0xff, 0xbd, 0xe7, 0xf1, 0xff, 0xbd, 0xe7, 0xf0, 0xff, 0xbd, 0xe7, 0xf0, 0xff, 0xbd, 0xe7, 0xf0, 0xff, 0xbc, 0xe7, 0xf0, 0xff, 0xbc, 0xe7, 0xf0, 0xff, 0xbc, 0xe7, 0xf0, 0xff, 0xbb, 0xe7, 0xf0, 0xff, 0xbb, 0xe8, 0xf0, 0xff, 0xbb, 0xe8, 0xf0, 0xff, 0xbb, 0xe7, 0xf0, 0xff, 0xbc, 0xe7, 0xf0, 0xff, 0xbf, 0xe8, 0xf0, 0xff, 0xbf, 0xe8, 0xf1, 0xff, 0xbd, 0xe8, 0xf2, 0xff, 0xba, 0xe8, 0xf3, 0xff, 0xb8, 0xe8, 0xf4, 0xff, 0xb9, 0xe8, 0xf4, 0xff, 0xc0, 0xe7, 0xf3, 0xff, 0xbf, 0xe7, 0xf3, 0xff, 0xba, 0xe9, 0xf6, 0xff, 0xa8, 0xe3, 0xf3, 0xff, 0x9a, 0xe6, 0xfb, 0xff, 0x69, 0xe0, 0xf9, 0xff, 0x17, 0xd3, 0xee, 0xff, 0x00, 0xd3, 0xf5, 0xff, 0x0b, 0xd4, 0xff, 0xff, 0x0b, 0xd1, 0xff, 0xff, 0x06, 0xd3, 0xff, 0xff, 0x04, 0xd5, 0xfd, 0xff, 0x04, 0xd5, 0xfd, 0xff, 0x05, 0xd4, 0xfd, 0xff, 0x05, 0xd4, 0xfd, 0xff, 0x04, 0xd5, 0xfd, 0xff, 0x04, 0xd5, 0xfd, 0xff, 0x03, 0xd5, 0xfd, 0xff, 0x02, 0xd5, 0xfd, 0xff, 0x02, 0xd5, 0xfd, 0xff, 0x03, 0xd4, 0xfe, 0xff, 0x04, 0xd4, 0xfe, 0xff, 0x06, 0xd4, 0xfe, 0xff, 0x08, 0xd3, 0xff, 0xff, 0x0a, 0xd2, 0xff, 0xff, 0x0b, 0xd3, 0xff, 0xff, 0x0a, 0xd5, 0xfe, 0xff, 0x02, 0xd3, 0xfb, 0xff, 0x00, 0xd4, 0xfc, 0xff, 0x00, 0xd9, 0xff, 0xff, 0x08, 0xd5, 0xf8, 0xff, 0x22, 0xd5, 0xf1, 0xff, 0x46, 0xd2, 0xe5, 0xff, 0x76, 0xee, 0xfd, 0xff, 
  0xbc, 0xff, 0xbf, 0xff, 0xbd, 0xff, 0xc0, 0xff, 0xbf, 0xff, 0xc1, 0xff, 0xc0, 0xfe, 0xc2, 0xff, 0xc1, 0xfd, 0xc3, 0xff, 0xc1, 0xfd, 0xc3, 0xff, 0xc1, 0xfe, 0xc2, 0xff, 0xc0, 0xfe, 0xc1, 0xff, 0xbf, 0xff, 0xc0, 0xff, 0xbd, 0xff, 0xbe, 0xff, 0xbd, 0xff, 0xbe, 0xff, 0xbf, 0xff, 0xbf, 0xff, 0xc2, 0xff, 0xc1, 0xff, 0xc1, 0xfd, 0xc0, 0xff, 0xc3, 0xfc, 0xc2, 0xff, 0xc8, 0xf8, 0xc7, 0xff, 0xd2, 0xf5, 0xd3, 0xff, 0xd9, 0xf4, 0xda, 0xff, 0xdd, 0xf6, 0xde, 0xff, 0xe0, 0xf6, 0xe0, 0xff, 0xe1, 0xf4, 0xe0, 0xff, 0xe2, 0xf2, 0xe1, 0xff, 0xe5, 0xf1, 0xe4, 0xff, 0xe8, 0xf1, 0xe6, 0xff, 0xe8, 0xf0, 0xe6, 0xff, 0xe8, 0xf0, 0xe6, 0xff, 0xe8, 0xf0, 0xe6, 0xff, 0xe7, 0xf0, 0xe6, 0xff, 0xe7, 0xf0, 0xe5, 0xff, 0xe6, 0xf1, 0xe5, 0xff, 0xe5, 0xf1, 0xe4, 0xff, 0xe4, 0xf1, 0xe4, 0xff, 0xe5, 0xf1, 0xe5, 0xff, 0xe5, 0xf1, 0xe5, 0xff, 0xe5, 0xf1, 0xe5, 0xff, 0xe5, 0xf1, 0xe5, 0xff, 0xe5, 0xf1, 0xe5, 0xff, 0xe5, 0xf1, 0xe5, 0xff, 0xe5, 0xf1, 0xe5, 0xff, 0xe5, 0xf1, 0xe5, 0xff, 0xe5, 0xf1, 0xe5, 0xff, 0xe5, 0xf1, 0xe5, 0xff, 0xe5, 0xf1, 0xe5, 0xff, 0xe5, 0xf1, 0xe5, 0xff, 0xe5, 0xf1, 0xe5, 0xff, 0xe5, 0xf1, 0xe5, 0xff, 0xe5, 0xf1, 0xe5, 0xff, 0xe6, 0xf1, 0xe5, 0xff, 0xe7, 0xf0, 0xe5, 0xff, 0xe6, 0xf1, 0xe5, 0xff, 0xe2, 0xf1, 0xe5, 0xff, 0xe1, 0xf2, 0xe5, 0xff, 0xe2, 0xf1, 0xe6, 0xff, 0xe5, 0xf0, 0xe6, 0xff, 0xe8, 0xf0, 0xe6, 0xff, 0xe7, 0xf0, 0xe6, 0xff, 0xe3, 0xf2, 0xe7, 0xff, 0xd8, 0xf1, 0xe7, 0xff, 0xc9, 0xef, 0xe7, 0xff, 0xbd, 0xeb, 0xe6, 0xff, 0xb9, 0xea, 0xe9, 0xff, 0xba, 0xea, 0xef, 0xff, 0xbd, 0xe7, 0xf3, 0xff, 0xbe, 0xe6, 0xf3, 0xff, 0xbd, 0xe7, 0xf1, 0xff, 0xbc, 0xe7, 0xf0, 0xff, 0xbc, 0xe7, 0xf0, 0xff, 0xbc, 0xe7, 0xf0, 0xff, 0xbc, 0xe7, 0xf0, 0xff, 0xbc, 0xe7, 0xf0, 0xff, 0xbc, 0xe7, 0xf0, 0xff, 0xbc, 0xe7, 0xf0, 0xff, 0xbc, 0xe7, 0xf0, 0xff, 0xbc, 0xe7, 0xf0, 0xff, 0xbc, 0xe7, 0xf0, 0xff, 0xbc, 0xe7, 0xf0, 0xff, 0xbc, 0xe7, 0xf0, 0xff, 0xbc, 0xe7, 0xf0, 0xff, 0xbc, 0xe7, 0xf0, 0xff, 0xbd, 0xe7, 0xf0, 0xff, 0xbe, 0xe8, 0xef, 0xff, 0xbe, 0xe7, 0xef, 0xff, 0xbd, 0xe6, 0xf1, 0xff, 0xbb, 0xe6, 0xf2, 0xff, 0xb5, 0xe7, 0xf4, 0xff, 0xb7, 0xe7, 0xf3, 0xff, 0xbf, 0xe6, 0xf2, 0xff, 0xc1, 0xe6, 0xf1, 0xff, 0xbd, 0xe7, 0xf3, 0xff, 0xb2, 0xe4, 0xf2, 0xff, 0xaa, 0xe6, 0xf9, 0xff, 0x7c, 0xe3, 0xfa, 0xff, 0x24, 0xd6, 0xee, 0xff, 0x04, 0xd5, 0xf5, 0xff, 0x0d, 0xd3, 0xff, 0xff, 0x0c, 0xd1, 0xff, 0xff, 0x07, 0xd3, 0xff, 0xff, 0x04, 0xd5, 0xfd, 0xff, 0x05, 0xd4, 0xfd, 0xff, 0x05, 0xd4, 0xfd, 0xff, 0x06, 0xd4, 0xfd, 0xff, 0x05, 0xd4, 0xfd, 0xff, 0x04, 0xd5, 0xfd, 0xff, 0x03, 0xd5, 0xfd, 0xff, 0x02, 0xd5, 0xfd, 0xff, 0x02, 0xd5, 0xfd, 0xff, 0x03, 0xd4, 0xfe, 0xff, 0x04, 0xd4, 0xfe, 0xff, 0x06, 0xd4, 0xfe, 0xff, 0x09, 0xd3, 0xff, 0xff, 0x0b, 0xd2, 0xff, 0xff, 0x0b, 0xd3, 0xff, 0xff, 0x0b, 0xd5, 0xfd, 0xff, 0x02, 0xd3, 0xfa, 0xff, 0x00, 0xd4, 0xfd, 0xff, 0x00, 0xd8, 0xff, 0xff, 0x08, 0xd4, 0xfa, 0xff, 0x24, 0xd4, 0xf2, 0xff, 0x4e, 0xd4, 0xe5, 0xff, 0x7d, 0xef, 0xf9, 0xff, 
  0xbc, 0xff, 0xbf, 0xff, 0xbd, 0xff, 0xc0, 0xff, 0xbf, 0xff, 0xc1, 0xff, 0xc0, 0xfe, 0xc2, 0xff, 0xc1, 0xfd, 0xc3, 0xff, 0xc1, 0xfd, 0xc3, 0xff, 0xc0, 0xfe, 0xc2, 0xff, 0xc0, 0xfe, 0xc1, 0xff, 0xbf, 0xff, 0xc0, 0xff, 0xbd, 0xff, 0xbe, 0xff, 0xbd, 0xff, 0xbe, 0xff, 0xbf, 0xff, 0xc0, 0xff, 0xc1, 0xfe, 0xc1, 0xff, 0xc1, 0xfc, 0xc1, 0xff, 0xc2, 0xfa, 0xc2, 0xff, 0xc8, 0xf8, 0xc8, 0xff, 0xd5, 0xf7, 0xd6, 0xff, 0xdb, 0xf5, 0xdd, 0xff, 0xdf, 0xf6, 0xe0, 0xff, 0xe1, 0xf6, 0xe1, 0xff, 0xe2, 0xf3, 0xe1, 0xff, 0xe4, 0xf2, 0xe3, 0xff, 0xe6, 0xf1, 0xe4, 0xff, 0xe8, 0xf1, 0xe6, 0xff, 0xe7, 0xf0, 0xe6, 0xff, 0xe7, 0xf0, 0xe6, 0xff, 0xe7, 0xf0, 0xe6, 0xff, 0xe7, 0xf0, 0xe6, 0xff, 0xe6, 0xf1, 0xe5, 0xff, 0xe5, 0xf1, 0xe5, 0xff, 0xe4, 0xf2, 0xe4, 0xff, 0xe4, 0xf2, 0xe4, 0xff, 0xe4, 0xf1, 0xe5, 0xff, 0xe5, 0xf1, 0xe5, 0xff, 0xe5, 0xf1, 0xe5, 0xff, 0xe5, 0xf1, 0xe5, 0xff, 0xe5, 0xf1, 0xe5, 0xff, 0xe5, 0xf1, 0xe5, 0xff, 0xe5, 0xf1, 0xe5, 0xff, 0xe5, 0xf1, 0xe5, 0xff, 0xe5, 0xf1, 0xe5, 0xff, 0xe5, 0xf1, 0xe5, 0xff, 0xe5, 0xf1, 0xe5, 0xff, 0xe5, 0xf1, 0xe5, 0xff, 0xe5, 0xf1, 0xe5, 0xff, 0xe5, 0xf1, 0xe5, 0xff, 0xe5, 0xf1, 0xe5, 0xff, 0xe6, 0xf1, 0xe5, 0xff, 0xe7, 0xf0, 0xe5, 0xff, 0xe6, 0xf1, 0xe5, 0xff, 0xe3, 0xf1, 0xe5, 0xff, 0xe1, 0xf1, 0xe5, 0xff, 0xe2, 0xf1, 0xe6, 0xff, 0xe5, 0xf0, 0xe6, 0xff, 0xe8, 0xf0, 0xe6, 0xff, 0xe7, 0xf0, 0xe6, 0xff, 0xe2, 0xf0, 0xe7, 0xff, 0xd9, 0xf0, 0xe7, 0xff, 0xca, 0xee, 0xe7, 0xff, 0xbf, 0xeb, 0xe7, 0xff, 0xb9, 0xe9, 0xea, 0xff, 0xba, 0xe8, 0xef, 0xff, 0xbe, 0xe7, 0xf3, 0xff, 0xbd, 0xe4, 0xf2, 0xff, 0xbd, 0xe7, 0xf1, 0xff, 0xbc, 0xe7, 0xf0, 0xff, 0xbc, 0xe7, 0xf0, 0xff, 0xbc, 0xe7, 0xf0, 0xff, 0xbc, 0xe7, 0xf0, 0xff, 0xbc, 0xe7, 0xf0, 0xff, 0xbc, 0xe7, 0xf0, 0xff, 0xbc, 0xe7, 0xf0, 0xff, 0xbc, 0xe7, 0xf0, 0xff, 0xbc, 0xe7, 0xf0, 0xff, 0xbc, 0xe7, 0xf0, 0xff, 0xbc, 0xe7, 0xf0, 0xff, 0xbc, 0xe7, 0xf0, 0xff, 0xbc, 0xe7, 0xf0, 0xff, 0xbc, 0xe7, 0xf0, 0xff, 0xbd, 0xe7, 0xf0, 0xff, 0xbf, 0xe7, 0xf0, 0xff, 0xbd, 0xe7, 0xf0, 0xff, 0xba, 0xe7, 0xf2, 0xff, 0xb5, 0xe7, 0xf3, 0xff, 0xb1, 0xe8, 0xf3, 0xff, 0xb4, 0xe8, 0xf2, 0xff, 0xbf, 0xe6, 0xf0, 0xff, 0xc4, 0xe6, 0xf0, 0xff, 0xc3, 0xe6, 0xf0, 0xff, 0xbf, 0xe5, 0xf2, 0xff, 0xb9, 0xe4, 0xf7, 0xff, 0x94, 0xe8, 0xfe, 0xff, 0x38, 0xd8, 0xf0, 0xff, 0x11, 0xd8, 0xf5, 0xff, 0x0c, 0xd3, 0xfd, 0xff, 0x0a, 0xd3, 0xff, 0xff, 0x07, 0xd3, 0xff, 0xff, 0x07, 0xd4, 0xfe, 0xff, 0x07, 0xd4, 0xfe, 0xff, 0x07, 0xd4, 0xfe, 0xff, 0x08, 0xd3, 0xfe, 0xff, 0x08, 0xd4, 0xfe, 0xff, 0x06, 0xd4, 0xfe, 0xff, 0x05, 0xd4, 0xfe, 0xff, 0x04, 0xd4, 0xfe, 0xff, 0x04, 0xd4, 0xfe, 0xff, 0x04, 0xd4, 0xfe, 0xff, 0x05, 0xd4, 0xfe, 0xff, 0x06, 0xd4, 0xfe, 0xff, 0x08, 0xd3, 0xff, 0xff, 0x0a, 0xd2, 0xff, 0xff, 0x0b, 0xd3, 0xfe, 0xff, 0x0b, 0xd4, 0xfc, 0xff, 0x04, 0xd3, 0xfa, 0xff, 0x00, 0xd3, 0xfd, 0xff, 0x00, 0xd7, 0xff, 0xff, 0x07, 0xd4, 0xfa, 0xff, 0x24, 0xd5, 0xf0, 0xff, 0x58, 0xdb, 0xe2, 0xff, 0x86, 0xf2, 0xef, 0xff, 
  0xbd, 0xff, 0xbf, 0xff, 0xbd, 0xff, 0xc0, 0xff, 0xbf, 0xff, 0xc1, 0xff, 0xc0, 0xfe, 0xc2, 0xff, 0xc1, 0xfd, 0xc3, 0xff, 0xc1, 0xfd, 0xc3, 0xff, 0xc0, 0xfe, 0xc2, 0xff, 0xbf, 0xff, 0xc1, 0xff, 0xbe, 0xff, 0xc0, 0xff, 0xbd, 0xff, 0xbe, 0xff, 0xbd, 0xff, 0xbe, 0xff, 0xbf, 0xff, 0xc0, 0xff, 0xc0, 0xfd, 0xc0, 0xff, 0xc1, 0xfb, 0xc1, 0xff, 0xc3, 0xfa, 0xc2, 0xff, 0xca, 0xf8, 0xca, 0xff, 0xd8, 0xf8, 0xd9, 0xff, 0xde, 0xf5, 0xdf, 0xff, 0xe0, 0xf6, 0xe1, 0xff, 0xe2, 0xf5, 0xe2, 0xff, 0xe3, 0xf3, 0xe2, 0xff, 0xe4, 0xf2, 0xe3, 0xff, 0xe6, 0xf1, 0xe5, 0xff, 0xe8, 0xf1, 0xe7, 0xff, 0xe7, 0xf0, 0xe6, 0xff, 0xe7, 0xf0, 0xe6, 0xff, 0xe7, 0xf0, 0xe6, 0xff, 0xe6, 0xf0, 0xe6, 0xff, 0xe5, 0xf1, 0xe5, 0xff, 0xe4, 0xf1, 0xe5, 0xff, 0xe3, 0xf2, 0xe4, 0xff, 0xe3, 0xf2, 0xe4, 0xff, 0xe4, 0xf1, 0xe5, 0xff, 0xe5, 0xf1, 0xe5, 0xff, 0xe5, 0xf1, 0xe5, 0xff, 0xe5, 0xf1, 0xe5, 0xff, 0xe5, 0xf1, 0xe5, 0xff, 0xe5, 0xf1, 0xe5, 0xff, 0xe5, 0xf1, 0xe5, 0xff, 0xe5, 0xf1, 0xe5, 0xff, 0xe5, 0xf1, 0xe5, 0xff, 0xe5, 0xf1, 0xe5, 0xff, 0xe5, 0xf1, 0xe5, 0xff, 0xe5, 0xf1, 0xe5, 0xff, 0xe5, 0xf1, 0xe5, 0xff, 0xe5, 0xf1, 0xe5, 0xff, 0xe5, 0xf1, 0xe5, 0xff, 0xe6, 0xf1, 0xe5, 0xff, 0xe7, 0xf1, 0xe5, 0xff, 0xe7, 0xf1, 0xe5, 0xff, 0xe3, 0xf1, 0xe5, 0xff, 0xe2, 0xf1, 0xe5, 0xff, 0xe3, 0xf1, 0xe6, 0xff, 0xe5, 0xf0, 0xe6, 0xff, 0xe8, 0xf0, 0xe6, 0xff, 0xe7, 0xf0, 0xe7, 0xff, 0xe2, 0xf0, 0xe7, 0xff, 0xd9, 0xf0, 0xe8, 0xff, 0xcb, 0xee, 0xe7, 0xff, 0xc0, 0xeb, 0xe7, 0xff, 0xbb, 0xe8, 0xeb, 0xff, 0xbb, 0xe8, 0xef, 0xff, 0xbd, 0xe6, 0xf3, 0xff, 0xbc, 0xe4, 0xf2, 0xff, 0xbd, 0xe7, 0xf1, 0xff, 0xbc, 0xe7, 0xf0, 0xff, 0xbc, 0xe7, 0xf0, 0xff, 0xbc, 0xe7, 0xf0, 0xff, 0xbc, 0xe7, 0xf0, 0xff, 0xbc, 0xe7, 0xf0, 0xff, 0xbc, 0xe7, 0xf0, 0xff, 0xbc, 0xe7, 0xf0, 0xff, 0xbc, 0xe7, 0xf0, 0xff, 0xbc, 0xe7, 0xf0, 0xff, 0xbc, 0xe7, 0xf0, 0xff, 0xbc, 0xe7, 0xf0, 0xff, 0xbc, 0xe7, 0xf0, 0xff, 0xbc, 0xe7, 0xf0, 0xff, 0xbc, 0xe7, 0xf0, 0xff, 0xbd, 0xe7, 0xf0, 0xff, 0xbf, 0xe5, 0xf0, 0xff, 0xbd, 0xe5, 0xf0, 0xff, 0xb7, 0xe6, 0xf2, 0xff, 0xb2, 0xe6, 0xf2, 0xff, 0xae, 0xe7, 0xf2, 0xff, 0xb1, 0xe7, 0xf0, 0xff, 0xbd, 0xe6, 0xee, 0xff, 0xc2, 0xe6, 0xed, 0xff, 0xc3, 0xe6, 0xed, 0xff, 0xc3, 0xe7, 0xf1, 0xff, 0xbf, 0xe3, 0xf4, 0xff, 0xa1, 0xea, 0xff, 0xff, 0x49, 0xdc, 0xf2, 0xff, 0x19, 0xd7, 0xf3, 0xff, 0x0a, 0xd4, 0xfa, 0xff, 0x07, 0xd6, 0xff, 0xff, 0x07, 0xd3, 0xff, 0xff, 0x08, 0xd3, 0xff, 0xff, 0x08, 0xd3, 0xff, 0xff, 0x09, 0xd3, 0xff, 0xff, 0x0a, 0xd3, 0xff, 0xff, 0x09, 0xd3, 0xff, 0xff, 0x08, 0xd3, 0xff, 0xff, 0x07, 0xd3, 0xff, 0xff, 0x06, 0xd4, 0xff, 0xff, 0x05, 0xd4, 0xff, 0xff, 0x05, 0xd4, 0xff, 0xff, 0x05, 0xd4, 0xff, 0xff, 0x05, 0xd4, 0xff, 0xff, 0x06, 0xd3, 0xff, 0xff, 0x08, 0xd3, 0xff, 0xff, 0x09, 0xd3, 0xfe, 0xff, 0x0b, 0xd4, 0xfc, 0xff, 0x06, 0xd2, 0xfa, 0xff, 0x00, 0xd3, 0xfe, 0xff, 0x00, 0xd6, 0xff, 0xff, 0x05, 0xd4, 0xfb, 0xff, 0x25, 0xd7, 0xef, 0xff, 0x65, 0xe2, 0xdf, 0xff, 0x92, 0xf6, 0xe4, 0xff, 
  0xbe, 0xff, 0xc0, 0xff, 0xbe, 0xff, 0xc1, 0xff, 0xbf, 0xfe, 0xc1, 0xff, 0xc0, 0xfe, 0xc2, 0xff, 0xc1, 0xfe, 0xc2, 0xff, 0xc1, 0xfe, 0xc2, 0xff, 0xc0, 0xfe, 0xc1, 0xff, 0xbf, 0xff, 0xc0, 0xff, 0xbe, 0xff, 0xbf, 0xff, 0xbd, 0xff, 0xbe, 0xff, 0xbe, 0xff, 0xbe, 0xff, 0xc0, 0xff, 0xc0, 0xff, 0xc1, 0xfd, 0xc1, 0xff, 0xc2, 0xfa, 0xc2, 0xff, 0xc5, 0xfa, 0xc4, 0xff, 0xce, 0xf9, 0xcd, 0xff, 0xda, 0xf7, 0xda, 0xff, 0xdf, 0xf4, 0xe0, 0xff, 0xe0, 0xf4, 0xe1, 0xff, 0xe2, 0xf3, 0xe2, 0xff, 0xe2, 0xf1, 0xe2, 0xff, 0xe4, 0xf0, 0xe4, 0xff, 0xe5, 0xef, 0xe4, 0xff, 0xe7, 0xf0, 0xe6, 0xff, 0xe7, 0xf0, 0xe6, 0xff, 0xe7, 0xf0, 0xe6, 0xff, 0xe7, 0xf0, 0xe6, 0xff, 0xe6, 0xf0, 0xe6, 0xff, 0xe5, 0xf1, 0xe5, 0xff, 0xe4, 0xf1, 0xe5, 0xff, 0xe3, 0xf2, 0xe4, 0xff, 0xe3, 0xf2, 0xe4, 0xff, 0xe4, 0xf1, 0xe5, 0xff, 0xe5, 0xf1, 0xe5, 0xff, 0xe5, 0xf1, 0xe5, 0xff, 0xe5, 0xf1, 0xe5, 0xff, 0xe5, 0xf1, 0xe5, 0xff, 0xe5, 0xf1, 0xe5, 0xff, 0xe5, 0xf1, 0xe5, 0xff, 0xe5, 0xf1, 0xe5, 0xff, 0xe5, 0xf1, 0xe5, 0xff, 0xe5, 0xf1, 0xe5, 0xff, 0xe5, 0xf1, 0xe5, 0xff, 0xe5, 0xf1, 0xe5, 0xff, 0xe5, 0xf1, 0xe5, 0xff, 0xe5, 0xf1, 0xe5, 0xff, 0xe5, 0xf1, 0xe5, 0xff, 0xe6, 0xf1, 0xe5, 0xff, 0xe7, 0xf1, 0xe4, 0xff, 0xe7, 0xf1, 0xe4, 0xff, 0xe4, 0xf1, 0xe5, 0xff, 0xe3, 0xf1, 0xe5, 0xff, 0xe4, 0xf1, 0xe6, 0xff, 0xe5, 0xf0, 0xe6, 0xff, 0xe8, 0xf0, 0xe6, 0xff, 0xe7, 0xf0, 0xe7, 0xff, 0xe2, 0xef, 0xe6, 0xff, 0xdb, 0xf0, 0xe8, 0xff, 0xce, 0xed, 0xe8, 0xff, 0xc3, 0xea, 0xe8, 0xff, 0xbc, 0xe7, 0xea, 0xff, 0xbb, 0xe6, 0xef, 0xff, 0xbb, 0xe5, 0xf2, 0xff, 0xbb, 0xe3, 0xf1, 0xff, 0xbb, 0xe6, 0xf0, 0xff, 0xbb, 0xe6, 0xef, 0xff, 0xbb, 0xe6, 0xef, 0xff, 0xbb, 0xe6, 0xef, 0xff, 0xbb, 0xe6, 0xef, 0xff, 0xbb, 0xe6, 0xef, 0xff, 0xbb, 0xe6, 0xef, 0xff, 0xbb, 0xe6, 0xef, 0xff, 0xbb, 0xe6, 0xef, 0xff, 0xbb, 0xe6, 0xef, 0xff, 0xbb, 0xe6, 0xef, 0xff, 0xbb, 0xe6, 0xef, 0xff, 0xbb, 0xe6, 0xef, 0xff, 0xbb, 0xe6, 0xef, 0xff, 0xbb, 0xe6, 0xef, 0xff, 0xbd, 0xe6, 0xf0, 0xff, 0xc0, 0xe4, 0xf1, 0xff, 0xbe, 0xe4, 0xf2, 0xff, 0xb6, 0xe5, 0xf3, 0xff, 0xb1, 0xe6, 0xf2, 0xff, 0xae, 0xe7, 0xf1, 0xff, 0xb1, 0xe8, 0xf0, 0xff, 0xba, 0xe7, 0xed, 0xff, 0xbe, 0xe7, 0xeb, 0xff, 0xbc, 0xe7, 0xea, 0xff, 0xbf, 0xe9, 0xef, 0xff, 0xbd, 0xe2, 0xf0, 0xff, 0xa4, 0xea, 0xfd, 0xff, 0x55, 0xe0, 0xf6, 0xff, 0x1d, 0xd6, 0xf1, 0xff, 0x07, 0xd5, 0xf8, 0xff, 0x01, 0xd6, 0xff, 0xff, 0x06, 0xd3, 0xff, 0xff, 0x09, 0xd3, 0xff, 0xff, 0x09, 0xd3, 0xff, 0xff, 0x0a, 0xd2, 0xff, 0xff, 0x0b, 0xd2, 0xff, 0xff, 0x0a, 0xd2, 0xff, 0xff, 0x09, 0xd3, 0xff, 0xff, 0x08, 0xd3, 0xff, 0xff, 0x07, 0xd3, 0xff, 0xff, 0x07, 0xd3, 0xff, 0xff, 0x06, 0xd3, 0xff, 0xff, 0x05, 0xd3, 0xff, 0xff, 0x05, 0xd3, 0xff, 0xff, 0x05, 0xd3, 0xff, 0xff, 0x05, 0xd4, 0xff, 0xff, 0x07, 0xd3, 0xfe, 0xff, 0x0a, 0xd2, 0xfd, 0xff, 0x08, 0xd1, 0xfc, 0xff, 0x02, 0xd3, 0xfe, 0xff, 0x00, 0xd4, 0xfe, 0xff, 0x02, 0xd4, 0xfd, 0xff, 0x25, 0xd8, 0xee, 0xff, 0x75, 0xeb, 0xdb, 0xff, 0xa1, 0xf9, 0xd7, 0xff, 
  0xbe, 0xff, 0xc0, 0xff, 0xbf, 0xff, 0xc1, 0xff, 0xbf, 0xfe, 0xc1, 0xff, 0xc0, 0xfe, 0xc2, 0xff, 0xc1, 0xfe, 0xc2, 0xff, 0xc1, 0xfe, 0xc1, 0xff, 0xc0, 0xff, 0xc1, 0xff, 0xbf, 0xff, 0xc0, 0xff, 0xbe, 0xff, 0xbf, 0xff, 0xbd, 0xff, 0xbe, 0xff, 0xbe, 0xfe, 0xbe, 0xff, 0xc1, 0xff, 0xc1, 0xff, 0xc2, 0xfc, 0xc2, 0xff, 0xc3, 0xf9, 0xc3, 0xff, 0xc9, 0xfb, 0xc7, 0xff, 0xd1, 0xfa, 0xd0, 0xff, 0xdb, 0xf6, 0xdc, 0xff, 0xe0, 0xf2, 0xe1, 0xff, 0xe1, 0xf2, 0xe2, 0xff, 0xe2, 0xf1, 0xe2, 0xff, 0xe3, 0xf0, 0xe4, 0xff, 0xe4, 0xef, 0xe5, 0xff, 0xe5, 0xef, 0xe5, 0xff, 0xe6, 0xef, 0xe6, 0xff, 0xe6, 0xef, 0xe5, 0xff, 0xe5, 0xef, 0xe5, 0xff, 0xe5, 0xef, 0xe5, 0xff, 0xe5, 0xef, 0xe5, 0xff, 0xe4, 0xf0, 0xe4, 0xff, 0xe3, 0xf0, 0xe4, 0xff, 0xe2, 0xf1, 0xe3, 0xff, 0xe2, 0xf1, 0xe3, 0xff, 0xe3, 0xf0, 0xe4, 0xff, 0xe4, 0xf0, 0xe4, 0xff, 0xe4, 0xf0, 0xe4, 0xff, 0xe4, 0xf0, 0xe4, 0xff, 0xe4, 0xf0, 0xe4, 0xff, 0xe4, 0xf0, 0xe4, 0xff, 0xe4, 0xf0, 0xe4, 0xff, 0xe4, 0xf0, 0xe4, 0xff, 0xe4, 0xf0, 0xe4, 0xff, 0xe4, 0xf0, 0xe4, 0xff, 0xe4, 0xf0, 0xe4, 0xff, 0xe4, 0xf0, 0xe4, 0xff, 0xe4, 0xf0, 0xe4, 0xff, 0xe4, 0xf0, 0xe4, 0xff, 0xe4, 0xf0, 0xe4, 0xff, 0xe5, 0xf0, 0xe4, 0xff, 0xe6, 0xf0, 0xe3, 0xff, 0xe6, 0xf0, 0xe3, 0xff, 0xe4, 0xf0, 0xe4, 0xff, 0xe3, 0xf0, 0xe4, 0xff, 0xe4, 0xef, 0xe5, 0xff, 0xe5, 0xef, 0xe5, 0xff, 0xe6, 0xef, 0xe5, 0xff, 0xe5, 0xef, 0xe6, 0xff, 0xe1, 0xee, 0xe5, 0xff, 0xdc, 0xef, 0xe8, 0xff, 0xd1, 0xee, 0xe9, 0xff, 0xc6, 0xe9, 0xe8, 0xff, 0xbe, 0xe6, 0xeb, 0xff, 0xbb, 0xe5, 0xee, 0xff, 0xbb, 0xe5, 0xf2, 0xff, 0xba, 0xe4, 0xf1, 0xff, 0xbb, 0xe6, 0xf0, 0xff, 0xbb, 0xe6, 0xef, 0xff, 0xbb, 0xe6, 0xef, 0xff, 0xbb, 0xe6, 0xef, 0xff, 0xbb, 0xe6, 0xef, 0xff, 0xbb, 0xe6, 0xef, 0xff, 0xbb, 0xe6, 0xef, 0xff, 0xbb, 0xe6, 0xef, 0xff, 0xbb, 0xe6, 0xef, 0xff, 0xbb, 0xe6, 0xef, 0xff, 0xbb, 0xe6, 0xef, 0xff, 0xbb, 0xe6, 0xef, 0xff, 0xbb, 0xe6, 0xef, 0xff, 0xbb, 0xe6, 0xef, 0xff, 0xbb, 0xe6, 0xef, 0xff, 0xbd, 0xe5, 0xf0, 0xff, 0xc0, 0xe4, 0xf1, 0xff, 0xbe, 0xe4, 0xf2, 0xff, 0xb7, 0xe5, 0xf3, 0xff, 0xb3, 0xe6, 0xf2, 0xff, 0xb2, 0xe7, 0xf1, 0xff, 0xb4, 0xe8, 0xef, 0xff, 0xba, 0xe8, 0xec, 0xff, 0xbc, 0xe9, 0xea, 0xff, 0xb8, 0xea, 0xea, 0xff, 0xb9, 0xe9, 0xed, 0xff, 0xba, 0xe2, 0xee, 0xff, 0xa5, 0xe8, 0xfa, 0xff, 0x65, 0xe5, 0xfc, 0xff, 0x25, 0xd2, 0xef, 0xff, 0x0b, 0xd4, 0xf8, 0xff, 0x00, 0xd5, 0xfe, 0xff, 0x06, 0xd3, 0xff, 0xff, 0x09, 0xd2, 0xff, 0xff, 0x09, 0xd2, 0xff, 0xff, 0x09, 0xd2, 0xff, 0xff, 0x0a, 0xd2, 0xff, 0xff, 0x0a, 0xd2, 0xff, 0xff, 0x09, 0xd2, 0xff, 0xff, 0x09, 0xd2, 0xff, 0xff, 0x09, 0xd2, 0xff, 0xff, 0x08, 0xd2, 0xff, 0xff, 0x07, 0xd3, 0xff, 0xff, 0x06, 0xd3, 0xff, 0xff, 0x05, 0xd3, 0xff, 0xff, 0x05, 0xd3, 0xff, 0xff, 0x04, 0xd4, 0xff, 0xff, 0x06, 0xd3, 0xff, 0xff, 0x0a, 0xd1, 0xff, 0xff, 0x08, 0xd0, 0xfe, 0xff, 0x04, 0xd3, 0xfe, 0xff, 0x00, 0xd3, 0xfc, 0xff, 0x02, 0xd4, 0xfc, 0xff, 0x28, 0xd9, 0xeb, 0xff, 0x85, 0xf3, 0xd9, 0xff, 0xae, 0xfb, 0xcb, 0xff, 
  0xbf, 0xff, 0xc0, 0xff, 0xbf, 0xff, 0xc1, 0xff, 0xc0, 0xfe, 0xc1, 0xff, 0xc0, 0xfe, 0xc2, 0xff, 0xc1, 0xfe, 0xc2, 0xff, 0xc1, 0xfe, 0xc1, 0xff, 0xc0, 0xff, 0xc1, 0xff, 0xbf, 0xff, 0xc0, 0xff, 0xbe, 0xff, 0xbf, 0xff, 0xbd, 0xff, 0xbe, 0xff, 0xbe, 0xfe, 0xbf, 0xff, 0xc1, 0xfe, 0xc1, 0xff, 0xc3, 0xfb, 0xc3, 0xff, 0xc6, 0xf9, 0xc5, 0xff, 0xcc, 0xfb, 0xca, 0xff, 0xd5, 0xfb, 0xd4, 0xff, 0xdd, 0xf4, 0xde, 0xff, 0xe2, 0xf1, 0xe3, 0xff, 0xe2, 0xf1, 0xe3, 0xff, 0xe3, 0xf0, 0xe4, 0xff, 0xe4, 0xf0, 0xe4, 0xff, 0xe4, 0xef, 0xe5, 0xff, 0xe5, 0xef, 0xe6, 0xff, 0xe6, 0xee, 0xe6, 0xff, 0xe6, 0xef, 0xe6, 0xff, 0xe5, 0xef, 0xe5, 0xff, 0xe5, 0xef, 0xe5, 0xff, 0xe4, 0xef, 0xe5, 0xff, 0xe3, 0xf0, 0xe4, 0xff, 0xe2, 0xf0, 0xe4, 0xff, 0xe1, 0xf1, 0xe3, 0xff, 0xe1, 0xf1, 0xe3, 0xff, 0xe3, 0xf0, 0xe4, 0xff, 0xe4, 0xf0, 0xe4, 0xff, 0xe4, 0xf0, 0xe4, 0xff, 0xe4, 0xf0, 0xe4, 0xff, 0xe4, 0xf0, 0xe4, 0xff, 0xe4, 0xf0, 0xe4, 0xff, 0xe4, 0xf0, 0xe4, 0xff, 0xe4, 0xf0, 0xe4, 0xff, 0xe4, 0xf0, 0xe4, 0xff, 0xe4, 0xf0, 0xe4, 0xff, 0xe4, 0xf0, 0xe4, 0xff, 0xe4, 0xf0, 0xe4, 0xff, 0xe4, 0xf0, 0xe4, 0xff, 0xe4, 0xf0, 0xe4, 0xff, 0xe4, 0xf0, 0xe4, 0xff, 0xe5, 0xf0, 0xe4, 0xff, 0xe6, 0xf0, 0xe3, 0xff, 0xe7, 0xf0, 0xe3, 0xff, 0xe5, 0xf0, 0xe4, 0xff, 0xe5, 0xf0, 0xe4, 0xff, 0xe5, 0xef, 0xe5, 0xff, 0xe5, 0xef, 0xe5, 0xff, 0xe6, 0xef, 0xe5, 0xff, 0xe5, 0xef, 0xe6, 0xff, 0xe2, 0xef, 0xe6, 0xff, 0xde, 0xf0, 0xe9, 0xff, 0xd5, 0xee, 0xea, 0xff, 0xca, 0xea, 0xe9, 0xff, 0xc2, 0xe7, 0xec, 0xff, 0xbe, 0xe6, 0xef, 0xff, 0xbb, 0xe5, 0xf2, 0xff, 0xba, 0xe5, 0xf2, 0xff, 0xbb, 0xe6, 0xf0, 0xff, 0xbb, 0xe6, 0xef, 0xff, 0xbb, 0xe6, 0xef, 0xff, 0xbb, 0xe6, 0xef, 0xff, 0xbb, 0xe6, 0xef, 0xff, 0xbb, 0xe6, 0xef, 0xff, 0xbb, 0xe6, 0xef, 0xff, 0xbb, 0xe6, 0xef, 0xff, 0xbb, 0xe6, 0xef, 0xff, 0xbb, 0xe6, 0xef, 0xff, 0xbb, 0xe6, 0xef, 0xff, 0xbb, 0xe6, 0xef, 0xff, 0xbb, 0xe6, 0xef, 0xff, 0xbb, 0xe6, 0xef, 0xff, 0xbb, 0xe6, 0xef, 0xff, 0xbd, 0xe6, 0xf0, 0xff, 0xbf, 0xe5, 0xf0, 0xff, 0xbe, 0xe4, 0xf1, 0xff, 0xb8, 0xe5, 0xf2, 0xff, 0xb6, 0xe6, 0xf2, 0xff, 0xb8, 0xe6, 0xf0, 0xff, 0xba, 0xe7, 0xee, 0xff, 0xbd, 0xe8, 0xeb, 0xff, 0xba, 0xe9, 0xea, 0xff, 0xb3, 0xeb, 0xe9, 0xff, 0xb1, 0xe9, 0xea, 0xff, 0xb6, 0xe3, 0xee, 0xff, 0xa6, 0xe6, 0xfa, 0xff, 0x77, 0xe9, 0xff, 0xff, 0x31, 0xcd, 0xee, 0xff, 0x15, 0xd2, 0xfb, 0xff, 0x04, 0xd1, 0xfd, 0xff, 0x05, 0xd1, 0xfe, 0xff, 0x05, 0xd0, 0xff, 0xff, 0x05, 0xd0, 0xff, 0xff, 0x05, 0xd0, 0xff, 0xff, 0x05, 0xd0, 0xff, 0xff, 0x06, 0xd0, 0xff, 0xff, 0x06, 0xd0, 0xff, 0xff, 0x07, 0xd0, 0xff, 0xff, 0x08, 0xd1, 0xff, 0xff, 0x08, 0xd1, 0xff, 0xff, 0x07, 0xd1, 0xff, 0xff, 0x06, 0xd1, 0xff, 0xff, 0x05, 0xd2, 0xff, 0xff, 0x04, 0xd2, 0xfe, 0xff, 0x03, 0xd3, 0xfe, 0xff, 0x05, 0xd2, 0xff, 0xff, 0x09, 0xce, 0xff, 0xff, 0x08, 0xcf, 0xff, 0xff, 0x03, 0xd3, 0xfe, 0xff, 0x01, 0xd3, 0xfb, 0xff, 0x06, 0xd4, 0xfb, 0xff, 0x2f, 0xd9, 0xe7, 0xff, 0x94, 0xf9, 0xd6, 0xff, 0xba, 0xfd, 0xc2, 0xff, 
  0xc0, 0xff, 0xc0, 0xff, 0xc0, 0xff, 0xc1, 0xff, 0xc0, 0xfe, 0xc1, 0xff, 0xc0, 0xfe, 0xc2, 0xff, 0xc1, 0xfe, 0xc2, 0xff, 0xc1, 0xfe, 0xc1, 0xff, 0xc0, 0xff, 0xc0, 0xff, 0xbf, 0xff, 0xc0, 0xff, 0xbe, 0xff, 0xbf, 0xff, 0xbe, 0xff, 0xbf, 0xff, 0xbf, 0xfe, 0xbf, 0xff, 0xc2, 0xfd, 0xc2, 0xff, 0xc4, 0xfa, 0xc4, 0xff, 0xc9, 0xf9, 0xc8, 0xff, 0xcf, 0xfb, 0xcd, 0xff, 0xd9, 0xfc, 0xd8, 0xff, 0xdf, 0xf3, 0xdf, 0xff, 0xe3, 0xf0, 0xe4, 0xff, 0xe3, 0xf0, 0xe4, 0xff, 0xe4, 0xf0, 0xe4, 0xff, 0xe5, 0xf0, 0xe6, 0xff, 0xe6, 0xf0, 0xe7, 0xff, 0xe5, 0xee, 0xe6, 0xff, 0xe5, 0xee, 0xe6, 0xff, 0xe5, 0xef, 0xe6, 0xff, 0xe5, 0xef, 0xe5, 0xff, 0xe4, 0xef, 0xe5, 0xff, 0xe3, 0xef, 0xe5, 0xff, 0xe2, 0xf0, 0xe4, 0xff, 0xe2, 0xf0, 0xe4, 0xff, 0xe1, 0xf1, 0xe3, 0xff, 0xe1, 0xf1, 0xe3, 0xff, 0xe3, 0xf0, 0xe4, 0xff, 0xe4, 0xf0, 0xe4, 0xff, 0xe4, 0xf0, 0xe4, 0xff, 0xe4, 0xf0, 0xe4, 0xff, 0xe4, 0xf0, 0xe4, 0xff, 0xe4, 0xf0, 0xe4, 0xff, 0xe4, 0xf0, 0xe4, 0xff, 0xe4, 0xf0, 0xe4, 0xff, 0xe4, 0xf0, 0xe4, 0xff, 0xe4, 0xf0, 0xe4, 0xff, 0xe4, 0xf0, 0xe4, 0xff, 0xe4, 0xf0, 0xe4, 0xff, 0xe4, 0xf0, 0xe4, 0xff, 0xe4, 0xf0, 0xe4, 0xff, 0xe4, 0xf0, 0xe4, 0xff, 0xe5, 0xf0, 0xe4, 0xff, 0xe6, 0xf0, 0xe3, 0xff, 0xe7, 0xf0, 0xe3, 0xff, 0xe6, 0xf0, 0xe4, 0xff, 0xe6, 0xef, 0xe4, 0xff, 0xe6, 0xef, 0xe5, 0xff, 0xe5, 0xef, 0xe5, 0xff, 0xe5, 0xef, 0xe5, 0xff, 0xe4, 0xef, 0xe5, 0xff, 0xe2, 0xef, 0xe6, 0xff, 0xe0, 0xf1, 0xea, 0xff, 0xd9, 0xef, 0xeb, 0xff, 0xd0, 0xeb, 0xeb, 0xff, 0xc6, 0xe7, 0xec, 0xff, 0xc1, 0xe6, 0xf0, 0xff, 0xbd, 0xe6, 0xf3, 0xff, 0xbb, 0xe6, 0xf3, 0xff, 0xbb, 0xe6, 0xf0, 0xff, 0xbc, 0xe6, 0xef, 0xff, 0xbc, 0xe6, 0xef, 0xff, 0xbc, 0xe6, 0xef, 0xff, 0xbc, 0xe6, 0xef, 0xff, 0xbc, 0xe6, 0xef, 0xff, 0xbc, 0xe6, 0xef, 0xff, 0xbc, 0xe6, 0xef, 0xff, 0xbc, 0xe6, 0xef, 0xff, 0xbc, 0xe6, 0xef, 0xff, 0xbc, 0xe6, 0xef, 0xff, 0xbc, 0xe6, 0xef, 0xff, 0xbc, 0xe6, 0xef, 0xff, 0xbc, 0xe6, 0xef, 0xff, 0xbc, 0xe6, 0xef, 0xff, 0xbc, 0xe6, 0xef, 0xff, 0xbe, 0xe5, 0xf0, 0xff, 0xbc, 0xe5, 0xf0, 0xff, 0xb8, 0xe6, 0xf1, 0xff, 0xb8, 0xe6, 0xf1, 0xff, 0xbd, 0xe5, 0xf0, 0xff, 0xc0, 0xe6, 0xee, 0xff, 0xc1, 0xe7, 0xeb, 0xff, 0xbd, 0xe8, 0xea, 0xff, 0xb4, 0xeb, 0xe9, 0xff, 0xb1, 0xe8, 0xea, 0xff, 0xb7, 0xe2, 0xee, 0xff, 0xaa, 0xe4, 0xfa, 0xff, 0x88, 0xeb, 0xff, 0xff, 0x3e, 0xc9, 0xf0, 0xff, 0x1f, 0xd0, 0xfc, 0xff, 0x07, 0xce, 0xfc, 0xff, 0x04, 0xcf, 0xfe, 0xff, 0x02, 0xcf, 0xfe, 0xff, 0x02, 0xcf, 0xfe, 0xff, 0x02, 0xcf, 0xfe, 0xff, 0x01, 0xcf, 0xfe, 0xff, 0x02, 0xcf, 0xfe, 0xff, 0x03, 0xcf, 0xfe, 0xff, 0x04, 0xcf, 0xfe, 0xff, 0x08, 0xd1, 0xff, 0xff, 0x08, 0xd1, 0xff, 0xff, 0x08, 0xd1, 0xff, 0xff, 0x07, 0xd1, 0xff, 0xff, 0x06, 0xd2, 0xff, 0xff, 0x05, 0xd2, 0xfe, 0xff, 0x03, 0xd3, 0xfe, 0xff, 0x05, 0xd1, 0xff, 0xff, 0x0a, 0xcd, 0xff, 0xff, 0x08, 0xcd, 0xff, 0xff, 0x01, 0xd2, 0xff, 0xff, 0x01, 0xd2, 0xf9, 0xff, 0x10, 0xd5, 0xf4, 0xff, 0x3e, 0xdb, 0xe1, 0xff, 0x9f, 0xfc, 0xd3, 0xff, 0xc1, 0xfe, 0xbe, 0xff, 
  0xc0, 0xff, 0xc0, 0xff, 0xc0, 0xff, 0xc1, 0xff, 0xc1, 0xfe, 0xc1, 0xff, 0xc1, 0xfe, 0xc2, 0xff, 0xc0, 0xfe, 0xc1, 0xff, 0xc0, 0xff, 0xc0, 0xff, 0xbf, 0xff, 0xc0, 0xff, 0xbe, 0xff, 0xbf, 0xff, 0xbd, 0xff, 0xbe, 0xff, 0xbe, 0xfe, 0xbf, 0xff, 0xbf, 0xfd, 0xc0, 0xff, 0xc1, 0xfb, 0xc1, 0xff, 0xc5, 0xf9, 0xc5, 0xff, 0xca, 0xf8, 0xc9, 0xff, 0xd0, 0xfa, 0xce, 0xff, 0xd6, 0xf7, 0xd5, 0xff, 0xe0, 0xf3, 0xe0, 0xff, 0xe3, 0xef, 0xe5, 0xff, 0xe4, 0xef, 0xe5, 0xff, 0xe4, 0xef, 0xe5, 0xff, 0xe5, 0xef, 0xe5, 0xff, 0xe5, 0xef, 0xe5, 0xff, 0xe5, 0xef, 0xe6, 0xff, 0xe5, 0xef, 0xe6, 0xff, 0xe5, 0xef, 0xe5, 0xff, 0xe4, 0xef, 0xe5, 0xff, 0xe4, 0xef, 0xe5, 0xff, 0xe3, 0xef, 0xe5, 0xff, 0xe2, 0xf0, 0xe4, 0xff, 0xe2, 0xf0, 0xe4, 0xff, 0xe2, 0xf1, 0xe3, 0xff, 0xe2, 0xf1, 0xe3, 0xff, 0xe3, 0xf0, 0xe4, 0xff, 0xe4, 0xf0, 0xe4, 0xff, 0xe4, 0xf0, 0xe4, 0xff, 0xe4, 0xf0, 0xe4, 0xff, 0xe4, 0xf0, 0xe4, 0xff, 0xe4, 0xf0, 0xe4, 0xff, 0xe4, 0xf0, 0xe4, 0xff, 0xe4, 0xf0, 0xe4, 0xff, 0xe4, 0xf0, 0xe4, 0xff, 0xe4, 0xf0, 0xe4, 0xff, 0xe4, 0xf0, 0xe4, 0xff, 0xe4, 0xf0, 0xe4, 0xff, 0xe4, 0xf0, 0xe4, 0xff, 0xe4, 0xf0, 0xe4, 0xff, 0xe4, 0xf0, 0xe4, 0xff, 0xe5, 0xf0, 0xe4, 0xff, 0xe6, 0xf0, 0xe4, 0xff, 0xe7, 0xef, 0xe4, 0xff, 0xe6, 0xee, 0xe3, 0xff, 0xe6, 0xee, 0xe3, 0xff, 0xe5, 0xee, 0xe4, 0xff, 0xe4, 0xee, 0xe4, 0xff, 0xe5, 0xef, 0xe4, 0xff, 0xe4, 0xf0, 0xe5, 0xff, 0xe0, 0xed, 0xe3, 0xff, 0xe1, 0xf0, 0xe8, 0xff, 0xdd, 0xef, 0xeb, 0xff, 0xd3, 0xea, 0xe9, 0xff, 0xca, 0xe7, 0xeb, 0xff, 0xc4, 0xe7, 0xee, 0xff, 0xbf, 0xe6, 0xf2, 0xff, 0xba, 0xe4, 0xf1, 0xff, 0xbc, 0xe6, 0xf0, 0xff, 0xbd, 0xe6, 0xef, 0xff, 0xbd, 0xe6, 0xef, 0xff, 0xbd, 0xe6, 0xef, 0xff, 0xbd, 0xe6, 0xef, 0xff, 0xbd, 0xe6, 0xef, 0xff, 0xbd, 0xe6, 0xef, 0xff, 0xbd, 0xe6, 0xef, 0xff, 0xbd, 0xe6, 0xef, 0xff, 0xbd, 0xe6, 0xef, 0xff, 0xbd, 0xe6, 0xef, 0xff, 0xbd, 0xe6, 0xef, 0xff, 0xbd, 0xe6, 0xef, 0xff, 0xbd, 0xe6, 0xef, 0xff, 0xbd, 0xe6, 0xef, 0xff, 0xbc, 0xe6, 0xef, 0xff, 0xbb, 0xe7, 0xef, 0xff, 0xb9, 0xe7, 0xef, 0xff, 0xb7, 0xe7, 0xf0, 0xff, 0xba, 0xe6, 0xf0, 0xff, 0xc1, 0xe5, 0xef, 0xff, 0xc6, 0xe5, 0xee, 0xff, 0xc7, 0xe5, 0xed, 0xff, 0xc3, 0xe6, 0xeb, 0xff, 0xb6, 0xe5, 0xe7, 0xff, 0xbc, 0xea, 0xef, 0xff, 0xc5, 0xe7, 0xf7, 0xff, 0xaf, 0xde, 0xf7, 0xff, 0x91, 0xe5, 0xff, 0xff, 0x4d, 0xc9, 0xf4, 0xff, 0x24, 0xcb, 0xfb, 0xff, 0x0f, 0xd0, 0xff, 0xff, 0x04, 0xce, 0xfc, 0xff, 0x03, 0xd2, 0xff, 0xff, 0x02, 0xd2, 0xff, 0xff, 0x00, 0xd0, 0xfe, 0xff, 0x00, 0xcf, 0xfe, 0xff, 0x00, 0xd0, 0xff, 0xff, 0x01, 0xd0, 0xff, 0xff, 0x03, 0xd0, 0xff, 0xff, 0x05, 0xcf, 0xff, 0xff, 0x07, 0xcf, 0xff, 0xff, 0x08, 0xcf, 0xff, 0xff, 0x08, 0xd0, 0xff, 0xff, 0x06, 0xd0, 0xfe, 0xff, 0x05, 0xd1, 0xfe, 0xff, 0x03, 0xd1, 0xfd, 0xff, 0x05, 0xd0, 0xff, 0xff, 0x0d, 0xcd, 0xff, 0xff, 0x09, 0xce, 0xff, 0xff, 0x00, 0xcf, 0xff, 0xff, 0x02, 0xd2, 0xf8, 0xff, 0x27, 0xdc, 0xef, 0xff, 0x59, 0xe5, 0xdd, 0xff, 0xab, 0xff, 0xd4, 0xff, 0xc0, 0xfa, 0xbc, 0xff, 
  0xc0, 0xff, 0xc0, 0xff, 0xc0, 0xfe, 0xc1, 0xff, 0xc1, 0xfe, 0xc1, 0xff, 0xc1, 0xfe, 0xc1, 0xff, 0xc0, 0xff, 0xc1, 0xff, 0xbf, 0xff, 0xc0, 0xff, 0xbe, 0xff, 0xbf, 0xff, 0xbe, 0xff, 0xbf, 0xff, 0xbc, 0xfe, 0xbd, 0xff, 0xbe, 0xfe, 0xbf, 0xff, 0xbf, 0xfd, 0xc0, 0xff, 0xc1, 0xfa, 0xc2, 0xff, 0xc5, 0xf8, 0xc5, 0xff, 0xcb, 0xf7, 0xca, 0xff, 0xd2, 0xf9, 0xd0, 0xff, 0xd9, 0xf7, 0xd7, 0xff, 0xe0, 0xf2, 0xe1, 0xff, 0xe4, 0xef, 0xe5, 0xff, 0xe4, 0xef, 0xe5, 0xff, 0xe4, 0xef, 0xe5, 0xff, 0xe5, 0xef, 0xe5, 0xff, 0xe6, 0xef, 0xe5, 0xff, 0xe6, 0xef, 0xe5, 0xff, 0xe5, 0xef, 0xe5, 0xff, 0xe4, 0xef, 0xe5, 0xff, 0xe4, 0xef, 0xe5, 0xff, 0xe4, 0xef, 0xe5, 0xff, 0xe3, 0xf0, 0xe5, 0xff, 0xe3, 0xf0, 0xe4, 0xff, 0xe2, 0xf0, 0xe4, 0xff, 0xe2, 0xf1, 0xe3, 0xff, 0xe3, 0xf0, 0xe3, 0xff, 0xe3, 0xf0, 0xe4, 0xff, 0xe4, 0xf0, 0xe4, 0xff, 0xe4, 0xf0, 0xe4, 0xff, 0xe4, 0xf0, 0xe4, 0xff, 0xe4, 0xf0, 0xe4, 0xff, 0xe4, 0xf0, 0xe4, 0xff, 0xe4, 0xf0, 0xe4, 0xff, 0xe4, 0xf0, 0xe4, 0xff, 0xe4, 0xf0, 0xe4, 0xff, 0xe4, 0xf0, 0xe4, 0xff, 0xe4, 0xf0, 0xe4, 0xff, 0xe4, 0xf0, 0xe4, 0xff, 0xe4, 0xf0, 0xe4, 0xff, 0xe4, 0xf0, 0xe4, 0xff, 0xe4, 0xf0, 0xe4, 0xff, 0xe4, 0xf0, 0xe4, 0xff, 0xe6, 0xef, 0xe4, 0xff, 0xe7, 0xef, 0xe4, 0xff, 0xe6, 0xee, 0xe3, 0xff, 0xe6, 0xee, 0xe3, 0xff, 0xe5, 0xee, 0xe4, 0xff, 0xe4, 0xee, 0xe4, 0xff, 0xe4, 0xf0, 0xe4, 0xff, 0xe3, 0xf0, 0xe4, 0xff, 0xe2, 0xef, 0xe4, 0xff, 0xe2, 0xf0, 0xe7, 0xff, 0xe0, 0xef, 0xea, 0xff, 0xd9, 0xeb, 0xea, 0xff, 0xcf, 0xe8, 0xea, 0xff, 0xc7, 0xe7, 0xed, 0xff, 0xbf, 0xe5, 0xf0, 0xff, 0xbb, 0xe4, 0xf0, 0xff, 0xbd, 0xe6, 0xf0, 0xff, 0xbd, 0xe6, 0xef, 0xff, 0xbd, 0xe6, 0xef, 0xff, 0xbd, 0xe6, 0xef, 0xff, 0xbd, 0xe6, 0xef, 0xff, 0xbd, 0xe6, 0xef, 0xff, 0xbd, 0xe6, 0xef, 0xff, 0xbd, 0xe6, 0xef, 0xff, 0xbd, 0xe6, 0xef, 0xff, 0xbd, 0xe6, 0xef, 0xff, 0xbd, 0xe6, 0xef, 0xff, 0xbd, 0xe6, 0xef, 0xff, 0xbd, 0xe6, 0xef, 0xff, 0xbd, 0xe6, 0xef, 0xff, 0xbd, 0xe6, 0xef, 0xff, 0xbc, 0xe6, 0xef, 0xff, 0xb9, 0xe7, 0xee, 0xff, 0xb8, 0xe8, 0xee, 0xff, 0xb6, 0xe7, 0xef, 0xff, 0xba, 0xe6, 0xef, 0xff, 0xc2, 0xe5, 0xef, 0xff, 0xc7, 0xe4, 0xef, 0xff, 0xc9, 0xe4, 0xed, 0xff, 0xc6, 0xe5, 0xec, 0xff, 0xbf, 0xe7, 0xec, 0xff, 0xbf, 0xe8, 0xf0, 0xff, 0xc3, 0xe4, 0xf4, 0xff, 0xae, 0xdc, 0xf7, 0xff, 0x93, 0xe5, 0xff, 0xff, 0x4f, 0xca, 0xf5, 0xff, 0x20, 0xcb, 0xf9, 0xff, 0x0a, 0xce, 0xfd, 0xff, 0x07, 0xd1, 0xfd, 0xff, 0x05, 0xd3, 0xff, 0xff, 0x03, 0xd3, 0xff, 0xff, 0x00, 0xd2, 0xff, 0xff, 0x00, 0xd2, 0xff, 0xff, 0x00, 0xd2, 0xff, 0xff, 0x00, 0xd1, 0xff, 0xff, 0x00, 0xce, 0xfe, 0xff, 0x04, 0xd0, 0xff, 0xff, 0x06, 0xcf, 0xff, 0xff, 0x08, 0xcf, 0xff, 0xff, 0x09, 0xcf, 0xff, 0xff, 0x07, 0xd0, 0xfe, 0xff, 0x06, 0xd0, 0xfe, 0xff, 0x04, 0xd1, 0xfe, 0xff, 0x06, 0xd0, 0xff, 0xff, 0x0b, 0xca, 0xff, 0xff, 0x0a, 0xcd, 0xff, 0xff, 0x00, 0xcf, 0xff, 0xff, 0x09, 0xd4, 0xf6, 0xff, 0x38, 0xd9, 0xdd, 0xff, 0x7c, 0xf3, 0xdd, 0xff, 0xac, 0xfb, 0xcd, 0xff, 0xc2, 0xfc, 0xc2, 0xff, 
  0xc1, 0xff, 0xc0, 0xff, 0xc1, 0xfe, 0xc1, 0xff, 0xc1, 0xfe, 0xc1, 0xff, 0xc1, 0xfe, 0xc1, 0xff, 0xc0, 0xff, 0xc1, 0xff, 0xbf, 0xff, 0xc0, 0xff, 0xbe, 0xff, 0xbf, 0xff, 0xbe, 0xff, 0xbf, 0xff, 0xbb, 0xfe, 0xbd, 0xff, 0xbd, 0xfe, 0xbf, 0xff, 0xc0, 0xfe, 0xc2, 0xff, 0xc3, 0xfb, 0xc4, 0xff, 0xc8, 0xf8, 0xc7, 0xff, 0xcd, 0xf7, 0xcc, 0xff, 0xd5, 0xf8, 0xd3, 0xff, 0xdc, 0xf8, 0xdb, 0xff, 0xe1, 0xf2, 0xe2, 0xff, 0xe4, 0xef, 0xe5, 0xff, 0xe4, 0xef, 0xe5, 0xff, 0xe4, 0xef, 0xe5, 0xff, 0xe5, 0xef, 0xe5, 0xff, 0xe6, 0xef, 0xe5, 0xff, 0xe6, 0xef, 0xe5, 0xff, 0xe5, 0xef, 0xe5, 0xff, 0xe4, 0xef, 0xe5, 0xff, 0xe4, 0xef, 0xe5, 0xff, 0xe4, 0xf0, 0xe4, 0xff, 0xe4, 0xf0, 0xe4, 0xff, 0xe3, 0xf0, 0xe4, 0xff, 0xe3, 0xf0, 0xe4, 0xff, 0xe3, 0xf0, 0xe4, 0xff, 0xe3, 0xf0, 0xe4, 0xff, 0xe4, 0xf0, 0xe4, 0xff, 0xe4, 0xf0, 0xe4, 0xff, 0xe4, 0xf0, 0xe4, 0xff, 0xe4, 0xf0, 0xe4, 0xff, 0xe4, 0xf0, 0xe4, 0xff, 0xe4, 0xf0, 0xe4, 0xff, 0xe4, 0xf0, 0xe4, 0xff, 0xe4, 0xf0, 0xe4, 0xff, 0xe4, 0xf0, 0xe4, 0xff, 0xe4, 0xf0, 0xe4, 0xff, 0xe4, 0xf0, 0xe4, 0xff, 0xe4, 0xf0, 0xe4, 0xff, 0xe4, 0xf0, 0xe4, 0xff, 0xe4, 0xf0, 0xe4, 0xff, 0xe4, 0xf0, 0xe4, 0xff, 0xe4, 0xf0, 0xe4, 0xff, 0xe4, 0xf0, 0xe4, 0xff, 0xe5, 0xef, 0xe4, 0xff, 0xe7, 0xef, 0xe5, 0xff, 0xe6, 0xee, 0xe4, 0xff, 0xe5, 0xee, 0xe3, 0xff, 0xe4, 0xf0, 0xe4, 0xff, 0xe2, 0xf0, 0xe4, 0xff, 0xe2, 0xf0, 0xe4, 0xff, 0xe3, 0xf0, 0xe4, 0xff, 0xe3, 0xef, 0xe5, 0xff, 0xe2, 0xee, 0xe8, 0xff, 0xdf, 0xee, 0xeb, 0xff, 0xd5, 0xeb, 0xec, 0xff, 0xc9, 0xe7, 0xec, 0xff, 0xbf, 0xe5, 0xed, 0xff, 0xbc, 0xe6, 0xf0, 0xff, 0xbd, 0xe6, 0xef, 0xff, 0xbd, 0xe6, 0xef, 0xff, 0xbd, 0xe6, 0xef, 0xff, 0xbd, 0xe6, 0xef, 0xff, 0xbd, 0xe6, 0xef, 0xff, 0xbd, 0xe6, 0xef, 0xff, 0xbd, 0xe6, 0xef, 0xff, 0xbd, 0xe6, 0xef, 0xff, 0xbd, 0xe6, 0xef, 0xff, 0xbd, 0xe6, 0xef, 0xff, 0xbd, 0xe6, 0xef, 0xff, 0xbd, 0xe6, 0xef, 0xff, 0xbd, 0xe6, 0xef, 0xff, 0xbd, 0xe6, 0xef, 0xff, 0xbd, 0xe6, 0xef, 0xff, 0xbc, 0xe6, 0xee, 0xff, 0xba, 0xe8, 0xed, 0xff, 0xb8, 0xe8, 0xed, 0xff, 0xb7, 0xe7, 0xee, 0xff, 0xb9, 0xe6, 0xef, 0xff, 0xbf, 0xe5, 0xf0, 0xff, 0xc3, 0xe4, 0xf0, 0xff, 0xc6, 0xe5, 0xee, 0xff, 0xc5, 0xe5, 0xed, 0xff, 0xc0, 0xe7, 0xec, 0xff, 0xbe, 0xe6, 0xef, 0xff, 0xbe, 0xe3, 0xf4, 0xff, 0xaa, 0xe1, 0xf9, 0xff, 0x8b, 0xe7, 0xff, 0xff, 0x46, 0xcf, 0xf3, 0xff, 0x14, 0xd0, 0xf7, 0xff, 0x01, 0xd4, 0xfc, 0xff, 0x05, 0xd1, 0xfa, 0xff, 0x06, 0xd0, 0xfb, 0xff, 0x02, 0xd1, 0xfc, 0xff, 0x00, 0xd1, 0xfd, 0xff, 0x00, 0xd2, 0xff, 0xff, 0x00, 0xd2, 0xff, 0xff, 0x00, 0xd2, 0xff, 0xff, 0x00, 0xce, 0xfe, 0xff, 0x03, 0xd0, 0xff, 0xff, 0x06, 0xcf, 0xff, 0xff, 0x08, 0xcf, 0xff, 0xff, 0x09, 0xcf, 0xff, 0xff, 0x09, 0xcf, 0xff, 0xff, 0x07, 0xd0, 0xfe, 0xff, 0x05, 0xd1, 0xfe, 0xff, 0x07, 0xd0, 0xff, 0xff, 0x0b, 0xca, 0xff, 0xff, 0x0b, 0xcd, 0xff, 0xff, 0x00, 0xd2, 0xff, 0xff, 0x13, 0xd2, 0xef, 0xff, 0x58, 0xdf, 0xd2, 0xff, 0x9e, 0xfd, 0xd7, 0xff, 0xb0, 0xf8, 0xc9, 0xff, 0xbe, 0xfb, 0xc8, 0xff, 
  0xc1, 0xfe, 0xc1, 0xff, 0xc1, 0xfe, 0xc1, 0xff, 0xc1, 0xfe, 0xc2, 0xff, 0xc1, 0xfe, 0xc1, 0xff, 0xc0, 0xff, 0xc1, 0xff, 0xbf, 0xff, 0xc0, 0xff, 0xbe, 0xff, 0xbf, 0xff, 0xbd, 0xff, 0xbf, 0xff, 0xbc, 0xff, 0xbe, 0xff, 0xbf, 0xff, 0xc1, 0xff, 0xc1, 0xff, 0xc3, 0xff, 0xc5, 0xfb, 0xc5, 0xff, 0xc9, 0xf7, 0xc8, 0xff, 0xce, 0xf6, 0xcd, 0xff, 0xd6, 0xf7, 0xd4, 0xff, 0xde, 0xf7, 0xdc, 0xff, 0xe1, 0xf1, 0xe2, 0xff, 0xe4, 0xef, 0xe5, 0xff, 0xe4, 0xef, 0xe5, 0xff, 0xe4, 0xef, 0xe5, 0xff, 0xe5, 0xef, 0xe5, 0xff, 0xe5, 0xef, 0xe5, 0xff, 0xe5, 0xef, 0xe5, 0xff, 0xe5, 0xef, 0xe5, 0xff, 0xe4, 0xef, 0xe5, 0xff, 0xe4, 0xef, 0xe5, 0xff, 0xe4, 0xf0, 0xe4, 0xff, 0xe4, 0xf0, 0xe4, 0xff, 0xe4, 0xf0, 0xe4, 0xff, 0xe4, 0xf0, 0xe4, 0xff, 0xe4, 0xf0, 0xe4, 0xff, 0xe4, 0xf0, 0xe4, 0xff, 0xe4, 0xf0, 0xe4, 0xff, 0xe4, 0xf0, 0xe4, 0xff, 0xe4, 0xf0, 0xe4, 0xff, 0xe4, 0xf0, 0xe4, 0xff, 0xe4, 0xf0, 0xe4, 0xff, 0xe4, 0xf0, 0xe4, 0xff, 0xe4, 0xf0, 0xe4, 0xff, 0xe4, 0xf0, 0xe4, 0xff, 0xe4, 0xf0, 0xe4, 0xff, 0xe4, 0xf0, 0xe4, 0xff, 0xe4, 0xf0, 0xe4, 0xff, 0xe4, 0xf0, 0xe4, 0xff, 0xe4, 0xf0, 0xe4, 0xff, 0xe4, 0xf0, 0xe4, 0xff, 0xe4, 0xf0, 0xe4, 0xff, 0xe4, 0xf0, 0xe4, 0xff, 0xe3, 0xf0, 0xe4, 0xff, 0xe4, 0xf0, 0xe4, 0xff, 0xe6, 0xef, 0xe5, 0xff, 0xe7, 0xef, 0xe5, 0xff, 0xe6, 0xef, 0xe4, 0xff, 0xe4, 0xf0, 0xe4, 0xff, 0xe1, 0xf1, 0xe4, 0xff, 0xe1, 0xf1, 0xe4, 0xff, 0xe4, 0xf1, 0xe5, 0xff, 0xe3, 0xee, 0xe3, 0xff, 0xe4, 0xed, 0xe5, 0xff, 0xe3, 0xef, 0xea, 0xff, 0xda, 0xec, 0xec, 0xff, 0xcc, 0xe7, 0xea, 0xff, 0xc0, 0xe5, 0xeb, 0xff, 0xbc, 0xe6, 0xee, 0xff, 0xbd, 0xe6, 0xef, 0xff, 0xbd, 0xe6, 0xef, 0xff, 0xbd, 0xe6, 0xef, 0xff, 0xbd, 0xe6, 0xef, 0xff, 0xbd, 0xe6, 0xef, 0xff, 0xbd, 0xe6, 0xef, 0xff, 0xbd, 0xe6, 0xef, 0xff, 0xbd, 0xe6, 0xef, 0xff, 0xbd, 0xe6, 0xef, 0xff, 0xbd, 0xe6, 0xef, 0xff, 0xbd, 0xe6, 0xef, 0xff, 0xbd, 0xe6, 0xef, 0xff, 0xbd, 0xe6, 0xef, 0xff, 0xbd, 0xe6, 0xef, 0xff, 0xbd, 0xe6, 0xef, 0xff, 0xbc, 0xe6, 0xee, 0xff, 0xbb, 0xe8, 0xec, 0xff, 0xba, 0xe8, 0xec, 0xff, 0xb8, 0xe7, 0xee, 0xff, 0xb9, 0xe6, 0xf0, 0xff, 0xbd, 0xe5, 0xf1, 0xff, 0xc0, 0xe4, 0xf0, 0xff, 0xc2, 0xe5, 0xef, 0xff, 0xc1, 0xe6, 0xee, 0xff, 0xbc, 0xe4, 0xea, 0xff, 0xbb, 0xe5, 0xed, 0xff, 0xbb, 0xe7, 0xf4, 0xff, 0xa9, 0xe6, 0xfa, 0xff, 0x85, 0xe5, 0xff, 0xff, 0x43, 0xce, 0xec, 0xff, 0x13, 0xd0, 0xef, 0xff, 0x05, 0xd5, 0xf8, 0xff, 0x0c, 0xd2, 0xf9, 0xff, 0x0d, 0xd0, 0xfa, 0xff, 0x07, 0xcf, 0xf9, 0xff, 0x01, 0xce, 0xfa, 0xff, 0x00, 0xd0, 0xfc, 0xff, 0x00, 0xd0, 0xfe, 0xff, 0x00, 0xd0, 0xff, 0xff, 0x00, 0xcf, 0xff, 0xff, 0x02, 0xd0, 0xff, 0xff, 0x05, 0xcf, 0xff, 0xff, 0x08, 0xcf, 0xff, 0xff, 0x09, 0xcf, 0xff, 0xff, 0x09, 0xcf, 0xff, 0xff, 0x08, 0xd0, 0xff, 0xff, 0x05, 0xd1, 0xfe, 0xff, 0x07, 0xd0, 0xff, 0xff, 0x0d, 0xce, 0xff, 0xff, 0x0d, 0xce, 0xff, 0xff, 0x0c, 0xd5, 0xff, 0xff, 0x25, 0xd3, 0xe5, 0xff, 0x7f, 0xf0, 0xd5, 0xff, 0xaf, 0xfd, 0xcb, 0xff, 0xb7, 0xfc, 0xca, 0xff, 0xba, 0xfa, 0xc9, 0xff, 
  0xc1, 0xfe, 0xc1, 0xff, 0xc1, 0xfe, 0xc2, 0xff, 0xc1, 0xfe, 0xc2, 0xff, 0xc1, 0xfe, 0xc1, 0xff, 0xc0, 0xff, 0xc1, 0xff, 0xbf, 0xff, 0xc0, 0xff, 0xbd, 0xff, 0xbf, 0xff, 0xbd, 0xff, 0xbe, 0xff, 0xbb, 0xff, 0xbe, 0xff, 0xbe, 0xff, 0xc0, 0xff, 0xc1, 0xfe, 0xc2, 0xff, 0xc4, 0xfa, 0xc5, 0xff, 0xc9, 0xf6, 0xc8, 0xff, 0xcf, 0xf4, 0xcd, 0xff, 0xd7, 0xf5, 0xd5, 0xff, 0xdd, 0xf4, 0xdb, 0xff, 0xe1, 0xf0, 0xe1, 0xff, 0xe3, 0xef, 0xe3, 0xff, 0xe3, 0xef, 0xe3, 0xff, 0xe3, 0xef, 0xe3, 0xff, 0xe3, 0xef, 0xe3, 0xff, 0xe3, 0xef, 0xe3, 0xff, 0xe3, 0xef, 0xe3, 0xff, 0xe3, 0xef, 0xe3, 0xff, 0xe4, 0xf0, 0xe4, 0xff, 0xe4, 0xf0, 0xe4, 0xff, 0xe5, 0xf0, 0xe4, 0xff, 0xe5, 0xf0, 0xe4, 0xff, 0xe5, 0xf0, 0xe4, 0xff, 0xe5, 0xef, 0xe4, 0xff, 0xe5, 0xef, 0xe5, 0xff, 0xe5, 0xef, 0xe5, 0xff, 0xe4, 0xf0, 0xe4, 0xff, 0xe4, 0xf0, 0xe4, 0xff, 0xe4, 0xf0, 0xe4, 0xff, 0xe4, 0xf0, 0xe4, 0xff, 0xe4, 0xf0, 0xe4, 0xff, 0xe4, 0xf0, 0xe4, 0xff, 0xe4, 0xf0, 0xe4, 0xff, 0xe4, 0xf0, 0xe4, 0xff, 0xe4, 0xf0, 0xe4, 0xff, 0xe4, 0xf0, 0xe4, 0xff, 0xe4, 0xf0, 0xe4, 0xff, 0xe4, 0xf0, 0xe4, 0xff, 0xe4, 0xf0, 0xe4, 0xff, 0xe4, 0xf0, 0xe4, 0xff, 0xe4, 0xf0, 0xe4, 0xff, 0xe3, 0xf0, 0xe4, 0xff, 0xe3, 0xf0, 0xe4, 0xff, 0xe4, 0xf0, 0xe4, 0xff, 0xe6, 0xef, 0xe5, 0xff, 0xe7, 0xef, 0xe5, 0xff, 0xe6, 0xef, 0xe4, 0xff, 0xe4, 0xf0, 0xe4, 0xff, 0xe1, 0xf1, 0xe3, 0xff, 0xe0, 0xf1, 0xe3, 0xff, 0xe3, 0xf1, 0xe3, 0xff, 0xe3, 0xee, 0xe2, 0xff, 0xe6, 0xec, 0xe3, 0xff, 0xe7, 0xef, 0xe9, 0xff, 0xdf, 0xed, 0xeb, 0xff, 0xd0, 0xe8, 0xea, 0xff, 0xc2, 0xe6, 0xe9, 0xff, 0xbe, 0xe7, 0xed, 0xff, 0xbd, 0xe6, 0xee, 0xff, 0xbd, 0xe6, 0xef, 0xff, 0xbd, 0xe6, 0xef, 0xff, 0xbd, 0xe6, 0xef, 0xff, 0xbd, 0xe6, 0xef, 0xff, 0xbd, 0xe6, 0xef, 0xff, 0xbd, 0xe6, 0xef, 0xff, 0xbd, 0xe6, 0xef, 0xff, 0xbd, 0xe6, 0xef, 0xff, 0xbd, 0xe6, 0xef, 0xff, 0xbd, 0xe6, 0xef, 0xff, 0xbd, 0xe6, 0xef, 0xff, 0xbd, 0xe6, 0xef, 0xff, 0xbd, 0xe6, 0xef, 0xff, 0xbd, 0xe6, 0xef, 0xff, 0xbd, 0xe6, 0xee, 0xff, 0xbb, 0xe6, 0xeb, 0xff, 0xbb, 0xe7, 0xeb, 0xff, 0xb9, 0xe5, 0xee, 0xff, 0xba, 0xe4, 0xf0, 0xff, 0xbb, 0xe3, 0xf1, 0xff, 0xbc, 0xe4, 0xf1, 0xff, 0xbc, 0xe5, 0xef, 0xff, 0xbb, 0xe6, 0xed, 0xff, 0xbb, 0xe8, 0xec, 0xff, 0xb9, 0xe8, 0xed, 0xff, 0xb4, 0xe7, 0xf0, 0xff, 0xa6, 0xe9, 0xf5, 0xff, 0x86, 0xe5, 0xf7, 0xff, 0x4f, 0xd1, 0xe7, 0xff, 0x24, 0xd0, 0xe9, 0xff, 0x12, 0xd0, 0xed, 0xff, 0x19, 0xd1, 0xf6, 0xff, 0x18, 0xcf, 0xf9, 0xff, 0x11, 0xd0, 0xfb, 0xff, 0x0b, 0xd0, 0xfc, 0xff, 0x03, 0xcf, 0xfb, 0xff, 0x00, 0xce, 0xfc, 0xff, 0x00, 0xce, 0xfd, 0xff, 0x00, 0xce, 0xfe, 0xff, 0x02, 0xcf, 0xff, 0xff, 0x04, 0xce, 0xff, 0xff, 0x07, 0xce, 0xff, 0xff, 0x08, 0xce, 0xff, 0xff, 0x08, 0xce, 0xfe, 0xff, 0x07, 0xcf, 0xfe, 0xff, 0x04, 0xd0, 0xfd, 0xff, 0x05, 0xcf, 0xfd, 0xff, 0x09, 0xcf, 0xff, 0xff, 0x10, 0xd0, 0xfb, 0xff, 0x19, 0xd1, 0xef, 0xff, 0x47, 0xdd, 0xe0, 0xff, 0x9f, 0xfb, 0xd5, 0xff, 0xbc, 0xfb, 0xc2, 0xff, 0xbd, 0xfe, 0xc9, 0xff, 0xb9, 0xfb, 0xc7, 0xff, 
  0xc2, 0xfe, 0xc2, 0xff, 0xc2, 0xfe, 0xc2, 0xff, 0xc2, 0xfe, 0xc2, 0xff, 0xc1, 0xfe, 0xc1, 0xff, 0xc0, 0xff, 0xc0, 0xff, 0xbf, 0xff, 0xbf, 0xff, 0xbd, 0xff, 0xbe, 0xff, 0xbc, 0xff, 0xbe, 0xff, 0xbb, 0xff, 0xbe, 0xff, 0xbd, 0xfe, 0xbf, 0xff, 0xc0, 0xfc, 0xc1, 0xff, 0xc5, 0xfa, 0xc5, 0xff, 0xca, 0xf6, 0xca, 0xff, 0xd0, 0xf4, 0xcf, 0xff, 0xd7, 0xf3, 0xd5, 0xff, 0xdc, 0xf2, 0xda, 0xff, 0xe1, 0xf1, 0xe0, 0xff, 0xe3, 0xef, 0xe3, 0xff, 0xe3, 0xef, 0xe3, 0xff, 0xe3, 0xef, 0xe3, 0xff, 0xe3, 0xef, 0xe3, 0xff, 0xe3, 0xef, 0xe3, 0xff, 0xe3, 0xef, 0xe3, 0xff, 0xe3, 0xef, 0xe3, 0xff, 0xe4, 0xf0, 0xe4, 0xff, 0xe4, 0xf0, 0xe4, 0xff, 0xe5, 0xf0, 0xe4, 0xff, 0xe6, 0xf0, 0xe4, 0xff, 0xe6, 0xf0, 0xe4, 0xff, 0xe6, 0xef, 0xe4, 0xff, 0xe6, 0xef, 0xe5, 0xff, 0xe5, 0xef, 0xe5, 0xff, 0xe4, 0xf0, 0xe4, 0xff, 0xe4, 0xf0, 0xe4, 0xff, 0xe4, 0xf0, 0xe4, 0xff, 0xe4, 0xf0, 0xe4, 0xff, 0xe4, 0xf0, 0xe4, 0xff, 0xe4, 0xf0, 0xe4, 0xff, 0xe4, 0xf0, 0xe4, 0xff, 0xe4, 0xf0, 0xe4, 0xff, 0xe4, 0xf0, 0xe4, 0xff, 0xe4, 0xf0, 0xe4, 0xff, 0xe4, 0xf0, 0xe4, 0xff, 0xe4, 0xf0, 0xe4, 0xff, 0xe4, 0xf0, 0xe4, 0xff, 0xe4, 0xf0, 0xe4, 0xff, 0xe4, 0xf0, 0xe4, 0xff, 0xe3, 0xf0, 0xe4, 0xff, 0xe2, 0xf0, 0xe4, 0xff, 0xe3, 0xf0, 0xe4, 0xff, 0xe6, 0xef, 0xe5, 0xff, 0xe7, 0xef, 0xe5, 0xff, 0xe6, 0xef, 0xe4, 0xff, 0xe4, 0xf0, 0xe3, 0xff, 0xe0, 0xf1, 0xe3, 0xff, 0xe0, 0xf2, 0xe2, 0xff, 0xe2, 0xf0, 0xe1, 0xff, 0xe4, 0xee, 0xe1, 0xff, 0xe9, 0xee, 0xe3, 0xff, 0xe8, 0xee, 0xe7, 0xff, 0xe1, 0xed, 0xea, 0xff, 0xd5, 0xeb, 0xea, 0xff, 0xc6, 0xe8, 0xea, 0xff, 0xbe, 0xe7, 0xeb, 0xff, 0xbd, 0xe6, 0xee, 0xff, 0xbd, 0xe6, 0xef, 0xff, 0xbd, 0xe6, 0xef, 0xff, 0xbd, 0xe6, 0xef, 0xff, 0xbd, 0xe6, 0xef, 0xff, 0xbd, 0xe6, 0xef, 0xff, 0xbd, 0xe6, 0xef, 0xff, 0xbd, 0xe6, 0xef, 0xff, 0xbd, 0xe6, 0xef, 0xff, 0xbd, 0xe6, 0xef, 0xff, 0xbd, 0xe6, 0xef, 0xff, 0xbd, 0xe6, 0xef, 0xff, 0xbd, 0xe6, 0xef, 0xff, 0xbd, 0xe6, 0xef, 0xff, 0xbd, 0xe6, 0xef, 0xff, 0xbd, 0xe6, 0xee, 0xff, 0xbb, 0xe6, 0xeb, 0xff, 0xbb, 0xe6, 0xec, 0xff, 0xbc, 0xe5, 0xef, 0xff, 0xbc, 0xe4, 0xf1, 0xff, 0xbc, 0xe3, 0xf2, 0xff, 0xbb, 0xe3, 0xf2, 0xff, 0xba, 0xe5, 0xef, 0xff, 0xb9, 0xe6, 0xed, 0xff, 0xbe, 0xeb, 0xee, 0xff, 0xb8, 0xe8, 0xea, 0xff, 0xb1, 0xe3, 0xe8, 0xff, 0xab, 0xe9, 0xf0, 0xff, 0x9a, 0xe9, 0xf6, 0xff, 0x79, 0xdf, 0xf1, 0xff, 0x56, 0xdc, 0xf1, 0xff, 0x3a, 0xd4, 0xf0, 0xff, 0x29, 0xcc, 0xf2, 0xff, 0x1e, 0xcb, 0xf5, 0xff, 0x18, 0xcd, 0xf8, 0xff, 0x12, 0xd0, 0xfb, 0xff, 0x0a, 0xd0, 0xfd, 0xff, 0x03, 0xd0, 0xfd, 0xff, 0x00, 0xcf, 0xfd, 0xff, 0x00, 0xce, 0xfe, 0xff, 0x02, 0xcf, 0xff, 0xff, 0x05, 0xce, 0xff, 0xff, 0x07, 0xce, 0xff, 0xff, 0x08, 0xce, 0xff, 0xff, 0x08, 0xce, 0xfe, 0xff, 0x07, 0xcf, 0xfe, 0xff, 0x04, 0xcf, 0xfd, 0xff, 0x03, 0xd0, 0xfd, 0xff, 0x01, 0xcd, 0xfc, 0xff, 0x14, 0xd3, 0xf7, 0xff, 0x29, 0xcf, 0xdf, 0xff, 0x6d, 0xed, 0xe1, 0xff, 0xae, 0xfa, 0xcd, 0xff, 0xc5, 0xfc, 0xc0, 0xff, 0xbe, 0xfd, 0xc4, 0xff, 0xba, 0xfe, 0xc5, 0xff, 
  0xc3, 0xfd, 0xc2, 0xff, 0xc2, 0xfe, 0xc2, 0xff, 0xc2, 0xfe, 0xc1, 0xff, 0xc1, 0xff, 0xc0, 0xff, 0xc0, 0xff, 0xc0, 0xff, 0xbf, 0xff, 0xbf, 0xff, 0xbd, 0xff, 0xbe, 0xff, 0xbc, 0xff, 0xbe, 0xff, 0xbb, 0xff, 0xbe, 0xff, 0xbd, 0xfe, 0xbf, 0xff, 0xc0, 0xfc, 0xc2, 0xff, 0xc6, 0xfa, 0xc6, 0xff, 0xcd, 0xf9, 0xcd, 0xff, 0xd4, 0xf8, 0xd3, 0xff, 0xdb, 0xf6, 0xd8, 0xff, 0xdf, 0xf3, 0xdc, 0xff, 0xe2, 0xf2, 0xe1, 0xff, 0xe4, 0xf0, 0xe3, 0xff, 0xe4, 0xf0, 0xe3, 0xff, 0xe4, 0xf0, 0xe3, 0xff, 0xe4, 0xf0, 0xe3, 0xff, 0xe4, 0xf0, 0xe3, 0xff, 0xe4, 0xf0, 0xe3, 0xff, 0xe4, 0xf0, 0xe3, 0xff, 0xe4, 0xf0, 0xe3, 0xff, 0xe4, 0xf0, 0xe3, 0xff, 0xe5, 0xf0, 0xe4, 0xff, 0xe6, 0xf0, 0xe4, 0xff, 0xe6, 0xf0, 0xe4, 0xff, 0xe6, 0xef, 0xe4, 0xff, 0xe7, 0xef, 0xe5, 0xff, 0xe6, 0xef, 0xe5, 0xff, 0xe5, 0xf0, 0xe4, 0xff, 0xe4, 0xf0, 0xe4, 0xff, 0xe4, 0xf0, 0xe4, 0xff, 0xe4, 0xf0, 0xe4, 0xff, 0xe4, 0xf0, 0xe4, 0xff, 0xe4, 0xf0, 0xe4, 0xff, 0xe4, 0xf0, 0xe4, 0xff, 0xe4, 0xf0, 0xe4, 0xff, 0xe4, 0xf0, 0xe4, 0xff, 0xe4, 0xf0, 0xe4, 0xff, 0xe4, 0xf0, 0xe4, 0xff, 0xe4, 0xf0, 0xe4, 0xff, 0xe4, 0xf0, 0xe4, 0xff, 0xe4, 0xf0, 0xe4, 0xff, 0xe4, 0xf0, 0xe4, 0xff, 0xe3, 0xf0, 0xe4, 0xff, 0xe1, 0xf0, 0xe5, 0xff, 0xe2, 0xf0, 0xe5, 0xff, 0xe6, 0xef, 0xe5, 0xff, 0xe8, 0xf0, 0xe6, 0xff, 0xe7, 0xf0, 0xe5, 0xff, 0xe4, 0xf0, 0xe3, 0xff, 0xe0, 0xf2, 0xe2, 0xff, 0xe0, 0xf2, 0xe1, 0xff, 0xe2, 0xf0, 0xe0, 0xff, 0xe7, 0xf0, 0xe2, 0xff, 0xeb, 0xef, 0xe4, 0xff, 0xea, 0xee, 0xe6, 0xff, 0xe3, 0xee, 0xe9, 0xff, 0xd9, 0xee, 0xec, 0xff, 0xca, 0xed, 0xec, 0xff, 0xbf, 0xe9, 0xeb, 0xff, 0xbd, 0xe6, 0xee, 0xff, 0xbd, 0xe6, 0xef, 0xff, 0xbd, 0xe6, 0xef, 0xff, 0xbd, 0xe6, 0xef, 0xff, 0xbd, 0xe6, 0xef, 0xff, 0xbd, 0xe6, 0xef, 0xff, 0xbd, 0xe6, 0xef, 0xff, 0xbd, 0xe6, 0xef, 0xff, 0xbd, 0xe6, 0xef, 0xff, 0xbd, 0xe6, 0xef, 0xff, 0xbd, 0xe6, 0xef, 0xff, 0xbd, 0xe6, 0xef, 0xff, 0xbd, 0xe6, 0xef, 0xff, 0xbd, 0xe6, 0xef, 0xff, 0xbd, 0xe6, 0xef, 0xff, 0xbc, 0xe6, 0xee, 0xff, 0xbb, 0xe7, 0xed, 0xff, 0xbc, 0xe7, 0xed, 0xff, 0xbf, 0xe5, 0xf0, 0xff, 0xc0, 0xe3, 0xf2, 0xff, 0xc0, 0xe3, 0xf4, 0xff, 0xbf, 0xe3, 0xf3, 0xff, 0xbc, 0xe5, 0xf0, 0xff, 0xbc, 0xe7, 0xee, 0xff, 0xbf, 0xe9, 0xeb, 0xff, 0xbe, 0xe9, 0xe9, 0xff, 0xbb, 0xe5, 0xe7, 0xff, 0xbd, 0xe9, 0xef, 0xff, 0xb9, 0xe8, 0xf4, 0xff, 0xad, 0xe5, 0xf7, 0xff, 0x9d, 0xe6, 0xfc, 0xff, 0x7a, 0xdf, 0xfb, 0xff, 0x49, 0xd4, 0xfa, 0xff, 0x2d, 0xd0, 0xfb, 0xff, 0x1e, 0xcb, 0xf6, 0xff, 0x15, 0xcc, 0xf7, 0xff, 0x0e, 0xd0, 0xfc, 0xff, 0x07, 0xd0, 0xfd, 0xff, 0x02, 0xd0, 0xfe, 0xff, 0x01, 0xcf, 0xff, 0xff, 0x03, 0xcf, 0xff, 0xff, 0x05, 0xce, 0xff, 0xff, 0x07, 0xce, 0xff, 0xff, 0x08, 0xce, 0xff, 0xff, 0x07, 0xce, 0xfe, 0xff, 0x06, 0xcf, 0xfe, 0xff, 0x03, 0xcf, 0xfe, 0xff, 0x01, 0xd0, 0xfe, 0xff, 0x00, 0xce, 0xfd, 0xff, 0x17, 0xd4, 0xf4, 0xff, 0x4b, 0xdf, 0xdf, 0xff, 0x8c, 0xf6, 0xdc, 0xff, 0xb6, 0xf7, 0xc9, 0xff, 0xc9, 0xfc, 0xc2, 0xff, 0xbf, 0xfe, 0xc0, 0xff, 0xbb, 0xff, 0xc0, 0xff, 
  0xc2, 0xfe, 0xc1, 0xff, 0xc2, 0xfe, 0xc1, 0xff, 0xc1, 0xfe, 0xc1, 0xff, 0xc0, 0xff, 0xc0, 0xff, 0xc0, 0xff, 0xc0, 0xff, 0xc0, 0xff, 0xc0, 0xff, 0xbf, 0xff, 0xc0, 0xff, 0xc0, 0xfe, 0xc1, 0xff, 0xc2, 0xfe, 0xc4, 0xff, 0xc4, 0xfb, 0xc6, 0xff, 0xc8, 0xf9, 0xc9, 0xff, 0xce, 0xf9, 0xce, 0xff, 0xd6, 0xfa, 0xd6, 0xff, 0xdc, 0xf9, 0xdb, 0xff, 0xe0, 0xf7, 0xdf, 0xff, 0xe2, 0xf4, 0xe0, 0xff, 0xe4, 0xf2, 0xe3, 0xff, 0xe5, 0xf1, 0xe4, 0xff, 0xe5, 0xf1, 0xe4, 0xff, 0xe5, 0xf1, 0xe4, 0xff, 0xe5, 0xf1, 0xe4, 0xff, 0xe5, 0xf1, 0xe4, 0xff, 0xe5, 0xf1, 0xe4, 0xff, 0xe5, 0xf1, 0xe4, 0xff, 0xe4, 0xf0, 0xe3, 0xff, 0xe4, 0xf0, 0xe3, 0xff, 0xe5, 0xf0, 0xe4, 0xff, 0xe5, 0xf0, 0xe4, 0xff, 0xe5, 0xf0, 0xe4, 0xff, 0xe5, 0xef, 0xe4, 0xff, 0xe6, 0xef, 0xe5, 0xff, 0xe6, 0xef, 0xe5, 0xff, 0xe4, 0xf0, 0xe4, 0xff, 0xe4, 0xf0, 0xe4, 0xff, 0xe4, 0xf0, 0xe4, 0xff, 0xe4, 0xf0, 0xe4, 0xff, 0xe4, 0xf0, 0xe4, 0xff, 0xe4, 0xf0, 0xe4, 0xff, 0xe4, 0xf0, 0xe4, 0xff, 0xe4, 0xf0, 0xe4, 0xff, 0xe4, 0xf0, 0xe4, 0xff, 0xe4, 0xf0, 0xe4, 0xff, 0xe4, 0xf0, 0xe4, 0xff, 0xe4, 0xf0, 0xe4, 0xff, 0xe4, 0xf0, 0xe4, 0xff, 0xe4, 0xf0, 0xe4, 0xff, 0xe4, 0xf0, 0xe4, 0xff, 0xe3, 0xf0, 0xe4, 0xff, 0xe2, 0xf0, 0xe5, 0xff, 0xe2, 0xf0, 0xe5, 0xff, 0xe6, 0xf0, 0xe6, 0xff, 0xe7, 0xf0, 0xe6, 0xff, 0xe6, 0xf0, 0xe5, 0xff, 0xe5, 0xf1, 0xe4, 0xff, 0xe1, 0xf1, 0xe2, 0xff, 0xe1, 0xf1, 0xe2, 0xff, 0xe3, 0xf0, 0xe1, 0xff, 0xe8, 0xf1, 0xe3, 0xff, 0xeb, 0xf0, 0xe4, 0xff, 0xe9, 0xee, 0xe5, 0xff, 0xe4, 0xee, 0xe7, 0xff, 0xde, 0xf1, 0xeb, 0xff, 0xd2, 0xf0, 0xeb, 0xff, 0xc6, 0xea, 0xe9, 0xff, 0xc0, 0xe7, 0xec, 0xff, 0xbd, 0xe6, 0xee, 0xff, 0xbd, 0xe6, 0xee, 0xff, 0xbe, 0xe6, 0xee, 0xff, 0xbe, 0xe6, 0xef, 0xff, 0xbe, 0xe6, 0xef, 0xff, 0xbe, 0xe5, 0xef, 0xff, 0xbe, 0xe5, 0xf0, 0xff, 0xbe, 0xe5, 0xf0, 0xff, 0xbd, 0xe6, 0xef, 0xff, 0xbd, 0xe6, 0xef, 0xff, 0xbd, 0xe6, 0xef, 0xff, 0xbd, 0xe6, 0xef, 0xff, 0xbd, 0xe6, 0xef, 0xff, 0xbd, 0xe6, 0xef, 0xff, 0xbc, 0xe6, 0xee, 0xff, 0xbc, 0xe7, 0xee, 0xff, 0xbd, 0xe6, 0xef, 0xff, 0xc0, 0xe4, 0xf1, 0xff, 0xc2, 0xe3, 0xf2, 0xff, 0xc2, 0xe3, 0xf3, 0xff, 0xc1, 0xe3, 0xf3, 0xff, 0xbf, 0xe5, 0xf0, 0xff, 0xbe, 0xe6, 0xee, 0xff, 0xbe, 0xe5, 0xe9, 0xff, 0xc5, 0xeb, 0xed, 0xff, 0xc4, 0xe9, 0xec, 0xff, 0xc6, 0xe9, 0xef, 0xff, 0xc1, 0xe1, 0xed, 0xff, 0xbf, 0xe1, 0xf2, 0xff, 0xbe, 0xe6, 0xfb, 0xff, 0xa4, 0xe5, 0xfe, 0xff, 0x81, 0xe9, 0xff, 0xff, 0x5c, 0xdd, 0xff, 0xff, 0x44, 0xce, 0xf4, 0xff, 0x2f, 0xcb, 0xf3, 0xff, 0x19, 0xce, 0xf8, 0xff, 0x0c, 0xd0, 0xfd, 0xff, 0x06, 0xce, 0xff, 0xff, 0x04, 0xce, 0xff, 0xff, 0x05, 0xce, 0xff, 0xff, 0x06, 0xce, 0xff, 0xff, 0x08, 0xcf, 0xfd, 0xff, 0x08, 0xcf, 0xfc, 0xff, 0x06, 0xd0, 0xfc, 0xff, 0x04, 0xd0, 0xfd, 0xff, 0x03, 0xcf, 0xff, 0xff, 0x08, 0xd0, 0xfb, 0xff, 0x14, 0xd3, 0xf4, 0xff, 0x2f, 0xd5, 0xe2, 0xff, 0x76, 0xf4, 0xe4, 0xff, 0x9c, 0xf8, 0xd2, 0xff, 0xbc, 0xfb, 0xc9, 0xff, 0xc6, 0xfc, 0xc1, 0xff, 0xc0, 0xfe, 0xbe, 0xff, 0xbd, 0xff, 0xbd, 0xff, 
  0xbe, 0xfe, 0xc0, 0xff, 0xbf, 0xff, 0xc1, 0xff, 0xc0, 0xff, 0xc2, 0xff, 0xbf, 0xff, 0xc1, 0xff, 0xbf, 0xfd, 0xc0, 0xff, 0xc0, 0xfb, 0xc0, 0xff, 0xc3, 0xfb, 0xc4, 0xff, 0xc7, 0xf9, 0xc8, 0xff, 0xca, 0xf6, 0xcb, 0xff, 0xd2, 0xf6, 0xd2, 0xff, 0xd9, 0xf6, 0xd9, 0xff, 0xdc, 0xf4, 0xdc, 0xff, 0xde, 0xf2, 0xdf, 0xff, 0xdf, 0xf1, 0xe1, 0xff, 0xe2, 0xf1, 0xe3, 0xff, 0xe4, 0xf1, 0xe5, 0xff, 0xe4, 0xf1, 0xe5, 0xff, 0xe5, 0xf1, 0xe5, 0xff, 0xe5, 0xf1, 0xe5, 0xff, 0xe5, 0xf1, 0xe5, 0xff, 0xe5, 0xf1, 0xe5, 0xff, 0xe5, 0xf1, 0xe5, 0xff, 0xe5, 0xf1, 0xe5, 0xff, 0xe5, 0xf1, 0xe5, 0xff, 0xe5, 0xf1, 0xe5, 0xff, 0xe5, 0xf1, 0xe5, 0xff, 0xe5, 0xf1, 0xe5, 0xff, 0xe5, 0xf1, 0xe5, 0xff, 0xe5, 0xf1, 0xe5, 0xff, 0xe5, 0xf1, 0xe5, 0xff, 0xe6, 0xf1, 0xe5, 0xff, 0xe5, 0xf1, 0xe5, 0xff, 0xe5, 0xf1, 0xe5, 0xff, 0xe5, 0xf1, 0xe5, 0xff, 0xe5, 0xf1, 0xe5, 0xff, 0xe5, 0xf1, 0xe5, 0xff, 0xe5, 0xf1, 0xe5, 0xff, 0xe5, 0xf1, 0xe5, 0xff, 0xe5, 0xf1, 0xe5, 0xff, 0xe5, 0xf1, 0xe5, 0xff, 0xe5, 0xf1, 0xe5, 0xff, 0xe5, 0xf1, 0xe5, 0xff, 0xe5, 0xf1, 0xe5, 0xff, 0xe5, 0xf1, 0xe5, 0xff, 0xe5, 0xf1, 0xe5, 0xff, 0xe5, 0xf1, 0xe5, 0xff, 0xe5, 0xf1, 0xe5, 0xff, 0xe5, 0xf1, 0xe5, 0xff, 0xe4, 0xf1, 0xe5, 0xff, 0xe4, 0xf1, 0xe5, 0xff, 0xe5, 0xf1, 0xe5, 0xff, 0xe6, 0xf1, 0xe5, 0xff, 0xe5, 0xf1, 0xe5, 0xff, 0xe5, 0xf1, 0xe5, 0xff, 0xe4, 0xf1, 0xe4, 0xff, 0xe4, 0xf1, 0xe4, 0xff, 0xe5, 0xf1, 0xe4, 0xff, 0xe6, 0xf1, 0xe4, 0xff, 0xe7, 0xf1, 0xe5, 0xff, 0xe7, 0xf0, 0xe5, 0xff, 0xe5, 0xf0, 0xe6, 0xff, 0xe1, 0xef, 0xe6, 0xff, 0xde, 0xf0, 0xe6, 0xff, 0xd7, 0xf0, 0xea, 0xff, 0xc6, 0xea, 0xea, 0xff, 0xc1, 0xeb, 0xee, 0xff, 0xc1, 0xea, 0xef, 0xff, 0xc1, 0xe9, 0xef, 0xff, 0xbf, 0xe6, 0xee, 0xff, 0xc0, 0xe6, 0xef, 0xff, 0xc1, 0xe6, 0xf1, 0xff, 0xc2, 0xe8, 0xf3, 0xff, 0xbf, 0xe5, 0xf0, 0xff, 0xbe, 0xe5, 0xf0, 0xff, 0xbd, 0xe6, 0xef, 0xff, 0xbd, 0xe6, 0xef, 0xff, 0xbc, 0xe6, 0xee, 0xff, 0xbc, 0xe7, 0xee, 0xff, 0xbc, 0xe7, 0xed, 0xff, 0xbc, 0xe6, 0xee, 0xff, 0xbf, 0xe6, 0xf1, 0xff, 0xc0, 0xe5, 0xf3, 0xff, 0xc1, 0xe5, 0xf3, 0xff, 0xc2, 0xe5, 0xf3, 0xff, 0xc3, 0xe4, 0xf3, 0xff, 0xc3, 0xe5, 0xf2, 0xff, 0xc3, 0xe5, 0xf1, 0xff, 0xc3, 0xe6, 0xf0, 0xff, 0xc3, 0xe5, 0xee, 0xff, 0xc3, 0xe5, 0xee, 0xff, 0xc2, 0xe5, 0xee, 0xff, 0xc2, 0xe5, 0xef, 0xff, 0xc2, 0xe4, 0xf1, 0xff, 0xc1, 0xe3, 0xf3, 0xff, 0xbe, 0xe3, 0xf4, 0xff, 0xb7, 0xe4, 0xf6, 0xff, 0xab, 0xe5, 0xf7, 0xff, 0xa4, 0xea, 0xfe, 0xff, 0x93, 0xe2, 0xfd, 0xff, 0x66, 0xd4, 0xf4, 0xff, 0x2a, 0xcc, 0xf2, 0xff, 0x0f, 0xcc, 0xfa, 0xff, 0x0c, 0xcc, 0xff, 0xff, 0x09, 0xcc, 0xff, 0xff, 0x08, 0xcd, 0xff, 0xff, 0x07, 0xce, 0xff, 0xff, 0x06, 0xcf, 0xf7, 0xff, 0x04, 0xcf, 0xf3, 0xff, 0x03, 0xd3, 0xf7, 0xff, 0x03, 0xd2, 0xfb, 0xff, 0x02, 0xcf, 0xff, 0xff, 0x17, 0xcf, 0xf4, 0xff, 0x41, 0xd4, 0xda, 0xff, 0x71, 0xe9, 0xd8, 0xff, 0x92, 0xf8, 0xd8, 0xff, 0xa4, 0xfa, 0xcd, 0xff, 0xb4, 0xfa, 0xc4, 0xff, 0xc0, 0xfe, 0xc1, 0xff, 0xc3, 0xff, 0xc1, 0xff, 0xc0, 0xff, 0xbd, 0xff, 
  0xbd, 0xfe, 0xbf, 0xff, 0xbd, 0xfe, 0xc0, 0xff, 0xbe, 0xff, 0xc1, 0xff, 0xbf, 0xfe, 0xc1, 0xff, 0xc0, 0xfc, 0xc1, 0xff, 0xc3, 0xfb, 0xc4, 0xff, 0xc8, 0xf9, 0xc8, 0xff, 0xcd, 0xf7, 0xcd, 0xff, 0xd5, 0xf6, 0xd4, 0xff, 0xdb, 0xf5, 0xda, 0xff, 0xe1, 0xf4, 0xe0, 0xff, 0xe3, 0xf2, 0xe3, 0xff, 0xe3, 0xf0, 0xe4, 0xff, 0xe4, 0xef, 0xe6, 0xff, 0xe4, 0xf0, 0xe7, 0xff, 0xe5, 0xf1, 0xe8, 0xff, 0xe4, 0xf0, 0xe4, 0xff, 0xe5, 0xf1, 0xe5, 0xff, 0xe5, 0xf1, 0xe5, 0xff, 0xe5, 0xf1, 0xe5, 0xff, 0xe5, 0xf1, 0xe5, 0xff, 0xe5, 0xf1, 0xe5, 0xff, 0xe5, 0xf1, 0xe5, 0xff, 0xe4, 0xf0, 0xe4, 0xff, 0xe5, 0xf1, 0xe5, 0xff, 0xe5, 0xf1, 0xe5, 0xff, 0xe5, 0xf1, 0xe5, 0xff, 0xe5, 0xf1, 0xe5, 0xff, 0xe5, 0xf1, 0xe5, 0xff, 0xe5, 0xf1, 0xe5, 0xff, 0xe5, 0xf1, 0xe5, 0xff, 0xe5, 0xf1, 0xe5, 0xff, 0xe5, 0xf1, 0xe5, 0xff, 0xe5, 0xf1, 0xe5, 0xff, 0xe5, 0xf1, 0xe5, 0xff, 0xe5, 0xf1, 0xe5, 0xff, 0xe5, 0xf1, 0xe5, 0xff, 0xe5, 0xf1, 0xe5, 0xff, 0xe5, 0xf1, 0xe5, 0xff, 0xe5, 0xf1, 0xe5, 0xff, 0xe5, 0xf1, 0xe5, 0xff, 0xe5, 0xf1, 0xe5, 0xff, 0xe5, 0xf1, 0xe5, 0xff, 0xe5, 0xf1, 0xe5, 0xff, 0xe5, 0xf1, 0xe5, 0xff, 0xe5, 0xf1, 0xe5, 0xff, 0xe5, 0xf1, 0xe5, 0xff, 0xe5, 0xf1, 0xe5, 0xff, 0xe5, 0xf1, 0xe5, 0xff, 0xe5, 0xf1, 0xe5, 0xff, 0xe5, 0xf1, 0xe5, 0xff, 0xe5, 0xf1, 0xe5, 0xff, 0xe5, 0xf1, 0xe5, 0xff, 0xe5, 0xf1, 0xe5, 0xff, 0xe5, 0xf1, 0xe5, 0xff, 0xe5, 0xf1, 0xe5, 0xff, 0xe5, 0xf1, 0xe5, 0xff, 0xe5, 0xf1, 0xe5, 0xff, 0xe5, 0xf1, 0xe5, 0xff, 0xe5, 0xf1, 0xe5, 0xff, 0xe5, 0xf1, 0xe5, 0xff, 0xe4, 0xf0, 0xe4, 0xff, 0xe4, 0xf0, 0xe4, 0xff, 0xdd, 0xf0, 0xe7, 0xff, 0xcd, 0xec, 0xea, 0xff, 0xc4, 0xea, 0xeb, 0xff, 0xc3, 0xe9, 0xeb, 0xff, 0xc1, 0xe7, 0xeb, 0xff, 0xc1, 0xe6, 0xed, 0xff, 0xc1, 0xe7, 0xef, 0xff, 0xc2, 0xe7, 0xf2, 0xff, 0xc1, 0xe7, 0xf2, 0xff, 0xbf, 0xe6, 0xf1, 0xff, 0xbe, 0xe6, 0xf1, 0xff, 0xbd, 0xe7, 0xf1, 0xff, 0xbd, 0xe7, 0xf0, 0xff, 0xbd, 0xe7, 0xef, 0xff, 0xbd, 0xe8, 0xef, 0xff, 0xbd, 0xe8, 0xee, 0xff, 0xbe, 0xe7, 0xef, 0xff, 0xbf, 0xe5, 0xf2, 0xff, 0xc0, 0xe5, 0xf3, 0xff, 0xc0, 0xe5, 0xf3, 0xff, 0xc1, 0xe5, 0xf2, 0xff, 0xc1, 0xe6, 0xf1, 0xff, 0xc2, 0xe6, 0xf1, 0xff, 0xc3, 0xe6, 0xf0, 0xff, 0xc3, 0xe6, 0xf0, 0xff, 0xc3, 0xe6, 0xf0, 0xff, 0xc3, 0xe6, 0xf0, 0xff, 0xc2, 0xe6, 0xf1, 0xff, 0xc1, 0xe6, 0xf1, 0xff, 0xc1, 0xe5, 0xf2, 0xff, 0xc0, 0xe5, 0xf3, 0xff, 0xc0, 0xe5, 0xf3, 0xff, 0xc0, 0xe5, 0xf2, 0xff, 0xc0, 0xe7, 0xf0, 0xff, 0xbb, 0xe6, 0xf0, 0xff, 0xb5, 0xe5, 0xf6, 0xff, 0x98, 0xe3, 0xfb, 0xff, 0x60, 0xdb, 0xfa, 0xff, 0x2e, 0xcd, 0xf5, 0xff, 0x11, 0xc9, 0xfb, 0xff, 0x07, 0xcc, 0xff, 0xff, 0x02, 0xc8, 0xff, 0xff, 0x07, 0xce, 0xff, 0xff, 0x06, 0xd0, 0xfc, 0xff, 0x03, 0xce, 0xf6, 0xff, 0x04, 0xd0, 0xf5, 0xff, 0x06, 0xd0, 0xf5, 0xff, 0x0a, 0xce, 0xf7, 0xff, 0x2a, 0xd3, 0xeb, 0xff, 0x6c, 0xe4, 0xd8, 0xff, 0x96, 0xf3, 0xd0, 0xff, 0xa5, 0xfc, 0xd1, 0xff, 0xae, 0xfd, 0xcb, 0xff, 0xb6, 0xfe, 0xc3, 0xff, 0xbf, 0xff, 0xc1, 0xff, 0xc3, 0xff, 0xbf, 0xff, 0xc2, 0xfe, 0xbb, 0xff, 
  0xbd, 0xfe, 0xbf, 0xff, 0xbd, 0xfe, 0xc0, 0xff, 0xbe, 0xfe, 0xc0, 0xff, 0xbf, 0xfd, 0xc1, 0xff, 0xc2, 0xfb, 0xc3, 0xff, 0xc6, 0xfa, 0xc7, 0xff, 0xcc, 0xfa, 0xcc, 0xff, 0xd2, 0xf8, 0xd1, 0xff, 0xda, 0xf8, 0xd9, 0xff, 0xde, 0xf6, 0xde, 0xff, 0xe3, 0xf5, 0xe3, 0xff, 0xe4, 0xf3, 0xe5, 0xff, 0xe4, 0xf1, 0xe6, 0xff, 0xe3, 0xef, 0xe5, 0xff, 0xe3, 0xef, 0xe6, 0xff, 0xe4, 0xf0, 0xe6, 0xff, 0xe3, 0xf0, 0xe4, 0xff, 0xe4, 0xf0, 0xe4, 0xff, 0xe5, 0xf1, 0xe5, 0xff, 0xe5, 0xf1, 0xe5, 0xff, 0xe5, 0xf1, 0xe5, 0xff, 0xe5, 0xf1, 0xe5, 0xff, 0xe4, 0xf0, 0xe4, 0xff, 0xe4, 0xf0, 0xe4, 0xff, 0xe5, 0xf1, 0xe5, 0xff, 0xe5, 0xf1, 0xe5, 0xff, 0xe5, 0xf1, 0xe5, 0xff, 0xe5, 0xf1, 0xe5, 0xff, 0xe5, 0xf1, 0xe5, 0xff, 0xe5, 0xf1, 0xe5, 0xff, 0xe5, 0xf1, 0xe5, 0xff, 0xe5, 0xf1, 0xe5, 0xff, 0xe5, 0xf1, 0xe5, 0xff, 0xe5, 0xf1, 0xe5, 0xff, 0xe5, 0xf1, 0xe5, 0xff, 0xe5, 0xf1, 0xe5, 0xff, 0xe5, 0xf1, 0xe5, 0xff, 0xe5, 0xf1, 0xe5, 0xff, 0xe5, 0xf1, 0xe5, 0xff, 0xe5, 0xf1, 0xe5, 0xff, 0xe4, 0xf0, 0xe4, 0xff, 0xe4, 0xf0, 0xe4, 0xff, 0xe4, 0xf0, 0xe4, 0xff, 0xe4, 0xf0, 0xe4, 0xff, 0xe4, 0xf0, 0xe4, 0xff, 0xe4, 0xf0, 0xe4, 0xff, 0xe4, 0xf0, 0xe4, 0xff, 0xe4, 0xf0, 0xe4, 0xff, 0xe5, 0xf1, 0xe5, 0xff, 0xe5, 0xf1, 0xe5, 0xff, 0xe5, 0xf1, 0xe5, 0xff, 0xe5, 0xf1, 0xe5, 0xff, 0xe5, 0xf1, 0xe5, 0xff, 0xe5, 0xf1, 0xe5, 0xff, 0xe5, 0xf1, 0xe5, 0xff, 0xe5, 0xf1, 0xe5, 0xff, 0xe5, 0xf1, 0xe5, 0xff, 0xe5, 0xf1, 0xe5, 0xff, 0xe5, 0xf1, 0xe5, 0xff, 0xe5, 0xf1, 0xe5, 0xff, 0xe5, 0xf1, 0xe5, 0xff, 0xe4, 0xf0, 0xe4, 0xff, 0xe4, 0xf0, 0xe4, 0xff, 0xdf, 0xef, 0xe7, 0xff, 0xd4, 0xee, 0xeb, 0xff, 0xcc, 0xea, 0xeb, 0xff, 0xc7, 0xe7, 0xe8, 0xff, 0xc4, 0xe6, 0xe9, 0xff, 0xc4, 0xe7, 0xed, 0xff, 0xc2, 0xe8, 0xef, 0xff, 0xc0, 0xe8, 0xf1, 0xff, 0xbe, 0xe8, 0xf2, 0xff, 0xbd, 0xe8, 0xf2, 0xff, 0xbd, 0xe8, 0xf2, 0xff, 0xbc, 0xe8, 0xf2, 0xff, 0xbd, 0xe8, 0xf2, 0xff, 0xbe, 0xe8, 0xf1, 0xff, 0xbf, 0xe8, 0xf1, 0xff, 0xc0, 0xe8, 0xf1, 0xff, 0xc0, 0xe8, 0xf1, 0xff, 0xbd, 0xe6, 0xf2, 0xff, 0xbd, 0xe6, 0xf2, 0xff, 0xbd, 0xe6, 0xf1, 0xff, 0xbe, 0xe7, 0xf1, 0xff, 0xbf, 0xe7, 0xf0, 0xff, 0xbf, 0xe7, 0xef, 0xff, 0xc0, 0xe7, 0xef, 0xff, 0xc0, 0xe7, 0xef, 0xff, 0xc1, 0xe8, 0xf0, 0xff, 0xc1, 0xe8, 0xf0, 0xff, 0xc0, 0xe8, 0xf0, 0xff, 0xc0, 0xe8, 0xf1, 0xff, 0xbf, 0xe8, 0xf2, 0xff, 0xbe, 0xe7, 0xf2, 0xff, 0xbe, 0xe7, 0xf3, 0xff, 0xbc, 0xe8, 0xf2, 0xff, 0xbb, 0xe9, 0xf0, 0xff, 0xb7, 0xe8, 0xee, 0xff, 0xba, 0xea, 0xf2, 0xff, 0xb7, 0xed, 0xfb, 0xff, 0xa6, 0xe6, 0xfc, 0xff, 0x70, 0xd7, 0xf4, 0xff, 0x24, 0xd1, 0xf2, 0xff, 0x01, 0xce, 0xf8, 0xff, 0x03, 0xcb, 0xff, 0xff, 0x03, 0xca, 0xff, 0xff, 0x00, 0xc7, 0xff, 0xff, 0x02, 0xc8, 0xff, 0xff, 0x10, 0xd0, 0xfc, 0xff, 0x16, 0xcf, 0xf1, 0xff, 0x1e, 0xd0, 0xe8, 0xff, 0x44, 0xdd, 0xe2, 0xff, 0x87, 0xf6, 0xde, 0xff, 0xa4, 0xfa, 0xd0, 0xff, 0xad, 0xfe, 0xcd, 0xff, 0xb4, 0xfe, 0xc7, 0xff, 0xbc, 0xff, 0xc1, 0xff, 0xc1, 0xff, 0xbe, 0xff, 0xc3, 0xff, 0xbb, 0xff, 0xc4, 0xfe, 0xba, 0xff, 
  0xbd, 0xfe, 0xc0, 0xff, 0xbe, 0xfd, 0xc0, 0xff, 0xbe, 0xfc, 0xc0, 0xff, 0xc1, 0xfa, 0xc2, 0xff, 0xc5, 0xf9, 0xc6, 0xff, 0xca, 0xf9, 0xcb, 0xff, 0xd2, 0xfa, 0xd1, 0xff, 0xd7, 0xf8, 0xd6, 0xff, 0xdc, 0xf6, 0xdb, 0xff, 0xe0, 0xf5, 0xdf, 0xff, 0xe3, 0xf4, 0xe3, 0xff, 0xe4, 0xf1, 0xe4, 0xff, 0xe3, 0xf0, 0xe4, 0xff, 0xe3, 0xef, 0xe5, 0xff, 0xe2, 0xf0, 0xe5, 0xff, 0xe2, 0xf0, 0xe5, 0xff, 0xe3, 0xf0, 0xe4, 0xff, 0xe4, 0xf0, 0xe4, 0xff, 0xe4, 0xf0, 0xe4, 0xff, 0xe4, 0xf0, 0xe4, 0xff, 0xe4, 0xf0, 0xe4, 0xff, 0xe4, 0xf0, 0xe4, 0xff, 0xe4, 0xf0, 0xe4, 0xff, 0xe4, 0xf0, 0xe4, 0xff, 0xe5, 0xf1, 0xe5, 0xff, 0xe5, 0xf1, 0xe5, 0xff, 0xe5, 0xf1, 0xe5, 0xff, 0xe5, 0xf1, 0xe5, 0xff, 0xe5, 0xf1, 0xe5, 0xff, 0xe5, 0xf1, 0xe5, 0xff, 0xe5, 0xf1, 0xe5, 0xff, 0xe5, 0xf1, 0xe5, 0xff, 0xe5, 0xf1, 0xe5, 0xff, 0xe5, 0xf1, 0xe5, 0xff, 0xe5, 0xf1, 0xe5, 0xff, 0xe5, 0xf1, 0xe5, 0xff, 0xe5, 0xf1, 0xe5, 0xff, 0xe5, 0xf1, 0xe5, 0xff, 0xe5, 0xf1, 0xe5, 0xff, 0xe5, 0xf1, 0xe5, 0xff, 0xe4, 0xf0, 0xe4, 0xff, 0xe4, 0xf0, 0xe4, 0xff, 0xe4, 0xf0, 0xe4, 0xff, 0xe4, 0xf0, 0xe4, 0xff, 0xe4, 0xf0, 0xe4, 0xff, 0xe4, 0xf0, 0xe4, 0xff, 0xe4, 0xf0, 0xe4, 0xff, 0xe4, 0xf0, 0xe4, 0xff, 0xe5, 0xf1, 0xe5, 0xff, 0xe5, 0xf1, 0xe5, 0xff, 0xe5, 0xf1, 0xe5, 0xff, 0xe5, 0xf1, 0xe5, 0xff, 0xe5, 0xf1, 0xe5, 0xff, 0xe5, 0xf1, 0xe5, 0xff, 0xe5, 0xf1, 0xe5, 0xff, 0xe5, 0xf1, 0xe5, 0xff, 0xe5, 0xf1, 0xe5, 0xff, 0xe5, 0xf1, 0xe5, 0xff, 0xe5, 0xf1, 0xe5, 0xff, 0xe5, 0xf1, 0xe5, 0xff, 0xe5, 0xf1, 0xe5, 0xff, 0xe5, 0xf1, 0xe5, 0xff, 0xe5, 0xf1, 0xe5, 0xff, 0xe2, 0xf0, 0xe7, 0xff, 0xdc, 0xef, 0xeb, 0xff, 0xd5, 0xec, 0xeb, 0xff, 0xcf, 0xe9, 0xe9, 0xff, 0xca, 0xe7, 0xe8, 0xff, 0xc6, 0xe7, 0xea, 0xff, 0xc2, 0xe7, 0xed, 0xff, 0xbf, 0xe8, 0xf0, 0xff, 0xbd, 0xe8, 0xf1, 0xff, 0xbb, 0xe8, 0xf2, 0xff, 0xbb, 0xe8, 0xf2, 0xff, 0xbb, 0xe8, 0xf2, 0xff, 0xbc, 0xe8, 0xf2, 0xff, 0xbe, 0xe8, 0xf2, 0xff, 0xc0, 0xe7, 0xf2, 0xff, 0xc2, 0xe7, 0xf2, 0xff, 0xc2, 0xe7, 0xf2, 0xff, 0xbd, 0xe7, 0xf1, 0xff, 0xbc, 0xe7, 0xf1, 0xff, 0xbc, 0xe7, 0xf0, 0xff, 0xbd, 0xe7, 0xef, 0xff, 0xbe, 0xe8, 0xef, 0xff, 0xbe, 0xe8, 0xee, 0xff, 0xbe, 0xe8, 0xee, 0xff, 0xbe, 0xe8, 0xee, 0xff, 0xbf, 0xe9, 0xef, 0xff, 0xbf, 0xe9, 0xef, 0xff, 0xbf, 0xe9, 0xef, 0xff, 0xbf, 0xe9, 0xf0, 0xff, 0xbe, 0xe8, 0xf0, 0xff, 0xbd, 0xe8, 0xf1, 0xff, 0xbd, 0xe8, 0xf2, 0xff, 0xbc, 0xe8, 0xf1, 0xff, 0xbc, 0xe9, 0xf0, 0xff, 0xbd, 0xec, 0xf1, 0xff, 0xbb, 0xea, 0xee, 0xff, 0xbb, 0xe7, 0xed, 0xff, 0xc0, 0xe7, 0xf2, 0xff, 0xa2, 0xe8, 0xf9, 0xff, 0x55, 0xde, 0xf4, 0xff, 0x1b, 0xcd, 0xee, 0xff, 0x0c, 0xcb, 0xff, 0xff, 0x03, 0xc9, 0xff, 0xff, 0x00, 0xc4, 0xff, 0xff, 0x05, 0xc7, 0xff, 0xff, 0x19, 0xcf, 0xfa, 0xff, 0x26, 0xce, 0xe6, 0xff, 0x41, 0xd8, 0xdc, 0xff, 0x6f, 0xee, 0xde, 0xff, 0x9b, 0xfc, 0xd8, 0xff, 0xad, 0xfc, 0xcb, 0xff, 0xb3, 0xfd, 0xc6, 0xff, 0xba, 0xff, 0xc3, 0xff, 0xc0, 0xff, 0xbf, 0xff, 0xc3, 0xff, 0xbb, 0xff, 0xc5, 0xff, 0xba, 0xff, 0xc6, 0xff, 0xba, 0xff, 
  0xbe, 0xfd, 0xc0, 0xff, 0xbf, 0xfd, 0xc1, 0xff, 0xc1, 0xfa, 0xc2, 0xff, 0xc5, 0xf9, 0xc6, 0xff, 0xcb, 0xf9, 0xcb, 0xff, 0xd1, 0xf9, 0xd0, 0xff, 0xd7, 0xf8, 0xd6, 0xff, 0xdd, 0xf7, 0xdb, 0xff, 0xdf, 0xf4, 0xde, 0xff, 0xe1, 0xf2, 0xe1, 0xff, 0xe4, 0xf2, 0xe4, 0xff, 0xe4, 0xf1, 0xe5, 0xff, 0xe4, 0xf0, 0xe4, 0xff, 0xe3, 0xf0, 0xe4, 0xff, 0xe2, 0xf0, 0xe4, 0xff, 0xe2, 0xf0, 0xe4, 0xff, 0xe3, 0xf0, 0xe4, 0xff, 0xe4, 0xf0, 0xe4, 0xff, 0xe4, 0xf0, 0xe4, 0xff, 0xe4, 0xf0, 0xe4, 0xff, 0xe4, 0xf0, 0xe4, 0xff, 0xe4, 0xf0, 0xe4, 0xff, 0xe4, 0xf0, 0xe4, 0xff, 0xe4, 0xf0, 0xe4, 0xff, 0xe5, 0xf1, 0xe5, 0xff, 0xe5, 0xf1, 0xe5, 0xff, 0xe5, 0xf1, 0xe5, 0xff, 0xe5, 0xf1, 0xe5, 0xff, 0xe5, 0xf1, 0xe5, 0xff, 0xe5, 0xf1, 0xe5, 0xff, 0xe5, 0xf1, 0xe5, 0xff, 0xe5, 0xf1, 0xe5, 0xff, 0xe5, 0xf1, 0xe5, 0xff, 0xe5, 0xf1, 0xe5, 0xff, 0xe5, 0xf1, 0xe5, 0xff, 0xe5, 0xf1, 0xe5, 0xff, 0xe5, 0xf1, 0xe5, 0xff, 0xe5, 0xf1, 0xe5, 0xff, 0xe5, 0xf1, 0xe5, 0xff, 0xe5, 0xf1, 0xe5, 0xff, 0xe5, 0xf1, 0xe5, 0xff, 0xe5, 0xf1, 0xe5, 0xff, 0xe5, 0xf1, 0xe5, 0xff, 0xe5, 0xf1, 0xe5, 0xff, 0xe5, 0xf1, 0xe5, 0xff, 0xe5, 0xf1, 0xe5, 0xff, 0xe5, 0xf1, 0xe5, 0xff, 0xe5, 0xf1, 0xe5, 0xff, 0xe5, 0xf1, 0xe5, 0xff, 0xe5, 0xf1, 0xe5, 0xff, 0xe5, 0xf1, 0xe5, 0xff, 0xe5, 0xf1, 0xe5, 0xff, 0xe5, 0xf1, 0xe5, 0xff, 0xe5, 0xf1, 0xe5, 0xff, 0xe5, 0xf1, 0xe5, 0xff, 0xe5, 0xf1, 0xe5, 0xff, 0xe5, 0xf1, 0xe5, 0xff, 0xe5, 0xf1, 0xe5, 0xff, 0xe5, 0xf1, 0xe5, 0xff, 0xe5, 0xf1, 0xe5, 0xff, 0xe5, 0xf1, 0xe5, 0xff, 0xe5, 0xf1, 0xe5, 0xff, 0xe5, 0xf1, 0xe5, 0xff, 0xe4, 0xf0, 0xe6, 0xff, 0xe2, 0xef, 0xe9, 0xff, 0xde, 0xee, 0xea, 0xff, 0xd9, 0xed, 0xea, 0xff, 0xd2, 0xea, 0xe9, 0xff, 0xca, 0xe8, 0xe9, 0xff, 0xc3, 0xe7, 0xea, 0xff, 0xbf, 0xe8, 0xed, 0xff, 0xbc, 0xe9, 0xf0, 0xff, 0xba, 0xe9, 0xf1, 0xff, 0xb9, 0xe9, 0xf2, 0xff, 0xbb, 0xe8, 0xf2, 0xff, 0xbd, 0xe8, 0xf2, 0xff, 0xbf, 0xe7, 0xf2, 0xff, 0xc1, 0xe7, 0xf2, 0xff, 0xc4, 0xe6, 0xf2, 0xff, 0xc3, 0xe7, 0xf2, 0xff, 0xbf, 0xe7, 0xf0, 0xff, 0xbd, 0xe7, 0xef, 0xff, 0xbd, 0xe7, 0xef, 0xff, 0xbe, 0xe8, 0xef, 0xff, 0xbe, 0xe8, 0xee, 0xff, 0xbe, 0xe8, 0xee, 0xff, 0xbf, 0xe8, 0xee, 0xff, 0xbf, 0xe8, 0xee, 0xff, 0xbf, 0xe8, 0xee, 0xff, 0xbf, 0xe8, 0xee, 0xff, 0xbe, 0xe8, 0xee, 0xff, 0xbe, 0xe8, 0xee, 0xff, 0xbe, 0xe8, 0xef, 0xff, 0xbd, 0xe7, 0xef, 0xff, 0xbd, 0xe7, 0xef, 0xff, 0xbf, 0xe7, 0xef, 0xff, 0xc2, 0xe5, 0xee, 0xff, 0xc6, 0xeb, 0xf2, 0xff, 0xbe, 0xea, 0xec, 0xff, 0xb5, 0xe4, 0xe4, 0xff, 0xb9, 0xe8, 0xe8, 0xff, 0xb7, 0xf0, 0xf5, 0xff, 0x99, 0xe6, 0xf6, 0xff, 0x62, 0xd4, 0xf2, 0xff, 0x1b, 0xc3, 0xf1, 0xff, 0x07, 0xcb, 0xff, 0xff, 0x05, 0xca, 0xff, 0xff, 0x09, 0xc8, 0xff, 0xff, 0x1d, 0xcd, 0xee, 0xff, 0x40, 0xd7, 0xdf, 0xff, 0x76, 0xe9, 0xd6, 0xff, 0xa2, 0xfd, 0xd6, 0xff, 0xae, 0xfd, 0xcb, 0xff, 0xb5, 0xfc, 0xc3, 0xff, 0xba, 0xfd, 0xc0, 0xff, 0xc0, 0xff, 0xbf, 0xff, 0xc5, 0xff, 0xbc, 0xff, 0xc5, 0xfe, 0xb9, 0xff, 0xc7, 0xff, 0xba, 0xff, 0xc9, 0xff, 0xbc, 0xff, 
  0xbf, 0xfd, 0xc2, 0xff, 0xc1, 0xfc, 0xc3, 0xff, 0xc4, 0xfa, 0xc5, 0xff, 0xca, 0xfa, 0xca, 0xff, 0xd0, 0xf9, 0xd0, 0xff, 0xd7, 0xf8, 0xd6, 0xff, 0xdd, 0xf7, 0xdb, 0xff, 0xe1, 0xf5, 0xdf, 0xff, 0xe3, 0xf3, 0xe2, 0xff, 0xe5, 0xf2, 0xe4, 0xff, 0xe5, 0xf1, 0xe5, 0xff, 0xe5, 0xf1, 0xe5, 0xff, 0xe5, 0xf1, 0xe5, 0xff, 0xe4, 0xf1, 0xe5, 0xff, 0xe3, 0xf1, 0xe5, 0xff, 0xe3, 0xf1, 0xe5, 0xff, 0xe3, 0xf0, 0xe4, 0xff, 0xe4, 0xf0, 0xe4, 0xff, 0xe5, 0xf1, 0xe5, 0xff, 0xe5, 0xf1, 0xe5, 0xff, 0xe5, 0xf1, 0xe5, 0xff, 0xe5, 0xf1, 0xe5, 0xff, 0xe4, 0xf0, 0xe4, 0xff, 0xe4, 0xf0, 0xe4, 0xff, 0xe4, 0xf0, 0xe4, 0xff, 0xe4, 0xf0, 0xe4, 0xff, 0xe4, 0xf0, 0xe4, 0xff, 0xe4, 0xf0, 0xe4, 0xff, 0xe4, 0xf0, 0xe4, 0xff, 0xe4, 0xf0, 0xe4, 0xff, 0xe4, 0xf0, 0xe4, 0xff, 0xe4, 0xf0, 0xe4, 0xff, 0xe5, 0xf1, 0xe5, 0xff, 0xe5, 0xf1, 0xe5, 0xff, 0xe5, 0xf1, 0xe5, 0xff, 0xe5, 0xf1, 0xe5, 0xff, 0xe5, 0xf1, 0xe5, 0xff, 0xe5, 0xf1, 0xe5, 0xff, 0xe5, 0xf1, 0xe5, 0xff, 0xe5, 0xf1, 0xe5, 0xff, 0xe5, 0xf1, 0xe5, 0xff, 0xe5, 0xf1, 0xe5, 0xff, 0xe5, 0xf1, 0xe5, 0xff, 0xe5, 0xf1, 0xe5, 0xff, 0xe5, 0xf1, 0xe5, 0xff, 0xe5, 0xf1, 0xe5, 0xff, 0xe5, 0xf1, 0xe5, 0xff, 0xe5, 0xf1, 0xe5, 0xff, 0xe5, 0xf1, 0xe5, 0xff, 0xe5, 0xf1, 0xe5, 0xff, 0xe5, 0xf1, 0xe5, 0xff, 0xe5, 0xf1, 0xe5, 0xff, 0xe5, 0xf1, 0xe5, 0xff, 0xe5, 0xf1, 0xe5, 0xff, 0xe5, 0xf1, 0xe5, 0xff, 0xe5, 0xf1, 0xe5, 0xff, 0xe4, 0xf0, 0xe4, 0xff, 0xe4, 0xf0, 0xe4, 0xff, 0xe4, 0xf0, 0xe4, 0xff, 0xe5, 0xf1, 0xe5, 0xff, 0xe5, 0xf1, 0xe5, 0xff, 0xe5, 0xf1, 0xe5, 0xff, 0xe5, 0xf1, 0xe5, 0xff, 0xe5, 0xf0, 0xe6, 0xff, 0xe6, 0xef, 0xe7, 0xff, 0xe4, 0xef, 0xe9, 0xff, 0xe0, 0xef, 0xea, 0xff, 0xd9, 0xed, 0xea, 0xff, 0xd0, 0xea, 0xe9, 0xff, 0xc8, 0xe8, 0xe9, 0xff, 0xc2, 0xe8, 0xeb, 0xff, 0xbf, 0xe9, 0xee, 0xff, 0xbb, 0xe8, 0xef, 0xff, 0xba, 0xe8, 0xf0, 0xff, 0xbb, 0xe7, 0xf1, 0xff, 0xbd, 0xe6, 0xf1, 0xff, 0xbf, 0xe6, 0xf1, 0xff, 0xc1, 0xe5, 0xf2, 0xff, 0xc3, 0xe5, 0xf2, 0xff, 0xc3, 0xe5, 0xf1, 0xff, 0xc0, 0xe6, 0xf0, 0xff, 0xbf, 0xe7, 0xef, 0xff, 0xbf, 0xe7, 0xef, 0xff, 0xbf, 0xe7, 0xef, 0xff, 0xc0, 0xe7, 0xee, 0xff, 0xc0, 0xe7, 0xee, 0xff, 0xc1, 0xe7, 0xee, 0xff, 0xc1, 0xe7, 0xee, 0xff, 0xc1, 0xe7, 0xee, 0xff, 0xc1, 0xe7, 0xee, 0xff, 0xc0, 0xe7, 0xee, 0xff, 0xc0, 0xe7, 0xee, 0xff, 0xbf, 0xe7, 0xef, 0xff, 0xbf, 0xe7, 0xef, 0xff, 0xbf, 0xe7, 0xef, 0xff, 0xc1, 0xe6, 0xf0, 0xff, 0xc2, 0xe2, 0xee, 0xff, 0xc5, 0xe7, 0xf1, 0xff, 0xc0, 0xea, 0xef, 0xff, 0xbd, 0xeb, 0xeb, 0xff, 0xbd, 0xeb, 0xe9, 0xff, 0xbd, 0xea, 0xed, 0xff, 0xbb, 0xe6, 0xf3, 0xff, 0x98, 0xe3, 0xfc, 0xff, 0x3c, 0xca, 0xef, 0xff, 0x1c, 0xce, 0xfb, 0xff, 0x12, 0xca, 0xfc, 0xff, 0x1b, 0xc9, 0xf1, 0xff, 0x3f, 0xd5, 0xe6, 0xff, 0x75, 0xee, 0xe4, 0xff, 0xa3, 0xfc, 0xd4, 0xff, 0xb5, 0xfc, 0xc4, 0xff, 0xba, 0xfd, 0xc2, 0xff, 0xbd, 0xfe, 0xc0, 0xff, 0xc1, 0xff, 0xbf, 0xff, 0xc5, 0xff, 0xbe, 0xff, 0xc7, 0xff, 0xbb, 0xff, 0xc7, 0xff, 0xba, 0xff, 0xc7, 0xff, 0xbb, 0xff, 0xc9, 0xff, 0xbd, 0xff, 
  0xc0, 0xfc, 0xc3, 0xff, 0xc2, 0xfb, 0xc5, 0xff, 0xc8, 0xfa, 0xca, 0xff, 0xcf, 0xf9, 0xcf, 0xff, 0xd7, 0xf9, 0xd6, 0xff, 0xdc, 0xf7, 0xdb, 0xff, 0xe1, 0xf4, 0xdf, 0xff, 0xe4, 0xf2, 0xe2, 0xff, 0xe7, 0xf2, 0xe5, 0xff, 0xe7, 0xf0, 0xe5, 0xff, 0xe6, 0xf0, 0xe6, 0xff, 0xe5, 0xf0, 0xe6, 0xff, 0xe4, 0xf1, 0xe5, 0xff, 0xe3, 0xf1, 0xe5, 0xff, 0xe3, 0xf2, 0xe4, 0xff, 0xe3, 0xf2, 0xe4, 0xff, 0xe3, 0xf0, 0xe4, 0xff, 0xe5, 0xf1, 0xe5, 0xff, 0xe5, 0xf1, 0xe5, 0xff, 0xe5, 0xf1, 0xe5, 0xff, 0xe5, 0xf1, 0xe5, 0xff, 0xe5, 0xf1, 0xe5, 0xff, 0xe5, 0xf1, 0xe5, 0xff, 0xe4, 0xf0, 0xe4, 0xff, 0xe4, 0xf0, 0xe4, 0xff, 0xe4, 0xf0, 0xe4, 0xff, 0xe4, 0xf0, 0xe4, 0xff, 0xe4, 0xf0, 0xe4, 0xff, 0xe4, 0xf0, 0xe4, 0xff, 0xe4, 0xf0, 0xe4, 0xff, 0xe4, 0xf0, 0xe4, 0xff, 0xe4, 0xf0, 0xe4, 0xff, 0xe5, 0xf1, 0xe5, 0xff, 0xe5, 0xf1, 0xe5, 0xff, 0xe5, 0xf1, 0xe5, 0xff, 0xe5, 0xf1, 0xe5, 0xff, 0xe5, 0xf1, 0xe5, 0xff, 0xe5, 0xf1, 0xe5, 0xff, 0xe5, 0xf1, 0xe5, 0xff, 0xe5, 0xf1, 0xe5, 0xff, 0xe5, 0xf1, 0xe5, 0xff, 0xe5, 0xf1, 0xe5, 0xff, 0xe5, 0xf1, 0xe5, 0xff, 0xe5, 0xf1, 0xe5, 0xff, 0xe5, 0xf1, 0xe5, 0xff, 0xe5, 0xf1, 0xe5, 0xff, 0xe5, 0xf1, 0xe5, 0xff, 0xe5, 0xf1, 0xe5, 0xff, 0xe5, 0xf1, 0xe5, 0xff, 0xe5, 0xf1, 0xe5, 0xff, 0xe5, 0xf1, 0xe5, 0xff, 0xe5, 0xf1, 0xe5, 0xff, 0xe5, 0xf1, 0xe5, 0xff, 0xe5, 0xf1, 0xe5, 0xff, 0xe5, 0xf1, 0xe5, 0xff, 0xe5, 0xf1, 0xe5, 0xff, 0xe4, 0xf0, 0xe4, 0xff, 0xe4, 0xf0, 0xe4, 0xff, 0xe4, 0xf0, 0xe4, 0xff, 0xe5, 0xf1, 0xe5, 0xff, 0xe5, 0xf1, 0xe5, 0xff, 0xe5, 0xf1, 0xe5, 0xff, 0xe5, 0xf1, 0xe5, 0xff, 0xe6, 0xf1, 0xe5, 0xff, 0xe8, 0xf0, 0xe6, 0xff, 0xe7, 0xf0, 0xe7, 0xff, 0xe4, 0xef, 0xe8, 0xff, 0xe0, 0xef, 0xea, 0xff, 0xd8, 0xed, 0xea, 0xff, 0xd1, 0xeb, 0xea, 0xff, 0xca, 0xea, 0xeb, 0xff, 0xc5, 0xe9, 0xec, 0xff, 0xc1, 0xe9, 0xee, 0xff, 0xc0, 0xe8, 0xf0, 0xff, 0xbf, 0xe8, 0xf1, 0xff, 0xc0, 0xe7, 0xf2, 0xff, 0xc0, 0xe7, 0xf2, 0xff, 0xc1, 0xe6, 0xf3, 0xff, 0xc3, 0xe6, 0xf3, 0xff, 0xc3, 0xe6, 0xf3, 0xff, 0xc3, 0xe6, 0xf2, 0xff, 0xc3, 0xe7, 0xf2, 0xff, 0xc3, 0xe7, 0xf1, 0xff, 0xc3, 0xe7, 0xf1, 0xff, 0xc4, 0xe7, 0xf1, 0xff, 0xc4, 0xe7, 0xf0, 0xff, 0xc5, 0xe7, 0xf0, 0xff, 0xc5, 0xe7, 0xf0, 0xff, 0xc4, 0xe6, 0xef, 0xff, 0xc4, 0xe6, 0xef, 0xff, 0xc3, 0xe6, 0xef, 0xff, 0xc3, 0xe6, 0xf0, 0xff, 0xc2, 0xe6, 0xf0, 0xff, 0xc2, 0xe6, 0xf0, 0xff, 0xc2, 0xe6, 0xf1, 0xff, 0xc1, 0xe5, 0xf2, 0xff, 0xbf, 0xe5, 0xf4, 0xff, 0xbd, 0xe4, 0xf2, 0xff, 0xbe, 0xe8, 0xf2, 0xff, 0xc2, 0xea, 0xf1, 0xff, 0xc6, 0xe9, 0xef, 0xff, 0xc3, 0xe6, 0xed, 0xff, 0xc2, 0xe5, 0xf2, 0xff, 0xad, 0xea, 0xfd, 0xff, 0x70, 0xe0, 0xf7, 0xff, 0x40, 0xd0, 0xe8, 0xff, 0x30, 0xce, 0xe4, 0xff, 0x4b, 0xdb, 0xe7, 0xff, 0x82, 0xe8, 0xe2, 0xff, 0xaa, 0xfa, 0xdd, 0xff, 0xb9, 0xff, 0xca, 0xff, 0xb6, 0xfc, 0xb6, 0xff, 0xbf, 0xff, 0xbd, 0xff, 0xc2, 0xff, 0xbf, 0xff, 0xc5, 0xff, 0xbe, 0xff, 0xc6, 0xff, 0xbc, 0xff, 0xc8, 0xff, 0xbc, 0xff, 0xc8, 0xff, 0xbc, 0xff, 0xc7, 0xff, 0xbd, 0xff, 0xc5, 0xfe, 0xbd, 0xff, 
  0xc2, 0xfb, 0xc4, 0xff, 0xc5, 0xfa, 0xc7, 0xff, 0xca, 0xf9, 0xcc, 0xff, 0xd2, 0xf8, 0xd3, 0xff, 0xdb, 0xf8, 0xdb, 0xff, 0xe1, 0xf6, 0xe0, 0xff, 0xe5, 0xf3, 0xe4, 0xff, 0xe6, 0xef, 0xe4, 0xff, 0xe9, 0xf1, 0xe7, 0xff, 0xe8, 0xf0, 0xe6, 0xff, 0xe6, 0xef, 0xe5, 0xff, 0xe4, 0xef, 0xe5, 0xff, 0xe3, 0xf0, 0xe4, 0xff, 0xe2, 0xf1, 0xe3, 0xff, 0xe2, 0xf1, 0xe3, 0xff, 0xe2, 0xf1, 0xe3, 0xff, 0xe4, 0xf1, 0xe5, 0xff, 0xe5, 0xf1, 0xe5, 0xff, 0xe5, 0xf1, 0xe5, 0xff, 0xe5, 0xf1, 0xe5, 0xff, 0xe5, 0xf1, 0xe5, 0xff, 0xe5, 0xf1, 0xe5, 0xff, 0xe5, 0xf1, 0xe5, 0xff, 0xe5, 0xf1, 0xe5, 0xff, 0xe4, 0xf0, 0xe4, 0xff, 0xe4, 0xf0, 0xe4, 0xff, 0xe4, 0xf0, 0xe4, 0xff, 0xe4, 0xf0, 0xe4, 0xff, 0xe4, 0xf0, 0xe4, 0xff, 0xe4, 0xf0, 0xe4, 0xff, 0xe4, 0xf0, 0xe4, 0xff, 0xe4, 0xf0, 0xe4, 0xff, 0xe5, 0xf1, 0xe5, 0xff, 0xe5, 0xf1, 0xe5, 0xff, 0xe5, 0xf1, 0xe5, 0xff, 0xe5, 0xf1, 0xe5, 0xff, 0xe5, 0xf1, 0xe5, 0xff, 0xe5, 0xf1, 0xe5, 0xff, 0xe5, 0xf1, 0xe5, 0xff, 0xe5, 0xf1, 0xe5, 0xff, 0xe4, 0xf0, 0xe4, 0xff, 0xe4, 0xf0, 0xe4, 0xff, 0xe4, 0xf0, 0xe4, 0xff, 0xe4, 0xf0, 0xe4, 0xff, 0xe4, 0xf0, 0xe4, 0xff, 0xe4, 0xf0, 0xe4, 0xff, 0xe4, 0xf0, 0xe4, 0xff, 0xe4, 0xf0, 0xe4, 0xff, 0xe5, 0xf1, 0xe5, 0xff, 0xe5, 0xf1, 0xe5, 0xff, 0xe5, 0xf1, 0xe5, 0xff, 0xe5, 0xf1, 0xe5, 0xff, 0xe5, 0xf1, 0xe5, 0xff, 0xe5, 0xf1, 0xe5, 0xff, 0xe5, 0xf1, 0xe5, 0xff, 0xe5, 0xf1, 0xe5, 0xff, 0xe4, 0xf0, 0xe4, 0xff, 0xe4, 0xf0, 0xe4, 0xff, 0xe4, 0xf0, 0xe4, 0xff, 0xe5, 0xf1, 0xe5, 0xff, 0xe5, 0xf1, 0xe5, 0xff, 0xe5, 0xf1, 0xe5, 0xff, 0xe5, 0xf1, 0xe5, 0xff, 0xe6, 0xf1, 0xe5, 0xff, 0xe8, 0xf0, 0xe5, 0xff, 0xe7, 0xef, 0xe4, 0xff, 0xe5, 0xef, 0xe5, 0xff, 0xe3, 0xf0, 0xe8, 0xff, 0xe0, 0xf0, 0xeb, 0xff, 0xda, 0xee, 0xeb, 0xff, 0xd2, 0xeb, 0xea, 0xff, 0xcb, 0xe8, 0xe9, 0xff, 0xc9, 0xe8, 0xec, 0xff, 0xc6, 0xe8, 0xee, 0xff, 0xc4, 0xe8, 0xef, 0xff, 0xc3, 0xe7, 0xf0, 0xff, 0xc2, 0xe7, 0xf1, 0xff, 0xc2, 0xe7, 0xf2, 0xff, 0xc2, 0xe7, 0xf3, 0xff, 0xc2, 0xe6, 0xf3, 0xff, 0xc3, 0xe6, 0xf3, 0xff, 0xc4, 0xe6, 0xf3, 0xff, 0xc4, 0xe6, 0xf2, 0xff, 0xc4, 0xe6, 0xf2, 0xff, 0xc5, 0xe6, 0xf2, 0xff, 0xc5, 0xe6, 0xf2, 0xff, 0xc5, 0xe6, 0xf2, 0xff, 0xc5, 0xe6, 0xf2, 0xff, 0xc5, 0xe6, 0xf2, 0xff, 0xc5, 0xe6, 0xf2, 0xff, 0xc5, 0xe6, 0xf2, 0xff, 0xc5, 0xe6, 0xf2, 0xff, 0xc4, 0xe6, 0xf2, 0xff, 0xc4, 0xe6, 0xf2, 0xff, 0xc4, 0xe6, 0xf3, 0xff, 0xc2, 0xe6, 0xf4, 0xff, 0xc0, 0xe7, 0xf8, 0xff, 0xbc, 0xe5, 0xf5, 0xff, 0xba, 0xe2, 0xf0, 0xff, 0xc0, 0xe5, 0xf0, 0xff, 0xc7, 0xe7, 0xf0, 0xff, 0xc9, 0xe8, 0xf1, 0xff, 0xc6, 0xe6, 0xf2, 0xff, 0xb5, 0xe7, 0xf3, 0xff, 0x9b, 0xed, 0xf8, 0xff, 0x68, 0xd2, 0xd8, 0xff, 0x60, 0xdb, 0xd8, 0xff, 0x87, 0xf8, 0xea, 0xff, 0xab, 0xf8, 0xdc, 0xff, 0xb6, 0xf3, 0xc5, 0xff, 0xbe, 0xfe, 0xbc, 0xff, 0xc5, 0xff, 0xbc, 0xff, 0xc1, 0xff, 0xbc, 0xff, 0xc3, 0xff, 0xbe, 0xff, 0xc5, 0xff, 0xbe, 0xff, 0xc4, 0xfd, 0xbb, 0xff, 0xc5, 0xfe, 0xbd, 0xff, 0xc7, 0xff, 0xbf, 0xff, 0xc4, 0xfe, 0xbf, 0xff, 0xc1, 0xfb, 0xbd, 0xff, 
  0xc4, 0xf9, 0xc6, 0xff, 0xc9, 0xfa, 0xca, 0xff, 0xcf, 0xf9, 0xd0, 0xff, 0xd6, 0xf8, 0xd7, 0xff, 0xde, 0xf6, 0xde, 0xff, 0xe3, 0xf3, 0xe2, 0xff, 0xe6, 0xef, 0xe4, 0xff, 0xe7, 0xed, 0xe5, 0xff, 0xe7, 0xee, 0xe6, 0xff, 0xe7, 0xee, 0xe6, 0xff, 0xe5, 0xef, 0xe5, 0xff, 0xe4, 0xf0, 0xe4, 0xff, 0xe3, 0xf0, 0xe3, 0xff, 0xe2, 0xf1, 0xe3, 0xff, 0xe2, 0xf1, 0xe3, 0xff, 0xe2, 0xf0, 0xe4, 0xff, 0xe3, 0xf0, 0xe4, 0xff, 0xe4, 0xf0, 0xe4, 0xff, 0xe4, 0xf0, 0xe4, 0xff, 0xe5, 0xf1, 0xe5, 0xff, 0xe5, 0xf1, 0xe5, 0xff, 0xe5, 0xf1, 0xe5, 0xff, 0xe5, 0xf1, 0xe5, 0xff, 0xe5, 0xf1, 0xe5, 0xff, 0xe5, 0xf1, 0xe5, 0xff, 0xe5, 0xf1, 0xe5, 0xff, 0xe5, 0xf1, 0xe5, 0xff, 0xe5, 0xf1, 0xe5, 0xff, 0xe5, 0xf1, 0xe5, 0xff, 0xe4, 0xf0, 0xe4, 0xff, 0xe4, 0xf0, 0xe4, 0xff, 0xe4, 0xf0, 0xe4, 0xff, 0xe5, 0xf1, 0xe5, 0xff, 0xe5, 0xf1, 0xe5, 0xff, 0xe5, 0xf1, 0xe5, 0xff, 0xe5, 0xf1, 0xe5, 0xff, 0xe5, 0xf1, 0xe5, 0xff, 0xe5, 0xf1, 0xe5, 0xff, 0xe5, 0xf1, 0xe5, 0xff, 0xe5, 0xf1, 0xe5, 0xff, 0xe5, 0xf1, 0xe5, 0xff, 0xe5, 0xf1, 0xe5, 0xff, 0xe5, 0xf1, 0xe5, 0xff, 0xe5, 0xf1, 0xe5, 0xff, 0xe5, 0xf1, 0xe5, 0xff, 0xe5, 0xf1, 0xe5, 0xff, 0xe5, 0xf1, 0xe5, 0xff, 0xe5, 0xf1, 0xe5, 0xff, 0xe4, 0xf0, 0xe4, 0xff, 0xe4, 0xf0, 0xe4, 0xff, 0xe4, 0xf0, 0xe4, 0xff, 0xe5, 0xf1, 0xe5, 0xff, 0xe5, 0xf1, 0xe5, 0xff, 0xe5, 0xf1, 0xe5, 0xff, 0xe5, 0xf1, 0xe5, 0xff, 0xe5, 0xf1, 0xe5, 0xff, 0xe5, 0xf1, 0xe5, 0xff, 0xe5, 0xf1, 0xe5, 0xff, 0xe5, 0xf1, 0xe5, 0xff, 0xe5, 0xf1, 0xe5, 0xff, 0xe5, 0xf1, 0xe5, 0xff, 0xe4, 0xf0, 0xe4, 0xff, 0xe4, 0xf0, 0xe4, 0xff, 0xe4, 0xf0, 0xe4, 0xff, 0xe5, 0xf0, 0xe3, 0xff, 0xe5, 0xf0, 0xe3, 0xff, 0xe4, 0xf0, 0xe4, 0xff, 0xe3, 0xef, 0xe6, 0xff, 0xe2, 0xee, 0xe8, 0xff, 0xdf, 0xee, 0xea, 0xff, 0xdc, 0xee, 0xeb, 0xff, 0xd9, 0xed, 0xed, 0xff, 0xd1, 0xe8, 0xea, 0xff, 0xce, 0xe8, 0xec, 0xff, 0xc9, 0xe6, 0xec, 0xff, 0xc6, 0xe7, 0xed, 0xff, 0xc4, 0xe7, 0xee, 0xff, 0xc1, 0xe7, 0xef, 0xff, 0xc0, 0xe7, 0xef, 0xff, 0xc1, 0xe7, 0xf2, 0xff, 0xc1, 0xe5, 0xf2, 0xff, 0xc2, 0xe5, 0xf3, 0xff, 0xc2, 0xe5, 0xf2, 0xff, 0xc2, 0xe5, 0xf2, 0xff, 0xc2, 0xe5, 0xf2, 0xff, 0xc3, 0xe6, 0xf3, 0xff, 0xc3, 0xe6, 0xf3, 0xff, 0xc3, 0xe6, 0xf3, 0xff, 0xc3, 0xe6, 0xf3, 0xff, 0xc3, 0xe6, 0xf3, 0xff, 0xc3, 0xe6, 0xf3, 0xff, 0xc3, 0xe6, 0xf3, 0xff, 0xc3, 0xe6, 0xf3, 0xff, 0xc3, 0xe6, 0xf3, 0xff, 0xc3, 0xe6, 0xf4, 0xff, 0xc2, 0xe5, 0xf5, 0xff, 0xc0, 0xe5, 0xf7, 0xff, 0xbf, 0xe5, 0xf7, 0xff, 0xbe, 0xe5, 0xf4, 0xff, 0xc0, 0xe6, 0xf2, 0xff, 0xc3, 0xe6, 0xf0, 0xff, 0xc5, 0xe6, 0xf0, 0xff, 0xc5, 0xe7, 0xf1, 0xff, 0xc0, 0xe8, 0xef, 0xff, 0xb9, 0xec, 0xec, 0xff, 0xb2, 0xf1, 0xe7, 0xff, 0xa7, 0xf5, 0xdd, 0xff, 0xa7, 0xf8, 0xd1, 0xff, 0xb2, 0xf9, 0xc7, 0xff, 0xbe, 0xfd, 0xc1, 0xff, 0xc6, 0xff, 0xbc, 0xff, 0xc8, 0xff, 0xbb, 0xff, 0xc3, 0xff, 0xbe, 0xff, 0xc1, 0xff, 0xc0, 0xff, 0xc2, 0xff, 0xbf, 0xff, 0xc3, 0xff, 0xc0, 0xff, 0xc3, 0xfe, 0xc0, 0xff, 0xc3, 0xfe, 0xc1, 0xff, 0xc2, 0xfe, 0xc2, 0xff, 0xc1, 0xfe, 0xc2, 0xff, 
  0xc7, 0xf8, 0xc8, 0xff, 0xcc, 0xf9, 0xcd, 0xff, 0xd3, 0xf8, 0xd3, 0xff, 0xda, 0xf7, 0xda, 0xff, 0xe1, 0xf4, 0xe0, 0xff, 0xe6, 0xf1, 0xe4, 0xff, 0xe8, 0xee, 0xe6, 0xff, 0xe9, 0xed, 0xe7, 0xff, 0xe9, 0xef, 0xe8, 0xff, 0xe7, 0xf0, 0xe7, 0xff, 0xe5, 0xf1, 0xe5, 0xff, 0xe4, 0xf1, 0xe4, 0xff, 0xe3, 0xf2, 0xe4, 0xff, 0xe3, 0xf2, 0xe4, 0xff, 0xe4, 0xf1, 0xe5, 0xff, 0xe4, 0xf1, 0xe5, 0xff, 0xe4, 0xf0, 0xe4, 0xff, 0xe4, 0xf0, 0xe4, 0xff, 0xe5, 0xf1, 0xe5, 0xff, 0xe5, 0xf1, 0xe5, 0xff, 0xe5, 0xf1, 0xe5, 0xff, 0xe5, 0xf1, 0xe5, 0xff, 0xe5, 0xf1, 0xe5, 0xff, 0xe5, 0xf1, 0xe5, 0xff, 0xe5, 0xf1, 0xe5, 0xff, 0xe5, 0xf1, 0xe5, 0xff, 0xe5, 0xf1, 0xe5, 0xff, 0xe5, 0xf1, 0xe5, 0xff, 0xe5, 0xf1, 0xe5, 0xff, 0xe5, 0xf1, 0xe5, 0xff, 0xe4, 0xf0, 0xe4, 0xff, 0xe4, 0xf0, 0xe4, 0xff, 0xe5, 0xf1, 0xe5, 0xff, 0xe5, 0xf1, 0xe5, 0xff, 0xe5, 0xf1, 0xe5, 0xff, 0xe5, 0xf1, 0xe5, 0xff, 0xe5, 0xf1, 0xe5, 0xff, 0xe5, 0xf1, 0xe5, 0xff, 0xe5, 0xf1, 0xe5, 0xff, 0xe5, 0xf1, 0xe5, 0xff, 0xe5, 0xf1, 0xe5, 0xff, 0xe5, 0xf1, 0xe5, 0xff, 0xe5, 0xf1, 0xe5, 0xff, 0xe5, 0xf1, 0xe5, 0xff, 0xe5, 0xf1, 0xe5, 0xff, 0xe5, 0xf1, 0xe5, 0xff, 0xe5, 0xf1, 0xe5, 0xff, 0xe5, 0xf1, 0xe5, 0xff, 0xe4, 0xf0, 0xe4, 0xff, 0xe4, 0xf0, 0xe4, 0xff, 0xe4, 0xf0, 0xe4, 0xff, 0xe5, 0xf1, 0xe5, 0xff, 0xe5, 0xf1, 0xe5, 0xff, 0xe5, 0xf1, 0xe5, 0xff, 0xe5, 0xf1, 0xe5, 0xff, 0xe5, 0xf1, 0xe5, 0xff, 0xe5, 0xf1, 0xe5, 0xff, 0xe5, 0xf1, 0xe5, 0xff, 0xe5, 0xf1, 0xe5, 0xff, 0xe5, 0xf1, 0xe5, 0xff, 0xe5, 0xf1, 0xe5, 0xff, 0xe4, 0xf0, 0xe4, 0xff, 0xe4, 0xf0, 0xe4, 0xff, 0xe4, 0xf0, 0xe4, 0xff, 0xe3, 0xf1, 0xe3, 0xff, 0xe3, 0xf1, 0xe3, 0xff, 0xe4, 0xf0, 0xe4, 0xff, 0xe4, 0xef, 0xe5, 0xff, 0xe4, 0xee, 0xe7, 0xff, 0xe4, 0xee, 0xe8, 0xff, 0xe2, 0xed, 0xea, 0xff, 0xe0, 0xed, 0xeb, 0xff, 0xda, 0xea, 0xea, 0xff, 0xd7, 0xe9, 0xeb, 0xff, 0xd1, 0xe9, 0xec, 0xff, 0xcc, 0xe8, 0xec, 0xff, 0xc7, 0xe7, 0xec, 0xff, 0xc4, 0xe8, 0xec, 0xff, 0xc1, 0xe8, 0xed, 0xff, 0xbf, 0xe6, 0xed, 0xff, 0xc1, 0xe6, 0xf1, 0xff, 0xc1, 0xe5, 0xf2, 0xff, 0xc1, 0xe5, 0xf2, 0xff, 0xc1, 0xe5, 0xf2, 0xff, 0xc2, 0xe6, 0xf3, 0xff, 0xc2, 0xe6, 0xf3, 0xff, 0xc2, 0xe6, 0xf4, 0xff, 0xc2, 0xe6, 0xf4, 0xff, 0xc2, 0xe6, 0xf4, 0xff, 0xc2, 0xe6, 0xf4, 0xff, 0xc2, 0xe6, 0xf3, 0xff, 0xc2, 0xe6, 0xf3, 0xff, 0xc2, 0xe6, 0xf3, 0xff, 0xc2, 0xe6, 0xf3, 0xff, 0xc1, 0xe5, 0xf2, 0xff, 0xc2, 0xe5, 0xf3, 0xff, 0xc3, 0xe4, 0xf4, 0xff, 0xc3, 0xe4, 0xf4, 0xff, 0xc1, 0xe6, 0xf1, 0xff, 0xc2, 0xe7, 0xef, 0xff, 0xc6, 0xe7, 0xed, 0xff, 0xc8, 0xe8, 0xee, 0xff, 0xc8, 0xe9, 0xee, 0xff, 0xcb, 0xeb, 0xec, 0xff, 0xd3, 0xf1, 0xe9, 0xff, 0xd2, 0xf5, 0xe1, 0xff, 0xca, 0xf9, 0xd5, 0xff, 0xc1, 0xfb, 0xc8, 0xff, 0xbb, 0xfe, 0xc0, 0xff, 0xbd, 0xff, 0xbd, 0xff, 0xc6, 0xff, 0xbe, 0xff, 0xc6, 0xfd, 0xbe, 0xff, 0xc2, 0xff, 0xc0, 0xff, 0xbf, 0xfe, 0xc1, 0xff, 0xc0, 0xfe, 0xc1, 0xff, 0xc0, 0xfe, 0xc2, 0xff, 0xc0, 0xfe, 0xc2, 0xff, 0xc0, 0xfe, 0xc3, 0xff, 0xbf, 0xfd, 0xc3, 0xff, 0xbf, 0xfd, 0xc4, 0xff, 
  0xcb, 0xf7, 0xcc, 0xff, 0xd0, 0xf8, 0xd1, 0xff, 0xd8, 0xf8, 0xd8, 0xff, 0xdf, 0xf6, 0xde, 0xff, 0xe4, 0xf2, 0xe3, 0xff, 0xe7, 0xee, 0xe5, 0xff, 0xea, 0xee, 0xe9, 0xff, 0xeb, 0xef, 0xea, 0xff, 0xe8, 0xef, 0xe7, 0xff, 0xe6, 0xf0, 0xe6, 0xff, 0xe3, 0xf1, 0xe5, 0xff, 0xe2, 0xf2, 0xe4, 0xff, 0xe3, 0xf2, 0xe4, 0xff, 0xe4, 0xf2, 0xe4, 0xff, 0xe5, 0xf1, 0xe5, 0xff, 0xe5, 0xf0, 0xe6, 0xff, 0xe5, 0xf1, 0xe5, 0xff, 0xe5, 0xf1, 0xe5, 0xff, 0xe5, 0xf1, 0xe5, 0xff, 0xe5, 0xf1, 0xe5, 0xff, 0xe5, 0xf1, 0xe5, 0xff, 0xe5, 0xf1, 0xe5, 0xff, 0xe4, 0xf0, 0xe4, 0xff, 0xe4, 0xf0, 0xe4, 0xff, 0xe4, 0xf0, 0xe4, 0xff, 0xe4, 0xf0, 0xe4, 0xff, 0xe5, 0xf1, 0xe5, 0xff, 0xe5, 0xf1, 0xe5, 0xff, 0xe5, 0xf1, 0xe5, 0xff, 0xe5, 0xf1, 0xe5, 0xff, 0xe5, 0xf1, 0xe5, 0xff, 0xe5, 0xf1, 0xe5, 0xff, 0xe5, 0xf1, 0xe5, 0xff, 0xe5, 0xf1, 0xe5, 0xff, 0xe5, 0xf1, 0xe5, 0xff, 0xe5, 0xf1, 0xe5, 0xff, 0xe5, 0xf1, 0xe5, 0xff, 0xe5, 0xf1, 0xe5, 0xff, 0xe5, 0xf1, 0xe5, 0xff, 0xe5, 0xf1, 0xe5, 0xff, 0xe5, 0xf1, 0xe5, 0xff, 0xe5, 0xf1, 0xe5, 0xff, 0xe5, 0xf1, 0xe5, 0xff, 0xe5, 0xf1, 0xe5, 0xff, 0xe5, 0xf1, 0xe5, 0xff, 0xe5, 0xf1, 0xe5, 0xff, 0xe5, 0xf1, 0xe5, 0xff, 0xe5, 0xf1, 0xe5, 0xff, 0xe4, 0xf0, 0xe4, 0xff, 0xe4, 0xf0, 0xe4, 0xff, 0xe4, 0xf0, 0xe4, 0xff, 0xe5, 0xf1, 0xe5, 0xff, 0xe5, 0xf1, 0xe5, 0xff, 0xe5, 0xf1, 0xe5, 0xff, 0xe5, 0xf1, 0xe5, 0xff, 0xe5, 0xf1, 0xe5, 0xff, 0xe5, 0xf1, 0xe5, 0xff, 0xe5, 0xf1, 0xe5, 0xff, 0xe5, 0xf1, 0xe5, 0xff, 0xe5, 0xf1, 0xe5, 0xff, 0xe5, 0xf1, 0xe5, 0xff, 0xe4, 0xf0, 0xe4, 0xff, 0xe4, 0xf0, 0xe4, 0xff, 0xe3, 0xf0, 0xe4, 0xff, 0xe3, 0xf2, 0xe4, 0xff, 0xe3, 0xf2, 0xe4, 0xff, 0xe4, 0xf1, 0xe5, 0xff, 0xe5, 0xf0, 0xe5, 0xff, 0xe7, 0xf0, 0xe6, 0xff, 0xe7, 0xef, 0xe8, 0xff, 0xe7, 0xee, 0xe9, 0xff, 0xe6, 0xee, 0xea, 0xff, 0xe2, 0xed, 0xea, 0xff, 0xde, 0xec, 0xeb, 0xff, 0xda, 0xec, 0xec, 0xff, 0xd4, 0xeb, 0xec, 0xff, 0xcd, 0xea, 0xeb, 0xff, 0xc8, 0xe9, 0xea, 0xff, 0xc5, 0xe9, 0xe9, 0xff, 0xc1, 0xe7, 0xea, 0xff, 0xc1, 0xe7, 0xee, 0xff, 0xc0, 0xe6, 0xf0, 0xff, 0xbf, 0xe6, 0xf1, 0xff, 0xbf, 0xe6, 0xf1, 0xff, 0xbf, 0xe6, 0xf1, 0xff, 0xbf, 0xe6, 0xf1, 0xff, 0xbf, 0xe6, 0xf2, 0xff, 0xbf, 0xe6, 0xf2, 0xff, 0xc0, 0xe7, 0xf3, 0xff, 0xc0, 0xe7, 0xf3, 0xff, 0xc0, 0xe7, 0xf2, 0xff, 0xc0, 0xe7, 0xf2, 0xff, 0xc0, 0xe7, 0xf2, 0xff, 0xc0, 0xe7, 0xf2, 0xff, 0xc1, 0xe7, 0xf1, 0xff, 0xc4, 0xe7, 0xf1, 0xff, 0xc8, 0xe5, 0xf1, 0xff, 0xc9, 0xe5, 0xef, 0xff, 0xc7, 0xe8, 0xeb, 0xff, 0xc9, 0xea, 0xe9, 0xff, 0xcf, 0xeb, 0xe8, 0xff, 0xd1, 0xec, 0xe9, 0xff, 0xd0, 0xed, 0xeb, 0xff, 0xd4, 0xed, 0xe8, 0xff, 0xe1, 0xf4, 0xe8, 0xff, 0xe4, 0xf7, 0xe0, 0xff, 0xdd, 0xfa, 0xd3, 0xff, 0xcf, 0xfa, 0xc7, 0xff, 0xbe, 0xfe, 0xc0, 0xff, 0xb9, 0xff, 0xbf, 0xff, 0xbf, 0xfe, 0xc2, 0xff, 0xc1, 0xfd, 0xc3, 0xff, 0xbe, 0xfe, 0xc3, 0xff, 0xbd, 0xfe, 0xc3, 0xff, 0xbd, 0xfe, 0xc3, 0xff, 0xbe, 0xfe, 0xc4, 0xff, 0xbe, 0xfd, 0xc4, 0xff, 0xbd, 0xfd, 0xc4, 0xff, 0xbd, 0xfd, 0xc4, 0xff, 0xbd, 0xfd, 0xc4, 0xff, 
  0xcd, 0xf5, 0xce, 0xff, 0xd4, 0xf8, 0xd4, 0xff, 0xdc, 0xf7, 0xdc, 0xff, 0xe2, 0xf5, 0xe1, 0xff, 0xe5, 0xf0, 0xe4, 0xff, 0xe7, 0xec, 0xe6, 0xff, 0xea, 0xec, 0xe8, 0xff, 0xeb, 0xef, 0xea, 0xff, 0xe7, 0xef, 0xe7, 0xff, 0xe4, 0xf1, 0xe5, 0xff, 0xe2, 0xf2, 0xe4, 0xff, 0xe1, 0xf3, 0xe3, 0xff, 0xe2, 0xf2, 0xe3, 0xff, 0xe4, 0xf1, 0xe4, 0xff, 0xe6, 0xf0, 0xe6, 0xff, 0xe7, 0xf0, 0xe6, 0xff, 0xe5, 0xf1, 0xe5, 0xff, 0xe5, 0xf1, 0xe5, 0xff, 0xe5, 0xf1, 0xe5, 0xff, 0xe5, 0xf1, 0xe5, 0xff, 0xe5, 0xf1, 0xe5, 0xff, 0xe4, 0xf0, 0xe4, 0xff, 0xe4, 0xf0, 0xe4, 0xff, 0xe4, 0xf0, 0xe4, 0xff, 0xe4, 0xf0, 0xe4, 0xff, 0xe4, 0xf0, 0xe4, 0xff, 0xe4, 0xf0, 0xe4, 0xff, 0xe5, 0xf1, 0xe5, 0xff, 0xe5, 0xf1, 0xe5, 0xff, 0xe5, 0xf1, 0xe5, 0xff, 0xe5, 0xf1, 0xe5, 0xff, 0xe5, 0xf1, 0xe5, 0xff, 0xe5, 0xf1, 0xe5, 0xff, 0xe5, 0xf1, 0xe5, 0xff, 0xe5, 0xf1, 0xe5, 0xff, 0xe5, 0xf1, 0xe5, 0xff, 0xe5, 0xf1, 0xe5, 0xff, 0xe5, 0xf1, 0xe5, 0xff, 0xe5, 0xf1, 0xe5, 0xff, 0xe5, 0xf1, 0xe5, 0xff, 0xe5, 0xf1, 0xe5, 0xff, 0xe5, 0xf1, 0xe5, 0xff, 0xe5, 0xf1, 0xe5, 0xff, 0xe5, 0xf1, 0xe5, 0xff, 0xe5, 0xf1, 0xe5, 0xff, 0xe5, 0xf1, 0xe5, 0xff, 0xe5, 0xf1, 0xe5, 0xff, 0xe5, 0xf1, 0xe5, 0xff, 0xe4, 0xf0, 0xe4, 0xff, 0xe4, 0xf0, 0xe4, 0xff, 0xe4, 0xf0, 0xe4, 0xff, 0xe5, 0xf1, 0xe5, 0xff, 0xe5, 0xf1, 0xe5, 0xff, 0xe5, 0xf1, 0xe5, 0xff, 0xe5, 0xf1, 0xe5, 0xff, 0xe5, 0xf1, 0xe5, 0xff, 0xe5, 0xf1, 0xe5, 0xff, 0xe5, 0xf1, 0xe5, 0xff, 0xe5, 0xf1, 0xe5, 0xff, 0xe5, 0xf1, 0xe5, 0xff, 0xe5, 0xf1, 0xe5, 0xff, 0xe4, 0xf0, 0xe4, 0xff, 0xe4, 0xf0, 0xe4, 0xff, 0xe3, 0xf0, 0xe4, 0xff, 0xe2, 0xf2, 0xe4, 0xff, 0xe2, 0xf2, 0xe4, 0xff, 0xe4, 0xf1, 0xe5, 0xff, 0xe6, 0xf1, 0xe5, 0xff, 0xe7, 0xf0, 0xe6, 0xff, 0xe8, 0xef, 0xe6, 0xff, 0xe9, 0xef, 0xe8, 0xff, 0xe9, 0xee, 0xe8, 0xff, 0xe6, 0xee, 0xe9, 0xff, 0xe3, 0xef, 0xea, 0xff, 0xe0, 0xef, 0xeb, 0xff, 0xdb, 0xee, 0xeb, 0xff, 0xd5, 0xee, 0xeb, 0xff, 0xd1, 0xed, 0xea, 0xff, 0xcc, 0xec, 0xe8, 0xff, 0xca, 0xeb, 0xea, 0xff, 0xc5, 0xe8, 0xeb, 0xff, 0xc3, 0xe7, 0xed, 0xff, 0xc2, 0xe7, 0xed, 0xff, 0xc1, 0xe7, 0xee, 0xff, 0xc0, 0xe6, 0xed, 0xff, 0xc0, 0xe6, 0xed, 0xff, 0xc0, 0xe6, 0xee, 0xff, 0xc0, 0xe6, 0xee, 0xff, 0xc0, 0xe6, 0xee, 0xff, 0xc0, 0xe6, 0xee, 0xff, 0xc0, 0xe6, 0xed, 0xff, 0xc1, 0xe7, 0xee, 0xff, 0xc1, 0xe7, 0xee, 0xff, 0xc2, 0xe7, 0xed, 0xff, 0xc3, 0xe7, 0xed, 0xff, 0xc7, 0xe7, 0xec, 0xff, 0xcf, 0xe7, 0xed, 0xff, 0xd2, 0xe9, 0xeb, 0xff, 0xd0, 0xeb, 0xe7, 0xff, 0xd2, 0xed, 0xe6, 0xff, 0xd6, 0xef, 0xe5, 0xff, 0xd9, 0xef, 0xe6, 0xff, 0xd9, 0xee, 0xe8, 0xff, 0xdd, 0xf0, 0xe7, 0xff, 0xe4, 0xf2, 0xe3, 0xff, 0xe6, 0xf5, 0xdd, 0xff, 0xe1, 0xf8, 0xd2, 0xff, 0xd4, 0xf9, 0xc8, 0xff, 0xc1, 0xfb, 0xc1, 0xff, 0xba, 0xfe, 0xc1, 0xff, 0xbc, 0xfe, 0xc4, 0xff, 0xbc, 0xfd, 0xc4, 0xff, 0xbd, 0xfe, 0xc3, 0xff, 0xbd, 0xfe, 0xc3, 0xff, 0xbc, 0xfe, 0xc4, 0xff, 0xbc, 0xfe, 0xc4, 0xff, 0xbc, 0xfe, 0xc4, 0xff, 0xbc, 0xfe, 0xc4, 0xff, 0xbd, 0xfe, 0xc4, 0xff, 0xbd, 0xfe, 0xc4, 0xff, 
  0xd1, 0xf5, 0xd1, 0xff, 0xd6, 0xf6, 0xd6, 0xff, 0xde, 0xf6, 0xde, 0xff, 0xe4, 0xf4, 0xe3, 0xff, 0xe6, 0xef, 0xe5, 0xff, 0xe8, 0xec, 0xe7, 0xff, 0xe9, 0xed, 0xe8, 0xff, 0xe9, 0xee, 0xe8, 0xff, 0xe6, 0xf0, 0xe6, 0xff, 0xe3, 0xf2, 0xe4, 0xff, 0xe1, 0xf3, 0xe2, 0xff, 0xe1, 0xf3, 0xe2, 0xff, 0xe2, 0xf2, 0xe3, 0xff, 0xe5, 0xf1, 0xe4, 0xff, 0xe8, 0xf0, 0xe6, 0xff, 0xe8, 0xef, 0xe7, 0xff, 0xe6, 0xf0, 0xe6, 0xff, 0xe5, 0xf1, 0xe5, 0xff, 0xe5, 0xf1, 0xe5, 0xff, 0xe5, 0xf1, 0xe5, 0xff, 0xe5, 0xf1, 0xe5, 0xff, 0xe4, 0xf0, 0xe4, 0xff, 0xe4, 0xf0, 0xe4, 0xff, 0xe4, 0xf0, 0xe4, 0xff, 0xe4, 0xf0, 0xe4, 0xff, 0xe4, 0xf0, 0xe4, 0xff, 0xe4, 0xf0, 0xe4, 0xff, 0xe5, 0xf1, 0xe5, 0xff, 0xe5, 0xf1, 0xe5, 0xff, 0xe5, 0xf1, 0xe5, 0xff, 0xe5, 0xf1, 0xe5, 0xff, 0xe5, 0xf1, 0xe5, 0xff, 0xe5, 0xf1, 0xe5, 0xff, 0xe5, 0xf1, 0xe5, 0xff, 0xe5, 0xf1, 0xe5, 0xff, 0xe5, 0xf1, 0xe5, 0xff, 0xe5, 0xf1, 0xe5, 0xff, 0xe5, 0xf1, 0xe5, 0xff, 0xe5, 0xf1, 0xe5, 0xff, 0xe5, 0xf1, 0xe5, 0xff, 0xe5, 0xf1, 0xe5, 0xff, 0xe5, 0xf1, 0xe5, 0xff, 0xe5, 0xf1, 0xe5, 0xff, 0xe5, 0xf1, 0xe5, 0xff, 0xe5, 0xf1, 0xe5, 0xff, 0xe5, 0xf1, 0xe5, 0xff, 0xe5, 0xf1, 0xe5, 0xff, 0xe5, 0xf1, 0xe5, 0xff, 0xe4, 0xf0, 0xe4, 0xff, 0xe4, 0xf0, 0xe4, 0xff, 0xe4, 0xf0, 0xe4, 0xff, 0xe5, 0xf1, 0xe5, 0xff, 0xe5, 0xf1, 0xe5, 0xff, 0xe5, 0xf1, 0xe5, 0xff, 0xe5, 0xf1, 0xe5, 0xff, 0xe5, 0xf1, 0xe5, 0xff, 0xe5, 0xf1, 0xe5, 0xff, 0xe5, 0xf1, 0xe5, 0xff, 0xe5, 0xf1, 0xe5, 0xff, 0xe5, 0xf1, 0xe5, 0xff, 0xe5, 0xf1, 0xe5, 0xff, 0xe4, 0xf0, 0xe4, 0xff, 0xe4, 0xf0, 0xe4, 0xff, 0xe3, 0xf0, 0xe4, 0xff, 0xe2, 0xf0, 0xe4, 0xff, 0xe2, 0xf0, 0xe4, 0xff, 0xe3, 0xf0, 0xe4, 0xff, 0xe4, 0xf0, 0xe4, 0xff, 0xe5, 0xef, 0xe4, 0xff, 0xe6, 0xef, 0xe4, 0xff, 0xe7, 0xef, 0xe5, 0xff, 0xe7, 0xef, 0xe5, 0xff, 0xe7, 0xef, 0xe7, 0xff, 0xe5, 0xef, 0xe8, 0xff, 0xe2, 0xef, 0xe9, 0xff, 0xe1, 0xf1, 0xea, 0xff, 0xdd, 0xf0, 0xe9, 0xff, 0xdb, 0xf0, 0xe9, 0xff, 0xd8, 0xf0, 0xe8, 0xff, 0xd4, 0xef, 0xe9, 0xff, 0xcf, 0xec, 0xea, 0xff, 0xcd, 0xeb, 0xec, 0xff, 0xcb, 0xea, 0xeb, 0xff, 0xca, 0xea, 0xeb, 0xff, 0xc9, 0xe9, 0xeb, 0xff, 0xc8, 0xe9, 0xeb, 0xff, 0xc7, 0xe8, 0xeb, 0xff, 0xc7, 0xe7, 0xeb, 0xff, 0xc5, 0xe5, 0xe9, 0xff, 0xc5, 0xe6, 0xe9, 0xff, 0xc6, 0xe7, 0xe9, 0xff, 0xc7, 0xe7, 0xe9, 0xff, 0xc8, 0xe8, 0xe9, 0xff, 0xc9, 0xe8, 0xe9, 0xff, 0xcb, 0xe9, 0xea, 0xff, 0xcf, 0xe9, 0xe8, 0xff, 0xd8, 0xec, 0xe9, 0xff, 0xdb, 0xed, 0xe7, 0xff, 0xdb, 0xef, 0xe6, 0xff, 0xda, 0xf0, 0xe4, 0xff, 0xda, 0xf2, 0xe4, 0xff, 0xdd, 0xf1, 0xe4, 0xff, 0xe4, 0xef, 0xe5, 0xff, 0xe7, 0xf0, 0xe5, 0xff, 0xe2, 0xf1, 0xe2, 0xff, 0xe0, 0xf5, 0xdf, 0xff, 0xdc, 0xf6, 0xd7, 0xff, 0xd2, 0xf6, 0xce, 0xff, 0xc5, 0xf8, 0xc6, 0xff, 0xbe, 0xfc, 0xc4, 0xff, 0xbb, 0xfe, 0xc4, 0xff, 0xbb, 0xff, 0xc3, 0xff, 0xbc, 0xff, 0xc1, 0xff, 0xbd, 0xff, 0xc1, 0xff, 0xbd, 0xff, 0xc2, 0xff, 0xbc, 0xfe, 0xc3, 0xff, 0xbc, 0xfe, 0xc3, 0xff, 0xbd, 0xfe, 0xc3, 0xff, 0xbd, 0xfe, 0xc3, 0xff, 0xbe, 0xfe, 0xc3, 0xff, 
  0xd4, 0xf4, 0xd4, 0xff, 0xda, 0xf6, 0xd9, 0xff, 0xe0, 0xf5, 0xdf, 0xff, 0xe4, 0xf2, 0xe3, 0xff, 0xe7, 0xee, 0xe6, 0xff, 0xe8, 0xec, 0xe7, 0xff, 0xe9, 0xed, 0xe8, 0xff, 0xe8, 0xef, 0xe8, 0xff, 0xe4, 0xf1, 0xe5, 0xff, 0xe1, 0xf2, 0xe3, 0xff, 0xdf, 0xf4, 0xe1, 0xff, 0xe0, 0xf4, 0xe1, 0xff, 0xe2, 0xf3, 0xe3, 0xff, 0xe5, 0xf1, 0xe5, 0xff, 0xe9, 0xef, 0xe7, 0xff, 0xe9, 0xef, 0xe7, 0xff, 0xe6, 0xf0, 0xe6, 0xff, 0xe5, 0xf1, 0xe5, 0xff, 0xe5, 0xf1, 0xe5, 0xff, 0xe5, 0xf1, 0xe5, 0xff, 0xe5, 0xf1, 0xe5, 0xff, 0xe5, 0xf1, 0xe5, 0xff, 0xe4, 0xf0, 0xe4, 0xff, 0xe4, 0xf0, 0xe4, 0xff, 0xe4, 0xf0, 0xe4, 0xff, 0xe4, 0xf0, 0xe4, 0xff, 0xe5, 0xf1, 0xe5, 0xff, 0xe5, 0xf1, 0xe5, 0xff, 0xe5, 0xf1, 0xe5, 0xff, 0xe5, 0xf1, 0xe5, 0xff, 0xe5, 0xf1, 0xe5, 0xff, 0xe5, 0xf1, 0xe5, 0xff, 0xe5, 0xf1, 0xe5, 0xff, 0xe5, 0xf1, 0xe5, 0xff, 0xe5, 0xf1, 0xe5, 0xff, 0xe5, 0xf1, 0xe5, 0xff, 0xe5, 0xf1, 0xe5, 0xff, 0xe5, 0xf1, 0xe5, 0xff, 0xe5, 0xf1, 0xe5, 0xff, 0xe5, 0xf1, 0xe5, 0xff, 0xe5, 0xf1, 0xe5, 0xff, 0xe5, 0xf1, 0xe5, 0xff, 0xe5, 0xf1, 0xe5, 0xff, 0xe5, 0xf1, 0xe5, 0xff, 0xe5, 0xf1, 0xe5, 0xff, 0xe5, 0xf1, 0xe5, 0xff, 0xe5, 0xf1, 0xe5, 0xff, 0xe5, 0xf1, 0xe5, 0xff, 0xe4, 0xf0, 0xe4, 0xff, 0xe4, 0xf0, 0xe4, 0xff, 0xe4, 0xf0, 0xe4, 0xff, 0xe5, 0xf1, 0xe5, 0xff, 0xe5, 0xf1, 0xe5, 0xff, 0xe5, 0xf1, 0xe5, 0xff, 0xe5, 0xf1, 0xe5, 0xff, 0xe5, 0xf1, 0xe5, 0xff, 0xe5, 0xf1, 0xe5, 0xff, 0xe5, 0xf1, 0xe5, 0xff, 0xe5, 0xf1, 0xe5, 0xff, 0xe5, 0xf1, 0xe5, 0xff, 0xe5, 0xf1, 0xe5, 0xff, 0xe4, 0xf0, 0xe4, 0xff, 0xe4, 0xf0, 0xe4, 0xff, 0xe4, 0xf0, 0xe4, 0xff, 0xe3, 0xf0, 0xe4, 0xff, 0xe4, 0xf0, 0xe4, 0xff, 0xe4, 0xf0, 0xe4, 0xff, 0xe4, 0xf0, 0xe4, 0xff, 0xe5, 0xf0, 0xe4, 0xff, 0xe5, 0xf0, 0xe4, 0xff, 0xe5, 0xf0, 0xe4, 0xff, 0xe5, 0xf0, 0xe4, 0xff, 0xe5, 0xf0, 0xe4, 0xff, 0xe5, 0xf0, 0xe6, 0xff, 0xe4, 0xf0, 0xe6, 0xff, 0xe3, 0xf0, 0xe7, 0xff, 0xe3, 0xf2, 0xe8, 0xff, 0xe2, 0xf2, 0xe8, 0xff, 0xe1, 0xf2, 0xe8, 0xff, 0xdf, 0xf2, 0xe9, 0xff, 0xda, 0xef, 0xe9, 0xff, 0xd8, 0xef, 0xea, 0xff, 0xd8, 0xef, 0xea, 0xff, 0xd6, 0xee, 0xea, 0xff, 0xd5, 0xee, 0xea, 0xff, 0xd4, 0xed, 0xea, 0xff, 0xd3, 0xec, 0xeb, 0xff, 0xd2, 0xeb, 0xea, 0xff, 0xd2, 0xeb, 0xea, 0xff, 0xd2, 0xeb, 0xea, 0xff, 0xd3, 0xec, 0xe9, 0xff, 0xd4, 0xed, 0xe9, 0xff, 0xd6, 0xee, 0xea, 0xff, 0xd7, 0xee, 0xe9, 0xff, 0xd8, 0xef, 0xea, 0xff, 0xda, 0xef, 0xe9, 0xff, 0xdd, 0xf0, 0xe6, 0xff, 0xe0, 0xf0, 0xe4, 0xff, 0xe4, 0xf1, 0xe6, 0xff, 0xe4, 0xf1, 0xe6, 0xff, 0xe0, 0xf1, 0xe6, 0xff, 0xe1, 0xf1, 0xe6, 0xff, 0xe6, 0xf0, 0xe5, 0xff, 0xe6, 0xf1, 0xe5, 0xff, 0xe1, 0xf3, 0xe3, 0xff, 0xde, 0xf5, 0xe2, 0xff, 0xdc, 0xf7, 0xdd, 0xff, 0xd4, 0xf6, 0xd4, 0xff, 0xca, 0xf6, 0xca, 0xff, 0xc3, 0xfa, 0xc5, 0xff, 0xbc, 0xff, 0xc1, 0xff, 0xba, 0xff, 0xbf, 0xff, 0xbe, 0xff, 0xbe, 0xff, 0xbf, 0xff, 0xbf, 0xff, 0xbe, 0xff, 0xc0, 0xff, 0xbe, 0xff, 0xc1, 0xff, 0xbe, 0xff, 0xc2, 0xff, 0xbe, 0xfe, 0xc2, 0xff, 0xbf, 0xff, 0xc1, 0xff, 0xbf, 0xff, 0xc1, 0xff, 
  0xd9, 0xf6, 0xd8, 0xff, 0xdc, 0xf6, 0xdc, 0xff, 0xe2, 0xf4, 0xe1, 0xff, 0xe6, 0xf1, 0xe5, 0xff, 0xea, 0xee, 0xe8, 0xff, 0xea, 0xec, 0xe9, 0xff, 0xe8, 0xed, 0xe8, 0xff, 0xe7, 0xef, 0xe8, 0xff, 0xe2, 0xf2, 0xe4, 0xff, 0xdf, 0xf3, 0xe2, 0xff, 0xde, 0xf5, 0xe0, 0xff, 0xde, 0xf4, 0xe1, 0xff, 0xe1, 0xf3, 0xe3, 0xff, 0xe5, 0xf1, 0xe5, 0xff, 0xe9, 0xef, 0xe7, 0xff, 0xea, 0xee, 0xe8, 0xff, 0xe5, 0xef, 0xe5, 0xff, 0xe4, 0xf0, 0xe4, 0xff, 0xe5, 0xf1, 0xe5, 0xff, 0xe5, 0xf1, 0xe5, 0xff, 0xe5, 0xf1, 0xe5, 0xff, 0xe5, 0xf1, 0xe5, 0xff, 0xe5, 0xf1, 0xe5, 0xff, 0xe5, 0xf1, 0xe5, 0xff, 0xe5, 0xf1, 0xe5, 0xff, 0xe5, 0xf1, 0xe5, 0xff, 0xe5, 0xf1, 0xe5, 0xff, 0xe5, 0xf1, 0xe5, 0xff, 0xe5, 0xf1, 0xe5, 0xff, 0xe5, 0xf1, 0xe5, 0xff, 0xe4, 0xf0, 0xe4, 0xff, 0xe4, 0xf0, 0xe4, 0xff, 0xe5, 0xf1, 0xe5, 0xff, 0xe5, 0xf1, 0xe5, 0xff, 0xe5, 0xf1, 0xe5, 0xff, 0xe5, 0xf1, 0xe5, 0xff, 0xe5, 0xf1, 0xe5, 0xff, 0xe5, 0xf1, 0xe5, 0xff, 0xe5, 0xf1, 0xe5, 0xff, 0xe5, 0xf1, 0xe5, 0xff, 0xe5, 0xf1, 0xe5, 0xff, 0xe5, 0xf1, 0xe5, 0xff, 0xe5, 0xf1, 0xe5, 0xff, 0xe5, 0xf1, 0xe5, 0xff, 0xe5, 0xf1, 0xe5, 0xff, 0xe5, 0xf1, 0xe5, 0xff, 0xe5, 0xf1, 0xe5, 0xff, 0xe5, 0xf1, 0xe5, 0xff, 0xe4, 0xf0, 0xe4, 0xff, 0xe4, 0xf0, 0xe4, 0xff, 0xe4, 0xf0, 0xe4, 0xff, 0xe5, 0xf1, 0xe5, 0xff, 0xe5, 0xf1, 0xe5, 0xff, 0xe5, 0xf1, 0xe5, 0xff, 0xe5, 0xf1, 0xe5, 0xff, 0xe5, 0xf1, 0xe5, 0xff, 0xe5, 0xf1, 0xe5, 0xff, 0xe5, 0xf1, 0xe5, 0xff, 0xe5, 0xf1, 0xe5, 0xff, 0xe5, 0xf1, 0xe5, 0xff, 0xe5, 0xf1, 0xe5, 0xff, 0xe4, 0xf0, 0xe4, 0xff, 0xe4, 0xf0, 0xe4, 0xff, 0xe4, 0xf0, 0xe4, 0xff, 0xe5, 0xef, 0xe5, 0xff, 0xe6, 0xef, 0xe5, 0xff, 0xe5, 0xef, 0xe4, 0xff, 0xe5, 0xf0, 0xe4, 0xff, 0xe3, 0xf0, 0xe4, 0xff, 0xe3, 0xf0, 0xe4, 0xff, 0xe2, 0xf1, 0xe3, 0xff, 0xe2, 0xf1, 0xe3, 0xff, 0xe2, 0xf1, 0xe3, 0xff, 0xe2, 0xf1, 0xe3, 0xff, 0xe3, 0xf0, 0xe3, 0xff, 0xe4, 0xf0, 0xe4, 0xff, 0xe5, 0xf0, 0xe4, 0xff, 0xe7, 0xf1, 0xe5, 0xff, 0xe7, 0xf1, 0xe5, 0xff, 0xe7, 0xf0, 0xe5, 0xff, 0xe5, 0xf0, 0xe6, 0xff, 0xe3, 0xf0, 0xe7, 0xff, 0xe3, 0xf0, 0xe7, 0xff, 0xe3, 0xf0, 0xe7, 0xff, 0xe2, 0xf0, 0xe8, 0xff, 0xe0, 0xef, 0xe8, 0xff, 0xdf, 0xee, 0xe8, 0xff, 0xdf, 0xee, 0xe9, 0xff, 0xe0, 0xef, 0xea, 0xff, 0xe0, 0xef, 0xe9, 0xff, 0xe1, 0xf0, 0xe9, 0xff, 0xe3, 0xf1, 0xe9, 0xff, 0xe4, 0xf1, 0xe8, 0xff, 0xe4, 0xf1, 0xe8, 0xff, 0xe4, 0xf1, 0xe8, 0xff, 0xe2, 0xf2, 0xe6, 0xff, 0xdc, 0xf3, 0xe1, 0xff, 0xde, 0xf2, 0xe1, 0xff, 0xe9, 0xf0, 0xe5, 0xff, 0xec, 0xee, 0xe8, 0xff, 0xe9, 0xee, 0xe9, 0xff, 0xe4, 0xef, 0xe9, 0xff, 0xde, 0xf1, 0xe7, 0xff, 0xda, 0xf2, 0xe4, 0xff, 0xdd, 0xf2, 0xe3, 0xff, 0xe0, 0xf6, 0xe4, 0xff, 0xde, 0xf6, 0xe1, 0xff, 0xd8, 0xf5, 0xd8, 0xff, 0xcf, 0xf5, 0xcd, 0xff, 0xc8, 0xf9, 0xc5, 0xff, 0xbf, 0xff, 0xbd, 0xff, 0xbe, 0xff, 0xba, 0xff, 0xc0, 0xff, 0xbb, 0xff, 0xc1, 0xff, 0xbc, 0xff, 0xc1, 0xff, 0xbd, 0xff, 0xc0, 0xff, 0xbe, 0xff, 0xc0, 0xff, 0xbf, 0xff, 0xc1, 0xff, 0xc0, 0xff, 0xc1, 0xff, 0xbf, 0xff, 0xc2, 0xff, 0xbf, 0xff, 
  0xde, 0xf5, 0xdd, 0xff, 0xdf, 0xf4, 0xdf, 0xff, 0xe3, 0xf3, 0xe2, 0xff, 0xe6, 0xf1, 0xe5, 0xff, 0xe9, 0xf0, 0xe8, 0xff, 0xe9, 0xef, 0xe8, 0xff, 0xe7, 0xef, 0xe8, 0xff, 0xe5, 0xf0, 0xe6, 0xff, 0xe2, 0xf1, 0xe3, 0xff, 0xe0, 0xf2, 0xe1, 0xff, 0xdf, 0xf3, 0xe1, 0xff, 0xdf, 0xf2, 0xe1, 0xff, 0xe2, 0xf1, 0xe3, 0xff, 0xe5, 0xef, 0xe4, 0xff, 0xe8, 0xee, 0xe6, 0xff, 0xe8, 0xee, 0xe7, 0xff, 0xe5, 0xef, 0xe5, 0xff, 0xe4, 0xf0, 0xe4, 0xff, 0xe4, 0xf0, 0xe4, 0xff, 0xe5, 0xf1, 0xe5, 0xff, 0xe5, 0xf1, 0xe5, 0xff, 0xe5, 0xf1, 0xe5, 0xff, 0xe5, 0xf1, 0xe5, 0xff, 0xe5, 0xf1, 0xe5, 0xff, 0xe5, 0xf1, 0xe5, 0xff, 0xe5, 0xf1, 0xe5, 0xff, 0xe5, 0xf1, 0xe5, 0xff, 0xe5, 0xf1, 0xe5, 0xff, 0xe5, 0xf1, 0xe5, 0xff, 0xe4, 0xf0, 0xe4, 0xff, 0xe4, 0xf0, 0xe4, 0xff, 0xe4, 0xf0, 0xe4, 0xff, 0xe5, 0xf1, 0xe5, 0xff, 0xe5, 0xf1, 0xe5, 0xff, 0xe5, 0xf1, 0xe5, 0xff, 0xe5, 0xf1, 0xe5, 0xff, 0xe5, 0xf1, 0xe5, 0xff, 0xe5, 0xf1, 0xe5, 0xff, 0xe5, 0xf1, 0xe5, 0xff, 0xe5, 0xf1, 0xe5, 0xff, 0xe5, 0xf1, 0xe5, 0xff, 0xe5, 0xf1, 0xe5, 0xff, 0xe5, 0xf1, 0xe5, 0xff, 0xe5, 0xf1, 0xe5, 0xff, 0xe5, 0xf1, 0xe5, 0xff, 0xe5, 0xf1, 0xe5, 0xff, 0xe5, 0xf1, 0xe5, 0xff, 0xe5, 0xf1, 0xe5, 0xff, 0xe4, 0xf0, 0xe4, 0xff, 0xe4, 0xf0, 0xe4, 0xff, 0xe4, 0xf0, 0xe4, 0xff, 0xe5, 0xf1, 0xe5, 0xff, 0xe5, 0xf1, 0xe5, 0xff, 0xe5, 0xf1, 0xe5, 0xff, 0xe5, 0xf1, 0xe5, 0xff, 0xe5, 0xf1, 0xe5, 0xff, 0xe5, 0xf1, 0xe5, 0xff, 0xe5, 0xf1, 0xe5, 0xff, 0xe5, 0xf1, 0xe5, 0xff, 0xe5, 0xf1, 0xe5, 0xff, 0xe5, 0xf1, 0xe5, 0xff, 0xe4, 0xf0, 0xe4, 0xff, 0xe4, 0xf0, 0xe4, 0xff, 0xe4, 0xf0, 0xe4, 0xff, 0xe7, 0xf0, 0xe6, 0xff, 0xe7, 0xf0, 0xe6, 0xff, 0xe6, 0xf0, 0xe5, 0xff, 0xe5, 0xf1, 0xe5, 0xff, 0xe4, 0xf1, 0xe5, 0xff, 0xe3, 0xf1, 0xe5, 0xff, 0xe2, 0xf2, 0xe4, 0xff, 0xe2, 0xf2, 0xe4, 0xff, 0xe2, 0xf2, 0xe4, 0xff, 0xe2, 0xf1, 0xe3, 0xff, 0xe3, 0xf1, 0xe3, 0xff, 0xe3, 0xef, 0xe2, 0xff, 0xe5, 0xef, 0xe2, 0xff, 0xe6, 0xef, 0xe2, 0xff, 0xe7, 0xef, 0xe2, 0xff, 0xe8, 0xef, 0xe3, 0xff, 0xe7, 0xef, 0xe4, 0xff, 0xe6, 0xef, 0xe4, 0xff, 0xe6, 0xef, 0xe4, 0xff, 0xe6, 0xef, 0xe4, 0xff, 0xe6, 0xf0, 0xe6, 0xff, 0xe6, 0xf0, 0xe6, 0xff, 0xe5, 0xf0, 0xe7, 0xff, 0xe5, 0xf0, 0xe7, 0xff, 0xe5, 0xf0, 0xe7, 0xff, 0xe4, 0xef, 0xe6, 0xff, 0xe5, 0xef, 0xe5, 0xff, 0xe5, 0xef, 0xe5, 0xff, 0xe6, 0xef, 0xe4, 0xff, 0xe6, 0xef, 0xe4, 0xff, 0xe6, 0xef, 0xe4, 0xff, 0xe4, 0xf0, 0xe3, 0xff, 0xdd, 0xf2, 0xdf, 0xff, 0xe0, 0xf2, 0xe1, 0xff, 0xea, 0xf0, 0xe5, 0xff, 0xed, 0xee, 0xe8, 0xff, 0xea, 0xee, 0xe9, 0xff, 0xe5, 0xef, 0xe9, 0xff, 0xdc, 0xf2, 0xe7, 0xff, 0xd8, 0xf2, 0xe4, 0xff, 0xdb, 0xef, 0xe1, 0xff, 0xe0, 0xf3, 0xe3, 0xff, 0xdf, 0xf5, 0xe2, 0xff, 0xd9, 0xf4, 0xd9, 0xff, 0xd0, 0xf5, 0xce, 0xff, 0xc9, 0xf9, 0xc5, 0xff, 0xc1, 0xff, 0xbc, 0xff, 0xbf, 0xff, 0xba, 0xff, 0xc1, 0xff, 0xbb, 0xff, 0xc2, 0xff, 0xbd, 0xff, 0xc1, 0xff, 0xbd, 0xff, 0xc1, 0xff, 0xbe, 0xff, 0xc1, 0xff, 0xbf, 0xff, 0xc1, 0xff, 0xbf, 0xff, 0xc2, 0xff, 0xbf, 0xff, 0xc2, 0xff, 0xbe, 0xff, 
  0xe4, 0xf1, 0xe5, 0xff, 0xe3, 0xf0, 0xe4, 0xff, 0xe2, 0xef, 0xe3, 0xff, 0xe2, 0xef, 0xe2, 0xff, 0xe3, 0xf0, 0xe3, 0xff, 0xe4, 0xf2, 0xe4, 0xff, 0xe2, 0xf1, 0xe3, 0xff, 0xe2, 0xf1, 0xe3, 0xff, 0xe4, 0xf1, 0xe4, 0xff, 0xe5, 0xf1, 0xe5, 0xff, 0xe5, 0xf1, 0xe5, 0xff, 0xe6, 0xf0, 0xe6, 0xff, 0xe7, 0xf0, 0xe6, 0xff, 0xe7, 0xf0, 0xe7, 0xff, 0xe7, 0xef, 0xe7, 0xff, 0xe6, 0xf0, 0xe6, 0xff, 0xe4, 0xf0, 0xe4, 0xff, 0xe4, 0xf0, 0xe4, 0xff, 0xe4, 0xf0, 0xe4, 0xff, 0xe4, 0xf0, 0xe4, 0xff, 0xe4, 0xf0, 0xe4, 0xff, 0xe4, 0xf0, 0xe4, 0xff, 0xe4, 0xf0, 0xe4, 0xff, 0xe4, 0xf0, 0xe4, 0xff, 0xe5, 0xf1, 0xe5, 0xff, 0xe5, 0xf1, 0xe5, 0xff, 0xe5, 0xf1, 0xe5, 0xff, 0xe5, 0xf1, 0xe5, 0xff, 0xe5, 0xf1, 0xe5, 0xff, 0xe5, 0xf1, 0xe5, 0xff, 0xe5, 0xf1, 0xe5, 0xff, 0xe5, 0xf1, 0xe5, 0xff, 0xe4, 0xf0, 0xe4, 0xff, 0xe4, 0xf0, 0xe4, 0xff, 0xe4, 0xf0, 0xe4, 0xff, 0xe4, 0xf0, 0xe4, 0xff, 0xe4, 0xf0, 0xe4, 0xff, 0xe4, 0xf0, 0xe4, 0xff, 0xe4, 0xf0, 0xe4, 0xff, 0xe4, 0xf0, 0xe4, 0xff, 0xe5, 0xf1, 0xe5, 0xff, 0xe5, 0xf1, 0xe5, 0xff, 0xe5, 0xf1, 0xe5, 0xff, 0xe5, 0xf1, 0xe5, 0xff, 0xe5, 0xf1, 0xe5, 0xff, 0xe5, 0xf1, 0xe5, 0xff, 0xe5, 0xf1, 0xe5, 0xff, 0xe5, 0xf1, 0xe5, 0xff, 0xe5, 0xf1, 0xe5, 0xff, 0xe5, 0xf1, 0xe5, 0xff, 0xe5, 0xf1, 0xe5, 0xff, 0xe5, 0xf1, 0xe5, 0xff, 0xe5, 0xf1, 0xe5, 0xff, 0xe5, 0xf1, 0xe5, 0xff, 0xe5, 0xf1, 0xe5, 0xff, 0xe5, 0xf1, 0xe5, 0xff, 0xe5, 0xf1, 0xe5, 0xff, 0xe5, 0xf1, 0xe5, 0xff, 0xe5, 0xf1, 0xe5, 0xff, 0xe5, 0xf1, 0xe5, 0xff, 0xe5, 0xf1, 0xe5, 0xff, 0xe5, 0xf1, 0xe5, 0xff, 0xe5, 0xf1, 0xe5, 0xff, 0xe5, 0xf1, 0xe5, 0xff, 0xe5, 0xf1, 0xe5, 0xff, 0xe6, 0xf1, 0xe5, 0xff, 0xe5, 0xf1, 0xe5, 0xff, 0xe5, 0xf1, 0xe5, 0xff, 0xe5, 0xf1, 0xe5, 0xff, 0xe4, 0xf1, 0xe5, 0xff, 0xe4, 0xf1, 0xe5, 0xff, 0xe4, 0xf1, 0xe5, 0xff, 0xe4, 0xf1, 0xe5, 0xff, 0xe4, 0xf1, 0xe5, 0xff, 0xe5, 0xf1, 0xe5, 0xff, 0xe5, 0xf1, 0xe5, 0xff, 0xe5, 0xf1, 0xe5, 0xff, 0xe6, 0xf1, 0xe5, 0xff, 0xe6, 0xf1, 0xe5, 0xff, 0xe6, 0xf1, 0xe5, 0xff, 0xe5, 0xf0, 0xe4, 0xff, 0xe5, 0xf0, 0xe4, 0xff, 0xe5, 0xf0, 0xe4, 0xff, 0xe5, 0xf0, 0xe4, 0xff, 0xe4, 0xf0, 0xe4, 0xff, 0xe4, 0xf0, 0xe4, 0xff, 0xe4, 0xf0, 0xe4, 0xff, 0xe4, 0xf0, 0xe5, 0xff, 0xe5, 0xf1, 0xe6, 0xff, 0xe5, 0xf1, 0xe6, 0xff, 0xe5, 0xf1, 0xe5, 0xff, 0xe5, 0xf1, 0xe5, 0xff, 0xe6, 0xf1, 0xe5, 0xff, 0xe6, 0xf1, 0xe5, 0xff, 0xe6, 0xf1, 0xe5, 0xff, 0xe5, 0xf1, 0xe5, 0xff, 0xe4, 0xf0, 0xe4, 0xff, 0xe4, 0xf0, 0xe4, 0xff, 0xe6, 0xef, 0xe4, 0xff, 0xe6, 0xef, 0xe5, 0xff, 0xe4, 0xf0, 0xe5, 0xff, 0xe2, 0xf0, 0xe4, 0xff, 0xdf, 0xf1, 0xe4, 0xff, 0xdf, 0xf1, 0xe4, 0xff, 0xdf, 0xf0, 0xe3, 0xff, 0xe0, 0xf2, 0xe2, 0xff, 0xe0, 0xf6, 0xe1, 0xff, 0xd9, 0xf6, 0xd9, 0xff, 0xcd, 0xf4, 0xcd, 0xff, 0xc8, 0xf9, 0xc6, 0xff, 0xc2, 0xfe, 0xc0, 0xff, 0xbd, 0xfd, 0xbb, 0xff, 0xc0, 0xff, 0xbf, 0xff, 0xc0, 0xff, 0xbf, 0xff, 0xc0, 0xff, 0xbf, 0xff, 0xc0, 0xff, 0xc0, 0xff, 0xc0, 0xff, 0xc0, 0xff, 0xc0, 0xff, 0xc0, 0xff, 0xc0, 0xff, 0xc0, 0xff, 0xc1, 0xff, 0xc0, 0xff, 
  0xe7, 0xef, 0xe7, 0xff, 0xe5, 0xef, 0xe6, 0xff, 0xe3, 0xf0, 0xe4, 0xff, 0xe2, 0xf1, 0xe3, 0xff, 0xe2, 0xf2, 0xe3, 0xff, 0xe2, 0xf3, 0xe2, 0xff, 0xe2, 0xf3, 0xe2, 0xff, 0xe2, 0xf1, 0xe2, 0xff, 0xe5, 0xf1, 0xe5, 0xff, 0xe7, 0xf0, 0xe6, 0xff, 0xe8, 0xef, 0xe7, 0xff, 0xe8, 0xef, 0xe8, 0xff, 0xe8, 0xef, 0xe7, 0xff, 0xe7, 0xef, 0xe7, 0xff, 0xe6, 0xf0, 0xe7, 0xff, 0xe5, 0xf0, 0xe6, 0xff, 0xe4, 0xf0, 0xe4, 0xff, 0xe4, 0xf0, 0xe4, 0xff, 0xe4, 0xf0, 0xe4, 0xff, 0xe4, 0xf0, 0xe4, 0xff, 0xe4, 0xf0, 0xe4, 0xff, 0xe4, 0xf0, 0xe4, 0xff, 0xe4, 0xf0, 0xe4, 0xff, 0xe4, 0xf0, 0xe4, 0xff, 0xe5, 0xf1, 0xe5, 0xff, 0xe5, 0xf1, 0xe5, 0xff, 0xe5, 0xf1, 0xe5, 0xff, 0xe5, 0xf1, 0xe5, 0xff, 0xe5, 0xf1, 0xe5, 0xff, 0xe5, 0xf1, 0xe5, 0xff, 0xe5, 0xf1, 0xe5, 0xff, 0xe5, 0xf1, 0xe5, 0xff, 0xe5, 0xf1, 0xe5, 0xff, 0xe5, 0xf1, 0xe5, 0xff, 0xe5, 0xf1, 0xe5, 0xff, 0xe5, 0xf1, 0xe5, 0xff, 0xe5, 0xf1, 0xe5, 0xff, 0xe5, 0xf1, 0xe5, 0xff, 0xe5, 0xf1, 0xe5, 0xff, 0xe5, 0xf1, 0xe5, 0xff, 0xe5, 0xf1, 0xe5, 0xff, 0xe5, 0xf1, 0xe5, 0xff, 0xe5, 0xf1, 0xe5, 0xff, 0xe5, 0xf1, 0xe5, 0xff, 0xe5, 0xf1, 0xe5, 0xff, 0xe5, 0xf1, 0xe5, 0xff, 0xe5, 0xf1, 0xe5, 0xff, 0xe5, 0xf1, 0xe5, 0xff, 0xe5, 0xf1, 0xe5, 0xff, 0xe5, 0xf1, 0xe5, 0xff, 0xe5, 0xf1, 0xe5, 0xff, 0xe5, 0xf1, 0xe5, 0xff, 0xe5, 0xf1, 0xe5, 0xff, 0xe5, 0xf1, 0xe5, 0xff, 0xe5, 0xf1, 0xe5, 0xff, 0xe5, 0xf1, 0xe5, 0xff, 0xe5, 0xf1, 0xe5, 0xff, 0xe5, 0xf1, 0xe5, 0xff, 0xe5, 0xf1, 0xe5, 0xff, 0xe5, 0xf1, 0xe5, 0xff, 0xe5, 0xf1, 0xe5, 0xff, 0xe5, 0xf1, 0xe5, 0xff, 0xe5, 0xf1, 0xe5, 0xff, 0xe5, 0xf1, 0xe5, 0xff, 0xe5, 0xf1, 0xe5, 0xff, 0xe5, 0xf1, 0xe5, 0xff, 0xe5, 0xf1, 0xe5, 0xff, 0xe5, 0xf1, 0xe5, 0xff, 0xe5, 0xf1, 0xe5, 0xff, 0xe5, 0xf1, 0xe5, 0xff, 0xe5, 0xf1, 0xe5, 0xff, 0xe5, 0xf1, 0xe5, 0xff, 0xe5, 0xf1, 0xe5, 0xff, 0xe5, 0xf1, 0xe5, 0xff, 0xe5, 0xf1, 0xe5, 0xff, 0xe5, 0xf1, 0xe5, 0xff, 0xe5, 0xf1, 0xe5, 0xff, 0xe5, 0xf1, 0xe5, 0xff, 0xe5, 0xf1, 0xe5, 0xff, 0xe5, 0xf1, 0xe5, 0xff, 0xe4, 0xf0, 0xe4, 0xff, 0xe4, 0xf0, 0xe4, 0xff, 0xe4, 0xf0, 0xe4, 0xff, 0xe4, 0xf0, 0xe4, 0xff, 0xe4, 0xf0, 0xe4, 0xff, 0xe4, 0xf0, 0xe4, 0xff, 0xe4, 0xf0, 0xe4, 0xff, 0xe4, 0xf0, 0xe4, 0xff, 0xe5, 0xf1, 0xe5, 0xff, 0xe5, 0xf1, 0xe5, 0xff, 0xe5, 0xf1, 0xe5, 0xff, 0xe5, 0xf1, 0xe5, 0xff, 0xe5, 0xf1, 0xe5, 0xff, 0xe5, 0xf1, 0xe5, 0xff, 0xe5, 0xf1, 0xe5, 0xff, 0xe6, 0xf0, 0xe6, 0xff, 0xe7, 0xef, 0xe7, 0xff, 0xe7, 0xef, 0xe7, 0xff, 0xe6, 0xf0, 0xe6, 0xff, 0xe4, 0xf1, 0xe5, 0xff, 0xe2, 0xf2, 0xe4, 0xff, 0xe2, 0xf2, 0xe4, 0xff, 0xe3, 0xf1, 0xe5, 0xff, 0xe3, 0xf1, 0xe5, 0xff, 0xe2, 0xf0, 0xe4, 0xff, 0xe1, 0xf1, 0xe2, 0xff, 0xe0, 0xf6, 0xe1, 0xff, 0xd9, 0xf6, 0xd9, 0xff, 0xcc, 0xf5, 0xcc, 0xff, 0xc7, 0xf9, 0xc6, 0xff, 0xc2, 0xfe, 0xc1, 0xff, 0xbd, 0xfe, 0xbd, 0xff, 0xc0, 0xff, 0xc0, 0xff, 0xc0, 0xff, 0xc0, 0xff, 0xc0, 0xff, 0xc0, 0xff, 0xc0, 0xff, 0xc0, 0xff, 0xc0, 0xff, 0xc0, 0xff, 0xc0, 0xff, 0xc0, 0xff, 0xc0, 0xff, 0xc0, 0xff, 0xc0, 0xff, 0xc0, 0xff, 
  0xe7, 0xf0, 0xe7, 0xff, 0xe6, 0xf0, 0xe6, 0xff, 0xe4, 0xf0, 0xe4, 0xff, 0xe3, 0xf0, 0xe3, 0xff, 0xe3, 0xf2, 0xe4, 0xff, 0xe3, 0xf2, 0xe3, 0xff, 0xe3, 0xf2, 0xe3, 0xff, 0xe3, 0xf1, 0xe3, 0xff, 0xe6, 0xf1, 0xe5, 0xff, 0xe7, 0xf0, 0xe6, 0xff, 0xe8, 0xef, 0xe7, 0xff, 0xe8, 0xef, 0xe7, 0xff, 0xe7, 0xef, 0xe7, 0xff, 0xe6, 0xf0, 0xe7, 0xff, 0xe5, 0xf0, 0xe6, 0xff, 0xe5, 0xf0, 0xe6, 0xff, 0xe5, 0xf1, 0xe5, 0xff, 0xe5, 0xf1, 0xe5, 0xff, 0xe5, 0xf1, 0xe5, 0xff, 0xe5, 0xf1, 0xe5, 0xff, 0xe5, 0xf1, 0xe5, 0xff, 0xe5, 0xf1, 0xe5, 0xff, 0xe5, 0xf1, 0xe5, 0xff, 0xe5, 0xf1, 0xe5, 0xff, 0xe5, 0xf1, 0xe5, 0xff, 0xe5, 0xf1, 0xe5, 0xff, 0xe5, 0xf1, 0xe5, 0xff, 0xe5, 0xf1, 0xe5, 0xff, 0xe5, 0xf1, 0xe5, 0xff, 0xe5, 0xf1, 0xe5, 0xff, 0xe5, 0xf1, 0xe5, 0xff, 0xe5, 0xf1, 0xe5, 0xff, 0xe5, 0xf1, 0xe5, 0xff, 0xe5, 0xf1, 0xe5, 0xff, 0xe5, 0xf1, 0xe5, 0xff, 0xe5, 0xf1, 0xe5, 0xff, 0xe5, 0xf1, 0xe5, 0xff, 0xe5, 0xf1, 0xe5, 0xff, 0xe5, 0xf1, 0xe5, 0xff, 0xe5, 0xf1, 0xe5, 0xff, 0xe5, 0xf1, 0xe5, 0xff, 0xe5, 0xf1, 0xe5, 0xff, 0xe5, 0xf1, 0xe5, 0xff, 0xe5, 0xf1, 0xe5, 0xff, 0xe5, 0xf1, 0xe5, 0xff, 0xe5, 0xf1, 0xe5, 0xff, 0xe5, 0xf1, 0xe5, 0xff, 0xe5, 0xf1, 0xe5, 0xff, 0xe5, 0xf1, 0xe5, 0xff, 0xe5, 0xf1, 0xe5, 0xff, 0xe5, 0xf1, 0xe5, 0xff, 0xe5, 0xf1, 0xe5, 0xff, 0xe5, 0xf1, 0xe5, 0xff, 0xe5, 0xf1, 0xe5, 0xff, 0xe5, 0xf1, 0xe5, 0xff, 0xe5, 0xf1, 0xe5, 0xff, 0xe5, 0xf1, 0xe5, 0xff, 0xe5, 0xf1, 0xe5, 0xff, 0xe5, 0xf1, 0xe5, 0xff, 0xe5, 0xf1, 0xe5, 0xff, 0xe5, 0xf1, 0xe5, 0xff, 0xe5, 0xf1, 0xe5, 0xff, 0xe5, 0xf1, 0xe5, 0xff, 0xe5, 0xf1, 0xe5, 0xff, 0xe5, 0xf1, 0xe5, 0xff, 0xe5, 0xf1, 0xe5, 0xff, 0xe5, 0xf1, 0xe5, 0xff, 0xe5, 0xf1, 0xe5, 0xff, 0xe5, 0xf1, 0xe5, 0xff, 0xe5, 0xf1, 0xe5, 0xff, 0xe5, 0xf1, 0xe5, 0xff, 0xe5, 0xf1, 0xe5, 0xff, 0xe5, 0xf1, 0xe5, 0xff, 0xe5, 0xf1, 0xe5, 0xff, 0xe5, 0xf1, 0xe5, 0xff, 0xe5, 0xf1, 0xe5, 0xff, 0xe5, 0xf1, 0xe5, 0xff, 0xe5, 0xf1, 0xe5, 0xff, 0xe5, 0xf1, 0xe5, 0xff, 0xe5, 0xf1, 0xe5, 0xff, 0xe5, 0xf1, 0xe5, 0xff, 0xe5, 0xf1, 0xe5, 0xff, 0xe5, 0xf1, 0xe5, 0xff, 0xe5, 0xf1, 0xe5, 0xff, 0xe5, 0xf1, 0xe5, 0xff, 0xe5, 0xf1, 0xe5, 0xff, 0xe5, 0xf1, 0xe5, 0xff, 0xe5, 0xf1, 0xe5, 0xff, 0xe5, 0xf1, 0xe5, 0xff, 0xe5, 0xf1, 0xe5, 0xff, 0xe5, 0xf1, 0xe5, 0xff, 0xe5, 0xf1, 0xe5, 0xff, 0xe5, 0xf1, 0xe5, 0xff, 0xe5, 0xf1, 0xe5, 0xff, 0xe5, 0xf1, 0xe5, 0xff, 0xe5, 0xf1, 0xe5, 0xff, 0xe6, 0xf0, 0xe6, 0xff, 0xe6, 0xf0, 0xe6, 0xff, 0xe5, 0xf1, 0xe5, 0xff, 0xe4, 0xf1, 0xe5, 0xff, 0xe3, 0xf1, 0xe5, 0xff, 0xe3, 0xf1, 0xe5, 0xff, 0xe4, 0xf1, 0xe6, 0xff, 0xe4, 0xf0, 0xe6, 0xff, 0xe3, 0xef, 0xe5, 0xff, 0xe2, 0xf1, 0xe3, 0xff, 0xe0, 0xf6, 0xe1, 0xff, 0xd9, 0xf6, 0xd9, 0xff, 0xcd, 0xf6, 0xcd, 0xff, 0xc6, 0xf9, 0xc5, 0xff, 0xc2, 0xff, 0xc2, 0xff, 0xbd, 0xfe, 0xbd, 0xff, 0xbf, 0xff, 0xc0, 0xff, 0xc0, 0xff, 0xc0, 0xff, 0xc0, 0xff, 0xc0, 0xff, 0xc0, 0xff, 0xc0, 0xff, 0xc0, 0xff, 0xc0, 0xff, 0xc0, 0xff, 0xc0, 0xff, 0xc0, 0xff, 0xc0, 0xff, 0xc0, 0xff, 0xc0, 0xff, 
  0xe6, 0xf0, 0xe6, 0xff, 0xe6, 0xf0, 0xe5, 0xff, 0xe5, 0xf1, 0xe5, 0xff, 0xe4, 0xf1, 0xe5, 0xff, 0xe4, 0xf1, 0xe4, 0xff, 0xe5, 0xf3, 0xe5, 0xff, 0xe4, 0xf1, 0xe4, 0xff, 0xe5, 0xf1, 0xe5, 0xff, 0xe6, 0xf0, 0xe6, 0xff, 0xe7, 0xf0, 0xe7, 0xff, 0xe8, 0xef, 0xe7, 0xff, 0xe8, 0xef, 0xe7, 0xff, 0xe7, 0xf0, 0xe7, 0xff, 0xe6, 0xf0, 0xe6, 0xff, 0xe6, 0xf0, 0xe6, 0xff, 0xe5, 0xf0, 0xe6, 0xff, 0xe5, 0xf1, 0xe5, 0xff, 0xe5, 0xf1, 0xe5, 0xff, 0xe5, 0xf1, 0xe5, 0xff, 0xe5, 0xf1, 0xe5, 0xff, 0xe5, 0xf1, 0xe5, 0xff, 0xe5, 0xf1, 0xe5, 0xff, 0xe5, 0xf1, 0xe5, 0xff, 0xe5, 0xf1, 0xe5, 0xff, 0xe5, 0xf1, 0xe5, 0xff, 0xe5, 0xf1, 0xe5, 0xff, 0xe5, 0xf1, 0xe5, 0xff, 0xe5, 0xf1, 0xe5, 0xff, 0xe5, 0xf1, 0xe5, 0xff, 0xe5, 0xf1, 0xe5, 0xff, 0xe5, 0xf1, 0xe5, 0xff, 0xe5, 0xf1, 0xe5, 0xff, 0xe5, 0xf1, 0xe5, 0xff, 0xe5, 0xf1, 0xe5, 0xff, 0xe5, 0xf1, 0xe5, 0xff, 0xe5, 0xf1, 0xe5, 0xff, 0xe5, 0xf1, 0xe5, 0xff, 0xe5, 0xf1, 0xe5, 0xff, 0xe5, 0xf1, 0xe5, 0xff, 0xe5, 0xf1, 0xe5, 0xff, 0xe5, 0xf1, 0xe5, 0xff, 0xe5, 0xf1, 0xe5, 0xff, 0xe5, 0xf1, 0xe5, 0xff, 0xe5, 0xf1, 0xe5, 0xff, 0xe5, 0xf1, 0xe5, 0xff, 0xe5, 0xf1, 0xe5, 0xff, 0xe5, 0xf1, 0xe5, 0xff, 0xe5, 0xf1, 0xe5, 0xff, 0xe5, 0xf1, 0xe5, 0xff, 0xe5, 0xf1, 0xe5, 0xff, 0xe5, 0xf1, 0xe5, 0xff, 0xe5, 0xf1, 0xe5, 0xff, 0xe5, 0xf1, 0xe5, 0xff, 0xe5, 0xf1, 0xe5, 0xff, 0xe5, 0xf1, 0xe5, 0xff, 0xe5, 0xf1, 0xe5, 0xff, 0xe5, 0xf1, 0xe5, 0xff, 0xe5, 0xf1, 0xe5, 0xff, 0xe5, 0xf1, 0xe5, 0xff, 0xe5, 0xf1, 0xe5, 0xff, 0xe5, 0xf1, 0xe5, 0xff, 0xe5, 0xf1, 0xe5, 0xff, 0xe5, 0xf1, 0xe5, 0xff, 0xe5, 0xf1, 0xe5, 0xff, 0xe5, 0xf1, 0xe5, 0xff, 0xe5, 0xf1, 0xe5, 0xff, 0xe5, 0xf1, 0xe5, 0xff, 0xe5, 0xf1, 0xe5, 0xff, 0xe5, 0xf1, 0xe5, 0xff, 0xe5, 0xf1, 0xe5, 0xff, 0xe5, 0xf1, 0xe5, 0xff, 0xe5, 0xf1, 0xe5, 0xff, 0xe5, 0xf1, 0xe5, 0xff, 0xe5, 0xf1, 0xe5, 0xff, 0xe5, 0xf1, 0xe5, 0xff, 0xe5, 0xf1, 0xe5, 0xff, 0xe5, 0xf1, 0xe5, 0xff, 0xe5, 0xf1, 0xe5, 0xff, 0xe5, 0xf1, 0xe5, 0xff, 0xe5, 0xf1, 0xe5, 0xff, 0xe5, 0xf1, 0xe5, 0xff, 0xe5, 0xf1, 0xe5, 0xff, 0xe5, 0xf1, 0xe5, 0xff, 0xe5, 0xf1, 0xe5, 0xff, 0xe5, 0xf1, 0xe5, 0xff, 0xe5, 0xf1, 0xe5, 0xff, 0xe5, 0xf1, 0xe5, 0xff, 0xe5, 0xf1, 0xe5, 0xff, 0xe5, 0xf1, 0xe5, 0xff, 0xe5, 0xf1, 0xe5, 0xff, 0xe5, 0xf1, 0xe5, 0xff, 0xe5, 0xf1, 0xe5, 0xff, 0xe5, 0xf1, 0xe5, 0xff, 0xe5, 0xf1, 0xe5, 0xff, 0xe5, 0xf1, 0xe5, 0xff, 0xe5, 0xf1, 0xe5, 0xff, 0xe6, 0xf0, 0xe5, 0xff, 0xe6, 0xf0, 0xe5, 0xff, 0xe5, 0xf1, 0xe5, 0xff, 0xe5, 0xf1, 0xe5, 0xff, 0xe4, 0xf1, 0xe5, 0xff, 0xe4, 0xf0, 0xe6, 0xff, 0xe5, 0xf0, 0xe7, 0xff, 0xe6, 0xf0, 0xe7, 0xff, 0xe5, 0xf0, 0xe6, 0xff, 0xe3, 0xf2, 0xe4, 0xff, 0xe1, 0xf6, 0xe1, 0xff, 0xda, 0xf7, 0xd9, 0xff, 0xcd, 0xf6, 0xcc, 0xff, 0xc7, 0xfb, 0xc6, 0xff, 0xc2, 0xff, 0xc1, 0xff, 0xbd, 0xff, 0xbd, 0xff, 0xbf, 0xff, 0xc0, 0xff, 0xc0, 0xff, 0xc0, 0xff, 0xc0, 0xff, 0xc0, 0xff, 0xc0, 0xff, 0xc0, 0xff, 0xc0, 0xff, 0xc0, 0xff, 0xc0, 0xff, 0xc0, 0xff, 0xc0, 0xff, 0xc0, 0xff, 0xc0, 0xff, 0xc0, 0xff, 
  0xe4, 0xf0, 0xe3, 0xff, 0xe5, 0xf1, 0xe4, 0xff, 0xe5, 0xf1, 0xe5, 0xff, 0xe6, 0xf2, 0xe6, 0xff, 0xe5, 0xf2, 0xe6, 0xff, 0xe5, 0xf1, 0xe5, 0xff, 0xe5, 0xf1, 0xe5, 0xff, 0xe6, 0xf0, 0xe6, 0xff, 0xe6, 0xf0, 0xe6, 0xff, 0xe7, 0xf0, 0xe6, 0xff, 0xe7, 0xf0, 0xe7, 0xff, 0xe7, 0xf0, 0xe7, 0xff, 0xe7, 0xf0, 0xe6, 0xff, 0xe6, 0xf0, 0xe6, 0xff, 0xe6, 0xf0, 0xe6, 0xff, 0xe6, 0xf0, 0xe6, 0xff, 0xe5, 0xf1, 0xe5, 0xff, 0xe5, 0xf1, 0xe5, 0xff, 0xe5, 0xf1, 0xe5, 0xff, 0xe5, 0xf1, 0xe5, 0xff, 0xe5, 0xf1, 0xe5, 0xff, 0xe5, 0xf1, 0xe5, 0xff, 0xe5, 0xf1, 0xe5, 0xff, 0xe5, 0xf1, 0xe5, 0xff, 0xe5, 0xf1, 0xe5, 0xff, 0xe5, 0xf1, 0xe5, 0xff, 0xe5, 0xf1, 0xe5, 0xff, 0xe5, 0xf1, 0xe5, 0xff, 0xe5, 0xf1, 0xe5, 0xff, 0xe5, 0xf1, 0xe5, 0xff, 0xe5, 0xf1, 0xe5, 0xff, 0xe5, 0xf1, 0xe5, 0xff, 0xe5, 0xf1, 0xe5, 0xff, 0xe5, 0xf1, 0xe5, 0xff, 0xe5, 0xf1, 0xe5, 0xff, 0xe5, 0xf1, 0xe5, 0xff, 0xe5, 0xf1, 0xe5, 0xff, 0xe5, 0xf1, 0xe5, 0xff, 0xe5, 0xf1, 0xe5, 0xff, 0xe5, 0xf1, 0xe5, 0xff, 0xe5, 0xf1, 0xe5, 0xff, 0xe5, 0xf1, 0xe5, 0xff, 0xe5, 0xf1, 0xe5, 0xff, 0xe5, 0xf1, 0xe5, 0xff, 0xe5, 0xf1, 0xe5, 0xff, 0xe5, 0xf1, 0xe5, 0xff, 0xe5, 0xf1, 0xe5, 0xff, 0xe5, 0xf1, 0xe5, 0xff, 0xe5, 0xf1, 0xe5, 0xff, 0xe5, 0xf1, 0xe5, 0xff, 0xe5, 0xf1, 0xe5, 0xff, 0xe5, 0xf1, 0xe5, 0xff, 0xe5, 0xf1, 0xe5, 0xff, 0xe5, 0xf1, 0xe5, 0xff, 0xe5, 0xf1, 0xe5, 0xff, 0xe5, 0xf1, 0xe5, 0xff, 0xe5, 0xf1, 0xe5, 0xff, 0xe5, 0xf1, 0xe5, 0xff, 0xe5, 0xf1, 0xe5, 0xff, 0xe5, 0xf1, 0xe5, 0xff, 0xe5, 0xf1, 0xe5, 0xff, 0xe5, 0xf1, 0xe5, 0xff, 0xe5, 0xf1, 0xe5, 0xff, 0xe5, 0xf1, 0xe5, 0xff, 0xe5, 0xf1, 0xe5, 0xff, 0xe5, 0xf1, 0xe5, 0xff, 0xe5, 0xf1, 0xe5, 0xff, 0xe5, 0xf1, 0xe5, 0xff, 0xe5, 0xf1, 0xe5, 0xff, 0xe5, 0xf1, 0xe5, 0xff, 0xe5, 0xf1, 0xe5, 0xff, 0xe5, 0xf1, 0xe5, 0xff, 0xe5, 0xf1, 0xe5, 0xff, 0xe5, 0xf1, 0xe5, 0xff, 0xe5, 0xf1, 0xe5, 0xff, 0xe5, 0xf1, 0xe5, 0xff, 0xe5, 0xf1, 0xe5, 0xff, 0xe5, 0xf1, 0xe5, 0xff, 0xe5, 0xf1, 0xe5, 0xff, 0xe5, 0xf1, 0xe5, 0xff, 0xe5, 0xf1, 0xe5, 0xff, 0xe5, 0xf1, 0xe5, 0xff, 0xe5, 0xf1, 0xe5, 0xff, 0xe5, 0xf1, 0xe5, 0xff, 0xe5, 0xf1, 0xe5, 0xff, 0xe5, 0xf1, 0xe5, 0xff, 0xe5, 0xf1, 0xe5, 0xff, 0xe5, 0xf1, 0xe5, 0xff, 0xe5, 0xf1, 0xe5, 0xff, 0xe5, 0xf1, 0xe5, 0xff, 0xe5, 0xf1, 0xe5, 0xff, 0xe5, 0xf1, 0xe5, 0xff, 0xe5, 0xf1, 0xe5, 0xff, 0xe5, 0xf1, 0xe5, 0xff, 0xe5, 0xf1, 0xe5, 0xff, 0xe5, 0xf1, 0xe5, 0xff, 0xe5, 0xf1, 0xe4, 0xff, 0xe5, 0xf1, 0xe4, 0xff, 0xe5, 0xf1, 0xe5, 0xff, 0xe5, 0xf1, 0xe5, 0xff, 0xe5, 0xf0, 0xe6, 0xff, 0xe6, 0xef, 0xe7, 0xff, 0xe7, 0xef, 0xe8, 0xff, 0xe7, 0xef, 0xe8, 0xff, 0xe6, 0xf0, 0xe7, 0xff, 0xe4, 0xf2, 0xe4, 0xff, 0xe1, 0xf6, 0xe0, 0xff, 0xd8, 0xf7, 0xd7, 0xff, 0xcb, 0xf6, 0xca, 0xff, 0xc5, 0xfa, 0xc4, 0xff, 0xc1, 0xff, 0xc0, 0xff, 0xbc, 0xff, 0xbd, 0xff, 0xbf, 0xff, 0xbf, 0xff, 0xc0, 0xff, 0xc0, 0xff, 0xc0, 0xff, 0xc0, 0xff, 0xc0, 0xff, 0xc0, 0xff, 0xc0, 0xff, 0xc0, 0xff, 0xc0, 0xff, 0xc0, 0xff, 0xc0, 0xff, 0xc0, 0xff, 0xc0, 0xff, 0xc0, 0xff, 
  0xe2, 0xf0, 0xe0, 0xff, 0xe3, 0xf1, 0xe2, 0xff, 0xe4, 0xf2, 0xe4, 0xff, 0xe6, 0xf2, 0xe5, 0xff, 0xe5, 0xf1, 0xe5, 0xff, 0xe6, 0xf0, 0xe6, 0xff, 0xe7, 0xf0, 0xe6, 0xff, 0xe7, 0xf0, 0xe7, 0xff, 0xe7, 0xf0, 0xe7, 0xff, 0xe7, 0xf0, 0xe7, 0xff, 0xe7, 0xf0, 0xe6, 0xff, 0xe7, 0xf0, 0xe6, 0xff, 0xe7, 0xf0, 0xe6, 0xff, 0xe7, 0xf0, 0xe6, 0xff, 0xe7, 0xf0, 0xe6, 0xff, 0xe6, 0xf0, 0xe6, 0xff, 0xe6, 0xf0, 0xe6, 0xff, 0xe5, 0xf1, 0xe5, 0xff, 0xe5, 0xf1, 0xe5, 0xff, 0xe5, 0xf1, 0xe5, 0xff, 0xe5, 0xf1, 0xe5, 0xff, 0xe5, 0xf1, 0xe5, 0xff, 0xe5, 0xf1, 0xe5, 0xff, 0xe5, 0xf1, 0xe5, 0xff, 0xe5, 0xf1, 0xe5, 0xff, 0xe5, 0xf1, 0xe5, 0xff, 0xe5, 0xf1, 0xe5, 0xff, 0xe5, 0xf1, 0xe5, 0xff, 0xe5, 0xf1, 0xe5, 0xff, 0xe5, 0xf1, 0xe5, 0xff, 0xe5, 0xf1, 0xe5, 0xff, 0xe5, 0xf1, 0xe5, 0xff, 0xe5, 0xf1, 0xe5, 0xff, 0xe5, 0xf1, 0xe5, 0xff, 0xe5, 0xf1, 0xe5, 0xff, 0xe5, 0xf1, 0xe5, 0xff, 0xe5, 0xf1, 0xe5, 0xff, 0xe5, 0xf1, 0xe5, 0xff, 0xe5, 0xf1, 0xe5, 0xff, 0xe5, 0xf1, 0xe5, 0xff, 0xe5, 0xf1, 0xe5, 0xff, 0xe5, 0xf1, 0xe5, 0xff, 0xe5, 0xf1, 0xe5, 0xff, 0xe5, 0xf1, 0xe5, 0xff, 0xe5, 0xf1, 0xe5, 0xff, 0xe5, 0xf1, 0xe5, 0xff, 0xe5, 0xf1, 0xe5, 0xff, 0xe5, 0xf1, 0xe5, 0xff, 0xe5, 0xf1, 0xe5, 0xff, 0xe5, 0xf1, 0xe5, 0xff, 0xe5, 0xf1, 0xe5, 0xff, 0xe5, 0xf1, 0xe5, 0xff, 0xe5, 0xf1, 0xe5, 0xff, 0xe5, 0xf1, 0xe5, 0xff, 0xe5, 0xf1, 0xe5, 0xff, 0xe5, 0xf1, 0xe5, 0xff, 0xe5, 0xf1, 0xe5, 0xff, 0xe5, 0xf1, 0xe5, 0xff, 0xe5, 0xf1, 0xe5, 0xff, 0xe5, 0xf1, 0xe5, 0xff, 0xe5, 0xf1, 0xe5, 0xff, 0xe5, 0xf1, 0xe5, 0xff, 0xe5, 0xf1, 0xe5, 0xff, 0xe5, 0xf1, 0xe5, 0xff, 0xe5, 0xf1, 0xe5, 0xff, 0xe5, 0xf1, 0xe5, 0xff, 0xe5, 0xf1, 0xe5, 0xff, 0xe5, 0xf1, 0xe5, 0xff, 0xe5, 0xf1, 0xe5, 0xff, 0xe5, 0xf1, 0xe5, 0xff, 0xe5, 0xf1, 0xe5, 0xff, 0xe5, 0xf1, 0xe5, 0xff, 0xe5, 0xf1, 0xe5, 0xff, 0xe5, 0xf1, 0xe5, 0xff, 0xe5, 0xf1, 0xe5, 0xff, 0xe5, 0xf1, 0xe5, 0xff, 0xe5, 0xf1, 0xe5, 0xff, 0xe5, 0xf1, 0xe5, 0xff, 0xe5, 0xf1, 0xe5, 0xff, 0xe5, 0xf1, 0xe5, 0xff, 0xe5, 0xf1, 0xe5, 0xff, 0xe5, 0xf1, 0xe5, 0xff, 0xe5, 0xf1, 0xe5, 0xff, 0xe5, 0xf1, 0xe5, 0xff, 0xe5, 0xf1, 0xe5, 0xff, 0xe5, 0xf1, 0xe5, 0xff, 0xe5, 0xf1, 0xe5, 0xff, 0xe5, 0xf1, 0xe5, 0xff, 0xe5, 0xf1, 0xe5, 0xff, 0xe5, 0xf1, 0xe5, 0xff, 0xe5, 0xf1, 0xe5, 0xff, 0xe5, 0xf1, 0xe5, 0xff, 0xe5, 0xf1, 0xe5, 0xff, 0xe5, 0xf1, 0xe5, 0xff, 0xe5, 0xf1, 0xe5, 0xff, 0xe5, 0xf1, 0xe5, 0xff, 0xe5, 0xf2, 0xe4, 0xff, 0xe5, 0xf2, 0xe4, 0xff, 0xe5, 0xf1, 0xe4, 0xff, 0xe6, 0xf0, 0xe6, 0xff, 0xe7, 0xef, 0xe7, 0xff, 0xe8, 0xef, 0xe8, 0xff, 0xe8, 0xee, 0xe9, 0xff, 0xe8, 0xee, 0xe8, 0xff, 0xe7, 0xef, 0xe7, 0xff, 0xe4, 0xf2, 0xe3, 0xff, 0xe0, 0xf6, 0xdf, 0xff, 0xd7, 0xf8, 0xd6, 0xff, 0xca, 0xf7, 0xc9, 0xff, 0xc4, 0xfb, 0xc3, 0xff, 0xc0, 0xff, 0xc0, 0xff, 0xbc, 0xff, 0xbc, 0xff, 0xbf, 0xff, 0xbf, 0xff, 0xc0, 0xff, 0xc0, 0xff, 0xc0, 0xff, 0xc0, 0xff, 0xc0, 0xff, 0xc0, 0xff, 0xc0, 0xff, 0xc0, 0xff, 0xc0, 0xff, 0xc0, 0xff, 0xc0, 0xff, 0xc0, 0xff, 0xc0, 0xff, 0xc0, 0xff, 
  0xdf, 0xf1, 0xdd, 0xff, 0xe1, 0xf2, 0xe0, 0xff, 0xe3, 0xf3, 0xe2, 0xff, 0xe5, 0xf3, 0xe5, 0xff, 0xe5, 0xf1, 0xe5, 0xff, 0xe6, 0xef, 0xe5, 0xff, 0xe7, 0xef, 0xe7, 0xff, 0xe8, 0xef, 0xe7, 0xff, 0xe7, 0xef, 0xe7, 0xff, 0xe7, 0xef, 0xe7, 0xff, 0xe7, 0xf0, 0xe7, 0xff, 0xe7, 0xf0, 0xe6, 0xff, 0xe7, 0xf0, 0xe6, 0xff, 0xe7, 0xf0, 0xe6, 0xff, 0xe7, 0xf0, 0xe6, 0xff, 0xe6, 0xf0, 0xe6, 0xff, 0xe6, 0xf0, 0xe6, 0xff, 0xe6, 0xf0, 0xe6, 0xff, 0xe6, 0xf0, 0xe6, 0xff, 0xe6, 0xf0, 0xe6, 0xff, 0xe6, 0xf0, 0xe6, 0xff, 0xe6, 0xf0, 0xe6, 0xff, 0xe6, 0xf0, 0xe6, 0xff, 0xe6, 0xf0, 0xe6, 0xff, 0xe6, 0xf0, 0xe6, 0xff, 0xe6, 0xf0, 0xe6, 0xff, 0xe6, 0xf0, 0xe6, 0xff, 0xe6, 0xf0, 0xe6, 0xff, 0xe6, 0xf0, 0xe6, 0xff, 0xe6, 0xf0, 0xe6, 0xff, 0xe6, 0xf0, 0xe6, 0xff, 0xe6, 0xf0, 0xe6, 0xff, 0xe6, 0xf0, 0xe6, 0xff, 0xe6, 0xf0, 0xe6, 0xff, 0xe6, 0xf0, 0xe6, 0xff, 0xe6, 0xf0, 0xe6, 0xff, 0xe6, 0xf0, 0xe6, 0xff, 0xe6, 0xf0, 0xe6, 0xff, 0xe6, 0xf0, 0xe6, 0xff, 0xe6, 0xf0, 0xe6, 0xff, 0xe6, 0xf0, 0xe6, 0xff, 0xe6, 0xf0, 0xe6, 0xff, 0xe6, 0xf0, 0xe6, 0xff, 0xe6, 0xf0, 0xe6, 0xff, 0xe6, 0xf0, 0xe6, 0xff, 0xe6, 0xf0, 0xe6, 0xff, 0xe6, 0xf0, 0xe6, 0xff, 0xe6, 0xf0, 0xe6, 0xff, 0xe6, 0xf0, 0xe6, 0xff, 0xe6, 0xf0, 0xe6, 0xff, 0xe6, 0xf0, 0xe6, 0xff, 0xe6, 0xf0, 0xe6, 0xff, 0xe6, 0xf0, 0xe6, 0xff, 0xe6, 0xf0, 0xe6, 0xff, 0xe6, 0xf0, 0xe6, 0xff, 0xe6, 0xf0, 0xe6, 0xff, 0xe6, 0xf0, 0xe6, 0xff, 0xe6, 0xf0, 0xe6, 0xff, 0xe6, 0xf0, 0xe6, 0xff, 0xe6, 0xf0, 0xe6, 0xff, 0xe6, 0xf0, 0xe6, 0xff, 0xe6, 0xf0, 0xe6, 0xff, 0xe6, 0xf0, 0xe6, 0xff, 0xe6, 0xf0, 0xe6, 0xff, 0xe6, 0xf0, 0xe6, 0xff, 0xe6, 0xf0, 0xe6, 0xff, 0xe6, 0xf0, 0xe6, 0xff, 0xe6, 0xf0, 0xe6, 0xff, 0xe6, 0xf0, 0xe6, 0xff, 0xe6, 0xf0, 0xe6, 0xff, 0xe6, 0xf0, 0xe6, 0xff, 0xe6, 0xf0, 0xe6, 0xff, 0xe6, 0xf0, 0xe6, 0xff, 0xe6, 0xf0, 0xe6, 0xff, 0xe6, 0xf0, 0xe6, 0xff, 0xe6, 0xf0, 0xe6, 0xff, 0xe6, 0xf0, 0xe6, 0xff, 0xe6, 0xf0, 0xe6, 0xff, 0xe6, 0xf0, 0xe6, 0xff, 0xe6, 0xf0, 0xe6, 0xff, 0xe6, 0xf0, 0xe6, 0xff, 0xe6, 0xf0, 0xe6, 0xff, 0xe6, 0xf0, 0xe6, 0xff, 0xe6, 0xf0, 0xe6, 0xff, 0xe6, 0xf0, 0xe6, 0xff, 0xe6, 0xf0, 0xe6, 0xff, 0xe6, 0xf0, 0xe6, 0xff, 0xe6, 0xf0, 0xe6, 0xff, 0xe6, 0xf0, 0xe6, 0xff, 0xe6, 0xf0, 0xe6, 0xff, 0xe6, 0xf0, 0xe6, 0xff, 0xe6, 0xf0, 0xe6, 0xff, 0xe6, 0xf0, 0xe6, 0xff, 0xe6, 0xf0, 0xe6, 0xff, 0xe6, 0xf0, 0xe6, 0xff, 0xe5, 0xf1, 0xe5, 0xff, 0xe4, 0xf2, 0xe3, 0xff, 0xe4, 0xf2, 0xe3, 0xff, 0xe5, 0xf1, 0xe4, 0xff, 0xe7, 0xf0, 0xe6, 0xff, 0xe8, 0xef, 0xe8, 0xff, 0xe9, 0xee, 0xe9, 0xff, 0xea, 0xee, 0xe9, 0xff, 0xe9, 0xee, 0xe8, 0xff, 0xe7, 0xf0, 0xe6, 0xff, 0xe3, 0xf1, 0xe2, 0xff, 0xde, 0xf6, 0xdd, 0xff, 0xd5, 0xf8, 0xd4, 0xff, 0xc7, 0xf7, 0xc7, 0xff, 0xc2, 0xfc, 0xc2, 0xff, 0xc0, 0xff, 0xbf, 0xff, 0xbc, 0xff, 0xbc, 0xff, 0xbf, 0xff, 0xbf, 0xff, 0xc0, 0xff, 0xc0, 0xff, 0xc0, 0xff, 0xc0, 0xff, 0xc0, 0xff, 0xc0, 0xff, 0xc0, 0xff, 0xc0, 0xff, 0xc0, 0xff, 0xc0, 0xff, 0xc0, 0xff, 0xc0, 0xff, 0xc0, 0xff, 0xc0, 0xff, 
  0xdc, 0xf2, 0xda, 0xff, 0xde, 0xf3, 0xdd, 0xff, 0xe2, 0xf4, 0xe0, 0xff, 0xe5, 0xf3, 0xe4, 0xff, 0xe6, 0xf1, 0xe5, 0xff, 0xe6, 0xee, 0xe6, 0xff, 0xe7, 0xee, 0xe7, 0xff, 0xe8, 0xef, 0xe8, 0xff, 0xe7, 0xef, 0xe8, 0xff, 0xe6, 0xef, 0xe7, 0xff, 0xe6, 0xf0, 0xe6, 0xff, 0xe6, 0xf0, 0xe6, 0xff, 0xe6, 0xf0, 0xe6, 0xff, 0xe7, 0xf0, 0xe6, 0xff, 0xe7, 0xf0, 0xe6, 0xff, 0xe7, 0xf0, 0xe6, 0xff, 0xe6, 0xef, 0xe5, 0xff, 0xe6, 0xef, 0xe5, 0xff, 0xe6, 0xef, 0xe5, 0xff, 0xe6, 0xef, 0xe5, 0xff, 0xe6, 0xef, 0xe5, 0xff, 0xe6, 0xef, 0xe5, 0xff, 0xe6, 0xef, 0xe5, 0xff, 0xe6, 0xef, 0xe5, 0xff, 0xe7, 0xf0, 0xe6, 0xff, 0xe7, 0xf0, 0xe6, 0xff, 0xe7, 0xf0, 0xe6, 0xff, 0xe7, 0xf0, 0xe6, 0xff, 0xe7, 0xf0, 0xe6, 0xff, 0xe7, 0xf0, 0xe6, 0xff, 0xe7, 0xf0, 0xe6, 0xff, 0xe7, 0xf0, 0xe6, 0xff, 0xe8, 0xf1, 0xe7, 0xff, 0xe8, 0xf1, 0xe7, 0xff, 0xe8, 0xf1, 0xe7, 0xff, 0xe8, 0xf1, 0xe7, 0xff, 0xe8, 0xf1, 0xe7, 0xff, 0xe8, 0xf1, 0xe7, 0xff, 0xe8, 0xf1, 0xe7, 0xff, 0xe8, 0xf1, 0xe7, 0xff, 0xe7, 0xf0, 0xe6, 0xff, 0xe7, 0xf0, 0xe6, 0xff, 0xe7, 0xf0, 0xe6, 0xff, 0xe7, 0xf0, 0xe6, 0xff, 0xe7, 0xf0, 0xe6, 0xff, 0xe7, 0xf0, 0xe6, 0xff, 0xe7, 0xf0, 0xe6, 0xff, 0xe7, 0xf0, 0xe6, 0xff, 0xe7, 0xf0, 0xe6, 0xff, 0xe7, 0xf0, 0xe6, 0xff, 0xe7, 0xf0, 0xe6, 0xff, 0xe7, 0xf0, 0xe6, 0xff, 0xe7, 0xf0, 0xe6, 0xff, 0xe7, 0xf0, 0xe6, 0xff, 0xe7, 0xf0, 0xe6, 0xff, 0xe7, 0xf0, 0xe6, 0xff, 0xe7, 0xf0, 0xe6, 0xff, 0xe7, 0xf0, 0xe6, 0xff, 0xe7, 0xf0, 0xe6, 0xff, 0xe7, 0xf0, 0xe6, 0xff, 0xe7, 0xf0, 0xe6, 0xff, 0xe7, 0xf0, 0xe6, 0xff, 0xe7, 0xf0, 0xe6, 0xff, 0xe7, 0xf0, 0xe6, 0xff, 0xe7, 0xf0, 0xe6, 0xff, 0xe7, 0xf0, 0xe6, 0xff, 0xe7, 0xf0, 0xe6, 0xff, 0xe7, 0xf0, 0xe6, 0xff, 0xe7, 0xf0, 0xe6, 0xff, 0xe7, 0xf0, 0xe6, 0xff, 0xe7, 0xf0, 0xe6, 0xff, 0xe7, 0xf0, 0xe6, 0xff, 0xe7, 0xf0, 0xe6, 0xff, 0xe7, 0xf0, 0xe6, 0xff, 0xe7, 0xf0, 0xe6, 0xff, 0xe7, 0xf0, 0xe6, 0xff, 0xe7, 0xf0, 0xe6, 0xff, 0xe7, 0xf0, 0xe6, 0xff, 0xe7, 0xf0, 0xe6, 0xff, 0xe7, 0xf0, 0xe6, 0xff, 0xe6, 0xef, 0xe5, 0xff, 0xe6, 0xef, 0xe5, 0xff, 0xe6, 0xef, 0xe5, 0xff, 0xe6, 0xef, 0xe5, 0xff, 0xe6, 0xef, 0xe5, 0xff, 0xe6, 0xef, 0xe5, 0xff, 0xe6, 0xef, 0xe5, 0xff, 0xe6, 0xef, 0xe5, 0xff, 0xe7, 0xf0, 0xe6, 0xff, 0xe7, 0xf0, 0xe6, 0xff, 0xe7, 0xf0, 0xe6, 0xff, 0xe7, 0xf0, 0xe6, 0xff, 0xe7, 0xf0, 0xe6, 0xff, 0xe7, 0xf0, 0xe6, 0xff, 0xe7, 0xf0, 0xe6, 0xff, 0xe6, 0xf1, 0xe5, 0xff, 0xe5, 0xf3, 0xe4, 0xff, 0xe5, 0xf3, 0xe4, 0xff, 0xe7, 0xf2, 0xe5, 0xff, 0xe8, 0xf1, 0xe7, 0xff, 0xea, 0xef, 0xe9, 0xff, 0xeb, 0xef, 0xea, 0xff, 0xeb, 0xef, 0xea, 0xff, 0xea, 0xf0, 0xe8, 0xff, 0xe6, 0xf1, 0xe5, 0xff, 0xe1, 0xf3, 0xe0, 0xff, 0xdc, 0xf8, 0xdb, 0xff, 0xd3, 0xf9, 0xd2, 0xff, 0xc6, 0xf8, 0xc6, 0xff, 0xc0, 0xfb, 0xc0, 0xff, 0xbf, 0xff, 0xbf, 0xff, 0xbc, 0xff, 0xbd, 0xff, 0xbf, 0xff, 0xbf, 0xff, 0xc0, 0xff, 0xc0, 0xff, 0xc0, 0xff, 0xc0, 0xff, 0xc0, 0xff, 0xc0, 0xff, 0xc0, 0xff, 0xc0, 0xff, 0xc0, 0xff, 0xc0, 0xff, 0xc0, 0xff, 0xc0, 0xff, 0xc0, 0xff, 0xc0, 0xff, 
  0xd6, 0xf2, 0xd4, 0xff, 0xdc, 0xf6, 0xdb, 0xff, 0xe3, 0xf8, 0xe1, 0xff, 0xe4, 0xf4, 0xe3, 0xff, 0xe5, 0xf0, 0xe4, 0xff, 0xe7, 0xee, 0xe6, 0xff, 0xe9, 0xee, 0xe8, 0xff, 0xe9, 0xee, 0xe8, 0xff, 0xe7, 0xef, 0xe8, 0xff, 0xe6, 0xef, 0xe7, 0xff, 0xe6, 0xf0, 0xe6, 0xff, 0xe6, 0xf1, 0xe5, 0xff, 0xe6, 0xf0, 0xe5, 0xff, 0xe7, 0xf0, 0xe6, 0xff, 0xe8, 0xf0, 0xe6, 0xff, 0xe8, 0xf0, 0xe6, 0xff, 0xe7, 0xf0, 0xe6, 0xff, 0xe7, 0xf0, 0xe6, 0xff, 0xe7, 0xf0, 0xe6, 0xff, 0xe7, 0xf0, 0xe6, 0xff, 0xe7, 0xf0, 0xe6, 0xff, 0xe7, 0xf0, 0xe6, 0xff, 0xe7, 0xf0, 0xe6, 0xff, 0xe7, 0xf0, 0xe6, 0xff, 0xe7, 0xf0, 0xe6, 0xff, 0xe7, 0xf0, 0xe6, 0xff, 0xe7, 0xf0, 0xe6, 0xff, 0xe7, 0xf0, 0xe6, 0xff, 0xe7, 0xf0, 0xe6, 0xff, 0xe7, 0xf0, 0xe6, 0xff, 0xe7, 0xf0, 0xe6, 0xff, 0xe7, 0xf0, 0xe6, 0xff, 0xe7, 0xf0, 0xe6, 0xff, 0xe7, 0xf0, 0xe6, 0xff, 0xe7, 0xf0, 0xe6, 0xff, 0xe7, 0xf0, 0xe6, 0xff, 0xe7, 0xf0, 0xe6, 0xff, 0xe7, 0xf0, 0xe6, 0xff, 0xe7, 0xf0, 0xe6, 0xff, 0xe7, 0xf0, 0xe6, 0xff, 0xe7, 0xf0, 0xe6, 0xff, 0xe7, 0xf0, 0xe6, 0xff, 0xe7, 0xf0, 0xe6, 0xff, 0xe7, 0xf0, 0xe6, 0xff, 0xe7, 0xf0, 0xe6, 0xff, 0xe7, 0xf0, 0xe6, 0xff, 0xe7, 0xf0, 0xe6, 0xff, 0xe7, 0xf0, 0xe6, 0xff, 0xe7, 0xf0, 0xe6, 0xff, 0xe7, 0xf0, 0xe6, 0xff, 0xe7, 0xf0, 0xe6, 0xff, 0xe7, 0xf0, 0xe6, 0xff, 0xe7, 0xf0, 0xe6, 0xff, 0xe7, 0xf0, 0xe6, 0xff, 0xe7, 0xf0, 0xe6, 0xff, 0xe7, 0xf0, 0xe6, 0xff, 0xe7, 0xf0, 0xe6, 0xff, 0xe7, 0xf0, 0xe6, 0xff, 0xe7, 0xf0, 0xe6, 0xff, 0xe7, 0xf0, 0xe6, 0xff, 0xe7, 0xf0, 0xe6, 0xff, 0xe7, 0xf0, 0xe6, 0xff, 0xe7, 0xf0, 0xe6, 0xff, 0xe7, 0xf0, 0xe6, 0xff, 0xe7, 0xf0, 0xe6, 0xff, 0xe7, 0xf0, 0xe6, 0xff, 0xe7, 0xf0, 0xe6, 0xff, 0xe7, 0xf0, 0xe6, 0xff, 0xe7, 0xf0, 0xe6, 0xff, 0xe7, 0xf0, 0xe6, 0xff, 0xe7, 0xf0, 0xe6, 0xff, 0xe7, 0xf0, 0xe6, 0xff, 0xe7, 0xf0, 0xe6, 0xff, 0xe7, 0xf0, 0xe6, 0xff, 0xe7, 0xf0, 0xe6, 0xff, 0xe7, 0xf0, 0xe6, 0xff, 0xe7, 0xf0, 0xe6, 0xff, 0xe7, 0xf0, 0xe6, 0xff, 0xe7, 0xf0, 0xe6, 0xff, 0xe7, 0xf0, 0xe6, 0xff, 0xe7, 0xf0, 0xe6, 0xff, 0xe7, 0xf0, 0xe6, 0xff, 0xe7, 0xf0, 0xe6, 0xff, 0xe7, 0xf0, 0xe6, 0xff, 0xe7, 0xf0, 0xe6, 0xff, 0xe7, 0xf0, 0xe6, 0xff, 0xe7, 0xf0, 0xe6, 0xff, 0xe7, 0xf0, 0xe6, 0xff, 0xe7, 0xf0, 0xe6, 0xff, 0xe7, 0xf0, 0xe6, 0xff, 0xe7, 0xf0, 0xe6, 0xff, 0xe7, 0xf0, 0xe6, 0xff, 0xe7, 0xf0, 0xe6, 0xff, 0xe7, 0xf0, 0xe6, 0xff, 0xe7, 0xf0, 0xe6, 0xff, 0xe6, 0xf1, 0xe5, 0xff, 0xe4, 0xf2, 0xe3, 0xff, 0xe5, 0xf3, 0xe4, 0xff, 0xe7, 0xf2, 0xe6, 0xff, 0xe8, 0xf0, 0xe8, 0xff, 0xea, 0xef, 0xe9, 0xff, 0xeb, 0xef, 0xea, 0xff, 0xea, 0xef, 0xe9, 0xff, 0xe8, 0xf1, 0xe7, 0xff, 0xe4, 0xf2, 0xe3, 0xff, 0xe0, 0xf6, 0xdf, 0xff, 0xd8, 0xf8, 0xd8, 0xff, 0xce, 0xf8, 0xcf, 0xff, 0xc6, 0xf9, 0xc6, 0xff, 0xc2, 0xfe, 0xc2, 0xff, 0xbf, 0xff, 0xc0, 0xff, 0xbd, 0xff, 0xbe, 0xff, 0xbf, 0xff, 0xc0, 0xff, 0xc0, 0xff, 0xc0, 0xff, 0xc0, 0xff, 0xc0, 0xff, 0xc0, 0xff, 0xc0, 0xff, 0xc0, 0xff, 0xc0, 0xff, 0xc0, 0xff, 0xc0, 0xff, 0xc0, 0xff, 0xc0, 0xff, 0xc0, 0xff, 0xc0, 0xff, 
  0xd1, 0xf4, 0xd0, 0xff, 0xd8, 0xf7, 0xd7, 0xff, 0xe0, 0xf9, 0xde, 0xff, 0xe3, 0xf5, 0xe1, 0xff, 0xe5, 0xf0, 0xe3, 0xff, 0xe7, 0xee, 0xe6, 0xff, 0xea, 0xee, 0xe8, 0xff, 0xe9, 0xee, 0xe9, 0xff, 0xe7, 0xef, 0xe8, 0xff, 0xe6, 0xf0, 0xe7, 0xff, 0xe5, 0xf1, 0xe6, 0xff, 0xe5, 0xf1, 0xe5, 0xff, 0xe6, 0xf1, 0xe5, 0xff, 0xe7, 0xf0, 0xe5, 0xff, 0xe8, 0xf0, 0xe6, 0xff, 0xe8, 0xef, 0xe7, 0xff, 0xe7, 0xf0, 0xe6, 0xff, 0xe7, 0xf0, 0xe6, 0xff, 0xe7, 0xf0, 0xe6, 0xff, 0xe7, 0xf0, 0xe6, 0xff, 0xe7, 0xf0, 0xe6, 0xff, 0xe7, 0xf0, 0xe6, 0xff, 0xe7, 0xf0, 0xe6, 0xff, 0xe7, 0xf0, 0xe6, 0xff, 0xe7, 0xf0, 0xe6, 0xff, 0xe7, 0xf0, 0xe6, 0xff, 0xe7, 0xf0, 0xe6, 0xff, 0xe7, 0xf0, 0xe6, 0xff, 0xe7, 0xf0, 0xe6, 0xff, 0xe7, 0xf0, 0xe6, 0xff, 0xe7, 0xf0, 0xe6, 0xff, 0xe7, 0xf0, 0xe6, 0xff, 0xe7, 0xf0, 0xe6, 0xff, 0xe7, 0xf0, 0xe6, 0xff, 0xe7, 0xf0, 0xe6, 0xff, 0xe7, 0xf0, 0xe6, 0xff, 0xe7, 0xf0, 0xe6, 0xff, 0xe7, 0xf0, 0xe6, 0xff, 0xe7, 0xf0, 0xe6, 0xff, 0xe7, 0xf0, 0xe6, 0xff, 0xe7, 0xf0, 0xe6, 0xff, 0xe7, 0xf0, 0xe6, 0xff, 0xe7, 0xf0, 0xe6, 0xff, 0xe7, 0xf0, 0xe6, 0xff, 0xe7, 0xf0, 0xe6, 0xff, 0xe7, 0xf0, 0xe6, 0xff, 0xe7, 0xf0, 0xe6, 0xff, 0xe7, 0xf0, 0xe6, 0xff, 0xe7, 0xf0, 0xe6, 0xff, 0xe7, 0xf0, 0xe6, 0xff, 0xe7, 0xf0, 0xe6, 0xff, 0xe7, 0xf0, 0xe6, 0xff, 0xe7, 0xf0, 0xe6, 0xff, 0xe7, 0xf0, 0xe6, 0xff, 0xe7, 0xf0, 0xe6, 0xff, 0xe7, 0xf0, 0xe6, 0xff, 0xe7, 0xf0, 0xe6, 0xff, 0xe7, 0xf0, 0xe6, 0xff, 0xe7, 0xf0, 0xe6, 0xff, 0xe7, 0xf0, 0xe6, 0xff, 0xe7, 0xf0, 0xe6, 0xff, 0xe7, 0xf0, 0xe6, 0xff, 0xe7, 0xf0, 0xe6, 0xff, 0xe7, 0xf0, 0xe6, 0xff, 0xe7, 0xf0, 0xe6, 0xff, 0xe7, 0xf0, 0xe6, 0xff, 0xe7, 0xf0, 0xe6, 0xff, 0xe7, 0xf0, 0xe6, 0xff, 0xe7, 0xf0, 0xe6, 0xff, 0xe7, 0xf0, 0xe6, 0xff, 0xe7, 0xf0, 0xe6, 0xff, 0xe7, 0xf0, 0xe6, 0xff, 0xe7, 0xf0, 0xe6, 0xff, 0xe7, 0xf0, 0xe6, 0xff, 0xe7, 0xf0, 0xe6, 0xff, 0xe7, 0xf0, 0xe6, 0xff, 0xe7, 0xf0, 0xe6, 0xff, 0xe7, 0xf0, 0xe6, 0xff, 0xe7, 0xf0, 0xe6, 0xff, 0xe7, 0xf0, 0xe6, 0xff, 0xe7, 0xf0, 0xe6, 0xff, 0xe7, 0xf0, 0xe6, 0xff, 0xe7, 0xf0, 0xe6, 0xff, 0xe7, 0xf0, 0xe6, 0xff, 0xe7, 0xf0, 0xe6, 0xff, 0xe7, 0xf0, 0xe6, 0xff, 0xe7, 0xf0, 0xe6, 0xff, 0xe7, 0xf0, 0xe6, 0xff, 0xe7, 0xf0, 0xe6, 0xff, 0xe7, 0xf0, 0xe6, 0xff, 0xe7, 0xf0, 0xe6, 0xff, 0xe7, 0xf0, 0xe6, 0xff, 0xe7, 0xf0, 0xe6, 0xff, 0xe7, 0xf0, 0xe6, 0xff, 0xe7, 0xf0, 0xe6, 0xff, 0xe6, 0xf0, 0xe5, 0xff, 0xe5, 0xf3, 0xe4, 0xff, 0xe4, 0xf2, 0xe3, 0xff, 0xe6, 0xf0, 0xe5, 0xff, 0xe7, 0xef, 0xe7, 0xff, 0xe9, 0xee, 0xe8, 0xff, 0xe9, 0xee, 0xe8, 0xff, 0xe8, 0xef, 0xe7, 0xff, 0xe5, 0xf1, 0xe4, 0xff, 0xe1, 0xf4, 0xe0, 0xff, 0xdd, 0xf8, 0xdb, 0xff, 0xd5, 0xf9, 0xd4, 0xff, 0xcb, 0xf9, 0xcb, 0xff, 0xc4, 0xfa, 0xc4, 0xff, 0xc1, 0xfe, 0xc2, 0xff, 0xbf, 0xff, 0xc0, 0xff, 0xbd, 0xff, 0xbf, 0xff, 0xbf, 0xff, 0xc0, 0xff, 0xc0, 0xff, 0xc0, 0xff, 0xc0, 0xff, 0xc0, 0xff, 0xc0, 0xff, 0xc0, 0xff, 0xc0, 0xff, 0xc0, 0xff, 0xc0, 0xff, 0xc0, 0xff, 0xc0, 0xff, 0xc0, 0xff, 0xc0, 0xff, 0xc0, 0xff, 
  0xcc, 0xf5, 0xcb, 0xff, 0xd2, 0xf8, 0xd1, 0xff, 0xdb, 0xf8, 0xda, 0xff, 0xe0, 0xf5, 0xdf, 0xff, 0xe5, 0xf2, 0xe3, 0xff, 0xe8, 0xf0, 0xe6, 0xff, 0xe9, 0xee, 0xe8, 0xff, 0xe9, 0xee, 0xe9, 0xff, 0xe7, 0xef, 0xe8, 0xff, 0xe6, 0xf0, 0xe7, 0xff, 0xe4, 0xf1, 0xe6, 0xff, 0xe4, 0xf1, 0xe5, 0xff, 0xe6, 0xf1, 0xe5, 0xff, 0xe7, 0xf0, 0xe6, 0xff, 0xe9, 0xef, 0xe7, 0xff, 0xe9, 0xef, 0xe7, 0xff, 0xe7, 0xf0, 0xe7, 0xff, 0xe7, 0xf0, 0xe6, 0xff, 0xe7, 0xf0, 0xe6, 0xff, 0xe7, 0xf0, 0xe6, 0xff, 0xe7, 0xf0, 0xe6, 0xff, 0xe7, 0xf0, 0xe6, 0xff, 0xe7, 0xf0, 0xe6, 0xff, 0xe7, 0xf0, 0xe6, 0xff, 0xe7, 0xf0, 0xe6, 0xff, 0xe7, 0xf0, 0xe6, 0xff, 0xe7, 0xf0, 0xe6, 0xff, 0xe7, 0xf0, 0xe6, 0xff, 0xe7, 0xf0, 0xe6, 0xff, 0xe7, 0xf0, 0xe6, 0xff, 0xe7, 0xf0, 0xe6, 0xff, 0xe7, 0xf0, 0xe6, 0xff, 0xe7, 0xf0, 0xe6, 0xff, 0xe7, 0xf0, 0xe6, 0xff, 0xe7, 0xf0, 0xe6, 0xff, 0xe7, 0xf0, 0xe6, 0xff, 0xe7, 0xf0, 0xe6, 0xff, 0xe7, 0xf0, 0xe6, 0xff, 0xe7, 0xf0, 0xe6, 0xff, 0xe7, 0xf0, 0xe6, 0xff, 0xe7, 0xf0, 0xe6, 0xff, 0xe7, 0xf0, 0xe6, 0xff, 0xe7, 0xf0, 0xe6, 0xff, 0xe7, 0xf0, 0xe6, 0xff, 0xe7, 0xf0, 0xe6, 0xff, 0xe7, 0xf0, 0xe6, 0xff, 0xe7, 0xf0, 0xe6, 0xff, 0xe7, 0xf0, 0xe6, 0xff, 0xe7, 0xf0, 0xe6, 0xff, 0xe7, 0xf0, 0xe6, 0xff, 0xe7, 0xf0, 0xe6, 0xff, 0xe7, 0xf0, 0xe6, 0xff, 0xe7, 0xf0, 0xe6, 0xff, 0xe7, 0xf0, 0xe6, 0xff, 0xe7, 0xf0, 0xe6, 0xff, 0xe7, 0xf0, 0xe6, 0xff, 0xe7, 0xf0, 0xe6, 0xff, 0xe7, 0xf0, 0xe6, 0xff, 0xe7, 0xf0, 0xe6, 0xff, 0xe7, 0xf0, 0xe6, 0xff, 0xe7, 0xf0, 0xe6, 0xff, 0xe7, 0xf0, 0xe6, 0xff, 0xe7, 0xf0, 0xe6, 0xff, 0xe7, 0xf0, 0xe6, 0xff, 0xe7, 0xf0, 0xe6, 0xff, 0xe7, 0xf0, 0xe6, 0xff, 0xe7, 0xf0, 0xe6, 0xff, 0xe7, 0xf0, 0xe6, 0xff, 0xe7, 0xf0, 0xe6, 0xff, 0xe7, 0xf0, 0xe6, 0xff, 0xe7, 0xf0, 0xe6, 0xff, 0xe7, 0xf0, 0xe6, 0xff, 0xe7, 0xf0, 0xe6, 0xff, 0xe7, 0xf0, 0xe6, 0xff, 0xe7, 0xf0, 0xe6, 0xff, 0xe7, 0xf0, 0xe6, 0xff, 0xe7, 0xf0, 0xe6, 0xff, 0xe7, 0xf0, 0xe6, 0xff, 0xe7, 0xf0, 0xe6, 0xff, 0xe7, 0xf0, 0xe6, 0xff, 0xe7, 0xf0, 0xe6, 0xff, 0xe7, 0xf0, 0xe6, 0xff, 0xe7, 0xf0, 0xe6, 0xff, 0xe7, 0xf0, 0xe6, 0xff, 0xe7, 0xf0, 0xe6, 0xff, 0xe7, 0xf0, 0xe6, 0xff, 0xe7, 0xf0, 0xe6, 0xff, 0xe7, 0xf0, 0xe6, 0xff, 0xe7, 0xf0, 0xe6, 0xff, 0xe7, 0xf0, 0xe6, 0xff, 0xe7, 0xf0, 0xe6, 0xff, 0xe7, 0xf0, 0xe6, 0xff, 0xe7, 0xf0, 0xe6, 0xff, 0xe7, 0xf0, 0xe6, 0xff, 0xe7, 0xf0, 0xe6, 0xff, 0xe6, 0xf0, 0xe6, 0xff, 0xe5, 0xf3, 0xe5, 0xff, 0xe4, 0xf2, 0xe4, 0xff, 0xe6, 0xf0, 0xe6, 0xff, 0xe6, 0xee, 0xe6, 0xff, 0xe7, 0xee, 0xe7, 0xff, 0xe7, 0xee, 0xe6, 0xff, 0xe5, 0xf0, 0xe4, 0xff, 0xe2, 0xf2, 0xe0, 0xff, 0xde, 0xf6, 0xdc, 0xff, 0xd8, 0xf9, 0xd7, 0xff, 0xcf, 0xf9, 0xce, 0xff, 0xc8, 0xfa, 0xc7, 0xff, 0xc3, 0xfb, 0xc3, 0xff, 0xc2, 0xff, 0xc2, 0xff, 0xc0, 0xff, 0xc1, 0xff, 0xbd, 0xff, 0xbe, 0xff, 0xbf, 0xff, 0xc0, 0xff, 0xc0, 0xff, 0xc0, 0xff, 0xc0, 0xff, 0xc0, 0xff, 0xc0, 0xff, 0xc0, 0xff, 0xc0, 0xff, 0xc0, 0xff, 0xc0, 0xff, 0xc0, 0xff, 0xc0, 0xff, 0xc0, 0xff, 0xc0, 0xff, 0xc0, 0xff, 
  0xc8, 0xf8, 0xc8, 0xff, 0xcd, 0xf9, 0xcd, 0xff, 0xd7, 0xf9, 0xd6, 0xff, 0xde, 0xf7, 0xdc, 0xff, 0xe4, 0xf4, 0xe3, 0xff, 0xe8, 0xf1, 0xe7, 0xff, 0xea, 0xef, 0xe9, 0xff, 0xea, 0xef, 0xea, 0xff, 0xe7, 0xef, 0xe8, 0xff, 0xe5, 0xf0, 0xe7, 0xff, 0xe3, 0xf1, 0xe5, 0xff, 0xe4, 0xf1, 0xe5, 0xff, 0xe6, 0xf1, 0xe5, 0xff, 0xe8, 0xf0, 0xe6, 0xff, 0xea, 0xef, 0xe7, 0xff, 0xea, 0xef, 0xe7, 0xff, 0xe8, 0xef, 0xe7, 0xff, 0xe7, 0xf0, 0xe6, 0xff, 0xe7, 0xf0, 0xe6, 0xff, 0xe7, 0xf0, 0xe6, 0xff, 0xe7, 0xf0, 0xe6, 0xff, 0xe7, 0xf0, 0xe6, 0xff, 0xe7, 0xf0, 0xe6, 0xff, 0xe7, 0xf0, 0xe6, 0xff, 0xe7, 0xf0, 0xe6, 0xff, 0xe7, 0xf0, 0xe6, 0xff, 0xe7, 0xf0, 0xe6, 0xff, 0xe7, 0xf0, 0xe6, 0xff, 0xe7, 0xf0, 0xe6, 0xff, 0xe7, 0xf0, 0xe6, 0xff, 0xe7, 0xf0, 0xe6, 0xff, 0xe7, 0xf0, 0xe6, 0xff, 0xe7, 0xf0, 0xe6, 0xff, 0xe7, 0xf0, 0xe6, 0xff, 0xe7, 0xf0, 0xe6, 0xff, 0xe7, 0xf0, 0xe6, 0xff, 0xe7, 0xf0, 0xe6, 0xff, 0xe7, 0xf0, 0xe6, 0xff, 0xe7, 0xf0, 0xe6, 0xff, 0xe7, 0xf0, 0xe6, 0xff, 0xe7, 0xf0, 0xe6, 0xff, 0xe7, 0xf0, 0xe6, 0xff, 0xe7, 0xf0, 0xe6, 0xff, 0xe7, 0xf0, 0xe6, 0xff, 0xe7, 0xf0, 0xe6, 0xff, 0xe7, 0xf0, 0xe6, 0xff, 0xe7, 0xf0, 0xe6, 0xff, 0xe7, 0xf0, 0xe6, 0xff, 0xe7, 0xf0, 0xe6, 0xff, 0xe7, 0xf0, 0xe6, 0xff, 0xe7, 0xf0, 0xe6, 0xff, 0xe7, 0xf0, 0xe6, 0xff, 0xe7, 0xf0, 0xe6, 0xff, 0xe7, 0xf0, 0xe6, 0xff, 0xe7, 0xf0, 0xe6, 0xff, 0xe7, 0xf0, 0xe6, 0xff, 0xe7, 0xf0, 0xe6, 0xff, 0xe7, 0xf0, 0xe6, 0xff, 0xe7, 0xf0, 0xe6, 0xff, 0xe7, 0xf0, 0xe6, 0xff, 0xe7, 0xf0, 0xe6, 0xff, 0xe7, 0xf0, 0xe6, 0xff, 0xe7, 0xf0, 0xe6, 0xff, 0xe7, 0xf0, 0xe6, 0xff, 0xe7, 0xf0, 0xe6, 0xff, 0xe7, 0xf0, 0xe6, 0xff, 0xe7, 0xf0, 0xe6, 0xff, 0xe7, 0xf0, 0xe6, 0xff, 0xe7, 0xf0, 0xe6, 0xff, 0xe7, 0xf0, 0xe6, 0xff, 0xe7, 0xf0, 0xe6, 0xff, 0xe7, 0xf0, 0xe6, 0xff, 0xe7, 0xf0, 0xe6, 0xff, 0xe7, 0xf0, 0xe6, 0xff, 0xe7, 0xf0, 0xe6, 0xff, 0xe7, 0xf0, 0xe6, 0xff, 0xe7, 0xf0, 0xe6, 0xff, 0xe7, 0xf0, 0xe6, 0xff, 0xe7, 0xf0, 0xe6, 0xff, 0xe7, 0xf0, 0xe6, 0xff, 0xe7, 0xf0, 0xe6, 0xff, 0xe7, 0xf0, 0xe6, 0xff, 0xe7, 0xf0, 0xe6, 0xff, 0xe7, 0xf0, 0xe6, 0xff, 0xe7, 0xf0, 0xe6, 0xff, 0xe7, 0xf0, 0xe6, 0xff, 0xe7, 0xf0, 0xe6, 0xff, 0xe7, 0xf0, 0xe6, 0xff, 0xe7, 0xf0, 0xe6, 0xff, 0xe7, 0xf0, 0xe6, 0xff, 0xe7, 0xf0, 0xe6, 0xff, 0xe7, 0xf0, 0xe6, 0xff, 0xe7, 0xf0, 0xe6, 0xff, 0xe7, 0xf0, 0xe6, 0xff, 0xe7, 0xf0, 0xe6, 0xff, 0xe6, 0xf0, 0xe6, 0xff, 0xe5, 0xf1, 0xe5, 0xff, 0xe5, 0xf1, 0xe5, 0xff, 0xe6, 0xf0, 0xe6, 0xff, 0xe6, 0xee, 0xe6, 0xff, 0xe7, 0xee, 0xe6, 0xff, 0xe7, 0xf0, 0xe6, 0xff, 0xe5, 0xf2, 0xe3, 0xff, 0xe1, 0xf5, 0xdf, 0xff, 0xdb, 0xf9, 0xd9, 0xff, 0xd2, 0xf9, 0xd2, 0xff, 0xc9, 0xf9, 0xc9, 0xff, 0xc4, 0xfa, 0xc4, 0xff, 0xc2, 0xfd, 0xc3, 0xff, 0xc1, 0xff, 0xc2, 0xff, 0xc0, 0xff, 0xc1, 0xff, 0xbe, 0xfe, 0xbf, 0xff, 0xbf, 0xff, 0xc0, 0xff, 0xc0, 0xff, 0xc0, 0xff, 0xc0, 0xff, 0xc0, 0xff, 0xc0, 0xff, 0xc0, 0xff, 0xc0, 0xff, 0xc0, 0xff, 0xc0, 0xff, 0xc0, 0xff, 0xc0, 0xff, 0xc0, 0xff, 0xc0, 0xff, 0xc0, 0xff, 
  0xc5, 0xfb, 0xc5, 0xff, 0xc9, 0xfa, 0xc9, 0xff, 0xd3, 0xf9, 0xd1, 0xff, 0xdc, 0xf8, 0xda, 0xff, 0xe3, 0xf5, 0xe2, 0xff, 0xe7, 0xf1, 0xe6, 0xff, 0xea, 0xf0, 0xe9, 0xff, 0xea, 0xef, 0xe9, 0xff, 0xe6, 0xef, 0xe7, 0xff, 0xe4, 0xf0, 0xe6, 0xff, 0xe3, 0xf2, 0xe5, 0xff, 0xe3, 0xf2, 0xe4, 0xff, 0xe5, 0xf1, 0xe5, 0xff, 0xe8, 0xf0, 0xe6, 0xff, 0xea, 0xef, 0xe7, 0xff, 0xea, 0xef, 0xe7, 0xff, 0xe8, 0xef, 0xe7, 0xff, 0xe7, 0xf0, 0xe6, 0xff, 0xe7, 0xf0, 0xe6, 0xff, 0xe7, 0xf0, 0xe6, 0xff, 0xe7, 0xf0, 0xe6, 0xff, 0xe7, 0xf0, 0xe6, 0xff, 0xe7, 0xf0, 0xe6, 0xff, 0xe7, 0xf0, 0xe6, 0xff, 0xe7, 0xf0, 0xe6, 0xff, 0xe7, 0xf0, 0xe6, 0xff, 0xe7, 0xf0, 0xe6, 0xff, 0xe7, 0xf0, 0xe6, 0xff, 0xe7, 0xf0, 0xe6, 0xff, 0xe7, 0xf0, 0xe6, 0xff, 0xe7, 0xf0, 0xe6, 0xff, 0xe7, 0xf0, 0xe6, 0xff, 0xe7, 0xf0, 0xe6, 0xff, 0xe7, 0xf0, 0xe6, 0xff, 0xe7, 0xf0, 0xe6, 0xff, 0xe7, 0xf0, 0xe6, 0xff, 0xe7, 0xf0, 0xe6, 0xff, 0xe7, 0xf0, 0xe6, 0xff, 0xe7, 0xf0, 0xe6, 0xff, 0xe7, 0xf0, 0xe6, 0xff, 0xe7, 0xf0, 0xe6, 0xff, 0xe7, 0xf0, 0xe6, 0xff, 0xe7, 0xf0, 0xe6, 0xff, 0xe7, 0xf0, 0xe6, 0xff, 0xe7, 0xf0, 0xe6, 0xff, 0xe7, 0xf0, 0xe6, 0xff, 0xe7, 0xf0, 0xe6, 0xff, 0xe7, 0xf0, 0xe6, 0xff, 0xe7, 0xf0, 0xe6, 0xff, 0xe7, 0xf0, 0xe6, 0xff, 0xe7, 0xf0, 0xe6, 0xff, 0xe7, 0xf0, 0xe6, 0xff, 0xe7, 0xf0, 0xe6, 0xff, 0xe7, 0xf0, 0xe6, 0xff, 0xe7, 0xf0, 0xe6, 0xff, 0xe7, 0xf0, 0xe6, 0xff, 0xe7, 0xf0, 0xe6, 0xff, 0xe7, 0xf0, 0xe6, 0xff, 0xe7, 0xf0, 0xe6, 0xff, 0xe7, 0xf0, 0xe6, 0xff, 0xe7, 0xf0, 0xe6, 0xff, 0xe7, 0xf0, 0xe6, 0xff, 0xe7, 0xf0, 0xe6, 0xff, 0xe7, 0xf0, 0xe6, 0xff, 0xe7, 0xf0, 0xe6, 0xff, 0xe7, 0xf0, 0xe6, 0xff, 0xe7, 0xf0, 0xe6, 0xff, 0xe7, 0xf0, 0xe6, 0xff, 0xe7, 0xf0, 0xe6, 0xff, 0xe7, 0xf0, 0xe6, 0xff, 0xe7, 0xf0, 0xe6, 0xff, 0xe7, 0xf0, 0xe6, 0xff, 0xe7, 0xf0, 0xe6, 0xff, 0xe7, 0xf0, 0xe6, 0xff, 0xe7, 0xf0, 0xe6, 0xff, 0xe7, 0xf0, 0xe6, 0xff, 0xe7, 0xf0, 0xe6, 0xff, 0xe7, 0xf0, 0xe6, 0xff, 0xe7, 0xf0, 0xe6, 0xff, 0xe7, 0xf0, 0xe6, 0xff, 0xe7, 0xf0, 0xe6, 0xff, 0xe7, 0xf0, 0xe6, 0xff, 0xe7, 0xf0, 0xe6, 0xff, 0xe7, 0xf0, 0xe6, 0xff, 0xe7, 0xf0, 0xe6, 0xff, 0xe7, 0xf0, 0xe6, 0xff, 0xe7, 0xf0, 0xe6, 0xff, 0xe7, 0xf0, 0xe6, 0xff, 0xe7, 0xf0, 0xe6, 0xff, 0xe7, 0xf0, 0xe6, 0xff, 0xe7, 0xf0, 0xe6, 0xff, 0xe7, 0xf0, 0xe6, 0xff, 0xe7, 0xf0, 0xe6, 0xff, 0xe7, 0xf0, 0xe6, 0xff, 0xe7, 0xf0, 0xe6, 0xff, 0xe6, 0xf0, 0xe6, 0xff, 0xe6, 0xf0, 0xe6, 0xff, 0xe6, 0xf0, 0xe6, 0xff, 0xe7, 0xef, 0xe7, 0xff, 0xe8, 0xef, 0xe7, 0xff, 0xe7, 0xf0, 0xe6, 0xff, 0xe6, 0xf2, 0xe5, 0xff, 0xe3, 0xf5, 0xe2, 0xff, 0xdf, 0xf8, 0xdd, 0xff, 0xd6, 0xfa, 0xd6, 0xff, 0xcc, 0xf9, 0xcd, 0xff, 0xc5, 0xfa, 0xc5, 0xff, 0xc0, 0xfb, 0xc1, 0xff, 0xc1, 0xfe, 0xc2, 0xff, 0xc0, 0xfe, 0xc1, 0xff, 0xc0, 0xfe, 0xc1, 0xff, 0xc0, 0xfe, 0xc1, 0xff, 0xc0, 0xff, 0xc1, 0xff, 0xc0, 0xff, 0xc0, 0xff, 0xc0, 0xff, 0xc0, 0xff, 0xc0, 0xff, 0xc0, 0xff, 0xc0, 0xff, 0xc0, 0xff, 0xc0, 0xff, 0xc0, 0xff, 0xc0, 0xff, 0xc0, 0xff, 0xc0, 0xff, 0xc0, 0xff, 
  0xc3, 0xfe, 0xc3, 0xff, 0xc6, 0xfb, 0xc5, 0xff, 0xcf, 0xf9, 0xcd, 0xff, 0xda, 0xf8, 0xd7, 0xff, 0xe2, 0xf5, 0xe1, 0xff, 0xe7, 0xf2, 0xe6, 0xff, 0xe9, 0xf0, 0xe9, 0xff, 0xe9, 0xef, 0xe9, 0xff, 0xe6, 0xf0, 0xe7, 0xff, 0xe4, 0xf1, 0xe6, 0xff, 0xe2, 0xf2, 0xe4, 0xff, 0xe3, 0xf2, 0xe4, 0xff, 0xe5, 0xf1, 0xe5, 0xff, 0xe8, 0xf0, 0xe6, 0xff, 0xeb, 0xef, 0xe7, 0xff, 0xeb, 0xee, 0xe8, 0xff, 0xe8, 0xef, 0xe7, 0xff, 0xe7, 0xf0, 0xe7, 0xff, 0xe7, 0xf0, 0xe7, 0xff, 0xe7, 0xf0, 0xe7, 0xff, 0xe7, 0xf0, 0xe7, 0xff, 0xe7, 0xf0, 0xe7, 0xff, 0xe7, 0xf0, 0xe7, 0xff, 0xe7, 0xf0, 0xe7, 0xff, 0xe7, 0xf0, 0xe7, 0xff, 0xe7, 0xf0, 0xe7, 0xff, 0xe7, 0xf0, 0xe7, 0xff, 0xe7, 0xf0, 0xe7, 0xff, 0xe7, 0xf0, 0xe7, 0xff, 0xe7, 0xf0, 0xe7, 0xff, 0xe7, 0xf0, 0xe7, 0xff, 0xe7, 0xf0, 0xe7, 0xff, 0xe7, 0xf0, 0xe7, 0xff, 0xe7, 0xf0, 0xe7, 0xff, 0xe7, 0xf0, 0xe7, 0xff, 0xe7, 0xf0, 0xe7, 0xff, 0xe7, 0xf0, 0xe7, 0xff, 0xe7, 0xf0, 0xe7, 0xff, 0xe7, 0xf0, 0xe7, 0xff, 0xe7, 0xf0, 0xe7, 0xff, 0xe7, 0xf0, 0xe7, 0xff, 0xe7, 0xf0, 0xe7, 0xff, 0xe7, 0xf0, 0xe7, 0xff, 0xe7, 0xf0, 0xe7, 0xff, 0xe7, 0xf0, 0xe7, 0xff, 0xe7, 0xf0, 0xe7, 0xff, 0xe7, 0xf0, 0xe7, 0xff, 0xe7, 0xf0, 0xe7, 0xff, 0xe7, 0xf0, 0xe7, 0xff, 0xe7, 0xf0, 0xe7, 0xff, 0xe7, 0xf0, 0xe7, 0xff, 0xe7, 0xf0, 0xe7, 0xff, 0xe7, 0xf0, 0xe7, 0xff, 0xe7, 0xf0, 0xe7, 0xff, 0xe7, 0xf0, 0xe7, 0xff, 0xe7, 0xf0, 0xe7, 0xff, 0xe7, 0xf0, 0xe7, 0xff, 0xe7, 0xf0, 0xe7, 0xff, 0xe7, 0xf0, 0xe7, 0xff, 0xe7, 0xf0, 0xe7, 0xff, 0xe7, 0xf0, 0xe7, 0xff, 0xe7, 0xf0, 0xe7, 0xff, 0xe7, 0xf0, 0xe7, 0xff, 0xe7, 0xf0, 0xe7, 0xff, 0xe7, 0xf0, 0xe7, 0xff, 0xe7, 0xf0, 0xe7, 0xff, 0xe7, 0xf0, 0xe7, 0xff, 0xe7, 0xf0, 0xe7, 0xff, 0xe7, 0xf0, 0xe7, 0xff, 0xe7, 0xf0, 0xe7, 0xff, 0xe7, 0xf0, 0xe7, 0xff, 0xe7, 0xf0, 0xe7, 0xff, 0xe7, 0xf0, 0xe7, 0xff, 0xe7, 0xf0, 0xe7, 0xff, 0xe7, 0xf0, 0xe7, 0xff, 0xe7, 0xf0, 0xe7, 0xff, 0xe7, 0xf0, 0xe7, 0xff, 0xe7, 0xf0, 0xe7, 0xff, 0xe7, 0xf0, 0xe7, 0xff, 0xe7, 0xf0, 0xe7, 0xff, 0xe7, 0xf0, 0xe7, 0xff, 0xe7, 0xf0, 0xe7, 0xff, 0xe7, 0xf0, 0xe7, 0xff, 0xe7, 0xf0, 0xe7, 0xff, 0xe7, 0xf0, 0xe7, 0xff, 0xe7, 0xf0, 0xe7, 0xff, 0xe7, 0xf0, 0xe7, 0xff, 0xe7, 0xf0, 0xe7, 0xff, 0xe7, 0xf0, 0xe7, 0xff, 0xe7, 0xf0, 0xe7, 0xff, 0xe7, 0xf0, 0xe7, 0xff, 0xe7, 0xf0, 0xe7, 0xff, 0xe7, 0xf0, 0xe7, 0xff, 0xe7, 0xf0, 0xe7, 0xff, 0xe7, 0xf0, 0xe7, 0xff, 0xe7, 0xf0, 0xe7, 0xff, 0xe6, 0xef, 0xe5, 0xff, 0xe7, 0xf0, 0xe7, 0xff, 0xe8, 0xef, 0xe7, 0xff, 0xe9, 0xf0, 0xe8, 0xff, 0xe8, 0xf1, 0xe6, 0xff, 0xe5, 0xf3, 0xe4, 0xff, 0xe0, 0xf5, 0xdf, 0xff, 0xdb, 0xf8, 0xda, 0xff, 0xd1, 0xfa, 0xd1, 0xff, 0xc8, 0xfa, 0xc9, 0xff, 0xc2, 0xfb, 0xc3, 0xff, 0xbf, 0xfd, 0xc1, 0xff, 0xc0, 0xff, 0xc1, 0xff, 0xbf, 0xfe, 0xc0, 0xff, 0xc0, 0xfd, 0xc1, 0xff, 0xc1, 0xfe, 0xc2, 0xff, 0xc0, 0xfe, 0xc1, 0xff, 0xc0, 0xff, 0xc0, 0xff, 0xc0, 0xff, 0xc0, 0xff, 0xc0, 0xff, 0xc0, 0xff, 0xc0, 0xff, 0xc0, 0xff, 0xc0, 0xff, 0xc0, 0xff, 0xc0, 0xff, 0xc0, 0xff, 0xc0, 0xff, 0xc0, 0xff, 
  0xc2, 0xff, 0xc1, 0xff, 0xc3, 0xfc, 0xc2, 0xff, 0xcb, 0xf8, 0xc9, 0xff, 0xd7, 0xf7, 0xd4, 0xff, 0xe0, 0xf4, 0xde, 0xff, 0xe6, 0xf1, 0xe4, 0xff, 0xe8, 0xef, 0xe7, 0xff, 0xe8, 0xef, 0xe8, 0xff, 0xe6, 0xf0, 0xe7, 0xff, 0xe4, 0xf1, 0xe6, 0xff, 0xe2, 0xf2, 0xe4, 0xff, 0xe3, 0xf2, 0xe4, 0xff, 0xe5, 0xf1, 0xe5, 0xff, 0xe8, 0xf0, 0xe6, 0xff, 0xeb, 0xee, 0xe8, 0xff, 0xeb, 0xee, 0xe8, 0xff, 0xe8, 0xef, 0xe8, 0xff, 0xe7, 0xef, 0xe7, 0xff, 0xe7, 0xef, 0xe7, 0xff, 0xe7, 0xef, 0xe7, 0xff, 0xe7, 0xef, 0xe7, 0xff, 0xe7, 0xef, 0xe7, 0xff, 0xe7, 0xef, 0xe7, 0xff, 0xe7, 0xef, 0xe7, 0xff, 0xe7, 0xef, 0xe7, 0xff, 0xe7, 0xef, 0xe7, 0xff, 0xe7, 0xef, 0xe7, 0xff, 0xe7, 0xef, 0xe7, 0xff, 0xe7, 0xef, 0xe7, 0xff, 0xe7, 0xef, 0xe7, 0xff, 0xe7, 0xef, 0xe7, 0xff, 0xe7, 0xef, 0xe7, 0xff, 0xe7, 0xef, 0xe7, 0xff, 0xe7, 0xef, 0xe7, 0xff, 0xe7, 0xef, 0xe7, 0xff, 0xe7, 0xef, 0xe7, 0xff, 0xe7, 0xef, 0xe7, 0xff, 0xe7, 0xef, 0xe7, 0xff, 0xe7, 0xef, 0xe7, 0xff, 0xe7, 0xef, 0xe7, 0xff, 0xe7, 0xef, 0xe7, 0xff, 0xe7, 0xef, 0xe7, 0xff, 0xe7, 0xef, 0xe7, 0xff, 0xe7, 0xef, 0xe7, 0xff, 0xe7, 0xef, 0xe7, 0xff, 0xe7, 0xef, 0xe7, 0xff, 0xe7, 0xef, 0xe7, 0xff, 0xe7, 0xef, 0xe7, 0xff, 0xe7, 0xef, 0xe7, 0xff, 0xe7, 0xef, 0xe7, 0xff, 0xe7, 0xef, 0xe7, 0xff, 0xe7, 0xef, 0xe7, 0xff, 0xe7, 0xef, 0xe7, 0xff, 0xe7, 0xef, 0xe7, 0xff, 0xe7, 0xef, 0xe7, 0xff, 0xe7, 0xef, 0xe7, 0xff, 0xe7, 0xef, 0xe7, 0xff, 0xe7, 0xef, 0xe7, 0xff, 0xe7, 0xef, 0xe7, 0xff, 0xe7, 0xef, 0xe7, 0xff, 0xe7, 0xef, 0xe7, 0xff, 0xe7, 0xef, 0xe7, 0xff, 0xe7, 0xef, 0xe7, 0xff, 0xe7, 0xef, 0xe7, 0xff, 0xe7, 0xef, 0xe7, 0xff, 0xe7, 0xef, 0xe7, 0xff, 0xe7, 0xef, 0xe7, 0xff, 0xe7, 0xef, 0xe7, 0xff, 0xe7, 0xef, 0xe7, 0xff, 0xe7, 0xef, 0xe7, 0xff, 0xe7, 0xef, 0xe7, 0xff, 0xe7, 0xef, 0xe7, 0xff, 0xe7, 0xef, 0xe7, 0xff, 0xe7, 0xef, 0xe7, 0xff, 0xe7, 0xef, 0xe7, 0xff, 0xe7, 0xef, 0xe7, 0xff, 0xe7, 0xef, 0xe7, 0xff, 0xe7, 0xef, 0xe7, 0xff, 0xe7, 0xef, 0xe7, 0xff, 0xe7, 0xef, 0xe7, 0xff, 0xe7, 0xef, 0xe7, 0xff, 0xe7, 0xef, 0xe7, 0xff, 0xe7, 0xef, 0xe7, 0xff, 0xe7, 0xef, 0xe7, 0xff, 0xe7, 0xef, 0xe7, 0xff, 0xe7, 0xef, 0xe7, 0xff, 0xe7, 0xef, 0xe7, 0xff, 0xe7, 0xef, 0xe7, 0xff, 0xe7, 0xef, 0xe7, 0xff, 0xe7, 0xef, 0xe7, 0xff, 0xe7, 0xef, 0xe7, 0xff, 0xe7, 0xef, 0xe7, 0xff, 0xe7, 0xef, 0xe7, 0xff, 0xe7, 0xef, 0xe7, 0xff, 0xe7, 0xef, 0xe7, 0xff, 0xe7, 0xef, 0xe7, 0xff, 0xe7, 0xf0, 0xe7, 0xff, 0xe7, 0xf0, 0xe7, 0xff, 0xe9, 0xf0, 0xe8, 0xff, 0xe9, 0xf0, 0xe8, 0xff, 0xe7, 0xf2, 0xe6, 0xff, 0xe3, 0xf3, 0xe2, 0xff, 0xdd, 0xf5, 0xdc, 0xff, 0xd6, 0xf8, 0xd6, 0xff, 0xcb, 0xf9, 0xcc, 0xff, 0xc3, 0xfa, 0xc5, 0xff, 0xc0, 0xfd, 0xc1, 0xff, 0xbf, 0xff, 0xc0, 0xff, 0xbf, 0xff, 0xc0, 0xff, 0xbe, 0xfd, 0xbe, 0xff, 0xc1, 0xfd, 0xc1, 0xff, 0xc2, 0xfd, 0xc2, 0xff, 0xc0, 0xfe, 0xc1, 0xff, 0xc0, 0xff, 0xc0, 0xff, 0xc0, 0xff, 0xc0, 0xff, 0xc0, 0xff, 0xc0, 0xff, 0xc0, 0xff, 0xc0, 0xff, 0xc0, 0xff, 0xc0, 0xff, 0xc0, 0xff, 0xc0, 0xff, 0xc0, 0xff, 0xc0, 0xff, 
  0xc1, 0xff, 0xbf, 0xff, 0xc0, 0xfc, 0xbf, 0xff, 0xc6, 0xf8, 0xc4, 0xff, 0xd0, 0xf8, 0xcf, 0xff, 0xd9, 0xf6, 0xd9, 0xff, 0xdf, 0xf3, 0xdf, 0xff, 0xe2, 0xf1, 0xe3, 0xff, 0xe4, 0xef, 0xe5, 0xff, 0xe5, 0xf0, 0xe6, 0xff, 0xe5, 0xf0, 0xe6, 0xff, 0xe5, 0xf1, 0xe5, 0xff, 0xe5, 0xf1, 0xe5, 0xff, 0xe7, 0xf0, 0xe6, 0xff, 0xe9, 0xef, 0xe7, 0xff, 0xea, 0xee, 0xe9, 0xff, 0xea, 0xee, 0xe9, 0xff, 0xe8, 0xee, 0xe8, 0xff, 0xe7, 0xef, 0xe8, 0xff, 0xe7, 0xef, 0xe8, 0xff, 0xe7, 0xef, 0xe8, 0xff, 0xe7, 0xef, 0xe8, 0xff, 0xe7, 0xef, 0xe8, 0xff, 0xe7, 0xef, 0xe8, 0xff, 0xe7, 0xef, 0xe8, 0xff, 0xe7, 0xef, 0xe8, 0xff, 0xe7, 0xef, 0xe8, 0xff, 0xe7, 0xef, 0xe8, 0xff, 0xe7, 0xef, 0xe8, 0xff, 0xe7, 0xef, 0xe7, 0xff, 0xe7, 0xef, 0xe7, 0xff, 0xe7, 0xef, 0xe7, 0xff, 0xe7, 0xef, 0xe7, 0xff, 0xe7, 0xef, 0xe7, 0xff, 0xe7, 0xef, 0xe7, 0xff, 0xe7, 0xef, 0xe7, 0xff, 0xe7, 0xef, 0xe7, 0xff, 0xe7, 0xef, 0xe7, 0xff, 0xe7, 0xef, 0xe7, 0xff, 0xe7, 0xef, 0xe7, 0xff, 0xe7, 0xef, 0xe7, 0xff, 0xe7, 0xef, 0xe7, 0xff, 0xe7, 0xef, 0xe7, 0xff, 0xe7, 0xef, 0xe7, 0xff, 0xe7, 0xef, 0xe7, 0xff, 0xe7, 0xef, 0xe7, 0xff, 0xe7, 0xef, 0xe7, 0xff, 0xe7, 0xef, 0xe7, 0xff, 0xe7, 0xef, 0xe7, 0xff, 0xe7, 0xef, 0xe7, 0xff, 0xe7, 0xef, 0xe7, 0xff, 0xe7, 0xef, 0xe7, 0xff, 0xe7, 0xef, 0xe7, 0xff, 0xe7, 0xef, 0xe7, 0xff, 0xe7, 0xef, 0xe7, 0xff, 0xe7, 0xef, 0xe7, 0xff, 0xe7, 0xef, 0xe7, 0xff, 0xe7, 0xef, 0xe7, 0xff, 0xe7, 0xef, 0xe7, 0xff, 0xe7, 0xef, 0xe7, 0xff, 0xe7, 0xef, 0xe7, 0xff, 0xe7, 0xef, 0xe7, 0xff, 0xe7, 0xef, 0xe7, 0xff, 0xe7, 0xef, 0xe7, 0xff, 0xe7, 0xef, 0xe7, 0xff, 0xe7, 0xef, 0xe7, 0xff, 0xe7, 0xef, 0xe7, 0xff, 0xe7, 0xef, 0xe7, 0xff, 0xe7, 0xef, 0xe7, 0xff, 0xe7, 0xef, 0xe7, 0xff, 0xe7, 0xef, 0xe7, 0xff, 0xe7, 0xef, 0xe7, 0xff, 0xe7, 0xef, 0xe7, 0xff, 0xe7, 0xef, 0xe7, 0xff, 0xe7, 0xef, 0xe7, 0xff, 0xe7, 0xef, 0xe7, 0xff, 0xe7, 0xef, 0xe7, 0xff, 0xe7, 0xef, 0xe7, 0xff, 0xe7, 0xef, 0xe7, 0xff, 0xe7, 0xef, 0xe7, 0xff, 0xe7, 0xef, 0xe7, 0xff, 0xe7, 0xef, 0xe7, 0xff, 0xe7, 0xef, 0xe7, 0xff, 0xe7, 0xef, 0xe7, 0xff, 0xe7, 0xef, 0xe7, 0xff, 0xe7, 0xef, 0xe7, 0xff, 0xe7, 0xef, 0xe7, 0xff, 0xe7, 0xef, 0xe8, 0xff, 0xe7, 0xef, 0xe8, 0xff, 0xe7, 0xef, 0xe8, 0xff, 0xe7, 0xef, 0xe8, 0xff, 0xe7, 0xef, 0xe8, 0xff, 0xe7, 0xef, 0xe8, 0xff, 0xe7, 0xef, 0xe8, 0xff, 0xe7, 0xef, 0xe8, 0xff, 0xe7, 0xef, 0xe8, 0xff, 0xe7, 0xef, 0xe8, 0xff, 0xe7, 0xef, 0xe8, 0xff, 0xe7, 0xef, 0xe8, 0xff, 0xe8, 0xf0, 0xe8, 0xff, 0xe7, 0xf1, 0xe7, 0xff, 0xe3, 0xf2, 0xe3, 0xff, 0xde, 0xf4, 0xde, 0xff, 0xd7, 0xf6, 0xd6, 0xff, 0xd0, 0xf8, 0xcf, 0xff, 0xc8, 0xfa, 0xc7, 0xff, 0xc2, 0xfc, 0xc2, 0xff, 0xbf, 0xfe, 0xc0, 0xff, 0xc0, 0xff, 0xc1, 0xff, 0xbf, 0xff, 0xc0, 0xff, 0xbe, 0xfc, 0xbf, 0xff, 0xc1, 0xfb, 0xc1, 0xff, 0xc3, 0xfd, 0xc3, 0xff, 0xc1, 0xfe, 0xc1, 0xff, 0xc0, 0xff, 0xc0, 0xff, 0xc0, 0xff, 0xc0, 0xff, 0xc0, 0xff, 0xc0, 0xff, 0xc0, 0xff, 0xc0, 0xff, 0xc0, 0xff, 0xc0, 0xff, 0xc0, 0xff, 0xc0, 0xff, 0xc0, 0xff, 0xc0, 0xff, 
  0xc1, 0xff, 0xbd, 0xff, 0xc1, 0xff, 0xbe, 0xff, 0xc1, 0xfc, 0xc1, 0xff, 0xc4, 0xf9, 0xc6, 0xff, 0xca, 0xf8, 0xce, 0xff, 0xd2, 0xf7, 0xd6, 0xff, 0xda, 0xf7, 0xdd, 0xff, 0xe2, 0xf7, 0xe4, 0xff, 0xe4, 0xf2, 0xe4, 0xff, 0xe7, 0xf0, 0xe6, 0xff, 0xe8, 0xee, 0xe6, 0xff, 0xea, 0xed, 0xe7, 0xff, 0xea, 0xed, 0xe8, 0xff, 0xea, 0xee, 0xe9, 0xff, 0xea, 0xef, 0xeb, 0xff, 0xe9, 0xef, 0xeb, 0xff, 0xe8, 0xee, 0xe9, 0xff, 0xe8, 0xee, 0xe9, 0xff, 0xe7, 0xef, 0xe9, 0xff, 0xe7, 0xef, 0xe9, 0xff, 0xe7, 0xef, 0xe9, 0xff, 0xe8, 0xf0, 0xea, 0xff, 0xe8, 0xf0, 0xea, 0xff, 0xe8, 0xf0, 0xea, 0xff, 0xe7, 0xef, 0xe9, 0xff, 0xe7, 0xef, 0xe8, 0xff, 0xe8, 0xef, 0xe8, 0xff, 0xe8, 0xef, 0xe7, 0xff, 0xe8, 0xef, 0xe7, 0xff, 0xe8, 0xef, 0xe7, 0xff, 0xe8, 0xef, 0xe7, 0xff, 0xe8, 0xef, 0xe7, 0xff, 0xe7, 0xf0, 0xe7, 0xff, 0xe7, 0xf0, 0xe7, 0xff, 0xe7, 0xf0, 0xe7, 0xff, 0xe7, 0xf0, 0xe7, 0xff, 0xe7, 0xf0, 0xe7, 0xff, 0xe7, 0xf0, 0xe7, 0xff, 0xe7, 0xf0, 0xe7, 0xff, 0xe7, 0xf0, 0xe7, 0xff, 0xe7, 0xf0, 0xe7, 0xff, 0xe7, 0xf0, 0xe7, 0xff, 0xe7, 0xf0, 0xe7, 0xff, 0xe7, 0xf0, 0xe7, 0xff, 0xe7, 0xf0, 0xe7, 0xff, 0xe7, 0xf0, 0xe7, 0xff, 0xe7, 0xf0, 0xe7, 0xff, 0xe7, 0xf0, 0xe7, 0xff, 0xe7, 0xf0, 0xe7, 0xff, 0xe7, 0xf0, 0xe7, 0xff, 0xe7, 0xf0, 0xe7, 0xff, 0xe7, 0xf0, 0xe7, 0xff, 0xe7, 0xf0, 0xe7, 0xff, 0xe7, 0xf0, 0xe7, 0xff, 0xe7, 0xf0, 0xe7, 0xff, 0xe7, 0xf0, 0xe7, 0xff, 0xe7, 0xf0, 0xe7, 0xff, 0xe7, 0xf0, 0xe7, 0xff, 0xe7, 0xf0, 0xe7, 0xff, 0xe7, 0xf0, 0xe7, 0xff, 0xe7, 0xf0, 0xe7, 0xff, 0xe7, 0xf0, 0xe7, 0xff, 0xe7, 0xf0, 0xe7, 0xff, 0xe7, 0xf0, 0xe7, 0xff, 0xe6, 0xef, 0xe6, 0xff, 0xe7, 0xf0, 0xe7, 0xff, 0xe7, 0xf0, 0xe7, 0xff, 0xe7, 0xf0, 0xe7, 0xff, 0xe7, 0xf0, 0xe7, 0xff, 0xe7, 0xf0, 0xe7, 0xff, 0xe7, 0xf0, 0xe7, 0xff, 0xe8, 0xf1, 0xe8, 0xff, 0xe7, 0xf0, 0xe7, 0xff, 0xe7, 0xf0, 0xe7, 0xff, 0xe7, 0xf0, 0xe7, 0xff, 0xe7, 0xf0, 0xe7, 0xff, 0xe7, 0xf0, 0xe7, 0xff, 0xe7, 0xf0, 0xe7, 0xff, 0xe7, 0xf0, 0xe7, 0xff, 0xe7, 0xf0, 0xe6, 0xff, 0xe6, 0xef, 0xe5, 0xff, 0xe6, 0xef, 0xe5, 0xff, 0xe6, 0xef, 0xe5, 0xff, 0xe6, 0xef, 0xe6, 0xff, 0xe7, 0xee, 0xe6, 0xff, 0xe7, 0xee, 0xe6, 0xff, 0xe8, 0xee, 0xe6, 0xff, 0xe8, 0xed, 0xe7, 0xff, 0xe9, 0xee, 0xe8, 0xff, 0xe9, 0xee, 0xe9, 0xff, 0xe9, 0xee, 0xe9, 0xff, 0xe9, 0xee, 0xe9, 0xff, 0xe9, 0xee, 0xe9, 0xff, 0xe9, 0xee, 0xe9, 0xff, 0xe9, 0xee, 0xe9, 0xff, 0xe8, 0xed, 0xe8, 0xff, 0xe7, 0xed, 0xe9, 0xff, 0xe6, 0xed, 0xe8, 0xff, 0xe4, 0xef, 0xe6, 0xff, 0xe1, 0xf1, 0xe2, 0xff, 0xde, 0xf6, 0xdf, 0xff, 0xd7, 0xf7, 0xd7, 0xff, 0xd0, 0xf8, 0xcf, 0xff, 0xc8, 0xf8, 0xc7, 0xff, 0xc6, 0xfc, 0xc4, 0xff, 0xc3, 0xfe, 0xc1, 0xff, 0xc1, 0xfe, 0xc1, 0xff, 0xc1, 0xfe, 0xc1, 0xff, 0xc2, 0xfe, 0xc2, 0xff, 0xc3, 0xfd, 0xc3, 0xff, 0xc4, 0xfc, 0xc5, 0xff, 0xc3, 0xfc, 0xc4, 0xff, 0xc1, 0xfe, 0xc2, 0xff, 0xc0, 0xff, 0xc0, 0xff, 0xc0, 0xff, 0xc0, 0xff, 0xc0, 0xff, 0xc0, 0xff, 0xc0, 0xff, 0xc0, 0xff, 0xc0, 0xff, 0xc0, 0xff, 0xc0, 0xff, 0xc0, 0xff, 0xc0, 0xff, 0xc0, 0xff, 
  0xc0, 0xff, 0xbb, 0xff, 0xc0, 0xff, 0xbd, 0xff, 0xbf, 0xfe, 0xbf, 0xff, 0xc0, 0xfc, 0xc3, 0xff, 0xc3, 0xfa, 0xc9, 0xff, 0xca, 0xfa, 0xd0, 0xff, 0xd2, 0xf8, 0xd7, 0xff, 0xdb, 0xf7, 0xdd, 0xff, 0xe0, 0xf2, 0xe0, 0xff, 0xe6, 0xf0, 0xe3, 0xff, 0xe9, 0xee, 0xe5, 0xff, 0xeb, 0xed, 0xe7, 0xff, 0xeb, 0xee, 0xe9, 0xff, 0xe9, 0xee, 0xe9, 0xff, 0xe8, 0xef, 0xea, 0xff, 0xe7, 0xef, 0xea, 0xff, 0xe6, 0xed, 0xe8, 0xff, 0xe7, 0xee, 0xe7, 0xff, 0xe6, 0xee, 0xe7, 0xff, 0xe6, 0xee, 0xe7, 0xff, 0xe7, 0xef, 0xe9, 0xff, 0xe7, 0xef, 0xe9, 0xff, 0xe7, 0xef, 0xe9, 0xff, 0xe7, 0xef, 0xe9, 0xff, 0xe7, 0xef, 0xe9, 0xff, 0xe7, 0xef, 0xe8, 0xff, 0xe8, 0xef, 0xe8, 0xff, 0xe8, 0xef, 0xe7, 0xff, 0xe8, 0xef, 0xe7, 0xff, 0xe8, 0xef, 0xe6, 0xff, 0xe8, 0xef, 0xe6, 0xff, 0xe8, 0xf0, 0xe6, 0xff, 0xe7, 0xf0, 0xe6, 0xff, 0xe6, 0xf0, 0xe6, 0xff, 0xe6, 0xf0, 0xe6, 0xff, 0xe6, 0xf0, 0xe6, 0xff, 0xe6, 0xf0, 0xe6, 0xff, 0xe6, 0xf0, 0xe6, 0xff, 0xe6, 0xf0, 0xe6, 0xff, 0xe6, 0xf0, 0xe6, 0xff, 0xe6, 0xf0, 0xe6, 0xff, 0xe6, 0xf0, 0xe6, 0xff, 0xe6, 0xf0, 0xe6, 0xff, 0xe6, 0xf0, 0xe6, 0xff, 0xe6, 0xf0, 0xe6, 0xff, 0xe6, 0xf0, 0xe6, 0xff, 0xe6, 0xf0, 0xe6, 0xff, 0xe6, 0xf0, 0xe6, 0xff, 0xe6, 0xf0, 0xe6, 0xff, 0xe6, 0xf0, 0xe6, 0xff, 0xe6, 0xf0, 0xe6, 0xff, 0xe6, 0xf0, 0xe6, 0xff, 0xe6, 0xf0, 0xe6, 0xff, 0xe6, 0xf0, 0xe6, 0xff, 0xe6, 0xf0, 0xe6, 0xff, 0xe6, 0xf0, 0xe6, 0xff, 0xe6, 0xf0, 0xe6, 0xff, 0xe6, 0xf0, 0xe6, 0xff, 0xe6, 0xf0, 0xe6, 0xff, 0xe6, 0xf0, 0xe6, 0xff, 0xe6, 0xf0, 0xe6, 0xff, 0xe6, 0xf0, 0xe6, 0xff, 0xe6, 0xf0, 0xe6, 0xff, 0xe6, 0xf0, 0xe6, 0xff, 0xe6, 0xf0, 0xe6, 0xff, 0xe6, 0xf0, 0xe6, 0xff, 0xe6, 0xf0, 0xe6, 0xff, 0xe6, 0xf0, 0xe6, 0xff, 0xe6, 0xf0, 0xe6, 0xff, 0xe6, 0xf0, 0xe6, 0xff, 0xe6, 0xf0, 0xe6, 0xff, 0xe6, 0xf0, 0xe6, 0xff, 0xe6, 0xf0, 0xe6, 0xff, 0xe6, 0xf0, 0xe6, 0xff, 0xe6, 0xf0, 0xe6, 0xff, 0xe6, 0xf0, 0xe6, 0xff, 0xe6, 0xf0, 0xe6, 0xff, 0xe6, 0xf0, 0xe6, 0xff, 0xe6, 0xf0, 0xe6, 0xff, 0xe6, 0xf0, 0xe6, 0xff, 0xe6, 0xf0, 0xe6, 0xff, 0xe7, 0xf0, 0xe6, 0xff, 0xe7, 0xf0, 0xe6, 0xff, 0xe7, 0xf0, 0xe6, 0xff, 0xe8, 0xf0, 0xe6, 0xff, 0xe8, 0xef, 0xe7, 0xff, 0xe9, 0xef, 0xe7, 0xff, 0xea, 0xef, 0xe8, 0xff, 0xe8, 0xed, 0xe7, 0xff, 0xe8, 0xed, 0xe7, 0xff, 0xe8, 0xed, 0xe7, 0xff, 0xe9, 0xee, 0xe8, 0xff, 0xe8, 0xed, 0xe7, 0xff, 0xe8, 0xed, 0xe7, 0xff, 0xe8, 0xed, 0xe7, 0xff, 0xe7, 0xed, 0xe7, 0xff, 0xe7, 0xee, 0xe9, 0xff, 0xe5, 0xf0, 0xe7, 0xff, 0xe2, 0xf2, 0xe4, 0xff, 0xdd, 0xf4, 0xdf, 0xff, 0xd7, 0xf6, 0xd9, 0xff, 0xd1, 0xf8, 0xd1, 0xff, 0xca, 0xfa, 0xca, 0xff, 0xc6, 0xfb, 0xc5, 0xff, 0xc3, 0xfd, 0xc2, 0xff, 0xc2, 0xff, 0xc0, 0xff, 0xc1, 0xff, 0xc0, 0xff, 0xc1, 0xfe, 0xc1, 0xff, 0xc2, 0xfe, 0xc2, 0xff, 0xc3, 0xfd, 0xc3, 0xff, 0xc4, 0xfc, 0xc5, 0xff, 0xc3, 0xfc, 0xc4, 0xff, 0xc1, 0xfe, 0xc2, 0xff, 0xc0, 0xff, 0xc0, 0xff, 0xc0, 0xff, 0xc0, 0xff, 0xc0, 0xff, 0xc0, 0xff, 0xc0, 0xff, 0xc0, 0xff, 0xc0, 0xff, 0xc0, 0xff, 0xc0, 0xff, 0xc0, 0xff, 0xc0, 0xff, 0xc0, 0xff, 
  0xc1, 0xff, 0xbc, 0xff, 0xc1, 0xff, 0xbd, 0xff, 0xbf, 0xfe, 0xbf, 0xff, 0xbf, 0xfc, 0xc3, 0xff, 0xc2, 0xfb, 0xc8, 0xff, 0xc6, 0xf9, 0xcd, 0xff, 0xcd, 0xf7, 0xd1, 0xff, 0xd4, 0xf5, 0xd6, 0xff, 0xdd, 0xf5, 0xdd, 0xff, 0xe2, 0xf2, 0xe0, 0xff, 0xe6, 0xf1, 0xe2, 0xff, 0xe8, 0xf0, 0xe4, 0xff, 0xe8, 0xf0, 0xe6, 0xff, 0xe7, 0xf0, 0xe7, 0xff, 0xe5, 0xf0, 0xe7, 0xff, 0xe5, 0xf0, 0xe7, 0xff, 0xe7, 0xf0, 0xe8, 0xff, 0xe8, 0xf0, 0xe8, 0xff, 0xe7, 0xef, 0xe7, 0xff, 0xe7, 0xef, 0xe7, 0xff, 0xe7, 0xef, 0xe8, 0xff, 0xe7, 0xef, 0xe8, 0xff, 0xe7, 0xef, 0xe8, 0xff, 0xe7, 0xef, 0xe8, 0xff, 0xe7, 0xef, 0xe8, 0xff, 0xe7, 0xef, 0xe8, 0xff, 0xe7, 0xef, 0xe8, 0xff, 0xe7, 0xef, 0xe7, 0xff, 0xe8, 0xef, 0xe7, 0xff, 0xe8, 0xef, 0xe6, 0xff, 0xe8, 0xef, 0xe6, 0xff, 0xe8, 0xf0, 0xe6, 0xff, 0xe6, 0xf0, 0xe6, 0xff, 0xe5, 0xf0, 0xe6, 0xff, 0xe5, 0xf0, 0xe6, 0xff, 0xe5, 0xf0, 0xe6, 0xff, 0xe5, 0xf0, 0xe6, 0xff, 0xe5, 0xf0, 0xe6, 0xff, 0xe5, 0xf0, 0xe6, 0xff, 0xe5, 0xf0, 0xe6, 0xff, 0xe5, 0xf0, 0xe6, 0xff, 0xe5, 0xf0, 0xe6, 0xff, 0xe5, 0xf0, 0xe6, 0xff, 0xe5, 0xf0, 0xe6, 0xff, 0xe5, 0xf0, 0xe6, 0xff, 0xe5, 0xf0, 0xe6, 0xff, 0xe5, 0xf0, 0xe6, 0xff, 0xe5, 0xf0, 0xe6, 0xff, 0xe5, 0xf0, 0xe6, 0xff, 0xe5, 0xf0, 0xe6, 0xff, 0xe5, 0xf0, 0xe6, 0xff, 0xe5, 0xf0, 0xe6, 0xff, 0xe5, 0xf0, 0xe6, 0xff, 0xe5, 0xf0, 0xe6, 0xff, 0xe5, 0xf0, 0xe6, 0xff, 0xe5, 0xf0, 0xe6, 0xff, 0xe5, 0xf0, 0xe6, 0xff, 0xe5, 0xf0, 0xe6, 0xff, 0xe5, 0xf0, 0xe6, 0xff, 0xe5, 0xf0, 0xe6, 0xff, 0xe5, 0xf0, 0xe6, 0xff, 0xe5, 0xf0, 0xe6, 0xff, 0xe5, 0xf0, 0xe6, 0xff, 0xe5, 0xf0, 0xe6, 0xff, 0xe5, 0xf0, 0xe6, 0xff, 0xe5, 0xf0, 0xe6, 0xff, 0xe5, 0xf0, 0xe6, 0xff, 0xe5, 0xf0, 0xe6, 0xff, 0xe5, 0xf0, 0xe6, 0xff, 0xe5, 0xf0, 0xe6, 0xff, 0xe5, 0xf0, 0xe6, 0xff, 0xe5, 0xf0, 0xe6, 0xff, 0xe5, 0xf0, 0xe6, 0xff, 0xe5, 0xf0, 0xe6, 0xff, 0xe5, 0xf0, 0xe6, 0xff, 0xe5, 0xf0, 0xe6, 0xff, 0xe5, 0xf0, 0xe6, 0xff, 0xe5, 0xf0, 0xe6, 0xff, 0xe5, 0xf0, 0xe6, 0xff, 0xe6, 0xf0, 0xe6, 0xff, 0xe6, 0xf0, 0xe6, 0xff, 0xe7, 0xf0, 0xe6, 0xff, 0xe7, 0xf0, 0xe6, 0xff, 0xe7, 0xf0, 0xe6, 0xff, 0xe7, 0xf0, 0xe6, 0xff, 0xe7, 0xf0, 0xe6, 0xff, 0xe8, 0xef, 0xe7, 0xff, 0xe8, 0xef, 0xe7, 0xff, 0xe8, 0xef, 0xe7, 0xff, 0xe7, 0xef, 0xe7, 0xff, 0xe7, 0xef, 0xe7, 0xff, 0xe7, 0xef, 0xe7, 0xff, 0xe6, 0xf0, 0xe6, 0xff, 0xe6, 0xf0, 0xe6, 0xff, 0xe6, 0xf0, 0xe6, 0xff, 0xe5, 0xf1, 0xe5, 0xff, 0xe3, 0xf2, 0xe4, 0xff, 0xe1, 0xf4, 0xe3, 0xff, 0xde, 0xf5, 0xdf, 0xff, 0xd8, 0xf6, 0xd9, 0xff, 0xd0, 0xf6, 0xd2, 0xff, 0xca, 0xf7, 0xcb, 0xff, 0xc6, 0xfa, 0xc7, 0xff, 0xc4, 0xfe, 0xc4, 0xff, 0xc1, 0xff, 0xc1, 0xff, 0xbf, 0xff, 0xbf, 0xff, 0xbf, 0xff, 0xbf, 0xff, 0xbf, 0xff, 0xc0, 0xff, 0xc0, 0xff, 0xc1, 0xff, 0xc1, 0xfe, 0xc2, 0xff, 0xc2, 0xfd, 0xc3, 0xff, 0xc2, 0xfd, 0xc3, 0xff, 0xc0, 0xfe, 0xc1, 0xff, 0xc0, 0xff, 0xc0, 0xff, 0xc0, 0xff, 0xc0, 0xff, 0xc0, 0xff, 0xc0, 0xff, 0xc0, 0xff, 0xc0, 0xff, 0xc0, 0xff, 0xc0, 0xff, 0xc0, 0xff, 0xc0, 0xff, 0xc0, 0xff, 0xc0, 0xff, 
  0xc2, 0xff, 0xbd, 0xff, 0xc1, 0xff, 0xbe, 0xff, 0xc0, 0xff, 0xc0, 0xff, 0xc0, 0xfd, 0xc3, 0xff, 0xc1, 0xfc, 0xc6, 0xff, 0xc3, 0xfa, 0xc9, 0xff, 0xc8, 0xf7, 0xcc, 0xff, 0xcd, 0xf5, 0xcf, 0xff, 0xd8, 0xf7, 0xd8, 0xff, 0xdd, 0xf6, 0xdb, 0xff, 0xe1, 0xf4, 0xde, 0xff, 0xe4, 0xf3, 0xe0, 0xff, 0xe4, 0xf3, 0xe2, 0xff, 0xe3, 0xf2, 0xe3, 0xff, 0xe2, 0xf2, 0xe4, 0xff, 0xe2, 0xf2, 0xe4, 0xff, 0xe6, 0xf2, 0xe6, 0xff, 0xe7, 0xf1, 0xe6, 0xff, 0xe6, 0xf0, 0xe6, 0xff, 0xe6, 0xf0, 0xe6, 0xff, 0xe6, 0xf0, 0xe7, 0xff, 0xe6, 0xf0, 0xe7, 0xff, 0xe6, 0xef, 0xe7, 0xff, 0xe6, 0xef, 0xe7, 0xff, 0xe6, 0xef, 0xe7, 0xff, 0xe6, 0xef, 0xe7, 0xff, 0xe6, 0xef, 0xe7, 0xff, 0xe7, 0xef, 0xe7, 0xff, 0xe7, 0xf0, 0xe7, 0xff, 0xe8, 0xf0, 0xe6, 0xff, 0xe8, 0xf0, 0xe6, 0xff, 0xe7, 0xf0, 0xe6, 0xff, 0xe6, 0xf0, 0xe6, 0xff, 0xe5, 0xf0, 0xe6, 0xff, 0xe5, 0xf0, 0xe6, 0xff, 0xe5, 0xf0, 0xe6, 0xff, 0xe5, 0xf0, 0xe6, 0xff, 0xe5, 0xf0, 0xe6, 0xff, 0xe5, 0xf0, 0xe6, 0xff, 0xe5, 0xf0, 0xe6, 0xff, 0xe5, 0xf0, 0xe6, 0xff, 0xe5, 0xf0, 0xe6, 0xff, 0xe5, 0xf0, 0xe6, 0xff, 0xe5, 0xf0, 0xe6, 0xff, 0xe5, 0xf0, 0xe6, 0xff, 0xe5, 0xf0, 0xe6, 0xff, 0xe5, 0xf0, 0xe6, 0xff, 0xe5, 0xf0, 0xe6, 0xff, 0xe5, 0xf0, 0xe6, 0xff, 0xe5, 0xf0, 0xe6, 0xff, 0xe5, 0xf0, 0xe6, 0xff, 0xe5, 0xf0, 0xe6, 0xff, 0xe5, 0xf0, 0xe6, 0xff, 0xe5, 0xf0, 0xe6, 0xff, 0xe5, 0xf0, 0xe6, 0xff, 0xe5, 0xf0, 0xe6, 0xff, 0xe5, 0xf0, 0xe6, 0xff, 0xe5, 0xf0, 0xe6, 0xff, 0xe5, 0xf0, 0xe6, 0xff, 0xe5, 0xf0, 0xe6, 0xff, 0xe5, 0xf0, 0xe6, 0xff, 0xe5, 0xf0, 0xe6, 0xff, 0xe5, 0xf0, 0xe6, 0xff, 0xe5, 0xf0, 0xe6, 0xff, 0xe5, 0xf0, 0xe6, 0xff, 0xe5, 0xf0, 0xe6, 0xff, 0xe5, 0xf0, 0xe6, 0xff, 0xe5, 0xf0, 0xe6, 0xff, 0xe5, 0xf0, 0xe6, 0xff, 0xe5, 0xf0, 0xe6, 0xff, 0xe5, 0xf0, 0xe6, 0xff, 0xe5, 0xf0, 0xe6, 0xff, 0xe5, 0xf0, 0xe6, 0xff, 0xe5, 0xf0, 0xe6, 0xff, 0xe5, 0xf0, 0xe6, 0xff, 0xe5, 0xf0, 0xe6, 0xff, 0xe5, 0xf0, 0xe6, 0xff, 0xe5, 0xf0, 0xe6, 0xff, 0xe5, 0xf0, 0xe6, 0xff, 0xe5, 0xf0, 0xe6, 0xff, 0xe6, 0xf0, 0xe6, 0xff, 0xe6, 0xf0, 0xe6, 0xff, 0xe6, 0xf0, 0xe6, 0xff, 0xe6, 0xf0, 0xe6, 0xff, 0xe6, 0xf0, 0xe6, 0xff, 0xe6, 0xf0, 0xe6, 0xff, 0xe7, 0xf0, 0xe6, 0xff, 0xe7, 0xf0, 0xe6, 0xff, 0xe6, 0xf0, 0xe5, 0xff, 0xe6, 0xf1, 0xe5, 0xff, 0xe6, 0xf2, 0xe6, 0xff, 0xe6, 0xf2, 0xe5, 0xff, 0xe5, 0xf3, 0xe4, 0xff, 0xe3, 0xf2, 0xe3, 0xff, 0xe3, 0xf3, 0xe3, 0xff, 0xe1, 0xf4, 0xe1, 0xff, 0xdd, 0xf5, 0xdd, 0xff, 0xda, 0xf7, 0xdb, 0xff, 0xd6, 0xf6, 0xd6, 0xff, 0xd1, 0xf6, 0xd1, 0xff, 0xcb, 0xf7, 0xcb, 0xff, 0xc6, 0xf9, 0xc7, 0xff, 0xc3, 0xfb, 0xc3, 0xff, 0xc1, 0xfe, 0xc2, 0xff, 0xbe, 0xff, 0xc0, 0xff, 0xbd, 0xff, 0xbf, 0xff, 0xbd, 0xff, 0xbf, 0xff, 0xbe, 0xff, 0xbf, 0xff, 0xbf, 0xff, 0xbf, 0xff, 0xc0, 0xff, 0xc0, 0xff, 0xc1, 0xfe, 0xc2, 0xff, 0xc1, 0xfe, 0xc2, 0xff, 0xc0, 0xff, 0xc1, 0xff, 0xc0, 0xff, 0xc0, 0xff, 0xc0, 0xff, 0xc0, 0xff, 0xc0, 0xff, 0xc0, 0xff, 0xc0, 0xff, 0xc0, 0xff, 0xc0, 0xff, 0xc0, 0xff, 0xc0, 0xff, 0xc0, 0xff, 0xc0, 0xff, 0xc0, 0xff, 
  0xc4, 0xff, 0xbf, 0xff, 0xc3, 0xff, 0xc0, 0xff, 0xc1, 0xff, 0xc1, 0xff, 0xc1, 0xff, 0xc3, 0xff, 0xc0, 0xfd, 0xc4, 0xff, 0xc1, 0xfc, 0xc6, 0xff, 0xc4, 0xfa, 0xc8, 0xff, 0xc7, 0xf7, 0xca, 0xff, 0xd0, 0xf9, 0xd0, 0xff, 0xd4, 0xf7, 0xd3, 0xff, 0xda, 0xf7, 0xd7, 0xff, 0xdd, 0xf6, 0xdb, 0xff, 0xde, 0xf6, 0xde, 0xff, 0xdf, 0xf6, 0xe0, 0xff, 0xdf, 0xf6, 0xe1, 0xff, 0xe0, 0xf5, 0xe2, 0xff, 0xe1, 0xf2, 0xe1, 0xff, 0xe3, 0xf1, 0xe2, 0xff, 0xe3, 0xf1, 0xe3, 0xff, 0xe3, 0xf0, 0xe4, 0xff, 0xe4, 0xf0, 0xe4, 0xff, 0xe4, 0xef, 0xe5, 0xff, 0xe4, 0xef, 0xe5, 0xff, 0xe4, 0xef, 0xe6, 0xff, 0xe5, 0xf0, 0xe7, 0xff, 0xe5, 0xf0, 0xe7, 0xff, 0xe5, 0xf0, 0xe7, 0xff, 0xe6, 0xf0, 0xe7, 0xff, 0xe7, 0xf0, 0xe6, 0xff, 0xe7, 0xf0, 0xe6, 0xff, 0xe7, 0xf0, 0xe6, 0xff, 0xe6, 0xf0, 0xe6, 0xff, 0xe5, 0xf0, 0xe6, 0xff, 0xe5, 0xf0, 0xe6, 0xff, 0xe5, 0xf0, 0xe6, 0xff, 0xe5, 0xf0, 0xe6, 0xff, 0xe5, 0xf0, 0xe6, 0xff, 0xe5, 0xf0, 0xe6, 0xff, 0xe5, 0xf0, 0xe6, 0xff, 0xe5, 0xf0, 0xe6, 0xff, 0xe5, 0xf0, 0xe6, 0xff, 0xe5, 0xf0, 0xe6, 0xff, 0xe5, 0xf0, 0xe6, 0xff, 0xe5, 0xf0, 0xe6, 0xff, 0xe5, 0xf0, 0xe6, 0xff, 0xe5, 0xf0, 0xe6, 0xff, 0xe5, 0xf0, 0xe6, 0xff, 0xe5, 0xf0, 0xe6, 0xff, 0xe5, 0xf0, 0xe6, 0xff, 0xe5, 0xf0, 0xe6, 0xff, 0xe5, 0xf0, 0xe6, 0xff, 0xe5, 0xf0, 0xe6, 0xff, 0xe5, 0xf0, 0xe6, 0xff, 0xe5, 0xf0, 0xe6, 0xff, 0xe5, 0xf0, 0xe6, 0xff, 0xe5, 0xf0, 0xe6, 0xff, 0xe5, 0xf0, 0xe6, 0xff, 0xe5, 0xf0, 0xe6, 0xff, 0xe5, 0xf0, 0xe6, 0xff, 0xe5, 0xf0, 0xe6, 0xff, 0xe5, 0xf0, 0xe6, 0xff, 0xe5, 0xf0, 0xe6, 0xff, 0xe5, 0xf0, 0xe6, 0xff, 0xe5, 0xf0, 0xe6, 0xff, 0xe5, 0xf0, 0xe6, 0xff, 0xe5, 0xf0, 0xe6, 0xff, 0xe5, 0xf0, 0xe6, 0xff, 0xe5, 0xf0, 0xe6, 0xff, 0xe5, 0xf0, 0xe6, 0xff, 0xe5, 0xf0, 0xe6, 0xff, 0xe5, 0xf0, 0xe6, 0xff, 0xe5, 0xf0, 0xe6, 0xff, 0xe5, 0xf0, 0xe6, 0xff, 0xe5, 0xf0, 0xe6, 0xff, 0xe5, 0xf0, 0xe6, 0xff, 0xe5, 0xf0, 0xe6, 0xff, 0xe5, 0xf0, 0xe6, 0xff, 0xe5, 0xf0, 0xe6, 0xff, 0xe5, 0xf0, 0xe6, 0xff, 0xe5, 0xf0, 0xe6, 0xff, 0xe5, 0xf0, 0xe6, 0xff, 0xe5, 0xf0, 0xe6, 0xff, 0xe5, 0xf0, 0xe6, 0xff, 0xe5, 0xf0, 0xe6, 0xff, 0xe5, 0xf0, 0xe6, 0xff, 0xe5, 0xf0, 0xe6, 0xff, 0xe6, 0xf0, 0xe6, 0xff, 0xe5, 0xf1, 0xe5, 0xff, 0xe4, 0xf2, 0xe4, 0xff, 0xe4, 0xf2, 0xe3, 0xff, 0xe3, 0xf3, 0xe2, 0xff, 0xe2, 0xf4, 0xe0, 0xff, 0xe0, 0xf5, 0xdf, 0xff, 0xde, 0xf4, 0xdd, 0xff, 0xde, 0xf5, 0xdd, 0xff, 0xda, 0xf5, 0xda, 0xff, 0xd5, 0xf7, 0xd4, 0xff, 0xd0, 0xf7, 0xcf, 0xff, 0xcc, 0xf7, 0xcc, 0xff, 0xc9, 0xf7, 0xc8, 0xff, 0xc6, 0xf9, 0xc6, 0xff, 0xc4, 0xfc, 0xc4, 0xff, 0xc1, 0xfe, 0xc2, 0xff, 0xbd, 0xfe, 0xbf, 0xff, 0xbc, 0xff, 0xbf, 0xff, 0xbc, 0xff, 0xbe, 0xff, 0xbc, 0xff, 0xbe, 0xff, 0xbd, 0xff, 0xbe, 0xff, 0xbe, 0xff, 0xbe, 0xff, 0xbf, 0xff, 0xbf, 0xff, 0xc0, 0xff, 0xc0, 0xff, 0xc0, 0xff, 0xc0, 0xff, 0xc0, 0xff, 0xc0, 0xff, 0xc0, 0xff, 0xc0, 0xff, 0xc0, 0xff, 0xc0, 0xff, 0xc0, 0xff, 0xc0, 0xff, 0xc0, 0xff, 0xc0, 0xff, 0xc0, 0xff, 0xc0, 0xff, 0xc0, 0xff, 0xc0, 0xff, 0xc0, 0xff, 0xc0, 0xff, 
  0xc5, 0xff, 0xc1, 0xff, 0xc4, 0xff, 0xc1, 0xff, 0xc2, 0xff, 0xc1, 0xff, 0xc1, 0xff, 0xc2, 0xff, 0xc0, 0xff, 0xc3, 0xff, 0xc0, 0xfd, 0xc3, 0xff, 0xc1, 0xfc, 0xc5, 0xff, 0xc3, 0xfa, 0xc5, 0xff, 0xc7, 0xf8, 0xc7, 0xff, 0xcb, 0xf7, 0xcb, 0xff, 0xd0, 0xf7, 0xcf, 0xff, 0xd4, 0xf7, 0xd3, 0xff, 0xd7, 0xf7, 0xd7, 0xff, 0xda, 0xf8, 0xdb, 0xff, 0xdb, 0xf9, 0xdd, 0xff, 0xdf, 0xf8, 0xdf, 0xff, 0xe0, 0xf4, 0xe0, 0xff, 0xe2, 0xf3, 0xe1, 0xff, 0xe2, 0xf3, 0xe2, 0xff, 0xe3, 0xf2, 0xe3, 0xff, 0xe4, 0xf2, 0xe4, 0xff, 0xe4, 0xf1, 0xe5, 0xff, 0xe5, 0xf2, 0xe7, 0xff, 0xe5, 0xf1, 0xe7, 0xff, 0xe5, 0xf0, 0xe6, 0xff, 0xe5, 0xf0, 0xe6, 0xff, 0xe5, 0xf0, 0xe6, 0xff, 0xe5, 0xf0, 0xe6, 0xff, 0xe6, 0xf0, 0xe6, 0xff, 0xe6, 0xf0, 0xe6, 0xff, 0xe6, 0xf0, 0xe6, 0xff, 0xe6, 0xf0, 0xe6, 0xff, 0xe5, 0xf0, 0xe6, 0xff, 0xe5, 0xf0, 0xe6, 0xff, 0xe5, 0xf0, 0xe6, 0xff, 0xe5, 0xf0, 0xe6, 0xff, 0xe5, 0xf0, 0xe6, 0xff, 0xe5, 0xf0, 0xe6, 0xff, 0xe5, 0xf0, 0xe6, 0xff, 0xe5, 0xf0, 0xe6, 0xff, 0xe5, 0xf0, 0xe6, 0xff, 0xe5, 0xf0, 0xe6, 0xff, 0xe5, 0xf0, 0xe6, 0xff, 0xe5, 0xf0, 0xe6, 0xff, 0xe5, 0xf0, 0xe6, 0xff, 0xe5, 0xf0, 0xe6, 0xff, 0xe5, 0xf0, 0xe6, 0xff, 0xe5, 0xf0, 0xe6, 0xff, 0xe5, 0xf0, 0xe6, 0xff, 0xe5, 0xf0, 0xe6, 0xff, 0xe5, 0xf0, 0xe6, 0xff, 0xe5, 0xf0, 0xe6, 0xff, 0xe5, 0xf0, 0xe6, 0xff, 0xe5, 0xf0, 0xe6, 0xff, 0xe5, 0xf0, 0xe6, 0xff, 0xe5, 0xf0, 0xe6, 0xff, 0xe5, 0xf0, 0xe6, 0xff, 0xe5, 0xf0, 0xe6, 0xff, 0xe5, 0xf0, 0xe6, 0xff, 0xe5, 0xf0, 0xe6, 0xff, 0xe5, 0xf0, 0xe6, 0xff, 0xe5, 0xf0, 0xe6, 0xff, 0xe5, 0xf0, 0xe6, 0xff, 0xe5, 0xf0, 0xe6, 0xff, 0xe5, 0xf0, 0xe6, 0xff, 0xe5, 0xf0, 0xe6, 0xff, 0xe5, 0xf0, 0xe6, 0xff, 0xe5, 0xf0, 0xe6, 0xff, 0xe5, 0xf0, 0xe6, 0xff, 0xe5, 0xf0, 0xe6, 0xff, 0xe5, 0xf0, 0xe6, 0xff, 0xe5, 0xf0, 0xe6, 0xff, 0xe5, 0xf0, 0xe6, 0xff, 0xe5, 0xf0, 0xe6, 0xff, 0xe5, 0xf0, 0xe6, 0xff, 0xe5, 0xf0, 0xe6, 0xff, 0xe5, 0xf0, 0xe6, 0xff, 0xe5, 0xf0, 0xe6, 0xff, 0xe5, 0xf0, 0xe6, 0xff, 0xe5, 0xf0, 0xe6, 0xff, 0xe4, 0xf0, 0xe6, 0xff, 0xe4, 0xf0, 0xe6, 0xff, 0xe5, 0xf0, 0xe6, 0xff, 0xe5, 0xf0, 0xe6, 0xff, 0xe4, 0xf0, 0xe6, 0xff, 0xe4, 0xf1, 0xe6, 0xff, 0xe4, 0xf1, 0xe5, 0xff, 0xe4, 0xf2, 0xe4, 0xff, 0xe4, 0xf4, 0xe3, 0xff, 0xe2, 0xf5, 0xe2, 0xff, 0xe1, 0xf6, 0xe0, 0xff, 0xe0, 0xf7, 0xde, 0xff, 0xdd, 0xf7, 0xdc, 0xff, 0xda, 0xf7, 0xd9, 0xff, 0xd8, 0xf7, 0xd7, 0xff, 0xd6, 0xf9, 0xd4, 0xff, 0xce, 0xf9, 0xcc, 0xff, 0xc9, 0xfa, 0xc7, 0xff, 0xc6, 0xf8, 0xc4, 0xff, 0xc4, 0xfa, 0xc3, 0xff, 0xc2, 0xfc, 0xc2, 0xff, 0xc1, 0xfe, 0xc2, 0xff, 0xbf, 0xff, 0xc1, 0xff, 0xbc, 0xff, 0xbf, 0xff, 0xbb, 0xff, 0xbf, 0xff, 0xbb, 0xff, 0xbe, 0xff, 0xbc, 0xff, 0xbe, 0xff, 0xbd, 0xff, 0xbe, 0xff, 0xbe, 0xff, 0xbe, 0xff, 0xbf, 0xff, 0xbe, 0xff, 0xc0, 0xff, 0xbf, 0xff, 0xc0, 0xff, 0xbf, 0xff, 0xc0, 0xff, 0xc0, 0xff, 0xc0, 0xff, 0xc0, 0xff, 0xc0, 0xff, 0xc0, 0xff, 0xc0, 0xff, 0xc0, 0xff, 0xc0, 0xff, 0xc0, 0xff, 0xc0, 0xff, 0xc0, 0xff, 0xc0, 0xff, 0xc0, 0xff, 0xc0, 0xff, 0xc0, 0xff, 
  0xc5, 0xfd, 0xc1, 0xff, 0xc4, 0xfe, 0xc1, 0xff, 0xc2, 0xfe, 0xc1, 0xff, 0xc0, 0xff, 0xc0, 0xff, 0xbf, 0xff, 0xc0, 0xff, 0xbf, 0xff, 0xc0, 0xff, 0xbf, 0xff, 0xc1, 0xff, 0xc0, 0xfe, 0xc2, 0xff, 0xc2, 0xfc, 0xc3, 0xff, 0xc5, 0xfa, 0xc5, 0xff, 0xc8, 0xf9, 0xc9, 0xff, 0xcc, 0xf8, 0xcc, 0xff, 0xcf, 0xf8, 0xcf, 0xff, 0xd2, 0xf7, 0xd2, 0xff, 0xd4, 0xf7, 0xd5, 0xff, 0xd8, 0xf6, 0xd8, 0xff, 0xdd, 0xf5, 0xdc, 0xff, 0xe0, 0xf4, 0xde, 0xff, 0xe1, 0xf4, 0xe0, 0xff, 0xe2, 0xf3, 0xe1, 0xff, 0xe4, 0xf4, 0xe3, 0xff, 0xe4, 0xf3, 0xe4, 0xff, 0xe4, 0xf2, 0xe6, 0xff, 0xe5, 0xf2, 0xe7, 0xff, 0xe4, 0xf0, 0xe6, 0xff, 0xe5, 0xf0, 0xe6, 0xff, 0xe5, 0xf0, 0xe6, 0xff, 0xe5, 0xf0, 0xe6, 0xff, 0xe5, 0xf0, 0xe6, 0xff, 0xe5, 0xf0, 0xe6, 0xff, 0xe5, 0xf0, 0xe6, 0xff, 0xe5, 0xf1, 0xe6, 0xff, 0xe5, 0xf0, 0xe6, 0xff, 0xe5, 0xf0, 0xe6, 0xff, 0xe5, 0xf0, 0xe6, 0xff, 0xe5, 0xf0, 0xe6, 0xff, 0xe5, 0xf0, 0xe6, 0xff, 0xe5, 0xf0, 0xe6, 0xff, 0xe5, 0xf0, 0xe6, 0xff, 0xe5, 0xf0, 0xe6, 0xff, 0xe5, 0xf0, 0xe6, 0xff, 0xe5, 0xf0, 0xe6, 0xff, 0xe5, 0xf0, 0xe6, 0xff, 0xe5, 0xf0, 0xe6, 0xff, 0xe5, 0xf0, 0xe6, 0xff, 0xe5, 0xf0, 0xe6, 0xff, 0xe5, 0xf0, 0xe6, 0xff, 0xe5, 0xf0, 0xe6, 0xff, 0xe5, 0xf0, 0xe6, 0xff, 0xe5, 0xf0, 0xe6, 0xff, 0xe5, 0xf0, 0xe6, 0xff, 0xe5, 0xf0, 0xe6, 0xff, 0xe5, 0xf0, 0xe6, 0xff, 0xe5, 0xf0, 0xe6, 0xff, 0xe5, 0xf0, 0xe6, 0xff, 0xe5, 0xf0, 0xe6, 0xff, 0xe5, 0xf0, 0xe6, 0xff, 0xe5, 0xf0, 0xe6, 0xff, 0xe5, 0xf0, 0xe6, 0xff, 0xe5, 0xf0, 0xe6, 0xff, 0xe5, 0xf0, 0xe6, 0xff, 0xe5, 0xf0, 0xe6, 0xff, 0xe5, 0xf0, 0xe6, 0xff, 0xe5, 0xf0, 0xe6, 0xff, 0xe4, 0xef, 0xe5, 0xff, 0xe4, 0xef, 0xe5, 0xff, 0xe4, 0xef, 0xe5, 0xff, 0xe5, 0xf0, 0xe6, 0xff, 0xe5, 0xf0, 0xe6, 0xff, 0xe6, 0xf1, 0xe7, 0xff, 0xe6, 0xf1, 0xe7, 0xff, 0xe6, 0xf1, 0xe7, 0xff, 0xe5, 0xf0, 0xe6, 0xff, 0xe5, 0xf0, 0xe6, 0xff, 0xe5, 0xf0, 0xe6, 0xff, 0xe5, 0xf0, 0xe6, 0xff, 0xe5, 0xf0, 0xe6, 0xff, 0xe5, 0xf0, 0xe6, 0xff, 0xe5, 0xf0, 0xe6, 0xff, 0xe4, 0xf0, 0xe6, 0xff, 0xe3, 0xf0, 0xe4, 0xff, 0xe3, 0xf0, 0xe4, 0xff, 0xe3, 0xef, 0xe5, 0xff, 0xe3, 0xef, 0xe5, 0xff, 0xe3, 0xf0, 0xe4, 0xff, 0xe2, 0xf0, 0xe4, 0xff, 0xe2, 0xf1, 0xe3, 0xff, 0xe2, 0xf1, 0xe2, 0xff, 0xe2, 0xf5, 0xe2, 0xff, 0xdf, 0xf5, 0xdf, 0xff, 0xdd, 0xf6, 0xdd, 0xff, 0xda, 0xf7, 0xda, 0xff, 0xd7, 0xf7, 0xd7, 0xff, 0xd5, 0xf8, 0xd4, 0xff, 0xd2, 0xf8, 0xd1, 0xff, 0xce, 0xf9, 0xcd, 0xff, 0xc8, 0xfb, 0xc5, 0xff, 0xc4, 0xfc, 0xc1, 0xff, 0xc3, 0xfd, 0xc0, 0xff, 0xc1, 0xfd, 0xc0, 0xff, 0xc0, 0xff, 0xc0, 0xff, 0xbf, 0xff, 0xc0, 0xff, 0xbd, 0xff, 0xc0, 0xff, 0xbb, 0xff, 0xbe, 0xff, 0xbb, 0xff, 0xbf, 0xff, 0xbb, 0xff, 0xbf, 0xff, 0xbc, 0xff, 0xbf, 0xff, 0xbd, 0xff, 0xbf, 0xff, 0xbf, 0xff, 0xbf, 0xff, 0xc0, 0xff, 0xbf, 0xff, 0xc1, 0xff, 0xbe, 0xff, 0xc1, 0xff, 0xbf, 0xff, 0xc0, 0xff, 0xc0, 0xff, 0xc0, 0xff, 0xc0, 0xff, 0xc0, 0xff, 0xc0, 0xff, 0xc0, 0xff, 0xc0, 0xff, 0xc0, 0xff, 0xc0, 0xff, 0xc0, 0xff, 0xc0, 0xff, 0xc0, 0xff, 0xc0, 0xff, 0xc0, 0xff, 0xc0, 0xff, 
  0xc4, 0xfc, 0xc1, 0xff, 0xc3, 0xfc, 0xc0, 0xff, 0xc1, 0xfd, 0xc0, 0xff, 0xc1, 0xff, 0xc0, 0xff, 0xbf, 0xff, 0xbf, 0xff, 0xbe, 0xff, 0xbf, 0xff, 0xbe, 0xff, 0xbf, 0xff, 0xbf, 0xff, 0xc0, 0xff, 0xc1, 0xfe, 0xc1, 0xff, 0xc3, 0xfd, 0xc3, 0xff, 0xc4, 0xfa, 0xc5, 0xff, 0xc7, 0xf8, 0xc8, 0xff, 0xca, 0xf6, 0xca, 0xff, 0xcc, 0xf5, 0xcc, 0xff, 0xcf, 0xf5, 0xcf, 0xff, 0xd2, 0xf2, 0xd2, 0xff, 0xd8, 0xf2, 0xd7, 0xff, 0xdc, 0xf1, 0xda, 0xff, 0xdd, 0xf1, 0xdb, 0xff, 0xdf, 0xf1, 0xdd, 0xff, 0xe0, 0xf0, 0xde, 0xff, 0xe1, 0xf0, 0xe1, 0xff, 0xe1, 0xf0, 0xe2, 0xff, 0xe2, 0xf0, 0xe4, 0xff, 0xe4, 0xf0, 0xe6, 0xff, 0xe5, 0xf0, 0xe6, 0xff, 0xe5, 0xf0, 0xe6, 0xff, 0xe5, 0xf0, 0xe6, 0xff, 0xe5, 0xf0, 0xe6, 0xff, 0xe5, 0xf0, 0xe6, 0xff, 0xe5, 0xf1, 0xe5, 0xff, 0xe5, 0xf1, 0xe5, 0xff, 0xe5, 0xf0, 0xe6, 0xff, 0xe5, 0xf0, 0xe6, 0xff, 0xe5, 0xf0, 0xe6, 0xff, 0xe5, 0xf0, 0xe6, 0xff, 0xe5, 0xf0, 0xe6, 0xff, 0xe5, 0xf0, 0xe6, 0xff, 0xe5, 0xf0, 0xe6, 0xff, 0xe5, 0xf0, 0xe6, 0xff, 0xe5, 0xf0, 0xe6, 0xff, 0xe5, 0xf0, 0xe6, 0xff, 0xe5, 0xf0, 0xe6, 0xff, 0xe5, 0xf0, 0xe6, 0xff, 0xe5, 0xf0, 0xe6, 0xff, 0xe5, 0xf0, 0xe6, 0xff, 0xe5, 0xf0, 0xe6, 0xff, 0xe5, 0xf0, 0xe6, 0xff, 0xe5, 0xf0, 0xe6, 0xff, 0xe5, 0xf0, 0xe6, 0xff, 0xe5, 0xf0, 0xe6, 0xff, 0xe5, 0xf0, 0xe6, 0xff, 0xe5, 0xf0, 0xe6, 0xff, 0xe5, 0xf0, 0xe6, 0xff, 0xe5, 0xf0, 0xe6, 0xff, 0xe5, 0xf0, 0xe6, 0xff, 0xe5, 0xf0, 0xe6, 0xff, 0xe5, 0xf0, 0xe6, 0xff, 0xe5, 0xf0, 0xe6, 0xff, 0xe5, 0xf0, 0xe6, 0xff, 0xe5, 0xf0, 0xe6, 0xff, 0xe5, 0xf0, 0xe6, 0xff, 0xe5, 0xf0, 0xe6, 0xff, 0xe5, 0xf0, 0xe6, 0xff, 0xe3, 0xee, 0xe4, 0xff, 0xe4, 0xef, 0xe5, 0xff, 0xe4, 0xef, 0xe5, 0xff, 0xe5, 0xf0, 0xe6, 0xff, 0xe5, 0xf0, 0xe6, 0xff, 0xe6, 0xf1, 0xe7, 0xff, 0xe6, 0xf1, 0xe7, 0xff, 0xe7, 0xf2, 0xe8, 0xff, 0xe5, 0xf0, 0xe6, 0xff, 0xe5, 0xf0, 0xe6, 0xff, 0xe5, 0xf0, 0xe6, 0xff, 0xe5, 0xf0, 0xe6, 0xff, 0xe5, 0xf0, 0xe6, 0xff, 0xe5, 0xf0, 0xe6, 0xff, 0xe5, 0xf0, 0xe6, 0xff, 0xe4, 0xf0, 0xe6, 0xff, 0xe2, 0xf0, 0xe4, 0xff, 0xe2, 0xf0, 0xe4, 0xff, 0xe3, 0xef, 0xe5, 0xff, 0xe3, 0xef, 0xe5, 0xff, 0xe2, 0xf0, 0xe4, 0xff, 0xe2, 0xf0, 0xe4, 0xff, 0xe2, 0xf1, 0xe3, 0xff, 0xe1, 0xf2, 0xe1, 0xff, 0xdd, 0xf1, 0xdd, 0xff, 0xda, 0xf2, 0xda, 0xff, 0xd8, 0xf3, 0xd8, 0xff, 0xd4, 0xf4, 0xd5, 0xff, 0xd2, 0xf5, 0xd1, 0xff, 0xce, 0xf4, 0xcd, 0xff, 0xcb, 0xf4, 0xca, 0xff, 0xc7, 0xf6, 0xc6, 0xff, 0xc3, 0xfb, 0xc0, 0xff, 0xc3, 0xff, 0xbf, 0xff, 0xc3, 0xff, 0xc0, 0xff, 0xc2, 0xff, 0xc0, 0xff, 0xbf, 0xff, 0xbf, 0xff, 0xbd, 0xff, 0xbe, 0xff, 0xbc, 0xff, 0xbe, 0xff, 0xbc, 0xff, 0xbf, 0xff, 0xbb, 0xff, 0xbf, 0xff, 0xbb, 0xff, 0xbf, 0xff, 0xbc, 0xff, 0xbf, 0xff, 0xbd, 0xff, 0xbf, 0xff, 0xbf, 0xff, 0xbf, 0xff, 0xc0, 0xff, 0xbf, 0xff, 0xc1, 0xff, 0xbe, 0xff, 0xc1, 0xff, 0xbe, 0xff, 0xc0, 0xff, 0xc0, 0xff, 0xc0, 0xff, 0xc0, 0xff, 0xc0, 0xff, 0xc0, 0xff, 0xc0, 0xff, 0xc0, 0xff, 0xc0, 0xff, 0xc0, 0xff, 0xc0, 0xff, 0xc0, 0xff, 0xc0, 0xff, 0xc0, 0xff, 0xc0, 0xff, 0xc0, 0xff, 
#endif
};

const lv_img_dsc_t icon5 = {
  .header.cf = LV_IMG_CF_TRUE_COLOR,
  .header.always_zero = 0,
  .header.reserved = 0,
  .header.w = 120,
  .header.h = 88,
  .data_size = 10560 * LV_COLOR_SIZE / 8,
  .data = icon5_map,
};

#endif