#include "TFT_Img.h"
#include "dbg_config.h"

#if(ENABLE_LVGL_USE == 0)
static const unsigned char gImage_icon0_1[12800] = { /* 0X00,0X10,0X50,0X00,0X50,0X00,0X01,0X1B, */
0XF8,0XC7,0XF8,0XC7,0XF8,0XC7,0XF8,0XC7,0XF8,0XC7,0XF8,0XC7,0XF8,0XC7,0XF8,0XC7,
0XF8,0XC7,0XF8,0XC7,0XF8,0XC7,0XF8,0XC7,0XF8,0XC7,0XF8,0XC7,0XF8,0XC7,0XF8,0XC7,
0XF8,0XC7,0XF8,0XC7,0XF8,0XC7,0XF8,0XC7,0XF8,0XC7,0XF8,0XC7,0XF8,0XC7,0XF8,0XC7,
0XF8,0XC7,0XF8,0XC7,0XF8,0XC7,0XF8,0XC7,0XF8,0XC7,0XF8,0XC7,0XF8,0XC7,0XF8,0XC7,
0XF7,0XC7,0XF7,0XBF,0XF8,0XBF,0XF8,0XBF,0XF8,0XC7,0XF7,0XC7,0XF7,0XC7,0XF8,0XBF,
0XF9,0XBF,0XF7,0XC7,0XF7,0XC7,0XF9,0XBF,0XF8,0XBF,0XF8,0XC7,0XF8,0XC7,0XF8,0XC7,
0XF8,0XC7,0XF8,0XC7,0XF8,0XC7,0XF8,0XC7,0XF8,0XC7,0XF8,0XC7,0XF8,0XC7,0XF8,0XC7,
0XF8,0XC7,0XF8,0XC7,0XF8,0XC7,0XF8,0XC7,0XF8,0XC7,0XF8,0XC7,0XF8,0XC7,0XF8,0XC7,
0XF8,0XC7,0XF8,0XC7,0XF8,0XC7,0XF8,0XC7,0XF8,0XC7,0XF8,0XC7,0XF8,0XC7,0XF8,0XC7,
0XF8,0XC7,0XF8,0XC7,0XF8,0XC7,0XF8,0XC7,0XF8,0XC7,0XF8,0XC7,0XF8,0XC7,0XF8,0XC7,
0XF8,0XC7,0XF8,0XC7,0XF8,0XC7,0XF8,0XC7,0XF8,0XC7,0XF8,0XC7,0XF8,0XC7,0XF8,0XC7,
0XF8,0XC7,0XF8,0XC7,0XF8,0XC7,0XF8,0XC7,0XF8,0XC7,0XF8,0XC7,0XF8,0XC7,0XF8,0XC7,
0XF8,0XC7,0XF8,0XC7,0XF8,0XC7,0XF8,0XC7,0XF8,0XC7,0XF8,0XC7,0XF8,0XC7,0XF8,0XC7,
0XF8,0XC7,0XF8,0XC7,0XF8,0XC7,0XF8,0XC7,0XF8,0XC7,0XF8,0XC7,0XF8,0XC7,0XF8,0XC7,
0XF8,0XC7,0XF7,0XBF,0XF7,0XBF,0XF8,0XC7,0XF8,0XC7,0XF7,0XC7,0XF8,0XBF,0XF8,0XBF,
0XF8,0XC7,0XF7,0XC7,0XF7,0XC7,0XF7,0XC7,0XF6,0XCF,0XF8,0XC7,0XF8,0XC7,0XF8,0XC7,
0XF8,0XC7,0XF8,0XC7,0XF8,0XC7,0XF8,0XC7,0XF8,0XC7,0XF8,0XC7,0XF8,0XC7,0XF8,0XC7,
0XF8,0XC7,0XF8,0XC7,0XF8,0XC7,0XF8,0XC7,0XF8,0XC7,0XF8,0XC7,0XF8,0XC7,0XF8,0XC7,
0XF8,0XC7,0XF8,0XC7,0XF8,0XC7,0XF8,0XC7,0XF8,0XC7,0XF8,0XC7,0XF8,0XC7,0XF8,0XC7,
0XF8,0XC7,0XF8,0XC7,0XF8,0XC7,0XF8,0XC7,0XF8,0XC7,0XF8,0XC7,0XF8,0XC7,0XF8,0XC7,
0XF8,0XC7,0XF8,0XC7,0XF8,0XC7,0XF8,0XC7,0XF8,0XC7,0XF8,0XC7,0XF8,0XC7,0XF8,0XC7,
0XF8,0XC7,0XF8,0XC7,0XF8,0XC7,0XF8,0XC7,0XF8,0XC7,0XF8,0XC7,0XF8,0XC7,0XF8,0XC7,
0XF8,0XC7,0XF8,0XC7,0XF8,0XC7,0XF8,0XC7,0XF8,0XC7,0XF8,0XC7,0XF8,0XC7,0XF8,0XC7,
0XF8,0XC7,0XF8,0XC7,0XF8,0XC7,0XF8,0XC7,0XF8,0XC7,0XF8,0XC7,0XF8,0XC7,0XF8,0XC7,
0XF8,0XC7,0XF7,0XC7,0XF7,0XC7,0XF7,0XC7,0XF8,0XC7,0XF7,0XC7,0XF6,0XCF,0X94,0XD7,
0XB4,0XD7,0XD7,0XCF,0XF9,0XBF,0XF8,0XBF,0XF8,0XBF,0XF8,0XC7,0XF8,0XC7,0XF8,0XC7,
0XF8,0XC7,0XF8,0XC7,0XF8,0XC7,0XF8,0XC7,0XF8,0XC7,0XF8,0XC7,0XF8,0XC7,0XF8,0XC7,
0XF8,0XC7,0XF8,0XC7,0XF8,0XC7,0XF8,0XC7,0XF8,0XC7,0XF8,0XC7,0XF8,0XC7,0XF8,0XC7,
0XF8,0XC7,0XF8,0XC7,0XF8,0XC7,0XF8,0XC7,0XF8,0XC7,0XF8,0XC7,0XF8,0XC7,0XF8,0XC7,
0XF8,0XC7,0XF8,0XC7,0XF8,0XC7,0XF8,0XC7,0XF8,0XC7,0XF8,0XC7,0XF8,0XC7,0XF8,0XC7,
0XF8,0XC7,0XF8,0XC7,0XF8,0XC7,0XF8,0XC7,0XF8,0XC7,0XF8,0XC7,0XF8,0XC7,0XF8,0XC7,
0XF8,0XC7,0XF8,0XC7,0XF8,0XC7,0XF8,0XC7,0XF8,0XC7,0XF8,0XC7,0XF8,0XC7,0XF8,0XC7,
0XF8,0XC7,0XF8,0XC7,0XF8,0XC7,0XF8,0XC7,0XF8,0XC7,0XF8,0XC7,0XF8,0XC7,0XF8,0XC7,
0XF8,0XC7,0XF8,0XC7,0XF8,0XC7,0XF8,0XC7,0XF8,0XC7,0XF8,0XC7,0XF8,0XC7,0XF8,0XC7,
0XF8,0XC7,0XF7,0XC7,0XF7,0XC7,0XF7,0XC7,0XF8,0XBF,0XF7,0XC7,0XEF,0XE6,0X8B,0XFE,
0X8B,0XF6,0XCF,0XDE,0XD7,0XCF,0XF7,0XC7,0XF8,0XC7,0XF8,0XC7,0XF8,0XC7,0XF8,0XC7,
0XF8,0XC7,0XF8,0XC7,0XF8,0XC7,0XF8,0XC7,0XF8,0XC7,0XF8,0XC7,0XF8,0XC7,0XF8,0XC7,
0XF8,0XC7,0XF8,0XC7,0XF8,0XC7,0XF8,0XC7,0XF8,0XC7,0XF8,0XC7,0XF8,0XC7,0XF8,0XC7,
0XF8,0XC7,0XF8,0XC7,0XF8,0XC7,0XF8,0XC7,0XF8,0XC7,0XF8,0XC7,0XF8,0XC7,0XF8,0XC7,
0XF8,0XC7,0XF8,0XC7,0XF8,0XC7,0XF8,0XC7,0XF8,0XC7,0XF8,0XC7,0XF8,0XC7,0XF8,0XC7,
0XF8,0XC7,0XF8,0XC7,0XF8,0XC7,0XF8,0XC7,0XF8,0XC7,0XF8,0XC7,0XF8,0XC7,0XF8,0XC7,
0XF8,0XC7,0XF8,0XC7,0XF8,0XC7,0XF8,0XC7,0XF8,0XC7,0XF8,0XC7,0XF8,0XC7,0XF8,0XC7,
0XF8,0XC7,0XF8,0XC7,0XF8,0XC7,0XF8,0XC7,0XF8,0XC7,0XF8,0XC7,0XF8,0XC7,0XF8,0XC7,
0XF8,0XC7,0XF8,0XC7,0XF8,0XC7,0XF8,0XC7,0XF8,0XC7,0XF8,0XC7,0XF8,0XC7,0XF8,0XC7,
0XF8,0XBF,0XF7,0XC7,0XF8,0XBF,0XF7,0XC7,0XF8,0XC7,0XB5,0XCF,0X8C,0XF6,0X69,0XFE,
0X6A,0XFE,0X8B,0XF6,0X94,0XD7,0XF7,0XCF,0XF8,0XC7,0XF8,0XC7,0XF8,0XC7,0XF8,0XC7,
0XF8,0XC7,0XF8,0XC7,0XF8,0XC7,0XF8,0XC7,0XF8,0XC7,0XF8,0XC7,0XF8,0XC7,0XF8,0XC7,
0XF8,0XC7,0XF8,0XC7,0XF8,0XC7,0XF8,0XC7,0XF8,0XC7,0XF8,0XC7,0XF8,0XC7,0XF8,0XC7,
0XF8,0XC7,0XF8,0XC7,0XF8,0XC7,0XF8,0XC7,0XF8,0XC7,0XF8,0XC7,0XF8,0XC7,0XF8,0XC7,
0XF8,0XC7,0XF8,0XC7,0XF8,0XC7,0XF8,0XC7,0XF8,0XC7,0XF8,0XC7,0XF8,0XC7,0XF8,0XC7,
0XF8,0XC7,0XF8,0XC7,0XF8,0XC7,0XF8,0XC7,0XF8,0XC7,0XF8,0XC7,0XF8,0XC7,0XF8,0XC7,
0XF8,0XC7,0XF8,0XC7,0XF8,0XC7,0XF8,0XC7,0XF8,0XC7,0XF8,0XC7,0XF8,0XC7,0XF8,0XC7,
0XF8,0XC7,0XF8,0XC7,0XF8,0XC7,0XF8,0XC7,0XF8,0XC7,0XF8,0XC7,0XF8,0XC7,0XF8,0XC7,
0XF8,0XC7,0XF8,0XC7,0XF8,0XC7,0XF8,0XC7,0XF8,0XC7,0XF8,0XC7,0XF8,0XC7,0XF8,0XC7,
0XF7,0XC7,0XF7,0XBF,0XF8,0XBF,0XF7,0XC7,0XD8,0XC7,0XB4,0XD7,0X6B,0XFE,0X8B,0XFE,
0X6B,0XFE,0X8A,0XFE,0X94,0XD7,0XF7,0XC7,0XF8,0XBF,0XF8,0XC7,0XF8,0XC7,0XF8,0XC7,
0XF8,0XC7,0XF8,0XC7,0XF8,0XC7,0XF8,0XC7,0XF8,0XC7,0XF8,0XC7,0XF8,0XC7,0XF8,0XC7,
0XF8,0XC7,0XF8,0XC7,0XF8,0XC7,0XF8,0XC7,0XF8,0XC7,0XF8,0XC7,0XF8,0XC7,0XF8,0XC7,
0XF8,0XC7,0XF8,0XC7,0XF8,0XC7,0XF8,0XC7,0XF8,0XC7,0XF8,0XC7,0XF8,0XC7,0XF8,0XC7,
0XF8,0XC7,0XF8,0XC7,0XF8,0XC7,0XF8,0XC7,0XF8,0XC7,0XF8,0XC7,0XF8,0XC7,0XF8,0XC7,
0XF8,0XC7,0XF8,0XC7,0XF8,0XC7,0XF8,0XC7,0XF8,0XC7,0XF8,0XC7,0XF8,0XC7,0XF8,0XC7,
0XF8,0XC7,0XF8,0XC7,0XF8,0XC7,0XF8,0XC7,0XF8,0XC7,0XF8,0XC7,0XF8,0XC7,0XF8,0XC7,
0XF8,0XC7,0XF8,0XC7,0XF8,0XC7,0XF8,0XC7,0XF8,0XC7,0XF8,0XC7,0XF8,0XC7,0XF8,0XC7,
0XF8,0XC7,0XF8,0XC7,0XF8,0XC7,0XF8,0XC7,0XF8,0XC7,0XF8,0XC7,0XF8,0XC7,0XF8,0XC7,
0XF7,0XC7,0XF7,0XC7,0XF8,0XBF,0XF7,0XBF,0XF8,0XC7,0X94,0XDF,0X8B,0XFE,0X6A,0XFE,
0X6A,0XFE,0X6A,0XFE,0X93,0XDF,0XF7,0XC7,0XF8,0XBF,0XF8,0XC7,0XF8,0XC7,0XF8,0XC7,
0XF8,0XC7,0XF8,0XC7,0XF8,0XC7,0XF8,0XC7,0XF8,0XC7,0XF8,0XC7,0XF8,0XC7,0XF8,0XC7,
0XF8,0XC7,0XF8,0XC7,0XF8,0XC7,0XF8,0XC7,0XF8,0XC7,0XF8,0XC7,0XF8,0XC7,0XF8,0XC7,
0XF8,0XC7,0XF8,0XC7,0XF8,0XC7,0XF8,0XC7,0XF8,0XC7,0XF8,0XC7,0XF8,0XC7,0XF8,0XC7,
0XF8,0XC7,0XF8,0XC7,0XF8,0XC7,0XF8,0XC7,0XF8,0XC7,0XF8,0XC7,0XF8,0XC7,0XF8,0XC7,
0XF8,0XC7,0XF8,0XC7,0XF8,0XC7,0XF8,0XC7,0XF8,0XC7,0XF8,0XC7,0XF8,0XC7,0XF8,0XC7,
0XF8,0XC7,0XF8,0XC7,0XF8,0XC7,0XF8,0XC7,0XF8,0XC7,0XF8,0XC7,0XF8,0XC7,0XF8,0XC7,
0XF8,0XC7,0XF8,0XC7,0XF8,0XC7,0XF8,0XC7,0XF8,0XC7,0XF8,0XC7,0XF8,0XC7,0XF8,0XC7,
0XF8,0XC7,0XF8,0XC7,0XF8,0XC7,0XF8,0XC7,0XF8,0XC7,0XF8,0XC7,0XF8,0XC7,0XF8,0XC7,
0XF8,0XC7,0XF7,0XC7,0XF8,0XC7,0XF7,0XBF,0XF8,0XC7,0X94,0XD7,0X8B,0XF6,0X6A,0XFE,
0X8A,0XFE,0X6A,0XFE,0X93,0XDF,0XF8,0XC7,0XF8,0XC7,0XF8,0XC7,0XF8,0XC7,0XF8,0XC7,
0XF8,0XC7,0XF8,0XC7,0XF8,0XC7,0XF8,0XC7,0XF8,0XC7,0XF8,0XC7,0XF8,0XC7,0XF8,0XC7,
0XF8,0XC7,0XF8,0XC7,0XF8,0XC7,0XF8,0XC7,0XF8,0XC7,0XF8,0XC7,0XF8,0XC7,0XF8,0XC7,
0XF8,0XC7,0XF8,0XC7,0XF8,0XC7,0XF8,0XC7,0XF8,0XC7,0XF8,0XC7,0XF8,0XC7,0XF8,0XC7,
0XF8,0XC7,0XF8,0XC7,0XF8,0XC7,0XF8,0XC7,0XF8,0XC7,0XF8,0XC7,0XF8,0XC7,0XF8,0XC7,
0XF8,0XC7,0XF8,0XC7,0XF8,0XC7,0XF8,0XC7,0XF8,0XC7,0XF8,0XC7,0XF8,0XC7,0XF8,0XC7,
0XF8,0XC7,0XF8,0XC7,0XF8,0XC7,0XF8,0XC7,0XF8,0XC7,0XF8,0XC7,0XF8,0XC7,0XF8,0XC7,
0XF8,0XC7,0XF8,0XC7,0XF8,0XC7,0XF8,0XC7,0XF8,0XC7,0XF8,0XC7,0XF8,0XC7,0XF8,0XC7,
0XF8,0XC7,0XF8,0XC7,0XF8,0XC7,0XF8,0XC7,0XF8,0XC7,0XF8,0XC7,0XF8,0XC7,0XF8,0XC7,
0XF8,0XC7,0XF7,0XC7,0XF8,0XC7,0XF7,0XBF,0XF8,0XC7,0X94,0XD7,0X8B,0XF6,0X6A,0XFE,
0X8A,0XFE,0X6A,0XFE,0X93,0XDF,0XF8,0XC7,0XF8,0XC7,0XF8,0XC7,0XF8,0XC7,0XF8,0XC7,
0XF8,0XC7,0XF8,0XC7,0XF8,0XC7,0XF8,0XC7,0XF8,0XC7,0XF8,0XC7,0XF8,0XC7,0XF8,0XC7,
0XF8,0XC7,0XF8,0XC7,0XF8,0XC7,0XF8,0XC7,0XF8,0XC7,0XF8,0XC7,0XF8,0XC7,0XF8,0XC7,
0XF8,0XC7,0XF8,0XC7,0XF8,0XC7,0XF8,0XC7,0XF8,0XC7,0XF8,0XC7,0XF8,0XC7,0XF8,0XC7,
0XF8,0XC7,0XF8,0XC7,0XF8,0XC7,0XF8,0XC7,0XF8,0XC7,0XF8,0XC7,0XF8,0XC7,0XF8,0XC7,
0XF8,0XC7,0XF8,0XC7,0XF8,0XC7,0XF8,0XC7,0XF8,0XC7,0XF8,0XC7,0XF8,0XC7,0XF8,0XC7,
0XF8,0XC7,0XF8,0XC7,0XF8,0XC7,0XF8,0XC7,0XF8,0XC7,0XF8,0XC7,0XF8,0XC7,0XF8,0XC7,
0XF8,0XC7,0XF8,0XC7,0XF8,0XC7,0XF8,0XC7,0XF8,0XC7,0XF8,0XC7,0XF8,0XC7,0XF8,0XC7,
0XF8,0XC7,0XF8,0XC7,0XF8,0XC7,0XF8,0XC7,0XF8,0XC7,0XF8,0XC7,0XF8,0XC7,0XF8,0XC7,
0XF8,0XC7,0XF7,0XC7,0XF8,0XC7,0XF7,0XBF,0XF8,0XC7,0X94,0XD7,0X8B,0XF6,0X6A,0XFE,
0X8A,0XFE,0X6A,0XFE,0X93,0XDF,0XF8,0XC7,0XF8,0XC7,0XF8,0XC7,0XF8,0XC7,0XF8,0XC7,
0XF8,0XC7,0XF8,0XC7,0XF8,0XC7,0XF8,0XC7,0XF8,0XC7,0XF8,0XC7,0XF8,0XC7,0XF8,0XC7,
0XF8,0XC7,0XF8,0XC7,0XF8,0XC7,0XF8,0XC7,0XF8,0XC7,0XF8,0XC7,0XF8,0XC7,0XF8,0XC7,
0XF8,0XC7,0XF8,0XC7,0XF8,0XC7,0XF8,0XC7,0XF8,0XC7,0XF8,0XC7,0XF8,0XC7,0XF8,0XC7,
0XF8,0XC7,0XF8,0XC7,0XF8,0XC7,0XF8,0XC7,0XF8,0XC7,0XF8,0XC7,0XF8,0XC7,0XF8,0XC7,
0XF8,0XC7,0XF8,0XC7,0XF8,0XC7,0XF8,0XC7,0XF8,0XC7,0XF8,0XC7,0XF8,0XC7,0XF8,0XC7,
0XF8,0XC7,0XF8,0XC7,0XF8,0XC7,0XF8,0XC7,0XF8,0XC7,0XF8,0XC7,0XF8,0XC7,0XF8,0XC7,
0XF8,0XC7,0XF8,0XC7,0XF8,0XC7,0XF8,0XC7,0XF8,0XC7,0XF8,0XC7,0XF8,0XC7,0XF8,0XC7,
0XF8,0XC7,0XF8,0XC7,0XF8,0XC7,0XF8,0XC7,0XF8,0XC7,0XF8,0XC7,0XF8,0XC7,0XF8,0XC7,
0XF8,0XC7,0XF7,0XC7,0XF8,0XC7,0XF7,0XBF,0XF8,0XC7,0X94,0XD7,0X8B,0XF6,0X6A,0XFE,
0X8A,0XFE,0X6A,0XFE,0X93,0XDF,0XF8,0XC7,0XF8,0XC7,0XF8,0XC7,0XF8,0XC7,0XF8,0XC7,
0XF8,0XC7,0XF8,0XC7,0XF8,0XC7,0XF8,0XC7,0XF8,0XC7,0XF8,0XC7,0XF8,0XC7,0XF8,0XC7,
0XF8,0XC7,0XF8,0XC7,0XF8,0XC7,0XF8,0XC7,0XF8,0XC7,0XF8,0XC7,0XF8,0XC7,0XF8,0XC7,
0XF8,0XC7,0XF8,0XC7,0XF8,0XC7,0XF8,0XC7,0XF8,0XC7,0XF8,0XC7,0XF8,0XC7,0XF8,0XC7,
0XF8,0XC7,0XF8,0XC7,0XF8,0XC7,0XF8,0XC7,0XF8,0XC7,0XF8,0XC7,0XF8,0XC7,0XF8,0XC7,
0XF8,0XC7,0XF8,0XC7,0XF8,0XC7,0XF8,0XC7,0XF8,0XC7,0XF8,0XC7,0XF8,0XC7,0XF8,0XC7,
0XF8,0XC7,0XF8,0XC7,0XF8,0XC7,0XF8,0XC7,0XF8,0XC7,0XF8,0XC7,0XF8,0XC7,0XF8,0XC7,
0XF8,0XC7,0XF8,0XC7,0XF8,0XC7,0XF8,0XC7,0XF8,0XC7,0XF8,0XC7,0XF8,0XC7,0XF8,0XC7,
0XF8,0XC7,0XF8,0XC7,0XF8,0XC7,0XF8,0XC7,0XF8,0XC7,0XF8,0XC7,0XF8,0XC7,0XF8,0XC7,
0XF8,0XC7,0XF7,0XC7,0XF8,0XC7,0XF7,0XBF,0XF8,0XC7,0X94,0XD7,0X8B,0XF6,0X6A,0XFE,
0X8A,0XFE,0X6A,0XFE,0X93,0XDF,0XF8,0XC7,0XF8,0XC7,0XF8,0XC7,0XF8,0XC7,0XF8,0XC7,
0XF8,0XC7,0XF8,0XC7,0XF8,0XC7,0XF8,0XC7,0XF8,0XC7,0XF8,0XC7,0XF8,0XC7,0XF8,0XC7,
0XF8,0XC7,0XF8,0XC7,0XF8,0XC7,0XF8,0XC7,0XF8,0XC7,0XF8,0XC7,0XF8,0XC7,0XF8,0XC7,
0XF8,0XC7,0XF8,0XC7,0XF8,0XC7,0XF8,0XC7,0XF8,0XC7,0XF8,0XC7,0XF8,0XC7,0XF8,0XC7,
0XF8,0XC7,0XF8,0XC7,0XF8,0XC7,0XF8,0XC7,0XF8,0XC7,0XF8,0XC7,0XF8,0XC7,0XF8,0XC7,
0XF8,0XC7,0XF8,0XC7,0XF8,0XC7,0XF8,0XC7,0XF8,0XC7,0XF8,0XC7,0XF8,0XC7,0XF8,0XC7,
0XF8,0XC7,0XF8,0XC7,0XF8,0XC7,0XF8,0XC7,0XF8,0XC7,0XF7,0XC7,0XD6,0XCF,0XD6,0XCF,
0XF7,0XC7,0XF7,0XC7,0XF8,0XC7,0XF8,0XBF,0XF7,0XC7,0XF8,0XC7,0XF8,0XC7,0XF7,0XC7,
0XF8,0XC7,0XF8,0XBF,0XF8,0XC7,0XF8,0XC7,0XF8,0XC7,0XF8,0XC7,0XF8,0XC7,0XF8,0XC7,
0XF8,0XC7,0XF7,0XC7,0XF8,0XC7,0XF7,0XBF,0XF8,0XC7,0XB4,0XDF,0X8B,0XF6,0X6A,0XFE,
0X8A,0XFE,0X6B,0XFE,0X93,0XDF,0XF8,0XC7,0XF8,0XC7,0XF8,0XC7,0XF8,0XC7,0XF8,0XC7,
0XF8,0XC7,0XF8,0XC7,0XF8,0XC7,0XF8,0XC7,0XF8,0XC7,0XF8,0XC7,0XF8,0XC7,0XF8,0XC7,
0XF8,0XC7,0XF8,0XC7,0XF8,0XC7,0XF8,0XC7,0XF8,0XC7,0XF8,0XC7,0XF7,0XC7,0XF6,0XCF,
0XD5,0XD7,0XF6,0XCF,0XF7,0XC7,0XF7,0XC7,0XF7,0XC7,0XF8,0XC7,0XF8,0XC7,0XF8,0XC7,
0XF8,0XC7,0XF8,0XC7,0XF8,0XC7,0XF8,0XC7,0XF8,0XC7,0XF8,0XC7,0XF8,0XC7,0XF8,0XC7,
0XF8,0XC7,0XF8,0XC7,0XF8,0XC7,0XF8,0XC7,0XF8,0XC7,0XF8,0XC7,0XF8,0XC7,0XF8,0XC7,
0XF8,0XC7,0XF8,0XC7,0XF8,0XC7,0XF8,0XC7,0XF7,0XC7,0X93,0XD7,0XAD,0XEE,0X8C,0XEE,
0X2F,0XDF,0XB5,0XCF,0XF8,0XC7,0XF8,0XBF,0XF7,0XC7,0XF7,0XC7,0XF8,0XBF,0XF7,0XC7,
0XF7,0XC7,0XF8,0XBF,0XF8,0XC7,0XF8,0XC7,0XF8,0XC7,0XF8,0XC7,0XF8,0XC7,0XF8,0XC7,
0XF8,0XBF,0XF7,0XC7,0XF7,0XC7,0XF8,0XC7,0XF7,0XBF,0XB4,0XD7,0XAC,0XF6,0X6A,0XFE,
0X6A,0XFE,0X8B,0XF6,0X94,0XD7,0XF8,0XBF,0XF7,0XC7,0XF8,0XC7,0XF8,0XC7,0XF8,0XC7,
0XF8,0XC7,0XF8,0XC7,0XF8,0XC7,0XF8,0XC7,0XF8,0XC7,0XF8,0XC7,0XF8,0XBF,0XF8,0XBF,
0XF8,0XBF,0XF8,0XBF,0XF7,0XBF,0XF8,0XC7,0XF8,0XC7,0XF8,0XC7,0X94,0XD7,0XCD,0XE6,
0X8B,0XFE,0XAD,0XEE,0X94,0XD7,0XF7,0XC7,0XF7,0XC7,0XF7,0XBF,0XF8,0XC7,0XF8,0XC7,
0XF8,0XC7,0XF8,0XC7,0XF8,0XC7,0XF8,0XC7,0XF8,0XC7,0XF8,0XC7,0XF8,0XC7,0XF8,0XC7,
0XF8,0XC7,0XF8,0XC7,0XF8,0XC7,0XF8,0XC7,0XF8,0XC7,0XF8,0XC7,0XF8,0XC7,0XF8,0XC7,
0XF8,0XC7,0XF8,0XC7,0XF8,0XC7,0XF8,0XC7,0XD6,0XCF,0XAC,0XEE,0X6A,0XFE,0X6A,0XFE,
0X8A,0XFE,0XCE,0XEE,0XD7,0XD7,0XF8,0XC7,0XF7,0XC7,0XF8,0XC7,0XF7,0XC7,0XF8,0XC7,
0XF8,0XC7,0XF7,0XC7,0XF8,0XC7,0XF8,0XC7,0XF8,0XC7,0XF8,0XC7,0XF8,0XC7,0XF8,0XC7,
0XF8,0XC7,0XF7,0XBF,0XF7,0XC7,0XF8,0XBF,0XF8,0XBF,0XF7,0XCF,0X31,0XDF,0XAC,0XF6,
0X8C,0XF6,0X11,0XDF,0XF6,0XCF,0XF7,0XC7,0XF9,0XBF,0XF8,0XC7,0XF8,0XC7,0XF8,0XC7,
0XF8,0XC7,0XF8,0XC7,0XF8,0XC7,0XF8,0XC7,0XF8,0XC7,0XF8,0XC7,0XF8,0XC7,0XF8,0XC7,
0XF8,0XC7,0XF8,0XBF,0XF7,0XC7,0XF6,0XC7,0XF7,0XC7,0X94,0XD7,0X8C,0XEE,0X6C,0XFE,
0X6B,0XFE,0X6A,0XFE,0XCF,0XE6,0XF7,0XC7,0XF8,0XBF,0XF7,0XC7,0XF8,0XBF,0XF8,0XC7,
0XF8,0XC7,0XF8,0XC7,0XF8,0XC7,0XF8,0XC7,0XF8,0XC7,0XF8,0XC7,0XF8,0XC7,0XF8,0XC7,
0XF8,0XC7,0XF8,0XC7,0XF8,0XC7,0XF8,0XC7,0XF8,0XC7,0XF8,0XC7,0XF8,0XC7,0XF8,0XC7,
0XF8,0XC7,0XF8,0XC7,0XF8,0XC7,0XF8,0XC7,0XD6,0XCF,0X8C,0XEE,0X4A,0XFE,0X6B,0XFE,
0X6A,0XFE,0X8A,0XFE,0XCE,0XE6,0XD6,0XD7,0XF7,0XC7,0XF8,0XBF,0XF7,0XC7,0XF7,0XC7,
0XF8,0XC7,0XF8,0XC7,0XF8,0XC7,0XF8,0XC7,0XF8,0XC7,0XF8,0XC7,0XF8,0XC7,0XF8,0XC7,
0XF8,0XC7,0XF7,0XBF,0XF7,0XBF,0XF8,0XC7,0XF8,0XC7,0XF8,0XBF,0XF7,0XBF,0XF6,0XCF,
0XF6,0XD7,0XF8,0XC7,0XD8,0XC7,0XF8,0XC7,0XF8,0XBF,0XF8,0XC7,0XF8,0XC7,0XF8,0XC7,
0XF8,0XC7,0XF8,0XC7,0XF8,0XC7,0XF8,0XBF,0XF8,0XC7,0XF8,0XC7,0XF8,0XC7,0XF8,0XC7,
0XF8,0XC7,0XF8,0XC7,0XF8,0XC7,0XF7,0XC7,0XB4,0XD7,0XAC,0XEE,0X8A,0XFE,0X6A,0XFE,
0X69,0XFE,0X6A,0XFE,0XAE,0XDE,0XD7,0XCF,0XF7,0XC7,0XF8,0XC7,0XF8,0XBF,0XF8,0XC7,
0XF8,0XC7,0XF8,0XC7,0XF8,0XC7,0XF8,0XC7,0XF8,0XC7,0XF8,0XC7,0XF8,0XC7,0XF8,0XC7,
0XF8,0XC7,0XF8,0XC7,0XF8,0XC7,0XF8,0XC7,0XF8,0XC7,0XF8,0XC7,0XF8,0XC7,0XF8,0XC7,
0XF8,0XC7,0XF8,0XC7,0XF8,0XC7,0XF8,0XC7,0XF7,0XC7,0X10,0XDF,0X8A,0XFE,0X6B,0XFE,
0X6B,0XFE,0X6A,0XFE,0X6A,0XFE,0XCE,0XEE,0XD7,0XCF,0XF8,0XBF,0XF7,0XC7,0XF7,0XBF,
0XF7,0XC7,0XF8,0XC7,0XF8,0XC7,0XF8,0XC7,0XF8,0XC7,0XF8,0XC7,0XF8,0XC7,0XF8,0XC7,
0XF8,0XBF,0XF7,0XBF,0XF7,0XBF,0XF7,0XC7,0XF7,0XC7,0XF7,0XC7,0XF8,0XC7,0XF7,0XC7,
0XF7,0XC7,0XF8,0XC7,0XF8,0XC7,0XF7,0XC7,0XF7,0XC7,0XF8,0XC7,0XF8,0XC7,0XF8,0XC7,
0XF8,0XC7,0XF8,0XC7,0XF8,0XC7,0XF8,0XBF,0XF8,0XC7,0XF8,0XC7,0XF8,0XC7,0XF7,0XC7,
0XF8,0XC7,0XF7,0XC7,0XF7,0XC7,0X94,0XD7,0XAB,0XF6,0X6A,0XFE,0X8A,0XFE,0X8A,0XFE,
0X6A,0XFE,0X6A,0XFE,0X73,0XDF,0XF8,0XC7,0XF7,0XC7,0XF7,0XC7,0XF8,0XC7,0XF8,0XC7,
0XF8,0XC7,0XF8,0XC7,0XF8,0XC7,0XF8,0XC7,0XF8,0XC7,0XF8,0XC7,0XF8,0XC7,0XF8,0XC7,
0XF8,0XC7,0XF8,0XC7,0XF8,0XC7,0XF8,0XC7,0XF8,0XC7,0XF8,0XC7,0XF8,0XC7,0XF8,0XC7,
0XF8,0XC7,0XF8,0XC7,0XF8,0XC7,0XF8,0XC7,0XF8,0XC7,0XD5,0XD7,0XCD,0XE6,0X8A,0XFE,
0X6A,0XFE,0X6A,0XFE,0X6A,0XFE,0X6B,0XFE,0XCE,0XEE,0XD7,0XCF,0XF8,0XBF,0XF7,0XC7,
0XF8,0XC7,0XF7,0XC7,0XF8,0XC7,0XF8,0XC7,0XF8,0XC7,0XF8,0XC7,0XF8,0XC7,0XF8,0XC7,
0XF8,0XBF,0XF8,0XC7,0XF8,0XC7,0XF7,0XC7,0XF7,0XCF,0XF7,0XC7,0XF7,0XC7,0XF7,0XC7,
0XF7,0XC7,0XF7,0XC7,0XF8,0XBF,0XF8,0XBF,0XF7,0XC7,0XF8,0XC7,0XF8,0XC7,0XF8,0XC7,
0XF8,0XC7,0XF8,0XC7,0XF8,0XC7,0XF8,0XBF,0XF8,0XBF,0XF8,0XC7,0XF7,0XC7,0XF8,0XC7,
0XF7,0XC7,0XF7,0XC7,0XB4,0XD7,0XAC,0XEE,0X6A,0XFE,0X6A,0XFE,0X6B,0XFE,0X6A,0XFE,
0X6C,0XF6,0X11,0XE7,0XD7,0XC7,0XF7,0XC7,0XF7,0XC7,0XF7,0XBF,0XF7,0XBF,0XF8,0XC7,
0XF8,0XC7,0XF8,0XC7,0XF8,0XC7,0XF8,0XC7,0XF8,0XC7,0XF8,0XC7,0XF8,0XC7,0XF8,0XC7,
0XF8,0XC7,0XF8,0XC7,0XF8,0XC7,0XF8,0XC7,0XF8,0XC7,0XF8,0XC7,0XF8,0XC7,0XF8,0XC7,
0XF8,0XC7,0XF8,0XC7,0XF8,0XC7,0XF8,0XC7,0XF8,0XC7,0XD8,0XBF,0XD5,0XD7,0XCF,0XE6,
0X6B,0XFE,0X6A,0XFE,0X6B,0XFE,0X6A,0XFE,0X8A,0XFE,0XCE,0XE6,0XD6,0XD7,0XF8,0XC7,
0XF8,0XBF,0XF8,0XBF,0XF8,0XC7,0XF8,0XC7,0XF8,0XC7,0XF8,0XC7,0XF8,0XC7,0XF8,0XC7,
0XF7,0XBF,0XD8,0XCF,0XF8,0XC7,0XF8,0XBF,0XF8,0XC7,0XF8,0XC7,0XF8,0XC7,0XF8,0XBF,
0XF8,0XBF,0XF7,0XC7,0XF8,0XC7,0XF8,0XC7,0XF7,0XC7,0XF8,0XC7,0XF8,0XC7,0XF8,0XC7,
0XF8,0XC7,0XF8,0XC7,0XF8,0XC7,0XF8,0XBF,0XF8,0XBF,0XF8,0XC7,0XF7,0XC7,0XF7,0XC7,
0XF7,0XC7,0X94,0XD7,0X8C,0XEE,0X8B,0XFE,0X6A,0XFE,0X6A,0XFE,0X6A,0XFE,0X8B,0XFE,
0X52,0XE7,0XF7,0XC7,0XF7,0XBF,0XF7,0XC7,0XF8,0XC7,0XF8,0XC7,0XF8,0XC7,0XF8,0XC7,
0XF8,0XC7,0XF8,0XC7,0XF8,0XC7,0XF8,0XC7,0XF8,0XC7,0XF8,0XC7,0XF8,0XC7,0XF8,0XC7,
0XF8,0XC7,0XF8,0XC7,0XF8,0XC7,0XF8,0XC7,0XF8,0XC7,0XF8,0XC7,0XF8,0XC7,0XF8,0XC7,
0XF8,0XC7,0XF8,0XC7,0XF8,0XC7,0XF8,0XC7,0XF8,0XBF,0XF8,0XBF,0XF8,0XC7,0XD6,0XD7,
0XCE,0XEE,0X6A,0XFE,0X6A,0XFE,0X6B,0XFE,0X6A,0XFE,0X6A,0XFE,0X10,0XDF,0XD7,0XCF,
0XF8,0XC7,0XF8,0XC7,0XF7,0XC7,0XF7,0XC7,0XF7,0XC7,0XF7,0XC7,0XF8,0XBF,0XF8,0XBF,
0XF7,0XC7,0XF8,0XC7,0XF8,0XC7,0XF8,0XBF,0XF7,0XC7,0XF7,0XBF,0XF7,0XC7,0XF7,0XC7,
0XF7,0XC7,0XF7,0XC7,0XF8,0XC7,0XF8,0XBF,0XF8,0XBF,0XF7,0XC7,0XF8,0XC7,0XF8,0XBF,
0XF8,0XBF,0XF7,0XBF,0XF8,0XC7,0XF8,0XC7,0XF7,0XBF,0XF7,0XC7,0XF8,0XBF,0XD8,0XBF,
0XF7,0XCF,0XAC,0XEE,0X6A,0XFE,0X6A,0XFE,0X6A,0XFE,0X6A,0XFE,0X8A,0XFE,0X11,0XE7,
0XF7,0XC7,0XF7,0XC7,0XF7,0XC7,0XF8,0XC7,0XF8,0XC7,0XF7,0XC7,0XF8,0XC7,0XF8,0XC7,
0XF8,0XC7,0XF8,0XC7,0XF8,0XC7,0XF8,0XC7,0XF8,0XC7,0XF8,0XC7,0XF8,0XC7,0XF8,0XC7,
0XF8,0XC7,0XF8,0XC7,0XF8,0XC7,0XF8,0XC7,0XF8,0XC7,0XF8,0XC7,0XF8,0XC7,0XF8,0XC7,
0XF8,0XC7,0XF8,0XC7,0XF8,0XC7,0XF8,0XC7,0XF7,0XC7,0XF7,0XC7,0XF8,0XC7,0XF8,0XC7,
0XF7,0XCF,0XAD,0XE6,0X6A,0XFE,0X69,0XFE,0X8B,0XF6,0X6B,0XFE,0X8C,0XEE,0XD6,0XCF,
0XF8,0XBF,0XF7,0XC7,0XF8,0XBF,0XF8,0XBF,0XF7,0XBF,0XF7,0XBF,0XF8,0XBF,0XF8,0XC7,
0XF8,0XBF,0XF7,0XBF,0XF7,0XC7,0XD6,0XC7,0XB5,0XD7,0X74,0XD7,0X32,0XDF,0X12,0XDF,
0X12,0XDF,0X52,0XD7,0X73,0XD7,0XB4,0XD7,0XD5,0XD7,0XF7,0XCF,0XF6,0XC7,0XF7,0XBF,
0XF8,0XC7,0XD8,0XCF,0XF8,0XC7,0XF8,0XBF,0XF8,0XC7,0XF8,0XC7,0XF8,0XBF,0XF8,0XC7,
0XD5,0XD7,0X8A,0XFE,0X6A,0XFE,0X8B,0XF6,0X6A,0XFE,0X8A,0XFE,0X73,0XD7,0XF6,0XC7,
0XF7,0XC7,0XF8,0XC7,0XF8,0XC7,0XF8,0XC7,0XF8,0XC7,0XF8,0XC7,0XF8,0XC7,0XF8,0XC7,
0XF8,0XC7,0XF8,0XC7,0XF8,0XC7,0XF8,0XC7,0XF8,0XC7,0XF8,0XC7,0XF8,0XC7,0XF8,0XC7,
0XF8,0XC7,0XF8,0XC7,0XF8,0XC7,0XF8,0XC7,0XF8,0XC7,0XF8,0XC7,0XF8,0XC7,0XF8,0XC7,
0XF8,0XC7,0XF8,0XC7,0XF8,0XC7,0XF8,0XC7,0XF7,0XC7,0XF7,0XC7,0XF8,0XBF,0XF7,0XBF,
0XF7,0XBF,0XD6,0XCF,0XCE,0XE6,0X89,0XFE,0X6B,0XFE,0X4B,0XFE,0X8C,0XEE,0XD6,0XCF,
0XF8,0XBF,0XF6,0XC7,0XF7,0XBF,0XF8,0XBF,0XF8,0XC7,0XF7,0XC7,0XF7,0XC7,0XF8,0XBF,
0XB5,0XD7,0X73,0XDF,0XCF,0XE6,0X8D,0XF6,0X6B,0XFE,0X6A,0XFE,0X6A,0XFE,0X6A,0XFE,
0X6A,0XFE,0X6A,0XFE,0X6A,0XFE,0X6A,0XFE,0X8B,0XFE,0XEE,0XE6,0X72,0XDF,0XB5,0XD7,
0XD6,0XC7,0XF7,0XC7,0XF8,0XBF,0XF8,0XC7,0XF8,0XC7,0XF8,0XC7,0XF8,0XC7,0XD7,0XC7,
0XF5,0XCF,0XAC,0XF6,0X6B,0XFE,0X6B,0XFE,0X8B,0XFE,0X10,0XE7,0XD7,0XCF,0XF8,0XBF,
0XF8,0XC7,0XF8,0XC7,0XF8,0XC7,0XF8,0XC7,0XF8,0XC7,0XF8,0XC7,0XF8,0XC7,0XF8,0XC7,
0XF8,0XC7,0XF8,0XC7,0XF8,0XC7,0XF8,0XC7,0XF8,0XC7,0XF8,0XC7,0XF8,0XC7,0XF8,0XC7,
0XF8,0XC7,0XF8,0XC7,0XF8,0XC7,0XF8,0XC7,0XF8,0XC7,0XF8,0XC7,0XF8,0XC7,0XF8,0XC7,
0XF8,0XC7,0XF8,0XC7,0XF8,0XC7,0XF8,0XC7,0XF8,0XBF,0XF8,0XBF,0XF8,0XC7,0XF7,0XC7,
0XF7,0XC7,0XF8,0XBF,0XD6,0XD7,0X0F,0XDF,0X8C,0XEE,0XAD,0XF6,0X73,0XDF,0XF8,0XC7,
0XF8,0XC7,0XD8,0XCF,0XF7,0XC7,0XF7,0XBF,0XF8,0XBF,0XF7,0XBF,0XD5,0XD7,0X10,0XE7,
0X8C,0XF6,0X8B,0XF6,0X8A,0XFE,0X6A,0XFE,0X6A,0XFE,0X6A,0XFE,0X6B,0XFE,0X6B,0XFE,
0X6A,0XFE,0X6A,0XFE,0X6A,0XFE,0X6B,0XFE,0X6B,0XFE,0X6A,0XFE,0X6B,0XFE,0XAC,0XF6,
0X10,0XDF,0XD5,0XCF,0XF7,0XC7,0XF8,0XC7,0XF8,0XBF,0XF7,0XC7,0XF7,0XC7,0XF8,0XC7,
0XF8,0XC7,0X72,0XDF,0XAD,0XE6,0XAD,0XEE,0X73,0XD7,0XD7,0XC7,0XF6,0XC7,0XF7,0XC7,
0XF8,0XC7,0XF8,0XC7,0XF8,0XC7,0XF8,0XC7,0XF8,0XC7,0XF8,0XC7,0XF8,0XC7,0XF8,0XC7,
0XF8,0XC7,0XF8,0XC7,0XF8,0XC7,0XF8,0XC7,0XF8,0XC7,0XF8,0XC7,0XF8,0XC7,0XF8,0XC7,
0XF8,0XC7,0XF8,0XC7,0XF8,0XC7,0XF8,0XC7,0XF8,0XC7,0XF8,0XC7,0XF8,0XC7,0XF8,0XC7,
0XF8,0XC7,0XF8,0XC7,0XF8,0XC7,0XF8,0XC7,0XF7,0XC7,0XF7,0XC7,0XF8,0XBF,0XF7,0XC7,
0XF8,0XBF,0XF8,0XC7,0XF8,0XC7,0XF6,0XCF,0XD6,0XCF,0XF6,0XCF,0XF7,0XC7,0XF7,0XBF,
0XF7,0XC7,0XF8,0XC7,0XF8,0XC7,0XF8,0XC7,0XF6,0XC7,0X72,0XDF,0X8C,0XF6,0X6A,0XFE,
0X6B,0XFE,0X6B,0XFE,0X6A,0XFE,0X6A,0XFE,0X6A,0XFE,0X6A,0XFE,0X6A,0XFE,0X6A,0XFE,
0X6A,0XFE,0X6A,0XFE,0X6A,0XFE,0X6A,0XFE,0X8A,0XFE,0X6A,0XFE,0X6A,0XFE,0X6A,0XFE,
0X6A,0XFE,0X8C,0XEE,0X31,0XE7,0XD6,0XCF,0XF7,0XBF,0XF7,0XBF,0XF8,0XBF,0XF7,0XC7,
0XF8,0XC7,0XF7,0XC7,0XD6,0XCF,0XF6,0XCF,0XF8,0XC7,0XF8,0XBF,0XF9,0XBF,0XF7,0XC7,
0XF8,0XC7,0XF8,0XC7,0XF8,0XC7,0XF8,0XC7,0XF8,0XC7,0XF8,0XC7,0XF8,0XC7,0XF8,0XC7,
0XF8,0XC7,0XF8,0XC7,0XF8,0XC7,0XF8,0XC7,0XF8,0XC7,0XF8,0XC7,0XF8,0XC7,0XF8,0XC7,
0XF8,0XC7,0XF8,0XC7,0XF8,0XC7,0XF8,0XC7,0XF8,0XC7,0XF8,0XC7,0XF8,0XC7,0XF8,0XC7,
0XF8,0XC7,0XF8,0XC7,0XF8,0XC7,0XF8,0XC7,0XF7,0XC7,0XF7,0XC7,0XF8,0XBF,0XF8,0XBF,
0XF7,0XC7,0XF8,0XBF,0XF8,0XBF,0XF8,0XC7,0XF8,0XBF,0XF8,0XB7,0XF8,0XBF,0XF8,0XC7,
0XF7,0XC7,0XF7,0XC7,0XF7,0XBF,0XD5,0XD7,0XCF,0XEE,0X6A,0XFE,0X69,0XFE,0X8A,0XFE,
0X8A,0XFE,0X8A,0XFE,0X6A,0XFE,0X6A,0XFE,0X6A,0XFE,0X8A,0XFE,0X8A,0XFE,0X89,0XFE,
0X6A,0XFE,0X6A,0XFE,0X6A,0XFE,0X6A,0XFE,0X6A,0XFE,0X6A,0XFE,0X8A,0XFE,0X6A,0XFE,
0X4A,0XFE,0X4B,0XFE,0X6A,0XFE,0XCE,0XE6,0XB4,0XDF,0XF7,0XC7,0XF8,0XBF,0XF7,0XC7,
0XF8,0XC7,0XF8,0XC7,0XF8,0XBF,0XF8,0XBF,0XF7,0XBF,0XD8,0XC7,0XF8,0XC7,0XF8,0XC7,
0XF8,0XC7,0XF8,0XC7,0XF8,0XC7,0XF8,0XC7,0XF8,0XC7,0XF8,0XC7,0XF8,0XC7,0XF8,0XC7,
0XF8,0XC7,0XF8,0XC7,0XF8,0XC7,0XF8,0XC7,0XF8,0XC7,0XF8,0XC7,0XF8,0XC7,0XF8,0XC7,
0XF8,0XC7,0XF8,0XC7,0XF8,0XC7,0XF8,0XC7,0XF8,0XC7,0XF8,0XC7,0XF8,0XC7,0XF8,0XC7,
0XF8,0XC7,0XF8,0XC7,0XF8,0XC7,0XF8,0XC7,0XF8,0XBF,0XF8,0XBF,0XF7,0XC7,0XF8,0XC7,
0XF8,0XC7,0XF7,0XC7,0XF8,0XBF,0XF8,0XC7,0XD7,0XC7,0XF7,0XC7,0XF8,0XC7,0XD9,0XC7,
0XF7,0XBF,0XF7,0XBF,0XB4,0XD7,0XAD,0XEE,0X6A,0XFE,0X6A,0XFE,0X6B,0XFE,0X6A,0XFE,
0X6A,0XFE,0X6A,0XFE,0X6A,0XFE,0X6A,0XFE,0X6A,0XFE,0X6A,0XFE,0X6A,0XFE,0X6A,0XFE,
0X6A,0XFE,0X8A,0XFE,0X8A,0XFE,0X8A,0XFE,0X8A,0XFE,0X6A,0XFE,0X6A,0XFE,0X6B,0XFE,
0X6A,0XFE,0X8A,0XFE,0X8B,0XFE,0X8A,0XFE,0X8D,0XEE,0X93,0XDF,0XF8,0XC7,0XF7,0XC7,
0XF8,0XBF,0XF7,0XBF,0XF7,0XBF,0XF7,0XC7,0XF7,0XC7,0XF7,0XBF,0XF7,0XC7,0XF7,0XC7,
0XF8,0XC7,0XF8,0XC7,0XF8,0XC7,0XF8,0XC7,0XF8,0XC7,0XF8,0XC7,0XF8,0XC7,0XF8,0XC7,
0XF8,0XC7,0XF8,0XC7,0XF8,0XC7,0XF8,0XC7,0XF8,0XC7,0XF8,0XC7,0XF8,0XC7,0XF8,0XC7,
0XF8,0XC7,0XF8,0XC7,0XF8,0XC7,0XF8,0XC7,0XF8,0XC7,0XF8,0XC7,0XF8,0XC7,0XF8,0XC7,
0XF8,0XC7,0XF8,0XC7,0XF8,0XC7,0XF8,0XC7,0XF8,0XC7,0XF8,0XC7,0XF8,0XC7,0XF8,0XC7,
0XF8,0XC7,0XF8,0XC7,0XF8,0XC7,0XF8,0XC7,0XF8,0XC7,0XF7,0XBF,0XF7,0XC7,0XF8,0XC7,
0XF8,0XBF,0XB4,0XDF,0XAE,0XE6,0X8B,0XFE,0X6A,0XFE,0X6A,0XFE,0X8A,0XFE,0X6A,0XFE,
0X6A,0XFE,0X6A,0XFE,0X6A,0XFE,0X6A,0XFE,0X6A,0XFE,0X6A,0XFE,0X6A,0XFE,0X6A,0XFE,
0X6A,0XFE,0X6A,0XFE,0X6A,0XFE,0X6A,0XFE,0X6A,0XFE,0X6A,0XFE,0X6A,0XFE,0X6A,0XFE,
0X6A,0XFE,0X6A,0XFE,0X6A,0XFE,0X6A,0XFE,0X6A,0XFE,0XAD,0XEE,0X94,0XDF,0XF8,0XC7,
0XF8,0XBF,0XF8,0XC7,0XF8,0XBF,0XF8,0XC7,0XF8,0XC7,0XF8,0XC7,0XF8,0XC7,0XF8,0XC7,
0XF8,0XC7,0XF8,0XC7,0XF8,0XC7,0XF8,0XC7,0XF8,0XC7,0XF8,0XC7,0XF8,0XC7,0XF8,0XC7,
0XF8,0XC7,0XF8,0XC7,0XF8,0XC7,0XF8,0XC7,0XF8,0XC7,0XF8,0XC7,0XF8,0XC7,0XF8,0XC7,
0XF8,0XC7,0XF8,0XC7,0XF8,0XC7,0XF8,0XC7,0XF8,0XC7,0XF8,0XC7,0XF8,0XC7,0XF8,0XC7,
0XF8,0XC7,0XF8,0XC7,0XF8,0XC7,0XF8,0XC7,0XF8,0XC7,0XF8,0XC7,0XF8,0XC7,0XF8,0XC7,
0XF8,0XC7,0XF8,0XC7,0XF8,0XC7,0XF7,0XC7,0XF8,0XBF,0XF8,0XBF,0XF8,0XBF,0XF7,0XC7,
0XD6,0XCF,0XAD,0XEE,0X6B,0XFE,0X69,0XFE,0X69,0XFE,0X8A,0XFE,0X6B,0XFE,0X6A,0XFE,
0X6A,0XFE,0X6A,0XFE,0X6A,0XFE,0X6A,0XFE,0X6A,0XFE,0X6A,0XFE,0X6A,0XFE,0X6A,0XFE,
0X6A,0XFE,0X6A,0XFE,0X6A,0XFE,0X6A,0XFE,0X6A,0XFE,0X6A,0XFE,0X6A,0XFE,0X6A,0XFE,
0X6A,0XFE,0X6A,0XFE,0X6A,0XFE,0X6A,0XFE,0X6A,0XFE,0X6A,0XFE,0XAD,0XEE,0XD5,0XCF,
0XF7,0XC7,0XF8,0XC7,0XF8,0XC7,0XF8,0XC7,0XF8,0XC7,0XF8,0XC7,0XF8,0XC7,0XF8,0XC7,
0XF8,0XC7,0XF8,0XC7,0XF8,0XC7,0XF8,0XC7,0XF8,0XC7,0XF8,0XC7,0XF8,0XC7,0XF8,0XC7,
0XF8,0XC7,0XF8,0XC7,0XF8,0XC7,0XF8,0XC7,0XF8,0XC7,0XF8,0XC7,0XF8,0XC7,0XF8,0XC7,
0XF8,0XC7,0XF8,0XC7,0XF8,0XC7,0XF8,0XC7,0XF8,0XC7,0XF8,0XC7,0XF8,0XC7,0XF8,0XC7,
0XF8,0XC7,0XF8,0XC7,0XF8,0XC7,0XF8,0XC7,0XF8,0XC7,0XF8,0XC7,0XF8,0XC7,0XF8,0XC7,
0XF8,0XC7,0XF8,0XC7,0XF8,0XC7,0XF7,0XC7,0XF7,0XC7,0XF8,0XC7,0XF7,0XC7,0XF7,0XC7,
0XCF,0XE6,0X6B,0XFE,0X6A,0XFE,0X89,0XFE,0X6A,0XFE,0X6B,0XFE,0X6A,0XFE,0X8A,0XFE,
0X6A,0XFE,0X6A,0XFE,0X6A,0XFE,0X6A,0XFE,0X6A,0XFE,0X6A,0XFE,0X6A,0XFE,0X6A,0XFE,
0X6A,0XFE,0X6A,0XFE,0X6A,0XFE,0X6A,0XFE,0X6A,0XFE,0X6A,0XFE,0X6A,0XFE,0X6A,0XFE,
0X6A,0XFE,0X6A,0XFE,0X6A,0XFE,0X8A,0XFE,0X8A,0XFE,0X69,0XFE,0X6A,0XFE,0XAE,0XEE,
0XD6,0XCF,0XF8,0XBF,0XF8,0XC7,0XF8,0XC7,0XF8,0XC7,0XF8,0XC7,0XF8,0XC7,0XF8,0XC7,
0XF8,0XC7,0XF8,0XC7,0XF8,0XC7,0XF8,0XC7,0XF8,0XC7,0XF8,0XC7,0XF8,0XC7,0XF8,0XC7,
0XF8,0XC7,0XF8,0XC7,0XF8,0XC7,0XF8,0XC7,0XF8,0XC7,0XF8,0XC7,0XF8,0XC7,0XF8,0XC7,
0XF8,0XC7,0XF8,0XC7,0XF8,0XC7,0XF8,0XC7,0XF8,0XC7,0XF8,0XC7,0XF8,0XC7,0XF8,0XC7,
0XF8,0XC7,0XF8,0XC7,0XF8,0XC7,0XF8,0XC7,0XF8,0XC7,0XF8,0XC7,0XF8,0XC7,0XF8,0XC7,
0XF8,0XC7,0XF8,0XC7,0XF8,0XC7,0XF7,0XBF,0XF7,0XC7,0XD8,0XCF,0XF7,0XBF,0X72,0XDF,
0X6A,0XFE,0X6A,0XFE,0X6A,0XFE,0X8A,0XFE,0X6B,0XFE,0X6B,0XFE,0X6A,0XFE,0X8A,0XFE,
0X6A,0XFE,0X6A,0XFE,0X6A,0XFE,0X6A,0XFE,0X6A,0XFE,0X6A,0XFE,0X6A,0XFE,0X6A,0XFE,
0X6A,0XFE,0X6A,0XFE,0X6A,0XFE,0X6A,0XFE,0X6A,0XFE,0X6A,0XFE,0X6A,0XFE,0X6A,0XFE,
0X6A,0XFE,0X6A,0XFE,0X6A,0XFE,0X6A,0XFE,0X8A,0XFE,0X6B,0XFE,0X69,0XFE,0X6A,0XFE,
0X52,0XDF,0XF8,0XC7,0XF8,0XC7,0XF8,0XC7,0XF8,0XC7,0XF8,0XC7,0XF8,0XC7,0XF8,0XC7,
0XF8,0XC7,0XF8,0XC7,0XF8,0XC7,0XF8,0XC7,0XF8,0XC7,0XF8,0XC7,0XF8,0XC7,0XF8,0XC7,
0XF8,0XC7,0XF8,0XC7,0XF8,0XC7,0XF8,0XC7,0XF8,0XC7,0XF8,0XC7,0XF8,0XC7,0XF8,0XC7,
0XF8,0XC7,0XF8,0XC7,0XF8,0XC7,0XF8,0XC7,0XF8,0XC7,0XF8,0XC7,0XF8,0XC7,0XF8,0XC7,
0XF8,0XC7,0XF8,0XC7,0XF8,0XC7,0XF8,0XC7,0XF8,0XC7,0XF8,0XC7,0XF8,0XC7,0XF8,0XC7,
0XF8,0XC7,0XF8,0XC7,0XF8,0XC7,0XF7,0XC7,0XF8,0XBF,0XF7,0XC7,0XD6,0XD7,0XAC,0XEE,
0X6A,0XFE,0X6A,0XFE,0X8A,0XFE,0X6B,0XFE,0X6A,0XFE,0X6A,0XFE,0X6A,0XFE,0X8A,0XFE,
0X6A,0XFE,0X6A,0XFE,0X6A,0XFE,0X6A,0XFE,0X6A,0XFE,0X6A,0XFE,0X6A,0XFE,0X6A,0XFE,
0X6A,0XFE,0X6A,0XFE,0X6A,0XFE,0X6A,0XFE,0X6A,0XFE,0X6A,0XFE,0X6A,0XFE,0X6A,0XFE,
0X6A,0XFE,0X6A,0XFE,0X6A,0XFE,0X8A,0XFE,0X6A,0XFE,0X6B,0XFE,0X6A,0XFE,0X8A,0XFE,
0X8B,0XEE,0X95,0XDF,0XF7,0XC7,0XF8,0XC7,0XF8,0XC7,0XF8,0XC7,0XF8,0XC7,0XF8,0XBF,
0XF8,0XC7,0XF8,0XC7,0XF8,0XC7,0XF8,0XC7,0XF8,0XC7,0XF8,0XC7,0XF8,0XC7,0XF8,0XC7,
0XF8,0XC7,0XF8,0XC7,0XF8,0XC7,0XF8,0XC7,0XF8,0XC7,0XF8,0XC7,0XF8,0XC7,0XF8,0XC7,
0XF8,0XC7,0XF8,0XC7,0XF8,0XC7,0XF8,0XC7,0XF8,0XC7,0XF8,0XC7,0XF8,0XC7,0XF8,0XC7,
0XF8,0XC7,0XF8,0XC7,0XF8,0XC7,0XF8,0XC7,0XF8,0XC7,0XF8,0XC7,0XF8,0XC7,0XF8,0XC7,
0XF8,0XC7,0XF8,0XC7,0XF7,0XC7,0XF7,0XC7,0XF8,0XC7,0XF8,0XBF,0X31,0XDF,0X6B,0XFE,
0X8A,0XFE,0X6A,0XFE,0X6A,0XFE,0X6A,0XFE,0X8A,0XFE,0X8A,0XFE,0X8A,0XFE,0X6A,0XFE,
0X6A,0XFE,0X6A,0XFE,0X6A,0XFE,0X6A,0XFE,0X6A,0XFE,0X6A,0XFE,0X6A,0XFE,0X6A,0XFE,
0X6A,0XFE,0X6A,0XFE,0X6A,0XFE,0X6A,0XFE,0X6A,0XFE,0X6A,0XFE,0X6A,0XFE,0X6A,0XFE,
0X6A,0XFE,0X6A,0XFE,0X6A,0XFE,0X6A,0XFE,0X6A,0XFE,0X8B,0XFE,0X6A,0XFE,0X6A,0XFE,
0X6B,0XF6,0XEE,0XE6,0XF7,0XC7,0XF7,0XC7,0XF8,0XC7,0XF8,0XC7,0XF8,0XBF,0XF8,0XBF,
0XF8,0XC7,0XF8,0XC7,0XF8,0XC7,0XF8,0XC7,0XF8,0XC7,0XF8,0XC7,0XF8,0XC7,0XF8,0XC7,
0XF8,0XC7,0XF7,0XC7,0XF7,0XC7,0XF7,0XC7,0XF8,0XC7,0XF8,0XC7,0XF8,0XC7,0XF8,0XC7,
0XF7,0XC7,0XF8,0XC7,0XF8,0XC7,0XF8,0XC7,0XF8,0XC7,0XF7,0XC7,0XF7,0XC7,0XF8,0XC7,
0XF8,0XC7,0XF8,0XC7,0XF8,0XC7,0XF8,0XC7,0XF8,0XC7,0XF8,0XBF,0XF8,0XC7,0XF8,0XC7,
0XF8,0XBF,0XF8,0XBF,0XF7,0XBF,0XF7,0XC7,0XF9,0XC7,0XB5,0XCF,0XAC,0XF6,0X6B,0XFE,
0X89,0XFE,0X6A,0XFE,0X6A,0XFE,0X6A,0XFE,0X6A,0XFE,0X6A,0XFE,0X6A,0XFE,0X6A,0XFE,
0X6A,0XFE,0X6A,0XFE,0X6A,0XFE,0X6A,0XFE,0X6A,0XFE,0X6A,0XFE,0X6A,0XFE,0X6A,0XFE,
0X6A,0XFE,0X6A,0XFE,0X6A,0XFE,0X6A,0XFE,0X6A,0XFE,0X6A,0XFE,0X6A,0XFE,0X6A,0XFE,
0X6A,0XFE,0X6A,0XFE,0X6A,0XFE,0X6A,0XFE,0X6A,0XFE,0X6A,0XFE,0X6A,0XFE,0X6A,0XFE,
0X6A,0XFE,0X8B,0XF6,0XB5,0XD7,0XF8,0XBF,0XF7,0XC7,0XF7,0XC7,0XF8,0XC7,0XF8,0XC7,
0XF8,0XC7,0XF8,0XC7,0XF8,0XC7,0XF8,0XC7,0XF8,0XC7,0XF8,0XC7,0XF8,0XBF,0XF8,0XBF,
0XF8,0XC7,0XF7,0XC7,0XF7,0XC7,0XF7,0XC7,0XF7,0XC7,0XF8,0XC7,0XF8,0XC7,0XF8,0XC7,
0XF7,0XC7,0XF7,0XC7,0XF7,0XC7,0XF7,0XC7,0XF7,0XC7,0XF7,0XC7,0XF7,0XC7,0XF7,0XC7,
0XF7,0XC7,0XF7,0XC7,0XF7,0XC7,0XF7,0XC7,0XF7,0XC7,0XF7,0XC7,0XF7,0XBF,0XF7,0XBF,
0XF8,0XBF,0XF8,0XC7,0XD7,0XCF,0XF7,0XC7,0XF8,0XC7,0X94,0XDF,0X8B,0XF6,0X6A,0XFE,
0X8A,0XFE,0X6A,0XFE,0X6A,0XFE,0X6A,0XFE,0X6A,0XFE,0X6A,0XFE,0X6A,0XFE,0X6A,0XFE,
0X6A,0XFE,0X6A,0XFE,0X6A,0XFE,0X6A,0XFE,0X6A,0XFE,0X6A,0XFE,0X6A,0XFE,0X6A,0XFE,
0X6A,0XFE,0X6A,0XFE,0X6A,0XFE,0X6A,0XFE,0X6A,0XFE,0X6A,0XFE,0X6A,0XFE,0X6A,0XFE,
0X6A,0XFE,0X6A,0XFE,0X6A,0XFE,0X6A,0XFE,0X6A,0XFE,0X6A,0XFE,0X6A,0XFE,0X6A,0XFE,
0X6A,0XFE,0X8B,0XFE,0X52,0XDF,0XF7,0XC7,0XF7,0XC7,0XF7,0XC7,0XF8,0XC7,0XF7,0XC7,
0XF7,0XBF,0XF7,0XBF,0XF7,0XBF,0XF7,0XBF,0XF7,0XBF,0XF7,0XBF,0XF7,0XC7,0XF8,0XC7,
0XF8,0XC7,0XF8,0XC7,0XF8,0XC7,0XF8,0XC7,0XF8,0XC7,0XF8,0XC7,0XF8,0XC7,0XF8,0XC7,
0XF8,0XBF,0XF7,0XBF,0XF7,0XC7,0XF7,0XC7,0XF8,0XBF,0XF8,0XBF,0XF8,0XBF,0XF8,0XC7,
0XF8,0XBF,0XF8,0XBF,0XF8,0XC7,0XF8,0XC7,0XF8,0XC7,0XF7,0XC7,0XF7,0XC7,0XF7,0XBF,
0XF7,0XBF,0XF8,0XC7,0XF8,0XC7,0XF8,0XC7,0XF7,0XC7,0XF0,0XE6,0X8A,0XFE,0X6A,0XFE,
0X6A,0XFE,0X6A,0XFE,0X6A,0XFE,0X6A,0XFE,0X6A,0XFE,0X6A,0XFE,0X6A,0XFE,0X6A,0XFE,
0X6A,0XFE,0X6A,0XFE,0X6A,0XFE,0X6A,0XFE,0X6A,0XFE,0X6A,0XFE,0X6A,0XFE,0X6A,0XFE,
0X6A,0XFE,0X6A,0XFE,0X6A,0XFE,0X6A,0XFE,0X6A,0XFE,0X6A,0XFE,0X6A,0XFE,0X6A,0XFE,
0X6A,0XFE,0X6A,0XFE,0X6A,0XFE,0X6A,0XFE,0X6A,0XFE,0X6A,0XFE,0X6A,0XFE,0X6A,0XFE,
0X6A,0XFE,0X6A,0XFE,0XCE,0XE6,0XF7,0XCF,0XF7,0XC7,0XF8,0XBF,0XF7,0XC7,0XF7,0XC7,
0XF7,0XC7,0XF7,0XC7,0XF8,0XBF,0XF8,0XBF,0XF8,0XC7,0XF8,0XC7,0XF7,0XC7,0XF7,0XC7,
0XF8,0XBF,0XF8,0XBF,0XF8,0XBF,0XF8,0XC7,0XF8,0XC7,0XF8,0XC7,0XF8,0XC7,0XF8,0XC7,
0XF8,0XC7,0XF8,0XC7,0XF7,0XC7,0XF7,0XC7,0XF7,0XC7,0XF7,0XC7,0XF7,0XC7,0XF7,0XBF,
0XF7,0XBF,0XF7,0XBF,0XF7,0XBF,0XF7,0XBF,0XF7,0XBF,0XF8,0XC7,0XF8,0XBF,0XF8,0XC7,
0XF7,0XC7,0XF7,0XC7,0XF8,0XBF,0XF8,0XC7,0XF6,0XC7,0XAD,0XF6,0X69,0XFE,0X6A,0XFE,
0X6A,0XFE,0X8A,0XFE,0X6A,0XFE,0X6A,0XFE,0X6A,0XFE,0X6A,0XFE,0X6A,0XFE,0X6A,0XFE,
0X6A,0XFE,0X6A,0XFE,0X6A,0XFE,0X6A,0XFE,0X6A,0XFE,0X6A,0XFE,0X6A,0XFE,0X6A,0XFE,
0X6A,0XFE,0X6A,0XFE,0X6A,0XFE,0X6A,0XFE,0X6A,0XFE,0X6A,0XFE,0X6A,0XFE,0X6A,0XFE,
0X6A,0XFE,0X6A,0XFE,0X6A,0XFE,0X6A,0XFE,0X6A,0XFE,0X6A,0XFE,0X6A,0XFE,0X6A,0XFE,
0X6A,0XFE,0X6A,0XFE,0X8C,0XF6,0XD5,0XD7,0XF7,0XC7,0XF8,0XBF,0XF8,0XC7,0XF7,0XC7,
0XF8,0XC7,0XF8,0XC7,0XF8,0XC7,0XF8,0XC7,0XF7,0XC7,0XF7,0XC7,0XF7,0XC7,0XF7,0XBF,
0XF8,0XBF,0XF8,0XBF,0XF7,0XC7,0XF7,0XC7,0XF7,0XC7,0XF8,0XC7,0XF8,0XC7,0XF8,0XC7,
0XF8,0XC7,0XF8,0XBF,0XF8,0XBF,0XF8,0XBF,0XF8,0XBF,0XF8,0XC7,0XF8,0XC7,0XF8,0XC7,
0XF8,0XC7,0XF8,0XC7,0XF8,0XC7,0XF8,0XC7,0XF7,0XC7,0XF7,0XBF,0XF8,0XBF,0XF9,0XC7,
0XD8,0XC7,0XF7,0XCF,0XF8,0XC7,0XF8,0XC7,0XF6,0XD7,0X6B,0XFE,0X6A,0XFE,0X6B,0XFE,
0X6A,0XFE,0X8A,0XFE,0X6A,0XFE,0X6A,0XFE,0X6A,0XFE,0X6A,0XFE,0X6A,0XFE,0X6A,0XFE,
0X6A,0XFE,0X6A,0XFE,0X6A,0XFE,0X6A,0XFE,0X6A,0XFE,0X6A,0XFE,0X6A,0XFE,0X6A,0XFE,
0X6A,0XFE,0X6A,0XFE,0X6A,0XFE,0X6A,0XFE,0X6A,0XFE,0X6A,0XFE,0X6A,0XFE,0X6A,0XFE,
0X6A,0XFE,0X6A,0XFE,0X6A,0XFE,0X6A,0XFE,0X6A,0XFE,0X6A,0XFE,0X6A,0XFE,0X6A,0XFE,
0X6A,0XFE,0X6A,0XFE,0X6B,0XFE,0X93,0XD7,0XF7,0XC7,0XF8,0XBF,0XF8,0XC7,0XF7,0XC7,
0XF7,0XBF,0XF7,0XBF,0XF7,0XC7,0XF7,0XC7,0XF8,0XC7,0XF8,0XBF,0XF8,0XC7,0XF8,0XC7,
0XF8,0XBF,0XF7,0XC7,0XD7,0XCF,0XF8,0XC7,0XF8,0XBF,0XF8,0XC7,0XF8,0XC7,0XF8,0XC7,
0XF7,0XC7,0XF7,0XC7,0XF7,0XC7,0XF7,0XC7,0XB5,0XCF,0X94,0XD7,0X94,0XDF,0X94,0XD7,
0X94,0XD7,0X94,0XD7,0X94,0XD7,0X94,0XD7,0X94,0XDF,0XB4,0XD7,0XF7,0XCF,0XF8,0XBF,
0XF8,0XC7,0XF7,0XC7,0XF8,0XC7,0XF8,0XC7,0XB4,0XD7,0X6A,0XFE,0X8A,0XFE,0X6B,0XFE,
0X8A,0XFE,0X6A,0XFE,0X6A,0XFE,0X6A,0XFE,0X6A,0XFE,0X6A,0XFE,0X6A,0XFE,0X6A,0XFE,
0X6A,0XFE,0X6A,0XFE,0X6A,0XFE,0X6A,0XFE,0X6A,0XFE,0X6A,0XFE,0X6A,0XFE,0X6A,0XFE,
0X6A,0XFE,0X6A,0XFE,0X6A,0XFE,0X6A,0XFE,0X6A,0XFE,0X6A,0XFE,0X6A,0XFE,0X6A,0XFE,
0X6A,0XFE,0X6A,0XFE,0X6A,0XFE,0X6A,0XFE,0X6A,0XFE,0X6A,0XFE,0X6A,0XFE,0X6A,0XFE,
0X6A,0XFE,0X6A,0XFE,0X6A,0XFE,0X51,0XD7,0XF7,0XC7,0XF7,0XC7,0XF8,0XBF,0XF8,0XC7,
0XF8,0XC7,0XF7,0XCF,0XB5,0XD7,0X94,0XDF,0X94,0XDF,0X94,0XD7,0X94,0XDF,0XB3,0XD7,
0XB3,0XD7,0XB3,0XDF,0X94,0XD7,0XB5,0XCF,0XF7,0XC7,0XF8,0XC7,0XF8,0XC7,0XF8,0XC7,
0XF7,0XC7,0XF7,0XBF,0XF7,0XCF,0XF0,0XDE,0X8C,0XF6,0X8B,0XFE,0X8B,0XFE,0X8B,0XFE,
0X8B,0XFE,0X8B,0XFE,0X8B,0XFE,0X8B,0XFE,0X8B,0XFE,0X8C,0XF6,0X31,0XDF,0XF8,0XBF,
0XF8,0XC7,0XF7,0XC7,0XF8,0XBF,0XF8,0XBF,0X73,0XD7,0X6A,0XFE,0X8A,0XFE,0X6B,0XFE,
0X6A,0XFE,0X6A,0XFE,0X6A,0XFE,0X6A,0XFE,0X6A,0XFE,0X6A,0XFE,0X6A,0XFE,0X6A,0XFE,
0X6A,0XFE,0X6A,0XFE,0X6A,0XFE,0X6A,0XFE,0X6A,0XFE,0X6A,0XFE,0X6A,0XFE,0X6A,0XFE,
0X6A,0XFE,0X6A,0XFE,0X6A,0XFE,0X6A,0XFE,0X6A,0XFE,0X6A,0XFE,0X6A,0XFE,0X6A,0XFE,
0X6A,0XFE,0X6A,0XFE,0X6A,0XFE,0X6A,0XFE,0X6A,0XFE,0X6A,0XFE,0X6A,0XFE,0X6A,0XFE,
0X6A,0XFE,0X6A,0XFE,0X6B,0XFE,0X10,0XDF,0XF7,0XC7,0XF7,0XC7,0XF8,0XC7,0XF7,0XC7,
0XF7,0XC7,0X10,0XD7,0X8B,0XF6,0X8B,0XF6,0X6B,0XFE,0X8B,0XFE,0X8B,0XFE,0X8B,0XF6,
0X8B,0XF6,0X8B,0XF6,0X8B,0XF6,0X8C,0XF6,0XEE,0XE6,0XF6,0XCF,0XF8,0XBF,0XF8,0XBF,
0XF8,0XC7,0XF7,0XBF,0XB5,0XD7,0X8C,0XF6,0X69,0XFE,0X8B,0XFE,0X6B,0XFE,0X6A,0XFE,
0X6A,0XFE,0X6A,0XFE,0X6A,0XFE,0X6A,0XFE,0X8A,0XFE,0X6A,0XFE,0X8C,0XF6,0XD6,0XCF,
0XF8,0XC7,0XF7,0XC7,0XF8,0XC7,0XF8,0XC7,0X53,0XDF,0X6A,0XFE,0X8A,0XFE,0X6B,0XFE,
0X6A,0XFE,0X8A,0XFE,0X6A,0XFE,0X6A,0XFE,0X6A,0XFE,0X6A,0XFE,0X6A,0XFE,0X6A,0XFE,
0X6A,0XFE,0X6A,0XFE,0X6A,0XFE,0X6A,0XFE,0X6A,0XFE,0X6A,0XFE,0X6A,0XFE,0X6A,0XFE,
0X6A,0XFE,0X6A,0XFE,0X6A,0XFE,0X6A,0XFE,0X6A,0XFE,0X6A,0XFE,0X6A,0XFE,0X6A,0XFE,
0X6A,0XFE,0X6A,0XFE,0X6A,0XFE,0X6A,0XFE,0X6A,0XFE,0X6A,0XFE,0X6A,0XFE,0X6A,0XFE,
0X6A,0XFE,0X6A,0XFE,0X6B,0XFE,0XF0,0XE6,0XF7,0XC7,0XF8,0XBF,0XF8,0XC7,0XF7,0XC7,
0XD5,0XCF,0X8B,0XF6,0X6A,0XFE,0X6B,0XFE,0X6B,0XFE,0X6A,0XFE,0X4A,0XFE,0X4A,0XFE,
0X6B,0XFE,0X6A,0XFE,0X6A,0XFE,0X6A,0XFE,0X8C,0XEE,0XD5,0XD7,0XF7,0XC7,0XF8,0XBF,
0XF9,0XC7,0XF7,0XBF,0X94,0XDF,0X6B,0XFE,0X69,0XFE,0X6B,0XFE,0X6A,0XFE,0X6A,0XFE,
0X6A,0XFE,0X6A,0XFE,0X6A,0XFE,0X6A,0XFE,0X6A,0XFE,0X6A,0XFE,0X6C,0XFE,0XD5,0XD7,
0XF7,0XBF,0XF7,0XC7,0XF8,0XBF,0XF7,0XC7,0X53,0XD7,0X6A,0XFE,0X6A,0XFE,0X6B,0XFE,
0X6A,0XFE,0X6A,0XFE,0X6A,0XFE,0X6A,0XFE,0X6A,0XFE,0X6A,0XFE,0X6A,0XFE,0X6A,0XFE,
0X6A,0XFE,0X6A,0XFE,0X6A,0XFE,0X6A,0XFE,0X6A,0XFE,0X6A,0XFE,0X6A,0XFE,0X6A,0XFE,
0X6A,0XFE,0X6A,0XFE,0X6A,0XFE,0X6A,0XFE,0X6A,0XFE,0X6A,0XFE,0X6A,0XFE,0X6A,0XFE,
0X6A,0XFE,0X6A,0XFE,0X6A,0XFE,0X6A,0XFE,0X6A,0XFE,0X6A,0XFE,0X6A,0XFE,0X6A,0XFE,
0X6A,0XFE,0X6A,0XFE,0X6A,0XFE,0X10,0XDF,0XF7,0XC7,0XF8,0XBF,0XF8,0XC7,0XF7,0XC7,
0XD6,0XCF,0X6C,0XFE,0X6A,0XFE,0X6A,0XFE,0X89,0XFE,0X89,0XFE,0X6A,0XFE,0X8A,0XFE,
0X6A,0XFE,0X6A,0XFE,0X69,0XFE,0X6A,0XFE,0X8C,0XF6,0XB5,0XD7,0XF7,0XC7,0XF8,0XC7,
0XF8,0XC7,0XF7,0XC7,0XD6,0XCF,0XCE,0XDE,0X8B,0XF6,0X6A,0XFE,0X6A,0XFE,0X6A,0XFE,
0X6A,0XFE,0X6A,0XFE,0X6A,0XFE,0X6A,0XFE,0X6B,0XFE,0X8B,0XFE,0XF0,0XDE,0XD8,0XC7,
0XF8,0XBF,0XF7,0XBF,0XF7,0XBF,0XF7,0XC7,0X73,0XD7,0X8A,0XFE,0X6A,0XFE,0X6B,0XFE,
0X6A,0XFE,0X6A,0XFE,0X6A,0XFE,0X6A,0XFE,0X6A,0XFE,0X6A,0XFE,0X6A,0XFE,0X6A,0XFE,
0X6A,0XFE,0X6A,0XFE,0X6A,0XFE,0X6A,0XFE,0X6A,0XFE,0X6A,0XFE,0X6A,0XFE,0X6A,0XFE,
0X6A,0XFE,0X6A,0XFE,0X6A,0XFE,0X6A,0XFE,0X6A,0XFE,0X6A,0XFE,0X6A,0XFE,0X6A,0XFE,
0X6A,0XFE,0X6A,0XFE,0X6A,0XFE,0X6A,0XFE,0X6A,0XFE,0X6A,0XFE,0X6A,0XFE,0X6A,0XFE,
0X6A,0XFE,0X6A,0XFE,0X6A,0XFE,0X10,0XD7,0XF7,0XC7,0XF8,0XC7,0XF7,0XC7,0XF8,0XC7,
0XD7,0XCF,0XD0,0XDE,0X6A,0XFE,0X8B,0XFE,0X69,0XFE,0X8B,0XFE,0X8B,0XFE,0X8A,0XFE,
0X8A,0XFE,0X6A,0XFE,0X8A,0XFE,0X8B,0XF6,0XCE,0XE6,0XD6,0XCF,0XF7,0XC7,0XF8,0XC7,
0XF7,0XC7,0XF7,0XC7,0XF8,0XBF,0XF6,0XC7,0X74,0XDF,0X73,0XDF,0X72,0XDF,0X72,0XDF,
0X72,0XDF,0X72,0XDF,0X72,0XDF,0X72,0XDF,0X73,0XDF,0X94,0XD7,0XF5,0XC7,0XF8,0XBF,
0XF8,0XC7,0XF8,0XC7,0XF7,0XC7,0XF7,0XC7,0XB4,0XD7,0X8B,0XFE,0X6A,0XFE,0X6A,0XFE,
0X6A,0XFE,0X6A,0XFE,0X6A,0XFE,0X6A,0XFE,0X6A,0XFE,0X6A,0XFE,0X6A,0XFE,0X6A,0XFE,
0X6A,0XFE,0X6A,0XFE,0X6A,0XFE,0X6A,0XFE,0X6A,0XFE,0X6A,0XFE,0X6A,0XFE,0X6A,0XFE,
0X6A,0XFE,0X6A,0XFE,0X6A,0XFE,0X6A,0XFE,0X6A,0XFE,0X6A,0XFE,0X6A,0XFE,0X6A,0XFE,
0X6A,0XFE,0X6A,0XFE,0X6A,0XFE,0X6A,0XFE,0X6A,0XFE,0X6A,0XFE,0X6A,0XFE,0X6A,0XFE,
0X6A,0XFE,0X6A,0XFE,0X6A,0XFE,0X72,0XD7,0XF8,0XC7,0XF8,0XC7,0XF7,0XC7,0XF8,0XC7,
0XF7,0XBF,0XF6,0XC7,0X94,0XD7,0X72,0XDF,0X54,0XE7,0X53,0XE7,0X72,0XE7,0X52,0XE7,
0X53,0XE7,0X73,0XE7,0X73,0XDF,0X94,0XD7,0XD6,0XCF,0XF8,0XC7,0XF8,0XBF,0XF8,0XBF,
0XF8,0XBF,0XF7,0XC7,0XF8,0XBF,0XF7,0XC7,0XD7,0XCF,0XF7,0XC7,0XF7,0XC7,0XF7,0XC7,
0XF7,0XC7,0XF7,0XC7,0XF7,0XC7,0XF7,0XC7,0XF8,0XC7,0XF8,0XBF,0XF7,0XBF,0XF7,0XC7,
0XF7,0XC7,0XF8,0XC7,0XF8,0XC7,0XF8,0XC7,0XF6,0XD7,0X8B,0XF6,0X6A,0XFE,0X6A,0XFE,
0X8A,0XFE,0X6A,0XFE,0X6A,0XFE,0X6A,0XFE,0X6A,0XFE,0X6A,0XFE,0X6A,0XFE,0X6A,0XFE,
0X6A,0XFE,0X6A,0XFE,0X6A,0XFE,0X6A,0XFE,0X6A,0XFE,0X6A,0XFE,0X6A,0XFE,0X6A,0XFE,
0X6A,0XFE,0X6A,0XFE,0X6A,0XFE,0X6A,0XFE,0X6A,0XFE,0X6A,0XFE,0X6A,0XFE,0X6A,0XFE,
0X6A,0XFE,0X6A,0XFE,0X6A,0XFE,0X6A,0XFE,0X6A,0XFE,0X6A,0XFE,0X6A,0XFE,0X6A,0XFE,
0X6A,0XFE,0X6B,0XFE,0X8A,0XFE,0XB4,0XD7,0XF8,0XC7,0XF8,0XBF,0XF7,0XC7,0XF8,0XC7,
0XF7,0XC7,0XF7,0XBF,0XF8,0XBF,0XF7,0XC7,0XF7,0XBF,0XF7,0XC7,0XF6,0XC7,0XF7,0XC7,
0XF7,0XC7,0XF7,0XC7,0XF7,0XC7,0XF7,0XC7,0XF8,0XBF,0XF8,0XBF,0XF7,0XBF,0XF7,0XC7,
0XF8,0XC7,0XF7,0XC7,0XF8,0XBF,0XF8,0XC7,0XF8,0XBF,0XF8,0XBF,0XF8,0XC7,0XF8,0XC7,
0XF8,0XC7,0XF8,0XC7,0XF8,0XC7,0XF8,0XC7,0XF8,0XC7,0XF7,0XC7,0XF8,0XC7,0XF9,0XC7,
0XF7,0XBF,0XF7,0XBF,0XF8,0XBF,0XF8,0XBF,0XD6,0XCF,0XAC,0XEE,0X6A,0XFE,0X8A,0XFE,
0X8A,0XFE,0X6A,0XFE,0X6A,0XFE,0X6A,0XFE,0X6A,0XFE,0X6A,0XFE,0X6A,0XFE,0X6A,0XFE,
0X6A,0XFE,0X6A,0XFE,0X6A,0XFE,0X6A,0XFE,0X6A,0XFE,0X6A,0XFE,0X6A,0XFE,0X6A,0XFE,
0X6A,0XFE,0X6A,0XFE,0X6A,0XFE,0X6A,0XFE,0X6A,0XFE,0X6A,0XFE,0X6A,0XFE,0X6A,0XFE,
0X6A,0XFE,0X6A,0XFE,0X6A,0XFE,0X6A,0XFE,0X6A,0XFE,0X6A,0XFE,0X6A,0XFE,0X6A,0XFE,
0X6A,0XFE,0X6A,0XFE,0X8B,0XF6,0XD5,0XD7,0XF8,0XC7,0XF8,0XBF,0XF7,0XC7,0XF8,0XC7,
0XF8,0XBF,0XF8,0XC7,0XD8,0XCF,0XF8,0XBF,0XF7,0XC7,0XF8,0XC7,0XF8,0XC7,0XF8,0XC7,
0XF8,0XBF,0XF8,0XC7,0XF7,0XC7,0XF7,0XC7,0XF7,0XBF,0XF7,0XC7,0XF7,0XC7,0XF7,0XC7,
0XF8,0XC7,0XF8,0XC7,0XF8,0XC7,0XF8,0XC7,0XF8,0XC7,0XF8,0XC7,0XF8,0XC7,0XF8,0XC7,
0XF8,0XC7,0XF8,0XC7,0XF8,0XC7,0XF8,0XC7,0XF8,0XC7,0XF8,0XC7,0XF8,0XC7,0XF8,0XC7,
0XF8,0XC7,0XF8,0XC7,0XF8,0XC7,0XF7,0XBF,0XF7,0XC7,0XEF,0XEE,0X6B,0XFE,0X8A,0XFE,
0X6A,0XFE,0X6A,0XFE,0X6A,0XFE,0X6A,0XFE,0X6A,0XFE,0X6A,0XFE,0X6A,0XFE,0X6A,0XFE,
0X6A,0XFE,0X6A,0XFE,0X6A,0XFE,0X6A,0XFE,0X6A,0XFE,0X6A,0XFE,0X6A,0XFE,0X6A,0XFE,
0X6A,0XFE,0X6A,0XFE,0X6A,0XFE,0X6A,0XFE,0X6A,0XFE,0X6A,0XFE,0X6A,0XFE,0X6A,0XFE,
0X6A,0XFE,0X6A,0XFE,0X6A,0XFE,0X69,0XFE,0X6B,0XFE,0X6B,0XFE,0X69,0XFE,0X6A,0XFE,
0X6A,0XFE,0X6A,0XFE,0XAD,0XE6,0XD7,0XCF,0XF7,0XC7,0XF7,0XBF,0XF8,0XC7,0XF7,0XC7,
0XF7,0XC7,0XF8,0XC7,0XF8,0XC7,0XF8,0XC7,0XF8,0XC7,0XF8,0XC7,0XF8,0XC7,0XF8,0XC7,
0XF8,0XC7,0XF8,0XC7,0XF8,0XC7,0XF8,0XC7,0XF8,0XC7,0XF8,0XC7,0XF8,0XC7,0XF8,0XC7,
0XF8,0XC7,0XF8,0XC7,0XF8,0XC7,0XF8,0XC7,0XF8,0XC7,0XF8,0XC7,0XF8,0XC7,0XF8,0XC7,
0XF8,0XC7,0XF8,0XC7,0XF8,0XC7,0XF8,0XC7,0XF8,0XC7,0XF8,0XC7,0XF8,0XC7,0XF8,0XC7,
0XF8,0XC7,0XF8,0XC7,0XF8,0XC7,0XF8,0XC7,0XF7,0XC7,0XB4,0XDF,0X6B,0XFE,0X6A,0XFE,
0X8A,0XFE,0X6A,0XFE,0X6A,0XFE,0X6A,0XFE,0X6A,0XFE,0X6A,0XFE,0X6A,0XFE,0X6A,0XFE,
0X6A,0XFE,0X6A,0XFE,0X6A,0XFE,0X6A,0XFE,0X6A,0XFE,0X6A,0XFE,0X6A,0XFE,0X6A,0XFE,
0X6A,0XFE,0X6A,0XFE,0X6A,0XFE,0X6A,0XFE,0X6A,0XFE,0X6A,0XFE,0X6A,0XFE,0X6A,0XFE,
0X6A,0XFE,0X6A,0XFE,0X6A,0XFE,0X69,0XFE,0X6B,0XFE,0X6B,0XFE,0X8A,0XFE,0X8B,0XFE,
0X6B,0XFE,0X6B,0XFE,0X51,0XE7,0XF7,0XBF,0XD7,0XC7,0XF7,0XC7,0XF8,0XBF,0XF8,0XC7,
0XF8,0XC7,0XF8,0XC7,0XF8,0XC7,0XF8,0XC7,0XF8,0XC7,0XF8,0XC7,0XF8,0XC7,0XF8,0XC7,
0XF8,0XC7,0XF8,0XC7,0XF8,0XC7,0XF8,0XC7,0XF8,0XC7,0XF8,0XC7,0XF8,0XC7,0XF8,0XC7,
0XF8,0XC7,0XF8,0XC7,0XF8,0XC7,0XF8,0XC7,0XF8,0XC7,0XF8,0XC7,0XF8,0XC7,0XF8,0XC7,
0XF8,0XC7,0XF8,0XC7,0XF8,0XC7,0XF8,0XC7,0XF8,0XC7,0XF8,0XC7,0XF8,0XC7,0XF8,0XC7,
0XF8,0XC7,0XF8,0XC7,0XF8,0XC7,0XF8,0XC7,0XF8,0XC7,0XD6,0XC7,0XAD,0XEE,0X6B,0XFE,
0X6A,0XFE,0X6A,0XFE,0X6A,0XFE,0X6A,0XFE,0X6A,0XFE,0X6A,0XFE,0X6A,0XFE,0X6A,0XFE,
0X6A,0XFE,0X6A,0XFE,0X6A,0XFE,0X6A,0XFE,0X6A,0XFE,0X6A,0XFE,0X6A,0XFE,0X6A,0XFE,
0X6A,0XFE,0X6A,0XFE,0X6A,0XFE,0X6A,0XFE,0X6A,0XFE,0X6A,0XFE,0X6A,0XFE,0X6A,0XFE,
0X6A,0XFE,0X6A,0XFE,0X6A,0XFE,0X8A,0XFE,0X6A,0XFE,0X6A,0XFE,0X8A,0XFE,0X8B,0XFE,
0X6A,0XFE,0X8C,0XF6,0XB5,0XD7,0XF8,0XBF,0XD7,0XC7,0XF7,0XC7,0XF8,0XBF,0XF8,0XC7,
0XF8,0XC7,0XF8,0XC7,0XF8,0XC7,0XF8,0XC7,0XF8,0XC7,0XF8,0XC7,0XF8,0XC7,0XF8,0XC7,
0XF8,0XC7,0XF8,0XC7,0XF8,0XC7,0XF8,0XC7,0XF8,0XC7,0XF8,0XC7,0XF8,0XC7,0XF8,0XC7,
0XF8,0XC7,0XF8,0XC7,0XF8,0XC7,0XF8,0XC7,0XF8,0XC7,0XF8,0XC7,0XF8,0XC7,0XF8,0XC7,
0XF8,0XC7,0XF8,0XC7,0XF8,0XC7,0XF8,0XC7,0XF8,0XC7,0XF8,0XC7,0XF8,0XC7,0XF8,0XC7,
0XF8,0XC7,0XF8,0XC7,0XF8,0XC7,0XF8,0XC7,0XF7,0XC7,0XF7,0XC7,0X32,0XDF,0X6A,0XFE,
0X6A,0XFE,0X8A,0XFE,0X6A,0XFE,0X6A,0XFE,0X6A,0XFE,0X6A,0XFE,0X6A,0XFE,0X6A,0XFE,
0X6A,0XFE,0X6A,0XFE,0X6A,0XFE,0X6A,0XFE,0X6A,0XFE,0X6A,0XFE,0X6A,0XFE,0X6A,0XFE,
0X6A,0XFE,0X6A,0XFE,0X6A,0XFE,0X6A,0XFE,0X6A,0XFE,0X6A,0XFE,0X6A,0XFE,0X6A,0XFE,
0X6A,0XFE,0X6A,0XFE,0X6A,0XFE,0X8B,0XFE,0X6A,0XFE,0X6A,0XFE,0X8A,0XFE,0X6A,0XFE,
0X6A,0XFE,0XEF,0XE6,0XD7,0XC7,0XF8,0XC7,0XF7,0XC7,0XF7,0XBF,0XF8,0XC7,0XF8,0XBF,
0XF8,0XC7,0XF8,0XC7,0XF8,0XC7,0XF8,0XC7,0XF8,0XC7,0XF8,0XC7,0XF8,0XC7,0XF8,0XC7,
0XF8,0XC7,0XF8,0XC7,0XF8,0XC7,0XF8,0XC7,0XF8,0XC7,0XF8,0XC7,0XF8,0XC7,0XF8,0XC7,
0XF8,0XC7,0XF8,0XC7,0XF8,0XC7,0XF8,0XC7,0XF8,0XC7,0XF8,0XC7,0XF8,0XC7,0XF8,0XC7,
0XF8,0XC7,0XF8,0XC7,0XF8,0XC7,0XF8,0XC7,0XF8,0XC7,0XF8,0XC7,0XF8,0XC7,0XF8,0XC7,
0XF8,0XC7,0XF8,0XC7,0XF8,0XC7,0XF8,0XBF,0XF7,0XC7,0XF7,0XC7,0XF6,0XCF,0XAC,0XF6,
0X6B,0XFE,0X6A,0XFE,0X6A,0XFE,0X6A,0XFE,0X6A,0XFE,0X6A,0XFE,0X6A,0XFE,0X6A,0XFE,
0X6A,0XFE,0X6A,0XFE,0X6A,0XFE,0X6A,0XFE,0X6A,0XFE,0X6A,0XFE,0X6A,0XFE,0X6A,0XFE,
0X6A,0XFE,0X6A,0XFE,0X6A,0XFE,0X6A,0XFE,0X6A,0XFE,0X6A,0XFE,0X6A,0XFE,0X6A,0XFE,
0X6A,0XFE,0X6A,0XFE,0X6A,0XFE,0X8B,0XFE,0X6A,0XFE,0X6A,0XFE,0X6A,0XFE,0X6A,0XFE,
0X8C,0XEE,0XB4,0XD7,0XF7,0XBF,0XF8,0XC7,0XF8,0XC7,0XF8,0XBF,0XF8,0XC7,0XF8,0XBF,
0XF8,0XC7,0XF8,0XC7,0XF8,0XC7,0XF8,0XC7,0XF8,0XC7,0XF8,0XC7,0XF8,0XC7,0XF8,0XC7,
0XF8,0XC7,0XF8,0XC7,0XF8,0XC7,0XF8,0XC7,0XF8,0XC7,0XF8,0XC7,0XF8,0XC7,0XF8,0XC7,
0XF8,0XC7,0XF8,0XC7,0XF8,0XC7,0XF8,0XC7,0XF8,0XC7,0XF8,0XC7,0XF8,0XC7,0XF8,0XC7,
0XF8,0XC7,0XF8,0XC7,0XF8,0XC7,0XF8,0XC7,0XF8,0XC7,0XF8,0XC7,0XF8,0XC7,0XF8,0XC7,
0XF8,0XC7,0XF8,0XC7,0XF8,0XC7,0XF7,0XBF,0XF8,0XC7,0XF8,0XC7,0XF7,0XBF,0X52,0XDF,
0X6B,0XFE,0X6A,0XFE,0X6A,0XFE,0X6A,0XFE,0X6A,0XFE,0X6A,0XFE,0X6A,0XFE,0X6A,0XFE,
0X6A,0XFE,0X6A,0XFE,0X6A,0XFE,0X6A,0XFE,0X6A,0XFE,0X6A,0XFE,0X6A,0XFE,0X6A,0XFE,
0X6A,0XFE,0X6A,0XFE,0X6A,0XFE,0X6A,0XFE,0X6A,0XFE,0X6A,0XFE,0X6A,0XFE,0X6A,0XFE,
0X6A,0XFE,0X6A,0XFE,0X6A,0XFE,0X6A,0XFE,0X6A,0XFE,0X6B,0XFE,0X6A,0XFE,0X6B,0XFE,
0X31,0XE7,0XF7,0XC7,0XF7,0XBF,0XF7,0XC7,0XF8,0XC7,0XF8,0XBF,0XF8,0XC7,0XF7,0XC7,
0XF8,0XC7,0XF8,0XC7,0XF8,0XC7,0XF8,0XC7,0XF8,0XC7,0XF8,0XC7,0XF8,0XC7,0XF8,0XC7,
0XF8,0XC7,0XF8,0XC7,0XF8,0XC7,0XF8,0XC7,0XF8,0XC7,0XF8,0XC7,0XF8,0XC7,0XF8,0XC7,
0XF8,0XC7,0XF8,0XC7,0XF8,0XC7,0XF8,0XC7,0XF8,0XC7,0XF8,0XC7,0XF8,0XC7,0XF8,0XC7,
0XF8,0XC7,0XF8,0XC7,0XF8,0XC7,0XF8,0XC7,0XF8,0XC7,0XF8,0XC7,0XF8,0XC7,0XF8,0XC7,
0XF8,0XC7,0XF8,0XC7,0XF8,0XC7,0XF8,0XBF,0XF8,0XC7,0XF7,0XC7,0XF7,0XC7,0XD7,0XCF,
0XEF,0XE6,0X8B,0XFE,0X8B,0XFE,0X6A,0XFE,0X8A,0XFE,0X8A,0XFE,0X8A,0XFE,0X6A,0XFE,
0X6A,0XFE,0X6A,0XFE,0X6A,0XFE,0X6A,0XFE,0X6A,0XFE,0X6A,0XFE,0X6A,0XFE,0X6A,0XFE,
0X6A,0XFE,0X6A,0XFE,0X6A,0XFE,0X6A,0XFE,0X6A,0XFE,0X6A,0XFE,0X8A,0XFE,0X8A,0XFE,
0X8A,0XFE,0X8B,0XFE,0X6B,0XFE,0X6A,0XFE,0X6A,0XFE,0X49,0XFE,0X8A,0XFE,0XCE,0XEE,
0XD6,0XD7,0XF8,0XC7,0XF7,0XC7,0XF8,0XBF,0XF8,0XBF,0XF7,0XBF,0XF8,0XBF,0XF8,0XBF,
0XF8,0XC7,0XF8,0XC7,0XF8,0XC7,0XF8,0XC7,0XF8,0XC7,0XF8,0XC7,0XF8,0XC7,0XF8,0XC7,
0XF8,0XC7,0XF8,0XC7,0XF8,0XC7,0XF8,0XC7,0XF8,0XC7,0XF8,0XC7,0XF8,0XC7,0XF8,0XC7,
0XF8,0XC7,0XF8,0XC7,0XF8,0XC7,0XF8,0XC7,0XF8,0XC7,0XF8,0XC7,0XF8,0XC7,0XF8,0XC7,
0XF8,0XC7,0XF8,0XC7,0XF8,0XC7,0XF8,0XC7,0XF8,0XC7,0XF8,0XC7,0XF8,0XC7,0XF8,0XC7,
0XF8,0XC7,0XF8,0XC7,0XF8,0XC7,0XF8,0XC7,0XF8,0XBF,0XF7,0XC7,0XF8,0XBF,0XF8,0XBF,
0XD5,0XD7,0XCD,0XEE,0X6A,0XFE,0X6B,0XFE,0X6A,0XFE,0X6B,0XFE,0X6B,0XFE,0X6A,0XFE,
0X6A,0XFE,0X6A,0XFE,0X6A,0XFE,0X6A,0XFE,0X6A,0XFE,0X6A,0XFE,0X6A,0XFE,0X6A,0XFE,
0X6A,0XFE,0X6A,0XFE,0X6A,0XFE,0X6A,0XFE,0X6A,0XFE,0X6A,0XFE,0X6A,0XFE,0X6A,0XFE,
0X6A,0XFE,0X6A,0XFE,0X69,0XFE,0X6A,0XFE,0X6B,0XF6,0X6A,0XFE,0X8B,0XF6,0XB6,0XCF,
0XF8,0XBF,0XF7,0XC7,0XF7,0XC7,0XF8,0XC7,0XF8,0XC7,0XF7,0XCF,0XF7,0XCF,0XF7,0XC7,
0XF8,0XC7,0XF8,0XC7,0XF8,0XC7,0XF8,0XC7,0XF8,0XC7,0XF8,0XC7,0XF8,0XC7,0XF8,0XC7,
0XF8,0XC7,0XF8,0XC7,0XF8,0XC7,0XF8,0XC7,0XF8,0XC7,0XF8,0XC7,0XF8,0XC7,0XF8,0XC7,
0XF8,0XC7,0XF8,0XC7,0XF8,0XC7,0XF8,0XC7,0XF8,0XC7,0XF8,0XC7,0XF8,0XC7,0XF8,0XC7,
0XF8,0XC7,0XF8,0XC7,0XF8,0XC7,0XF8,0XC7,0XF8,0XC7,0XF8,0XC7,0XF8,0XC7,0XF8,0XC7,
0XF8,0XC7,0XF8,0XC7,0XF8,0XC7,0XF7,0XC7,0XF7,0XC7,0XF7,0XC7,0XF7,0XBF,0XF8,0XBF,
0XF8,0XC7,0XB5,0XD7,0XAD,0XE6,0X8B,0XFE,0X4A,0XFE,0X6B,0XFE,0X6A,0XFE,0X6A,0XFE,
0X6A,0XFE,0X6A,0XFE,0X6A,0XFE,0X6A,0XFE,0X6A,0XFE,0X6A,0XFE,0X6A,0XFE,0X6A,0XFE,
0X6A,0XFE,0X6A,0XFE,0X6A,0XFE,0X6A,0XFE,0X6A,0XFE,0X6A,0XFE,0X6A,0XFE,0X6B,0XFE,
0X6A,0XFE,0X8A,0XFE,0X8A,0XFE,0X69,0XFE,0X8B,0XFE,0XAC,0XEE,0XB4,0XD7,0XF8,0XC7,
0XF8,0XBF,0XF7,0XC7,0XF7,0XC7,0XF7,0XBF,0XF8,0XBF,0XF8,0XBF,0XF7,0XC7,0XF7,0XC7,
0XF8,0XC7,0XF8,0XC7,0XF8,0XC7,0XF8,0XC7,0XF8,0XC7,0XF8,0XC7,0XF8,0XC7,0XF8,0XC7,
0XF8,0XC7,0XF8,0XC7,0XF8,0XC7,0XF8,0XC7,0XF8,0XC7,0XF8,0XC7,0XF8,0XC7,0XF8,0XC7,
0XF8,0XC7,0XF8,0XC7,0XF8,0XC7,0XF8,0XC7,0XF8,0XC7,0XF8,0XC7,0XF8,0XC7,0XF8,0XC7,
0XF8,0XC7,0XF8,0XC7,0XF8,0XC7,0XF8,0XC7,0XF8,0XC7,0XF8,0XC7,0XF8,0XC7,0XF8,0XC7,
0XF8,0XC7,0XF8,0XC7,0XF8,0XC7,0XF8,0XC7,0XF8,0XC7,0XF7,0XC7,0XF7,0XC7,0XF7,0XC7,
0XF8,0XC7,0XF8,0XBF,0XD5,0XD7,0XCE,0XE6,0X89,0XFE,0X69,0XFE,0X6A,0XFE,0X8A,0XFE,
0X6A,0XFE,0X6A,0XFE,0X6A,0XFE,0X6A,0XFE,0X6A,0XFE,0X6A,0XFE,0X6A,0XFE,0X6A,0XFE,
0X6A,0XFE,0X6A,0XFE,0X6A,0XFE,0X6A,0XFE,0X6A,0XFE,0X6A,0XFE,0X6B,0XFE,0X8B,0XFE,
0X8A,0XFE,0X6A,0XFE,0X6B,0XFE,0X6B,0XFE,0X8B,0XF6,0XB4,0XD7,0XF7,0XC7,0XF7,0XC7,
0XF8,0XBF,0XF8,0XC7,0XF7,0XC7,0XF7,0XC7,0XF8,0XC7,0XF8,0XC7,0XF8,0XBF,0XF7,0XBF,
0XF8,0XC7,0XF8,0XC7,0XF8,0XC7,0XF8,0XC7,0XF8,0XC7,0XF8,0XC7,0XF8,0XC7,0XF8,0XC7,
0XF8,0XC7,0XF8,0XC7,0XF8,0XC7,0XF8,0XC7,0XF8,0XC7,0XF8,0XC7,0XF8,0XC7,0XF8,0XC7,
0XF8,0XC7,0XF8,0XC7,0XF8,0XC7,0XF8,0XC7,0XF8,0XC7,0XF8,0XC7,0XF8,0XC7,0XF8,0XC7,
0XF8,0XC7,0XF8,0XC7,0XF8,0XC7,0XF8,0XC7,0XF8,0XC7,0XF8,0XC7,0XF8,0XC7,0XF8,0XC7,
0XF8,0XC7,0XF8,0XC7,0XF8,0XC7,0XF8,0XBF,0XF8,0XBF,0XF8,0XBF,0XF8,0XBF,0XF7,0XC7,
0XF7,0XC7,0XF8,0XBF,0XD7,0XC7,0XD6,0XD7,0XEF,0XE6,0X8B,0XFE,0X6A,0XFE,0X6A,0XFE,
0X6A,0XFE,0X6A,0XFE,0X6A,0XFE,0X6A,0XFE,0X6A,0XFE,0X6A,0XFE,0X6A,0XFE,0X6A,0XFE,
0X6A,0XFE,0X6A,0XFE,0X6A,0XFE,0X6A,0XFE,0X6A,0XFE,0X6A,0XFE,0X8A,0XFE,0X8A,0XFE,
0X89,0XFE,0X69,0XFE,0X6B,0XFE,0XCE,0XEE,0XD6,0XCF,0XF8,0XC7,0XF7,0XC7,0XF7,0XC7,
0XF7,0XC7,0XF8,0XC7,0XD6,0XCF,0XD5,0XCF,0XF6,0XC7,0XF7,0XBF,0XF7,0XC7,0XD7,0XCF,
0XF8,0XC7,0XF8,0XC7,0XF8,0XC7,0XF8,0XC7,0XF8,0XC7,0XF8,0XC7,0XF8,0XC7,0XF8,0XC7,
0XF8,0XC7,0XF8,0XC7,0XF8,0XC7,0XF8,0XC7,0XF8,0XC7,0XF8,0XC7,0XF8,0XC7,0XF8,0XC7,
0XF8,0XC7,0XF8,0XC7,0XF8,0XC7,0XF8,0XC7,0XF8,0XC7,0XF8,0XC7,0XF8,0XC7,0XF8,0XC7,
0XF8,0XC7,0XF8,0XC7,0XF8,0XC7,0XF8,0XC7,0XF8,0XC7,0XF8,0XC7,0XF8,0XC7,0XF8,0XC7,
0XF8,0XC7,0XF8,0XC7,0XF8,0XC7,0XF7,0XC7,0XD5,0XD7,0XD6,0XCF,0XF8,0XBF,0XF8,0XBF,
0XF8,0XC7,0XF8,0XBF,0XF8,0XC7,0XD7,0XC7,0XF7,0XC7,0X73,0XDF,0X8D,0XEE,0X6B,0XFE,
0X6A,0XFE,0X6A,0XFE,0X6A,0XFE,0X6A,0XFE,0X6A,0XFE,0X6A,0XFE,0X6A,0XFE,0X6A,0XFE,
0X6A,0XFE,0X6A,0XFE,0X6A,0XFE,0X6A,0XFE,0X6A,0XFE,0X6A,0XFE,0X6A,0XFE,0X6A,0XFE,
0X6A,0XFE,0X8C,0XEE,0X51,0XE7,0XD6,0XCF,0XF8,0XBF,0XF8,0XBF,0XF8,0XBF,0XF7,0XC7,
0XB5,0XCF,0XCE,0XEE,0X4B,0XFE,0X8C,0XF6,0XEF,0XDE,0XB5,0XCF,0XF8,0XC7,0XF9,0XBF,
0XF8,0XC7,0XF8,0XC7,0XF8,0XC7,0XF8,0XC7,0XF8,0XC7,0XF8,0XC7,0XF8,0XC7,0XF8,0XC7,
0XF8,0XC7,0XF8,0XC7,0XF8,0XC7,0XF8,0XC7,0XF8,0XC7,0XF8,0XC7,0XF8,0XC7,0XF8,0XC7,
0XF8,0XC7,0XF8,0XC7,0XF8,0XC7,0XF8,0XC7,0XF8,0XC7,0XF8,0XC7,0XF8,0XC7,0XF8,0XC7,
0XF8,0XC7,0XF8,0XC7,0XF8,0XC7,0XF8,0XC7,0XF8,0XC7,0XF7,0XC7,0XF8,0XC7,0XF8,0XC7,
0XF7,0XC7,0XF7,0XBF,0XD6,0XCF,0X30,0XDF,0XCD,0XDE,0X10,0XE7,0XD6,0XCF,0XF8,0XC7,
0XF7,0XC7,0XF8,0XC7,0XF8,0XBF,0XF7,0XBF,0XF7,0XBF,0XF8,0XC7,0XD5,0XD7,0X10,0XE7,
0X8C,0XF6,0X8B,0XF6,0X8A,0XFE,0X69,0XFE,0X6A,0XFE,0X6A,0XFE,0X8B,0XFE,0X8A,0XFE,
0X6A,0XFE,0X6A,0XFE,0X6A,0XFE,0X6A,0XFE,0X6A,0XFE,0X6A,0XFE,0X6B,0XFE,0X8D,0XEE,
0X10,0XE7,0XD5,0XD7,0XF8,0XBF,0XF8,0XBF,0XF7,0XC7,0XF8,0XC7,0XF8,0XBF,0XF8,0XC7,
0XCE,0XE6,0X8A,0XFE,0X8A,0XFE,0X6A,0XFE,0X6B,0XFE,0XCF,0XEE,0XB4,0XD7,0XF7,0XBF,
0XF7,0XC7,0XF8,0XC7,0XF8,0XBF,0XF7,0XC7,0XF7,0XC7,0XF8,0XC7,0XF8,0XC7,0XF8,0XC7,
0XF8,0XC7,0XF8,0XC7,0XF8,0XC7,0XF8,0XC7,0XF8,0XC7,0XF8,0XC7,0XF8,0XC7,0XF8,0XC7,
0XF8,0XC7,0XF8,0XC7,0XF8,0XC7,0XF8,0XC7,0XF8,0XC7,0XF8,0XC7,0XF8,0XC7,0XF8,0XC7,
0XF8,0XC7,0XF8,0XC7,0XF8,0XC7,0XF8,0XC7,0XF7,0XC7,0XF7,0XC7,0XF8,0XBF,0XF7,0XC7,
0XF7,0XBF,0XF6,0XCF,0XCE,0XEE,0X8B,0XFE,0X6A,0XFE,0X6A,0XF6,0X31,0XDF,0XD7,0XCF,
0XF7,0XC7,0XF8,0XC7,0XF8,0XC7,0XF8,0XC7,0XF8,0XC7,0XF8,0XC7,0XF8,0XC7,0XF7,0XC7,
0XD6,0XD7,0X73,0XDF,0XEF,0XE6,0X8C,0XF6,0X6B,0XF6,0X6B,0XFE,0X6B,0XFE,0X6A,0XFE,
0X6A,0XFE,0X6A,0XFE,0X6A,0XFE,0X8B,0XF6,0XAC,0XF6,0XEE,0XE6,0X72,0XDF,0XD5,0XD7,
0XF7,0XC7,0XF8,0XC7,0XF8,0XC7,0XF8,0XC7,0XF7,0XC7,0XF8,0XBF,0XF8,0XC7,0XD5,0XCF,
0X6A,0XFE,0X6A,0XFE,0X6A,0XFE,0X8A,0XFE,0X6A,0XFE,0X8B,0XFE,0XAE,0XEE,0XD5,0XCF,
0XF7,0XBF,0XF7,0XC7,0XF8,0XBF,0XF7,0XBF,0XF7,0XC7,0XF8,0XC7,0XF8,0XC7,0XF8,0XC7,
0XF8,0XC7,0XF8,0XC7,0XF8,0XC7,0XF8,0XC7,0XF8,0XC7,0XF8,0XC7,0XF8,0XC7,0XF8,0XC7,
0XF8,0XC7,0XF8,0XC7,0XF8,0XC7,0XF8,0XC7,0XF8,0XC7,0XF8,0XC7,0XF8,0XC7,0XF8,0XC7,
0XF8,0XC7,0XF8,0XC7,0XF8,0XC7,0XF8,0XC7,0XF8,0XC7,0XF8,0XBF,0XF7,0XBF,0XF7,0XC7,
0XF6,0XCF,0XEF,0XE6,0X6B,0XFE,0X6A,0XFE,0X6A,0XFE,0X8A,0XFE,0XAD,0XDE,0XD6,0XCF,
0XF8,0XBF,0XF7,0XC7,0XF8,0XC7,0XF8,0XC7,0XF8,0XC7,0XF7,0XC7,0XF8,0XC7,0XF8,0XC7,
0XF8,0XC7,0XD7,0XC7,0XF7,0XC7,0XF6,0XCF,0XD5,0XD7,0X93,0XD7,0X52,0XDF,0X31,0XDF,
0X31,0XDF,0X52,0XD7,0XB3,0XD7,0XD4,0XD7,0XD5,0XCF,0XF8,0XC7,0XF8,0XC7,0XF8,0XBF,
0XF8,0XBF,0XF8,0XC7,0XF7,0XC7,0XF8,0XBF,0XF7,0XC7,0XF8,0XBF,0XF7,0XC7,0XD6,0XC7,
0X8B,0XF6,0X6A,0XFE,0X8A,0XFE,0X89,0XFE,0X6B,0XFE,0X6A,0XFE,0X6A,0XFE,0XCE,0XEE,
0XD6,0XCF,0XF7,0XC7,0XD8,0XC7,0XF7,0XBF,0XF8,0XBF,0XF8,0XC7,0XF8,0XBF,0XF8,0XC7,
0XF8,0XC7,0XF8,0XC7,0XF8,0XC7,0XF8,0XC7,0XF8,0XC7,0XF8,0XC7,0XF8,0XC7,0XF8,0XC7,
0XF8,0XC7,0XF8,0XC7,0XF8,0XC7,0XF8,0XC7,0XF8,0XC7,0XF8,0XC7,0XF8,0XC7,0XF8,0XC7,
0XF8,0XC7,0XF8,0XC7,0XF8,0XC7,0XF8,0XC7,0XF8,0XC7,0XF8,0XC7,0XF7,0XC7,0XD6,0XCF,
0XEF,0XE6,0X6A,0XFE,0X6A,0XFE,0X6A,0XFE,0X6B,0XFE,0X69,0XFE,0X31,0XDF,0XF8,0XC7,
0XF7,0XC7,0XF7,0XC7,0XF8,0XC7,0XF8,0XC7,0XF8,0XC7,0XF8,0XC7,0XF8,0XC7,0XF7,0XC7,
0XF7,0XC7,0XF7,0XBF,0XF8,0XBF,0XF8,0XBF,0XF8,0XC7,0XF8,0XC7,0XF7,0XC7,0XF7,0XC7,
0XF7,0XC7,0XF7,0XC7,0XF8,0XBF,0XF9,0XBF,0XF9,0XBF,0XF8,0XC7,0XF8,0XC7,0XF7,0XC7,
0XF7,0XC7,0XF8,0XC7,0XF8,0XBF,0XF8,0XBF,0XF8,0XC7,0XF8,0XC7,0XF7,0XC7,0XF8,0XC7,
0XEF,0XE6,0X8A,0XFE,0X6A,0XFE,0X6B,0XFE,0X8B,0XF6,0X6A,0XFE,0X6A,0XFE,0X6A,0XFE,
0XCE,0XE6,0XB6,0XD7,0XF8,0XC7,0XF7,0XC7,0XF7,0XBF,0XF8,0XBF,0XF8,0XC7,0XF8,0XC7,
0XF8,0XC7,0XF8,0XC7,0XF8,0XC7,0XF8,0XC7,0XF8,0XC7,0XF8,0XC7,0XF8,0XC7,0XF8,0XC7,
0XF8,0XC7,0XF8,0XC7,0XF8,0XC7,0XF8,0XC7,0XF8,0XC7,0XF8,0XC7,0XF8,0XC7,0XF8,0XC7,
0XF8,0XC7,0XF8,0XC7,0XF8,0XC7,0XF8,0XC7,0XF8,0XC7,0XF7,0XBF,0XD6,0XCF,0XCF,0XEE,
0X6A,0XFE,0X6A,0XFE,0X8A,0XFE,0X69,0XFE,0X8B,0XFE,0XCE,0XE6,0XD6,0XCF,0XF8,0XBF,
0XF7,0XC7,0XF8,0XBF,0XF8,0XC7,0XF8,0XC7,0XF8,0XC7,0XF8,0XC7,0XF8,0XC7,0XF8,0XC7,
0XF8,0XC7,0XF8,0XC7,0XF7,0XC7,0XF7,0XC7,0XF7,0XC7,0XF7,0XBF,0XF8,0XBF,0XF8,0XC7,
0XF8,0XC7,0XF7,0XC7,0XF7,0XC7,0XF7,0XC7,0XF7,0XC7,0XF7,0XBF,0XF7,0XBF,0XF7,0XC7,
0XF7,0XC7,0XF7,0XC7,0XF8,0XBF,0XF8,0XBF,0XF7,0XC7,0XF8,0XC7,0XF8,0XBF,0XF9,0XBF,
0XB5,0XD7,0XCE,0XEE,0X6B,0XFE,0X6A,0XFE,0X6A,0XFE,0X6B,0XFE,0X6A,0XFE,0X8A,0XFE,
0X8A,0XFE,0XAD,0XEE,0XD5,0XD7,0XF8,0XC7,0XF7,0XBF,0XF7,0XC7,0XF7,0XC7,0XF8,0XC7,
0XF8,0XC7,0XF8,0XC7,0XF8,0XC7,0XF8,0XC7,0XF8,0XC7,0XF8,0XC7,0XF8,0XC7,0XF8,0XC7,
0XF8,0XC7,0XF8,0XC7,0XF8,0XC7,0XF8,0XC7,0XF8,0XC7,0XF8,0XC7,0XF8,0XC7,0XF8,0XC7,
0XF8,0XC7,0XF8,0XC7,0XF8,0XC7,0XF8,0XC7,0XF7,0XC7,0XF5,0XCF,0XEE,0XE6,0X6B,0XFE,
0X6B,0XFE,0X6A,0XFE,0X6A,0XFE,0X8A,0XF6,0XEF,0XE6,0XD6,0XD7,0XF8,0XBF,0XF7,0XC7,
0XF7,0XC7,0XF8,0XBF,0XF8,0XC7,0XF8,0XC7,0XF8,0XC7,0XF8,0XC7,0XF8,0XC7,0XF8,0XC7,
0XF8,0XBF,0XF8,0XC7,0XF7,0XC7,0XF7,0XC7,0XF7,0XC7,0XF8,0XC7,0XF8,0XC7,0XF7,0XC7,
0XF7,0XC7,0XF7,0XC7,0XF7,0XBF,0XF7,0XBF,0XF7,0XBF,0XF8,0XC7,0XF8,0XC7,0XF8,0XC7,
0XF8,0XC7,0XF7,0XC7,0XF7,0XBF,0XF8,0XBF,0XF7,0XC7,0XF8,0XBF,0XF8,0XBF,0XF8,0XBF,
0XF8,0XC7,0XB5,0XD7,0XAE,0XEE,0X6A,0XFE,0X8A,0XFE,0X6A,0XFE,0X69,0XFE,0X6A,0XFE,
0X6A,0XFE,0X8A,0XFE,0XCE,0XE6,0XD7,0XCF,0XF8,0XBF,0XF7,0XC7,0XF7,0XC7,0XF8,0XC7,
0XF8,0XC7,0XF8,0XC7,0XF8,0XC7,0XF8,0XC7,0XF8,0XC7,0XF8,0XC7,0XF8,0XC7,0XF8,0XC7,
0XF8,0XC7,0XF8,0XC7,0XF8,0XC7,0XF8,0XC7,0XF8,0XC7,0XF8,0XC7,0XF8,0XC7,0XF8,0XC7,
0XF8,0XC7,0XF8,0XC7,0XF8,0XC7,0XF8,0XC7,0XF7,0XCF,0XEF,0XE6,0X6A,0XFE,0X6A,0XFE,
0X8A,0XFE,0X8A,0XFE,0X6B,0XFE,0XCE,0XEE,0XD6,0XD7,0XF8,0XC7,0XF8,0XBF,0XF7,0XBF,
0XF7,0XC7,0XF8,0XBF,0XF8,0XC7,0XF8,0XC7,0XF8,0XC7,0XF8,0XC7,0XF8,0XC7,0XF7,0XC7,
0XF7,0XC7,0XF7,0XC7,0XF8,0XBF,0XF8,0XBF,0XF8,0XBF,0XF8,0XC7,0XF8,0XBF,0XF8,0XBF,
0XF8,0XBF,0XF8,0XC7,0XF8,0XC7,0XF8,0XC7,0XF8,0XC7,0XF7,0XBF,0XF8,0XBF,0XF8,0XBF,
0XF8,0XBF,0XF7,0XBF,0XF7,0XC7,0XF8,0XBF,0XF7,0XCF,0XF8,0XBF,0XF8,0XBF,0XD6,0XCF,
0XF8,0XBF,0XF8,0XC7,0XD5,0XCF,0XCE,0XEE,0X6B,0XFE,0X8A,0XFE,0X6A,0XFE,0X6A,0XFE,
0X6A,0XFE,0X6A,0XFE,0X8B,0XFE,0X71,0XDF,0XF8,0XC7,0XF9,0XBF,0XF8,0XC7,0XF8,0XC7,
0XF8,0XC7,0XF8,0XC7,0XF8,0XC7,0XF8,0XC7,0XF8,0XC7,0XF8,0XC7,0XF8,0XC7,0XF8,0XC7,
0XF8,0XC7,0XF8,0XC7,0XF8,0XC7,0XF8,0XC7,0XF8,0XC7,0XF8,0XC7,0XF8,0XC7,0XF8,0XC7,
0XF8,0XBF,0XF8,0XC7,0XF7,0XC7,0XF8,0XC7,0XB5,0XD7,0X8A,0XFE,0X8A,0XFE,0X6A,0XFE,
0X69,0XFE,0X8C,0XFE,0XCE,0XEE,0XD6,0XCF,0XF7,0XC7,0XF8,0XC7,0XF8,0XC7,0XF8,0XC7,
0XF7,0XC7,0XF8,0XC7,0XF8,0XC7,0XF8,0XC7,0XF8,0XC7,0XF8,0XC7,0XF8,0XC7,0XF8,0XC7,
0XF8,0XC7,0XF8,0XBF,0XF7,0XBF,0XF8,0XC7,0XF7,0XC7,0XF8,0XC7,0XD8,0XC7,0XD6,0XCF,
0XB6,0XD7,0XF7,0XC7,0XD8,0XC7,0XF7,0XC7,0XF8,0XBF,0XF7,0XC7,0XF8,0XC7,0XF8,0XC7,
0XF8,0XC7,0XF8,0XC7,0XF8,0XC7,0XF8,0XC7,0XF7,0XC7,0XF8,0XC7,0XF8,0XC7,0XF7,0XC7,
0XF8,0XC7,0XF7,0XC7,0XF7,0XBF,0XB6,0XCF,0XCE,0XE6,0X8A,0XFE,0X6A,0XFE,0X6B,0XFE,
0X4B,0XFE,0XA9,0XF6,0X6B,0XFE,0X31,0XDF,0XD7,0XC7,0XF8,0XC7,0XF8,0XBF,0XF8,0XC7,
0XF8,0XC7,0XF8,0XC7,0XF8,0XC7,0XF8,0XC7,0XF8,0XC7,0XF8,0XC7,0XF8,0XC7,0XF8,0XC7,
0XF8,0XC7,0XF8,0XC7,0XF8,0XC7,0XF8,0XC7,0XF8,0XC7,0XF8,0XC7,0XF8,0XC7,0XF8,0XC7,
0XF8,0XBF,0XF8,0XC7,0XF8,0XC7,0XF8,0XC7,0XB5,0XD7,0X6B,0XFE,0X6C,0XFE,0X6B,0XFE,
0X6A,0XFE,0XCE,0XE6,0XD6,0XCF,0XF8,0XC7,0XF8,0XC7,0XF8,0XC7,0XF8,0XC7,0XF8,0XC7,
0XF8,0XC7,0XF8,0XC7,0XF8,0XC7,0XF8,0XC7,0XF8,0XC7,0XF8,0XC7,0XF8,0XC7,0XF8,0XC7,
0XF8,0XC7,0XF8,0XBF,0XF7,0XC7,0XF8,0XC7,0XF7,0XBF,0XF7,0XCF,0X31,0XDF,0X8B,0XF6,
0X6C,0XF6,0X10,0XDF,0XF6,0XCF,0XF7,0XC7,0XF8,0XBF,0XF8,0XC7,0XF8,0XC7,0XF8,0XC7,
0XF8,0XC7,0XF8,0XC7,0XF8,0XC7,0XF8,0XC7,0XF8,0XC7,0XF8,0XC7,0XF8,0XC7,0XF8,0XC7,
0XF8,0XC7,0XF8,0XC7,0XF8,0XC7,0XF8,0XC7,0XD5,0XD7,0XAE,0XEE,0X6A,0XFE,0X6A,0XFE,
0X8A,0XFE,0X69,0XFE,0X4C,0XFE,0X73,0XD7,0XF7,0XBF,0XF7,0XC7,0XF7,0XC7,0XF8,0XC7,
0XF8,0XC7,0XF8,0XC7,0XF8,0XC7,0XF8,0XC7,0XF8,0XC7,0XF8,0XC7,0XF8,0XC7,0XF8,0XC7,
0XF8,0XC7,0XF8,0XC7,0XF8,0XC7,0XF8,0XC7,0XF8,0XC7,0XF8,0XC7,0XF8,0XC7,0XF8,0XC7,
0XF8,0XC7,0XF8,0XC7,0XF8,0XC7,0XF7,0XC7,0XF7,0XCF,0XCF,0XE6,0X8B,0XF6,0X8A,0XF6,
0XEF,0XE6,0XB5,0XD7,0XF7,0XCF,0XF7,0XC7,0XF8,0XC7,0XF8,0XC7,0XF8,0XC7,0XF8,0XC7,
0XF8,0XC7,0XF8,0XC7,0XF8,0XC7,0XF8,0XC7,0XF8,0XC7,0XF8,0XC7,0XF8,0XC7,0XF8,0XC7,
0XF8,0XC7,0XF8,0XC7,0XF8,0XC7,0XF8,0XC7,0XF7,0XBF,0XB5,0XD7,0X8C,0XF6,0X6A,0XFE,
0X8A,0XF6,0X8B,0XFE,0X74,0XDF,0XF8,0XC7,0XD8,0XC7,0XF8,0XC7,0XF8,0XC7,0XF8,0XC7,
0XF8,0XC7,0XF8,0XC7,0XF8,0XC7,0XF8,0XC7,0XF8,0XC7,0XF8,0XC7,0XF8,0XC7,0XF8,0XC7,
0XF8,0XC7,0XF8,0XBF,0XF8,0XBF,0XF8,0XC7,0XD8,0XC7,0XD5,0XD7,0XCE,0XE6,0X8B,0XFE,
0X8A,0XFE,0X8B,0XFE,0XCF,0XEE,0XF6,0XC7,0XF9,0XBF,0XF8,0XBF,0XF8,0XBF,0XF8,0XC7,
0XF8,0XC7,0XF8,0XC7,0XF8,0XC7,0XF8,0XC7,0XF8,0XC7,0XF8,0XC7,0XF8,0XC7,0XF8,0XC7,
0XF8,0XC7,0XF8,0XC7,0XF8,0XC7,0XF8,0XC7,0XF8,0XC7,0XF8,0XC7,0XF8,0XBF,0XF8,0XBF,
0XF8,0XC7,0XF8,0XC7,0XF8,0XC7,0XF8,0XC7,0XF7,0XC7,0XF6,0XCF,0XB4,0XD7,0XB4,0XD7,
0XD6,0XCF,0XF8,0XC7,0XF9,0XBF,0XF8,0XC7,0XF8,0XC7,0XF8,0XC7,0XF8,0XC7,0XF8,0XC7,
0XF8,0XC7,0XF8,0XC7,0XF8,0XC7,0XF8,0XC7,0XF8,0XC7,0XF8,0XC7,0XF8,0XC7,0XF8,0XC7,
0XF7,0XC7,0XF8,0XC7,0XF8,0XC7,0XF8,0XBF,0XF7,0XBF,0X94,0XDF,0X8C,0XF6,0X6B,0XFE,
0X6A,0XFE,0X8B,0XFE,0X93,0XDF,0XF7,0XBF,0XF8,0XC7,0XF8,0XC7,0XF8,0XC7,0XF8,0XC7,
0XF8,0XC7,0XF8,0XC7,0XF8,0XC7,0XF8,0XC7,0XF8,0XC7,0XF8,0XC7,0XF8,0XC7,0XF8,0XC7,
0XF8,0XC7,0XF7,0XC7,0XF8,0XBF,0XF8,0XBF,0XF7,0XC7,0XF8,0XC7,0XD7,0XCF,0X71,0XDF,
0X11,0XDF,0X73,0XDF,0XF6,0XCF,0XF7,0XBF,0XF8,0XC7,0XF7,0XC7,0XF7,0XC7,0XF8,0XC7,
0XF8,0XC7,0XF8,0XC7,0XF8,0XC7,0XF8,0XC7,0XF8,0XC7,0XF8,0XC7,0XF8,0XC7,0XF8,0XC7,
0XF8,0XC7,0XF8,0XC7,0XF8,0XC7,0XF8,0XC7,0XF8,0XC7,0XF8,0XC7,0XF8,0XBF,0XF8,0XBF,
0XF8,0XC7,0XF8,0XC7,0XF8,0XC7,0XF8,0XC7,0XF8,0XBF,0XF8,0XBF,0XF8,0XBF,0XF8,0XC7,
0XF8,0XBF,0XF8,0XBF,0XF7,0XBF,0XF7,0XC7,0XF8,0XC7,0XF8,0XC7,0XF8,0XC7,0XF8,0XC7,
0XF8,0XC7,0XF8,0XC7,0XF8,0XC7,0XF8,0XC7,0XF8,0XC7,0XF8,0XC7,0XF8,0XC7,0XF8,0XC7,
0XF7,0XC7,0XF8,0XBF,0XF8,0XC7,0XF7,0XC7,0XF8,0XBF,0X94,0XDF,0X8B,0XFE,0X6A,0XFE,
0X89,0XFE,0X4A,0XFE,0X93,0XD7,0XF7,0XBF,0XD8,0XCF,0XF8,0XC7,0XF8,0XC7,0XF8,0XC7,
0XF8,0XC7,0XF8,0XC7,0XF8,0XC7,0XF8,0XC7,0XF8,0XC7,0XF8,0XC7,0XF8,0XC7,0XF8,0XC7,
0XF8,0XC7,0XF7,0XC7,0XF7,0XC7,0XF7,0XBF,0XF8,0XBF,0XF8,0XBF,0XF7,0XBF,0XF8,0XBF,
0XF7,0XC7,0XF8,0XC7,0XF8,0XBF,0XF8,0XBF,0XF8,0XBF,0XF7,0XC7,0XF7,0XBF,0XF8,0XC7,
0XF8,0XC7,0XF8,0XC7,0XF8,0XC7,0XF8,0XC7,0XF8,0XC7,0XF8,0XC7,0XF8,0XC7,0XF8,0XC7,
0XF8,0XC7,0XF8,0XC7,0XF8,0XC7,0XF8,0XC7,0XF8,0XC7,0XF8,0XC7,0XF8,0XBF,0XF8,0XBF,
0XF8,0XC7,0XF8,0XC7,0XF8,0XC7,0XF8,0XBF,0XF8,0XBF,0XF7,0XC7,0XF7,0XC7,0XF7,0XC7,
0XF7,0XC7,0XF7,0XC7,0XF7,0XC7,0XF8,0XC7,0XF8,0XC7,0XF8,0XC7,0XF8,0XC7,0XF8,0XC7,
0XF8,0XC7,0XF8,0XC7,0XF8,0XC7,0XF8,0XC7,0XF8,0XC7,0XF8,0XC7,0XF8,0XC7,0XF8,0XC7,
0XF7,0XC7,0XF7,0XBF,0XF8,0XBF,0XF7,0XC7,0XF8,0XC7,0XB4,0XD7,0X8A,0XFE,0X6A,0XFE,
0X89,0XFE,0X6B,0XFE,0X73,0XDF,0XF7,0XC7,0XF8,0XCF,0XF8,0XC7,0XF8,0XC7,0XF8,0XC7,
0XF8,0XC7,0XF8,0XC7,0XF8,0XC7,0XF8,0XC7,0XF8,0XC7,0XF8,0XC7,0XF8,0XC7,0XF8,0XC7,
0XF8,0XC7,0XF7,0XC7,0XF8,0XC7,0XF8,0XC7,0XF7,0XBF,0XF7,0XC7,0XF8,0XC7,0XF8,0XBF,
0XF7,0XC7,0XF8,0XBF,0XF8,0XC7,0XF7,0XC7,0XF7,0XBF,0XF8,0XBF,0XF8,0XC7,0XF8,0XC7,
0XF8,0XC7,0XF8,0XC7,0XF8,0XC7,0XF8,0XC7,0XF8,0XC7,0XF8,0XC7,0XF8,0XC7,0XF8,0XC7,
0XF8,0XC7,0XF8,0XC7,0XF8,0XC7,0XF8,0XC7,0XF8,0XC7,0XF8,0XC7,0XF8,0XC7,0XF8,0XC7,
0XF8,0XC7,0XF8,0XC7,0XF8,0XC7,0XF8,0XC7,0XF8,0XBF,0XF8,0XBF,0XF7,0XC7,0XF7,0XC7,
0XF8,0XC7,0XF8,0XC7,0XF8,0XC7,0XF8,0XC7,0XF8,0XC7,0XF8,0XC7,0XF8,0XC7,0XF8,0XC7,
0XF8,0XC7,0XF8,0XC7,0XF8,0XC7,0XF8,0XC7,0XF8,0XC7,0XF8,0XC7,0XF8,0XC7,0XF8,0XC7,
0XF8,0XBF,0XF8,0XC7,0XF7,0XC7,0XF7,0XC7,0XF8,0XC7,0X94,0XDF,0X6B,0XFE,0X6B,0XFE,
0X8A,0XFE,0X6B,0XFE,0X73,0XDF,0XF7,0XBF,0XD8,0XCF,0XF8,0XC7,0XF8,0XC7,0XF8,0XC7,
0XF8,0XC7,0XF8,0XC7,0XF8,0XC7,0XF8,0XC7,0XF8,0XC7,0XF8,0XC7,0XF8,0XC7,0XF8,0XC7,
0XF8,0XC7,0XF8,0XC7,0XF8,0XC7,0XF7,0XBF,0XF8,0XC7,0XF7,0XC7,0XF7,0XC7,0XF8,0XC7,
0XF8,0XC7,0XF8,0XBF,0XF7,0XBF,0XF7,0XC7,0XF7,0XC7,0XF8,0XC7,0XF8,0XC7,0XF8,0XC7,
0XF8,0XC7,0XF8,0XC7,0XF8,0XC7,0XF8,0XC7,0XF8,0XC7,0XF8,0XC7,0XF8,0XC7,0XF8,0XC7,
0XF8,0XC7,0XF8,0XC7,0XF8,0XC7,0XF8,0XC7,0XF8,0XC7,0XF8,0XC7,0XF8,0XC7,0XF8,0XC7,
0XF8,0XC7,0XF8,0XC7,0XF8,0XC7,0XF8,0XC7,0XF8,0XC7,0XF8,0XC7,0XF8,0XC7,0XF8,0XC7,
0XF8,0XC7,0XF8,0XC7,0XF8,0XC7,0XF8,0XC7,0XF8,0XC7,0XF8,0XC7,0XF8,0XC7,0XF8,0XC7,
0XF8,0XC7,0XF8,0XC7,0XF8,0XC7,0XF8,0XC7,0XF8,0XC7,0XF8,0XC7,0XF8,0XC7,0XF8,0XC7,
0XF8,0XBF,0XF8,0XC7,0XF7,0XC7,0XF7,0XBF,0XF8,0XC7,0XB4,0XD7,0X8B,0XFE,0X6B,0XFE,
0X6A,0XFE,0X6A,0XFE,0X93,0XDF,0XF7,0XBF,0XD8,0XCF,0XF8,0XC7,0XF8,0XC7,0XF8,0XC7,
0XF8,0XC7,0XF8,0XC7,0XF8,0XC7,0XF8,0XC7,0XF8,0XC7,0XF8,0XC7,0XF8,0XC7,0XF8,0XC7,
0XF8,0XC7,0XF8,0XC7,0XF8,0XC7,0XF8,0XC7,0XF8,0XC7,0XF8,0XC7,0XF8,0XC7,0XF8,0XC7,
0XF8,0XC7,0XF8,0XC7,0XF8,0XC7,0XF8,0XC7,0XF8,0XC7,0XF8,0XC7,0XF8,0XC7,0XF8,0XC7,
0XF8,0XC7,0XF8,0XC7,0XF8,0XC7,0XF8,0XC7,0XF8,0XC7,0XF8,0XC7,0XF8,0XC7,0XF8,0XC7,
0XF8,0XC7,0XF8,0XC7,0XF8,0XC7,0XF8,0XC7,0XF8,0XC7,0XF8,0XC7,0XF8,0XC7,0XF8,0XC7,
0XF8,0XC7,0XF8,0XC7,0XF8,0XC7,0XF8,0XC7,0XF8,0XC7,0XF8,0XC7,0XF8,0XC7,0XF8,0XC7,
0XF8,0XC7,0XF8,0XC7,0XF8,0XC7,0XF8,0XC7,0XF8,0XC7,0XF8,0XC7,0XF8,0XC7,0XF8,0XC7,
0XF8,0XC7,0XF8,0XC7,0XF8,0XC7,0XF8,0XC7,0XF8,0XC7,0XF8,0XC7,0XF8,0XC7,0XF7,0XC7,
0XF7,0XC7,0XF8,0XC7,0XF8,0XBF,0XF7,0XBF,0XF8,0XBF,0XB3,0XD7,0X8B,0XF6,0X8B,0XFE,
0X69,0XFE,0X6A,0XFE,0X93,0XDF,0XF7,0XBF,0XF8,0XC7,0XF8,0XC7,0XF8,0XC7,0XF8,0XC7,
0XF8,0XC7,0XF8,0XC7,0XF8,0XC7,0XF8,0XC7,0XF8,0XC7,0XF8,0XC7,0XF8,0XC7,0XF8,0XC7,
0XF8,0XC7,0XF8,0XC7,0XF8,0XC7,0XF8,0XC7,0XF8,0XC7,0XF8,0XC7,0XF8,0XC7,0XF8,0XC7,
0XF8,0XC7,0XF8,0XC7,0XF8,0XC7,0XF8,0XC7,0XF8,0XC7,0XF8,0XC7,0XF8,0XC7,0XF8,0XC7,
0XF8,0XC7,0XF8,0XC7,0XF8,0XC7,0XF8,0XC7,0XF8,0XC7,0XF8,0XC7,0XF8,0XC7,0XF8,0XC7,
0XF8,0XC7,0XF8,0XC7,0XF8,0XC7,0XF8,0XC7,0XF8,0XC7,0XF8,0XC7,0XF8,0XC7,0XF8,0XC7,
0XF8,0XC7,0XF8,0XC7,0XF8,0XC7,0XF8,0XC7,0XF8,0XC7,0XF8,0XC7,0XF8,0XC7,0XF8,0XC7,
0XF8,0XC7,0XF8,0XC7,0XF8,0XC7,0XF8,0XC7,0XF8,0XC7,0XF8,0XC7,0XF8,0XC7,0XF8,0XC7,
0XF8,0XC7,0XF8,0XC7,0XF8,0XC7,0XF8,0XC7,0XF8,0XC7,0XF8,0XC7,0XF8,0XC7,0XF7,0XC7,
0XF7,0XC7,0XF8,0XC7,0XF8,0XBF,0XF7,0XBF,0XF8,0XC7,0XB3,0XDF,0X8B,0XFE,0X8B,0XFE,
0X69,0XFE,0X8A,0XFE,0X93,0XDF,0XF8,0XC7,0XF8,0XC7,0XF8,0XC7,0XF8,0XC7,0XF8,0XC7,
0XF8,0XC7,0XF8,0XC7,0XF8,0XC7,0XF8,0XC7,0XF8,0XC7,0XF8,0XC7,0XF8,0XC7,0XF8,0XC7,
0XF8,0XC7,0XF8,0XC7,0XF8,0XC7,0XF8,0XC7,0XF8,0XC7,0XF8,0XC7,0XF8,0XC7,0XF8,0XC7,
0XF8,0XC7,0XF8,0XC7,0XF8,0XC7,0XF8,0XC7,0XF8,0XC7,0XF8,0XC7,0XF8,0XC7,0XF8,0XC7,
0XF8,0XC7,0XF8,0XC7,0XF8,0XC7,0XF8,0XC7,0XF8,0XC7,0XF8,0XC7,0XF8,0XC7,0XF8,0XC7,
0XF8,0XC7,0XF8,0XC7,0XF8,0XC7,0XF8,0XC7,0XF8,0XC7,0XF8,0XC7,0XF8,0XC7,0XF8,0XC7,
0XF8,0XC7,0XF8,0XC7,0XF8,0XC7,0XF8,0XC7,0XF8,0XC7,0XF8,0XC7,0XF8,0XC7,0XF8,0XC7,
0XF8,0XC7,0XF8,0XC7,0XF8,0XC7,0XF8,0XC7,0XF8,0XC7,0XF8,0XC7,0XF8,0XC7,0XF8,0XC7,
0XF8,0XC7,0XF8,0XC7,0XF8,0XC7,0XF8,0XC7,0XF8,0XC7,0XF8,0XC7,0XF8,0XC7,0XF7,0XC7,
0XF7,0XC7,0XF8,0XC7,0XF8,0XBF,0XF7,0XC7,0XD7,0XC7,0X94,0XDF,0X8B,0XFE,0X6A,0XFE,
0X6A,0XFE,0X8A,0XFE,0X93,0XDF,0XF8,0XC7,0XF8,0XC7,0XF8,0XC7,0XF8,0XC7,0XF8,0XC7,
0XF8,0XC7,0XF8,0XC7,0XF8,0XC7,0XF8,0XC7,0XF8,0XC7,0XF8,0XC7,0XF8,0XC7,0XF8,0XC7,
0XF8,0XC7,0XF8,0XC7,0XF8,0XC7,0XF8,0XC7,0XF8,0XC7,0XF8,0XC7,0XF8,0XC7,0XF8,0XC7,
0XF8,0XC7,0XF8,0XC7,0XF8,0XC7,0XF8,0XC7,0XF8,0XC7,0XF8,0XC7,0XF8,0XC7,0XF8,0XC7,
0XF8,0XC7,0XF8,0XC7,0XF8,0XC7,0XF8,0XC7,0XF8,0XC7,0XF8,0XC7,0XF8,0XC7,0XF8,0XC7,
0XF8,0XC7,0XF8,0XC7,0XF8,0XC7,0XF8,0XC7,0XF8,0XC7,0XF8,0XC7,0XF8,0XC7,0XF8,0XC7,
0XF8,0XC7,0XF8,0XC7,0XF8,0XC7,0XF8,0XC7,0XF8,0XC7,0XF8,0XC7,0XF8,0XC7,0XF8,0XC7,
0XF8,0XC7,0XF8,0XC7,0XF8,0XC7,0XF8,0XC7,0XF8,0XC7,0XF8,0XC7,0XF8,0XC7,0XF8,0XC7,
0XF8,0XC7,0XF8,0XC7,0XF8,0XC7,0XF8,0XC7,0XF8,0XC7,0XF8,0XC7,0XF8,0XC7,0XF8,0XC7,
0XF7,0XC7,0XF8,0XC7,0XF8,0XC7,0XF7,0XC7,0XF7,0XC7,0XB5,0XCF,0X8C,0XF6,0X6A,0XFE,
0X6A,0XFE,0X8B,0XF6,0X94,0XD7,0XF8,0XC7,0XF8,0XC7,0XF8,0XC7,0XF8,0XC7,0XF8,0XC7,
0XF8,0XC7,0XF8,0XC7,0XF8,0XC7,0XF8,0XC7,0XF8,0XC7,0XF8,0XC7,0XF8,0XC7,0XF8,0XC7,
0XF8,0XC7,0XF8,0XC7,0XF8,0XC7,0XF8,0XC7,0XF8,0XC7,0XF8,0XC7,0XF8,0XC7,0XF8,0XC7,
0XF8,0XC7,0XF8,0XC7,0XF8,0XC7,0XF8,0XC7,0XF8,0XC7,0XF8,0XC7,0XF8,0XC7,0XF8,0XC7,
0XF8,0XC7,0XF8,0XC7,0XF8,0XC7,0XF8,0XC7,0XF8,0XC7,0XF8,0XC7,0XF8,0XC7,0XF8,0XC7,
0XF8,0XC7,0XF8,0XC7,0XF8,0XC7,0XF8,0XC7,0XF8,0XC7,0XF8,0XC7,0XF8,0XC7,0XF8,0XC7,
0XF8,0XC7,0XF8,0XC7,0XF8,0XC7,0XF8,0XC7,0XF8,0XC7,0XF8,0XC7,0XF8,0XC7,0XF8,0XC7,
0XF8,0XC7,0XF8,0XC7,0XF8,0XC7,0XF8,0XC7,0XF8,0XC7,0XF8,0XC7,0XF8,0XC7,0XF8,0XC7,
0XF8,0XC7,0XF8,0XC7,0XF8,0XC7,0XF8,0XC7,0XF8,0XC7,0XF8,0XC7,0XF8,0XC7,0XF8,0XC7,
0XF8,0XC7,0XF8,0XC7,0XF8,0XC7,0XF7,0XC7,0XF8,0XBF,0XF7,0XC7,0XEE,0XE6,0X8C,0XF6,
0XAC,0XEE,0XCD,0XEE,0XD6,0XD7,0XF8,0XBF,0XF8,0XC7,0XF8,0XC7,0XF8,0XC7,0XF8,0XC7,
0XF8,0XC7,0XF8,0XC7,0XF8,0XC7,0XF8,0XC7,0XF8,0XC7,0XF8,0XC7,0XF8,0XC7,0XF8,0XC7,
0XF8,0XC7,0XF8,0XC7,0XF8,0XC7,0XF8,0XC7,0XF8,0XC7,0XF8,0XC7,0XF8,0XC7,0XF8,0XC7,
0XF8,0XC7,0XF8,0XC7,0XF8,0XC7,0XF8,0XC7,0XF8,0XC7,0XF8,0XC7,0XF8,0XC7,0XF8,0XC7,
0XF8,0XC7,0XF8,0XC7,0XF8,0XC7,0XF8,0XC7,0XF8,0XC7,0XF8,0XC7,0XF8,0XC7,0XF8,0XC7,
0XF8,0XC7,0XF8,0XC7,0XF8,0XC7,0XF8,0XC7,0XF8,0XC7,0XF8,0XC7,0XF8,0XC7,0XF8,0XC7,
0XF8,0XC7,0XF8,0XC7,0XF8,0XC7,0XF8,0XC7,0XF8,0XC7,0XF8,0XC7,0XF8,0XC7,0XF8,0XC7,
0XF8,0XC7,0XF8,0XC7,0XF8,0XC7,0XF8,0XC7,0XF8,0XC7,0XF8,0XC7,0XF8,0XC7,0XF8,0XC7,
0XF8,0XC7,0XF8,0XC7,0XF8,0XC7,0XF8,0XC7,0XF8,0XC7,0XF8,0XC7,0XF8,0XC7,0XF8,0XC7,
0XF8,0XC7,0XF8,0XC7,0XF8,0XC7,0XF8,0XC7,0XF8,0XC7,0XF8,0XC7,0XF7,0XCF,0XB5,0XD7,
0XB5,0XD7,0XF6,0XCF,0XF8,0XBF,0XF8,0XBF,0XF7,0XC7,0XF8,0XC7,0XF8,0XC7,0XF8,0XC7,
0XF8,0XC7,0XF8,0XC7,0XF8,0XC7,0XF8,0XC7,0XF8,0XC7,0XF8,0XC7,0XF8,0XC7,0XF8,0XC7,
0XF8,0XC7,0XF8,0XC7,0XF8,0XC7,0XF8,0XC7,0XF8,0XC7,0XF8,0XC7,0XF8,0XC7,0XF8,0XC7,
0XF8,0XC7,0XF8,0XC7,0XF8,0XC7,0XF8,0XC7,0XF8,0XC7,0XF8,0XC7,0XF8,0XC7,0XF8,0XC7,
0XF8,0XC7,0XF8,0XC7,0XF8,0XC7,0XF8,0XC7,0XF8,0XC7,0XF8,0XC7,0XF8,0XC7,0XF8,0XC7,
0XF8,0XC7,0XF8,0XC7,0XF8,0XC7,0XF8,0XC7,0XF8,0XC7,0XF8,0XC7,0XF8,0XC7,0XF8,0XC7,
0XF8,0XC7,0XF8,0XC7,0XF8,0XC7,0XF8,0XC7,0XF8,0XC7,0XF8,0XC7,0XF8,0XC7,0XF8,0XC7,
0XF8,0XC7,0XF8,0XC7,0XF8,0XC7,0XF8,0XC7,0XF8,0XC7,0XF8,0XC7,0XF8,0XC7,0XF8,0XC7,
0XF8,0XC7,0XF8,0XC7,0XF8,0XC7,0XF8,0XC7,0XF8,0XC7,0XF8,0XC7,0XF8,0XC7,0XF8,0XC7,
0XF8,0XC7,0XF8,0XC7,0XF8,0XC7,0XF8,0XC7,0XF8,0XC7,0XF8,0XC7,0XF8,0XBF,0XF7,0XBF,
0XF7,0XC7,0XF7,0XC7,0XF8,0XBF,0XF8,0XC7,0XF7,0XC7,0XF8,0XC7,0XF8,0XC7,0XF8,0XC7,
0XF8,0XC7,0XF8,0XC7,0XF8,0XC7,0XF8,0XC7,0XF8,0XC7,0XF8,0XC7,0XF8,0XC7,0XF8,0XC7,
0XF8,0XC7,0XF8,0XC7,0XF8,0XC7,0XF8,0XC7,0XF8,0XC7,0XF8,0XC7,0XF8,0XC7,0XF8,0XC7,
0XF8,0XC7,0XF8,0XC7,0XF8,0XC7,0XF8,0XC7,0XF8,0XC7,0XF8,0XC7,0XF8,0XC7,0XF8,0XC7,
0XF8,0XC7,0XF8,0XC7,0XF8,0XC7,0XF8,0XC7,0XF8,0XC7,0XF8,0XC7,0XF8,0XC7,0XF8,0XC7,
0XF8,0XC7,0XF8,0XC7,0XF8,0XC7,0XF8,0XC7,0XF8,0XC7,0XF8,0XC7,0XF8,0XC7,0XF8,0XC7,
0XF8,0XC7,0XF8,0XC7,0XF8,0XC7,0XF8,0XC7,0XF8,0XC7,0XF8,0XC7,0XF8,0XC7,0XF8,0XC7,
0XF8,0XC7,0XF8,0XC7,0XF8,0XC7,0XF8,0XC7,0XF8,0XC7,0XF8,0XC7,0XF8,0XC7,0XF8,0XC7,
0XF8,0XC7,0XF8,0XC7,0XF8,0XC7,0XF8,0XC7,0XF8,0XC7,0XF8,0XC7,0XF8,0XC7,0XF8,0XC7,
0XF8,0XC7,0XF8,0XC7,0XF8,0XC7,0XF8,0XC7,0XF8,0XC7,0XF8,0XC7,0XF8,0XBF,0XF8,0XC7,
0XF8,0XC7,0XF8,0XC7,0XF8,0XBF,0XF7,0XC7,0XF7,0XC7,0XF8,0XC7,0XF8,0XC7,0XF8,0XC7,
0XF8,0XC7,0XF8,0XC7,0XF8,0XC7,0XF8,0XC7,0XF8,0XC7,0XF8,0XC7,0XF8,0XC7,0XF8,0XC7,
0XF8,0XC7,0XF8,0XC7,0XF8,0XC7,0XF8,0XC7,0XF8,0XC7,0XF8,0XC7,0XF8,0XC7,0XF8,0XC7,
0XF8,0XC7,0XF8,0XC7,0XF8,0XC7,0XF8,0XC7,0XF8,0XC7,0XF8,0XC7,0XF8,0XC7,0XF8,0XC7,
0XF8,0XC7,0XF8,0XC7,0XF8,0XC7,0XF8,0XC7,0XF8,0XC7,0XF8,0XC7,0XF8,0XC7,0XF8,0XC7,
};


const img_t icon0_1 =
{
    .width = 80,
    .height = 80,
    .data = gImage_icon0_1,
};


#elif(ENABLE_LVGL_USE == 1)

const LV_ATTRIBUTE_MEM_ALIGN LV_ATTRIBUTE_LARGE_CONST  uint8_t icon0_1_map[] = {
#if LV_COLOR_DEPTH == 1 || LV_COLOR_DEPTH == 8
  /*Pixel format: Red: 3 bit, Green: 3 bit, Blue: 2 bit*/
  0xdf, 0xdf, 0xdf, 0xdf, 0xdf, 0xdf, 0xdf, 0xdf, 0xdf, 0xdf, 0xdf, 0xdf, 0xdf, 0xdf, 0xdf, 0xdf, 0xdf, 0xdf, 0xdf, 0xdf, 0xdf, 0xdf, 0xdf, 0xdf, 0xdf, 0xdf, 0xdf, 0xdf, 0xdf, 0xdf, 0xdf, 0xdf, 0xdf, 0xdf, 0xdf, 0xdf, 0xdf, 0xdf, 0xdf, 0xdf, 0xdf, 0xdf, 0xdf, 0xdf, 0xdf, 0xdf, 0xdf, 0xdf, 0xdf, 0xdf, 0xdf, 0xdf, 0xdf, 0xdf, 0xdf, 0xdf, 0xdf, 0xdf, 0xdf, 0xdf, 0xdf, 0xdf, 0xdf, 0xdf, 0xdf, 0xdf, 0xdf, 0xdf, 0xdf, 0xdf, 0xdf, 0xdf, 0xdf, 0xdf, 0xdf, 0xdf, 0xdf, 0xdf, 0xdf, 0xdf, 
  0xdf, 0xdf, 0xdf, 0xdf, 0xdf, 0xdf, 0xdf, 0xdf, 0xdf, 0xdf, 0xdf, 0xdf, 0xdf, 0xdf, 0xdf, 0xdf, 0xdf, 0xdf, 0xdf, 0xdf, 0xdf, 0xdf, 0xdf, 0xdf, 0xdf, 0xdf, 0xdf, 0xdf, 0xdf, 0xdf, 0xdf, 0xdf, 0xdf, 0xdf, 0xdf, 0xdf, 0xdf, 0xdf, 0xdf, 0xdf, 0xdf, 0xdf, 0xdf, 0xdf, 0xdf, 0xdf, 0xdf, 0xdf, 0xdf, 0xdf, 0xdf, 0xdf, 0xdf, 0xdf, 0xdf, 0xdf, 0xdf, 0xdf, 0xdf, 0xdf, 0xdf, 0xdf, 0xdf, 0xdf, 0xdf, 0xdf, 0xdf, 0xdf, 0xdf, 0xdf, 0xdf, 0xdf, 0xdf, 0xdf, 0xdf, 0xdf, 0xdf, 0xdf, 0xdf, 0xdf, 
  0xdf, 0xdf, 0xdf, 0xdf, 0xdf, 0xdf, 0xdf, 0xdf, 0xdf, 0xdf, 0xdf, 0xdf, 0xdf, 0xdf, 0xdf, 0xdf, 0xdf, 0xdf, 0xdf, 0xdf, 0xdf, 0xdf, 0xdf, 0xdf, 0xdf, 0xdf, 0xdf, 0xdf, 0xdf, 0xdf, 0xdf, 0xdf, 0xdf, 0xdf, 0xdf, 0xdf, 0xdf, 0xdf, 0xfe, 0xfe, 0xfe, 0xff, 0xdf, 0xdf, 0xdf, 0xdf, 0xdf, 0xdf, 0xdf, 0xdf, 0xdf, 0xdf, 0xdf, 0xdf, 0xdf, 0xdf, 0xdf, 0xdf, 0xdf, 0xdf, 0xdf, 0xdf, 0xdf, 0xdf, 0xdf, 0xdf, 0xdf, 0xdf, 0xdf, 0xdf, 0xdf, 0xdf, 0xdf, 0xdf, 0xdf, 0xdf, 0xdf, 0xdf, 0xdf, 0xdf, 
  0xdf, 0xdf, 0xdf, 0xdf, 0xdf, 0xdf, 0xdf, 0xdf, 0xdf, 0xdf, 0xdf, 0xdf, 0xdf, 0xdf, 0xdf, 0xdf, 0xdf, 0xdf, 0xdf, 0xdf, 0xdf, 0xdf, 0xdf, 0xdf, 0xdf, 0xdf, 0xdf, 0xdf, 0xdf, 0xdf, 0xdf, 0xdf, 0xdf, 0xdf, 0xdf, 0xdf, 0xdf, 0xdf, 0xfe, 0xfe, 0xfe, 0xfe, 0xff, 0xdf, 0xdf, 0xdf, 0xdf, 0xdf, 0xdf, 0xdf, 0xdf, 0xdf, 0xdf, 0xdf, 0xdf, 0xdf, 0xdf, 0xdf, 0xdf, 0xdf, 0xdf, 0xdf, 0xdf, 0xdf, 0xdf, 0xdf, 0xdf, 0xdf, 0xdf, 0xdf, 0xdf, 0xdf, 0xdf, 0xdf, 0xdf, 0xdf, 0xdf, 0xdf, 0xdf, 0xdf, 
  0xdf, 0xdf, 0xdf, 0xdf, 0xdf, 0xdf, 0xdf, 0xdf, 0xdf, 0xdf, 0xdf, 0xdf, 0xdf, 0xdf, 0xdf, 0xdf, 0xdf, 0xdf, 0xdf, 0xdf, 0xdf, 0xdf, 0xdf, 0xdf, 0xdf, 0xdf, 0xdf, 0xdf, 0xdf, 0xdf, 0xdf, 0xdf, 0xdf, 0xdf, 0xdf, 0xdf, 0xdf, 0xfe, 0xfe, 0xfe, 0xfe, 0xfe, 0xfe, 0xdf, 0xdf, 0xdf, 0xdf, 0xdf, 0xdf, 0xdf, 0xdf, 0xdf, 0xdf, 0xdf, 0xdf, 0xdf, 0xdf, 0xdf, 0xdf, 0xdf, 0xdf, 0xdf, 0xdf, 0xdf, 0xdf, 0xdf, 0xdf, 0xdf, 0xdf, 0xdf, 0xdf, 0xdf, 0xdf, 0xdf, 0xdf, 0xdf, 0xdf, 0xdf, 0xdf, 0xdf, 
  0xdf, 0xdf, 0xdf, 0xdf, 0xdf, 0xdf, 0xdf, 0xdf, 0xdf, 0xdf, 0xdf, 0xdf, 0xdf, 0xdf, 0xdf, 0xdf, 0xdf, 0xdf, 0xdf, 0xdf, 0xdf, 0xdf, 0xdf, 0xdf, 0xdf, 0xdf, 0xdf, 0xdf, 0xdf, 0xdf, 0xdf, 0xdf, 0xdf, 0xdf, 0xdf, 0xdf, 0xdf, 0xfe, 0xfe, 0xf9, 0xfd, 0xfe, 0xfe, 0xdf, 0xdf, 0xdf, 0xdf, 0xdf, 0xdf, 0xdf, 0xdf, 0xdf, 0xdf, 0xdf, 0xdf, 0xdf, 0xdf, 0xdf, 0xdf, 0xdf, 0xdf, 0xdf, 0xdf, 0xdf, 0xdf, 0xdf, 0xdf, 0xdf, 0xdf, 0xdf, 0xdf, 0xdf, 0xdf, 0xdf, 0xdf, 0xdf, 0xdf, 0xdf, 0xdf, 0xdf, 
  0xdf, 0xdf, 0xdf, 0xdf, 0xdf, 0xdf, 0xdf, 0xdf, 0xdf, 0xdf, 0xdf, 0xdf, 0xdf, 0xdf, 0xdf, 0xdf, 0xdf, 0xdf, 0xdf, 0xdf, 0xdf, 0xdf, 0xdf, 0xdf, 0xdf, 0xdf, 0xdf, 0xdf, 0xdf, 0xdf, 0xdf, 0xdf, 0xdf, 0xdf, 0xdf, 0xdf, 0xdf, 0xfe, 0xfe, 0xfd, 0xfe, 0xfe, 0xfe, 0xff, 0xdf, 0xdf, 0xdf, 0xdf, 0xdf, 0xdf, 0xdf, 0xdf, 0xdf, 0xdf, 0xdf, 0xdf, 0xdf, 0xdf, 0xdf, 0xdf, 0xdf, 0xdf, 0xdf, 0xdf, 0xdf, 0xdf, 0xdf, 0xdf, 0xdf, 0xdf, 0xdf, 0xdf, 0xdf, 0xdf, 0xdf, 0xdf, 0xdf, 0xdf, 0xdf, 0xdf, 
  0xdf, 0xdf, 0xdf, 0xdf, 0xdf, 0xdf, 0xdf, 0xdf, 0xdf, 0xdf, 0xdf, 0xdf, 0xdf, 0xdf, 0xdf, 0xdf, 0xdf, 0xdf, 0xdf, 0xdf, 0xdf, 0xdf, 0xdf, 0xdf, 0xdf, 0xdf, 0xdf, 0xdf, 0xdf, 0xdf, 0xdf, 0xdf, 0xdf, 0xdf, 0xdf, 0xdf, 0xdf, 0xfe, 0xfe, 0xf9, 0xfd, 0xfa, 0xfe, 0xff, 0xdf, 0xdf, 0xdf, 0xdf, 0xdf, 0xdf, 0xdf, 0xdf, 0xdf, 0xdf, 0xdf, 0xdf, 0xdf, 0xdf, 0xdf, 0xdf, 0xdf, 0xdf, 0xdf, 0xdf, 0xdf, 0xdf, 0xdf, 0xdf, 0xdf, 0xdf, 0xdf, 0xdf, 0xdf, 0xdf, 0xdf, 0xdf, 0xdf, 0xdf, 0xdf, 0xdf, 
  0xdf, 0xdf, 0xdf, 0xdf, 0xdf, 0xdf, 0xdf, 0xdf, 0xdf, 0xdf, 0xdf, 0xdf, 0xdf, 0xdf, 0xdf, 0xdf, 0xdf, 0xdf, 0xdf, 0xdf, 0xdf, 0xdf, 0xdf, 0xdf, 0xdf, 0xdf, 0xdf, 0xdf, 0xdf, 0xdf, 0xdf, 0xdf, 0xdf, 0xdf, 0xdf, 0xdf, 0xff, 0xfe, 0xfe, 0xfd, 0xf9, 0xfe, 0xfe, 0xff, 0xdf, 0xdf, 0xdf, 0xdf, 0xdf, 0xdf, 0xdf, 0xdf, 0xdf, 0xdf, 0xdf, 0xdf, 0xdf, 0xdf, 0xdf, 0xdf, 0xdf, 0xdf, 0xdf, 0xdf, 0xdf, 0xdf, 0xdf, 0xdf, 0xdf, 0xdf, 0xdf, 0xdf, 0xdf, 0xdf, 0xdf, 0xdf, 0xdf, 0xdf, 0xdf, 0xdf, 
  0xdf, 0xdf, 0xdf, 0xdf, 0xdf, 0xdf, 0xdf, 0xdf, 0xdf, 0xdf, 0xdf, 0xdf, 0xdf, 0xdf, 0xdf, 0xdf, 0xdf, 0xdf, 0xdf, 0xdf, 0xdf, 0xdf, 0xdf, 0xdf, 0xdf, 0xdf, 0xdf, 0xdf, 0xdf, 0xdf, 0xdf, 0xdf, 0xdf, 0xdf, 0xdf, 0xdf, 0xff, 0xfe, 0xfe, 0xf9, 0xf9, 0xfa, 0xfe, 0xff, 0xdf, 0xdf, 0xdf, 0xdf, 0xdf, 0xdf, 0xdf, 0xdf, 0xdf, 0xdf, 0xdf, 0xdf, 0xdf, 0xdf, 0xdf, 0xdf, 0xdf, 0xdf, 0xdf, 0xdf, 0xdf, 0xdf, 0xdf, 0xdf, 0xdf, 0xdf, 0xdf, 0xdf, 0xdf, 0xdf, 0xdf, 0xdf, 0xdf, 0xdf, 0xdf, 0xdf, 
  0xdf, 0xdf, 0xdf, 0xdf, 0xdf, 0xdf, 0xdf, 0xdf, 0xdf, 0xdf, 0xdf, 0xdf, 0xdf, 0xdf, 0xdf, 0xdf, 0xdf, 0xdf, 0xdf, 0xdf, 0xdf, 0xdf, 0xdf, 0xdf, 0xdf, 0xdf, 0xdf, 0xdf, 0xdf, 0xdf, 0xdf, 0xdf, 0xdf, 0xdf, 0xdf, 0xdf, 0xdf, 0xfe, 0xfd, 0xf9, 0xf9, 0xfd, 0xfe, 0xdf, 0xdf, 0xdf, 0xdf, 0xdf, 0xdf, 0xdf, 0xdf, 0xdf, 0xdf, 0xdf, 0xdf, 0xdf, 0xdf, 0xdf, 0xdf, 0xdf, 0xdf, 0xdf, 0xdf, 0xdf, 0xdf, 0xdf, 0xdf, 0xdf, 0xdf, 0xdf, 0xdf, 0xdf, 0xdf, 0xdf, 0xdf, 0xdf, 0xdf, 0xdf, 0xdf, 0xdf, 
  0xdf, 0xdf, 0xdf, 0xdf, 0xdf, 0xdf, 0xdf, 0xdf, 0xdf, 0xdf, 0xdf, 0xdf, 0xdf, 0xdf, 0xff, 0xdf, 0xdf, 0xdf, 0xdf, 0xdf, 0xdf, 0xdf, 0xdf, 0xdf, 0xdf, 0xdf, 0xdf, 0xdf, 0xdf, 0xdf, 0xdf, 0xdf, 0xdf, 0xdf, 0xdf, 0xdf, 0xdf, 0xfe, 0xfe, 0xf9, 0xf9, 0xfe, 0xfe, 0xdf, 0xdf, 0xdf, 0xdf, 0xdf, 0xdf, 0xdf, 0xdf, 0xdf, 0xdf, 0xdf, 0xdf, 0xdf, 0xdf, 0xdf, 0xdf, 0xdf, 0xdf, 0xdf, 0xdf, 0xdf, 0xdf, 0xff, 0xdf, 0xdf, 0xdf, 0xdf, 0xdf, 0xdf, 0xdf, 0xdf, 0xdf, 0xdf, 0xdf, 0xdf, 0xdf, 0xdf, 
  0xdf, 0xdf, 0xdf, 0xdf, 0xdf, 0xdf, 0xdf, 0xdf, 0xdf, 0xdf, 0xdf, 0xdf, 0xdf, 0xff, 0xff, 0xfe, 0xff, 0xff, 0xdf, 0xdf, 0xdf, 0xdf, 0xdf, 0xdf, 0xdf, 0xdf, 0xdf, 0xdf, 0xdf, 0xdf, 0xdf, 0xdf, 0xdf, 0xdf, 0xdf, 0xdf, 0xdf, 0xfe, 0xfe, 0xf9, 0xf9, 0xfe, 0xfe, 0xdf, 0xdf, 0xdf, 0xdf, 0xdf, 0xdf, 0xdf, 0xdf, 0xdf, 0xdf, 0xdf, 0xdf, 0xdf, 0xdf, 0xdf, 0xdf, 0xdf, 0xdf, 0xdf, 0xff, 0xff, 0xfe, 0xfe, 0xff, 0xdf, 0xdf, 0xdf, 0xdf, 0xdf, 0xdf, 0xdf, 0xdf, 0xdf, 0xdf, 0xdf, 0xdf, 0xdf, 
  0xdf, 0xdf, 0xdf, 0xdf, 0xdf, 0xdf, 0xdf, 0xdf, 0xdf, 0xdf, 0xdf, 0xdf, 0xff, 0xfe, 0xfe, 0xfe, 0xfe, 0xfe, 0xff, 0xff, 0xdf, 0xdf, 0xdf, 0xdf, 0xdf, 0xdf, 0xdf, 0xdf, 0xdf, 0xdf, 0xdf, 0xdf, 0xdf, 0xdf, 0xdf, 0xdf, 0xdf, 0xdf, 0xfe, 0xfe, 0xfe, 0xfe, 0xff, 0xdf, 0xdf, 0xdf, 0xdf, 0xdf, 0xdf, 0xdf, 0xdf, 0xdf, 0xdf, 0xdf, 0xdf, 0xdf, 0xdf, 0xdf, 0xdf, 0xdf, 0xff, 0xff, 0xfe, 0xfe, 0xfe, 0xfe, 0xfe, 0xff, 0xdf, 0xdf, 0xdf, 0xdf, 0xdf, 0xdf, 0xdf, 0xdf, 0xdf, 0xdf, 0xdf, 0xdf, 
  0xdf, 0xdf, 0xdf, 0xdf, 0xdf, 0xdf, 0xdf, 0xdf, 0xdf, 0xdf, 0xdf, 0xdf, 0xff, 0xfe, 0xfe, 0xfe, 0xfe, 0xfe, 0xfe, 0xff, 0xdf, 0xdf, 0xdf, 0xdf, 0xdf, 0xdf, 0xdf, 0xdf, 0xdf, 0xdf, 0xdf, 0xdf, 0xdf, 0xdf, 0xdf, 0xdf, 0xdf, 0xdf, 0xfe, 0xfe, 0xfe, 0xfe, 0xdf, 0xdf, 0xdf, 0xdf, 0xdf, 0xdf, 0xdf, 0xdf, 0xdf, 0xdf, 0xdf, 0xdf, 0xdf, 0xdf, 0xdf, 0xdf, 0xdf, 0xdf, 0xff, 0xfe, 0xfe, 0xfe, 0xfa, 0xfe, 0xfe, 0xff, 0xdf, 0xdf, 0xdf, 0xdf, 0xdf, 0xdf, 0xdf, 0xdf, 0xdf, 0xdf, 0xdf, 0xdf, 
  0xdf, 0xdf, 0xdf, 0xdf, 0xdf, 0xdf, 0xdf, 0xdf, 0xdf, 0xdf, 0xdf, 0xdf, 0xfe, 0xfe, 0xfe, 0xfe, 0xfe, 0xfe, 0xfe, 0xfe, 0xff, 0xdf, 0xdf, 0xdf, 0xdf, 0xdf, 0xdf, 0xdf, 0xdf, 0xdf, 0xdf, 0xdf, 0xdf, 0xdf, 0xdf, 0xdf, 0xdf, 0xdf, 0xff, 0xff, 0xff, 0xdf, 0xdf, 0xdf, 0xdf, 0xdf, 0xdf, 0xdf, 0xdf, 0xdf, 0xdf, 0xdf, 0xdf, 0xdf, 0xdf, 0xdf, 0xdf, 0xdf, 0xdf, 0xff, 0xfe, 0xfe, 0xfe, 0xfa, 0xfe, 0xfe, 0xfe, 0xfe, 0xdf, 0xdf, 0xdf, 0xdf, 0xdf, 0xdf, 0xdf, 0xdf, 0xdf, 0xdf, 0xdf, 0xdf, 
  0xdf, 0xdf, 0xdf, 0xdf, 0xdf, 0xdf, 0xdf, 0xdf, 0xdf, 0xdf, 0xdf, 0xdf, 0xff, 0xfe, 0xfe, 0xfe, 0xfa, 0xfe, 0xfe, 0xfe, 0xfe, 0xdf, 0xdf, 0xdf, 0xdf, 0xdf, 0xdf, 0xdf, 0xdf, 0xdf, 0xdf, 0xdf, 0xdf, 0xdf, 0xdf, 0xdf, 0xdf, 0xdf, 0xdf, 0xdf, 0xdf, 0xdf, 0xdf, 0xdf, 0xdf, 0xdf, 0xdf, 0xdf, 0xdf, 0xdf, 0xdf, 0xdf, 0xdf, 0xdf, 0xdf, 0xdf, 0xdf, 0xdf, 0xff, 0xfe, 0xfe, 0xfe, 0xfe, 0xfa, 0xfa, 0xfe, 0xfe, 0xff, 0xdf, 0xdf, 0xdf, 0xdf, 0xdf, 0xdf, 0xdf, 0xdf, 0xdf, 0xdf, 0xdf, 0xdf, 
  0xdf, 0xdf, 0xdf, 0xdf, 0xdf, 0xdf, 0xdf, 0xdf, 0xdf, 0xdf, 0xdf, 0xdf, 0xff, 0xfe, 0xfe, 0xfe, 0xfe, 0xfd, 0xfd, 0xfe, 0xfe, 0xfe, 0xdf, 0xdf, 0xdf, 0xdf, 0xdf, 0xdf, 0xdf, 0xdf, 0xdf, 0xdf, 0xdf, 0xdf, 0xdf, 0xdf, 0xdf, 0xdf, 0xdf, 0xdf, 0xdf, 0xdf, 0xdf, 0xdf, 0xdf, 0xdf, 0xdf, 0xdf, 0xdf, 0xdf, 0xdf, 0xdf, 0xdf, 0xdf, 0xdf, 0xdf, 0xdf, 0xdf, 0xfe, 0xfe, 0xfd, 0xf9, 0xfd, 0xfa, 0xfe, 0xfe, 0xff, 0xff, 0xdf, 0xdf, 0xdf, 0xdf, 0xdf, 0xdf, 0xdf, 0xdf, 0xdf, 0xdf, 0xdf, 0xdf, 
  0xdf, 0xdf, 0xdf, 0xdf, 0xdf, 0xdf, 0xdf, 0xdf, 0xdf, 0xdf, 0xdf, 0xdf, 0xff, 0xff, 0xfe, 0xfe, 0xfe, 0xf9, 0xfe, 0xfd, 0xf9, 0xfe, 0xff, 0xdf, 0xdf, 0xdf, 0xdf, 0xdf, 0xdf, 0xdf, 0xdf, 0xdf, 0xdf, 0xdf, 0xdf, 0xdf, 0xdf, 0xdf, 0xdf, 0xdf, 0xdf, 0xdf, 0xdf, 0xdf, 0xdf, 0xdf, 0xdf, 0xdf, 0xdf, 0xdf, 0xdf, 0xdf, 0xdf, 0xdf, 0xdf, 0xdf, 0xff, 0xfe, 0xfe, 0xf9, 0xfd, 0xfe, 0xfa, 0xfe, 0xfe, 0xff, 0xff, 0xdf, 0xdf, 0xdf, 0xdf, 0xdf, 0xdf, 0xdf, 0xdf, 0xdf, 0xdf, 0xdf, 0xdf, 0xdf, 
  0xdf, 0xdf, 0xdf, 0xdf, 0xdf, 0xdf, 0xdf, 0xdf, 0xdf, 0xdf, 0xdf, 0xdf, 0xdf, 0xdf, 0xff, 0xfe, 0xfe, 0xfe, 0xf9, 0xfd, 0xf9, 0xfa, 0xfe, 0xff, 0xdf, 0xdf, 0xdf, 0xdf, 0xdf, 0xdf, 0xdf, 0xdf, 0xdf, 0xdf, 0xdf, 0xdf, 0xff, 0xff, 0xff, 0xff, 0xff, 0xff, 0xff, 0xff, 0xdf, 0xdf, 0xdf, 0xdf, 0xdf, 0xdf, 0xdf, 0xdf, 0xdf, 0xdf, 0xdf, 0xdf, 0xff, 0xfe, 0xf9, 0xf9, 0xfd, 0xfe, 0xfe, 0xfe, 0xff, 0xff, 0xdf, 0xdf, 0xdf, 0xdf, 0xdf, 0xdf, 0xdf, 0xdf, 0xdf, 0xdf, 0xdf, 0xdf, 0xdf, 0xdf, 
  0xdf, 0xdf, 0xdf, 0xdf, 0xdf, 0xdf, 0xdf, 0xdf, 0xdf, 0xdf, 0xdf, 0xdf, 0xdf, 0xdf, 0xdf, 0xff, 0xfe, 0xfe, 0xf9, 0xf9, 0xfe, 0xfe, 0xfe, 0xff, 0xdf, 0xdf, 0xdf, 0xdf, 0xdf, 0xdf, 0xdf, 0xdf, 0xdf, 0xdf, 0xff, 0xff, 0xfe, 0xfe, 0xfe, 0xfe, 0xfe, 0xfe, 0xfe, 0xfe, 0xff, 0xff, 0xdf, 0xdf, 0xdf, 0xdf, 0xdf, 0xdf, 0xdf, 0xdf, 0xdf, 0xdf, 0xfe, 0xfe, 0xfe, 0xfd, 0xf9, 0xfe, 0xfe, 0xff, 0xdf, 0xdf, 0xdf, 0xdf, 0xdf, 0xdf, 0xdf, 0xdf, 0xdf, 0xdf, 0xdf, 0xdf, 0xdf, 0xdf, 0xdf, 0xdf, 
  0xdf, 0xdf, 0xdf, 0xdf, 0xdf, 0xdf, 0xdf, 0xdf, 0xdf, 0xdf, 0xdf, 0xdf, 0xdf, 0xdf, 0xdf, 0xdf, 0xdf, 0xfe, 0xfe, 0xfa, 0xfe, 0xfe, 0xfe, 0xff, 0xdf, 0xdf, 0xdf, 0xdf, 0xdf, 0xdf, 0xdf, 0xff, 0xff, 0xfe, 0xfe, 0xfe, 0xfe, 0xfe, 0xfe, 0xf9, 0xfd, 0xfe, 0xfe, 0xfe, 0xfe, 0xfe, 0xfe, 0xff, 0xff, 0xff, 0xdf, 0xdf, 0xdf, 0xdf, 0xdf, 0xdf, 0xfe, 0xfe, 0xfe, 0xfe, 0xfe, 0xfe, 0xff, 0xdf, 0xdf, 0xdf, 0xdf, 0xdf, 0xdf, 0xdf, 0xdf, 0xdf, 0xdf, 0xdf, 0xdf, 0xdf, 0xdf, 0xdf, 0xdf, 0xdf, 
  0xdf, 0xdf, 0xdf, 0xdf, 0xdf, 0xdf, 0xdf, 0xdf, 0xdf, 0xdf, 0xdf, 0xdf, 0xdf, 0xdf, 0xdf, 0xdf, 0xdf, 0xdf, 0xff, 0xfe, 0xfe, 0xfe, 0xde, 0xdf, 0xdf, 0xdf, 0xdf, 0xdf, 0xdf, 0xdf, 0xfe, 0xfe, 0xfe, 0xfe, 0xfe, 0xfe, 0xfd, 0xfd, 0xfd, 0xfd, 0xfd, 0xfd, 0xfd, 0xf9, 0xfe, 0xfe, 0xfe, 0xfe, 0xfe, 0xfe, 0xff, 0xdf, 0xdf, 0xdf, 0xdf, 0xdf, 0xff, 0xfe, 0xfe, 0xfe, 0xfe, 0xff, 0xdf, 0xdf, 0xdf, 0xdf, 0xdf, 0xdf, 0xdf, 0xdf, 0xdf, 0xdf, 0xdf, 0xdf, 0xdf, 0xdf, 0xdf, 0xdf, 0xdf, 0xdf, 
  0xdf, 0xdf, 0xdf, 0xdf, 0xdf, 0xdf, 0xdf, 0xdf, 0xdf, 0xdf, 0xdf, 0xdf, 0xdf, 0xdf, 0xdf, 0xdf, 0xdf, 0xdf, 0xff, 0xff, 0xfe, 0xff, 0xdf, 0xdf, 0xdf, 0xdf, 0xdf, 0xdf, 0xff, 0xfe, 0xfe, 0xfe, 0xfd, 0xf9, 0xf9, 0xf9, 0xfd, 0xfd, 0xfd, 0xf9, 0xfd, 0xfd, 0xfd, 0xfd, 0xfd, 0xfd, 0xfd, 0xfd, 0xfa, 0xfe, 0xfe, 0xff, 0xdf, 0xdf, 0xdf, 0xdf, 0xdf, 0xdf, 0xff, 0xff, 0xff, 0xdf, 0xdf, 0xdf, 0xdf, 0xdf, 0xdf, 0xdf, 0xdf, 0xdf, 0xdf, 0xdf, 0xdf, 0xdf, 0xdf, 0xdf, 0xdf, 0xdf, 0xdf, 0xdf, 
  0xdf, 0xdf, 0xdf, 0xdf, 0xdf, 0xdf, 0xdf, 0xdf, 0xdf, 0xdf, 0xdf, 0xdf, 0xdf, 0xdf, 0xdf, 0xdf, 0xdf, 0xdf, 0xdf, 0xdf, 0xdf, 0xdf, 0xdf, 0xdf, 0xdf, 0xdf, 0xff, 0xff, 0xfe, 0xfe, 0xf9, 0xfd, 0xf9, 0xf9, 0xf9, 0xf9, 0xf9, 0xf9, 0xf9, 0xf9, 0xf9, 0xf9, 0xf9, 0xf9, 0xf9, 0xf9, 0xf9, 0xf9, 0xf9, 0xf9, 0xfe, 0xfe, 0xfe, 0xff, 0xdf, 0xdf, 0xdf, 0xdf, 0xdf, 0xdf, 0xdf, 0xdf, 0xdf, 0xdf, 0xdf, 0xdf, 0xdf, 0xdf, 0xdf, 0xdf, 0xdf, 0xdf, 0xdf, 0xdf, 0xdf, 0xdf, 0xdf, 0xdf, 0xdf, 0xdf, 
  0xdf, 0xdf, 0xdf, 0xdf, 0xdf, 0xdf, 0xdf, 0xdf, 0xdf, 0xdf, 0xdf, 0xdf, 0xdf, 0xdf, 0xdf, 0xdf, 0xdf, 0xdf, 0xdf, 0xdf, 0xdf, 0xdf, 0xdf, 0xdf, 0xdf, 0xff, 0xff, 0xfe, 0xfe, 0xf9, 0xfd, 0xf9, 0xf9, 0xf9, 0xf9, 0xf9, 0xf9, 0xf9, 0xf9, 0xf9, 0xf9, 0xf9, 0xf9, 0xf9, 0xf9, 0xf9, 0xf9, 0xf9, 0xf9, 0xf9, 0xf9, 0xfe, 0xfe, 0xfe, 0xff, 0xdf, 0xdf, 0xdf, 0xdf, 0xdf, 0xdf, 0xdf, 0xdf, 0xdf, 0xdf, 0xdf, 0xdf, 0xdf, 0xdf, 0xdf, 0xdf, 0xdf, 0xdf, 0xdf, 0xdf, 0xdf, 0xdf, 0xdf, 0xdf, 0xdf, 
  0xdf, 0xdf, 0xdf, 0xdf, 0xdf, 0xdf, 0xdf, 0xdf, 0xdf, 0xdf, 0xdf, 0xdf, 0xdf, 0xdf, 0xdf, 0xdf, 0xdf, 0xdf, 0xdf, 0xdf, 0xdf, 0xdf, 0xdf, 0xdf, 0xff, 0xff, 0xfe, 0xfa, 0xf9, 0xfd, 0xfd, 0xf9, 0xfd, 0xfd, 0xf9, 0xf9, 0xf9, 0xf9, 0xf9, 0xf9, 0xf9, 0xf9, 0xf9, 0xf9, 0xf9, 0xf9, 0xfd, 0xfd, 0xfd, 0xf9, 0xf9, 0xf9, 0xfe, 0xfe, 0xfe, 0xff, 0xdf, 0xdf, 0xdf, 0xdf, 0xdf, 0xdf, 0xdf, 0xdf, 0xdf, 0xdf, 0xdf, 0xdf, 0xdf, 0xdf, 0xdf, 0xdf, 0xdf, 0xdf, 0xdf, 0xdf, 0xdf, 0xdf, 0xdf, 0xdf, 
  0xdf, 0xdf, 0xdf, 0xdf, 0xdf, 0xdf, 0xdf, 0xdf, 0xdf, 0xdf, 0xdf, 0xdf, 0xdf, 0xdf, 0xdf, 0xdf, 0xdf, 0xdf, 0xdf, 0xdf, 0xdf, 0xdf, 0xdf, 0xdf, 0xff, 0xfe, 0xfa, 0xf9, 0xf9, 0xfd, 0xf9, 0xfd, 0xfd, 0xfd, 0xf9, 0xf9, 0xf9, 0xf9, 0xf9, 0xf9, 0xf9, 0xf9, 0xf9, 0xf9, 0xf9, 0xf9, 0xfd, 0xfd, 0xfd, 0xf9, 0xfd, 0xf9, 0xf9, 0xfe, 0xfe, 0xfe, 0xff, 0xdf, 0xdf, 0xdf, 0xdf, 0xdf, 0xdf, 0xdf, 0xdf, 0xdf, 0xdf, 0xdf, 0xdf, 0xdf, 0xdf, 0xdf, 0xdf, 0xdf, 0xdf, 0xdf, 0xdf, 0xdf, 0xdf, 0xdf, 
  0xdf, 0xdf, 0xdf, 0xdf, 0xdf, 0xdf, 0xdf, 0xdf, 0xdf, 0xdf, 0xdf, 0xdf, 0xdf, 0xdf, 0xdf, 0xdf, 0xdf, 0xdf, 0xdf, 0xdf, 0xdf, 0xdf, 0xdf, 0xff, 0xfe, 0xfe, 0xf9, 0xfd, 0xfd, 0xfd, 0xf9, 0xfd, 0xfd, 0xf9, 0xf9, 0xf9, 0xf9, 0xf9, 0xf9, 0xf9, 0xf9, 0xf9, 0xf9, 0xf9, 0xf9, 0xf9, 0xf9, 0xfd, 0xfd, 0xfd, 0xfd, 0xfd, 0xfd, 0xfd, 0xfe, 0xfe, 0xff, 0xdf, 0xdf, 0xdf, 0xdf, 0xdf, 0xdf, 0xdf, 0xdf, 0xdf, 0xdf, 0xdf, 0xdf, 0xdf, 0xdf, 0xdf, 0xdf, 0xdf, 0xdf, 0xdf, 0xdf, 0xdf, 0xdf, 0xdf, 
  0xdf, 0xdf, 0xdf, 0xdf, 0xdf, 0xdf, 0xdf, 0xdf, 0xdf, 0xdf, 0xdf, 0xdf, 0xdf, 0xdf, 0xdf, 0xdf, 0xdf, 0xdf, 0xdf, 0xdf, 0xdf, 0xdf, 0xdf, 0xfe, 0xfe, 0xfd, 0xfd, 0xf9, 0xf9, 0xfd, 0xfd, 0xf9, 0xf9, 0xf9, 0xf9, 0xf9, 0xf9, 0xf9, 0xf9, 0xf9, 0xf9, 0xf9, 0xf9, 0xf9, 0xf9, 0xf9, 0xf9, 0xfd, 0xfd, 0xfd, 0xf9, 0xf9, 0xfd, 0xfd, 0xfd, 0xfe, 0xfe, 0xdf, 0xdf, 0xdf, 0xdf, 0xdf, 0xdf, 0xdf, 0xdf, 0xdf, 0xdf, 0xdf, 0xdf, 0xdf, 0xdf, 0xdf, 0xdf, 0xdf, 0xdf, 0xdf, 0xdf, 0xdf, 0xdf, 0xdf, 
  0xdf, 0xdf, 0xdf, 0xdf, 0xdf, 0xdf, 0xdf, 0xdf, 0xdf, 0xdf, 0xdf, 0xdf, 0xdf, 0xdf, 0xdf, 0xdf, 0xdf, 0xdf, 0xdf, 0xdf, 0xdf, 0xdf, 0xfe, 0xfe, 0xfe, 0xfd, 0xfd, 0xf9, 0xf9, 0xfd, 0xf9, 0xf9, 0xf9, 0xf9, 0xf9, 0xf9, 0xf9, 0xf9, 0xf9, 0xf9, 0xf9, 0xf9, 0xf9, 0xf9, 0xf9, 0xf9, 0xf9, 0xf9, 0xf9, 0xf9, 0xf9, 0xf9, 0xf9, 0xf9, 0xfd, 0xfe, 0xfe, 0xfe, 0xff, 0xdf, 0xdf, 0xdf, 0xdf, 0xdf, 0xdf, 0xdf, 0xdf, 0xdf, 0xdf, 0xdf, 0xdf, 0xdf, 0xdf, 0xdf, 0xdf, 0xdf, 0xdf, 0xdf, 0xdf, 0xdf, 
  0xdf, 0xdf, 0xdf, 0xdf, 0xdf, 0xdf, 0xdf, 0xdf, 0xdf, 0xdf, 0xdf, 0xdf, 0xdf, 0xdf, 0xdf, 0xdf, 0xdf, 0xdf, 0xdf, 0xdf, 0xdf, 0xff, 0xfe, 0xfe, 0xfd, 0xf9, 0xf9, 0xfd, 0xfd, 0xf9, 0xf9, 0xf9, 0xf9, 0xf9, 0xf9, 0xf9, 0xf9, 0xfd, 0xfd, 0xfd, 0xfd, 0xfd, 0xfd, 0xf9, 0xf9, 0xf9, 0xf9, 0xf9, 0xf9, 0xf9, 0xf9, 0xf9, 0xf9, 0xf9, 0xfd, 0xfe, 0xfe, 0xfe, 0xff, 0xdf, 0xdf, 0xdf, 0xdf, 0xdf, 0xdf, 0xdf, 0xdf, 0xdf, 0xdf, 0xdf, 0xdf, 0xdf, 0xdf, 0xdf, 0xdf, 0xdf, 0xdf, 0xdf, 0xdf, 0xdf, 
  0xdf, 0xdf, 0xdf, 0xdf, 0xdf, 0xdf, 0xdf, 0xdf, 0xdf, 0xdf, 0xdf, 0xdf, 0xdf, 0xdf, 0xdf, 0xdf, 0xdf, 0xdf, 0xdf, 0xdf, 0xdf, 0xff, 0xfe, 0xfd, 0xf9, 0xf9, 0xfd, 0xfd, 0xfd, 0xfd, 0xf9, 0xf9, 0xf9, 0xf9, 0xf9, 0xf9, 0xf9, 0xf9, 0xf9, 0xf9, 0xf9, 0xf9, 0xf9, 0xf9, 0xf9, 0xf9, 0xf9, 0xf9, 0xf9, 0xf9, 0xf9, 0xf9, 0xf9, 0xf9, 0xf9, 0xfd, 0xfd, 0xfe, 0xff, 0xdf, 0xdf, 0xdf, 0xdf, 0xdf, 0xdf, 0xdf, 0xdf, 0xdf, 0xdf, 0xdf, 0xdf, 0xdf, 0xdf, 0xdf, 0xdf, 0xdf, 0xdf, 0xdf, 0xdf, 0xdf, 
  0xdf, 0xdf, 0xdf, 0xdf, 0xdf, 0xdf, 0xdf, 0xdf, 0xdf, 0xdf, 0xdf, 0xdf, 0xdf, 0xdf, 0xdf, 0xdf, 0xdf, 0xdf, 0xdf, 0xdf, 0xdf, 0xfe, 0xfe, 0xf9, 0xf9, 0xf9, 0xfd, 0xfd, 0xfd, 0xfd, 0xf9, 0xf9, 0xf9, 0xf9, 0xf9, 0xf9, 0xf9, 0xf9, 0xf9, 0xf9, 0xf9, 0xf9, 0xf9, 0xf9, 0xf9, 0xf9, 0xf9, 0xf9, 0xf9, 0xf9, 0xf9, 0xf9, 0xf9, 0xf9, 0xf9, 0xf9, 0xfd, 0xfe, 0xfe, 0xdf, 0xdf, 0xdf, 0xdf, 0xdf, 0xdf, 0xdf, 0xdf, 0xdf, 0xdf, 0xdf, 0xdf, 0xdf, 0xdf, 0xdf, 0xdf, 0xdf, 0xdf, 0xdf, 0xdf, 0xdf, 
  0xdf, 0xdf, 0xdf, 0xdf, 0xdf, 0xdf, 0xdf, 0xdf, 0xdf, 0xdf, 0xdf, 0xdf, 0xdf, 0xdf, 0xdf, 0xdf, 0xdf, 0xdf, 0xdf, 0xdf, 0xdf, 0xfe, 0xfa, 0xf9, 0xf9, 0xf9, 0xfd, 0xfd, 0xfd, 0xf9, 0xf9, 0xf9, 0xf9, 0xf9, 0xf9, 0xf9, 0xf9, 0xf9, 0xf9, 0xf9, 0xf9, 0xf9, 0xf9, 0xf9, 0xf9, 0xf9, 0xf9, 0xf9, 0xf9, 0xf9, 0xf9, 0xf9, 0xf9, 0xf9, 0xf9, 0xf9, 0xfd, 0xf9, 0xfe, 0xff, 0xdf, 0xdf, 0xdf, 0xdf, 0xdf, 0xdf, 0xdf, 0xdf, 0xdf, 0xdf, 0xdf, 0xdf, 0xdf, 0xdf, 0xdf, 0xdf, 0xdf, 0xdf, 0xdf, 0xdf, 
  0xdf, 0xdf, 0xdf, 0xdf, 0xdf, 0xdf, 0xdf, 0xdf, 0xdf, 0xdf, 0xdf, 0xdf, 0xdf, 0xdf, 0xdf, 0xdf, 0xdf, 0xdf, 0xdf, 0xdf, 0xff, 0xfe, 0xfa, 0xf9, 0xf9, 0xf9, 0xf9, 0xfd, 0xfd, 0xf9, 0xf9, 0xf9, 0xf9, 0xf9, 0xf9, 0xf9, 0xf9, 0xf9, 0xf9, 0xf9, 0xf9, 0xf9, 0xf9, 0xf9, 0xf9, 0xf9, 0xf9, 0xf9, 0xf9, 0xf9, 0xf9, 0xf9, 0xf9, 0xf9, 0xf9, 0xf9, 0xfd, 0xf9, 0xfe, 0xfe, 0xdf, 0xdf, 0xdf, 0xdf, 0xdf, 0xdf, 0xdf, 0xdf, 0xdf, 0xdf, 0xdf, 0xdf, 0xdf, 0xdf, 0xdf, 0xdf, 0xdf, 0xdf, 0xdf, 0xdf, 
  0xdf, 0xdf, 0xdf, 0xdf, 0xdf, 0xdf, 0xdf, 0xff, 0xff, 0xdf, 0xdf, 0xdf, 0xdf, 0xdf, 0xdf, 0xdf, 0xdf, 0xdf, 0xdf, 0xdf, 0xfe, 0xfe, 0xfd, 0xf9, 0xf9, 0xf9, 0xf9, 0xf9, 0xf9, 0xf9, 0xf9, 0xf9, 0xf9, 0xf9, 0xf9, 0xf9, 0xf9, 0xf9, 0xf9, 0xf9, 0xf9, 0xf9, 0xf9, 0xf9, 0xf9, 0xf9, 0xf9, 0xf9, 0xf9, 0xf9, 0xf9, 0xf9, 0xf9, 0xf9, 0xf9, 0xf9, 0xfd, 0xfd, 0xfe, 0xfe, 0xff, 0xdf, 0xdf, 0xdf, 0xdf, 0xdf, 0xdf, 0xdf, 0xdf, 0xdf, 0xdf, 0xdf, 0xdf, 0xdf, 0xdf, 0xdf, 0xdf, 0xdf, 0xdf, 0xdf, 
  0xdf, 0xdf, 0xdf, 0xdf, 0xfe, 0xfe, 0xfe, 0xfe, 0xfe, 0xfe, 0xfe, 0xfe, 0xfe, 0xdf, 0xdf, 0xdf, 0xdf, 0xdf, 0xdf, 0xff, 0xfe, 0xfe, 0xfd, 0xfd, 0xf9, 0xf9, 0xf9, 0xf9, 0xf9, 0xf9, 0xf9, 0xf9, 0xf9, 0xf9, 0xf9, 0xf9, 0xf9, 0xf9, 0xf9, 0xf9, 0xf9, 0xf9, 0xf9, 0xf9, 0xf9, 0xf9, 0xf9, 0xf9, 0xf9, 0xf9, 0xf9, 0xf9, 0xf9, 0xf9, 0xf9, 0xf9, 0xfd, 0xfd, 0xfe, 0xfe, 0xff, 0xdf, 0xdf, 0xdf, 0xdf, 0xdf, 0xdf, 0xfe, 0xfe, 0xfe, 0xfe, 0xfe, 0xfe, 0xfe, 0xfe, 0xfe, 0xdf, 0xdf, 0xdf, 0xdf, 
  0xdf, 0xdf, 0xff, 0xfe, 0xfe, 0xfe, 0xfe, 0xfe, 0xfe, 0xfe, 0xfd, 0xfe, 0xfe, 0xfe, 0xfe, 0xff, 0xdf, 0xdf, 0xdf, 0xff, 0xfe, 0xfe, 0xfd, 0xfd, 0xf9, 0xf9, 0xf9, 0xf9, 0xf9, 0xf9, 0xf9, 0xf9, 0xf9, 0xf9, 0xf9, 0xf9, 0xf9, 0xf9, 0xf9, 0xf9, 0xf9, 0xf9, 0xf9, 0xf9, 0xf9, 0xf9, 0xf9, 0xf9, 0xf9, 0xf9, 0xf9, 0xf9, 0xf9, 0xf9, 0xf9, 0xf9, 0xf9, 0xfd, 0xfd, 0xfe, 0xff, 0xdf, 0xdf, 0xdf, 0xff, 0xfe, 0xfe, 0xfe, 0xfe, 0xfd, 0xfe, 0xfe, 0xfe, 0xfe, 0xfe, 0xfe, 0xfe, 0xff, 0xdf, 0xdf, 
  0xdf, 0xdf, 0xfe, 0xfe, 0xfe, 0xfd, 0xfe, 0xf9, 0xf9, 0xf9, 0xf9, 0xf9, 0xf9, 0xfe, 0xfe, 0xff, 0xdf, 0xdf, 0xdf, 0xff, 0xfe, 0xfd, 0xfd, 0xf9, 0xf9, 0xf9, 0xf9, 0xf9, 0xf9, 0xf9, 0xf9, 0xf9, 0xf9, 0xf9, 0xf9, 0xf9, 0xf9, 0xf9, 0xf9, 0xf9, 0xf9, 0xf9, 0xf9, 0xf9, 0xf9, 0xf9, 0xf9, 0xf9, 0xf9, 0xf9, 0xf9, 0xf9, 0xf9, 0xf9, 0xf9, 0xf9, 0xf9, 0xfe, 0xfd, 0xfe, 0xff, 0xdf, 0xdf, 0xdf, 0xff, 0xfe, 0xfe, 0xf9, 0xf9, 0xf9, 0xf9, 0xfd, 0xf9, 0xfd, 0xf9, 0xf9, 0xfe, 0xfe, 0xdf, 0xdf, 
  0xdf, 0xdf, 0xfe, 0xfe, 0xfa, 0xfd, 0xfe, 0xf9, 0xf9, 0xf9, 0xf9, 0xf9, 0xf9, 0xfe, 0xfe, 0xff, 0xdf, 0xdf, 0xdf, 0xff, 0xfe, 0xfd, 0xfd, 0xf9, 0xf9, 0xf9, 0xf9, 0xf9, 0xf9, 0xf9, 0xf9, 0xf9, 0xf9, 0xf9, 0xf9, 0xf9, 0xf9, 0xf9, 0xf9, 0xf9, 0xf9, 0xf9, 0xf9, 0xf9, 0xf9, 0xf9, 0xf9, 0xf9, 0xf9, 0xf9, 0xf9, 0xf9, 0xf9, 0xf9, 0xf9, 0xf9, 0xf9, 0xfe, 0xfd, 0xfe, 0xff, 0xdf, 0xdf, 0xdf, 0xff, 0xfe, 0xfa, 0xf9, 0xf9, 0xf9, 0xf9, 0xf9, 0xf9, 0xf9, 0xf9, 0xfa, 0xfe, 0xfe, 0xdf, 0xdf, 
  0xdf, 0xdf, 0xff, 0xfe, 0xfe, 0xfe, 0xfe, 0xfe, 0xfa, 0xfa, 0xf9, 0xf9, 0xfe, 0xfe, 0xfe, 0xff, 0xdf, 0xdf, 0xdf, 0xff, 0xfe, 0xfe, 0xfd, 0xf9, 0xf9, 0xf9, 0xf9, 0xf9, 0xf9, 0xf9, 0xf9, 0xf9, 0xf9, 0xf9, 0xf9, 0xf9, 0xf9, 0xf9, 0xf9, 0xf9, 0xf9, 0xf9, 0xf9, 0xf9, 0xf9, 0xf9, 0xf9, 0xf9, 0xf9, 0xf9, 0xf9, 0xf9, 0xf9, 0xf9, 0xf9, 0xf9, 0xf9, 0xfd, 0xfd, 0xfe, 0xff, 0xdf, 0xdf, 0xdf, 0xdf, 0xfe, 0xfe, 0xfe, 0xfd, 0xf9, 0xf9, 0xfa, 0xfe, 0xfe, 0xfe, 0xfe, 0xfe, 0xff, 0xdf, 0xdf, 
  0xdf, 0xdf, 0xdf, 0xdf, 0xfe, 0xfe, 0xfe, 0xfe, 0xfe, 0xfe, 0xfe, 0xfe, 0xfe, 0xff, 0xdf, 0xdf, 0xdf, 0xdf, 0xdf, 0xff, 0xfe, 0xfe, 0xfd, 0xf9, 0xf9, 0xf9, 0xf9, 0xf9, 0xf9, 0xf9, 0xf9, 0xf9, 0xf9, 0xf9, 0xf9, 0xf9, 0xf9, 0xf9, 0xf9, 0xf9, 0xf9, 0xf9, 0xf9, 0xf9, 0xf9, 0xf9, 0xf9, 0xf9, 0xf9, 0xf9, 0xf9, 0xf9, 0xf9, 0xf9, 0xf9, 0xf9, 0xfd, 0xfd, 0xfe, 0xfe, 0xff, 0xdf, 0xdf, 0xdf, 0xdf, 0xdf, 0xff, 0xfe, 0xfe, 0xfe, 0xfe, 0xfe, 0xfe, 0xfe, 0xfe, 0xfe, 0xdf, 0xdf, 0xdf, 0xdf, 
  0xdf, 0xdf, 0xdf, 0xdf, 0xdf, 0xdf, 0xff, 0xff, 0xff, 0xff, 0xff, 0xff, 0xdf, 0xdf, 0xdf, 0xdf, 0xdf, 0xdf, 0xdf, 0xdf, 0xfe, 0xfe, 0xf9, 0xf9, 0xf9, 0xf9, 0xf9, 0xf9, 0xf9, 0xf9, 0xf9, 0xf9, 0xf9, 0xf9, 0xf9, 0xf9, 0xf9, 0xf9, 0xf9, 0xf9, 0xf9, 0xf9, 0xf9, 0xf9, 0xf9, 0xf9, 0xf9, 0xf9, 0xf9, 0xf9, 0xf9, 0xf9, 0xf9, 0xf9, 0xf9, 0xf9, 0xfd, 0xfd, 0xfe, 0xfe, 0xff, 0xdf, 0xdf, 0xdf, 0xdf, 0xdf, 0xdf, 0xdf, 0xdf, 0xff, 0xff, 0xff, 0xff, 0xff, 0xdf, 0xdf, 0xdf, 0xdf, 0xdf, 0xdf, 
  0xdf, 0xdf, 0xdf, 0xdf, 0xdf, 0xdf, 0xdf, 0xdf, 0xdf, 0xdf, 0xdf, 0xdf, 0xdf, 0xdf, 0xdf, 0xdf, 0xdf, 0xdf, 0xdf, 0xdf, 0xff, 0xfe, 0xf9, 0xfd, 0xf9, 0xf9, 0xf9, 0xfd, 0xfd, 0xf9, 0xf9, 0xf9, 0xf9, 0xf9, 0xf9, 0xf9, 0xf9, 0xf9, 0xf9, 0xf9, 0xf9, 0xf9, 0xf9, 0xf9, 0xf9, 0xf9, 0xf9, 0xf9, 0xf9, 0xf9, 0xf9, 0xf9, 0xf9, 0xf9, 0xf9, 0xf9, 0xfd, 0xf9, 0xfe, 0xfe, 0xdf, 0xdf, 0xdf, 0xdf, 0xdf, 0xdf, 0xdf, 0xdf, 0xdf, 0xdf, 0xdf, 0xdf, 0xdf, 0xdf, 0xdf, 0xdf, 0xdf, 0xdf, 0xdf, 0xdf, 
  0xdf, 0xdf, 0xdf, 0xdf, 0xdf, 0xdf, 0xdf, 0xdf, 0xdf, 0xdf, 0xdf, 0xdf, 0xdf, 0xdf, 0xdf, 0xdf, 0xdf, 0xdf, 0xdf, 0xdf, 0xff, 0xfe, 0xfa, 0xf9, 0xf9, 0xf9, 0xfd, 0xfd, 0xfd, 0xf9, 0xf9, 0xf9, 0xf9, 0xf9, 0xf9, 0xf9, 0xf9, 0xf9, 0xf9, 0xf9, 0xf9, 0xf9, 0xf9, 0xf9, 0xf9, 0xf9, 0xf9, 0xf9, 0xf9, 0xf9, 0xf9, 0xf9, 0xf9, 0xf9, 0xf9, 0xf9, 0xfd, 0xf9, 0xfe, 0xff, 0xdf, 0xdf, 0xdf, 0xdf, 0xdf, 0xdf, 0xdf, 0xdf, 0xdf, 0xdf, 0xdf, 0xdf, 0xdf, 0xdf, 0xdf, 0xdf, 0xdf, 0xdf, 0xdf, 0xdf, 
  0xdf, 0xdf, 0xdf, 0xdf, 0xdf, 0xdf, 0xdf, 0xdf, 0xdf, 0xdf, 0xdf, 0xdf, 0xdf, 0xdf, 0xdf, 0xdf, 0xdf, 0xdf, 0xdf, 0xdf, 0xdf, 0xfe, 0xfe, 0xf9, 0xf9, 0xf9, 0xfd, 0xfd, 0xfd, 0xf9, 0xf9, 0xf9, 0xf9, 0xf9, 0xf9, 0xf9, 0xf9, 0xf9, 0xf9, 0xf9, 0xf9, 0xf9, 0xf9, 0xf9, 0xf9, 0xf9, 0xf9, 0xf9, 0xf9, 0xf9, 0xf9, 0xf9, 0xf9, 0xf9, 0xf9, 0xf9, 0xfd, 0xfe, 0xfe, 0xdf, 0xdf, 0xdf, 0xdf, 0xdf, 0xdf, 0xdf, 0xdf, 0xdf, 0xdf, 0xdf, 0xdf, 0xdf, 0xdf, 0xdf, 0xdf, 0xdf, 0xdf, 0xdf, 0xdf, 0xdf, 
  0xdf, 0xdf, 0xdf, 0xdf, 0xdf, 0xdf, 0xdf, 0xdf, 0xdf, 0xdf, 0xdf, 0xdf, 0xdf, 0xdf, 0xdf, 0xdf, 0xdf, 0xdf, 0xdf, 0xdf, 0xdf, 0xff, 0xfe, 0xfd, 0xf9, 0xf9, 0xf9, 0xfd, 0xfd, 0xf9, 0xf9, 0xf9, 0xf9, 0xf9, 0xf9, 0xf9, 0xf9, 0xf9, 0xf9, 0xf9, 0xf9, 0xf9, 0xf9, 0xf9, 0xf9, 0xf9, 0xf9, 0xf9, 0xf9, 0xf9, 0xf9, 0xf9, 0xf9, 0xfd, 0xfd, 0xfd, 0xfd, 0xfe, 0xff, 0xdf, 0xdf, 0xdf, 0xdf, 0xdf, 0xdf, 0xdf, 0xdf, 0xdf, 0xdf, 0xdf, 0xdf, 0xdf, 0xdf, 0xdf, 0xdf, 0xdf, 0xdf, 0xdf, 0xdf, 0xdf, 
  0xdf, 0xdf, 0xdf, 0xdf, 0xdf, 0xdf, 0xdf, 0xdf, 0xdf, 0xdf, 0xdf, 0xdf, 0xdf, 0xdf, 0xdf, 0xdf, 0xdf, 0xdf, 0xdf, 0xdf, 0xdf, 0xff, 0xfe, 0xfe, 0xf9, 0xf9, 0xf9, 0xf9, 0xf9, 0xf9, 0xf9, 0xf9, 0xf9, 0xf9, 0xf9, 0xf9, 0xf9, 0xf9, 0xf9, 0xf9, 0xf9, 0xf9, 0xf9, 0xf9, 0xf9, 0xf9, 0xf9, 0xf9, 0xf9, 0xf9, 0xf9, 0xf9, 0xf9, 0xfd, 0xfd, 0xfd, 0xfd, 0xfe, 0xff, 0xdf, 0xdf, 0xdf, 0xdf, 0xdf, 0xdf, 0xdf, 0xdf, 0xdf, 0xdf, 0xdf, 0xdf, 0xdf, 0xdf, 0xdf, 0xdf, 0xdf, 0xdf, 0xdf, 0xdf, 0xdf, 
  0xdf, 0xdf, 0xdf, 0xdf, 0xdf, 0xdf, 0xdf, 0xdf, 0xdf, 0xdf, 0xdf, 0xdf, 0xdf, 0xdf, 0xdf, 0xdf, 0xdf, 0xdf, 0xdf, 0xdf, 0xdf, 0xdf, 0xfe, 0xfe, 0xfe, 0xf9, 0xf9, 0xf9, 0xf9, 0xf9, 0xf9, 0xf9, 0xf9, 0xf9, 0xf9, 0xf9, 0xf9, 0xf9, 0xf9, 0xf9, 0xf9, 0xf9, 0xf9, 0xf9, 0xf9, 0xf9, 0xf9, 0xf9, 0xf9, 0xf9, 0xf9, 0xf9, 0xf9, 0xfd, 0xfd, 0xfd, 0xfe, 0xfe, 0xff, 0xdf, 0xdf, 0xdf, 0xdf, 0xdf, 0xdf, 0xdf, 0xdf, 0xdf, 0xdf, 0xdf, 0xdf, 0xdf, 0xdf, 0xdf, 0xdf, 0xdf, 0xdf, 0xdf, 0xdf, 0xdf, 
  0xdf, 0xdf, 0xdf, 0xdf, 0xdf, 0xdf, 0xdf, 0xdf, 0xdf, 0xdf, 0xdf, 0xdf, 0xdf, 0xdf, 0xdf, 0xdf, 0xdf, 0xdf, 0xdf, 0xdf, 0xdf, 0xdf, 0xdf, 0xfe, 0xfe, 0xfd, 0xf9, 0xf9, 0xfd, 0xfd, 0xf9, 0xf9, 0xf9, 0xfd, 0xf9, 0xf9, 0xf9, 0xf9, 0xf9, 0xf9, 0xf9, 0xf9, 0xf9, 0xf9, 0xf9, 0xf9, 0xfd, 0xfd, 0xfd, 0xfd, 0xf9, 0xf9, 0xf9, 0xf9, 0xfd, 0xfe, 0xfe, 0xff, 0xdf, 0xdf, 0xdf, 0xdf, 0xdf, 0xdf, 0xdf, 0xdf, 0xdf, 0xdf, 0xdf, 0xdf, 0xdf, 0xdf, 0xdf, 0xdf, 0xdf, 0xdf, 0xdf, 0xdf, 0xdf, 0xdf, 
  0xdf, 0xdf, 0xdf, 0xdf, 0xdf, 0xdf, 0xdf, 0xdf, 0xdf, 0xdf, 0xdf, 0xdf, 0xdf, 0xdf, 0xdf, 0xdf, 0xdf, 0xdf, 0xdf, 0xdf, 0xdf, 0xdf, 0xdf, 0xff, 0xfe, 0xfe, 0xf9, 0xfd, 0xfd, 0xfd, 0xf9, 0xf9, 0xfd, 0xfd, 0xfd, 0xfd, 0xf9, 0xf9, 0xf9, 0xf9, 0xf9, 0xf9, 0xf9, 0xf9, 0xfd, 0xfd, 0xfd, 0xfd, 0xfd, 0xfd, 0xf9, 0xf9, 0xfd, 0xf9, 0xfe, 0xfe, 0xff, 0xdf, 0xdf, 0xdf, 0xdf, 0xdf, 0xdf, 0xdf, 0xdf, 0xdf, 0xdf, 0xdf, 0xdf, 0xdf, 0xdf, 0xdf, 0xdf, 0xdf, 0xdf, 0xdf, 0xdf, 0xdf, 0xdf, 0xdf, 
  0xdf, 0xdf, 0xdf, 0xdf, 0xdf, 0xdf, 0xdf, 0xdf, 0xdf, 0xdf, 0xdf, 0xdf, 0xdf, 0xdf, 0xdf, 0xdf, 0xdf, 0xdf, 0xdf, 0xdf, 0xdf, 0xdf, 0xdf, 0xdf, 0xfe, 0xfe, 0xfe, 0xf9, 0xfd, 0xfd, 0xf9, 0xf9, 0xfd, 0xfd, 0xfd, 0xfd, 0xf9, 0xf9, 0xf9, 0xf9, 0xf9, 0xf9, 0xf9, 0xf9, 0xfd, 0xfd, 0xfd, 0xfd, 0xfd, 0xf9, 0xf9, 0xfd, 0xf9, 0xfe, 0xfe, 0xfe, 0xdf, 0xdf, 0xdf, 0xdf, 0xdf, 0xdf, 0xdf, 0xdf, 0xdf, 0xdf, 0xdf, 0xdf, 0xdf, 0xdf, 0xdf, 0xdf, 0xdf, 0xdf, 0xdf, 0xdf, 0xdf, 0xdf, 0xdf, 0xdf, 
  0xdf, 0xdf, 0xdf, 0xdf, 0xdf, 0xdf, 0xdf, 0xdf, 0xdf, 0xdf, 0xdf, 0xdf, 0xdf, 0xdf, 0xdf, 0xdf, 0xdf, 0xdf, 0xdf, 0xdf, 0xdf, 0xdf, 0xdf, 0xdf, 0xff, 0xfe, 0xfe, 0xfe, 0xfe, 0xf9, 0xf9, 0xf9, 0xf9, 0xfd, 0xf9, 0xf9, 0xf9, 0xf9, 0xf9, 0xf9, 0xf9, 0xf9, 0xf9, 0xf9, 0xf9, 0xf9, 0xfd, 0xfd, 0xfd, 0xfd, 0xf9, 0xf9, 0xfe, 0xfe, 0xfe, 0xff, 0xdf, 0xdf, 0xdf, 0xdf, 0xdf, 0xdf, 0xdf, 0xdf, 0xdf, 0xdf, 0xdf, 0xdf, 0xdf, 0xdf, 0xdf, 0xdf, 0xdf, 0xdf, 0xdf, 0xdf, 0xdf, 0xdf, 0xdf, 0xdf, 
  0xdf, 0xdf, 0xdf, 0xdf, 0xdf, 0xdf, 0xdf, 0xdf, 0xdf, 0xdf, 0xdf, 0xdf, 0xdf, 0xdf, 0xdf, 0xdf, 0xdf, 0xdf, 0xdf, 0xdf, 0xdf, 0xdf, 0xdf, 0xdf, 0xdf, 0xff, 0xfe, 0xfe, 0xfe, 0xfd, 0xf9, 0xf9, 0xf9, 0xf9, 0xf9, 0xf9, 0xf9, 0xf9, 0xf9, 0xf9, 0xf9, 0xf9, 0xf9, 0xf9, 0xf9, 0xf9, 0xf9, 0xf9, 0xfd, 0xfd, 0xf9, 0xfe, 0xfe, 0xfe, 0xff, 0xdf, 0xdf, 0xdf, 0xdf, 0xdf, 0xdf, 0xdf, 0xdf, 0xdf, 0xdf, 0xdf, 0xdf, 0xdf, 0xdf, 0xdf, 0xdf, 0xdf, 0xdf, 0xdf, 0xdf, 0xdf, 0xdf, 0xdf, 0xdf, 0xdf, 
  0xdf, 0xdf, 0xdf, 0xdf, 0xdf, 0xdf, 0xdf, 0xdf, 0xdf, 0xdf, 0xdf, 0xdf, 0xdf, 0xdf, 0xdf, 0xdf, 0xdf, 0xdf, 0xdf, 0xdf, 0xdf, 0xdf, 0xdf, 0xdf, 0xdf, 0xdf, 0xff, 0xff, 0xfe, 0xfe, 0xfe, 0xf9, 0xf9, 0xf9, 0xf9, 0xf9, 0xf9, 0xf9, 0xf9, 0xf9, 0xf9, 0xf9, 0xf9, 0xf9, 0xf9, 0xf9, 0xf9, 0xf9, 0xfd, 0xfe, 0xfe, 0xfe, 0xfe, 0xff, 0xdf, 0xdf, 0xdf, 0xff, 0xff, 0xff, 0xff, 0xdf, 0xdf, 0xdf, 0xdf, 0xdf, 0xdf, 0xdf, 0xdf, 0xdf, 0xdf, 0xdf, 0xdf, 0xdf, 0xdf, 0xdf, 0xdf, 0xdf, 0xdf, 0xdf, 
  0xdf, 0xdf, 0xdf, 0xdf, 0xdf, 0xdf, 0xdf, 0xdf, 0xdf, 0xdf, 0xdf, 0xdf, 0xdf, 0xdf, 0xdf, 0xdf, 0xdf, 0xdf, 0xdf, 0xff, 0xff, 0xff, 0xdf, 0xdf, 0xdf, 0xdf, 0xdf, 0xdf, 0xdf, 0xfe, 0xfe, 0xfe, 0xf9, 0xf9, 0xf9, 0xf9, 0xfd, 0xfd, 0xf9, 0xf9, 0xf9, 0xfd, 0xfd, 0xfd, 0xf9, 0xf9, 0xf9, 0xf9, 0xf9, 0xfe, 0xfe, 0xff, 0xdf, 0xdf, 0xdf, 0xff, 0xff, 0xfe, 0xfe, 0xfe, 0xfe, 0xff, 0xdf, 0xdf, 0xdf, 0xdf, 0xdf, 0xdf, 0xdf, 0xdf, 0xdf, 0xdf, 0xdf, 0xdf, 0xdf, 0xdf, 0xdf, 0xdf, 0xdf, 0xdf, 
  0xdf, 0xdf, 0xdf, 0xdf, 0xdf, 0xdf, 0xdf, 0xdf, 0xdf, 0xdf, 0xdf, 0xdf, 0xdf, 0xdf, 0xdf, 0xdf, 0xdf, 0xdf, 0xff, 0xfe, 0xfe, 0xfe, 0xdf, 0xdf, 0xdf, 0xdf, 0xdf, 0xdf, 0xdf, 0xdf, 0xfe, 0xfe, 0xfe, 0xfe, 0xfa, 0xf9, 0xf9, 0xfd, 0xfd, 0xfd, 0xf9, 0xf9, 0xf9, 0xf9, 0xf9, 0xfe, 0xfe, 0xfe, 0xfe, 0xfe, 0xdf, 0xdf, 0xdf, 0xdf, 0xdf, 0xff, 0xfe, 0xfe, 0xfa, 0xfa, 0xfe, 0xfe, 0xdf, 0xdf, 0xdf, 0xdf, 0xdf, 0xdf, 0xdf, 0xdf, 0xdf, 0xdf, 0xdf, 0xdf, 0xdf, 0xdf, 0xdf, 0xdf, 0xdf, 0xdf, 
  0xdf, 0xdf, 0xdf, 0xdf, 0xdf, 0xdf, 0xdf, 0xdf, 0xdf, 0xdf, 0xdf, 0xdf, 0xdf, 0xdf, 0xdf, 0xdf, 0xdf, 0xfe, 0xfe, 0xfe, 0xfe, 0xfe, 0xfe, 0xff, 0xdf, 0xdf, 0xdf, 0xdf, 0xdf, 0xdf, 0xdf, 0xff, 0xff, 0xfe, 0xfe, 0xfe, 0xfe, 0xfe, 0xfe, 0xfd, 0xfd, 0xfe, 0xfe, 0xfe, 0xfe, 0xfe, 0xfe, 0xfe, 0xff, 0xff, 0xdf, 0xdf, 0xdf, 0xdf, 0xdf, 0xfe, 0xfe, 0xfa, 0xf9, 0xfd, 0xf9, 0xfe, 0xfe, 0xfe, 0xdf, 0xdf, 0xdf, 0xdf, 0xdf, 0xdf, 0xdf, 0xdf, 0xdf, 0xdf, 0xdf, 0xdf, 0xdf, 0xdf, 0xdf, 0xdf, 
  0xdf, 0xdf, 0xdf, 0xdf, 0xdf, 0xdf, 0xdf, 0xdf, 0xdf, 0xdf, 0xdf, 0xdf, 0xdf, 0xdf, 0xdf, 0xdf, 0xfe, 0xfe, 0xfd, 0xfd, 0xfd, 0xfe, 0xfe, 0xff, 0xdf, 0xdf, 0xdf, 0xdf, 0xdf, 0xdf, 0xdf, 0xdf, 0xdf, 0xdf, 0xdf, 0xff, 0xfe, 0xfe, 0xfe, 0xfe, 0xfe, 0xfe, 0xfe, 0xfe, 0xff, 0xdf, 0xdf, 0xdf, 0xdf, 0xdf, 0xdf, 0xdf, 0xdf, 0xdf, 0xdf, 0xff, 0xfe, 0xfe, 0xfd, 0xfd, 0xf9, 0xf9, 0xfd, 0xfe, 0xfe, 0xff, 0xdf, 0xdf, 0xdf, 0xdf, 0xdf, 0xdf, 0xdf, 0xdf, 0xdf, 0xdf, 0xdf, 0xdf, 0xdf, 0xdf, 
  0xdf, 0xdf, 0xdf, 0xdf, 0xdf, 0xdf, 0xdf, 0xdf, 0xdf, 0xdf, 0xdf, 0xdf, 0xdf, 0xff, 0xff, 0xfe, 0xfe, 0xfe, 0xfd, 0xfd, 0xfd, 0xfe, 0xfe, 0xff, 0xdf, 0xdf, 0xdf, 0xdf, 0xdf, 0xdf, 0xdf, 0xdf, 0xdf, 0xdf, 0xdf, 0xdf, 0xdf, 0xff, 0xff, 0xff, 0xff, 0xff, 0xdf, 0xdf, 0xdf, 0xdf, 0xdf, 0xdf, 0xdf, 0xdf, 0xdf, 0xdf, 0xdf, 0xdf, 0xdf, 0xdf, 0xfe, 0xfe, 0xf9, 0xf9, 0xf9, 0xf9, 0xf9, 0xfe, 0xfe, 0xfe, 0xff, 0xdf, 0xdf, 0xdf, 0xdf, 0xdf, 0xdf, 0xdf, 0xdf, 0xdf, 0xdf, 0xdf, 0xdf, 0xdf, 
  0xdf, 0xdf, 0xdf, 0xdf, 0xdf, 0xdf, 0xdf, 0xdf, 0xdf, 0xdf, 0xdf, 0xdf, 0xdf, 0xff, 0xfe, 0xfe, 0xfe, 0xfd, 0xfd, 0xf9, 0xfd, 0xfe, 0xff, 0xff, 0xdf, 0xdf, 0xdf, 0xdf, 0xdf, 0xdf, 0xdf, 0xdf, 0xdf, 0xdf, 0xdf, 0xdf, 0xdf, 0xdf, 0xdf, 0xdf, 0xdf, 0xdf, 0xdf, 0xdf, 0xdf, 0xdf, 0xdf, 0xdf, 0xdf, 0xdf, 0xdf, 0xdf, 0xdf, 0xdf, 0xdf, 0xdf, 0xfe, 0xfe, 0xfd, 0xf9, 0xf9, 0xf9, 0xf9, 0xf9, 0xfa, 0xfe, 0xfe, 0xff, 0xdf, 0xdf, 0xdf, 0xdf, 0xdf, 0xdf, 0xdf, 0xdf, 0xdf, 0xdf, 0xdf, 0xdf, 
  0xdf, 0xdf, 0xdf, 0xdf, 0xdf, 0xdf, 0xdf, 0xdf, 0xdf, 0xdf, 0xdf, 0xdf, 0xff, 0xfe, 0xfe, 0xfe, 0xfe, 0xf9, 0xf9, 0xfe, 0xfe, 0xff, 0xdf, 0xdf, 0xdf, 0xdf, 0xdf, 0xdf, 0xdf, 0xdf, 0xdf, 0xdf, 0xdf, 0xdf, 0xdf, 0xdf, 0xdf, 0xdf, 0xdf, 0xdf, 0xdf, 0xdf, 0xdf, 0xdf, 0xdf, 0xdf, 0xdf, 0xdf, 0xdf, 0xdf, 0xdf, 0xdf, 0xdf, 0xdf, 0xdf, 0xdf, 0xdf, 0xff, 0xfe, 0xfd, 0xfd, 0xfd, 0xfd, 0xfe, 0xfa, 0xfe, 0xfe, 0xfe, 0xdf, 0xdf, 0xdf, 0xdf, 0xdf, 0xdf, 0xdf, 0xdf, 0xdf, 0xdf, 0xdf, 0xdf, 
  0xdf, 0xdf, 0xdf, 0xdf, 0xdf, 0xdf, 0xdf, 0xdf, 0xdf, 0xdf, 0xdf, 0xdf, 0xff, 0xfe, 0xfe, 0xfa, 0xfe, 0xfa, 0xfa, 0xfe, 0xfe, 0xdf, 0xdf, 0xdf, 0xdf, 0xdf, 0xdf, 0xdf, 0xdf, 0xdf, 0xdf, 0xdf, 0xdf, 0xdf, 0xdf, 0xdf, 0xdf, 0xdf, 0xdf, 0xdf, 0xdf, 0xdf, 0xdf, 0xdf, 0xdf, 0xdf, 0xdf, 0xdf, 0xdf, 0xdf, 0xdf, 0xdf, 0xdf, 0xdf, 0xdf, 0xdf, 0xdf, 0xdf, 0xfe, 0xfe, 0xfe, 0xfd, 0xfe, 0xfe, 0xfe, 0xfa, 0xfe, 0xfe, 0xdf, 0xdf, 0xdf, 0xdf, 0xdf, 0xdf, 0xdf, 0xdf, 0xdf, 0xdf, 0xdf, 0xdf, 
  0xdf, 0xdf, 0xdf, 0xdf, 0xdf, 0xdf, 0xdf, 0xdf, 0xdf, 0xdf, 0xdf, 0xff, 0xfe, 0xfe, 0xfe, 0xfe, 0xfe, 0xfe, 0xfe, 0xfe, 0xff, 0xdf, 0xdf, 0xdf, 0xdf, 0xdf, 0xdf, 0xdf, 0xdf, 0xdf, 0xdf, 0xdf, 0xdf, 0xdf, 0xdf, 0xdf, 0xdf, 0xdf, 0xff, 0xff, 0xff, 0xff, 0xdf, 0xdf, 0xdf, 0xdf, 0xdf, 0xdf, 0xdf, 0xdf, 0xdf, 0xdf, 0xdf, 0xdf, 0xdf, 0xdf, 0xdf, 0xdf, 0xff, 0xfe, 0xfe, 0xfe, 0xfa, 0xfa, 0xfd, 0xfd, 0xfe, 0xfe, 0xff, 0xdf, 0xdf, 0xdf, 0xdf, 0xdf, 0xdf, 0xdf, 0xdf, 0xdf, 0xdf, 0xdf, 
  0xdf, 0xdf, 0xdf, 0xdf, 0xdf, 0xdf, 0xdf, 0xdf, 0xdf, 0xdf, 0xdf, 0xff, 0xfe, 0xfe, 0xfe, 0xfe, 0xfe, 0xfe, 0xfe, 0xff, 0xdf, 0xdf, 0xdf, 0xdf, 0xdf, 0xdf, 0xdf, 0xdf, 0xdf, 0xdf, 0xdf, 0xdf, 0xdf, 0xdf, 0xdf, 0xdf, 0xdf, 0xdf, 0xfe, 0xfe, 0xfe, 0xfe, 0xdf, 0xdf, 0xdf, 0xdf, 0xdf, 0xdf, 0xdf, 0xdf, 0xdf, 0xdf, 0xdf, 0xdf, 0xdf, 0xdf, 0xdf, 0xdf, 0xdf, 0xff, 0xfe, 0xfe, 0xfe, 0xfa, 0xf9, 0xfe, 0xfe, 0xfe, 0xff, 0xdf, 0xdf, 0xdf, 0xdf, 0xdf, 0xdf, 0xdf, 0xdf, 0xdf, 0xdf, 0xdf, 
  0xdf, 0xdf, 0xdf, 0xdf, 0xdf, 0xdf, 0xdf, 0xdf, 0xdf, 0xdf, 0xdf, 0xdf, 0xff, 0xfe, 0xfe, 0xfe, 0xfe, 0xfe, 0xff, 0xdf, 0xdf, 0xdf, 0xdf, 0xdf, 0xdf, 0xdf, 0xdf, 0xdf, 0xdf, 0xdf, 0xdf, 0xdf, 0xdf, 0xdf, 0xdf, 0xdf, 0xdf, 0xdf, 0xfe, 0xfe, 0xfe, 0xfe, 0xff, 0xdf, 0xdf, 0xdf, 0xdf, 0xdf, 0xdf, 0xdf, 0xdf, 0xdf, 0xdf, 0xdf, 0xdf, 0xdf, 0xdf, 0xdf, 0xdf, 0xdf, 0xff, 0xfe, 0xfe, 0xfe, 0xfe, 0xfe, 0xfe, 0xff, 0xdf, 0xdf, 0xdf, 0xdf, 0xdf, 0xdf, 0xdf, 0xdf, 0xdf, 0xdf, 0xdf, 0xdf, 
  0xdf, 0xdf, 0xdf, 0xdf, 0xdf, 0xdf, 0xdf, 0xdf, 0xdf, 0xdf, 0xdf, 0xdf, 0xff, 0xff, 0xfe, 0xfe, 0xfe, 0xff, 0xdf, 0xdf, 0xdf, 0xdf, 0xdf, 0xdf, 0xdf, 0xdf, 0xdf, 0xdf, 0xdf, 0xdf, 0xdf, 0xdf, 0xdf, 0xdf, 0xdf, 0xdf, 0xdf, 0xfe, 0xfe, 0xf9, 0xf9, 0xfe, 0xfe, 0xdf, 0xdf, 0xdf, 0xdf, 0xdf, 0xdf, 0xdf, 0xdf, 0xdf, 0xdf, 0xdf, 0xdf, 0xdf, 0xdf, 0xdf, 0xdf, 0xdf, 0xdf, 0xff, 0xff, 0xfe, 0xfe, 0xfe, 0xff, 0xff, 0xdf, 0xdf, 0xdf, 0xdf, 0xdf, 0xdf, 0xdf, 0xdf, 0xdf, 0xdf, 0xdf, 0xdf, 
  0xdf, 0xdf, 0xdf, 0xdf, 0xdf, 0xdf, 0xdf, 0xdf, 0xdf, 0xdf, 0xdf, 0xdf, 0xdf, 0xdf, 0xff, 0xff, 0xdf, 0xdf, 0xdf, 0xdf, 0xdf, 0xdf, 0xdf, 0xdf, 0xdf, 0xdf, 0xdf, 0xdf, 0xdf, 0xdf, 0xdf, 0xdf, 0xdf, 0xdf, 0xdf, 0xdf, 0xdf, 0xfe, 0xfe, 0xf9, 0xf9, 0xfd, 0xfe, 0xdf, 0xdf, 0xdf, 0xdf, 0xdf, 0xdf, 0xdf, 0xdf, 0xdf, 0xdf, 0xdf, 0xdf, 0xdf, 0xdf, 0xdf, 0xdf, 0xdf, 0xdf, 0xdf, 0xdf, 0xdf, 0xff, 0xff, 0xdf, 0xdf, 0xdf, 0xdf, 0xdf, 0xdf, 0xdf, 0xdf, 0xdf, 0xdf, 0xdf, 0xdf, 0xdf, 0xdf, 
  0xdf, 0xdf, 0xdf, 0xdf, 0xdf, 0xdf, 0xdf, 0xdf, 0xdf, 0xdf, 0xdf, 0xdf, 0xdf, 0xdf, 0xdf, 0xdf, 0xdf, 0xdf, 0xdf, 0xdf, 0xdf, 0xdf, 0xdf, 0xdf, 0xdf, 0xdf, 0xdf, 0xdf, 0xdf, 0xdf, 0xdf, 0xdf, 0xdf, 0xdf, 0xdf, 0xdf, 0xdf, 0xfe, 0xfd, 0xf9, 0xf9, 0xf9, 0xfe, 0xdf, 0xdf, 0xdf, 0xdf, 0xdf, 0xdf, 0xdf, 0xdf, 0xdf, 0xdf, 0xdf, 0xdf, 0xdf, 0xdf, 0xdf, 0xdf, 0xdf, 0xdf, 0xdf, 0xdf, 0xdf, 0xdf, 0xdf, 0xdf, 0xdf, 0xdf, 0xdf, 0xdf, 0xdf, 0xdf, 0xdf, 0xdf, 0xdf, 0xdf, 0xdf, 0xdf, 0xdf, 
  0xdf, 0xdf, 0xdf, 0xdf, 0xdf, 0xdf, 0xdf, 0xdf, 0xdf, 0xdf, 0xdf, 0xdf, 0xdf, 0xdf, 0xdf, 0xdf, 0xdf, 0xdf, 0xdf, 0xdf, 0xdf, 0xdf, 0xdf, 0xdf, 0xdf, 0xdf, 0xdf, 0xdf, 0xdf, 0xdf, 0xdf, 0xdf, 0xdf, 0xdf, 0xdf, 0xdf, 0xdf, 0xfe, 0xfe, 0xf9, 0xf9, 0xfe, 0xfe, 0xdf, 0xdf, 0xdf, 0xdf, 0xdf, 0xdf, 0xdf, 0xdf, 0xdf, 0xdf, 0xdf, 0xdf, 0xdf, 0xdf, 0xdf, 0xdf, 0xdf, 0xdf, 0xdf, 0xdf, 0xdf, 0xdf, 0xdf, 0xdf, 0xdf, 0xdf, 0xdf, 0xdf, 0xdf, 0xdf, 0xdf, 0xdf, 0xdf, 0xdf, 0xdf, 0xdf, 0xdf, 
  0xdf, 0xdf, 0xdf, 0xdf, 0xdf, 0xdf, 0xdf, 0xdf, 0xdf, 0xdf, 0xdf, 0xdf, 0xdf, 0xdf, 0xdf, 0xdf, 0xdf, 0xdf, 0xdf, 0xdf, 0xdf, 0xdf, 0xdf, 0xdf, 0xdf, 0xdf, 0xdf, 0xdf, 0xdf, 0xdf, 0xdf, 0xdf, 0xdf, 0xdf, 0xdf, 0xdf, 0xdf, 0xfe, 0xfe, 0xfd, 0xf9, 0xfe, 0xfe, 0xdf, 0xdf, 0xdf, 0xdf, 0xdf, 0xdf, 0xdf, 0xdf, 0xdf, 0xdf, 0xdf, 0xdf, 0xdf, 0xdf, 0xdf, 0xdf, 0xdf, 0xdf, 0xdf, 0xdf, 0xdf, 0xdf, 0xdf, 0xdf, 0xdf, 0xdf, 0xdf, 0xdf, 0xdf, 0xdf, 0xdf, 0xdf, 0xdf, 0xdf, 0xdf, 0xdf, 0xdf, 
  0xdf, 0xdf, 0xdf, 0xdf, 0xdf, 0xdf, 0xdf, 0xdf, 0xdf, 0xdf, 0xdf, 0xdf, 0xdf, 0xdf, 0xdf, 0xdf, 0xdf, 0xdf, 0xdf, 0xdf, 0xdf, 0xdf, 0xdf, 0xdf, 0xdf, 0xdf, 0xdf, 0xdf, 0xdf, 0xdf, 0xdf, 0xdf, 0xdf, 0xdf, 0xdf, 0xdf, 0xdf, 0xfe, 0xfe, 0xf9, 0xf9, 0xfa, 0xfe, 0xdf, 0xdf, 0xdf, 0xdf, 0xdf, 0xdf, 0xdf, 0xdf, 0xdf, 0xdf, 0xdf, 0xdf, 0xdf, 0xdf, 0xdf, 0xdf, 0xdf, 0xdf, 0xdf, 0xdf, 0xdf, 0xdf, 0xdf, 0xdf, 0xdf, 0xdf, 0xdf, 0xdf, 0xdf, 0xdf, 0xdf, 0xdf, 0xdf, 0xdf, 0xdf, 0xdf, 0xdf, 
  0xdf, 0xdf, 0xdf, 0xdf, 0xdf, 0xdf, 0xdf, 0xdf, 0xdf, 0xdf, 0xdf, 0xdf, 0xdf, 0xdf, 0xdf, 0xdf, 0xdf, 0xdf, 0xdf, 0xdf, 0xdf, 0xdf, 0xdf, 0xdf, 0xdf, 0xdf, 0xdf, 0xdf, 0xdf, 0xdf, 0xdf, 0xdf, 0xdf, 0xdf, 0xdf, 0xdf, 0xdf, 0xfe, 0xfe, 0xfd, 0xfd, 0xfe, 0xfe, 0xdf, 0xdf, 0xdf, 0xdf, 0xdf, 0xdf, 0xdf, 0xdf, 0xdf, 0xdf, 0xdf, 0xdf, 0xdf, 0xdf, 0xdf, 0xdf, 0xdf, 0xdf, 0xdf, 0xdf, 0xdf, 0xdf, 0xdf, 0xdf, 0xdf, 0xdf, 0xdf, 0xdf, 0xdf, 0xdf, 0xdf, 0xdf, 0xdf, 0xdf, 0xdf, 0xdf, 0xdf, 
  0xdf, 0xdf, 0xdf, 0xdf, 0xdf, 0xdf, 0xdf, 0xdf, 0xdf, 0xdf, 0xdf, 0xdf, 0xdf, 0xdf, 0xdf, 0xdf, 0xdf, 0xdf, 0xdf, 0xdf, 0xdf, 0xdf, 0xdf, 0xdf, 0xdf, 0xdf, 0xdf, 0xdf, 0xdf, 0xdf, 0xdf, 0xdf, 0xdf, 0xdf, 0xdf, 0xdf, 0xdf, 0xfe, 0xfe, 0xfd, 0xf9, 0xfe, 0xfe, 0xdf, 0xdf, 0xdf, 0xdf, 0xdf, 0xdf, 0xdf, 0xdf, 0xdf, 0xdf, 0xdf, 0xdf, 0xdf, 0xdf, 0xdf, 0xdf, 0xdf, 0xdf, 0xdf, 0xdf, 0xdf, 0xdf, 0xdf, 0xdf, 0xdf, 0xdf, 0xdf, 0xdf, 0xdf, 0xdf, 0xdf, 0xdf, 0xdf, 0xdf, 0xdf, 0xdf, 0xdf, 
  0xdf, 0xdf, 0xdf, 0xdf, 0xdf, 0xdf, 0xdf, 0xdf, 0xdf, 0xdf, 0xdf, 0xdf, 0xdf, 0xdf, 0xdf, 0xdf, 0xdf, 0xdf, 0xdf, 0xdf, 0xdf, 0xdf, 0xdf, 0xdf, 0xdf, 0xdf, 0xdf, 0xdf, 0xdf, 0xdf, 0xdf, 0xdf, 0xdf, 0xdf, 0xdf, 0xdf, 0xdf, 0xfe, 0xfe, 0xfa, 0xfa, 0xfe, 0xfe, 0xdf, 0xdf, 0xdf, 0xdf, 0xdf, 0xdf, 0xdf, 0xdf, 0xdf, 0xdf, 0xdf, 0xdf, 0xdf, 0xdf, 0xdf, 0xdf, 0xdf, 0xdf, 0xdf, 0xdf, 0xdf, 0xdf, 0xdf, 0xdf, 0xdf, 0xdf, 0xdf, 0xdf, 0xdf, 0xdf, 0xdf, 0xdf, 0xdf, 0xdf, 0xdf, 0xdf, 0xdf, 
  0xdf, 0xdf, 0xdf, 0xdf, 0xdf, 0xdf, 0xdf, 0xdf, 0xdf, 0xdf, 0xdf, 0xdf, 0xdf, 0xdf, 0xdf, 0xdf, 0xdf, 0xdf, 0xdf, 0xdf, 0xdf, 0xdf, 0xdf, 0xdf, 0xdf, 0xdf, 0xdf, 0xdf, 0xdf, 0xdf, 0xdf, 0xdf, 0xdf, 0xdf, 0xdf, 0xdf, 0xdf, 0xdf, 0xfe, 0xfe, 0xfe, 0xfe, 0xff, 0xdf, 0xdf, 0xdf, 0xdf, 0xdf, 0xdf, 0xdf, 0xdf, 0xdf, 0xdf, 0xdf, 0xdf, 0xdf, 0xdf, 0xdf, 0xdf, 0xdf, 0xdf, 0xdf, 0xdf, 0xdf, 0xdf, 0xdf, 0xdf, 0xdf, 0xdf, 0xdf, 0xdf, 0xdf, 0xdf, 0xdf, 0xdf, 0xdf, 0xdf, 0xdf, 0xdf, 0xdf, 
  0xdf, 0xdf, 0xdf, 0xdf, 0xdf, 0xdf, 0xdf, 0xdf, 0xdf, 0xdf, 0xdf, 0xdf, 0xdf, 0xdf, 0xdf, 0xdf, 0xdf, 0xdf, 0xdf, 0xdf, 0xdf, 0xdf, 0xdf, 0xdf, 0xdf, 0xdf, 0xdf, 0xdf, 0xdf, 0xdf, 0xdf, 0xdf, 0xdf, 0xdf, 0xdf, 0xdf, 0xdf, 0xdf, 0xff, 0xfe, 0xfe, 0xff, 0xdf, 0xdf, 0xdf, 0xdf, 0xdf, 0xdf, 0xdf, 0xdf, 0xdf, 0xdf, 0xdf, 0xdf, 0xdf, 0xdf, 0xdf, 0xdf, 0xdf, 0xdf, 0xdf, 0xdf, 0xdf, 0xdf, 0xdf, 0xdf, 0xdf, 0xdf, 0xdf, 0xdf, 0xdf, 0xdf, 0xdf, 0xdf, 0xdf, 0xdf, 0xdf, 0xdf, 0xdf, 0xdf, 
  0xdf, 0xdf, 0xdf, 0xdf, 0xdf, 0xdf, 0xdf, 0xdf, 0xdf, 0xdf, 0xdf, 0xdf, 0xdf, 0xdf, 0xdf, 0xdf, 0xdf, 0xdf, 0xdf, 0xdf, 0xdf, 0xdf, 0xdf, 0xdf, 0xdf, 0xdf, 0xdf, 0xdf, 0xdf, 0xdf, 0xdf, 0xdf, 0xdf, 0xdf, 0xdf, 0xdf, 0xdf, 0xdf, 0xdf, 0xdf, 0xff, 0xdf, 0xdf, 0xdf, 0xdf, 0xdf, 0xdf, 0xdf, 0xdf, 0xdf, 0xdf, 0xdf, 0xdf, 0xdf, 0xdf, 0xdf, 0xdf, 0xdf, 0xdf, 0xdf, 0xdf, 0xdf, 0xdf, 0xdf, 0xdf, 0xdf, 0xdf, 0xdf, 0xdf, 0xdf, 0xdf, 0xdf, 0xdf, 0xdf, 0xdf, 0xdf, 0xdf, 0xdf, 0xdf, 0xdf, 
  0xdf, 0xdf, 0xdf, 0xdf, 0xdf, 0xdf, 0xdf, 0xdf, 0xdf, 0xdf, 0xdf, 0xdf, 0xdf, 0xdf, 0xdf, 0xdf, 0xdf, 0xdf, 0xdf, 0xdf, 0xdf, 0xdf, 0xdf, 0xdf, 0xdf, 0xdf, 0xdf, 0xdf, 0xdf, 0xdf, 0xdf, 0xdf, 0xdf, 0xdf, 0xdf, 0xdf, 0xdf, 0xdf, 0xdf, 0xdf, 0xdf, 0xdf, 0xdf, 0xdf, 0xdf, 0xdf, 0xdf, 0xdf, 0xdf, 0xdf, 0xdf, 0xdf, 0xdf, 0xdf, 0xdf, 0xdf, 0xdf, 0xdf, 0xdf, 0xdf, 0xdf, 0xdf, 0xdf, 0xdf, 0xdf, 0xdf, 0xdf, 0xdf, 0xdf, 0xdf, 0xdf, 0xdf, 0xdf, 0xdf, 0xdf, 0xdf, 0xdf, 0xdf, 0xdf, 0xdf, 
#endif
#if LV_COLOR_DEPTH == 16 && LV_COLOR_16_SWAP == 0
  /*Pixel format: Red: 5 bit, Green: 6 bit, Blue: 5 bit*/
  0xf9, 0xbf, 0xf9, 0xbf, 0xf8, 0xc7, 0xf8, 0xc7, 0xf7, 0xcf, 0xf7, 0xcf, 0xf7, 0xcf, 0xf7, 0xcf, 0xf7, 0xc7, 0xf8, 0xc7, 0xf8, 0xc7, 0xf9, 0xc7, 0xf9, 0xc7, 0xf9, 0xc7, 0xf9, 0xc7, 0xf9, 0xc7, 0xf9, 0xc7, 0xf8, 0xc7, 0xf8, 0xbf, 0xf8, 0xbf, 0xf8, 0xc7, 0xf8, 0xc7, 0xf8, 0xc7, 0xf8, 0xc7, 0xf8, 0xcf, 0xf8, 0xcf, 0xf8, 0xcf, 0xf8, 0xcf, 0xf8, 0xc7, 0xf8, 0xc7, 0xf8, 0xc7, 0xf8, 0xc7, 0xf8, 0xc7, 0xf8, 0xc7, 0xf8, 0xc7, 0xf7, 0xbf, 0xf8, 0xbf, 0xf9, 0xbf, 0xf8, 0xbf, 0xf9, 0xc7, 0xf9, 0xc7, 0xf9, 0xc7, 0xf9, 0xc7, 0xf8, 0xc7, 0xf8, 0xc7, 0xf8, 0xcf, 0xf8, 0xc7, 0xf9, 0xc7, 0xf8, 0xbf, 0xf8, 0xbf, 0xf8, 0xbf, 0xf8, 0xc7, 0xf8, 0xc7, 0xf8, 0xcf, 0xf8, 0xcf, 0xf8, 0xcf, 0xf8, 0xcf, 0xf8, 0xcf, 0xf8, 0xc7, 0xf8, 0xc7, 0xf8, 0xc7, 0xf8, 0xc7, 0xf8, 0xc7, 0xf8, 0xc7, 0xf8, 0xc7, 0xf8, 0xc7, 0xf8, 0xc7, 0xf9, 0xc7, 0xf9, 0xc7, 0xf9, 0xc7, 0xf9, 0xbf, 0xf8, 0xbf, 0xf8, 0xc7, 0xf8, 0xc7, 0xf7, 0xcf, 0xf7, 0xcf, 0xf8, 0xcf, 0xf8, 0xc7, 0xf8, 0xbf, 0xf8, 0xbf, 
  0xf9, 0xbf, 0xf9, 0xc7, 0xf8, 0xc7, 0xf8, 0xc7, 0xf7, 0xcf, 0xf7, 0xcf, 0xf7, 0xcf, 0xf7, 0xcf, 0xf8, 0xc7, 0xf8, 0xc7, 0xf8, 0xc7, 0xf8, 0xc7, 0xf8, 0xc7, 0xf8, 0xc7, 0xf8, 0xc7, 0xf8, 0xc7, 0xf8, 0xc7, 0xf8, 0xc7, 0xf8, 0xc7, 0xf8, 0xc7, 0xf8, 0xc7, 0xf8, 0xc7, 0xf8, 0xc7, 0xf8, 0xc7, 0xf8, 0xcf, 0xf8, 0xcf, 0xf8, 0xcf, 0xf8, 0xcf, 0xf8, 0xc7, 0xf8, 0xc7, 0xf8, 0xc7, 0xf8, 0xc7, 0xf8, 0xc7, 0xf8, 0xc7, 0xf8, 0xc7, 0xf7, 0xc7, 0xf8, 0xc7, 0xf9, 0xc7, 0xf7, 0xcf, 0xf7, 0xcf, 0xf7, 0xd7, 0xf7, 0xcf, 0xf8, 0xcf, 0xf8, 0xc7, 0xf7, 0xc7, 0xf8, 0xcf, 0xf8, 0xc7, 0xf9, 0xc7, 0xf8, 0xbf, 0xf8, 0xbf, 0xf8, 0xc7, 0xf8, 0xc7, 0xf8, 0xc7, 0xf8, 0xcf, 0xf8, 0xcf, 0xf8, 0xcf, 0xf8, 0xcf, 0xf8, 0xc7, 0xf8, 0xc7, 0xf8, 0xc7, 0xf8, 0xc7, 0xf8, 0xc7, 0xf8, 0xc7, 0xf8, 0xc7, 0xf8, 0xc7, 0xf8, 0xc7, 0xf8, 0xc7, 0xf8, 0xc7, 0xf9, 0xc7, 0xf9, 0xc7, 0xf8, 0xbf, 0xf8, 0xbf, 0xf8, 0xc7, 0xf8, 0xc7, 0xf8, 0xcf, 0xf8, 0xcf, 0xf8, 0xcf, 0xf8, 0xc7, 0xf8, 0xbf, 0xf8, 0xbf, 
  0xf8, 0xc7, 0xf8, 0xc7, 0xf8, 0xc7, 0xf8, 0xc7, 0xf8, 0xc7, 0xf8, 0xc7, 0xf8, 0xc7, 0xf8, 0xc7, 0xf8, 0xc7, 0xf8, 0xc7, 0xf8, 0xc7, 0xf8, 0xc7, 0xf8, 0xc7, 0xf8, 0xc7, 0xf8, 0xc7, 0xf8, 0xc7, 0xf8, 0xc7, 0xf8, 0xc7, 0xf8, 0xc7, 0xf8, 0xc7, 0xf8, 0xc7, 0xf8, 0xc7, 0xf8, 0xc7, 0xf8, 0xc7, 0xf8, 0xc7, 0xf8, 0xc7, 0xf8, 0xc7, 0xf8, 0xc7, 0xf8, 0xc7, 0xf8, 0xc7, 0xf8, 0xc7, 0xf8, 0xc7, 0xf8, 0xc7, 0xf8, 0xc7, 0xf8, 0xc7, 0xf8, 0xc7, 0xf8, 0xc7, 0xf7, 0xcf, 0x94, 0xd7, 0x73, 0xdf, 0x73, 0xe7, 0x94, 0xdf, 0xf7, 0xd7, 0xf8, 0xc7, 0xf8, 0xc7, 0xf8, 0xc7, 0xf8, 0xc7, 0xf8, 0xcf, 0xf8, 0xc7, 0xf8, 0xc7, 0xf8, 0xc7, 0xf8, 0xc7, 0xf8, 0xc7, 0xf8, 0xcf, 0xf8, 0xc7, 0xf8, 0xc7, 0xf8, 0xc7, 0xf8, 0xc7, 0xf8, 0xc7, 0xf8, 0xc7, 0xf8, 0xc7, 0xf8, 0xc7, 0xf8, 0xc7, 0xf8, 0xc7, 0xf8, 0xc7, 0xf8, 0xc7, 0xf8, 0xcf, 0xf8, 0xcf, 0xf8, 0xc7, 0xf8, 0xc7, 0xf8, 0xc7, 0xf8, 0xbf, 0xf8, 0xbf, 0xf8, 0xc7, 0xf8, 0xc7, 0xf8, 0xcf, 0xf8, 0xcf, 0xf8, 0xc7, 0xf8, 0xc7, 0xf8, 0xbf, 
  0xf8, 0xc7, 0xf8, 0xc7, 0xf8, 0xc7, 0xf8, 0xc7, 0xf8, 0xc7, 0xf8, 0xc7, 0xf8, 0xc7, 0xf8, 0xc7, 0xf8, 0xc7, 0xf8, 0xc7, 0xf8, 0xc7, 0xf8, 0xc7, 0xf8, 0xc7, 0xf8, 0xc7, 0xf8, 0xc7, 0xf8, 0xc7, 0xf8, 0xc7, 0xf8, 0xc7, 0xf8, 0xc7, 0xf8, 0xc7, 0xf8, 0xc7, 0xf8, 0xc7, 0xf8, 0xc7, 0xf8, 0xc7, 0xf8, 0xc7, 0xf8, 0xc7, 0xf8, 0xc7, 0xf8, 0xc7, 0xf8, 0xc7, 0xf8, 0xc7, 0xf8, 0xc7, 0xf8, 0xc7, 0xf8, 0xcf, 0xf8, 0xc7, 0xf8, 0xc7, 0xf8, 0xc7, 0xf7, 0xcf, 0xd5, 0xd7, 0x31, 0xdf, 0xef, 0xe6, 0xef, 0xe6, 0x11, 0xdf, 0xb5, 0xd7, 0xf7, 0xcf, 0xf8, 0xc7, 0xf8, 0xc7, 0xf8, 0xc7, 0xf8, 0xcf, 0xf8, 0xcf, 0xf8, 0xcf, 0xf8, 0xcf, 0xf8, 0xcf, 0xf8, 0xc7, 0xf8, 0xc7, 0xf8, 0xc7, 0xf8, 0xc7, 0xf8, 0xc7, 0xf8, 0xc7, 0xf8, 0xc7, 0xf8, 0xc7, 0xf8, 0xc7, 0xf8, 0xc7, 0xf8, 0xc7, 0xf8, 0xc7, 0xf8, 0xc7, 0xf8, 0xc7, 0xf8, 0xcf, 0xf8, 0xcf, 0xf8, 0xcf, 0xf8, 0xc7, 0xf8, 0xc7, 0xf8, 0xbf, 0xf8, 0xbf, 0xf8, 0xc7, 0xf8, 0xc7, 0xf8, 0xc7, 0xf8, 0xcf, 0xf8, 0xc7, 0xf8, 0xc7, 0xf8, 0xc7, 
  0xf7, 0xcf, 0xf8, 0xcf, 0xf8, 0xc7, 0xf8, 0xc7, 0xf8, 0xc7, 0xf9, 0xc7, 0xf9, 0xc7, 0xf9, 0xc7, 0xf8, 0xc7, 0xf8, 0xc7, 0xf8, 0xc7, 0xf8, 0xc7, 0xf7, 0xc7, 0xf7, 0xc7, 0xf7, 0xc7, 0xf7, 0xc7, 0xf8, 0xcf, 0xf8, 0xcf, 0xf8, 0xcf, 0xf8, 0xc7, 0xf8, 0xc7, 0xf8, 0xc7, 0xf8, 0xc7, 0xf8, 0xc7, 0xf8, 0xc7, 0xf8, 0xc7, 0xf8, 0xc7, 0xf8, 0xc7, 0xf8, 0xc7, 0xf8, 0xc7, 0xf8, 0xcf, 0xf8, 0xcf, 0xf8, 0xcf, 0xf8, 0xc7, 0xf8, 0xc7, 0xf7, 0xc7, 0xf7, 0xcf, 0xb4, 0xdf, 0xee, 0xe6, 0x8c, 0xee, 0x8c, 0xf6, 0xae, 0xe6, 0x94, 0xdf, 0xf7, 0xd7, 0xf8, 0xc7, 0xf8, 0xc7, 0xf8, 0xc7, 0xf8, 0xcf, 0xf8, 0xcf, 0xf8, 0xcf, 0xf8, 0xcf, 0xf8, 0xc7, 0xf8, 0xc7, 0xf8, 0xc7, 0xf8, 0xc7, 0xf8, 0xc7, 0xf8, 0xc7, 0xf8, 0xc7, 0xf8, 0xc7, 0xf8, 0xc7, 0xf8, 0xc7, 0xf8, 0xc7, 0xf8, 0xc7, 0xf8, 0xc7, 0xf8, 0xc7, 0xf8, 0xc7, 0xf8, 0xcf, 0xf8, 0xcf, 0xf7, 0xcf, 0xf7, 0xc7, 0xf7, 0xc7, 0xf8, 0xbf, 0xf8, 0xbf, 0xf8, 0xbf, 0xf8, 0xc7, 0xf8, 0xc7, 0xf8, 0xc7, 0xf8, 0xc7, 0xf8, 0xc7, 0xf8, 0xc7, 
  0xf7, 0xcf, 0xf7, 0xcf, 0xf8, 0xc7, 0xf8, 0xc7, 0xf9, 0xc7, 0xf9, 0xc7, 0xf9, 0xc7, 0xf9, 0xc7, 0xf8, 0xc7, 0xf8, 0xc7, 0xf8, 0xc7, 0xf8, 0xc7, 0xf7, 0xc7, 0xf7, 0xc7, 0xf7, 0xc7, 0xf8, 0xc7, 0xf8, 0xc7, 0xf8, 0xc7, 0xf8, 0xc7, 0xf8, 0xcf, 0xf8, 0xc7, 0xf8, 0xc7, 0xf8, 0xc7, 0xf8, 0xc7, 0xf8, 0xc7, 0xf8, 0xbf, 0xf8, 0xbf, 0xf8, 0xc7, 0xf8, 0xc7, 0xf8, 0xc7, 0xf8, 0xcf, 0xf8, 0xcf, 0xf8, 0xcf, 0xf8, 0xc7, 0xf8, 0xc7, 0xf8, 0xc7, 0xf7, 0xcf, 0x93, 0xdf, 0xce, 0xee, 0x8b, 0xf6, 0x8c, 0xfe, 0xad, 0xee, 0x73, 0xdf, 0xf7, 0xd7, 0xf7, 0xc7, 0xf8, 0xc7, 0xf8, 0xc7, 0xf8, 0xcf, 0xf8, 0xcf, 0xf8, 0xcf, 0xf8, 0xcf, 0xf8, 0xc7, 0xf8, 0xc7, 0xf8, 0xc7, 0xf8, 0xbf, 0xf8, 0xc7, 0xf8, 0xc7, 0xf8, 0xc7, 0xf8, 0xc7, 0xf8, 0xc7, 0xf8, 0xc7, 0xf8, 0xc7, 0xf8, 0xc7, 0xf8, 0xc7, 0xf8, 0xc7, 0xf8, 0xc7, 0xf8, 0xcf, 0xf8, 0xcf, 0xf7, 0xcf, 0xf7, 0xcf, 0xf7, 0xc7, 0xf8, 0xc7, 0xf8, 0xbf, 0xf8, 0xbf, 0xf8, 0xc7, 0xf9, 0xc7, 0xf8, 0xc7, 0xf8, 0xc7, 0xf8, 0xc7, 0xf8, 0xc7, 
  0xf7, 0xcf, 0xf7, 0xcf, 0xf8, 0xc7, 0xf8, 0xc7, 0xf9, 0xc7, 0xf9, 0xc7, 0xf9, 0xc7, 0xf9, 0xc7, 0xf8, 0xc7, 0xf8, 0xc7, 0xf8, 0xcf, 0xf8, 0xc7, 0xf8, 0xc7, 0xf8, 0xc7, 0xf8, 0xc7, 0xf8, 0xc7, 0xf8, 0xc7, 0xf8, 0xc7, 0xf8, 0xc7, 0xf8, 0xc7, 0xf8, 0xc7, 0xf8, 0xc7, 0xf8, 0xc7, 0xf8, 0xc7, 0xf8, 0xc7, 0xf8, 0xbf, 0xf8, 0xbf, 0xf8, 0xbf, 0xf8, 0xc7, 0xf8, 0xc7, 0xf8, 0xcf, 0xf8, 0xcf, 0xf8, 0xc7, 0xf8, 0xc7, 0xf8, 0xc7, 0xf7, 0xc7, 0xf7, 0xd7, 0x93, 0xdf, 0xce, 0xee, 0x8c, 0xfe, 0xac, 0xfe, 0x8d, 0xee, 0x73, 0xdf, 0xd6, 0xd7, 0xf7, 0xc7, 0xf8, 0xc7, 0xf8, 0xc7, 0xf8, 0xc7, 0xf8, 0xcf, 0xf8, 0xcf, 0xf8, 0xc7, 0xf8, 0xc7, 0xf8, 0xbf, 0xf8, 0xbf, 0xf8, 0xbf, 0xf8, 0xbf, 0xf8, 0xc7, 0xf8, 0xc7, 0xf8, 0xc7, 0xf8, 0xcf, 0xf8, 0xcf, 0xf8, 0xc7, 0xf8, 0xc7, 0xf8, 0xc7, 0xf9, 0xc7, 0xf9, 0xc7, 0xf8, 0xc7, 0xf8, 0xc7, 0xf7, 0xcf, 0xf7, 0xcf, 0xf7, 0xc7, 0xf8, 0xc7, 0xf8, 0xc7, 0xf8, 0xc7, 0xf9, 0xc7, 0xf9, 0xc7, 0xf9, 0xc7, 0xf8, 0xc7, 0xf8, 0xc7, 0xf8, 0xc7, 
  0xf7, 0xcf, 0xf8, 0xcf, 0xf8, 0xc7, 0xf8, 0xc7, 0xf9, 0xc7, 0xf9, 0xc7, 0xf9, 0xc7, 0xf9, 0xc7, 0xf8, 0xc7, 0xf8, 0xcf, 0xf8, 0xcf, 0xf8, 0xc7, 0xf8, 0xc7, 0xf8, 0xc7, 0xf9, 0xbf, 0xf9, 0xbf, 0xf8, 0xbf, 0xf8, 0xc7, 0xf8, 0xc7, 0xf8, 0xc7, 0xf8, 0xc7, 0xf8, 0xc7, 0xf8, 0xc7, 0xf8, 0xc7, 0xf8, 0xc7, 0xf8, 0xc7, 0xf8, 0xbf, 0xf8, 0xc7, 0xf8, 0xc7, 0xf8, 0xc7, 0xf8, 0xc7, 0xf8, 0xc7, 0xf8, 0xc7, 0xf8, 0xc7, 0xf8, 0xc7, 0xf7, 0xc7, 0xf6, 0xd7, 0x73, 0xdf, 0xae, 0xee, 0x8c, 0xfe, 0x8c, 0xfe, 0x8d, 0xee, 0x53, 0xe7, 0xf7, 0xdf, 0xf8, 0xcf, 0xf8, 0xc7, 0xf8, 0xc7, 0xf8, 0xc7, 0xf8, 0xc7, 0xf8, 0xc7, 0xf8, 0xc7, 0xf8, 0xc7, 0xf8, 0xbf, 0xf8, 0xbf, 0xf8, 0xbf, 0xf8, 0xc7, 0xf8, 0xc7, 0xf8, 0xc7, 0xf8, 0xcf, 0xf8, 0xcf, 0xf8, 0xcf, 0xf8, 0xc7, 0xf8, 0xc7, 0xf8, 0xc7, 0xf9, 0xbf, 0xf9, 0xbf, 0xf8, 0xc7, 0xf8, 0xc7, 0xf8, 0xcf, 0xf8, 0xcf, 0xf8, 0xcf, 0xf8, 0xc7, 0xf8, 0xc7, 0xf9, 0xc7, 0xf9, 0xc7, 0xf9, 0xc7, 0xf8, 0xc7, 0xf8, 0xc7, 0xf8, 0xc7, 0xf8, 0xc7, 
  0xf8, 0xc7, 0xf8, 0xc7, 0xf8, 0xc7, 0xf8, 0xc7, 0xf9, 0xc7, 0xf9, 0xc7, 0xf8, 0xc7, 0xf8, 0xc7, 0xf8, 0xcf, 0xf8, 0xcf, 0xf8, 0xc7, 0xf8, 0xc7, 0xf8, 0xc7, 0xf9, 0xbf, 0xf9, 0xbf, 0xf9, 0xbf, 0xf9, 0xbf, 0xf9, 0xbf, 0xf9, 0xbf, 0xf8, 0xbf, 0xf8, 0xc7, 0xf9, 0xcf, 0xf9, 0xcf, 0xf8, 0xc7, 0xf8, 0xc7, 0xf8, 0xc7, 0xf8, 0xc7, 0xf8, 0xc7, 0xf8, 0xc7, 0xf8, 0xc7, 0xf8, 0xc7, 0xf8, 0xc7, 0xf8, 0xc7, 0xf8, 0xc7, 0xf8, 0xc7, 0xf7, 0xc7, 0xf7, 0xd7, 0x93, 0xe7, 0xad, 0xee, 0xac, 0xfe, 0x8b, 0xfe, 0x8d, 0xf6, 0x53, 0xe7, 0xd6, 0xd7, 0xf8, 0xcf, 0xf8, 0xc7, 0xf8, 0xc7, 0xf8, 0xc7, 0xf8, 0xc7, 0xf8, 0xc7, 0xf8, 0xc7, 0xf8, 0xc7, 0xf8, 0xc7, 0xf8, 0xc7, 0xf8, 0xc7, 0xf8, 0xc7, 0xf8, 0xc7, 0xf9, 0xcf, 0xf9, 0xcf, 0xf9, 0xcf, 0xf8, 0xc7, 0xf8, 0xc7, 0xf8, 0xc7, 0xf9, 0xc7, 0xf9, 0xbf, 0xf9, 0xbf, 0xf8, 0xbf, 0xf8, 0xc7, 0xf8, 0xc7, 0xf8, 0xc7, 0xf8, 0xc7, 0xf8, 0xcf, 0xf8, 0xc7, 0xf9, 0xc7, 0xf9, 0xc7, 0xf9, 0xc7, 0xf8, 0xc7, 0xf8, 0xc7, 0xf8, 0xc7, 0xf7, 0xc7, 
  0xf8, 0xc7, 0xf8, 0xc7, 0xf8, 0xc7, 0xf8, 0xc7, 0xf8, 0xc7, 0xf8, 0xc7, 0xf8, 0xc7, 0xf8, 0xcf, 0xf8, 0xcf, 0xf8, 0xcf, 0xf8, 0xcf, 0xf8, 0xcf, 0xf8, 0xc7, 0xf8, 0xbf, 0xf9, 0xbf, 0xf9, 0xbf, 0xf8, 0xbf, 0xf8, 0xbf, 0xf9, 0xc7, 0xf9, 0xc7, 0xf9, 0xc7, 0xf9, 0xc7, 0xf9, 0xc7, 0xf9, 0xcf, 0xf8, 0xc7, 0xf8, 0xc7, 0xf8, 0xc7, 0xf8, 0xc7, 0xf8, 0xc7, 0xf8, 0xc7, 0xf8, 0xc7, 0xf8, 0xc7, 0xf8, 0xc7, 0xf8, 0xc7, 0xf8, 0xc7, 0xf8, 0xc7, 0xf7, 0xd7, 0x93, 0xe7, 0x8c, 0xf6, 0x6b, 0xfe, 0x6a, 0xfe, 0x8c, 0xf6, 0x52, 0xe7, 0xd6, 0xd7, 0xf8, 0xcf, 0xf8, 0xc7, 0xf8, 0xc7, 0xf8, 0xc7, 0xf8, 0xc7, 0xf8, 0xc7, 0xf8, 0xc7, 0xf8, 0xc7, 0xf8, 0xc7, 0xf8, 0xc7, 0xf8, 0xc7, 0xf8, 0xc7, 0xf8, 0xc7, 0xf9, 0xc7, 0xf9, 0xc7, 0xf9, 0xc7, 0xf9, 0xc7, 0xf9, 0xc7, 0xf8, 0xc7, 0xf8, 0xbf, 0xf8, 0xbf, 0xf8, 0xbf, 0xf8, 0xc7, 0xf8, 0xc7, 0xf8, 0xc7, 0xf8, 0xcf, 0xf8, 0xcf, 0xf9, 0xcf, 0xf9, 0xcf, 0xf9, 0xcf, 0xf9, 0xc7, 0xf8, 0xc7, 0xf8, 0xc7, 0xf8, 0xc7, 0xf8, 0xc7, 0xf7, 0xc7, 
  0xf8, 0xc7, 0xf8, 0xc7, 0xf8, 0xc7, 0xf8, 0xc7, 0xf8, 0xc7, 0xf8, 0xc7, 0xf8, 0xcf, 0xf8, 0xcf, 0xf8, 0xc7, 0xf8, 0xcf, 0xf8, 0xcf, 0xf8, 0xc7, 0xf8, 0xc7, 0xf8, 0xc7, 0xf8, 0xc7, 0xf8, 0xc7, 0xf7, 0xc7, 0xf7, 0xbf, 0xf8, 0xc7, 0xf9, 0xc7, 0xf9, 0xc7, 0xf9, 0xc7, 0xf9, 0xc7, 0xf9, 0xcf, 0xf8, 0xc7, 0xf8, 0xc7, 0xf8, 0xc7, 0xf8, 0xc7, 0xf8, 0xc7, 0xf8, 0xc7, 0xf8, 0xc7, 0xf8, 0xc7, 0xf8, 0xc7, 0xf8, 0xc7, 0xf8, 0xbf, 0xf8, 0xc7, 0xf7, 0xd7, 0x93, 0xe7, 0x8c, 0xf6, 0x69, 0xfe, 0x69, 0xfe, 0x8c, 0xfe, 0x52, 0xe7, 0xd6, 0xd7, 0xf8, 0xc7, 0xf8, 0xc7, 0xf8, 0xc7, 0xf8, 0xcf, 0xf8, 0xc7, 0xf8, 0xc7, 0xf8, 0xc7, 0xf8, 0xc7, 0xf8, 0xc7, 0xf8, 0xcf, 0xf8, 0xc7, 0xf8, 0xc7, 0xf9, 0xc7, 0xf9, 0xc7, 0xf9, 0xc7, 0xf9, 0xc7, 0xf9, 0xc7, 0xf8, 0xc7, 0xf8, 0xc7, 0xf7, 0xc7, 0xf7, 0xc7, 0xf7, 0xc7, 0xf8, 0xc7, 0xf8, 0xc7, 0xf8, 0xc7, 0xf9, 0xc7, 0xf9, 0xcf, 0xf9, 0xcf, 0xf9, 0xcf, 0xf9, 0xcf, 0xf8, 0xc7, 0xf8, 0xc7, 0xf8, 0xc7, 0xf8, 0xc7, 0xf8, 0xc7, 0xf8, 0xc7, 
  0xf8, 0xc7, 0xf8, 0xc7, 0xf8, 0xc7, 0xf8, 0xc7, 0xf8, 0xc7, 0xf8, 0xc7, 0xf8, 0xc7, 0xf8, 0xc7, 0xf8, 0xc7, 0xf8, 0xc7, 0xf8, 0xc7, 0xf7, 0xc7, 0xf7, 0xcf, 0xf7, 0xcf, 0xf7, 0xd7, 0xf6, 0xd7, 0xf7, 0xd7, 0xf6, 0xcf, 0xf7, 0xc7, 0xf8, 0xc7, 0xf9, 0xc7, 0xf9, 0xc7, 0xf9, 0xc7, 0xf9, 0xc7, 0xf8, 0xc7, 0xf8, 0xcf, 0xf8, 0xcf, 0xf8, 0xcf, 0xf8, 0xc7, 0xf8, 0xc7, 0xf8, 0xc7, 0xf8, 0xc7, 0xf8, 0xcf, 0xf8, 0xc7, 0xf8, 0xbf, 0xf8, 0xc7, 0xf7, 0xcf, 0x93, 0xdf, 0xac, 0xf6, 0x8a, 0xfe, 0x8a, 0xfe, 0xac, 0xfe, 0x73, 0xe7, 0xd7, 0xd7, 0xf8, 0xc7, 0xf9, 0xc7, 0xf8, 0xc7, 0xf8, 0xcf, 0xf8, 0xc7, 0xf8, 0xcf, 0xf8, 0xcf, 0xf8, 0xcf, 0xf8, 0xcf, 0xf8, 0xcf, 0xf8, 0xcf, 0xf8, 0xc7, 0xf9, 0xc7, 0xf9, 0xc7, 0xf9, 0xc7, 0xf8, 0xc7, 0xf8, 0xc7, 0xf7, 0xc7, 0xf7, 0xcf, 0xf6, 0xcf, 0xf6, 0xd7, 0xf6, 0xd7, 0xf7, 0xcf, 0xf7, 0xc7, 0xf8, 0xc7, 0xf8, 0xc7, 0xf9, 0xc7, 0xf9, 0xcf, 0xf9, 0xcf, 0xf8, 0xcf, 0xf8, 0xc7, 0xf8, 0xc7, 0xf8, 0xc7, 0xf8, 0xc7, 0xf8, 0xc7, 0xf8, 0xc7, 
  0xf8, 0xc7, 0xf8, 0xc7, 0xf8, 0xc7, 0xf8, 0xc7, 0xf7, 0xc7, 0xf7, 0xc7, 0xf8, 0xc7, 0xf8, 0xc7, 0xf9, 0xc7, 0xf9, 0xc7, 0xf8, 0xc7, 0xf7, 0xcf, 0xf6, 0xd7, 0xd6, 0xdf, 0xb4, 0xdf, 0x93, 0xdf, 0xd4, 0xdf, 0xd5, 0xdf, 0xf6, 0xd7, 0xf7, 0xcf, 0xf8, 0xc7, 0xf9, 0xc7, 0xf9, 0xc7, 0xf8, 0xc7, 0xf8, 0xc7, 0xf8, 0xcf, 0xf8, 0xcf, 0xf8, 0xcf, 0xf8, 0xcf, 0xf8, 0xc7, 0xf8, 0xc7, 0xf8, 0xc7, 0xf8, 0xcf, 0xf8, 0xc7, 0xf9, 0xc7, 0xf8, 0xc7, 0xf7, 0xcf, 0x94, 0xdf, 0xcd, 0xee, 0x8b, 0xfe, 0x6a, 0xfe, 0xad, 0xee, 0x73, 0xdf, 0xf7, 0xcf, 0xf8, 0xc7, 0xf9, 0xc7, 0xf8, 0xc7, 0xf8, 0xcf, 0xf8, 0xc7, 0xf8, 0xc7, 0xf8, 0xcf, 0xf8, 0xcf, 0xf8, 0xcf, 0xf8, 0xcf, 0xf8, 0xcf, 0xf8, 0xc7, 0xf9, 0xc7, 0xf9, 0xc7, 0xf8, 0xc7, 0xf8, 0xc7, 0xf7, 0xcf, 0xf6, 0xd7, 0xd5, 0xd7, 0xd4, 0xdf, 0x93, 0xdf, 0xb4, 0xdf, 0xf5, 0xdf, 0xf6, 0xcf, 0xf7, 0xc7, 0xf8, 0xc7, 0xf9, 0xc7, 0xf9, 0xc7, 0xf9, 0xc7, 0xf8, 0xc7, 0xf8, 0xc7, 0xf8, 0xc7, 0xf8, 0xc7, 0xf8, 0xc7, 0xf8, 0xc7, 0xf8, 0xc7, 
  0xf8, 0xc7, 0xf8, 0xc7, 0xf8, 0xc7, 0xf7, 0xc7, 0xf7, 0xc7, 0xf7, 0xc7, 0xf8, 0xc7, 0xf8, 0xc7, 0xf9, 0xbf, 0xf9, 0xc7, 0xf8, 0xc7, 0xf7, 0xcf, 0xd6, 0xdf, 0x73, 0xdf, 0x10, 0xe7, 0xef, 0xde, 0x31, 0xdf, 0x93, 0xe7, 0xf5, 0xe7, 0xf6, 0xd7, 0xf7, 0xcf, 0xf8, 0xc7, 0xf8, 0xc7, 0xf8, 0xc7, 0xf8, 0xc7, 0xf8, 0xcf, 0xf8, 0xcf, 0xf8, 0xcf, 0xf8, 0xcf, 0xf8, 0xc7, 0xf8, 0xc7, 0xf8, 0xc7, 0xf8, 0xcf, 0xf7, 0xc7, 0xf9, 0xc7, 0xf8, 0xc7, 0xf8, 0xc7, 0xb5, 0xd7, 0xef, 0xe6, 0x8c, 0xee, 0x8c, 0xee, 0xcf, 0xe6, 0x94, 0xd7, 0xf8, 0xcf, 0xf8, 0xc7, 0xf9, 0xc7, 0xf8, 0xc7, 0xf7, 0xc7, 0xf8, 0xc7, 0xf8, 0xc7, 0xf8, 0xcf, 0xf8, 0xcf, 0xf8, 0xcf, 0xf8, 0xcf, 0xf8, 0xc7, 0xf8, 0xc7, 0xf9, 0xc7, 0xf8, 0xbf, 0xf8, 0xc7, 0xf7, 0xcf, 0xf6, 0xd7, 0xd5, 0xdf, 0x73, 0xdf, 0x11, 0xdf, 0xef, 0xde, 0x30, 0xdf, 0x93, 0xdf, 0xf6, 0xd7, 0xf7, 0xcf, 0xf8, 0xc7, 0xf9, 0xc7, 0xf9, 0xc7, 0xf8, 0xc7, 0xf8, 0xc7, 0xf7, 0xc7, 0xf7, 0xc7, 0xf7, 0xc7, 0xf8, 0xc7, 0xf8, 0xc7, 0xf8, 0xc7, 
  0xf8, 0xc7, 0xf8, 0xc7, 0xf7, 0xc7, 0xf7, 0xc7, 0xf7, 0xc7, 0xf7, 0xc7, 0xf8, 0xc7, 0xf9, 0xbf, 0xf9, 0xbf, 0xf9, 0xbf, 0xf8, 0xc7, 0xf7, 0xd7, 0x94, 0xdf, 0x10, 0xe7, 0xad, 0xe6, 0x8d, 0xe6, 0xcf, 0xe6, 0x31, 0xe7, 0x93, 0xe7, 0xf5, 0xdf, 0xf7, 0xcf, 0xf7, 0xc7, 0xf8, 0xbf, 0xf8, 0xbf, 0xf8, 0xc7, 0xf8, 0xc7, 0xf8, 0xcf, 0xf8, 0xcf, 0xf8, 0xcf, 0xf8, 0xc7, 0xf8, 0xc7, 0xf8, 0xc7, 0xf8, 0xcf, 0xf7, 0xc7, 0xf8, 0xc7, 0xf8, 0xc7, 0xf8, 0xc7, 0xf6, 0xcf, 0x73, 0xdf, 0x10, 0xe7, 0x11, 0xe7, 0x32, 0xdf, 0xd6, 0xd7, 0xf8, 0xcf, 0xf8, 0xc7, 0xf8, 0xc7, 0xf8, 0xc7, 0xf8, 0xc7, 0xf8, 0xc7, 0xf8, 0xc7, 0xf8, 0xc7, 0xf8, 0xc7, 0xf8, 0xcf, 0xf8, 0xc7, 0xf8, 0xc7, 0xf8, 0xc7, 0xf8, 0xbf, 0xf8, 0xbf, 0xf7, 0xc7, 0xf6, 0xcf, 0xd5, 0xdf, 0x73, 0xe7, 0xf1, 0xe6, 0x8e, 0xe6, 0x8d, 0xee, 0xae, 0xe6, 0x31, 0xdf, 0xd4, 0xd7, 0xf7, 0xcf, 0xf8, 0xc7, 0xf8, 0xbf, 0xf9, 0xc7, 0xf8, 0xc7, 0xf8, 0xc7, 0xf7, 0xc7, 0xf7, 0xc7, 0xf7, 0xc7, 0xf8, 0xc7, 0xf8, 0xcf, 0xf9, 0xcf, 
  0xf8, 0xc7, 0xf8, 0xc7, 0xf8, 0xc7, 0xf7, 0xc7, 0xf7, 0xc7, 0xf8, 0xc7, 0xf8, 0xc7, 0xf9, 0xbf, 0xf9, 0xbf, 0xf9, 0xbf, 0xf8, 0xc7, 0xf7, 0xd7, 0x93, 0xdf, 0xf0, 0xde, 0xad, 0xee, 0xcd, 0xf6, 0xad, 0xee, 0xae, 0xee, 0x10, 0xe7, 0x93, 0xe7, 0xf6, 0xd7, 0xf7, 0xcf, 0xf8, 0xbf, 0xf9, 0xbf, 0xf9, 0xc7, 0xf8, 0xc7, 0xf8, 0xcf, 0xf8, 0xcf, 0xf8, 0xc7, 0xf8, 0xc7, 0xf8, 0xc7, 0xf8, 0xc7, 0xf8, 0xcf, 0xf8, 0xc7, 0xf8, 0xc7, 0xf8, 0xc7, 0xf8, 0xc7, 0xf8, 0xcf, 0xd6, 0xd7, 0xb5, 0xdf, 0xb5, 0xdf, 0xb5, 0xd7, 0xf8, 0xcf, 0xf8, 0xc7, 0xf8, 0xbf, 0xf8, 0xc7, 0xf8, 0xc7, 0xf8, 0xc7, 0xf8, 0xc7, 0xf8, 0xc7, 0xf8, 0xc7, 0xf8, 0xc7, 0xf8, 0xc7, 0xf8, 0xc7, 0xf9, 0xc7, 0xf9, 0xbf, 0xf8, 0xbf, 0xf8, 0xc7, 0xf7, 0xcf, 0xd5, 0xdf, 0x52, 0xe7, 0xf0, 0xee, 0x8e, 0xee, 0x6d, 0xf6, 0xae, 0xf6, 0xae, 0xee, 0x10, 0xdf, 0xb4, 0xdf, 0xf7, 0xcf, 0xf8, 0xc7, 0xf8, 0xbf, 0xf9, 0xc7, 0xf8, 0xc7, 0xf8, 0xc7, 0xf7, 0xc7, 0xf7, 0xc7, 0xf7, 0xc7, 0xf8, 0xc7, 0xf9, 0xc7, 0xf9, 0xcf, 
  0xf8, 0xc7, 0xf8, 0xc7, 0xf8, 0xc7, 0xf8, 0xc7, 0xf8, 0xcf, 0xf8, 0xc7, 0xf8, 0xc7, 0xf8, 0xbf, 0xf9, 0xbf, 0xf8, 0xbf, 0xf8, 0xc7, 0xf7, 0xd7, 0xb4, 0xdf, 0x31, 0xdf, 0xcf, 0xe6, 0xae, 0xee, 0x8c, 0xf6, 0xac, 0xfe, 0xac, 0xee, 0x0f, 0xe7, 0xd4, 0xdf, 0xf7, 0xcf, 0xf8, 0xbf, 0xf9, 0xbf, 0xf9, 0xc7, 0xf9, 0xc7, 0xf8, 0xc7, 0xf7, 0xc7, 0xf8, 0xc7, 0xf8, 0xc7, 0xf8, 0xcf, 0xf8, 0xcf, 0xf8, 0xc7, 0xf8, 0xc7, 0xf9, 0xc7, 0xf8, 0xc7, 0xf8, 0xc7, 0xf8, 0xc7, 0xf7, 0xc7, 0xf7, 0xcf, 0xf7, 0xcf, 0xf7, 0xcf, 0xf8, 0xc7, 0xf8, 0xc7, 0xf8, 0xc7, 0xf9, 0xc7, 0xf8, 0xc7, 0xf8, 0xc7, 0xf8, 0xc7, 0xf7, 0xc7, 0xf7, 0xc7, 0xf8, 0xc7, 0xf8, 0xc7, 0xf9, 0xc7, 0xf9, 0xbf, 0xfa, 0xbf, 0xf9, 0xc7, 0xf7, 0xc7, 0xf6, 0xd7, 0x93, 0xe7, 0xce, 0xee, 0x8c, 0xf6, 0xad, 0xfe, 0x8d, 0xfe, 0x6d, 0xe6, 0xf0, 0xe6, 0x73, 0xe7, 0xf5, 0xdf, 0xf7, 0xcf, 0xf8, 0xc7, 0xf8, 0xbf, 0xf8, 0xbf, 0xf8, 0xc7, 0xf8, 0xc7, 0xf8, 0xc7, 0xf7, 0xcf, 0xf8, 0xcf, 0xf8, 0xc7, 0xf8, 0xc7, 0xf9, 0xc7, 
  0xf8, 0xbf, 0xf8, 0xc7, 0xf8, 0xc7, 0xf8, 0xc7, 0xf8, 0xcf, 0xf8, 0xc7, 0xf8, 0xc7, 0xf8, 0xc7, 0xf8, 0xbf, 0xf8, 0xbf, 0xf8, 0xc7, 0xf7, 0xcf, 0xf6, 0xdf, 0xb4, 0xe7, 0x31, 0xe7, 0xae, 0xe6, 0x8c, 0xfe, 0x8b, 0xfe, 0x8b, 0xfe, 0xad, 0xee, 0x10, 0xdf, 0xd4, 0xdf, 0xf7, 0xd7, 0xf8, 0xc7, 0xf9, 0xc7, 0xf9, 0xc7, 0xf8, 0xc7, 0xf7, 0xc7, 0xf7, 0xc7, 0xf7, 0xc7, 0xf8, 0xc7, 0xf8, 0xcf, 0xf8, 0xc7, 0xf8, 0xc7, 0xf8, 0xc7, 0xf8, 0xc7, 0xf8, 0xc7, 0xf8, 0xc7, 0xf8, 0xc7, 0xf8, 0xc7, 0xf9, 0xc7, 0xf8, 0xc7, 0xf8, 0xc7, 0xf8, 0xc7, 0xf8, 0xc7, 0xf8, 0xc7, 0xf8, 0xc7, 0xf8, 0xc7, 0xf8, 0xc7, 0xf8, 0xc7, 0xf7, 0xc7, 0xf7, 0xc7, 0xf8, 0xc7, 0xf9, 0xc7, 0xfa, 0xc7, 0xfa, 0xc7, 0xf8, 0xc7, 0xd6, 0xd7, 0x93, 0xe7, 0xef, 0xe6, 0x8c, 0xee, 0x8b, 0xfe, 0x8b, 0xfe, 0x8c, 0xf6, 0xcf, 0xe6, 0x32, 0xdf, 0x94, 0xdf, 0xf6, 0xd7, 0xf7, 0xcf, 0xf8, 0xc7, 0xf8, 0xbf, 0xf9, 0xbf, 0xf8, 0xc7, 0xf8, 0xc7, 0xf8, 0xcf, 0xf8, 0xcf, 0xf8, 0xcf, 0xf8, 0xc7, 0xf8, 0xc7, 0xf8, 0xc7, 
  0xf8, 0xbf, 0xf8, 0xc7, 0xf8, 0xc7, 0xf8, 0xc7, 0xf7, 0xcf, 0xf8, 0xcf, 0xf8, 0xc7, 0xf8, 0xc7, 0xf9, 0xc7, 0xf9, 0xc7, 0xf8, 0xc7, 0xf7, 0xc7, 0xf6, 0xd7, 0xf5, 0xdf, 0x93, 0xdf, 0x10, 0xe7, 0xad, 0xee, 0x8b, 0xfe, 0xac, 0xfe, 0x8c, 0xfe, 0x6b, 0xee, 0xef, 0xee, 0xb5, 0xe7, 0xd7, 0xd7, 0xd8, 0xcf, 0xf9, 0xc7, 0xf8, 0xc7, 0xf7, 0xc7, 0xf7, 0xcf, 0xf7, 0xcf, 0xf9, 0xc7, 0xf9, 0xc7, 0xf8, 0xcf, 0xf8, 0xcf, 0xf8, 0xcf, 0xf8, 0xcf, 0xf8, 0xcf, 0xf8, 0xc7, 0xf8, 0xc7, 0xf8, 0xc7, 0xd8, 0xc7, 0xf8, 0xc7, 0xf8, 0xc7, 0xf8, 0xc7, 0xf8, 0xcf, 0xf8, 0xcf, 0xf8, 0xcf, 0xf8, 0xc7, 0xf9, 0xc7, 0xf9, 0xc7, 0xf8, 0xcf, 0xf7, 0xcf, 0xf8, 0xcf, 0xf8, 0xc7, 0xf9, 0xc7, 0xf8, 0xcf, 0xd6, 0xd7, 0x73, 0xe7, 0xce, 0xf6, 0x4b, 0xf6, 0x8c, 0xfe, 0xac, 0xfe, 0x8c, 0xf6, 0xad, 0xee, 0x52, 0xef, 0x94, 0xdf, 0xd6, 0xdf, 0xf7, 0xd7, 0xf8, 0xc7, 0xf8, 0xc7, 0xf9, 0xc7, 0xf9, 0xc7, 0xf8, 0xc7, 0xf8, 0xc7, 0xf8, 0xcf, 0xf8, 0xcf, 0xf8, 0xc7, 0xf8, 0xc7, 0xf8, 0xc7, 0xf8, 0xc7, 
  0xf8, 0xbf, 0xf8, 0xbf, 0xf8, 0xc7, 0xf7, 0xc7, 0xf7, 0xc7, 0xf8, 0xcf, 0xf8, 0xc7, 0xf8, 0xc7, 0xf9, 0xc7, 0xf9, 0xc7, 0xf9, 0xc7, 0xf8, 0xc7, 0xf7, 0xcf, 0xf6, 0xd7, 0xd5, 0xd7, 0xb3, 0xe7, 0x0f, 0xe7, 0x8c, 0xee, 0x8c, 0xfe, 0xac, 0xfe, 0x6b, 0xfe, 0x8c, 0xf6, 0x31, 0xe7, 0xb6, 0xdf, 0xd8, 0xcf, 0xf9, 0xc7, 0xf8, 0xc7, 0xf8, 0xc7, 0xf7, 0xcf, 0xf7, 0xc7, 0xf9, 0xc7, 0xf9, 0xc7, 0xf7, 0xc7, 0xf7, 0xcf, 0xf7, 0xcf, 0xf7, 0xd7, 0xf7, 0xd7, 0xf7, 0xdf, 0xd7, 0xdf, 0xd6, 0xdf, 0xd6, 0xdf, 0xd6, 0xdf, 0xd7, 0xdf, 0xf7, 0xd7, 0xf7, 0xd7, 0xf7, 0xcf, 0xf7, 0xcf, 0xf8, 0xc7, 0xf9, 0xc7, 0xf9, 0xc7, 0xf7, 0xcf, 0xf7, 0xcf, 0xf7, 0xc7, 0xf8, 0xc7, 0xf8, 0xc7, 0xf7, 0xcf, 0xb5, 0xe7, 0xf0, 0xee, 0x6b, 0xf6, 0x6a, 0xfe, 0xac, 0xfe, 0x8c, 0xf6, 0xae, 0xee, 0x30, 0xe7, 0xd4, 0xe7, 0xf6, 0xd7, 0xf7, 0xd7, 0xf7, 0xcf, 0xf8, 0xc7, 0xf9, 0xc7, 0xf9, 0xc7, 0xf9, 0xc7, 0xf8, 0xc7, 0xf8, 0xc7, 0xf8, 0xcf, 0xf8, 0xcf, 0xf8, 0xc7, 0xf8, 0xc7, 0xf8, 0xc7, 0xf8, 0xc7, 
  0xf8, 0xbf, 0xf8, 0xc7, 0xf8, 0xc7, 0xf7, 0xc7, 0xf7, 0xc7, 0xf8, 0xcf, 0xf8, 0xcf, 0xf8, 0xc7, 0xf9, 0xc7, 0xf9, 0xc7, 0xf9, 0xc7, 0xf9, 0xc7, 0xf8, 0xc7, 0xf7, 0xc7, 0xf7, 0xcf, 0xf6, 0xd7, 0xd4, 0xdf, 0x10, 0xdf, 0x6b, 0xee, 0x8b, 0xfe, 0xcc, 0xfe, 0x8d, 0xf6, 0xef, 0xe6, 0xb4, 0xe7, 0xf7, 0xcf, 0xf9, 0xc7, 0xf8, 0xc7, 0xf8, 0xc7, 0xf7, 0xc7, 0xf7, 0xc7, 0xf8, 0xc7, 0xf8, 0xc7, 0xf7, 0xcf, 0xd6, 0xd7, 0xb5, 0xd7, 0x94, 0xdf, 0x73, 0xe7, 0x52, 0xef, 0x31, 0xef, 0x10, 0xef, 0x30, 0xef, 0x31, 0xef, 0x52, 0xef, 0x73, 0xe7, 0xb4, 0xdf, 0xd5, 0xd7, 0xf6, 0xd7, 0xf7, 0xcf, 0xd8, 0xc7, 0xf9, 0xc7, 0xf7, 0xcf, 0xf7, 0xc7, 0xf7, 0xc7, 0xf8, 0xc7, 0xf8, 0xc7, 0xf7, 0xd7, 0x73, 0xe7, 0xae, 0xe6, 0x8d, 0xf6, 0xac, 0xfe, 0x6b, 0xfe, 0xac, 0xee, 0x51, 0xe7, 0xd5, 0xdf, 0xf6, 0xd7, 0xf7, 0xcf, 0xf8, 0xc7, 0xf8, 0xc7, 0xf9, 0xc7, 0xf9, 0xc7, 0xf9, 0xc7, 0xf9, 0xc7, 0xf8, 0xc7, 0xf8, 0xcf, 0xf8, 0xcf, 0xf8, 0xcf, 0xf8, 0xc7, 0xf8, 0xc7, 0xf8, 0xc7, 0xf8, 0xc7, 
  0xf8, 0xc7, 0xf8, 0xc7, 0xf8, 0xc7, 0xf7, 0xc7, 0xf7, 0xc7, 0xf8, 0xc7, 0xf8, 0xcf, 0xf8, 0xcf, 0xf9, 0xcf, 0xf9, 0xc7, 0xf9, 0xc7, 0xf9, 0xc7, 0xf9, 0xc7, 0xf8, 0xc7, 0xf7, 0xc7, 0xf7, 0xc7, 0xf6, 0xcf, 0xb4, 0xdf, 0xef, 0xee, 0x8c, 0xf6, 0x8d, 0xf6, 0x8d, 0xe6, 0x10, 0xdf, 0xd5, 0xdf, 0xf7, 0xc7, 0xf8, 0xbf, 0xf8, 0xbf, 0xf8, 0xc7, 0xf8, 0xc7, 0xf7, 0xcf, 0xf6, 0xd7, 0xd6, 0xd7, 0xb5, 0xdf, 0x73, 0xdf, 0x32, 0xdf, 0x10, 0xe7, 0xce, 0xe6, 0xad, 0xee, 0x8c, 0xf6, 0x8c, 0xf6, 0x8c, 0xf6, 0x8c, 0xf6, 0xad, 0xee, 0xce, 0xe6, 0x10, 0xe7, 0x52, 0xe7, 0x73, 0xdf, 0xb4, 0xdf, 0xb6, 0xdf, 0xd7, 0xd7, 0xf7, 0xcf, 0xf7, 0xcf, 0xf7, 0xc7, 0xf7, 0xbf, 0xf7, 0xbf, 0xf6, 0xcf, 0x94, 0xdf, 0xf0, 0xe6, 0xae, 0xee, 0xad, 0xee, 0xad, 0xee, 0x50, 0xef, 0xf5, 0xdf, 0xf6, 0xc7, 0xf7, 0xc7, 0xf8, 0xc7, 0xf8, 0xc7, 0xf9, 0xc7, 0xf9, 0xc7, 0xf9, 0xc7, 0xf9, 0xc7, 0xf9, 0xc7, 0xf8, 0xcf, 0xf8, 0xcf, 0xf8, 0xc7, 0xf8, 0xc7, 0xf8, 0xc7, 0xf8, 0xc7, 0xf8, 0xc7, 0xf8, 0xc7, 
  0xf8, 0xc7, 0xf8, 0xc7, 0xf8, 0xc7, 0xf7, 0xc7, 0xf7, 0xc7, 0xf7, 0xc7, 0xf8, 0xc7, 0xf8, 0xc7, 0xf9, 0xcf, 0xf9, 0xc7, 0xf9, 0xc7, 0xf9, 0xc7, 0xf9, 0xc7, 0xf9, 0xc7, 0xf8, 0xbf, 0xf8, 0xbf, 0xf7, 0xbf, 0xf7, 0xcf, 0xb4, 0xe7, 0x11, 0xe7, 0xcf, 0xe6, 0xf0, 0xde, 0x93, 0xcf, 0xf6, 0xcf, 0xf7, 0xc7, 0xf8, 0xbf, 0xf8, 0xc7, 0xf8, 0xc7, 0xf8, 0xcf, 0xf6, 0xd7, 0x93, 0xdf, 0x51, 0xef, 0xce, 0xee, 0xad, 0xee, 0x8c, 0xee, 0x8c, 0xee, 0x8c, 0xf6, 0xac, 0xf6, 0xac, 0xfe, 0xab, 0xfe, 0xab, 0xfe, 0xab, 0xfe, 0x8b, 0xf6, 0x8c, 0xf6, 0x8c, 0xee, 0x8d, 0xee, 0xad, 0xee, 0xce, 0xee, 0x31, 0xef, 0x73, 0xe7, 0xd5, 0xd7, 0xf7, 0xcf, 0xf7, 0xc7, 0xf7, 0xbf, 0xf7, 0xbf, 0xf7, 0xc7, 0xf7, 0xd7, 0x74, 0xd7, 0xf1, 0xde, 0x10, 0xe7, 0x52, 0xdf, 0xf5, 0xdf, 0xf7, 0xcf, 0xf7, 0xbf, 0xf8, 0xbf, 0xf8, 0xbf, 0xf8, 0xbf, 0xf9, 0xc7, 0xf9, 0xc7, 0xf9, 0xc7, 0xf9, 0xc7, 0xf9, 0xcf, 0xf8, 0xc7, 0xf8, 0xc7, 0xf8, 0xc7, 0xf8, 0xc7, 0xf8, 0xc7, 0xf8, 0xc7, 0xf8, 0xc7, 0xf8, 0xc7, 
  0xf8, 0xc7, 0xf8, 0xc7, 0xf8, 0xc7, 0xf8, 0xc7, 0xf7, 0xc7, 0xf8, 0xc7, 0xf8, 0xc7, 0xf8, 0xc7, 0xf8, 0xc7, 0xf9, 0xcf, 0xf9, 0xcf, 0xf8, 0xc7, 0xf8, 0xbf, 0xf9, 0xc7, 0xf9, 0xbf, 0xf9, 0xbf, 0xf9, 0xbf, 0xf8, 0xc7, 0xf7, 0xd7, 0xd6, 0xe7, 0x94, 0xdf, 0xd4, 0xdf, 0xf7, 0xcf, 0xf7, 0xbf, 0xf8, 0xc7, 0xf8, 0xc7, 0xf8, 0xcf, 0xf7, 0xcf, 0xd5, 0xd7, 0x73, 0xdf, 0xef, 0xe6, 0x8c, 0xee, 0x8c, 0xfe, 0x6b, 0xfe, 0x6b, 0xfe, 0x8b, 0xfe, 0x8b, 0xfe, 0xab, 0xfe, 0x8a, 0xfe, 0x8a, 0xfe, 0x8b, 0xfe, 0x8b, 0xfe, 0xab, 0xfe, 0xab, 0xfe, 0xab, 0xfe, 0x8b, 0xfe, 0x8b, 0xfe, 0x8c, 0xfe, 0x8c, 0xf6, 0xce, 0xee, 0x52, 0xdf, 0xb4, 0xd7, 0xf6, 0xcf, 0xf7, 0xc7, 0xf7, 0xc7, 0xf8, 0xc7, 0xf8, 0xcf, 0xd7, 0xd7, 0xb5, 0xdf, 0xd6, 0xdf, 0xf7, 0xdf, 0xf7, 0xcf, 0xf7, 0xbf, 0xf8, 0xc7, 0xf8, 0xbf, 0xf8, 0xbf, 0xf9, 0xc7, 0xf9, 0xc7, 0xf9, 0xc7, 0xf9, 0xc7, 0xf9, 0xcf, 0xf9, 0xcf, 0xf8, 0xc7, 0xf8, 0xc7, 0xf8, 0xc7, 0xf8, 0xc7, 0xf8, 0xc7, 0xf8, 0xc7, 0xf8, 0xc7, 0xf9, 0xc7, 
  0xf8, 0xcf, 0xf8, 0xcf, 0xf8, 0xc7, 0xf8, 0xc7, 0xf8, 0xc7, 0xf8, 0xc7, 0xf8, 0xc7, 0xf8, 0xc7, 0xf8, 0xc7, 0xf8, 0xc7, 0xf8, 0xcf, 0xf8, 0xc7, 0xf8, 0xc7, 0xf8, 0xc7, 0xf8, 0xc7, 0xf9, 0xc7, 0xf9, 0xc7, 0xf9, 0xc7, 0xd8, 0xcf, 0xd8, 0xcf, 0xf7, 0xcf, 0xf7, 0xcf, 0xf7, 0xc7, 0xf7, 0xc7, 0xf8, 0xc7, 0xf8, 0xcf, 0xd8, 0xd7, 0x95, 0xe7, 0x11, 0xef, 0x8d, 0xee, 0x8c, 0xf6, 0xac, 0xfe, 0x8b, 0xfe, 0x8b, 0xfe, 0x8b, 0xfe, 0x8b, 0xfe, 0x8b, 0xfe, 0x8a, 0xfe, 0x8a, 0xfe, 0x8a, 0xfe, 0x8a, 0xfe, 0x8a, 0xfe, 0x8a, 0xfe, 0x8a, 0xfe, 0x8b, 0xfe, 0x6b, 0xfe, 0x6b, 0xfe, 0x8b, 0xfe, 0x6b, 0xfe, 0x8c, 0xf6, 0xad, 0xee, 0x0f, 0xe7, 0x94, 0xdf, 0xf7, 0xd7, 0xf8, 0xd7, 0xd8, 0xcf, 0xf8, 0xcf, 0xf8, 0xcf, 0xd8, 0xcf, 0xf9, 0xcf, 0xf8, 0xc7, 0xf8, 0xc7, 0xf8, 0xc7, 0xf8, 0xc7, 0xf8, 0xc7, 0xf8, 0xc7, 0xf8, 0xc7, 0xf8, 0xc7, 0xf8, 0xc7, 0xf8, 0xcf, 0xf8, 0xc7, 0xf8, 0xc7, 0xf8, 0xc7, 0xf8, 0xc7, 0xf8, 0xc7, 0xf8, 0xc7, 0xf8, 0xc7, 0xf8, 0xc7, 0xf9, 0xcf, 0xf9, 0xcf, 
  0xf8, 0xcf, 0xf8, 0xcf, 0xf8, 0xc7, 0xf8, 0xc7, 0xf8, 0xc7, 0xf8, 0xbf, 0xf8, 0xc7, 0xf8, 0xc7, 0xf8, 0xc7, 0xf8, 0xc7, 0xf8, 0xcf, 0xf8, 0xcf, 0xf8, 0xc7, 0xf8, 0xc7, 0xf8, 0xc7, 0xf8, 0xc7, 0xf9, 0xc7, 0xf9, 0xc7, 0xf9, 0xc7, 0xf9, 0xc7, 0xf9, 0xc7, 0xf8, 0xbf, 0xf8, 0xbf, 0xf7, 0xc7, 0xf8, 0xcf, 0xd7, 0xdf, 0x75, 0xe7, 0xf1, 0xee, 0x8d, 0xf6, 0x8b, 0xfe, 0x8b, 0xfe, 0x8a, 0xfe, 0x8b, 0xfe, 0x8b, 0xfe, 0x8b, 0xfe, 0x8b, 0xfe, 0x8b, 0xfe, 0x8a, 0xfe, 0x8a, 0xfe, 0x8a, 0xfe, 0x6a, 0xfe, 0x6a, 0xfe, 0x6a, 0xfe, 0x6a, 0xfe, 0x6b, 0xfe, 0x6b, 0xfe, 0x8b, 0xfe, 0x6b, 0xfe, 0x8b, 0xfe, 0x6b, 0xfe, 0x8b, 0xfe, 0xac, 0xf6, 0x10, 0xe7, 0x74, 0xdf, 0xd6, 0xdf, 0xf8, 0xd7, 0xf8, 0xcf, 0xf9, 0xc7, 0xf9, 0xc7, 0xfa, 0xc7, 0xf9, 0xc7, 0xf9, 0xc7, 0xf8, 0xc7, 0xf8, 0xc7, 0xf8, 0xc7, 0xf8, 0xc7, 0xf8, 0xc7, 0xf8, 0xc7, 0xf8, 0xcf, 0xf8, 0xcf, 0xf8, 0xc7, 0xf8, 0xc7, 0xf8, 0xc7, 0xf8, 0xc7, 0xf8, 0xbf, 0xf8, 0xc7, 0xf8, 0xc7, 0xf8, 0xc7, 0xf9, 0xcf, 0xf9, 0xcf, 
  0xf8, 0xcf, 0xf8, 0xcf, 0xf8, 0xc7, 0xf8, 0xc7, 0xf8, 0xc7, 0xf8, 0xc7, 0xf8, 0xbf, 0xf8, 0xc7, 0xf8, 0xc7, 0xf8, 0xc7, 0xf8, 0xc7, 0xf8, 0xcf, 0xf8, 0xcf, 0xf8, 0xcf, 0xf8, 0xcf, 0xf8, 0xc7, 0xf8, 0xc7, 0xf8, 0xc7, 0xf8, 0xc7, 0xf8, 0xc7, 0xf8, 0xc7, 0xf8, 0xbf, 0xf8, 0xc7, 0xf8, 0xc7, 0xd8, 0xd7, 0x75, 0xe7, 0xd0, 0xf6, 0x6d, 0xf6, 0x6b, 0xfe, 0x8b, 0xfe, 0xaa, 0xfe, 0x69, 0xfe, 0x8a, 0xfe, 0x8b, 0xfe, 0x8b, 0xfe, 0x8b, 0xfe, 0x8b, 0xfe, 0x8b, 0xfe, 0x6b, 0xfe, 0x6b, 0xfe, 0x6b, 0xfe, 0x6b, 0xfe, 0x8b, 0xfe, 0x8b, 0xfe, 0x8b, 0xfe, 0x8b, 0xfe, 0x8b, 0xfe, 0x8a, 0xfe, 0x8a, 0xfe, 0x8a, 0xfe, 0x8b, 0xfe, 0x8b, 0xfe, 0x8c, 0xf6, 0xcf, 0xee, 0x74, 0xdf, 0xf7, 0xdf, 0xd7, 0xcf, 0xf8, 0xcf, 0xf9, 0xc7, 0xf9, 0xc7, 0xf9, 0xc7, 0xf8, 0xc7, 0xf8, 0xcf, 0xf8, 0xcf, 0xf8, 0xcf, 0xf8, 0xcf, 0xf8, 0xcf, 0xf8, 0xcf, 0xf8, 0xcf, 0xf8, 0xc7, 0xf8, 0xc7, 0xf8, 0xc7, 0xf8, 0xc7, 0xf8, 0xbf, 0xf8, 0xc7, 0xf8, 0xc7, 0xf8, 0xc7, 0xf8, 0xc7, 0xf8, 0xcf, 0xf9, 0xcf, 
  0xf8, 0xcf, 0xf8, 0xcf, 0xf8, 0xc7, 0xf8, 0xc7, 0xf8, 0xc7, 0xf8, 0xc7, 0xf8, 0xc7, 0xf8, 0xc7, 0xf8, 0xc7, 0xf8, 0xc7, 0xf8, 0xc7, 0xf8, 0xcf, 0xf8, 0xcf, 0xf8, 0xcf, 0xf8, 0xcf, 0xf8, 0xcf, 0xf7, 0xc7, 0xf7, 0xc7, 0xf7, 0xc7, 0xf8, 0xc7, 0xf8, 0xc7, 0xf8, 0xc7, 0xf8, 0xc7, 0xf7, 0xcf, 0x95, 0xdf, 0xf1, 0xee, 0x6d, 0xf6, 0x6b, 0xfe, 0x8b, 0xfe, 0x8a, 0xfe, 0x8a, 0xfe, 0x8a, 0xfe, 0x8a, 0xfe, 0x8a, 0xfe, 0x8a, 0xfe, 0x8b, 0xfe, 0x8b, 0xfe, 0x6b, 0xfe, 0x6b, 0xfe, 0x6b, 0xfe, 0x6b, 0xfe, 0x6b, 0xfe, 0x6b, 0xfe, 0x8b, 0xfe, 0x8b, 0xfe, 0x8a, 0xfe, 0x8a, 0xfe, 0x8a, 0xfe, 0x8a, 0xfe, 0x8a, 0xfe, 0x8b, 0xfe, 0x8b, 0xfe, 0x6a, 0xfe, 0x8c, 0xf6, 0x10, 0xe7, 0x94, 0xdf, 0xd6, 0xd7, 0xf7, 0xcf, 0xf8, 0xc7, 0xf8, 0xc7, 0xf8, 0xc7, 0xf8, 0xcf, 0xf8, 0xcf, 0xf8, 0xcf, 0xf8, 0xcf, 0xf8, 0xcf, 0xf8, 0xcf, 0xf8, 0xcf, 0xf8, 0xcf, 0xf8, 0xc7, 0xf8, 0xc7, 0xf8, 0xc7, 0xf8, 0xc7, 0xf8, 0xc7, 0xf8, 0xc7, 0xf8, 0xc7, 0xf8, 0xc7, 0xf8, 0xc7, 0xf8, 0xcf, 0xf8, 0xcf, 
  0xf8, 0xc7, 0xf8, 0xc7, 0xf8, 0xc7, 0xf8, 0xc7, 0xf8, 0xc7, 0xf8, 0xc7, 0xf8, 0xc7, 0xf8, 0xc7, 0xf8, 0xc7, 0xf8, 0xc7, 0xf8, 0xc7, 0xf8, 0xc7, 0xf8, 0xc7, 0xf8, 0xc7, 0xf8, 0xcf, 0xf8, 0xc7, 0xf7, 0xc7, 0xf7, 0xc7, 0xf7, 0xcf, 0xf7, 0xc7, 0xf7, 0xc7, 0xf8, 0xc7, 0xf8, 0xcf, 0xd5, 0xd7, 0xf0, 0xe6, 0x8d, 0xf6, 0x6c, 0xfe, 0x8b, 0xfe, 0xaa, 0xfe, 0x8a, 0xfe, 0x8a, 0xfe, 0xaa, 0xfe, 0x8a, 0xfe, 0x8a, 0xfe, 0x8a, 0xfe, 0x8a, 0xfe, 0x8b, 0xfe, 0x6b, 0xfe, 0x6b, 0xfe, 0x6b, 0xfe, 0x6b, 0xfe, 0x6b, 0xfe, 0x6b, 0xfe, 0x8b, 0xfe, 0x8a, 0xfe, 0x8a, 0xfe, 0x8a, 0xfe, 0x8a, 0xfe, 0xab, 0xfe, 0x8b, 0xfe, 0x8a, 0xfe, 0x8a, 0xfe, 0x8b, 0xfe, 0x8b, 0xfe, 0xad, 0xee, 0x0f, 0xe7, 0xd4, 0xdf, 0xf6, 0xcf, 0xf7, 0xcf, 0xf7, 0xc7, 0xf7, 0xcf, 0xf7, 0xcf, 0xf8, 0xc7, 0xf8, 0xc7, 0xf8, 0xcf, 0xf8, 0xcf, 0xf8, 0xc7, 0xf8, 0xc7, 0xf8, 0xc7, 0xf8, 0xc7, 0xf8, 0xc7, 0xf8, 0xc7, 0xf8, 0xc7, 0xf8, 0xc7, 0xf8, 0xc7, 0xf8, 0xc7, 0xf8, 0xc7, 0xf8, 0xc7, 0xf8, 0xc7, 0xf8, 0xc7, 
  0xf8, 0xc7, 0xf8, 0xc7, 0xf8, 0xc7, 0xf8, 0xc7, 0xf8, 0xc7, 0xf8, 0xc7, 0xf8, 0xc7, 0xf8, 0xc7, 0xf8, 0xc7, 0xf8, 0xc7, 0xf8, 0xc7, 0xf8, 0xc7, 0xf8, 0xc7, 0xf8, 0xc7, 0xf8, 0xc7, 0xf8, 0xc7, 0xf8, 0xc7, 0xf8, 0xc7, 0xf7, 0xc7, 0xf7, 0xc7, 0xf7, 0xc7, 0xf7, 0xcf, 0xd6, 0xd7, 0x73, 0xdf, 0x8d, 0xee, 0x8c, 0xfe, 0x8b, 0xfe, 0x8a, 0xfe, 0x8a, 0xfe, 0xaa, 0xfe, 0xab, 0xfe, 0x8b, 0xfe, 0x8a, 0xfe, 0x8a, 0xfe, 0x8a, 0xfe, 0x8a, 0xfe, 0x8b, 0xfe, 0x8b, 0xfe, 0x6b, 0xfe, 0x6b, 0xfe, 0x6b, 0xfe, 0x6b, 0xfe, 0x8b, 0xfe, 0x8b, 0xfe, 0x8a, 0xfe, 0x8a, 0xfe, 0x8a, 0xfe, 0x8a, 0xfe, 0xab, 0xfe, 0x8b, 0xfe, 0x8a, 0xfe, 0x8a, 0xfe, 0x8b, 0xfe, 0x8b, 0xfe, 0xab, 0xfe, 0xcd, 0xee, 0x72, 0xdf, 0xd5, 0xd7, 0xf6, 0xcf, 0xf7, 0xcf, 0xf7, 0xc7, 0xf8, 0xc7, 0xf8, 0xc7, 0xf8, 0xc7, 0xf8, 0xc7, 0xf8, 0xc7, 0xf8, 0xc7, 0xf8, 0xc7, 0xf8, 0xc7, 0xf8, 0xc7, 0xf8, 0xc7, 0xf8, 0xc7, 0xf8, 0xc7, 0xf8, 0xc7, 0xf8, 0xc7, 0xf8, 0xc7, 0xf8, 0xc7, 0xf8, 0xc7, 0xf8, 0xc7, 0xf7, 0xc7, 
  0xf8, 0xbf, 0xf8, 0xc7, 0xf8, 0xc7, 0xf8, 0xc7, 0xf8, 0xcf, 0xf8, 0xcf, 0xf8, 0xcf, 0xf8, 0xcf, 0xf8, 0xc7, 0xf8, 0xc7, 0xf8, 0xc7, 0xf8, 0xc7, 0xf8, 0xc7, 0xf8, 0xc7, 0xf8, 0xc7, 0xf8, 0xc7, 0xf8, 0xcf, 0xf8, 0xcf, 0xf9, 0xc7, 0xf9, 0xc7, 0xf8, 0xc7, 0xf7, 0xd7, 0x93, 0xdf, 0x0f, 0xe7, 0x8c, 0xf6, 0x8b, 0xfe, 0x8a, 0xfe, 0x89, 0xfe, 0x8a, 0xfe, 0x8b, 0xfe, 0x8c, 0xfe, 0x6b, 0xfe, 0x8b, 0xfe, 0x8b, 0xfe, 0x8b, 0xfe, 0x8b, 0xfe, 0x8b, 0xfe, 0x8b, 0xfe, 0x8b, 0xfe, 0x8b, 0xfe, 0x8b, 0xfe, 0x8b, 0xfe, 0x8b, 0xfe, 0x8b, 0xfe, 0x8b, 0xfe, 0x8b, 0xfe, 0x8b, 0xfe, 0x8b, 0xfe, 0x8b, 0xfe, 0x8b, 0xfe, 0x6b, 0xfe, 0x6a, 0xfe, 0x6a, 0xfe, 0x8b, 0xfe, 0x8b, 0xfe, 0xad, 0xee, 0x0f, 0xe7, 0x72, 0xdf, 0xf6, 0xd7, 0xf8, 0xcf, 0xf8, 0xc7, 0xf9, 0xc7, 0xf8, 0xc7, 0xf8, 0xc7, 0xf8, 0xc7, 0xf8, 0xc7, 0xf8, 0xc7, 0xf8, 0xc7, 0xf8, 0xc7, 0xf8, 0xc7, 0xf8, 0xc7, 0xf8, 0xc7, 0xf9, 0xcf, 0xf9, 0xcf, 0xf8, 0xcf, 0xf8, 0xcf, 0xf8, 0xc7, 0xf8, 0xc7, 0xf7, 0xc7, 0xf7, 0xbf, 
  0xf8, 0xc7, 0xf8, 0xc7, 0xf8, 0xc7, 0xf8, 0xc7, 0xf8, 0xcf, 0xf8, 0xcf, 0xf8, 0xcf, 0xf8, 0xcf, 0xf8, 0xc7, 0xf8, 0xc7, 0xf8, 0xc7, 0xf8, 0xc7, 0xf8, 0xc7, 0xf8, 0xc7, 0xf8, 0xc7, 0xf8, 0xc7, 0xf8, 0xcf, 0xf9, 0xcf, 0xf9, 0xc7, 0xf9, 0xc7, 0xf8, 0xc7, 0xd6, 0xd7, 0x31, 0xef, 0xad, 0xee, 0xac, 0xfe, 0x6a, 0xfe, 0x69, 0xfe, 0x8a, 0xfe, 0xab, 0xfe, 0x8b, 0xfe, 0x4b, 0xfe, 0x4c, 0xfe, 0x6b, 0xfe, 0x8b, 0xfe, 0x8b, 0xfe, 0x8b, 0xfe, 0x8b, 0xfe, 0x8b, 0xfe, 0x8b, 0xfe, 0x8a, 0xfe, 0x8a, 0xfe, 0x8b, 0xfe, 0x8b, 0xfe, 0x8b, 0xfe, 0x8b, 0xfe, 0x8b, 0xfe, 0x8b, 0xfe, 0x8b, 0xfe, 0x4a, 0xfe, 0x8b, 0xfe, 0x8b, 0xfe, 0x6a, 0xfe, 0x6a, 0xfe, 0x8b, 0xfe, 0x8b, 0xfe, 0xac, 0xf6, 0xac, 0xee, 0x30, 0xef, 0xd5, 0xdf, 0xf8, 0xcf, 0xf9, 0xc7, 0xf9, 0xc7, 0xf8, 0xc7, 0xf8, 0xc7, 0xf8, 0xc7, 0xf8, 0xc7, 0xf8, 0xc7, 0xf8, 0xc7, 0xf8, 0xc7, 0xf8, 0xc7, 0xf8, 0xc7, 0xf8, 0xc7, 0xf9, 0xcf, 0xf9, 0xcf, 0xf8, 0xcf, 0xf8, 0xcf, 0xf8, 0xc7, 0xf8, 0xc7, 0xf7, 0xc7, 0xf7, 0xbf, 
  0xf8, 0xc7, 0xf9, 0xc7, 0xf8, 0xcf, 0xf8, 0xcf, 0xf8, 0xcf, 0xf8, 0xcf, 0xf8, 0xcf, 0xf8, 0xc7, 0xf8, 0xc7, 0xf8, 0xcf, 0xf8, 0xcf, 0xf8, 0xcf, 0xf7, 0xcf, 0xf8, 0xcf, 0xf8, 0xcf, 0xf8, 0xcf, 0xf8, 0xcf, 0xf8, 0xc7, 0xf8, 0xc7, 0xf7, 0xc7, 0xf8, 0xcf, 0xb4, 0xdf, 0xae, 0xe6, 0x8c, 0xfe, 0x6b, 0xfe, 0x6b, 0xfe, 0x8a, 0xfe, 0x8a, 0xfe, 0x8a, 0xfe, 0x8a, 0xfe, 0x6b, 0xfe, 0x6b, 0xfe, 0x6b, 0xfe, 0x8b, 0xfe, 0x8b, 0xfe, 0x8b, 0xfe, 0x8b, 0xfe, 0x8b, 0xfe, 0x8b, 0xfe, 0x8b, 0xfe, 0x8b, 0xfe, 0x8b, 0xfe, 0x8b, 0xfe, 0x8b, 0xfe, 0x8b, 0xfe, 0x8b, 0xfe, 0x8b, 0xfe, 0x8b, 0xfe, 0x8b, 0xfe, 0x8a, 0xfe, 0x8a, 0xfe, 0x8a, 0xfe, 0x8b, 0xfe, 0x8b, 0xfe, 0x8b, 0xfe, 0x8b, 0xfe, 0xab, 0xfe, 0xad, 0xee, 0x94, 0xdf, 0xf8, 0xcf, 0xf8, 0xc7, 0xf8, 0xcf, 0xf8, 0xc7, 0xf8, 0xc7, 0xf8, 0xcf, 0xf8, 0xc7, 0xf8, 0xcf, 0xf8, 0xcf, 0xf8, 0xcf, 0xf8, 0xc7, 0xf8, 0xc7, 0xf8, 0xc7, 0xf8, 0xc7, 0xf8, 0xc7, 0xf8, 0xcf, 0xf8, 0xcf, 0xf8, 0xcf, 0xf8, 0xcf, 0xf8, 0xc7, 0xf8, 0xc7, 
  0xf8, 0xc7, 0xf8, 0xc7, 0xf8, 0xc7, 0xf8, 0xc7, 0xf8, 0xc7, 0xf8, 0xc7, 0xf8, 0xc7, 0xf8, 0xc7, 0xf8, 0xc7, 0xf8, 0xc7, 0xf8, 0xcf, 0xf8, 0xcf, 0xf8, 0xcf, 0xf8, 0xcf, 0xf8, 0xc7, 0xd8, 0xc7, 0xf8, 0xc7, 0xf8, 0xc7, 0xf8, 0xc7, 0xf7, 0xc7, 0xf7, 0xd7, 0x93, 0xdf, 0x8d, 0xee, 0x8b, 0xfe, 0x6b, 0xfe, 0x6b, 0xfe, 0x8b, 0xfe, 0x8a, 0xfe, 0x8a, 0xfe, 0x8a, 0xfe, 0x8b, 0xfe, 0x6b, 0xfe, 0x8b, 0xfe, 0x8b, 0xfe, 0x8b, 0xfe, 0x8b, 0xfe, 0x8b, 0xfe, 0x8b, 0xfe, 0x8b, 0xfe, 0x8b, 0xfe, 0x8b, 0xfe, 0x8b, 0xfe, 0x8b, 0xfe, 0x8b, 0xfe, 0x8b, 0xfe, 0x8b, 0xfe, 0x8b, 0xfe, 0x8b, 0xfe, 0x8b, 0xfe, 0x8a, 0xfe, 0x8a, 0xfe, 0x8a, 0xfe, 0x8b, 0xfe, 0x8b, 0xfe, 0x8b, 0xfe, 0x8b, 0xfe, 0x8b, 0xfe, 0x8c, 0xee, 0x73, 0xdf, 0xd7, 0xd7, 0xf7, 0xcf, 0xf8, 0xcf, 0xf8, 0xc7, 0xf8, 0xc7, 0xf8, 0xc7, 0xf7, 0xc7, 0xf7, 0xc7, 0xf7, 0xc7, 0xf8, 0xc7, 0xf8, 0xc7, 0xf8, 0xc7, 0xf8, 0xc7, 0xf8, 0xc7, 0xf8, 0xc7, 0xf8, 0xc7, 0xf8, 0xc7, 0xf8, 0xc7, 0xf8, 0xc7, 0xf8, 0xc7, 0xf8, 0xc7, 
  0xf8, 0xcf, 0xf8, 0xc7, 0xf8, 0xc7, 0xf8, 0xc7, 0xf8, 0xc7, 0xf8, 0xc7, 0xf8, 0xc7, 0xf8, 0xc7, 0xf8, 0xc7, 0xf8, 0xc7, 0xf8, 0xc7, 0xf9, 0xc7, 0xf9, 0xc7, 0xf9, 0xc7, 0xf8, 0xc7, 0xf8, 0xc7, 0xf8, 0xc7, 0xf8, 0xc7, 0xf8, 0xc7, 0xf7, 0xcf, 0xf5, 0xd7, 0x52, 0xdf, 0x8c, 0xee, 0x6b, 0xfe, 0x6b, 0xfe, 0x6b, 0xfe, 0x8b, 0xfe, 0x8a, 0xfe, 0x8a, 0xfe, 0x8a, 0xfe, 0x8b, 0xfe, 0x8b, 0xfe, 0x8b, 0xfe, 0x8b, 0xfe, 0x8b, 0xfe, 0x8b, 0xfe, 0x8b, 0xfe, 0x8b, 0xfe, 0x8b, 0xfe, 0x8b, 0xfe, 0x8b, 0xfe, 0x8b, 0xfe, 0x8b, 0xfe, 0x8b, 0xfe, 0x8b, 0xfe, 0x8b, 0xfe, 0x8b, 0xfe, 0x8b, 0xfe, 0x8b, 0xfe, 0x8a, 0xfe, 0x8a, 0xfe, 0x8a, 0xfe, 0x8b, 0xfe, 0x8b, 0xfe, 0x8b, 0xfe, 0x8b, 0xfe, 0x8b, 0xfe, 0x8c, 0xee, 0x31, 0xdf, 0xb5, 0xd7, 0xf7, 0xcf, 0xf8, 0xc7, 0xf8, 0xc7, 0xf8, 0xc7, 0xf8, 0xc7, 0xf8, 0xc7, 0xf8, 0xc7, 0xf9, 0xc7, 0xf9, 0xc7, 0xf9, 0xc7, 0xf8, 0xc7, 0xf8, 0xc7, 0xf8, 0xc7, 0xf8, 0xbf, 0xf8, 0xbf, 0xf8, 0xc7, 0xf8, 0xc7, 0xf8, 0xc7, 0xf8, 0xc7, 0xf8, 0xc7, 
  0xf7, 0xc7, 0xf7, 0xc7, 0xf7, 0xc7, 0xf8, 0xc7, 0xf8, 0xc7, 0xf7, 0xc7, 0xf7, 0xc7, 0xf8, 0xcf, 0xf7, 0xc7, 0xf7, 0xc7, 0xf8, 0xc7, 0xf8, 0xc7, 0xf8, 0xc7, 0xf8, 0xc7, 0xf8, 0xc7, 0xf8, 0xc7, 0xf8, 0xc7, 0xf8, 0xc7, 0xf8, 0xc7, 0xf7, 0xcf, 0xb4, 0xdf, 0x10, 0xe7, 0x8c, 0xf6, 0x8b, 0xfe, 0x6b, 0xfe, 0x6b, 0xfe, 0x8b, 0xfe, 0x8b, 0xfe, 0x8a, 0xfe, 0x8a, 0xfe, 0x6b, 0xfe, 0x8b, 0xfe, 0x8b, 0xfe, 0x8b, 0xfe, 0x8b, 0xfe, 0x8b, 0xfe, 0x8b, 0xfe, 0x8b, 0xfe, 0x8b, 0xfe, 0x8b, 0xfe, 0x8b, 0xfe, 0x8b, 0xfe, 0x8b, 0xfe, 0x8b, 0xfe, 0x8b, 0xfe, 0x8b, 0xfe, 0x8b, 0xfe, 0x8b, 0xfe, 0x8b, 0xfe, 0x8b, 0xfe, 0x8a, 0xfe, 0x8a, 0xfe, 0x8b, 0xfe, 0x8b, 0xfe, 0x8b, 0xfe, 0x8b, 0xfe, 0x8b, 0xfe, 0x8c, 0xee, 0xf0, 0xe6, 0x94, 0xdf, 0xf7, 0xd7, 0xf8, 0xc7, 0xf8, 0xc7, 0xf8, 0xc7, 0xf8, 0xbf, 0xf8, 0xc7, 0xf8, 0xc7, 0xf8, 0xc7, 0xf8, 0xc7, 0xf8, 0xc7, 0xf8, 0xc7, 0xf7, 0xc7, 0xf8, 0xc7, 0xf7, 0xc7, 0xf7, 0xc7, 0xf8, 0xc7, 0xf8, 0xc7, 0xf8, 0xc7, 0xf8, 0xc7, 0xf8, 0xc7, 
  0xf8, 0xbf, 0xf8, 0xbf, 0xf8, 0xc7, 0xf7, 0xcf, 0xf7, 0xcf, 0xf7, 0xcf, 0xf6, 0xd7, 0xf7, 0xd7, 0xf7, 0xd7, 0xf7, 0xd7, 0xf7, 0xd7, 0xf7, 0xd7, 0xf7, 0xcf, 0xf8, 0xc7, 0xf8, 0xc7, 0xf8, 0xc7, 0xf8, 0xc7, 0xf8, 0xc7, 0xf8, 0xc7, 0xf7, 0xd7, 0x93, 0xdf, 0xef, 0xe6, 0x8c, 0xf6, 0x8b, 0xfe, 0x6b, 0xfe, 0x6b, 0xfe, 0x8b, 0xfe, 0x8b, 0xfe, 0x8b, 0xfe, 0x8b, 0xfe, 0x6b, 0xfe, 0x6b, 0xfe, 0x8b, 0xfe, 0x8b, 0xfe, 0x8b, 0xfe, 0x8b, 0xfe, 0x8b, 0xfe, 0x8b, 0xfe, 0x8b, 0xfe, 0x8b, 0xfe, 0x8b, 0xfe, 0x8b, 0xfe, 0x8b, 0xfe, 0x8b, 0xfe, 0x8b, 0xfe, 0x8b, 0xfe, 0x8b, 0xfe, 0x8b, 0xfe, 0x8b, 0xfe, 0x8b, 0xfe, 0x8a, 0xfe, 0x8a, 0xfe, 0x8b, 0xfe, 0x8b, 0xfe, 0x8a, 0xfe, 0x8b, 0xfe, 0x8b, 0xfe, 0x8c, 0xf6, 0xce, 0xe6, 0x72, 0xe7, 0xf7, 0xdf, 0xf8, 0xcf, 0xf8, 0xc7, 0xf8, 0xc7, 0xf8, 0xc7, 0xf8, 0xc7, 0xf7, 0xc7, 0xf7, 0xc7, 0xf7, 0xcf, 0xf7, 0xd7, 0xf7, 0xd7, 0xf6, 0xd7, 0xf7, 0xd7, 0xf7, 0xd7, 0xf7, 0xcf, 0xf7, 0xcf, 0xf8, 0xcf, 0xf8, 0xc7, 0xf8, 0xbf, 0xf8, 0xbf, 
  0xf9, 0xbf, 0xf8, 0xc7, 0xf7, 0xcf, 0xd5, 0xd7, 0xb4, 0xdf, 0x93, 0xdf, 0x93, 0xdf, 0x93, 0xe7, 0x93, 0xe7, 0x73, 0xe7, 0x73, 0xe7, 0x93, 0xe7, 0x94, 0xdf, 0xb5, 0xd7, 0xd6, 0xcf, 0xf8, 0xcf, 0xf8, 0xc7, 0xf8, 0xc7, 0xf8, 0xc7, 0xf7, 0xd7, 0x72, 0xe7, 0xcd, 0xee, 0xac, 0xfe, 0x8b, 0xfe, 0x6a, 0xfe, 0x6a, 0xfe, 0x8b, 0xfe, 0x8b, 0xfe, 0x8b, 0xfe, 0x8b, 0xfe, 0x6b, 0xfe, 0x8b, 0xfe, 0x8b, 0xfe, 0x8b, 0xfe, 0x8b, 0xfe, 0x8b, 0xfe, 0x8b, 0xfe, 0x8b, 0xfe, 0x8b, 0xfe, 0x8b, 0xfe, 0x8b, 0xfe, 0x8b, 0xfe, 0x8b, 0xfe, 0x8b, 0xfe, 0x8b, 0xfe, 0x8b, 0xfe, 0x8b, 0xfe, 0x8b, 0xfe, 0x8b, 0xfe, 0x8b, 0xfe, 0x8b, 0xfe, 0x6a, 0xfe, 0x6b, 0xfe, 0x6b, 0xfe, 0x6a, 0xfe, 0x8b, 0xfe, 0x8b, 0xfe, 0xac, 0xfe, 0xad, 0xee, 0x51, 0xef, 0xf6, 0xdf, 0xf8, 0xcf, 0xf8, 0xc7, 0xf8, 0xc7, 0xf8, 0xcf, 0xf6, 0xcf, 0xb5, 0xd7, 0x93, 0xdf, 0x93, 0xe7, 0x93, 0xe7, 0x93, 0xe7, 0x93, 0xe7, 0x73, 0xdf, 0x73, 0xdf, 0x93, 0xdf, 0x94, 0xd7, 0xd5, 0xd7, 0xf7, 0xcf, 0xf8, 0xc7, 0xf9, 0xbf, 
  0xf9, 0xc7, 0xf7, 0xcf, 0xb4, 0xdf, 0x31, 0xdf, 0xee, 0xe6, 0xce, 0xee, 0xce, 0xee, 0xad, 0xee, 0xad, 0xf6, 0x8c, 0xf6, 0x8c, 0xfe, 0xac, 0xf6, 0xcd, 0xee, 0xef, 0xe6, 0x52, 0xdf, 0xb6, 0xd7, 0xf7, 0xcf, 0xf8, 0xc7, 0xf8, 0xc7, 0xf7, 0xd7, 0x51, 0xef, 0xac, 0xee, 0xab, 0xfe, 0x8b, 0xfe, 0x8a, 0xfe, 0x6a, 0xfe, 0x8b, 0xfe, 0x8b, 0xfe, 0x8b, 0xfe, 0x8b, 0xfe, 0x8b, 0xfe, 0x8b, 0xfe, 0x8b, 0xfe, 0x8b, 0xfe, 0x8b, 0xfe, 0x8b, 0xfe, 0x8b, 0xfe, 0x8b, 0xfe, 0x8b, 0xfe, 0x8b, 0xfe, 0x8b, 0xfe, 0x8b, 0xfe, 0x8b, 0xfe, 0x8b, 0xfe, 0x8b, 0xfe, 0x8b, 0xfe, 0x8b, 0xfe, 0x8b, 0xfe, 0x8b, 0xfe, 0x8b, 0xfe, 0x8b, 0xfe, 0x6a, 0xfe, 0x6b, 0xfe, 0x6b, 0xfe, 0x6a, 0xfe, 0x8b, 0xfe, 0x8b, 0xfe, 0xac, 0xfe, 0x8c, 0xf6, 0x30, 0xef, 0xf6, 0xdf, 0xf8, 0xc7, 0xf9, 0xc7, 0xf8, 0xc7, 0xd6, 0xd7, 0x52, 0xdf, 0xef, 0xe6, 0xcd, 0xee, 0xcc, 0xfe, 0xac, 0xf6, 0xac, 0xf6, 0xad, 0xf6, 0xae, 0xee, 0xce, 0xee, 0xce, 0xee, 0xef, 0xe6, 0x51, 0xdf, 0xb5, 0xdf, 0xf8, 0xcf, 0xf9, 0xc7, 
  0xf8, 0xc7, 0xf7, 0xcf, 0x93, 0xdf, 0xef, 0xe6, 0x8c, 0xee, 0x8c, 0xfe, 0xac, 0xfe, 0x8c, 0xfe, 0x8b, 0xfe, 0x6b, 0xfe, 0x69, 0xfe, 0x6a, 0xfe, 0x6a, 0xfe, 0x8d, 0xee, 0x11, 0xe7, 0x94, 0xdf, 0xf7, 0xcf, 0xf8, 0xc7, 0xf8, 0xc7, 0xf7, 0xdf, 0x50, 0xef, 0x8c, 0xf6, 0xab, 0xfe, 0x8a, 0xfe, 0x8a, 0xfe, 0x6a, 0xfe, 0x8b, 0xfe, 0x8b, 0xfe, 0x8b, 0xfe, 0x8b, 0xfe, 0x8b, 0xfe, 0x8a, 0xfe, 0x8b, 0xfe, 0x8b, 0xfe, 0x8b, 0xfe, 0x8b, 0xfe, 0x8b, 0xfe, 0x8b, 0xfe, 0x8b, 0xfe, 0x8b, 0xfe, 0x8b, 0xfe, 0x8b, 0xfe, 0x8b, 0xfe, 0x8b, 0xfe, 0x8b, 0xfe, 0x8b, 0xfe, 0x8b, 0xfe, 0x8b, 0xfe, 0x8b, 0xfe, 0x8b, 0xfe, 0x8b, 0xfe, 0x6a, 0xfe, 0x6b, 0xfe, 0x6b, 0xfe, 0x6a, 0xfe, 0x8b, 0xfe, 0x6b, 0xfe, 0xac, 0xfe, 0x8b, 0xf6, 0x0f, 0xef, 0xd5, 0xdf, 0xf8, 0xc7, 0xf9, 0xc7, 0xf8, 0xcf, 0xb4, 0xdf, 0x10, 0xdf, 0x8c, 0xee, 0x8a, 0xfe, 0x89, 0xfe, 0x69, 0xfe, 0x6a, 0xfe, 0x8b, 0xfe, 0x6b, 0xfe, 0x8c, 0xfe, 0x8b, 0xfe, 0x8c, 0xee, 0xef, 0xe6, 0x93, 0xe7, 0xf7, 0xd7, 0xf9, 0xc7, 
  0xf8, 0xc7, 0xf7, 0xd7, 0x93, 0xe7, 0xef, 0xe6, 0x8c, 0xee, 0x8c, 0xfe, 0xac, 0xfe, 0x8c, 0xfe, 0x6b, 0xfe, 0x6a, 0xfe, 0x69, 0xfe, 0x6a, 0xfe, 0x6b, 0xfe, 0x8d, 0xee, 0x10, 0xe7, 0x94, 0xdf, 0xf7, 0xcf, 0xf8, 0xc7, 0xf8, 0xc7, 0xf6, 0xd7, 0x30, 0xef, 0xac, 0xf6, 0xac, 0xfe, 0x8a, 0xfe, 0x8a, 0xfe, 0x6a, 0xfe, 0x8b, 0xfe, 0x8b, 0xfe, 0x8b, 0xfe, 0x8b, 0xfe, 0x8b, 0xfe, 0x8a, 0xfe, 0x8b, 0xfe, 0x8b, 0xfe, 0x8b, 0xfe, 0x8b, 0xfe, 0x8b, 0xfe, 0x8b, 0xfe, 0x8b, 0xfe, 0x8b, 0xfe, 0x8b, 0xfe, 0x8b, 0xfe, 0x8b, 0xfe, 0x8b, 0xfe, 0x8b, 0xfe, 0x8b, 0xfe, 0x8b, 0xfe, 0x8b, 0xfe, 0x8b, 0xfe, 0x8b, 0xfe, 0x8b, 0xfe, 0x6a, 0xfe, 0x6b, 0xfe, 0x6b, 0xfe, 0x6a, 0xfe, 0x8b, 0xfe, 0x6b, 0xfe, 0xac, 0xfe, 0x8b, 0xf6, 0x0f, 0xef, 0xd5, 0xdf, 0xf8, 0xc7, 0xf9, 0xc7, 0xf8, 0xcf, 0x94, 0xdf, 0xf0, 0xde, 0x8c, 0xee, 0x8a, 0xfe, 0x89, 0xfe, 0x69, 0xfe, 0x6a, 0xfe, 0x8b, 0xfe, 0x8c, 0xfe, 0x8c, 0xfe, 0x8b, 0xfe, 0x8c, 0xee, 0xef, 0xee, 0x73, 0xe7, 0xf7, 0xd7, 0xf9, 0xc7, 
  0xf9, 0xc7, 0xf8, 0xcf, 0xb4, 0xdf, 0x31, 0xdf, 0xce, 0xe6, 0xae, 0xee, 0xae, 0xee, 0x8d, 0xee, 0x8d, 0xf6, 0x6c, 0xf6, 0x6b, 0xfe, 0x8c, 0xf6, 0x8d, 0xee, 0xcf, 0xe6, 0x32, 0xdf, 0xb5, 0xd7, 0xf7, 0xcf, 0xf8, 0xc7, 0xf8, 0xc7, 0xf6, 0xd7, 0x51, 0xef, 0xac, 0xee, 0xab, 0xfe, 0x8a, 0xfe, 0x8a, 0xfe, 0x6a, 0xfe, 0x8b, 0xfe, 0x8b, 0xfe, 0x8b, 0xfe, 0x8b, 0xfe, 0x8b, 0xfe, 0x8b, 0xfe, 0x8b, 0xfe, 0x8b, 0xfe, 0x8b, 0xfe, 0x8b, 0xfe, 0x8b, 0xfe, 0x8b, 0xfe, 0x8b, 0xfe, 0x8b, 0xfe, 0x8b, 0xfe, 0x8b, 0xfe, 0x8b, 0xfe, 0x8b, 0xfe, 0x8b, 0xfe, 0x8b, 0xfe, 0x8b, 0xfe, 0x8b, 0xfe, 0x8b, 0xfe, 0x8b, 0xfe, 0x8b, 0xfe, 0x6a, 0xfe, 0x6b, 0xfe, 0x6b, 0xfe, 0x6a, 0xfe, 0x8b, 0xfe, 0x8b, 0xfe, 0xac, 0xfe, 0x8c, 0xf6, 0x30, 0xef, 0xf6, 0xdf, 0xf8, 0xc7, 0xf9, 0xc7, 0xf8, 0xcf, 0xb5, 0xd7, 0x32, 0xdf, 0xcf, 0xe6, 0xad, 0xee, 0xac, 0xfe, 0x8b, 0xfe, 0x8c, 0xf6, 0x8d, 0xf6, 0xad, 0xee, 0xae, 0xee, 0xad, 0xee, 0xcf, 0xe6, 0x31, 0xe7, 0xb5, 0xdf, 0xf8, 0xcf, 0xf9, 0xc7, 
  0xf9, 0xc7, 0xf8, 0xc7, 0xf7, 0xcf, 0xb5, 0xd7, 0x73, 0xdf, 0x73, 0xdf, 0x53, 0xdf, 0x53, 0xdf, 0x73, 0xe7, 0x52, 0xe7, 0x52, 0xe7, 0x53, 0xe7, 0x73, 0xdf, 0x74, 0xd7, 0xb6, 0xd7, 0xf8, 0xcf, 0xf8, 0xc7, 0xf8, 0xc7, 0xf8, 0xc7, 0xf7, 0xd7, 0x72, 0xe7, 0xcd, 0xee, 0x8b, 0xf6, 0x8b, 0xfe, 0x6a, 0xfe, 0x6a, 0xfe, 0x8b, 0xfe, 0x8b, 0xfe, 0x8b, 0xfe, 0x8b, 0xfe, 0x6b, 0xfe, 0x8b, 0xfe, 0x8b, 0xfe, 0x8b, 0xfe, 0x8b, 0xfe, 0x8b, 0xfe, 0x8b, 0xfe, 0x8b, 0xfe, 0x8b, 0xfe, 0x8b, 0xfe, 0x8b, 0xfe, 0x8b, 0xfe, 0x8b, 0xfe, 0x8b, 0xfe, 0x8b, 0xfe, 0x8b, 0xfe, 0x8b, 0xfe, 0x8b, 0xfe, 0x8b, 0xfe, 0x8b, 0xfe, 0x8b, 0xfe, 0x6a, 0xfe, 0x6b, 0xfe, 0x6b, 0xfe, 0x6a, 0xfe, 0x8b, 0xfe, 0x8b, 0xfe, 0xac, 0xfe, 0xad, 0xee, 0x51, 0xef, 0xf6, 0xdf, 0xf8, 0xcf, 0xf8, 0xc7, 0xf8, 0xc7, 0xf8, 0xcf, 0xd6, 0xcf, 0x94, 0xd7, 0x73, 0xdf, 0x73, 0xe7, 0x52, 0xe7, 0x52, 0xe7, 0x53, 0xe7, 0x53, 0xdf, 0x53, 0xdf, 0x53, 0xdf, 0x73, 0xd7, 0xb5, 0xd7, 0xf7, 0xd7, 0xf8, 0xcf, 0xf9, 0xc7, 
  0xf8, 0xc7, 0xf8, 0xc7, 0xf8, 0xc7, 0xf8, 0xcf, 0xf7, 0xd7, 0xf7, 0xd7, 0xf7, 0xd7, 0xf7, 0xdf, 0xf6, 0xd7, 0xd6, 0xd7, 0xd7, 0xd7, 0xf7, 0xd7, 0xf7, 0xcf, 0xf8, 0xcf, 0xf8, 0xc7, 0xf8, 0xc7, 0xf8, 0xc7, 0xf8, 0xc7, 0xf8, 0xc7, 0xf7, 0xd7, 0x93, 0xe7, 0xee, 0xe6, 0x8c, 0xf6, 0x8b, 0xfe, 0x6b, 0xfe, 0x6b, 0xfe, 0x8b, 0xfe, 0x8b, 0xfe, 0x8b, 0xfe, 0x8b, 0xfe, 0x6b, 0xfe, 0x6b, 0xfe, 0x8b, 0xfe, 0x8b, 0xfe, 0x8b, 0xfe, 0x8b, 0xfe, 0x8b, 0xfe, 0x8b, 0xfe, 0x8b, 0xfe, 0x8b, 0xfe, 0x8b, 0xfe, 0x8b, 0xfe, 0x8b, 0xfe, 0x8b, 0xfe, 0x8b, 0xfe, 0x8b, 0xfe, 0x8b, 0xfe, 0x8b, 0xfe, 0x8b, 0xfe, 0x8b, 0xfe, 0x8a, 0xfe, 0x8a, 0xfe, 0x8b, 0xfe, 0x8b, 0xfe, 0x8a, 0xfe, 0x8b, 0xfe, 0x8b, 0xfe, 0x8c, 0xf6, 0xce, 0xe6, 0x72, 0xe7, 0xf7, 0xdf, 0xf8, 0xcf, 0xf8, 0xc7, 0xf8, 0xc7, 0xf8, 0xc7, 0xf8, 0xc7, 0xf7, 0xcf, 0xd7, 0xcf, 0xd7, 0xd7, 0xf7, 0xd7, 0xf6, 0xd7, 0xd6, 0xd7, 0xd6, 0xd7, 0xf7, 0xd7, 0xf7, 0xd7, 0xf7, 0xcf, 0xf7, 0xcf, 0xf8, 0xcf, 0xf8, 0xc7, 0xf8, 0xbf, 
  0xf8, 0xc7, 0xf7, 0xc7, 0xf8, 0xc7, 0xf8, 0xc7, 0xf8, 0xc7, 0xf8, 0xc7, 0xf7, 0xc7, 0xf8, 0xcf, 0xf7, 0xc7, 0xf7, 0xc7, 0xf8, 0xc7, 0xf8, 0xc7, 0xf9, 0xc7, 0xf8, 0xc7, 0xf8, 0xc7, 0xf8, 0xc7, 0xf8, 0xc7, 0xf8, 0xc7, 0xf8, 0xc7, 0xf7, 0xcf, 0xd4, 0xdf, 0x10, 0xe7, 0x8c, 0xee, 0x8b, 0xfe, 0x6b, 0xfe, 0x6b, 0xfe, 0x8b, 0xfe, 0x8b, 0xfe, 0x8a, 0xfe, 0x8a, 0xfe, 0x6b, 0xfe, 0x6b, 0xfe, 0x8b, 0xfe, 0x8b, 0xfe, 0x8b, 0xfe, 0x8b, 0xfe, 0x8b, 0xfe, 0x8b, 0xfe, 0x8b, 0xfe, 0x8b, 0xfe, 0x8b, 0xfe, 0x8b, 0xfe, 0x8b, 0xfe, 0x8b, 0xfe, 0x8b, 0xfe, 0x8b, 0xfe, 0x8b, 0xfe, 0x8b, 0xfe, 0x8b, 0xfe, 0x8b, 0xfe, 0x8a, 0xfe, 0x8a, 0xfe, 0x8b, 0xfe, 0x8b, 0xfe, 0x8b, 0xfe, 0x8b, 0xfe, 0x8b, 0xfe, 0x8c, 0xee, 0xf0, 0xe6, 0x94, 0xdf, 0xf7, 0xd7, 0xf8, 0xc7, 0xf8, 0xc7, 0xf8, 0xc7, 0xf8, 0xc7, 0xf8, 0xc7, 0xf8, 0xc7, 0xf8, 0xc7, 0xf8, 0xc7, 0xf8, 0xc7, 0xf8, 0xc7, 0xf7, 0xc7, 0xf8, 0xcf, 0xf8, 0xcf, 0xf8, 0xcf, 0xf8, 0xc7, 0xf8, 0xc7, 0xf8, 0xcf, 0xf8, 0xc7, 0xf7, 0xc7, 
  0xf8, 0xcf, 0xf8, 0xc7, 0xf8, 0xc7, 0xf8, 0xc7, 0xf8, 0xc7, 0xf8, 0xc7, 0xf8, 0xc7, 0xf8, 0xc7, 0xf8, 0xc7, 0xf8, 0xc7, 0xf8, 0xc7, 0xf8, 0xc7, 0xf8, 0xc7, 0xf9, 0xc7, 0xf8, 0xc7, 0xf8, 0xc7, 0xf8, 0xc7, 0xf8, 0xc7, 0xf8, 0xc7, 0xf7, 0xcf, 0xf6, 0xd7, 0x52, 0xdf, 0x8c, 0xee, 0x8b, 0xfe, 0x6b, 0xfe, 0x6b, 0xfe, 0x8b, 0xfe, 0x8a, 0xfe, 0x8a, 0xfe, 0x8a, 0xfe, 0x6b, 0xfe, 0x6b, 0xfe, 0x8b, 0xfe, 0x8b, 0xfe, 0x8b, 0xfe, 0x8b, 0xfe, 0x8b, 0xfe, 0x8b, 0xfe, 0x8b, 0xfe, 0x8b, 0xfe, 0x8b, 0xfe, 0x8b, 0xfe, 0x8b, 0xfe, 0x8b, 0xfe, 0x8b, 0xfe, 0x8b, 0xfe, 0x8b, 0xfe, 0x8b, 0xfe, 0x8b, 0xfe, 0x8a, 0xfe, 0x8a, 0xfe, 0x8a, 0xfe, 0x8b, 0xfe, 0x8b, 0xfe, 0x8b, 0xfe, 0x8b, 0xfe, 0x8b, 0xfe, 0x8c, 0xee, 0x31, 0xdf, 0xb5, 0xd7, 0xf7, 0xcf, 0xf8, 0xc7, 0xf8, 0xc7, 0xf8, 0xc7, 0xf8, 0xc7, 0xf8, 0xc7, 0xf8, 0xc7, 0xf8, 0xc7, 0xf9, 0xc7, 0xf9, 0xc7, 0xf8, 0xc7, 0xf8, 0xc7, 0xf8, 0xc7, 0xf8, 0xc7, 0xf8, 0xc7, 0xf8, 0xc7, 0xf8, 0xc7, 0xf8, 0xc7, 0xf8, 0xcf, 0xf8, 0xc7, 
  0xf8, 0xc7, 0xf8, 0xc7, 0xf8, 0xc7, 0xf8, 0xc7, 0xf8, 0xc7, 0xf8, 0xc7, 0xf8, 0xc7, 0xf8, 0xc7, 0xf8, 0xc7, 0xf8, 0xc7, 0xf8, 0xc7, 0xf7, 0xc7, 0xf7, 0xc7, 0xf7, 0xc7, 0xf8, 0xc7, 0xf8, 0xc7, 0xf8, 0xc7, 0xf8, 0xcf, 0xf8, 0xc7, 0xf7, 0xc7, 0xf7, 0xd7, 0x93, 0xdf, 0xad, 0xee, 0x8b, 0xfe, 0x6b, 0xfe, 0x6b, 0xfe, 0x8b, 0xfe, 0x8a, 0xfe, 0x8a, 0xfe, 0x8a, 0xfe, 0x6b, 0xfe, 0x6b, 0xfe, 0x8b, 0xfe, 0x8b, 0xfe, 0x8b, 0xfe, 0x8b, 0xfe, 0x8b, 0xfe, 0x8b, 0xfe, 0x8b, 0xfe, 0x8b, 0xfe, 0x8b, 0xfe, 0x8b, 0xfe, 0x8b, 0xfe, 0x8b, 0xfe, 0x8b, 0xfe, 0x8b, 0xfe, 0x8b, 0xfe, 0x8b, 0xfe, 0x8b, 0xfe, 0x8a, 0xfe, 0x8a, 0xfe, 0x8a, 0xfe, 0x8b, 0xfe, 0x8b, 0xfe, 0x8b, 0xfe, 0x8b, 0xfe, 0x8b, 0xfe, 0x8c, 0xee, 0x73, 0xdf, 0xd7, 0xd7, 0xf7, 0xcf, 0xf8, 0xcf, 0xf8, 0xc7, 0xf8, 0xc7, 0xf8, 0xc7, 0xf8, 0xc7, 0xf7, 0xc7, 0xf7, 0xc7, 0xf8, 0xc7, 0xf8, 0xc7, 0xf8, 0xc7, 0xf8, 0xc7, 0xf9, 0xc7, 0xf8, 0xc7, 0xf8, 0xc7, 0xf8, 0xc7, 0xf8, 0xc7, 0xf8, 0xc7, 0xf8, 0xc7, 0xf8, 0xc7, 
  0xf8, 0xbf, 0xf8, 0xc7, 0xf8, 0xc7, 0xf8, 0xc7, 0xf8, 0xc7, 0xf8, 0xc7, 0xf8, 0xc7, 0xf8, 0xc7, 0xf8, 0xc7, 0xf8, 0xc7, 0xf8, 0xc7, 0xf8, 0xc7, 0xf8, 0xcf, 0xf8, 0xcf, 0xf8, 0xc7, 0xf8, 0xc7, 0xf8, 0xc7, 0xf8, 0xcf, 0xf8, 0xc7, 0xf7, 0xc7, 0xf7, 0xcf, 0xb5, 0xdf, 0xae, 0xe6, 0x8c, 0xfe, 0x8b, 0xfe, 0x8b, 0xfe, 0x8a, 0xfe, 0x8a, 0xfe, 0x8a, 0xfe, 0x8a, 0xfe, 0x6b, 0xfe, 0x6b, 0xfe, 0x6b, 0xfe, 0x8b, 0xfe, 0x8b, 0xfe, 0x8b, 0xfe, 0x8b, 0xfe, 0x8b, 0xfe, 0x8b, 0xfe, 0x8b, 0xfe, 0x8b, 0xfe, 0x8b, 0xfe, 0x8b, 0xfe, 0x8b, 0xfe, 0x8b, 0xfe, 0x8b, 0xfe, 0x8b, 0xfe, 0x8b, 0xfe, 0x8b, 0xfe, 0x8b, 0xfe, 0x8b, 0xfe, 0x8a, 0xfe, 0x8b, 0xfe, 0x8b, 0xfe, 0x8b, 0xfe, 0x8b, 0xfe, 0xab, 0xfe, 0xad, 0xee, 0x94, 0xdf, 0xf8, 0xd7, 0xf8, 0xc7, 0xf8, 0xc7, 0xf8, 0xc7, 0xf8, 0xc7, 0xf8, 0xcf, 0xf8, 0xc7, 0xf7, 0xc7, 0xf7, 0xcf, 0xf8, 0xcf, 0xf8, 0xc7, 0xf8, 0xc7, 0xf8, 0xc7, 0xf8, 0xc7, 0xf8, 0xc7, 0xf8, 0xc7, 0xf8, 0xcf, 0xf8, 0xcf, 0xf8, 0xc7, 0xf8, 0xc7, 0xf9, 0xc7, 
  0xf8, 0xbf, 0xf8, 0xbf, 0xf8, 0xc7, 0xf8, 0xc7, 0xf8, 0xcf, 0xf8, 0xcf, 0xf8, 0xcf, 0xf8, 0xc7, 0xf8, 0xc7, 0xf8, 0xc7, 0xf8, 0xc7, 0xf8, 0xc7, 0xf8, 0xc7, 0xf8, 0xc7, 0xf8, 0xc7, 0xf8, 0xc7, 0xf8, 0xc7, 0xf8, 0xc7, 0xf8, 0xc7, 0xf8, 0xc7, 0xf8, 0xcf, 0xd6, 0xd7, 0x51, 0xe7, 0xad, 0xee, 0x6b, 0xf6, 0x8a, 0xfe, 0x8a, 0xfe, 0x6a, 0xfe, 0x6a, 0xfe, 0x8b, 0xfe, 0x6b, 0xfe, 0x6b, 0xfe, 0x6b, 0xfe, 0x6b, 0xfe, 0x6b, 0xfe, 0x6b, 0xfe, 0x8b, 0xfe, 0x8b, 0xfe, 0x8b, 0xfe, 0x8a, 0xfe, 0x8a, 0xfe, 0x8b, 0xfe, 0x8b, 0xfe, 0x8b, 0xfe, 0x6b, 0xfe, 0x6b, 0xfe, 0x6b, 0xfe, 0x6b, 0xfe, 0x4b, 0xfe, 0x6b, 0xfe, 0x8b, 0xfe, 0x8b, 0xfe, 0x8a, 0xfe, 0x8a, 0xfe, 0xab, 0xfe, 0xab, 0xf6, 0x8b, 0xee, 0x30, 0xef, 0xb5, 0xdf, 0xf8, 0xcf, 0xf9, 0xc7, 0xf9, 0xbf, 0xf9, 0xc7, 0xf8, 0xc7, 0xf8, 0xc7, 0xf8, 0xc7, 0xf8, 0xc7, 0xf8, 0xc7, 0xf8, 0xc7, 0xf8, 0xc7, 0xf8, 0xc7, 0xf8, 0xc7, 0xf8, 0xc7, 0xf8, 0xc7, 0xf8, 0xcf, 0xf8, 0xcf, 0xf8, 0xcf, 0xf8, 0xc7, 0xf8, 0xbf, 0xf9, 0xbf, 
  0xf8, 0xbf, 0xf8, 0xbf, 0xf8, 0xc7, 0xf8, 0xc7, 0xf8, 0xc7, 0xf8, 0xcf, 0xf8, 0xcf, 0xf8, 0xcf, 0xf8, 0xc7, 0xf8, 0xc7, 0xf8, 0xc7, 0xf8, 0xc7, 0xf8, 0xc7, 0xf8, 0xc7, 0xf8, 0xc7, 0xf8, 0xc7, 0xf8, 0xc7, 0xf8, 0xc7, 0xf8, 0xc7, 0xf8, 0xc7, 0xf8, 0xcf, 0xf7, 0xd7, 0x94, 0xdf, 0x10, 0xe7, 0x8c, 0xf6, 0x8b, 0xfe, 0x6a, 0xfe, 0x6a, 0xfe, 0x6a, 0xfe, 0x6b, 0xfe, 0x8b, 0xfe, 0x6b, 0xfe, 0x6b, 0xfe, 0x6b, 0xfe, 0x8b, 0xfe, 0x8b, 0xfe, 0x8b, 0xfe, 0x8b, 0xfe, 0x8b, 0xfe, 0x8b, 0xfe, 0x8b, 0xfe, 0x8b, 0xfe, 0x8b, 0xfe, 0x8b, 0xfe, 0x8b, 0xfe, 0x8b, 0xfe, 0x6b, 0xfe, 0x6b, 0xfe, 0x6c, 0xfe, 0x6c, 0xfe, 0x8b, 0xfe, 0x8a, 0xfe, 0x8a, 0xfe, 0x8a, 0xfe, 0xab, 0xfe, 0xac, 0xee, 0xee, 0xee, 0x72, 0xe7, 0xd7, 0xd7, 0xf8, 0xcf, 0xf9, 0xc7, 0xf9, 0xbf, 0xf8, 0xc7, 0xf8, 0xc7, 0xf8, 0xc7, 0xf8, 0xc7, 0xf8, 0xc7, 0xf8, 0xc7, 0xf8, 0xc7, 0xf8, 0xc7, 0xf8, 0xbf, 0xf8, 0xbf, 0xf8, 0xc7, 0xf8, 0xc7, 0xf8, 0xcf, 0xf8, 0xcf, 0xf8, 0xcf, 0xf8, 0xc7, 0xf8, 0xbf, 0xf8, 0xbf, 
  0xf8, 0xc7, 0xf8, 0xc7, 0xf8, 0xc7, 0xf8, 0xc7, 0xf8, 0xc7, 0xf8, 0xc7, 0xf8, 0xc7, 0xf8, 0xc7, 0xf8, 0xc7, 0xf8, 0xc7, 0xf8, 0xc7, 0xf8, 0xc7, 0xf8, 0xc7, 0xf8, 0xc7, 0xf8, 0xc7, 0xf8, 0xc7, 0xf8, 0xbf, 0xf8, 0xc7, 0xf7, 0xc7, 0xf7, 0xcf, 0xf8, 0xc7, 0xf8, 0xcf, 0xd7, 0xd7, 0x73, 0xdf, 0xce, 0xee, 0x8c, 0xfe, 0x6b, 0xfe, 0x8b, 0xfe, 0x8b, 0xfe, 0x8b, 0xfe, 0x8b, 0xfe, 0x8b, 0xfe, 0x8a, 0xfe, 0x8a, 0xfe, 0x8a, 0xfe, 0x8a, 0xfe, 0x8b, 0xfe, 0x8b, 0xfe, 0x8b, 0xfe, 0x8b, 0xfe, 0x8b, 0xfe, 0x8b, 0xfe, 0x8b, 0xfe, 0x8b, 0xfe, 0x8a, 0xfe, 0x8a, 0xfe, 0x8a, 0xfe, 0x8a, 0xfe, 0xab, 0xfe, 0x8b, 0xfe, 0x6b, 0xfe, 0x8a, 0xfe, 0x89, 0xfe, 0x89, 0xfe, 0x8b, 0xfe, 0xad, 0xee, 0x52, 0xe7, 0xb6, 0xdf, 0xf8, 0xcf, 0xf9, 0xc7, 0xf8, 0xc7, 0xf8, 0xc7, 0xf7, 0xc7, 0xf7, 0xc7, 0xf7, 0xc7, 0xf8, 0xc7, 0xf8, 0xcf, 0xf8, 0xcf, 0xf8, 0xc7, 0xf8, 0xc7, 0xf8, 0xc7, 0xf8, 0xbf, 0xf8, 0xc7, 0xf8, 0xc7, 0xf8, 0xcf, 0xf8, 0xcf, 0xf8, 0xcf, 0xf8, 0xc7, 0xf8, 0xbf, 0xf8, 0xbf, 
  0xf8, 0xc7, 0xf8, 0xc7, 0xf8, 0xc7, 0xf8, 0xc7, 0xf8, 0xc7, 0xf8, 0xc7, 0xf8, 0xc7, 0xf8, 0xc7, 0xf8, 0xc7, 0xf8, 0xc7, 0xf8, 0xc7, 0xf8, 0xc7, 0xf8, 0xc7, 0xf8, 0xc7, 0xf8, 0xcf, 0xf8, 0xc7, 0xf8, 0xbf, 0xf8, 0xc7, 0xf7, 0xcf, 0xf7, 0xcf, 0xf8, 0xc7, 0xf9, 0xcf, 0xf8, 0xcf, 0xb6, 0xdf, 0x11, 0xe7, 0xad, 0xee, 0x8b, 0xf6, 0x8b, 0xfe, 0xac, 0xfe, 0x8b, 0xfe, 0x6b, 0xfe, 0x6a, 0xfe, 0x8a, 0xfe, 0x8a, 0xfe, 0x8a, 0xfe, 0x8a, 0xfe, 0x8b, 0xfe, 0x8b, 0xfe, 0x8b, 0xfe, 0x8b, 0xfe, 0x8b, 0xfe, 0x8b, 0xfe, 0x8b, 0xfe, 0x8b, 0xfe, 0x8a, 0xfe, 0x8a, 0xfe, 0x8a, 0xfe, 0x8a, 0xfe, 0xab, 0xfe, 0x8b, 0xfe, 0x8a, 0xfe, 0x8a, 0xfe, 0x8a, 0xfe, 0x8a, 0xfe, 0xac, 0xf6, 0xef, 0xe6, 0xb5, 0xdf, 0xf8, 0xcf, 0xf9, 0xc7, 0xf8, 0xc7, 0xf8, 0xc7, 0xf7, 0xc7, 0xf7, 0xcf, 0xf7, 0xc7, 0xf7, 0xc7, 0xf8, 0xcf, 0xf8, 0xcf, 0xf8, 0xcf, 0xf8, 0xc7, 0xf8, 0xc7, 0xf8, 0xc7, 0xf8, 0xbf, 0xf8, 0xbf, 0xf8, 0xc7, 0xf8, 0xc7, 0xf8, 0xcf, 0xf8, 0xcf, 0xf8, 0xc7, 0xf8, 0xc7, 0xf8, 0xbf, 
  0xf8, 0xcf, 0xf8, 0xc7, 0xf8, 0xc7, 0xf8, 0xc7, 0xf8, 0xc7, 0xf8, 0xc7, 0xf8, 0xc7, 0xf8, 0xc7, 0xf8, 0xc7, 0xf8, 0xc7, 0xf8, 0xc7, 0xf8, 0xc7, 0xf8, 0xcf, 0xf8, 0xcf, 0xf8, 0xcf, 0xf8, 0xc7, 0xf8, 0xc7, 0xf8, 0xc7, 0xf8, 0xc7, 0xf7, 0xcf, 0xf8, 0xcf, 0xf8, 0xcf, 0xf8, 0xcf, 0xd7, 0xd7, 0x94, 0xdf, 0x10, 0xe7, 0xac, 0xee, 0x8b, 0xf6, 0x8c, 0xfe, 0x8b, 0xfe, 0x6a, 0xfe, 0x6a, 0xfe, 0x8a, 0xfe, 0x8a, 0xfe, 0x8a, 0xfe, 0x8b, 0xfe, 0x8b, 0xfe, 0x8b, 0xfe, 0x8b, 0xfe, 0x8b, 0xfe, 0x8b, 0xfe, 0x8b, 0xfe, 0x8b, 0xfe, 0x8b, 0xfe, 0x8b, 0xfe, 0x8a, 0xfe, 0x8a, 0xfe, 0x8a, 0xfe, 0x8a, 0xfe, 0x8a, 0xfe, 0x89, 0xfe, 0x8a, 0xfe, 0x8b, 0xfe, 0xad, 0xee, 0x10, 0xe7, 0x93, 0xdf, 0xf7, 0xcf, 0xf9, 0xc7, 0xf8, 0xc7, 0xf8, 0xc7, 0xf8, 0xc7, 0xf8, 0xc7, 0xf8, 0xcf, 0xf8, 0xcf, 0xf8, 0xcf, 0xf8, 0xc7, 0xf8, 0xcf, 0xf8, 0xcf, 0xf7, 0xcf, 0xf7, 0xc7, 0xf7, 0xc7, 0xf8, 0xbf, 0xf8, 0xbf, 0xf8, 0xc7, 0xf8, 0xc7, 0xf8, 0xc7, 0xf8, 0xc7, 0xf8, 0xc7, 0xf8, 0xc7, 0xf8, 0xc7, 
  0xf8, 0xcf, 0xf8, 0xcf, 0xf8, 0xc7, 0xf8, 0xc7, 0xf8, 0xc7, 0xf8, 0xbf, 0xf8, 0xbf, 0xf8, 0xc7, 0xf8, 0xc7, 0xf8, 0xc7, 0xf8, 0xc7, 0xf8, 0xcf, 0xf8, 0xcf, 0xf8, 0xcf, 0xf8, 0xcf, 0xf8, 0xc7, 0xf8, 0xc7, 0xf8, 0xc7, 0xf8, 0xc7, 0xf8, 0xc7, 0xf8, 0xc7, 0xf8, 0xc7, 0xf8, 0xc7, 0xf7, 0xcf, 0xf6, 0xdf, 0x93, 0xdf, 0x0f, 0xe7, 0xad, 0xee, 0x8c, 0xf6, 0x8b, 0xfe, 0x6a, 0xfe, 0x8a, 0xfe, 0x8a, 0xfe, 0x8b, 0xfe, 0x8b, 0xfe, 0x8b, 0xfe, 0x8b, 0xfe, 0x8b, 0xfe, 0x8b, 0xfe, 0x6b, 0xfe, 0x6b, 0xfe, 0x8b, 0xfe, 0x8b, 0xfe, 0x8b, 0xfe, 0x8b, 0xfe, 0x8b, 0xfe, 0x8b, 0xfe, 0x8a, 0xfe, 0x8a, 0xfe, 0x8a, 0xfe, 0x89, 0xfe, 0x8a, 0xfe, 0xad, 0xee, 0xf0, 0xe6, 0x93, 0xdf, 0xf7, 0xd7, 0xf8, 0xc7, 0xf8, 0xc7, 0xf7, 0xcf, 0xf7, 0xcf, 0xf8, 0xc7, 0xf9, 0xc7, 0xf8, 0xcf, 0xf8, 0xcf, 0xf8, 0xc7, 0xf8, 0xc7, 0xf8, 0xc7, 0xf8, 0xcf, 0xf7, 0xc7, 0xf7, 0xc7, 0xf7, 0xc7, 0xf8, 0xc7, 0xf8, 0xbf, 0xf8, 0xc7, 0xf8, 0xc7, 0xf9, 0xc7, 0xf8, 0xc7, 0xf8, 0xc7, 0xf8, 0xc7, 0xf8, 0xc7, 
  0xf8, 0xcf, 0xf8, 0xcf, 0xf8, 0xc7, 0xf8, 0xc7, 0xf8, 0xc7, 0xf8, 0xbf, 0xf8, 0xc7, 0xf8, 0xc7, 0xf8, 0xc7, 0xf8, 0xc7, 0xf8, 0xcf, 0xf8, 0xcf, 0xf8, 0xc7, 0xf8, 0xc7, 0xf8, 0xc7, 0xf8, 0xc7, 0xf9, 0xc7, 0xf9, 0xc7, 0xf8, 0xc7, 0xf8, 0xc7, 0xf8, 0xc7, 0xf8, 0xc7, 0xf7, 0xc7, 0xf7, 0xcf, 0xf6, 0xcf, 0xd5, 0xd7, 0x94, 0xdf, 0x31, 0xdf, 0xce, 0xee, 0x8c, 0xfe, 0x8b, 0xfe, 0x6b, 0xfe, 0x6b, 0xfe, 0x6b, 0xfe, 0x6b, 0xfe, 0x6b, 0xfe, 0x6b, 0xfe, 0x6a, 0xfe, 0x6a, 0xfe, 0x6a, 0xfe, 0x6a, 0xfe, 0x6a, 0xfe, 0x6a, 0xfe, 0x6b, 0xfe, 0x6b, 0xfe, 0x6b, 0xfe, 0x6b, 0xfe, 0x8b, 0xfe, 0x8b, 0xfe, 0x8b, 0xfe, 0x8b, 0xfe, 0xac, 0xf6, 0x10, 0xe7, 0x93, 0xdf, 0xd6, 0xd7, 0xf8, 0xcf, 0xf8, 0xc7, 0xf8, 0xc7, 0xf6, 0xcf, 0xf7, 0xcf, 0xf8, 0xcf, 0xf9, 0xcf, 0xf9, 0xcf, 0xf9, 0xc7, 0xf9, 0xc7, 0xf9, 0xc7, 0xf8, 0xc7, 0xf8, 0xc7, 0xf8, 0xc7, 0xf7, 0xc7, 0xf7, 0xc7, 0xf8, 0xc7, 0xf8, 0xc7, 0xf8, 0xc7, 0xf9, 0xc7, 0xf9, 0xc7, 0xf8, 0xc7, 0xf8, 0xc7, 0xf8, 0xc7, 0xf8, 0xc7, 
  0xf8, 0xcf, 0xf8, 0xcf, 0xf8, 0xc7, 0xf8, 0xc7, 0xf8, 0xc7, 0xf8, 0xc7, 0xf8, 0xc7, 0xf8, 0xc7, 0xf8, 0xc7, 0xf8, 0xc7, 0xf8, 0xcf, 0xf8, 0xc7, 0xf8, 0xc7, 0xf8, 0xc7, 0xf8, 0xc7, 0xf9, 0xc7, 0xfa, 0xc7, 0xf9, 0xc7, 0xf8, 0xcf, 0xf7, 0xcf, 0xf7, 0xcf, 0xf7, 0xc7, 0xf7, 0xc7, 0xf7, 0xc7, 0xf6, 0xc7, 0xf7, 0xcf, 0xf7, 0xd7, 0xb5, 0xd7, 0x11, 0xdf, 0xce, 0xee, 0x8c, 0xf6, 0x6b, 0xfe, 0x6b, 0xfe, 0x6b, 0xfe, 0x6b, 0xfe, 0x6b, 0xfe, 0x6b, 0xfe, 0x6a, 0xfe, 0x6a, 0xfe, 0x6a, 0xfe, 0x6a, 0xfe, 0x6a, 0xfe, 0x6a, 0xfe, 0x6b, 0xfe, 0x6b, 0xfe, 0x6b, 0xfe, 0x6b, 0xfe, 0x8b, 0xfe, 0x8c, 0xfe, 0xac, 0xf6, 0xad, 0xee, 0x10, 0xe7, 0x94, 0xdf, 0xf7, 0xd7, 0xf8, 0xd7, 0xd7, 0xcf, 0xf7, 0xd7, 0xd6, 0xd7, 0xd4, 0xdf, 0xb5, 0xdf, 0xd6, 0xdf, 0xd7, 0xd7, 0xf9, 0xcf, 0xf9, 0xc7, 0xf9, 0xbf, 0xf9, 0xbf, 0xf8, 0xc7, 0xf8, 0xc7, 0xf8, 0xc7, 0xf8, 0xc7, 0xf8, 0xc7, 0xf8, 0xc7, 0xf8, 0xc7, 0xf9, 0xc7, 0xf9, 0xc7, 0xf9, 0xc7, 0xf8, 0xc7, 0xf8, 0xc7, 0xf8, 0xc7, 0xf8, 0xc7, 
  0xf8, 0xc7, 0xf8, 0xc7, 0xf8, 0xc7, 0xf8, 0xc7, 0xf8, 0xc7, 0xf8, 0xc7, 0xf8, 0xc7, 0xf8, 0xc7, 0xf8, 0xc7, 0xf9, 0xcf, 0xf9, 0xcf, 0xf8, 0xc7, 0xf9, 0xc7, 0xf9, 0xc7, 0xf9, 0xc7, 0xf8, 0xbf, 0xf9, 0xbf, 0xf9, 0xc7, 0xf7, 0xcf, 0xf6, 0xd7, 0xf5, 0xdf, 0xf6, 0xd7, 0xf7, 0xcf, 0xf8, 0xc7, 0xf8, 0xc7, 0xf8, 0xc7, 0xf8, 0xc7, 0xf7, 0xcf, 0xd6, 0xd7, 0x74, 0xdf, 0xef, 0xe6, 0x8c, 0xf6, 0x8c, 0xfe, 0x6b, 0xfe, 0x6b, 0xfe, 0x8b, 0xfe, 0x8b, 0xfe, 0x8b, 0xfe, 0x8b, 0xfe, 0x8a, 0xfe, 0x8a, 0xfe, 0x8b, 0xfe, 0x8b, 0xfe, 0x8b, 0xfe, 0x8b, 0xfe, 0x6b, 0xfe, 0x6b, 0xfe, 0x8b, 0xfe, 0x6c, 0xee, 0xee, 0xee, 0x72, 0xdf, 0xd5, 0xd7, 0xd7, 0xcf, 0xf8, 0xcf, 0xf8, 0xcf, 0xf7, 0xd7, 0x94, 0xe7, 0x31, 0xe7, 0xaf, 0xe6, 0xcf, 0xe6, 0x31, 0xe7, 0xb4, 0xdf, 0xf8, 0xcf, 0xf9, 0xbf, 0xf9, 0xbf, 0xf9, 0xbf, 0xf9, 0xbf, 0xf8, 0xc7, 0xf8, 0xc7, 0xf8, 0xc7, 0xf8, 0xc7, 0xf8, 0xc7, 0xf8, 0xc7, 0xf9, 0xc7, 0xf9, 0xc7, 0xf9, 0xc7, 0xf8, 0xc7, 0xf8, 0xc7, 0xf8, 0xc7, 0xf7, 0xc7, 
  0xf8, 0xc7, 0xf8, 0xc7, 0xf8, 0xc7, 0xf8, 0xc7, 0xf8, 0xc7, 0xf8, 0xc7, 0xf8, 0xc7, 0xf8, 0xc7, 0xf9, 0xcf, 0xf9, 0xcf, 0xf9, 0xc7, 0xf9, 0xc7, 0xf9, 0xc7, 0xf8, 0xbf, 0xf8, 0xbf, 0xf8, 0xbf, 0xf8, 0xbf, 0xf7, 0xcf, 0xd4, 0xdf, 0x72, 0xdf, 0x10, 0xd7, 0x52, 0xd7, 0xd6, 0xd7, 0xf8, 0xd7, 0xf8, 0xc7, 0xf8, 0xc7, 0xf8, 0xc7, 0xf9, 0xc7, 0xf8, 0xcf, 0xf7, 0xd7, 0x93, 0xe7, 0x50, 0xef, 0xae, 0xee, 0x8d, 0xf6, 0x8c, 0xee, 0x6c, 0xf6, 0x8c, 0xf6, 0x8b, 0xf6, 0x8b, 0xfe, 0xab, 0xfe, 0x8b, 0xfe, 0x8b, 0xf6, 0x8b, 0xf6, 0x6b, 0xf6, 0x6c, 0xf6, 0x8d, 0xf6, 0xad, 0xf6, 0xce, 0xee, 0x30, 0xef, 0x72, 0xe7, 0xd6, 0xd7, 0xf8, 0xcf, 0xf9, 0xc7, 0xf8, 0xcf, 0xf8, 0xcf, 0xd6, 0xdf, 0x11, 0xe7, 0xae, 0xee, 0x6c, 0xf6, 0x8c, 0xf6, 0xce, 0xee, 0x30, 0xe7, 0xb5, 0xd7, 0xf8, 0xcf, 0xf8, 0xc7, 0xf8, 0xc7, 0xf8, 0xbf, 0xf8, 0xbf, 0xf8, 0xc7, 0xf8, 0xc7, 0xf8, 0xc7, 0xf8, 0xc7, 0xf9, 0xcf, 0xf9, 0xc7, 0xf9, 0xc7, 0xf8, 0xc7, 0xf8, 0xc7, 0xf8, 0xc7, 0xf8, 0xc7, 0xf7, 0xc7, 
  0xf8, 0xc7, 0xf8, 0xc7, 0xf8, 0xc7, 0xf8, 0xc7, 0xf8, 0xc7, 0xf8, 0xc7, 0xf8, 0xcf, 0xf8, 0xcf, 0xf9, 0xcf, 0xf9, 0xc7, 0xf9, 0xc7, 0xf9, 0xc7, 0xf8, 0xc7, 0xf7, 0xbf, 0xf7, 0xc7, 0xf7, 0xcf, 0xf6, 0xd7, 0xb3, 0xdf, 0x2f, 0xe7, 0xcc, 0xee, 0xac, 0xe6, 0xcf, 0xde, 0x53, 0xdf, 0xd7, 0xdf, 0xd8, 0xcf, 0xf9, 0xcf, 0xf9, 0xc7, 0xf9, 0xc7, 0xf8, 0xcf, 0xf7, 0xcf, 0xf6, 0xd7, 0xd5, 0xd7, 0xb4, 0xdf, 0x93, 0xdf, 0x52, 0xdf, 0x10, 0xdf, 0xce, 0xe6, 0xad, 0xee, 0xac, 0xf6, 0x8c, 0xf6, 0xac, 0xf6, 0xac, 0xf6, 0xcd, 0xee, 0xce, 0xe6, 0x10, 0xdf, 0x31, 0xdf, 0x73, 0xdf, 0x94, 0xdf, 0xd6, 0xdf, 0xd7, 0xd7, 0xf8, 0xcf, 0xf8, 0xc7, 0xf8, 0xc7, 0xf7, 0xcf, 0xd6, 0xcf, 0x94, 0xdf, 0xaf, 0xe6, 0x8c, 0xf6, 0x8c, 0xfe, 0x8b, 0xfe, 0x8b, 0xfe, 0x8c, 0xf6, 0x0f, 0xe7, 0x93, 0xdf, 0xf6, 0xd7, 0xf7, 0xcf, 0xf7, 0xc7, 0xf8, 0xc7, 0xf8, 0xc7, 0xf9, 0xc7, 0xf9, 0xc7, 0xd8, 0xc7, 0xf9, 0xcf, 0xf9, 0xcf, 0xf8, 0xc7, 0xf8, 0xc7, 0xf8, 0xc7, 0xf8, 0xc7, 0xf8, 0xc7, 0xf8, 0xc7, 
  0xf8, 0xbf, 0xf8, 0xc7, 0xf8, 0xc7, 0xf8, 0xc7, 0xf8, 0xc7, 0xf8, 0xcf, 0xf8, 0xcf, 0xf8, 0xc7, 0xf9, 0xcf, 0xf9, 0xc7, 0xf9, 0xc7, 0xf9, 0xc7, 0xf8, 0xcf, 0xf7, 0xcf, 0xf6, 0xcf, 0xf5, 0xd7, 0xb3, 0xdf, 0x0f, 0xdf, 0xab, 0xee, 0xaa, 0xfe, 0xcc, 0xf6, 0xad, 0xee, 0x11, 0xdf, 0x95, 0xdf, 0xd8, 0xd7, 0xf9, 0xcf, 0xf9, 0xc7, 0xf8, 0xc7, 0xf7, 0xc7, 0xf7, 0xc7, 0xf7, 0xc7, 0xf7, 0xc7, 0xf7, 0xcf, 0xf6, 0xcf, 0xd5, 0xd7, 0xb4, 0xdf, 0x93, 0xe7, 0x72, 0xe7, 0x51, 0xef, 0x30, 0xef, 0x30, 0xef, 0x31, 0xef, 0x52, 0xe7, 0x93, 0xe7, 0xb4, 0xdf, 0xf5, 0xd7, 0xf6, 0xcf, 0xf7, 0xcf, 0xf8, 0xcf, 0xf8, 0xcf, 0xf8, 0xc7, 0xf8, 0xc7, 0xf7, 0xc7, 0xf7, 0xc7, 0xf6, 0xcf, 0xb4, 0xdf, 0xcf, 0xe6, 0x8c, 0xf6, 0x8b, 0xfe, 0xab, 0xfe, 0x8a, 0xfe, 0x6a, 0xfe, 0xac, 0xf6, 0x0f, 0xef, 0xb3, 0xe7, 0xf6, 0xd7, 0xf7, 0xd7, 0xf7, 0xc7, 0xf8, 0xc7, 0xf8, 0xc7, 0xf9, 0xc7, 0xf9, 0xc7, 0xf9, 0xcf, 0xf8, 0xcf, 0xf8, 0xc7, 0xf8, 0xc7, 0xf8, 0xc7, 0xf8, 0xc7, 0xf8, 0xc7, 0xf8, 0xc7, 
  0xf8, 0xbf, 0xf8, 0xc7, 0xf8, 0xc7, 0xf8, 0xc7, 0xf8, 0xcf, 0xf8, 0xcf, 0xf8, 0xc7, 0xf8, 0xc7, 0xf9, 0xc7, 0xf9, 0xc7, 0xf8, 0xc7, 0xf8, 0xc7, 0xf7, 0xcf, 0xf6, 0xd7, 0xd5, 0xdf, 0x93, 0xdf, 0x0f, 0xe7, 0xcc, 0xee, 0xab, 0xfe, 0xaa, 0xfe, 0xab, 0xfe, 0xad, 0xee, 0x32, 0xe7, 0xd6, 0xdf, 0xd8, 0xcf, 0xf8, 0xcf, 0xf7, 0xcf, 0xf7, 0xcf, 0xf7, 0xcf, 0xf7, 0xc7, 0xf8, 0xc7, 0xf8, 0xc7, 0xf7, 0xc7, 0xf7, 0xc7, 0xf7, 0xcf, 0xf7, 0xcf, 0xf7, 0xd7, 0xf7, 0xd7, 0xf6, 0xd7, 0xd6, 0xd7, 0xd6, 0xd7, 0xd6, 0xd7, 0xf7, 0xd7, 0xf7, 0xd7, 0xf7, 0xcf, 0xf7, 0xcf, 0xf7, 0xc7, 0xf7, 0xc7, 0xf9, 0xc7, 0xf9, 0xc7, 0xf8, 0xc7, 0xf8, 0xc7, 0xf8, 0xc7, 0xf8, 0xc7, 0xf8, 0xc7, 0xf6, 0xd7, 0x30, 0xdf, 0xad, 0xee, 0x6a, 0xf6, 0x6a, 0xfe, 0x8a, 0xfe, 0x6a, 0xfe, 0x6b, 0xfe, 0xad, 0xf6, 0x10, 0xef, 0x93, 0xe7, 0xf5, 0xdf, 0xf6, 0xd7, 0xf7, 0xc7, 0xf8, 0xc7, 0xf9, 0xc7, 0xf9, 0xc7, 0xf8, 0xc7, 0xf8, 0xcf, 0xf8, 0xc7, 0xf8, 0xc7, 0xf8, 0xc7, 0xf8, 0xc7, 0xf8, 0xc7, 0xf8, 0xc7, 
  0xf8, 0xbf, 0xf8, 0xc7, 0xf8, 0xc7, 0xf8, 0xc7, 0xf8, 0xcf, 0xf8, 0xcf, 0xf8, 0xc7, 0xf8, 0xc7, 0xf8, 0xbf, 0xf9, 0xc7, 0xf8, 0xc7, 0xf7, 0xcf, 0xf6, 0xd7, 0xf5, 0xdf, 0x93, 0xe7, 0x30, 0xe7, 0x8c, 0xee, 0xac, 0xfe, 0xab, 0xfe, 0x8a, 0xfe, 0x8c, 0xf6, 0x0f, 0xef, 0xb4, 0xe7, 0xf7, 0xd7, 0xf8, 0xc7, 0xf8, 0xc7, 0xf7, 0xcf, 0xf6, 0xcf, 0xf7, 0xcf, 0xf8, 0xc7, 0xf8, 0xc7, 0xf9, 0xc7, 0xf8, 0xc7, 0xf8, 0xc7, 0xf8, 0xc7, 0xf8, 0xc7, 0xf8, 0xc7, 0xf8, 0xc7, 0xf8, 0xc7, 0xf8, 0xc7, 0xf9, 0xc7, 0xf8, 0xc7, 0xf8, 0xc7, 0xf8, 0xc7, 0xf8, 0xc7, 0xf8, 0xc7, 0xf7, 0xc7, 0xf8, 0xc7, 0xf9, 0xc7, 0xf9, 0xc7, 0xf7, 0xc7, 0xf7, 0xcf, 0xf8, 0xc7, 0xf8, 0xc7, 0xf8, 0xc7, 0xf7, 0xcf, 0xb4, 0xdf, 0x30, 0xe7, 0x8c, 0xf6, 0x6a, 0xfe, 0x8a, 0xfe, 0x8a, 0xfe, 0x8b, 0xfe, 0x8c, 0xfe, 0x8d, 0xee, 0x10, 0xef, 0x93, 0xe7, 0xf5, 0xdf, 0xf7, 0xcf, 0xf8, 0xc7, 0xf8, 0xc7, 0xf9, 0xc7, 0xf8, 0xc7, 0xf8, 0xc7, 0xf8, 0xc7, 0xf8, 0xc7, 0xf8, 0xc7, 0xf8, 0xc7, 0xf9, 0xc7, 0xf9, 0xc7, 
  0xf8, 0xc7, 0xf8, 0xc7, 0xf8, 0xc7, 0xf8, 0xcf, 0xf8, 0xcf, 0xf8, 0xcf, 0xf8, 0xc7, 0xf8, 0xc7, 0xf8, 0xbf, 0xf8, 0xbf, 0xf8, 0xc7, 0xf7, 0xcf, 0xd5, 0xd7, 0x93, 0xdf, 0x31, 0xe7, 0xcf, 0xee, 0x8d, 0xfe, 0x8c, 0xfe, 0x6b, 0xfe, 0x8c, 0xf6, 0x10, 0xe7, 0xb4, 0xdf, 0xf7, 0xcf, 0xf8, 0xbf, 0xf8, 0xc7, 0xf8, 0xc7, 0xf7, 0xc7, 0xf7, 0xcf, 0xf8, 0xc7, 0xf8, 0xc7, 0xf8, 0xc7, 0xf8, 0xc7, 0xf8, 0xc7, 0xf8, 0xc7, 0xf8, 0xc7, 0xf8, 0xc7, 0xf8, 0xc7, 0xf8, 0xc7, 0xf8, 0xc7, 0xf8, 0xc7, 0xf8, 0xc7, 0xf8, 0xc7, 0xf8, 0xc7, 0xf8, 0xc7, 0xf8, 0xc7, 0xf8, 0xc7, 0xf8, 0xc7, 0xf8, 0xc7, 0xf9, 0xbf, 0xf8, 0xbf, 0xf7, 0xc7, 0xf6, 0xcf, 0xf7, 0xcf, 0xf8, 0xc7, 0xf8, 0xc7, 0xf8, 0xc7, 0xf8, 0xd7, 0xb5, 0xdf, 0x0f, 0xef, 0xac, 0xf6, 0x8b, 0xfe, 0x8b, 0xfe, 0xac, 0xfe, 0x8c, 0xfe, 0x6c, 0xf6, 0x8d, 0xee, 0x10, 0xe7, 0xb4, 0xdf, 0xf6, 0xcf, 0xf8, 0xc7, 0xf8, 0xbf, 0xf9, 0xbf, 0xf8, 0xc7, 0xf8, 0xc7, 0xf7, 0xc7, 0xf7, 0xc7, 0xf8, 0xc7, 0xf8, 0xc7, 0xf9, 0xc7, 0xf9, 0xcf, 
  0xf9, 0xc7, 0xf9, 0xc7, 0xf8, 0xc7, 0xf8, 0xcf, 0xf8, 0xcf, 0xf8, 0xc7, 0xf8, 0xc7, 0xf8, 0xbf, 0xf8, 0xbf, 0xf8, 0xbf, 0xf7, 0xc7, 0xf6, 0xd7, 0xb4, 0xdf, 0x31, 0xe7, 0xcf, 0xe6, 0x8d, 0xee, 0xae, 0xfe, 0x6c, 0xf6, 0x6c, 0xee, 0x10, 0xef, 0xb4, 0xe7, 0xf7, 0xd7, 0xf8, 0xbf, 0xf9, 0xb7, 0xf8, 0xbf, 0xf8, 0xc7, 0xf7, 0xc7, 0xf8, 0xc7, 0xf8, 0xc7, 0xf9, 0xc7, 0xf9, 0xcf, 0xf9, 0xcf, 0xf8, 0xc7, 0xf8, 0xc7, 0xf8, 0xc7, 0xf8, 0xc7, 0xf8, 0xc7, 0xf8, 0xc7, 0xf7, 0xcf, 0xf7, 0xcf, 0xf7, 0xcf, 0xf7, 0xcf, 0xf8, 0xc7, 0xf8, 0xc7, 0xf8, 0xc7, 0xf8, 0xc7, 0xf8, 0xc7, 0xf8, 0xc7, 0xf8, 0xbf, 0xf8, 0xbf, 0xf7, 0xc7, 0xf7, 0xcf, 0xf7, 0xcf, 0xf8, 0xcf, 0xf9, 0xc7, 0xf9, 0xc7, 0xf9, 0xc7, 0xf7, 0xcf, 0x93, 0xe7, 0x0f, 0xef, 0xac, 0xf6, 0xac, 0xfe, 0xad, 0xfe, 0x8d, 0xfe, 0x8c, 0xfe, 0x8c, 0xf6, 0xcf, 0xe6, 0x72, 0xdf, 0xf6, 0xd7, 0xf8, 0xc7, 0xf9, 0xbf, 0xf9, 0xbf, 0xf8, 0xc7, 0xf8, 0xc7, 0xf7, 0xc7, 0xf7, 0xc7, 0xf8, 0xc7, 0xf8, 0xc7, 0xf9, 0xc7, 0xf9, 0xcf, 
  0xf9, 0xc7, 0xf9, 0xc7, 0xf8, 0xc7, 0xf8, 0xcf, 0xf7, 0xcf, 0xf7, 0xc7, 0xf8, 0xc7, 0xf8, 0xbf, 0xf8, 0xbf, 0xf8, 0xbf, 0xf7, 0xc7, 0xf6, 0xd7, 0x73, 0xe7, 0xef, 0xe6, 0x8d, 0xee, 0xad, 0xf6, 0x8d, 0xee, 0xae, 0xe6, 0x10, 0xe7, 0x93, 0xe7, 0xf6, 0xdf, 0xf7, 0xcf, 0xf8, 0xbf, 0xf8, 0xbf, 0xf8, 0xc7, 0xf8, 0xc7, 0xf8, 0xcf, 0xf8, 0xcf, 0xf8, 0xcf, 0xf8, 0xc7, 0xf8, 0xc7, 0xf8, 0xc7, 0xf8, 0xc7, 0xf8, 0xc7, 0xf8, 0xc7, 0xf8, 0xc7, 0xf8, 0xc7, 0xf8, 0xcf, 0xd6, 0xd7, 0x94, 0xdf, 0x94, 0xdf, 0xb5, 0xd7, 0xf8, 0xd7, 0xf8, 0xc7, 0xf8, 0xbf, 0xf8, 0xc7, 0xf8, 0xc7, 0xf8, 0xc7, 0xf8, 0xc7, 0xf8, 0xc7, 0xf7, 0xc7, 0xf8, 0xcf, 0xf8, 0xc7, 0xf8, 0xc7, 0xf9, 0xc7, 0xf9, 0xc7, 0xf9, 0xc7, 0xf8, 0xc7, 0xd6, 0xd7, 0x93, 0xe7, 0x10, 0xef, 0x8e, 0xee, 0x6c, 0xf6, 0x8c, 0xfe, 0x8b, 0xfe, 0x8b, 0xf6, 0xce, 0xe6, 0x52, 0xdf, 0xd6, 0xd7, 0xf8, 0xcf, 0xf9, 0xbf, 0xf9, 0xbf, 0xf9, 0xbf, 0xf8, 0xc7, 0xf8, 0xc7, 0xf7, 0xc7, 0xf8, 0xc7, 0xf8, 0xc7, 0xf8, 0xc7, 0xf9, 0xc7, 
  0xf9, 0xc7, 0xf9, 0xc7, 0xf8, 0xc7, 0xf8, 0xcf, 0xf7, 0xc7, 0xf7, 0xc7, 0xf8, 0xc7, 0xf8, 0xbf, 0xf8, 0xbf, 0xf8, 0xbf, 0xf7, 0xcf, 0xf6, 0xd7, 0x73, 0xe7, 0xf0, 0xe6, 0x8d, 0xee, 0x8d, 0xee, 0xce, 0xe6, 0x31, 0xdf, 0x93, 0xdf, 0xf5, 0xd7, 0xf6, 0xcf, 0xf7, 0xc7, 0xf8, 0xbf, 0xf9, 0xbf, 0xf8, 0xc7, 0xf8, 0xc7, 0xf8, 0xcf, 0xf8, 0xcf, 0xf8, 0xcf, 0xf8, 0xc7, 0xf8, 0xc7, 0xf8, 0xc7, 0xf8, 0xc7, 0xf7, 0xc7, 0xf8, 0xc7, 0xf8, 0xc7, 0xf8, 0xc7, 0xd6, 0xcf, 0x52, 0xdf, 0x10, 0xe7, 0x10, 0xe7, 0x32, 0xdf, 0xd6, 0xd7, 0xf8, 0xcf, 0xf8, 0xc7, 0xf8, 0xc7, 0xf8, 0xc7, 0xf8, 0xc7, 0xf8, 0xc7, 0xf8, 0xc7, 0xf8, 0xc7, 0xf8, 0xc7, 0xf8, 0xc7, 0xf8, 0xc7, 0xf9, 0xc7, 0xf9, 0xbf, 0xf9, 0xbf, 0xf8, 0xbf, 0xf7, 0xcf, 0xd6, 0xd7, 0x73, 0xe7, 0xf0, 0xee, 0x8e, 0xee, 0x6c, 0xf6, 0x8b, 0xf6, 0x8c, 0xee, 0xef, 0xe6, 0x73, 0xdf, 0xd6, 0xd7, 0xf8, 0xcf, 0xf9, 0xc7, 0xf9, 0xbf, 0xf9, 0xbf, 0xf9, 0xc7, 0xf8, 0xc7, 0xf8, 0xc7, 0xf7, 0xcf, 0xf8, 0xc7, 0xf8, 0xc7, 0xf8, 0xc7, 
  0xf9, 0xc7, 0xf8, 0xc7, 0xf8, 0xc7, 0xf8, 0xc7, 0xf7, 0xc7, 0xf7, 0xc7, 0xf8, 0xc7, 0xf8, 0xc7, 0xf9, 0xc7, 0xf8, 0xc7, 0xf8, 0xcf, 0xf7, 0xd7, 0xb4, 0xdf, 0x32, 0xdf, 0xef, 0xe6, 0xef, 0xe6, 0x31, 0xdf, 0xb3, 0xdf, 0xf5, 0xdf, 0xf6, 0xd7, 0xf7, 0xc7, 0xf8, 0xc7, 0xf9, 0xc7, 0xf9, 0xc7, 0xf8, 0xc7, 0xf8, 0xcf, 0xf8, 0xcf, 0xf8, 0xcf, 0xf8, 0xcf, 0xf8, 0xc7, 0xf8, 0xc7, 0xf8, 0xc7, 0xf8, 0xc7, 0xf7, 0xc7, 0xf9, 0xc7, 0xf8, 0xc7, 0xf7, 0xc7, 0xb4, 0xd7, 0xef, 0xe6, 0x8c, 0xee, 0x8d, 0xee, 0xaf, 0xe6, 0x94, 0xd7, 0xf8, 0xcf, 0xf8, 0xc7, 0xf9, 0xc7, 0xf8, 0xc7, 0xf8, 0xc7, 0xf8, 0xc7, 0xf8, 0xc7, 0xf8, 0xcf, 0xf8, 0xcf, 0xf8, 0xcf, 0xf8, 0xc7, 0xf8, 0xc7, 0xf9, 0xc7, 0xf8, 0xbf, 0xf8, 0xbf, 0xf7, 0xc7, 0xf7, 0xd7, 0xd5, 0xdf, 0x93, 0xe7, 0x31, 0xe7, 0xcf, 0xe6, 0xce, 0xe6, 0xef, 0xe6, 0x31, 0xdf, 0xb4, 0xdf, 0xf7, 0xd7, 0xf8, 0xcf, 0xf9, 0xc7, 0xf9, 0xc7, 0xf8, 0xc7, 0xf8, 0xc7, 0xf8, 0xc7, 0xf7, 0xc7, 0xf8, 0xc7, 0xf8, 0xc7, 0xf8, 0xc7, 0xf9, 0xc7, 
  0xf8, 0xc7, 0xf8, 0xc7, 0xf8, 0xc7, 0xf8, 0xc7, 0xf8, 0xc7, 0xf8, 0xc7, 0xf8, 0xc7, 0xf8, 0xc7, 0xf9, 0xc7, 0xf8, 0xc7, 0xf8, 0xcf, 0xf8, 0xd7, 0xf6, 0xdf, 0xb4, 0xdf, 0x73, 0xe7, 0x72, 0xdf, 0xb4, 0xdf, 0xf5, 0xd7, 0xf6, 0xd7, 0xf7, 0xcf, 0xf8, 0xc7, 0xf9, 0xc7, 0xf9, 0xc7, 0xf8, 0xc7, 0xf8, 0xc7, 0xf8, 0xcf, 0xf8, 0xcf, 0xf8, 0xcf, 0xf8, 0xcf, 0xf8, 0xc7, 0xf8, 0xc7, 0xf8, 0xc7, 0xf8, 0xcf, 0xf8, 0xc7, 0xf9, 0xc7, 0xf8, 0xc7, 0xf7, 0xc7, 0x93, 0xd7, 0xcd, 0xee, 0x6b, 0xfe, 0x8b, 0xfe, 0x8d, 0xee, 0x73, 0xd7, 0xf7, 0xcf, 0xf8, 0xc7, 0xf9, 0xc7, 0xf8, 0xc7, 0xf8, 0xcf, 0xf8, 0xc7, 0xf8, 0xc7, 0xf8, 0xcf, 0xf8, 0xcf, 0xf8, 0xcf, 0xf8, 0xc7, 0xf8, 0xc7, 0xf8, 0xc7, 0xf8, 0xc7, 0xf8, 0xc7, 0xf8, 0xc7, 0xf7, 0xc7, 0xf6, 0xd7, 0xf5, 0xdf, 0xb4, 0xdf, 0x73, 0xdf, 0x52, 0xdf, 0x73, 0xdf, 0x94, 0xdf, 0xd6, 0xd7, 0xf7, 0xcf, 0xf8, 0xc7, 0xf8, 0xc7, 0xf8, 0xc7, 0xf8, 0xc7, 0xf8, 0xc7, 0xf8, 0xc7, 0xf8, 0xc7, 0xf8, 0xc7, 0xf8, 0xc7, 0xf9, 0xc7, 0xf9, 0xc7, 
  0xf8, 0xc7, 0xf8, 0xc7, 0xf8, 0xc7, 0xf8, 0xc7, 0xf8, 0xc7, 0xf8, 0xc7, 0xf8, 0xc7, 0xf8, 0xc7, 0xf9, 0xc7, 0xf8, 0xc7, 0xf8, 0xc7, 0xf8, 0xcf, 0xf7, 0xd7, 0xf6, 0xd7, 0xf6, 0xd7, 0xf5, 0xd7, 0xf6, 0xd7, 0xf6, 0xcf, 0xf7, 0xc7, 0xf8, 0xc7, 0xf9, 0xc7, 0xf9, 0xc7, 0xf9, 0xc7, 0xf9, 0xc7, 0xf8, 0xcf, 0xf8, 0xcf, 0xf8, 0xcf, 0xf8, 0xcf, 0xf8, 0xc7, 0xf8, 0xc7, 0xf8, 0xc7, 0xf8, 0xc7, 0xf8, 0xcf, 0xf8, 0xc7, 0xf9, 0xc7, 0xf8, 0xc7, 0xf7, 0xcf, 0x93, 0xdf, 0xac, 0xf6, 0x8a, 0xfe, 0x6a, 0xfe, 0x8c, 0xf6, 0x72, 0xdf, 0xf7, 0xcf, 0xf8, 0xcf, 0xf9, 0xc7, 0xf7, 0xc7, 0xf8, 0xcf, 0xf8, 0xc7, 0xf9, 0xc7, 0xf8, 0xc7, 0xf8, 0xc7, 0xf8, 0xc7, 0xf8, 0xc7, 0xf8, 0xc7, 0xf8, 0xc7, 0xf8, 0xc7, 0xf9, 0xc7, 0xf8, 0xc7, 0xf8, 0xc7, 0xf7, 0xc7, 0xf7, 0xcf, 0xf7, 0xd7, 0xd6, 0xcf, 0xf6, 0xd7, 0xd6, 0xd7, 0xd6, 0xd7, 0xf7, 0xcf, 0xf7, 0xcf, 0xf8, 0xc7, 0xf8, 0xc7, 0xf8, 0xc7, 0xf8, 0xc7, 0xf8, 0xc7, 0xf8, 0xc7, 0xf8, 0xc7, 0xf8, 0xc7, 0xf8, 0xc7, 0xf9, 0xc7, 0xf9, 0xc7, 
  0xf7, 0xc7, 0xf8, 0xc7, 0xf8, 0xc7, 0xf8, 0xc7, 0xf8, 0xc7, 0xf8, 0xc7, 0xf8, 0xc7, 0xf9, 0xc7, 0xf9, 0xc7, 0xf8, 0xcf, 0xf8, 0xc7, 0xf8, 0xc7, 0xf7, 0xc7, 0xf7, 0xcf, 0xf7, 0xcf, 0xf7, 0xc7, 0xf7, 0xc7, 0xf7, 0xc7, 0xf8, 0xc7, 0xf8, 0xc7, 0xf9, 0xc7, 0xf9, 0xc7, 0xf9, 0xc7, 0xf9, 0xcf, 0xf8, 0xcf, 0xf8, 0xcf, 0xf8, 0xc7, 0xf8, 0xc7, 0xf8, 0xc7, 0xf8, 0xc7, 0xf8, 0xc7, 0xf8, 0xc7, 0xf7, 0xc7, 0xf8, 0xc7, 0xf8, 0xc7, 0xf8, 0xc7, 0xf7, 0xcf, 0x93, 0xdf, 0xac, 0xf6, 0x69, 0xfe, 0x69, 0xfe, 0x8b, 0xf6, 0x72, 0xdf, 0xf7, 0xd7, 0xf8, 0xcf, 0xf9, 0xcf, 0xf8, 0xc7, 0xf8, 0xc7, 0xf8, 0xc7, 0xf9, 0xc7, 0xf8, 0xc7, 0xf8, 0xc7, 0xf8, 0xc7, 0xf7, 0xc7, 0xf7, 0xc7, 0xf8, 0xc7, 0xf8, 0xc7, 0xf8, 0xc7, 0xf9, 0xc7, 0xf8, 0xc7, 0xf8, 0xc7, 0xf8, 0xc7, 0xf8, 0xc7, 0xf8, 0xc7, 0xf8, 0xcf, 0xf8, 0xcf, 0xf8, 0xc7, 0xf8, 0xc7, 0xf8, 0xc7, 0xf8, 0xc7, 0xf8, 0xcf, 0xf8, 0xcf, 0xf7, 0xc7, 0xf8, 0xc7, 0xf8, 0xc7, 0xf8, 0xc7, 0xf8, 0xc7, 0xf8, 0xc7, 0xf9, 0xc7, 0xf9, 0xc7, 
  0xf7, 0xc7, 0xf7, 0xc7, 0xf8, 0xc7, 0xf8, 0xc7, 0xf8, 0xc7, 0xf9, 0xc7, 0xf9, 0xc7, 0xf9, 0xc7, 0xf8, 0xc7, 0xf8, 0xcf, 0xf8, 0xcf, 0xf8, 0xc7, 0xf8, 0xc7, 0xf8, 0xc7, 0xf8, 0xbf, 0xf8, 0xbf, 0xf8, 0xbf, 0xf8, 0xbf, 0xf9, 0xc7, 0xf9, 0xc7, 0xf9, 0xc7, 0xf9, 0xc7, 0xf9, 0xcf, 0xf9, 0xcf, 0xf8, 0xc7, 0xf8, 0xc7, 0xf8, 0xc7, 0xf8, 0xc7, 0xf8, 0xc7, 0xf8, 0xc7, 0xf8, 0xc7, 0xf8, 0xc7, 0xf8, 0xc7, 0xf8, 0xc7, 0xf8, 0xc7, 0xf8, 0xcf, 0xf7, 0xcf, 0x93, 0xdf, 0x8c, 0xee, 0x6b, 0xfe, 0x6a, 0xfe, 0x8c, 0xf6, 0x72, 0xdf, 0xd6, 0xcf, 0xf8, 0xcf, 0xf9, 0xcf, 0xf8, 0xc7, 0xf8, 0xc7, 0xf8, 0xc7, 0xf8, 0xbf, 0xf8, 0xbf, 0xf8, 0xc7, 0xf7, 0xc7, 0xf7, 0xc7, 0xf7, 0xc7, 0xf8, 0xc7, 0xf8, 0xc7, 0xf8, 0xc7, 0xf9, 0xc7, 0xf9, 0xc7, 0xf9, 0xc7, 0xf8, 0xc7, 0xf8, 0xbf, 0xf8, 0xbf, 0xf9, 0xbf, 0xf9, 0xbf, 0xf8, 0xc7, 0xf8, 0xc7, 0xf8, 0xc7, 0xf8, 0xcf, 0xf7, 0xcf, 0xf7, 0xcf, 0xf7, 0xc7, 0xf8, 0xc7, 0xf8, 0xc7, 0xf8, 0xc7, 0xf8, 0xc7, 0xf8, 0xc7, 0xf8, 0xc7, 0xf8, 0xc7, 
  0xf7, 0xc7, 0xf7, 0xc7, 0xf8, 0xc7, 0xf8, 0xc7, 0xf8, 0xc7, 0xf9, 0xc7, 0xf9, 0xc7, 0xf8, 0xc7, 0xf8, 0xc7, 0xf8, 0xcf, 0xf8, 0xcf, 0xf8, 0xc7, 0xf8, 0xc7, 0xf8, 0xc7, 0xf9, 0xbf, 0xf9, 0xbf, 0xf9, 0xbf, 0xf9, 0xbf, 0xf9, 0xc7, 0xf8, 0xc7, 0xf9, 0xc7, 0xf9, 0xcf, 0xf9, 0xcf, 0xf8, 0xc7, 0xf8, 0xc7, 0xf8, 0xc7, 0xf8, 0xc7, 0xf8, 0xc7, 0xf8, 0xc7, 0xf8, 0xc7, 0xf8, 0xc7, 0xf8, 0xc7, 0xf8, 0xc7, 0xf8, 0xc7, 0xf8, 0xcf, 0xd7, 0xcf, 0xf7, 0xcf, 0x93, 0xd7, 0xad, 0xee, 0xac, 0xfe, 0x6b, 0xfe, 0xad, 0xf6, 0x73, 0xdf, 0xd6, 0xcf, 0xd7, 0xcf, 0xf9, 0xcf, 0xf8, 0xc7, 0xf8, 0xc7, 0xf8, 0xc7, 0xf8, 0xbf, 0xf8, 0xbf, 0xf8, 0xbf, 0xf8, 0xbf, 0xf8, 0xc7, 0xf8, 0xc7, 0xf8, 0xc7, 0xf8, 0xc7, 0xf8, 0xcf, 0xf9, 0xcf, 0xf9, 0xcf, 0xf9, 0xc7, 0xf9, 0xc7, 0xf9, 0xc7, 0xf9, 0xc7, 0xf9, 0xbf, 0xf9, 0xbf, 0xf9, 0xc7, 0xf9, 0xc7, 0xf8, 0xc7, 0xf7, 0xc7, 0xf7, 0xcf, 0xf7, 0xc7, 0xf8, 0xc7, 0xf8, 0xc7, 0xf8, 0xc7, 0xf8, 0xc7, 0xf8, 0xc7, 0xf8, 0xc7, 0xf8, 0xc7, 0xf8, 0xc7, 
  0xf7, 0xcf, 0xf8, 0xc7, 0xf8, 0xc7, 0xf8, 0xc7, 0xf9, 0xc7, 0xf9, 0xc7, 0xf9, 0xc7, 0xf8, 0xc7, 0xf8, 0xc7, 0xf8, 0xc7, 0xf8, 0xc7, 0xf8, 0xc7, 0xf8, 0xc7, 0xf8, 0xc7, 0xf9, 0xbf, 0xf9, 0xbf, 0xf8, 0xbf, 0xf8, 0xc7, 0xf8, 0xc7, 0xf8, 0xc7, 0xf8, 0xc7, 0xf8, 0xcf, 0xf8, 0xc7, 0xf8, 0xc7, 0xf8, 0xc7, 0xf8, 0xc7, 0xf8, 0xc7, 0xf8, 0xc7, 0xf8, 0xc7, 0xf8, 0xc7, 0xf8, 0xcf, 0xf8, 0xc7, 0xf8, 0xc7, 0xf8, 0xc7, 0xf8, 0xcf, 0xd7, 0xcf, 0xf7, 0xcf, 0xb3, 0xd7, 0xad, 0xee, 0x8c, 0xfe, 0x8c, 0xfe, 0x8d, 0xee, 0x73, 0xdf, 0xf6, 0xd7, 0xd7, 0xcf, 0xf8, 0xcf, 0xf8, 0xc7, 0xf8, 0xc7, 0xf8, 0xc7, 0xf8, 0xc7, 0xf8, 0xc7, 0xf8, 0xbf, 0xf8, 0xbf, 0xf8, 0xbf, 0xf8, 0xc7, 0xf8, 0xc7, 0xf8, 0xc7, 0xf9, 0xcf, 0xf9, 0xcf, 0xf9, 0xcf, 0xf8, 0xc7, 0xf8, 0xc7, 0xf8, 0xc7, 0xf8, 0xc7, 0xf9, 0xbf, 0xf9, 0xbf, 0xf8, 0xc7, 0xf8, 0xc7, 0xf8, 0xc7, 0xf7, 0xc7, 0xf7, 0xc7, 0xf8, 0xc7, 0xf8, 0xc7, 0xf8, 0xc7, 0xf8, 0xc7, 0xf9, 0xc7, 0xf8, 0xc7, 0xf8, 0xc7, 0xf8, 0xc7, 0xf8, 0xcf, 
  0xf8, 0xcf, 0xf8, 0xcf, 0xf8, 0xc7, 0xf8, 0xc7, 0xf9, 0xc7, 0xf9, 0xbf, 0xf8, 0xc7, 0xf8, 0xc7, 0xf8, 0xc7, 0xf7, 0xc7, 0xf7, 0xc7, 0xf7, 0xc7, 0xf8, 0xc7, 0xf8, 0xc7, 0xf9, 0xc7, 0xf9, 0xc7, 0xf8, 0xc7, 0xf8, 0xc7, 0xf8, 0xc7, 0xf8, 0xc7, 0xf8, 0xcf, 0xf8, 0xcf, 0xf8, 0xc7, 0xf8, 0xc7, 0xf8, 0xc7, 0xf8, 0xc7, 0xf8, 0xbf, 0xf8, 0xc7, 0xf8, 0xc7, 0xf8, 0xc7, 0xf8, 0xcf, 0xf8, 0xcf, 0xf8, 0xc7, 0xf8, 0xc7, 0xf8, 0xcf, 0xd7, 0xc7, 0xf7, 0xcf, 0xb3, 0xd7, 0xce, 0xee, 0x8c, 0xfe, 0x8c, 0xfe, 0x8d, 0xee, 0x73, 0xdf, 0xf7, 0xd7, 0xd7, 0xcf, 0xf8, 0xcf, 0xf8, 0xc7, 0xf8, 0xc7, 0xf8, 0xc7, 0xf8, 0xc7, 0xf8, 0xc7, 0xf8, 0xc7, 0xf8, 0xc7, 0xf8, 0xc7, 0xf8, 0xc7, 0xf9, 0xc7, 0xf9, 0xc7, 0xf9, 0xc7, 0xf9, 0xcf, 0xf8, 0xcf, 0xf8, 0xc7, 0xf8, 0xc7, 0xf8, 0xc7, 0xf8, 0xc7, 0xf8, 0xc7, 0xf9, 0xc7, 0xf8, 0xc7, 0xf8, 0xc7, 0xf8, 0xc7, 0xf8, 0xc7, 0xf8, 0xc7, 0xf8, 0xc7, 0xf8, 0xc7, 0xf9, 0xc7, 0xf9, 0xbf, 0xf9, 0xc7, 0xf8, 0xc7, 0xf8, 0xc7, 0xf8, 0xcf, 0xf7, 0xcf, 
  0xf8, 0xcf, 0xf8, 0xcf, 0xf8, 0xc7, 0xf8, 0xc7, 0xf8, 0xc7, 0xf8, 0xc7, 0xf8, 0xbf, 0xf8, 0xc7, 0xf8, 0xc7, 0xf7, 0xc7, 0xf7, 0xc7, 0xf7, 0xc7, 0xf8, 0xc7, 0xf8, 0xc7, 0xf8, 0xc7, 0xf8, 0xc7, 0xf8, 0xc7, 0xf8, 0xcf, 0xf8, 0xcf, 0xf8, 0xcf, 0xf8, 0xcf, 0xf8, 0xc7, 0xf8, 0xc7, 0xf8, 0xc7, 0xf8, 0xc7, 0xf8, 0xbf, 0xf8, 0xbf, 0xf8, 0xc7, 0xf8, 0xc7, 0xf8, 0xc7, 0xf8, 0xcf, 0xf8, 0xcf, 0xf8, 0xc7, 0xf8, 0xc7, 0xf8, 0xc7, 0xf7, 0xc7, 0xf7, 0xcf, 0xb3, 0xd7, 0xcd, 0xee, 0x8c, 0xfe, 0x8c, 0xfe, 0xad, 0xee, 0x93, 0xdf, 0xf7, 0xd7, 0xd7, 0xcf, 0xf8, 0xcf, 0xf8, 0xc7, 0xf8, 0xc7, 0xf8, 0xcf, 0xf8, 0xcf, 0xf8, 0xcf, 0xf8, 0xc7, 0xf8, 0xc7, 0xf8, 0xc7, 0xf9, 0xc7, 0xf9, 0xc7, 0xf9, 0xc7, 0xf9, 0xc7, 0xf8, 0xc7, 0xf8, 0xc7, 0xf8, 0xc7, 0xf8, 0xc7, 0xf7, 0xc7, 0xf7, 0xc7, 0xf8, 0xc7, 0xf8, 0xc7, 0xf8, 0xc7, 0xf8, 0xc7, 0xf8, 0xc7, 0xf8, 0xc7, 0xf8, 0xc7, 0xf8, 0xc7, 0xf8, 0xc7, 0xf9, 0xbf, 0xf9, 0xc7, 0xf9, 0xc7, 0xf8, 0xc7, 0xf8, 0xc7, 0xf7, 0xcf, 0xf7, 0xcf, 
  0xf8, 0xcf, 0xf8, 0xcf, 0xf8, 0xc7, 0xf8, 0xc7, 0xf8, 0xc7, 0xf8, 0xc7, 0xf8, 0xc7, 0xf8, 0xc7, 0xf8, 0xc7, 0xf7, 0xc7, 0xf7, 0xc7, 0xf7, 0xc7, 0xf8, 0xc7, 0xf8, 0xc7, 0xf8, 0xc7, 0xf8, 0xcf, 0xf8, 0xcf, 0xf8, 0xcf, 0xf8, 0xcf, 0xf8, 0xcf, 0xf8, 0xc7, 0xf8, 0xc7, 0xf8, 0xc7, 0xf8, 0xc7, 0xf8, 0xc7, 0xf8, 0xc7, 0xf8, 0xc7, 0xf8, 0xc7, 0xf8, 0xc7, 0xf8, 0xc7, 0xf8, 0xc7, 0xf8, 0xcf, 0xf8, 0xc7, 0xf8, 0xc7, 0xf8, 0xc7, 0xf8, 0xc7, 0xf7, 0xcf, 0xb4, 0xd7, 0xce, 0xe6, 0x8c, 0xee, 0x8c, 0xf6, 0xae, 0xe6, 0x94, 0xd7, 0xf7, 0xcf, 0xf8, 0xcf, 0xf8, 0xcf, 0xf8, 0xc7, 0xf8, 0xc7, 0xf8, 0xcf, 0xf8, 0xcf, 0xf8, 0xcf, 0xf8, 0xcf, 0xf8, 0xc7, 0xf8, 0xc7, 0xf9, 0xc7, 0xf9, 0xc7, 0xf8, 0xc7, 0xf8, 0xc7, 0xf8, 0xc7, 0xf8, 0xc7, 0xf8, 0xc7, 0xf7, 0xc7, 0xf7, 0xc7, 0xf7, 0xc7, 0xf7, 0xc7, 0xf8, 0xc7, 0xf7, 0xc7, 0xf8, 0xc7, 0xf8, 0xc7, 0xf8, 0xc7, 0xf8, 0xc7, 0xf8, 0xc7, 0xf9, 0xc7, 0xf9, 0xc7, 0xf9, 0xc7, 0xf8, 0xc7, 0xf8, 0xc7, 0xf8, 0xc7, 0xf7, 0xcf, 0xf7, 0xcf, 
  0xf8, 0xc7, 0xf8, 0xc7, 0xf8, 0xc7, 0xf8, 0xc7, 0xf8, 0xc7, 0xf8, 0xc7, 0xf8, 0xc7, 0xf8, 0xc7, 0xf8, 0xc7, 0xf8, 0xc7, 0xf8, 0xc7, 0xf8, 0xc7, 0xf8, 0xc7, 0xf8, 0xc7, 0xf8, 0xcf, 0xf8, 0xcf, 0xf8, 0xcf, 0xf8, 0xcf, 0xf8, 0xc7, 0xf8, 0xc7, 0xf8, 0xc7, 0xf8, 0xc7, 0xf8, 0xc7, 0xf8, 0xc7, 0xf8, 0xc7, 0xf8, 0xc7, 0xf8, 0xc7, 0xf8, 0xc7, 0xf8, 0xc7, 0xf8, 0xc7, 0xf8, 0xc7, 0xf8, 0xc7, 0xf8, 0xcf, 0xf8, 0xc7, 0xf8, 0xc7, 0xf8, 0xc7, 0xf7, 0xc7, 0xd5, 0xd7, 0x31, 0xdf, 0xef, 0xe6, 0xef, 0xee, 0x11, 0xe7, 0xb5, 0xd7, 0xf7, 0xcf, 0xf8, 0xcf, 0xf8, 0xc7, 0xf8, 0xc7, 0xf8, 0xc7, 0xf8, 0xcf, 0xf8, 0xcf, 0xf8, 0xcf, 0xf8, 0xcf, 0xf8, 0xcf, 0xf8, 0xc7, 0xf8, 0xc7, 0xf8, 0xc7, 0xf8, 0xc7, 0xf8, 0xc7, 0xf8, 0xc7, 0xf8, 0xc7, 0xf8, 0xc7, 0xf8, 0xc7, 0xf8, 0xc7, 0xf8, 0xc7, 0xf8, 0xc7, 0xf7, 0xcf, 0xf8, 0xc7, 0xf8, 0xc7, 0xf8, 0xc7, 0xf8, 0xc7, 0xf8, 0xc7, 0xf8, 0xc7, 0xf8, 0xc7, 0xf8, 0xc7, 0xf8, 0xc7, 0xf8, 0xc7, 0xf8, 0xc7, 0xf8, 0xc7, 0xf8, 0xc7, 0xf8, 0xc7, 
  0xf8, 0xc7, 0xf8, 0xc7, 0xf8, 0xc7, 0xf8, 0xc7, 0xf8, 0xc7, 0xf8, 0xc7, 0xf8, 0xc7, 0xf8, 0xc7, 0xf8, 0xc7, 0xf8, 0xc7, 0xf8, 0xc7, 0xf8, 0xc7, 0xf8, 0xc7, 0xf8, 0xc7, 0xf8, 0xc7, 0xf8, 0xc7, 0xf8, 0xc7, 0xf8, 0xc7, 0xf8, 0xc7, 0xf8, 0xc7, 0xf8, 0xc7, 0xf8, 0xc7, 0xf8, 0xc7, 0xf8, 0xc7, 0xf8, 0xc7, 0xf8, 0xc7, 0xf8, 0xc7, 0xf8, 0xc7, 0xf8, 0xc7, 0xf8, 0xc7, 0xf8, 0xc7, 0xf8, 0xc7, 0xf8, 0xcf, 0xf8, 0xc7, 0xf8, 0xc7, 0xf7, 0xc7, 0xf7, 0xc7, 0xf7, 0xcf, 0xb4, 0xdf, 0x93, 0xe7, 0x93, 0xe7, 0x94, 0xdf, 0xf7, 0xd7, 0xf7, 0xc7, 0xf8, 0xc7, 0xf8, 0xc7, 0xf8, 0xc7, 0xf8, 0xc7, 0xf8, 0xc7, 0xf8, 0xc7, 0xf8, 0xc7, 0xf8, 0xc7, 0xf8, 0xc7, 0xf8, 0xc7, 0xf8, 0xc7, 0xf8, 0xc7, 0xf8, 0xc7, 0xf8, 0xc7, 0xf8, 0xc7, 0xf8, 0xc7, 0xf8, 0xc7, 0xf8, 0xc7, 0xf8, 0xc7, 0xf8, 0xc7, 0xf8, 0xc7, 0xf8, 0xc7, 0xf8, 0xc7, 0xf8, 0xc7, 0xf8, 0xc7, 0xf8, 0xc7, 0xf8, 0xc7, 0xf8, 0xc7, 0xf8, 0xc7, 0xf8, 0xc7, 0xf8, 0xc7, 0xf8, 0xc7, 0xf8, 0xc7, 0xf8, 0xc7, 0xf8, 0xc7, 0xf8, 0xc7, 
  0xf8, 0xc7, 0xf8, 0xc7, 0xf8, 0xc7, 0xf8, 0xc7, 0xf8, 0xcf, 0xf8, 0xcf, 0xf8, 0xcf, 0xf8, 0xc7, 0xf8, 0xc7, 0xf9, 0xc7, 0xf9, 0xc7, 0xf9, 0xc7, 0xf8, 0xc7, 0xf8, 0xc7, 0xf8, 0xc7, 0xf8, 0xc7, 0xf8, 0xc7, 0xf8, 0xc7, 0xf8, 0xc7, 0xf8, 0xc7, 0xf8, 0xc7, 0xf8, 0xc7, 0xf8, 0xc7, 0xf8, 0xc7, 0xf8, 0xcf, 0xf8, 0xcf, 0xf8, 0xcf, 0xf8, 0xc7, 0xf8, 0xc7, 0xf8, 0xc7, 0xf8, 0xbf, 0xf8, 0xbf, 0xf9, 0xc7, 0xf8, 0xc7, 0xf8, 0xc7, 0xf7, 0xc7, 0xf8, 0xbf, 0xf8, 0xc7, 0xf8, 0xcf, 0xd7, 0xd7, 0xf7, 0xd7, 0xf7, 0xd7, 0xf8, 0xcf, 0xf8, 0xc7, 0xf8, 0xc7, 0xf8, 0xc7, 0xf8, 0xc7, 0xf9, 0xc7, 0xf8, 0xbf, 0xf8, 0xbf, 0xf8, 0xc7, 0xf8, 0xc7, 0xf8, 0xc7, 0xf8, 0xc7, 0xf8, 0xc7, 0xf8, 0xc7, 0xf7, 0xc7, 0xf7, 0xc7, 0xf8, 0xc7, 0xf8, 0xc7, 0xf8, 0xc7, 0xf8, 0xc7, 0xf9, 0xc7, 0xf9, 0xc7, 0xf8, 0xc7, 0xf8, 0xc7, 0xf8, 0xc7, 0xf9, 0xc7, 0xf9, 0xc7, 0xf9, 0xc7, 0xf8, 0xc7, 0xf8, 0xc7, 0xf8, 0xc7, 0xf8, 0xcf, 0xf7, 0xcf, 0xf7, 0xcf, 0xf8, 0xc7, 0xf8, 0xc7, 0xf8, 0xc7, 0xf8, 0xc7, 
  0xf8, 0xc7, 0xf8, 0xc7, 0xf8, 0xc7, 0xf8, 0xc7, 0xf7, 0xcf, 0xf7, 0xcf, 0xf8, 0xcf, 0xf8, 0xcf, 0xf8, 0xc7, 0xf9, 0xc7, 0xf9, 0xc7, 0xf9, 0xc7, 0xf8, 0xc7, 0xf8, 0xc7, 0xf8, 0xc7, 0xf8, 0xc7, 0xf8, 0xc7, 0xf8, 0xc7, 0xf8, 0xbf, 0xf8, 0xbf, 0xf8, 0xc7, 0xf8, 0xc7, 0xf8, 0xc7, 0xf8, 0xc7, 0xf8, 0xcf, 0xf8, 0xcf, 0xf8, 0xcf, 0xf8, 0xcf, 0xf8, 0xc7, 0xf8, 0xc7, 0xf8, 0xbf, 0xf8, 0xbf, 0xf8, 0xbf, 0xf8, 0xbf, 0xf8, 0xc7, 0xf8, 0xc7, 0xf8, 0xbf, 0xf9, 0xc7, 0xf9, 0xc7, 0xf8, 0xc7, 0xf9, 0xc7, 0xf9, 0xc7, 0xf9, 0xc7, 0xf8, 0xc7, 0xf8, 0xc7, 0xf8, 0xcf, 0xf8, 0xbf, 0xf8, 0xbf, 0xf8, 0xbf, 0xf8, 0xbf, 0xf8, 0xbf, 0xf8, 0xc7, 0xf8, 0xc7, 0xf8, 0xc7, 0xf8, 0xc7, 0xf7, 0xc7, 0xf7, 0xc7, 0xf7, 0xc7, 0xf7, 0xc7, 0xf8, 0xc7, 0xf8, 0xc7, 0xf9, 0xc7, 0xf9, 0xc7, 0xf9, 0xc7, 0xf9, 0xc7, 0xf8, 0xc7, 0xf9, 0xc7, 0xf9, 0xc7, 0xf9, 0xc7, 0xf9, 0xc7, 0xf8, 0xc7, 0xf8, 0xc7, 0xf8, 0xcf, 0xf7, 0xcf, 0xf7, 0xcf, 0xf7, 0xcf, 0xf8, 0xc7, 0xf8, 0xc7, 0xf8, 0xc7, 0xf9, 0xc7, 
#endif
#if LV_COLOR_DEPTH == 16 && LV_COLOR_16_SWAP != 0
  /*Pixel format: Red: 5 bit, Green: 6 bit, Blue: 5 bit BUT the 2 bytes are swapped*/
  0xbf, 0xf9, 0xbf, 0xf9, 0xc7, 0xf8, 0xc7, 0xf8, 0xcf, 0xf7, 0xcf, 0xf7, 0xcf, 0xf7, 0xcf, 0xf7, 0xc7, 0xf7, 0xc7, 0xf8, 0xc7, 0xf8, 0xc7, 0xf9, 0xc7, 0xf9, 0xc7, 0xf9, 0xc7, 0xf9, 0xc7, 0xf9, 0xc7, 0xf9, 0xc7, 0xf8, 0xbf, 0xf8, 0xbf, 0xf8, 0xc7, 0xf8, 0xc7, 0xf8, 0xc7, 0xf8, 0xc7, 0xf8, 0xcf, 0xf8, 0xcf, 0xf8, 0xcf, 0xf8, 0xcf, 0xf8, 0xc7, 0xf8, 0xc7, 0xf8, 0xc7, 0xf8, 0xc7, 0xf8, 0xc7, 0xf8, 0xc7, 0xf8, 0xc7, 0xf8, 0xbf, 0xf7, 0xbf, 0xf8, 0xbf, 0xf9, 0xbf, 0xf8, 0xc7, 0xf9, 0xc7, 0xf9, 0xc7, 0xf9, 0xc7, 0xf9, 0xc7, 0xf8, 0xc7, 0xf8, 0xcf, 0xf8, 0xc7, 0xf8, 0xc7, 0xf9, 0xbf, 0xf8, 0xbf, 0xf8, 0xbf, 0xf8, 0xc7, 0xf8, 0xc7, 0xf8, 0xcf, 0xf8, 0xcf, 0xf8, 0xcf, 0xf8, 0xcf, 0xf8, 0xcf, 0xf8, 0xc7, 0xf8, 0xc7, 0xf8, 0xc7, 0xf8, 0xc7, 0xf8, 0xc7, 0xf8, 0xc7, 0xf8, 0xc7, 0xf8, 0xc7, 0xf8, 0xc7, 0xf8, 0xc7, 0xf9, 0xc7, 0xf9, 0xc7, 0xf9, 0xbf, 0xf9, 0xbf, 0xf8, 0xc7, 0xf8, 0xc7, 0xf8, 0xcf, 0xf7, 0xcf, 0xf7, 0xcf, 0xf8, 0xc7, 0xf8, 0xbf, 0xf8, 0xbf, 0xf8, 
  0xbf, 0xf9, 0xc7, 0xf9, 0xc7, 0xf8, 0xc7, 0xf8, 0xcf, 0xf7, 0xcf, 0xf7, 0xcf, 0xf7, 0xcf, 0xf7, 0xc7, 0xf8, 0xc7, 0xf8, 0xc7, 0xf8, 0xc7, 0xf8, 0xc7, 0xf8, 0xc7, 0xf8, 0xc7, 0xf8, 0xc7, 0xf8, 0xc7, 0xf8, 0xc7, 0xf8, 0xc7, 0xf8, 0xc7, 0xf8, 0xc7, 0xf8, 0xc7, 0xf8, 0xc7, 0xf8, 0xc7, 0xf8, 0xcf, 0xf8, 0xcf, 0xf8, 0xcf, 0xf8, 0xcf, 0xf8, 0xc7, 0xf8, 0xc7, 0xf8, 0xc7, 0xf8, 0xc7, 0xf8, 0xc7, 0xf8, 0xc7, 0xf8, 0xc7, 0xf8, 0xc7, 0xf7, 0xc7, 0xf8, 0xc7, 0xf9, 0xcf, 0xf7, 0xcf, 0xf7, 0xd7, 0xf7, 0xcf, 0xf7, 0xcf, 0xf8, 0xc7, 0xf8, 0xc7, 0xf7, 0xcf, 0xf8, 0xc7, 0xf8, 0xc7, 0xf9, 0xbf, 0xf8, 0xbf, 0xf8, 0xc7, 0xf8, 0xc7, 0xf8, 0xc7, 0xf8, 0xcf, 0xf8, 0xcf, 0xf8, 0xcf, 0xf8, 0xcf, 0xf8, 0xc7, 0xf8, 0xc7, 0xf8, 0xc7, 0xf8, 0xc7, 0xf8, 0xc7, 0xf8, 0xc7, 0xf8, 0xc7, 0xf8, 0xc7, 0xf8, 0xc7, 0xf8, 0xc7, 0xf8, 0xc7, 0xf8, 0xc7, 0xf9, 0xc7, 0xf9, 0xbf, 0xf8, 0xbf, 0xf8, 0xc7, 0xf8, 0xc7, 0xf8, 0xcf, 0xf8, 0xcf, 0xf8, 0xcf, 0xf8, 0xc7, 0xf8, 0xbf, 0xf8, 0xbf, 0xf8, 
  0xc7, 0xf8, 0xc7, 0xf8, 0xc7, 0xf8, 0xc7, 0xf8, 0xc7, 0xf8, 0xc7, 0xf8, 0xc7, 0xf8, 0xc7, 0xf8, 0xc7, 0xf8, 0xc7, 0xf8, 0xc7, 0xf8, 0xc7, 0xf8, 0xc7, 0xf8, 0xc7, 0xf8, 0xc7, 0xf8, 0xc7, 0xf8, 0xc7, 0xf8, 0xc7, 0xf8, 0xc7, 0xf8, 0xc7, 0xf8, 0xc7, 0xf8, 0xc7, 0xf8, 0xc7, 0xf8, 0xc7, 0xf8, 0xc7, 0xf8, 0xc7, 0xf8, 0xc7, 0xf8, 0xc7, 0xf8, 0xc7, 0xf8, 0xc7, 0xf8, 0xc7, 0xf8, 0xc7, 0xf8, 0xc7, 0xf8, 0xc7, 0xf8, 0xc7, 0xf8, 0xc7, 0xf8, 0xc7, 0xf8, 0xcf, 0xf7, 0xd7, 0x94, 0xdf, 0x73, 0xe7, 0x73, 0xdf, 0x94, 0xd7, 0xf7, 0xc7, 0xf8, 0xc7, 0xf8, 0xc7, 0xf8, 0xc7, 0xf8, 0xcf, 0xf8, 0xc7, 0xf8, 0xc7, 0xf8, 0xc7, 0xf8, 0xc7, 0xf8, 0xc7, 0xf8, 0xcf, 0xf8, 0xc7, 0xf8, 0xc7, 0xf8, 0xc7, 0xf8, 0xc7, 0xf8, 0xc7, 0xf8, 0xc7, 0xf8, 0xc7, 0xf8, 0xc7, 0xf8, 0xc7, 0xf8, 0xc7, 0xf8, 0xc7, 0xf8, 0xc7, 0xf8, 0xcf, 0xf8, 0xcf, 0xf8, 0xc7, 0xf8, 0xc7, 0xf8, 0xc7, 0xf8, 0xbf, 0xf8, 0xbf, 0xf8, 0xc7, 0xf8, 0xc7, 0xf8, 0xcf, 0xf8, 0xcf, 0xf8, 0xc7, 0xf8, 0xc7, 0xf8, 0xbf, 0xf8, 
  0xc7, 0xf8, 0xc7, 0xf8, 0xc7, 0xf8, 0xc7, 0xf8, 0xc7, 0xf8, 0xc7, 0xf8, 0xc7, 0xf8, 0xc7, 0xf8, 0xc7, 0xf8, 0xc7, 0xf8, 0xc7, 0xf8, 0xc7, 0xf8, 0xc7, 0xf8, 0xc7, 0xf8, 0xc7, 0xf8, 0xc7, 0xf8, 0xc7, 0xf8, 0xc7, 0xf8, 0xc7, 0xf8, 0xc7, 0xf8, 0xc7, 0xf8, 0xc7, 0xf8, 0xc7, 0xf8, 0xc7, 0xf8, 0xc7, 0xf8, 0xc7, 0xf8, 0xc7, 0xf8, 0xc7, 0xf8, 0xc7, 0xf8, 0xc7, 0xf8, 0xc7, 0xf8, 0xc7, 0xf8, 0xcf, 0xf8, 0xc7, 0xf8, 0xc7, 0xf8, 0xc7, 0xf8, 0xcf, 0xf7, 0xd7, 0xd5, 0xdf, 0x31, 0xe6, 0xef, 0xe6, 0xef, 0xdf, 0x11, 0xd7, 0xb5, 0xcf, 0xf7, 0xc7, 0xf8, 0xc7, 0xf8, 0xc7, 0xf8, 0xcf, 0xf8, 0xcf, 0xf8, 0xcf, 0xf8, 0xcf, 0xf8, 0xcf, 0xf8, 0xc7, 0xf8, 0xc7, 0xf8, 0xc7, 0xf8, 0xc7, 0xf8, 0xc7, 0xf8, 0xc7, 0xf8, 0xc7, 0xf8, 0xc7, 0xf8, 0xc7, 0xf8, 0xc7, 0xf8, 0xc7, 0xf8, 0xc7, 0xf8, 0xc7, 0xf8, 0xc7, 0xf8, 0xcf, 0xf8, 0xcf, 0xf8, 0xcf, 0xf8, 0xc7, 0xf8, 0xc7, 0xf8, 0xbf, 0xf8, 0xbf, 0xf8, 0xc7, 0xf8, 0xc7, 0xf8, 0xc7, 0xf8, 0xcf, 0xf8, 0xc7, 0xf8, 0xc7, 0xf8, 0xc7, 0xf8, 
  0xcf, 0xf7, 0xcf, 0xf8, 0xc7, 0xf8, 0xc7, 0xf8, 0xc7, 0xf8, 0xc7, 0xf9, 0xc7, 0xf9, 0xc7, 0xf9, 0xc7, 0xf8, 0xc7, 0xf8, 0xc7, 0xf8, 0xc7, 0xf8, 0xc7, 0xf7, 0xc7, 0xf7, 0xc7, 0xf7, 0xc7, 0xf7, 0xcf, 0xf8, 0xcf, 0xf8, 0xcf, 0xf8, 0xc7, 0xf8, 0xc7, 0xf8, 0xc7, 0xf8, 0xc7, 0xf8, 0xc7, 0xf8, 0xc7, 0xf8, 0xc7, 0xf8, 0xc7, 0xf8, 0xc7, 0xf8, 0xc7, 0xf8, 0xc7, 0xf8, 0xcf, 0xf8, 0xcf, 0xf8, 0xcf, 0xf8, 0xc7, 0xf8, 0xc7, 0xf8, 0xc7, 0xf7, 0xcf, 0xf7, 0xdf, 0xb4, 0xe6, 0xee, 0xee, 0x8c, 0xf6, 0x8c, 0xe6, 0xae, 0xdf, 0x94, 0xd7, 0xf7, 0xc7, 0xf8, 0xc7, 0xf8, 0xc7, 0xf8, 0xcf, 0xf8, 0xcf, 0xf8, 0xcf, 0xf8, 0xcf, 0xf8, 0xc7, 0xf8, 0xc7, 0xf8, 0xc7, 0xf8, 0xc7, 0xf8, 0xc7, 0xf8, 0xc7, 0xf8, 0xc7, 0xf8, 0xc7, 0xf8, 0xc7, 0xf8, 0xc7, 0xf8, 0xc7, 0xf8, 0xc7, 0xf8, 0xc7, 0xf8, 0xc7, 0xf8, 0xc7, 0xf8, 0xcf, 0xf8, 0xcf, 0xf8, 0xcf, 0xf7, 0xc7, 0xf7, 0xc7, 0xf7, 0xbf, 0xf8, 0xbf, 0xf8, 0xbf, 0xf8, 0xc7, 0xf8, 0xc7, 0xf8, 0xc7, 0xf8, 0xc7, 0xf8, 0xc7, 0xf8, 0xc7, 0xf8, 
  0xcf, 0xf7, 0xcf, 0xf7, 0xc7, 0xf8, 0xc7, 0xf8, 0xc7, 0xf9, 0xc7, 0xf9, 0xc7, 0xf9, 0xc7, 0xf9, 0xc7, 0xf8, 0xc7, 0xf8, 0xc7, 0xf8, 0xc7, 0xf8, 0xc7, 0xf7, 0xc7, 0xf7, 0xc7, 0xf7, 0xc7, 0xf8, 0xc7, 0xf8, 0xc7, 0xf8, 0xc7, 0xf8, 0xcf, 0xf8, 0xc7, 0xf8, 0xc7, 0xf8, 0xc7, 0xf8, 0xc7, 0xf8, 0xc7, 0xf8, 0xbf, 0xf8, 0xbf, 0xf8, 0xc7, 0xf8, 0xc7, 0xf8, 0xc7, 0xf8, 0xcf, 0xf8, 0xcf, 0xf8, 0xcf, 0xf8, 0xc7, 0xf8, 0xc7, 0xf8, 0xc7, 0xf8, 0xcf, 0xf7, 0xdf, 0x93, 0xee, 0xce, 0xf6, 0x8b, 0xfe, 0x8c, 0xee, 0xad, 0xdf, 0x73, 0xd7, 0xf7, 0xc7, 0xf7, 0xc7, 0xf8, 0xc7, 0xf8, 0xcf, 0xf8, 0xcf, 0xf8, 0xcf, 0xf8, 0xcf, 0xf8, 0xc7, 0xf8, 0xc7, 0xf8, 0xc7, 0xf8, 0xbf, 0xf8, 0xc7, 0xf8, 0xc7, 0xf8, 0xc7, 0xf8, 0xc7, 0xf8, 0xc7, 0xf8, 0xc7, 0xf8, 0xc7, 0xf8, 0xc7, 0xf8, 0xc7, 0xf8, 0xc7, 0xf8, 0xc7, 0xf8, 0xcf, 0xf8, 0xcf, 0xf8, 0xcf, 0xf7, 0xcf, 0xf7, 0xc7, 0xf7, 0xc7, 0xf8, 0xbf, 0xf8, 0xbf, 0xf8, 0xc7, 0xf8, 0xc7, 0xf9, 0xc7, 0xf8, 0xc7, 0xf8, 0xc7, 0xf8, 0xc7, 0xf8, 
  0xcf, 0xf7, 0xcf, 0xf7, 0xc7, 0xf8, 0xc7, 0xf8, 0xc7, 0xf9, 0xc7, 0xf9, 0xc7, 0xf9, 0xc7, 0xf9, 0xc7, 0xf8, 0xc7, 0xf8, 0xcf, 0xf8, 0xc7, 0xf8, 0xc7, 0xf8, 0xc7, 0xf8, 0xc7, 0xf8, 0xc7, 0xf8, 0xc7, 0xf8, 0xc7, 0xf8, 0xc7, 0xf8, 0xc7, 0xf8, 0xc7, 0xf8, 0xc7, 0xf8, 0xc7, 0xf8, 0xc7, 0xf8, 0xc7, 0xf8, 0xbf, 0xf8, 0xbf, 0xf8, 0xbf, 0xf8, 0xc7, 0xf8, 0xc7, 0xf8, 0xcf, 0xf8, 0xcf, 0xf8, 0xc7, 0xf8, 0xc7, 0xf8, 0xc7, 0xf8, 0xc7, 0xf7, 0xd7, 0xf7, 0xdf, 0x93, 0xee, 0xce, 0xfe, 0x8c, 0xfe, 0xac, 0xee, 0x8d, 0xdf, 0x73, 0xd7, 0xd6, 0xc7, 0xf7, 0xc7, 0xf8, 0xc7, 0xf8, 0xc7, 0xf8, 0xcf, 0xf8, 0xcf, 0xf8, 0xc7, 0xf8, 0xc7, 0xf8, 0xbf, 0xf8, 0xbf, 0xf8, 0xbf, 0xf8, 0xbf, 0xf8, 0xc7, 0xf8, 0xc7, 0xf8, 0xc7, 0xf8, 0xcf, 0xf8, 0xcf, 0xf8, 0xc7, 0xf8, 0xc7, 0xf8, 0xc7, 0xf8, 0xc7, 0xf9, 0xc7, 0xf9, 0xc7, 0xf8, 0xc7, 0xf8, 0xcf, 0xf7, 0xcf, 0xf7, 0xc7, 0xf7, 0xc7, 0xf8, 0xc7, 0xf8, 0xc7, 0xf8, 0xc7, 0xf9, 0xc7, 0xf9, 0xc7, 0xf9, 0xc7, 0xf8, 0xc7, 0xf8, 0xc7, 0xf8, 
  0xcf, 0xf7, 0xcf, 0xf8, 0xc7, 0xf8, 0xc7, 0xf8, 0xc7, 0xf9, 0xc7, 0xf9, 0xc7, 0xf9, 0xc7, 0xf9, 0xc7, 0xf8, 0xcf, 0xf8, 0xcf, 0xf8, 0xc7, 0xf8, 0xc7, 0xf8, 0xc7, 0xf8, 0xbf, 0xf9, 0xbf, 0xf9, 0xbf, 0xf8, 0xc7, 0xf8, 0xc7, 0xf8, 0xc7, 0xf8, 0xc7, 0xf8, 0xc7, 0xf8, 0xc7, 0xf8, 0xc7, 0xf8, 0xc7, 0xf8, 0xc7, 0xf8, 0xbf, 0xf8, 0xc7, 0xf8, 0xc7, 0xf8, 0xc7, 0xf8, 0xc7, 0xf8, 0xc7, 0xf8, 0xc7, 0xf8, 0xc7, 0xf8, 0xc7, 0xf8, 0xc7, 0xf7, 0xd7, 0xf6, 0xdf, 0x73, 0xee, 0xae, 0xfe, 0x8c, 0xfe, 0x8c, 0xee, 0x8d, 0xe7, 0x53, 0xdf, 0xf7, 0xcf, 0xf8, 0xc7, 0xf8, 0xc7, 0xf8, 0xc7, 0xf8, 0xc7, 0xf8, 0xc7, 0xf8, 0xc7, 0xf8, 0xc7, 0xf8, 0xbf, 0xf8, 0xbf, 0xf8, 0xbf, 0xf8, 0xc7, 0xf8, 0xc7, 0xf8, 0xc7, 0xf8, 0xcf, 0xf8, 0xcf, 0xf8, 0xcf, 0xf8, 0xc7, 0xf8, 0xc7, 0xf8, 0xc7, 0xf8, 0xbf, 0xf9, 0xbf, 0xf9, 0xc7, 0xf8, 0xc7, 0xf8, 0xcf, 0xf8, 0xcf, 0xf8, 0xcf, 0xf8, 0xc7, 0xf8, 0xc7, 0xf8, 0xc7, 0xf9, 0xc7, 0xf9, 0xc7, 0xf9, 0xc7, 0xf8, 0xc7, 0xf8, 0xc7, 0xf8, 0xc7, 0xf8, 
  0xc7, 0xf8, 0xc7, 0xf8, 0xc7, 0xf8, 0xc7, 0xf8, 0xc7, 0xf9, 0xc7, 0xf9, 0xc7, 0xf8, 0xc7, 0xf8, 0xcf, 0xf8, 0xcf, 0xf8, 0xc7, 0xf8, 0xc7, 0xf8, 0xc7, 0xf8, 0xbf, 0xf9, 0xbf, 0xf9, 0xbf, 0xf9, 0xbf, 0xf9, 0xbf, 0xf9, 0xbf, 0xf9, 0xbf, 0xf8, 0xc7, 0xf8, 0xcf, 0xf9, 0xcf, 0xf9, 0xc7, 0xf8, 0xc7, 0xf8, 0xc7, 0xf8, 0xc7, 0xf8, 0xc7, 0xf8, 0xc7, 0xf8, 0xc7, 0xf8, 0xc7, 0xf8, 0xc7, 0xf8, 0xc7, 0xf8, 0xc7, 0xf8, 0xc7, 0xf8, 0xc7, 0xf7, 0xd7, 0xf7, 0xe7, 0x93, 0xee, 0xad, 0xfe, 0xac, 0xfe, 0x8b, 0xf6, 0x8d, 0xe7, 0x53, 0xd7, 0xd6, 0xcf, 0xf8, 0xc7, 0xf8, 0xc7, 0xf8, 0xc7, 0xf8, 0xc7, 0xf8, 0xc7, 0xf8, 0xc7, 0xf8, 0xc7, 0xf8, 0xc7, 0xf8, 0xc7, 0xf8, 0xc7, 0xf8, 0xc7, 0xf8, 0xc7, 0xf8, 0xcf, 0xf9, 0xcf, 0xf9, 0xcf, 0xf9, 0xc7, 0xf8, 0xc7, 0xf8, 0xc7, 0xf8, 0xc7, 0xf9, 0xbf, 0xf9, 0xbf, 0xf9, 0xbf, 0xf8, 0xc7, 0xf8, 0xc7, 0xf8, 0xc7, 0xf8, 0xc7, 0xf8, 0xcf, 0xf8, 0xc7, 0xf8, 0xc7, 0xf9, 0xc7, 0xf9, 0xc7, 0xf9, 0xc7, 0xf8, 0xc7, 0xf8, 0xc7, 0xf8, 0xc7, 0xf7, 
  0xc7, 0xf8, 0xc7, 0xf8, 0xc7, 0xf8, 0xc7, 0xf8, 0xc7, 0xf8, 0xc7, 0xf8, 0xc7, 0xf8, 0xcf, 0xf8, 0xcf, 0xf8, 0xcf, 0xf8, 0xcf, 0xf8, 0xcf, 0xf8, 0xc7, 0xf8, 0xbf, 0xf8, 0xbf, 0xf9, 0xbf, 0xf9, 0xbf, 0xf8, 0xbf, 0xf8, 0xc7, 0xf9, 0xc7, 0xf9, 0xc7, 0xf9, 0xc7, 0xf9, 0xc7, 0xf9, 0xcf, 0xf9, 0xc7, 0xf8, 0xc7, 0xf8, 0xc7, 0xf8, 0xc7, 0xf8, 0xc7, 0xf8, 0xc7, 0xf8, 0xc7, 0xf8, 0xc7, 0xf8, 0xc7, 0xf8, 0xc7, 0xf8, 0xc7, 0xf8, 0xc7, 0xf8, 0xd7, 0xf7, 0xe7, 0x93, 0xf6, 0x8c, 0xfe, 0x6b, 0xfe, 0x6a, 0xf6, 0x8c, 0xe7, 0x52, 0xd7, 0xd6, 0xcf, 0xf8, 0xc7, 0xf8, 0xc7, 0xf8, 0xc7, 0xf8, 0xc7, 0xf8, 0xc7, 0xf8, 0xc7, 0xf8, 0xc7, 0xf8, 0xc7, 0xf8, 0xc7, 0xf8, 0xc7, 0xf8, 0xc7, 0xf8, 0xc7, 0xf8, 0xc7, 0xf9, 0xc7, 0xf9, 0xc7, 0xf9, 0xc7, 0xf9, 0xc7, 0xf9, 0xc7, 0xf8, 0xbf, 0xf8, 0xbf, 0xf8, 0xbf, 0xf8, 0xc7, 0xf8, 0xc7, 0xf8, 0xc7, 0xf8, 0xcf, 0xf8, 0xcf, 0xf8, 0xcf, 0xf9, 0xcf, 0xf9, 0xcf, 0xf9, 0xc7, 0xf9, 0xc7, 0xf8, 0xc7, 0xf8, 0xc7, 0xf8, 0xc7, 0xf8, 0xc7, 0xf7, 
  0xc7, 0xf8, 0xc7, 0xf8, 0xc7, 0xf8, 0xc7, 0xf8, 0xc7, 0xf8, 0xc7, 0xf8, 0xcf, 0xf8, 0xcf, 0xf8, 0xc7, 0xf8, 0xcf, 0xf8, 0xcf, 0xf8, 0xc7, 0xf8, 0xc7, 0xf8, 0xc7, 0xf8, 0xc7, 0xf8, 0xc7, 0xf8, 0xc7, 0xf7, 0xbf, 0xf7, 0xc7, 0xf8, 0xc7, 0xf9, 0xc7, 0xf9, 0xc7, 0xf9, 0xc7, 0xf9, 0xcf, 0xf9, 0xc7, 0xf8, 0xc7, 0xf8, 0xc7, 0xf8, 0xc7, 0xf8, 0xc7, 0xf8, 0xc7, 0xf8, 0xc7, 0xf8, 0xc7, 0xf8, 0xc7, 0xf8, 0xc7, 0xf8, 0xbf, 0xf8, 0xc7, 0xf8, 0xd7, 0xf7, 0xe7, 0x93, 0xf6, 0x8c, 0xfe, 0x69, 0xfe, 0x69, 0xfe, 0x8c, 0xe7, 0x52, 0xd7, 0xd6, 0xc7, 0xf8, 0xc7, 0xf8, 0xc7, 0xf8, 0xcf, 0xf8, 0xc7, 0xf8, 0xc7, 0xf8, 0xc7, 0xf8, 0xc7, 0xf8, 0xc7, 0xf8, 0xcf, 0xf8, 0xc7, 0xf8, 0xc7, 0xf8, 0xc7, 0xf9, 0xc7, 0xf9, 0xc7, 0xf9, 0xc7, 0xf9, 0xc7, 0xf9, 0xc7, 0xf8, 0xc7, 0xf8, 0xc7, 0xf7, 0xc7, 0xf7, 0xc7, 0xf7, 0xc7, 0xf8, 0xc7, 0xf8, 0xc7, 0xf8, 0xc7, 0xf9, 0xcf, 0xf9, 0xcf, 0xf9, 0xcf, 0xf9, 0xcf, 0xf9, 0xc7, 0xf8, 0xc7, 0xf8, 0xc7, 0xf8, 0xc7, 0xf8, 0xc7, 0xf8, 0xc7, 0xf8, 
  0xc7, 0xf8, 0xc7, 0xf8, 0xc7, 0xf8, 0xc7, 0xf8, 0xc7, 0xf8, 0xc7, 0xf8, 0xc7, 0xf8, 0xc7, 0xf8, 0xc7, 0xf8, 0xc7, 0xf8, 0xc7, 0xf8, 0xc7, 0xf7, 0xcf, 0xf7, 0xcf, 0xf7, 0xd7, 0xf7, 0xd7, 0xf6, 0xd7, 0xf7, 0xcf, 0xf6, 0xc7, 0xf7, 0xc7, 0xf8, 0xc7, 0xf9, 0xc7, 0xf9, 0xc7, 0xf9, 0xc7, 0xf9, 0xc7, 0xf8, 0xcf, 0xf8, 0xcf, 0xf8, 0xcf, 0xf8, 0xc7, 0xf8, 0xc7, 0xf8, 0xc7, 0xf8, 0xc7, 0xf8, 0xcf, 0xf8, 0xc7, 0xf8, 0xbf, 0xf8, 0xc7, 0xf8, 0xcf, 0xf7, 0xdf, 0x93, 0xf6, 0xac, 0xfe, 0x8a, 0xfe, 0x8a, 0xfe, 0xac, 0xe7, 0x73, 0xd7, 0xd7, 0xc7, 0xf8, 0xc7, 0xf9, 0xc7, 0xf8, 0xcf, 0xf8, 0xc7, 0xf8, 0xcf, 0xf8, 0xcf, 0xf8, 0xcf, 0xf8, 0xcf, 0xf8, 0xcf, 0xf8, 0xcf, 0xf8, 0xc7, 0xf8, 0xc7, 0xf9, 0xc7, 0xf9, 0xc7, 0xf9, 0xc7, 0xf8, 0xc7, 0xf8, 0xc7, 0xf7, 0xcf, 0xf7, 0xcf, 0xf6, 0xd7, 0xf6, 0xd7, 0xf6, 0xcf, 0xf7, 0xc7, 0xf7, 0xc7, 0xf8, 0xc7, 0xf8, 0xc7, 0xf9, 0xcf, 0xf9, 0xcf, 0xf9, 0xcf, 0xf8, 0xc7, 0xf8, 0xc7, 0xf8, 0xc7, 0xf8, 0xc7, 0xf8, 0xc7, 0xf8, 0xc7, 0xf8, 
  0xc7, 0xf8, 0xc7, 0xf8, 0xc7, 0xf8, 0xc7, 0xf8, 0xc7, 0xf7, 0xc7, 0xf7, 0xc7, 0xf8, 0xc7, 0xf8, 0xc7, 0xf9, 0xc7, 0xf9, 0xc7, 0xf8, 0xcf, 0xf7, 0xd7, 0xf6, 0xdf, 0xd6, 0xdf, 0xb4, 0xdf, 0x93, 0xdf, 0xd4, 0xdf, 0xd5, 0xd7, 0xf6, 0xcf, 0xf7, 0xc7, 0xf8, 0xc7, 0xf9, 0xc7, 0xf9, 0xc7, 0xf8, 0xc7, 0xf8, 0xcf, 0xf8, 0xcf, 0xf8, 0xcf, 0xf8, 0xcf, 0xf8, 0xc7, 0xf8, 0xc7, 0xf8, 0xc7, 0xf8, 0xcf, 0xf8, 0xc7, 0xf8, 0xc7, 0xf9, 0xc7, 0xf8, 0xcf, 0xf7, 0xdf, 0x94, 0xee, 0xcd, 0xfe, 0x8b, 0xfe, 0x6a, 0xee, 0xad, 0xdf, 0x73, 0xcf, 0xf7, 0xc7, 0xf8, 0xc7, 0xf9, 0xc7, 0xf8, 0xcf, 0xf8, 0xc7, 0xf8, 0xc7, 0xf8, 0xcf, 0xf8, 0xcf, 0xf8, 0xcf, 0xf8, 0xcf, 0xf8, 0xcf, 0xf8, 0xc7, 0xf8, 0xc7, 0xf9, 0xc7, 0xf9, 0xc7, 0xf8, 0xc7, 0xf8, 0xcf, 0xf7, 0xd7, 0xf6, 0xd7, 0xd5, 0xdf, 0xd4, 0xdf, 0x93, 0xdf, 0xb4, 0xdf, 0xf5, 0xcf, 0xf6, 0xc7, 0xf7, 0xc7, 0xf8, 0xc7, 0xf9, 0xc7, 0xf9, 0xc7, 0xf9, 0xc7, 0xf8, 0xc7, 0xf8, 0xc7, 0xf8, 0xc7, 0xf8, 0xc7, 0xf8, 0xc7, 0xf8, 0xc7, 0xf8, 
  0xc7, 0xf8, 0xc7, 0xf8, 0xc7, 0xf8, 0xc7, 0xf7, 0xc7, 0xf7, 0xc7, 0xf7, 0xc7, 0xf8, 0xc7, 0xf8, 0xbf, 0xf9, 0xc7, 0xf9, 0xc7, 0xf8, 0xcf, 0xf7, 0xdf, 0xd6, 0xdf, 0x73, 0xe7, 0x10, 0xde, 0xef, 0xdf, 0x31, 0xe7, 0x93, 0xe7, 0xf5, 0xd7, 0xf6, 0xcf, 0xf7, 0xc7, 0xf8, 0xc7, 0xf8, 0xc7, 0xf8, 0xc7, 0xf8, 0xcf, 0xf8, 0xcf, 0xf8, 0xcf, 0xf8, 0xcf, 0xf8, 0xc7, 0xf8, 0xc7, 0xf8, 0xc7, 0xf8, 0xcf, 0xf8, 0xc7, 0xf7, 0xc7, 0xf9, 0xc7, 0xf8, 0xc7, 0xf8, 0xd7, 0xb5, 0xe6, 0xef, 0xee, 0x8c, 0xee, 0x8c, 0xe6, 0xcf, 0xd7, 0x94, 0xcf, 0xf8, 0xc7, 0xf8, 0xc7, 0xf9, 0xc7, 0xf8, 0xc7, 0xf7, 0xc7, 0xf8, 0xc7, 0xf8, 0xcf, 0xf8, 0xcf, 0xf8, 0xcf, 0xf8, 0xcf, 0xf8, 0xc7, 0xf8, 0xc7, 0xf8, 0xc7, 0xf9, 0xbf, 0xf8, 0xc7, 0xf8, 0xcf, 0xf7, 0xd7, 0xf6, 0xdf, 0xd5, 0xdf, 0x73, 0xdf, 0x11, 0xde, 0xef, 0xdf, 0x30, 0xdf, 0x93, 0xd7, 0xf6, 0xcf, 0xf7, 0xc7, 0xf8, 0xc7, 0xf9, 0xc7, 0xf9, 0xc7, 0xf8, 0xc7, 0xf8, 0xc7, 0xf7, 0xc7, 0xf7, 0xc7, 0xf7, 0xc7, 0xf8, 0xc7, 0xf8, 0xc7, 0xf8, 
  0xc7, 0xf8, 0xc7, 0xf8, 0xc7, 0xf7, 0xc7, 0xf7, 0xc7, 0xf7, 0xc7, 0xf7, 0xc7, 0xf8, 0xbf, 0xf9, 0xbf, 0xf9, 0xbf, 0xf9, 0xc7, 0xf8, 0xd7, 0xf7, 0xdf, 0x94, 0xe7, 0x10, 0xe6, 0xad, 0xe6, 0x8d, 0xe6, 0xcf, 0xe7, 0x31, 0xe7, 0x93, 0xdf, 0xf5, 0xcf, 0xf7, 0xc7, 0xf7, 0xbf, 0xf8, 0xbf, 0xf8, 0xc7, 0xf8, 0xc7, 0xf8, 0xcf, 0xf8, 0xcf, 0xf8, 0xcf, 0xf8, 0xc7, 0xf8, 0xc7, 0xf8, 0xc7, 0xf8, 0xcf, 0xf8, 0xc7, 0xf7, 0xc7, 0xf8, 0xc7, 0xf8, 0xc7, 0xf8, 0xcf, 0xf6, 0xdf, 0x73, 0xe7, 0x10, 0xe7, 0x11, 0xdf, 0x32, 0xd7, 0xd6, 0xcf, 0xf8, 0xc7, 0xf8, 0xc7, 0xf8, 0xc7, 0xf8, 0xc7, 0xf8, 0xc7, 0xf8, 0xc7, 0xf8, 0xc7, 0xf8, 0xc7, 0xf8, 0xcf, 0xf8, 0xc7, 0xf8, 0xc7, 0xf8, 0xc7, 0xf8, 0xbf, 0xf8, 0xbf, 0xf8, 0xc7, 0xf7, 0xcf, 0xf6, 0xdf, 0xd5, 0xe7, 0x73, 0xe6, 0xf1, 0xe6, 0x8e, 0xee, 0x8d, 0xe6, 0xae, 0xdf, 0x31, 0xd7, 0xd4, 0xcf, 0xf7, 0xc7, 0xf8, 0xbf, 0xf8, 0xc7, 0xf9, 0xc7, 0xf8, 0xc7, 0xf8, 0xc7, 0xf7, 0xc7, 0xf7, 0xc7, 0xf7, 0xc7, 0xf8, 0xcf, 0xf8, 0xcf, 0xf9, 
  0xc7, 0xf8, 0xc7, 0xf8, 0xc7, 0xf8, 0xc7, 0xf7, 0xc7, 0xf7, 0xc7, 0xf8, 0xc7, 0xf8, 0xbf, 0xf9, 0xbf, 0xf9, 0xbf, 0xf9, 0xc7, 0xf8, 0xd7, 0xf7, 0xdf, 0x93, 0xde, 0xf0, 0xee, 0xad, 0xf6, 0xcd, 0xee, 0xad, 0xee, 0xae, 0xe7, 0x10, 0xe7, 0x93, 0xd7, 0xf6, 0xcf, 0xf7, 0xbf, 0xf8, 0xbf, 0xf9, 0xc7, 0xf9, 0xc7, 0xf8, 0xcf, 0xf8, 0xcf, 0xf8, 0xc7, 0xf8, 0xc7, 0xf8, 0xc7, 0xf8, 0xc7, 0xf8, 0xcf, 0xf8, 0xc7, 0xf8, 0xc7, 0xf8, 0xc7, 0xf8, 0xc7, 0xf8, 0xcf, 0xf8, 0xd7, 0xd6, 0xdf, 0xb5, 0xdf, 0xb5, 0xd7, 0xb5, 0xcf, 0xf8, 0xc7, 0xf8, 0xbf, 0xf8, 0xc7, 0xf8, 0xc7, 0xf8, 0xc7, 0xf8, 0xc7, 0xf8, 0xc7, 0xf8, 0xc7, 0xf8, 0xc7, 0xf8, 0xc7, 0xf8, 0xc7, 0xf8, 0xc7, 0xf9, 0xbf, 0xf9, 0xbf, 0xf8, 0xc7, 0xf8, 0xcf, 0xf7, 0xdf, 0xd5, 0xe7, 0x52, 0xee, 0xf0, 0xee, 0x8e, 0xf6, 0x6d, 0xf6, 0xae, 0xee, 0xae, 0xdf, 0x10, 0xdf, 0xb4, 0xcf, 0xf7, 0xc7, 0xf8, 0xbf, 0xf8, 0xc7, 0xf9, 0xc7, 0xf8, 0xc7, 0xf8, 0xc7, 0xf7, 0xc7, 0xf7, 0xc7, 0xf7, 0xc7, 0xf8, 0xc7, 0xf9, 0xcf, 0xf9, 
  0xc7, 0xf8, 0xc7, 0xf8, 0xc7, 0xf8, 0xc7, 0xf8, 0xcf, 0xf8, 0xc7, 0xf8, 0xc7, 0xf8, 0xbf, 0xf8, 0xbf, 0xf9, 0xbf, 0xf8, 0xc7, 0xf8, 0xd7, 0xf7, 0xdf, 0xb4, 0xdf, 0x31, 0xe6, 0xcf, 0xee, 0xae, 0xf6, 0x8c, 0xfe, 0xac, 0xee, 0xac, 0xe7, 0x0f, 0xdf, 0xd4, 0xcf, 0xf7, 0xbf, 0xf8, 0xbf, 0xf9, 0xc7, 0xf9, 0xc7, 0xf9, 0xc7, 0xf8, 0xc7, 0xf7, 0xc7, 0xf8, 0xc7, 0xf8, 0xcf, 0xf8, 0xcf, 0xf8, 0xc7, 0xf8, 0xc7, 0xf8, 0xc7, 0xf9, 0xc7, 0xf8, 0xc7, 0xf8, 0xc7, 0xf8, 0xc7, 0xf7, 0xcf, 0xf7, 0xcf, 0xf7, 0xcf, 0xf7, 0xc7, 0xf8, 0xc7, 0xf8, 0xc7, 0xf8, 0xc7, 0xf9, 0xc7, 0xf8, 0xc7, 0xf8, 0xc7, 0xf8, 0xc7, 0xf7, 0xc7, 0xf7, 0xc7, 0xf8, 0xc7, 0xf8, 0xc7, 0xf9, 0xbf, 0xf9, 0xbf, 0xfa, 0xc7, 0xf9, 0xc7, 0xf7, 0xd7, 0xf6, 0xe7, 0x93, 0xee, 0xce, 0xf6, 0x8c, 0xfe, 0xad, 0xfe, 0x8d, 0xe6, 0x6d, 0xe6, 0xf0, 0xe7, 0x73, 0xdf, 0xf5, 0xcf, 0xf7, 0xc7, 0xf8, 0xbf, 0xf8, 0xbf, 0xf8, 0xc7, 0xf8, 0xc7, 0xf8, 0xc7, 0xf8, 0xcf, 0xf7, 0xcf, 0xf8, 0xc7, 0xf8, 0xc7, 0xf8, 0xc7, 0xf9, 
  0xbf, 0xf8, 0xc7, 0xf8, 0xc7, 0xf8, 0xc7, 0xf8, 0xcf, 0xf8, 0xc7, 0xf8, 0xc7, 0xf8, 0xc7, 0xf8, 0xbf, 0xf8, 0xbf, 0xf8, 0xc7, 0xf8, 0xcf, 0xf7, 0xdf, 0xf6, 0xe7, 0xb4, 0xe7, 0x31, 0xe6, 0xae, 0xfe, 0x8c, 0xfe, 0x8b, 0xfe, 0x8b, 0xee, 0xad, 0xdf, 0x10, 0xdf, 0xd4, 0xd7, 0xf7, 0xc7, 0xf8, 0xc7, 0xf9, 0xc7, 0xf9, 0xc7, 0xf8, 0xc7, 0xf7, 0xc7, 0xf7, 0xc7, 0xf7, 0xc7, 0xf8, 0xcf, 0xf8, 0xc7, 0xf8, 0xc7, 0xf8, 0xc7, 0xf8, 0xc7, 0xf8, 0xc7, 0xf8, 0xc7, 0xf8, 0xc7, 0xf8, 0xc7, 0xf8, 0xc7, 0xf9, 0xc7, 0xf8, 0xc7, 0xf8, 0xc7, 0xf8, 0xc7, 0xf8, 0xc7, 0xf8, 0xc7, 0xf8, 0xc7, 0xf8, 0xc7, 0xf8, 0xc7, 0xf8, 0xc7, 0xf7, 0xc7, 0xf7, 0xc7, 0xf8, 0xc7, 0xf9, 0xc7, 0xfa, 0xc7, 0xfa, 0xc7, 0xf8, 0xd7, 0xd6, 0xe7, 0x93, 0xe6, 0xef, 0xee, 0x8c, 0xfe, 0x8b, 0xfe, 0x8b, 0xf6, 0x8c, 0xe6, 0xcf, 0xdf, 0x32, 0xdf, 0x94, 0xd7, 0xf6, 0xcf, 0xf7, 0xc7, 0xf8, 0xbf, 0xf8, 0xbf, 0xf9, 0xc7, 0xf8, 0xc7, 0xf8, 0xcf, 0xf8, 0xcf, 0xf8, 0xcf, 0xf8, 0xc7, 0xf8, 0xc7, 0xf8, 0xc7, 0xf8, 
  0xbf, 0xf8, 0xc7, 0xf8, 0xc7, 0xf8, 0xc7, 0xf8, 0xcf, 0xf7, 0xcf, 0xf8, 0xc7, 0xf8, 0xc7, 0xf8, 0xc7, 0xf9, 0xc7, 0xf9, 0xc7, 0xf8, 0xc7, 0xf7, 0xd7, 0xf6, 0xdf, 0xf5, 0xdf, 0x93, 0xe7, 0x10, 0xee, 0xad, 0xfe, 0x8b, 0xfe, 0xac, 0xfe, 0x8c, 0xee, 0x6b, 0xee, 0xef, 0xe7, 0xb5, 0xd7, 0xd7, 0xcf, 0xd8, 0xc7, 0xf9, 0xc7, 0xf8, 0xc7, 0xf7, 0xcf, 0xf7, 0xcf, 0xf7, 0xc7, 0xf9, 0xc7, 0xf9, 0xcf, 0xf8, 0xcf, 0xf8, 0xcf, 0xf8, 0xcf, 0xf8, 0xcf, 0xf8, 0xc7, 0xf8, 0xc7, 0xf8, 0xc7, 0xf8, 0xc7, 0xd8, 0xc7, 0xf8, 0xc7, 0xf8, 0xc7, 0xf8, 0xcf, 0xf8, 0xcf, 0xf8, 0xcf, 0xf8, 0xc7, 0xf8, 0xc7, 0xf9, 0xc7, 0xf9, 0xcf, 0xf8, 0xcf, 0xf7, 0xcf, 0xf8, 0xc7, 0xf8, 0xc7, 0xf9, 0xcf, 0xf8, 0xd7, 0xd6, 0xe7, 0x73, 0xf6, 0xce, 0xf6, 0x4b, 0xfe, 0x8c, 0xfe, 0xac, 0xf6, 0x8c, 0xee, 0xad, 0xef, 0x52, 0xdf, 0x94, 0xdf, 0xd6, 0xd7, 0xf7, 0xc7, 0xf8, 0xc7, 0xf8, 0xc7, 0xf9, 0xc7, 0xf9, 0xc7, 0xf8, 0xc7, 0xf8, 0xcf, 0xf8, 0xcf, 0xf8, 0xc7, 0xf8, 0xc7, 0xf8, 0xc7, 0xf8, 0xc7, 0xf8, 
  0xbf, 0xf8, 0xbf, 0xf8, 0xc7, 0xf8, 0xc7, 0xf7, 0xc7, 0xf7, 0xcf, 0xf8, 0xc7, 0xf8, 0xc7, 0xf8, 0xc7, 0xf9, 0xc7, 0xf9, 0xc7, 0xf9, 0xc7, 0xf8, 0xcf, 0xf7, 0xd7, 0xf6, 0xd7, 0xd5, 0xe7, 0xb3, 0xe7, 0x0f, 0xee, 0x8c, 0xfe, 0x8c, 0xfe, 0xac, 0xfe, 0x6b, 0xf6, 0x8c, 0xe7, 0x31, 0xdf, 0xb6, 0xcf, 0xd8, 0xc7, 0xf9, 0xc7, 0xf8, 0xc7, 0xf8, 0xcf, 0xf7, 0xc7, 0xf7, 0xc7, 0xf9, 0xc7, 0xf9, 0xc7, 0xf7, 0xcf, 0xf7, 0xcf, 0xf7, 0xd7, 0xf7, 0xd7, 0xf7, 0xdf, 0xf7, 0xdf, 0xd7, 0xdf, 0xd6, 0xdf, 0xd6, 0xdf, 0xd6, 0xdf, 0xd7, 0xd7, 0xf7, 0xd7, 0xf7, 0xcf, 0xf7, 0xcf, 0xf7, 0xc7, 0xf8, 0xc7, 0xf9, 0xc7, 0xf9, 0xcf, 0xf7, 0xcf, 0xf7, 0xc7, 0xf7, 0xc7, 0xf8, 0xc7, 0xf8, 0xcf, 0xf7, 0xe7, 0xb5, 0xee, 0xf0, 0xf6, 0x6b, 0xfe, 0x6a, 0xfe, 0xac, 0xf6, 0x8c, 0xee, 0xae, 0xe7, 0x30, 0xe7, 0xd4, 0xd7, 0xf6, 0xd7, 0xf7, 0xcf, 0xf7, 0xc7, 0xf8, 0xc7, 0xf9, 0xc7, 0xf9, 0xc7, 0xf9, 0xc7, 0xf8, 0xc7, 0xf8, 0xcf, 0xf8, 0xcf, 0xf8, 0xc7, 0xf8, 0xc7, 0xf8, 0xc7, 0xf8, 0xc7, 0xf8, 
  0xbf, 0xf8, 0xc7, 0xf8, 0xc7, 0xf8, 0xc7, 0xf7, 0xc7, 0xf7, 0xcf, 0xf8, 0xcf, 0xf8, 0xc7, 0xf8, 0xc7, 0xf9, 0xc7, 0xf9, 0xc7, 0xf9, 0xc7, 0xf9, 0xc7, 0xf8, 0xc7, 0xf7, 0xcf, 0xf7, 0xd7, 0xf6, 0xdf, 0xd4, 0xdf, 0x10, 0xee, 0x6b, 0xfe, 0x8b, 0xfe, 0xcc, 0xf6, 0x8d, 0xe6, 0xef, 0xe7, 0xb4, 0xcf, 0xf7, 0xc7, 0xf9, 0xc7, 0xf8, 0xc7, 0xf8, 0xc7, 0xf7, 0xc7, 0xf7, 0xc7, 0xf8, 0xc7, 0xf8, 0xcf, 0xf7, 0xd7, 0xd6, 0xd7, 0xb5, 0xdf, 0x94, 0xe7, 0x73, 0xef, 0x52, 0xef, 0x31, 0xef, 0x10, 0xef, 0x30, 0xef, 0x31, 0xef, 0x52, 0xe7, 0x73, 0xdf, 0xb4, 0xd7, 0xd5, 0xd7, 0xf6, 0xcf, 0xf7, 0xc7, 0xd8, 0xc7, 0xf9, 0xcf, 0xf7, 0xc7, 0xf7, 0xc7, 0xf7, 0xc7, 0xf8, 0xc7, 0xf8, 0xd7, 0xf7, 0xe7, 0x73, 0xe6, 0xae, 0xf6, 0x8d, 0xfe, 0xac, 0xfe, 0x6b, 0xee, 0xac, 0xe7, 0x51, 0xdf, 0xd5, 0xd7, 0xf6, 0xcf, 0xf7, 0xc7, 0xf8, 0xc7, 0xf8, 0xc7, 0xf9, 0xc7, 0xf9, 0xc7, 0xf9, 0xc7, 0xf9, 0xc7, 0xf8, 0xcf, 0xf8, 0xcf, 0xf8, 0xcf, 0xf8, 0xc7, 0xf8, 0xc7, 0xf8, 0xc7, 0xf8, 0xc7, 0xf8, 
  0xc7, 0xf8, 0xc7, 0xf8, 0xc7, 0xf8, 0xc7, 0xf7, 0xc7, 0xf7, 0xc7, 0xf8, 0xcf, 0xf8, 0xcf, 0xf8, 0xcf, 0xf9, 0xc7, 0xf9, 0xc7, 0xf9, 0xc7, 0xf9, 0xc7, 0xf9, 0xc7, 0xf8, 0xc7, 0xf7, 0xc7, 0xf7, 0xcf, 0xf6, 0xdf, 0xb4, 0xee, 0xef, 0xf6, 0x8c, 0xf6, 0x8d, 0xe6, 0x8d, 0xdf, 0x10, 0xdf, 0xd5, 0xc7, 0xf7, 0xbf, 0xf8, 0xbf, 0xf8, 0xc7, 0xf8, 0xc7, 0xf8, 0xcf, 0xf7, 0xd7, 0xf6, 0xd7, 0xd6, 0xdf, 0xb5, 0xdf, 0x73, 0xdf, 0x32, 0xe7, 0x10, 0xe6, 0xce, 0xee, 0xad, 0xf6, 0x8c, 0xf6, 0x8c, 0xf6, 0x8c, 0xf6, 0x8c, 0xee, 0xad, 0xe6, 0xce, 0xe7, 0x10, 0xe7, 0x52, 0xdf, 0x73, 0xdf, 0xb4, 0xdf, 0xb6, 0xd7, 0xd7, 0xcf, 0xf7, 0xcf, 0xf7, 0xc7, 0xf7, 0xbf, 0xf7, 0xbf, 0xf7, 0xcf, 0xf6, 0xdf, 0x94, 0xe6, 0xf0, 0xee, 0xae, 0xee, 0xad, 0xee, 0xad, 0xef, 0x50, 0xdf, 0xf5, 0xc7, 0xf6, 0xc7, 0xf7, 0xc7, 0xf8, 0xc7, 0xf8, 0xc7, 0xf9, 0xc7, 0xf9, 0xc7, 0xf9, 0xc7, 0xf9, 0xc7, 0xf9, 0xcf, 0xf8, 0xcf, 0xf8, 0xc7, 0xf8, 0xc7, 0xf8, 0xc7, 0xf8, 0xc7, 0xf8, 0xc7, 0xf8, 0xc7, 0xf8, 
  0xc7, 0xf8, 0xc7, 0xf8, 0xc7, 0xf8, 0xc7, 0xf7, 0xc7, 0xf7, 0xc7, 0xf7, 0xc7, 0xf8, 0xc7, 0xf8, 0xcf, 0xf9, 0xc7, 0xf9, 0xc7, 0xf9, 0xc7, 0xf9, 0xc7, 0xf9, 0xc7, 0xf9, 0xbf, 0xf8, 0xbf, 0xf8, 0xbf, 0xf7, 0xcf, 0xf7, 0xe7, 0xb4, 0xe7, 0x11, 0xe6, 0xcf, 0xde, 0xf0, 0xcf, 0x93, 0xcf, 0xf6, 0xc7, 0xf7, 0xbf, 0xf8, 0xc7, 0xf8, 0xc7, 0xf8, 0xcf, 0xf8, 0xd7, 0xf6, 0xdf, 0x93, 0xef, 0x51, 0xee, 0xce, 0xee, 0xad, 0xee, 0x8c, 0xee, 0x8c, 0xf6, 0x8c, 0xf6, 0xac, 0xfe, 0xac, 0xfe, 0xab, 0xfe, 0xab, 0xfe, 0xab, 0xf6, 0x8b, 0xf6, 0x8c, 0xee, 0x8c, 0xee, 0x8d, 0xee, 0xad, 0xee, 0xce, 0xef, 0x31, 0xe7, 0x73, 0xd7, 0xd5, 0xcf, 0xf7, 0xc7, 0xf7, 0xbf, 0xf7, 0xbf, 0xf7, 0xc7, 0xf7, 0xd7, 0xf7, 0xd7, 0x74, 0xde, 0xf1, 0xe7, 0x10, 0xdf, 0x52, 0xdf, 0xf5, 0xcf, 0xf7, 0xbf, 0xf7, 0xbf, 0xf8, 0xbf, 0xf8, 0xbf, 0xf8, 0xc7, 0xf9, 0xc7, 0xf9, 0xc7, 0xf9, 0xc7, 0xf9, 0xcf, 0xf9, 0xc7, 0xf8, 0xc7, 0xf8, 0xc7, 0xf8, 0xc7, 0xf8, 0xc7, 0xf8, 0xc7, 0xf8, 0xc7, 0xf8, 0xc7, 0xf8, 
  0xc7, 0xf8, 0xc7, 0xf8, 0xc7, 0xf8, 0xc7, 0xf8, 0xc7, 0xf7, 0xc7, 0xf8, 0xc7, 0xf8, 0xc7, 0xf8, 0xc7, 0xf8, 0xcf, 0xf9, 0xcf, 0xf9, 0xc7, 0xf8, 0xbf, 0xf8, 0xc7, 0xf9, 0xbf, 0xf9, 0xbf, 0xf9, 0xbf, 0xf9, 0xc7, 0xf8, 0xd7, 0xf7, 0xe7, 0xd6, 0xdf, 0x94, 0xdf, 0xd4, 0xcf, 0xf7, 0xbf, 0xf7, 0xc7, 0xf8, 0xc7, 0xf8, 0xcf, 0xf8, 0xcf, 0xf7, 0xd7, 0xd5, 0xdf, 0x73, 0xe6, 0xef, 0xee, 0x8c, 0xfe, 0x8c, 0xfe, 0x6b, 0xfe, 0x6b, 0xfe, 0x8b, 0xfe, 0x8b, 0xfe, 0xab, 0xfe, 0x8a, 0xfe, 0x8a, 0xfe, 0x8b, 0xfe, 0x8b, 0xfe, 0xab, 0xfe, 0xab, 0xfe, 0xab, 0xfe, 0x8b, 0xfe, 0x8b, 0xfe, 0x8c, 0xf6, 0x8c, 0xee, 0xce, 0xdf, 0x52, 0xd7, 0xb4, 0xcf, 0xf6, 0xc7, 0xf7, 0xc7, 0xf7, 0xc7, 0xf8, 0xcf, 0xf8, 0xd7, 0xd7, 0xdf, 0xb5, 0xdf, 0xd6, 0xdf, 0xf7, 0xcf, 0xf7, 0xbf, 0xf7, 0xc7, 0xf8, 0xbf, 0xf8, 0xbf, 0xf8, 0xc7, 0xf9, 0xc7, 0xf9, 0xc7, 0xf9, 0xc7, 0xf9, 0xcf, 0xf9, 0xcf, 0xf9, 0xc7, 0xf8, 0xc7, 0xf8, 0xc7, 0xf8, 0xc7, 0xf8, 0xc7, 0xf8, 0xc7, 0xf8, 0xc7, 0xf8, 0xc7, 0xf9, 
  0xcf, 0xf8, 0xcf, 0xf8, 0xc7, 0xf8, 0xc7, 0xf8, 0xc7, 0xf8, 0xc7, 0xf8, 0xc7, 0xf8, 0xc7, 0xf8, 0xc7, 0xf8, 0xc7, 0xf8, 0xcf, 0xf8, 0xc7, 0xf8, 0xc7, 0xf8, 0xc7, 0xf8, 0xc7, 0xf8, 0xc7, 0xf9, 0xc7, 0xf9, 0xc7, 0xf9, 0xcf, 0xd8, 0xcf, 0xd8, 0xcf, 0xf7, 0xcf, 0xf7, 0xc7, 0xf7, 0xc7, 0xf7, 0xc7, 0xf8, 0xcf, 0xf8, 0xd7, 0xd8, 0xe7, 0x95, 0xef, 0x11, 0xee, 0x8d, 0xf6, 0x8c, 0xfe, 0xac, 0xfe, 0x8b, 0xfe, 0x8b, 0xfe, 0x8b, 0xfe, 0x8b, 0xfe, 0x8b, 0xfe, 0x8a, 0xfe, 0x8a, 0xfe, 0x8a, 0xfe, 0x8a, 0xfe, 0x8a, 0xfe, 0x8a, 0xfe, 0x8a, 0xfe, 0x8b, 0xfe, 0x6b, 0xfe, 0x6b, 0xfe, 0x8b, 0xfe, 0x6b, 0xf6, 0x8c, 0xee, 0xad, 0xe7, 0x0f, 0xdf, 0x94, 0xd7, 0xf7, 0xd7, 0xf8, 0xcf, 0xd8, 0xcf, 0xf8, 0xcf, 0xf8, 0xcf, 0xd8, 0xcf, 0xf9, 0xc7, 0xf8, 0xc7, 0xf8, 0xc7, 0xf8, 0xc7, 0xf8, 0xc7, 0xf8, 0xc7, 0xf8, 0xc7, 0xf8, 0xc7, 0xf8, 0xc7, 0xf8, 0xcf, 0xf8, 0xc7, 0xf8, 0xc7, 0xf8, 0xc7, 0xf8, 0xc7, 0xf8, 0xc7, 0xf8, 0xc7, 0xf8, 0xc7, 0xf8, 0xc7, 0xf8, 0xcf, 0xf9, 0xcf, 0xf9, 
  0xcf, 0xf8, 0xcf, 0xf8, 0xc7, 0xf8, 0xc7, 0xf8, 0xc7, 0xf8, 0xbf, 0xf8, 0xc7, 0xf8, 0xc7, 0xf8, 0xc7, 0xf8, 0xc7, 0xf8, 0xcf, 0xf8, 0xcf, 0xf8, 0xc7, 0xf8, 0xc7, 0xf8, 0xc7, 0xf8, 0xc7, 0xf8, 0xc7, 0xf9, 0xc7, 0xf9, 0xc7, 0xf9, 0xc7, 0xf9, 0xc7, 0xf9, 0xbf, 0xf8, 0xbf, 0xf8, 0xc7, 0xf7, 0xcf, 0xf8, 0xdf, 0xd7, 0xe7, 0x75, 0xee, 0xf1, 0xf6, 0x8d, 0xfe, 0x8b, 0xfe, 0x8b, 0xfe, 0x8a, 0xfe, 0x8b, 0xfe, 0x8b, 0xfe, 0x8b, 0xfe, 0x8b, 0xfe, 0x8b, 0xfe, 0x8a, 0xfe, 0x8a, 0xfe, 0x8a, 0xfe, 0x6a, 0xfe, 0x6a, 0xfe, 0x6a, 0xfe, 0x6a, 0xfe, 0x6b, 0xfe, 0x6b, 0xfe, 0x8b, 0xfe, 0x6b, 0xfe, 0x8b, 0xfe, 0x6b, 0xfe, 0x8b, 0xf6, 0xac, 0xe7, 0x10, 0xdf, 0x74, 0xdf, 0xd6, 0xd7, 0xf8, 0xcf, 0xf8, 0xc7, 0xf9, 0xc7, 0xf9, 0xc7, 0xfa, 0xc7, 0xf9, 0xc7, 0xf9, 0xc7, 0xf8, 0xc7, 0xf8, 0xc7, 0xf8, 0xc7, 0xf8, 0xc7, 0xf8, 0xc7, 0xf8, 0xcf, 0xf8, 0xcf, 0xf8, 0xc7, 0xf8, 0xc7, 0xf8, 0xc7, 0xf8, 0xc7, 0xf8, 0xbf, 0xf8, 0xc7, 0xf8, 0xc7, 0xf8, 0xc7, 0xf8, 0xcf, 0xf9, 0xcf, 0xf9, 
  0xcf, 0xf8, 0xcf, 0xf8, 0xc7, 0xf8, 0xc7, 0xf8, 0xc7, 0xf8, 0xc7, 0xf8, 0xbf, 0xf8, 0xc7, 0xf8, 0xc7, 0xf8, 0xc7, 0xf8, 0xc7, 0xf8, 0xcf, 0xf8, 0xcf, 0xf8, 0xcf, 0xf8, 0xcf, 0xf8, 0xc7, 0xf8, 0xc7, 0xf8, 0xc7, 0xf8, 0xc7, 0xf8, 0xc7, 0xf8, 0xc7, 0xf8, 0xbf, 0xf8, 0xc7, 0xf8, 0xc7, 0xf8, 0xd7, 0xd8, 0xe7, 0x75, 0xf6, 0xd0, 0xf6, 0x6d, 0xfe, 0x6b, 0xfe, 0x8b, 0xfe, 0xaa, 0xfe, 0x69, 0xfe, 0x8a, 0xfe, 0x8b, 0xfe, 0x8b, 0xfe, 0x8b, 0xfe, 0x8b, 0xfe, 0x8b, 0xfe, 0x6b, 0xfe, 0x6b, 0xfe, 0x6b, 0xfe, 0x6b, 0xfe, 0x8b, 0xfe, 0x8b, 0xfe, 0x8b, 0xfe, 0x8b, 0xfe, 0x8b, 0xfe, 0x8a, 0xfe, 0x8a, 0xfe, 0x8a, 0xfe, 0x8b, 0xfe, 0x8b, 0xf6, 0x8c, 0xee, 0xcf, 0xdf, 0x74, 0xdf, 0xf7, 0xcf, 0xd7, 0xcf, 0xf8, 0xc7, 0xf9, 0xc7, 0xf9, 0xc7, 0xf9, 0xc7, 0xf8, 0xcf, 0xf8, 0xcf, 0xf8, 0xcf, 0xf8, 0xcf, 0xf8, 0xcf, 0xf8, 0xcf, 0xf8, 0xcf, 0xf8, 0xc7, 0xf8, 0xc7, 0xf8, 0xc7, 0xf8, 0xc7, 0xf8, 0xbf, 0xf8, 0xc7, 0xf8, 0xc7, 0xf8, 0xc7, 0xf8, 0xc7, 0xf8, 0xcf, 0xf8, 0xcf, 0xf9, 
  0xcf, 0xf8, 0xcf, 0xf8, 0xc7, 0xf8, 0xc7, 0xf8, 0xc7, 0xf8, 0xc7, 0xf8, 0xc7, 0xf8, 0xc7, 0xf8, 0xc7, 0xf8, 0xc7, 0xf8, 0xc7, 0xf8, 0xcf, 0xf8, 0xcf, 0xf8, 0xcf, 0xf8, 0xcf, 0xf8, 0xcf, 0xf8, 0xc7, 0xf7, 0xc7, 0xf7, 0xc7, 0xf7, 0xc7, 0xf8, 0xc7, 0xf8, 0xc7, 0xf8, 0xc7, 0xf8, 0xcf, 0xf7, 0xdf, 0x95, 0xee, 0xf1, 0xf6, 0x6d, 0xfe, 0x6b, 0xfe, 0x8b, 0xfe, 0x8a, 0xfe, 0x8a, 0xfe, 0x8a, 0xfe, 0x8a, 0xfe, 0x8a, 0xfe, 0x8a, 0xfe, 0x8b, 0xfe, 0x8b, 0xfe, 0x6b, 0xfe, 0x6b, 0xfe, 0x6b, 0xfe, 0x6b, 0xfe, 0x6b, 0xfe, 0x6b, 0xfe, 0x8b, 0xfe, 0x8b, 0xfe, 0x8a, 0xfe, 0x8a, 0xfe, 0x8a, 0xfe, 0x8a, 0xfe, 0x8a, 0xfe, 0x8b, 0xfe, 0x8b, 0xfe, 0x6a, 0xf6, 0x8c, 0xe7, 0x10, 0xdf, 0x94, 0xd7, 0xd6, 0xcf, 0xf7, 0xc7, 0xf8, 0xc7, 0xf8, 0xc7, 0xf8, 0xcf, 0xf8, 0xcf, 0xf8, 0xcf, 0xf8, 0xcf, 0xf8, 0xcf, 0xf8, 0xcf, 0xf8, 0xcf, 0xf8, 0xcf, 0xf8, 0xc7, 0xf8, 0xc7, 0xf8, 0xc7, 0xf8, 0xc7, 0xf8, 0xc7, 0xf8, 0xc7, 0xf8, 0xc7, 0xf8, 0xc7, 0xf8, 0xc7, 0xf8, 0xcf, 0xf8, 0xcf, 0xf8, 
  0xc7, 0xf8, 0xc7, 0xf8, 0xc7, 0xf8, 0xc7, 0xf8, 0xc7, 0xf8, 0xc7, 0xf8, 0xc7, 0xf8, 0xc7, 0xf8, 0xc7, 0xf8, 0xc7, 0xf8, 0xc7, 0xf8, 0xc7, 0xf8, 0xc7, 0xf8, 0xc7, 0xf8, 0xcf, 0xf8, 0xc7, 0xf8, 0xc7, 0xf7, 0xc7, 0xf7, 0xcf, 0xf7, 0xc7, 0xf7, 0xc7, 0xf7, 0xc7, 0xf8, 0xcf, 0xf8, 0xd7, 0xd5, 0xe6, 0xf0, 0xf6, 0x8d, 0xfe, 0x6c, 0xfe, 0x8b, 0xfe, 0xaa, 0xfe, 0x8a, 0xfe, 0x8a, 0xfe, 0xaa, 0xfe, 0x8a, 0xfe, 0x8a, 0xfe, 0x8a, 0xfe, 0x8a, 0xfe, 0x8b, 0xfe, 0x6b, 0xfe, 0x6b, 0xfe, 0x6b, 0xfe, 0x6b, 0xfe, 0x6b, 0xfe, 0x6b, 0xfe, 0x8b, 0xfe, 0x8a, 0xfe, 0x8a, 0xfe, 0x8a, 0xfe, 0x8a, 0xfe, 0xab, 0xfe, 0x8b, 0xfe, 0x8a, 0xfe, 0x8a, 0xfe, 0x8b, 0xfe, 0x8b, 0xee, 0xad, 0xe7, 0x0f, 0xdf, 0xd4, 0xcf, 0xf6, 0xcf, 0xf7, 0xc7, 0xf7, 0xcf, 0xf7, 0xcf, 0xf7, 0xc7, 0xf8, 0xc7, 0xf8, 0xcf, 0xf8, 0xcf, 0xf8, 0xc7, 0xf8, 0xc7, 0xf8, 0xc7, 0xf8, 0xc7, 0xf8, 0xc7, 0xf8, 0xc7, 0xf8, 0xc7, 0xf8, 0xc7, 0xf8, 0xc7, 0xf8, 0xc7, 0xf8, 0xc7, 0xf8, 0xc7, 0xf8, 0xc7, 0xf8, 0xc7, 0xf8, 
  0xc7, 0xf8, 0xc7, 0xf8, 0xc7, 0xf8, 0xc7, 0xf8, 0xc7, 0xf8, 0xc7, 0xf8, 0xc7, 0xf8, 0xc7, 0xf8, 0xc7, 0xf8, 0xc7, 0xf8, 0xc7, 0xf8, 0xc7, 0xf8, 0xc7, 0xf8, 0xc7, 0xf8, 0xc7, 0xf8, 0xc7, 0xf8, 0xc7, 0xf8, 0xc7, 0xf8, 0xc7, 0xf7, 0xc7, 0xf7, 0xc7, 0xf7, 0xcf, 0xf7, 0xd7, 0xd6, 0xdf, 0x73, 0xee, 0x8d, 0xfe, 0x8c, 0xfe, 0x8b, 0xfe, 0x8a, 0xfe, 0x8a, 0xfe, 0xaa, 0xfe, 0xab, 0xfe, 0x8b, 0xfe, 0x8a, 0xfe, 0x8a, 0xfe, 0x8a, 0xfe, 0x8a, 0xfe, 0x8b, 0xfe, 0x8b, 0xfe, 0x6b, 0xfe, 0x6b, 0xfe, 0x6b, 0xfe, 0x6b, 0xfe, 0x8b, 0xfe, 0x8b, 0xfe, 0x8a, 0xfe, 0x8a, 0xfe, 0x8a, 0xfe, 0x8a, 0xfe, 0xab, 0xfe, 0x8b, 0xfe, 0x8a, 0xfe, 0x8a, 0xfe, 0x8b, 0xfe, 0x8b, 0xfe, 0xab, 0xee, 0xcd, 0xdf, 0x72, 0xd7, 0xd5, 0xcf, 0xf6, 0xcf, 0xf7, 0xc7, 0xf7, 0xc7, 0xf8, 0xc7, 0xf8, 0xc7, 0xf8, 0xc7, 0xf8, 0xc7, 0xf8, 0xc7, 0xf8, 0xc7, 0xf8, 0xc7, 0xf8, 0xc7, 0xf8, 0xc7, 0xf8, 0xc7, 0xf8, 0xc7, 0xf8, 0xc7, 0xf8, 0xc7, 0xf8, 0xc7, 0xf8, 0xc7, 0xf8, 0xc7, 0xf8, 0xc7, 0xf8, 0xc7, 0xf7, 
  0xbf, 0xf8, 0xc7, 0xf8, 0xc7, 0xf8, 0xc7, 0xf8, 0xcf, 0xf8, 0xcf, 0xf8, 0xcf, 0xf8, 0xcf, 0xf8, 0xc7, 0xf8, 0xc7, 0xf8, 0xc7, 0xf8, 0xc7, 0xf8, 0xc7, 0xf8, 0xc7, 0xf8, 0xc7, 0xf8, 0xc7, 0xf8, 0xcf, 0xf8, 0xcf, 0xf8, 0xc7, 0xf9, 0xc7, 0xf9, 0xc7, 0xf8, 0xd7, 0xf7, 0xdf, 0x93, 0xe7, 0x0f, 0xf6, 0x8c, 0xfe, 0x8b, 0xfe, 0x8a, 0xfe, 0x89, 0xfe, 0x8a, 0xfe, 0x8b, 0xfe, 0x8c, 0xfe, 0x6b, 0xfe, 0x8b, 0xfe, 0x8b, 0xfe, 0x8b, 0xfe, 0x8b, 0xfe, 0x8b, 0xfe, 0x8b, 0xfe, 0x8b, 0xfe, 0x8b, 0xfe, 0x8b, 0xfe, 0x8b, 0xfe, 0x8b, 0xfe, 0x8b, 0xfe, 0x8b, 0xfe, 0x8b, 0xfe, 0x8b, 0xfe, 0x8b, 0xfe, 0x8b, 0xfe, 0x8b, 0xfe, 0x6b, 0xfe, 0x6a, 0xfe, 0x6a, 0xfe, 0x8b, 0xfe, 0x8b, 0xee, 0xad, 0xe7, 0x0f, 0xdf, 0x72, 0xd7, 0xf6, 0xcf, 0xf8, 0xc7, 0xf8, 0xc7, 0xf9, 0xc7, 0xf8, 0xc7, 0xf8, 0xc7, 0xf8, 0xc7, 0xf8, 0xc7, 0xf8, 0xc7, 0xf8, 0xc7, 0xf8, 0xc7, 0xf8, 0xc7, 0xf8, 0xc7, 0xf8, 0xcf, 0xf9, 0xcf, 0xf9, 0xcf, 0xf8, 0xcf, 0xf8, 0xc7, 0xf8, 0xc7, 0xf8, 0xc7, 0xf7, 0xbf, 0xf7, 
  0xc7, 0xf8, 0xc7, 0xf8, 0xc7, 0xf8, 0xc7, 0xf8, 0xcf, 0xf8, 0xcf, 0xf8, 0xcf, 0xf8, 0xcf, 0xf8, 0xc7, 0xf8, 0xc7, 0xf8, 0xc7, 0xf8, 0xc7, 0xf8, 0xc7, 0xf8, 0xc7, 0xf8, 0xc7, 0xf8, 0xc7, 0xf8, 0xcf, 0xf8, 0xcf, 0xf9, 0xc7, 0xf9, 0xc7, 0xf9, 0xc7, 0xf8, 0xd7, 0xd6, 0xef, 0x31, 0xee, 0xad, 0xfe, 0xac, 0xfe, 0x6a, 0xfe, 0x69, 0xfe, 0x8a, 0xfe, 0xab, 0xfe, 0x8b, 0xfe, 0x4b, 0xfe, 0x4c, 0xfe, 0x6b, 0xfe, 0x8b, 0xfe, 0x8b, 0xfe, 0x8b, 0xfe, 0x8b, 0xfe, 0x8b, 0xfe, 0x8b, 0xfe, 0x8a, 0xfe, 0x8a, 0xfe, 0x8b, 0xfe, 0x8b, 0xfe, 0x8b, 0xfe, 0x8b, 0xfe, 0x8b, 0xfe, 0x8b, 0xfe, 0x8b, 0xfe, 0x4a, 0xfe, 0x8b, 0xfe, 0x8b, 0xfe, 0x6a, 0xfe, 0x6a, 0xfe, 0x8b, 0xfe, 0x8b, 0xf6, 0xac, 0xee, 0xac, 0xef, 0x30, 0xdf, 0xd5, 0xcf, 0xf8, 0xc7, 0xf9, 0xc7, 0xf9, 0xc7, 0xf8, 0xc7, 0xf8, 0xc7, 0xf8, 0xc7, 0xf8, 0xc7, 0xf8, 0xc7, 0xf8, 0xc7, 0xf8, 0xc7, 0xf8, 0xc7, 0xf8, 0xc7, 0xf8, 0xcf, 0xf9, 0xcf, 0xf9, 0xcf, 0xf8, 0xcf, 0xf8, 0xc7, 0xf8, 0xc7, 0xf8, 0xc7, 0xf7, 0xbf, 0xf7, 
  0xc7, 0xf8, 0xc7, 0xf9, 0xcf, 0xf8, 0xcf, 0xf8, 0xcf, 0xf8, 0xcf, 0xf8, 0xcf, 0xf8, 0xc7, 0xf8, 0xc7, 0xf8, 0xcf, 0xf8, 0xcf, 0xf8, 0xcf, 0xf8, 0xcf, 0xf7, 0xcf, 0xf8, 0xcf, 0xf8, 0xcf, 0xf8, 0xcf, 0xf8, 0xc7, 0xf8, 0xc7, 0xf8, 0xc7, 0xf7, 0xcf, 0xf8, 0xdf, 0xb4, 0xe6, 0xae, 0xfe, 0x8c, 0xfe, 0x6b, 0xfe, 0x6b, 0xfe, 0x8a, 0xfe, 0x8a, 0xfe, 0x8a, 0xfe, 0x8a, 0xfe, 0x6b, 0xfe, 0x6b, 0xfe, 0x6b, 0xfe, 0x8b, 0xfe, 0x8b, 0xfe, 0x8b, 0xfe, 0x8b, 0xfe, 0x8b, 0xfe, 0x8b, 0xfe, 0x8b, 0xfe, 0x8b, 0xfe, 0x8b, 0xfe, 0x8b, 0xfe, 0x8b, 0xfe, 0x8b, 0xfe, 0x8b, 0xfe, 0x8b, 0xfe, 0x8b, 0xfe, 0x8b, 0xfe, 0x8a, 0xfe, 0x8a, 0xfe, 0x8a, 0xfe, 0x8b, 0xfe, 0x8b, 0xfe, 0x8b, 0xfe, 0x8b, 0xfe, 0xab, 0xee, 0xad, 0xdf, 0x94, 0xcf, 0xf8, 0xc7, 0xf8, 0xcf, 0xf8, 0xc7, 0xf8, 0xc7, 0xf8, 0xcf, 0xf8, 0xc7, 0xf8, 0xcf, 0xf8, 0xcf, 0xf8, 0xcf, 0xf8, 0xc7, 0xf8, 0xc7, 0xf8, 0xc7, 0xf8, 0xc7, 0xf8, 0xc7, 0xf8, 0xcf, 0xf8, 0xcf, 0xf8, 0xcf, 0xf8, 0xcf, 0xf8, 0xc7, 0xf8, 0xc7, 0xf8, 
  0xc7, 0xf8, 0xc7, 0xf8, 0xc7, 0xf8, 0xc7, 0xf8, 0xc7, 0xf8, 0xc7, 0xf8, 0xc7, 0xf8, 0xc7, 0xf8, 0xc7, 0xf8, 0xc7, 0xf8, 0xcf, 0xf8, 0xcf, 0xf8, 0xcf, 0xf8, 0xcf, 0xf8, 0xc7, 0xf8, 0xc7, 0xd8, 0xc7, 0xf8, 0xc7, 0xf8, 0xc7, 0xf8, 0xc7, 0xf7, 0xd7, 0xf7, 0xdf, 0x93, 0xee, 0x8d, 0xfe, 0x8b, 0xfe, 0x6b, 0xfe, 0x6b, 0xfe, 0x8b, 0xfe, 0x8a, 0xfe, 0x8a, 0xfe, 0x8a, 0xfe, 0x8b, 0xfe, 0x6b, 0xfe, 0x8b, 0xfe, 0x8b, 0xfe, 0x8b, 0xfe, 0x8b, 0xfe, 0x8b, 0xfe, 0x8b, 0xfe, 0x8b, 0xfe, 0x8b, 0xfe, 0x8b, 0xfe, 0x8b, 0xfe, 0x8b, 0xfe, 0x8b, 0xfe, 0x8b, 0xfe, 0x8b, 0xfe, 0x8b, 0xfe, 0x8b, 0xfe, 0x8b, 0xfe, 0x8a, 0xfe, 0x8a, 0xfe, 0x8a, 0xfe, 0x8b, 0xfe, 0x8b, 0xfe, 0x8b, 0xfe, 0x8b, 0xfe, 0x8b, 0xee, 0x8c, 0xdf, 0x73, 0xd7, 0xd7, 0xcf, 0xf7, 0xcf, 0xf8, 0xc7, 0xf8, 0xc7, 0xf8, 0xc7, 0xf8, 0xc7, 0xf7, 0xc7, 0xf7, 0xc7, 0xf7, 0xc7, 0xf8, 0xc7, 0xf8, 0xc7, 0xf8, 0xc7, 0xf8, 0xc7, 0xf8, 0xc7, 0xf8, 0xc7, 0xf8, 0xc7, 0xf8, 0xc7, 0xf8, 0xc7, 0xf8, 0xc7, 0xf8, 0xc7, 0xf8, 
  0xcf, 0xf8, 0xc7, 0xf8, 0xc7, 0xf8, 0xc7, 0xf8, 0xc7, 0xf8, 0xc7, 0xf8, 0xc7, 0xf8, 0xc7, 0xf8, 0xc7, 0xf8, 0xc7, 0xf8, 0xc7, 0xf8, 0xc7, 0xf9, 0xc7, 0xf9, 0xc7, 0xf9, 0xc7, 0xf8, 0xc7, 0xf8, 0xc7, 0xf8, 0xc7, 0xf8, 0xc7, 0xf8, 0xcf, 0xf7, 0xd7, 0xf5, 0xdf, 0x52, 0xee, 0x8c, 0xfe, 0x6b, 0xfe, 0x6b, 0xfe, 0x6b, 0xfe, 0x8b, 0xfe, 0x8a, 0xfe, 0x8a, 0xfe, 0x8a, 0xfe, 0x8b, 0xfe, 0x8b, 0xfe, 0x8b, 0xfe, 0x8b, 0xfe, 0x8b, 0xfe, 0x8b, 0xfe, 0x8b, 0xfe, 0x8b, 0xfe, 0x8b, 0xfe, 0x8b, 0xfe, 0x8b, 0xfe, 0x8b, 0xfe, 0x8b, 0xfe, 0x8b, 0xfe, 0x8b, 0xfe, 0x8b, 0xfe, 0x8b, 0xfe, 0x8b, 0xfe, 0x8b, 0xfe, 0x8a, 0xfe, 0x8a, 0xfe, 0x8a, 0xfe, 0x8b, 0xfe, 0x8b, 0xfe, 0x8b, 0xfe, 0x8b, 0xfe, 0x8b, 0xee, 0x8c, 0xdf, 0x31, 0xd7, 0xb5, 0xcf, 0xf7, 0xc7, 0xf8, 0xc7, 0xf8, 0xc7, 0xf8, 0xc7, 0xf8, 0xc7, 0xf8, 0xc7, 0xf8, 0xc7, 0xf9, 0xc7, 0xf9, 0xc7, 0xf9, 0xc7, 0xf8, 0xc7, 0xf8, 0xc7, 0xf8, 0xbf, 0xf8, 0xbf, 0xf8, 0xc7, 0xf8, 0xc7, 0xf8, 0xc7, 0xf8, 0xc7, 0xf8, 0xc7, 0xf8, 
  0xc7, 0xf7, 0xc7, 0xf7, 0xc7, 0xf7, 0xc7, 0xf8, 0xc7, 0xf8, 0xc7, 0xf7, 0xc7, 0xf7, 0xcf, 0xf8, 0xc7, 0xf7, 0xc7, 0xf7, 0xc7, 0xf8, 0xc7, 0xf8, 0xc7, 0xf8, 0xc7, 0xf8, 0xc7, 0xf8, 0xc7, 0xf8, 0xc7, 0xf8, 0xc7, 0xf8, 0xc7, 0xf8, 0xcf, 0xf7, 0xdf, 0xb4, 0xe7, 0x10, 0xf6, 0x8c, 0xfe, 0x8b, 0xfe, 0x6b, 0xfe, 0x6b, 0xfe, 0x8b, 0xfe, 0x8b, 0xfe, 0x8a, 0xfe, 0x8a, 0xfe, 0x6b, 0xfe, 0x8b, 0xfe, 0x8b, 0xfe, 0x8b, 0xfe, 0x8b, 0xfe, 0x8b, 0xfe, 0x8b, 0xfe, 0x8b, 0xfe, 0x8b, 0xfe, 0x8b, 0xfe, 0x8b, 0xfe, 0x8b, 0xfe, 0x8b, 0xfe, 0x8b, 0xfe, 0x8b, 0xfe, 0x8b, 0xfe, 0x8b, 0xfe, 0x8b, 0xfe, 0x8b, 0xfe, 0x8b, 0xfe, 0x8a, 0xfe, 0x8a, 0xfe, 0x8b, 0xfe, 0x8b, 0xfe, 0x8b, 0xfe, 0x8b, 0xfe, 0x8b, 0xee, 0x8c, 0xe6, 0xf0, 0xdf, 0x94, 0xd7, 0xf7, 0xc7, 0xf8, 0xc7, 0xf8, 0xc7, 0xf8, 0xbf, 0xf8, 0xc7, 0xf8, 0xc7, 0xf8, 0xc7, 0xf8, 0xc7, 0xf8, 0xc7, 0xf8, 0xc7, 0xf8, 0xc7, 0xf7, 0xc7, 0xf8, 0xc7, 0xf7, 0xc7, 0xf7, 0xc7, 0xf8, 0xc7, 0xf8, 0xc7, 0xf8, 0xc7, 0xf8, 0xc7, 0xf8, 
  0xbf, 0xf8, 0xbf, 0xf8, 0xc7, 0xf8, 0xcf, 0xf7, 0xcf, 0xf7, 0xcf, 0xf7, 0xd7, 0xf6, 0xd7, 0xf7, 0xd7, 0xf7, 0xd7, 0xf7, 0xd7, 0xf7, 0xd7, 0xf7, 0xcf, 0xf7, 0xc7, 0xf8, 0xc7, 0xf8, 0xc7, 0xf8, 0xc7, 0xf8, 0xc7, 0xf8, 0xc7, 0xf8, 0xd7, 0xf7, 0xdf, 0x93, 0xe6, 0xef, 0xf6, 0x8c, 0xfe, 0x8b, 0xfe, 0x6b, 0xfe, 0x6b, 0xfe, 0x8b, 0xfe, 0x8b, 0xfe, 0x8b, 0xfe, 0x8b, 0xfe, 0x6b, 0xfe, 0x6b, 0xfe, 0x8b, 0xfe, 0x8b, 0xfe, 0x8b, 0xfe, 0x8b, 0xfe, 0x8b, 0xfe, 0x8b, 0xfe, 0x8b, 0xfe, 0x8b, 0xfe, 0x8b, 0xfe, 0x8b, 0xfe, 0x8b, 0xfe, 0x8b, 0xfe, 0x8b, 0xfe, 0x8b, 0xfe, 0x8b, 0xfe, 0x8b, 0xfe, 0x8b, 0xfe, 0x8b, 0xfe, 0x8a, 0xfe, 0x8a, 0xfe, 0x8b, 0xfe, 0x8b, 0xfe, 0x8a, 0xfe, 0x8b, 0xfe, 0x8b, 0xf6, 0x8c, 0xe6, 0xce, 0xe7, 0x72, 0xdf, 0xf7, 0xcf, 0xf8, 0xc7, 0xf8, 0xc7, 0xf8, 0xc7, 0xf8, 0xc7, 0xf8, 0xc7, 0xf7, 0xc7, 0xf7, 0xcf, 0xf7, 0xd7, 0xf7, 0xd7, 0xf7, 0xd7, 0xf6, 0xd7, 0xf7, 0xd7, 0xf7, 0xcf, 0xf7, 0xcf, 0xf7, 0xcf, 0xf8, 0xc7, 0xf8, 0xbf, 0xf8, 0xbf, 0xf8, 
  0xbf, 0xf9, 0xc7, 0xf8, 0xcf, 0xf7, 0xd7, 0xd5, 0xdf, 0xb4, 0xdf, 0x93, 0xdf, 0x93, 0xe7, 0x93, 0xe7, 0x93, 0xe7, 0x73, 0xe7, 0x73, 0xe7, 0x93, 0xdf, 0x94, 0xd7, 0xb5, 0xcf, 0xd6, 0xcf, 0xf8, 0xc7, 0xf8, 0xc7, 0xf8, 0xc7, 0xf8, 0xd7, 0xf7, 0xe7, 0x72, 0xee, 0xcd, 0xfe, 0xac, 0xfe, 0x8b, 0xfe, 0x6a, 0xfe, 0x6a, 0xfe, 0x8b, 0xfe, 0x8b, 0xfe, 0x8b, 0xfe, 0x8b, 0xfe, 0x6b, 0xfe, 0x8b, 0xfe, 0x8b, 0xfe, 0x8b, 0xfe, 0x8b, 0xfe, 0x8b, 0xfe, 0x8b, 0xfe, 0x8b, 0xfe, 0x8b, 0xfe, 0x8b, 0xfe, 0x8b, 0xfe, 0x8b, 0xfe, 0x8b, 0xfe, 0x8b, 0xfe, 0x8b, 0xfe, 0x8b, 0xfe, 0x8b, 0xfe, 0x8b, 0xfe, 0x8b, 0xfe, 0x8b, 0xfe, 0x8b, 0xfe, 0x6a, 0xfe, 0x6b, 0xfe, 0x6b, 0xfe, 0x6a, 0xfe, 0x8b, 0xfe, 0x8b, 0xfe, 0xac, 0xee, 0xad, 0xef, 0x51, 0xdf, 0xf6, 0xcf, 0xf8, 0xc7, 0xf8, 0xc7, 0xf8, 0xcf, 0xf8, 0xcf, 0xf6, 0xd7, 0xb5, 0xdf, 0x93, 0xe7, 0x93, 0xe7, 0x93, 0xe7, 0x93, 0xe7, 0x93, 0xdf, 0x73, 0xdf, 0x73, 0xdf, 0x93, 0xd7, 0x94, 0xd7, 0xd5, 0xcf, 0xf7, 0xc7, 0xf8, 0xbf, 0xf9, 
  0xc7, 0xf9, 0xcf, 0xf7, 0xdf, 0xb4, 0xdf, 0x31, 0xe6, 0xee, 0xee, 0xce, 0xee, 0xce, 0xee, 0xad, 0xf6, 0xad, 0xf6, 0x8c, 0xfe, 0x8c, 0xf6, 0xac, 0xee, 0xcd, 0xe6, 0xef, 0xdf, 0x52, 0xd7, 0xb6, 0xcf, 0xf7, 0xc7, 0xf8, 0xc7, 0xf8, 0xd7, 0xf7, 0xef, 0x51, 0xee, 0xac, 0xfe, 0xab, 0xfe, 0x8b, 0xfe, 0x8a, 0xfe, 0x6a, 0xfe, 0x8b, 0xfe, 0x8b, 0xfe, 0x8b, 0xfe, 0x8b, 0xfe, 0x8b, 0xfe, 0x8b, 0xfe, 0x8b, 0xfe, 0x8b, 0xfe, 0x8b, 0xfe, 0x8b, 0xfe, 0x8b, 0xfe, 0x8b, 0xfe, 0x8b, 0xfe, 0x8b, 0xfe, 0x8b, 0xfe, 0x8b, 0xfe, 0x8b, 0xfe, 0x8b, 0xfe, 0x8b, 0xfe, 0x8b, 0xfe, 0x8b, 0xfe, 0x8b, 0xfe, 0x8b, 0xfe, 0x8b, 0xfe, 0x8b, 0xfe, 0x6a, 0xfe, 0x6b, 0xfe, 0x6b, 0xfe, 0x6a, 0xfe, 0x8b, 0xfe, 0x8b, 0xfe, 0xac, 0xf6, 0x8c, 0xef, 0x30, 0xdf, 0xf6, 0xc7, 0xf8, 0xc7, 0xf9, 0xc7, 0xf8, 0xd7, 0xd6, 0xdf, 0x52, 0xe6, 0xef, 0xee, 0xcd, 0xfe, 0xcc, 0xf6, 0xac, 0xf6, 0xac, 0xf6, 0xad, 0xee, 0xae, 0xee, 0xce, 0xee, 0xce, 0xe6, 0xef, 0xdf, 0x51, 0xdf, 0xb5, 0xcf, 0xf8, 0xc7, 0xf9, 
  0xc7, 0xf8, 0xcf, 0xf7, 0xdf, 0x93, 0xe6, 0xef, 0xee, 0x8c, 0xfe, 0x8c, 0xfe, 0xac, 0xfe, 0x8c, 0xfe, 0x8b, 0xfe, 0x6b, 0xfe, 0x69, 0xfe, 0x6a, 0xfe, 0x6a, 0xee, 0x8d, 0xe7, 0x11, 0xdf, 0x94, 0xcf, 0xf7, 0xc7, 0xf8, 0xc7, 0xf8, 0xdf, 0xf7, 0xef, 0x50, 0xf6, 0x8c, 0xfe, 0xab, 0xfe, 0x8a, 0xfe, 0x8a, 0xfe, 0x6a, 0xfe, 0x8b, 0xfe, 0x8b, 0xfe, 0x8b, 0xfe, 0x8b, 0xfe, 0x8b, 0xfe, 0x8a, 0xfe, 0x8b, 0xfe, 0x8b, 0xfe, 0x8b, 0xfe, 0x8b, 0xfe, 0x8b, 0xfe, 0x8b, 0xfe, 0x8b, 0xfe, 0x8b, 0xfe, 0x8b, 0xfe, 0x8b, 0xfe, 0x8b, 0xfe, 0x8b, 0xfe, 0x8b, 0xfe, 0x8b, 0xfe, 0x8b, 0xfe, 0x8b, 0xfe, 0x8b, 0xfe, 0x8b, 0xfe, 0x8b, 0xfe, 0x6a, 0xfe, 0x6b, 0xfe, 0x6b, 0xfe, 0x6a, 0xfe, 0x8b, 0xfe, 0x6b, 0xfe, 0xac, 0xf6, 0x8b, 0xef, 0x0f, 0xdf, 0xd5, 0xc7, 0xf8, 0xc7, 0xf9, 0xcf, 0xf8, 0xdf, 0xb4, 0xdf, 0x10, 0xee, 0x8c, 0xfe, 0x8a, 0xfe, 0x89, 0xfe, 0x69, 0xfe, 0x6a, 0xfe, 0x8b, 0xfe, 0x6b, 0xfe, 0x8c, 0xfe, 0x8b, 0xee, 0x8c, 0xe6, 0xef, 0xe7, 0x93, 0xd7, 0xf7, 0xc7, 0xf9, 
  0xc7, 0xf8, 0xd7, 0xf7, 0xe7, 0x93, 0xe6, 0xef, 0xee, 0x8c, 0xfe, 0x8c, 0xfe, 0xac, 0xfe, 0x8c, 0xfe, 0x6b, 0xfe, 0x6a, 0xfe, 0x69, 0xfe, 0x6a, 0xfe, 0x6b, 0xee, 0x8d, 0xe7, 0x10, 0xdf, 0x94, 0xcf, 0xf7, 0xc7, 0xf8, 0xc7, 0xf8, 0xd7, 0xf6, 0xef, 0x30, 0xf6, 0xac, 0xfe, 0xac, 0xfe, 0x8a, 0xfe, 0x8a, 0xfe, 0x6a, 0xfe, 0x8b, 0xfe, 0x8b, 0xfe, 0x8b, 0xfe, 0x8b, 0xfe, 0x8b, 0xfe, 0x8a, 0xfe, 0x8b, 0xfe, 0x8b, 0xfe, 0x8b, 0xfe, 0x8b, 0xfe, 0x8b, 0xfe, 0x8b, 0xfe, 0x8b, 0xfe, 0x8b, 0xfe, 0x8b, 0xfe, 0x8b, 0xfe, 0x8b, 0xfe, 0x8b, 0xfe, 0x8b, 0xfe, 0x8b, 0xfe, 0x8b, 0xfe, 0x8b, 0xfe, 0x8b, 0xfe, 0x8b, 0xfe, 0x8b, 0xfe, 0x6a, 0xfe, 0x6b, 0xfe, 0x6b, 0xfe, 0x6a, 0xfe, 0x8b, 0xfe, 0x6b, 0xfe, 0xac, 0xf6, 0x8b, 0xef, 0x0f, 0xdf, 0xd5, 0xc7, 0xf8, 0xc7, 0xf9, 0xcf, 0xf8, 0xdf, 0x94, 0xde, 0xf0, 0xee, 0x8c, 0xfe, 0x8a, 0xfe, 0x89, 0xfe, 0x69, 0xfe, 0x6a, 0xfe, 0x8b, 0xfe, 0x8c, 0xfe, 0x8c, 0xfe, 0x8b, 0xee, 0x8c, 0xee, 0xef, 0xe7, 0x73, 0xd7, 0xf7, 0xc7, 0xf9, 
  0xc7, 0xf9, 0xcf, 0xf8, 0xdf, 0xb4, 0xdf, 0x31, 0xe6, 0xce, 0xee, 0xae, 0xee, 0xae, 0xee, 0x8d, 0xf6, 0x8d, 0xf6, 0x6c, 0xfe, 0x6b, 0xf6, 0x8c, 0xee, 0x8d, 0xe6, 0xcf, 0xdf, 0x32, 0xd7, 0xb5, 0xcf, 0xf7, 0xc7, 0xf8, 0xc7, 0xf8, 0xd7, 0xf6, 0xef, 0x51, 0xee, 0xac, 0xfe, 0xab, 0xfe, 0x8a, 0xfe, 0x8a, 0xfe, 0x6a, 0xfe, 0x8b, 0xfe, 0x8b, 0xfe, 0x8b, 0xfe, 0x8b, 0xfe, 0x8b, 0xfe, 0x8b, 0xfe, 0x8b, 0xfe, 0x8b, 0xfe, 0x8b, 0xfe, 0x8b, 0xfe, 0x8b, 0xfe, 0x8b, 0xfe, 0x8b, 0xfe, 0x8b, 0xfe, 0x8b, 0xfe, 0x8b, 0xfe, 0x8b, 0xfe, 0x8b, 0xfe, 0x8b, 0xfe, 0x8b, 0xfe, 0x8b, 0xfe, 0x8b, 0xfe, 0x8b, 0xfe, 0x8b, 0xfe, 0x8b, 0xfe, 0x6a, 0xfe, 0x6b, 0xfe, 0x6b, 0xfe, 0x6a, 0xfe, 0x8b, 0xfe, 0x8b, 0xfe, 0xac, 0xf6, 0x8c, 0xef, 0x30, 0xdf, 0xf6, 0xc7, 0xf8, 0xc7, 0xf9, 0xcf, 0xf8, 0xd7, 0xb5, 0xdf, 0x32, 0xe6, 0xcf, 0xee, 0xad, 0xfe, 0xac, 0xfe, 0x8b, 0xf6, 0x8c, 0xf6, 0x8d, 0xee, 0xad, 0xee, 0xae, 0xee, 0xad, 0xe6, 0xcf, 0xe7, 0x31, 0xdf, 0xb5, 0xcf, 0xf8, 0xc7, 0xf9, 
  0xc7, 0xf9, 0xc7, 0xf8, 0xcf, 0xf7, 0xd7, 0xb5, 0xdf, 0x73, 0xdf, 0x73, 0xdf, 0x53, 0xdf, 0x53, 0xe7, 0x73, 0xe7, 0x52, 0xe7, 0x52, 0xe7, 0x53, 0xdf, 0x73, 0xd7, 0x74, 0xd7, 0xb6, 0xcf, 0xf8, 0xc7, 0xf8, 0xc7, 0xf8, 0xc7, 0xf8, 0xd7, 0xf7, 0xe7, 0x72, 0xee, 0xcd, 0xf6, 0x8b, 0xfe, 0x8b, 0xfe, 0x6a, 0xfe, 0x6a, 0xfe, 0x8b, 0xfe, 0x8b, 0xfe, 0x8b, 0xfe, 0x8b, 0xfe, 0x6b, 0xfe, 0x8b, 0xfe, 0x8b, 0xfe, 0x8b, 0xfe, 0x8b, 0xfe, 0x8b, 0xfe, 0x8b, 0xfe, 0x8b, 0xfe, 0x8b, 0xfe, 0x8b, 0xfe, 0x8b, 0xfe, 0x8b, 0xfe, 0x8b, 0xfe, 0x8b, 0xfe, 0x8b, 0xfe, 0x8b, 0xfe, 0x8b, 0xfe, 0x8b, 0xfe, 0x8b, 0xfe, 0x8b, 0xfe, 0x8b, 0xfe, 0x6a, 0xfe, 0x6b, 0xfe, 0x6b, 0xfe, 0x6a, 0xfe, 0x8b, 0xfe, 0x8b, 0xfe, 0xac, 0xee, 0xad, 0xef, 0x51, 0xdf, 0xf6, 0xcf, 0xf8, 0xc7, 0xf8, 0xc7, 0xf8, 0xcf, 0xf8, 0xcf, 0xd6, 0xd7, 0x94, 0xdf, 0x73, 0xe7, 0x73, 0xe7, 0x52, 0xe7, 0x52, 0xe7, 0x53, 0xdf, 0x53, 0xdf, 0x53, 0xdf, 0x53, 0xd7, 0x73, 0xd7, 0xb5, 0xd7, 0xf7, 0xcf, 0xf8, 0xc7, 0xf9, 
  0xc7, 0xf8, 0xc7, 0xf8, 0xc7, 0xf8, 0xcf, 0xf8, 0xd7, 0xf7, 0xd7, 0xf7, 0xd7, 0xf7, 0xdf, 0xf7, 0xd7, 0xf6, 0xd7, 0xd6, 0xd7, 0xd7, 0xd7, 0xf7, 0xcf, 0xf7, 0xcf, 0xf8, 0xc7, 0xf8, 0xc7, 0xf8, 0xc7, 0xf8, 0xc7, 0xf8, 0xc7, 0xf8, 0xd7, 0xf7, 0xe7, 0x93, 0xe6, 0xee, 0xf6, 0x8c, 0xfe, 0x8b, 0xfe, 0x6b, 0xfe, 0x6b, 0xfe, 0x8b, 0xfe, 0x8b, 0xfe, 0x8b, 0xfe, 0x8b, 0xfe, 0x6b, 0xfe, 0x6b, 0xfe, 0x8b, 0xfe, 0x8b, 0xfe, 0x8b, 0xfe, 0x8b, 0xfe, 0x8b, 0xfe, 0x8b, 0xfe, 0x8b, 0xfe, 0x8b, 0xfe, 0x8b, 0xfe, 0x8b, 0xfe, 0x8b, 0xfe, 0x8b, 0xfe, 0x8b, 0xfe, 0x8b, 0xfe, 0x8b, 0xfe, 0x8b, 0xfe, 0x8b, 0xfe, 0x8b, 0xfe, 0x8a, 0xfe, 0x8a, 0xfe, 0x8b, 0xfe, 0x8b, 0xfe, 0x8a, 0xfe, 0x8b, 0xfe, 0x8b, 0xf6, 0x8c, 0xe6, 0xce, 0xe7, 0x72, 0xdf, 0xf7, 0xcf, 0xf8, 0xc7, 0xf8, 0xc7, 0xf8, 0xc7, 0xf8, 0xc7, 0xf8, 0xcf, 0xf7, 0xcf, 0xd7, 0xd7, 0xd7, 0xd7, 0xf7, 0xd7, 0xf6, 0xd7, 0xd6, 0xd7, 0xd6, 0xd7, 0xf7, 0xd7, 0xf7, 0xcf, 0xf7, 0xcf, 0xf7, 0xcf, 0xf8, 0xc7, 0xf8, 0xbf, 0xf8, 
  0xc7, 0xf8, 0xc7, 0xf7, 0xc7, 0xf8, 0xc7, 0xf8, 0xc7, 0xf8, 0xc7, 0xf8, 0xc7, 0xf7, 0xcf, 0xf8, 0xc7, 0xf7, 0xc7, 0xf7, 0xc7, 0xf8, 0xc7, 0xf8, 0xc7, 0xf9, 0xc7, 0xf8, 0xc7, 0xf8, 0xc7, 0xf8, 0xc7, 0xf8, 0xc7, 0xf8, 0xc7, 0xf8, 0xcf, 0xf7, 0xdf, 0xd4, 0xe7, 0x10, 0xee, 0x8c, 0xfe, 0x8b, 0xfe, 0x6b, 0xfe, 0x6b, 0xfe, 0x8b, 0xfe, 0x8b, 0xfe, 0x8a, 0xfe, 0x8a, 0xfe, 0x6b, 0xfe, 0x6b, 0xfe, 0x8b, 0xfe, 0x8b, 0xfe, 0x8b, 0xfe, 0x8b, 0xfe, 0x8b, 0xfe, 0x8b, 0xfe, 0x8b, 0xfe, 0x8b, 0xfe, 0x8b, 0xfe, 0x8b, 0xfe, 0x8b, 0xfe, 0x8b, 0xfe, 0x8b, 0xfe, 0x8b, 0xfe, 0x8b, 0xfe, 0x8b, 0xfe, 0x8b, 0xfe, 0x8b, 0xfe, 0x8a, 0xfe, 0x8a, 0xfe, 0x8b, 0xfe, 0x8b, 0xfe, 0x8b, 0xfe, 0x8b, 0xfe, 0x8b, 0xee, 0x8c, 0xe6, 0xf0, 0xdf, 0x94, 0xd7, 0xf7, 0xc7, 0xf8, 0xc7, 0xf8, 0xc7, 0xf8, 0xc7, 0xf8, 0xc7, 0xf8, 0xc7, 0xf8, 0xc7, 0xf8, 0xc7, 0xf8, 0xc7, 0xf8, 0xc7, 0xf8, 0xc7, 0xf7, 0xcf, 0xf8, 0xcf, 0xf8, 0xcf, 0xf8, 0xc7, 0xf8, 0xc7, 0xf8, 0xcf, 0xf8, 0xc7, 0xf8, 0xc7, 0xf7, 
  0xcf, 0xf8, 0xc7, 0xf8, 0xc7, 0xf8, 0xc7, 0xf8, 0xc7, 0xf8, 0xc7, 0xf8, 0xc7, 0xf8, 0xc7, 0xf8, 0xc7, 0xf8, 0xc7, 0xf8, 0xc7, 0xf8, 0xc7, 0xf8, 0xc7, 0xf8, 0xc7, 0xf9, 0xc7, 0xf8, 0xc7, 0xf8, 0xc7, 0xf8, 0xc7, 0xf8, 0xc7, 0xf8, 0xcf, 0xf7, 0xd7, 0xf6, 0xdf, 0x52, 0xee, 0x8c, 0xfe, 0x8b, 0xfe, 0x6b, 0xfe, 0x6b, 0xfe, 0x8b, 0xfe, 0x8a, 0xfe, 0x8a, 0xfe, 0x8a, 0xfe, 0x6b, 0xfe, 0x6b, 0xfe, 0x8b, 0xfe, 0x8b, 0xfe, 0x8b, 0xfe, 0x8b, 0xfe, 0x8b, 0xfe, 0x8b, 0xfe, 0x8b, 0xfe, 0x8b, 0xfe, 0x8b, 0xfe, 0x8b, 0xfe, 0x8b, 0xfe, 0x8b, 0xfe, 0x8b, 0xfe, 0x8b, 0xfe, 0x8b, 0xfe, 0x8b, 0xfe, 0x8b, 0xfe, 0x8a, 0xfe, 0x8a, 0xfe, 0x8a, 0xfe, 0x8b, 0xfe, 0x8b, 0xfe, 0x8b, 0xfe, 0x8b, 0xfe, 0x8b, 0xee, 0x8c, 0xdf, 0x31, 0xd7, 0xb5, 0xcf, 0xf7, 0xc7, 0xf8, 0xc7, 0xf8, 0xc7, 0xf8, 0xc7, 0xf8, 0xc7, 0xf8, 0xc7, 0xf8, 0xc7, 0xf8, 0xc7, 0xf9, 0xc7, 0xf9, 0xc7, 0xf8, 0xc7, 0xf8, 0xc7, 0xf8, 0xc7, 0xf8, 0xc7, 0xf8, 0xc7, 0xf8, 0xc7, 0xf8, 0xc7, 0xf8, 0xcf, 0xf8, 0xc7, 0xf8, 
  0xc7, 0xf8, 0xc7, 0xf8, 0xc7, 0xf8, 0xc7, 0xf8, 0xc7, 0xf8, 0xc7, 0xf8, 0xc7, 0xf8, 0xc7, 0xf8, 0xc7, 0xf8, 0xc7, 0xf8, 0xc7, 0xf8, 0xc7, 0xf7, 0xc7, 0xf7, 0xc7, 0xf7, 0xc7, 0xf8, 0xc7, 0xf8, 0xc7, 0xf8, 0xcf, 0xf8, 0xc7, 0xf8, 0xc7, 0xf7, 0xd7, 0xf7, 0xdf, 0x93, 0xee, 0xad, 0xfe, 0x8b, 0xfe, 0x6b, 0xfe, 0x6b, 0xfe, 0x8b, 0xfe, 0x8a, 0xfe, 0x8a, 0xfe, 0x8a, 0xfe, 0x6b, 0xfe, 0x6b, 0xfe, 0x8b, 0xfe, 0x8b, 0xfe, 0x8b, 0xfe, 0x8b, 0xfe, 0x8b, 0xfe, 0x8b, 0xfe, 0x8b, 0xfe, 0x8b, 0xfe, 0x8b, 0xfe, 0x8b, 0xfe, 0x8b, 0xfe, 0x8b, 0xfe, 0x8b, 0xfe, 0x8b, 0xfe, 0x8b, 0xfe, 0x8b, 0xfe, 0x8b, 0xfe, 0x8a, 0xfe, 0x8a, 0xfe, 0x8a, 0xfe, 0x8b, 0xfe, 0x8b, 0xfe, 0x8b, 0xfe, 0x8b, 0xfe, 0x8b, 0xee, 0x8c, 0xdf, 0x73, 0xd7, 0xd7, 0xcf, 0xf7, 0xcf, 0xf8, 0xc7, 0xf8, 0xc7, 0xf8, 0xc7, 0xf8, 0xc7, 0xf8, 0xc7, 0xf7, 0xc7, 0xf7, 0xc7, 0xf8, 0xc7, 0xf8, 0xc7, 0xf8, 0xc7, 0xf8, 0xc7, 0xf9, 0xc7, 0xf8, 0xc7, 0xf8, 0xc7, 0xf8, 0xc7, 0xf8, 0xc7, 0xf8, 0xc7, 0xf8, 0xc7, 0xf8, 
  0xbf, 0xf8, 0xc7, 0xf8, 0xc7, 0xf8, 0xc7, 0xf8, 0xc7, 0xf8, 0xc7, 0xf8, 0xc7, 0xf8, 0xc7, 0xf8, 0xc7, 0xf8, 0xc7, 0xf8, 0xc7, 0xf8, 0xc7, 0xf8, 0xcf, 0xf8, 0xcf, 0xf8, 0xc7, 0xf8, 0xc7, 0xf8, 0xc7, 0xf8, 0xcf, 0xf8, 0xc7, 0xf8, 0xc7, 0xf7, 0xcf, 0xf7, 0xdf, 0xb5, 0xe6, 0xae, 0xfe, 0x8c, 0xfe, 0x8b, 0xfe, 0x8b, 0xfe, 0x8a, 0xfe, 0x8a, 0xfe, 0x8a, 0xfe, 0x8a, 0xfe, 0x6b, 0xfe, 0x6b, 0xfe, 0x6b, 0xfe, 0x8b, 0xfe, 0x8b, 0xfe, 0x8b, 0xfe, 0x8b, 0xfe, 0x8b, 0xfe, 0x8b, 0xfe, 0x8b, 0xfe, 0x8b, 0xfe, 0x8b, 0xfe, 0x8b, 0xfe, 0x8b, 0xfe, 0x8b, 0xfe, 0x8b, 0xfe, 0x8b, 0xfe, 0x8b, 0xfe, 0x8b, 0xfe, 0x8b, 0xfe, 0x8b, 0xfe, 0x8a, 0xfe, 0x8b, 0xfe, 0x8b, 0xfe, 0x8b, 0xfe, 0x8b, 0xfe, 0xab, 0xee, 0xad, 0xdf, 0x94, 0xd7, 0xf8, 0xc7, 0xf8, 0xc7, 0xf8, 0xc7, 0xf8, 0xc7, 0xf8, 0xcf, 0xf8, 0xc7, 0xf8, 0xc7, 0xf7, 0xcf, 0xf7, 0xcf, 0xf8, 0xc7, 0xf8, 0xc7, 0xf8, 0xc7, 0xf8, 0xc7, 0xf8, 0xc7, 0xf8, 0xc7, 0xf8, 0xcf, 0xf8, 0xcf, 0xf8, 0xc7, 0xf8, 0xc7, 0xf8, 0xc7, 0xf9, 
  0xbf, 0xf8, 0xbf, 0xf8, 0xc7, 0xf8, 0xc7, 0xf8, 0xcf, 0xf8, 0xcf, 0xf8, 0xcf, 0xf8, 0xc7, 0xf8, 0xc7, 0xf8, 0xc7, 0xf8, 0xc7, 0xf8, 0xc7, 0xf8, 0xc7, 0xf8, 0xc7, 0xf8, 0xc7, 0xf8, 0xc7, 0xf8, 0xc7, 0xf8, 0xc7, 0xf8, 0xc7, 0xf8, 0xc7, 0xf8, 0xcf, 0xf8, 0xd7, 0xd6, 0xe7, 0x51, 0xee, 0xad, 0xf6, 0x6b, 0xfe, 0x8a, 0xfe, 0x8a, 0xfe, 0x6a, 0xfe, 0x6a, 0xfe, 0x8b, 0xfe, 0x6b, 0xfe, 0x6b, 0xfe, 0x6b, 0xfe, 0x6b, 0xfe, 0x6b, 0xfe, 0x6b, 0xfe, 0x8b, 0xfe, 0x8b, 0xfe, 0x8b, 0xfe, 0x8a, 0xfe, 0x8a, 0xfe, 0x8b, 0xfe, 0x8b, 0xfe, 0x8b, 0xfe, 0x6b, 0xfe, 0x6b, 0xfe, 0x6b, 0xfe, 0x6b, 0xfe, 0x4b, 0xfe, 0x6b, 0xfe, 0x8b, 0xfe, 0x8b, 0xfe, 0x8a, 0xfe, 0x8a, 0xfe, 0xab, 0xf6, 0xab, 0xee, 0x8b, 0xef, 0x30, 0xdf, 0xb5, 0xcf, 0xf8, 0xc7, 0xf9, 0xbf, 0xf9, 0xc7, 0xf9, 0xc7, 0xf8, 0xc7, 0xf8, 0xc7, 0xf8, 0xc7, 0xf8, 0xc7, 0xf8, 0xc7, 0xf8, 0xc7, 0xf8, 0xc7, 0xf8, 0xc7, 0xf8, 0xc7, 0xf8, 0xc7, 0xf8, 0xcf, 0xf8, 0xcf, 0xf8, 0xcf, 0xf8, 0xc7, 0xf8, 0xbf, 0xf8, 0xbf, 0xf9, 
  0xbf, 0xf8, 0xbf, 0xf8, 0xc7, 0xf8, 0xc7, 0xf8, 0xc7, 0xf8, 0xcf, 0xf8, 0xcf, 0xf8, 0xcf, 0xf8, 0xc7, 0xf8, 0xc7, 0xf8, 0xc7, 0xf8, 0xc7, 0xf8, 0xc7, 0xf8, 0xc7, 0xf8, 0xc7, 0xf8, 0xc7, 0xf8, 0xc7, 0xf8, 0xc7, 0xf8, 0xc7, 0xf8, 0xc7, 0xf8, 0xcf, 0xf8, 0xd7, 0xf7, 0xdf, 0x94, 0xe7, 0x10, 0xf6, 0x8c, 0xfe, 0x8b, 0xfe, 0x6a, 0xfe, 0x6a, 0xfe, 0x6a, 0xfe, 0x6b, 0xfe, 0x8b, 0xfe, 0x6b, 0xfe, 0x6b, 0xfe, 0x6b, 0xfe, 0x8b, 0xfe, 0x8b, 0xfe, 0x8b, 0xfe, 0x8b, 0xfe, 0x8b, 0xfe, 0x8b, 0xfe, 0x8b, 0xfe, 0x8b, 0xfe, 0x8b, 0xfe, 0x8b, 0xfe, 0x8b, 0xfe, 0x8b, 0xfe, 0x6b, 0xfe, 0x6b, 0xfe, 0x6c, 0xfe, 0x6c, 0xfe, 0x8b, 0xfe, 0x8a, 0xfe, 0x8a, 0xfe, 0x8a, 0xfe, 0xab, 0xee, 0xac, 0xee, 0xee, 0xe7, 0x72, 0xd7, 0xd7, 0xcf, 0xf8, 0xc7, 0xf9, 0xbf, 0xf9, 0xc7, 0xf8, 0xc7, 0xf8, 0xc7, 0xf8, 0xc7, 0xf8, 0xc7, 0xf8, 0xc7, 0xf8, 0xc7, 0xf8, 0xc7, 0xf8, 0xbf, 0xf8, 0xbf, 0xf8, 0xc7, 0xf8, 0xc7, 0xf8, 0xcf, 0xf8, 0xcf, 0xf8, 0xcf, 0xf8, 0xc7, 0xf8, 0xbf, 0xf8, 0xbf, 0xf8, 
  0xc7, 0xf8, 0xc7, 0xf8, 0xc7, 0xf8, 0xc7, 0xf8, 0xc7, 0xf8, 0xc7, 0xf8, 0xc7, 0xf8, 0xc7, 0xf8, 0xc7, 0xf8, 0xc7, 0xf8, 0xc7, 0xf8, 0xc7, 0xf8, 0xc7, 0xf8, 0xc7, 0xf8, 0xc7, 0xf8, 0xc7, 0xf8, 0xbf, 0xf8, 0xc7, 0xf8, 0xc7, 0xf7, 0xcf, 0xf7, 0xc7, 0xf8, 0xcf, 0xf8, 0xd7, 0xd7, 0xdf, 0x73, 0xee, 0xce, 0xfe, 0x8c, 0xfe, 0x6b, 0xfe, 0x8b, 0xfe, 0x8b, 0xfe, 0x8b, 0xfe, 0x8b, 0xfe, 0x8b, 0xfe, 0x8a, 0xfe, 0x8a, 0xfe, 0x8a, 0xfe, 0x8a, 0xfe, 0x8b, 0xfe, 0x8b, 0xfe, 0x8b, 0xfe, 0x8b, 0xfe, 0x8b, 0xfe, 0x8b, 0xfe, 0x8b, 0xfe, 0x8b, 0xfe, 0x8a, 0xfe, 0x8a, 0xfe, 0x8a, 0xfe, 0x8a, 0xfe, 0xab, 0xfe, 0x8b, 0xfe, 0x6b, 0xfe, 0x8a, 0xfe, 0x89, 0xfe, 0x89, 0xfe, 0x8b, 0xee, 0xad, 0xe7, 0x52, 0xdf, 0xb6, 0xcf, 0xf8, 0xc7, 0xf9, 0xc7, 0xf8, 0xc7, 0xf8, 0xc7, 0xf7, 0xc7, 0xf7, 0xc7, 0xf7, 0xc7, 0xf8, 0xcf, 0xf8, 0xcf, 0xf8, 0xc7, 0xf8, 0xc7, 0xf8, 0xc7, 0xf8, 0xbf, 0xf8, 0xc7, 0xf8, 0xc7, 0xf8, 0xcf, 0xf8, 0xcf, 0xf8, 0xcf, 0xf8, 0xc7, 0xf8, 0xbf, 0xf8, 0xbf, 0xf8, 
  0xc7, 0xf8, 0xc7, 0xf8, 0xc7, 0xf8, 0xc7, 0xf8, 0xc7, 0xf8, 0xc7, 0xf8, 0xc7, 0xf8, 0xc7, 0xf8, 0xc7, 0xf8, 0xc7, 0xf8, 0xc7, 0xf8, 0xc7, 0xf8, 0xc7, 0xf8, 0xc7, 0xf8, 0xcf, 0xf8, 0xc7, 0xf8, 0xbf, 0xf8, 0xc7, 0xf8, 0xcf, 0xf7, 0xcf, 0xf7, 0xc7, 0xf8, 0xcf, 0xf9, 0xcf, 0xf8, 0xdf, 0xb6, 0xe7, 0x11, 0xee, 0xad, 0xf6, 0x8b, 0xfe, 0x8b, 0xfe, 0xac, 0xfe, 0x8b, 0xfe, 0x6b, 0xfe, 0x6a, 0xfe, 0x8a, 0xfe, 0x8a, 0xfe, 0x8a, 0xfe, 0x8a, 0xfe, 0x8b, 0xfe, 0x8b, 0xfe, 0x8b, 0xfe, 0x8b, 0xfe, 0x8b, 0xfe, 0x8b, 0xfe, 0x8b, 0xfe, 0x8b, 0xfe, 0x8a, 0xfe, 0x8a, 0xfe, 0x8a, 0xfe, 0x8a, 0xfe, 0xab, 0xfe, 0x8b, 0xfe, 0x8a, 0xfe, 0x8a, 0xfe, 0x8a, 0xfe, 0x8a, 0xf6, 0xac, 0xe6, 0xef, 0xdf, 0xb5, 0xcf, 0xf8, 0xc7, 0xf9, 0xc7, 0xf8, 0xc7, 0xf8, 0xc7, 0xf7, 0xcf, 0xf7, 0xc7, 0xf7, 0xc7, 0xf7, 0xcf, 0xf8, 0xcf, 0xf8, 0xcf, 0xf8, 0xc7, 0xf8, 0xc7, 0xf8, 0xc7, 0xf8, 0xbf, 0xf8, 0xbf, 0xf8, 0xc7, 0xf8, 0xc7, 0xf8, 0xcf, 0xf8, 0xcf, 0xf8, 0xc7, 0xf8, 0xc7, 0xf8, 0xbf, 0xf8, 
  0xcf, 0xf8, 0xc7, 0xf8, 0xc7, 0xf8, 0xc7, 0xf8, 0xc7, 0xf8, 0xc7, 0xf8, 0xc7, 0xf8, 0xc7, 0xf8, 0xc7, 0xf8, 0xc7, 0xf8, 0xc7, 0xf8, 0xc7, 0xf8, 0xcf, 0xf8, 0xcf, 0xf8, 0xcf, 0xf8, 0xc7, 0xf8, 0xc7, 0xf8, 0xc7, 0xf8, 0xc7, 0xf8, 0xcf, 0xf7, 0xcf, 0xf8, 0xcf, 0xf8, 0xcf, 0xf8, 0xd7, 0xd7, 0xdf, 0x94, 0xe7, 0x10, 0xee, 0xac, 0xf6, 0x8b, 0xfe, 0x8c, 0xfe, 0x8b, 0xfe, 0x6a, 0xfe, 0x6a, 0xfe, 0x8a, 0xfe, 0x8a, 0xfe, 0x8a, 0xfe, 0x8b, 0xfe, 0x8b, 0xfe, 0x8b, 0xfe, 0x8b, 0xfe, 0x8b, 0xfe, 0x8b, 0xfe, 0x8b, 0xfe, 0x8b, 0xfe, 0x8b, 0xfe, 0x8b, 0xfe, 0x8a, 0xfe, 0x8a, 0xfe, 0x8a, 0xfe, 0x8a, 0xfe, 0x8a, 0xfe, 0x89, 0xfe, 0x8a, 0xfe, 0x8b, 0xee, 0xad, 0xe7, 0x10, 0xdf, 0x93, 0xcf, 0xf7, 0xc7, 0xf9, 0xc7, 0xf8, 0xc7, 0xf8, 0xc7, 0xf8, 0xc7, 0xf8, 0xcf, 0xf8, 0xcf, 0xf8, 0xcf, 0xf8, 0xc7, 0xf8, 0xcf, 0xf8, 0xcf, 0xf8, 0xcf, 0xf7, 0xc7, 0xf7, 0xc7, 0xf7, 0xbf, 0xf8, 0xbf, 0xf8, 0xc7, 0xf8, 0xc7, 0xf8, 0xc7, 0xf8, 0xc7, 0xf8, 0xc7, 0xf8, 0xc7, 0xf8, 0xc7, 0xf8, 
  0xcf, 0xf8, 0xcf, 0xf8, 0xc7, 0xf8, 0xc7, 0xf8, 0xc7, 0xf8, 0xbf, 0xf8, 0xbf, 0xf8, 0xc7, 0xf8, 0xc7, 0xf8, 0xc7, 0xf8, 0xc7, 0xf8, 0xcf, 0xf8, 0xcf, 0xf8, 0xcf, 0xf8, 0xcf, 0xf8, 0xc7, 0xf8, 0xc7, 0xf8, 0xc7, 0xf8, 0xc7, 0xf8, 0xc7, 0xf8, 0xc7, 0xf8, 0xc7, 0xf8, 0xc7, 0xf8, 0xcf, 0xf7, 0xdf, 0xf6, 0xdf, 0x93, 0xe7, 0x0f, 0xee, 0xad, 0xf6, 0x8c, 0xfe, 0x8b, 0xfe, 0x6a, 0xfe, 0x8a, 0xfe, 0x8a, 0xfe, 0x8b, 0xfe, 0x8b, 0xfe, 0x8b, 0xfe, 0x8b, 0xfe, 0x8b, 0xfe, 0x8b, 0xfe, 0x6b, 0xfe, 0x6b, 0xfe, 0x8b, 0xfe, 0x8b, 0xfe, 0x8b, 0xfe, 0x8b, 0xfe, 0x8b, 0xfe, 0x8b, 0xfe, 0x8a, 0xfe, 0x8a, 0xfe, 0x8a, 0xfe, 0x89, 0xfe, 0x8a, 0xee, 0xad, 0xe6, 0xf0, 0xdf, 0x93, 0xd7, 0xf7, 0xc7, 0xf8, 0xc7, 0xf8, 0xcf, 0xf7, 0xcf, 0xf7, 0xc7, 0xf8, 0xc7, 0xf9, 0xcf, 0xf8, 0xcf, 0xf8, 0xc7, 0xf8, 0xc7, 0xf8, 0xc7, 0xf8, 0xcf, 0xf8, 0xc7, 0xf7, 0xc7, 0xf7, 0xc7, 0xf7, 0xc7, 0xf8, 0xbf, 0xf8, 0xc7, 0xf8, 0xc7, 0xf8, 0xc7, 0xf9, 0xc7, 0xf8, 0xc7, 0xf8, 0xc7, 0xf8, 0xc7, 0xf8, 
  0xcf, 0xf8, 0xcf, 0xf8, 0xc7, 0xf8, 0xc7, 0xf8, 0xc7, 0xf8, 0xbf, 0xf8, 0xc7, 0xf8, 0xc7, 0xf8, 0xc7, 0xf8, 0xc7, 0xf8, 0xcf, 0xf8, 0xcf, 0xf8, 0xc7, 0xf8, 0xc7, 0xf8, 0xc7, 0xf8, 0xc7, 0xf8, 0xc7, 0xf9, 0xc7, 0xf9, 0xc7, 0xf8, 0xc7, 0xf8, 0xc7, 0xf8, 0xc7, 0xf8, 0xc7, 0xf7, 0xcf, 0xf7, 0xcf, 0xf6, 0xd7, 0xd5, 0xdf, 0x94, 0xdf, 0x31, 0xee, 0xce, 0xfe, 0x8c, 0xfe, 0x8b, 0xfe, 0x6b, 0xfe, 0x6b, 0xfe, 0x6b, 0xfe, 0x6b, 0xfe, 0x6b, 0xfe, 0x6b, 0xfe, 0x6a, 0xfe, 0x6a, 0xfe, 0x6a, 0xfe, 0x6a, 0xfe, 0x6a, 0xfe, 0x6a, 0xfe, 0x6b, 0xfe, 0x6b, 0xfe, 0x6b, 0xfe, 0x6b, 0xfe, 0x8b, 0xfe, 0x8b, 0xfe, 0x8b, 0xfe, 0x8b, 0xf6, 0xac, 0xe7, 0x10, 0xdf, 0x93, 0xd7, 0xd6, 0xcf, 0xf8, 0xc7, 0xf8, 0xc7, 0xf8, 0xcf, 0xf6, 0xcf, 0xf7, 0xcf, 0xf8, 0xcf, 0xf9, 0xcf, 0xf9, 0xc7, 0xf9, 0xc7, 0xf9, 0xc7, 0xf9, 0xc7, 0xf8, 0xc7, 0xf8, 0xc7, 0xf8, 0xc7, 0xf7, 0xc7, 0xf7, 0xc7, 0xf8, 0xc7, 0xf8, 0xc7, 0xf8, 0xc7, 0xf9, 0xc7, 0xf9, 0xc7, 0xf8, 0xc7, 0xf8, 0xc7, 0xf8, 0xc7, 0xf8, 
  0xcf, 0xf8, 0xcf, 0xf8, 0xc7, 0xf8, 0xc7, 0xf8, 0xc7, 0xf8, 0xc7, 0xf8, 0xc7, 0xf8, 0xc7, 0xf8, 0xc7, 0xf8, 0xc7, 0xf8, 0xcf, 0xf8, 0xc7, 0xf8, 0xc7, 0xf8, 0xc7, 0xf8, 0xc7, 0xf8, 0xc7, 0xf9, 0xc7, 0xfa, 0xc7, 0xf9, 0xcf, 0xf8, 0xcf, 0xf7, 0xcf, 0xf7, 0xc7, 0xf7, 0xc7, 0xf7, 0xc7, 0xf7, 0xc7, 0xf6, 0xcf, 0xf7, 0xd7, 0xf7, 0xd7, 0xb5, 0xdf, 0x11, 0xee, 0xce, 0xf6, 0x8c, 0xfe, 0x6b, 0xfe, 0x6b, 0xfe, 0x6b, 0xfe, 0x6b, 0xfe, 0x6b, 0xfe, 0x6b, 0xfe, 0x6a, 0xfe, 0x6a, 0xfe, 0x6a, 0xfe, 0x6a, 0xfe, 0x6a, 0xfe, 0x6a, 0xfe, 0x6b, 0xfe, 0x6b, 0xfe, 0x6b, 0xfe, 0x6b, 0xfe, 0x8b, 0xfe, 0x8c, 0xf6, 0xac, 0xee, 0xad, 0xe7, 0x10, 0xdf, 0x94, 0xd7, 0xf7, 0xd7, 0xf8, 0xcf, 0xd7, 0xd7, 0xf7, 0xd7, 0xd6, 0xdf, 0xd4, 0xdf, 0xb5, 0xdf, 0xd6, 0xd7, 0xd7, 0xcf, 0xf9, 0xc7, 0xf9, 0xbf, 0xf9, 0xbf, 0xf9, 0xc7, 0xf8, 0xc7, 0xf8, 0xc7, 0xf8, 0xc7, 0xf8, 0xc7, 0xf8, 0xc7, 0xf8, 0xc7, 0xf8, 0xc7, 0xf9, 0xc7, 0xf9, 0xc7, 0xf9, 0xc7, 0xf8, 0xc7, 0xf8, 0xc7, 0xf8, 0xc7, 0xf8, 
  0xc7, 0xf8, 0xc7, 0xf8, 0xc7, 0xf8, 0xc7, 0xf8, 0xc7, 0xf8, 0xc7, 0xf8, 0xc7, 0xf8, 0xc7, 0xf8, 0xc7, 0xf8, 0xcf, 0xf9, 0xcf, 0xf9, 0xc7, 0xf8, 0xc7, 0xf9, 0xc7, 0xf9, 0xc7, 0xf9, 0xbf, 0xf8, 0xbf, 0xf9, 0xc7, 0xf9, 0xcf, 0xf7, 0xd7, 0xf6, 0xdf, 0xf5, 0xd7, 0xf6, 0xcf, 0xf7, 0xc7, 0xf8, 0xc7, 0xf8, 0xc7, 0xf8, 0xc7, 0xf8, 0xcf, 0xf7, 0xd7, 0xd6, 0xdf, 0x74, 0xe6, 0xef, 0xf6, 0x8c, 0xfe, 0x8c, 0xfe, 0x6b, 0xfe, 0x6b, 0xfe, 0x8b, 0xfe, 0x8b, 0xfe, 0x8b, 0xfe, 0x8b, 0xfe, 0x8a, 0xfe, 0x8a, 0xfe, 0x8b, 0xfe, 0x8b, 0xfe, 0x8b, 0xfe, 0x8b, 0xfe, 0x6b, 0xfe, 0x6b, 0xfe, 0x8b, 0xee, 0x6c, 0xee, 0xee, 0xdf, 0x72, 0xd7, 0xd5, 0xcf, 0xd7, 0xcf, 0xf8, 0xcf, 0xf8, 0xd7, 0xf7, 0xe7, 0x94, 0xe7, 0x31, 0xe6, 0xaf, 0xe6, 0xcf, 0xe7, 0x31, 0xdf, 0xb4, 0xcf, 0xf8, 0xbf, 0xf9, 0xbf, 0xf9, 0xbf, 0xf9, 0xbf, 0xf9, 0xc7, 0xf8, 0xc7, 0xf8, 0xc7, 0xf8, 0xc7, 0xf8, 0xc7, 0xf8, 0xc7, 0xf8, 0xc7, 0xf9, 0xc7, 0xf9, 0xc7, 0xf9, 0xc7, 0xf8, 0xc7, 0xf8, 0xc7, 0xf8, 0xc7, 0xf7, 
  0xc7, 0xf8, 0xc7, 0xf8, 0xc7, 0xf8, 0xc7, 0xf8, 0xc7, 0xf8, 0xc7, 0xf8, 0xc7, 0xf8, 0xc7, 0xf8, 0xcf, 0xf9, 0xcf, 0xf9, 0xc7, 0xf9, 0xc7, 0xf9, 0xc7, 0xf9, 0xbf, 0xf8, 0xbf, 0xf8, 0xbf, 0xf8, 0xbf, 0xf8, 0xcf, 0xf7, 0xdf, 0xd4, 0xdf, 0x72, 0xd7, 0x10, 0xd7, 0x52, 0xd7, 0xd6, 0xd7, 0xf8, 0xc7, 0xf8, 0xc7, 0xf8, 0xc7, 0xf8, 0xc7, 0xf9, 0xcf, 0xf8, 0xd7, 0xf7, 0xe7, 0x93, 0xef, 0x50, 0xee, 0xae, 0xf6, 0x8d, 0xee, 0x8c, 0xf6, 0x6c, 0xf6, 0x8c, 0xf6, 0x8b, 0xfe, 0x8b, 0xfe, 0xab, 0xfe, 0x8b, 0xf6, 0x8b, 0xf6, 0x8b, 0xf6, 0x6b, 0xf6, 0x6c, 0xf6, 0x8d, 0xf6, 0xad, 0xee, 0xce, 0xef, 0x30, 0xe7, 0x72, 0xd7, 0xd6, 0xcf, 0xf8, 0xc7, 0xf9, 0xcf, 0xf8, 0xcf, 0xf8, 0xdf, 0xd6, 0xe7, 0x11, 0xee, 0xae, 0xf6, 0x6c, 0xf6, 0x8c, 0xee, 0xce, 0xe7, 0x30, 0xd7, 0xb5, 0xcf, 0xf8, 0xc7, 0xf8, 0xc7, 0xf8, 0xbf, 0xf8, 0xbf, 0xf8, 0xc7, 0xf8, 0xc7, 0xf8, 0xc7, 0xf8, 0xc7, 0xf8, 0xcf, 0xf9, 0xc7, 0xf9, 0xc7, 0xf9, 0xc7, 0xf8, 0xc7, 0xf8, 0xc7, 0xf8, 0xc7, 0xf8, 0xc7, 0xf7, 
  0xc7, 0xf8, 0xc7, 0xf8, 0xc7, 0xf8, 0xc7, 0xf8, 0xc7, 0xf8, 0xc7, 0xf8, 0xcf, 0xf8, 0xcf, 0xf8, 0xcf, 0xf9, 0xc7, 0xf9, 0xc7, 0xf9, 0xc7, 0xf9, 0xc7, 0xf8, 0xbf, 0xf7, 0xc7, 0xf7, 0xcf, 0xf7, 0xd7, 0xf6, 0xdf, 0xb3, 0xe7, 0x2f, 0xee, 0xcc, 0xe6, 0xac, 0xde, 0xcf, 0xdf, 0x53, 0xdf, 0xd7, 0xcf, 0xd8, 0xcf, 0xf9, 0xc7, 0xf9, 0xc7, 0xf9, 0xcf, 0xf8, 0xcf, 0xf7, 0xd7, 0xf6, 0xd7, 0xd5, 0xdf, 0xb4, 0xdf, 0x93, 0xdf, 0x52, 0xdf, 0x10, 0xe6, 0xce, 0xee, 0xad, 0xf6, 0xac, 0xf6, 0x8c, 0xf6, 0xac, 0xf6, 0xac, 0xee, 0xcd, 0xe6, 0xce, 0xdf, 0x10, 0xdf, 0x31, 0xdf, 0x73, 0xdf, 0x94, 0xdf, 0xd6, 0xd7, 0xd7, 0xcf, 0xf8, 0xc7, 0xf8, 0xc7, 0xf8, 0xcf, 0xf7, 0xcf, 0xd6, 0xdf, 0x94, 0xe6, 0xaf, 0xf6, 0x8c, 0xfe, 0x8c, 0xfe, 0x8b, 0xfe, 0x8b, 0xf6, 0x8c, 0xe7, 0x0f, 0xdf, 0x93, 0xd7, 0xf6, 0xcf, 0xf7, 0xc7, 0xf7, 0xc7, 0xf8, 0xc7, 0xf8, 0xc7, 0xf9, 0xc7, 0xf9, 0xc7, 0xd8, 0xcf, 0xf9, 0xcf, 0xf9, 0xc7, 0xf8, 0xc7, 0xf8, 0xc7, 0xf8, 0xc7, 0xf8, 0xc7, 0xf8, 0xc7, 0xf8, 
  0xbf, 0xf8, 0xc7, 0xf8, 0xc7, 0xf8, 0xc7, 0xf8, 0xc7, 0xf8, 0xcf, 0xf8, 0xcf, 0xf8, 0xc7, 0xf8, 0xcf, 0xf9, 0xc7, 0xf9, 0xc7, 0xf9, 0xc7, 0xf9, 0xcf, 0xf8, 0xcf, 0xf7, 0xcf, 0xf6, 0xd7, 0xf5, 0xdf, 0xb3, 0xdf, 0x0f, 0xee, 0xab, 0xfe, 0xaa, 0xf6, 0xcc, 0xee, 0xad, 0xdf, 0x11, 0xdf, 0x95, 0xd7, 0xd8, 0xcf, 0xf9, 0xc7, 0xf9, 0xc7, 0xf8, 0xc7, 0xf7, 0xc7, 0xf7, 0xc7, 0xf7, 0xc7, 0xf7, 0xcf, 0xf7, 0xcf, 0xf6, 0xd7, 0xd5, 0xdf, 0xb4, 0xe7, 0x93, 0xe7, 0x72, 0xef, 0x51, 0xef, 0x30, 0xef, 0x30, 0xef, 0x31, 0xe7, 0x52, 0xe7, 0x93, 0xdf, 0xb4, 0xd7, 0xf5, 0xcf, 0xf6, 0xcf, 0xf7, 0xcf, 0xf8, 0xcf, 0xf8, 0xc7, 0xf8, 0xc7, 0xf8, 0xc7, 0xf7, 0xc7, 0xf7, 0xcf, 0xf6, 0xdf, 0xb4, 0xe6, 0xcf, 0xf6, 0x8c, 0xfe, 0x8b, 0xfe, 0xab, 0xfe, 0x8a, 0xfe, 0x6a, 0xf6, 0xac, 0xef, 0x0f, 0xe7, 0xb3, 0xd7, 0xf6, 0xd7, 0xf7, 0xc7, 0xf7, 0xc7, 0xf8, 0xc7, 0xf8, 0xc7, 0xf9, 0xc7, 0xf9, 0xcf, 0xf9, 0xcf, 0xf8, 0xc7, 0xf8, 0xc7, 0xf8, 0xc7, 0xf8, 0xc7, 0xf8, 0xc7, 0xf8, 0xc7, 0xf8, 
  0xbf, 0xf8, 0xc7, 0xf8, 0xc7, 0xf8, 0xc7, 0xf8, 0xcf, 0xf8, 0xcf, 0xf8, 0xc7, 0xf8, 0xc7, 0xf8, 0xc7, 0xf9, 0xc7, 0xf9, 0xc7, 0xf8, 0xc7, 0xf8, 0xcf, 0xf7, 0xd7, 0xf6, 0xdf, 0xd5, 0xdf, 0x93, 0xe7, 0x0f, 0xee, 0xcc, 0xfe, 0xab, 0xfe, 0xaa, 0xfe, 0xab, 0xee, 0xad, 0xe7, 0x32, 0xdf, 0xd6, 0xcf, 0xd8, 0xcf, 0xf8, 0xcf, 0xf7, 0xcf, 0xf7, 0xcf, 0xf7, 0xc7, 0xf7, 0xc7, 0xf8, 0xc7, 0xf8, 0xc7, 0xf7, 0xc7, 0xf7, 0xcf, 0xf7, 0xcf, 0xf7, 0xd7, 0xf7, 0xd7, 0xf7, 0xd7, 0xf6, 0xd7, 0xd6, 0xd7, 0xd6, 0xd7, 0xd6, 0xd7, 0xf7, 0xd7, 0xf7, 0xcf, 0xf7, 0xcf, 0xf7, 0xc7, 0xf7, 0xc7, 0xf7, 0xc7, 0xf9, 0xc7, 0xf9, 0xc7, 0xf8, 0xc7, 0xf8, 0xc7, 0xf8, 0xc7, 0xf8, 0xc7, 0xf8, 0xd7, 0xf6, 0xdf, 0x30, 0xee, 0xad, 0xf6, 0x6a, 0xfe, 0x6a, 0xfe, 0x8a, 0xfe, 0x6a, 0xfe, 0x6b, 0xf6, 0xad, 0xef, 0x10, 0xe7, 0x93, 0xdf, 0xf5, 0xd7, 0xf6, 0xc7, 0xf7, 0xc7, 0xf8, 0xc7, 0xf9, 0xc7, 0xf9, 0xc7, 0xf8, 0xcf, 0xf8, 0xc7, 0xf8, 0xc7, 0xf8, 0xc7, 0xf8, 0xc7, 0xf8, 0xc7, 0xf8, 0xc7, 0xf8, 
  0xbf, 0xf8, 0xc7, 0xf8, 0xc7, 0xf8, 0xc7, 0xf8, 0xcf, 0xf8, 0xcf, 0xf8, 0xc7, 0xf8, 0xc7, 0xf8, 0xbf, 0xf8, 0xc7, 0xf9, 0xc7, 0xf8, 0xcf, 0xf7, 0xd7, 0xf6, 0xdf, 0xf5, 0xe7, 0x93, 0xe7, 0x30, 0xee, 0x8c, 0xfe, 0xac, 0xfe, 0xab, 0xfe, 0x8a, 0xf6, 0x8c, 0xef, 0x0f, 0xe7, 0xb4, 0xd7, 0xf7, 0xc7, 0xf8, 0xc7, 0xf8, 0xcf, 0xf7, 0xcf, 0xf6, 0xcf, 0xf7, 0xc7, 0xf8, 0xc7, 0xf8, 0xc7, 0xf9, 0xc7, 0xf8, 0xc7, 0xf8, 0xc7, 0xf8, 0xc7, 0xf8, 0xc7, 0xf8, 0xc7, 0xf8, 0xc7, 0xf8, 0xc7, 0xf8, 0xc7, 0xf9, 0xc7, 0xf8, 0xc7, 0xf8, 0xc7, 0xf8, 0xc7, 0xf8, 0xc7, 0xf8, 0xc7, 0xf7, 0xc7, 0xf8, 0xc7, 0xf9, 0xc7, 0xf9, 0xc7, 0xf7, 0xcf, 0xf7, 0xc7, 0xf8, 0xc7, 0xf8, 0xc7, 0xf8, 0xcf, 0xf7, 0xdf, 0xb4, 0xe7, 0x30, 0xf6, 0x8c, 0xfe, 0x6a, 0xfe, 0x8a, 0xfe, 0x8a, 0xfe, 0x8b, 0xfe, 0x8c, 0xee, 0x8d, 0xef, 0x10, 0xe7, 0x93, 0xdf, 0xf5, 0xcf, 0xf7, 0xc7, 0xf8, 0xc7, 0xf8, 0xc7, 0xf9, 0xc7, 0xf8, 0xc7, 0xf8, 0xc7, 0xf8, 0xc7, 0xf8, 0xc7, 0xf8, 0xc7, 0xf8, 0xc7, 0xf9, 0xc7, 0xf9, 
  0xc7, 0xf8, 0xc7, 0xf8, 0xc7, 0xf8, 0xcf, 0xf8, 0xcf, 0xf8, 0xcf, 0xf8, 0xc7, 0xf8, 0xc7, 0xf8, 0xbf, 0xf8, 0xbf, 0xf8, 0xc7, 0xf8, 0xcf, 0xf7, 0xd7, 0xd5, 0xdf, 0x93, 0xe7, 0x31, 0xee, 0xcf, 0xfe, 0x8d, 0xfe, 0x8c, 0xfe, 0x6b, 0xf6, 0x8c, 0xe7, 0x10, 0xdf, 0xb4, 0xcf, 0xf7, 0xbf, 0xf8, 0xc7, 0xf8, 0xc7, 0xf8, 0xc7, 0xf7, 0xcf, 0xf7, 0xc7, 0xf8, 0xc7, 0xf8, 0xc7, 0xf8, 0xc7, 0xf8, 0xc7, 0xf8, 0xc7, 0xf8, 0xc7, 0xf8, 0xc7, 0xf8, 0xc7, 0xf8, 0xc7, 0xf8, 0xc7, 0xf8, 0xc7, 0xf8, 0xc7, 0xf8, 0xc7, 0xf8, 0xc7, 0xf8, 0xc7, 0xf8, 0xc7, 0xf8, 0xc7, 0xf8, 0xc7, 0xf8, 0xc7, 0xf8, 0xbf, 0xf9, 0xbf, 0xf8, 0xc7, 0xf7, 0xcf, 0xf6, 0xcf, 0xf7, 0xc7, 0xf8, 0xc7, 0xf8, 0xc7, 0xf8, 0xd7, 0xf8, 0xdf, 0xb5, 0xef, 0x0f, 0xf6, 0xac, 0xfe, 0x8b, 0xfe, 0x8b, 0xfe, 0xac, 0xfe, 0x8c, 0xf6, 0x6c, 0xee, 0x8d, 0xe7, 0x10, 0xdf, 0xb4, 0xcf, 0xf6, 0xc7, 0xf8, 0xbf, 0xf8, 0xbf, 0xf9, 0xc7, 0xf8, 0xc7, 0xf8, 0xc7, 0xf7, 0xc7, 0xf7, 0xc7, 0xf8, 0xc7, 0xf8, 0xc7, 0xf9, 0xcf, 0xf9, 
  0xc7, 0xf9, 0xc7, 0xf9, 0xc7, 0xf8, 0xcf, 0xf8, 0xcf, 0xf8, 0xc7, 0xf8, 0xc7, 0xf8, 0xbf, 0xf8, 0xbf, 0xf8, 0xbf, 0xf8, 0xc7, 0xf7, 0xd7, 0xf6, 0xdf, 0xb4, 0xe7, 0x31, 0xe6, 0xcf, 0xee, 0x8d, 0xfe, 0xae, 0xf6, 0x6c, 0xee, 0x6c, 0xef, 0x10, 0xe7, 0xb4, 0xd7, 0xf7, 0xbf, 0xf8, 0xb7, 0xf9, 0xbf, 0xf8, 0xc7, 0xf8, 0xc7, 0xf7, 0xc7, 0xf8, 0xc7, 0xf8, 0xc7, 0xf9, 0xcf, 0xf9, 0xcf, 0xf9, 0xc7, 0xf8, 0xc7, 0xf8, 0xc7, 0xf8, 0xc7, 0xf8, 0xc7, 0xf8, 0xc7, 0xf8, 0xcf, 0xf7, 0xcf, 0xf7, 0xcf, 0xf7, 0xcf, 0xf7, 0xc7, 0xf8, 0xc7, 0xf8, 0xc7, 0xf8, 0xc7, 0xf8, 0xc7, 0xf8, 0xc7, 0xf8, 0xbf, 0xf8, 0xbf, 0xf8, 0xc7, 0xf7, 0xcf, 0xf7, 0xcf, 0xf7, 0xcf, 0xf8, 0xc7, 0xf9, 0xc7, 0xf9, 0xc7, 0xf9, 0xcf, 0xf7, 0xe7, 0x93, 0xef, 0x0f, 0xf6, 0xac, 0xfe, 0xac, 0xfe, 0xad, 0xfe, 0x8d, 0xfe, 0x8c, 0xf6, 0x8c, 0xe6, 0xcf, 0xdf, 0x72, 0xd7, 0xf6, 0xc7, 0xf8, 0xbf, 0xf9, 0xbf, 0xf9, 0xc7, 0xf8, 0xc7, 0xf8, 0xc7, 0xf7, 0xc7, 0xf7, 0xc7, 0xf8, 0xc7, 0xf8, 0xc7, 0xf9, 0xcf, 0xf9, 
  0xc7, 0xf9, 0xc7, 0xf9, 0xc7, 0xf8, 0xcf, 0xf8, 0xcf, 0xf7, 0xc7, 0xf7, 0xc7, 0xf8, 0xbf, 0xf8, 0xbf, 0xf8, 0xbf, 0xf8, 0xc7, 0xf7, 0xd7, 0xf6, 0xe7, 0x73, 0xe6, 0xef, 0xee, 0x8d, 0xf6, 0xad, 0xee, 0x8d, 0xe6, 0xae, 0xe7, 0x10, 0xe7, 0x93, 0xdf, 0xf6, 0xcf, 0xf7, 0xbf, 0xf8, 0xbf, 0xf8, 0xc7, 0xf8, 0xc7, 0xf8, 0xcf, 0xf8, 0xcf, 0xf8, 0xcf, 0xf8, 0xc7, 0xf8, 0xc7, 0xf8, 0xc7, 0xf8, 0xc7, 0xf8, 0xc7, 0xf8, 0xc7, 0xf8, 0xc7, 0xf8, 0xc7, 0xf8, 0xcf, 0xf8, 0xd7, 0xd6, 0xdf, 0x94, 0xdf, 0x94, 0xd7, 0xb5, 0xd7, 0xf8, 0xc7, 0xf8, 0xbf, 0xf8, 0xc7, 0xf8, 0xc7, 0xf8, 0xc7, 0xf8, 0xc7, 0xf8, 0xc7, 0xf8, 0xc7, 0xf7, 0xcf, 0xf8, 0xc7, 0xf8, 0xc7, 0xf8, 0xc7, 0xf9, 0xc7, 0xf9, 0xc7, 0xf9, 0xc7, 0xf8, 0xd7, 0xd6, 0xe7, 0x93, 0xef, 0x10, 0xee, 0x8e, 0xf6, 0x6c, 0xfe, 0x8c, 0xfe, 0x8b, 0xf6, 0x8b, 0xe6, 0xce, 0xdf, 0x52, 0xd7, 0xd6, 0xcf, 0xf8, 0xbf, 0xf9, 0xbf, 0xf9, 0xbf, 0xf9, 0xc7, 0xf8, 0xc7, 0xf8, 0xc7, 0xf7, 0xc7, 0xf8, 0xc7, 0xf8, 0xc7, 0xf8, 0xc7, 0xf9, 
  0xc7, 0xf9, 0xc7, 0xf9, 0xc7, 0xf8, 0xcf, 0xf8, 0xc7, 0xf7, 0xc7, 0xf7, 0xc7, 0xf8, 0xbf, 0xf8, 0xbf, 0xf8, 0xbf, 0xf8, 0xcf, 0xf7, 0xd7, 0xf6, 0xe7, 0x73, 0xe6, 0xf0, 0xee, 0x8d, 0xee, 0x8d, 0xe6, 0xce, 0xdf, 0x31, 0xdf, 0x93, 0xd7, 0xf5, 0xcf, 0xf6, 0xc7, 0xf7, 0xbf, 0xf8, 0xbf, 0xf9, 0xc7, 0xf8, 0xc7, 0xf8, 0xcf, 0xf8, 0xcf, 0xf8, 0xcf, 0xf8, 0xc7, 0xf8, 0xc7, 0xf8, 0xc7, 0xf8, 0xc7, 0xf8, 0xc7, 0xf7, 0xc7, 0xf8, 0xc7, 0xf8, 0xc7, 0xf8, 0xcf, 0xd6, 0xdf, 0x52, 0xe7, 0x10, 0xe7, 0x10, 0xdf, 0x32, 0xd7, 0xd6, 0xcf, 0xf8, 0xc7, 0xf8, 0xc7, 0xf8, 0xc7, 0xf8, 0xc7, 0xf8, 0xc7, 0xf8, 0xc7, 0xf8, 0xc7, 0xf8, 0xc7, 0xf8, 0xc7, 0xf8, 0xc7, 0xf8, 0xc7, 0xf9, 0xbf, 0xf9, 0xbf, 0xf9, 0xbf, 0xf8, 0xcf, 0xf7, 0xd7, 0xd6, 0xe7, 0x73, 0xee, 0xf0, 0xee, 0x8e, 0xf6, 0x6c, 0xf6, 0x8b, 0xee, 0x8c, 0xe6, 0xef, 0xdf, 0x73, 0xd7, 0xd6, 0xcf, 0xf8, 0xc7, 0xf9, 0xbf, 0xf9, 0xbf, 0xf9, 0xc7, 0xf9, 0xc7, 0xf8, 0xc7, 0xf8, 0xcf, 0xf7, 0xc7, 0xf8, 0xc7, 0xf8, 0xc7, 0xf8, 
  0xc7, 0xf9, 0xc7, 0xf8, 0xc7, 0xf8, 0xc7, 0xf8, 0xc7, 0xf7, 0xc7, 0xf7, 0xc7, 0xf8, 0xc7, 0xf8, 0xc7, 0xf9, 0xc7, 0xf8, 0xcf, 0xf8, 0xd7, 0xf7, 0xdf, 0xb4, 0xdf, 0x32, 0xe6, 0xef, 0xe6, 0xef, 0xdf, 0x31, 0xdf, 0xb3, 0xdf, 0xf5, 0xd7, 0xf6, 0xc7, 0xf7, 0xc7, 0xf8, 0xc7, 0xf9, 0xc7, 0xf9, 0xc7, 0xf8, 0xcf, 0xf8, 0xcf, 0xf8, 0xcf, 0xf8, 0xcf, 0xf8, 0xc7, 0xf8, 0xc7, 0xf8, 0xc7, 0xf8, 0xc7, 0xf8, 0xc7, 0xf7, 0xc7, 0xf9, 0xc7, 0xf8, 0xc7, 0xf7, 0xd7, 0xb4, 0xe6, 0xef, 0xee, 0x8c, 0xee, 0x8d, 0xe6, 0xaf, 0xd7, 0x94, 0xcf, 0xf8, 0xc7, 0xf8, 0xc7, 0xf9, 0xc7, 0xf8, 0xc7, 0xf8, 0xc7, 0xf8, 0xc7, 0xf8, 0xcf, 0xf8, 0xcf, 0xf8, 0xcf, 0xf8, 0xc7, 0xf8, 0xc7, 0xf8, 0xc7, 0xf9, 0xbf, 0xf8, 0xbf, 0xf8, 0xc7, 0xf7, 0xd7, 0xf7, 0xdf, 0xd5, 0xe7, 0x93, 0xe7, 0x31, 0xe6, 0xcf, 0xe6, 0xce, 0xe6, 0xef, 0xdf, 0x31, 0xdf, 0xb4, 0xd7, 0xf7, 0xcf, 0xf8, 0xc7, 0xf9, 0xc7, 0xf9, 0xc7, 0xf8, 0xc7, 0xf8, 0xc7, 0xf8, 0xc7, 0xf7, 0xc7, 0xf8, 0xc7, 0xf8, 0xc7, 0xf8, 0xc7, 0xf9, 
  0xc7, 0xf8, 0xc7, 0xf8, 0xc7, 0xf8, 0xc7, 0xf8, 0xc7, 0xf8, 0xc7, 0xf8, 0xc7, 0xf8, 0xc7, 0xf8, 0xc7, 0xf9, 0xc7, 0xf8, 0xcf, 0xf8, 0xd7, 0xf8, 0xdf, 0xf6, 0xdf, 0xb4, 0xe7, 0x73, 0xdf, 0x72, 0xdf, 0xb4, 0xd7, 0xf5, 0xd7, 0xf6, 0xcf, 0xf7, 0xc7, 0xf8, 0xc7, 0xf9, 0xc7, 0xf9, 0xc7, 0xf8, 0xc7, 0xf8, 0xcf, 0xf8, 0xcf, 0xf8, 0xcf, 0xf8, 0xcf, 0xf8, 0xc7, 0xf8, 0xc7, 0xf8, 0xc7, 0xf8, 0xcf, 0xf8, 0xc7, 0xf8, 0xc7, 0xf9, 0xc7, 0xf8, 0xc7, 0xf7, 0xd7, 0x93, 0xee, 0xcd, 0xfe, 0x6b, 0xfe, 0x8b, 0xee, 0x8d, 0xd7, 0x73, 0xcf, 0xf7, 0xc7, 0xf8, 0xc7, 0xf9, 0xc7, 0xf8, 0xcf, 0xf8, 0xc7, 0xf8, 0xc7, 0xf8, 0xcf, 0xf8, 0xcf, 0xf8, 0xcf, 0xf8, 0xc7, 0xf8, 0xc7, 0xf8, 0xc7, 0xf8, 0xc7, 0xf8, 0xc7, 0xf8, 0xc7, 0xf8, 0xc7, 0xf7, 0xd7, 0xf6, 0xdf, 0xf5, 0xdf, 0xb4, 0xdf, 0x73, 0xdf, 0x52, 0xdf, 0x73, 0xdf, 0x94, 0xd7, 0xd6, 0xcf, 0xf7, 0xc7, 0xf8, 0xc7, 0xf8, 0xc7, 0xf8, 0xc7, 0xf8, 0xc7, 0xf8, 0xc7, 0xf8, 0xc7, 0xf8, 0xc7, 0xf8, 0xc7, 0xf8, 0xc7, 0xf9, 0xc7, 0xf9, 
  0xc7, 0xf8, 0xc7, 0xf8, 0xc7, 0xf8, 0xc7, 0xf8, 0xc7, 0xf8, 0xc7, 0xf8, 0xc7, 0xf8, 0xc7, 0xf8, 0xc7, 0xf9, 0xc7, 0xf8, 0xc7, 0xf8, 0xcf, 0xf8, 0xd7, 0xf7, 0xd7, 0xf6, 0xd7, 0xf6, 0xd7, 0xf5, 0xd7, 0xf6, 0xcf, 0xf6, 0xc7, 0xf7, 0xc7, 0xf8, 0xc7, 0xf9, 0xc7, 0xf9, 0xc7, 0xf9, 0xc7, 0xf9, 0xcf, 0xf8, 0xcf, 0xf8, 0xcf, 0xf8, 0xcf, 0xf8, 0xc7, 0xf8, 0xc7, 0xf8, 0xc7, 0xf8, 0xc7, 0xf8, 0xcf, 0xf8, 0xc7, 0xf8, 0xc7, 0xf9, 0xc7, 0xf8, 0xcf, 0xf7, 0xdf, 0x93, 0xf6, 0xac, 0xfe, 0x8a, 0xfe, 0x6a, 0xf6, 0x8c, 0xdf, 0x72, 0xcf, 0xf7, 0xcf, 0xf8, 0xc7, 0xf9, 0xc7, 0xf7, 0xcf, 0xf8, 0xc7, 0xf8, 0xc7, 0xf9, 0xc7, 0xf8, 0xc7, 0xf8, 0xc7, 0xf8, 0xc7, 0xf8, 0xc7, 0xf8, 0xc7, 0xf8, 0xc7, 0xf8, 0xc7, 0xf9, 0xc7, 0xf8, 0xc7, 0xf8, 0xc7, 0xf7, 0xcf, 0xf7, 0xd7, 0xf7, 0xcf, 0xd6, 0xd7, 0xf6, 0xd7, 0xd6, 0xd7, 0xd6, 0xcf, 0xf7, 0xcf, 0xf7, 0xc7, 0xf8, 0xc7, 0xf8, 0xc7, 0xf8, 0xc7, 0xf8, 0xc7, 0xf8, 0xc7, 0xf8, 0xc7, 0xf8, 0xc7, 0xf8, 0xc7, 0xf8, 0xc7, 0xf9, 0xc7, 0xf9, 
  0xc7, 0xf7, 0xc7, 0xf8, 0xc7, 0xf8, 0xc7, 0xf8, 0xc7, 0xf8, 0xc7, 0xf8, 0xc7, 0xf8, 0xc7, 0xf9, 0xc7, 0xf9, 0xcf, 0xf8, 0xc7, 0xf8, 0xc7, 0xf8, 0xc7, 0xf7, 0xcf, 0xf7, 0xcf, 0xf7, 0xc7, 0xf7, 0xc7, 0xf7, 0xc7, 0xf7, 0xc7, 0xf8, 0xc7, 0xf8, 0xc7, 0xf9, 0xc7, 0xf9, 0xc7, 0xf9, 0xcf, 0xf9, 0xcf, 0xf8, 0xcf, 0xf8, 0xc7, 0xf8, 0xc7, 0xf8, 0xc7, 0xf8, 0xc7, 0xf8, 0xc7, 0xf8, 0xc7, 0xf8, 0xc7, 0xf7, 0xc7, 0xf8, 0xc7, 0xf8, 0xc7, 0xf8, 0xcf, 0xf7, 0xdf, 0x93, 0xf6, 0xac, 0xfe, 0x69, 0xfe, 0x69, 0xf6, 0x8b, 0xdf, 0x72, 0xd7, 0xf7, 0xcf, 0xf8, 0xcf, 0xf9, 0xc7, 0xf8, 0xc7, 0xf8, 0xc7, 0xf8, 0xc7, 0xf9, 0xc7, 0xf8, 0xc7, 0xf8, 0xc7, 0xf8, 0xc7, 0xf7, 0xc7, 0xf7, 0xc7, 0xf8, 0xc7, 0xf8, 0xc7, 0xf8, 0xc7, 0xf9, 0xc7, 0xf8, 0xc7, 0xf8, 0xc7, 0xf8, 0xc7, 0xf8, 0xc7, 0xf8, 0xcf, 0xf8, 0xcf, 0xf8, 0xc7, 0xf8, 0xc7, 0xf8, 0xc7, 0xf8, 0xc7, 0xf8, 0xcf, 0xf8, 0xcf, 0xf8, 0xc7, 0xf7, 0xc7, 0xf8, 0xc7, 0xf8, 0xc7, 0xf8, 0xc7, 0xf8, 0xc7, 0xf8, 0xc7, 0xf9, 0xc7, 0xf9, 
  0xc7, 0xf7, 0xc7, 0xf7, 0xc7, 0xf8, 0xc7, 0xf8, 0xc7, 0xf8, 0xc7, 0xf9, 0xc7, 0xf9, 0xc7, 0xf9, 0xc7, 0xf8, 0xcf, 0xf8, 0xcf, 0xf8, 0xc7, 0xf8, 0xc7, 0xf8, 0xc7, 0xf8, 0xbf, 0xf8, 0xbf, 0xf8, 0xbf, 0xf8, 0xbf, 0xf8, 0xc7, 0xf9, 0xc7, 0xf9, 0xc7, 0xf9, 0xc7, 0xf9, 0xcf, 0xf9, 0xcf, 0xf9, 0xc7, 0xf8, 0xc7, 0xf8, 0xc7, 0xf8, 0xc7, 0xf8, 0xc7, 0xf8, 0xc7, 0xf8, 0xc7, 0xf8, 0xc7, 0xf8, 0xc7, 0xf8, 0xc7, 0xf8, 0xc7, 0xf8, 0xcf, 0xf8, 0xcf, 0xf7, 0xdf, 0x93, 0xee, 0x8c, 0xfe, 0x6b, 0xfe, 0x6a, 0xf6, 0x8c, 0xdf, 0x72, 0xcf, 0xd6, 0xcf, 0xf8, 0xcf, 0xf9, 0xc7, 0xf8, 0xc7, 0xf8, 0xc7, 0xf8, 0xbf, 0xf8, 0xbf, 0xf8, 0xc7, 0xf8, 0xc7, 0xf7, 0xc7, 0xf7, 0xc7, 0xf7, 0xc7, 0xf8, 0xc7, 0xf8, 0xc7, 0xf8, 0xc7, 0xf9, 0xc7, 0xf9, 0xc7, 0xf9, 0xc7, 0xf8, 0xbf, 0xf8, 0xbf, 0xf8, 0xbf, 0xf9, 0xbf, 0xf9, 0xc7, 0xf8, 0xc7, 0xf8, 0xc7, 0xf8, 0xcf, 0xf8, 0xcf, 0xf7, 0xcf, 0xf7, 0xc7, 0xf7, 0xc7, 0xf8, 0xc7, 0xf8, 0xc7, 0xf8, 0xc7, 0xf8, 0xc7, 0xf8, 0xc7, 0xf8, 0xc7, 0xf8, 
  0xc7, 0xf7, 0xc7, 0xf7, 0xc7, 0xf8, 0xc7, 0xf8, 0xc7, 0xf8, 0xc7, 0xf9, 0xc7, 0xf9, 0xc7, 0xf8, 0xc7, 0xf8, 0xcf, 0xf8, 0xcf, 0xf8, 0xc7, 0xf8, 0xc7, 0xf8, 0xc7, 0xf8, 0xbf, 0xf9, 0xbf, 0xf9, 0xbf, 0xf9, 0xbf, 0xf9, 0xc7, 0xf9, 0xc7, 0xf8, 0xc7, 0xf9, 0xcf, 0xf9, 0xcf, 0xf9, 0xc7, 0xf8, 0xc7, 0xf8, 0xc7, 0xf8, 0xc7, 0xf8, 0xc7, 0xf8, 0xc7, 0xf8, 0xc7, 0xf8, 0xc7, 0xf8, 0xc7, 0xf8, 0xc7, 0xf8, 0xc7, 0xf8, 0xcf, 0xf8, 0xcf, 0xd7, 0xcf, 0xf7, 0xd7, 0x93, 0xee, 0xad, 0xfe, 0xac, 0xfe, 0x6b, 0xf6, 0xad, 0xdf, 0x73, 0xcf, 0xd6, 0xcf, 0xd7, 0xcf, 0xf9, 0xc7, 0xf8, 0xc7, 0xf8, 0xc7, 0xf8, 0xbf, 0xf8, 0xbf, 0xf8, 0xbf, 0xf8, 0xbf, 0xf8, 0xc7, 0xf8, 0xc7, 0xf8, 0xc7, 0xf8, 0xc7, 0xf8, 0xcf, 0xf8, 0xcf, 0xf9, 0xcf, 0xf9, 0xc7, 0xf9, 0xc7, 0xf9, 0xc7, 0xf9, 0xc7, 0xf9, 0xbf, 0xf9, 0xbf, 0xf9, 0xc7, 0xf9, 0xc7, 0xf9, 0xc7, 0xf8, 0xc7, 0xf7, 0xcf, 0xf7, 0xc7, 0xf7, 0xc7, 0xf8, 0xc7, 0xf8, 0xc7, 0xf8, 0xc7, 0xf8, 0xc7, 0xf8, 0xc7, 0xf8, 0xc7, 0xf8, 0xc7, 0xf8, 
  0xcf, 0xf7, 0xc7, 0xf8, 0xc7, 0xf8, 0xc7, 0xf8, 0xc7, 0xf9, 0xc7, 0xf9, 0xc7, 0xf9, 0xc7, 0xf8, 0xc7, 0xf8, 0xc7, 0xf8, 0xc7, 0xf8, 0xc7, 0xf8, 0xc7, 0xf8, 0xc7, 0xf8, 0xbf, 0xf9, 0xbf, 0xf9, 0xbf, 0xf8, 0xc7, 0xf8, 0xc7, 0xf8, 0xc7, 0xf8, 0xc7, 0xf8, 0xcf, 0xf8, 0xc7, 0xf8, 0xc7, 0xf8, 0xc7, 0xf8, 0xc7, 0xf8, 0xc7, 0xf8, 0xc7, 0xf8, 0xc7, 0xf8, 0xc7, 0xf8, 0xcf, 0xf8, 0xc7, 0xf8, 0xc7, 0xf8, 0xc7, 0xf8, 0xcf, 0xf8, 0xcf, 0xd7, 0xcf, 0xf7, 0xd7, 0xb3, 0xee, 0xad, 0xfe, 0x8c, 0xfe, 0x8c, 0xee, 0x8d, 0xdf, 0x73, 0xd7, 0xf6, 0xcf, 0xd7, 0xcf, 0xf8, 0xc7, 0xf8, 0xc7, 0xf8, 0xc7, 0xf8, 0xc7, 0xf8, 0xc7, 0xf8, 0xbf, 0xf8, 0xbf, 0xf8, 0xbf, 0xf8, 0xc7, 0xf8, 0xc7, 0xf8, 0xc7, 0xf8, 0xcf, 0xf9, 0xcf, 0xf9, 0xcf, 0xf9, 0xc7, 0xf8, 0xc7, 0xf8, 0xc7, 0xf8, 0xc7, 0xf8, 0xbf, 0xf9, 0xbf, 0xf9, 0xc7, 0xf8, 0xc7, 0xf8, 0xc7, 0xf8, 0xc7, 0xf7, 0xc7, 0xf7, 0xc7, 0xf8, 0xc7, 0xf8, 0xc7, 0xf8, 0xc7, 0xf8, 0xc7, 0xf9, 0xc7, 0xf8, 0xc7, 0xf8, 0xc7, 0xf8, 0xcf, 0xf8, 
  0xcf, 0xf8, 0xcf, 0xf8, 0xc7, 0xf8, 0xc7, 0xf8, 0xc7, 0xf9, 0xbf, 0xf9, 0xc7, 0xf8, 0xc7, 0xf8, 0xc7, 0xf8, 0xc7, 0xf7, 0xc7, 0xf7, 0xc7, 0xf7, 0xc7, 0xf8, 0xc7, 0xf8, 0xc7, 0xf9, 0xc7, 0xf9, 0xc7, 0xf8, 0xc7, 0xf8, 0xc7, 0xf8, 0xc7, 0xf8, 0xcf, 0xf8, 0xcf, 0xf8, 0xc7, 0xf8, 0xc7, 0xf8, 0xc7, 0xf8, 0xc7, 0xf8, 0xbf, 0xf8, 0xc7, 0xf8, 0xc7, 0xf8, 0xc7, 0xf8, 0xcf, 0xf8, 0xcf, 0xf8, 0xc7, 0xf8, 0xc7, 0xf8, 0xcf, 0xf8, 0xc7, 0xd7, 0xcf, 0xf7, 0xd7, 0xb3, 0xee, 0xce, 0xfe, 0x8c, 0xfe, 0x8c, 0xee, 0x8d, 0xdf, 0x73, 0xd7, 0xf7, 0xcf, 0xd7, 0xcf, 0xf8, 0xc7, 0xf8, 0xc7, 0xf8, 0xc7, 0xf8, 0xc7, 0xf8, 0xc7, 0xf8, 0xc7, 0xf8, 0xc7, 0xf8, 0xc7, 0xf8, 0xc7, 0xf8, 0xc7, 0xf9, 0xc7, 0xf9, 0xc7, 0xf9, 0xcf, 0xf9, 0xcf, 0xf8, 0xc7, 0xf8, 0xc7, 0xf8, 0xc7, 0xf8, 0xc7, 0xf8, 0xc7, 0xf8, 0xc7, 0xf9, 0xc7, 0xf8, 0xc7, 0xf8, 0xc7, 0xf8, 0xc7, 0xf8, 0xc7, 0xf8, 0xc7, 0xf8, 0xc7, 0xf8, 0xc7, 0xf9, 0xbf, 0xf9, 0xc7, 0xf9, 0xc7, 0xf8, 0xc7, 0xf8, 0xcf, 0xf8, 0xcf, 0xf7, 
  0xcf, 0xf8, 0xcf, 0xf8, 0xc7, 0xf8, 0xc7, 0xf8, 0xc7, 0xf8, 0xc7, 0xf8, 0xbf, 0xf8, 0xc7, 0xf8, 0xc7, 0xf8, 0xc7, 0xf7, 0xc7, 0xf7, 0xc7, 0xf7, 0xc7, 0xf8, 0xc7, 0xf8, 0xc7, 0xf8, 0xc7, 0xf8, 0xc7, 0xf8, 0xcf, 0xf8, 0xcf, 0xf8, 0xcf, 0xf8, 0xcf, 0xf8, 0xc7, 0xf8, 0xc7, 0xf8, 0xc7, 0xf8, 0xc7, 0xf8, 0xbf, 0xf8, 0xbf, 0xf8, 0xc7, 0xf8, 0xc7, 0xf8, 0xc7, 0xf8, 0xcf, 0xf8, 0xcf, 0xf8, 0xc7, 0xf8, 0xc7, 0xf8, 0xc7, 0xf8, 0xc7, 0xf7, 0xcf, 0xf7, 0xd7, 0xb3, 0xee, 0xcd, 0xfe, 0x8c, 0xfe, 0x8c, 0xee, 0xad, 0xdf, 0x93, 0xd7, 0xf7, 0xcf, 0xd7, 0xcf, 0xf8, 0xc7, 0xf8, 0xc7, 0xf8, 0xcf, 0xf8, 0xcf, 0xf8, 0xcf, 0xf8, 0xc7, 0xf8, 0xc7, 0xf8, 0xc7, 0xf8, 0xc7, 0xf9, 0xc7, 0xf9, 0xc7, 0xf9, 0xc7, 0xf9, 0xc7, 0xf8, 0xc7, 0xf8, 0xc7, 0xf8, 0xc7, 0xf8, 0xc7, 0xf7, 0xc7, 0xf7, 0xc7, 0xf8, 0xc7, 0xf8, 0xc7, 0xf8, 0xc7, 0xf8, 0xc7, 0xf8, 0xc7, 0xf8, 0xc7, 0xf8, 0xc7, 0xf8, 0xc7, 0xf8, 0xbf, 0xf9, 0xc7, 0xf9, 0xc7, 0xf9, 0xc7, 0xf8, 0xc7, 0xf8, 0xcf, 0xf7, 0xcf, 0xf7, 
  0xcf, 0xf8, 0xcf, 0xf8, 0xc7, 0xf8, 0xc7, 0xf8, 0xc7, 0xf8, 0xc7, 0xf8, 0xc7, 0xf8, 0xc7, 0xf8, 0xc7, 0xf8, 0xc7, 0xf7, 0xc7, 0xf7, 0xc7, 0xf7, 0xc7, 0xf8, 0xc7, 0xf8, 0xc7, 0xf8, 0xcf, 0xf8, 0xcf, 0xf8, 0xcf, 0xf8, 0xcf, 0xf8, 0xcf, 0xf8, 0xc7, 0xf8, 0xc7, 0xf8, 0xc7, 0xf8, 0xc7, 0xf8, 0xc7, 0xf8, 0xc7, 0xf8, 0xc7, 0xf8, 0xc7, 0xf8, 0xc7, 0xf8, 0xc7, 0xf8, 0xc7, 0xf8, 0xcf, 0xf8, 0xc7, 0xf8, 0xc7, 0xf8, 0xc7, 0xf8, 0xc7, 0xf8, 0xcf, 0xf7, 0xd7, 0xb4, 0xe6, 0xce, 0xee, 0x8c, 0xf6, 0x8c, 0xe6, 0xae, 0xd7, 0x94, 0xcf, 0xf7, 0xcf, 0xf8, 0xcf, 0xf8, 0xc7, 0xf8, 0xc7, 0xf8, 0xcf, 0xf8, 0xcf, 0xf8, 0xcf, 0xf8, 0xcf, 0xf8, 0xc7, 0xf8, 0xc7, 0xf8, 0xc7, 0xf9, 0xc7, 0xf9, 0xc7, 0xf8, 0xc7, 0xf8, 0xc7, 0xf8, 0xc7, 0xf8, 0xc7, 0xf8, 0xc7, 0xf7, 0xc7, 0xf7, 0xc7, 0xf7, 0xc7, 0xf7, 0xc7, 0xf8, 0xc7, 0xf7, 0xc7, 0xf8, 0xc7, 0xf8, 0xc7, 0xf8, 0xc7, 0xf8, 0xc7, 0xf8, 0xc7, 0xf9, 0xc7, 0xf9, 0xc7, 0xf9, 0xc7, 0xf8, 0xc7, 0xf8, 0xc7, 0xf8, 0xcf, 0xf7, 0xcf, 0xf7, 
  0xc7, 0xf8, 0xc7, 0xf8, 0xc7, 0xf8, 0xc7, 0xf8, 0xc7, 0xf8, 0xc7, 0xf8, 0xc7, 0xf8, 0xc7, 0xf8, 0xc7, 0xf8, 0xc7, 0xf8, 0xc7, 0xf8, 0xc7, 0xf8, 0xc7, 0xf8, 0xc7, 0xf8, 0xcf, 0xf8, 0xcf, 0xf8, 0xcf, 0xf8, 0xcf, 0xf8, 0xc7, 0xf8, 0xc7, 0xf8, 0xc7, 0xf8, 0xc7, 0xf8, 0xc7, 0xf8, 0xc7, 0xf8, 0xc7, 0xf8, 0xc7, 0xf8, 0xc7, 0xf8, 0xc7, 0xf8, 0xc7, 0xf8, 0xc7, 0xf8, 0xc7, 0xf8, 0xc7, 0xf8, 0xcf, 0xf8, 0xc7, 0xf8, 0xc7, 0xf8, 0xc7, 0xf8, 0xc7, 0xf7, 0xd7, 0xd5, 0xdf, 0x31, 0xe6, 0xef, 0xee, 0xef, 0xe7, 0x11, 0xd7, 0xb5, 0xcf, 0xf7, 0xcf, 0xf8, 0xc7, 0xf8, 0xc7, 0xf8, 0xc7, 0xf8, 0xcf, 0xf8, 0xcf, 0xf8, 0xcf, 0xf8, 0xcf, 0xf8, 0xcf, 0xf8, 0xc7, 0xf8, 0xc7, 0xf8, 0xc7, 0xf8, 0xc7, 0xf8, 0xc7, 0xf8, 0xc7, 0xf8, 0xc7, 0xf8, 0xc7, 0xf8, 0xc7, 0xf8, 0xc7, 0xf8, 0xc7, 0xf8, 0xc7, 0xf8, 0xcf, 0xf7, 0xc7, 0xf8, 0xc7, 0xf8, 0xc7, 0xf8, 0xc7, 0xf8, 0xc7, 0xf8, 0xc7, 0xf8, 0xc7, 0xf8, 0xc7, 0xf8, 0xc7, 0xf8, 0xc7, 0xf8, 0xc7, 0xf8, 0xc7, 0xf8, 0xc7, 0xf8, 0xc7, 0xf8, 
  0xc7, 0xf8, 0xc7, 0xf8, 0xc7, 0xf8, 0xc7, 0xf8, 0xc7, 0xf8, 0xc7, 0xf8, 0xc7, 0xf8, 0xc7, 0xf8, 0xc7, 0xf8, 0xc7, 0xf8, 0xc7, 0xf8, 0xc7, 0xf8, 0xc7, 0xf8, 0xc7, 0xf8, 0xc7, 0xf8, 0xc7, 0xf8, 0xc7, 0xf8, 0xc7, 0xf8, 0xc7, 0xf8, 0xc7, 0xf8, 0xc7, 0xf8, 0xc7, 0xf8, 0xc7, 0xf8, 0xc7, 0xf8, 0xc7, 0xf8, 0xc7, 0xf8, 0xc7, 0xf8, 0xc7, 0xf8, 0xc7, 0xf8, 0xc7, 0xf8, 0xc7, 0xf8, 0xc7, 0xf8, 0xcf, 0xf8, 0xc7, 0xf8, 0xc7, 0xf8, 0xc7, 0xf7, 0xc7, 0xf7, 0xcf, 0xf7, 0xdf, 0xb4, 0xe7, 0x93, 0xe7, 0x93, 0xdf, 0x94, 0xd7, 0xf7, 0xc7, 0xf7, 0xc7, 0xf8, 0xc7, 0xf8, 0xc7, 0xf8, 0xc7, 0xf8, 0xc7, 0xf8, 0xc7, 0xf8, 0xc7, 0xf8, 0xc7, 0xf8, 0xc7, 0xf8, 0xc7, 0xf8, 0xc7, 0xf8, 0xc7, 0xf8, 0xc7, 0xf8, 0xc7, 0xf8, 0xc7, 0xf8, 0xc7, 0xf8, 0xc7, 0xf8, 0xc7, 0xf8, 0xc7, 0xf8, 0xc7, 0xf8, 0xc7, 0xf8, 0xc7, 0xf8, 0xc7, 0xf8, 0xc7, 0xf8, 0xc7, 0xf8, 0xc7, 0xf8, 0xc7, 0xf8, 0xc7, 0xf8, 0xc7, 0xf8, 0xc7, 0xf8, 0xc7, 0xf8, 0xc7, 0xf8, 0xc7, 0xf8, 0xc7, 0xf8, 0xc7, 0xf8, 0xc7, 0xf8, 
  0xc7, 0xf8, 0xc7, 0xf8, 0xc7, 0xf8, 0xc7, 0xf8, 0xcf, 0xf8, 0xcf, 0xf8, 0xcf, 0xf8, 0xc7, 0xf8, 0xc7, 0xf8, 0xc7, 0xf9, 0xc7, 0xf9, 0xc7, 0xf9, 0xc7, 0xf8, 0xc7, 0xf8, 0xc7, 0xf8, 0xc7, 0xf8, 0xc7, 0xf8, 0xc7, 0xf8, 0xc7, 0xf8, 0xc7, 0xf8, 0xc7, 0xf8, 0xc7, 0xf8, 0xc7, 0xf8, 0xc7, 0xf8, 0xcf, 0xf8, 0xcf, 0xf8, 0xcf, 0xf8, 0xc7, 0xf8, 0xc7, 0xf8, 0xc7, 0xf8, 0xbf, 0xf8, 0xbf, 0xf8, 0xc7, 0xf9, 0xc7, 0xf8, 0xc7, 0xf8, 0xc7, 0xf7, 0xbf, 0xf8, 0xc7, 0xf8, 0xcf, 0xf8, 0xd7, 0xd7, 0xd7, 0xf7, 0xd7, 0xf7, 0xcf, 0xf8, 0xc7, 0xf8, 0xc7, 0xf8, 0xc7, 0xf8, 0xc7, 0xf8, 0xc7, 0xf9, 0xbf, 0xf8, 0xbf, 0xf8, 0xc7, 0xf8, 0xc7, 0xf8, 0xc7, 0xf8, 0xc7, 0xf8, 0xc7, 0xf8, 0xc7, 0xf8, 0xc7, 0xf7, 0xc7, 0xf7, 0xc7, 0xf8, 0xc7, 0xf8, 0xc7, 0xf8, 0xc7, 0xf8, 0xc7, 0xf9, 0xc7, 0xf9, 0xc7, 0xf8, 0xc7, 0xf8, 0xc7, 0xf8, 0xc7, 0xf9, 0xc7, 0xf9, 0xc7, 0xf9, 0xc7, 0xf8, 0xc7, 0xf8, 0xc7, 0xf8, 0xcf, 0xf8, 0xcf, 0xf7, 0xcf, 0xf7, 0xc7, 0xf8, 0xc7, 0xf8, 0xc7, 0xf8, 0xc7, 0xf8, 
  0xc7, 0xf8, 0xc7, 0xf8, 0xc7, 0xf8, 0xc7, 0xf8, 0xcf, 0xf7, 0xcf, 0xf7, 0xcf, 0xf8, 0xcf, 0xf8, 0xc7, 0xf8, 0xc7, 0xf9, 0xc7, 0xf9, 0xc7, 0xf9, 0xc7, 0xf8, 0xc7, 0xf8, 0xc7, 0xf8, 0xc7, 0xf8, 0xc7, 0xf8, 0xc7, 0xf8, 0xbf, 0xf8, 0xbf, 0xf8, 0xc7, 0xf8, 0xc7, 0xf8, 0xc7, 0xf8, 0xc7, 0xf8, 0xcf, 0xf8, 0xcf, 0xf8, 0xcf, 0xf8, 0xcf, 0xf8, 0xc7, 0xf8, 0xc7, 0xf8, 0xbf, 0xf8, 0xbf, 0xf8, 0xbf, 0xf8, 0xbf, 0xf8, 0xc7, 0xf8, 0xc7, 0xf8, 0xbf, 0xf8, 0xc7, 0xf9, 0xc7, 0xf9, 0xc7, 0xf8, 0xc7, 0xf9, 0xc7, 0xf9, 0xc7, 0xf9, 0xc7, 0xf8, 0xc7, 0xf8, 0xcf, 0xf8, 0xbf, 0xf8, 0xbf, 0xf8, 0xbf, 0xf8, 0xbf, 0xf8, 0xbf, 0xf8, 0xc7, 0xf8, 0xc7, 0xf8, 0xc7, 0xf8, 0xc7, 0xf8, 0xc7, 0xf7, 0xc7, 0xf7, 0xc7, 0xf7, 0xc7, 0xf7, 0xc7, 0xf8, 0xc7, 0xf8, 0xc7, 0xf9, 0xc7, 0xf9, 0xc7, 0xf9, 0xc7, 0xf9, 0xc7, 0xf8, 0xc7, 0xf9, 0xc7, 0xf9, 0xc7, 0xf9, 0xc7, 0xf9, 0xc7, 0xf8, 0xc7, 0xf8, 0xcf, 0xf8, 0xcf, 0xf7, 0xcf, 0xf7, 0xcf, 0xf7, 0xc7, 0xf8, 0xc7, 0xf8, 0xc7, 0xf8, 0xc7, 0xf9, 
#endif
#if LV_COLOR_DEPTH == 32
  /*Pixel format: Fix 0xFF: 8 bit, Red: 8 bit, Green: 8 bit, Blue: 8 bit*/
  0xc9, 0xff, 0xba, 0xff, 0xc6, 0xff, 0xbb, 0xff, 0xc2, 0xff, 0xbe, 0xff, 0xbe, 0xff, 0xc1, 0xff, 0xb9, 0xfe, 0xc4, 0xff, 0xb7, 0xfe, 0xc6, 0xff, 0xb7, 0xfe, 0xc6, 0xff, 0xb8, 0xfe, 0xc5, 0xff, 0xbb, 0xff, 0xc2, 0xff, 0xbe, 0xff, 0xc0, 0xff, 0xc1, 0xff, 0xbe, 0xff, 0xc4, 0xff, 0xbe, 0xff, 0xc5, 0xff, 0xbe, 0xff, 0xc5, 0xff, 0xbe, 0xff, 0xc5, 0xfe, 0xc0, 0xff, 0xc5, 0xfe, 0xbf, 0xff, 0xc4, 0xff, 0xbd, 0xff, 0xc3, 0xff, 0xbc, 0xff, 0xc2, 0xff, 0xbb, 0xff, 0xc1, 0xff, 0xbb, 0xff, 0xc0, 0xff, 0xbc, 0xff, 0xc0, 0xff, 0xbe, 0xff, 0xc1, 0xff, 0xc0, 0xff, 0xc2, 0xfd, 0xc3, 0xff, 0xc3, 0xfb, 0xc6, 0xff, 0xc3, 0xfb, 0xc7, 0xff, 0xc3, 0xfb, 0xc7, 0xff, 0xc2, 0xfb, 0xc6, 0xff, 0xc1, 0xfd, 0xc3, 0xff, 0xbf, 0xff, 0xc0, 0xff, 0xbd, 0xff, 0xbd, 0xff, 0xbe, 0xff, 0xbc, 0xff, 0xc2, 0xfe, 0xbe, 0xff, 0xc2, 0xfe, 0xc1, 0xff, 0xbe, 0xff, 0xc3, 0xff, 0xb8, 0xfc, 0xbb, 0xff, 0xc1, 0xff, 0xb9, 0xff, 0xc7, 0xff, 0xbb, 0xff, 0xc3, 0xfe, 0xbb, 0xff, 0xc6, 0xff, 0xc1, 0xff, 0xc4, 0xfc, 0xc0, 0xff, 0xc4, 0xfd, 0xbf, 0xff, 0xc6, 0xff, 0xbf, 0xff, 0xc0, 0xfd, 0xbc, 0xff, 0xbc, 0xfe, 0xc3, 0xff, 0xbe, 0xff, 0xc5, 0xff, 0xbf, 0xfb, 0xbe, 0xff, 0xc4, 0xff, 0xbd, 0xff, 0xbe, 0xff, 0xb7, 0xff, 0xbd, 0xff, 0xb6, 0xff, 0xbf, 0xff, 0xb9, 0xff, 0xc1, 0xff, 0xbd, 0xff, 0xc2, 0xfd, 0xc2, 0xff, 0xc3, 0xfc, 0xc5, 0xff, 0xc3, 0xfb, 0xc7, 0xff, 0xc3, 0xfb, 0xc7, 0xff, 0xc2, 0xfc, 0xc5, 0xff, 0xc1, 0xfd, 0xc4, 0xff, 0xc0, 0xfe, 0xc1, 0xff, 0xc0, 0xff, 0xc1, 0xff, 0xc1, 0xfe, 0xc1, 0xff, 0xc2, 0xfd, 0xc2, 0xff, 0xc3, 0xfd, 0xc3, 0xff, 0xc2, 0xfe, 0xc1, 0xff, 0xbf, 0xff, 0xbe, 0xff, 0xbf, 0xff, 0xbe, 0xff, 0xc2, 0xfe, 0xc0, 0xff, 0xc4, 0xfd, 0xc1, 0xff, 0xc6, 0xfd, 0xc1, 0xff, 0xc6, 0xfe, 0xbf, 0xff, 0xc4, 0xff, 0xbb, 0xff, 0xc2, 0xff, 0xbb, 0xff, 0xbf, 0xff, 0xbe, 0xff, 0xbd, 0xff, 0xc1, 0xff, 0xbb, 0xfd, 0xc6, 0xff, 0xbb, 0xfc, 0xc8, 0xff, 0xbc, 0xfd, 0xc6, 0xff, 0xbe, 0xff, 0xc1, 0xff, 0xc0, 0xff, 0xba, 0xff, 0xc1, 0xff, 0xb7, 0xff, 
  0xc6, 0xff, 0xbb, 0xff, 0xc5, 0xff, 0xbc, 0xff, 0xc1, 0xff, 0xbe, 0xff, 0xbe, 0xff, 0xc1, 0xff, 0xba, 0xfe, 0xc4, 0xff, 0xb9, 0xfe, 0xc5, 0xff, 0xb9, 0xfe, 0xc5, 0xff, 0xba, 0xfe, 0xc4, 0xff, 0xbc, 0xff, 0xc1, 0xff, 0xbe, 0xff, 0xc0, 0xff, 0xc1, 0xff, 0xbf, 0xff, 0xc3, 0xff, 0xbf, 0xff, 0xc3, 0xff, 0xbf, 0xff, 0xc3, 0xff, 0xbf, 0xff, 0xc3, 0xfe, 0xc1, 0xff, 0xc3, 0xfe, 0xc0, 0xff, 0xc2, 0xff, 0xbf, 0xff, 0xc2, 0xff, 0xbe, 0xff, 0xc1, 0xff, 0xbd, 0xff, 0xc0, 0xff, 0xbd, 0xff, 0xbf, 0xff, 0xbd, 0xff, 0xbf, 0xff, 0xbe, 0xff, 0xc0, 0xff, 0xc0, 0xff, 0xc1, 0xfe, 0xc2, 0xff, 0xc2, 0xfc, 0xc5, 0xff, 0xc2, 0xfc, 0xc6, 0xff, 0xc3, 0xfb, 0xc6, 0xff, 0xc2, 0xfc, 0xc5, 0xff, 0xc1, 0xfd, 0xc3, 0xff, 0xbf, 0xff, 0xc0, 0xff, 0xbe, 0xff, 0xbe, 0xff, 0xbf, 0xff, 0xbe, 0xff, 0xc1, 0xfe, 0xbf, 0xff, 0xc1, 0xfe, 0xc1, 0xff, 0xbf, 0xff, 0xc3, 0xff, 0xba, 0xfe, 0xbd, 0xff, 0xc1, 0xff, 0xbc, 0xff, 0xc4, 0xff, 0xc2, 0xff, 0xb9, 0xfb, 0xc4, 0xff, 0xb7, 0xfa, 0xca, 0xff, 0xb8, 0xfa, 0xcc, 0xff, 0xbb, 0xfb, 0xca, 0xff, 0xc2, 0xff, 0xc5, 0xff, 0xbe, 0xfd, 0xbe, 0xff, 0xbb, 0xfd, 0xc1, 0xff, 0xbe, 0xff, 0xc4, 0xff, 0xbf, 0xfc, 0xbf, 0xff, 0xc5, 0xff, 0xc1, 0xff, 0xbf, 0xff, 0xba, 0xff, 0xbe, 0xff, 0xb9, 0xff, 0xbf, 0xff, 0xbc, 0xff, 0xc1, 0xff, 0xbf, 0xff, 0xc2, 0xfd, 0xc3, 0xff, 0xc3, 0xfc, 0xc5, 0xff, 0xc2, 0xfc, 0xc6, 0xff, 0xc2, 0xfc, 0xc5, 0xff, 0xc1, 0xfd, 0xc4, 0xff, 0xc0, 0xfe, 0xc2, 0xff, 0xbf, 0xff, 0xc1, 0xff, 0xbf, 0xff, 0xc0, 0xff, 0xc0, 0xff, 0xc1, 0xff, 0xc1, 0xfe, 0xc1, 0xff, 0xc2, 0xfe, 0xc2, 0xff, 0xc1, 0xfe, 0xc1, 0xff, 0xbf, 0xff, 0xbf, 0xff, 0xbf, 0xff, 0xbf, 0xff, 0xc1, 0xfe, 0xc1, 0xff, 0xc3, 0xfd, 0xc2, 0xff, 0xc4, 0xfd, 0xc2, 0xff, 0xc4, 0xff, 0xbf, 0xff, 0xc3, 0xff, 0xbb, 0xff, 0xc1, 0xff, 0xbb, 0xff, 0xbf, 0xff, 0xbd, 0xff, 0xbd, 0xff, 0xc0, 0xff, 0xbc, 0xfd, 0xc5, 0xff, 0xbc, 0xfc, 0xc7, 0xff, 0xbd, 0xfd, 0xc5, 0xff, 0xbe, 0xff, 0xc1, 0xff, 0xc0, 0xff, 0xbb, 0xff, 0xc1, 0xff, 0xb8, 0xff, 
  0xc2, 0xff, 0xbe, 0xff, 0xc1, 0xff, 0xbe, 0xff, 0xc0, 0xff, 0xbf, 0xff, 0xbf, 0xff, 0xc1, 0xff, 0xbd, 0xfe, 0xc2, 0xff, 0xbd, 0xfe, 0xc3, 0xff, 0xbd, 0xfe, 0xc2, 0xff, 0xbe, 0xff, 0xc1, 0xff, 0xbf, 0xff, 0xc1, 0xff, 0xbf, 0xff, 0xc0, 0xff, 0xc0, 0xff, 0xc0, 0xff, 0xc0, 0xff, 0xc0, 0xff, 0xc0, 0xff, 0xc1, 0xff, 0xbf, 0xfe, 0xc1, 0xff, 0xbf, 0xfe, 0xc2, 0xff, 0xbf, 0xfe, 0xc2, 0xff, 0xc0, 0xfe, 0xc2, 0xff, 0xc0, 0xfe, 0xc1, 0xff, 0xbf, 0xff, 0xc0, 0xff, 0xbe, 0xff, 0xbf, 0xff, 0xbe, 0xff, 0xbf, 0xff, 0xbe, 0xff, 0xbf, 0xff, 0xbe, 0xff, 0xbf, 0xff, 0xbf, 0xff, 0xc0, 0xff, 0xc0, 0xfe, 0xc2, 0xff, 0xc1, 0xfe, 0xc2, 0xff, 0xc2, 0xfd, 0xc3, 0xff, 0xc2, 0xfd, 0xc3, 0xff, 0xc1, 0xfe, 0xc2, 0xff, 0xc0, 0xfe, 0xc1, 0xff, 0xbf, 0xff, 0xc0, 0xff, 0xbf, 0xff, 0xc0, 0xff, 0xbf, 0xfd, 0xc1, 0xff, 0xbf, 0xfe, 0xc2, 0xff, 0xbf, 0xff, 0xc1, 0xff, 0xbc, 0xfe, 0xbd, 0xff, 0xbf, 0xff, 0xc1, 0xff, 0xb8, 0xff, 0xca, 0xff, 0x9f, 0xf1, 0xd1, 0xff, 0x97, 0xec, 0xd9, 0xff, 0x98, 0xed, 0xdc, 0xff, 0xa0, 0xf0, 0xd6, 0xff, 0xb5, 0xfb, 0xcc, 0xff, 0xbc, 0xfd, 0xc3, 0xff, 0xbd, 0xfd, 0xc1, 0xff, 0xbf, 0xff, 0xc3, 0xff, 0xbd, 0xfc, 0xc0, 0xff, 0xc2, 0xff, 0xc5, 0xff, 0xbf, 0xff, 0xc1, 0xff, 0xbf, 0xff, 0xc1, 0xff, 0xc0, 0xfe, 0xc2, 0xff, 0xc1, 0xfd, 0xc3, 0xff, 0xc2, 0xfd, 0xc3, 0xff, 0xc2, 0xfd, 0xc4, 0xff, 0xc1, 0xfd, 0xc3, 0xff, 0xc0, 0xfe, 0xc3, 0xff, 0xbf, 0xff, 0xc1, 0xff, 0xbe, 0xff, 0xc0, 0xff, 0xbe, 0xff, 0xbf, 0xff, 0xbe, 0xff, 0xbf, 0xff, 0xbe, 0xff, 0xbf, 0xff, 0xbf, 0xff, 0xc0, 0xff, 0xc0, 0xff, 0xc0, 0xff, 0xc0, 0xff, 0xc0, 0xff, 0xbf, 0xff, 0xc0, 0xff, 0xbe, 0xff, 0xc1, 0xff, 0xbf, 0xfd, 0xc4, 0xff, 0xc0, 0xfd, 0xc4, 0xff, 0xc1, 0xfd, 0xc3, 0xff, 0xc1, 0xff, 0xc0, 0xff, 0xc0, 0xff, 0xbc, 0xff, 0xbf, 0xff, 0xba, 0xff, 0xbe, 0xff, 0xbb, 0xff, 0xbe, 0xff, 0xbe, 0xff, 0xbd, 0xfe, 0xc2, 0xff, 0xbe, 0xfd, 0xc5, 0xff, 0xbe, 0xfd, 0xc5, 0xff, 0xbf, 0xfe, 0xc2, 0xff, 0xc1, 0xff, 0xbd, 0xff, 0xc1, 0xff, 0xbb, 0xff, 
  0xbe, 0xff, 0xc1, 0xff, 0xbe, 0xff, 0xc1, 0xff, 0xbf, 0xff, 0xc1, 0xff, 0xc0, 0xff, 0xc1, 0xff, 0xc0, 0xff, 0xc1, 0xff, 0xc0, 0xff, 0xc0, 0xff, 0xc1, 0xff, 0xc0, 0xff, 0xc1, 0xff, 0xc0, 0xff, 0xc0, 0xff, 0xc0, 0xff, 0xc0, 0xff, 0xc1, 0xff, 0xbf, 0xff, 0xc1, 0xff, 0xbe, 0xff, 0xc1, 0xff, 0xbd, 0xff, 0xc2, 0xff, 0xbc, 0xfe, 0xc2, 0xff, 0xbc, 0xfe, 0xc3, 0xff, 0xbc, 0xfe, 0xc3, 0xff, 0xbe, 0xfe, 0xc3, 0xff, 0xbf, 0xfe, 0xc3, 0xff, 0xbe, 0xfe, 0xc2, 0xff, 0xbd, 0xff, 0xc1, 0xff, 0xbd, 0xff, 0xc0, 0xff, 0xbc, 0xff, 0xc0, 0xff, 0xbd, 0xff, 0xbf, 0xff, 0xbe, 0xff, 0xbf, 0xff, 0xbe, 0xff, 0xbf, 0xff, 0xbf, 0xff, 0xbf, 0xff, 0xc0, 0xff, 0xc0, 0xff, 0xc1, 0xff, 0xc0, 0xff, 0xc1, 0xfe, 0xc1, 0xff, 0xc1, 0xfe, 0xc2, 0xff, 0xc1, 0xfe, 0xc2, 0xff, 0xc0, 0xfe, 0xc3, 0xff, 0xbf, 0xfd, 0xc4, 0xff, 0xbe, 0xfd, 0xc2, 0xff, 0xc0, 0xff, 0xbf, 0xff, 0xbc, 0xfe, 0xbd, 0xff, 0xbb, 0xff, 0xc4, 0xff, 0xaa, 0xf8, 0xce, 0xff, 0x85, 0xe3, 0xd8, 0xff, 0x77, 0xdc, 0xe1, 0xff, 0x77, 0xdb, 0xe3, 0xff, 0x84, 0xe0, 0xda, 0xff, 0xa8, 0xf4, 0xd1, 0xff, 0xbb, 0xfd, 0xc9, 0xff, 0xbe, 0xfe, 0xc2, 0xff, 0xc1, 0xff, 0xc2, 0xff, 0xbd, 0xfc, 0xc0, 0xff, 0xbf, 0xfd, 0xc4, 0xff, 0xc0, 0xfc, 0xc6, 0xff, 0xc1, 0xfc, 0xc6, 0xff, 0xc1, 0xfc, 0xc5, 0xff, 0xc1, 0xfd, 0xc4, 0xff, 0xc1, 0xfd, 0xc3, 0xff, 0xc0, 0xfe, 0xc1, 0xff, 0xbf, 0xff, 0xc1, 0xff, 0xbe, 0xff, 0xc0, 0xff, 0xbe, 0xff, 0xbf, 0xff, 0xbd, 0xff, 0xbf, 0xff, 0xbc, 0xff, 0xbf, 0xff, 0xbd, 0xff, 0xbf, 0xff, 0xbd, 0xff, 0xbf, 0xff, 0xbe, 0xff, 0xc0, 0xff, 0xbf, 0xff, 0xbf, 0xff, 0xbf, 0xff, 0xc0, 0xff, 0xbf, 0xff, 0xc0, 0xff, 0xbf, 0xfe, 0xc2, 0xff, 0xbe, 0xfd, 0xc5, 0xff, 0xbe, 0xfc, 0xc6, 0xff, 0xbe, 0xfd, 0xc5, 0xff, 0xbe, 0xff, 0xc1, 0xff, 0xbd, 0xff, 0xbd, 0xff, 0xbd, 0xff, 0xba, 0xff, 0xbe, 0xff, 0xba, 0xff, 0xbf, 0xff, 0xbc, 0xff, 0xbf, 0xff, 0xc0, 0xff, 0xc0, 0xfe, 0xc2, 0xff, 0xc0, 0xfd, 0xc4, 0xff, 0xc1, 0xfd, 0xc3, 0xff, 0xc1, 0xff, 0xbf, 0xff, 0xc1, 0xff, 0xbe, 0xff, 
  0xba, 0xfe, 0xc4, 0xff, 0xbc, 0xfe, 0xc4, 0xff, 0xbe, 0xfe, 0xc2, 0xff, 0xc1, 0xfe, 0xc1, 0xff, 0xc3, 0xff, 0xbf, 0xff, 0xc5, 0xff, 0xbe, 0xff, 0xc5, 0xff, 0xbe, 0xff, 0xc4, 0xff, 0xbe, 0xff, 0xc2, 0xff, 0xc0, 0xff, 0xc0, 0xfe, 0xc1, 0xff, 0xbe, 0xfe, 0xc2, 0xff, 0xbc, 0xfe, 0xc3, 0xff, 0xbb, 0xff, 0xc3, 0xff, 0xba, 0xff, 0xc3, 0xff, 0xba, 0xff, 0xc2, 0xff, 0xbb, 0xff, 0xc3, 0xff, 0xbd, 0xfe, 0xc4, 0xff, 0xbe, 0xfd, 0xc4, 0xff, 0xbd, 0xfe, 0xc4, 0xff, 0xbd, 0xfe, 0xc3, 0xff, 0xbc, 0xfe, 0xc3, 0xff, 0xbc, 0xff, 0xc1, 0xff, 0xbc, 0xff, 0xbf, 0xff, 0xbc, 0xff, 0xbe, 0xff, 0xbd, 0xff, 0xbd, 0xff, 0xbe, 0xff, 0xbc, 0xff, 0xbf, 0xff, 0xbd, 0xff, 0xc0, 0xff, 0xbe, 0xff, 0xc1, 0xff, 0xc0, 0xff, 0xc2, 0xfe, 0xc2, 0xff, 0xc2, 0xfd, 0xc4, 0xff, 0xc1, 0xfc, 0xc5, 0xff, 0xc0, 0xfe, 0xc6, 0xff, 0xbe, 0xfd, 0xc1, 0xff, 0xc0, 0xff, 0xbe, 0xff, 0xbb, 0xfe, 0xbd, 0xff, 0xb6, 0xfe, 0xc7, 0xff, 0x9f, 0xf3, 0xd4, 0xff, 0x73, 0xda, 0xe0, 0xff, 0x61, 0xd1, 0xeb, 0xff, 0x61, 0xd0, 0xec, 0xff, 0x70, 0xd5, 0xe0, 0xff, 0x9d, 0xee, 0xd6, 0xff, 0xb7, 0xfc, 0xcd, 0xff, 0xbd, 0xfe, 0xc3, 0xff, 0xc1, 0xff, 0xc0, 0xff, 0xbe, 0xfe, 0xc0, 0xff, 0xbf, 0xfd, 0xc4, 0xff, 0xc1, 0xfb, 0xc8, 0xff, 0xc2, 0xfa, 0xc9, 0xff, 0xc2, 0xfc, 0xc6, 0xff, 0xc1, 0xfd, 0xc3, 0xff, 0xc0, 0xff, 0xc0, 0xff, 0xbf, 0xff, 0xbf, 0xff, 0xbe, 0xff, 0xbd, 0xff, 0xbd, 0xff, 0xbd, 0xff, 0xbc, 0xff, 0xbe, 0xff, 0xbc, 0xff, 0xbf, 0xff, 0xbc, 0xff, 0xbf, 0xff, 0xbc, 0xff, 0xc0, 0xff, 0xbd, 0xff, 0xc1, 0xff, 0xbd, 0xff, 0xc1, 0xff, 0xbe, 0xff, 0xc0, 0xff, 0xbf, 0xff, 0xc0, 0xff, 0xc0, 0xff, 0xc0, 0xff, 0xc0, 0xfe, 0xc2, 0xff, 0xbe, 0xfd, 0xc5, 0xff, 0xbc, 0xfc, 0xc7, 0xff, 0xbb, 0xfd, 0xc6, 0xff, 0xbb, 0xff, 0xc3, 0xff, 0xbb, 0xff, 0xbe, 0xff, 0xbc, 0xff, 0xbb, 0xff, 0xbe, 0xff, 0xba, 0xff, 0xc0, 0xff, 0xba, 0xff, 0xc1, 0xff, 0xbe, 0xff, 0xc2, 0xfe, 0xc0, 0xff, 0xc2, 0xfd, 0xc2, 0xff, 0xc2, 0xfd, 0xc3, 0xff, 0xc2, 0xfe, 0xc1, 0xff, 0xc1, 0xfe, 0xc0, 0xff, 
  0xb9, 0xfd, 0xc6, 0xff, 0xbb, 0xfe, 0xc5, 0xff, 0xbe, 0xfe, 0xc3, 0xff, 0xc2, 0xfe, 0xc0, 0xff, 0xc5, 0xff, 0xbe, 0xff, 0xc7, 0xff, 0xbd, 0xff, 0xc7, 0xff, 0xbd, 0xff, 0xc5, 0xff, 0xbe, 0xff, 0xc2, 0xfe, 0xc0, 0xff, 0xc0, 0xfe, 0xc2, 0xff, 0xbd, 0xfe, 0xc3, 0xff, 0xbc, 0xfe, 0xc3, 0xff, 0xbb, 0xff, 0xc3, 0xff, 0xba, 0xff, 0xc1, 0xff, 0xbb, 0xff, 0xc0, 0xff, 0xbc, 0xff, 0xc0, 0xff, 0xbe, 0xfe, 0xc2, 0xff, 0xbf, 0xfe, 0xc3, 0xff, 0xbe, 0xfe, 0xc3, 0xff, 0xbe, 0xfe, 0xc4, 0xff, 0xbe, 0xfe, 0xc3, 0xff, 0xbd, 0xff, 0xc2, 0xff, 0xbc, 0xff, 0xc0, 0xff, 0xbc, 0xff, 0xbe, 0xff, 0xbc, 0xff, 0xbc, 0xff, 0xbd, 0xff, 0xbb, 0xff, 0xbe, 0xff, 0xbb, 0xff, 0xbf, 0xff, 0xbc, 0xff, 0xc0, 0xff, 0xbf, 0xff, 0xc2, 0xfe, 0xc2, 0xff, 0xc3, 0xfc, 0xc5, 0xff, 0xc2, 0xfc, 0xc5, 0xff, 0xc0, 0xfd, 0xc4, 0xff, 0xbe, 0xfc, 0xbf, 0xff, 0xc1, 0xff, 0xbe, 0xff, 0xbc, 0xfe, 0xbf, 0xff, 0xb4, 0xfc, 0xca, 0xff, 0x9a, 0xf0, 0xd8, 0xff, 0x6c, 0xd6, 0xe6, 0xff, 0x5a, 0xce, 0xf3, 0xff, 0x5d, 0xd1, 0xf7, 0xff, 0x6a, 0xd3, 0xe7, 0xff, 0x97, 0xeb, 0xd9, 0xff, 0xb4, 0xfa, 0xce, 0xff, 0xbb, 0xfc, 0xc2, 0xff, 0xc1, 0xff, 0xbf, 0xff, 0xc1, 0xff, 0xc1, 0xff, 0xc1, 0xfe, 0xc4, 0xff, 0xc2, 0xfb, 0xc7, 0xff, 0xc3, 0xfa, 0xc8, 0xff, 0xc2, 0xfc, 0xc4, 0xff, 0xc0, 0xfe, 0xc1, 0xff, 0xbf, 0xff, 0xbe, 0xff, 0xbe, 0xff, 0xbc, 0xff, 0xbd, 0xff, 0xbb, 0xff, 0xbc, 0xff, 0xbc, 0xff, 0xbc, 0xff, 0xbd, 0xff, 0xbc, 0xff, 0xbf, 0xff, 0xbd, 0xff, 0xc1, 0xff, 0xbe, 0xfe, 0xc2, 0xff, 0xbe, 0xfe, 0xc2, 0xff, 0xbe, 0xfe, 0xc2, 0xff, 0xbf, 0xff, 0xc1, 0xff, 0xc0, 0xff, 0xc0, 0xff, 0xc2, 0xff, 0xbf, 0xff, 0xc1, 0xfe, 0xc0, 0xff, 0xbf, 0xfd, 0xc4, 0xff, 0xbc, 0xfd, 0xc6, 0xff, 0xba, 0xfd, 0xc6, 0xff, 0xba, 0xfe, 0xc4, 0xff, 0xba, 0xff, 0xc0, 0xff, 0xbc, 0xff, 0xbd, 0xff, 0xbf, 0xff, 0xba, 0xff, 0xc1, 0xff, 0xba, 0xff, 0xc3, 0xff, 0xbc, 0xff, 0xc4, 0xff, 0xbf, 0xff, 0xc3, 0xfe, 0xc1, 0xff, 0xc3, 0xfd, 0xc2, 0xff, 0xc1, 0xfe, 0xc2, 0xff, 0xc1, 0xfe, 0xc2, 0xff, 
  0xb9, 0xfd, 0xc6, 0xff, 0xbb, 0xfe, 0xc5, 0xff, 0xbf, 0xfe, 0xc2, 0xff, 0xc3, 0xff, 0xc0, 0xff, 0xc6, 0xff, 0xbe, 0xff, 0xc8, 0xff, 0xbd, 0xff, 0xc7, 0xff, 0xbe, 0xff, 0xc5, 0xfe, 0xbf, 0xff, 0xc2, 0xfe, 0xc1, 0xff, 0xbf, 0xfe, 0xc3, 0xff, 0xbd, 0xfe, 0xc4, 0xff, 0xbc, 0xfe, 0xc3, 0xff, 0xbd, 0xff, 0xc1, 0xff, 0xbe, 0xff, 0xbf, 0xff, 0xc0, 0xff, 0xbc, 0xff, 0xc1, 0xff, 0xbc, 0xff, 0xc1, 0xff, 0xbd, 0xff, 0xc0, 0xff, 0xbf, 0xff, 0xc0, 0xff, 0xc1, 0xff, 0xc0, 0xfe, 0xc2, 0xff, 0xc0, 0xfd, 0xc3, 0xff, 0xbf, 0xfe, 0xc2, 0xff, 0xbe, 0xff, 0xc1, 0xff, 0xbd, 0xff, 0xbf, 0xff, 0xbc, 0xff, 0xbc, 0xff, 0xbc, 0xff, 0xbb, 0xff, 0xbd, 0xff, 0xba, 0xff, 0xbe, 0xff, 0xbb, 0xff, 0xbf, 0xff, 0xbe, 0xff, 0xc1, 0xfe, 0xc1, 0xff, 0xc2, 0xfc, 0xc4, 0xff, 0xc3, 0xfc, 0xc5, 0xff, 0xc1, 0xfd, 0xc1, 0xff, 0xbf, 0xfd, 0xbe, 0xff, 0xc1, 0xff, 0xbe, 0xff, 0xbb, 0xfe, 0xc1, 0xff, 0xb4, 0xfc, 0xcd, 0xff, 0x9a, 0xef, 0xda, 0xff, 0x6e, 0xd7, 0xe8, 0xff, 0x5d, 0xd0, 0xf6, 0xff, 0x61, 0xd3, 0xfb, 0xff, 0x6a, 0xd1, 0xe7, 0xff, 0x97, 0xea, 0xdb, 0xff, 0xb3, 0xf9, 0xd0, 0xff, 0xba, 0xfb, 0xc3, 0xff, 0xc2, 0xff, 0xc0, 0xff, 0xc2, 0xff, 0xc0, 0xff, 0xc2, 0xfe, 0xc0, 0xff, 0xc3, 0xfd, 0xc4, 0xff, 0xc2, 0xfd, 0xc4, 0xff, 0xc1, 0xff, 0xc0, 0xff, 0xbf, 0xff, 0xbd, 0xff, 0xbe, 0xff, 0xbb, 0xff, 0xbd, 0xff, 0xba, 0xff, 0xbc, 0xff, 0xba, 0xff, 0xbc, 0xff, 0xbb, 0xff, 0xbd, 0xff, 0xbe, 0xff, 0xbe, 0xff, 0xc1, 0xff, 0xbf, 0xfd, 0xc3, 0xff, 0xc0, 0xfd, 0xc4, 0xff, 0xc0, 0xfd, 0xc4, 0xff, 0xc0, 0xfd, 0xc3, 0xff, 0xc0, 0xfe, 0xc2, 0xff, 0xc2, 0xff, 0xc0, 0xff, 0xc4, 0xff, 0xbd, 0xff, 0xc4, 0xff, 0xbd, 0xff, 0xc0, 0xff, 0xc0, 0xff, 0xbe, 0xfe, 0xc3, 0xff, 0xbb, 0xfd, 0xc5, 0xff, 0xba, 0xfe, 0xc5, 0xff, 0xbb, 0xff, 0xc2, 0xff, 0xbd, 0xff, 0xbf, 0xff, 0xc1, 0xff, 0xbd, 0xff, 0xc3, 0xff, 0xbc, 0xff, 0xc5, 0xff, 0xbc, 0xff, 0xc5, 0xff, 0xbe, 0xff, 0xc4, 0xff, 0xbf, 0xff, 0xc2, 0xfe, 0xc1, 0xff, 0xc0, 0xfe, 0xc2, 0xff, 0xbf, 0xfe, 0xc3, 0xff, 
  0xba, 0xfe, 0xc5, 0xff, 0xbc, 0xfe, 0xc4, 0xff, 0xc0, 0xfe, 0xc1, 0xff, 0xc3, 0xff, 0xc0, 0xff, 0xc6, 0xff, 0xbe, 0xff, 0xc7, 0xff, 0xbe, 0xff, 0xc6, 0xfe, 0xbf, 0xff, 0xc4, 0xfe, 0xc1, 0xff, 0xc1, 0xfd, 0xc3, 0xff, 0xbf, 0xfd, 0xc4, 0xff, 0xbd, 0xfd, 0xc4, 0xff, 0xbd, 0xfe, 0xc3, 0xff, 0xbf, 0xff, 0xc0, 0xff, 0xc1, 0xff, 0xbc, 0xff, 0xc4, 0xff, 0xb9, 0xff, 0xc4, 0xff, 0xb8, 0xff, 0xc3, 0xff, 0xba, 0xff, 0xc2, 0xff, 0xbc, 0xff, 0xc2, 0xff, 0xbe, 0xff, 0xc2, 0xfe, 0xc0, 0xff, 0xc3, 0xfd, 0xc2, 0xff, 0xc2, 0xfd, 0xc2, 0xff, 0xc0, 0xfe, 0xc2, 0xff, 0xbf, 0xff, 0xc0, 0xff, 0xbd, 0xff, 0xbe, 0xff, 0xbc, 0xff, 0xbc, 0xff, 0xbc, 0xff, 0xbb, 0xff, 0xbd, 0xff, 0xbc, 0xff, 0xbe, 0xff, 0xbe, 0xff, 0xc0, 0xff, 0xc0, 0xff, 0xc2, 0xfd, 0xc3, 0xff, 0xc3, 0xfd, 0xc3, 0xff, 0xc2, 0xfd, 0xc0, 0xff, 0xc0, 0xfd, 0xbd, 0xff, 0xc1, 0xff, 0xbe, 0xff, 0xbb, 0xfd, 0xc2, 0xff, 0xb2, 0xfb, 0xcd, 0xff, 0x98, 0xed, 0xdb, 0xff, 0x6c, 0xd5, 0xe9, 0xff, 0x5d, 0xcf, 0xf8, 0xff, 0x5f, 0xd0, 0xfb, 0xff, 0x67, 0xce, 0xe7, 0xff, 0x95, 0xe8, 0xdc, 0xff, 0xb4, 0xfb, 0xd4, 0xff, 0xbc, 0xfd, 0xc6, 0xff, 0xc3, 0xff, 0xc1, 0xff, 0xc3, 0xff, 0xbf, 0xff, 0xc0, 0xfc, 0xbc, 0xff, 0xc3, 0xfe, 0xc1, 0xff, 0xc2, 0xfe, 0xc0, 0xff, 0xc0, 0xff, 0xbe, 0xff, 0xbe, 0xff, 0xbc, 0xff, 0xbd, 0xff, 0xba, 0xff, 0xbc, 0xff, 0xba, 0xff, 0xbc, 0xff, 0xba, 0xff, 0xbd, 0xff, 0xbd, 0xff, 0xbf, 0xff, 0xc0, 0xff, 0xc0, 0xfe, 0xc2, 0xff, 0xc2, 0xfc, 0xc4, 0xff, 0xc3, 0xfc, 0xc5, 0xff, 0xc2, 0xfd, 0xc4, 0xff, 0xc2, 0xfd, 0xc2, 0xff, 0xc2, 0xfe, 0xc1, 0xff, 0xc3, 0xff, 0xbe, 0xff, 0xc6, 0xff, 0xba, 0xff, 0xc5, 0xff, 0xba, 0xff, 0xc2, 0xff, 0xbd, 0xff, 0xbf, 0xff, 0xc1, 0xff, 0xbd, 0xfe, 0xc4, 0xff, 0xbc, 0xfd, 0xc5, 0xff, 0xbd, 0xfe, 0xc4, 0xff, 0xbf, 0xfe, 0xc2, 0xff, 0xc2, 0xff, 0xc0, 0xff, 0xc4, 0xff, 0xbe, 0xff, 0xc6, 0xff, 0xbd, 0xff, 0xc5, 0xff, 0xbd, 0xff, 0xc3, 0xff, 0xbe, 0xff, 0xc1, 0xff, 0xc0, 0xff, 0xbe, 0xff, 0xc1, 0xff, 0xbd, 0xfe, 0xc2, 0xff, 
  0xbd, 0xff, 0xc2, 0xff, 0xbe, 0xff, 0xc1, 0xff, 0xc0, 0xff, 0xc1, 0xff, 0xc2, 0xfe, 0xc0, 0xff, 0xc4, 0xfe, 0xc0, 0xff, 0xc4, 0xfe, 0xc0, 0xff, 0xc3, 0xfe, 0xc1, 0xff, 0xc2, 0xfd, 0xc3, 0xff, 0xc0, 0xfe, 0xc6, 0xff, 0xbd, 0xfc, 0xc4, 0xff, 0xbc, 0xfb, 0xc2, 0xff, 0xbf, 0xfe, 0xc2, 0xff, 0xc2, 0xff, 0xbe, 0xff, 0xc4, 0xff, 0xb9, 0xff, 0xc6, 0xff, 0xb6, 0xff, 0xc9, 0xff, 0xb7, 0xff, 0xc4, 0xff, 0xb7, 0xff, 0xc5, 0xff, 0xba, 0xff, 0xc4, 0xff, 0xbb, 0xff, 0xc1, 0xfc, 0xbb, 0xff, 0xc3, 0xfc, 0xbf, 0xff, 0xc7, 0xff, 0xc4, 0xff, 0xc7, 0xff, 0xc5, 0xff, 0xc1, 0xfd, 0xc1, 0xff, 0xbf, 0xff, 0xc0, 0xff, 0xbd, 0xff, 0xbf, 0xff, 0xbc, 0xff, 0xbd, 0xff, 0xbc, 0xff, 0xbd, 0xff, 0xbe, 0xff, 0xbf, 0xff, 0xbf, 0xff, 0xc0, 0xff, 0xc1, 0xfe, 0xc1, 0xff, 0xc2, 0xfe, 0xc1, 0xff, 0xc3, 0xff, 0xc2, 0xff, 0xc3, 0xff, 0xc0, 0xff, 0xc0, 0xfe, 0xbc, 0xff, 0xb9, 0xfa, 0xbe, 0xff, 0xb5, 0xfe, 0xd0, 0xff, 0x98, 0xee, 0xdc, 0xff, 0x67, 0xd2, 0xea, 0xff, 0x5d, 0xd2, 0xff, 0xff, 0x5a, 0xce, 0xfe, 0xff, 0x68, 0xd1, 0xee, 0xff, 0x95, 0xe9, 0xde, 0xff, 0xb2, 0xf9, 0xd2, 0xff, 0xbd, 0xfd, 0xc6, 0xff, 0xc2, 0xff, 0xbf, 0xff, 0xc0, 0xfe, 0xbc, 0xff, 0xc3, 0xff, 0xbf, 0xff, 0xc2, 0xff, 0xbf, 0xff, 0xc1, 0xff, 0xbe, 0xff, 0xbf, 0xff, 0xbd, 0xff, 0xbe, 0xff, 0xbc, 0xff, 0xbc, 0xff, 0xbc, 0xff, 0xbc, 0xff, 0xbc, 0xff, 0xbd, 0xff, 0xbd, 0xff, 0xbf, 0xff, 0xbf, 0xff, 0xc1, 0xfd, 0xc0, 0xff, 0xc5, 0xfe, 0xc4, 0xff, 0xc7, 0xfe, 0xc6, 0xff, 0xc6, 0xfd, 0xc4, 0xff, 0xc2, 0xfb, 0xbf, 0xff, 0xc1, 0xfb, 0xbd, 0xff, 0xc2, 0xff, 0xbd, 0xff, 0xc6, 0xff, 0xbd, 0xff, 0xc8, 0xff, 0xba, 0xff, 0xc5, 0xff, 0xb7, 0xff, 0xc2, 0xff, 0xba, 0xff, 0xc1, 0xff, 0xbe, 0xff, 0xbe, 0xfd, 0xc0, 0xff, 0xbc, 0xfa, 0xc1, 0xff, 0xbe, 0xfa, 0xc3, 0xff, 0xc2, 0xfd, 0xc6, 0xff, 0xc3, 0xfd, 0xc3, 0xff, 0xc5, 0xfd, 0xc1, 0xff, 0xc5, 0xfe, 0xbf, 0xff, 0xc4, 0xff, 0xbe, 0xff, 0xc2, 0xff, 0xbe, 0xff, 0xbf, 0xff, 0xbf, 0xff, 0xbd, 0xff, 0xc0, 0xff, 0xbb, 0xff, 0xc0, 0xff, 
  0xbf, 0xff, 0xbf, 0xff, 0xc0, 0xff, 0xc0, 0xff, 0xc1, 0xff, 0xc0, 0xff, 0xc1, 0xfe, 0xc1, 0xff, 0xc1, 0xfe, 0xc1, 0xff, 0xc1, 0xfe, 0xc2, 0xff, 0xc0, 0xfd, 0xc3, 0xff, 0xc0, 0xfd, 0xc4, 0xff, 0xc0, 0xfe, 0xc6, 0xff, 0xbf, 0xfe, 0xc6, 0xff, 0xc0, 0xff, 0xc6, 0xff, 0xc3, 0xff, 0xc4, 0xff, 0xc3, 0xff, 0xbf, 0xff, 0xc3, 0xff, 0xbb, 0xff, 0xc5, 0xff, 0xb9, 0xff, 0xc5, 0xff, 0xb8, 0xff, 0xbf, 0xff, 0xb5, 0xff, 0xc0, 0xff, 0xb8, 0xff, 0xc4, 0xff, 0xbc, 0xff, 0xc5, 0xff, 0xbe, 0xff, 0xc6, 0xfe, 0xc0, 0xff, 0xc5, 0xfc, 0xc1, 0xff, 0xc5, 0xfc, 0xc2, 0xff, 0xc5, 0xfe, 0xc4, 0xff, 0xc0, 0xfe, 0xc2, 0xff, 0xbe, 0xff, 0xc1, 0xff, 0xbc, 0xff, 0xc0, 0xff, 0xbc, 0xff, 0xbf, 0xff, 0xbd, 0xff, 0xbf, 0xff, 0xbe, 0xff, 0xbf, 0xff, 0xc0, 0xff, 0xbf, 0xff, 0xc1, 0xff, 0xc0, 0xff, 0xbf, 0xfd, 0xc0, 0xff, 0xc0, 0xfe, 0xbf, 0xff, 0xc2, 0xff, 0xbc, 0xff, 0xbc, 0xfd, 0xbf, 0xff, 0xb6, 0xfe, 0xd0, 0xff, 0x96, 0xee, 0xdd, 0xff, 0x62, 0xd0, 0xec, 0xff, 0x54, 0xcd, 0xff, 0xff, 0x52, 0xcb, 0xff, 0xff, 0x63, 0xcf, 0xf1, 0xff, 0x93, 0xe8, 0xdf, 0xff, 0xb3, 0xf9, 0xd1, 0xff, 0xbe, 0xfd, 0xc4, 0xff, 0xc3, 0xff, 0xbe, 0xff, 0xbf, 0xfd, 0xbd, 0xff, 0xc0, 0xff, 0xbf, 0xff, 0xc1, 0xff, 0xbf, 0xff, 0xc0, 0xff, 0xbf, 0xff, 0xbe, 0xff, 0xbf, 0xff, 0xbd, 0xff, 0xbf, 0xff, 0xbc, 0xff, 0xbf, 0xff, 0xbc, 0xff, 0xbf, 0xff, 0xbe, 0xff, 0xc0, 0xff, 0xc0, 0xfe, 0xc1, 0xff, 0xc3, 0xfc, 0xc1, 0xff, 0xc5, 0xfc, 0xc1, 0xff, 0xc6, 0xfd, 0xc2, 0xff, 0xc7, 0xfe, 0xc2, 0xff, 0xc6, 0xff, 0xc1, 0xff, 0xc4, 0xff, 0xbf, 0xff, 0xc1, 0xff, 0xbc, 0xff, 0xbf, 0xff, 0xb9, 0xff, 0xc1, 0xff, 0xba, 0xff, 0xc1, 0xff, 0xb9, 0xff, 0xc1, 0xff, 0xbc, 0xff, 0xc3, 0xff, 0xbf, 0xff, 0xc3, 0xff, 0xc2, 0xff, 0xc2, 0xfe, 0xc4, 0xff, 0xc3, 0xfd, 0xc7, 0xff, 0xc4, 0xfc, 0xc8, 0xff, 0xc4, 0xfb, 0xc6, 0xff, 0xc5, 0xfc, 0xc4, 0xff, 0xc4, 0xfe, 0xc1, 0xff, 0xc2, 0xff, 0xbf, 0xff, 0xc0, 0xff, 0xbe, 0xff, 0xbe, 0xff, 0xbe, 0xff, 0xbc, 0xff, 0xbf, 0xff, 0xbb, 0xff, 0xbf, 0xff, 
  0xc2, 0xff, 0xbd, 0xff, 0xc1, 0xff, 0xbe, 0xff, 0xc1, 0xff, 0xc0, 0xff, 0xc0, 0xff, 0xc1, 0xff, 0xbf, 0xfe, 0xc2, 0xff, 0xbe, 0xfe, 0xc3, 0xff, 0xbe, 0xfd, 0xc4, 0xff, 0xbe, 0xfd, 0xc4, 0xff, 0xbd, 0xfb, 0xc2, 0xff, 0xbf, 0xfd, 0xc4, 0xff, 0xc0, 0xff, 0xc4, 0xff, 0xbf, 0xfe, 0xc2, 0xff, 0xbf, 0xfd, 0xc0, 0xff, 0xbf, 0xfd, 0xc0, 0xff, 0xc0, 0xfe, 0xc1, 0xff, 0xbd, 0xfe, 0xc0, 0xff, 0xbb, 0xff, 0xbf, 0xff, 0xb9, 0xfe, 0xbb, 0xff, 0xbd, 0xfe, 0xbc, 0xff, 0xc4, 0xff, 0xc1, 0xff, 0xc7, 0xff, 0xc2, 0xff, 0xc5, 0xfb, 0xbf, 0xff, 0xc4, 0xfb, 0xc0, 0xff, 0xc6, 0xfe, 0xc4, 0xff, 0xc2, 0xfd, 0xc3, 0xff, 0xbf, 0xfd, 0xc3, 0xff, 0xbd, 0xfe, 0xc2, 0xff, 0xbc, 0xff, 0xc1, 0xff, 0xbc, 0xff, 0xc1, 0xff, 0xbe, 0xff, 0xbf, 0xff, 0xbf, 0xff, 0xbe, 0xff, 0xbf, 0xff, 0xbf, 0xff, 0xbc, 0xfd, 0xc2, 0xff, 0xbe, 0xfd, 0xc1, 0xff, 0xc2, 0xff, 0xbb, 0xff, 0xbf, 0xfe, 0xbe, 0xff, 0xb7, 0xff, 0xcf, 0xff, 0x94, 0xee, 0xde, 0xff, 0x5d, 0xd1, 0xf2, 0xff, 0x4b, 0xcc, 0xff, 0xff, 0x4a, 0xcb, 0xff, 0xff, 0x5d, 0xd0, 0xf6, 0xff, 0x92, 0xe9, 0xe1, 0xff, 0xb3, 0xf8, 0xcf, 0xff, 0xbf, 0xfd, 0xc2, 0xff, 0xc3, 0xff, 0xbe, 0xff, 0xbd, 0xfd, 0xbf, 0xff, 0xbe, 0xff, 0xc4, 0xff, 0xbf, 0xfe, 0xc2, 0xff, 0xbf, 0xfe, 0xc2, 0xff, 0xbe, 0xfe, 0xc2, 0xff, 0xbc, 0xfe, 0xc3, 0xff, 0xbc, 0xfe, 0xc3, 0xff, 0xbd, 0xfe, 0xc4, 0xff, 0xbf, 0xfd, 0xc3, 0xff, 0xc2, 0xfd, 0xc3, 0xff, 0xc5, 0xfd, 0xc2, 0xff, 0xc5, 0xfc, 0xc0, 0xff, 0xc7, 0xfe, 0xc0, 0xff, 0xc6, 0xff, 0xc0, 0xff, 0xc4, 0xff, 0xc0, 0xff, 0xc1, 0xff, 0xc0, 0xff, 0xbd, 0xff, 0xbe, 0xff, 0xb9, 0xff, 0xbd, 0xff, 0xb9, 0xff, 0xc1, 0xff, 0xba, 0xff, 0xc2, 0xff, 0xbd, 0xff, 0xc1, 0xff, 0xbe, 0xff, 0xbf, 0xff, 0xc2, 0xff, 0xc1, 0xff, 0xc4, 0xff, 0xc2, 0xff, 0xc6, 0xfd, 0xc6, 0xff, 0xc4, 0xfa, 0xc5, 0xff, 0xc5, 0xfb, 0xc7, 0xff, 0xc4, 0xfc, 0xc5, 0xff, 0xc2, 0xfe, 0xc2, 0xff, 0xc0, 0xff, 0xbf, 0xff, 0xbe, 0xff, 0xbe, 0xff, 0xbd, 0xff, 0xbd, 0xff, 0xbc, 0xff, 0xbf, 0xff, 0xbc, 0xff, 0xbf, 0xff, 
  0xc3, 0xff, 0xbd, 0xff, 0xc2, 0xff, 0xbe, 0xff, 0xc0, 0xff, 0xc0, 0xff, 0xbe, 0xff, 0xc1, 0xff, 0xbc, 0xfe, 0xc3, 0xff, 0xbc, 0xfe, 0xc3, 0xff, 0xbd, 0xfe, 0xc3, 0xff, 0xbe, 0xfe, 0xc3, 0xff, 0xbf, 0xfd, 0xc1, 0xff, 0xc1, 0xfe, 0xc1, 0xff, 0xbf, 0xfd, 0xc1, 0xff, 0xbb, 0xfa, 0xc1, 0xff, 0xb9, 0xfa, 0xc5, 0xff, 0xb8, 0xfc, 0xcb, 0xff, 0xb6, 0xfc, 0xd0, 0xff, 0xb2, 0xfb, 0xcd, 0xff, 0xb5, 0xff, 0xce, 0xff, 0xb3, 0xfd, 0xc6, 0xff, 0xb5, 0xfa, 0xc0, 0xff, 0xbd, 0xfd, 0xc2, 0xff, 0xc4, 0xff, 0xc2, 0xff, 0xc6, 0xff, 0xc2, 0xff, 0xc6, 0xfd, 0xc1, 0xff, 0xc5, 0xfd, 0xc2, 0xff, 0xc3, 0xfd, 0xc3, 0xff, 0xc0, 0xfd, 0xc4, 0xff, 0xbe, 0xfd, 0xc4, 0xff, 0xbc, 0xfe, 0xc4, 0xff, 0xbd, 0xff, 0xc2, 0xff, 0xbe, 0xff, 0xc0, 0xff, 0xbf, 0xff, 0xbe, 0xff, 0xbf, 0xff, 0xbf, 0xff, 0xbd, 0xff, 0xc5, 0xff, 0xbc, 0xfd, 0xc2, 0xff, 0xc3, 0xff, 0xbb, 0xff, 0xbf, 0xfe, 0xbc, 0xff, 0xb6, 0xfc, 0xc9, 0xff, 0x97, 0xef, 0xdb, 0xff, 0x60, 0xd4, 0xf2, 0xff, 0x4d, 0xce, 0xff, 0xff, 0x4d, 0xce, 0xff, 0xff, 0x60, 0xd3, 0xf5, 0xff, 0x95, 0xea, 0xde, 0xff, 0xb4, 0xf8, 0xcc, 0xff, 0xbf, 0xfc, 0xbf, 0xff, 0xc5, 0xff, 0xbe, 0xff, 0xbd, 0xfe, 0xc2, 0xff, 0xbe, 0xff, 0xc6, 0xff, 0xbf, 0xfd, 0xc3, 0xff, 0xbf, 0xfd, 0xc4, 0xff, 0xbe, 0xfd, 0xc5, 0xff, 0xbd, 0xfd, 0xc6, 0xff, 0xbc, 0xfd, 0xc6, 0xff, 0xbe, 0xfc, 0xc6, 0xff, 0xc0, 0xfd, 0xc5, 0xff, 0xc3, 0xfd, 0xc3, 0xff, 0xc5, 0xfe, 0xc0, 0xff, 0xc7, 0xff, 0xc0, 0xff, 0xc6, 0xff, 0xbf, 0xff, 0xc3, 0xff, 0xbf, 0xff, 0xbd, 0xfe, 0xc0, 0xff, 0xb8, 0xfe, 0xc2, 0xff, 0xb5, 0xff, 0xc6, 0xff, 0xb3, 0xff, 0xcb, 0xff, 0xae, 0xfd, 0xce, 0xff, 0xb1, 0xff, 0xd0, 0xff, 0xb5, 0xff, 0xc9, 0xff, 0xb8, 0xfe, 0xc2, 0xff, 0xbd, 0xfd, 0xbf, 0xff, 0xc3, 0xfd, 0xbf, 0xff, 0xc6, 0xfc, 0xc3, 0xff, 0xc5, 0xfa, 0xc4, 0xff, 0xc5, 0xfb, 0xc6, 0xff, 0xc3, 0xfc, 0xc5, 0xff, 0xc0, 0xfe, 0xc2, 0xff, 0xbe, 0xff, 0xbf, 0xff, 0xbd, 0xff, 0xbe, 0xff, 0xbd, 0xff, 0xbd, 0xff, 0xbd, 0xff, 0xbf, 0xff, 0xbe, 0xff, 0xc0, 0xff, 
  0xc3, 0xff, 0xbd, 0xff, 0xc2, 0xff, 0xbe, 0xff, 0xbf, 0xff, 0xc0, 0xff, 0xbc, 0xff, 0xc2, 0xff, 0xba, 0xff, 0xc3, 0xff, 0xbb, 0xff, 0xc3, 0xff, 0xbe, 0xff, 0xc1, 0xff, 0xc0, 0xff, 0xc0, 0xff, 0xc5, 0xff, 0xc0, 0xff, 0xc5, 0xff, 0xbf, 0xff, 0xc1, 0xfe, 0xc1, 0xff, 0xbb, 0xfb, 0xc6, 0xff, 0xb3, 0xfa, 0xcf, 0xff, 0xac, 0xf8, 0xd8, 0xff, 0xa0, 0xf2, 0xdb, 0xff, 0x9a, 0xee, 0xd8, 0xff, 0xa3, 0xf7, 0xd8, 0xff, 0xa9, 0xf9, 0xd4, 0xff, 0xaf, 0xfb, 0xce, 0xff, 0xb5, 0xfb, 0xc8, 0xff, 0xbd, 0xfd, 0xc2, 0xff, 0xc4, 0xff, 0xc2, 0xff, 0xc5, 0xff, 0xc0, 0xff, 0xc3, 0xfd, 0xbf, 0xff, 0xc2, 0xfd, 0xc2, 0xff, 0xc0, 0xfd, 0xc4, 0xff, 0xbe, 0xfd, 0xc6, 0xff, 0xbd, 0xfd, 0xc5, 0xff, 0xbd, 0xfe, 0xc4, 0xff, 0xbe, 0xff, 0xc1, 0xff, 0xc0, 0xff, 0xbe, 0xff, 0xbf, 0xff, 0xbf, 0xff, 0xbd, 0xff, 0xc6, 0xff, 0xbc, 0xfd, 0xc2, 0xff, 0xc4, 0xff, 0xbd, 0xff, 0xc1, 0xff, 0xbc, 0xff, 0xb8, 0xfd, 0xc4, 0xff, 0x9c, 0xf0, 0xd4, 0xff, 0x6a, 0xd7, 0xe8, 0xff, 0x54, 0xcf, 0xf7, 0xff, 0x53, 0xcd, 0xf8, 0xff, 0x68, 0xd4, 0xea, 0xff, 0x9b, 0xec, 0xd8, 0xff, 0xb8, 0xfa, 0xc9, 0xff, 0xc1, 0xfe, 0xbf, 0xff, 0xc5, 0xff, 0xc0, 0xff, 0xbd, 0xfe, 0xc3, 0xff, 0xbc, 0xfe, 0xc6, 0xff, 0xbf, 0xfe, 0xc3, 0xff, 0xc0, 0xfd, 0xc3, 0xff, 0xbe, 0xfc, 0xc6, 0xff, 0xbd, 0xfc, 0xc7, 0xff, 0xbd, 0xfc, 0xc7, 0xff, 0xbe, 0xfc, 0xc6, 0xff, 0xc0, 0xfd, 0xc4, 0xff, 0xc2, 0xfe, 0xc1, 0xff, 0xc5, 0xff, 0xbf, 0xff, 0xc4, 0xff, 0xbd, 0xff, 0xc2, 0xff, 0xbe, 0xff, 0xbd, 0xfe, 0xc1, 0xff, 0xb6, 0xfd, 0xc7, 0xff, 0xaf, 0xfc, 0xcd, 0xff, 0xa8, 0xf9, 0xd2, 0xff, 0xa1, 0xf6, 0xd7, 0xff, 0x97, 0xef, 0xd8, 0xff, 0x9e, 0xf5, 0xda, 0xff, 0xab, 0xfc, 0xd4, 0xff, 0xb3, 0xfe, 0xcb, 0xff, 0xbb, 0xfd, 0xc2, 0xff, 0xc1, 0xfe, 0xbf, 0xff, 0xc6, 0xfe, 0xc0, 0xff, 0xc8, 0xfe, 0xc3, 0xff, 0xc4, 0xfc, 0xc3, 0xff, 0xc1, 0xfd, 0xc3, 0xff, 0xbd, 0xff, 0xc1, 0xff, 0xbc, 0xff, 0xc0, 0xff, 0xbc, 0xff, 0xbe, 0xff, 0xbd, 0xff, 0xbe, 0xff, 0xbf, 0xff, 0xc0, 0xff, 0xc0, 0xfe, 0xc1, 0xff, 
  0xc2, 0xff, 0xbe, 0xff, 0xc1, 0xff, 0xbf, 0xff, 0xbd, 0xff, 0xc1, 0xff, 0xbb, 0xff, 0xc2, 0xff, 0xb9, 0xff, 0xc3, 0xff, 0xbb, 0xff, 0xc1, 0xff, 0xbf, 0xff, 0xbf, 0xff, 0xc3, 0xff, 0xbc, 0xff, 0xc8, 0xff, 0xbb, 0xff, 0xc6, 0xff, 0xbc, 0xff, 0xc2, 0xfe, 0xc1, 0xff, 0xba, 0xfc, 0xcb, 0xff, 0xac, 0xf7, 0xd7, 0xff, 0x97, 0xec, 0xda, 0xff, 0x83, 0xe1, 0xdd, 0xff, 0x7a, 0xda, 0xd9, 0xff, 0x88, 0xe3, 0xd9, 0xff, 0x9b, 0xf1, 0xdc, 0xff, 0xab, 0xfc, 0xdc, 0xff, 0xb2, 0xfe, 0xd2, 0xff, 0xb8, 0xfd, 0xc5, 0xff, 0xbe, 0xfe, 0xbf, 0xff, 0xc3, 0xff, 0xbd, 0xff, 0xc3, 0xfe, 0xbd, 0xff, 0xc2, 0xfe, 0xc1, 0xff, 0xc0, 0xfd, 0xc4, 0xff, 0xbe, 0xfc, 0xc6, 0xff, 0xbd, 0xfc, 0xc6, 0xff, 0xbe, 0xfd, 0xc5, 0xff, 0xbf, 0xfe, 0xc2, 0xff, 0xc1, 0xff, 0xbe, 0xff, 0xc0, 0xff, 0xbf, 0xff, 0xbd, 0xff, 0xc5, 0xff, 0xbb, 0xfc, 0xc1, 0xff, 0xc5, 0xff, 0xbf, 0xff, 0xc3, 0xff, 0xbd, 0xff, 0xbc, 0xfe, 0xc1, 0xff, 0xa4, 0xf3, 0xcd, 0xff, 0x78, 0xdc, 0xdd, 0xff, 0x63, 0xd1, 0xe6, 0xff, 0x63, 0xd0, 0xe8, 0xff, 0x75, 0xd7, 0xdd, 0xff, 0xa3, 0xf0, 0xd1, 0xff, 0xbd, 0xfc, 0xc7, 0xff, 0xc3, 0xff, 0xc0, 0xff, 0xc6, 0xff, 0xc1, 0xff, 0xbd, 0xfe, 0xc3, 0xff, 0xbb, 0xfd, 0xc3, 0xff, 0xc0, 0xfe, 0xc1, 0xff, 0xc1, 0xfe, 0xc1, 0xff, 0xbf, 0xfd, 0xc4, 0xff, 0xbe, 0xfc, 0xc6, 0xff, 0xbd, 0xfc, 0xc6, 0xff, 0xbe, 0xfd, 0xc5, 0xff, 0xc0, 0xfe, 0xc2, 0xff, 0xc2, 0xff, 0xbf, 0xff, 0xc6, 0xff, 0xbe, 0xff, 0xc2, 0xff, 0xbb, 0xff, 0xbc, 0xfd, 0xbc, 0xff, 0xb8, 0xfc, 0xc5, 0xff, 0xb2, 0xfd, 0xd3, 0xff, 0xa7, 0xf7, 0xd9, 0xff, 0x97, 0xec, 0xda, 0xff, 0x86, 0xe0, 0xd9, 0xff, 0x7b, 0xda, 0xd9, 0xff, 0x83, 0xe2, 0xdb, 0xff, 0x99, 0xf1, 0xd7, 0xff, 0xac, 0xfc, 0xd1, 0xff, 0xba, 0xff, 0xc7, 0xff, 0xc1, 0xff, 0xbf, 0xff, 0xc5, 0xfe, 0xbd, 0xff, 0xc7, 0xff, 0xc0, 0xff, 0xc2, 0xfe, 0xc1, 0xff, 0xbf, 0xfe, 0xc2, 0xff, 0xbb, 0xff, 0xc1, 0xff, 0xba, 0xff, 0xc0, 0xff, 0xbb, 0xff, 0xbf, 0xff, 0xbe, 0xff, 0xbf, 0xff, 0xc1, 0xfe, 0xc2, 0xff, 0xc3, 0xfd, 0xc3, 0xff, 
  0xc1, 0xff, 0xc0, 0xff, 0xbf, 0xff, 0xc1, 0xff, 0xbb, 0xff, 0xc2, 0xff, 0xb9, 0xff, 0xc3, 0xff, 0xb9, 0xff, 0xc2, 0xff, 0xbb, 0xff, 0xc0, 0xff, 0xc1, 0xff, 0xbc, 0xff, 0xc6, 0xff, 0xb9, 0xff, 0xca, 0xff, 0xb7, 0xff, 0xc7, 0xff, 0xb8, 0xff, 0xc1, 0xfd, 0xc0, 0xff, 0xb7, 0xfb, 0xcf, 0xff, 0xa0, 0xf1, 0xda, 0xff, 0x83, 0xe0, 0xdc, 0xff, 0x6b, 0xd4, 0xe2, 0xff, 0x66, 0xd1, 0xe3, 0xff, 0x74, 0xd6, 0xde, 0xff, 0x87, 0xe2, 0xdd, 0xff, 0x9b, 0xf1, 0xdd, 0xff, 0xaa, 0xfa, 0xd6, 0xff, 0xb5, 0xfe, 0xc9, 0xff, 0xbb, 0xff, 0xbf, 0xff, 0xc0, 0xff, 0xbb, 0xff, 0xc3, 0xff, 0xbb, 0xff, 0xc2, 0xff, 0xbf, 0xff, 0xc0, 0xfe, 0xc2, 0xff, 0xbf, 0xfc, 0xc6, 0xff, 0xbe, 0xfc, 0xc7, 0xff, 0xbf, 0xfd, 0xc5, 0xff, 0xc0, 0xfe, 0xc3, 0xff, 0xc2, 0xff, 0xbf, 0xff, 0xc1, 0xff, 0xbf, 0xff, 0xbf, 0xff, 0xc4, 0xff, 0xba, 0xfa, 0xbf, 0xff, 0xc2, 0xff, 0xbf, 0xff, 0xc3, 0xff, 0xbd, 0xff, 0xc0, 0xff, 0xbe, 0xff, 0xb3, 0xfb, 0xc9, 0xff, 0x94, 0xea, 0xd6, 0xff, 0x83, 0xe0, 0xdc, 0xff, 0x84, 0xe0, 0xde, 0xff, 0x90, 0xe4, 0xd5, 0xff, 0xb1, 0xf6, 0xcc, 0xff, 0xc1, 0xff, 0xc4, 0xff, 0xc2, 0xff, 0xbf, 0xff, 0xc3, 0xff, 0xc1, 0xff, 0xbe, 0xfe, 0xc2, 0xff, 0xbd, 0xfd, 0xc1, 0xff, 0xc1, 0xff, 0xbe, 0xff, 0xc2, 0xff, 0xbd, 0xff, 0xc0, 0xff, 0xc1, 0xff, 0xbf, 0xfe, 0xc3, 0xff, 0xbe, 0xfd, 0xc4, 0xff, 0xbf, 0xfe, 0xc3, 0xff, 0xc0, 0xff, 0xbf, 0xff, 0xc2, 0xff, 0xbc, 0xff, 0xc3, 0xff, 0xb9, 0xff, 0xc0, 0xff, 0xba, 0xff, 0xba, 0xfd, 0xbf, 0xff, 0xb3, 0xfb, 0xca, 0xff, 0xa8, 0xf6, 0xd8, 0xff, 0x98, 0xeb, 0xe0, 0xff, 0x85, 0xdc, 0xe2, 0xff, 0x73, 0xd1, 0xe1, 0xff, 0x6a, 0xcf, 0xe5, 0xff, 0x6f, 0xd4, 0xe0, 0xff, 0x87, 0xe4, 0xd8, 0xff, 0xa1, 0xf6, 0xd3, 0xff, 0xb6, 0xff, 0xc9, 0xff, 0xbe, 0xff, 0xbd, 0xff, 0xc2, 0xfe, 0xba, 0xff, 0xc5, 0xff, 0xbc, 0xff, 0xc1, 0xff, 0xbf, 0xff, 0xbd, 0xff, 0xc0, 0xff, 0xb9, 0xff, 0xc0, 0xff, 0xb8, 0xff, 0xbf, 0xff, 0xbb, 0xff, 0xc0, 0xff, 0xbf, 0xff, 0xc1, 0xff, 0xc3, 0xfc, 0xc4, 0xff, 0xc5, 0xfb, 0xc5, 0xff, 
  0xc0, 0xff, 0xbf, 0xff, 0xbf, 0xff, 0xc0, 0xff, 0xbc, 0xff, 0xc2, 0xff, 0xba, 0xff, 0xc3, 0xff, 0xba, 0xff, 0xc3, 0xff, 0xbc, 0xff, 0xc0, 0xff, 0xc1, 0xff, 0xbc, 0xff, 0xc6, 0xff, 0xb8, 0xff, 0xca, 0xff, 0xb7, 0xff, 0xc6, 0xff, 0xb7, 0xff, 0xbf, 0xfe, 0xc0, 0xff, 0xb5, 0xfc, 0xce, 0xff, 0x9b, 0xee, 0xd8, 0xff, 0x7e, 0xdc, 0xdb, 0xff, 0x6a, 0xd4, 0xe5, 0xff, 0x69, 0xd6, 0xf0, 0xff, 0x6a, 0xd2, 0xe9, 0xff, 0x71, 0xd5, 0xe4, 0xff, 0x80, 0xe0, 0xdf, 0xff, 0x97, 0xf0, 0xdc, 0xff, 0xae, 0xff, 0xd2, 0xff, 0xb9, 0xff, 0xc4, 0xff, 0xc0, 0xff, 0xbb, 0xff, 0xc4, 0xff, 0xb9, 0xff, 0xc4, 0xff, 0xbd, 0xff, 0xc2, 0xff, 0xc0, 0xff, 0xbe, 0xfd, 0xc4, 0xff, 0xbd, 0xfd, 0xc5, 0xff, 0xbe, 0xfe, 0xc3, 0xff, 0xbf, 0xfe, 0xc2, 0xff, 0xc1, 0xfe, 0xc1, 0xff, 0xc2, 0xfe, 0xc2, 0xff, 0xc3, 0xff, 0xc6, 0xff, 0xbc, 0xfa, 0xbe, 0xff, 0xc1, 0xff, 0xbf, 0xff, 0xc1, 0xff, 0xbc, 0xff, 0xc1, 0xff, 0xbc, 0xff, 0xbf, 0xff, 0xc8, 0xff, 0xae, 0xf8, 0xd1, 0xff, 0xa4, 0xf3, 0xd5, 0xff, 0xa6, 0xf4, 0xd8, 0xff, 0xaa, 0xf3, 0xcf, 0xff, 0xbd, 0xfe, 0xc9, 0xff, 0xc2, 0xff, 0xc0, 0xff, 0xbe, 0xfb, 0xbb, 0xff, 0xc1, 0xff, 0xbf, 0xff, 0xc0, 0xfe, 0xc2, 0xff, 0xc1, 0xff, 0xc3, 0xff, 0xc0, 0xff, 0xbd, 0xff, 0xbf, 0xff, 0xbc, 0xff, 0xbf, 0xff, 0xbf, 0xff, 0xbf, 0xff, 0xc1, 0xff, 0xbf, 0xfe, 0xc2, 0xff, 0xc1, 0xff, 0xc0, 0xff, 0xc4, 0xff, 0xbc, 0xff, 0xc5, 0xff, 0xba, 0xff, 0xc2, 0xff, 0xb6, 0xff, 0xc0, 0xff, 0xbe, 0xff, 0xb9, 0xff, 0xca, 0xff, 0xaa, 0xf9, 0xd5, 0xff, 0x92, 0xe9, 0xde, 0xff, 0x7e, 0xdb, 0xe4, 0xff, 0x70, 0xd0, 0xe9, 0xff, 0x6a, 0xcd, 0xec, 0xff, 0x6e, 0xd4, 0xf1, 0xff, 0x71, 0xd5, 0xe4, 0xff, 0x83, 0xe0, 0xd7, 0xff, 0x9f, 0xf4, 0xd4, 0xff, 0xb6, 0xff, 0xca, 0xff, 0xbd, 0xff, 0xbd, 0xff, 0xc1, 0xff, 0xb8, 0xff, 0xc6, 0xff, 0xbc, 0xff, 0xc0, 0xff, 0xbd, 0xff, 0xbd, 0xff, 0xbf, 0xff, 0xb9, 0xff, 0xc0, 0xff, 0xb8, 0xff, 0xc1, 0xff, 0xbb, 0xff, 0xc1, 0xff, 0xbf, 0xfe, 0xc2, 0xff, 0xc4, 0xfd, 0xc3, 0xff, 0xc6, 0xfc, 0xc4, 0xff, 
  0xc1, 0xff, 0xbc, 0xff, 0xc0, 0xff, 0xbe, 0xff, 0xbe, 0xff, 0xc1, 0xff, 0xbc, 0xfe, 0xc3, 0xff, 0xbc, 0xfe, 0xc4, 0xff, 0xbd, 0xff, 0xc2, 0xff, 0xc1, 0xff, 0xbe, 0xff, 0xc3, 0xff, 0xbb, 0xff, 0xc5, 0xff, 0xb8, 0xff, 0xc2, 0xff, 0xb8, 0xff, 0xbe, 0xff, 0xc0, 0xff, 0xb5, 0xff, 0xcc, 0xff, 0xa2, 0xf3, 0xd5, 0xff, 0x8a, 0xe3, 0xd9, 0xff, 0x77, 0xd8, 0xdf, 0xff, 0x6c, 0xd3, 0xea, 0xff, 0x61, 0xcf, 0xf3, 0xff, 0x62, 0xd2, 0xf7, 0xff, 0x63, 0xd2, 0xeb, 0xff, 0x77, 0xde, 0xe0, 0xff, 0x9f, 0xf8, 0xd8, 0xff, 0xb5, 0xff, 0xca, 0xff, 0xbd, 0xff, 0xba, 0xff, 0xc7, 0xff, 0xba, 0xff, 0xc8, 0xff, 0xbc, 0xff, 0xc4, 0xff, 0xbe, 0xff, 0xbc, 0xfe, 0xc0, 0xff, 0xb8, 0xff, 0xc0, 0xff, 0xbc, 0xff, 0xbf, 0xff, 0xbe, 0xff, 0xc1, 0xff, 0xc0, 0xfe, 0xc6, 0xff, 0xc1, 0xfc, 0xc6, 0xff, 0xc1, 0xfc, 0xc3, 0xff, 0xc2, 0xfe, 0xc2, 0xff, 0xc4, 0xff, 0xc1, 0xff, 0xc3, 0xff, 0xc0, 0xff, 0xc2, 0xff, 0xbe, 0xff, 0xbe, 0xfe, 0xbe, 0xff, 0xb9, 0xfc, 0xc2, 0xff, 0xb7, 0xfb, 0xc4, 0xff, 0xb8, 0xfc, 0xc5, 0xff, 0xbb, 0xfe, 0xc4, 0xff, 0xbf, 0xff, 0xc1, 0xff, 0xc3, 0xff, 0xc0, 0xff, 0xc3, 0xff, 0xc0, 0xff, 0xc4, 0xff, 0xc1, 0xff, 0xc3, 0xff, 0xc3, 0xff, 0xc0, 0xff, 0xc1, 0xff, 0xbc, 0xff, 0xbf, 0xff, 0xb9, 0xff, 0xbd, 0xff, 0xba, 0xff, 0xbe, 0xff, 0xbc, 0xff, 0xbf, 0xff, 0xbf, 0xff, 0xc1, 0xff, 0xc4, 0xff, 0xbe, 0xff, 0xcb, 0xff, 0xb9, 0xff, 0xcd, 0xff, 0xb7, 0xff, 0xcb, 0xff, 0xbd, 0xff, 0xbb, 0xfb, 0xbf, 0xff, 0xae, 0xfa, 0xd0, 0xff, 0x97, 0xf1, 0xde, 0xff, 0x70, 0xd9, 0xe4, 0xff, 0x61, 0xd0, 0xef, 0xff, 0x64, 0xd4, 0xfc, 0xff, 0x64, 0xcf, 0xf4, 0xff, 0x69, 0xca, 0xe0, 0xff, 0x7f, 0xda, 0xde, 0xff, 0x96, 0xec, 0xdd, 0xff, 0xa9, 0xfa, 0xd6, 0xff, 0xb5, 0xff, 0xc8, 0xff, 0xbc, 0xff, 0xbc, 0xff, 0xc1, 0xff, 0xb8, 0xff, 0xc3, 0xff, 0xb8, 0xff, 0xc0, 0xff, 0xbc, 0xff, 0xbe, 0xff, 0xc0, 0xff, 0xbc, 0xfe, 0xc3, 0xff, 0xbb, 0xfe, 0xc4, 0xff, 0xbd, 0xfe, 0xc4, 0xff, 0xbf, 0xfe, 0xc3, 0xff, 0xc2, 0xfe, 0xc1, 0xff, 0xc4, 0xfe, 0xc0, 0xff, 
  0xc1, 0xff, 0xbb, 0xff, 0xc0, 0xff, 0xbc, 0xff, 0xbe, 0xff, 0xc0, 0xff, 0xbd, 0xfe, 0xc2, 0xff, 0xbc, 0xfe, 0xc4, 0xff, 0xbd, 0xfe, 0xc3, 0xff, 0xc0, 0xff, 0xc0, 0xff, 0xc2, 0xff, 0xbd, 0xff, 0xc3, 0xff, 0xba, 0xff, 0xc1, 0xff, 0xb9, 0xff, 0xbc, 0xff, 0xbd, 0xff, 0xb5, 0xfd, 0xc7, 0xff, 0xac, 0xfa, 0xd5, 0xff, 0x9e, 0xf2, 0xdd, 0xff, 0x8a, 0xe3, 0xdd, 0xff, 0x71, 0xd3, 0xe1, 0xff, 0x61, 0xd1, 0xf5, 0xff, 0x5b, 0xd1, 0xfe, 0xff, 0x5b, 0xd1, 0xf7, 0xff, 0x64, 0xd3, 0xe9, 0xff, 0x7d, 0xe1, 0xdb, 0xff, 0x9f, 0xf6, 0xd8, 0xff, 0xba, 0xff, 0xcd, 0xff, 0xc1, 0xfc, 0xbe, 0xff, 0xc8, 0xfe, 0xbf, 0xff, 0xc6, 0xfe, 0xbf, 0xff, 0xbd, 0xff, 0xc0, 0xff, 0xb8, 0xff, 0xc0, 0xff, 0xb8, 0xff, 0xbf, 0xff, 0xba, 0xff, 0xbf, 0xff, 0xc0, 0xfc, 0xc3, 0xff, 0xc3, 0xfb, 0xc4, 0xff, 0xc0, 0xfb, 0xc1, 0xff, 0xbf, 0xfc, 0xc0, 0xff, 0xbf, 0xfc, 0xc0, 0xff, 0xbf, 0xfc, 0xbf, 0xff, 0xbf, 0xfd, 0xbe, 0xff, 0xc1, 0xfe, 0xbf, 0xff, 0xc2, 0xff, 0xbf, 0xff, 0xc3, 0xff, 0xc0, 0xff, 0xc4, 0xff, 0xc1, 0xff, 0xc3, 0xff, 0xc0, 0xff, 0xc2, 0xff, 0xbf, 0xff, 0xc0, 0xfe, 0xbf, 0xff, 0xc0, 0xfd, 0xc0, 0xff, 0xc0, 0xfd, 0xc1, 0xff, 0xc0, 0xfd, 0xc1, 0xff, 0xbf, 0xfe, 0xc0, 0xff, 0xbe, 0xff, 0xbd, 0xff, 0xbc, 0xff, 0xbd, 0xff, 0xba, 0xff, 0xc1, 0xff, 0xbb, 0xff, 0xc2, 0xff, 0xc0, 0xff, 0xc2, 0xff, 0xc6, 0xff, 0xc1, 0xff, 0xcd, 0xff, 0xbc, 0xff, 0xcd, 0xff, 0xbd, 0xff, 0xbf, 0xfa, 0xbf, 0xff, 0xb2, 0xf8, 0xcf, 0xff, 0x96, 0xee, 0xdd, 0xff, 0x76, 0xdd, 0xe3, 0xff, 0x5e, 0xd0, 0xeb, 0xff, 0x58, 0xce, 0xf7, 0xff, 0x5b, 0xd0, 0xfc, 0xff, 0x63, 0xcf, 0xf1, 0xff, 0x7a, 0xd7, 0xe2, 0xff, 0x90, 0xe4, 0xdb, 0xff, 0xa1, 0xf1, 0xd9, 0xff, 0xaf, 0xfb, 0xd2, 0xff, 0xb8, 0xff, 0xc6, 0xff, 0xbd, 0xff, 0xbc, 0xff, 0xc1, 0xff, 0xb8, 0xff, 0xc4, 0xff, 0xba, 0xff, 0xc1, 0xff, 0xbd, 0xff, 0xbf, 0xff, 0xc1, 0xff, 0xbd, 0xfd, 0xc4, 0xff, 0xbd, 0xfd, 0xc6, 0xff, 0xbe, 0xfd, 0xc4, 0xff, 0xbf, 0xfe, 0xc2, 0xff, 0xc2, 0xff, 0xbf, 0xff, 0xc3, 0xff, 0xbd, 0xff, 
  0xbf, 0xff, 0xba, 0xff, 0xbe, 0xff, 0xbc, 0xff, 0xbd, 0xff, 0xbf, 0xff, 0xbc, 0xff, 0xc2, 0xff, 0xbb, 0xfe, 0xc4, 0xff, 0xbd, 0xfe, 0xc4, 0xff, 0xc0, 0xfe, 0xc2, 0xff, 0xc3, 0xff, 0xbf, 0xff, 0xc5, 0xff, 0xbc, 0xff, 0xc4, 0xff, 0xbc, 0xff, 0xc0, 0xfe, 0xbe, 0xff, 0xb9, 0xfb, 0xc3, 0xff, 0xb3, 0xfc, 0xd1, 0xff, 0xab, 0xfb, 0xdb, 0xff, 0x9b, 0xef, 0xda, 0xff, 0x81, 0xdf, 0xdd, 0xff, 0x64, 0xd2, 0xeb, 0xff, 0x59, 0xcf, 0xf5, 0xff, 0x60, 0xd3, 0xfa, 0xff, 0x5f, 0xd1, 0xf6, 0xff, 0x58, 0xca, 0xea, 0xff, 0x76, 0xdd, 0xea, 0xff, 0xa5, 0xf4, 0xe0, 0xff, 0xb7, 0xf6, 0xcd, 0xff, 0xc2, 0xf8, 0xc6, 0xff, 0xc5, 0xfb, 0xc3, 0xff, 0xbf, 0xfe, 0xc2, 0xff, 0xbb, 0xff, 0xc3, 0xff, 0xb6, 0xff, 0xc5, 0xff, 0xba, 0xff, 0xc4, 0xff, 0xc8, 0xff, 0xc0, 0xff, 0xcb, 0xff, 0xc0, 0xff, 0xc2, 0xff, 0xc4, 0xff, 0xbe, 0xff, 0xc6, 0xff, 0xbe, 0xff, 0xc5, 0xff, 0xbf, 0xfd, 0xc4, 0xff, 0xc1, 0xfd, 0xc4, 0xff, 0xc1, 0xfc, 0xc3, 0xff, 0xc2, 0xfb, 0xc3, 0xff, 0xc3, 0xfb, 0xc3, 0xff, 0xc1, 0xf9, 0xc1, 0xff, 0xc1, 0xfa, 0xc2, 0xff, 0xc0, 0xfb, 0xc2, 0xff, 0xc0, 0xfc, 0xc3, 0xff, 0xbf, 0xfd, 0xc4, 0xff, 0xbe, 0xff, 0xc5, 0xff, 0xbe, 0xff, 0xc6, 0xff, 0xc2, 0xff, 0xc3, 0xff, 0xcb, 0xff, 0xbc, 0xff, 0xc9, 0xff, 0xbd, 0xff, 0xbc, 0xfe, 0xc6, 0xff, 0xb8, 0xfd, 0xc8, 0xff, 0xbc, 0xfd, 0xc4, 0xff, 0xc1, 0xfe, 0xc2, 0xff, 0xc4, 0xfe, 0xc0, 0xff, 0xbf, 0xfb, 0xc5, 0xff, 0xb2, 0xf6, 0xd1, 0xff, 0x99, 0xec, 0xe1, 0xff, 0x6c, 0xd6, 0xed, 0xff, 0x55, 0xc9, 0xf1, 0xff, 0x5d, 0xd0, 0xf6, 0xff, 0x62, 0xd3, 0xf8, 0xff, 0x60, 0xcf, 0xf3, 0xff, 0x6b, 0xd2, 0xe8, 0xff, 0x8f, 0xe9, 0xe4, 0xff, 0xa1, 0xf1, 0xd9, 0xff, 0xac, 0xf8, 0xd5, 0xff, 0xb5, 0xfc, 0xcd, 0xff, 0xbc, 0xfe, 0xc3, 0xff, 0xc0, 0xff, 0xbd, 0xff, 0xc4, 0xff, 0xbc, 0xff, 0xc6, 0xff, 0xbd, 0xff, 0xc2, 0xff, 0xbf, 0xff, 0xc0, 0xfe, 0xc2, 0xff, 0xbd, 0xfd, 0xc5, 0xff, 0xbd, 0xfd, 0xc5, 0xff, 0xbe, 0xfe, 0xc3, 0xff, 0xbf, 0xff, 0xc1, 0xff, 0xc1, 0xff, 0xbe, 0xff, 0xc2, 0xff, 0xbd, 0xff, 
  0xbe, 0xff, 0xba, 0xff, 0xbd, 0xff, 0xbb, 0xff, 0xbc, 0xff, 0xbf, 0xff, 0xbb, 0xff, 0xc1, 0xff, 0xbb, 0xfe, 0xc3, 0xff, 0xbc, 0xfe, 0xc4, 0xff, 0xbf, 0xfe, 0xc3, 0xff, 0xc3, 0xfe, 0xc1, 0xff, 0xc6, 0xfe, 0xbf, 0xff, 0xc8, 0xff, 0xc1, 0xff, 0xc5, 0xff, 0xc1, 0xff, 0xbf, 0xfc, 0xc2, 0xff, 0xb7, 0xfb, 0xc8, 0xff, 0xb1, 0xfa, 0xcf, 0xff, 0xaa, 0xf8, 0xd3, 0xff, 0x9a, 0xf3, 0xdd, 0xff, 0x79, 0xe0, 0xe2, 0xff, 0x61, 0xd0, 0xe6, 0xff, 0x5d, 0xcf, 0xf4, 0xff, 0x5e, 0xd2, 0xff, 0xff, 0x56, 0xcd, 0xfe, 0xff, 0x61, 0xcf, 0xef, 0xff, 0x8b, 0xe2, 0xe1, 0xff, 0xae, 0xf4, 0xd9, 0xff, 0xbf, 0xf8, 0xcb, 0xff, 0xc6, 0xfc, 0xc3, 0xff, 0xc2, 0xff, 0xc2, 0xff, 0xbd, 0xff, 0xc2, 0xff, 0xb5, 0xff, 0xc4, 0xff, 0xb9, 0xff, 0xc3, 0xff, 0xc8, 0xff, 0xbf, 0xff, 0xcb, 0xff, 0xc1, 0xff, 0xba, 0xfa, 0xc1, 0xff, 0xb5, 0xfb, 0xc6, 0xff, 0xb6, 0xfc, 0xca, 0xff, 0xb6, 0xfc, 0xce, 0xff, 0xb7, 0xfc, 0xd3, 0xff, 0xb6, 0xfb, 0xd6, 0xff, 0xb4, 0xf9, 0xd7, 0xff, 0xb3, 0xf7, 0xd7, 0xff, 0xb2, 0xf6, 0xd6, 0xff, 0xb3, 0xf8, 0xd6, 0xff, 0xb4, 0xf9, 0xd4, 0xff, 0xb6, 0xfb, 0xd2, 0xff, 0xb6, 0xfc, 0xce, 0xff, 0xb6, 0xfc, 0xca, 0xff, 0xb6, 0xfc, 0xc7, 0xff, 0xbc, 0xfc, 0xc1, 0xff, 0xcb, 0xfd, 0xbc, 0xff, 0xca, 0xfd, 0xbd, 0xff, 0xbb, 0xfb, 0xc5, 0xff, 0xb6, 0xfc, 0xc7, 0xff, 0xb9, 0xfc, 0xc1, 0xff, 0xbc, 0xfd, 0xbf, 0xff, 0xbe, 0xfd, 0xc0, 0xff, 0xb7, 0xfa, 0xca, 0xff, 0xa6, 0xf3, 0xde, 0xff, 0x81, 0xdd, 0xe4, 0xff, 0x5b, 0xcc, 0xf3, 0xff, 0x53, 0xcb, 0xff, 0xff, 0x5d, 0xd2, 0xfc, 0xff, 0x63, 0xd1, 0xf0, 0xff, 0x6e, 0xd5, 0xe7, 0xff, 0x83, 0xe2, 0xe1, 0xff, 0xa2, 0xf6, 0xdd, 0xff, 0xaf, 0xfb, 0xd2, 0xff, 0xb5, 0xfc, 0xcd, 0xff, 0xbb, 0xfe, 0xc8, 0xff, 0xc0, 0xfe, 0xc2, 0xff, 0xc4, 0xff, 0xbf, 0xff, 0xc6, 0xff, 0xbe, 0xff, 0xc6, 0xfe, 0xbf, 0xff, 0xc3, 0xfe, 0xc1, 0xff, 0xc0, 0xfd, 0xc3, 0xff, 0xbe, 0xfd, 0xc5, 0xff, 0xbd, 0xfd, 0xc5, 0xff, 0xbd, 0xfe, 0xc3, 0xff, 0xbf, 0xff, 0xc0, 0xff, 0xc0, 0xff, 0xbe, 0xff, 0xc1, 0xff, 0xbc, 0xff, 
  0xbe, 0xff, 0xbb, 0xff, 0xbd, 0xff, 0xbc, 0xff, 0xbc, 0xff, 0xbe, 0xff, 0xbb, 0xff, 0xc0, 0xff, 0xbb, 0xff, 0xc3, 0xff, 0xbc, 0xfe, 0xc4, 0xff, 0xbf, 0xfd, 0xc4, 0xff, 0xc2, 0xfd, 0xc3, 0xff, 0xc7, 0xfe, 0xc3, 0xff, 0xc8, 0xfd, 0xc1, 0xff, 0xc8, 0xfe, 0xc2, 0xff, 0xc5, 0xfe, 0xc2, 0xff, 0xbf, 0xfc, 0xc2, 0xff, 0xb8, 0xfa, 0xc2, 0xff, 0xb4, 0xfc, 0xc6, 0xff, 0xb1, 0xff, 0xd1, 0xff, 0x9f, 0xf8, 0xd8, 0xff, 0x7d, 0xe1, 0xdb, 0xff, 0x59, 0xcb, 0xeb, 0xff, 0x57, 0xce, 0xff, 0xff, 0x63, 0xd6, 0xff, 0xff, 0x66, 0xd1, 0xef, 0xff, 0x7a, 0xda, 0xde, 0xff, 0xa0, 0xf2, 0xdc, 0xff, 0xbb, 0xfb, 0xca, 0xff, 0xc6, 0xff, 0xbe, 0xff, 0xc2, 0xff, 0xbd, 0xff, 0xbe, 0xff, 0xbd, 0xff, 0xb8, 0xff, 0xbe, 0xff, 0xb8, 0xfe, 0xbe, 0xff, 0xbf, 0xfc, 0xbf, 0xff, 0xc0, 0xfc, 0xc2, 0xff, 0xb9, 0xfc, 0xc8, 0xff, 0xb0, 0xf8, 0xcc, 0xff, 0xa8, 0xf4, 0xd0, 0xff, 0xa0, 0xf1, 0xd7, 0xff, 0x96, 0xec, 0xde, 0xff, 0x8c, 0xe7, 0xe4, 0xff, 0x84, 0xe3, 0xe8, 0xff, 0x7f, 0xe0, 0xe9, 0xff, 0x81, 0xe2, 0xeb, 0xff, 0x85, 0xe4, 0xe9, 0xff, 0x8d, 0xe8, 0xe5, 0xff, 0x97, 0xed, 0xdf, 0xff, 0xa1, 0xf2, 0xd8, 0xff, 0xaa, 0xf6, 0xd2, 0xff, 0xb2, 0xfb, 0xce, 0xff, 0xba, 0xfc, 0xc9, 0xff, 0xc3, 0xf9, 0xc3, 0xff, 0xc5, 0xfb, 0xc3, 0xff, 0xbb, 0xfc, 0xc4, 0xff, 0xb7, 0xfe, 0xc2, 0xff, 0xb9, 0xff, 0xbd, 0xff, 0xbc, 0xff, 0xbc, 0xff, 0xbe, 0xff, 0xbe, 0xff, 0xb4, 0xfe, 0xcd, 0xff, 0x96, 0xed, 0xde, 0xff, 0x73, 0xd5, 0xe2, 0xff, 0x64, 0xd0, 0xf2, 0xff, 0x5f, 0xd2, 0xfd, 0xff, 0x56, 0xcd, 0xf4, 0xff, 0x63, 0xd2, 0xe8, 0xff, 0x8b, 0xe9, 0xde, 0xff, 0xa6, 0xf9, 0xd6, 0xff, 0xb2, 0xfe, 0xcd, 0xff, 0xb8, 0xff, 0xc6, 0xff, 0xbc, 0xfe, 0xc3, 0xff, 0xc0, 0xfe, 0xc2, 0xff, 0xc5, 0xfe, 0xc0, 0xff, 0xc7, 0xfe, 0xbf, 0xff, 0xc8, 0xfd, 0xc0, 0xff, 0xc5, 0xfc, 0xc0, 0xff, 0xc3, 0xfd, 0xc3, 0xff, 0xc0, 0xfd, 0xc4, 0xff, 0xbe, 0xfd, 0xc5, 0xff, 0xbc, 0xfe, 0xc4, 0xff, 0xbd, 0xff, 0xc2, 0xff, 0xbe, 0xff, 0xc0, 0xff, 0xc0, 0xff, 0xbd, 0xff, 0xc1, 0xff, 0xbc, 0xff, 
  0xbe, 0xff, 0xbc, 0xff, 0xbe, 0xff, 0xbd, 0xff, 0xbc, 0xff, 0xbe, 0xff, 0xbb, 0xff, 0xc0, 0xff, 0xbb, 0xff, 0xc1, 0xff, 0xbc, 0xfe, 0xc3, 0xff, 0xbe, 0xfe, 0xc4, 0xff, 0xc1, 0xfd, 0xc4, 0xff, 0xc8, 0xfe, 0xc6, 0xff, 0xc6, 0xfa, 0xc1, 0xff, 0xc6, 0xfa, 0xc0, 0xff, 0xc9, 0xff, 0xc3, 0xff, 0xc7, 0xff, 0xc3, 0xff, 0xc1, 0xff, 0xbf, 0xff, 0xbb, 0xfe, 0xbc, 0xff, 0xb8, 0xff, 0xc1, 0xff, 0xb1, 0xfd, 0xc6, 0xff, 0x9e, 0xf5, 0xd7, 0xff, 0x75, 0xdc, 0xe9, 0xff, 0x60, 0xce, 0xee, 0xff, 0x65, 0xd0, 0xee, 0xff, 0x6a, 0xd1, 0xe1, 0xff, 0x7f, 0xde, 0xd6, 0xff, 0xa4, 0xf8, 0xd8, 0xff, 0xb7, 0xfc, 0xc3, 0xff, 0xc1, 0xff, 0xba, 0xff, 0xc1, 0xff, 0xba, 0xff, 0xbf, 0xff, 0xbc, 0xff, 0xbc, 0xff, 0xc0, 0xff, 0xb8, 0xff, 0xc5, 0xff, 0xb3, 0xfb, 0xcc, 0xff, 0xad, 0xf8, 0xd3, 0xff, 0xa4, 0xf4, 0xd9, 0xff, 0x98, 0xed, 0xda, 0xff, 0x8c, 0xe5, 0xdb, 0xff, 0x7f, 0xde, 0xdd, 0xff, 0x73, 0xd9, 0xe2, 0xff, 0x69, 0xd4, 0xe8, 0xff, 0x60, 0xd1, 0xec, 0xff, 0x5c, 0xcf, 0xee, 0xff, 0x5d, 0xd0, 0xef, 0xff, 0x60, 0xd1, 0xec, 0xff, 0x68, 0xd3, 0xe7, 0xff, 0x72, 0xd8, 0xe1, 0xff, 0x7f, 0xde, 0xdd, 0xff, 0x8d, 0xe6, 0xdc, 0xff, 0x98, 0xed, 0xda, 0xff, 0xa3, 0xf2, 0xd8, 0xff, 0xb0, 0xf5, 0xd6, 0xff, 0xb8, 0xf9, 0xd2, 0xff, 0xb9, 0xfe, 0xcb, 0xff, 0xba, 0xff, 0xc4, 0xff, 0xba, 0xff, 0xbd, 0xff, 0xba, 0xff, 0xba, 0xff, 0xbb, 0xff, 0xbb, 0xff, 0xb3, 0xfe, 0xc8, 0xff, 0x9d, 0xf1, 0xdb, 0xff, 0x7d, 0xda, 0xdc, 0xff, 0x6f, 0xd3, 0xe5, 0xff, 0x69, 0xd3, 0xeb, 0xff, 0x65, 0xd2, 0xe7, 0xff, 0x80, 0xe6, 0xe6, 0xff, 0xa8, 0xfc, 0xd8, 0xff, 0xb3, 0xfd, 0xc3, 0xff, 0xba, 0xff, 0xbf, 0xff, 0xbd, 0xff, 0xbc, 0xff, 0xc0, 0xff, 0xbd, 0xff, 0xc4, 0xff, 0xbf, 0xff, 0xc7, 0xfe, 0xbf, 0xff, 0xc8, 0xfd, 0xc0, 0xff, 0xc8, 0xfc, 0xc2, 0xff, 0xc5, 0xfb, 0xc2, 0xff, 0xc3, 0xfd, 0xc4, 0xff, 0xc0, 0xfd, 0xc4, 0xff, 0xbd, 0xfe, 0xc3, 0xff, 0xbc, 0xfe, 0xc3, 0xff, 0xbd, 0xff, 0xc1, 0xff, 0xbe, 0xff, 0xc0, 0xff, 0xc1, 0xff, 0xbe, 0xff, 0xc2, 0xff, 0xbe, 0xff, 
  0xbf, 0xff, 0xbf, 0xff, 0xbe, 0xff, 0xbf, 0xff, 0xbd, 0xff, 0xbf, 0xff, 0xbb, 0xff, 0xbf, 0xff, 0xbb, 0xff, 0xc0, 0xff, 0xbb, 0xff, 0xc1, 0xff, 0xbd, 0xfe, 0xc2, 0xff, 0xc0, 0xfd, 0xc3, 0xff, 0xc5, 0xfd, 0xc5, 0xff, 0xc6, 0xfb, 0xc3, 0xff, 0xc6, 0xfa, 0xc1, 0xff, 0xc8, 0xfd, 0xc1, 0xff, 0xc8, 0xff, 0xc1, 0xff, 0xc5, 0xff, 0xbd, 0xff, 0xc1, 0xff, 0xb9, 0xff, 0xbd, 0xff, 0xb7, 0xff, 0xba, 0xfc, 0xb7, 0xff, 0xb7, 0xfd, 0xca, 0xff, 0xa3, 0xf2, 0xde, 0xff, 0x8a, 0xe1, 0xe0, 0xff, 0x78, 0xd8, 0xdc, 0xff, 0x7e, 0xdd, 0xd5, 0xff, 0x99, 0xf0, 0xca, 0xff, 0xb3, 0xff, 0xc8, 0xff, 0xb8, 0xff, 0xbd, 0xff, 0xbd, 0xff, 0xba, 0xff, 0xbf, 0xff, 0xbc, 0xff, 0xbf, 0xff, 0xc0, 0xff, 0xbd, 0xff, 0xc5, 0xff, 0xb0, 0xfb, 0xce, 0xff, 0x99, 0xf0, 0xdb, 0xff, 0x87, 0xe7, 0xe6, 0xff, 0x70, 0xd8, 0xe6, 0xff, 0x68, 0xd3, 0xea, 0xff, 0x63, 0xd0, 0xe9, 0xff, 0x60, 0xd0, 0xeb, 0xff, 0x5e, 0xd1, 0xef, 0xff, 0x5d, 0xd3, 0xf2, 0xff, 0x5c, 0xd4, 0xf5, 0xff, 0x5b, 0xd3, 0xf6, 0xff, 0x5b, 0xd3, 0xf6, 0xff, 0x5b, 0xd3, 0xf4, 0xff, 0x5b, 0xd1, 0xf0, 0xff, 0x5c, 0xcf, 0xed, 0xff, 0x60, 0xd0, 0xeb, 0xff, 0x64, 0xd1, 0xea, 0xff, 0x67, 0xd2, 0xe9, 0xff, 0x6f, 0xd6, 0xe6, 0xff, 0x87, 0xe5, 0xeb, 0xff, 0x97, 0xec, 0xe0, 0xff, 0xab, 0xf8, 0xd2, 0xff, 0xb5, 0xff, 0xc7, 0xff, 0xb7, 0xff, 0xbe, 0xff, 0xb8, 0xff, 0xba, 0xff, 0xb8, 0xff, 0xba, 0xff, 0xb6, 0xfd, 0xc0, 0xff, 0xb6, 0xfc, 0xd0, 0xff, 0x9e, 0xea, 0xd1, 0xff, 0x87, 0xdd, 0xd8, 0xff, 0x83, 0xde, 0xdc, 0xff, 0x92, 0xe9, 0xda, 0xff, 0xa8, 0xfa, 0xd9, 0xff, 0xb9, 0xff, 0xcb, 0xff, 0xb8, 0xfd, 0xb7, 0xff, 0xbf, 0xff, 0xb8, 0xff, 0xc1, 0xff, 0xb8, 0xff, 0xc3, 0xff, 0xbb, 0xff, 0xc6, 0xff, 0xbe, 0xff, 0xc8, 0xfd, 0xc0, 0xff, 0xc8, 0xfc, 0xc2, 0xff, 0xc7, 0xfc, 0xc3, 0xff, 0xc4, 0xfc, 0xc4, 0xff, 0xc2, 0xfd, 0xc3, 0xff, 0xbf, 0xfe, 0xc2, 0xff, 0xbd, 0xff, 0xc1, 0xff, 0xbd, 0xff, 0xc0, 0xff, 0xbd, 0xff, 0xc0, 0xff, 0xbf, 0xff, 0xc0, 0xff, 0xc1, 0xfe, 0xc0, 0xff, 0xc3, 0xfe, 0xc0, 0xff, 
  0xc0, 0xfe, 0xc2, 0xff, 0xbf, 0xfe, 0xc1, 0xff, 0xbe, 0xff, 0xc0, 0xff, 0xbd, 0xff, 0xbf, 0xff, 0xbb, 0xff, 0xbe, 0xff, 0xbc, 0xff, 0xbf, 0xff, 0xbd, 0xff, 0xc0, 0xff, 0xbf, 0xfe, 0xc1, 0xff, 0xc1, 0xfc, 0xc2, 0xff, 0xc6, 0xfe, 0xc6, 0xff, 0xc7, 0xfd, 0xc5, 0xff, 0xc3, 0xfa, 0xbf, 0xff, 0xc2, 0xfa, 0xbb, 0xff, 0xc5, 0xff, 0xbc, 0xff, 0xc4, 0xff, 0xbb, 0xff, 0xc4, 0xff, 0xb8, 0xff, 0xc6, 0xff, 0xb8, 0xff, 0xc0, 0xfb, 0xbd, 0xff, 0xbb, 0xfa, 0xd1, 0xff, 0xb1, 0xf7, 0xdc, 0xff, 0x9f, 0xf1, 0xdb, 0xff, 0xa3, 0xf7, 0xd7, 0xff, 0xb5, 0xff, 0xca, 0xff, 0xb5, 0xff, 0xba, 0xff, 0xbe, 0xff, 0xc0, 0xff, 0xbd, 0xff, 0xc0, 0xff, 0xbe, 0xfd, 0xc4, 0xff, 0xb8, 0xfb, 0xcb, 0xff, 0xab, 0xf6, 0xd3, 0xff, 0x96, 0xec, 0xda, 0xff, 0x78, 0xdd, 0xe2, 0xff, 0x62, 0xd0, 0xe8, 0xff, 0x5c, 0xd0, 0xf6, 0xff, 0x56, 0xcd, 0xfa, 0xff, 0x56, 0xcd, 0xfa, 0xff, 0x56, 0xcf, 0xfa, 0xff, 0x57, 0xd1, 0xfb, 0xff, 0x56, 0xd2, 0xfb, 0xff, 0x53, 0xd0, 0xf8, 0xff, 0x51, 0xce, 0xf6, 0xff, 0x54, 0xd1, 0xf9, 0xff, 0x54, 0xd1, 0xf9, 0xff, 0x56, 0xd2, 0xfb, 0xff, 0x58, 0xd2, 0xfc, 0xff, 0x59, 0xd2, 0xfd, 0xff, 0x5a, 0xd1, 0xfe, 0xff, 0x59, 0xd0, 0xfd, 0xff, 0x5e, 0xd1, 0xf9, 0xff, 0x61, 0xce, 0xed, 0xff, 0x73, 0xd9, 0xe5, 0xff, 0x8d, 0xe8, 0xdb, 0xff, 0xa2, 0xf5, 0xd2, 0xff, 0xaf, 0xfd, 0xc7, 0xff, 0xb7, 0xff, 0xc1, 0xff, 0xbb, 0xff, 0xc1, 0xff, 0xbd, 0xff, 0xc3, 0xff, 0xc0, 0xfd, 0xc7, 0xff, 0xba, 0xf9, 0xce, 0xff, 0xab, 0xf3, 0xd6, 0xff, 0xac, 0xf6, 0xda, 0xff, 0xb7, 0xfd, 0xd5, 0xff, 0xb8, 0xfc, 0xc6, 0xff, 0xba, 0xfc, 0xbb, 0xff, 0xc3, 0xff, 0xbc, 0xff, 0xc2, 0xff, 0xb8, 0xff, 0xc3, 0xff, 0xb9, 0xff, 0xc5, 0xff, 0xbc, 0xff, 0xc6, 0xfe, 0xbf, 0xff, 0xc6, 0xfd, 0xc1, 0xff, 0xc6, 0xfc, 0xc3, 0xff, 0xc4, 0xfc, 0xc4, 0xff, 0xc4, 0xfe, 0xc4, 0xff, 0xc0, 0xfe, 0xc1, 0xff, 0xbf, 0xff, 0xc0, 0xff, 0xbd, 0xff, 0xbf, 0xff, 0xbd, 0xff, 0xbf, 0xff, 0xbe, 0xff, 0xc0, 0xff, 0xc0, 0xfe, 0xc1, 0xff, 0xc2, 0xfd, 0xc3, 0xff, 0xc4, 0xfd, 0xc3, 0xff, 
  0xc1, 0xfc, 0xc5, 0xff, 0xc0, 0xfd, 0xc4, 0xff, 0xbf, 0xfe, 0xc1, 0xff, 0xbe, 0xff, 0xbf, 0xff, 0xbd, 0xff, 0xbd, 0xff, 0xbc, 0xff, 0xbc, 0xff, 0xbc, 0xff, 0xbd, 0xff, 0xbd, 0xff, 0xbf, 0xff, 0xbf, 0xfe, 0xc1, 0xff, 0xc1, 0xfd, 0xc3, 0xff, 0xc2, 0xfd, 0xc4, 0xff, 0xc3, 0xfd, 0xc3, 0xff, 0xc3, 0xfe, 0xc1, 0xff, 0xc3, 0xff, 0xbf, 0xff, 0xc2, 0xff, 0xbd, 0xff, 0xc4, 0xff, 0xbc, 0xff, 0xc9, 0xff, 0xbc, 0xff, 0xc7, 0xfd, 0xbe, 0xff, 0xc2, 0xf8, 0xc6, 0xff, 0xbe, 0xf7, 0xca, 0xff, 0xba, 0xfa, 0xc9, 0xff, 0xb8, 0xfd, 0xc4, 0xff, 0xb9, 0xff, 0xbe, 0xff, 0xbb, 0xff, 0xbd, 0xff, 0xbd, 0xfd, 0xc2, 0xff, 0xbd, 0xfa, 0xc8, 0xff, 0xbd, 0xf8, 0xd2, 0xff, 0xab, 0xf1, 0xdd, 0xff, 0x85, 0xe0, 0xe5, 0xff, 0x68, 0xd1, 0xe8, 0xff, 0x5e, 0xce, 0xee, 0xff, 0x5e, 0xd3, 0xfa, 0xff, 0x5a, 0xcf, 0xfb, 0xff, 0x59, 0xce, 0xfd, 0xff, 0x58, 0xce, 0xfd, 0xff, 0x56, 0xcf, 0xfe, 0xff, 0x54, 0xcf, 0xfe, 0xff, 0x52, 0xcf, 0xfe, 0xff, 0x50, 0xcf, 0xfe, 0xff, 0x50, 0xcf, 0xff, 0xff, 0x4f, 0xce, 0xfe, 0xff, 0x50, 0xce, 0xfd, 0xff, 0x51, 0xce, 0xfd, 0xff, 0x53, 0xce, 0xfd, 0xff, 0x55, 0xce, 0xfd, 0xff, 0x57, 0xcd, 0xfc, 0xff, 0x58, 0xcd, 0xfc, 0xff, 0x59, 0xce, 0xfb, 0xff, 0x5a, 0xcd, 0xf9, 0xff, 0x5e, 0xcf, 0xf3, 0xff, 0x64, 0xd2, 0xeb, 0xff, 0x7a, 0xde, 0xe0, 0xff, 0x9f, 0xf1, 0xd5, 0xff, 0xb8, 0xff, 0xd1, 0xff, 0xbd, 0xff, 0xcc, 0xff, 0xbc, 0xf9, 0xc4, 0xff, 0xc1, 0xfa, 0xc6, 0xff, 0xc2, 0xfa, 0xc6, 0xff, 0xc3, 0xf9, 0xc7, 0xff, 0xc4, 0xfb, 0xc7, 0xff, 0xc3, 0xfb, 0xc3, 0xff, 0xc2, 0xfc, 0xc1, 0xff, 0xc2, 0xfe, 0xc0, 0xff, 0xc2, 0xff, 0xbf, 0xff, 0xc1, 0xff, 0xbd, 0xff, 0xc1, 0xff, 0xbd, 0xff, 0xc2, 0xff, 0xbf, 0xff, 0xc3, 0xfe, 0xc1, 0xff, 0xc3, 0xfd, 0xc3, 0xff, 0xc3, 0xfd, 0xc4, 0xff, 0xc2, 0xfd, 0xc3, 0xff, 0xc0, 0xfe, 0xc1, 0xff, 0xbf, 0xff, 0xbf, 0xff, 0xbe, 0xff, 0xbd, 0xff, 0xbe, 0xff, 0xbc, 0xff, 0xbe, 0xff, 0xbd, 0xff, 0xc0, 0xff, 0xbf, 0xff, 0xc2, 0xfe, 0xc2, 0xff, 0xc4, 0xfc, 0xc5, 0xff, 0xc5, 0xfb, 0xc6, 0xff, 
  0xc2, 0xfb, 0xc6, 0xff, 0xc1, 0xfc, 0xc5, 0xff, 0xc1, 0xfe, 0xc2, 0xff, 0xbf, 0xff, 0xbf, 0xff, 0xbe, 0xff, 0xbd, 0xff, 0xbd, 0xff, 0xbb, 0xff, 0xbc, 0xff, 0xbc, 0xff, 0xbc, 0xff, 0xbd, 0xff, 0xbd, 0xff, 0xc0, 0xff, 0xbe, 0xfe, 0xc2, 0xff, 0xbf, 0xfd, 0xc4, 0xff, 0xc0, 0xfd, 0xc4, 0xff, 0xc0, 0xfd, 0xc3, 0xff, 0xc0, 0xfe, 0xc2, 0xff, 0xc0, 0xff, 0xc1, 0xff, 0xc2, 0xff, 0xbf, 0xff, 0xc4, 0xff, 0xbe, 0xff, 0xc6, 0xfe, 0xbf, 0xff, 0xc5, 0xfb, 0xc3, 0xff, 0xc5, 0xfb, 0xc2, 0xff, 0xc5, 0xfe, 0xbd, 0xff, 0xc2, 0xff, 0xbb, 0xff, 0xbe, 0xff, 0xbb, 0xff, 0xbb, 0xfd, 0xbe, 0xff, 0xbf, 0xfc, 0xca, 0xff, 0xb8, 0xf6, 0xd5, 0xff, 0xa7, 0xea, 0xde, 0xff, 0x89, 0xda, 0xe4, 0xff, 0x6a, 0xd0, 0xf0, 0xff, 0x5b, 0xcf, 0xfb, 0xff, 0x56, 0xd0, 0xfe, 0xff, 0x53, 0xce, 0xfd, 0xff, 0x56, 0xcf, 0xfd, 0xff, 0x57, 0xcf, 0xfd, 0xff, 0x56, 0xce, 0xfe, 0xff, 0x55, 0xce, 0xff, 0xff, 0x54, 0xce, 0xff, 0xff, 0x52, 0xce, 0xff, 0xff, 0x52, 0xce, 0xff, 0xff, 0x51, 0xce, 0xff, 0xff, 0x50, 0xcd, 0xff, 0xff, 0x51, 0xcd, 0xff, 0xff, 0x51, 0xcd, 0xff, 0xff, 0x53, 0xcd, 0xfe, 0xff, 0x54, 0xcd, 0xfe, 0xff, 0x55, 0xcd, 0xfd, 0xff, 0x56, 0xce, 0xfc, 0xff, 0x56, 0xcd, 0xfd, 0xff, 0x55, 0xce, 0xff, 0xff, 0x54, 0xcd, 0xfd, 0xff, 0x55, 0xce, 0xf9, 0xff, 0x63, 0xd2, 0xee, 0xff, 0x82, 0xdf, 0xe0, 0xff, 0x9e, 0xed, 0xd9, 0xff, 0xb3, 0xf7, 0xd4, 0xff, 0xbe, 0xfb, 0xce, 0xff, 0xbf, 0xfa, 0xc8, 0xff, 0xc4, 0xfb, 0xc3, 0xff, 0xca, 0xfc, 0xbe, 0xff, 0xcc, 0xfe, 0xbd, 0xff, 0xca, 0xfe, 0xbe, 0xff, 0xc6, 0xfe, 0xc0, 0xff, 0xc2, 0xfd, 0xc2, 0xff, 0xc0, 0xfe, 0xc2, 0xff, 0xbf, 0xff, 0xc1, 0xff, 0xbf, 0xff, 0xc1, 0xff, 0xc0, 0xfe, 0xc2, 0xff, 0xc0, 0xfd, 0xc3, 0xff, 0xc0, 0xfd, 0xc4, 0xff, 0xc0, 0xfd, 0xc4, 0xff, 0xbf, 0xfe, 0xc2, 0xff, 0xbf, 0xff, 0xc0, 0xff, 0xbe, 0xff, 0xbd, 0xff, 0xbe, 0xff, 0xbc, 0xff, 0xbe, 0xff, 0xbb, 0xff, 0xbf, 0xff, 0xbd, 0xff, 0xc1, 0xff, 0xbf, 0xff, 0xc2, 0xfd, 0xc2, 0xff, 0xc4, 0xfb, 0xc6, 0xff, 0xc5, 0xfa, 0xc7, 0xff, 
  0xc3, 0xfb, 0xc6, 0xff, 0xc2, 0xfc, 0xc5, 0xff, 0xc1, 0xfe, 0xc2, 0xff, 0xc0, 0xff, 0xbf, 0xff, 0xbf, 0xff, 0xbd, 0xff, 0xbe, 0xff, 0xbc, 0xff, 0xbd, 0xff, 0xbb, 0xff, 0xbc, 0xff, 0xbc, 0xff, 0xbc, 0xff, 0xbf, 0xff, 0xbc, 0xff, 0xc1, 0xff, 0xbd, 0xfe, 0xc3, 0xff, 0xbe, 0xfd, 0xc5, 0xff, 0xbe, 0xfd, 0xc5, 0xff, 0xbe, 0xfd, 0xc5, 0xff, 0xbf, 0xfd, 0xc4, 0xff, 0xbe, 0xfe, 0xc3, 0xff, 0xbc, 0xfe, 0xc0, 0xff, 0xbd, 0xff, 0xc0, 0xff, 0xbf, 0xfe, 0xc2, 0xff, 0xc1, 0xfe, 0xc1, 0xff, 0xc2, 0xff, 0xbd, 0xff, 0xc2, 0xff, 0xbb, 0xff, 0xbf, 0xff, 0xbc, 0xff, 0xbd, 0xfc, 0xc3, 0xff, 0xbd, 0xf8, 0xd2, 0xff, 0xa8, 0xeb, 0xdf, 0xff, 0x81, 0xd7, 0xed, 0xff, 0x65, 0xca, 0xf1, 0xff, 0x5b, 0xcb, 0xf6, 0xff, 0x58, 0xd1, 0xff, 0xff, 0x51, 0xd2, 0xff, 0xff, 0x4b, 0xcd, 0xfe, 0xff, 0x51, 0xd0, 0xfe, 0xff, 0x54, 0xd0, 0xfd, 0xff, 0x55, 0xcf, 0xfd, 0xff, 0x55, 0xcf, 0xfe, 0xff, 0x56, 0xce, 0xff, 0xff, 0x57, 0xce, 0xff, 0xff, 0x58, 0xcd, 0xff, 0xff, 0x58, 0xcd, 0xff, 0xff, 0x58, 0xcd, 0xff, 0xff, 0x58, 0xcd, 0xff, 0xff, 0x57, 0xce, 0xff, 0xff, 0x56, 0xce, 0xff, 0xff, 0x55, 0xcf, 0xfe, 0xff, 0x55, 0xcf, 0xfd, 0xff, 0x54, 0xd0, 0xfd, 0xff, 0x52, 0xd0, 0xfd, 0xff, 0x52, 0xd0, 0xff, 0xff, 0x52, 0xcf, 0xff, 0xff, 0x55, 0xcf, 0xfb, 0xff, 0x5a, 0xcf, 0xf5, 0xff, 0x61, 0xd0, 0xf0, 0xff, 0x76, 0xd9, 0xe6, 0xff, 0x9d, 0xeb, 0xda, 0xff, 0xb7, 0xfb, 0xd5, 0xff, 0xb8, 0xf9, 0xcb, 0xff, 0xbe, 0xfc, 0xc4, 0xff, 0xc4, 0xff, 0xbf, 0xff, 0xc6, 0xff, 0xbd, 0xff, 0xc5, 0xff, 0xbf, 0xff, 0xc3, 0xff, 0xc2, 0xff, 0xc0, 0xfd, 0xc4, 0xff, 0xbd, 0xfb, 0xc5, 0xff, 0xbe, 0xfd, 0xc4, 0xff, 0xbd, 0xfd, 0xc4, 0xff, 0xbd, 0xfd, 0xc5, 0xff, 0xbe, 0xfd, 0xc5, 0xff, 0xbe, 0xfd, 0xc5, 0xff, 0xbd, 0xfe, 0xc3, 0xff, 0xbd, 0xff, 0xc1, 0xff, 0xbd, 0xff, 0xbf, 0xff, 0xbe, 0xff, 0xbc, 0xff, 0xbe, 0xff, 0xbb, 0xff, 0xbf, 0xff, 0xbc, 0xff, 0xc0, 0xff, 0xbd, 0xff, 0xc1, 0xff, 0xc0, 0xff, 0xc2, 0xfd, 0xc3, 0xff, 0xc3, 0xfc, 0xc5, 0xff, 0xc4, 0xfb, 0xc6, 0xff, 
  0xc2, 0xfc, 0xc5, 0xff, 0xc2, 0xfd, 0xc4, 0xff, 0xc2, 0xfe, 0xc1, 0xff, 0xc1, 0xff, 0xc0, 0xff, 0xc0, 0xff, 0xbe, 0xff, 0xbf, 0xff, 0xbd, 0xff, 0xbe, 0xff, 0xbd, 0xff, 0xbd, 0xff, 0xbd, 0xff, 0xbc, 0xff, 0xbf, 0xff, 0xbc, 0xff, 0xc0, 0xff, 0xbc, 0xfe, 0xc3, 0xff, 0xbc, 0xfe, 0xc4, 0xff, 0xbd, 0xfd, 0xc5, 0xff, 0xbd, 0xfd, 0xc5, 0xff, 0xbe, 0xfd, 0xc5, 0xff, 0xbd, 0xfe, 0xc4, 0xff, 0xb8, 0xff, 0xc0, 0xff, 0xb8, 0xff, 0xc0, 0xff, 0xbb, 0xff, 0xc3, 0xff, 0xbc, 0xff, 0xc1, 0xff, 0xbe, 0xff, 0xbd, 0xff, 0xc0, 0xff, 0xbd, 0xff, 0xbf, 0xff, 0xc0, 0xff, 0xb8, 0xfb, 0xcb, 0xff, 0xa8, 0xee, 0xda, 0xff, 0x89, 0xda, 0xe4, 0xff, 0x67, 0xcc, 0xf3, 0xff, 0x58, 0xca, 0xff, 0xff, 0x57, 0xcf, 0xfd, 0xff, 0x52, 0xd0, 0xfd, 0xff, 0x4c, 0xcf, 0xfe, 0xff, 0x4c, 0xd0, 0xff, 0xff, 0x4f, 0xd0, 0xfe, 0xff, 0x51, 0xd0, 0xfd, 0xff, 0x52, 0xcf, 0xfe, 0xff, 0x54, 0xcf, 0xfe, 0xff, 0x56, 0xce, 0xff, 0xff, 0x58, 0xcd, 0xff, 0xff, 0x5a, 0xcd, 0xff, 0xff, 0x5b, 0xcc, 0xff, 0xff, 0x5b, 0xcc, 0xff, 0xff, 0x5a, 0xcd, 0xff, 0xff, 0x58, 0xcd, 0xff, 0xff, 0x56, 0xce, 0xff, 0xff, 0x54, 0xcf, 0xfe, 0xff, 0x52, 0xcf, 0xfe, 0xff, 0x51, 0xd0, 0xfd, 0xff, 0x50, 0xd0, 0xfd, 0xff, 0x50, 0xd0, 0xfd, 0xff, 0x51, 0xcf, 0xfc, 0xff, 0x54, 0xd0, 0xfc, 0xff, 0x55, 0xcf, 0xfc, 0xff, 0x53, 0xcd, 0xfb, 0xff, 0x60, 0xd0, 0xf0, 0xff, 0x80, 0xde, 0xe0, 0xff, 0x9d, 0xee, 0xd7, 0xff, 0xaf, 0xf9, 0xd0, 0xff, 0xb8, 0xfd, 0xc7, 0xff, 0xbd, 0xff, 0xc1, 0xff, 0xbf, 0xff, 0xbf, 0xff, 0xbf, 0xff, 0xc1, 0xff, 0xc0, 0xff, 0xc4, 0xff, 0xc0, 0xfe, 0xc5, 0xff, 0xbe, 0xfc, 0xc4, 0xff, 0xbd, 0xfd, 0xc5, 0xff, 0xbd, 0xfd, 0xc6, 0xff, 0xbc, 0xfd, 0xc5, 0xff, 0xbc, 0xfd, 0xc5, 0xff, 0xbc, 0xfe, 0xc4, 0xff, 0xbc, 0xfe, 0xc3, 0xff, 0xbd, 0xff, 0xc0, 0xff, 0xbd, 0xff, 0xbf, 0xff, 0xbe, 0xff, 0xbd, 0xff, 0xbf, 0xff, 0xbd, 0xff, 0xc0, 0xff, 0xbd, 0xff, 0xc0, 0xff, 0xbf, 0xff, 0xc1, 0xff, 0xc1, 0xff, 0xc1, 0xfe, 0xc2, 0xff, 0xc1, 0xfd, 0xc4, 0xff, 0xc1, 0xfc, 0xc5, 0xff, 
  0xc1, 0xfe, 0xc2, 0xff, 0xc1, 0xfe, 0xc1, 0xff, 0xc1, 0xfe, 0xc1, 0xff, 0xc1, 0xfe, 0xc0, 0xff, 0xc1, 0xff, 0xc0, 0xff, 0xc0, 0xff, 0xc0, 0xff, 0xbf, 0xff, 0xbf, 0xff, 0xbe, 0xff, 0xbf, 0xff, 0xbe, 0xff, 0xc0, 0xff, 0xbd, 0xff, 0xc0, 0xff, 0xbc, 0xff, 0xc1, 0xff, 0xbd, 0xff, 0xc2, 0xff, 0xbd, 0xfe, 0xc3, 0xff, 0xbe, 0xfe, 0xc3, 0xff, 0xbf, 0xfd, 0xc4, 0xff, 0xbe, 0xfe, 0xc2, 0xff, 0xbb, 0xff, 0xbe, 0xff, 0xb9, 0xff, 0xc0, 0xff, 0xb6, 0xff, 0xc5, 0xff, 0xb4, 0xfe, 0xc3, 0xff, 0xb9, 0xff, 0xbf, 0xff, 0xbd, 0xff, 0xc1, 0xff, 0xbc, 0xff, 0xc4, 0xff, 0xab, 0xf6, 0xd3, 0xff, 0x82, 0xdd, 0xe2, 0xff, 0x6b, 0xd1, 0xf1, 0xff, 0x5d, 0xcd, 0xf8, 0xff, 0x58, 0xd0, 0xfe, 0xff, 0x53, 0xd2, 0xfe, 0xff, 0x4e, 0xd0, 0xfa, 0xff, 0x4f, 0xcf, 0xf9, 0xff, 0x52, 0xd2, 0xfd, 0xff, 0x4f, 0xd0, 0xfe, 0xff, 0x4e, 0xcf, 0xff, 0xff, 0x50, 0xcf, 0xff, 0xff, 0x52, 0xce, 0xff, 0xff, 0x54, 0xce, 0xff, 0xff, 0x57, 0xcd, 0xff, 0xff, 0x59, 0xcc, 0xff, 0xff, 0x5a, 0xcc, 0xff, 0xff, 0x5a, 0xcc, 0xff, 0xff, 0x59, 0xcc, 0xff, 0xff, 0x57, 0xcd, 0xff, 0xff, 0x54, 0xce, 0xff, 0xff, 0x52, 0xce, 0xff, 0xff, 0x50, 0xcf, 0xff, 0xff, 0x4e, 0xcf, 0xff, 0xff, 0x50, 0xd0, 0xfd, 0xff, 0x55, 0xd2, 0xfa, 0xff, 0x54, 0xd0, 0xf8, 0xff, 0x51, 0xd0, 0xfd, 0xff, 0x53, 0xd1, 0xff, 0xff, 0x56, 0xd1, 0xfd, 0xff, 0x5b, 0xd1, 0xf4, 0xff, 0x64, 0xd5, 0xeb, 0xff, 0x78, 0xde, 0xdd, 0xff, 0xa2, 0xf6, 0xd5, 0xff, 0xb2, 0xfd, 0xc9, 0xff, 0xb6, 0xff, 0xc5, 0xff, 0xb6, 0xff, 0xc2, 0xff, 0xb6, 0xff, 0xc4, 0xff, 0xba, 0xff, 0xc4, 0xff, 0xc1, 0xff, 0xc1, 0xff, 0xc2, 0xfe, 0xc1, 0xff, 0xbf, 0xfd, 0xc4, 0xff, 0xbd, 0xfd, 0xc4, 0xff, 0xbd, 0xfe, 0xc3, 0xff, 0xbc, 0xfe, 0xc3, 0xff, 0xbc, 0xff, 0xc2, 0xff, 0xbd, 0xff, 0xc1, 0xff, 0xbd, 0xff, 0xc0, 0xff, 0xbe, 0xff, 0xc0, 0xff, 0xc0, 0xff, 0xbf, 0xff, 0xc1, 0xff, 0xbf, 0xff, 0xc1, 0xff, 0xc0, 0xff, 0xc1, 0xff, 0xc1, 0xff, 0xc0, 0xff, 0xc1, 0xff, 0xc0, 0xff, 0xc1, 0xff, 0xbf, 0xfe, 0xc2, 0xff, 0xbe, 0xfe, 0xc2, 0xff, 
  0xbf, 0xff, 0xbf, 0xff, 0xbf, 0xff, 0xbf, 0xff, 0xc0, 0xff, 0xc0, 0xff, 0xc1, 0xfe, 0xc1, 0xff, 0xc2, 0xfd, 0xc3, 0xff, 0xc2, 0xfd, 0xc3, 0xff, 0xc1, 0xfe, 0xc2, 0xff, 0xc0, 0xfe, 0xc2, 0xff, 0xbf, 0xff, 0xc1, 0xff, 0xbe, 0xff, 0xc0, 0xff, 0xbd, 0xff, 0xc0, 0xff, 0xbe, 0xff, 0xc0, 0xff, 0xbe, 0xff, 0xc0, 0xff, 0xbf, 0xff, 0xc0, 0xff, 0xc0, 0xfe, 0xc1, 0xff, 0xbf, 0xff, 0xc1, 0xff, 0xbd, 0xff, 0xbf, 0xff, 0xbc, 0xff, 0xc1, 0xff, 0xb9, 0xff, 0xc3, 0xff, 0xb8, 0xfe, 0xc2, 0xff, 0xbb, 0xff, 0xc1, 0xff, 0xb9, 0xff, 0xc6, 0xff, 0xae, 0xf9, 0xcc, 0xff, 0x96, 0xec, 0xda, 0xff, 0x68, 0xd1, 0xe8, 0xff, 0x5c, 0xd0, 0xfc, 0xff, 0x58, 0xd1, 0xff, 0xff, 0x50, 0xce, 0xfb, 0xff, 0x4d, 0xcf, 0xf9, 0xff, 0x51, 0xd2, 0xfc, 0xff, 0x58, 0xd2, 0xfd, 0xff, 0x56, 0xce, 0xfb, 0xff, 0x52, 0xcf, 0xfe, 0xff, 0x50, 0xcf, 0xff, 0xff, 0x51, 0xcf, 0xff, 0xff, 0x52, 0xce, 0xff, 0xff, 0x54, 0xce, 0xff, 0xff, 0x56, 0xce, 0xff, 0xff, 0x57, 0xcd, 0xff, 0xff, 0x58, 0xcd, 0xff, 0xff, 0x58, 0xcd, 0xff, 0xff, 0x57, 0xcd, 0xff, 0xff, 0x56, 0xce, 0xff, 0xff, 0x54, 0xce, 0xff, 0xff, 0x52, 0xce, 0xff, 0xff, 0x51, 0xcf, 0xff, 0xff, 0x50, 0xcf, 0xff, 0xff, 0x52, 0xd0, 0xfd, 0xff, 0x5a, 0xd4, 0xfc, 0xff, 0x56, 0xd0, 0xfa, 0xff, 0x50, 0xce, 0xfe, 0xff, 0x50, 0xce, 0xff, 0xff, 0x55, 0xd0, 0xff, 0xff, 0x57, 0xd0, 0xfa, 0xff, 0x58, 0xd2, 0xf4, 0xff, 0x65, 0xd6, 0xe4, 0xff, 0x8f, 0xed, 0xdb, 0xff, 0xa5, 0xf8, 0xcf, 0xff, 0xb0, 0xfe, 0xca, 0xff, 0xb5, 0xff, 0xc4, 0xff, 0xb6, 0xfe, 0xc2, 0xff, 0xbc, 0xff, 0xc3, 0xff, 0xc2, 0xff, 0xc1, 0xff, 0xc3, 0xff, 0xc0, 0xff, 0xc0, 0xfe, 0xc2, 0xff, 0xbf, 0xfe, 0xc2, 0xff, 0xbe, 0xff, 0xc1, 0xff, 0xbe, 0xff, 0xc0, 0xff, 0xbe, 0xff, 0xc0, 0xff, 0xbe, 0xff, 0xc0, 0xff, 0xbf, 0xff, 0xc0, 0xff, 0xc0, 0xfe, 0xc1, 0xff, 0xc2, 0xfe, 0xc2, 0xff, 0xc2, 0xfd, 0xc2, 0xff, 0xc2, 0xfd, 0xc3, 0xff, 0xc1, 0xfe, 0xc2, 0xff, 0xc0, 0xff, 0xc1, 0xff, 0xbe, 0xff, 0xc0, 0xff, 0xbc, 0xff, 0xbf, 0xff, 0xbb, 0xff, 0xbf, 0xff, 
  0xbd, 0xff, 0xbb, 0xff, 0xbe, 0xff, 0xbd, 0xff, 0xbf, 0xff, 0xbf, 0xff, 0xc1, 0xfe, 0xc2, 0xff, 0xc2, 0xfc, 0xc5, 0xff, 0xc3, 0xfb, 0xc6, 0xff, 0xc2, 0xfc, 0xc6, 0xff, 0xc2, 0xfc, 0xc5, 0xff, 0xc0, 0xfe, 0xc3, 0xff, 0xbf, 0xff, 0xc0, 0xff, 0xbf, 0xff, 0xbe, 0xff, 0xbf, 0xff, 0xbd, 0xff, 0xc0, 0xff, 0xbd, 0xff, 0xc1, 0xff, 0xbd, 0xff, 0xc2, 0xff, 0xbe, 0xff, 0xc1, 0xff, 0xc0, 0xff, 0xbf, 0xfd, 0xc4, 0xff, 0xc1, 0xfd, 0xc4, 0xff, 0xc7, 0xfe, 0xbf, 0xff, 0xc6, 0xfd, 0xbd, 0xff, 0xc2, 0xff, 0xc2, 0xff, 0xb4, 0xfc, 0xcd, 0xff, 0x97, 0xee, 0xd9, 0xff, 0x79, 0xde, 0xe3, 0xff, 0x60, 0xd0, 0xf0, 0xff, 0x56, 0xd0, 0xfe, 0xff, 0x4f, 0xd0, 0xff, 0xff, 0x4b, 0xce, 0xfd, 0xff, 0x4f, 0xcf, 0xf9, 0xff, 0x57, 0xd1, 0xfc, 0xff, 0x5e, 0xcf, 0xff, 0xff, 0x5a, 0xca, 0xfe, 0xff, 0x58, 0xce, 0xff, 0xff, 0x56, 0xce, 0xfe, 0xff, 0x56, 0xce, 0xfe, 0xff, 0x56, 0xcf, 0xfe, 0xff, 0x55, 0xcf, 0xfd, 0xff, 0x55, 0xcf, 0xfd, 0xff, 0x55, 0xcf, 0xfd, 0xff, 0x55, 0xcf, 0xfd, 0xff, 0x55, 0xcf, 0xfd, 0xff, 0x55, 0xcf, 0xfd, 0xff, 0x55, 0xcf, 0xfd, 0xff, 0x55, 0xcf, 0xfd, 0xff, 0x56, 0xcf, 0xfe, 0xff, 0x56, 0xce, 0xfe, 0xff, 0x56, 0xce, 0xfe, 0xff, 0x57, 0xce, 0xfe, 0xff, 0x58, 0xcf, 0xff, 0xff, 0x57, 0xce, 0xff, 0xff, 0x55, 0xcd, 0xff, 0xff, 0x53, 0xcc, 0xff, 0xff, 0x52, 0xcc, 0xff, 0xff, 0x57, 0xcf, 0xff, 0xff, 0x5b, 0xd1, 0xf7, 0xff, 0x64, 0xd4, 0xeb, 0xff, 0x76, 0xde, 0xe1, 0xff, 0x91, 0xed, 0xdb, 0xff, 0xad, 0xfa, 0xd1, 0xff, 0xbc, 0xfe, 0xc6, 0xff, 0xc2, 0xfe, 0xbe, 0xff, 0xc5, 0xff, 0xbe, 0xff, 0xc3, 0xff, 0xc3, 0xff, 0xc0, 0xfc, 0xc2, 0xff, 0xc2, 0xfe, 0xc0, 0xff, 0xc1, 0xff, 0xbf, 0xff, 0xc1, 0xff, 0xbe, 0xff, 0xc0, 0xff, 0xbe, 0xff, 0xc0, 0xff, 0xbd, 0xff, 0xc1, 0xff, 0xbe, 0xff, 0xc1, 0xfe, 0xc0, 0xff, 0xc2, 0xfd, 0xc3, 0xff, 0xc4, 0xfc, 0xc5, 0xff, 0xc4, 0xfb, 0xc6, 0xff, 0xc3, 0xfc, 0xc5, 0xff, 0xc1, 0xfd, 0xc4, 0xff, 0xbf, 0xfe, 0xc2, 0xff, 0xbc, 0xff, 0xbf, 0xff, 0xb9, 0xff, 0xbd, 0xff, 0xb8, 0xff, 0xbb, 0xff, 
  0xbe, 0xff, 0xbc, 0xff, 0xbf, 0xff, 0xbd, 0xff, 0xbf, 0xff, 0xc0, 0xff, 0xc0, 0xfd, 0xc3, 0xff, 0xc1, 0xfc, 0xc6, 0xff, 0xc2, 0xfb, 0xc6, 0xff, 0xc3, 0xfb, 0xc6, 0xff, 0xc2, 0xfc, 0xc5, 0xff, 0xc1, 0xfd, 0xc3, 0xff, 0xc0, 0xfe, 0xc1, 0xff, 0xbf, 0xff, 0xc0, 0xff, 0xbf, 0xff, 0xbf, 0xff, 0xbf, 0xff, 0xbf, 0xff, 0xc0, 0xff, 0xbf, 0xff, 0xc1, 0xff, 0xbf, 0xff, 0xc2, 0xfe, 0xc1, 0xff, 0xc0, 0xfb, 0xc5, 0xff, 0xc4, 0xfb, 0xc5, 0xff, 0xc9, 0xfd, 0xbe, 0xff, 0xc8, 0xfe, 0xbd, 0xff, 0xc2, 0xff, 0xc3, 0xff, 0xae, 0xf9, 0xd3, 0xff, 0x85, 0xe5, 0xe4, 0xff, 0x64, 0xd2, 0xeb, 0xff, 0x5e, 0xd2, 0xfb, 0xff, 0x52, 0xcc, 0xfd, 0xff, 0x4a, 0xcc, 0xfd, 0xff, 0x4d, 0xd1, 0xff, 0xff, 0x54, 0xd4, 0xfe, 0xff, 0x56, 0xce, 0xfb, 0xff, 0x59, 0xc9, 0xfe, 0xff, 0x5c, 0xc9, 0xff, 0xff, 0x5a, 0xcd, 0xff, 0xff, 0x58, 0xce, 0xfe, 0xff, 0x58, 0xce, 0xfe, 0xff, 0x57, 0xcf, 0xfd, 0xff, 0x55, 0xcf, 0xfd, 0xff, 0x54, 0xd0, 0xfd, 0xff, 0x54, 0xd0, 0xfd, 0xff, 0x53, 0xd0, 0xfd, 0xff, 0x53, 0xd0, 0xfd, 0xff, 0x54, 0xd0, 0xfd, 0xff, 0x54, 0xd0, 0xfd, 0xff, 0x55, 0xcf, 0xfd, 0xff, 0x57, 0xcf, 0xfd, 0xff, 0x58, 0xce, 0xfe, 0xff, 0x58, 0xce, 0xfe, 0xff, 0x58, 0xce, 0xff, 0xff, 0x52, 0xc9, 0xfc, 0xff, 0x56, 0xce, 0xff, 0xff, 0x57, 0xcf, 0xff, 0xff, 0x53, 0xcb, 0xff, 0xff, 0x51, 0xca, 0xff, 0xff, 0x56, 0xcf, 0xff, 0xff, 0x5b, 0xd1, 0xfb, 0xff, 0x60, 0xd3, 0xf2, 0xff, 0x62, 0xd2, 0xe8, 0xff, 0x80, 0xe3, 0xe4, 0xff, 0xa9, 0xf6, 0xd7, 0xff, 0xbe, 0xfd, 0xc8, 0xff, 0xc6, 0xfe, 0xbf, 0xff, 0xc7, 0xff, 0xbe, 0xff, 0xc2, 0xfd, 0xc3, 0xff, 0xbf, 0xfc, 0xc3, 0xff, 0xc1, 0xfe, 0xc1, 0xff, 0xc1, 0xff, 0xbf, 0xff, 0xc0, 0xff, 0xbf, 0xff, 0xbf, 0xff, 0xbf, 0xff, 0xc0, 0xff, 0xbf, 0xff, 0xc0, 0xff, 0xbf, 0xff, 0xc2, 0xfe, 0xc1, 0xff, 0xc3, 0xfd, 0xc2, 0xff, 0xc4, 0xfc, 0xc4, 0xff, 0xc4, 0xfb, 0xc5, 0xff, 0xc3, 0xfc, 0xc6, 0xff, 0xc1, 0xfc, 0xc5, 0xff, 0xbe, 0xfe, 0xc3, 0xff, 0xbc, 0xff, 0xc0, 0xff, 0xbb, 0xff, 0xbd, 0xff, 0xba, 0xff, 0xbb, 0xff, 
  0xc3, 0xff, 0xc0, 0xff, 0xc4, 0xff, 0xc3, 0xff, 0xc1, 0xff, 0xc5, 0xff, 0xbf, 0xfd, 0xc5, 0xff, 0xbf, 0xfd, 0xc5, 0xff, 0xc2, 0xff, 0xc7, 0xff, 0xc3, 0xfe, 0xc4, 0xff, 0xc1, 0xfb, 0xc0, 0xff, 0xc2, 0xfe, 0xc2, 0xff, 0xc1, 0xff, 0xc4, 0xff, 0xbe, 0xfe, 0xc6, 0xff, 0xbd, 0xfe, 0xc7, 0xff, 0xbb, 0xfd, 0xc6, 0xff, 0xbd, 0xfe, 0xc7, 0xff, 0xbf, 0xfe, 0xc6, 0xff, 0xc1, 0xfd, 0xc6, 0xff, 0xc1, 0xfb, 0xc5, 0xff, 0xc1, 0xfb, 0xc3, 0xff, 0xc0, 0xff, 0xc1, 0xff, 0xba, 0xfc, 0xbe, 0xff, 0xbd, 0xff, 0xc9, 0xff, 0xa3, 0xf4, 0xd6, 0xff, 0x6d, 0xd4, 0xe3, 0xff, 0x5f, 0xd1, 0xfb, 0xff, 0x59, 0xcd, 0xfd, 0xff, 0x55, 0xcd, 0xfe, 0xff, 0x51, 0xd0, 0xfd, 0xff, 0x4f, 0xd1, 0xfc, 0xff, 0x4f, 0xd1, 0xfc, 0xff, 0x53, 0xd0, 0xff, 0xff, 0x59, 0xcd, 0xff, 0xff, 0x5b, 0xcd, 0xff, 0xff, 0x57, 0xcd, 0xff, 0xff, 0x56, 0xce, 0xfe, 0xff, 0x56, 0xce, 0xfe, 0xff, 0x55, 0xce, 0xfe, 0xff, 0x55, 0xcf, 0xfe, 0xff, 0x55, 0xcf, 0xfe, 0xff, 0x54, 0xcf, 0xfe, 0xff, 0x54, 0xcf, 0xfe, 0xff, 0x54, 0xcf, 0xfe, 0xff, 0x54, 0xcf, 0xfe, 0xff, 0x55, 0xcf, 0xfe, 0xff, 0x55, 0xcf, 0xfe, 0xff, 0x55, 0xce, 0xfe, 0xff, 0x56, 0xce, 0xfe, 0xff, 0x56, 0xce, 0xfe, 0xff, 0x55, 0xce, 0xfe, 0xff, 0x54, 0xcf, 0xff, 0xff, 0x53, 0xce, 0xff, 0xff, 0x53, 0xce, 0xff, 0xff, 0x53, 0xce, 0xff, 0xff, 0x54, 0xce, 0xff, 0xff, 0x56, 0xce, 0xfe, 0xff, 0x57, 0xcf, 0xfd, 0xff, 0x58, 0xd0, 0xfa, 0xff, 0x5a, 0xd2, 0xf8, 0xff, 0x6b, 0xd5, 0xe5, 0xff, 0xa1, 0xf0, 0xd8, 0xff, 0xbc, 0xfc, 0xcb, 0xff, 0xbe, 0xfb, 0xc2, 0xff, 0xc3, 0xff, 0xc4, 0xff, 0xbe, 0xfe, 0xc3, 0xff, 0xbe, 0xfe, 0xc3, 0xff, 0xc1, 0xff, 0xc5, 0xff, 0xbe, 0xfe, 0xc3, 0xff, 0xbc, 0xfe, 0xc4, 0xff, 0xbd, 0xff, 0xc6, 0xff, 0xbe, 0xff, 0xc6, 0xff, 0xbe, 0xfe, 0xc3, 0xff, 0xbf, 0xfd, 0xc0, 0xff, 0xc3, 0xff, 0xc2, 0xff, 0xc1, 0xfc, 0xbf, 0xff, 0xc3, 0xfd, 0xc2, 0xff, 0xc1, 0xfe, 0xc5, 0xff, 0xbf, 0xfd, 0xc5, 0xff, 0xbf, 0xfd, 0xc4, 0xff, 0xc1, 0xff, 0xc4, 0xff, 0xc2, 0xff, 0xc1, 0xff, 0xbf, 0xfd, 0xbd, 0xff, 
  0xc0, 0xfc, 0xc0, 0xff, 0xc0, 0xfd, 0xc1, 0xff, 0xbe, 0xfc, 0xc2, 0xff, 0xbc, 0xfb, 0xc2, 0xff, 0xbe, 0xfd, 0xc2, 0xff, 0xc0, 0xfe, 0xc2, 0xff, 0xc1, 0xfe, 0xc1, 0xff, 0xc1, 0xfd, 0xbf, 0xff, 0xc2, 0xfe, 0xc1, 0xff, 0xc1, 0xfe, 0xc2, 0xff, 0xbf, 0xfd, 0xc4, 0xff, 0xbd, 0xfd, 0xc5, 0xff, 0xbc, 0xfc, 0xc5, 0xff, 0xbc, 0xfc, 0xc5, 0xff, 0xbc, 0xfb, 0xc3, 0xff, 0xbd, 0xf9, 0xc2, 0xff, 0xc1, 0xfb, 0xc3, 0xff, 0xc1, 0xfd, 0xc3, 0xff, 0xbc, 0xff, 0xc1, 0xff, 0xb5, 0xfd, 0xc2, 0xff, 0xb4, 0xff, 0xcc, 0xff, 0x98, 0xef, 0xd8, 0xff, 0x66, 0xd1, 0xe9, 0xff, 0x59, 0xce, 0xff, 0xff, 0x58, 0xcb, 0xff, 0xff, 0x57, 0xcd, 0xff, 0xff, 0x54, 0xd0, 0xfb, 0xff, 0x51, 0xd1, 0xfa, 0xff, 0x4e, 0xd1, 0xfc, 0xff, 0x51, 0xd0, 0xff, 0xff, 0x57, 0xce, 0xff, 0xff, 0x59, 0xcd, 0xff, 0xff, 0x56, 0xce, 0xff, 0xff, 0x55, 0xce, 0xff, 0xff, 0x55, 0xce, 0xff, 0xff, 0x55, 0xce, 0xff, 0xff, 0x55, 0xce, 0xff, 0xff, 0x55, 0xce, 0xff, 0xff, 0x55, 0xce, 0xff, 0xff, 0x55, 0xce, 0xff, 0xff, 0x55, 0xce, 0xff, 0xff, 0x55, 0xce, 0xff, 0xff, 0x55, 0xce, 0xff, 0xff, 0x55, 0xce, 0xff, 0xff, 0x55, 0xce, 0xff, 0xff, 0x55, 0xce, 0xff, 0xff, 0x55, 0xce, 0xff, 0xff, 0x54, 0xcf, 0xfe, 0xff, 0x54, 0xcf, 0xfe, 0xff, 0x53, 0xcf, 0xfe, 0xff, 0x52, 0xcf, 0xff, 0xff, 0x52, 0xce, 0xff, 0xff, 0x55, 0xcf, 0xfe, 0xff, 0x56, 0xcf, 0xfe, 0xff, 0x55, 0xce, 0xff, 0xff, 0x54, 0xcf, 0xfe, 0xff, 0x55, 0xd0, 0xfe, 0xff, 0x63, 0xd1, 0xea, 0xff, 0x98, 0xea, 0xda, 0xff, 0xb5, 0xf8, 0xce, 0xff, 0xba, 0xfb, 0xc7, 0xff, 0xbf, 0xfe, 0xc5, 0xff, 0xbc, 0xfd, 0xc1, 0xff, 0xbd, 0xff, 0xc1, 0xff, 0xbc, 0xfc, 0xc0, 0xff, 0xbb, 0xfb, 0xc0, 0xff, 0xba, 0xfc, 0xc1, 0xff, 0xbb, 0xfd, 0xc2, 0xff, 0xbd, 0xfe, 0xc3, 0xff, 0xbe, 0xfd, 0xc1, 0xff, 0xbf, 0xfe, 0xbf, 0xff, 0xc2, 0xff, 0xbf, 0xff, 0xc2, 0xff, 0xbf, 0xff, 0xc3, 0xff, 0xc1, 0xff, 0xc1, 0xff, 0xc2, 0xff, 0xbf, 0xfe, 0xc2, 0xff, 0xc0, 0xfe, 0xc3, 0xff, 0xc1, 0xff, 0xc3, 0xff, 0xc1, 0xfe, 0xc1, 0xff, 0xc1, 0xfd, 0xc0, 0xff, 
  0xbe, 0xff, 0xc4, 0xff, 0xbd, 0xff, 0xc2, 0xff, 0xbe, 0xff, 0xc1, 0xff, 0xc0, 0xff, 0xc0, 0xff, 0xc1, 0xff, 0xc0, 0xff, 0xc1, 0xff, 0xbf, 0xff, 0xc1, 0xff, 0xbf, 0xff, 0xc2, 0xff, 0xc0, 0xff, 0xc1, 0xfe, 0xbe, 0xff, 0xc2, 0xfe, 0xbd, 0xff, 0xc3, 0xff, 0xbe, 0xff, 0xc5, 0xff, 0xbe, 0xff, 0xc4, 0xff, 0xbf, 0xff, 0xc4, 0xff, 0xbf, 0xff, 0xc1, 0xff, 0xbf, 0xff, 0xc1, 0xfe, 0xc1, 0xff, 0xc2, 0xfc, 0xc2, 0xff, 0xc1, 0xfd, 0xc3, 0xff, 0xbe, 0xff, 0xc2, 0xff, 0xb4, 0xfc, 0xc4, 0xff, 0xab, 0xfa, 0xcf, 0xff, 0x8d, 0xe8, 0xd9, 0xff, 0x62, 0xce, 0xe9, 0xff, 0x57, 0xcd, 0xfe, 0xff, 0x58, 0xcc, 0xff, 0xff, 0x56, 0xcd, 0xff, 0xff, 0x55, 0xd0, 0xfc, 0xff, 0x52, 0xd1, 0xfb, 0xff, 0x50, 0xd0, 0xfc, 0xff, 0x51, 0xcf, 0xfe, 0xff, 0x56, 0xce, 0xff, 0xff, 0x58, 0xce, 0xff, 0xff, 0x55, 0xce, 0xff, 0xff, 0x55, 0xce, 0xff, 0xff, 0x55, 0xce, 0xff, 0xff, 0x55, 0xce, 0xff, 0xff, 0x55, 0xce, 0xff, 0xff, 0x55, 0xce, 0xff, 0xff, 0x55, 0xce, 0xff, 0xff, 0x55, 0xce, 0xff, 0xff, 0x55, 0xce, 0xff, 0xff, 0x55, 0xce, 0xff, 0xff, 0x55, 0xce, 0xff, 0xff, 0x55, 0xce, 0xff, 0xff, 0x55, 0xce, 0xff, 0xff, 0x55, 0xce, 0xff, 0xff, 0x55, 0xce, 0xff, 0xff, 0x55, 0xcf, 0xfe, 0xff, 0x54, 0xcf, 0xfe, 0xff, 0x53, 0xcf, 0xfe, 0xff, 0x52, 0xcf, 0xff, 0xff, 0x52, 0xce, 0xff, 0xff, 0x55, 0xce, 0xff, 0xff, 0x56, 0xce, 0xff, 0xff, 0x54, 0xce, 0xff, 0xff, 0x54, 0xcf, 0xff, 0xff, 0x55, 0xd0, 0xfe, 0xff, 0x5f, 0xcf, 0xe9, 0xff, 0x8a, 0xe3, 0xda, 0xff, 0xab, 0xf4, 0xd3, 0xff, 0xb9, 0xfb, 0xca, 0xff, 0xbe, 0xfe, 0xc3, 0xff, 0xbd, 0xfd, 0xbf, 0xff, 0xbf, 0xff, 0xbf, 0xff, 0xbf, 0xff, 0xbf, 0xff, 0xc1, 0xff, 0xbf, 0xff, 0xc3, 0xff, 0xbf, 0xff, 0xc4, 0xff, 0xbe, 0xff, 0xc4, 0xff, 0xbd, 0xff, 0xc4, 0xff, 0xbd, 0xff, 0xc2, 0xff, 0xbd, 0xff, 0xc2, 0xff, 0xbe, 0xff, 0xc0, 0xfe, 0xbc, 0xff, 0xbf, 0xfd, 0xbb, 0xff, 0xbf, 0xfd, 0xbb, 0xff, 0xc0, 0xff, 0xbd, 0xff, 0xc0, 0xff, 0xbf, 0xff, 0xbf, 0xff, 0xc0, 0xff, 0xbd, 0xff, 0xc1, 0xff, 0xbd, 0xff, 0xc2, 0xff, 
  0xbb, 0xff, 0xbe, 0xff, 0xba, 0xfe, 0xbd, 0xff, 0xbb, 0xfe, 0xbd, 0xff, 0xbd, 0xff, 0xbf, 0xff, 0xbd, 0xff, 0xc0, 0xff, 0xbb, 0xfd, 0xbf, 0xff, 0xba, 0xfc, 0xc1, 0xff, 0xbc, 0xfe, 0xc4, 0xff, 0xbb, 0xfc, 0xc1, 0xff, 0xbb, 0xfb, 0xbf, 0xff, 0xbe, 0xfd, 0xbf, 0xff, 0xc0, 0xfe, 0xbe, 0xff, 0xc2, 0xff, 0xbe, 0xff, 0xc1, 0xff, 0xbd, 0xff, 0xc1, 0xff, 0xbd, 0xff, 0xc1, 0xfe, 0xbe, 0xff, 0xc1, 0xfd, 0xc0, 0xff, 0xc1, 0xfe, 0xc2, 0xff, 0xc0, 0xff, 0xc2, 0xff, 0xb4, 0xfc, 0xc8, 0xff, 0xa1, 0xf4, 0xd4, 0xff, 0x81, 0xe1, 0xdd, 0xff, 0x60, 0xcf, 0xec, 0xff, 0x57, 0xce, 0xfe, 0xff, 0x56, 0xcd, 0xff, 0xff, 0x55, 0xcd, 0xff, 0xff, 0x55, 0xcf, 0xfd, 0xff, 0x54, 0xd0, 0xfb, 0xff, 0x52, 0xd0, 0xfd, 0xff, 0x52, 0xcf, 0xff, 0xff, 0x55, 0xcd, 0xff, 0xff, 0x57, 0xce, 0xff, 0xff, 0x55, 0xce, 0xff, 0xff, 0x55, 0xce, 0xff, 0xff, 0x55, 0xce, 0xff, 0xff, 0x55, 0xce, 0xff, 0xff, 0x55, 0xce, 0xff, 0xff, 0x55, 0xce, 0xff, 0xff, 0x55, 0xce, 0xff, 0xff, 0x55, 0xce, 0xff, 0xff, 0x55, 0xce, 0xff, 0xff, 0x55, 0xce, 0xff, 0xff, 0x55, 0xce, 0xff, 0xff, 0x55, 0xce, 0xff, 0xff, 0x55, 0xce, 0xff, 0xff, 0x55, 0xce, 0xff, 0xff, 0x55, 0xce, 0xff, 0xff, 0x55, 0xcf, 0xfe, 0xff, 0x55, 0xcf, 0xfd, 0xff, 0x54, 0xcf, 0xfe, 0xff, 0x52, 0xce, 0xff, 0xff, 0x53, 0xce, 0xff, 0xff, 0x55, 0xce, 0xff, 0xff, 0x55, 0xce, 0xff, 0xff, 0x54, 0xce, 0xff, 0xff, 0x54, 0xce, 0xff, 0xff, 0x56, 0xd0, 0xfd, 0xff, 0x5d, 0xce, 0xeb, 0xff, 0x7c, 0xdc, 0xdc, 0xff, 0x9f, 0xef, 0xd7, 0xff, 0xb8, 0xfc, 0xcf, 0xff, 0xbf, 0xfd, 0xc3, 0xff, 0xbe, 0xfd, 0xbe, 0xff, 0xc1, 0xff, 0xbf, 0xff, 0xbe, 0xff, 0xbb, 0xff, 0xc0, 0xff, 0xbc, 0xff, 0xc2, 0xff, 0xbd, 0xff, 0xc0, 0xff, 0xbc, 0xff, 0xbf, 0xfe, 0xbc, 0xff, 0xbf, 0xfe, 0xbe, 0xff, 0xbc, 0xfe, 0xc0, 0xff, 0xb9, 0xfc, 0xbf, 0xff, 0xbc, 0xfd, 0xc2, 0xff, 0xba, 0xfb, 0xbf, 0xff, 0xbb, 0xfc, 0xbd, 0xff, 0xbf, 0xff, 0xbf, 0xff, 0xc0, 0xff, 0xc1, 0xff, 0xbe, 0xff, 0xbf, 0xff, 0xbc, 0xff, 0xbe, 0xff, 0xbc, 0xff, 0xbf, 0xff, 
  0xc0, 0xff, 0xb8, 0xff, 0xbe, 0xff, 0xb9, 0xff, 0xbd, 0xff, 0xbf, 0xff, 0xbb, 0xff, 0xc4, 0xff, 0xb7, 0xfe, 0xc8, 0xff, 0xb4, 0xfc, 0xca, 0xff, 0xb3, 0xfb, 0xcd, 0xff, 0xb4, 0xfd, 0xd0, 0xff, 0xb5, 0xfd, 0xd1, 0xff, 0xb4, 0xfb, 0xcf, 0xff, 0xb5, 0xfc, 0xce, 0xff, 0xb8, 0xfe, 0xcd, 0xff, 0xba, 0xfe, 0xc8, 0xff, 0xbc, 0xfd, 0xc2, 0xff, 0xbf, 0xfe, 0xbf, 0xff, 0xc3, 0xff, 0xc0, 0xff, 0xc1, 0xfd, 0xc0, 0xff, 0xc1, 0xfe, 0xc1, 0xff, 0xc1, 0xfe, 0xc1, 0xff, 0xb5, 0xfc, 0xcd, 0xff, 0x97, 0xef, 0xdb, 0xff, 0x74, 0xdb, 0xe1, 0xff, 0x5e, 0xd0, 0xf1, 0xff, 0x57, 0xcf, 0xff, 0xff, 0x54, 0xcd, 0xff, 0xff, 0x54, 0xcd, 0xff, 0xff, 0x56, 0xcf, 0xfe, 0xff, 0x56, 0xcf, 0xfc, 0xff, 0x54, 0xcf, 0xfe, 0xff, 0x54, 0xce, 0xff, 0xff, 0x55, 0xcd, 0xff, 0xff, 0x55, 0xcd, 0xff, 0xff, 0x55, 0xce, 0xff, 0xff, 0x55, 0xce, 0xff, 0xff, 0x55, 0xce, 0xff, 0xff, 0x55, 0xce, 0xff, 0xff, 0x55, 0xce, 0xff, 0xff, 0x55, 0xce, 0xff, 0xff, 0x55, 0xce, 0xff, 0xff, 0x55, 0xce, 0xff, 0xff, 0x55, 0xce, 0xff, 0xff, 0x55, 0xce, 0xff, 0xff, 0x55, 0xce, 0xff, 0xff, 0x55, 0xce, 0xff, 0xff, 0x55, 0xce, 0xff, 0xff, 0x55, 0xce, 0xff, 0xff, 0x55, 0xce, 0xff, 0xff, 0x55, 0xcf, 0xfe, 0xff, 0x56, 0xcf, 0xfd, 0xff, 0x55, 0xcf, 0xfd, 0xff, 0x53, 0xce, 0xff, 0xff, 0x53, 0xce, 0xff, 0xff, 0x54, 0xce, 0xff, 0xff, 0x55, 0xce, 0xff, 0xff, 0x53, 0xce, 0xff, 0xff, 0x54, 0xce, 0xff, 0xff, 0x57, 0xd1, 0xfd, 0xff, 0x5d, 0xd0, 0xef, 0xff, 0x6f, 0xd6, 0xe2, 0xff, 0x92, 0xeb, 0xde, 0xff, 0xb5, 0xfc, 0xd4, 0xff, 0xbf, 0xfd, 0xc4, 0xff, 0xbf, 0xfd, 0xbe, 0xff, 0xc3, 0xff, 0xbf, 0xff, 0xbf, 0xff, 0xbc, 0xff, 0xbd, 0xff, 0xbd, 0xff, 0xba, 0xfe, 0xc1, 0xff, 0xb6, 0xfc, 0xc3, 0xff, 0xb4, 0xfb, 0xc8, 0xff, 0xb5, 0xfd, 0xcd, 0xff, 0xb4, 0xfd, 0xcf, 0xff, 0xb3, 0xfc, 0xce, 0xff, 0xb5, 0xfd, 0xcf, 0xff, 0xb4, 0xfb, 0xcc, 0xff, 0xb5, 0xfc, 0xca, 0xff, 0xb8, 0xfe, 0xc8, 0xff, 0xbc, 0xff, 0xc5, 0xff, 0xbf, 0xff, 0xc0, 0xff, 0xc0, 0xff, 0xba, 0xff, 0xc1, 0xff, 0xb8, 0xff, 
  0xc7, 0xff, 0xbb, 0xff, 0xc3, 0xff, 0xc1, 0xff, 0xb7, 0xff, 0xc9, 0xff, 0xaa, 0xf8, 0xce, 0xff, 0x9f, 0xf3, 0xd4, 0xff, 0x9a, 0xf0, 0xd8, 0xff, 0x9a, 0xef, 0xda, 0xff, 0x99, 0xee, 0xdc, 0xff, 0x99, 0xef, 0xdf, 0xff, 0x95, 0xec, 0xde, 0xff, 0x94, 0xed, 0xdf, 0xff, 0x98, 0xef, 0xde, 0xff, 0x9d, 0xf0, 0xd7, 0xff, 0xa4, 0xf2, 0xcf, 0xff, 0xb2, 0xf9, 0xcb, 0xff, 0xbf, 0xff, 0xca, 0xff, 0xbe, 0xfd, 0xc1, 0xff, 0xc2, 0xfe, 0xc1, 0xff, 0xc1, 0xfd, 0xc0, 0xff, 0xb5, 0xfc, 0xd1, 0xff, 0x8e, 0xeb, 0xe2, 0xff, 0x6a, 0xd7, 0xe7, 0xff, 0x5d, 0xd2, 0xf4, 0xff, 0x56, 0xd0, 0xfe, 0xff, 0x52, 0xcd, 0xff, 0xff, 0x52, 0xcd, 0xff, 0xff, 0x57, 0xce, 0xfe, 0xff, 0x58, 0xcf, 0xfd, 0xff, 0x56, 0xce, 0xfe, 0xff, 0x55, 0xce, 0xff, 0xff, 0x55, 0xcd, 0xff, 0xff, 0x54, 0xce, 0xff, 0xff, 0x55, 0xce, 0xff, 0xff, 0x55, 0xce, 0xff, 0xff, 0x55, 0xce, 0xff, 0xff, 0x55, 0xce, 0xff, 0xff, 0x55, 0xce, 0xff, 0xff, 0x55, 0xce, 0xff, 0xff, 0x55, 0xce, 0xff, 0xff, 0x55, 0xce, 0xff, 0xff, 0x55, 0xce, 0xff, 0xff, 0x55, 0xce, 0xff, 0xff, 0x55, 0xce, 0xff, 0xff, 0x55, 0xce, 0xff, 0xff, 0x55, 0xce, 0xff, 0xff, 0x55, 0xce, 0xff, 0xff, 0x55, 0xce, 0xff, 0xff, 0x55, 0xcf, 0xfe, 0xff, 0x56, 0xcf, 0xfd, 0xff, 0x56, 0xcf, 0xfd, 0xff, 0x54, 0xce, 0xff, 0xff, 0x53, 0xcd, 0xff, 0xff, 0x54, 0xcd, 0xff, 0xff, 0x54, 0xcd, 0xff, 0xff, 0x53, 0xcd, 0xff, 0xff, 0x54, 0xce, 0xff, 0xff, 0x58, 0xd0, 0xfb, 0xff, 0x5e, 0xd2, 0xf4, 0xff, 0x64, 0xd2, 0xe7, 0xff, 0x87, 0xe7, 0xe4, 0xff, 0xb2, 0xfb, 0xd6, 0xff, 0xbf, 0xfd, 0xc4, 0xff, 0xc3, 0xff, 0xbf, 0xff, 0xc2, 0xff, 0xc0, 0xff, 0xbf, 0xff, 0xc8, 0xff, 0xb1, 0xfb, 0xc9, 0xff, 0xa4, 0xf5, 0xce, 0xff, 0x9b, 0xf1, 0xd5, 0xff, 0x97, 0xf0, 0xdc, 0xff, 0x94, 0xee, 0xde, 0xff, 0x96, 0xee, 0xdd, 0xff, 0x97, 0xee, 0xdc, 0xff, 0x97, 0xec, 0xda, 0xff, 0x98, 0xed, 0xd8, 0xff, 0x99, 0xee, 0xd6, 0xff, 0x9e, 0xf1, 0xd2, 0xff, 0xaa, 0xf7, 0xcd, 0xff, 0xb7, 0xfe, 0xc8, 0xff, 0xc3, 0xff, 0xc0, 0xff, 0xc7, 0xff, 0xb9, 0xff, 
  0xc4, 0xff, 0xbc, 0xff, 0xbb, 0xfd, 0xc6, 0xff, 0xa2, 0xf4, 0xd4, 0xff, 0x86, 0xe4, 0xd9, 0xff, 0x73, 0xda, 0xe0, 0xff, 0x6d, 0xd7, 0xe7, 0xff, 0x6f, 0xd8, 0xe9, 0xff, 0x6b, 0xd4, 0xe8, 0xff, 0x68, 0xd2, 0xec, 0xff, 0x63, 0xd1, 0xee, 0xff, 0x5d, 0xd1, 0xf4, 0xff, 0x60, 0xd4, 0xf3, 0xff, 0x69, 0xd6, 0xe9, 0xff, 0x77, 0xda, 0xde, 0xff, 0x92, 0xe6, 0xd6, 0xff, 0xac, 0xf5, 0xd1, 0xff, 0xbb, 0xfd, 0xc6, 0xff, 0xc1, 0xfe, 0xbf, 0xff, 0xc0, 0xfb, 0xbe, 0xff, 0xb4, 0xfb, 0xd3, 0xff, 0x87, 0xe8, 0xe7, 0xff, 0x61, 0xd3, 0xeb, 0xff, 0x5b, 0xd2, 0xf5, 0xff, 0x54, 0xd0, 0xfc, 0xff, 0x50, 0xce, 0xff, 0xff, 0x52, 0xcd, 0xff, 0xff, 0x58, 0xce, 0xff, 0xff, 0x5a, 0xce, 0xfd, 0xff, 0x58, 0xce, 0xfe, 0xff, 0x56, 0xce, 0xff, 0xff, 0x54, 0xce, 0xff, 0xff, 0x54, 0xce, 0xff, 0xff, 0x54, 0xce, 0xff, 0xff, 0x55, 0xce, 0xff, 0xff, 0x55, 0xce, 0xff, 0xff, 0x55, 0xce, 0xff, 0xff, 0x55, 0xce, 0xff, 0xff, 0x55, 0xce, 0xff, 0xff, 0x55, 0xce, 0xff, 0xff, 0x55, 0xce, 0xff, 0xff, 0x55, 0xce, 0xff, 0xff, 0x55, 0xce, 0xff, 0xff, 0x55, 0xce, 0xff, 0xff, 0x55, 0xce, 0xff, 0xff, 0x55, 0xce, 0xff, 0xff, 0x55, 0xce, 0xff, 0xff, 0x55, 0xce, 0xff, 0xff, 0x55, 0xcf, 0xfe, 0xff, 0x57, 0xcf, 0xfd, 0xff, 0x57, 0xcf, 0xfd, 0xff, 0x54, 0xce, 0xff, 0xff, 0x53, 0xcd, 0xff, 0xff, 0x54, 0xcd, 0xff, 0xff, 0x54, 0xcd, 0xff, 0xff, 0x53, 0xcd, 0xff, 0xff, 0x55, 0xce, 0xff, 0xff, 0x58, 0xcf, 0xfa, 0xff, 0x5e, 0xd4, 0xf7, 0xff, 0x5d, 0xd1, 0xed, 0xff, 0x7c, 0xe2, 0xe7, 0xff, 0xae, 0xfa, 0xd8, 0xff, 0xc0, 0xfd, 0xc3, 0xff, 0xc4, 0xff, 0xbe, 0xff, 0xbe, 0xfe, 0xc3, 0xff, 0xad, 0xf9, 0xd0, 0xff, 0x91, 0xe9, 0xd5, 0xff, 0x77, 0xdc, 0xdd, 0xff, 0x69, 0xd9, 0xe9, 0xff, 0x61, 0xd7, 0xf4, 0xff, 0x5d, 0xd3, 0xf3, 0xff, 0x62, 0xd2, 0xee, 0xff, 0x69, 0xd5, 0xed, 0xff, 0x6c, 0xd5, 0xe9, 0xff, 0x6f, 0xd8, 0xe9, 0xff, 0x6e, 0xd8, 0xe8, 0xff, 0x75, 0xdb, 0xe1, 0xff, 0x89, 0xe6, 0xdb, 0xff, 0xa6, 0xf5, 0xd6, 0xff, 0xbf, 0xff, 0xc9, 0xff, 0xc8, 0xff, 0xbe, 0xff, 
  0xc3, 0xfc, 0xbe, 0xff, 0xb8, 0xfb, 0xcb, 0xff, 0x99, 0xef, 0xdb, 0xff, 0x76, 0xdb, 0xe0, 0xff, 0x60, 0xd0, 0xea, 0xff, 0x5d, 0xd1, 0xf6, 0xff, 0x60, 0xd3, 0xf9, 0xff, 0x5d, 0xcf, 0xf8, 0xff, 0x5b, 0xcf, 0xfe, 0xff, 0x54, 0xcd, 0xff, 0xff, 0x4b, 0xcc, 0xff, 0xff, 0x4c, 0xcd, 0xff, 0xff, 0x53, 0xcd, 0xf8, 0xff, 0x64, 0xd1, 0xe9, 0xff, 0x84, 0xdf, 0xdf, 0xff, 0xa3, 0xf0, 0xd7, 0xff, 0xba, 0xfd, 0xca, 0xff, 0xc1, 0xfe, 0xbf, 0xff, 0xc0, 0xfa, 0xbd, 0xff, 0xb4, 0xfb, 0xd4, 0xff, 0x83, 0xe6, 0xe9, 0xff, 0x5d, 0xd1, 0xed, 0xff, 0x5a, 0xd2, 0xf6, 0xff, 0x53, 0xcf, 0xfb, 0xff, 0x50, 0xce, 0xff, 0xff, 0x51, 0xcd, 0xff, 0xff, 0x58, 0xce, 0xff, 0xff, 0x5b, 0xce, 0xfe, 0xff, 0x59, 0xce, 0xfe, 0xff, 0x57, 0xce, 0xff, 0xff, 0x54, 0xce, 0xff, 0xff, 0x53, 0xce, 0xff, 0xff, 0x54, 0xce, 0xff, 0xff, 0x55, 0xce, 0xff, 0xff, 0x55, 0xce, 0xff, 0xff, 0x55, 0xce, 0xff, 0xff, 0x55, 0xce, 0xff, 0xff, 0x55, 0xce, 0xff, 0xff, 0x55, 0xce, 0xff, 0xff, 0x55, 0xce, 0xff, 0xff, 0x55, 0xce, 0xff, 0xff, 0x55, 0xce, 0xff, 0xff, 0x55, 0xce, 0xff, 0xff, 0x55, 0xce, 0xff, 0xff, 0x55, 0xce, 0xff, 0xff, 0x55, 0xce, 0xff, 0xff, 0x55, 0xce, 0xff, 0xff, 0x56, 0xcf, 0xfe, 0xff, 0x57, 0xcf, 0xfd, 0xff, 0x57, 0xcf, 0xfd, 0xff, 0x54, 0xce, 0xff, 0xff, 0x53, 0xcd, 0xff, 0xff, 0x54, 0xcd, 0xff, 0xff, 0x54, 0xcd, 0xff, 0xff, 0x53, 0xcd, 0xff, 0xff, 0x55, 0xce, 0xff, 0xff, 0x57, 0xcd, 0xf7, 0xff, 0x60, 0xd5, 0xfa, 0xff, 0x59, 0xd0, 0xf0, 0xff, 0x77, 0xe0, 0xe9, 0xff, 0xab, 0xf8, 0xd7, 0xff, 0xbf, 0xfc, 0xc2, 0xff, 0xc5, 0xff, 0xbe, 0xff, 0xbc, 0xfc, 0xc4, 0xff, 0xa3, 0xf2, 0xd4, 0xff, 0x80, 0xde, 0xda, 0xff, 0x61, 0xd0, 0xe5, 0xff, 0x52, 0xce, 0xf6, 0xff, 0x4a, 0xce, 0xff, 0xff, 0x47, 0xcb, 0xff, 0xff, 0x50, 0xcc, 0xff, 0xff, 0x5a, 0xd0, 0xfd, 0xff, 0x5a, 0xcd, 0xf6, 0xff, 0x5d, 0xd0, 0xf6, 0xff, 0x5b, 0xcf, 0xf4, 0xff, 0x5f, 0xcf, 0xe9, 0xff, 0x78, 0xdc, 0xe1, 0xff, 0x9b, 0xef, 0xdc, 0xff, 0xbb, 0xfc, 0xcc, 0xff, 0xc5, 0xfc, 0xbe, 0xff, 
  0xc3, 0xfb, 0xbf, 0xff, 0xb8, 0xfa, 0xcc, 0xff, 0x99, 0xee, 0xdc, 0xff, 0x76, 0xdb, 0xe1, 0xff, 0x60, 0xcf, 0xeb, 0xff, 0x5d, 0xd1, 0xf7, 0xff, 0x60, 0xd2, 0xfa, 0xff, 0x5d, 0xce, 0xf9, 0xff, 0x59, 0xcd, 0xfd, 0xff, 0x53, 0xcb, 0xff, 0xff, 0x4b, 0xcb, 0xff, 0xff, 0x4d, 0xcd, 0xff, 0xff, 0x54, 0xcd, 0xfa, 0xff, 0x64, 0xd1, 0xea, 0xff, 0x83, 0xde, 0xdf, 0xff, 0xa1, 0xee, 0xd5, 0xff, 0xb8, 0xfb, 0xc8, 0xff, 0xc2, 0xff, 0xc0, 0xff, 0xc1, 0xfb, 0xbe, 0xff, 0xb3, 0xfa, 0xd3, 0xff, 0x82, 0xe5, 0xe8, 0xff, 0x5f, 0xd3, 0xef, 0xff, 0x5c, 0xd4, 0xf8, 0xff, 0x52, 0xce, 0xfa, 0xff, 0x50, 0xce, 0xff, 0xff, 0x51, 0xcd, 0xff, 0xff, 0x58, 0xce, 0xff, 0xff, 0x5b, 0xce, 0xfe, 0xff, 0x59, 0xce, 0xfe, 0xff, 0x57, 0xce, 0xff, 0xff, 0x54, 0xce, 0xff, 0xff, 0x53, 0xce, 0xff, 0xff, 0x54, 0xce, 0xff, 0xff, 0x55, 0xce, 0xff, 0xff, 0x55, 0xce, 0xff, 0xff, 0x55, 0xce, 0xff, 0xff, 0x55, 0xce, 0xff, 0xff, 0x55, 0xce, 0xff, 0xff, 0x55, 0xce, 0xff, 0xff, 0x55, 0xce, 0xff, 0xff, 0x55, 0xce, 0xff, 0xff, 0x55, 0xce, 0xff, 0xff, 0x55, 0xce, 0xff, 0xff, 0x55, 0xce, 0xff, 0xff, 0x55, 0xce, 0xff, 0xff, 0x55, 0xce, 0xff, 0xff, 0x55, 0xce, 0xff, 0xff, 0x56, 0xcf, 0xfe, 0xff, 0x57, 0xcf, 0xfd, 0xff, 0x57, 0xcf, 0xfd, 0xff, 0x54, 0xce, 0xff, 0xff, 0x53, 0xcd, 0xff, 0xff, 0x54, 0xcd, 0xff, 0xff, 0x54, 0xcd, 0xff, 0xff, 0x53, 0xcd, 0xff, 0xff, 0x55, 0xce, 0xff, 0xff, 0x57, 0xcd, 0xf7, 0xff, 0x60, 0xd5, 0xfa, 0xff, 0x59, 0xd0, 0xf0, 0xff, 0x77, 0xe0, 0xe9, 0xff, 0xab, 0xf8, 0xd7, 0xff, 0xbf, 0xfc, 0xc2, 0xff, 0xc5, 0xff, 0xbe, 0xff, 0xbc, 0xfc, 0xc4, 0xff, 0xa3, 0xf1, 0xd5, 0xff, 0x80, 0xdd, 0xdb, 0xff, 0x60, 0xcf, 0xe6, 0xff, 0x53, 0xce, 0xf9, 0xff, 0x4b, 0xce, 0xff, 0xff, 0x48, 0xcb, 0xff, 0xff, 0x50, 0xcb, 0xff, 0xff, 0x59, 0xce, 0xfe, 0xff, 0x5c, 0xce, 0xf9, 0xff, 0x5d, 0xcf, 0xf7, 0xff, 0x5a, 0xce, 0xf4, 0xff, 0x60, 0xcf, 0xeb, 0xff, 0x79, 0xdc, 0xe4, 0xff, 0x9a, 0xed, 0xdd, 0xff, 0xba, 0xfa, 0xcc, 0xff, 0xc7, 0xfd, 0xc1, 0xff, 
  0xc4, 0xfd, 0xbf, 0xff, 0xbc, 0xfc, 0xca, 0xff, 0xa2, 0xf2, 0xd7, 0xff, 0x85, 0xe2, 0xda, 0xff, 0x72, 0xd7, 0xe2, 0xff, 0x6c, 0xd5, 0xe9, 0xff, 0x6c, 0xd3, 0xe9, 0xff, 0x69, 0xd0, 0xe9, 0xff, 0x66, 0xcf, 0xec, 0xff, 0x61, 0xcd, 0xef, 0xff, 0x5b, 0xcd, 0xf4, 0xff, 0x5d, 0xcf, 0xf3, 0xff, 0x66, 0xd1, 0xe9, 0xff, 0x75, 0xd7, 0xdf, 0xff, 0x90, 0xe3, 0xd7, 0xff, 0xaa, 0xf2, 0xd1, 0xff, 0xba, 0xfb, 0xc6, 0xff, 0xc2, 0xff, 0xc0, 0xff, 0xc1, 0xfc, 0xbf, 0xff, 0xb3, 0xfa, 0xd2, 0xff, 0x86, 0xe7, 0xe6, 0xff, 0x61, 0xd3, 0xeb, 0xff, 0x5b, 0xd2, 0xf5, 0xff, 0x53, 0xcf, 0xfb, 0xff, 0x50, 0xce, 0xff, 0xff, 0x52, 0xcd, 0xff, 0xff, 0x58, 0xce, 0xff, 0xff, 0x5a, 0xce, 0xfd, 0xff, 0x58, 0xce, 0xfe, 0xff, 0x56, 0xce, 0xff, 0xff, 0x54, 0xce, 0xff, 0xff, 0x54, 0xce, 0xff, 0xff, 0x54, 0xce, 0xff, 0xff, 0x55, 0xce, 0xff, 0xff, 0x55, 0xce, 0xff, 0xff, 0x55, 0xce, 0xff, 0xff, 0x55, 0xce, 0xff, 0xff, 0x55, 0xce, 0xff, 0xff, 0x55, 0xce, 0xff, 0xff, 0x55, 0xce, 0xff, 0xff, 0x55, 0xce, 0xff, 0xff, 0x55, 0xce, 0xff, 0xff, 0x55, 0xce, 0xff, 0xff, 0x55, 0xce, 0xff, 0xff, 0x55, 0xce, 0xff, 0xff, 0x55, 0xce, 0xff, 0xff, 0x55, 0xce, 0xff, 0xff, 0x55, 0xcf, 0xfe, 0xff, 0x57, 0xcf, 0xfd, 0xff, 0x57, 0xcf, 0xfd, 0xff, 0x54, 0xce, 0xff, 0xff, 0x53, 0xcd, 0xff, 0xff, 0x54, 0xcd, 0xff, 0xff, 0x54, 0xcd, 0xff, 0xff, 0x53, 0xcd, 0xff, 0xff, 0x55, 0xce, 0xff, 0xff, 0x58, 0xcf, 0xfa, 0xff, 0x5e, 0xd4, 0xf7, 0xff, 0x5d, 0xd1, 0xed, 0xff, 0x7c, 0xe2, 0xe7, 0xff, 0xae, 0xfa, 0xd8, 0xff, 0xc0, 0xfd, 0xc3, 0xff, 0xc4, 0xff, 0xbe, 0xff, 0xbe, 0xfd, 0xc4, 0xff, 0xa9, 0xf3, 0xcf, 0xff, 0x8d, 0xe3, 0xd4, 0xff, 0x74, 0xd8, 0xdd, 0xff, 0x66, 0xd4, 0xea, 0xff, 0x5f, 0xd3, 0xf5, 0xff, 0x5b, 0xcf, 0xf5, 0xff, 0x5f, 0xce, 0xef, 0xff, 0x65, 0xcf, 0xec, 0xff, 0x6b, 0xd2, 0xeb, 0xff, 0x6d, 0xd4, 0xea, 0xff, 0x6b, 0xd4, 0xe8, 0xff, 0x74, 0xd8, 0xe3, 0xff, 0x88, 0xe3, 0xdd, 0xff, 0xa4, 0xf2, 0xd8, 0xff, 0xbd, 0xfc, 0xcb, 0xff, 0xc7, 0xfd, 0xc0, 0xff, 
  0xc5, 0xff, 0xbd, 0xff, 0xc1, 0xff, 0xc2, 0xff, 0xb4, 0xfa, 0xca, 0xff, 0xa7, 0xf3, 0xcf, 0xff, 0x9b, 0xed, 0xd4, 0xff, 0x96, 0xea, 0xd8, 0xff, 0x95, 0xe8, 0xd9, 0xff, 0x94, 0xe7, 0xdb, 0xff, 0x96, 0xea, 0xdf, 0xff, 0x92, 0xe7, 0xde, 0xff, 0x90, 0xe7, 0xdf, 0xff, 0x94, 0xe9, 0xde, 0xff, 0x9a, 0xeb, 0xd7, 0xff, 0xa1, 0xed, 0xd0, 0xff, 0xb0, 0xf5, 0xcc, 0xff, 0xbd, 0xfd, 0xcb, 0xff, 0xbf, 0xfe, 0xc3, 0xff, 0xc1, 0xfd, 0xc0, 0xff, 0xc0, 0xfc, 0xbf, 0xff, 0xb5, 0xfc, 0xd1, 0xff, 0x8e, 0xeb, 0xe2, 0xff, 0x69, 0xd6, 0xe6, 0xff, 0x5b, 0xd0, 0xf2, 0xff, 0x55, 0xcf, 0xfd, 0xff, 0x52, 0xcd, 0xff, 0xff, 0x52, 0xcd, 0xff, 0xff, 0x57, 0xce, 0xfe, 0xff, 0x58, 0xcf, 0xfd, 0xff, 0x56, 0xce, 0xfe, 0xff, 0x55, 0xce, 0xff, 0xff, 0x55, 0xcd, 0xff, 0xff, 0x54, 0xce, 0xff, 0xff, 0x55, 0xce, 0xff, 0xff, 0x55, 0xce, 0xff, 0xff, 0x55, 0xce, 0xff, 0xff, 0x55, 0xce, 0xff, 0xff, 0x55, 0xce, 0xff, 0xff, 0x55, 0xce, 0xff, 0xff, 0x55, 0xce, 0xff, 0xff, 0x55, 0xce, 0xff, 0xff, 0x55, 0xce, 0xff, 0xff, 0x55, 0xce, 0xff, 0xff, 0x55, 0xce, 0xff, 0xff, 0x55, 0xce, 0xff, 0xff, 0x55, 0xce, 0xff, 0xff, 0x55, 0xce, 0xff, 0xff, 0x55, 0xce, 0xff, 0xff, 0x55, 0xcf, 0xfe, 0xff, 0x56, 0xcf, 0xfd, 0xff, 0x56, 0xcf, 0xfd, 0xff, 0x54, 0xce, 0xff, 0xff, 0x53, 0xcd, 0xff, 0xff, 0x54, 0xcd, 0xff, 0xff, 0x54, 0xcd, 0xff, 0xff, 0x53, 0xcd, 0xff, 0xff, 0x54, 0xce, 0xff, 0xff, 0x58, 0xd0, 0xfb, 0xff, 0x5e, 0xd2, 0xf4, 0xff, 0x64, 0xd2, 0xe7, 0xff, 0x87, 0xe7, 0xe4, 0xff, 0xb2, 0xfb, 0xd6, 0xff, 0xbf, 0xfd, 0xc4, 0xff, 0xc3, 0xff, 0xbf, 0xff, 0xc2, 0xff, 0xc1, 0xff, 0xbc, 0xfd, 0xc8, 0xff, 0xae, 0xf6, 0xcb, 0xff, 0xa1, 0xef, 0xd0, 0xff, 0x98, 0xec, 0xd7, 0xff, 0x95, 0xeb, 0xdf, 0xff, 0x92, 0xe9, 0xe1, 0xff, 0x93, 0xe9, 0xdf, 0xff, 0x94, 0xe9, 0xde, 0xff, 0x94, 0xe7, 0xdb, 0xff, 0x96, 0xe9, 0xda, 0xff, 0x97, 0xe9, 0xd8, 0xff, 0x9b, 0xeb, 0xd3, 0xff, 0xa7, 0xf2, 0xcf, 0xff, 0xb6, 0xfb, 0xcc, 0xff, 0xc2, 0xfe, 0xc4, 0xff, 0xc5, 0xfd, 0xbc, 0xff, 
  0xc1, 0xff, 0xbc, 0xff, 0xbf, 0xff, 0xbe, 0xff, 0xbd, 0xfe, 0xc2, 0xff, 0xbc, 0xff, 0xc9, 0xff, 0xb8, 0xfd, 0xcd, 0xff, 0xb5, 0xfb, 0xcf, 0xff, 0xb4, 0xfa, 0xd1, 0xff, 0xb5, 0xfc, 0xd4, 0xff, 0xb3, 0xfa, 0xd3, 0xff, 0xb3, 0xf9, 0xd1, 0xff, 0xb4, 0xf9, 0xd0, 0xff, 0xb8, 0xfc, 0xd0, 0xff, 0xba, 0xfc, 0xcb, 0xff, 0xbc, 0xfb, 0xc6, 0xff, 0xbe, 0xfb, 0xc2, 0xff, 0xc1, 0xfd, 0xc1, 0xff, 0xc2, 0xfe, 0xc1, 0xff, 0xc0, 0xfd, 0xc0, 0xff, 0xc0, 0xfd, 0xc0, 0xff, 0xb6, 0xfd, 0xce, 0xff, 0x98, 0xf0, 0xdc, 0xff, 0x73, 0xda, 0xe0, 0xff, 0x5c, 0xce, 0xef, 0xff, 0x57, 0xcf, 0xff, 0xff, 0x54, 0xcd, 0xff, 0xff, 0x54, 0xcd, 0xff, 0xff, 0x56, 0xcf, 0xfe, 0xff, 0x56, 0xcf, 0xfc, 0xff, 0x54, 0xcf, 0xfe, 0xff, 0x54, 0xce, 0xff, 0xff, 0x55, 0xcd, 0xff, 0xff, 0x55, 0xcd, 0xff, 0xff, 0x55, 0xce, 0xff, 0xff, 0x55, 0xce, 0xff, 0xff, 0x55, 0xce, 0xff, 0xff, 0x55, 0xce, 0xff, 0xff, 0x55, 0xce, 0xff, 0xff, 0x55, 0xce, 0xff, 0xff, 0x55, 0xce, 0xff, 0xff, 0x55, 0xce, 0xff, 0xff, 0x55, 0xce, 0xff, 0xff, 0x55, 0xce, 0xff, 0xff, 0x55, 0xce, 0xff, 0xff, 0x55, 0xce, 0xff, 0xff, 0x55, 0xce, 0xff, 0xff, 0x55, 0xce, 0xff, 0xff, 0x55, 0xce, 0xff, 0xff, 0x55, 0xcf, 0xfe, 0xff, 0x56, 0xcf, 0xfd, 0xff, 0x55, 0xcf, 0xfd, 0xff, 0x53, 0xce, 0xff, 0xff, 0x53, 0xce, 0xff, 0xff, 0x54, 0xce, 0xff, 0xff, 0x55, 0xce, 0xff, 0xff, 0x53, 0xce, 0xff, 0xff, 0x54, 0xce, 0xff, 0xff, 0x57, 0xd1, 0xfd, 0xff, 0x5d, 0xd0, 0xef, 0xff, 0x6f, 0xd6, 0xe2, 0xff, 0x92, 0xeb, 0xde, 0xff, 0xb5, 0xfc, 0xd4, 0xff, 0xbf, 0xfd, 0xc4, 0xff, 0xbf, 0xfd, 0xbe, 0xff, 0xc3, 0xff, 0xc0, 0xff, 0xbf, 0xfe, 0xbf, 0xff, 0xbd, 0xfd, 0xc2, 0xff, 0xb9, 0xfb, 0xc5, 0xff, 0xb6, 0xf9, 0xc8, 0xff, 0xb4, 0xf9, 0xcd, 0xff, 0xb5, 0xfa, 0xd1, 0xff, 0xb3, 0xfa, 0xd2, 0xff, 0xb2, 0xf9, 0xd2, 0xff, 0xb3, 0xf9, 0xd1, 0xff, 0xb5, 0xfa, 0xd1, 0xff, 0xb5, 0xfa, 0xce, 0xff, 0xb6, 0xfa, 0xcb, 0xff, 0xba, 0xfc, 0xc8, 0xff, 0xc0, 0xff, 0xc6, 0xff, 0xc2, 0xff, 0xc1, 0xff, 0xc0, 0xfc, 0xbb, 0xff, 
  0xbc, 0xff, 0xc1, 0xff, 0xba, 0xfd, 0xbf, 0xff, 0xbc, 0xfe, 0xc0, 0xff, 0xbe, 0xff, 0xc2, 0xff, 0xbd, 0xfe, 0xc2, 0xff, 0xbc, 0xfd, 0xc2, 0xff, 0xbb, 0xfd, 0xc3, 0xff, 0xbd, 0xfe, 0xc6, 0xff, 0xbb, 0xfb, 0xc3, 0xff, 0xbb, 0xfa, 0xc1, 0xff, 0xbe, 0xfc, 0xc1, 0xff, 0xc2, 0xff, 0xc2, 0xff, 0xc4, 0xff, 0xc2, 0xff, 0xc2, 0xff, 0xc0, 0xff, 0xc1, 0xfe, 0xbf, 0xff, 0xc1, 0xfd, 0xc0, 0xff, 0xc2, 0xfd, 0xc2, 0xff, 0xc0, 0xfd, 0xc1, 0xff, 0xbe, 0xfe, 0xc0, 0xff, 0xb6, 0xfe, 0xca, 0xff, 0xa3, 0xf6, 0xd6, 0xff, 0x80, 0xe0, 0xdc, 0xff, 0x5f, 0xce, 0xeb, 0xff, 0x59, 0xd0, 0xff, 0xff, 0x56, 0xcd, 0xff, 0xff, 0x55, 0xcd, 0xff, 0xff, 0x55, 0xcf, 0xfd, 0xff, 0x54, 0xd0, 0xfb, 0xff, 0x52, 0xd0, 0xfd, 0xff, 0x52, 0xcf, 0xff, 0xff, 0x55, 0xcd, 0xff, 0xff, 0x56, 0xcd, 0xff, 0xff, 0x55, 0xce, 0xff, 0xff, 0x55, 0xce, 0xff, 0xff, 0x55, 0xce, 0xff, 0xff, 0x55, 0xce, 0xff, 0xff, 0x55, 0xce, 0xff, 0xff, 0x55, 0xce, 0xff, 0xff, 0x55, 0xce, 0xff, 0xff, 0x55, 0xce, 0xff, 0xff, 0x55, 0xce, 0xff, 0xff, 0x55, 0xce, 0xff, 0xff, 0x55, 0xce, 0xff, 0xff, 0x55, 0xce, 0xff, 0xff, 0x55, 0xce, 0xff, 0xff, 0x55, 0xce, 0xff, 0xff, 0x55, 0xce, 0xff, 0xff, 0x55, 0xcf, 0xfe, 0xff, 0x55, 0xcf, 0xfd, 0xff, 0x54, 0xcf, 0xfe, 0xff, 0x52, 0xce, 0xff, 0xff, 0x53, 0xce, 0xff, 0xff, 0x55, 0xce, 0xff, 0xff, 0x55, 0xce, 0xff, 0xff, 0x54, 0xce, 0xff, 0xff, 0x54, 0xce, 0xff, 0xff, 0x56, 0xd0, 0xfd, 0xff, 0x5d, 0xce, 0xeb, 0xff, 0x7c, 0xdc, 0xdc, 0xff, 0x9f, 0xef, 0xd7, 0xff, 0xb8, 0xfc, 0xcf, 0xff, 0xbf, 0xfd, 0xc3, 0xff, 0xbe, 0xfd, 0xbe, 0xff, 0xc1, 0xff, 0xc0, 0xff, 0xbe, 0xfe, 0xbd, 0xff, 0xc0, 0xff, 0xbf, 0xff, 0xc1, 0xff, 0xbf, 0xff, 0xbf, 0xfd, 0xbe, 0xff, 0xbf, 0xfc, 0xbf, 0xff, 0xbf, 0xfd, 0xc2, 0xff, 0xbc, 0xfc, 0xc3, 0xff, 0xb9, 0xfa, 0xc3, 0xff, 0xbd, 0xfd, 0xc6, 0xff, 0xbd, 0xfd, 0xc5, 0xff, 0xbe, 0xfd, 0xc4, 0xff, 0xbe, 0xfd, 0xc2, 0xff, 0xbf, 0xff, 0xc3, 0xff, 0xc0, 0xff, 0xc4, 0xff, 0xbe, 0xff, 0xc3, 0xff, 0xbb, 0xfd, 0xc2, 0xff, 
  0xbe, 0xff, 0xc4, 0xff, 0xbc, 0xff, 0xc1, 0xff, 0xbd, 0xff, 0xc0, 0xff, 0xbf, 0xff, 0xbf, 0xff, 0xc0, 0xff, 0xbf, 0xff, 0xbf, 0xfe, 0xbd, 0xff, 0xbf, 0xfe, 0xbd, 0xff, 0xc0, 0xff, 0xbe, 0xff, 0xc3, 0xff, 0xc0, 0xff, 0xc3, 0xff, 0xbe, 0xff, 0xc2, 0xfe, 0xbd, 0xff, 0xc3, 0xff, 0xbc, 0xff, 0xc3, 0xff, 0xbe, 0xff, 0xc4, 0xff, 0xbf, 0xff, 0xc3, 0xff, 0xc1, 0xff, 0xc3, 0xff, 0xc3, 0xff, 0xc2, 0xfc, 0xc2, 0xff, 0xc1, 0xfd, 0xc3, 0xff, 0xbd, 0xff, 0xc1, 0xff, 0xb5, 0xfd, 0xc5, 0xff, 0xac, 0xfb, 0xd0, 0xff, 0x8e, 0xe9, 0xda, 0xff, 0x63, 0xcf, 0xea, 0xff, 0x59, 0xcf, 0xff, 0xff, 0x58, 0xcc, 0xff, 0xff, 0x56, 0xcd, 0xff, 0xff, 0x55, 0xd0, 0xfc, 0xff, 0x52, 0xd1, 0xfb, 0xff, 0x50, 0xd0, 0xfc, 0xff, 0x51, 0xcf, 0xfe, 0xff, 0x55, 0xcd, 0xff, 0xff, 0x57, 0xcd, 0xff, 0xff, 0x55, 0xce, 0xff, 0xff, 0x55, 0xce, 0xff, 0xff, 0x55, 0xce, 0xff, 0xff, 0x55, 0xce, 0xff, 0xff, 0x55, 0xce, 0xff, 0xff, 0x55, 0xce, 0xff, 0xff, 0x55, 0xce, 0xff, 0xff, 0x55, 0xce, 0xff, 0xff, 0x55, 0xce, 0xff, 0xff, 0x55, 0xce, 0xff, 0xff, 0x55, 0xce, 0xff, 0xff, 0x55, 0xce, 0xff, 0xff, 0x55, 0xce, 0xff, 0xff, 0x55, 0xce, 0xff, 0xff, 0x55, 0xce, 0xff, 0xff, 0x55, 0xcf, 0xfe, 0xff, 0x54, 0xcf, 0xfe, 0xff, 0x53, 0xcf, 0xfe, 0xff, 0x52, 0xcf, 0xff, 0xff, 0x52, 0xce, 0xff, 0xff, 0x55, 0xce, 0xff, 0xff, 0x56, 0xce, 0xff, 0xff, 0x54, 0xce, 0xff, 0xff, 0x54, 0xcf, 0xff, 0xff, 0x55, 0xd0, 0xfe, 0xff, 0x5f, 0xcf, 0xe9, 0xff, 0x8a, 0xe3, 0xda, 0xff, 0xab, 0xf4, 0xd3, 0xff, 0xb9, 0xfb, 0xca, 0xff, 0xbe, 0xfe, 0xc3, 0xff, 0xbd, 0xfd, 0xbf, 0xff, 0xbf, 0xff, 0xc0, 0xff, 0xc0, 0xff, 0xc0, 0xff, 0xc2, 0xff, 0xc1, 0xff, 0xc3, 0xff, 0xc0, 0xff, 0xc3, 0xff, 0xbf, 0xff, 0xc4, 0xff, 0xbe, 0xff, 0xc4, 0xff, 0xbf, 0xff, 0xc3, 0xff, 0xbf, 0xff, 0xc2, 0xff, 0xbf, 0xff, 0xc2, 0xff, 0xbf, 0xff, 0xc1, 0xfe, 0xbf, 0xff, 0xc1, 0xfe, 0xbe, 0xff, 0xc0, 0xfe, 0xbe, 0xff, 0xc0, 0xff, 0xc1, 0xff, 0xc0, 0xff, 0xc3, 0xff, 0xbe, 0xff, 0xc4, 0xff, 0xbc, 0xfe, 0xc3, 0xff, 
  0xc3, 0xff, 0xc0, 0xff, 0xc2, 0xff, 0xc1, 0xff, 0xc0, 0xff, 0xc2, 0xff, 0xbf, 0xff, 0xc2, 0xff, 0xc0, 0xff, 0xc2, 0xff, 0xc2, 0xff, 0xc2, 0xff, 0xc3, 0xff, 0xc0, 0xff, 0xc3, 0xff, 0xbe, 0xff, 0xc3, 0xff, 0xbf, 0xff, 0xc1, 0xff, 0xbf, 0xff, 0xbe, 0xfe, 0xc0, 0xff, 0xbb, 0xfc, 0xc0, 0xff, 0xba, 0xfb, 0xc0, 0xff, 0xbb, 0xfc, 0xc1, 0xff, 0xbd, 0xfd, 0xc1, 0xff, 0xbf, 0xfd, 0xc2, 0xff, 0xc1, 0xfc, 0xc3, 0xff, 0xc2, 0xfe, 0xc4, 0xff, 0xbd, 0xff, 0xc2, 0xff, 0xb4, 0xfc, 0xc1, 0xff, 0xb4, 0xff, 0xcc, 0xff, 0x99, 0xf0, 0xd9, 0xff, 0x67, 0xd2, 0xea, 0xff, 0x59, 0xce, 0xff, 0xff, 0x59, 0xcc, 0xff, 0xff, 0x57, 0xcd, 0xff, 0xff, 0x54, 0xd0, 0xfb, 0xff, 0x51, 0xd1, 0xfa, 0xff, 0x4e, 0xd1, 0xfc, 0xff, 0x50, 0xcf, 0xff, 0xff, 0x56, 0xcd, 0xff, 0xff, 0x58, 0xcc, 0xff, 0xff, 0x56, 0xce, 0xff, 0xff, 0x55, 0xce, 0xff, 0xff, 0x55, 0xce, 0xff, 0xff, 0x55, 0xce, 0xff, 0xff, 0x55, 0xce, 0xff, 0xff, 0x55, 0xce, 0xff, 0xff, 0x55, 0xce, 0xff, 0xff, 0x55, 0xce, 0xff, 0xff, 0x55, 0xce, 0xff, 0xff, 0x55, 0xce, 0xff, 0xff, 0x55, 0xce, 0xff, 0xff, 0x55, 0xce, 0xff, 0xff, 0x55, 0xce, 0xff, 0xff, 0x55, 0xce, 0xff, 0xff, 0x55, 0xce, 0xff, 0xff, 0x54, 0xcf, 0xfe, 0xff, 0x54, 0xcf, 0xfe, 0xff, 0x53, 0xcf, 0xfe, 0xff, 0x52, 0xcf, 0xff, 0xff, 0x52, 0xce, 0xff, 0xff, 0x55, 0xcf, 0xfe, 0xff, 0x56, 0xcf, 0xfe, 0xff, 0x55, 0xce, 0xff, 0xff, 0x54, 0xcf, 0xfe, 0xff, 0x55, 0xd0, 0xfe, 0xff, 0x63, 0xd1, 0xea, 0xff, 0x98, 0xea, 0xda, 0xff, 0xb5, 0xf8, 0xce, 0xff, 0xba, 0xfb, 0xc7, 0xff, 0xbf, 0xfe, 0xc5, 0xff, 0xbc, 0xfd, 0xc1, 0xff, 0xbd, 0xff, 0xc1, 0xff, 0xbd, 0xfd, 0xc1, 0xff, 0xbc, 0xfc, 0xc0, 0xff, 0xba, 0xfc, 0xc1, 0xff, 0xbb, 0xfd, 0xc2, 0xff, 0xbd, 0xfe, 0xc2, 0xff, 0xbf, 0xff, 0xc1, 0xff, 0xc0, 0xff, 0xbf, 0xff, 0xc3, 0xff, 0xbf, 0xff, 0xc4, 0xff, 0xc0, 0xff, 0xc3, 0xff, 0xc0, 0xff, 0xc1, 0xff, 0xc1, 0xff, 0xc0, 0xff, 0xc2, 0xff, 0xc1, 0xff, 0xc3, 0xff, 0xc0, 0xfe, 0xc2, 0xff, 0xc1, 0xfe, 0xc1, 0xff, 0xc1, 0xfd, 0xbf, 0xff, 
  0xc1, 0xfe, 0xba, 0xff, 0xc2, 0xff, 0xbe, 0xff, 0xbf, 0xff, 0xc0, 0xff, 0xbe, 0xfd, 0xc1, 0xff, 0xbe, 0xfd, 0xc1, 0xff, 0xc1, 0xff, 0xc3, 0xff, 0xc3, 0xff, 0xc1, 0xff, 0xc1, 0xfd, 0xbd, 0xff, 0xc1, 0xfe, 0xbe, 0xff, 0xc0, 0xff, 0xbf, 0xff, 0xbe, 0xff, 0xc2, 0xff, 0xbd, 0xff, 0xc3, 0xff, 0xbc, 0xff, 0xc4, 0xff, 0xbd, 0xff, 0xc4, 0xff, 0xbf, 0xff, 0xc3, 0xff, 0xc1, 0xff, 0xc3, 0xff, 0xbf, 0xfc, 0xc3, 0xff, 0xc1, 0xff, 0xc4, 0xff, 0xc0, 0xff, 0xc2, 0xff, 0xb7, 0xfb, 0xbd, 0xff, 0xba, 0xff, 0xc9, 0xff, 0xa4, 0xf5, 0xd7, 0xff, 0x70, 0xd5, 0xe3, 0xff, 0x5f, 0xd0, 0xf8, 0xff, 0x5b, 0xce, 0xfe, 0xff, 0x56, 0xce, 0xff, 0xff, 0x51, 0xcf, 0xfe, 0xff, 0x4f, 0xd0, 0xfe, 0xff, 0x4e, 0xd0, 0xfe, 0xff, 0x51, 0xcf, 0xff, 0xff, 0x56, 0xcc, 0xff, 0xff, 0x58, 0xcc, 0xff, 0xff, 0x57, 0xcd, 0xff, 0xff, 0x56, 0xce, 0xff, 0xff, 0x56, 0xce, 0xff, 0xff, 0x55, 0xce, 0xff, 0xff, 0x55, 0xce, 0xff, 0xff, 0x55, 0xce, 0xff, 0xff, 0x54, 0xce, 0xff, 0xff, 0x54, 0xce, 0xff, 0xff, 0x54, 0xce, 0xff, 0xff, 0x54, 0xce, 0xff, 0xff, 0x55, 0xce, 0xff, 0xff, 0x55, 0xce, 0xff, 0xff, 0x55, 0xce, 0xff, 0xff, 0x56, 0xce, 0xff, 0xff, 0x56, 0xce, 0xff, 0xff, 0x56, 0xce, 0xff, 0xff, 0x56, 0xce, 0xff, 0xff, 0x55, 0xce, 0xff, 0xff, 0x54, 0xce, 0xff, 0xff, 0x53, 0xcf, 0xff, 0xff, 0x54, 0xcf, 0xfe, 0xff, 0x54, 0xd0, 0xfc, 0xff, 0x55, 0xd0, 0xfb, 0xff, 0x56, 0xd1, 0xf9, 0xff, 0x58, 0xd2, 0xf9, 0xff, 0x6a, 0xd5, 0xe7, 0xff, 0xa2, 0xf0, 0xd9, 0xff, 0xbd, 0xfb, 0xcc, 0xff, 0xbe, 0xfb, 0xc3, 0xff, 0xc3, 0xff, 0xc3, 0xff, 0xbf, 0xff, 0xc0, 0xff, 0xbe, 0xff, 0xc0, 0xff, 0xc1, 0xff, 0xc5, 0xff, 0xbc, 0xfd, 0xc2, 0xff, 0xba, 0xfc, 0xc3, 0xff, 0xbb, 0xfd, 0xc5, 0xff, 0xbe, 0xff, 0xc5, 0xff, 0xbd, 0xfd, 0xc1, 0xff, 0xc0, 0xff, 0xbd, 0xff, 0xc3, 0xff, 0xbe, 0xff, 0xc1, 0xff, 0xbd, 0xff, 0xc0, 0xfe, 0xbf, 0xff, 0xbe, 0xfe, 0xc3, 0xff, 0xbf, 0xfe, 0xc5, 0xff, 0xc0, 0xfe, 0xc5, 0xff, 0xc1, 0xfe, 0xc2, 0xff, 0xc3, 0xff, 0xbe, 0xff, 0xc5, 0xff, 0xbc, 0xff, 
  0xbe, 0xff, 0xba, 0xff, 0xbf, 0xff, 0xbb, 0xff, 0xbf, 0xff, 0xbe, 0xff, 0xc0, 0xfe, 0xc1, 0xff, 0xc1, 0xfd, 0xc4, 0xff, 0xc2, 0xfc, 0xc5, 0xff, 0xc3, 0xfc, 0xc4, 0xff, 0xc3, 0xfd, 0xc3, 0xff, 0xc2, 0xfe, 0xc1, 0xff, 0xc1, 0xff, 0xbf, 0xff, 0xbf, 0xff, 0xbe, 0xff, 0xbf, 0xff, 0xbd, 0xff, 0xbf, 0xff, 0xbe, 0xff, 0xc0, 0xff, 0xbe, 0xff, 0xc1, 0xff, 0xbe, 0xff, 0xc0, 0xff, 0xbf, 0xff, 0xbc, 0xfd, 0xc1, 0xff, 0xbe, 0xff, 0xc1, 0xff, 0xc1, 0xff, 0xbc, 0xff, 0xc1, 0xff, 0xbd, 0xff, 0xbf, 0xff, 0xc6, 0xff, 0xae, 0xf9, 0xd3, 0xff, 0x8b, 0xe6, 0xe0, 0xff, 0x6a, 0xd3, 0xe6, 0xff, 0x59, 0xcd, 0xf3, 0xff, 0x52, 0xce, 0xff, 0xff, 0x4f, 0xcf, 0xff, 0xff, 0x4d, 0xcd, 0xff, 0xff, 0x50, 0xcc, 0xff, 0xff, 0x54, 0xce, 0xff, 0xff, 0x55, 0xcd, 0xff, 0xff, 0x54, 0xca, 0xff, 0xff, 0x58, 0xcc, 0xff, 0xff, 0x58, 0xcd, 0xff, 0xff, 0x58, 0xcd, 0xff, 0xff, 0x57, 0xcd, 0xff, 0xff, 0x55, 0xce, 0xff, 0xff, 0x54, 0xce, 0xff, 0xff, 0x54, 0xce, 0xff, 0xff, 0x53, 0xcf, 0xff, 0xff, 0x53, 0xcf, 0xff, 0xff, 0x54, 0xce, 0xff, 0xff, 0x54, 0xce, 0xff, 0xff, 0x55, 0xce, 0xff, 0xff, 0x57, 0xcd, 0xff, 0xff, 0x58, 0xcd, 0xff, 0xff, 0x58, 0xcd, 0xff, 0xff, 0x5a, 0xcc, 0xff, 0xff, 0x57, 0xc7, 0xff, 0xff, 0x5b, 0xcb, 0xff, 0xff, 0x5b, 0xcf, 0xff, 0xff, 0x55, 0xcf, 0xfd, 0xff, 0x4f, 0xce, 0xfb, 0xff, 0x51, 0xd1, 0xfa, 0xff, 0x56, 0xd4, 0xf4, 0xff, 0x59, 0xd3, 0xee, 0xff, 0x5b, 0xd1, 0xe9, 0xff, 0x7d, 0xe3, 0xe9, 0xff, 0xaa, 0xf4, 0xda, 0xff, 0xc1, 0xfb, 0xca, 0xff, 0xc6, 0xfc, 0xbe, 0xff, 0xc7, 0xfe, 0xb9, 0xff, 0xc5, 0xff, 0xbc, 0xff, 0xc0, 0xff, 0xbc, 0xff, 0xbe, 0xff, 0xbf, 0xff, 0xbd, 0xff, 0xc1, 0xff, 0xbf, 0xfe, 0xc3, 0xff, 0xc0, 0xfd, 0xc3, 0xff, 0xc2, 0xfe, 0xc2, 0xff, 0xc2, 0xff, 0xc0, 0xff, 0xc3, 0xff, 0xbc, 0xff, 0xc2, 0xff, 0xbc, 0xff, 0xc0, 0xff, 0xbf, 0xff, 0xbe, 0xfe, 0xc2, 0xff, 0xbc, 0xfc, 0xc7, 0xff, 0xbc, 0xfc, 0xc8, 0xff, 0xbe, 0xfd, 0xc6, 0xff, 0xc0, 0xff, 0xc1, 0xff, 0xc2, 0xff, 0xba, 0xff, 0xc4, 0xff, 0xb7, 0xff, 
  0xbd, 0xff, 0xba, 0xff, 0xbe, 0xff, 0xbb, 0xff, 0xbf, 0xff, 0xbe, 0xff, 0xc1, 0xfe, 0xc1, 0xff, 0xc2, 0xfd, 0xc3, 0xff, 0xc3, 0xfc, 0xc5, 0xff, 0xc2, 0xfc, 0xc5, 0xff, 0xc2, 0xfd, 0xc4, 0xff, 0xc1, 0xfe, 0xc1, 0xff, 0xc0, 0xff, 0xbf, 0xff, 0xbf, 0xff, 0xbd, 0xff, 0xbf, 0xff, 0xbc, 0xff, 0xc0, 0xff, 0xbd, 0xff, 0xc1, 0xff, 0xbd, 0xff, 0xc2, 0xff, 0xbe, 0xff, 0xc1, 0xff, 0xbe, 0xff, 0xbd, 0xff, 0xbe, 0xff, 0xbe, 0xff, 0xbf, 0xff, 0xbf, 0xff, 0xbe, 0xff, 0xc0, 0xfe, 0xbf, 0xff, 0xc0, 0xff, 0xc4, 0xff, 0xb7, 0xfb, 0xce, 0xff, 0x9f, 0xee, 0xd6, 0xff, 0x80, 0xdf, 0xdf, 0xff, 0x62, 0xd1, 0xed, 0xff, 0x54, 0xce, 0xfc, 0xff, 0x4f, 0xcd, 0xff, 0xff, 0x4e, 0xcb, 0xff, 0xff, 0x53, 0xcc, 0xff, 0xff, 0x56, 0xcd, 0xff, 0xff, 0x56, 0xce, 0xff, 0xff, 0x55, 0xcd, 0xff, 0xff, 0x56, 0xcd, 0xff, 0xff, 0x56, 0xcd, 0xff, 0xff, 0x56, 0xce, 0xff, 0xff, 0x56, 0xce, 0xff, 0xff, 0x55, 0xce, 0xff, 0xff, 0x55, 0xce, 0xff, 0xff, 0x55, 0xce, 0xff, 0xff, 0x55, 0xcf, 0xfe, 0xff, 0x55, 0xcf, 0xfe, 0xff, 0x55, 0xce, 0xff, 0xff, 0x55, 0xce, 0xff, 0xff, 0x55, 0xce, 0xff, 0xff, 0x56, 0xce, 0xff, 0xff, 0x56, 0xce, 0xff, 0xff, 0x56, 0xcd, 0xff, 0xff, 0x58, 0xcd, 0xff, 0xff, 0x5c, 0xcb, 0xff, 0xff, 0x5e, 0xcd, 0xff, 0xff, 0x59, 0xce, 0xfe, 0xff, 0x53, 0xce, 0xfd, 0xff, 0x4c, 0xcf, 0xfe, 0xff, 0x4e, 0xd1, 0xfc, 0xff, 0x56, 0xd4, 0xf4, 0xff, 0x5f, 0xd4, 0xe9, 0xff, 0x71, 0xdb, 0xe5, 0xff, 0x91, 0xea, 0xe0, 0xff, 0xb4, 0xf8, 0xd3, 0xff, 0xc3, 0xfc, 0xc5, 0xff, 0xc6, 0xfc, 0xbd, 0xff, 0xc6, 0xfe, 0xba, 0xff, 0xc3, 0xff, 0xbc, 0xff, 0xbe, 0xff, 0xbc, 0xff, 0xbd, 0xff, 0xbf, 0xff, 0xbd, 0xff, 0xc1, 0xff, 0xbf, 0xfe, 0xc3, 0xff, 0xc1, 0xfd, 0xc3, 0xff, 0xc3, 0xfe, 0xc2, 0xff, 0xc3, 0xff, 0xbf, 0xff, 0xc2, 0xff, 0xbb, 0xff, 0xc1, 0xff, 0xbb, 0xff, 0xbf, 0xff, 0xbe, 0xff, 0xbd, 0xfe, 0xc2, 0xff, 0xbc, 0xfc, 0xc8, 0xff, 0xbc, 0xfb, 0xc9, 0xff, 0xbe, 0xfc, 0xc6, 0xff, 0xc0, 0xff, 0xc1, 0xff, 0xc2, 0xff, 0xb9, 0xff, 0xc3, 0xff, 0xb5, 0xff, 
  0xbf, 0xff, 0xbd, 0xff, 0xbf, 0xff, 0xbe, 0xff, 0xc0, 0xff, 0xbf, 0xff, 0xc1, 0xfe, 0xc1, 0xff, 0xc2, 0xfe, 0xc1, 0xff, 0xc2, 0xfe, 0xc2, 0xff, 0xc1, 0xfe, 0xc2, 0xff, 0xc0, 0xfe, 0xc1, 0xff, 0xbf, 0xff, 0xc0, 0xff, 0xbe, 0xff, 0xbf, 0xff, 0xbe, 0xff, 0xbe, 0xff, 0xbe, 0xff, 0xbf, 0xff, 0xbe, 0xff, 0xc0, 0xff, 0xbf, 0xff, 0xc0, 0xff, 0xc0, 0xfe, 0xc1, 0xff, 0xc1, 0xff, 0xbf, 0xff, 0xc2, 0xff, 0xb9, 0xff, 0xbf, 0xff, 0xbc, 0xff, 0xb6, 0xfe, 0xc3, 0xff, 0xb6, 0xfb, 0xc4, 0xff, 0xc0, 0xfe, 0xc3, 0xff, 0xc1, 0xfe, 0xc8, 0xff, 0xb4, 0xf6, 0xcf, 0xff, 0x9a, 0xeb, 0xdb, 0xff, 0x71, 0xd7, 0xe6, 0xff, 0x5d, 0xd0, 0xf4, 0xff, 0x55, 0xcd, 0xfb, 0xff, 0x55, 0xce, 0xff, 0xff, 0x59, 0xd0, 0xfe, 0xff, 0x5a, 0xd0, 0xfd, 0xff, 0x58, 0xcf, 0xfd, 0xff, 0x55, 0xcf, 0xfd, 0xff, 0x51, 0xcf, 0xfe, 0xff, 0x50, 0xd0, 0xfe, 0xff, 0x51, 0xcf, 0xfe, 0xff, 0x52, 0xcf, 0xfe, 0xff, 0x54, 0xcf, 0xfe, 0xff, 0x56, 0xcf, 0xfe, 0xff, 0x57, 0xce, 0xfe, 0xff, 0x58, 0xce, 0xfe, 0xff, 0x58, 0xce, 0xfe, 0xff, 0x57, 0xce, 0xfe, 0xff, 0x56, 0xcf, 0xfe, 0xff, 0x54, 0xcf, 0xfe, 0xff, 0x52, 0xcf, 0xfe, 0xff, 0x51, 0xcf, 0xfe, 0xff, 0x50, 0xd0, 0xfe, 0xff, 0x53, 0xd0, 0xfd, 0xff, 0x5b, 0xd2, 0xfc, 0xff, 0x5a, 0xd0, 0xfa, 0xff, 0x54, 0xcc, 0xfc, 0xff, 0x50, 0xce, 0xff, 0xff, 0x4a, 0xcf, 0xff, 0xff, 0x4a, 0xcf, 0xff, 0xff, 0x54, 0xd0, 0xf9, 0xff, 0x67, 0xd4, 0xea, 0xff, 0x91, 0xe8, 0xe1, 0xff, 0xad, 0xf3, 0xd4, 0xff, 0xc0, 0xfd, 0xc8, 0xff, 0xc4, 0xfd, 0xbe, 0xff, 0xc0, 0xfc, 0xbf, 0xff, 0xbc, 0xfd, 0xc1, 0xff, 0xb9, 0xff, 0xc1, 0xff, 0xb7, 0xff, 0xc0, 0xff, 0xbb, 0xff, 0xc2, 0xff, 0xbd, 0xfe, 0xc3, 0xff, 0xbe, 0xfd, 0xc5, 0xff, 0xbf, 0xfd, 0xc4, 0xff, 0xc0, 0xfe, 0xc2, 0xff, 0xc1, 0xff, 0xbf, 0xff, 0xc0, 0xff, 0xbc, 0xff, 0xbf, 0xff, 0xba, 0xff, 0xbe, 0xff, 0xbc, 0xff, 0xbe, 0xff, 0xc0, 0xff, 0xbd, 0xfd, 0xc5, 0xff, 0xbe, 0xfc, 0xc7, 0xff, 0xbf, 0xfc, 0xc5, 0xff, 0xc0, 0xfe, 0xc1, 0xff, 0xc2, 0xff, 0xbb, 0xff, 0xc3, 0xff, 0xb8, 0xff, 
  0xc1, 0xfe, 0xc1, 0xff, 0xc1, 0xfe, 0xc1, 0xff, 0xc1, 0xfe, 0xc1, 0xff, 0xc1, 0xff, 0xc0, 0xff, 0xc1, 0xff, 0xbf, 0xff, 0xc0, 0xff, 0xbf, 0xff, 0xbf, 0xff, 0xbf, 0xff, 0xbe, 0xff, 0xbf, 0xff, 0xbe, 0xff, 0xbf, 0xff, 0xbd, 0xff, 0xbf, 0xff, 0xbc, 0xff, 0xc0, 0xff, 0xbd, 0xff, 0xc1, 0xff, 0xbd, 0xfe, 0xc2, 0xff, 0xbe, 0xfe, 0xc3, 0xff, 0xbf, 0xfd, 0xc4, 0xff, 0xc1, 0xff, 0xc1, 0xff, 0xc3, 0xff, 0xb9, 0xff, 0xc0, 0xff, 0xbc, 0xff, 0xb6, 0xfe, 0xc5, 0xff, 0xb4, 0xfc, 0xc7, 0xff, 0xbf, 0xfe, 0xc3, 0xff, 0xc4, 0xff, 0xc5, 0xff, 0xbf, 0xfc, 0xc9, 0xff, 0xad, 0xf5, 0xd5, 0xff, 0x84, 0xe1, 0xdf, 0xff, 0x6a, 0xd5, 0xea, 0xff, 0x5b, 0xcf, 0xf2, 0xff, 0x59, 0xd0, 0xfa, 0xff, 0x5e, 0xd3, 0xfc, 0xff, 0x5b, 0xd1, 0xfb, 0xff, 0x55, 0xcd, 0xfa, 0xff, 0x50, 0xcc, 0xfa, 0xff, 0x4f, 0xd0, 0xfd, 0xff, 0x4e, 0xd1, 0xfd, 0xff, 0x50, 0xd0, 0xfd, 0xff, 0x52, 0xd0, 0xfd, 0xff, 0x54, 0xcf, 0xfd, 0xff, 0x57, 0xcf, 0xfd, 0xff, 0x59, 0xce, 0xfd, 0xff, 0x5a, 0xce, 0xfd, 0xff, 0x5a, 0xce, 0xfd, 0xff, 0x59, 0xce, 0xfd, 0xff, 0x57, 0xcf, 0xfd, 0xff, 0x54, 0xcf, 0xfd, 0xff, 0x52, 0xd0, 0xfd, 0xff, 0x50, 0xd0, 0xfd, 0xff, 0x4e, 0xd1, 0xfd, 0xff, 0x50, 0xd1, 0xfb, 0xff, 0x56, 0xd3, 0xf9, 0xff, 0x54, 0xd0, 0xf9, 0xff, 0x4f, 0xce, 0xfe, 0xff, 0x4f, 0xcf, 0xff, 0xff, 0x4e, 0xd0, 0xff, 0xff, 0x52, 0xcf, 0xfb, 0xff, 0x60, 0xd3, 0xf1, 0xff, 0x7a, 0xdc, 0xe3, 0xff, 0xaa, 0xf3, 0xd9, 0xff, 0xbe, 0xfb, 0xc9, 0xff, 0xc4, 0xff, 0xc2, 0xff, 0xc2, 0xfe, 0xbe, 0xff, 0xbe, 0xfd, 0xc0, 0xff, 0xba, 0xfe, 0xc3, 0xff, 0xb7, 0xff, 0xc4, 0xff, 0xb6, 0xfe, 0xc3, 0xff, 0xbb, 0xfe, 0xc3, 0xff, 0xbe, 0xfe, 0xc4, 0xff, 0xbe, 0xfd, 0xc5, 0xff, 0xbe, 0xfd, 0xc5, 0xff, 0xbe, 0xfe, 0xc3, 0xff, 0xbe, 0xff, 0xc0, 0xff, 0xbd, 0xff, 0xbc, 0xff, 0xbd, 0xff, 0xba, 0xff, 0xbe, 0xff, 0xbb, 0xff, 0xbf, 0xff, 0xbe, 0xff, 0xbf, 0xfe, 0xc2, 0xff, 0xc0, 0xfd, 0xc5, 0xff, 0xc0, 0xfd, 0xc4, 0xff, 0xc1, 0xfe, 0xc2, 0xff, 0xc2, 0xff, 0xbe, 0xff, 0xc2, 0xff, 0xbb, 0xff, 
  0xc2, 0xfc, 0xc4, 0xff, 0xc2, 0xfd, 0xc3, 0xff, 0xc2, 0xfe, 0xc1, 0xff, 0xc1, 0xff, 0xbf, 0xff, 0xc0, 0xff, 0xbd, 0xff, 0xbf, 0xff, 0xbc, 0xff, 0xbe, 0xff, 0xbc, 0xff, 0xbd, 0xff, 0xbd, 0xff, 0xbc, 0xff, 0xbe, 0xff, 0xbc, 0xff, 0xc0, 0xff, 0xbc, 0xff, 0xc1, 0xff, 0xbc, 0xfe, 0xc3, 0xff, 0xbd, 0xfd, 0xc4, 0xff, 0xbd, 0xfd, 0xc5, 0xff, 0xbe, 0xfd, 0xc5, 0xff, 0xbf, 0xfe, 0xc3, 0xff, 0xc0, 0xff, 0xbe, 0xff, 0xbf, 0xff, 0xbe, 0xff, 0xbc, 0xff, 0xc2, 0xff, 0xba, 0xfe, 0xc4, 0xff, 0xbc, 0xfe, 0xc4, 0xff, 0xbe, 0xfe, 0xc5, 0xff, 0xc0, 0xfd, 0xc4, 0xff, 0xb6, 0xf9, 0xcc, 0xff, 0x9e, 0xf0, 0xda, 0xff, 0x7f, 0xe0, 0xe0, 0xff, 0x62, 0xd2, 0xe8, 0xff, 0x59, 0xcf, 0xf2, 0xff, 0x5c, 0xd1, 0xf7, 0xff, 0x59, 0xd0, 0xfb, 0xff, 0x50, 0xcc, 0xff, 0xff, 0x4d, 0xcc, 0xff, 0xff, 0x50, 0xd0, 0xfd, 0xff, 0x51, 0xd1, 0xfb, 0xff, 0x52, 0xd1, 0xfb, 0xff, 0x54, 0xd0, 0xfb, 0xff, 0x56, 0xcf, 0xfc, 0xff, 0x58, 0xcf, 0xfc, 0xff, 0x5a, 0xce, 0xfd, 0xff, 0x5b, 0xce, 0xfd, 0xff, 0x5b, 0xce, 0xfd, 0xff, 0x5a, 0xce, 0xfd, 0xff, 0x58, 0xcf, 0xfc, 0xff, 0x56, 0xcf, 0xfc, 0xff, 0x54, 0xd0, 0xfb, 0xff, 0x52, 0xd1, 0xfb, 0xff, 0x51, 0xd1, 0xfb, 0xff, 0x50, 0xd1, 0xfc, 0xff, 0x50, 0xd0, 0xfd, 0xff, 0x4d, 0xcf, 0xfe, 0xff, 0x48, 0xce, 0xff, 0xff, 0x4d, 0xd0, 0xff, 0xff, 0x58, 0xce, 0xf5, 0xff, 0x67, 0xd2, 0xea, 0xff, 0x7e, 0xdf, 0xe1, 0xff, 0x9b, 0xf0, 0xd8, 0xff, 0xb9, 0xfc, 0xc8, 0xff, 0xc4, 0xff, 0xc0, 0xff, 0xbf, 0xfe, 0xc3, 0xff, 0xbe, 0xfe, 0xc3, 0xff, 0xbf, 0xff, 0xbf, 0xff, 0xc0, 0xff, 0xc0, 0xff, 0xbd, 0xfd, 0xc5, 0xff, 0xbc, 0xfb, 0xc5, 0xff, 0xbf, 0xfd, 0xc4, 0xff, 0xbf, 0xfd, 0xc3, 0xff, 0xbe, 0xfd, 0xc5, 0xff, 0xbc, 0xfd, 0xc5, 0xff, 0xbb, 0xfe, 0xc4, 0xff, 0xbb, 0xff, 0xc1, 0xff, 0xbb, 0xff, 0xbd, 0xff, 0xbc, 0xff, 0xba, 0xff, 0xbe, 0xff, 0xba, 0xff, 0xc0, 0xff, 0xbc, 0xff, 0xc1, 0xff, 0xc0, 0xff, 0xc2, 0xfd, 0xc2, 0xff, 0xc2, 0xfd, 0xc3, 0xff, 0xc2, 0xfd, 0xc2, 0xff, 0xc1, 0xff, 0xc0, 0xff, 0xc1, 0xff, 0xbf, 0xff, 
  0xc3, 0xfb, 0xc6, 0xff, 0xc3, 0xfc, 0xc5, 0xff, 0xc2, 0xfe, 0xc2, 0xff, 0xc0, 0xff, 0xbf, 0xff, 0xbf, 0xff, 0xbc, 0xff, 0xbe, 0xff, 0xbb, 0xff, 0xbd, 0xff, 0xbb, 0xff, 0xbc, 0xff, 0xbc, 0xff, 0xbc, 0xff, 0xbf, 0xff, 0xbc, 0xff, 0xc1, 0xff, 0xbd, 0xfe, 0xc3, 0xff, 0xbe, 0xfd, 0xc4, 0xff, 0xbe, 0xfd, 0xc5, 0xff, 0xbe, 0xfd, 0xc5, 0xff, 0xbf, 0xfd, 0xc4, 0xff, 0xc0, 0xfe, 0xc3, 0xff, 0xc1, 0xfe, 0xbf, 0xff, 0xc2, 0xff, 0xbf, 0xff, 0xbf, 0xff, 0xc1, 0xff, 0xbd, 0xff, 0xc2, 0xff, 0xbc, 0xfe, 0xc3, 0xff, 0xbc, 0xfe, 0xc2, 0xff, 0xbf, 0xfe, 0xc2, 0xff, 0xb8, 0xfc, 0xc6, 0xff, 0xaf, 0xfc, 0xd5, 0xff, 0x96, 0xee, 0xd9, 0xff, 0x79, 0xde, 0xdf, 0xff, 0x67, 0xd4, 0xe6, 0xff, 0x60, 0xd1, 0xef, 0xff, 0x58, 0xce, 0xf8, 0xff, 0x52, 0xcd, 0xff, 0xff, 0x50, 0xce, 0xff, 0xff, 0x52, 0xcf, 0xff, 0xff, 0x54, 0xd0, 0xfd, 0xff, 0x55, 0xcf, 0xfd, 0xff, 0x55, 0xcf, 0xfd, 0xff, 0x56, 0xcf, 0xfe, 0xff, 0x57, 0xce, 0xfe, 0xff, 0x58, 0xce, 0xff, 0xff, 0x58, 0xcd, 0xff, 0xff, 0x58, 0xcd, 0xff, 0xff, 0x58, 0xce, 0xff, 0xff, 0x57, 0xce, 0xfe, 0xff, 0x56, 0xcf, 0xfe, 0xff, 0x55, 0xcf, 0xfd, 0xff, 0x55, 0xcf, 0xfd, 0xff, 0x54, 0xd0, 0xfd, 0xff, 0x52, 0xd0, 0xfd, 0xff, 0x52, 0xd1, 0xff, 0xff, 0x4e, 0xd0, 0xff, 0xff, 0x4a, 0xcf, 0xff, 0xff, 0x52, 0xcf, 0xf7, 0xff, 0x67, 0xd3, 0xe8, 0xff, 0x7f, 0xdc, 0xdd, 0xff, 0x9a, 0xee, 0xd8, 0xff, 0xb4, 0xfd, 0xd2, 0xff, 0xc0, 0xff, 0xc0, 0xff, 0xc3, 0xff, 0xbd, 0xff, 0xb9, 0xfd, 0xc4, 0xff, 0xb9, 0xfd, 0xc6, 0xff, 0xc0, 0xff, 0xc1, 0xff, 0xc4, 0xff, 0xc2, 0xff, 0xc2, 0xfc, 0xc5, 0xff, 0xc2, 0xfb, 0xc4, 0xff, 0xc3, 0xfe, 0xc2, 0xff, 0xc2, 0xfe, 0xc1, 0xff, 0xbf, 0xfe, 0xc3, 0xff, 0xbc, 0xfe, 0xc4, 0xff, 0xba, 0xfe, 0xc3, 0xff, 0xba, 0xff, 0xc1, 0xff, 0xba, 0xff, 0xbe, 0xff, 0xbc, 0xff, 0xbc, 0xff, 0xbf, 0xff, 0xbb, 0xff, 0xc1, 0xff, 0xbc, 0xff, 0xc3, 0xff, 0xbe, 0xff, 0xc4, 0xfe, 0xc0, 0xff, 0xc3, 0xfd, 0xc2, 0xff, 0xc2, 0xfe, 0xc2, 0xff, 0xc0, 0xfe, 0xc1, 0xff, 0xbf, 0xff, 0xc1, 0xff, 
  0xc3, 0xfb, 0xc6, 0xff, 0xc2, 0xfc, 0xc5, 0xff, 0xc1, 0xfe, 0xc2, 0xff, 0xbf, 0xff, 0xbf, 0xff, 0xbe, 0xff, 0xbc, 0xff, 0xbd, 0xff, 0xbb, 0xff, 0xbc, 0xff, 0xbc, 0xff, 0xbc, 0xff, 0xbd, 0xff, 0xbd, 0xff, 0xc0, 0xff, 0xbe, 0xfe, 0xc2, 0xff, 0xbf, 0xfd, 0xc4, 0xff, 0xc0, 0xfd, 0xc4, 0xff, 0xc0, 0xfd, 0xc3, 0xff, 0xc0, 0xfe, 0xc2, 0xff, 0xc0, 0xff, 0xc1, 0xff, 0xc3, 0xff, 0xbf, 0xff, 0xc8, 0xff, 0xbe, 0xff, 0xc7, 0xfe, 0xbf, 0xff, 0xbf, 0xfd, 0xc1, 0xff, 0xbe, 0xfe, 0xc2, 0xff, 0xc0, 0xff, 0xbe, 0xff, 0xbf, 0xff, 0xbe, 0xff, 0xba, 0xfe, 0xc0, 0xff, 0xb5, 0xfd, 0xc4, 0xff, 0xb2, 0xfe, 0xcb, 0xff, 0xaa, 0xf9, 0xd0, 0xff, 0x9d, 0xf1, 0xd5, 0xff, 0x87, 0xe3, 0xdb, 0xff, 0x6c, 0xd6, 0xe7, 0xff, 0x5d, 0xd0, 0xf5, 0xff, 0x55, 0xce, 0xff, 0xff, 0x54, 0xcd, 0xff, 0xff, 0x56, 0xcd, 0xff, 0xff, 0x57, 0xcd, 0xff, 0xff, 0x56, 0xcd, 0xff, 0xff, 0x55, 0xcd, 0xff, 0xff, 0x54, 0xcd, 0xff, 0xff, 0x52, 0xcd, 0xff, 0xff, 0x52, 0xcd, 0xff, 0xff, 0x51, 0xcd, 0xff, 0xff, 0x51, 0xcd, 0xff, 0xff, 0x52, 0xcd, 0xff, 0xff, 0x52, 0xcd, 0xff, 0xff, 0x54, 0xcd, 0xff, 0xff, 0x55, 0xcd, 0xff, 0xff, 0x56, 0xcd, 0xff, 0xff, 0x57, 0xcd, 0xff, 0xff, 0x58, 0xce, 0xfe, 0xff, 0x59, 0xd1, 0xfa, 0xff, 0x57, 0xd1, 0xf8, 0xff, 0x55, 0xcf, 0xfa, 0xff, 0x61, 0xd3, 0xf1, 0xff, 0x7e, 0xe1, 0xdf, 0xff, 0x9a, 0xef, 0xd6, 0xff, 0xb1, 0xf9, 0xd1, 0xff, 0xbd, 0xfe, 0xca, 0xff, 0xc0, 0xfe, 0xc2, 0xff, 0xbd, 0xfe, 0xc0, 0xff, 0xb3, 0xfc, 0xc4, 0xff, 0xb4, 0xfc, 0xc7, 0xff, 0xbe, 0xfc, 0xc7, 0xff, 0xc4, 0xfb, 0xc5, 0xff, 0xc6, 0xfc, 0xc4, 0xff, 0xc6, 0xfc, 0xc1, 0xff, 0xc7, 0xff, 0xbe, 0xff, 0xc5, 0xff, 0xbd, 0xff, 0xc2, 0xff, 0xbf, 0xff, 0xbf, 0xff, 0xc1, 0xff, 0xbc, 0xff, 0xc2, 0xff, 0xba, 0xff, 0xc1, 0xff, 0xbb, 0xff, 0xbf, 0xff, 0xbd, 0xff, 0xbd, 0xff, 0xc1, 0xff, 0xbc, 0xff, 0xc3, 0xff, 0xbc, 0xff, 0xc5, 0xff, 0xbe, 0xff, 0xc5, 0xfe, 0xbf, 0xff, 0xc3, 0xfe, 0xc0, 0xff, 0xc1, 0xfe, 0xc1, 0xff, 0xbe, 0xff, 0xc1, 0xff, 0xbd, 0xff, 0xc1, 0xff, 
  0xc3, 0xfc, 0xc5, 0xff, 0xc2, 0xfd, 0xc4, 0xff, 0xc0, 0xfe, 0xc1, 0xff, 0xbe, 0xff, 0xbf, 0xff, 0xbd, 0xff, 0xbd, 0xff, 0xbc, 0xff, 0xbc, 0xff, 0xbc, 0xff, 0xbd, 0xff, 0xbd, 0xff, 0xbf, 0xff, 0xbf, 0xfe, 0xc1, 0xff, 0xc0, 0xfd, 0xc3, 0xff, 0xc2, 0xfd, 0xc4, 0xff, 0xc3, 0xfd, 0xc3, 0xff, 0xc2, 0xfe, 0xc1, 0xff, 0xc2, 0xff, 0xbf, 0xff, 0xc2, 0xff, 0xbd, 0xff, 0xc5, 0xff, 0xbc, 0xff, 0xcd, 0xff, 0xbe, 0xff, 0xc8, 0xfe, 0xbf, 0xff, 0xbc, 0xfc, 0xc4, 0xff, 0xb7, 0xfc, 0xc6, 0xff, 0xb9, 0xfe, 0xc4, 0xff, 0xb9, 0xff, 0xc3, 0xff, 0xb8, 0xff, 0xc3, 0xff, 0xb8, 0xff, 0xc3, 0xff, 0xb3, 0xfa, 0xbf, 0xff, 0xb9, 0xff, 0xc9, 0xff, 0xb8, 0xff, 0xd0, 0xff, 0xa4, 0xf2, 0xd3, 0xff, 0x86, 0xe1, 0xdb, 0xff, 0x70, 0xd6, 0xe6, 0xff, 0x60, 0xd1, 0xf3, 0xff, 0x58, 0xcc, 0xfb, 0xff, 0x5a, 0xcd, 0xff, 0xff, 0x59, 0xcc, 0xff, 0xff, 0x58, 0xcc, 0xff, 0xff, 0x56, 0xcd, 0xff, 0xff, 0x54, 0xcd, 0xff, 0xff, 0x52, 0xcd, 0xff, 0xff, 0x50, 0xcd, 0xff, 0xff, 0x50, 0xcd, 0xff, 0xff, 0x50, 0xcd, 0xff, 0xff, 0x50, 0xcd, 0xff, 0xff, 0x52, 0xcd, 0xff, 0xff, 0x54, 0xcd, 0xff, 0xff, 0x56, 0xcd, 0xff, 0xff, 0x58, 0xcc, 0xff, 0xff, 0x59, 0xcc, 0xff, 0xff, 0x5b, 0xce, 0xfe, 0xff, 0x5d, 0xd1, 0xf4, 0xff, 0x60, 0xd2, 0xec, 0xff, 0x69, 0xd4, 0xe9, 0xff, 0x7c, 0xde, 0xe2, 0xff, 0x9d, 0xf1, 0xd8, 0xff, 0xb5, 0xfe, 0xd3, 0xff, 0xbe, 0xff, 0xcc, 0xff, 0xb9, 0xf8, 0xc4, 0xff, 0xb6, 0xfa, 0xcc, 0xff, 0xae, 0xf8, 0xd1, 0xff, 0xa3, 0xf6, 0xd6, 0xff, 0xa4, 0xf5, 0xd7, 0xff, 0xaf, 0xf6, 0xd4, 0xff, 0xba, 0xf8, 0xcd, 0xff, 0xc5, 0xfa, 0xc4, 0xff, 0xc9, 0xfd, 0xbd, 0xff, 0xc9, 0xff, 0xbb, 0xff, 0xc7, 0xff, 0xba, 0xff, 0xc3, 0xff, 0xbd, 0xff, 0xc0, 0xff, 0xbf, 0xff, 0xbd, 0xff, 0xc0, 0xff, 0xbc, 0xff, 0xc1, 0xff, 0xbd, 0xff, 0xc0, 0xff, 0xbf, 0xff, 0xc0, 0xff, 0xc2, 0xff, 0xbf, 0xff, 0xc4, 0xff, 0xbe, 0xff, 0xc6, 0xff, 0xbe, 0xff, 0xc5, 0xff, 0xbf, 0xff, 0xc2, 0xff, 0xbf, 0xff, 0xc0, 0xff, 0xc0, 0xff, 0xbd, 0xff, 0xc1, 0xff, 0xbc, 0xff, 0xc1, 0xff, 
  0xc2, 0xfe, 0xc2, 0xff, 0xc1, 0xfe, 0xc1, 0xff, 0xbf, 0xff, 0xc0, 0xff, 0xbe, 0xff, 0xbf, 0xff, 0xbc, 0xff, 0xbe, 0xff, 0xbc, 0xff, 0xbf, 0xff, 0xbd, 0xff, 0xc0, 0xff, 0xbf, 0xfe, 0xc1, 0xff, 0xc2, 0xfd, 0xc3, 0xff, 0xc5, 0xfd, 0xc5, 0xff, 0xc5, 0xfc, 0xc4, 0xff, 0xc3, 0xfb, 0xc0, 0xff, 0xc4, 0xff, 0xbf, 0xff, 0xc7, 0xff, 0xbf, 0xff, 0xc5, 0xff, 0xbc, 0xff, 0xc3, 0xff, 0xb7, 0xff, 0xc9, 0xff, 0xb9, 0xff, 0xc4, 0xfd, 0xbf, 0xff, 0xb5, 0xfa, 0xca, 0xff, 0xad, 0xfa, 0xd1, 0xff, 0xaa, 0xfc, 0xd6, 0xff, 0xaf, 0xfe, 0xd3, 0xff, 0xb9, 0xff, 0xc8, 0xff, 0xbd, 0xfe, 0xc0, 0xff, 0xc0, 0xff, 0xc0, 0xff, 0xbf, 0xfd, 0xc0, 0xff, 0xbc, 0xfb, 0xc2, 0xff, 0xb9, 0xfa, 0xc8, 0xff, 0xb2, 0xf7, 0xce, 0xff, 0x9c, 0xed, 0xd7, 0xff, 0x78, 0xdc, 0xe3, 0xff, 0x60, 0xd0, 0xed, 0xff, 0x5c, 0xcf, 0xfb, 0xff, 0x58, 0xcd, 0xff, 0xff, 0x58, 0xcd, 0xff, 0xff, 0x58, 0xcf, 0xff, 0xff, 0x58, 0xd0, 0xff, 0xff, 0x56, 0xd0, 0xff, 0xff, 0x54, 0xcf, 0xfd, 0xff, 0x53, 0xce, 0xfc, 0xff, 0x53, 0xce, 0xfc, 0xff, 0x55, 0xd0, 0xfe, 0xff, 0x57, 0xd1, 0xff, 0xff, 0x58, 0xd0, 0xff, 0xff, 0x57, 0xce, 0xff, 0xff, 0x57, 0xcc, 0xff, 0xff, 0x57, 0xcc, 0xff, 0xff, 0x5b, 0xce, 0xfa, 0xff, 0x5c, 0xcd, 0xea, 0xff, 0x73, 0xdb, 0xe4, 0xff, 0x93, 0xed, 0xda, 0xff, 0xaa, 0xf7, 0xd2, 0xff, 0xb9, 0xf9, 0xcb, 0xff, 0xbf, 0xfa, 0xc6, 0xff, 0xc1, 0xfc, 0xc8, 0xff, 0xb9, 0xfc, 0xd2, 0xff, 0xa0, 0xf0, 0xdc, 0xff, 0x87, 0xe2, 0xe0, 0xff, 0x74, 0xd5, 0xe2, 0xff, 0x75, 0xd7, 0xe2, 0xff, 0x88, 0xe4, 0xde, 0xff, 0xa3, 0xf2, 0xd6, 0xff, 0xbf, 0xfb, 0xc5, 0xff, 0xcb, 0xfe, 0xba, 0xff, 0xc9, 0xff, 0xb9, 0xff, 0xc6, 0xff, 0xb9, 0xff, 0xc5, 0xff, 0xbb, 0xff, 0xc3, 0xff, 0xbd, 0xff, 0xbf, 0xff, 0xbf, 0xff, 0xbe, 0xfe, 0xbf, 0xff, 0xc0, 0xfe, 0xc2, 0xff, 0xc2, 0xff, 0xc3, 0xff, 0xc3, 0xfd, 0xc2, 0xff, 0xc5, 0xfd, 0xc1, 0xff, 0xc5, 0xfe, 0xc0, 0xff, 0xc4, 0xfe, 0xbf, 0xff, 0xc1, 0xff, 0xbf, 0xff, 0xbf, 0xff, 0xbf, 0xff, 0xbc, 0xff, 0xbf, 0xff, 0xbb, 0xff, 0xc0, 0xff, 
  0xc1, 0xff, 0xbf, 0xff, 0xc0, 0xff, 0xbf, 0xff, 0xbe, 0xff, 0xbf, 0xff, 0xbd, 0xff, 0xbf, 0xff, 0xbc, 0xff, 0xc0, 0xff, 0xbc, 0xff, 0xc1, 0xff, 0xbe, 0xfe, 0xc2, 0xff, 0xc0, 0xfd, 0xc3, 0xff, 0xc5, 0xfd, 0xc5, 0xff, 0xc6, 0xfc, 0xc4, 0xff, 0xc6, 0xfc, 0xc3, 0xff, 0xc6, 0xfd, 0xc1, 0xff, 0xc4, 0xff, 0xbf, 0xff, 0xc2, 0xff, 0xbb, 0xff, 0xc0, 0xff, 0xb9, 0xff, 0xc1, 0xff, 0xbb, 0xff, 0xbe, 0xfb, 0xbb, 0xff, 0xb9, 0xfd, 0xca, 0xff, 0xa3, 0xf8, 0xd9, 0xff, 0x8c, 0xea, 0xd8, 0xff, 0x81, 0xe1, 0xd3, 0xff, 0x8e, 0xe7, 0xd1, 0xff, 0xac, 0xf6, 0xcc, 0xff, 0xc1, 0xff, 0xcc, 0xff, 0xc0, 0xfb, 0xc1, 0xff, 0xc2, 0xfc, 0xbf, 0xff, 0xc3, 0xfd, 0xc0, 0xff, 0xc4, 0xff, 0xc2, 0xff, 0xc3, 0xff, 0xc5, 0xff, 0xb5, 0xfa, 0xcd, 0xff, 0x97, 0xf0, 0xdc, 0xff, 0x83, 0xe7, 0xe8, 0xff, 0x6d, 0xd5, 0xe6, 0xff, 0x67, 0xd1, 0xec, 0xff, 0x63, 0xcf, 0xeb, 0xff, 0x5f, 0xcd, 0xec, 0xff, 0x5c, 0xce, 0xef, 0xff, 0x5b, 0xd0, 0xf3, 0xff, 0x5b, 0xd1, 0xf6, 0xff, 0x5b, 0xd2, 0xf8, 0xff, 0x57, 0xce, 0xf4, 0xff, 0x58, 0xce, 0xf3, 0xff, 0x59, 0xce, 0xf1, 0xff, 0x5b, 0xcd, 0xee, 0xff, 0x5f, 0xcd, 0xec, 0xff, 0x64, 0xd0, 0xec, 0xff, 0x69, 0xd3, 0xee, 0xff, 0x70, 0xd8, 0xeb, 0xff, 0x80, 0xe3, 0xeb, 0xff, 0x93, 0xec, 0xdf, 0xff, 0xae, 0xf8, 0xcd, 0xff, 0xbf, 0xff, 0xc4, 0xff, 0xc4, 0xff, 0xc3, 0xff, 0xc3, 0xfd, 0xc4, 0xff, 0xbd, 0xfa, 0xc8, 0xff, 0xad, 0xf6, 0xd6, 0xff, 0x84, 0xde, 0xde, 0xff, 0x6e, 0xd4, 0xea, 0xff, 0x61, 0xcc, 0xf1, 0xff, 0x60, 0xce, 0xf2, 0xff, 0x6c, 0xd7, 0xeb, 0xff, 0x82, 0xe3, 0xdf, 0xff, 0xa6, 0xf2, 0xcf, 0xff, 0xbd, 0xfe, 0xc7, 0xff, 0xbf, 0xfe, 0xbf, 0xff, 0xc0, 0xff, 0xbc, 0xff, 0xc0, 0xff, 0xbb, 0xff, 0xc0, 0xff, 0xbb, 0xff, 0xc2, 0xff, 0xbf, 0xff, 0xc2, 0xff, 0xc1, 0xff, 0xc2, 0xfd, 0xc2, 0xff, 0xc1, 0xfb, 0xc1, 0xff, 0xc4, 0xfc, 0xc4, 0xff, 0xc5, 0xfc, 0xc3, 0xff, 0xc4, 0xfd, 0xc2, 0xff, 0xc3, 0xfe, 0xc0, 0xff, 0xc0, 0xff, 0xbf, 0xff, 0xbe, 0xff, 0xbe, 0xff, 0xbc, 0xff, 0xbf, 0xff, 0xbb, 0xff, 0xbf, 0xff, 
  0xc0, 0xff, 0xbc, 0xff, 0xbf, 0xff, 0xbd, 0xff, 0xbe, 0xff, 0xbe, 0xff, 0xbc, 0xff, 0xc0, 0xff, 0xbc, 0xff, 0xc1, 0xff, 0xbd, 0xfe, 0xc3, 0xff, 0xbf, 0xfd, 0xc4, 0xff, 0xc2, 0xfd, 0xc4, 0xff, 0xc7, 0xfe, 0xc6, 0xff, 0xc5, 0xfb, 0xc2, 0xff, 0xc6, 0xfc, 0xc1, 0xff, 0xc7, 0xff, 0xc3, 0xff, 0xc2, 0xff, 0xc0, 0xff, 0xbb, 0xfb, 0xbb, 0xff, 0xb9, 0xfd, 0xbc, 0xff, 0xb9, 0xff, 0xc5, 0xff, 0xb2, 0xfe, 0xcc, 0xff, 0x9a, 0xf2, 0xd4, 0xff, 0x74, 0xe2, 0xe2, 0xff, 0x62, 0xd8, 0xe6, 0xff, 0x63, 0xd3, 0xdf, 0xff, 0x74, 0xd8, 0xd9, 0xff, 0x96, 0xe8, 0xd6, 0xff, 0xb4, 0xf8, 0xd6, 0xff, 0xbd, 0xf8, 0xcb, 0xff, 0xc4, 0xfb, 0xc4, 0xff, 0xc8, 0xfd, 0xc0, 0xff, 0xc7, 0xff, 0xc0, 0xff, 0xc1, 0xff, 0xc5, 0xff, 0xb8, 0xfe, 0xc8, 0xff, 0xae, 0xfc, 0xcc, 0xff, 0xa7, 0xf9, 0xd1, 0xff, 0xa0, 0xf4, 0xd5, 0xff, 0x98, 0xee, 0xd8, 0xff, 0x8c, 0xe6, 0xd8, 0xff, 0x7f, 0xdf, 0xdb, 0xff, 0x72, 0xd8, 0xe0, 0xff, 0x69, 0xd5, 0xe7, 0xff, 0x61, 0xd2, 0xec, 0xff, 0x5d, 0xd0, 0xee, 0xff, 0x5f, 0xd2, 0xf0, 0xff, 0x62, 0xd3, 0xed, 0xff, 0x6a, 0xd6, 0xe8, 0xff, 0x73, 0xd9, 0xe1, 0xff, 0x7e, 0xde, 0xda, 0xff, 0x8a, 0xe4, 0xd6, 0xff, 0x95, 0xeb, 0xd5, 0xff, 0x9f, 0xf0, 0xd5, 0xff, 0xac, 0xf8, 0xda, 0xff, 0xb4, 0xf8, 0xd2, 0xff, 0xbf, 0xfb, 0xc5, 0xff, 0xc3, 0xfe, 0xc0, 0xff, 0xbf, 0xff, 0xc1, 0xff, 0xb9, 0xfe, 0xc4, 0xff, 0xb1, 0xf7, 0xca, 0xff, 0x9f, 0xf0, 0xda, 0xff, 0x74, 0xd5, 0xe2, 0xff, 0x63, 0xcf, 0xf1, 0xff, 0x5d, 0xcf, 0xf8, 0xff, 0x5b, 0xd0, 0xfc, 0xff, 0x59, 0xce, 0xfa, 0xff, 0x60, 0xd1, 0xef, 0xff, 0x7a, 0xdf, 0xe3, 0xff, 0x97, 0xf0, 0xdb, 0xff, 0xad, 0xfa, 0xce, 0xff, 0xb8, 0xfe, 0xc5, 0xff, 0xba, 0xfe, 0xc0, 0xff, 0xbc, 0xfe, 0xbd, 0xff, 0xc0, 0xff, 0xbe, 0xff, 0xc5, 0xff, 0xc1, 0xff, 0xc6, 0xfe, 0xc3, 0xff, 0xc2, 0xf9, 0xc1, 0xff, 0xc5, 0xfb, 0xc6, 0xff, 0xc4, 0xfb, 0xc5, 0xff, 0xc3, 0xfd, 0xc3, 0xff, 0xc1, 0xfe, 0xc1, 0xff, 0xbf, 0xff, 0xbf, 0xff, 0xbe, 0xff, 0xbe, 0xff, 0xbc, 0xff, 0xbe, 0xff, 0xbc, 0xff, 0xbe, 0xff, 
  0xc0, 0xff, 0xbb, 0xff, 0xbf, 0xff, 0xbc, 0xff, 0xbe, 0xff, 0xbf, 0xff, 0xbd, 0xff, 0xc1, 0xff, 0xbc, 0xfe, 0xc3, 0xff, 0xbe, 0xfd, 0xc4, 0xff, 0xc0, 0xfd, 0xc4, 0xff, 0xc3, 0xfd, 0xc3, 0xff, 0xc7, 0xff, 0xc4, 0xff, 0xc6, 0xfd, 0xc1, 0xff, 0xc4, 0xfd, 0xc0, 0xff, 0xc4, 0xff, 0xc2, 0xff, 0xbf, 0xff, 0xc4, 0xff, 0xb8, 0xfd, 0xc4, 0xff, 0xb3, 0xfc, 0xc7, 0xff, 0xaa, 0xfb, 0xcf, 0xff, 0x9b, 0xf5, 0xda, 0xff, 0x78, 0xe0, 0xdb, 0xff, 0x55, 0xd2, 0xe7, 0xff, 0x52, 0xd4, 0xf5, 0xff, 0x5c, 0xd6, 0xf3, 0xff, 0x6a, 0xd5, 0xe5, 0xff, 0x89, 0xe0, 0xd9, 0xff, 0xaa, 0xf1, 0xd7, 0xff, 0xbc, 0xf7, 0xcd, 0xff, 0xc4, 0xfb, 0xc6, 0xff, 0xc5, 0xfd, 0xc3, 0xff, 0xc2, 0xfe, 0xc2, 0xff, 0xba, 0xfd, 0xc3, 0xff, 0xb7, 0xfe, 0xc3, 0xff, 0xb9, 0xff, 0xbf, 0xff, 0xb9, 0xff, 0xc0, 0xff, 0xb7, 0xff, 0xc5, 0xff, 0xb2, 0xfd, 0xca, 0xff, 0xaa, 0xf9, 0xce, 0xff, 0xa1, 0xf4, 0xd4, 0xff, 0x98, 0xf0, 0xdd, 0xff, 0x8e, 0xeb, 0xe3, 0xff, 0x86, 0xe7, 0xe7, 0xff, 0x82, 0xe5, 0xe9, 0xff, 0x80, 0xe3, 0xe7, 0xff, 0x84, 0xe5, 0xe5, 0xff, 0x8c, 0xe9, 0xe1, 0xff, 0x97, 0xef, 0xdc, 0xff, 0xa1, 0xf4, 0xd4, 0xff, 0xab, 0xfa, 0xcf, 0xff, 0xb3, 0xfe, 0xcb, 0xff, 0xba, 0xff, 0xc9, 0xff, 0xc1, 0xfe, 0xc9, 0xff, 0xc3, 0xfb, 0xc6, 0xff, 0xc3, 0xfb, 0xc0, 0xff, 0xc1, 0xfc, 0xbe, 0xff, 0xbb, 0xff, 0xbf, 0xff, 0xb7, 0xff, 0xc3, 0xff, 0xb1, 0xfa, 0xc9, 0xff, 0xa0, 0xf2, 0xd8, 0xff, 0x75, 0xd9, 0xe1, 0xff, 0x62, 0xd1, 0xf0, 0xff, 0x5b, 0xd1, 0xfb, 0xff, 0x58, 0xd2, 0xff, 0xff, 0x52, 0xce, 0xff, 0xff, 0x50, 0xca, 0xfb, 0xff, 0x5e, 0xd2, 0xf1, 0xff, 0x76, 0xdf, 0xe6, 0xff, 0x9b, 0xf2, 0xde, 0xff, 0xad, 0xfb, 0xd3, 0xff, 0xb4, 0xfe, 0xcd, 0xff, 0xb6, 0xfc, 0xc3, 0xff, 0xbc, 0xfc, 0xbd, 0xff, 0xc3, 0xff, 0xbf, 0xff, 0xc7, 0xfe, 0xc2, 0xff, 0xc6, 0xfc, 0xc3, 0xff, 0xc5, 0xfb, 0xc5, 0xff, 0xc3, 0xfc, 0xc5, 0xff, 0xc1, 0xfd, 0xc3, 0xff, 0xc0, 0xff, 0xc1, 0xff, 0xbf, 0xff, 0xbf, 0xff, 0xbe, 0xff, 0xbe, 0xff, 0xbe, 0xff, 0xbf, 0xff, 0xbe, 0xff, 0xbf, 0xff, 
  0xc1, 0xff, 0xbb, 0xff, 0xc0, 0xff, 0xbd, 0xff, 0xbe, 0xff, 0xc0, 0xff, 0xbd, 0xfe, 0xc2, 0xff, 0xbd, 0xfd, 0xc4, 0xff, 0xbe, 0xfd, 0xc5, 0xff, 0xc0, 0xfd, 0xc3, 0xff, 0xc2, 0xfe, 0xc1, 0xff, 0xc4, 0xff, 0xbf, 0xff, 0xc5, 0xff, 0xc0, 0xff, 0xc2, 0xff, 0xc0, 0xff, 0xbd, 0xfd, 0xc2, 0xff, 0xb7, 0xfd, 0xca, 0xff, 0xb2, 0xfe, 0xd2, 0xff, 0xa9, 0xf9, 0xd4, 0xff, 0x96, 0xf1, 0xdb, 0xff, 0x75, 0xde, 0xe1, 0xff, 0x61, 0xd6, 0xeb, 0xff, 0x54, 0xd3, 0xf5, 0xff, 0x52, 0xd4, 0xfb, 0xff, 0x55, 0xd2, 0xf7, 0xff, 0x65, 0xd4, 0xea, 0xff, 0x8c, 0xe4, 0xdd, 0xff, 0xb0, 0xf7, 0xd9, 0xff, 0xbc, 0xf8, 0xc9, 0xff, 0xc1, 0xfb, 0xc5, 0xff, 0xbb, 0xfb, 0xc9, 0xff, 0xb6, 0xfc, 0xca, 0xff, 0xb5, 0xfd, 0xc8, 0xff, 0xb8, 0xff, 0xc3, 0xff, 0xc0, 0xff, 0xbe, 0xff, 0xc2, 0xff, 0xbd, 0xff, 0xb8, 0xfe, 0xbd, 0xff, 0xb6, 0xfe, 0xc2, 0xff, 0xb6, 0xfe, 0xc5, 0xff, 0xb7, 0xff, 0xca, 0xff, 0xb7, 0xfe, 0xcf, 0xff, 0xb6, 0xfd, 0xd1, 0xff, 0xb3, 0xfa, 0xd2, 0xff, 0xb2, 0xf8, 0xd2, 0xff, 0xb1, 0xf7, 0xd1, 0xff, 0xb2, 0xf9, 0xd1, 0xff, 0xb4, 0xfb, 0xcf, 0xff, 0xb6, 0xfd, 0xce, 0xff, 0xb7, 0xff, 0xca, 0xff, 0xb7, 0xff, 0xc6, 0xff, 0xb7, 0xff, 0xc3, 0xff, 0xbb, 0xfe, 0xc1, 0xff, 0xc5, 0xfd, 0xc2, 0xff, 0xc6, 0xfc, 0xc1, 0xff, 0xbf, 0xfc, 0xc2, 0xff, 0xbd, 0xfe, 0xc2, 0xff, 0xbd, 0xff, 0xc1, 0xff, 0xbe, 0xff, 0xc1, 0xff, 0xbe, 0xff, 0xc1, 0xff, 0xae, 0xfc, 0xce, 0xff, 0x82, 0xe2, 0xd7, 0xff, 0x65, 0xd5, 0xe5, 0xff, 0x53, 0xcc, 0xf3, 0xff, 0x4f, 0xcd, 0xff, 0xff, 0x50, 0xce, 0xff, 0xff, 0x50, 0xcc, 0xff, 0xff, 0x55, 0xcc, 0xfc, 0xff, 0x64, 0xd2, 0xf2, 0xff, 0x80, 0xe0, 0xe6, 0xff, 0x98, 0xee, 0xdf, 0xff, 0xa8, 0xfa, 0xda, 0xff, 0xb1, 0xfd, 0xce, 0xff, 0xb7, 0xfb, 0xc0, 0xff, 0xbf, 0xfd, 0xbd, 0xff, 0xc5, 0xff, 0xbf, 0xff, 0xc8, 0xff, 0xc2, 0xff, 0xc3, 0xfd, 0xc3, 0xff, 0xc1, 0xfd, 0xc4, 0xff, 0xbf, 0xfe, 0xc2, 0xff, 0xbe, 0xff, 0xc1, 0xff, 0xbe, 0xff, 0xbf, 0xff, 0xbf, 0xff, 0xbf, 0xff, 0xc2, 0xff, 0xc0, 0xff, 0xc3, 0xfe, 0xc1, 0xff, 
  0xc2, 0xff, 0xbb, 0xff, 0xc1, 0xff, 0xbd, 0xff, 0xbf, 0xff, 0xc0, 0xff, 0xbe, 0xfe, 0xc3, 0xff, 0xbd, 0xfd, 0xc5, 0xff, 0xbe, 0xfd, 0xc5, 0xff, 0xc0, 0xfe, 0xc2, 0xff, 0xc2, 0xff, 0xbf, 0xff, 0xc3, 0xff, 0xbb, 0xff, 0xc4, 0xff, 0xbd, 0xff, 0xbf, 0xff, 0xbf, 0xff, 0xb8, 0xfd, 0xc4, 0xff, 0xaf, 0xfb, 0xcf, 0xff, 0xa9, 0xfa, 0xda, 0xff, 0x9b, 0xf1, 0xdc, 0xff, 0x83, 0xe2, 0xe0, 0xff, 0x62, 0xd0, 0xe8, 0xff, 0x5c, 0xd3, 0xfa, 0xff, 0x57, 0xd4, 0xfd, 0xff, 0x52, 0xce, 0xf4, 0xff, 0x5c, 0xd1, 0xed, 0xff, 0x79, 0xe0, 0xe8, 0xff, 0xa0, 0xf2, 0xdc, 0xff, 0xb7, 0xfc, 0xd0, 0xff, 0xbf, 0xfc, 0xc3, 0xff, 0xbf, 0xfd, 0xc2, 0xff, 0xb7, 0xfc, 0xc9, 0xff, 0xb3, 0xfc, 0xca, 0xff, 0xb6, 0xfd, 0xc7, 0xff, 0xbc, 0xff, 0xc3, 0xff, 0xc3, 0xff, 0xbd, 0xff, 0xc4, 0xff, 0xbc, 0xff, 0xc1, 0xff, 0xc2, 0xff, 0xbe, 0xff, 0xc2, 0xff, 0xbe, 0xff, 0xc2, 0xff, 0xbf, 0xff, 0xc1, 0xff, 0xc1, 0xff, 0xc0, 0xff, 0xc1, 0xfd, 0xbf, 0xff, 0xc1, 0xfc, 0xbf, 0xff, 0xc1, 0xfb, 0xbe, 0xff, 0xc5, 0xff, 0xc2, 0xff, 0xc3, 0xfe, 0xc1, 0xff, 0xc1, 0xfd, 0xbf, 0xff, 0xc0, 0xfe, 0xbf, 0xff, 0xbf, 0xff, 0xc1, 0xff, 0xbd, 0xff, 0xc1, 0xff, 0xbb, 0xff, 0xbf, 0xff, 0xbe, 0xff, 0xbe, 0xff, 0xc6, 0xfe, 0xbc, 0xff, 0xc6, 0xff, 0xbe, 0xff, 0xbb, 0xfe, 0xc3, 0xff, 0xb9, 0xff, 0xc6, 0xff, 0xbc, 0xfe, 0xc3, 0xff, 0xbf, 0xff, 0xc0, 0xff, 0xc1, 0xff, 0xbc, 0xff, 0xb8, 0xfe, 0xc5, 0xff, 0x9e, 0xf3, 0xd4, 0xff, 0x7e, 0xe2, 0xdf, 0xff, 0x5d, 0xd1, 0xed, 0xff, 0x4f, 0xcc, 0xf9, 0xff, 0x4f, 0xce, 0xff, 0xff, 0x52, 0xcf, 0xff, 0xff, 0x57, 0xce, 0xff, 0xff, 0x5f, 0xce, 0xf8, 0xff, 0x68, 0xce, 0xe8, 0xff, 0x7f, 0xde, 0xe4, 0xff, 0x96, 0xef, 0xdf, 0xff, 0xa9, 0xfa, 0xd5, 0xff, 0xb6, 0xfe, 0xc6, 0xff, 0xbd, 0xfe, 0xbd, 0xff, 0xc3, 0xff, 0xbc, 0xff, 0xc6, 0xff, 0xbf, 0xff, 0xc2, 0xfe, 0xc1, 0xff, 0xbf, 0xfe, 0xc2, 0xff, 0xbd, 0xff, 0xc2, 0xff, 0xbc, 0xff, 0xc1, 0xff, 0xbe, 0xff, 0xc0, 0xff, 0xc0, 0xff, 0xc0, 0xff, 0xc5, 0xfd, 0xc2, 0xff, 0xc7, 0xfc, 0xc3, 0xff, 
  0xc3, 0xff, 0xbc, 0xff, 0xc2, 0xff, 0xbe, 0xff, 0xc0, 0xfe, 0xc1, 0xff, 0xbf, 0xfd, 0xc4, 0xff, 0xbe, 0xfd, 0xc5, 0xff, 0xbf, 0xfd, 0xc4, 0xff, 0xc0, 0xff, 0xc1, 0xff, 0xc2, 0xff, 0xbd, 0xff, 0xc2, 0xff, 0xb9, 0xff, 0xc1, 0xff, 0xba, 0xff, 0xbc, 0xff, 0xbf, 0xff, 0xb4, 0xfd, 0xc8, 0xff, 0xa8, 0xf8, 0xd3, 0xff, 0x99, 0xef, 0xda, 0xff, 0x88, 0xe3, 0xde, 0xff, 0x75, 0xd6, 0xe4, 0xff, 0x67, 0xd0, 0xf4, 0xff, 0x5f, 0xce, 0xfc, 0xff, 0x58, 0xcc, 0xf8, 0xff, 0x62, 0xd1, 0xef, 0xff, 0x7f, 0xe0, 0xe3, 0xff, 0xa1, 0xf4, 0xdb, 0xff, 0xba, 0xff, 0xc9, 0xff, 0xc0, 0xff, 0xba, 0xff, 0xc2, 0xff, 0xbd, 0xff, 0xbe, 0xff, 0xbe, 0xff, 0xb9, 0xff, 0xc2, 0xff, 0xb9, 0xff, 0xc4, 0xff, 0xbd, 0xfd, 0xc1, 0xff, 0xc1, 0xfd, 0xc0, 0xff, 0xc3, 0xfb, 0xbf, 0xff, 0xc2, 0xfa, 0xbf, 0xff, 0xc1, 0xfd, 0xc1, 0xff, 0xbf, 0xfc, 0xc0, 0xff, 0xbf, 0xfc, 0xc0, 0xff, 0xbf, 0xfc, 0xbf, 0xff, 0xc0, 0xfe, 0xbf, 0xff, 0xc3, 0xff, 0xc0, 0xff, 0xc3, 0xff, 0xc0, 0xff, 0xc3, 0xff, 0xc0, 0xff, 0xc1, 0xfe, 0xbe, 0xff, 0xc0, 0xfd, 0xbd, 0xff, 0xbf, 0xfc, 0xbc, 0xff, 0xbf, 0xfd, 0xbe, 0xff, 0xc0, 0xfd, 0xc0, 0xff, 0xc2, 0xff, 0xc3, 0xff, 0xc2, 0xff, 0xc3, 0xff, 0xc3, 0xff, 0xc0, 0xff, 0xc4, 0xff, 0xb7, 0xff, 0xc0, 0xff, 0xb9, 0xff, 0xb5, 0xfe, 0xc3, 0xff, 0xb2, 0xfc, 0xc7, 0xff, 0xb8, 0xfc, 0xc5, 0xff, 0xbd, 0xfc, 0xc3, 0xff, 0xc1, 0xfb, 0xc0, 0xff, 0xc0, 0xfb, 0xc1, 0xff, 0xbf, 0xfe, 0xcc, 0xff, 0xa5, 0xf4, 0xd6, 0xff, 0x7a, 0xe1, 0xe7, 0xff, 0x5e, 0xd4, 0xf1, 0xff, 0x55, 0xd0, 0xf8, 0xff, 0x57, 0xd1, 0xfc, 0xff, 0x5f, 0xd2, 0xf8, 0xff, 0x62, 0xd0, 0xf4, 0xff, 0x60, 0xcb, 0xf1, 0xff, 0x6b, 0xd1, 0xeb, 0xff, 0x83, 0xe1, 0xe0, 0xff, 0x9d, 0xf3, 0xd8, 0xff, 0xb3, 0xfe, 0xca, 0xff, 0xbd, 0xff, 0xbf, 0xff, 0xc1, 0xff, 0xb9, 0xff, 0xc4, 0xff, 0xbb, 0xff, 0xc0, 0xff, 0xbf, 0xff, 0xbe, 0xff, 0xc0, 0xff, 0xbb, 0xff, 0xc1, 0xff, 0xbb, 0xff, 0xc1, 0xff, 0xbe, 0xff, 0xc0, 0xff, 0xc2, 0xfe, 0xc1, 0xff, 0xc8, 0xfc, 0xc3, 0xff, 0xca, 0xfb, 0xc4, 0xff, 
  0xc5, 0xff, 0xbe, 0xff, 0xc4, 0xff, 0xbf, 0xff, 0xc1, 0xfe, 0xc2, 0xff, 0xbf, 0xfd, 0xc4, 0xff, 0xbd, 0xfd, 0xc5, 0xff, 0xbd, 0xfe, 0xc3, 0xff, 0xbf, 0xff, 0xbf, 0xff, 0xc1, 0xff, 0xbb, 0xff, 0xc2, 0xff, 0xb8, 0xff, 0xbe, 0xff, 0xb8, 0xff, 0xb9, 0xff, 0xbf, 0xff, 0xb2, 0xfe, 0xcd, 0xff, 0xa1, 0xf5, 0xd9, 0xff, 0x8a, 0xe5, 0xdd, 0xff, 0x75, 0xd6, 0xe0, 0xff, 0x69, 0xce, 0xe7, 0xff, 0x6d, 0xd3, 0xf6, 0xff, 0x63, 0xcb, 0xf0, 0xff, 0x63, 0xcd, 0xeb, 0xff, 0x7d, 0xe0, 0xeb, 0xff, 0x9f, 0xf4, 0xdf, 0xff, 0xb4, 0xfc, 0xcd, 0xff, 0xc0, 0xff, 0xb9, 0xff, 0xc5, 0xff, 0xb3, 0xff, 0xc3, 0xff, 0xba, 0xff, 0xbe, 0xff, 0xbd, 0xff, 0xba, 0xff, 0xbf, 0xff, 0xbc, 0xff, 0xc2, 0xff, 0xc2, 0xff, 0xc2, 0xff, 0xc6, 0xff, 0xc3, 0xff, 0xc7, 0xff, 0xc4, 0xff, 0xc6, 0xfe, 0xc4, 0xff, 0xc3, 0xfd, 0xc3, 0xff, 0xc2, 0xfd, 0xc2, 0xff, 0xc3, 0xfe, 0xc1, 0xff, 0xc2, 0xff, 0xc0, 0xff, 0xc3, 0xff, 0xc0, 0xff, 0xc0, 0xff, 0xc2, 0xff, 0xba, 0xfc, 0xc4, 0xff, 0xb7, 0xfa, 0xc6, 0xff, 0xb9, 0xfc, 0xc8, 0xff, 0xbb, 0xfd, 0xc6, 0xff, 0xbe, 0xfd, 0xc1, 0xff, 0xc2, 0xfe, 0xc0, 0xff, 0xc3, 0xff, 0xc1, 0xff, 0xc3, 0xfe, 0xc1, 0xff, 0xc1, 0xfd, 0xc1, 0xff, 0xbf, 0xfc, 0xbc, 0xff, 0xc2, 0xff, 0xb8, 0xff, 0xbd, 0xff, 0xb8, 0xff, 0xb4, 0xfd, 0xc1, 0xff, 0xb4, 0xfc, 0xc6, 0xff, 0xba, 0xfd, 0xc6, 0xff, 0xc0, 0xfe, 0xc5, 0xff, 0xc6, 0xfe, 0xc3, 0xff, 0xc8, 0xfd, 0xc0, 0xff, 0xc8, 0xfe, 0xbf, 0xff, 0xb9, 0xfb, 0xcb, 0xff, 0x95, 0xee, 0xde, 0xff, 0x75, 0xdf, 0xe6, 0xff, 0x62, 0xd3, 0xed, 0xff, 0x5f, 0xd2, 0xf4, 0xff, 0x64, 0xd2, 0xf5, 0xff, 0x64, 0xd1, 0xf7, 0xff, 0x61, 0xd1, 0xfe, 0xff, 0x62, 0xcf, 0xf1, 0xff, 0x75, 0xd8, 0xdf, 0xff, 0x93, 0xeb, 0xd7, 0xff, 0xb0, 0xfc, 0xcd, 0xff, 0xbe, 0xff, 0xc1, 0xff, 0xc4, 0xff, 0xba, 0xff, 0xc6, 0xff, 0xb9, 0xff, 0xc2, 0xff, 0xbc, 0xff, 0xbf, 0xff, 0xbf, 0xff, 0xbb, 0xff, 0xc0, 0xff, 0xbb, 0xff, 0xc1, 0xff, 0xbd, 0xff, 0xc1, 0xff, 0xc1, 0xfe, 0xc2, 0xff, 0xc7, 0xfc, 0xc3, 0xff, 0xc9, 0xfb, 0xc4, 0xff, 
  0xc9, 0xfd, 0xc0, 0xff, 0xc6, 0xfd, 0xc1, 0xff, 0xc1, 0xfd, 0xc3, 0xff, 0xbd, 0xfd, 0xc4, 0xff, 0xba, 0xfe, 0xc4, 0xff, 0xba, 0xff, 0xc2, 0xff, 0xbc, 0xff, 0xbd, 0xff, 0xbf, 0xff, 0xb9, 0xff, 0xc1, 0xff, 0xb6, 0xff, 0xbe, 0xff, 0xb8, 0xff, 0xba, 0xff, 0xc3, 0xff, 0xb0, 0xfb, 0xd1, 0xff, 0x98, 0xed, 0xdc, 0xff, 0x7b, 0xda, 0xdf, 0xff, 0x69, 0xd1, 0xeb, 0xff, 0x68, 0xd3, 0xf2, 0xff, 0x6a, 0xd0, 0xe7, 0xff, 0x72, 0xd4, 0xdf, 0xff, 0x80, 0xdf, 0xde, 0xff, 0x98, 0xf1, 0xdd, 0xff, 0xaf, 0xff, 0xd4, 0xff, 0xba, 0xff, 0xc5, 0xff, 0xc1, 0xff, 0xba, 0xff, 0xc3, 0xff, 0xb6, 0xff, 0xc2, 0xff, 0xbc, 0xff, 0xc0, 0xff, 0xc0, 0xff, 0xbe, 0xfe, 0xc4, 0xff, 0xbe, 0xfd, 0xc5, 0xff, 0xc0, 0xfd, 0xc4, 0xff, 0xc2, 0xfd, 0xc2, 0xff, 0xc3, 0xfe, 0xc0, 0xff, 0xc3, 0xfe, 0xc0, 0xff, 0xc2, 0xff, 0xc3, 0xff, 0xbc, 0xfb, 0xbd, 0xff, 0xc1, 0xff, 0xbd, 0xff, 0xc1, 0xff, 0xbc, 0xff, 0xc0, 0xfe, 0xbc, 0xff, 0xbd, 0xff, 0xc8, 0xff, 0xae, 0xf7, 0xd3, 0xff, 0xa3, 0xf0, 0xd7, 0xff, 0xa3, 0xf0, 0xd8, 0xff, 0xab, 0xf3, 0xd3, 0xff, 0xbf, 0xff, 0xce, 0xff, 0xc1, 0xfd, 0xc1, 0xff, 0xbd, 0xfa, 0xb9, 0xff, 0xc2, 0xff, 0xbf, 0xff, 0xc1, 0xff, 0xc1, 0xff, 0xbf, 0xff, 0xbf, 0xff, 0xbe, 0xff, 0xbc, 0xff, 0xbd, 0xff, 0xbd, 0xff, 0xbb, 0xff, 0xc2, 0xff, 0xbc, 0xfe, 0xc4, 0xff, 0xbf, 0xfd, 0xc3, 0xff, 0xc3, 0xfe, 0xc1, 0xff, 0xc7, 0xff, 0xbe, 0xff, 0xc9, 0xff, 0xbc, 0xff, 0xca, 0xff, 0xbc, 0xff, 0xbf, 0xfd, 0xc1, 0xff, 0xae, 0xf9, 0xd0, 0xff, 0x9b, 0xf1, 0xde, 0xff, 0x82, 0xe1, 0xe6, 0xff, 0x6c, 0xd1, 0xe9, 0xff, 0x62, 0xcb, 0xf2, 0xff, 0x60, 0xcf, 0xfd, 0xff, 0x5a, 0xd1, 0xfe, 0xff, 0x5b, 0xd0, 0xf0, 0xff, 0x6f, 0xd6, 0xdf, 0xff, 0x8e, 0xe8, 0xd9, 0xff, 0xae, 0xf9, 0xd0, 0xff, 0xc0, 0xff, 0xc5, 0xff, 0xc7, 0xff, 0xba, 0xff, 0xc8, 0xff, 0xb5, 0xff, 0xc7, 0xff, 0xba, 0xff, 0xc3, 0xff, 0xbd, 0xff, 0xbe, 0xff, 0xc1, 0xff, 0xbb, 0xfe, 0xc3, 0xff, 0xbc, 0xfe, 0xc3, 0xff, 0xbe, 0xfe, 0xc3, 0xff, 0xc2, 0xfd, 0xc3, 0xff, 0xc4, 0xfd, 0xc3, 0xff, 
  0xc9, 0xfd, 0xc1, 0xff, 0xc6, 0xfd, 0xc2, 0xff, 0xc0, 0xfd, 0xc3, 0xff, 0xbc, 0xfe, 0xc4, 0xff, 0xb9, 0xff, 0xc3, 0xff, 0xb9, 0xff, 0xc1, 0xff, 0xbc, 0xff, 0xbd, 0xff, 0xbf, 0xff, 0xba, 0xff, 0xc3, 0xff, 0xb9, 0xff, 0xc0, 0xff, 0xba, 0xff, 0xbb, 0xfe, 0xc4, 0xff, 0xb1, 0xfa, 0xd2, 0xff, 0x99, 0xed, 0xdc, 0xff, 0x7c, 0xda, 0xdf, 0xff, 0x68, 0xd0, 0xe7, 0xff, 0x67, 0xd1, 0xe9, 0xff, 0x73, 0xd6, 0xde, 0xff, 0x87, 0xe3, 0xdb, 0xff, 0x9a, 0xf1, 0xda, 0xff, 0xa9, 0xfa, 0xd3, 0xff, 0xb3, 0xfd, 0xc5, 0xff, 0xbb, 0xff, 0xbd, 0xff, 0xc1, 0xff, 0xba, 0xff, 0xc4, 0xff, 0xbb, 0xff, 0xc2, 0xff, 0xbe, 0xff, 0xc0, 0xfe, 0xc2, 0xff, 0xbf, 0xfc, 0xc6, 0xff, 0xbe, 0xfc, 0xc7, 0xff, 0xbf, 0xfd, 0xc5, 0xff, 0xc0, 0xfe, 0xc3, 0xff, 0xc2, 0xff, 0xbf, 0xff, 0xc1, 0xff, 0xbf, 0xff, 0xbe, 0xff, 0xc1, 0xff, 0xba, 0xfb, 0xbd, 0xff, 0xc2, 0xff, 0xbd, 0xff, 0xc3, 0xff, 0xbc, 0xff, 0xbf, 0xff, 0xbe, 0xff, 0xb2, 0xf9, 0xca, 0xff, 0x93, 0xe7, 0xd7, 0xff, 0x83, 0xde, 0xdf, 0xff, 0x83, 0xde, 0xe0, 0xff, 0x90, 0xe3, 0xd8, 0xff, 0xb2, 0xf6, 0xcf, 0xff, 0xc0, 0xfd, 0xc4, 0xff, 0xc0, 0xfe, 0xbc, 0xff, 0xc3, 0xff, 0xbf, 0xff, 0xbe, 0xff, 0xc0, 0xff, 0xbc, 0xfe, 0xc0, 0xff, 0xbe, 0xff, 0xbf, 0xff, 0xbe, 0xff, 0xc0, 0xff, 0xbe, 0xfe, 0xc2, 0xff, 0xbf, 0xfe, 0xc3, 0xff, 0xc1, 0xfd, 0xc3, 0xff, 0xc3, 0xfe, 0xc1, 0xff, 0xc7, 0xff, 0xbd, 0xff, 0xc8, 0xff, 0xba, 0xff, 0xc6, 0xff, 0xb8, 0xff, 0xc1, 0xfe, 0xbb, 0xff, 0xb9, 0xfc, 0xc5, 0xff, 0xae, 0xf9, 0xd3, 0xff, 0x99, 0xed, 0xde, 0xff, 0x81, 0xdd, 0xe4, 0xff, 0x6d, 0xd0, 0xeb, 0xff, 0x63, 0xcd, 0xf1, 0xff, 0x5b, 0xcf, 0xf0, 0xff, 0x60, 0xd1, 0xe7, 0xff, 0x76, 0xdb, 0xde, 0xff, 0x94, 0xeb, 0xda, 0xff, 0xb1, 0xf9, 0xd1, 0xff, 0xc1, 0xff, 0xc6, 0xff, 0xc8, 0xff, 0xbc, 0xff, 0xcb, 0xff, 0xb9, 0xff, 0xc8, 0xff, 0xba, 0xff, 0xc4, 0xff, 0xbd, 0xff, 0xbe, 0xff, 0xc1, 0xff, 0xbc, 0xfe, 0xc3, 0xff, 0xbb, 0xfe, 0xc4, 0xff, 0xbd, 0xfe, 0xc3, 0xff, 0xc1, 0xfe, 0xc2, 0xff, 0xc2, 0xfe, 0xc1, 0xff, 
  0xc5, 0xfe, 0xc0, 0xff, 0xc3, 0xfe, 0xc0, 0xff, 0xbf, 0xfe, 0xc2, 0xff, 0xbc, 0xfe, 0xc3, 0xff, 0xba, 0xff, 0xc3, 0xff, 0xbb, 0xff, 0xc2, 0xff, 0xbe, 0xff, 0xbf, 0xff, 0xc0, 0xff, 0xbd, 0xff, 0xc4, 0xff, 0xbc, 0xff, 0xc1, 0xff, 0xbd, 0xff, 0xbd, 0xfe, 0xc4, 0xff, 0xb5, 0xfb, 0xce, 0xff, 0xa3, 0xf2, 0xd7, 0xff, 0x8c, 0xe4, 0xd9, 0xff, 0x7a, 0xdb, 0xdf, 0xff, 0x77, 0xda, 0xde, 0xff, 0x87, 0xe4, 0xd9, 0xff, 0x9b, 0xf2, 0xdb, 0xff, 0xaa, 0xfc, 0xd9, 0xff, 0xb0, 0xfc, 0xce, 0xff, 0xb7, 0xfc, 0xc2, 0xff, 0xbe, 0xff, 0xbd, 0xff, 0xc4, 0xff, 0xbd, 0xff, 0xc4, 0xff, 0xbd, 0xff, 0xc2, 0xfe, 0xc0, 0xff, 0xc0, 0xfd, 0xc4, 0xff, 0xbe, 0xfc, 0xc6, 0xff, 0xbd, 0xfc, 0xc6, 0xff, 0xbe, 0xfd, 0xc5, 0xff, 0xbf, 0xfe, 0xc2, 0xff, 0xc1, 0xff, 0xbe, 0xff, 0xc0, 0xff, 0xbf, 0xff, 0xbc, 0xfe, 0xc3, 0xff, 0xba, 0xfb, 0xbf, 0xff, 0xc5, 0xff, 0xbe, 0xff, 0xc3, 0xff, 0xbd, 0xff, 0xbb, 0xfd, 0xc0, 0xff, 0xa3, 0xf2, 0xcd, 0xff, 0x78, 0xdb, 0xdf, 0xff, 0x63, 0xd0, 0xe9, 0xff, 0x64, 0xd0, 0xeb, 0xff, 0x74, 0xd5, 0xde, 0xff, 0xa2, 0xee, 0xd1, 0xff, 0xbd, 0xfc, 0xc6, 0xff, 0xc2, 0xff, 0xbf, 0xff, 0xc5, 0xff, 0xc0, 0xff, 0xbc, 0xfe, 0xc1, 0xff, 0xbc, 0xfe, 0xc3, 0xff, 0xc0, 0xfe, 0xc1, 0xff, 0xc1, 0xfe, 0xc2, 0xff, 0xc0, 0xfd, 0xc4, 0xff, 0xbf, 0xfd, 0xc5, 0xff, 0xbf, 0xfd, 0xc4, 0xff, 0xc0, 0xfe, 0xc2, 0xff, 0xc3, 0xff, 0xbf, 0xff, 0xc4, 0xff, 0xbd, 0xff, 0xc3, 0xff, 0xb9, 0xff, 0xc1, 0xff, 0xbb, 0xff, 0xbb, 0xfe, 0xc1, 0xff, 0xb4, 0xfd, 0xcc, 0xff, 0xa7, 0xf8, 0xd8, 0xff, 0x98, 0xee, 0xdf, 0xff, 0x86, 0xe2, 0xe1, 0xff, 0x76, 0xd8, 0xdf, 0xff, 0x70, 0xd7, 0xe0, 0xff, 0x76, 0xdb, 0xde, 0xff, 0x8a, 0xe5, 0xd9, 0xff, 0xa1, 0xf2, 0xd7, 0xff, 0xb5, 0xfb, 0xce, 0xff, 0xc0, 0xfe, 0xc5, 0xff, 0xc4, 0xff, 0xbe, 0xff, 0xc7, 0xff, 0xbc, 0xff, 0xc3, 0xff, 0xbd, 0xff, 0xc0, 0xff, 0xbf, 0xff, 0xbd, 0xff, 0xc2, 0xff, 0xbb, 0xfe, 0xc3, 0xff, 0xbd, 0xfe, 0xc3, 0xff, 0xbf, 0xfe, 0xc2, 0xff, 0xc2, 0xfe, 0xc0, 0xff, 0xc4, 0xfe, 0xc0, 0xff, 
  0xc1, 0xff, 0xbf, 0xff, 0xc0, 0xff, 0xbf, 0xff, 0xbe, 0xff, 0xc1, 0xff, 0xbc, 0xff, 0xc2, 0xff, 0xbc, 0xfe, 0xc3, 0xff, 0xbd, 0xfe, 0xc2, 0xff, 0xbf, 0xff, 0xc1, 0xff, 0xc2, 0xff, 0xc0, 0xff, 0xc5, 0xff, 0xbf, 0xff, 0xc2, 0xfd, 0xbf, 0xff, 0xbf, 0xfd, 0xc4, 0xff, 0xbc, 0xfe, 0xcd, 0xff, 0xb1, 0xfb, 0xd5, 0xff, 0xa2, 0xf3, 0xd8, 0xff, 0x95, 0xed, 0xdc, 0xff, 0x93, 0xed, 0xda, 0xff, 0x9f, 0xf5, 0xd7, 0xff, 0xa9, 0xfa, 0xd3, 0xff, 0xb0, 0xfc, 0xce, 0xff, 0xb6, 0xfd, 0xc8, 0xff, 0xbf, 0xff, 0xc3, 0xff, 0xc4, 0xff, 0xc1, 0xff, 0xc5, 0xff, 0xbf, 0xff, 0xc2, 0xfc, 0xbd, 0xff, 0xc2, 0xfd, 0xc2, 0xff, 0xc0, 0xfd, 0xc4, 0xff, 0xbe, 0xfc, 0xc6, 0xff, 0xbd, 0xfd, 0xc6, 0xff, 0xbd, 0xfe, 0xc4, 0xff, 0xbe, 0xff, 0xc1, 0xff, 0xc0, 0xff, 0xbe, 0xff, 0xbf, 0xff, 0xbf, 0xff, 0xbc, 0xff, 0xc4, 0xff, 0xbc, 0xfd, 0xc2, 0xff, 0xc4, 0xff, 0xbf, 0xff, 0xc1, 0xff, 0xbd, 0xff, 0xb7, 0xfc, 0xc2, 0xff, 0x9b, 0xf0, 0xd1, 0xff, 0x6a, 0xd7, 0xea, 0xff, 0x54, 0xcd, 0xfa, 0xff, 0x55, 0xce, 0xfc, 0xff, 0x66, 0xd1, 0xe9, 0xff, 0x98, 0xea, 0xd3, 0xff, 0xb8, 0xfb, 0xc8, 0xff, 0xc2, 0xfe, 0xc1, 0xff, 0xc4, 0xff, 0xc0, 0xff, 0xbc, 0xfd, 0xc2, 0xff, 0xbe, 0xff, 0xc6, 0xff, 0xc1, 0xfe, 0xc2, 0xff, 0xc3, 0xfd, 0xc2, 0xff, 0xc1, 0xfd, 0xc4, 0xff, 0xbf, 0xfd, 0xc5, 0xff, 0xbe, 0xfd, 0xc4, 0xff, 0xbe, 0xfe, 0xc3, 0xff, 0xbf, 0xff, 0xc1, 0xff, 0xc0, 0xff, 0xbf, 0xff, 0xc3, 0xff, 0xbd, 0xff, 0xc2, 0xff, 0xbd, 0xff, 0xbd, 0xff, 0xbe, 0xff, 0xb7, 0xfc, 0xc3, 0xff, 0xb2, 0xfc, 0xce, 0xff, 0xab, 0xfb, 0xd7, 0xff, 0xa0, 0xf4, 0xd9, 0xff, 0x94, 0xeb, 0xd7, 0xff, 0x90, 0xe9, 0xda, 0xff, 0x94, 0xeb, 0xda, 0xff, 0xa0, 0xf1, 0xd6, 0xff, 0xae, 0xf9, 0xd3, 0xff, 0xb9, 0xfd, 0xcb, 0xff, 0xbd, 0xfd, 0xc3, 0xff, 0xc0, 0xfe, 0xbf, 0xff, 0xc2, 0xff, 0xbf, 0xff, 0xbf, 0xff, 0xc0, 0xff, 0xbe, 0xff, 0xc1, 0xff, 0xbc, 0xff, 0xc2, 0xff, 0xbc, 0xfe, 0xc3, 0xff, 0xbe, 0xfe, 0xc2, 0xff, 0xc0, 0xfe, 0xc1, 0xff, 0xc4, 0xff, 0xbf, 0xff, 0xc5, 0xff, 0xbf, 0xff, 
  0xbe, 0xff, 0xbe, 0xff, 0xbe, 0xff, 0xbf, 0xff, 0xbd, 0xff, 0xc0, 0xff, 0xbd, 0xff, 0xc1, 0xff, 0xbe, 0xfe, 0xc3, 0xff, 0xbf, 0xfe, 0xc3, 0xff, 0xc1, 0xfd, 0xc2, 0xff, 0xc3, 0xfd, 0xc2, 0xff, 0xc4, 0xfd, 0xc2, 0xff, 0xc3, 0xfc, 0xc1, 0xff, 0xc1, 0xfd, 0xc3, 0xff, 0xbe, 0xfe, 0xc7, 0xff, 0xba, 0xff, 0xcd, 0xff, 0xb3, 0xfd, 0xcf, 0xff, 0xac, 0xfb, 0xd2, 0xff, 0xab, 0xfb, 0xd0, 0xff, 0xb2, 0xff, 0xcd, 0xff, 0xb3, 0xfd, 0xc5, 0xff, 0xb6, 0xfb, 0xc1, 0xff, 0xbe, 0xfe, 0xc2, 0xff, 0xc5, 0xff, 0xc3, 0xff, 0xc6, 0xff, 0xc1, 0xff, 0xc5, 0xfc, 0xc0, 0xff, 0xc4, 0xfc, 0xc1, 0xff, 0xc3, 0xfd, 0xc4, 0xff, 0xc0, 0xfd, 0xc5, 0xff, 0xbe, 0xfd, 0xc5, 0xff, 0xbc, 0xfd, 0xc4, 0xff, 0xbd, 0xff, 0xc2, 0xff, 0xbe, 0xff, 0xc0, 0xff, 0xbf, 0xff, 0xbe, 0xff, 0xbf, 0xff, 0xbf, 0xff, 0xbd, 0xff, 0xc4, 0xff, 0xbc, 0xfd, 0xc2, 0xff, 0xc4, 0xff, 0xbf, 0xff, 0xbf, 0xfd, 0xbe, 0xff, 0xb6, 0xfe, 0xc6, 0xff, 0x96, 0xf0, 0xd6, 0xff, 0x60, 0xd5, 0xf1, 0xff, 0x4d, 0xce, 0xff, 0xff, 0x4d, 0xcd, 0xff, 0xff, 0x5d, 0xd0, 0xf2, 0xff, 0x92, 0xea, 0xd7, 0xff, 0xb5, 0xfb, 0xc9, 0xff, 0xc1, 0xfd, 0xc4, 0xff, 0xc4, 0xfe, 0xc1, 0xff, 0xbb, 0xfc, 0xc1, 0xff, 0xbf, 0xff, 0xc5, 0xff, 0xc3, 0xfe, 0xc1, 0xff, 0xc4, 0xfe, 0xc1, 0xff, 0xc1, 0xfe, 0xc2, 0xff, 0xbf, 0xfe, 0xc3, 0xff, 0xbc, 0xfe, 0xc3, 0xff, 0xbc, 0xfe, 0xc3, 0xff, 0xbc, 0xff, 0xc2, 0xff, 0xbe, 0xff, 0xc0, 0xff, 0xc1, 0xff, 0xbf, 0xff, 0xc4, 0xff, 0xc0, 0xff, 0xc1, 0xff, 0xbf, 0xff, 0xbc, 0xfc, 0xbd, 0xff, 0xb9, 0xfd, 0xc2, 0xff, 0xb9, 0xff, 0xca, 0xff, 0xb4, 0xff, 0xcc, 0xff, 0xae, 0xf9, 0xcb, 0xff, 0xb0, 0xfa, 0xd1, 0xff, 0xb0, 0xf8, 0xd0, 0xff, 0xb3, 0xf9, 0xcc, 0xff, 0xb8, 0xfc, 0xca, 0xff, 0xbb, 0xfd, 0xc6, 0xff, 0xbd, 0xfe, 0xc3, 0xff, 0xbd, 0xfd, 0xc1, 0xff, 0xbd, 0xfe, 0xc1, 0xff, 0xbc, 0xff, 0xc2, 0xff, 0xbc, 0xff, 0xc2, 0xff, 0xbc, 0xfe, 0xc3, 0xff, 0xbd, 0xfe, 0xc3, 0xff, 0xbf, 0xfe, 0xc1, 0xff, 0xc2, 0xff, 0xc0, 0xff, 0xc5, 0xff, 0xbf, 0xff, 0xc6, 0xff, 0xbe, 0xff, 
  0xbb, 0xff, 0xbe, 0xff, 0xbc, 0xff, 0xbf, 0xff, 0xbc, 0xff, 0xc0, 0xff, 0xbe, 0xff, 0xc1, 0xff, 0xc0, 0xfe, 0xc2, 0xff, 0xc2, 0xfd, 0xc2, 0xff, 0xc3, 0xfd, 0xc3, 0xff, 0xc4, 0xfd, 0xc3, 0xff, 0xc4, 0xfc, 0xc3, 0xff, 0xc3, 0xfd, 0xc4, 0xff, 0xc1, 0xfc, 0xc2, 0xff, 0xbf, 0xfc, 0xc2, 0xff, 0xbb, 0xfd, 0xc3, 0xff, 0xba, 0xfe, 0xc4, 0xff, 0xb8, 0xff, 0xc4, 0xff, 0xb7, 0xff, 0xc2, 0xff, 0xba, 0xff, 0xc0, 0xff, 0xba, 0xff, 0xbc, 0xff, 0xbd, 0xfe, 0xbc, 0xff, 0xc3, 0xff, 0xc0, 0xff, 0xc6, 0xff, 0xc1, 0xff, 0xc5, 0xfb, 0xbf, 0xff, 0xc4, 0xfa, 0xc1, 0xff, 0xc8, 0xff, 0xc7, 0xff, 0xc2, 0xfd, 0xc4, 0xff, 0xbf, 0xfd, 0xc4, 0xff, 0xbd, 0xfe, 0xc3, 0xff, 0xbc, 0xfe, 0xc3, 0xff, 0xbc, 0xff, 0xc1, 0xff, 0xbe, 0xff, 0xc0, 0xff, 0xbf, 0xff, 0xbf, 0xff, 0xbf, 0xff, 0xc0, 0xff, 0xbb, 0xfc, 0xc0, 0xff, 0xbe, 0xfd, 0xc2, 0xff, 0xc2, 0xfc, 0xc1, 0xff, 0xbf, 0xfc, 0xc2, 0xff, 0xb6, 0xff, 0xc9, 0xff, 0x94, 0xf1, 0xd8, 0xff, 0x5d, 0xd2, 0xf1, 0xff, 0x4b, 0xcc, 0xff, 0xff, 0x4a, 0xca, 0xff, 0xff, 0x5b, 0xce, 0xf2, 0xff, 0x90, 0xeb, 0xd9, 0xff, 0xb4, 0xfb, 0xcc, 0xff, 0xc1, 0xfd, 0xc8, 0xff, 0xc4, 0xfe, 0xc4, 0xff, 0xbd, 0xfc, 0xc0, 0xff, 0xbe, 0xfe, 0xc0, 0xff, 0xc3, 0xff, 0xbf, 0xff, 0xc4, 0xff, 0xbe, 0xff, 0xc1, 0xff, 0xbf, 0xff, 0xbe, 0xff, 0xc0, 0xff, 0xbc, 0xff, 0xc1, 0xff, 0xbb, 0xff, 0xc1, 0xff, 0xbb, 0xff, 0xc1, 0xff, 0xbd, 0xff, 0xc1, 0xff, 0xbf, 0xfe, 0xbf, 0xff, 0xc3, 0xff, 0xc1, 0xff, 0xc4, 0xff, 0xc0, 0xff, 0xc2, 0xfe, 0xbe, 0xff, 0xbf, 0xfd, 0xbd, 0xff, 0xbf, 0xff, 0xbf, 0xff, 0xbd, 0xff, 0xc0, 0xff, 0xbc, 0xfe, 0xc0, 0xff, 0xc0, 0xff, 0xc5, 0xff, 0xbf, 0xfd, 0xc4, 0xff, 0xbd, 0xfb, 0xc2, 0xff, 0xbc, 0xfc, 0xc1, 0xff, 0xbc, 0xfd, 0xc2, 0xff, 0xbc, 0xfe, 0xc3, 0xff, 0xbd, 0xff, 0xc5, 0xff, 0xbc, 0xff, 0xc4, 0xff, 0xbb, 0xfe, 0xc3, 0xff, 0xbc, 0xfe, 0xc3, 0xff, 0xbd, 0xfe, 0xc2, 0xff, 0xbf, 0xfe, 0xc2, 0xff, 0xc1, 0xfe, 0xc1, 0xff, 0xc3, 0xff, 0xc0, 0xff, 0xc5, 0xff, 0xbf, 0xff, 0xc5, 0xff, 0xbe, 0xff, 
  0xba, 0xff, 0xc0, 0xff, 0xbb, 0xff, 0xc0, 0xff, 0xbd, 0xff, 0xbf, 0xff, 0xbf, 0xff, 0xc0, 0xff, 0xc2, 0xff, 0xc0, 0xff, 0xc4, 0xfe, 0xc1, 0xff, 0xc4, 0xfd, 0xc2, 0xff, 0xc4, 0xfd, 0xc3, 0xff, 0xc2, 0xfb, 0xc3, 0xff, 0xc3, 0xfe, 0xc5, 0xff, 0xc1, 0xfd, 0xc4, 0xff, 0xbe, 0xfc, 0xc0, 0xff, 0xbe, 0xfd, 0xbe, 0xff, 0xbf, 0xff, 0xbd, 0xff, 0xc0, 0xff, 0xbb, 0xff, 0xbe, 0xff, 0xb8, 0xff, 0xbf, 0xff, 0xb8, 0xff, 0xc1, 0xff, 0xb9, 0xff, 0xc4, 0xff, 0xbd, 0xff, 0xc5, 0xff, 0xbf, 0xff, 0xc5, 0xfd, 0xbf, 0xff, 0xc4, 0xfb, 0xc0, 0xff, 0xc6, 0xfc, 0xc4, 0xff, 0xc6, 0xfe, 0xc6, 0xff, 0xc0, 0xfd, 0xc3, 0xff, 0xbe, 0xfe, 0xc2, 0xff, 0xbc, 0xff, 0xc1, 0xff, 0xbc, 0xff, 0xc0, 0xff, 0xbd, 0xff, 0xc0, 0xff, 0xbe, 0xff, 0xc1, 0xff, 0xc0, 0xff, 0xc1, 0xff, 0xc1, 0xfe, 0xc1, 0xff, 0xbe, 0xfd, 0xbf, 0xff, 0xc0, 0xfd, 0xc1, 0xff, 0xc2, 0xfb, 0xc3, 0xff, 0xbc, 0xfa, 0xc4, 0xff, 0xb6, 0xff, 0xca, 0xff, 0x95, 0xf1, 0xd5, 0xff, 0x62, 0xd1, 0xeb, 0xff, 0x54, 0xcd, 0xff, 0xff, 0x52, 0xca, 0xff, 0xff, 0x63, 0xd0, 0xef, 0xff, 0x92, 0xeb, 0xd7, 0xff, 0xb1, 0xf9, 0xca, 0xff, 0xbe, 0xfa, 0xc9, 0xff, 0xc5, 0xfd, 0xc8, 0xff, 0xc0, 0xfd, 0xc0, 0xff, 0xc0, 0xff, 0xbd, 0xff, 0xc3, 0xff, 0xbc, 0xff, 0xc3, 0xff, 0xbb, 0xff, 0xc0, 0xff, 0xbb, 0xff, 0xbd, 0xff, 0xbc, 0xff, 0xbb, 0xff, 0xbd, 0xff, 0xbb, 0xff, 0xbe, 0xff, 0xbb, 0xff, 0xbf, 0xff, 0xbd, 0xff, 0xc0, 0xff, 0xbe, 0xfc, 0xc0, 0xff, 0xc3, 0xfd, 0xc2, 0xff, 0xc6, 0xfe, 0xc3, 0xff, 0xc7, 0xfe, 0xc2, 0xff, 0xc4, 0xfd, 0xbf, 0xff, 0xc2, 0xfd, 0xbc, 0xff, 0xc1, 0xfe, 0xba, 0xff, 0xc3, 0xff, 0xba, 0xff, 0xc6, 0xff, 0xba, 0xff, 0xc6, 0xff, 0xba, 0xff, 0xc3, 0xfe, 0xbd, 0xff, 0xc0, 0xfe, 0xbf, 0xff, 0xbe, 0xfe, 0xc2, 0xff, 0xbc, 0xfe, 0xc4, 0xff, 0xbb, 0xff, 0xc5, 0xff, 0xbb, 0xff, 0xc5, 0xff, 0xbb, 0xff, 0xc3, 0xff, 0xbd, 0xff, 0xc2, 0xff, 0xbf, 0xff, 0xc1, 0xff, 0xc1, 0xff, 0xc0, 0xff, 0xc2, 0xff, 0xc0, 0xff, 0xc3, 0xff, 0xbf, 0xff, 0xc3, 0xff, 0xc0, 0xff, 0xc3, 0xff, 0xc0, 0xff, 
  0xba, 0xff, 0xc1, 0xff, 0xbb, 0xff, 0xc1, 0xff, 0xbe, 0xff, 0xc0, 0xff, 0xc0, 0xff, 0xbf, 0xff, 0xc3, 0xff, 0xbe, 0xff, 0xc5, 0xff, 0xbf, 0xff, 0xc5, 0xfe, 0xc0, 0xff, 0xc3, 0xfe, 0xc1, 0xff, 0xbf, 0xfb, 0xc1, 0xff, 0xc1, 0xfe, 0xc5, 0xff, 0xc1, 0xff, 0xc5, 0xff, 0xbe, 0xfd, 0xc1, 0xff, 0xbf, 0xff, 0xbe, 0xff, 0xc3, 0xff, 0xbc, 0xff, 0xc7, 0xff, 0xba, 0xff, 0xc5, 0xff, 0xb7, 0xff, 0xc4, 0xff, 0xb7, 0xff, 0xc5, 0xff, 0xbb, 0xff, 0xc5, 0xff, 0xbd, 0xff, 0xc2, 0xfd, 0xbd, 0xff, 0xc4, 0xfc, 0xc0, 0xff, 0xc8, 0xff, 0xc6, 0xff, 0xc6, 0xfe, 0xc6, 0xff, 0xc0, 0xfb, 0xc1, 0xff, 0xbf, 0xfe, 0xc1, 0xff, 0xbd, 0xff, 0xc0, 0xff, 0xbc, 0xff, 0xbf, 0xff, 0xbc, 0xff, 0xbf, 0xff, 0xbe, 0xff, 0xc0, 0xff, 0xbf, 0xff, 0xc1, 0xff, 0xc1, 0xfe, 0xc2, 0xff, 0xc2, 0xfe, 0xc2, 0xff, 0xc2, 0xff, 0xc0, 0xff, 0xc3, 0xff, 0xc2, 0xff, 0xc0, 0xfa, 0xc4, 0xff, 0xba, 0xf9, 0xc5, 0xff, 0xb4, 0xff, 0xc9, 0xff, 0x97, 0xf1, 0xd3, 0xff, 0x67, 0xd3, 0xe8, 0xff, 0x5e, 0xd2, 0xff, 0xff, 0x5a, 0xcd, 0xff, 0xff, 0x69, 0xd3, 0xed, 0xff, 0x94, 0xec, 0xd5, 0xff, 0xae, 0xf7, 0xc8, 0xff, 0xbb, 0xf8, 0xc9, 0xff, 0xc5, 0xfe, 0xca, 0xff, 0xc2, 0xfe, 0xc1, 0xff, 0xc2, 0xff, 0xbd, 0xff, 0xc2, 0xff, 0xbc, 0xff, 0xc1, 0xff, 0xbb, 0xff, 0xbf, 0xff, 0xbb, 0xff, 0xbd, 0xff, 0xba, 0xff, 0xbc, 0xff, 0xba, 0xff, 0xbc, 0xff, 0xbc, 0xff, 0xbd, 0xff, 0xbd, 0xff, 0xbf, 0xff, 0xc0, 0xff, 0xc0, 0xfd, 0xc1, 0xff, 0xc3, 0xfd, 0xc4, 0xff, 0xc6, 0xfd, 0xc5, 0xff, 0xc7, 0xfd, 0xc4, 0xff, 0xc6, 0xfd, 0xc1, 0xff, 0xc4, 0xfe, 0xbe, 0xff, 0xc4, 0xff, 0xbc, 0xff, 0xc8, 0xff, 0xbc, 0xff, 0xc8, 0xff, 0xb5, 0xff, 0xcb, 0xff, 0xb9, 0xff, 0xc8, 0xff, 0xbd, 0xff, 0xc4, 0xff, 0xc1, 0xff, 0xbf, 0xff, 0xc3, 0xff, 0xbb, 0xfe, 0xc3, 0xff, 0xba, 0xfe, 0xc4, 0xff, 0xba, 0xfd, 0xc2, 0xff, 0xbd, 0xff, 0xc1, 0xff, 0xbf, 0xff, 0xc0, 0xff, 0xc1, 0xff, 0xbf, 0xff, 0xc2, 0xff, 0xbe, 0xff, 0xc3, 0xff, 0xbf, 0xff, 0xc2, 0xff, 0xc0, 0xff, 0xc0, 0xfe, 0xc1, 0xff, 0xc0, 0xfe, 0xc1, 0xff, 
  0xbb, 0xfe, 0xc4, 0xff, 0xbd, 0xfe, 0xc3, 0xff, 0xbf, 0xff, 0xc1, 0xff, 0xc2, 0xff, 0xbf, 0xff, 0xc4, 0xff, 0xbd, 0xff, 0xc5, 0xff, 0xbc, 0xff, 0xc4, 0xff, 0xbd, 0xff, 0xc2, 0xff, 0xbf, 0xff, 0xbf, 0xfe, 0xc1, 0xff, 0xbd, 0xfe, 0xc3, 0xff, 0xbc, 0xfe, 0xc3, 0xff, 0xbd, 0xff, 0xc2, 0xff, 0xbf, 0xff, 0xc0, 0xff, 0xc2, 0xff, 0xbd, 0xff, 0xc6, 0xff, 0xba, 0xff, 0xc6, 0xff, 0xb9, 0xff, 0xc3, 0xff, 0xbb, 0xff, 0xc2, 0xff, 0xbd, 0xff, 0xc2, 0xff, 0xbf, 0xff, 0xc2, 0xfe, 0xc1, 0xff, 0xc3, 0xfd, 0xc3, 0xff, 0xc2, 0xfd, 0xc4, 0xff, 0xc0, 0xfd, 0xc3, 0xff, 0xbf, 0xfe, 0xc1, 0xff, 0xbd, 0xff, 0xbf, 0xff, 0xbc, 0xff, 0xbd, 0xff, 0xbc, 0xff, 0xbc, 0xff, 0xbd, 0xff, 0xbd, 0xff, 0xbe, 0xff, 0xbf, 0xff, 0xc0, 0xfe, 0xc2, 0xff, 0xc2, 0xfd, 0xc4, 0xff, 0xc3, 0xfd, 0xc3, 0xff, 0xc1, 0xfd, 0xbe, 0xff, 0xc2, 0xfe, 0xc1, 0xff, 0xc0, 0xfb, 0xc5, 0xff, 0xb9, 0xf9, 0xc5, 0xff, 0xb4, 0xff, 0xc9, 0xff, 0x98, 0xf2, 0xd2, 0xff, 0x69, 0xd3, 0xe4, 0xff, 0x5e, 0xcf, 0xfa, 0xff, 0x5e, 0xce, 0xfb, 0xff, 0x66, 0xce, 0xe5, 0xff, 0x95, 0xec, 0xd4, 0xff, 0xb3, 0xfd, 0xcd, 0xff, 0xba, 0xf8, 0xca, 0xff, 0xc1, 0xfb, 0xc8, 0xff, 0xc3, 0xff, 0xc1, 0xff, 0xc1, 0xff, 0xbc, 0xff, 0xc0, 0xff, 0xbf, 0xff, 0xbf, 0xff, 0xbf, 0xff, 0xbe, 0xff, 0xbd, 0xff, 0xbe, 0xff, 0xbb, 0xff, 0xbe, 0xff, 0xba, 0xff, 0xbf, 0xff, 0xbb, 0xff, 0xc1, 0xff, 0xbc, 0xff, 0xc2, 0xff, 0xbf, 0xff, 0xc3, 0xfd, 0xc2, 0xff, 0xc4, 0xfc, 0xc4, 0xff, 0xc5, 0xfb, 0xc6, 0xff, 0xc5, 0xfb, 0xc5, 0xff, 0xc3, 0xfd, 0xc3, 0xff, 0xc2, 0xfe, 0xc1, 0xff, 0xc0, 0xff, 0xbf, 0xff, 0xc2, 0xff, 0xbc, 0xff, 0xc7, 0xff, 0xba, 0xff, 0xc8, 0xff, 0xba, 0xff, 0xc3, 0xff, 0xbd, 0xff, 0xbf, 0xff, 0xc0, 0xff, 0xbc, 0xff, 0xc2, 0xff, 0xbb, 0xfe, 0xc3, 0xff, 0xbb, 0xff, 0xc3, 0xff, 0xbd, 0xff, 0xc1, 0xff, 0xc0, 0xff, 0xbf, 0xff, 0xc2, 0xff, 0xbd, 0xff, 0xc3, 0xff, 0xbc, 0xff, 0xc4, 0xff, 0xbd, 0xff, 0xc2, 0xff, 0xbf, 0xff, 0xc0, 0xfe, 0xc1, 0xff, 0xbe, 0xfe, 0xc3, 0xff, 0xbc, 0xfe, 0xc4, 0xff, 
  0xbd, 0xfd, 0xc5, 0xff, 0xbe, 0xfd, 0xc4, 0xff, 0xc1, 0xfe, 0xc2, 0xff, 0xc3, 0xff, 0xbf, 0xff, 0xc4, 0xff, 0xbd, 0xff, 0xc4, 0xff, 0xbb, 0xff, 0xc3, 0xff, 0xbc, 0xff, 0xc1, 0xff, 0xbd, 0xff, 0xbd, 0xff, 0xc0, 0xff, 0xbb, 0xff, 0xc2, 0xff, 0xba, 0xff, 0xc3, 0xff, 0xbb, 0xff, 0xc2, 0xff, 0xbe, 0xff, 0xc1, 0xff, 0xc1, 0xff, 0xbf, 0xff, 0xc5, 0xff, 0xbd, 0xff, 0xc5, 0xff, 0xbd, 0xff, 0xc2, 0xff, 0xbf, 0xff, 0xc0, 0xff, 0xc1, 0xff, 0xc0, 0xfe, 0xc2, 0xff, 0xc0, 0xfd, 0xc3, 0xff, 0xc0, 0xfd, 0xc4, 0xff, 0xbf, 0xfd, 0xc4, 0xff, 0xbe, 0xfe, 0xc2, 0xff, 0xbd, 0xff, 0xc0, 0xff, 0xbc, 0xff, 0xbd, 0xff, 0xbc, 0xff, 0xbc, 0xff, 0xbd, 0xff, 0xbb, 0xff, 0xbe, 0xff, 0xbc, 0xff, 0xbf, 0xff, 0xbf, 0xff, 0xc1, 0xfe, 0xc2, 0xff, 0xc2, 0xfc, 0xc5, 0xff, 0xc3, 0xfc, 0xc4, 0xff, 0xc1, 0xfd, 0xc0, 0xff, 0xc2, 0xff, 0xc2, 0xff, 0xc0, 0xfb, 0xc4, 0xff, 0xb8, 0xf8, 0xc3, 0xff, 0xb4, 0xff, 0xc7, 0xff, 0x9a, 0xf3, 0xd2, 0xff, 0x6c, 0xd6, 0xe4, 0xff, 0x5f, 0xd1, 0xf9, 0xff, 0x5f, 0xd0, 0xfa, 0xff, 0x69, 0xd1, 0xe5, 0xff, 0x97, 0xed, 0xd4, 0xff, 0xb4, 0xfd, 0xcc, 0xff, 0xb9, 0xf7, 0xc8, 0xff, 0xc1, 0xfb, 0xc7, 0xff, 0xc2, 0xff, 0xc2, 0xff, 0xc1, 0xff, 0xbf, 0xff, 0xbe, 0xfe, 0xc3, 0xff, 0xbd, 0xfe, 0xc3, 0xff, 0xbe, 0xff, 0xc0, 0xff, 0xbf, 0xff, 0xbe, 0xff, 0xc0, 0xff, 0xbc, 0xff, 0xc1, 0xff, 0xbc, 0xff, 0xc3, 0xff, 0xbc, 0xff, 0xc4, 0xff, 0xbe, 0xff, 0xc5, 0xfe, 0xc1, 0xff, 0xc5, 0xfc, 0xc3, 0xff, 0xc4, 0xfc, 0xc5, 0xff, 0xc3, 0xfc, 0xc5, 0xff, 0xc1, 0xfd, 0xc3, 0xff, 0xbf, 0xfe, 0xc2, 0xff, 0xbd, 0xff, 0xc0, 0xff, 0xbf, 0xff, 0xbe, 0xff, 0xc3, 0xff, 0xbd, 0xff, 0xc4, 0xff, 0xbd, 0xff, 0xc0, 0xff, 0xbf, 0xff, 0xbe, 0xff, 0xc1, 0xff, 0xbc, 0xff, 0xc2, 0xff, 0xbc, 0xfe, 0xc3, 0xff, 0xbd, 0xff, 0xc2, 0xff, 0xbf, 0xff, 0xc0, 0xff, 0xc2, 0xff, 0xbd, 0xff, 0xc4, 0xff, 0xbc, 0xff, 0xc5, 0xff, 0xbb, 0xff, 0xc4, 0xff, 0xbd, 0xff, 0xc2, 0xff, 0xbf, 0xff, 0xbf, 0xfe, 0xc2, 0xff, 0xbc, 0xfe, 0xc4, 0xff, 0xba, 0xfe, 0xc5, 0xff, 
  0xbf, 0xfc, 0xc6, 0xff, 0xc0, 0xfd, 0xc4, 0xff, 0xc2, 0xfe, 0xc2, 0xff, 0xc3, 0xff, 0xbf, 0xff, 0xc3, 0xff, 0xbd, 0xff, 0xc3, 0xff, 0xbc, 0xff, 0xc1, 0xff, 0xbb, 0xff, 0xbf, 0xff, 0xbc, 0xff, 0xbc, 0xff, 0xbf, 0xff, 0xba, 0xff, 0xc1, 0xff, 0xba, 0xff, 0xc2, 0xff, 0xba, 0xff, 0xc3, 0xff, 0xbc, 0xfe, 0xc2, 0xff, 0xbf, 0xfe, 0xc2, 0xff, 0xc2, 0xfe, 0xc1, 0xff, 0xc2, 0xfe, 0xc2, 0xff, 0xc0, 0xfd, 0xc3, 0xff, 0xbf, 0xfd, 0xc4, 0xff, 0xbe, 0xfd, 0xc5, 0xff, 0xbe, 0xfd, 0xc5, 0xff, 0xbe, 0xfd, 0xc4, 0xff, 0xbd, 0xfe, 0xc3, 0xff, 0xbc, 0xff, 0xc1, 0xff, 0xbc, 0xff, 0xbf, 0xff, 0xbc, 0xff, 0xbc, 0xff, 0xbd, 0xff, 0xbb, 0xff, 0xbe, 0xff, 0xbb, 0xff, 0xbf, 0xff, 0xbc, 0xff, 0xc0, 0xff, 0xbf, 0xff, 0xc2, 0xfe, 0xc2, 0xff, 0xc3, 0xfc, 0xc5, 0xff, 0xc2, 0xfc, 0xc5, 0xff, 0xc0, 0xfd, 0xc3, 0xff, 0xc0, 0xfe, 0xc3, 0xff, 0xc0, 0xfc, 0xc3, 0xff, 0xba, 0xfa, 0xc2, 0xff, 0xb5, 0xff, 0xc7, 0xff, 0x9a, 0xf3, 0xd2, 0xff, 0x6b, 0xd6, 0xe4, 0xff, 0x5c, 0xd0, 0xf6, 0xff, 0x5c, 0xcf, 0xf8, 0xff, 0x69, 0xd2, 0xe5, 0xff, 0x98, 0xef, 0xd5, 0xff, 0xb5, 0xfd, 0xcc, 0xff, 0xbb, 0xf9, 0xc7, 0xff, 0xc1, 0xfc, 0xc5, 0xff, 0xc0, 0xfe, 0xc1, 0xff, 0xbf, 0xff, 0xc3, 0xff, 0xbc, 0xfc, 0xc8, 0xff, 0xbc, 0xfb, 0xc9, 0xff, 0xbd, 0xfc, 0xc6, 0xff, 0xbf, 0xfe, 0xc3, 0xff, 0xc1, 0xff, 0xc0, 0xff, 0xc3, 0xff, 0xbe, 0xff, 0xc4, 0xff, 0xbe, 0xff, 0xc5, 0xff, 0xbe, 0xff, 0xc5, 0xfe, 0xbf, 0xff, 0xc4, 0xfe, 0xc1, 0xff, 0xc2, 0xfd, 0xc2, 0xff, 0xc0, 0xfe, 0xc3, 0xff, 0xbd, 0xff, 0xc2, 0xff, 0xbc, 0xff, 0xc1, 0xff, 0xbb, 0xff, 0xc0, 0xff, 0xbb, 0xff, 0xbf, 0xff, 0xbe, 0xff, 0xc0, 0xff, 0xbe, 0xff, 0xc1, 0xff, 0xbd, 0xff, 0xc2, 0xff, 0xbc, 0xff, 0xc2, 0xff, 0xbc, 0xfe, 0xc3, 0xff, 0xbd, 0xfe, 0xc2, 0xff, 0xbf, 0xff, 0xc1, 0xff, 0xc1, 0xff, 0xbf, 0xff, 0xc3, 0xff, 0xbc, 0xff, 0xc5, 0xff, 0xbb, 0xff, 0xc5, 0xff, 0xbc, 0xff, 0xc4, 0xff, 0xbd, 0xff, 0xc1, 0xff, 0xbf, 0xff, 0xbe, 0xfe, 0xc2, 0xff, 0xbb, 0xfe, 0xc4, 0xff, 0xb9, 0xfd, 0xc6, 0xff, 
  0xc1, 0xfc, 0xc5, 0xff, 0xc1, 0xfd, 0xc4, 0xff, 0xc2, 0xfe, 0xc2, 0xff, 0xc3, 0xff, 0xc0, 0xff, 0xc2, 0xff, 0xbe, 0xff, 0xc1, 0xff, 0xbd, 0xff, 0xc0, 0xff, 0xbd, 0xff, 0xbe, 0xff, 0xbd, 0xff, 0xbd, 0xff, 0xbe, 0xff, 0xbb, 0xff, 0xc0, 0xff, 0xbb, 0xff, 0xc2, 0xff, 0xbb, 0xff, 0xc3, 0xff, 0xbc, 0xfe, 0xc3, 0xff, 0xbe, 0xfe, 0xc3, 0xff, 0xbf, 0xfd, 0xc3, 0xff, 0xc0, 0xfd, 0xc4, 0xff, 0xbf, 0xfd, 0xc5, 0xff, 0xbe, 0xfd, 0xc5, 0xff, 0xbd, 0xfd, 0xc5, 0xff, 0xbd, 0xfd, 0xc4, 0xff, 0xbc, 0xfe, 0xc3, 0xff, 0xbc, 0xff, 0xc1, 0xff, 0xbc, 0xff, 0xc0, 0xff, 0xbc, 0xff, 0xbe, 0xff, 0xbd, 0xff, 0xbd, 0xff, 0xbe, 0xff, 0xbc, 0xff, 0xbf, 0xff, 0xbc, 0xff, 0xc0, 0xff, 0xbd, 0xff, 0xc1, 0xff, 0xbf, 0xff, 0xc2, 0xfe, 0xc1, 0xff, 0xc2, 0xfd, 0xc3, 0xff, 0xc1, 0xfd, 0xc4, 0xff, 0xbe, 0xfc, 0xc3, 0xff, 0xbe, 0xfd, 0xc2, 0xff, 0xc0, 0xfe, 0xc2, 0xff, 0xbc, 0xfd, 0xc2, 0xff, 0xb8, 0xff, 0xc6, 0xff, 0x9f, 0xf5, 0xd0, 0xff, 0x72, 0xd9, 0xdf, 0xff, 0x60, 0xcf, 0xeb, 0xff, 0x60, 0xcf, 0xed, 0xff, 0x70, 0xd5, 0xe0, 0xff, 0x9d, 0xf0, 0xd3, 0xff, 0xb7, 0xfd, 0xca, 0xff, 0xbd, 0xfc, 0xc6, 0xff, 0xc1, 0xfe, 0xc5, 0xff, 0xbe, 0xfd, 0xc1, 0xff, 0xbd, 0xfe, 0xc3, 0xff, 0xbc, 0xfb, 0xc9, 0xff, 0xbc, 0xfa, 0xca, 0xff, 0xbe, 0xfb, 0xc8, 0xff, 0xbf, 0xfc, 0xc6, 0xff, 0xc2, 0xfd, 0xc3, 0xff, 0xc3, 0xfe, 0xc0, 0xff, 0xc4, 0xff, 0xbf, 0xff, 0xc4, 0xff, 0xbf, 0xff, 0xc3, 0xff, 0xbf, 0xff, 0xc2, 0xff, 0xbf, 0xff, 0xc0, 0xff, 0xc0, 0xff, 0xbe, 0xff, 0xc0, 0xff, 0xbc, 0xff, 0xc0, 0xff, 0xbb, 0xff, 0xc0, 0xff, 0xbb, 0xff, 0xbf, 0xff, 0xbb, 0xff, 0xc0, 0xff, 0xbb, 0xff, 0xc3, 0xff, 0xbc, 0xfe, 0xc3, 0xff, 0xbb, 0xfe, 0xc3, 0xff, 0xbc, 0xfe, 0xc3, 0xff, 0xbd, 0xfe, 0xc3, 0xff, 0xbf, 0xfe, 0xc2, 0xff, 0xc1, 0xff, 0xc0, 0xff, 0xc2, 0xff, 0xbe, 0xff, 0xc4, 0xff, 0xbd, 0xff, 0xc4, 0xff, 0xbd, 0xff, 0xc4, 0xff, 0xbd, 0xff, 0xc3, 0xff, 0xbe, 0xff, 0xc0, 0xff, 0xc0, 0xff, 0xbe, 0xfe, 0xc2, 0xff, 0xbb, 0xfe, 0xc4, 0xff, 0xba, 0xfe, 0xc5, 0xff, 
  0xc2, 0xfd, 0xc3, 0xff, 0xc2, 0xfd, 0xc3, 0xff, 0xc2, 0xfe, 0xc2, 0xff, 0xc1, 0xfe, 0xc1, 0xff, 0xc0, 0xff, 0xc0, 0xff, 0xbf, 0xff, 0xbf, 0xff, 0xbf, 0xff, 0xbf, 0xff, 0xbe, 0xff, 0xbf, 0xff, 0xbe, 0xff, 0xbf, 0xff, 0xbe, 0xff, 0xc0, 0xff, 0xbe, 0xff, 0xc1, 0xff, 0xbe, 0xff, 0xc1, 0xff, 0xbe, 0xfe, 0xc2, 0xff, 0xbe, 0xfe, 0xc3, 0xff, 0xbe, 0xfe, 0xc4, 0xff, 0xbe, 0xfd, 0xc4, 0xff, 0xbf, 0xfd, 0xc4, 0xff, 0xbf, 0xfd, 0xc4, 0xff, 0xbe, 0xfe, 0xc3, 0xff, 0xbd, 0xfe, 0xc2, 0xff, 0xbd, 0xff, 0xc1, 0xff, 0xbc, 0xff, 0xc0, 0xff, 0xbd, 0xff, 0xbf, 0xff, 0xbe, 0xff, 0xbf, 0xff, 0xbe, 0xff, 0xbf, 0xff, 0xbf, 0xff, 0xbf, 0xff, 0xc0, 0xff, 0xbf, 0xff, 0xc1, 0xff, 0xbf, 0xff, 0xc1, 0xff, 0xc0, 0xff, 0xc1, 0xfe, 0xc1, 0xff, 0xc1, 0xfe, 0xc1, 0xff, 0xc0, 0xfe, 0xc1, 0xff, 0xc0, 0xff, 0xc4, 0xff, 0xbe, 0xfd, 0xc1, 0xff, 0xc0, 0xff, 0xc1, 0xff, 0xbd, 0xfe, 0xc0, 0xff, 0xba, 0xff, 0xc1, 0xff, 0xaa, 0xf9, 0xcd, 0xff, 0x86, 0xe4, 0xd9, 0xff, 0x77, 0xdb, 0xe3, 0xff, 0x78, 0xdb, 0xe5, 0xff, 0x85, 0xe1, 0xdc, 0xff, 0xa8, 0xf5, 0xd0, 0xff, 0xba, 0xfd, 0xc6, 0xff, 0xbe, 0xfd, 0xc4, 0xff, 0xc1, 0xff, 0xc3, 0xff, 0xbe, 0xfe, 0xc0, 0xff, 0xbf, 0xff, 0xc3, 0xff, 0xbd, 0xfc, 0xc6, 0xff, 0xbe, 0xfc, 0xc7, 0xff, 0xbf, 0xfc, 0xc7, 0xff, 0xc0, 0xfc, 0xc5, 0xff, 0xc1, 0xfd, 0xc4, 0xff, 0xc2, 0xfe, 0xc2, 0xff, 0xc2, 0xfe, 0xc0, 0xff, 0xc2, 0xff, 0xbf, 0xff, 0xc0, 0xff, 0xbf, 0xff, 0xbf, 0xff, 0xbe, 0xff, 0xbe, 0xff, 0xbe, 0xff, 0xbd, 0xff, 0xbe, 0xff, 0xbd, 0xff, 0xbe, 0xff, 0xbd, 0xff, 0xbf, 0xff, 0xbe, 0xff, 0xc0, 0xff, 0xbd, 0xff, 0xc1, 0xff, 0xbc, 0xfe, 0xc3, 0xff, 0xbb, 0xfe, 0xc4, 0xff, 0xbd, 0xfe, 0xc3, 0xff, 0xbe, 0xfe, 0xc2, 0xff, 0xbf, 0xfe, 0xc1, 0xff, 0xc1, 0xfe, 0xc1, 0xff, 0xc2, 0xff, 0xc0, 0xff, 0xc3, 0xff, 0xbf, 0xff, 0xc2, 0xff, 0xbf, 0xff, 0xc2, 0xff, 0xbf, 0xff, 0xc1, 0xff, 0xbf, 0xff, 0xc0, 0xff, 0xc0, 0xff, 0xbf, 0xff, 0xc1, 0xff, 0xbe, 0xfe, 0xc2, 0xff, 0xbd, 0xfe, 0xc3, 0xff, 0xbd, 0xfe, 0xc3, 0xff, 
  0xc3, 0xfe, 0xc0, 0xff, 0xc3, 0xfe, 0xc1, 0xff, 0xc1, 0xfe, 0xc1, 0xff, 0xc0, 0xfe, 0xc2, 0xff, 0xbe, 0xfe, 0xc2, 0xff, 0xbd, 0xff, 0xc2, 0xff, 0xbe, 0xff, 0xc2, 0xff, 0xbf, 0xff, 0xc1, 0xff, 0xc0, 0xff, 0xc0, 0xff, 0xc1, 0xff, 0xbf, 0xff, 0xc1, 0xff, 0xc0, 0xff, 0xc1, 0xff, 0xc0, 0xff, 0xbf, 0xff, 0xc1, 0xff, 0xbe, 0xff, 0xc2, 0xff, 0xbd, 0xfe, 0xc3, 0xff, 0xbd, 0xfe, 0xc3, 0xff, 0xbf, 0xfe, 0xc2, 0xff, 0xc0, 0xfe, 0xc1, 0xff, 0xbf, 0xff, 0xc0, 0xff, 0xbe, 0xff, 0xc0, 0xff, 0xbe, 0xff, 0xbf, 0xff, 0xbe, 0xff, 0xbf, 0xff, 0xbe, 0xff, 0xbf, 0xff, 0xbf, 0xff, 0xc0, 0xff, 0xc0, 0xfe, 0xc1, 0xff, 0xc1, 0xfe, 0xc2, 0xff, 0xc2, 0xfe, 0xc2, 0xff, 0xc2, 0xfe, 0xc1, 0xff, 0xc1, 0xfe, 0xc1, 0xff, 0xc0, 0xff, 0xbf, 0xff, 0xbf, 0xff, 0xbe, 0xff, 0xbf, 0xff, 0xbf, 0xff, 0xc2, 0xff, 0xc4, 0xff, 0xbe, 0xfe, 0xc0, 0xff, 0xbe, 0xff, 0xc0, 0xff, 0xbb, 0xfd, 0xbc, 0xff, 0xbb, 0xfe, 0xbd, 0xff, 0xb6, 0xfe, 0xc9, 0xff, 0xa2, 0xf3, 0xd6, 0xff, 0x99, 0xee, 0xdd, 0xff, 0x9a, 0xee, 0xe0, 0xff, 0xa1, 0xf0, 0xd8, 0xff, 0xb5, 0xfb, 0xcd, 0xff, 0xbb, 0xfc, 0xc2, 0xff, 0xbd, 0xfd, 0xc1, 0xff, 0xbf, 0xff, 0xc2, 0xff, 0xbe, 0xfe, 0xbf, 0xff, 0xc2, 0xff, 0xc3, 0xff, 0xbf, 0xff, 0xc1, 0xff, 0xbf, 0xfe, 0xc2, 0xff, 0xc0, 0xfe, 0xc3, 0xff, 0xc0, 0xfd, 0xc3, 0xff, 0xc1, 0xfd, 0xc3, 0xff, 0xc1, 0xfe, 0xc2, 0xff, 0xc0, 0xfe, 0xc1, 0xff, 0xbf, 0xff, 0xc0, 0xff, 0xbd, 0xff, 0xbf, 0xff, 0xbd, 0xff, 0xbe, 0xff, 0xbc, 0xff, 0xbd, 0xff, 0xbd, 0xff, 0xbd, 0xff, 0xbf, 0xff, 0xbe, 0xff, 0xc0, 0xff, 0xbf, 0xff, 0xc2, 0xfe, 0xc0, 0xff, 0xc1, 0xfe, 0xc2, 0xff, 0xbe, 0xfe, 0xc3, 0xff, 0xbd, 0xfe, 0xc3, 0xff, 0xbf, 0xfe, 0xc2, 0xff, 0xc0, 0xff, 0xc1, 0xff, 0xc2, 0xff, 0xc0, 0xff, 0xc3, 0xff, 0xc0, 0xff, 0xc3, 0xff, 0xbf, 0xff, 0xc2, 0xff, 0xc0, 0xff, 0xc0, 0xfe, 0xc1, 0xff, 0xbf, 0xfe, 0xc2, 0xff, 0xbe, 0xfe, 0xc2, 0xff, 0xbe, 0xfe, 0xc2, 0xff, 0xbe, 0xfe, 0xc2, 0xff, 0xbe, 0xff, 0xc1, 0xff, 0xbf, 0xff, 0xc1, 0xff, 0xc0, 0xff, 0xc0, 0xff, 
  0xc3, 0xff, 0xbe, 0xff, 0xc2, 0xff, 0xbf, 0xff, 0xc0, 0xff, 0xc1, 0xff, 0xbe, 0xfe, 0xc3, 0xff, 0xbc, 0xfe, 0xc4, 0xff, 0xbc, 0xfe, 0xc4, 0xff, 0xbd, 0xfe, 0xc4, 0xff, 0xbf, 0xfe, 0xc3, 0xff, 0xc2, 0xfe, 0xc1, 0xff, 0xc4, 0xfe, 0xc0, 0xff, 0xc5, 0xff, 0xbf, 0xff, 0xc4, 0xff, 0xbf, 0xff, 0xc2, 0xff, 0xbf, 0xff, 0xbf, 0xff, 0xc0, 0xff, 0xbd, 0xff, 0xc2, 0xff, 0xbe, 0xff, 0xc1, 0xff, 0xc1, 0xff, 0xbf, 0xff, 0xc2, 0xff, 0xbe, 0xff, 0xc1, 0xff, 0xbd, 0xff, 0xc0, 0xff, 0xbd, 0xff, 0xbf, 0xff, 0xbd, 0xff, 0xbf, 0xff, 0xbe, 0xff, 0xc0, 0xff, 0xbf, 0xff, 0xc1, 0xfe, 0xc1, 0xff, 0xc2, 0xfd, 0xc4, 0xff, 0xc2, 0xfc, 0xc5, 0xff, 0xc3, 0xfc, 0xc5, 0xff, 0xc2, 0xfd, 0xc3, 0xff, 0xc1, 0xfe, 0xc1, 0xff, 0xbf, 0xff, 0xbe, 0xff, 0xbe, 0xff, 0xbb, 0xff, 0xbf, 0xff, 0xbb, 0xff, 0xc4, 0xff, 0xc0, 0xff, 0xbf, 0xfd, 0xbd, 0xff, 0xbe, 0xff, 0xc0, 0xff, 0xba, 0xff, 0xbc, 0xff, 0xbd, 0xfe, 0xb9, 0xff, 0xc3, 0xff, 0xc3, 0xff, 0xbc, 0xfd, 0xc9, 0xff, 0xb7, 0xf9, 0xcc, 0xff, 0xb9, 0xfa, 0xd0, 0xff, 0xbb, 0xfa, 0xcc, 0xff, 0xc1, 0xfe, 0xc5, 0xff, 0xbe, 0xfc, 0xbf, 0xff, 0xbc, 0xff, 0xc2, 0xff, 0xbf, 0xff, 0xc3, 0xff, 0xbf, 0xfe, 0xbd, 0xff, 0xc5, 0xff, 0xbe, 0xff, 0xc1, 0xff, 0xba, 0xff, 0xc1, 0xff, 0xba, 0xff, 0xc1, 0xff, 0xbc, 0xff, 0xc1, 0xff, 0xbf, 0xff, 0xc0, 0xff, 0xc0, 0xff, 0xbf, 0xfe, 0xc1, 0xff, 0xbd, 0xff, 0xc1, 0xff, 0xbc, 0xff, 0xc1, 0xff, 0xbb, 0xff, 0xbf, 0xff, 0xbb, 0xff, 0xbe, 0xff, 0xbc, 0xff, 0xbe, 0xff, 0xbe, 0xff, 0xbe, 0xff, 0xc0, 0xff, 0xbf, 0xff, 0xc3, 0xfe, 0xc0, 0xff, 0xc6, 0xfd, 0xc2, 0xff, 0xc6, 0xfd, 0xc3, 0xff, 0xc2, 0xfd, 0xc3, 0xff, 0xc1, 0xfe, 0xc2, 0xff, 0xc2, 0xff, 0xc0, 0xff, 0xc4, 0xff, 0xbf, 0xff, 0xc5, 0xff, 0xbf, 0xff, 0xc5, 0xff, 0xbf, 0xff, 0xc3, 0xff, 0xc0, 0xff, 0xc0, 0xfe, 0xc1, 0xff, 0xbe, 0xfe, 0xc3, 0xff, 0xbc, 0xfe, 0xc4, 0xff, 0xbb, 0xfe, 0xc4, 0xff, 0xbb, 0xfe, 0xc4, 0xff, 0xbd, 0xfe, 0xc3, 0xff, 0xbf, 0xff, 0xc1, 0xff, 0xc2, 0xff, 0xbf, 0xff, 0xc3, 0xff, 0xbe, 0xff, 
  0xc3, 0xff, 0xbc, 0xff, 0xc2, 0xff, 0xbe, 0xff, 0xbf, 0xff, 0xc0, 0xff, 0xbd, 0xfe, 0xc3, 0xff, 0xbb, 0xfd, 0xc5, 0xff, 0xbb, 0xfd, 0xc6, 0xff, 0xbd, 0xfd, 0xc5, 0xff, 0xc0, 0xfd, 0xc4, 0xff, 0xc3, 0xfe, 0xc1, 0xff, 0xc5, 0xfe, 0xc0, 0xff, 0xc6, 0xff, 0xbe, 0xff, 0xc5, 0xff, 0xbe, 0xff, 0xc3, 0xff, 0xbe, 0xff, 0xc0, 0xff, 0xbf, 0xff, 0xbe, 0xff, 0xc1, 0xff, 0xbe, 0xff, 0xc0, 0xff, 0xc1, 0xff, 0xbe, 0xff, 0xc3, 0xff, 0xbc, 0xff, 0xc2, 0xff, 0xbb, 0xff, 0xc1, 0xff, 0xbb, 0xff, 0xc0, 0xff, 0xbc, 0xff, 0xc0, 0xff, 0xbd, 0xff, 0xc1, 0xff, 0xbf, 0xff, 0xc2, 0xfe, 0xc2, 0xff, 0xc3, 0xfc, 0xc5, 0xff, 0xc3, 0xfb, 0xc6, 0xff, 0xc3, 0xfb, 0xc6, 0xff, 0xc2, 0xfc, 0xc4, 0xff, 0xc1, 0xfe, 0xc1, 0xff, 0xbf, 0xff, 0xbd, 0xff, 0xbd, 0xff, 0xba, 0xff, 0xbe, 0xff, 0xba, 0xff, 0xc2, 0xff, 0xbb, 0xff, 0xbf, 0xfd, 0xbb, 0xff, 0xbf, 0xff, 0xc2, 0xff, 0xbc, 0xff, 0xbe, 0xff, 0xc0, 0xff, 0xb9, 0xff, 0xc7, 0xff, 0xbe, 0xff, 0xc5, 0xfe, 0xc0, 0xff, 0xc2, 0xfa, 0xc0, 0xff, 0xc4, 0xfb, 0xc3, 0xff, 0xc5, 0xfc, 0xc3, 0xff, 0xc6, 0xff, 0xc1, 0xff, 0xc0, 0xfd, 0xbe, 0xff, 0xbe, 0xff, 0xc3, 0xff, 0xc0, 0xff, 0xc4, 0xff, 0xbf, 0xfd, 0xbb, 0xff, 0xc3, 0xff, 0xb9, 0xff, 0xc2, 0xff, 0xb6, 0xff, 0xc1, 0xff, 0xb6, 0xff, 0xc1, 0xff, 0xb9, 0xff, 0xc1, 0xff, 0xbc, 0xff, 0xc0, 0xff, 0xbf, 0xff, 0xbe, 0xff, 0xc1, 0xff, 0xbc, 0xff, 0xc1, 0xff, 0xba, 0xff, 0xc1, 0xff, 0xb9, 0xff, 0xc0, 0xff, 0xba, 0xff, 0xbf, 0xff, 0xbb, 0xff, 0xbe, 0xff, 0xbe, 0xff, 0xbe, 0xff, 0xc1, 0xff, 0xc0, 0xff, 0xc5, 0xfd, 0xc1, 0xff, 0xc9, 0xfc, 0xc3, 0xff, 0xc8, 0xfc, 0xc3, 0xff, 0xc4, 0xfd, 0xc2, 0xff, 0xc2, 0xfe, 0xc1, 0xff, 0xc4, 0xff, 0xbf, 0xff, 0xc5, 0xff, 0xbe, 0xff, 0xc6, 0xff, 0xbe, 0xff, 0xc5, 0xff, 0xbe, 0xff, 0xc3, 0xff, 0xc0, 0xff, 0xc0, 0xfe, 0xc1, 0xff, 0xbc, 0xfe, 0xc4, 0xff, 0xba, 0xfe, 0xc5, 0xff, 0xb9, 0xfd, 0xc6, 0xff, 0xba, 0xfe, 0xc5, 0xff, 0xbd, 0xfe, 0xc3, 0xff, 0xc0, 0xff, 0xc0, 0xff, 0xc3, 0xff, 0xbe, 0xff, 0xc5, 0xff, 0xbc, 0xff, 
#endif
};

const lv_img_dsc_t icon0_1 = {
  .header.cf = LV_IMG_CF_TRUE_COLOR,
  .header.always_zero = 0,
  .header.reserved = 0,
  .header.w = 80,
  .header.h = 80,
  .data_size = 6400 * LV_COLOR_SIZE / 8,
  .data = icon0_1_map,
};

#endif