#include "TFT_Img.h"
#include "dbg_config.h"
#if(ENABLE_LVGL_USE == 0)
static const unsigned char gImage_icon11[12800] = { /* 0X00,0X10,0X50,0X00,0X50,0X00,0X01,0X1B, */
0XF8,0XC7,0XF8,0XC7,0XF8,0XC7,0XF8,0XC7,0XF8,0XC7,0XF8,0XC7,0XF8,0XC7,0XF8,0XC7,
0XF8,0XC7,0XF8,0XC7,0XF8,0XC7,0XF7,0XBF,0XF7,0XBF,0XF7,0XBF,0XF7,0XC7,0XF8,0XC7,
0XF8,0XC7,0XF8,0XC7,0XF8,0XC7,0XF8,0XC7,0XF8,0XC7,0XF7,0XC7,0XF7,0XBF,0XF7,0XBF,
0XF8,0XC7,0XF8,0XC7,0XF8,0XC7,0XF8,0XC7,0XF8,0XBF,0XF8,0XBF,0XF7,0XBF,0XF7,0XBF,
0XF8,0XBF,0XF8,0XBF,0XF7,0XC7,0XF6,0XC7,0XF7,0XBF,0XF7,0XC7,0XF7,0XBF,0XF8,0XBF,
0XD8,0XC7,0XD9,0XC7,0XBA,0XCF,0XBA,0XD7,0X9B,0XDF,0X9B,0XE7,0X9C,0XE7,0X9C,0XE7,
0X9C,0XE7,0X9C,0XE7,0X9C,0XE7,0X9B,0XDF,0XBB,0XDF,0XBA,0XD7,0XBA,0XCF,0XB9,0XCF,
0XB8,0XC7,0XF8,0XC7,0XF7,0XC7,0XF8,0XBF,0XF8,0XBF,0XF7,0XBF,0XF7,0XC7,0XF7,0XC7,
0XF7,0XCF,0XF7,0XC7,0XF7,0XC7,0XF7,0XBF,0XF7,0XBF,0XF8,0XC7,0XF8,0XC7,0XF8,0XC7,
0XF8,0XC7,0XF8,0XC7,0XF8,0XC7,0XF8,0XC7,0XF8,0XC7,0XF8,0XC7,0XF8,0XC7,0XF8,0XC7,
0XF8,0XC7,0XF8,0XC7,0XF8,0XC7,0XF8,0XC7,0XF8,0XC7,0XF8,0XC7,0XF8,0XC7,0XF8,0XC7,
0XF8,0XC7,0XF8,0XC7,0XF8,0XC7,0XF7,0XBF,0XF7,0XBF,0XF7,0XC7,0XF8,0XC7,0XF8,0XC7,
0XF8,0XC7,0XF8,0XC7,0XF8,0XC7,0XF8,0XC7,0XF8,0XC7,0XF8,0XC7,0XF7,0XC7,0XF7,0XC7,
0XF7,0XC7,0XF8,0XC7,0XF8,0XC7,0XF8,0XC7,0XF8,0XC7,0XF7,0XC7,0XF7,0XBF,0XF7,0XBF,
0XF8,0XC7,0XF8,0XC7,0XF7,0XC7,0XF7,0XC7,0XF7,0XC7,0XF7,0XC7,0XF8,0XC7,0XD8,0XC7,
0XD9,0XCF,0XDA,0XD7,0XDB,0XDF,0XBB,0XDF,0X9C,0XE7,0X9C,0XE7,0X9C,0XE7,0X9C,0XE7,
0X9C,0XE7,0X9C,0XE7,0X9C,0XE7,0X9C,0XE7,0XBB,0XDF,0XBB,0XDF,0XDB,0XD7,0XDA,0XD7,
0XDA,0XD7,0XD8,0XCF,0XF8,0XC7,0XF8,0XC7,0XF8,0XC7,0XF8,0XBF,0XF7,0XBF,0XF7,0XC7,
0XF7,0XC7,0XF7,0XC7,0XF7,0XC7,0XF7,0XBF,0XF7,0XBF,0XF8,0XC7,0XF8,0XC7,0XF8,0XC7,
0XF8,0XC7,0XF8,0XC7,0XF8,0XC7,0XF8,0XC7,0XF8,0XC7,0XF8,0XC7,0XF8,0XC7,0XF8,0XC7,
0XF8,0XC7,0XF8,0XC7,0XF8,0XC7,0XF8,0XC7,0XF8,0XC7,0XF8,0XC7,0XF8,0XC7,0XF8,0XC7,
0XF8,0XC7,0XF8,0XC7,0XF8,0XC7,0XF8,0XC7,0XF8,0XC7,0XF8,0XC7,0XF8,0XC7,0XF8,0XC7,
0XF8,0XC7,0XF8,0XC7,0XF8,0XC7,0XF8,0XC7,0XF8,0XC7,0XF8,0XC7,0XF8,0XC7,0XF7,0XC7,
0XF7,0XC7,0XF8,0XC7,0XF8,0XC7,0XF8,0XC7,0XF7,0XC7,0XF7,0XC7,0XF7,0XC7,0XF7,0XC7,
0XF7,0XC7,0XF8,0XC7,0XF8,0XC7,0XF8,0XC7,0XF8,0XC7,0XD8,0XCF,0XD9,0XCF,0XDA,0XD7,
0XBB,0XDF,0XBB,0XDF,0XBC,0XE7,0X9C,0XE7,0X9C,0XE7,0X9C,0XE7,0X9C,0XE7,0X9C,0XE7,
0X9C,0XE7,0X9C,0XE7,0X9C,0XE7,0X9C,0XE7,0X9C,0XE7,0X9B,0XE7,0XBB,0XDF,0XBB,0XDF,
0XDB,0XDF,0XDA,0XD7,0XD9,0XD7,0XD9,0XCF,0XD8,0XC7,0XF8,0XC7,0XF8,0XBF,0XF7,0XBF,
0XF7,0XBF,0XF7,0XBF,0XF7,0XC7,0XF7,0XC7,0XF7,0XC7,0XF8,0XC7,0XF8,0XC7,0XF8,0XC7,
0XF8,0XC7,0XF8,0XC7,0XF8,0XC7,0XF8,0XC7,0XF8,0XC7,0XF8,0XC7,0XF8,0XC7,0XF8,0XC7,
0XF8,0XC7,0XF8,0XC7,0XF8,0XC7,0XF8,0XC7,0XF8,0XC7,0XF8,0XC7,0XF8,0XC7,0XF8,0XC7,
0XF8,0XC7,0XF8,0XC7,0XF8,0XC7,0XF8,0XC7,0XF8,0XC7,0XF8,0XC7,0XF8,0XC7,0XF7,0XC7,
0XF7,0XBF,0XF7,0XC7,0XF7,0XC7,0XF8,0XC7,0XF8,0XC7,0XF8,0XC7,0XF8,0XC7,0XF7,0XBF,
0XF7,0XBF,0XF7,0XC7,0XF8,0XC7,0XF8,0XC7,0XF7,0XC7,0XF7,0XC7,0XF7,0XC7,0XF7,0XC7,
0XF7,0XC7,0XD8,0XC7,0XF8,0XC7,0XD9,0XC7,0XD9,0XCF,0XDA,0XD7,0XBB,0XDF,0X9B,0XE7,
0X9C,0XE7,0X9C,0XE7,0X7C,0XE7,0X7C,0XE7,0X9C,0XE7,0X9C,0XE7,0X9C,0XE7,0X9C,0XE7,
0X9D,0XE7,0X9C,0XE7,0X7C,0XE7,0X7C,0XE7,0X9C,0XE7,0X9C,0XE7,0X9C,0XE7,0X9B,0XE7,
0X9B,0XE7,0XBB,0XE7,0XBB,0XDF,0XBA,0XD7,0XD9,0XCF,0XD9,0XC7,0XF8,0XBF,0XF8,0XBF,
0XF7,0XBF,0XF7,0XBF,0XF7,0XC7,0XF7,0XC7,0XF7,0XC7,0XF8,0XC7,0XF8,0XC7,0XF8,0XC7,
0XF8,0XC7,0XF8,0XC7,0XF8,0XC7,0XF8,0XC7,0XF8,0XC7,0XF8,0XC7,0XF8,0XC7,0XF8,0XC7,
0XF8,0XC7,0XF8,0XC7,0XF8,0XC7,0XF8,0XC7,0XF8,0XC7,0XF8,0XC7,0XF8,0XC7,0XF8,0XC7,
0XF8,0XC7,0XF8,0XC7,0XF8,0XC7,0XF8,0XC7,0XF8,0XC7,0XF8,0XC7,0XF8,0XC7,0XF7,0XBF,
0XF7,0XBF,0XF7,0XBF,0XF7,0XBF,0XF7,0XC7,0XF8,0XC7,0XF8,0XC7,0XF8,0XC7,0XF7,0XBF,
0XF7,0XBF,0XF8,0XBF,0XF8,0XBF,0XF8,0XBF,0XF7,0XBF,0XF7,0XBF,0XF7,0XBF,0XF7,0XBF,
0XF7,0XC7,0XF8,0XC7,0XD9,0XC7,0XDA,0XCF,0XDB,0XD7,0XBB,0XDF,0XBC,0XE7,0X7C,0XEF,
0X7D,0XEF,0X7C,0XEF,0X7C,0XEF,0X7C,0XE7,0X9C,0XE7,0X9C,0XE7,0X9C,0XE7,0X9C,0XE7,
0X9C,0XE7,0X7C,0XE7,0X7D,0XE7,0X7C,0XE7,0X7C,0XEF,0X7C,0XEF,0X7C,0XEF,0X9C,0XEF,
0X9C,0XE7,0X9C,0XE7,0X9C,0XE7,0XBB,0XE7,0XBB,0XDF,0XD9,0XD7,0XF8,0XC7,0XF8,0XBF,
0XF8,0XBF,0XF7,0XBF,0XF7,0XC7,0XF7,0XC7,0XF7,0XC7,0XF8,0XC7,0XF8,0XC7,0XF8,0XC7,
0XF8,0XC7,0XF8,0XC7,0XF8,0XC7,0XF8,0XC7,0XF8,0XC7,0XF8,0XC7,0XF8,0XC7,0XF8,0XC7,
0XF8,0XC7,0XF8,0XC7,0XF8,0XC7,0XF8,0XC7,0XF8,0XC7,0XF8,0XC7,0XF8,0XC7,0XF8,0XC7,
0XF8,0XC7,0XF8,0XC7,0XF8,0XC7,0XF8,0XC7,0XF8,0XC7,0XF8,0XC7,0XF7,0XBF,0XF7,0XBF,
0XF7,0XBF,0XF7,0XBF,0XF7,0XBF,0XF8,0XC7,0XF8,0XC7,0XF8,0XC7,0XF8,0XC7,0XF8,0XBF,
0XF8,0XC7,0XF8,0XC7,0XF8,0XC7,0XF8,0XBF,0XF8,0XBF,0XF7,0XBF,0XF7,0XBF,0XF8,0XBF,
0XF8,0XBF,0XF8,0XC7,0XDA,0XCF,0XBB,0XDF,0XBC,0XDF,0X9C,0XE7,0X9C,0XE7,0X7C,0XE7,
0X7D,0XE7,0X7D,0XEF,0X7C,0XE7,0X9C,0XE7,0X9C,0XE7,0X9C,0XE7,0X9C,0XE7,0X9C,0XE7,
0X9C,0XE7,0X7C,0XE7,0X7C,0XE7,0X7C,0XE7,0X7C,0XEF,0X7C,0XEF,0X9C,0XE7,0X7C,0XE7,
0X7C,0XE7,0X9D,0XE7,0X9C,0XE7,0X9C,0XE7,0X9B,0XE7,0XBA,0XDF,0XDA,0XD7,0XF8,0XC7,
0XF8,0XBF,0XF8,0XBF,0XF7,0XBF,0XF7,0XC7,0XF7,0XC7,0XF8,0XC7,0XF8,0XC7,0XF8,0XC7,
0XF8,0XC7,0XF8,0XC7,0XF8,0XC7,0XF8,0XC7,0XF8,0XC7,0XF8,0XC7,0XF8,0XC7,0XF8,0XC7,
0XF8,0XC7,0XF8,0XC7,0XF8,0XC7,0XF8,0XC7,0XF8,0XC7,0XF8,0XC7,0XF8,0XC7,0XF8,0XC7,
0XF8,0XC7,0XF8,0XC7,0XF8,0XC7,0XF8,0XC7,0XF8,0XBF,0XF7,0XBF,0XF7,0XBF,0XF7,0XBF,
0XF7,0XC7,0XF7,0XBF,0XF7,0XC7,0XD8,0XC7,0XD8,0XC7,0XD9,0XCF,0XD9,0XCF,0XD9,0XCF,
0XD9,0XCF,0XD9,0XCF,0XD9,0XCF,0XD8,0XC7,0XF8,0XC7,0XF8,0XC7,0XF8,0XC7,0XF8,0XC7,
0XF8,0XC7,0XF9,0XCF,0XBA,0XDF,0X9B,0XE7,0X9C,0XE7,0X9C,0XE7,0X9C,0XE7,0X7D,0XE7,
0X7D,0XE7,0X7C,0XE7,0X9C,0XE7,0X9C,0XE7,0X9C,0XE7,0X9C,0XE7,0X9C,0XE7,0X9C,0XE7,
0X9C,0XE7,0X7C,0XE7,0X7C,0XE7,0X9C,0XE7,0X9C,0XE7,0X9C,0XE7,0X9C,0XE7,0X9C,0XE7,
0X9C,0XE7,0X9D,0XE7,0X9D,0XE7,0X7C,0XE7,0X7C,0XE7,0X9B,0XE7,0XBB,0XDF,0XD9,0XD7,
0XD9,0XC7,0XF8,0XC7,0XF8,0XBF,0XF7,0XBF,0XF7,0XC7,0XF8,0XC7,0XF8,0XC7,0XF8,0XC7,
0XF8,0XC7,0XF8,0XC7,0XF8,0XC7,0XF8,0XC7,0XF8,0XC7,0XF8,0XC7,0XF8,0XC7,0XF8,0XC7,
0XF8,0XC7,0XF8,0XC7,0XF8,0XC7,0XF8,0XC7,0XF8,0XC7,0XF8,0XC7,0XF8,0XC7,0XF8,0XC7,
0XF8,0XC7,0XF8,0XC7,0XF8,0XC7,0XF7,0XC7,0XF7,0XBF,0XF7,0XBF,0XF8,0XC7,0XF8,0XC7,
0XF8,0XC7,0XD8,0XC7,0XD8,0XCF,0XD9,0XCF,0XD9,0XCF,0XDA,0XD7,0XDA,0XD7,0XDA,0XDF,
0XBA,0XDF,0XBA,0XDF,0XBA,0XD7,0XBA,0XD7,0XD9,0XD7,0XD9,0XCF,0XB9,0XCF,0XB9,0XCF,
0XD9,0XCF,0XDA,0XD7,0X9B,0XE7,0X7B,0XEF,0X9C,0XE7,0X7C,0XE7,0X9C,0XE7,0X9C,0XE7,
0X9C,0XE7,0X9C,0XE7,0X9C,0XE7,0X9C,0XE7,0X9C,0XE7,0X9C,0XE7,0X9C,0XE7,0X9C,0XE7,
0X9C,0XE7,0X9C,0XE7,0X9C,0XE7,0X9C,0XE7,0X9C,0XE7,0X9C,0XE7,0X9C,0XE7,0X9C,0XE7,
0X9C,0XDF,0X9C,0XE7,0X9D,0XE7,0X7C,0XE7,0X7C,0XEF,0X7C,0XE7,0X9B,0XE7,0XBA,0XDF,
0XD9,0XCF,0XD8,0XC7,0XF8,0XC7,0XF8,0XBF,0XF7,0XBF,0XF8,0XC7,0XF8,0XC7,0XF8,0XC7,
0XF8,0XC7,0XF8,0XC7,0XF8,0XC7,0XF8,0XC7,0XF8,0XC7,0XF8,0XC7,0XF8,0XC7,0XF8,0XC7,
0XF8,0XC7,0XF8,0XC7,0XF8,0XC7,0XF8,0XC7,0XF8,0XC7,0XF8,0XC7,0XF8,0XC7,0XF8,0XC7,
0XF8,0XC7,0XF8,0XC7,0XF8,0XC7,0XF7,0XBF,0XF7,0XBF,0XF8,0XC7,0XF8,0XC7,0XD8,0XC7,
0XD9,0XCF,0XDA,0XD7,0XDA,0XD7,0XDB,0XDF,0XDB,0XDF,0XDB,0XDF,0XBB,0XDF,0X9B,0XE7,
0X9B,0XE7,0X9B,0XE7,0X9B,0XE7,0XBB,0XDF,0XBA,0XDF,0XBA,0XDF,0XBA,0XD7,0X9A,0XD7,
0XBB,0XDF,0XBB,0XDF,0X9C,0XE7,0X7C,0XEF,0X7C,0XE7,0X7C,0XE7,0X9C,0XE7,0X9C,0XE7,
0X9C,0XE7,0X9C,0XE7,0X9C,0XE7,0X9C,0XE7,0X9C,0XE7,0X9C,0XE7,0X9C,0XE7,0X9C,0XE7,
0X9C,0XE7,0X9C,0XE7,0X9C,0XE7,0X9C,0XE7,0X9C,0XE7,0X9C,0XE7,0X9C,0XE7,0X9C,0XE7,
0X9C,0XE7,0X9C,0XE7,0X9C,0XE7,0X7C,0XE7,0X7C,0XEF,0X7C,0XE7,0X7C,0XE7,0X9B,0XE7,
0XBA,0XDF,0XB9,0XCF,0XF8,0XC7,0XF8,0XBF,0XF7,0XBF,0XF8,0XC7,0XF8,0XC7,0XF8,0XC7,
0XF8,0XC7,0XF8,0XC7,0XF8,0XC7,0XF8,0XC7,0XF8,0XC7,0XF8,0XC7,0XF8,0XC7,0XF8,0XC7,
0XF8,0XC7,0XF8,0XC7,0XF8,0XC7,0XF8,0XC7,0XF8,0XC7,0XF8,0XC7,0XF8,0XC7,0XF8,0XC7,
0XF8,0XC7,0XF8,0XC7,0XF8,0XC7,0XF7,0XBF,0XF7,0XC7,0XF8,0XC7,0XD8,0XC7,0XB9,0XCF,
0XBA,0XD7,0XBB,0XDF,0XBC,0XE7,0X9C,0XE7,0X9C,0XE7,0X9C,0XE7,0X9C,0XE7,0X7C,0XE7,
0X7C,0XE7,0X7C,0XE7,0X7C,0XE7,0X9C,0XE7,0X9B,0XE7,0XBB,0XDF,0X9B,0XDF,0X9B,0XE7,
0X9C,0XE7,0X7C,0XE7,0X7C,0XE7,0X9C,0XE7,0X9C,0XE7,0X9C,0XE7,0X9C,0XE7,0X9C,0XE7,
0X9C,0XE7,0X9C,0XE7,0X9C,0XE7,0X9C,0XE7,0X9C,0XE7,0X9C,0XE7,0X7C,0XE7,0X7C,0XE7,
0X9C,0XE7,0X9C,0XE7,0X9C,0XE7,0X9C,0XE7,0X9C,0XE7,0X9C,0XE7,0X9C,0XE7,0X9C,0XE7,
0X9C,0XE7,0X9C,0XE7,0X9C,0XE7,0X9C,0XE7,0X9D,0XE7,0X9D,0XE7,0X9C,0XE7,0X9C,0XE7,
0XBB,0XE7,0XBA,0XD7,0XD8,0XC7,0XF8,0XC7,0XF8,0XC7,0XF8,0XC7,0XF8,0XC7,0XF8,0XC7,
0XF8,0XC7,0XF8,0XC7,0XF8,0XC7,0XF8,0XC7,0XF8,0XC7,0XF8,0XC7,0XF8,0XC7,0XF8,0XC7,
0XF8,0XC7,0XF8,0XC7,0XF8,0XC7,0XF8,0XC7,0XF8,0XC7,0XF8,0XC7,0XF8,0XC7,0XF8,0XC7,
0XF8,0XC7,0XF8,0XC7,0XF8,0XC7,0XF7,0XC7,0XF8,0XC7,0XD8,0XC7,0XD9,0XCF,0XBA,0XDF,
0XBB,0XE7,0X9C,0XE7,0X7C,0XE7,0X7D,0XE7,0X7D,0XE7,0X7D,0XE7,0X7D,0XE7,0X7D,0XE7,
0X7D,0XE7,0X7D,0XE7,0X9D,0XE7,0X9C,0XE7,0X9C,0XE7,0X9C,0XE7,0X9C,0XE7,0X9C,0XE7,
0X9C,0XE7,0X7C,0XE7,0X7C,0XE7,0X9C,0XE7,0X9C,0XE7,0X9C,0XE7,0X7C,0XE7,0X7C,0XE7,
0X7C,0XE7,0X7C,0XE7,0X7C,0XE7,0X7C,0XE7,0X9C,0XE7,0X9C,0XE7,0X9C,0XE7,0X9C,0XE7,
0X9C,0XE7,0X9C,0XE7,0X9C,0XE7,0X9C,0XE7,0X9C,0XE7,0X7C,0XE7,0X7C,0XE7,0X9C,0XE7,
0X9C,0XE7,0X7C,0XE7,0X9C,0XE7,0X9C,0XE7,0X9D,0XE7,0X9D,0XE7,0X9D,0XE7,0X9C,0XE7,
0X9B,0XE7,0XBA,0XDF,0XD9,0XCF,0XF8,0XC7,0XF8,0XC7,0XF8,0XC7,0XF8,0XC7,0XF8,0XC7,
0XF8,0XC7,0XF8,0XC7,0XF8,0XC7,0XF8,0XC7,0XF8,0XC7,0XF8,0XC7,0XF8,0XC7,0XF8,0XC7,
0XF8,0XC7,0XF8,0XC7,0XF8,0XC7,0XF8,0XC7,0XF8,0XC7,0XF8,0XC7,0XF7,0XC7,0XF7,0XC7,
0XF8,0XC7,0XF8,0XC7,0XF8,0XC7,0XF8,0XC7,0XF8,0XC7,0XD9,0XCF,0XBB,0XDF,0XBB,0XE7,
0X9C,0XE7,0X7C,0XE7,0X7C,0XE7,0X7C,0XE7,0X7D,0XE7,0X7D,0XE7,0X7D,0XEF,0X9D,0XE7,
0X9D,0XE7,0X9D,0XE7,0X9C,0XE7,0X9C,0XE7,0X9C,0XE7,0X9C,0XE7,0X9C,0XE7,0X9C,0XE7,
0X9C,0XE7,0X7C,0XE7,0X9C,0XE7,0X9C,0XE7,0X9C,0XE7,0X9C,0XE7,0X9C,0XE7,0X9C,0XE7,
0X7C,0XE7,0X7C,0XE7,0X7C,0XE7,0X9C,0XE7,0X9C,0XE7,0X9C,0XE7,0X9C,0XE7,0X9C,0XE7,
0X9C,0XE7,0X9C,0XE7,0X9C,0XE7,0X9C,0XE7,0X7C,0XE7,0X9C,0XE7,0X9C,0XE7,0X7C,0XE7,
0X7C,0XE7,0X7C,0XE7,0X7C,0XE7,0X9C,0XE7,0X9C,0XE7,0X9C,0XE7,0X9D,0XE7,0X9C,0XE7,
0X9C,0XE7,0XBB,0XDF,0XDA,0XD7,0XD9,0XCF,0XF8,0XC7,0XF7,0XC7,0XF7,0XC7,0XF7,0XC7,
0XF8,0XC7,0XF8,0XC7,0XF8,0XC7,0XF8,0XC7,0XF8,0XC7,0XF8,0XC7,0XF8,0XC7,0XF8,0XC7,
0XF8,0XC7,0XF8,0XC7,0XF8,0XC7,0XF8,0XBF,0XF8,0XC7,0XF7,0XC7,0XF7,0XC7,0XF7,0XC7,
0XF7,0XC7,0XF8,0XC7,0XF8,0XBF,0XF9,0XC7,0XD9,0XCF,0XBA,0XD7,0X9B,0XDF,0X9C,0XE7,
0X7C,0XEF,0X7C,0XE7,0X9C,0XE7,0X9C,0XE7,0X9C,0XE7,0X7C,0XE7,0X7C,0XE7,0X7C,0XE7,
0X9C,0XE7,0X9C,0XE7,0X9C,0XE7,0X9C,0XE7,0X9C,0XE7,0X9C,0XE7,0X9C,0XE7,0X9C,0XE7,
0X9C,0XE7,0X9C,0XE7,0X9C,0XE7,0X9C,0XE7,0X9C,0XE7,0X9C,0XE7,0X9C,0XE7,0X9C,0XE7,
0X9C,0XE7,0X9C,0XE7,0X9C,0XE7,0X9C,0XE7,0X9C,0XE7,0X9C,0XE7,0X9C,0XE7,0X9C,0XE7,
0X9C,0XE7,0X9C,0XE7,0X9C,0XE7,0X9C,0XE7,0X9C,0XE7,0X9C,0XE7,0X9C,0XE7,0X9C,0XE7,
0X7C,0XE7,0X7C,0XE7,0X7C,0XE7,0X9C,0XE7,0X9C,0XE7,0X9C,0XE7,0X7C,0XE7,0X7C,0XEF,
0X7C,0XE7,0XBB,0XE7,0XBB,0XDF,0XDA,0XCF,0XD8,0XC7,0XF7,0XC7,0XF7,0XC7,0XF7,0XC7,
0XF8,0XC7,0XF8,0XC7,0XF8,0XBF,0XF8,0XBF,0XF8,0XBF,0XF8,0XBF,0XF8,0XBF,0XF8,0XBF,
0XF8,0XC7,0XF8,0XC7,0XF8,0XC7,0XF8,0XBF,0XF8,0XC7,0XF8,0XC7,0XF7,0XC7,0XF7,0XC7,
0XF7,0XC7,0XF8,0XC7,0XF8,0XC7,0XD9,0XC7,0XDA,0XD7,0XBB,0XDF,0X9C,0XE7,0X7C,0XE7,
0X7C,0XEF,0X7C,0XE7,0X9C,0XE7,0X9C,0XE7,0X9C,0XE7,0X7C,0XE7,0X7C,0XE7,0X7C,0XE7,
0X9C,0XE7,0X9C,0XE7,0X9C,0XE7,0X9C,0XE7,0X9C,0XE7,0X9C,0XE7,0X9C,0XE7,0X9C,0XE7,
0X9C,0XE7,0X9C,0XE7,0X9C,0XE7,0X9C,0XE7,0X9C,0XE7,0X9C,0XE7,0X9C,0XE7,0X9C,0XE7,
0X9C,0XE7,0X9C,0XE7,0X9C,0XE7,0X9C,0XE7,0X9C,0XE7,0X9C,0XE7,0X9C,0XE7,0X9C,0XE7,
0X9C,0XE7,0X9C,0XE7,0X9C,0XE7,0X9C,0XE7,0X9C,0XE7,0X9C,0XE7,0X9C,0XE7,0X9C,0XE7,
0X9C,0XE7,0X7C,0XE7,0X7C,0XE7,0X9C,0XE7,0X9C,0XE7,0X9C,0XE7,0X7C,0XE7,0X7C,0XEF,
0X7C,0XE7,0X9C,0XE7,0XBB,0XDF,0XDA,0XD7,0XD9,0XC7,0XF8,0XC7,0XF8,0XC7,0XF8,0XC7,
0XF8,0XC7,0XF8,0XC7,0XF8,0XBF,0XF8,0XBF,0XF8,0XBF,0XF8,0XBF,0XF8,0XBF,0XF8,0XBF,
0XF8,0XC7,0XF8,0XC7,0XF8,0XC7,0XF8,0XC7,0XF8,0XC7,0XF8,0XC7,0XF7,0XC7,0XF7,0XC7,
0XF7,0XC7,0XF8,0XC7,0XF8,0XC7,0XD9,0XCF,0XBB,0XD7,0XBC,0XDF,0X9C,0XE7,0X7C,0XE7,
0X7C,0XE7,0X9C,0XE7,0X9C,0XE7,0X9C,0XE7,0X9C,0XE7,0X7C,0XE7,0X7C,0XE7,0X9C,0XE7,
0X9C,0XE7,0X9C,0XE7,0X9C,0XE7,0X9C,0XE7,0X9C,0XE7,0X9C,0XE7,0X9C,0XE7,0X9C,0XE7,
0X9C,0XE7,0X9C,0XE7,0X9C,0XE7,0X9C,0XE7,0X9C,0XE7,0X9C,0XE7,0X9C,0XE7,0X9C,0XE7,
0X9C,0XE7,0X9C,0XE7,0X9C,0XE7,0X9C,0XE7,0X9C,0XE7,0X9C,0XE7,0X9C,0XE7,0X9C,0XE7,
0X9C,0XE7,0X9C,0XE7,0X9C,0XE7,0X9C,0XE7,0X9C,0XE7,0X9C,0XE7,0X9C,0XE7,0X9C,0XE7,
0X9C,0XE7,0X7C,0XE7,0X7C,0XE7,0X9C,0XE7,0X9C,0XE7,0X9C,0XE7,0X7C,0XE7,0X7C,0XEF,
0X7C,0XE7,0X9C,0XE7,0XBB,0XDF,0XDB,0XD7,0XD9,0XCF,0XF8,0XC7,0XF8,0XBF,0XF8,0XC7,
0XF8,0XC7,0XF8,0XC7,0XF8,0XC7,0XF8,0XC7,0XF8,0XC7,0XF8,0XC7,0XF8,0XC7,0XF8,0XC7,
0XF8,0XC7,0XF8,0XC7,0XF8,0XC7,0XF8,0XC7,0XF8,0XC7,0XF8,0XC7,0XF7,0XC7,0XF7,0XC7,
0XF8,0XC7,0XF8,0XC7,0XF8,0XC7,0XDA,0XD7,0XBB,0XDF,0X9C,0XE7,0X7C,0XE7,0X7C,0XE7,
0X7C,0XE7,0X9C,0XE7,0X9C,0XE7,0X9C,0XE7,0X9C,0XE7,0X7C,0XE7,0X7C,0XE7,0X9C,0XE7,
0X9C,0XE7,0X9C,0XE7,0X9C,0XE7,0X9C,0XE7,0X9C,0XE7,0X9C,0XE7,0X9C,0XE7,0X9C,0XE7,
0X9C,0XE7,0X9C,0XE7,0X9C,0XE7,0X9C,0XE7,0X9C,0XE7,0X9C,0XE7,0X9C,0XE7,0X9C,0XE7,
0X9C,0XE7,0X9C,0XE7,0X9C,0XE7,0X9C,0XE7,0X9C,0XE7,0X9C,0XE7,0X9C,0XE7,0X9C,0XE7,
0X9C,0XE7,0X9C,0XE7,0X9C,0XE7,0X9C,0XE7,0X9C,0XE7,0X9C,0XE7,0X9C,0XE7,0X9C,0XE7,
0X9C,0XE7,0X7C,0XE7,0X9C,0XE7,0X9C,0XE7,0X9C,0XE7,0X9C,0XE7,0X7C,0XE7,0X7D,0XEF,
0X7D,0XEF,0X7C,0XE7,0XBC,0XE7,0XBB,0XDF,0XD9,0XCF,0XF8,0XC7,0XF8,0XBF,0XF8,0XC7,
0XF8,0XC7,0XF8,0XC7,0XF8,0XC7,0XF8,0XC7,0XF8,0XC7,0XF8,0XC7,0XF8,0XC7,0XF8,0XC7,
0XF8,0XC7,0XF8,0XC7,0XF8,0XC7,0XF8,0XC7,0XF8,0XC7,0XF7,0XC7,0XF7,0XBF,0XF7,0XC7,
0XF8,0XC7,0XF8,0XC7,0XF9,0XCF,0XBB,0XDF,0X9C,0XE7,0X9C,0XE7,0X7C,0XEF,0X7D,0XE7,
0X7D,0XE7,0X9D,0XE7,0X9C,0XE7,0X9C,0XE7,0X9C,0XE7,0X7D,0XE7,0X7D,0XEF,0X9C,0XE7,
0X9C,0XE7,0X9C,0XE7,0X9C,0XE7,0X9C,0XE7,0X9C,0XE7,0X9C,0XE7,0X9C,0XE7,0X9C,0XE7,
0X9C,0XE7,0X9C,0XE7,0X9C,0XE7,0X9C,0XE7,0X9C,0XE7,0X9C,0XE7,0X9C,0XE7,0X9C,0XE7,
0X9C,0XE7,0X9C,0XE7,0X9C,0XE7,0X9C,0XE7,0X9C,0XE7,0X9C,0XE7,0X9C,0XE7,0X9C,0XE7,
0X9C,0XE7,0X9C,0XE7,0X9C,0XE7,0X9C,0XE7,0X9C,0XE7,0X9C,0XE7,0X9C,0XE7,0X9C,0XE7,
0X9C,0XE7,0X9C,0XE7,0X9C,0XE7,0X9C,0XE7,0X9C,0XE7,0X9C,0XE7,0X7D,0XEF,0X7D,0XEF,
0X7D,0XEF,0X7C,0XE7,0X9C,0XE7,0XBC,0XE7,0XB9,0XCF,0XF8,0XC7,0XF8,0XBF,0XF8,0XC7,
0XF8,0XC7,0XF8,0XC7,0XF8,0XC7,0XF8,0XC7,0XF8,0XC7,0XF8,0XC7,0XF8,0XC7,0XF8,0XC7,
0XF8,0XBF,0XF8,0XC7,0XF8,0XC7,0XF8,0XC7,0XF8,0XC7,0XF7,0XC7,0XF7,0XBF,0XF7,0XC7,
0XF8,0XC7,0XD8,0XC7,0XD9,0XCF,0XBB,0XDF,0X7C,0XEF,0X7C,0XEF,0X7D,0XEF,0X7D,0XEF,
0X9D,0XE7,0X9D,0XE7,0X9C,0XE7,0X9C,0XE7,0X9C,0XE7,0X7D,0XE7,0X7D,0XEF,0X9C,0XE7,
0X9C,0XE7,0X9C,0XE7,0X9C,0XE7,0X9C,0XE7,0X9C,0XE7,0X9C,0XE7,0X9C,0XE7,0X9C,0XE7,
0X9C,0XE7,0X9C,0XE7,0X9C,0XE7,0X9C,0XE7,0X9C,0XE7,0X9C,0XE7,0X9C,0XE7,0X9C,0XE7,
0X9C,0XE7,0X9C,0XE7,0X9C,0XE7,0X9C,0XE7,0X9C,0XE7,0X9C,0XE7,0X9C,0XE7,0X9C,0XE7,
0X9C,0XE7,0X9C,0XE7,0X9C,0XE7,0X9C,0XE7,0X9C,0XE7,0X9C,0XE7,0X9C,0XE7,0X9C,0XE7,
0X9C,0XE7,0X9C,0XE7,0X9C,0XE7,0X9C,0XE7,0X9C,0XE7,0X7C,0XE7,0X7D,0XEF,0X7D,0XEF,
0X7D,0XEF,0X9D,0XEF,0X9C,0XE7,0X9C,0XE7,0XDA,0XD7,0XF8,0XC7,0XF8,0XC7,0XF8,0XC7,
0XF8,0XC7,0XF8,0XC7,0XF8,0XC7,0XF8,0XC7,0XF8,0XC7,0XF8,0XC7,0XF8,0XC7,0XF8,0XC7,
0XF8,0XBF,0XF8,0XC7,0XF8,0XC7,0XF8,0XC7,0XF8,0XC7,0XF7,0XBF,0XF7,0XBF,0XF8,0XBF,
0XF8,0XC7,0XD8,0XC7,0XD9,0XCF,0XBB,0XE7,0X7C,0XEF,0X7D,0XEF,0X7D,0XEF,0X7D,0XE7,
0X9D,0XE7,0X9C,0XE7,0X9C,0XE7,0X9C,0XE7,0X9C,0XE7,0X7D,0XE7,0X7D,0XEF,0X9C,0XE7,
0X9C,0XE7,0X9C,0XE7,0X9C,0XE7,0X9C,0XE7,0X9C,0XE7,0X9C,0XE7,0X9C,0XE7,0X9C,0XE7,
0X9C,0XE7,0X9C,0XE7,0X9C,0XE7,0X9C,0XE7,0X9C,0XE7,0X9C,0XE7,0X9C,0XE7,0X9C,0XE7,
0X9C,0XE7,0X9C,0XE7,0X9C,0XE7,0X9C,0XE7,0X9C,0XE7,0X9C,0XE7,0X9C,0XE7,0X9C,0XE7,
0X9C,0XE7,0X9C,0XE7,0X9C,0XE7,0X9C,0XE7,0X9C,0XE7,0X9C,0XE7,0X9C,0XE7,0X9C,0XE7,
0X9C,0XE7,0X9C,0XE7,0X9C,0XE7,0X9C,0XE7,0X9C,0XE7,0X9C,0XE7,0X7C,0XE7,0X7D,0XE7,
0X7D,0XE7,0X9D,0XE7,0X9C,0XE7,0X9C,0XE7,0XBA,0XD7,0XF8,0XC7,0XF8,0XC7,0XF8,0XC7,
0XF8,0XC7,0XF8,0XC7,0XF8,0XC7,0XF8,0XC7,0XF8,0XC7,0XF8,0XC7,0XF8,0XC7,0XF8,0XC7,
0XF8,0XBF,0XF8,0XC7,0XF8,0XC7,0XF8,0XC7,0XF7,0XC7,0XF7,0XBF,0XF7,0XBF,0XF8,0XBF,
0XF8,0XC7,0XD8,0XC7,0XD9,0XCF,0XBB,0XE7,0X7C,0XEF,0X7C,0XEF,0X7D,0XEF,0X7D,0XE7,
0X9D,0XE7,0X9C,0XE7,0X9C,0XE7,0X9C,0XE7,0X9C,0XE7,0X7D,0XE7,0X7D,0XEF,0X9C,0XE7,
0X9C,0XE7,0X9C,0XE7,0X9C,0XE7,0X9C,0XE7,0X9C,0XE7,0X9C,0XE7,0X9C,0XE7,0X9C,0XE7,
0X9C,0XE7,0X9C,0XE7,0X9C,0XE7,0X9C,0XE7,0X9C,0XE7,0X9C,0XE7,0X9C,0XE7,0X9C,0XE7,
0X9C,0XE7,0X9C,0XE7,0X9C,0XE7,0X9C,0XE7,0X9C,0XE7,0X9C,0XE7,0X9C,0XE7,0X9C,0XE7,
0X9C,0XE7,0X9C,0XE7,0X9C,0XE7,0X9C,0XE7,0X9C,0XE7,0X9C,0XE7,0X9C,0XE7,0X9C,0XE7,
0X9C,0XE7,0X9C,0XE7,0X9C,0XE7,0X9C,0XE7,0X9C,0XEF,0X9C,0XE7,0X9C,0XE7,0X7D,0XE7,
0X7D,0XE7,0X9D,0XE7,0X9C,0XE7,0X9C,0XE7,0XBA,0XD7,0XD8,0XC7,0XF8,0XC7,0XF8,0XC7,
0XF8,0XC7,0XF8,0XC7,0XF8,0XC7,0XF8,0XC7,0XF8,0XC7,0XF8,0XC7,0XF8,0XC7,0XF8,0XC7,
0XF8,0XBF,0XF8,0XC7,0XF8,0XC7,0XF8,0XC7,0XF7,0XC7,0XF7,0XBF,0XF7,0XBF,0XF8,0XBF,
0XF8,0XC7,0XD9,0XC7,0XBA,0XD7,0XBB,0XE7,0X7C,0XEF,0X7C,0XEF,0X7D,0XEF,0X9D,0XE7,
0X9D,0XE7,0X9C,0XE7,0X9C,0XEF,0X9C,0XEF,0X7C,0XEF,0X7D,0XE7,0X9D,0XE7,0X9C,0XE7,
0X9C,0XE7,0X9C,0XE7,0X9C,0XE7,0X9C,0XE7,0X9C,0XE7,0X9C,0XE7,0X9C,0XE7,0X9C,0XE7,
0X9C,0XE7,0X9C,0XE7,0X9C,0XE7,0X9C,0XE7,0X9C,0XE7,0X9C,0XE7,0X9C,0XE7,0X9C,0XE7,
0X9C,0XE7,0X9C,0XE7,0X9C,0XE7,0X9C,0XE7,0X9C,0XE7,0X9C,0XE7,0X9C,0XE7,0X9C,0XE7,
0X9C,0XE7,0X9C,0XE7,0X9C,0XE7,0X9C,0XE7,0X9C,0XE7,0X9C,0XE7,0X9C,0XE7,0X9C,0XE7,
0X9C,0XE7,0X9D,0XE7,0X9C,0XE7,0X9C,0XEF,0X9C,0XEF,0X9C,0XE7,0X9C,0XE7,0X9D,0XE7,
0X9D,0XE7,0X9D,0XE7,0X9C,0XE7,0X9C,0XE7,0XBA,0XD7,0XD8,0XC7,0XF8,0XC7,0XF8,0XC7,
0XF8,0XC7,0XF8,0XC7,0XF8,0XC7,0XF8,0XC7,0XF8,0XC7,0XF8,0XBF,0XF7,0XBF,0XF7,0XBF,
0XF8,0XBF,0XF8,0XC7,0XF8,0XC7,0XF8,0XC7,0XF7,0XC7,0XF7,0XBF,0XF7,0XBF,0XF8,0XBF,
0XF8,0XC7,0XD9,0XCF,0XBA,0XD7,0XBB,0XE7,0X9C,0XE7,0X9C,0XE7,0X9D,0XE7,0X9D,0XE7,
0X9C,0XE7,0X9C,0XEF,0X7C,0XEF,0X7C,0XEF,0X7C,0XEF,0X7D,0XE7,0X9D,0XE7,0X9D,0XE7,
0X9C,0XE7,0X9C,0XE7,0X9C,0XE7,0X9C,0XE7,0X9C,0XE7,0X9C,0XE7,0X9C,0XE7,0X9C,0XE7,
0X9C,0XE7,0X9C,0XE7,0X7C,0XE7,0X7C,0XE7,0X7C,0XE7,0X7C,0XE7,0X7C,0XE7,0X7C,0XE7,
0X7C,0XE7,0X7C,0XE7,0X7C,0XE7,0X7C,0XE7,0X7C,0XE7,0X7C,0XE7,0X9C,0XE7,0X9C,0XE7,
0X9C,0XE7,0X9C,0XE7,0X9C,0XE7,0X9C,0XE7,0X9C,0XE7,0X9C,0XE7,0X9C,0XE7,0X9C,0XE7,
0X9C,0XE7,0X9D,0XE7,0X9C,0XE7,0X9C,0XEF,0X9C,0XEF,0X9C,0XE7,0X9C,0XE7,0X9D,0XE7,
0X9D,0XE7,0X9D,0XE7,0X9C,0XE7,0X9C,0XE7,0XBA,0XDF,0XF8,0XC7,0XF8,0XC7,0XF8,0XC7,
0XF8,0XC7,0XF8,0XC7,0XF8,0XC7,0XF8,0XC7,0XF8,0XBF,0XF8,0XBF,0XF7,0XBF,0XF7,0XBF,
0XF8,0XBF,0XF8,0XC7,0XF8,0XC7,0XF7,0XC7,0XF7,0XC7,0XF7,0XBF,0XF8,0XBF,0XF8,0XC7,
0XD9,0XC7,0XB9,0XCF,0X9A,0XD7,0XBB,0XE7,0X9C,0XE7,0X9C,0XE7,0X9D,0XE7,0X9D,0XE7,
0X9C,0XE7,0X9C,0XEF,0X7C,0XEF,0X7C,0XEF,0X7C,0XEF,0X9D,0XE7,0X9D,0XE7,0X9C,0XE7,
0X9C,0XE7,0X9C,0XE7,0X9C,0XE7,0X9C,0XE7,0X9C,0XE7,0X9C,0XE7,0X9C,0XE7,0X9C,0XE7,
0X9C,0XE7,0X9C,0XE7,0X7C,0XEF,0X7C,0XEF,0X7C,0XEF,0X7C,0XEF,0X7C,0XEF,0X7C,0XEF,
0X7C,0XEF,0X7C,0XEF,0X7C,0XEF,0X7C,0XEF,0X7C,0XEF,0X7C,0XEF,0X9C,0XE7,0X9C,0XE7,
0X9C,0XE7,0X9C,0XE7,0X9C,0XE7,0X9C,0XE7,0X9C,0XE7,0X9C,0XE7,0X9C,0XE7,0X9C,0XE7,
0X9C,0XE7,0X9D,0XE7,0X9C,0XE7,0X9C,0XEF,0X9C,0XEF,0X9C,0XE7,0X9C,0XE7,0X9C,0XE7,
0X9D,0XE7,0X9C,0XE7,0X9C,0XE7,0X9C,0XE7,0XBB,0XDF,0XDA,0XD7,0XD9,0XCF,0XD9,0XCF,
0XD8,0XC7,0XF8,0XC7,0XF8,0XC7,0XF8,0XC7,0XF8,0XBF,0XF8,0XBF,0XF8,0XBF,0XF7,0XBF,
0XF8,0XBF,0XF7,0XBF,0XF7,0XBF,0XF7,0XC7,0XF7,0XBF,0XF8,0XBF,0XF9,0XC7,0XB9,0XC7,
0XBA,0XD7,0XBB,0XDF,0X9C,0XE7,0X9C,0XE7,0X9C,0XE7,0X9C,0XE7,0X9C,0XE7,0X9C,0XE7,
0X9C,0XE7,0X9C,0XE7,0X7C,0XE7,0X7C,0XE7,0X9C,0XE7,0X9C,0XE7,0X9C,0XE7,0X9C,0XE7,
0X9C,0XE7,0X9C,0XE7,0X9C,0XE7,0X9C,0XE7,0X9C,0XE7,0X7C,0XE7,0X7C,0XE7,0X7C,0XE7,
0X7C,0XE7,0X9C,0XE7,0X9C,0XE7,0X9C,0XE7,0X9C,0XE7,0X9C,0XE7,0X9C,0XE7,0X9C,0XE7,
0X7C,0XE7,0X9C,0XE7,0X9C,0XE7,0X9C,0XE7,0X7C,0XE7,0X7C,0XE7,0X9C,0XE7,0X7C,0XE7,
0X7C,0XE7,0X7C,0XE7,0X9C,0XE7,0X9C,0XE7,0X9C,0XE7,0X9C,0XE7,0X9C,0XE7,0X9C,0XE7,
0X9C,0XE7,0X9C,0XE7,0X9C,0XE7,0X9C,0XE7,0X9C,0XE7,0X9C,0XE7,0X9C,0XE7,0X9C,0XE7,
0X9C,0XE7,0X9C,0XE7,0X9C,0XE7,0X9C,0XE7,0X9C,0XE7,0X9C,0XE7,0XBC,0XDF,0XBB,0XDF,
0XBA,0XD7,0XD9,0XCF,0XF8,0XC7,0XF7,0XBF,0XF7,0XBF,0XF7,0XBF,0XF7,0XBF,0XF8,0XC7,
0XF8,0XC7,0XF7,0XC7,0XF7,0XC7,0XF7,0XBF,0XF8,0XC7,0XD8,0XC7,0XDA,0XCF,0XBB,0XD7,
0XBB,0XDF,0X9C,0XE7,0X9C,0XE7,0X9C,0XE7,0X9C,0XE7,0X9C,0XE7,0X9C,0XE7,0X9C,0XE7,
0X9C,0XE7,0X9C,0XE7,0X9C,0XE7,0X9C,0XE7,0X9C,0XE7,0X9C,0XE7,0X9C,0XE7,0X9C,0XE7,
0X9C,0XE7,0X9C,0XE7,0X9C,0XE7,0X9C,0XE7,0X9C,0XE7,0X9C,0XE7,0X9C,0XE7,0X7C,0XE7,
0X9C,0XE7,0X9C,0XE7,0X9C,0XE7,0X9C,0XE7,0X9C,0XE7,0X9C,0XE7,0X9C,0XE7,0X9C,0XE7,
0X7C,0XE7,0X9C,0XE7,0X9C,0XE7,0X9C,0XE7,0X7C,0XE7,0X7C,0XE7,0X9C,0XE7,0X7C,0XE7,
0X7C,0XE7,0X7C,0XE7,0X9C,0XE7,0X9C,0XE7,0X9C,0XE7,0X9C,0XE7,0X9C,0XE7,0X9C,0XE7,
0X9C,0XE7,0X9C,0XE7,0X9C,0XE7,0X9C,0XE7,0X9C,0XE7,0X9C,0XE7,0X9C,0XE7,0X9C,0XE7,
0X9C,0XE7,0X9C,0XE7,0X9C,0XE7,0X9C,0XE7,0X9C,0XE7,0X7C,0XE7,0X9C,0XE7,0XBC,0XE7,
0XBB,0XDF,0XDA,0XD7,0XD8,0XC7,0XF8,0XC7,0XF7,0XC7,0XF7,0XC7,0XF7,0XC7,0XF8,0XC7,
0XF7,0XC7,0XF8,0XC7,0XF8,0XC7,0XF8,0XC7,0XD8,0XC7,0XD9,0XCF,0XBB,0XDF,0XBB,0XE7,
0X9C,0XE7,0X9C,0XE7,0X9C,0XE7,0X9C,0XE7,0X9C,0XE7,0X9C,0XE7,0X9C,0XE7,0X9C,0XE7,
0X9C,0XE7,0X9C,0XE7,0X9C,0XE7,0X9C,0XE7,0X9C,0XE7,0X9C,0XE7,0X9C,0XE7,0X9C,0XE7,
0X9C,0XE7,0X9C,0XE7,0X9C,0XE7,0X9C,0XE7,0X9C,0XE7,0X9C,0XE7,0X9C,0XE7,0X9C,0XE7,
0X9C,0XE7,0X9C,0XE7,0X9C,0XE7,0X9C,0XE7,0X9C,0XE7,0X9C,0XE7,0X9C,0XE7,0X9C,0XE7,
0X7C,0XE7,0X9C,0XE7,0X9C,0XE7,0X9C,0XE7,0X7C,0XE7,0X7C,0XE7,0X9C,0XE7,0X7C,0XE7,
0X7C,0XE7,0X7C,0XE7,0X9C,0XE7,0X9C,0XE7,0X9C,0XE7,0X9C,0XE7,0X9C,0XE7,0X9C,0XE7,
0X9C,0XE7,0X9C,0XE7,0X9C,0XE7,0X9C,0XE7,0X9C,0XE7,0X9C,0XE7,0X9C,0XE7,0X9C,0XE7,
0X9C,0XE7,0X9C,0XE7,0X9C,0XE7,0X9C,0XE7,0X9C,0XE7,0X7C,0XE7,0X7C,0XE7,0X9C,0XE7,
0XBC,0XE7,0XDB,0XDF,0XD9,0XD7,0XD8,0XCF,0XD8,0XC7,0XF8,0XC7,0XF7,0XC7,0XF7,0XC7,
0XF7,0XC7,0XF8,0XC7,0XF8,0XC7,0XD8,0XC7,0XDA,0XCF,0XBB,0XDF,0X9B,0XE7,0X9C,0XEF,
0X7C,0XEF,0X7C,0XE7,0X9C,0XE7,0X9C,0XE7,0X9C,0XE7,0X9C,0XE7,0X9C,0XE7,0X9C,0XE7,
0X9C,0XE7,0X7C,0XE7,0X7C,0XE7,0X7C,0XE7,0X7C,0XE7,0X7C,0XE7,0X7C,0XE7,0X9C,0XE7,
0X9C,0XE7,0X9C,0XE7,0X9C,0XE7,0X9C,0XE7,0X9C,0XE7,0X9C,0XE7,0X9C,0XE7,0X9C,0XE7,
0X9C,0XE7,0X9C,0XE7,0X9C,0XE7,0X9C,0XE7,0X9C,0XE7,0X9C,0XE7,0X9C,0XE7,0X9C,0XE7,
0X7C,0XE7,0X9C,0XE7,0X9C,0XE7,0X9C,0XE7,0X7C,0XE7,0X7C,0XE7,0X9C,0XE7,0X7C,0XE7,
0X7C,0XE7,0X7C,0XE7,0X9C,0XE7,0X9C,0XE7,0X9C,0XE7,0X9C,0XE7,0X9C,0XE7,0X9C,0XE7,
0X9C,0XE7,0X9C,0XE7,0X9C,0XE7,0X9C,0XE7,0X9C,0XE7,0X9C,0XE7,0X9C,0XE7,0X7C,0XE7,
0X7C,0XE7,0X7C,0XE7,0X7C,0XE7,0X7C,0XE7,0X7C,0XE7,0X7D,0XEF,0X7C,0XEF,0X7C,0XE7,
0X9C,0XE7,0XBC,0XE7,0XDB,0XDF,0XBA,0XD7,0XB9,0XCF,0XD8,0XC7,0XF8,0XC7,0XF7,0XC7,
0XF7,0XC7,0XF8,0XC7,0XD8,0XC7,0XD9,0XCF,0XBB,0XDF,0X9C,0XE7,0X7C,0XEF,0X7C,0XEF,
0X7C,0XEF,0X7C,0XEF,0X9C,0XE7,0X9C,0XE7,0X9C,0XE7,0X9C,0XE7,0X9C,0XE7,0X9C,0XE7,
0X9C,0XE7,0X7C,0XE7,0X7C,0XE7,0X7C,0XE7,0X7C,0XE7,0X7C,0XE7,0X7C,0XE7,0X9C,0XE7,
0X9C,0XE7,0X9C,0XE7,0X9C,0XE7,0X9C,0XE7,0X9C,0XE7,0X7C,0XE7,0X9C,0XE7,0X9C,0XE7,
0X9C,0XE7,0X7C,0XE7,0X9C,0XE7,0X9C,0XE7,0X9C,0XE7,0X9C,0XE7,0X9C,0XE7,0X9C,0XE7,
0X7C,0XE7,0X9C,0XE7,0X9C,0XE7,0X9C,0XE7,0X7C,0XE7,0X7C,0XE7,0X9C,0XE7,0X7C,0XE7,
0X7C,0XE7,0X7C,0XE7,0X9C,0XE7,0X9C,0XE7,0X9C,0XE7,0X9C,0XE7,0X9C,0XE7,0X9C,0XE7,
0X9C,0XE7,0X9C,0XE7,0X9C,0XE7,0X9C,0XE7,0X9C,0XE7,0X9C,0XE7,0X9C,0XE7,0X7C,0XE7,
0X7C,0XE7,0X7C,0XE7,0X7C,0XE7,0X7C,0XE7,0X7C,0XE7,0X7C,0XEF,0X7C,0XEF,0X7C,0XE7,
0X7C,0XE7,0X9C,0XE7,0XBC,0XE7,0XBB,0XDF,0XBA,0XD7,0XD8,0XCF,0XF7,0XC7,0XF7,0XC7,
0XF8,0XBF,0XD8,0XC7,0XD9,0XCF,0XBB,0XDF,0X9C,0XE7,0X7C,0XE7,0X7C,0XEF,0X7C,0XEF,
0X7C,0XEF,0X9D,0XEF,0X9C,0XE7,0X9C,0XE7,0X9C,0XE7,0X9C,0XE7,0X9C,0XE7,0X7C,0XE7,
0X7C,0XE7,0X7C,0XE7,0X7C,0XE7,0X7C,0XE7,0X7C,0XE7,0X7C,0XE7,0X7C,0XE7,0X9C,0XE7,
0X9C,0XE7,0X9C,0XE7,0X9C,0XE7,0X9C,0XE7,0X7C,0XE7,0X7C,0XE7,0X7C,0XE7,0X9C,0XE7,
0X7C,0XE7,0X7C,0XE7,0X7C,0XE7,0X9C,0XE7,0X9C,0XE7,0X9C,0XE7,0X7C,0XE7,0X7C,0XE7,
0X7C,0XE7,0X7C,0XE7,0X9C,0XE7,0X9C,0XE7,0X7C,0XE7,0X9C,0XE7,0X9C,0XE7,0X7C,0XE7,
0X7C,0XE7,0X7C,0XE7,0X9C,0XE7,0X9C,0XE7,0X9C,0XE7,0X9C,0XE7,0X9C,0XE7,0X9C,0XE7,
0X9C,0XE7,0X9C,0XE7,0X9C,0XE7,0X9C,0XE7,0X9C,0XE7,0X7C,0XE7,0X7C,0XE7,0X7C,0XE7,
0X7C,0XE7,0X7C,0XE7,0X7C,0XE7,0X7C,0XE7,0X9C,0XE7,0X7C,0XE7,0X7C,0XE7,0X7C,0XE7,
0X9D,0XE7,0X7C,0XE7,0X9C,0XE7,0XBC,0XDF,0XBB,0XDF,0XD9,0XCF,0XD8,0XC7,0XF7,0XC7,
0XF8,0XBF,0XD8,0XC7,0XBA,0XD7,0X9B,0XE7,0X7C,0XEF,0X7C,0XEF,0X7C,0XE7,0X9C,0XE7,
0X9C,0XE7,0X9C,0XE7,0X7D,0XEF,0X7C,0XE7,0X9C,0XE7,0X9D,0XE7,0X9D,0XE7,0X9C,0XE7,
0X7C,0XE7,0X9C,0XE7,0X9C,0XE7,0X9C,0XE7,0X9C,0XE7,0X9C,0XE7,0X9C,0XE7,0X9C,0XE7,
0X9C,0XE7,0X9C,0XE7,0X9C,0XE7,0X9C,0XE7,0X9C,0XE7,0X9C,0XE7,0X9D,0XE7,0X9C,0XE7,
0X9C,0XE7,0X7C,0XE7,0X9C,0XE7,0X9C,0XE7,0X9C,0XE7,0X9C,0XE7,0X7C,0XE7,0X7C,0XE7,
0X9C,0XE7,0X7C,0XE7,0X7C,0XE7,0X7C,0XE7,0X9C,0XE7,0X9C,0XE7,0X9C,0XE7,0X9C,0XE7,
0X7C,0XE7,0X9C,0XE7,0X9C,0XE7,0X7C,0XE7,0X7C,0XE7,0X7C,0XE7,0X9C,0XE7,0X9C,0XE7,
0X9C,0XE7,0X9C,0XE7,0X9C,0XE7,0X9D,0XE7,0X9D,0XE7,0X9C,0XE7,0X7C,0XE7,0X9C,0XE7,
0X9C,0XE7,0X9C,0XE7,0X9C,0XE7,0X9C,0XE7,0X9C,0XE7,0X9C,0XE7,0X9C,0XE7,0X9C,0XE7,
0X9D,0XE7,0X7D,0XE7,0X7D,0XE7,0X9C,0XE7,0XBB,0XDF,0XDA,0XD7,0XD8,0XC7,0XF7,0XC7,
0XF8,0XBF,0XD9,0XCF,0XBB,0XDF,0X9C,0XE7,0X5D,0XEF,0X7D,0XEF,0X9D,0XE7,0X9C,0XE7,
0X9C,0XE7,0X9C,0XE7,0X7C,0XE7,0X7C,0XEF,0X9D,0XEF,0X9D,0XEF,0X9D,0XEF,0X9D,0XEF,
0X9D,0XEF,0X9D,0XEF,0X9D,0XEF,0X7C,0XEF,0X7C,0XEF,0X7C,0XEF,0X7C,0XEF,0X7C,0XEF,
0X7C,0XEF,0X7C,0XEF,0X7C,0XEF,0X9D,0XEF,0X9D,0XEF,0X9D,0XEF,0X9D,0XEF,0X9D,0XEF,
0X9D,0XEF,0X7C,0XEF,0X7C,0XEF,0X7C,0XEF,0X7C,0XEF,0X9D,0XEF,0X9D,0XEF,0X9D,0XEF,
0X7C,0XEF,0X7C,0XEF,0X7C,0XEF,0X7C,0XE7,0X7C,0XEF,0X7C,0XEF,0X7C,0XEF,0X7C,0XEF,
0X7C,0XEF,0X7C,0XEF,0X7C,0XEF,0X7C,0XEF,0X7C,0XEF,0X7C,0XEF,0X7C,0XE7,0X7C,0XE7,
0X7C,0XE7,0X7C,0XEF,0X9D,0XEF,0X9D,0XEF,0X9D,0XEF,0X9D,0XEF,0X9D,0XEF,0X9D,0XEF,
0X9D,0XEF,0X7C,0XEF,0X7C,0XEF,0X7C,0XEF,0X7C,0XE7,0X9D,0XE7,0X9C,0XE7,0X9C,0XE7,
0X9D,0XE7,0X9D,0XE7,0X7D,0XE7,0X9D,0XE7,0XBC,0XE7,0XDB,0XD7,0XD9,0XCF,0XF8,0XC7,
0XD9,0XC7,0XDA,0XD7,0XBC,0XE7,0X7C,0XEF,0X7D,0XEF,0X7D,0XEF,0X9C,0XE7,0X9C,0XE7,
0X9C,0XE7,0X7C,0XE7,0X7D,0XE7,0X7D,0XE7,0X7C,0XE7,0X7C,0XE7,0X7C,0XEF,0X7C,0XEF,
0X7C,0XEF,0X7C,0XE7,0X7C,0XE7,0X7C,0XEF,0X7C,0XEF,0X7C,0XEF,0X9D,0XEF,0X7C,0XEF,
0X7C,0XEF,0X7C,0XEF,0X7C,0XEF,0X7C,0XEF,0X7C,0XEF,0X7C,0XEF,0X7C,0XEF,0X9D,0XEF,
0X7C,0XEF,0X7C,0XEF,0X7C,0XEF,0X7C,0XEF,0X7C,0XEF,0X7C,0XEF,0X9D,0XEF,0X9D,0XEF,
0X9D,0XEF,0X9D,0XEF,0X7C,0XEF,0X7C,0XE7,0X7C,0XE7,0X7C,0XE7,0X7C,0XEF,0X7C,0XEF,
0X9D,0XEF,0X7C,0XEF,0X7C,0XEF,0X7C,0XEF,0X7C,0XEF,0X7C,0XEF,0X7C,0XEF,0X7C,0XE7,
0X7C,0XE7,0X7C,0XE7,0X7C,0XE7,0X7C,0XEF,0X7C,0XEF,0X7C,0XEF,0X7C,0XEF,0X7C,0XE7,
0X7C,0XE7,0X7C,0XEF,0X7C,0XEF,0X7C,0XEF,0X7D,0XEF,0X7D,0XE7,0X9C,0XE7,0X9C,0XE7,
0X9C,0XE7,0X7D,0XE7,0X7D,0XEF,0X7D,0XEF,0X9D,0XE7,0XBB,0XDF,0XDA,0XD7,0XD8,0XCF,
0XBA,0XD7,0XBB,0XDF,0XBC,0XE7,0X7D,0XEF,0X7D,0XEF,0X7D,0XEF,0X9C,0XE7,0X9C,0XE7,
0X9C,0XE7,0X9C,0XE7,0X7D,0XEF,0X7D,0XE7,0X7C,0XE7,0X7C,0XE7,0X7C,0XE7,0X7C,0XE7,
0X7C,0XE7,0X7C,0XE7,0X7C,0XE7,0X7C,0XE7,0X7C,0XEF,0X9D,0XEF,0X9D,0XEF,0X7C,0XEF,
0X7C,0XEF,0X7C,0XEF,0X7C,0XE7,0X7C,0XE7,0X7C,0XE7,0X7C,0XEF,0X7C,0XEF,0X7C,0XEF,
0X7C,0XEF,0X7C,0XEF,0X7C,0XEF,0X7C,0XEF,0X7C,0XEF,0X7C,0XEF,0X7C,0XEF,0X7C,0XEF,
0X9D,0XEF,0X9D,0XEF,0X7C,0XEF,0X7C,0XEF,0X7C,0XEF,0X7C,0XEF,0X7C,0XEF,0X7C,0XEF,
0X7C,0XEF,0X7C,0XEF,0X7C,0XEF,0X7C,0XEF,0X7C,0XEF,0X7C,0XEF,0X7C,0XEF,0X7C,0XEF,
0X7C,0XEF,0X7C,0XE7,0X7C,0XE7,0X7C,0XE7,0X7C,0XE7,0X7C,0XE7,0X7C,0XE7,0X7C,0XE7,
0X7C,0XE7,0X7C,0XE7,0X7C,0XEF,0X9D,0XEF,0X7D,0XEF,0X7D,0XEF,0X9C,0XEF,0X9C,0XE7,
0X9C,0XE7,0X7C,0XE7,0X7D,0XEF,0X7D,0XEF,0X7D,0XEF,0XBC,0XDF,0XDA,0XD7,0XB9,0XCF,
0X9A,0XDF,0X9B,0XE7,0X9C,0XE7,0X7D,0XE7,0X7D,0XEF,0X7D,0XEF,0X9C,0XEF,0X9C,0XE7,
0X9C,0XE7,0X9D,0XE7,0X9D,0XEF,0X9D,0XEF,0X9D,0XEF,0X7C,0XEF,0X7C,0XEF,0X7C,0XEF,
0X7C,0XEF,0X7C,0XEF,0X7C,0XEF,0X7C,0XEF,0X7C,0XEF,0X9D,0XEF,0X9D,0XEF,0X7C,0XEF,
0X7C,0XEF,0X7C,0XEF,0X7C,0XEF,0X7C,0XEF,0X7C,0XEF,0X7C,0XEF,0X7C,0XEF,0X9D,0XEF,
0X9D,0XEF,0X9D,0XEF,0X7C,0XEF,0X7C,0XEF,0X7C,0XEF,0X7C,0XEF,0X7C,0XEF,0X7C,0XEF,
0X9D,0XEF,0X7C,0XEF,0X7C,0XEF,0X7C,0XEF,0X7C,0XEF,0X7C,0XEF,0X9D,0XEF,0X7C,0XEF,
0X7C,0XEF,0X7C,0XEF,0X7C,0XEF,0X9D,0XEF,0X9D,0XEF,0X9D,0XEF,0X9D,0XEF,0X9D,0XEF,
0X9D,0XEF,0X9D,0XEF,0X9D,0XEF,0X7C,0XEF,0X7C,0XE7,0X7C,0XEF,0X7C,0XEF,0X7C,0XEF,
0X7C,0XEF,0X7C,0XEF,0X7C,0XEF,0X9D,0XEF,0X7D,0XEF,0X7D,0XEF,0X9C,0XEF,0X9C,0XE7,
0X9C,0XE7,0X7C,0XEF,0X7D,0XEF,0X7D,0XEF,0X7D,0XEF,0X9C,0XE7,0XDB,0XDF,0XB9,0XCF,
0X7C,0XE7,0X9C,0XE7,0X9C,0XE7,0X9C,0XE7,0X9C,0XE7,0X9C,0XE7,0X9C,0XEF,0X9C,0XEF,
0X9D,0XEF,0X9D,0XEF,0X9D,0XE7,0X9D,0XEF,0X9D,0XEF,0X9D,0XEF,0X9D,0XEF,0X9D,0XEF,
0X7C,0XEF,0X7C,0XEF,0X7C,0XEF,0X7C,0XEF,0X7C,0XEF,0X7C,0XEF,0X7C,0XEF,0X7C,0XEF,
0X7C,0XEF,0X7C,0XEF,0X7C,0XEF,0X7C,0XEF,0X7C,0XEF,0X9D,0XEF,0X9D,0XEF,0X9D,0XEF,
0X9D,0XEF,0X9D,0XEF,0X7C,0XEF,0X7C,0XEF,0X7C,0XEF,0X7C,0XEF,0X9D,0XEF,0X9D,0XEF,
0X9D,0XEF,0X9D,0XEF,0X9D,0XEF,0X7C,0XEF,0X7C,0XEF,0X7C,0XEF,0X7C,0XEF,0X7C,0XEF,
0X7C,0XEF,0X7C,0XEF,0X7C,0XEF,0X9C,0XEF,0X9D,0XEF,0X9D,0XEF,0X9D,0XEF,0X9D,0XEF,
0X9D,0XEF,0X7C,0XEF,0X9D,0XEF,0X9D,0XEF,0X9D,0XEF,0X9D,0XEF,0X7C,0XEF,0X7C,0XEF,
0X7C,0XEF,0X7C,0XEF,0X7C,0XEF,0X7C,0XEF,0X7C,0XEF,0X7D,0XEF,0X7D,0XEF,0X7C,0XEF,
0X9C,0XEF,0X9C,0XE7,0X9C,0XEF,0X7D,0XEF,0X7D,0XEF,0X9C,0XE7,0XBB,0XDF,0XB9,0XD7,
0X7C,0XE7,0X9C,0XEF,0X9C,0XE7,0X9C,0XE7,0X9C,0XE7,0X9C,0XE7,0X9D,0XEF,0X7D,0XEF,
0X7D,0XEF,0X9D,0XEF,0X9D,0XE7,0X9C,0XEF,0X7C,0XEF,0X9D,0XEF,0X9D,0XEF,0X9D,0XEF,
0X7C,0XEF,0X7C,0XEF,0X7C,0XEF,0X7C,0XEF,0X7C,0XEF,0X7C,0XEF,0X7C,0XEF,0X7C,0XEF,
0X7C,0XEF,0X7C,0XEF,0X7C,0XEF,0X7C,0XEF,0X7C,0XEF,0X7C,0XEF,0X9D,0XEF,0X9D,0XEF,
0X9D,0XEF,0X7C,0XEF,0X7C,0XEF,0X7C,0XEF,0X7C,0XEF,0X7C,0XEF,0X7C,0XEF,0X9D,0XEF,
0X9D,0XEF,0X9D,0XEF,0X9D,0XEF,0X7C,0XEF,0X7C,0XEF,0X7C,0XEF,0X7C,0XEF,0X7C,0XEF,
0X7C,0XEF,0X7C,0XEF,0X7C,0XEF,0X9D,0XEF,0X9D,0XEF,0X9D,0XEF,0X9D,0XEF,0X9D,0XEF,
0X9D,0XEF,0X7C,0XEF,0X7C,0XEF,0X9D,0XEF,0X9D,0XEF,0X7C,0XEF,0X7C,0XEF,0X7C,0XEF,
0X7C,0XEF,0X7C,0XEF,0X7C,0XEF,0X7C,0XEF,0X7C,0XEF,0X7C,0XEF,0X7D,0XEF,0X7D,0XEF,
0X9C,0XEF,0X9C,0XE7,0X9C,0XE7,0X7C,0XEF,0X7D,0XEF,0X7C,0XEF,0XBB,0XE7,0X99,0XD7,
0X7C,0XEF,0X9C,0XEF,0X9C,0XE7,0X9C,0XE7,0X9C,0XE7,0X9C,0XE7,0X9D,0XEF,0X7D,0XEF,
0X7D,0XEF,0X9D,0XEF,0X9D,0XE7,0X9D,0XEF,0X7C,0XEF,0X7C,0XEF,0X7C,0XE7,0X7C,0XEF,
0X7C,0XEF,0X7C,0XEF,0X7C,0XEF,0X7C,0XEF,0X7C,0XEF,0X7C,0XEF,0X7C,0XEF,0X7C,0XEF,
0X7C,0XEF,0X7C,0XEF,0X7C,0XEF,0X7C,0XEF,0X7C,0XEF,0X7C,0XEF,0X7C,0XEF,0X7C,0XEF,
0X7C,0XEF,0X7C,0XEF,0X7C,0XEF,0X7C,0XEF,0X7C,0XEF,0X7C,0XEF,0X7C,0XEF,0X9D,0XEF,
0X9D,0XEF,0X9D,0XEF,0X9D,0XEF,0X7C,0XEF,0X7C,0XEF,0X7C,0XEF,0X7C,0XEF,0X7C,0XEF,
0X7C,0XEF,0X7C,0XEF,0X7C,0XEF,0X9D,0XEF,0X9D,0XEF,0X9D,0XEF,0X9D,0XEF,0X9D,0XEF,
0X9D,0XEF,0X9D,0XEF,0X7C,0XEF,0X7C,0XE7,0X7C,0XE7,0X7C,0XEF,0X9D,0XEF,0X7C,0XEF,
0X7C,0XEF,0X7C,0XEF,0X7C,0XEF,0X7C,0XEF,0X7C,0XEF,0X7C,0XEF,0X7D,0XEF,0X7D,0XEF,
0X9C,0XEF,0X9C,0XE7,0X9C,0XE7,0X7C,0XEF,0X7D,0XEF,0X7D,0XEF,0XBB,0XE7,0XBA,0XD7,
0X7C,0XE7,0X9D,0XEF,0X7C,0XEF,0X7C,0XEF,0X9D,0XEF,0X7C,0XEF,0X7D,0XEF,0X7D,0XEF,
0X7D,0XEF,0X7D,0XEF,0X9C,0XE7,0X9D,0XEF,0X7C,0XEF,0X7C,0XEF,0X7C,0XE7,0X7C,0XEF,
0X9D,0XEF,0X7C,0XEF,0X7C,0XEF,0X7C,0XEF,0X7C,0XEF,0X7C,0XEF,0X7C,0XEF,0X7C,0XEF,
0X7C,0XEF,0X7C,0XEF,0X7C,0XEF,0X7C,0XEF,0X7C,0XEF,0X9D,0XEF,0X7C,0XEF,0X7C,0XEF,
0X7C,0XEF,0X9D,0XEF,0X9D,0XEF,0X9D,0XEF,0X7C,0XEF,0X7C,0XEF,0X7C,0XEF,0X9D,0XEF,
0X9D,0XEF,0X7C,0XEF,0X7C,0XEF,0X7C,0XEF,0X7C,0XEF,0X7C,0XEF,0X7C,0XEF,0X7C,0XEF,
0X7C,0XEF,0X7C,0XEF,0X7C,0XEF,0X7C,0XEF,0X7C,0XEF,0X7C,0XEF,0X7C,0XEF,0X7C,0XEF,
0X7C,0XEF,0X9D,0XEF,0X7C,0XEF,0X7C,0XE7,0X7C,0XE7,0X7C,0XEF,0X9D,0XEF,0X7C,0XEF,
0X7C,0XEF,0X7C,0XEF,0X7C,0XEF,0X7C,0XEF,0X7C,0XE7,0X7C,0XEF,0X7D,0XEF,0X7D,0XEF,
0X7C,0XEF,0X9C,0XE7,0X9C,0XE7,0X7D,0XEF,0X7D,0XEF,0X7D,0XEF,0XBC,0XE7,0XBA,0XD7,
0X7C,0XE7,0X9D,0XEF,0X7C,0XEF,0X7D,0XEF,0X9D,0XEF,0X7D,0XEF,0X7D,0XEF,0X7D,0XEF,
0X7D,0XEF,0X7D,0XEF,0X9C,0XE7,0X7C,0XE7,0X7C,0XEF,0X7C,0XEF,0X7C,0XEF,0X7C,0XEF,
0X7C,0XEF,0X7C,0XEF,0X7C,0XEF,0X7C,0XEF,0X7C,0XEF,0X7C,0XEF,0X7C,0XEF,0X7C,0XEF,
0X7C,0XEF,0X7C,0XEF,0X7C,0XEF,0X7C,0XEF,0X7C,0XEF,0X9D,0XEF,0X7C,0XEF,0X7C,0XEF,
0X7C,0XEF,0X9D,0XEF,0X9D,0XEF,0X9D,0XEF,0X7C,0XEF,0X7C,0XEF,0X7C,0XEF,0X7C,0XEF,
0X7C,0XEF,0X7C,0XEF,0X7C,0XEF,0X7C,0XEF,0X7C,0XEF,0X7C,0XEF,0X7C,0XEF,0X7C,0XEF,
0X7C,0XEF,0X7C,0XEF,0X7C,0XEF,0X7C,0XEF,0X7C,0XEF,0X7C,0XEF,0X7C,0XEF,0X7C,0XEF,
0X7C,0XEF,0X7C,0XEF,0X7C,0XEF,0X7C,0XEF,0X7C,0XEF,0X7C,0XEF,0X7C,0XEF,0X7C,0XEF,
0X7C,0XEF,0X7C,0XEF,0X7C,0XEF,0X7C,0XEF,0X7C,0XE7,0X7C,0XE7,0X7D,0XEF,0X7D,0XEF,
0X7C,0XEF,0X9C,0XE7,0X9C,0XEF,0X7D,0XEF,0X7D,0XEF,0X7C,0XE7,0XBB,0XE7,0XBA,0XD7,
0X9C,0XE7,0X9C,0XE7,0X9C,0XE7,0X7D,0XEF,0X7D,0XEF,0X7D,0XEF,0X7D,0XEF,0X7C,0XEF,
0X7C,0XEF,0X7C,0XEF,0X7D,0XEF,0X7C,0XEF,0X9D,0XEF,0X9D,0XEF,0X9D,0XEF,0X9D,0XEF,
0X7C,0XEF,0X7C,0XEF,0X7C,0XEF,0X7C,0XEF,0X7C,0XEF,0X7C,0XEF,0X7C,0XEF,0X7C,0XEF,
0X7C,0XEF,0X7C,0XEF,0X7C,0XEF,0X7C,0XEF,0X7C,0XEF,0X7C,0XEF,0X7C,0XE7,0X7C,0XE7,
0X7C,0XE7,0X7C,0XEF,0X9D,0XEF,0X9D,0XEF,0X7C,0XEF,0X7C,0XEF,0X7C,0XEF,0X7C,0XEF,
0X7C,0XEF,0X7C,0XEF,0X7C,0XEF,0X7C,0XEF,0X7C,0XEF,0X7C,0XEF,0X7C,0XEF,0X7C,0XEF,
0X7C,0XEF,0X7C,0XEF,0X7C,0XEF,0X7C,0XEF,0X7C,0XEF,0X7C,0XEF,0X7C,0XEF,0X7C,0XEF,
0X7C,0XEF,0X7C,0XEF,0X9D,0XEF,0X9D,0XEF,0X9D,0XEF,0X9D,0XEF,0X7C,0XEF,0X7C,0XEF,
0X7C,0XEF,0X7C,0XEF,0X7C,0XEF,0X7C,0XEF,0X9C,0XE7,0X9C,0XE7,0X7D,0XEF,0X7D,0XEF,
0X7C,0XEF,0X9C,0XE7,0X7C,0XEF,0X7D,0XEF,0X5D,0XEF,0X7C,0XE7,0XBB,0XDF,0XB9,0XCF,
0X9B,0XDF,0XBC,0XE7,0X9C,0XE7,0X7D,0XEF,0X7D,0XEF,0X7D,0XEF,0X7D,0XEF,0X7C,0XEF,
0X9C,0XE7,0X7C,0XEF,0X7D,0XEF,0X7D,0XEF,0X7D,0XEF,0X7D,0XEF,0X7D,0XEF,0X7D,0XEF,
0X7D,0XEF,0X9D,0XEF,0X9D,0XEF,0X9D,0XEF,0X9D,0XEF,0X9D,0XEF,0X9D,0XEF,0X7D,0XEF,
0X7D,0XEF,0X7D,0XEF,0X7D,0XEF,0X7D,0XEF,0X7D,0XEF,0X7D,0XEF,0X7D,0XEF,0X7D,0XEF,
0X7D,0XEF,0X7D,0XEF,0X7D,0XEF,0X7D,0XEF,0X7D,0XEF,0X7D,0XEF,0X7D,0XEF,0X7D,0XEF,
0X7D,0XEF,0X7D,0XEF,0X7D,0XEF,0X7D,0XEF,0X7D,0XEF,0X7D,0XEF,0X7D,0XEF,0X7D,0XEF,
0X7D,0XEF,0X7D,0XEF,0X7D,0XEF,0X7D,0XEF,0X7D,0XEF,0X7D,0XEF,0X7D,0XEF,0X7D,0XEF,
0X7D,0XEF,0X7D,0XEF,0X7D,0XEF,0X7D,0XEF,0X7D,0XEF,0X7D,0XEF,0X7D,0XEF,0X9D,0XEF,
0X9D,0XEF,0X9D,0XEF,0X9D,0XEF,0X9D,0XEF,0X9C,0XE7,0X9C,0XE7,0X7D,0XEF,0X7D,0XEF,
0X7D,0XEF,0X7C,0XE7,0X7C,0XEF,0X7D,0XEF,0X7D,0XEF,0X9C,0XE7,0XBA,0XDF,0XB9,0XCF,
0X9A,0XDF,0XBB,0XE7,0X9C,0XE7,0X7D,0XEF,0X7D,0XEF,0X7D,0XEF,0X7D,0XEF,0X9C,0XE7,
0X9C,0XE7,0X7C,0XEF,0X7D,0XEF,0X7D,0XEF,0X7D,0XEF,0X7D,0XEF,0X7D,0XEF,0X7D,0XEF,
0X7D,0XEF,0X9D,0XEF,0X9D,0XEF,0X9D,0XEF,0X9D,0XEF,0X9D,0XEF,0X9D,0XEF,0X7D,0XEF,
0X7D,0XEF,0X7D,0XEF,0X7D,0XEF,0X7D,0XEF,0X7D,0XEF,0X7D,0XEF,0X7D,0XEF,0X7D,0XEF,
0X7D,0XEF,0X7D,0XEF,0X7D,0XEF,0X7D,0XEF,0X7D,0XEF,0X7D,0XEF,0X7D,0XEF,0X7D,0XEF,
0X7D,0XEF,0X7D,0XEF,0X7D,0XEF,0X7D,0XEF,0X7D,0XEF,0X7D,0XEF,0X7D,0XEF,0X7D,0XEF,
0X7D,0XEF,0X7D,0XEF,0X7D,0XEF,0X7D,0XEF,0X7D,0XEF,0X7D,0XEF,0X7D,0XEF,0X7D,0XEF,
0X7D,0XEF,0X7D,0XEF,0X7D,0XEF,0X7D,0XEF,0X7D,0XEF,0X7D,0XEF,0X7D,0XEF,0X9D,0XEF,
0X9D,0XEF,0X9D,0XEF,0X9D,0XEF,0X9D,0XEF,0X9D,0XE7,0X9C,0XE7,0X7D,0XEF,0X7D,0XEF,
0X7D,0XEF,0X7C,0XE7,0X7C,0XEF,0X7D,0XEF,0X7D,0XEF,0XBC,0XE7,0XDA,0XD7,0XD8,0XC7,
0XBA,0XD7,0XBB,0XDF,0X9C,0XE7,0X7D,0XE7,0X7D,0XEF,0X7D,0XEF,0X7D,0XE7,0X9C,0XE7,
0X9C,0XE7,0X7D,0XEF,0X7D,0XEF,0X7D,0XEF,0X7D,0XEF,0X7D,0XEF,0X7D,0XEF,0X7D,0XEF,
0X7D,0XEF,0X9D,0XEF,0X9D,0XEF,0X9D,0XEF,0X9D,0XEF,0X9D,0XEF,0X9D,0XEF,0X7D,0XEF,
0X7D,0XEF,0X7D,0XEF,0X7D,0XEF,0X7D,0XEF,0X7D,0XEF,0X7D,0XEF,0X7D,0XEF,0X7D,0XEF,
0X7D,0XEF,0X7D,0XEF,0X7D,0XEF,0X7D,0XEF,0X7D,0XEF,0X7D,0XEF,0X7D,0XEF,0X7D,0XEF,
0X7D,0XEF,0X7D,0XEF,0X7D,0XEF,0X7D,0XEF,0X7D,0XEF,0X7D,0XEF,0X7D,0XEF,0X7D,0XEF,
0X7D,0XEF,0X7D,0XEF,0X7D,0XEF,0X7D,0XEF,0X7D,0XEF,0X7D,0XEF,0X7D,0XEF,0X7D,0XEF,
0X7D,0XEF,0X7D,0XEF,0X7D,0XEF,0X7D,0XEF,0X7D,0XEF,0X7D,0XEF,0X7D,0XEF,0X9D,0XEF,
0X9D,0XEF,0X9D,0XEF,0X9D,0XEF,0X9D,0XEF,0X9D,0XE7,0X9C,0XE7,0X7D,0XEF,0X7D,0XEF,
0X7D,0XEF,0X7C,0XE7,0X7C,0XEF,0X9D,0XEF,0X9C,0XE7,0XBC,0XDF,0XD9,0XD7,0XF8,0XC7,
0XB9,0XCF,0XDA,0XDF,0XBC,0XE7,0X7D,0XE7,0X7D,0XEF,0X7D,0XEF,0X7D,0XE7,0X9C,0XE7,
0X9C,0XE7,0X7D,0XEF,0X7D,0XEF,0X7D,0XEF,0X7D,0XEF,0X7D,0XEF,0X7D,0XEF,0X7D,0XEF,
0X7D,0XEF,0X7D,0XEF,0X7D,0XEF,0X7D,0XEF,0X7D,0XEF,0X7D,0XEF,0X7D,0XEF,0X7D,0XEF,
0X7D,0XEF,0X7D,0XEF,0X7D,0XEF,0X7D,0XEF,0X7D,0XEF,0X7D,0XEF,0X7D,0XEF,0X7D,0XEF,
0X7D,0XEF,0X7D,0XEF,0X7D,0XEF,0X7D,0XEF,0X7D,0XEF,0X7D,0XEF,0X7D,0XEF,0X7D,0XEF,
0X7D,0XEF,0X7D,0XEF,0X7D,0XEF,0X7D,0XEF,0X7D,0XEF,0X7D,0XEF,0X7D,0XEF,0X7D,0XEF,
0X7D,0XEF,0X7D,0XEF,0X7D,0XEF,0X7D,0XEF,0X7D,0XEF,0X7D,0XEF,0X7D,0XEF,0X7D,0XEF,
0X7D,0XEF,0X7D,0XEF,0X7D,0XEF,0X7D,0XEF,0X7D,0XEF,0X7D,0XEF,0X7D,0XEF,0X7D,0XEF,
0X7D,0XEF,0X7D,0XEF,0X7D,0XEF,0X7D,0XEF,0X9C,0XE7,0X9C,0XE7,0X7D,0XEF,0X7D,0XEF,
0X7D,0XEF,0X7C,0XE7,0X9C,0XE7,0X9D,0XE7,0X9C,0XE7,0XBB,0XDF,0XD9,0XCF,0XF7,0XC7,
0XB8,0XCF,0XBA,0XD7,0XBB,0XDF,0X9D,0XE7,0X7D,0XEF,0X7D,0XEF,0X7C,0XE7,0X9C,0XE7,
0X9C,0XE7,0X7D,0XEF,0X7D,0XEF,0X7D,0XEF,0X7D,0XEF,0X7D,0XEF,0X7D,0XEF,0X7D,0XEF,
0X7D,0XEF,0X7D,0XEF,0X7D,0XEF,0X7D,0XEF,0X7D,0XEF,0X7D,0XEF,0X7D,0XEF,0X7D,0XEF,
0X7D,0XEF,0X7D,0XEF,0X7D,0XEF,0X7D,0XEF,0X7D,0XEF,0X7D,0XEF,0X7D,0XEF,0X7D,0XEF,
0X7D,0XEF,0X7D,0XEF,0X7D,0XEF,0X7D,0XEF,0X7D,0XEF,0X7D,0XEF,0X7D,0XEF,0X7D,0XEF,
0X7D,0XEF,0X7D,0XEF,0X7D,0XEF,0X7D,0XEF,0X7D,0XEF,0X7D,0XEF,0X7D,0XEF,0X7D,0XEF,
0X7D,0XEF,0X7D,0XEF,0X7D,0XEF,0X7D,0XEF,0X7D,0XEF,0X7D,0XEF,0X7D,0XEF,0X7D,0XEF,
0X7D,0XEF,0X7D,0XEF,0X7D,0XEF,0X7D,0XEF,0X7D,0XEF,0X7D,0XEF,0X7D,0XEF,0X7D,0XEF,
0X7D,0XEF,0X7D,0XEF,0X7D,0XEF,0X7D,0XEF,0X9C,0XE7,0X9C,0XE7,0X7D,0XEF,0X7D,0XEF,
0X7D,0XEF,0X9C,0XE7,0X9C,0XE7,0X9C,0XE7,0X9C,0XE7,0XBA,0XD7,0XD8,0XC7,0XF7,0XBF,
0XD8,0XC7,0XB9,0XCF,0XBB,0XDF,0X9C,0XE7,0X7D,0XE7,0X7D,0XE7,0X7D,0XE7,0X9D,0XE7,
0X9C,0XE7,0X7D,0XEF,0X7D,0XEF,0X7D,0XEF,0X7D,0XEF,0X7D,0XEF,0X7D,0XEF,0X7D,0XEF,
0X7D,0XEF,0X7D,0XEF,0X7D,0XEF,0X7D,0XEF,0X7D,0XEF,0X7D,0XEF,0X7D,0XEF,0X7D,0XEF,
0X7D,0XEF,0X7D,0XEF,0X7D,0XEF,0X7D,0XEF,0X7D,0XE7,0X7D,0XE7,0X7D,0XE7,0X7C,0XEF,
0X7C,0XEF,0X7D,0XEF,0X7D,0XE7,0X9D,0XE7,0X9C,0XE7,0X7D,0XEF,0X7D,0XEF,0X7D,0XEF,
0X7D,0XE7,0X9D,0XE7,0X7D,0XEF,0X7D,0XEF,0X7C,0XEF,0X7C,0XEF,0X7C,0XEF,0X7D,0XEF,
0X7D,0XEF,0X7D,0XEF,0X7D,0XEF,0X7C,0XEF,0X7D,0XEF,0X7D,0XEF,0X7D,0XEF,0X7D,0XEF,
0X7C,0XEF,0X7D,0XEF,0X7D,0XEF,0X7D,0XEF,0X7D,0XEF,0X7D,0XEF,0X7D,0XEF,0X7D,0XEF,
0X7D,0XEF,0X7D,0XEF,0X7D,0XEF,0X7D,0XEF,0X9D,0XE7,0X9C,0XE7,0X7D,0XEF,0X7D,0XEF,
0X7D,0XEF,0X7C,0XE7,0X9C,0XE7,0X9C,0XE7,0XBB,0XDF,0XB9,0XCF,0XD8,0XC7,0XF7,0XBF,
0XF8,0XC7,0XD8,0XC7,0XD9,0XCF,0XBB,0XDF,0XBC,0XE7,0X9D,0XE7,0X7D,0XEF,0X7D,0XEF,
0X7D,0XEF,0X7D,0XEF,0X9D,0XE7,0X7D,0XEF,0X7D,0XEF,0X7D,0XEF,0X7D,0XEF,0X7D,0XEF,
0X7D,0XEF,0X7D,0XEF,0X7D,0XEF,0X7D,0XEF,0X7D,0XEF,0X7D,0XEF,0X9D,0XE7,0X9D,0XE7,
0X9D,0XE7,0X7D,0XEF,0X7D,0XEF,0X7D,0XEF,0X9D,0XE7,0X9E,0XE7,0X9D,0XE7,0X9C,0XEF,
0X7C,0XEF,0X7D,0XEF,0X7D,0XE7,0X9D,0XE7,0X9C,0XE7,0X7D,0XEF,0X7E,0XEF,0X7E,0XEF,
0X9D,0XE7,0X9D,0XE7,0X9D,0XE7,0X7D,0XE7,0X9C,0XEF,0X7C,0XEF,0X7C,0XEF,0X7D,0XEF,
0X7D,0XEF,0X7D,0XE7,0X9C,0XE7,0X9C,0XEF,0X7C,0XEF,0X7D,0XEF,0X7D,0XEF,0X9D,0XEF,
0X9C,0XE7,0X7C,0XEF,0X7D,0XEF,0X7D,0XEF,0X7D,0XEF,0X7D,0XEF,0X7D,0XEF,0X7D,0XEF,
0X7D,0XEF,0X7D,0XEF,0X7D,0XEF,0X7D,0XEF,0X7D,0XEF,0X7D,0XE7,0X7D,0XEF,0X7D,0XEF,
0X7C,0XEF,0X7C,0XEF,0X9C,0XE7,0XBB,0XDF,0XBA,0XD7,0XD9,0XC7,0XF8,0XBF,0XF7,0XBF,
0XF7,0XC7,0XF8,0XC7,0XD9,0XC7,0XBA,0XD7,0XBB,0XDF,0XBC,0XE7,0X7D,0XE7,0X7D,0XEF,
0X7D,0XEF,0X7D,0XEF,0X7D,0XEF,0X7D,0XEF,0X9C,0XE7,0X7C,0XEF,0X7C,0XEF,0X9C,0XEF,
0X9C,0XEF,0X7C,0XEF,0X9C,0XEF,0X9C,0XEF,0X9C,0XEF,0X9C,0XEF,0X9C,0XE7,0X9C,0XE7,
0X9C,0XE7,0X9D,0XE7,0X7D,0XE7,0X9D,0XE7,0X9D,0XE7,0X9C,0XE7,0X9C,0XE7,0X9D,0XE7,
0X9D,0XE7,0X9D,0XE7,0X7D,0XE7,0X9C,0XE7,0X7C,0XEF,0X7D,0XEF,0X7E,0XEF,0X7D,0XEF,
0X9C,0XE7,0X9C,0XE7,0X9D,0XE7,0X7E,0XE7,0X7D,0XEF,0X9C,0XEF,0X9C,0XE7,0X9D,0XE7,
0X9D,0XE7,0X9D,0XE7,0X9D,0XE7,0X9D,0XE7,0X9D,0XE7,0X7D,0XEF,0X7D,0XEF,0X7D,0XE7,
0X9D,0XE7,0X7D,0XEF,0X7C,0XEF,0X7C,0XEF,0X7D,0XEF,0X7D,0XEF,0X7D,0XEF,0X7C,0XEF,
0X7C,0XEF,0X7C,0XEF,0X7C,0XEF,0X7C,0XEF,0X7C,0XEF,0X7D,0XEF,0X7D,0XEF,0X7D,0XEF,
0X9C,0XE7,0XBC,0XE7,0XBB,0XDF,0XBA,0XD7,0XD9,0XCF,0XF8,0XC7,0XF7,0XBF,0XF7,0XBF,
0XF7,0XBF,0XF7,0XC7,0XD8,0XC7,0XB9,0XCF,0XBA,0XD7,0XBB,0XDF,0X9C,0XE7,0X9C,0XE7,
0X7D,0XEF,0X7D,0XEF,0X7D,0XEF,0X7C,0XE7,0X9C,0XE7,0X9C,0XE7,0X9C,0XE7,0X9C,0XE7,
0X9C,0XE7,0X7C,0XEF,0X7D,0XEF,0X7D,0XEF,0X7D,0XEF,0X7D,0XEF,0X7D,0XEF,0X7C,0XEF,
0X7C,0XEF,0X7D,0XEF,0X7E,0XEF,0X7D,0XEF,0X9C,0XEF,0X9B,0XEF,0X9C,0XE7,0X7D,0XE7,
0X9D,0XE7,0X9C,0XE7,0X7C,0XEF,0X7C,0XEF,0X7C,0XEF,0X7D,0XEF,0X7D,0XEF,0X7C,0XEF,
0X9B,0XEF,0X9B,0XE7,0X7D,0XE7,0X7D,0XEF,0X7D,0XEF,0X7C,0XEF,0X9D,0XE7,0X9C,0XE7,
0X9C,0XE7,0X9C,0XE7,0X9D,0XE7,0X9D,0XE7,0X9D,0XE7,0X7D,0XEF,0X7C,0XEF,0X7D,0XE7,
0X7D,0XE7,0X7D,0XEF,0X7C,0XEF,0X7C,0XEF,0X7C,0XEF,0X7C,0XE7,0X7C,0XE7,0X9C,0XE7,
0X9C,0XE7,0X9C,0XE7,0X9C,0XE7,0X9C,0XE7,0X7C,0XEF,0X7D,0XEF,0X7D,0XEF,0X9C,0XE7,
0XBC,0XDF,0XBB,0XDF,0XBA,0XCF,0XD9,0XCF,0XF8,0XC7,0XF7,0XC7,0XF7,0XBF,0XF7,0XBF,
0XF7,0XBF,0XF7,0XBF,0XF7,0XC7,0XD8,0XC7,0XD9,0XCF,0XBA,0XD7,0XBB,0XDF,0X9C,0XE7,
0X9C,0XE7,0X9D,0XE7,0X7D,0XEF,0X7D,0XE7,0X9D,0XE7,0X7D,0XE7,0X7D,0XE7,0X7D,0XE7,
0X7D,0XE7,0X7D,0XEF,0X7D,0XEF,0X7D,0XEF,0X7D,0XEF,0X7D,0XEF,0X7D,0XEF,0X7C,0XEF,
0X7D,0XEF,0X5D,0XEF,0X7D,0XEF,0X7D,0XEF,0X7C,0XEF,0X7B,0XEF,0X7C,0XEF,0X7D,0XE7,
0X7D,0XE7,0X9C,0XE7,0X7C,0XEF,0X7C,0XEF,0X7C,0XEF,0X7D,0XEF,0X7C,0XEF,0X9B,0XEF,
0X9A,0XEF,0X9B,0XEF,0X7C,0XEF,0X7D,0XEF,0X7D,0XEF,0X7D,0XEF,0X7D,0XEF,0X9C,0XE7,
0X9B,0XE7,0X9C,0XE7,0X9D,0XE7,0X7D,0XE7,0X7D,0XEF,0X7D,0XEF,0X7C,0XEF,0X7D,0XEF,
0X7D,0XEF,0X7D,0XEF,0X7D,0XEF,0X7D,0XEF,0X7D,0XEF,0X7D,0XE7,0X9D,0XE7,0X9C,0XE7,
0X9C,0XE7,0X9C,0XE7,0X9C,0XE7,0X9C,0XE7,0X7C,0XEF,0X7D,0XEF,0X9C,0XE7,0XBC,0XDF,
0XDB,0XD7,0XDA,0XCF,0XD9,0XC7,0XF8,0XC7,0XF7,0XBF,0XF7,0XBF,0XF7,0XBF,0XF7,0XC7,
0XF7,0XBF,0XF7,0XBF,0XF7,0XBF,0XF8,0XC7,0XF8,0XC7,0XD9,0XCF,0XB9,0XD7,0XBA,0XD7,
0XBB,0XDF,0XBC,0XE7,0XBC,0XE7,0X9C,0XE7,0X9C,0XE7,0X9C,0XE7,0X9C,0XE7,0X9C,0XE7,
0X9D,0XEF,0X7D,0XEF,0X7D,0XEF,0X7D,0XEF,0X7D,0XEF,0X7D,0XEF,0X7D,0XEF,0X7C,0XEF,
0X7D,0XEF,0X7D,0XEF,0X7D,0XE7,0X7D,0XEF,0X7D,0XEF,0X7D,0XEF,0X9C,0XEF,0X9D,0XE7,
0X9D,0XE7,0X9D,0XE7,0X7D,0XEF,0X7D,0XEF,0X7E,0XE7,0X9E,0XE7,0X9D,0XE7,0X9C,0XE7,
0X9C,0XE7,0X9D,0XE7,0X7E,0XE7,0X7E,0XEF,0X9D,0XEF,0X7D,0XEF,0X7E,0XEF,0X7D,0XEF,
0X9C,0XEF,0X9B,0XEF,0X9C,0XEF,0X7D,0XEF,0X7D,0XEF,0X7D,0XEF,0X7D,0XEF,0X7D,0XEF,
0X7D,0XEF,0X7D,0XEF,0X7D,0XEF,0X7D,0XEF,0X7D,0XEF,0X7D,0XEF,0X7D,0XEF,0X9D,0XE7,
0X9D,0XE7,0X9D,0XE7,0X9D,0XE7,0X9D,0XE7,0X9C,0XE7,0XBC,0XE7,0XBB,0XDF,0XBA,0XD7,
0XD9,0XCF,0XD9,0XC7,0XF8,0XC7,0XF8,0XBF,0XF7,0XBF,0XF7,0XBF,0XF7,0XC7,0XF7,0XC7,
0XF7,0XBF,0XF7,0XBF,0XF7,0XBF,0XF8,0XBF,0XF8,0XC7,0XF8,0XC7,0XD8,0XC7,0XD9,0XCF,
0XB9,0XCF,0XDA,0XD7,0XDB,0XD7,0XBC,0XE7,0X9C,0XE7,0X9C,0XE7,0X9C,0XE7,0X9C,0XE7,
0X9C,0XEF,0X9D,0XEF,0X7D,0XEF,0X7D,0XEF,0X7D,0XEF,0X7D,0XEF,0X7D,0XEF,0X7D,0XEF,
0X7D,0XEF,0X7D,0XEF,0X9D,0XE7,0X9D,0XE7,0X7E,0XEF,0X7D,0XEF,0X9D,0XEF,0X9D,0XE7,
0XBD,0XE7,0X7C,0XEF,0X7D,0XEF,0X7D,0XE7,0X7E,0XE7,0X9D,0XE7,0X9D,0XE7,0X9C,0XE7,
0X7D,0XE7,0X7E,0XEF,0X7E,0XEF,0X7E,0XEF,0X9C,0XEF,0X7C,0XEF,0X5D,0XEF,0X5D,0XEF,
0X7D,0XEF,0X9C,0XE7,0X9C,0XEF,0X9C,0XE7,0X9C,0XEF,0X9C,0XEF,0X9C,0XEF,0X9C,0XE7,
0X9D,0XE7,0X9D,0XEF,0X7D,0XEF,0X7D,0XEF,0X9D,0XEF,0X9D,0XEF,0X9C,0XEF,0X9C,0XE7,
0X9C,0XE7,0X9C,0XE7,0X9C,0XE7,0X9C,0XE7,0XBB,0XDF,0XDA,0XD7,0XDA,0XCF,0XD9,0XCF,
0XD8,0XC7,0XF8,0XC7,0XF8,0XC7,0XF7,0XC7,0XF7,0XC7,0XF7,0XC7,0XF8,0XC7,0XF8,0XC7,
0XF8,0XC7,0XF8,0XBF,0XF8,0XBF,0XF8,0XBF,0XF8,0XBF,0XF8,0XBF,0XF8,0XC7,0XF8,0XC7,
0XD8,0XC7,0XD9,0XC7,0XD9,0XCF,0XBA,0XD7,0XBB,0XDF,0X9B,0XDF,0XBB,0XDF,0XBB,0XDF,
0XBB,0XDF,0XBC,0XE7,0XBC,0XE7,0XBC,0XE7,0XBC,0XE7,0XBC,0XE7,0XBC,0XE7,0XDB,0XE7,
0XBC,0XE7,0XBC,0XE7,0XDC,0XDF,0XBC,0XDF,0XBD,0XE7,0X9C,0XE7,0XBC,0XDF,0XDC,0XDF,
0XBC,0XE7,0X98,0XF7,0X97,0XFF,0X97,0XFF,0X98,0XF7,0X97,0XF7,0XB7,0XF7,0X97,0XFF,
0X78,0XFF,0X78,0XFF,0X58,0XFF,0X77,0XFF,0X96,0XFF,0X97,0XF7,0XB9,0XEF,0X9B,0XEF,
0X9C,0XE7,0XBC,0XE7,0XDB,0XE7,0XDB,0XDF,0XDB,0XE7,0XDB,0XE7,0XDB,0XDF,0XDC,0XDF,
0XDC,0XDF,0XBC,0XE7,0XBC,0XE7,0XBC,0XE7,0XDB,0XE7,0XDB,0XE7,0XDB,0XE7,0XBB,0XDF,
0XBB,0XDF,0XBA,0XDF,0XBA,0XDF,0X9A,0XD7,0XB9,0XCF,0XF9,0XC7,0XF8,0XC7,0XF8,0XC7,
0XF8,0XC7,0XF7,0XC7,0XF7,0XC7,0XF7,0XC7,0XF7,0XC7,0XF8,0XC7,0XF8,0XC7,0XF8,0XC7,
0XF8,0XC7,0XF8,0XC7,0XF8,0XC7,0XF8,0XBF,0XF7,0XBF,0XF7,0XBF,0XF7,0XBF,0XF8,0XBF,
0XF8,0XBF,0XF8,0XC7,0XF8,0XC7,0XF8,0XC7,0XF8,0XC7,0XF8,0XC7,0XF8,0XC7,0XF8,0XC7,
0XF8,0XC7,0XF8,0XC7,0XF8,0XC7,0XD8,0XC7,0XD8,0XC7,0XD8,0XC7,0XD8,0XC7,0XF7,0XC7,
0XD8,0XCF,0XD8,0XCF,0XF8,0XC7,0XD9,0XC7,0XD8,0XCF,0XD8,0XCF,0XD8,0XC7,0XD9,0XCF,
0X96,0XD7,0X0D,0XE7,0X46,0XEE,0X44,0XF6,0X44,0XF6,0X43,0XF6,0X43,0XF6,0X24,0XF6,
0X25,0XFE,0X05,0XFE,0X24,0XF6,0X44,0XF6,0X44,0XEE,0X86,0XDE,0X2C,0XC7,0XD3,0XD7,
0XB7,0XD7,0X99,0XCF,0XBA,0XCF,0XB9,0XCF,0XD9,0XCF,0XD8,0XCF,0XD8,0XCF,0XD8,0XCF,
0XD8,0XCF,0XD8,0XC7,0XD9,0XC7,0XD9,0XC7,0XD8,0XC7,0XD8,0XC7,0XD8,0XC7,0XD8,0XC7,
0XF8,0XC7,0XF8,0XC7,0XF8,0XC7,0XF8,0XC7,0XF8,0XBF,0XF8,0XBF,0XF8,0XBF,0XF8,0XBF,
0XF7,0XC7,0XF7,0XC7,0XF7,0XC7,0XF7,0XC7,0XF8,0XC7,0XF8,0XC7,0XF8,0XC7,0XF8,0XBF,
0XF8,0XC7,0XF8,0XC7,0XF8,0XC7,0XF8,0XC7,0XF8,0XC7,0XF7,0XBF,0XF7,0XBF,0XF8,0XBF,
0XF8,0XBF,0XF8,0XBF,0XF7,0XBF,0XF7,0XC7,0XF7,0XC7,0XF7,0XC7,0XF7,0XC7,0XF7,0XC7,
0XF7,0XC7,0XF8,0XC7,0XF8,0XC7,0XF8,0XC7,0XF8,0XC7,0XF8,0XC7,0XF8,0XC7,0XF8,0XC7,
0XF8,0XC7,0XF8,0XC7,0XF8,0XC7,0XF9,0XC7,0XF8,0XC7,0XF8,0XCF,0XF7,0XBF,0XF8,0XCF,
0XD4,0XDF,0X87,0XE6,0X21,0XF6,0X20,0XFE,0X20,0XFE,0X20,0XFE,0X20,0XFE,0X00,0XFE,
0X01,0XFE,0X00,0XFE,0X20,0XFE,0X40,0XFE,0X42,0XEE,0XA7,0XDE,0XB1,0XCF,0XD5,0XCF,
0XB7,0XC7,0XD9,0XC7,0XB9,0XBF,0XF8,0XC7,0XF8,0XC7,0XF7,0XC7,0XF8,0XC7,0XF8,0XC7,
0XF8,0XC7,0XF8,0XC7,0XF8,0XC7,0XF8,0XC7,0XF8,0XC7,0XF8,0XC7,0XF8,0XC7,0XF7,0XC7,
0XF7,0XC7,0XF7,0XC7,0XF7,0XC7,0XF7,0XC7,0XF7,0XBF,0XF7,0XBF,0XF7,0XBF,0XF7,0XBF,
0XF7,0XC7,0XF7,0XC7,0XF7,0XC7,0XF8,0XC7,0XF8,0XC7,0XF8,0XC7,0XF8,0XC7,0XF8,0XC7,
0XF7,0XC7,0XF7,0XC7,0XF7,0XC7,0XF7,0XC7,0XF8,0XC7,0XF8,0XC7,0XF7,0XC7,0XF8,0XC7,
0XF8,0XBF,0XF8,0XBF,0XF8,0XBF,0XF8,0XC7,0XF7,0XC7,0XF8,0XC7,0XF8,0XC7,0XF8,0XC7,
0XF8,0XC7,0XF8,0XC7,0XF8,0XC7,0XF8,0XC7,0XF8,0XC7,0XF8,0XC7,0XF8,0XC7,0XF8,0XBF,
0XD8,0XC7,0XD8,0XC7,0XF7,0XC7,0XF9,0XBF,0XD8,0XBF,0XF8,0XC7,0XF7,0XBF,0XD6,0XCF,
0X70,0XE7,0X43,0XEE,0X20,0XFE,0X20,0XFE,0X20,0XFE,0X20,0XFE,0X20,0XFE,0X20,0XFE,
0X01,0XFE,0X20,0XFE,0X40,0XFE,0X41,0XEE,0X66,0XEE,0X0E,0XDF,0XD6,0XCF,0XD8,0XC7,
0XD8,0XC7,0XF9,0XC7,0XF9,0XBF,0XF8,0XBF,0XF7,0XBF,0XF7,0XBF,0XF7,0XC7,0XF8,0XC7,
0XF8,0XC7,0XF8,0XC7,0XF7,0XC7,0XF7,0XC7,0XF7,0XC7,0XF7,0XC7,0XF7,0XC7,0XF7,0XC7,
0XF7,0XC7,0XF7,0XC7,0XF7,0XC7,0XF7,0XC7,0XF7,0XC7,0XF7,0XC7,0XF7,0XC7,0XF8,0XC7,
0XF8,0XC7,0XF8,0XC7,0XF8,0XC7,0XF8,0XC7,0XF8,0XC7,0XF7,0XC7,0XF7,0XC7,0XF7,0XC7,
0XF7,0XC7,0XF7,0XC7,0XF7,0XC7,0XF7,0XC7,0XF7,0XC7,0XF8,0XC7,0XF8,0XC7,0XF8,0XC7,
0XF8,0XC7,0XF8,0XC7,0XF8,0XC7,0XF8,0XC7,0XF8,0XBF,0XF8,0XBF,0XF8,0XBF,0XF9,0XBF,
0XF9,0XBF,0XF9,0XBF,0XF9,0XBF,0XF8,0XBF,0XF8,0XC7,0XF7,0XC7,0XF8,0XBF,0XF8,0XBF,
0XF8,0XC7,0XF7,0XC7,0XF6,0XC7,0XF8,0XBF,0XF8,0XBF,0XD8,0XC7,0XF6,0XC7,0XF3,0XD7,
0XCA,0XDE,0X42,0XF6,0X20,0XFE,0X20,0XFE,0X20,0XFE,0X20,0XFE,0X21,0XFE,0X21,0XFE,
0X21,0XFE,0X40,0XFE,0X60,0XF6,0X63,0XE6,0XEB,0XE6,0XB4,0XE7,0XD7,0XCF,0XF7,0XC7,
0XF7,0XC7,0XF7,0XBF,0XF8,0XBF,0XF8,0XBF,0XF8,0XC7,0XF7,0XC7,0XF7,0XC7,0XF7,0XC7,
0XF8,0XC7,0XF8,0XC7,0XF8,0XC7,0XF8,0XC7,0XF8,0XC7,0XF9,0XC7,0XF9,0XBF,0XF9,0XBF,
0XF9,0XC7,0XF8,0XC7,0XF8,0XC7,0XF8,0XC7,0XF8,0XC7,0XF8,0XC7,0XF8,0XC7,0XF8,0XC7,
0XF8,0XC7,0XF8,0XBF,0XF8,0XBF,0XF8,0XBF,0XF8,0XBF,0XF7,0XC7,0XF7,0XC7,0XF7,0XC7,
0XF8,0XC7,0XF7,0XC7,0XF7,0XC7,0XF7,0XC7,0XF7,0XC7,0XF7,0XC7,0XF8,0XC7,0XF8,0XC7,
0XF8,0XC7,0XF8,0XC7,0XF8,0XC7,0XF7,0XC7,0XF7,0XC7,0XF7,0XBF,0XDB,0XBF,0X1B,0XA7,
0XFB,0XA6,0X1B,0XAF,0X9B,0XB7,0XF9,0XBF,0XF7,0XC7,0XF6,0XBF,0XF7,0XC7,0XF8,0XC7,
0XF8,0XC7,0XF7,0XC7,0XF7,0XBF,0XF7,0XBF,0XF7,0XBF,0XF9,0XC7,0XD7,0XC7,0X91,0XE7,
0X26,0XE6,0X42,0XF6,0X41,0XFE,0X40,0XFE,0X40,0XFE,0X20,0XFE,0X21,0XFE,0X20,0XFE,
0X40,0XFE,0X40,0XFE,0X61,0XEE,0XC7,0XE6,0XB1,0XDF,0XD7,0XCF,0XF7,0XC7,0XF7,0XBF,
0XF7,0XC7,0XF7,0XBF,0XF7,0XBF,0XF8,0XC7,0XF8,0XC7,0XF7,0XC7,0XF7,0XC7,0XF7,0XC7,
0XF7,0XC7,0XF7,0XC7,0XF8,0XC7,0XF8,0XBF,0XFB,0XC7,0X5B,0XB7,0XDB,0X9E,0XDC,0XA6,
0X9C,0XBF,0XDA,0XBF,0XF9,0XC7,0XF8,0XC7,0XF7,0XBF,0XF7,0XC7,0XF8,0XC7,0XF8,0XC7,
0XF8,0XC7,0XF8,0XC7,0XF8,0XBF,0XF8,0XBF,0XF8,0XC7,0XF8,0XC7,0XF7,0XC7,0XF7,0XC7,
0XF8,0XC7,0XF7,0XC7,0XF7,0XC7,0XF7,0XC7,0XF7,0XC7,0XF7,0XC7,0XF8,0XC7,0XF8,0XC7,
0XF8,0XC7,0XF8,0XC7,0XF8,0XC7,0XF7,0XC7,0XF7,0XBF,0XF9,0XBF,0X3B,0XAF,0XBE,0X9E,
0XBE,0X9E,0X9E,0XA6,0X1C,0XAF,0XDA,0XBF,0XF8,0XC7,0XF7,0XC7,0XF7,0XC7,0XF8,0XC7,
0XF8,0XC7,0XF8,0XC7,0XF8,0XBF,0XF7,0XBF,0XF7,0XC7,0XF7,0XC7,0XF6,0XCF,0X2D,0XE7,
0X43,0XF6,0X41,0XFE,0X40,0XFE,0X40,0XFE,0X40,0XFE,0X40,0XFE,0X40,0XFE,0X40,0XFE,
0X40,0XFE,0X41,0XF6,0X85,0XE6,0X6E,0XDF,0XD5,0XCF,0XF8,0XBF,0XF7,0XC7,0XF7,0XC7,
0XF8,0XC7,0XF8,0XC7,0XF8,0XBF,0XF8,0XC7,0XF8,0XC7,0XF8,0XC7,0XF7,0XC7,0XF7,0XC7,
0XF7,0XC7,0XF7,0XC7,0XF7,0XC7,0XD8,0XBF,0X7C,0XB7,0XDD,0XA6,0X9E,0X9E,0XBE,0X9E,
0XFB,0XA6,0XBB,0XBF,0XF9,0XC7,0XF7,0XC7,0XF7,0XC7,0XF7,0XC7,0XF8,0XC7,0XF8,0XC7,
0XF8,0XC7,0XF8,0XC7,0XF8,0XC7,0XF8,0XC7,0XF8,0XC7,0XF8,0XC7,0XF8,0XC7,0XF8,0XC7,
0XF8,0XC7,0XF7,0XC7,0XF7,0XC7,0XF7,0XC7,0XF7,0XC7,0XF8,0XC7,0XF8,0XC7,0XF8,0XC7,
0XF8,0XC7,0XF8,0XC7,0XF8,0XC7,0XF8,0XC7,0XD8,0XC7,0XBB,0XBF,0XBC,0XA6,0XBF,0X9E,
0XBF,0X9E,0X9F,0XA6,0XDC,0XA6,0XBA,0XBF,0XD8,0XC7,0XF8,0XC7,0XF8,0XC7,0XF8,0XBF,
0XF8,0XC7,0XF8,0XC7,0XF8,0XC7,0XF8,0XBF,0XF7,0XC7,0XD6,0XC7,0XF4,0XD7,0XC8,0XDE,
0X60,0XFE,0X40,0XFE,0X40,0XFE,0X40,0XFE,0X21,0XFE,0X40,0XFE,0X60,0XF6,0X60,0XF6,
0X61,0XF6,0X84,0XE6,0X2C,0XDF,0XD6,0XCF,0XD8,0XBF,0XF8,0XBF,0XF7,0XBF,0XF7,0XC7,
0XF7,0XC7,0XF8,0XC7,0XF8,0XC7,0XF8,0XC7,0XF8,0XC7,0XF8,0XC7,0XF7,0XC7,0XF7,0XC7,
0XF7,0XC7,0XF8,0XC7,0XF7,0XC7,0XF9,0XC7,0XFC,0XA6,0X9E,0X9E,0XBF,0XA6,0XBE,0X9E,
0XBB,0X9E,0X9B,0XB7,0XF9,0XC7,0XF8,0XC7,0XF7,0XC7,0XF7,0XC7,0XF8,0XC7,0XF8,0XC7,
0XF8,0XC7,0XF8,0XC7,0XF8,0XC7,0XF8,0XC7,0XF8,0XC7,0XF8,0XC7,0XF8,0XC7,0XF8,0XC7,
0XF7,0XC7,0XF7,0XC7,0XF8,0XC7,0XF8,0XC7,0XF8,0XC7,0XF8,0XC7,0XF8,0XC7,0XF8,0XC7,
0XF7,0XC7,0XF7,0XC7,0XF7,0XC7,0XF8,0XC7,0XDA,0XC7,0X5C,0XB7,0XBE,0XA6,0X9F,0X9E,
0X9F,0X9E,0X9F,0X9E,0XFC,0XAE,0XDA,0XBF,0XD8,0XBF,0XF8,0XC7,0XF8,0XC7,0XF8,0XC7,
0XF8,0XC7,0XF8,0XC7,0XF8,0XC7,0XF8,0XBF,0XF8,0XBF,0XF7,0XCF,0X91,0XDF,0XA6,0XDE,
0X80,0XF6,0X60,0XF6,0X60,0XFE,0X40,0XFE,0X21,0XFE,0X40,0XFE,0X60,0XF6,0X61,0XF6,
0X62,0XEE,0XEB,0XE6,0XB4,0XDF,0XD8,0XCF,0XF9,0XC7,0XF8,0XC7,0XF7,0XC7,0XF7,0XBF,
0XF7,0XC7,0XF7,0XC7,0XF8,0XC7,0XF7,0XC7,0XF8,0XC7,0XF8,0XC7,0XF7,0XC7,0XF7,0XC7,
0XF7,0XC7,0XF8,0XBF,0XF8,0XC7,0X9A,0XBF,0XBD,0XA6,0X9F,0XA6,0X9F,0XA6,0X9E,0XA6,
0XDB,0XA6,0XBB,0XBF,0XF8,0XC7,0XF7,0XC7,0XF7,0XC7,0XF8,0XC7,0XF8,0XC7,0XF8,0XC7,
0XF8,0XC7,0XF8,0XC7,0XF8,0XC7,0XF8,0XC7,0XF8,0XC7,0XF8,0XC7,0XF8,0XC7,0XF8,0XC7,
0XF7,0XC7,0XF7,0XC7,0XF8,0XC7,0XF8,0XC7,0XF8,0XC7,0XF8,0XC7,0XF8,0XC7,0XF8,0XC7,
0XF7,0XC7,0XF7,0XC7,0XF7,0XC7,0XF8,0XC7,0XDB,0XC7,0XFC,0XAE,0XBF,0XA6,0X9F,0X9E,
0X9F,0X9E,0X9E,0X9E,0X3B,0XB7,0XF9,0XC7,0XF8,0XC7,0XF8,0XC7,0XF7,0XBF,0XF7,0XBF,
0XF8,0XC7,0XF8,0XC7,0XF8,0XC7,0XF8,0XC7,0XF8,0XC7,0XD6,0XD7,0X0B,0XE7,0X63,0XEE,
0X60,0XF6,0X40,0XFE,0X40,0XFE,0X40,0XFE,0X41,0XFE,0X41,0XFE,0X40,0XFE,0X61,0XF6,
0X85,0XEE,0X4C,0XEF,0XD1,0XEF,0XB3,0XDF,0XD3,0XDF,0XD4,0XCF,0XF7,0XC7,0XF7,0XC7,
0XF7,0XC7,0XF7,0XC7,0XF7,0XC7,0XF7,0XC7,0XF7,0XC7,0XF7,0XC7,0XF7,0XC7,0XF7,0XC7,
0XF7,0XC7,0XF7,0XC7,0XDA,0XC7,0X1B,0XAF,0X9E,0XA6,0X9F,0XA6,0X7F,0X9E,0X9E,0X9E,
0X1C,0XAF,0XDA,0XBF,0XF8,0XC7,0XF7,0XBF,0XF8,0XC7,0XF8,0XC7,0XF8,0XC7,0XF8,0XC7,
0XF8,0XC7,0XF8,0XC7,0XF8,0XC7,0XF8,0XC7,0XF8,0XC7,0XF8,0XC7,0XF8,0XC7,0XF8,0XC7,
0XF7,0XC7,0XF7,0XC7,0XF8,0XC7,0XF8,0XC7,0XF8,0XC7,0XF8,0XC7,0XF8,0XC7,0XF7,0XC7,
0XF7,0XC7,0XF7,0XC7,0XF7,0XC7,0XF8,0XC7,0X9B,0XBF,0XBD,0XA6,0X9E,0X9E,0X9F,0X9E,
0X9F,0XA6,0XDC,0XA6,0X9A,0XBF,0XF8,0XC7,0XF7,0XC7,0XF7,0XC7,0XF7,0XBF,0XF7,0XBF,
0XF8,0XC7,0XF8,0XC7,0XF8,0XC7,0XF8,0XC7,0XD7,0XCF,0XB4,0XD7,0XA6,0XEE,0X61,0XF6,
0X41,0XFE,0X21,0XFE,0X21,0XFE,0X41,0XFE,0X60,0XFE,0X41,0XFE,0X41,0XFE,0X41,0XFE,
0X65,0XEE,0XA7,0XE6,0XA7,0XDE,0XC8,0XDE,0XA9,0XCE,0X2E,0XC7,0XB5,0XBF,0XF7,0XC7,
0XF7,0XC7,0XF7,0XBF,0XF7,0XC7,0XF7,0XC7,0XF7,0XC7,0XF7,0XC7,0XF7,0XC7,0XF7,0XC7,
0XF7,0XC7,0XF6,0XBF,0XBB,0XBF,0XDE,0XA6,0X9E,0X9E,0X9F,0XA6,0X9F,0XA6,0X9E,0XA6,
0X9C,0XB7,0XD9,0XBF,0XF8,0XC7,0XF8,0XC7,0XF7,0XBF,0XF8,0XC7,0XF8,0XC7,0XF8,0XC7,
0XF8,0XC7,0XF8,0XC7,0XF8,0XC7,0XF8,0XC7,0XF8,0XC7,0XF8,0XC7,0XF8,0XC7,0XF8,0XC7,
0XF7,0XC7,0XF7,0XC7,0XF8,0XC7,0XF8,0XC7,0XF8,0XC7,0XF8,0XC7,0XF8,0XC7,0XF7,0XC7,
0XF7,0XC7,0XF7,0XC7,0XF8,0XC7,0XDA,0XBF,0X1B,0XAF,0XBE,0XA6,0X9E,0X9E,0X9F,0X9E,
0X9F,0XA6,0X1B,0XAF,0XFA,0XC7,0XD8,0XC7,0XF7,0XC7,0XF7,0XC7,0XF7,0XC7,0XF8,0XBF,
0XF8,0XC7,0XF8,0XC7,0XF7,0XC7,0XF7,0XC7,0XF6,0XCF,0X70,0XD7,0X84,0XEE,0X61,0XF6,
0X41,0XF6,0X42,0XFE,0X41,0XFE,0X61,0XFE,0X61,0XFE,0X60,0XFE,0X41,0XFE,0X42,0XFE,
0X42,0XFE,0X62,0XF6,0X83,0XEE,0X84,0XE6,0XE9,0XDE,0X90,0XD7,0XF6,0XC7,0XF7,0XC7,
0XF7,0XC7,0XF7,0XC7,0XF7,0XC7,0XF7,0XC7,0XF7,0XC7,0XF8,0XC7,0XF7,0XC7,0XF8,0XC7,
0XF8,0XC7,0XF7,0XBF,0X7C,0XB7,0X9E,0XA6,0X9F,0XA6,0X9F,0XA6,0X7F,0X9E,0XDD,0XA6,
0XBB,0XBF,0XF8,0XC7,0XF8,0XC7,0XF7,0XC7,0XF8,0XC7,0XF8,0XC7,0XF8,0XC7,0XF8,0XC7,
0XF8,0XC7,0XF8,0XC7,0XF8,0XC7,0XF8,0XC7,0XF8,0XC7,0XF8,0XC7,0XF8,0XC7,0XF8,0XC7,
0XF7,0XC7,0XF7,0XC7,0XF8,0XC7,0XF8,0XC7,0XF8,0XC7,0XF8,0XC7,0XF7,0XC7,0XF7,0XC7,
0XF7,0XC7,0XF8,0XC7,0XF9,0XC7,0X9B,0XBF,0XBB,0X9E,0XBF,0XA6,0X9F,0X9E,0X9F,0X9E,
0XBE,0XA6,0X9B,0XBF,0XF8,0XC7,0XD8,0XBF,0XF8,0XC7,0XF7,0XC7,0XF8,0XC7,0XF8,0XC7,
0XF8,0XC7,0XF7,0XC7,0XF7,0XC7,0XF6,0XC7,0XF3,0XCF,0X0B,0XD7,0X63,0XEE,0X61,0XF6,
0X61,0XF6,0X61,0XFE,0X41,0XF6,0X61,0XFE,0X60,0XFE,0X61,0XF6,0X61,0XF6,0X41,0XFE,
0X40,0XFE,0X41,0XFE,0X63,0XF6,0XA8,0XDE,0X70,0XDF,0XF6,0XD7,0XF7,0XC7,0XF7,0XC7,
0XF7,0XC7,0XF7,0XC7,0XF7,0XC7,0XF7,0XC7,0XF7,0XC7,0XF8,0XC7,0XF8,0XC7,0XF8,0XC7,
0XF8,0XC7,0XDA,0XBF,0X1C,0XAF,0X9E,0X9E,0X9F,0XA6,0X7F,0X9E,0X9E,0XA6,0X3B,0XAF,
0XFA,0XC7,0XF7,0XBF,0XF7,0XC7,0XF7,0XC7,0XF7,0XC7,0XF8,0XC7,0XF8,0XC7,0XF8,0XC7,
0XF8,0XC7,0XF8,0XC7,0XF8,0XC7,0XF8,0XC7,0XF8,0XC7,0XF8,0XC7,0XF8,0XC7,0XF8,0XC7,
0XF7,0XC7,0XF7,0XC7,0XF8,0XC7,0XF8,0XC7,0XF8,0XC7,0XF8,0XC7,0XF7,0XC7,0XF7,0XC7,
0XF7,0XC7,0XF8,0XC7,0XD9,0XC7,0X3B,0XB7,0X9D,0X9E,0X9F,0XA6,0X9F,0X9E,0X9E,0X9E,
0XFD,0XAE,0XDA,0XC7,0XF8,0XC7,0XD8,0XC7,0XF8,0XC7,0XF8,0XC7,0XF8,0XC7,0XF8,0XC7,
0XF8,0XC7,0XF8,0XBF,0XF8,0XBF,0XF7,0XBF,0XD1,0XD7,0XC7,0XDE,0X62,0XF6,0X40,0XFE,
0X81,0XFE,0X60,0XF6,0X61,0XF6,0X61,0XF6,0X60,0XFE,0X61,0XF6,0X61,0XF6,0X61,0XF6,
0X61,0XFE,0X42,0XF6,0X86,0XEE,0X70,0XDF,0XF6,0XCF,0XD7,0XBF,0XF7,0XC7,0XF7,0XC7,
0XF7,0XC7,0XF7,0XC7,0XF7,0XC7,0XF8,0XC7,0XF7,0XC7,0XF8,0XC7,0XF8,0XC7,0XF8,0XBF,
0XF9,0XC7,0XBC,0XBF,0XDC,0XA6,0X9E,0XA6,0XBF,0XA6,0X9F,0XA6,0XDD,0XA6,0X9A,0XBF,
0XF9,0XC7,0XF8,0XBF,0XF7,0XC7,0XF7,0XC7,0XF7,0XC7,0XF8,0XC7,0XF8,0XC7,0XF8,0XC7,
0XF8,0XC7,0XF8,0XC7,0XF8,0XC7,0XF8,0XC7,0XF8,0XC7,0XF8,0XC7,0XF8,0XC7,0XF8,0XC7,
0XF7,0XC7,0XF7,0XC7,0XF8,0XC7,0XF8,0XC7,0XF8,0XC7,0XF7,0XC7,0XF7,0XC7,0XF7,0XC7,
0XF8,0XC7,0XF9,0XC7,0XBA,0XBF,0XDC,0XA6,0XBF,0XA6,0X9F,0X9E,0XBF,0XA6,0XBD,0X9E,
0X5C,0XB7,0XF9,0XC7,0XF8,0XC7,0XF8,0XC7,0XF8,0XC7,0XF8,0XC7,0XF9,0XC7,0XF8,0XC7,
0XF7,0XBF,0XF8,0XBF,0XF9,0XC7,0XF8,0XBF,0X91,0XCF,0XC7,0XDE,0X85,0XEE,0X84,0XEE,
0X84,0XF6,0X62,0XF6,0X61,0XF6,0X61,0XF6,0X61,0XFE,0X80,0XF6,0X80,0XF6,0X82,0XF6,
0X63,0XEE,0XC7,0XE6,0X8E,0XE7,0XF4,0XD7,0XF7,0XBF,0XF8,0XBF,0XF8,0XC7,0XF8,0XC7,
0XF8,0XC7,0XF8,0XC7,0XF8,0XC7,0XF8,0XC7,0XF8,0XC7,0XF8,0XC7,0XF8,0XC7,0XF8,0XC7,
0XFA,0XC7,0X3C,0XAF,0XBE,0X9E,0X9E,0X9E,0X9F,0XA6,0X9E,0XA6,0XFB,0XAE,0XF9,0XBF,
0XF8,0XBF,0XF8,0XC7,0XF7,0XC7,0XF7,0XBF,0XF8,0XC7,0XF8,0XC7,0XF8,0XC7,0XF8,0XC7,
0XF8,0XC7,0XF8,0XC7,0XF8,0XC7,0XF8,0XC7,0XF8,0XC7,0XF8,0XC7,0XF8,0XC7,0XF8,0XC7,
0XF7,0XC7,0XF7,0XC7,0XF8,0XC7,0XF8,0XC7,0XF8,0XC7,0XF7,0XC7,0XF7,0XBF,0XF7,0XC7,
0XF8,0XC7,0XDA,0XC7,0X7A,0XB7,0XBC,0XA6,0XBF,0XA6,0X9F,0X9E,0XBF,0XA6,0XFC,0XA6,
0XBA,0XBF,0XF8,0XC7,0XF7,0XC7,0XF7,0XC7,0XF7,0XC7,0XF8,0XC7,0XF8,0XBF,0XF8,0XBF,
0XF7,0XC7,0XF6,0XC7,0XF7,0XC7,0XF8,0XC7,0XF6,0XCF,0XF3,0XD7,0XD3,0XD7,0XD3,0XDF,
0XD1,0XE7,0X6A,0XEF,0X84,0XEE,0X62,0XFE,0X61,0XFE,0X60,0XFE,0X61,0XFE,0X83,0XEE,
0XC9,0XDE,0XB2,0XDF,0XF6,0XCF,0XD7,0XC7,0XF7,0XC7,0XF7,0XBF,0XF8,0XC7,0XF8,0XC7,
0XF8,0XC7,0XF8,0XC7,0XF8,0XC7,0XF8,0XC7,0XF8,0XC7,0XF8,0XC7,0XF8,0XC7,0XF9,0XC7,
0XB9,0XBF,0XBC,0XA6,0X9F,0X9E,0X9F,0X9E,0X9F,0XA6,0XBE,0XA6,0X7C,0XB7,0XF8,0XC7,
0XF8,0XC7,0XF7,0XBF,0XF7,0XC7,0XF8,0XBF,0XF8,0XC7,0XF8,0XC7,0XF8,0XC7,0XF8,0XC7,
0XF8,0XC7,0XF8,0XC7,0XF8,0XC7,0XF8,0XC7,0XF8,0XC7,0XF8,0XC7,0XF8,0XC7,0XF8,0XC7,
0XF8,0XC7,0XF8,0XC7,0XF8,0XC7,0XF8,0XC7,0XF8,0XC7,0XF8,0XC7,0XF7,0XC7,0XF7,0XBF,
0XF8,0XC7,0XDA,0XBF,0X3B,0XAF,0XBD,0X9E,0X9F,0X9E,0X9F,0X9E,0XBE,0X9E,0X1B,0XAF,
0XD9,0XBF,0XF8,0XC7,0XF7,0XC7,0XF7,0XC7,0XF7,0XC7,0XF7,0XC7,0XF7,0XBF,0XF8,0XBF,
0XF7,0XC7,0XF6,0XC7,0XD7,0XCF,0XF8,0XC7,0XF7,0XC7,0XF7,0XC7,0XF8,0XC7,0XF8,0XC7,
0XD4,0XD7,0X08,0XDF,0X83,0XEE,0X62,0XF6,0X61,0XFE,0X61,0XFE,0X83,0XF6,0XC8,0XDE,
0X91,0XDF,0XD7,0XCF,0XF9,0XBF,0XF8,0XBF,0XF7,0XBF,0XF7,0XBF,0XF8,0XC7,0XF8,0XC7,
0XF8,0XC7,0XF7,0XC7,0XF7,0XC7,0XF8,0XC7,0XF8,0XC7,0XF7,0XC7,0XF7,0XC7,0XFA,0XC7,
0X5B,0XB7,0XBD,0X9E,0X9F,0X9E,0X9F,0X9E,0X9F,0XA6,0XFD,0XAE,0XDB,0XBF,0XF7,0XBF,
0XF8,0XC7,0XF8,0XC7,0XF8,0XC7,0XF8,0XC7,0XF8,0XC7,0XF8,0XC7,0XF8,0XC7,0XF8,0XC7,
0XF8,0XC7,0XF8,0XC7,0XF8,0XC7,0XF8,0XC7,0XF8,0XC7,0XF8,0XC7,0XF8,0XC7,0XF8,0XC7,
0XF8,0XC7,0XF7,0XC7,0XF7,0XC7,0XF8,0XC7,0XF9,0XC7,0XF9,0XC7,0XF8,0XC7,0XF7,0XBF,
0XF8,0XBF,0XBB,0XBF,0XDC,0XA6,0X9E,0X9E,0XBF,0X9E,0XBE,0X9E,0XDC,0XA6,0X9B,0XB7,
0XD9,0XC7,0XF8,0XC7,0XF7,0XC7,0XF7,0XC7,0XF7,0XC7,0XF7,0XC7,0XF7,0XBF,0XF7,0XC7,
0XF7,0XC7,0XF8,0XC7,0XF8,0XC7,0XF7,0XC7,0XF7,0XBF,0XF8,0XBF,0XD8,0XC7,0XD7,0XCF,
0XB2,0XD7,0XA4,0XE6,0XA2,0XF6,0X61,0XF6,0X61,0XFE,0X83,0XF6,0XC8,0XE6,0X90,0XDF,
0XF6,0XCF,0XF8,0XC7,0XF8,0XBF,0XF7,0XC7,0XF7,0XBF,0XF7,0XBF,0XF8,0XC7,0XF8,0XC7,
0XF8,0XC7,0XF7,0XC7,0XF7,0XC7,0XF8,0XC7,0XF8,0XBF,0XF7,0XC7,0XF7,0XC7,0XBA,0XBF,
0XFD,0XAE,0XBE,0XA6,0X9F,0X9E,0X9F,0XA6,0X9E,0XA6,0X5C,0XB7,0XD9,0XBF,0XF7,0XC7,
0XF7,0XC7,0XF8,0XC7,0XF8,0XC7,0XF8,0XC7,0XF7,0XC7,0XF8,0XC7,0XF8,0XC7,0XF8,0XC7,
0XF8,0XC7,0XF8,0XC7,0XF8,0XC7,0XF8,0XC7,0XF8,0XC7,0XF8,0XC7,0XF8,0XC7,0XF8,0XC7,
0XF7,0XC7,0XF7,0XC7,0XF7,0XC7,0XF7,0XC7,0XF8,0XC7,0XF8,0XC7,0XF8,0XC7,0XF7,0XBF,
0XF9,0XBF,0X3B,0XAF,0XBE,0X9E,0X7F,0X9E,0XBF,0XA6,0X9D,0X9E,0X1B,0XAF,0XDB,0XBF,
0XF9,0XC7,0XF7,0XC7,0XF7,0XC7,0XF8,0XC7,0XF8,0XC7,0XF7,0XC7,0XF7,0XBF,0XF7,0XBF,
0XF9,0XC7,0XF8,0XC7,0XF7,0XC7,0XF7,0XC7,0XF7,0XBF,0XF8,0XBF,0XF7,0XC7,0XD4,0XD7,
0X0C,0XDF,0X84,0XEE,0X61,0XFE,0X82,0XF6,0X84,0XEE,0XC9,0XDE,0X90,0XDF,0XF5,0XCF,
0XF6,0XC7,0XF7,0XC7,0XF7,0XC7,0XF8,0XC7,0XF7,0XC7,0XF7,0XC7,0XF8,0XC7,0XF8,0XC7,
0XF8,0XC7,0XF7,0XC7,0XF7,0XC7,0XF8,0XC7,0XD8,0XBF,0XF7,0XC7,0XF7,0XC7,0X9A,0XBF,
0XDD,0XA6,0XBF,0XA6,0X7F,0X9E,0XBF,0XA6,0X9C,0XA6,0X9B,0XBF,0XF8,0XC7,0XF7,0XC7,
0XF7,0XC7,0XF8,0XC7,0XF8,0XC7,0XF7,0XC7,0XF7,0XC7,0XF7,0XC7,0XF8,0XC7,0XF8,0XC7,
0XF8,0XC7,0XF8,0XC7,0XF8,0XC7,0XF8,0XC7,0XF8,0XC7,0XF8,0XC7,0XF8,0XC7,0XF8,0XC7,
0XF8,0XC7,0XF7,0XC7,0XF6,0XC7,0XF7,0XC7,0XF8,0XC7,0XF8,0XC7,0XF7,0XC7,0XF7,0XBF,
0XD9,0XBF,0X1B,0XAF,0XBE,0XA6,0X9F,0X9E,0X9F,0X9E,0XBC,0XA6,0X7B,0XB7,0XD9,0XBF,
0XF8,0XC7,0XF7,0XC7,0XF7,0XC7,0XF8,0XC7,0XF8,0XC7,0XF8,0XC7,0XF7,0XBF,0XF8,0XC7,
0XF9,0XC7,0XF8,0XBF,0XF7,0XBF,0XF7,0XBF,0XF7,0XBF,0XF7,0XBF,0XF6,0XC7,0XB1,0XDF,
0X87,0XDE,0X83,0XF6,0X61,0XFE,0X84,0XEE,0X0A,0XDF,0XB2,0XD7,0XF6,0XCF,0XF7,0XC7,
0XF7,0XC7,0XF7,0XC7,0XF7,0XC7,0XF7,0XC7,0XF7,0XC7,0XF7,0XC7,0XF7,0XC7,0XF8,0XC7,
0XF8,0XC7,0XF7,0XC7,0XF7,0XC7,0XF8,0XC7,0XF8,0XC7,0XF7,0XC7,0XF8,0XBF,0X9A,0XBF,
0XBC,0XA6,0XBF,0XA6,0X9F,0X9E,0XBD,0XA6,0X1B,0XAF,0XDA,0XBF,0XF7,0XC7,0XF7,0XC7,
0XF8,0XC7,0XF9,0XC7,0XF8,0XC7,0XF7,0XC7,0XF7,0XC7,0XF7,0XC7,0XF8,0XC7,0XF8,0XC7,
0XF8,0XC7,0XF8,0XC7,0XF8,0XC7,0XF8,0XC7,0XF8,0XC7,0XF8,0XC7,0XF8,0XC7,0XF8,0XC7,
0XF8,0XC7,0XF7,0XC7,0XF7,0XC7,0XF7,0XC7,0XF7,0XC7,0XF7,0XC7,0XF7,0XC7,0XF7,0XBF,
0XF9,0XC7,0X5B,0XB7,0XBC,0XA6,0X7E,0X9E,0X9D,0X9E,0X1B,0XAF,0XDA,0XBF,0XF8,0XC7,
0XF7,0XC7,0XF7,0XC7,0XF7,0XC7,0XF8,0XC7,0XF8,0XC7,0XF8,0XC7,0XF8,0XC7,0XF8,0XC7,
0XF8,0XBF,0XF8,0XBF,0XF8,0XBF,0XF7,0XBF,0XF7,0XC7,0XF7,0XC7,0XF6,0XC7,0X4E,0XDF,
0X84,0XEE,0X62,0XF6,0X63,0XEE,0XE9,0XE6,0XB1,0XDF,0XF7,0XC7,0XF8,0XBF,0XF8,0XBF,
0XF8,0XC7,0XF7,0XC7,0XF7,0XBF,0XF7,0XBF,0XF7,0XC7,0XF7,0XC7,0XF7,0XC7,0XF8,0XC7,
0XF8,0XC7,0XF7,0XC7,0XF7,0XC7,0XF8,0XC7,0XF8,0XC7,0XF8,0XC7,0XF8,0XC7,0XBA,0XBF,
0XDB,0XA6,0X9D,0X9E,0X9D,0X9E,0XBB,0X9E,0X9A,0XB7,0XF8,0XBF,0XF7,0XC7,0XF7,0XC7,
0XF8,0XC7,0XF8,0XC7,0XF8,0XC7,0XF7,0XC7,0XF7,0XC7,0XF7,0XC7,0XF8,0XC7,0XF8,0XC7,
0XF8,0XC7,0XF8,0XC7,0XF8,0XC7,0XF8,0XC7,0XF8,0XC7,0XF8,0XC7,0XF8,0XC7,0XF8,0XC7,
0XF9,0XC7,0XF8,0XC7,0XF8,0XC7,0XF8,0XC7,0XF8,0XC7,0XF7,0XC7,0XF7,0XC7,0XF7,0XC7,
0XF8,0XBF,0XDA,0XBF,0X3B,0XAF,0X1C,0XAF,0X1C,0XAF,0X9A,0XB7,0XF9,0XBF,0XF8,0XC7,
0XF7,0XC7,0XF8,0XC7,0XF7,0XC7,0XF7,0XC7,0XF7,0XC7,0XF8,0XC7,0XF8,0XC7,0XF8,0XC7,
0XF7,0XC7,0XF7,0XBF,0XF8,0XBF,0XF8,0XC7,0XF7,0XC7,0XD7,0XCF,0XD4,0XD7,0X0B,0XDF,
0XA3,0XEE,0XA4,0XE6,0X09,0XE7,0X90,0XDF,0XF5,0XCF,0XF8,0XBF,0XF8,0XBF,0XF7,0XBF,
0XF7,0XC7,0XF8,0XBF,0XF8,0XBF,0XF8,0XBF,0XF8,0XC7,0XF8,0XC7,0XF7,0XC7,0XF8,0XC7,
0XF8,0XC7,0XF7,0XC7,0XF7,0XC7,0XF8,0XC7,0XF8,0XBF,0XF7,0XC7,0XF8,0XC7,0XD9,0XBF,
0X7B,0XB7,0XFC,0XAE,0X1C,0XAF,0X7A,0XB7,0XD9,0XBF,0XF8,0XC7,0XF7,0XC7,0XF7,0XC7,
0XF8,0XC7,0XF8,0XC7,0XF8,0XC7,0XF7,0XC7,0XF7,0XC7,0XF7,0XC7,0XF8,0XC7,0XF8,0XC7,
0XF8,0XC7,0XF8,0XC7,0XF8,0XC7,0XF8,0XC7,0XF8,0XC7,0XF8,0XC7,0XF8,0XC7,0XF8,0XC7,
0XF8,0XBF,0XF8,0XC7,0XF8,0XC7,0XF8,0XC7,0XF8,0XC7,0XF8,0XC7,0XF7,0XC7,0XF6,0XC7,
0XF7,0XC7,0XF8,0XC7,0XDA,0XBF,0XDA,0XBF,0XDA,0XBF,0XF9,0XBF,0XF8,0XC7,0XF8,0XC7,
0XF8,0XC7,0XF8,0XC7,0XF7,0XC7,0XF7,0XC7,0XF7,0XC7,0XF8,0XC7,0XF8,0XC7,0XF7,0XC7,
0XF7,0XC7,0XF7,0XC7,0XF8,0XBF,0XF8,0XBF,0XF8,0XC7,0XB7,0XCF,0X91,0XE7,0XE7,0XDE,
0XC4,0XE6,0X0A,0XD7,0XD2,0XD7,0XF6,0XCF,0XF7,0XC7,0XF8,0XBF,0XF8,0XBF,0XF8,0XC7,
0XF7,0XC7,0XF8,0XC7,0XF8,0XBF,0XF8,0XBF,0XF7,0XC7,0XF7,0XC7,0XF8,0XC7,0XF8,0XC7,
0XF8,0XC7,0XF7,0XC7,0XF7,0XC7,0XF8,0XC7,0XF8,0XC7,0XF7,0XC7,0XF7,0XC7,0XF8,0XC7,
0XDA,0XC7,0XBB,0XBF,0XDB,0XBF,0XF9,0XBF,0XF8,0XC7,0XF8,0XC7,0XF7,0XC7,0XF8,0XC7,
0XF8,0XC7,0XF8,0XC7,0XF7,0XC7,0XF7,0XC7,0XF7,0XC7,0XF8,0XC7,0XF8,0XC7,0XF8,0XC7,
0XF8,0XC7,0XF8,0XC7,0XF8,0XC7,0XF8,0XC7,0XF8,0XC7,0XF8,0XC7,0XF8,0XC7,0XF8,0XC7,
0XF7,0XBF,0XF7,0XC7,0XF8,0XC7,0XF8,0XC7,0XF8,0XC7,0XF8,0XC7,0XF8,0XC7,0XF7,0XC7,
0XF7,0XC7,0XF7,0XBF,0XF8,0XBF,0XF8,0XBF,0XF7,0XBF,0XF7,0XBF,0XF7,0XC7,0XF8,0XC7,
0XF8,0XC7,0XF8,0XC7,0XF7,0XC7,0XF7,0XC7,0XF7,0XC7,0XF8,0XC7,0XF8,0XC7,0XF7,0XC7,
0XF7,0XC7,0XF7,0XC7,0XF8,0XC7,0XF8,0XC7,0XF8,0XC7,0XD5,0XCF,0X4D,0XE7,0XA6,0XD6,
0X09,0XDF,0XB2,0XD7,0XF7,0XC7,0XF8,0XBF,0XF7,0XBF,0XF7,0XBF,0XF8,0XC7,0XF8,0XC7,
0XF7,0XC7,0XF8,0XC7,0XF8,0XC7,0XF8,0XC7,0XF7,0XC7,0XF7,0XC7,0XF8,0XC7,0XF8,0XC7,
0XF8,0XC7,0XF7,0XC7,0XF7,0XC7,0XF7,0XC7,0XF7,0XC7,0XF7,0XC7,0XF7,0XC7,0XF7,0XC7,
0XF8,0XC7,0XF8,0XBF,0XF8,0XBF,0XF8,0XBF,0XF8,0XC7,0XF8,0XC7,0XF8,0XC7,0XF8,0XC7,
0XF7,0XC7,0XF7,0XC7,0XF7,0XC7,0XF8,0XC7,0XF8,0XC7,0XF8,0XC7,0XF8,0XC7,0XF8,0XC7,
0XF8,0XC7,0XF8,0XC7,0XF8,0XC7,0XF8,0XC7,0XF8,0XC7,0XF8,0XC7,0XF8,0XC7,0XF8,0XC7,
0XF6,0XBF,0XF7,0XC7,0XF7,0XC7,0XF7,0XC7,0XF8,0XC7,0XF8,0XC7,0XF8,0XC7,0XF7,0XC7,
0XF7,0XC7,0XF7,0XBF,0XF7,0XBF,0XF6,0XC7,0XF6,0XC7,0XF6,0XC7,0XF7,0XC7,0XF8,0XC7,
0XF8,0XC7,0XF8,0XC7,0XF7,0XC7,0XF7,0XC7,0XF7,0XC7,0XF8,0XC7,0XF8,0XC7,0XF7,0XC7,
0XF8,0XC7,0XF8,0XC7,0XF8,0XC7,0XF8,0XC7,0XF7,0XC7,0XF3,0XD7,0XE9,0XCE,0X2B,0XD7,
0X91,0XD7,0XF7,0XCF,0XF8,0XC7,0XF8,0XBF,0XF8,0XC7,0XF7,0XBF,0XF8,0XBF,0XF8,0XBF,
0XF8,0XBF,0XF8,0XC7,0XF7,0XC7,0XF7,0XC7,0XF7,0XC7,0XF7,0XBF,0XF8,0XC7,0XF8,0XC7,
0XF7,0XC7,0XF7,0XC7,0XF7,0XC7,0XF7,0XC7,0XF7,0XC7,0XF7,0XC7,0XF7,0XC7,0XF7,0XC7,
0XF7,0XC7,0XF6,0XBF,0XF7,0XC7,0XF7,0XC7,0XF8,0XC7,0XF8,0XC7,0XF8,0XC7,0XF8,0XC7,
0XF7,0XC7,0XF7,0XC7,0XF7,0XC7,0XF8,0XBF,0XF8,0XC7,0XF8,0XC7,0XF8,0XC7,0XF8,0XC7,
0XF8,0XC7,0XF8,0XC7,0XF8,0XC7,0XF8,0XC7,0XF8,0XC7,0XF8,0XC7,0XF8,0XC7,0XF8,0XC7,
0XF6,0XBF,0XF7,0XBF,0XF7,0XBF,0XF7,0XC7,0XF8,0XC7,0XF8,0XC7,0XF8,0XC7,0XF8,0XC7,
0XF8,0XC7,0XF8,0XC7,0XF7,0XBF,0XF6,0XC7,0XF6,0XC7,0XF7,0XC7,0XF8,0XC7,0XF8,0XC7,
0XF8,0XC7,0XF8,0XC7,0XF7,0XC7,0XF7,0XC7,0XF7,0XC7,0XF7,0XC7,0XF8,0XC7,0XF7,0XC7,
0XF8,0XBF,0XF8,0XBF,0XF8,0XC7,0XF9,0XC7,0XF6,0XCF,0XB0,0XCF,0X2C,0XC7,0XD2,0XD7,
0XF7,0XCF,0XD7,0XC7,0XF8,0XC7,0XF8,0XC7,0XF8,0XC7,0XF8,0XBF,0XF7,0XBF,0XF8,0XBF,
0XF8,0XBF,0XF8,0XC7,0XF7,0XC7,0XF7,0XC7,0XF7,0XC7,0XF8,0XBF,0XF8,0XC7,0XF8,0XC7,
0XF7,0XC7,0XF7,0XC7,0XF7,0XC7,0XF7,0XC7,0XF8,0XC7,0XF8,0XC7,0XF7,0XC7,0XF7,0XC7,
0XF7,0XC7,0XF6,0XC7,0XF7,0XC7,0XF7,0XC7,0XF8,0XC7,0XF8,0XC7,0XF8,0XC7,0XF7,0XC7,
0XF7,0XC7,0XF7,0XC7,0XF8,0XC7,0XF8,0XBF,0XF8,0XC7,0XF8,0XC7,0XF8,0XC7,0XF8,0XC7,
0XF8,0XC7,0XF8,0XC7,0XF8,0XC7,0XF8,0XC7,0XF8,0XC7,0XF8,0XC7,0XF8,0XC7,0XF8,0XC7,
0XF7,0XBF,0XF7,0XBF,0XF8,0XBF,0XF7,0XC7,0XF7,0XC7,0XF7,0XC7,0XF8,0XC7,0XF8,0XC7,
0XF8,0XC7,0XF8,0XC7,0XF7,0XBF,0XF7,0XC7,0XF7,0XC7,0XF8,0XC7,0XF8,0XC7,0XF8,0XC7,
0XF7,0XC7,0XF7,0XC7,0XF8,0XC7,0XF8,0XC7,0XF8,0XC7,0XF7,0XC7,0XF7,0XC7,0XF8,0XC7,
0XF7,0XC7,0XF7,0XC7,0XF8,0XC7,0XF8,0XC7,0XF6,0XC7,0X92,0XC7,0XD3,0XCF,0XD6,0XC7,
0XF8,0XC7,0XF8,0XC7,0XF7,0XC7,0XF7,0XC7,0XF7,0XC7,0XF7,0XC7,0XF7,0XC7,0XF8,0XBF,
0XF8,0XBF,0XF7,0XBF,0XF7,0XC7,0XF7,0XC7,0XF8,0XC7,0XF8,0XC7,0XF8,0XC7,0XF7,0XC7,
0XF7,0XC7,0XF7,0XC7,0XF7,0XC7,0XF8,0XC7,0XF8,0XC7,0XF8,0XC7,0XF8,0XC7,0XF8,0XC7,
0XF7,0XC7,0XF7,0XC7,0XF8,0XC7,0XF8,0XC7,0XF8,0XC7,0XF8,0XC7,0XF7,0XC7,0XF7,0XC7,
0XF7,0XC7,0XF8,0XC7,0XF8,0XC7,0XF8,0XBF,0XF8,0XC7,0XF8,0XC7,0XF8,0XC7,0XF8,0XC7,
0XF8,0XC7,0XF8,0XC7,0XF8,0XC7,0XF8,0XC7,0XF8,0XC7,0XF8,0XC7,0XF8,0XC7,0XF8,0XC7,
0XF9,0XBF,0XF8,0XBF,0XF8,0XBF,0XF8,0XC7,0XF7,0XC7,0XF7,0XC7,0XF7,0XC7,0XF8,0XC7,
0XF8,0XC7,0XF8,0XC7,0XF7,0XBF,0XF8,0XC7,0XF8,0XC7,0XF9,0XC7,0XF8,0XC7,0XF7,0XC7,
0XF7,0XC7,0XF7,0XC7,0XF8,0XC7,0XF8,0XC7,0XF8,0XC7,0XF7,0XC7,0XF7,0XC7,0XF8,0XBF,
0XF7,0XC7,0XF7,0XC7,0XF7,0XC7,0XF8,0XBF,0XF7,0XC7,0XD5,0XC7,0XF8,0XC7,0XF8,0XBF,
0XD7,0XBF,0XF7,0XC7,0XF7,0XC7,0XF7,0XC7,0XF7,0XC7,0XF7,0XC7,0XF8,0XC7,0XF7,0XC7,
0XF7,0XBF,0XF7,0XBF,0XF7,0XBF,0XF8,0XBF,0XF8,0XC7,0XF8,0XC7,0XF8,0XC7,0XF7,0XC7,
0XF7,0XC7,0XF7,0XC7,0XF8,0XC7,0XF8,0XC7,0XF8,0XC7,0XF9,0XC7,0XF9,0XC7,0XF8,0XC7,
0XF7,0XC7,0XF8,0XC7,0XF8,0XC7,0XF9,0XC7,0XF8,0XC7,0XF8,0XC7,0XF7,0XC7,0XF7,0XC7,
0XF8,0XC7,0XF8,0XC7,0XF8,0XC7,0XF8,0XBF,0XF8,0XC7,0XF8,0XC7,0XF8,0XC7,0XF8,0XC7,
0XF8,0XC7,0XF8,0XC7,0XF8,0XC7,0XF8,0XC7,0XF8,0XC7,0XF8,0XC7,0XF8,0XC7,0XF8,0XC7,
};

const img_t icon11 =
{
    .width = 80,
    .height = 80,
    .data = gImage_icon11,
};

#elif(ENABLE_LVGL_USE == 1)


const LV_ATTRIBUTE_MEM_ALIGN LV_ATTRIBUTE_LARGE_CONST  uint8_t icon11_map[] = {
#if LV_COLOR_DEPTH == 1 || LV_COLOR_DEPTH == 8
  /*Pixel format: Red: 3 bit, Green: 3 bit, Blue: 2 bit*/
  0xdf, 0xdf, 0xdf, 0xdf, 0xdf, 0xdf, 0xdf, 0xdf, 0xdf, 0xdf, 0xdf, 0xdf, 0xdf, 0xdf, 0xdf, 0xdf, 0xdf, 0xdf, 0xdf, 0xdf, 0xdf, 0xdf, 0xdf, 0xdf, 0xdf, 0xdf, 0xdf, 0xdf, 0xdf, 0xdf, 0xdf, 0xdf, 0xdf, 0xdf, 0xdf, 0xdf, 0xdf, 0xdf, 0xdf, 0xdf, 0xdf, 0xdf, 0xdf, 0xdf, 0xff, 0xff, 0xff, 0xff, 0xff, 0xff, 0xff, 0xff, 0xff, 0xff, 0xff, 0xff, 0xff, 0xff, 0xdf, 0xdf, 0xdf, 0xdf, 0xdf, 0xdf, 0xdf, 0xdf, 0xdf, 0xdf, 0xdf, 0xdf, 0xdf, 0xdf, 0xdf, 0xdf, 0xdf, 0xdf, 0xdf, 0xdf, 0xdf, 0xdf, 0xdf, 0xdf, 0xdf, 0xdf, 
  0xdf, 0xdf, 0xdf, 0xdf, 0xdf, 0xdf, 0xdf, 0xdf, 0xdf, 0xdf, 0xdf, 0xdf, 0xdf, 0xdf, 0xdf, 0xdf, 0xdf, 0xdf, 0xdf, 0xdf, 0xdf, 0xdf, 0xdf, 0xdf, 0xdf, 0xdf, 0xdf, 0xdf, 0xdf, 0xdf, 0xdf, 0xdf, 0xdf, 0xdf, 0xdf, 0xdf, 0xdf, 0xdf, 0xdf, 0xdf, 0xdf, 0xdf, 0xff, 0xff, 0xff, 0xff, 0xff, 0xff, 0xff, 0xff, 0xff, 0xff, 0xff, 0xff, 0xff, 0xff, 0xff, 0xff, 0xff, 0xdf, 0xdf, 0xdf, 0xdf, 0xdf, 0xdf, 0xdf, 0xdf, 0xdf, 0xdf, 0xdf, 0xdf, 0xdf, 0xdf, 0xdf, 0xdf, 0xdf, 0xdf, 0xdf, 0xdf, 0xdf, 0xdf, 0xdf, 0xdf, 0xdf, 
  0xdf, 0xdf, 0xdf, 0xdf, 0xdf, 0xdf, 0xdf, 0xdf, 0xdf, 0xdf, 0xdf, 0xdf, 0xdf, 0xdf, 0xdf, 0xdf, 0xdf, 0xdf, 0xdf, 0xdf, 0xdf, 0xdf, 0xdf, 0xdf, 0xdf, 0xdf, 0xdf, 0xdf, 0xdf, 0xdf, 0xdf, 0xdf, 0xdf, 0xdf, 0xdf, 0xdf, 0xdf, 0xdf, 0xdf, 0xdf, 0xdf, 0xff, 0xff, 0xff, 0xff, 0xff, 0xff, 0xff, 0xff, 0xff, 0xff, 0xff, 0xff, 0xff, 0xff, 0xff, 0xff, 0xff, 0xff, 0xff, 0xff, 0xff, 0xdf, 0xdf, 0xdf, 0xdf, 0xdf, 0xdf, 0xdf, 0xdf, 0xdf, 0xdf, 0xdf, 0xdf, 0xdf, 0xdf, 0xdf, 0xdf, 0xdf, 0xdf, 0xdf, 0xdf, 0xdf, 0xdf, 
  0xdf, 0xdf, 0xdf, 0xdf, 0xdf, 0xdf, 0xdf, 0xdf, 0xdf, 0xdf, 0xdf, 0xdf, 0xdf, 0xdf, 0xdf, 0xdf, 0xdf, 0xdf, 0xdf, 0xdf, 0xdf, 0xdf, 0xdf, 0xdf, 0xdf, 0xdf, 0xdf, 0xdf, 0xdf, 0xdf, 0xdf, 0xdf, 0xdf, 0xdf, 0xdf, 0xdf, 0xdf, 0xdf, 0xdf, 0xdf, 0xff, 0xff, 0xff, 0xff, 0xff, 0xff, 0xff, 0xff, 0xff, 0xff, 0xff, 0xff, 0xff, 0xff, 0xff, 0xff, 0xff, 0xff, 0xff, 0xff, 0xff, 0xff, 0xff, 0xff, 0xdf, 0xdf, 0xdf, 0xdf, 0xdf, 0xdf, 0xdf, 0xdf, 0xdf, 0xdf, 0xdf, 0xdf, 0xdf, 0xdf, 0xdf, 0xdf, 0xdf, 0xdf, 0xdf, 0xdf, 
  0xdf, 0xdf, 0xdf, 0xdf, 0xdf, 0xdf, 0xdf, 0xdf, 0xdf, 0xdf, 0xdf, 0xdf, 0xdf, 0xdf, 0xdf, 0xdf, 0xdf, 0xdf, 0xdf, 0xdf, 0xdf, 0xdf, 0xdf, 0xdf, 0xdf, 0xdf, 0xdf, 0xdf, 0xdf, 0xdf, 0xdf, 0xdf, 0xdf, 0xdf, 0xdf, 0xdf, 0xdf, 0xdf, 0xdf, 0xff, 0xff, 0xff, 0xff, 0xff, 0xff, 0xff, 0xff, 0xff, 0xff, 0xff, 0xff, 0xff, 0xff, 0xff, 0xff, 0xff, 0xff, 0xff, 0xff, 0xff, 0xff, 0xff, 0xff, 0xff, 0xff, 0xdf, 0xdf, 0xdf, 0xdf, 0xdf, 0xdf, 0xdf, 0xdf, 0xdf, 0xdf, 0xdf, 0xdf, 0xdf, 0xdf, 0xdf, 0xdf, 0xdf, 0xdf, 0xdf, 
  0xdf, 0xdf, 0xdf, 0xdf, 0xdf, 0xdf, 0xdf, 0xdf, 0xdf, 0xdf, 0xdf, 0xdf, 0xdf, 0xdf, 0xdf, 0xdf, 0xdf, 0xdf, 0xdf, 0xdf, 0xdf, 0xdf, 0xdf, 0xdf, 0xdf, 0xdf, 0xdf, 0xdf, 0xdf, 0xdf, 0xdf, 0xdf, 0xdf, 0xdf, 0xdf, 0xdf, 0xdf, 0xff, 0xff, 0xff, 0xff, 0xff, 0xff, 0xff, 0xff, 0xff, 0xff, 0xff, 0xff, 0xff, 0xff, 0xff, 0xff, 0xff, 0xff, 0xff, 0xff, 0xff, 0xff, 0xff, 0xff, 0xff, 0xff, 0xff, 0xff, 0xff, 0xdf, 0xdf, 0xdf, 0xdf, 0xdf, 0xdf, 0xdf, 0xdf, 0xdf, 0xdf, 0xdf, 0xdf, 0xdf, 0xdf, 0xdf, 0xdf, 0xdf, 0xdf, 
  0xdf, 0xdf, 0xdf, 0xdf, 0xdf, 0xdf, 0xdf, 0xdf, 0xdf, 0xdf, 0xdf, 0xdf, 0xdf, 0xdf, 0xdf, 0xdf, 0xdf, 0xdf, 0xdf, 0xdf, 0xdf, 0xdf, 0xdf, 0xdf, 0xdf, 0xdf, 0xdf, 0xdf, 0xdf, 0xdf, 0xdf, 0xdf, 0xdf, 0xdf, 0xdf, 0xdf, 0xff, 0xff, 0xff, 0xff, 0xff, 0xff, 0xff, 0xff, 0xff, 0xff, 0xff, 0xff, 0xff, 0xff, 0xff, 0xff, 0xff, 0xff, 0xff, 0xff, 0xff, 0xff, 0xff, 0xff, 0xff, 0xff, 0xff, 0xff, 0xff, 0xff, 0xff, 0xdf, 0xdf, 0xdf, 0xdf, 0xdf, 0xdf, 0xdf, 0xdf, 0xdf, 0xdf, 0xdf, 0xdf, 0xdf, 0xdf, 0xdf, 0xdf, 0xdf, 
  0xdf, 0xdf, 0xdf, 0xdf, 0xdf, 0xdf, 0xdf, 0xdf, 0xdf, 0xdf, 0xdf, 0xdf, 0xdf, 0xdf, 0xdf, 0xdf, 0xdf, 0xdf, 0xdf, 0xdf, 0xdf, 0xdf, 0xff, 0xff, 0xff, 0xff, 0xff, 0xdf, 0xdf, 0xdf, 0xdf, 0xdf, 0xdf, 0xdf, 0xdf, 0xff, 0xff, 0xff, 0xff, 0xff, 0xff, 0xff, 0xff, 0xff, 0xff, 0xff, 0xff, 0xff, 0xff, 0xff, 0xff, 0xff, 0xff, 0xff, 0xff, 0xff, 0xff, 0xff, 0xff, 0xff, 0xff, 0xff, 0xff, 0xff, 0xff, 0xff, 0xff, 0xdf, 0xdf, 0xdf, 0xdf, 0xdf, 0xdf, 0xdf, 0xdf, 0xdf, 0xdf, 0xdf, 0xdf, 0xdf, 0xdf, 0xdf, 0xdf, 0xdf, 
  0xdf, 0xdf, 0xdf, 0xdf, 0xdf, 0xdf, 0xdf, 0xdf, 0xdf, 0xdf, 0xdf, 0xdf, 0xdf, 0xdf, 0xdf, 0xdf, 0xdf, 0xdf, 0xdf, 0xff, 0xff, 0xff, 0xff, 0xff, 0xff, 0xff, 0xff, 0xff, 0xff, 0xff, 0xff, 0xff, 0xdf, 0xdf, 0xff, 0xff, 0xff, 0xff, 0xff, 0xff, 0xff, 0xff, 0xff, 0xff, 0xff, 0xff, 0xff, 0xff, 0xff, 0xff, 0xff, 0xff, 0xff, 0xff, 0xff, 0xff, 0xff, 0xff, 0xff, 0xff, 0xff, 0xff, 0xff, 0xff, 0xff, 0xff, 0xff, 0xff, 0xdf, 0xdf, 0xdf, 0xdf, 0xdf, 0xdf, 0xdf, 0xdf, 0xdf, 0xdf, 0xdf, 0xdf, 0xdf, 0xdf, 0xdf, 0xdf, 
  0xdf, 0xdf, 0xdf, 0xdf, 0xdf, 0xdf, 0xdf, 0xdf, 0xdf, 0xdf, 0xdf, 0xdf, 0xdf, 0xdf, 0xdf, 0xdf, 0xdf, 0xff, 0xff, 0xff, 0xff, 0xff, 0xff, 0xff, 0xff, 0xff, 0xff, 0xff, 0xff, 0xff, 0xff, 0xff, 0xff, 0xff, 0xff, 0xff, 0xff, 0xff, 0xff, 0xff, 0xff, 0xff, 0xff, 0xff, 0xff, 0xff, 0xff, 0xff, 0xff, 0xff, 0xff, 0xff, 0xff, 0xff, 0xff, 0xff, 0xff, 0xff, 0xff, 0xff, 0xff, 0xff, 0xff, 0xff, 0xff, 0xff, 0xff, 0xff, 0xff, 0xdf, 0xdf, 0xdf, 0xdf, 0xdf, 0xdf, 0xdf, 0xdf, 0xdf, 0xdf, 0xdf, 0xdf, 0xdf, 0xdf, 0xdf, 
  0xdf, 0xdf, 0xdf, 0xdf, 0xdf, 0xdf, 0xdf, 0xdf, 0xdf, 0xdf, 0xdf, 0xdf, 0xdf, 0xdf, 0xdf, 0xdf, 0xff, 0xff, 0xff, 0xff, 0xff, 0xff, 0xff, 0xff, 0xff, 0xff, 0xff, 0xff, 0xff, 0xff, 0xff, 0xff, 0xff, 0xff, 0xff, 0xff, 0xff, 0xff, 0xff, 0xff, 0xff, 0xff, 0xff, 0xff, 0xff, 0xff, 0xff, 0xff, 0xff, 0xff, 0xff, 0xff, 0xff, 0xff, 0xff, 0xff, 0xff, 0xff, 0xff, 0xff, 0xff, 0xff, 0xff, 0xff, 0xff, 0xff, 0xff, 0xff, 0xff, 0xdf, 0xdf, 0xdf, 0xdf, 0xdf, 0xdf, 0xdf, 0xdf, 0xdf, 0xdf, 0xdf, 0xdf, 0xdf, 0xdf, 0xdf, 
  0xdf, 0xdf, 0xdf, 0xdf, 0xdf, 0xdf, 0xdf, 0xdf, 0xdf, 0xdf, 0xdf, 0xdf, 0xdf, 0xdf, 0xdf, 0xff, 0xff, 0xff, 0xff, 0xff, 0xff, 0xff, 0xff, 0xff, 0xff, 0xff, 0xff, 0xff, 0xff, 0xff, 0xff, 0xff, 0xff, 0xff, 0xff, 0xff, 0xff, 0xff, 0xff, 0xff, 0xff, 0xff, 0xff, 0xff, 0xff, 0xff, 0xff, 0xff, 0xff, 0xff, 0xff, 0xff, 0xff, 0xff, 0xff, 0xff, 0xff, 0xff, 0xff, 0xff, 0xff, 0xff, 0xff, 0xff, 0xff, 0xff, 0xff, 0xff, 0xff, 0xff, 0xdf, 0xdf, 0xdf, 0xdf, 0xdf, 0xdf, 0xdf, 0xdf, 0xdf, 0xdf, 0xdf, 0xdf, 0xdf, 0xdf, 
  0xdf, 0xdf, 0xdf, 0xdf, 0xdf, 0xdf, 0xdf, 0xdf, 0xdf, 0xdf, 0xdf, 0xdf, 0xdf, 0xdf, 0xff, 0xff, 0xff, 0xff, 0xff, 0xff, 0xff, 0xff, 0xff, 0xff, 0xff, 0xff, 0xff, 0xff, 0xff, 0xff, 0xff, 0xff, 0xff, 0xff, 0xff, 0xff, 0xff, 0xff, 0xff, 0xff, 0xff, 0xff, 0xff, 0xff, 0xff, 0xff, 0xff, 0xff, 0xff, 0xff, 0xff, 0xff, 0xff, 0xff, 0xff, 0xff, 0xff, 0xff, 0xff, 0xff, 0xff, 0xff, 0xff, 0xff, 0xff, 0xff, 0xff, 0xff, 0xff, 0xff, 0xdf, 0xdf, 0xdf, 0xdf, 0xdf, 0xdf, 0xdf, 0xdf, 0xdf, 0xdf, 0xdf, 0xdf, 0xdf, 0xdf, 
  0xdf, 0xdf, 0xdf, 0xdf, 0xdf, 0xdf, 0xdf, 0xdf, 0xdf, 0xdf, 0xdf, 0xdf, 0xdf, 0xff, 0xff, 0xff, 0xff, 0xff, 0xff, 0xff, 0xff, 0xff, 0xff, 0xff, 0xff, 0xff, 0xff, 0xff, 0xff, 0xff, 0xff, 0xff, 0xff, 0xff, 0xff, 0xff, 0xff, 0xff, 0xff, 0xff, 0xff, 0xff, 0xff, 0xff, 0xff, 0xff, 0xff, 0xff, 0xff, 0xff, 0xff, 0xff, 0xff, 0xff, 0xff, 0xff, 0xff, 0xff, 0xff, 0xff, 0xff, 0xff, 0xff, 0xff, 0xff, 0xff, 0xff, 0xff, 0xff, 0xff, 0xff, 0xdf, 0xdf, 0xdf, 0xdf, 0xdf, 0xdf, 0xdf, 0xdf, 0xdf, 0xdf, 0xdf, 0xdf, 0xdf, 
  0xdf, 0xdf, 0xdf, 0xdf, 0xdf, 0xdf, 0xdf, 0xdf, 0xdf, 0xdf, 0xdf, 0xdf, 0xff, 0xff, 0xff, 0xff, 0xff, 0xff, 0xff, 0xff, 0xff, 0xff, 0xff, 0xff, 0xff, 0xff, 0xff, 0xff, 0xff, 0xff, 0xff, 0xff, 0xff, 0xff, 0xff, 0xff, 0xff, 0xff, 0xff, 0xff, 0xff, 0xff, 0xff, 0xff, 0xff, 0xff, 0xff, 0xff, 0xff, 0xff, 0xff, 0xff, 0xff, 0xff, 0xff, 0xff, 0xff, 0xff, 0xff, 0xff, 0xff, 0xff, 0xff, 0xff, 0xff, 0xff, 0xff, 0xff, 0xff, 0xff, 0xff, 0xdf, 0xdf, 0xdf, 0xdf, 0xdf, 0xdf, 0xdf, 0xdf, 0xdf, 0xdf, 0xdf, 0xdf, 0xdf, 
  0xdf, 0xdf, 0xdf, 0xdf, 0xdf, 0xdf, 0xdf, 0xdf, 0xdf, 0xdf, 0xdf, 0xdf, 0xff, 0xff, 0xff, 0xff, 0xff, 0xff, 0xff, 0xff, 0xff, 0xff, 0xff, 0xff, 0xff, 0xff, 0xff, 0xff, 0xff, 0xff, 0xff, 0xff, 0xff, 0xff, 0xff, 0xff, 0xff, 0xff, 0xff, 0xff, 0xff, 0xff, 0xff, 0xff, 0xff, 0xff, 0xff, 0xff, 0xff, 0xff, 0xff, 0xff, 0xff, 0xff, 0xff, 0xff, 0xff, 0xff, 0xff, 0xff, 0xff, 0xff, 0xff, 0xff, 0xff, 0xff, 0xff, 0xff, 0xff, 0xff, 0xff, 0xff, 0xdf, 0xdf, 0xdf, 0xdf, 0xdf, 0xdf, 0xdf, 0xdf, 0xdf, 0xdf, 0xdf, 0xdf, 
  0xdf, 0xdf, 0xdf, 0xdf, 0xdf, 0xdf, 0xdf, 0xdf, 0xdf, 0xdf, 0xdf, 0xdf, 0xff, 0xff, 0xff, 0xff, 0xff, 0xff, 0xff, 0xff, 0xff, 0xff, 0xff, 0xff, 0xff, 0xff, 0xff, 0xff, 0xff, 0xff, 0xff, 0xff, 0xff, 0xff, 0xff, 0xff, 0xff, 0xff, 0xff, 0xff, 0xff, 0xff, 0xff, 0xff, 0xff, 0xff, 0xff, 0xff, 0xff, 0xff, 0xff, 0xff, 0xff, 0xff, 0xff, 0xff, 0xff, 0xff, 0xff, 0xff, 0xff, 0xff, 0xff, 0xff, 0xff, 0xff, 0xff, 0xff, 0xff, 0xff, 0xff, 0xff, 0xdf, 0xdf, 0xdf, 0xdf, 0xdf, 0xdf, 0xdf, 0xdf, 0xdf, 0xdf, 0xdf, 0xdf, 
  0xdf, 0xdf, 0xdf, 0xdf, 0xdf, 0xdf, 0xdf, 0xdf, 0xdf, 0xdf, 0xdf, 0xdf, 0xff, 0xff, 0xff, 0xff, 0xff, 0xff, 0xff, 0xff, 0xff, 0xff, 0xff, 0xff, 0xff, 0xff, 0xff, 0xff, 0xff, 0xff, 0xff, 0xff, 0xff, 0xff, 0xff, 0xff, 0xff, 0xff, 0xff, 0xff, 0xff, 0xff, 0xff, 0xff, 0xff, 0xff, 0xff, 0xff, 0xff, 0xff, 0xff, 0xff, 0xff, 0xff, 0xff, 0xff, 0xff, 0xff, 0xff, 0xff, 0xff, 0xff, 0xff, 0xff, 0xff, 0xff, 0xff, 0xff, 0xff, 0xff, 0xff, 0xff, 0xdf, 0xdf, 0xdf, 0xdf, 0xdf, 0xdf, 0xdf, 0xdf, 0xdf, 0xdf, 0xdf, 0xdf, 
  0xdf, 0xdf, 0xdf, 0xdf, 0xdf, 0xdf, 0xdf, 0xdf, 0xdf, 0xdf, 0xdf, 0xff, 0xff, 0xff, 0xff, 0xff, 0xff, 0xff, 0xff, 0xff, 0xff, 0xff, 0xff, 0xff, 0xff, 0xff, 0xff, 0xff, 0xff, 0xff, 0xff, 0xff, 0xff, 0xff, 0xff, 0xff, 0xff, 0xff, 0xff, 0xff, 0xff, 0xff, 0xff, 0xff, 0xff, 0xff, 0xff, 0xff, 0xff, 0xff, 0xff, 0xff, 0xff, 0xff, 0xff, 0xff, 0xff, 0xff, 0xff, 0xff, 0xff, 0xff, 0xff, 0xff, 0xff, 0xff, 0xff, 0xff, 0xff, 0xff, 0xff, 0xff, 0xdf, 0xdf, 0xdf, 0xdf, 0xdf, 0xdf, 0xdf, 0xdf, 0xdf, 0xdf, 0xdf, 0xdf, 
  0xdf, 0xdf, 0xdf, 0xdf, 0xdf, 0xdf, 0xdf, 0xdf, 0xdf, 0xdf, 0xdf, 0xff, 0xff, 0xff, 0xff, 0xff, 0xff, 0xff, 0xff, 0xff, 0xff, 0xff, 0xff, 0xff, 0xff, 0xff, 0xff, 0xff, 0xff, 0xff, 0xff, 0xff, 0xff, 0xff, 0xff, 0xff, 0xff, 0xff, 0xff, 0xff, 0xff, 0xff, 0xff, 0xff, 0xff, 0xff, 0xff, 0xff, 0xff, 0xff, 0xff, 0xff, 0xff, 0xff, 0xff, 0xff, 0xff, 0xff, 0xff, 0xff, 0xff, 0xff, 0xff, 0xff, 0xff, 0xff, 0xff, 0xff, 0xff, 0xff, 0xff, 0xff, 0xdf, 0xdf, 0xdf, 0xdf, 0xdf, 0xdf, 0xdf, 0xdf, 0xdf, 0xdf, 0xdf, 0xdf, 
  0xdf, 0xdf, 0xdf, 0xdf, 0xdf, 0xdf, 0xdf, 0xdf, 0xdf, 0xdf, 0xdf, 0xff, 0xff, 0xff, 0xff, 0xff, 0xff, 0xff, 0xff, 0xff, 0xff, 0xff, 0xff, 0xff, 0xff, 0xff, 0xff, 0xff, 0xff, 0xff, 0xff, 0xff, 0xff, 0xff, 0xff, 0xff, 0xff, 0xff, 0xff, 0xff, 0xff, 0xff, 0xff, 0xff, 0xff, 0xff, 0xff, 0xff, 0xff, 0xff, 0xff, 0xff, 0xff, 0xff, 0xff, 0xff, 0xff, 0xff, 0xff, 0xff, 0xff, 0xff, 0xff, 0xff, 0xff, 0xff, 0xff, 0xff, 0xff, 0xff, 0xff, 0xff, 0xdf, 0xdf, 0xdf, 0xdf, 0xdf, 0xdf, 0xdf, 0xdf, 0xdf, 0xdf, 0xdf, 0xdf, 
  0xdf, 0xdf, 0xdf, 0xdf, 0xdf, 0xdf, 0xdf, 0xdf, 0xdf, 0xdf, 0xff, 0xff, 0xff, 0xff, 0xff, 0xff, 0xff, 0xff, 0xff, 0xff, 0xff, 0xff, 0xff, 0xff, 0xff, 0xff, 0xff, 0xff, 0xff, 0xff, 0xff, 0xff, 0xff, 0xff, 0xff, 0xff, 0xff, 0xff, 0xff, 0xff, 0xff, 0xff, 0xff, 0xff, 0xff, 0xff, 0xff, 0xff, 0xff, 0xff, 0xff, 0xff, 0xff, 0xff, 0xff, 0xff, 0xff, 0xff, 0xff, 0xff, 0xff, 0xff, 0xff, 0xff, 0xff, 0xff, 0xff, 0xff, 0xff, 0xff, 0xff, 0xff, 0xff, 0xdf, 0xdf, 0xdf, 0xdf, 0xdf, 0xdf, 0xdf, 0xdf, 0xdf, 0xdf, 0xdf, 
  0xdf, 0xdf, 0xdf, 0xdf, 0xdf, 0xdf, 0xdf, 0xdf, 0xdf, 0xdf, 0xff, 0xff, 0xff, 0xff, 0xff, 0xff, 0xff, 0xff, 0xff, 0xff, 0xff, 0xff, 0xff, 0xff, 0xff, 0xff, 0xff, 0xff, 0xff, 0xff, 0xff, 0xff, 0xff, 0xff, 0xff, 0xff, 0xff, 0xff, 0xff, 0xff, 0xff, 0xff, 0xff, 0xff, 0xff, 0xff, 0xff, 0xff, 0xff, 0xff, 0xff, 0xff, 0xff, 0xff, 0xff, 0xff, 0xff, 0xff, 0xff, 0xff, 0xff, 0xff, 0xff, 0xff, 0xff, 0xff, 0xff, 0xff, 0xff, 0xff, 0xff, 0xff, 0xff, 0xff, 0xdf, 0xdf, 0xdf, 0xdf, 0xdf, 0xdf, 0xdf, 0xdf, 0xdf, 0xdf, 
  0xdf, 0xdf, 0xdf, 0xdf, 0xdf, 0xdf, 0xdf, 0xdf, 0xdf, 0xff, 0xff, 0xff, 0xff, 0xff, 0xff, 0xff, 0xff, 0xff, 0xff, 0xff, 0xff, 0xff, 0xff, 0xff, 0xff, 0xff, 0xff, 0xff, 0xff, 0xff, 0xff, 0xff, 0xff, 0xff, 0xff, 0xff, 0xff, 0xff, 0xff, 0xff, 0xff, 0xff, 0xff, 0xff, 0xff, 0xff, 0xff, 0xff, 0xff, 0xff, 0xff, 0xff, 0xff, 0xff, 0xff, 0xff, 0xff, 0xff, 0xff, 0xff, 0xff, 0xff, 0xff, 0xff, 0xff, 0xff, 0xff, 0xff, 0xff, 0xff, 0xff, 0xff, 0xff, 0xff, 0xdf, 0xdf, 0xdf, 0xdf, 0xdf, 0xdf, 0xdf, 0xdf, 0xdf, 0xdf, 
  0xdf, 0xdf, 0xdf, 0xdf, 0xdf, 0xdf, 0xdf, 0xdf, 0xff, 0xff, 0xff, 0xff, 0xff, 0xff, 0xff, 0xff, 0xff, 0xff, 0xff, 0xff, 0xff, 0xff, 0xff, 0xff, 0xff, 0xff, 0xff, 0xff, 0xff, 0xff, 0xff, 0xff, 0xff, 0xff, 0xff, 0xff, 0xff, 0xff, 0xff, 0xff, 0xff, 0xff, 0xff, 0xff, 0xff, 0xff, 0xff, 0xff, 0xff, 0xff, 0xff, 0xff, 0xff, 0xff, 0xff, 0xff, 0xff, 0xff, 0xff, 0xff, 0xff, 0xff, 0xff, 0xff, 0xff, 0xff, 0xff, 0xff, 0xff, 0xff, 0xff, 0xff, 0xff, 0xff, 0xff, 0xff, 0xdf, 0xdf, 0xdf, 0xdf, 0xdf, 0xdf, 0xdf, 0xdf, 
  0xdf, 0xdf, 0xdf, 0xdf, 0xdf, 0xdf, 0xdf, 0xdf, 0xff, 0xff, 0xff, 0xff, 0xff, 0xff, 0xff, 0xff, 0xff, 0xff, 0xff, 0xff, 0xff, 0xff, 0xff, 0xff, 0xff, 0xff, 0xff, 0xff, 0xff, 0xff, 0xff, 0xff, 0xff, 0xff, 0xff, 0xff, 0xff, 0xff, 0xff, 0xff, 0xff, 0xff, 0xff, 0xff, 0xff, 0xff, 0xff, 0xff, 0xff, 0xff, 0xff, 0xff, 0xff, 0xff, 0xff, 0xff, 0xff, 0xff, 0xff, 0xff, 0xff, 0xff, 0xff, 0xff, 0xff, 0xff, 0xff, 0xff, 0xff, 0xff, 0xff, 0xff, 0xff, 0xff, 0xff, 0xff, 0xff, 0xdf, 0xdf, 0xdf, 0xdf, 0xdf, 0xdf, 0xdf, 
  0xdf, 0xdf, 0xdf, 0xdf, 0xdf, 0xdf, 0xff, 0xff, 0xff, 0xff, 0xff, 0xff, 0xff, 0xff, 0xff, 0xff, 0xff, 0xff, 0xff, 0xff, 0xff, 0xff, 0xff, 0xff, 0xff, 0xff, 0xff, 0xff, 0xff, 0xff, 0xff, 0xff, 0xff, 0xff, 0xff, 0xff, 0xff, 0xff, 0xff, 0xff, 0xff, 0xff, 0xff, 0xff, 0xff, 0xff, 0xff, 0xff, 0xff, 0xff, 0xff, 0xff, 0xff, 0xff, 0xff, 0xff, 0xff, 0xff, 0xff, 0xff, 0xff, 0xff, 0xff, 0xff, 0xff, 0xff, 0xff, 0xff, 0xff, 0xff, 0xff, 0xff, 0xff, 0xff, 0xff, 0xff, 0xff, 0xff, 0xff, 0xdf, 0xdf, 0xdf, 0xdf, 0xdf, 
  0xdf, 0xdf, 0xdf, 0xdf, 0xdf, 0xff, 0xff, 0xff, 0xff, 0xff, 0xff, 0xff, 0xff, 0xff, 0xff, 0xff, 0xff, 0xff, 0xff, 0xff, 0xff, 0xff, 0xff, 0xff, 0xff, 0xff, 0xff, 0xff, 0xff, 0xff, 0xff, 0xff, 0xff, 0xff, 0xff, 0xff, 0xff, 0xff, 0xff, 0xff, 0xff, 0xff, 0xff, 0xff, 0xff, 0xff, 0xff, 0xff, 0xff, 0xff, 0xff, 0xff, 0xff, 0xff, 0xff, 0xff, 0xff, 0xff, 0xff, 0xff, 0xff, 0xff, 0xff, 0xff, 0xff, 0xff, 0xff, 0xff, 0xff, 0xff, 0xff, 0xff, 0xff, 0xff, 0xff, 0xff, 0xff, 0xff, 0xff, 0xff, 0xdf, 0xdf, 0xdf, 0xdf, 
  0xdf, 0xdf, 0xdf, 0xdf, 0xff, 0xff, 0xff, 0xff, 0xff, 0xff, 0xff, 0xff, 0xff, 0xff, 0xff, 0xff, 0xff, 0xff, 0xff, 0xff, 0xff, 0xff, 0xff, 0xff, 0xff, 0xff, 0xff, 0xff, 0xff, 0xff, 0xff, 0xff, 0xff, 0xff, 0xff, 0xff, 0xff, 0xff, 0xff, 0xff, 0xff, 0xff, 0xff, 0xff, 0xff, 0xff, 0xff, 0xff, 0xff, 0xff, 0xff, 0xff, 0xff, 0xff, 0xff, 0xff, 0xff, 0xff, 0xff, 0xff, 0xff, 0xff, 0xff, 0xff, 0xff, 0xff, 0xff, 0xff, 0xff, 0xff, 0xff, 0xff, 0xff, 0xff, 0xff, 0xff, 0xff, 0xff, 0xff, 0xff, 0xdf, 0xdf, 0xdf, 0xdf, 
  0xdf, 0xdf, 0xdf, 0xff, 0xff, 0xff, 0xff, 0xff, 0xff, 0xff, 0xff, 0xff, 0xff, 0xff, 0xff, 0xff, 0xff, 0xff, 0xff, 0xff, 0xff, 0xff, 0xff, 0xff, 0xff, 0xff, 0xff, 0xff, 0xff, 0xff, 0xff, 0xff, 0xff, 0xff, 0xff, 0xff, 0xff, 0xff, 0xff, 0xff, 0xff, 0xff, 0xff, 0xff, 0xff, 0xff, 0xff, 0xff, 0xff, 0xff, 0xff, 0xff, 0xff, 0xff, 0xff, 0xff, 0xff, 0xff, 0xff, 0xff, 0xff, 0xff, 0xff, 0xff, 0xff, 0xff, 0xff, 0xff, 0xff, 0xff, 0xff, 0xff, 0xff, 0xff, 0xff, 0xff, 0xff, 0xff, 0xff, 0xff, 0xdf, 0xdf, 0xdf, 0xdf, 
  0xdf, 0xdf, 0xdf, 0xff, 0xff, 0xff, 0xff, 0xff, 0xff, 0xff, 0xff, 0xff, 0xff, 0xff, 0xff, 0xff, 0xff, 0xff, 0xff, 0xff, 0xff, 0xff, 0xff, 0xff, 0xff, 0xff, 0xff, 0xff, 0xff, 0xff, 0xff, 0xff, 0xff, 0xff, 0xff, 0xff, 0xff, 0xff, 0xff, 0xff, 0xff, 0xff, 0xff, 0xff, 0xff, 0xff, 0xff, 0xff, 0xff, 0xff, 0xff, 0xff, 0xff, 0xff, 0xff, 0xff, 0xff, 0xff, 0xff, 0xff, 0xff, 0xff, 0xff, 0xff, 0xff, 0xff, 0xff, 0xff, 0xff, 0xff, 0xff, 0xff, 0xff, 0xff, 0xff, 0xff, 0xff, 0xff, 0xff, 0xff, 0xff, 0xdf, 0xdf, 0xdf, 
  0xdf, 0xdf, 0xff, 0xff, 0xff, 0xff, 0xff, 0xff, 0xff, 0xff, 0xff, 0xff, 0xff, 0xff, 0xff, 0xff, 0xff, 0xff, 0xff, 0xff, 0xff, 0xff, 0xff, 0xff, 0xff, 0xff, 0xff, 0xff, 0xff, 0xff, 0xff, 0xff, 0xff, 0xff, 0xff, 0xff, 0xff, 0xff, 0xff, 0xff, 0xff, 0xff, 0xff, 0xff, 0xff, 0xff, 0xff, 0xff, 0xff, 0xff, 0xff, 0xff, 0xff, 0xff, 0xff, 0xff, 0xff, 0xff, 0xff, 0xff, 0xff, 0xff, 0xff, 0xff, 0xff, 0xff, 0xff, 0xff, 0xff, 0xff, 0xff, 0xff, 0xff, 0xff, 0xff, 0xff, 0xff, 0xff, 0xff, 0xff, 0xff, 0xdf, 0xdf, 0xdf, 
  0xdf, 0xff, 0xff, 0xff, 0xff, 0xff, 0xff, 0xff, 0xff, 0xff, 0xff, 0xff, 0xff, 0xff, 0xff, 0xff, 0xff, 0xff, 0xff, 0xff, 0xff, 0xff, 0xff, 0xff, 0xff, 0xff, 0xff, 0xff, 0xff, 0xff, 0xff, 0xff, 0xff, 0xff, 0xff, 0xff, 0xff, 0xff, 0xff, 0xff, 0xff, 0xff, 0xff, 0xff, 0xff, 0xff, 0xff, 0xff, 0xff, 0xff, 0xff, 0xff, 0xff, 0xff, 0xff, 0xff, 0xff, 0xff, 0xff, 0xff, 0xff, 0xff, 0xff, 0xff, 0xff, 0xff, 0xff, 0xff, 0xff, 0xff, 0xff, 0xff, 0xff, 0xff, 0xff, 0xff, 0xff, 0xff, 0xff, 0xff, 0xff, 0xff, 0xff, 0xdf, 
  0xff, 0xff, 0xff, 0xff, 0xff, 0xff, 0xff, 0xff, 0xff, 0xff, 0xff, 0xff, 0xff, 0xff, 0xff, 0xff, 0xff, 0xff, 0xff, 0xff, 0xff, 0xff, 0xff, 0xff, 0xff, 0xff, 0xff, 0xff, 0xff, 0xff, 0xff, 0xff, 0xff, 0xff, 0xff, 0xff, 0xff, 0xff, 0xff, 0xff, 0xff, 0xff, 0xff, 0xff, 0xff, 0xff, 0xff, 0xff, 0xff, 0xff, 0xff, 0xff, 0xff, 0xff, 0xff, 0xff, 0xff, 0xff, 0xff, 0xff, 0xff, 0xff, 0xff, 0xff, 0xff, 0xff, 0xff, 0xff, 0xff, 0xff, 0xff, 0xff, 0xff, 0xff, 0xff, 0xff, 0xff, 0xff, 0xff, 0xff, 0xff, 0xff, 0xff, 0xdf, 
  0xff, 0xff, 0xff, 0xff, 0xff, 0xff, 0xff, 0xff, 0xff, 0xff, 0xff, 0xff, 0xff, 0xff, 0xff, 0xff, 0xff, 0xff, 0xff, 0xff, 0xff, 0xff, 0xff, 0xff, 0xff, 0xff, 0xff, 0xff, 0xff, 0xff, 0xff, 0xff, 0xff, 0xff, 0xff, 0xff, 0xff, 0xff, 0xff, 0xff, 0xff, 0xff, 0xff, 0xff, 0xff, 0xff, 0xff, 0xff, 0xff, 0xff, 0xff, 0xff, 0xff, 0xff, 0xff, 0xff, 0xff, 0xff, 0xff, 0xff, 0xff, 0xff, 0xff, 0xff, 0xff, 0xff, 0xff, 0xff, 0xff, 0xff, 0xff, 0xff, 0xff, 0xff, 0xff, 0xff, 0xff, 0xff, 0xff, 0xff, 0xff, 0xff, 0xff, 0xdf, 
  0xff, 0xff, 0xff, 0xff, 0xff, 0xff, 0xff, 0xff, 0xff, 0xff, 0xff, 0xff, 0xff, 0xff, 0xff, 0xff, 0xff, 0xff, 0xff, 0xff, 0xff, 0xff, 0xff, 0xff, 0xff, 0xff, 0xff, 0xff, 0xff, 0xff, 0xff, 0xff, 0xff, 0xff, 0xff, 0xff, 0xff, 0xff, 0xff, 0xff, 0xff, 0xff, 0xff, 0xff, 0xff, 0xff, 0xff, 0xff, 0xff, 0xff, 0xff, 0xff, 0xff, 0xff, 0xff, 0xff, 0xff, 0xff, 0xff, 0xff, 0xff, 0xff, 0xff, 0xff, 0xff, 0xff, 0xff, 0xff, 0xff, 0xff, 0xff, 0xff, 0xff, 0xff, 0xff, 0xff, 0xff, 0xff, 0xff, 0xff, 0xff, 0xff, 0xff, 0xdf, 
  0xff, 0xff, 0xff, 0xff, 0xff, 0xff, 0xff, 0xff, 0xff, 0xff, 0xff, 0xff, 0xff, 0xff, 0xff, 0xff, 0xff, 0xff, 0xff, 0xff, 0xff, 0xff, 0xff, 0xff, 0xff, 0xff, 0xff, 0xff, 0xff, 0xff, 0xff, 0xff, 0xff, 0xff, 0xff, 0xff, 0xff, 0xff, 0xff, 0xff, 0xff, 0xff, 0xff, 0xff, 0xff, 0xff, 0xff, 0xff, 0xff, 0xff, 0xff, 0xff, 0xff, 0xff, 0xff, 0xff, 0xff, 0xff, 0xff, 0xff, 0xff, 0xff, 0xff, 0xff, 0xff, 0xff, 0xff, 0xff, 0xff, 0xff, 0xff, 0xff, 0xff, 0xff, 0xff, 0xff, 0xff, 0xff, 0xff, 0xff, 0xff, 0xff, 0xff, 0xff, 
  0xff, 0xff, 0xff, 0xff, 0xff, 0xff, 0xff, 0xff, 0xff, 0xff, 0xff, 0xff, 0xff, 0xff, 0xff, 0xff, 0xff, 0xff, 0xff, 0xff, 0xff, 0xff, 0xff, 0xff, 0xff, 0xff, 0xff, 0xff, 0xff, 0xff, 0xff, 0xff, 0xff, 0xff, 0xff, 0xff, 0xff, 0xff, 0xff, 0xff, 0xff, 0xff, 0xff, 0xff, 0xff, 0xff, 0xff, 0xff, 0xff, 0xff, 0xff, 0xff, 0xff, 0xff, 0xff, 0xff, 0xff, 0xff, 0xff, 0xff, 0xff, 0xff, 0xff, 0xff, 0xff, 0xff, 0xff, 0xff, 0xff, 0xff, 0xff, 0xff, 0xff, 0xff, 0xff, 0xff, 0xff, 0xff, 0xff, 0xff, 0xff, 0xff, 0xff, 0xff, 
  0xff, 0xff, 0xff, 0xff, 0xff, 0xff, 0xff, 0xff, 0xff, 0xff, 0xff, 0xff, 0xff, 0xff, 0xff, 0xff, 0xff, 0xff, 0xff, 0xff, 0xff, 0xff, 0xff, 0xff, 0xff, 0xff, 0xff, 0xff, 0xff, 0xff, 0xff, 0xff, 0xff, 0xff, 0xff, 0xff, 0xff, 0xff, 0xff, 0xff, 0xff, 0xff, 0xff, 0xff, 0xff, 0xff, 0xff, 0xff, 0xff, 0xff, 0xff, 0xff, 0xff, 0xff, 0xff, 0xff, 0xff, 0xff, 0xff, 0xff, 0xff, 0xff, 0xff, 0xff, 0xff, 0xff, 0xff, 0xff, 0xff, 0xff, 0xff, 0xff, 0xff, 0xff, 0xff, 0xff, 0xff, 0xff, 0xff, 0xff, 0xff, 0xff, 0xff, 0xff, 
  0xff, 0xff, 0xff, 0xff, 0xff, 0xff, 0xff, 0xff, 0xff, 0xff, 0xff, 0xff, 0xff, 0xff, 0xff, 0xff, 0xff, 0xff, 0xff, 0xff, 0xff, 0xff, 0xff, 0xff, 0xff, 0xff, 0xff, 0xff, 0xff, 0xff, 0xff, 0xff, 0xff, 0xff, 0xff, 0xff, 0xff, 0xff, 0xff, 0xff, 0xff, 0xff, 0xff, 0xff, 0xff, 0xff, 0xff, 0xff, 0xff, 0xff, 0xff, 0xff, 0xff, 0xff, 0xff, 0xff, 0xff, 0xff, 0xff, 0xff, 0xff, 0xff, 0xff, 0xff, 0xff, 0xff, 0xff, 0xff, 0xff, 0xff, 0xff, 0xff, 0xff, 0xff, 0xff, 0xff, 0xff, 0xff, 0xff, 0xff, 0xff, 0xff, 0xff, 0xff, 
  0xff, 0xff, 0xff, 0xff, 0xff, 0xff, 0xff, 0xff, 0xff, 0xff, 0xff, 0xff, 0xff, 0xff, 0xff, 0xff, 0xff, 0xff, 0xff, 0xff, 0xff, 0xff, 0xff, 0xff, 0xff, 0xff, 0xff, 0xff, 0xff, 0xff, 0xff, 0xff, 0xff, 0xff, 0xff, 0xff, 0xff, 0xff, 0xff, 0xff, 0xff, 0xff, 0xff, 0xff, 0xff, 0xff, 0xff, 0xff, 0xff, 0xff, 0xff, 0xff, 0xff, 0xff, 0xff, 0xff, 0xff, 0xff, 0xff, 0xff, 0xff, 0xff, 0xff, 0xff, 0xff, 0xff, 0xff, 0xff, 0xff, 0xff, 0xff, 0xff, 0xff, 0xff, 0xff, 0xff, 0xff, 0xff, 0xff, 0xff, 0xff, 0xff, 0xff, 0xff, 
  0xff, 0xff, 0xff, 0xff, 0xff, 0xff, 0xff, 0xff, 0xff, 0xff, 0xff, 0xff, 0xff, 0xff, 0xff, 0xff, 0xff, 0xff, 0xff, 0xff, 0xff, 0xff, 0xff, 0xff, 0xff, 0xff, 0xff, 0xff, 0xff, 0xff, 0xff, 0xff, 0xff, 0xff, 0xff, 0xff, 0xff, 0xff, 0xff, 0xff, 0xff, 0xff, 0xff, 0xff, 0xff, 0xff, 0xff, 0xff, 0xff, 0xff, 0xff, 0xff, 0xff, 0xff, 0xff, 0xff, 0xff, 0xff, 0xff, 0xff, 0xff, 0xff, 0xff, 0xff, 0xff, 0xff, 0xff, 0xff, 0xff, 0xff, 0xff, 0xff, 0xff, 0xff, 0xff, 0xff, 0xff, 0xff, 0xff, 0xff, 0xff, 0xff, 0xff, 0xff, 
  0xff, 0xff, 0xff, 0xff, 0xff, 0xff, 0xff, 0xff, 0xff, 0xff, 0xff, 0xff, 0xff, 0xff, 0xff, 0xff, 0xff, 0xff, 0xff, 0xff, 0xff, 0xff, 0xff, 0xff, 0xff, 0xff, 0xff, 0xff, 0xff, 0xff, 0xff, 0xff, 0xff, 0xff, 0xff, 0xff, 0xff, 0xff, 0xff, 0xff, 0xff, 0xff, 0xff, 0xff, 0xff, 0xff, 0xff, 0xff, 0xff, 0xff, 0xff, 0xff, 0xff, 0xff, 0xff, 0xff, 0xff, 0xff, 0xff, 0xff, 0xff, 0xff, 0xff, 0xff, 0xff, 0xff, 0xff, 0xff, 0xff, 0xff, 0xff, 0xff, 0xff, 0xff, 0xff, 0xff, 0xff, 0xff, 0xff, 0xff, 0xff, 0xff, 0xff, 0xff, 
  0xff, 0xff, 0xff, 0xff, 0xff, 0xff, 0xff, 0xff, 0xff, 0xff, 0xff, 0xff, 0xff, 0xff, 0xff, 0xff, 0xff, 0xff, 0xff, 0xff, 0xff, 0xff, 0xff, 0xff, 0xff, 0xff, 0xff, 0xff, 0xff, 0xff, 0xff, 0xff, 0xff, 0xff, 0xff, 0xff, 0xff, 0xff, 0xff, 0xff, 0xff, 0xff, 0xff, 0xff, 0xff, 0xff, 0xff, 0xff, 0xff, 0xff, 0xff, 0xff, 0xff, 0xff, 0xff, 0xff, 0xff, 0xff, 0xff, 0xff, 0xff, 0xff, 0xff, 0xff, 0xff, 0xff, 0xff, 0xff, 0xff, 0xff, 0xff, 0xff, 0xff, 0xff, 0xff, 0xff, 0xff, 0xff, 0xff, 0xff, 0xff, 0xff, 0xff, 0xdf, 
  0xff, 0xff, 0xff, 0xff, 0xff, 0xff, 0xff, 0xff, 0xff, 0xff, 0xff, 0xff, 0xff, 0xff, 0xff, 0xff, 0xff, 0xff, 0xff, 0xff, 0xff, 0xff, 0xff, 0xff, 0xff, 0xff, 0xff, 0xff, 0xff, 0xff, 0xff, 0xff, 0xff, 0xff, 0xff, 0xff, 0xff, 0xff, 0xff, 0xff, 0xff, 0xff, 0xff, 0xff, 0xff, 0xff, 0xff, 0xff, 0xff, 0xff, 0xff, 0xff, 0xff, 0xff, 0xff, 0xff, 0xff, 0xff, 0xff, 0xff, 0xff, 0xff, 0xff, 0xff, 0xff, 0xff, 0xff, 0xff, 0xff, 0xff, 0xff, 0xff, 0xff, 0xff, 0xff, 0xff, 0xff, 0xff, 0xff, 0xff, 0xff, 0xff, 0xff, 0xdf, 
  0xdf, 0xff, 0xff, 0xff, 0xff, 0xff, 0xff, 0xff, 0xff, 0xff, 0xff, 0xff, 0xff, 0xff, 0xff, 0xff, 0xff, 0xff, 0xff, 0xff, 0xff, 0xff, 0xff, 0xff, 0xff, 0xff, 0xff, 0xff, 0xff, 0xff, 0xff, 0xff, 0xff, 0xff, 0xff, 0xff, 0xff, 0xff, 0xff, 0xff, 0xff, 0xff, 0xff, 0xff, 0xff, 0xff, 0xff, 0xff, 0xff, 0xff, 0xff, 0xff, 0xff, 0xff, 0xff, 0xff, 0xff, 0xff, 0xff, 0xff, 0xff, 0xff, 0xff, 0xff, 0xff, 0xff, 0xff, 0xff, 0xff, 0xff, 0xff, 0xff, 0xff, 0xff, 0xff, 0xff, 0xff, 0xff, 0xff, 0xff, 0xff, 0xff, 0xdf, 0xdf, 
  0xdf, 0xff, 0xff, 0xff, 0xff, 0xff, 0xff, 0xff, 0xff, 0xff, 0xff, 0xff, 0xff, 0xff, 0xff, 0xff, 0xff, 0xff, 0xff, 0xff, 0xff, 0xff, 0xff, 0xff, 0xff, 0xff, 0xff, 0xff, 0xff, 0xff, 0xff, 0xff, 0xff, 0xff, 0xff, 0xff, 0xff, 0xff, 0xff, 0xff, 0xff, 0xff, 0xff, 0xff, 0xff, 0xff, 0xff, 0xff, 0xff, 0xff, 0xff, 0xff, 0xff, 0xff, 0xff, 0xff, 0xff, 0xff, 0xff, 0xff, 0xff, 0xff, 0xff, 0xff, 0xff, 0xff, 0xff, 0xff, 0xff, 0xff, 0xff, 0xff, 0xff, 0xff, 0xff, 0xff, 0xff, 0xff, 0xff, 0xff, 0xff, 0xff, 0xdf, 0xdf, 
  0xdf, 0xff, 0xff, 0xff, 0xff, 0xff, 0xff, 0xff, 0xff, 0xff, 0xff, 0xff, 0xff, 0xff, 0xff, 0xff, 0xff, 0xff, 0xff, 0xff, 0xff, 0xff, 0xff, 0xff, 0xff, 0xff, 0xff, 0xff, 0xff, 0xff, 0xff, 0xff, 0xff, 0xff, 0xff, 0xff, 0xff, 0xff, 0xff, 0xff, 0xff, 0xff, 0xff, 0xff, 0xff, 0xff, 0xff, 0xff, 0xff, 0xff, 0xff, 0xff, 0xff, 0xff, 0xff, 0xff, 0xff, 0xff, 0xff, 0xff, 0xff, 0xff, 0xff, 0xff, 0xff, 0xff, 0xff, 0xff, 0xff, 0xff, 0xff, 0xff, 0xff, 0xff, 0xff, 0xff, 0xff, 0xff, 0xff, 0xff, 0xff, 0xdf, 0xdf, 0xdf, 
  0xdf, 0xdf, 0xdf, 0xff, 0xff, 0xff, 0xff, 0xff, 0xff, 0xff, 0xff, 0xff, 0xff, 0xff, 0xff, 0xff, 0xff, 0xff, 0xff, 0xff, 0xff, 0xff, 0xff, 0xff, 0xff, 0xff, 0xff, 0xff, 0xff, 0xff, 0xff, 0xff, 0xff, 0xff, 0xff, 0xff, 0xff, 0xff, 0xff, 0xff, 0xff, 0xff, 0xff, 0xff, 0xff, 0xff, 0xff, 0xff, 0xff, 0xff, 0xff, 0xff, 0xff, 0xff, 0xff, 0xff, 0xff, 0xff, 0xff, 0xff, 0xff, 0xff, 0xff, 0xff, 0xff, 0xff, 0xff, 0xff, 0xff, 0xff, 0xff, 0xff, 0xff, 0xff, 0xff, 0xff, 0xff, 0xff, 0xff, 0xff, 0xdf, 0xdf, 0xdf, 0xdf, 
  0xdf, 0xdf, 0xdf, 0xff, 0xff, 0xff, 0xff, 0xff, 0xff, 0xff, 0xff, 0xff, 0xff, 0xff, 0xff, 0xff, 0xff, 0xff, 0xff, 0xff, 0xff, 0xff, 0xff, 0xff, 0xff, 0xff, 0xff, 0xff, 0xff, 0xff, 0xff, 0xff, 0xff, 0xff, 0xff, 0xff, 0xff, 0xff, 0xff, 0xff, 0xff, 0xff, 0xff, 0xff, 0xff, 0xff, 0xff, 0xff, 0xff, 0xff, 0xff, 0xff, 0xff, 0xff, 0xff, 0xff, 0xff, 0xff, 0xff, 0xff, 0xff, 0xff, 0xff, 0xff, 0xff, 0xff, 0xff, 0xff, 0xff, 0xff, 0xff, 0xff, 0xff, 0xff, 0xff, 0xff, 0xff, 0xff, 0xff, 0xff, 0xdf, 0xdf, 0xdf, 0xdf, 
  0xdf, 0xdf, 0xdf, 0xdf, 0xff, 0xff, 0xff, 0xff, 0xff, 0xff, 0xff, 0xff, 0xff, 0xff, 0xff, 0xff, 0xff, 0xff, 0xff, 0xff, 0xff, 0xff, 0xff, 0xff, 0xff, 0xff, 0xff, 0xff, 0xff, 0xff, 0xff, 0xff, 0xff, 0xff, 0xff, 0xff, 0xff, 0xff, 0xff, 0xff, 0xff, 0xff, 0xff, 0xff, 0xff, 0xff, 0xff, 0xff, 0xff, 0xff, 0xff, 0xff, 0xff, 0xff, 0xff, 0xff, 0xff, 0xff, 0xff, 0xff, 0xff, 0xff, 0xff, 0xff, 0xff, 0xff, 0xff, 0xff, 0xff, 0xff, 0xff, 0xff, 0xff, 0xff, 0xff, 0xff, 0xff, 0xff, 0xff, 0xff, 0xdf, 0xdf, 0xdf, 0xdf, 
  0xdf, 0xdf, 0xdf, 0xdf, 0xdf, 0xff, 0xff, 0xff, 0xff, 0xff, 0xff, 0xff, 0xff, 0xff, 0xff, 0xff, 0xff, 0xff, 0xff, 0xff, 0xff, 0xff, 0xff, 0xff, 0xff, 0xff, 0xff, 0xff, 0xff, 0xff, 0xff, 0xff, 0xff, 0xff, 0xff, 0xff, 0xff, 0xff, 0xff, 0xff, 0xff, 0xff, 0xff, 0xff, 0xff, 0xff, 0xff, 0xff, 0xff, 0xff, 0xff, 0xff, 0xff, 0xff, 0xff, 0xff, 0xff, 0xff, 0xff, 0xff, 0xff, 0xff, 0xff, 0xff, 0xff, 0xff, 0xff, 0xff, 0xff, 0xff, 0xff, 0xff, 0xff, 0xff, 0xff, 0xff, 0xff, 0xff, 0xff, 0xdf, 0xdf, 0xdf, 0xdf, 0xdf, 
  0xdf, 0xdf, 0xdf, 0xdf, 0xdf, 0xdf, 0xff, 0xff, 0xff, 0xff, 0xff, 0xff, 0xff, 0xff, 0xff, 0xff, 0xff, 0xff, 0xff, 0xff, 0xff, 0xff, 0xff, 0xff, 0xff, 0xff, 0xff, 0xff, 0xff, 0xff, 0xff, 0xff, 0xff, 0xff, 0xff, 0xff, 0xff, 0xff, 0xff, 0xff, 0xff, 0xff, 0xff, 0xff, 0xff, 0xff, 0xff, 0xff, 0xff, 0xff, 0xff, 0xff, 0xff, 0xff, 0xff, 0xff, 0xff, 0xff, 0xff, 0xff, 0xff, 0xff, 0xff, 0xff, 0xff, 0xff, 0xff, 0xff, 0xff, 0xff, 0xff, 0xff, 0xff, 0xff, 0xff, 0xff, 0xdf, 0xdf, 0xdf, 0xdf, 0xdf, 0xdf, 0xdf, 0xdf, 
  0xdf, 0xdf, 0xdf, 0xdf, 0xdf, 0xdf, 0xdf, 0xdf, 0xff, 0xff, 0xff, 0xff, 0xff, 0xff, 0xff, 0xff, 0xff, 0xff, 0xff, 0xff, 0xff, 0xff, 0xff, 0xff, 0xff, 0xff, 0xff, 0xff, 0xff, 0xff, 0xff, 0xff, 0xff, 0xff, 0xff, 0xff, 0xff, 0xff, 0xff, 0xff, 0xff, 0xff, 0xff, 0xff, 0xff, 0xff, 0xff, 0xff, 0xff, 0xff, 0xff, 0xff, 0xff, 0xff, 0xff, 0xff, 0xff, 0xff, 0xff, 0xff, 0xff, 0xff, 0xff, 0xff, 0xff, 0xff, 0xff, 0xff, 0xff, 0xff, 0xff, 0xff, 0xff, 0xff, 0xff, 0xdf, 0xdf, 0xdf, 0xdf, 0xdf, 0xdf, 0xdf, 0xdf, 0xdf, 
  0xdf, 0xdf, 0xdf, 0xdf, 0xdf, 0xdf, 0xdf, 0xdf, 0xdf, 0xdf, 0xff, 0xff, 0xff, 0xff, 0xff, 0xff, 0xff, 0xff, 0xff, 0xff, 0xff, 0xff, 0xff, 0xff, 0xff, 0xff, 0xff, 0xff, 0xff, 0xff, 0xff, 0xff, 0xff, 0xff, 0xff, 0xff, 0xff, 0xff, 0xff, 0xff, 0xff, 0xff, 0xff, 0xff, 0xff, 0xff, 0xff, 0xff, 0xff, 0xff, 0xff, 0xff, 0xff, 0xff, 0xff, 0xff, 0xff, 0xff, 0xff, 0xff, 0xff, 0xff, 0xff, 0xff, 0xff, 0xff, 0xff, 0xff, 0xff, 0xff, 0xff, 0xff, 0xff, 0xdf, 0xdf, 0xdf, 0xdf, 0xdf, 0xdf, 0xdf, 0xdf, 0xdf, 0xdf, 0xdf, 
  0xdf, 0xdf, 0xdf, 0xdf, 0xdf, 0xdf, 0xdf, 0xdf, 0xdf, 0xdf, 0xdf, 0xdf, 0xdf, 0xff, 0xff, 0xff, 0xff, 0xff, 0xff, 0xff, 0xff, 0xff, 0xff, 0xff, 0xff, 0xff, 0xff, 0xff, 0xff, 0xff, 0xff, 0xff, 0xff, 0xff, 0xff, 0xfe, 0xfe, 0xfe, 0xfe, 0xfe, 0xfe, 0xfe, 0xfe, 0xfe, 0xfe, 0xfe, 0xfe, 0xfe, 0xff, 0xff, 0xff, 0xff, 0xff, 0xff, 0xff, 0xff, 0xff, 0xff, 0xff, 0xff, 0xff, 0xff, 0xff, 0xff, 0xff, 0xff, 0xff, 0xff, 0xff, 0xff, 0xdf, 0xdf, 0xdf, 0xdf, 0xdf, 0xdf, 0xdf, 0xdf, 0xdf, 0xdf, 0xdf, 0xdf, 0xdf, 0xdf, 
  0xdf, 0xdf, 0xdf, 0xdf, 0xdf, 0xdf, 0xdf, 0xdf, 0xdf, 0xdf, 0xdf, 0xdf, 0xdf, 0xdf, 0xdf, 0xdf, 0xdf, 0xdf, 0xdf, 0xdf, 0xdf, 0xdf, 0xdf, 0xdf, 0xdf, 0xdf, 0xdf, 0xdf, 0xdf, 0xdf, 0xdf, 0xdf, 0xff, 0xff, 0xfe, 0xf9, 0xf9, 0xf9, 0xf9, 0xf9, 0xf9, 0xf8, 0xf9, 0xf9, 0xf9, 0xf9, 0xf9, 0xd9, 0xde, 0xdf, 0xff, 0xdf, 0xdf, 0xdf, 0xdf, 0xdf, 0xdf, 0xdf, 0xdf, 0xdf, 0xdf, 0xdf, 0xdf, 0xdf, 0xdf, 0xdf, 0xdf, 0xdf, 0xdf, 0xdf, 0xdf, 0xdf, 0xdf, 0xdf, 0xdf, 0xdf, 0xdf, 0xdf, 0xdf, 0xdf, 0xdf, 0xdf, 0xdf, 0xdf, 
  0xdf, 0xdf, 0xdf, 0xdf, 0xdf, 0xdf, 0xdf, 0xdf, 0xdf, 0xdf, 0xdf, 0xdf, 0xdf, 0xdf, 0xdf, 0xdf, 0xdf, 0xdf, 0xdf, 0xdf, 0xdf, 0xdf, 0xdf, 0xdf, 0xdf, 0xdf, 0xdf, 0xdf, 0xdf, 0xdf, 0xdf, 0xdf, 0xff, 0xff, 0xfe, 0xf9, 0xf8, 0xf8, 0xf8, 0xf8, 0xf8, 0xf8, 0xf8, 0xf8, 0xf8, 0xf8, 0xf9, 0xf9, 0xfe, 0xdf, 0xdf, 0xdf, 0xdf, 0xdf, 0xdf, 0xdf, 0xdf, 0xdf, 0xdf, 0xdf, 0xdf, 0xdf, 0xdf, 0xdf, 0xdf, 0xdf, 0xdf, 0xdf, 0xdf, 0xdf, 0xdf, 0xdf, 0xdf, 0xdf, 0xdf, 0xdf, 0xdf, 0xdf, 0xdf, 0xdf, 0xdf, 0xdf, 0xdf, 0xdf, 
  0xdf, 0xdf, 0xdf, 0xdf, 0xdf, 0xdf, 0xdf, 0xdf, 0xdf, 0xdf, 0xdf, 0xdf, 0xdf, 0xdf, 0xdf, 0xdf, 0xdf, 0xdf, 0xdf, 0xdf, 0xdf, 0xdf, 0xdf, 0xdf, 0xdf, 0xdf, 0xdf, 0xdf, 0xdf, 0xdf, 0xdf, 0xdf, 0xdf, 0xfe, 0xfd, 0xf9, 0xf8, 0xf8, 0xf8, 0xf8, 0xf8, 0xf8, 0xf8, 0xf8, 0xf8, 0xf9, 0xfd, 0xfe, 0xff, 0xdf, 0xdf, 0xdf, 0xdf, 0xdf, 0xdf, 0xdf, 0xdf, 0xdf, 0xdf, 0xdf, 0xdf, 0xdf, 0xdf, 0xdf, 0xdf, 0xdf, 0xdf, 0xdf, 0xdf, 0xdf, 0xdf, 0xdf, 0xdf, 0xdf, 0xdf, 0xdf, 0xdf, 0xdf, 0xdf, 0xdf, 0xdf, 0xdf, 0xdf, 0xdf, 
  0xdf, 0xdf, 0xdf, 0xdf, 0xdf, 0xdf, 0xdf, 0xdf, 0xdf, 0xdf, 0xdf, 0xdf, 0xdf, 0xdf, 0xdf, 0xdf, 0xdf, 0xdf, 0xdf, 0xdf, 0xdf, 0xdf, 0xdf, 0xdf, 0xdf, 0xdf, 0xdf, 0xdf, 0xdf, 0xdf, 0xdf, 0xdf, 0xff, 0xfe, 0xfd, 0xf8, 0xf8, 0xf8, 0xf8, 0xf8, 0xf8, 0xf8, 0xf8, 0xf8, 0xf8, 0xf9, 0xfd, 0xfe, 0xdf, 0xdf, 0xdf, 0xdf, 0xdf, 0xdf, 0xdf, 0xdf, 0xdf, 0xdf, 0xdf, 0xdf, 0xdf, 0xdf, 0xdf, 0xdf, 0xdf, 0xdf, 0xdf, 0xdf, 0xdf, 0xdf, 0xdf, 0xdf, 0xdf, 0xdf, 0xdf, 0xdf, 0xdf, 0xdf, 0xdf, 0xdf, 0xdf, 0xdf, 0xdf, 0xdf, 
  0xdf, 0xdf, 0xdf, 0xdf, 0xdf, 0xdf, 0xdf, 0xdf, 0xdf, 0xdf, 0xdf, 0xdf, 0xdf, 0xdf, 0xdf, 0xdf, 0xbf, 0xbf, 0xbf, 0xbf, 0xdf, 0xdf, 0xdf, 0xdf, 0xdf, 0xdf, 0xdf, 0xdf, 0xdf, 0xdf, 0xdf, 0xdf, 0xfe, 0xfe, 0xf9, 0xf8, 0xf8, 0xf8, 0xf8, 0xf8, 0xf8, 0xf8, 0xf8, 0xf8, 0xf8, 0xfd, 0xfe, 0xff, 0xdf, 0xdf, 0xdf, 0xdf, 0xdf, 0xdf, 0xdf, 0xdf, 0xdf, 0xdf, 0xdf, 0xdf, 0xdf, 0xdf, 0xdf, 0xdf, 0xbf, 0xbf, 0xbf, 0xbf, 0xdf, 0xdf, 0xdf, 0xdf, 0xdf, 0xdf, 0xdf, 0xdf, 0xdf, 0xdf, 0xdf, 0xdf, 0xdf, 0xdf, 0xdf, 0xdf, 
  0xdf, 0xdf, 0xdf, 0xdf, 0xdf, 0xdf, 0xdf, 0xdf, 0xdf, 0xdf, 0xdf, 0xdf, 0xdf, 0xdf, 0xdf, 0xbf, 0xbf, 0xbf, 0xbf, 0xbf, 0xdf, 0xdf, 0xdf, 0xdf, 0xdf, 0xdf, 0xdf, 0xdf, 0xdf, 0xdf, 0xdf, 0xdf, 0xfe, 0xfd, 0xf8, 0xf8, 0xf8, 0xf8, 0xf8, 0xf8, 0xf8, 0xf8, 0xf8, 0xf8, 0xfd, 0xfe, 0xfe, 0xdf, 0xdf, 0xdf, 0xdf, 0xdf, 0xdf, 0xdf, 0xdf, 0xdf, 0xdf, 0xdf, 0xdf, 0xdf, 0xdf, 0xdf, 0xdf, 0xdf, 0xbf, 0xbf, 0xbf, 0xbf, 0xdf, 0xdf, 0xdf, 0xdf, 0xdf, 0xdf, 0xdf, 0xdf, 0xdf, 0xdf, 0xdf, 0xdf, 0xdf, 0xdf, 0xdf, 0xdf, 
  0xdf, 0xdf, 0xdf, 0xdf, 0xdf, 0xdf, 0xdf, 0xdf, 0xdf, 0xdf, 0xdf, 0xdf, 0xdf, 0xdf, 0xdf, 0xbf, 0xbf, 0xbf, 0xbf, 0xbf, 0xdf, 0xdf, 0xdf, 0xdf, 0xdf, 0xdf, 0xdf, 0xdf, 0xdf, 0xdf, 0xdf, 0xff, 0xfe, 0xf9, 0xfc, 0xf8, 0xf8, 0xf8, 0xf8, 0xf8, 0xf8, 0xf8, 0xf8, 0xfd, 0xfd, 0xfe, 0xff, 0xdf, 0xdf, 0xdf, 0xdf, 0xdf, 0xdf, 0xdf, 0xdf, 0xdf, 0xdf, 0xdf, 0xdf, 0xdf, 0xdf, 0xdf, 0xdf, 0xbf, 0xbf, 0xbf, 0xbf, 0xbf, 0xdf, 0xdf, 0xdf, 0xdf, 0xdf, 0xdf, 0xdf, 0xdf, 0xdf, 0xdf, 0xdf, 0xdf, 0xdf, 0xdf, 0xdf, 0xdf, 
  0xdf, 0xdf, 0xdf, 0xdf, 0xdf, 0xdf, 0xdf, 0xdf, 0xdf, 0xdf, 0xdf, 0xdf, 0xdf, 0xdf, 0xbf, 0xbf, 0xbf, 0xbf, 0xbf, 0xbf, 0xdf, 0xdf, 0xdf, 0xdf, 0xdf, 0xdf, 0xdf, 0xdf, 0xdf, 0xdf, 0xdf, 0xfe, 0xfe, 0xf9, 0xfc, 0xf8, 0xf8, 0xf8, 0xf8, 0xf8, 0xf8, 0xf8, 0xf9, 0xfd, 0xfe, 0xfe, 0xdf, 0xdf, 0xdf, 0xdf, 0xdf, 0xdf, 0xdf, 0xdf, 0xdf, 0xdf, 0xdf, 0xdf, 0xdf, 0xdf, 0xdf, 0xdf, 0xdf, 0xbf, 0xbf, 0xbf, 0xbf, 0xbf, 0xdf, 0xdf, 0xdf, 0xdf, 0xdf, 0xdf, 0xdf, 0xdf, 0xdf, 0xdf, 0xdf, 0xdf, 0xdf, 0xdf, 0xdf, 0xdf, 
  0xdf, 0xdf, 0xdf, 0xdf, 0xdf, 0xdf, 0xdf, 0xdf, 0xdf, 0xdf, 0xdf, 0xdf, 0xdf, 0xdf, 0xbf, 0xbf, 0xbb, 0xbf, 0xbf, 0xdf, 0xdf, 0xdf, 0xdf, 0xdf, 0xdf, 0xdf, 0xdf, 0xdf, 0xdf, 0xdf, 0xff, 0xfe, 0xfd, 0xf8, 0xf8, 0xf8, 0xf8, 0xf8, 0xf8, 0xf8, 0xf8, 0xf8, 0xf9, 0xfe, 0xfe, 0xfe, 0xfe, 0xff, 0xdf, 0xdf, 0xdf, 0xdf, 0xdf, 0xdf, 0xdf, 0xdf, 0xdf, 0xdf, 0xdf, 0xdf, 0xdf, 0xdf, 0xbf, 0xbf, 0xbf, 0xbb, 0xbf, 0xbf, 0xdf, 0xdf, 0xdf, 0xdf, 0xdf, 0xdf, 0xdf, 0xdf, 0xdf, 0xdf, 0xdf, 0xdf, 0xdf, 0xdf, 0xdf, 0xdf, 
  0xdf, 0xdf, 0xdf, 0xdf, 0xdf, 0xdf, 0xdf, 0xdf, 0xdf, 0xdf, 0xdf, 0xdf, 0xdf, 0xdf, 0xbf, 0xbf, 0xbf, 0xbf, 0xbf, 0xdf, 0xdf, 0xdf, 0xdf, 0xdf, 0xdf, 0xdf, 0xdf, 0xdf, 0xdf, 0xdf, 0xff, 0xfe, 0xf9, 0xf8, 0xf8, 0xf8, 0xf8, 0xf8, 0xf8, 0xf8, 0xf8, 0xf8, 0xf9, 0xfd, 0xfd, 0xfe, 0xfe, 0xde, 0xdf, 0xdf, 0xdf, 0xdf, 0xdf, 0xdf, 0xdf, 0xdf, 0xdf, 0xdf, 0xdf, 0xdf, 0xdf, 0xdf, 0xbf, 0xbf, 0xbf, 0xbf, 0xbf, 0xbf, 0xdf, 0xdf, 0xdf, 0xdf, 0xdf, 0xdf, 0xdf, 0xdf, 0xdf, 0xdf, 0xdf, 0xdf, 0xdf, 0xdf, 0xdf, 0xdf, 
  0xdf, 0xdf, 0xdf, 0xdf, 0xdf, 0xdf, 0xdf, 0xdf, 0xdf, 0xdf, 0xdf, 0xdf, 0xdf, 0xbf, 0xbf, 0xbb, 0xbf, 0xbb, 0xdf, 0xdf, 0xdf, 0xdf, 0xdf, 0xdf, 0xdf, 0xdf, 0xdf, 0xdf, 0xdf, 0xff, 0xfe, 0xfd, 0xfd, 0xf8, 0xf8, 0xf8, 0xf8, 0xf8, 0xf8, 0xf8, 0xf8, 0xf8, 0xf8, 0xf8, 0xfc, 0xf9, 0xdd, 0xde, 0xdf, 0xdf, 0xdf, 0xdf, 0xdf, 0xdf, 0xdf, 0xdf, 0xdf, 0xdf, 0xdf, 0xdf, 0xdf, 0xdf, 0xbf, 0xbf, 0xbf, 0xbf, 0xbf, 0xdf, 0xdf, 0xdf, 0xdf, 0xdf, 0xdf, 0xdf, 0xdf, 0xdf, 0xdf, 0xdf, 0xdf, 0xdf, 0xdf, 0xdf, 0xdf, 0xdf, 
  0xdf, 0xdf, 0xdf, 0xdf, 0xdf, 0xdf, 0xdf, 0xdf, 0xdf, 0xdf, 0xdf, 0xdf, 0xdf, 0xbf, 0xbf, 0xbb, 0xbf, 0xbf, 0xdf, 0xdf, 0xdf, 0xdf, 0xdf, 0xdf, 0xdf, 0xdf, 0xdf, 0xdf, 0xdf, 0xff, 0xfe, 0xfd, 0xfd, 0xfc, 0xf8, 0xf8, 0xf8, 0xf8, 0xf8, 0xfc, 0xf8, 0xf8, 0xf8, 0xfc, 0xfc, 0xfd, 0xfe, 0xfe, 0xdf, 0xdf, 0xdf, 0xdf, 0xdf, 0xdf, 0xdf, 0xdf, 0xdf, 0xdf, 0xdf, 0xdf, 0xdf, 0xbf, 0xbf, 0xbf, 0xbf, 0xbf, 0xbf, 0xdf, 0xdf, 0xdf, 0xdf, 0xdf, 0xdf, 0xdf, 0xdf, 0xdf, 0xdf, 0xdf, 0xdf, 0xdf, 0xdf, 0xdf, 0xdf, 0xdf, 
  0xdf, 0xdf, 0xdf, 0xdf, 0xdf, 0xdf, 0xdf, 0xdf, 0xdf, 0xdf, 0xdf, 0xdf, 0xbf, 0xbf, 0xbf, 0xbf, 0xbf, 0xbf, 0xdf, 0xdf, 0xdf, 0xdf, 0xdf, 0xdf, 0xdf, 0xdf, 0xdf, 0xdf, 0xdf, 0xfe, 0xfe, 0xdd, 0xfc, 0xf8, 0xf8, 0xf8, 0xf8, 0xf8, 0xf8, 0xfc, 0xf8, 0xfc, 0xf8, 0xf8, 0xfd, 0xfe, 0xfe, 0xff, 0xdf, 0xdf, 0xdf, 0xdf, 0xdf, 0xdf, 0xdf, 0xdf, 0xdf, 0xdf, 0xdf, 0xdf, 0xdf, 0xbf, 0xbf, 0xbf, 0xbf, 0xbf, 0xdf, 0xdf, 0xdf, 0xdf, 0xdf, 0xdf, 0xdf, 0xdf, 0xdf, 0xdf, 0xdf, 0xdf, 0xdf, 0xdf, 0xdf, 0xdf, 0xdf, 0xdf, 
  0xdf, 0xdf, 0xdf, 0xdf, 0xdf, 0xdf, 0xdf, 0xdf, 0xdf, 0xdf, 0xdf, 0xdf, 0xbf, 0xbf, 0xbf, 0xbf, 0xbf, 0xdf, 0xdf, 0xdf, 0xdf, 0xdf, 0xdf, 0xdf, 0xdf, 0xdf, 0xdf, 0xdf, 0xdf, 0xfe, 0xde, 0xdd, 0xfd, 0xfc, 0xf8, 0xf8, 0xf8, 0xf8, 0xfc, 0xfc, 0xfc, 0xf8, 0xf9, 0xfd, 0xfd, 0xfe, 0xff, 0xdf, 0xdf, 0xdf, 0xdf, 0xdf, 0xdf, 0xdf, 0xdf, 0xdf, 0xdf, 0xdf, 0xdf, 0xdf, 0xbf, 0xbf, 0xbf, 0xbf, 0xbf, 0xbf, 0xdf, 0xdf, 0xdf, 0xdf, 0xdf, 0xdf, 0xdf, 0xdf, 0xdf, 0xdf, 0xdf, 0xdf, 0xdf, 0xdf, 0xdf, 0xdf, 0xdf, 0xdf, 
  0xdf, 0xdf, 0xdf, 0xdf, 0xdf, 0xdf, 0xdf, 0xdf, 0xdf, 0xdf, 0xdf, 0xbf, 0xbf, 0xbf, 0xbf, 0xbf, 0xbf, 0xdf, 0xdf, 0xdf, 0xdf, 0xdf, 0xdf, 0xdf, 0xdf, 0xdf, 0xdf, 0xdf, 0xdf, 0xdf, 0xfe, 0xfe, 0xfe, 0xfd, 0xfd, 0xfd, 0xf9, 0xf8, 0xfc, 0xfc, 0xfc, 0xf8, 0xfd, 0xfe, 0xfe, 0xdf, 0xdf, 0xdf, 0xdf, 0xdf, 0xdf, 0xdf, 0xdf, 0xdf, 0xdf, 0xdf, 0xdf, 0xdf, 0xdf, 0xdf, 0xbf, 0xbf, 0xbf, 0xbf, 0xbf, 0xdf, 0xdf, 0xdf, 0xdf, 0xdf, 0xdf, 0xdf, 0xdf, 0xdf, 0xdf, 0xdf, 0xdf, 0xdf, 0xdf, 0xdf, 0xdf, 0xdf, 0xdf, 0xdf, 
  0xdf, 0xdf, 0xdf, 0xdf, 0xdf, 0xdf, 0xdf, 0xdf, 0xdf, 0xdf, 0xdf, 0xbf, 0xbf, 0xbf, 0xbf, 0xbf, 0xbf, 0xdf, 0xdf, 0xdf, 0xdf, 0xdf, 0xdf, 0xdf, 0xdf, 0xdf, 0xdf, 0xdf, 0xdf, 0xdf, 0xff, 0xff, 0xfe, 0xfe, 0xfe, 0xfd, 0xf9, 0xf8, 0xfc, 0xfc, 0xf8, 0xfd, 0xfe, 0xfe, 0xdf, 0xdf, 0xdf, 0xdf, 0xdf, 0xdf, 0xdf, 0xdf, 0xdf, 0xdf, 0xdf, 0xdf, 0xdf, 0xdf, 0xdf, 0xdf, 0xbf, 0xbf, 0xbf, 0xbf, 0xbf, 0xdf, 0xdf, 0xdf, 0xdf, 0xdf, 0xdf, 0xdf, 0xdf, 0xdf, 0xdf, 0xdf, 0xdf, 0xdf, 0xdf, 0xdf, 0xdf, 0xdf, 0xdf, 0xdf, 
  0xdf, 0xdf, 0xdf, 0xdf, 0xdf, 0xdf, 0xdf, 0xdf, 0xdf, 0xdf, 0xdf, 0xbb, 0xbf, 0xbf, 0xbf, 0xbf, 0xdf, 0xdf, 0xdf, 0xdf, 0xdf, 0xdf, 0xdf, 0xdf, 0xdf, 0xdf, 0xdf, 0xdf, 0xdf, 0xdf, 0xdf, 0xdf, 0xdf, 0xfe, 0xfe, 0xfd, 0xfd, 0xfc, 0xfc, 0xfd, 0xfd, 0xfe, 0xff, 0xdf, 0xdf, 0xdf, 0xdf, 0xdf, 0xdf, 0xdf, 0xdf, 0xdf, 0xdf, 0xdf, 0xdf, 0xdf, 0xdf, 0xdf, 0xdf, 0xbf, 0xbf, 0xbb, 0xbf, 0xbf, 0xdf, 0xdf, 0xdf, 0xdf, 0xdf, 0xdf, 0xdf, 0xdf, 0xdf, 0xdf, 0xdf, 0xdf, 0xdf, 0xdf, 0xdf, 0xdf, 0xdf, 0xdf, 0xdf, 0xdf, 
  0xdf, 0xdf, 0xdf, 0xdf, 0xdf, 0xdf, 0xdf, 0xdf, 0xdf, 0xdf, 0xbf, 0xbb, 0xbf, 0xbf, 0xbf, 0xbf, 0xdf, 0xdf, 0xdf, 0xdf, 0xdf, 0xdf, 0xdf, 0xdf, 0xdf, 0xdf, 0xdf, 0xdf, 0xdf, 0xdf, 0xdf, 0xdf, 0xdf, 0xfe, 0xfd, 0xfd, 0xfc, 0xf8, 0xfd, 0xfd, 0xfe, 0xfe, 0xdf, 0xdf, 0xdf, 0xdf, 0xdf, 0xdf, 0xdf, 0xdf, 0xdf, 0xdf, 0xdf, 0xdf, 0xdf, 0xdf, 0xdf, 0xdf, 0xdf, 0xbf, 0xbf, 0xbf, 0xbf, 0xbb, 0xdf, 0xdf, 0xdf, 0xdf, 0xdf, 0xdf, 0xdf, 0xdf, 0xdf, 0xdf, 0xdf, 0xdf, 0xdf, 0xdf, 0xdf, 0xdf, 0xdf, 0xdf, 0xdf, 0xdf, 
  0xdf, 0xdf, 0xdf, 0xdf, 0xdf, 0xdf, 0xdf, 0xdf, 0xdf, 0xdf, 0xbf, 0xbf, 0xbf, 0xbf, 0xbf, 0xdf, 0xdf, 0xdf, 0xdf, 0xdf, 0xdf, 0xdf, 0xdf, 0xdf, 0xdf, 0xdf, 0xdf, 0xdf, 0xdf, 0xdf, 0xdf, 0xdf, 0xff, 0xfe, 0xfd, 0xfc, 0xfc, 0xf9, 0xfd, 0xfe, 0xfe, 0xdf, 0xdf, 0xdf, 0xdf, 0xdf, 0xdf, 0xdf, 0xdf, 0xdf, 0xdf, 0xdf, 0xdf, 0xdf, 0xdf, 0xdf, 0xdf, 0xdf, 0xdf, 0xbf, 0xbf, 0xbf, 0xbf, 0xbf, 0xdf, 0xdf, 0xdf, 0xdf, 0xdf, 0xdf, 0xdf, 0xdf, 0xdf, 0xdf, 0xdf, 0xdf, 0xdf, 0xdf, 0xdf, 0xdf, 0xdf, 0xdf, 0xdf, 0xdf, 
  0xdf, 0xdf, 0xdf, 0xdf, 0xdf, 0xdf, 0xdf, 0xdf, 0xdf, 0xdf, 0xbf, 0xbf, 0xbf, 0xbf, 0xbf, 0xdf, 0xdf, 0xdf, 0xdf, 0xdf, 0xdf, 0xdf, 0xdf, 0xdf, 0xdf, 0xdf, 0xdf, 0xdf, 0xdf, 0xdf, 0xdf, 0xdf, 0xff, 0xfe, 0xfd, 0xfc, 0xfd, 0xfd, 0xfe, 0xfe, 0xdf, 0xdf, 0xdf, 0xdf, 0xdf, 0xdf, 0xdf, 0xdf, 0xdf, 0xdf, 0xdf, 0xdf, 0xdf, 0xdf, 0xdf, 0xdf, 0xdf, 0xdf, 0xdf, 0xbf, 0xbf, 0xbb, 0xbf, 0xbf, 0xdf, 0xdf, 0xdf, 0xdf, 0xdf, 0xdf, 0xdf, 0xdf, 0xdf, 0xdf, 0xdf, 0xdf, 0xdf, 0xdf, 0xdf, 0xdf, 0xdf, 0xdf, 0xdf, 0xdf, 
  0xdf, 0xdf, 0xdf, 0xdf, 0xdf, 0xdf, 0xdf, 0xdf, 0xdf, 0xdf, 0xbf, 0xbf, 0xbf, 0xbf, 0xdf, 0xdf, 0xdf, 0xdf, 0xdf, 0xdf, 0xdf, 0xdf, 0xdf, 0xdf, 0xdf, 0xdf, 0xdf, 0xdf, 0xdf, 0xdf, 0xdf, 0xdf, 0xfe, 0xfd, 0xfd, 0xfc, 0xfd, 0xfe, 0xfe, 0xdf, 0xdf, 0xdf, 0xdf, 0xdf, 0xdf, 0xdf, 0xdf, 0xdf, 0xdf, 0xdf, 0xdf, 0xdf, 0xdf, 0xdf, 0xdf, 0xdf, 0xdf, 0xdf, 0xdf, 0xbf, 0xbf, 0xbf, 0xbf, 0xdf, 0xdf, 0xdf, 0xdf, 0xdf, 0xdf, 0xdf, 0xdf, 0xdf, 0xdf, 0xdf, 0xdf, 0xdf, 0xdf, 0xdf, 0xdf, 0xdf, 0xdf, 0xdf, 0xdf, 0xdf, 
  0xdf, 0xdf, 0xdf, 0xdf, 0xdf, 0xdf, 0xdf, 0xdf, 0xdf, 0xdf, 0xdf, 0xbf, 0xdf, 0xdf, 0xdf, 0xdf, 0xdf, 0xdf, 0xdf, 0xdf, 0xdf, 0xdf, 0xdf, 0xdf, 0xdf, 0xdf, 0xdf, 0xdf, 0xdf, 0xdf, 0xdf, 0xff, 0xfe, 0xfd, 0xfd, 0xfd, 0xfe, 0xfe, 0xdf, 0xdf, 0xdf, 0xdf, 0xdf, 0xdf, 0xdf, 0xdf, 0xdf, 0xdf, 0xdf, 0xdf, 0xdf, 0xdf, 0xdf, 0xdf, 0xdf, 0xdf, 0xdf, 0xdf, 0xdf, 0xdf, 0xdf, 0xdf, 0xdf, 0xdf, 0xdf, 0xdf, 0xdf, 0xdf, 0xdf, 0xdf, 0xdf, 0xdf, 0xdf, 0xdf, 0xdf, 0xdf, 0xdf, 0xdf, 0xdf, 0xdf, 0xdf, 0xdf, 0xdf, 0xdf, 
  0xdf, 0xdf, 0xdf, 0xdf, 0xdf, 0xdf, 0xdf, 0xdf, 0xdf, 0xdf, 0xdf, 0xdf, 0xdf, 0xdf, 0xdf, 0xdf, 0xdf, 0xdf, 0xdf, 0xdf, 0xdf, 0xdf, 0xdf, 0xdf, 0xdf, 0xdf, 0xdf, 0xdf, 0xdf, 0xdf, 0xdf, 0xff, 0xfe, 0xfd, 0xfd, 0xfe, 0xfe, 0xdf, 0xdf, 0xdf, 0xdf, 0xdf, 0xdf, 0xdf, 0xdf, 0xdf, 0xdf, 0xdf, 0xdf, 0xdf, 0xdf, 0xdf, 0xdf, 0xdf, 0xdf, 0xdf, 0xdf, 0xdf, 0xdf, 0xdf, 0xdf, 0xdf, 0xdf, 0xdf, 0xdf, 0xdf, 0xdf, 0xdf, 0xdf, 0xdf, 0xdf, 0xdf, 0xdf, 0xdf, 0xdf, 0xdf, 0xdf, 0xdf, 0xdf, 0xdf, 0xdf, 0xdf, 0xdf, 0xdf, 
  0xdf, 0xdf, 0xdf, 0xdf, 0xdf, 0xdf, 0xdf, 0xdf, 0xdf, 0xdf, 0xdf, 0xdf, 0xdf, 0xdf, 0xdf, 0xdf, 0xdf, 0xdf, 0xdf, 0xdf, 0xdf, 0xdf, 0xdf, 0xdf, 0xdf, 0xdf, 0xdf, 0xdf, 0xdf, 0xdf, 0xdf, 0xfe, 0xde, 0xdd, 0xfe, 0xfe, 0xdf, 0xdf, 0xdf, 0xdf, 0xdf, 0xdf, 0xdf, 0xdf, 0xdf, 0xdf, 0xdf, 0xdf, 0xdf, 0xdf, 0xdf, 0xdf, 0xdf, 0xdf, 0xdf, 0xdf, 0xdf, 0xdf, 0xdf, 0xdf, 0xdf, 0xdf, 0xdf, 0xdf, 0xdf, 0xdf, 0xdf, 0xdf, 0xdf, 0xdf, 0xdf, 0xdf, 0xdf, 0xdf, 0xdf, 0xdf, 0xdf, 0xdf, 0xdf, 0xdf, 0xdf, 0xdf, 0xdf, 0xdf, 
  0xdf, 0xdf, 0xdf, 0xdf, 0xdf, 0xdf, 0xdf, 0xdf, 0xdf, 0xdf, 0xdf, 0xdf, 0xdf, 0xdf, 0xdf, 0xdf, 0xdf, 0xdf, 0xdf, 0xdf, 0xdf, 0xdf, 0xdf, 0xdf, 0xdf, 0xdf, 0xdf, 0xdf, 0xdf, 0xdf, 0xdf, 0xde, 0xde, 0xde, 0xff, 0xdf, 0xdf, 0xdf, 0xdf, 0xdf, 0xdf, 0xdf, 0xdf, 0xdf, 0xdf, 0xdf, 0xdf, 0xdf, 0xdf, 0xdf, 0xdf, 0xdf, 0xdf, 0xdf, 0xdf, 0xdf, 0xdf, 0xdf, 0xdf, 0xdf, 0xdf, 0xdf, 0xdf, 0xdf, 0xdf, 0xdf, 0xdf, 0xdf, 0xdf, 0xdf, 0xdf, 0xdf, 0xdf, 0xdf, 0xdf, 0xdf, 0xdf, 0xdf, 0xdf, 0xdf, 0xdf, 0xdf, 0xdf, 0xdf, 
  0xdf, 0xdf, 0xdf, 0xdf, 0xdf, 0xdf, 0xdf, 0xdf, 0xdf, 0xdf, 0xdf, 0xdf, 0xdf, 0xdf, 0xdf, 0xdf, 0xdf, 0xdf, 0xdf, 0xdf, 0xdf, 0xdf, 0xdf, 0xdf, 0xdf, 0xdf, 0xdf, 0xdf, 0xdf, 0xdf, 0xdf, 0xde, 0xde, 0xdf, 0xdf, 0xdf, 0xdf, 0xdf, 0xdf, 0xdf, 0xdf, 0xdf, 0xdf, 0xdf, 0xdf, 0xdf, 0xdf, 0xdf, 0xdf, 0xdf, 0xdf, 0xdf, 0xdf, 0xdf, 0xdf, 0xdf, 0xdf, 0xdf, 0xdf, 0xdf, 0xdf, 0xdf, 0xdf, 0xdf, 0xdf, 0xdf, 0xdf, 0xdf, 0xdf, 0xdf, 0xdf, 0xdf, 0xdf, 0xdf, 0xdf, 0xdf, 0xdf, 0xdf, 0xdf, 0xdf, 0xdf, 0xdf, 0xdf, 0xdf, 
  0xdf, 0xdf, 0xdf, 0xdf, 0xdf, 0xdf, 0xdf, 0xdf, 0xdf, 0xdf, 0xdf, 0xdf, 0xdf, 0xdf, 0xdf, 0xdf, 0xdf, 0xdf, 0xdf, 0xdf, 0xdf, 0xdf, 0xdf, 0xdf, 0xdf, 0xdf, 0xdf, 0xdf, 0xdf, 0xdf, 0xdf, 0xde, 0xdf, 0xdf, 0xdf, 0xdf, 0xdf, 0xdf, 0xdf, 0xdf, 0xdf, 0xdf, 0xdf, 0xdf, 0xdf, 0xdf, 0xdf, 0xdf, 0xdf, 0xdf, 0xdf, 0xdf, 0xdf, 0xdf, 0xdf, 0xdf, 0xdf, 0xdf, 0xdf, 0xdf, 0xdf, 0xdf, 0xdf, 0xdf, 0xdf, 0xdf, 0xdf, 0xdf, 0xdf, 0xdf, 0xdf, 0xdf, 0xdf, 0xdf, 0xdf, 0xdf, 0xdf, 0xdf, 0xdf, 0xdf, 0xdf, 0xdf, 0xdf, 0xdf, 
  0xdf, 0xdf, 0xdf, 0xdf, 0xdf, 0xdf, 0xdf, 0xdf, 0xdf, 0xdf, 0xdf, 0xdf, 0xdf, 0xdf, 0xdf, 0xdf, 0xdf, 0xdf, 0xdf, 0xdf, 0xdf, 0xdf, 0xdf, 0xdf, 0xdf, 0xdf, 0xdf, 0xdf, 0xdf, 0xdf, 0xdf, 0xdf, 0xdf, 0xdf, 0xdf, 0xdf, 0xdf, 0xdf, 0xdf, 0xdf, 0xdf, 0xdf, 0xdf, 0xdf, 0xdf, 0xdf, 0xdf, 0xdf, 0xdf, 0xdf, 0xdf, 0xdf, 0xdf, 0xdf, 0xdf, 0xdf, 0xdf, 0xdf, 0xdf, 0xdf, 0xdf, 0xdf, 0xdf, 0xdf, 0xdf, 0xdf, 0xdf, 0xdf, 0xdf, 0xdf, 0xdf, 0xdf, 0xdf, 0xdf, 0xdf, 0xdf, 0xdf, 0xdf, 0xdf, 0xdf, 0xdf, 0xdf, 0xdf, 0xdf, 
#endif
#if LV_COLOR_DEPTH == 16 && LV_COLOR_16_SWAP == 0
  /*Pixel format: Red: 5 bit, Green: 6 bit, Blue: 5 bit*/
  0xf8, 0xc7, 0xf8, 0xc7, 0xf8, 0xc7, 0xf8, 0xc7, 0xf8, 0xc7, 0xf8, 0xc7, 0xf8, 0xc7, 0xf8, 0xc7, 0xf8, 0xc7, 0xf8, 0xc7, 0xf8, 0xc7, 0xf8, 0xc7, 0xf8, 0xc7, 0xf8, 0xcf, 0xf8, 0xcf, 0xf8, 0xcf, 0xf8, 0xcf, 0xf8, 0xc7, 0xf8, 0xc7, 0xf8, 0xc7, 0xf8, 0xc7, 0xf8, 0xc7, 0xf8, 0xc7, 0xf8, 0xc7, 0xf8, 0xc7, 0xf8, 0xc7, 0xf8, 0xc7, 0xf8, 0xc7, 0xf8, 0xc7, 0xf8, 0xc7, 0xf8, 0xc7, 0xf8, 0xc7, 0xf8, 0xbf, 0xf8, 0xbf, 0xf8, 0xc7, 0xf8, 0xc7, 0xf8, 0xcf, 0xf8, 0xcf, 0xd8, 0xcf, 0xf8, 0xcf, 0xd8, 0xcf, 0xd9, 0xcf, 0xd9, 0xcf, 0xba, 0xcf, 0xba, 0xd7, 0xbb, 0xdf, 0xbb, 0xe7, 0xbc, 0xe7, 0xbc, 0xef, 0x9c, 0xef, 0x9c, 0xef, 0xbc, 0xef, 0x9c, 0xe7, 0xbc, 0xe7, 0xbc, 0xe7, 0xbc, 0xe7, 0xbb, 0xdf, 0xba, 0xd7, 0xba, 0xcf, 0xd9, 0xcf, 0xd9, 0xcf, 0xf9, 0xc7, 0xf8, 0xc7, 0xf8, 0xc7, 0xf8, 0xbf, 0xf8, 0xbf, 0xf8, 0xc7, 0xf8, 0xc7, 0xf8, 0xcf, 0xf8, 0xcf, 0xf8, 0xcf, 0xf8, 0xc7, 0xf8, 0xc7, 0xf8, 0xc7, 0xf8, 0xc7, 0xf8, 0xc7, 0xf8, 0xc7, 0xf8, 0xc7, 0xf8, 0xc7, 0xf8, 0xc7, 0xf8, 0xc7, 0xf8, 0xc7, 0xf8, 0xc7, 0xf8, 0xc7, 
  0xf8, 0xc7, 0xf8, 0xc7, 0xf8, 0xc7, 0xf8, 0xc7, 0xf8, 0xc7, 0xf8, 0xc7, 0xf8, 0xc7, 0xf8, 0xc7, 0xf8, 0xc7, 0xf8, 0xc7, 0xf8, 0xc7, 0xf8, 0xc7, 0xf8, 0xc7, 0xf8, 0xcf, 0xf8, 0xcf, 0xf8, 0xcf, 0xf8, 0xcf, 0xf8, 0xc7, 0xf8, 0xc7, 0xf8, 0xc7, 0xf8, 0xc7, 0xf8, 0xc7, 0xf8, 0xc7, 0xf8, 0xc7, 0xf8, 0xc7, 0xf8, 0xc7, 0xf8, 0xc7, 0xf8, 0xc7, 0xf8, 0xc7, 0xf8, 0xc7, 0xf8, 0xc7, 0xf8, 0xc7, 0xf8, 0xc7, 0xf8, 0xc7, 0xf8, 0xc7, 0xf8, 0xc7, 0xf8, 0xc7, 0xf8, 0xc7, 0xd8, 0xcf, 0xd9, 0xcf, 0xd9, 0xcf, 0xd9, 0xcf, 0xda, 0xd7, 0xdb, 0xdf, 0xdb, 0xdf, 0xdb, 0xe7, 0xbc, 0xe7, 0xbc, 0xe7, 0xbc, 0xef, 0x9c, 0xef, 0x9c, 0xef, 0xbc, 0xef, 0x9c, 0xe7, 0xbc, 0xe7, 0xbc, 0xe7, 0xbc, 0xe7, 0xdc, 0xdf, 0xdb, 0xdf, 0xdb, 0xd7, 0xda, 0xd7, 0xfa, 0xcf, 0xf9, 0xcf, 0xf9, 0xcf, 0xf8, 0xc7, 0xf8, 0xbf, 0xf8, 0xbf, 0xf8, 0xc7, 0xf8, 0xc7, 0xf8, 0xcf, 0xf8, 0xcf, 0xf8, 0xcf, 0xf8, 0xc7, 0xf8, 0xc7, 0xf8, 0xc7, 0xf8, 0xc7, 0xf8, 0xc7, 0xf8, 0xc7, 0xf8, 0xc7, 0xf8, 0xc7, 0xf8, 0xc7, 0xf8, 0xc7, 0xf8, 0xc7, 0xf8, 0xc7, 0xf8, 0xc7, 
  0xf8, 0xc7, 0xf8, 0xc7, 0xf8, 0xc7, 0xf8, 0xc7, 0xf8, 0xc7, 0xf8, 0xc7, 0xf8, 0xc7, 0xf8, 0xc7, 0xf8, 0xc7, 0xf8, 0xc7, 0xf8, 0xc7, 0xf8, 0xc7, 0xf8, 0xc7, 0xf8, 0xc7, 0xf8, 0xcf, 0xf8, 0xc7, 0xf8, 0xc7, 0xf8, 0xc7, 0xf8, 0xc7, 0xf8, 0xc7, 0xf8, 0xc7, 0xf8, 0xc7, 0xf8, 0xc7, 0xf8, 0xc7, 0xf8, 0xc7, 0xf8, 0xc7, 0xf8, 0xc7, 0xf8, 0xc7, 0xf8, 0xc7, 0xf8, 0xc7, 0xf8, 0xc7, 0xf8, 0xc7, 0xf8, 0xc7, 0xf8, 0xc7, 0xf8, 0xc7, 0xf8, 0xc7, 0xf8, 0xc7, 0xf8, 0xc7, 0xf9, 0xcf, 0xd9, 0xcf, 0xda, 0xd7, 0xda, 0xdf, 0xdb, 0xdf, 0xdc, 0xe7, 0xdc, 0xe7, 0xdc, 0xe7, 0xbc, 0xe7, 0xbc, 0xe7, 0xbc, 0xe7, 0x9d, 0xef, 0xbd, 0xef, 0xbd, 0xef, 0xbd, 0xef, 0x9c, 0xe7, 0xbc, 0xe7, 0xbc, 0xe7, 0xdc, 0xe7, 0xdc, 0xe7, 0xdb, 0xdf, 0xfb, 0xdf, 0xfb, 0xdf, 0xfa, 0xd7, 0xda, 0xd7, 0xd9, 0xcf, 0xf8, 0xc7, 0xf8, 0xc7, 0xf8, 0xc7, 0xf8, 0xc7, 0xf8, 0xc7, 0xf8, 0xcf, 0xf8, 0xcf, 0xf8, 0xc7, 0xf8, 0xc7, 0xf8, 0xc7, 0xf8, 0xc7, 0xf8, 0xc7, 0xf8, 0xc7, 0xf8, 0xc7, 0xf8, 0xc7, 0xf8, 0xc7, 0xf8, 0xc7, 0xf8, 0xc7, 0xf8, 0xc7, 0xf8, 0xc7, 
  0xf8, 0xc7, 0xf8, 0xc7, 0xf8, 0xc7, 0xf8, 0xc7, 0xf8, 0xc7, 0xf8, 0xc7, 0xf8, 0xc7, 0xf8, 0xc7, 0xf8, 0xc7, 0xf8, 0xc7, 0xf8, 0xc7, 0xf8, 0xc7, 0xf8, 0xc7, 0xf8, 0xc7, 0xf8, 0xc7, 0xf8, 0xc7, 0xf7, 0xc7, 0xf7, 0xc7, 0xf8, 0xc7, 0xf8, 0xc7, 0xf8, 0xc7, 0xf8, 0xc7, 0xf8, 0xc7, 0xf8, 0xc7, 0xf8, 0xc7, 0xf8, 0xc7, 0xf8, 0xc7, 0xf8, 0xc7, 0xf8, 0xc7, 0xf8, 0xc7, 0xf8, 0xc7, 0xf8, 0xc7, 0xf8, 0xc7, 0xf8, 0xc7, 0xf8, 0xc7, 0xf8, 0xc7, 0xf8, 0xc7, 0xf9, 0xc7, 0xf9, 0xcf, 0xfa, 0xd7, 0xfb, 0xdf, 0xdb, 0xe7, 0xbc, 0xe7, 0xbc, 0xe7, 0xbc, 0xe7, 0xbc, 0xe7, 0xbc, 0xe7, 0xbc, 0xe7, 0xbd, 0xe7, 0xbd, 0xe7, 0xbd, 0xe7, 0x9d, 0xef, 0x9d, 0xef, 0x9d, 0xe7, 0x9d, 0xe7, 0x9c, 0xe7, 0xbc, 0xe7, 0xbc, 0xe7, 0xbc, 0xe7, 0xdc, 0xe7, 0xdb, 0xdf, 0xdb, 0xdf, 0xdb, 0xdf, 0xda, 0xd7, 0xf9, 0xcf, 0xf8, 0xc7, 0xf8, 0xc7, 0xf8, 0xc7, 0xf8, 0xc7, 0xf8, 0xcf, 0xf8, 0xc7, 0xf8, 0xc7, 0xf8, 0xc7, 0xf8, 0xc7, 0xf8, 0xc7, 0xf8, 0xc7, 0xf8, 0xc7, 0xf8, 0xc7, 0xf8, 0xc7, 0xf8, 0xc7, 0xf8, 0xc7, 0xf8, 0xc7, 0xf8, 0xc7, 0xf8, 0xc7, 
  0xf8, 0xc7, 0xf8, 0xc7, 0xf8, 0xc7, 0xf8, 0xc7, 0xf8, 0xc7, 0xf8, 0xc7, 0xf8, 0xc7, 0xf8, 0xc7, 0xf8, 0xc7, 0xf8, 0xc7, 0xf8, 0xc7, 0xf8, 0xc7, 0xf8, 0xc7, 0xf8, 0xc7, 0xf8, 0xc7, 0xf7, 0xc7, 0xf7, 0xc7, 0xf7, 0xc7, 0xf7, 0xc7, 0xf7, 0xc7, 0xf8, 0xc7, 0xf8, 0xc7, 0xf8, 0xc7, 0xf8, 0xc7, 0xf8, 0xc7, 0xf8, 0xc7, 0xf8, 0xc7, 0xf8, 0xc7, 0xf8, 0xc7, 0xf8, 0xc7, 0xf7, 0xc7, 0xf7, 0xc7, 0xf8, 0xc7, 0xf8, 0xc7, 0xf8, 0xc7, 0xf8, 0xc7, 0xf9, 0xc7, 0xfa, 0xcf, 0xfa, 0xd7, 0xfb, 0xdf, 0xdc, 0xe7, 0xbc, 0xe7, 0x9c, 0xef, 0x9c, 0xef, 0x7c, 0xe7, 0x9c, 0xe7, 0x9d, 0xe7, 0xbd, 0xe7, 0xbd, 0xe7, 0xbd, 0xe7, 0xbd, 0xe7, 0x9d, 0xef, 0x9d, 0xef, 0x9d, 0xef, 0x9d, 0xef, 0x9d, 0xef, 0x9d, 0xef, 0x9c, 0xe7, 0x9c, 0xe7, 0xbc, 0xe7, 0xbc, 0xe7, 0xbc, 0xe7, 0xdc, 0xe7, 0xdb, 0xdf, 0xda, 0xd7, 0xf9, 0xcf, 0xd9, 0xcf, 0xd8, 0xc7, 0xf8, 0xc7, 0xf8, 0xc7, 0xf8, 0xc7, 0xf8, 0xc7, 0xf8, 0xc7, 0xf8, 0xc7, 0xf8, 0xc7, 0xf8, 0xc7, 0xf8, 0xc7, 0xf8, 0xc7, 0xf8, 0xc7, 0xf8, 0xc7, 0xf8, 0xc7, 0xf8, 0xc7, 0xf8, 0xc7, 0xf8, 0xc7, 
  0xf8, 0xc7, 0xf8, 0xc7, 0xf8, 0xc7, 0xf8, 0xc7, 0xf8, 0xc7, 0xf8, 0xc7, 0xf8, 0xc7, 0xf8, 0xc7, 0xf8, 0xc7, 0xf8, 0xc7, 0xf8, 0xc7, 0xf8, 0xc7, 0xf8, 0xc7, 0xf8, 0xc7, 0xf8, 0xc7, 0xf8, 0xc7, 0xf7, 0xc7, 0xf7, 0xbf, 0xf7, 0xc7, 0xf7, 0xc7, 0xf8, 0xc7, 0xf8, 0xc7, 0xf9, 0xcf, 0xf9, 0xcf, 0xf9, 0xcf, 0xf9, 0xc7, 0xf8, 0xc7, 0xf8, 0xcf, 0xf8, 0xc7, 0xf8, 0xc7, 0xf8, 0xc7, 0xf8, 0xc7, 0xf8, 0xc7, 0xf8, 0xc7, 0xf8, 0xc7, 0xf9, 0xcf, 0xf9, 0xcf, 0xfa, 0xd7, 0xfb, 0xdf, 0xdc, 0xdf, 0xbc, 0xe7, 0xbc, 0xef, 0x9d, 0xef, 0x9d, 0xef, 0x9d, 0xef, 0x9d, 0xef, 0x9d, 0xef, 0x9d, 0xef, 0xbd, 0xe7, 0xbd, 0xe7, 0x9d, 0xe7, 0x9d, 0xef, 0x9d, 0xef, 0x9d, 0xef, 0x9d, 0xef, 0x9d, 0xef, 0x9d, 0xef, 0x9d, 0xef, 0x9d, 0xef, 0x9c, 0xef, 0xbc, 0xef, 0xbc, 0xe7, 0xbc, 0xef, 0xdc, 0xe7, 0xdb, 0xdf, 0xda, 0xd7, 0xd9, 0xd7, 0xf9, 0xcf, 0xf8, 0xc7, 0xf8, 0xc7, 0xf8, 0xc7, 0xf8, 0xc7, 0xf8, 0xc7, 0xf8, 0xc7, 0xf8, 0xc7, 0xf8, 0xc7, 0xf8, 0xc7, 0xf8, 0xc7, 0xf8, 0xc7, 0xf8, 0xc7, 0xf8, 0xc7, 0xf8, 0xc7, 0xf8, 0xc7, 0xf8, 0xc7, 
  0xf8, 0xc7, 0xf8, 0xc7, 0xf8, 0xc7, 0xf8, 0xc7, 0xf8, 0xcf, 0xf8, 0xcf, 0xf8, 0xc7, 0xf8, 0xc7, 0xf8, 0xc7, 0xf8, 0xc7, 0xf8, 0xc7, 0xf8, 0xc7, 0xf8, 0xc7, 0xf8, 0xc7, 0xf8, 0xc7, 0xf8, 0xc7, 0xf8, 0xc7, 0xf7, 0xc7, 0xf8, 0xc7, 0xf8, 0xc7, 0xf8, 0xc7, 0xf9, 0xcf, 0xf9, 0xcf, 0xfa, 0xcf, 0xda, 0xcf, 0xd9, 0xcf, 0xf9, 0xcf, 0xf9, 0xcf, 0xf9, 0xcf, 0xf8, 0xcf, 0xf8, 0xcf, 0xf8, 0xc7, 0xf8, 0xc7, 0xf9, 0xcf, 0xd9, 0xcf, 0xda, 0xd7, 0xdb, 0xdf, 0xdb, 0xdf, 0xbc, 0xe7, 0xbc, 0xe7, 0x9c, 0xe7, 0x9d, 0xe7, 0x9d, 0xe7, 0x9d, 0xef, 0x9d, 0xef, 0x9d, 0xef, 0x9d, 0xef, 0x9d, 0xef, 0x9d, 0xef, 0xbd, 0xe7, 0x9d, 0xef, 0x9d, 0xef, 0x9d, 0xef, 0x9d, 0xef, 0x9d, 0xef, 0x9d, 0xef, 0x9d, 0xef, 0x9d, 0xef, 0x9d, 0xef, 0x9d, 0xef, 0x9d, 0xef, 0x9d, 0xef, 0x9c, 0xef, 0xbc, 0xe7, 0xbb, 0xe7, 0xbb, 0xdf, 0xda, 0xd7, 0xd9, 0xcf, 0xf9, 0xcf, 0xf8, 0xc7, 0xf8, 0xc7, 0xf8, 0xc7, 0xf8, 0xc7, 0xf7, 0xc7, 0xf8, 0xc7, 0xf8, 0xc7, 0xf8, 0xc7, 0xf8, 0xc7, 0xf9, 0xc7, 0xf8, 0xc7, 0xf8, 0xc7, 0xf8, 0xc7, 0xf8, 0xc7, 0xf8, 0xc7, 
  0xf8, 0xc7, 0xf8, 0xc7, 0xf8, 0xc7, 0xf8, 0xc7, 0xf8, 0xcf, 0xf8, 0xcf, 0xf8, 0xcf, 0xf8, 0xc7, 0xf8, 0xc7, 0xf8, 0xc7, 0xf8, 0xc7, 0xf8, 0xc7, 0xf8, 0xc7, 0xf8, 0xc7, 0xf8, 0xc7, 0xf8, 0xc7, 0xf8, 0xcf, 0xf8, 0xc7, 0xf8, 0xcf, 0xd8, 0xcf, 0xd9, 0xcf, 0xda, 0xd7, 0xda, 0xd7, 0xda, 0xd7, 0xda, 0xd7, 0xda, 0xd7, 0xda, 0xd7, 0xda, 0xd7, 0xd9, 0xd7, 0xd9, 0xcf, 0xd9, 0xcf, 0xf9, 0xcf, 0xd9, 0xcf, 0xd9, 0xcf, 0xda, 0xd7, 0xdb, 0xdf, 0xdb, 0xe7, 0xbc, 0xe7, 0x9c, 0xe7, 0x9c, 0xe7, 0x9d, 0xef, 0x9d, 0xef, 0x9d, 0xe7, 0x9d, 0xe7, 0x9d, 0xe7, 0x9d, 0xef, 0x9d, 0xef, 0x9d, 0xef, 0x9c, 0xef, 0x9c, 0xef, 0x9d, 0xef, 0x9d, 0xef, 0x9d, 0xef, 0x9d, 0xef, 0x9d, 0xef, 0x9d, 0xef, 0x9d, 0xef, 0x9d, 0xef, 0x7d, 0xef, 0x9d, 0xef, 0x9d, 0xef, 0x9d, 0xef, 0x9d, 0xef, 0x9c, 0xe7, 0xbc, 0xe7, 0xbb, 0xe7, 0xbb, 0xdf, 0xda, 0xd7, 0xf9, 0xcf, 0xf9, 0xc7, 0xf8, 0xc7, 0xf8, 0xc7, 0xf8, 0xc7, 0xf7, 0xc7, 0xf8, 0xc7, 0xf8, 0xc7, 0xf8, 0xc7, 0xf8, 0xc7, 0xf9, 0xc7, 0xf9, 0xc7, 0xf8, 0xc7, 0xf8, 0xc7, 0xf8, 0xc7, 0xf8, 0xc7, 
  0xf8, 0xc7, 0xf8, 0xc7, 0xf8, 0xc7, 0xf8, 0xc7, 0xf8, 0xc7, 0xf8, 0xcf, 0xf8, 0xc7, 0xf8, 0xc7, 0xf8, 0xc7, 0xf8, 0xc7, 0xf8, 0xc7, 0xf8, 0xc7, 0xf8, 0xc7, 0xf8, 0xc7, 0xf8, 0xc7, 0xf8, 0xc7, 0xd9, 0xcf, 0xd9, 0xcf, 0xd9, 0xd7, 0xfa, 0xd7, 0xfb, 0xdf, 0xdb, 0xdf, 0xdc, 0xdf, 0xdc, 0xe7, 0xdc, 0xe7, 0xdc, 0xe7, 0xdc, 0xe7, 0xdb, 0xdf, 0xdb, 0xdf, 0xdb, 0xdf, 0xda, 0xd7, 0xda, 0xd7, 0xba, 0xcf, 0xba, 0xd7, 0xbb, 0xdf, 0xbc, 0xe7, 0xbc, 0xe7, 0x9c, 0xef, 0x9d, 0xef, 0x7d, 0xef, 0x9d, 0xef, 0x9d, 0xef, 0x9d, 0xe7, 0x9d, 0xe7, 0x9d, 0xe7, 0x9c, 0xef, 0x9c, 0xef, 0x9c, 0xef, 0x9c, 0xef, 0x9c, 0xef, 0x9c, 0xef, 0x9c, 0xef, 0x9c, 0xef, 0x9d, 0xef, 0x9d, 0xef, 0x9d, 0xef, 0x9d, 0xef, 0x9d, 0xef, 0x9d, 0xef, 0x9d, 0xef, 0x9d, 0xef, 0x9d, 0xef, 0x9d, 0xef, 0x9d, 0xef, 0x9c, 0xef, 0x9c, 0xe7, 0xbb, 0xdf, 0xdb, 0xdf, 0xfa, 0xcf, 0xf9, 0xc7, 0xf8, 0xc7, 0xf8, 0xc7, 0xf8, 0xc7, 0xf8, 0xc7, 0xf8, 0xc7, 0xf8, 0xc7, 0xf8, 0xc7, 0xf8, 0xc7, 0xf9, 0xc7, 0xf9, 0xc7, 0xf8, 0xc7, 0xf8, 0xc7, 0xf8, 0xc7, 0xf8, 0xc7, 
  0xf8, 0xc7, 0xf8, 0xc7, 0xf8, 0xc7, 0xf8, 0xc7, 0xf8, 0xc7, 0xf8, 0xc7, 0xf8, 0xc7, 0xf8, 0xc7, 0xf8, 0xc7, 0xf8, 0xc7, 0xf8, 0xc7, 0xf8, 0xc7, 0xf8, 0xc7, 0xf8, 0xc7, 0xf8, 0xcf, 0xd9, 0xcf, 0xda, 0xd7, 0xda, 0xd7, 0xdb, 0xdf, 0xdb, 0xdf, 0xdc, 0xe7, 0xbc, 0xe7, 0xbc, 0xe7, 0xbc, 0xe7, 0x9c, 0xe7, 0x9c, 0xe7, 0xbc, 0xe7, 0xbc, 0xe7, 0xbc, 0xe7, 0xbb, 0xdf, 0xdb, 0xdf, 0xdb, 0xdf, 0xbb, 0xdf, 0xbc, 0xdf, 0xbc, 0xe7, 0xbc, 0xe7, 0x9d, 0xef, 0x9d, 0xef, 0x9d, 0xef, 0x7d, 0xef, 0x9d, 0xef, 0x9d, 0xef, 0x9d, 0xef, 0x9d, 0xe7, 0x9c, 0xe7, 0x9c, 0xe7, 0x9c, 0xe7, 0x9c, 0xef, 0x9c, 0xef, 0x9c, 0xef, 0x9c, 0xef, 0x9c, 0xef, 0x9c, 0xef, 0x9c, 0xef, 0x9d, 0xef, 0x9d, 0xef, 0x9d, 0xef, 0x9d, 0xef, 0x9d, 0xef, 0x9d, 0xef, 0xbd, 0xe7, 0xbd, 0xe7, 0xbd, 0xe7, 0x9d, 0xef, 0x9d, 0xef, 0x9c, 0xef, 0xbc, 0xe7, 0xdb, 0xdf, 0xfa, 0xd7, 0xf9, 0xcf, 0xf8, 0xc7, 0xf8, 0xc7, 0xf8, 0xc7, 0xf8, 0xc7, 0xf8, 0xc7, 0xf8, 0xc7, 0xf8, 0xc7, 0xf8, 0xc7, 0xf8, 0xc7, 0xf8, 0xc7, 0xf8, 0xc7, 0xf8, 0xc7, 0xf8, 0xc7, 0xf8, 0xc7, 
  0xf8, 0xc7, 0xf8, 0xc7, 0xf8, 0xc7, 0xf8, 0xc7, 0xf8, 0xc7, 0xf8, 0xc7, 0xf8, 0xc7, 0xf8, 0xc7, 0xf8, 0xc7, 0xf8, 0xc7, 0xf8, 0xc7, 0xf9, 0xcf, 0xf9, 0xcf, 0xd9, 0xcf, 0xd9, 0xcf, 0xda, 0xd7, 0xdb, 0xdf, 0xbb, 0xe7, 0xbc, 0xe7, 0xbc, 0xe7, 0xbc, 0xe7, 0xbd, 0xe7, 0x9d, 0xe7, 0x9d, 0xef, 0x7d, 0xe7, 0x7d, 0xe7, 0x9d, 0xe7, 0x9c, 0xe7, 0x9c, 0xe7, 0xbc, 0xe7, 0xbc, 0xe7, 0xbc, 0xe7, 0xbc, 0xe7, 0xbc, 0xe7, 0x9c, 0xe7, 0x9d, 0xe7, 0x9d, 0xe7, 0x9d, 0xe7, 0x9d, 0xef, 0x9d, 0xef, 0x7d, 0xef, 0x7d, 0xef, 0x9d, 0xef, 0x9d, 0xef, 0x9c, 0xef, 0xbc, 0xe7, 0xbc, 0xe7, 0xbc, 0xe7, 0x9c, 0xef, 0x9c, 0xef, 0x9c, 0xef, 0x9c, 0xef, 0x9c, 0xef, 0x9c, 0xef, 0x9c, 0xef, 0x9c, 0xef, 0x9c, 0xe7, 0x9c, 0xe7, 0x9d, 0xe7, 0x9d, 0xe7, 0x9d, 0xe7, 0xbd, 0xe7, 0xbd, 0xe7, 0x9d, 0xe7, 0x9d, 0xef, 0x9d, 0xef, 0xbc, 0xe7, 0xdc, 0xe7, 0xfb, 0xdf, 0xfa, 0xd7, 0xf9, 0xcf, 0xf8, 0xc7, 0xf8, 0xc7, 0xf8, 0xc7, 0xf8, 0xc7, 0xf8, 0xc7, 0xf8, 0xc7, 0xf8, 0xc7, 0xf8, 0xc7, 0xf8, 0xc7, 0xf8, 0xc7, 0xf8, 0xc7, 0xf8, 0xc7, 0xf8, 0xc7, 
  0xf8, 0xc7, 0xf8, 0xc7, 0xf8, 0xc7, 0xf8, 0xc7, 0xf8, 0xc7, 0xf8, 0xc7, 0xf8, 0xc7, 0xf8, 0xc7, 0xf8, 0xc7, 0xf8, 0xc7, 0xf9, 0xc7, 0xf9, 0xcf, 0xd9, 0xcf, 0xd9, 0xcf, 0xda, 0xd7, 0xda, 0xdf, 0xdc, 0xe7, 0xbc, 0xe7, 0xbc, 0xe7, 0xbc, 0xef, 0x9d, 0xef, 0x9d, 0xef, 0x9d, 0xef, 0x9d, 0xef, 0x9d, 0xef, 0x9d, 0xef, 0x9d, 0xef, 0x9d, 0xef, 0x9d, 0xef, 0x9d, 0xef, 0x9c, 0xef, 0x9c, 0xef, 0x9d, 0xef, 0x9d, 0xef, 0x9d, 0xef, 0x9d, 0xe7, 0x9d, 0xe7, 0xbd, 0xe7, 0x9d, 0xef, 0x9d, 0xef, 0x9d, 0xef, 0x7d, 0xef, 0x7d, 0xef, 0x9c, 0xef, 0x9c, 0xef, 0xbc, 0xe7, 0xbc, 0xe7, 0xbc, 0xe7, 0x9c, 0xe7, 0x9c, 0xef, 0x9c, 0xef, 0x9c, 0xef, 0x9c, 0xef, 0x9c, 0xef, 0x9c, 0xef, 0x9c, 0xe7, 0x9c, 0xe7, 0x9c, 0xe7, 0x9c, 0xe7, 0x9d, 0xe7, 0xbd, 0xe7, 0xbd, 0xe7, 0xbd, 0xe7, 0x9d, 0xe7, 0x9d, 0xef, 0x9d, 0xef, 0xbd, 0xef, 0xdc, 0xe7, 0xdb, 0xdf, 0xda, 0xd7, 0xf9, 0xcf, 0xf9, 0xcf, 0xf8, 0xc7, 0xf8, 0xc7, 0xf8, 0xc7, 0xf8, 0xc7, 0xf8, 0xc7, 0xf8, 0xc7, 0xf8, 0xc7, 0xf8, 0xc7, 0xf8, 0xc7, 0xf8, 0xc7, 0xf8, 0xc7, 0xf8, 0xc7, 
  0xf8, 0xc7, 0xf8, 0xc7, 0xf8, 0xc7, 0xf8, 0xc7, 0xf8, 0xc7, 0xf8, 0xc7, 0xf8, 0xc7, 0xf8, 0xc7, 0xf8, 0xc7, 0xf8, 0xc7, 0xf9, 0xc7, 0xd9, 0xcf, 0xd9, 0xcf, 0xda, 0xd7, 0xda, 0xdf, 0xdb, 0xe7, 0xbc, 0xe7, 0x9d, 0xef, 0x9d, 0xef, 0x9d, 0xef, 0x9d, 0xef, 0x9d, 0xef, 0x9d, 0xef, 0x9d, 0xef, 0x9d, 0xef, 0x9d, 0xef, 0x9d, 0xef, 0x9d, 0xef, 0x9d, 0xef, 0x9d, 0xef, 0x9d, 0xef, 0x9d, 0xef, 0x7d, 0xef, 0x7d, 0xef, 0x9d, 0xef, 0x9d, 0xe7, 0x9d, 0xe7, 0xbd, 0xe7, 0xbd, 0xe7, 0x9d, 0xef, 0x9d, 0xef, 0x9d, 0xef, 0x7d, 0xef, 0x9d, 0xef, 0x9c, 0xef, 0x9c, 0xe7, 0xbc, 0xe7, 0xbc, 0xe7, 0x9c, 0xe7, 0x9c, 0xef, 0x9c, 0xef, 0x9c, 0xef, 0x9c, 0xe7, 0x9c, 0xe7, 0x9c, 0xe7, 0x9c, 0xe7, 0x9c, 0xe7, 0x9c, 0xe7, 0x9c, 0xe7, 0x9d, 0xe7, 0x9d, 0xe7, 0x9d, 0xe7, 0x9d, 0xe7, 0x9d, 0xe7, 0x9d, 0xef, 0x9d, 0xef, 0x9d, 0xef, 0xbc, 0xe7, 0xdc, 0xe7, 0xdb, 0xdf, 0xda, 0xd7, 0xd9, 0xcf, 0xf9, 0xcf, 0xf8, 0xc7, 0xf8, 0xc7, 0xf8, 0xc7, 0xf8, 0xc7, 0xf8, 0xc7, 0xf8, 0xc7, 0xf8, 0xc7, 0xf8, 0xc7, 0xf8, 0xc7, 0xf8, 0xc7, 0xf8, 0xc7, 
  0xf8, 0xc7, 0xf8, 0xc7, 0xf8, 0xc7, 0xf8, 0xc7, 0xf8, 0xc7, 0xf8, 0xc7, 0xf8, 0xc7, 0xf8, 0xc7, 0xf8, 0xc7, 0xf8, 0xc7, 0xf9, 0xc7, 0xd9, 0xcf, 0xda, 0xd7, 0xda, 0xdf, 0xdb, 0xdf, 0xdc, 0xe7, 0xbc, 0xef, 0x9d, 0xef, 0x9d, 0xef, 0x9d, 0xef, 0x9d, 0xef, 0x9d, 0xef, 0x9d, 0xef, 0x9d, 0xef, 0x9d, 0xef, 0x9d, 0xef, 0x9d, 0xef, 0x9d, 0xef, 0x9d, 0xef, 0x9d, 0xef, 0x9d, 0xef, 0x9d, 0xef, 0x9d, 0xef, 0x9d, 0xef, 0x9d, 0xef, 0x9d, 0xef, 0x9c, 0xe7, 0x9c, 0xe7, 0x9c, 0xe7, 0x9c, 0xe7, 0x9c, 0xef, 0x9c, 0xef, 0x9d, 0xef, 0x9d, 0xef, 0x9d, 0xef, 0x9d, 0xef, 0x9d, 0xef, 0x9d, 0xef, 0x9d, 0xe7, 0x9d, 0xe7, 0x9c, 0xe7, 0x9c, 0xe7, 0x9c, 0xe7, 0x9c, 0xe7, 0x9c, 0xe7, 0x9c, 0xe7, 0x9c, 0xe7, 0x9c, 0xe7, 0x9c, 0xe7, 0x9d, 0xe7, 0x9d, 0xe7, 0x9d, 0xef, 0x9d, 0xef, 0x9d, 0xef, 0x9d, 0xef, 0x9d, 0xef, 0x9d, 0xef, 0x9c, 0xe7, 0xbc, 0xe7, 0xdb, 0xe7, 0xda, 0xdf, 0xd9, 0xcf, 0xf9, 0xcf, 0xf8, 0xc7, 0xf8, 0xc7, 0xf8, 0xc7, 0xf8, 0xc7, 0xf8, 0xc7, 0xf8, 0xc7, 0xf8, 0xc7, 0xf8, 0xc7, 0xf8, 0xc7, 0xf8, 0xc7, 0xf8, 0xc7, 
  0xf8, 0xc7, 0xf8, 0xc7, 0xf8, 0xc7, 0xf8, 0xc7, 0xf8, 0xc7, 0xf8, 0xc7, 0xf8, 0xc7, 0xf8, 0xc7, 0xf8, 0xc7, 0xf8, 0xc7, 0xf9, 0xc7, 0xd9, 0xcf, 0xda, 0xd7, 0xdb, 0xdf, 0xdb, 0xe7, 0xbc, 0xe7, 0x9c, 0xef, 0x9d, 0xef, 0x9d, 0xef, 0x9d, 0xef, 0x9d, 0xef, 0x9d, 0xef, 0x9d, 0xe7, 0x9d, 0xef, 0x9c, 0xe7, 0x9c, 0xe7, 0x9c, 0xef, 0x9d, 0xef, 0x9d, 0xef, 0x9d, 0xef, 0x9d, 0xef, 0x9d, 0xef, 0x9c, 0xe7, 0x9c, 0xe7, 0x9c, 0xe7, 0x9c, 0xe7, 0x9c, 0xef, 0x9c, 0xef, 0x9c, 0xef, 0x9c, 0xe7, 0x9c, 0xe7, 0x9c, 0xe7, 0x9c, 0xe7, 0x9d, 0xe7, 0x9d, 0xef, 0x9d, 0xef, 0x7d, 0xef, 0x7d, 0xef, 0x9d, 0xef, 0x9d, 0xe7, 0x9d, 0xe7, 0x9d, 0xe7, 0x9d, 0xe7, 0x9d, 0xe7, 0x9d, 0xe7, 0x9c, 0xe7, 0x9c, 0xe7, 0x9c, 0xef, 0x9d, 0xef, 0x9d, 0xef, 0x9d, 0xef, 0x9d, 0xef, 0x9d, 0xef, 0x9d, 0xef, 0x9d, 0xef, 0x9d, 0xef, 0x9d, 0xe7, 0x9c, 0xe7, 0xbc, 0xe7, 0xdc, 0xe7, 0xdb, 0xdf, 0xda, 0xd7, 0xf9, 0xcf, 0xf9, 0xc7, 0xf8, 0xc7, 0xf8, 0xc7, 0xf8, 0xc7, 0xf8, 0xc7, 0xf8, 0xc7, 0xf8, 0xc7, 0xf8, 0xc7, 0xf8, 0xc7, 0xf8, 0xc7, 0xf8, 0xc7, 
  0xf8, 0xc7, 0xf8, 0xc7, 0xf8, 0xc7, 0xf8, 0xc7, 0xf8, 0xc7, 0xf8, 0xc7, 0xf8, 0xc7, 0xf8, 0xc7, 0xf8, 0xc7, 0xf8, 0xc7, 0xd9, 0xc7, 0xd9, 0xcf, 0xda, 0xdf, 0xdb, 0xe7, 0xbc, 0xe7, 0x9c, 0xe7, 0x9c, 0xef, 0x7d, 0xef, 0x9d, 0xef, 0x9d, 0xef, 0x9d, 0xef, 0x9d, 0xef, 0x9c, 0xe7, 0x9c, 0xe7, 0xbd, 0xef, 0xbd, 0xef, 0xbd, 0xef, 0xbd, 0xef, 0x9d, 0xef, 0x9d, 0xef, 0x9d, 0xef, 0x9d, 0xef, 0xbd, 0xe7, 0xbc, 0xe7, 0x9c, 0xe7, 0x9c, 0xef, 0x9c, 0xef, 0x9c, 0xef, 0x9c, 0xef, 0xbc, 0xef, 0x9c, 0xe7, 0xbc, 0xe7, 0x9d, 0xe7, 0x9d, 0xe7, 0x9d, 0xef, 0x7d, 0xef, 0x7d, 0xef, 0x7d, 0xef, 0x9d, 0xef, 0x9d, 0xe7, 0x9d, 0xe7, 0x9d, 0xe7, 0x9d, 0xe7, 0x9d, 0xe7, 0x9d, 0xe7, 0x9d, 0xe7, 0x9d, 0xef, 0x9d, 0xef, 0x9d, 0xef, 0x9d, 0xef, 0x9d, 0xef, 0x9d, 0xef, 0x9d, 0xef, 0x9d, 0xef, 0x9d, 0xef, 0x9d, 0xef, 0x7d, 0xef, 0x7c, 0xe7, 0xbc, 0xef, 0xdc, 0xef, 0xdb, 0xdf, 0xda, 0xd7, 0xf9, 0xcf, 0xf9, 0xc7, 0xf8, 0xc7, 0xf8, 0xc7, 0xf8, 0xc7, 0xf8, 0xc7, 0xf8, 0xc7, 0xf8, 0xc7, 0xf8, 0xc7, 0xf8, 0xc7, 0xf8, 0xc7, 0xf8, 0xc7, 
  0xf9, 0xc7, 0xf8, 0xc7, 0xf8, 0xc7, 0xf8, 0xc7, 0xf8, 0xc7, 0xf8, 0xc7, 0xf8, 0xc7, 0xf8, 0xc7, 0xf8, 0xc7, 0xf8, 0xc7, 0xf9, 0xcf, 0xfa, 0xd7, 0xdb, 0xdf, 0xbc, 0xe7, 0x9c, 0xef, 0x9d, 0xef, 0x9d, 0xef, 0x9d, 0xef, 0x9d, 0xef, 0x9d, 0xef, 0x9d, 0xef, 0x9d, 0xef, 0x9d, 0xef, 0x9d, 0xef, 0x9d, 0xef, 0x9d, 0xef, 0x9d, 0xef, 0x9d, 0xef, 0x9d, 0xef, 0x9d, 0xef, 0x9d, 0xef, 0x9d, 0xef, 0x9d, 0xef, 0x9d, 0xef, 0x9d, 0xef, 0x9d, 0xef, 0x9d, 0xef, 0x9d, 0xef, 0x9d, 0xef, 0x9d, 0xef, 0x9d, 0xef, 0x9d, 0xef, 0x9d, 0xef, 0x9d, 0xef, 0x9d, 0xef, 0x9d, 0xef, 0x9d, 0xef, 0x9d, 0xef, 0x9d, 0xef, 0x9d, 0xef, 0x9d, 0xef, 0x9d, 0xef, 0x9d, 0xef, 0x9d, 0xef, 0x9d, 0xef, 0x9d, 0xef, 0x9d, 0xef, 0x9d, 0xef, 0x9d, 0xef, 0x9d, 0xef, 0x9d, 0xef, 0x9d, 0xef, 0x9d, 0xef, 0x9d, 0xef, 0x9d, 0xef, 0x9d, 0xef, 0x9d, 0xef, 0x9d, 0xef, 0x9d, 0xef, 0xbc, 0xe7, 0xdb, 0xdf, 0xfa, 0xd7, 0xf9, 0xcf, 0xf8, 0xc7, 0xf8, 0xc7, 0xf8, 0xc7, 0xf8, 0xc7, 0xf8, 0xc7, 0xf8, 0xc7, 0xf8, 0xc7, 0xf8, 0xc7, 0xf8, 0xc7, 0xf8, 0xc7, 0xf8, 0xc7, 
  0xf9, 0xc7, 0xf8, 0xc7, 0xf8, 0xc7, 0xf8, 0xc7, 0xf8, 0xc7, 0xf8, 0xc7, 0xf8, 0xc7, 0xf8, 0xc7, 0xf8, 0xc7, 0xf8, 0xc7, 0xf9, 0xcf, 0xda, 0xd7, 0xdb, 0xdf, 0xbc, 0xe7, 0x9c, 0xef, 0x9d, 0xef, 0x9d, 0xef, 0x9d, 0xef, 0x9d, 0xef, 0x9d, 0xef, 0x9d, 0xef, 0x9d, 0xef, 0x9d, 0xef, 0x9d, 0xef, 0x9d, 0xef, 0x9d, 0xef, 0x9d, 0xef, 0x9d, 0xef, 0x9d, 0xef, 0x9d, 0xef, 0x9d, 0xef, 0x9d, 0xef, 0x9d, 0xef, 0x9d, 0xef, 0x9d, 0xef, 0x9d, 0xef, 0x9d, 0xef, 0x9d, 0xef, 0x9d, 0xef, 0x9d, 0xef, 0x9d, 0xef, 0x9d, 0xef, 0x9d, 0xef, 0x9d, 0xef, 0x9d, 0xef, 0x9d, 0xef, 0x9d, 0xef, 0x9d, 0xef, 0x9d, 0xef, 0x9d, 0xef, 0x9d, 0xef, 0x9d, 0xef, 0x9d, 0xef, 0x9d, 0xef, 0x9d, 0xef, 0x9d, 0xef, 0x9d, 0xef, 0x9d, 0xef, 0x9d, 0xef, 0x9d, 0xef, 0x9d, 0xef, 0x9d, 0xef, 0x9d, 0xef, 0x9d, 0xef, 0x7d, 0xef, 0x9d, 0xef, 0x9d, 0xef, 0x9d, 0xef, 0x9d, 0xef, 0xbc, 0xe7, 0xdc, 0xe7, 0xfb, 0xdf, 0xf9, 0xcf, 0xf8, 0xcf, 0xf8, 0xc7, 0xf8, 0xc7, 0xf8, 0xc7, 0xf8, 0xc7, 0xf8, 0xc7, 0xf8, 0xc7, 0xf8, 0xc7, 0xf8, 0xc7, 0xf8, 0xc7, 0xf8, 0xc7, 
  0xf8, 0xc7, 0xf8, 0xc7, 0xf8, 0xc7, 0xf8, 0xc7, 0xf8, 0xc7, 0xf8, 0xc7, 0xf8, 0xc7, 0xf8, 0xc7, 0xf8, 0xc7, 0xf9, 0xcf, 0xd9, 0xcf, 0xda, 0xd7, 0xdb, 0xe7, 0xbc, 0xe7, 0x9c, 0xef, 0x9d, 0xef, 0x9d, 0xef, 0x9d, 0xef, 0x9d, 0xef, 0x9d, 0xef, 0x9d, 0xef, 0x9d, 0xef, 0x9d, 0xef, 0x9d, 0xef, 0x9d, 0xef, 0x9d, 0xef, 0x9d, 0xef, 0x9d, 0xef, 0x9d, 0xef, 0x9d, 0xef, 0x9d, 0xef, 0x9d, 0xef, 0x9d, 0xef, 0x9d, 0xef, 0x9d, 0xef, 0x9d, 0xef, 0x9d, 0xef, 0x9d, 0xef, 0x9d, 0xef, 0x9d, 0xef, 0x9d, 0xef, 0x9d, 0xef, 0x9d, 0xef, 0x9d, 0xef, 0x9d, 0xef, 0x9d, 0xef, 0x9d, 0xef, 0x9d, 0xef, 0x9d, 0xef, 0x9d, 0xef, 0x9d, 0xef, 0x9d, 0xef, 0x9d, 0xef, 0x9d, 0xef, 0x9d, 0xef, 0x9d, 0xef, 0x9d, 0xef, 0x9d, 0xef, 0x9d, 0xef, 0x9d, 0xef, 0x9d, 0xef, 0x9d, 0xef, 0x9d, 0xef, 0x9d, 0xef, 0x9d, 0xef, 0x9d, 0xef, 0x9d, 0xef, 0x9d, 0xef, 0x9d, 0xef, 0xbd, 0xe7, 0xdc, 0xe7, 0xdb, 0xdf, 0xd9, 0xcf, 0xf9, 0xcf, 0xf8, 0xc7, 0xf8, 0xc7, 0xf8, 0xc7, 0xf8, 0xc7, 0xf8, 0xc7, 0xf8, 0xc7, 0xf8, 0xc7, 0xf8, 0xc7, 0xf8, 0xc7, 0xf8, 0xc7, 
  0xf8, 0xc7, 0xf8, 0xc7, 0xf8, 0xc7, 0xf8, 0xc7, 0xf8, 0xc7, 0xf8, 0xc7, 0xf8, 0xc7, 0xf8, 0xc7, 0xf8, 0xc7, 0xd9, 0xcf, 0xd9, 0xcf, 0xdb, 0xdf, 0xdc, 0xe7, 0xbc, 0xef, 0x9d, 0xef, 0x9d, 0xef, 0x9d, 0xef, 0x9d, 0xef, 0x9d, 0xef, 0x9d, 0xef, 0x9d, 0xef, 0x9d, 0xef, 0x9d, 0xef, 0x9d, 0xef, 0x9d, 0xef, 0x9d, 0xef, 0x9d, 0xef, 0x9d, 0xef, 0x9d, 0xef, 0x9d, 0xef, 0x9d, 0xef, 0x9d, 0xef, 0x9d, 0xef, 0x9d, 0xef, 0x9d, 0xef, 0x9d, 0xef, 0x9d, 0xef, 0x9d, 0xef, 0x9d, 0xef, 0x9d, 0xef, 0x9d, 0xef, 0x9d, 0xef, 0x9d, 0xef, 0x9d, 0xef, 0x9d, 0xef, 0x9d, 0xef, 0x9d, 0xef, 0x9d, 0xef, 0x9d, 0xef, 0x9d, 0xef, 0x9d, 0xef, 0x9d, 0xef, 0x9d, 0xef, 0x9d, 0xef, 0x9d, 0xef, 0x9d, 0xef, 0x9d, 0xef, 0x9d, 0xef, 0x9d, 0xef, 0x9d, 0xef, 0x9d, 0xef, 0x9d, 0xef, 0x9d, 0xef, 0x9d, 0xef, 0x9d, 0xef, 0x9d, 0xef, 0x9d, 0xef, 0x9d, 0xef, 0x9d, 0xef, 0xbd, 0xe7, 0xdc, 0xe7, 0xdb, 0xdf, 0xd9, 0xcf, 0xd9, 0xcf, 0xf8, 0xc7, 0xf8, 0xc7, 0xf8, 0xc7, 0xf8, 0xc7, 0xf8, 0xc7, 0xf8, 0xc7, 0xf8, 0xc7, 0xf8, 0xc7, 0xf8, 0xc7, 0xf8, 0xc7, 
  0xf8, 0xc7, 0xf8, 0xc7, 0xf8, 0xc7, 0xf8, 0xc7, 0xf8, 0xc7, 0xf8, 0xc7, 0xf8, 0xc7, 0xf8, 0xc7, 0xf8, 0xc7, 0xd9, 0xcf, 0xda, 0xd7, 0xdb, 0xdf, 0xdc, 0xe7, 0xbc, 0xef, 0x9d, 0xef, 0x9d, 0xef, 0x9d, 0xef, 0x9d, 0xef, 0x9d, 0xef, 0x9d, 0xef, 0x9d, 0xef, 0x9d, 0xef, 0x9d, 0xef, 0x9d, 0xef, 0x9d, 0xef, 0x9d, 0xef, 0x9d, 0xef, 0x9d, 0xef, 0x9d, 0xef, 0x9d, 0xef, 0x9d, 0xef, 0x9d, 0xef, 0x9d, 0xef, 0x9d, 0xef, 0x9d, 0xef, 0x9d, 0xef, 0x9d, 0xef, 0x9d, 0xef, 0x9d, 0xef, 0x9d, 0xef, 0x9d, 0xef, 0x9d, 0xef, 0x9d, 0xef, 0x9d, 0xef, 0x9d, 0xef, 0x9d, 0xef, 0x9d, 0xef, 0x9d, 0xef, 0x9d, 0xef, 0x9d, 0xef, 0x9d, 0xef, 0x9d, 0xef, 0x9d, 0xef, 0x9d, 0xef, 0x9d, 0xef, 0x9d, 0xef, 0x9d, 0xef, 0x9d, 0xef, 0x9d, 0xef, 0x9d, 0xef, 0x9d, 0xef, 0x9d, 0xef, 0x9d, 0xef, 0x9d, 0xef, 0x9d, 0xef, 0x9d, 0xef, 0x9d, 0xef, 0x9d, 0xef, 0x9d, 0xef, 0xbd, 0xef, 0xdc, 0xe7, 0xdb, 0xdf, 0xba, 0xd7, 0xd9, 0xcf, 0xd8, 0xcf, 0xf8, 0xc7, 0xf8, 0xc7, 0xf8, 0xc7, 0xf8, 0xc7, 0xf8, 0xc7, 0xf8, 0xc7, 0xf8, 0xc7, 0xf8, 0xc7, 0xf8, 0xc7, 
  0xf8, 0xc7, 0xf8, 0xc7, 0xf8, 0xc7, 0xf8, 0xc7, 0xf8, 0xbf, 0xf8, 0xbf, 0xf8, 0xc7, 0xf8, 0xc7, 0xf9, 0xcf, 0xd9, 0xcf, 0xba, 0xd7, 0xbb, 0xe7, 0xbc, 0xe7, 0xbd, 0xef, 0x9d, 0xef, 0x9d, 0xef, 0x9d, 0xef, 0x9d, 0xef, 0x9d, 0xef, 0x9d, 0xef, 0x9d, 0xef, 0x9d, 0xef, 0x9d, 0xef, 0x9d, 0xef, 0x9d, 0xef, 0x9d, 0xef, 0x9d, 0xef, 0x9d, 0xef, 0x9d, 0xef, 0x9d, 0xef, 0x9d, 0xef, 0x9d, 0xef, 0x9d, 0xef, 0x9d, 0xef, 0x9d, 0xef, 0x9d, 0xef, 0x9d, 0xef, 0x9d, 0xef, 0x9d, 0xef, 0x9d, 0xef, 0x9d, 0xef, 0x9d, 0xef, 0x9d, 0xef, 0x9d, 0xef, 0x9d, 0xef, 0x9d, 0xef, 0x9d, 0xef, 0x9d, 0xef, 0x9d, 0xef, 0x9d, 0xef, 0x9d, 0xef, 0x9d, 0xef, 0x9d, 0xef, 0x9d, 0xef, 0x9d, 0xef, 0x9d, 0xef, 0x9d, 0xef, 0x9d, 0xef, 0x9d, 0xef, 0x9d, 0xef, 0x9d, 0xef, 0x9d, 0xef, 0x9d, 0xef, 0x9d, 0xef, 0x9d, 0xef, 0x9d, 0xef, 0x9d, 0xef, 0x9d, 0xef, 0x9d, 0xef, 0xbd, 0xef, 0xbc, 0xe7, 0xbc, 0xe7, 0xba, 0xd7, 0xb9, 0xcf, 0xd9, 0xcf, 0xf8, 0xc7, 0xf8, 0xc7, 0xf8, 0xc7, 0xf8, 0xc7, 0xf8, 0xc7, 0xf8, 0xc7, 0xf8, 0xc7, 0xf8, 0xc7, 0xf8, 0xc7, 
  0xf7, 0xcf, 0xf7, 0xc7, 0xf7, 0xc7, 0xf8, 0xc7, 0xf8, 0xbf, 0xf8, 0xbf, 0xf8, 0xbf, 0xf8, 0xc7, 0xd9, 0xcf, 0xb9, 0xd7, 0xba, 0xdf, 0xbb, 0xe7, 0xbc, 0xef, 0xbd, 0xef, 0x9d, 0xef, 0x9d, 0xef, 0x9d, 0xef, 0x9d, 0xef, 0x9d, 0xef, 0x9d, 0xef, 0x9d, 0xef, 0x9d, 0xef, 0x9d, 0xef, 0x9d, 0xef, 0x9d, 0xef, 0x9d, 0xef, 0x9d, 0xef, 0x9d, 0xef, 0x9d, 0xef, 0x9d, 0xef, 0x9d, 0xef, 0x9d, 0xef, 0x9d, 0xef, 0x9d, 0xef, 0x9d, 0xef, 0x9d, 0xef, 0x9d, 0xef, 0x9d, 0xef, 0x9d, 0xef, 0x9d, 0xef, 0x9d, 0xef, 0x9d, 0xef, 0x9d, 0xef, 0x9d, 0xef, 0x9d, 0xef, 0x9d, 0xef, 0x9d, 0xef, 0x9d, 0xef, 0x9d, 0xef, 0x9d, 0xef, 0x9d, 0xef, 0x9d, 0xef, 0x9d, 0xef, 0x9d, 0xef, 0x9d, 0xef, 0x9d, 0xef, 0x9d, 0xef, 0x9d, 0xef, 0x9d, 0xef, 0x9d, 0xef, 0x9d, 0xef, 0x9d, 0xef, 0x9d, 0xef, 0x9d, 0xef, 0x9d, 0xef, 0xbd, 0xef, 0x9d, 0xef, 0x9d, 0xef, 0x9d, 0xef, 0xbd, 0xef, 0xbd, 0xe7, 0xbc, 0xe7, 0xbb, 0xdf, 0xba, 0xd7, 0xd9, 0xcf, 0xd9, 0xcf, 0xf8, 0xcf, 0xf8, 0xc7, 0xf8, 0xc7, 0xf8, 0xc7, 0xf8, 0xc7, 0xf8, 0xc7, 0xf8, 0xc7, 0xf8, 0xc7, 
  0xf7, 0xcf, 0xf7, 0xc7, 0xf7, 0xc7, 0xf8, 0xc7, 0xf8, 0xbf, 0xf8, 0xbf, 0xf8, 0xc7, 0xf9, 0xc7, 0xd9, 0xcf, 0xba, 0xd7, 0x9a, 0xdf, 0x9c, 0xe7, 0xbc, 0xef, 0x9d, 0xef, 0x9d, 0xef, 0x9d, 0xef, 0x9d, 0xef, 0x9d, 0xef, 0x9d, 0xef, 0x9d, 0xef, 0x9d, 0xef, 0x9d, 0xef, 0x9d, 0xef, 0x9d, 0xef, 0x9d, 0xef, 0x9d, 0xef, 0x9d, 0xef, 0x9d, 0xef, 0x9d, 0xef, 0x9d, 0xef, 0x9d, 0xef, 0x9d, 0xef, 0x9d, 0xef, 0x9d, 0xef, 0x9d, 0xef, 0x9d, 0xef, 0x9d, 0xef, 0x9d, 0xef, 0x9d, 0xef, 0x9d, 0xef, 0x9d, 0xef, 0x9d, 0xef, 0x9d, 0xef, 0x9d, 0xef, 0x9d, 0xef, 0x9d, 0xef, 0x9d, 0xef, 0x9d, 0xef, 0x9d, 0xef, 0x9d, 0xef, 0x9d, 0xef, 0x9d, 0xef, 0x9d, 0xef, 0x9d, 0xef, 0x9d, 0xef, 0x9d, 0xef, 0x9d, 0xef, 0x9d, 0xef, 0x9d, 0xef, 0x9d, 0xef, 0x9d, 0xef, 0x9d, 0xef, 0x9d, 0xef, 0x9d, 0xef, 0x9d, 0xef, 0xbd, 0xef, 0xbd, 0xef, 0x9d, 0xef, 0x9d, 0xef, 0xbd, 0xef, 0xbd, 0xef, 0xbc, 0xe7, 0xbc, 0xdf, 0xbb, 0xdf, 0xba, 0xd7, 0xd9, 0xcf, 0xd9, 0xcf, 0xf9, 0xcf, 0xf8, 0xc7, 0xf8, 0xc7, 0xf8, 0xc7, 0xf8, 0xc7, 0xf8, 0xc7, 0xf8, 0xc7, 
  0xf7, 0xcf, 0xf7, 0xc7, 0xf7, 0xc7, 0xf8, 0xc7, 0xf8, 0xc7, 0xf9, 0xc7, 0xf9, 0xc7, 0xd9, 0xcf, 0xda, 0xd7, 0xbb, 0xdf, 0xbb, 0xe7, 0x9c, 0xef, 0x9c, 0xef, 0x9d, 0xef, 0x9d, 0xef, 0x9d, 0xef, 0x9d, 0xef, 0x9d, 0xef, 0x9d, 0xef, 0x9d, 0xef, 0x9d, 0xef, 0x9d, 0xef, 0x9d, 0xef, 0x9d, 0xef, 0x9d, 0xef, 0x9d, 0xef, 0x9d, 0xef, 0x9d, 0xef, 0x9d, 0xef, 0x9d, 0xef, 0x9d, 0xef, 0x9d, 0xef, 0x9d, 0xef, 0x9d, 0xef, 0x9d, 0xef, 0x9d, 0xef, 0x9d, 0xef, 0x9d, 0xef, 0x9d, 0xef, 0x9d, 0xef, 0x9d, 0xef, 0x9d, 0xef, 0x9d, 0xef, 0x9d, 0xef, 0x9d, 0xef, 0x9d, 0xef, 0x9d, 0xef, 0x9d, 0xef, 0x9d, 0xef, 0x9d, 0xef, 0x9d, 0xef, 0x9d, 0xef, 0x9d, 0xef, 0x9d, 0xef, 0x9d, 0xef, 0x9d, 0xef, 0x9d, 0xef, 0x9d, 0xef, 0x9d, 0xef, 0x9d, 0xef, 0x9d, 0xef, 0x9d, 0xef, 0x9d, 0xef, 0x9d, 0xef, 0x9d, 0xef, 0x9d, 0xef, 0x9d, 0xef, 0x9d, 0xef, 0x9d, 0xef, 0x9d, 0xef, 0x9d, 0xef, 0xbc, 0xe7, 0xbc, 0xe7, 0xbc, 0xe7, 0xdb, 0xdf, 0xda, 0xd7, 0xda, 0xd7, 0xd9, 0xcf, 0xf8, 0xcf, 0xf8, 0xc7, 0xf8, 0xc7, 0xf8, 0xc7, 0xf8, 0xc7, 0xf8, 0xc7, 
  0xf8, 0xcf, 0xf8, 0xc7, 0xf8, 0xc7, 0xf8, 0xc7, 0xf8, 0xc7, 0xf9, 0xc7, 0xfa, 0xcf, 0xda, 0xd7, 0xdb, 0xdf, 0xbb, 0xe7, 0x9c, 0xe7, 0x9c, 0xef, 0x9d, 0xef, 0x9d, 0xef, 0x9d, 0xef, 0x9d, 0xef, 0x9d, 0xef, 0x9d, 0xef, 0x9d, 0xef, 0x9d, 0xef, 0x9d, 0xef, 0x9d, 0xef, 0x9d, 0xef, 0x9d, 0xef, 0x9d, 0xef, 0x9d, 0xef, 0x9d, 0xef, 0x9d, 0xef, 0x9d, 0xef, 0x9d, 0xef, 0x9d, 0xef, 0x9d, 0xef, 0x9d, 0xef, 0x9d, 0xef, 0x9d, 0xef, 0x9d, 0xef, 0x9d, 0xef, 0x9d, 0xef, 0x9d, 0xef, 0x9d, 0xef, 0x9d, 0xef, 0x9d, 0xef, 0x9d, 0xef, 0x9d, 0xef, 0x9d, 0xef, 0x9d, 0xef, 0x9d, 0xef, 0x9d, 0xef, 0x9d, 0xef, 0x9d, 0xef, 0x9d, 0xef, 0x9d, 0xef, 0x9d, 0xef, 0x9d, 0xef, 0x9d, 0xef, 0x9d, 0xef, 0x9d, 0xef, 0x9d, 0xef, 0x9d, 0xef, 0x9d, 0xef, 0x9d, 0xef, 0x9d, 0xef, 0x9d, 0xef, 0x9d, 0xef, 0x9d, 0xef, 0x9d, 0xef, 0x9d, 0xef, 0x9d, 0xef, 0x9d, 0xef, 0x9d, 0xef, 0x9d, 0xef, 0x9d, 0xef, 0xbc, 0xe7, 0xbc, 0xe7, 0xdc, 0xe7, 0xdb, 0xdf, 0xda, 0xdf, 0xda, 0xd7, 0xd9, 0xcf, 0xd8, 0xcf, 0xf8, 0xc7, 0xf8, 0xc7, 0xf8, 0xc7, 0xf8, 0xc7, 
  0xf8, 0xcf, 0xf8, 0xcf, 0xf8, 0xcf, 0xf9, 0xcf, 0xf9, 0xcf, 0xda, 0xcf, 0xda, 0xd7, 0xdb, 0xdf, 0xdc, 0xe7, 0xbc, 0xe7, 0x9c, 0xef, 0x9c, 0xef, 0x9d, 0xef, 0x9d, 0xef, 0x9d, 0xef, 0x9d, 0xef, 0x9d, 0xef, 0x9d, 0xef, 0x9d, 0xef, 0x9d, 0xef, 0x9d, 0xef, 0x9d, 0xef, 0x9d, 0xef, 0x9d, 0xef, 0x9d, 0xef, 0x9d, 0xef, 0x9d, 0xef, 0x9d, 0xef, 0x9d, 0xef, 0x9d, 0xef, 0x9d, 0xef, 0x9d, 0xef, 0x9d, 0xef, 0x9d, 0xef, 0x9d, 0xef, 0x9d, 0xef, 0x9d, 0xef, 0x9d, 0xef, 0x9d, 0xef, 0x9d, 0xef, 0x9d, 0xef, 0x9d, 0xef, 0x9d, 0xef, 0x9d, 0xef, 0x9d, 0xef, 0x9d, 0xef, 0x9d, 0xef, 0x9d, 0xef, 0x9d, 0xef, 0x9d, 0xef, 0x9d, 0xef, 0x9d, 0xef, 0x9d, 0xef, 0x9d, 0xef, 0x9d, 0xef, 0x9d, 0xef, 0x9d, 0xef, 0x9d, 0xef, 0x9d, 0xef, 0x9d, 0xef, 0x9d, 0xef, 0x9d, 0xef, 0x9d, 0xef, 0x9d, 0xef, 0x9d, 0xef, 0x9d, 0xef, 0x9d, 0xef, 0x9d, 0xef, 0x9d, 0xef, 0x9d, 0xef, 0x9d, 0xef, 0x9d, 0xef, 0x9d, 0xef, 0xbd, 0xe7, 0xbc, 0xe7, 0xdc, 0xe7, 0xdb, 0xdf, 0xdb, 0xdf, 0xda, 0xd7, 0xd9, 0xcf, 0xf9, 0xcf, 0xf8, 0xc7, 0xf8, 0xc7, 0xf8, 0xc7, 
  0xf8, 0xc7, 0xf9, 0xc7, 0xf9, 0xcf, 0xd9, 0xcf, 0xda, 0xd7, 0xda, 0xd7, 0xdb, 0xdf, 0xdc, 0xe7, 0xbc, 0xe7, 0x9c, 0xef, 0x9d, 0xef, 0x9d, 0xef, 0x9d, 0xef, 0x9d, 0xef, 0x9d, 0xef, 0x9d, 0xef, 0x9d, 0xef, 0x9d, 0xef, 0x9d, 0xef, 0x9d, 0xef, 0x9d, 0xef, 0x9d, 0xef, 0x9d, 0xef, 0x9d, 0xef, 0x9d, 0xef, 0x9d, 0xef, 0x9d, 0xef, 0x9d, 0xef, 0x9d, 0xef, 0x9d, 0xef, 0x9d, 0xef, 0x9d, 0xef, 0x9d, 0xef, 0x9d, 0xef, 0x9d, 0xef, 0x9d, 0xef, 0x9d, 0xef, 0x9d, 0xef, 0x9d, 0xef, 0x9d, 0xef, 0x9d, 0xef, 0x9d, 0xef, 0x9d, 0xef, 0x9d, 0xef, 0x9d, 0xef, 0x9d, 0xef, 0x9d, 0xef, 0x9d, 0xef, 0x9d, 0xef, 0x9d, 0xef, 0x9d, 0xef, 0x9d, 0xef, 0x9d, 0xef, 0x9d, 0xef, 0x9d, 0xef, 0x9d, 0xef, 0x9d, 0xef, 0x9d, 0xef, 0x9d, 0xef, 0x9d, 0xef, 0x9d, 0xef, 0x9d, 0xef, 0x9d, 0xef, 0x9d, 0xef, 0x9d, 0xef, 0x9d, 0xef, 0x9d, 0xef, 0x9d, 0xef, 0x9d, 0xef, 0x9d, 0xef, 0x9d, 0xef, 0x9d, 0xef, 0x9d, 0xef, 0x9d, 0xe7, 0x9c, 0xe7, 0xbc, 0xe7, 0xdc, 0xe7, 0xdc, 0xe7, 0xdb, 0xdf, 0xda, 0xd7, 0xd9, 0xcf, 0xf8, 0xc7, 0xf8, 0xc7, 0xf8, 0xc7, 
  0xf9, 0xc7, 0xf9, 0xc7, 0xd9, 0xcf, 0xda, 0xd7, 0xdb, 0xdf, 0xdb, 0xe7, 0xbc, 0xe7, 0xbc, 0xef, 0x9c, 0xef, 0x9d, 0xef, 0x9d, 0xef, 0x9d, 0xef, 0x9d, 0xef, 0x9d, 0xef, 0x9d, 0xef, 0x9d, 0xef, 0x9d, 0xef, 0x9d, 0xef, 0x9d, 0xef, 0x9d, 0xef, 0x9d, 0xef, 0x9d, 0xef, 0x9d, 0xef, 0x9d, 0xef, 0x9d, 0xef, 0x9d, 0xef, 0x9d, 0xef, 0x9d, 0xef, 0x9d, 0xef, 0x9d, 0xef, 0x9d, 0xef, 0x9d, 0xef, 0x9d, 0xef, 0x9d, 0xef, 0x9d, 0xef, 0x9d, 0xef, 0x9d, 0xef, 0x9d, 0xef, 0x9d, 0xef, 0x9d, 0xef, 0x9d, 0xef, 0x9d, 0xef, 0x9d, 0xef, 0x9d, 0xef, 0x9d, 0xef, 0x9d, 0xef, 0x9d, 0xef, 0x9d, 0xef, 0x9d, 0xef, 0x9d, 0xef, 0x9d, 0xef, 0x9d, 0xef, 0x9d, 0xef, 0x9d, 0xef, 0x9d, 0xef, 0x9d, 0xef, 0x9d, 0xef, 0x9d, 0xef, 0x9d, 0xef, 0x9d, 0xef, 0x9d, 0xef, 0x9d, 0xef, 0x9d, 0xef, 0x9d, 0xef, 0x7d, 0xef, 0x7d, 0xef, 0x9d, 0xef, 0x9d, 0xef, 0x9c, 0xe7, 0x9c, 0xe7, 0x9c, 0xef, 0x9d, 0xef, 0x9d, 0xef, 0x7d, 0xef, 0x9d, 0xef, 0x9d, 0xef, 0xbc, 0xef, 0xbc, 0xe7, 0xbc, 0xe7, 0xdb, 0xdf, 0xf9, 0xd7, 0xf9, 0xcf, 0xd8, 0xcf, 0xf8, 0xc7, 
  0xf9, 0xc7, 0xf9, 0xc7, 0xda, 0xcf, 0xda, 0xd7, 0xdb, 0xe7, 0xbc, 0xe7, 0x9c, 0xef, 0x9d, 0xef, 0x9d, 0xef, 0x9d, 0xef, 0x9d, 0xef, 0x9d, 0xef, 0x9d, 0xef, 0x9d, 0xef, 0x9d, 0xef, 0x9d, 0xef, 0x9d, 0xef, 0x9d, 0xef, 0x9d, 0xef, 0x9d, 0xef, 0x9d, 0xef, 0x9d, 0xef, 0x9d, 0xef, 0x9d, 0xef, 0x9d, 0xef, 0x9d, 0xef, 0x9d, 0xef, 0x9d, 0xef, 0x9d, 0xef, 0x9d, 0xef, 0x9d, 0xef, 0x9d, 0xef, 0x9d, 0xef, 0x9d, 0xef, 0x9d, 0xef, 0x9d, 0xef, 0x9d, 0xef, 0x9d, 0xef, 0x9d, 0xef, 0x9d, 0xef, 0x9d, 0xef, 0x9d, 0xef, 0x9d, 0xef, 0x9d, 0xef, 0x9d, 0xef, 0x9d, 0xef, 0x9d, 0xef, 0x9d, 0xef, 0x9d, 0xef, 0x9d, 0xef, 0x9d, 0xef, 0x9d, 0xef, 0x9d, 0xef, 0x9d, 0xef, 0x9d, 0xef, 0x9d, 0xef, 0x9d, 0xef, 0x9d, 0xef, 0x9d, 0xef, 0x9d, 0xef, 0x9d, 0xef, 0x9d, 0xef, 0x9d, 0xef, 0x9d, 0xef, 0x7d, 0xef, 0x7d, 0xef, 0x9d, 0xef, 0x9d, 0xef, 0x9c, 0xe7, 0x9c, 0xe7, 0x9c, 0xe7, 0x9d, 0xef, 0x9d, 0xef, 0x9d, 0xef, 0x7d, 0xef, 0x9d, 0xef, 0x9d, 0xef, 0xbc, 0xe7, 0xbc, 0xe7, 0xdb, 0xdf, 0xfa, 0xd7, 0xf9, 0xcf, 0xd8, 0xcf, 0xd8, 0xcf, 
  0xf9, 0xc7, 0xf9, 0xc7, 0xda, 0xd7, 0xdb, 0xdf, 0xbc, 0xe7, 0x9c, 0xef, 0x9d, 0xef, 0x7d, 0xef, 0x9d, 0xf7, 0x7d, 0xef, 0x9d, 0xef, 0x9d, 0xef, 0x9d, 0xef, 0x9d, 0xef, 0x9d, 0xef, 0x9d, 0xef, 0x9d, 0xef, 0x9d, 0xef, 0x9d, 0xef, 0x9d, 0xef, 0x9d, 0xef, 0x9d, 0xef, 0x9d, 0xef, 0x9d, 0xef, 0x9d, 0xef, 0x9d, 0xef, 0x9d, 0xef, 0x9d, 0xef, 0x9d, 0xef, 0x9d, 0xef, 0x9d, 0xef, 0x9d, 0xef, 0x9d, 0xef, 0x9d, 0xef, 0x9d, 0xef, 0x9d, 0xef, 0x9d, 0xef, 0x9d, 0xef, 0x9d, 0xef, 0x9d, 0xef, 0x9d, 0xef, 0x9d, 0xef, 0x9d, 0xef, 0x9d, 0xef, 0x9d, 0xef, 0x9d, 0xef, 0x9d, 0xef, 0x9d, 0xef, 0x9d, 0xef, 0x9d, 0xef, 0x9d, 0xef, 0x9d, 0xef, 0x9d, 0xef, 0x9d, 0xef, 0x9d, 0xef, 0x9d, 0xef, 0x9d, 0xef, 0x9d, 0xef, 0x9d, 0xef, 0x9d, 0xef, 0x9d, 0xef, 0x9d, 0xef, 0x9d, 0xef, 0x9d, 0xef, 0x7d, 0xef, 0x7d, 0xef, 0x7d, 0xef, 0x9d, 0xef, 0x9c, 0xe7, 0x9c, 0xe7, 0x9c, 0xe7, 0x9d, 0xef, 0x9d, 0xef, 0x9d, 0xef, 0x7d, 0xef, 0x9d, 0xef, 0x9d, 0xef, 0x9d, 0xef, 0x9c, 0xe7, 0xbc, 0xe7, 0xfa, 0xd7, 0xd9, 0xcf, 0xd8, 0xcf, 0xd8, 0xcf, 
  0xd9, 0xc7, 0xfa, 0xcf, 0xdb, 0xd7, 0xdb, 0xdf, 0xbc, 0xe7, 0x9c, 0xef, 0x7d, 0xef, 0x7d, 0xf7, 0x7e, 0xf7, 0x7d, 0xef, 0x9d, 0xef, 0x9d, 0xef, 0x9d, 0xef, 0x9d, 0xef, 0xbd, 0xef, 0xbd, 0xef, 0x9d, 0xef, 0x9d, 0xef, 0x9d, 0xef, 0x9d, 0xef, 0x9d, 0xef, 0x9d, 0xef, 0x9d, 0xef, 0x9d, 0xef, 0x9d, 0xef, 0x9d, 0xef, 0x9d, 0xef, 0x9d, 0xef, 0x9d, 0xef, 0x9d, 0xef, 0x9d, 0xef, 0x9d, 0xef, 0x9d, 0xef, 0x9d, 0xef, 0x9d, 0xef, 0x9d, 0xef, 0x9d, 0xef, 0x9d, 0xef, 0x9d, 0xef, 0x9d, 0xef, 0x9d, 0xef, 0x9d, 0xef, 0x9d, 0xef, 0x9d, 0xef, 0x9d, 0xef, 0x9d, 0xef, 0x9d, 0xef, 0x9d, 0xef, 0x9d, 0xef, 0x9d, 0xef, 0x9d, 0xef, 0x9d, 0xef, 0x9d, 0xef, 0x9d, 0xef, 0x9d, 0xef, 0x9d, 0xef, 0x9d, 0xef, 0x9d, 0xef, 0x9d, 0xef, 0x9d, 0xef, 0x9d, 0xef, 0x9d, 0xef, 0x9d, 0xef, 0x9d, 0xef, 0x7d, 0xef, 0x7d, 0xef, 0x9d, 0xef, 0x9d, 0xef, 0x9d, 0xef, 0x9c, 0xef, 0x9d, 0xef, 0x9d, 0xef, 0x9d, 0xef, 0x9d, 0xef, 0x9d, 0xef, 0x9d, 0xef, 0x9d, 0xef, 0x9d, 0xef, 0xbd, 0xef, 0xbc, 0xe7, 0xfb, 0xdf, 0xda, 0xd7, 0xd9, 0xcf, 0xf9, 0xcf, 
  0xba, 0xd7, 0xdb, 0xdf, 0xdb, 0xdf, 0xbc, 0xe7, 0xbd, 0xef, 0x9d, 0xef, 0x7d, 0xef, 0x9e, 0xef, 0x7e, 0xef, 0x7d, 0xef, 0x7d, 0xef, 0x9d, 0xef, 0x9d, 0xef, 0x9d, 0xef, 0xbd, 0xef, 0xbd, 0xef, 0x9d, 0xef, 0x9d, 0xef, 0x9d, 0xef, 0x9d, 0xef, 0x9d, 0xef, 0x9d, 0xef, 0x9d, 0xef, 0x9d, 0xef, 0x9d, 0xef, 0x9d, 0xef, 0x9d, 0xef, 0x9d, 0xef, 0x9d, 0xef, 0x9d, 0xef, 0x9d, 0xef, 0x9d, 0xef, 0x9d, 0xef, 0x9d, 0xef, 0x9d, 0xef, 0x9d, 0xef, 0x9d, 0xef, 0x9d, 0xef, 0x9d, 0xef, 0x9d, 0xef, 0x9d, 0xef, 0x9d, 0xef, 0x9d, 0xef, 0x9d, 0xef, 0x9d, 0xef, 0x9d, 0xef, 0x9d, 0xef, 0x9d, 0xef, 0x9d, 0xef, 0x9d, 0xef, 0x9d, 0xef, 0x9d, 0xef, 0x9d, 0xef, 0x9d, 0xef, 0x9d, 0xef, 0x9d, 0xef, 0x9d, 0xef, 0x9d, 0xef, 0x7d, 0xef, 0x7d, 0xef, 0x9d, 0xef, 0x9d, 0xef, 0x9d, 0xef, 0xbd, 0xef, 0x9d, 0xef, 0x9d, 0xef, 0x9d, 0xef, 0x9d, 0xef, 0x9d, 0xef, 0x9d, 0xef, 0x9d, 0xef, 0x9d, 0xef, 0x9d, 0xef, 0x9d, 0xef, 0x9d, 0xef, 0x9d, 0xef, 0x9d, 0xef, 0x9d, 0xef, 0x9d, 0xef, 0xbd, 0xef, 0xdc, 0xe7, 0xdb, 0xdf, 0xfa, 0xd7, 0xd9, 0xcf, 
  0xba, 0xdf, 0xdb, 0xdf, 0xdc, 0xe7, 0xbc, 0xe7, 0xbd, 0xef, 0x9d, 0xef, 0x9d, 0xef, 0x9e, 0xef, 0x9e, 0xef, 0x9d, 0xef, 0x9d, 0xef, 0x9d, 0xef, 0x9d, 0xef, 0x9d, 0xef, 0x9d, 0xef, 0x9d, 0xef, 0x9d, 0xef, 0x9d, 0xef, 0x9d, 0xef, 0x9d, 0xef, 0x9d, 0xef, 0x9d, 0xef, 0x9d, 0xef, 0x9d, 0xef, 0x9d, 0xef, 0x9d, 0xef, 0x9d, 0xef, 0x9d, 0xef, 0x9d, 0xef, 0x9d, 0xef, 0x9d, 0xef, 0x9d, 0xef, 0x9d, 0xef, 0x9d, 0xef, 0x9d, 0xef, 0x9d, 0xef, 0x9d, 0xef, 0x9d, 0xef, 0x9d, 0xef, 0x9d, 0xef, 0x9d, 0xef, 0x9d, 0xef, 0x9d, 0xef, 0x9d, 0xef, 0x9d, 0xef, 0x9d, 0xef, 0x9d, 0xef, 0x9d, 0xef, 0x9d, 0xef, 0x9d, 0xef, 0x9d, 0xef, 0x9d, 0xef, 0x9d, 0xef, 0x9d, 0xef, 0x9d, 0xef, 0x9d, 0xef, 0x9d, 0xef, 0x9d, 0xef, 0x9d, 0xef, 0x9d, 0xef, 0x9d, 0xef, 0x9d, 0xef, 0x9d, 0xef, 0x9d, 0xef, 0x9d, 0xef, 0x9d, 0xef, 0x9d, 0xef, 0x9d, 0xef, 0x9d, 0xef, 0x9d, 0xef, 0x9d, 0xef, 0x9d, 0xef, 0x9d, 0xef, 0x9d, 0xef, 0x9d, 0xef, 0x9d, 0xef, 0x9d, 0xef, 0x9d, 0xef, 0x9d, 0xef, 0x9d, 0xef, 0xbd, 0xef, 0xbc, 0xdf, 0xfa, 0xdf, 0xb9, 0xcf, 
  0xbb, 0xdf, 0xdb, 0xe7, 0xbc, 0xe7, 0xbc, 0xe7, 0xbd, 0xef, 0x9d, 0xef, 0x9d, 0xef, 0x9e, 0xef, 0x9d, 0xef, 0x9d, 0xef, 0x9d, 0xef, 0x9d, 0xef, 0x9d, 0xef, 0x9d, 0xef, 0x9d, 0xef, 0x7d, 0xef, 0x9d, 0xef, 0x9d, 0xef, 0x9d, 0xef, 0x9d, 0xef, 0x9d, 0xef, 0x9d, 0xef, 0x9d, 0xef, 0x9d, 0xef, 0x9d, 0xef, 0x9d, 0xef, 0x9d, 0xef, 0x9d, 0xef, 0x9d, 0xef, 0x9d, 0xef, 0x9d, 0xef, 0x9d, 0xef, 0x9d, 0xef, 0x9d, 0xef, 0x9d, 0xef, 0x9d, 0xef, 0x9d, 0xef, 0x9d, 0xef, 0x9d, 0xef, 0x9d, 0xef, 0x9d, 0xef, 0x9d, 0xef, 0x9d, 0xef, 0x9d, 0xef, 0x9d, 0xef, 0x9d, 0xef, 0x9d, 0xef, 0x9d, 0xef, 0x9d, 0xef, 0x9d, 0xef, 0x9d, 0xef, 0x9d, 0xef, 0x9d, 0xef, 0x9d, 0xef, 0x9d, 0xef, 0x9d, 0xef, 0x9d, 0xef, 0x9d, 0xef, 0x9d, 0xef, 0x9d, 0xef, 0x9d, 0xef, 0x9d, 0xef, 0x9d, 0xef, 0x7d, 0xef, 0x9d, 0xef, 0x9d, 0xef, 0x9d, 0xef, 0x9d, 0xef, 0x9d, 0xef, 0x9d, 0xef, 0x9d, 0xef, 0x9d, 0xef, 0x9d, 0xef, 0x9d, 0xef, 0x9d, 0xef, 0x9d, 0xef, 0x9d, 0xef, 0x9d, 0xef, 0x9d, 0xef, 0x9d, 0xef, 0xbd, 0xef, 0xbc, 0xe7, 0xdb, 0xdf, 0xb9, 0xcf, 
  0xbb, 0xe7, 0xdc, 0xe7, 0xbc, 0xe7, 0x9c, 0xe7, 0x9d, 0xef, 0x9d, 0xef, 0x9d, 0xef, 0x9d, 0xef, 0x9d, 0xef, 0x9d, 0xef, 0x9d, 0xef, 0x9d, 0xef, 0x9d, 0xef, 0x9d, 0xef, 0x9d, 0xef, 0x9d, 0xef, 0x9d, 0xef, 0x9d, 0xef, 0x9d, 0xef, 0x9d, 0xef, 0x9d, 0xef, 0x9d, 0xef, 0x9d, 0xef, 0x9d, 0xef, 0x9d, 0xef, 0x9d, 0xef, 0x9d, 0xef, 0x9d, 0xef, 0x9d, 0xef, 0x9d, 0xef, 0x9d, 0xef, 0x9d, 0xef, 0x9d, 0xef, 0x9d, 0xef, 0x9d, 0xef, 0x9d, 0xef, 0x9d, 0xef, 0x9d, 0xef, 0x9d, 0xef, 0x9d, 0xef, 0x9d, 0xef, 0x9d, 0xef, 0x9d, 0xef, 0x9d, 0xef, 0x9d, 0xef, 0x9d, 0xef, 0x9d, 0xef, 0x9d, 0xef, 0x9d, 0xef, 0x9d, 0xef, 0x9d, 0xef, 0x9d, 0xef, 0x9d, 0xef, 0x9d, 0xef, 0x9d, 0xef, 0x9d, 0xef, 0x9d, 0xef, 0x9d, 0xef, 0x9d, 0xef, 0x9d, 0xef, 0x9d, 0xef, 0x9d, 0xef, 0x9d, 0xef, 0x9d, 0xef, 0x9d, 0xef, 0x9d, 0xef, 0x9d, 0xef, 0x9d, 0xef, 0x9d, 0xef, 0x9d, 0xef, 0x9d, 0xef, 0x9d, 0xef, 0x9d, 0xef, 0x9d, 0xef, 0x9d, 0xef, 0x9d, 0xef, 0x9d, 0xef, 0x9d, 0xef, 0x9d, 0xef, 0x9d, 0xef, 0x9d, 0xef, 0xbc, 0xe7, 0xdb, 0xdf, 0xba, 0xd7, 
  0x9c, 0xe7, 0xbc, 0xef, 0xbd, 0xef, 0x9d, 0xef, 0x9d, 0xef, 0x9d, 0xef, 0x9d, 0xef, 0x9d, 0xef, 0x9d, 0xef, 0x9d, 0xef, 0x9d, 0xef, 0x9d, 0xef, 0x9d, 0xef, 0x9d, 0xef, 0x9d, 0xef, 0xbd, 0xf7, 0x9d, 0xef, 0x9d, 0xef, 0x9d, 0xef, 0x9d, 0xef, 0x9d, 0xef, 0x9d, 0xef, 0x9d, 0xef, 0x9d, 0xef, 0x9d, 0xef, 0x9d, 0xef, 0x9d, 0xef, 0x9d, 0xef, 0x9d, 0xef, 0x9d, 0xef, 0x9d, 0xef, 0x9d, 0xef, 0x9d, 0xef, 0x9d, 0xef, 0x9d, 0xef, 0x9d, 0xef, 0x9d, 0xef, 0x9d, 0xef, 0x9d, 0xef, 0x9d, 0xef, 0x9d, 0xef, 0x9d, 0xef, 0x9d, 0xef, 0x9d, 0xef, 0x9d, 0xef, 0x9d, 0xef, 0x9d, 0xef, 0x9d, 0xef, 0x9d, 0xef, 0x9d, 0xef, 0x9d, 0xef, 0x9d, 0xef, 0x9d, 0xef, 0x9d, 0xef, 0x9d, 0xef, 0x9d, 0xef, 0x9d, 0xef, 0x9d, 0xef, 0x9d, 0xef, 0x9d, 0xef, 0x9d, 0xef, 0x9d, 0xef, 0x9d, 0xef, 0xbd, 0xef, 0x9d, 0xef, 0x9d, 0xef, 0x9d, 0xef, 0x9d, 0xef, 0x9d, 0xef, 0x9d, 0xef, 0x9d, 0xef, 0x9d, 0xef, 0x9d, 0xef, 0x9d, 0xef, 0x9d, 0xef, 0x9d, 0xef, 0x9d, 0xef, 0x9d, 0xef, 0x9d, 0xef, 0x9d, 0xef, 0x9d, 0xef, 0x9d, 0xe7, 0xdc, 0xe7, 0xba, 0xd7, 
  0x9c, 0xef, 0xbd, 0xef, 0x9d, 0xef, 0x9d, 0xef, 0x9d, 0xef, 0x9d, 0xef, 0x9d, 0xef, 0x9d, 0xef, 0xbd, 0xef, 0xbd, 0xef, 0xbd, 0xef, 0xbd, 0xef, 0x9d, 0xef, 0x9d, 0xef, 0x9d, 0xef, 0x9d, 0xef, 0x9d, 0xef, 0x9d, 0xef, 0x9d, 0xef, 0x9d, 0xef, 0x9d, 0xef, 0x9d, 0xef, 0x9d, 0xef, 0x9d, 0xef, 0x9d, 0xef, 0x9d, 0xef, 0x9d, 0xef, 0x9d, 0xef, 0x9d, 0xef, 0x9d, 0xef, 0x9d, 0xef, 0x9d, 0xef, 0x9d, 0xef, 0x9d, 0xef, 0x9d, 0xef, 0x9d, 0xef, 0x9d, 0xef, 0x9d, 0xef, 0x9d, 0xef, 0x9d, 0xef, 0x9d, 0xef, 0x9d, 0xef, 0x9d, 0xef, 0x9d, 0xef, 0x9d, 0xef, 0x9d, 0xef, 0x9d, 0xef, 0x9d, 0xef, 0x9d, 0xef, 0x9d, 0xef, 0x9d, 0xef, 0x9d, 0xef, 0x9d, 0xef, 0x9d, 0xef, 0x9d, 0xef, 0x9d, 0xef, 0x9d, 0xef, 0x9d, 0xef, 0x9d, 0xef, 0x9d, 0xef, 0x9d, 0xef, 0x9d, 0xef, 0x9d, 0xef, 0x9d, 0xef, 0x9d, 0xef, 0x9d, 0xef, 0x9d, 0xef, 0x9d, 0xef, 0x9d, 0xef, 0x9d, 0xef, 0x9d, 0xef, 0x9d, 0xef, 0x9d, 0xef, 0x9d, 0xef, 0x9d, 0xef, 0x9d, 0xef, 0x9d, 0xef, 0x9d, 0xef, 0x9d, 0xef, 0x9d, 0xef, 0x9e, 0xef, 0x9d, 0xef, 0xdc, 0xe7, 0xba, 0xdf, 
  0x7c, 0xef, 0x9d, 0xef, 0x9d, 0xef, 0x7d, 0xef, 0x9d, 0xf7, 0x9d, 0xf7, 0x9d, 0xef, 0x9d, 0xef, 0x9d, 0xef, 0x9d, 0xef, 0xbd, 0xef, 0xbd, 0xef, 0x9d, 0xef, 0x9d, 0xef, 0x9d, 0xef, 0x7d, 0xef, 0x9d, 0xef, 0x9d, 0xef, 0x9d, 0xef, 0x9d, 0xef, 0x9d, 0xef, 0x9d, 0xef, 0x9d, 0xef, 0x9d, 0xef, 0x9d, 0xef, 0x9d, 0xef, 0x9d, 0xef, 0x9d, 0xef, 0x9d, 0xef, 0x9d, 0xef, 0x9d, 0xef, 0x9d, 0xef, 0x9d, 0xef, 0x9d, 0xef, 0x9d, 0xef, 0x9d, 0xef, 0x9d, 0xef, 0x9d, 0xef, 0x9d, 0xef, 0x9d, 0xef, 0x9d, 0xef, 0x9d, 0xef, 0x9d, 0xef, 0x9d, 0xef, 0x9d, 0xef, 0x9d, 0xef, 0x9d, 0xef, 0x9d, 0xef, 0x9d, 0xef, 0x9d, 0xef, 0x9d, 0xef, 0x9d, 0xef, 0x9d, 0xef, 0x9d, 0xef, 0x9d, 0xef, 0x9d, 0xef, 0x9d, 0xef, 0x9d, 0xef, 0x9d, 0xef, 0x9d, 0xef, 0x9d, 0xef, 0x9d, 0xef, 0x9d, 0xef, 0x9d, 0xef, 0x9d, 0xef, 0x9d, 0xef, 0x9d, 0xef, 0x9d, 0xef, 0x9d, 0xef, 0x9d, 0xef, 0x9d, 0xef, 0x9d, 0xef, 0x9d, 0xef, 0x9d, 0xef, 0x9d, 0xef, 0x9d, 0xef, 0x9d, 0xef, 0x9d, 0xef, 0x9d, 0xef, 0x9d, 0xef, 0x9e, 0xef, 0x9d, 0xef, 0xdc, 0xe7, 0x9b, 0xdf, 
  0x7d, 0xef, 0x9d, 0xef, 0x9d, 0xef, 0x7d, 0xef, 0x9e, 0xf7, 0x9e, 0xf7, 0x9d, 0xef, 0x9d, 0xef, 0x9d, 0xef, 0x9d, 0xef, 0xbd, 0xef, 0xbd, 0xef, 0x9d, 0xef, 0x9d, 0xef, 0x7d, 0xef, 0x7d, 0xef, 0x9d, 0xef, 0x9d, 0xef, 0x9d, 0xef, 0x9d, 0xef, 0x9d, 0xef, 0x9d, 0xef, 0x9d, 0xef, 0x9d, 0xef, 0x9d, 0xef, 0x9d, 0xef, 0x9d, 0xef, 0x9d, 0xef, 0x9d, 0xef, 0x9d, 0xef, 0x9d, 0xef, 0x9d, 0xef, 0x9d, 0xef, 0x9d, 0xef, 0x9d, 0xef, 0x9d, 0xef, 0x9d, 0xef, 0x9d, 0xef, 0x9d, 0xef, 0x9d, 0xef, 0x9d, 0xef, 0x9d, 0xef, 0x9d, 0xef, 0x9d, 0xef, 0x9d, 0xef, 0x9d, 0xef, 0x9d, 0xef, 0x9d, 0xef, 0x9d, 0xef, 0x9d, 0xef, 0x9d, 0xef, 0x9d, 0xef, 0x9d, 0xef, 0x9d, 0xef, 0x9d, 0xef, 0x9d, 0xef, 0x9d, 0xef, 0x9d, 0xef, 0x9d, 0xef, 0x9d, 0xef, 0x9d, 0xef, 0x9d, 0xef, 0x9d, 0xef, 0x7d, 0xef, 0x9d, 0xef, 0x9d, 0xef, 0x9d, 0xef, 0x9d, 0xef, 0x9d, 0xef, 0x9d, 0xef, 0x9d, 0xef, 0x9d, 0xef, 0x9d, 0xef, 0x9d, 0xef, 0x9d, 0xef, 0x9d, 0xef, 0x9d, 0xef, 0x9d, 0xef, 0x9d, 0xef, 0x9d, 0xef, 0x9e, 0xf7, 0x9d, 0xef, 0xdc, 0xe7, 0xbb, 0xdf, 
  0x9d, 0xef, 0xbd, 0xef, 0x9d, 0xef, 0x7d, 0xef, 0x9d, 0xef, 0x9e, 0xf7, 0x9d, 0xef, 0x9d, 0xef, 0x9d, 0xef, 0x9d, 0xef, 0x9d, 0xef, 0x9d, 0xef, 0x9d, 0xef, 0x9d, 0xef, 0x9d, 0xef, 0x9d, 0xef, 0x9d, 0xef, 0x9d, 0xef, 0x9d, 0xef, 0x9d, 0xef, 0x9d, 0xef, 0x9d, 0xef, 0x9d, 0xef, 0x9d, 0xef, 0x9d, 0xef, 0x9d, 0xef, 0x9d, 0xef, 0x9d, 0xef, 0x9d, 0xef, 0x9d, 0xef, 0x9d, 0xef, 0x9d, 0xef, 0x9d, 0xef, 0x9d, 0xef, 0x9d, 0xef, 0x9d, 0xef, 0x9d, 0xef, 0x9d, 0xef, 0x9d, 0xef, 0x9d, 0xef, 0x9d, 0xef, 0x9d, 0xef, 0x9d, 0xef, 0x9d, 0xef, 0x9d, 0xef, 0x9d, 0xef, 0x9d, 0xef, 0x9d, 0xef, 0x9d, 0xef, 0x9d, 0xef, 0x9d, 0xef, 0x9d, 0xef, 0x9d, 0xef, 0x9d, 0xef, 0x9d, 0xef, 0x9d, 0xef, 0x9d, 0xef, 0x9d, 0xef, 0x9d, 0xef, 0x9d, 0xef, 0x9d, 0xef, 0x9d, 0xef, 0x9d, 0xef, 0x9d, 0xef, 0x9d, 0xef, 0x9d, 0xef, 0x9d, 0xef, 0x9d, 0xef, 0x9d, 0xef, 0x9d, 0xef, 0x9d, 0xef, 0x9d, 0xef, 0x9d, 0xef, 0x9d, 0xef, 0x9d, 0xef, 0x9d, 0xef, 0x9d, 0xef, 0x9d, 0xef, 0x9d, 0xef, 0x9d, 0xef, 0x7d, 0xef, 0x9d, 0xef, 0xbc, 0xe7, 0xbb, 0xdf, 
  0x9d, 0xef, 0xbd, 0xef, 0x9d, 0xef, 0x7d, 0xef, 0x9d, 0xef, 0x9d, 0xef, 0x9d, 0xef, 0x9d, 0xef, 0x9d, 0xef, 0x9d, 0xef, 0x9d, 0xef, 0x9d, 0xef, 0x9d, 0xef, 0x9d, 0xef, 0x9d, 0xef, 0x9d, 0xef, 0x9d, 0xef, 0x9d, 0xef, 0x9d, 0xef, 0x9d, 0xef, 0x9d, 0xef, 0x9d, 0xef, 0x9d, 0xef, 0x9d, 0xef, 0x9d, 0xef, 0x9d, 0xef, 0x9d, 0xef, 0x9d, 0xef, 0x9d, 0xef, 0x9d, 0xef, 0x9d, 0xef, 0x9d, 0xef, 0x9d, 0xef, 0x9d, 0xef, 0x9d, 0xef, 0x9d, 0xef, 0x9d, 0xef, 0x9d, 0xef, 0x9d, 0xef, 0x9d, 0xef, 0x9d, 0xef, 0x9d, 0xef, 0x9d, 0xef, 0x9d, 0xef, 0x9d, 0xef, 0x9d, 0xef, 0x9d, 0xef, 0x9d, 0xef, 0x9d, 0xef, 0x9d, 0xef, 0x9d, 0xef, 0x9d, 0xef, 0x9d, 0xef, 0x9d, 0xef, 0x9d, 0xef, 0x9d, 0xef, 0x9d, 0xef, 0x9d, 0xef, 0x9d, 0xef, 0x9d, 0xef, 0x9d, 0xef, 0x9d, 0xef, 0x9d, 0xef, 0x9d, 0xef, 0x9d, 0xef, 0x9d, 0xef, 0x9d, 0xef, 0x9d, 0xef, 0x9d, 0xef, 0x9d, 0xef, 0x9d, 0xef, 0x9d, 0xef, 0x9d, 0xef, 0x9d, 0xef, 0x9d, 0xef, 0x9d, 0xef, 0x9d, 0xef, 0x9d, 0xef, 0x9d, 0xef, 0x9d, 0xef, 0x7d, 0xef, 0x9d, 0xef, 0xbc, 0xe7, 0xba, 0xdf, 
  0x9c, 0xe7, 0xbd, 0xef, 0xbd, 0xef, 0x9d, 0xef, 0x9d, 0xef, 0x9d, 0xef, 0x7d, 0xef, 0x9d, 0xef, 0x9d, 0xef, 0x9d, 0xef, 0x9d, 0xef, 0x9d, 0xef, 0x9d, 0xef, 0x9d, 0xef, 0x9d, 0xef, 0x9d, 0xef, 0x9d, 0xef, 0x9d, 0xef, 0x9d, 0xef, 0x9d, 0xef, 0x9d, 0xef, 0x9d, 0xef, 0x9d, 0xef, 0x9d, 0xef, 0x9d, 0xef, 0x9d, 0xef, 0x9d, 0xef, 0x9d, 0xef, 0x9d, 0xef, 0x9d, 0xef, 0x9d, 0xef, 0x9d, 0xef, 0x9d, 0xef, 0x9d, 0xef, 0x9d, 0xef, 0x9d, 0xef, 0x9d, 0xef, 0x9d, 0xef, 0x9d, 0xef, 0x9d, 0xef, 0x9d, 0xef, 0x9d, 0xef, 0x9d, 0xef, 0x9d, 0xef, 0x9d, 0xef, 0x9d, 0xef, 0x9d, 0xef, 0x9d, 0xef, 0x9d, 0xef, 0x9d, 0xef, 0x9d, 0xef, 0x9d, 0xef, 0x9d, 0xef, 0x9d, 0xef, 0x9d, 0xef, 0x9d, 0xef, 0x9d, 0xef, 0x9d, 0xef, 0x9d, 0xef, 0x9d, 0xef, 0x9d, 0xef, 0x9d, 0xef, 0x9d, 0xef, 0x9d, 0xef, 0x9d, 0xef, 0x9d, 0xef, 0x9d, 0xef, 0x9d, 0xef, 0x9d, 0xef, 0x9d, 0xef, 0x9d, 0xef, 0x9d, 0xef, 0x9d, 0xef, 0x9d, 0xef, 0x9d, 0xef, 0x9d, 0xef, 0x9d, 0xef, 0x9d, 0xef, 0x9d, 0xef, 0x9d, 0xef, 0x9d, 0xef, 0x9d, 0xe7, 0xbb, 0xdf, 0xba, 0xd7, 
  0x9b, 0xdf, 0xdc, 0xe7, 0xbc, 0xe7, 0x9c, 0xef, 0x9d, 0xef, 0x9d, 0xef, 0x7d, 0xef, 0x9d, 0xef, 0x9d, 0xef, 0x9d, 0xef, 0x9d, 0xef, 0x9d, 0xef, 0x9d, 0xef, 0x9d, 0xef, 0x9d, 0xef, 0x9d, 0xef, 0x9d, 0xef, 0x9d, 0xef, 0x9d, 0xef, 0x9d, 0xef, 0x9d, 0xef, 0x9d, 0xef, 0x9d, 0xef, 0x9d, 0xef, 0x9d, 0xef, 0x9d, 0xef, 0x9d, 0xef, 0x9d, 0xef, 0x9d, 0xef, 0x9d, 0xef, 0x9d, 0xef, 0x9d, 0xef, 0x9d, 0xef, 0x9d, 0xef, 0x9d, 0xef, 0x9d, 0xef, 0x9d, 0xef, 0x9d, 0xef, 0x9d, 0xef, 0x9d, 0xef, 0x9d, 0xef, 0x9d, 0xef, 0x9d, 0xef, 0x9d, 0xef, 0x9d, 0xef, 0x9d, 0xef, 0x9d, 0xef, 0x9d, 0xef, 0x9d, 0xef, 0x9d, 0xef, 0x9d, 0xef, 0x9d, 0xef, 0x9d, 0xef, 0x9d, 0xef, 0x9d, 0xef, 0x9d, 0xef, 0x9d, 0xef, 0x9d, 0xef, 0x9d, 0xef, 0x9d, 0xef, 0x9d, 0xef, 0x9d, 0xef, 0x9d, 0xef, 0x9d, 0xef, 0x9d, 0xef, 0x9d, 0xef, 0x9d, 0xef, 0x9d, 0xef, 0x9d, 0xef, 0x9d, 0xef, 0x9d, 0xef, 0x9d, 0xef, 0x9d, 0xef, 0x9d, 0xef, 0x9d, 0xef, 0x9d, 0xef, 0x9d, 0xef, 0x9d, 0xef, 0x9d, 0xef, 0x9d, 0xef, 0x9d, 0xef, 0xbc, 0xe7, 0xbb, 0xdf, 0xb9, 0xd7, 
  0xbb, 0xdf, 0xdc, 0xe7, 0xdc, 0xe7, 0xbc, 0xe7, 0xbd, 0xef, 0x9d, 0xef, 0x7d, 0xef, 0x7d, 0xef, 0x7d, 0xef, 0x9d, 0xef, 0x9d, 0xef, 0x9d, 0xef, 0x9d, 0xef, 0x9d, 0xef, 0x9d, 0xef, 0x9d, 0xef, 0x9d, 0xef, 0x9d, 0xef, 0x9d, 0xef, 0x9d, 0xef, 0x9d, 0xef, 0x9d, 0xef, 0x9d, 0xef, 0x9d, 0xef, 0x9d, 0xef, 0x9d, 0xef, 0x9d, 0xef, 0x9d, 0xef, 0x9d, 0xef, 0x9d, 0xef, 0x9d, 0xef, 0x9d, 0xef, 0x9d, 0xef, 0x9d, 0xef, 0x9d, 0xef, 0x9d, 0xef, 0x9d, 0xef, 0x9d, 0xef, 0x9d, 0xef, 0x9d, 0xef, 0x9d, 0xef, 0x9d, 0xef, 0x9d, 0xef, 0x9d, 0xef, 0x9d, 0xef, 0x9d, 0xef, 0x9d, 0xef, 0x9d, 0xef, 0x9d, 0xef, 0x9d, 0xef, 0x9d, 0xef, 0x9d, 0xef, 0x9d, 0xef, 0x9d, 0xef, 0x9d, 0xef, 0x9d, 0xef, 0x9d, 0xef, 0x9d, 0xef, 0x9d, 0xef, 0x9d, 0xef, 0x9d, 0xef, 0x9d, 0xef, 0x9d, 0xef, 0x9d, 0xef, 0x9d, 0xef, 0x9d, 0xef, 0x9d, 0xef, 0x9d, 0xef, 0x9d, 0xef, 0x9d, 0xef, 0x9d, 0xef, 0x9d, 0xef, 0x9d, 0xef, 0x9d, 0xef, 0x9d, 0xef, 0x9d, 0xef, 0x9d, 0xef, 0x9d, 0xef, 0x9d, 0xef, 0x9d, 0xef, 0xbd, 0xef, 0xbc, 0xe7, 0xda, 0xd7, 0xd9, 0xcf, 
  0xba, 0xd7, 0xdb, 0xdf, 0xdc, 0xe7, 0xbc, 0xe7, 0xbd, 0xef, 0x9d, 0xef, 0x7d, 0xef, 0x9e, 0xf7, 0x7d, 0xef, 0x7d, 0xef, 0x9d, 0xef, 0x9d, 0xef, 0x9d, 0xef, 0x9d, 0xef, 0x9d, 0xef, 0x9d, 0xef, 0x9d, 0xef, 0x9d, 0xef, 0x9d, 0xef, 0x9d, 0xef, 0x9d, 0xef, 0x9d, 0xef, 0x9d, 0xef, 0x9d, 0xef, 0x9d, 0xef, 0x9d, 0xef, 0x9d, 0xef, 0x9d, 0xef, 0x9d, 0xef, 0x9d, 0xef, 0x9d, 0xef, 0x9d, 0xef, 0x9d, 0xef, 0x9d, 0xef, 0x9d, 0xef, 0x9d, 0xef, 0x9d, 0xef, 0x9d, 0xef, 0x9d, 0xef, 0x9d, 0xef, 0x9d, 0xef, 0x9d, 0xef, 0x9d, 0xef, 0x9d, 0xef, 0x9d, 0xef, 0x9d, 0xef, 0x9d, 0xef, 0x9d, 0xef, 0x9d, 0xef, 0x9d, 0xef, 0x9d, 0xef, 0x9d, 0xef, 0x9d, 0xef, 0x9d, 0xef, 0x9d, 0xef, 0x9d, 0xef, 0x9d, 0xef, 0x9d, 0xef, 0x9d, 0xef, 0x9d, 0xef, 0x9d, 0xef, 0x9d, 0xef, 0x9d, 0xef, 0x9d, 0xef, 0x9d, 0xef, 0x9d, 0xef, 0x9d, 0xef, 0x9d, 0xef, 0x9d, 0xef, 0x9d, 0xef, 0x9d, 0xef, 0x9d, 0xef, 0x9d, 0xef, 0x9d, 0xef, 0x9d, 0xef, 0x9d, 0xef, 0x9d, 0xef, 0x9d, 0xef, 0x9d, 0xef, 0x9d, 0xef, 0xbc, 0xe7, 0xdb, 0xdf, 0xda, 0xd7, 0xd9, 0xcf, 
  0xb9, 0xcf, 0xda, 0xdf, 0xdb, 0xdf, 0xdc, 0xe7, 0xbd, 0xef, 0x9d, 0xef, 0x7d, 0xef, 0x9e, 0xf7, 0x7d, 0xef, 0x7d, 0xef, 0x9d, 0xef, 0x9d, 0xef, 0x9d, 0xef, 0x9d, 0xef, 0x9d, 0xef, 0x9d, 0xef, 0x9d, 0xef, 0x9d, 0xef, 0x9d, 0xef, 0x9d, 0xef, 0x9d, 0xef, 0x9d, 0xef, 0x9d, 0xef, 0x9d, 0xef, 0x9d, 0xef, 0x9d, 0xef, 0x9d, 0xef, 0x9d, 0xef, 0x9d, 0xef, 0x9d, 0xef, 0x9d, 0xef, 0x9d, 0xef, 0x9d, 0xef, 0x9d, 0xef, 0x9d, 0xef, 0x9d, 0xef, 0x9d, 0xef, 0x9d, 0xef, 0x9d, 0xef, 0x9d, 0xef, 0x9d, 0xef, 0x9d, 0xef, 0x9d, 0xef, 0x9d, 0xef, 0x9d, 0xef, 0x9d, 0xef, 0x9d, 0xef, 0x9d, 0xef, 0x9d, 0xef, 0x9d, 0xef, 0x9d, 0xef, 0x9d, 0xef, 0x9d, 0xef, 0x9d, 0xef, 0x9d, 0xef, 0x9d, 0xef, 0x9d, 0xef, 0x9d, 0xef, 0x9d, 0xef, 0x9d, 0xef, 0x9d, 0xef, 0x9d, 0xef, 0x9d, 0xef, 0x9d, 0xef, 0x9d, 0xef, 0x9d, 0xef, 0x9d, 0xef, 0x9d, 0xef, 0x9d, 0xef, 0x9d, 0xef, 0x9d, 0xef, 0x9d, 0xef, 0x9d, 0xef, 0x9d, 0xef, 0x9d, 0xef, 0x9d, 0xef, 0x9d, 0xef, 0x9d, 0xef, 0x9d, 0xef, 0x9d, 0xef, 0xbc, 0xe7, 0xdb, 0xdf, 0xd9, 0xcf, 0xd8, 0xcf, 
  0xb9, 0xcf, 0xfa, 0xd7, 0xfb, 0xdf, 0xdb, 0xe7, 0xbc, 0xe7, 0xbd, 0xef, 0x9d, 0xef, 0x9e, 0xf7, 0x7d, 0xef, 0x7d, 0xef, 0x7d, 0xef, 0x9d, 0xef, 0x9d, 0xef, 0x9d, 0xef, 0x9d, 0xef, 0x9d, 0xef, 0x9d, 0xef, 0x9d, 0xef, 0x9d, 0xef, 0x9d, 0xef, 0x9d, 0xef, 0x9d, 0xef, 0x9d, 0xef, 0x9d, 0xef, 0x9d, 0xef, 0x9d, 0xef, 0x9d, 0xef, 0x9d, 0xef, 0x9d, 0xef, 0x9d, 0xef, 0x9d, 0xef, 0x9d, 0xef, 0x9d, 0xef, 0x9d, 0xef, 0x9d, 0xef, 0x9d, 0xef, 0x9d, 0xef, 0x9d, 0xef, 0x9d, 0xef, 0x9d, 0xef, 0x9d, 0xef, 0x9d, 0xef, 0x9d, 0xef, 0x9d, 0xef, 0x9d, 0xef, 0x9d, 0xef, 0x9d, 0xef, 0x9d, 0xef, 0x9d, 0xef, 0x9d, 0xef, 0x9d, 0xef, 0x9d, 0xef, 0x9d, 0xef, 0x9d, 0xef, 0x9d, 0xef, 0x9d, 0xef, 0x9d, 0xef, 0x9d, 0xef, 0x9d, 0xef, 0x9d, 0xef, 0x9d, 0xef, 0x9d, 0xef, 0x9d, 0xef, 0x9d, 0xef, 0x9d, 0xef, 0x9d, 0xef, 0x9d, 0xef, 0x9d, 0xef, 0x9d, 0xef, 0x9d, 0xef, 0x9d, 0xef, 0x9d, 0xef, 0x9d, 0xef, 0x9d, 0xef, 0x9d, 0xef, 0x9d, 0xef, 0x9d, 0xef, 0x9d, 0xef, 0x9d, 0xef, 0xbc, 0xe7, 0xdb, 0xdf, 0xda, 0xd7, 0xd8, 0xcf, 0xf8, 0xc7, 
  0xf9, 0xcf, 0xd9, 0xcf, 0xda, 0xd7, 0xdb, 0xdf, 0xdc, 0xe7, 0xbd, 0xef, 0x9d, 0xef, 0x7d, 0xef, 0x9e, 0xf7, 0x7d, 0xf7, 0x7d, 0xef, 0x7d, 0xef, 0x9d, 0xef, 0x9d, 0xef, 0x9d, 0xef, 0x9e, 0xef, 0x9e, 0xef, 0x9e, 0xef, 0x9e, 0xef, 0x9e, 0xef, 0x9d, 0xef, 0x9d, 0xef, 0x9d, 0xef, 0x9d, 0xef, 0x9d, 0xef, 0x7d, 0xef, 0x9e, 0xef, 0x9e, 0xef, 0x9e, 0xef, 0x9e, 0xef, 0x9d, 0xef, 0x9d, 0xef, 0x9d, 0xef, 0x9d, 0xef, 0x9e, 0xef, 0x9e, 0xef, 0x9d, 0xef, 0x9c, 0xef, 0x9d, 0xef, 0x7d, 0xef, 0x7e, 0xef, 0x7e, 0xef, 0x7e, 0xf7, 0x7e, 0xf7, 0x7e, 0xef, 0x9d, 0xef, 0xbc, 0xe7, 0xbc, 0xe7, 0xbd, 0xef, 0x9e, 0xef, 0x9d, 0xef, 0x9c, 0xef, 0x9c, 0xef, 0x9c, 0xef, 0x9d, 0xef, 0x9d, 0xf7, 0x9e, 0xf7, 0x9d, 0xf7, 0x9d, 0xf7, 0x9d, 0xf7, 0x9d, 0xf7, 0x9d, 0xf7, 0x9e, 0xf7, 0x9e, 0xef, 0x9e, 0xef, 0x9e, 0xef, 0x9d, 0xef, 0x9d, 0xef, 0x9d, 0xef, 0x9d, 0xef, 0x9d, 0xf7, 0x9d, 0xf7, 0x9d, 0xf7, 0x9d, 0xef, 0x9d, 0xef, 0x9d, 0xef, 0xbd, 0xef, 0xbd, 0xef, 0xbc, 0xef, 0xdc, 0xe7, 0xfa, 0xd7, 0xf9, 0xcf, 0xf8, 0xc7, 0xf8, 0xc7, 
  0xf8, 0xcf, 0xd8, 0xcf, 0xd9, 0xcf, 0xda, 0xd7, 0xdc, 0xdf, 0xdd, 0xe7, 0xbd, 0xef, 0x9d, 0xef, 0x9d, 0xef, 0x7d, 0xef, 0x7d, 0xef, 0x7d, 0xef, 0x9d, 0xef, 0x9d, 0xef, 0x9e, 0xef, 0x9e, 0xef, 0x9e, 0xef, 0x9e, 0xef, 0x9e, 0xef, 0x9d, 0xef, 0x9d, 0xef, 0x9d, 0xef, 0x9d, 0xef, 0x9d, 0xef, 0x9d, 0xef, 0x7d, 0xef, 0x9e, 0xef, 0x9e, 0xef, 0x9e, 0xef, 0x9d, 0xef, 0x9d, 0xef, 0x9d, 0xef, 0x9d, 0xef, 0x9d, 0xef, 0x7d, 0xef, 0x9d, 0xef, 0x9d, 0xef, 0xbd, 0xef, 0xbd, 0xef, 0x9e, 0xef, 0x9e, 0xef, 0x7e, 0xef, 0x7d, 0xf7, 0x7d, 0xf7, 0x7e, 0xef, 0x9e, 0xef, 0x9d, 0xef, 0xbd, 0xe7, 0x9d, 0xef, 0x9d, 0xef, 0x9d, 0xef, 0x9c, 0xef, 0xbc, 0xef, 0xbc, 0xef, 0x9d, 0xef, 0x9d, 0xef, 0x7d, 0xf7, 0x7d, 0xf7, 0x7d, 0xf7, 0x7d, 0xf7, 0x7d, 0xf7, 0x7d, 0xef, 0x7d, 0xef, 0x9e, 0xef, 0x9d, 0xef, 0x9d, 0xef, 0x9d, 0xef, 0x9d, 0xef, 0x9d, 0xef, 0x9d, 0xef, 0x9d, 0xef, 0x7d, 0xef, 0x7d, 0xef, 0x7d, 0xef, 0x9d, 0xef, 0x9d, 0xef, 0xbd, 0xe7, 0xbc, 0xe7, 0xbc, 0xe7, 0xdb, 0xdf, 0xf9, 0xcf, 0xf8, 0xc7, 0xf8, 0xc7, 0xf8, 0xc7, 
  0xf8, 0xc7, 0xf8, 0xc7, 0xd9, 0xcf, 0xda, 0xd7, 0xdb, 0xdf, 0xdc, 0xdf, 0xbc, 0xe7, 0xbd, 0xe7, 0x9d, 0xef, 0x7d, 0xef, 0x7d, 0xef, 0x7d, 0xef, 0x9d, 0xef, 0x9d, 0xef, 0x9d, 0xef, 0x9d, 0xef, 0x9d, 0xef, 0x9d, 0xef, 0x9d, 0xef, 0x9d, 0xef, 0x9d, 0xef, 0x9d, 0xef, 0x9d, 0xef, 0x9d, 0xef, 0x9d, 0xef, 0x9d, 0xef, 0x9d, 0xef, 0x9d, 0xef, 0x9d, 0xef, 0x9d, 0xef, 0x9d, 0xef, 0x9d, 0xef, 0x9d, 0xef, 0x9d, 0xef, 0x9d, 0xef, 0x9c, 0xef, 0x9c, 0xef, 0x9c, 0xe7, 0x7d, 0xe7, 0x7d, 0xe7, 0x9d, 0xef, 0x9c, 0xef, 0x9c, 0xef, 0x9d, 0xef, 0x7e, 0xef, 0x7f, 0xef, 0x9e, 0xef, 0x9e, 0xef, 0x9e, 0xef, 0x9d, 0xef, 0xbd, 0xef, 0xbd, 0xef, 0xbd, 0xef, 0x9d, 0xef, 0x9d, 0xef, 0x9d, 0xef, 0x9e, 0xef, 0x9e, 0xef, 0x9d, 0xef, 0x9d, 0xef, 0x9d, 0xef, 0x9d, 0xef, 0x9e, 0xef, 0x9e, 0xef, 0x9d, 0xef, 0x9d, 0xef, 0x9d, 0xef, 0x9d, 0xef, 0x9d, 0xef, 0x9d, 0xef, 0x9d, 0xef, 0x9d, 0xef, 0x9d, 0xef, 0x9d, 0xef, 0x9d, 0xe7, 0xbd, 0xe7, 0xbd, 0xe7, 0xbc, 0xdf, 0xbb, 0xdf, 0xda, 0xd7, 0xf9, 0xcf, 0xf8, 0xc7, 0xf8, 0xc7, 0xf8, 0xc7, 
  0xf8, 0xc7, 0xf8, 0xc7, 0xf8, 0xc7, 0xf9, 0xcf, 0xfa, 0xd7, 0xdb, 0xdf, 0xdc, 0xdf, 0xbc, 0xe7, 0xbd, 0xe7, 0x9d, 0xef, 0x9d, 0xef, 0x9d, 0xef, 0x9d, 0xef, 0x9d, 0xef, 0x9d, 0xef, 0x9d, 0xef, 0x9d, 0xef, 0x9d, 0xef, 0x9d, 0xef, 0x9d, 0xef, 0x9d, 0xef, 0x9d, 0xef, 0x9d, 0xef, 0x9d, 0xef, 0x9d, 0xef, 0x9d, 0xef, 0x9d, 0xef, 0x9d, 0xef, 0x9d, 0xef, 0x9d, 0xef, 0x9d, 0xef, 0x9d, 0xef, 0x7c, 0xef, 0x9d, 0xef, 0x9d, 0xef, 0x9d, 0xef, 0x9d, 0xef, 0x9e, 0xef, 0x9e, 0xef, 0x9e, 0xf7, 0x9c, 0xef, 0x9b, 0xef, 0xbb, 0xef, 0x9c, 0xef, 0x7e, 0xef, 0x7f, 0xef, 0x7e, 0xef, 0x7e, 0xef, 0x9e, 0xef, 0x9d, 0xef, 0xbd, 0xef, 0x9d, 0xef, 0xbd, 0xe7, 0x9d, 0xe7, 0x9d, 0xe7, 0x9d, 0xe7, 0x9e, 0xef, 0x9e, 0xef, 0x9d, 0xef, 0x9d, 0xef, 0x9d, 0xef, 0x9d, 0xef, 0x9d, 0xef, 0x9d, 0xef, 0x9d, 0xef, 0x9d, 0xef, 0x9d, 0xef, 0x9d, 0xef, 0x9d, 0xef, 0x9d, 0xef, 0x9d, 0xef, 0xbd, 0xef, 0xbd, 0xef, 0xbd, 0xe7, 0xbd, 0xe7, 0xdc, 0xdf, 0xdc, 0xdf, 0xdb, 0xdf, 0xdb, 0xd7, 0xda, 0xcf, 0xf8, 0xc7, 0xf8, 0xc7, 0xf8, 0xc7, 0xf8, 0xc7, 
  0xf8, 0xc7, 0xf8, 0xc7, 0xf8, 0xc7, 0xf8, 0xc7, 0xf9, 0xcf, 0xfa, 0xd7, 0xda, 0xd7, 0xdb, 0xdf, 0xdc, 0xe7, 0xbd, 0xe7, 0xbd, 0xe7, 0xbd, 0xef, 0xbd, 0xef, 0x9d, 0xef, 0x9d, 0xef, 0x9d, 0xef, 0x9d, 0xef, 0x9d, 0xef, 0x9d, 0xef, 0x9d, 0xef, 0x7e, 0xef, 0x7e, 0xef, 0x7e, 0xef, 0x7d, 0xef, 0x7d, 0xef, 0x7d, 0xef, 0x7d, 0xef, 0x7d, 0xef, 0x9d, 0xef, 0x9d, 0xef, 0x9d, 0xef, 0x9d, 0xef, 0x7d, 0xef, 0x7e, 0xef, 0x9d, 0xef, 0x9e, 0xef, 0x7e, 0xef, 0x7f, 0xef, 0x5f, 0xef, 0x5f, 0xf7, 0x9d, 0xf7, 0xbc, 0xef, 0xbc, 0xef, 0xbc, 0xef, 0x9e, 0xef, 0x7f, 0xf7, 0x7e, 0xf7, 0x7d, 0xff, 0x7c, 0xf7, 0x7c, 0xef, 0x9d, 0xef, 0x9d, 0xef, 0x9d, 0xef, 0x9d, 0xef, 0x9d, 0xef, 0xbd, 0xef, 0x9d, 0xef, 0x9d, 0xef, 0x9e, 0xef, 0x7e, 0xef, 0x9e, 0xef, 0x9d, 0xef, 0x9d, 0xef, 0x9d, 0xef, 0x9d, 0xef, 0x9d, 0xef, 0x9d, 0xef, 0x9d, 0xef, 0xbd, 0xef, 0xbd, 0xef, 0xbd, 0xe7, 0xbd, 0xe7, 0xdd, 0xe7, 0xdd, 0xe7, 0xdc, 0xdf, 0xdb, 0xdf, 0xda, 0xd7, 0xfa, 0xcf, 0xf9, 0xcf, 0xf8, 0xcf, 0xf8, 0xc7, 0xf8, 0xc7, 0xf8, 0xc7, 0xf8, 0xc7, 
  0xf8, 0xc7, 0xf8, 0xc7, 0xf8, 0xc7, 0xf8, 0xc7, 0xf8, 0xc7, 0xf9, 0xcf, 0xd9, 0xcf, 0xda, 0xd7, 0xdb, 0xd7, 0xdc, 0xdf, 0xbc, 0xdf, 0xdd, 0xe7, 0xdd, 0xe7, 0xdc, 0xe7, 0xdc, 0xef, 0xbc, 0xef, 0xbc, 0xef, 0xbc, 0xef, 0xbd, 0xef, 0xbd, 0xef, 0x9e, 0xef, 0x9e, 0xef, 0x9e, 0xef, 0x9e, 0xef, 0x9d, 0xef, 0x9d, 0xef, 0x9d, 0xef, 0x9d, 0xef, 0xbd, 0xef, 0xbd, 0xef, 0xbd, 0xef, 0xbd, 0xef, 0x9e, 0xef, 0xbe, 0xef, 0xbd, 0xef, 0xbd, 0xef, 0x9d, 0xef, 0x7d, 0xf7, 0x5e, 0xf7, 0x7d, 0xf7, 0x7b, 0xf7, 0x9a, 0xf7, 0xba, 0xef, 0x9b, 0xef, 0x7c, 0xef, 0x7c, 0xf7, 0x7b, 0xff, 0x7a, 0xff, 0x9b, 0xff, 0x9c, 0xf7, 0x9c, 0xf7, 0x9d, 0xef, 0xbd, 0xef, 0xbd, 0xef, 0xbd, 0xef, 0xbd, 0xef, 0xbd, 0xef, 0xbd, 0xef, 0x9d, 0xef, 0x9e, 0xef, 0x9e, 0xef, 0xbd, 0xef, 0xbd, 0xef, 0xbd, 0xef, 0xbd, 0xef, 0xbd, 0xe7, 0xbd, 0xe7, 0xbd, 0xe7, 0xdd, 0xe7, 0xdd, 0xe7, 0xdd, 0xe7, 0xdd, 0xe7, 0xdc, 0xdf, 0xdc, 0xdf, 0xdb, 0xd7, 0xda, 0xcf, 0xf9, 0xcf, 0xf8, 0xcf, 0xf7, 0xc7, 0xf7, 0xc7, 0xf8, 0xc7, 0xf8, 0xc7, 0xf8, 0xc7, 0xf8, 0xc7, 
  0xf8, 0xc7, 0xf8, 0xc7, 0xf8, 0xc7, 0xf8, 0xc7, 0xf8, 0xc7, 0xf8, 0xc7, 0xf9, 0xcf, 0xf9, 0xcf, 0xda, 0xcf, 0xdb, 0xd7, 0xdb, 0xd7, 0xdc, 0xdf, 0xdb, 0xdf, 0xdb, 0xe7, 0xdb, 0xe7, 0xdb, 0xe7, 0xdb, 0xe7, 0xdb, 0xe7, 0xdc, 0xe7, 0xbc, 0xe7, 0xbd, 0xe7, 0xbd, 0xe7, 0xbd, 0xe7, 0xbd, 0xe7, 0xbd, 0xe7, 0xbd, 0xe7, 0xbc, 0xe7, 0xbc, 0xe7, 0xbc, 0xe7, 0xbd, 0xe7, 0xbd, 0xe7, 0xdd, 0xe7, 0xdc, 0xdf, 0xdc, 0xe7, 0xfa, 0xe7, 0xd9, 0xef, 0xb9, 0xf7, 0xb9, 0xff, 0xba, 0xff, 0xda, 0xff, 0xd8, 0xff, 0xd8, 0xff, 0xd9, 0xff, 0xd9, 0xff, 0xba, 0xff, 0xba, 0xff, 0xb8, 0xff, 0xb8, 0xff, 0x99, 0xf7, 0xbb, 0xf7, 0xbb, 0xef, 0xbc, 0xef, 0xbd, 0xef, 0xbc, 0xe7, 0xbc, 0xe7, 0xbc, 0xe7, 0xdc, 0xe7, 0xdc, 0xe7, 0xbd, 0xef, 0xbd, 0xef, 0xbd, 0xef, 0xbc, 0xef, 0xdc, 0xef, 0xdc, 0xe7, 0xdc, 0xe7, 0xdc, 0xe7, 0xdc, 0xe7, 0xdc, 0xe7, 0xdc, 0xdf, 0xdc, 0xdf, 0xdc, 0xdf, 0xdc, 0xdf, 0xdb, 0xd7, 0xdb, 0xd7, 0xda, 0xcf, 0xf9, 0xcf, 0xf8, 0xcf, 0xf7, 0xc7, 0xf7, 0xc7, 0xf7, 0xc7, 0xf7, 0xc7, 0xf8, 0xc7, 0xf8, 0xc7, 0xf8, 0xc7, 
  0xf8, 0xc7, 0xf8, 0xc7, 0xf8, 0xc7, 0xf8, 0xc7, 0xf8, 0xc7, 0xf8, 0xc7, 0xf8, 0xc7, 0xf9, 0xcf, 0xd9, 0xc7, 0xd9, 0xcf, 0xda, 0xcf, 0xda, 0xd7, 0xda, 0xd7, 0xda, 0xd7, 0xda, 0xd7, 0xd9, 0xd7, 0xfa, 0xdf, 0xfa, 0xdf, 0xdb, 0xdf, 0xdb, 0xdf, 0xdc, 0xdf, 0xdc, 0xdf, 0xbc, 0xdf, 0xbc, 0xdf, 0xbb, 0xdf, 0xdb, 0xdf, 0xdb, 0xdf, 0xdb, 0xdf, 0xdb, 0xdf, 0xdb, 0xdf, 0xbc, 0xdf, 0xdb, 0xdf, 0xfb, 0xdf, 0xd9, 0xdf, 0xb6, 0xe7, 0x73, 0xef, 0x31, 0xef, 0xf0, 0xf6, 0xf0, 0xf6, 0xf0, 0xf6, 0x0f, 0xf7, 0x10, 0xf7, 0x10, 0xf7, 0xf1, 0xf6, 0xf2, 0xf6, 0xf1, 0xf6, 0x10, 0xf7, 0x11, 0xef, 0x55, 0xe7, 0x78, 0xdf, 0x99, 0xe7, 0xbb, 0xe7, 0xdb, 0xe7, 0xdb, 0xdf, 0xdb, 0xdf, 0xda, 0xdf, 0xda, 0xdf, 0xdb, 0xdf, 0xdb, 0xdf, 0xbc, 0xdf, 0xbc, 0xdf, 0xdb, 0xdf, 0xda, 0xdf, 0xda, 0xdf, 0xfa, 0xdf, 0xda, 0xdf, 0xda, 0xdf, 0xda, 0xd7, 0xda, 0xd7, 0xda, 0xd7, 0xda, 0xd7, 0xda, 0xd7, 0xda, 0xcf, 0xda, 0xcf, 0xf9, 0xcf, 0xf9, 0xcf, 0xf8, 0xc7, 0xf8, 0xc7, 0xf7, 0xc7, 0xf7, 0xc7, 0xf8, 0xc7, 0xf8, 0xc7, 0xf8, 0xc7, 0xf8, 0xc7, 
  0xf8, 0xc7, 0xf8, 0xc7, 0xf8, 0xc7, 0xf8, 0xc7, 0xf7, 0xc7, 0xf7, 0xc7, 0xf8, 0xc7, 0xf8, 0xc7, 0xf8, 0xc7, 0xf9, 0xc7, 0xd9, 0xc7, 0xd9, 0xc7, 0xd9, 0xcf, 0xf9, 0xcf, 0xf9, 0xcf, 0xd8, 0xcf, 0xf8, 0xcf, 0xd8, 0xcf, 0xf9, 0xcf, 0xf9, 0xcf, 0xd9, 0xcf, 0xd9, 0xcf, 0xda, 0xd7, 0xb9, 0xcf, 0xb9, 0xcf, 0xd9, 0xcf, 0xd9, 0xcf, 0xd9, 0xcf, 0xd9, 0xcf, 0xd9, 0xcf, 0xda, 0xcf, 0xb9, 0xd7, 0xb9, 0xd7, 0xd7, 0xe7, 0x71, 0xef, 0x4a, 0xde, 0x27, 0xe6, 0x25, 0xee, 0x45, 0xf6, 0x24, 0xf6, 0x45, 0xf6, 0x04, 0xee, 0x05, 0xee, 0x26, 0xf6, 0x06, 0xee, 0x26, 0xee, 0x47, 0xee, 0x29, 0xd6, 0xb0, 0xc6, 0x76, 0xcf, 0xd8, 0xd7, 0xb9, 0xd7, 0xb9, 0xcf, 0xfa, 0xcf, 0xfa, 0xd7, 0xd8, 0xcf, 0xf9, 0xcf, 0xd9, 0xcf, 0xd9, 0xcf, 0xda, 0xcf, 0xba, 0xcf, 0xda, 0xcf, 0xf9, 0xd7, 0xd8, 0xcf, 0xd8, 0xcf, 0xf8, 0xcf, 0xf8, 0xcf, 0xd8, 0xcf, 0xf8, 0xcf, 0xf8, 0xcf, 0xd9, 0xcf, 0xf9, 0xcf, 0xd9, 0xcf, 0xd9, 0xcf, 0xf9, 0xc7, 0xf9, 0xc7, 0xf9, 0xc7, 0xf8, 0xc7, 0xf8, 0xc7, 0xf8, 0xc7, 0xf8, 0xc7, 0xf8, 0xc7, 0xf8, 0xc7, 0xf8, 0xc7, 
  0xf8, 0xc7, 0xf8, 0xc7, 0xf8, 0xc7, 0xf8, 0xc7, 0xf7, 0xc7, 0xf7, 0xc7, 0xf8, 0xc7, 0xf8, 0xc7, 0xf8, 0xc7, 0xf8, 0xc7, 0xf8, 0xc7, 0xf8, 0xc7, 0xf9, 0xc7, 0xf8, 0xc7, 0xf8, 0xcf, 0xf8, 0xcf, 0xf8, 0xc7, 0xf8, 0xc7, 0xf8, 0xc7, 0xf8, 0xc7, 0xf8, 0xc7, 0xf8, 0xc7, 0xf8, 0xcf, 0xf8, 0xcf, 0xf8, 0xcf, 0xf8, 0xcf, 0xf8, 0xcf, 0xf8, 0xcf, 0xf8, 0xcf, 0xf8, 0xcf, 0xf9, 0xcf, 0xd8, 0xcf, 0xd8, 0xd7, 0xd5, 0xe7, 0x2e, 0xef, 0x66, 0xee, 0x43, 0xf6, 0x21, 0xfe, 0x41, 0xfe, 0x20, 0xfe, 0x21, 0xfe, 0x21, 0xfe, 0x00, 0xfe, 0x00, 0xfe, 0x21, 0xfe, 0x63, 0xf6, 0x65, 0xee, 0x89, 0xde, 0x92, 0xdf, 0xf6, 0xd7, 0xf8, 0xd7, 0xf8, 0xcf, 0xd8, 0xc7, 0xf8, 0xc7, 0xf8, 0xc7, 0xf8, 0xc7, 0xf8, 0xc7, 0xf8, 0xc7, 0xf8, 0xc7, 0xf9, 0xcf, 0xf9, 0xc7, 0xf9, 0xc7, 0xf9, 0xcf, 0xf8, 0xc7, 0xf8, 0xc7, 0xf8, 0xc7, 0xd7, 0xc7, 0xd7, 0xc7, 0xf8, 0xcf, 0xf8, 0xcf, 0xf8, 0xcf, 0xf8, 0xcf, 0xf8, 0xc7, 0xf9, 0xc7, 0xf9, 0xc7, 0xf9, 0xc7, 0xf9, 0xc7, 0xf9, 0xc7, 0xf8, 0xc7, 0xf8, 0xc7, 0xf8, 0xc7, 0xf8, 0xc7, 0xf8, 0xc7, 0xf8, 0xc7, 
  0xf8, 0xcf, 0xf8, 0xcf, 0xf8, 0xc7, 0xf8, 0xc7, 0xf8, 0xc7, 0xf8, 0xc7, 0xf8, 0xc7, 0xf8, 0xc7, 0xf7, 0xc7, 0xf7, 0xbf, 0xf8, 0xc7, 0xf8, 0xc7, 0xf8, 0xc7, 0xf8, 0xc7, 0xf9, 0xc7, 0xf9, 0xcf, 0xfa, 0xc7, 0xfa, 0xc7, 0xf9, 0xc7, 0xf9, 0xc7, 0xf8, 0xc7, 0xf8, 0xc7, 0xf8, 0xc7, 0xf8, 0xc7, 0xf8, 0xc7, 0xf8, 0xc7, 0xf8, 0xc7, 0xf8, 0xc7, 0xf8, 0xc7, 0xf8, 0xc7, 0xf8, 0xc7, 0xf8, 0xc7, 0xd7, 0xd7, 0xb3, 0xe7, 0xea, 0xe6, 0x85, 0xee, 0x41, 0xfe, 0x40, 0xfe, 0x40, 0xfe, 0x20, 0xfe, 0x01, 0xfe, 0x41, 0xfe, 0x20, 0xfe, 0x20, 0xfe, 0x61, 0xfe, 0x64, 0xf6, 0x89, 0xe6, 0x2e, 0xdf, 0xf4, 0xdf, 0xf6, 0xcf, 0xf6, 0xc7, 0xf7, 0xc7, 0xf8, 0xc7, 0xf8, 0xc7, 0xf7, 0xc7, 0xf8, 0xc7, 0xf7, 0xc7, 0xf7, 0xc7, 0xf8, 0xc7, 0xf8, 0xc7, 0xf8, 0xc7, 0xf8, 0xc7, 0xf9, 0xc7, 0xf9, 0xc7, 0xf9, 0xc7, 0xf9, 0xc7, 0xf9, 0xc7, 0xf9, 0xc7, 0xf8, 0xcf, 0xf8, 0xc7, 0xf8, 0xc7, 0xf8, 0xcf, 0xf8, 0xc7, 0xf8, 0xc7, 0xf8, 0xc7, 0xf8, 0xc7, 0xf9, 0xc7, 0xf8, 0xc7, 0xf8, 0xc7, 0xf8, 0xc7, 0xf8, 0xc7, 0xf8, 0xc7, 0xf8, 0xc7, 0xf8, 0xc7, 
  0xf8, 0xcf, 0xf8, 0xcf, 0xf8, 0xc7, 0xf8, 0xc7, 0xf8, 0xc7, 0xf8, 0xc7, 0xf8, 0xc7, 0xf8, 0xc7, 0xf7, 0xc7, 0xf7, 0xc7, 0xf7, 0xc7, 0xf8, 0xc7, 0xf8, 0xc7, 0xf9, 0xc7, 0xf9, 0xc7, 0xfa, 0xc7, 0xdb, 0xbf, 0xdb, 0xbf, 0xda, 0xbf, 0xfa, 0xbf, 0xf9, 0xc7, 0xf8, 0xc7, 0xf8, 0xc7, 0xf7, 0xc7, 0xf8, 0xc7, 0xf8, 0xc7, 0xf8, 0xc7, 0xf8, 0xc7, 0xf8, 0xc7, 0xf8, 0xc7, 0xf8, 0xc7, 0xf7, 0xc7, 0xf5, 0xd7, 0x90, 0xe7, 0x87, 0xde, 0x83, 0xee, 0x40, 0xfe, 0x40, 0xfe, 0x41, 0xfe, 0x21, 0xfe, 0x21, 0xfe, 0x41, 0xfe, 0x40, 0xfe, 0x40, 0xfe, 0x62, 0xf6, 0x65, 0xe6, 0xec, 0xde, 0xd3, 0xe7, 0xf5, 0xd7, 0xf6, 0xc7, 0xf6, 0xc7, 0xf7, 0xc7, 0xf8, 0xc7, 0xf7, 0xc7, 0xf7, 0xc7, 0xf8, 0xc7, 0xf7, 0xc7, 0xf7, 0xc7, 0xf7, 0xc7, 0xf8, 0xc7, 0xf8, 0xc7, 0xf8, 0xc7, 0xf9, 0xc7, 0xfa, 0xc7, 0xfb, 0xc7, 0xfb, 0xbf, 0xda, 0xbf, 0xfa, 0xc7, 0xfa, 0xc7, 0xf9, 0xc7, 0xf8, 0xc7, 0xf8, 0xc7, 0xf8, 0xc7, 0xf8, 0xc7, 0xf8, 0xc7, 0xf8, 0xc7, 0xf8, 0xc7, 0xf8, 0xc7, 0xf8, 0xc7, 0xf8, 0xc7, 0xf8, 0xc7, 0xf8, 0xc7, 0xf8, 0xc7, 0xf8, 0xc7, 
  0xf7, 0xc7, 0xf8, 0xc7, 0xf8, 0xc7, 0xf8, 0xc7, 0xf9, 0xc7, 0xf8, 0xc7, 0xf8, 0xc7, 0xf8, 0xc7, 0xf7, 0xc7, 0xf7, 0xc7, 0xf7, 0xc7, 0xf8, 0xc7, 0xf9, 0xc7, 0xfa, 0xc7, 0xfa, 0xc7, 0x9b, 0xb7, 0x3b, 0xaf, 0x3c, 0xaf, 0x3b, 0xaf, 0x9a, 0xb7, 0xfa, 0xc7, 0xf9, 0xc7, 0xf8, 0xc7, 0xf8, 0xc7, 0xf8, 0xc7, 0xf8, 0xc7, 0xf8, 0xc7, 0xf9, 0xc7, 0xf8, 0xc7, 0xf8, 0xc7, 0xf8, 0xc7, 0xf7, 0xcf, 0xd4, 0xdf, 0x4d, 0xe7, 0x64, 0xde, 0x82, 0xf6, 0x40, 0xfe, 0x40, 0xfe, 0x21, 0xfe, 0x01, 0xfe, 0x41, 0xfe, 0x41, 0xfe, 0x61, 0xfe, 0x61, 0xfe, 0x63, 0xe6, 0xc8, 0xde, 0x90, 0xe7, 0xf5, 0xdf, 0xf6, 0xcf, 0xf7, 0xcf, 0xf7, 0xcf, 0xf7, 0xcf, 0xf8, 0xc7, 0xf8, 0xc7, 0xf8, 0xc7, 0xf8, 0xc7, 0xf8, 0xcf, 0xf7, 0xc7, 0xf7, 0xcf, 0xf7, 0xcf, 0xf8, 0xcf, 0xf9, 0xc7, 0xfa, 0xc7, 0xdb, 0xc7, 0x7c, 0xb7, 0x1c, 0xaf, 0xfa, 0xa6, 0x5a, 0xaf, 0xfb, 0xc7, 0xfa, 0xcf, 0xf9, 0xc7, 0xf8, 0xc7, 0xf7, 0xc7, 0xf7, 0xc7, 0xf7, 0xc7, 0xf7, 0xc7, 0xf8, 0xc7, 0xf8, 0xc7, 0xf8, 0xc7, 0xf8, 0xc7, 0xf8, 0xc7, 0xf8, 0xc7, 0xf8, 0xc7, 0xf8, 0xc7, 
  0xf7, 0xc7, 0xf7, 0xc7, 0xf8, 0xc7, 0xf8, 0xc7, 0xf9, 0xc7, 0xf9, 0xc7, 0xf9, 0xc7, 0xf8, 0xc7, 0xf7, 0xc7, 0xf8, 0xc7, 0xf8, 0xc7, 0xf8, 0xc7, 0xf9, 0xc7, 0xfb, 0xc7, 0xbb, 0xbf, 0x3b, 0xaf, 0xbc, 0xa6, 0xbd, 0xa6, 0xbb, 0x9e, 0x3a, 0xaf, 0xfb, 0xc7, 0xfa, 0xc7, 0xf8, 0xc7, 0xf8, 0xc7, 0xf8, 0xc7, 0xf8, 0xc7, 0xf9, 0xc7, 0xf9, 0xc7, 0xf8, 0xc7, 0xf8, 0xc7, 0xf8, 0xc7, 0xf6, 0xcf, 0xb1, 0xe7, 0xea, 0xe6, 0x83, 0xe6, 0x81, 0xf6, 0x40, 0xfe, 0x40, 0xfe, 0x21, 0xfe, 0x21, 0xfe, 0x61, 0xfe, 0x41, 0xfe, 0x61, 0xf6, 0x63, 0xee, 0xa6, 0xde, 0x6d, 0xe7, 0xf4, 0xe7, 0xd5, 0xcf, 0xf7, 0xcf, 0xf8, 0xcf, 0xf8, 0xcf, 0xf7, 0xc7, 0xf8, 0xc7, 0xf8, 0xc7, 0xf8, 0xcf, 0xf8, 0xc7, 0xf8, 0xcf, 0xf7, 0xcf, 0xf7, 0xcf, 0xf7, 0xcf, 0xf8, 0xc7, 0xf9, 0xc7, 0xfa, 0xc7, 0x9b, 0xbf, 0xdc, 0xa6, 0xbc, 0xa6, 0x9b, 0x9e, 0xfa, 0xa6, 0x9b, 0xbf, 0xfb, 0xc7, 0xf9, 0xc7, 0xf8, 0xc7, 0xf8, 0xc7, 0xf7, 0xc7, 0xf7, 0xc7, 0xf7, 0xc7, 0xf8, 0xc7, 0xf8, 0xc7, 0xf8, 0xc7, 0xf8, 0xc7, 0xf8, 0xc7, 0xf8, 0xc7, 0xf8, 0xc7, 0xf8, 0xc7, 
  0xf7, 0xc7, 0xf7, 0xc7, 0xf8, 0xc7, 0xf9, 0xc7, 0xf9, 0xc7, 0xf9, 0xc7, 0xf9, 0xc7, 0xf8, 0xc7, 0xf8, 0xc7, 0xf8, 0xc7, 0xf8, 0xc7, 0xf8, 0xc7, 0xfa, 0xc7, 0xdb, 0xc7, 0x7b, 0xb7, 0xfc, 0xae, 0x9e, 0xa6, 0xbf, 0xa6, 0xbc, 0xa6, 0x1b, 0xaf, 0xdb, 0xc7, 0xfa, 0xc7, 0xf8, 0xc7, 0xf8, 0xc7, 0xf8, 0xc7, 0xf8, 0xc7, 0xf8, 0xc7, 0xf8, 0xc7, 0xf8, 0xc7, 0xf8, 0xc7, 0xf7, 0xc7, 0xf5, 0xd7, 0x4f, 0xe7, 0x87, 0xe6, 0xa3, 0xf6, 0x80, 0xf6, 0x60, 0xfe, 0x60, 0xfe, 0x41, 0xfe, 0x41, 0xfe, 0x60, 0xfe, 0x61, 0xf6, 0x63, 0xee, 0xa6, 0xe6, 0x2c, 0xe7, 0xf2, 0xe7, 0xf7, 0xd7, 0xd8, 0xc7, 0xf8, 0xc7, 0xf8, 0xc7, 0xf8, 0xc7, 0xf8, 0xc7, 0xf8, 0xc7, 0xf8, 0xc7, 0xf9, 0xc7, 0xf9, 0xc7, 0xf8, 0xc7, 0xf8, 0xc7, 0xf7, 0xc7, 0xf8, 0xc7, 0xf8, 0xc7, 0xfa, 0xc7, 0xba, 0xbf, 0x3b, 0xaf, 0xbd, 0xa6, 0xbe, 0xa6, 0xbd, 0xa6, 0xfc, 0xa6, 0x7b, 0xb7, 0xdb, 0xc7, 0xfa, 0xc7, 0xf9, 0xc7, 0xf8, 0xc7, 0xf8, 0xc7, 0xf8, 0xc7, 0xf8, 0xc7, 0xf8, 0xc7, 0xf8, 0xc7, 0xf9, 0xc7, 0xf9, 0xc7, 0xf8, 0xc7, 0xf8, 0xc7, 0xf8, 0xc7, 0xf8, 0xc7, 
  0xf7, 0xc7, 0xf7, 0xc7, 0xf8, 0xc7, 0xf9, 0xc7, 0xf9, 0xc7, 0xf9, 0xc7, 0xf9, 0xc7, 0xf8, 0xc7, 0xf8, 0xc7, 0xf8, 0xc7, 0xf8, 0xc7, 0xf9, 0xc7, 0xfa, 0xc7, 0xbb, 0xbf, 0x3c, 0xb7, 0xbd, 0xa6, 0xbf, 0xa6, 0xbf, 0xa6, 0xbc, 0xa6, 0x1b, 0xaf, 0xdb, 0xc7, 0xf9, 0xc7, 0xf7, 0xc7, 0xf8, 0xcf, 0xf7, 0xc7, 0xf8, 0xcf, 0xf8, 0xc7, 0xf8, 0xc7, 0xf8, 0xc7, 0xf8, 0xcf, 0xf7, 0xcf, 0xf4, 0xdf, 0x0c, 0xef, 0x24, 0xe6, 0xa2, 0xfe, 0x60, 0xfe, 0x60, 0xfe, 0x60, 0xfe, 0x40, 0xfe, 0x61, 0xfe, 0x60, 0xfe, 0x62, 0xf6, 0x64, 0xee, 0xe9, 0xee, 0xaf, 0xef, 0xd3, 0xe7, 0xd6, 0xcf, 0xf8, 0xcf, 0xf8, 0xc7, 0xf8, 0xc7, 0xf8, 0xc7, 0xf8, 0xc7, 0xf8, 0xc7, 0xf8, 0xc7, 0xf8, 0xc7, 0xf9, 0xc7, 0xf8, 0xc7, 0xf8, 0xc7, 0xf8, 0xc7, 0xf8, 0xc7, 0xf9, 0xc7, 0xfa, 0xc7, 0x9b, 0xb7, 0xfc, 0xa6, 0xbe, 0xa6, 0xbf, 0xa6, 0xbd, 0xa6, 0xdc, 0xa6, 0x7b, 0xb7, 0xfb, 0xc7, 0xfa, 0xc7, 0xf9, 0xc7, 0xf8, 0xc7, 0xf8, 0xc7, 0xf8, 0xc7, 0xf8, 0xc7, 0xf8, 0xc7, 0xf9, 0xc7, 0xf9, 0xc7, 0xf9, 0xc7, 0xf8, 0xc7, 0xf8, 0xc7, 0xf8, 0xc7, 0xf8, 0xc7, 
  0xf7, 0xc7, 0xf7, 0xc7, 0xf8, 0xc7, 0xf9, 0xc7, 0xf9, 0xc7, 0xf9, 0xc7, 0xf8, 0xc7, 0xf8, 0xc7, 0xf8, 0xc7, 0xf8, 0xc7, 0xf8, 0xc7, 0xf8, 0xc7, 0xfb, 0xc7, 0xbc, 0xc7, 0xbc, 0xa6, 0xdf, 0xa6, 0x9f, 0x9e, 0xbf, 0xa6, 0xbc, 0xa6, 0x5b, 0xb7, 0xfb, 0xcf, 0xf9, 0xc7, 0xf8, 0xc7, 0xf7, 0xc7, 0xf7, 0xc7, 0xf7, 0xcf, 0xf8, 0xc7, 0xf8, 0xcf, 0xf8, 0xcf, 0xd8, 0xcf, 0xf7, 0xd7, 0xb2, 0xdf, 0x89, 0xee, 0x64, 0xfe, 0x60, 0xfe, 0x60, 0xfe, 0x60, 0xfe, 0x60, 0xfe, 0x61, 0xfe, 0x41, 0xfe, 0x41, 0xfe, 0x23, 0xf6, 0x87, 0xf6, 0x4c, 0xff, 0xd0, 0xf7, 0xf2, 0xef, 0xf3, 0xdf, 0xf4, 0xd7, 0xf5, 0xc7, 0xf7, 0xc7, 0xf8, 0xc7, 0xf8, 0xc7, 0xf8, 0xc7, 0xf8, 0xc7, 0xf8, 0xc7, 0xf8, 0xc7, 0xf9, 0xc7, 0xf9, 0xcf, 0xf8, 0xc7, 0xf8, 0xc7, 0xfa, 0xc7, 0xfb, 0xc7, 0x3c, 0xaf, 0xbd, 0xa6, 0xbf, 0xa6, 0x7f, 0x9e, 0xbe, 0xa6, 0xdc, 0xae, 0xdb, 0xc7, 0xfa, 0xc7, 0xf8, 0xc7, 0xf9, 0xc7, 0xf9, 0xc7, 0xf9, 0xc7, 0xf8, 0xc7, 0xf8, 0xc7, 0xf8, 0xc7, 0xf8, 0xc7, 0xf9, 0xc7, 0xf9, 0xc7, 0xf8, 0xc7, 0xf8, 0xc7, 0xf8, 0xc7, 0xf8, 0xc7, 
  0xf7, 0xc7, 0xf7, 0xc7, 0xf8, 0xc7, 0xf9, 0xc7, 0xf9, 0xc7, 0xf8, 0xc7, 0xf8, 0xc7, 0xf8, 0xc7, 0xf8, 0xc7, 0xf8, 0xc7, 0xf8, 0xc7, 0xf8, 0xc7, 0xfb, 0xc7, 0x5c, 0xb7, 0xbe, 0xa6, 0xbf, 0xa6, 0xdf, 0xa6, 0xbe, 0x9e, 0xfc, 0xae, 0x9b, 0xbf, 0xfa, 0xc7, 0xf8, 0xc7, 0xf8, 0xc7, 0xf7, 0xc7, 0xf7, 0xc7, 0xf7, 0xcf, 0xf8, 0xcf, 0xf9, 0xcf, 0xf8, 0xcf, 0xf7, 0xcf, 0xd5, 0xd7, 0x4f, 0xdf, 0x67, 0xe6, 0x43, 0xfe, 0x40, 0xfe, 0x60, 0xfe, 0x60, 0xfe, 0x61, 0xfe, 0x61, 0xfe, 0x61, 0xfe, 0x42, 0xfe, 0x43, 0xfe, 0x66, 0xfe, 0xa8, 0xf6, 0x0a, 0xef, 0x2c, 0xdf, 0x2d, 0xd7, 0x2f, 0xc7, 0xf4, 0xcf, 0xf6, 0xc7, 0xf8, 0xc7, 0xf8, 0xc7, 0xf8, 0xc7, 0xf8, 0xc7, 0xf7, 0xc7, 0xf8, 0xc7, 0xf9, 0xc7, 0xf9, 0xc7, 0xf8, 0xc7, 0xf8, 0xc7, 0xfa, 0xc7, 0xbb, 0xbf, 0xfd, 0xae, 0x9e, 0xa6, 0xbf, 0xa6, 0x9f, 0xa6, 0x9d, 0xa6, 0x3c, 0xb7, 0xda, 0xc7, 0xf9, 0xc7, 0xf8, 0xc7, 0xf8, 0xc7, 0xf9, 0xc7, 0xf9, 0xc7, 0xf8, 0xc7, 0xf8, 0xc7, 0xf8, 0xc7, 0xf8, 0xc7, 0xf8, 0xc7, 0xf8, 0xc7, 0xf8, 0xc7, 0xf8, 0xc7, 0xf8, 0xc7, 0xf8, 0xc7, 
  0xf7, 0xc7, 0xf7, 0xc7, 0xf8, 0xc7, 0xf9, 0xc7, 0xf9, 0xc7, 0xf9, 0xc7, 0xf8, 0xc7, 0xf8, 0xc7, 0xf8, 0xc7, 0xf8, 0xc7, 0xf8, 0xc7, 0xf9, 0xc7, 0xdb, 0xbf, 0xfb, 0xa6, 0xbe, 0xa6, 0x9f, 0xa6, 0xff, 0xa6, 0x9d, 0x9e, 0x5c, 0xb7, 0xfb, 0xcf, 0xd9, 0xc7, 0xf8, 0xc7, 0xf9, 0xc7, 0xf8, 0xc7, 0xf8, 0xc7, 0xf8, 0xc7, 0xf8, 0xc7, 0xf9, 0xcf, 0xf8, 0xcf, 0xf5, 0xd7, 0xd1, 0xdf, 0x2b, 0xdf, 0x85, 0xe6, 0x63, 0xf6, 0x62, 0xfe, 0x62, 0xfe, 0x62, 0xfe, 0x61, 0xfe, 0x61, 0xf6, 0x81, 0xfe, 0x62, 0xfe, 0x21, 0xfe, 0x42, 0xfe, 0x83, 0xfe, 0xa4, 0xee, 0x86, 0xd6, 0xaa, 0xd6, 0x30, 0xcf, 0xf5, 0xcf, 0xf7, 0xc7, 0xf8, 0xc7, 0xf8, 0xc7, 0xf8, 0xc7, 0xf8, 0xc7, 0xf8, 0xc7, 0xf8, 0xc7, 0xf9, 0xc7, 0xf9, 0xc7, 0xf8, 0xc7, 0xf9, 0xc7, 0xfa, 0xc7, 0x7b, 0xb7, 0xdd, 0xa6, 0xbf, 0xa6, 0x9f, 0xa6, 0xbf, 0xae, 0xbc, 0xa6, 0x9d, 0xbf, 0xfa, 0xc7, 0xf9, 0xc7, 0xf8, 0xc7, 0xf8, 0xc7, 0xf9, 0xc7, 0xf9, 0xc7, 0xf8, 0xc7, 0xf8, 0xc7, 0xf8, 0xc7, 0xf8, 0xc7, 0xf8, 0xc7, 0xf8, 0xc7, 0xf8, 0xc7, 0xf8, 0xc7, 0xf8, 0xc7, 0xf8, 0xc7, 
  0xf7, 0xc7, 0xf7, 0xc7, 0xf9, 0xc7, 0xf9, 0xc7, 0xf9, 0xc7, 0xf9, 0xc7, 0xf8, 0xc7, 0xf8, 0xc7, 0xf8, 0xc7, 0xf8, 0xc7, 0xf9, 0xc7, 0xfa, 0xc7, 0x9b, 0xb7, 0xbb, 0xa6, 0xdf, 0xa6, 0x9f, 0xa6, 0xdf, 0xa6, 0xbd, 0x9e, 0x9c, 0xbf, 0xfa, 0xcf, 0xd8, 0xc7, 0xf8, 0xc7, 0xf9, 0xc7, 0xf9, 0xc7, 0xf9, 0xc7, 0xf9, 0xc7, 0xf9, 0xc7, 0xf8, 0xc7, 0xf7, 0xcf, 0xf4, 0xdf, 0xaf, 0xdf, 0xe8, 0xd6, 0xc5, 0xe6, 0x83, 0xf6, 0x62, 0xfe, 0x62, 0xfe, 0x62, 0xfe, 0x61, 0xfe, 0x81, 0xf6, 0x81, 0xfe, 0x61, 0xfe, 0x41, 0xfe, 0x41, 0xfe, 0x82, 0xfe, 0xa3, 0xee, 0xa6, 0xde, 0x2d, 0xdf, 0xd4, 0xe7, 0xf6, 0xcf, 0xf7, 0xc7, 0xf8, 0xc7, 0xf8, 0xc7, 0xf8, 0xc7, 0xf8, 0xc7, 0xf7, 0xc7, 0xf8, 0xc7, 0xf8, 0xc7, 0xf8, 0xc7, 0xf9, 0xc7, 0xfa, 0xc7, 0xdb, 0xc7, 0x3b, 0xaf, 0xbd, 0xa6, 0xbf, 0xa6, 0x9f, 0xa6, 0xbe, 0xa6, 0xfc, 0xae, 0xdd, 0xc7, 0xfa, 0xc7, 0xf9, 0xc7, 0xf8, 0xc7, 0xf8, 0xc7, 0xf8, 0xc7, 0xf8, 0xc7, 0xf8, 0xc7, 0xf8, 0xc7, 0xf8, 0xc7, 0xf8, 0xc7, 0xf8, 0xc7, 0xf8, 0xc7, 0xf8, 0xc7, 0xf8, 0xc7, 0xf8, 0xc7, 0xf8, 0xc7, 
  0xf7, 0xc7, 0xf7, 0xc7, 0xf9, 0xc7, 0xf9, 0xc7, 0xf9, 0xc7, 0xf9, 0xc7, 0xf8, 0xc7, 0xf8, 0xc7, 0xf8, 0xc7, 0xf9, 0xc7, 0xf9, 0xc7, 0xfb, 0xc7, 0x3b, 0xaf, 0xbc, 0xa6, 0xdf, 0xa6, 0xbf, 0xa6, 0x9e, 0x9e, 0x1d, 0xaf, 0xdb, 0xc7, 0xd8, 0xcf, 0xf8, 0xcf, 0xf8, 0xcf, 0xf9, 0xc7, 0xf9, 0xc7, 0xf9, 0xc7, 0xf9, 0xbf, 0xf9, 0xc7, 0xf9, 0xc7, 0xf7, 0xcf, 0xf4, 0xdf, 0x6d, 0xdf, 0xa6, 0xd6, 0xa3, 0xe6, 0x81, 0xf6, 0x61, 0xfe, 0x41, 0xfe, 0x61, 0xfe, 0x61, 0xfe, 0x81, 0xf6, 0x80, 0xf6, 0x60, 0xfe, 0x82, 0xfe, 0x82, 0xfe, 0x63, 0xee, 0xc6, 0xde, 0x6c, 0xe7, 0xd3, 0xdf, 0xf7, 0xd7, 0xf7, 0xcf, 0xf8, 0xc7, 0xf8, 0xc7, 0xf8, 0xc7, 0xf8, 0xc7, 0xf8, 0xc7, 0xf8, 0xc7, 0xf8, 0xc7, 0xf8, 0xc7, 0xf8, 0xc7, 0xf9, 0xc7, 0xfb, 0xc7, 0x9b, 0xbf, 0xfc, 0xae, 0xbe, 0xa6, 0xbf, 0xa6, 0xbe, 0xa6, 0xbc, 0xa6, 0x7c, 0xbf, 0xdb, 0xc7, 0xfa, 0xc7, 0xf9, 0xc7, 0xf8, 0xc7, 0xf8, 0xc7, 0xf8, 0xc7, 0xf8, 0xc7, 0xf8, 0xc7, 0xf8, 0xc7, 0xf8, 0xc7, 0xf8, 0xc7, 0xf8, 0xc7, 0xf8, 0xc7, 0xf8, 0xc7, 0xf8, 0xc7, 0xf8, 0xc7, 0xf8, 0xc7, 
  0xf7, 0xc7, 0xf7, 0xc7, 0xf9, 0xc7, 0xf9, 0xc7, 0xf9, 0xc7, 0xf9, 0xc7, 0xf8, 0xc7, 0xf7, 0xc7, 0xf8, 0xc7, 0xf9, 0xc7, 0xda, 0xbf, 0xbc, 0xbf, 0xdb, 0xa6, 0xdd, 0xa6, 0xbf, 0xa6, 0xbf, 0xa6, 0xbd, 0x9e, 0x9d, 0xb7, 0xfa, 0xcf, 0xd7, 0xcf, 0xf8, 0xcf, 0xf8, 0xcf, 0xf8, 0xc7, 0xf9, 0xc7, 0xf9, 0xc7, 0xf8, 0xbf, 0xf9, 0xc7, 0xf9, 0xc7, 0xf7, 0xcf, 0xd4, 0xd7, 0x4d, 0xd7, 0xa8, 0xd6, 0xa5, 0xde, 0xa4, 0xee, 0x83, 0xfe, 0x62, 0xfe, 0x62, 0xfe, 0x82, 0xfe, 0x81, 0xfe, 0x80, 0xf6, 0xa1, 0xfe, 0x82, 0xf6, 0x64, 0xee, 0xa7, 0xe6, 0x4c, 0xdf, 0xf1, 0xdf, 0xf6, 0xd7, 0xd7, 0xc7, 0xf8, 0xc7, 0xf8, 0xc7, 0xf8, 0xc7, 0xf8, 0xc7, 0xf8, 0xc7, 0xf8, 0xc7, 0xf8, 0xc7, 0xf8, 0xc7, 0xf8, 0xc7, 0xf8, 0xc7, 0xfa, 0xc7, 0xdb, 0xc7, 0x3c, 0xb7, 0xdd, 0xa6, 0xbf, 0xa6, 0xbf, 0xa6, 0xbe, 0xa6, 0xdc, 0xa6, 0xdc, 0xc7, 0xda, 0xc7, 0xfa, 0xc7, 0xf9, 0xc7, 0xf8, 0xc7, 0xf8, 0xc7, 0xf8, 0xc7, 0xf8, 0xc7, 0xf8, 0xc7, 0xf8, 0xc7, 0xf8, 0xc7, 0xf8, 0xc7, 0xf8, 0xc7, 0xf8, 0xc7, 0xf8, 0xc7, 0xf8, 0xc7, 0xf8, 0xc7, 0xf8, 0xc7, 
  0xf7, 0xc7, 0xf7, 0xc7, 0xf9, 0xc7, 0xf9, 0xc7, 0xf9, 0xc7, 0xf8, 0xc7, 0xf7, 0xc7, 0xf7, 0xc7, 0xf8, 0xc7, 0xfa, 0xc7, 0xdc, 0xc7, 0x3c, 0xaf, 0xbc, 0xa6, 0xdf, 0xa6, 0xbf, 0xa6, 0xbe, 0xa6, 0x1c, 0xa7, 0xdc, 0xbf, 0xf9, 0xcf, 0xf7, 0xcf, 0xf8, 0xcf, 0xf8, 0xcf, 0xf8, 0xc7, 0xf8, 0xc7, 0xf8, 0xc7, 0xf7, 0xbf, 0xf9, 0xc7, 0xf8, 0xc7, 0xf8, 0xcf, 0xf6, 0xd7, 0x71, 0xd7, 0x2e, 0xdf, 0x2d, 0xdf, 0x4c, 0xef, 0x09, 0xf7, 0xa6, 0xf6, 0x64, 0xf6, 0x63, 0xfe, 0xa2, 0xfe, 0x81, 0xfe, 0xa2, 0xfe, 0x84, 0xee, 0xa8, 0xe6, 0x4e, 0xe7, 0xf2, 0xdf, 0xf4, 0xcf, 0xf6, 0xc7, 0xf7, 0xc7, 0xf8, 0xc7, 0xf8, 0xc7, 0xf8, 0xc7, 0xf8, 0xc7, 0xf8, 0xc7, 0xf8, 0xc7, 0xf8, 0xc7, 0xf8, 0xc7, 0xf8, 0xc7, 0xf9, 0xc7, 0xfb, 0xc7, 0x9c, 0xbf, 0xfc, 0xae, 0xbe, 0xa6, 0xbf, 0xa6, 0xbf, 0xa6, 0xbd, 0xa6, 0x3c, 0xb7, 0xfb, 0xc7, 0xf9, 0xc7, 0xf9, 0xc7, 0xf8, 0xc7, 0xf8, 0xc7, 0xf8, 0xc7, 0xf7, 0xc7, 0xf7, 0xc7, 0xf8, 0xc7, 0xf8, 0xc7, 0xf8, 0xc7, 0xf8, 0xc7, 0xf8, 0xc7, 0xf8, 0xc7, 0xf8, 0xc7, 0xf8, 0xc7, 0xf8, 0xc7, 0xf8, 0xc7, 
  0xf7, 0xc7, 0xf8, 0xc7, 0xf9, 0xc7, 0xf9, 0xc7, 0xf9, 0xc7, 0xf8, 0xc7, 0xf7, 0xc7, 0xf7, 0xc7, 0xf9, 0xc7, 0xda, 0xc7, 0xbd, 0xc7, 0xdc, 0xa6, 0xbe, 0xa6, 0xdf, 0xa6, 0xbf, 0xa6, 0xbd, 0x9e, 0x5b, 0xaf, 0xfb, 0xc7, 0xf9, 0xc7, 0xf8, 0xcf, 0xf8, 0xcf, 0xd7, 0xc7, 0xf8, 0xc7, 0xf8, 0xc7, 0xf8, 0xc7, 0xf7, 0xbf, 0xf8, 0xc7, 0xf8, 0xc7, 0xf8, 0xc7, 0xf7, 0xd7, 0xd5, 0xdf, 0xf5, 0xe7, 0xf3, 0xe7, 0xf2, 0xf7, 0xae, 0xff, 0xe8, 0xf6, 0x65, 0xee, 0x63, 0xf6, 0xa2, 0xfe, 0xa2, 0xf6, 0x83, 0xee, 0xc8, 0xe6, 0x4e, 0xe7, 0xd4, 0xdf, 0xf6, 0xd7, 0xf7, 0xc7, 0xf7, 0xc7, 0xf7, 0xc7, 0xf9, 0xc7, 0xf8, 0xc7, 0xf8, 0xc7, 0xf8, 0xc7, 0xf8, 0xc7, 0xf8, 0xc7, 0xf8, 0xc7, 0xf9, 0xc7, 0xf8, 0xc7, 0xf9, 0xc7, 0xfb, 0xc7, 0x7c, 0xbf, 0xbd, 0xa6, 0x9f, 0xa6, 0xbf, 0xae, 0x9f, 0xa6, 0xbc, 0xa6, 0x9c, 0xbf, 0xd9, 0xc7, 0xf9, 0xc7, 0xf8, 0xc7, 0xf8, 0xc7, 0xf8, 0xc7, 0xf8, 0xc7, 0xf7, 0xc7, 0xf7, 0xc7, 0xf8, 0xc7, 0xf9, 0xc7, 0xf8, 0xc7, 0xf8, 0xc7, 0xf8, 0xc7, 0xf8, 0xc7, 0xf8, 0xc7, 0xf8, 0xc7, 0xf8, 0xc7, 0xf8, 0xc7, 
  0xf8, 0xc7, 0xf8, 0xc7, 0xf8, 0xc7, 0xf8, 0xc7, 0xf8, 0xc7, 0xf7, 0xc7, 0xf7, 0xc7, 0xf7, 0xc7, 0xf9, 0xc7, 0xfc, 0xc7, 0x5d, 0xb7, 0x9d, 0x9e, 0xdf, 0xae, 0xbf, 0xa6, 0xbe, 0x9e, 0xdc, 0xa6, 0xdc, 0xbf, 0xf9, 0xc7, 0xf9, 0xcf, 0xf8, 0xcf, 0xf8, 0xcf, 0xf8, 0xc7, 0xf8, 0xc7, 0xf7, 0xc7, 0xf7, 0xc7, 0xf7, 0xcf, 0xf8, 0xc7, 0xf8, 0xc7, 0xf8, 0xc7, 0xf8, 0xcf, 0xf7, 0xcf, 0xd7, 0xcf, 0xd5, 0xd7, 0xf3, 0xe7, 0x2c, 0xe7, 0xa7, 0xe6, 0x84, 0xee, 0x83, 0xf6, 0xc3, 0xf6, 0xa4, 0xee, 0xc8, 0xe6, 0x4e, 0xe7, 0xd5, 0xe7, 0xf8, 0xd7, 0xf8, 0xc7, 0xf9, 0xc7, 0xf8, 0xcf, 0xf7, 0xc7, 0xf9, 0xc7, 0xf8, 0xc7, 0xf8, 0xc7, 0xf7, 0xc7, 0xf8, 0xc7, 0xf8, 0xc7, 0xf8, 0xc7, 0xf9, 0xc7, 0xf8, 0xc7, 0xfa, 0xc7, 0xfc, 0xc7, 0x1b, 0xaf, 0x9d, 0xa6, 0x7f, 0xa6, 0xbf, 0xae, 0x9e, 0xa6, 0x3d, 0xb7, 0xbb, 0xbf, 0xf9, 0xc7, 0xf8, 0xc7, 0xf8, 0xc7, 0xf8, 0xc7, 0xf8, 0xc7, 0xf8, 0xc7, 0xf7, 0xc7, 0xf7, 0xc7, 0xf8, 0xc7, 0xf8, 0xc7, 0xf8, 0xc7, 0xf8, 0xc7, 0xf8, 0xc7, 0xf8, 0xc7, 0xf8, 0xc7, 0xf8, 0xc7, 0xf8, 0xc7, 0xf8, 0xc7, 
  0xf8, 0xc7, 0xf8, 0xc7, 0xf8, 0xc7, 0xf8, 0xc7, 0xf8, 0xc7, 0xf7, 0xc7, 0xf7, 0xc7, 0xf7, 0xc7, 0xf9, 0xc7, 0xdc, 0xc7, 0xfd, 0xae, 0x9e, 0xa6, 0xbf, 0xa6, 0xbf, 0xa6, 0xbd, 0xa6, 0x3c, 0xaf, 0xfb, 0xbf, 0xf9, 0xc7, 0xf9, 0xcf, 0xf9, 0xcf, 0xf8, 0xc7, 0xf8, 0xc7, 0xf8, 0xc7, 0xf7, 0xc7, 0xf8, 0xcf, 0xf8, 0xcf, 0xf8, 0xcf, 0xf8, 0xc7, 0xf8, 0xc7, 0xf8, 0xc7, 0xf8, 0xc7, 0xf8, 0xc7, 0xf7, 0xd7, 0xd3, 0xdf, 0x2b, 0xdf, 0xc6, 0xe6, 0xa4, 0xf6, 0x83, 0xee, 0xa5, 0xee, 0xa7, 0xde, 0x4d, 0xe7, 0xb2, 0xdf, 0xf7, 0xd7, 0xf9, 0xc7, 0xf9, 0xbf, 0xf9, 0xc7, 0xf8, 0xcf, 0xf8, 0xcf, 0xf8, 0xc7, 0xf8, 0xc7, 0xf7, 0xc7, 0xf7, 0xc7, 0xf8, 0xc7, 0xf8, 0xc7, 0xf8, 0xc7, 0xf9, 0xc7, 0xf8, 0xc7, 0xf9, 0xc7, 0x9b, 0xbf, 0xfb, 0xae, 0xbe, 0xa6, 0xbf, 0xa6, 0xbf, 0xae, 0x9d, 0xa6, 0x7d, 0xbf, 0xda, 0xc7, 0xf8, 0xc7, 0xf7, 0xc7, 0xf8, 0xc7, 0xf8, 0xc7, 0xf8, 0xc7, 0xf8, 0xc7, 0xf7, 0xc7, 0xf8, 0xc7, 0xf8, 0xc7, 0xf8, 0xc7, 0xf8, 0xc7, 0xf8, 0xc7, 0xf8, 0xc7, 0xf8, 0xc7, 0xf8, 0xc7, 0xf8, 0xc7, 0xf8, 0xc7, 0xf8, 0xc7, 
  0xf9, 0xc7, 0xf8, 0xc7, 0xf8, 0xc7, 0xf8, 0xc7, 0xf7, 0xc7, 0xf7, 0xc7, 0xf7, 0xc7, 0xf7, 0xc7, 0xf9, 0xc7, 0xbb, 0xbf, 0xdc, 0xa6, 0xbe, 0xa6, 0xbe, 0xa6, 0xbe, 0xa6, 0xdc, 0xa6, 0x9c, 0xb7, 0xfa, 0xc7, 0xf9, 0xc7, 0xf9, 0xc7, 0xf9, 0xc7, 0xf9, 0xc7, 0xf8, 0xc7, 0xf8, 0xc7, 0xf8, 0xc7, 0xf9, 0xcf, 0xd9, 0xcf, 0xf8, 0xcf, 0xf8, 0xc7, 0xf7, 0xc7, 0xf7, 0xbf, 0xf8, 0xbf, 0xf7, 0xc7, 0xd6, 0xd7, 0x71, 0xdf, 0xc8, 0xe6, 0xa4, 0xee, 0xa4, 0xf6, 0x85, 0xee, 0xc9, 0xe6, 0x4e, 0xdf, 0xf2, 0xdf, 0xf5, 0xd7, 0xf7, 0xc7, 0xf8, 0xbf, 0xf8, 0xbf, 0xf8, 0xbf, 0xf7, 0xc7, 0xf7, 0xc7, 0xf8, 0xc7, 0xf8, 0xc7, 0xf7, 0xc7, 0xf7, 0xc7, 0xf8, 0xc7, 0xf8, 0xc7, 0xf8, 0xc7, 0xf9, 0xc7, 0xf9, 0xc7, 0xfa, 0xc7, 0x7a, 0xb7, 0xba, 0xa6, 0xdd, 0xae, 0xbe, 0xa6, 0xbe, 0xa6, 0xdc, 0xa6, 0xbc, 0xc7, 0xfa, 0xc7, 0xf8, 0xc7, 0xf7, 0xc7, 0xf7, 0xc7, 0xf8, 0xc7, 0xf8, 0xc7, 0xf8, 0xc7, 0xf8, 0xc7, 0xf8, 0xc7, 0xf8, 0xc7, 0xf8, 0xc7, 0xf8, 0xc7, 0xf8, 0xc7, 0xf8, 0xc7, 0xf8, 0xc7, 0xf8, 0xc7, 0xf8, 0xc7, 0xf8, 0xc7, 0xf8, 0xc7, 
  0xf9, 0xc7, 0xf8, 0xc7, 0xf8, 0xc7, 0xf8, 0xc7, 0xf7, 0xc7, 0xf7, 0xc7, 0xf7, 0xc7, 0xf8, 0xc7, 0xf9, 0xc7, 0xba, 0xbf, 0xfb, 0xae, 0xbc, 0xa6, 0xbd, 0xa6, 0xbc, 0xa6, 0x1b, 0xaf, 0xdb, 0xbf, 0xfa, 0xc7, 0xf9, 0xc7, 0xf9, 0xc7, 0xf9, 0xc7, 0xf9, 0xc7, 0xf8, 0xc7, 0xf8, 0xc7, 0xf8, 0xc7, 0xf9, 0xcf, 0xd9, 0xcf, 0xd9, 0xcf, 0xf8, 0xc7, 0xf7, 0xc7, 0xf7, 0xbf, 0xf7, 0xbf, 0xf6, 0xcf, 0xb4, 0xdf, 0x2e, 0xe7, 0xa6, 0xe6, 0xa3, 0xee, 0xa5, 0xee, 0xc8, 0xe6, 0x4e, 0xe7, 0xf3, 0xdf, 0xf5, 0xd7, 0xf6, 0xc7, 0xf7, 0xc7, 0xf8, 0xbf, 0xf8, 0xbf, 0xf8, 0xc7, 0xf7, 0xc7, 0xf7, 0xc7, 0xf8, 0xc7, 0xf8, 0xc7, 0xf8, 0xc7, 0xf7, 0xc7, 0xf8, 0xc7, 0xf8, 0xc7, 0xf8, 0xc7, 0xf8, 0xc7, 0xf9, 0xc7, 0xfa, 0xc7, 0x7a, 0xbf, 0xba, 0xa6, 0xbc, 0xa6, 0x9c, 0x9e, 0xdc, 0xa6, 0x3c, 0xb7, 0xdb, 0xc7, 0xf9, 0xc7, 0xf8, 0xc7, 0xf7, 0xc7, 0xf7, 0xc7, 0xf8, 0xcf, 0xf8, 0xcf, 0xf8, 0xc7, 0xf8, 0xc7, 0xf8, 0xc7, 0xf8, 0xc7, 0xf8, 0xc7, 0xf8, 0xc7, 0xf8, 0xc7, 0xf8, 0xc7, 0xf8, 0xc7, 0xf8, 0xc7, 0xf8, 0xc7, 0xf8, 0xc7, 0xf8, 0xc7, 
  0xf9, 0xc7, 0xf8, 0xc7, 0xf8, 0xc7, 0xf8, 0xc7, 0xf8, 0xc7, 0xf8, 0xc7, 0xf8, 0xc7, 0xf8, 0xc7, 0xf9, 0xcf, 0xda, 0xbf, 0x5a, 0xb7, 0xda, 0xa6, 0xdb, 0xa6, 0xfb, 0xa6, 0x7a, 0xb7, 0xfb, 0xc7, 0xf9, 0xc7, 0xf9, 0xc7, 0xf9, 0xc7, 0xf9, 0xc7, 0xf8, 0xc7, 0xf8, 0xc7, 0xf8, 0xc7, 0xf9, 0xc7, 0xf9, 0xcf, 0xd9, 0xcf, 0xf9, 0xcf, 0xf8, 0xc7, 0xf7, 0xc7, 0xf7, 0xc7, 0xf7, 0xc7, 0xf5, 0xcf, 0xb2, 0xe7, 0x0b, 0xe7, 0xa5, 0xde, 0xc4, 0xe6, 0x08, 0xe7, 0x6e, 0xe7, 0xd3, 0xd7, 0xf6, 0xd7, 0xf6, 0xc7, 0xf6, 0xc7, 0xf7, 0xc7, 0xf8, 0xc7, 0xf8, 0xc7, 0xf8, 0xc7, 0xf7, 0xc7, 0xf7, 0xc7, 0xf8, 0xc7, 0xf8, 0xc7, 0xf8, 0xc7, 0xf8, 0xc7, 0xf8, 0xc7, 0xf8, 0xc7, 0xf8, 0xc7, 0xf8, 0xc7, 0xf8, 0xc7, 0xfa, 0xc7, 0xbb, 0xbf, 0x1a, 0xaf, 0xfb, 0xae, 0xba, 0xa6, 0x1b, 0xaf, 0xbb, 0xbf, 0xfa, 0xc7, 0xf9, 0xc7, 0xf8, 0xc7, 0xf8, 0xc7, 0xf7, 0xc7, 0xf7, 0xcf, 0xf8, 0xc7, 0xf8, 0xc7, 0xf9, 0xc7, 0xf9, 0xc7, 0xf8, 0xc7, 0xf8, 0xc7, 0xf8, 0xc7, 0xf8, 0xc7, 0xf8, 0xc7, 0xf8, 0xc7, 0xf8, 0xc7, 0xf8, 0xc7, 0xf8, 0xc7, 0xf8, 0xc7, 
  0xf8, 0xc7, 0xf8, 0xc7, 0xf8, 0xc7, 0xf8, 0xc7, 0xf8, 0xc7, 0xf8, 0xc7, 0xf8, 0xc7, 0xf8, 0xc7, 0xf8, 0xc7, 0xf9, 0xc7, 0xda, 0xc7, 0x5a, 0xb7, 0x7b, 0xb7, 0x7b, 0xb7, 0xfa, 0xc7, 0xfa, 0xc7, 0xf8, 0xc7, 0xf8, 0xc7, 0xf8, 0xc7, 0xf8, 0xcf, 0xf8, 0xc7, 0xf8, 0xc7, 0xf8, 0xc7, 0xf8, 0xc7, 0xf9, 0xc7, 0xf8, 0xc7, 0xf8, 0xc7, 0xf8, 0xc7, 0xf8, 0xc7, 0xf7, 0xc7, 0xf7, 0xcf, 0xf4, 0xd7, 0x8f, 0xe7, 0xc9, 0xde, 0xc6, 0xde, 0x08, 0xdf, 0x8e, 0xdf, 0xf3, 0xdf, 0xf6, 0xcf, 0xf7, 0xc7, 0xf7, 0xc7, 0xf7, 0xc7, 0xf8, 0xcf, 0xf9, 0xcf, 0xf9, 0xc7, 0xf8, 0xc7, 0xf8, 0xc7, 0xf8, 0xc7, 0xf8, 0xc7, 0xf8, 0xc7, 0xf8, 0xc7, 0xf8, 0xc7, 0xf8, 0xc7, 0xf8, 0xc7, 0xf8, 0xc7, 0xf8, 0xc7, 0xf8, 0xc7, 0xf9, 0xc7, 0xfb, 0xc7, 0x9b, 0xbf, 0x9c, 0xbf, 0x7b, 0xb7, 0xbb, 0xbf, 0xfa, 0xc7, 0xf9, 0xc7, 0xf8, 0xc7, 0xf8, 0xc7, 0xf8, 0xc7, 0xf7, 0xc7, 0xf7, 0xc7, 0xf8, 0xc7, 0xf8, 0xc7, 0xf9, 0xc7, 0xf9, 0xc7, 0xf8, 0xc7, 0xf8, 0xc7, 0xf8, 0xc7, 0xf8, 0xc7, 0xf8, 0xc7, 0xf8, 0xc7, 0xf8, 0xc7, 0xf8, 0xc7, 0xf8, 0xc7, 0xf8, 0xc7, 
  0xf8, 0xc7, 0xf8, 0xc7, 0xf8, 0xc7, 0xf8, 0xc7, 0xf9, 0xc7, 0xf9, 0xc7, 0xf9, 0xc7, 0xf8, 0xc7, 0xf7, 0xc7, 0xf8, 0xc7, 0xfa, 0xc7, 0xfa, 0xc7, 0xfb, 0xc7, 0xfb, 0xc7, 0xf9, 0xc7, 0xf8, 0xc7, 0xf8, 0xc7, 0xf7, 0xc7, 0xf7, 0xc7, 0xf7, 0xcf, 0xf8, 0xc7, 0xf8, 0xc7, 0xf8, 0xc7, 0xf8, 0xc7, 0xf8, 0xc7, 0xf8, 0xc7, 0xf8, 0xc7, 0xf8, 0xc7, 0xf8, 0xc7, 0xf8, 0xcf, 0xd7, 0xd7, 0xb4, 0xdf, 0x0c, 0xdf, 0xa9, 0xd6, 0x0b, 0xdf, 0x8f, 0xdf, 0xf3, 0xd7, 0xf7, 0xcf, 0xf7, 0xc7, 0xf7, 0xbf, 0xf8, 0xcf, 0xf8, 0xcf, 0xd9, 0xcf, 0xd9, 0xcf, 0xf9, 0xc7, 0xf9, 0xc7, 0xf8, 0xc7, 0xf8, 0xc7, 0xf8, 0xc7, 0xf8, 0xc7, 0xf8, 0xc7, 0xf8, 0xc7, 0xf8, 0xc7, 0xf8, 0xc7, 0xf8, 0xc7, 0xf8, 0xc7, 0xf8, 0xc7, 0xf9, 0xc7, 0xfb, 0xc7, 0xdb, 0xc7, 0xfc, 0xc7, 0xfb, 0xc7, 0xfa, 0xc7, 0xf9, 0xc7, 0xf8, 0xc7, 0xf8, 0xc7, 0xf9, 0xc7, 0xf9, 0xcf, 0xf7, 0xc7, 0xf7, 0xc7, 0xf8, 0xc7, 0xf9, 0xc7, 0xfa, 0xc7, 0xf9, 0xc7, 0xf8, 0xc7, 0xf7, 0xc7, 0xf7, 0xc7, 0xf8, 0xc7, 0xf8, 0xc7, 0xf8, 0xc7, 0xf8, 0xc7, 0xf8, 0xc7, 0xf8, 0xc7, 0xf8, 0xc7, 
  0xf8, 0xc7, 0xf8, 0xc7, 0xf8, 0xc7, 0xf8, 0xc7, 0xf9, 0xc7, 0xf9, 0xc7, 0xf9, 0xc7, 0xf8, 0xc7, 0xf8, 0xc7, 0xf8, 0xc7, 0xf8, 0xc7, 0xf9, 0xc7, 0xf9, 0xc7, 0xf9, 0xc7, 0xf8, 0xc7, 0xf8, 0xc7, 0xf7, 0xc7, 0xf7, 0xc7, 0xf7, 0xc7, 0xf7, 0xcf, 0xf8, 0xc7, 0xf8, 0xc7, 0xf8, 0xc7, 0xf8, 0xc7, 0xf7, 0xc7, 0xf7, 0xc7, 0xf7, 0xc7, 0xf8, 0xc7, 0xf8, 0xc7, 0xf7, 0xcf, 0xd7, 0xd7, 0xb4, 0xdf, 0xed, 0xce, 0xcb, 0xce, 0x90, 0xdf, 0xf4, 0xdf, 0xf6, 0xcf, 0xf8, 0xc7, 0xf7, 0xbf, 0xf8, 0xc7, 0xf8, 0xc7, 0xf8, 0xcf, 0xd9, 0xcf, 0xd9, 0xcf, 0xf9, 0xc7, 0xf9, 0xc7, 0xf8, 0xc7, 0xf8, 0xbf, 0xf8, 0xc7, 0xf8, 0xc7, 0xf8, 0xc7, 0xf8, 0xc7, 0xf8, 0xc7, 0xf8, 0xc7, 0xf8, 0xc7, 0xf8, 0xc7, 0xf8, 0xc7, 0xf8, 0xc7, 0xfa, 0xc7, 0xf9, 0xc7, 0xfa, 0xc7, 0xf9, 0xc7, 0xf9, 0xc7, 0xf8, 0xc7, 0xf8, 0xc7, 0xf8, 0xc7, 0xf9, 0xc7, 0xf8, 0xc7, 0xf7, 0xc7, 0xf7, 0xc7, 0xf8, 0xc7, 0xf9, 0xcf, 0xf9, 0xc7, 0xf9, 0xc7, 0xf8, 0xc7, 0xf8, 0xc7, 0xf8, 0xc7, 0xf8, 0xc7, 0xf8, 0xc7, 0xf8, 0xc7, 0xf8, 0xc7, 0xf8, 0xc7, 0xf8, 0xc7, 0xf8, 0xc7, 
  0xf8, 0xc7, 0xf8, 0xc7, 0xf8, 0xc7, 0xf8, 0xc7, 0xf8, 0xc7, 0xf8, 0xc7, 0xf8, 0xc7, 0xf8, 0xc7, 0xf8, 0xc7, 0xf8, 0xc7, 0xf8, 0xc7, 0xf8, 0xc7, 0xf8, 0xc7, 0xf8, 0xc7, 0xf8, 0xc7, 0xf8, 0xc7, 0xf8, 0xc7, 0xf8, 0xc7, 0xf8, 0xc7, 0xf8, 0xc7, 0xf9, 0xc7, 0xf9, 0xc7, 0xf8, 0xc7, 0xf8, 0xc7, 0xf8, 0xc7, 0xf8, 0xc7, 0xf8, 0xc7, 0xf7, 0xc7, 0xf8, 0xcf, 0xf8, 0xd7, 0xd5, 0xcf, 0x72, 0xc7, 0x10, 0xc7, 0x92, 0xcf, 0xd4, 0xd7, 0xf6, 0xd7, 0xf7, 0xcf, 0xf8, 0xc7, 0xf8, 0xc7, 0xf8, 0xbf, 0xf8, 0xc7, 0xf8, 0xc7, 0xf9, 0xc7, 0xf9, 0xc7, 0xf8, 0xc7, 0xf8, 0xc7, 0xf8, 0xc7, 0xf8, 0xc7, 0xf8, 0xc7, 0xf8, 0xc7, 0xf8, 0xc7, 0xf8, 0xc7, 0xf8, 0xc7, 0xf8, 0xc7, 0xf8, 0xc7, 0xf8, 0xc7, 0xf8, 0xc7, 0xf8, 0xc7, 0xf8, 0xc7, 0xf8, 0xc7, 0xf8, 0xc7, 0xf8, 0xc7, 0xf8, 0xc7, 0xf8, 0xc7, 0xf8, 0xc7, 0xf8, 0xc7, 0xf8, 0xc7, 0xf8, 0xc7, 0xf8, 0xc7, 0xf8, 0xc7, 0xf8, 0xc7, 0xf8, 0xc7, 0xf9, 0xc7, 0xf9, 0xc7, 0xf8, 0xc7, 0xf8, 0xc7, 0xf8, 0xc7, 0xf8, 0xc7, 0xf8, 0xc7, 0xf8, 0xc7, 0xf8, 0xc7, 0xf8, 0xc7, 0xf8, 0xc7, 0xf8, 0xc7, 
  0xf8, 0xc7, 0xf8, 0xc7, 0xf8, 0xc7, 0xf8, 0xc7, 0xf8, 0xc7, 0xf8, 0xc7, 0xf8, 0xc7, 0xf8, 0xc7, 0xf8, 0xc7, 0xf8, 0xc7, 0xf8, 0xc7, 0xf8, 0xc7, 0xf8, 0xc7, 0xf8, 0xc7, 0xf8, 0xc7, 0xf8, 0xc7, 0xf8, 0xc7, 0xf8, 0xc7, 0xf8, 0xc7, 0xf8, 0xc7, 0xf9, 0xc7, 0xf9, 0xc7, 0xf8, 0xc7, 0xf7, 0xc7, 0xf8, 0xc7, 0xf8, 0xc7, 0xf8, 0xc7, 0xf7, 0xc7, 0xf7, 0xcf, 0xf7, 0xcf, 0xd5, 0xc7, 0x93, 0xbf, 0xb4, 0xc7, 0xd5, 0xcf, 0xf6, 0xd7, 0xf7, 0xcf, 0xf7, 0xcf, 0xf8, 0xcf, 0xf9, 0xc7, 0xf9, 0xc7, 0xf9, 0xc7, 0xf8, 0xc7, 0xf8, 0xc7, 0xf8, 0xc7, 0xf8, 0xc7, 0xf8, 0xc7, 0xf8, 0xcf, 0xf8, 0xc7, 0xf8, 0xc7, 0xf8, 0xc7, 0xf8, 0xc7, 0xf7, 0xc7, 0xf7, 0xc7, 0xf8, 0xc7, 0xf8, 0xc7, 0xf9, 0xc7, 0xf9, 0xc7, 0xf8, 0xc7, 0xf8, 0xc7, 0xf7, 0xc7, 0xf7, 0xc7, 0xf7, 0xc7, 0xf8, 0xc7, 0xf8, 0xc7, 0xf8, 0xc7, 0xf8, 0xc7, 0xf8, 0xc7, 0xf8, 0xc7, 0xf8, 0xc7, 0xf8, 0xc7, 0xf8, 0xc7, 0xf8, 0xc7, 0xf8, 0xc7, 0xf8, 0xc7, 0xf8, 0xc7, 0xf8, 0xc7, 0xf8, 0xc7, 0xf8, 0xc7, 0xf8, 0xc7, 0xf8, 0xc7, 0xf8, 0xc7, 0xf8, 0xc7, 0xf8, 0xc7, 0xf8, 0xc7, 
  0xf8, 0xc7, 0xf8, 0xc7, 0xf8, 0xc7, 0xf8, 0xc7, 0xf8, 0xc7, 0xf8, 0xc7, 0xf8, 0xc7, 0xf8, 0xc7, 0xf8, 0xc7, 0xf8, 0xc7, 0xf8, 0xc7, 0xf8, 0xc7, 0xf8, 0xc7, 0xf8, 0xc7, 0xf8, 0xc7, 0xf8, 0xc7, 0xf8, 0xc7, 0xf8, 0xc7, 0xf8, 0xc7, 0xf8, 0xc7, 0xf9, 0xc7, 0xf9, 0xc7, 0xf8, 0xc7, 0xf7, 0xc7, 0xf8, 0xc7, 0xf8, 0xc7, 0xf8, 0xc7, 0xf8, 0xc7, 0xf8, 0xcf, 0xf7, 0xcf, 0xd5, 0xc7, 0xb4, 0xc7, 0xf5, 0xcf, 0xf6, 0xcf, 0xf6, 0xcf, 0xf7, 0xcf, 0xf7, 0xcf, 0xf8, 0xc7, 0xf8, 0xc7, 0xf9, 0xc7, 0xf9, 0xc7, 0xf8, 0xc7, 0xf8, 0xc7, 0xf8, 0xc7, 0xf8, 0xc7, 0xf8, 0xc7, 0xf8, 0xc7, 0xf8, 0xc7, 0xf8, 0xc7, 0xf8, 0xc7, 0xf8, 0xc7, 0xf7, 0xc7, 0xf7, 0xc7, 0xf8, 0xc7, 0xf8, 0xc7, 0xf9, 0xc7, 0xf9, 0xc7, 0xf8, 0xc7, 0xf8, 0xc7, 0xf7, 0xc7, 0xf7, 0xc7, 0xf8, 0xc7, 0xf8, 0xc7, 0xf8, 0xc7, 0xf8, 0xc7, 0xf8, 0xc7, 0xf8, 0xc7, 0xf8, 0xc7, 0xf8, 0xc7, 0xf8, 0xc7, 0xf8, 0xc7, 0xf8, 0xc7, 0xf8, 0xc7, 0xf8, 0xc7, 0xf8, 0xc7, 0xf8, 0xc7, 0xf8, 0xc7, 0xf8, 0xc7, 0xf8, 0xc7, 0xf8, 0xc7, 0xf8, 0xc7, 0xf8, 0xc7, 0xf8, 0xc7, 0xf8, 0xc7, 
  0xf8, 0xc7, 0xf8, 0xc7, 0xf8, 0xc7, 0xf8, 0xc7, 0xf8, 0xc7, 0xf8, 0xc7, 0xf8, 0xc7, 0xf8, 0xc7, 0xf8, 0xc7, 0xf8, 0xc7, 0xf8, 0xc7, 0xf8, 0xc7, 0xf8, 0xc7, 0xf8, 0xc7, 0xf8, 0xc7, 0xf8, 0xc7, 0xf8, 0xc7, 0xf8, 0xc7, 0xf8, 0xc7, 0xf8, 0xc7, 0xf9, 0xc7, 0xf9, 0xc7, 0xf8, 0xc7, 0xf7, 0xc7, 0xf8, 0xc7, 0xf8, 0xc7, 0xf8, 0xc7, 0xf8, 0xc7, 0xf8, 0xcf, 0xf7, 0xcf, 0xf5, 0xcf, 0xf5, 0xcf, 0xf5, 0xcf, 0xf6, 0xcf, 0xf6, 0xcf, 0xf7, 0xcf, 0xf8, 0xcf, 0xf8, 0xc7, 0xf8, 0xc7, 0xf8, 0xc7, 0xf8, 0xc7, 0xf8, 0xc7, 0xf8, 0xc7, 0xf8, 0xc7, 0xf8, 0xc7, 0xf8, 0xc7, 0xf8, 0xc7, 0xf8, 0xc7, 0xf8, 0xc7, 0xf8, 0xc7, 0xf8, 0xc7, 0xf7, 0xc7, 0xf8, 0xc7, 0xf8, 0xc7, 0xf8, 0xc7, 0xf9, 0xc7, 0xf9, 0xc7, 0xf8, 0xc7, 0xf8, 0xc7, 0xf8, 0xc7, 0xf7, 0xc7, 0xf8, 0xc7, 0xf8, 0xc7, 0xf8, 0xc7, 0xf8, 0xc7, 0xf8, 0xc7, 0xf8, 0xc7, 0xf8, 0xc7, 0xf8, 0xc7, 0xf8, 0xc7, 0xf8, 0xc7, 0xf8, 0xc7, 0xf8, 0xc7, 0xf8, 0xc7, 0xf8, 0xc7, 0xf8, 0xc7, 0xf8, 0xc7, 0xf8, 0xc7, 0xf8, 0xc7, 0xf8, 0xc7, 0xf8, 0xc7, 0xf8, 0xc7, 0xf8, 0xc7, 0xf8, 0xc7, 
#endif
#if LV_COLOR_DEPTH == 16 && LV_COLOR_16_SWAP != 0
  /*Pixel format: Red: 5 bit, Green: 6 bit, Blue: 5 bit BUT the 2 bytes are swapped*/
  0xc7, 0xf8, 0xc7, 0xf8, 0xc7, 0xf8, 0xc7, 0xf8, 0xc7, 0xf8, 0xc7, 0xf8, 0xc7, 0xf8, 0xc7, 0xf8, 0xc7, 0xf8, 0xc7, 0xf8, 0xc7, 0xf8, 0xc7, 0xf8, 0xc7, 0xf8, 0xcf, 0xf8, 0xcf, 0xf8, 0xcf, 0xf8, 0xcf, 0xf8, 0xc7, 0xf8, 0xc7, 0xf8, 0xc7, 0xf8, 0xc7, 0xf8, 0xc7, 0xf8, 0xc7, 0xf8, 0xc7, 0xf8, 0xc7, 0xf8, 0xc7, 0xf8, 0xc7, 0xf8, 0xc7, 0xf8, 0xc7, 0xf8, 0xc7, 0xf8, 0xc7, 0xf8, 0xc7, 0xf8, 0xbf, 0xf8, 0xbf, 0xf8, 0xc7, 0xf8, 0xc7, 0xf8, 0xcf, 0xf8, 0xcf, 0xf8, 0xcf, 0xd8, 0xcf, 0xf8, 0xcf, 0xd8, 0xcf, 0xd9, 0xcf, 0xd9, 0xcf, 0xba, 0xd7, 0xba, 0xdf, 0xbb, 0xe7, 0xbb, 0xe7, 0xbc, 0xef, 0xbc, 0xef, 0x9c, 0xef, 0x9c, 0xef, 0xbc, 0xe7, 0x9c, 0xe7, 0xbc, 0xe7, 0xbc, 0xe7, 0xbc, 0xdf, 0xbb, 0xd7, 0xba, 0xcf, 0xba, 0xcf, 0xd9, 0xcf, 0xd9, 0xc7, 0xf9, 0xc7, 0xf8, 0xc7, 0xf8, 0xbf, 0xf8, 0xbf, 0xf8, 0xc7, 0xf8, 0xc7, 0xf8, 0xcf, 0xf8, 0xcf, 0xf8, 0xcf, 0xf8, 0xc7, 0xf8, 0xc7, 0xf8, 0xc7, 0xf8, 0xc7, 0xf8, 0xc7, 0xf8, 0xc7, 0xf8, 0xc7, 0xf8, 0xc7, 0xf8, 0xc7, 0xf8, 0xc7, 0xf8, 0xc7, 0xf8, 0xc7, 0xf8, 0xc7, 0xf8, 
  0xc7, 0xf8, 0xc7, 0xf8, 0xc7, 0xf8, 0xc7, 0xf8, 0xc7, 0xf8, 0xc7, 0xf8, 0xc7, 0xf8, 0xc7, 0xf8, 0xc7, 0xf8, 0xc7, 0xf8, 0xc7, 0xf8, 0xc7, 0xf8, 0xc7, 0xf8, 0xcf, 0xf8, 0xcf, 0xf8, 0xcf, 0xf8, 0xcf, 0xf8, 0xc7, 0xf8, 0xc7, 0xf8, 0xc7, 0xf8, 0xc7, 0xf8, 0xc7, 0xf8, 0xc7, 0xf8, 0xc7, 0xf8, 0xc7, 0xf8, 0xc7, 0xf8, 0xc7, 0xf8, 0xc7, 0xf8, 0xc7, 0xf8, 0xc7, 0xf8, 0xc7, 0xf8, 0xc7, 0xf8, 0xc7, 0xf8, 0xc7, 0xf8, 0xc7, 0xf8, 0xc7, 0xf8, 0xc7, 0xf8, 0xc7, 0xf8, 0xcf, 0xd8, 0xcf, 0xd9, 0xcf, 0xd9, 0xcf, 0xd9, 0xd7, 0xda, 0xdf, 0xdb, 0xdf, 0xdb, 0xe7, 0xdb, 0xe7, 0xbc, 0xe7, 0xbc, 0xef, 0xbc, 0xef, 0x9c, 0xef, 0x9c, 0xef, 0xbc, 0xe7, 0x9c, 0xe7, 0xbc, 0xe7, 0xbc, 0xe7, 0xbc, 0xdf, 0xdc, 0xdf, 0xdb, 0xd7, 0xdb, 0xd7, 0xda, 0xcf, 0xfa, 0xcf, 0xf9, 0xcf, 0xf9, 0xc7, 0xf8, 0xbf, 0xf8, 0xbf, 0xf8, 0xc7, 0xf8, 0xc7, 0xf8, 0xcf, 0xf8, 0xcf, 0xf8, 0xcf, 0xf8, 0xc7, 0xf8, 0xc7, 0xf8, 0xc7, 0xf8, 0xc7, 0xf8, 0xc7, 0xf8, 0xc7, 0xf8, 0xc7, 0xf8, 0xc7, 0xf8, 0xc7, 0xf8, 0xc7, 0xf8, 0xc7, 0xf8, 0xc7, 0xf8, 0xc7, 0xf8, 
  0xc7, 0xf8, 0xc7, 0xf8, 0xc7, 0xf8, 0xc7, 0xf8, 0xc7, 0xf8, 0xc7, 0xf8, 0xc7, 0xf8, 0xc7, 0xf8, 0xc7, 0xf8, 0xc7, 0xf8, 0xc7, 0xf8, 0xc7, 0xf8, 0xc7, 0xf8, 0xc7, 0xf8, 0xcf, 0xf8, 0xc7, 0xf8, 0xc7, 0xf8, 0xc7, 0xf8, 0xc7, 0xf8, 0xc7, 0xf8, 0xc7, 0xf8, 0xc7, 0xf8, 0xc7, 0xf8, 0xc7, 0xf8, 0xc7, 0xf8, 0xc7, 0xf8, 0xc7, 0xf8, 0xc7, 0xf8, 0xc7, 0xf8, 0xc7, 0xf8, 0xc7, 0xf8, 0xc7, 0xf8, 0xc7, 0xf8, 0xc7, 0xf8, 0xc7, 0xf8, 0xc7, 0xf8, 0xc7, 0xf8, 0xc7, 0xf8, 0xcf, 0xf9, 0xcf, 0xd9, 0xd7, 0xda, 0xdf, 0xda, 0xdf, 0xdb, 0xe7, 0xdc, 0xe7, 0xdc, 0xe7, 0xdc, 0xe7, 0xbc, 0xe7, 0xbc, 0xe7, 0xbc, 0xef, 0x9d, 0xef, 0xbd, 0xef, 0xbd, 0xef, 0xbd, 0xe7, 0x9c, 0xe7, 0xbc, 0xe7, 0xbc, 0xe7, 0xdc, 0xe7, 0xdc, 0xdf, 0xdb, 0xdf, 0xfb, 0xdf, 0xfb, 0xd7, 0xfa, 0xd7, 0xda, 0xcf, 0xd9, 0xc7, 0xf8, 0xc7, 0xf8, 0xc7, 0xf8, 0xc7, 0xf8, 0xc7, 0xf8, 0xcf, 0xf8, 0xcf, 0xf8, 0xc7, 0xf8, 0xc7, 0xf8, 0xc7, 0xf8, 0xc7, 0xf8, 0xc7, 0xf8, 0xc7, 0xf8, 0xc7, 0xf8, 0xc7, 0xf8, 0xc7, 0xf8, 0xc7, 0xf8, 0xc7, 0xf8, 0xc7, 0xf8, 0xc7, 0xf8, 
  0xc7, 0xf8, 0xc7, 0xf8, 0xc7, 0xf8, 0xc7, 0xf8, 0xc7, 0xf8, 0xc7, 0xf8, 0xc7, 0xf8, 0xc7, 0xf8, 0xc7, 0xf8, 0xc7, 0xf8, 0xc7, 0xf8, 0xc7, 0xf8, 0xc7, 0xf8, 0xc7, 0xf8, 0xc7, 0xf8, 0xc7, 0xf8, 0xc7, 0xf7, 0xc7, 0xf7, 0xc7, 0xf8, 0xc7, 0xf8, 0xc7, 0xf8, 0xc7, 0xf8, 0xc7, 0xf8, 0xc7, 0xf8, 0xc7, 0xf8, 0xc7, 0xf8, 0xc7, 0xf8, 0xc7, 0xf8, 0xc7, 0xf8, 0xc7, 0xf8, 0xc7, 0xf8, 0xc7, 0xf8, 0xc7, 0xf8, 0xc7, 0xf8, 0xc7, 0xf8, 0xc7, 0xf8, 0xc7, 0xf8, 0xc7, 0xf9, 0xcf, 0xf9, 0xd7, 0xfa, 0xdf, 0xfb, 0xe7, 0xdb, 0xe7, 0xbc, 0xe7, 0xbc, 0xe7, 0xbc, 0xe7, 0xbc, 0xe7, 0xbc, 0xe7, 0xbc, 0xe7, 0xbd, 0xe7, 0xbd, 0xe7, 0xbd, 0xef, 0x9d, 0xef, 0x9d, 0xe7, 0x9d, 0xe7, 0x9d, 0xe7, 0x9c, 0xe7, 0xbc, 0xe7, 0xbc, 0xe7, 0xbc, 0xe7, 0xdc, 0xdf, 0xdb, 0xdf, 0xdb, 0xdf, 0xdb, 0xd7, 0xda, 0xcf, 0xf9, 0xc7, 0xf8, 0xc7, 0xf8, 0xc7, 0xf8, 0xc7, 0xf8, 0xcf, 0xf8, 0xc7, 0xf8, 0xc7, 0xf8, 0xc7, 0xf8, 0xc7, 0xf8, 0xc7, 0xf8, 0xc7, 0xf8, 0xc7, 0xf8, 0xc7, 0xf8, 0xc7, 0xf8, 0xc7, 0xf8, 0xc7, 0xf8, 0xc7, 0xf8, 0xc7, 0xf8, 0xc7, 0xf8, 
  0xc7, 0xf8, 0xc7, 0xf8, 0xc7, 0xf8, 0xc7, 0xf8, 0xc7, 0xf8, 0xc7, 0xf8, 0xc7, 0xf8, 0xc7, 0xf8, 0xc7, 0xf8, 0xc7, 0xf8, 0xc7, 0xf8, 0xc7, 0xf8, 0xc7, 0xf8, 0xc7, 0xf8, 0xc7, 0xf8, 0xc7, 0xf7, 0xc7, 0xf7, 0xc7, 0xf7, 0xc7, 0xf7, 0xc7, 0xf7, 0xc7, 0xf8, 0xc7, 0xf8, 0xc7, 0xf8, 0xc7, 0xf8, 0xc7, 0xf8, 0xc7, 0xf8, 0xc7, 0xf8, 0xc7, 0xf8, 0xc7, 0xf8, 0xc7, 0xf8, 0xc7, 0xf7, 0xc7, 0xf7, 0xc7, 0xf8, 0xc7, 0xf8, 0xc7, 0xf8, 0xc7, 0xf8, 0xc7, 0xf9, 0xcf, 0xfa, 0xd7, 0xfa, 0xdf, 0xfb, 0xe7, 0xdc, 0xe7, 0xbc, 0xef, 0x9c, 0xef, 0x9c, 0xe7, 0x7c, 0xe7, 0x9c, 0xe7, 0x9d, 0xe7, 0xbd, 0xe7, 0xbd, 0xe7, 0xbd, 0xe7, 0xbd, 0xef, 0x9d, 0xef, 0x9d, 0xef, 0x9d, 0xef, 0x9d, 0xef, 0x9d, 0xef, 0x9d, 0xe7, 0x9c, 0xe7, 0x9c, 0xe7, 0xbc, 0xe7, 0xbc, 0xe7, 0xbc, 0xe7, 0xdc, 0xdf, 0xdb, 0xd7, 0xda, 0xcf, 0xf9, 0xcf, 0xd9, 0xc7, 0xd8, 0xc7, 0xf8, 0xc7, 0xf8, 0xc7, 0xf8, 0xc7, 0xf8, 0xc7, 0xf8, 0xc7, 0xf8, 0xc7, 0xf8, 0xc7, 0xf8, 0xc7, 0xf8, 0xc7, 0xf8, 0xc7, 0xf8, 0xc7, 0xf8, 0xc7, 0xf8, 0xc7, 0xf8, 0xc7, 0xf8, 0xc7, 0xf8, 
  0xc7, 0xf8, 0xc7, 0xf8, 0xc7, 0xf8, 0xc7, 0xf8, 0xc7, 0xf8, 0xc7, 0xf8, 0xc7, 0xf8, 0xc7, 0xf8, 0xc7, 0xf8, 0xc7, 0xf8, 0xc7, 0xf8, 0xc7, 0xf8, 0xc7, 0xf8, 0xc7, 0xf8, 0xc7, 0xf8, 0xc7, 0xf8, 0xc7, 0xf7, 0xbf, 0xf7, 0xc7, 0xf7, 0xc7, 0xf7, 0xc7, 0xf8, 0xc7, 0xf8, 0xcf, 0xf9, 0xcf, 0xf9, 0xcf, 0xf9, 0xc7, 0xf9, 0xc7, 0xf8, 0xcf, 0xf8, 0xc7, 0xf8, 0xc7, 0xf8, 0xc7, 0xf8, 0xc7, 0xf8, 0xc7, 0xf8, 0xc7, 0xf8, 0xc7, 0xf8, 0xcf, 0xf9, 0xcf, 0xf9, 0xd7, 0xfa, 0xdf, 0xfb, 0xdf, 0xdc, 0xe7, 0xbc, 0xef, 0xbc, 0xef, 0x9d, 0xef, 0x9d, 0xef, 0x9d, 0xef, 0x9d, 0xef, 0x9d, 0xef, 0x9d, 0xe7, 0xbd, 0xe7, 0xbd, 0xe7, 0x9d, 0xef, 0x9d, 0xef, 0x9d, 0xef, 0x9d, 0xef, 0x9d, 0xef, 0x9d, 0xef, 0x9d, 0xef, 0x9d, 0xef, 0x9d, 0xef, 0x9c, 0xef, 0xbc, 0xe7, 0xbc, 0xef, 0xbc, 0xe7, 0xdc, 0xdf, 0xdb, 0xd7, 0xda, 0xd7, 0xd9, 0xcf, 0xf9, 0xc7, 0xf8, 0xc7, 0xf8, 0xc7, 0xf8, 0xc7, 0xf8, 0xc7, 0xf8, 0xc7, 0xf8, 0xc7, 0xf8, 0xc7, 0xf8, 0xc7, 0xf8, 0xc7, 0xf8, 0xc7, 0xf8, 0xc7, 0xf8, 0xc7, 0xf8, 0xc7, 0xf8, 0xc7, 0xf8, 0xc7, 0xf8, 
  0xc7, 0xf8, 0xc7, 0xf8, 0xc7, 0xf8, 0xc7, 0xf8, 0xcf, 0xf8, 0xcf, 0xf8, 0xc7, 0xf8, 0xc7, 0xf8, 0xc7, 0xf8, 0xc7, 0xf8, 0xc7, 0xf8, 0xc7, 0xf8, 0xc7, 0xf8, 0xc7, 0xf8, 0xc7, 0xf8, 0xc7, 0xf8, 0xc7, 0xf8, 0xc7, 0xf7, 0xc7, 0xf8, 0xc7, 0xf8, 0xc7, 0xf8, 0xcf, 0xf9, 0xcf, 0xf9, 0xcf, 0xfa, 0xcf, 0xda, 0xcf, 0xd9, 0xcf, 0xf9, 0xcf, 0xf9, 0xcf, 0xf9, 0xcf, 0xf8, 0xcf, 0xf8, 0xc7, 0xf8, 0xc7, 0xf8, 0xcf, 0xf9, 0xcf, 0xd9, 0xd7, 0xda, 0xdf, 0xdb, 0xdf, 0xdb, 0xe7, 0xbc, 0xe7, 0xbc, 0xe7, 0x9c, 0xe7, 0x9d, 0xe7, 0x9d, 0xef, 0x9d, 0xef, 0x9d, 0xef, 0x9d, 0xef, 0x9d, 0xef, 0x9d, 0xef, 0x9d, 0xe7, 0xbd, 0xef, 0x9d, 0xef, 0x9d, 0xef, 0x9d, 0xef, 0x9d, 0xef, 0x9d, 0xef, 0x9d, 0xef, 0x9d, 0xef, 0x9d, 0xef, 0x9d, 0xef, 0x9d, 0xef, 0x9d, 0xef, 0x9d, 0xef, 0x9c, 0xe7, 0xbc, 0xe7, 0xbb, 0xdf, 0xbb, 0xd7, 0xda, 0xcf, 0xd9, 0xcf, 0xf9, 0xc7, 0xf8, 0xc7, 0xf8, 0xc7, 0xf8, 0xc7, 0xf8, 0xc7, 0xf7, 0xc7, 0xf8, 0xc7, 0xf8, 0xc7, 0xf8, 0xc7, 0xf8, 0xc7, 0xf9, 0xc7, 0xf8, 0xc7, 0xf8, 0xc7, 0xf8, 0xc7, 0xf8, 0xc7, 0xf8, 
  0xc7, 0xf8, 0xc7, 0xf8, 0xc7, 0xf8, 0xc7, 0xf8, 0xcf, 0xf8, 0xcf, 0xf8, 0xcf, 0xf8, 0xc7, 0xf8, 0xc7, 0xf8, 0xc7, 0xf8, 0xc7, 0xf8, 0xc7, 0xf8, 0xc7, 0xf8, 0xc7, 0xf8, 0xc7, 0xf8, 0xc7, 0xf8, 0xcf, 0xf8, 0xc7, 0xf8, 0xcf, 0xf8, 0xcf, 0xd8, 0xcf, 0xd9, 0xd7, 0xda, 0xd7, 0xda, 0xd7, 0xda, 0xd7, 0xda, 0xd7, 0xda, 0xd7, 0xda, 0xd7, 0xda, 0xd7, 0xd9, 0xcf, 0xd9, 0xcf, 0xd9, 0xcf, 0xf9, 0xcf, 0xd9, 0xcf, 0xd9, 0xd7, 0xda, 0xdf, 0xdb, 0xe7, 0xdb, 0xe7, 0xbc, 0xe7, 0x9c, 0xe7, 0x9c, 0xef, 0x9d, 0xef, 0x9d, 0xe7, 0x9d, 0xe7, 0x9d, 0xe7, 0x9d, 0xef, 0x9d, 0xef, 0x9d, 0xef, 0x9d, 0xef, 0x9c, 0xef, 0x9c, 0xef, 0x9d, 0xef, 0x9d, 0xef, 0x9d, 0xef, 0x9d, 0xef, 0x9d, 0xef, 0x9d, 0xef, 0x9d, 0xef, 0x9d, 0xef, 0x7d, 0xef, 0x9d, 0xef, 0x9d, 0xef, 0x9d, 0xef, 0x9d, 0xe7, 0x9c, 0xe7, 0xbc, 0xe7, 0xbb, 0xdf, 0xbb, 0xd7, 0xda, 0xcf, 0xf9, 0xc7, 0xf9, 0xc7, 0xf8, 0xc7, 0xf8, 0xc7, 0xf8, 0xc7, 0xf7, 0xc7, 0xf8, 0xc7, 0xf8, 0xc7, 0xf8, 0xc7, 0xf8, 0xc7, 0xf9, 0xc7, 0xf9, 0xc7, 0xf8, 0xc7, 0xf8, 0xc7, 0xf8, 0xc7, 0xf8, 
  0xc7, 0xf8, 0xc7, 0xf8, 0xc7, 0xf8, 0xc7, 0xf8, 0xc7, 0xf8, 0xcf, 0xf8, 0xc7, 0xf8, 0xc7, 0xf8, 0xc7, 0xf8, 0xc7, 0xf8, 0xc7, 0xf8, 0xc7, 0xf8, 0xc7, 0xf8, 0xc7, 0xf8, 0xc7, 0xf8, 0xc7, 0xf8, 0xcf, 0xd9, 0xcf, 0xd9, 0xd7, 0xd9, 0xd7, 0xfa, 0xdf, 0xfb, 0xdf, 0xdb, 0xdf, 0xdc, 0xe7, 0xdc, 0xe7, 0xdc, 0xe7, 0xdc, 0xe7, 0xdc, 0xdf, 0xdb, 0xdf, 0xdb, 0xdf, 0xdb, 0xd7, 0xda, 0xd7, 0xda, 0xcf, 0xba, 0xd7, 0xba, 0xdf, 0xbb, 0xe7, 0xbc, 0xe7, 0xbc, 0xef, 0x9c, 0xef, 0x9d, 0xef, 0x7d, 0xef, 0x9d, 0xef, 0x9d, 0xe7, 0x9d, 0xe7, 0x9d, 0xe7, 0x9d, 0xef, 0x9c, 0xef, 0x9c, 0xef, 0x9c, 0xef, 0x9c, 0xef, 0x9c, 0xef, 0x9c, 0xef, 0x9c, 0xef, 0x9c, 0xef, 0x9d, 0xef, 0x9d, 0xef, 0x9d, 0xef, 0x9d, 0xef, 0x9d, 0xef, 0x9d, 0xef, 0x9d, 0xef, 0x9d, 0xef, 0x9d, 0xef, 0x9d, 0xef, 0x9d, 0xef, 0x9c, 0xe7, 0x9c, 0xdf, 0xbb, 0xdf, 0xdb, 0xcf, 0xfa, 0xc7, 0xf9, 0xc7, 0xf8, 0xc7, 0xf8, 0xc7, 0xf8, 0xc7, 0xf8, 0xc7, 0xf8, 0xc7, 0xf8, 0xc7, 0xf8, 0xc7, 0xf8, 0xc7, 0xf9, 0xc7, 0xf9, 0xc7, 0xf8, 0xc7, 0xf8, 0xc7, 0xf8, 0xc7, 0xf8, 
  0xc7, 0xf8, 0xc7, 0xf8, 0xc7, 0xf8, 0xc7, 0xf8, 0xc7, 0xf8, 0xc7, 0xf8, 0xc7, 0xf8, 0xc7, 0xf8, 0xc7, 0xf8, 0xc7, 0xf8, 0xc7, 0xf8, 0xc7, 0xf8, 0xc7, 0xf8, 0xc7, 0xf8, 0xcf, 0xf8, 0xcf, 0xd9, 0xd7, 0xda, 0xd7, 0xda, 0xdf, 0xdb, 0xdf, 0xdb, 0xe7, 0xdc, 0xe7, 0xbc, 0xe7, 0xbc, 0xe7, 0xbc, 0xe7, 0x9c, 0xe7, 0x9c, 0xe7, 0xbc, 0xe7, 0xbc, 0xe7, 0xbc, 0xdf, 0xbb, 0xdf, 0xdb, 0xdf, 0xdb, 0xdf, 0xbb, 0xdf, 0xbc, 0xe7, 0xbc, 0xe7, 0xbc, 0xef, 0x9d, 0xef, 0x9d, 0xef, 0x9d, 0xef, 0x7d, 0xef, 0x9d, 0xef, 0x9d, 0xef, 0x9d, 0xe7, 0x9d, 0xe7, 0x9c, 0xe7, 0x9c, 0xe7, 0x9c, 0xef, 0x9c, 0xef, 0x9c, 0xef, 0x9c, 0xef, 0x9c, 0xef, 0x9c, 0xef, 0x9c, 0xef, 0x9c, 0xef, 0x9d, 0xef, 0x9d, 0xef, 0x9d, 0xef, 0x9d, 0xef, 0x9d, 0xef, 0x9d, 0xe7, 0xbd, 0xe7, 0xbd, 0xe7, 0xbd, 0xef, 0x9d, 0xef, 0x9d, 0xef, 0x9c, 0xe7, 0xbc, 0xdf, 0xdb, 0xd7, 0xfa, 0xcf, 0xf9, 0xc7, 0xf8, 0xc7, 0xf8, 0xc7, 0xf8, 0xc7, 0xf8, 0xc7, 0xf8, 0xc7, 0xf8, 0xc7, 0xf8, 0xc7, 0xf8, 0xc7, 0xf8, 0xc7, 0xf8, 0xc7, 0xf8, 0xc7, 0xf8, 0xc7, 0xf8, 0xc7, 0xf8, 
  0xc7, 0xf8, 0xc7, 0xf8, 0xc7, 0xf8, 0xc7, 0xf8, 0xc7, 0xf8, 0xc7, 0xf8, 0xc7, 0xf8, 0xc7, 0xf8, 0xc7, 0xf8, 0xc7, 0xf8, 0xc7, 0xf8, 0xcf, 0xf9, 0xcf, 0xf9, 0xcf, 0xd9, 0xcf, 0xd9, 0xd7, 0xda, 0xdf, 0xdb, 0xe7, 0xbb, 0xe7, 0xbc, 0xe7, 0xbc, 0xe7, 0xbc, 0xe7, 0xbd, 0xe7, 0x9d, 0xef, 0x9d, 0xe7, 0x7d, 0xe7, 0x7d, 0xe7, 0x9d, 0xe7, 0x9c, 0xe7, 0x9c, 0xe7, 0xbc, 0xe7, 0xbc, 0xe7, 0xbc, 0xe7, 0xbc, 0xe7, 0xbc, 0xe7, 0x9c, 0xe7, 0x9d, 0xe7, 0x9d, 0xe7, 0x9d, 0xef, 0x9d, 0xef, 0x9d, 0xef, 0x7d, 0xef, 0x7d, 0xef, 0x9d, 0xef, 0x9d, 0xef, 0x9c, 0xe7, 0xbc, 0xe7, 0xbc, 0xe7, 0xbc, 0xef, 0x9c, 0xef, 0x9c, 0xef, 0x9c, 0xef, 0x9c, 0xef, 0x9c, 0xef, 0x9c, 0xef, 0x9c, 0xef, 0x9c, 0xe7, 0x9c, 0xe7, 0x9c, 0xe7, 0x9d, 0xe7, 0x9d, 0xe7, 0x9d, 0xe7, 0xbd, 0xe7, 0xbd, 0xe7, 0x9d, 0xef, 0x9d, 0xef, 0x9d, 0xe7, 0xbc, 0xe7, 0xdc, 0xdf, 0xfb, 0xd7, 0xfa, 0xcf, 0xf9, 0xc7, 0xf8, 0xc7, 0xf8, 0xc7, 0xf8, 0xc7, 0xf8, 0xc7, 0xf8, 0xc7, 0xf8, 0xc7, 0xf8, 0xc7, 0xf8, 0xc7, 0xf8, 0xc7, 0xf8, 0xc7, 0xf8, 0xc7, 0xf8, 0xc7, 0xf8, 
  0xc7, 0xf8, 0xc7, 0xf8, 0xc7, 0xf8, 0xc7, 0xf8, 0xc7, 0xf8, 0xc7, 0xf8, 0xc7, 0xf8, 0xc7, 0xf8, 0xc7, 0xf8, 0xc7, 0xf8, 0xc7, 0xf9, 0xcf, 0xf9, 0xcf, 0xd9, 0xcf, 0xd9, 0xd7, 0xda, 0xdf, 0xda, 0xe7, 0xdc, 0xe7, 0xbc, 0xe7, 0xbc, 0xef, 0xbc, 0xef, 0x9d, 0xef, 0x9d, 0xef, 0x9d, 0xef, 0x9d, 0xef, 0x9d, 0xef, 0x9d, 0xef, 0x9d, 0xef, 0x9d, 0xef, 0x9d, 0xef, 0x9d, 0xef, 0x9c, 0xef, 0x9c, 0xef, 0x9d, 0xef, 0x9d, 0xef, 0x9d, 0xe7, 0x9d, 0xe7, 0x9d, 0xe7, 0xbd, 0xef, 0x9d, 0xef, 0x9d, 0xef, 0x9d, 0xef, 0x7d, 0xef, 0x7d, 0xef, 0x9c, 0xef, 0x9c, 0xe7, 0xbc, 0xe7, 0xbc, 0xe7, 0xbc, 0xe7, 0x9c, 0xef, 0x9c, 0xef, 0x9c, 0xef, 0x9c, 0xef, 0x9c, 0xef, 0x9c, 0xef, 0x9c, 0xe7, 0x9c, 0xe7, 0x9c, 0xe7, 0x9c, 0xe7, 0x9c, 0xe7, 0x9d, 0xe7, 0xbd, 0xe7, 0xbd, 0xe7, 0xbd, 0xe7, 0x9d, 0xef, 0x9d, 0xef, 0x9d, 0xef, 0xbd, 0xe7, 0xdc, 0xdf, 0xdb, 0xd7, 0xda, 0xcf, 0xf9, 0xcf, 0xf9, 0xc7, 0xf8, 0xc7, 0xf8, 0xc7, 0xf8, 0xc7, 0xf8, 0xc7, 0xf8, 0xc7, 0xf8, 0xc7, 0xf8, 0xc7, 0xf8, 0xc7, 0xf8, 0xc7, 0xf8, 0xc7, 0xf8, 0xc7, 0xf8, 
  0xc7, 0xf8, 0xc7, 0xf8, 0xc7, 0xf8, 0xc7, 0xf8, 0xc7, 0xf8, 0xc7, 0xf8, 0xc7, 0xf8, 0xc7, 0xf8, 0xc7, 0xf8, 0xc7, 0xf8, 0xc7, 0xf9, 0xcf, 0xd9, 0xcf, 0xd9, 0xd7, 0xda, 0xdf, 0xda, 0xe7, 0xdb, 0xe7, 0xbc, 0xef, 0x9d, 0xef, 0x9d, 0xef, 0x9d, 0xef, 0x9d, 0xef, 0x9d, 0xef, 0x9d, 0xef, 0x9d, 0xef, 0x9d, 0xef, 0x9d, 0xef, 0x9d, 0xef, 0x9d, 0xef, 0x9d, 0xef, 0x9d, 0xef, 0x9d, 0xef, 0x9d, 0xef, 0x7d, 0xef, 0x7d, 0xef, 0x9d, 0xe7, 0x9d, 0xe7, 0x9d, 0xe7, 0xbd, 0xe7, 0xbd, 0xef, 0x9d, 0xef, 0x9d, 0xef, 0x9d, 0xef, 0x7d, 0xef, 0x9d, 0xef, 0x9c, 0xe7, 0x9c, 0xe7, 0xbc, 0xe7, 0xbc, 0xe7, 0x9c, 0xef, 0x9c, 0xef, 0x9c, 0xef, 0x9c, 0xe7, 0x9c, 0xe7, 0x9c, 0xe7, 0x9c, 0xe7, 0x9c, 0xe7, 0x9c, 0xe7, 0x9c, 0xe7, 0x9c, 0xe7, 0x9d, 0xe7, 0x9d, 0xe7, 0x9d, 0xe7, 0x9d, 0xe7, 0x9d, 0xef, 0x9d, 0xef, 0x9d, 0xef, 0x9d, 0xe7, 0xbc, 0xe7, 0xdc, 0xdf, 0xdb, 0xd7, 0xda, 0xcf, 0xd9, 0xcf, 0xf9, 0xc7, 0xf8, 0xc7, 0xf8, 0xc7, 0xf8, 0xc7, 0xf8, 0xc7, 0xf8, 0xc7, 0xf8, 0xc7, 0xf8, 0xc7, 0xf8, 0xc7, 0xf8, 0xc7, 0xf8, 0xc7, 0xf8, 
  0xc7, 0xf8, 0xc7, 0xf8, 0xc7, 0xf8, 0xc7, 0xf8, 0xc7, 0xf8, 0xc7, 0xf8, 0xc7, 0xf8, 0xc7, 0xf8, 0xc7, 0xf8, 0xc7, 0xf8, 0xc7, 0xf9, 0xcf, 0xd9, 0xd7, 0xda, 0xdf, 0xda, 0xdf, 0xdb, 0xe7, 0xdc, 0xef, 0xbc, 0xef, 0x9d, 0xef, 0x9d, 0xef, 0x9d, 0xef, 0x9d, 0xef, 0x9d, 0xef, 0x9d, 0xef, 0x9d, 0xef, 0x9d, 0xef, 0x9d, 0xef, 0x9d, 0xef, 0x9d, 0xef, 0x9d, 0xef, 0x9d, 0xef, 0x9d, 0xef, 0x9d, 0xef, 0x9d, 0xef, 0x9d, 0xef, 0x9d, 0xef, 0x9d, 0xe7, 0x9c, 0xe7, 0x9c, 0xe7, 0x9c, 0xe7, 0x9c, 0xef, 0x9c, 0xef, 0x9c, 0xef, 0x9d, 0xef, 0x9d, 0xef, 0x9d, 0xef, 0x9d, 0xef, 0x9d, 0xef, 0x9d, 0xe7, 0x9d, 0xe7, 0x9d, 0xe7, 0x9c, 0xe7, 0x9c, 0xe7, 0x9c, 0xe7, 0x9c, 0xe7, 0x9c, 0xe7, 0x9c, 0xe7, 0x9c, 0xe7, 0x9c, 0xe7, 0x9c, 0xe7, 0x9d, 0xe7, 0x9d, 0xef, 0x9d, 0xef, 0x9d, 0xef, 0x9d, 0xef, 0x9d, 0xef, 0x9d, 0xef, 0x9d, 0xe7, 0x9c, 0xe7, 0xbc, 0xe7, 0xdb, 0xdf, 0xda, 0xcf, 0xd9, 0xcf, 0xf9, 0xc7, 0xf8, 0xc7, 0xf8, 0xc7, 0xf8, 0xc7, 0xf8, 0xc7, 0xf8, 0xc7, 0xf8, 0xc7, 0xf8, 0xc7, 0xf8, 0xc7, 0xf8, 0xc7, 0xf8, 0xc7, 0xf8, 
  0xc7, 0xf8, 0xc7, 0xf8, 0xc7, 0xf8, 0xc7, 0xf8, 0xc7, 0xf8, 0xc7, 0xf8, 0xc7, 0xf8, 0xc7, 0xf8, 0xc7, 0xf8, 0xc7, 0xf8, 0xc7, 0xf9, 0xcf, 0xd9, 0xd7, 0xda, 0xdf, 0xdb, 0xe7, 0xdb, 0xe7, 0xbc, 0xef, 0x9c, 0xef, 0x9d, 0xef, 0x9d, 0xef, 0x9d, 0xef, 0x9d, 0xef, 0x9d, 0xe7, 0x9d, 0xef, 0x9d, 0xe7, 0x9c, 0xe7, 0x9c, 0xef, 0x9c, 0xef, 0x9d, 0xef, 0x9d, 0xef, 0x9d, 0xef, 0x9d, 0xef, 0x9d, 0xe7, 0x9c, 0xe7, 0x9c, 0xe7, 0x9c, 0xe7, 0x9c, 0xef, 0x9c, 0xef, 0x9c, 0xef, 0x9c, 0xe7, 0x9c, 0xe7, 0x9c, 0xe7, 0x9c, 0xe7, 0x9c, 0xe7, 0x9d, 0xef, 0x9d, 0xef, 0x9d, 0xef, 0x7d, 0xef, 0x7d, 0xef, 0x9d, 0xe7, 0x9d, 0xe7, 0x9d, 0xe7, 0x9d, 0xe7, 0x9d, 0xe7, 0x9d, 0xe7, 0x9d, 0xe7, 0x9c, 0xe7, 0x9c, 0xef, 0x9c, 0xef, 0x9d, 0xef, 0x9d, 0xef, 0x9d, 0xef, 0x9d, 0xef, 0x9d, 0xef, 0x9d, 0xef, 0x9d, 0xef, 0x9d, 0xe7, 0x9d, 0xe7, 0x9c, 0xe7, 0xbc, 0xe7, 0xdc, 0xdf, 0xdb, 0xd7, 0xda, 0xcf, 0xf9, 0xc7, 0xf9, 0xc7, 0xf8, 0xc7, 0xf8, 0xc7, 0xf8, 0xc7, 0xf8, 0xc7, 0xf8, 0xc7, 0xf8, 0xc7, 0xf8, 0xc7, 0xf8, 0xc7, 0xf8, 0xc7, 0xf8, 
  0xc7, 0xf8, 0xc7, 0xf8, 0xc7, 0xf8, 0xc7, 0xf8, 0xc7, 0xf8, 0xc7, 0xf8, 0xc7, 0xf8, 0xc7, 0xf8, 0xc7, 0xf8, 0xc7, 0xf8, 0xc7, 0xd9, 0xcf, 0xd9, 0xdf, 0xda, 0xe7, 0xdb, 0xe7, 0xbc, 0xe7, 0x9c, 0xef, 0x9c, 0xef, 0x7d, 0xef, 0x9d, 0xef, 0x9d, 0xef, 0x9d, 0xef, 0x9d, 0xe7, 0x9c, 0xe7, 0x9c, 0xef, 0xbd, 0xef, 0xbd, 0xef, 0xbd, 0xef, 0xbd, 0xef, 0x9d, 0xef, 0x9d, 0xef, 0x9d, 0xef, 0x9d, 0xe7, 0xbd, 0xe7, 0xbc, 0xe7, 0x9c, 0xef, 0x9c, 0xef, 0x9c, 0xef, 0x9c, 0xef, 0x9c, 0xef, 0xbc, 0xe7, 0x9c, 0xe7, 0xbc, 0xe7, 0x9d, 0xe7, 0x9d, 0xef, 0x9d, 0xef, 0x7d, 0xef, 0x7d, 0xef, 0x7d, 0xef, 0x9d, 0xe7, 0x9d, 0xe7, 0x9d, 0xe7, 0x9d, 0xe7, 0x9d, 0xe7, 0x9d, 0xe7, 0x9d, 0xe7, 0x9d, 0xef, 0x9d, 0xef, 0x9d, 0xef, 0x9d, 0xef, 0x9d, 0xef, 0x9d, 0xef, 0x9d, 0xef, 0x9d, 0xef, 0x9d, 0xef, 0x9d, 0xef, 0x9d, 0xef, 0x7d, 0xe7, 0x7c, 0xef, 0xbc, 0xef, 0xdc, 0xdf, 0xdb, 0xd7, 0xda, 0xcf, 0xf9, 0xc7, 0xf9, 0xc7, 0xf8, 0xc7, 0xf8, 0xc7, 0xf8, 0xc7, 0xf8, 0xc7, 0xf8, 0xc7, 0xf8, 0xc7, 0xf8, 0xc7, 0xf8, 0xc7, 0xf8, 0xc7, 0xf8, 
  0xc7, 0xf9, 0xc7, 0xf8, 0xc7, 0xf8, 0xc7, 0xf8, 0xc7, 0xf8, 0xc7, 0xf8, 0xc7, 0xf8, 0xc7, 0xf8, 0xc7, 0xf8, 0xc7, 0xf8, 0xcf, 0xf9, 0xd7, 0xfa, 0xdf, 0xdb, 0xe7, 0xbc, 0xef, 0x9c, 0xef, 0x9d, 0xef, 0x9d, 0xef, 0x9d, 0xef, 0x9d, 0xef, 0x9d, 0xef, 0x9d, 0xef, 0x9d, 0xef, 0x9d, 0xef, 0x9d, 0xef, 0x9d, 0xef, 0x9d, 0xef, 0x9d, 0xef, 0x9d, 0xef, 0x9d, 0xef, 0x9d, 0xef, 0x9d, 0xef, 0x9d, 0xef, 0x9d, 0xef, 0x9d, 0xef, 0x9d, 0xef, 0x9d, 0xef, 0x9d, 0xef, 0x9d, 0xef, 0x9d, 0xef, 0x9d, 0xef, 0x9d, 0xef, 0x9d, 0xef, 0x9d, 0xef, 0x9d, 0xef, 0x9d, 0xef, 0x9d, 0xef, 0x9d, 0xef, 0x9d, 0xef, 0x9d, 0xef, 0x9d, 0xef, 0x9d, 0xef, 0x9d, 0xef, 0x9d, 0xef, 0x9d, 0xef, 0x9d, 0xef, 0x9d, 0xef, 0x9d, 0xef, 0x9d, 0xef, 0x9d, 0xef, 0x9d, 0xef, 0x9d, 0xef, 0x9d, 0xef, 0x9d, 0xef, 0x9d, 0xef, 0x9d, 0xef, 0x9d, 0xef, 0x9d, 0xef, 0x9d, 0xef, 0x9d, 0xe7, 0xbc, 0xdf, 0xdb, 0xd7, 0xfa, 0xcf, 0xf9, 0xc7, 0xf8, 0xc7, 0xf8, 0xc7, 0xf8, 0xc7, 0xf8, 0xc7, 0xf8, 0xc7, 0xf8, 0xc7, 0xf8, 0xc7, 0xf8, 0xc7, 0xf8, 0xc7, 0xf8, 0xc7, 0xf8, 
  0xc7, 0xf9, 0xc7, 0xf8, 0xc7, 0xf8, 0xc7, 0xf8, 0xc7, 0xf8, 0xc7, 0xf8, 0xc7, 0xf8, 0xc7, 0xf8, 0xc7, 0xf8, 0xc7, 0xf8, 0xcf, 0xf9, 0xd7, 0xda, 0xdf, 0xdb, 0xe7, 0xbc, 0xef, 0x9c, 0xef, 0x9d, 0xef, 0x9d, 0xef, 0x9d, 0xef, 0x9d, 0xef, 0x9d, 0xef, 0x9d, 0xef, 0x9d, 0xef, 0x9d, 0xef, 0x9d, 0xef, 0x9d, 0xef, 0x9d, 0xef, 0x9d, 0xef, 0x9d, 0xef, 0x9d, 0xef, 0x9d, 0xef, 0x9d, 0xef, 0x9d, 0xef, 0x9d, 0xef, 0x9d, 0xef, 0x9d, 0xef, 0x9d, 0xef, 0x9d, 0xef, 0x9d, 0xef, 0x9d, 0xef, 0x9d, 0xef, 0x9d, 0xef, 0x9d, 0xef, 0x9d, 0xef, 0x9d, 0xef, 0x9d, 0xef, 0x9d, 0xef, 0x9d, 0xef, 0x9d, 0xef, 0x9d, 0xef, 0x9d, 0xef, 0x9d, 0xef, 0x9d, 0xef, 0x9d, 0xef, 0x9d, 0xef, 0x9d, 0xef, 0x9d, 0xef, 0x9d, 0xef, 0x9d, 0xef, 0x9d, 0xef, 0x9d, 0xef, 0x9d, 0xef, 0x9d, 0xef, 0x9d, 0xef, 0x9d, 0xef, 0x7d, 0xef, 0x9d, 0xef, 0x9d, 0xef, 0x9d, 0xef, 0x9d, 0xe7, 0xbc, 0xe7, 0xdc, 0xdf, 0xfb, 0xcf, 0xf9, 0xcf, 0xf8, 0xc7, 0xf8, 0xc7, 0xf8, 0xc7, 0xf8, 0xc7, 0xf8, 0xc7, 0xf8, 0xc7, 0xf8, 0xc7, 0xf8, 0xc7, 0xf8, 0xc7, 0xf8, 0xc7, 0xf8, 
  0xc7, 0xf8, 0xc7, 0xf8, 0xc7, 0xf8, 0xc7, 0xf8, 0xc7, 0xf8, 0xc7, 0xf8, 0xc7, 0xf8, 0xc7, 0xf8, 0xc7, 0xf8, 0xcf, 0xf9, 0xcf, 0xd9, 0xd7, 0xda, 0xe7, 0xdb, 0xe7, 0xbc, 0xef, 0x9c, 0xef, 0x9d, 0xef, 0x9d, 0xef, 0x9d, 0xef, 0x9d, 0xef, 0x9d, 0xef, 0x9d, 0xef, 0x9d, 0xef, 0x9d, 0xef, 0x9d, 0xef, 0x9d, 0xef, 0x9d, 0xef, 0x9d, 0xef, 0x9d, 0xef, 0x9d, 0xef, 0x9d, 0xef, 0x9d, 0xef, 0x9d, 0xef, 0x9d, 0xef, 0x9d, 0xef, 0x9d, 0xef, 0x9d, 0xef, 0x9d, 0xef, 0x9d, 0xef, 0x9d, 0xef, 0x9d, 0xef, 0x9d, 0xef, 0x9d, 0xef, 0x9d, 0xef, 0x9d, 0xef, 0x9d, 0xef, 0x9d, 0xef, 0x9d, 0xef, 0x9d, 0xef, 0x9d, 0xef, 0x9d, 0xef, 0x9d, 0xef, 0x9d, 0xef, 0x9d, 0xef, 0x9d, 0xef, 0x9d, 0xef, 0x9d, 0xef, 0x9d, 0xef, 0x9d, 0xef, 0x9d, 0xef, 0x9d, 0xef, 0x9d, 0xef, 0x9d, 0xef, 0x9d, 0xef, 0x9d, 0xef, 0x9d, 0xef, 0x9d, 0xef, 0x9d, 0xef, 0x9d, 0xef, 0x9d, 0xe7, 0xbd, 0xe7, 0xdc, 0xdf, 0xdb, 0xcf, 0xd9, 0xcf, 0xf9, 0xc7, 0xf8, 0xc7, 0xf8, 0xc7, 0xf8, 0xc7, 0xf8, 0xc7, 0xf8, 0xc7, 0xf8, 0xc7, 0xf8, 0xc7, 0xf8, 0xc7, 0xf8, 0xc7, 0xf8, 
  0xc7, 0xf8, 0xc7, 0xf8, 0xc7, 0xf8, 0xc7, 0xf8, 0xc7, 0xf8, 0xc7, 0xf8, 0xc7, 0xf8, 0xc7, 0xf8, 0xc7, 0xf8, 0xcf, 0xd9, 0xcf, 0xd9, 0xdf, 0xdb, 0xe7, 0xdc, 0xef, 0xbc, 0xef, 0x9d, 0xef, 0x9d, 0xef, 0x9d, 0xef, 0x9d, 0xef, 0x9d, 0xef, 0x9d, 0xef, 0x9d, 0xef, 0x9d, 0xef, 0x9d, 0xef, 0x9d, 0xef, 0x9d, 0xef, 0x9d, 0xef, 0x9d, 0xef, 0x9d, 0xef, 0x9d, 0xef, 0x9d, 0xef, 0x9d, 0xef, 0x9d, 0xef, 0x9d, 0xef, 0x9d, 0xef, 0x9d, 0xef, 0x9d, 0xef, 0x9d, 0xef, 0x9d, 0xef, 0x9d, 0xef, 0x9d, 0xef, 0x9d, 0xef, 0x9d, 0xef, 0x9d, 0xef, 0x9d, 0xef, 0x9d, 0xef, 0x9d, 0xef, 0x9d, 0xef, 0x9d, 0xef, 0x9d, 0xef, 0x9d, 0xef, 0x9d, 0xef, 0x9d, 0xef, 0x9d, 0xef, 0x9d, 0xef, 0x9d, 0xef, 0x9d, 0xef, 0x9d, 0xef, 0x9d, 0xef, 0x9d, 0xef, 0x9d, 0xef, 0x9d, 0xef, 0x9d, 0xef, 0x9d, 0xef, 0x9d, 0xef, 0x9d, 0xef, 0x9d, 0xef, 0x9d, 0xef, 0x9d, 0xef, 0x9d, 0xe7, 0xbd, 0xe7, 0xdc, 0xdf, 0xdb, 0xcf, 0xd9, 0xcf, 0xd9, 0xc7, 0xf8, 0xc7, 0xf8, 0xc7, 0xf8, 0xc7, 0xf8, 0xc7, 0xf8, 0xc7, 0xf8, 0xc7, 0xf8, 0xc7, 0xf8, 0xc7, 0xf8, 0xc7, 0xf8, 
  0xc7, 0xf8, 0xc7, 0xf8, 0xc7, 0xf8, 0xc7, 0xf8, 0xc7, 0xf8, 0xc7, 0xf8, 0xc7, 0xf8, 0xc7, 0xf8, 0xc7, 0xf8, 0xcf, 0xd9, 0xd7, 0xda, 0xdf, 0xdb, 0xe7, 0xdc, 0xef, 0xbc, 0xef, 0x9d, 0xef, 0x9d, 0xef, 0x9d, 0xef, 0x9d, 0xef, 0x9d, 0xef, 0x9d, 0xef, 0x9d, 0xef, 0x9d, 0xef, 0x9d, 0xef, 0x9d, 0xef, 0x9d, 0xef, 0x9d, 0xef, 0x9d, 0xef, 0x9d, 0xef, 0x9d, 0xef, 0x9d, 0xef, 0x9d, 0xef, 0x9d, 0xef, 0x9d, 0xef, 0x9d, 0xef, 0x9d, 0xef, 0x9d, 0xef, 0x9d, 0xef, 0x9d, 0xef, 0x9d, 0xef, 0x9d, 0xef, 0x9d, 0xef, 0x9d, 0xef, 0x9d, 0xef, 0x9d, 0xef, 0x9d, 0xef, 0x9d, 0xef, 0x9d, 0xef, 0x9d, 0xef, 0x9d, 0xef, 0x9d, 0xef, 0x9d, 0xef, 0x9d, 0xef, 0x9d, 0xef, 0x9d, 0xef, 0x9d, 0xef, 0x9d, 0xef, 0x9d, 0xef, 0x9d, 0xef, 0x9d, 0xef, 0x9d, 0xef, 0x9d, 0xef, 0x9d, 0xef, 0x9d, 0xef, 0x9d, 0xef, 0x9d, 0xef, 0x9d, 0xef, 0x9d, 0xef, 0x9d, 0xef, 0x9d, 0xef, 0xbd, 0xe7, 0xdc, 0xdf, 0xdb, 0xd7, 0xba, 0xcf, 0xd9, 0xcf, 0xd8, 0xc7, 0xf8, 0xc7, 0xf8, 0xc7, 0xf8, 0xc7, 0xf8, 0xc7, 0xf8, 0xc7, 0xf8, 0xc7, 0xf8, 0xc7, 0xf8, 0xc7, 0xf8, 
  0xc7, 0xf8, 0xc7, 0xf8, 0xc7, 0xf8, 0xc7, 0xf8, 0xbf, 0xf8, 0xbf, 0xf8, 0xc7, 0xf8, 0xc7, 0xf8, 0xcf, 0xf9, 0xcf, 0xd9, 0xd7, 0xba, 0xe7, 0xbb, 0xe7, 0xbc, 0xef, 0xbd, 0xef, 0x9d, 0xef, 0x9d, 0xef, 0x9d, 0xef, 0x9d, 0xef, 0x9d, 0xef, 0x9d, 0xef, 0x9d, 0xef, 0x9d, 0xef, 0x9d, 0xef, 0x9d, 0xef, 0x9d, 0xef, 0x9d, 0xef, 0x9d, 0xef, 0x9d, 0xef, 0x9d, 0xef, 0x9d, 0xef, 0x9d, 0xef, 0x9d, 0xef, 0x9d, 0xef, 0x9d, 0xef, 0x9d, 0xef, 0x9d, 0xef, 0x9d, 0xef, 0x9d, 0xef, 0x9d, 0xef, 0x9d, 0xef, 0x9d, 0xef, 0x9d, 0xef, 0x9d, 0xef, 0x9d, 0xef, 0x9d, 0xef, 0x9d, 0xef, 0x9d, 0xef, 0x9d, 0xef, 0x9d, 0xef, 0x9d, 0xef, 0x9d, 0xef, 0x9d, 0xef, 0x9d, 0xef, 0x9d, 0xef, 0x9d, 0xef, 0x9d, 0xef, 0x9d, 0xef, 0x9d, 0xef, 0x9d, 0xef, 0x9d, 0xef, 0x9d, 0xef, 0x9d, 0xef, 0x9d, 0xef, 0x9d, 0xef, 0x9d, 0xef, 0x9d, 0xef, 0x9d, 0xef, 0x9d, 0xef, 0x9d, 0xef, 0xbd, 0xe7, 0xbc, 0xe7, 0xbc, 0xd7, 0xba, 0xcf, 0xb9, 0xcf, 0xd9, 0xc7, 0xf8, 0xc7, 0xf8, 0xc7, 0xf8, 0xc7, 0xf8, 0xc7, 0xf8, 0xc7, 0xf8, 0xc7, 0xf8, 0xc7, 0xf8, 0xc7, 0xf8, 
  0xcf, 0xf7, 0xc7, 0xf7, 0xc7, 0xf7, 0xc7, 0xf8, 0xbf, 0xf8, 0xbf, 0xf8, 0xbf, 0xf8, 0xc7, 0xf8, 0xcf, 0xd9, 0xd7, 0xb9, 0xdf, 0xba, 0xe7, 0xbb, 0xef, 0xbc, 0xef, 0xbd, 0xef, 0x9d, 0xef, 0x9d, 0xef, 0x9d, 0xef, 0x9d, 0xef, 0x9d, 0xef, 0x9d, 0xef, 0x9d, 0xef, 0x9d, 0xef, 0x9d, 0xef, 0x9d, 0xef, 0x9d, 0xef, 0x9d, 0xef, 0x9d, 0xef, 0x9d, 0xef, 0x9d, 0xef, 0x9d, 0xef, 0x9d, 0xef, 0x9d, 0xef, 0x9d, 0xef, 0x9d, 0xef, 0x9d, 0xef, 0x9d, 0xef, 0x9d, 0xef, 0x9d, 0xef, 0x9d, 0xef, 0x9d, 0xef, 0x9d, 0xef, 0x9d, 0xef, 0x9d, 0xef, 0x9d, 0xef, 0x9d, 0xef, 0x9d, 0xef, 0x9d, 0xef, 0x9d, 0xef, 0x9d, 0xef, 0x9d, 0xef, 0x9d, 0xef, 0x9d, 0xef, 0x9d, 0xef, 0x9d, 0xef, 0x9d, 0xef, 0x9d, 0xef, 0x9d, 0xef, 0x9d, 0xef, 0x9d, 0xef, 0x9d, 0xef, 0x9d, 0xef, 0x9d, 0xef, 0x9d, 0xef, 0x9d, 0xef, 0x9d, 0xef, 0xbd, 0xef, 0x9d, 0xef, 0x9d, 0xef, 0x9d, 0xef, 0xbd, 0xe7, 0xbd, 0xe7, 0xbc, 0xdf, 0xbb, 0xd7, 0xba, 0xcf, 0xd9, 0xcf, 0xd9, 0xcf, 0xf8, 0xc7, 0xf8, 0xc7, 0xf8, 0xc7, 0xf8, 0xc7, 0xf8, 0xc7, 0xf8, 0xc7, 0xf8, 0xc7, 0xf8, 
  0xcf, 0xf7, 0xc7, 0xf7, 0xc7, 0xf7, 0xc7, 0xf8, 0xbf, 0xf8, 0xbf, 0xf8, 0xc7, 0xf8, 0xc7, 0xf9, 0xcf, 0xd9, 0xd7, 0xba, 0xdf, 0x9a, 0xe7, 0x9c, 0xef, 0xbc, 0xef, 0x9d, 0xef, 0x9d, 0xef, 0x9d, 0xef, 0x9d, 0xef, 0x9d, 0xef, 0x9d, 0xef, 0x9d, 0xef, 0x9d, 0xef, 0x9d, 0xef, 0x9d, 0xef, 0x9d, 0xef, 0x9d, 0xef, 0x9d, 0xef, 0x9d, 0xef, 0x9d, 0xef, 0x9d, 0xef, 0x9d, 0xef, 0x9d, 0xef, 0x9d, 0xef, 0x9d, 0xef, 0x9d, 0xef, 0x9d, 0xef, 0x9d, 0xef, 0x9d, 0xef, 0x9d, 0xef, 0x9d, 0xef, 0x9d, 0xef, 0x9d, 0xef, 0x9d, 0xef, 0x9d, 0xef, 0x9d, 0xef, 0x9d, 0xef, 0x9d, 0xef, 0x9d, 0xef, 0x9d, 0xef, 0x9d, 0xef, 0x9d, 0xef, 0x9d, 0xef, 0x9d, 0xef, 0x9d, 0xef, 0x9d, 0xef, 0x9d, 0xef, 0x9d, 0xef, 0x9d, 0xef, 0x9d, 0xef, 0x9d, 0xef, 0x9d, 0xef, 0x9d, 0xef, 0x9d, 0xef, 0x9d, 0xef, 0x9d, 0xef, 0x9d, 0xef, 0xbd, 0xef, 0xbd, 0xef, 0x9d, 0xef, 0x9d, 0xef, 0xbd, 0xef, 0xbd, 0xe7, 0xbc, 0xdf, 0xbc, 0xdf, 0xbb, 0xd7, 0xba, 0xcf, 0xd9, 0xcf, 0xd9, 0xcf, 0xf9, 0xc7, 0xf8, 0xc7, 0xf8, 0xc7, 0xf8, 0xc7, 0xf8, 0xc7, 0xf8, 0xc7, 0xf8, 
  0xcf, 0xf7, 0xc7, 0xf7, 0xc7, 0xf7, 0xc7, 0xf8, 0xc7, 0xf8, 0xc7, 0xf9, 0xc7, 0xf9, 0xcf, 0xd9, 0xd7, 0xda, 0xdf, 0xbb, 0xe7, 0xbb, 0xef, 0x9c, 0xef, 0x9c, 0xef, 0x9d, 0xef, 0x9d, 0xef, 0x9d, 0xef, 0x9d, 0xef, 0x9d, 0xef, 0x9d, 0xef, 0x9d, 0xef, 0x9d, 0xef, 0x9d, 0xef, 0x9d, 0xef, 0x9d, 0xef, 0x9d, 0xef, 0x9d, 0xef, 0x9d, 0xef, 0x9d, 0xef, 0x9d, 0xef, 0x9d, 0xef, 0x9d, 0xef, 0x9d, 0xef, 0x9d, 0xef, 0x9d, 0xef, 0x9d, 0xef, 0x9d, 0xef, 0x9d, 0xef, 0x9d, 0xef, 0x9d, 0xef, 0x9d, 0xef, 0x9d, 0xef, 0x9d, 0xef, 0x9d, 0xef, 0x9d, 0xef, 0x9d, 0xef, 0x9d, 0xef, 0x9d, 0xef, 0x9d, 0xef, 0x9d, 0xef, 0x9d, 0xef, 0x9d, 0xef, 0x9d, 0xef, 0x9d, 0xef, 0x9d, 0xef, 0x9d, 0xef, 0x9d, 0xef, 0x9d, 0xef, 0x9d, 0xef, 0x9d, 0xef, 0x9d, 0xef, 0x9d, 0xef, 0x9d, 0xef, 0x9d, 0xef, 0x9d, 0xef, 0x9d, 0xef, 0x9d, 0xef, 0x9d, 0xef, 0x9d, 0xef, 0x9d, 0xef, 0x9d, 0xef, 0x9d, 0xe7, 0xbc, 0xe7, 0xbc, 0xe7, 0xbc, 0xdf, 0xdb, 0xd7, 0xda, 0xd7, 0xda, 0xcf, 0xd9, 0xcf, 0xf8, 0xc7, 0xf8, 0xc7, 0xf8, 0xc7, 0xf8, 0xc7, 0xf8, 0xc7, 0xf8, 
  0xcf, 0xf8, 0xc7, 0xf8, 0xc7, 0xf8, 0xc7, 0xf8, 0xc7, 0xf8, 0xc7, 0xf9, 0xcf, 0xfa, 0xd7, 0xda, 0xdf, 0xdb, 0xe7, 0xbb, 0xe7, 0x9c, 0xef, 0x9c, 0xef, 0x9d, 0xef, 0x9d, 0xef, 0x9d, 0xef, 0x9d, 0xef, 0x9d, 0xef, 0x9d, 0xef, 0x9d, 0xef, 0x9d, 0xef, 0x9d, 0xef, 0x9d, 0xef, 0x9d, 0xef, 0x9d, 0xef, 0x9d, 0xef, 0x9d, 0xef, 0x9d, 0xef, 0x9d, 0xef, 0x9d, 0xef, 0x9d, 0xef, 0x9d, 0xef, 0x9d, 0xef, 0x9d, 0xef, 0x9d, 0xef, 0x9d, 0xef, 0x9d, 0xef, 0x9d, 0xef, 0x9d, 0xef, 0x9d, 0xef, 0x9d, 0xef, 0x9d, 0xef, 0x9d, 0xef, 0x9d, 0xef, 0x9d, 0xef, 0x9d, 0xef, 0x9d, 0xef, 0x9d, 0xef, 0x9d, 0xef, 0x9d, 0xef, 0x9d, 0xef, 0x9d, 0xef, 0x9d, 0xef, 0x9d, 0xef, 0x9d, 0xef, 0x9d, 0xef, 0x9d, 0xef, 0x9d, 0xef, 0x9d, 0xef, 0x9d, 0xef, 0x9d, 0xef, 0x9d, 0xef, 0x9d, 0xef, 0x9d, 0xef, 0x9d, 0xef, 0x9d, 0xef, 0x9d, 0xef, 0x9d, 0xef, 0x9d, 0xef, 0x9d, 0xef, 0x9d, 0xef, 0x9d, 0xef, 0x9d, 0xe7, 0xbc, 0xe7, 0xbc, 0xe7, 0xdc, 0xdf, 0xdb, 0xdf, 0xda, 0xd7, 0xda, 0xcf, 0xd9, 0xcf, 0xd8, 0xc7, 0xf8, 0xc7, 0xf8, 0xc7, 0xf8, 0xc7, 0xf8, 
  0xcf, 0xf8, 0xcf, 0xf8, 0xcf, 0xf8, 0xcf, 0xf9, 0xcf, 0xf9, 0xcf, 0xda, 0xd7, 0xda, 0xdf, 0xdb, 0xe7, 0xdc, 0xe7, 0xbc, 0xef, 0x9c, 0xef, 0x9c, 0xef, 0x9d, 0xef, 0x9d, 0xef, 0x9d, 0xef, 0x9d, 0xef, 0x9d, 0xef, 0x9d, 0xef, 0x9d, 0xef, 0x9d, 0xef, 0x9d, 0xef, 0x9d, 0xef, 0x9d, 0xef, 0x9d, 0xef, 0x9d, 0xef, 0x9d, 0xef, 0x9d, 0xef, 0x9d, 0xef, 0x9d, 0xef, 0x9d, 0xef, 0x9d, 0xef, 0x9d, 0xef, 0x9d, 0xef, 0x9d, 0xef, 0x9d, 0xef, 0x9d, 0xef, 0x9d, 0xef, 0x9d, 0xef, 0x9d, 0xef, 0x9d, 0xef, 0x9d, 0xef, 0x9d, 0xef, 0x9d, 0xef, 0x9d, 0xef, 0x9d, 0xef, 0x9d, 0xef, 0x9d, 0xef, 0x9d, 0xef, 0x9d, 0xef, 0x9d, 0xef, 0x9d, 0xef, 0x9d, 0xef, 0x9d, 0xef, 0x9d, 0xef, 0x9d, 0xef, 0x9d, 0xef, 0x9d, 0xef, 0x9d, 0xef, 0x9d, 0xef, 0x9d, 0xef, 0x9d, 0xef, 0x9d, 0xef, 0x9d, 0xef, 0x9d, 0xef, 0x9d, 0xef, 0x9d, 0xef, 0x9d, 0xef, 0x9d, 0xef, 0x9d, 0xef, 0x9d, 0xef, 0x9d, 0xef, 0x9d, 0xef, 0x9d, 0xe7, 0xbd, 0xe7, 0xbc, 0xe7, 0xdc, 0xdf, 0xdb, 0xdf, 0xdb, 0xd7, 0xda, 0xcf, 0xd9, 0xcf, 0xf9, 0xc7, 0xf8, 0xc7, 0xf8, 0xc7, 0xf8, 
  0xc7, 0xf8, 0xc7, 0xf9, 0xcf, 0xf9, 0xcf, 0xd9, 0xd7, 0xda, 0xd7, 0xda, 0xdf, 0xdb, 0xe7, 0xdc, 0xe7, 0xbc, 0xef, 0x9c, 0xef, 0x9d, 0xef, 0x9d, 0xef, 0x9d, 0xef, 0x9d, 0xef, 0x9d, 0xef, 0x9d, 0xef, 0x9d, 0xef, 0x9d, 0xef, 0x9d, 0xef, 0x9d, 0xef, 0x9d, 0xef, 0x9d, 0xef, 0x9d, 0xef, 0x9d, 0xef, 0x9d, 0xef, 0x9d, 0xef, 0x9d, 0xef, 0x9d, 0xef, 0x9d, 0xef, 0x9d, 0xef, 0x9d, 0xef, 0x9d, 0xef, 0x9d, 0xef, 0x9d, 0xef, 0x9d, 0xef, 0x9d, 0xef, 0x9d, 0xef, 0x9d, 0xef, 0x9d, 0xef, 0x9d, 0xef, 0x9d, 0xef, 0x9d, 0xef, 0x9d, 0xef, 0x9d, 0xef, 0x9d, 0xef, 0x9d, 0xef, 0x9d, 0xef, 0x9d, 0xef, 0x9d, 0xef, 0x9d, 0xef, 0x9d, 0xef, 0x9d, 0xef, 0x9d, 0xef, 0x9d, 0xef, 0x9d, 0xef, 0x9d, 0xef, 0x9d, 0xef, 0x9d, 0xef, 0x9d, 0xef, 0x9d, 0xef, 0x9d, 0xef, 0x9d, 0xef, 0x9d, 0xef, 0x9d, 0xef, 0x9d, 0xef, 0x9d, 0xef, 0x9d, 0xef, 0x9d, 0xef, 0x9d, 0xef, 0x9d, 0xef, 0x9d, 0xef, 0x9d, 0xef, 0x9d, 0xe7, 0x9d, 0xe7, 0x9c, 0xe7, 0xbc, 0xe7, 0xdc, 0xe7, 0xdc, 0xdf, 0xdb, 0xd7, 0xda, 0xcf, 0xd9, 0xc7, 0xf8, 0xc7, 0xf8, 0xc7, 0xf8, 
  0xc7, 0xf9, 0xc7, 0xf9, 0xcf, 0xd9, 0xd7, 0xda, 0xdf, 0xdb, 0xe7, 0xdb, 0xe7, 0xbc, 0xef, 0xbc, 0xef, 0x9c, 0xef, 0x9d, 0xef, 0x9d, 0xef, 0x9d, 0xef, 0x9d, 0xef, 0x9d, 0xef, 0x9d, 0xef, 0x9d, 0xef, 0x9d, 0xef, 0x9d, 0xef, 0x9d, 0xef, 0x9d, 0xef, 0x9d, 0xef, 0x9d, 0xef, 0x9d, 0xef, 0x9d, 0xef, 0x9d, 0xef, 0x9d, 0xef, 0x9d, 0xef, 0x9d, 0xef, 0x9d, 0xef, 0x9d, 0xef, 0x9d, 0xef, 0x9d, 0xef, 0x9d, 0xef, 0x9d, 0xef, 0x9d, 0xef, 0x9d, 0xef, 0x9d, 0xef, 0x9d, 0xef, 0x9d, 0xef, 0x9d, 0xef, 0x9d, 0xef, 0x9d, 0xef, 0x9d, 0xef, 0x9d, 0xef, 0x9d, 0xef, 0x9d, 0xef, 0x9d, 0xef, 0x9d, 0xef, 0x9d, 0xef, 0x9d, 0xef, 0x9d, 0xef, 0x9d, 0xef, 0x9d, 0xef, 0x9d, 0xef, 0x9d, 0xef, 0x9d, 0xef, 0x9d, 0xef, 0x9d, 0xef, 0x9d, 0xef, 0x9d, 0xef, 0x9d, 0xef, 0x9d, 0xef, 0x9d, 0xef, 0x9d, 0xef, 0x7d, 0xef, 0x7d, 0xef, 0x9d, 0xef, 0x9d, 0xe7, 0x9c, 0xe7, 0x9c, 0xef, 0x9c, 0xef, 0x9d, 0xef, 0x9d, 0xef, 0x7d, 0xef, 0x9d, 0xef, 0x9d, 0xef, 0xbc, 0xe7, 0xbc, 0xe7, 0xbc, 0xdf, 0xdb, 0xd7, 0xf9, 0xcf, 0xf9, 0xcf, 0xd8, 0xc7, 0xf8, 
  0xc7, 0xf9, 0xc7, 0xf9, 0xcf, 0xda, 0xd7, 0xda, 0xe7, 0xdb, 0xe7, 0xbc, 0xef, 0x9c, 0xef, 0x9d, 0xef, 0x9d, 0xef, 0x9d, 0xef, 0x9d, 0xef, 0x9d, 0xef, 0x9d, 0xef, 0x9d, 0xef, 0x9d, 0xef, 0x9d, 0xef, 0x9d, 0xef, 0x9d, 0xef, 0x9d, 0xef, 0x9d, 0xef, 0x9d, 0xef, 0x9d, 0xef, 0x9d, 0xef, 0x9d, 0xef, 0x9d, 0xef, 0x9d, 0xef, 0x9d, 0xef, 0x9d, 0xef, 0x9d, 0xef, 0x9d, 0xef, 0x9d, 0xef, 0x9d, 0xef, 0x9d, 0xef, 0x9d, 0xef, 0x9d, 0xef, 0x9d, 0xef, 0x9d, 0xef, 0x9d, 0xef, 0x9d, 0xef, 0x9d, 0xef, 0x9d, 0xef, 0x9d, 0xef, 0x9d, 0xef, 0x9d, 0xef, 0x9d, 0xef, 0x9d, 0xef, 0x9d, 0xef, 0x9d, 0xef, 0x9d, 0xef, 0x9d, 0xef, 0x9d, 0xef, 0x9d, 0xef, 0x9d, 0xef, 0x9d, 0xef, 0x9d, 0xef, 0x9d, 0xef, 0x9d, 0xef, 0x9d, 0xef, 0x9d, 0xef, 0x9d, 0xef, 0x9d, 0xef, 0x9d, 0xef, 0x9d, 0xef, 0x9d, 0xef, 0x7d, 0xef, 0x7d, 0xef, 0x9d, 0xef, 0x9d, 0xe7, 0x9c, 0xe7, 0x9c, 0xe7, 0x9c, 0xef, 0x9d, 0xef, 0x9d, 0xef, 0x9d, 0xef, 0x7d, 0xef, 0x9d, 0xef, 0x9d, 0xe7, 0xbc, 0xe7, 0xbc, 0xdf, 0xdb, 0xd7, 0xfa, 0xcf, 0xf9, 0xcf, 0xd8, 0xcf, 0xd8, 
  0xc7, 0xf9, 0xc7, 0xf9, 0xd7, 0xda, 0xdf, 0xdb, 0xe7, 0xbc, 0xef, 0x9c, 0xef, 0x9d, 0xef, 0x7d, 0xf7, 0x9d, 0xef, 0x7d, 0xef, 0x9d, 0xef, 0x9d, 0xef, 0x9d, 0xef, 0x9d, 0xef, 0x9d, 0xef, 0x9d, 0xef, 0x9d, 0xef, 0x9d, 0xef, 0x9d, 0xef, 0x9d, 0xef, 0x9d, 0xef, 0x9d, 0xef, 0x9d, 0xef, 0x9d, 0xef, 0x9d, 0xef, 0x9d, 0xef, 0x9d, 0xef, 0x9d, 0xef, 0x9d, 0xef, 0x9d, 0xef, 0x9d, 0xef, 0x9d, 0xef, 0x9d, 0xef, 0x9d, 0xef, 0x9d, 0xef, 0x9d, 0xef, 0x9d, 0xef, 0x9d, 0xef, 0x9d, 0xef, 0x9d, 0xef, 0x9d, 0xef, 0x9d, 0xef, 0x9d, 0xef, 0x9d, 0xef, 0x9d, 0xef, 0x9d, 0xef, 0x9d, 0xef, 0x9d, 0xef, 0x9d, 0xef, 0x9d, 0xef, 0x9d, 0xef, 0x9d, 0xef, 0x9d, 0xef, 0x9d, 0xef, 0x9d, 0xef, 0x9d, 0xef, 0x9d, 0xef, 0x9d, 0xef, 0x9d, 0xef, 0x9d, 0xef, 0x9d, 0xef, 0x9d, 0xef, 0x9d, 0xef, 0x9d, 0xef, 0x7d, 0xef, 0x7d, 0xef, 0x7d, 0xef, 0x9d, 0xe7, 0x9c, 0xe7, 0x9c, 0xe7, 0x9c, 0xef, 0x9d, 0xef, 0x9d, 0xef, 0x9d, 0xef, 0x7d, 0xef, 0x9d, 0xef, 0x9d, 0xef, 0x9d, 0xe7, 0x9c, 0xe7, 0xbc, 0xd7, 0xfa, 0xcf, 0xd9, 0xcf, 0xd8, 0xcf, 0xd8, 
  0xc7, 0xd9, 0xcf, 0xfa, 0xd7, 0xdb, 0xdf, 0xdb, 0xe7, 0xbc, 0xef, 0x9c, 0xef, 0x7d, 0xf7, 0x7d, 0xf7, 0x7e, 0xef, 0x7d, 0xef, 0x9d, 0xef, 0x9d, 0xef, 0x9d, 0xef, 0x9d, 0xef, 0xbd, 0xef, 0xbd, 0xef, 0x9d, 0xef, 0x9d, 0xef, 0x9d, 0xef, 0x9d, 0xef, 0x9d, 0xef, 0x9d, 0xef, 0x9d, 0xef, 0x9d, 0xef, 0x9d, 0xef, 0x9d, 0xef, 0x9d, 0xef, 0x9d, 0xef, 0x9d, 0xef, 0x9d, 0xef, 0x9d, 0xef, 0x9d, 0xef, 0x9d, 0xef, 0x9d, 0xef, 0x9d, 0xef, 0x9d, 0xef, 0x9d, 0xef, 0x9d, 0xef, 0x9d, 0xef, 0x9d, 0xef, 0x9d, 0xef, 0x9d, 0xef, 0x9d, 0xef, 0x9d, 0xef, 0x9d, 0xef, 0x9d, 0xef, 0x9d, 0xef, 0x9d, 0xef, 0x9d, 0xef, 0x9d, 0xef, 0x9d, 0xef, 0x9d, 0xef, 0x9d, 0xef, 0x9d, 0xef, 0x9d, 0xef, 0x9d, 0xef, 0x9d, 0xef, 0x9d, 0xef, 0x9d, 0xef, 0x9d, 0xef, 0x9d, 0xef, 0x9d, 0xef, 0x9d, 0xef, 0x9d, 0xef, 0x7d, 0xef, 0x7d, 0xef, 0x9d, 0xef, 0x9d, 0xef, 0x9d, 0xef, 0x9c, 0xef, 0x9d, 0xef, 0x9d, 0xef, 0x9d, 0xef, 0x9d, 0xef, 0x9d, 0xef, 0x9d, 0xef, 0x9d, 0xef, 0x9d, 0xef, 0xbd, 0xe7, 0xbc, 0xdf, 0xfb, 0xd7, 0xda, 0xcf, 0xd9, 0xcf, 0xf9, 
  0xd7, 0xba, 0xdf, 0xdb, 0xdf, 0xdb, 0xe7, 0xbc, 0xef, 0xbd, 0xef, 0x9d, 0xef, 0x7d, 0xef, 0x9e, 0xef, 0x7e, 0xef, 0x7d, 0xef, 0x7d, 0xef, 0x9d, 0xef, 0x9d, 0xef, 0x9d, 0xef, 0xbd, 0xef, 0xbd, 0xef, 0x9d, 0xef, 0x9d, 0xef, 0x9d, 0xef, 0x9d, 0xef, 0x9d, 0xef, 0x9d, 0xef, 0x9d, 0xef, 0x9d, 0xef, 0x9d, 0xef, 0x9d, 0xef, 0x9d, 0xef, 0x9d, 0xef, 0x9d, 0xef, 0x9d, 0xef, 0x9d, 0xef, 0x9d, 0xef, 0x9d, 0xef, 0x9d, 0xef, 0x9d, 0xef, 0x9d, 0xef, 0x9d, 0xef, 0x9d, 0xef, 0x9d, 0xef, 0x9d, 0xef, 0x9d, 0xef, 0x9d, 0xef, 0x9d, 0xef, 0x9d, 0xef, 0x9d, 0xef, 0x9d, 0xef, 0x9d, 0xef, 0x9d, 0xef, 0x9d, 0xef, 0x9d, 0xef, 0x9d, 0xef, 0x9d, 0xef, 0x9d, 0xef, 0x9d, 0xef, 0x9d, 0xef, 0x9d, 0xef, 0x9d, 0xef, 0x9d, 0xef, 0x7d, 0xef, 0x7d, 0xef, 0x9d, 0xef, 0x9d, 0xef, 0x9d, 0xef, 0xbd, 0xef, 0x9d, 0xef, 0x9d, 0xef, 0x9d, 0xef, 0x9d, 0xef, 0x9d, 0xef, 0x9d, 0xef, 0x9d, 0xef, 0x9d, 0xef, 0x9d, 0xef, 0x9d, 0xef, 0x9d, 0xef, 0x9d, 0xef, 0x9d, 0xef, 0x9d, 0xef, 0x9d, 0xef, 0xbd, 0xe7, 0xdc, 0xdf, 0xdb, 0xd7, 0xfa, 0xcf, 0xd9, 
  0xdf, 0xba, 0xdf, 0xdb, 0xe7, 0xdc, 0xe7, 0xbc, 0xef, 0xbd, 0xef, 0x9d, 0xef, 0x9d, 0xef, 0x9e, 0xef, 0x9e, 0xef, 0x9d, 0xef, 0x9d, 0xef, 0x9d, 0xef, 0x9d, 0xef, 0x9d, 0xef, 0x9d, 0xef, 0x9d, 0xef, 0x9d, 0xef, 0x9d, 0xef, 0x9d, 0xef, 0x9d, 0xef, 0x9d, 0xef, 0x9d, 0xef, 0x9d, 0xef, 0x9d, 0xef, 0x9d, 0xef, 0x9d, 0xef, 0x9d, 0xef, 0x9d, 0xef, 0x9d, 0xef, 0x9d, 0xef, 0x9d, 0xef, 0x9d, 0xef, 0x9d, 0xef, 0x9d, 0xef, 0x9d, 0xef, 0x9d, 0xef, 0x9d, 0xef, 0x9d, 0xef, 0x9d, 0xef, 0x9d, 0xef, 0x9d, 0xef, 0x9d, 0xef, 0x9d, 0xef, 0x9d, 0xef, 0x9d, 0xef, 0x9d, 0xef, 0x9d, 0xef, 0x9d, 0xef, 0x9d, 0xef, 0x9d, 0xef, 0x9d, 0xef, 0x9d, 0xef, 0x9d, 0xef, 0x9d, 0xef, 0x9d, 0xef, 0x9d, 0xef, 0x9d, 0xef, 0x9d, 0xef, 0x9d, 0xef, 0x9d, 0xef, 0x9d, 0xef, 0x9d, 0xef, 0x9d, 0xef, 0x9d, 0xef, 0x9d, 0xef, 0x9d, 0xef, 0x9d, 0xef, 0x9d, 0xef, 0x9d, 0xef, 0x9d, 0xef, 0x9d, 0xef, 0x9d, 0xef, 0x9d, 0xef, 0x9d, 0xef, 0x9d, 0xef, 0x9d, 0xef, 0x9d, 0xef, 0x9d, 0xef, 0x9d, 0xef, 0x9d, 0xef, 0xbd, 0xdf, 0xbc, 0xdf, 0xfa, 0xcf, 0xb9, 
  0xdf, 0xbb, 0xe7, 0xdb, 0xe7, 0xbc, 0xe7, 0xbc, 0xef, 0xbd, 0xef, 0x9d, 0xef, 0x9d, 0xef, 0x9e, 0xef, 0x9d, 0xef, 0x9d, 0xef, 0x9d, 0xef, 0x9d, 0xef, 0x9d, 0xef, 0x9d, 0xef, 0x9d, 0xef, 0x7d, 0xef, 0x9d, 0xef, 0x9d, 0xef, 0x9d, 0xef, 0x9d, 0xef, 0x9d, 0xef, 0x9d, 0xef, 0x9d, 0xef, 0x9d, 0xef, 0x9d, 0xef, 0x9d, 0xef, 0x9d, 0xef, 0x9d, 0xef, 0x9d, 0xef, 0x9d, 0xef, 0x9d, 0xef, 0x9d, 0xef, 0x9d, 0xef, 0x9d, 0xef, 0x9d, 0xef, 0x9d, 0xef, 0x9d, 0xef, 0x9d, 0xef, 0x9d, 0xef, 0x9d, 0xef, 0x9d, 0xef, 0x9d, 0xef, 0x9d, 0xef, 0x9d, 0xef, 0x9d, 0xef, 0x9d, 0xef, 0x9d, 0xef, 0x9d, 0xef, 0x9d, 0xef, 0x9d, 0xef, 0x9d, 0xef, 0x9d, 0xef, 0x9d, 0xef, 0x9d, 0xef, 0x9d, 0xef, 0x9d, 0xef, 0x9d, 0xef, 0x9d, 0xef, 0x9d, 0xef, 0x9d, 0xef, 0x9d, 0xef, 0x9d, 0xef, 0x9d, 0xef, 0x7d, 0xef, 0x9d, 0xef, 0x9d, 0xef, 0x9d, 0xef, 0x9d, 0xef, 0x9d, 0xef, 0x9d, 0xef, 0x9d, 0xef, 0x9d, 0xef, 0x9d, 0xef, 0x9d, 0xef, 0x9d, 0xef, 0x9d, 0xef, 0x9d, 0xef, 0x9d, 0xef, 0x9d, 0xef, 0x9d, 0xef, 0xbd, 0xe7, 0xbc, 0xdf, 0xdb, 0xcf, 0xb9, 
  0xe7, 0xbb, 0xe7, 0xdc, 0xe7, 0xbc, 0xe7, 0x9c, 0xef, 0x9d, 0xef, 0x9d, 0xef, 0x9d, 0xef, 0x9d, 0xef, 0x9d, 0xef, 0x9d, 0xef, 0x9d, 0xef, 0x9d, 0xef, 0x9d, 0xef, 0x9d, 0xef, 0x9d, 0xef, 0x9d, 0xef, 0x9d, 0xef, 0x9d, 0xef, 0x9d, 0xef, 0x9d, 0xef, 0x9d, 0xef, 0x9d, 0xef, 0x9d, 0xef, 0x9d, 0xef, 0x9d, 0xef, 0x9d, 0xef, 0x9d, 0xef, 0x9d, 0xef, 0x9d, 0xef, 0x9d, 0xef, 0x9d, 0xef, 0x9d, 0xef, 0x9d, 0xef, 0x9d, 0xef, 0x9d, 0xef, 0x9d, 0xef, 0x9d, 0xef, 0x9d, 0xef, 0x9d, 0xef, 0x9d, 0xef, 0x9d, 0xef, 0x9d, 0xef, 0x9d, 0xef, 0x9d, 0xef, 0x9d, 0xef, 0x9d, 0xef, 0x9d, 0xef, 0x9d, 0xef, 0x9d, 0xef, 0x9d, 0xef, 0x9d, 0xef, 0x9d, 0xef, 0x9d, 0xef, 0x9d, 0xef, 0x9d, 0xef, 0x9d, 0xef, 0x9d, 0xef, 0x9d, 0xef, 0x9d, 0xef, 0x9d, 0xef, 0x9d, 0xef, 0x9d, 0xef, 0x9d, 0xef, 0x9d, 0xef, 0x9d, 0xef, 0x9d, 0xef, 0x9d, 0xef, 0x9d, 0xef, 0x9d, 0xef, 0x9d, 0xef, 0x9d, 0xef, 0x9d, 0xef, 0x9d, 0xef, 0x9d, 0xef, 0x9d, 0xef, 0x9d, 0xef, 0x9d, 0xef, 0x9d, 0xef, 0x9d, 0xef, 0x9d, 0xef, 0x9d, 0xe7, 0xbc, 0xdf, 0xdb, 0xd7, 0xba, 
  0xe7, 0x9c, 0xef, 0xbc, 0xef, 0xbd, 0xef, 0x9d, 0xef, 0x9d, 0xef, 0x9d, 0xef, 0x9d, 0xef, 0x9d, 0xef, 0x9d, 0xef, 0x9d, 0xef, 0x9d, 0xef, 0x9d, 0xef, 0x9d, 0xef, 0x9d, 0xef, 0x9d, 0xf7, 0xbd, 0xef, 0x9d, 0xef, 0x9d, 0xef, 0x9d, 0xef, 0x9d, 0xef, 0x9d, 0xef, 0x9d, 0xef, 0x9d, 0xef, 0x9d, 0xef, 0x9d, 0xef, 0x9d, 0xef, 0x9d, 0xef, 0x9d, 0xef, 0x9d, 0xef, 0x9d, 0xef, 0x9d, 0xef, 0x9d, 0xef, 0x9d, 0xef, 0x9d, 0xef, 0x9d, 0xef, 0x9d, 0xef, 0x9d, 0xef, 0x9d, 0xef, 0x9d, 0xef, 0x9d, 0xef, 0x9d, 0xef, 0x9d, 0xef, 0x9d, 0xef, 0x9d, 0xef, 0x9d, 0xef, 0x9d, 0xef, 0x9d, 0xef, 0x9d, 0xef, 0x9d, 0xef, 0x9d, 0xef, 0x9d, 0xef, 0x9d, 0xef, 0x9d, 0xef, 0x9d, 0xef, 0x9d, 0xef, 0x9d, 0xef, 0x9d, 0xef, 0x9d, 0xef, 0x9d, 0xef, 0x9d, 0xef, 0x9d, 0xef, 0x9d, 0xef, 0x9d, 0xef, 0xbd, 0xef, 0x9d, 0xef, 0x9d, 0xef, 0x9d, 0xef, 0x9d, 0xef, 0x9d, 0xef, 0x9d, 0xef, 0x9d, 0xef, 0x9d, 0xef, 0x9d, 0xef, 0x9d, 0xef, 0x9d, 0xef, 0x9d, 0xef, 0x9d, 0xef, 0x9d, 0xef, 0x9d, 0xef, 0x9d, 0xef, 0x9d, 0xe7, 0x9d, 0xe7, 0xdc, 0xd7, 0xba, 
  0xef, 0x9c, 0xef, 0xbd, 0xef, 0x9d, 0xef, 0x9d, 0xef, 0x9d, 0xef, 0x9d, 0xef, 0x9d, 0xef, 0x9d, 0xef, 0xbd, 0xef, 0xbd, 0xef, 0xbd, 0xef, 0xbd, 0xef, 0x9d, 0xef, 0x9d, 0xef, 0x9d, 0xef, 0x9d, 0xef, 0x9d, 0xef, 0x9d, 0xef, 0x9d, 0xef, 0x9d, 0xef, 0x9d, 0xef, 0x9d, 0xef, 0x9d, 0xef, 0x9d, 0xef, 0x9d, 0xef, 0x9d, 0xef, 0x9d, 0xef, 0x9d, 0xef, 0x9d, 0xef, 0x9d, 0xef, 0x9d, 0xef, 0x9d, 0xef, 0x9d, 0xef, 0x9d, 0xef, 0x9d, 0xef, 0x9d, 0xef, 0x9d, 0xef, 0x9d, 0xef, 0x9d, 0xef, 0x9d, 0xef, 0x9d, 0xef, 0x9d, 0xef, 0x9d, 0xef, 0x9d, 0xef, 0x9d, 0xef, 0x9d, 0xef, 0x9d, 0xef, 0x9d, 0xef, 0x9d, 0xef, 0x9d, 0xef, 0x9d, 0xef, 0x9d, 0xef, 0x9d, 0xef, 0x9d, 0xef, 0x9d, 0xef, 0x9d, 0xef, 0x9d, 0xef, 0x9d, 0xef, 0x9d, 0xef, 0x9d, 0xef, 0x9d, 0xef, 0x9d, 0xef, 0x9d, 0xef, 0x9d, 0xef, 0x9d, 0xef, 0x9d, 0xef, 0x9d, 0xef, 0x9d, 0xef, 0x9d, 0xef, 0x9d, 0xef, 0x9d, 0xef, 0x9d, 0xef, 0x9d, 0xef, 0x9d, 0xef, 0x9d, 0xef, 0x9d, 0xef, 0x9d, 0xef, 0x9d, 0xef, 0x9d, 0xef, 0x9d, 0xef, 0x9e, 0xef, 0x9d, 0xe7, 0xdc, 0xdf, 0xba, 
  0xef, 0x7c, 0xef, 0x9d, 0xef, 0x9d, 0xef, 0x7d, 0xf7, 0x9d, 0xf7, 0x9d, 0xef, 0x9d, 0xef, 0x9d, 0xef, 0x9d, 0xef, 0x9d, 0xef, 0xbd, 0xef, 0xbd, 0xef, 0x9d, 0xef, 0x9d, 0xef, 0x9d, 0xef, 0x7d, 0xef, 0x9d, 0xef, 0x9d, 0xef, 0x9d, 0xef, 0x9d, 0xef, 0x9d, 0xef, 0x9d, 0xef, 0x9d, 0xef, 0x9d, 0xef, 0x9d, 0xef, 0x9d, 0xef, 0x9d, 0xef, 0x9d, 0xef, 0x9d, 0xef, 0x9d, 0xef, 0x9d, 0xef, 0x9d, 0xef, 0x9d, 0xef, 0x9d, 0xef, 0x9d, 0xef, 0x9d, 0xef, 0x9d, 0xef, 0x9d, 0xef, 0x9d, 0xef, 0x9d, 0xef, 0x9d, 0xef, 0x9d, 0xef, 0x9d, 0xef, 0x9d, 0xef, 0x9d, 0xef, 0x9d, 0xef, 0x9d, 0xef, 0x9d, 0xef, 0x9d, 0xef, 0x9d, 0xef, 0x9d, 0xef, 0x9d, 0xef, 0x9d, 0xef, 0x9d, 0xef, 0x9d, 0xef, 0x9d, 0xef, 0x9d, 0xef, 0x9d, 0xef, 0x9d, 0xef, 0x9d, 0xef, 0x9d, 0xef, 0x9d, 0xef, 0x9d, 0xef, 0x9d, 0xef, 0x9d, 0xef, 0x9d, 0xef, 0x9d, 0xef, 0x9d, 0xef, 0x9d, 0xef, 0x9d, 0xef, 0x9d, 0xef, 0x9d, 0xef, 0x9d, 0xef, 0x9d, 0xef, 0x9d, 0xef, 0x9d, 0xef, 0x9d, 0xef, 0x9d, 0xef, 0x9d, 0xef, 0x9d, 0xef, 0x9e, 0xef, 0x9d, 0xe7, 0xdc, 0xdf, 0x9b, 
  0xef, 0x7d, 0xef, 0x9d, 0xef, 0x9d, 0xef, 0x7d, 0xf7, 0x9e, 0xf7, 0x9e, 0xef, 0x9d, 0xef, 0x9d, 0xef, 0x9d, 0xef, 0x9d, 0xef, 0xbd, 0xef, 0xbd, 0xef, 0x9d, 0xef, 0x9d, 0xef, 0x7d, 0xef, 0x7d, 0xef, 0x9d, 0xef, 0x9d, 0xef, 0x9d, 0xef, 0x9d, 0xef, 0x9d, 0xef, 0x9d, 0xef, 0x9d, 0xef, 0x9d, 0xef, 0x9d, 0xef, 0x9d, 0xef, 0x9d, 0xef, 0x9d, 0xef, 0x9d, 0xef, 0x9d, 0xef, 0x9d, 0xef, 0x9d, 0xef, 0x9d, 0xef, 0x9d, 0xef, 0x9d, 0xef, 0x9d, 0xef, 0x9d, 0xef, 0x9d, 0xef, 0x9d, 0xef, 0x9d, 0xef, 0x9d, 0xef, 0x9d, 0xef, 0x9d, 0xef, 0x9d, 0xef, 0x9d, 0xef, 0x9d, 0xef, 0x9d, 0xef, 0x9d, 0xef, 0x9d, 0xef, 0x9d, 0xef, 0x9d, 0xef, 0x9d, 0xef, 0x9d, 0xef, 0x9d, 0xef, 0x9d, 0xef, 0x9d, 0xef, 0x9d, 0xef, 0x9d, 0xef, 0x9d, 0xef, 0x9d, 0xef, 0x9d, 0xef, 0x9d, 0xef, 0x9d, 0xef, 0x7d, 0xef, 0x9d, 0xef, 0x9d, 0xef, 0x9d, 0xef, 0x9d, 0xef, 0x9d, 0xef, 0x9d, 0xef, 0x9d, 0xef, 0x9d, 0xef, 0x9d, 0xef, 0x9d, 0xef, 0x9d, 0xef, 0x9d, 0xef, 0x9d, 0xef, 0x9d, 0xef, 0x9d, 0xef, 0x9d, 0xf7, 0x9e, 0xef, 0x9d, 0xe7, 0xdc, 0xdf, 0xbb, 
  0xef, 0x9d, 0xef, 0xbd, 0xef, 0x9d, 0xef, 0x7d, 0xef, 0x9d, 0xf7, 0x9e, 0xef, 0x9d, 0xef, 0x9d, 0xef, 0x9d, 0xef, 0x9d, 0xef, 0x9d, 0xef, 0x9d, 0xef, 0x9d, 0xef, 0x9d, 0xef, 0x9d, 0xef, 0x9d, 0xef, 0x9d, 0xef, 0x9d, 0xef, 0x9d, 0xef, 0x9d, 0xef, 0x9d, 0xef, 0x9d, 0xef, 0x9d, 0xef, 0x9d, 0xef, 0x9d, 0xef, 0x9d, 0xef, 0x9d, 0xef, 0x9d, 0xef, 0x9d, 0xef, 0x9d, 0xef, 0x9d, 0xef, 0x9d, 0xef, 0x9d, 0xef, 0x9d, 0xef, 0x9d, 0xef, 0x9d, 0xef, 0x9d, 0xef, 0x9d, 0xef, 0x9d, 0xef, 0x9d, 0xef, 0x9d, 0xef, 0x9d, 0xef, 0x9d, 0xef, 0x9d, 0xef, 0x9d, 0xef, 0x9d, 0xef, 0x9d, 0xef, 0x9d, 0xef, 0x9d, 0xef, 0x9d, 0xef, 0x9d, 0xef, 0x9d, 0xef, 0x9d, 0xef, 0x9d, 0xef, 0x9d, 0xef, 0x9d, 0xef, 0x9d, 0xef, 0x9d, 0xef, 0x9d, 0xef, 0x9d, 0xef, 0x9d, 0xef, 0x9d, 0xef, 0x9d, 0xef, 0x9d, 0xef, 0x9d, 0xef, 0x9d, 0xef, 0x9d, 0xef, 0x9d, 0xef, 0x9d, 0xef, 0x9d, 0xef, 0x9d, 0xef, 0x9d, 0xef, 0x9d, 0xef, 0x9d, 0xef, 0x9d, 0xef, 0x9d, 0xef, 0x9d, 0xef, 0x9d, 0xef, 0x9d, 0xef, 0x9d, 0xef, 0x7d, 0xef, 0x9d, 0xe7, 0xbc, 0xdf, 0xbb, 
  0xef, 0x9d, 0xef, 0xbd, 0xef, 0x9d, 0xef, 0x7d, 0xef, 0x9d, 0xef, 0x9d, 0xef, 0x9d, 0xef, 0x9d, 0xef, 0x9d, 0xef, 0x9d, 0xef, 0x9d, 0xef, 0x9d, 0xef, 0x9d, 0xef, 0x9d, 0xef, 0x9d, 0xef, 0x9d, 0xef, 0x9d, 0xef, 0x9d, 0xef, 0x9d, 0xef, 0x9d, 0xef, 0x9d, 0xef, 0x9d, 0xef, 0x9d, 0xef, 0x9d, 0xef, 0x9d, 0xef, 0x9d, 0xef, 0x9d, 0xef, 0x9d, 0xef, 0x9d, 0xef, 0x9d, 0xef, 0x9d, 0xef, 0x9d, 0xef, 0x9d, 0xef, 0x9d, 0xef, 0x9d, 0xef, 0x9d, 0xef, 0x9d, 0xef, 0x9d, 0xef, 0x9d, 0xef, 0x9d, 0xef, 0x9d, 0xef, 0x9d, 0xef, 0x9d, 0xef, 0x9d, 0xef, 0x9d, 0xef, 0x9d, 0xef, 0x9d, 0xef, 0x9d, 0xef, 0x9d, 0xef, 0x9d, 0xef, 0x9d, 0xef, 0x9d, 0xef, 0x9d, 0xef, 0x9d, 0xef, 0x9d, 0xef, 0x9d, 0xef, 0x9d, 0xef, 0x9d, 0xef, 0x9d, 0xef, 0x9d, 0xef, 0x9d, 0xef, 0x9d, 0xef, 0x9d, 0xef, 0x9d, 0xef, 0x9d, 0xef, 0x9d, 0xef, 0x9d, 0xef, 0x9d, 0xef, 0x9d, 0xef, 0x9d, 0xef, 0x9d, 0xef, 0x9d, 0xef, 0x9d, 0xef, 0x9d, 0xef, 0x9d, 0xef, 0x9d, 0xef, 0x9d, 0xef, 0x9d, 0xef, 0x9d, 0xef, 0x9d, 0xef, 0x7d, 0xef, 0x9d, 0xe7, 0xbc, 0xdf, 0xba, 
  0xe7, 0x9c, 0xef, 0xbd, 0xef, 0xbd, 0xef, 0x9d, 0xef, 0x9d, 0xef, 0x9d, 0xef, 0x7d, 0xef, 0x9d, 0xef, 0x9d, 0xef, 0x9d, 0xef, 0x9d, 0xef, 0x9d, 0xef, 0x9d, 0xef, 0x9d, 0xef, 0x9d, 0xef, 0x9d, 0xef, 0x9d, 0xef, 0x9d, 0xef, 0x9d, 0xef, 0x9d, 0xef, 0x9d, 0xef, 0x9d, 0xef, 0x9d, 0xef, 0x9d, 0xef, 0x9d, 0xef, 0x9d, 0xef, 0x9d, 0xef, 0x9d, 0xef, 0x9d, 0xef, 0x9d, 0xef, 0x9d, 0xef, 0x9d, 0xef, 0x9d, 0xef, 0x9d, 0xef, 0x9d, 0xef, 0x9d, 0xef, 0x9d, 0xef, 0x9d, 0xef, 0x9d, 0xef, 0x9d, 0xef, 0x9d, 0xef, 0x9d, 0xef, 0x9d, 0xef, 0x9d, 0xef, 0x9d, 0xef, 0x9d, 0xef, 0x9d, 0xef, 0x9d, 0xef, 0x9d, 0xef, 0x9d, 0xef, 0x9d, 0xef, 0x9d, 0xef, 0x9d, 0xef, 0x9d, 0xef, 0x9d, 0xef, 0x9d, 0xef, 0x9d, 0xef, 0x9d, 0xef, 0x9d, 0xef, 0x9d, 0xef, 0x9d, 0xef, 0x9d, 0xef, 0x9d, 0xef, 0x9d, 0xef, 0x9d, 0xef, 0x9d, 0xef, 0x9d, 0xef, 0x9d, 0xef, 0x9d, 0xef, 0x9d, 0xef, 0x9d, 0xef, 0x9d, 0xef, 0x9d, 0xef, 0x9d, 0xef, 0x9d, 0xef, 0x9d, 0xef, 0x9d, 0xef, 0x9d, 0xef, 0x9d, 0xef, 0x9d, 0xef, 0x9d, 0xe7, 0x9d, 0xdf, 0xbb, 0xd7, 0xba, 
  0xdf, 0x9b, 0xe7, 0xdc, 0xe7, 0xbc, 0xef, 0x9c, 0xef, 0x9d, 0xef, 0x9d, 0xef, 0x7d, 0xef, 0x9d, 0xef, 0x9d, 0xef, 0x9d, 0xef, 0x9d, 0xef, 0x9d, 0xef, 0x9d, 0xef, 0x9d, 0xef, 0x9d, 0xef, 0x9d, 0xef, 0x9d, 0xef, 0x9d, 0xef, 0x9d, 0xef, 0x9d, 0xef, 0x9d, 0xef, 0x9d, 0xef, 0x9d, 0xef, 0x9d, 0xef, 0x9d, 0xef, 0x9d, 0xef, 0x9d, 0xef, 0x9d, 0xef, 0x9d, 0xef, 0x9d, 0xef, 0x9d, 0xef, 0x9d, 0xef, 0x9d, 0xef, 0x9d, 0xef, 0x9d, 0xef, 0x9d, 0xef, 0x9d, 0xef, 0x9d, 0xef, 0x9d, 0xef, 0x9d, 0xef, 0x9d, 0xef, 0x9d, 0xef, 0x9d, 0xef, 0x9d, 0xef, 0x9d, 0xef, 0x9d, 0xef, 0x9d, 0xef, 0x9d, 0xef, 0x9d, 0xef, 0x9d, 0xef, 0x9d, 0xef, 0x9d, 0xef, 0x9d, 0xef, 0x9d, 0xef, 0x9d, 0xef, 0x9d, 0xef, 0x9d, 0xef, 0x9d, 0xef, 0x9d, 0xef, 0x9d, 0xef, 0x9d, 0xef, 0x9d, 0xef, 0x9d, 0xef, 0x9d, 0xef, 0x9d, 0xef, 0x9d, 0xef, 0x9d, 0xef, 0x9d, 0xef, 0x9d, 0xef, 0x9d, 0xef, 0x9d, 0xef, 0x9d, 0xef, 0x9d, 0xef, 0x9d, 0xef, 0x9d, 0xef, 0x9d, 0xef, 0x9d, 0xef, 0x9d, 0xef, 0x9d, 0xef, 0x9d, 0xef, 0x9d, 0xe7, 0xbc, 0xdf, 0xbb, 0xd7, 0xb9, 
  0xdf, 0xbb, 0xe7, 0xdc, 0xe7, 0xdc, 0xe7, 0xbc, 0xef, 0xbd, 0xef, 0x9d, 0xef, 0x7d, 0xef, 0x7d, 0xef, 0x7d, 0xef, 0x9d, 0xef, 0x9d, 0xef, 0x9d, 0xef, 0x9d, 0xef, 0x9d, 0xef, 0x9d, 0xef, 0x9d, 0xef, 0x9d, 0xef, 0x9d, 0xef, 0x9d, 0xef, 0x9d, 0xef, 0x9d, 0xef, 0x9d, 0xef, 0x9d, 0xef, 0x9d, 0xef, 0x9d, 0xef, 0x9d, 0xef, 0x9d, 0xef, 0x9d, 0xef, 0x9d, 0xef, 0x9d, 0xef, 0x9d, 0xef, 0x9d, 0xef, 0x9d, 0xef, 0x9d, 0xef, 0x9d, 0xef, 0x9d, 0xef, 0x9d, 0xef, 0x9d, 0xef, 0x9d, 0xef, 0x9d, 0xef, 0x9d, 0xef, 0x9d, 0xef, 0x9d, 0xef, 0x9d, 0xef, 0x9d, 0xef, 0x9d, 0xef, 0x9d, 0xef, 0x9d, 0xef, 0x9d, 0xef, 0x9d, 0xef, 0x9d, 0xef, 0x9d, 0xef, 0x9d, 0xef, 0x9d, 0xef, 0x9d, 0xef, 0x9d, 0xef, 0x9d, 0xef, 0x9d, 0xef, 0x9d, 0xef, 0x9d, 0xef, 0x9d, 0xef, 0x9d, 0xef, 0x9d, 0xef, 0x9d, 0xef, 0x9d, 0xef, 0x9d, 0xef, 0x9d, 0xef, 0x9d, 0xef, 0x9d, 0xef, 0x9d, 0xef, 0x9d, 0xef, 0x9d, 0xef, 0x9d, 0xef, 0x9d, 0xef, 0x9d, 0xef, 0x9d, 0xef, 0x9d, 0xef, 0x9d, 0xef, 0x9d, 0xef, 0x9d, 0xef, 0xbd, 0xe7, 0xbc, 0xd7, 0xda, 0xcf, 0xd9, 
  0xd7, 0xba, 0xdf, 0xdb, 0xe7, 0xdc, 0xe7, 0xbc, 0xef, 0xbd, 0xef, 0x9d, 0xef, 0x7d, 0xf7, 0x9e, 0xef, 0x7d, 0xef, 0x7d, 0xef, 0x9d, 0xef, 0x9d, 0xef, 0x9d, 0xef, 0x9d, 0xef, 0x9d, 0xef, 0x9d, 0xef, 0x9d, 0xef, 0x9d, 0xef, 0x9d, 0xef, 0x9d, 0xef, 0x9d, 0xef, 0x9d, 0xef, 0x9d, 0xef, 0x9d, 0xef, 0x9d, 0xef, 0x9d, 0xef, 0x9d, 0xef, 0x9d, 0xef, 0x9d, 0xef, 0x9d, 0xef, 0x9d, 0xef, 0x9d, 0xef, 0x9d, 0xef, 0x9d, 0xef, 0x9d, 0xef, 0x9d, 0xef, 0x9d, 0xef, 0x9d, 0xef, 0x9d, 0xef, 0x9d, 0xef, 0x9d, 0xef, 0x9d, 0xef, 0x9d, 0xef, 0x9d, 0xef, 0x9d, 0xef, 0x9d, 0xef, 0x9d, 0xef, 0x9d, 0xef, 0x9d, 0xef, 0x9d, 0xef, 0x9d, 0xef, 0x9d, 0xef, 0x9d, 0xef, 0x9d, 0xef, 0x9d, 0xef, 0x9d, 0xef, 0x9d, 0xef, 0x9d, 0xef, 0x9d, 0xef, 0x9d, 0xef, 0x9d, 0xef, 0x9d, 0xef, 0x9d, 0xef, 0x9d, 0xef, 0x9d, 0xef, 0x9d, 0xef, 0x9d, 0xef, 0x9d, 0xef, 0x9d, 0xef, 0x9d, 0xef, 0x9d, 0xef, 0x9d, 0xef, 0x9d, 0xef, 0x9d, 0xef, 0x9d, 0xef, 0x9d, 0xef, 0x9d, 0xef, 0x9d, 0xef, 0x9d, 0xef, 0x9d, 0xe7, 0xbc, 0xdf, 0xdb, 0xd7, 0xda, 0xcf, 0xd9, 
  0xcf, 0xb9, 0xdf, 0xda, 0xdf, 0xdb, 0xe7, 0xdc, 0xef, 0xbd, 0xef, 0x9d, 0xef, 0x7d, 0xf7, 0x9e, 0xef, 0x7d, 0xef, 0x7d, 0xef, 0x9d, 0xef, 0x9d, 0xef, 0x9d, 0xef, 0x9d, 0xef, 0x9d, 0xef, 0x9d, 0xef, 0x9d, 0xef, 0x9d, 0xef, 0x9d, 0xef, 0x9d, 0xef, 0x9d, 0xef, 0x9d, 0xef, 0x9d, 0xef, 0x9d, 0xef, 0x9d, 0xef, 0x9d, 0xef, 0x9d, 0xef, 0x9d, 0xef, 0x9d, 0xef, 0x9d, 0xef, 0x9d, 0xef, 0x9d, 0xef, 0x9d, 0xef, 0x9d, 0xef, 0x9d, 0xef, 0x9d, 0xef, 0x9d, 0xef, 0x9d, 0xef, 0x9d, 0xef, 0x9d, 0xef, 0x9d, 0xef, 0x9d, 0xef, 0x9d, 0xef, 0x9d, 0xef, 0x9d, 0xef, 0x9d, 0xef, 0x9d, 0xef, 0x9d, 0xef, 0x9d, 0xef, 0x9d, 0xef, 0x9d, 0xef, 0x9d, 0xef, 0x9d, 0xef, 0x9d, 0xef, 0x9d, 0xef, 0x9d, 0xef, 0x9d, 0xef, 0x9d, 0xef, 0x9d, 0xef, 0x9d, 0xef, 0x9d, 0xef, 0x9d, 0xef, 0x9d, 0xef, 0x9d, 0xef, 0x9d, 0xef, 0x9d, 0xef, 0x9d, 0xef, 0x9d, 0xef, 0x9d, 0xef, 0x9d, 0xef, 0x9d, 0xef, 0x9d, 0xef, 0x9d, 0xef, 0x9d, 0xef, 0x9d, 0xef, 0x9d, 0xef, 0x9d, 0xef, 0x9d, 0xef, 0x9d, 0xef, 0x9d, 0xe7, 0xbc, 0xdf, 0xdb, 0xcf, 0xd9, 0xcf, 0xd8, 
  0xcf, 0xb9, 0xd7, 0xfa, 0xdf, 0xfb, 0xe7, 0xdb, 0xe7, 0xbc, 0xef, 0xbd, 0xef, 0x9d, 0xf7, 0x9e, 0xef, 0x7d, 0xef, 0x7d, 0xef, 0x7d, 0xef, 0x9d, 0xef, 0x9d, 0xef, 0x9d, 0xef, 0x9d, 0xef, 0x9d, 0xef, 0x9d, 0xef, 0x9d, 0xef, 0x9d, 0xef, 0x9d, 0xef, 0x9d, 0xef, 0x9d, 0xef, 0x9d, 0xef, 0x9d, 0xef, 0x9d, 0xef, 0x9d, 0xef, 0x9d, 0xef, 0x9d, 0xef, 0x9d, 0xef, 0x9d, 0xef, 0x9d, 0xef, 0x9d, 0xef, 0x9d, 0xef, 0x9d, 0xef, 0x9d, 0xef, 0x9d, 0xef, 0x9d, 0xef, 0x9d, 0xef, 0x9d, 0xef, 0x9d, 0xef, 0x9d, 0xef, 0x9d, 0xef, 0x9d, 0xef, 0x9d, 0xef, 0x9d, 0xef, 0x9d, 0xef, 0x9d, 0xef, 0x9d, 0xef, 0x9d, 0xef, 0x9d, 0xef, 0x9d, 0xef, 0x9d, 0xef, 0x9d, 0xef, 0x9d, 0xef, 0x9d, 0xef, 0x9d, 0xef, 0x9d, 0xef, 0x9d, 0xef, 0x9d, 0xef, 0x9d, 0xef, 0x9d, 0xef, 0x9d, 0xef, 0x9d, 0xef, 0x9d, 0xef, 0x9d, 0xef, 0x9d, 0xef, 0x9d, 0xef, 0x9d, 0xef, 0x9d, 0xef, 0x9d, 0xef, 0x9d, 0xef, 0x9d, 0xef, 0x9d, 0xef, 0x9d, 0xef, 0x9d, 0xef, 0x9d, 0xef, 0x9d, 0xef, 0x9d, 0xef, 0x9d, 0xe7, 0xbc, 0xdf, 0xdb, 0xd7, 0xda, 0xcf, 0xd8, 0xc7, 0xf8, 
  0xcf, 0xf9, 0xcf, 0xd9, 0xd7, 0xda, 0xdf, 0xdb, 0xe7, 0xdc, 0xef, 0xbd, 0xef, 0x9d, 0xef, 0x7d, 0xf7, 0x9e, 0xf7, 0x7d, 0xef, 0x7d, 0xef, 0x7d, 0xef, 0x9d, 0xef, 0x9d, 0xef, 0x9d, 0xef, 0x9e, 0xef, 0x9e, 0xef, 0x9e, 0xef, 0x9e, 0xef, 0x9e, 0xef, 0x9d, 0xef, 0x9d, 0xef, 0x9d, 0xef, 0x9d, 0xef, 0x9d, 0xef, 0x7d, 0xef, 0x9e, 0xef, 0x9e, 0xef, 0x9e, 0xef, 0x9e, 0xef, 0x9d, 0xef, 0x9d, 0xef, 0x9d, 0xef, 0x9d, 0xef, 0x9e, 0xef, 0x9e, 0xef, 0x9d, 0xef, 0x9c, 0xef, 0x9d, 0xef, 0x7d, 0xef, 0x7e, 0xef, 0x7e, 0xf7, 0x7e, 0xf7, 0x7e, 0xef, 0x7e, 0xef, 0x9d, 0xe7, 0xbc, 0xe7, 0xbc, 0xef, 0xbd, 0xef, 0x9e, 0xef, 0x9d, 0xef, 0x9c, 0xef, 0x9c, 0xef, 0x9c, 0xef, 0x9d, 0xf7, 0x9d, 0xf7, 0x9e, 0xf7, 0x9d, 0xf7, 0x9d, 0xf7, 0x9d, 0xf7, 0x9d, 0xf7, 0x9d, 0xf7, 0x9e, 0xef, 0x9e, 0xef, 0x9e, 0xef, 0x9e, 0xef, 0x9d, 0xef, 0x9d, 0xef, 0x9d, 0xef, 0x9d, 0xf7, 0x9d, 0xf7, 0x9d, 0xf7, 0x9d, 0xef, 0x9d, 0xef, 0x9d, 0xef, 0x9d, 0xef, 0xbd, 0xef, 0xbd, 0xef, 0xbc, 0xe7, 0xdc, 0xd7, 0xfa, 0xcf, 0xf9, 0xc7, 0xf8, 0xc7, 0xf8, 
  0xcf, 0xf8, 0xcf, 0xd8, 0xcf, 0xd9, 0xd7, 0xda, 0xdf, 0xdc, 0xe7, 0xdd, 0xef, 0xbd, 0xef, 0x9d, 0xef, 0x9d, 0xef, 0x7d, 0xef, 0x7d, 0xef, 0x7d, 0xef, 0x9d, 0xef, 0x9d, 0xef, 0x9e, 0xef, 0x9e, 0xef, 0x9e, 0xef, 0x9e, 0xef, 0x9e, 0xef, 0x9d, 0xef, 0x9d, 0xef, 0x9d, 0xef, 0x9d, 0xef, 0x9d, 0xef, 0x9d, 0xef, 0x7d, 0xef, 0x9e, 0xef, 0x9e, 0xef, 0x9e, 0xef, 0x9d, 0xef, 0x9d, 0xef, 0x9d, 0xef, 0x9d, 0xef, 0x9d, 0xef, 0x7d, 0xef, 0x9d, 0xef, 0x9d, 0xef, 0xbd, 0xef, 0xbd, 0xef, 0x9e, 0xef, 0x9e, 0xef, 0x7e, 0xf7, 0x7d, 0xf7, 0x7d, 0xef, 0x7e, 0xef, 0x9e, 0xef, 0x9d, 0xe7, 0xbd, 0xef, 0x9d, 0xef, 0x9d, 0xef, 0x9d, 0xef, 0x9c, 0xef, 0xbc, 0xef, 0xbc, 0xef, 0x9d, 0xef, 0x9d, 0xf7, 0x7d, 0xf7, 0x7d, 0xf7, 0x7d, 0xf7, 0x7d, 0xf7, 0x7d, 0xef, 0x7d, 0xef, 0x7d, 0xef, 0x9e, 0xef, 0x9d, 0xef, 0x9d, 0xef, 0x9d, 0xef, 0x9d, 0xef, 0x9d, 0xef, 0x9d, 0xef, 0x9d, 0xef, 0x7d, 0xef, 0x7d, 0xef, 0x7d, 0xef, 0x9d, 0xef, 0x9d, 0xe7, 0xbd, 0xe7, 0xbc, 0xe7, 0xbc, 0xdf, 0xdb, 0xcf, 0xf9, 0xc7, 0xf8, 0xc7, 0xf8, 0xc7, 0xf8, 
  0xc7, 0xf8, 0xc7, 0xf8, 0xcf, 0xd9, 0xd7, 0xda, 0xdf, 0xdb, 0xdf, 0xdc, 0xe7, 0xbc, 0xe7, 0xbd, 0xef, 0x9d, 0xef, 0x7d, 0xef, 0x7d, 0xef, 0x7d, 0xef, 0x9d, 0xef, 0x9d, 0xef, 0x9d, 0xef, 0x9d, 0xef, 0x9d, 0xef, 0x9d, 0xef, 0x9d, 0xef, 0x9d, 0xef, 0x9d, 0xef, 0x9d, 0xef, 0x9d, 0xef, 0x9d, 0xef, 0x9d, 0xef, 0x9d, 0xef, 0x9d, 0xef, 0x9d, 0xef, 0x9d, 0xef, 0x9d, 0xef, 0x9d, 0xef, 0x9d, 0xef, 0x9d, 0xef, 0x9d, 0xef, 0x9d, 0xef, 0x9c, 0xef, 0x9c, 0xe7, 0x9c, 0xe7, 0x7d, 0xe7, 0x7d, 0xef, 0x9d, 0xef, 0x9c, 0xef, 0x9c, 0xef, 0x9d, 0xef, 0x7e, 0xef, 0x7f, 0xef, 0x9e, 0xef, 0x9e, 0xef, 0x9e, 0xef, 0x9d, 0xef, 0xbd, 0xef, 0xbd, 0xef, 0xbd, 0xef, 0x9d, 0xef, 0x9d, 0xef, 0x9d, 0xef, 0x9e, 0xef, 0x9e, 0xef, 0x9d, 0xef, 0x9d, 0xef, 0x9d, 0xef, 0x9d, 0xef, 0x9e, 0xef, 0x9e, 0xef, 0x9d, 0xef, 0x9d, 0xef, 0x9d, 0xef, 0x9d, 0xef, 0x9d, 0xef, 0x9d, 0xef, 0x9d, 0xef, 0x9d, 0xef, 0x9d, 0xef, 0x9d, 0xe7, 0x9d, 0xe7, 0xbd, 0xe7, 0xbd, 0xdf, 0xbc, 0xdf, 0xbb, 0xd7, 0xda, 0xcf, 0xf9, 0xc7, 0xf8, 0xc7, 0xf8, 0xc7, 0xf8, 
  0xc7, 0xf8, 0xc7, 0xf8, 0xc7, 0xf8, 0xcf, 0xf9, 0xd7, 0xfa, 0xdf, 0xdb, 0xdf, 0xdc, 0xe7, 0xbc, 0xe7, 0xbd, 0xef, 0x9d, 0xef, 0x9d, 0xef, 0x9d, 0xef, 0x9d, 0xef, 0x9d, 0xef, 0x9d, 0xef, 0x9d, 0xef, 0x9d, 0xef, 0x9d, 0xef, 0x9d, 0xef, 0x9d, 0xef, 0x9d, 0xef, 0x9d, 0xef, 0x9d, 0xef, 0x9d, 0xef, 0x9d, 0xef, 0x9d, 0xef, 0x9d, 0xef, 0x9d, 0xef, 0x9d, 0xef, 0x9d, 0xef, 0x9d, 0xef, 0x9d, 0xef, 0x7c, 0xef, 0x9d, 0xef, 0x9d, 0xef, 0x9d, 0xef, 0x9d, 0xef, 0x9e, 0xef, 0x9e, 0xf7, 0x9e, 0xef, 0x9c, 0xef, 0x9b, 0xef, 0xbb, 0xef, 0x9c, 0xef, 0x7e, 0xef, 0x7f, 0xef, 0x7e, 0xef, 0x7e, 0xef, 0x9e, 0xef, 0x9d, 0xef, 0xbd, 0xef, 0x9d, 0xe7, 0xbd, 0xe7, 0x9d, 0xe7, 0x9d, 0xe7, 0x9d, 0xef, 0x9e, 0xef, 0x9e, 0xef, 0x9d, 0xef, 0x9d, 0xef, 0x9d, 0xef, 0x9d, 0xef, 0x9d, 0xef, 0x9d, 0xef, 0x9d, 0xef, 0x9d, 0xef, 0x9d, 0xef, 0x9d, 0xef, 0x9d, 0xef, 0x9d, 0xef, 0x9d, 0xef, 0xbd, 0xef, 0xbd, 0xe7, 0xbd, 0xe7, 0xbd, 0xdf, 0xdc, 0xdf, 0xdc, 0xdf, 0xdb, 0xd7, 0xdb, 0xcf, 0xda, 0xc7, 0xf8, 0xc7, 0xf8, 0xc7, 0xf8, 0xc7, 0xf8, 
  0xc7, 0xf8, 0xc7, 0xf8, 0xc7, 0xf8, 0xc7, 0xf8, 0xcf, 0xf9, 0xd7, 0xfa, 0xd7, 0xda, 0xdf, 0xdb, 0xe7, 0xdc, 0xe7, 0xbd, 0xe7, 0xbd, 0xef, 0xbd, 0xef, 0xbd, 0xef, 0x9d, 0xef, 0x9d, 0xef, 0x9d, 0xef, 0x9d, 0xef, 0x9d, 0xef, 0x9d, 0xef, 0x9d, 0xef, 0x7e, 0xef, 0x7e, 0xef, 0x7e, 0xef, 0x7d, 0xef, 0x7d, 0xef, 0x7d, 0xef, 0x7d, 0xef, 0x7d, 0xef, 0x9d, 0xef, 0x9d, 0xef, 0x9d, 0xef, 0x9d, 0xef, 0x7d, 0xef, 0x7e, 0xef, 0x9d, 0xef, 0x9e, 0xef, 0x7e, 0xef, 0x7f, 0xef, 0x5f, 0xf7, 0x5f, 0xf7, 0x9d, 0xef, 0xbc, 0xef, 0xbc, 0xef, 0xbc, 0xef, 0x9e, 0xf7, 0x7f, 0xf7, 0x7e, 0xff, 0x7d, 0xf7, 0x7c, 0xef, 0x7c, 0xef, 0x9d, 0xef, 0x9d, 0xef, 0x9d, 0xef, 0x9d, 0xef, 0x9d, 0xef, 0xbd, 0xef, 0x9d, 0xef, 0x9d, 0xef, 0x9e, 0xef, 0x7e, 0xef, 0x9e, 0xef, 0x9d, 0xef, 0x9d, 0xef, 0x9d, 0xef, 0x9d, 0xef, 0x9d, 0xef, 0x9d, 0xef, 0x9d, 0xef, 0xbd, 0xef, 0xbd, 0xe7, 0xbd, 0xe7, 0xbd, 0xe7, 0xdd, 0xe7, 0xdd, 0xdf, 0xdc, 0xdf, 0xdb, 0xd7, 0xda, 0xcf, 0xfa, 0xcf, 0xf9, 0xcf, 0xf8, 0xc7, 0xf8, 0xc7, 0xf8, 0xc7, 0xf8, 0xc7, 0xf8, 
  0xc7, 0xf8, 0xc7, 0xf8, 0xc7, 0xf8, 0xc7, 0xf8, 0xc7, 0xf8, 0xcf, 0xf9, 0xcf, 0xd9, 0xd7, 0xda, 0xd7, 0xdb, 0xdf, 0xdc, 0xdf, 0xbc, 0xe7, 0xdd, 0xe7, 0xdd, 0xe7, 0xdc, 0xef, 0xdc, 0xef, 0xbc, 0xef, 0xbc, 0xef, 0xbc, 0xef, 0xbd, 0xef, 0xbd, 0xef, 0x9e, 0xef, 0x9e, 0xef, 0x9e, 0xef, 0x9e, 0xef, 0x9d, 0xef, 0x9d, 0xef, 0x9d, 0xef, 0x9d, 0xef, 0xbd, 0xef, 0xbd, 0xef, 0xbd, 0xef, 0xbd, 0xef, 0x9e, 0xef, 0xbe, 0xef, 0xbd, 0xef, 0xbd, 0xef, 0x9d, 0xf7, 0x7d, 0xf7, 0x5e, 0xf7, 0x7d, 0xf7, 0x7b, 0xf7, 0x9a, 0xef, 0xba, 0xef, 0x9b, 0xef, 0x7c, 0xf7, 0x7c, 0xff, 0x7b, 0xff, 0x7a, 0xff, 0x9b, 0xf7, 0x9c, 0xf7, 0x9c, 0xef, 0x9d, 0xef, 0xbd, 0xef, 0xbd, 0xef, 0xbd, 0xef, 0xbd, 0xef, 0xbd, 0xef, 0xbd, 0xef, 0x9d, 0xef, 0x9e, 0xef, 0x9e, 0xef, 0xbd, 0xef, 0xbd, 0xef, 0xbd, 0xef, 0xbd, 0xe7, 0xbd, 0xe7, 0xbd, 0xe7, 0xbd, 0xe7, 0xdd, 0xe7, 0xdd, 0xe7, 0xdd, 0xe7, 0xdd, 0xdf, 0xdc, 0xdf, 0xdc, 0xd7, 0xdb, 0xcf, 0xda, 0xcf, 0xf9, 0xcf, 0xf8, 0xc7, 0xf7, 0xc7, 0xf7, 0xc7, 0xf8, 0xc7, 0xf8, 0xc7, 0xf8, 0xc7, 0xf8, 
  0xc7, 0xf8, 0xc7, 0xf8, 0xc7, 0xf8, 0xc7, 0xf8, 0xc7, 0xf8, 0xc7, 0xf8, 0xcf, 0xf9, 0xcf, 0xf9, 0xcf, 0xda, 0xd7, 0xdb, 0xd7, 0xdb, 0xdf, 0xdc, 0xdf, 0xdb, 0xe7, 0xdb, 0xe7, 0xdb, 0xe7, 0xdb, 0xe7, 0xdb, 0xe7, 0xdb, 0xe7, 0xdc, 0xe7, 0xbc, 0xe7, 0xbd, 0xe7, 0xbd, 0xe7, 0xbd, 0xe7, 0xbd, 0xe7, 0xbd, 0xe7, 0xbd, 0xe7, 0xbc, 0xe7, 0xbc, 0xe7, 0xbc, 0xe7, 0xbd, 0xe7, 0xbd, 0xe7, 0xdd, 0xdf, 0xdc, 0xe7, 0xdc, 0xe7, 0xfa, 0xef, 0xd9, 0xf7, 0xb9, 0xff, 0xb9, 0xff, 0xba, 0xff, 0xda, 0xff, 0xd8, 0xff, 0xd8, 0xff, 0xd9, 0xff, 0xd9, 0xff, 0xba, 0xff, 0xba, 0xff, 0xb8, 0xff, 0xb8, 0xf7, 0x99, 0xf7, 0xbb, 0xef, 0xbb, 0xef, 0xbc, 0xef, 0xbd, 0xe7, 0xbc, 0xe7, 0xbc, 0xe7, 0xbc, 0xe7, 0xdc, 0xe7, 0xdc, 0xef, 0xbd, 0xef, 0xbd, 0xef, 0xbd, 0xef, 0xbc, 0xef, 0xdc, 0xe7, 0xdc, 0xe7, 0xdc, 0xe7, 0xdc, 0xe7, 0xdc, 0xe7, 0xdc, 0xdf, 0xdc, 0xdf, 0xdc, 0xdf, 0xdc, 0xdf, 0xdc, 0xd7, 0xdb, 0xd7, 0xdb, 0xcf, 0xda, 0xcf, 0xf9, 0xcf, 0xf8, 0xc7, 0xf7, 0xc7, 0xf7, 0xc7, 0xf7, 0xc7, 0xf7, 0xc7, 0xf8, 0xc7, 0xf8, 0xc7, 0xf8, 
  0xc7, 0xf8, 0xc7, 0xf8, 0xc7, 0xf8, 0xc7, 0xf8, 0xc7, 0xf8, 0xc7, 0xf8, 0xc7, 0xf8, 0xcf, 0xf9, 0xc7, 0xd9, 0xcf, 0xd9, 0xcf, 0xda, 0xd7, 0xda, 0xd7, 0xda, 0xd7, 0xda, 0xd7, 0xda, 0xd7, 0xd9, 0xdf, 0xfa, 0xdf, 0xfa, 0xdf, 0xdb, 0xdf, 0xdb, 0xdf, 0xdc, 0xdf, 0xdc, 0xdf, 0xbc, 0xdf, 0xbc, 0xdf, 0xbb, 0xdf, 0xdb, 0xdf, 0xdb, 0xdf, 0xdb, 0xdf, 0xdb, 0xdf, 0xdb, 0xdf, 0xbc, 0xdf, 0xdb, 0xdf, 0xfb, 0xdf, 0xd9, 0xe7, 0xb6, 0xef, 0x73, 0xef, 0x31, 0xf6, 0xf0, 0xf6, 0xf0, 0xf6, 0xf0, 0xf7, 0x0f, 0xf7, 0x10, 0xf7, 0x10, 0xf6, 0xf1, 0xf6, 0xf2, 0xf6, 0xf1, 0xf7, 0x10, 0xef, 0x11, 0xe7, 0x55, 0xdf, 0x78, 0xe7, 0x99, 0xe7, 0xbb, 0xe7, 0xdb, 0xdf, 0xdb, 0xdf, 0xdb, 0xdf, 0xda, 0xdf, 0xda, 0xdf, 0xdb, 0xdf, 0xdb, 0xdf, 0xbc, 0xdf, 0xbc, 0xdf, 0xdb, 0xdf, 0xda, 0xdf, 0xda, 0xdf, 0xfa, 0xdf, 0xda, 0xdf, 0xda, 0xd7, 0xda, 0xd7, 0xda, 0xd7, 0xda, 0xd7, 0xda, 0xd7, 0xda, 0xcf, 0xda, 0xcf, 0xda, 0xcf, 0xf9, 0xcf, 0xf9, 0xc7, 0xf8, 0xc7, 0xf8, 0xc7, 0xf7, 0xc7, 0xf7, 0xc7, 0xf8, 0xc7, 0xf8, 0xc7, 0xf8, 0xc7, 0xf8, 
  0xc7, 0xf8, 0xc7, 0xf8, 0xc7, 0xf8, 0xc7, 0xf8, 0xc7, 0xf7, 0xc7, 0xf7, 0xc7, 0xf8, 0xc7, 0xf8, 0xc7, 0xf8, 0xc7, 0xf9, 0xc7, 0xd9, 0xc7, 0xd9, 0xcf, 0xd9, 0xcf, 0xf9, 0xcf, 0xf9, 0xcf, 0xd8, 0xcf, 0xf8, 0xcf, 0xd8, 0xcf, 0xf9, 0xcf, 0xf9, 0xcf, 0xd9, 0xcf, 0xd9, 0xd7, 0xda, 0xcf, 0xb9, 0xcf, 0xb9, 0xcf, 0xd9, 0xcf, 0xd9, 0xcf, 0xd9, 0xcf, 0xd9, 0xcf, 0xd9, 0xcf, 0xda, 0xd7, 0xb9, 0xd7, 0xb9, 0xe7, 0xd7, 0xef, 0x71, 0xde, 0x4a, 0xe6, 0x27, 0xee, 0x25, 0xf6, 0x45, 0xf6, 0x24, 0xf6, 0x45, 0xee, 0x04, 0xee, 0x05, 0xf6, 0x26, 0xee, 0x06, 0xee, 0x26, 0xee, 0x47, 0xd6, 0x29, 0xc6, 0xb0, 0xcf, 0x76, 0xd7, 0xd8, 0xd7, 0xb9, 0xcf, 0xb9, 0xcf, 0xfa, 0xd7, 0xfa, 0xcf, 0xd8, 0xcf, 0xf9, 0xcf, 0xd9, 0xcf, 0xd9, 0xcf, 0xda, 0xcf, 0xba, 0xcf, 0xda, 0xd7, 0xf9, 0xcf, 0xd8, 0xcf, 0xd8, 0xcf, 0xf8, 0xcf, 0xf8, 0xcf, 0xd8, 0xcf, 0xf8, 0xcf, 0xf8, 0xcf, 0xd9, 0xcf, 0xf9, 0xcf, 0xd9, 0xcf, 0xd9, 0xc7, 0xf9, 0xc7, 0xf9, 0xc7, 0xf9, 0xc7, 0xf8, 0xc7, 0xf8, 0xc7, 0xf8, 0xc7, 0xf8, 0xc7, 0xf8, 0xc7, 0xf8, 0xc7, 0xf8, 
  0xc7, 0xf8, 0xc7, 0xf8, 0xc7, 0xf8, 0xc7, 0xf8, 0xc7, 0xf7, 0xc7, 0xf7, 0xc7, 0xf8, 0xc7, 0xf8, 0xc7, 0xf8, 0xc7, 0xf8, 0xc7, 0xf8, 0xc7, 0xf8, 0xc7, 0xf9, 0xc7, 0xf8, 0xcf, 0xf8, 0xcf, 0xf8, 0xc7, 0xf8, 0xc7, 0xf8, 0xc7, 0xf8, 0xc7, 0xf8, 0xc7, 0xf8, 0xc7, 0xf8, 0xcf, 0xf8, 0xcf, 0xf8, 0xcf, 0xf8, 0xcf, 0xf8, 0xcf, 0xf8, 0xcf, 0xf8, 0xcf, 0xf8, 0xcf, 0xf8, 0xcf, 0xf9, 0xcf, 0xd8, 0xd7, 0xd8, 0xe7, 0xd5, 0xef, 0x2e, 0xee, 0x66, 0xf6, 0x43, 0xfe, 0x21, 0xfe, 0x41, 0xfe, 0x20, 0xfe, 0x21, 0xfe, 0x21, 0xfe, 0x00, 0xfe, 0x00, 0xfe, 0x21, 0xf6, 0x63, 0xee, 0x65, 0xde, 0x89, 0xdf, 0x92, 0xd7, 0xf6, 0xd7, 0xf8, 0xcf, 0xf8, 0xc7, 0xd8, 0xc7, 0xf8, 0xc7, 0xf8, 0xc7, 0xf8, 0xc7, 0xf8, 0xc7, 0xf8, 0xc7, 0xf8, 0xcf, 0xf9, 0xc7, 0xf9, 0xc7, 0xf9, 0xcf, 0xf9, 0xc7, 0xf8, 0xc7, 0xf8, 0xc7, 0xf8, 0xc7, 0xd7, 0xc7, 0xd7, 0xcf, 0xf8, 0xcf, 0xf8, 0xcf, 0xf8, 0xcf, 0xf8, 0xc7, 0xf8, 0xc7, 0xf9, 0xc7, 0xf9, 0xc7, 0xf9, 0xc7, 0xf9, 0xc7, 0xf9, 0xc7, 0xf8, 0xc7, 0xf8, 0xc7, 0xf8, 0xc7, 0xf8, 0xc7, 0xf8, 0xc7, 0xf8, 
  0xcf, 0xf8, 0xcf, 0xf8, 0xc7, 0xf8, 0xc7, 0xf8, 0xc7, 0xf8, 0xc7, 0xf8, 0xc7, 0xf8, 0xc7, 0xf8, 0xc7, 0xf7, 0xbf, 0xf7, 0xc7, 0xf8, 0xc7, 0xf8, 0xc7, 0xf8, 0xc7, 0xf8, 0xc7, 0xf9, 0xcf, 0xf9, 0xc7, 0xfa, 0xc7, 0xfa, 0xc7, 0xf9, 0xc7, 0xf9, 0xc7, 0xf8, 0xc7, 0xf8, 0xc7, 0xf8, 0xc7, 0xf8, 0xc7, 0xf8, 0xc7, 0xf8, 0xc7, 0xf8, 0xc7, 0xf8, 0xc7, 0xf8, 0xc7, 0xf8, 0xc7, 0xf8, 0xc7, 0xf8, 0xd7, 0xd7, 0xe7, 0xb3, 0xe6, 0xea, 0xee, 0x85, 0xfe, 0x41, 0xfe, 0x40, 0xfe, 0x40, 0xfe, 0x20, 0xfe, 0x01, 0xfe, 0x41, 0xfe, 0x20, 0xfe, 0x20, 0xfe, 0x61, 0xf6, 0x64, 0xe6, 0x89, 0xdf, 0x2e, 0xdf, 0xf4, 0xcf, 0xf6, 0xc7, 0xf6, 0xc7, 0xf7, 0xc7, 0xf8, 0xc7, 0xf8, 0xc7, 0xf7, 0xc7, 0xf8, 0xc7, 0xf7, 0xc7, 0xf7, 0xc7, 0xf8, 0xc7, 0xf8, 0xc7, 0xf8, 0xc7, 0xf8, 0xc7, 0xf9, 0xc7, 0xf9, 0xc7, 0xf9, 0xc7, 0xf9, 0xc7, 0xf9, 0xc7, 0xf9, 0xcf, 0xf8, 0xc7, 0xf8, 0xc7, 0xf8, 0xcf, 0xf8, 0xc7, 0xf8, 0xc7, 0xf8, 0xc7, 0xf8, 0xc7, 0xf8, 0xc7, 0xf9, 0xc7, 0xf8, 0xc7, 0xf8, 0xc7, 0xf8, 0xc7, 0xf8, 0xc7, 0xf8, 0xc7, 0xf8, 0xc7, 0xf8, 
  0xcf, 0xf8, 0xcf, 0xf8, 0xc7, 0xf8, 0xc7, 0xf8, 0xc7, 0xf8, 0xc7, 0xf8, 0xc7, 0xf8, 0xc7, 0xf8, 0xc7, 0xf7, 0xc7, 0xf7, 0xc7, 0xf7, 0xc7, 0xf8, 0xc7, 0xf8, 0xc7, 0xf9, 0xc7, 0xf9, 0xc7, 0xfa, 0xbf, 0xdb, 0xbf, 0xdb, 0xbf, 0xda, 0xbf, 0xfa, 0xc7, 0xf9, 0xc7, 0xf8, 0xc7, 0xf8, 0xc7, 0xf7, 0xc7, 0xf8, 0xc7, 0xf8, 0xc7, 0xf8, 0xc7, 0xf8, 0xc7, 0xf8, 0xc7, 0xf8, 0xc7, 0xf8, 0xc7, 0xf7, 0xd7, 0xf5, 0xe7, 0x90, 0xde, 0x87, 0xee, 0x83, 0xfe, 0x40, 0xfe, 0x40, 0xfe, 0x41, 0xfe, 0x21, 0xfe, 0x21, 0xfe, 0x41, 0xfe, 0x40, 0xfe, 0x40, 0xf6, 0x62, 0xe6, 0x65, 0xde, 0xec, 0xe7, 0xd3, 0xd7, 0xf5, 0xc7, 0xf6, 0xc7, 0xf6, 0xc7, 0xf7, 0xc7, 0xf8, 0xc7, 0xf7, 0xc7, 0xf7, 0xc7, 0xf8, 0xc7, 0xf7, 0xc7, 0xf7, 0xc7, 0xf7, 0xc7, 0xf8, 0xc7, 0xf8, 0xc7, 0xf8, 0xc7, 0xf9, 0xc7, 0xfa, 0xc7, 0xfb, 0xbf, 0xfb, 0xbf, 0xda, 0xc7, 0xfa, 0xc7, 0xfa, 0xc7, 0xf9, 0xc7, 0xf8, 0xc7, 0xf8, 0xc7, 0xf8, 0xc7, 0xf8, 0xc7, 0xf8, 0xc7, 0xf8, 0xc7, 0xf8, 0xc7, 0xf8, 0xc7, 0xf8, 0xc7, 0xf8, 0xc7, 0xf8, 0xc7, 0xf8, 0xc7, 0xf8, 0xc7, 0xf8, 
  0xc7, 0xf7, 0xc7, 0xf8, 0xc7, 0xf8, 0xc7, 0xf8, 0xc7, 0xf9, 0xc7, 0xf8, 0xc7, 0xf8, 0xc7, 0xf8, 0xc7, 0xf7, 0xc7, 0xf7, 0xc7, 0xf7, 0xc7, 0xf8, 0xc7, 0xf9, 0xc7, 0xfa, 0xc7, 0xfa, 0xb7, 0x9b, 0xaf, 0x3b, 0xaf, 0x3c, 0xaf, 0x3b, 0xb7, 0x9a, 0xc7, 0xfa, 0xc7, 0xf9, 0xc7, 0xf8, 0xc7, 0xf8, 0xc7, 0xf8, 0xc7, 0xf8, 0xc7, 0xf8, 0xc7, 0xf9, 0xc7, 0xf8, 0xc7, 0xf8, 0xc7, 0xf8, 0xcf, 0xf7, 0xdf, 0xd4, 0xe7, 0x4d, 0xde, 0x64, 0xf6, 0x82, 0xfe, 0x40, 0xfe, 0x40, 0xfe, 0x21, 0xfe, 0x01, 0xfe, 0x41, 0xfe, 0x41, 0xfe, 0x61, 0xfe, 0x61, 0xe6, 0x63, 0xde, 0xc8, 0xe7, 0x90, 0xdf, 0xf5, 0xcf, 0xf6, 0xcf, 0xf7, 0xcf, 0xf7, 0xcf, 0xf7, 0xc7, 0xf8, 0xc7, 0xf8, 0xc7, 0xf8, 0xc7, 0xf8, 0xcf, 0xf8, 0xc7, 0xf7, 0xcf, 0xf7, 0xcf, 0xf7, 0xcf, 0xf8, 0xc7, 0xf9, 0xc7, 0xfa, 0xc7, 0xdb, 0xb7, 0x7c, 0xaf, 0x1c, 0xa6, 0xfa, 0xaf, 0x5a, 0xc7, 0xfb, 0xcf, 0xfa, 0xc7, 0xf9, 0xc7, 0xf8, 0xc7, 0xf7, 0xc7, 0xf7, 0xc7, 0xf7, 0xc7, 0xf7, 0xc7, 0xf8, 0xc7, 0xf8, 0xc7, 0xf8, 0xc7, 0xf8, 0xc7, 0xf8, 0xc7, 0xf8, 0xc7, 0xf8, 0xc7, 0xf8, 
  0xc7, 0xf7, 0xc7, 0xf7, 0xc7, 0xf8, 0xc7, 0xf8, 0xc7, 0xf9, 0xc7, 0xf9, 0xc7, 0xf9, 0xc7, 0xf8, 0xc7, 0xf7, 0xc7, 0xf8, 0xc7, 0xf8, 0xc7, 0xf8, 0xc7, 0xf9, 0xc7, 0xfb, 0xbf, 0xbb, 0xaf, 0x3b, 0xa6, 0xbc, 0xa6, 0xbd, 0x9e, 0xbb, 0xaf, 0x3a, 0xc7, 0xfb, 0xc7, 0xfa, 0xc7, 0xf8, 0xc7, 0xf8, 0xc7, 0xf8, 0xc7, 0xf8, 0xc7, 0xf9, 0xc7, 0xf9, 0xc7, 0xf8, 0xc7, 0xf8, 0xc7, 0xf8, 0xcf, 0xf6, 0xe7, 0xb1, 0xe6, 0xea, 0xe6, 0x83, 0xf6, 0x81, 0xfe, 0x40, 0xfe, 0x40, 0xfe, 0x21, 0xfe, 0x21, 0xfe, 0x61, 0xfe, 0x41, 0xf6, 0x61, 0xee, 0x63, 0xde, 0xa6, 0xe7, 0x6d, 0xe7, 0xf4, 0xcf, 0xd5, 0xcf, 0xf7, 0xcf, 0xf8, 0xcf, 0xf8, 0xc7, 0xf7, 0xc7, 0xf8, 0xc7, 0xf8, 0xcf, 0xf8, 0xc7, 0xf8, 0xcf, 0xf8, 0xcf, 0xf7, 0xcf, 0xf7, 0xcf, 0xf7, 0xc7, 0xf8, 0xc7, 0xf9, 0xc7, 0xfa, 0xbf, 0x9b, 0xa6, 0xdc, 0xa6, 0xbc, 0x9e, 0x9b, 0xa6, 0xfa, 0xbf, 0x9b, 0xc7, 0xfb, 0xc7, 0xf9, 0xc7, 0xf8, 0xc7, 0xf8, 0xc7, 0xf7, 0xc7, 0xf7, 0xc7, 0xf7, 0xc7, 0xf8, 0xc7, 0xf8, 0xc7, 0xf8, 0xc7, 0xf8, 0xc7, 0xf8, 0xc7, 0xf8, 0xc7, 0xf8, 0xc7, 0xf8, 
  0xc7, 0xf7, 0xc7, 0xf7, 0xc7, 0xf8, 0xc7, 0xf9, 0xc7, 0xf9, 0xc7, 0xf9, 0xc7, 0xf9, 0xc7, 0xf8, 0xc7, 0xf8, 0xc7, 0xf8, 0xc7, 0xf8, 0xc7, 0xf8, 0xc7, 0xfa, 0xc7, 0xdb, 0xb7, 0x7b, 0xae, 0xfc, 0xa6, 0x9e, 0xa6, 0xbf, 0xa6, 0xbc, 0xaf, 0x1b, 0xc7, 0xdb, 0xc7, 0xfa, 0xc7, 0xf8, 0xc7, 0xf8, 0xc7, 0xf8, 0xc7, 0xf8, 0xc7, 0xf8, 0xc7, 0xf8, 0xc7, 0xf8, 0xc7, 0xf8, 0xc7, 0xf7, 0xd7, 0xf5, 0xe7, 0x4f, 0xe6, 0x87, 0xf6, 0xa3, 0xf6, 0x80, 0xfe, 0x60, 0xfe, 0x60, 0xfe, 0x41, 0xfe, 0x41, 0xfe, 0x60, 0xf6, 0x61, 0xee, 0x63, 0xe6, 0xa6, 0xe7, 0x2c, 0xe7, 0xf2, 0xd7, 0xf7, 0xc7, 0xd8, 0xc7, 0xf8, 0xc7, 0xf8, 0xc7, 0xf8, 0xc7, 0xf8, 0xc7, 0xf8, 0xc7, 0xf8, 0xc7, 0xf9, 0xc7, 0xf9, 0xc7, 0xf8, 0xc7, 0xf8, 0xc7, 0xf7, 0xc7, 0xf8, 0xc7, 0xf8, 0xc7, 0xfa, 0xbf, 0xba, 0xaf, 0x3b, 0xa6, 0xbd, 0xa6, 0xbe, 0xa6, 0xbd, 0xa6, 0xfc, 0xb7, 0x7b, 0xc7, 0xdb, 0xc7, 0xfa, 0xc7, 0xf9, 0xc7, 0xf8, 0xc7, 0xf8, 0xc7, 0xf8, 0xc7, 0xf8, 0xc7, 0xf8, 0xc7, 0xf8, 0xc7, 0xf9, 0xc7, 0xf9, 0xc7, 0xf8, 0xc7, 0xf8, 0xc7, 0xf8, 0xc7, 0xf8, 
  0xc7, 0xf7, 0xc7, 0xf7, 0xc7, 0xf8, 0xc7, 0xf9, 0xc7, 0xf9, 0xc7, 0xf9, 0xc7, 0xf9, 0xc7, 0xf8, 0xc7, 0xf8, 0xc7, 0xf8, 0xc7, 0xf8, 0xc7, 0xf9, 0xc7, 0xfa, 0xbf, 0xbb, 0xb7, 0x3c, 0xa6, 0xbd, 0xa6, 0xbf, 0xa6, 0xbf, 0xa6, 0xbc, 0xaf, 0x1b, 0xc7, 0xdb, 0xc7, 0xf9, 0xc7, 0xf7, 0xcf, 0xf8, 0xc7, 0xf7, 0xcf, 0xf8, 0xc7, 0xf8, 0xc7, 0xf8, 0xc7, 0xf8, 0xcf, 0xf8, 0xcf, 0xf7, 0xdf, 0xf4, 0xef, 0x0c, 0xe6, 0x24, 0xfe, 0xa2, 0xfe, 0x60, 0xfe, 0x60, 0xfe, 0x60, 0xfe, 0x40, 0xfe, 0x61, 0xfe, 0x60, 0xf6, 0x62, 0xee, 0x64, 0xee, 0xe9, 0xef, 0xaf, 0xe7, 0xd3, 0xcf, 0xd6, 0xcf, 0xf8, 0xc7, 0xf8, 0xc7, 0xf8, 0xc7, 0xf8, 0xc7, 0xf8, 0xc7, 0xf8, 0xc7, 0xf8, 0xc7, 0xf8, 0xc7, 0xf9, 0xc7, 0xf8, 0xc7, 0xf8, 0xc7, 0xf8, 0xc7, 0xf8, 0xc7, 0xf9, 0xc7, 0xfa, 0xb7, 0x9b, 0xa6, 0xfc, 0xa6, 0xbe, 0xa6, 0xbf, 0xa6, 0xbd, 0xa6, 0xdc, 0xb7, 0x7b, 0xc7, 0xfb, 0xc7, 0xfa, 0xc7, 0xf9, 0xc7, 0xf8, 0xc7, 0xf8, 0xc7, 0xf8, 0xc7, 0xf8, 0xc7, 0xf8, 0xc7, 0xf9, 0xc7, 0xf9, 0xc7, 0xf9, 0xc7, 0xf8, 0xc7, 0xf8, 0xc7, 0xf8, 0xc7, 0xf8, 
  0xc7, 0xf7, 0xc7, 0xf7, 0xc7, 0xf8, 0xc7, 0xf9, 0xc7, 0xf9, 0xc7, 0xf9, 0xc7, 0xf8, 0xc7, 0xf8, 0xc7, 0xf8, 0xc7, 0xf8, 0xc7, 0xf8, 0xc7, 0xf8, 0xc7, 0xfb, 0xc7, 0xbc, 0xa6, 0xbc, 0xa6, 0xdf, 0x9e, 0x9f, 0xa6, 0xbf, 0xa6, 0xbc, 0xb7, 0x5b, 0xcf, 0xfb, 0xc7, 0xf9, 0xc7, 0xf8, 0xc7, 0xf7, 0xc7, 0xf7, 0xcf, 0xf7, 0xc7, 0xf8, 0xcf, 0xf8, 0xcf, 0xf8, 0xcf, 0xd8, 0xd7, 0xf7, 0xdf, 0xb2, 0xee, 0x89, 0xfe, 0x64, 0xfe, 0x60, 0xfe, 0x60, 0xfe, 0x60, 0xfe, 0x60, 0xfe, 0x61, 0xfe, 0x41, 0xfe, 0x41, 0xf6, 0x23, 0xf6, 0x87, 0xff, 0x4c, 0xf7, 0xd0, 0xef, 0xf2, 0xdf, 0xf3, 0xd7, 0xf4, 0xc7, 0xf5, 0xc7, 0xf7, 0xc7, 0xf8, 0xc7, 0xf8, 0xc7, 0xf8, 0xc7, 0xf8, 0xc7, 0xf8, 0xc7, 0xf8, 0xc7, 0xf9, 0xcf, 0xf9, 0xc7, 0xf8, 0xc7, 0xf8, 0xc7, 0xfa, 0xc7, 0xfb, 0xaf, 0x3c, 0xa6, 0xbd, 0xa6, 0xbf, 0x9e, 0x7f, 0xa6, 0xbe, 0xae, 0xdc, 0xc7, 0xdb, 0xc7, 0xfa, 0xc7, 0xf8, 0xc7, 0xf9, 0xc7, 0xf9, 0xc7, 0xf9, 0xc7, 0xf8, 0xc7, 0xf8, 0xc7, 0xf8, 0xc7, 0xf8, 0xc7, 0xf9, 0xc7, 0xf9, 0xc7, 0xf8, 0xc7, 0xf8, 0xc7, 0xf8, 0xc7, 0xf8, 
  0xc7, 0xf7, 0xc7, 0xf7, 0xc7, 0xf8, 0xc7, 0xf9, 0xc7, 0xf9, 0xc7, 0xf8, 0xc7, 0xf8, 0xc7, 0xf8, 0xc7, 0xf8, 0xc7, 0xf8, 0xc7, 0xf8, 0xc7, 0xf8, 0xc7, 0xfb, 0xb7, 0x5c, 0xa6, 0xbe, 0xa6, 0xbf, 0xa6, 0xdf, 0x9e, 0xbe, 0xae, 0xfc, 0xbf, 0x9b, 0xc7, 0xfa, 0xc7, 0xf8, 0xc7, 0xf8, 0xc7, 0xf7, 0xc7, 0xf7, 0xcf, 0xf7, 0xcf, 0xf8, 0xcf, 0xf9, 0xcf, 0xf8, 0xcf, 0xf7, 0xd7, 0xd5, 0xdf, 0x4f, 0xe6, 0x67, 0xfe, 0x43, 0xfe, 0x40, 0xfe, 0x60, 0xfe, 0x60, 0xfe, 0x61, 0xfe, 0x61, 0xfe, 0x61, 0xfe, 0x42, 0xfe, 0x43, 0xfe, 0x66, 0xf6, 0xa8, 0xef, 0x0a, 0xdf, 0x2c, 0xd7, 0x2d, 0xc7, 0x2f, 0xcf, 0xf4, 0xc7, 0xf6, 0xc7, 0xf8, 0xc7, 0xf8, 0xc7, 0xf8, 0xc7, 0xf8, 0xc7, 0xf7, 0xc7, 0xf8, 0xc7, 0xf9, 0xc7, 0xf9, 0xc7, 0xf8, 0xc7, 0xf8, 0xc7, 0xfa, 0xbf, 0xbb, 0xae, 0xfd, 0xa6, 0x9e, 0xa6, 0xbf, 0xa6, 0x9f, 0xa6, 0x9d, 0xb7, 0x3c, 0xc7, 0xda, 0xc7, 0xf9, 0xc7, 0xf8, 0xc7, 0xf8, 0xc7, 0xf9, 0xc7, 0xf9, 0xc7, 0xf8, 0xc7, 0xf8, 0xc7, 0xf8, 0xc7, 0xf8, 0xc7, 0xf8, 0xc7, 0xf8, 0xc7, 0xf8, 0xc7, 0xf8, 0xc7, 0xf8, 0xc7, 0xf8, 
  0xc7, 0xf7, 0xc7, 0xf7, 0xc7, 0xf8, 0xc7, 0xf9, 0xc7, 0xf9, 0xc7, 0xf9, 0xc7, 0xf8, 0xc7, 0xf8, 0xc7, 0xf8, 0xc7, 0xf8, 0xc7, 0xf8, 0xc7, 0xf9, 0xbf, 0xdb, 0xa6, 0xfb, 0xa6, 0xbe, 0xa6, 0x9f, 0xa6, 0xff, 0x9e, 0x9d, 0xb7, 0x5c, 0xcf, 0xfb, 0xc7, 0xd9, 0xc7, 0xf8, 0xc7, 0xf9, 0xc7, 0xf8, 0xc7, 0xf8, 0xc7, 0xf8, 0xc7, 0xf8, 0xcf, 0xf9, 0xcf, 0xf8, 0xd7, 0xf5, 0xdf, 0xd1, 0xdf, 0x2b, 0xe6, 0x85, 0xf6, 0x63, 0xfe, 0x62, 0xfe, 0x62, 0xfe, 0x62, 0xfe, 0x61, 0xf6, 0x61, 0xfe, 0x81, 0xfe, 0x62, 0xfe, 0x21, 0xfe, 0x42, 0xfe, 0x83, 0xee, 0xa4, 0xd6, 0x86, 0xd6, 0xaa, 0xcf, 0x30, 0xcf, 0xf5, 0xc7, 0xf7, 0xc7, 0xf8, 0xc7, 0xf8, 0xc7, 0xf8, 0xc7, 0xf8, 0xc7, 0xf8, 0xc7, 0xf8, 0xc7, 0xf9, 0xc7, 0xf9, 0xc7, 0xf8, 0xc7, 0xf9, 0xc7, 0xfa, 0xb7, 0x7b, 0xa6, 0xdd, 0xa6, 0xbf, 0xa6, 0x9f, 0xae, 0xbf, 0xa6, 0xbc, 0xbf, 0x9d, 0xc7, 0xfa, 0xc7, 0xf9, 0xc7, 0xf8, 0xc7, 0xf8, 0xc7, 0xf9, 0xc7, 0xf9, 0xc7, 0xf8, 0xc7, 0xf8, 0xc7, 0xf8, 0xc7, 0xf8, 0xc7, 0xf8, 0xc7, 0xf8, 0xc7, 0xf8, 0xc7, 0xf8, 0xc7, 0xf8, 0xc7, 0xf8, 
  0xc7, 0xf7, 0xc7, 0xf7, 0xc7, 0xf9, 0xc7, 0xf9, 0xc7, 0xf9, 0xc7, 0xf9, 0xc7, 0xf8, 0xc7, 0xf8, 0xc7, 0xf8, 0xc7, 0xf8, 0xc7, 0xf9, 0xc7, 0xfa, 0xb7, 0x9b, 0xa6, 0xbb, 0xa6, 0xdf, 0xa6, 0x9f, 0xa6, 0xdf, 0x9e, 0xbd, 0xbf, 0x9c, 0xcf, 0xfa, 0xc7, 0xd8, 0xc7, 0xf8, 0xc7, 0xf9, 0xc7, 0xf9, 0xc7, 0xf9, 0xc7, 0xf9, 0xc7, 0xf9, 0xc7, 0xf8, 0xcf, 0xf7, 0xdf, 0xf4, 0xdf, 0xaf, 0xd6, 0xe8, 0xe6, 0xc5, 0xf6, 0x83, 0xfe, 0x62, 0xfe, 0x62, 0xfe, 0x62, 0xfe, 0x61, 0xf6, 0x81, 0xfe, 0x81, 0xfe, 0x61, 0xfe, 0x41, 0xfe, 0x41, 0xfe, 0x82, 0xee, 0xa3, 0xde, 0xa6, 0xdf, 0x2d, 0xe7, 0xd4, 0xcf, 0xf6, 0xc7, 0xf7, 0xc7, 0xf8, 0xc7, 0xf8, 0xc7, 0xf8, 0xc7, 0xf8, 0xc7, 0xf7, 0xc7, 0xf8, 0xc7, 0xf8, 0xc7, 0xf8, 0xc7, 0xf9, 0xc7, 0xfa, 0xc7, 0xdb, 0xaf, 0x3b, 0xa6, 0xbd, 0xa6, 0xbf, 0xa6, 0x9f, 0xa6, 0xbe, 0xae, 0xfc, 0xc7, 0xdd, 0xc7, 0xfa, 0xc7, 0xf9, 0xc7, 0xf8, 0xc7, 0xf8, 0xc7, 0xf8, 0xc7, 0xf8, 0xc7, 0xf8, 0xc7, 0xf8, 0xc7, 0xf8, 0xc7, 0xf8, 0xc7, 0xf8, 0xc7, 0xf8, 0xc7, 0xf8, 0xc7, 0xf8, 0xc7, 0xf8, 0xc7, 0xf8, 
  0xc7, 0xf7, 0xc7, 0xf7, 0xc7, 0xf9, 0xc7, 0xf9, 0xc7, 0xf9, 0xc7, 0xf9, 0xc7, 0xf8, 0xc7, 0xf8, 0xc7, 0xf8, 0xc7, 0xf9, 0xc7, 0xf9, 0xc7, 0xfb, 0xaf, 0x3b, 0xa6, 0xbc, 0xa6, 0xdf, 0xa6, 0xbf, 0x9e, 0x9e, 0xaf, 0x1d, 0xc7, 0xdb, 0xcf, 0xd8, 0xcf, 0xf8, 0xcf, 0xf8, 0xc7, 0xf9, 0xc7, 0xf9, 0xc7, 0xf9, 0xbf, 0xf9, 0xc7, 0xf9, 0xc7, 0xf9, 0xcf, 0xf7, 0xdf, 0xf4, 0xdf, 0x6d, 0xd6, 0xa6, 0xe6, 0xa3, 0xf6, 0x81, 0xfe, 0x61, 0xfe, 0x41, 0xfe, 0x61, 0xfe, 0x61, 0xf6, 0x81, 0xf6, 0x80, 0xfe, 0x60, 0xfe, 0x82, 0xfe, 0x82, 0xee, 0x63, 0xde, 0xc6, 0xe7, 0x6c, 0xdf, 0xd3, 0xd7, 0xf7, 0xcf, 0xf7, 0xc7, 0xf8, 0xc7, 0xf8, 0xc7, 0xf8, 0xc7, 0xf8, 0xc7, 0xf8, 0xc7, 0xf8, 0xc7, 0xf8, 0xc7, 0xf8, 0xc7, 0xf8, 0xc7, 0xf9, 0xc7, 0xfb, 0xbf, 0x9b, 0xae, 0xfc, 0xa6, 0xbe, 0xa6, 0xbf, 0xa6, 0xbe, 0xa6, 0xbc, 0xbf, 0x7c, 0xc7, 0xdb, 0xc7, 0xfa, 0xc7, 0xf9, 0xc7, 0xf8, 0xc7, 0xf8, 0xc7, 0xf8, 0xc7, 0xf8, 0xc7, 0xf8, 0xc7, 0xf8, 0xc7, 0xf8, 0xc7, 0xf8, 0xc7, 0xf8, 0xc7, 0xf8, 0xc7, 0xf8, 0xc7, 0xf8, 0xc7, 0xf8, 0xc7, 0xf8, 
  0xc7, 0xf7, 0xc7, 0xf7, 0xc7, 0xf9, 0xc7, 0xf9, 0xc7, 0xf9, 0xc7, 0xf9, 0xc7, 0xf8, 0xc7, 0xf7, 0xc7, 0xf8, 0xc7, 0xf9, 0xbf, 0xda, 0xbf, 0xbc, 0xa6, 0xdb, 0xa6, 0xdd, 0xa6, 0xbf, 0xa6, 0xbf, 0x9e, 0xbd, 0xb7, 0x9d, 0xcf, 0xfa, 0xcf, 0xd7, 0xcf, 0xf8, 0xcf, 0xf8, 0xc7, 0xf8, 0xc7, 0xf9, 0xc7, 0xf9, 0xbf, 0xf8, 0xc7, 0xf9, 0xc7, 0xf9, 0xcf, 0xf7, 0xd7, 0xd4, 0xd7, 0x4d, 0xd6, 0xa8, 0xde, 0xa5, 0xee, 0xa4, 0xfe, 0x83, 0xfe, 0x62, 0xfe, 0x62, 0xfe, 0x82, 0xfe, 0x81, 0xf6, 0x80, 0xfe, 0xa1, 0xf6, 0x82, 0xee, 0x64, 0xe6, 0xa7, 0xdf, 0x4c, 0xdf, 0xf1, 0xd7, 0xf6, 0xc7, 0xd7, 0xc7, 0xf8, 0xc7, 0xf8, 0xc7, 0xf8, 0xc7, 0xf8, 0xc7, 0xf8, 0xc7, 0xf8, 0xc7, 0xf8, 0xc7, 0xf8, 0xc7, 0xf8, 0xc7, 0xf8, 0xc7, 0xfa, 0xc7, 0xdb, 0xb7, 0x3c, 0xa6, 0xdd, 0xa6, 0xbf, 0xa6, 0xbf, 0xa6, 0xbe, 0xa6, 0xdc, 0xc7, 0xdc, 0xc7, 0xda, 0xc7, 0xfa, 0xc7, 0xf9, 0xc7, 0xf8, 0xc7, 0xf8, 0xc7, 0xf8, 0xc7, 0xf8, 0xc7, 0xf8, 0xc7, 0xf8, 0xc7, 0xf8, 0xc7, 0xf8, 0xc7, 0xf8, 0xc7, 0xf8, 0xc7, 0xf8, 0xc7, 0xf8, 0xc7, 0xf8, 0xc7, 0xf8, 
  0xc7, 0xf7, 0xc7, 0xf7, 0xc7, 0xf9, 0xc7, 0xf9, 0xc7, 0xf9, 0xc7, 0xf8, 0xc7, 0xf7, 0xc7, 0xf7, 0xc7, 0xf8, 0xc7, 0xfa, 0xc7, 0xdc, 0xaf, 0x3c, 0xa6, 0xbc, 0xa6, 0xdf, 0xa6, 0xbf, 0xa6, 0xbe, 0xa7, 0x1c, 0xbf, 0xdc, 0xcf, 0xf9, 0xcf, 0xf7, 0xcf, 0xf8, 0xcf, 0xf8, 0xc7, 0xf8, 0xc7, 0xf8, 0xc7, 0xf8, 0xbf, 0xf7, 0xc7, 0xf9, 0xc7, 0xf8, 0xcf, 0xf8, 0xd7, 0xf6, 0xd7, 0x71, 0xdf, 0x2e, 0xdf, 0x2d, 0xef, 0x4c, 0xf7, 0x09, 0xf6, 0xa6, 0xf6, 0x64, 0xfe, 0x63, 0xfe, 0xa2, 0xfe, 0x81, 0xfe, 0xa2, 0xee, 0x84, 0xe6, 0xa8, 0xe7, 0x4e, 0xdf, 0xf2, 0xcf, 0xf4, 0xc7, 0xf6, 0xc7, 0xf7, 0xc7, 0xf8, 0xc7, 0xf8, 0xc7, 0xf8, 0xc7, 0xf8, 0xc7, 0xf8, 0xc7, 0xf8, 0xc7, 0xf8, 0xc7, 0xf8, 0xc7, 0xf8, 0xc7, 0xf9, 0xc7, 0xfb, 0xbf, 0x9c, 0xae, 0xfc, 0xa6, 0xbe, 0xa6, 0xbf, 0xa6, 0xbf, 0xa6, 0xbd, 0xb7, 0x3c, 0xc7, 0xfb, 0xc7, 0xf9, 0xc7, 0xf9, 0xc7, 0xf8, 0xc7, 0xf8, 0xc7, 0xf8, 0xc7, 0xf7, 0xc7, 0xf7, 0xc7, 0xf8, 0xc7, 0xf8, 0xc7, 0xf8, 0xc7, 0xf8, 0xc7, 0xf8, 0xc7, 0xf8, 0xc7, 0xf8, 0xc7, 0xf8, 0xc7, 0xf8, 0xc7, 0xf8, 
  0xc7, 0xf7, 0xc7, 0xf8, 0xc7, 0xf9, 0xc7, 0xf9, 0xc7, 0xf9, 0xc7, 0xf8, 0xc7, 0xf7, 0xc7, 0xf7, 0xc7, 0xf9, 0xc7, 0xda, 0xc7, 0xbd, 0xa6, 0xdc, 0xa6, 0xbe, 0xa6, 0xdf, 0xa6, 0xbf, 0x9e, 0xbd, 0xaf, 0x5b, 0xc7, 0xfb, 0xc7, 0xf9, 0xcf, 0xf8, 0xcf, 0xf8, 0xc7, 0xd7, 0xc7, 0xf8, 0xc7, 0xf8, 0xc7, 0xf8, 0xbf, 0xf7, 0xc7, 0xf8, 0xc7, 0xf8, 0xc7, 0xf8, 0xd7, 0xf7, 0xdf, 0xd5, 0xe7, 0xf5, 0xe7, 0xf3, 0xf7, 0xf2, 0xff, 0xae, 0xf6, 0xe8, 0xee, 0x65, 0xf6, 0x63, 0xfe, 0xa2, 0xf6, 0xa2, 0xee, 0x83, 0xe6, 0xc8, 0xe7, 0x4e, 0xdf, 0xd4, 0xd7, 0xf6, 0xc7, 0xf7, 0xc7, 0xf7, 0xc7, 0xf7, 0xc7, 0xf9, 0xc7, 0xf8, 0xc7, 0xf8, 0xc7, 0xf8, 0xc7, 0xf8, 0xc7, 0xf8, 0xc7, 0xf8, 0xc7, 0xf9, 0xc7, 0xf8, 0xc7, 0xf9, 0xc7, 0xfb, 0xbf, 0x7c, 0xa6, 0xbd, 0xa6, 0x9f, 0xae, 0xbf, 0xa6, 0x9f, 0xa6, 0xbc, 0xbf, 0x9c, 0xc7, 0xd9, 0xc7, 0xf9, 0xc7, 0xf8, 0xc7, 0xf8, 0xc7, 0xf8, 0xc7, 0xf8, 0xc7, 0xf7, 0xc7, 0xf7, 0xc7, 0xf8, 0xc7, 0xf9, 0xc7, 0xf8, 0xc7, 0xf8, 0xc7, 0xf8, 0xc7, 0xf8, 0xc7, 0xf8, 0xc7, 0xf8, 0xc7, 0xf8, 0xc7, 0xf8, 
  0xc7, 0xf8, 0xc7, 0xf8, 0xc7, 0xf8, 0xc7, 0xf8, 0xc7, 0xf8, 0xc7, 0xf7, 0xc7, 0xf7, 0xc7, 0xf7, 0xc7, 0xf9, 0xc7, 0xfc, 0xb7, 0x5d, 0x9e, 0x9d, 0xae, 0xdf, 0xa6, 0xbf, 0x9e, 0xbe, 0xa6, 0xdc, 0xbf, 0xdc, 0xc7, 0xf9, 0xcf, 0xf9, 0xcf, 0xf8, 0xcf, 0xf8, 0xc7, 0xf8, 0xc7, 0xf8, 0xc7, 0xf7, 0xc7, 0xf7, 0xcf, 0xf7, 0xc7, 0xf8, 0xc7, 0xf8, 0xc7, 0xf8, 0xcf, 0xf8, 0xcf, 0xf7, 0xcf, 0xd7, 0xd7, 0xd5, 0xe7, 0xf3, 0xe7, 0x2c, 0xe6, 0xa7, 0xee, 0x84, 0xf6, 0x83, 0xf6, 0xc3, 0xee, 0xa4, 0xe6, 0xc8, 0xe7, 0x4e, 0xe7, 0xd5, 0xd7, 0xf8, 0xc7, 0xf8, 0xc7, 0xf9, 0xcf, 0xf8, 0xc7, 0xf7, 0xc7, 0xf9, 0xc7, 0xf8, 0xc7, 0xf8, 0xc7, 0xf7, 0xc7, 0xf8, 0xc7, 0xf8, 0xc7, 0xf8, 0xc7, 0xf9, 0xc7, 0xf8, 0xc7, 0xfa, 0xc7, 0xfc, 0xaf, 0x1b, 0xa6, 0x9d, 0xa6, 0x7f, 0xae, 0xbf, 0xa6, 0x9e, 0xb7, 0x3d, 0xbf, 0xbb, 0xc7, 0xf9, 0xc7, 0xf8, 0xc7, 0xf8, 0xc7, 0xf8, 0xc7, 0xf8, 0xc7, 0xf8, 0xc7, 0xf7, 0xc7, 0xf7, 0xc7, 0xf8, 0xc7, 0xf8, 0xc7, 0xf8, 0xc7, 0xf8, 0xc7, 0xf8, 0xc7, 0xf8, 0xc7, 0xf8, 0xc7, 0xf8, 0xc7, 0xf8, 0xc7, 0xf8, 
  0xc7, 0xf8, 0xc7, 0xf8, 0xc7, 0xf8, 0xc7, 0xf8, 0xc7, 0xf8, 0xc7, 0xf7, 0xc7, 0xf7, 0xc7, 0xf7, 0xc7, 0xf9, 0xc7, 0xdc, 0xae, 0xfd, 0xa6, 0x9e, 0xa6, 0xbf, 0xa6, 0xbf, 0xa6, 0xbd, 0xaf, 0x3c, 0xbf, 0xfb, 0xc7, 0xf9, 0xcf, 0xf9, 0xcf, 0xf9, 0xc7, 0xf8, 0xc7, 0xf8, 0xc7, 0xf8, 0xc7, 0xf7, 0xcf, 0xf8, 0xcf, 0xf8, 0xcf, 0xf8, 0xc7, 0xf8, 0xc7, 0xf8, 0xc7, 0xf8, 0xc7, 0xf8, 0xc7, 0xf8, 0xd7, 0xf7, 0xdf, 0xd3, 0xdf, 0x2b, 0xe6, 0xc6, 0xf6, 0xa4, 0xee, 0x83, 0xee, 0xa5, 0xde, 0xa7, 0xe7, 0x4d, 0xdf, 0xb2, 0xd7, 0xf7, 0xc7, 0xf9, 0xbf, 0xf9, 0xc7, 0xf9, 0xcf, 0xf8, 0xcf, 0xf8, 0xc7, 0xf8, 0xc7, 0xf8, 0xc7, 0xf7, 0xc7, 0xf7, 0xc7, 0xf8, 0xc7, 0xf8, 0xc7, 0xf8, 0xc7, 0xf9, 0xc7, 0xf8, 0xc7, 0xf9, 0xbf, 0x9b, 0xae, 0xfb, 0xa6, 0xbe, 0xa6, 0xbf, 0xae, 0xbf, 0xa6, 0x9d, 0xbf, 0x7d, 0xc7, 0xda, 0xc7, 0xf8, 0xc7, 0xf7, 0xc7, 0xf8, 0xc7, 0xf8, 0xc7, 0xf8, 0xc7, 0xf8, 0xc7, 0xf7, 0xc7, 0xf8, 0xc7, 0xf8, 0xc7, 0xf8, 0xc7, 0xf8, 0xc7, 0xf8, 0xc7, 0xf8, 0xc7, 0xf8, 0xc7, 0xf8, 0xc7, 0xf8, 0xc7, 0xf8, 0xc7, 0xf8, 
  0xc7, 0xf9, 0xc7, 0xf8, 0xc7, 0xf8, 0xc7, 0xf8, 0xc7, 0xf7, 0xc7, 0xf7, 0xc7, 0xf7, 0xc7, 0xf7, 0xc7, 0xf9, 0xbf, 0xbb, 0xa6, 0xdc, 0xa6, 0xbe, 0xa6, 0xbe, 0xa6, 0xbe, 0xa6, 0xdc, 0xb7, 0x9c, 0xc7, 0xfa, 0xc7, 0xf9, 0xc7, 0xf9, 0xc7, 0xf9, 0xc7, 0xf9, 0xc7, 0xf8, 0xc7, 0xf8, 0xc7, 0xf8, 0xcf, 0xf9, 0xcf, 0xd9, 0xcf, 0xf8, 0xc7, 0xf8, 0xc7, 0xf7, 0xbf, 0xf7, 0xbf, 0xf8, 0xc7, 0xf7, 0xd7, 0xd6, 0xdf, 0x71, 0xe6, 0xc8, 0xee, 0xa4, 0xf6, 0xa4, 0xee, 0x85, 0xe6, 0xc9, 0xdf, 0x4e, 0xdf, 0xf2, 0xd7, 0xf5, 0xc7, 0xf7, 0xbf, 0xf8, 0xbf, 0xf8, 0xbf, 0xf8, 0xc7, 0xf7, 0xc7, 0xf7, 0xc7, 0xf8, 0xc7, 0xf8, 0xc7, 0xf7, 0xc7, 0xf7, 0xc7, 0xf8, 0xc7, 0xf8, 0xc7, 0xf8, 0xc7, 0xf9, 0xc7, 0xf9, 0xc7, 0xfa, 0xb7, 0x7a, 0xa6, 0xba, 0xae, 0xdd, 0xa6, 0xbe, 0xa6, 0xbe, 0xa6, 0xdc, 0xc7, 0xbc, 0xc7, 0xfa, 0xc7, 0xf8, 0xc7, 0xf7, 0xc7, 0xf7, 0xc7, 0xf8, 0xc7, 0xf8, 0xc7, 0xf8, 0xc7, 0xf8, 0xc7, 0xf8, 0xc7, 0xf8, 0xc7, 0xf8, 0xc7, 0xf8, 0xc7, 0xf8, 0xc7, 0xf8, 0xc7, 0xf8, 0xc7, 0xf8, 0xc7, 0xf8, 0xc7, 0xf8, 0xc7, 0xf8, 
  0xc7, 0xf9, 0xc7, 0xf8, 0xc7, 0xf8, 0xc7, 0xf8, 0xc7, 0xf7, 0xc7, 0xf7, 0xc7, 0xf7, 0xc7, 0xf8, 0xc7, 0xf9, 0xbf, 0xba, 0xae, 0xfb, 0xa6, 0xbc, 0xa6, 0xbd, 0xa6, 0xbc, 0xaf, 0x1b, 0xbf, 0xdb, 0xc7, 0xfa, 0xc7, 0xf9, 0xc7, 0xf9, 0xc7, 0xf9, 0xc7, 0xf9, 0xc7, 0xf8, 0xc7, 0xf8, 0xc7, 0xf8, 0xcf, 0xf9, 0xcf, 0xd9, 0xcf, 0xd9, 0xc7, 0xf8, 0xc7, 0xf7, 0xbf, 0xf7, 0xbf, 0xf7, 0xcf, 0xf6, 0xdf, 0xb4, 0xe7, 0x2e, 0xe6, 0xa6, 0xee, 0xa3, 0xee, 0xa5, 0xe6, 0xc8, 0xe7, 0x4e, 0xdf, 0xf3, 0xd7, 0xf5, 0xc7, 0xf6, 0xc7, 0xf7, 0xbf, 0xf8, 0xbf, 0xf8, 0xc7, 0xf8, 0xc7, 0xf7, 0xc7, 0xf7, 0xc7, 0xf8, 0xc7, 0xf8, 0xc7, 0xf8, 0xc7, 0xf7, 0xc7, 0xf8, 0xc7, 0xf8, 0xc7, 0xf8, 0xc7, 0xf8, 0xc7, 0xf9, 0xc7, 0xfa, 0xbf, 0x7a, 0xa6, 0xba, 0xa6, 0xbc, 0x9e, 0x9c, 0xa6, 0xdc, 0xb7, 0x3c, 0xc7, 0xdb, 0xc7, 0xf9, 0xc7, 0xf8, 0xc7, 0xf7, 0xc7, 0xf7, 0xcf, 0xf8, 0xcf, 0xf8, 0xc7, 0xf8, 0xc7, 0xf8, 0xc7, 0xf8, 0xc7, 0xf8, 0xc7, 0xf8, 0xc7, 0xf8, 0xc7, 0xf8, 0xc7, 0xf8, 0xc7, 0xf8, 0xc7, 0xf8, 0xc7, 0xf8, 0xc7, 0xf8, 0xc7, 0xf8, 
  0xc7, 0xf9, 0xc7, 0xf8, 0xc7, 0xf8, 0xc7, 0xf8, 0xc7, 0xf8, 0xc7, 0xf8, 0xc7, 0xf8, 0xc7, 0xf8, 0xcf, 0xf9, 0xbf, 0xda, 0xb7, 0x5a, 0xa6, 0xda, 0xa6, 0xdb, 0xa6, 0xfb, 0xb7, 0x7a, 0xc7, 0xfb, 0xc7, 0xf9, 0xc7, 0xf9, 0xc7, 0xf9, 0xc7, 0xf9, 0xc7, 0xf8, 0xc7, 0xf8, 0xc7, 0xf8, 0xc7, 0xf9, 0xcf, 0xf9, 0xcf, 0xd9, 0xcf, 0xf9, 0xc7, 0xf8, 0xc7, 0xf7, 0xc7, 0xf7, 0xc7, 0xf7, 0xcf, 0xf5, 0xe7, 0xb2, 0xe7, 0x0b, 0xde, 0xa5, 0xe6, 0xc4, 0xe7, 0x08, 0xe7, 0x6e, 0xd7, 0xd3, 0xd7, 0xf6, 0xc7, 0xf6, 0xc7, 0xf6, 0xc7, 0xf7, 0xc7, 0xf8, 0xc7, 0xf8, 0xc7, 0xf8, 0xc7, 0xf7, 0xc7, 0xf7, 0xc7, 0xf8, 0xc7, 0xf8, 0xc7, 0xf8, 0xc7, 0xf8, 0xc7, 0xf8, 0xc7, 0xf8, 0xc7, 0xf8, 0xc7, 0xf8, 0xc7, 0xf8, 0xc7, 0xfa, 0xbf, 0xbb, 0xaf, 0x1a, 0xae, 0xfb, 0xa6, 0xba, 0xaf, 0x1b, 0xbf, 0xbb, 0xc7, 0xfa, 0xc7, 0xf9, 0xc7, 0xf8, 0xc7, 0xf8, 0xc7, 0xf7, 0xcf, 0xf7, 0xc7, 0xf8, 0xc7, 0xf8, 0xc7, 0xf9, 0xc7, 0xf9, 0xc7, 0xf8, 0xc7, 0xf8, 0xc7, 0xf8, 0xc7, 0xf8, 0xc7, 0xf8, 0xc7, 0xf8, 0xc7, 0xf8, 0xc7, 0xf8, 0xc7, 0xf8, 0xc7, 0xf8, 
  0xc7, 0xf8, 0xc7, 0xf8, 0xc7, 0xf8, 0xc7, 0xf8, 0xc7, 0xf8, 0xc7, 0xf8, 0xc7, 0xf8, 0xc7, 0xf8, 0xc7, 0xf8, 0xc7, 0xf9, 0xc7, 0xda, 0xb7, 0x5a, 0xb7, 0x7b, 0xb7, 0x7b, 0xc7, 0xfa, 0xc7, 0xfa, 0xc7, 0xf8, 0xc7, 0xf8, 0xc7, 0xf8, 0xcf, 0xf8, 0xc7, 0xf8, 0xc7, 0xf8, 0xc7, 0xf8, 0xc7, 0xf8, 0xc7, 0xf9, 0xc7, 0xf8, 0xc7, 0xf8, 0xc7, 0xf8, 0xc7, 0xf8, 0xc7, 0xf7, 0xcf, 0xf7, 0xd7, 0xf4, 0xe7, 0x8f, 0xde, 0xc9, 0xde, 0xc6, 0xdf, 0x08, 0xdf, 0x8e, 0xdf, 0xf3, 0xcf, 0xf6, 0xc7, 0xf7, 0xc7, 0xf7, 0xc7, 0xf7, 0xcf, 0xf8, 0xcf, 0xf9, 0xc7, 0xf9, 0xc7, 0xf8, 0xc7, 0xf8, 0xc7, 0xf8, 0xc7, 0xf8, 0xc7, 0xf8, 0xc7, 0xf8, 0xc7, 0xf8, 0xc7, 0xf8, 0xc7, 0xf8, 0xc7, 0xf8, 0xc7, 0xf8, 0xc7, 0xf8, 0xc7, 0xf9, 0xc7, 0xfb, 0xbf, 0x9b, 0xbf, 0x9c, 0xb7, 0x7b, 0xbf, 0xbb, 0xc7, 0xfa, 0xc7, 0xf9, 0xc7, 0xf8, 0xc7, 0xf8, 0xc7, 0xf8, 0xc7, 0xf7, 0xc7, 0xf7, 0xc7, 0xf8, 0xc7, 0xf8, 0xc7, 0xf9, 0xc7, 0xf9, 0xc7, 0xf8, 0xc7, 0xf8, 0xc7, 0xf8, 0xc7, 0xf8, 0xc7, 0xf8, 0xc7, 0xf8, 0xc7, 0xf8, 0xc7, 0xf8, 0xc7, 0xf8, 0xc7, 0xf8, 
  0xc7, 0xf8, 0xc7, 0xf8, 0xc7, 0xf8, 0xc7, 0xf8, 0xc7, 0xf9, 0xc7, 0xf9, 0xc7, 0xf9, 0xc7, 0xf8, 0xc7, 0xf7, 0xc7, 0xf8, 0xc7, 0xfa, 0xc7, 0xfa, 0xc7, 0xfb, 0xc7, 0xfb, 0xc7, 0xf9, 0xc7, 0xf8, 0xc7, 0xf8, 0xc7, 0xf7, 0xc7, 0xf7, 0xcf, 0xf7, 0xc7, 0xf8, 0xc7, 0xf8, 0xc7, 0xf8, 0xc7, 0xf8, 0xc7, 0xf8, 0xc7, 0xf8, 0xc7, 0xf8, 0xc7, 0xf8, 0xc7, 0xf8, 0xcf, 0xf8, 0xd7, 0xd7, 0xdf, 0xb4, 0xdf, 0x0c, 0xd6, 0xa9, 0xdf, 0x0b, 0xdf, 0x8f, 0xd7, 0xf3, 0xcf, 0xf7, 0xc7, 0xf7, 0xbf, 0xf7, 0xcf, 0xf8, 0xcf, 0xf8, 0xcf, 0xd9, 0xcf, 0xd9, 0xc7, 0xf9, 0xc7, 0xf9, 0xc7, 0xf8, 0xc7, 0xf8, 0xc7, 0xf8, 0xc7, 0xf8, 0xc7, 0xf8, 0xc7, 0xf8, 0xc7, 0xf8, 0xc7, 0xf8, 0xc7, 0xf8, 0xc7, 0xf8, 0xc7, 0xf8, 0xc7, 0xf9, 0xc7, 0xfb, 0xc7, 0xdb, 0xc7, 0xfc, 0xc7, 0xfb, 0xc7, 0xfa, 0xc7, 0xf9, 0xc7, 0xf8, 0xc7, 0xf8, 0xc7, 0xf9, 0xcf, 0xf9, 0xc7, 0xf7, 0xc7, 0xf7, 0xc7, 0xf8, 0xc7, 0xf9, 0xc7, 0xfa, 0xc7, 0xf9, 0xc7, 0xf8, 0xc7, 0xf7, 0xc7, 0xf7, 0xc7, 0xf8, 0xc7, 0xf8, 0xc7, 0xf8, 0xc7, 0xf8, 0xc7, 0xf8, 0xc7, 0xf8, 0xc7, 0xf8, 
  0xc7, 0xf8, 0xc7, 0xf8, 0xc7, 0xf8, 0xc7, 0xf8, 0xc7, 0xf9, 0xc7, 0xf9, 0xc7, 0xf9, 0xc7, 0xf8, 0xc7, 0xf8, 0xc7, 0xf8, 0xc7, 0xf8, 0xc7, 0xf9, 0xc7, 0xf9, 0xc7, 0xf9, 0xc7, 0xf8, 0xc7, 0xf8, 0xc7, 0xf7, 0xc7, 0xf7, 0xc7, 0xf7, 0xcf, 0xf7, 0xc7, 0xf8, 0xc7, 0xf8, 0xc7, 0xf8, 0xc7, 0xf8, 0xc7, 0xf7, 0xc7, 0xf7, 0xc7, 0xf7, 0xc7, 0xf8, 0xc7, 0xf8, 0xcf, 0xf7, 0xd7, 0xd7, 0xdf, 0xb4, 0xce, 0xed, 0xce, 0xcb, 0xdf, 0x90, 0xdf, 0xf4, 0xcf, 0xf6, 0xc7, 0xf8, 0xbf, 0xf7, 0xc7, 0xf8, 0xc7, 0xf8, 0xcf, 0xf8, 0xcf, 0xd9, 0xcf, 0xd9, 0xc7, 0xf9, 0xc7, 0xf9, 0xc7, 0xf8, 0xbf, 0xf8, 0xc7, 0xf8, 0xc7, 0xf8, 0xc7, 0xf8, 0xc7, 0xf8, 0xc7, 0xf8, 0xc7, 0xf8, 0xc7, 0xf8, 0xc7, 0xf8, 0xc7, 0xf8, 0xc7, 0xf8, 0xc7, 0xfa, 0xc7, 0xf9, 0xc7, 0xfa, 0xc7, 0xf9, 0xc7, 0xf9, 0xc7, 0xf8, 0xc7, 0xf8, 0xc7, 0xf8, 0xc7, 0xf9, 0xc7, 0xf8, 0xc7, 0xf7, 0xc7, 0xf7, 0xc7, 0xf8, 0xcf, 0xf9, 0xc7, 0xf9, 0xc7, 0xf9, 0xc7, 0xf8, 0xc7, 0xf8, 0xc7, 0xf8, 0xc7, 0xf8, 0xc7, 0xf8, 0xc7, 0xf8, 0xc7, 0xf8, 0xc7, 0xf8, 0xc7, 0xf8, 0xc7, 0xf8, 
  0xc7, 0xf8, 0xc7, 0xf8, 0xc7, 0xf8, 0xc7, 0xf8, 0xc7, 0xf8, 0xc7, 0xf8, 0xc7, 0xf8, 0xc7, 0xf8, 0xc7, 0xf8, 0xc7, 0xf8, 0xc7, 0xf8, 0xc7, 0xf8, 0xc7, 0xf8, 0xc7, 0xf8, 0xc7, 0xf8, 0xc7, 0xf8, 0xc7, 0xf8, 0xc7, 0xf8, 0xc7, 0xf8, 0xc7, 0xf8, 0xc7, 0xf9, 0xc7, 0xf9, 0xc7, 0xf8, 0xc7, 0xf8, 0xc7, 0xf8, 0xc7, 0xf8, 0xc7, 0xf8, 0xc7, 0xf7, 0xcf, 0xf8, 0xd7, 0xf8, 0xcf, 0xd5, 0xc7, 0x72, 0xc7, 0x10, 0xcf, 0x92, 0xd7, 0xd4, 0xd7, 0xf6, 0xcf, 0xf7, 0xc7, 0xf8, 0xc7, 0xf8, 0xbf, 0xf8, 0xc7, 0xf8, 0xc7, 0xf8, 0xc7, 0xf9, 0xc7, 0xf9, 0xc7, 0xf8, 0xc7, 0xf8, 0xc7, 0xf8, 0xc7, 0xf8, 0xc7, 0xf8, 0xc7, 0xf8, 0xc7, 0xf8, 0xc7, 0xf8, 0xc7, 0xf8, 0xc7, 0xf8, 0xc7, 0xf8, 0xc7, 0xf8, 0xc7, 0xf8, 0xc7, 0xf8, 0xc7, 0xf8, 0xc7, 0xf8, 0xc7, 0xf8, 0xc7, 0xf8, 0xc7, 0xf8, 0xc7, 0xf8, 0xc7, 0xf8, 0xc7, 0xf8, 0xc7, 0xf8, 0xc7, 0xf8, 0xc7, 0xf8, 0xc7, 0xf8, 0xc7, 0xf8, 0xc7, 0xf8, 0xc7, 0xf9, 0xc7, 0xf9, 0xc7, 0xf8, 0xc7, 0xf8, 0xc7, 0xf8, 0xc7, 0xf8, 0xc7, 0xf8, 0xc7, 0xf8, 0xc7, 0xf8, 0xc7, 0xf8, 0xc7, 0xf8, 0xc7, 0xf8, 
  0xc7, 0xf8, 0xc7, 0xf8, 0xc7, 0xf8, 0xc7, 0xf8, 0xc7, 0xf8, 0xc7, 0xf8, 0xc7, 0xf8, 0xc7, 0xf8, 0xc7, 0xf8, 0xc7, 0xf8, 0xc7, 0xf8, 0xc7, 0xf8, 0xc7, 0xf8, 0xc7, 0xf8, 0xc7, 0xf8, 0xc7, 0xf8, 0xc7, 0xf8, 0xc7, 0xf8, 0xc7, 0xf8, 0xc7, 0xf8, 0xc7, 0xf9, 0xc7, 0xf9, 0xc7, 0xf8, 0xc7, 0xf7, 0xc7, 0xf8, 0xc7, 0xf8, 0xc7, 0xf8, 0xc7, 0xf7, 0xcf, 0xf7, 0xcf, 0xf7, 0xc7, 0xd5, 0xbf, 0x93, 0xc7, 0xb4, 0xcf, 0xd5, 0xd7, 0xf6, 0xcf, 0xf7, 0xcf, 0xf7, 0xcf, 0xf8, 0xc7, 0xf9, 0xc7, 0xf9, 0xc7, 0xf9, 0xc7, 0xf8, 0xc7, 0xf8, 0xc7, 0xf8, 0xc7, 0xf8, 0xc7, 0xf8, 0xcf, 0xf8, 0xc7, 0xf8, 0xc7, 0xf8, 0xc7, 0xf8, 0xc7, 0xf8, 0xc7, 0xf7, 0xc7, 0xf7, 0xc7, 0xf8, 0xc7, 0xf8, 0xc7, 0xf9, 0xc7, 0xf9, 0xc7, 0xf8, 0xc7, 0xf8, 0xc7, 0xf7, 0xc7, 0xf7, 0xc7, 0xf7, 0xc7, 0xf8, 0xc7, 0xf8, 0xc7, 0xf8, 0xc7, 0xf8, 0xc7, 0xf8, 0xc7, 0xf8, 0xc7, 0xf8, 0xc7, 0xf8, 0xc7, 0xf8, 0xc7, 0xf8, 0xc7, 0xf8, 0xc7, 0xf8, 0xc7, 0xf8, 0xc7, 0xf8, 0xc7, 0xf8, 0xc7, 0xf8, 0xc7, 0xf8, 0xc7, 0xf8, 0xc7, 0xf8, 0xc7, 0xf8, 0xc7, 0xf8, 0xc7, 0xf8, 
  0xc7, 0xf8, 0xc7, 0xf8, 0xc7, 0xf8, 0xc7, 0xf8, 0xc7, 0xf8, 0xc7, 0xf8, 0xc7, 0xf8, 0xc7, 0xf8, 0xc7, 0xf8, 0xc7, 0xf8, 0xc7, 0xf8, 0xc7, 0xf8, 0xc7, 0xf8, 0xc7, 0xf8, 0xc7, 0xf8, 0xc7, 0xf8, 0xc7, 0xf8, 0xc7, 0xf8, 0xc7, 0xf8, 0xc7, 0xf8, 0xc7, 0xf9, 0xc7, 0xf9, 0xc7, 0xf8, 0xc7, 0xf7, 0xc7, 0xf8, 0xc7, 0xf8, 0xc7, 0xf8, 0xc7, 0xf8, 0xcf, 0xf8, 0xcf, 0xf7, 0xc7, 0xd5, 0xc7, 0xb4, 0xcf, 0xf5, 0xcf, 0xf6, 0xcf, 0xf6, 0xcf, 0xf7, 0xcf, 0xf7, 0xc7, 0xf8, 0xc7, 0xf8, 0xc7, 0xf9, 0xc7, 0xf9, 0xc7, 0xf8, 0xc7, 0xf8, 0xc7, 0xf8, 0xc7, 0xf8, 0xc7, 0xf8, 0xc7, 0xf8, 0xc7, 0xf8, 0xc7, 0xf8, 0xc7, 0xf8, 0xc7, 0xf8, 0xc7, 0xf7, 0xc7, 0xf7, 0xc7, 0xf8, 0xc7, 0xf8, 0xc7, 0xf9, 0xc7, 0xf9, 0xc7, 0xf8, 0xc7, 0xf8, 0xc7, 0xf7, 0xc7, 0xf7, 0xc7, 0xf8, 0xc7, 0xf8, 0xc7, 0xf8, 0xc7, 0xf8, 0xc7, 0xf8, 0xc7, 0xf8, 0xc7, 0xf8, 0xc7, 0xf8, 0xc7, 0xf8, 0xc7, 0xf8, 0xc7, 0xf8, 0xc7, 0xf8, 0xc7, 0xf8, 0xc7, 0xf8, 0xc7, 0xf8, 0xc7, 0xf8, 0xc7, 0xf8, 0xc7, 0xf8, 0xc7, 0xf8, 0xc7, 0xf8, 0xc7, 0xf8, 0xc7, 0xf8, 0xc7, 0xf8, 
  0xc7, 0xf8, 0xc7, 0xf8, 0xc7, 0xf8, 0xc7, 0xf8, 0xc7, 0xf8, 0xc7, 0xf8, 0xc7, 0xf8, 0xc7, 0xf8, 0xc7, 0xf8, 0xc7, 0xf8, 0xc7, 0xf8, 0xc7, 0xf8, 0xc7, 0xf8, 0xc7, 0xf8, 0xc7, 0xf8, 0xc7, 0xf8, 0xc7, 0xf8, 0xc7, 0xf8, 0xc7, 0xf8, 0xc7, 0xf8, 0xc7, 0xf9, 0xc7, 0xf9, 0xc7, 0xf8, 0xc7, 0xf7, 0xc7, 0xf8, 0xc7, 0xf8, 0xc7, 0xf8, 0xc7, 0xf8, 0xcf, 0xf8, 0xcf, 0xf7, 0xcf, 0xf5, 0xcf, 0xf5, 0xcf, 0xf5, 0xcf, 0xf6, 0xcf, 0xf6, 0xcf, 0xf7, 0xcf, 0xf8, 0xc7, 0xf8, 0xc7, 0xf8, 0xc7, 0xf8, 0xc7, 0xf8, 0xc7, 0xf8, 0xc7, 0xf8, 0xc7, 0xf8, 0xc7, 0xf8, 0xc7, 0xf8, 0xc7, 0xf8, 0xc7, 0xf8, 0xc7, 0xf8, 0xc7, 0xf8, 0xc7, 0xf8, 0xc7, 0xf7, 0xc7, 0xf8, 0xc7, 0xf8, 0xc7, 0xf8, 0xc7, 0xf9, 0xc7, 0xf9, 0xc7, 0xf8, 0xc7, 0xf8, 0xc7, 0xf8, 0xc7, 0xf7, 0xc7, 0xf8, 0xc7, 0xf8, 0xc7, 0xf8, 0xc7, 0xf8, 0xc7, 0xf8, 0xc7, 0xf8, 0xc7, 0xf8, 0xc7, 0xf8, 0xc7, 0xf8, 0xc7, 0xf8, 0xc7, 0xf8, 0xc7, 0xf8, 0xc7, 0xf8, 0xc7, 0xf8, 0xc7, 0xf8, 0xc7, 0xf8, 0xc7, 0xf8, 0xc7, 0xf8, 0xc7, 0xf8, 0xc7, 0xf8, 0xc7, 0xf8, 0xc7, 0xf8, 0xc7, 0xf8, 
#endif
#if LV_COLOR_DEPTH == 32
  /*Pixel format: Fix 0xFF: 8 bit, Red: 8 bit, Green: 8 bit, Blue: 8 bit*/
  0xbe, 0xff, 0xbf, 0xff, 0xbe, 0xff, 0xbf, 0xff, 0xbf, 0xff, 0xc0, 0xff, 0xc0, 0xff, 0xc0, 0xff, 0xc1, 0xff, 0xc0, 0xff, 0xc2, 0xff, 0xc0, 0xff, 0xc3, 0xff, 0xbf, 0xff, 0xc3, 0xff, 0xbf, 0xff, 0xc3, 0xff, 0xbe, 0xff, 0xc3, 0xff, 0xbe, 0xff, 0xc2, 0xff, 0xbf, 0xff, 0xc1, 0xff, 0xc0, 0xff, 0xbf, 0xfe, 0xc2, 0xff, 0xbe, 0xfd, 0xc4, 0xff, 0xbd, 0xfc, 0xc6, 0xff, 0xbe, 0xfc, 0xc6, 0xff, 0xc1, 0xfc, 0xc4, 0xff, 0xc3, 0xfd, 0xc3, 0xff, 0xc2, 0xfc, 0xc2, 0xff, 0xc2, 0xfc, 0xc2, 0xff, 0xc1, 0xfd, 0xc0, 0xff, 0xc1, 0xff, 0xc0, 0xff, 0xc0, 0xfe, 0xbe, 0xff, 0xc0, 0xfe, 0xbe, 0xff, 0xc0, 0xfe, 0xbe, 0xff, 0xc1, 0xff, 0xbf, 0xff, 0xc1, 0xff, 0xc0, 0xff, 0xc1, 0xfe, 0xc1, 0xff, 0xc1, 0xfe, 0xc1, 0xff, 0xc2, 0xfd, 0xc2, 0xff, 0xc2, 0xfc, 0xc2, 0xff, 0xc1, 0xfd, 0xc0, 0xff, 0xbc, 0xfe, 0xba, 0xff, 0xbc, 0xff, 0xba, 0xff, 0xbe, 0xff, 0xbf, 0xff, 0xbe, 0xfe, 0xc2, 0xff, 0xbe, 0xfc, 0xc4, 0xff, 0xbe, 0xfa, 0xc4, 0xff, 0xbf, 0xf9, 0xc5, 0xff, 0xc2, 0xfa, 0xc6, 0xff, 0xc3, 0xf9, 0xc4, 0xff, 0xc6, 0xf8, 0xc5, 0xff, 0xc9, 0xf6, 0xc7, 0xff, 0xcc, 0xf5, 0xcb, 0xff, 0xd0, 0xf3, 0xd1, 0xff, 0xd4, 0xf3, 0xd7, 0xff, 0xd9, 0xf3, 0xde, 0xff, 0xdc, 0xf2, 0xe2, 0xff, 0xe0, 0xf2, 0xe5, 0xff, 0xe1, 0xf1, 0xe6, 0xff, 0xe1, 0xf1, 0xe5, 0xff, 0xe1, 0xf2, 0xe5, 0xff, 0xe0, 0xf1, 0xe3, 0xff, 0xe0, 0xf2, 0xe1, 0xff, 0xdf, 0xf3, 0xdf, 0xff, 0xdd, 0xf5, 0xdd, 0xff, 0xd7, 0xf3, 0xd6, 0xff, 0xd2, 0xf3, 0xd1, 0xff, 0xcd, 0xf4, 0xca, 0xff, 0xca, 0xf6, 0xc7, 0xff, 0xc7, 0xf8, 0xc4, 0xff, 0xc4, 0xfa, 0xc2, 0xff, 0xc3, 0xfc, 0xc0, 0xff, 0xc0, 0xff, 0xbd, 0xff, 0xbd, 0xff, 0xb7, 0xff, 0xbc, 0xff, 0xb7, 0xff, 0xbd, 0xff, 0xbc, 0xff, 0xbe, 0xff, 0xc1, 0xff, 0xbf, 0xfd, 0xc4, 0xff, 0xc0, 0xfc, 0xc6, 0xff, 0xbf, 0xfb, 0xc5, 0xff, 0xbe, 0xfb, 0xc2, 0xff, 0xc0, 0xff, 0xc1, 0xff, 0xc0, 0xff, 0xbe, 0xff, 0xc0, 0xff, 0xbc, 0xff, 0xbf, 0xff, 0xbc, 0xff, 0xbe, 0xff, 0xbd, 0xff, 0xbe, 0xff, 0xbf, 0xff, 0xbd, 0xff, 0xc2, 0xff, 0xbd, 0xfe, 0xc3, 0xff, 0xbf, 0xff, 0xc1, 0xff, 0xc0, 0xff, 0xc0, 0xff, 0xc0, 0xff, 0xc0, 0xff, 0xc0, 0xff, 0xc0, 0xff, 
  0xbe, 0xff, 0xbf, 0xff, 0xbe, 0xff, 0xbf, 0xff, 0xbf, 0xff, 0xc0, 0xff, 0xc0, 0xff, 0xc1, 0xff, 0xc1, 0xfe, 0xc1, 0xff, 0xc2, 0xfe, 0xc0, 0xff, 0xc2, 0xff, 0xc0, 0xff, 0xc3, 0xff, 0xbf, 0xff, 0xc3, 0xff, 0xbe, 0xff, 0xc2, 0xff, 0xbe, 0xff, 0xc1, 0xff, 0xbf, 0xff, 0xc0, 0xff, 0xc0, 0xff, 0xbf, 0xfe, 0xc2, 0xff, 0xbe, 0xfe, 0xc4, 0xff, 0xbd, 0xfd, 0xc5, 0xff, 0xbe, 0xfd, 0xc5, 0xff, 0xc1, 0xfe, 0xc4, 0xff, 0xc2, 0xfe, 0xc2, 0xff, 0xc2, 0xfd, 0xc2, 0xff, 0xc2, 0xfe, 0xc2, 0xff, 0xc1, 0xfe, 0xc1, 0xff, 0xc1, 0xff, 0xc0, 0xff, 0xc1, 0xff, 0xbf, 0xff, 0xc0, 0xfe, 0xbe, 0xff, 0xc0, 0xfe, 0xbe, 0xff, 0xc1, 0xff, 0xbf, 0xff, 0xc1, 0xff, 0xc0, 0xff, 0xc1, 0xff, 0xc0, 0xff, 0xc1, 0xfe, 0xc1, 0xff, 0xc1, 0xfe, 0xc1, 0xff, 0xc2, 0xfe, 0xc2, 0xff, 0xc1, 0xfe, 0xc1, 0xff, 0xbd, 0xfe, 0xbc, 0xff, 0xbd, 0xff, 0xbc, 0xff, 0xbe, 0xff, 0xbf, 0xff, 0xbf, 0xff, 0xc1, 0xff, 0xbf, 0xfc, 0xc2, 0xff, 0xbf, 0xfa, 0xc3, 0xff, 0xc0, 0xf9, 0xc4, 0xff, 0xc4, 0xf9, 0xc7, 0xff, 0xc5, 0xf7, 0xc6, 0xff, 0xca, 0xf8, 0xca, 0xff, 0xd0, 0xf9, 0xd0, 0xff, 0xd4, 0xf9, 0xd5, 0xff, 0xd9, 0xf9, 0xda, 0xff, 0xdb, 0xf7, 0xdd, 0xff, 0xdd, 0xf5, 0xe0, 0xff, 0xde, 0xf2, 0xe1, 0xff, 0xe1, 0xf2, 0xe5, 0xff, 0xe2, 0xf1, 0xe5, 0xff, 0xe2, 0xf1, 0xe5, 0xff, 0xe2, 0xf2, 0xe4, 0xff, 0xe1, 0xf1, 0xe3, 0xff, 0xe1, 0xf2, 0xe2, 0xff, 0xe0, 0xf3, 0xe0, 0xff, 0xde, 0xf4, 0xde, 0xff, 0xdc, 0xf6, 0xdb, 0xff, 0xd8, 0xf7, 0xd7, 0xff, 0xd5, 0xf8, 0xd3, 0xff, 0xd1, 0xf9, 0xce, 0xff, 0xcd, 0xfa, 0xcb, 0xff, 0xc9, 0xfb, 0xc8, 0xff, 0xc5, 0xfa, 0xc4, 0xff, 0xc1, 0xfc, 0xbf, 0xff, 0xbf, 0xff, 0xba, 0xff, 0xbd, 0xff, 0xb9, 0xff, 0xbe, 0xff, 0xbd, 0xff, 0xbe, 0xfe, 0xc0, 0xff, 0xbf, 0xfd, 0xc4, 0xff, 0xc0, 0xfc, 0xc6, 0xff, 0xbf, 0xfc, 0xc5, 0xff, 0xbe, 0xfc, 0xc3, 0xff, 0xbf, 0xff, 0xc1, 0xff, 0xbf, 0xff, 0xbe, 0xff, 0xbf, 0xff, 0xbd, 0xff, 0xbf, 0xff, 0xbc, 0xff, 0xbf, 0xff, 0xbd, 0xff, 0xbe, 0xff, 0xbf, 0xff, 0xbd, 0xff, 0xc2, 0xff, 0xbe, 0xfe, 0xc2, 0xff, 0xbf, 0xff, 0xc1, 0xff, 0xc0, 0xff, 0xc0, 0xff, 0xc0, 0xff, 0xc0, 0xff, 0xc0, 0xff, 0xc0, 0xff, 
  0xbe, 0xff, 0xbf, 0xff, 0xbe, 0xff, 0xbf, 0xff, 0xbf, 0xff, 0xc0, 0xff, 0xc0, 0xff, 0xc1, 0xff, 0xc1, 0xfe, 0xc1, 0xff, 0xc2, 0xfe, 0xc1, 0xff, 0xc2, 0xfe, 0xc0, 0xff, 0xc2, 0xff, 0xbf, 0xff, 0xc2, 0xff, 0xbe, 0xff, 0xc1, 0xff, 0xbe, 0xff, 0xc1, 0xff, 0xbe, 0xff, 0xc0, 0xff, 0xbf, 0xff, 0xbf, 0xff, 0xc0, 0xff, 0xbe, 0xfe, 0xc2, 0xff, 0xbd, 0xfe, 0xc4, 0xff, 0xbd, 0xfe, 0xc3, 0xff, 0xbe, 0xff, 0xc1, 0xff, 0xbe, 0xff, 0xc0, 0xff, 0xbf, 0xff, 0xc0, 0xff, 0xbf, 0xff, 0xc0, 0xff, 0xc0, 0xff, 0xc1, 0xff, 0xc0, 0xff, 0xc0, 0xff, 0xc0, 0xff, 0xbf, 0xff, 0xc0, 0xff, 0xbf, 0xff, 0xbf, 0xfe, 0xbe, 0xff, 0xbf, 0xfe, 0xbe, 0xff, 0xc0, 0xff, 0xbf, 0xff, 0xc0, 0xff, 0xbf, 0xff, 0xbf, 0xff, 0xc0, 0xff, 0xbf, 0xff, 0xc0, 0xff, 0xbf, 0xff, 0xc0, 0xff, 0xbf, 0xff, 0xc0, 0xff, 0xbc, 0xff, 0xbe, 0xff, 0xbd, 0xff, 0xbf, 0xff, 0xbe, 0xff, 0xbf, 0xff, 0xbf, 0xff, 0xbf, 0xff, 0xc0, 0xff, 0xc0, 0xff, 0xc1, 0xfc, 0xc1, 0xff, 0xc4, 0xfa, 0xc4, 0xff, 0xc8, 0xf9, 0xc8, 0xff, 0xcd, 0xf9, 0xce, 0xff, 0xd1, 0xf8, 0xd4, 0xff, 0xd6, 0xf8, 0xda, 0xff, 0xdc, 0xf9, 0xe0, 0xff, 0xdf, 0xf8, 0xe2, 0xff, 0xe0, 0xf7, 0xe2, 0xff, 0xe0, 0xf5, 0xe1, 0xff, 0xe0, 0xf3, 0xe0, 0xff, 0xe3, 0xf2, 0xe3, 0xff, 0xe4, 0xf1, 0xe4, 0xff, 0xe4, 0xf2, 0xe4, 0xff, 0xe4, 0xf2, 0xe4, 0xff, 0xe4, 0xf2, 0xe4, 0xff, 0xe2, 0xf1, 0xe2, 0xff, 0xe2, 0xf2, 0xe1, 0xff, 0xe0, 0xf3, 0xdf, 0xff, 0xe1, 0xf7, 0xe1, 0xff, 0xde, 0xf8, 0xde, 0xff, 0xdb, 0xf8, 0xda, 0xff, 0xd9, 0xfa, 0xd8, 0xff, 0xd5, 0xfb, 0xd4, 0xff, 0xd1, 0xfa, 0xd0, 0xff, 0xcc, 0xf8, 0xcc, 0xff, 0xc6, 0xf9, 0xc6, 0xff, 0xc3, 0xff, 0xc0, 0xff, 0xbf, 0xff, 0xbd, 0xff, 0xbf, 0xfd, 0xbe, 0xff, 0xbe, 0xfc, 0xc0, 0xff, 0xbf, 0xfc, 0xc3, 0xff, 0xbf, 0xfd, 0xc5, 0xff, 0xbf, 0xfd, 0xc4, 0xff, 0xbe, 0xfe, 0xc3, 0xff, 0xbe, 0xff, 0xc0, 0xff, 0xbe, 0xff, 0xbf, 0xff, 0xbe, 0xff, 0xbe, 0xff, 0xbf, 0xff, 0xbd, 0xff, 0xbf, 0xff, 0xbe, 0xff, 0xbf, 0xff, 0xc0, 0xff, 0xbf, 0xfe, 0xc1, 0xff, 0xbf, 0xfe, 0xc2, 0xff, 0xbf, 0xff, 0xc1, 0xff, 0xc0, 0xff, 0xc0, 0xff, 0xc0, 0xff, 0xc0, 0xff, 0xc0, 0xff, 0xc0, 0xff, 
  0xbe, 0xff, 0xbf, 0xff, 0xbf, 0xff, 0xbf, 0xff, 0xbf, 0xff, 0xc0, 0xff, 0xc0, 0xff, 0xc1, 0xff, 0xc1, 0xfe, 0xc2, 0xff, 0xc1, 0xfe, 0xc2, 0xff, 0xc1, 0xfe, 0xc1, 0xff, 0xc1, 0xff, 0xc0, 0xff, 0xc1, 0xff, 0xbf, 0xff, 0xc1, 0xff, 0xbe, 0xff, 0xc0, 0xff, 0xbe, 0xff, 0xbf, 0xff, 0xbe, 0xff, 0xbe, 0xff, 0xbf, 0xff, 0xbe, 0xff, 0xc1, 0xff, 0xbd, 0xff, 0xc2, 0xff, 0xbc, 0xff, 0xc1, 0xff, 0xbb, 0xff, 0xbf, 0xff, 0xba, 0xff, 0xbd, 0xff, 0xbd, 0xff, 0xbf, 0xff, 0xbd, 0xff, 0xbf, 0xff, 0xbf, 0xff, 0xc0, 0xff, 0xbf, 0xff, 0xc0, 0xff, 0xc1, 0xff, 0xc1, 0xff, 0xc0, 0xff, 0xc0, 0xff, 0xbf, 0xfe, 0xbf, 0xff, 0xbf, 0xfe, 0xbf, 0xff, 0xbf, 0xfe, 0xbf, 0xff, 0xc0, 0xff, 0xc0, 0xff, 0xbf, 0xff, 0xbf, 0xff, 0xbe, 0xff, 0xbf, 0xff, 0xbd, 0xff, 0xbf, 0xff, 0xbd, 0xff, 0xc0, 0xff, 0xbc, 0xff, 0xc1, 0xff, 0xbd, 0xff, 0xc1, 0xff, 0xbe, 0xff, 0xbf, 0xff, 0xc0, 0xff, 0xbf, 0xff, 0xc2, 0xff, 0xc0, 0xff, 0xc6, 0xfe, 0xc3, 0xff, 0xcb, 0xfc, 0xc8, 0xff, 0xcf, 0xfa, 0xce, 0xff, 0xd7, 0xfb, 0xd9, 0xff, 0xd9, 0xf7, 0xdd, 0xff, 0xdc, 0xf5, 0xe1, 0xff, 0xdd, 0xf2, 0xe2, 0xff, 0xdf, 0xf2, 0xe2, 0xff, 0xe1, 0xf2, 0xe2, 0xff, 0xe1, 0xf2, 0xe0, 0xff, 0xe3, 0xf3, 0xe1, 0xff, 0xe4, 0xf2, 0xe2, 0xff, 0xe5, 0xf2, 0xe3, 0xff, 0xe5, 0xf2, 0xe3, 0xff, 0xe5, 0xf1, 0xe4, 0xff, 0xe6, 0xf1, 0xe4, 0xff, 0xe4, 0xf0, 0xe3, 0xff, 0xe4, 0xf1, 0xe2, 0xff, 0xe3, 0xf1, 0xe2, 0xff, 0xe2, 0xf3, 0xe2, 0xff, 0xe0, 0xf4, 0xe0, 0xff, 0xdf, 0xf5, 0xdf, 0xff, 0xdd, 0xf7, 0xdd, 0xff, 0xda, 0xf8, 0xdb, 0xff, 0xd7, 0xf8, 0xd8, 0xff, 0xd4, 0xf7, 0xd5, 0xff, 0xcf, 0xf9, 0xd0, 0xff, 0xc7, 0xfc, 0xc7, 0xff, 0xc3, 0xfd, 0xc3, 0xff, 0xc1, 0xfb, 0xc1, 0xff, 0xc0, 0xfb, 0xc1, 0xff, 0xc0, 0xfc, 0xc3, 0xff, 0xc0, 0xfd, 0xc4, 0xff, 0xbf, 0xfe, 0xc3, 0xff, 0xbe, 0xff, 0xc1, 0xff, 0xbe, 0xff, 0xc0, 0xff, 0xbe, 0xff, 0xbf, 0xff, 0xbe, 0xff, 0xbf, 0xff, 0xbe, 0xff, 0xbf, 0xff, 0xbf, 0xff, 0xbf, 0xff, 0xc0, 0xff, 0xc0, 0xff, 0xc0, 0xff, 0xc0, 0xff, 0xc0, 0xff, 0xc1, 0xff, 0xc0, 0xff, 0xc1, 0xff, 0xc0, 0xff, 0xc0, 0xff, 0xc0, 0xff, 0xc0, 0xff, 0xc0, 0xff, 0xc0, 0xff, 
  0xbf, 0xff, 0xbe, 0xff, 0xbf, 0xff, 0xbf, 0xff, 0xc0, 0xff, 0xc0, 0xff, 0xc0, 0xfe, 0xc1, 0xff, 0xc0, 0xfe, 0xc2, 0xff, 0xc0, 0xfe, 0xc3, 0xff, 0xc0, 0xfe, 0xc2, 0xff, 0xc0, 0xff, 0xc1, 0xff, 0xc0, 0xff, 0xbf, 0xff, 0xc0, 0xff, 0xbf, 0xff, 0xbf, 0xff, 0xbe, 0xff, 0xbe, 0xff, 0xbe, 0xff, 0xbe, 0xff, 0xbf, 0xff, 0xbe, 0xff, 0xc0, 0xff, 0xbd, 0xff, 0xc1, 0xff, 0xbb, 0xff, 0xc0, 0xff, 0xb8, 0xff, 0xbc, 0xff, 0xb8, 0xff, 0xbc, 0xff, 0xba, 0xff, 0xbd, 0xff, 0xbb, 0xff, 0xbd, 0xff, 0xbd, 0xff, 0xbf, 0xff, 0xc0, 0xff, 0xc1, 0xff, 0xc0, 0xff, 0xc1, 0xff, 0xc1, 0xfe, 0xc1, 0xff, 0xc0, 0xfc, 0xbf, 0xff, 0xc1, 0xfd, 0xc0, 0xff, 0xc0, 0xfd, 0xc0, 0xff, 0xbf, 0xfd, 0xc0, 0xff, 0xbf, 0xff, 0xc0, 0xff, 0xbd, 0xff, 0xc0, 0xff, 0xbb, 0xff, 0xbe, 0xff, 0xbb, 0xff, 0xbf, 0xff, 0xbc, 0xff, 0xc2, 0xff, 0xbd, 0xfe, 0xc2, 0xff, 0xbf, 0xfd, 0xc0, 0xff, 0xc1, 0xfd, 0xc0, 0xff, 0xc5, 0xfd, 0xc3, 0xff, 0xcc, 0xfd, 0xc9, 0xff, 0xd2, 0xfc, 0xcf, 0xff, 0xd7, 0xfa, 0xd5, 0xff, 0xdd, 0xf9, 0xdf, 0xff, 0xdf, 0xf5, 0xe2, 0xff, 0xe0, 0xf1, 0xe4, 0xff, 0xe1, 0xee, 0xe5, 0xff, 0xe1, 0xed, 0xe3, 0xff, 0xe3, 0xef, 0xe3, 0xff, 0xe4, 0xf1, 0xe2, 0xff, 0xe5, 0xf2, 0xe2, 0xff, 0xe5, 0xf2, 0xe2, 0xff, 0xe5, 0xf2, 0xe3, 0xff, 0xe6, 0xf2, 0xe3, 0xff, 0xe6, 0xf1, 0xe4, 0xff, 0xe7, 0xf1, 0xe4, 0xff, 0xe6, 0xef, 0xe4, 0xff, 0xe6, 0xef, 0xe4, 0xff, 0xe5, 0xef, 0xe4, 0xff, 0xe4, 0xf0, 0xe4, 0xff, 0xe3, 0xf1, 0xe3, 0xff, 0xe1, 0xf1, 0xe2, 0xff, 0xdf, 0xf2, 0xe1, 0xff, 0xde, 0xf5, 0xe0, 0xff, 0xdd, 0xf5, 0xdf, 0xff, 0xdc, 0xf6, 0xdf, 0xff, 0xd7, 0xf7, 0xda, 0xff, 0xce, 0xf9, 0xd0, 0xff, 0xc8, 0xfa, 0xca, 0xff, 0xc5, 0xf9, 0xc6, 0xff, 0xc2, 0xf9, 0xc3, 0xff, 0xc1, 0xfc, 0xc2, 0xff, 0xc0, 0xfe, 0xc2, 0xff, 0xbf, 0xff, 0xc1, 0xff, 0xbe, 0xff, 0xc0, 0xff, 0xbd, 0xff, 0xc0, 0xff, 0xbd, 0xff, 0xc0, 0xff, 0xbe, 0xff, 0xc0, 0xff, 0xbe, 0xff, 0xc0, 0xff, 0xbf, 0xff, 0xc0, 0xff, 0xc0, 0xff, 0xc0, 0xff, 0xc2, 0xff, 0xbf, 0xff, 0xc2, 0xff, 0xbf, 0xff, 0xc0, 0xff, 0xc0, 0xff, 0xc0, 0xff, 0xc0, 0xff, 0xc0, 0xff, 0xc0, 0xff, 0xc0, 0xff, 0xc0, 0xff, 
  0xc0, 0xff, 0xbe, 0xff, 0xc0, 0xff, 0xbf, 0xff, 0xc0, 0xff, 0xc0, 0xff, 0xc0, 0xfe, 0xc1, 0xff, 0xc0, 0xfe, 0xc3, 0xff, 0xc0, 0xfd, 0xc3, 0xff, 0xbf, 0xfe, 0xc3, 0xff, 0xbf, 0xfe, 0xc1, 0xff, 0xbf, 0xff, 0xc0, 0xff, 0xbf, 0xff, 0xbf, 0xff, 0xbe, 0xff, 0xbe, 0xff, 0xbe, 0xff, 0xbe, 0xff, 0xbe, 0xff, 0xbf, 0xff, 0xbe, 0xff, 0xbf, 0xff, 0xbd, 0xff, 0xc0, 0xff, 0xbc, 0xff, 0xbf, 0xff, 0xb8, 0xff, 0xbc, 0xff, 0xb7, 0xff, 0xbb, 0xff, 0xb9, 0xff, 0xbc, 0xff, 0xbb, 0xfe, 0xbe, 0xff, 0xbe, 0xfe, 0xc0, 0xff, 0xc1, 0xfe, 0xc2, 0xff, 0xc4, 0xfe, 0xc5, 0xff, 0xc6, 0xfd, 0xc5, 0xff, 0xc4, 0xfb, 0xc4, 0xff, 0xc4, 0xfb, 0xc3, 0xff, 0xc3, 0xfb, 0xc3, 0xff, 0xc3, 0xfd, 0xc4, 0xff, 0xc1, 0xfd, 0xc3, 0xff, 0xbe, 0xfd, 0xc1, 0xff, 0xbc, 0xfe, 0xc0, 0xff, 0xbc, 0xfe, 0xc0, 0xff, 0xbe, 0xfe, 0xc3, 0xff, 0xbf, 0xfc, 0xc3, 0xff, 0xc2, 0xfb, 0xc3, 0xff, 0xc6, 0xfb, 0xc6, 0xff, 0xcb, 0xfb, 0xca, 0xff, 0xd2, 0xfb, 0xd1, 0xff, 0xd9, 0xfa, 0xd7, 0xff, 0xdd, 0xf7, 0xdb, 0xff, 0xe0, 0xf4, 0xe0, 0xff, 0xe2, 0xf2, 0xe4, 0xff, 0xe4, 0xef, 0xe5, 0xff, 0xe5, 0xee, 0xe6, 0xff, 0xe6, 0xee, 0xe6, 0xff, 0xe7, 0xef, 0xe7, 0xff, 0xe7, 0xf0, 0xe6, 0xff, 0xe6, 0xf1, 0xe5, 0xff, 0xe5, 0xf2, 0xe3, 0xff, 0xe5, 0xf2, 0xe3, 0xff, 0xe6, 0xf1, 0xe3, 0xff, 0xe7, 0xf1, 0xe4, 0xff, 0xe7, 0xf0, 0xe5, 0xff, 0xe8, 0xf0, 0xe6, 0xff, 0xe8, 0xf0, 0xe6, 0xff, 0xe8, 0xef, 0xe7, 0xff, 0xe8, 0xf1, 0xe8, 0xff, 0xe6, 0xf0, 0xe6, 0xff, 0xe4, 0xef, 0xe5, 0xff, 0xe2, 0xf0, 0xe4, 0xff, 0xe2, 0xf2, 0xe4, 0xff, 0xe1, 0xf2, 0xe3, 0xff, 0xe1, 0xf4, 0xe4, 0xff, 0xde, 0xf6, 0xe1, 0xff, 0xd4, 0xf6, 0xd7, 0xff, 0xcf, 0xf8, 0xd2, 0xff, 0xcb, 0xf8, 0xcc, 0xff, 0xc7, 0xfa, 0xc7, 0xff, 0xc3, 0xfb, 0xc3, 0xff, 0xc1, 0xfe, 0xc1, 0xff, 0xbf, 0xff, 0xbf, 0xff, 0xbd, 0xff, 0xbf, 0xff, 0xbc, 0xff, 0xc0, 0xff, 0xbc, 0xff, 0xc1, 0xff, 0xbd, 0xff, 0xc1, 0xff, 0xbe, 0xff, 0xc1, 0xff, 0xbf, 0xff, 0xc1, 0xff, 0xc1, 0xff, 0xc0, 0xff, 0xc3, 0xff, 0xbe, 0xff, 0xc3, 0xff, 0xbe, 0xff, 0xc1, 0xff, 0xc0, 0xff, 0xc0, 0xff, 0xc0, 0xff, 0xc0, 0xff, 0xc0, 0xff, 0xc0, 0xff, 0xc0, 0xff, 
  0xc0, 0xff, 0xbe, 0xff, 0xc0, 0xff, 0xbf, 0xff, 0xc0, 0xff, 0xc1, 0xff, 0xc0, 0xfe, 0xc2, 0xff, 0xc0, 0xfd, 0xc4, 0xff, 0xbf, 0xfd, 0xc4, 0xff, 0xbf, 0xfe, 0xc3, 0xff, 0xbe, 0xfe, 0xc2, 0xff, 0xbe, 0xff, 0xc1, 0xff, 0xbe, 0xff, 0xc0, 0xff, 0xbe, 0xff, 0xbf, 0xff, 0xbe, 0xff, 0xbf, 0xff, 0xbf, 0xff, 0xbf, 0xff, 0xbf, 0xff, 0xbf, 0xff, 0xbf, 0xff, 0xbf, 0xff, 0xbe, 0xff, 0xbf, 0xff, 0xbc, 0xff, 0xbf, 0xff, 0xbb, 0xff, 0xbf, 0xff, 0xbc, 0xfd, 0xbf, 0xff, 0xbe, 0xfc, 0xc1, 0xff, 0xc2, 0xfb, 0xc3, 0xff, 0xc7, 0xfc, 0xc7, 0xff, 0xca, 0xfb, 0xca, 0xff, 0xcc, 0xfa, 0xcb, 0xff, 0xcc, 0xf9, 0xcb, 0xff, 0xcb, 0xf9, 0xcb, 0xff, 0xca, 0xfa, 0xca, 0xff, 0xc8, 0xfb, 0xc9, 0xff, 0xc4, 0xfb, 0xc6, 0xff, 0xc2, 0xfc, 0xc5, 0xff, 0xc1, 0xfc, 0xc5, 0xff, 0xc0, 0xfc, 0xc3, 0xff, 0xc2, 0xfc, 0xc3, 0xff, 0xc4, 0xfa, 0xc4, 0xff, 0xc8, 0xf9, 0xc9, 0xff, 0xcd, 0xf8, 0xcf, 0xff, 0xd4, 0xf8, 0xd6, 0xff, 0xd9, 0xf7, 0xdb, 0xff, 0xde, 0xf5, 0xdf, 0xff, 0xe0, 0xf3, 0xe0, 0xff, 0xe3, 0xf1, 0xe1, 0xff, 0xe4, 0xf1, 0xe2, 0xff, 0xe6, 0xf0, 0xe3, 0xff, 0xe8, 0xf1, 0xe5, 0xff, 0xe8, 0xf0, 0xe6, 0xff, 0xe8, 0xef, 0xe7, 0xff, 0xe7, 0xef, 0xe8, 0xff, 0xe6, 0xef, 0xe7, 0xff, 0xe4, 0xf1, 0xe5, 0xff, 0xe4, 0xf2, 0xe3, 0xff, 0xe5, 0xf1, 0xe4, 0xff, 0xe6, 0xf1, 0xe5, 0xff, 0xe7, 0xf0, 0xe6, 0xff, 0xe7, 0xf0, 0xe6, 0xff, 0xe8, 0xef, 0xe7, 0xff, 0xe8, 0xef, 0xe7, 0xff, 0xe9, 0xf0, 0xe8, 0xff, 0xe7, 0xef, 0xe7, 0xff, 0xe5, 0xee, 0xe6, 0xff, 0xe4, 0xef, 0xe6, 0xff, 0xe4, 0xef, 0xe5, 0xff, 0xe4, 0xf0, 0xe6, 0xff, 0xe2, 0xf0, 0xe4, 0xff, 0xe0, 0xf2, 0xe2, 0xff, 0xdb, 0xf4, 0xdf, 0xff, 0xd5, 0xf5, 0xd8, 0xff, 0xd0, 0xf7, 0xd1, 0xff, 0xcb, 0xf9, 0xcb, 0xff, 0xc6, 0xfb, 0xc5, 0xff, 0xc3, 0xfe, 0xc1, 0xff, 0xbf, 0xff, 0xbf, 0xff, 0xbc, 0xff, 0xbe, 0xff, 0xbc, 0xff, 0xc0, 0xff, 0xbb, 0xff, 0xc1, 0xff, 0xbc, 0xff, 0xc2, 0xff, 0xbe, 0xfe, 0xc2, 0xff, 0xc0, 0xfe, 0xc1, 0xff, 0xc2, 0xff, 0xbf, 0xff, 0xc4, 0xff, 0xbe, 0xff, 0xc3, 0xff, 0xbe, 0xff, 0xc1, 0xff, 0xbf, 0xff, 0xc0, 0xff, 0xc0, 0xff, 0xc0, 0xff, 0xc0, 0xff, 0xc0, 0xff, 0xc0, 0xff, 
  0xc0, 0xff, 0xbe, 0xff, 0xc0, 0xff, 0xbf, 0xff, 0xc0, 0xff, 0xc1, 0xff, 0xc0, 0xfe, 0xc2, 0xff, 0xbf, 0xfd, 0xc4, 0xff, 0xbf, 0xfd, 0xc4, 0xff, 0xbe, 0xfe, 0xc4, 0xff, 0xbe, 0xfe, 0xc3, 0xff, 0xbe, 0xff, 0xc1, 0xff, 0xbe, 0xff, 0xc0, 0xff, 0xbe, 0xff, 0xc0, 0xff, 0xbf, 0xff, 0xbf, 0xff, 0xc0, 0xff, 0xc0, 0xff, 0xc0, 0xff, 0xc0, 0xff, 0xc0, 0xff, 0xc0, 0xff, 0xc0, 0xfe, 0xc1, 0xff, 0xc1, 0xff, 0xc4, 0xff, 0xc0, 0xfc, 0xc3, 0xff, 0xc0, 0xfa, 0xc4, 0xff, 0xc3, 0xf8, 0xc5, 0xff, 0xc8, 0xf7, 0xc9, 0xff, 0xcd, 0xf8, 0xcd, 0xff, 0xd0, 0xf7, 0xd0, 0xff, 0xd3, 0xf7, 0xd2, 0xff, 0xd3, 0xf6, 0xd2, 0xff, 0xd3, 0xf6, 0xd1, 0xff, 0xd1, 0xf7, 0xd0, 0xff, 0xcf, 0xf8, 0xcf, 0xff, 0xcb, 0xf8, 0xcc, 0xff, 0xc9, 0xf9, 0xcb, 0xff, 0xc6, 0xf9, 0xc9, 0xff, 0xc6, 0xfa, 0xc8, 0xff, 0xc7, 0xf8, 0xc5, 0xff, 0xcb, 0xf7, 0xc8, 0xff, 0xcf, 0xf6, 0xcf, 0xff, 0xd5, 0xf6, 0xd7, 0xff, 0xdb, 0xf6, 0xdf, 0xff, 0xdf, 0xf3, 0xe2, 0xff, 0xe1, 0xf1, 0xe3, 0xff, 0xe2, 0xee, 0xe2, 0xff, 0xe7, 0xf1, 0xe4, 0xff, 0xe8, 0xf1, 0xe4, 0xff, 0xe7, 0xf0, 0xe2, 0xff, 0xe6, 0xef, 0xe1, 0xff, 0xe5, 0xee, 0xe3, 0xff, 0xe6, 0xef, 0xe6, 0xff, 0xe5, 0xee, 0xe7, 0xff, 0xe5, 0xef, 0xe8, 0xff, 0xe2, 0xf0, 0xe4, 0xff, 0xe3, 0xf1, 0xe4, 0xff, 0xe4, 0xf1, 0xe5, 0xff, 0xe4, 0xf1, 0xe6, 0xff, 0xe5, 0xf0, 0xe6, 0xff, 0xe6, 0xf0, 0xe7, 0xff, 0xe7, 0xef, 0xe7, 0xff, 0xe8, 0xef, 0xe7, 0xff, 0xe7, 0xee, 0xe6, 0xff, 0xe7, 0xee, 0xe6, 0xff, 0xe5, 0xed, 0xe5, 0xff, 0xe5, 0xee, 0xe5, 0xff, 0xe6, 0xef, 0xe6, 0xff, 0xe5, 0xef, 0xe5, 0xff, 0xe4, 0xee, 0xe4, 0xff, 0xe0, 0xee, 0xe2, 0xff, 0xe0, 0xf3, 0xe3, 0xff, 0xda, 0xf3, 0xde, 0xff, 0xd4, 0xf5, 0xd6, 0xff, 0xcf, 0xf8, 0xcf, 0xff, 0xca, 0xfb, 0xc7, 0xff, 0xc4, 0xfd, 0xc2, 0xff, 0xbf, 0xfe, 0xbe, 0xff, 0xbd, 0xff, 0xbe, 0xff, 0xbc, 0xff, 0xc0, 0xff, 0xbb, 0xff, 0xc1, 0xff, 0xbc, 0xfe, 0xc3, 0xff, 0xbe, 0xfe, 0xc3, 0xff, 0xc0, 0xfe, 0xc1, 0xff, 0xc2, 0xff, 0xbf, 0xff, 0xc4, 0xff, 0xbd, 0xff, 0xc4, 0xff, 0xbd, 0xff, 0xc1, 0xff, 0xbf, 0xff, 0xc0, 0xff, 0xc0, 0xff, 0xc0, 0xff, 0xc0, 0xff, 0xc0, 0xff, 0xc0, 0xff, 
  0xc1, 0xff, 0xbf, 0xff, 0xc1, 0xff, 0xbf, 0xff, 0xc0, 0xfe, 0xc1, 0xff, 0xbf, 0xfe, 0xc2, 0xff, 0xbf, 0xfe, 0xc3, 0xff, 0xbe, 0xfe, 0xc4, 0xff, 0xbe, 0xfe, 0xc3, 0xff, 0xbe, 0xfe, 0xc3, 0xff, 0xbe, 0xff, 0xc1, 0xff, 0xbe, 0xff, 0xc0, 0xff, 0xbe, 0xfe, 0xbf, 0xff, 0xbf, 0xfe, 0xbf, 0xff, 0xc0, 0xfd, 0xc0, 0xff, 0xc0, 0xfd, 0xc0, 0xff, 0xc1, 0xfd, 0xc1, 0xff, 0xc2, 0xfb, 0xc3, 0xff, 0xc4, 0xf8, 0xc6, 0xff, 0xc8, 0xf8, 0xcb, 0xff, 0xcb, 0xf9, 0xce, 0xff, 0xd0, 0xfa, 0xd2, 0xff, 0xd6, 0xfa, 0xd6, 0xff, 0xda, 0xf9, 0xd9, 0xff, 0xdc, 0xf8, 0xdb, 0xff, 0xde, 0xf7, 0xdc, 0xff, 0xe1, 0xf8, 0xde, 0xff, 0xe0, 0xf8, 0xdd, 0xff, 0xde, 0xf8, 0xdc, 0xff, 0xdb, 0xf8, 0xda, 0xff, 0xd7, 0xf9, 0xd8, 0xff, 0xd4, 0xf9, 0xd5, 0xff, 0xd1, 0xf9, 0xd3, 0xff, 0xd0, 0xf8, 0xd1, 0xff, 0xce, 0xf3, 0xcb, 0xff, 0xd2, 0xf4, 0xcf, 0xff, 0xd7, 0xf4, 0xd6, 0xff, 0xdd, 0xf4, 0xde, 0xff, 0xe1, 0xf2, 0xe3, 0xff, 0xe3, 0xf1, 0xe6, 0xff, 0xe5, 0xef, 0xe6, 0xff, 0xe6, 0xed, 0xe5, 0xff, 0xe8, 0xef, 0xe5, 0xff, 0xe8, 0xef, 0xe4, 0xff, 0xe8, 0xf0, 0xe2, 0xff, 0xe6, 0xf1, 0xe2, 0xff, 0xe4, 0xf0, 0xe3, 0xff, 0xe3, 0xf0, 0xe4, 0xff, 0xe2, 0xef, 0xe6, 0xff, 0xe1, 0xef, 0xe6, 0xff, 0xe2, 0xf1, 0xe6, 0xff, 0xe2, 0xf1, 0xe6, 0xff, 0xe2, 0xf1, 0xe6, 0xff, 0xe3, 0xf1, 0xe6, 0xff, 0xe3, 0xf0, 0xe6, 0xff, 0xe4, 0xf0, 0xe6, 0xff, 0xe5, 0xf0, 0xe7, 0xff, 0xe6, 0xf0, 0xe7, 0xff, 0xe7, 0xf0, 0xe7, 0xff, 0xe7, 0xf0, 0xe6, 0xff, 0xe7, 0xf0, 0xe6, 0xff, 0xe7, 0xf0, 0xe5, 0xff, 0xe7, 0xf1, 0xe5, 0xff, 0xe6, 0xf1, 0xe4, 0xff, 0xe6, 0xf1, 0xe4, 0xff, 0xe5, 0xf1, 0xe5, 0xff, 0xe0, 0xef, 0xe4, 0xff, 0xde, 0xf1, 0xe2, 0xff, 0xda, 0xf5, 0xdb, 0xff, 0xd6, 0xf9, 0xd4, 0xff, 0xce, 0xfa, 0xca, 0xff, 0xc5, 0xfa, 0xc1, 0xff, 0xc0, 0xfc, 0xbe, 0xff, 0xbe, 0xff, 0xbf, 0xff, 0xbd, 0xff, 0xc1, 0xff, 0xbc, 0xff, 0xc2, 0xff, 0xbc, 0xfe, 0xc3, 0xff, 0xbe, 0xfe, 0xc3, 0xff, 0xc0, 0xfe, 0xc1, 0xff, 0xc2, 0xff, 0xbf, 0xff, 0xc4, 0xff, 0xbd, 0xff, 0xc4, 0xff, 0xbd, 0xff, 0xc1, 0xff, 0xbf, 0xff, 0xc0, 0xff, 0xc0, 0xff, 0xc0, 0xff, 0xc0, 0xff, 0xc0, 0xff, 0xc0, 0xff, 
  0xc1, 0xff, 0xbf, 0xff, 0xc1, 0xff, 0xc0, 0xff, 0xc0, 0xfe, 0xc1, 0xff, 0xbf, 0xfe, 0xc2, 0xff, 0xbe, 0xfe, 0xc3, 0xff, 0xbe, 0xfe, 0xc3, 0xff, 0xbe, 0xfe, 0xc3, 0xff, 0xbe, 0xfe, 0xc2, 0xff, 0xbd, 0xfe, 0xc0, 0xff, 0xbf, 0xff, 0xc1, 0xff, 0xc0, 0xff, 0xc1, 0xff, 0xc1, 0xfe, 0xc1, 0xff, 0xc1, 0xfc, 0xc2, 0xff, 0xc2, 0xfb, 0xc3, 0xff, 0xc3, 0xfb, 0xc4, 0xff, 0xc6, 0xf8, 0xc7, 0xff, 0xcc, 0xf7, 0xcf, 0xff, 0xd0, 0xf6, 0xd3, 0xff, 0xd4, 0xf7, 0xd6, 0xff, 0xd9, 0xf7, 0xda, 0xff, 0xdd, 0xf7, 0xdd, 0xff, 0xdf, 0xf5, 0xdf, 0xff, 0xe2, 0xf4, 0xe0, 0xff, 0xe2, 0xf2, 0xe0, 0xff, 0xe2, 0xf1, 0xdf, 0xff, 0xe2, 0xf1, 0xdf, 0xff, 0xe0, 0xf2, 0xde, 0xff, 0xdf, 0xf4, 0xde, 0xff, 0xdc, 0xf4, 0xdc, 0xff, 0xda, 0xf5, 0xdb, 0xff, 0xd8, 0xf6, 0xda, 0xff, 0xd9, 0xf6, 0xd9, 0xff, 0xd9, 0xf3, 0xd7, 0xff, 0xdc, 0xf3, 0xda, 0xff, 0xdf, 0xf3, 0xdd, 0xff, 0xe1, 0xf2, 0xe1, 0xff, 0xe4, 0xf0, 0xe4, 0xff, 0xe5, 0xef, 0xe6, 0xff, 0xe7, 0xee, 0xe7, 0xff, 0xe7, 0xed, 0xe6, 0xff, 0xe8, 0xee, 0xe7, 0xff, 0xe8, 0xee, 0xe6, 0xff, 0xe7, 0xef, 0xe4, 0xff, 0xe5, 0xf0, 0xe3, 0xff, 0xe3, 0xf1, 0xe3, 0xff, 0xe1, 0xf1, 0xe3, 0xff, 0xe0, 0xf1, 0xe3, 0xff, 0xe0, 0xf1, 0xe4, 0xff, 0xe1, 0xf1, 0xe6, 0xff, 0xe1, 0xf1, 0xe6, 0xff, 0xe1, 0xf1, 0xe6, 0xff, 0xe2, 0xf1, 0xe6, 0xff, 0xe2, 0xf1, 0xe6, 0xff, 0xe3, 0xf1, 0xe6, 0xff, 0xe4, 0xf0, 0xe6, 0xff, 0xe5, 0xf0, 0xe6, 0xff, 0xe5, 0xf0, 0xe6, 0xff, 0xe6, 0xf1, 0xe5, 0xff, 0xe6, 0xf1, 0xe5, 0xff, 0xe6, 0xf1, 0xe4, 0xff, 0xe6, 0xf2, 0xe3, 0xff, 0xe6, 0xf2, 0xe3, 0xff, 0xe6, 0xf2, 0xe3, 0xff, 0xe6, 0xf1, 0xe4, 0xff, 0xe4, 0xee, 0xe7, 0xff, 0xe2, 0xf0, 0xe5, 0xff, 0xde, 0xf4, 0xdf, 0xff, 0xdb, 0xf9, 0xd9, 0xff, 0xd2, 0xfa, 0xd0, 0xff, 0xc9, 0xfa, 0xc6, 0xff, 0xc3, 0xfc, 0xc1, 0xff, 0xc0, 0xff, 0xc1, 0xff, 0xbe, 0xff, 0xc1, 0xff, 0xbd, 0xfe, 0xc2, 0xff, 0xbd, 0xfe, 0xc3, 0xff, 0xbe, 0xfe, 0xc2, 0xff, 0xc0, 0xfe, 0xc1, 0xff, 0xc2, 0xff, 0xc0, 0xff, 0xc3, 0xff, 0xbe, 0xff, 0xc3, 0xff, 0xbe, 0xff, 0xc1, 0xff, 0xc0, 0xff, 0xc0, 0xff, 0xc0, 0xff, 0xc0, 0xff, 0xc0, 0xff, 0xc0, 0xff, 0xc0, 0xff, 
  0xc1, 0xff, 0xc0, 0xff, 0xc1, 0xfe, 0xc1, 0xff, 0xc0, 0xfe, 0xc1, 0xff, 0xbf, 0xfe, 0xc2, 0xff, 0xbe, 0xfe, 0xc2, 0xff, 0xbe, 0xfe, 0xc2, 0xff, 0xbe, 0xff, 0xc1, 0xff, 0xbe, 0xff, 0xc1, 0xff, 0xbe, 0xfe, 0xc0, 0xff, 0xc0, 0xff, 0xc1, 0xff, 0xc3, 0xff, 0xc2, 0xff, 0xc4, 0xfe, 0xc4, 0xff, 0xc5, 0xfc, 0xc5, 0xff, 0xc5, 0xf9, 0xc6, 0xff, 0xc8, 0xf9, 0xc9, 0xff, 0xcc, 0xf7, 0xce, 0xff, 0xd5, 0xf6, 0xd7, 0xff, 0xda, 0xf4, 0xdc, 0xff, 0xdd, 0xf5, 0xdf, 0xff, 0xe0, 0xf5, 0xe1, 0xff, 0xe2, 0xf4, 0xe3, 0xff, 0xe4, 0xf2, 0xe3, 0xff, 0xe5, 0xf0, 0xe3, 0xff, 0xe6, 0xf0, 0xe4, 0xff, 0xe5, 0xed, 0xe2, 0xff, 0xe5, 0xed, 0xe2, 0xff, 0xe5, 0xef, 0xe3, 0xff, 0xe3, 0xef, 0xe2, 0xff, 0xe2, 0xf1, 0xe2, 0xff, 0xe0, 0xf2, 0xe1, 0xff, 0xdf, 0xf3, 0xe0, 0xff, 0xdf, 0xf3, 0xe0, 0xff, 0xe2, 0xf3, 0xe3, 0xff, 0xe3, 0xf2, 0xe3, 0xff, 0xe3, 0xf1, 0xe2, 0xff, 0xe4, 0xf0, 0xe2, 0xff, 0xe6, 0xf0, 0xe2, 0xff, 0xe7, 0xf0, 0xe3, 0xff, 0xe7, 0xef, 0xe4, 0xff, 0xe7, 0xee, 0xe6, 0xff, 0xe8, 0xed, 0xe8, 0xff, 0xe7, 0xed, 0xe8, 0xff, 0xe5, 0xee, 0xe8, 0xff, 0xe4, 0xef, 0xe6, 0xff, 0xe2, 0xf0, 0xe4, 0xff, 0xe0, 0xf2, 0xe2, 0xff, 0xdf, 0xf3, 0xe0, 0xff, 0xdf, 0xf2, 0xe1, 0xff, 0xe0, 0xf1, 0xe4, 0xff, 0xe0, 0xf0, 0xe5, 0xff, 0xe0, 0xf0, 0xe5, 0xff, 0xe0, 0xf0, 0xe5, 0xff, 0xe1, 0xf0, 0xe5, 0xff, 0xe1, 0xf0, 0xe5, 0xff, 0xe2, 0xf0, 0xe4, 0xff, 0xe3, 0xf0, 0xe4, 0xff, 0xe3, 0xf0, 0xe3, 0xff, 0xe3, 0xf1, 0xe3, 0xff, 0xe4, 0xf1, 0xe2, 0xff, 0xe4, 0xf1, 0xe1, 0xff, 0xe4, 0xf1, 0xe1, 0xff, 0xe4, 0xf2, 0xe0, 0xff, 0xe4, 0xf2, 0xe0, 0xff, 0xe5, 0xf0, 0xe3, 0xff, 0xe7, 0xef, 0xe8, 0xff, 0xe5, 0xf0, 0xe7, 0xff, 0xe3, 0xf4, 0xe3, 0xff, 0xde, 0xf8, 0xdd, 0xff, 0xd7, 0xfa, 0xd5, 0xff, 0xce, 0xfa, 0xcc, 0xff, 0xc6, 0xfb, 0xc6, 0xff, 0xc2, 0xfd, 0xc3, 0xff, 0xc0, 0xfe, 0xc2, 0xff, 0xbf, 0xfe, 0xc2, 0xff, 0xbe, 0xfe, 0xc2, 0xff, 0xbe, 0xfe, 0xc2, 0xff, 0xbf, 0xff, 0xc1, 0xff, 0xc1, 0xff, 0xc0, 0xff, 0xc2, 0xff, 0xbf, 0xff, 0xc2, 0xff, 0xbf, 0xff, 0xc0, 0xff, 0xc0, 0xff, 0xc0, 0xff, 0xc0, 0xff, 0xc0, 0xff, 0xc0, 0xff, 0xc0, 0xff, 0xc0, 0xff, 
  0xc1, 0xfe, 0xc1, 0xff, 0xc1, 0xfe, 0xc1, 0xff, 0xc0, 0xfe, 0xc2, 0xff, 0xbf, 0xfe, 0xc2, 0xff, 0xbe, 0xfe, 0xc2, 0xff, 0xbe, 0xff, 0xc1, 0xff, 0xbe, 0xff, 0xc0, 0xff, 0xbe, 0xff, 0xc0, 0xff, 0xbe, 0xfe, 0xbf, 0xff, 0xc1, 0xfe, 0xc1, 0xff, 0xc4, 0xfe, 0xc3, 0xff, 0xc5, 0xfc, 0xc4, 0xff, 0xc6, 0xf9, 0xc7, 0xff, 0xc9, 0xf8, 0xca, 0xff, 0xcd, 0xf8, 0xcf, 0xff, 0xd3, 0xf7, 0xd5, 0xff, 0xdc, 0xf6, 0xdf, 0xff, 0xe0, 0xf3, 0xe2, 0xff, 0xe2, 0xf3, 0xe3, 0xff, 0xe3, 0xf2, 0xe4, 0xff, 0xe5, 0xf1, 0xe5, 0xff, 0xe6, 0xf0, 0xe6, 0xff, 0xe7, 0xef, 0xe5, 0xff, 0xe8, 0xee, 0xe6, 0xff, 0xe8, 0xee, 0xe6, 0xff, 0xe9, 0xef, 0xe7, 0xff, 0xe8, 0xef, 0xe7, 0xff, 0xe7, 0xf0, 0xe6, 0xff, 0xe6, 0xf0, 0xe6, 0xff, 0xe5, 0xf1, 0xe5, 0xff, 0xe2, 0xf0, 0xe4, 0xff, 0xe2, 0xf0, 0xe4, 0xff, 0xe5, 0xf0, 0xe7, 0xff, 0xe5, 0xef, 0xe6, 0xff, 0xe5, 0xef, 0xe5, 0xff, 0xe6, 0xf0, 0xe3, 0xff, 0xe6, 0xf1, 0xe2, 0xff, 0xe7, 0xf2, 0xe2, 0xff, 0xe7, 0xf1, 0xe4, 0xff, 0xe8, 0xf1, 0xe7, 0xff, 0xe6, 0xee, 0xe7, 0xff, 0xe6, 0xed, 0xe9, 0xff, 0xe4, 0xed, 0xe9, 0xff, 0xe3, 0xee, 0xe8, 0xff, 0xe2, 0xf0, 0xe5, 0xff, 0xe1, 0xf2, 0xe2, 0xff, 0xe0, 0xf3, 0xdf, 0xff, 0xe0, 0xf3, 0xe0, 0xff, 0xe1, 0xf1, 0xe3, 0xff, 0xe1, 0xf0, 0xe5, 0xff, 0xe1, 0xf0, 0xe5, 0xff, 0xe1, 0xf0, 0xe5, 0xff, 0xe1, 0xf0, 0xe5, 0xff, 0xe1, 0xf0, 0xe4, 0xff, 0xe2, 0xf0, 0xe4, 0xff, 0xe2, 0xf1, 0xe3, 0xff, 0xe2, 0xf1, 0xe3, 0xff, 0xe2, 0xf1, 0xe2, 0xff, 0xe3, 0xf1, 0xe2, 0xff, 0xe4, 0xf1, 0xe1, 0xff, 0xe4, 0xf2, 0xe1, 0xff, 0xe4, 0xf2, 0xe0, 0xff, 0xe4, 0xf2, 0xe0, 0xff, 0xe5, 0xf0, 0xe2, 0xff, 0xe8, 0xef, 0xe7, 0xff, 0xe7, 0xef, 0xe7, 0xff, 0xe5, 0xf3, 0xe4, 0xff, 0xe1, 0xf6, 0xe0, 0xff, 0xdb, 0xf8, 0xda, 0xff, 0xd2, 0xf9, 0xd2, 0xff, 0xca, 0xfa, 0xca, 0xff, 0xc5, 0xfb, 0xc5, 0xff, 0xc2, 0xfd, 0xc3, 0xff, 0xc0, 0xfe, 0xc2, 0xff, 0xbf, 0xff, 0xc1, 0xff, 0xbf, 0xff, 0xc1, 0xff, 0xbf, 0xff, 0xc0, 0xff, 0xc0, 0xff, 0xc0, 0xff, 0xc0, 0xff, 0xc0, 0xff, 0xc0, 0xff, 0xc0, 0xff, 0xc0, 0xff, 0xc0, 0xff, 0xc0, 0xff, 0xc0, 0xff, 0xc0, 0xff, 0xc0, 0xff, 0xc0, 0xff, 0xc0, 0xff, 
  0xc1, 0xfe, 0xc1, 0xff, 0xc1, 0xfe, 0xc2, 0xff, 0xc0, 0xfe, 0xc2, 0xff, 0xbf, 0xfe, 0xc2, 0xff, 0xbe, 0xff, 0xc1, 0xff, 0xbe, 0xff, 0xc0, 0xff, 0xbe, 0xff, 0xc0, 0xff, 0xbe, 0xff, 0xbf, 0xff, 0xc0, 0xff, 0xc0, 0xff, 0xc2, 0xff, 0xc2, 0xff, 0xc4, 0xfd, 0xc3, 0xff, 0xc6, 0xf9, 0xc5, 0xff, 0xc9, 0xf7, 0xca, 0xff, 0xcd, 0xf6, 0xcf, 0xff, 0xd1, 0xf7, 0xd6, 0xff, 0xd9, 0xf7, 0xdd, 0xff, 0xe1, 0xf4, 0xe3, 0xff, 0xe4, 0xf1, 0xe5, 0xff, 0xe4, 0xf0, 0xe4, 0xff, 0xe4, 0xef, 0xe4, 0xff, 0xe5, 0xef, 0xe5, 0xff, 0xe6, 0xef, 0xe5, 0xff, 0xe8, 0xf0, 0xe6, 0xff, 0xe8, 0xef, 0xe6, 0xff, 0xe9, 0xef, 0xe7, 0xff, 0xe8, 0xef, 0xe7, 0xff, 0xe7, 0xf0, 0xe6, 0xff, 0xe7, 0xf0, 0xe6, 0xff, 0xe6, 0xf0, 0xe7, 0xff, 0xe6, 0xf0, 0xe7, 0xff, 0xe4, 0xef, 0xe6, 0xff, 0xe4, 0xef, 0xe6, 0xff, 0xe4, 0xed, 0xe6, 0xff, 0xe4, 0xed, 0xe6, 0xff, 0xe5, 0xef, 0xe5, 0xff, 0xe5, 0xf0, 0xe3, 0xff, 0xe5, 0xf1, 0xe1, 0xff, 0xe6, 0xf2, 0xe1, 0xff, 0xe6, 0xf2, 0xe2, 0xff, 0xe6, 0xf1, 0xe4, 0xff, 0xe5, 0xef, 0xe6, 0xff, 0xe4, 0xee, 0xe8, 0xff, 0xe4, 0xed, 0xe9, 0xff, 0xe4, 0xee, 0xe8, 0xff, 0xe3, 0xef, 0xe6, 0xff, 0xe3, 0xf0, 0xe3, 0xff, 0xe3, 0xf2, 0xe1, 0xff, 0xe3, 0xf2, 0xe1, 0xff, 0xe3, 0xf0, 0xe3, 0xff, 0xe3, 0xf0, 0xe4, 0xff, 0xe2, 0xf0, 0xe4, 0xff, 0xe2, 0xf0, 0xe4, 0xff, 0xe2, 0xf1, 0xe3, 0xff, 0xe2, 0xf1, 0xe3, 0xff, 0xe2, 0xf1, 0xe3, 0xff, 0xe2, 0xf1, 0xe3, 0xff, 0xe2, 0xf1, 0xe3, 0xff, 0xe2, 0xf1, 0xe2, 0xff, 0xe3, 0xf1, 0xe2, 0xff, 0xe4, 0xf1, 0xe2, 0xff, 0xe4, 0xf1, 0xe2, 0xff, 0xe4, 0xf1, 0xe2, 0xff, 0xe4, 0xf1, 0xe2, 0xff, 0xe5, 0xf0, 0xe3, 0xff, 0xe8, 0xf0, 0xe6, 0xff, 0xe8, 0xf0, 0xe6, 0xff, 0xe5, 0xf1, 0xe4, 0xff, 0xe2, 0xf3, 0xe1, 0xff, 0xdd, 0xf6, 0xde, 0xff, 0xd7, 0xf8, 0xd8, 0xff, 0xcf, 0xf8, 0xcf, 0xff, 0xc8, 0xf9, 0xc8, 0xff, 0xc4, 0xfc, 0xc5, 0xff, 0xc2, 0xfe, 0xc2, 0xff, 0xc0, 0xff, 0xc0, 0xff, 0xbf, 0xff, 0xbf, 0xff, 0xbf, 0xff, 0xbf, 0xff, 0xbf, 0xff, 0xc0, 0xff, 0xbf, 0xff, 0xc1, 0xff, 0xbf, 0xff, 0xc1, 0xff, 0xbf, 0xff, 0xc1, 0xff, 0xc0, 0xff, 0xc0, 0xff, 0xc0, 0xff, 0xc0, 0xff, 0xc0, 0xff, 0xc0, 0xff, 
  0xc1, 0xfe, 0xc2, 0xff, 0xc1, 0xfe, 0xc2, 0xff, 0xc0, 0xfe, 0xc2, 0xff, 0xbf, 0xfe, 0xc1, 0xff, 0xbe, 0xff, 0xc1, 0xff, 0xbe, 0xff, 0xc0, 0xff, 0xbe, 0xff, 0xbf, 0xff, 0xbf, 0xff, 0xbf, 0xff, 0xc1, 0xff, 0xc0, 0xff, 0xc2, 0xfe, 0xc0, 0xff, 0xc4, 0xfb, 0xc2, 0xff, 0xc8, 0xf8, 0xc7, 0xff, 0xcc, 0xf6, 0xcd, 0xff, 0xd1, 0xf6, 0xd4, 0xff, 0xd6, 0xf7, 0xdb, 0xff, 0xdc, 0xf6, 0xe1, 0xff, 0xe2, 0xf2, 0xe5, 0xff, 0xe4, 0xef, 0xe6, 0xff, 0xe4, 0xee, 0xe5, 0xff, 0xe4, 0xee, 0xe4, 0xff, 0xe4, 0xee, 0xe4, 0xff, 0xe5, 0xef, 0xe5, 0xff, 0xe7, 0xf0, 0xe6, 0xff, 0xe8, 0xf1, 0xe7, 0xff, 0xe6, 0xef, 0xe5, 0xff, 0xe6, 0xef, 0xe5, 0xff, 0xe5, 0xef, 0xe5, 0xff, 0xe5, 0xef, 0xe5, 0xff, 0xe6, 0xf0, 0xe7, 0xff, 0xe5, 0xee, 0xe6, 0xff, 0xe5, 0xee, 0xe7, 0xff, 0xe5, 0xee, 0xe6, 0xff, 0xe4, 0xee, 0xe5, 0xff, 0xe5, 0xef, 0xe5, 0xff, 0xe4, 0xf0, 0xe4, 0xff, 0xe5, 0xf1, 0xe4, 0xff, 0xe3, 0xf1, 0xe2, 0xff, 0xe3, 0xf1, 0xe2, 0xff, 0xe3, 0xf1, 0xe2, 0xff, 0xe2, 0xf0, 0xe2, 0xff, 0xe3, 0xf0, 0xe4, 0xff, 0xe3, 0xef, 0xe5, 0xff, 0xe4, 0xef, 0xe7, 0xff, 0xe4, 0xee, 0xe7, 0xff, 0xe4, 0xef, 0xe6, 0xff, 0xe5, 0xef, 0xe5, 0xff, 0xe5, 0xef, 0xe5, 0xff, 0xe5, 0xf0, 0xe4, 0xff, 0xe5, 0xf0, 0xe3, 0xff, 0xe4, 0xf0, 0xe3, 0xff, 0xe3, 0xf0, 0xe3, 0xff, 0xe3, 0xf1, 0xe3, 0xff, 0xe3, 0xf1, 0xe3, 0xff, 0xe3, 0xf1, 0xe2, 0xff, 0xe3, 0xf1, 0xe2, 0xff, 0xe2, 0xf1, 0xe3, 0xff, 0xe2, 0xf1, 0xe3, 0xff, 0xe3, 0xf1, 0xe3, 0xff, 0xe3, 0xf0, 0xe3, 0xff, 0xe4, 0xf0, 0xe3, 0xff, 0xe4, 0xf0, 0xe3, 0xff, 0xe4, 0xf0, 0xe4, 0xff, 0xe4, 0xf0, 0xe4, 0xff, 0xe5, 0xf0, 0xe4, 0xff, 0xe8, 0xef, 0xe4, 0xff, 0xe8, 0xef, 0xe4, 0xff, 0xe5, 0xf0, 0xe4, 0xff, 0xe2, 0xf1, 0xe2, 0xff, 0xdf, 0xf4, 0xe0, 0xff, 0xda, 0xf7, 0xdd, 0xff, 0xd3, 0xf8, 0xd4, 0xff, 0xcb, 0xf7, 0xcb, 0xff, 0xc6, 0xfb, 0xc6, 0xff, 0xc3, 0xfd, 0xc2, 0xff, 0xc1, 0xff, 0xbf, 0xff, 0xbf, 0xff, 0xbe, 0xff, 0xbe, 0xff, 0xbf, 0xff, 0xbd, 0xff, 0xc0, 0xff, 0xbd, 0xff, 0xc2, 0xff, 0xbe, 0xfe, 0xc2, 0xff, 0xbf, 0xff, 0xc1, 0xff, 0xc0, 0xff, 0xc0, 0xff, 0xc0, 0xff, 0xc0, 0xff, 0xc0, 0xff, 0xc0, 0xff, 
  0xc1, 0xfd, 0xc3, 0xff, 0xc1, 0xfd, 0xc3, 0xff, 0xc0, 0xfe, 0xc2, 0xff, 0xbf, 0xfe, 0xc1, 0xff, 0xbe, 0xff, 0xc0, 0xff, 0xbe, 0xff, 0xbf, 0xff, 0xbe, 0xff, 0xbe, 0xff, 0xbf, 0xff, 0xbd, 0xff, 0xc1, 0xff, 0xbf, 0xff, 0xc3, 0xfe, 0xc0, 0xff, 0xc4, 0xfa, 0xc2, 0xff, 0xca, 0xf9, 0xc9, 0xff, 0xcf, 0xf7, 0xd1, 0xff, 0xd5, 0xf7, 0xd9, 0xff, 0xd8, 0xf6, 0xdf, 0xff, 0xdd, 0xf4, 0xe3, 0xff, 0xe2, 0xef, 0xe5, 0xff, 0xe5, 0xee, 0xe7, 0xff, 0xe4, 0xee, 0xe7, 0xff, 0xe4, 0xef, 0xe6, 0xff, 0xe4, 0xef, 0xe5, 0xff, 0xe4, 0xf0, 0xe4, 0xff, 0xe4, 0xf0, 0xe3, 0xff, 0xe4, 0xf1, 0xe4, 0xff, 0xe3, 0xf0, 0xe3, 0xff, 0xe3, 0xf0, 0xe3, 0xff, 0xe3, 0xf0, 0xe4, 0xff, 0xe4, 0xf1, 0xe6, 0xff, 0xe5, 0xf0, 0xe6, 0xff, 0xe5, 0xf0, 0xe7, 0xff, 0xe5, 0xf0, 0xe7, 0xff, 0xe4, 0xef, 0xe5, 0xff, 0xe3, 0xf1, 0xe2, 0xff, 0xe3, 0xf1, 0xe1, 0xff, 0xe2, 0xf1, 0xe2, 0xff, 0xe1, 0xf1, 0xe3, 0xff, 0xe1, 0xf0, 0xe4, 0xff, 0xe1, 0xf0, 0xe4, 0xff, 0xe1, 0xf1, 0xe4, 0xff, 0xe1, 0xf1, 0xe3, 0xff, 0xe1, 0xf1, 0xe2, 0xff, 0xe2, 0xf1, 0xe2, 0xff, 0xe3, 0xf1, 0xe2, 0xff, 0xe4, 0xf0, 0xe3, 0xff, 0xe6, 0xef, 0xe5, 0xff, 0xe7, 0xee, 0xe7, 0xff, 0xe7, 0xec, 0xea, 0xff, 0xe7, 0xed, 0xe8, 0xff, 0xe7, 0xef, 0xe4, 0xff, 0xe6, 0xf1, 0xe2, 0xff, 0xe5, 0xf1, 0xe2, 0xff, 0xe5, 0xf1, 0xe2, 0xff, 0xe5, 0xf1, 0xe2, 0xff, 0xe4, 0xf0, 0xe2, 0xff, 0xe4, 0xf1, 0xe2, 0xff, 0xe3, 0xf1, 0xe3, 0xff, 0xe3, 0xf0, 0xe3, 0xff, 0xe3, 0xf0, 0xe4, 0xff, 0xe4, 0xf0, 0xe4, 0xff, 0xe4, 0xef, 0xe5, 0xff, 0xe4, 0xef, 0xe5, 0xff, 0xe4, 0xef, 0xe6, 0xff, 0xe4, 0xef, 0xe6, 0xff, 0xe5, 0xef, 0xe5, 0xff, 0xe8, 0xef, 0xe4, 0xff, 0xe8, 0xef, 0xe4, 0xff, 0xe5, 0xee, 0xe3, 0xff, 0xe2, 0xef, 0xe3, 0xff, 0xdf, 0xf3, 0xe3, 0xff, 0xdd, 0xf8, 0xe1, 0xff, 0xd7, 0xf8, 0xd9, 0xff, 0xce, 0xf7, 0xce, 0xff, 0xc8, 0xfa, 0xc6, 0xff, 0xc5, 0xfd, 0xc1, 0xff, 0xc2, 0xff, 0xbe, 0xff, 0xc0, 0xff, 0xbd, 0xff, 0xbe, 0xff, 0xbe, 0xff, 0xbc, 0xff, 0xc0, 0xff, 0xbc, 0xfe, 0xc3, 0xff, 0xbc, 0xfe, 0xc3, 0xff, 0xbf, 0xff, 0xc1, 0xff, 0xc0, 0xff, 0xc0, 0xff, 0xc0, 0xff, 0xc0, 0xff, 0xc0, 0xff, 0xc0, 0xff, 
  0xc2, 0xfe, 0xc2, 0xff, 0xc2, 0xfe, 0xc2, 0xff, 0xc1, 0xfe, 0xc2, 0xff, 0xc0, 0xfe, 0xc1, 0xff, 0xbf, 0xff, 0xc1, 0xff, 0xbe, 0xff, 0xc0, 0xff, 0xbe, 0xff, 0xbf, 0xff, 0xbf, 0xff, 0xbe, 0xff, 0xc1, 0xff, 0xbf, 0xff, 0xc2, 0xfd, 0xc0, 0xff, 0xc5, 0xf9, 0xc2, 0xff, 0xcb, 0xf8, 0xca, 0xff, 0xd3, 0xf8, 0xd4, 0xff, 0xda, 0xf7, 0xdd, 0xff, 0xdc, 0xf4, 0xe2, 0xff, 0xdd, 0xf0, 0xe3, 0xff, 0xe2, 0xee, 0xe5, 0xff, 0xe4, 0xed, 0xe6, 0xff, 0xe5, 0xee, 0xe7, 0xff, 0xe5, 0xf0, 0xe7, 0xff, 0xe5, 0xf0, 0xe6, 0xff, 0xe5, 0xf1, 0xe5, 0xff, 0xe3, 0xf0, 0xe3, 0xff, 0xe2, 0xef, 0xe2, 0xff, 0xe5, 0xf2, 0xe5, 0xff, 0xe5, 0xf2, 0xe5, 0xff, 0xe5, 0xf2, 0xe6, 0xff, 0xe5, 0xf2, 0xe7, 0xff, 0xe6, 0xf1, 0xe7, 0xff, 0xe5, 0xf0, 0xe7, 0xff, 0xe5, 0xf0, 0xe7, 0xff, 0xe5, 0xf0, 0xe6, 0xff, 0xe4, 0xf2, 0xe3, 0xff, 0xe3, 0xf2, 0xe1, 0xff, 0xe2, 0xf1, 0xe2, 0xff, 0xe2, 0xf0, 0xe4, 0xff, 0xe2, 0xef, 0xe6, 0xff, 0xe3, 0xf0, 0xe7, 0xff, 0xe3, 0xf1, 0xe6, 0xff, 0xe3, 0xf2, 0xe4, 0xff, 0xe2, 0xf1, 0xe2, 0xff, 0xe2, 0xf2, 0xe1, 0xff, 0xe4, 0xf1, 0xe1, 0xff, 0xe5, 0xf0, 0xe2, 0xff, 0xe6, 0xef, 0xe5, 0xff, 0xe7, 0xed, 0xe8, 0xff, 0xe8, 0xec, 0xea, 0xff, 0xe8, 0xec, 0xe9, 0xff, 0xe7, 0xef, 0xe4, 0xff, 0xe7, 0xf0, 0xe2, 0xff, 0xe6, 0xf0, 0xe2, 0xff, 0xe6, 0xf0, 0xe2, 0xff, 0xe6, 0xf0, 0xe3, 0xff, 0xe5, 0xf0, 0xe3, 0xff, 0xe5, 0xf0, 0xe3, 0xff, 0xe4, 0xf0, 0xe3, 0xff, 0xe4, 0xf0, 0xe4, 0xff, 0xe4, 0xef, 0xe4, 0xff, 0xe4, 0xef, 0xe5, 0xff, 0xe4, 0xef, 0xe6, 0xff, 0xe4, 0xef, 0xe6, 0xff, 0xe4, 0xef, 0xe6, 0xff, 0xe4, 0xef, 0xe6, 0xff, 0xe5, 0xef, 0xe6, 0xff, 0xe8, 0xef, 0xe4, 0xff, 0xe8, 0xef, 0xe4, 0xff, 0xe6, 0xed, 0xe4, 0xff, 0xe2, 0xed, 0xe3, 0xff, 0xe1, 0xf2, 0xe4, 0xff, 0xe0, 0xf8, 0xe4, 0xff, 0xd9, 0xf8, 0xdb, 0xff, 0xd1, 0xf8, 0xd1, 0xff, 0xc8, 0xfa, 0xc7, 0xff, 0xc4, 0xfd, 0xc2, 0xff, 0xc2, 0xff, 0xbe, 0xff, 0xbf, 0xff, 0xbd, 0xff, 0xbe, 0xff, 0xbe, 0xff, 0xbd, 0xff, 0xc0, 0xff, 0xbd, 0xfe, 0xc3, 0xff, 0xbe, 0xfe, 0xc3, 0xff, 0xbf, 0xfe, 0xc2, 0xff, 0xc0, 0xff, 0xc1, 0xff, 0xc0, 0xff, 0xc1, 0xff, 0xc0, 0xff, 0xc1, 0xff, 
  0xc4, 0xff, 0xbf, 0xff, 0xc3, 0xfe, 0xc0, 0xff, 0xc3, 0xff, 0xc2, 0xff, 0xc1, 0xff, 0xc3, 0xff, 0xbf, 0xfe, 0xc3, 0xff, 0xbe, 0xfe, 0xc3, 0xff, 0xbd, 0xff, 0xc2, 0xff, 0xbe, 0xff, 0xc1, 0xff, 0xc1, 0xff, 0xc2, 0xff, 0xc3, 0xfc, 0xc1, 0xff, 0xc7, 0xfa, 0xc5, 0xff, 0xd0, 0xfa, 0xce, 0xff, 0xd8, 0xf8, 0xd8, 0xff, 0xde, 0xf5, 0xe0, 0xff, 0xe1, 0xf1, 0xe6, 0xff, 0xe4, 0xf1, 0xe9, 0xff, 0xe4, 0xef, 0xe6, 0xff, 0xe5, 0xef, 0xe6, 0xff, 0xe5, 0xef, 0xe6, 0xff, 0xe6, 0xf0, 0xe6, 0xff, 0xe6, 0xf0, 0xe6, 0xff, 0xe6, 0xf0, 0xe6, 0xff, 0xe6, 0xf0, 0xe6, 0xff, 0xe6, 0xf0, 0xe6, 0xff, 0xe6, 0xf0, 0xe6, 0xff, 0xe6, 0xf0, 0xe6, 0xff, 0xe6, 0xf0, 0xe6, 0xff, 0xe6, 0xf0, 0xe6, 0xff, 0xe6, 0xf0, 0xe6, 0xff, 0xe6, 0xf0, 0xe6, 0xff, 0xe6, 0xf0, 0xe7, 0xff, 0xe6, 0xf0, 0xe6, 0xff, 0xe6, 0xf1, 0xe5, 0xff, 0xe6, 0xf1, 0xe5, 0xff, 0xe5, 0xf1, 0xe5, 0xff, 0xe5, 0xf0, 0xe6, 0xff, 0xe5, 0xf0, 0xe6, 0xff, 0xe5, 0xf0, 0xe6, 0xff, 0xe5, 0xf0, 0xe6, 0xff, 0xe5, 0xf0, 0xe6, 0xff, 0xe5, 0xf1, 0xe5, 0xff, 0xe5, 0xf1, 0xe5, 0xff, 0xe6, 0xf1, 0xe5, 0xff, 0xe6, 0xf0, 0xe5, 0xff, 0xe7, 0xf0, 0xe6, 0xff, 0xe7, 0xef, 0xe7, 0xff, 0xe7, 0xef, 0xe8, 0xff, 0xe7, 0xef, 0xe8, 0xff, 0xe7, 0xf0, 0xe6, 0xff, 0xe7, 0xf0, 0xe5, 0xff, 0xe7, 0xf0, 0xe5, 0xff, 0xe7, 0xf0, 0xe5, 0xff, 0xe7, 0xf0, 0xe6, 0xff, 0xe6, 0xf0, 0xe6, 0xff, 0xe6, 0xf0, 0xe6, 0xff, 0xe6, 0xf0, 0xe6, 0xff, 0xe6, 0xf0, 0xe6, 0xff, 0xe6, 0xf0, 0xe6, 0xff, 0xe6, 0xf0, 0xe6, 0xff, 0xe6, 0xf0, 0xe6, 0xff, 0xe6, 0xf0, 0xe7, 0xff, 0xe6, 0xf0, 0xe7, 0xff, 0xe6, 0xf0, 0xe7, 0xff, 0xe7, 0xef, 0xe7, 0xff, 0xe8, 0xee, 0xe6, 0xff, 0xea, 0xee, 0xe8, 0xff, 0xe9, 0xee, 0xe8, 0xff, 0xe7, 0xee, 0xe6, 0xff, 0xe5, 0xf1, 0xe5, 0xff, 0xe1, 0xf5, 0xe2, 0xff, 0xdb, 0xf8, 0xdb, 0xff, 0xd3, 0xfa, 0xd3, 0xff, 0xc8, 0xfb, 0xc9, 0xff, 0xc2, 0xfd, 0xc2, 0xff, 0xbe, 0xff, 0xbe, 0xff, 0xbd, 0xff, 0xbd, 0xff, 0xbe, 0xff, 0xbf, 0xff, 0xbe, 0xff, 0xc0, 0xff, 0xc0, 0xfe, 0xc2, 0xff, 0xc1, 0xfe, 0xc2, 0xff, 0xc2, 0xff, 0xc3, 0xff, 0xc2, 0xff, 0xc2, 0xff, 0xc2, 0xff, 0xc2, 0xff, 0xc2, 0xff, 0xc2, 0xff, 
  0xc4, 0xff, 0xbe, 0xff, 0xc3, 0xff, 0xbf, 0xff, 0xc2, 0xfe, 0xc1, 0xff, 0xc1, 0xff, 0xc3, 0xff, 0xbe, 0xfe, 0xc3, 0xff, 0xbd, 0xfe, 0xc3, 0xff, 0xbd, 0xfe, 0xc3, 0xff, 0xbd, 0xfd, 0xc1, 0xff, 0xc0, 0xfe, 0xc2, 0xff, 0xc3, 0xfb, 0xc3, 0xff, 0xc9, 0xfa, 0xc7, 0xff, 0xd1, 0xf9, 0xcf, 0xff, 0xda, 0xf7, 0xda, 0xff, 0xdf, 0xf4, 0xe2, 0xff, 0xe3, 0xf0, 0xe8, 0xff, 0xe6, 0xef, 0xea, 0xff, 0xe5, 0xee, 0xe6, 0xff, 0xe6, 0xef, 0xe5, 0xff, 0xe6, 0xef, 0xe5, 0xff, 0xe7, 0xf0, 0xe6, 0xff, 0xe7, 0xf0, 0xe6, 0xff, 0xe7, 0xf0, 0xe6, 0xff, 0xe7, 0xf0, 0xe6, 0xff, 0xe7, 0xf0, 0xe6, 0xff, 0xe7, 0xf0, 0xe6, 0xff, 0xe7, 0xf0, 0xe6, 0xff, 0xe7, 0xf0, 0xe6, 0xff, 0xe7, 0xf0, 0xe6, 0xff, 0xe7, 0xf0, 0xe6, 0xff, 0xe7, 0xf0, 0xe6, 0xff, 0xe7, 0xf0, 0xe6, 0xff, 0xe7, 0xf0, 0xe6, 0xff, 0xe7, 0xf0, 0xe6, 0xff, 0xe7, 0xf0, 0xe6, 0xff, 0xe7, 0xf0, 0xe6, 0xff, 0xe7, 0xf0, 0xe6, 0xff, 0xe7, 0xf0, 0xe6, 0xff, 0xe7, 0xf0, 0xe6, 0xff, 0xe7, 0xf0, 0xe6, 0xff, 0xe7, 0xf0, 0xe6, 0xff, 0xe7, 0xf0, 0xe6, 0xff, 0xe7, 0xf0, 0xe6, 0xff, 0xe7, 0xf0, 0xe6, 0xff, 0xe7, 0xf0, 0xe6, 0xff, 0xe7, 0xf0, 0xe6, 0xff, 0xe7, 0xf0, 0xe6, 0xff, 0xe7, 0xf0, 0xe6, 0xff, 0xe7, 0xf0, 0xe6, 0xff, 0xe7, 0xf0, 0xe6, 0xff, 0xe7, 0xf0, 0xe6, 0xff, 0xe7, 0xf0, 0xe6, 0xff, 0xe7, 0xf0, 0xe6, 0xff, 0xe7, 0xf0, 0xe6, 0xff, 0xe7, 0xf0, 0xe6, 0xff, 0xe7, 0xf0, 0xe6, 0xff, 0xe7, 0xf0, 0xe6, 0xff, 0xe7, 0xf0, 0xe6, 0xff, 0xe7, 0xf0, 0xe6, 0xff, 0xe7, 0xf0, 0xe6, 0xff, 0xe7, 0xf0, 0xe6, 0xff, 0xe7, 0xf0, 0xe6, 0xff, 0xe7, 0xf0, 0xe6, 0xff, 0xe7, 0xf0, 0xe6, 0xff, 0xe7, 0xef, 0xe7, 0xff, 0xe8, 0xed, 0xe7, 0xff, 0xea, 0xee, 0xe9, 0xff, 0xea, 0xee, 0xe9, 0xff, 0xe8, 0xee, 0xe6, 0xff, 0xe6, 0xf1, 0xe5, 0xff, 0xe3, 0xf4, 0xe2, 0xff, 0xdc, 0xf7, 0xdc, 0xff, 0xd4, 0xfa, 0xd4, 0xff, 0xc9, 0xfa, 0xca, 0xff, 0xc2, 0xfd, 0xc4, 0xff, 0xbf, 0xff, 0xc0, 0xff, 0xbd, 0xff, 0xbf, 0xff, 0xbe, 0xff, 0xbf, 0xff, 0xbf, 0xff, 0xc0, 0xff, 0xc2, 0xfe, 0xc1, 0xff, 0xc1, 0xfd, 0xc0, 0xff, 0xc1, 0xfe, 0xc1, 0xff, 0xc1, 0xfe, 0xc1, 0xff, 0xc1, 0xfe, 0xc1, 0xff, 0xc1, 0xfe, 0xc1, 0xff, 
  0xc2, 0xff, 0xbf, 0xff, 0xc2, 0xff, 0xbf, 0xff, 0xc1, 0xff, 0xc0, 0xff, 0xbf, 0xff, 0xc1, 0xff, 0xbe, 0xff, 0xc1, 0xff, 0xbd, 0xff, 0xc1, 0xff, 0xbc, 0xff, 0xc1, 0xff, 0xbd, 0xfe, 0xc1, 0xff, 0xc1, 0xfd, 0xc2, 0xff, 0xc4, 0xfb, 0xc4, 0xff, 0xc9, 0xf9, 0xc9, 0xff, 0xd2, 0xf9, 0xd2, 0xff, 0xdb, 0xf7, 0xdc, 0xff, 0xdf, 0xf3, 0xe3, 0xff, 0xe3, 0xf0, 0xe8, 0xff, 0xe5, 0xee, 0xe9, 0xff, 0xe6, 0xef, 0xe7, 0xff, 0xe7, 0xf0, 0xe6, 0xff, 0xe7, 0xf0, 0xe6, 0xff, 0xe7, 0xf0, 0xe6, 0xff, 0xe7, 0xf0, 0xe6, 0xff, 0xe7, 0xf0, 0xe6, 0xff, 0xe7, 0xf0, 0xe6, 0xff, 0xe7, 0xf0, 0xe6, 0xff, 0xe7, 0xf0, 0xe6, 0xff, 0xe7, 0xf0, 0xe6, 0xff, 0xe7, 0xf0, 0xe6, 0xff, 0xe7, 0xf0, 0xe6, 0xff, 0xe7, 0xf0, 0xe6, 0xff, 0xe7, 0xf0, 0xe6, 0xff, 0xe7, 0xf0, 0xe6, 0xff, 0xe7, 0xf0, 0xe6, 0xff, 0xe7, 0xf0, 0xe6, 0xff, 0xe7, 0xf0, 0xe6, 0xff, 0xe7, 0xf0, 0xe6, 0xff, 0xe7, 0xf0, 0xe6, 0xff, 0xe7, 0xf0, 0xe6, 0xff, 0xe7, 0xf0, 0xe6, 0xff, 0xe7, 0xf0, 0xe6, 0xff, 0xe7, 0xf0, 0xe6, 0xff, 0xe7, 0xf0, 0xe6, 0xff, 0xe7, 0xf0, 0xe6, 0xff, 0xe7, 0xf0, 0xe6, 0xff, 0xe7, 0xf0, 0xe6, 0xff, 0xe7, 0xf0, 0xe6, 0xff, 0xe7, 0xf0, 0xe6, 0xff, 0xe7, 0xf0, 0xe6, 0xff, 0xe7, 0xf0, 0xe6, 0xff, 0xe7, 0xf0, 0xe6, 0xff, 0xe7, 0xf0, 0xe6, 0xff, 0xe7, 0xf0, 0xe6, 0xff, 0xe7, 0xf0, 0xe6, 0xff, 0xe7, 0xf0, 0xe6, 0xff, 0xe7, 0xf0, 0xe6, 0xff, 0xe7, 0xf0, 0xe6, 0xff, 0xe7, 0xf0, 0xe6, 0xff, 0xe7, 0xf0, 0xe6, 0xff, 0xe7, 0xf0, 0xe6, 0xff, 0xe7, 0xf0, 0xe6, 0xff, 0xe7, 0xf0, 0xe6, 0xff, 0xe7, 0xf0, 0xe6, 0xff, 0xe7, 0xf0, 0xe6, 0xff, 0xe7, 0xf0, 0xe6, 0xff, 0xe7, 0xef, 0xe7, 0xff, 0xe7, 0xee, 0xe7, 0xff, 0xe9, 0xee, 0xe8, 0xff, 0xea, 0xee, 0xe8, 0xff, 0xe8, 0xee, 0xe6, 0xff, 0xe7, 0xf1, 0xe5, 0xff, 0xe4, 0xf4, 0xe2, 0xff, 0xde, 0xf6, 0xdd, 0xff, 0xd6, 0xf8, 0xd5, 0xff, 0xca, 0xf9, 0xcb, 0xff, 0xc4, 0xfc, 0xc5, 0xff, 0xc0, 0xfe, 0xc1, 0xff, 0xbe, 0xff, 0xc0, 0xff, 0xbf, 0xff, 0xc0, 0xff, 0xc0, 0xff, 0xc0, 0xff, 0xc1, 0xff, 0xc0, 0xff, 0xc0, 0xfd, 0xc0, 0xff, 0xc1, 0xfe, 0xc1, 0xff, 0xc0, 0xff, 0xc1, 0xff, 0xc0, 0xff, 0xc1, 0xff, 0xc0, 0xff, 0xc1, 0xff, 
  0xc0, 0xff, 0xc0, 0xff, 0xc0, 0xff, 0xc0, 0xff, 0xbf, 0xff, 0xc0, 0xff, 0xbe, 0xff, 0xbf, 0xff, 0xbd, 0xff, 0xbf, 0xff, 0xbc, 0xff, 0xbf, 0xff, 0xbd, 0xff, 0xbf, 0xff, 0xbd, 0xfe, 0xc0, 0xff, 0xc1, 0xfc, 0xc2, 0xff, 0xc5, 0xf9, 0xc6, 0xff, 0xcb, 0xf7, 0xcb, 0xff, 0xd5, 0xf8, 0xd6, 0xff, 0xdd, 0xf7, 0xdf, 0xff, 0xe1, 0xf3, 0xe4, 0xff, 0xe4, 0xf0, 0xe8, 0xff, 0xe5, 0xee, 0xe8, 0xff, 0xe6, 0xef, 0xe7, 0xff, 0xe7, 0xf0, 0xe6, 0xff, 0xe7, 0xf0, 0xe6, 0xff, 0xe7, 0xf0, 0xe6, 0xff, 0xe7, 0xf0, 0xe6, 0xff, 0xe7, 0xf0, 0xe6, 0xff, 0xe7, 0xf0, 0xe6, 0xff, 0xe7, 0xf0, 0xe6, 0xff, 0xe7, 0xf0, 0xe6, 0xff, 0xe7, 0xf0, 0xe6, 0xff, 0xe7, 0xf0, 0xe6, 0xff, 0xe7, 0xf0, 0xe6, 0xff, 0xe7, 0xf0, 0xe6, 0xff, 0xe7, 0xf0, 0xe6, 0xff, 0xe7, 0xf0, 0xe6, 0xff, 0xe7, 0xf0, 0xe6, 0xff, 0xe7, 0xf0, 0xe6, 0xff, 0xe7, 0xf0, 0xe6, 0xff, 0xe7, 0xf0, 0xe6, 0xff, 0xe7, 0xf0, 0xe6, 0xff, 0xe7, 0xf0, 0xe6, 0xff, 0xe7, 0xf0, 0xe6, 0xff, 0xe7, 0xf0, 0xe6, 0xff, 0xe7, 0xf0, 0xe6, 0xff, 0xe7, 0xf0, 0xe6, 0xff, 0xe7, 0xf0, 0xe6, 0xff, 0xe7, 0xf0, 0xe6, 0xff, 0xe7, 0xf0, 0xe6, 0xff, 0xe7, 0xf0, 0xe6, 0xff, 0xe7, 0xf0, 0xe6, 0xff, 0xe7, 0xf0, 0xe6, 0xff, 0xe7, 0xf0, 0xe6, 0xff, 0xe7, 0xf0, 0xe6, 0xff, 0xe7, 0xf0, 0xe6, 0xff, 0xe7, 0xf0, 0xe6, 0xff, 0xe7, 0xf0, 0xe6, 0xff, 0xe7, 0xf0, 0xe6, 0xff, 0xe7, 0xf0, 0xe6, 0xff, 0xe7, 0xf0, 0xe6, 0xff, 0xe7, 0xf0, 0xe6, 0xff, 0xe7, 0xf0, 0xe6, 0xff, 0xe7, 0xf0, 0xe6, 0xff, 0xe7, 0xf0, 0xe6, 0xff, 0xe7, 0xf0, 0xe6, 0xff, 0xe7, 0xf0, 0xe6, 0xff, 0xe7, 0xf0, 0xe6, 0xff, 0xe7, 0xf0, 0xe6, 0xff, 0xe7, 0xf0, 0xe7, 0xff, 0xe7, 0xee, 0xe6, 0xff, 0xe8, 0xef, 0xe7, 0xff, 0xe9, 0xef, 0xe7, 0xff, 0xe8, 0xee, 0xe5, 0xff, 0xe7, 0xf0, 0xe5, 0xff, 0xe5, 0xf4, 0xe3, 0xff, 0xe0, 0xf7, 0xdf, 0xff, 0xd9, 0xf8, 0xd8, 0xff, 0xcb, 0xf6, 0xcb, 0xff, 0xc5, 0xf9, 0xc6, 0xff, 0xc1, 0xfc, 0xc2, 0xff, 0xbf, 0xff, 0xc1, 0xff, 0xbf, 0xff, 0xc0, 0xff, 0xc0, 0xff, 0xc1, 0xff, 0xc0, 0xff, 0xc0, 0xff, 0xbf, 0xfe, 0xbf, 0xff, 0xc0, 0xff, 0xc0, 0xff, 0xc0, 0xff, 0xc0, 0xff, 0xc0, 0xff, 0xc0, 0xff, 0xc0, 0xff, 0xc0, 0xff, 
  0xbe, 0xff, 0xc1, 0xff, 0xbd, 0xff, 0xc0, 0xff, 0xbd, 0xff, 0xbf, 0xff, 0xbd, 0xff, 0xbe, 0xff, 0xbc, 0xff, 0xbc, 0xff, 0xbd, 0xff, 0xbc, 0xff, 0xbc, 0xff, 0xbd, 0xff, 0xbe, 0xfe, 0xbf, 0xff, 0xc2, 0xfb, 0xc3, 0xff, 0xc6, 0xf8, 0xc8, 0xff, 0xcd, 0xf6, 0xcf, 0xff, 0xd6, 0xf7, 0xd9, 0xff, 0xdf, 0xf6, 0xe1, 0xff, 0xe3, 0xf3, 0xe5, 0xff, 0xe5, 0xf0, 0xe7, 0xff, 0xe5, 0xee, 0xe7, 0xff, 0xe6, 0xf0, 0xe7, 0xff, 0xe7, 0xf0, 0xe6, 0xff, 0xe7, 0xf0, 0xe6, 0xff, 0xe7, 0xf0, 0xe6, 0xff, 0xe7, 0xf0, 0xe6, 0xff, 0xe7, 0xf0, 0xe6, 0xff, 0xe7, 0xf0, 0xe6, 0xff, 0xe7, 0xf0, 0xe6, 0xff, 0xe7, 0xf0, 0xe6, 0xff, 0xe7, 0xf0, 0xe6, 0xff, 0xe7, 0xf0, 0xe6, 0xff, 0xe7, 0xf0, 0xe6, 0xff, 0xe7, 0xf0, 0xe6, 0xff, 0xe7, 0xf0, 0xe6, 0xff, 0xe7, 0xf0, 0xe6, 0xff, 0xe7, 0xf0, 0xe6, 0xff, 0xe7, 0xf0, 0xe6, 0xff, 0xe7, 0xf0, 0xe6, 0xff, 0xe7, 0xf0, 0xe6, 0xff, 0xe7, 0xf0, 0xe6, 0xff, 0xe7, 0xf0, 0xe6, 0xff, 0xe7, 0xf0, 0xe6, 0xff, 0xe7, 0xf0, 0xe6, 0xff, 0xe7, 0xf0, 0xe6, 0xff, 0xe7, 0xf0, 0xe6, 0xff, 0xe7, 0xf0, 0xe6, 0xff, 0xe7, 0xf0, 0xe6, 0xff, 0xe7, 0xf0, 0xe6, 0xff, 0xe7, 0xf0, 0xe6, 0xff, 0xe7, 0xf0, 0xe6, 0xff, 0xe7, 0xf0, 0xe6, 0xff, 0xe7, 0xf0, 0xe6, 0xff, 0xe7, 0xf0, 0xe6, 0xff, 0xe7, 0xf0, 0xe6, 0xff, 0xe7, 0xf0, 0xe6, 0xff, 0xe7, 0xf0, 0xe6, 0xff, 0xe7, 0xf0, 0xe6, 0xff, 0xe7, 0xf0, 0xe6, 0xff, 0xe7, 0xf0, 0xe6, 0xff, 0xe7, 0xf0, 0xe6, 0xff, 0xe7, 0xf0, 0xe6, 0xff, 0xe7, 0xf0, 0xe6, 0xff, 0xe7, 0xf0, 0xe6, 0xff, 0xe7, 0xf0, 0xe6, 0xff, 0xe7, 0xf0, 0xe6, 0xff, 0xe7, 0xf0, 0xe6, 0xff, 0xe7, 0xf0, 0xe6, 0xff, 0xe7, 0xf0, 0xe6, 0xff, 0xe7, 0xf0, 0xe7, 0xff, 0xe7, 0xef, 0xe7, 0xff, 0xe8, 0xef, 0xe7, 0xff, 0xe7, 0xef, 0xe5, 0xff, 0xe7, 0xf0, 0xe5, 0xff, 0xe6, 0xf3, 0xe4, 0xff, 0xe2, 0xf6, 0xe0, 0xff, 0xdb, 0xf7, 0xda, 0xff, 0xcd, 0xf3, 0xcc, 0xff, 0xc8, 0xf6, 0xc8, 0xff, 0xc2, 0xf9, 0xc4, 0xff, 0xc0, 0xfc, 0xc2, 0xff, 0xc0, 0xfe, 0xc1, 0xff, 0xbf, 0xff, 0xc0, 0xff, 0xbf, 0xff, 0xc0, 0xff, 0xbf, 0xff, 0xc0, 0xff, 0xbf, 0xff, 0xc0, 0xff, 0xc0, 0xff, 0xc0, 0xff, 0xc0, 0xff, 0xc0, 0xff, 0xc0, 0xff, 0xc0, 0xff, 
  0xbc, 0xfe, 0xc3, 0xff, 0xbc, 0xff, 0xc1, 0xff, 0xbc, 0xff, 0xbf, 0xff, 0xbc, 0xff, 0xbd, 0xff, 0xbc, 0xff, 0xba, 0xff, 0xbd, 0xff, 0xba, 0xff, 0xbe, 0xff, 0xbc, 0xff, 0xc0, 0xfe, 0xbf, 0xff, 0xc4, 0xfa, 0xc5, 0xff, 0xc8, 0xf6, 0xcb, 0xff, 0xcf, 0xf4, 0xd3, 0xff, 0xd8, 0xf5, 0xdc, 0xff, 0xe0, 0xf4, 0xe3, 0xff, 0xe4, 0xf2, 0xe6, 0xff, 0xe5, 0xf0, 0xe7, 0xff, 0xe6, 0xee, 0xe6, 0xff, 0xe7, 0xf0, 0xe7, 0xff, 0xe7, 0xf0, 0xe6, 0xff, 0xe7, 0xf0, 0xe6, 0xff, 0xe7, 0xf0, 0xe6, 0xff, 0xe7, 0xf0, 0xe6, 0xff, 0xe7, 0xf0, 0xe6, 0xff, 0xe7, 0xf0, 0xe6, 0xff, 0xe7, 0xf0, 0xe6, 0xff, 0xe7, 0xf0, 0xe6, 0xff, 0xe7, 0xf0, 0xe6, 0xff, 0xe7, 0xf0, 0xe6, 0xff, 0xe7, 0xf0, 0xe6, 0xff, 0xe7, 0xf0, 0xe6, 0xff, 0xe7, 0xf0, 0xe6, 0xff, 0xe7, 0xf0, 0xe6, 0xff, 0xe7, 0xf0, 0xe6, 0xff, 0xe7, 0xf0, 0xe6, 0xff, 0xe7, 0xf0, 0xe6, 0xff, 0xe7, 0xf0, 0xe6, 0xff, 0xe7, 0xf0, 0xe6, 0xff, 0xe7, 0xf0, 0xe6, 0xff, 0xe7, 0xf0, 0xe6, 0xff, 0xe7, 0xf0, 0xe6, 0xff, 0xe7, 0xf0, 0xe6, 0xff, 0xe7, 0xf0, 0xe6, 0xff, 0xe7, 0xf0, 0xe6, 0xff, 0xe7, 0xf0, 0xe6, 0xff, 0xe7, 0xf0, 0xe6, 0xff, 0xe7, 0xf0, 0xe6, 0xff, 0xe7, 0xf0, 0xe6, 0xff, 0xe7, 0xf0, 0xe6, 0xff, 0xe7, 0xf0, 0xe6, 0xff, 0xe7, 0xf0, 0xe6, 0xff, 0xe7, 0xf0, 0xe6, 0xff, 0xe7, 0xf0, 0xe6, 0xff, 0xe7, 0xf0, 0xe6, 0xff, 0xe7, 0xf0, 0xe6, 0xff, 0xe7, 0xf0, 0xe6, 0xff, 0xe7, 0xf0, 0xe6, 0xff, 0xe7, 0xf0, 0xe6, 0xff, 0xe7, 0xf0, 0xe6, 0xff, 0xe7, 0xf0, 0xe6, 0xff, 0xe7, 0xf0, 0xe6, 0xff, 0xe7, 0xf0, 0xe6, 0xff, 0xe7, 0xf0, 0xe6, 0xff, 0xe7, 0xf0, 0xe6, 0xff, 0xe7, 0xf0, 0xe6, 0xff, 0xe6, 0xf0, 0xe6, 0xff, 0xe6, 0xf0, 0xe6, 0xff, 0xe8, 0xf1, 0xe7, 0xff, 0xe7, 0xf0, 0xe6, 0xff, 0xe8, 0xf0, 0xe6, 0xff, 0xe7, 0xf0, 0xe5, 0xff, 0xe6, 0xf3, 0xe4, 0xff, 0xe3, 0xf5, 0xe1, 0xff, 0xdd, 0xf5, 0xdc, 0xff, 0xd1, 0xf2, 0xd0, 0xff, 0xcb, 0xf4, 0xcb, 0xff, 0xc6, 0xf7, 0xc7, 0xff, 0xc2, 0xfa, 0xc3, 0xff, 0xc1, 0xfc, 0xc2, 0xff, 0xc0, 0xfe, 0xc1, 0xff, 0xbf, 0xff, 0xc0, 0xff, 0xbe, 0xff, 0xc0, 0xff, 0xbe, 0xfe, 0xbf, 0xff, 0xbf, 0xfe, 0xbf, 0xff, 0xbf, 0xfe, 0xbf, 0xff, 0xbf, 0xfe, 0xbf, 0xff, 
  0xbb, 0xfe, 0xc4, 0xff, 0xbb, 0xff, 0xc2, 0xff, 0xbb, 0xff, 0xbf, 0xff, 0xbc, 0xff, 0xbc, 0xff, 0xbd, 0xff, 0xba, 0xff, 0xbf, 0xff, 0xba, 0xff, 0xc0, 0xff, 0xbb, 0xff, 0xc3, 0xfd, 0xc0, 0xff, 0xc7, 0xf9, 0xc8, 0xff, 0xca, 0xf4, 0xce, 0xff, 0xd1, 0xf2, 0xd6, 0xff, 0xda, 0xf3, 0xdf, 0xff, 0xe1, 0xf3, 0xe5, 0xff, 0xe5, 0xf2, 0xe7, 0xff, 0xe6, 0xf0, 0xe6, 0xff, 0xe7, 0xf0, 0xe7, 0xff, 0xe8, 0xf1, 0xe7, 0xff, 0xe8, 0xf1, 0xe7, 0xff, 0xe8, 0xf1, 0xe7, 0xff, 0xe7, 0xf0, 0xe6, 0xff, 0xe7, 0xf0, 0xe6, 0xff, 0xe7, 0xf0, 0xe6, 0xff, 0xe7, 0xf0, 0xe6, 0xff, 0xe7, 0xf0, 0xe6, 0xff, 0xe7, 0xf0, 0xe6, 0xff, 0xe7, 0xf0, 0xe6, 0xff, 0xe7, 0xf0, 0xe6, 0xff, 0xe7, 0xf0, 0xe6, 0xff, 0xe7, 0xf0, 0xe6, 0xff, 0xe7, 0xf0, 0xe6, 0xff, 0xe7, 0xf0, 0xe6, 0xff, 0xe7, 0xf0, 0xe6, 0xff, 0xe7, 0xf0, 0xe6, 0xff, 0xe7, 0xf0, 0xe6, 0xff, 0xe7, 0xf0, 0xe6, 0xff, 0xe7, 0xf0, 0xe6, 0xff, 0xe7, 0xf0, 0xe6, 0xff, 0xe7, 0xf0, 0xe6, 0xff, 0xe7, 0xf0, 0xe6, 0xff, 0xe7, 0xf0, 0xe6, 0xff, 0xe7, 0xf0, 0xe6, 0xff, 0xe7, 0xf0, 0xe6, 0xff, 0xe7, 0xf0, 0xe6, 0xff, 0xe7, 0xf0, 0xe6, 0xff, 0xe7, 0xf0, 0xe6, 0xff, 0xe7, 0xf0, 0xe6, 0xff, 0xe7, 0xf0, 0xe6, 0xff, 0xe7, 0xf0, 0xe6, 0xff, 0xe7, 0xf0, 0xe6, 0xff, 0xe7, 0xf0, 0xe6, 0xff, 0xe7, 0xf0, 0xe6, 0xff, 0xe7, 0xf0, 0xe6, 0xff, 0xe7, 0xf0, 0xe6, 0xff, 0xe7, 0xf0, 0xe6, 0xff, 0xe7, 0xf0, 0xe6, 0xff, 0xe7, 0xf0, 0xe6, 0xff, 0xe7, 0xf0, 0xe6, 0xff, 0xe7, 0xf0, 0xe6, 0xff, 0xe7, 0xf0, 0xe6, 0xff, 0xe7, 0xf0, 0xe6, 0xff, 0xe7, 0xf0, 0xe6, 0xff, 0xe7, 0xf0, 0xe6, 0xff, 0xe7, 0xf0, 0xe6, 0xff, 0xe6, 0xf0, 0xe6, 0xff, 0xe6, 0xf0, 0xe6, 0xff, 0xe7, 0xf2, 0xe6, 0xff, 0xe8, 0xf1, 0xe6, 0xff, 0xe7, 0xf0, 0xe5, 0xff, 0xe7, 0xf0, 0xe5, 0xff, 0xe7, 0xf3, 0xe6, 0xff, 0xe4, 0xf4, 0xe3, 0xff, 0xdf, 0xf4, 0xde, 0xff, 0xd7, 0xf2, 0xd6, 0xff, 0xd1, 0xf3, 0xd0, 0xff, 0xca, 0xf6, 0xcb, 0xff, 0xc6, 0xf8, 0xc7, 0xff, 0xc3, 0xfb, 0xc4, 0xff, 0xc1, 0xfd, 0xc3, 0xff, 0xbf, 0xff, 0xc1, 0xff, 0xbf, 0xff, 0xc1, 0xff, 0xbe, 0xfe, 0xbf, 0xff, 0xbf, 0xfe, 0xbe, 0xff, 0xbf, 0xfe, 0xbe, 0xff, 0xbf, 0xfe, 0xbe, 0xff, 
  0xbb, 0xfe, 0xc5, 0xff, 0xbb, 0xfe, 0xc3, 0xff, 0xbb, 0xff, 0xc0, 0xff, 0xbc, 0xff, 0xbd, 0xff, 0xbe, 0xff, 0xbb, 0xff, 0xc0, 0xff, 0xba, 0xff, 0xc3, 0xfe, 0xbd, 0xff, 0xc6, 0xfb, 0xc3, 0xff, 0xca, 0xf7, 0xcb, 0xff, 0xcd, 0xf2, 0xd1, 0xff, 0xd3, 0xf0, 0xd9, 0xff, 0xdc, 0xf1, 0xe1, 0xff, 0xe2, 0xf2, 0xe7, 0xff, 0xe5, 0xf1, 0xe8, 0xff, 0xe6, 0xf0, 0xe6, 0xff, 0xe7, 0xf0, 0xe6, 0xff, 0xe8, 0xf1, 0xe7, 0xff, 0xe8, 0xf1, 0xe7, 0xff, 0xe8, 0xf1, 0xe7, 0xff, 0xe7, 0xf0, 0xe6, 0xff, 0xe7, 0xf0, 0xe6, 0xff, 0xe7, 0xf0, 0xe6, 0xff, 0xe7, 0xf0, 0xe6, 0xff, 0xe7, 0xf0, 0xe6, 0xff, 0xe7, 0xf0, 0xe6, 0xff, 0xe7, 0xf0, 0xe6, 0xff, 0xe7, 0xf0, 0xe6, 0xff, 0xe7, 0xf0, 0xe6, 0xff, 0xe7, 0xf0, 0xe6, 0xff, 0xe7, 0xf0, 0xe6, 0xff, 0xe7, 0xf0, 0xe6, 0xff, 0xe7, 0xf0, 0xe6, 0xff, 0xe7, 0xf0, 0xe6, 0xff, 0xe7, 0xf0, 0xe6, 0xff, 0xe7, 0xf0, 0xe6, 0xff, 0xe7, 0xf0, 0xe6, 0xff, 0xe7, 0xf0, 0xe6, 0xff, 0xe7, 0xf0, 0xe6, 0xff, 0xe7, 0xf0, 0xe6, 0xff, 0xe7, 0xf0, 0xe6, 0xff, 0xe7, 0xf0, 0xe6, 0xff, 0xe7, 0xf0, 0xe6, 0xff, 0xe7, 0xf0, 0xe6, 0xff, 0xe7, 0xf0, 0xe6, 0xff, 0xe7, 0xf0, 0xe6, 0xff, 0xe7, 0xf0, 0xe6, 0xff, 0xe7, 0xf0, 0xe6, 0xff, 0xe7, 0xf0, 0xe6, 0xff, 0xe7, 0xf0, 0xe6, 0xff, 0xe7, 0xf0, 0xe6, 0xff, 0xe7, 0xf0, 0xe6, 0xff, 0xe7, 0xf0, 0xe6, 0xff, 0xe7, 0xf0, 0xe6, 0xff, 0xe7, 0xf0, 0xe6, 0xff, 0xe7, 0xf0, 0xe6, 0xff, 0xe7, 0xf0, 0xe6, 0xff, 0xe7, 0xf0, 0xe6, 0xff, 0xe7, 0xf0, 0xe6, 0xff, 0xe7, 0xf0, 0xe6, 0xff, 0xe7, 0xf0, 0xe6, 0xff, 0xe7, 0xf0, 0xe6, 0xff, 0xe7, 0xf0, 0xe6, 0xff, 0xe7, 0xf0, 0xe6, 0xff, 0xe6, 0xf0, 0xe6, 0xff, 0xe5, 0xf1, 0xe5, 0xff, 0xe6, 0xf2, 0xe6, 0xff, 0xe7, 0xf2, 0xe6, 0xff, 0xe6, 0xf1, 0xe5, 0xff, 0xe6, 0xf1, 0xe5, 0xff, 0xe8, 0xf3, 0xe6, 0xff, 0xe5, 0xf3, 0xe4, 0xff, 0xe1, 0xf2, 0xe0, 0xff, 0xdc, 0xf3, 0xdb, 0xff, 0xd6, 0xf3, 0xd6, 0xff, 0xcf, 0xf4, 0xcf, 0xff, 0xca, 0xf6, 0xcb, 0xff, 0xc6, 0xf8, 0xc7, 0xff, 0xc4, 0xfc, 0xc5, 0xff, 0xc1, 0xfd, 0xc3, 0xff, 0xc0, 0xff, 0xc2, 0xff, 0xbf, 0xfe, 0xbf, 0xff, 0xbf, 0xfe, 0xbf, 0xff, 0xbf, 0xfe, 0xbf, 0xff, 0xbf, 0xfe, 0xbe, 0xff, 
  0xbb, 0xfc, 0xc4, 0xff, 0xba, 0xfc, 0xc1, 0xff, 0xbb, 0xfe, 0xbe, 0xff, 0xbd, 0xff, 0xbd, 0xff, 0xc1, 0xff, 0xbd, 0xff, 0xc4, 0xff, 0xbe, 0xff, 0xc6, 0xfc, 0xc1, 0xff, 0xc7, 0xf6, 0xc5, 0xff, 0xd0, 0xf7, 0xd1, 0xff, 0xd5, 0xf4, 0xd8, 0xff, 0xda, 0xf2, 0xe0, 0xff, 0xdf, 0xf1, 0xe4, 0xff, 0xe3, 0xf0, 0xe7, 0xff, 0xe6, 0xf1, 0xe8, 0xff, 0xe6, 0xf0, 0xe7, 0xff, 0xe7, 0xf0, 0xe6, 0xff, 0xe7, 0xf0, 0xe6, 0xff, 0xe7, 0xf0, 0xe6, 0xff, 0xe7, 0xf0, 0xe6, 0xff, 0xe7, 0xf0, 0xe6, 0xff, 0xe7, 0xf0, 0xe6, 0xff, 0xe7, 0xf0, 0xe6, 0xff, 0xe7, 0xf0, 0xe6, 0xff, 0xe7, 0xf0, 0xe6, 0xff, 0xe7, 0xf0, 0xe6, 0xff, 0xe7, 0xf0, 0xe6, 0xff, 0xe7, 0xf0, 0xe6, 0xff, 0xe7, 0xf0, 0xe6, 0xff, 0xe7, 0xf0, 0xe6, 0xff, 0xe7, 0xf0, 0xe6, 0xff, 0xe7, 0xf0, 0xe6, 0xff, 0xe7, 0xf0, 0xe6, 0xff, 0xe5, 0xee, 0xe4, 0xff, 0xe5, 0xee, 0xe4, 0xff, 0xe6, 0xef, 0xe5, 0xff, 0xe7, 0xf0, 0xe6, 0xff, 0xe7, 0xf0, 0xe6, 0xff, 0xe7, 0xf0, 0xe6, 0xff, 0xe7, 0xf0, 0xe6, 0xff, 0xe6, 0xef, 0xe5, 0xff, 0xe8, 0xf1, 0xe7, 0xff, 0xe7, 0xf0, 0xe6, 0xff, 0xe6, 0xef, 0xe5, 0xff, 0xe6, 0xef, 0xe5, 0xff, 0xe7, 0xf0, 0xe6, 0xff, 0xe7, 0xf0, 0xe6, 0xff, 0xe6, 0xef, 0xe5, 0xff, 0xe6, 0xef, 0xe5, 0xff, 0xe7, 0xf0, 0xe6, 0xff, 0xe6, 0xef, 0xe5, 0xff, 0xe6, 0xef, 0xe5, 0xff, 0xe6, 0xef, 0xe5, 0xff, 0xe7, 0xf0, 0xe6, 0xff, 0xe7, 0xf0, 0xe6, 0xff, 0xe7, 0xf0, 0xe6, 0xff, 0xe7, 0xf0, 0xe6, 0xff, 0xe7, 0xf0, 0xe6, 0xff, 0xe7, 0xf0, 0xe6, 0xff, 0xe7, 0xf0, 0xe6, 0xff, 0xe7, 0xf0, 0xe6, 0xff, 0xe7, 0xf0, 0xe6, 0xff, 0xe7, 0xf0, 0xe6, 0xff, 0xe7, 0xf0, 0xe6, 0xff, 0xe6, 0xf0, 0xe6, 0xff, 0xe5, 0xf1, 0xe5, 0xff, 0xe5, 0xf1, 0xe5, 0xff, 0xe5, 0xf1, 0xe5, 0xff, 0xe6, 0xf1, 0xe5, 0xff, 0xe6, 0xf1, 0xe5, 0xff, 0xe6, 0xf1, 0xe5, 0xff, 0xe5, 0xf1, 0xe4, 0xff, 0xe3, 0xf2, 0xe3, 0xff, 0xe0, 0xf3, 0xdf, 0xff, 0xdd, 0xf5, 0xdd, 0xff, 0xd8, 0xf7, 0xd8, 0xff, 0xd2, 0xf7, 0xd2, 0xff, 0xcc, 0xf8, 0xcd, 0xff, 0xc7, 0xf9, 0xc9, 0xff, 0xc3, 0xfa, 0xc5, 0xff, 0xc1, 0xfc, 0xc3, 0xff, 0xbe, 0xfb, 0xbf, 0xff, 0xc0, 0xfd, 0xc0, 0xff, 0xc0, 0xff, 0xc0, 0xff, 0xbf, 0xfe, 0xbf, 0xff, 
  0xbe, 0xfd, 0xc4, 0xff, 0xbe, 0xfe, 0xc3, 0xff, 0xbe, 0xfd, 0xc0, 0xff, 0xc0, 0xfe, 0xbf, 0xff, 0xc3, 0xfd, 0xbf, 0xff, 0xc7, 0xfc, 0xc3, 0xff, 0xcc, 0xfa, 0xc8, 0xff, 0xd0, 0xf8, 0xce, 0xff, 0xd7, 0xf7, 0xd8, 0xff, 0xda, 0xf3, 0xdd, 0xff, 0xde, 0xf1, 0xe3, 0xff, 0xe1, 0xef, 0xe6, 0xff, 0xe4, 0xf0, 0xe7, 0xff, 0xe6, 0xef, 0xe7, 0xff, 0xe6, 0xf0, 0xe7, 0xff, 0xe6, 0xef, 0xe5, 0xff, 0xe7, 0xf0, 0xe6, 0xff, 0xe7, 0xf0, 0xe6, 0xff, 0xe7, 0xf0, 0xe6, 0xff, 0xe7, 0xf0, 0xe6, 0xff, 0xe7, 0xf0, 0xe6, 0xff, 0xe7, 0xf0, 0xe6, 0xff, 0xe7, 0xf0, 0xe6, 0xff, 0xe7, 0xf0, 0xe6, 0xff, 0xe7, 0xf0, 0xe6, 0xff, 0xe7, 0xf0, 0xe6, 0xff, 0xe7, 0xf0, 0xe6, 0xff, 0xe7, 0xf0, 0xe6, 0xff, 0xe7, 0xf0, 0xe6, 0xff, 0xe7, 0xf0, 0xe6, 0xff, 0xe7, 0xf0, 0xe6, 0xff, 0xe7, 0xf0, 0xe6, 0xff, 0xe5, 0xee, 0xe4, 0xff, 0xe6, 0xef, 0xe5, 0xff, 0xe7, 0xf0, 0xe6, 0xff, 0xe7, 0xf0, 0xe6, 0xff, 0xe7, 0xf0, 0xe6, 0xff, 0xe7, 0xf0, 0xe6, 0xff, 0xe7, 0xf0, 0xe6, 0xff, 0xe7, 0xf0, 0xe6, 0xff, 0xe7, 0xf0, 0xe6, 0xff, 0xe7, 0xf0, 0xe6, 0xff, 0xe6, 0xef, 0xe5, 0xff, 0xe6, 0xef, 0xe5, 0xff, 0xe7, 0xf0, 0xe6, 0xff, 0xe7, 0xf0, 0xe6, 0xff, 0xe6, 0xef, 0xe5, 0xff, 0xe6, 0xef, 0xe5, 0xff, 0xe7, 0xf0, 0xe6, 0xff, 0xe6, 0xef, 0xe5, 0xff, 0xe6, 0xef, 0xe5, 0xff, 0xe6, 0xef, 0xe5, 0xff, 0xe7, 0xf0, 0xe6, 0xff, 0xe7, 0xf0, 0xe6, 0xff, 0xe7, 0xf0, 0xe6, 0xff, 0xe7, 0xf0, 0xe6, 0xff, 0xe7, 0xf0, 0xe6, 0xff, 0xe7, 0xf0, 0xe6, 0xff, 0xe7, 0xf0, 0xe6, 0xff, 0xe7, 0xf0, 0xe6, 0xff, 0xe7, 0xf0, 0xe6, 0xff, 0xe7, 0xf0, 0xe6, 0xff, 0xe7, 0xf0, 0xe6, 0xff, 0xe6, 0xf0, 0xe6, 0xff, 0xe6, 0xf0, 0xe6, 0xff, 0xe5, 0xf1, 0xe6, 0xff, 0xe5, 0xf1, 0xe5, 0xff, 0xe5, 0xf1, 0xe5, 0xff, 0xe6, 0xf1, 0xe5, 0xff, 0xe6, 0xf1, 0xe5, 0xff, 0xe5, 0xf1, 0xe5, 0xff, 0xe4, 0xf1, 0xe4, 0xff, 0xe3, 0xf2, 0xe3, 0xff, 0xe1, 0xf4, 0xe0, 0xff, 0xde, 0xf6, 0xdd, 0xff, 0xd9, 0xf8, 0xd9, 0xff, 0xd3, 0xf8, 0xd4, 0xff, 0xcd, 0xf9, 0xce, 0xff, 0xc6, 0xf8, 0xc9, 0xff, 0xc3, 0xf9, 0xc5, 0xff, 0xc2, 0xfb, 0xc3, 0xff, 0xc2, 0xff, 0xc3, 0xff, 0xc2, 0xff, 0xc2, 0xff, 0xc1, 0xff, 0xc2, 0xff, 
  0xc0, 0xfd, 0xc4, 0xff, 0xc1, 0xfd, 0xc4, 0xff, 0xc3, 0xfe, 0xc4, 0xff, 0xc5, 0xfc, 0xc4, 0xff, 0xc7, 0xfa, 0xc4, 0xff, 0xcd, 0xf9, 0xc9, 0xff, 0xd3, 0xf9, 0xd1, 0xff, 0xda, 0xf9, 0xd9, 0xff, 0xdd, 0xf6, 0xde, 0xff, 0xe0, 0xf3, 0xe2, 0xff, 0xe2, 0xf1, 0xe6, 0xff, 0xe3, 0xef, 0xe6, 0xff, 0xe4, 0xee, 0xe7, 0xff, 0xe6, 0xef, 0xe7, 0xff, 0xe6, 0xf0, 0xe7, 0xff, 0xe7, 0xf0, 0xe6, 0xff, 0xe7, 0xf0, 0xe6, 0xff, 0xe7, 0xf0, 0xe6, 0xff, 0xe7, 0xf0, 0xe6, 0xff, 0xe7, 0xf0, 0xe6, 0xff, 0xe7, 0xf0, 0xe6, 0xff, 0xe7, 0xf0, 0xe6, 0xff, 0xe7, 0xf0, 0xe6, 0xff, 0xe7, 0xf0, 0xe6, 0xff, 0xe7, 0xf0, 0xe6, 0xff, 0xe7, 0xf0, 0xe6, 0xff, 0xe7, 0xf0, 0xe6, 0xff, 0xe7, 0xf0, 0xe6, 0xff, 0xe7, 0xf0, 0xe6, 0xff, 0xe7, 0xf0, 0xe6, 0xff, 0xe7, 0xf0, 0xe6, 0xff, 0xe7, 0xf0, 0xe6, 0xff, 0xe6, 0xef, 0xe5, 0xff, 0xe6, 0xef, 0xe5, 0xff, 0xe7, 0xf0, 0xe6, 0xff, 0xe7, 0xf0, 0xe6, 0xff, 0xe8, 0xf1, 0xe7, 0xff, 0xe8, 0xf1, 0xe7, 0xff, 0xe8, 0xf1, 0xe7, 0xff, 0xe7, 0xf0, 0xe6, 0xff, 0xe7, 0xf0, 0xe6, 0xff, 0xe7, 0xf0, 0xe6, 0xff, 0xe6, 0xef, 0xe5, 0xff, 0xe6, 0xef, 0xe5, 0xff, 0xe7, 0xf0, 0xe6, 0xff, 0xe7, 0xf0, 0xe6, 0xff, 0xe7, 0xf0, 0xe6, 0xff, 0xe6, 0xef, 0xe5, 0xff, 0xe7, 0xf0, 0xe6, 0xff, 0xe6, 0xef, 0xe5, 0xff, 0xe6, 0xef, 0xe5, 0xff, 0xe6, 0xef, 0xe5, 0xff, 0xe7, 0xf0, 0xe6, 0xff, 0xe7, 0xf0, 0xe6, 0xff, 0xe7, 0xf0, 0xe6, 0xff, 0xe7, 0xf0, 0xe6, 0xff, 0xe7, 0xf0, 0xe6, 0xff, 0xe7, 0xf0, 0xe6, 0xff, 0xe7, 0xf0, 0xe6, 0xff, 0xe7, 0xf0, 0xe6, 0xff, 0xe7, 0xf0, 0xe6, 0xff, 0xe7, 0xf0, 0xe6, 0xff, 0xe7, 0xf0, 0xe6, 0xff, 0xe6, 0xf0, 0xe6, 0xff, 0xe6, 0xf0, 0xe7, 0xff, 0xe6, 0xf0, 0xe7, 0xff, 0xe5, 0xf0, 0xe6, 0xff, 0xe5, 0xf0, 0xe6, 0xff, 0xe5, 0xf1, 0xe5, 0xff, 0xe5, 0xf1, 0xe5, 0xff, 0xe5, 0xf1, 0xe5, 0xff, 0xe5, 0xf1, 0xe5, 0xff, 0xe5, 0xf1, 0xe4, 0xff, 0xe4, 0xf2, 0xe3, 0xff, 0xe2, 0xf3, 0xe1, 0xff, 0xdf, 0xf6, 0xde, 0xff, 0xda, 0xf8, 0xdb, 0xff, 0xd4, 0xf9, 0xd6, 0xff, 0xce, 0xf8, 0xd0, 0xff, 0xc7, 0xf7, 0xc9, 0xff, 0xc4, 0xfa, 0xc5, 0xff, 0xc1, 0xfc, 0xc3, 0xff, 0xc1, 0xfd, 0xc3, 0xff, 0xc0, 0xfc, 0xc2, 0xff, 
  0xc3, 0xfd, 0xc3, 0xff, 0xc4, 0xfc, 0xc3, 0xff, 0xc6, 0xfb, 0xc5, 0xff, 0xc9, 0xf9, 0xc8, 0xff, 0xcd, 0xf8, 0xcc, 0xff, 0xd3, 0xf7, 0xd2, 0xff, 0xdb, 0xf8, 0xdb, 0xff, 0xe0, 0xf7, 0xe1, 0xff, 0xe0, 0xf2, 0xe1, 0xff, 0xe2, 0xf0, 0xe4, 0xff, 0xe4, 0xef, 0xe6, 0xff, 0xe5, 0xee, 0xe7, 0xff, 0xe6, 0xef, 0xe7, 0xff, 0xe7, 0xef, 0xe7, 0xff, 0xe8, 0xf1, 0xe8, 0xff, 0xe8, 0xf1, 0xe7, 0xff, 0xe7, 0xf0, 0xe6, 0xff, 0xe7, 0xf0, 0xe6, 0xff, 0xe7, 0xf0, 0xe6, 0xff, 0xe7, 0xf0, 0xe6, 0xff, 0xe7, 0xf0, 0xe6, 0xff, 0xe7, 0xf0, 0xe6, 0xff, 0xe7, 0xf0, 0xe6, 0xff, 0xe7, 0xf0, 0xe6, 0xff, 0xe7, 0xf0, 0xe6, 0xff, 0xe7, 0xf0, 0xe6, 0xff, 0xe7, 0xf0, 0xe6, 0xff, 0xe7, 0xf0, 0xe6, 0xff, 0xe7, 0xf0, 0xe6, 0xff, 0xe7, 0xf0, 0xe6, 0xff, 0xe7, 0xf0, 0xe6, 0xff, 0xe7, 0xf0, 0xe6, 0xff, 0xe6, 0xef, 0xe5, 0xff, 0xe6, 0xef, 0xe5, 0xff, 0xe7, 0xf0, 0xe6, 0xff, 0xe7, 0xf0, 0xe6, 0xff, 0xe7, 0xf0, 0xe6, 0xff, 0xe7, 0xf0, 0xe6, 0xff, 0xe7, 0xf0, 0xe6, 0xff, 0xe7, 0xf0, 0xe6, 0xff, 0xe7, 0xf0, 0xe6, 0xff, 0xe7, 0xf0, 0xe6, 0xff, 0xe6, 0xef, 0xe5, 0xff, 0xe6, 0xef, 0xe5, 0xff, 0xe7, 0xf0, 0xe6, 0xff, 0xe7, 0xf0, 0xe6, 0xff, 0xe7, 0xf0, 0xe6, 0xff, 0xe6, 0xef, 0xe5, 0xff, 0xe7, 0xf0, 0xe6, 0xff, 0xe6, 0xef, 0xe5, 0xff, 0xe6, 0xef, 0xe5, 0xff, 0xe6, 0xef, 0xe5, 0xff, 0xe7, 0xf0, 0xe6, 0xff, 0xe7, 0xf0, 0xe6, 0xff, 0xe7, 0xf0, 0xe6, 0xff, 0xe7, 0xf0, 0xe6, 0xff, 0xe7, 0xf0, 0xe6, 0xff, 0xe7, 0xf0, 0xe6, 0xff, 0xe7, 0xf0, 0xe6, 0xff, 0xe7, 0xf0, 0xe6, 0xff, 0xe7, 0xf0, 0xe6, 0xff, 0xe7, 0xf0, 0xe6, 0xff, 0xe7, 0xf0, 0xe6, 0xff, 0xe7, 0xf0, 0xe7, 0xff, 0xe7, 0xef, 0xe8, 0xff, 0xe7, 0xef, 0xe8, 0xff, 0xe6, 0xf0, 0xe7, 0xff, 0xe5, 0xf0, 0xe6, 0xff, 0xe5, 0xf1, 0xe5, 0xff, 0xe4, 0xf1, 0xe5, 0xff, 0xe5, 0xf1, 0xe5, 0xff, 0xe5, 0xf1, 0xe5, 0xff, 0xe5, 0xef, 0xe4, 0xff, 0xe4, 0xee, 0xe3, 0xff, 0xe3, 0xef, 0xe2, 0xff, 0xe2, 0xf3, 0xe2, 0xff, 0xe0, 0xf7, 0xe1, 0xff, 0xdc, 0xf9, 0xdd, 0xff, 0xd5, 0xf8, 0xd7, 0xff, 0xce, 0xf8, 0xd0, 0xff, 0xc6, 0xf8, 0xc7, 0xff, 0xc2, 0xfa, 0xc3, 0xff, 0xc0, 0xfa, 0xc2, 0xff, 0xc0, 0xfb, 0xc2, 0xff, 
  0xc4, 0xfc, 0xc0, 0xff, 0xc6, 0xfb, 0xc2, 0xff, 0xc8, 0xf9, 0xc6, 0xff, 0xcd, 0xf8, 0xcd, 0xff, 0xd5, 0xf7, 0xd5, 0xff, 0xdb, 0xf6, 0xdc, 0xff, 0xdf, 0xf4, 0xe1, 0xff, 0xe2, 0xf2, 0xe4, 0xff, 0xe2, 0xee, 0xe4, 0xff, 0xe5, 0xee, 0xe6, 0xff, 0xe6, 0xee, 0xe7, 0xff, 0xe7, 0xef, 0xe7, 0xff, 0xe7, 0xef, 0xe7, 0xff, 0xe7, 0xf0, 0xe7, 0xff, 0xe7, 0xf0, 0xe6, 0xff, 0xe7, 0xf0, 0xe6, 0xff, 0xe6, 0xef, 0xe5, 0xff, 0xe6, 0xef, 0xe5, 0xff, 0xe6, 0xef, 0xe5, 0xff, 0xe6, 0xef, 0xe5, 0xff, 0xe6, 0xef, 0xe5, 0xff, 0xe6, 0xef, 0xe5, 0xff, 0xe6, 0xef, 0xe5, 0xff, 0xe6, 0xef, 0xe5, 0xff, 0xe7, 0xf0, 0xe6, 0xff, 0xe7, 0xf0, 0xe6, 0xff, 0xe7, 0xf0, 0xe6, 0xff, 0xe7, 0xf0, 0xe6, 0xff, 0xe7, 0xf0, 0xe6, 0xff, 0xe7, 0xf0, 0xe6, 0xff, 0xe7, 0xf0, 0xe6, 0xff, 0xe7, 0xf0, 0xe6, 0xff, 0xe6, 0xef, 0xe5, 0xff, 0xe6, 0xef, 0xe5, 0xff, 0xe6, 0xef, 0xe5, 0xff, 0xe6, 0xef, 0xe5, 0xff, 0xe6, 0xef, 0xe5, 0xff, 0xe6, 0xef, 0xe5, 0xff, 0xe7, 0xf0, 0xe6, 0xff, 0xe7, 0xf0, 0xe6, 0xff, 0xe7, 0xf0, 0xe6, 0xff, 0xe6, 0xef, 0xe5, 0xff, 0xe6, 0xef, 0xe5, 0xff, 0xe6, 0xef, 0xe5, 0xff, 0xe7, 0xf0, 0xe6, 0xff, 0xe7, 0xf0, 0xe6, 0xff, 0xe7, 0xf0, 0xe6, 0xff, 0xe6, 0xef, 0xe5, 0xff, 0xe7, 0xf0, 0xe6, 0xff, 0xe6, 0xef, 0xe5, 0xff, 0xe6, 0xef, 0xe5, 0xff, 0xe6, 0xef, 0xe5, 0xff, 0xe7, 0xf0, 0xe6, 0xff, 0xe7, 0xf0, 0xe6, 0xff, 0xe7, 0xf0, 0xe6, 0xff, 0xe7, 0xf0, 0xe6, 0xff, 0xe7, 0xf0, 0xe6, 0xff, 0xe7, 0xf0, 0xe6, 0xff, 0xe7, 0xf0, 0xe6, 0xff, 0xe7, 0xf0, 0xe6, 0xff, 0xe7, 0xf0, 0xe6, 0xff, 0xe7, 0xf0, 0xe6, 0xff, 0xe7, 0xf0, 0xe6, 0xff, 0xe7, 0xef, 0xe7, 0xff, 0xe8, 0xed, 0xe8, 0xff, 0xe7, 0xed, 0xe8, 0xff, 0xe6, 0xee, 0xe6, 0xff, 0xe4, 0xef, 0xe5, 0xff, 0xe3, 0xf0, 0xe3, 0xff, 0xe3, 0xf0, 0xe3, 0xff, 0xe3, 0xf0, 0xe4, 0xff, 0xe5, 0xef, 0xe4, 0xff, 0xe7, 0xf0, 0xe6, 0xff, 0xe6, 0xed, 0xe5, 0xff, 0xe5, 0xee, 0xe4, 0xff, 0xe4, 0xf0, 0xe4, 0xff, 0xe3, 0xf4, 0xe4, 0xff, 0xe0, 0xf5, 0xe1, 0xff, 0xdc, 0xf5, 0xdc, 0xff, 0xd5, 0xf7, 0xd5, 0xff, 0xcb, 0xfa, 0xcc, 0xff, 0xc5, 0xfb, 0xc6, 0xff, 0xc2, 0xf9, 0xc4, 0xff, 0xc1, 0xfa, 0xc3, 0xff, 
  0xc6, 0xfb, 0xbe, 0xff, 0xc7, 0xfa, 0xc1, 0xff, 0xcc, 0xf8, 0xc9, 0xff, 0xd3, 0xf7, 0xd2, 0xff, 0xda, 0xf6, 0xdc, 0xff, 0xe0, 0xf5, 0xe3, 0xff, 0xe2, 0xf1, 0xe6, 0xff, 0xe4, 0xee, 0xe8, 0xff, 0xe7, 0xee, 0xe9, 0xff, 0xe8, 0xee, 0xe9, 0xff, 0xe9, 0xef, 0xe8, 0xff, 0xe8, 0xef, 0xe7, 0xff, 0xe7, 0xf0, 0xe6, 0xff, 0xe6, 0xef, 0xe5, 0xff, 0xe5, 0xef, 0xe5, 0xff, 0xe4, 0xee, 0xe4, 0xff, 0xe5, 0xef, 0xe5, 0xff, 0xe6, 0xef, 0xe5, 0xff, 0xe6, 0xef, 0xe5, 0xff, 0xe6, 0xef, 0xe5, 0xff, 0xe6, 0xef, 0xe5, 0xff, 0xe6, 0xef, 0xe5, 0xff, 0xe6, 0xef, 0xe5, 0xff, 0xe6, 0xef, 0xe5, 0xff, 0xe7, 0xf0, 0xe6, 0xff, 0xe7, 0xf0, 0xe6, 0xff, 0xe7, 0xf0, 0xe6, 0xff, 0xe7, 0xf0, 0xe6, 0xff, 0xe7, 0xf0, 0xe6, 0xff, 0xe7, 0xf0, 0xe6, 0xff, 0xe7, 0xf0, 0xe6, 0xff, 0xe7, 0xf0, 0xe6, 0xff, 0xe6, 0xef, 0xe5, 0xff, 0xe6, 0xef, 0xe5, 0xff, 0xe6, 0xef, 0xe5, 0xff, 0xe6, 0xef, 0xe5, 0xff, 0xe6, 0xef, 0xe5, 0xff, 0xe6, 0xef, 0xe5, 0xff, 0xe6, 0xef, 0xe5, 0xff, 0xe7, 0xf0, 0xe6, 0xff, 0xe7, 0xf0, 0xe6, 0xff, 0xe6, 0xef, 0xe5, 0xff, 0xe6, 0xef, 0xe5, 0xff, 0xe6, 0xef, 0xe5, 0xff, 0xe7, 0xf0, 0xe6, 0xff, 0xe7, 0xf0, 0xe6, 0xff, 0xe7, 0xf0, 0xe6, 0xff, 0xe6, 0xef, 0xe5, 0xff, 0xe7, 0xf0, 0xe6, 0xff, 0xe6, 0xef, 0xe5, 0xff, 0xe6, 0xef, 0xe5, 0xff, 0xe6, 0xef, 0xe5, 0xff, 0xe7, 0xf0, 0xe6, 0xff, 0xe7, 0xf0, 0xe6, 0xff, 0xe7, 0xf0, 0xe6, 0xff, 0xe7, 0xf0, 0xe6, 0xff, 0xe6, 0xef, 0xe5, 0xff, 0xe6, 0xef, 0xe5, 0xff, 0xe7, 0xf0, 0xe6, 0xff, 0xe7, 0xf0, 0xe6, 0xff, 0xe7, 0xf0, 0xe6, 0xff, 0xe7, 0xf0, 0xe6, 0xff, 0xe8, 0xf1, 0xe7, 0xff, 0xe9, 0xf0, 0xe8, 0xff, 0xe9, 0xec, 0xe9, 0xff, 0xe9, 0xec, 0xe9, 0xff, 0xe7, 0xee, 0xe7, 0xff, 0xe5, 0xef, 0xe5, 0xff, 0xe3, 0xf0, 0xe3, 0xff, 0xe2, 0xf1, 0xe3, 0xff, 0xe3, 0xf0, 0xe3, 0xff, 0xe4, 0xef, 0xe4, 0xff, 0xea, 0xf1, 0xe9, 0xff, 0xe9, 0xee, 0xe8, 0xff, 0xe8, 0xed, 0xe7, 0xff, 0xe7, 0xee, 0xe6, 0xff, 0xe5, 0xef, 0xe4, 0xff, 0xe3, 0xf2, 0xe3, 0xff, 0xdf, 0xf3, 0xe0, 0xff, 0xd9, 0xf6, 0xd9, 0xff, 0xce, 0xfa, 0xcf, 0xff, 0xc6, 0xfa, 0xc8, 0xff, 0xc2, 0xf8, 0xc4, 0xff, 0xc2, 0xf9, 0xc4, 0xff, 
  0xc9, 0xfb, 0xbd, 0xff, 0xcb, 0xfa, 0xc2, 0xff, 0xd1, 0xf9, 0xcc, 0xff, 0xd7, 0xf8, 0xd6, 0xff, 0xdd, 0xf5, 0xe0, 0xff, 0xe1, 0xf1, 0xe6, 0xff, 0xe5, 0xee, 0xeb, 0xff, 0xe7, 0xec, 0xeb, 0xff, 0xeb, 0xee, 0xed, 0xff, 0xea, 0xed, 0xea, 0xff, 0xea, 0xee, 0xe8, 0xff, 0xe9, 0xef, 0xe6, 0xff, 0xe8, 0xf0, 0xe6, 0xff, 0xe7, 0xf0, 0xe6, 0xff, 0xe6, 0xf0, 0xe6, 0xff, 0xe6, 0xf0, 0xe6, 0xff, 0xe5, 0xef, 0xe5, 0xff, 0xe6, 0xef, 0xe5, 0xff, 0xe6, 0xef, 0xe5, 0xff, 0xe6, 0xef, 0xe5, 0xff, 0xe6, 0xef, 0xe5, 0xff, 0xe6, 0xef, 0xe5, 0xff, 0xe6, 0xef, 0xe5, 0xff, 0xe6, 0xef, 0xe5, 0xff, 0xe7, 0xf0, 0xe6, 0xff, 0xe7, 0xf0, 0xe6, 0xff, 0xe7, 0xf0, 0xe6, 0xff, 0xe7, 0xf0, 0xe6, 0xff, 0xe7, 0xf0, 0xe6, 0xff, 0xe7, 0xf0, 0xe6, 0xff, 0xe7, 0xf0, 0xe6, 0xff, 0xe7, 0xf0, 0xe6, 0xff, 0xe7, 0xf0, 0xe6, 0xff, 0xe7, 0xf0, 0xe6, 0xff, 0xe6, 0xef, 0xe5, 0xff, 0xe6, 0xef, 0xe5, 0xff, 0xe6, 0xef, 0xe5, 0xff, 0xe6, 0xef, 0xe5, 0xff, 0xe7, 0xf0, 0xe6, 0xff, 0xe7, 0xf0, 0xe6, 0xff, 0xe7, 0xf0, 0xe6, 0xff, 0xe6, 0xef, 0xe5, 0xff, 0xe6, 0xef, 0xe5, 0xff, 0xe6, 0xef, 0xe5, 0xff, 0xe7, 0xf0, 0xe6, 0xff, 0xe7, 0xf0, 0xe6, 0xff, 0xe7, 0xf0, 0xe6, 0xff, 0xe7, 0xf0, 0xe6, 0xff, 0xe7, 0xf0, 0xe6, 0xff, 0xe6, 0xef, 0xe5, 0xff, 0xe6, 0xef, 0xe5, 0xff, 0xe6, 0xef, 0xe5, 0xff, 0xe7, 0xf0, 0xe6, 0xff, 0xe7, 0xf0, 0xe6, 0xff, 0xe7, 0xf0, 0xe6, 0xff, 0xe7, 0xf0, 0xe6, 0xff, 0xe6, 0xef, 0xe5, 0xff, 0xe6, 0xef, 0xe5, 0xff, 0xe7, 0xf0, 0xe6, 0xff, 0xe7, 0xf0, 0xe6, 0xff, 0xe7, 0xf0, 0xe6, 0xff, 0xe7, 0xf0, 0xe6, 0xff, 0xe8, 0xf1, 0xe7, 0xff, 0xe9, 0xf0, 0xe9, 0xff, 0xea, 0xec, 0xe9, 0xff, 0xea, 0xec, 0xea, 0xff, 0xe7, 0xed, 0xe7, 0xff, 0xe4, 0xef, 0xe5, 0xff, 0xe2, 0xf0, 0xe3, 0xff, 0xe1, 0xf1, 0xe3, 0xff, 0xe2, 0xf1, 0xe3, 0xff, 0xe4, 0xf0, 0xe4, 0xff, 0xe9, 0xf0, 0xe9, 0xff, 0xeb, 0xef, 0xea, 0xff, 0xeb, 0xed, 0xea, 0xff, 0xea, 0xee, 0xe9, 0xff, 0xe7, 0xee, 0xe6, 0xff, 0xe5, 0xef, 0xe4, 0xff, 0xe2, 0xf1, 0xe2, 0xff, 0xdc, 0xf5, 0xdd, 0xff, 0xd2, 0xfa, 0xd3, 0xff, 0xc7, 0xf9, 0xc9, 0xff, 0xc2, 0xf7, 0xc5, 0xff, 0xc3, 0xf8, 0xc5, 0xff, 
  0xcb, 0xf8, 0xc2, 0xff, 0xcf, 0xfa, 0xc8, 0xff, 0xd5, 0xf9, 0xd2, 0xff, 0xdb, 0xf7, 0xdb, 0xff, 0xde, 0xf2, 0xe1, 0xff, 0xe2, 0xef, 0xe7, 0xff, 0xe7, 0xed, 0xeb, 0xff, 0xea, 0xec, 0xec, 0xff, 0xec, 0xed, 0xec, 0xff, 0xeb, 0xed, 0xea, 0xff, 0xe9, 0xee, 0xe6, 0xff, 0xe8, 0xee, 0xe5, 0xff, 0xe8, 0xf0, 0xe6, 0xff, 0xe8, 0xf1, 0xe7, 0xff, 0xe9, 0xf3, 0xe9, 0xff, 0xea, 0xf4, 0xea, 0xff, 0xe6, 0xf0, 0xe7, 0xff, 0xe7, 0xf0, 0xe7, 0xff, 0xe7, 0xf0, 0xe7, 0xff, 0xe7, 0xf0, 0xe7, 0xff, 0xe7, 0xf0, 0xe7, 0xff, 0xe7, 0xf0, 0xe7, 0xff, 0xe7, 0xf0, 0xe7, 0xff, 0xe7, 0xf0, 0xe7, 0xff, 0xe7, 0xf0, 0xe7, 0xff, 0xe7, 0xf0, 0xe7, 0xff, 0xe7, 0xf0, 0xe7, 0xff, 0xe7, 0xf0, 0xe7, 0xff, 0xe7, 0xf0, 0xe7, 0xff, 0xe7, 0xf0, 0xe7, 0xff, 0xe7, 0xf0, 0xe7, 0xff, 0xe7, 0xf0, 0xe7, 0xff, 0xe8, 0xf1, 0xe8, 0xff, 0xe7, 0xf0, 0xe7, 0xff, 0xe7, 0xf0, 0xe7, 0xff, 0xe6, 0xef, 0xe6, 0xff, 0xe6, 0xef, 0xe6, 0xff, 0xe7, 0xf0, 0xe7, 0xff, 0xe7, 0xf0, 0xe7, 0xff, 0xe8, 0xf1, 0xe8, 0xff, 0xe7, 0xf0, 0xe7, 0xff, 0xe6, 0xef, 0xe6, 0xff, 0xe6, 0xef, 0xe6, 0xff, 0xe6, 0xef, 0xe6, 0xff, 0xe7, 0xf0, 0xe7, 0xff, 0xe7, 0xf0, 0xe7, 0xff, 0xe7, 0xf0, 0xe7, 0xff, 0xe7, 0xf0, 0xe7, 0xff, 0xe7, 0xf0, 0xe7, 0xff, 0xe6, 0xef, 0xe6, 0xff, 0xe6, 0xef, 0xe6, 0xff, 0xe6, 0xef, 0xe6, 0xff, 0xe7, 0xf0, 0xe7, 0xff, 0xe7, 0xf0, 0xe7, 0xff, 0xe7, 0xf0, 0xe7, 0xff, 0xe7, 0xf0, 0xe7, 0xff, 0xe6, 0xef, 0xe6, 0xff, 0xe6, 0xef, 0xe6, 0xff, 0xe7, 0xf0, 0xe7, 0xff, 0xe7, 0xf0, 0xe7, 0xff, 0xe7, 0xf0, 0xe7, 0xff, 0xe7, 0xf0, 0xe7, 0xff, 0xe8, 0xf1, 0xe8, 0xff, 0xe9, 0xf0, 0xe9, 0xff, 0xeb, 0xed, 0xea, 0xff, 0xeb, 0xed, 0xea, 0xff, 0xe8, 0xee, 0xe8, 0xff, 0xe6, 0xf0, 0xe7, 0xff, 0xe4, 0xf1, 0xe5, 0xff, 0xe3, 0xf1, 0xe5, 0xff, 0xe4, 0xf1, 0xe5, 0xff, 0xe5, 0xf0, 0xe6, 0xff, 0xe8, 0xef, 0xe8, 0xff, 0xea, 0xee, 0xe9, 0xff, 0xeb, 0xee, 0xeb, 0xff, 0xeb, 0xef, 0xea, 0xff, 0xe9, 0xee, 0xe8, 0xff, 0xe7, 0xef, 0xe7, 0xff, 0xe6, 0xf2, 0xe6, 0xff, 0xe1, 0xf5, 0xe2, 0xff, 0xd9, 0xfb, 0xda, 0xff, 0xcf, 0xf9, 0xcf, 0xff, 0xc8, 0xf9, 0xca, 0xff, 0xc7, 0xfb, 0xc9, 0xff, 
  0xcc, 0xf4, 0xcd, 0xff, 0xd4, 0xf9, 0xd5, 0xff, 0xda, 0xf8, 0xdb, 0xff, 0xde, 0xf4, 0xde, 0xff, 0xe4, 0xf3, 0xe4, 0xff, 0xe6, 0xf0, 0xe6, 0xff, 0xe8, 0xed, 0xe7, 0xff, 0xec, 0xee, 0xea, 0xff, 0xec, 0xed, 0xe9, 0xff, 0xea, 0xed, 0xe7, 0xff, 0xe8, 0xed, 0xe5, 0xff, 0xe6, 0xee, 0xe4, 0xff, 0xe6, 0xef, 0xe5, 0xff, 0xe7, 0xf0, 0xe6, 0xff, 0xe8, 0xf2, 0xe8, 0xff, 0xe9, 0xf3, 0xea, 0xff, 0xe6, 0xef, 0xe7, 0xff, 0xe7, 0xef, 0xe7, 0xff, 0xe7, 0xef, 0xe7, 0xff, 0xe7, 0xef, 0xe7, 0xff, 0xe7, 0xef, 0xe7, 0xff, 0xe7, 0xef, 0xe7, 0xff, 0xe7, 0xef, 0xe7, 0xff, 0xe7, 0xef, 0xe7, 0xff, 0xe7, 0xef, 0xe7, 0xff, 0xe7, 0xef, 0xe7, 0xff, 0xe7, 0xef, 0xe7, 0xff, 0xe7, 0xef, 0xe7, 0xff, 0xe7, 0xef, 0xe7, 0xff, 0xe7, 0xef, 0xe7, 0xff, 0xe7, 0xef, 0xe7, 0xff, 0xe7, 0xef, 0xe7, 0xff, 0xe8, 0xf0, 0xe8, 0xff, 0xe8, 0xf0, 0xe8, 0xff, 0xe8, 0xf0, 0xe8, 0xff, 0xe8, 0xf0, 0xe8, 0xff, 0xe8, 0xf0, 0xe8, 0xff, 0xe8, 0xf0, 0xe8, 0xff, 0xe8, 0xf0, 0xe8, 0xff, 0xe8, 0xf0, 0xe8, 0xff, 0xe8, 0xf0, 0xe8, 0xff, 0xe8, 0xf0, 0xe8, 0xff, 0xe8, 0xf0, 0xe8, 0xff, 0xe8, 0xf0, 0xe8, 0xff, 0xe7, 0xef, 0xe7, 0xff, 0xe7, 0xef, 0xe7, 0xff, 0xe6, 0xee, 0xe6, 0xff, 0xe6, 0xee, 0xe6, 0xff, 0xe7, 0xef, 0xe7, 0xff, 0xe7, 0xef, 0xe7, 0xff, 0xe7, 0xef, 0xe7, 0xff, 0xe7, 0xef, 0xe7, 0xff, 0xe7, 0xef, 0xe7, 0xff, 0xe7, 0xef, 0xe7, 0xff, 0xe7, 0xef, 0xe7, 0xff, 0xe7, 0xef, 0xe7, 0xff, 0xe7, 0xef, 0xe7, 0xff, 0xe6, 0xee, 0xe6, 0xff, 0xe5, 0xed, 0xe5, 0xff, 0xe5, 0xed, 0xe5, 0xff, 0xe6, 0xee, 0xe6, 0xff, 0xe7, 0xef, 0xe7, 0xff, 0xe9, 0xf1, 0xe9, 0xff, 0xea, 0xf2, 0xeb, 0xff, 0xe8, 0xee, 0xe8, 0xff, 0xe8, 0xee, 0xe8, 0xff, 0xe7, 0xef, 0xe8, 0xff, 0xe6, 0xef, 0xe7, 0xff, 0xe6, 0xf0, 0xe7, 0xff, 0xe5, 0xf0, 0xe7, 0xff, 0xe6, 0xf0, 0xe7, 0xff, 0xe6, 0xf0, 0xe7, 0xff, 0xe7, 0xef, 0xe8, 0xff, 0xe8, 0xef, 0xe8, 0xff, 0xe8, 0xef, 0xe8, 0xff, 0xe8, 0xef, 0xe8, 0xff, 0xe8, 0xf0, 0xe9, 0xff, 0xe8, 0xf0, 0xe8, 0xff, 0xe7, 0xf1, 0xe8, 0xff, 0xe5, 0xf3, 0xe5, 0xff, 0xe2, 0xf7, 0xe0, 0xff, 0xd8, 0xf7, 0xd7, 0xff, 0xd0, 0xfa, 0xd0, 0xff, 0xc5, 0xf6, 0xc7, 0xff, 
  0xcf, 0xf2, 0xd4, 0xff, 0xd7, 0xf7, 0xdb, 0xff, 0xdd, 0xf6, 0xdf, 0xff, 0xe0, 0xf3, 0xe0, 0xff, 0xe6, 0xf2, 0xe5, 0xff, 0xe9, 0xf1, 0xe7, 0xff, 0xe9, 0xee, 0xe6, 0xff, 0xec, 0xef, 0xe9, 0xff, 0xec, 0xef, 0xe8, 0xff, 0xea, 0xef, 0xe7, 0xff, 0xe9, 0xef, 0xe7, 0xff, 0xe7, 0xef, 0xe5, 0xff, 0xe6, 0xef, 0xe5, 0xff, 0xe6, 0xef, 0xe5, 0xff, 0xe7, 0xf0, 0xe7, 0xff, 0xe7, 0xf0, 0xe7, 0xff, 0xe6, 0xee, 0xe6, 0xff, 0xe6, 0xee, 0xe7, 0xff, 0xe6, 0xee, 0xe7, 0xff, 0xe7, 0xef, 0xe8, 0xff, 0xe7, 0xef, 0xe8, 0xff, 0xe8, 0xf0, 0xe9, 0xff, 0xe8, 0xf0, 0xe9, 0xff, 0xe8, 0xf0, 0xe9, 0xff, 0xe7, 0xef, 0xe8, 0xff, 0xe7, 0xef, 0xe8, 0xff, 0xe7, 0xef, 0xe8, 0xff, 0xe7, 0xef, 0xe8, 0xff, 0xe7, 0xef, 0xe8, 0xff, 0xe7, 0xef, 0xe8, 0xff, 0xe7, 0xef, 0xe8, 0xff, 0xe7, 0xef, 0xe8, 0xff, 0xe7, 0xef, 0xe8, 0xff, 0xe7, 0xef, 0xe8, 0xff, 0xe7, 0xef, 0xe8, 0xff, 0xe7, 0xef, 0xe8, 0xff, 0xe7, 0xef, 0xe8, 0xff, 0xe7, 0xef, 0xe8, 0xff, 0xe7, 0xef, 0xe8, 0xff, 0xe7, 0xef, 0xe8, 0xff, 0xe7, 0xef, 0xe8, 0xff, 0xe7, 0xef, 0xe8, 0xff, 0xe8, 0xf0, 0xe9, 0xff, 0xe8, 0xf0, 0xe9, 0xff, 0xe7, 0xef, 0xe8, 0xff, 0xe7, 0xef, 0xe8, 0xff, 0xe6, 0xee, 0xe7, 0xff, 0xe6, 0xee, 0xe7, 0xff, 0xe7, 0xef, 0xe8, 0xff, 0xe7, 0xef, 0xe8, 0xff, 0xe7, 0xef, 0xe8, 0xff, 0xe7, 0xef, 0xe8, 0xff, 0xe7, 0xef, 0xe8, 0xff, 0xe7, 0xef, 0xe8, 0xff, 0xe7, 0xef, 0xe8, 0xff, 0xe7, 0xef, 0xe8, 0xff, 0xe8, 0xf0, 0xe9, 0xff, 0xe7, 0xef, 0xe8, 0xff, 0xe7, 0xef, 0xe8, 0xff, 0xe6, 0xee, 0xe7, 0xff, 0xe6, 0xee, 0xe7, 0xff, 0xe6, 0xee, 0xe7, 0xff, 0xe7, 0xef, 0xe8, 0xff, 0xe7, 0xef, 0xe8, 0xff, 0xe6, 0xee, 0xe7, 0xff, 0xe6, 0xee, 0xe7, 0xff, 0xe6, 0xee, 0xe7, 0xff, 0xe7, 0xef, 0xe8, 0xff, 0xe7, 0xef, 0xe8, 0xff, 0xe8, 0xf0, 0xe9, 0xff, 0xe8, 0xf0, 0xe9, 0xff, 0xe8, 0xf0, 0xe9, 0xff, 0xe6, 0xee, 0xe7, 0xff, 0xe6, 0xee, 0xe7, 0xff, 0xe6, 0xee, 0xe7, 0xff, 0xe6, 0xee, 0xe7, 0xff, 0xe7, 0xef, 0xe8, 0xff, 0xe7, 0xef, 0xe8, 0xff, 0xe7, 0xef, 0xe8, 0xff, 0xe6, 0xf0, 0xe6, 0xff, 0xe7, 0xf4, 0xe4, 0xff, 0xdd, 0xf4, 0xdb, 0xff, 0xd3, 0xfa, 0xd4, 0xff, 0xc6, 0xf4, 0xc8, 0xff, 
  0xd4, 0xf2, 0xd8, 0xff, 0xdb, 0xf6, 0xde, 0xff, 0xdf, 0xf4, 0xe0, 0xff, 0xe1, 0xf2, 0xe2, 0xff, 0xe7, 0xf2, 0xe6, 0xff, 0xea, 0xf0, 0xe7, 0xff, 0xea, 0xef, 0xe7, 0xff, 0xec, 0xf1, 0xe9, 0xff, 0xea, 0xef, 0xe7, 0xff, 0xea, 0xf0, 0xe8, 0xff, 0xe9, 0xf1, 0xe7, 0xff, 0xe8, 0xf1, 0xe7, 0xff, 0xe7, 0xf0, 0xe6, 0xff, 0xe6, 0xef, 0xe6, 0xff, 0xe6, 0xee, 0xe6, 0xff, 0xe5, 0xed, 0xe5, 0xff, 0xe6, 0xee, 0xe7, 0xff, 0xe6, 0xee, 0xe7, 0xff, 0xe6, 0xee, 0xe7, 0xff, 0xe7, 0xef, 0xe8, 0xff, 0xe7, 0xef, 0xe8, 0xff, 0xe8, 0xf0, 0xe9, 0xff, 0xe8, 0xf0, 0xe9, 0xff, 0xe8, 0xf0, 0xe9, 0xff, 0xe7, 0xef, 0xe8, 0xff, 0xe7, 0xef, 0xe8, 0xff, 0xe7, 0xef, 0xe8, 0xff, 0xe7, 0xef, 0xe8, 0xff, 0xe7, 0xef, 0xe8, 0xff, 0xe7, 0xef, 0xe8, 0xff, 0xe7, 0xef, 0xe8, 0xff, 0xe7, 0xef, 0xe8, 0xff, 0xe7, 0xef, 0xe8, 0xff, 0xe7, 0xef, 0xe8, 0xff, 0xe7, 0xef, 0xe8, 0xff, 0xe7, 0xef, 0xe8, 0xff, 0xe7, 0xef, 0xe8, 0xff, 0xe7, 0xef, 0xe8, 0xff, 0xe7, 0xef, 0xe8, 0xff, 0xe7, 0xef, 0xe8, 0xff, 0xe7, 0xef, 0xe8, 0xff, 0xe7, 0xef, 0xe8, 0xff, 0xe7, 0xef, 0xe8, 0xff, 0xe8, 0xf0, 0xe9, 0xff, 0xe7, 0xef, 0xe8, 0xff, 0xe7, 0xef, 0xe8, 0xff, 0xe7, 0xef, 0xe8, 0xff, 0xe7, 0xef, 0xe8, 0xff, 0xe7, 0xef, 0xe8, 0xff, 0xe7, 0xef, 0xe8, 0xff, 0xe7, 0xef, 0xe8, 0xff, 0xe7, 0xef, 0xe8, 0xff, 0xe7, 0xef, 0xe8, 0xff, 0xe7, 0xef, 0xe8, 0xff, 0xe7, 0xef, 0xe8, 0xff, 0xe7, 0xef, 0xe8, 0xff, 0xe7, 0xef, 0xe8, 0xff, 0xe8, 0xf0, 0xe9, 0xff, 0xe8, 0xf0, 0xe9, 0xff, 0xe8, 0xf0, 0xe9, 0xff, 0xe7, 0xef, 0xe8, 0xff, 0xe6, 0xee, 0xe7, 0xff, 0xe6, 0xee, 0xe7, 0xff, 0xe5, 0xed, 0xe6, 0xff, 0xe6, 0xee, 0xe7, 0xff, 0xe6, 0xee, 0xe7, 0xff, 0xe6, 0xee, 0xe7, 0xff, 0xe7, 0xef, 0xe8, 0xff, 0xe7, 0xef, 0xe8, 0xff, 0xe8, 0xf0, 0xe9, 0xff, 0xe8, 0xf0, 0xe9, 0xff, 0xe8, 0xf0, 0xe9, 0xff, 0xe6, 0xee, 0xe7, 0xff, 0xe6, 0xee, 0xe7, 0xff, 0xe6, 0xee, 0xe7, 0xff, 0xe6, 0xee, 0xe7, 0xff, 0xe7, 0xef, 0xe8, 0xff, 0xe7, 0xef, 0xe8, 0xff, 0xe7, 0xef, 0xe8, 0xff, 0xe6, 0xf0, 0xe6, 0xff, 0xe7, 0xf2, 0xe5, 0xff, 0xe0, 0xf4, 0xde, 0xff, 0xd5, 0xf8, 0xd6, 0xff, 0xc9, 0xf4, 0xcb, 0xff, 
  0xd9, 0xf2, 0xdd, 0xff, 0xdf, 0xf6, 0xe1, 0xff, 0xe2, 0xf4, 0xe3, 0xff, 0xe3, 0xf1, 0xe3, 0xff, 0xe8, 0xf1, 0xe7, 0xff, 0xeb, 0xf1, 0xe9, 0xff, 0xea, 0xf0, 0xe9, 0xff, 0xeb, 0xf1, 0xe9, 0xff, 0xe8, 0xef, 0xe7, 0xff, 0xe7, 0xf0, 0xe6, 0xff, 0xe7, 0xf0, 0xe6, 0xff, 0xe7, 0xf1, 0xe7, 0xff, 0xe7, 0xf1, 0xe7, 0xff, 0xe8, 0xf0, 0xe8, 0xff, 0xe8, 0xf0, 0xe9, 0xff, 0xe8, 0xf0, 0xe9, 0xff, 0xe6, 0xee, 0xe7, 0xff, 0xe6, 0xee, 0xe7, 0xff, 0xe7, 0xef, 0xe8, 0xff, 0xe7, 0xef, 0xe8, 0xff, 0xe7, 0xef, 0xe8, 0xff, 0xe7, 0xef, 0xe8, 0xff, 0xe8, 0xf0, 0xe9, 0xff, 0xe8, 0xf0, 0xe9, 0xff, 0xe7, 0xef, 0xe8, 0xff, 0xe7, 0xef, 0xe8, 0xff, 0xe7, 0xef, 0xe8, 0xff, 0xe7, 0xef, 0xe8, 0xff, 0xe7, 0xef, 0xe8, 0xff, 0xe7, 0xef, 0xe8, 0xff, 0xe7, 0xef, 0xe8, 0xff, 0xe7, 0xef, 0xe8, 0xff, 0xe8, 0xf0, 0xe9, 0xff, 0xe8, 0xf0, 0xe9, 0xff, 0xe8, 0xf0, 0xe9, 0xff, 0xe8, 0xf0, 0xe9, 0xff, 0xe8, 0xf0, 0xe9, 0xff, 0xe8, 0xf0, 0xe9, 0xff, 0xe8, 0xf0, 0xe9, 0xff, 0xe8, 0xf0, 0xe9, 0xff, 0xe7, 0xef, 0xe8, 0xff, 0xe7, 0xef, 0xe8, 0xff, 0xe7, 0xef, 0xe8, 0xff, 0xe8, 0xf0, 0xe9, 0xff, 0xe8, 0xf0, 0xe9, 0xff, 0xe8, 0xf0, 0xe9, 0xff, 0xe7, 0xef, 0xe8, 0xff, 0xe7, 0xef, 0xe8, 0xff, 0xe7, 0xef, 0xe8, 0xff, 0xe7, 0xef, 0xe8, 0xff, 0xe7, 0xef, 0xe8, 0xff, 0xe7, 0xef, 0xe8, 0xff, 0xe7, 0xef, 0xe8, 0xff, 0xe7, 0xef, 0xe8, 0xff, 0xe7, 0xef, 0xe8, 0xff, 0xe7, 0xef, 0xe8, 0xff, 0xe7, 0xef, 0xe8, 0xff, 0xe7, 0xef, 0xe8, 0xff, 0xe7, 0xef, 0xe8, 0xff, 0xe8, 0xf0, 0xe9, 0xff, 0xe8, 0xf0, 0xe9, 0xff, 0xe8, 0xf0, 0xe9, 0xff, 0xe8, 0xf0, 0xe9, 0xff, 0xe8, 0xf0, 0xe9, 0xff, 0xe6, 0xee, 0xe7, 0xff, 0xe6, 0xee, 0xe7, 0xff, 0xe7, 0xef, 0xe8, 0xff, 0xe7, 0xef, 0xe8, 0xff, 0xe7, 0xef, 0xe8, 0xff, 0xe7, 0xef, 0xe8, 0xff, 0xe8, 0xf0, 0xe9, 0xff, 0xe8, 0xf0, 0xe9, 0xff, 0xe7, 0xef, 0xe8, 0xff, 0xe7, 0xef, 0xe8, 0xff, 0xe7, 0xef, 0xe8, 0xff, 0xe7, 0xef, 0xe8, 0xff, 0xe8, 0xf0, 0xe9, 0xff, 0xe8, 0xf0, 0xe9, 0xff, 0xe8, 0xf0, 0xe9, 0xff, 0xe8, 0xf0, 0xe8, 0xff, 0xe9, 0xf1, 0xe6, 0xff, 0xe2, 0xf2, 0xe0, 0xff, 0xd8, 0xf8, 0xd9, 0xff, 0xcc, 0xf3, 0xcf, 0xff, 
  0xde, 0xf1, 0xe1, 0xff, 0xe3, 0xf4, 0xe6, 0xff, 0xe4, 0xf2, 0xe6, 0xff, 0xe4, 0xef, 0xe5, 0xff, 0xe8, 0xf0, 0xe9, 0xff, 0xea, 0xf0, 0xea, 0xff, 0xea, 0xf0, 0xe9, 0xff, 0xea, 0xf1, 0xe9, 0xff, 0xe8, 0xf0, 0xe8, 0xff, 0xe8, 0xf1, 0xe7, 0xff, 0xe7, 0xf1, 0xe7, 0xff, 0xe7, 0xf1, 0xe7, 0xff, 0xe7, 0xf1, 0xe8, 0xff, 0xe9, 0xf1, 0xea, 0xff, 0xea, 0xf1, 0xea, 0xff, 0xeb, 0xf2, 0xec, 0xff, 0xe7, 0xef, 0xe8, 0xff, 0xe7, 0xef, 0xe8, 0xff, 0xe7, 0xef, 0xe8, 0xff, 0xe7, 0xef, 0xe8, 0xff, 0xe7, 0xef, 0xe8, 0xff, 0xe7, 0xef, 0xe8, 0xff, 0xe7, 0xef, 0xe8, 0xff, 0xe7, 0xef, 0xe8, 0xff, 0xe7, 0xef, 0xe8, 0xff, 0xe7, 0xef, 0xe8, 0xff, 0xe7, 0xef, 0xe8, 0xff, 0xe7, 0xef, 0xe8, 0xff, 0xe7, 0xef, 0xe8, 0xff, 0xe7, 0xef, 0xe8, 0xff, 0xe7, 0xef, 0xe8, 0xff, 0xe7, 0xef, 0xe8, 0xff, 0xe8, 0xf0, 0xe9, 0xff, 0xe8, 0xf0, 0xe9, 0xff, 0xe8, 0xf0, 0xe9, 0xff, 0xe8, 0xf0, 0xe9, 0xff, 0xe8, 0xf0, 0xe9, 0xff, 0xe8, 0xf0, 0xe9, 0xff, 0xe8, 0xf0, 0xe9, 0xff, 0xe8, 0xf0, 0xe9, 0xff, 0xe7, 0xef, 0xe8, 0xff, 0xe7, 0xef, 0xe8, 0xff, 0xe7, 0xef, 0xe8, 0xff, 0xe8, 0xf0, 0xe9, 0xff, 0xe8, 0xf0, 0xe9, 0xff, 0xe8, 0xf0, 0xe9, 0xff, 0xe8, 0xf0, 0xe9, 0xff, 0xe7, 0xef, 0xe8, 0xff, 0xe7, 0xef, 0xe8, 0xff, 0xe7, 0xef, 0xe8, 0xff, 0xe7, 0xef, 0xe8, 0xff, 0xe7, 0xef, 0xe8, 0xff, 0xe7, 0xef, 0xe8, 0xff, 0xe7, 0xef, 0xe8, 0xff, 0xe7, 0xef, 0xe8, 0xff, 0xe7, 0xef, 0xe8, 0xff, 0xe8, 0xf0, 0xe9, 0xff, 0xe8, 0xf0, 0xe9, 0xff, 0xe8, 0xf0, 0xe9, 0xff, 0xe8, 0xf0, 0xe9, 0xff, 0xe8, 0xf0, 0xe9, 0xff, 0xe9, 0xf1, 0xea, 0xff, 0xe9, 0xf1, 0xea, 0xff, 0xea, 0xf2, 0xeb, 0xff, 0xe7, 0xef, 0xe8, 0xff, 0xe7, 0xef, 0xe8, 0xff, 0xe7, 0xef, 0xe8, 0xff, 0xe7, 0xef, 0xe8, 0xff, 0xe7, 0xef, 0xe8, 0xff, 0xe7, 0xef, 0xe8, 0xff, 0xe7, 0xef, 0xe8, 0xff, 0xe7, 0xef, 0xe8, 0xff, 0xe7, 0xef, 0xe8, 0xff, 0xe7, 0xef, 0xe8, 0xff, 0xe7, 0xef, 0xe8, 0xff, 0xe7, 0xef, 0xe8, 0xff, 0xe8, 0xf0, 0xe9, 0xff, 0xe8, 0xf0, 0xe9, 0xff, 0xe8, 0xf0, 0xe9, 0xff, 0xe9, 0xf0, 0xe8, 0xff, 0xeb, 0xf0, 0xe8, 0xff, 0xe5, 0xf1, 0xe2, 0xff, 0xdc, 0xf7, 0xdc, 0xff, 0xd0, 0xf3, 0xd2, 0xff, 
  0xe1, 0xef, 0xe4, 0xff, 0xe5, 0xf2, 0xe8, 0xff, 0xe5, 0xf0, 0xe7, 0xff, 0xe5, 0xee, 0xe7, 0xff, 0xe9, 0xef, 0xea, 0xff, 0xeb, 0xf0, 0xeb, 0xff, 0xe9, 0xef, 0xe9, 0xff, 0xea, 0xf1, 0xea, 0xff, 0xe9, 0xf2, 0xe9, 0xff, 0xe8, 0xf2, 0xe8, 0xff, 0xe6, 0xf2, 0xe6, 0xff, 0xe6, 0xf2, 0xe7, 0xff, 0xe7, 0xf1, 0xe8, 0xff, 0xe8, 0xf0, 0xe9, 0xff, 0xe9, 0xef, 0xea, 0xff, 0xea, 0xf0, 0xeb, 0xff, 0xe8, 0xf0, 0xe9, 0xff, 0xe8, 0xf0, 0xe9, 0xff, 0xe7, 0xef, 0xe8, 0xff, 0xe7, 0xef, 0xe8, 0xff, 0xe7, 0xef, 0xe8, 0xff, 0xe7, 0xef, 0xe8, 0xff, 0xe6, 0xee, 0xe7, 0xff, 0xe6, 0xee, 0xe7, 0xff, 0xe7, 0xef, 0xe8, 0xff, 0xe7, 0xef, 0xe8, 0xff, 0xe7, 0xef, 0xe8, 0xff, 0xe7, 0xef, 0xe8, 0xff, 0xe7, 0xef, 0xe8, 0xff, 0xe7, 0xef, 0xe8, 0xff, 0xe7, 0xef, 0xe8, 0xff, 0xe7, 0xef, 0xe8, 0xff, 0xe7, 0xef, 0xe8, 0xff, 0xe7, 0xef, 0xe8, 0xff, 0xe7, 0xef, 0xe8, 0xff, 0xe7, 0xef, 0xe8, 0xff, 0xe7, 0xef, 0xe8, 0xff, 0xe7, 0xef, 0xe8, 0xff, 0xe7, 0xef, 0xe8, 0xff, 0xe7, 0xef, 0xe8, 0xff, 0xe7, 0xef, 0xe8, 0xff, 0xe8, 0xf0, 0xe9, 0xff, 0xe8, 0xf0, 0xe9, 0xff, 0xe8, 0xf0, 0xe9, 0xff, 0xe8, 0xf0, 0xe9, 0xff, 0xe8, 0xf0, 0xe9, 0xff, 0xe7, 0xef, 0xe8, 0xff, 0xe7, 0xef, 0xe8, 0xff, 0xe7, 0xef, 0xe8, 0xff, 0xe7, 0xef, 0xe8, 0xff, 0xe7, 0xef, 0xe8, 0xff, 0xe7, 0xef, 0xe8, 0xff, 0xe7, 0xef, 0xe8, 0xff, 0xe7, 0xef, 0xe8, 0xff, 0xe7, 0xef, 0xe8, 0xff, 0xe7, 0xef, 0xe8, 0xff, 0xe9, 0xf1, 0xea, 0xff, 0xe9, 0xf1, 0xea, 0xff, 0xe8, 0xf0, 0xe9, 0xff, 0xe8, 0xf0, 0xe9, 0xff, 0xe8, 0xf0, 0xe9, 0xff, 0xe8, 0xf0, 0xe9, 0xff, 0xe8, 0xf0, 0xe9, 0xff, 0xe9, 0xf1, 0xea, 0xff, 0xe8, 0xf0, 0xe9, 0xff, 0xe8, 0xf0, 0xe9, 0xff, 0xe7, 0xef, 0xe8, 0xff, 0xe7, 0xef, 0xe8, 0xff, 0xe7, 0xef, 0xe8, 0xff, 0xe7, 0xef, 0xe8, 0xff, 0xe6, 0xee, 0xe7, 0xff, 0xe6, 0xee, 0xe7, 0xff, 0xe6, 0xee, 0xe7, 0xff, 0xe6, 0xee, 0xe7, 0xff, 0xe6, 0xee, 0xe7, 0xff, 0xe6, 0xee, 0xe7, 0xff, 0xe7, 0xef, 0xe8, 0xff, 0xe7, 0xef, 0xe8, 0xff, 0xe7, 0xef, 0xe8, 0xff, 0xe8, 0xef, 0xe8, 0xff, 0xec, 0xef, 0xe9, 0xff, 0xe8, 0xf0, 0xe5, 0xff, 0xdf, 0xf7, 0xdf, 0xff, 0xd3, 0xf2, 0xd4, 0xff, 
  0xe3, 0xed, 0xe6, 0xff, 0xe8, 0xf1, 0xea, 0xff, 0xe7, 0xee, 0xe9, 0xff, 0xe7, 0xed, 0xe9, 0xff, 0xeb, 0xef, 0xec, 0xff, 0xeb, 0xf0, 0xec, 0xff, 0xe9, 0xee, 0xe9, 0xff, 0xe9, 0xf0, 0xe9, 0xff, 0xe7, 0xf1, 0xe8, 0xff, 0xe6, 0xf1, 0xe7, 0xff, 0xe5, 0xf2, 0xe6, 0xff, 0xe5, 0xf2, 0xe7, 0xff, 0xe7, 0xf1, 0xe8, 0xff, 0xe7, 0xef, 0xe8, 0xff, 0xe9, 0xee, 0xea, 0xff, 0xe8, 0xed, 0xe9, 0xff, 0xe7, 0xef, 0xe8, 0xff, 0xe7, 0xef, 0xe8, 0xff, 0xe7, 0xef, 0xe8, 0xff, 0xe7, 0xef, 0xe8, 0xff, 0xe7, 0xef, 0xe8, 0xff, 0xe7, 0xef, 0xe8, 0xff, 0xe7, 0xef, 0xe8, 0xff, 0xe7, 0xef, 0xe8, 0xff, 0xe7, 0xef, 0xe8, 0xff, 0xe7, 0xef, 0xe8, 0xff, 0xe7, 0xef, 0xe8, 0xff, 0xe7, 0xef, 0xe8, 0xff, 0xe7, 0xef, 0xe8, 0xff, 0xe7, 0xef, 0xe8, 0xff, 0xe7, 0xef, 0xe8, 0xff, 0xe7, 0xef, 0xe8, 0xff, 0xe7, 0xef, 0xe8, 0xff, 0xe7, 0xef, 0xe8, 0xff, 0xe7, 0xef, 0xe8, 0xff, 0xe7, 0xef, 0xe8, 0xff, 0xe7, 0xef, 0xe8, 0xff, 0xe7, 0xef, 0xe8, 0xff, 0xe7, 0xef, 0xe8, 0xff, 0xe7, 0xef, 0xe8, 0xff, 0xe8, 0xf0, 0xe9, 0xff, 0xe8, 0xf0, 0xe9, 0xff, 0xe8, 0xf0, 0xe9, 0xff, 0xe8, 0xf0, 0xe9, 0xff, 0xe8, 0xf0, 0xe9, 0xff, 0xe7, 0xef, 0xe8, 0xff, 0xe7, 0xef, 0xe8, 0xff, 0xe7, 0xef, 0xe8, 0xff, 0xe7, 0xef, 0xe8, 0xff, 0xe7, 0xef, 0xe8, 0xff, 0xe7, 0xef, 0xe8, 0xff, 0xe7, 0xef, 0xe8, 0xff, 0xe7, 0xef, 0xe8, 0xff, 0xe7, 0xef, 0xe8, 0xff, 0xe7, 0xef, 0xe8, 0xff, 0xe7, 0xef, 0xe8, 0xff, 0xe8, 0xf0, 0xe9, 0xff, 0xe8, 0xf0, 0xe9, 0xff, 0xe8, 0xf0, 0xe9, 0xff, 0xe8, 0xf0, 0xe9, 0xff, 0xe8, 0xf0, 0xe9, 0xff, 0xe7, 0xef, 0xe8, 0xff, 0xe7, 0xef, 0xe8, 0xff, 0xe6, 0xee, 0xe7, 0xff, 0xe7, 0xef, 0xe8, 0xff, 0xe7, 0xef, 0xe8, 0xff, 0xe7, 0xef, 0xe8, 0xff, 0xe7, 0xef, 0xe8, 0xff, 0xe7, 0xef, 0xe8, 0xff, 0xe7, 0xef, 0xe8, 0xff, 0xe7, 0xef, 0xe8, 0xff, 0xe7, 0xef, 0xe8, 0xff, 0xe6, 0xee, 0xe7, 0xff, 0xe6, 0xee, 0xe7, 0xff, 0xe6, 0xee, 0xe7, 0xff, 0xe6, 0xee, 0xe7, 0xff, 0xe7, 0xef, 0xe8, 0xff, 0xe7, 0xef, 0xe8, 0xff, 0xe7, 0xef, 0xe8, 0xff, 0xe8, 0xee, 0xe8, 0xff, 0xed, 0xee, 0xeb, 0xff, 0xe9, 0xef, 0xe7, 0xff, 0xe2, 0xf7, 0xe2, 0xff, 0xd5, 0xf1, 0xd6, 0xff, 
  0xe5, 0xed, 0xe7, 0xff, 0xe9, 0xf0, 0xeb, 0xff, 0xe8, 0xee, 0xea, 0xff, 0xe8, 0xec, 0xe9, 0xff, 0xec, 0xef, 0xec, 0xff, 0xec, 0xef, 0xec, 0xff, 0xe9, 0xee, 0xe9, 0xff, 0xe7, 0xef, 0xe8, 0xff, 0xe5, 0xef, 0xe6, 0xff, 0xe4, 0xf0, 0xe6, 0xff, 0xe5, 0xf2, 0xe7, 0xff, 0xe5, 0xf2, 0xe7, 0xff, 0xe7, 0xf1, 0xe8, 0xff, 0xe7, 0xef, 0xe8, 0xff, 0xe8, 0xed, 0xe9, 0xff, 0xe7, 0xeb, 0xe8, 0xff, 0xe8, 0xef, 0xe8, 0xff, 0xe7, 0xef, 0xe8, 0xff, 0xe7, 0xef, 0xe8, 0xff, 0xe7, 0xef, 0xe8, 0xff, 0xe7, 0xef, 0xe8, 0xff, 0xe7, 0xef, 0xe8, 0xff, 0xe7, 0xef, 0xe8, 0xff, 0xe7, 0xef, 0xe8, 0xff, 0xe7, 0xef, 0xe8, 0xff, 0xe7, 0xef, 0xe8, 0xff, 0xe7, 0xef, 0xe8, 0xff, 0xe7, 0xef, 0xe8, 0xff, 0xe7, 0xef, 0xe8, 0xff, 0xe7, 0xef, 0xe8, 0xff, 0xe7, 0xef, 0xe8, 0xff, 0xe7, 0xef, 0xe8, 0xff, 0xe8, 0xf0, 0xe9, 0xff, 0xe8, 0xf0, 0xe9, 0xff, 0xe8, 0xf0, 0xe9, 0xff, 0xe8, 0xf0, 0xe9, 0xff, 0xe8, 0xf0, 0xe9, 0xff, 0xe8, 0xf0, 0xe9, 0xff, 0xe8, 0xf0, 0xe9, 0xff, 0xe8, 0xf0, 0xe9, 0xff, 0xe8, 0xf0, 0xe9, 0xff, 0xe8, 0xf0, 0xe9, 0xff, 0xe8, 0xf0, 0xe9, 0xff, 0xe8, 0xf0, 0xe9, 0xff, 0xe8, 0xf0, 0xe9, 0xff, 0xe7, 0xef, 0xe8, 0xff, 0xe7, 0xef, 0xe8, 0xff, 0xe6, 0xee, 0xe7, 0xff, 0xe7, 0xef, 0xe8, 0xff, 0xe7, 0xef, 0xe8, 0xff, 0xe7, 0xef, 0xe8, 0xff, 0xe7, 0xef, 0xe8, 0xff, 0xe7, 0xef, 0xe8, 0xff, 0xe7, 0xef, 0xe8, 0xff, 0xe7, 0xef, 0xe8, 0xff, 0xe7, 0xef, 0xe8, 0xff, 0xe6, 0xee, 0xe7, 0xff, 0xe7, 0xef, 0xe8, 0xff, 0xe8, 0xf0, 0xe9, 0xff, 0xe8, 0xf0, 0xe9, 0xff, 0xe8, 0xf0, 0xe9, 0xff, 0xe7, 0xef, 0xe8, 0xff, 0xe6, 0xee, 0xe7, 0xff, 0xe5, 0xed, 0xe6, 0xff, 0xe7, 0xef, 0xe8, 0xff, 0xe7, 0xef, 0xe8, 0xff, 0xe7, 0xef, 0xe8, 0xff, 0xe7, 0xef, 0xe8, 0xff, 0xe7, 0xef, 0xe8, 0xff, 0xe7, 0xef, 0xe8, 0xff, 0xe7, 0xef, 0xe8, 0xff, 0xe7, 0xef, 0xe8, 0xff, 0xe7, 0xef, 0xe8, 0xff, 0xe7, 0xef, 0xe8, 0xff, 0xe7, 0xef, 0xe8, 0xff, 0xe7, 0xef, 0xe8, 0xff, 0xe8, 0xf0, 0xe9, 0xff, 0xe8, 0xf0, 0xe9, 0xff, 0xe8, 0xf0, 0xe9, 0xff, 0xe9, 0xef, 0xea, 0xff, 0xed, 0xee, 0xec, 0xff, 0xe9, 0xef, 0xe8, 0xff, 0xe2, 0xf6, 0xe2, 0xff, 0xd7, 0xf2, 0xd7, 0xff, 
  0xe6, 0xee, 0xe7, 0xff, 0xea, 0xf2, 0xeb, 0xff, 0xe9, 0xef, 0xea, 0xff, 0xe8, 0xed, 0xe9, 0xff, 0xeb, 0xee, 0xeb, 0xff, 0xec, 0xef, 0xec, 0xff, 0xe9, 0xee, 0xe9, 0xff, 0xe8, 0xf0, 0xe9, 0xff, 0xe6, 0xf0, 0xe7, 0xff, 0xe5, 0xf0, 0xe6, 0xff, 0xe4, 0xf0, 0xe6, 0xff, 0xe5, 0xf0, 0xe6, 0xff, 0xe7, 0xf0, 0xe8, 0xff, 0xe8, 0xf0, 0xe9, 0xff, 0xea, 0xef, 0xeb, 0xff, 0xeb, 0xee, 0xeb, 0xff, 0xe8, 0xee, 0xe8, 0xff, 0xe8, 0xef, 0xe8, 0xff, 0xe8, 0xef, 0xe8, 0xff, 0xe8, 0xef, 0xe8, 0xff, 0xe8, 0xef, 0xe8, 0xff, 0xe8, 0xef, 0xe8, 0xff, 0xe8, 0xef, 0xe8, 0xff, 0xe8, 0xef, 0xe8, 0xff, 0xe8, 0xef, 0xe8, 0xff, 0xe8, 0xef, 0xe8, 0xff, 0xe8, 0xef, 0xe8, 0xff, 0xe8, 0xef, 0xe8, 0xff, 0xe8, 0xef, 0xe8, 0xff, 0xe8, 0xef, 0xe8, 0xff, 0xe8, 0xef, 0xe8, 0xff, 0xe8, 0xef, 0xe8, 0xff, 0xe7, 0xee, 0xe7, 0xff, 0xe8, 0xef, 0xe8, 0xff, 0xe8, 0xef, 0xe8, 0xff, 0xe9, 0xf0, 0xe9, 0xff, 0xe9, 0xf0, 0xe9, 0xff, 0xe8, 0xef, 0xe8, 0xff, 0xe8, 0xef, 0xe8, 0xff, 0xe7, 0xee, 0xe7, 0xff, 0xe8, 0xef, 0xe8, 0xff, 0xe8, 0xef, 0xe8, 0xff, 0xe8, 0xef, 0xe8, 0xff, 0xe8, 0xef, 0xe8, 0xff, 0xe8, 0xef, 0xe8, 0xff, 0xe8, 0xef, 0xe8, 0xff, 0xe8, 0xef, 0xe8, 0xff, 0xe8, 0xef, 0xe8, 0xff, 0xe8, 0xef, 0xe8, 0xff, 0xe8, 0xef, 0xe8, 0xff, 0xe8, 0xef, 0xe8, 0xff, 0xe8, 0xef, 0xe8, 0xff, 0xe8, 0xef, 0xe8, 0xff, 0xe8, 0xef, 0xe8, 0xff, 0xe8, 0xef, 0xe8, 0xff, 0xe8, 0xef, 0xe8, 0xff, 0xe8, 0xef, 0xe8, 0xff, 0xe8, 0xef, 0xe8, 0xff, 0xe8, 0xef, 0xe8, 0xff, 0xe8, 0xef, 0xe8, 0xff, 0xe9, 0xf0, 0xe9, 0xff, 0xe9, 0xf0, 0xe9, 0xff, 0xe9, 0xf0, 0xe9, 0xff, 0xe9, 0xf0, 0xe9, 0xff, 0xe7, 0xef, 0xe8, 0xff, 0xe7, 0xef, 0xe8, 0xff, 0xe7, 0xef, 0xe8, 0xff, 0xe7, 0xef, 0xe8, 0xff, 0xe7, 0xef, 0xe8, 0xff, 0xe7, 0xef, 0xe8, 0xff, 0xe7, 0xef, 0xe8, 0xff, 0xe7, 0xef, 0xe8, 0xff, 0xe7, 0xef, 0xe8, 0xff, 0xe7, 0xef, 0xe8, 0xff, 0xe7, 0xef, 0xe8, 0xff, 0xe7, 0xef, 0xe8, 0xff, 0xe7, 0xef, 0xe8, 0xff, 0xe7, 0xef, 0xe8, 0xff, 0xe7, 0xef, 0xe8, 0xff, 0xe8, 0xee, 0xe8, 0xff, 0xea, 0xeb, 0xe8, 0xff, 0xea, 0xf0, 0xe8, 0xff, 0xdf, 0xf5, 0xdf, 0xff, 0xd7, 0xf4, 0xd7, 0xff, 
  0xe4, 0xef, 0xe5, 0xff, 0xe7, 0xf2, 0xe8, 0xff, 0xe8, 0xf0, 0xe9, 0xff, 0xe7, 0xed, 0xe8, 0xff, 0xea, 0xef, 0xeb, 0xff, 0xea, 0xee, 0xeb, 0xff, 0xe9, 0xee, 0xe9, 0xff, 0xe9, 0xf0, 0xe9, 0xff, 0xe6, 0xef, 0xe7, 0xff, 0xe5, 0xf0, 0xe7, 0xff, 0xe5, 0xf0, 0xe7, 0xff, 0xe6, 0xf0, 0xe7, 0xff, 0xe7, 0xef, 0xe7, 0xff, 0xe9, 0xf0, 0xe9, 0xff, 0xea, 0xef, 0xeb, 0xff, 0xeb, 0xef, 0xeb, 0xff, 0xe9, 0xee, 0xe8, 0xff, 0xe8, 0xef, 0xe8, 0xff, 0xe8, 0xef, 0xe8, 0xff, 0xe8, 0xef, 0xe8, 0xff, 0xe8, 0xef, 0xe8, 0xff, 0xe8, 0xef, 0xe8, 0xff, 0xe8, 0xef, 0xe8, 0xff, 0xe9, 0xf0, 0xe9, 0xff, 0xe8, 0xef, 0xe8, 0xff, 0xe8, 0xef, 0xe8, 0xff, 0xe8, 0xef, 0xe8, 0xff, 0xe8, 0xef, 0xe8, 0xff, 0xe8, 0xef, 0xe8, 0xff, 0xe8, 0xef, 0xe8, 0xff, 0xe8, 0xef, 0xe8, 0xff, 0xe8, 0xef, 0xe8, 0xff, 0xe7, 0xee, 0xe7, 0xff, 0xe8, 0xef, 0xe8, 0xff, 0xe8, 0xef, 0xe8, 0xff, 0xe9, 0xf0, 0xe9, 0xff, 0xe9, 0xf0, 0xe9, 0xff, 0xe8, 0xef, 0xe8, 0xff, 0xe8, 0xef, 0xe8, 0xff, 0xe7, 0xee, 0xe7, 0xff, 0xe8, 0xef, 0xe8, 0xff, 0xe8, 0xef, 0xe8, 0xff, 0xe8, 0xef, 0xe8, 0xff, 0xe8, 0xef, 0xe8, 0xff, 0xe8, 0xef, 0xe8, 0xff, 0xe8, 0xef, 0xe8, 0xff, 0xe8, 0xef, 0xe8, 0xff, 0xe8, 0xef, 0xe8, 0xff, 0xe8, 0xef, 0xe8, 0xff, 0xe8, 0xef, 0xe8, 0xff, 0xe8, 0xef, 0xe8, 0xff, 0xe8, 0xef, 0xe8, 0xff, 0xe8, 0xef, 0xe8, 0xff, 0xe8, 0xef, 0xe8, 0xff, 0xe8, 0xef, 0xe8, 0xff, 0xe8, 0xef, 0xe8, 0xff, 0xe8, 0xef, 0xe8, 0xff, 0xe8, 0xef, 0xe8, 0xff, 0xe8, 0xef, 0xe8, 0xff, 0xe8, 0xef, 0xe8, 0xff, 0xe8, 0xef, 0xe8, 0xff, 0xe9, 0xf0, 0xe9, 0xff, 0xe9, 0xf0, 0xe9, 0xff, 0xe9, 0xf0, 0xe9, 0xff, 0xe7, 0xef, 0xe8, 0xff, 0xe7, 0xef, 0xe8, 0xff, 0xe7, 0xef, 0xe8, 0xff, 0xe7, 0xef, 0xe8, 0xff, 0xe7, 0xef, 0xe8, 0xff, 0xe7, 0xef, 0xe8, 0xff, 0xe7, 0xef, 0xe8, 0xff, 0xe8, 0xf0, 0xe9, 0xff, 0xe7, 0xef, 0xe8, 0xff, 0xe7, 0xef, 0xe8, 0xff, 0xe7, 0xef, 0xe8, 0xff, 0xe7, 0xef, 0xe8, 0xff, 0xe7, 0xef, 0xe8, 0xff, 0xe7, 0xef, 0xe8, 0xff, 0xe7, 0xef, 0xe8, 0xff, 0xe8, 0xef, 0xe8, 0xff, 0xe9, 0xec, 0xe7, 0xff, 0xe7, 0xf0, 0xe6, 0xff, 0xdd, 0xf5, 0xdd, 0xff, 0xd3, 0xf3, 0xd4, 0xff, 
  0xdf, 0xf1, 0xe0, 0xff, 0xe4, 0xf4, 0xe5, 0xff, 0xe6, 0xf2, 0xe6, 0xff, 0xe5, 0xef, 0xe6, 0xff, 0xe9, 0xef, 0xea, 0xff, 0xea, 0xef, 0xea, 0xff, 0xe7, 0xed, 0xe8, 0xff, 0xe8, 0xee, 0xe9, 0xff, 0xe7, 0xef, 0xe8, 0xff, 0xe6, 0xef, 0xe7, 0xff, 0xe6, 0xef, 0xe7, 0xff, 0xe7, 0xef, 0xe7, 0xff, 0xe7, 0xef, 0xe8, 0xff, 0xe9, 0xf0, 0xe9, 0xff, 0xeb, 0xef, 0xea, 0xff, 0xeb, 0xef, 0xea, 0xff, 0xe9, 0xee, 0xe8, 0xff, 0xe8, 0xef, 0xe8, 0xff, 0xe8, 0xef, 0xe8, 0xff, 0xe8, 0xef, 0xe8, 0xff, 0xe9, 0xf0, 0xe9, 0xff, 0xe9, 0xf0, 0xe9, 0xff, 0xe9, 0xf0, 0xe9, 0xff, 0xe9, 0xf0, 0xe9, 0xff, 0xe8, 0xef, 0xe8, 0xff, 0xe8, 0xef, 0xe8, 0xff, 0xe8, 0xef, 0xe8, 0xff, 0xe8, 0xef, 0xe8, 0xff, 0xe8, 0xef, 0xe8, 0xff, 0xe8, 0xef, 0xe8, 0xff, 0xe8, 0xef, 0xe8, 0xff, 0xe8, 0xef, 0xe8, 0xff, 0xe7, 0xee, 0xe7, 0xff, 0xe8, 0xef, 0xe8, 0xff, 0xe8, 0xef, 0xe8, 0xff, 0xe9, 0xf0, 0xe9, 0xff, 0xe9, 0xf0, 0xe9, 0xff, 0xe8, 0xef, 0xe8, 0xff, 0xe8, 0xef, 0xe8, 0xff, 0xe7, 0xee, 0xe7, 0xff, 0xe8, 0xef, 0xe8, 0xff, 0xe8, 0xef, 0xe8, 0xff, 0xe8, 0xef, 0xe8, 0xff, 0xe8, 0xef, 0xe8, 0xff, 0xe8, 0xef, 0xe8, 0xff, 0xe8, 0xef, 0xe8, 0xff, 0xe8, 0xef, 0xe8, 0xff, 0xe8, 0xef, 0xe8, 0xff, 0xe8, 0xef, 0xe8, 0xff, 0xe8, 0xef, 0xe8, 0xff, 0xe8, 0xef, 0xe8, 0xff, 0xe8, 0xef, 0xe8, 0xff, 0xe8, 0xef, 0xe8, 0xff, 0xe8, 0xef, 0xe8, 0xff, 0xe8, 0xef, 0xe8, 0xff, 0xe8, 0xef, 0xe8, 0xff, 0xe8, 0xef, 0xe8, 0xff, 0xe8, 0xef, 0xe8, 0xff, 0xe8, 0xef, 0xe8, 0xff, 0xe8, 0xef, 0xe8, 0xff, 0xe8, 0xef, 0xe8, 0xff, 0xe9, 0xf0, 0xe9, 0xff, 0xe9, 0xf0, 0xe9, 0xff, 0xe9, 0xf0, 0xe9, 0xff, 0xe7, 0xef, 0xe8, 0xff, 0xe7, 0xef, 0xe8, 0xff, 0xe7, 0xef, 0xe8, 0xff, 0xe7, 0xef, 0xe8, 0xff, 0xe8, 0xf0, 0xe9, 0xff, 0xe8, 0xf0, 0xe9, 0xff, 0xe8, 0xf0, 0xe9, 0xff, 0xe8, 0xf0, 0xe9, 0xff, 0xe7, 0xef, 0xe8, 0xff, 0xe7, 0xef, 0xe8, 0xff, 0xe7, 0xef, 0xe8, 0xff, 0xe7, 0xef, 0xe8, 0xff, 0xe7, 0xef, 0xe8, 0xff, 0xe7, 0xef, 0xe8, 0xff, 0xe7, 0xef, 0xe8, 0xff, 0xe7, 0xef, 0xe8, 0xff, 0xe8, 0xee, 0xe6, 0xff, 0xe4, 0xf1, 0xe2, 0xff, 0xd8, 0xf4, 0xd9, 0xff, 0xce, 0xf2, 0xd0, 0xff, 
  0xda, 0xf1, 0xdb, 0xff, 0xe0, 0xf6, 0xe1, 0xff, 0xe3, 0xf4, 0xe3, 0xff, 0xe3, 0xf0, 0xe4, 0xff, 0xe8, 0xf0, 0xe8, 0xff, 0xe8, 0xee, 0xe9, 0xff, 0xe8, 0xed, 0xe8, 0xff, 0xe8, 0xee, 0xe9, 0xff, 0xe8, 0xee, 0xe9, 0xff, 0xe7, 0xef, 0xe8, 0xff, 0xe7, 0xef, 0xe8, 0xff, 0xe7, 0xef, 0xe8, 0xff, 0xe8, 0xef, 0xe8, 0xff, 0xe9, 0xef, 0xe8, 0xff, 0xea, 0xee, 0xe8, 0xff, 0xea, 0xee, 0xe8, 0xff, 0xea, 0xf0, 0xe9, 0xff, 0xe9, 0xf0, 0xe9, 0xff, 0xe9, 0xf0, 0xe9, 0xff, 0xe9, 0xf0, 0xe9, 0xff, 0xe9, 0xf0, 0xe9, 0xff, 0xe9, 0xf0, 0xe9, 0xff, 0xe9, 0xf0, 0xe9, 0xff, 0xe9, 0xf0, 0xe9, 0xff, 0xe8, 0xef, 0xe8, 0xff, 0xe8, 0xef, 0xe8, 0xff, 0xe8, 0xef, 0xe8, 0xff, 0xe8, 0xef, 0xe8, 0xff, 0xe8, 0xef, 0xe8, 0xff, 0xe8, 0xef, 0xe8, 0xff, 0xe8, 0xef, 0xe8, 0xff, 0xe8, 0xef, 0xe8, 0xff, 0xe8, 0xef, 0xe8, 0xff, 0xe8, 0xef, 0xe8, 0xff, 0xe8, 0xef, 0xe8, 0xff, 0xe8, 0xef, 0xe8, 0xff, 0xe8, 0xef, 0xe8, 0xff, 0xe8, 0xef, 0xe8, 0xff, 0xe8, 0xef, 0xe8, 0xff, 0xe8, 0xef, 0xe8, 0xff, 0xe8, 0xef, 0xe8, 0xff, 0xe8, 0xef, 0xe8, 0xff, 0xe8, 0xef, 0xe8, 0xff, 0xe8, 0xef, 0xe8, 0xff, 0xe8, 0xef, 0xe8, 0xff, 0xe8, 0xef, 0xe8, 0xff, 0xe8, 0xef, 0xe8, 0xff, 0xe8, 0xef, 0xe8, 0xff, 0xe8, 0xef, 0xe8, 0xff, 0xe8, 0xef, 0xe8, 0xff, 0xe8, 0xef, 0xe8, 0xff, 0xe8, 0xef, 0xe8, 0xff, 0xe8, 0xef, 0xe8, 0xff, 0xe8, 0xef, 0xe8, 0xff, 0xe8, 0xef, 0xe8, 0xff, 0xe8, 0xef, 0xe8, 0xff, 0xe8, 0xef, 0xe8, 0xff, 0xe8, 0xef, 0xe8, 0xff, 0xe8, 0xef, 0xe8, 0xff, 0xe8, 0xef, 0xe8, 0xff, 0xe8, 0xef, 0xe8, 0xff, 0xe8, 0xef, 0xe8, 0xff, 0xe8, 0xef, 0xe8, 0xff, 0xe8, 0xef, 0xe8, 0xff, 0xe8, 0xf0, 0xe9, 0xff, 0xe8, 0xf0, 0xe9, 0xff, 0xe8, 0xf0, 0xe9, 0xff, 0xe8, 0xf0, 0xe9, 0xff, 0xe8, 0xf0, 0xe9, 0xff, 0xe8, 0xf0, 0xe9, 0xff, 0xe8, 0xf0, 0xe9, 0xff, 0xe8, 0xf0, 0xe9, 0xff, 0xe7, 0xef, 0xe8, 0xff, 0xe7, 0xef, 0xe8, 0xff, 0xe7, 0xef, 0xe8, 0xff, 0xe7, 0xef, 0xe8, 0xff, 0xe7, 0xef, 0xe8, 0xff, 0xe7, 0xef, 0xe8, 0xff, 0xe7, 0xef, 0xe8, 0xff, 0xe7, 0xf0, 0xe7, 0xff, 0xe7, 0xf0, 0xe5, 0xff, 0xe1, 0xf3, 0xe0, 0xff, 0xd4, 0xf5, 0xd5, 0xff, 0xcb, 0xf4, 0xcd, 0xff, 
  0xd4, 0xf2, 0xd4, 0xff, 0xdc, 0xf7, 0xdc, 0xff, 0xdf, 0xf6, 0xe0, 0xff, 0xe1, 0xf3, 0xe2, 0xff, 0xe6, 0xf2, 0xe6, 0xff, 0xe8, 0xef, 0xe8, 0xff, 0xe8, 0xed, 0xe8, 0xff, 0xea, 0xed, 0xea, 0xff, 0xe9, 0xed, 0xea, 0xff, 0xe9, 0xee, 0xe9, 0xff, 0xe8, 0xef, 0xe8, 0xff, 0xe8, 0xef, 0xe8, 0xff, 0xe8, 0xef, 0xe8, 0xff, 0xe9, 0xef, 0xe8, 0xff, 0xea, 0xee, 0xe8, 0xff, 0xea, 0xee, 0xe8, 0xff, 0xea, 0xf0, 0xe9, 0xff, 0xe9, 0xf0, 0xe9, 0xff, 0xe9, 0xf0, 0xe9, 0xff, 0xe9, 0xf0, 0xe9, 0xff, 0xe9, 0xf0, 0xe9, 0xff, 0xe9, 0xf0, 0xe9, 0xff, 0xe9, 0xf0, 0xe9, 0xff, 0xe9, 0xf0, 0xe9, 0xff, 0xe8, 0xef, 0xe8, 0xff, 0xe8, 0xef, 0xe8, 0xff, 0xe8, 0xef, 0xe8, 0xff, 0xe8, 0xef, 0xe8, 0xff, 0xe8, 0xef, 0xe8, 0xff, 0xe8, 0xef, 0xe8, 0xff, 0xe8, 0xef, 0xe8, 0xff, 0xe8, 0xef, 0xe8, 0xff, 0xe8, 0xef, 0xe8, 0xff, 0xe8, 0xef, 0xe8, 0xff, 0xe8, 0xef, 0xe8, 0xff, 0xe8, 0xef, 0xe8, 0xff, 0xe8, 0xef, 0xe8, 0xff, 0xe8, 0xef, 0xe8, 0xff, 0xe8, 0xef, 0xe8, 0xff, 0xe8, 0xef, 0xe8, 0xff, 0xe8, 0xef, 0xe8, 0xff, 0xe8, 0xef, 0xe8, 0xff, 0xe8, 0xef, 0xe8, 0xff, 0xe8, 0xef, 0xe8, 0xff, 0xe8, 0xef, 0xe8, 0xff, 0xe8, 0xef, 0xe8, 0xff, 0xe8, 0xef, 0xe8, 0xff, 0xe8, 0xef, 0xe8, 0xff, 0xe8, 0xef, 0xe8, 0xff, 0xe8, 0xef, 0xe8, 0xff, 0xe8, 0xef, 0xe8, 0xff, 0xe8, 0xef, 0xe8, 0xff, 0xe8, 0xef, 0xe8, 0xff, 0xe8, 0xef, 0xe8, 0xff, 0xe8, 0xef, 0xe8, 0xff, 0xe8, 0xef, 0xe8, 0xff, 0xe8, 0xef, 0xe8, 0xff, 0xe8, 0xef, 0xe8, 0xff, 0xe8, 0xef, 0xe8, 0xff, 0xe8, 0xef, 0xe8, 0xff, 0xe8, 0xef, 0xe8, 0xff, 0xe8, 0xef, 0xe8, 0xff, 0xe8, 0xef, 0xe8, 0xff, 0xe8, 0xef, 0xe8, 0xff, 0xe8, 0xf0, 0xe9, 0xff, 0xe8, 0xf0, 0xe9, 0xff, 0xe8, 0xf0, 0xe9, 0xff, 0xe8, 0xf0, 0xe9, 0xff, 0xe8, 0xf0, 0xe9, 0xff, 0xe8, 0xf0, 0xe9, 0xff, 0xe8, 0xf0, 0xe9, 0xff, 0xe8, 0xf0, 0xe9, 0xff, 0xe7, 0xef, 0xe8, 0xff, 0xe7, 0xef, 0xe8, 0xff, 0xe7, 0xef, 0xe8, 0xff, 0xe7, 0xef, 0xe8, 0xff, 0xe7, 0xef, 0xe8, 0xff, 0xe7, 0xef, 0xe8, 0xff, 0xe7, 0xef, 0xe8, 0xff, 0xe6, 0xf0, 0xe6, 0xff, 0xe5, 0xf3, 0xe4, 0xff, 0xdd, 0xf5, 0xdc, 0xff, 0xd0, 0xf8, 0xd2, 0xff, 0xc8, 0xf7, 0xca, 0xff, 
  0xcf, 0xf3, 0xcf, 0xff, 0xd7, 0xf8, 0xd8, 0xff, 0xdc, 0xf8, 0xde, 0xff, 0xdf, 0xf4, 0xe0, 0xff, 0xe5, 0xf3, 0xe5, 0xff, 0xe7, 0xef, 0xe7, 0xff, 0xe8, 0xed, 0xe8, 0xff, 0xec, 0xee, 0xec, 0xff, 0xeb, 0xed, 0xeb, 0xff, 0xea, 0xed, 0xea, 0xff, 0xe9, 0xee, 0xe9, 0xff, 0xe9, 0xef, 0xe8, 0xff, 0xe8, 0xef, 0xe8, 0xff, 0xe9, 0xef, 0xe7, 0xff, 0xe9, 0xef, 0xe7, 0xff, 0xe9, 0xef, 0xe7, 0xff, 0xe9, 0xef, 0xe8, 0xff, 0xe8, 0xef, 0xe8, 0xff, 0xe8, 0xef, 0xe8, 0xff, 0xe8, 0xef, 0xe8, 0xff, 0xe9, 0xf0, 0xe9, 0xff, 0xe9, 0xf0, 0xe9, 0xff, 0xe9, 0xf0, 0xe9, 0xff, 0xe9, 0xf0, 0xe9, 0xff, 0xe8, 0xef, 0xe8, 0xff, 0xe8, 0xef, 0xe8, 0xff, 0xe8, 0xef, 0xe8, 0xff, 0xe8, 0xef, 0xe8, 0xff, 0xe8, 0xef, 0xe8, 0xff, 0xe8, 0xef, 0xe8, 0xff, 0xe8, 0xef, 0xe8, 0xff, 0xe8, 0xef, 0xe8, 0xff, 0xe8, 0xef, 0xe8, 0xff, 0xe8, 0xef, 0xe8, 0xff, 0xe8, 0xef, 0xe8, 0xff, 0xe8, 0xef, 0xe8, 0xff, 0xe8, 0xef, 0xe8, 0xff, 0xe8, 0xef, 0xe8, 0xff, 0xe8, 0xef, 0xe8, 0xff, 0xe8, 0xef, 0xe8, 0xff, 0xe8, 0xef, 0xe8, 0xff, 0xe8, 0xef, 0xe8, 0xff, 0xe8, 0xef, 0xe8, 0xff, 0xe8, 0xef, 0xe8, 0xff, 0xe8, 0xef, 0xe8, 0xff, 0xe8, 0xef, 0xe8, 0xff, 0xe8, 0xef, 0xe8, 0xff, 0xe8, 0xef, 0xe8, 0xff, 0xe8, 0xef, 0xe8, 0xff, 0xe8, 0xef, 0xe8, 0xff, 0xe8, 0xef, 0xe8, 0xff, 0xe8, 0xef, 0xe8, 0xff, 0xe8, 0xef, 0xe8, 0xff, 0xe8, 0xef, 0xe8, 0xff, 0xe8, 0xef, 0xe8, 0xff, 0xe8, 0xef, 0xe8, 0xff, 0xe8, 0xef, 0xe8, 0xff, 0xe8, 0xef, 0xe8, 0xff, 0xe8, 0xef, 0xe8, 0xff, 0xe8, 0xef, 0xe8, 0xff, 0xe8, 0xef, 0xe8, 0xff, 0xe8, 0xef, 0xe8, 0xff, 0xe8, 0xef, 0xe8, 0xff, 0xe8, 0xef, 0xe8, 0xff, 0xe7, 0xef, 0xe8, 0xff, 0xe7, 0xef, 0xe8, 0xff, 0xe7, 0xef, 0xe8, 0xff, 0xe7, 0xef, 0xe8, 0xff, 0xe8, 0xf0, 0xe9, 0xff, 0xe8, 0xf0, 0xe9, 0xff, 0xe8, 0xf0, 0xe9, 0xff, 0xe8, 0xf0, 0xe9, 0xff, 0xe7, 0xef, 0xe8, 0xff, 0xe7, 0xef, 0xe8, 0xff, 0xe7, 0xef, 0xe8, 0xff, 0xe7, 0xef, 0xe8, 0xff, 0xe7, 0xef, 0xe8, 0xff, 0xe7, 0xef, 0xe8, 0xff, 0xe7, 0xef, 0xe8, 0xff, 0xe5, 0xf1, 0xe5, 0xff, 0xe3, 0xf5, 0xe2, 0xff, 0xd9, 0xf6, 0xd8, 0xff, 0xcc, 0xf9, 0xce, 0xff, 0xc4, 0xf9, 0xc7, 0xff, 
  0xc9, 0xf2, 0xcb, 0xff, 0xd2, 0xf8, 0xd4, 0xff, 0xd9, 0xf9, 0xda, 0xff, 0xde, 0xf6, 0xdf, 0xff, 0xe4, 0xf3, 0xe4, 0xff, 0xe8, 0xf1, 0xe8, 0xff, 0xe9, 0xed, 0xe8, 0xff, 0xec, 0xee, 0xec, 0xff, 0xeb, 0xec, 0xeb, 0xff, 0xeb, 0xed, 0xeb, 0xff, 0xea, 0xee, 0xe9, 0xff, 0xe9, 0xee, 0xe8, 0xff, 0xe9, 0xef, 0xe7, 0xff, 0xe8, 0xef, 0xe7, 0xff, 0xe9, 0xef, 0xe7, 0xff, 0xe9, 0xef, 0xe7, 0xff, 0xe8, 0xef, 0xe7, 0xff, 0xe8, 0xef, 0xe8, 0xff, 0xe8, 0xef, 0xe8, 0xff, 0xe8, 0xef, 0xe8, 0xff, 0xe8, 0xef, 0xe8, 0xff, 0xe8, 0xef, 0xe8, 0xff, 0xe8, 0xef, 0xe8, 0xff, 0xe9, 0xf0, 0xe9, 0xff, 0xe8, 0xef, 0xe8, 0xff, 0xe8, 0xef, 0xe8, 0xff, 0xe8, 0xef, 0xe8, 0xff, 0xe8, 0xef, 0xe8, 0xff, 0xe8, 0xef, 0xe8, 0xff, 0xe8, 0xef, 0xe8, 0xff, 0xe8, 0xef, 0xe8, 0xff, 0xe8, 0xef, 0xe8, 0xff, 0xe8, 0xef, 0xe8, 0xff, 0xe8, 0xef, 0xe8, 0xff, 0xe8, 0xef, 0xe8, 0xff, 0xe8, 0xef, 0xe8, 0xff, 0xe8, 0xef, 0xe8, 0xff, 0xe8, 0xef, 0xe8, 0xff, 0xe8, 0xef, 0xe8, 0xff, 0xe8, 0xef, 0xe8, 0xff, 0xe8, 0xef, 0xe8, 0xff, 0xe8, 0xef, 0xe8, 0xff, 0xe8, 0xef, 0xe8, 0xff, 0xe8, 0xef, 0xe8, 0xff, 0xe8, 0xef, 0xe8, 0xff, 0xe8, 0xef, 0xe8, 0xff, 0xe8, 0xef, 0xe8, 0xff, 0xe8, 0xef, 0xe8, 0xff, 0xe8, 0xef, 0xe8, 0xff, 0xe8, 0xef, 0xe8, 0xff, 0xe8, 0xef, 0xe8, 0xff, 0xe8, 0xef, 0xe8, 0xff, 0xe8, 0xef, 0xe8, 0xff, 0xe8, 0xef, 0xe8, 0xff, 0xe8, 0xef, 0xe8, 0xff, 0xe8, 0xef, 0xe8, 0xff, 0xe8, 0xef, 0xe8, 0xff, 0xe8, 0xef, 0xe8, 0xff, 0xe8, 0xef, 0xe8, 0xff, 0xe8, 0xef, 0xe8, 0xff, 0xe8, 0xef, 0xe8, 0xff, 0xe8, 0xef, 0xe8, 0xff, 0xe8, 0xef, 0xe8, 0xff, 0xe8, 0xef, 0xe8, 0xff, 0xe7, 0xef, 0xe8, 0xff, 0xe7, 0xef, 0xe8, 0xff, 0xe7, 0xef, 0xe8, 0xff, 0xe7, 0xef, 0xe8, 0xff, 0xe7, 0xef, 0xe8, 0xff, 0xe7, 0xef, 0xe8, 0xff, 0xe7, 0xef, 0xe8, 0xff, 0xe8, 0xf0, 0xe9, 0xff, 0xe7, 0xef, 0xe8, 0xff, 0xe7, 0xef, 0xe8, 0xff, 0xe7, 0xef, 0xe8, 0xff, 0xe7, 0xef, 0xe8, 0xff, 0xe7, 0xef, 0xe8, 0xff, 0xe7, 0xef, 0xe8, 0xff, 0xe7, 0xef, 0xe8, 0xff, 0xe4, 0xf1, 0xe5, 0xff, 0xdf, 0xf4, 0xde, 0xff, 0xd4, 0xf6, 0xd4, 0xff, 0xc8, 0xf9, 0xca, 0xff, 0xc1, 0xf9, 0xc4, 0xff, 
  0xc4, 0xf3, 0xc8, 0xff, 0xce, 0xfa, 0xd1, 0xff, 0xd6, 0xfb, 0xd8, 0xff, 0xdb, 0xf7, 0xdc, 0xff, 0xe2, 0xf5, 0xe2, 0xff, 0xe7, 0xf2, 0xe6, 0xff, 0xea, 0xee, 0xe8, 0xff, 0xed, 0xef, 0xec, 0xff, 0xeb, 0xec, 0xeb, 0xff, 0xeb, 0xec, 0xeb, 0xff, 0xea, 0xed, 0xea, 0xff, 0xe9, 0xee, 0xe9, 0xff, 0xe9, 0xef, 0xe8, 0xff, 0xe9, 0xef, 0xe7, 0xff, 0xe9, 0xef, 0xe7, 0xff, 0xea, 0xef, 0xe7, 0xff, 0xeb, 0xef, 0xe7, 0xff, 0xeb, 0xee, 0xe7, 0xff, 0xea, 0xef, 0xe7, 0xff, 0xe9, 0xef, 0xe7, 0xff, 0xe8, 0xef, 0xe8, 0xff, 0xe7, 0xef, 0xe8, 0xff, 0xe7, 0xef, 0xe8, 0xff, 0xe8, 0xef, 0xe8, 0xff, 0xe8, 0xef, 0xe8, 0xff, 0xe9, 0xef, 0xe8, 0xff, 0xea, 0xee, 0xe8, 0xff, 0xea, 0xee, 0xe8, 0xff, 0xea, 0xef, 0xe7, 0xff, 0xe9, 0xef, 0xe7, 0xff, 0xe9, 0xef, 0xe7, 0xff, 0xe9, 0xef, 0xe7, 0xff, 0xe8, 0xef, 0xe7, 0xff, 0xe9, 0xef, 0xe7, 0xff, 0xea, 0xee, 0xe8, 0xff, 0xea, 0xef, 0xe8, 0xff, 0xe7, 0xef, 0xe7, 0xff, 0xe7, 0xef, 0xe7, 0xff, 0xe8, 0xef, 0xe7, 0xff, 0xe9, 0xef, 0xe7, 0xff, 0xea, 0xee, 0xe8, 0xff, 0xeb, 0xee, 0xe8, 0xff, 0xea, 0xee, 0xe9, 0xff, 0xea, 0xee, 0xe9, 0xff, 0xeb, 0xee, 0xe9, 0xff, 0xe9, 0xef, 0xe8, 0xff, 0xe6, 0xf0, 0xe6, 0xff, 0xe6, 0xf0, 0xe6, 0xff, 0xe9, 0xef, 0xe7, 0xff, 0xe9, 0xef, 0xe7, 0xff, 0xe7, 0xef, 0xe7, 0xff, 0xe6, 0xef, 0xe7, 0xff, 0xe5, 0xef, 0xe8, 0xff, 0xe6, 0xef, 0xe8, 0xff, 0xe8, 0xef, 0xe8, 0xff, 0xe9, 0xee, 0xe9, 0xff, 0xe9, 0xee, 0xe9, 0xff, 0xe9, 0xee, 0xea, 0xff, 0xe8, 0xee, 0xea, 0xff, 0xe7, 0xee, 0xea, 0xff, 0xe7, 0xee, 0xe9, 0xff, 0xe8, 0xee, 0xe9, 0xff, 0xe9, 0xee, 0xe9, 0xff, 0xe9, 0xee, 0xe8, 0xff, 0xe9, 0xef, 0xe8, 0xff, 0xe8, 0xef, 0xe7, 0xff, 0xe8, 0xef, 0xe8, 0xff, 0xe7, 0xef, 0xe8, 0xff, 0xe7, 0xef, 0xe8, 0xff, 0xe7, 0xef, 0xe8, 0xff, 0xe7, 0xef, 0xe9, 0xff, 0xe7, 0xef, 0xe9, 0xff, 0xe7, 0xef, 0xe9, 0xff, 0xe7, 0xef, 0xe8, 0xff, 0xe7, 0xef, 0xe8, 0xff, 0xe6, 0xef, 0xe7, 0xff, 0xe6, 0xf0, 0xe7, 0xff, 0xe5, 0xf0, 0xe7, 0xff, 0xe5, 0xf0, 0xe6, 0xff, 0xe1, 0xf3, 0xe2, 0xff, 0xd8, 0xf7, 0xd8, 0xff, 0xcd, 0xf8, 0xcd, 0xff, 0xc2, 0xf9, 0xc4, 0xff, 0xbe, 0xfa, 0xc0, 0xff, 
  0xc5, 0xfb, 0xca, 0xff, 0xc7, 0xf9, 0xcb, 0xff, 0xcd, 0xf8, 0xcf, 0xff, 0xd6, 0xf7, 0xd5, 0xff, 0xe1, 0xf7, 0xde, 0xff, 0xe7, 0xf4, 0xe4, 0xff, 0xea, 0xf0, 0xe7, 0xff, 0xea, 0xed, 0xe8, 0xff, 0xec, 0xee, 0xec, 0xff, 0xeb, 0xed, 0xed, 0xff, 0xe9, 0xed, 0xeb, 0xff, 0xe9, 0xed, 0xeb, 0xff, 0xe9, 0xee, 0xe9, 0xff, 0xea, 0xee, 0xe8, 0xff, 0xeb, 0xee, 0xe8, 0xff, 0xed, 0xee, 0xe7, 0xff, 0xf1, 0xef, 0xe8, 0xff, 0xf1, 0xef, 0xe8, 0xff, 0xef, 0xef, 0xe8, 0xff, 0xec, 0xf0, 0xe8, 0xff, 0xe8, 0xf0, 0xe8, 0xff, 0xe7, 0xf0, 0xe9, 0xff, 0xe7, 0xf0, 0xe9, 0xff, 0xe8, 0xf0, 0xe9, 0xff, 0xe8, 0xee, 0xe7, 0xff, 0xea, 0xed, 0xe7, 0xff, 0xed, 0xee, 0xe8, 0xff, 0xed, 0xee, 0xe7, 0xff, 0xed, 0xee, 0xe7, 0xff, 0xed, 0xf0, 0xe7, 0xff, 0xeb, 0xf0, 0xe7, 0xff, 0xea, 0xf1, 0xe7, 0xff, 0xea, 0xf1, 0xe7, 0xff, 0xeb, 0xf0, 0xe7, 0xff, 0xef, 0xef, 0xe8, 0xff, 0xee, 0xef, 0xe8, 0xff, 0xe6, 0xf1, 0xe8, 0xff, 0xe3, 0xf0, 0xe6, 0xff, 0xe6, 0xef, 0xe5, 0xff, 0xe8, 0xed, 0xe4, 0xff, 0xee, 0xed, 0xe8, 0xff, 0xef, 0xec, 0xea, 0xff, 0xed, 0xeb, 0xed, 0xff, 0xed, 0xeb, 0xed, 0xff, 0xef, 0xec, 0xeb, 0xff, 0xeb, 0xee, 0xe8, 0xff, 0xe1, 0xf2, 0xe3, 0xff, 0xe1, 0xf3, 0xe3, 0xff, 0xeb, 0xf2, 0xe7, 0xff, 0xec, 0xf0, 0xe8, 0xff, 0xe6, 0xf1, 0xe8, 0xff, 0xe1, 0xf1, 0xe7, 0xff, 0xe0, 0xf1, 0xe7, 0xff, 0xe2, 0xf1, 0xe9, 0xff, 0xe7, 0xef, 0xea, 0xff, 0xea, 0xee, 0xec, 0xff, 0xec, 0xee, 0xee, 0xff, 0xeb, 0xee, 0xef, 0xff, 0xe8, 0xee, 0xf0, 0xff, 0xe6, 0xef, 0xf0, 0xff, 0xe6, 0xef, 0xee, 0xff, 0xe8, 0xef, 0xed, 0xff, 0xec, 0xef, 0xec, 0xff, 0xee, 0xef, 0xeb, 0xff, 0xec, 0xee, 0xe7, 0xff, 0xec, 0xf0, 0xe8, 0xff, 0xeb, 0xf0, 0xe8, 0xff, 0xea, 0xef, 0xe9, 0xff, 0xe8, 0xef, 0xea, 0xff, 0xe8, 0xef, 0xeb, 0xff, 0xe9, 0xf0, 0xed, 0xff, 0xe9, 0xef, 0xed, 0xff, 0xe9, 0xee, 0xec, 0xff, 0xe8, 0xee, 0xea, 0xff, 0xe7, 0xef, 0xe8, 0xff, 0xe6, 0xf0, 0xe7, 0xff, 0xe6, 0xf2, 0xe6, 0xff, 0xe4, 0xf3, 0xe5, 0xff, 0xe2, 0xf2, 0xe4, 0xff, 0xdc, 0xf6, 0xde, 0xff, 0xcc, 0xfb, 0xcd, 0xff, 0xc4, 0xff, 0xc5, 0xff, 0xbf, 0xfd, 0xc0, 0xff, 0xbd, 0xfd, 0xbf, 0xff, 
  0xc1, 0xfc, 0xc6, 0xff, 0xc2, 0xf9, 0xc6, 0xff, 0xc8, 0xf8, 0xca, 0xff, 0xd2, 0xf8, 0xd1, 0xff, 0xdd, 0xf8, 0xda, 0xff, 0xe4, 0xf6, 0xdf, 0xff, 0xe7, 0xf2, 0xe4, 0xff, 0xe9, 0xef, 0xe7, 0xff, 0xe9, 0xee, 0xe9, 0xff, 0xe9, 0xed, 0xeb, 0xff, 0xe9, 0xed, 0xeb, 0xff, 0xe9, 0xed, 0xeb, 0xff, 0xea, 0xee, 0xea, 0xff, 0xeb, 0xef, 0xea, 0xff, 0xec, 0xef, 0xe9, 0xff, 0xee, 0xef, 0xe9, 0xff, 0xf0, 0xee, 0xe7, 0xff, 0xf0, 0xee, 0xe7, 0xff, 0xed, 0xee, 0xe7, 0xff, 0xea, 0xef, 0xe7, 0xff, 0xe7, 0xef, 0xe8, 0xff, 0xe5, 0xef, 0xe8, 0xff, 0xe4, 0xef, 0xe8, 0xff, 0xe5, 0xef, 0xe8, 0xff, 0xe7, 0xee, 0xe7, 0xff, 0xe9, 0xed, 0xe7, 0xff, 0xec, 0xee, 0xe8, 0xff, 0xec, 0xee, 0xe8, 0xff, 0xec, 0xee, 0xe7, 0xff, 0xeb, 0xef, 0xe7, 0xff, 0xe9, 0xef, 0xe6, 0xff, 0xe8, 0xf0, 0xe6, 0xff, 0xe6, 0xef, 0xe5, 0xff, 0xe7, 0xee, 0xe6, 0xff, 0xeb, 0xed, 0xe6, 0xff, 0xeb, 0xef, 0xe7, 0xff, 0xe5, 0xf1, 0xe7, 0xff, 0xe4, 0xf3, 0xe8, 0xff, 0xea, 0xf2, 0xe7, 0xff, 0xed, 0xf1, 0xe8, 0xff, 0xec, 0xee, 0xe8, 0xff, 0xec, 0xed, 0xea, 0xff, 0xe9, 0xec, 0xec, 0xff, 0xeb, 0xec, 0xec, 0xff, 0xf2, 0xec, 0xea, 0xff, 0xf0, 0xee, 0xe7, 0xff, 0xe5, 0xf1, 0xe4, 0xff, 0xe4, 0xf2, 0xe3, 0xff, 0xea, 0xef, 0xe4, 0xff, 0xea, 0xee, 0xe5, 0xff, 0xe4, 0xf1, 0xe5, 0xff, 0xe0, 0xf1, 0xe6, 0xff, 0xe0, 0xf2, 0xe7, 0xff, 0xe2, 0xf2, 0xe8, 0xff, 0xe7, 0xf0, 0xe9, 0xff, 0xeb, 0xee, 0xeb, 0xff, 0xeb, 0xec, 0xec, 0xff, 0xea, 0xec, 0xed, 0xff, 0xe7, 0xec, 0xee, 0xff, 0xe5, 0xed, 0xed, 0xff, 0xe5, 0xed, 0xec, 0xff, 0xe7, 0xed, 0xeb, 0xff, 0xeb, 0xed, 0xe9, 0xff, 0xed, 0xee, 0xe8, 0xff, 0xeb, 0xee, 0xe6, 0xff, 0xe9, 0xee, 0xe6, 0xff, 0xe8, 0xee, 0xe6, 0xff, 0xe7, 0xee, 0xe7, 0xff, 0xe6, 0xee, 0xea, 0xff, 0xe6, 0xee, 0xea, 0xff, 0xe6, 0xee, 0xeb, 0xff, 0xe7, 0xed, 0xeb, 0xff, 0xe7, 0xec, 0xe9, 0xff, 0xe7, 0xed, 0xe8, 0xff, 0xe7, 0xef, 0xe7, 0xff, 0xe6, 0xf1, 0xe4, 0xff, 0xe5, 0xf3, 0xe3, 0xff, 0xe2, 0xf4, 0xe1, 0xff, 0xde, 0xf2, 0xde, 0xff, 0xd6, 0xf6, 0xd6, 0xff, 0xc6, 0xfd, 0xc7, 0xff, 0xbe, 0xff, 0xbf, 0xff, 0xbd, 0xff, 0xbe, 0xff, 0xbc, 0xfe, 0xbd, 0xff, 
  0xbf, 0xfc, 0xc2, 0xff, 0xc0, 0xfa, 0xc3, 0xff, 0xc5, 0xf9, 0xc6, 0xff, 0xcc, 0xf8, 0xcc, 0xff, 0xd7, 0xf9, 0xd4, 0xff, 0xdf, 0xf7, 0xdb, 0xff, 0xe3, 0xf4, 0xdf, 0xff, 0xe6, 0xf2, 0xe3, 0xff, 0xe7, 0xef, 0xe5, 0xff, 0xe8, 0xed, 0xe7, 0xff, 0xe8, 0xed, 0xe8, 0xff, 0xe9, 0xec, 0xe9, 0xff, 0xea, 0xee, 0xe9, 0xff, 0xea, 0xee, 0xe9, 0xff, 0xea, 0xee, 0xe8, 0xff, 0xeb, 0xee, 0xe8, 0xff, 0xeb, 0xee, 0xe8, 0xff, 0xeb, 0xee, 0xe8, 0xff, 0xe9, 0xee, 0xe8, 0xff, 0xe7, 0xee, 0xe9, 0xff, 0xe6, 0xee, 0xe9, 0xff, 0xe4, 0xee, 0xea, 0xff, 0xe4, 0xef, 0xea, 0xff, 0xe4, 0xef, 0xea, 0xff, 0xe6, 0xef, 0xeb, 0xff, 0xe7, 0xef, 0xeb, 0xff, 0xe8, 0xef, 0xeb, 0xff, 0xe8, 0xef, 0xea, 0xff, 0xe7, 0xee, 0xe9, 0xff, 0xe6, 0xef, 0xe8, 0xff, 0xe5, 0xef, 0xe8, 0xff, 0xe4, 0xef, 0xe8, 0xff, 0xe4, 0xf1, 0xeb, 0xff, 0xe4, 0xf0, 0xe9, 0xff, 0xe5, 0xf0, 0xe7, 0xff, 0xe3, 0xef, 0xe5, 0xff, 0xe0, 0xef, 0xe4, 0xff, 0xe1, 0xee, 0xe2, 0xff, 0xe7, 0xec, 0xe3, 0xff, 0xe8, 0xec, 0xe3, 0xff, 0xe5, 0xf0, 0xe8, 0xff, 0xe0, 0xf0, 0xe8, 0xff, 0xde, 0xf1, 0xe8, 0xff, 0xe4, 0xf0, 0xe7, 0xff, 0xf2, 0xed, 0xe7, 0xff, 0xf7, 0xed, 0xe6, 0xff, 0xf2, 0xee, 0xe7, 0xff, 0xee, 0xee, 0xe6, 0xff, 0xee, 0xf0, 0xe7, 0xff, 0xeb, 0xf1, 0xe6, 0xff, 0xe7, 0xf2, 0xe5, 0xff, 0xe4, 0xf3, 0xe4, 0xff, 0xe4, 0xf3, 0xe4, 0xff, 0xe4, 0xf1, 0xe4, 0xff, 0xe8, 0xf0, 0xe5, 0xff, 0xea, 0xee, 0xe5, 0xff, 0xec, 0xee, 0xe8, 0xff, 0xec, 0xee, 0xe9, 0xff, 0xea, 0xee, 0xe9, 0xff, 0xe8, 0xee, 0xe9, 0xff, 0xe8, 0xee, 0xe8, 0xff, 0xea, 0xef, 0xe7, 0xff, 0xec, 0xef, 0xe6, 0xff, 0xec, 0xef, 0xe6, 0xff, 0xe8, 0xf0, 0xe6, 0xff, 0xe5, 0xf0, 0xe7, 0xff, 0xe5, 0xf0, 0xe7, 0xff, 0xe5, 0xef, 0xe8, 0xff, 0xe4, 0xef, 0xe9, 0xff, 0xe5, 0xef, 0xe9, 0xff, 0xe6, 0xef, 0xe9, 0xff, 0xe7, 0xef, 0xe8, 0xff, 0xe8, 0xee, 0xe6, 0xff, 0xe9, 0xf0, 0xe5, 0xff, 0xe8, 0xf1, 0xe3, 0xff, 0xe7, 0xf3, 0xe0, 0xff, 0xe4, 0xf5, 0xde, 0xff, 0xe1, 0xf5, 0xdb, 0xff, 0xdb, 0xf3, 0xd6, 0xff, 0xd3, 0xf7, 0xd0, 0xff, 0xc4, 0xfc, 0xc4, 0xff, 0xbd, 0xff, 0xbe, 0xff, 0xbc, 0xfe, 0xbd, 0xff, 0xbc, 0xfe, 0xbd, 0xff, 
  0xbd, 0xfd, 0xbf, 0xff, 0xbf, 0xfc, 0xc0, 0xff, 0xc2, 0xfa, 0xc2, 0xff, 0xc8, 0xfa, 0xc8, 0xff, 0xd0, 0xfa, 0xcf, 0xff, 0xd7, 0xf9, 0xd4, 0xff, 0xdd, 0xf7, 0xda, 0xff, 0xe1, 0xf4, 0xdd, 0xff, 0xe5, 0xf2, 0xe2, 0xff, 0xe7, 0xf1, 0xe4, 0xff, 0xe9, 0xf0, 0xe6, 0xff, 0xe9, 0xef, 0xe7, 0xff, 0xe8, 0xee, 0xe6, 0xff, 0xe8, 0xee, 0xe7, 0xff, 0xe7, 0xee, 0xe6, 0xff, 0xe7, 0xee, 0xe6, 0xff, 0xe8, 0xf0, 0xe9, 0xff, 0xe8, 0xef, 0xea, 0xff, 0xe8, 0xef, 0xea, 0xff, 0xe8, 0xef, 0xea, 0xff, 0xe8, 0xef, 0xeb, 0xff, 0xe8, 0xef, 0xeb, 0xff, 0xe7, 0xef, 0xeb, 0xff, 0xe7, 0xef, 0xeb, 0xff, 0xe7, 0xef, 0xeb, 0xff, 0xe7, 0xef, 0xeb, 0xff, 0xe6, 0xef, 0xeb, 0xff, 0xe6, 0xef, 0xeb, 0xff, 0xe5, 0xef, 0xe9, 0xff, 0xe5, 0xef, 0xe9, 0xff, 0xe5, 0xef, 0xe9, 0xff, 0xe4, 0xef, 0xe9, 0xff, 0xe3, 0xed, 0xe9, 0xff, 0xe4, 0xef, 0xe9, 0xff, 0xe4, 0xf0, 0xe7, 0xff, 0xe6, 0xf1, 0xe7, 0xff, 0xe8, 0xf1, 0xe7, 0xff, 0xec, 0xf0, 0xe8, 0xff, 0xf3, 0xef, 0xea, 0xff, 0xf2, 0xf0, 0xec, 0xff, 0xe1, 0xee, 0xe8, 0xff, 0xda, 0xf0, 0xe7, 0xff, 0xd8, 0xf2, 0xe5, 0xff, 0xdf, 0xf1, 0xe4, 0xff, 0xf1, 0xed, 0xe5, 0xff, 0xf7, 0xeb, 0xe7, 0xff, 0xf3, 0xea, 0xea, 0xff, 0xee, 0xeb, 0xea, 0xff, 0xec, 0xef, 0xea, 0xff, 0xe9, 0xf0, 0xe8, 0xff, 0xe7, 0xf2, 0xe6, 0xff, 0xe5, 0xf1, 0xe4, 0xff, 0xe6, 0xf2, 0xe3, 0xff, 0xe6, 0xf0, 0xe2, 0xff, 0xe7, 0xf0, 0xe3, 0xff, 0xe9, 0xef, 0xe3, 0xff, 0xec, 0xef, 0xe6, 0xff, 0xec, 0xef, 0xe7, 0xff, 0xeb, 0xee, 0xe8, 0xff, 0xeb, 0xee, 0xe8, 0xff, 0xeb, 0xef, 0xe7, 0xff, 0xeb, 0xef, 0xe6, 0xff, 0xeb, 0xf0, 0xe5, 0xff, 0xea, 0xf0, 0xe5, 0xff, 0xe6, 0xf0, 0xe5, 0xff, 0xe4, 0xf0, 0xe6, 0xff, 0xe4, 0xf0, 0xe6, 0xff, 0xe4, 0xf0, 0xe7, 0xff, 0xe4, 0xf0, 0xe7, 0xff, 0xe6, 0xf1, 0xe8, 0xff, 0xe7, 0xf1, 0xe7, 0xff, 0xe8, 0xf2, 0xe6, 0xff, 0xea, 0xf3, 0xe5, 0xff, 0xe8, 0xf3, 0xe2, 0xff, 0xe7, 0xf5, 0xdf, 0xff, 0xe3, 0xf6, 0xdb, 0xff, 0xdf, 0xf7, 0xd7, 0xff, 0xda, 0xf8, 0xd4, 0xff, 0xd4, 0xf7, 0xd0, 0xff, 0xcd, 0xf9, 0xca, 0xff, 0xc1, 0xfc, 0xc2, 0xff, 0xbd, 0xff, 0xbe, 0xff, 0xbd, 0xff, 0xbe, 0xff, 0xbd, 0xff, 0xbe, 0xff, 
  0xbd, 0xff, 0xbd, 0xff, 0xbe, 0xff, 0xbe, 0xff, 0xc0, 0xfd, 0xc0, 0xff, 0xc2, 0xfb, 0xc3, 0xff, 0xc8, 0xfb, 0xc8, 0xff, 0xcd, 0xfa, 0xcc, 0xff, 0xd3, 0xf8, 0xd1, 0xff, 0xd9, 0xf6, 0xd6, 0xff, 0xe1, 0xf6, 0xdc, 0xff, 0xe4, 0xf4, 0xdf, 0xff, 0xe7, 0xf4, 0xe2, 0xff, 0xe8, 0xf3, 0xe4, 0xff, 0xe7, 0xf2, 0xe5, 0xff, 0xe5, 0xf1, 0xe5, 0xff, 0xe4, 0xf1, 0xe5, 0xff, 0xe4, 0xf0, 0xe6, 0xff, 0xe4, 0xf0, 0xe7, 0xff, 0xe5, 0xef, 0xe8, 0xff, 0xe7, 0xef, 0xe8, 0xff, 0xe9, 0xee, 0xe8, 0xff, 0xec, 0xed, 0xe9, 0xff, 0xed, 0xed, 0xe9, 0xff, 0xec, 0xed, 0xe9, 0xff, 0xeb, 0xed, 0xe9, 0xff, 0xe9, 0xed, 0xe8, 0xff, 0xe7, 0xed, 0xe8, 0xff, 0xe6, 0xed, 0xe8, 0xff, 0xe5, 0xed, 0xe8, 0xff, 0xe6, 0xef, 0xe8, 0xff, 0xe6, 0xef, 0xe8, 0xff, 0xe7, 0xef, 0xe8, 0xff, 0xe9, 0xee, 0xe8, 0xff, 0xea, 0xeb, 0xe7, 0xff, 0xec, 0xed, 0xe7, 0xff, 0xea, 0xef, 0xe6, 0xff, 0xec, 0xef, 0xe6, 0xff, 0xf0, 0xec, 0xe6, 0xff, 0xf6, 0xea, 0xe8, 0xff, 0xfc, 0xe8, 0xeb, 0xff, 0xf6, 0xe8, 0xec, 0xff, 0xe8, 0xef, 0xee, 0xff, 0xde, 0xf2, 0xeb, 0xff, 0xdc, 0xf5, 0xe8, 0xff, 0xe3, 0xf4, 0xe7, 0xff, 0xf2, 0xf0, 0xe9, 0xff, 0xf6, 0xed, 0xed, 0xff, 0xed, 0xec, 0xf3, 0xff, 0xe8, 0xec, 0xf4, 0xff, 0xe3, 0xeb, 0xed, 0xff, 0xe2, 0xed, 0xea, 0xff, 0xe4, 0xee, 0xe8, 0xff, 0xe5, 0xee, 0xe7, 0xff, 0xe7, 0xf0, 0xe6, 0xff, 0xe7, 0xf0, 0xe5, 0xff, 0xe8, 0xf1, 0xe6, 0xff, 0xea, 0xf2, 0xe7, 0xff, 0xe9, 0xf0, 0xe6, 0xff, 0xea, 0xef, 0xe7, 0xff, 0xec, 0xee, 0xe8, 0xff, 0xec, 0xed, 0xe9, 0xff, 0xec, 0xee, 0xe8, 0xff, 0xea, 0xee, 0xe8, 0xff, 0xe8, 0xef, 0xe7, 0xff, 0xe7, 0xf0, 0xe6, 0xff, 0xe7, 0xf1, 0xe5, 0xff, 0xe7, 0xf1, 0xe4, 0xff, 0xe7, 0xf1, 0xe4, 0xff, 0xe7, 0xf1, 0xe4, 0xff, 0xe7, 0xf2, 0xe5, 0xff, 0xe7, 0xf3, 0xe4, 0xff, 0xe7, 0xf3, 0xe3, 0xff, 0xe7, 0xf4, 0xe1, 0xff, 0xe8, 0xf7, 0xe1, 0xff, 0xe4, 0xf7, 0xdd, 0xff, 0xdf, 0xf7, 0xd8, 0xff, 0xd9, 0xf9, 0xd4, 0xff, 0xd2, 0xf9, 0xcf, 0xff, 0xcc, 0xfa, 0xcb, 0xff, 0xc6, 0xfb, 0xc8, 0xff, 0xc2, 0xfc, 0xc5, 0xff, 0xbe, 0xfd, 0xc1, 0xff, 0xbd, 0xfe, 0xbf, 0xff, 0xbd, 0xfe, 0xbf, 0xff, 0xbe, 0xff, 0xc0, 0xff, 
  0xbe, 0xff, 0xbd, 0xff, 0xbf, 0xff, 0xbd, 0xff, 0xbe, 0xff, 0xbe, 0xff, 0xbf, 0xfd, 0xc0, 0xff, 0xc2, 0xfd, 0xc3, 0xff, 0xc5, 0xfb, 0xc6, 0xff, 0xcb, 0xf9, 0xca, 0xff, 0xd1, 0xf8, 0xce, 0xff, 0xd9, 0xf7, 0xd3, 0xff, 0xde, 0xf6, 0xd7, 0xff, 0xe2, 0xf5, 0xda, 0xff, 0xe4, 0xf6, 0xdf, 0xff, 0xe4, 0xf6, 0xe2, 0xff, 0xe3, 0xf6, 0xe3, 0xff, 0xe1, 0xf6, 0xe4, 0xff, 0xe0, 0xf5, 0xe5, 0xff, 0xe1, 0xf5, 0xe6, 0xff, 0xe3, 0xf4, 0xe7, 0xff, 0xe6, 0xf3, 0xe7, 0xff, 0xea, 0xf2, 0xe7, 0xff, 0xed, 0xf1, 0xe8, 0xff, 0xef, 0xf1, 0xe8, 0xff, 0xf0, 0xf0, 0xe8, 0xff, 0xee, 0xf1, 0xe8, 0xff, 0xea, 0xef, 0xe7, 0xff, 0xe7, 0xf0, 0xe7, 0xff, 0xe5, 0xf0, 0xe6, 0xff, 0xe6, 0xf1, 0xe7, 0xff, 0xe6, 0xf2, 0xe7, 0xff, 0xe7, 0xf2, 0xe6, 0xff, 0xe9, 0xf2, 0xe7, 0xff, 0xeb, 0xf2, 0xe7, 0xff, 0xed, 0xf1, 0xe5, 0xff, 0xec, 0xf3, 0xe6, 0xff, 0xe6, 0xf5, 0xe7, 0xff, 0xe5, 0xf4, 0xe9, 0xff, 0xe7, 0xef, 0xeb, 0xff, 0xea, 0xeb, 0xee, 0xff, 0xef, 0xe9, 0xf1, 0xff, 0xea, 0xeb, 0xf3, 0xff, 0xd8, 0xed, 0xee, 0xff, 0xd1, 0xf0, 0xec, 0xff, 0xd1, 0xf2, 0xe8, 0xff, 0xd7, 0xf1, 0xe7, 0xff, 0xe3, 0xed, 0xea, 0xff, 0xe3, 0xeb, 0xee, 0xff, 0xd7, 0xea, 0xf4, 0xff, 0xd3, 0xeb, 0xf5, 0xff, 0xdb, 0xf0, 0xf4, 0xff, 0xdf, 0xf1, 0xf0, 0xff, 0xe3, 0xf1, 0xed, 0xff, 0xe6, 0xf1, 0xeb, 0xff, 0xe8, 0xf2, 0xe8, 0xff, 0xe8, 0xf3, 0xe6, 0xff, 0xe6, 0xf4, 0xe6, 0xff, 0xe6, 0xf5, 0xe6, 0xff, 0xe6, 0xf4, 0xe6, 0xff, 0xe8, 0xf3, 0xe7, 0xff, 0xeb, 0xf1, 0xe8, 0xff, 0xed, 0xf1, 0xe9, 0xff, 0xec, 0xf1, 0xe9, 0xff, 0xe9, 0xf2, 0xe9, 0xff, 0xe5, 0xf3, 0xe8, 0xff, 0xe4, 0xf4, 0xe7, 0xff, 0xe6, 0xf4, 0xe4, 0xff, 0xe7, 0xf5, 0xe3, 0xff, 0xe7, 0xf5, 0xe3, 0xff, 0xe7, 0xf5, 0xe3, 0xff, 0xe6, 0xf6, 0xe2, 0xff, 0xe6, 0xf6, 0xe1, 0xff, 0xe6, 0xf7, 0xe0, 0xff, 0xe5, 0xf8, 0xde, 0xff, 0xe1, 0xf7, 0xda, 0xff, 0xdc, 0xf7, 0xd5, 0xff, 0xd5, 0xf8, 0xd0, 0xff, 0xce, 0xf8, 0xcb, 0xff, 0xc7, 0xfa, 0xc7, 0xff, 0xc1, 0xfc, 0xc5, 0xff, 0xbb, 0xfd, 0xc2, 0xff, 0xb8, 0xfd, 0xc0, 0xff, 0xbd, 0xff, 0xc1, 0xff, 0xbe, 0xff, 0xc1, 0xff, 0xbe, 0xff, 0xc1, 0xff, 0xbe, 0xff, 0xc1, 0xff, 
  0xbf, 0xff, 0xbd, 0xff, 0xbf, 0xff, 0xbe, 0xff, 0xbe, 0xff, 0xbe, 0xff, 0xbd, 0xff, 0xbf, 0xff, 0xbd, 0xfe, 0xc0, 0xff, 0xc0, 0xfd, 0xc3, 0xff, 0xc4, 0xfc, 0xc5, 0xff, 0xca, 0xfb, 0xc8, 0xff, 0xcf, 0xf7, 0xc9, 0xff, 0xd5, 0xf6, 0xcd, 0xff, 0xd9, 0xf6, 0xd2, 0xff, 0xdc, 0xf7, 0xd6, 0xff, 0xdb, 0xf7, 0xd9, 0xff, 0xda, 0xf8, 0xdc, 0xff, 0xd8, 0xf7, 0xdd, 0xff, 0xd7, 0xf7, 0xde, 0xff, 0xd8, 0xf8, 0xdf, 0xff, 0xda, 0xf7, 0xdf, 0xff, 0xdf, 0xf6, 0xe0, 0xff, 0xe3, 0xf5, 0xe1, 0xff, 0xe8, 0xf4, 0xe1, 0xff, 0xea, 0xf3, 0xe2, 0xff, 0xeb, 0xf3, 0xe2, 0xff, 0xea, 0xf3, 0xe2, 0xff, 0xe6, 0xf2, 0xe1, 0xff, 0xe5, 0xf4, 0xe2, 0xff, 0xe2, 0xf5, 0xe2, 0xff, 0xe2, 0xf5, 0xe2, 0xff, 0xe3, 0xf5, 0xe1, 0xff, 0xe4, 0xf5, 0xe1, 0xff, 0xe6, 0xf5, 0xe1, 0xff, 0xe6, 0xf6, 0xdf, 0xff, 0xe3, 0xf7, 0xda, 0xff, 0xdc, 0xf9, 0xdc, 0xff, 0xd0, 0xfa, 0xe2, 0xff, 0xc9, 0xf8, 0xe8, 0xff, 0xc8, 0xf4, 0xf0, 0xff, 0xc9, 0xf3, 0xf6, 0xff, 0xcd, 0xf3, 0xfb, 0xff, 0xcd, 0xf6, 0xff, 0xff, 0xc2, 0xf6, 0xf9, 0xff, 0xc0, 0xf7, 0xf7, 0xff, 0xc5, 0xf8, 0xf4, 0xff, 0xcb, 0xf7, 0xf4, 0xff, 0xd3, 0xf4, 0xf6, 0xff, 0xcf, 0xf3, 0xfa, 0xff, 0xc0, 0xf4, 0xfd, 0xff, 0xc0, 0xf5, 0xfc, 0xff, 0xc9, 0xf1, 0xf0, 0xff, 0xd4, 0xf2, 0xed, 0xff, 0xdb, 0xf2, 0xea, 0xff, 0xe1, 0xf3, 0xe9, 0xff, 0xe4, 0xf4, 0xe6, 0xff, 0xe2, 0xf4, 0xe2, 0xff, 0xde, 0xf5, 0xe0, 0xff, 0xdc, 0xf5, 0xe0, 0xff, 0xde, 0xf7, 0xe2, 0xff, 0xe1, 0xf6, 0xe3, 0xff, 0xe5, 0xf5, 0xe4, 0xff, 0xe7, 0xf4, 0xe5, 0xff, 0xe6, 0xf4, 0xe5, 0xff, 0xe3, 0xf5, 0xe5, 0xff, 0xde, 0xf6, 0xe5, 0xff, 0xdc, 0xf7, 0xe3, 0xff, 0xdf, 0xf8, 0xe0, 0xff, 0xe1, 0xf9, 0xde, 0xff, 0xe0, 0xf7, 0xdd, 0xff, 0xe0, 0xf8, 0xdd, 0xff, 0xdf, 0xf7, 0xdb, 0xff, 0xdf, 0xf8, 0xda, 0xff, 0xdf, 0xf8, 0xd9, 0xff, 0xdd, 0xf8, 0xd6, 0xff, 0xd8, 0xf7, 0xd1, 0xff, 0xd4, 0xf8, 0xce, 0xff, 0xcd, 0xf9, 0xca, 0xff, 0xc7, 0xfa, 0xc6, 0xff, 0xc1, 0xfd, 0xc4, 0xff, 0xbb, 0xff, 0xc1, 0xff, 0xb5, 0xff, 0xbf, 0xff, 0xb5, 0xff, 0xbf, 0xff, 0xbb, 0xff, 0xc1, 0xff, 0xbe, 0xff, 0xc1, 0xff, 0xbe, 0xff, 0xc1, 0xff, 0xbe, 0xff, 0xc1, 0xff, 
  0xbf, 0xff, 0xbe, 0xff, 0xbf, 0xff, 0xbf, 0xff, 0xbe, 0xff, 0xbf, 0xff, 0xbc, 0xff, 0xbf, 0xff, 0xbc, 0xff, 0xc0, 0xff, 0xbd, 0xff, 0xc1, 0xff, 0xc0, 0xfe, 0xc2, 0xff, 0xc5, 0xfe, 0xc4, 0xff, 0xc6, 0xf8, 0xc2, 0xff, 0xcb, 0xf7, 0xc5, 0xff, 0xd0, 0xf7, 0xc9, 0xff, 0xd1, 0xf7, 0xcc, 0xff, 0xd1, 0xf7, 0xcf, 0xff, 0xcf, 0xf7, 0xd1, 0xff, 0xcd, 0xf7, 0xd2, 0xff, 0xcb, 0xf7, 0xd3, 0xff, 0xcd, 0xfa, 0xd5, 0xff, 0xcf, 0xfa, 0xd6, 0xff, 0xd4, 0xf8, 0xd6, 0xff, 0xd8, 0xf7, 0xd7, 0xff, 0xdc, 0xf6, 0xd7, 0xff, 0xde, 0xf6, 0xd8, 0xff, 0xdf, 0xf5, 0xd8, 0xff, 0xde, 0xf5, 0xd8, 0xff, 0xdb, 0xf5, 0xd9, 0xff, 0xd9, 0xf6, 0xd9, 0xff, 0xd7, 0xf7, 0xd8, 0xff, 0xd7, 0xf7, 0xd8, 0xff, 0xd9, 0xf6, 0xd8, 0xff, 0xdb, 0xf6, 0xd8, 0xff, 0xdc, 0xf5, 0xd6, 0xff, 0xda, 0xf6, 0xd5, 0xff, 0xd8, 0xfa, 0xd5, 0xff, 0xc8, 0xf8, 0xd8, 0xff, 0xaf, 0xf4, 0xdf, 0xff, 0x99, 0xeb, 0xe4, 0xff, 0x88, 0xe2, 0xe9, 0xff, 0x7f, 0xdd, 0xed, 0xff, 0x7e, 0xdc, 0xef, 0xff, 0x7e, 0xdd, 0xf1, 0xff, 0x7b, 0xde, 0xef, 0xff, 0x7d, 0xdf, 0xed, 0xff, 0x82, 0xde, 0xec, 0xff, 0x87, 0xdd, 0xec, 0xff, 0x8c, 0xdc, 0xed, 0xff, 0x8a, 0xdc, 0xed, 0xff, 0x80, 0xde, 0xee, 0xff, 0x89, 0xe0, 0xe7, 0xff, 0xab, 0xe8, 0xe1, 0xff, 0xbf, 0xeb, 0xdb, 0xff, 0xcb, 0xee, 0xdd, 0xff, 0xd4, 0xf2, 0xdd, 0xff, 0xda, 0xf6, 0xdc, 0xff, 0xda, 0xf7, 0xda, 0xff, 0xd6, 0xf9, 0xd8, 0xff, 0xd3, 0xf9, 0xd8, 0xff, 0xd2, 0xf8, 0xd7, 0xff, 0xd5, 0xf8, 0xd7, 0xff, 0xda, 0xf6, 0xd9, 0xff, 0xdc, 0xf5, 0xda, 0xff, 0xdc, 0xf5, 0xda, 0xff, 0xd8, 0xf6, 0xda, 0xff, 0xd3, 0xf7, 0xda, 0xff, 0xd1, 0xf8, 0xd8, 0xff, 0xd3, 0xfa, 0xd7, 0xff, 0xd3, 0xf9, 0xd5, 0xff, 0xd2, 0xf8, 0xd4, 0xff, 0xd2, 0xf8, 0xd3, 0xff, 0xd1, 0xf7, 0xd1, 0xff, 0xd1, 0xf7, 0xd0, 0xff, 0xd1, 0xf6, 0xce, 0xff, 0xd0, 0xf6, 0xcc, 0xff, 0xcf, 0xf7, 0xca, 0xff, 0xcd, 0xf8, 0xc8, 0xff, 0xc9, 0xfa, 0xc6, 0xff, 0xc6, 0xfd, 0xc5, 0xff, 0xc1, 0xff, 0xc3, 0xff, 0xbc, 0xff, 0xc1, 0xff, 0xb7, 0xff, 0xbf, 0xff, 0xb7, 0xff, 0xbf, 0xff, 0xbd, 0xff, 0xc2, 0xff, 0xbe, 0xfe, 0xc2, 0xff, 0xbd, 0xfd, 0xc1, 0xff, 0xbd, 0xfd, 0xc1, 0xff, 
  0xc1, 0xfe, 0xc1, 0xff, 0xc0, 0xff, 0xc1, 0xff, 0xbe, 0xff, 0xc0, 0xff, 0xbd, 0xff, 0xc0, 0xff, 0xbb, 0xff, 0xbf, 0xff, 0xbb, 0xff, 0xc0, 0xff, 0xbd, 0xff, 0xc0, 0xff, 0xc0, 0xff, 0xc0, 0xff, 0xc2, 0xfd, 0xc0, 0xff, 0xc6, 0xfd, 0xc2, 0xff, 0xc6, 0xf9, 0xc2, 0xff, 0xc6, 0xf7, 0xc2, 0xff, 0xc6, 0xf8, 0xc5, 0xff, 0xc9, 0xfb, 0xcb, 0xff, 0xc6, 0xfa, 0xcb, 0xff, 0xc0, 0xf6, 0xc7, 0xff, 0xc0, 0xfa, 0xc9, 0xff, 0xbf, 0xf8, 0xc7, 0xff, 0xc5, 0xfa, 0xcb, 0xff, 0xc8, 0xfa, 0xcb, 0xff, 0xc8, 0xf7, 0xc9, 0xff, 0xca, 0xf8, 0xcb, 0xff, 0xcd, 0xf9, 0xcd, 0xff, 0xc8, 0xf5, 0xca, 0xff, 0xc6, 0xf5, 0xca, 0xff, 0xc5, 0xf6, 0xcb, 0xff, 0xc5, 0xf7, 0xcb, 0xff, 0xc6, 0xf8, 0xcb, 0xff, 0xc8, 0xf8, 0xcb, 0xff, 0xca, 0xf7, 0xcb, 0xff, 0xcc, 0xf6, 0xca, 0xff, 0xca, 0xf5, 0xcc, 0xff, 0xc4, 0xf3, 0xd0, 0xff, 0xb7, 0xf7, 0xe0, 0xff, 0x8a, 0xea, 0xe6, 0xff, 0x4e, 0xc9, 0xd7, 0xff, 0x34, 0xc4, 0xe3, 0xff, 0x26, 0xc3, 0xeb, 0xff, 0x25, 0xc6, 0xf0, 0xff, 0x21, 0xc4, 0xee, 0xff, 0x27, 0xc9, 0xf2, 0xff, 0x1f, 0xbf, 0xe8, 0xff, 0x24, 0xc0, 0xeb, 0xff, 0x2c, 0xc4, 0xf0, 0xff, 0x2c, 0xc1, 0xe9, 0xff, 0x2f, 0xc2, 0xe6, 0xff, 0x34, 0xc7, 0xe4, 0xff, 0x46, 0xc4, 0xcf, 0xff, 0x7e, 0xd4, 0xc2, 0xff, 0xad, 0xea, 0xc9, 0xff, 0xc3, 0xf6, 0xd3, 0xff, 0xc6, 0xf4, 0xcd, 0xff, 0xc8, 0xf3, 0xc8, 0xff, 0xce, 0xfa, 0xcb, 0xff, 0xcc, 0xfd, 0xcc, 0xff, 0xc3, 0xf8, 0xc5, 0xff, 0xc4, 0xfa, 0xc7, 0xff, 0xc5, 0xf9, 0xc7, 0xff, 0xcb, 0xf8, 0xc9, 0xff, 0xcd, 0xf6, 0xc9, 0xff, 0xcc, 0xf5, 0xc8, 0xff, 0xcd, 0xf9, 0xcb, 0xff, 0xc9, 0xfb, 0xcc, 0xff, 0xc1, 0xf6, 0xc7, 0xff, 0xbf, 0xf7, 0xc6, 0xff, 0xc2, 0xfb, 0xca, 0xff, 0xc1, 0xfa, 0xc9, 0xff, 0xbf, 0xf8, 0xc7, 0xff, 0xc2, 0xfa, 0xc9, 0xff, 0xc3, 0xfa, 0xc9, 0xff, 0xc4, 0xf9, 0xc7, 0xff, 0xc9, 0xfc, 0xca, 0xff, 0xc7, 0xf8, 0xc5, 0xff, 0xc8, 0xf9, 0xc5, 0xff, 0xc7, 0xfa, 0xc3, 0xff, 0xc7, 0xfc, 0xc3, 0xff, 0xc4, 0xfe, 0xc1, 0xff, 0xc1, 0xff, 0xc0, 0xff, 0xbe, 0xff, 0xbe, 0xff, 0xbd, 0xff, 0xbf, 0xff, 0xbe, 0xff, 0xc1, 0xff, 0xbe, 0xfe, 0xc2, 0xff, 0xbf, 0xfe, 0xc2, 0xff, 0xbf, 0xfe, 0xc2, 0xff, 
  0xc1, 0xfd, 0xc3, 0xff, 0xc0, 0xfe, 0xc2, 0xff, 0xbf, 0xfe, 0xc1, 0xff, 0xbd, 0xff, 0xc1, 0xff, 0xbb, 0xff, 0xc0, 0xff, 0xbb, 0xff, 0xbf, 0xff, 0xbc, 0xff, 0xbf, 0xff, 0xbd, 0xff, 0xbf, 0xff, 0xbe, 0xff, 0xbe, 0xff, 0xbf, 0xfe, 0xbe, 0xff, 0xc1, 0xfd, 0xbf, 0xff, 0xc3, 0xfe, 0xc1, 0xff, 0xc4, 0xfd, 0xc2, 0xff, 0xc3, 0xfb, 0xc3, 0xff, 0xc2, 0xfb, 0xc4, 0xff, 0xc3, 0xfd, 0xc6, 0xff, 0xbf, 0xfb, 0xc1, 0xff, 0xbe, 0xfa, 0xbf, 0xff, 0xc2, 0xfd, 0xc3, 0xff, 0xc2, 0xfd, 0xc3, 0xff, 0xc0, 0xfb, 0xc1, 0xff, 0xc1, 0xfc, 0xc3, 0xff, 0xc3, 0xfe, 0xc7, 0xff, 0xc1, 0xfd, 0xc6, 0xff, 0xbe, 0xfb, 0xc5, 0xff, 0xbe, 0xfb, 0xc5, 0xff, 0xbf, 0xfc, 0xc6, 0xff, 0xc0, 0xfc, 0xc5, 0xff, 0xc1, 0xfc, 0xc5, 0xff, 0xc2, 0xfb, 0xc4, 0xff, 0xc4, 0xfa, 0xc4, 0xff, 0xc2, 0xf9, 0xc8, 0xff, 0xbc, 0xf6, 0xd1, 0xff, 0xa6, 0xf6, 0xe2, 0xff, 0x6c, 0xe3, 0xe7, 0xff, 0x33, 0xcb, 0xe4, 0xff, 0x14, 0xc6, 0xf2, 0xff, 0x04, 0xc5, 0xfb, 0xff, 0x04, 0xc8, 0xff, 0xff, 0x01, 0xc5, 0xfc, 0xff, 0x04, 0xc4, 0xfb, 0xff, 0x06, 0xc5, 0xfd, 0xff, 0x02, 0xc1, 0xfc, 0xff, 0x03, 0xc0, 0xfa, 0xff, 0x0b, 0xc5, 0xf8, 0xff, 0x19, 0xca, 0xf3, 0xff, 0x29, 0xcb, 0xe8, 0xff, 0x48, 0xce, 0xd5, 0xff, 0x90, 0xf0, 0xd5, 0xff, 0xb2, 0xfa, 0xcd, 0xff, 0xbd, 0xfc, 0xcd, 0xff, 0xc0, 0xfa, 0xc7, 0xff, 0xc1, 0xf7, 0xc1, 0xff, 0xc3, 0xfb, 0xc1, 0xff, 0xc2, 0xfe, 0xc1, 0xff, 0xbe, 0xfe, 0xc0, 0xff, 0xbe, 0xff, 0xc1, 0xff, 0xbe, 0xfd, 0xc1, 0xff, 0xc3, 0xfd, 0xc3, 0xff, 0xc6, 0xfc, 0xc4, 0xff, 0xc5, 0xfa, 0xc1, 0xff, 0xc6, 0xfc, 0xc3, 0xff, 0xc4, 0xfe, 0xc4, 0xff, 0xbe, 0xfa, 0xc0, 0xff, 0xbf, 0xfc, 0xc2, 0xff, 0xbd, 0xfb, 0xc2, 0xff, 0xb8, 0xf7, 0xbe, 0xff, 0xb9, 0xf8, 0xbf, 0xff, 0xbf, 0xff, 0xc6, 0xff, 0xc1, 0xff, 0xc7, 0xff, 0xbe, 0xfc, 0xc4, 0xff, 0xc0, 0xfb, 0xc4, 0xff, 0xc2, 0xfb, 0xc3, 0xff, 0xc4, 0xfb, 0xc3, 0xff, 0xc5, 0xfb, 0xc2, 0xff, 0xc6, 0xfd, 0xc2, 0xff, 0xc5, 0xfd, 0xc1, 0xff, 0xc4, 0xfe, 0xc0, 0xff, 0xc3, 0xff, 0xbf, 0xff, 0xc1, 0xff, 0xbf, 0xff, 0xbf, 0xff, 0xc1, 0xff, 0xbf, 0xfe, 0xc2, 0xff, 0xbf, 0xfe, 0xc2, 0xff, 0xc0, 0xfe, 0xc2, 0xff, 
  0xc0, 0xfd, 0xc4, 0xff, 0xc0, 0xfd, 0xc4, 0xff, 0xbf, 0xfe, 0xc3, 0xff, 0xbf, 0xfe, 0xc2, 0xff, 0xbd, 0xff, 0xc1, 0xff, 0xbd, 0xff, 0xc0, 0xff, 0xbc, 0xff, 0xbf, 0xff, 0xbc, 0xff, 0xbe, 0xff, 0xbb, 0xff, 0xbd, 0xff, 0xba, 0xff, 0xbb, 0xff, 0xbd, 0xff, 0xbd, 0xff, 0xc1, 0xff, 0xc1, 0xff, 0xc1, 0xff, 0xbf, 0xff, 0xc0, 0xfb, 0xbd, 0xff, 0xc4, 0xfd, 0xc0, 0xff, 0xcb, 0xff, 0xc4, 0xff, 0xcc, 0xff, 0xbf, 0xff, 0xcd, 0xff, 0xbe, 0xff, 0xcb, 0xff, 0xc0, 0xff, 0xc8, 0xff, 0xc0, 0xff, 0xc2, 0xff, 0xbf, 0xff, 0xbe, 0xff, 0xbe, 0xff, 0xbd, 0xff, 0xc0, 0xff, 0xbc, 0xff, 0xc1, 0xff, 0xbc, 0xff, 0xc1, 0xff, 0xbc, 0xff, 0xc1, 0xff, 0xbd, 0xff, 0xc1, 0xff, 0xbe, 0xff, 0xc1, 0xff, 0xc0, 0xff, 0xc0, 0xff, 0xc0, 0xfe, 0xbf, 0xff, 0xc1, 0xfe, 0xbf, 0xff, 0xbc, 0xfb, 0xc3, 0xff, 0xb4, 0xf9, 0xce, 0xff, 0x97, 0xf4, 0xdd, 0xff, 0x51, 0xda, 0xdd, 0xff, 0x25, 0xce, 0xe9, 0xff, 0x08, 0xc9, 0xf7, 0xff, 0x00, 0xc7, 0xff, 0xff, 0x03, 0xc9, 0xff, 0xff, 0x02, 0xc4, 0xfe, 0xff, 0x04, 0xc1, 0xfb, 0xff, 0x09, 0xc8, 0xff, 0xff, 0x00, 0xc5, 0xff, 0xff, 0x00, 0xc2, 0xfc, 0xff, 0x0b, 0xca, 0xf8, 0xff, 0x20, 0xcc, 0xec, 0xff, 0x45, 0xd0, 0xe0, 0xff, 0x71, 0xe2, 0xdb, 0xff, 0xa1, 0xfe, 0xd9, 0xff, 0xae, 0xfd, 0xc8, 0xff, 0xb3, 0xfb, 0xc3, 0xff, 0xb9, 0xfc, 0xc2, 0xff, 0xbc, 0xfb, 0xbf, 0xff, 0xbc, 0xfb, 0xbc, 0xff, 0xbb, 0xfe, 0xbd, 0xff, 0xbd, 0xff, 0xc1, 0xff, 0xbb, 0xff, 0xc0, 0xff, 0xb8, 0xfe, 0xbe, 0xff, 0xbd, 0xff, 0xc1, 0xff, 0xc1, 0xff, 0xc3, 0xff, 0xc0, 0xfd, 0xc0, 0xff, 0xc1, 0xfd, 0xbf, 0xff, 0xc4, 0xff, 0xc1, 0xff, 0xc4, 0xfd, 0xbe, 0xff, 0xca, 0xff, 0xc1, 0xff, 0xcb, 0xff, 0xc1, 0xff, 0xc6, 0xfe, 0xbf, 0xff, 0xc4, 0xff, 0xc1, 0xff, 0xc3, 0xff, 0xc4, 0xff, 0xbf, 0xff, 0xc1, 0xff, 0xbc, 0xfc, 0xc0, 0xff, 0xbf, 0xff, 0xc4, 0xff, 0xbf, 0xfd, 0xc2, 0xff, 0xc0, 0xfd, 0xc1, 0xff, 0xc1, 0xfc, 0xc1, 0xff, 0xc3, 0xfd, 0xc2, 0xff, 0xc4, 0xfd, 0xc2, 0xff, 0xc3, 0xfe, 0xc1, 0xff, 0xc3, 0xfe, 0xc1, 0xff, 0xc2, 0xfe, 0xc1, 0xff, 0xc0, 0xfe, 0xc2, 0xff, 0xbf, 0xfe, 0xc2, 0xff, 0xc0, 0xfe, 0xc2, 0xff, 0xc0, 0xfe, 0xc2, 0xff, 
  0xbe, 0xfd, 0xc4, 0xff, 0xbf, 0xfd, 0xc4, 0xff, 0xc0, 0xfd, 0xc3, 0xff, 0xc0, 0xfe, 0xc2, 0xff, 0xc0, 0xfe, 0xc1, 0xff, 0xbf, 0xff, 0xc0, 0xff, 0xbe, 0xff, 0xbf, 0xff, 0xbc, 0xff, 0xbe, 0xff, 0xba, 0xff, 0xbd, 0xff, 0xb9, 0xff, 0xbc, 0xff, 0xbb, 0xff, 0xbe, 0xff, 0xbf, 0xff, 0xbf, 0xff, 0xc2, 0xff, 0xbe, 0xff, 0xc5, 0xfe, 0xbd, 0xff, 0xc9, 0xfd, 0xbe, 0xff, 0xd1, 0xfd, 0xbe, 0xff, 0xd7, 0xf8, 0xb8, 0xff, 0xda, 0xf9, 0xb8, 0xff, 0xd2, 0xf9, 0xb7, 0xff, 0xcd, 0xfc, 0xb9, 0xff, 0xc9, 0xff, 0xbe, 0xff, 0xc2, 0xff, 0xbe, 0xff, 0xbc, 0xff, 0xbd, 0xff, 0xbb, 0xff, 0xbe, 0xff, 0xbc, 0xff, 0xbf, 0xff, 0xbd, 0xff, 0xbf, 0xff, 0xbe, 0xff, 0xbf, 0xff, 0xbf, 0xff, 0xbf, 0xff, 0xbf, 0xff, 0xbd, 0xff, 0xc0, 0xff, 0xbd, 0xff, 0xbf, 0xff, 0xbd, 0xff, 0xb7, 0xfc, 0xc3, 0xff, 0xaa, 0xfa, 0xd2, 0xff, 0x83, 0xef, 0xdc, 0xff, 0x36, 0xd0, 0xd6, 0xff, 0x17, 0xce, 0xeb, 0xff, 0x01, 0xc8, 0xf9, 0xff, 0x00, 0xc7, 0xff, 0xff, 0x04, 0xc7, 0xff, 0xff, 0x04, 0xc2, 0xfe, 0xff, 0x06, 0xc2, 0xfd, 0xff, 0x07, 0xc6, 0xff, 0xff, 0x01, 0xc8, 0xff, 0xff, 0x02, 0xc9, 0xfd, 0xff, 0x0e, 0xcc, 0xf0, 0xff, 0x26, 0xcb, 0xde, 0xff, 0x5e, 0xda, 0xda, 0xff, 0x96, 0xf7, 0xe2, 0xff, 0xa4, 0xfb, 0xcf, 0xff, 0xac, 0xfb, 0xc2, 0xff, 0xb0, 0xfa, 0xc0, 0xff, 0xb7, 0xfd, 0xc1, 0xff, 0xbc, 0xff, 0xc1, 0xff, 0xbb, 0xfe, 0xbe, 0xff, 0xbb, 0xff, 0xbe, 0xff, 0xbd, 0xff, 0xc1, 0xff, 0xbb, 0xff, 0xc2, 0xff, 0xb6, 0xfe, 0xbf, 0xff, 0xb8, 0xff, 0xc1, 0xff, 0xbd, 0xff, 0xc3, 0xff, 0xbf, 0xff, 0xc1, 0xff, 0xc1, 0xfe, 0xbf, 0xff, 0xc7, 0xff, 0xc0, 0xff, 0xce, 0xff, 0xbf, 0xff, 0xd6, 0xfb, 0xbc, 0xff, 0xd8, 0xfa, 0xbb, 0xff, 0xd1, 0xf8, 0xb9, 0xff, 0xcf, 0xfc, 0xbd, 0xff, 0xcc, 0xff, 0xc1, 0xff, 0xc4, 0xff, 0xbf, 0xff, 0xbe, 0xfd, 0xbf, 0xff, 0xc0, 0xff, 0xc3, 0xff, 0xbc, 0xfe, 0xc0, 0xff, 0xbc, 0xfe, 0xc1, 0xff, 0xbf, 0xfe, 0xc2, 0xff, 0xc0, 0xfe, 0xc2, 0xff, 0xc1, 0xfe, 0xc2, 0xff, 0xc1, 0xfe, 0xc2, 0xff, 0xc1, 0xfe, 0xc2, 0xff, 0xc1, 0xfe, 0xc2, 0xff, 0xc0, 0xfe, 0xc2, 0xff, 0xc0, 0xfe, 0xc1, 0xff, 0xc0, 0xfe, 0xc1, 0xff, 0xc0, 0xfe, 0xc1, 0xff, 
  0xba, 0xff, 0xc3, 0xff, 0xbc, 0xfe, 0xc2, 0xff, 0xbf, 0xfe, 0xc2, 0xff, 0xc2, 0xfe, 0xc2, 0xff, 0xc4, 0xfe, 0xc1, 0xff, 0xc3, 0xfe, 0xc0, 0xff, 0xc1, 0xff, 0xbf, 0xff, 0xbe, 0xff, 0xbf, 0xff, 0xba, 0xff, 0xbe, 0xff, 0xbb, 0xff, 0xbf, 0xff, 0xbb, 0xff, 0xbe, 0xff, 0xbe, 0xfe, 0xbc, 0xff, 0xc6, 0xff, 0xbe, 0xff, 0xcf, 0xff, 0xc0, 0xff, 0xd1, 0xfa, 0xbc, 0xff, 0xd6, 0xf0, 0xb3, 0xff, 0xdb, 0xe2, 0xa6, 0xff, 0xdf, 0xe2, 0xa6, 0xff, 0xd4, 0xe5, 0xa6, 0xff, 0xd0, 0xef, 0xae, 0xff, 0xd1, 0xfd, 0xbd, 0xff, 0xca, 0xff, 0xc1, 0xff, 0xc0, 0xff, 0xbd, 0xff, 0xbe, 0xff, 0xbf, 0xff, 0xc0, 0xff, 0xc0, 0xff, 0xc1, 0xff, 0xbf, 0xff, 0xc3, 0xff, 0xbf, 0xff, 0xc4, 0xff, 0xbf, 0xff, 0xc3, 0xfe, 0xbe, 0xff, 0xc2, 0xfe, 0xbe, 0xff, 0xc1, 0xfe, 0xbe, 0xff, 0xb4, 0xfc, 0xc7, 0xff, 0x9c, 0xf8, 0xdb, 0xff, 0x6a, 0xe6, 0xdf, 0xff, 0x23, 0xcb, 0xd8, 0xff, 0x0d, 0xcf, 0xee, 0xff, 0x00, 0xc7, 0xf9, 0xff, 0x00, 0xc6, 0xff, 0xff, 0x09, 0xc4, 0xff, 0xff, 0x09, 0xc1, 0xfd, 0xff, 0x0b, 0xc6, 0xff, 0xff, 0x06, 0xc6, 0xfb, 0xff, 0x04, 0xcb, 0xfd, 0xff, 0x09, 0xcc, 0xf4, 0xff, 0x15, 0xcc, 0xe2, 0xff, 0x3c, 0xd8, 0xda, 0xff, 0x7c, 0xef, 0xdc, 0xff, 0xa4, 0xfd, 0xda, 0xff, 0xac, 0xfb, 0xcb, 0xff, 0xb5, 0xfe, 0xc7, 0xff, 0xb8, 0xff, 0xc6, 0xff, 0xbb, 0xff, 0xc5, 0xff, 0xbd, 0xfe, 0xc3, 0xff, 0xbe, 0xfe, 0xc2, 0xff, 0xbe, 0xfe, 0xc2, 0xff, 0xbd, 0xfe, 0xc2, 0xff, 0xbe, 0xff, 0xc7, 0xff, 0xb7, 0xfc, 0xc2, 0xff, 0xb7, 0xfd, 0xc4, 0xff, 0xbb, 0xff, 0xc5, 0xff, 0xc0, 0xfd, 0xc4, 0xff, 0xc6, 0xfd, 0xc3, 0xff, 0xcd, 0xfd, 0xc2, 0xff, 0xd8, 0xf9, 0xbf, 0xff, 0xdf, 0xea, 0xaf, 0xff, 0xdd, 0xe1, 0xa6, 0xff, 0xd0, 0xdd, 0xa1, 0xff, 0xd0, 0xe8, 0xab, 0xff, 0xd8, 0xfc, 0xbe, 0xff, 0xd3, 0xff, 0xc4, 0xff, 0xc7, 0xff, 0xc1, 0xff, 0xbe, 0xfd, 0xbf, 0xff, 0xbb, 0xfe, 0xc0, 0xff, 0xba, 0xff, 0xc1, 0xff, 0xbb, 0xff, 0xc2, 0xff, 0xbb, 0xff, 0xc2, 0xff, 0xbc, 0xff, 0xc2, 0xff, 0xbd, 0xff, 0xc2, 0xff, 0xbe, 0xfe, 0xc2, 0xff, 0xbe, 0xfe, 0xc2, 0xff, 0xbf, 0xff, 0xc1, 0xff, 0xc0, 0xff, 0xc1, 0xff, 0xc0, 0xff, 0xc1, 0xff, 0xc0, 0xff, 0xc1, 0xff, 
  0xb7, 0xff, 0xc1, 0xff, 0xba, 0xff, 0xc1, 0xff, 0xbf, 0xff, 0xc1, 0xff, 0xc3, 0xfe, 0xc1, 0xff, 0xc7, 0xfd, 0xc1, 0xff, 0xc7, 0xfd, 0xc0, 0xff, 0xc4, 0xfe, 0xc0, 0xff, 0xc0, 0xff, 0xbf, 0xff, 0xbb, 0xff, 0xbf, 0xff, 0xbc, 0xff, 0xc1, 0xff, 0xbc, 0xff, 0xbf, 0xff, 0xbf, 0xfc, 0xbc, 0xff, 0xca, 0xfe, 0xbf, 0xff, 0xd6, 0xff, 0xc1, 0xff, 0xd6, 0xf4, 0xb8, 0xff, 0xd8, 0xe3, 0xaa, 0xff, 0xe2, 0xd4, 0x9d, 0xff, 0xe6, 0xd3, 0x9c, 0xff, 0xd6, 0xd5, 0x9b, 0xff, 0xd3, 0xe4, 0xa8, 0xff, 0xd6, 0xfb, 0xbd, 0xff, 0xcd, 0xff, 0xc2, 0xff, 0xc0, 0xfd, 0xbe, 0xff, 0xbf, 0xff, 0xc0, 0xff, 0xc1, 0xff, 0xc1, 0xff, 0xc2, 0xff, 0xc0, 0xff, 0xc4, 0xfe, 0xc0, 0xff, 0xc4, 0xfd, 0xbf, 0xff, 0xc3, 0xfd, 0xbf, 0xff, 0xc1, 0xfe, 0xbf, 0xff, 0xbf, 0xfe, 0xbf, 0xff, 0xad, 0xfb, 0xcb, 0xff, 0x8b, 0xf3, 0xe1, 0xff, 0x50, 0xdc, 0xe0, 0xff, 0x1a, 0xcf, 0xe2, 0xff, 0x05, 0xcf, 0xf0, 0xff, 0x00, 0xc8, 0xfa, 0xff, 0x03, 0xc7, 0xff, 0xff, 0x0a, 0xc5, 0xff, 0xff, 0x0b, 0xc4, 0xfc, 0xff, 0x0a, 0xca, 0xfe, 0xff, 0x06, 0xc8, 0xf7, 0xff, 0x0a, 0xcb, 0xf3, 0xff, 0x15, 0xcc, 0xe7, 0xff, 0x2f, 0xd4, 0xdb, 0xff, 0x65, 0xed, 0xe0, 0xff, 0x9e, 0xff, 0xdd, 0xff, 0xab, 0xf7, 0xc7, 0xff, 0xb6, 0xfc, 0xc6, 0xff, 0xbc, 0xff, 0xc6, 0xff, 0xbd, 0xff, 0xc6, 0xff, 0xba, 0xfe, 0xc1, 0xff, 0xbc, 0xfd, 0xc0, 0xff, 0xc1, 0xff, 0xc3, 0xff, 0xc3, 0xff, 0xc4, 0xff, 0xc1, 0xfd, 0xc3, 0xff, 0xc0, 0xff, 0xc6, 0xff, 0xba, 0xfc, 0xc4, 0xff, 0xb9, 0xfe, 0xc5, 0xff, 0xbb, 0xfe, 0xc5, 0xff, 0xc0, 0xfc, 0xc3, 0xff, 0xca, 0xfd, 0xc3, 0xff, 0xd1, 0xfa, 0xc0, 0xff, 0xdb, 0xf0, 0xb7, 0xff, 0xdf, 0xd8, 0xa0, 0xff, 0xe3, 0xd2, 0x9c, 0xff, 0xd6, 0xd0, 0x98, 0xff, 0xd3, 0xdb, 0xa1, 0xff, 0xd9, 0xf0, 0xb5, 0xff, 0xd8, 0xfd, 0xc1, 0xff, 0xca, 0xfd, 0xc0, 0xff, 0xc0, 0xfc, 0xbf, 0xff, 0xbd, 0xff, 0xc0, 0xff, 0xba, 0xff, 0xc1, 0xff, 0xba, 0xff, 0xc1, 0xff, 0xbb, 0xff, 0xc1, 0xff, 0xbc, 0xff, 0xc1, 0xff, 0xbe, 0xff, 0xc1, 0xff, 0xbf, 0xfe, 0xc1, 0xff, 0xbf, 0xfe, 0xc1, 0xff, 0xc0, 0xff, 0xc1, 0xff, 0xc0, 0xff, 0xc0, 0xff, 0xc0, 0xff, 0xc0, 0xff, 0xc0, 0xff, 0xc0, 0xff, 
  0xb5, 0xff, 0xbf, 0xff, 0xb8, 0xff, 0xbf, 0xff, 0xbe, 0xff, 0xbf, 0xff, 0xc4, 0xfe, 0xc0, 0xff, 0xc9, 0xfd, 0xc0, 0xff, 0xca, 0xfd, 0xc0, 0xff, 0xc7, 0xfd, 0xc0, 0xff, 0xc3, 0xfe, 0xc0, 0xff, 0xbe, 0xff, 0xc1, 0xff, 0xbc, 0xff, 0xc1, 0xff, 0xbd, 0xfe, 0xc0, 0xff, 0xc2, 0xfc, 0xbf, 0xff, 0xd0, 0xfd, 0xc1, 0xff, 0xd9, 0xf9, 0xbf, 0xff, 0xd8, 0xeb, 0xb3, 0xff, 0xdc, 0xda, 0xa4, 0xff, 0xf1, 0xd1, 0x9f, 0xff, 0xf5, 0xd2, 0xa0, 0xff, 0xe0, 0xd2, 0x9d, 0xff, 0xd7, 0xe0, 0xa8, 0xff, 0xd7, 0xf8, 0xbe, 0xff, 0xcc, 0xfe, 0xc3, 0xff, 0xbd, 0xfa, 0xbe, 0xff, 0xbc, 0xff, 0xc2, 0xff, 0xbd, 0xfe, 0xc2, 0xff, 0xbf, 0xfe, 0xc2, 0xff, 0xc2, 0xfd, 0xc2, 0xff, 0xc2, 0xfc, 0xc1, 0xff, 0xc0, 0xfd, 0xc1, 0xff, 0xbd, 0xfd, 0xc1, 0xff, 0xba, 0xff, 0xc2, 0xff, 0xa5, 0xfc, 0xd1, 0xff, 0x75, 0xe9, 0xe3, 0xff, 0x38, 0xcf, 0xe0, 0xff, 0x14, 0xd3, 0xec, 0xff, 0x00, 0xce, 0xf1, 0xff, 0x00, 0xcb, 0xfa, 0xff, 0x03, 0xcb, 0xff, 0xff, 0x04, 0xc6, 0xfb, 0xff, 0x06, 0xc9, 0xfb, 0xff, 0x02, 0xcd, 0xf9, 0xff, 0x07, 0xcc, 0xf2, 0xff, 0x17, 0xcc, 0xe9, 0xff, 0x32, 0xd2, 0xe1, 0xff, 0x5e, 0xe4, 0xde, 0xff, 0x91, 0xfa, 0xdf, 0xff, 0xb6, 0xff, 0xd0, 0xff, 0xbd, 0xf8, 0xbe, 0xff, 0xbf, 0xfc, 0xbf, 0xff, 0xbf, 0xff, 0xc0, 0xff, 0xbe, 0xff, 0xbf, 0xff, 0xbc, 0xfe, 0xbc, 0xff, 0xbf, 0xff, 0xbd, 0xff, 0xc3, 0xff, 0xbf, 0xff, 0xc7, 0xff, 0xc2, 0xff, 0xc6, 0xff, 0xc2, 0xff, 0xc2, 0xfd, 0xc2, 0xff, 0xbe, 0xfd, 0xc2, 0xff, 0xbb, 0xfe, 0xc3, 0xff, 0xbd, 0xfe, 0xc2, 0xff, 0xc3, 0xfd, 0xc0, 0xff, 0xce, 0xfe, 0xc0, 0xff, 0xd2, 0xf5, 0xb8, 0xff, 0xd9, 0xe5, 0xaa, 0xff, 0xe6, 0xd2, 0x9c, 0xff, 0xf1, 0xd3, 0xa0, 0xff, 0xe5, 0xd4, 0x9f, 0xff, 0xdc, 0xda, 0xa3, 0xff, 0xda, 0xea, 0xb1, 0xff, 0xd7, 0xf7, 0xbc, 0xff, 0xce, 0xfc, 0xc0, 0xff, 0xc6, 0xff, 0xc1, 0xff, 0xbf, 0xff, 0xc0, 0xff, 0xbd, 0xff, 0xc1, 0xff, 0xbd, 0xff, 0xc1, 0xff, 0xbe, 0xff, 0xc1, 0xff, 0xc1, 0xfe, 0xc1, 0xff, 0xc3, 0xfe, 0xc1, 0xff, 0xc5, 0xfe, 0xc1, 0xff, 0xc4, 0xfe, 0xc1, 0xff, 0xc2, 0xfe, 0xc1, 0xff, 0xc1, 0xff, 0xc0, 0xff, 0xc0, 0xff, 0xc0, 0xff, 0xc0, 0xff, 0xc0, 0xff, 
  0xb5, 0xff, 0xbe, 0xff, 0xb8, 0xff, 0xbe, 0xff, 0xbf, 0xff, 0xbf, 0xff, 0xc4, 0xfe, 0xbf, 0xff, 0xc9, 0xfd, 0xc0, 0xff, 0xc9, 0xfd, 0xc0, 0xff, 0xc6, 0xfd, 0xc0, 0xff, 0xc3, 0xfe, 0xc1, 0xff, 0xc0, 0xff, 0xc2, 0xff, 0xbd, 0xfe, 0xc0, 0xff, 0xbc, 0xfd, 0xbf, 0xff, 0xc6, 0xfe, 0xc2, 0xff, 0xd3, 0xfd, 0xc2, 0xff, 0xdb, 0xf4, 0xbb, 0xff, 0xdf, 0xe3, 0xae, 0xff, 0xe6, 0xd4, 0xa1, 0xff, 0xfb, 0xd2, 0xa1, 0xff, 0xfb, 0xd3, 0xa2, 0xff, 0xe2, 0xd3, 0x9f, 0xff, 0xd6, 0xdf, 0xa9, 0xff, 0xd5, 0xf7, 0xbe, 0xff, 0xc9, 0xfc, 0xc2, 0xff, 0xbb, 0xfa, 0xbe, 0xff, 0xbd, 0xff, 0xc5, 0xff, 0xba, 0xfe, 0xc3, 0xff, 0xbc, 0xfe, 0xc4, 0xff, 0xbf, 0xfc, 0xc3, 0xff, 0xc1, 0xfc, 0xc3, 0xff, 0xbf, 0xfc, 0xc3, 0xff, 0xbc, 0xfd, 0xc5, 0xff, 0xb7, 0xfe, 0xc6, 0xff, 0x9f, 0xfb, 0xd8, 0xff, 0x60, 0xe0, 0xe6, 0xff, 0x22, 0xc5, 0xe2, 0xff, 0x0f, 0xd4, 0xf6, 0xff, 0x00, 0xcc, 0xf4, 0xff, 0x00, 0xcb, 0xfb, 0xff, 0x03, 0xcd, 0xff, 0xff, 0x00, 0xc6, 0xf9, 0xff, 0x05, 0xcb, 0xfc, 0xff, 0x01, 0xcb, 0xf7, 0xff, 0x0c, 0xcc, 0xf1, 0xff, 0x23, 0xcb, 0xe6, 0xff, 0x4b, 0xdb, 0xe6, 0xff, 0x7b, 0xf2, 0xe9, 0xff, 0x98, 0xf9, 0xdc, 0xff, 0xad, 0xf7, 0xc9, 0xff, 0xc0, 0xff, 0xc7, 0xff, 0xbe, 0xff, 0xc1, 0xff, 0xbd, 0xff, 0xbd, 0xff, 0xbe, 0xff, 0xbd, 0xff, 0xc1, 0xff, 0xbe, 0xff, 0xc2, 0xff, 0xbf, 0xff, 0xc2, 0xff, 0xbf, 0xff, 0xc3, 0xff, 0xbf, 0xff, 0xc4, 0xfd, 0xbf, 0xff, 0xc3, 0xfb, 0xbf, 0xff, 0xc3, 0xfe, 0xc1, 0xff, 0xbf, 0xff, 0xc2, 0xff, 0xbe, 0xfe, 0xc0, 0xff, 0xc5, 0xfd, 0xbf, 0xff, 0xd3, 0xfd, 0xbf, 0xff, 0xda, 0xf0, 0xb2, 0xff, 0xdc, 0xda, 0xa0, 0xff, 0xf2, 0xd4, 0xa0, 0xff, 0xf9, 0xd3, 0xa2, 0xff, 0xeb, 0xd2, 0xa0, 0xff, 0xdd, 0xd7, 0xa2, 0xff, 0xd9, 0xeb, 0xb2, 0xff, 0xd8, 0xfd, 0xc1, 0xff, 0xce, 0xff, 0xc3, 0xff, 0xc5, 0xfe, 0xc0, 0xff, 0xc3, 0xfe, 0xc0, 0xff, 0xc0, 0xff, 0xc0, 0xff, 0xbe, 0xff, 0xc0, 0xff, 0xc0, 0xff, 0xc1, 0xff, 0xc3, 0xff, 0xc1, 0xff, 0xc5, 0xfe, 0xc0, 0xff, 0xc7, 0xfd, 0xc0, 0xff, 0xc6, 0xfe, 0xc0, 0xff, 0xc3, 0xfe, 0xc0, 0xff, 0xc1, 0xff, 0xc0, 0xff, 0xc0, 0xff, 0xc0, 0xff, 0xc0, 0xff, 0xc0, 0xff, 
  0xb7, 0xff, 0xbf, 0xff, 0xbb, 0xff, 0xbf, 0xff, 0xc1, 0xff, 0xbf, 0xff, 0xc4, 0xfe, 0xbf, 0xff, 0xc4, 0xfe, 0xc0, 0xff, 0xc4, 0xfe, 0xc0, 0xff, 0xc2, 0xfe, 0xc0, 0xff, 0xc1, 0xfe, 0xc1, 0xff, 0xbf, 0xfe, 0xc0, 0xff, 0xc1, 0xff, 0xc3, 0xff, 0xbc, 0xfe, 0xc0, 0xff, 0xc3, 0xfe, 0xc0, 0xff, 0xd4, 0xff, 0xc3, 0xff, 0xe3, 0xf5, 0xbc, 0xff, 0xe1, 0xd2, 0x9e, 0xff, 0xf9, 0xd6, 0xa3, 0xff, 0xf9, 0xce, 0x98, 0xff, 0xf7, 0xd5, 0x9f, 0xff, 0xdc, 0xd4, 0x9f, 0xff, 0xd7, 0xe7, 0xb1, 0xff, 0xd7, 0xfe, 0xc4, 0xff, 0xc7, 0xff, 0xc1, 0xff, 0xbd, 0xff, 0xbf, 0xff, 0xb5, 0xfc, 0xbd, 0xff, 0xb4, 0xfd, 0xc2, 0xff, 0xb8, 0xff, 0xc6, 0xff, 0xbc, 0xfb, 0xc3, 0xff, 0xc2, 0xfd, 0xc6, 0xff, 0xc1, 0xfb, 0xc4, 0xff, 0xbc, 0xf9, 0xc6, 0xff, 0xb9, 0xff, 0xd0, 0xff, 0x93, 0xf2, 0xdb, 0xff, 0x46, 0xd1, 0xe4, 0xff, 0x1e, 0xcc, 0xf6, 0xff, 0x02, 0xcb, 0xf9, 0xff, 0x00, 0xca, 0xfb, 0xff, 0x00, 0xca, 0xfd, 0xff, 0x00, 0xca, 0xff, 0xff, 0x04, 0xca, 0xfe, 0xff, 0x05, 0xc8, 0xfb, 0xff, 0x0b, 0xc9, 0xfd, 0xff, 0x15, 0xc5, 0xf3, 0xff, 0x36, 0xcf, 0xf1, 0xff, 0x60, 0xe6, 0xf7, 0xff, 0x80, 0xf8, 0xf3, 0xff, 0x8d, 0xfb, 0xe6, 0xff, 0x95, 0xfa, 0xda, 0xff, 0xa3, 0xff, 0xd3, 0xff, 0xa8, 0xfd, 0xc2, 0xff, 0xb5, 0xff, 0xbf, 0xff, 0xc0, 0xff, 0xbf, 0xff, 0xc3, 0xff, 0xbf, 0xff, 0xbf, 0xff, 0xbf, 0xff, 0xbe, 0xff, 0xc1, 0xff, 0xbe, 0xff, 0xc2, 0xff, 0xbe, 0xfc, 0xbf, 0xff, 0xc6, 0xfc, 0xc0, 0xff, 0xcb, 0xff, 0xc5, 0xff, 0xc1, 0xfe, 0xc1, 0xff, 0xbf, 0xfb, 0xbd, 0xff, 0xcc, 0xff, 0xc3, 0xff, 0xd8, 0xfa, 0xbe, 0xff, 0xe2, 0xe2, 0xa9, 0xff, 0xea, 0xd2, 0x9d, 0xff, 0xfc, 0xd4, 0xa2, 0xff, 0xf4, 0xcc, 0x9b, 0xff, 0xf0, 0xd5, 0xa3, 0xff, 0xdd, 0xd9, 0xa4, 0xff, 0xd8, 0xf7, 0xbc, 0xff, 0xcd, 0xff, 0xc2, 0xff, 0xc1, 0xfc, 0xbc, 0xff, 0xc4, 0xff, 0xc1, 0xff, 0xc7, 0xfe, 0xc0, 0xff, 0xc5, 0xfe, 0xc0, 0xff, 0xbf, 0xff, 0xc0, 0xff, 0xbd, 0xff, 0xc0, 0xff, 0xc0, 0xff, 0xc0, 0xff, 0xc2, 0xfe, 0xc0, 0xff, 0xc5, 0xfe, 0xc0, 0xff, 0xc4, 0xfe, 0xc0, 0xff, 0xc2, 0xfe, 0xc0, 0xff, 0xc0, 0xff, 0xc0, 0xff, 0xc0, 0xff, 0xc0, 0xff, 0xc0, 0xff, 0xc0, 0xff, 
  0xb8, 0xff, 0xbf, 0xff, 0xbb, 0xff, 0xbf, 0xff, 0xc2, 0xff, 0xbf, 0xff, 0xc5, 0xfe, 0xc0, 0xff, 0xc4, 0xfe, 0xc0, 0xff, 0xc2, 0xfe, 0xc0, 0xff, 0xc0, 0xff, 0xc0, 0xff, 0xc0, 0xff, 0xc0, 0xff, 0xbf, 0xfe, 0xbf, 0xff, 0xbf, 0xff, 0xc0, 0xff, 0xbe, 0xff, 0xc1, 0xff, 0xc3, 0xfd, 0xbf, 0xff, 0xd4, 0xfd, 0xc0, 0xff, 0xdd, 0xe9, 0xb0, 0xff, 0xec, 0xd2, 0x9f, 0xff, 0xfe, 0xd2, 0x9f, 0xff, 0xff, 0xd6, 0x9d, 0xff, 0xf0, 0xd3, 0x9a, 0xff, 0xdc, 0xdc, 0xa7, 0xff, 0xd8, 0xf1, 0xbb, 0xff, 0xcf, 0xfb, 0xc2, 0xff, 0xc3, 0xfd, 0xbf, 0xff, 0xc2, 0xff, 0xc0, 0xff, 0xba, 0xfe, 0xbd, 0xff, 0xb6, 0xfd, 0xc1, 0xff, 0xba, 0xff, 0xc5, 0xff, 0xbe, 0xfc, 0xc4, 0xff, 0xc4, 0xfe, 0xc7, 0xff, 0xc1, 0xfd, 0xc8, 0xff, 0xb6, 0xfa, 0xca, 0xff, 0xa7, 0xf9, 0xd2, 0xff, 0x7a, 0xe8, 0xd8, 0xff, 0x34, 0xcc, 0xe1, 0xff, 0x14, 0xc9, 0xf4, 0xff, 0x03, 0xc9, 0xfa, 0xff, 0x00, 0xcb, 0xfe, 0xff, 0x02, 0xcc, 0xff, 0xff, 0x04, 0xcb, 0xfc, 0xff, 0x05, 0xcb, 0xfb, 0xff, 0x08, 0xca, 0xfb, 0xff, 0x0d, 0xc8, 0xfe, 0xff, 0x1a, 0xc8, 0xfc, 0xff, 0x2e, 0xcd, 0xf6, 0xff, 0x40, 0xd4, 0xee, 0xff, 0x52, 0xde, 0xe4, 0xff, 0x60, 0xe3, 0xd9, 0xff, 0x6b, 0xe2, 0xd0, 0xff, 0x78, 0xe2, 0xc1, 0xff, 0xa0, 0xfc, 0xc5, 0xff, 0xb2, 0xff, 0xbf, 0xff, 0xc0, 0xff, 0xc0, 0xff, 0xc2, 0xfd, 0xbf, 0xff, 0xbf, 0xff, 0xc0, 0xff, 0xbd, 0xff, 0xc3, 0xff, 0xbb, 0xff, 0xc2, 0xff, 0xbe, 0xff, 0xc1, 0xff, 0xc5, 0xfc, 0xc0, 0xff, 0xca, 0xff, 0xc2, 0xff, 0xc2, 0xfd, 0xbf, 0xff, 0xc3, 0xfd, 0xbf, 0xff, 0xcf, 0xff, 0xc2, 0xff, 0xd9, 0xf3, 0xb9, 0xff, 0xe9, 0xdd, 0xa7, 0xff, 0xf3, 0xd0, 0x9e, 0xff, 0xfd, 0xd3, 0xa2, 0xff, 0xf8, 0xd1, 0xa0, 0xff, 0xea, 0xd1, 0x9f, 0xff, 0xe3, 0xe4, 0xae, 0xff, 0xd2, 0xf8, 0xbc, 0xff, 0xc6, 0xff, 0xc1, 0xff, 0xc0, 0xff, 0xbf, 0xff, 0xc1, 0xff, 0xbf, 0xff, 0xc7, 0xfe, 0xc0, 0xff, 0xc6, 0xfd, 0xc0, 0xff, 0xbf, 0xff, 0xc0, 0xff, 0xbc, 0xff, 0xc0, 0xff, 0xbf, 0xff, 0xc0, 0xff, 0xc1, 0xff, 0xc0, 0xff, 0xc3, 0xfe, 0xc0, 0xff, 0xc3, 0xfe, 0xc0, 0xff, 0xc1, 0xff, 0xc0, 0xff, 0xc0, 0xff, 0xc0, 0xff, 0xc0, 0xff, 0xc0, 0xff, 0xc0, 0xff, 0xc0, 0xff, 
  0xb6, 0xff, 0xbf, 0xff, 0xba, 0xff, 0xbf, 0xff, 0xc3, 0xfe, 0xc0, 0xff, 0xc7, 0xfd, 0xc0, 0xff, 0xc7, 0xfd, 0xc0, 0xff, 0xc5, 0xfe, 0xc0, 0xff, 0xc0, 0xff, 0xc0, 0xff, 0xbf, 0xff, 0xc0, 0xff, 0xbe, 0xfe, 0xbf, 0xff, 0xbe, 0xfe, 0xbf, 0xff, 0xc0, 0xff, 0xc2, 0xff, 0xc6, 0xfd, 0xbe, 0xff, 0xd4, 0xf7, 0xba, 0xff, 0xd4, 0xdc, 0xa3, 0xff, 0xf0, 0xd4, 0xa1, 0xff, 0xfc, 0xcf, 0x9c, 0xff, 0xff, 0xda, 0xa1, 0xff, 0xea, 0xcf, 0x96, 0xff, 0xdf, 0xe6, 0xb1, 0xff, 0xda, 0xfa, 0xc6, 0xff, 0xc6, 0xf8, 0xc1, 0xff, 0xc0, 0xfc, 0xc0, 0xff, 0xc6, 0xff, 0xc1, 0xff, 0xc1, 0xff, 0xbd, 0xff, 0xbf, 0xfe, 0xbf, 0xff, 0xc2, 0xff, 0xc2, 0xff, 0xc3, 0xfb, 0xc0, 0xff, 0xc4, 0xfc, 0xc4, 0xff, 0xbc, 0xfd, 0xc9, 0xff, 0xaa, 0xfc, 0xd1, 0xff, 0x8a, 0xf7, 0xd6, 0xff, 0x58, 0xe2, 0xd4, 0xff, 0x2b, 0xd1, 0xde, 0xff, 0x16, 0xcc, 0xec, 0xff, 0x0f, 0xca, 0xf6, 0xff, 0x0e, 0xcc, 0xfd, 0xff, 0x0d, 0xcc, 0xfb, 0xff, 0x09, 0xcb, 0xf6, 0xff, 0x07, 0xcd, 0xf3, 0xff, 0x09, 0xce, 0xf7, 0xff, 0x0d, 0xcc, 0xfe, 0xff, 0x0a, 0xc5, 0xfb, 0xff, 0x0d, 0xc7, 0xfa, 0xff, 0x17, 0xcf, 0xf7, 0xff, 0x1d, 0xd2, 0xe6, 0xff, 0x2c, 0xce, 0xd3, 0xff, 0x53, 0xd3, 0xce, 0xff, 0x7c, 0xe3, 0xcb, 0xff, 0xa4, 0xfb, 0xc8, 0xff, 0xb6, 0xff, 0xbf, 0xff, 0xc0, 0xff, 0xc0, 0xff, 0xc2, 0xfe, 0xc0, 0xff, 0xbe, 0xff, 0xc0, 0xff, 0xbd, 0xff, 0xc2, 0xff, 0xbc, 0xff, 0xc2, 0xff, 0xbe, 0xff, 0xc1, 0xff, 0xc4, 0xfd, 0xc0, 0xff, 0xc6, 0xfc, 0xbf, 0xff, 0xc3, 0xfd, 0xbf, 0xff, 0xc8, 0xff, 0xc1, 0xff, 0xd1, 0xfc, 0xbf, 0xff, 0xd7, 0xec, 0xb2, 0xff, 0xe7, 0xd8, 0xa3, 0xff, 0xf5, 0xd2, 0xa0, 0xff, 0xf8, 0xd1, 0xa0, 0xff, 0xf6, 0xd5, 0xa4, 0xff, 0xe2, 0xd3, 0x9f, 0xff, 0xe8, 0xf0, 0xb9, 0xff, 0xd2, 0xfa, 0xbd, 0xff, 0xc4, 0xff, 0xbf, 0xff, 0xc3, 0xff, 0xc2, 0xff, 0xbf, 0xfe, 0xbe, 0xff, 0xc5, 0xfe, 0xc0, 0xff, 0xc4, 0xfe, 0xc0, 0xff, 0xbf, 0xff, 0xc0, 0xff, 0xbd, 0xff, 0xc0, 0xff, 0xbf, 0xff, 0xc0, 0xff, 0xc1, 0xff, 0xc0, 0xff, 0xc3, 0xfe, 0xc0, 0xff, 0xc3, 0xfe, 0xc0, 0xff, 0xc1, 0xff, 0xc0, 0xff, 0xc0, 0xff, 0xc0, 0xff, 0xc0, 0xff, 0xc0, 0xff, 0xc0, 0xff, 0xc0, 0xff, 
  0xb5, 0xff, 0xbf, 0xff, 0xba, 0xff, 0xc0, 0xff, 0xc4, 0xfe, 0xc0, 0xff, 0xc9, 0xfd, 0xc1, 0xff, 0xc9, 0xfd, 0xc1, 0xff, 0xc6, 0xfd, 0xc1, 0xff, 0xc0, 0xff, 0xc1, 0xff, 0xbd, 0xff, 0xc1, 0xff, 0xbd, 0xfe, 0xc0, 0xff, 0xc0, 0xff, 0xc0, 0xff, 0xc4, 0xff, 0xc0, 0xff, 0xcf, 0xfe, 0xc0, 0xff, 0xd4, 0xee, 0xb2, 0xff, 0xd4, 0xd5, 0x9c, 0xff, 0xf4, 0xd6, 0xa2, 0xff, 0xfb, 0xcf, 0x9c, 0xff, 0xff, 0xd6, 0x9d, 0xff, 0xe7, 0xd3, 0x99, 0xff, 0xde, 0xef, 0xba, 0xff, 0xd1, 0xfb, 0xc8, 0xff, 0xc0, 0xf7, 0xc1, 0xff, 0xc0, 0xfd, 0xc3, 0xff, 0xc6, 0xff, 0xbf, 0xff, 0xc7, 0xff, 0xbd, 0xff, 0xc5, 0xff, 0xbd, 0xff, 0xc5, 0xff, 0xbe, 0xff, 0xc7, 0xfc, 0xbd, 0xff, 0xc3, 0xfb, 0xc1, 0xff, 0xb9, 0xfc, 0xc9, 0xff, 0xa3, 0xfe, 0xd5, 0xff, 0x75, 0xf4, 0xd8, 0xff, 0x41, 0xdd, 0xd2, 0xff, 0x27, 0xd8, 0xe2, 0xff, 0x16, 0xd1, 0xed, 0xff, 0x11, 0xcb, 0xf6, 0xff, 0x10, 0xcb, 0xfb, 0xff, 0x10, 0xcb, 0xfa, 0xff, 0x0b, 0xcb, 0xf5, 0xff, 0x07, 0xcf, 0xf0, 0xff, 0x07, 0xd0, 0xf4, 0xff, 0x08, 0xcb, 0xfa, 0xff, 0x05, 0xc6, 0xfb, 0xff, 0x05, 0xc9, 0xfd, 0xff, 0x0d, 0xd0, 0xf9, 0xff, 0x17, 0xd4, 0xe7, 0xff, 0x31, 0xd5, 0xd8, 0xff, 0x6b, 0xe2, 0xd9, 0xff, 0x9e, 0xf8, 0xdd, 0xff, 0xaf, 0xfd, 0xca, 0xff, 0xbb, 0xff, 0xc1, 0xff, 0xc1, 0xff, 0xc1, 0xff, 0xc1, 0xff, 0xc0, 0xff, 0xbe, 0xff, 0xc0, 0xff, 0xbc, 0xff, 0xc1, 0xff, 0xbb, 0xfe, 0xc0, 0xff, 0xbc, 0xfd, 0xbf, 0xff, 0xc3, 0xfe, 0xc1, 0xff, 0xc3, 0xfc, 0xbf, 0xff, 0xc5, 0xfd, 0xbf, 0xff, 0xcf, 0xff, 0xc3, 0xff, 0xd6, 0xf7, 0xbc, 0xff, 0xd7, 0xe2, 0xaa, 0xff, 0xe7, 0xd3, 0x9f, 0xff, 0xf6, 0xd3, 0xa1, 0xff, 0xf5, 0xd1, 0xa1, 0xff, 0xee, 0xd4, 0xa2, 0xff, 0xe1, 0xdc, 0xa7, 0xff, 0xe5, 0xf7, 0xbe, 0xff, 0xd1, 0xfc, 0xbf, 0xff, 0xc5, 0xff, 0xbf, 0xff, 0xc2, 0xff, 0xc1, 0xff, 0xbd, 0xfd, 0xbe, 0xff, 0xc2, 0xff, 0xc0, 0xff, 0xc1, 0xfe, 0xc0, 0xff, 0xbf, 0xff, 0xc0, 0xff, 0xbe, 0xff, 0xc0, 0xff, 0xbf, 0xff, 0xc0, 0xff, 0xc1, 0xff, 0xc0, 0xff, 0xc2, 0xfe, 0xc0, 0xff, 0xc2, 0xfe, 0xc0, 0xff, 0xc1, 0xff, 0xc0, 0xff, 0xc0, 0xff, 0xc0, 0xff, 0xc0, 0xff, 0xc0, 0xff, 0xc0, 0xff, 0xc0, 0xff, 
  0xb4, 0xff, 0xc0, 0xff, 0xba, 0xff, 0xc0, 0xff, 0xc5, 0xfd, 0xc1, 0xff, 0xcb, 0xfc, 0xc1, 0xff, 0xcb, 0xfc, 0xc1, 0xff, 0xc7, 0xfd, 0xc1, 0xff, 0xbf, 0xfe, 0xc1, 0xff, 0xbc, 0xff, 0xc1, 0xff, 0xbc, 0xfe, 0xc0, 0xff, 0xc4, 0xff, 0xc2, 0xff, 0xc8, 0xfb, 0xbd, 0xff, 0xd9, 0xfc, 0xbf, 0xff, 0xd4, 0xe2, 0xa7, 0xff, 0xde, 0xd5, 0x9d, 0xff, 0xf9, 0xd7, 0xa3, 0xff, 0xfc, 0xd2, 0x9d, 0xff, 0xf1, 0xd1, 0x96, 0xff, 0xe7, 0xdf, 0xa5, 0xff, 0xd9, 0xf6, 0xc1, 0xff, 0xc3, 0xf8, 0xc6, 0xff, 0xbd, 0xfb, 0xc6, 0xff, 0xc1, 0xff, 0xc7, 0xff, 0xc4, 0xfb, 0xbc, 0xff, 0xca, 0xff, 0xbd, 0xff, 0xc7, 0xff, 0xbc, 0xff, 0xc5, 0xff, 0xbb, 0xff, 0xca, 0xff, 0xbd, 0xff, 0xc4, 0xfc, 0xc0, 0xff, 0xb7, 0xfc, 0xca, 0xff, 0x9d, 0xfb, 0xd5, 0xff, 0x65, 0xeb, 0xd4, 0xff, 0x30, 0xd5, 0xce, 0xff, 0x1b, 0xd5, 0xe2, 0xff, 0x0b, 0xcf, 0xed, 0xff, 0x07, 0xca, 0xf7, 0xff, 0x08, 0xc8, 0xfc, 0xff, 0x0b, 0xca, 0xfc, 0xff, 0x0a, 0xcd, 0xf9, 0xff, 0x04, 0xcf, 0xf3, 0xff, 0x03, 0xd0, 0xf3, 0xff, 0x03, 0xcb, 0xf6, 0xff, 0x0d, 0xd0, 0xfd, 0xff, 0x11, 0xce, 0xf8, 0xff, 0x18, 0xcb, 0xe7, 0xff, 0x31, 0xd6, 0xdb, 0xff, 0x63, 0xec, 0xdd, 0xff, 0x9a, 0xf8, 0xdb, 0xff, 0xb5, 0xfc, 0xd1, 0xff, 0xbb, 0xff, 0xc6, 0xff, 0xbf, 0xff, 0xc1, 0xff, 0xc0, 0xff, 0xc0, 0xff, 0xc1, 0xff, 0xc1, 0xff, 0xbe, 0xff, 0xc0, 0xff, 0xbc, 0xfe, 0xc0, 0xff, 0xbc, 0xfe, 0xc0, 0xff, 0xbd, 0xfe, 0xc0, 0xff, 0xc1, 0xff, 0xc2, 0xff, 0xc2, 0xfc, 0xbf, 0xff, 0xc9, 0xfd, 0xc0, 0xff, 0xd5, 0xfd, 0xc2, 0xff, 0xda, 0xef, 0xb6, 0xff, 0xdc, 0xdb, 0xa5, 0xff, 0xee, 0xd2, 0x9f, 0xff, 0xfa, 0xd4, 0xa3, 0xff, 0xf3, 0xd3, 0xa2, 0xff, 0xe3, 0xd2, 0x9f, 0xff, 0xe2, 0xec, 0xb4, 0xff, 0xda, 0xf8, 0xbd, 0xff, 0xcf, 0xfe, 0xc0, 0xff, 0xc5, 0xfe, 0xbf, 0xff, 0xbf, 0xfe, 0xbf, 0xff, 0xbd, 0xfe, 0xbf, 0xff, 0xbe, 0xff, 0xc0, 0xff, 0xbf, 0xff, 0xc0, 0xff, 0xc0, 0xff, 0xc0, 0xff, 0xc0, 0xff, 0xc0, 0xff, 0xc0, 0xff, 0xc0, 0xff, 0xc1, 0xff, 0xc0, 0xff, 0xc2, 0xfe, 0xc0, 0xff, 0xc2, 0xfe, 0xc0, 0xff, 0xc1, 0xff, 0xc0, 0xff, 0xc0, 0xff, 0xc0, 0xff, 0xc0, 0xff, 0xc0, 0xff, 0xc0, 0xff, 0xc0, 0xff, 
  0xb4, 0xff, 0xc1, 0xff, 0xba, 0xff, 0xc1, 0xff, 0xc6, 0xfd, 0xc2, 0xff, 0xcb, 0xfc, 0xc2, 0xff, 0xcb, 0xfc, 0xc2, 0xff, 0xc6, 0xfd, 0xc2, 0xff, 0xbd, 0xff, 0xc2, 0xff, 0xbb, 0xff, 0xc1, 0xff, 0xbe, 0xff, 0xc1, 0xff, 0xca, 0xff, 0xc3, 0xff, 0xd0, 0xf7, 0xbb, 0xff, 0xde, 0xf3, 0xb8, 0xff, 0xd9, 0xd9, 0xa0, 0xff, 0xe9, 0xd6, 0x9f, 0xff, 0xfa, 0xd5, 0xa1, 0xff, 0xf8, 0xd4, 0x9e, 0xff, 0xe6, 0xd4, 0x98, 0xff, 0xe8, 0xef, 0xb3, 0xff, 0xd2, 0xfa, 0xc5, 0xff, 0xbb, 0xf7, 0xc4, 0xff, 0xbe, 0xff, 0xca, 0xff, 0xc2, 0xff, 0xc9, 0xff, 0xc2, 0xfb, 0xbc, 0xff, 0xc9, 0xff, 0xbe, 0xff, 0xc4, 0xff, 0xbc, 0xff, 0xc0, 0xfe, 0xb8, 0xff, 0xca, 0xff, 0xbf, 0xff, 0xc6, 0xff, 0xc3, 0xff, 0xb9, 0xfc, 0xc9, 0xff, 0x9e, 0xf8, 0xd1, 0xff, 0x69, 0xe6, 0xcf, 0xff, 0x3d, 0xd5, 0xcc, 0xff, 0x2b, 0xd4, 0xdb, 0xff, 0x1f, 0xd3, 0xe8, 0xff, 0x18, 0xcf, 0xf4, 0xff, 0x11, 0xca, 0xf9, 0xff, 0x12, 0xcb, 0xfb, 0xff, 0x0f, 0xce, 0xfb, 0xff, 0x07, 0xd1, 0xf6, 0xff, 0x02, 0xd0, 0xf3, 0xff, 0x09, 0xd2, 0xf7, 0xff, 0x12, 0xcf, 0xf2, 0xff, 0x20, 0xcc, 0xe8, 0xff, 0x38, 0xd2, 0xdd, 0xff, 0x5d, 0xe7, 0xd9, 0xff, 0x88, 0xfa, 0xd9, 0xff, 0xad, 0xfe, 0xd0, 0xff, 0xb9, 0xf9, 0xc1, 0xff, 0xc0, 0xfe, 0xc2, 0xff, 0xc0, 0xfe, 0xbf, 0xff, 0xbe, 0xfe, 0xbf, 0xff, 0xbe, 0xff, 0xc0, 0xff, 0xbf, 0xff, 0xc1, 0xff, 0xbe, 0xff, 0xc1, 0xff, 0xbf, 0xfe, 0xc1, 0xff, 0xc0, 0xff, 0xc2, 0xff, 0xc1, 0xff, 0xc2, 0xff, 0xc3, 0xfd, 0xbf, 0xff, 0xce, 0xfd, 0xc1, 0xff, 0xd9, 0xf8, 0xbe, 0xff, 0xdd, 0xe5, 0xae, 0xff, 0xe4, 0xd6, 0xa2, 0xff, 0xf5, 0xd2, 0xa0, 0xff, 0xfa, 0xd3, 0xa2, 0xff, 0xee, 0xd4, 0xa2, 0xff, 0xde, 0xd8, 0xa3, 0xff, 0xe0, 0xf7, 0xbd, 0xff, 0xcf, 0xf9, 0xbc, 0xff, 0xcc, 0xff, 0xc1, 0xff, 0xc4, 0xfe, 0xc0, 0xff, 0xbe, 0xfd, 0xbe, 0xff, 0xbe, 0xff, 0xc0, 0xff, 0xbc, 0xff, 0xc0, 0xff, 0xbd, 0xff, 0xc0, 0xff, 0xc0, 0xff, 0xc0, 0xff, 0xc2, 0xfe, 0xc0, 0xff, 0xc0, 0xff, 0xc0, 0xff, 0xc1, 0xff, 0xc0, 0xff, 0xc2, 0xfe, 0xc0, 0xff, 0xc2, 0xfe, 0xc0, 0xff, 0xc1, 0xff, 0xc0, 0xff, 0xc0, 0xff, 0xc0, 0xff, 0xc0, 0xff, 0xc0, 0xff, 0xc0, 0xff, 0xc0, 0xff, 
  0xb6, 0xff, 0xc1, 0xff, 0xbb, 0xff, 0xc2, 0xff, 0xc6, 0xfd, 0xc2, 0xff, 0xca, 0xfc, 0xc2, 0xff, 0xc8, 0xfd, 0xc2, 0xff, 0xc3, 0xfd, 0xc2, 0xff, 0xbb, 0xff, 0xc2, 0xff, 0xba, 0xff, 0xc1, 0xff, 0xc2, 0xff, 0xc2, 0xff, 0xce, 0xfc, 0xc0, 0xff, 0xdf, 0xf6, 0xbc, 0xff, 0xe0, 0xe3, 0xab, 0xff, 0xe3, 0xd4, 0x9d, 0xff, 0xf4, 0xd7, 0xa1, 0xff, 0xfa, 0xd5, 0x9f, 0xff, 0xef, 0xd3, 0x9c, 0xff, 0xe0, 0xdf, 0xa2, 0xff, 0xdf, 0xf8, 0xbb, 0xff, 0xcb, 0xfc, 0xc5, 0xff, 0xbb, 0xfa, 0xc5, 0xff, 0xbd, 0xff, 0xca, 0xff, 0xbd, 0xff, 0xc5, 0xff, 0xc0, 0xfe, 0xbe, 0xff, 0xc3, 0xff, 0xbd, 0xff, 0xbe, 0xff, 0xbe, 0xff, 0xb9, 0xfd, 0xb9, 0xff, 0xc4, 0xff, 0xc0, 0xff, 0xc3, 0xff, 0xc2, 0xff, 0xbd, 0xfc, 0xc6, 0xff, 0xad, 0xfa, 0xcf, 0xff, 0x89, 0xed, 0xd0, 0xff, 0x71, 0xe5, 0xd4, 0xff, 0x65, 0xe3, 0xda, 0xff, 0x5c, 0xe6, 0xe9, 0xff, 0x48, 0xdf, 0xf3, 0xff, 0x30, 0xd2, 0xf2, 0xff, 0x21, 0xca, 0xf3, 0xff, 0x17, 0xcd, 0xf8, 0xff, 0x0c, 0xd2, 0xf9, 0xff, 0x06, 0xd0, 0xf4, 0xff, 0x11, 0xd4, 0xf5, 0xff, 0x1e, 0xce, 0xe6, 0xff, 0x42, 0xd3, 0xdc, 0xff, 0x6f, 0xe8, 0xdd, 0xff, 0x92, 0xfb, 0xd9, 0xff, 0xa2, 0xfe, 0xcb, 0xff, 0xad, 0xfd, 0xc1, 0xff, 0xba, 0xff, 0xc1, 0xff, 0xc1, 0xfe, 0xc1, 0xff, 0xc2, 0xfd, 0xbf, 0xff, 0xbd, 0xfe, 0xbf, 0xff, 0xbc, 0xff, 0xc0, 0xff, 0xbe, 0xff, 0xc1, 0xff, 0xbf, 0xff, 0xc1, 0xff, 0xc1, 0xfe, 0xc1, 0xff, 0xc3, 0xff, 0xc3, 0xff, 0xc0, 0xff, 0xc1, 0xff, 0xc6, 0xfe, 0xc0, 0xff, 0xd4, 0xfd, 0xc2, 0xff, 0xdd, 0xf1, 0xb9, 0xff, 0xe2, 0xdc, 0xa7, 0xff, 0xee, 0xd3, 0xa1, 0xff, 0xfd, 0xd3, 0xa2, 0xff, 0xfa, 0xd2, 0xa1, 0xff, 0xe6, 0xd3, 0xa0, 0xff, 0xe0, 0xe5, 0xb0, 0xff, 0xd5, 0xfa, 0xbf, 0xff, 0xc7, 0xfc, 0xbf, 0xff, 0xc6, 0xfe, 0xc0, 0xff, 0xc3, 0xfd, 0xbf, 0xff, 0xc0, 0xfe, 0xbf, 0xff, 0xbf, 0xff, 0xc1, 0xff, 0xba, 0xff, 0xc0, 0xff, 0xbb, 0xff, 0xc0, 0xff, 0xc1, 0xff, 0xc0, 0xff, 0xc3, 0xfe, 0xc0, 0xff, 0xc1, 0xff, 0xc0, 0xff, 0xc1, 0xff, 0xc0, 0xff, 0xc2, 0xfe, 0xc0, 0xff, 0xc2, 0xfe, 0xc0, 0xff, 0xc1, 0xff, 0xc0, 0xff, 0xc0, 0xff, 0xc0, 0xff, 0xc0, 0xff, 0xc0, 0xff, 0xc0, 0xff, 0xc0, 0xff, 
  0xb9, 0xff, 0xc2, 0xff, 0xbd, 0xff, 0xc2, 0xff, 0xc5, 0xfd, 0xc2, 0xff, 0xc7, 0xfd, 0xc2, 0xff, 0xc4, 0xfd, 0xc2, 0xff, 0xbf, 0xfe, 0xc2, 0xff, 0xb8, 0xff, 0xc2, 0xff, 0xba, 0xff, 0xc1, 0xff, 0xc6, 0xff, 0xc3, 0xff, 0xd3, 0xf9, 0xbe, 0xff, 0xeb, 0xf5, 0xbc, 0xff, 0xe3, 0xd7, 0xa0, 0xff, 0xee, 0xd2, 0x9d, 0xff, 0xf9, 0xd6, 0xa1, 0xff, 0xf7, 0xd4, 0x9e, 0xff, 0xe5, 0xd3, 0x9a, 0xff, 0xdb, 0xe9, 0xab, 0xff, 0xd5, 0xfc, 0xbf, 0xff, 0xc5, 0xfb, 0xc3, 0xff, 0xbe, 0xfd, 0xc8, 0xff, 0xbc, 0xfe, 0xc6, 0xff, 0xb7, 0xf9, 0xbe, 0xff, 0xbe, 0xff, 0xbf, 0xff, 0xbe, 0xff, 0xbe, 0xff, 0xbd, 0xff, 0xc2, 0xff, 0xb4, 0xfa, 0xba, 0xff, 0xbe, 0xff, 0xc0, 0xff, 0xbf, 0xff, 0xc1, 0xff, 0xbe, 0xfc, 0xc3, 0xff, 0xbb, 0xfe, 0xcd, 0xff, 0xaa, 0xf9, 0xd4, 0xff, 0xa4, 0xfd, 0xdf, 0xff, 0x9b, 0xfb, 0xe0, 0xff, 0x8f, 0xfe, 0xef, 0xff, 0x6c, 0xf3, 0xf8, 0xff, 0x41, 0xda, 0xef, 0xff, 0x24, 0xca, 0xeb, 0xff, 0x19, 0xcc, 0xf2, 0xff, 0x11, 0xd2, 0xf6, 0xff, 0x12, 0xd3, 0xf1, 0xff, 0x1b, 0xcf, 0xe5, 0xff, 0x3d, 0xd7, 0xe0, 0xff, 0x73, 0xe6, 0xdc, 0xff, 0x9d, 0xf7, 0xd9, 0xff, 0xb1, 0xff, 0xce, 0xff, 0xb6, 0xff, 0xc2, 0xff, 0xb4, 0xff, 0xbf, 0xff, 0xba, 0xff, 0xc0, 0xff, 0xc4, 0xff, 0xc2, 0xff, 0xc3, 0xfe, 0xc0, 0xff, 0xbc, 0xfe, 0xbf, 0xff, 0xbc, 0xff, 0xc1, 0xff, 0xbe, 0xff, 0xc1, 0xff, 0xbf, 0xfe, 0xc0, 0xff, 0xc1, 0xfd, 0xc0, 0xff, 0xc4, 0xff, 0xc2, 0xff, 0xc0, 0xfd, 0xc0, 0xff, 0xc8, 0xfd, 0xc0, 0xff, 0xda, 0xfc, 0xc2, 0xff, 0xe0, 0xeb, 0xb5, 0xff, 0xe6, 0xd5, 0xa2, 0xff, 0xf4, 0xd0, 0xa0, 0xff, 0xff, 0xd4, 0xa4, 0xff, 0xf7, 0xd1, 0xa0, 0xff, 0xde, 0xd2, 0x9f, 0xff, 0xe1, 0xf1, 0xbb, 0xff, 0xc9, 0xf8, 0xbd, 0xff, 0xc4, 0xff, 0xc3, 0xff, 0xc2, 0xfd, 0xbf, 0xff, 0xc2, 0xfd, 0xbf, 0xff, 0xc2, 0xff, 0xc1, 0xff, 0xbf, 0xff, 0xc2, 0xff, 0xb9, 0xff, 0xc0, 0xff, 0xba, 0xff, 0xc0, 0xff, 0xc1, 0xfe, 0xc0, 0xff, 0xc4, 0xfe, 0xc0, 0xff, 0xc1, 0xff, 0xc0, 0xff, 0xc0, 0xff, 0xc0, 0xff, 0xc2, 0xfe, 0xc0, 0xff, 0xc2, 0xfe, 0xc0, 0xff, 0xc0, 0xff, 0xc0, 0xff, 0xc0, 0xff, 0xc0, 0xff, 0xc0, 0xff, 0xc0, 0xff, 0xc0, 0xff, 0xc0, 0xff, 
  0xbe, 0xff, 0xc2, 0xff, 0xbf, 0xfe, 0xc2, 0xff, 0xc3, 0xfd, 0xc2, 0xff, 0xc3, 0xfd, 0xc2, 0xff, 0xbf, 0xfe, 0xc2, 0xff, 0xba, 0xff, 0xc2, 0xff, 0xb5, 0xff, 0xc2, 0xff, 0xb9, 0xfe, 0xc0, 0xff, 0xc7, 0xfc, 0xc0, 0xff, 0xdf, 0xfc, 0xc2, 0xff, 0xeb, 0xe8, 0xb1, 0xff, 0xe8, 0xcf, 0x9a, 0xff, 0xfd, 0xd8, 0xa5, 0xff, 0xfa, 0xd3, 0x9f, 0xff, 0xf0, 0xd2, 0x9b, 0xff, 0xe0, 0xd8, 0x9e, 0xff, 0xdd, 0xf9, 0xba, 0xff, 0xcb, 0xfc, 0xbe, 0xff, 0xc6, 0xfc, 0xc4, 0xff, 0xc2, 0xfc, 0xc5, 0xff, 0xc0, 0xff, 0xc4, 0xff, 0xbe, 0xff, 0xc1, 0xff, 0xbc, 0xff, 0xbe, 0xff, 0xbb, 0xff, 0xbe, 0xff, 0xba, 0xff, 0xc3, 0xff, 0xba, 0xfe, 0xc4, 0xff, 0xbc, 0xfe, 0xc3, 0xff, 0xbf, 0xff, 0xc2, 0xff, 0xc1, 0xff, 0xc2, 0xff, 0xc0, 0xff, 0xc4, 0xff, 0xbb, 0xfa, 0xc8, 0xff, 0xb4, 0xf8, 0xcb, 0xff, 0xab, 0xf8, 0xcc, 0xff, 0x9b, 0xfe, 0xde, 0xff, 0x61, 0xe5, 0xdd, 0xff, 0x36, 0xd4, 0xdf, 0xff, 0x23, 0xd1, 0xeb, 0xff, 0x19, 0xd1, 0xf2, 0xff, 0x1b, 0xd7, 0xf3, 0xff, 0x23, 0xd4, 0xe8, 0xff, 0x3d, 0xd6, 0xde, 0xff, 0x6f, 0xe8, 0xe0, 0xff, 0xa4, 0xf8, 0xdc, 0xff, 0xbc, 0xfc, 0xce, 0xff, 0xc1, 0xfd, 0xc1, 0xff, 0xc4, 0xff, 0xc0, 0xff, 0xbe, 0xff, 0xc4, 0xff, 0xba, 0xfb, 0xc1, 0xff, 0xc4, 0xfd, 0xc2, 0xff, 0xc3, 0xfe, 0xc0, 0xff, 0xbc, 0xff, 0xc0, 0xff, 0xba, 0xff, 0xc0, 0xff, 0xbd, 0xff, 0xc0, 0xff, 0xc1, 0xfe, 0xc1, 0xff, 0xc3, 0xfe, 0xc1, 0xff, 0xc4, 0xfd, 0xc1, 0xff, 0xbf, 0xfa, 0xbd, 0xff, 0xcc, 0xfe, 0xc1, 0xff, 0xdf, 0xfa, 0xc1, 0xff, 0xdb, 0xde, 0xa9, 0xff, 0xe9, 0xd0, 0x9e, 0xff, 0xf6, 0xcc, 0x9d, 0xff, 0xff, 0xd4, 0xa4, 0xff, 0xf2, 0xd0, 0x9e, 0xff, 0xe7, 0xe4, 0xb0, 0xff, 0xd7, 0xf2, 0xba, 0xff, 0xc6, 0xfe, 0xc0, 0xff, 0xbc, 0xff, 0xc0, 0xff, 0xc0, 0xff, 0xc0, 0xff, 0xc3, 0xff, 0xc1, 0xff, 0xc2, 0xff, 0xc2, 0xff, 0xbe, 0xff, 0xc0, 0xff, 0xb9, 0xff, 0xc0, 0xff, 0xba, 0xff, 0xc0, 0xff, 0xc1, 0xfe, 0xc0, 0xff, 0xc3, 0xfe, 0xc0, 0xff, 0xc0, 0xff, 0xc0, 0xff, 0xbf, 0xff, 0xc0, 0xff, 0xc1, 0xff, 0xc0, 0xff, 0xc1, 0xfe, 0xc0, 0xff, 0xc0, 0xff, 0xc0, 0xff, 0xc0, 0xff, 0xc0, 0xff, 0xc0, 0xff, 0xc0, 0xff, 0xc0, 0xff, 0xc0, 0xff, 
  0xc1, 0xfe, 0xc1, 0xff, 0xc1, 0xfe, 0xc2, 0xff, 0xc2, 0xfe, 0xc2, 0xff, 0xc0, 0xfe, 0xc2, 0xff, 0xbc, 0xff, 0xc2, 0xff, 0xb8, 0xff, 0xc2, 0xff, 0xb4, 0xff, 0xc2, 0xff, 0xb9, 0xfe, 0xc0, 0xff, 0xc9, 0xfc, 0xc0, 0xff, 0xde, 0xf7, 0xbe, 0xff, 0xe5, 0xdd, 0xa8, 0xff, 0xed, 0xcf, 0x9c, 0xff, 0xf9, 0xd2, 0x9f, 0xff, 0xf6, 0xd3, 0x9e, 0xff, 0xe8, 0xd3, 0x9c, 0xff, 0xe1, 0xe5, 0xaa, 0xff, 0xd4, 0xfa, 0xbb, 0xff, 0xc7, 0xfd, 0xbf, 0xff, 0xc7, 0xfc, 0xc4, 0xff, 0xc6, 0xfc, 0xc4, 0xff, 0xc3, 0xff, 0xc2, 0xff, 0xbf, 0xff, 0xbf, 0xff, 0xbd, 0xff, 0xbe, 0xff, 0xbb, 0xff, 0xbf, 0xff, 0xbe, 0xfc, 0xc6, 0xff, 0xbe, 0xfc, 0xc7, 0xff, 0xbe, 0xfd, 0xc5, 0xff, 0xbf, 0xfe, 0xc2, 0xff, 0xbf, 0xff, 0xbe, 0xff, 0xc0, 0xff, 0xbe, 0xff, 0xc2, 0xfd, 0xbf, 0xff, 0xbe, 0xfb, 0xc3, 0xff, 0xb6, 0xfc, 0xcd, 0xff, 0x99, 0xf9, 0xda, 0xff, 0x56, 0xe2, 0xda, 0xff, 0x2f, 0xd7, 0xe2, 0xff, 0x1f, 0xd3, 0xec, 0xff, 0x1a, 0xce, 0xea, 0xff, 0x28, 0xd3, 0xe5, 0xff, 0x3b, 0xd5, 0xda, 0xff, 0x69, 0xe9, 0xde, 0xff, 0x91, 0xf5, 0xd9, 0xff, 0xb6, 0xfc, 0xce, 0xff, 0xc5, 0xfc, 0xc1, 0xff, 0xc7, 0xfd, 0xba, 0xff, 0xc6, 0xff, 0xbd, 0xff, 0xbf, 0xff, 0xc4, 0xff, 0xbc, 0xfc, 0xc4, 0xff, 0xc3, 0xfd, 0xc2, 0xff, 0xc2, 0xfe, 0xc0, 0xff, 0xbb, 0xff, 0xc0, 0xff, 0xb9, 0xff, 0xc0, 0xff, 0xbe, 0xff, 0xc0, 0xff, 0xc1, 0xfe, 0xc1, 0xff, 0xc3, 0xfe, 0xc1, 0xff, 0xc4, 0xfd, 0xc1, 0xff, 0xc3, 0xfd, 0xc0, 0xff, 0xcb, 0xfa, 0xbf, 0xff, 0xd9, 0xf0, 0xb9, 0xff, 0xda, 0xda, 0xa5, 0xff, 0xee, 0xd5, 0xa3, 0xff, 0xfa, 0xd3, 0xa3, 0xff, 0xfe, 0xd5, 0xa4, 0xff, 0xe9, 0xcf, 0x9d, 0xff, 0xe6, 0xed, 0xb7, 0xff, 0xd3, 0xf7, 0xbe, 0xff, 0xc3, 0xff, 0xc2, 0xff, 0xb9, 0xff, 0xc1, 0xff, 0xbd, 0xfe, 0xc0, 0xff, 0xc1, 0xff, 0xc2, 0xff, 0xc1, 0xff, 0xc2, 0xff, 0xbd, 0xfe, 0xc0, 0xff, 0xbb, 0xff, 0xc1, 0xff, 0xbc, 0xff, 0xc0, 0xff, 0xc1, 0xfe, 0xc0, 0xff, 0xc3, 0xfe, 0xc0, 0xff, 0xbf, 0xff, 0xc0, 0xff, 0xbf, 0xff, 0xc0, 0xff, 0xc1, 0xff, 0xc0, 0xff, 0xc1, 0xff, 0xc0, 0xff, 0xc0, 0xff, 0xc0, 0xff, 0xc0, 0xff, 0xc0, 0xff, 0xc0, 0xff, 0xc0, 0xff, 0xc0, 0xff, 0xc0, 0xff, 
  0xc4, 0xfe, 0xc1, 0xff, 0xc3, 0xfe, 0xc1, 0xff, 0xc0, 0xfe, 0xc2, 0xff, 0xbd, 0xff, 0xc2, 0xff, 0xba, 0xff, 0xc2, 0xff, 0xb7, 0xff, 0xc2, 0xff, 0xb5, 0xff, 0xc2, 0xff, 0xbb, 0xfe, 0xc0, 0xff, 0xc7, 0xfa, 0xbe, 0xff, 0xd8, 0xf2, 0xb9, 0xff, 0xde, 0xd8, 0xa3, 0xff, 0xee, 0xd4, 0xa1, 0xff, 0xf2, 0xd2, 0x9e, 0xff, 0xee, 0xd4, 0x9e, 0xff, 0xdd, 0xd6, 0x9d, 0xff, 0xdf, 0xef, 0xb3, 0xff, 0xd1, 0xfc, 0xbd, 0xff, 0xc6, 0xfd, 0xbf, 0xff, 0xca, 0xfc, 0xc3, 0xff, 0xc9, 0xfc, 0xc3, 0xff, 0xc5, 0xfe, 0xc0, 0xff, 0xc1, 0xff, 0xbe, 0xff, 0xbe, 0xff, 0xbe, 0xff, 0xbe, 0xfe, 0xc0, 0xff, 0xc4, 0xfa, 0xc7, 0xff, 0xc4, 0xf8, 0xc8, 0xff, 0xc3, 0xfa, 0xc6, 0xff, 0xbf, 0xfd, 0xc1, 0xff, 0xbb, 0xff, 0xbc, 0xff, 0xbb, 0xff, 0xb9, 0xff, 0xbe, 0xff, 0xb9, 0xff, 0xb9, 0xfc, 0xc1, 0xff, 0xaf, 0xf9, 0xd3, 0xff, 0x84, 0xec, 0xdb, 0xff, 0x3c, 0xd9, 0xdf, 0xff, 0x1e, 0xd5, 0xe9, 0xff, 0x1c, 0xd2, 0xef, 0xff, 0x25, 0xce, 0xe6, 0xff, 0x49, 0xd9, 0xde, 0xff, 0x6d, 0xe7, 0xd9, 0xff, 0x92, 0xfb, 0xd9, 0xff, 0xa7, 0xff, 0xcd, 0xff, 0xb8, 0xff, 0xc1, 0xff, 0xc0, 0xff, 0xb9, 0xff, 0xc1, 0xff, 0xb7, 0xff, 0xbf, 0xff, 0xba, 0xff, 0xba, 0xff, 0xc1, 0xff, 0xba, 0xfe, 0xc3, 0xff, 0xc1, 0xfe, 0xc1, 0xff, 0xc1, 0xff, 0xc0, 0xff, 0xbb, 0xff, 0xc0, 0xff, 0xba, 0xff, 0xc0, 0xff, 0xbe, 0xff, 0xc0, 0xff, 0xc1, 0xfe, 0xc1, 0xff, 0xc3, 0xfe, 0xc1, 0xff, 0xc4, 0xfd, 0xc1, 0xff, 0xc5, 0xff, 0xc2, 0xff, 0xcc, 0xfa, 0xbf, 0xff, 0xd3, 0xea, 0xb2, 0xff, 0xd3, 0xd5, 0xa0, 0xff, 0xeb, 0xd7, 0xa4, 0xff, 0xf2, 0xd4, 0xa3, 0xff, 0xf1, 0xd5, 0xa2, 0xff, 0xe2, 0xd6, 0xa2, 0xff, 0xe2, 0xf4, 0xbe, 0xff, 0xd0, 0xfb, 0xc1, 0xff, 0xc1, 0xff, 0xc2, 0xff, 0xb8, 0xff, 0xc0, 0xff, 0xba, 0xfe, 0xc0, 0xff, 0xbe, 0xff, 0xc2, 0xff, 0xc1, 0xff, 0xc2, 0xff, 0xbf, 0xfd, 0xc0, 0xff, 0xbe, 0xff, 0xc1, 0xff, 0xbf, 0xff, 0xc0, 0xff, 0xc1, 0xff, 0xc0, 0xff, 0xc1, 0xfe, 0xc0, 0xff, 0xbf, 0xff, 0xc0, 0xff, 0xbf, 0xff, 0xc0, 0xff, 0xc1, 0xff, 0xc0, 0xff, 0xc1, 0xff, 0xc0, 0xff, 0xc0, 0xff, 0xc0, 0xff, 0xc0, 0xff, 0xc0, 0xff, 0xc0, 0xff, 0xc0, 0xff, 0xc0, 0xff, 0xc0, 0xff, 
  0xc5, 0xfe, 0xc0, 0xff, 0xc3, 0xfe, 0xc0, 0xff, 0xbf, 0xff, 0xc1, 0xff, 0xbc, 0xff, 0xc1, 0xff, 0xba, 0xff, 0xc1, 0xff, 0xb9, 0xff, 0xc1, 0xff, 0xb8, 0xff, 0xc1, 0xff, 0xbc, 0xfe, 0xc0, 0xff, 0xc8, 0xfc, 0xc0, 0xff, 0xd2, 0xf2, 0xb8, 0xff, 0xd9, 0xdb, 0xa5, 0xff, 0xe3, 0xd5, 0xa0, 0xff, 0xe6, 0xd3, 0x9d, 0xff, 0xe1, 0xd5, 0x9e, 0xff, 0xd6, 0xdf, 0xa4, 0xff, 0xda, 0xf7, 0xb9, 0xff, 0xcc, 0xfc, 0xbd, 0xff, 0xc5, 0xfd, 0xbf, 0xff, 0xca, 0xfc, 0xc2, 0xff, 0xc9, 0xfc, 0xc2, 0xff, 0xc5, 0xfe, 0xbf, 0xff, 0xc2, 0xff, 0xbe, 0xff, 0xc0, 0xff, 0xbe, 0xff, 0xc2, 0xfe, 0xc1, 0xff, 0xc7, 0xfa, 0xc7, 0xff, 0xc8, 0xf8, 0xc8, 0xff, 0xc5, 0xf9, 0xc6, 0xff, 0xc0, 0xfd, 0xc1, 0xff, 0xb9, 0xff, 0xbc, 0xff, 0xb8, 0xff, 0xba, 0xff, 0xba, 0xff, 0xba, 0xff, 0xb3, 0xfe, 0xc4, 0xff, 0xa0, 0xf5, 0xd8, 0xff, 0x6f, 0xe3, 0xdc, 0xff, 0x2d, 0xd5, 0xdf, 0xff, 0x17, 0xd3, 0xe5, 0xff, 0x25, 0xd4, 0xe8, 0xff, 0x40, 0xd7, 0xe1, 0xff, 0x73, 0xe8, 0xdc, 0xff, 0x9b, 0xfc, 0xdb, 0xff, 0xa7, 0xff, 0xcd, 0xff, 0xb0, 0xff, 0xc2, 0xff, 0xb9, 0xff, 0xbd, 0xff, 0xc0, 0xff, 0xbb, 0xff, 0xc1, 0xff, 0xbb, 0xff, 0xbd, 0xff, 0xbc, 0xff, 0xb8, 0xff, 0xc0, 0xff, 0xb8, 0xfe, 0xc2, 0xff, 0xbf, 0xff, 0xc1, 0xff, 0xc0, 0xff, 0xc0, 0xff, 0xbc, 0xff, 0xc0, 0xff, 0xbb, 0xff, 0xc0, 0xff, 0xbe, 0xff, 0xc0, 0xff, 0xc0, 0xff, 0xc1, 0xff, 0xc1, 0xfe, 0xc1, 0xff, 0xc3, 0xfe, 0xc1, 0xff, 0xc4, 0xfe, 0xc1, 0xff, 0xcd, 0xfc, 0xc0, 0xff, 0xd2, 0xec, 0xb4, 0xff, 0xce, 0xd5, 0x9f, 0xff, 0xde, 0xd4, 0xa0, 0xff, 0xde, 0xcf, 0x9b, 0xff, 0xe2, 0xd7, 0xa1, 0xff, 0xe1, 0xe5, 0xae, 0xff, 0xda, 0xf8, 0xc0, 0xff, 0xca, 0xfc, 0xc2, 0xff, 0xc0, 0xfe, 0xc2, 0xff, 0xb9, 0xfe, 0xc1, 0xff, 0xba, 0xff, 0xc2, 0xff, 0xbd, 0xff, 0xc4, 0xff, 0xc1, 0xff, 0xc4, 0xff, 0xc1, 0xfd, 0xc1, 0xff, 0xc2, 0xfe, 0xc1, 0xff, 0xc2, 0xfe, 0xc1, 0xff, 0xc1, 0xff, 0xc1, 0xff, 0xbf, 0xff, 0xc0, 0xff, 0xbe, 0xff, 0xc0, 0xff, 0xbf, 0xff, 0xc0, 0xff, 0xc0, 0xff, 0xc0, 0xff, 0xc1, 0xff, 0xc0, 0xff, 0xc0, 0xff, 0xc0, 0xff, 0xc0, 0xff, 0xc0, 0xff, 0xc0, 0xff, 0xc0, 0xff, 0xc0, 0xff, 0xc0, 0xff, 
  0xc4, 0xff, 0xbf, 0xff, 0xc2, 0xff, 0xc0, 0xff, 0xbe, 0xff, 0xc0, 0xff, 0xbd, 0xff, 0xc1, 0xff, 0xbd, 0xff, 0xc1, 0xff, 0xbd, 0xff, 0xc1, 0xff, 0xbc, 0xff, 0xc1, 0xff, 0xbe, 0xfe, 0xc0, 0xff, 0xc8, 0xff, 0xc4, 0xff, 0xcd, 0xf6, 0xbb, 0xff, 0xd3, 0xe6, 0xad, 0xff, 0xd1, 0xd6, 0x9f, 0xff, 0xd9, 0xd9, 0xa1, 0xff, 0xd5, 0xdc, 0xa2, 0xff, 0xd3, 0xed, 0xb0, 0xff, 0xd5, 0xff, 0xbf, 0xff, 0xc7, 0xfe, 0xbd, 0xff, 0xc4, 0xfe, 0xc0, 0xff, 0xc6, 0xfc, 0xc3, 0xff, 0xc6, 0xfc, 0xc3, 0xff, 0xc3, 0xfe, 0xc0, 0xff, 0xc2, 0xff, 0xbf, 0xff, 0xc2, 0xff, 0xbe, 0xff, 0xc4, 0xfe, 0xc0, 0xff, 0xc7, 0xfb, 0xc5, 0xff, 0xc7, 0xf9, 0xc6, 0xff, 0xc4, 0xfb, 0xc4, 0xff, 0xbf, 0xfd, 0xc1, 0xff, 0xba, 0xff, 0xbe, 0xff, 0xb7, 0xff, 0xbe, 0xff, 0xb7, 0xff, 0xc0, 0xff, 0xa8, 0xfe, 0xcb, 0xff, 0x8d, 0xf5, 0xdf, 0xff, 0x5a, 0xe0, 0xdd, 0xff, 0x25, 0xd5, 0xd9, 0xff, 0x1f, 0xd6, 0xdc, 0xff, 0x41, 0xde, 0xde, 0xff, 0x6c, 0xeb, 0xdd, 0xff, 0x99, 0xf6, 0xd3, 0xff, 0xb2, 0xff, 0xce, 0xff, 0xae, 0xfd, 0xc1, 0xff, 0xb2, 0xfd, 0xbe, 0xff, 0xb9, 0xfd, 0xbf, 0xff, 0xc1, 0xff, 0xc2, 0xff, 0xc3, 0xff, 0xc2, 0xff, 0xc0, 0xfd, 0xc0, 0xff, 0xba, 0xfe, 0xc2, 0xff, 0xba, 0xff, 0xc3, 0xff, 0xbe, 0xff, 0xc1, 0xff, 0xc0, 0xff, 0xc0, 0xff, 0xbe, 0xff, 0xc0, 0xff, 0xbd, 0xff, 0xc0, 0xff, 0xbf, 0xff, 0xc0, 0xff, 0xc0, 0xff, 0xc1, 0xff, 0xbf, 0xfe, 0xc1, 0xff, 0xc0, 0xfe, 0xc1, 0xff, 0xc1, 0xfc, 0xbf, 0xff, 0xcc, 0xfe, 0xc1, 0xff, 0xd4, 0xf3, 0xba, 0xff, 0xce, 0xde, 0xa7, 0xff, 0xd6, 0xdc, 0xa5, 0xff, 0xd0, 0xd5, 0x9e, 0xff, 0xd5, 0xe0, 0xa7, 0xff, 0xdb, 0xf3, 0xb9, 0xff, 0xd0, 0xfa, 0xc1, 0xff, 0xc5, 0xfb, 0xc2, 0xff, 0xc1, 0xfd, 0xc1, 0xff, 0xbc, 0xfe, 0xc1, 0xff, 0xba, 0xff, 0xc3, 0xff, 0xbb, 0xff, 0xc4, 0xff, 0xc0, 0xff, 0xc3, 0xff, 0xc2, 0xfc, 0xc1, 0xff, 0xc6, 0xfd, 0xc2, 0xff, 0xc5, 0xfd, 0xc1, 0xff, 0xc0, 0xff, 0xc1, 0xff, 0xbd, 0xff, 0xc0, 0xff, 0xbd, 0xff, 0xc0, 0xff, 0xbe, 0xff, 0xc0, 0xff, 0xc0, 0xff, 0xc0, 0xff, 0xc1, 0xff, 0xc0, 0xff, 0xc0, 0xff, 0xc0, 0xff, 0xc0, 0xff, 0xc0, 0xff, 0xc0, 0xff, 0xc0, 0xff, 0xc0, 0xff, 0xc0, 0xff, 
  0xc2, 0xff, 0xbf, 0xff, 0xc1, 0xff, 0xbf, 0xff, 0xbe, 0xff, 0xc0, 0xff, 0xbe, 0xff, 0xc0, 0xff, 0xc1, 0xff, 0xc0, 0xff, 0xc2, 0xfe, 0xc0, 0xff, 0xc1, 0xff, 0xc0, 0xff, 0xbf, 0xfe, 0xbf, 0xff, 0xc2, 0xff, 0xc1, 0xff, 0xc8, 0xfc, 0xbf, 0xff, 0xd3, 0xf7, 0xbc, 0xff, 0xd1, 0xe9, 0xaf, 0xff, 0xdb, 0xed, 0xb3, 0xff, 0xd6, 0xed, 0xb2, 0xff, 0xd2, 0xfa, 0xbc, 0xff, 0xcc, 0xff, 0xbf, 0xff, 0xc3, 0xff, 0xbd, 0xff, 0xc0, 0xff, 0xbf, 0xff, 0xc1, 0xfd, 0xc3, 0xff, 0xc1, 0xfd, 0xc4, 0xff, 0xc1, 0xfe, 0xc1, 0xff, 0xc1, 0xff, 0xbf, 0xff, 0xc2, 0xff, 0xbe, 0xff, 0xc3, 0xff, 0xbf, 0xff, 0xc4, 0xfd, 0xc2, 0xff, 0xc2, 0xfb, 0xc3, 0xff, 0xc1, 0xfc, 0xc2, 0xff, 0xbf, 0xfe, 0xc1, 0xff, 0xbc, 0xff, 0xc1, 0xff, 0xb9, 0xff, 0xc3, 0xff, 0xb6, 0xff, 0xc7, 0xff, 0xa3, 0xfb, 0xd3, 0xff, 0x78, 0xee, 0xdf, 0xff, 0x49, 0xd9, 0xd7, 0xff, 0x31, 0xd7, 0xd4, 0xff, 0x3e, 0xdf, 0xd6, 0xff, 0x6d, 0xef, 0xda, 0xff, 0x98, 0xff, 0xda, 0xff, 0xb0, 0xff, 0xc9, 0xff, 0xb7, 0xfc, 0xbd, 0xff, 0xb7, 0xff, 0xc0, 0xff, 0xb9, 0xfe, 0xc2, 0xff, 0xc0, 0xfc, 0xc5, 0xff, 0xc4, 0xfb, 0xc6, 0xff, 0xc4, 0xfb, 0xc2, 0xff, 0xc2, 0xfc, 0xc1, 0xff, 0xbd, 0xff, 0xc1, 0xff, 0xbd, 0xff, 0xc2, 0xff, 0xbe, 0xff, 0xc0, 0xff, 0xbf, 0xff, 0xc0, 0xff, 0xbf, 0xff, 0xc0, 0xff, 0xbf, 0xff, 0xc0, 0xff, 0xc0, 0xff, 0xc0, 0xff, 0xbf, 0xff, 0xc1, 0xff, 0xbe, 0xff, 0xc1, 0xff, 0xbe, 0xff, 0xc1, 0xff, 0xc1, 0xfe, 0xc1, 0xff, 0xcb, 0xff, 0xc2, 0xff, 0xd6, 0xfa, 0xc0, 0xff, 0xd4, 0xee, 0xb5, 0xff, 0xdc, 0xf0, 0xb7, 0xff, 0xd4, 0xeb, 0xb1, 0xff, 0xd4, 0xf3, 0xb6, 0xff, 0xd3, 0xfc, 0xbf, 0xff, 0xc7, 0xfb, 0xc1, 0xff, 0xc3, 0xfd, 0xc3, 0xff, 0xc3, 0xfd, 0xc2, 0xff, 0xc0, 0xfe, 0xc2, 0xff, 0xb9, 0xff, 0xc3, 0xff, 0xb9, 0xff, 0xc3, 0xff, 0xbd, 0xfd, 0xc1, 0xff, 0xc2, 0xfb, 0xc0, 0xff, 0xca, 0xfc, 0xc2, 0xff, 0xc8, 0xfd, 0xc1, 0xff, 0xc0, 0xff, 0xc1, 0xff, 0xbc, 0xff, 0xc0, 0xff, 0xbc, 0xff, 0xc0, 0xff, 0xbd, 0xff, 0xc0, 0xff, 0xc0, 0xff, 0xc0, 0xff, 0xc1, 0xff, 0xc0, 0xff, 0xc0, 0xff, 0xc0, 0xff, 0xc0, 0xff, 0xc0, 0xff, 0xc0, 0xff, 0xc0, 0xff, 0xc0, 0xff, 0xc0, 0xff, 
  0xc1, 0xff, 0xbf, 0xff, 0xc0, 0xff, 0xbf, 0xff, 0xbe, 0xff, 0xbf, 0xff, 0xc0, 0xff, 0xc0, 0xff, 0xc5, 0xfe, 0xc0, 0xff, 0xc7, 0xfd, 0xc0, 0xff, 0xc5, 0xfe, 0xc0, 0xff, 0xc1, 0xfd, 0xbf, 0xff, 0xbb, 0xfd, 0xbf, 0xff, 0xbf, 0xff, 0xc0, 0xff, 0xcc, 0xff, 0xc2, 0xff, 0xd3, 0xfd, 0xc1, 0xff, 0xd9, 0xfd, 0xc1, 0xff, 0xd5, 0xfc, 0xbf, 0xff, 0xca, 0xfe, 0xbe, 0xff, 0xc2, 0xff, 0xbd, 0xff, 0xbd, 0xff, 0xbc, 0xff, 0xba, 0xff, 0xbe, 0xff, 0xba, 0xff, 0xc3, 0xff, 0xbb, 0xfe, 0xc5, 0xff, 0xbd, 0xfe, 0xc2, 0xff, 0xc0, 0xff, 0xc0, 0xff, 0xc2, 0xff, 0xbe, 0xff, 0xc1, 0xff, 0xbe, 0xff, 0xbd, 0xff, 0xbf, 0xff, 0xbc, 0xff, 0xc1, 0xff, 0xbc, 0xff, 0xc0, 0xff, 0xbd, 0xff, 0xc1, 0xff, 0xbd, 0xfe, 0xc2, 0xff, 0xbc, 0xfc, 0xc7, 0xff, 0xb9, 0xf8, 0xcd, 0xff, 0xa1, 0xf5, 0xd9, 0xff, 0x62, 0xe1, 0xd8, 0xff, 0x44, 0xd4, 0xd1, 0xff, 0x54, 0xdf, 0xd4, 0xff, 0x74, 0xee, 0xd6, 0xff, 0x9b, 0xfb, 0xd0, 0xff, 0xb6, 0xff, 0xcb, 0xff, 0xba, 0xff, 0xbe, 0xff, 0xba, 0xff, 0xb9, 0xff, 0xbc, 0xff, 0xc4, 0xff, 0xc0, 0xfc, 0xc9, 0xff, 0xc9, 0xf8, 0xca, 0xff, 0xcb, 0xf7, 0xc7, 0xff, 0xc8, 0xfb, 0xc2, 0xff, 0xc5, 0xff, 0xbf, 0xff, 0xc0, 0xff, 0xbd, 0xff, 0xbe, 0xff, 0xbd, 0xff, 0xbe, 0xff, 0xbf, 0xff, 0xbf, 0xff, 0xc0, 0xff, 0xc1, 0xff, 0xc0, 0xff, 0xc2, 0xfe, 0xc0, 0xff, 0xc1, 0xfe, 0xc0, 0xff, 0xbf, 0xff, 0xc1, 0xff, 0xbc, 0xff, 0xc1, 0xff, 0xbc, 0xff, 0xc1, 0xff, 0xc1, 0xff, 0xc2, 0xff, 0xc8, 0xfe, 0xc1, 0xff, 0xd4, 0xfe, 0xc3, 0xff, 0xd5, 0xf8, 0xbe, 0xff, 0xdc, 0xfd, 0xc2, 0xff, 0xd5, 0xfb, 0xbf, 0xff, 0xcf, 0xff, 0xc0, 0xff, 0xc7, 0xff, 0xc0, 0xff, 0xc1, 0xfe, 0xc2, 0xff, 0xc1, 0xfd, 0xc3, 0xff, 0xc6, 0xfc, 0xc3, 0xff, 0xc4, 0xfe, 0xc4, 0xff, 0xb8, 0xff, 0xc2, 0xff, 0xb6, 0xff, 0xc2, 0xff, 0xbe, 0xfe, 0xc2, 0xff, 0xc5, 0xfd, 0xc2, 0xff, 0xcd, 0xfb, 0xc2, 0xff, 0xcb, 0xfc, 0xc1, 0xff, 0xc0, 0xfe, 0xc1, 0xff, 0xbb, 0xff, 0xc0, 0xff, 0xbb, 0xff, 0xc0, 0xff, 0xbd, 0xff, 0xc0, 0xff, 0xc0, 0xff, 0xc0, 0xff, 0xc1, 0xff, 0xc0, 0xff, 0xc0, 0xff, 0xc0, 0xff, 0xc0, 0xff, 0xc0, 0xff, 0xc0, 0xff, 0xc0, 0xff, 0xc0, 0xff, 0xc0, 0xff, 
  0xbf, 0xff, 0xbf, 0xff, 0xbf, 0xff, 0xbf, 0xff, 0xbe, 0xff, 0xbf, 0xff, 0xc0, 0xff, 0xc0, 0xff, 0xc5, 0xfe, 0xc0, 0xff, 0xc7, 0xfd, 0xc0, 0xff, 0xc5, 0xfe, 0xc0, 0xff, 0xc1, 0xfd, 0xc0, 0xff, 0xbc, 0xff, 0xc1, 0xff, 0xbc, 0xff, 0xc1, 0xff, 0xbf, 0xfb, 0xbe, 0xff, 0xc9, 0xff, 0xc3, 0xff, 0xc9, 0xfa, 0xbd, 0xff, 0xca, 0xfd, 0xbf, 0xff, 0xc0, 0xfc, 0xbc, 0xff, 0xbf, 0xff, 0xbf, 0xff, 0xbb, 0xff, 0xbd, 0xff, 0xba, 0xff, 0xbe, 0xff, 0xb9, 0xff, 0xc2, 0xff, 0xba, 0xfe, 0xc4, 0xff, 0xbf, 0xfe, 0xc3, 0xff, 0xc1, 0xff, 0xc0, 0xff, 0xc1, 0xff, 0xbf, 0xff, 0xbf, 0xff, 0xbe, 0xff, 0xbb, 0xff, 0xbe, 0xff, 0xba, 0xff, 0xbf, 0xff, 0xbb, 0xff, 0xbf, 0xff, 0xbc, 0xff, 0xc1, 0xff, 0xbe, 0xfe, 0xc3, 0xff, 0xbb, 0xfa, 0xc7, 0xff, 0xb4, 0xf6, 0xcd, 0xff, 0x9f, 0xf3, 0xd6, 0xff, 0x64, 0xdb, 0xcb, 0xff, 0x56, 0xd7, 0xc9, 0xff, 0x7d, 0xee, 0xd6, 0xff, 0x9e, 0xfd, 0xd8, 0xff, 0xb3, 0xfe, 0xc8, 0xff, 0xbd, 0xff, 0xbd, 0xff, 0xbb, 0xff, 0xb5, 0xff, 0xc2, 0xff, 0xbd, 0xff, 0xbf, 0xfe, 0xc2, 0xff, 0xc3, 0xfc, 0xc8, 0xff, 0xcb, 0xf8, 0xc9, 0xff, 0xcb, 0xf7, 0xc5, 0xff, 0xc7, 0xfb, 0xc1, 0xff, 0xc6, 0xff, 0xc1, 0xff, 0xc1, 0xff, 0xbd, 0xff, 0xbc, 0xff, 0xba, 0xff, 0xbf, 0xff, 0xbf, 0xff, 0xc0, 0xff, 0xc0, 0xff, 0xc1, 0xff, 0xc0, 0xff, 0xc1, 0xff, 0xc0, 0xff, 0xc0, 0xff, 0xc0, 0xff, 0xbf, 0xff, 0xc1, 0xff, 0xbd, 0xff, 0xc1, 0xff, 0xbd, 0xff, 0xc1, 0xff, 0xbe, 0xfd, 0xbf, 0xff, 0xc2, 0xfb, 0xbe, 0xff, 0xcc, 0xff, 0xc3, 0xff, 0xcb, 0xfa, 0xbf, 0xff, 0xcd, 0xfc, 0xc0, 0xff, 0xc8, 0xfb, 0xbe, 0xff, 0xc7, 0xff, 0xc2, 0xff, 0xbe, 0xfd, 0xbe, 0xff, 0xbe, 0xfe, 0xc2, 0xff, 0xbf, 0xfe, 0xc3, 0xff, 0xc5, 0xfd, 0xc3, 0xff, 0xc3, 0xfd, 0xc2, 0xff, 0xba, 0xff, 0xc2, 0xff, 0xb8, 0xff, 0xc1, 0xff, 0xbf, 0xff, 0xc2, 0xff, 0xc8, 0xff, 0xc4, 0xff, 0xcb, 0xfc, 0xc1, 0xff, 0xca, 0xfd, 0xc1, 0xff, 0xc0, 0xff, 0xc1, 0xff, 0xbc, 0xff, 0xc0, 0xff, 0xbc, 0xff, 0xc0, 0xff, 0xbd, 0xff, 0xc1, 0xff, 0xbf, 0xff, 0xc1, 0xff, 0xc0, 0xff, 0xc1, 0xff, 0xc0, 0xff, 0xc1, 0xff, 0xc0, 0xff, 0xc0, 0xff, 0xc0, 0xff, 0xc0, 0xff, 0xc0, 0xff, 0xc0, 0xff, 
  0xbc, 0xfe, 0xbf, 0xff, 0xbc, 0xff, 0xbf, 0xff, 0xbc, 0xff, 0xbf, 0xff, 0xbe, 0xff, 0xc0, 0xff, 0xc0, 0xff, 0xc0, 0xff, 0xc1, 0xff, 0xc0, 0xff, 0xc1, 0xff, 0xc1, 0xff, 0xc0, 0xff, 0xc2, 0xff, 0xbd, 0xff, 0xc1, 0xff, 0xbd, 0xff, 0xc1, 0xff, 0xbe, 0xfd, 0xc0, 0xff, 0xc0, 0xfd, 0xc0, 0xff, 0xc1, 0xfd, 0xc0, 0xff, 0xc1, 0xfd, 0xc0, 0xff, 0xc0, 0xff, 0xc1, 0xff, 0xbe, 0xff, 0xc0, 0xff, 0xbd, 0xff, 0xbf, 0xff, 0xbd, 0xff, 0xbf, 0xff, 0xbe, 0xff, 0xc1, 0xff, 0xc1, 0xfe, 0xc2, 0xff, 0xc5, 0xfd, 0xc2, 0xff, 0xc4, 0xfe, 0xc1, 0xff, 0xbe, 0xff, 0xc0, 0xff, 0xbc, 0xff, 0xbf, 0xff, 0xbe, 0xff, 0xbe, 0xff, 0xc0, 0xff, 0xc0, 0xff, 0xbd, 0xff, 0xc0, 0xff, 0xba, 0xfd, 0xbf, 0xff, 0xbd, 0xff, 0xc5, 0xff, 0xbc, 0xff, 0xcc, 0xff, 0xab, 0xf9, 0xc6, 0xff, 0x93, 0xea, 0xbe, 0xff, 0x80, 0xe1, 0xbc, 0xff, 0x8d, 0xee, 0xca, 0xff, 0xa0, 0xf9, 0xd1, 0xff, 0xac, 0xfc, 0xcd, 0xff, 0xb7, 0xfc, 0xc6, 0xff, 0xc0, 0xff, 0xc2, 0xff, 0xc2, 0xff, 0xbe, 0xff, 0xc0, 0xfd, 0xba, 0xff, 0xc1, 0xfd, 0xbd, 0xff, 0xc2, 0xfc, 0xbe, 0xff, 0xc4, 0xfc, 0xc1, 0xff, 0xc5, 0xfd, 0xc2, 0xff, 0xc3, 0xff, 0xc2, 0xff, 0xc1, 0xff, 0xc2, 0xff, 0xbe, 0xff, 0xc1, 0xff, 0xbd, 0xfe, 0xc0, 0xff, 0xc1, 0xff, 0xc0, 0xff, 0xc1, 0xff, 0xc0, 0xff, 0xbe, 0xff, 0xc0, 0xff, 0xbd, 0xff, 0xc0, 0xff, 0xbc, 0xff, 0xc0, 0xff, 0xbe, 0xff, 0xc1, 0xff, 0xc0, 0xff, 0xc1, 0xff, 0xc2, 0xfe, 0xc1, 0xff, 0xc3, 0xfe, 0xc1, 0xff, 0xc2, 0xfe, 0xc1, 0xff, 0xc1, 0xfe, 0xc1, 0xff, 0xc0, 0xfe, 0xc1, 0xff, 0xc0, 0xfe, 0xc1, 0xff, 0xbf, 0xff, 0xc1, 0xff, 0xc0, 0xff, 0xc1, 0xff, 0xbf, 0xfe, 0xc1, 0xff, 0xbe, 0xfe, 0xc2, 0xff, 0xbf, 0xfe, 0xc2, 0xff, 0xc1, 0xfe, 0xc1, 0xff, 0xc1, 0xfe, 0xc1, 0xff, 0xbe, 0xff, 0xc1, 0xff, 0xbe, 0xff, 0xc1, 0xff, 0xc0, 0xff, 0xc0, 0xff, 0xc3, 0xff, 0xc0, 0xff, 0xc5, 0xfe, 0xc0, 0xff, 0xc4, 0xfe, 0xc0, 0xff, 0xc0, 0xff, 0xc0, 0xff, 0xbe, 0xff, 0xc0, 0xff, 0xbe, 0xff, 0xc0, 0xff, 0xbf, 0xff, 0xc1, 0xff, 0xbf, 0xff, 0xc1, 0xff, 0xbf, 0xff, 0xc1, 0xff, 0xbf, 0xff, 0xc1, 0xff, 0xc0, 0xff, 0xc0, 0xff, 0xc0, 0xff, 0xc0, 0xff, 0xc0, 0xff, 0xc0, 0xff, 
  0xbc, 0xfe, 0xbf, 0xff, 0xbc, 0xfe, 0xbf, 0xff, 0xbc, 0xfe, 0xbf, 0xff, 0xbd, 0xff, 0xc0, 0xff, 0xbe, 0xff, 0xc0, 0xff, 0xbe, 0xff, 0xc0, 0xff, 0xbe, 0xff, 0xc0, 0xff, 0xbf, 0xff, 0xc2, 0xff, 0xbe, 0xff, 0xc1, 0xff, 0xbe, 0xfe, 0xc2, 0xff, 0xbd, 0xfd, 0xc1, 0xff, 0xbd, 0xfd, 0xc1, 0xff, 0xbd, 0xfd, 0xc1, 0xff, 0xbd, 0xfd, 0xc1, 0xff, 0xbe, 0xfe, 0xc2, 0xff, 0xbe, 0xff, 0xc1, 0xff, 0xbe, 0xff, 0xc0, 0xff, 0xbe, 0xff, 0xbf, 0xff, 0xc0, 0xff, 0xc0, 0xff, 0xc3, 0xfe, 0xc1, 0xff, 0xc8, 0xfd, 0xc1, 0xff, 0xc6, 0xfd, 0xc1, 0xff, 0xbd, 0xff, 0xc1, 0xff, 0xbb, 0xff, 0xc0, 0xff, 0xbf, 0xfe, 0xbe, 0xff, 0xc2, 0xff, 0xc0, 0xff, 0xbe, 0xff, 0xc0, 0xff, 0xba, 0xfd, 0xbf, 0xff, 0xbb, 0xfe, 0xc4, 0xff, 0xb7, 0xff, 0xc7, 0xff, 0xa5, 0xf9, 0xc2, 0xff, 0x96, 0xee, 0xb9, 0xff, 0x9e, 0xf2, 0xc1, 0xff, 0xa8, 0xf8, 0xc8, 0xff, 0xb1, 0xfe, 0xcc, 0xff, 0xb6, 0xfe, 0xc9, 0xff, 0xba, 0xfc, 0xc5, 0xff, 0xc1, 0xfe, 0xc4, 0xff, 0xc5, 0xff, 0xc3, 0xff, 0xc6, 0xff, 0xc0, 0xff, 0xc4, 0xfe, 0xbd, 0xff, 0xc3, 0xff, 0xbd, 0xff, 0xc1, 0xfe, 0xbe, 0xff, 0xc0, 0xff, 0xc0, 0xff, 0xbf, 0xff, 0xc1, 0xff, 0xbf, 0xff, 0xc3, 0xff, 0xbd, 0xfe, 0xc4, 0xff, 0xbd, 0xfd, 0xc2, 0xff, 0xc1, 0xff, 0xc0, 0xff, 0xc1, 0xff, 0xbf, 0xff, 0xbd, 0xff, 0xc0, 0xff, 0xbb, 0xff, 0xc0, 0xff, 0xbb, 0xff, 0xc0, 0xff, 0xbd, 0xff, 0xc0, 0xff, 0xc2, 0xfe, 0xc0, 0xff, 0xc5, 0xfe, 0xc0, 0xff, 0xc4, 0xfe, 0xc0, 0xff, 0xc1, 0xfe, 0xc1, 0xff, 0xbd, 0xff, 0xc1, 0xff, 0xba, 0xff, 0xc2, 0xff, 0xba, 0xff, 0xc2, 0xff, 0xbb, 0xff, 0xc2, 0xff, 0xbf, 0xfe, 0xc2, 0xff, 0xc0, 0xfe, 0xc2, 0xff, 0xbf, 0xfe, 0xc2, 0xff, 0xbe, 0xff, 0xc1, 0xff, 0xbf, 0xff, 0xc1, 0xff, 0xc0, 0xff, 0xc0, 0xff, 0xc0, 0xff, 0xc0, 0xff, 0xc0, 0xff, 0xc0, 0xff, 0xc1, 0xff, 0xbf, 0xff, 0xc1, 0xff, 0xbf, 0xff, 0xc1, 0xff, 0xbf, 0xff, 0xc1, 0xff, 0xbf, 0xff, 0xc0, 0xff, 0xc0, 0xff, 0xc0, 0xff, 0xc0, 0xff, 0xc0, 0xff, 0xc0, 0xff, 0xbf, 0xff, 0xc1, 0xff, 0xbe, 0xff, 0xc1, 0xff, 0xbe, 0xff, 0xc1, 0xff, 0xbf, 0xff, 0xc1, 0xff, 0xc0, 0xff, 0xc0, 0xff, 0xc0, 0xff, 0xc0, 0xff, 0xc0, 0xff, 0xc0, 0xff, 
  0xbd, 0xfe, 0xbf, 0xff, 0xbd, 0xfe, 0xbf, 0xff, 0xbe, 0xff, 0xc0, 0xff, 0xbe, 0xff, 0xc0, 0xff, 0xbe, 0xff, 0xc0, 0xff, 0xbe, 0xff, 0xc0, 0xff, 0xbe, 0xff, 0xc0, 0xff, 0xbe, 0xff, 0xc1, 0xff, 0xbf, 0xfe, 0xc1, 0xff, 0xbf, 0xfe, 0xc2, 0xff, 0xbf, 0xfe, 0xc2, 0xff, 0xbe, 0xfd, 0xc1, 0xff, 0xbe, 0xfd, 0xc1, 0xff, 0xbf, 0xfe, 0xc2, 0xff, 0xbf, 0xfe, 0xc2, 0xff, 0xbf, 0xff, 0xc1, 0xff, 0xbd, 0xff, 0xc0, 0xff, 0xbe, 0xff, 0xbf, 0xff, 0xbf, 0xff, 0xc0, 0xff, 0xc3, 0xfe, 0xc1, 0xff, 0xc8, 0xfd, 0xc1, 0xff, 0xc6, 0xfd, 0xc1, 0xff, 0xbc, 0xff, 0xc1, 0xff, 0xba, 0xff, 0xc0, 0xff, 0xc0, 0xff, 0xbf, 0xff, 0xc1, 0xff, 0xbf, 0xff, 0xbe, 0xff, 0xc0, 0xff, 0xbc, 0xff, 0xc1, 0xff, 0xbd, 0xff, 0xc5, 0xff, 0xb6, 0xfe, 0xc6, 0xff, 0xa6, 0xf9, 0xc2, 0xff, 0x9d, 0xf4, 0xbf, 0xff, 0xaa, 0xfd, 0xca, 0xff, 0xae, 0xfc, 0xca, 0xff, 0xb2, 0xfd, 0xc9, 0xff, 0xb7, 0xfd, 0xc7, 0xff, 0xbb, 0xfc, 0xc4, 0xff, 0xbd, 0xfc, 0xc1, 0xff, 0xc2, 0xfe, 0xc1, 0xff, 0xc5, 0xff, 0xc1, 0xff, 0xc4, 0xff, 0xbf, 0xff, 0xc2, 0xfe, 0xbe, 0xff, 0xc0, 0xfe, 0xbe, 0xff, 0xbf, 0xfe, 0xbf, 0xff, 0xbf, 0xff, 0xc1, 0xff, 0xbe, 0xfe, 0xc2, 0xff, 0xbe, 0xfe, 0xc3, 0xff, 0xbf, 0xfe, 0xc2, 0xff, 0xc1, 0xff, 0xc0, 0xff, 0xc0, 0xff, 0xbf, 0xff, 0xbc, 0xff, 0xc0, 0xff, 0xbb, 0xff, 0xc0, 0xff, 0xbb, 0xff, 0xc0, 0xff, 0xbe, 0xff, 0xc0, 0xff, 0xc3, 0xfe, 0xc0, 0xff, 0xc5, 0xfe, 0xc0, 0xff, 0xc5, 0xfe, 0xc0, 0xff, 0xc2, 0xfe, 0xc1, 0xff, 0xbe, 0xff, 0xc1, 0xff, 0xbb, 0xff, 0xc2, 0xff, 0xba, 0xff, 0xc2, 0xff, 0xbc, 0xff, 0xc2, 0xff, 0xc0, 0xfe, 0xc2, 0xff, 0xc1, 0xfe, 0xc2, 0xff, 0xbf, 0xfe, 0xc2, 0xff, 0xbe, 0xff, 0xc1, 0xff, 0xbf, 0xff, 0xc1, 0xff, 0xc0, 0xff, 0xc0, 0xff, 0xc0, 0xff, 0xc0, 0xff, 0xc0, 0xff, 0xc0, 0xff, 0xc1, 0xff, 0xbf, 0xff, 0xc1, 0xff, 0xbf, 0xff, 0xc1, 0xff, 0xbf, 0xff, 0xc1, 0xff, 0xbf, 0xff, 0xc0, 0xff, 0xc0, 0xff, 0xc0, 0xff, 0xc0, 0xff, 0xc0, 0xff, 0xc0, 0xff, 0xbf, 0xff, 0xc1, 0xff, 0xbe, 0xff, 0xc1, 0xff, 0xbe, 0xff, 0xc1, 0xff, 0xbf, 0xff, 0xc1, 0xff, 0xc0, 0xff, 0xc0, 0xff, 0xc0, 0xff, 0xc0, 0xff, 0xc0, 0xff, 0xc0, 0xff, 
  0xbd, 0xfe, 0xbf, 0xff, 0xbe, 0xff, 0xc0, 0xff, 0xbe, 0xff, 0xc0, 0xff, 0xbe, 0xff, 0xc0, 0xff, 0xbe, 0xff, 0xc0, 0xff, 0xbe, 0xff, 0xc0, 0xff, 0xbe, 0xff, 0xc0, 0xff, 0xbe, 0xff, 0xc1, 0xff, 0xbf, 0xfe, 0xc1, 0xff, 0xc0, 0xfe, 0xc2, 0xff, 0xc0, 0xfe, 0xc2, 0xff, 0xbf, 0xfd, 0xc1, 0xff, 0xbf, 0xfd, 0xc1, 0xff, 0xc0, 0xfe, 0xc2, 0xff, 0xc0, 0xfe, 0xc2, 0xff, 0xbf, 0xff, 0xc1, 0xff, 0xbd, 0xff, 0xc0, 0xff, 0xbd, 0xff, 0xbf, 0xff, 0xbf, 0xff, 0xc0, 0xff, 0xc2, 0xfe, 0xc1, 0xff, 0xc8, 0xfd, 0xc1, 0xff, 0xc5, 0xfd, 0xc1, 0xff, 0xbc, 0xff, 0xc1, 0xff, 0xba, 0xff, 0xc0, 0xff, 0xc0, 0xff, 0xbf, 0xff, 0xc0, 0xfe, 0xbe, 0xff, 0xbe, 0xff, 0xc0, 0xff, 0xbe, 0xff, 0xc3, 0xff, 0xbe, 0xff, 0xc6, 0xff, 0xb7, 0xfe, 0xc6, 0xff, 0xa9, 0xfc, 0xc5, 0xff, 0xa5, 0xfb, 0xc5, 0xff, 0xab, 0xfd, 0xc9, 0xff, 0xad, 0xfa, 0xc7, 0xff, 0xb0, 0xfa, 0xc5, 0xff, 0xb7, 0xfd, 0xc6, 0xff, 0xbc, 0xfe, 0xc4, 0xff, 0xbd, 0xfc, 0xc1, 0xff, 0xc0, 0xfc, 0xbf, 0xff, 0xc2, 0xfd, 0xbf, 0xff, 0xc3, 0xff, 0xbf, 0xff, 0xc1, 0xfe, 0xbe, 0xff, 0xbf, 0xfd, 0xbd, 0xff, 0xbd, 0xfd, 0xbe, 0xff, 0xbd, 0xfe, 0xc0, 0xff, 0xbe, 0xfe, 0xc2, 0xff, 0xbe, 0xfe, 0xc3, 0xff, 0xbf, 0xfe, 0xc2, 0xff, 0xc1, 0xff, 0xc0, 0xff, 0xc0, 0xff, 0xbf, 0xff, 0xbc, 0xff, 0xc0, 0xff, 0xbb, 0xff, 0xc0, 0xff, 0xbc, 0xff, 0xc0, 0xff, 0xbe, 0xff, 0xc0, 0xff, 0xc3, 0xfe, 0xc0, 0xff, 0xc5, 0xfe, 0xc0, 0xff, 0xc5, 0xfe, 0xc0, 0xff, 0xc3, 0xfe, 0xc1, 0xff, 0xbe, 0xff, 0xc1, 0xff, 0xbc, 0xff, 0xc2, 0xff, 0xbb, 0xff, 0xc2, 0xff, 0xbd, 0xff, 0xc2, 0xff, 0xc1, 0xfe, 0xc2, 0xff, 0xc2, 0xfe, 0xc2, 0xff, 0xbf, 0xfe, 0xc2, 0xff, 0xbe, 0xff, 0xc1, 0xff, 0xbf, 0xff, 0xc1, 0xff, 0xc0, 0xff, 0xc0, 0xff, 0xc0, 0xff, 0xc0, 0xff, 0xc0, 0xff, 0xc0, 0xff, 0xc1, 0xff, 0xbf, 0xff, 0xc1, 0xff, 0xbf, 0xff, 0xc1, 0xff, 0xbf, 0xff, 0xc1, 0xff, 0xbf, 0xff, 0xc0, 0xff, 0xc0, 0xff, 0xc0, 0xff, 0xc0, 0xff, 0xc0, 0xff, 0xc0, 0xff, 0xbf, 0xff, 0xc1, 0xff, 0xbe, 0xff, 0xc1, 0xff, 0xbe, 0xff, 0xc1, 0xff, 0xbf, 0xff, 0xc1, 0xff, 0xc0, 0xff, 0xc0, 0xff, 0xc0, 0xff, 0xc0, 0xff, 0xc0, 0xff, 0xc0, 0xff, 
#endif
};

const lv_img_dsc_t icon11 = {
  .header.cf = LV_IMG_CF_TRUE_COLOR,
  .header.always_zero = 0,
  .header.reserved = 0,
  .header.w = 84,
  .header.h = 84,
  .data_size = 7056 * LV_COLOR_SIZE / 8,
  .data = icon11_map,
};


#endif