#include "TFT_Img.h"
#include "dbg_config.h"
#if(ENABLE_LVGL_USE == 0)
static const unsigned char gImage_icon31[11360] = { /* 0X00,0X10,0X50,0X00,0X47,0X00,0X01,0X1B, */
0XF7,0XBF,0XF7,0XC7,0XD7,0XC7,0XB9,0XCF,0X38,0XC7,0X57,0XBE,0XD6,0XBD,0X37,0XC6,
0X19,0XCF,0XB8,0XCF,0XD7,0XC7,0XF7,0XC7,0XF8,0XC7,0XF8,0XC7,0XF8,0XC7,0XF8,0XC7,
0XF8,0XC7,0XF8,0XC7,0XF8,0XC7,0XF8,0XC7,0XF8,0XC7,0XF8,0XC7,0XF8,0XC7,0XF8,0XC7,
0XF8,0XC7,0XF8,0XC7,0XF8,0XC7,0XF8,0XC7,0XF8,0XC7,0XF8,0XC7,0XF8,0XC7,0XF8,0XC7,
0XF8,0XC7,0XF7,0XC7,0XF7,0XBF,0XF8,0XC7,0XF9,0XCF,0X39,0XC7,0X57,0XBE,0XB6,0XB5,
0X16,0XBE,0XF8,0XC6,0XB9,0XCF,0XD8,0XC7,0XF7,0XBF,0XF7,0XBF,0XF7,0XC7,0XF8,0XC7,
0XF8,0XC7,0XF8,0XC7,0XF8,0XC7,0XF8,0XC7,0XF8,0XC7,0XF8,0XC7,0XF8,0XC7,0XF8,0XC7,
0XF8,0XC7,0XF8,0XC7,0XF8,0XC7,0XF8,0XC7,0XF8,0XC7,0XF8,0XC7,0XF8,0XC7,0XF8,0XC7,
0XF8,0XC7,0XF8,0XC7,0XF8,0XC7,0XF8,0XC7,0XF8,0XBF,0XF8,0XBF,0XF8,0XC7,0XD7,0XC7,
0XD8,0XCF,0X18,0XC7,0X37,0XBE,0XB6,0XB5,0X37,0XBE,0X59,0XCF,0XB8,0XC7,0XF8,0XC7,
0XF7,0XBF,0XF8,0XC7,0XD8,0XC7,0X37,0XBF,0X15,0XAE,0XB5,0XAD,0XB6,0XB5,0XD6,0XB5,
0XF5,0XAD,0X57,0XC7,0XF8,0XC7,0XF7,0XC7,0XF8,0XC7,0XF8,0XC7,0XF8,0XC7,0XF8,0XC7,
0XF8,0XC7,0XF8,0XC7,0XF8,0XC7,0XF8,0XC7,0XF8,0XC7,0XF8,0XC7,0XF8,0XC7,0XF8,0XC7,
0XF8,0XC7,0XF8,0XC7,0XF8,0XC7,0XF8,0XC7,0XF8,0XC7,0XF8,0XC7,0XF8,0XC7,0XF8,0XC7,
0XF8,0XC7,0XF8,0XC7,0XF7,0XBF,0XF8,0XC7,0X58,0XBF,0X15,0XAE,0XB6,0XB5,0XB6,0XB5,
0XB6,0XB5,0XF5,0XAD,0XF7,0XBE,0XD8,0XC7,0XF8,0XC7,0XF7,0XBF,0XF8,0XC7,0XF8,0XC7,
0XF8,0XC7,0XF8,0XC7,0XF8,0XC7,0XF8,0XC7,0XF8,0XC7,0XF8,0XC7,0XF8,0XC7,0XF8,0XC7,
0XF8,0XC7,0XF8,0XC7,0XF8,0XC7,0XF8,0XC7,0XF8,0XC7,0XF8,0XC7,0XF8,0XC7,0XF8,0XC7,
0XF8,0XC7,0XF8,0XC7,0XF8,0XC7,0XF8,0XC7,0XF8,0XC7,0XF8,0XC7,0XD8,0XC7,0XD8,0XCF,
0X17,0XBF,0X15,0XAE,0XB6,0XB5,0XB7,0XBD,0XB6,0XB5,0XF5,0XAD,0X57,0XBF,0XD8,0XC7,
0XF8,0XC7,0XD8,0XC7,0XB8,0XC7,0X75,0XAE,0XD5,0XAD,0XD7,0XBD,0X97,0XB5,0XD7,0XBD,
0XD5,0XAD,0X55,0XAE,0XD8,0XC7,0XF8,0XC7,0XF8,0XC7,0XF8,0XC7,0XF8,0XC7,0XF8,0XC7,
0XF8,0XC7,0XF8,0XC7,0XF8,0XC7,0XF8,0XC7,0XF8,0XC7,0XF8,0XC7,0XF8,0XC7,0XF8,0XC7,
0XF8,0XC7,0XF8,0XC7,0XF8,0XC7,0XF8,0XC7,0XF8,0XC7,0XF8,0XC7,0XF8,0XC7,0XF8,0XC7,
0XF8,0XC7,0XF8,0XC7,0XF8,0XC7,0XB8,0XC7,0X96,0XB6,0XF6,0XB5,0XD7,0XBD,0X97,0XB5,
0XB6,0XB5,0XF6,0XB5,0XF4,0XA5,0X58,0XC7,0XF9,0XC7,0XF7,0XBF,0XF8,0XC7,0XF8,0XC7,
0XF8,0XC7,0XF8,0XC7,0XF8,0XC7,0XF8,0XC7,0XF8,0XC7,0XF8,0XC7,0XF8,0XC7,0XF8,0XC7,
0XF8,0XC7,0XF8,0XC7,0XF8,0XC7,0XF8,0XC7,0XF8,0XC7,0XF8,0XC7,0XF8,0XC7,0XF8,0XC7,
0XF8,0XC7,0XF8,0XC7,0XF8,0XC7,0XF8,0XC7,0XF8,0XC7,0XD8,0XC7,0XF8,0XC7,0XB8,0XC7,
0X34,0XA6,0XF5,0XB5,0XD7,0XBD,0X97,0XB5,0XB7,0XBD,0XF6,0XB5,0X75,0XAE,0XB8,0XC7,
0XD8,0XC7,0XD8,0XC7,0XF9,0XCF,0X15,0XAE,0XB5,0XB5,0X97,0XB5,0X97,0XB5,0X96,0XB5,
0XD6,0XB5,0XF4,0XA5,0XD9,0XCF,0XF8,0XC7,0XF8,0XC7,0XF8,0XC7,0XF8,0XC7,0XF8,0XC7,
0XF8,0XC7,0XF8,0XC7,0XF8,0XC7,0XF8,0XC7,0XF8,0XC7,0XF8,0XC7,0XF8,0XC7,0XF8,0XC7,
0XF8,0XC7,0XF8,0XC7,0XF8,0XC7,0XF8,0XC7,0XF8,0XC7,0XF8,0XC7,0XF8,0XC7,0XF8,0XC7,
0XF8,0XC7,0XF8,0XC7,0XF8,0XC7,0XD8,0XCF,0X76,0XB6,0XB5,0XB5,0X96,0XB5,0X97,0XB5,
0X96,0XB5,0XB6,0XB5,0XD4,0XA5,0X58,0XC7,0XD8,0XC7,0XF8,0XC7,0XF8,0XC7,0XF8,0XC7,
0XF8,0XC7,0XF8,0XC7,0XF8,0XC7,0XF8,0XC7,0XF8,0XC7,0XF8,0XC7,0XF8,0XC7,0XF8,0XC7,
0XF8,0XC7,0XF8,0XC7,0XF8,0XC7,0XF8,0XC7,0XF8,0XC7,0XF8,0XC7,0XF8,0XC7,0XF8,0XC7,
0XF8,0XC7,0XF8,0XC7,0XF8,0XC7,0XF8,0XC7,0XF8,0XC7,0XD8,0XC7,0XD8,0XC7,0X78,0XC7,
0X14,0XAE,0XB5,0XB5,0X97,0XB5,0X97,0XBD,0X97,0XB5,0XD6,0XB5,0X55,0XAE,0XB9,0XC7,
0XF8,0XC7,0XF8,0XC7,0XB9,0XCF,0X56,0XB6,0XD6,0XB5,0X97,0XB5,0XB7,0XB5,0XD7,0XB5,
0XB5,0XAD,0X34,0XAE,0XD9,0XCF,0XF8,0XC7,0XF8,0XC7,0XF8,0XC7,0XF8,0XC7,0XF8,0XC7,
0XF8,0XC7,0XF8,0XC7,0XF8,0XC7,0XF8,0XC7,0XF8,0XC7,0XF8,0XC7,0XF8,0XC7,0XF8,0XC7,
0XF8,0XC7,0XF8,0XC7,0XF8,0XC7,0XF8,0XC7,0XF8,0XC7,0XF8,0XC7,0XF8,0XC7,0XF8,0XC7,
0XF8,0XC7,0XF8,0XC7,0XF8,0XC7,0X98,0XC7,0X76,0XB6,0XF6,0XB5,0XB6,0XB5,0XB7,0XB5,
0XD7,0XB5,0XD6,0XB5,0XD4,0XA5,0X78,0XC7,0XF9,0XC7,0XF8,0XBF,0XF8,0XC7,0XF8,0XC7,
0XF8,0XC7,0XF8,0XC7,0XF8,0XC7,0XF8,0XC7,0XF8,0XC7,0XF8,0XC7,0XF8,0XC7,0XF8,0XC7,
0XF8,0XC7,0XF8,0XC7,0XF8,0XC7,0XF8,0XC7,0XF8,0XC7,0XF8,0XC7,0XF8,0XC7,0XF8,0XC7,
0XF8,0XC7,0XF8,0XC7,0XF8,0XC7,0XF8,0XC7,0XF8,0XC7,0XD8,0XC7,0XF9,0XC7,0X98,0XC7,
0XF4,0XA5,0XF6,0XB5,0XB7,0XB5,0X97,0XB5,0X96,0XB5,0XD6,0XB5,0X75,0XB6,0X98,0XC7,
0XF7,0XBF,0XF8,0XC7,0XB8,0XC7,0XF7,0XBE,0XF5,0XAD,0XD5,0XAD,0XD6,0XB5,0XD5,0XAD,
0X15,0XAE,0X37,0XC7,0XD8,0XCF,0XF8,0XC7,0XF8,0XC7,0XF8,0XC7,0XF8,0XC7,0XF8,0XC7,
0XF8,0XC7,0XF8,0XC7,0XF8,0XC7,0XF8,0XC7,0XF8,0XC7,0XF8,0XC7,0XF8,0XC7,0XF8,0XC7,
0XF8,0XC7,0XF8,0XC7,0XF8,0XC7,0XF8,0XC7,0XF8,0XC7,0XF8,0XC7,0XF8,0XC7,0XF8,0XC7,
0XF8,0XC7,0XF8,0XC7,0XF7,0XC7,0XD8,0XC7,0X17,0XBF,0XF5,0XAD,0XD5,0XAD,0XD6,0XB5,
0XD5,0XAD,0XF5,0XA5,0XB6,0XB6,0XD9,0XCF,0XF8,0XC7,0XF7,0XBF,0XF8,0XC7,0XF8,0XC7,
0XF8,0XC7,0XF8,0XC7,0XF8,0XC7,0XF8,0XC7,0XF8,0XC7,0XF8,0XC7,0XF8,0XC7,0XF8,0XC7,
0XF8,0XC7,0XF8,0XC7,0XF8,0XC7,0XF8,0XC7,0XF8,0XC7,0XF8,0XC7,0XF8,0XC7,0XF8,0XC7,
0XF8,0XC7,0XF8,0XC7,0XF8,0XC7,0XF8,0XC7,0XF7,0XC7,0XF8,0XC7,0XD7,0XBF,0XD9,0XCF,
0XD6,0XB6,0XF5,0XAD,0XB6,0XAD,0XD7,0XB5,0XB5,0XAD,0XF4,0XAD,0X17,0XBF,0XD8,0XCF,
0XF7,0XBF,0XF7,0XC7,0XD8,0XC7,0X98,0XC7,0XF7,0XBE,0X35,0XAE,0XF4,0XAD,0X35,0XAE,
0XF7,0XBE,0XB8,0XC7,0XF8,0XC7,0XF7,0XC7,0XF8,0XC7,0XF8,0XC7,0XF8,0XC7,0XF8,0XC7,
0XF8,0XC7,0XF8,0XC7,0XF8,0XC7,0XF8,0XC7,0XF8,0XC7,0XF8,0XC7,0XF8,0XC7,0XF8,0XC7,
0XF8,0XC7,0XF8,0XC7,0XF8,0XC7,0XF8,0XC7,0XF8,0XC7,0XF8,0XC7,0XF8,0XC7,0XF8,0XC7,
0XF8,0XC7,0XF7,0XC7,0XF7,0XC7,0XF7,0XC7,0XB8,0XC7,0X37,0XBF,0X55,0XAE,0XF5,0XAD,
0X15,0XAE,0XD6,0XB6,0XB8,0XC7,0XF8,0XC7,0XF7,0XBF,0XF8,0XC7,0XF8,0XC7,0XF8,0XC7,
0XF8,0XC7,0XF8,0XC7,0XF8,0XC7,0XF8,0XC7,0XF8,0XC7,0XF8,0XC7,0XF8,0XC7,0XF8,0XC7,
0XF8,0XC7,0XF8,0XC7,0XF8,0XC7,0XF8,0XC7,0XF8,0XC7,0XF8,0XC7,0XF8,0XC7,0XF8,0XC7,
0XF8,0XC7,0XF8,0XC7,0XF8,0XC7,0XF8,0XC7,0XF7,0XBF,0XF7,0XBF,0XF7,0XC7,0XF8,0XC7,
0XB8,0XC7,0XF7,0XB6,0X15,0XAE,0XF5,0XAD,0X35,0XAE,0X17,0XBF,0XD8,0XCF,0XD8,0XC7,
0XF6,0XB7,0XF7,0XC7,0XD7,0XC7,0XF8,0XC7,0XF9,0XC7,0X98,0XC7,0XB9,0XD7,0XB9,0XCF,
0XF9,0XCF,0XF8,0XC7,0XF7,0XC7,0XF8,0XC7,0XF8,0XC7,0XF8,0XC7,0XF8,0XC7,0XF8,0XC7,
0XF8,0XC7,0XF8,0XC7,0XF8,0XC7,0XF8,0XC7,0XF8,0XC7,0XF8,0XC7,0XF8,0XC7,0XF8,0XC7,
0XF8,0XC7,0XF8,0XC7,0XF8,0XC7,0XF8,0XC7,0XF8,0XC7,0XF8,0XC7,0XF8,0XC7,0XF8,0XC7,
0XF8,0XC7,0XF7,0XC7,0XF7,0XC7,0XF7,0XBF,0XF7,0XC7,0XF9,0XCF,0XB9,0XCF,0X79,0XCF,
0XB9,0XCF,0XF9,0XCF,0XD7,0XBF,0XF7,0XBF,0XF7,0XC7,0XD7,0XBF,0XF8,0XC7,0XF8,0XC7,
0XF8,0XC7,0XF8,0XC7,0XF8,0XC7,0XF8,0XC7,0XF8,0XC7,0XF8,0XC7,0XF8,0XC7,0XF8,0XC7,
0XF8,0XC7,0XF8,0XC7,0XF8,0XC7,0XF8,0XC7,0XF8,0XC7,0XF8,0XC7,0XF8,0XC7,0XF8,0XC7,
0XF8,0XC7,0XF8,0XC7,0XF8,0XC7,0XF8,0XC7,0XF7,0XBF,0XF7,0XBF,0XF7,0XC7,0XF7,0XC7,
0XF8,0XC7,0XD9,0XC7,0XBA,0XD7,0X99,0XD7,0XD9,0XCF,0XF9,0XCF,0XD7,0XC7,0XD7,0XC7,
0XF7,0XBF,0XF7,0XBF,0XF8,0XC7,0XF8,0XC7,0XD8,0XC7,0XF8,0XC7,0XD8,0XC7,0XD8,0XC7,
0XF7,0XBF,0XF7,0XBF,0XF7,0XC7,0XF7,0XC7,0XF8,0XC7,0XF8,0XC7,0XF8,0XC7,0XF8,0XC7,
0XF8,0XC7,0XF8,0XC7,0XF8,0XC7,0XF8,0XC7,0XF8,0XC7,0XF8,0XC7,0XF8,0XC7,0XF8,0XC7,
0XF8,0XC7,0XF8,0XC7,0XF8,0XC7,0XF8,0XC7,0XF8,0XC7,0XF8,0XC7,0XF8,0XC7,0XF8,0XC7,
0XF8,0XC7,0XF7,0XC7,0XF7,0XC7,0XF7,0XBF,0XF7,0XBF,0XF8,0XC7,0XD8,0XC7,0XD8,0XCF,
0XD8,0XC7,0XF7,0XC7,0XF8,0XBF,0XF7,0XBF,0XF7,0XBF,0XF7,0XC7,0XF8,0XC7,0XF8,0XC7,
0XF8,0XC7,0XF8,0XC7,0XF8,0XC7,0XF8,0XC7,0XF8,0XC7,0XF8,0XC7,0XF8,0XC7,0XF8,0XC7,
0XF8,0XC7,0XF8,0XC7,0XF8,0XC7,0XF8,0XC7,0XF8,0XC7,0XF8,0XC7,0XF8,0XC7,0XF8,0XC7,
0XF8,0XC7,0XF8,0XC7,0XF8,0XC7,0XF8,0XC7,0XF7,0XBF,0XF7,0XBF,0XF7,0XC7,0XF7,0XC7,
0XF8,0XBF,0XF8,0XC7,0XD8,0XC7,0XD8,0XCF,0XD8,0XC7,0XD7,0XBF,0XF7,0XBF,0XF7,0XC7,
0XF7,0XC7,0XF7,0XC7,0XF8,0XC7,0XF8,0XC7,0XF8,0XC7,0XF8,0XBF,0XF7,0XBF,0XD7,0XBF,
0XF7,0XBF,0XF7,0XBF,0XF8,0XC7,0XF8,0XC7,0XF8,0XC7,0XF8,0XC7,0XF8,0XC7,0XF8,0XC7,
0XF8,0XC7,0XF8,0XC7,0XF8,0XC7,0XF8,0XC7,0XF8,0XC7,0XF8,0XC7,0XF8,0XC7,0XF8,0XC7,
0XF8,0XC7,0XF8,0XC7,0XF8,0XC7,0XF8,0XC7,0XF8,0XC7,0XF8,0XC7,0XF8,0XC7,0XF8,0XC7,
0XF8,0XC7,0XF7,0XC7,0XF7,0XC7,0XF7,0XBF,0XF7,0XBF,0XF8,0XC7,0XF8,0XC7,0XF8,0XC7,
0XF8,0XC7,0XF7,0XBF,0XF7,0XBF,0XF7,0XBF,0XF7,0XC7,0XF7,0XC7,0XF8,0XC7,0XF8,0XC7,
0XF8,0XC7,0XF8,0XC7,0XF8,0XC7,0XF8,0XC7,0XF8,0XC7,0XF8,0XC7,0XF8,0XC7,0XF8,0XC7,
0XF8,0XC7,0XF8,0XC7,0XF8,0XC7,0XF8,0XC7,0XF8,0XC7,0XF8,0XC7,0XF8,0XC7,0XF8,0XC7,
0XF8,0XC7,0XF8,0XC7,0XF8,0XC7,0XF8,0XC7,0XF7,0XC7,0XF7,0XBF,0XF7,0XC7,0XF8,0XC7,
0XF8,0XC7,0XF8,0XC7,0XD7,0XBF,0XD7,0XBF,0XF8,0XC7,0XF8,0XC7,0XF8,0XBF,0XF7,0XBF,
0XD8,0XC7,0XF8,0XC7,0XF8,0XBF,0XD8,0XC7,0XD8,0XC7,0XF8,0XC7,0XF7,0XBF,0XF7,0XBF,
0XF8,0XC7,0XF8,0XC7,0XF8,0XBF,0XF8,0XBF,0XF8,0XC7,0XF8,0XC7,0XF8,0XC7,0XF8,0XC7,
0XF8,0XC7,0XF8,0XC7,0XF8,0XC7,0XF8,0XC7,0XF8,0XC7,0XF8,0XC7,0XF8,0XC7,0XF8,0XC7,
0XF8,0XC7,0XF8,0XC7,0XF8,0XC7,0XF8,0XC7,0XF8,0XC7,0XF8,0XC7,0XF8,0XC7,0XF8,0XC7,
0XF7,0XC7,0XF7,0XC7,0XF7,0XBF,0XF8,0XBF,0XF8,0XC7,0XF8,0XC7,0XF7,0XBF,0XF7,0XBF,
0XF7,0XBF,0XF7,0XBF,0XF7,0XC7,0XF8,0XC7,0XF8,0XC7,0XF8,0XC7,0XF8,0XC7,0XF8,0XC7,
0XF8,0XC7,0XF8,0XC7,0XF8,0XC7,0XF8,0XC7,0XF8,0XC7,0XF8,0XC7,0XF8,0XC7,0XF8,0XC7,
0XF8,0XC7,0XF7,0XC7,0XF7,0XC7,0XF7,0XC7,0XF7,0XC7,0XF8,0XC7,0XF8,0XC7,0XF8,0XC7,
0XF8,0XC7,0XF8,0XC7,0XF8,0XC7,0XF8,0XC7,0XF8,0XC7,0XF8,0XC7,0XF8,0XBF,0XF8,0XBF,
0XF7,0XC7,0XF7,0XC7,0XF7,0XBF,0XF8,0XBF,0XF8,0XC7,0XF8,0XC7,0XD7,0XBF,0XF8,0XBF,
0XF7,0XC7,0XF7,0XC7,0XF7,0XBF,0XF8,0XC7,0XF8,0XC7,0XF7,0XC7,0XF7,0XBF,0XF7,0XBF,
0XF7,0XBF,0XF8,0XC7,0XF8,0XBF,0XF8,0XBF,0XF7,0XBF,0XF7,0XBF,0XF8,0XBF,0XF8,0XBF,
0XF8,0XBF,0XF8,0XBF,0XF7,0XBF,0XF7,0XBF,0XF7,0XBF,0XF7,0XBF,0XF7,0XBF,0XF8,0XC7,
0XF8,0XC7,0XF8,0XC7,0XF8,0XC7,0XF8,0XBF,0XF8,0XBF,0XF8,0XBF,0XF8,0XC7,0XF7,0XC7,
0XF7,0XC7,0XF7,0XC7,0XF7,0XC7,0XF8,0XC7,0XF8,0XC7,0XF8,0XC7,0XF8,0XC7,0XF8,0XBF,
0XF8,0XBF,0XF7,0XBF,0XF8,0XC7,0XF8,0XC7,0XF8,0XC7,0XF8,0XC7,0XF8,0XC7,0XF8,0XC7,
0XF8,0XC7,0XF8,0XC7,0XF8,0XBF,0XF8,0XBF,0XF8,0XBF,0XF8,0XBF,0XF8,0XBF,0XF8,0XC7,
0XF7,0XC7,0XF7,0XBF,0XF7,0XBF,0XF7,0XBF,0XF7,0XBF,0XF7,0XC7,0XF7,0XC7,0XF8,0XC7,
0XF8,0XC7,0XF8,0XC7,0XF8,0XBF,0XF7,0XBF,0XF7,0XC7,0XF7,0XC7,0XF7,0XBF,0XF7,0XBF,
0XF8,0XC7,0XF8,0XC7,0XF8,0XBF,0XF8,0XBF,0XF8,0XBF,0XF8,0XC7,0XF8,0XC7,0XF7,0XBF,
0XF7,0XC7,0XF7,0XC7,0XF7,0XC7,0XF7,0XC7,0XF7,0XC7,0XF7,0XC7,0XF8,0XC7,0XF8,0XC7,
0XF8,0XC7,0XF8,0XBF,0XF8,0XC7,0XF7,0XBF,0XF7,0XBF,0XF7,0XBF,0XF8,0XBF,0XF8,0XBF,
0XF8,0XC7,0XF8,0XC7,0XF8,0XC7,0XF7,0XBF,0XF7,0XBF,0XF7,0XBF,0XF7,0XBF,0XF8,0XC7,
0XF8,0XC7,0XF8,0XC7,0XF8,0XC7,0XF8,0XBF,0XF8,0XBF,0XF8,0XBF,0XF8,0XC7,0XF7,0XC7,
0XF7,0XC7,0XF7,0XC7,0XF7,0XC7,0XF8,0XC7,0XF8,0XC7,0XF8,0XC7,0XF8,0XC7,0XF8,0XC7,
0XF8,0XC7,0XF8,0XC7,0XF8,0XC7,0XF8,0XC7,0XF8,0XC7,0XF8,0XC7,0XF8,0XC7,0XF8,0XC7,
0XF8,0XC7,0XF8,0XBF,0XF8,0XBF,0XF8,0XBF,0XF8,0XBF,0XF8,0XBF,0XF8,0XBF,0XF8,0XC7,
0XF7,0XC7,0XF7,0XBF,0XF7,0XBF,0XF7,0XBF,0XF7,0XC7,0XF7,0XC7,0XF8,0XC7,0XF8,0XC7,
0XF8,0XC7,0XF8,0XC7,0XF8,0XC7,0XF8,0XBF,0XF7,0XBF,0XF7,0XBF,0XF7,0XBF,0XF7,0XBF,
0XF8,0XBF,0XF8,0XC7,0XF8,0XC7,0XF8,0XC7,0XF8,0XC7,0XF8,0XC7,0XF7,0XC7,0XF7,0XC7,
0XF8,0XBF,0XF8,0XC7,0XF8,0XC7,0XF8,0XC7,0XF8,0XC7,0XF8,0XC7,0XF8,0XC7,0XF8,0XC7,
0XF8,0XC7,0XF8,0XC7,0XF8,0XC7,0XF8,0XC7,0XF8,0XC7,0XF8,0XC7,0XF8,0XC7,0XF8,0XC7,
0XF8,0XC7,0XF8,0XC7,0XF8,0XC7,0XF8,0XC7,0XF8,0XC7,0XF8,0XC7,0XF8,0XC7,0XF8,0XC7,
0XF8,0XC7,0XF8,0XC7,0XF8,0XC7,0XF8,0XC7,0XF8,0XC7,0XF8,0XC7,0XF8,0XC7,0XF8,0XBF,
0XF8,0XBF,0XF8,0XBF,0XF8,0XC7,0XF8,0XC7,0XF8,0XC7,0XF8,0XC7,0XF8,0XC7,0XF8,0XC7,
0XF8,0XC7,0XF8,0XC7,0XF8,0XC7,0XF8,0XC7,0XF8,0XC7,0XF7,0XBF,0XF7,0XBF,0XF7,0XBF,
0XF7,0XBF,0XF7,0XC7,0XF7,0XC7,0XF7,0XC7,0XF8,0XC7,0XF8,0XC7,0XF8,0XC7,0XF8,0XC7,
0XF8,0XC7,0XF8,0XC7,0XF7,0XC7,0XF7,0XC7,0XF8,0XC7,0XF8,0XC7,0XF8,0XC7,0XF8,0XC7,
0XF8,0XC7,0XF8,0XC7,0XF8,0XC7,0XF8,0XC7,0XF8,0XC7,0XF7,0XC7,0XF8,0XC7,0XF8,0XC7,
0XF8,0XC7,0XF8,0XC7,0XF8,0XC7,0XF8,0XC7,0XF8,0XC7,0XF7,0XC7,0XF7,0XC7,0XF7,0XC7,
0XF8,0XBF,0XF8,0XBF,0XF8,0XBF,0XF8,0XC7,0XF8,0XC7,0XF8,0XC7,0XF8,0XC7,0XF8,0XC7,
0XF7,0XC7,0XF7,0XC7,0XF7,0XC7,0XF7,0XC7,0XF7,0XBF,0XF7,0XBF,0XF8,0XC7,0XF8,0XC7,
0XF8,0XC7,0XF8,0XC7,0XF8,0XC7,0XF8,0XC7,0XF8,0XC7,0XF8,0XC7,0XF8,0XC7,0XF7,0XBF,
0XF7,0XC7,0XF7,0XC7,0XF7,0XC7,0XF7,0XC7,0XF7,0XC7,0XF8,0XC7,0XF8,0XC7,0XF8,0XC7,
0XF8,0XBF,0XF8,0XBF,0XF8,0XBF,0XF8,0XC7,0XF8,0XC7,0XF8,0XC7,0XF8,0XC7,0XF8,0XC7,
0XF8,0XC7,0XF8,0XC7,0XF8,0XC7,0XF8,0XC7,0XF8,0XC7,0XF7,0XBF,0XF7,0XBF,0XF7,0XBF,
0XF7,0XBF,0XF7,0XC7,0XF7,0XC7,0XF7,0XC7,0XF7,0XC7,0XF7,0XC7,0XF8,0XC7,0XF8,0XBF,
0XF8,0XBF,0XF8,0XC7,0XF8,0XC7,0XF8,0XC7,0XF8,0XC7,0XF8,0XC7,0XF8,0XC7,0XF8,0XC7,
0XF8,0XC7,0XF8,0XC7,0XF7,0XC7,0XF7,0XBF,0XF8,0XC7,0XF8,0XC7,0XF8,0XC7,0XF8,0XC7,
0XF8,0XC7,0XF8,0XC7,0XF8,0XC7,0XF8,0XC7,0XF8,0XC7,0XF7,0XC7,0XF7,0XC7,0XF7,0XC7,
0XF8,0XC7,0XF8,0XC7,0XF8,0XC7,0XF8,0XC7,0XF8,0XC7,0XF7,0XC7,0XF7,0XC7,0XF7,0XC7,
0XF7,0XC7,0XF7,0XC7,0XF7,0XC7,0XF7,0XC7,0XF7,0XBF,0XF7,0XBF,0XF7,0XC7,0XF8,0XC7,
0XF8,0XC7,0XF8,0XC7,0XF8,0XC7,0XF8,0XC7,0XF8,0XC7,0XF8,0XC7,0XF8,0XC7,0XF8,0XBF,
0XF8,0XBF,0XF7,0XC7,0XF7,0XC7,0XF7,0XC7,0XF7,0XC7,0XF7,0XC7,0XF8,0XC7,0XF8,0XC7,
0XF8,0XC7,0XF8,0XC7,0XF8,0XC7,0XF8,0XC7,0XF8,0XC7,0XF8,0XC7,0XF8,0XC7,0XF8,0XC7,
0XF8,0XC7,0XF8,0XC7,0XF8,0XC7,0XF8,0XC7,0XF8,0XC7,0XF8,0XBF,0XF8,0XBF,0XF8,0XC7,
0XF8,0XC7,0XF7,0XC7,0XF7,0XC7,0XF7,0XC7,0XF7,0XC7,0XF7,0XC7,0XF7,0XBF,0XF7,0XBF,
0XF7,0XBF,0XF8,0XC7,0XF8,0XC7,0XF8,0XC7,0XF8,0XC7,0XF8,0XC7,0XF8,0XC7,0XF8,0XC7,
0XF8,0XC7,0XF7,0XBF,0XF7,0XBF,0XF7,0XBF,0XF7,0XC7,0XF8,0XC7,0XF8,0XC7,0XF8,0XC7,
0XF8,0XC7,0XF8,0XC7,0XF8,0XC7,0XF7,0XC7,0XF7,0XC7,0XF7,0XC7,0XF7,0XC7,0XF7,0XC7,
0XF8,0XC7,0XF8,0XC7,0XF8,0XC7,0XF8,0XC7,0XF7,0XBF,0XF7,0XBF,0XF7,0XBF,0XF7,0XBF,
0XF7,0XC7,0XF7,0XC7,0XF7,0XC7,0XF7,0XC7,0XF7,0XC7,0XF7,0XC7,0XF8,0XC7,0XF8,0XC7,
0XF8,0XC7,0XF8,0XC7,0XF8,0XC7,0XF8,0XC7,0XF8,0XC7,0XF8,0XC7,0XF8,0XC7,0XF8,0XC7,
0XF8,0XBF,0XF8,0XBF,0XF7,0XBF,0XF7,0XBF,0XF7,0XC7,0XF7,0XC7,0XF7,0XC7,0XF8,0XC7,
0XF8,0XC7,0XF8,0XC7,0XF8,0XC7,0XF8,0XC7,0XF8,0XC7,0XF8,0XC7,0XF8,0XC7,0XF8,0XC7,
0XF8,0XC7,0XF8,0XC7,0XF8,0XC7,0XF8,0XC7,0XF8,0XC7,0XF8,0XC7,0XF8,0XC7,0XF8,0XC7,
0XF8,0XC7,0XF8,0XC7,0XF7,0XC7,0XF7,0XC7,0XF7,0XC7,0XF7,0XC7,0XF7,0XC7,0XF7,0XC7,
0XF8,0XC7,0XF8,0XC7,0XF8,0XC7,0XF8,0XC7,0XD8,0XC7,0XF8,0XC7,0XF8,0XC7,0XF8,0XC7,
0XF8,0XC7,0XF8,0XC7,0XF7,0XC7,0XF7,0XC7,0XF7,0XC7,0XF8,0XC7,0XF8,0XC7,0XF8,0XBF,
0XF7,0XBF,0XF7,0XBF,0XF7,0XBF,0XF7,0XBF,0XF7,0XC7,0XF8,0XC7,0XF8,0XC7,0XF7,0XC7,
0XF7,0XC7,0XF8,0XC7,0XF7,0XC7,0XF7,0XC7,0XF7,0XBF,0XF7,0XBF,0XF7,0XBF,0XF8,0XBF,
0XF8,0XC7,0XF8,0XC7,0XF8,0XC7,0XD8,0XC7,0XD9,0XCF,0XB8,0XCF,0X98,0XC7,0X78,0XC7,
0X78,0XC7,0X58,0XC7,0X38,0XC7,0X38,0XBF,0X58,0XC7,0X78,0XC7,0X99,0XCF,0X99,0XC7,
0XD9,0XCF,0XD9,0XC7,0XF8,0XC7,0XF8,0XC7,0XF7,0XBF,0XF7,0XBF,0XF7,0XBF,0XF7,0XC7,
0XF7,0XC7,0XF7,0XC7,0XF7,0XC7,0XF8,0XC7,0XF8,0XC7,0XF8,0XC7,0XF8,0XC7,0XF8,0XC7,
0XF8,0XC7,0XF8,0XC7,0XF8,0XC7,0XF8,0XC7,0XF8,0XC7,0XF8,0XC7,0XF8,0XC7,0XF8,0XC7,
0XF8,0XC7,0XF8,0XBF,0XF8,0XBF,0XF8,0XBF,0XF8,0XC7,0XF8,0XC7,0XD8,0XC7,0XB8,0XC7,
0X98,0XC7,0X98,0XCF,0X58,0XC7,0X37,0XC7,0X37,0XC7,0X58,0XC7,0X78,0XC7,0X98,0XC7,
0X98,0XC7,0X98,0XC7,0XD9,0XCF,0XF9,0XCF,0XF8,0XC7,0XF7,0XC7,0XF7,0XBF,0XF7,0XBF,
0XF7,0XBF,0XF7,0XBF,0XF7,0XBF,0XF7,0XBF,0XF7,0XC7,0XF8,0XC7,0XF8,0XC7,0XF8,0XC7,
0XF7,0XC7,0XF7,0XC7,0XF7,0XC7,0XF7,0XC7,0XF7,0XBF,0XF7,0XBF,0XF8,0XC7,0XF8,0XC7,
0XD8,0XC7,0XF9,0XCF,0XB8,0XC7,0X18,0XBF,0XB7,0XBE,0X76,0XB6,0X36,0XB6,0X15,0XAE,
0XF5,0XAD,0XF5,0XAD,0XF5,0XAD,0XF5,0XAD,0XF5,0XAD,0XF5,0XAD,0X15,0XAE,0X36,0XB6,
0X96,0XBE,0X17,0XC7,0X98,0XC7,0XD8,0XC7,0XF8,0XC7,0XF8,0XBF,0XF7,0XBF,0XF7,0XBF,
0XF7,0XBF,0XF7,0XBF,0XF7,0XC7,0XF8,0XC7,0XF8,0XC7,0XF8,0XC7,0XF8,0XC7,0XF8,0XC7,
0XF8,0XC7,0XF8,0XC7,0XF8,0XC7,0XF8,0XC7,0XF8,0XC7,0XF7,0XC7,0XF7,0XBF,0XF7,0XBF,
0XF7,0XBF,0XF8,0XBF,0XF8,0XBF,0XD9,0XC7,0XB9,0XC7,0X58,0XC7,0XD7,0XBE,0X76,0XB6,
0X15,0XB6,0XF5,0XAD,0XF5,0XAD,0XF5,0XAD,0XF5,0XAD,0XF5,0XAD,0XF5,0XAD,0X15,0XAE,
0X15,0XAE,0X56,0XB6,0X97,0XBE,0X18,0XC7,0X78,0XC7,0XD8,0XC7,0XF8,0XC7,0XF8,0XC7,
0XF7,0XBF,0XF7,0XBF,0XF7,0XBF,0XF7,0XBF,0XF8,0XC7,0XF8,0XC7,0XF8,0XC7,0XF8,0XC7,
0XF7,0XC7,0XF7,0XC7,0XF7,0XC7,0XF7,0XC7,0XF7,0XBF,0XF8,0XC7,0XF9,0XC7,0XB8,0XC7,
0XB9,0XCF,0X38,0XC7,0X55,0XAE,0X16,0XAE,0XD6,0XB5,0XB6,0XB5,0XB6,0XB5,0XB6,0XB5,
0XB6,0XB5,0X97,0XB5,0X97,0XB5,0XB6,0XB5,0XB6,0XB5,0XB6,0XB5,0X96,0XB5,0X95,0XB5,
0XD5,0XB5,0XD5,0XAD,0XF4,0XAD,0XF7,0XBE,0XB9,0XCF,0XF8,0XC7,0XF8,0XBF,0XF8,0XBF,
0XF7,0XBF,0XF7,0XBF,0XF7,0XBF,0XF8,0XC7,0XF8,0XC7,0XF8,0XC7,0XF8,0XC7,0XF8,0XC7,
0XF8,0XC7,0XF8,0XC7,0XF8,0XC7,0XF8,0XC7,0XF8,0XC7,0XF7,0XBF,0XF7,0XBF,0XF6,0XBF,
0XF7,0XC7,0XF8,0XC7,0XD9,0XC7,0X59,0XC7,0X77,0XB6,0XD5,0XA5,0XB5,0XAD,0XD6,0XB5,
0XB6,0XB5,0XB6,0XB5,0XB6,0XB5,0X96,0XB5,0X96,0XB5,0XB6,0XB5,0XB6,0XB5,0XB6,0XB5,
0XD6,0XB5,0XD6,0XB5,0XD6,0XB5,0XD6,0XB5,0X15,0XAE,0XF6,0XB6,0X98,0XCF,0XD9,0XCF,
0XF8,0XCF,0XF8,0XC7,0XF8,0XC7,0XF8,0XC7,0XF8,0XC7,0XF8,0XC7,0XF8,0XC7,0XF8,0XC7,
0XF7,0XC7,0XF7,0XC7,0XF8,0XC7,0XF7,0XC7,0XF8,0XC7,0XD9,0XC7,0XB9,0XCF,0X79,0XC7,
0X56,0XB6,0XF5,0XAD,0XF5,0XB5,0XB6,0XB5,0X96,0XB5,0XB7,0XB5,0X97,0XBD,0X97,0XBD,
0X97,0XBD,0X97,0XBD,0X97,0XBD,0X97,0XBD,0X97,0XBD,0XB7,0XB5,0XB6,0XBD,0X96,0XBD,
0X96,0XBD,0XB6,0XB5,0XD5,0XB5,0XF5,0XAD,0X56,0XB6,0X18,0XBF,0XB9,0XCF,0XD8,0XC7,
0XF8,0XBF,0XF8,0XBF,0XF8,0XBF,0XF8,0XC7,0XF8,0XC7,0XF8,0XC7,0XF8,0XC7,0XF8,0XC7,
0XF8,0XC7,0XF8,0XC7,0XF8,0XC7,0XF8,0XC7,0XF8,0XC7,0XF7,0XC7,0XF7,0XBF,0XF8,0XC7,
0XD8,0XC7,0X58,0XC7,0X97,0XB6,0XF6,0XAD,0XD6,0XB5,0XB6,0XB5,0XB7,0XB5,0XB7,0XB5,
0X96,0XB5,0X97,0XBD,0X97,0XBD,0X97,0XBD,0X97,0XBD,0X97,0XBD,0X97,0XBD,0X97,0XBD,
0XB7,0XB5,0XB7,0XB5,0XB6,0XB5,0XB6,0XB5,0XD6,0XB5,0XD5,0XAD,0X15,0XAE,0XD7,0XBE,
0XB9,0XCF,0XD8,0XCF,0XF8,0XC7,0XF8,0XC7,0XF8,0XC7,0XF8,0XBF,0XF8,0XC7,0XF8,0XC7,
0XF7,0XC7,0XF8,0XC7,0XF7,0XBF,0XF8,0XC7,0XF8,0XC7,0XB9,0XC7,0XF7,0XBE,0XD4,0XA5,
0XF6,0XB5,0XD6,0XBD,0X96,0XBD,0X96,0XB5,0XB6,0XB5,0XB6,0XB5,0XB6,0XB5,0XB6,0XB5,
0XB7,0XBD,0XB6,0XB5,0XB6,0XB5,0XB6,0XB5,0XB6,0XB5,0XB6,0XB5,0XB6,0XB5,0XB6,0XB5,
0XB6,0XB5,0X96,0XB5,0X96,0XB5,0XB6,0XB5,0XB6,0XB5,0XD5,0XAD,0X56,0XB6,0X79,0XCF,
0XD9,0XCF,0XD8,0XC7,0XF8,0XC7,0XF8,0XC7,0XF8,0XC7,0XF8,0XC7,0XF8,0XC7,0XF8,0XC7,
0XF8,0XC7,0XF8,0XC7,0XF8,0XC7,0XF8,0XC7,0XF8,0XC7,0XF8,0XC7,0XF9,0XCF,0XB9,0XCF,
0XF7,0XBE,0X15,0XB6,0XB6,0XB5,0X96,0XB5,0X96,0XBD,0X97,0XBD,0XB6,0XB5,0XB6,0XB5,
0XD6,0XB5,0XB6,0XB5,0XB6,0XB5,0XB6,0XB5,0XB6,0XB5,0XB6,0XB5,0X96,0XB5,0XB6,0XB5,
0X96,0XB5,0X95,0XB5,0XB6,0XB5,0XD6,0XB5,0X96,0XB5,0XB6,0XB5,0XB6,0XB5,0XF5,0XAD,
0X96,0XB6,0X78,0XC7,0XD8,0XC7,0XF8,0XC7,0XF8,0XC7,0XF7,0XBF,0XF7,0XBF,0XF7,0XBF,
0XF7,0XBF,0XF7,0XBF,0XF7,0XBF,0XD8,0XC7,0X98,0XC7,0XB7,0XB6,0XF5,0XAD,0XF6,0XB5,
0XB6,0XB5,0X96,0XBD,0X97,0XBD,0XB7,0XBD,0XB6,0XB5,0XB6,0XB5,0XB6,0XB5,0XB6,0XB5,
0XB5,0XB5,0XB5,0XB5,0XB5,0XB5,0XD5,0XB5,0XD5,0XB5,0XD5,0XB5,0XB6,0XB5,0XB6,0XB5,
0XD7,0XB5,0XB6,0XB5,0XB6,0XB5,0XB7,0XBD,0X96,0XB5,0XB6,0XB5,0XD6,0XB5,0X36,0XB6,
0X38,0XC7,0XB8,0XCF,0XD8,0XC7,0XF8,0XC7,0XF8,0XC7,0XF7,0XC7,0XF8,0XC7,0XF8,0XC7,
0XF7,0XC7,0XF8,0XC7,0XF8,0XC7,0XF8,0XC7,0XF8,0XC7,0XD8,0XC7,0X59,0XC7,0X97,0XBE,
0XD5,0XAD,0XB6,0XB5,0XB7,0XBD,0X97,0XBD,0X96,0XBD,0XB6,0XB5,0XB6,0XB5,0XB6,0XB5,
0XB6,0XB5,0XD6,0XB5,0XD6,0XB5,0XB6,0XB5,0XB5,0XB5,0XD6,0XB5,0XD6,0XB5,0XB6,0XB5,
0XD6,0XB5,0XD6,0XB5,0XB6,0XB5,0XB6,0XB5,0XB7,0XBD,0X97,0XBD,0X96,0XB5,0XD6,0XB5,
0XB4,0XAD,0X56,0XAE,0X58,0XC7,0XD9,0XCF,0XF8,0XBF,0XF7,0XBF,0XF7,0XBF,0XF8,0XBF,
0XF8,0XC7,0XF7,0XBF,0XF7,0XBF,0XB8,0XC7,0XB7,0XB6,0XD6,0XAD,0XB6,0XB5,0XB6,0XB5,
0XB6,0XB5,0XB6,0XB5,0X96,0XBD,0X96,0XB5,0XB6,0XB5,0XB6,0XB5,0XB5,0XB5,0XD5,0XAD,
0X16,0XB6,0X36,0XB6,0X56,0XB6,0X77,0XBE,0X56,0XB6,0X15,0XB6,0XD5,0XAD,0XB6,0XB5,
0XB6,0XB5,0XD6,0XB5,0XD6,0XAD,0XB6,0XB5,0XB7,0XB5,0XB7,0XBD,0X96,0XB5,0XD6,0XB5,
0X15,0XAE,0X17,0XC7,0XD8,0XCF,0XF8,0XC7,0XF8,0XBF,0XF8,0XBF,0XF8,0XC7,0XF7,0XC7,
0XF7,0XBF,0XF8,0XC7,0XD7,0XBF,0XD8,0XC7,0XD8,0XCF,0X78,0XC7,0X76,0XBE,0XB5,0XAD,
0XB6,0XB5,0X96,0XBD,0XB7,0XBD,0X96,0XB5,0XB6,0XB5,0XD5,0XB5,0XB5,0XB5,0XB6,0XB5,
0XB6,0XB5,0XD5,0XB5,0X15,0XB6,0X36,0XB6,0X36,0XB6,0X16,0XB6,0XF5,0XAD,0XD5,0XAD,
0XD6,0XB5,0XB6,0XB5,0XB6,0XB5,0XB7,0XB5,0X96,0XB5,0XB6,0XB5,0XB7,0XB5,0XB6,0XB5,
0XB6,0XB5,0XD5,0XB5,0X37,0XB6,0X59,0XC7,0XF8,0XC7,0XF7,0XBF,0XF7,0XBF,0XF8,0XC7,
0XF8,0XC7,0XF8,0XC7,0XF8,0XC7,0X17,0XBF,0XF5,0XAD,0XB6,0XB5,0X97,0XB5,0X96,0XBD,
0XB6,0XB5,0XD6,0XB5,0XB6,0XB5,0XF6,0XB5,0X15,0XA6,0X55,0XAE,0XF8,0XBE,0XB9,0XCF,
0XB9,0XCF,0XD9,0XCF,0XD9,0XCF,0XB9,0XCF,0XB9,0XCF,0XD9,0XCF,0XBA,0XCF,0XD7,0XC6,
0X15,0XAE,0XF5,0XAD,0XD6,0XAD,0XB6,0XB5,0XB6,0XB5,0XB6,0XB5,0XB6,0XB5,0XB6,0XB5,
0XF5,0XB5,0XF5,0XAD,0X37,0XC7,0XF9,0XCF,0XD8,0XBF,0XF8,0XC7,0XF7,0XBF,0XF7,0XC7,
0XF7,0XC7,0XF8,0XC7,0XF8,0XC7,0XD8,0XC7,0X98,0XCF,0X75,0XB6,0XB5,0XAD,0XB6,0XB5,
0XB7,0XB5,0XB7,0XB5,0XB7,0XB5,0XB6,0XB5,0X95,0XB5,0XD5,0XAD,0X15,0XB6,0X35,0XAE,
0XF8,0XC6,0X79,0XC7,0XB9,0XC7,0XB9,0XCF,0XB9,0XCF,0XB9,0XCF,0X79,0XCF,0X38,0XC7,
0X96,0XB6,0X36,0XB6,0XF5,0XB5,0XB5,0XAD,0XD5,0XB5,0XB6,0XB5,0X97,0XB5,0X97,0XB5,
0XB6,0XB5,0XD6,0XB5,0XB6,0XAD,0X77,0XB6,0XB8,0XC7,0XF7,0XBF,0XF7,0XBF,0XD8,0XC7,
0XF8,0XC7,0XD8,0XC7,0X98,0XC7,0X15,0XAE,0XD5,0XAD,0XB6,0XB5,0X97,0XB5,0X97,0XBD,
0XD7,0XB5,0XB5,0XAD,0XF5,0XAD,0X75,0XAE,0X37,0XB7,0XD8,0XC7,0XD8,0XC7,0XD8,0XC7,
0XF8,0XC7,0XF8,0XC7,0XF8,0XC7,0XF8,0XC7,0XF8,0XC7,0XF8,0XC7,0XF8,0XC7,0XB8,0XC7,
0X99,0XCF,0XF7,0XBE,0X35,0XB6,0XD5,0XB5,0XB6,0XB5,0XB6,0XB5,0XB6,0XB5,0XB6,0XB5,
0XB6,0XB5,0XB6,0XB5,0X15,0XAE,0X38,0XC7,0XD9,0XC7,0XF8,0XBF,0XF8,0XBF,0XF7,0XC7,
0XD7,0XC7,0XD7,0XBF,0XD8,0XC7,0X98,0XC7,0X55,0XB6,0XD4,0XAD,0XB6,0XB5,0XB6,0XB5,
0XB6,0XB5,0XB7,0XB5,0XB7,0XB5,0XB6,0XAD,0XD5,0XB5,0X76,0XB6,0X37,0XC7,0XB9,0XCF,
0XD8,0XC7,0XF8,0XC7,0XF8,0XC7,0XF8,0XC7,0XF8,0XC7,0XF8,0XC7,0XF8,0XC7,0XD8,0XCF,
0XD8,0XCF,0XB8,0XCF,0X17,0XBF,0X95,0XAE,0X14,0XAE,0XF5,0XAD,0X97,0XBD,0X97,0XBD,
0XB7,0XBD,0XB6,0XB5,0XB6,0XB5,0XF5,0XB5,0XD7,0XBE,0XF8,0XC7,0XD8,0XC7,0XD8,0XC7,
0XD8,0XC7,0XB9,0XCF,0X56,0XAE,0XF6,0XB5,0X96,0XB5,0XB7,0XBD,0X97,0XBD,0XB7,0XBD,
0XB6,0XB5,0XD5,0XAD,0XD7,0XBE,0X98,0XC7,0XD8,0XC7,0XF8,0XC7,0XF8,0XC7,0XF7,0XC7,
0XF7,0XBF,0XF7,0XBF,0XF7,0XBF,0XF7,0XBF,0XF7,0XBF,0XF7,0XBF,0XF8,0XC7,0XF8,0XBF,
0XD8,0XC7,0XD8,0XCF,0X99,0XCF,0X96,0XBE,0XD4,0XAD,0XF6,0XB5,0XB6,0XB5,0XB7,0XB5,
0X76,0XB5,0XB7,0XBD,0XB5,0XB5,0X35,0XB6,0X78,0XC7,0XF9,0XC7,0XF8,0XC7,0XF7,0XC7,
0XF8,0XC7,0XD8,0XC7,0XD9,0XC7,0XB6,0XB6,0XF5,0XAD,0XB6,0XBD,0X96,0XB5,0X97,0XB5,
0XB7,0XB5,0XB7,0XB5,0XB6,0XAD,0XF6,0XAD,0XF8,0XC6,0XB9,0XCF,0XB8,0XC7,0XF8,0XC7,
0XF7,0XBF,0XF7,0XBF,0XF7,0XBF,0XF7,0XBF,0XF7,0XBF,0XF7,0XBF,0XF7,0XBF,0XF7,0XBF,
0XF7,0XBF,0XD7,0XBF,0XF8,0XC7,0XD8,0XC7,0X17,0XB7,0X15,0XAE,0X96,0XB5,0X97,0XBD,
0X97,0XB5,0XB6,0XB5,0X96,0XB5,0XD6,0XB5,0X15,0XAE,0XB9,0XCF,0XD8,0XC7,0XD8,0XC7,
0XD8,0XC7,0X38,0XC7,0XD5,0XAD,0XD7,0XBD,0X96,0XB5,0XB6,0XBD,0X96,0XB5,0X96,0XB5,
0XD6,0XB5,0XD8,0XBE,0XB9,0XCF,0XF9,0XCF,0XF8,0XC7,0XD8,0XC7,0XD7,0XC7,0XD7,0XC7,
0XF7,0XC7,0XF7,0XC7,0XF8,0XC7,0XF8,0XC7,0XF8,0XC7,0XF8,0XC7,0XD7,0XBF,0XF8,0XC7,
0XF7,0XBF,0XF7,0XBF,0XF7,0XC7,0XB8,0XC7,0XF7,0XBE,0XF5,0XB5,0XB6,0XB5,0X97,0XBD,
0X97,0XBD,0X97,0XBD,0XB6,0XBD,0XB5,0XAD,0X76,0XB6,0XB9,0XC7,0XD8,0XC7,0XF8,0XC7,
0XD8,0XC7,0XD8,0XC7,0X17,0XBF,0XF5,0XAD,0XB6,0XB5,0X97,0XBD,0XB7,0XBD,0XB7,0XB5,
0XB6,0XB5,0XD5,0XAD,0X36,0XB6,0X59,0XCF,0XB9,0XCF,0XD8,0XC7,0XF8,0XC7,0XF7,0XBF,
0XF7,0XBF,0XF8,0XC7,0XF8,0XC7,0XF7,0XC7,0XF7,0XC7,0XF7,0XC7,0XF7,0XBF,0XF7,0XBF,
0XF7,0XBF,0XF8,0XC7,0XF8,0XC7,0XF8,0XBF,0XD8,0XC7,0XF7,0XBE,0XF6,0XB5,0XB7,0XB5,
0XB7,0XB5,0XB7,0XB5,0XB6,0XB5,0XB6,0XB5,0XD6,0XAD,0XB7,0XB6,0XD9,0XCF,0XD8,0XC7,
0XB8,0XC7,0X96,0XB6,0XD6,0XB5,0X96,0XB5,0XB7,0XBD,0XB6,0XBD,0XB5,0XB5,0XD6,0XB5,
0X77,0XBE,0X99,0XCF,0XF8,0XC7,0XD7,0XBF,0XF8,0XC7,0XF8,0XC7,0XF8,0XC7,0XF8,0XC7,
0XF8,0XC7,0XF8,0XC7,0XF8,0XC7,0XF8,0XC7,0XF8,0XC7,0XF8,0XC7,0XF8,0XC7,0XF8,0XC7,
0XF7,0XC7,0XF7,0XBF,0XF7,0XBF,0XF7,0XC7,0XB8,0XC7,0XF8,0XC6,0XD5,0XAD,0XB6,0XB5,
0X96,0XBD,0X96,0XBD,0X96,0XBD,0XB6,0XB5,0XF5,0XAD,0X96,0XB6,0XD9,0XCF,0XF8,0XC7,
0XB8,0XC7,0X57,0XBF,0X14,0XA6,0XD5,0XB5,0X97,0XBD,0X97,0XBD,0X97,0XB5,0XB6,0XB5,
0XD5,0XAD,0X56,0XB6,0X79,0XCF,0XD8,0XC7,0XF8,0XC7,0XF8,0XBF,0XF7,0XBF,0XF7,0XBF,
0XF7,0XC7,0XF8,0XC7,0XF8,0XC7,0XF8,0XC7,0XF8,0XC7,0XF8,0XC7,0XF8,0XC7,0XF8,0XC7,
0XF8,0XC7,0XF8,0XC7,0XF8,0XC7,0XF8,0XC7,0XF8,0XC7,0XB8,0XC7,0XF8,0XC6,0XD5,0XAD,
0XD7,0XBD,0XB6,0XB5,0XB6,0XB5,0XB6,0XB5,0XD6,0XB5,0XF5,0XAD,0X98,0XCF,0XF7,0XC7,
0X98,0XC7,0X55,0XAE,0XD6,0XB5,0X97,0XBD,0X97,0XBD,0XB6,0XB5,0XD5,0XAD,0XD4,0XAD,
0X58,0XCF,0XD9,0XC7,0XF7,0XBF,0XF7,0XBF,0XF8,0XC7,0XF8,0XC7,0XF8,0XBF,0XF8,0XBF,
0XF8,0XBF,0XF8,0XBF,0XF8,0XBF,0XF8,0XBF,0XF8,0XC7,0XF8,0XC7,0XF8,0XC7,0XF8,0XC7,
0XF7,0XC7,0XF7,0XBF,0XF7,0XBF,0XF7,0XBF,0XF8,0XC7,0XB8,0XC7,0X18,0XBF,0XF5,0XAD,
0XB6,0XB5,0X96,0XBD,0XB7,0XBD,0X96,0XB5,0XB5,0XB5,0XF5,0XAD,0X18,0XC7,0XB9,0XC7,
0XB9,0XC7,0X75,0XAE,0XD5,0XAD,0XB6,0XBD,0X97,0XBD,0X97,0XBD,0X97,0XB5,0XF6,0XB5,
0X55,0XB6,0X98,0XCF,0XB7,0XC7,0XF8,0XC7,0XF7,0XBF,0XF7,0XC7,0XF8,0XC7,0XF8,0XC7,
0XF8,0XC7,0XF8,0XC7,0XF8,0XBF,0XF8,0XBF,0XF8,0XBF,0XF8,0XC7,0XF8,0XC7,0XF8,0XC7,
0XF8,0XC7,0XF8,0XC7,0XF8,0XC7,0XD8,0XCF,0XD8,0XC7,0XD8,0XC7,0XB9,0XC7,0X36,0XAE,
0XB6,0XB5,0XB6,0XB5,0XB6,0XB5,0XD6,0XB5,0XB6,0XB5,0XD5,0XAD,0X17,0XC7,0XF8,0XC7,
0X59,0XCF,0XF5,0XAD,0XB6,0XB5,0XB7,0XBD,0X96,0XBD,0XB6,0XB5,0XF5,0XAD,0X96,0XB6,
0XD9,0XCF,0XF8,0XC7,0XF7,0XBF,0XF7,0XBF,0XF7,0XC7,0XF7,0XC7,0XF7,0XC7,0XF7,0XC7,
0XF7,0XC7,0XF7,0XC7,0XF7,0XC7,0XF7,0XC7,0XF8,0XC7,0XF8,0XC7,0XF7,0XC7,0XF7,0XC7,
0XF7,0XC7,0XF8,0XC7,0XF8,0XC7,0XF8,0XBF,0XF8,0XBF,0XF8,0XBF,0XB8,0XC7,0XB6,0XB6,
0XD5,0XAD,0X96,0XB5,0XB7,0XB5,0XB7,0XB5,0X96,0XBD,0XD5,0XB5,0X56,0XB6,0X7A,0XCF,
0XF8,0XBE,0XF5,0XAD,0XD5,0XB5,0X96,0XBD,0X97,0XB5,0XB7,0XB5,0XB6,0XB5,0XF5,0XAD,
0X58,0XC7,0XF8,0XC7,0XF7,0XBF,0XF7,0XBF,0XF7,0XC7,0XF7,0XC7,0XF8,0XC7,0XF8,0XC7,
0XF8,0XC7,0XF8,0XC7,0XF7,0XC7,0XF7,0XC7,0XF7,0XC7,0XF7,0XBF,0XF7,0XC7,0XF7,0XC7,
0XF7,0XC7,0XF7,0XC7,0XF7,0XC7,0XF7,0XC7,0XF7,0XC7,0XF8,0XC7,0XF8,0XC7,0XF7,0XBE,
0XD5,0XAD,0XB6,0XB5,0XB6,0XB5,0XD6,0XB5,0XB6,0XB5,0XD6,0XB5,0XB6,0XB6,0XD8,0XC7,
0XD8,0XC6,0XD5,0XAD,0XB6,0XB5,0XB7,0XBD,0X97,0XBD,0XB6,0XB5,0XF4,0XAD,0XB9,0XCF,
0XD7,0XC7,0XF7,0XC7,0XF7,0XBF,0XF7,0XC7,0XF7,0XC7,0XF7,0XC7,0XF7,0XC7,0XF7,0XC7,
0XF7,0XC7,0XF7,0XC7,0XF7,0XC7,0XF7,0XC7,0XF7,0XC7,0XF7,0XC7,0XF7,0XC7,0XF7,0XC7,
0XF7,0XC7,0XF8,0XC7,0XF8,0XC7,0XF8,0XC7,0XF7,0XBF,0XF7,0XBF,0XF7,0XC7,0XB8,0XCF,
0X35,0XAE,0XD6,0XB5,0XB6,0XAD,0XB7,0XB5,0X96,0XB5,0XB6,0XB5,0XD6,0XB5,0XB8,0XBE,
0X16,0XAE,0XF6,0XB5,0XB6,0XBD,0X96,0XBD,0XB6,0XB5,0XD6,0XB5,0XD5,0XAD,0X18,0XC7,
0XD8,0XC7,0XF8,0XBF,0XF7,0XBF,0XF7,0XBF,0XF7,0XC7,0XF8,0XC7,0XF8,0XC7,0XF8,0XC7,
0XF8,0XC7,0XF7,0XC7,0XF7,0XC7,0XF7,0XC7,0XF7,0XC7,0XF7,0XC7,0XF7,0XBF,0XF7,0XBF,
0XF7,0XBF,0XF7,0XBF,0XF7,0XBF,0XF7,0XBF,0XF8,0XBF,0XF8,0XC7,0XF7,0XBF,0X98,0XC7,
0X15,0XAE,0XB6,0XB5,0XB6,0XBD,0XB6,0XB5,0XB6,0XB5,0XB6,0XB5,0X56,0XB6,0XB9,0XCF,
0X37,0XBE,0XD6,0XB5,0XB6,0XB5,0X96,0XB5,0X97,0XBD,0XD6,0XB5,0X35,0XAE,0XD9,0XCF,
0XF7,0XC7,0XF7,0XC7,0XD7,0XBF,0XF8,0XC7,0XF7,0XC7,0XF7,0XC7,0XF7,0XC7,0XF7,0XC7,
0XF7,0XC7,0XF7,0XC7,0XF7,0XC7,0XF7,0XC7,0XF7,0XC7,0XF7,0XC7,0XF7,0XC7,0XF7,0XBF,
0XF7,0XC7,0XF8,0XC7,0XF8,0XC7,0XF8,0XC7,0XF7,0XBF,0XF7,0XBF,0XF8,0XC7,0XB8,0XC7,
0X59,0XC7,0X15,0XAE,0XD6,0XAD,0XB7,0XB5,0XB7,0XBD,0X96,0XB5,0XB6,0XB5,0XD6,0XB5,
0XD6,0XB5,0XB6,0XB5,0X96,0XB5,0XB6,0XBD,0XB6,0XB5,0XF6,0XAD,0X96,0XB6,0XB9,0XCF,
0XD8,0XC7,0XF8,0XBF,0XF7,0XBF,0XF7,0XC7,0XF8,0XC7,0XF8,0XC7,0XF8,0XC7,0XF7,0XC7,
0XF7,0XBF,0XF7,0XC7,0XF7,0XC7,0XF7,0XC7,0XF7,0XC7,0XF7,0XC7,0XF7,0XC7,0XF7,0XC7,
0XF7,0XBF,0XF7,0XBF,0XF7,0XBF,0XF7,0XBF,0XF8,0XC7,0XF8,0XC7,0XF7,0XC7,0XD8,0XC7,
0X35,0XAE,0XB6,0XB5,0X97,0XBD,0X96,0XBD,0XB6,0XB5,0XB6,0XAD,0X36,0XB6,0X59,0XCF,
0XF7,0XBD,0XB6,0XB5,0XD6,0XB5,0X96,0XB5,0X96,0XB5,0XD6,0XB5,0X97,0XB6,0XB8,0XC7,
0XF7,0XC7,0XF7,0XC7,0XF8,0XC7,0XF8,0XC7,0XF8,0XC7,0XF8,0XC7,0XF8,0XC7,0XF8,0XC7,
0XF8,0XC7,0XF8,0XC7,0XF8,0XC7,0XF8,0XC7,0XF8,0XBF,0XF8,0XBF,0XF8,0XBF,0XF8,0XBF,
0XF8,0XBF,0XF7,0XBF,0XF7,0XC7,0XF7,0XC7,0XF7,0XC7,0XD8,0XC7,0XD8,0XC7,0XD9,0XCF,
0XB9,0XCF,0XD7,0XB6,0XF5,0XAD,0XD6,0XB5,0XB6,0XB5,0XD7,0XBD,0X96,0XB5,0XB6,0XB5,
0XB6,0XB5,0XB6,0XB5,0XB6,0XB5,0XB6,0XB5,0XD6,0XB5,0X15,0XAE,0X77,0XBF,0XF9,0XCF,
0XD8,0XC7,0XF8,0XC7,0XD7,0XBF,0XF8,0XC7,0XF8,0XC7,0XF8,0XC7,0XF7,0XC7,0XF7,0XBF,
0XF7,0XBF,0XF7,0XBF,0XF8,0XBF,0XF8,0XBF,0XF8,0XBF,0XF8,0XC7,0XF8,0XC7,0XF8,0XC7,
0XF8,0XC7,0XF8,0XC7,0XF8,0XC7,0XF8,0XC7,0XD8,0XC7,0XD8,0XC7,0XF7,0XC7,0XD8,0XC7,
0X96,0XB6,0XD6,0XB5,0X76,0XBD,0XB7,0XBD,0XB6,0XB5,0XD6,0XB5,0XF5,0XAD,0X39,0XD7,
0XB7,0XBD,0XB6,0XB5,0XD6,0XB5,0XB6,0XB5,0XB6,0XB5,0XD6,0XB5,0X97,0XBE,0XD8,0XC7,
0XF7,0XC7,0XF7,0XBF,0XF8,0XC7,0XF8,0XC7,0XF8,0XC7,0XF8,0XC7,0XF8,0XC7,0XF8,0XC7,
0XF8,0XC7,0XF8,0XC7,0XF8,0XC7,0XF8,0XC7,0XF8,0XC7,0XF8,0XC7,0XF8,0XBF,0XF8,0XBF,
0XF8,0XBF,0XF7,0XBF,0XF7,0XC7,0XF7,0XC7,0XF8,0XC7,0XD8,0XC7,0XD8,0XC7,0XD8,0XC7,
0XD8,0XC7,0X97,0XC7,0X15,0XAE,0XB6,0XB5,0XB6,0XB5,0X96,0XB5,0XB6,0XB5,0XB6,0XB5,
0XB6,0XB5,0XB7,0XBD,0X76,0XB5,0XB6,0XB5,0XB5,0XAD,0XD6,0XB6,0XF8,0XC7,0XF8,0XC7,
0XD8,0XC7,0XD8,0XC7,0XD8,0XC7,0XF8,0XC7,0XF7,0XBF,0XF7,0XBF,0XF7,0XBF,0XF8,0XC7,
0XF8,0XC7,0XF8,0XC7,0XF8,0XC7,0XF8,0XC7,0XF8,0XC7,0XF8,0XC7,0XF8,0XC7,0XF8,0XC7,
0XF8,0XC7,0XF8,0XC7,0XF8,0XC7,0XF8,0XC7,0XF8,0XC7,0XF8,0XC7,0XF7,0XC7,0XD8,0XC7,
0XD7,0XBE,0XB6,0XB5,0X97,0XBD,0X96,0XBD,0XD6,0XB5,0XD6,0XAD,0XD5,0XAD,0X19,0XD7,
0XB7,0XBD,0XB6,0XB5,0XD6,0XB5,0XB5,0XB5,0XB6,0XB5,0XD6,0XB5,0XB8,0XBE,0XD8,0XC7,
0XF8,0XC7,0XF7,0XBF,0XF8,0XC7,0XF8,0XC7,0XF8,0XC7,0XF8,0XC7,0XF8,0XC7,0XF8,0XC7,
0XF8,0XC7,0XF8,0XC7,0XF8,0XC7,0XF8,0XC7,0XF8,0XC7,0XF8,0XC7,0XF8,0XBF,0XF8,0XBF,
0XF8,0XBF,0XF7,0XC7,0XF7,0XC7,0XF7,0XC7,0XF8,0XC7,0XF8,0XC7,0XF8,0XC7,0XF8,0XC7,
0XF8,0XC7,0XB8,0XC7,0XB7,0XBE,0XD6,0XB5,0XB6,0XBD,0XB6,0XBD,0XB6,0XB5,0XB6,0XB5,
0XB6,0XB5,0XB6,0XB5,0X97,0XB5,0XB6,0XB5,0XF5,0XB5,0X79,0XCF,0XF7,0XBF,0XF8,0XC7,
0XF8,0XC7,0XD8,0XC7,0XF8,0XC7,0XF7,0XC7,0XF7,0XBF,0XF7,0XBF,0XF7,0XC7,0XF8,0XC7,
0XD8,0XC7,0XF8,0XC7,0XF8,0XC7,0XF8,0XC7,0XF8,0XC7,0XF8,0XC7,0XF8,0XC7,0XF8,0XC7,
0XF8,0XC7,0XF8,0XC7,0XF8,0XC7,0XF8,0XC7,0XF8,0XC7,0XF8,0XC7,0XF7,0XC7,0XD8,0XC7,
0X18,0XC7,0XB6,0XB5,0XB7,0XBD,0X96,0XB5,0XD6,0XB5,0XD6,0XAD,0XD5,0XAD,0X19,0XD7,
0XB7,0XB5,0XB6,0XB5,0XB6,0XB5,0XB6,0XB5,0XB6,0XB5,0XB6,0XAD,0XB8,0XBE,0XB8,0XC7,
0XF7,0XBF,0XF7,0XBF,0XF8,0XC7,0XF7,0XC7,0XF8,0XC7,0XF8,0XC7,0XF8,0XC7,0XF8,0XC7,
0XF8,0XC7,0XF8,0XC7,0XF8,0XC7,0XF8,0XC7,0XF8,0XC7,0XF8,0XC7,0XF8,0XBF,0XF8,0XBF,
0XF8,0XBF,0XF8,0XC7,0XF7,0XC7,0XF7,0XC7,0XF7,0XC7,0XF7,0XBF,0XF8,0XBF,0XF7,0XBF,
0XF8,0XC7,0XB8,0XCF,0X97,0XBE,0XB6,0XB5,0X96,0XB5,0XB7,0XBD,0XB6,0XB5,0XD6,0XB5,
0XB6,0XB5,0X96,0XB5,0X97,0XBD,0XB6,0XB5,0XD5,0XAD,0X99,0XCF,0XD8,0XC7,0XF8,0XC7,
0XF8,0XC7,0XF8,0XC7,0XF8,0XC7,0XF7,0XBF,0XF7,0XBF,0XF7,0XC7,0XF8,0XC7,0XF8,0XC7,
0XF8,0XC7,0XF8,0XC7,0XF8,0XC7,0XF8,0XC7,0XF8,0XC7,0XF8,0XC7,0XF8,0XC7,0XF8,0XC7,
0XF8,0XC7,0XF8,0XC7,0XF8,0XC7,0XF8,0XC7,0XF8,0XC7,0XF7,0XC7,0XF7,0XBF,0XD8,0XC7,
0X39,0XCF,0XB6,0XAD,0XB6,0XB5,0XB6,0XB5,0XB6,0XB5,0XD6,0XAD,0XD5,0XAD,0X19,0XCF,
0XD7,0XBD,0XB6,0XB5,0XB6,0XB5,0X96,0XB5,0XB6,0XB5,0XB6,0XB5,0XB7,0XBE,0XB9,0XC7,
0XF8,0XC7,0XF7,0XBF,0XF7,0XBF,0XF7,0XC7,0XF8,0XC7,0XF8,0XC7,0XF8,0XC7,0XF8,0XC7,
0XF8,0XC7,0XF8,0XC7,0XF8,0XC7,0XF8,0XC7,0XF8,0XC7,0XF8,0XC7,0XF7,0XBF,0XF7,0XBF,
0XF7,0XC7,0XF8,0XC7,0XF8,0XC7,0XF7,0XC7,0XF7,0XBF,0XF6,0XBF,0XF7,0XBF,0XF7,0XC7,
0XD8,0XC7,0X78,0XCF,0X16,0XB6,0XB6,0XB5,0XB7,0XB5,0X97,0XB5,0XB6,0XB5,0XB6,0XB5,
0XB6,0XB5,0X97,0XB5,0X97,0XB5,0XB7,0XB5,0XB5,0XAD,0XB7,0XBE,0XD8,0XCF,0XF8,0XC7,
0XF7,0XC7,0XF7,0XBF,0XF7,0XBF,0XF7,0XBF,0XF8,0XBF,0XF8,0XC7,0XF8,0XC7,0XF8,0XC7,
0XF7,0XC7,0XF8,0XC7,0XF8,0XC7,0XF8,0XC7,0XF8,0XC7,0XF8,0XC7,0XF8,0XC7,0XF8,0XC7,
0XF8,0XC7,0XF8,0XC7,0XF8,0XC7,0XF8,0XC7,0XF8,0XC7,0XF7,0XBF,0XF7,0XBF,0XD8,0XC7,
0XF8,0XC6,0XB6,0XB5,0XB6,0XB5,0XB6,0XB5,0XB6,0XB5,0XB6,0XB5,0XF5,0XAD,0X39,0XCF,
0X17,0XBE,0XB6,0XB5,0XB6,0XB5,0XB6,0XB5,0XB6,0XB5,0XD6,0XB5,0X77,0XB6,0XB9,0XCF,
0XF8,0XC7,0XF7,0XBF,0XF7,0XBF,0XF7,0XBF,0XF8,0XC7,0XF8,0XC7,0XF8,0XC7,0XF8,0XC7,
0XF8,0XC7,0XF8,0XC7,0XF8,0XC7,0XF8,0XC7,0XF8,0XC7,0XF8,0XC7,0XF7,0XBF,0XF7,0XBF,
0XF7,0XC7,0XF8,0XC7,0XF8,0XC7,0XF8,0XC7,0XF7,0XBF,0XF6,0XBF,0XF7,0XBF,0XF7,0XC7,
0XB9,0XCF,0XD7,0XBE,0XD5,0XAD,0XB6,0XB5,0XB7,0XBD,0X96,0XB5,0XB6,0XB5,0XB6,0XB5,
0XB6,0XB5,0XB7,0XB5,0X97,0XBD,0XB7,0XB5,0XD6,0XB5,0X15,0XAE,0X58,0XC7,0XD9,0XCF,
0XD7,0XC7,0XF7,0XBF,0XF7,0XBF,0XF7,0XBF,0XF8,0XBF,0XF8,0XC7,0XF8,0XC7,0XF7,0XC7,
0XF7,0XC7,0XF7,0XC7,0XF8,0XC7,0XF8,0XC7,0XF8,0XC7,0XF8,0XC7,0XF8,0XC7,0XF8,0XC7,
0XF8,0XC7,0XF8,0XC7,0XF8,0XC7,0XF8,0XC7,0XF8,0XC7,0XF7,0XBF,0XF7,0XBF,0XF8,0XC7,
0X76,0XB6,0XB6,0XB5,0XB6,0XB5,0XB7,0XB5,0XB6,0XB5,0XB6,0XB5,0XF6,0XB5,0X59,0XCF,
0X57,0XBE,0XB5,0XAD,0XB6,0XB5,0XB7,0XB5,0X96,0XB5,0XD6,0XB5,0X36,0XAE,0XBA,0XCF,
0XD8,0XC7,0XF7,0XBF,0XF7,0XBF,0XF7,0XBF,0XF8,0XC7,0XF8,0XC7,0XF8,0XC7,0XF8,0XC7,
0XF8,0XC7,0XF8,0XC7,0XF8,0XC7,0XF8,0XC7,0XF8,0XC7,0XF8,0XC7,0XF7,0XBF,0XF7,0XBF,
0XF7,0XC7,0XF8,0XC7,0XF8,0XC7,0XF8,0XC7,0XF7,0XBF,0XF7,0XBF,0XF7,0XBF,0XD8,0XC7,
0X79,0XCF,0X16,0XAE,0XD6,0XB5,0XB6,0XB5,0X97,0XBD,0X96,0XB5,0XB6,0XB5,0XD5,0XAD,
0XD6,0XB5,0XB6,0XB5,0XB7,0XBD,0X96,0XB5,0XD6,0XB5,0XD5,0XAD,0XB6,0XBE,0XB9,0XCF,
0XD7,0XC7,0XF7,0XBF,0XF6,0XB7,0XF7,0XBF,0XF8,0XBF,0XF8,0XC7,0XF8,0XC7,0XF7,0XC7,
0XF7,0XC7,0XF7,0XC7,0XF8,0XC7,0XF8,0XC7,0XF8,0XC7,0XF8,0XC7,0XF8,0XC7,0XF8,0XC7,
0XF8,0XC7,0XF8,0XC7,0XF8,0XC7,0XF8,0XC7,0XF7,0XC7,0XF7,0XC7,0XF7,0XBF,0XD9,0XC7,
0X15,0XAE,0XB6,0XB5,0XB6,0XB5,0XB6,0XB5,0XB6,0XB5,0XB6,0XB5,0X15,0XB6,0X79,0XCF,
0XD8,0XC6,0XD5,0XAD,0XB6,0XB5,0X97,0XB5,0XB7,0XBD,0XB6,0XB5,0XF5,0XAD,0X9A,0XCF,
0XD9,0XCF,0XF8,0XC7,0XF7,0XBF,0XF7,0XBF,0XF8,0XC7,0XF8,0XC7,0XF8,0XC7,0XF8,0XC7,
0XF8,0XC7,0XF8,0XC7,0XF8,0XC7,0XF8,0XC7,0XF8,0XC7,0XF8,0XC7,0XF7,0XC7,0XF7,0XBF,
0XF7,0XC7,0XF8,0XC7,0XF8,0XC7,0XF8,0XC7,0XF7,0XBF,0XF7,0XBF,0XF7,0XC7,0XB8,0XCF,
0X76,0XB6,0XD6,0XAD,0XB6,0XB5,0XB6,0XBD,0XB7,0XBD,0XB6,0XB5,0XD5,0XAD,0X97,0XC6,
0XF5,0XB5,0XB6,0XB5,0XB7,0XBD,0X97,0XBD,0XB6,0XBD,0XB5,0XB5,0XF5,0XAD,0X18,0XC7,
0XB8,0XCF,0XD7,0XC7,0XF7,0XBF,0XF7,0XBF,0XF8,0XC7,0XF8,0XC7,0XF8,0XC7,0XF7,0XC7,
0XF7,0XC7,0XF7,0XC7,0XF8,0XC7,0XF8,0XC7,0XF8,0XC7,0XF8,0XC7,0XF8,0XC7,0XF8,0XC7,
0XF8,0XC7,0XF8,0XC7,0XF8,0XC7,0XF8,0XC7,0XF8,0XC7,0XF8,0XC7,0XF8,0XBF,0X99,0XC7,
0XD5,0XAD,0XB6,0XB5,0XB6,0XB5,0XB6,0XB5,0XB6,0XB5,0XB6,0XB5,0X56,0XB6,0X98,0XC7,
0X59,0XCF,0XF5,0XAD,0XD6,0XB5,0X96,0XB5,0XB7,0XBD,0XB6,0XB5,0XD5,0XAD,0X97,0XB6,
0XB9,0XCF,0XD8,0XC7,0XF8,0XC7,0XF7,0XBF,0XF8,0XC7,0XF8,0XC7,0XF8,0XC7,0XF8,0XC7,
0XF8,0XC7,0XF8,0XC7,0XF8,0XC7,0XF8,0XC7,0XF8,0XC7,0XF8,0XC7,0XF7,0XC7,0XF7,0XC7,
0XF7,0XBF,0XF8,0XC7,0XF8,0XC7,0XF8,0XC7,0XF8,0XC7,0XD7,0XC7,0XD8,0XCF,0XD6,0XBE,
0XF5,0XAD,0XB6,0XB5,0X96,0XB5,0XD7,0XBD,0X96,0XB5,0XD6,0XB5,0X36,0XB6,0X79,0XD7,
0XD7,0XBE,0XD5,0XAD,0XB6,0XB5,0XB7,0XBD,0XB6,0XBD,0XB5,0XB5,0XD5,0XB5,0XD4,0XA5,
0X79,0XCF,0XB8,0XC7,0XD8,0XC7,0XF8,0XC7,0XF8,0XC7,0XF8,0XC7,0XF8,0XC7,0XF7,0XC7,
0XF7,0XC7,0XF8,0XC7,0XF8,0XC7,0XF8,0XC7,0XF8,0XC7,0XF8,0XC7,0XF8,0XC7,0XF8,0XC7,
0XF8,0XC7,0XF8,0XC7,0XF8,0XC7,0XF8,0XC7,0XF8,0XC7,0XD8,0XC7,0XD8,0XC7,0XF7,0XBE,
0XD5,0XAD,0X96,0XB5,0XB6,0XB5,0XB6,0XB5,0XB6,0XB5,0XD6,0XB5,0X96,0XB6,0XD8,0XC7,
0X98,0XC7,0X55,0XAE,0XF6,0XB5,0X96,0XB5,0X96,0XBD,0XB6,0XB5,0XD5,0XAD,0XD4,0XA5,
0X79,0XCF,0X98,0XC7,0XF8,0XC7,0XF7,0XC7,0XF8,0XC7,0XF8,0XC7,0XF8,0XC7,0XF8,0XC7,
0XF8,0XC7,0XF8,0XC7,0XF8,0XC7,0XF8,0XC7,0XF8,0XC7,0XF8,0XC7,0XF7,0XC7,0XF7,0XC7,
0XF7,0XC7,0XF8,0XC7,0XF8,0XBF,0XD8,0XBF,0XD8,0XC7,0XD9,0XCF,0X18,0XC7,0X15,0XAE,
0XB6,0XAD,0XB6,0XB5,0XD7,0XBD,0X96,0XB5,0XB6,0XB5,0XF5,0XAD,0X17,0XC7,0XB8,0XCF,
0X99,0XCF,0X55,0XAE,0XD6,0XB5,0XB7,0XB5,0X96,0XB5,0XD6,0XBD,0XB6,0XB5,0XD5,0XAD,
0X76,0XBE,0X79,0XCF,0XD8,0XCF,0XF8,0XC7,0XF8,0XC7,0XF7,0XC7,0XF8,0XC7,0XF7,0XC7,
0XF8,0XC7,0XF8,0XC7,0XF8,0XC7,0XF8,0XC7,0XF8,0XC7,0XF8,0XC7,0XF8,0XC7,0XF8,0XC7,
0XF8,0XC7,0XF8,0XC7,0XF8,0XC7,0XF8,0XC7,0XF8,0XC7,0XD8,0XC7,0X98,0XC7,0X56,0XB6,
0XD6,0XB5,0X96,0XB5,0X96,0XB5,0XB6,0XB5,0XB6,0XB5,0XB5,0XAD,0X17,0XBF,0XF7,0XC7,
0XD8,0XC7,0X96,0XB6,0XD5,0XAD,0XB7,0XBD,0XB7,0XBD,0XB6,0XB5,0XB5,0XAD,0XF5,0XAD,
0X97,0XBE,0XD9,0XCF,0XF8,0XC7,0XF7,0XC7,0XF8,0XC7,0XF8,0XC7,0XF8,0XC7,0XF8,0XC7,
0XF8,0XC7,0XF8,0XC7,0XF8,0XC7,0XF8,0XC7,0XF8,0XC7,0XF8,0XC7,0XF8,0XC7,0XF7,0XC7,
0XF7,0XC7,0XF7,0XBF,0XF7,0XBF,0XF8,0XC7,0XD9,0XCF,0X38,0XC7,0X15,0XAE,0XD6,0XB5,
0XB6,0XB5,0XB7,0XB5,0XB7,0XB5,0XB6,0XB5,0XD6,0XAD,0X97,0XB6,0XB8,0XCF,0XF8,0XC7,
0XD8,0XC7,0X38,0XBF,0XD5,0XAD,0XB6,0XB5,0XB6,0XB5,0XB6,0XB5,0XB6,0XB5,0XB6,0XB5,
0XD5,0XAD,0X76,0XB6,0XBA,0XD7,0XD8,0XCF,0XF7,0XC7,0XF7,0XBF,0XF7,0XBF,0XF8,0XC7,
0XF8,0XC7,0XF8,0XC7,0XF8,0XC7,0XF8,0XC7,0XF8,0XC7,0XF8,0XC7,0XF8,0XC7,0XF8,0XC7,
0XF8,0XC7,0XF8,0XC7,0XF8,0XC7,0XF8,0XC7,0XF8,0XC7,0XB8,0XCF,0XF7,0XC6,0XD5,0XAD,
0XB6,0XB5,0XB7,0XBD,0XB6,0XBD,0XD6,0XBD,0XB6,0XB5,0XD5,0XAD,0X98,0XC7,0XF7,0XBF,
0XF8,0XC7,0X38,0XC7,0XB5,0XAD,0XB6,0XB5,0XB6,0XBD,0XB6,0XB5,0XB6,0XB5,0XD5,0XAD,
0X15,0XAE,0X18,0XC7,0XD8,0XC7,0XF8,0XC7,0XF8,0XC7,0XF8,0XC7,0XF8,0XC7,0XF8,0XC7,
0XF8,0XC7,0XF8,0XC7,0XF8,0XC7,0XF8,0XC7,0XF8,0XC7,0XF8,0XC7,0XF8,0XC7,0XF7,0XC7,
0XF7,0XC7,0XF7,0XBF,0XF8,0XBF,0XF8,0XC7,0X58,0XBF,0X15,0XAE,0XD6,0XB5,0XB6,0XB5,
0X96,0XB5,0XB7,0XB5,0XB6,0XB5,0XB6,0XAD,0X16,0XB6,0X9A,0XCF,0XF8,0XC7,0XF7,0XBF,
0XF7,0XBF,0XB9,0XCF,0X97,0XBE,0XD6,0XB5,0XD7,0XB5,0X96,0XB5,0XB7,0XB5,0X76,0XAD,
0XD6,0XB5,0XD5,0XAD,0X76,0XB6,0XB8,0XCF,0XF7,0XC7,0XF7,0XBF,0XF7,0XBF,0XF8,0XC7,
0XF8,0XC7,0XF8,0XC7,0XF8,0XC7,0XF8,0XC7,0XF8,0XC7,0XF8,0XC7,0XF8,0XC7,0XF8,0XC7,
0XF8,0XC7,0XF8,0XC7,0XF8,0XC7,0XF8,0XC7,0XD8,0XC7,0X17,0XBF,0X35,0XAE,0XB5,0XB5,
0XB7,0XB5,0XB7,0XB5,0XB6,0XBD,0XB6,0XBD,0XB6,0XB5,0XB8,0XBE,0XD9,0XCF,0XF7,0XBF,
0XF8,0XBF,0XB9,0XC7,0X55,0XB6,0XB5,0XB5,0XB6,0XB5,0XB6,0XB5,0XB6,0XB5,0XB6,0XB5,
0XD6,0XAD,0XF5,0XA5,0X18,0XC7,0XB9,0XCF,0XF8,0XC7,0XF8,0XC7,0XF8,0XC7,0XF8,0XBF,
0XF7,0XBF,0XF7,0XBF,0XF7,0XBF,0XF8,0XBF,0XF8,0XBF,0XF8,0XBF,0XF8,0XBF,0XF7,0XC7,
0XF7,0XC7,0XD8,0XC7,0XD9,0XC7,0X17,0XBF,0X15,0XB6,0XD6,0XB5,0X96,0XB5,0X96,0XB5,
0XB7,0XB5,0XD6,0XB5,0XD5,0XAD,0X15,0XAE,0X18,0XC7,0XD9,0XCF,0XF8,0XC7,0XF7,0XBF,
0XF7,0XBF,0XD8,0XC7,0XBA,0XD7,0X77,0XB6,0XB5,0XAD,0XD6,0XB5,0XB6,0XB5,0XD7,0XBD,
0X96,0XB5,0XB6,0XBD,0XB6,0XB5,0X76,0XBE,0X58,0XC7,0XF9,0XCF,0XD7,0XC7,0XF7,0XBF,
0XF8,0XC7,0XF8,0XC7,0XF8,0XC7,0XF8,0XC7,0XF7,0XC7,0XF7,0XBF,0XF7,0XBF,0XF8,0XC7,
0XF8,0XC7,0XD8,0XC7,0XF8,0XC7,0XD8,0XC7,0X17,0XBF,0X35,0XAE,0XD5,0XAD,0XB6,0XB5,
0X96,0XB5,0XB7,0XB5,0XB6,0XB5,0XB6,0XB5,0X16,0XB6,0X7A,0XCF,0XD8,0XC7,0XF7,0XBF,
0XF8,0XBF,0XD8,0XC7,0X99,0XCF,0XF4,0XAD,0XD6,0XB5,0X96,0XB5,0X97,0XB5,0XB7,0XB5,
0XB6,0XB5,0XD6,0XB5,0XD5,0XAD,0XD7,0XBE,0X98,0XC7,0XF9,0XCF,0XD8,0XC7,0XF8,0XC7,
0XF8,0XC7,0XF7,0XBF,0XF7,0XBF,0XF7,0XBF,0XF7,0XBF,0XF8,0XBF,0XF8,0XC7,0XF8,0XC7,
0XD8,0XC7,0XB9,0XCF,0X76,0XB6,0X94,0XAD,0XB6,0XB5,0X96,0XBD,0XB7,0XBD,0XB7,0XBD,
0XB6,0XAD,0XD6,0XAD,0XF4,0XA5,0X17,0XBF,0XD9,0XCF,0XD7,0XC7,0XF7,0XBF,0XF7,0XBF,
0XF8,0XBF,0XF8,0XC7,0XD9,0XCF,0X58,0XC7,0X35,0XB6,0XD5,0XAD,0XB6,0XB5,0X96,0XB5,
0XB7,0XBD,0X97,0XBD,0X76,0XBD,0X96,0XB5,0XD5,0XAD,0XB7,0XBE,0XD9,0XCF,0XF9,0XCF,
0XF7,0XBF,0XF8,0XC7,0XF8,0XC7,0XF8,0XC7,0XF7,0XBF,0XF8,0XC7,0XF8,0XC7,0XD8,0XC7,
0XD8,0XC7,0XB9,0XCF,0X99,0XCF,0XD6,0XB6,0XF5,0XAD,0XD6,0XB5,0XB6,0XAD,0XB6,0XB5,
0XD7,0XB5,0XB6,0XB5,0XD6,0XB5,0XD5,0XAD,0XB7,0XBE,0X98,0XCF,0XF8,0XC7,0XF8,0XBF,
0XF7,0XBF,0XF8,0XC7,0XB8,0XCF,0XD7,0XBE,0X15,0XAE,0XB6,0XB5,0XB6,0XBD,0X96,0XBD,
0X96,0XBD,0XB6,0XB5,0XB6,0XB5,0XD5,0XAD,0X35,0XAE,0XB7,0XBE,0X38,0XC7,0X78,0XCF,
0XB8,0XCF,0XD8,0XCF,0XD8,0XC7,0XF8,0XC7,0XF7,0XC7,0XD7,0XC7,0XD7,0XC7,0X57,0XC7,
0XD7,0XBE,0X15,0XAE,0XD5,0XAD,0XD6,0XB5,0XD6,0XB5,0XB6,0XB5,0XB6,0XAD,0XD6,0XB5,
0XB5,0XAD,0XD5,0XB5,0XB6,0XBE,0XD9,0XCF,0XD8,0XC7,0XF8,0XC7,0XF7,0XC7,0XF7,0XBF,
0XF7,0XC7,0XF8,0XC7,0XD9,0XCF,0XB9,0XCF,0X38,0XC7,0X36,0XAE,0XB6,0XB5,0XB7,0XB5,
0XB6,0XB5,0XB5,0XB5,0XD6,0XB5,0XB5,0XB5,0XD6,0XB5,0XF5,0XB5,0X56,0XB6,0XF7,0XBE,
0X78,0XC7,0XB8,0XC7,0XD8,0XC7,0XD8,0XC7,0XD8,0XC7,0XD8,0XC7,0XB8,0XCF,0X78,0XCF,
0X38,0XC7,0XB7,0XBE,0X16,0XB6,0XD5,0XAD,0XD6,0XB5,0X96,0XB5,0X96,0XB5,0XB7,0XBD,
0X96,0XB5,0XB6,0XB5,0XD6,0XAD,0X56,0XB6,0X79,0XCF,0XD9,0XCF,0XD7,0XC7,0XF7,0XBF,
0XF8,0XC7,0XF8,0XC7,0XD8,0XC7,0XB9,0XCF,0X76,0XAE,0XF5,0XAD,0XB5,0XB5,0X96,0XBD,
0XB6,0XBD,0X96,0XBD,0X96,0XB5,0XB6,0XB5,0XB5,0XB5,0XB5,0XB5,0XF5,0XB5,0X15,0XB6,
0X15,0XB6,0X56,0XB6,0X76,0XBE,0X96,0XBE,0X96,0XBE,0X56,0XB6,0X35,0XB6,0XF5,0XAD,
0XD5,0XAD,0XD5,0XB5,0XD6,0XB5,0XB6,0XB5,0X96,0XB5,0XB6,0XB5,0XD6,0XB5,0XD5,0XAD,
0XB4,0XAD,0XB7,0XC6,0XB9,0XCF,0XF8,0XC7,0XF8,0XC7,0XF8,0XC7,0XF7,0XC7,0XF7,0XC7,
0XF7,0XC7,0XF8,0XC7,0XD8,0XC7,0XD8,0XC7,0XF9,0XCF,0X38,0XBF,0X17,0XB6,0XB5,0XAD,
0XF6,0XB5,0XD5,0XB5,0XB5,0XB5,0XB6,0XB5,0XB5,0XB5,0XD6,0XB5,0XD6,0XB5,0XB5,0XAD,
0X16,0XB6,0X16,0XB6,0X36,0XB6,0X56,0XB6,0X56,0XB6,0X36,0XB6,0X16,0XB6,0XF6,0XB5,
0XD6,0XB5,0XB6,0XB5,0XB6,0XB5,0XB7,0XB5,0X97,0XB5,0XB7,0XBD,0XB7,0XBD,0X96,0XBD,
0XD7,0XBD,0XD5,0XAD,0X35,0XAE,0X58,0XC7,0XD8,0XC7,0XD7,0XBF,0XF7,0XC7,0XF7,0XC7,
0XF7,0XC7,0XF7,0XBF,0XF9,0XC7,0XD8,0XC7,0X99,0XC7,0X76,0XB6,0XF5,0XAD,0XD5,0XBD,
0X96,0XBD,0X96,0XBD,0XB7,0XBD,0X96,0XBD,0XB6,0XB5,0XB6,0XB5,0XB6,0XB5,0XB6,0XB5,
0XD6,0XB5,0XB6,0XB5,0XB6,0XB5,0XB6,0XB5,0XB6,0XB5,0XB6,0XB5,0XB6,0XB5,0XB7,0XBD,
0XB7,0XB5,0XB7,0XB5,0XB6,0XB5,0XB7,0XB5,0XD7,0XB5,0XD6,0XB5,0XD5,0XAD,0X15,0XAE,
0XF7,0XBE,0X99,0XCF,0XF8,0XC7,0XF7,0XBF,0XF8,0XC7,0XD7,0XBF,0XF7,0XC7,0XF7,0XC7,
0XF7,0XC7,0XF7,0XC7,0XF7,0XC7,0XF8,0XC7,0XF8,0XC7,0XD9,0XC7,0X38,0XC7,0X35,0XAE,
0XD5,0XAD,0XB6,0XB5,0XB6,0XB5,0XB6,0XB5,0XB6,0XB5,0XB6,0XB5,0XB6,0XB5,0XB7,0XBD,
0XB7,0XBD,0XB7,0XB5,0XB7,0XB5,0XB6,0XB5,0XB6,0XB5,0XB6,0XB5,0XB6,0XB5,0XB6,0XB5,
0XD6,0XB5,0XB6,0XB5,0XB6,0XB5,0XB7,0XB5,0XB7,0XB5,0X97,0XB5,0X96,0XBD,0XB6,0XBD,
0XB5,0XAD,0X35,0XB6,0X38,0XC7,0XF9,0XCF,0XF8,0XBF,0XF7,0XC7,0XF7,0XC7,0XF6,0XC7,
0XF7,0XC7,0XF7,0XC7,0XF7,0XBF,0XD8,0XBF,0XD9,0XC7,0X78,0XC7,0XB6,0XB6,0XF5,0XAD,
0XD5,0XB5,0XB6,0XB5,0XB6,0XBD,0XB6,0XB5,0XD6,0XB5,0XD6,0XB5,0XB6,0XB5,0XB6,0XB5,
0XB6,0XB5,0XB6,0XB5,0XB6,0XB5,0X96,0XB5,0X97,0XB5,0X97,0XB5,0X97,0XB5,0X97,0XB5,
0X97,0XB5,0X97,0XB5,0X97,0XB5,0XB6,0XB5,0XB6,0XB5,0XD5,0XB5,0X35,0XB6,0X37,0XC7,
0XD9,0XCF,0XF8,0XC7,0XF8,0XBF,0XF7,0XBF,0XF7,0XC7,0XF7,0XC7,0XF7,0XC7,0XF7,0XC7,
0XF7,0XC7,0XF7,0XC7,0XF7,0XC7,0XF7,0XBF,0XF7,0XBF,0XF8,0XBF,0XD8,0XC7,0X98,0XC7,
0X96,0XB6,0XD5,0XAD,0XB6,0XB5,0XB6,0XB5,0X97,0XB5,0XB6,0XBD,0XB6,0XBD,0X97,0XBD,
0X97,0XBD,0XB7,0XB5,0XB7,0XB5,0XB6,0XB5,0XB6,0XB5,0XB6,0XB5,0XB6,0XB5,0XD6,0XB5,
0XD6,0XB5,0XD5,0XB5,0XD5,0XB5,0XD5,0XB5,0XB6,0XB5,0XB6,0XB5,0XB6,0XB5,0XD5,0XAD,
0X55,0XB6,0X58,0XC7,0XD9,0XCF,0XF8,0XBF,0XF8,0XBF,0XF7,0XBF,0XF7,0XC7,0XF7,0XC7,
0XF7,0XC7,0XF7,0XC7,0XF8,0XC7,0XF8,0XC7,0XF8,0XC7,0XD9,0XC7,0XB9,0XC7,0XF7,0XBE,
0X35,0XAE,0XF5,0XAD,0XD6,0XB5,0XB6,0XB5,0XB7,0XB5,0X97,0XB5,0X97,0XB5,0XB7,0XB5,
0XB7,0XB5,0XB7,0XB5,0XB6,0XB5,0XB6,0XB5,0XB6,0XB5,0XB6,0XB5,0XB6,0XB5,0XD7,0XB5,
0XB7,0XB5,0XB7,0XB5,0XB6,0XB5,0XB5,0XB5,0XD5,0XAD,0X76,0XB6,0X98,0XCF,0XF8,0XC7,
0XF8,0XC7,0XF7,0XBF,0XF7,0XC7,0XF7,0XC7,0XF8,0XC7,0XF8,0XC7,0XF8,0XC7,0XF8,0XC7,
0XF8,0XC7,0XF8,0XC7,0XF8,0XBF,0XF7,0XC7,0XF7,0XC7,0XF7,0XC7,0XD8,0XC7,0XD7,0XBF,
0XD9,0XCF,0XD6,0XB6,0XF5,0XAD,0XD6,0XB5,0X97,0XB5,0X97,0XB5,0X96,0XB5,0XB6,0XB5,
0XD6,0XB5,0XD6,0XB5,0XD6,0XB5,0XB6,0XB5,0XB6,0XB5,0XB6,0XB5,0XB6,0XB5,0XB6,0XB5,
0X96,0XB5,0XB6,0XB5,0XB6,0XB5,0XB6,0XB5,0XB5,0XB5,0XD5,0XAD,0XF5,0XAD,0X96,0XB6,
0XD9,0XCF,0XD8,0XC7,0XF8,0XBF,0XF8,0XC7,0XF8,0XBF,0XF8,0XC7,0XF8,0XC7,0XF8,0XC7,
0XF7,0XBF,0XF7,0XC7,0XF7,0XC7,0XF7,0XC7,0XF8,0XC7,0XF8,0XC7,0XF8,0XC7,0XD9,0XC7,
0X78,0XC7,0XD7,0XBE,0X15,0XB6,0XD6,0XB5,0XB7,0XB5,0XB7,0XB5,0XB7,0XB5,0X97,0XB5,
0X96,0XB5,0X96,0XB5,0XB6,0XB5,0XB6,0XB5,0XD6,0XB5,0XB6,0XB5,0XB5,0XAD,0XB5,0XAD,
0XD6,0XB5,0XD5,0XAD,0XF5,0XAD,0X76,0XBE,0X38,0XC7,0XB9,0XC7,0XF8,0XC7,0XF8,0XBF,
0XF7,0XBF,0XF7,0XC7,0XF7,0XC7,0XF8,0XC7,0XF8,0XC7,0XF8,0XC7,0XF8,0XC7,0XF8,0XBF,
0XF8,0XBF,0XF8,0XBF,0XF8,0XC7,0XF7,0XC7,0XF7,0XC7,0XF7,0XC7,0XF8,0XC7,0XF8,0XC7,
0XD7,0XC7,0XF9,0XCF,0X78,0XC7,0X96,0XBE,0X16,0XB6,0XD5,0XAD,0XD6,0XB5,0XD6,0XB5,
0XB5,0XAD,0XB5,0XAD,0XB6,0XB5,0XB6,0XB5,0XB6,0XB5,0XB6,0XB5,0XB6,0XB5,0XB6,0XB5,
0XB6,0XB5,0XB6,0XB5,0XB6,0XB5,0XB6,0XB5,0XF6,0XB5,0X96,0XB6,0X38,0XC7,0XD9,0XC7,
0XF8,0XC7,0XF8,0XBF,0XF7,0XBF,0XF7,0XC7,0XF8,0XC7,0XF8,0XC7,0XF8,0XC7,0XF8,0XBF,
0XF7,0XBF,0XF7,0XC7,0XF7,0XC7,0XF7,0XC7,0XF8,0XC7,0XF8,0XBF,0XF8,0XBF,0XF8,0XBF,
0XF9,0XC7,0XD9,0XCF,0X79,0XCF,0XF8,0XC6,0X57,0XBE,0XD5,0XAD,0XB5,0XAD,0XD6,0XB5,
0XD6,0XB5,0XD6,0XB5,0XD6,0XB5,0XB6,0XB5,0XB5,0XB5,0XD6,0XB5,0XF6,0XB5,0XF5,0XAD,
0X15,0XAE,0X96,0XB6,0X58,0XC7,0XB9,0XC7,0XB8,0XC7,0XD8,0XC7,0XF8,0XC7,0XF7,0XC7,
0XF7,0XC7,0XF7,0XC7,0XF7,0XC7,0XF8,0XC7,0XF8,0XC7,0XF8,0XC7,0XF8,0XC7,0XF8,0XBF,
0XF8,0XBF,0XF8,0XBF,0XF8,0XC7,0XF8,0XC7,0XF8,0XC7,0XF8,0XC7,0XF8,0XC7,0XF8,0XC7,
0XF8,0XC7,0XD7,0XBF,0XD8,0XC7,0XD8,0XC7,0X98,0XC7,0XF7,0XBE,0X35,0XAE,0XD5,0XAD,
0XF5,0XAD,0XD6,0XB5,0XB6,0XB5,0XB6,0XB5,0XB6,0XB5,0XB6,0XB5,0XB6,0XB5,0XD6,0XB5,
0XD6,0XAD,0XD5,0XAD,0X16,0XB6,0XB8,0XC6,0X59,0XCF,0XB9,0XCF,0XF9,0XC7,0XF8,0XBF,
0XF8,0XBF,0XF7,0XBF,0XF7,0XBF,0XF7,0XC7,0XF8,0XC7,0XF8,0XC7,0XF8,0XC7,0XF8,0XBF,
0XF8,0XC7,0XF8,0XC7,0XF8,0XC7,0XF7,0XC7,0XF7,0XC7,0XF7,0XC7,0XF8,0XBF,0XF8,0XBF,
0XF8,0XC7,0XF8,0XC7,0XD8,0XC7,0XD8,0XC7,0XF8,0XCF,0XD8,0XC7,0X57,0XC7,0XF6,0XB6,
0X95,0XB6,0X96,0XB6,0X75,0XB6,0X75,0XB6,0X76,0XB6,0X96,0XBE,0XB6,0XBE,0X38,0XC7,
0X99,0XCF,0XD9,0XCF,0XD8,0XC7,0XF8,0XC7,0XF8,0XC7,0XF8,0XC7,0XF8,0XC7,0XF7,0XC7,
0XF7,0XC7,0XF8,0XC7,0XF8,0XC7,0XF8,0XC7,0XF8,0XC7,0XF8,0XC7,0XF7,0XC7,0XF7,0XC7,
0XF7,0XC7,0XF8,0XC7,0XF8,0XC7,0XF8,0XC7,0XF8,0XC7,0XF8,0XC7,0XF7,0XBF,0XF8,0XC7,
0XF8,0XC7,0XF8,0XC7,0XF8,0XC7,0XF7,0XBF,0XF8,0XC7,0XF8,0XC7,0XB8,0XC7,0X58,0XC7,
0XF8,0XC6,0X97,0XBE,0X96,0XB6,0X76,0XB6,0X76,0XB6,0X76,0XB6,0X96,0XB6,0XB6,0XB6,
0X37,0XBF,0XB8,0XC7,0XD8,0XCF,0XD8,0XC7,0XD8,0XC7,0XD8,0XC7,0XD7,0XBF,0XF8,0XC7,
0XF7,0XBF,0XF7,0XBF,0XF7,0XBF,0XF7,0XC7,0XF7,0XC7,0XF8,0XC7,0XF8,0XC7,0XF8,0XC7,
0XF8,0XC7,0XF8,0XC7,0XF8,0XC7,0XF7,0XBF,0XF7,0XBF,0XF7,0XC7,0XF7,0XC7,0XF7,0XC7,
0XF7,0XC7,0XF7,0XC7,0XF8,0XC7,0XF7,0XBF,0XF7,0XBF,0XF7,0XC7,0XF8,0XC7,0XD9,0XCF,
0XD8,0XC7,0XD9,0XCF,0XD9,0XCF,0XD9,0XCF,0XD9,0XCF,0XD8,0XC7,0XD8,0XC7,0XD8,0XC7,
0XF8,0XC7,0XF8,0XC7,0XF8,0XC7,0XF7,0XBF,0XD7,0XBF,0XF7,0XBF,0XF8,0XC7,0XF8,0XC7,
0XF8,0XC7,0XF8,0XBF,0XF8,0XBF,0XF8,0XBF,0XF7,0XBF,0XF7,0XC7,0XF7,0XC7,0XF7,0XC7,
0XF7,0XC7,0XF7,0XC7,0XF8,0XC7,0XF8,0XC7,0XF8,0XBF,0XF8,0XC7,0XF7,0XC7,0XF8,0XC7,
0XF8,0XC7,0XF8,0XC7,0XF8,0XC7,0XF8,0XC7,0XF8,0XC7,0XD7,0XC7,0XD8,0XC7,0XF8,0XC7,
0XD8,0XC7,0XF9,0XCF,0XD8,0XCF,0XB8,0XCF,0XB8,0XCF,0XD9,0XCF,0XD9,0XCF,0XD9,0XCF,
0XF8,0XC7,0XF8,0XC7,0XF7,0XC7,0XF7,0XBF,0XF7,0XBF,0XF8,0XBF,0XF8,0XC7,0XF7,0XC7,
0XF7,0XC7,0XF7,0XC7,0XF7,0XC7,0XF7,0XC7,0XF7,0XC7,0XF7,0XC7,0XF8,0XC7,0XF8,0XC7,
0XF8,0XC7,0XF8,0XC7,0XF8,0XC7,0XF7,0XBF,0XF7,0XBF,0XF7,0XC7,0XD7,0XC7,0XF8,0XCF,
0XF8,0XC7,0XF7,0XBF,0XF7,0XBF,0XF7,0XBF,0XF8,0XC7,0XF8,0XC7,0XF8,0XC7,0XD8,0XC7,
0XF9,0XC7,0XD8,0XC7,0XD8,0XC7,0XF8,0XBF,0XF8,0XC7,0XF8,0XBF,0XF8,0XBF,0XF8,0XBF,
0XF8,0XBF,0XF7,0XBF,0XF7,0XC7,0XF7,0XC7,0XF7,0XC7,0XF7,0XC7,0XF8,0XBF,0XF8,0XC7,
0XF8,0XC7,0XF8,0XC7,0XF8,0XBF,0XF8,0XBF,0XF7,0XBF,0XF7,0XC7,0XF7,0XC7,0XF7,0XC7,
0XF7,0XC7,0XF7,0XC7,0XF7,0XC7,0XF8,0XC7,0XF8,0XBF,0XF8,0XBF,0XF8,0XC7,0XF7,0XC7,
0XF7,0XBF,0XF7,0XC7,0XF8,0XC7,0XF8,0XC7,0XF8,0XC7,0XF8,0XC7,0XF8,0XC7,0XF7,0XBF,
0XF7,0XBF,0XF7,0XBF,0XF7,0XBF,0XF7,0XC7,0XF8,0XC7,0XF8,0XC7,0XF8,0XC7,0XF8,0XC7,
0XF8,0XC7,0XF8,0XC7,0XF8,0XC7,0XF7,0XBF,0XF8,0XBF,0XF8,0XBF,0XF8,0XC7,0XF8,0XC7,
0XF7,0XC7,0XF7,0XC7,0XF7,0XC7,0XF7,0XC7,0XF7,0XBF,0XF8,0XBF,0XF8,0XC7,0XF8,0XC7,
0XF8,0XC7,0XF8,0XC7,0XF8,0XC7,0XF7,0XBF,0XF7,0XBF,0XF7,0XC7,0XF7,0XC7,0XD8,0XC7,
0XF8,0XC7,0XF8,0XBF,0XF8,0XC7,0XF8,0XC7,0XF8,0XC7,0XF8,0XC7,0XF8,0XC7,0XF8,0XC7,
0XF8,0XC7,0XF8,0XC7,0XF8,0XC7,0XF8,0XC7,0XF8,0XC7,0XF8,0XC7,0XF8,0XC7,0XF8,0XC7,
0XF8,0XC7,0XF8,0XC7,0XF8,0XC7,0XF8,0XC7,0XF8,0XC7,0XF8,0XC7,0XF8,0XC7,0XF8,0XC7,
0XF8,0XC7,0XF8,0XC7,0XF8,0XC7,0XF8,0XC7,0XF8,0XC7,0XF8,0XC7,0XF7,0XC7,0XF7,0XC7,
0XF7,0XC7,0XF7,0XC7,0XF7,0XC7,0XF8,0XC7,0XF8,0XC7,0XF8,0XC7,0XF8,0XC7,0XF8,0XC7,
0XF8,0XC7,0XF8,0XC7,0XF8,0XC7,0XF8,0XC7,0XF8,0XC7,0XF8,0XC7,0XF8,0XC7,0XF8,0XC7,
0XF7,0XC7,0XF7,0XC7,0XF7,0XC7,0XF8,0XC7,0XF8,0XC7,0XF8,0XC7,0XF8,0XC7,0XF8,0XC7,
0XF8,0XC7,0XF8,0XC7,0XF8,0XC7,0XF8,0XC7,0XF8,0XBF,0XF8,0XC7,0XF8,0XC7,0XF7,0XC7,
0XF7,0XC7,0XF7,0XBF,0XF7,0XC7,0XF8,0XC7,0XF8,0XC7,0XF8,0XBF,0XF8,0XC7,0XD8,0XCF,
0XF8,0XBF,0XF8,0XC7,0XF7,0XC7,0XF7,0XBF,0XF7,0XBF,0XF7,0XBF,0XF7,0XC7,0XF8,0XC7,
0XF8,0XC7,0XF8,0XBF,0XF8,0XC7,0XF8,0XC7,0XF8,0XC7,0XF8,0XC7,0XF8,0XC7,0XF8,0XC7,
0XF8,0XC7,0XF8,0XC7,0XF8,0XC7,0XF8,0XC7,0XF8,0XC7,0XF8,0XC7,0XF8,0XC7,0XF8,0XC7,
0XF8,0XC7,0XF8,0XC7,0XF8,0XC7,0XF8,0XC7,0XF8,0XC7,0XF8,0XC7,0XF8,0XC7,0XF8,0XC7,
0XF8,0XC7,0XF8,0XC7,0XF8,0XBF,0XF8,0XBF,0XF7,0XC7,0XF7,0XC7,0XF7,0XC7,0XF7,0XC7,
0XF7,0XC7,0XF7,0XBF,0XF7,0XBF,0XF7,0XC7,0XF7,0XC7,0XF8,0XC7,0XF8,0XC7,0XF8,0XC7,
0XF8,0XC7,0XF8,0XC7,0XF8,0XC7,0XF8,0XC7,0XF8,0XC7,0XF8,0XC7,0XF8,0XC7,0XF8,0XC7,
0XF8,0XC7,0XF8,0XC7,0XF8,0XC7,0XF8,0XC7,0XF8,0XC7,0XF8,0XC7,0XF8,0XC7,0XF8,0XC7,
0XF8,0XC7,0XF8,0XC7,0XF8,0XC7,0XF8,0XC7,0XF8,0XBF,0XF8,0XBF,0XF8,0XC7,0XF7,0XC7,
0XF7,0XBF,0XF7,0XBF,0XF7,0XC7,0XF8,0XC7,0XF8,0XBF,0XF8,0XBF,0XF8,0XC7,0XD8,0XCF,
0XF8,0XBF,0XF7,0XC7,0XF7,0XC7,0XF7,0XBF,0XF7,0XBF,0XF7,0XBF,0XF8,0XC7,0XF8,0XC7,
0XF8,0XBF,0XF7,0XBF,0XF7,0XBF,0XF7,0XC7,0XF8,0XC7,0XF8,0XC7,0XF8,0XC7,0XF8,0XC7,
0XF8,0XC7,0XF8,0XC7,0XF8,0XC7,0XF8,0XC7,0XF8,0XC7,0XF8,0XC7,0XF8,0XC7,0XF8,0XC7,
0XF8,0XC7,0XF8,0XC7,0XF8,0XC7,0XF8,0XC7,0XF8,0XC7,0XF8,0XC7,0XF8,0XC7,0XF8,0XC7,
0XF8,0XC7,0XF8,0XC7,0XF7,0XBF,0XF7,0XBF,0XF7,0XC7,0XF7,0XC7,0XF7,0XC7,0XF7,0XC7,
0XF7,0XBF,0XF7,0XBF,0XF7,0XBF,0XF7,0XBF,0XF7,0XC7,0XF7,0XC7,0XF8,0XC7,0XF8,0XC7,
0XF8,0XC7,0XF8,0XC7,0XF8,0XC7,0XF8,0XC7,0XF8,0XC7,0XF8,0XC7,0XF8,0XC7,0XF8,0XC7,
0XF8,0XC7,0XF8,0XC7,0XF8,0XC7,0XF8,0XC7,0XF8,0XC7,0XF8,0XC7,0XF8,0XC7,0XF8,0XC7,
0XF8,0XC7,0XF8,0XC7,0XF8,0XC7,0XF8,0XC7,0XF8,0XBF,0XF7,0XBF,0XF7,0XC7,0XF7,0XC7,
0XF7,0XBF,0XF7,0XBF,0XF7,0XC7,0XF8,0XC7,0XF8,0XBF,0XF8,0XBF,0XF7,0XBF,0XF7,0XC7,
0XF7,0XBF,0XF7,0XC7,0XF7,0XC7,0XF7,0XBF,0XF7,0XBF,0XF8,0XBF,0XF8,0XC7,0XF8,0XC7,
0XF8,0XC7,0XF7,0XBF,0XF7,0XBF,0XF7,0XC7,0XF8,0XC7,0XF8,0XC7,0XF8,0XC7,0XF8,0XC7,
0XF8,0XC7,0XF8,0XC7,0XF8,0XC7,0XF8,0XC7,0XF8,0XC7,0XF8,0XC7,0XF8,0XC7,0XF8,0XC7,
0XF8,0XC7,0XF8,0XC7,0XF8,0XC7,0XF8,0XC7,0XF8,0XC7,0XF8,0XC7,0XF8,0XC7,0XF8,0XC7,
0XF8,0XC7,0XF7,0XC7,0XF7,0XBF,0XF7,0XBF,0XF7,0XC7,0XF7,0XC7,0XF7,0XC7,0XF7,0XC7,
0XF7,0XC7,0XF7,0XBF,0XF7,0XBF,0XF7,0XBF,0XF7,0XC7,0XF7,0XC7,0XF7,0XC7,0XF8,0XC7,
0XF8,0XC7,0XF8,0XC7,0XF8,0XC7,0XF8,0XC7,0XF8,0XC7,0XF8,0XC7,0XF8,0XC7,0XF8,0XC7,
0XF8,0XC7,0XF8,0XC7,0XF8,0XC7,0XF8,0XC7,0XF8,0XC7,0XF8,0XC7,0XF8,0XC7,0XF8,0XC7,
0XF8,0XC7,0XF8,0XC7,0XF8,0XC7,0XF8,0XC7,0XF7,0XBF,0XF7,0XBF,0XF7,0XC7,0XF7,0XC7,
0XF7,0XBF,0XF8,0XC7,0XF8,0XC7,0XF8,0XC7,0XF8,0XC7,0XF8,0XBF,0XF7,0XBF,0XF7,0XBF,
0XF7,0XC7,0XF7,0XC7,0XF7,0XC7,0XF8,0XC7,0XF8,0XC7,0XF8,0XC7,0XD9,0XC7,0XD8,0XC7,
0XF8,0XC7,0XF7,0XC7,0XF7,0XBF,0XF7,0XC7,0XF8,0XC7,0XF8,0XC7,0XF8,0XC7,0XF8,0XC7,
0XF8,0XC7,0XF8,0XC7,0XF8,0XC7,0XF8,0XC7,0XF8,0XC7,0XF8,0XC7,0XF8,0XC7,0XF8,0XC7,
0XF8,0XC7,0XF8,0XC7,0XF8,0XC7,0XF8,0XC7,0XF8,0XC7,0XF8,0XC7,0XF8,0XC7,0XF8,0XC7,
0XF8,0XC7,0XF7,0XC7,0XF7,0XBF,0XF7,0XC7,0XF7,0XC7,0XF8,0XC7,0XF8,0XC7,0XF8,0XC7,
0XF8,0XC7,0XF8,0XC7,0XF8,0XBF,0XF7,0XC7,0XF7,0XC7,0XF7,0XC7,0XF7,0XC7,0XF8,0XC7,
0XF8,0XC7,0XF8,0XC7,0XF8,0XC7,0XF8,0XC7,0XF8,0XC7,0XF8,0XC7,0XF8,0XC7,0XF8,0XC7,
0XF8,0XC7,0XF8,0XC7,0XF8,0XC7,0XF8,0XC7,0XF8,0XC7,0XF8,0XC7,0XF8,0XC7,0XF8,0XC7,
0XF8,0XC7,0XF8,0XC7,0XF8,0XC7,0XF8,0XC7,0XF7,0XBF,0XF7,0XBF,0XF7,0XBF,0XF7,0XC7,
0XF8,0XC7,0XF8,0XC7,0XD8,0XCF,0XD8,0XCF,0XD8,0XC7,0XF8,0XC7,0XF7,0XBF,0XF7,0XBF,
0XF7,0XC7,0XF8,0XC7,0XF8,0XC7,0XD8,0XC7,0XF9,0XCF,0X99,0XC7,0X99,0XC7,0X99,0XCF,
0XD9,0XCF,0XD8,0XC7,0XF7,0XC7,0XF7,0XC7,0XF8,0XC7,0XF8,0XC7,0XF8,0XC7,0XF8,0XC7,
0XF8,0XC7,0XF8,0XC7,0XF8,0XC7,0XF8,0XC7,0XF8,0XC7,0XF8,0XC7,0XF8,0XC7,0XF8,0XC7,
0XF8,0XC7,0XF8,0XC7,0XF8,0XC7,0XF8,0XC7,0XF8,0XC7,0XF8,0XC7,0XF8,0XC7,0XF8,0XC7,
0XF8,0XC7,0XF8,0XC7,0XF7,0XC7,0XF7,0XC7,0XD8,0XC7,0XD9,0XCF,0XB9,0XCF,0X78,0XC7,
0XB9,0XC7,0XD9,0XC7,0XD8,0XC7,0XF8,0XC7,0XF7,0XC7,0XF7,0XC7,0XF8,0XC7,0XF8,0XC7,
0XF8,0XC7,0XF8,0XC7,0XF8,0XC7,0XF8,0XC7,0XF8,0XC7,0XF8,0XC7,0XF8,0XC7,0XF8,0XC7,
0XF8,0XC7,0XF8,0XC7,0XF8,0XC7,0XF8,0XC7,0XF8,0XC7,0XF8,0XC7,0XF8,0XC7,0XF8,0XC7,
0XF8,0XC7,0XF8,0XC7,0XF8,0XC7,0XF8,0XC7,0XF7,0XBF,0XF7,0XBF,0XF7,0XC7,0XD8,0XC7,
0XD9,0XCF,0XB9,0XCF,0X99,0XCF,0X79,0XC7,0XB9,0XCF,0XF9,0XCF,0XD7,0XC7,0XF7,0XBF,
0XF8,0XC7,0XD7,0XC7,0XD8,0XC7,0XB9,0XCF,0XF7,0XBE,0X15,0XA6,0X15,0XA6,0X35,0XA6,
0XF7,0XBE,0XD9,0XCF,0XF8,0XC7,0XF7,0XBF,0XF8,0XC7,0XF8,0XC7,0XF8,0XC7,0XF8,0XC7,
0XF8,0XC7,0XF8,0XC7,0XF8,0XC7,0XF8,0XC7,0XF8,0XC7,0XF8,0XC7,0XF8,0XC7,0XF8,0XC7,
0XF8,0XC7,0XF8,0XC7,0XF8,0XC7,0XF8,0XC7,0XF8,0XC7,0XF8,0XC7,0XF8,0XC7,0XF8,0XC7,
0XF8,0XC7,0XF8,0XC7,0XF8,0XC7,0XD8,0XC7,0XB8,0XCF,0XD6,0XBE,0X14,0XA6,0X15,0XAE,
0X35,0XAE,0X18,0XBF,0XDA,0XCF,0XD8,0XC7,0XD7,0XC7,0XF8,0XC7,0XF8,0XC7,0XF8,0XC7,
0XF8,0XC7,0XF8,0XC7,0XF8,0XC7,0XF8,0XC7,0XF8,0XC7,0XF8,0XC7,0XF8,0XC7,0XF8,0XC7,
0XF8,0XC7,0XF8,0XC7,0XF8,0XC7,0XF8,0XC7,0XF8,0XC7,0XF8,0XC7,0XF8,0XC7,0XF8,0XC7,
0XF8,0XC7,0XF8,0XC7,0XF8,0XC7,0XF8,0XC7,0XF7,0XC7,0XF8,0XC7,0XF8,0XC7,0XD8,0XC7,
0XDA,0XD7,0XB6,0XB6,0X15,0XAE,0X15,0XAE,0X55,0XAE,0X37,0XC7,0XF9,0XCF,0XF8,0XC7,
0XD7,0XC7,0XF8,0XC7,0XD8,0XC7,0X17,0XBF,0XF5,0XAD,0XB5,0XAD,0XD6,0XAD,0XD5,0XAD,
0X15,0XAE,0X17,0XBF,0XD8,0XC7,0XF8,0XC7,0XF8,0XC7,0XF8,0XC7,0XF8,0XC7,0XF8,0XC7,
0XF8,0XC7,0XF8,0XC7,0XF8,0XC7,0XF8,0XC7,0XF8,0XC7,0XF8,0XC7,0XF8,0XC7,0XF8,0XC7,
0XF8,0XC7,0XF8,0XC7,0XF8,0XC7,0XF8,0XC7,0XF8,0XC7,0XF8,0XC7,0XF8,0XC7,0XF8,0XC7,
0XF8,0XC7,0XF8,0XC7,0XD8,0XC7,0XB8,0XCF,0XD6,0XB6,0XF4,0XAD,0XD5,0XAD,0XD6,0XAD,
0XD5,0XAD,0X15,0XAE,0X38,0XC7,0XB8,0XC7,0XF8,0XC7,0XF7,0XC7,0XF8,0XC7,0XF8,0XC7,
0XF8,0XC7,0XF8,0XC7,0XF8,0XC7,0XF8,0XC7,0XF8,0XC7,0XF8,0XC7,0XF8,0XC7,0XF8,0XC7,
0XF8,0XC7,0XF8,0XC7,0XF8,0XC7,0XF8,0XC7,0XF8,0XC7,0XF8,0XC7,0XF8,0XC7,0XF8,0XC7,
0XF8,0XC7,0XF8,0XC7,0XF8,0XC7,0XF8,0XC7,0XF7,0XC7,0XF7,0XC7,0XD8,0XC7,0XB9,0XC7,
0X96,0XB6,0XD5,0XAD,0XB5,0XAD,0XF6,0XB5,0XD5,0XAD,0X35,0XAE,0X78,0XC7,0XD8,0XC7,
0XF7,0XC7,0XD8,0XC7,0XD9,0XCF,0X55,0XAE,0XD5,0XB5,0XB6,0XB5,0XB6,0XB5,0XD6,0XB5,
0XD5,0XAD,0X55,0XAE,0XD9,0XCF,0XF8,0XC7,0XF8,0XC7,0XF8,0XC7,0XF8,0XC7,0XF8,0XC7,
0XF8,0XC7,0XF8,0XC7,0XF8,0XC7,0XF8,0XC7,0XF8,0XC7,0XF8,0XC7,0XF8,0XC7,0XF8,0XC7,
0XF8,0XC7,0XF8,0XC7,0XF8,0XC7,0XF8,0XC7,0XF8,0XC7,0XF8,0XC7,0XF8,0XC7,0XF8,0XC7,
0XF8,0XC7,0XF8,0XC7,0XD8,0XC7,0X98,0XC7,0X55,0XAE,0XD5,0XAD,0X96,0XB5,0X96,0XB5,
0XB6,0XB5,0XD5,0XAD,0X55,0XAE,0XB9,0XC7,0XF7,0XC7,0XF7,0XBF,0XF8,0XC7,0XF8,0XC7,
0XF8,0XC7,0XF8,0XC7,0XF8,0XC7,0XF8,0XC7,0XF8,0XC7,0XF8,0XC7,0XF8,0XC7,0XF8,0XC7,
0XF8,0XC7,0XF8,0XC7,0XF8,0XC7,0XF8,0XC7,0XF8,0XC7,0XF8,0XC7,0XF8,0XC7,0XF8,0XC7,
0XF8,0XC7,0XF8,0XC7,0XF8,0XC7,0XF8,0XC7,0XF7,0XC7,0XF7,0XC7,0XF8,0XC7,0X57,0XBF,
0XF5,0XA5,0XB6,0XB5,0X96,0XB5,0XB6,0XB5,0XB5,0XB5,0XF4,0XAD,0XD6,0XBE,0XF9,0XC7,
0XF7,0XC7,0XF7,0XBF,0XF9,0XCF,0X15,0XAE,0XB6,0XBD,0X76,0XBD,0XB7,0XBD,0XB7,0XB5,
0XD6,0XB5,0XF4,0XA5,0XD9,0XCF,0XD8,0XC7,0XF8,0XC7,0XF8,0XC7,0XF8,0XC7,0XF8,0XC7,
0XF8,0XC7,0XF8,0XC7,0XF8,0XC7,0XF8,0XC7,0XF8,0XC7,0XF8,0XC7,0XF8,0XC7,0XF8,0XC7,
0XF8,0XC7,0XF8,0XC7,0XF8,0XC7,0XF8,0XC7,0XF8,0XC7,0XF8,0XC7,0XF8,0XC7,0XF8,0XC7,
0XF8,0XC7,0XF8,0XC7,0XD8,0XC7,0X98,0XC7,0X35,0XAE,0XD5,0XB5,0XB6,0XBD,0X97,0XBD,
0X96,0XB5,0XD6,0XB5,0X14,0XA6,0XD9,0XCF,0XF7,0XBF,0XF7,0XBF,0XF7,0XC7,0XF8,0XC7,
0XF8,0XC7,0XF8,0XC7,0XF8,0XC7,0XF8,0XC7,0XF8,0XC7,0XF8,0XC7,0XF8,0XC7,0XF8,0XC7,
0XF8,0XC7,0XF8,0XC7,0XF8,0XC7,0XF8,0XC7,0XF8,0XC7,0XF8,0XC7,0XF8,0XC7,0XF8,0XC7,
0XF8,0XC7,0XF8,0XC7,0XF8,0XC7,0XF8,0XC7,0XF7,0XC7,0XF7,0XC7,0XF8,0XC7,0X17,0XB7,
0XD4,0XAD,0XB6,0XB5,0XB7,0XBD,0X97,0XB5,0XB6,0XBD,0XF5,0XB5,0X95,0XB6,0XB8,0XC7,
0XF7,0XBF,0XF8,0XBF,0XF9,0XCF,0X55,0XB6,0XB5,0XB5,0X97,0XBD,0X97,0XBD,0X96,0XB5,
0XD5,0XAD,0X35,0XAE,0XD9,0XCF,0XF8,0XC7,0XF8,0XC7,0XF8,0XC7,0XF8,0XC7,0XF8,0XC7,
0XF8,0XC7,0XF8,0XC7,0XF8,0XC7,0XF8,0XC7,0XF8,0XC7,0XF8,0XC7,0XF8,0XC7,0XF8,0XC7,
0XF8,0XC7,0XF8,0XC7,0XF8,0XC7,0XF8,0XC7,0XF8,0XC7,0XF8,0XC7,0XF8,0XC7,0XF8,0XC7,
0XF8,0XC7,0XF8,0XC7,0XD8,0XC7,0X99,0XCF,0X35,0XAE,0XD6,0XB5,0X96,0XB5,0X97,0XBD,
0X97,0XBD,0XD6,0XB5,0X55,0XAE,0XB8,0XC7,0XF7,0XBF,0XF7,0XBF,0XF7,0XC7,0XF8,0XC7,
0XF8,0XC7,0XF8,0XC7,0XF8,0XC7,0XF8,0XC7,0XF8,0XC7,0XF8,0XC7,0XF8,0XC7,0XF8,0XC7,
0XF8,0XC7,0XF8,0XC7,0XF8,0XC7,0XF8,0XC7,0XF8,0XC7,0XF8,0XC7,0XF8,0XC7,0XF8,0XC7,
0XF8,0XC7,0XF8,0XC7,0XF8,0XC7,0XF8,0XC7,0XF7,0XC7,0XF7,0XC7,0XF8,0XC7,0X78,0XBF,
0XD4,0XA5,0XB6,0XB5,0X97,0XBD,0XB7,0XBD,0XB6,0XB5,0XD5,0XAD,0XD6,0XBE,0XD9,0XC7,
0XF8,0XC7,0XD7,0XBF,0XF9,0XC7,0X17,0XBF,0XF4,0XAD,0XB5,0XAD,0XD6,0XB5,0XF6,0XAD,
0X15,0XA6,0X17,0XBF,0XD8,0XCF,0XF8,0XC7,0XF8,0XC7,0XF8,0XC7,0XF8,0XC7,0XF8,0XC7,
0XF8,0XC7,0XF8,0XC7,0XF8,0XC7,0XF8,0XC7,0XF8,0XC7,0XF8,0XC7,0XF8,0XC7,0XF8,0XC7,
0XF8,0XC7,0XF8,0XC7,0XF8,0XC7,0XF8,0XC7,0XF8,0XC7,0XF8,0XC7,0XF8,0XC7,0XF8,0XC7,
0XF8,0XC7,0XF8,0XC7,0XD7,0XC7,0XD9,0XCF,0XF6,0XBE,0XD4,0XA5,0XD5,0XAD,0XB6,0XB5,
0XD6,0XB5,0X15,0XAE,0X38,0XBF,0XF9,0XC7,0XF7,0XBF,0XF7,0XC7,0XF8,0XC7,0XF8,0XC7,
0XF8,0XC7,0XF8,0XC7,0XF8,0XC7,0XF8,0XC7,0XF8,0XC7,0XF8,0XC7,0XF8,0XC7,0XF8,0XC7,
0XF8,0XC7,0XF8,0XC7,0XF8,0XC7,0XF8,0XC7,0XF8,0XC7,0XF8,0XC7,0XF8,0XC7,0XF8,0XC7,
0XF8,0XC7,0XF8,0XC7,0XF8,0XC7,0XF8,0XC7,0XF8,0XC7,0XF7,0XC7,0XF8,0XBF,0XB8,0XC7,
0X95,0XAE,0XD4,0XAD,0XB5,0XAD,0XF6,0XB5,0XD5,0XA5,0X35,0XA6,0X78,0XC7,0XD8,0XC7,
0XF8,0XC7,0XF8,0XC7,0XF8,0XC7,0XB8,0XC7,0XF7,0XBE,0X56,0XB6,0X36,0XB6,0X36,0XAE,
0X17,0XBF,0XB9,0XC7,0XD8,0XCF,0XF7,0XC7,0XF8,0XC7,0XF8,0XC7,0XF8,0XC7,0XF8,0XC7,
0XF8,0XC7,0XF8,0XC7,0XF8,0XC7,0XF8,0XC7,0XF8,0XC7,0XF8,0XC7,0XF8,0XC7,0XF8,0XC7,
0XF8,0XC7,0XF8,0XC7,0XF8,0XC7,0XF8,0XC7,0XF8,0XC7,0XF8,0XC7,0XF8,0XC7,0XF8,0XC7,
0XF8,0XC7,0XF8,0XC7,0XF8,0XC7,0XD8,0XC7,0XB8,0XC7,0XF7,0XBE,0X56,0XAE,0X36,0XB6,
0X56,0XB6,0X38,0XBF,0XF9,0XC7,0XF8,0XC7,0XF7,0XBF,0XF8,0XC7,0XF8,0XC7,0XF8,0XC7,
0XF8,0XC7,0XF8,0XC7,0XF8,0XC7,0XF8,0XC7,0XF8,0XC7,0XF8,0XC7,0XF8,0XC7,0XF8,0XC7,
0XF8,0XC7,0XF8,0XC7,0XF8,0XC7,0XF8,0XC7,0XF8,0XC7,0XF8,0XC7,0XF8,0XC7,0XF8,0XC7,
0XF8,0XC7,0XF8,0XC7,0XF8,0XC7,0XF8,0XC7,0XF7,0XC7,0XF7,0XC7,0XF7,0XBF,0XF8,0XC7,
0XB9,0XCF,0XB6,0XBE,0X36,0XB6,0X36,0XB6,0X96,0XAE,0X58,0XBF,0XF9,0XCF,0XD7,0XC7,
0XF8,0XBF,0XF7,0XBF,0XF8,0XBF,0XD8,0XC7,0XB9,0XD7,0X7A,0XD7,0X39,0XCF,0X9A,0XD7,
0XBA,0XCF,0XD8,0XC7,0XD7,0XC7,0XF7,0XC7,0XF8,0XC7,0XF8,0XC7,0XF8,0XC7,0XF8,0XC7,
0XF8,0XC7,0XF8,0XC7,0XF8,0XC7,0XF8,0XC7,0XF8,0XC7,0XF8,0XC7,0XF8,0XC7,0XF8,0XC7,
0XF8,0XC7,0XF8,0XC7,0XF8,0XC7,0XF8,0XC7,0XF8,0XC7,0XF8,0XC7,0XF8,0XC7,0XF8,0XC7,
0XF8,0XC7,0XF8,0XC7,0XF7,0XC7,0XD7,0XC7,0XD8,0XC7,0XBA,0XCF,0X7A,0XCF,0X59,0XD7,
0X7A,0XD7,0XB9,0XCF,0XD8,0XBF,0XF8,0XBF,0XF8,0XC7,0XF7,0XBF,0XF8,0XC7,0XF8,0XC7,
0XF8,0XC7,0XF8,0XC7,0XF8,0XC7,0XF8,0XC7,0XF8,0XC7,0XF8,0XC7,0XF8,0XC7,0XF8,0XC7,
0XF8,0XC7,0XF8,0XC7,0XF8,0XC7,0XF8,0XC7,0XF8,0XC7,0XF8,0XC7,0XF8,0XC7,0XF8,0XC7,
0XF8,0XC7,0XF8,0XC7,0XF8,0XC7,0XF8,0XC7,0XF7,0XC7,0XF7,0XC7,0XF7,0XC7,0XD8,0XBF,
0XB8,0XCF,0X99,0XD7,0X39,0XCF,0X5A,0XCF,0XBA,0XCF,0XD9,0XCF,0XD8,0XC7,0XF7,0XC7,
};

const img_t icon31 =
{
    .width = 80,
    .height = 71,
    .data = gImage_icon31,
};
#elif(ENABLE_LVGL_USE == 1)



const LV_ATTRIBUTE_MEM_ALIGN LV_ATTRIBUTE_LARGE_CONST  uint8_t icon31_map[] = {
#if LV_COLOR_DEPTH == 1 || LV_COLOR_DEPTH == 8
  /*Pixel format: Red: 3 bit, Green: 3 bit, Blue: 2 bit*/
  0xdf, 0xdf, 0xdf, 0xff, 0xff, 0xdb, 0xdb, 0xdb, 0xdb, 0xff, 0xdf, 0xdf, 0xdf, 0xdf, 0xdf, 0xdf, 0xdf, 0xdf, 0xdf, 0xdf, 0xdf, 0xdf, 0xdf, 0xdf, 0xdf, 0xdf, 0xdf, 0xdf, 0xdf, 0xdf, 0xdf, 0xdf, 0xdf, 0xdf, 0xdf, 0xdf, 0xdf, 0xdf, 0xff, 0xdf, 0xdb, 0xdb, 0xdb, 0xdf, 0xff, 0xff, 0xdf, 0xdf, 0xdf, 0xdf, 0xdf, 0xdf, 0xdf, 0xdf, 0xdf, 0xdf, 0xdf, 0xdf, 0xdf, 0xdf, 0xdf, 0xdf, 0xdf, 0xdf, 0xdf, 0xdf, 0xdf, 0xdf, 0xdf, 0xdf, 0xdf, 0xdf, 0xdf, 0xdf, 0xdf, 0xdf, 0xdf, 0xdf, 0xdb, 0xdb, 0xdb, 0xdf, 0xdf, 0xdf, 
  0xdf, 0xdf, 0xdf, 0xdf, 0xdb, 0xdb, 0xdb, 0xdb, 0xbb, 0xdf, 0xdf, 0xdf, 0xdf, 0xdf, 0xdf, 0xdf, 0xdf, 0xdf, 0xdf, 0xdf, 0xdf, 0xdf, 0xdf, 0xdf, 0xdf, 0xdf, 0xdf, 0xdf, 0xdf, 0xdf, 0xdf, 0xdf, 0xdf, 0xdf, 0xdf, 0xdf, 0xdf, 0xdf, 0xdf, 0xdb, 0xbb, 0xdb, 0xdb, 0xbb, 0xdf, 0xff, 0xdf, 0xdf, 0xdf, 0xdf, 0xdf, 0xdf, 0xdf, 0xdf, 0xdf, 0xdf, 0xdf, 0xdf, 0xdf, 0xdf, 0xdf, 0xdf, 0xdf, 0xdf, 0xdf, 0xdf, 0xdf, 0xdf, 0xdf, 0xdf, 0xdf, 0xdf, 0xdf, 0xdf, 0xdf, 0xdf, 0xdf, 0xbb, 0xbb, 0xdb, 0xb7, 0xbb, 0xdf, 0xff, 
  0xdf, 0xdf, 0xdf, 0xdf, 0xbb, 0xdb, 0xdb, 0xdb, 0xbb, 0xbb, 0xdf, 0xdf, 0xdf, 0xdf, 0xdf, 0xdf, 0xdf, 0xdf, 0xdf, 0xdf, 0xdf, 0xdf, 0xdf, 0xdf, 0xdf, 0xdf, 0xdf, 0xdf, 0xdf, 0xdf, 0xdf, 0xdf, 0xdf, 0xdf, 0xdf, 0xdf, 0xdf, 0xdf, 0xbb, 0xbb, 0xdb, 0xdb, 0xdb, 0xdb, 0xbb, 0xdf, 0xdf, 0xdf, 0xdf, 0xdf, 0xdf, 0xdf, 0xdf, 0xdf, 0xdf, 0xdf, 0xdf, 0xdf, 0xdf, 0xdf, 0xdf, 0xdf, 0xdf, 0xdf, 0xdf, 0xdf, 0xdf, 0xdf, 0xdf, 0xdf, 0xdf, 0xdf, 0xdf, 0xdf, 0xdf, 0xdf, 0xbb, 0xbb, 0xdb, 0xdb, 0xdb, 0xbb, 0xdf, 0xdf, 
  0xdf, 0xdf, 0xdf, 0xbb, 0xbb, 0xbb, 0xbb, 0xbb, 0xdb, 0xba, 0xdf, 0xdf, 0xdf, 0xdf, 0xdf, 0xdf, 0xdf, 0xdf, 0xdf, 0xdf, 0xdf, 0xdf, 0xdf, 0xdf, 0xdf, 0xdf, 0xdf, 0xdf, 0xdf, 0xdf, 0xdf, 0xdf, 0xdf, 0xdf, 0xdf, 0xdf, 0xdf, 0xdf, 0xbb, 0xbb, 0xbb, 0xdb, 0xdb, 0xbb, 0xbb, 0xdf, 0xdf, 0xdf, 0xdf, 0xdf, 0xdf, 0xdf, 0xdf, 0xdf, 0xdf, 0xdf, 0xdf, 0xdf, 0xdf, 0xdf, 0xdf, 0xdf, 0xdf, 0xdf, 0xdf, 0xdf, 0xdf, 0xdf, 0xdf, 0xdf, 0xdf, 0xdf, 0xdf, 0xdf, 0xdf, 0xdf, 0xbb, 0xbb, 0xdb, 0xbb, 0xdb, 0xbb, 0xbb, 0xff, 
  0xdf, 0xdf, 0xdf, 0xbb, 0xbb, 0xbb, 0xbb, 0xdb, 0xbb, 0xba, 0xdf, 0xdf, 0xdf, 0xdf, 0xdf, 0xdf, 0xdf, 0xdf, 0xdf, 0xdf, 0xdf, 0xdf, 0xdf, 0xdf, 0xdf, 0xdf, 0xdf, 0xdf, 0xdf, 0xdf, 0xdf, 0xdf, 0xdf, 0xdf, 0xdf, 0xdf, 0xdf, 0xdf, 0xbb, 0xbb, 0xbb, 0xdb, 0xbb, 0xbb, 0xbb, 0xdf, 0xdf, 0xdf, 0xdf, 0xdf, 0xdf, 0xdf, 0xdf, 0xdf, 0xdf, 0xdf, 0xdf, 0xdf, 0xdf, 0xdf, 0xdf, 0xdf, 0xdf, 0xdf, 0xdf, 0xdf, 0xdf, 0xdf, 0xdf, 0xdf, 0xdf, 0xdf, 0xdf, 0xdf, 0xdf, 0xdf, 0xbb, 0xbb, 0xdb, 0xdb, 0xbb, 0xbb, 0xbb, 0xff, 
  0xdf, 0xdf, 0xdf, 0xdf, 0xbb, 0xbb, 0xbb, 0xbb, 0xba, 0xbb, 0xdf, 0xdf, 0xdf, 0xdf, 0xdf, 0xdf, 0xdf, 0xdf, 0xdf, 0xdf, 0xdf, 0xdf, 0xdf, 0xdf, 0xdf, 0xdf, 0xdf, 0xdf, 0xdf, 0xdf, 0xdf, 0xdf, 0xdf, 0xdf, 0xdf, 0xdf, 0xdf, 0xdf, 0xdf, 0xba, 0xbb, 0xbb, 0xbb, 0xbb, 0xbb, 0xdf, 0xdf, 0xdf, 0xdf, 0xdf, 0xdf, 0xdf, 0xdf, 0xdf, 0xdf, 0xdf, 0xdf, 0xdf, 0xdf, 0xdf, 0xdf, 0xdf, 0xdf, 0xdf, 0xdf, 0xdf, 0xdf, 0xdf, 0xdf, 0xdf, 0xdf, 0xdf, 0xdf, 0xdf, 0xdf, 0xdf, 0xdb, 0xbb, 0xbb, 0xdb, 0xbb, 0xbb, 0xdf, 0xdf, 
  0xdf, 0xdf, 0xdf, 0xdf, 0xbb, 0xbb, 0xbb, 0xbb, 0xbb, 0xdf, 0xdf, 0xdf, 0xdf, 0xdf, 0xdf, 0xdf, 0xdf, 0xdf, 0xdf, 0xdf, 0xdf, 0xdf, 0xdf, 0xdf, 0xdf, 0xdf, 0xdf, 0xdf, 0xdf, 0xdf, 0xdf, 0xdf, 0xdf, 0xdf, 0xdf, 0xdf, 0xdf, 0xdf, 0xdf, 0xdf, 0xbb, 0xbb, 0xbb, 0xbb, 0xdf, 0xdf, 0xdf, 0xdf, 0xdf, 0xdf, 0xdf, 0xdf, 0xdf, 0xdf, 0xdf, 0xdf, 0xdf, 0xdf, 0xdf, 0xdf, 0xdf, 0xdf, 0xdf, 0xdf, 0xdf, 0xdf, 0xdf, 0xdf, 0xdf, 0xdf, 0xdf, 0xdf, 0xdf, 0xdf, 0xdf, 0xdf, 0xdf, 0xbb, 0xbb, 0xbb, 0xba, 0xdf, 0xff, 0xff, 
  0xdf, 0xdf, 0xdf, 0xdf, 0xdf, 0xdf, 0xdf, 0xdf, 0xdf, 0xdf, 0xdf, 0xdf, 0xdf, 0xdf, 0xdf, 0xdf, 0xdf, 0xdf, 0xdf, 0xdf, 0xdf, 0xdf, 0xdf, 0xdf, 0xdf, 0xdf, 0xdf, 0xdf, 0xdf, 0xdf, 0xdf, 0xdf, 0xdf, 0xdf, 0xdf, 0xdf, 0xdf, 0xdf, 0xdf, 0xdf, 0xdf, 0xdf, 0xdf, 0xdf, 0xdf, 0xdf, 0xdf, 0xdf, 0xdf, 0xdf, 0xdf, 0xdf, 0xdf, 0xdf, 0xdf, 0xdf, 0xdf, 0xdf, 0xdf, 0xdf, 0xdf, 0xdf, 0xdf, 0xdf, 0xdf, 0xdf, 0xdf, 0xdf, 0xdf, 0xdf, 0xdf, 0xdf, 0xdf, 0xdf, 0xdf, 0xdf, 0xdf, 0xdf, 0xdf, 0xdf, 0xdf, 0xff, 0xdf, 0xdf, 
  0xdf, 0xdf, 0xdf, 0xdf, 0xdf, 0xdf, 0xdf, 0xdf, 0xdf, 0xdf, 0xdf, 0xdf, 0xdf, 0xdf, 0xdf, 0xdf, 0xdf, 0xdf, 0xdf, 0xdf, 0xdf, 0xdf, 0xdf, 0xdf, 0xdf, 0xdf, 0xdf, 0xdf, 0xdf, 0xdf, 0xdf, 0xdf, 0xdf, 0xdf, 0xdf, 0xdf, 0xdf, 0xdf, 0xdf, 0xdf, 0xdf, 0xdf, 0xdf, 0xdf, 0xdf, 0xdf, 0xdf, 0xdf, 0xdf, 0xdf, 0xdf, 0xdf, 0xdf, 0xdf, 0xdf, 0xdf, 0xdf, 0xdf, 0xdf, 0xdf, 0xdf, 0xdf, 0xdf, 0xdf, 0xdf, 0xdf, 0xdf, 0xdf, 0xdf, 0xdf, 0xdf, 0xdf, 0xdf, 0xdf, 0xdf, 0xdf, 0xdf, 0xdf, 0xff, 0xff, 0xdf, 0xdf, 0xdf, 0xdf, 
  0xdf, 0xdf, 0xdf, 0xdf, 0xdf, 0xdf, 0xdf, 0xdf, 0xdf, 0xdf, 0xdf, 0xdf, 0xdf, 0xdf, 0xdf, 0xdf, 0xdf, 0xdf, 0xdf, 0xdf, 0xdf, 0xdf, 0xdf, 0xdf, 0xdf, 0xdf, 0xdf, 0xdf, 0xdf, 0xdf, 0xdf, 0xdf, 0xdf, 0xdf, 0xdf, 0xdf, 0xdf, 0xdf, 0xdf, 0xdf, 0xdf, 0xdf, 0xdf, 0xdf, 0xdf, 0xdf, 0xdf, 0xdf, 0xdf, 0xdf, 0xdf, 0xdf, 0xdf, 0xdf, 0xdf, 0xdf, 0xdf, 0xdf, 0xdf, 0xdf, 0xdf, 0xdf, 0xdf, 0xdf, 0xdf, 0xdf, 0xdf, 0xdf, 0xdf, 0xdf, 0xdf, 0xdf, 0xdf, 0xdf, 0xdf, 0xdf, 0xdf, 0xdf, 0xdf, 0xdf, 0xdf, 0xdf, 0xdf, 0xdf, 
  0xdf, 0xdf, 0xdf, 0xdf, 0xdf, 0xdf, 0xdf, 0xdf, 0xdf, 0xdf, 0xdf, 0xdf, 0xdf, 0xdf, 0xdf, 0xdf, 0xdf, 0xdf, 0xdf, 0xdf, 0xdf, 0xdf, 0xdf, 0xdf, 0xdf, 0xdf, 0xdf, 0xdf, 0xdf, 0xdf, 0xdf, 0xdf, 0xdf, 0xdf, 0xdf, 0xdf, 0xdf, 0xdf, 0xdf, 0xdf, 0xdf, 0xdf, 0xdf, 0xdf, 0xdf, 0xdf, 0xdf, 0xdf, 0xdf, 0xdf, 0xdf, 0xdf, 0xdf, 0xdf, 0xdf, 0xdf, 0xdf, 0xdf, 0xdf, 0xdf, 0xdf, 0xdf, 0xdf, 0xdf, 0xdf, 0xdf, 0xdf, 0xdf, 0xdf, 0xdf, 0xdf, 0xdf, 0xdf, 0xdf, 0xdf, 0xdf, 0xdf, 0xdf, 0xdf, 0xdf, 0xdf, 0xdf, 0xdf, 0xdf, 
  0xdf, 0xdf, 0xdf, 0xdf, 0xdf, 0xdf, 0xdf, 0xdf, 0xdf, 0xdf, 0xdf, 0xdf, 0xdf, 0xdf, 0xdf, 0xdf, 0xdf, 0xdf, 0xdf, 0xdf, 0xdf, 0xdf, 0xdf, 0xdf, 0xdf, 0xdf, 0xdf, 0xdf, 0xdf, 0xdf, 0xdf, 0xdf, 0xdf, 0xdf, 0xdf, 0xdf, 0xdf, 0xdf, 0xdf, 0xdf, 0xdf, 0xdf, 0xdf, 0xdf, 0xdf, 0xdf, 0xdf, 0xdf, 0xdf, 0xdf, 0xdf, 0xdf, 0xdf, 0xdf, 0xdf, 0xdf, 0xdf, 0xdf, 0xdf, 0xdf, 0xdf, 0xdf, 0xdf, 0xdf, 0xdf, 0xdf, 0xdf, 0xdf, 0xdf, 0xdf, 0xdf, 0xdf, 0xdf, 0xdf, 0xdf, 0xdf, 0xdf, 0xdf, 0xdf, 0xdf, 0xdf, 0xdf, 0xdf, 0xdf, 
  0xdf, 0xdf, 0xdf, 0xdf, 0xdf, 0xdf, 0xdf, 0xdf, 0xdf, 0xdf, 0xdf, 0xdf, 0xdf, 0xdf, 0xdf, 0xdf, 0xdf, 0xdf, 0xdf, 0xdf, 0xdf, 0xdf, 0xdf, 0xdf, 0xdf, 0xdf, 0xdf, 0xdf, 0xdf, 0xdf, 0xdf, 0xdf, 0xdf, 0xdf, 0xdf, 0xdf, 0xdf, 0xdf, 0xdf, 0xdf, 0xdf, 0xdf, 0xdf, 0xdf, 0xdf, 0xdf, 0xdf, 0xdf, 0xdf, 0xdf, 0xdf, 0xdf, 0xdf, 0xdf, 0xdf, 0xdf, 0xdf, 0xdf, 0xdf, 0xdf, 0xdf, 0xdf, 0xdf, 0xdf, 0xdf, 0xdf, 0xdf, 0xdf, 0xdf, 0xdf, 0xdf, 0xdf, 0xdf, 0xdf, 0xdf, 0xdf, 0xdf, 0xdf, 0xdf, 0xdf, 0xdf, 0xdf, 0xdf, 0xdf, 
  0xdf, 0xdf, 0xdf, 0xdf, 0xdf, 0xdf, 0xdf, 0xdf, 0xdf, 0xdf, 0xdf, 0xdf, 0xdf, 0xdf, 0xdf, 0xdf, 0xdf, 0xdf, 0xdf, 0xdf, 0xdf, 0xdf, 0xdf, 0xdf, 0xdf, 0xdf, 0xdf, 0xdf, 0xdf, 0xdf, 0xdf, 0xdf, 0xdf, 0xdf, 0xdf, 0xdf, 0xdf, 0xdf, 0xdf, 0xdf, 0xdf, 0xdf, 0xdf, 0xdf, 0xdf, 0xdf, 0xdf, 0xdf, 0xdf, 0xdf, 0xdf, 0xdf, 0xdf, 0xdf, 0xdf, 0xdf, 0xdf, 0xdf, 0xdf, 0xdf, 0xdf, 0xdf, 0xdf, 0xdf, 0xdf, 0xdf, 0xdf, 0xdf, 0xdf, 0xdf, 0xdf, 0xdf, 0xdf, 0xdf, 0xdf, 0xdf, 0xdf, 0xdf, 0xdf, 0xdf, 0xdf, 0xdf, 0xdf, 0xdf, 
  0xdf, 0xdf, 0xdf, 0xdf, 0xdf, 0xdf, 0xdf, 0xdf, 0xdf, 0xdf, 0xdf, 0xdf, 0xdf, 0xdf, 0xdf, 0xdf, 0xdf, 0xdf, 0xdf, 0xdf, 0xdf, 0xdf, 0xdf, 0xdf, 0xdf, 0xdf, 0xdf, 0xdf, 0xdf, 0xdf, 0xdf, 0xdf, 0xdf, 0xdf, 0xdf, 0xdf, 0xdf, 0xdf, 0xdf, 0xdf, 0xdf, 0xdf, 0xdf, 0xdf, 0xdf, 0xdf, 0xdf, 0xdf, 0xdf, 0xdf, 0xdf, 0xdf, 0xdf, 0xdf, 0xdf, 0xdf, 0xdf, 0xdf, 0xdf, 0xdf, 0xdf, 0xdf, 0xdf, 0xdf, 0xdf, 0xdf, 0xdf, 0xdf, 0xdf, 0xdf, 0xdf, 0xdf, 0xdf, 0xdf, 0xdf, 0xdf, 0xdf, 0xdf, 0xdf, 0xdf, 0xdf, 0xdf, 0xdf, 0xdf, 
  0xdf, 0xdf, 0xdf, 0xdf, 0xdf, 0xdf, 0xdf, 0xdf, 0xdf, 0xdf, 0xdf, 0xdf, 0xdf, 0xdf, 0xdf, 0xdf, 0xdf, 0xdf, 0xdf, 0xdf, 0xdf, 0xdf, 0xdf, 0xdf, 0xdf, 0xdf, 0xdf, 0xdf, 0xdf, 0xdf, 0xdf, 0xdf, 0xdf, 0xdf, 0xdf, 0xdf, 0xdf, 0xdf, 0xdf, 0xdf, 0xdf, 0xdf, 0xdf, 0xdf, 0xdf, 0xdf, 0xdf, 0xdf, 0xdf, 0xdf, 0xdf, 0xdf, 0xdf, 0xdf, 0xdf, 0xdf, 0xdf, 0xdf, 0xdf, 0xdf, 0xdf, 0xdf, 0xdf, 0xdf, 0xdf, 0xdf, 0xdf, 0xdf, 0xdf, 0xdf, 0xdf, 0xdf, 0xdf, 0xdf, 0xdf, 0xdf, 0xdf, 0xdf, 0xdf, 0xdf, 0xdf, 0xdf, 0xdf, 0xdf, 
  0xdf, 0xdf, 0xdf, 0xdf, 0xdf, 0xdf, 0xdf, 0xdf, 0xdf, 0xdf, 0xdf, 0xdf, 0xdf, 0xdf, 0xdf, 0xdf, 0xdf, 0xdf, 0xdf, 0xdf, 0xdf, 0xdf, 0xdf, 0xdf, 0xdf, 0xdf, 0xdf, 0xdf, 0xdf, 0xdf, 0xdf, 0xdf, 0xdf, 0xdf, 0xdf, 0xdf, 0xdf, 0xdf, 0xdf, 0xdf, 0xdf, 0xdf, 0xdf, 0xdf, 0xdf, 0xdf, 0xdf, 0xdf, 0xdf, 0xdf, 0xdf, 0xdf, 0xdf, 0xdf, 0xdf, 0xdf, 0xdf, 0xdf, 0xdf, 0xdf, 0xdf, 0xdf, 0xdf, 0xdf, 0xdf, 0xdf, 0xdf, 0xdf, 0xdf, 0xdf, 0xdf, 0xdf, 0xdf, 0xdf, 0xdf, 0xdf, 0xdf, 0xdf, 0xdf, 0xdf, 0xdf, 0xdf, 0xdf, 0xdf, 
  0xdf, 0xdf, 0xdf, 0xdf, 0xdf, 0xdf, 0xdf, 0xdf, 0xdf, 0xdf, 0xdf, 0xdf, 0xdf, 0xdf, 0xdf, 0xdf, 0xdf, 0xdf, 0xdf, 0xdf, 0xdf, 0xdf, 0xdf, 0xdf, 0xdf, 0xdf, 0xdf, 0xdf, 0xdf, 0xdf, 0xdf, 0xdf, 0xdf, 0xdf, 0xdf, 0xdf, 0xdf, 0xdf, 0xdf, 0xdf, 0xdf, 0xdf, 0xdf, 0xdf, 0xdf, 0xdf, 0xdf, 0xdf, 0xdf, 0xdf, 0xdf, 0xdf, 0xdf, 0xdf, 0xdf, 0xdf, 0xdf, 0xdf, 0xdf, 0xdf, 0xdf, 0xdf, 0xdf, 0xdf, 0xdf, 0xdf, 0xdf, 0xdf, 0xdf, 0xdf, 0xdf, 0xdf, 0xdf, 0xdf, 0xdf, 0xdf, 0xdf, 0xdf, 0xdf, 0xdf, 0xdf, 0xdf, 0xdf, 0xdf, 
  0xdf, 0xdf, 0xdf, 0xdf, 0xdf, 0xdf, 0xdf, 0xdf, 0xdf, 0xdf, 0xdf, 0xdf, 0xdf, 0xdf, 0xdf, 0xdf, 0xdf, 0xdf, 0xdf, 0xdf, 0xdf, 0xdf, 0xdf, 0xdf, 0xdf, 0xdf, 0xdf, 0xdf, 0xdf, 0xdf, 0xdf, 0xdf, 0xdf, 0xdf, 0xdf, 0xdf, 0xdf, 0xdf, 0xdf, 0xdf, 0xdf, 0xdf, 0xdf, 0xdf, 0xdf, 0xdf, 0xdf, 0xdf, 0xdf, 0xdf, 0xdf, 0xdf, 0xdf, 0xdf, 0xdf, 0xdf, 0xdf, 0xdf, 0xdf, 0xdf, 0xdf, 0xdf, 0xdf, 0xdf, 0xdf, 0xdf, 0xdf, 0xdf, 0xdf, 0xdf, 0xdf, 0xdf, 0xdf, 0xdf, 0xdf, 0xdf, 0xdf, 0xdf, 0xdf, 0xdf, 0xdf, 0xdf, 0xdf, 0xdf, 
  0xdf, 0xdf, 0xdf, 0xdf, 0xdf, 0xdf, 0xdf, 0xdf, 0xdf, 0xdf, 0xdf, 0xdf, 0xdf, 0xdf, 0xdb, 0xbb, 0xbb, 0xbb, 0xbb, 0xbb, 0xbb, 0xbb, 0xbb, 0xbb, 0xbb, 0xdf, 0xdf, 0xdf, 0xdf, 0xdf, 0xdf, 0xdf, 0xdf, 0xdf, 0xdf, 0xdf, 0xdf, 0xdf, 0xdf, 0xdf, 0xdf, 0xdf, 0xdf, 0xdf, 0xdf, 0xdf, 0xdf, 0xdf, 0xdf, 0xdf, 0xdf, 0xdf, 0xdf, 0xdf, 0xdf, 0xdf, 0xdf, 0xdf, 0xdb, 0xbb, 0xbb, 0xbb, 0xbb, 0xbb, 0xbb, 0xbb, 0xbb, 0xbb, 0xbb, 0xdf, 0xdf, 0xdf, 0xdf, 0xdf, 0xdf, 0xdf, 0xdf, 0xdf, 0xdf, 0xdf, 0xdf, 0xdf, 0xdf, 0xdf, 
  0xdf, 0xdf, 0xdf, 0xdf, 0xdf, 0xdf, 0xdf, 0xdf, 0xdf, 0xdf, 0xdf, 0xdb, 0xbb, 0xbb, 0xbb, 0xbb, 0xbb, 0xbb, 0xdb, 0xdb, 0xdb, 0xdb, 0xdb, 0xdb, 0xdb, 0xbb, 0xbb, 0xbb, 0xdf, 0xdf, 0xdf, 0xdf, 0xdf, 0xdf, 0xdf, 0xdf, 0xdf, 0xdf, 0xdf, 0xdf, 0xdf, 0xdf, 0xdf, 0xdf, 0xdf, 0xdf, 0xdf, 0xdf, 0xdf, 0xdf, 0xdf, 0xdf, 0xdf, 0xdf, 0xdf, 0xdb, 0xbb, 0xbb, 0xbb, 0xbb, 0xdb, 0xdb, 0xdb, 0xdb, 0xdb, 0xdb, 0xdb, 0xbb, 0xbb, 0xbb, 0xbb, 0xbb, 0xdf, 0xdf, 0xdf, 0xdf, 0xdf, 0xdf, 0xdf, 0xdf, 0xdf, 0xdf, 0xdf, 0xdf, 
  0xdf, 0xdf, 0xdf, 0xdf, 0xdf, 0xdf, 0xdf, 0xdf, 0xdf, 0xbb, 0xbb, 0xbb, 0xbb, 0xdb, 0xdb, 0xdb, 0xdb, 0xdb, 0xdb, 0xdb, 0xdb, 0xdb, 0xdb, 0xdb, 0xdb, 0xdb, 0xdb, 0xbb, 0xbb, 0xbb, 0xdf, 0xff, 0xdf, 0xdf, 0xdf, 0xdf, 0xdf, 0xdf, 0xdf, 0xdf, 0xdf, 0xdf, 0xdf, 0xdf, 0xdf, 0xdf, 0xdf, 0xdf, 0xdf, 0xdf, 0xdf, 0xdf, 0xdf, 0xdb, 0xbb, 0xbb, 0xdb, 0xdb, 0xdb, 0xdb, 0xdb, 0xdb, 0xdb, 0xd7, 0xdb, 0xdb, 0xdb, 0xdb, 0xdb, 0xdb, 0xdb, 0xbb, 0xbb, 0xbb, 0xdf, 0xdf, 0xdf, 0xdf, 0xdf, 0xdf, 0xdf, 0xdf, 0xdf, 0xdf, 
  0xdf, 0xdf, 0xdf, 0xdf, 0xdf, 0xdf, 0xdf, 0xdf, 0xbb, 0xbb, 0xdb, 0xdb, 0xdb, 0xdb, 0xdb, 0xbb, 0xdb, 0xdb, 0xdb, 0xdb, 0xdb, 0xdb, 0xdb, 0xdb, 0xdb, 0xdb, 0xdb, 0xbb, 0xbb, 0xbb, 0xbb, 0xbb, 0xdf, 0xdf, 0xdf, 0xdf, 0xdf, 0xdf, 0xdf, 0xdf, 0xdf, 0xdf, 0xdf, 0xdf, 0xdf, 0xdf, 0xdf, 0xdf, 0xdf, 0xdf, 0xdf, 0xdf, 0xbb, 0xbb, 0xbb, 0xdb, 0xdb, 0xdb, 0xdb, 0xdb, 0xdb, 0xdb, 0xdb, 0xdb, 0xdb, 0xdb, 0xdb, 0xdb, 0xdb, 0xdb, 0xdb, 0xdb, 0xdb, 0xbb, 0xbb, 0xbb, 0xdf, 0xdf, 0xdf, 0xdf, 0xdf, 0xdf, 0xdf, 0xdf, 
  0xdf, 0xdf, 0xdf, 0xdf, 0xdf, 0xdf, 0xbb, 0xbb, 0xbb, 0xdb, 0xdb, 0xdb, 0xdb, 0xdb, 0xdb, 0xdb, 0xdb, 0xdb, 0xdb, 0xdb, 0xdb, 0xdb, 0xdb, 0xdb, 0xdb, 0xdb, 0xdb, 0xdb, 0xdb, 0xdb, 0xdb, 0xbb, 0xbb, 0xdf, 0xdf, 0xdf, 0xdf, 0xdf, 0xdf, 0xdf, 0xdf, 0xdf, 0xdf, 0xdf, 0xdf, 0xdf, 0xdf, 0xdf, 0xff, 0xdf, 0xbb, 0xbb, 0xbb, 0xdb, 0xdb, 0xdb, 0xdb, 0xdb, 0xdb, 0xdb, 0xdb, 0xdb, 0xbb, 0xbb, 0xdb, 0xdb, 0xdb, 0xdb, 0xdb, 0xdb, 0xdb, 0xdb, 0xdb, 0xdb, 0xbb, 0xbb, 0xbb, 0xdf, 0xdf, 0xdf, 0xdf, 0xdf, 0xdf, 0xdf, 
  0xdf, 0xdf, 0xdf, 0xdf, 0xdf, 0xbb, 0xbb, 0xdb, 0xdb, 0xdb, 0xdb, 0xdb, 0xdb, 0xbb, 0xbb, 0xbb, 0xbb, 0xbb, 0xbb, 0xbb, 0xbb, 0xbb, 0xbb, 0xbb, 0xbb, 0xbb, 0xbb, 0xdb, 0xdb, 0xdb, 0xdb, 0xdb, 0xdb, 0xbb, 0xdf, 0xdf, 0xdf, 0xdf, 0xdf, 0xdf, 0xdf, 0xdf, 0xdf, 0xdf, 0xdf, 0xdf, 0xdf, 0xdf, 0xdf, 0xbb, 0xbb, 0xbb, 0xbb, 0xdb, 0xdb, 0xdb, 0xdb, 0xdb, 0xbb, 0xbb, 0xbb, 0xbb, 0xbb, 0xbb, 0xbb, 0xbb, 0xbb, 0xbb, 0xdb, 0xdb, 0xdb, 0xdb, 0xdb, 0xdb, 0xbb, 0xbb, 0xbb, 0xbb, 0xdf, 0xff, 0xdf, 0xdf, 0xdf, 0xdf, 
  0xdf, 0xdf, 0xdf, 0xdf, 0xbb, 0xdb, 0xbb, 0xdb, 0xd7, 0xd7, 0xdb, 0xdb, 0xbb, 0xbb, 0xbb, 0xdf, 0xdf, 0xdf, 0xdf, 0xdf, 0xdf, 0xdf, 0xdf, 0xdf, 0xbb, 0xbb, 0xbb, 0xdb, 0xdb, 0xdb, 0xdb, 0xdb, 0xdb, 0xdb, 0xbb, 0xdf, 0xdf, 0xdf, 0xdf, 0xdf, 0xdf, 0xdf, 0xdf, 0xdf, 0xdf, 0xdf, 0xdf, 0xdf, 0xdb, 0xbb, 0xdb, 0xdb, 0xbb, 0xdb, 0xdb, 0xbb, 0xbb, 0xbb, 0xbb, 0xdb, 0xdf, 0xdf, 0xdf, 0xdf, 0xdf, 0xdf, 0xdf, 0xdb, 0xbb, 0xbb, 0xbb, 0xdb, 0xdb, 0xdb, 0xdb, 0xbb, 0xbb, 0xdb, 0xbb, 0xdf, 0xdf, 0xdf, 0xdf, 0xdf, 
  0xdf, 0xdf, 0xdf, 0xdf, 0xbb, 0xdb, 0xdb, 0xd7, 0xdb, 0xdb, 0xbb, 0xbb, 0xbb, 0xdf, 0xdf, 0xdf, 0xdf, 0xdf, 0xdf, 0xdf, 0xdf, 0xdf, 0xdf, 0xdf, 0xdf, 0xdf, 0xdf, 0xbb, 0xdb, 0xdb, 0xdb, 0xdb, 0xd7, 0xdb, 0xbb, 0xbb, 0xdf, 0xdf, 0xdf, 0xdf, 0xdf, 0xdf, 0xdf, 0xdf, 0xdf, 0xdf, 0xdf, 0xbb, 0xbb, 0xdb, 0xdb, 0xdb, 0xdb, 0xdb, 0xbb, 0xbb, 0xdb, 0xdf, 0xdf, 0xdf, 0xff, 0xdf, 0xdf, 0xdf, 0xdf, 0xdf, 0xdf, 0xdf, 0xdf, 0xdf, 0xbb, 0xbb, 0xbb, 0xdb, 0xdb, 0xdb, 0xdb, 0xdb, 0xdb, 0xbb, 0xdf, 0xdf, 0xdf, 0xdf, 
  0xdf, 0xdf, 0xdf, 0xbb, 0xbb, 0xdb, 0xdb, 0xd7, 0xdb, 0xbb, 0xbb, 0xdf, 0xdf, 0xdf, 0xdf, 0xdf, 0xdf, 0xdf, 0xdf, 0xdf, 0xdf, 0xdf, 0xdf, 0xdf, 0xdf, 0xdf, 0xdf, 0xdf, 0xdb, 0xbb, 0xdb, 0xdb, 0xdb, 0xdb, 0xdb, 0xbb, 0xbb, 0xdf, 0xdf, 0xdf, 0xdf, 0xdf, 0xdf, 0xdf, 0xdf, 0xdf, 0xbb, 0xbb, 0xdb, 0xdb, 0xdb, 0xbb, 0xdb, 0xbb, 0xbb, 0xdf, 0xdf, 0xdf, 0xdf, 0xdf, 0xdf, 0xdf, 0xdf, 0xdf, 0xdf, 0xdf, 0xdf, 0xdf, 0xdf, 0xdf, 0xdf, 0xdf, 0xbb, 0xdb, 0xbb, 0xdb, 0xdb, 0xdb, 0xdb, 0xbb, 0xdf, 0xdf, 0xdf, 0xdf, 
  0xdf, 0xdf, 0xbb, 0xbb, 0xdb, 0xdb, 0xdb, 0xdb, 0xbb, 0xbb, 0xdf, 0xdf, 0xff, 0xdf, 0xdf, 0xdf, 0xdf, 0xdf, 0xdf, 0xdf, 0xdf, 0xdf, 0xdf, 0xdf, 0xdf, 0xdf, 0xdf, 0xff, 0xff, 0xdf, 0xbb, 0xdb, 0xdb, 0xd7, 0xdb, 0xdb, 0xbb, 0xbb, 0xdf, 0xff, 0xdf, 0xdf, 0xdf, 0xdf, 0xdf, 0xdb, 0xbb, 0xdb, 0xdb, 0xdb, 0xdb, 0xdb, 0xbb, 0xbb, 0xdf, 0xdf, 0xdf, 0xdf, 0xdf, 0xdf, 0xdf, 0xdf, 0xdf, 0xdf, 0xdf, 0xdf, 0xdf, 0xdf, 0xdf, 0xdf, 0xdf, 0xff, 0xdf, 0xbb, 0xbb, 0xbb, 0xdb, 0xdb, 0xdb, 0xdb, 0xbb, 0xdf, 0xdf, 0xdf, 
  0xdf, 0xdf, 0xbb, 0xbb, 0xdb, 0xdb, 0xdb, 0xdb, 0xbb, 0xdf, 0xdf, 0xdf, 0xdf, 0xdf, 0xdf, 0xdf, 0xdf, 0xdf, 0xdf, 0xdf, 0xdf, 0xdf, 0xdf, 0xdf, 0xdf, 0xdf, 0xdf, 0xdf, 0xdf, 0xdf, 0xdf, 0xba, 0xbb, 0xdb, 0xdb, 0xdb, 0xdb, 0xbb, 0xbb, 0xdf, 0xdf, 0xdf, 0xdf, 0xdf, 0xdf, 0xbb, 0xdb, 0xdb, 0xdb, 0xdb, 0xdb, 0xbb, 0xbb, 0xdf, 0xff, 0xdf, 0xdf, 0xdf, 0xdf, 0xdf, 0xdf, 0xdf, 0xdf, 0xdf, 0xdf, 0xdf, 0xdf, 0xdf, 0xdf, 0xdf, 0xdf, 0xdf, 0xdf, 0xdf, 0xbb, 0xbb, 0xdb, 0xdb, 0xdb, 0xdb, 0xbb, 0xdf, 0xdf, 0xdf, 
  0xdf, 0xdf, 0xbb, 0xbb, 0xdb, 0xd7, 0xdb, 0xbb, 0xdb, 0xdf, 0xdf, 0xdf, 0xdf, 0xdf, 0xdf, 0xdf, 0xdf, 0xdf, 0xdf, 0xdf, 0xdf, 0xdf, 0xdf, 0xdf, 0xdf, 0xdf, 0xdf, 0xdf, 0xdf, 0xdf, 0xdf, 0xdf, 0xbb, 0xdb, 0xdb, 0xb7, 0xdb, 0xdb, 0xbb, 0xdb, 0xdf, 0xdf, 0xdf, 0xdf, 0xbb, 0xbb, 0xdb, 0xd7, 0xdb, 0xdb, 0xbb, 0xbb, 0xdf, 0xff, 0xdf, 0xdf, 0xdf, 0xdf, 0xdf, 0xdf, 0xdf, 0xdf, 0xdf, 0xdf, 0xdf, 0xdf, 0xdf, 0xdf, 0xdf, 0xdf, 0xdf, 0xdf, 0xdf, 0xff, 0xdb, 0xbb, 0xdb, 0xdb, 0xdb, 0xbb, 0xbb, 0xbb, 0xdf, 0xff, 
  0xdf, 0xbb, 0xbb, 0xdb, 0xd7, 0xdb, 0xdb, 0xbb, 0xdf, 0xdf, 0xdf, 0xdf, 0xdf, 0xdf, 0xdf, 0xdf, 0xdf, 0xdf, 0xdf, 0xdf, 0xdf, 0xdf, 0xdf, 0xdf, 0xdf, 0xdf, 0xdf, 0xdf, 0xdf, 0xdf, 0xdf, 0xdf, 0xdf, 0xbb, 0xbb, 0xdb, 0xdb, 0xdb, 0xdb, 0xbb, 0xdf, 0xff, 0xdf, 0xbb, 0xbb, 0xdb, 0xdb, 0xdb, 0xdb, 0xbb, 0xdb, 0xdf, 0xff, 0xdf, 0xdf, 0xdf, 0xdf, 0xdf, 0xdf, 0xdf, 0xdf, 0xdf, 0xdf, 0xdf, 0xdf, 0xdf, 0xdf, 0xdf, 0xdf, 0xdf, 0xdf, 0xdf, 0xdf, 0xdf, 0xdf, 0xbb, 0xbb, 0xdb, 0xdb, 0xdb, 0xbb, 0xba, 0xdf, 0xff, 
  0xdf, 0xbb, 0xdb, 0xdb, 0xdb, 0xdb, 0xbb, 0xdf, 0xdf, 0xdf, 0xdf, 0xdf, 0xdf, 0xdf, 0xdf, 0xdf, 0xdf, 0xdf, 0xdf, 0xdf, 0xdf, 0xdf, 0xdf, 0xdf, 0xdf, 0xdf, 0xdf, 0xdf, 0xdf, 0xdf, 0xdf, 0xdf, 0xdf, 0xbb, 0xbb, 0xbb, 0xdb, 0xdb, 0xbb, 0xbb, 0xdb, 0xff, 0xdb, 0xbb, 0xdb, 0xdb, 0xbb, 0xdb, 0xdb, 0xbb, 0xdf, 0xdf, 0xdf, 0xdf, 0xdf, 0xdf, 0xdf, 0xdf, 0xdf, 0xdf, 0xdf, 0xdf, 0xdf, 0xdf, 0xdf, 0xdf, 0xdf, 0xdf, 0xdf, 0xdf, 0xdf, 0xdf, 0xdf, 0xdf, 0xdf, 0xdf, 0xbb, 0xdb, 0xdb, 0xd7, 0xdb, 0xbb, 0xdb, 0xff, 
  0xdf, 0xbb, 0xdb, 0xdb, 0xdb, 0xdb, 0xbb, 0xdf, 0xdf, 0xdf, 0xdf, 0xdf, 0xdf, 0xdf, 0xdf, 0xdf, 0xdf, 0xdf, 0xdf, 0xdf, 0xdf, 0xdf, 0xdf, 0xdf, 0xdf, 0xdf, 0xdf, 0xdf, 0xdf, 0xdf, 0xdf, 0xdf, 0xdf, 0xdf, 0xbb, 0xbb, 0xbb, 0xbb, 0xdb, 0xbb, 0xdb, 0xdb, 0xdb, 0xdb, 0xdb, 0xdb, 0xbb, 0xbb, 0xbb, 0xdf, 0xdf, 0xdf, 0xdf, 0xdf, 0xdf, 0xdf, 0xdf, 0xdf, 0xdf, 0xdf, 0xdf, 0xdf, 0xdf, 0xdf, 0xdf, 0xdf, 0xdf, 0xdf, 0xdf, 0xdf, 0xdf, 0xdf, 0xdf, 0xdf, 0xdf, 0xdf, 0xbb, 0xdb, 0xdb, 0xdb, 0xdb, 0xbb, 0xdb, 0xff, 
  0xdb, 0xbb, 0xdb, 0xdb, 0xdb, 0xdb, 0xbb, 0xdf, 0xdf, 0xdf, 0xdf, 0xdf, 0xdf, 0xdf, 0xdf, 0xdf, 0xdf, 0xdf, 0xdf, 0xdf, 0xdf, 0xdf, 0xdf, 0xdf, 0xdf, 0xdf, 0xdf, 0xdf, 0xdf, 0xdf, 0xdf, 0xdf, 0xdf, 0xff, 0xdf, 0xbb, 0xbb, 0xbb, 0xdb, 0xdb, 0xdb, 0xdb, 0xdb, 0xdb, 0xdb, 0xdb, 0xbb, 0xbb, 0xbb, 0xdf, 0xdf, 0xdf, 0xdf, 0xdf, 0xdf, 0xdf, 0xdf, 0xdf, 0xdf, 0xdf, 0xdf, 0xdf, 0xdf, 0xdf, 0xdf, 0xdf, 0xdf, 0xdf, 0xdf, 0xdf, 0xdf, 0xdf, 0xdf, 0xdf, 0xdf, 0xdf, 0xbb, 0xdb, 0xdb, 0xdb, 0xdb, 0xbb, 0xbb, 0xdf, 
  0xdb, 0xbb, 0xdb, 0xdb, 0xdb, 0xdb, 0xbb, 0xdf, 0xdf, 0xdf, 0xdf, 0xdf, 0xdf, 0xdf, 0xdf, 0xdf, 0xdf, 0xdf, 0xdf, 0xdf, 0xdf, 0xdf, 0xdf, 0xdf, 0xdf, 0xdf, 0xdf, 0xdf, 0xdf, 0xdf, 0xdf, 0xdf, 0xdf, 0xdf, 0xdf, 0xbb, 0xbb, 0xdb, 0xdb, 0xdb, 0xdb, 0xdb, 0xdb, 0xdb, 0xdb, 0xdb, 0xbb, 0xbb, 0xdf, 0xdf, 0xdf, 0xdf, 0xdf, 0xdf, 0xdf, 0xdf, 0xdf, 0xdf, 0xdf, 0xdf, 0xdf, 0xdf, 0xdf, 0xdf, 0xdf, 0xdf, 0xdf, 0xdf, 0xdf, 0xdf, 0xdf, 0xdf, 0xdf, 0xdf, 0xdf, 0xdf, 0xbb, 0xdb, 0xdb, 0xdb, 0xdb, 0xbb, 0xbb, 0xdf, 
  0xdb, 0xdb, 0xdb, 0xdb, 0xdb, 0xbb, 0xbb, 0xdf, 0xdf, 0xdf, 0xdf, 0xdf, 0xdf, 0xdf, 0xdf, 0xdf, 0xdf, 0xdf, 0xdf, 0xdf, 0xdf, 0xdf, 0xdf, 0xdf, 0xdf, 0xdf, 0xdf, 0xdf, 0xdf, 0xdf, 0xdf, 0xdf, 0xdf, 0xdf, 0xff, 0xdf, 0xdb, 0xbb, 0xdb, 0xdb, 0xdb, 0xdb, 0xdb, 0xdb, 0xdb, 0xdb, 0xbb, 0xdb, 0xdf, 0xdf, 0xdf, 0xdf, 0xdf, 0xdf, 0xdf, 0xdf, 0xdf, 0xdf, 0xdf, 0xdf, 0xdf, 0xdf, 0xdf, 0xdf, 0xdf, 0xdf, 0xdf, 0xdf, 0xdf, 0xdf, 0xdf, 0xdf, 0xdf, 0xdf, 0xdf, 0xdf, 0xdb, 0xbb, 0xdb, 0xdb, 0xdb, 0xbb, 0xbb, 0xdf, 
  0xdb, 0xdb, 0xdb, 0xdb, 0xdb, 0xbb, 0xbb, 0xdf, 0xdf, 0xdf, 0xdf, 0xdf, 0xdf, 0xdf, 0xdf, 0xdf, 0xdf, 0xdf, 0xdf, 0xdf, 0xdf, 0xdf, 0xdf, 0xdf, 0xdf, 0xdf, 0xdf, 0xdf, 0xdf, 0xdf, 0xdf, 0xdf, 0xdf, 0xdf, 0xdf, 0xff, 0xdb, 0xbb, 0xdb, 0xdb, 0xdb, 0xdb, 0xdb, 0xdb, 0xdb, 0xdb, 0xbb, 0xdf, 0xdf, 0xdf, 0xdf, 0xdf, 0xdf, 0xdf, 0xdf, 0xdf, 0xdf, 0xdf, 0xdf, 0xdf, 0xdf, 0xdf, 0xdf, 0xdf, 0xdf, 0xdf, 0xdf, 0xdf, 0xdf, 0xdf, 0xdf, 0xdf, 0xdf, 0xdf, 0xdf, 0xdf, 0xdf, 0xbb, 0xdb, 0xdb, 0xdb, 0xdb, 0xbb, 0xdf, 
  0xdb, 0xdb, 0xdb, 0xdb, 0xdb, 0xbb, 0xbb, 0xdf, 0xdf, 0xdf, 0xdf, 0xdf, 0xdf, 0xdf, 0xdf, 0xdf, 0xdf, 0xdf, 0xdf, 0xdf, 0xdf, 0xdf, 0xdf, 0xdf, 0xdf, 0xdf, 0xdf, 0xdf, 0xdf, 0xdf, 0xdf, 0xdf, 0xdf, 0xdf, 0xdf, 0xff, 0xdb, 0xbb, 0xdb, 0xdb, 0xdb, 0xdb, 0xdb, 0xdb, 0xdb, 0xdb, 0xbb, 0xdf, 0xdf, 0xdf, 0xdf, 0xdf, 0xdf, 0xdf, 0xdf, 0xdf, 0xdf, 0xdf, 0xdf, 0xdf, 0xdf, 0xdf, 0xdf, 0xdf, 0xdf, 0xdf, 0xdf, 0xdf, 0xdf, 0xdf, 0xdf, 0xdf, 0xdf, 0xdf, 0xdf, 0xdf, 0xdf, 0xbb, 0xdb, 0xdb, 0xdb, 0xdb, 0xbb, 0xdf, 
  0xdb, 0xdb, 0xdb, 0xdb, 0xdb, 0xbb, 0xbb, 0xdf, 0xdf, 0xdf, 0xdf, 0xdf, 0xdf, 0xdf, 0xdf, 0xdf, 0xdf, 0xdf, 0xdf, 0xdf, 0xdf, 0xdf, 0xdf, 0xdf, 0xdf, 0xdf, 0xdf, 0xdf, 0xdf, 0xdf, 0xdf, 0xdf, 0xdf, 0xdf, 0xdf, 0xdf, 0xdb, 0xdb, 0xb7, 0xdb, 0xdb, 0xdb, 0xdb, 0xdb, 0xdb, 0xdb, 0xb7, 0xdb, 0xdf, 0xdf, 0xdf, 0xdf, 0xdf, 0xdf, 0xdf, 0xdf, 0xdf, 0xdf, 0xdf, 0xdf, 0xdf, 0xdf, 0xdf, 0xdf, 0xdf, 0xdf, 0xdf, 0xdf, 0xdf, 0xdf, 0xdf, 0xdf, 0xdf, 0xdf, 0xdf, 0xdf, 0xdb, 0xbb, 0xdb, 0xdb, 0xdb, 0xdb, 0xbb, 0xdf, 
  0xdb, 0xbb, 0xdb, 0xdb, 0xdb, 0xdb, 0xbb, 0xdf, 0xdf, 0xdf, 0xdf, 0xdf, 0xdf, 0xdf, 0xdf, 0xdf, 0xdf, 0xdf, 0xdf, 0xdf, 0xdf, 0xdf, 0xdf, 0xdf, 0xdf, 0xdf, 0xdf, 0xdf, 0xdf, 0xdf, 0xdf, 0xdf, 0xdf, 0xdf, 0xff, 0xdb, 0xbb, 0xdb, 0xdb, 0xdb, 0xdb, 0xdb, 0xdb, 0xdb, 0xdb, 0xdb, 0xdb, 0xbb, 0xdf, 0xdf, 0xdf, 0xdf, 0xdf, 0xdf, 0xdf, 0xdf, 0xdf, 0xdf, 0xdf, 0xdf, 0xdf, 0xdf, 0xdf, 0xdf, 0xdf, 0xdf, 0xdf, 0xdf, 0xdf, 0xdf, 0xdf, 0xdf, 0xdf, 0xdf, 0xdf, 0xdf, 0xdb, 0xbb, 0xdb, 0xdb, 0xdb, 0xdb, 0xdb, 0xdf, 
  0xdb, 0xbb, 0xdb, 0xdb, 0xdb, 0xdb, 0xbb, 0xdf, 0xff, 0xdf, 0xdf, 0xdf, 0xdf, 0xdf, 0xdf, 0xdf, 0xdf, 0xdf, 0xdf, 0xdf, 0xdf, 0xdf, 0xdf, 0xdf, 0xdf, 0xdf, 0xdf, 0xdf, 0xdf, 0xdf, 0xdf, 0xdf, 0xdf, 0xdf, 0xdf, 0xbb, 0xdb, 0xdb, 0xdb, 0xdb, 0xdb, 0xbb, 0xdb, 0xdb, 0xdb, 0xdb, 0xdb, 0xbb, 0xdb, 0xff, 0xdf, 0xdf, 0xdf, 0xdf, 0xdf, 0xdf, 0xdf, 0xdf, 0xdf, 0xdf, 0xdf, 0xdf, 0xdf, 0xdf, 0xdf, 0xdf, 0xdf, 0xdf, 0xdf, 0xdf, 0xdf, 0xdf, 0xdf, 0xdf, 0xdf, 0xdf, 0xbb, 0xdb, 0xdb, 0xdb, 0xdb, 0xdb, 0xbb, 0xdf, 
  0xdb, 0xbb, 0xdb, 0xdb, 0xdb, 0xdb, 0xbb, 0xdf, 0xdf, 0xdf, 0xdf, 0xdf, 0xdf, 0xdf, 0xdf, 0xdf, 0xdf, 0xdf, 0xdf, 0xdf, 0xdf, 0xdf, 0xdf, 0xdf, 0xdf, 0xdf, 0xdf, 0xdf, 0xdf, 0xdf, 0xdf, 0xdf, 0xdf, 0xdf, 0xbb, 0xbb, 0xdb, 0xdb, 0xdb, 0xdb, 0xbb, 0xdb, 0xdb, 0xbb, 0xdb, 0xdb, 0xdb, 0xdb, 0xbb, 0xdf, 0xff, 0xdf, 0xdf, 0xdf, 0xdf, 0xdf, 0xdf, 0xdf, 0xdf, 0xdf, 0xdf, 0xdf, 0xdf, 0xdf, 0xdf, 0xdf, 0xdf, 0xdf, 0xdf, 0xdf, 0xdf, 0xdf, 0xdf, 0xdf, 0xff, 0xdf, 0xbb, 0xdb, 0xdb, 0xdb, 0xdb, 0xbb, 0xdb, 0xff, 
  0xdf, 0xbb, 0xdb, 0xdb, 0xdb, 0xdb, 0xbb, 0xdb, 0xdf, 0xdf, 0xdf, 0xdf, 0xdf, 0xdf, 0xdf, 0xdf, 0xdf, 0xdf, 0xdf, 0xdf, 0xdf, 0xdf, 0xdf, 0xdf, 0xdf, 0xdf, 0xdf, 0xdf, 0xdf, 0xdf, 0xdf, 0xdf, 0xdf, 0xdf, 0xbb, 0xdb, 0xdb, 0xdb, 0xdb, 0xbb, 0xbb, 0xdf, 0xdf, 0xbb, 0xdb, 0xdb, 0xdb, 0xdb, 0xdb, 0xba, 0xdf, 0xdf, 0xdf, 0xdf, 0xdf, 0xdf, 0xdf, 0xdf, 0xdf, 0xdf, 0xdf, 0xdf, 0xdf, 0xdf, 0xdf, 0xdf, 0xdf, 0xdf, 0xdf, 0xdf, 0xdf, 0xdf, 0xdf, 0xdf, 0xff, 0xdb, 0xbb, 0xdb, 0xdb, 0xdb, 0xdb, 0xbb, 0xdf, 0xff, 
  0xdf, 0xbb, 0xbb, 0xdb, 0xdb, 0xdb, 0xbb, 0xbb, 0xdf, 0xdf, 0xdf, 0xdf, 0xdf, 0xdf, 0xdf, 0xdf, 0xdf, 0xdf, 0xdf, 0xdf, 0xdf, 0xdf, 0xdf, 0xdf, 0xdf, 0xdf, 0xdf, 0xdf, 0xdf, 0xdf, 0xdf, 0xdf, 0xdf, 0xbb, 0xbb, 0xdb, 0xdb, 0xdb, 0xbb, 0xbb, 0xdf, 0xff, 0xdf, 0xbb, 0xbb, 0xdb, 0xdb, 0xdb, 0xdb, 0xbb, 0xdb, 0xdf, 0xdf, 0xdf, 0xdf, 0xdf, 0xdf, 0xdf, 0xdf, 0xdf, 0xdf, 0xdf, 0xdf, 0xdf, 0xdf, 0xdf, 0xdf, 0xdf, 0xdf, 0xdf, 0xdf, 0xdf, 0xdf, 0xdf, 0xdf, 0xbb, 0xdb, 0xdb, 0xdb, 0xdb, 0xdb, 0xbb, 0xdf, 0xff, 
  0xdf, 0xdb, 0xbb, 0xdb, 0xdb, 0xdb, 0xdb, 0xbb, 0xdf, 0xdf, 0xff, 0xdf, 0xdf, 0xdf, 0xdf, 0xdf, 0xdf, 0xdf, 0xdf, 0xdf, 0xdf, 0xdf, 0xdf, 0xdf, 0xdf, 0xdf, 0xdf, 0xdf, 0xdf, 0xdf, 0xdf, 0xdf, 0xbb, 0xbb, 0xdb, 0xdb, 0xdb, 0xdb, 0xba, 0xdf, 0xdf, 0xdf, 0xff, 0xdf, 0xbb, 0xdb, 0xdb, 0xdb, 0xdb, 0xdb, 0xbb, 0xbb, 0xff, 0xdf, 0xdf, 0xdf, 0xdf, 0xdf, 0xdf, 0xdf, 0xdf, 0xdf, 0xdf, 0xdf, 0xdf, 0xdf, 0xdf, 0xdf, 0xdf, 0xdf, 0xdf, 0xdf, 0xdf, 0xdf, 0xdf, 0xbb, 0xdb, 0xdb, 0xdb, 0xdb, 0xbb, 0xbb, 0xdf, 0xdf, 
  0xdf, 0xdf, 0xbb, 0xdb, 0xdb, 0xdb, 0xdb, 0xbb, 0xbb, 0xdf, 0xff, 0xdf, 0xdf, 0xdf, 0xdf, 0xdf, 0xdf, 0xdf, 0xdf, 0xdf, 0xdf, 0xdf, 0xdf, 0xdf, 0xdf, 0xdf, 0xdf, 0xdf, 0xdf, 0xdf, 0xdf, 0xbb, 0xbb, 0xbb, 0xdb, 0xdb, 0xdb, 0xdb, 0xbb, 0xdf, 0xdf, 0xdf, 0xdf, 0xdf, 0xdb, 0xbb, 0xdb, 0xdb, 0xdb, 0xdb, 0xbb, 0xbb, 0xdb, 0xff, 0xdf, 0xdf, 0xdf, 0xdf, 0xdf, 0xdf, 0xdf, 0xdf, 0xdf, 0xdf, 0xdf, 0xdf, 0xdf, 0xdf, 0xdf, 0xdf, 0xdf, 0xdf, 0xdf, 0xdf, 0xbb, 0xbb, 0xdb, 0xdb, 0xdb, 0xdb, 0xbb, 0xdf, 0xdf, 0xdf, 
  0xdf, 0xff, 0xbb, 0xbb, 0xdb, 0xdb, 0xdb, 0xdb, 0xbb, 0xbb, 0xdf, 0xff, 0xdf, 0xdf, 0xdf, 0xdf, 0xdf, 0xdf, 0xdf, 0xdf, 0xdf, 0xdf, 0xdf, 0xdf, 0xdf, 0xdf, 0xdf, 0xdf, 0xdf, 0xdf, 0xbb, 0xbb, 0xbb, 0xdb, 0xdb, 0xdb, 0xbb, 0xbb, 0xdf, 0xdf, 0xdf, 0xdf, 0xdf, 0xdf, 0xdf, 0xbb, 0xbb, 0xdb, 0xdb, 0xdb, 0xdb, 0xdb, 0xbb, 0xdb, 0xff, 0xdf, 0xdf, 0xdf, 0xdf, 0xdf, 0xdf, 0xdf, 0xdf, 0xdf, 0xdf, 0xdf, 0xdf, 0xdf, 0xdf, 0xdf, 0xdf, 0xdf, 0xdf, 0xbb, 0xbb, 0xbb, 0xdb, 0xdb, 0xdb, 0xdb, 0xbb, 0xdf, 0xdf, 0xdf, 
  0xdf, 0xdf, 0xdf, 0xbb, 0xbb, 0xdb, 0xdb, 0xdb, 0xdb, 0xbb, 0xbb, 0xdf, 0xff, 0xdf, 0xdf, 0xdf, 0xdf, 0xdf, 0xdf, 0xdf, 0xdf, 0xdf, 0xdf, 0xdf, 0xdf, 0xdf, 0xdf, 0xdf, 0xdf, 0xbb, 0xbb, 0xdb, 0xdb, 0xdb, 0xdb, 0xbb, 0xbb, 0xdf, 0xdf, 0xdf, 0xdf, 0xdf, 0xdf, 0xdf, 0xff, 0xdf, 0xbb, 0xbb, 0xdb, 0xdb, 0xdb, 0xdb, 0xdb, 0xbb, 0xbb, 0xdf, 0xff, 0xdf, 0xdf, 0xdf, 0xdf, 0xdf, 0xdf, 0xdf, 0xdf, 0xdf, 0xdf, 0xdf, 0xdf, 0xff, 0xdf, 0xdf, 0xbb, 0xdb, 0xbb, 0xdb, 0xdb, 0xdb, 0xbb, 0xbb, 0xdf, 0xdf, 0xdf, 0xdf, 
  0xdf, 0xdf, 0xdf, 0xdb, 0xbb, 0xdb, 0xdb, 0xdb, 0xd7, 0xdb, 0xdb, 0xbb, 0xdf, 0xdf, 0xdf, 0xdf, 0xdf, 0xdf, 0xdf, 0xdf, 0xdf, 0xdf, 0xdf, 0xdf, 0xdf, 0xdf, 0xdf, 0xdb, 0xbb, 0xbb, 0xdb, 0xdb, 0xdb, 0xdb, 0xbb, 0xbb, 0xdf, 0xdf, 0xdf, 0xdf, 0xdf, 0xdf, 0xdf, 0xdf, 0xdf, 0xff, 0xdf, 0xbb, 0xbb, 0xbb, 0xdb, 0xbb, 0xdb, 0xdb, 0xdb, 0xdb, 0xdf, 0xdf, 0xff, 0xdf, 0xdf, 0xdf, 0xdf, 0xdf, 0xdf, 0xdf, 0xdf, 0xdf, 0xdf, 0xdf, 0xdb, 0xbb, 0xdb, 0xdb, 0xdb, 0xdb, 0xbb, 0xdb, 0xdb, 0xbb, 0xdf, 0xdf, 0xdf, 0xdf, 
  0xdf, 0xdf, 0xdf, 0xdf, 0xdb, 0xbb, 0xdb, 0xdb, 0xdb, 0xdb, 0xdb, 0xbb, 0xbb, 0xbb, 0xdf, 0xdf, 0xdf, 0xdf, 0xdf, 0xdf, 0xff, 0xdf, 0xdf, 0xdf, 0xdf, 0xdb, 0xbb, 0xbb, 0xbb, 0xdb, 0xdb, 0xdb, 0xdb, 0xbb, 0xbb, 0xdb, 0xdf, 0xdf, 0xdf, 0xdf, 0xdf, 0xdf, 0xdf, 0xdf, 0xdf, 0xff, 0xdf, 0xdf, 0xbb, 0xbb, 0xdb, 0xdb, 0xdb, 0xdb, 0xdb, 0xbb, 0xbb, 0xbb, 0xdf, 0xdf, 0xdf, 0xdf, 0xdf, 0xdf, 0xdf, 0xdf, 0xdf, 0xdf, 0xdb, 0xdb, 0xdb, 0xdb, 0xdb, 0xdb, 0xdb, 0xdb, 0xdb, 0xbb, 0xbb, 0xdf, 0xdf, 0xdf, 0xdf, 0xdf, 
  0xdf, 0xdf, 0xdf, 0xdf, 0xdf, 0xbb, 0xbb, 0xbb, 0xdb, 0xdb, 0xdb, 0xdb, 0xdb, 0xbb, 0xbb, 0xbb, 0xbb, 0xbb, 0xbb, 0xbb, 0xbb, 0xbb, 0xbb, 0xbb, 0xbb, 0xbb, 0xbb, 0xdb, 0xdb, 0xdb, 0xdb, 0xdb, 0xbb, 0xbb, 0xdb, 0xdf, 0xdf, 0xdf, 0xdf, 0xdf, 0xdf, 0xdf, 0xdf, 0xdf, 0xdf, 0xdf, 0xdf, 0xdf, 0xdf, 0xbb, 0xbb, 0xdb, 0xdb, 0xdb, 0xdb, 0xdb, 0xdb, 0xbb, 0xbb, 0xbb, 0xbb, 0xbb, 0xbb, 0xbb, 0xbb, 0xbb, 0xbb, 0xbb, 0xbb, 0xbb, 0xbb, 0xdb, 0xdb, 0xdb, 0xdb, 0xbb, 0xbb, 0xbb, 0xdf, 0xff, 0xdf, 0xdf, 0xdf, 0xdf, 
  0xdf, 0xdf, 0xdf, 0xdf, 0xdf, 0xdf, 0xbb, 0xbb, 0xbb, 0xdb, 0xdb, 0xdb, 0xdb, 0xdb, 0xdb, 0xbb, 0xdb, 0xdb, 0xbb, 0xdb, 0xdb, 0xdb, 0xdb, 0xdb, 0xbb, 0xdb, 0xdb, 0xdb, 0xdb, 0xdb, 0xdb, 0xdb, 0xbb, 0xdf, 0xdf, 0xdf, 0xdf, 0xdf, 0xdf, 0xdf, 0xdf, 0xdf, 0xdf, 0xdf, 0xdf, 0xdf, 0xdf, 0xdf, 0xdf, 0xdf, 0xbb, 0xbb, 0xbb, 0xdb, 0xdb, 0xdb, 0xdb, 0xdb, 0xdb, 0xdb, 0xdb, 0xdb, 0xdb, 0xdb, 0xbb, 0xbb, 0xdb, 0xdb, 0xdb, 0xdb, 0xdb, 0xdb, 0xdb, 0xdb, 0xdb, 0xbb, 0xbb, 0xdf, 0xdf, 0xdf, 0xdf, 0xdf, 0xdf, 0xdf, 
  0xdf, 0xdf, 0xdf, 0xdf, 0xdf, 0xdf, 0xdf, 0xdb, 0xbb, 0xbb, 0xbb, 0xdb, 0xdb, 0xdb, 0xdb, 0xdb, 0xdb, 0xdb, 0xdb, 0xdb, 0xdb, 0xdb, 0xdb, 0xdb, 0xdb, 0xdb, 0xdb, 0xdb, 0xdb, 0xdb, 0xdb, 0xdb, 0xdf, 0xdf, 0xdf, 0xdf, 0xdf, 0xdf, 0xdf, 0xdf, 0xdf, 0xdf, 0xdf, 0xdf, 0xdf, 0xdf, 0xdf, 0xdf, 0xff, 0xdf, 0xdf, 0xdb, 0xbb, 0xbb, 0xdb, 0xdb, 0xdb, 0xdb, 0xdb, 0xdb, 0xdb, 0xdb, 0xdb, 0xd7, 0xdb, 0xdb, 0xdb, 0xdb, 0xdb, 0xdb, 0xdb, 0xdb, 0xbb, 0xbb, 0xbb, 0xbb, 0xdf, 0xdf, 0xdf, 0xdf, 0xdf, 0xdf, 0xdf, 0xdf, 
  0xdf, 0xdf, 0xdf, 0xdf, 0xdf, 0xdf, 0xdf, 0xdf, 0xdf, 0xbb, 0xbb, 0xdb, 0xdb, 0xdb, 0xdb, 0xdb, 0xdb, 0xdb, 0xdb, 0xdb, 0xdb, 0xdb, 0xdb, 0xdb, 0xdb, 0xdb, 0xdb, 0xdb, 0xbb, 0xbb, 0xdb, 0xdf, 0xdf, 0xdf, 0xdf, 0xdf, 0xdf, 0xdf, 0xdf, 0xdf, 0xdf, 0xdf, 0xdf, 0xdf, 0xdf, 0xdf, 0xdf, 0xdf, 0xdf, 0xdf, 0xdf, 0xdf, 0xdf, 0xdb, 0xbb, 0xbb, 0xdb, 0xbb, 0xbb, 0xdb, 0xdb, 0xdb, 0xdb, 0xdb, 0xdb, 0xdb, 0xdb, 0xdb, 0xdb, 0xdb, 0xdb, 0xbb, 0xbb, 0xbb, 0xbb, 0xdf, 0xdf, 0xdf, 0xdf, 0xdf, 0xdf, 0xdf, 0xdf, 0xdf, 
  0xdf, 0xdf, 0xdf, 0xdf, 0xdf, 0xdf, 0xdf, 0xff, 0xdf, 0xdf, 0xdb, 0xbb, 0xbb, 0xdb, 0xdb, 0xbb, 0xdb, 0xdb, 0xdb, 0xdb, 0xdb, 0xdb, 0xdb, 0xdb, 0xdb, 0xbb, 0xbb, 0xbb, 0xdb, 0xdf, 0xff, 0xff, 0xdf, 0xdf, 0xdf, 0xdf, 0xdf, 0xdf, 0xdf, 0xdf, 0xdf, 0xdf, 0xdf, 0xdf, 0xdf, 0xdf, 0xdf, 0xdf, 0xdf, 0xdf, 0xdf, 0xff, 0xff, 0xdf, 0xbb, 0xbb, 0xbb, 0xbb, 0xdb, 0xbb, 0xbb, 0xdb, 0xdb, 0xdb, 0xdb, 0xdb, 0xdb, 0xdb, 0xbb, 0xbb, 0xbb, 0xbb, 0xdb, 0xdf, 0xdf, 0xff, 0xdf, 0xdf, 0xdf, 0xdf, 0xdf, 0xdf, 0xdf, 0xdf, 
  0xdf, 0xdf, 0xdf, 0xdf, 0xdf, 0xdf, 0xdf, 0xdf, 0xdf, 0xdf, 0xdf, 0xdf, 0xdf, 0xbb, 0xbb, 0xbb, 0xbb, 0xbb, 0xbb, 0xbb, 0xbb, 0xbb, 0xbb, 0xbb, 0xbb, 0xbb, 0xdb, 0xdf, 0xdf, 0xdf, 0xdf, 0xdf, 0xdf, 0xdf, 0xdf, 0xdf, 0xdf, 0xdf, 0xdf, 0xdf, 0xdf, 0xdf, 0xdf, 0xdf, 0xdf, 0xdf, 0xdf, 0xdf, 0xdf, 0xdf, 0xdf, 0xdf, 0xdf, 0xdf, 0xdf, 0xdf, 0xdb, 0xbb, 0xbb, 0xbb, 0xbb, 0xbb, 0xbb, 0xbb, 0xbb, 0xbb, 0xbb, 0xbb, 0xbb, 0xbb, 0xdf, 0xdf, 0xdf, 0xdf, 0xdf, 0xdf, 0xdf, 0xdf, 0xdf, 0xdf, 0xdf, 0xdf, 0xdf, 0xdf, 
  0xdf, 0xdf, 0xdf, 0xdf, 0xdf, 0xdf, 0xdf, 0xdf, 0xdf, 0xdf, 0xdf, 0xdf, 0xdf, 0xdf, 0xdf, 0xdf, 0xdf, 0xdf, 0xdb, 0xdb, 0xdb, 0xdb, 0xdf, 0xdf, 0xdf, 0xdf, 0xdf, 0xdf, 0xdf, 0xdf, 0xdf, 0xdf, 0xdf, 0xdf, 0xdf, 0xdf, 0xdf, 0xdf, 0xdf, 0xdf, 0xdf, 0xdf, 0xdf, 0xdf, 0xdf, 0xdf, 0xdf, 0xdf, 0xdf, 0xdf, 0xdf, 0xdf, 0xdf, 0xdf, 0xdf, 0xdf, 0xdf, 0xdf, 0xdf, 0xdf, 0xdf, 0xdb, 0xdb, 0xbb, 0xdb, 0xdb, 0xdf, 0xdf, 0xdf, 0xff, 0xff, 0xdf, 0xdf, 0xdf, 0xdf, 0xdf, 0xdf, 0xdf, 0xdf, 0xdf, 0xdf, 0xdf, 0xdf, 0xdf, 
  0xdf, 0xdf, 0xdf, 0xdf, 0xdf, 0xdf, 0xdf, 0xdf, 0xdf, 0xdf, 0xdf, 0xdf, 0xdf, 0xdf, 0xdf, 0xdf, 0xff, 0xff, 0xdf, 0xdf, 0xff, 0xff, 0xff, 0xff, 0xdf, 0xdf, 0xdf, 0xdf, 0xdf, 0xdf, 0xdf, 0xdf, 0xdf, 0xdf, 0xdf, 0xdf, 0xdf, 0xdf, 0xdf, 0xdf, 0xdf, 0xdf, 0xdf, 0xdf, 0xdf, 0xdf, 0xdf, 0xdf, 0xdf, 0xdf, 0xdf, 0xdf, 0xdf, 0xdf, 0xdf, 0xdf, 0xdf, 0xdf, 0xdf, 0xdf, 0xdf, 0xff, 0xff, 0xff, 0xff, 0xdf, 0xdf, 0xdf, 0xdf, 0xdf, 0xdf, 0xdf, 0xdf, 0xdf, 0xdf, 0xdf, 0xdf, 0xdf, 0xdf, 0xdf, 0xdf, 0xdf, 0xdf, 0xdf, 
  0xdf, 0xdf, 0xdf, 0xdf, 0xdf, 0xdf, 0xdf, 0xdf, 0xdf, 0xdf, 0xdf, 0xdf, 0xdf, 0xdf, 0xdf, 0xdf, 0xdf, 0xdf, 0xdf, 0xdf, 0xdf, 0xdf, 0xdf, 0xdf, 0xdf, 0xdf, 0xdf, 0xdf, 0xdf, 0xdf, 0xdf, 0xdf, 0xdf, 0xdf, 0xdf, 0xdf, 0xdf, 0xdf, 0xdf, 0xdf, 0xdf, 0xdf, 0xdf, 0xdf, 0xdf, 0xdf, 0xdf, 0xdf, 0xdf, 0xdf, 0xdf, 0xdf, 0xdf, 0xdf, 0xdf, 0xdf, 0xdf, 0xdf, 0xdf, 0xdf, 0xdf, 0xdf, 0xdf, 0xdf, 0xdf, 0xdf, 0xdf, 0xdf, 0xdf, 0xdf, 0xdf, 0xdf, 0xdf, 0xdf, 0xdf, 0xdf, 0xdf, 0xdf, 0xdf, 0xdf, 0xdf, 0xdf, 0xdf, 0xdf, 
  0xdf, 0xdf, 0xdf, 0xdf, 0xdf, 0xdf, 0xdf, 0xdf, 0xdf, 0xdf, 0xdf, 0xdf, 0xdf, 0xdf, 0xdf, 0xdf, 0xdf, 0xdf, 0xdf, 0xdf, 0xdf, 0xdf, 0xdf, 0xdf, 0xdf, 0xdf, 0xdf, 0xdf, 0xdf, 0xdf, 0xdf, 0xdf, 0xdf, 0xdf, 0xdf, 0xdf, 0xdf, 0xdf, 0xdf, 0xdf, 0xdf, 0xdf, 0xdf, 0xdf, 0xdf, 0xdf, 0xdf, 0xdf, 0xdf, 0xdf, 0xdf, 0xdf, 0xdf, 0xdf, 0xdf, 0xdf, 0xdf, 0xdf, 0xdf, 0xdf, 0xdf, 0xdf, 0xdf, 0xdf, 0xdf, 0xdf, 0xdf, 0xdf, 0xdf, 0xdf, 0xdf, 0xdf, 0xdf, 0xdf, 0xdf, 0xdf, 0xdf, 0xdf, 0xdf, 0xdf, 0xdf, 0xdf, 0xdf, 0xdf, 
  0xdf, 0xdf, 0xdf, 0xdf, 0xdf, 0xdf, 0xdf, 0xdf, 0xdf, 0xdf, 0xdf, 0xdf, 0xdf, 0xdf, 0xdf, 0xdf, 0xdf, 0xdf, 0xdf, 0xdf, 0xdf, 0xdf, 0xdf, 0xdf, 0xdf, 0xdf, 0xdf, 0xdf, 0xdf, 0xdf, 0xdf, 0xdf, 0xdf, 0xdf, 0xdf, 0xdf, 0xdf, 0xdf, 0xdf, 0xdf, 0xdf, 0xdf, 0xdf, 0xdf, 0xdf, 0xdf, 0xdf, 0xdf, 0xdf, 0xdf, 0xdf, 0xdf, 0xdf, 0xdf, 0xdf, 0xdf, 0xdf, 0xdf, 0xdf, 0xdf, 0xdf, 0xdf, 0xdf, 0xdf, 0xdf, 0xdf, 0xdf, 0xdf, 0xdf, 0xdf, 0xdf, 0xdf, 0xdf, 0xdf, 0xdf, 0xdf, 0xdf, 0xdf, 0xdf, 0xdf, 0xdf, 0xdf, 0xdf, 0xdf, 
  0xdf, 0xdf, 0xdf, 0xdf, 0xdf, 0xdf, 0xdf, 0xdf, 0xdf, 0xdf, 0xdf, 0xdf, 0xdf, 0xdf, 0xdf, 0xdf, 0xdf, 0xdf, 0xdf, 0xdf, 0xdf, 0xdf, 0xdf, 0xdf, 0xdf, 0xdf, 0xdf, 0xdf, 0xdf, 0xdf, 0xdf, 0xdf, 0xdf, 0xdf, 0xdf, 0xdf, 0xdf, 0xdf, 0xdf, 0xdf, 0xdf, 0xdf, 0xdf, 0xdf, 0xdf, 0xdf, 0xdf, 0xdf, 0xdf, 0xdf, 0xdf, 0xdf, 0xdf, 0xdf, 0xdf, 0xdf, 0xdf, 0xdf, 0xdf, 0xdf, 0xdf, 0xdf, 0xdf, 0xdf, 0xdf, 0xdf, 0xdf, 0xdf, 0xdf, 0xdf, 0xdf, 0xdf, 0xdf, 0xdf, 0xdf, 0xdf, 0xdf, 0xdf, 0xdf, 0xdf, 0xdf, 0xdf, 0xdf, 0xdf, 
  0xdf, 0xdf, 0xdf, 0xdf, 0xdf, 0xdf, 0xdf, 0xdf, 0xdf, 0xdf, 0xdf, 0xdf, 0xdf, 0xdf, 0xdf, 0xdf, 0xdf, 0xdf, 0xdf, 0xdf, 0xdf, 0xdf, 0xdf, 0xdf, 0xdf, 0xdf, 0xdf, 0xdf, 0xdf, 0xdf, 0xdf, 0xdf, 0xdf, 0xdf, 0xdf, 0xdf, 0xdf, 0xdf, 0xdf, 0xdf, 0xdf, 0xdf, 0xdf, 0xdf, 0xdf, 0xdf, 0xdf, 0xdf, 0xdf, 0xdf, 0xdf, 0xdf, 0xdf, 0xdf, 0xdf, 0xdf, 0xdf, 0xdf, 0xdf, 0xdf, 0xdf, 0xdf, 0xdf, 0xdf, 0xdf, 0xdf, 0xdf, 0xdf, 0xdf, 0xdf, 0xdf, 0xdf, 0xdf, 0xdf, 0xdf, 0xdf, 0xdf, 0xdf, 0xdf, 0xdf, 0xdf, 0xdf, 0xdf, 0xdf, 
  0xdf, 0xdf, 0xdf, 0xdf, 0xdf, 0xdf, 0xdf, 0xdf, 0xdf, 0xdf, 0xdf, 0xdf, 0xdf, 0xdf, 0xdf, 0xdf, 0xdf, 0xdf, 0xdf, 0xdf, 0xdf, 0xdf, 0xdf, 0xdf, 0xdf, 0xdf, 0xdf, 0xdf, 0xdf, 0xdf, 0xdf, 0xdf, 0xdf, 0xdf, 0xdf, 0xdf, 0xdf, 0xdf, 0xdf, 0xdf, 0xdf, 0xdf, 0xdf, 0xdf, 0xdf, 0xdf, 0xdf, 0xdf, 0xdf, 0xdf, 0xdf, 0xdf, 0xdf, 0xdf, 0xdf, 0xdf, 0xdf, 0xdf, 0xdf, 0xdf, 0xdf, 0xdf, 0xdf, 0xdf, 0xdf, 0xdf, 0xdf, 0xdf, 0xdf, 0xdf, 0xdf, 0xdf, 0xdf, 0xdf, 0xdf, 0xdf, 0xdf, 0xdf, 0xdf, 0xdf, 0xdf, 0xdf, 0xdf, 0xdf, 
  0xdf, 0xdf, 0xdf, 0xdf, 0xdf, 0xdf, 0xdf, 0xdf, 0xdf, 0xdf, 0xdf, 0xdf, 0xdf, 0xdf, 0xdf, 0xdf, 0xdf, 0xdf, 0xdf, 0xdf, 0xdf, 0xdf, 0xdf, 0xdf, 0xdf, 0xdf, 0xdf, 0xdf, 0xdf, 0xdf, 0xdf, 0xdf, 0xdf, 0xdf, 0xdf, 0xdf, 0xdf, 0xdf, 0xdf, 0xdf, 0xdf, 0xdf, 0xdf, 0xdf, 0xdf, 0xdf, 0xdf, 0xdf, 0xdf, 0xdf, 0xdf, 0xdf, 0xdf, 0xdf, 0xdf, 0xdf, 0xdf, 0xdf, 0xdf, 0xdf, 0xdf, 0xdf, 0xdf, 0xdf, 0xdf, 0xdf, 0xdf, 0xdf, 0xdf, 0xdf, 0xdf, 0xdf, 0xdf, 0xdf, 0xdf, 0xdf, 0xdf, 0xdf, 0xff, 0xdf, 0xdf, 0xdf, 0xdf, 0xdf, 
  0xdf, 0xdf, 0xdf, 0xdf, 0xdf, 0xdf, 0xdf, 0xdf, 0xdf, 0xdf, 0xdf, 0xdf, 0xdf, 0xdf, 0xdf, 0xdf, 0xdf, 0xdf, 0xdf, 0xdf, 0xdf, 0xdf, 0xdf, 0xdf, 0xdf, 0xdf, 0xdf, 0xdf, 0xdf, 0xdf, 0xdf, 0xdf, 0xdf, 0xdf, 0xdf, 0xdf, 0xdf, 0xdf, 0xdf, 0xdf, 0xdf, 0xdf, 0xdf, 0xdf, 0xdf, 0xdf, 0xdf, 0xdf, 0xdf, 0xdf, 0xdf, 0xdf, 0xdf, 0xdf, 0xdf, 0xdf, 0xdf, 0xdf, 0xdf, 0xdf, 0xdf, 0xdf, 0xdf, 0xdf, 0xdf, 0xdf, 0xdf, 0xdf, 0xdf, 0xdf, 0xdf, 0xdf, 0xdf, 0xdf, 0xdf, 0xdf, 0xdf, 0xdf, 0xdf, 0xdf, 0xdf, 0xdf, 0xdf, 0xdf, 
  0xdf, 0xdf, 0xdf, 0xdf, 0xdf, 0xbb, 0xba, 0xbb, 0xbb, 0xdf, 0xdf, 0xdf, 0xdf, 0xdf, 0xdf, 0xdf, 0xdf, 0xdf, 0xdf, 0xdf, 0xdf, 0xdf, 0xdf, 0xdf, 0xdf, 0xdf, 0xdf, 0xdf, 0xdf, 0xdf, 0xdf, 0xdf, 0xdf, 0xdf, 0xdf, 0xdf, 0xdf, 0xdf, 0xdf, 0xbb, 0xba, 0xba, 0xbb, 0xbb, 0xdf, 0xdf, 0xdf, 0xdf, 0xdf, 0xdf, 0xdf, 0xdf, 0xdf, 0xdf, 0xdf, 0xdf, 0xdf, 0xdf, 0xdf, 0xdf, 0xdf, 0xdf, 0xdf, 0xdf, 0xdf, 0xdf, 0xdf, 0xdf, 0xdf, 0xdf, 0xdf, 0xdf, 0xdf, 0xdf, 0xdf, 0xdf, 0xdf, 0xbb, 0xbb, 0xbb, 0xbb, 0xdf, 0xdf, 0xdf, 
  0xdf, 0xdf, 0xdf, 0xdf, 0xbb, 0xbb, 0xbb, 0xdb, 0xbb, 0xbb, 0xdf, 0xdf, 0xdf, 0xdf, 0xdf, 0xdf, 0xdf, 0xdf, 0xdf, 0xdf, 0xdf, 0xdf, 0xdf, 0xdf, 0xdf, 0xdf, 0xdf, 0xdf, 0xdf, 0xdf, 0xdf, 0xdf, 0xdf, 0xdf, 0xdf, 0xdf, 0xdf, 0xdf, 0xdb, 0xba, 0xdb, 0xdb, 0xbb, 0xbb, 0xdf, 0xdf, 0xdf, 0xdf, 0xdf, 0xdf, 0xdf, 0xdf, 0xdf, 0xdf, 0xdf, 0xdf, 0xdf, 0xdf, 0xdf, 0xdf, 0xdf, 0xdf, 0xdf, 0xdf, 0xdf, 0xdf, 0xdf, 0xdf, 0xdf, 0xdf, 0xdf, 0xdf, 0xdf, 0xdf, 0xdf, 0xdf, 0xbb, 0xbb, 0xbb, 0xdb, 0xba, 0xbb, 0xdf, 0xff, 
  0xdf, 0xdf, 0xdf, 0xbb, 0xbb, 0xbb, 0xdb, 0xdb, 0xdb, 0xbb, 0xdf, 0xdf, 0xdf, 0xdf, 0xdf, 0xdf, 0xdf, 0xdf, 0xdf, 0xdf, 0xdf, 0xdf, 0xdf, 0xdf, 0xdf, 0xdf, 0xdf, 0xdf, 0xdf, 0xdf, 0xdf, 0xdf, 0xdf, 0xdf, 0xdf, 0xdf, 0xff, 0xdf, 0xbb, 0xbb, 0xbb, 0xdb, 0xbb, 0xbb, 0xbb, 0xdf, 0xdf, 0xdf, 0xdf, 0xdf, 0xdf, 0xdf, 0xdf, 0xdf, 0xdf, 0xdf, 0xdf, 0xdf, 0xdf, 0xdf, 0xdf, 0xdf, 0xdf, 0xdf, 0xdf, 0xdf, 0xdf, 0xdf, 0xdf, 0xdf, 0xdf, 0xdf, 0xdf, 0xdf, 0xdf, 0xbb, 0xbb, 0xbb, 0xdb, 0xdb, 0xbb, 0xbb, 0xdf, 0xff, 
  0xdf, 0xdf, 0xff, 0xbb, 0xbb, 0xbb, 0xdb, 0xdb, 0xdb, 0xbb, 0xdf, 0xdf, 0xdf, 0xdf, 0xdf, 0xdf, 0xdf, 0xdf, 0xdf, 0xdf, 0xdf, 0xdf, 0xdf, 0xdf, 0xdf, 0xdf, 0xdf, 0xdf, 0xdf, 0xdf, 0xdf, 0xdf, 0xdf, 0xdf, 0xdf, 0xdf, 0xdf, 0xdf, 0xbb, 0xdb, 0xdb, 0xdb, 0xdb, 0xbb, 0xbb, 0xdf, 0xdf, 0xdf, 0xdf, 0xdf, 0xdf, 0xdf, 0xdf, 0xdf, 0xdf, 0xdf, 0xdf, 0xdf, 0xdf, 0xdf, 0xdf, 0xdf, 0xdf, 0xdf, 0xdf, 0xdf, 0xdf, 0xdf, 0xdf, 0xdf, 0xdf, 0xdf, 0xdf, 0xdf, 0xdf, 0xbb, 0xbb, 0xdb, 0xdb, 0xbb, 0xdb, 0xba, 0xdf, 0xff, 
  0xdf, 0xdf, 0xdf, 0xbf, 0xbb, 0xbb, 0xbb, 0xdb, 0xbb, 0xbb, 0xdf, 0xdf, 0xdf, 0xdf, 0xdf, 0xdf, 0xdf, 0xdf, 0xdf, 0xdf, 0xdf, 0xdf, 0xdf, 0xdf, 0xdf, 0xdf, 0xdf, 0xdf, 0xdf, 0xdf, 0xdf, 0xdf, 0xdf, 0xdf, 0xdf, 0xdf, 0xdf, 0xdf, 0xbb, 0xbb, 0xdb, 0xbb, 0xdb, 0xbb, 0xbb, 0xdf, 0xdf, 0xdf, 0xdf, 0xdf, 0xdf, 0xdf, 0xdf, 0xdf, 0xdf, 0xdf, 0xdf, 0xdf, 0xdf, 0xdf, 0xdf, 0xdf, 0xdf, 0xdf, 0xdf, 0xdf, 0xdf, 0xdf, 0xdf, 0xdf, 0xdf, 0xdf, 0xdf, 0xdf, 0xdf, 0xdf, 0xbb, 0xdb, 0xbb, 0xdb, 0xbb, 0xbb, 0xdf, 0xff, 
  0xdf, 0xdf, 0xdf, 0xdf, 0xbb, 0xbb, 0xbb, 0xbb, 0xbb, 0xdf, 0xdf, 0xdf, 0xdf, 0xdf, 0xdf, 0xdf, 0xdf, 0xdf, 0xdf, 0xdf, 0xdf, 0xdf, 0xdf, 0xdf, 0xdf, 0xdf, 0xdf, 0xdf, 0xdf, 0xdf, 0xdf, 0xdf, 0xdf, 0xdf, 0xdf, 0xdf, 0xdf, 0xdf, 0xdf, 0xbb, 0xbb, 0xbb, 0xbb, 0xbb, 0xdf, 0xdf, 0xdf, 0xdf, 0xdf, 0xdf, 0xdf, 0xdf, 0xdf, 0xdf, 0xdf, 0xdf, 0xdf, 0xdf, 0xdf, 0xdf, 0xdf, 0xdf, 0xdf, 0xdf, 0xdf, 0xdf, 0xdf, 0xdf, 0xdf, 0xdf, 0xdf, 0xdf, 0xdf, 0xdf, 0xdf, 0xdf, 0xbb, 0xbb, 0xbb, 0xbb, 0xba, 0xdf, 0xdf, 0xdf, 
  0xdf, 0xdf, 0xdf, 0xdf, 0xdf, 0xdf, 0xdb, 0xbb, 0xdf, 0xdf, 0xdf, 0xdf, 0xdf, 0xdf, 0xdf, 0xdf, 0xdf, 0xdf, 0xdf, 0xdf, 0xdf, 0xdf, 0xdf, 0xdf, 0xdf, 0xdf, 0xdf, 0xdf, 0xdf, 0xdf, 0xdf, 0xdf, 0xdf, 0xdf, 0xdf, 0xdf, 0xdf, 0xdf, 0xdf, 0xdf, 0xbb, 0xbb, 0xdb, 0xdf, 0xdf, 0xdf, 0xdf, 0xdf, 0xdf, 0xdf, 0xdf, 0xdf, 0xdf, 0xdf, 0xdf, 0xdf, 0xdf, 0xdf, 0xdf, 0xdf, 0xdf, 0xdf, 0xdf, 0xdf, 0xdf, 0xdf, 0xdf, 0xdf, 0xdf, 0xdf, 0xdf, 0xdf, 0xdf, 0xdf, 0xdf, 0xff, 0xdf, 0xdf, 0xdb, 0xdb, 0xdf, 0xdf, 0xdf, 0xdf, 
  0xdf, 0xdf, 0xdf, 0xdf, 0xff, 0xff, 0xdf, 0xdf, 0xdf, 0xdf, 0xdf, 0xdf, 0xdf, 0xdf, 0xdf, 0xdf, 0xdf, 0xdf, 0xdf, 0xdf, 0xdf, 0xdf, 0xdf, 0xdf, 0xdf, 0xdf, 0xdf, 0xdf, 0xdf, 0xdf, 0xdf, 0xdf, 0xdf, 0xdf, 0xdf, 0xdf, 0xdf, 0xdf, 0xdf, 0xdf, 0xdf, 0xdf, 0xdf, 0xff, 0xdf, 0xdf, 0xdf, 0xdf, 0xdf, 0xdf, 0xdf, 0xdf, 0xdf, 0xdf, 0xdf, 0xdf, 0xdf, 0xdf, 0xdf, 0xdf, 0xdf, 0xdf, 0xdf, 0xdf, 0xdf, 0xdf, 0xdf, 0xdf, 0xdf, 0xdf, 0xdf, 0xdf, 0xdf, 0xdf, 0xdf, 0xdf, 0xdf, 0xff, 0xdf, 0xff, 0xff, 0xdf, 0xdf, 0xdf, 
#endif
#if LV_COLOR_DEPTH == 16 && LV_COLOR_16_SWAP == 0
  /*Pixel format: Red: 5 bit, Green: 6 bit, Blue: 5 bit*/
  0xd6, 0xbf, 0xf8, 0xcf, 0xd9, 0xd7, 0xba, 0xdf, 0x3b, 0xdf, 0x58, 0xc6, 0xd7, 0xbd, 0x17, 0xbe, 0x98, 0xc6, 0x7a, 0xd7, 0xba, 0xd7, 0xf9, 0xcf, 0xf8, 0xc7, 0xf8, 0xc7, 0xf7, 0xbf, 0xf8, 0xc7, 0xf8, 0xc7, 0xf8, 0xc7, 0xf8, 0xc7, 0xf8, 0xc7, 0xf8, 0xc7, 0xf8, 0xc7, 0xf8, 0xc7, 0xf8, 0xc7, 0xf8, 0xc7, 0xf8, 0xc7, 0xf8, 0xc7, 0xf8, 0xc7, 0xf8, 0xc7, 0xf8, 0xc7, 0xf8, 0xc7, 0xf8, 0xc7, 0xf8, 0xc7, 0xf8, 0xc7, 0xf8, 0xc7, 0xf7, 0xc7, 0xf8, 0xcf, 0xd9, 0xd7, 0xda, 0xdf, 0xf9, 0xce, 0x58, 0xc6, 0xd7, 0xbd, 0x18, 0xc6, 0xb9, 0xce, 0x7a, 0xd7, 0xda, 0xd7, 0xf8, 0xcf, 0xf8, 0xc7, 0xf8, 0xc7, 0xf8, 0xc7, 0xf8, 0xc7, 0xf8, 0xc7, 0xf8, 0xc7, 0xf8, 0xc7, 0xf8, 0xc7, 0xf8, 0xc7, 0xf8, 0xc7, 0xf8, 0xc7, 0xf8, 0xc7, 0xf8, 0xc7, 0xf8, 0xc7, 0xf8, 0xc7, 0xf8, 0xc7, 0xf8, 0xc7, 0xf8, 0xc7, 0xf8, 0xc7, 0xf8, 0xc7, 0xf9, 0xc7, 0xf9, 0xc7, 0xf9, 0xc7, 0xf8, 0xc7, 0xf8, 0xc7, 0xf7, 0xbf, 0xf8, 0xc7, 0xf8, 0xc7, 0xfa, 0xd7, 0x9a, 0xd7, 0xb8, 0xc6, 0x18, 0xbe, 0xd7, 0xb5, 0x98, 0xc6, 0x39, 0xd7, 0x99, 0xd7, 0xb9, 0xd7, 
  0xf8, 0xc7, 0xf8, 0xcf, 0xb9, 0xcf, 0x59, 0xcf, 0x16, 0xb6, 0xd6, 0xb5, 0xb6, 0xb5, 0xd6, 0xb5, 0xf5, 0xb5, 0xb7, 0xbe, 0xb9, 0xd7, 0xd9, 0xcf, 0xf9, 0xcf, 0xf8, 0xc7, 0xf8, 0xc7, 0xf8, 0xc7, 0xf8, 0xc7, 0xf8, 0xc7, 0xf8, 0xc7, 0xf8, 0xc7, 0xf8, 0xc7, 0xf8, 0xc7, 0xf8, 0xc7, 0xf8, 0xc7, 0xf8, 0xc7, 0xf8, 0xc7, 0xf8, 0xc7, 0xf8, 0xc7, 0xf8, 0xc7, 0xf8, 0xc7, 0xf8, 0xc7, 0xf8, 0xc7, 0xf8, 0xc7, 0xf8, 0xc7, 0xf8, 0xc7, 0xf8, 0xc7, 0xf8, 0xcf, 0xf9, 0xd7, 0x38, 0xcf, 0x36, 0xb6, 0xb5, 0xb5, 0xd7, 0xbd, 0xb6, 0xb5, 0xd6, 0xb5, 0xd8, 0xc6, 0xda, 0xd7, 0xd8, 0xc7, 0xf8, 0xc7, 0xf8, 0xc7, 0xf8, 0xc7, 0xf8, 0xc7, 0xf8, 0xc7, 0xf8, 0xc7, 0xf8, 0xc7, 0xf8, 0xc7, 0xf8, 0xc7, 0xf8, 0xc7, 0xf8, 0xc7, 0xf8, 0xc7, 0xf8, 0xc7, 0xf8, 0xc7, 0xf8, 0xc7, 0xf8, 0xc7, 0xf8, 0xc7, 0xf8, 0xc7, 0xf8, 0xc7, 0xf8, 0xc7, 0xf8, 0xc7, 0xf9, 0xc7, 0xf8, 0xc7, 0xf8, 0xc7, 0xf8, 0xc7, 0xf8, 0xc7, 0xf8, 0xc7, 0xf8, 0xc7, 0x98, 0xc7, 0xd7, 0xbe, 0xf5, 0xad, 0xb6, 0xb5, 0xd7, 0xb5, 0x94, 0xa5, 0x36, 0xb6, 0x79, 0xd7, 0xda, 0xdf, 
  0xf8, 0xc7, 0xd8, 0xc7, 0xb9, 0xcf, 0xd7, 0xc6, 0xd5, 0xad, 0xd6, 0xb5, 0xd6, 0xb5, 0xf6, 0xb5, 0xb5, 0xad, 0x15, 0xae, 0x58, 0xc7, 0xd9, 0xcf, 0xf9, 0xcf, 0xf8, 0xc7, 0xf8, 0xc7, 0xf8, 0xc7, 0xf8, 0xc7, 0xf8, 0xc7, 0xf8, 0xc7, 0xf8, 0xc7, 0xf8, 0xc7, 0xf8, 0xc7, 0xf8, 0xc7, 0xf8, 0xc7, 0xf8, 0xc7, 0xf8, 0xc7, 0xf8, 0xc7, 0xf8, 0xc7, 0xf8, 0xc7, 0xf8, 0xc7, 0xf8, 0xc7, 0xf8, 0xc7, 0xf8, 0xc7, 0xf8, 0xc7, 0xf8, 0xc7, 0xf8, 0xc7, 0xf9, 0xcf, 0xd9, 0xcf, 0x96, 0xb6, 0xd4, 0xad, 0xf6, 0xbd, 0xb6, 0xb5, 0xd6, 0xb5, 0xf6, 0xb5, 0xf5, 0xad, 0x79, 0xcf, 0xf9, 0xd7, 0xd7, 0xbf, 0xf8, 0xc7, 0xf8, 0xc7, 0xf8, 0xc7, 0xf8, 0xc7, 0xf8, 0xc7, 0xf8, 0xc7, 0xf8, 0xc7, 0xf8, 0xc7, 0xf8, 0xc7, 0xf8, 0xc7, 0xf8, 0xc7, 0xf8, 0xc7, 0xf8, 0xc7, 0xf8, 0xc7, 0xf8, 0xc7, 0xf8, 0xc7, 0xf8, 0xc7, 0xf8, 0xc7, 0xf8, 0xc7, 0xf8, 0xc7, 0xf8, 0xc7, 0xf8, 0xc7, 0xf8, 0xc7, 0xf8, 0xc7, 0xf8, 0xc7, 0xf8, 0xc7, 0xf9, 0xcf, 0x58, 0xc7, 0x55, 0xae, 0xd5, 0xad, 0xd7, 0xb5, 0xd7, 0xbd, 0xf7, 0xb5, 0xd5, 0xad, 0xb7, 0xbe, 0x7a, 0xd7, 
  0xf8, 0xc7, 0xf8, 0xcf, 0xda, 0xd7, 0x55, 0xae, 0x16, 0xb6, 0xd6, 0xb5, 0xb5, 0xad, 0xd6, 0xb5, 0x16, 0xb6, 0xd4, 0xa5, 0xf7, 0xbe, 0xfa, 0xd7, 0xf8, 0xc7, 0xf9, 0xcf, 0xf8, 0xc7, 0xf8, 0xc7, 0xf8, 0xc7, 0xf8, 0xc7, 0xf8, 0xc7, 0xf8, 0xc7, 0xf8, 0xc7, 0xf8, 0xc7, 0xf8, 0xc7, 0xf8, 0xc7, 0xf8, 0xc7, 0xf8, 0xc7, 0xf8, 0xc7, 0xf8, 0xc7, 0xf8, 0xc7, 0xf8, 0xc7, 0xf8, 0xc7, 0xf8, 0xc7, 0xf9, 0xc7, 0xf8, 0xc7, 0xf8, 0xc7, 0xf9, 0xcf, 0xf9, 0xcf, 0x98, 0xcf, 0x34, 0xae, 0x15, 0xae, 0xd5, 0xb5, 0xd7, 0xbd, 0xd6, 0xb5, 0xf6, 0xb5, 0xf4, 0xa5, 0x58, 0xc7, 0xd8, 0xc7, 0xf9, 0xcf, 0xf8, 0xc7, 0xf8, 0xc7, 0xf8, 0xc7, 0xf8, 0xc7, 0xf8, 0xc7, 0xf8, 0xc7, 0xf8, 0xc7, 0xf8, 0xc7, 0xf8, 0xc7, 0xf8, 0xc7, 0xf8, 0xc7, 0xf8, 0xc7, 0xf8, 0xc7, 0xf8, 0xc7, 0xf8, 0xc7, 0xf8, 0xc7, 0xf8, 0xc7, 0xf8, 0xc7, 0xf8, 0xc7, 0xf8, 0xc7, 0xf8, 0xc7, 0xf8, 0xc7, 0xf8, 0xc7, 0xf8, 0xc7, 0xf8, 0xc7, 0xf8, 0xc7, 0xfa, 0xd7, 0xf7, 0xbe, 0xf4, 0xa5, 0xf6, 0xb5, 0xd7, 0xbd, 0x96, 0xb5, 0xf7, 0xb5, 0xf6, 0xad, 0x56, 0xb6, 0x9a, 0xd7, 
  0xf8, 0xcf, 0xf9, 0xcf, 0xda, 0xd7, 0x35, 0xae, 0x15, 0xae, 0xf6, 0xb5, 0xd6, 0xb5, 0xf6, 0xb5, 0x16, 0xae, 0xf4, 0xa5, 0x17, 0xbf, 0xfa, 0xd7, 0xd8, 0xc7, 0xf9, 0xcf, 0xf8, 0xc7, 0xf8, 0xc7, 0xf8, 0xc7, 0xf8, 0xc7, 0xf8, 0xc7, 0xf8, 0xc7, 0xf8, 0xc7, 0xf8, 0xc7, 0xf8, 0xc7, 0xf8, 0xc7, 0xf8, 0xc7, 0xf8, 0xc7, 0xf8, 0xc7, 0xf8, 0xc7, 0xf8, 0xc7, 0xf8, 0xc7, 0xf8, 0xc7, 0xf8, 0xc7, 0xf9, 0xc7, 0xf8, 0xc7, 0xf8, 0xc7, 0xf8, 0xcf, 0xf9, 0xcf, 0xb9, 0xcf, 0x55, 0xae, 0x15, 0xae, 0xf6, 0xb5, 0xf6, 0xb5, 0xd6, 0xb5, 0xf6, 0xb5, 0x15, 0xae, 0x78, 0xc7, 0xd8, 0xcf, 0xf8, 0xcf, 0xf8, 0xc7, 0xf8, 0xc7, 0xf8, 0xc7, 0xf8, 0xc7, 0xf8, 0xc7, 0xf8, 0xc7, 0xf8, 0xc7, 0xf8, 0xc7, 0xf8, 0xc7, 0xf8, 0xc7, 0xf8, 0xc7, 0xf8, 0xc7, 0xf8, 0xc7, 0xf8, 0xc7, 0xf8, 0xc7, 0xf8, 0xc7, 0xf7, 0xc7, 0xf7, 0xc7, 0xf8, 0xc7, 0xf8, 0xc7, 0xf8, 0xc7, 0xf8, 0xc7, 0xf8, 0xc7, 0xf8, 0xc7, 0xf8, 0xc7, 0xf8, 0xcf, 0xf9, 0xcf, 0xf7, 0xbe, 0xf5, 0xa5, 0xf6, 0xb5, 0xd7, 0xbd, 0xd7, 0xbd, 0xd6, 0xb5, 0xf5, 0xad, 0x76, 0xb6, 0xbb, 0xd7, 
  0xf8, 0xc7, 0xf8, 0xc7, 0xd9, 0xcf, 0x17, 0xbf, 0xf4, 0xa5, 0xf5, 0xad, 0xf6, 0xad, 0x16, 0xb6, 0xd4, 0xa5, 0x55, 0xae, 0x99, 0xcf, 0xd9, 0xcf, 0xf8, 0xc7, 0xf8, 0xc7, 0xf9, 0xcf, 0xf8, 0xc7, 0xf8, 0xc7, 0xf8, 0xc7, 0xf8, 0xc7, 0xf8, 0xc7, 0xf8, 0xc7, 0xf8, 0xc7, 0xf8, 0xc7, 0xf8, 0xc7, 0xf8, 0xc7, 0xf8, 0xc7, 0xf8, 0xc7, 0xf8, 0xc7, 0xf8, 0xc7, 0xf8, 0xc7, 0xf8, 0xc7, 0xf8, 0xc7, 0xf8, 0xc7, 0xf8, 0xc7, 0xf8, 0xc7, 0xd8, 0xc7, 0xf8, 0xcf, 0xf9, 0xd7, 0xd6, 0xb6, 0xf4, 0xa5, 0x16, 0xb6, 0xb5, 0xad, 0xd5, 0xad, 0x36, 0xae, 0x55, 0xae, 0xb9, 0xcf, 0xfa, 0xd7, 0xd7, 0xc7, 0xf8, 0xc7, 0xf8, 0xc7, 0xf8, 0xc7, 0xf8, 0xc7, 0xf8, 0xc7, 0xf8, 0xc7, 0xf8, 0xc7, 0xf8, 0xc7, 0xf8, 0xc7, 0xf8, 0xc7, 0xf8, 0xc7, 0xf8, 0xc7, 0xf8, 0xc7, 0xf8, 0xc7, 0xf8, 0xc7, 0xf8, 0xc7, 0xf7, 0xc7, 0xf7, 0xc7, 0xf8, 0xc7, 0xf8, 0xc7, 0xf8, 0xc7, 0xf8, 0xc7, 0xf8, 0xc7, 0xf8, 0xc7, 0xf8, 0xc7, 0xd8, 0xc7, 0xd9, 0xcf, 0x79, 0xcf, 0x76, 0xb6, 0xd5, 0xad, 0xb6, 0xb5, 0xf7, 0xbd, 0xf5, 0xad, 0xf5, 0xad, 0xf7, 0xc6, 0x9a, 0xd7, 
  0xf8, 0xc7, 0xf8, 0xc7, 0xd9, 0xcf, 0xb9, 0xcf, 0x96, 0xb6, 0x35, 0xae, 0xf5, 0xa5, 0xf4, 0xa5, 0x75, 0xae, 0x17, 0xbf, 0xda, 0xcf, 0xd9, 0xcf, 0xf9, 0xcf, 0xf8, 0xc7, 0xf8, 0xc7, 0xf8, 0xc7, 0xf8, 0xc7, 0xf8, 0xc7, 0xf8, 0xc7, 0xf8, 0xc7, 0xf8, 0xc7, 0xf8, 0xc7, 0xf8, 0xc7, 0xf8, 0xc7, 0xf8, 0xc7, 0xf8, 0xc7, 0xf8, 0xc7, 0xf8, 0xc7, 0xf8, 0xc7, 0xf8, 0xc7, 0xf8, 0xc7, 0xf8, 0xc7, 0xf8, 0xc7, 0xf8, 0xc7, 0xf8, 0xc7, 0xf8, 0xc7, 0xf8, 0xcf, 0xf9, 0xcf, 0x78, 0xc7, 0xb6, 0xb6, 0xf4, 0xa5, 0x15, 0xae, 0xf4, 0xa5, 0x35, 0xae, 0x38, 0xc7, 0xfa, 0xd7, 0xd8, 0xc7, 0xf8, 0xcf, 0xf8, 0xc7, 0xf8, 0xc7, 0xf8, 0xc7, 0xf8, 0xc7, 0xf8, 0xc7, 0xf8, 0xc7, 0xf8, 0xc7, 0xf8, 0xc7, 0xf8, 0xc7, 0xf8, 0xc7, 0xf8, 0xc7, 0xf8, 0xc7, 0xf8, 0xc7, 0xf8, 0xc7, 0xf8, 0xc7, 0xf8, 0xc7, 0xf7, 0xc7, 0xf7, 0xc7, 0xf8, 0xc7, 0xf8, 0xc7, 0xf8, 0xc7, 0xf8, 0xc7, 0xf8, 0xc7, 0xf8, 0xc7, 0xf8, 0xc7, 0xf8, 0xc7, 0xd9, 0xcf, 0xd9, 0xcf, 0x18, 0xc7, 0x35, 0xae, 0xd5, 0xad, 0xd5, 0xad, 0xf4, 0xa5, 0x96, 0xb6, 0xda, 0xd7, 0xfa, 0xd7, 
  0xf7, 0xc7, 0xf8, 0xc7, 0xd8, 0xc7, 0xd9, 0xcf, 0xda, 0xd7, 0x38, 0xc7, 0xd7, 0xbe, 0xf7, 0xbe, 0x99, 0xcf, 0xfa, 0xd7, 0xd9, 0xcf, 0xf9, 0xcf, 0xf9, 0xcf, 0xf8, 0xc7, 0xf8, 0xbf, 0xf8, 0xc7, 0xf8, 0xc7, 0xf8, 0xc7, 0xf8, 0xc7, 0xf8, 0xc7, 0xf8, 0xc7, 0xf8, 0xc7, 0xf8, 0xc7, 0xf8, 0xc7, 0xf8, 0xc7, 0xf8, 0xc7, 0xf8, 0xc7, 0xf8, 0xc7, 0xf8, 0xc7, 0xf8, 0xc7, 0xf8, 0xc7, 0xf8, 0xc7, 0xf8, 0xc7, 0xf8, 0xc7, 0xf8, 0xc7, 0xf8, 0xc7, 0xf8, 0xcf, 0xd8, 0xc7, 0xfa, 0xd7, 0xd9, 0xd7, 0x38, 0xc7, 0xb6, 0xb6, 0xf8, 0xc6, 0x99, 0xcf, 0xfa, 0xd7, 0xf9, 0xcf, 0xd8, 0xc7, 0xf8, 0xc7, 0xf8, 0xc7, 0xf8, 0xc7, 0xf8, 0xc7, 0xf8, 0xc7, 0xf8, 0xc7, 0xf8, 0xc7, 0xf8, 0xc7, 0xf8, 0xc7, 0xf8, 0xc7, 0xf8, 0xc7, 0xf8, 0xc7, 0xf8, 0xc7, 0xf8, 0xc7, 0xf8, 0xc7, 0xf8, 0xc7, 0xf8, 0xc7, 0xf8, 0xc7, 0xf8, 0xc7, 0xf8, 0xc7, 0xf8, 0xc7, 0xf8, 0xc7, 0xf8, 0xc7, 0xf8, 0xc7, 0xf8, 0xc7, 0xf7, 0xc7, 0xf8, 0xcf, 0xd8, 0xc7, 0xd9, 0xcf, 0xb9, 0xd7, 0x59, 0xcf, 0x19, 0xcf, 0xd7, 0xbe, 0x58, 0xcf, 0xd9, 0xd7, 0xd9, 0xd7, 0xb8, 0xcf, 
  0xf7, 0xbf, 0xf8, 0xc7, 0xf8, 0xc7, 0xf9, 0xcf, 0xfa, 0xcf, 0xda, 0xd7, 0xda, 0xd7, 0xda, 0xd7, 0xd9, 0xcf, 0xd9, 0xcf, 0xf9, 0xc7, 0xf8, 0xc7, 0xf8, 0xc7, 0xf8, 0xc7, 0xf8, 0xc7, 0xf8, 0xc7, 0xf8, 0xc7, 0xf8, 0xc7, 0xf8, 0xc7, 0xf8, 0xc7, 0xf8, 0xc7, 0xf8, 0xc7, 0xf8, 0xc7, 0xf8, 0xc7, 0xf8, 0xc7, 0xf8, 0xc7, 0xf8, 0xc7, 0xf8, 0xc7, 0xf8, 0xc7, 0xf8, 0xc7, 0xf8, 0xc7, 0xf8, 0xc7, 0xf8, 0xc7, 0xf8, 0xc7, 0xf8, 0xc7, 0xf8, 0xc7, 0xf8, 0xc7, 0xf8, 0xc7, 0xf8, 0xcf, 0xd9, 0xcf, 0xda, 0xd7, 0xda, 0xd7, 0xda, 0xd7, 0xd9, 0xcf, 0xf9, 0xcf, 0xf8, 0xc7, 0xf8, 0xc7, 0xf8, 0xc7, 0xf8, 0xc7, 0xf8, 0xc7, 0xf8, 0xc7, 0xf8, 0xc7, 0xf8, 0xc7, 0xf8, 0xc7, 0xf8, 0xc7, 0xf8, 0xc7, 0xf8, 0xc7, 0xf8, 0xc7, 0xf8, 0xc7, 0xf8, 0xc7, 0xf8, 0xc7, 0xf8, 0xc7, 0xf8, 0xc7, 0xf8, 0xc7, 0xf8, 0xc7, 0xf8, 0xc7, 0xf8, 0xc7, 0xf8, 0xc7, 0xf8, 0xc7, 0xf8, 0xc7, 0xf8, 0xc7, 0xf8, 0xc7, 0xf8, 0xc7, 0xf8, 0xc7, 0xf8, 0xc7, 0xf8, 0xc7, 0xd9, 0xcf, 0xd9, 0xcf, 0xda, 0xd7, 0xfa, 0xd7, 0xd9, 0xcf, 0xd8, 0xcf, 0xf8, 0xcf, 0xf8, 0xcf, 
  0xf8, 0xc7, 0xf8, 0xc7, 0xf8, 0xc7, 0xf8, 0xc7, 0xf9, 0xcf, 0xf9, 0xcf, 0xd9, 0xcf, 0xd9, 0xcf, 0xf9, 0xcf, 0xf8, 0xc7, 0xf8, 0xc7, 0xf8, 0xc7, 0xf8, 0xc7, 0xf8, 0xc7, 0xf8, 0xc7, 0xf8, 0xc7, 0xf8, 0xc7, 0xf8, 0xc7, 0xf8, 0xc7, 0xf8, 0xc7, 0xf8, 0xc7, 0xf8, 0xc7, 0xf8, 0xc7, 0xf8, 0xc7, 0xf8, 0xc7, 0xf8, 0xc7, 0xf8, 0xc7, 0xf8, 0xc7, 0xf8, 0xc7, 0xf8, 0xc7, 0xf8, 0xc7, 0xf8, 0xc7, 0xf8, 0xc7, 0xf8, 0xc7, 0xf8, 0xc7, 0xf8, 0xc7, 0xf8, 0xc7, 0xf8, 0xc7, 0xf8, 0xc7, 0xf8, 0xcf, 0xd9, 0xcf, 0xd9, 0xcf, 0xd9, 0xcf, 0xd9, 0xcf, 0xf8, 0xc7, 0xf8, 0xc7, 0xf8, 0xc7, 0xf8, 0xc7, 0xf8, 0xc7, 0xf8, 0xc7, 0xf8, 0xc7, 0xf8, 0xc7, 0xf8, 0xc7, 0xf8, 0xc7, 0xf8, 0xc7, 0xf8, 0xc7, 0xf8, 0xc7, 0xf8, 0xc7, 0xf8, 0xc7, 0xf8, 0xc7, 0xf8, 0xc7, 0xf8, 0xc7, 0xf8, 0xc7, 0xf8, 0xc7, 0xf8, 0xc7, 0xf8, 0xc7, 0xf8, 0xc7, 0xf8, 0xc7, 0xf8, 0xc7, 0xf8, 0xc7, 0xf8, 0xc7, 0xf8, 0xc7, 0xf8, 0xc7, 0xf8, 0xc7, 0xf8, 0xc7, 0xf8, 0xc7, 0xf8, 0xc7, 0xf8, 0xcf, 0xf8, 0xcf, 0xf8, 0xcf, 0xf8, 0xcf, 0xf8, 0xc7, 0xf8, 0xc7, 0xf8, 0xc7, 
  0xf8, 0xc7, 0xf8, 0xc7, 0xf8, 0xc7, 0xf8, 0xc7, 0xf8, 0xc7, 0xf8, 0xc7, 0xf8, 0xc7, 0xf8, 0xc7, 0xf8, 0xc7, 0xf8, 0xc7, 0xf8, 0xc7, 0xf8, 0xc7, 0xf8, 0xc7, 0xf8, 0xc7, 0xf8, 0xc7, 0xf8, 0xc7, 0xf8, 0xc7, 0xf8, 0xc7, 0xf8, 0xc7, 0xf8, 0xc7, 0xf8, 0xc7, 0xf8, 0xc7, 0xf8, 0xc7, 0xf8, 0xc7, 0xf8, 0xc7, 0xf8, 0xc7, 0xf8, 0xc7, 0xf8, 0xc7, 0xf8, 0xc7, 0xf8, 0xc7, 0xf8, 0xc7, 0xf8, 0xc7, 0xf8, 0xc7, 0xf8, 0xc7, 0xf8, 0xc7, 0xf8, 0xc7, 0xf8, 0xc7, 0xf8, 0xc7, 0xf8, 0xc7, 0xf8, 0xc7, 0xd8, 0xc7, 0xd8, 0xc7, 0xd8, 0xc7, 0xf8, 0xc7, 0xf8, 0xc7, 0xf8, 0xc7, 0xf8, 0xc7, 0xf8, 0xc7, 0xf8, 0xc7, 0xf8, 0xc7, 0xf8, 0xc7, 0xf8, 0xc7, 0xf8, 0xc7, 0xf8, 0xc7, 0xf8, 0xc7, 0xf8, 0xc7, 0xf8, 0xc7, 0xf8, 0xc7, 0xf8, 0xc7, 0xf8, 0xc7, 0xf8, 0xc7, 0xf8, 0xc7, 0xf8, 0xc7, 0xf8, 0xc7, 0xf8, 0xc7, 0xf8, 0xcf, 0xf8, 0xc7, 0xf8, 0xc7, 0xf8, 0xc7, 0xf8, 0xc7, 0xf8, 0xc7, 0xf8, 0xc7, 0xf7, 0xc7, 0xf7, 0xc7, 0xf8, 0xc7, 0xf8, 0xc7, 0xf8, 0xc7, 0xf8, 0xc7, 0xf7, 0xc7, 0xf7, 0xc7, 0xf8, 0xc7, 0xf8, 0xc7, 0xf8, 0xc7, 0xf8, 0xc7, 
  0xf8, 0xc7, 0xf8, 0xc7, 0xf8, 0xc7, 0xf8, 0xc7, 0xf8, 0xc7, 0xf8, 0xc7, 0xf8, 0xc7, 0xf8, 0xc7, 0xf8, 0xc7, 0xf8, 0xc7, 0xf8, 0xc7, 0xf8, 0xc7, 0xf8, 0xc7, 0xf8, 0xc7, 0xf8, 0xc7, 0xf8, 0xc7, 0xf8, 0xc7, 0xf8, 0xc7, 0xf8, 0xc7, 0xf8, 0xc7, 0xf8, 0xc7, 0xf8, 0xc7, 0xf8, 0xc7, 0xf8, 0xc7, 0xf8, 0xc7, 0xf8, 0xc7, 0xf8, 0xc7, 0xf8, 0xc7, 0xf8, 0xc7, 0xf8, 0xc7, 0xf8, 0xc7, 0xf8, 0xc7, 0xf8, 0xc7, 0xf8, 0xc7, 0xf8, 0xc7, 0xf8, 0xc7, 0xf8, 0xc7, 0xf8, 0xc7, 0xf8, 0xc7, 0xf8, 0xc7, 0xf8, 0xc7, 0xf8, 0xc7, 0xf8, 0xc7, 0xf8, 0xc7, 0xf8, 0xc7, 0xf8, 0xc7, 0xf8, 0xc7, 0xf8, 0xc7, 0xf8, 0xc7, 0xf8, 0xc7, 0xf8, 0xc7, 0xf8, 0xc7, 0xf8, 0xc7, 0xf8, 0xc7, 0xf8, 0xc7, 0xf8, 0xc7, 0xf8, 0xc7, 0xf8, 0xc7, 0xf8, 0xc7, 0xf8, 0xc7, 0xf8, 0xc7, 0xf8, 0xc7, 0xf8, 0xc7, 0xf8, 0xc7, 0xf8, 0xcf, 0xf8, 0xcf, 0xf8, 0xc7, 0xf8, 0xc7, 0xf8, 0xc7, 0xf8, 0xc7, 0xf8, 0xc7, 0xf8, 0xc7, 0xf7, 0xc7, 0xf8, 0xc7, 0xf8, 0xc7, 0xf8, 0xc7, 0xf8, 0xc7, 0xf7, 0xc7, 0xf7, 0xc7, 0xf7, 0xc7, 0xf8, 0xc7, 0xf8, 0xc7, 0xf8, 0xc7, 0xf8, 0xc7, 
  0xf8, 0xc7, 0xf8, 0xc7, 0xf8, 0xc7, 0xf8, 0xc7, 0xf8, 0xc7, 0xf8, 0xc7, 0xf8, 0xc7, 0xf8, 0xc7, 0xf8, 0xc7, 0xf8, 0xc7, 0xf8, 0xc7, 0xf8, 0xc7, 0xf8, 0xc7, 0xf8, 0xc7, 0xf8, 0xc7, 0xf8, 0xc7, 0xf8, 0xc7, 0xf8, 0xc7, 0xf8, 0xc7, 0xf8, 0xc7, 0xf8, 0xc7, 0xf8, 0xc7, 0xf8, 0xc7, 0xf8, 0xc7, 0xf8, 0xc7, 0xf8, 0xc7, 0xf8, 0xc7, 0xf8, 0xc7, 0xf8, 0xc7, 0xf8, 0xc7, 0xf8, 0xc7, 0xf8, 0xc7, 0xf8, 0xc7, 0xf8, 0xc7, 0xf8, 0xc7, 0xf8, 0xc7, 0xf8, 0xc7, 0xf8, 0xc7, 0xf8, 0xc7, 0xf8, 0xc7, 0xf8, 0xc7, 0xf8, 0xc7, 0xf8, 0xc7, 0xf8, 0xc7, 0xf8, 0xc7, 0xf8, 0xc7, 0xf8, 0xc7, 0xf8, 0xc7, 0xf8, 0xc7, 0xf8, 0xc7, 0xf8, 0xc7, 0xf8, 0xc7, 0xf8, 0xc7, 0xf8, 0xc7, 0xf8, 0xc7, 0xf8, 0xc7, 0xf8, 0xc7, 0xf8, 0xc7, 0xf8, 0xc7, 0xf8, 0xc7, 0xf8, 0xc7, 0xf8, 0xc7, 0xf8, 0xc7, 0xf8, 0xc7, 0xf8, 0xcf, 0xf8, 0xcf, 0xf8, 0xc7, 0xf8, 0xc7, 0xf8, 0xc7, 0xf8, 0xc7, 0xf8, 0xc7, 0xf8, 0xc7, 0xf8, 0xc7, 0xf8, 0xc7, 0xf8, 0xc7, 0xf8, 0xc7, 0xf8, 0xc7, 0xf8, 0xc7, 0xf8, 0xc7, 0xf8, 0xc7, 0xf8, 0xc7, 0xf8, 0xc7, 0xf8, 0xc7, 0xf8, 0xc7, 
  0xf8, 0xc7, 0xf8, 0xc7, 0xf8, 0xc7, 0xf8, 0xc7, 0xf8, 0xc7, 0xf8, 0xc7, 0xf8, 0xc7, 0xf8, 0xc7, 0xf8, 0xc7, 0xf8, 0xc7, 0xf8, 0xc7, 0xf8, 0xc7, 0xf8, 0xc7, 0xf8, 0xc7, 0xf8, 0xc7, 0xf8, 0xc7, 0xf8, 0xc7, 0xf8, 0xc7, 0xf8, 0xc7, 0xf8, 0xc7, 0xf8, 0xc7, 0xf8, 0xc7, 0xf8, 0xc7, 0xf8, 0xc7, 0xf8, 0xc7, 0xf8, 0xc7, 0xf8, 0xc7, 0xf8, 0xc7, 0xf8, 0xc7, 0xf8, 0xc7, 0xf8, 0xc7, 0xf8, 0xc7, 0xf8, 0xc7, 0xf8, 0xc7, 0xf8, 0xc7, 0xf8, 0xc7, 0xf8, 0xc7, 0xf8, 0xc7, 0xf8, 0xc7, 0xf8, 0xc7, 0xf8, 0xc7, 0xf8, 0xc7, 0xf8, 0xc7, 0xf8, 0xc7, 0xf8, 0xc7, 0xf8, 0xc7, 0xf8, 0xc7, 0xf8, 0xc7, 0xf8, 0xc7, 0xf8, 0xc7, 0xf8, 0xc7, 0xf8, 0xc7, 0xf8, 0xc7, 0xf8, 0xc7, 0xf8, 0xc7, 0xf8, 0xc7, 0xf8, 0xc7, 0xf8, 0xc7, 0xf8, 0xc7, 0xf8, 0xc7, 0xf8, 0xc7, 0xf8, 0xc7, 0xf8, 0xc7, 0xf8, 0xc7, 0xf8, 0xc7, 0xf8, 0xc7, 0xf8, 0xc7, 0xf8, 0xc7, 0xf8, 0xc7, 0xf8, 0xc7, 0xf8, 0xc7, 0xf8, 0xc7, 0xf8, 0xc7, 0xf8, 0xc7, 0xf8, 0xc7, 0xf8, 0xc7, 0xf8, 0xc7, 0xf8, 0xc7, 0xf8, 0xc7, 0xf8, 0xc7, 0xf8, 0xc7, 0xf8, 0xc7, 0xf8, 0xc7, 0xf8, 0xc7, 
  0xf9, 0xcf, 0xf8, 0xc7, 0xf8, 0xc7, 0xf8, 0xc7, 0xf8, 0xc7, 0xf8, 0xc7, 0xf8, 0xc7, 0xf8, 0xc7, 0xf8, 0xc7, 0xf8, 0xc7, 0xf8, 0xc7, 0xf8, 0xc7, 0xf8, 0xc7, 0xf8, 0xc7, 0xf8, 0xc7, 0xf8, 0xc7, 0xf8, 0xc7, 0xf8, 0xc7, 0xf8, 0xc7, 0xf8, 0xc7, 0xf8, 0xc7, 0xf8, 0xc7, 0xf8, 0xc7, 0xf8, 0xc7, 0xf8, 0xc7, 0xf8, 0xc7, 0xf8, 0xc7, 0xf8, 0xc7, 0xf8, 0xc7, 0xf8, 0xc7, 0xf8, 0xc7, 0xf8, 0xc7, 0xf8, 0xc7, 0xf9, 0xc7, 0xf8, 0xc7, 0xf8, 0xc7, 0xf8, 0xc7, 0xf8, 0xc7, 0xf8, 0xc7, 0xf8, 0xc7, 0xf8, 0xc7, 0xf8, 0xc7, 0xf8, 0xc7, 0xf8, 0xc7, 0xf8, 0xc7, 0xf8, 0xc7, 0xf8, 0xc7, 0xf8, 0xc7, 0xf8, 0xc7, 0xf8, 0xc7, 0xf8, 0xc7, 0xf8, 0xc7, 0xf8, 0xc7, 0xf8, 0xc7, 0xf8, 0xc7, 0xf8, 0xc7, 0xf8, 0xc7, 0xf8, 0xc7, 0xf8, 0xc7, 0xf8, 0xc7, 0xf8, 0xc7, 0xf8, 0xc7, 0xf8, 0xc7, 0xf8, 0xc7, 0xf8, 0xc7, 0xf8, 0xc7, 0xf8, 0xc7, 0xf8, 0xc7, 0xf8, 0xc7, 0xf8, 0xc7, 0xf8, 0xc7, 0xf8, 0xc7, 0xf9, 0xc7, 0xf9, 0xcf, 0xf9, 0xc7, 0xf9, 0xc7, 0xf9, 0xc7, 0xf8, 0xc7, 0xf8, 0xc7, 0xf8, 0xc7, 0xf7, 0xc7, 0xf7, 0xc7, 0xf7, 0xc7, 0xf8, 0xc7, 
  0xf9, 0xcf, 0xf9, 0xc7, 0xf8, 0xc7, 0xf8, 0xc7, 0xf8, 0xc7, 0xf8, 0xc7, 0xf8, 0xc7, 0xf8, 0xc7, 0xf8, 0xc7, 0xf8, 0xc7, 0xf8, 0xc7, 0xf8, 0xc7, 0xf8, 0xc7, 0xf8, 0xc7, 0xf8, 0xc7, 0xf8, 0xc7, 0xf8, 0xc7, 0xf8, 0xc7, 0xf8, 0xc7, 0xf8, 0xc7, 0xf8, 0xc7, 0xf8, 0xc7, 0xf8, 0xc7, 0xf8, 0xc7, 0xf8, 0xc7, 0xf8, 0xc7, 0xf8, 0xc7, 0xf8, 0xc7, 0xf8, 0xc7, 0xf8, 0xc7, 0xf8, 0xc7, 0xf8, 0xc7, 0xf8, 0xc7, 0xf8, 0xcf, 0xf8, 0xcf, 0xf8, 0xcf, 0xf8, 0xc7, 0xf8, 0xc7, 0xf8, 0xc7, 0xf8, 0xc7, 0xf8, 0xc7, 0xf8, 0xc7, 0xf8, 0xc7, 0xf8, 0xc7, 0xf8, 0xc7, 0xf8, 0xc7, 0xf8, 0xc7, 0xf8, 0xc7, 0xf8, 0xc7, 0xf8, 0xc7, 0xf8, 0xc7, 0xf8, 0xc7, 0xf8, 0xc7, 0xf8, 0xc7, 0xf8, 0xc7, 0xf8, 0xc7, 0xf8, 0xc7, 0xf8, 0xc7, 0xf8, 0xc7, 0xf8, 0xc7, 0xf8, 0xc7, 0xf8, 0xc7, 0xf8, 0xc7, 0xf8, 0xc7, 0xf8, 0xc7, 0xf8, 0xc7, 0xf8, 0xc7, 0xf8, 0xc7, 0xf8, 0xc7, 0xf8, 0xc7, 0xf8, 0xc7, 0xf8, 0xc7, 0xf8, 0xc7, 0xf9, 0xc7, 0xf9, 0xc7, 0xf9, 0xcf, 0xf9, 0xc7, 0xf8, 0xc7, 0xf8, 0xc7, 0xf8, 0xc7, 0xf7, 0xc7, 0xf7, 0xc7, 0xf7, 0xc7, 0xf7, 0xc7, 
  0xf9, 0xc7, 0xf8, 0xc7, 0xf8, 0xc7, 0xf8, 0xc7, 0xf8, 0xcf, 0xf8, 0xcf, 0xf8, 0xc7, 0xf8, 0xc7, 0xf8, 0xbf, 0xf8, 0xc7, 0xf9, 0xc7, 0xf8, 0xc7, 0xf8, 0xc7, 0xf8, 0xc7, 0xf7, 0xc7, 0xf7, 0xc7, 0xf8, 0xc7, 0xf8, 0xc7, 0xf8, 0xc7, 0xf9, 0xc7, 0xf9, 0xc7, 0xf9, 0xc7, 0xf9, 0xc7, 0xf8, 0xc7, 0xf8, 0xc7, 0xf8, 0xc7, 0xf8, 0xc7, 0xf8, 0xc7, 0xf8, 0xc7, 0xf7, 0xc7, 0xf8, 0xc7, 0xf8, 0xcf, 0xf8, 0xc7, 0xf8, 0xcf, 0xf8, 0xcf, 0xf9, 0xcf, 0xf9, 0xcf, 0xf9, 0xc7, 0xf8, 0xc7, 0xf8, 0xc7, 0xf8, 0xc7, 0xf8, 0xc7, 0xf8, 0xc7, 0xf8, 0xc7, 0xf8, 0xc7, 0xf8, 0xc7, 0xf8, 0xcf, 0xf8, 0xcf, 0xf9, 0xcf, 0xf9, 0xc7, 0xf8, 0xc7, 0xf8, 0xc7, 0xf8, 0xc7, 0xf8, 0xc7, 0xf8, 0xc7, 0xf8, 0xc7, 0xf8, 0xc7, 0xf8, 0xc7, 0xf7, 0xc7, 0xf8, 0xc7, 0xf8, 0xc7, 0xf8, 0xc7, 0xf8, 0xcf, 0xf8, 0xcf, 0xf8, 0xcf, 0xf8, 0xcf, 0xf8, 0xc7, 0xf8, 0xc7, 0xf7, 0xc7, 0xf7, 0xbf, 0xf8, 0xbf, 0xf8, 0xc7, 0xf9, 0xc7, 0xf9, 0xc7, 0xf9, 0xc7, 0xf8, 0xc7, 0xf8, 0xc7, 0xf8, 0xc7, 0xf8, 0xcf, 0xf8, 0xc7, 0xf8, 0xc7, 0xf8, 0xc7, 0xf8, 0xc7, 0xf8, 0xcf, 
  0xf9, 0xc7, 0xf9, 0xc7, 0xf9, 0xcf, 0xf8, 0xcf, 0xf8, 0xc7, 0xf7, 0xc7, 0xf8, 0xc7, 0xf8, 0xc7, 0xf9, 0xc7, 0xf9, 0xc7, 0xf8, 0xc7, 0xf8, 0xbf, 0xf8, 0xc7, 0xf8, 0xcf, 0xf8, 0xcf, 0xf8, 0xcf, 0xf9, 0xcf, 0xf9, 0xcf, 0xf9, 0xcf, 0xf9, 0xcf, 0xf9, 0xcf, 0xf9, 0xcf, 0xfa, 0xcf, 0xfa, 0xcf, 0xf9, 0xcf, 0xf9, 0xc7, 0xf8, 0xc7, 0xf8, 0xc7, 0xf8, 0xc7, 0xf8, 0xc7, 0xf7, 0xc7, 0xf7, 0xc7, 0xf7, 0xc7, 0xf8, 0xcf, 0xf8, 0xcf, 0xf8, 0xc7, 0xf8, 0xc7, 0xf8, 0xc7, 0xf8, 0xc7, 0xf8, 0xc7, 0xf8, 0xc7, 0xf8, 0xc7, 0xf8, 0xc7, 0xf8, 0xc7, 0xf8, 0xc7, 0xf8, 0xcf, 0xf8, 0xcf, 0xf9, 0xcf, 0xf9, 0xc7, 0xf9, 0xc7, 0xf9, 0xcf, 0xf8, 0xc7, 0xf8, 0xc7, 0xf8, 0xc7, 0xf8, 0xc7, 0xf7, 0xc7, 0xf7, 0xc7, 0xf8, 0xc7, 0xf8, 0xcf, 0xf9, 0xcf, 0xf9, 0xd7, 0xf9, 0xd7, 0xf9, 0xd7, 0xd9, 0xcf, 0xd9, 0xcf, 0xf9, 0xcf, 0xf9, 0xcf, 0xf9, 0xcf, 0xf9, 0xcf, 0xf8, 0xc7, 0xf8, 0xc7, 0xf8, 0xc7, 0xf8, 0xbf, 0xf8, 0xc7, 0xf9, 0xc7, 0xf9, 0xcf, 0xf9, 0xcf, 0xf8, 0xc7, 0xf8, 0xc7, 0xf8, 0xc7, 0xf8, 0xc7, 0xf8, 0xc7, 0xf8, 0xc7, 0xf8, 0xcf, 
  0xf9, 0xc7, 0xf8, 0xc7, 0xf8, 0xc7, 0xf8, 0xc7, 0xf8, 0xc7, 0xf8, 0xc7, 0xf8, 0xc7, 0xf8, 0xc7, 0xf8, 0xc7, 0xf8, 0xc7, 0xf9, 0xcf, 0xfa, 0xcf, 0xfa, 0xd7, 0xda, 0xd7, 0x99, 0xcf, 0x78, 0xcf, 0x78, 0xcf, 0x58, 0xc7, 0x38, 0xc7, 0x38, 0xc7, 0x38, 0xc7, 0x58, 0xc7, 0x59, 0xcf, 0x79, 0xcf, 0x99, 0xcf, 0xda, 0xcf, 0xfa, 0xcf, 0xf9, 0xcf, 0xf9, 0xcf, 0xf8, 0xc7, 0xf8, 0xc7, 0xf8, 0xcf, 0xf7, 0xc7, 0xf8, 0xc7, 0xf8, 0xc7, 0xf8, 0xc7, 0xf8, 0xc7, 0xf8, 0xc7, 0xf8, 0xc7, 0xf8, 0xc7, 0xf8, 0xc7, 0xf8, 0xc7, 0xf8, 0xc7, 0xf8, 0xc7, 0xf8, 0xc7, 0xf8, 0xc7, 0xf8, 0xcf, 0xf8, 0xcf, 0xf8, 0xc7, 0xf8, 0xc7, 0xf9, 0xcf, 0xf8, 0xc7, 0xd8, 0xc7, 0xd8, 0xc7, 0xf9, 0xcf, 0xf9, 0xcf, 0xfa, 0xd7, 0xd9, 0xd7, 0xb9, 0xcf, 0x79, 0xcf, 0x58, 0xcf, 0x58, 0xcf, 0x38, 0xcf, 0x38, 0xc7, 0x59, 0xcf, 0x59, 0xcf, 0x78, 0xc7, 0x98, 0xc7, 0xb9, 0xcf, 0xd9, 0xcf, 0xf9, 0xcf, 0xfa, 0xcf, 0xf9, 0xcf, 0xf9, 0xcf, 0xd8, 0xc7, 0xd8, 0xc7, 0xf8, 0xc7, 0xf8, 0xc7, 0xf8, 0xc7, 0xf8, 0xc7, 0xf8, 0xc7, 0xf8, 0xc7, 0xf8, 0xc7, 0xf8, 0xc7, 
  0xf8, 0xc7, 0xf8, 0xc7, 0xf8, 0xc7, 0xf8, 0xc7, 0xf8, 0xc7, 0xf8, 0xc7, 0xf8, 0xc7, 0xf8, 0xc7, 0xf9, 0xcf, 0xf9, 0xcf, 0xda, 0xcf, 0x99, 0xcf, 0x39, 0xc7, 0xd7, 0xbe, 0x76, 0xb6, 0x36, 0xb6, 0x15, 0xae, 0xf5, 0xad, 0xf5, 0xad, 0xd5, 0xad, 0xd5, 0xad, 0xf5, 0xad, 0xf5, 0xad, 0x15, 0xae, 0x35, 0xb6, 0xb7, 0xbe, 0x38, 0xc7, 0x99, 0xcf, 0xb9, 0xcf, 0xb9, 0xcf, 0xd9, 0xcf, 0xf9, 0xc7, 0xf8, 0xc7, 0xf8, 0xc7, 0xf8, 0xc7, 0xf8, 0xc7, 0xf8, 0xc7, 0xf8, 0xc7, 0xf8, 0xc7, 0xf7, 0xc7, 0xf8, 0xc7, 0xf8, 0xc7, 0xf8, 0xc7, 0xf8, 0xc7, 0xf8, 0xc7, 0xf8, 0xc7, 0xf8, 0xc7, 0xf8, 0xc7, 0xf8, 0xc7, 0xf8, 0xc7, 0xd8, 0xc7, 0xd8, 0xc7, 0xf9, 0xcf, 0xf9, 0xcf, 0xda, 0xd7, 0xb9, 0xd7, 0x38, 0xc7, 0xd7, 0xc6, 0x96, 0xbe, 0x15, 0xae, 0xf5, 0xad, 0xd4, 0xad, 0xd4, 0xad, 0xd5, 0xad, 0xd5, 0xad, 0xd4, 0xa5, 0xd4, 0xa5, 0x15, 0xae, 0x56, 0xae, 0xd7, 0xbe, 0x38, 0xc7, 0x79, 0xcf, 0x99, 0xcf, 0xfa, 0xd7, 0xfa, 0xd7, 0xb8, 0xc7, 0xb8, 0xc7, 0xf8, 0xc7, 0xf8, 0xc7, 0xf7, 0xc7, 0xf8, 0xc7, 0xf8, 0xc7, 0xf8, 0xc7, 0xf8, 0xc7, 
  0xf8, 0xc7, 0xf8, 0xc7, 0xf8, 0xcf, 0xf8, 0xc7, 0xf7, 0xbf, 0xf8, 0xc7, 0xf8, 0xc7, 0xf9, 0xcf, 0xf9, 0xcf, 0x79, 0xcf, 0xd7, 0xbe, 0x56, 0xb6, 0xf6, 0xad, 0xd6, 0xad, 0xd6, 0xb5, 0xd6, 0xb5, 0xd6, 0xb5, 0xd6, 0xb5, 0xd6, 0xb5, 0xd6, 0xb5, 0xb6, 0xb5, 0xb6, 0xb5, 0xb6, 0xbd, 0xd6, 0xb5, 0xf6, 0xbd, 0xb5, 0xad, 0xb4, 0xa5, 0x36, 0xb6, 0x18, 0xc7, 0xba, 0xd7, 0xda, 0xd7, 0xb9, 0xcf, 0xf9, 0xc7, 0xf8, 0xbf, 0xd7, 0xbf, 0xf7, 0xc7, 0xf8, 0xc7, 0xf8, 0xc7, 0xf7, 0xc7, 0xf8, 0xcf, 0xf8, 0xcf, 0xf8, 0xcf, 0xf8, 0xcf, 0xf8, 0xcf, 0xf8, 0xc7, 0xf8, 0xc7, 0xf8, 0xc7, 0xf8, 0xc7, 0xf8, 0xc7, 0xf8, 0xc7, 0xd8, 0xc7, 0xf9, 0xcf, 0xfa, 0xd7, 0xba, 0xd7, 0x18, 0xc7, 0x77, 0xbe, 0xd5, 0xad, 0xb5, 0xad, 0xb5, 0xad, 0xb6, 0xb5, 0xd6, 0xb5, 0xf7, 0xbd, 0xf7, 0xbd, 0xf7, 0xbd, 0xf7, 0xbd, 0xf7, 0xbd, 0xf7, 0xb5, 0xf6, 0xb5, 0xf6, 0xb5, 0xf6, 0xb5, 0x16, 0xb6, 0x15, 0xae, 0x97, 0xbe, 0x38, 0xc7, 0xba, 0xd7, 0xfa, 0xd7, 0xf9, 0xcf, 0xf8, 0xc7, 0xf8, 0xc7, 0xf7, 0xc7, 0xf8, 0xc7, 0xf8, 0xc7, 0xf8, 0xc7, 0xf8, 0xc7, 
  0xf8, 0xc7, 0xf8, 0xc7, 0xf8, 0xc7, 0xf8, 0xc7, 0xf8, 0xc7, 0xf9, 0xc7, 0xf9, 0xcf, 0xd9, 0xcf, 0xd7, 0xbe, 0x56, 0xb6, 0xd5, 0xad, 0xb5, 0xad, 0xb6, 0xb5, 0xd7, 0xbd, 0xd7, 0xbd, 0xd7, 0xbd, 0xd7, 0xbd, 0xd7, 0xbd, 0xd7, 0xbd, 0xd7, 0xbd, 0xb7, 0xbd, 0xb7, 0xbd, 0xb7, 0xbd, 0xb6, 0xbd, 0xb6, 0xbd, 0xd6, 0xbd, 0xf6, 0xb5, 0xd5, 0xad, 0xd5, 0xa5, 0x36, 0xae, 0x19, 0xc7, 0xdb, 0xd7, 0xfa, 0xcf, 0xf9, 0xc7, 0xf8, 0xc7, 0xf8, 0xc7, 0xf8, 0xc7, 0xf7, 0xc7, 0xf7, 0xc7, 0xf8, 0xcf, 0xf8, 0xcf, 0xf8, 0xcf, 0xf8, 0xcf, 0xf8, 0xcf, 0xf8, 0xc7, 0xf8, 0xc7, 0xf8, 0xc7, 0xf8, 0xc7, 0xd8, 0xc7, 0xf9, 0xcf, 0xfa, 0xd7, 0xb9, 0xcf, 0x38, 0xc7, 0x97, 0xbe, 0x16, 0xb6, 0xd6, 0xad, 0xd7, 0xb5, 0xd7, 0xbd, 0xb7, 0xbd, 0xb7, 0xbd, 0xb7, 0xbd, 0xb7, 0xbd, 0x96, 0xb5, 0x96, 0xb5, 0xb7, 0xbd, 0xb7, 0xbd, 0xb7, 0xbd, 0xb7, 0xbd, 0xd7, 0xbd, 0xd6, 0xb5, 0xd6, 0xb5, 0xd6, 0xb5, 0xf6, 0xb5, 0x16, 0xb6, 0xb7, 0xbe, 0x79, 0xcf, 0xfa, 0xd7, 0xf9, 0xcf, 0xf8, 0xc7, 0xf8, 0xc7, 0xf8, 0xc7, 0xf8, 0xc7, 0xf8, 0xc7, 0xf8, 0xc7, 
  0xf8, 0xc7, 0xf7, 0xc7, 0xf7, 0xc7, 0xf8, 0xc7, 0xf9, 0xcf, 0xfa, 0xcf, 0x78, 0xc7, 0xd7, 0xbe, 0x15, 0xae, 0xf5, 0xb5, 0xd6, 0xb5, 0xd6, 0xbd, 0xf7, 0xbd, 0xd8, 0xbd, 0xb7, 0xb5, 0x97, 0xb5, 0xb7, 0xb5, 0xb7, 0xbd, 0xb7, 0xbd, 0xb7, 0xbd, 0xb7, 0xbd, 0xb7, 0xbd, 0xb7, 0xbd, 0xb6, 0xbd, 0xb6, 0xbd, 0xb6, 0xbd, 0xb6, 0xb5, 0xd6, 0xb5, 0xd6, 0xb5, 0xf6, 0xb5, 0xf6, 0xb5, 0x16, 0xae, 0x58, 0xc7, 0xb9, 0xcf, 0xf9, 0xcf, 0xf8, 0xcf, 0xf8, 0xc7, 0xf7, 0xc7, 0xf8, 0xc7, 0xf8, 0xc7, 0xf8, 0xc7, 0xf8, 0xcf, 0xf9, 0xcf, 0xf9, 0xcf, 0xf8, 0xc7, 0xf8, 0xc7, 0xf8, 0xc7, 0xf8, 0xc7, 0xd8, 0xcf, 0xd9, 0xcf, 0x79, 0xcf, 0xd7, 0xbe, 0x35, 0xae, 0xd5, 0xad, 0xb6, 0xb5, 0xd7, 0xb5, 0xb7, 0xbd, 0xb7, 0xbd, 0xb7, 0xbd, 0xb7, 0xbd, 0xb7, 0xbd, 0xd7, 0xbd, 0xd7, 0xbd, 0xd7, 0xbd, 0xd7, 0xbd, 0xb7, 0xbd, 0xb7, 0xbd, 0xb7, 0xbd, 0xb7, 0xbd, 0xb7, 0xbd, 0xb7, 0xbd, 0xd7, 0xbd, 0xd6, 0xb5, 0xb5, 0xad, 0xd5, 0xad, 0x76, 0xb6, 0x38, 0xc7, 0xd9, 0xcf, 0xf9, 0xcf, 0xf8, 0xc7, 0xf8, 0xc7, 0xf8, 0xc7, 0xf8, 0xc7, 0xf8, 0xc7, 
  0xf7, 0xc7, 0xf7, 0xc7, 0xf8, 0xc7, 0xf9, 0xc7, 0xd9, 0xcf, 0x59, 0xc7, 0x76, 0xb6, 0xb4, 0xa5, 0xd6, 0xb5, 0xb6, 0xb5, 0xb6, 0xbd, 0xb7, 0xbd, 0xb7, 0xbd, 0xb6, 0xb5, 0xd7, 0xb5, 0xf7, 0xbd, 0xd6, 0xb5, 0xd6, 0xb5, 0xd6, 0xb5, 0xd6, 0xb5, 0xd6, 0xb5, 0xd6, 0xb5, 0xd7, 0xbd, 0xd7, 0xbd, 0xd7, 0xbd, 0xd7, 0xbd, 0xd6, 0xbd, 0xd7, 0xbd, 0xd7, 0xbd, 0xd6, 0xb5, 0xd6, 0xb5, 0xd6, 0xb5, 0x36, 0xb6, 0x18, 0xc7, 0xb9, 0xcf, 0xd9, 0xcf, 0xd8, 0xc7, 0xf8, 0xc7, 0xf8, 0xc7, 0xf8, 0xc7, 0xf8, 0xc7, 0xf8, 0xc7, 0xf9, 0xc7, 0xf9, 0xc7, 0xf8, 0xc7, 0xf8, 0xc7, 0xf8, 0xc7, 0xf8, 0xc7, 0xfa, 0xd7, 0x38, 0xcf, 0x76, 0xb6, 0xf5, 0xad, 0xd5, 0xad, 0xf6, 0xb5, 0xd7, 0xbd, 0xb7, 0xbd, 0xb7, 0xbd, 0xb7, 0xbd, 0xb7, 0xbd, 0xd7, 0xbd, 0xd7, 0xbd, 0xd6, 0xb5, 0xd6, 0xb5, 0xd6, 0xb5, 0xd7, 0xb5, 0xd7, 0xb5, 0xd7, 0xbd, 0xd7, 0xbd, 0xd7, 0xbd, 0xb7, 0xbd, 0xb6, 0xbd, 0xb6, 0xbd, 0xb6, 0xb5, 0xf7, 0xbd, 0xd6, 0xb5, 0xb4, 0xa5, 0x35, 0xae, 0x18, 0xc7, 0xba, 0xcf, 0xf9, 0xcf, 0xf8, 0xc7, 0xf8, 0xc7, 0xf8, 0xc7, 0xf8, 0xc7, 
  0xf7, 0xc7, 0xf7, 0xc7, 0xf8, 0xcf, 0xfa, 0xcf, 0x79, 0xcf, 0x15, 0xae, 0xf6, 0xad, 0xf7, 0xbd, 0xb7, 0xbd, 0x96, 0xbd, 0xb7, 0xbd, 0xb6, 0xbd, 0xf6, 0xbd, 0xd6, 0xb5, 0xf6, 0xad, 0xd5, 0xa5, 0xd5, 0xa5, 0xd5, 0xad, 0x15, 0xae, 0x16, 0xb6, 0x36, 0xb6, 0x16, 0xb6, 0xf5, 0xad, 0xd5, 0xad, 0xd6, 0xad, 0xd6, 0xb5, 0xd6, 0xb5, 0xd6, 0xb5, 0xd7, 0xbd, 0xb6, 0xbd, 0xb6, 0xbd, 0xb6, 0xbd, 0xd6, 0xb5, 0xf5, 0xad, 0xb7, 0xbe, 0xba, 0xd7, 0xf9, 0xd7, 0xf9, 0xcf, 0xf8, 0xc7, 0xf8, 0xbf, 0xf8, 0xc7, 0xf9, 0xc7, 0xf8, 0xc7, 0xf9, 0xc7, 0xd8, 0xc7, 0xf8, 0xcf, 0xf8, 0xc7, 0xf9, 0xcf, 0x18, 0xc7, 0x36, 0xb6, 0xd5, 0xad, 0xd6, 0xb5, 0xd6, 0xb5, 0xd6, 0xb5, 0xd7, 0xbd, 0xb6, 0xb5, 0xd7, 0xbd, 0xb6, 0xb5, 0xb6, 0xb5, 0xd6, 0xad, 0xf5, 0xb5, 0x15, 0xae, 0x15, 0xae, 0xf5, 0xad, 0xf5, 0xad, 0xd5, 0xad, 0xd5, 0xad, 0xf5, 0xb5, 0xf6, 0xb5, 0xf6, 0xb5, 0xd6, 0xb5, 0xb6, 0xbd, 0xb6, 0xb5, 0xf7, 0xbd, 0xb6, 0xb5, 0xd6, 0xb5, 0xf6, 0xb5, 0xf5, 0xad, 0xd8, 0xbe, 0xda, 0xd7, 0xf9, 0xcf, 0xf8, 0xc7, 0xf8, 0xc7, 0xf8, 0xc7, 
  0xf7, 0xc7, 0xf8, 0xcf, 0xd8, 0xcf, 0x79, 0xcf, 0x56, 0xb6, 0x17, 0xb6, 0xb7, 0xb5, 0xb7, 0xbd, 0x76, 0xb5, 0x96, 0xbd, 0xd7, 0xbd, 0x17, 0xbe, 0xf5, 0xb5, 0xf5, 0xad, 0x56, 0xae, 0xb7, 0xb6, 0x18, 0xc7, 0x18, 0xc7, 0x38, 0xc7, 0x59, 0xcf, 0x59, 0xcf, 0x39, 0xc7, 0x39, 0xc7, 0x19, 0xc7, 0x76, 0xb6, 0x15, 0xae, 0xf6, 0xad, 0xf6, 0xb5, 0xb6, 0xb5, 0x96, 0xbd, 0xd7, 0xc5, 0xd7, 0xc5, 0xb6, 0xbd, 0xd6, 0xb5, 0xf5, 0xb5, 0xd7, 0xc6, 0xba, 0xd7, 0xfa, 0xcf, 0xd8, 0xc7, 0xf8, 0xc7, 0xf8, 0xc7, 0xf8, 0xbf, 0xf9, 0xc7, 0xd8, 0xc7, 0xf9, 0xcf, 0xf8, 0xcf, 0xf9, 0xcf, 0x17, 0xc7, 0x56, 0xb6, 0xb5, 0xad, 0xd6, 0xb5, 0xf7, 0xbd, 0xb6, 0xb5, 0xd7, 0xbd, 0xf7, 0xbd, 0xb6, 0xb5, 0xb6, 0xb5, 0xd6, 0xb5, 0x16, 0xb6, 0x76, 0xb6, 0xb7, 0xbe, 0x17, 0xc7, 0x38, 0xc7, 0x58, 0xc7, 0xf7, 0xbe, 0xd7, 0xbe, 0xb7, 0xbe, 0x76, 0xb6, 0x15, 0xae, 0xd4, 0xad, 0xd5, 0xb5, 0xf6, 0xbd, 0xd7, 0xbd, 0xb6, 0xb5, 0xf7, 0xbd, 0xb6, 0xb5, 0xd6, 0xb5, 0x17, 0xbe, 0x16, 0xb6, 0x18, 0xc7, 0xd9, 0xcf, 0xf9, 0xcf, 0xf8, 0xc7, 0xf8, 0xc7, 
  0xf8, 0xcf, 0xd8, 0xcf, 0xd9, 0xd7, 0x96, 0xb6, 0xb5, 0xad, 0xd7, 0xb5, 0xb8, 0xbd, 0x77, 0xbd, 0xd8, 0xc5, 0xd7, 0xbd, 0xb5, 0xb5, 0xf5, 0xb5, 0x14, 0xae, 0xf7, 0xbe, 0x99, 0xcf, 0xd9, 0xcf, 0xd9, 0xd7, 0xd9, 0xd7, 0xd9, 0xcf, 0xfa, 0xcf, 0xfa, 0xcf, 0xfa, 0xcf, 0xfa, 0xcf, 0xda, 0xcf, 0x9a, 0xcf, 0x7a, 0xcf, 0x97, 0xbe, 0xf5, 0xad, 0xf6, 0xb5, 0xf6, 0xbd, 0xb6, 0xbd, 0x96, 0xbd, 0x96, 0xbd, 0xd6, 0xbd, 0xb5, 0xb5, 0xd5, 0xad, 0xd8, 0xc6, 0xba, 0xcf, 0xfa, 0xcf, 0xf9, 0xc7, 0xf8, 0xbf, 0xf9, 0xc7, 0xf8, 0xc7, 0xf8, 0xc7, 0xf9, 0xcf, 0xd9, 0xd7, 0x17, 0xc7, 0x35, 0xb6, 0xb5, 0xad, 0xb7, 0xbd, 0xb6, 0xb5, 0xb6, 0xb5, 0xf7, 0xbd, 0xd6, 0xb5, 0xb5, 0xad, 0xf6, 0xb5, 0x57, 0xbe, 0xd7, 0xc6, 0x59, 0xcf, 0xba, 0xd7, 0xfa, 0xd7, 0xfa, 0xd7, 0xf9, 0xcf, 0xf9, 0xcf, 0xf9, 0xcf, 0xf9, 0xd7, 0xfa, 0xd7, 0xb9, 0xd7, 0x78, 0xcf, 0xf7, 0xbe, 0x35, 0xb6, 0xb4, 0xad, 0xd6, 0xb5, 0xd6, 0xb5, 0xb6, 0xb5, 0xd7, 0xbd, 0xd7, 0xbd, 0xd7, 0xb5, 0xd7, 0xb5, 0x16, 0xb6, 0x79, 0xcf, 0xf9, 0xcf, 0xd9, 0xcf, 0xf9, 0xcf, 
  0xf8, 0xcf, 0xb8, 0xcf, 0x79, 0xcf, 0x15, 0xae, 0xb6, 0xb5, 0xb7, 0xbd, 0xb8, 0xc5, 0x97, 0xbd, 0xd7, 0xbd, 0xb6, 0xb5, 0xf5, 0xad, 0xb7, 0xbe, 0x58, 0xc7, 0xfa, 0xd7, 0xfa, 0xd7, 0xd9, 0xc7, 0xf9, 0xcf, 0xf8, 0xc7, 0xf8, 0xc7, 0xf8, 0xc7, 0xf8, 0xc7, 0xf9, 0xc7, 0xf9, 0xc7, 0xf9, 0xc7, 0xfa, 0xcf, 0xda, 0xcf, 0xba, 0xd7, 0x39, 0xcf, 0x36, 0xb6, 0xf5, 0xb5, 0x16, 0xbe, 0xd6, 0xbd, 0xb6, 0xbd, 0xb6, 0xbd, 0xd6, 0xbd, 0xd6, 0xb5, 0xf5, 0xad, 0xf8, 0xc6, 0xda, 0xd7, 0xf9, 0xcf, 0xd8, 0xbf, 0xf9, 0xcf, 0xd8, 0xc7, 0xf9, 0xcf, 0xd9, 0xcf, 0x58, 0xcf, 0x35, 0xae, 0xd5, 0xb5, 0xb6, 0xb5, 0xd8, 0xc5, 0xb6, 0xb5, 0x96, 0xb5, 0xf6, 0xb5, 0xd5, 0xad, 0xf5, 0xad, 0xb7, 0xbe, 0x7a, 0xd7, 0xb9, 0xd7, 0xd9, 0xd7, 0xf9, 0xcf, 0xf9, 0xcf, 0xf8, 0xc7, 0xf8, 0xc7, 0xf8, 0xc7, 0xf9, 0xcf, 0xf8, 0xcf, 0xd8, 0xc7, 0xd8, 0xcf, 0xf9, 0xd7, 0xd9, 0xd7, 0x58, 0xcf, 0xd7, 0xbe, 0x15, 0xb6, 0xf6, 0xb5, 0x95, 0xad, 0xf7, 0xbd, 0xd7, 0xbd, 0x96, 0xb5, 0xd7, 0xbd, 0xd6, 0xad, 0xb7, 0xbe, 0xb9, 0xcf, 0xd9, 0xcf, 0xd9, 0xcf, 
  0xd9, 0xcf, 0xb9, 0xcf, 0x76, 0xb6, 0x16, 0xb6, 0xb6, 0xb5, 0xd7, 0xbd, 0x97, 0xbd, 0xd7, 0xbd, 0xb6, 0xb5, 0xd5, 0xad, 0xd7, 0xbe, 0xda, 0xd7, 0xfa, 0xd7, 0xd9, 0xc7, 0xd8, 0xc7, 0xf8, 0xc7, 0xf8, 0xc7, 0xf8, 0xc7, 0xf8, 0xc7, 0xf8, 0xc7, 0xf8, 0xc7, 0xf8, 0xc7, 0xf8, 0xbf, 0xf8, 0xc7, 0xd8, 0xbf, 0xf9, 0xcf, 0xfa, 0xcf, 0xda, 0xd7, 0x9a, 0xd7, 0xb7, 0xbe, 0xf4, 0xad, 0x16, 0xbe, 0xf6, 0xbd, 0x95, 0xb5, 0xb6, 0xbd, 0x17, 0xbe, 0xd6, 0xb5, 0x16, 0xae, 0x18, 0xc7, 0xfb, 0xd7, 0xf9, 0xcf, 0xd8, 0xc7, 0xf9, 0xcf, 0xb9, 0xcf, 0x79, 0xcf, 0x76, 0xb6, 0xf6, 0xb5, 0xd6, 0xb5, 0xd7, 0xbd, 0x96, 0xb5, 0xd7, 0xbd, 0xf6, 0xb5, 0xb4, 0xa5, 0x56, 0xb6, 0x59, 0xcf, 0x99, 0xcf, 0xd9, 0xd7, 0xf9, 0xcf, 0xf8, 0xc7, 0xf8, 0xc7, 0xf8, 0xc7, 0xf8, 0xc7, 0xf8, 0xc7, 0xf8, 0xc7, 0xf8, 0xc7, 0xf8, 0xc7, 0xf8, 0xc7, 0xd7, 0xc7, 0xd8, 0xc7, 0xf9, 0xcf, 0xfa, 0xd7, 0xda, 0xd7, 0xd8, 0xbe, 0x16, 0xae, 0xf6, 0xb5, 0xd6, 0xb5, 0xd7, 0xb5, 0xf7, 0xbd, 0x96, 0xb5, 0xf7, 0xbd, 0x35, 0xae, 0x58, 0xcf, 0xda, 0xd7, 0xd9, 0xcf, 
  0xda, 0xd7, 0x59, 0xcf, 0xf5, 0xad, 0xd5, 0xad, 0xf7, 0xc5, 0x96, 0xbd, 0x96, 0xbd, 0xf7, 0xbd, 0xf5, 0xad, 0xd7, 0xbe, 0xba, 0xcf, 0xd9, 0xcf, 0xf9, 0xc7, 0xd8, 0xc7, 0xf9, 0xcf, 0xf9, 0xcf, 0xf8, 0xc7, 0xf8, 0xc7, 0xf8, 0xc7, 0xf8, 0xc7, 0xf8, 0xc7, 0xf8, 0xc7, 0xf8, 0xc7, 0xf8, 0xc7, 0xf9, 0xcf, 0xf8, 0xc7, 0xd8, 0xcf, 0xf9, 0xcf, 0xda, 0xd7, 0xba, 0xd7, 0x17, 0xc7, 0xd4, 0xa5, 0xf5, 0xb5, 0xb6, 0xb5, 0x96, 0xb5, 0xb6, 0xbd, 0xd7, 0xbd, 0xb6, 0xad, 0x56, 0xb6, 0x79, 0xcf, 0xfa, 0xd7, 0xb8, 0xc7, 0xf9, 0xcf, 0xd9, 0xcf, 0x96, 0xb6, 0xd5, 0xad, 0xf7, 0xbd, 0xb7, 0xbd, 0xb7, 0xbd, 0xb6, 0xb5, 0xd6, 0xb5, 0xf6, 0xad, 0x56, 0xb6, 0x59, 0xcf, 0xfa, 0xd7, 0xf9, 0xcf, 0xd8, 0xc7, 0xf8, 0xc7, 0xf8, 0xc7, 0xf8, 0xc7, 0xf9, 0xcf, 0xf9, 0xcf, 0xf8, 0xc7, 0xf8, 0xc7, 0xf8, 0xc7, 0xf8, 0xcf, 0xf8, 0xcf, 0xf8, 0xcf, 0xf8, 0xc7, 0xf8, 0xc7, 0xf9, 0xcf, 0xd9, 0xcf, 0x9a, 0xcf, 0xd8, 0xbe, 0x36, 0xb6, 0xd6, 0xb5, 0xd7, 0xb5, 0xf7, 0xbd, 0xb7, 0xbd, 0xd6, 0xb5, 0xf4, 0xad, 0xd7, 0xbe, 0xba, 0xd7, 0xda, 0xd7, 
  0xba, 0xd7, 0xb7, 0xb6, 0xf5, 0xad, 0x95, 0xad, 0xf7, 0xc5, 0x96, 0xbd, 0xd6, 0xbd, 0xd5, 0xb5, 0x76, 0xb6, 0x99, 0xcf, 0xfa, 0xd7, 0xd8, 0xc7, 0xf8, 0xc7, 0xf9, 0xcf, 0xf9, 0xcf, 0xf9, 0xc7, 0xf8, 0xc7, 0xf8, 0xc7, 0xf8, 0xc7, 0xf8, 0xc7, 0xf8, 0xc7, 0xf8, 0xc7, 0xf8, 0xc7, 0xf7, 0xc7, 0xd7, 0xbf, 0xf9, 0xcf, 0xf8, 0xcf, 0xb7, 0xc7, 0xd9, 0xcf, 0xfa, 0xd7, 0xb9, 0xcf, 0x38, 0xc7, 0x15, 0xae, 0x16, 0xbe, 0xb6, 0xb5, 0x96, 0xb5, 0xb7, 0xbd, 0xd6, 0xb5, 0xf6, 0xb5, 0x76, 0xb6, 0xb9, 0xd7, 0xd9, 0xd7, 0xb9, 0xcf, 0x58, 0xc7, 0xf5, 0xa5, 0xd6, 0xb5, 0xb8, 0xbd, 0x98, 0xbd, 0x97, 0xb5, 0xf7, 0xbd, 0xd5, 0xad, 0x36, 0xb6, 0x79, 0xcf, 0xfa, 0xdf, 0xd8, 0xcf, 0xf8, 0xc7, 0xf8, 0xc7, 0xf8, 0xc7, 0xf7, 0xbf, 0xf7, 0xbf, 0xf8, 0xc7, 0xf8, 0xc7, 0xf9, 0xc7, 0xf9, 0xcf, 0xf9, 0xcf, 0xf8, 0xc7, 0xf7, 0xc7, 0xf7, 0xc7, 0xf8, 0xc7, 0xf8, 0xc7, 0xf8, 0xc7, 0xf9, 0xcf, 0xda, 0xd7, 0xba, 0xd7, 0x77, 0xb6, 0xf6, 0xb5, 0xf6, 0xb5, 0xb6, 0xb5, 0xf7, 0xbd, 0xb6, 0xb5, 0xf5, 0xad, 0x55, 0xb6, 0x79, 0xcf, 0xda, 0xd7, 
  0x7a, 0xd7, 0x36, 0xb6, 0xd5, 0xb5, 0xf7, 0xbd, 0x96, 0xb5, 0xf7, 0xc5, 0xd6, 0xb5, 0xd4, 0xad, 0x38, 0xc7, 0xf9, 0xcf, 0xf8, 0xc7, 0xf8, 0xc7, 0xf8, 0xc7, 0xf8, 0xc7, 0xb8, 0xc7, 0xf9, 0xcf, 0xf8, 0xc7, 0xf8, 0xc7, 0xf8, 0xc7, 0xf8, 0xc7, 0xf8, 0xc7, 0xf8, 0xc7, 0xf8, 0xc7, 0xf8, 0xc7, 0xf8, 0xc7, 0xf7, 0xc7, 0xf8, 0xc7, 0xf9, 0xcf, 0xf9, 0xcf, 0xd8, 0xc7, 0xd8, 0xc7, 0xd9, 0xcf, 0x96, 0xb6, 0xf5, 0xad, 0xd6, 0xb5, 0xd7, 0xbd, 0xb7, 0xb5, 0xb6, 0xb5, 0xf6, 0xb5, 0xf5, 0xad, 0x18, 0xc7, 0xda, 0xdf, 0x79, 0xcf, 0x35, 0xae, 0x16, 0xb6, 0xd7, 0xb5, 0x98, 0xbd, 0xb8, 0xbd, 0xb7, 0xb5, 0xf6, 0xb5, 0x56, 0xb6, 0x39, 0xc7, 0xfa, 0xd7, 0xf9, 0xcf, 0xd8, 0xc7, 0xf8, 0xcf, 0xf7, 0xc7, 0xf7, 0xc7, 0xf8, 0xc7, 0xf8, 0xc7, 0xf8, 0xc7, 0xf8, 0xc7, 0xf9, 0xc7, 0xf8, 0xc7, 0xf8, 0xcf, 0xf8, 0xc7, 0xf8, 0xc7, 0xf8, 0xc7, 0xf8, 0xc7, 0xf8, 0xc7, 0xf8, 0xc7, 0xf9, 0xc7, 0xd9, 0xcf, 0xda, 0xd7, 0x59, 0xcf, 0x15, 0xae, 0xd5, 0xad, 0xf6, 0xbd, 0xb6, 0xb5, 0xf7, 0xbd, 0xf5, 0xb5, 0xd4, 0xa5, 0x38, 0xcf, 0xdb, 0xdf, 
  0xfa, 0xce, 0xd6, 0xad, 0xd6, 0xb5, 0xd6, 0xbd, 0xd6, 0xbd, 0xd6, 0xbd, 0xb4, 0xad, 0xb7, 0xbe, 0xd9, 0xcf, 0xd9, 0xcf, 0xf8, 0xc7, 0xf8, 0xc7, 0xf8, 0xc7, 0xf8, 0xc7, 0xf8, 0xcf, 0xf8, 0xcf, 0xf8, 0xc7, 0xf8, 0xc7, 0xf8, 0xc7, 0xf8, 0xc7, 0xf8, 0xc7, 0xf8, 0xc7, 0xf8, 0xc7, 0xf8, 0xc7, 0xf8, 0xc7, 0xf8, 0xc7, 0xf8, 0xc7, 0xf8, 0xc7, 0xf9, 0xc7, 0xf9, 0xc7, 0xf9, 0xc7, 0xd9, 0xc7, 0xba, 0xd7, 0x76, 0xb6, 0xd5, 0xad, 0xd6, 0xb5, 0xb7, 0xb5, 0xf8, 0xbd, 0xb6, 0xad, 0xf6, 0xb5, 0x36, 0xb6, 0x3a, 0xdf, 0x98, 0xc6, 0xd6, 0xb5, 0xd7, 0xb5, 0xf7, 0xbd, 0x96, 0xb5, 0xd7, 0xb5, 0x16, 0xb6, 0xd4, 0xa5, 0x38, 0xc7, 0xda, 0xcf, 0xd8, 0xc7, 0xf9, 0xc7, 0xf7, 0xbf, 0xf8, 0xc7, 0xf8, 0xcf, 0xf8, 0xcf, 0xf8, 0xc7, 0xf8, 0xc7, 0xf8, 0xc7, 0xf8, 0xc7, 0xf8, 0xc7, 0xf8, 0xc7, 0xf8, 0xc7, 0xf8, 0xc7, 0xf8, 0xc7, 0xf8, 0xc7, 0xf8, 0xc7, 0xf8, 0xc7, 0xf8, 0xc7, 0xf8, 0xc7, 0xf9, 0xcf, 0xd8, 0xc7, 0xd9, 0xd7, 0xb6, 0xbe, 0xf5, 0xad, 0xd6, 0xb5, 0xd8, 0xc5, 0x76, 0xbd, 0xd6, 0xb5, 0xf5, 0xb5, 0x96, 0xbe, 0xdb, 0xdf, 
  0x99, 0xce, 0xb6, 0xb5, 0xb6, 0xbd, 0xb6, 0xbd, 0xd6, 0xbd, 0xd6, 0xb5, 0xf5, 0xad, 0xf7, 0xbe, 0xd9, 0xcf, 0xf8, 0xc7, 0xf8, 0xc7, 0xf7, 0xc7, 0xf8, 0xc7, 0xf8, 0xcf, 0xf8, 0xc7, 0xf8, 0xc7, 0xf8, 0xc7, 0xf8, 0xc7, 0xf8, 0xc7, 0xf8, 0xc7, 0xf8, 0xc7, 0xf8, 0xc7, 0xf8, 0xc7, 0xf8, 0xc7, 0xf8, 0xc7, 0xf8, 0xc7, 0xf8, 0xc7, 0xf8, 0xc7, 0xf8, 0xc7, 0xf9, 0xc7, 0xf8, 0xc7, 0xd9, 0xc7, 0xd9, 0xcf, 0x79, 0xcf, 0x56, 0xb6, 0xf6, 0xad, 0xd7, 0xb5, 0xb7, 0xb5, 0xd7, 0xb5, 0xd6, 0xb5, 0xf6, 0xb5, 0x58, 0xc6, 0xf7, 0xbd, 0xb7, 0xbd, 0xb7, 0xbd, 0xd7, 0xbd, 0xb6, 0xb5, 0x16, 0xb6, 0xf5, 0xad, 0xd7, 0xbe, 0xb9, 0xcf, 0xf9, 0xc7, 0xf8, 0xbf, 0xf8, 0xbf, 0xf8, 0xc7, 0xf8, 0xc7, 0xf8, 0xcf, 0xf8, 0xcf, 0xf8, 0xcf, 0xf8, 0xc7, 0xf8, 0xc7, 0xf8, 0xc7, 0xf8, 0xc7, 0xf8, 0xc7, 0xf8, 0xc7, 0xf8, 0xc7, 0xf8, 0xc7, 0xf8, 0xc7, 0xf8, 0xc7, 0xf8, 0xc7, 0xf8, 0xc7, 0xf8, 0xc7, 0xf8, 0xc7, 0xf8, 0xc7, 0xf9, 0xcf, 0x17, 0xc7, 0xf5, 0xad, 0xf6, 0xbd, 0xb7, 0xc5, 0x97, 0xbd, 0xb6, 0xbd, 0xd5, 0xb5, 0x56, 0xb6, 0x9b, 0xd7, 
  0x38, 0xc6, 0xb6, 0xb5, 0xb6, 0xbd, 0xb6, 0xbd, 0xb6, 0xbd, 0xf6, 0xbd, 0x15, 0xae, 0x38, 0xc7, 0xd9, 0xcf, 0xf8, 0xc7, 0xf8, 0xc7, 0xf8, 0xc7, 0xf8, 0xc7, 0xf8, 0xc7, 0xf8, 0xc7, 0xf8, 0xc7, 0xf8, 0xc7, 0xf8, 0xc7, 0xf8, 0xc7, 0xf8, 0xc7, 0xf8, 0xc7, 0xf8, 0xc7, 0xf8, 0xc7, 0xf8, 0xc7, 0xf8, 0xc7, 0xf8, 0xc7, 0xf8, 0xc7, 0xf8, 0xc7, 0xf8, 0xc7, 0xf8, 0xc7, 0xf8, 0xc7, 0xf8, 0xc7, 0xd8, 0xc7, 0xfa, 0xd7, 0xf8, 0xc6, 0xf5, 0xad, 0xd6, 0xb5, 0xb6, 0xb5, 0xf7, 0xbd, 0xd6, 0xb5, 0xd6, 0xb5, 0xb6, 0xb5, 0x96, 0xb5, 0xd7, 0xbd, 0xb6, 0xb5, 0xd7, 0xbd, 0xd6, 0xb5, 0xf5, 0xad, 0x55, 0xae, 0xda, 0xcf, 0xfa, 0xcf, 0xf9, 0xcf, 0xf9, 0xc7, 0xd7, 0xbf, 0xf8, 0xc7, 0xf8, 0xc7, 0xf8, 0xc7, 0xf8, 0xc7, 0xf8, 0xc7, 0xf8, 0xc7, 0xf8, 0xc7, 0xf8, 0xc7, 0xf8, 0xc7, 0xf8, 0xc7, 0xf8, 0xc7, 0xf8, 0xc7, 0xf8, 0xc7, 0xf8, 0xc7, 0xf8, 0xc7, 0xf8, 0xc7, 0xf8, 0xc7, 0xf8, 0xc7, 0xf7, 0xc7, 0xf8, 0xc7, 0xd8, 0xcf, 0x78, 0xcf, 0xf5, 0xad, 0xf6, 0xbd, 0x97, 0xbd, 0xb8, 0xc5, 0xd6, 0xbd, 0xd5, 0xb5, 0x36, 0xae, 0x7a, 0xd7, 
  0x17, 0xbe, 0xb6, 0xb5, 0xd7, 0xbd, 0xb6, 0xbd, 0xb6, 0xbd, 0xd6, 0xb5, 0x36, 0xb6, 0x59, 0xc7, 0xf9, 0xcf, 0xf8, 0xc7, 0xf8, 0xc7, 0xf8, 0xc7, 0xf8, 0xc7, 0xf8, 0xc7, 0xf8, 0xc7, 0xf8, 0xc7, 0xf8, 0xc7, 0xf8, 0xc7, 0xf8, 0xc7, 0xf8, 0xc7, 0xf8, 0xc7, 0xf8, 0xc7, 0xf8, 0xc7, 0xf8, 0xc7, 0xf8, 0xc7, 0xf8, 0xc7, 0xf8, 0xc7, 0xf8, 0xc7, 0xf8, 0xc7, 0xf8, 0xc7, 0xf8, 0xc7, 0xf8, 0xc7, 0xf8, 0xc7, 0xd9, 0xcf, 0xba, 0xd7, 0x56, 0xb6, 0xd6, 0xb5, 0xf7, 0xb5, 0xd6, 0xb5, 0xf6, 0xb5, 0xd6, 0xb5, 0xd6, 0xb5, 0xd7, 0xbd, 0xd7, 0xbd, 0xb6, 0xb5, 0xd7, 0xbd, 0xd6, 0xb5, 0xf5, 0xad, 0x38, 0xbf, 0xfa, 0xcf, 0xb8, 0xc7, 0xd8, 0xcf, 0xf9, 0xcf, 0xd7, 0xc7, 0xf8, 0xc7, 0xf8, 0xc7, 0xf8, 0xc7, 0xf8, 0xc7, 0xf8, 0xc7, 0xf8, 0xc7, 0xf8, 0xc7, 0xf8, 0xc7, 0xf8, 0xc7, 0xf8, 0xc7, 0xf8, 0xc7, 0xf8, 0xc7, 0xf8, 0xc7, 0xf8, 0xc7, 0xf8, 0xc7, 0xf8, 0xc7, 0xf8, 0xc7, 0xf8, 0xc7, 0xf8, 0xc7, 0xf8, 0xc7, 0xd8, 0xcf, 0xb9, 0xd7, 0x35, 0xae, 0xf6, 0xb5, 0x97, 0xbd, 0xd8, 0xc5, 0xb6, 0xbd, 0xd5, 0xb5, 0xf5, 0xad, 0x5a, 0xcf, 
  0xd7, 0xb5, 0xb7, 0xb5, 0xd7, 0xbd, 0xb6, 0xbd, 0xb6, 0xbd, 0xd6, 0xb5, 0x56, 0xb6, 0x99, 0xcf, 0xf9, 0xcf, 0xf8, 0xc7, 0xf8, 0xc7, 0xf8, 0xc7, 0xf8, 0xc7, 0xf8, 0xc7, 0xf8, 0xc7, 0xf8, 0xc7, 0xf8, 0xc7, 0xf8, 0xc7, 0xf8, 0xc7, 0xf8, 0xc7, 0xf8, 0xc7, 0xf8, 0xc7, 0xf8, 0xc7, 0xf8, 0xc7, 0xf8, 0xc7, 0xf8, 0xc7, 0xf8, 0xc7, 0xf8, 0xc7, 0xf8, 0xc7, 0xf8, 0xc7, 0xf8, 0xc7, 0xf8, 0xc7, 0xf8, 0xc7, 0xd7, 0xc7, 0xfa, 0xd7, 0x19, 0xc7, 0x37, 0xb6, 0xd6, 0xb5, 0xd6, 0xb5, 0xb6, 0xb5, 0xb6, 0xb5, 0xf7, 0xbd, 0xd7, 0xbd, 0xb7, 0xbd, 0xb6, 0xb5, 0xd6, 0xbd, 0xb5, 0xad, 0x97, 0xbe, 0xfa, 0xcf, 0xf9, 0xc7, 0xd8, 0xc7, 0xd8, 0xcf, 0xf8, 0xcf, 0xf8, 0xcf, 0xf8, 0xc7, 0xf8, 0xc7, 0xf8, 0xbf, 0xf8, 0xc7, 0xf8, 0xc7, 0xf8, 0xc7, 0xf8, 0xc7, 0xf8, 0xc7, 0xf8, 0xc7, 0xf8, 0xc7, 0xf8, 0xc7, 0xf8, 0xc7, 0xf8, 0xc7, 0xf8, 0xc7, 0xf8, 0xc7, 0xf8, 0xc7, 0xf8, 0xc7, 0xf8, 0xc7, 0xf8, 0xc7, 0xf8, 0xc7, 0xd9, 0xcf, 0xb9, 0xd7, 0x76, 0xb6, 0xd6, 0xb5, 0xb6, 0xb5, 0xb7, 0xbd, 0xd7, 0xbd, 0xd6, 0xb5, 0xf5, 0xad, 0x3a, 0xcf, 
  0xd7, 0xb5, 0xd7, 0xbd, 0xb7, 0xbd, 0xb6, 0xbd, 0xb6, 0xbd, 0xd5, 0xb5, 0x56, 0xb6, 0xba, 0xcf, 0xf9, 0xcf, 0xf8, 0xc7, 0xf8, 0xc7, 0xf8, 0xc7, 0xf8, 0xc7, 0xf8, 0xc7, 0xf8, 0xc7, 0xf8, 0xc7, 0xf8, 0xc7, 0xf8, 0xc7, 0xf8, 0xc7, 0xf8, 0xc7, 0xf8, 0xc7, 0xf8, 0xc7, 0xf8, 0xc7, 0xf8, 0xc7, 0xf8, 0xc7, 0xf8, 0xc7, 0xf8, 0xc7, 0xf8, 0xc7, 0xf8, 0xc7, 0xf8, 0xc7, 0xf8, 0xc7, 0xf7, 0xc7, 0xf8, 0xc7, 0xf8, 0xc7, 0xfa, 0xd7, 0x9a, 0xd7, 0x78, 0xc6, 0xb6, 0xad, 0x17, 0xbe, 0xb6, 0xb5, 0xd6, 0xb5, 0xd7, 0xbd, 0xb6, 0xb5, 0xb7, 0xbd, 0xd7, 0xbd, 0xd6, 0xbd, 0xb5, 0xb5, 0x39, 0xcf, 0xfa, 0xcf, 0xf8, 0xbf, 0xf9, 0xcf, 0xf8, 0xcf, 0xd8, 0xcf, 0xf8, 0xcf, 0xf8, 0xc7, 0xf8, 0xbf, 0xf8, 0xbf, 0xf8, 0xbf, 0xf8, 0xc7, 0xf8, 0xc7, 0xf8, 0xc7, 0xf8, 0xc7, 0xf8, 0xc7, 0xf8, 0xc7, 0xf8, 0xc7, 0xf8, 0xc7, 0xf8, 0xc7, 0xf8, 0xc7, 0xf8, 0xc7, 0xf8, 0xc7, 0xf8, 0xc7, 0xf8, 0xc7, 0xf8, 0xc7, 0xf8, 0xc7, 0xf9, 0xcf, 0xb9, 0xcf, 0x97, 0xbe, 0xd5, 0xad, 0xd7, 0xbd, 0xb7, 0xbd, 0xd7, 0xbd, 0xd6, 0xb5, 0xd5, 0xad, 0x1a, 0xcf, 
  0xd7, 0xb5, 0xd7, 0xbd, 0xb6, 0xbd, 0xb6, 0xbd, 0xd7, 0xbd, 0xb5, 0xb5, 0x56, 0xb6, 0xba, 0xd7, 0xd9, 0xc7, 0xf8, 0xc7, 0xf8, 0xc7, 0xf8, 0xc7, 0xf8, 0xc7, 0xf8, 0xc7, 0xf8, 0xc7, 0xf8, 0xc7, 0xf8, 0xc7, 0xf8, 0xc7, 0xf8, 0xc7, 0xf8, 0xc7, 0xf8, 0xc7, 0xf8, 0xc7, 0xf8, 0xc7, 0xf8, 0xc7, 0xf8, 0xc7, 0xf8, 0xc7, 0xf8, 0xc7, 0xf8, 0xc7, 0xf8, 0xc7, 0xf8, 0xc7, 0xf8, 0xc7, 0xf7, 0xc7, 0xf7, 0xbf, 0xf8, 0xc7, 0xd9, 0xcf, 0x9a, 0xd7, 0x57, 0xbe, 0xb6, 0xb5, 0xf7, 0xbd, 0xd7, 0xbd, 0xd7, 0xbd, 0xb7, 0xbd, 0xb7, 0xbd, 0xb7, 0xbd, 0xd7, 0xbd, 0xd6, 0xbd, 0xb5, 0xb5, 0x39, 0xcf, 0xf9, 0xcf, 0xf8, 0xc7, 0xf9, 0xcf, 0xf8, 0xcf, 0xd8, 0xc7, 0xf8, 0xcf, 0xf8, 0xc7, 0xf8, 0xc7, 0xf8, 0xc7, 0xf8, 0xc7, 0xf8, 0xc7, 0xf8, 0xc7, 0xf8, 0xc7, 0xf8, 0xc7, 0xf8, 0xc7, 0xf8, 0xc7, 0xf8, 0xc7, 0xf8, 0xc7, 0xf8, 0xc7, 0xf8, 0xc7, 0xf8, 0xc7, 0xf8, 0xc7, 0xf8, 0xc7, 0xf8, 0xc7, 0xf8, 0xc7, 0xf8, 0xc7, 0xd9, 0xcf, 0xb9, 0xcf, 0x97, 0xbe, 0xd5, 0xad, 0xd7, 0xbd, 0xb7, 0xbd, 0xb7, 0xbd, 0xd6, 0xbd, 0xd5, 0xad, 0x1a, 0xd7, 
  0xf7, 0xb5, 0xd7, 0xbd, 0xb6, 0xbd, 0xb6, 0xbd, 0xd7, 0xbd, 0xb5, 0xad, 0x56, 0xb6, 0xba, 0xd7, 0xd9, 0xc7, 0xf8, 0xc7, 0xf8, 0xc7, 0xf8, 0xc7, 0xf8, 0xc7, 0xf8, 0xc7, 0xf8, 0xc7, 0xf8, 0xc7, 0xf8, 0xc7, 0xf8, 0xc7, 0xf8, 0xc7, 0xf8, 0xc7, 0xf8, 0xc7, 0xf8, 0xc7, 0xf8, 0xc7, 0xf8, 0xc7, 0xf8, 0xc7, 0xf8, 0xc7, 0xf8, 0xc7, 0xf8, 0xc7, 0xf8, 0xc7, 0xf8, 0xc7, 0xf8, 0xc7, 0xf7, 0xc7, 0xf7, 0xbf, 0xf8, 0xc7, 0xfa, 0xd7, 0x19, 0xcf, 0xf6, 0xb5, 0xd7, 0xbd, 0x96, 0xb5, 0xf7, 0xbd, 0xb7, 0xb5, 0xb6, 0xb5, 0xd7, 0xbd, 0xb7, 0xbd, 0xb6, 0xbd, 0xd7, 0xbd, 0x95, 0xad, 0x76, 0xbe, 0xfa, 0xd7, 0xf8, 0xc7, 0xd8, 0xc7, 0xf8, 0xc7, 0xf8, 0xcf, 0xf8, 0xc7, 0xf8, 0xc7, 0xf8, 0xc7, 0xf8, 0xc7, 0xf8, 0xc7, 0xf8, 0xc7, 0xf8, 0xc7, 0xf8, 0xc7, 0xf8, 0xc7, 0xf8, 0xc7, 0xf8, 0xc7, 0xf8, 0xc7, 0xf8, 0xc7, 0xf8, 0xc7, 0xf8, 0xc7, 0xf8, 0xc7, 0xf8, 0xc7, 0xf8, 0xc7, 0xf8, 0xc7, 0xf8, 0xc7, 0xf8, 0xcf, 0xd9, 0xcf, 0xba, 0xd7, 0x77, 0xbe, 0xd5, 0xad, 0xd6, 0xb5, 0xb7, 0xbd, 0xb6, 0xbd, 0xd6, 0xbd, 0xd5, 0xad, 0x3a, 0xd7, 
  0x38, 0xbe, 0xb6, 0xb5, 0xd7, 0xbd, 0xf7, 0xc5, 0x96, 0xb5, 0xd6, 0xb5, 0x36, 0xb6, 0x59, 0xc7, 0xfa, 0xcf, 0xf9, 0xc7, 0xf8, 0xc7, 0xf8, 0xc7, 0xf8, 0xc7, 0xf8, 0xc7, 0xf8, 0xbf, 0xf8, 0xc7, 0xf8, 0xc7, 0xf8, 0xc7, 0xf8, 0xc7, 0xf8, 0xc7, 0xf8, 0xc7, 0xf8, 0xc7, 0xf8, 0xc7, 0xf8, 0xc7, 0xf8, 0xc7, 0xf8, 0xc7, 0xf8, 0xc7, 0xf8, 0xc7, 0xf8, 0xc7, 0xf8, 0xc7, 0xf7, 0xc7, 0xf7, 0xc7, 0xf7, 0xc7, 0xd8, 0xc7, 0xda, 0xd7, 0x97, 0xbe, 0xb5, 0xad, 0xf7, 0xbd, 0xd7, 0xbd, 0xb7, 0xb5, 0xd7, 0xbd, 0xb6, 0xb5, 0xd7, 0xbd, 0xb7, 0xbd, 0xb7, 0xbd, 0xd7, 0xbd, 0xb6, 0xb5, 0xf5, 0xb5, 0x38, 0xc7, 0xd9, 0xcf, 0xf9, 0xcf, 0xd8, 0xc7, 0xf8, 0xc7, 0xf8, 0xbf, 0xf7, 0xbf, 0xf8, 0xc7, 0xf8, 0xc7, 0xf8, 0xc7, 0xf8, 0xc7, 0xf8, 0xc7, 0xf8, 0xc7, 0xf8, 0xc7, 0xf8, 0xc7, 0xf8, 0xc7, 0xf8, 0xc7, 0xf8, 0xc7, 0xf8, 0xc7, 0xf8, 0xc7, 0xf8, 0xc7, 0xf8, 0xc7, 0xf8, 0xc7, 0xf8, 0xc7, 0xf8, 0xc7, 0xf9, 0xcf, 0xb9, 0xcf, 0x99, 0xd7, 0x76, 0xb6, 0xd5, 0xad, 0xd6, 0xb5, 0xd7, 0xbd, 0xb6, 0xbd, 0xb6, 0xb5, 0x16, 0xb6, 0x1a, 0xd7, 
  0x38, 0xbe, 0xb6, 0xad, 0xd6, 0xbd, 0xb7, 0xbd, 0xb6, 0xbd, 0xd6, 0xb5, 0xf5, 0xad, 0x39, 0xc7, 0xfb, 0xd7, 0xd8, 0xc7, 0xd8, 0xc7, 0xf8, 0xc7, 0xf8, 0xc7, 0xf8, 0xc7, 0xf8, 0xc7, 0xf8, 0xc7, 0xf8, 0xc7, 0xf8, 0xc7, 0xf8, 0xc7, 0xf8, 0xc7, 0xf8, 0xc7, 0xf8, 0xc7, 0xf8, 0xc7, 0xf8, 0xc7, 0xd7, 0xbf, 0xf8, 0xc7, 0xf9, 0xcf, 0xf8, 0xc7, 0xf8, 0xc7, 0xf8, 0xc7, 0xf8, 0xc7, 0xf8, 0xc7, 0xf8, 0xc7, 0xf9, 0xcf, 0x18, 0xc7, 0x16, 0xb6, 0xd7, 0xbd, 0xd7, 0xbd, 0xb6, 0xb5, 0xd7, 0xbd, 0xd6, 0xb5, 0xd6, 0xb5, 0xd7, 0xb5, 0xd7, 0xbd, 0x96, 0xb5, 0xb6, 0xbd, 0xf7, 0xbd, 0xb5, 0xb5, 0x55, 0xb6, 0xfa, 0xdf, 0x98, 0xc7, 0xf8, 0xc7, 0xf8, 0xbf, 0xf8, 0xbf, 0xf8, 0xc7, 0xf8, 0xc7, 0xf8, 0xcf, 0xf8, 0xcf, 0xf8, 0xcf, 0xf8, 0xc7, 0xf8, 0xc7, 0xf8, 0xc7, 0xf8, 0xc7, 0xf8, 0xc7, 0xf8, 0xc7, 0xf8, 0xc7, 0xf8, 0xc7, 0xf8, 0xc7, 0xf8, 0xc7, 0xf8, 0xc7, 0xf8, 0xc7, 0xf8, 0xc7, 0xf8, 0xc7, 0xd8, 0xc7, 0xb9, 0xcf, 0x79, 0xd7, 0xf5, 0xad, 0xf6, 0xb5, 0xb6, 0xb5, 0xd7, 0xbd, 0xb6, 0xbd, 0xb6, 0xb5, 0x16, 0xb6, 0x3a, 0xd7, 
  0x98, 0xbe, 0xd6, 0xad, 0xd6, 0xb5, 0x96, 0xb5, 0xd7, 0xbd, 0xd6, 0xbd, 0xd5, 0xad, 0xf8, 0xc6, 0xfb, 0xd7, 0xd9, 0xcf, 0xf9, 0xcf, 0xf8, 0xc7, 0xf7, 0xc7, 0xf8, 0xc7, 0xf9, 0xc7, 0xf8, 0xc7, 0xf8, 0xc7, 0xf8, 0xc7, 0xf8, 0xc7, 0xf8, 0xc7, 0xf8, 0xc7, 0xf8, 0xc7, 0xf8, 0xc7, 0xf8, 0xc7, 0xf8, 0xc7, 0xf8, 0xc7, 0xf8, 0xc7, 0xf8, 0xc7, 0xf8, 0xc7, 0xf8, 0xcf, 0xf8, 0xcf, 0xf8, 0xcf, 0xf9, 0xcf, 0x99, 0xcf, 0x56, 0xb6, 0xb5, 0xad, 0xd7, 0xbd, 0xd7, 0xbd, 0xb6, 0xb5, 0xd6, 0xb5, 0xd5, 0xad, 0x58, 0xbe, 0xf7, 0xb5, 0xd6, 0xb5, 0xd7, 0xbd, 0xb6, 0xbd, 0xd7, 0xbd, 0xd5, 0xb5, 0xf4, 0xb5, 0xb6, 0xbe, 0xfa, 0xd7, 0xb8, 0xc7, 0xf8, 0xc7, 0xf8, 0xbf, 0xf9, 0xc7, 0xf8, 0xc7, 0xf8, 0xcf, 0xf8, 0xcf, 0xf8, 0xcf, 0xf8, 0xc7, 0xf8, 0xc7, 0xf8, 0xc7, 0xf8, 0xc7, 0xf8, 0xc7, 0xf8, 0xc7, 0xf8, 0xc7, 0xf8, 0xc7, 0xf8, 0xc7, 0xf8, 0xc7, 0xf8, 0xc7, 0xf8, 0xc7, 0xf8, 0xc7, 0xf9, 0xcf, 0xb9, 0xcf, 0xfb, 0xdf, 0x19, 0xcf, 0xb4, 0xa5, 0xf6, 0xb5, 0xb6, 0xb5, 0xd7, 0xbd, 0xd6, 0xbd, 0xb5, 0xb5, 0x36, 0xb6, 0x7b, 0xd7, 
  0x19, 0xcf, 0xf5, 0xad, 0xf6, 0xb5, 0xb6, 0xb5, 0xd7, 0xbd, 0xd6, 0xbd, 0xd5, 0xad, 0x77, 0xb6, 0xba, 0xd7, 0xda, 0xcf, 0xf9, 0xcf, 0xf8, 0xc7, 0xf8, 0xc7, 0xf8, 0xc7, 0xf8, 0xc7, 0xf8, 0xc7, 0xf8, 0xc7, 0xf8, 0xc7, 0xf8, 0xc7, 0xf8, 0xc7, 0xf8, 0xc7, 0xf8, 0xc7, 0xf8, 0xc7, 0xf8, 0xc7, 0xf8, 0xc7, 0xf8, 0xc7, 0xd7, 0xc7, 0xf8, 0xc7, 0xf9, 0xcf, 0xd8, 0xcf, 0xd8, 0xcf, 0xd9, 0xcf, 0xba, 0xcf, 0xb7, 0xbe, 0xf5, 0xad, 0xd6, 0xb5, 0xb7, 0xbd, 0xb7, 0xbd, 0xd6, 0xb5, 0xd5, 0xad, 0x36, 0xb6, 0x3a, 0xd7, 0x98, 0xc6, 0xb5, 0xad, 0xf7, 0xb5, 0xd7, 0xbd, 0xb6, 0xb5, 0xf6, 0xbd, 0xf5, 0xb5, 0xd4, 0xad, 0x79, 0xcf, 0xfa, 0xd7, 0xb8, 0xbf, 0xf9, 0xc7, 0xf8, 0xc7, 0xf9, 0xcf, 0xf8, 0xcf, 0xf8, 0xcf, 0xf8, 0xcf, 0xf8, 0xc7, 0xf8, 0xc7, 0xf8, 0xc7, 0xf8, 0xc7, 0xf8, 0xc7, 0xf8, 0xc7, 0xf8, 0xc7, 0xf8, 0xc7, 0xf8, 0xc7, 0xf8, 0xc7, 0xf8, 0xc7, 0xf8, 0xc7, 0xf8, 0xc7, 0xf9, 0xcf, 0xb9, 0xcf, 0xdb, 0xdf, 0x77, 0xbe, 0xf6, 0xb5, 0xd6, 0xb5, 0xd7, 0xbd, 0xb6, 0xb5, 0xf6, 0xbd, 0xb5, 0xad, 0xb7, 0xbe, 0xdb, 0xdf, 
  0x9a, 0xd7, 0x15, 0xae, 0xf6, 0xb5, 0xb6, 0xb5, 0xd6, 0xbd, 0xd6, 0xbd, 0xd6, 0xb5, 0x15, 0xae, 0x7a, 0xcf, 0xba, 0xcf, 0xb8, 0xc7, 0xd8, 0xc7, 0xf9, 0xcf, 0xf8, 0xcf, 0xf7, 0xbf, 0xf8, 0xc7, 0xf8, 0xc7, 0xf8, 0xc7, 0xf8, 0xc7, 0xf8, 0xc7, 0xf8, 0xc7, 0xf8, 0xc7, 0xf8, 0xc7, 0xf8, 0xc7, 0xf7, 0xc7, 0xf8, 0xc7, 0xf8, 0xcf, 0xf9, 0xcf, 0xd9, 0xcf, 0xd9, 0xcf, 0xd9, 0xcf, 0xda, 0xd7, 0xf8, 0xc6, 0xf5, 0xad, 0xd6, 0xb5, 0xd7, 0xbd, 0xd7, 0xbd, 0xd6, 0xbd, 0xb5, 0xad, 0x15, 0xae, 0xf8, 0xc6, 0xba, 0xd7, 0x7a, 0xd7, 0x36, 0xb6, 0xd5, 0xad, 0xf7, 0xbd, 0xb6, 0xb5, 0xd6, 0xbd, 0xd6, 0xbd, 0xb5, 0xb5, 0x56, 0xb6, 0x9a, 0xd7, 0xd9, 0xcf, 0xf9, 0xcf, 0xf9, 0xcf, 0xf8, 0xc7, 0xf8, 0xc7, 0xf8, 0xc7, 0xf8, 0xc7, 0xf8, 0xc7, 0xf8, 0xc7, 0xf8, 0xc7, 0xf8, 0xc7, 0xf8, 0xc7, 0xf8, 0xc7, 0xf8, 0xc7, 0xf8, 0xc7, 0xf8, 0xc7, 0xf8, 0xc7, 0xf8, 0xc7, 0xf8, 0xc7, 0xf8, 0xc7, 0xd9, 0xc7, 0xda, 0xd7, 0x39, 0xcf, 0xf5, 0xad, 0x16, 0xb6, 0xb6, 0xb5, 0xd7, 0xbd, 0xb6, 0xbd, 0xf6, 0xb5, 0xd4, 0xa5, 0x39, 0xc7, 0xdb, 0xd7, 
  0xbb, 0xd7, 0x96, 0xb6, 0xf5, 0xad, 0xd6, 0xb5, 0xb6, 0xbd, 0xb6, 0xbd, 0xf7, 0xbd, 0xd5, 0xad, 0x97, 0xb6, 0xba, 0xd7, 0xfa, 0xd7, 0xd8, 0xcf, 0xf8, 0xcf, 0xf8, 0xcf, 0xf8, 0xc7, 0xf8, 0xc7, 0xf8, 0xc7, 0xf8, 0xc7, 0xf8, 0xc7, 0xf8, 0xc7, 0xf8, 0xc7, 0xf8, 0xc7, 0xf8, 0xc7, 0xf8, 0xc7, 0xf7, 0xc7, 0xf8, 0xcf, 0xf9, 0xcf, 0xd8, 0xc7, 0xd9, 0xcf, 0xfa, 0xd7, 0xd9, 0xcf, 0x38, 0xc7, 0x36, 0xae, 0xd5, 0xad, 0xd7, 0xb5, 0xb6, 0xbd, 0xf7, 0xc5, 0xd6, 0xbd, 0xb4, 0xa5, 0xb6, 0xbe, 0xb9, 0xcf, 0xb9, 0xcf, 0xdb, 0xd7, 0xf8, 0xc6, 0xd5, 0xad, 0xf6, 0xb5, 0xf6, 0xbd, 0xb6, 0xb5, 0xd7, 0xbd, 0xd6, 0xb5, 0xf6, 0xb5, 0x35, 0xb6, 0xba, 0xd7, 0xfa, 0xd7, 0xf9, 0xcf, 0xf8, 0xc7, 0xf8, 0xc7, 0xf8, 0xc7, 0xf8, 0xc7, 0xf8, 0xc7, 0xf8, 0xc7, 0xf8, 0xc7, 0xf8, 0xc7, 0xf8, 0xc7, 0xf8, 0xc7, 0xf8, 0xc7, 0xf8, 0xc7, 0xf8, 0xc7, 0xf8, 0xc7, 0xf8, 0xc7, 0xf8, 0xc7, 0xf9, 0xc7, 0xd9, 0xcf, 0xba, 0xd7, 0x97, 0xbe, 0xd5, 0xad, 0xd6, 0xb5, 0xd7, 0xbd, 0xb7, 0xbd, 0xd7, 0xbd, 0xd5, 0xb5, 0x15, 0xae, 0x99, 0xcf, 0xb9, 0xcf, 
  0xba, 0xd7, 0x38, 0xc7, 0xf5, 0xad, 0xd6, 0xb5, 0xd6, 0xbd, 0xb6, 0xb5, 0xf7, 0xbd, 0xd6, 0xad, 0xf5, 0xa5, 0x18, 0xc7, 0xfa, 0xd7, 0xd9, 0xcf, 0xb7, 0xc7, 0xf8, 0xc7, 0xf8, 0xc7, 0xf8, 0xc7, 0xf8, 0xc7, 0xf8, 0xc7, 0xf8, 0xc7, 0xf8, 0xc7, 0xf8, 0xc7, 0xf8, 0xc7, 0xf7, 0xc7, 0xf7, 0xc7, 0xf8, 0xc7, 0xf8, 0xcf, 0xf8, 0xc7, 0xd8, 0xc7, 0xf9, 0xcf, 0xda, 0xd7, 0x38, 0xbf, 0x75, 0xae, 0xf5, 0xad, 0xd6, 0xb5, 0xb7, 0xbd, 0x96, 0xbd, 0xd7, 0xbd, 0xd6, 0xb5, 0x35, 0xb6, 0x78, 0xcf, 0xf9, 0xcf, 0xd9, 0xc7, 0xda, 0xcf, 0x7a, 0xcf, 0x97, 0xbe, 0xf6, 0xb5, 0xd6, 0xb5, 0xb6, 0xb5, 0xd7, 0xb5, 0xd7, 0xbd, 0xb5, 0xb5, 0xf5, 0xb5, 0x76, 0xbe, 0xb9, 0xd7, 0x98, 0xc7, 0xf9, 0xc7, 0xf8, 0xc7, 0xf8, 0xbf, 0xf8, 0xc7, 0xf8, 0xc7, 0xf8, 0xc7, 0xf8, 0xc7, 0xf8, 0xc7, 0xf8, 0xc7, 0xf8, 0xc7, 0xf8, 0xc7, 0xf8, 0xc7, 0xf8, 0xc7, 0xf8, 0xc7, 0xf8, 0xc7, 0xf8, 0xc7, 0xf9, 0xcf, 0xd9, 0xcf, 0x18, 0xc7, 0x36, 0xb6, 0xd5, 0xad, 0xb6, 0xb5, 0xd7, 0xbd, 0xb7, 0xbd, 0xd7, 0xbd, 0xd5, 0xad, 0xb7, 0xbe, 0xda, 0xcf, 0xb9, 0xc7, 
  0xda, 0xcf, 0xba, 0xd7, 0x15, 0xae, 0xf5, 0xb5, 0xf6, 0xbd, 0xb6, 0xb5, 0xd7, 0xbd, 0xd6, 0xb5, 0x16, 0xb6, 0x15, 0xae, 0x18, 0xc7, 0xfa, 0xdf, 0xf9, 0xd7, 0xf8, 0xc7, 0xf8, 0xc7, 0xf8, 0xc7, 0xf8, 0xc7, 0xf8, 0xc7, 0xf8, 0xc7, 0xf8, 0xc7, 0xf8, 0xc7, 0xf8, 0xc7, 0xf8, 0xc7, 0xf8, 0xc7, 0xf8, 0xcf, 0xd8, 0xc7, 0xd8, 0xcf, 0xf9, 0xd7, 0xba, 0xd7, 0x38, 0xc7, 0x76, 0xae, 0xd4, 0xa5, 0xf7, 0xb5, 0xd7, 0xb5, 0xb7, 0xb5, 0xd7, 0xbd, 0x95, 0xb5, 0xf5, 0xad, 0xf7, 0xc6, 0xd9, 0xcf, 0xd8, 0xc7, 0xf9, 0xcf, 0xb8, 0xc7, 0xba, 0xcf, 0x7a, 0xd7, 0x16, 0xb6, 0xb4, 0xad, 0x17, 0xbe, 0xd7, 0xb5, 0xd7, 0xb5, 0xb6, 0xb5, 0xf6, 0xbd, 0xd5, 0xb5, 0x55, 0xb6, 0xfb, 0xdf, 0xd9, 0xcf, 0xf9, 0xc7, 0xf8, 0xc7, 0xf8, 0xc7, 0xf8, 0xc7, 0xf8, 0xc7, 0xf8, 0xc7, 0xf8, 0xc7, 0xf8, 0xc7, 0xf8, 0xc7, 0xf8, 0xc7, 0xf8, 0xc7, 0xf8, 0xc7, 0xf8, 0xc7, 0xf8, 0xcf, 0xf9, 0xcf, 0xd9, 0xcf, 0x79, 0xcf, 0x15, 0xae, 0x16, 0xb6, 0xb5, 0xad, 0xd6, 0xb5, 0xd7, 0xbd, 0xb7, 0xbd, 0xd6, 0xb5, 0xf5, 0xad, 0x59, 0xc7, 0xfa, 0xcf, 0xd9, 0xc7, 
  0xd9, 0xcf, 0xd9, 0xd7, 0xf7, 0xbe, 0x15, 0xb6, 0xb5, 0xad, 0xb6, 0xb5, 0xf7, 0xc5, 0x96, 0xbd, 0xf7, 0xbd, 0xb5, 0xb5, 0x16, 0xb6, 0xf8, 0xc6, 0xba, 0xd7, 0xfa, 0xd7, 0xd9, 0xc7, 0xf8, 0xc7, 0xf8, 0xc7, 0xf8, 0xc7, 0xf8, 0xc7, 0xf8, 0xc7, 0xf8, 0xc7, 0xf8, 0xc7, 0xf8, 0xc7, 0xf8, 0xcf, 0xd8, 0xcf, 0xd9, 0xcf, 0xda, 0xd7, 0x9a, 0xd7, 0xd8, 0xc6, 0x15, 0xae, 0xd5, 0xad, 0xf7, 0xbd, 0xb7, 0xb5, 0xd7, 0xbd, 0xf7, 0xbd, 0xd6, 0xb5, 0xf5, 0xad, 0xd7, 0xbe, 0xb9, 0xcf, 0xd9, 0xcf, 0xd8, 0xc7, 0xf9, 0xcf, 0xd9, 0xcf, 0xd9, 0xcf, 0xda, 0xd7, 0x18, 0xc7, 0x15, 0xae, 0xf5, 0xad, 0xf7, 0xb5, 0xb7, 0xb5, 0xd7, 0xb5, 0xd7, 0xbd, 0xd6, 0xbd, 0xb5, 0xb5, 0x16, 0xb6, 0x19, 0xcf, 0xbb, 0xd7, 0xda, 0xd7, 0xd9, 0xcf, 0xf9, 0xcf, 0xf8, 0xc7, 0xf8, 0xc7, 0xf8, 0xc7, 0xf8, 0xc7, 0xf8, 0xc7, 0xf8, 0xc7, 0xd8, 0xc7, 0xd8, 0xc7, 0xf9, 0xd7, 0xfa, 0xd7, 0x79, 0xd7, 0x19, 0xcf, 0x16, 0xb6, 0xf6, 0xb5, 0xb6, 0xb5, 0xb6, 0xb5, 0xf7, 0xbd, 0xd6, 0xb5, 0xb6, 0xb5, 0x16, 0xb6, 0xd7, 0xbe, 0xb9, 0xc7, 0xd9, 0xcf, 0xb8, 0xc7, 
  0xf9, 0xcf, 0xd9, 0xcf, 0xb9, 0xcf, 0x76, 0xb6, 0xd4, 0xad, 0x16, 0xbe, 0xb6, 0xbd, 0xd7, 0xc5, 0x96, 0xbd, 0xb6, 0xbd, 0xd6, 0xb5, 0xf6, 0xb5, 0x97, 0xbe, 0x59, 0xc7, 0xda, 0xd7, 0xfa, 0xcf, 0xd9, 0xcf, 0xf8, 0xc7, 0xf8, 0xc7, 0xf8, 0xcf, 0xf8, 0xcf, 0xf9, 0xcf, 0xf9, 0xcf, 0xd9, 0xcf, 0xd9, 0xcf, 0xba, 0xd7, 0x59, 0xcf, 0x77, 0xbe, 0xf6, 0xb5, 0xd6, 0xb5, 0xd7, 0xbd, 0xb6, 0xb5, 0xb7, 0xb5, 0xf7, 0xbd, 0xb6, 0xad, 0xd5, 0xa5, 0xb7, 0xbe, 0x99, 0xcf, 0xf9, 0xcf, 0xf9, 0xcf, 0xf8, 0xc7, 0xf8, 0xc7, 0xd8, 0xc7, 0xb8, 0xc7, 0xfa, 0xd7, 0xda, 0xd7, 0xf8, 0xbe, 0xf5, 0xa5, 0xd6, 0xad, 0xb6, 0xb5, 0xb6, 0xb5, 0xb6, 0xb5, 0xb6, 0xb5, 0xb6, 0xb5, 0xb6, 0xb5, 0x16, 0xb6, 0xb8, 0xc6, 0x5a, 0xd7, 0xdb, 0xdf, 0xda, 0xd7, 0xd9, 0xcf, 0xf9, 0xcf, 0xf9, 0xcf, 0xf8, 0xc7, 0xf9, 0xcf, 0xf9, 0xcf, 0xf9, 0xd7, 0xd9, 0xd7, 0x99, 0xd7, 0x18, 0xcf, 0x77, 0xbe, 0xd5, 0xad, 0xf7, 0xbd, 0x96, 0xb5, 0xd7, 0xbd, 0xd7, 0xbd, 0xb6, 0xb5, 0xf7, 0xb5, 0x17, 0xb6, 0xd4, 0xa5, 0x78, 0xc7, 0xf9, 0xcf, 0xf9, 0xcf, 0xd8, 0xc7, 
  0xf8, 0xc7, 0xf9, 0xcf, 0xd9, 0xcf, 0x58, 0xc7, 0x76, 0xb6, 0xf5, 0xad, 0xd6, 0xb5, 0xd6, 0xbd, 0xd7, 0xbd, 0xd7, 0xbd, 0xd6, 0xbd, 0xb5, 0xb5, 0xd5, 0xad, 0x36, 0xae, 0x97, 0xb6, 0xf7, 0xbe, 0x99, 0xcf, 0xb9, 0xcf, 0xb9, 0xd7, 0xda, 0xd7, 0xda, 0xd7, 0xda, 0xd7, 0xb9, 0xd7, 0x99, 0xd7, 0xf8, 0xc6, 0x97, 0xbe, 0x15, 0xae, 0xb5, 0xad, 0xd6, 0xb5, 0xf7, 0xbd, 0xd7, 0xbd, 0x96, 0xb5, 0xf7, 0xbd, 0xd6, 0xb5, 0xb5, 0xad, 0x76, 0xb6, 0x99, 0xcf, 0xd9, 0xcf, 0xd8, 0xc7, 0xf9, 0xcf, 0xf8, 0xc7, 0xf8, 0xc7, 0xf8, 0xcf, 0xf9, 0xcf, 0xd9, 0xcf, 0xfa, 0xd7, 0xba, 0xd7, 0xb7, 0xbe, 0x16, 0xb6, 0xd6, 0xb5, 0xf7, 0xb5, 0xd6, 0xb5, 0xd6, 0xbd, 0xf7, 0xbd, 0xd6, 0xb5, 0xb6, 0xb5, 0xd5, 0xad, 0x16, 0xb6, 0x97, 0xbe, 0x19, 0xc7, 0x79, 0xcf, 0x99, 0xcf, 0xb9, 0xcf, 0xda, 0xd7, 0x99, 0xcf, 0x79, 0xcf, 0x38, 0xc7, 0xd7, 0xbe, 0x76, 0xb6, 0x36, 0xb6, 0x16, 0xb6, 0xd6, 0xb5, 0xb6, 0xb5, 0x96, 0xb5, 0xb6, 0xb5, 0xd7, 0xbd, 0xf6, 0xb5, 0xd5, 0xad, 0x16, 0xb6, 0xd7, 0xbe, 0xd9, 0xcf, 0xf9, 0xcf, 0xf9, 0xc7, 0xd8, 0xc7, 
  0xf8, 0xc7, 0xf9, 0xc7, 0xd8, 0xc7, 0xfa, 0xd7, 0x38, 0xc7, 0x15, 0xae, 0xd5, 0xad, 0xb5, 0xb5, 0xd7, 0xbd, 0xb6, 0xb5, 0xb6, 0xb5, 0xd6, 0xbd, 0xd6, 0xb5, 0xd5, 0xad, 0xd5, 0xad, 0xf5, 0xad, 0x15, 0xae, 0x35, 0xae, 0x35, 0xae, 0x55, 0xb6, 0x56, 0xb6, 0x56, 0xb6, 0x35, 0xae, 0x15, 0xae, 0xf5, 0xad, 0xf5, 0xad, 0xd6, 0xb5, 0xf6, 0xb5, 0xd7, 0xbd, 0xb6, 0xbd, 0xb6, 0xbd, 0xb6, 0xb5, 0xd6, 0xb5, 0xb4, 0xa5, 0x76, 0xb6, 0x9a, 0xd7, 0xda, 0xd7, 0xd9, 0xcf, 0xf8, 0xc7, 0xf8, 0xc7, 0xf8, 0xc7, 0xf7, 0xc7, 0xf8, 0xcf, 0xf9, 0xcf, 0xd8, 0xc7, 0xd9, 0xcf, 0xfa, 0xd7, 0x9a, 0xd7, 0xb7, 0xbe, 0xf6, 0xb5, 0xf6, 0xb5, 0xf6, 0xb5, 0xd6, 0xb5, 0xd6, 0xbd, 0xd6, 0xbd, 0xd6, 0xb5, 0xf7, 0xbd, 0xb5, 0xad, 0xb5, 0xad, 0xf6, 0xb5, 0x36, 0xb6, 0x15, 0xae, 0x15, 0xae, 0x36, 0xb6, 0x35, 0xae, 0x36, 0xae, 0x15, 0xae, 0xf5, 0xad, 0xd5, 0xad, 0xb5, 0xad, 0xd6, 0xb5, 0xd6, 0xb5, 0xb6, 0xb5, 0xd7, 0xbd, 0xd6, 0xb5, 0xd6, 0xb5, 0xf6, 0xb5, 0xf5, 0xad, 0x97, 0xbe, 0xdb, 0xdf, 0xd9, 0xcf, 0xf8, 0xc7, 0xf8, 0xc7, 0xf8, 0xc7, 
  0xf8, 0xc7, 0xd7, 0xbf, 0xf8, 0xc7, 0xf9, 0xcf, 0xb9, 0xcf, 0x18, 0xc7, 0x15, 0xae, 0xf5, 0xb5, 0xd6, 0xb5, 0xd6, 0xb5, 0xd6, 0xbd, 0xd7, 0xbd, 0xd7, 0xbd, 0xf7, 0xbd, 0xd6, 0xbd, 0xb6, 0xb5, 0xd6, 0xb5, 0xd6, 0xb5, 0xd6, 0xb5, 0xf6, 0xb5, 0xf6, 0xb5, 0xf6, 0xb5, 0xf6, 0xb5, 0xd6, 0xb5, 0xd6, 0xb5, 0xd6, 0xb5, 0xd6, 0xbd, 0xd6, 0xb5, 0xd7, 0xbd, 0xd7, 0xbd, 0xd7, 0xbd, 0xb6, 0xb5, 0xf5, 0xad, 0x96, 0xb6, 0x79, 0xcf, 0xda, 0xd7, 0xb8, 0xcf, 0xf9, 0xcf, 0xf9, 0xcf, 0xd7, 0xbf, 0xf8, 0xc7, 0xf7, 0xc7, 0xf7, 0xc7, 0xf8, 0xc7, 0xf8, 0xcf, 0xd8, 0xc7, 0xd9, 0xcf, 0xfa, 0xd7, 0x9a, 0xd7, 0xb7, 0xbe, 0x36, 0xb6, 0xf5, 0xad, 0xd5, 0xb5, 0xf6, 0xbd, 0xd6, 0xbd, 0xb6, 0xb5, 0xb6, 0xb5, 0xd7, 0xbd, 0xf7, 0xbd, 0xd7, 0xb5, 0xd6, 0xb5, 0xd7, 0xbd, 0xf7, 0xbd, 0xf7, 0xb5, 0xd6, 0xb5, 0xd6, 0xb5, 0xf7, 0xb5, 0xf7, 0xb5, 0xf7, 0xbd, 0xf7, 0xbd, 0xd7, 0xbd, 0xd7, 0xbd, 0xd7, 0xbd, 0xd6, 0xb5, 0xf6, 0xb5, 0xf6, 0xb5, 0xf5, 0xad, 0xd7, 0xbe, 0xba, 0xd7, 0xda, 0xd7, 0xf9, 0xcf, 0xf8, 0xc7, 0xf8, 0xc7, 0xf8, 0xc7, 
  0xf8, 0xbf, 0xf8, 0xbf, 0xf8, 0xc7, 0xf8, 0xc7, 0xf9, 0xcf, 0xda, 0xd7, 0x18, 0xc7, 0x76, 0xb6, 0x16, 0xb6, 0xd6, 0xb5, 0xd6, 0xb5, 0xd6, 0xbd, 0xd7, 0xbd, 0xb6, 0xbd, 0xb6, 0xbd, 0xd7, 0xbd, 0xb6, 0xbd, 0xb6, 0xb5, 0xb6, 0xb5, 0xb6, 0xb5, 0xb6, 0xbd, 0xb6, 0xbd, 0xb6, 0xb5, 0xb6, 0xb5, 0xd7, 0xbd, 0xb6, 0xb5, 0xb6, 0xb5, 0xb6, 0xb5, 0xd6, 0xb5, 0xd6, 0xb5, 0xd6, 0xbd, 0x16, 0xb6, 0xd7, 0xbe, 0xb9, 0xcf, 0xfa, 0xd7, 0xb8, 0xcf, 0xf9, 0xcf, 0xf8, 0xcf, 0xf8, 0xc7, 0xf8, 0xc7, 0xf7, 0xc7, 0xf8, 0xc7, 0xf8, 0xc7, 0xf8, 0xc7, 0xf8, 0xcf, 0xf8, 0xcf, 0xd8, 0xc7, 0xd8, 0xcf, 0xfa, 0xd7, 0x99, 0xd7, 0x38, 0xcf, 0x76, 0xb6, 0xf4, 0xad, 0xf5, 0xb5, 0xd6, 0xb5, 0xd6, 0xb5, 0xd7, 0xbd, 0xd7, 0xbd, 0xb7, 0xb5, 0xb7, 0xbd, 0xb7, 0xbd, 0xb7, 0xbd, 0x97, 0xbd, 0x96, 0xb5, 0xd7, 0xbd, 0xb7, 0xbd, 0xb7, 0xb5, 0xb6, 0xb5, 0xb6, 0xb5, 0xb6, 0xb5, 0xd6, 0xb5, 0xd6, 0xb5, 0xd6, 0xb5, 0xb5, 0xad, 0xd5, 0xad, 0x36, 0xb6, 0xf7, 0xbe, 0xba, 0xcf, 0xfa, 0xd7, 0xd8, 0xc7, 0xf8, 0xcf, 0xf8, 0xc7, 0xf8, 0xc7, 0xf8, 0xc7, 
  0xf7, 0xbf, 0xf8, 0xc7, 0xf7, 0xbf, 0xf8, 0xc7, 0xf9, 0xcf, 0xf9, 0xcf, 0xfa, 0xd7, 0x38, 0xc7, 0x97, 0xbe, 0x15, 0xae, 0xd5, 0xad, 0xf6, 0xb5, 0xd6, 0xbd, 0xb6, 0xb5, 0xb6, 0xbd, 0xf7, 0xc5, 0xb6, 0xbd, 0xb6, 0xbd, 0xb7, 0xbd, 0xb7, 0xbd, 0xd7, 0xbd, 0xd7, 0xbd, 0xb7, 0xbd, 0xb7, 0xbd, 0xb6, 0xb5, 0xd6, 0xbd, 0x17, 0xbe, 0x17, 0xbe, 0xd5, 0xad, 0xb4, 0xad, 0x36, 0xb6, 0xf8, 0xce, 0xda, 0xd7, 0xf9, 0xd7, 0xf8, 0xcf, 0xf8, 0xcf, 0xf9, 0xcf, 0xf8, 0xc7, 0xd7, 0xbf, 0xf8, 0xcf, 0xf7, 0xbf, 0xf8, 0xc7, 0xf8, 0xc7, 0xf8, 0xc7, 0xf8, 0xc7, 0xf8, 0xc7, 0xf8, 0xc7, 0xf8, 0xc7, 0xd8, 0xcf, 0xd9, 0xcf, 0xb9, 0xd7, 0x38, 0xc7, 0xb6, 0xbe, 0x35, 0xb6, 0xd5, 0xad, 0xd6, 0xb5, 0x17, 0xbe, 0xb6, 0xb5, 0x96, 0xb5, 0xd7, 0xbd, 0xd8, 0xbd, 0xb7, 0xbd, 0xb7, 0xbd, 0xb7, 0xbd, 0xb7, 0xbd, 0xb7, 0xbd, 0xd7, 0xbd, 0xf7, 0xbd, 0xf7, 0xbd, 0xf6, 0xbd, 0xd6, 0xb5, 0xd6, 0xb5, 0xf6, 0xb5, 0x36, 0xb6, 0x56, 0xb6, 0xf8, 0xc6, 0xda, 0xd7, 0xfa, 0xd7, 0xd8, 0xc7, 0xf8, 0xcf, 0xf8, 0xc7, 0xf8, 0xc7, 0xf8, 0xc7, 0xf8, 0xc7, 
  0xf8, 0xc7, 0xf7, 0xbf, 0xf8, 0xc7, 0xf8, 0xc7, 0xf8, 0xc7, 0xf9, 0xcf, 0xd9, 0xc7, 0xfa, 0xd7, 0xba, 0xd7, 0x39, 0xcf, 0x77, 0xbe, 0xf5, 0xad, 0xd5, 0xad, 0xf6, 0xb5, 0xf6, 0xbd, 0xb6, 0xb5, 0xb6, 0xb5, 0xb6, 0xb5, 0xd6, 0xbd, 0xd7, 0xbd, 0xd7, 0xbd, 0xd7, 0xbd, 0xd6, 0xbd, 0xb6, 0xb5, 0xd6, 0xb5, 0xd6, 0xb5, 0xd5, 0xad, 0xd5, 0xad, 0x56, 0xb6, 0x19, 0xcf, 0x9a, 0xdf, 0xda, 0xd7, 0xf9, 0xcf, 0xd8, 0xc7, 0xf8, 0xc7, 0xf9, 0xcf, 0xf8, 0xc7, 0xf8, 0xc7, 0xf9, 0xcf, 0xf8, 0xc7, 0xf8, 0xcf, 0xf8, 0xc7, 0xf8, 0xc7, 0xf8, 0xc7, 0xf8, 0xc7, 0xf8, 0xc7, 0xf8, 0xc7, 0xf8, 0xc7, 0xf8, 0xcf, 0xd8, 0xc7, 0xd8, 0xcf, 0xfa, 0xd7, 0xfa, 0xdf, 0x38, 0xcf, 0x55, 0xb6, 0x36, 0xb6, 0xb5, 0xa5, 0xf6, 0xb5, 0x17, 0xb6, 0xd6, 0xb5, 0x96, 0xb5, 0xb7, 0xb5, 0xd7, 0xbd, 0xb7, 0xbd, 0xd7, 0xbd, 0xd7, 0xb5, 0xd6, 0xb5, 0xd6, 0xb5, 0xd6, 0xb5, 0xd5, 0xad, 0xf5, 0xad, 0xf5, 0xad, 0x76, 0xbe, 0xd8, 0xc6, 0x9a, 0xd7, 0xfa, 0xd7, 0xd9, 0xcf, 0xf8, 0xc7, 0xf8, 0xc7, 0xf8, 0xc7, 0xf8, 0xc7, 0xf8, 0xc7, 0xf8, 0xc7, 0xf8, 0xc7, 
  0xf8, 0xc7, 0xf8, 0xc7, 0xf8, 0xc7, 0xf8, 0xc7, 0xf8, 0xc7, 0xf8, 0xc7, 0xf8, 0xc7, 0xf9, 0xcf, 0xd9, 0xcf, 0xda, 0xd7, 0xba, 0xd7, 0x59, 0xcf, 0xd7, 0xbe, 0x36, 0xb6, 0xf5, 0xad, 0xd5, 0xad, 0xf5, 0xb5, 0xf5, 0xb5, 0xd5, 0xad, 0xb5, 0xad, 0xb5, 0xad, 0xd5, 0xad, 0xf5, 0xb5, 0xf6, 0xb5, 0x15, 0xb6, 0x36, 0xb6, 0x76, 0xb6, 0x18, 0xc7, 0x99, 0xcf, 0xda, 0xd7, 0xd9, 0xcf, 0xb8, 0xcf, 0xf8, 0xc7, 0xf8, 0xc7, 0xf8, 0xc7, 0xf8, 0xc7, 0xf8, 0xc7, 0xf8, 0xc7, 0xf8, 0xc7, 0xf8, 0xc7, 0xf8, 0xc7, 0xf8, 0xc7, 0xf8, 0xc7, 0xf8, 0xc7, 0xf8, 0xc7, 0xf8, 0xc7, 0xf8, 0xc7, 0xf8, 0xc7, 0xf7, 0xbf, 0xf8, 0xc7, 0xf8, 0xcf, 0xf8, 0xcf, 0xd9, 0xcf, 0xb9, 0xd7, 0x99, 0xd7, 0x79, 0xcf, 0x96, 0xb6, 0x56, 0xae, 0x15, 0xae, 0xf5, 0xad, 0xd5, 0xad, 0xd5, 0xad, 0xd5, 0xad, 0xd5, 0xb5, 0xb5, 0xad, 0xd5, 0xad, 0xf5, 0xad, 0xf5, 0xad, 0xf4, 0xa5, 0x35, 0xae, 0xb7, 0xbe, 0x18, 0xc7, 0x9a, 0xd7, 0xba, 0xd7, 0xd9, 0xcf, 0xd9, 0xcf, 0xf8, 0xc7, 0xf8, 0xc7, 0xf7, 0xc7, 0xf8, 0xc7, 0xf8, 0xc7, 0xf8, 0xc7, 0xf8, 0xc7, 0xf8, 0xc7, 
  0xf8, 0xc7, 0xf8, 0xc7, 0xf8, 0xc7, 0xf8, 0xc7, 0xf8, 0xc7, 0xf8, 0xc7, 0xf8, 0xc7, 0xf8, 0xc7, 0xf8, 0xcf, 0xf9, 0xcf, 0xf9, 0xcf, 0xda, 0xcf, 0xba, 0xcf, 0x99, 0xcf, 0x79, 0xcf, 0x59, 0xcf, 0x97, 0xbe, 0x97, 0xbe, 0x97, 0xbe, 0x96, 0xbe, 0x77, 0xbe, 0x97, 0xbe, 0x97, 0xbe, 0xb7, 0xbe, 0x39, 0xcf, 0x79, 0xcf, 0xb9, 0xcf, 0xda, 0xd7, 0xf9, 0xcf, 0xf9, 0xcf, 0xf8, 0xcf, 0xf8, 0xcf, 0xf8, 0xc7, 0xf8, 0xc7, 0xf8, 0xc7, 0xf8, 0xc7, 0xf8, 0xc7, 0xf8, 0xc7, 0xf8, 0xc7, 0xf8, 0xc7, 0xf8, 0xc7, 0xf8, 0xc7, 0xf8, 0xc7, 0xf8, 0xc7, 0xf8, 0xc7, 0xf8, 0xc7, 0xf8, 0xc7, 0xf8, 0xc7, 0xf7, 0xbf, 0xf8, 0xc7, 0xf8, 0xc7, 0xf8, 0xc7, 0xf8, 0xc7, 0xf9, 0xcf, 0xd9, 0xcf, 0xb9, 0xcf, 0xba, 0xcf, 0x79, 0xcf, 0x38, 0xc7, 0xf8, 0xbe, 0xd7, 0xbe, 0x96, 0xb6, 0x76, 0xb6, 0x56, 0xb6, 0x76, 0xb6, 0x76, 0xb6, 0x96, 0xb6, 0xf7, 0xc6, 0x79, 0xcf, 0xda, 0xd7, 0xda, 0xd7, 0xb9, 0xd7, 0xb9, 0xcf, 0xd9, 0xcf, 0xd9, 0xcf, 0xf8, 0xcf, 0xf8, 0xc7, 0xf8, 0xc7, 0xf7, 0xc7, 0xf7, 0xc7, 0xf8, 0xc7, 0xf8, 0xc7, 0xf8, 0xc7, 0xf8, 0xc7, 
  0xf8, 0xcf, 0xf8, 0xcf, 0xf8, 0xcf, 0xf8, 0xc7, 0xf8, 0xc7, 0xf8, 0xc7, 0xf8, 0xc7, 0xf8, 0xc7, 0xf8, 0xc7, 0xf8, 0xc7, 0xf8, 0xc7, 0xf9, 0xc7, 0xf9, 0xcf, 0xfa, 0xcf, 0xfa, 0xcf, 0xda, 0xcf, 0xfa, 0xd7, 0xda, 0xd7, 0xda, 0xd7, 0xda, 0xd7, 0xda, 0xd7, 0xda, 0xd7, 0xda, 0xd7, 0xfa, 0xd7, 0xb9, 0xcf, 0xf9, 0xcf, 0xf9, 0xcf, 0xf9, 0xcf, 0xf8, 0xc7, 0xd7, 0xbf, 0xf7, 0xbf, 0xf8, 0xc7, 0xf8, 0xc7, 0xf8, 0xc7, 0xf8, 0xc7, 0xf8, 0xc7, 0xf8, 0xc7, 0xf8, 0xc7, 0xf8, 0xc7, 0xf8, 0xc7, 0xf8, 0xc7, 0xf8, 0xc7, 0xf8, 0xc7, 0xf8, 0xc7, 0xf8, 0xc7, 0xf8, 0xc7, 0xf8, 0xc7, 0xf8, 0xc7, 0xf7, 0xbf, 0xf8, 0xc7, 0xf8, 0xc7, 0xf8, 0xc7, 0xf8, 0xc7, 0xf8, 0xcf, 0xf9, 0xcf, 0xf9, 0xcf, 0xf9, 0xcf, 0xf9, 0xcf, 0xf9, 0xcf, 0xfa, 0xcf, 0xfa, 0xd7, 0xfa, 0xd7, 0xfa, 0xd7, 0xfa, 0xd7, 0xfa, 0xd7, 0xda, 0xd7, 0xd9, 0xd7, 0xf9, 0xd7, 0xf9, 0xd7, 0xf9, 0xd7, 0xd9, 0xcf, 0xb8, 0xc7, 0xd8, 0xcf, 0xf8, 0xcf, 0xf8, 0xcf, 0xf8, 0xc7, 0xf8, 0xc7, 0xf7, 0xc7, 0xf7, 0xc7, 0xf8, 0xc7, 0xf8, 0xc7, 0xf8, 0xc7, 0xf8, 0xc7, 0xf8, 0xc7, 
  0xf8, 0xcf, 0xf8, 0xcf, 0xf8, 0xcf, 0xf8, 0xc7, 0xf8, 0xc7, 0xf8, 0xc7, 0xf8, 0xc7, 0xf8, 0xc7, 0xf8, 0xc7, 0xf8, 0xc7, 0xf8, 0xc7, 0xf8, 0xc7, 0xf8, 0xc7, 0xf8, 0xc7, 0xd8, 0xc7, 0xd8, 0xc7, 0xf9, 0xcf, 0xf9, 0xcf, 0xf9, 0xcf, 0xf9, 0xcf, 0xf9, 0xcf, 0xf9, 0xcf, 0xf9, 0xcf, 0xf9, 0xcf, 0xd8, 0xc7, 0xf8, 0xc7, 0xf8, 0xc7, 0xf8, 0xc7, 0xf8, 0xc7, 0xf8, 0xbf, 0xf7, 0xbf, 0xf8, 0xc7, 0xf8, 0xc7, 0xf8, 0xc7, 0xf8, 0xc7, 0xf8, 0xc7, 0xf8, 0xc7, 0xf8, 0xc7, 0xf8, 0xc7, 0xf8, 0xc7, 0xf8, 0xc7, 0xf8, 0xc7, 0xf8, 0xc7, 0xf8, 0xc7, 0xf8, 0xc7, 0xf8, 0xc7, 0xf8, 0xc7, 0xf8, 0xc7, 0xf8, 0xbf, 0xf8, 0xc7, 0xf8, 0xc7, 0xf8, 0xc7, 0xf8, 0xc7, 0xf8, 0xc7, 0xf9, 0xc7, 0xf9, 0xc7, 0xf8, 0xc7, 0xf8, 0xc7, 0xf8, 0xc7, 0xf8, 0xc7, 0xf8, 0xc7, 0xd8, 0xc7, 0xd8, 0xc7, 0xb8, 0xc7, 0xd9, 0xcf, 0xf9, 0xcf, 0xf9, 0xcf, 0xf9, 0xcf, 0xf8, 0xc7, 0xf8, 0xc7, 0xf8, 0xcf, 0xf9, 0xcf, 0xf8, 0xc7, 0xf8, 0xc7, 0xf8, 0xc7, 0xf8, 0xc7, 0xf8, 0xc7, 0xf8, 0xc7, 0xf7, 0xc7, 0xf8, 0xc7, 0xf8, 0xc7, 0xf8, 0xc7, 0xf8, 0xc7, 0xf8, 0xc7, 
  0xf8, 0xcf, 0xf8, 0xcf, 0xf8, 0xc7, 0xf8, 0xc7, 0xf8, 0xc7, 0xf8, 0xc7, 0xf8, 0xc7, 0xf8, 0xc7, 0xf8, 0xc7, 0xf8, 0xc7, 0xf8, 0xc7, 0xf8, 0xc7, 0xf8, 0xc7, 0xf8, 0xc7, 0xf8, 0xc7, 0xf9, 0xc7, 0xf8, 0xc7, 0xf8, 0xc7, 0xf8, 0xc7, 0xf8, 0xc7, 0xf8, 0xc7, 0xf8, 0xc7, 0xf8, 0xc7, 0xf8, 0xc7, 0xf9, 0xcf, 0xf8, 0xc7, 0xf8, 0xc7, 0xf8, 0xc7, 0xf8, 0xc7, 0xf8, 0xc7, 0xf8, 0xc7, 0xf8, 0xc7, 0xf8, 0xc7, 0xf8, 0xc7, 0xf8, 0xc7, 0xf8, 0xc7, 0xf8, 0xc7, 0xf8, 0xc7, 0xf8, 0xc7, 0xf8, 0xc7, 0xf8, 0xc7, 0xf8, 0xc7, 0xf8, 0xc7, 0xf8, 0xc7, 0xf8, 0xc7, 0xf8, 0xc7, 0xf8, 0xc7, 0xf8, 0xc7, 0xf8, 0xc7, 0xf8, 0xc7, 0xf8, 0xc7, 0xf8, 0xc7, 0xf8, 0xc7, 0xf8, 0xc7, 0xf8, 0xc7, 0xf8, 0xc7, 0xf8, 0xc7, 0xf8, 0xc7, 0xf8, 0xc7, 0xf8, 0xc7, 0xf8, 0xc7, 0xf8, 0xcf, 0xf8, 0xcf, 0xf9, 0xcf, 0xf9, 0xcf, 0xf9, 0xc7, 0xf8, 0xc7, 0xf8, 0xc7, 0xf8, 0xc7, 0xf8, 0xc7, 0xf8, 0xc7, 0xf7, 0xbf, 0xf8, 0xc7, 0xf8, 0xc7, 0xf8, 0xc7, 0xf8, 0xc7, 0xf8, 0xc7, 0xf8, 0xc7, 0xf7, 0xc7, 0xf8, 0xc7, 0xf8, 0xc7, 0xf8, 0xc7, 0xf8, 0xc7, 0xf8, 0xc7, 
  0xf8, 0xc7, 0xf8, 0xc7, 0xf8, 0xc7, 0xf8, 0xc7, 0xf8, 0xc7, 0xf8, 0xc7, 0xf8, 0xc7, 0xf8, 0xc7, 0xf7, 0xc7, 0xf7, 0xc7, 0xf8, 0xc7, 0xf8, 0xc7, 0xf8, 0xc7, 0xf8, 0xc7, 0xf8, 0xc7, 0xf8, 0xc7, 0xf8, 0xc7, 0xf8, 0xc7, 0xf8, 0xc7, 0xf8, 0xc7, 0xf8, 0xc7, 0xf8, 0xc7, 0xf8, 0xc7, 0xf8, 0xc7, 0xf8, 0xc7, 0xf8, 0xc7, 0xf8, 0xc7, 0xf8, 0xc7, 0xf8, 0xc7, 0xf8, 0xc7, 0xf8, 0xc7, 0xf8, 0xc7, 0xf8, 0xc7, 0xf8, 0xc7, 0xf8, 0xc7, 0xf8, 0xc7, 0xf8, 0xc7, 0xf8, 0xc7, 0xf8, 0xc7, 0xf8, 0xc7, 0xf8, 0xc7, 0xf8, 0xc7, 0xf8, 0xc7, 0xf8, 0xc7, 0xf8, 0xc7, 0xf8, 0xc7, 0xf8, 0xc7, 0xf8, 0xc7, 0xf8, 0xc7, 0xf8, 0xc7, 0xf8, 0xc7, 0xf8, 0xc7, 0xf8, 0xc7, 0xf8, 0xc7, 0xf8, 0xc7, 0xf8, 0xc7, 0xf8, 0xc7, 0xf8, 0xc7, 0xf8, 0xc7, 0xf8, 0xc7, 0xf8, 0xc7, 0xf8, 0xc7, 0xf8, 0xc7, 0xf8, 0xc7, 0xf8, 0xc7, 0xf8, 0xc7, 0xf8, 0xc7, 0xf8, 0xc7, 0xf8, 0xc7, 0xf8, 0xc7, 0xf8, 0xc7, 0xf8, 0xc7, 0xf8, 0xc7, 0xf8, 0xc7, 0xf8, 0xc7, 0xf8, 0xc7, 0xf8, 0xc7, 0xf8, 0xc7, 0xf8, 0xc7, 0xf8, 0xc7, 0xf8, 0xc7, 0xf8, 0xc7, 0xf8, 0xc7, 0xf8, 0xc7, 
  0xf8, 0xc7, 0xf8, 0xc7, 0xf8, 0xc7, 0xf8, 0xc7, 0xf8, 0xc7, 0xf8, 0xc7, 0xf8, 0xc7, 0xf8, 0xc7, 0xf8, 0xc7, 0xf8, 0xc7, 0xf8, 0xc7, 0xf8, 0xc7, 0xf8, 0xc7, 0xf8, 0xc7, 0xf8, 0xc7, 0xf8, 0xc7, 0xf8, 0xc7, 0xf8, 0xc7, 0xf8, 0xc7, 0xf8, 0xc7, 0xf8, 0xc7, 0xf8, 0xc7, 0xf8, 0xc7, 0xf8, 0xc7, 0xf8, 0xc7, 0xf8, 0xc7, 0xf8, 0xc7, 0xf8, 0xcf, 0xf8, 0xc7, 0xf8, 0xc7, 0xf9, 0xc7, 0xf9, 0xc7, 0xf8, 0xc7, 0xf8, 0xc7, 0xf8, 0xc7, 0xf8, 0xc7, 0xf8, 0xc7, 0xf8, 0xc7, 0xf8, 0xc7, 0xf8, 0xc7, 0xf8, 0xc7, 0xf8, 0xc7, 0xf8, 0xc7, 0xf8, 0xc7, 0xf8, 0xc7, 0xf8, 0xc7, 0xf8, 0xc7, 0xf8, 0xc7, 0xf8, 0xc7, 0xf8, 0xc7, 0xf8, 0xc7, 0xf8, 0xc7, 0xf8, 0xc7, 0xf8, 0xc7, 0xf8, 0xc7, 0xf8, 0xc7, 0xf8, 0xc7, 0xf8, 0xc7, 0xf8, 0xc7, 0xf8, 0xc7, 0xf8, 0xc7, 0xf8, 0xc7, 0xf8, 0xc7, 0xf8, 0xc7, 0xf9, 0xc7, 0xf9, 0xc7, 0xf9, 0xc7, 0xf8, 0xc7, 0xf7, 0xbf, 0xf7, 0xbf, 0xf8, 0xbf, 0xf8, 0xc7, 0xf8, 0xc7, 0xf8, 0xc7, 0xf8, 0xc7, 0xf8, 0xc7, 0xf8, 0xc7, 0xf8, 0xc7, 0xf8, 0xc7, 0xf8, 0xc7, 0xf8, 0xc7, 0xf8, 0xc7, 0xf8, 0xc7, 0xf8, 0xc7, 
  0xf8, 0xc7, 0xf8, 0xc7, 0xf8, 0xc7, 0xf8, 0xc7, 0xf8, 0xc7, 0xf8, 0xc7, 0xf8, 0xc7, 0xf9, 0xc7, 0xf8, 0xc7, 0xf8, 0xc7, 0xf8, 0xc7, 0xf8, 0xc7, 0xf8, 0xc7, 0xf8, 0xc7, 0xf8, 0xc7, 0xf8, 0xc7, 0xf8, 0xc7, 0xf8, 0xc7, 0xf8, 0xc7, 0xf8, 0xc7, 0xf8, 0xc7, 0xf8, 0xc7, 0xf8, 0xc7, 0xf8, 0xc7, 0xf8, 0xc7, 0xf8, 0xc7, 0xf8, 0xc7, 0xf8, 0xc7, 0xf9, 0xcf, 0xf9, 0xcf, 0xf9, 0xcf, 0xf8, 0xc7, 0xf8, 0xc7, 0xf8, 0xc7, 0xf8, 0xc7, 0xf8, 0xc7, 0xf8, 0xc7, 0xf8, 0xc7, 0xf8, 0xc7, 0xf8, 0xc7, 0xf8, 0xc7, 0xf8, 0xc7, 0xf8, 0xc7, 0xf8, 0xc7, 0xf8, 0xc7, 0xf8, 0xc7, 0xf8, 0xc7, 0xf8, 0xc7, 0xf8, 0xc7, 0xf8, 0xc7, 0xf8, 0xc7, 0xf8, 0xc7, 0xf8, 0xc7, 0xf8, 0xc7, 0xf8, 0xc7, 0xf8, 0xc7, 0xf8, 0xc7, 0xf8, 0xc7, 0xf8, 0xc7, 0xf8, 0xc7, 0xf8, 0xc7, 0xf8, 0xc7, 0xf8, 0xc7, 0xf8, 0xc7, 0xf8, 0xc7, 0xf8, 0xc7, 0xf8, 0xc7, 0xf8, 0xc7, 0xf8, 0xc7, 0xf8, 0xc7, 0xf8, 0xc7, 0xf8, 0xc7, 0xf8, 0xc7, 0xf8, 0xc7, 0xf8, 0xc7, 0xf8, 0xc7, 0xf8, 0xc7, 0xf8, 0xc7, 0xf8, 0xc7, 0xf8, 0xc7, 0xf8, 0xc7, 0xf8, 0xc7, 0xf8, 0xc7, 0xf8, 0xc7, 
  0xf7, 0xc7, 0xf8, 0xc7, 0xf8, 0xc7, 0xf9, 0xcf, 0xd9, 0xc7, 0xf9, 0xcf, 0xf9, 0xc7, 0xf9, 0xc7, 0xf9, 0xc7, 0xf9, 0xc7, 0xf8, 0xbf, 0xf8, 0xbf, 0xf8, 0xc7, 0xf8, 0xc7, 0xf8, 0xc7, 0xf8, 0xc7, 0xf8, 0xc7, 0xf8, 0xc7, 0xf8, 0xc7, 0xf8, 0xc7, 0xf8, 0xc7, 0xf8, 0xc7, 0xf8, 0xc7, 0xf8, 0xc7, 0xf8, 0xc7, 0xf8, 0xc7, 0xf8, 0xc7, 0xf8, 0xc7, 0xf8, 0xc7, 0xf8, 0xc7, 0xf8, 0xc7, 0xf8, 0xc7, 0xf8, 0xc7, 0xf8, 0xc7, 0xf8, 0xc7, 0xf8, 0xc7, 0xf8, 0xc7, 0xf8, 0xbf, 0xf8, 0xc7, 0xf8, 0xc7, 0xf9, 0xcf, 0xd9, 0xc7, 0xf9, 0xcf, 0xb8, 0xc7, 0xf9, 0xcf, 0xd8, 0xc7, 0xf9, 0xcf, 0xd7, 0xbf, 0xf8, 0xc7, 0xf8, 0xc7, 0xf8, 0xc7, 0xf8, 0xc7, 0xf8, 0xc7, 0xf8, 0xc7, 0xf8, 0xc7, 0xf8, 0xc7, 0xf8, 0xc7, 0xf8, 0xc7, 0xf8, 0xc7, 0xf8, 0xc7, 0xf8, 0xc7, 0xf8, 0xc7, 0xf8, 0xc7, 0xf8, 0xc7, 0xf8, 0xc7, 0xf8, 0xc7, 0xf8, 0xc7, 0xf8, 0xc7, 0xf8, 0xc7, 0xf8, 0xc7, 0xf8, 0xc7, 0xf8, 0xc7, 0xf7, 0xc7, 0xf8, 0xc7, 0xf8, 0xc7, 0xf9, 0xcf, 0xd8, 0xc7, 0xf8, 0xcf, 0xd9, 0xcf, 0xf9, 0xcf, 0xf8, 0xc7, 0xf8, 0xc7, 0xf8, 0xc7, 0xf8, 0xc7, 
  0xf8, 0xc7, 0xf7, 0xc7, 0xd8, 0xc7, 0xd8, 0xc7, 0xfa, 0xd7, 0xda, 0xcf, 0xfb, 0xd7, 0xfa, 0xcf, 0xfa, 0xcf, 0xf9, 0xc7, 0xf8, 0xc7, 0xf8, 0xc7, 0xf8, 0xc7, 0xf8, 0xc7, 0xf8, 0xc7, 0xf8, 0xc7, 0xf8, 0xc7, 0xf8, 0xc7, 0xf8, 0xc7, 0xf8, 0xc7, 0xf8, 0xc7, 0xf8, 0xc7, 0xf8, 0xc7, 0xf8, 0xc7, 0xf8, 0xc7, 0xf8, 0xc7, 0xf8, 0xc7, 0xf8, 0xc7, 0xf8, 0xc7, 0xf8, 0xc7, 0xf8, 0xc7, 0xf8, 0xc7, 0xf8, 0xc7, 0xf8, 0xc7, 0xf8, 0xc7, 0xf8, 0xc7, 0xf8, 0xc7, 0xf8, 0xc7, 0xf9, 0xcf, 0xfa, 0xcf, 0xfa, 0xcf, 0xda, 0xcf, 0xda, 0xcf, 0xfa, 0xd7, 0xd9, 0xcf, 0xf8, 0xcf, 0xf8, 0xcf, 0xf8, 0xc7, 0xf8, 0xc7, 0xf8, 0xc7, 0xf8, 0xc7, 0xf8, 0xc7, 0xf8, 0xc7, 0xf8, 0xc7, 0xf8, 0xc7, 0xf8, 0xc7, 0xf8, 0xc7, 0xf8, 0xc7, 0xf8, 0xc7, 0xf8, 0xc7, 0xf8, 0xc7, 0xf8, 0xc7, 0xf8, 0xc7, 0xf8, 0xc7, 0xf8, 0xc7, 0xf8, 0xc7, 0xf8, 0xc7, 0xf8, 0xc7, 0xf8, 0xc7, 0xf8, 0xc7, 0xf8, 0xc7, 0xf8, 0xc7, 0xf8, 0xc7, 0xf7, 0xc7, 0xf8, 0xc7, 0xd8, 0xc7, 0xf9, 0xcf, 0xf9, 0xd7, 0xfb, 0xdf, 0xda, 0xd7, 0xfa, 0xcf, 0xf9, 0xc7, 0xf8, 0xc7, 0xf8, 0xc7, 
  0xf8, 0xc7, 0xf8, 0xc7, 0xf9, 0xcf, 0xf9, 0xcf, 0xda, 0xd7, 0x38, 0xc7, 0x18, 0xc7, 0x38, 0xc7, 0x79, 0xc7, 0xb9, 0xcf, 0xf9, 0xcf, 0xf8, 0xc7, 0xf8, 0xc7, 0xf8, 0xc7, 0xf8, 0xc7, 0xf8, 0xc7, 0xf8, 0xc7, 0xf8, 0xc7, 0xf8, 0xc7, 0xf8, 0xc7, 0xf8, 0xc7, 0xf8, 0xc7, 0xf8, 0xc7, 0xf8, 0xc7, 0xf8, 0xc7, 0xf8, 0xc7, 0xf8, 0xc7, 0xf8, 0xc7, 0xf8, 0xc7, 0xf8, 0xc7, 0xf8, 0xc7, 0xf8, 0xc7, 0xf8, 0xc7, 0xf8, 0xc7, 0xf8, 0xc7, 0xf8, 0xc7, 0xf8, 0xc7, 0xf9, 0xcf, 0xd9, 0xcf, 0x99, 0xcf, 0x38, 0xc7, 0x38, 0xc7, 0x38, 0xc7, 0xba, 0xd7, 0xfa, 0xd7, 0xf9, 0xcf, 0xf8, 0xc7, 0xf8, 0xc7, 0xf8, 0xc7, 0xf8, 0xc7, 0xf8, 0xc7, 0xf8, 0xc7, 0xf8, 0xc7, 0xf8, 0xc7, 0xf8, 0xc7, 0xf8, 0xc7, 0xf8, 0xc7, 0xf8, 0xc7, 0xf8, 0xc7, 0xf8, 0xc7, 0xf8, 0xc7, 0xf8, 0xc7, 0xf8, 0xc7, 0xf8, 0xc7, 0xf8, 0xc7, 0xf8, 0xc7, 0xf8, 0xc7, 0xf8, 0xc7, 0xf8, 0xc7, 0xf8, 0xc7, 0xf8, 0xc7, 0xf8, 0xc7, 0xf8, 0xc7, 0xd7, 0xc7, 0xf9, 0xcf, 0xd9, 0xcf, 0xb9, 0xcf, 0x58, 0xc7, 0x18, 0xc7, 0xf7, 0xbe, 0x79, 0xc7, 0xb9, 0xc7, 0xf9, 0xcf, 0xf9, 0xcf, 
  0xf7, 0xbf, 0xf8, 0xc7, 0xf9, 0xcf, 0x99, 0xcf, 0xb7, 0xbe, 0x15, 0xae, 0xd4, 0xa5, 0xf4, 0xa5, 0x75, 0xae, 0x17, 0xbf, 0xd9, 0xd7, 0xf9, 0xcf, 0xd8, 0xc7, 0xf8, 0xc7, 0xf8, 0xc7, 0xf8, 0xc7, 0xf8, 0xc7, 0xf8, 0xc7, 0xf8, 0xc7, 0xf8, 0xc7, 0xf8, 0xc7, 0xf8, 0xc7, 0xf8, 0xc7, 0xf8, 0xc7, 0xf8, 0xc7, 0xf8, 0xc7, 0xf8, 0xc7, 0xf8, 0xc7, 0xf8, 0xc7, 0xf8, 0xc7, 0xf8, 0xc7, 0xf8, 0xc7, 0xf8, 0xc7, 0xf8, 0xc7, 0xf8, 0xc7, 0xd8, 0xc7, 0xf9, 0xcf, 0xf9, 0xd7, 0x38, 0xc7, 0x75, 0xb6, 0xd3, 0xa5, 0xb3, 0xa5, 0xf4, 0xad, 0x76, 0xb6, 0x99, 0xcf, 0xf9, 0xcf, 0xf8, 0xcf, 0xf8, 0xc7, 0xf8, 0xc7, 0xf8, 0xc7, 0xf8, 0xc7, 0xf8, 0xc7, 0xf8, 0xc7, 0xf8, 0xc7, 0xf8, 0xc7, 0xf8, 0xc7, 0xf8, 0xc7, 0xf8, 0xc7, 0xf8, 0xc7, 0xf8, 0xc7, 0xf8, 0xc7, 0xf8, 0xc7, 0xf8, 0xc7, 0xf8, 0xc7, 0xf8, 0xc7, 0xf8, 0xc7, 0xf8, 0xc7, 0xf8, 0xc7, 0xf8, 0xc7, 0xf8, 0xc7, 0xf8, 0xc7, 0xf8, 0xc7, 0xf8, 0xc7, 0xf8, 0xc7, 0xf9, 0xcf, 0xda, 0xd7, 0xf7, 0xbe, 0x55, 0xae, 0xd4, 0xa5, 0x15, 0xae, 0x35, 0xae, 0xf7, 0xbe, 0xda, 0xd7, 0xd9, 0xcf, 
  0xf8, 0xc7, 0xf9, 0xcf, 0xf9, 0xcf, 0x17, 0xbf, 0x35, 0xae, 0xf5, 0xad, 0xd5, 0xb5, 0x16, 0xb6, 0xd4, 0xad, 0x55, 0xb6, 0x78, 0xcf, 0xd9, 0xcf, 0xd8, 0xc7, 0xf9, 0xc7, 0xf8, 0xc7, 0xf8, 0xc7, 0xf8, 0xc7, 0xf8, 0xc7, 0xf8, 0xc7, 0xf8, 0xc7, 0xf8, 0xc7, 0xf8, 0xc7, 0xf8, 0xc7, 0xf8, 0xc7, 0xf8, 0xc7, 0xf8, 0xc7, 0xf8, 0xc7, 0xf8, 0xc7, 0xf8, 0xc7, 0xf8, 0xc7, 0xf8, 0xc7, 0xf8, 0xc7, 0xf8, 0xc7, 0xf8, 0xc7, 0xf8, 0xc7, 0xd8, 0xc7, 0xf9, 0xd7, 0x99, 0xd7, 0x76, 0xb6, 0xd4, 0xad, 0x36, 0xbe, 0xf6, 0xb5, 0xf5, 0xb5, 0xf4, 0xad, 0xf7, 0xbe, 0xb9, 0xcf, 0xf8, 0xc7, 0xf8, 0xc7, 0xf8, 0xc7, 0xf8, 0xc7, 0xf8, 0xc7, 0xf8, 0xc7, 0xf8, 0xc7, 0xf8, 0xc7, 0xf8, 0xc7, 0xf8, 0xc7, 0xf8, 0xc7, 0xf8, 0xc7, 0xf8, 0xc7, 0xf8, 0xc7, 0xf8, 0xc7, 0xf8, 0xc7, 0xf8, 0xc7, 0xf8, 0xc7, 0xf8, 0xc7, 0xf8, 0xc7, 0xf8, 0xc7, 0xf8, 0xc7, 0xf8, 0xc7, 0xf8, 0xc7, 0xf8, 0xc7, 0xf8, 0xc7, 0xf8, 0xc7, 0xf9, 0xcf, 0xd9, 0xcf, 0x38, 0xc7, 0x35, 0xae, 0xf5, 0xad, 0xb5, 0xad, 0x17, 0xb6, 0xd4, 0xa5, 0x55, 0xae, 0x59, 0xcf, 0xda, 0xd7, 
  0xf8, 0xc7, 0xd8, 0xc7, 0xd9, 0xcf, 0x55, 0xae, 0xf5, 0xad, 0xb5, 0xad, 0xf6, 0xbd, 0xd6, 0xb5, 0xf5, 0xb5, 0xf4, 0xad, 0xf7, 0xc6, 0xd9, 0xd7, 0xf9, 0xcf, 0xf9, 0xcf, 0xf8, 0xbf, 0xf8, 0xc7, 0xf8, 0xc7, 0xf8, 0xc7, 0xf8, 0xc7, 0xf8, 0xc7, 0xf8, 0xc7, 0xf8, 0xc7, 0xf8, 0xc7, 0xf8, 0xc7, 0xf8, 0xc7, 0xf8, 0xc7, 0xf8, 0xc7, 0xf8, 0xc7, 0xf8, 0xc7, 0xf8, 0xc7, 0xf8, 0xc7, 0xf8, 0xc7, 0xf8, 0xc7, 0xf8, 0xbf, 0xf8, 0xc7, 0xf9, 0xcf, 0xfa, 0xd7, 0x38, 0xc7, 0x14, 0xae, 0xd5, 0xb5, 0xb5, 0xb5, 0xd6, 0xb5, 0xb5, 0xad, 0xd4, 0xad, 0x55, 0xae, 0xb9, 0xcf, 0xd8, 0xc7, 0xf9, 0xcf, 0xf8, 0xc7, 0xf8, 0xc7, 0xf8, 0xc7, 0xf8, 0xc7, 0xf8, 0xc7, 0xf8, 0xc7, 0xf8, 0xc7, 0xf8, 0xc7, 0xf8, 0xc7, 0xf8, 0xc7, 0xf8, 0xc7, 0xf8, 0xc7, 0xf8, 0xc7, 0xf8, 0xc7, 0xf8, 0xc7, 0xf8, 0xc7, 0xf8, 0xc7, 0xf8, 0xc7, 0xf8, 0xc7, 0xf8, 0xc7, 0xf8, 0xc7, 0xf8, 0xc7, 0xf8, 0xc7, 0xf8, 0xc7, 0xf8, 0xc7, 0xf9, 0xcf, 0xda, 0xd7, 0x96, 0xb6, 0xf5, 0xad, 0xf6, 0xb5, 0xf7, 0xbd, 0xd7, 0xbd, 0x16, 0xb6, 0xf4, 0xa5, 0xd7, 0xbe, 0xdb, 0xdf, 
  0xf8, 0xc7, 0xf8, 0xc7, 0xfa, 0xd7, 0x55, 0xae, 0x36, 0xb6, 0xd6, 0xb5, 0xf7, 0xbd, 0xb6, 0xb5, 0xf6, 0xb5, 0xd4, 0xad, 0xf7, 0xc6, 0xd9, 0xd7, 0xf9, 0xcf, 0xf9, 0xcf, 0xf7, 0xbf, 0xf8, 0xc7, 0xf8, 0xc7, 0xf8, 0xc7, 0xf8, 0xc7, 0xf8, 0xc7, 0xf8, 0xc7, 0xf8, 0xc7, 0xf8, 0xc7, 0xf8, 0xc7, 0xf8, 0xc7, 0xf8, 0xc7, 0xf8, 0xc7, 0xf8, 0xc7, 0xf8, 0xc7, 0xf8, 0xc7, 0xf8, 0xc7, 0xf8, 0xc7, 0xf8, 0xc7, 0xf8, 0xbf, 0xf8, 0xc7, 0xf9, 0xcf, 0xd9, 0xd7, 0x38, 0xc7, 0xf5, 0xad, 0xf6, 0xb5, 0xd6, 0xb5, 0xd6, 0xbd, 0xf6, 0xb5, 0x16, 0xb6, 0x55, 0xae, 0xb9, 0xcf, 0xd8, 0xc7, 0xf8, 0xc7, 0xf8, 0xc7, 0xf8, 0xc7, 0xf8, 0xc7, 0xf8, 0xc7, 0xf8, 0xc7, 0xf8, 0xc7, 0xf8, 0xc7, 0xf8, 0xc7, 0xf8, 0xc7, 0xf8, 0xc7, 0xf8, 0xc7, 0xf8, 0xc7, 0xf8, 0xc7, 0xf8, 0xc7, 0xf8, 0xc7, 0xf8, 0xc7, 0xf8, 0xc7, 0xf8, 0xc7, 0xf8, 0xc7, 0xf8, 0xc7, 0xf8, 0xc7, 0xf8, 0xc7, 0xf8, 0xc7, 0xf8, 0xc7, 0xf8, 0xc7, 0xf9, 0xcf, 0xfa, 0xd7, 0x96, 0xb6, 0xf5, 0xad, 0xf6, 0xb5, 0xd7, 0xbd, 0x96, 0xb5, 0x16, 0xb6, 0xd4, 0xa5, 0xb6, 0xbe, 0xba, 0xd7, 
  0xf8, 0xc7, 0xf8, 0xc7, 0xfa, 0xd7, 0x96, 0xb6, 0xf5, 0xad, 0xf6, 0xb5, 0xd6, 0xb5, 0xf6, 0xb5, 0xb5, 0xad, 0xf5, 0xad, 0x58, 0xcf, 0xd9, 0xd7, 0xd8, 0xc7, 0xf9, 0xcf, 0xf8, 0xc7, 0xf8, 0xc7, 0xf8, 0xc7, 0xf8, 0xc7, 0xf8, 0xc7, 0xf8, 0xc7, 0xf8, 0xc7, 0xf8, 0xc7, 0xf8, 0xc7, 0xf8, 0xc7, 0xf8, 0xc7, 0xf8, 0xc7, 0xf8, 0xc7, 0xf8, 0xc7, 0xf8, 0xc7, 0xf8, 0xc7, 0xf8, 0xc7, 0xf8, 0xc7, 0xf8, 0xc7, 0xf8, 0xc7, 0xf8, 0xcf, 0xb8, 0xc7, 0xd9, 0xcf, 0x79, 0xcf, 0x35, 0xae, 0xd5, 0xad, 0xf6, 0xb5, 0xb5, 0xad, 0xf6, 0xb5, 0xd5, 0xad, 0x75, 0xae, 0xb9, 0xcf, 0xf9, 0xcf, 0xf8, 0xc7, 0xf8, 0xc7, 0xf8, 0xc7, 0xf8, 0xc7, 0xf8, 0xc7, 0xf8, 0xc7, 0xf8, 0xc7, 0xf8, 0xc7, 0xf8, 0xc7, 0xf8, 0xc7, 0xf8, 0xc7, 0xf8, 0xc7, 0xf8, 0xc7, 0xf8, 0xc7, 0xf8, 0xc7, 0xf8, 0xc7, 0xf8, 0xc7, 0xf8, 0xc7, 0xf8, 0xc7, 0xf8, 0xc7, 0xf8, 0xc7, 0xf8, 0xc7, 0xf8, 0xc7, 0xf8, 0xc7, 0xf8, 0xc7, 0xf8, 0xc7, 0xf8, 0xc7, 0xb9, 0xcf, 0xf7, 0xbe, 0xf5, 0xad, 0x16, 0xb6, 0xb6, 0xb5, 0xf7, 0xbd, 0xf5, 0xad, 0x14, 0xae, 0x18, 0xc7, 0xda, 0xdf, 
  0xf8, 0xc7, 0xd8, 0xc7, 0xfa, 0xd7, 0x79, 0xcf, 0x36, 0xb6, 0xb5, 0xa5, 0xd5, 0xad, 0x16, 0xb6, 0xd4, 0xa5, 0xb7, 0xbe, 0x99, 0xcf, 0xd9, 0xcf, 0xf8, 0xcf, 0xf8, 0xcf, 0xf8, 0xc7, 0xf7, 0xc7, 0xf8, 0xc7, 0xf8, 0xc7, 0xf8, 0xc7, 0xf8, 0xc7, 0xf8, 0xc7, 0xf8, 0xc7, 0xf8, 0xc7, 0xf8, 0xc7, 0xf8, 0xc7, 0xf8, 0xc7, 0xf8, 0xc7, 0xf8, 0xc7, 0xf8, 0xc7, 0xf8, 0xc7, 0xf8, 0xc7, 0xf8, 0xc7, 0xf8, 0xc7, 0xf8, 0xc7, 0xf8, 0xc7, 0xf8, 0xcf, 0xf9, 0xcf, 0xb9, 0xcf, 0xf8, 0xbe, 0x15, 0xa6, 0xf6, 0xad, 0xf6, 0xad, 0xd5, 0xa5, 0x56, 0xb6, 0x59, 0xc7, 0xd9, 0xcf, 0xd8, 0xcf, 0xf8, 0xcf, 0xf8, 0xc7, 0xf8, 0xc7, 0xf8, 0xc7, 0xf8, 0xc7, 0xf8, 0xc7, 0xf8, 0xc7, 0xf8, 0xc7, 0xf8, 0xc7, 0xf8, 0xc7, 0xf8, 0xc7, 0xf8, 0xc7, 0xf8, 0xc7, 0xf8, 0xc7, 0xf8, 0xc7, 0xf8, 0xc7, 0xf8, 0xc7, 0xf8, 0xc7, 0xf8, 0xc7, 0xf8, 0xc7, 0xf8, 0xc7, 0xf8, 0xc7, 0xf8, 0xc7, 0xf8, 0xc7, 0xf8, 0xc7, 0xf8, 0xc7, 0xd7, 0xc7, 0xf9, 0xcf, 0x78, 0xc7, 0x56, 0xb6, 0xd5, 0xad, 0xb6, 0xb5, 0xd6, 0xb5, 0xd4, 0xa5, 0xd6, 0xbe, 0x99, 0xcf, 0xd9, 0xd7, 
  0xf8, 0xcf, 0xf8, 0xc7, 0xfa, 0xd7, 0xda, 0xd7, 0x39, 0xc7, 0xb8, 0xbe, 0x57, 0xb6, 0x56, 0xb6, 0xf8, 0xc6, 0x79, 0xcf, 0xfa, 0xd7, 0xf9, 0xcf, 0xf8, 0xc7, 0xf8, 0xc7, 0xf8, 0xc7, 0xf7, 0xc7, 0xf8, 0xc7, 0xf8, 0xc7, 0xf8, 0xc7, 0xf8, 0xc7, 0xf8, 0xc7, 0xf8, 0xc7, 0xf8, 0xc7, 0xf8, 0xc7, 0xf8, 0xc7, 0xf8, 0xc7, 0xf8, 0xc7, 0xf8, 0xc7, 0xf8, 0xc7, 0xf8, 0xc7, 0xf8, 0xc7, 0xf8, 0xc7, 0xf8, 0xc7, 0xf8, 0xc7, 0xf8, 0xc7, 0xf8, 0xc7, 0xf9, 0xcf, 0xfa, 0xcf, 0xba, 0xcf, 0x18, 0xc7, 0x56, 0xae, 0x57, 0xb6, 0x97, 0xb6, 0x18, 0xc7, 0xba, 0xd7, 0xf9, 0xd7, 0xf8, 0xcf, 0xf8, 0xc7, 0xf8, 0xc7, 0xf8, 0xc7, 0xf8, 0xc7, 0xf8, 0xc7, 0xf8, 0xc7, 0xf8, 0xc7, 0xf8, 0xc7, 0xf8, 0xc7, 0xf8, 0xc7, 0xf8, 0xc7, 0xf8, 0xc7, 0xf8, 0xc7, 0xf8, 0xc7, 0xf8, 0xc7, 0xf8, 0xc7, 0xf8, 0xc7, 0xf8, 0xc7, 0xf8, 0xc7, 0xf8, 0xc7, 0xf8, 0xc7, 0xf8, 0xc7, 0xf8, 0xc7, 0xf8, 0xc7, 0xf7, 0xc7, 0xf7, 0xbf, 0xf7, 0xc7, 0xf9, 0xd7, 0xfa, 0xd7, 0x59, 0xcf, 0xb8, 0xc6, 0x57, 0xbe, 0x36, 0xb6, 0xf7, 0xbe, 0x78, 0xcf, 0xd9, 0xd7, 0xd9, 0xcf, 
  0xf7, 0xc7, 0xd7, 0xc7, 0xd8, 0xc7, 0xd9, 0xcf, 0xdb, 0xd7, 0xbb, 0xd7, 0x5a, 0xcf, 0x5a, 0xcf, 0xbb, 0xd7, 0xda, 0xd7, 0xf9, 0xcf, 0xf8, 0xc7, 0xf8, 0xc7, 0xf8, 0xc7, 0xf8, 0xc7, 0xf8, 0xc7, 0xf8, 0xc7, 0xf8, 0xc7, 0xf8, 0xc7, 0xf8, 0xc7, 0xf8, 0xc7, 0xf8, 0xc7, 0xf8, 0xc7, 0xf8, 0xc7, 0xf8, 0xc7, 0xf8, 0xc7, 0xf8, 0xc7, 0xf8, 0xc7, 0xf8, 0xc7, 0xf8, 0xc7, 0xf8, 0xc7, 0xf8, 0xc7, 0xf8, 0xc7, 0xf7, 0xc7, 0xf8, 0xc7, 0xf8, 0xc7, 0xf8, 0xc7, 0xf9, 0xcf, 0xfa, 0xd7, 0xdb, 0xd7, 0x9a, 0xcf, 0x7a, 0xcf, 0x9b, 0xd7, 0xdb, 0xd7, 0xda, 0xd7, 0xf9, 0xcf, 0xf8, 0xc7, 0xd7, 0xc7, 0xf8, 0xc7, 0xf8, 0xc7, 0xf8, 0xc7, 0xf8, 0xc7, 0xf8, 0xc7, 0xf8, 0xc7, 0xf8, 0xc7, 0xf8, 0xc7, 0xf8, 0xc7, 0xf8, 0xc7, 0xf8, 0xc7, 0xf8, 0xc7, 0xf8, 0xc7, 0xf8, 0xc7, 0xf8, 0xc7, 0xf8, 0xc7, 0xf8, 0xc7, 0xf8, 0xc7, 0xf8, 0xc7, 0xf8, 0xc7, 0xf8, 0xc7, 0xf8, 0xc7, 0xf8, 0xc7, 0xf8, 0xc7, 0xf7, 0xc7, 0xf7, 0xc7, 0xf8, 0xc7, 0xd9, 0xcf, 0xb9, 0xd7, 0x9a, 0xd7, 0x5a, 0xd7, 0x7a, 0xd7, 0xda, 0xd7, 0xd9, 0xcf, 0xf9, 0xcf, 0xd9, 0xcf, 
#endif
#if LV_COLOR_DEPTH == 16 && LV_COLOR_16_SWAP != 0
  /*Pixel format: Red: 5 bit, Green: 6 bit, Blue: 5 bit BUT the 2 bytes are swapped*/
  0xbf, 0xd6, 0xcf, 0xf8, 0xd7, 0xd9, 0xdf, 0xba, 0xdf, 0x3b, 0xc6, 0x58, 0xbd, 0xd7, 0xbe, 0x17, 0xc6, 0x98, 0xd7, 0x7a, 0xd7, 0xba, 0xcf, 0xf9, 0xc7, 0xf8, 0xc7, 0xf8, 0xbf, 0xf7, 0xc7, 0xf8, 0xc7, 0xf8, 0xc7, 0xf8, 0xc7, 0xf8, 0xc7, 0xf8, 0xc7, 0xf8, 0xc7, 0xf8, 0xc7, 0xf8, 0xc7, 0xf8, 0xc7, 0xf8, 0xc7, 0xf8, 0xc7, 0xf8, 0xc7, 0xf8, 0xc7, 0xf8, 0xc7, 0xf8, 0xc7, 0xf8, 0xc7, 0xf8, 0xc7, 0xf8, 0xc7, 0xf8, 0xc7, 0xf8, 0xc7, 0xf7, 0xcf, 0xf8, 0xd7, 0xd9, 0xdf, 0xda, 0xce, 0xf9, 0xc6, 0x58, 0xbd, 0xd7, 0xc6, 0x18, 0xce, 0xb9, 0xd7, 0x7a, 0xd7, 0xda, 0xcf, 0xf8, 0xc7, 0xf8, 0xc7, 0xf8, 0xc7, 0xf8, 0xc7, 0xf8, 0xc7, 0xf8, 0xc7, 0xf8, 0xc7, 0xf8, 0xc7, 0xf8, 0xc7, 0xf8, 0xc7, 0xf8, 0xc7, 0xf8, 0xc7, 0xf8, 0xc7, 0xf8, 0xc7, 0xf8, 0xc7, 0xf8, 0xc7, 0xf8, 0xc7, 0xf8, 0xc7, 0xf8, 0xc7, 0xf8, 0xc7, 0xf8, 0xc7, 0xf9, 0xc7, 0xf9, 0xc7, 0xf9, 0xc7, 0xf8, 0xc7, 0xf8, 0xbf, 0xf7, 0xc7, 0xf8, 0xc7, 0xf8, 0xd7, 0xfa, 0xd7, 0x9a, 0xc6, 0xb8, 0xbe, 0x18, 0xb5, 0xd7, 0xc6, 0x98, 0xd7, 0x39, 0xd7, 0x99, 0xd7, 0xb9, 
  0xc7, 0xf8, 0xcf, 0xf8, 0xcf, 0xb9, 0xcf, 0x59, 0xb6, 0x16, 0xb5, 0xd6, 0xb5, 0xb6, 0xb5, 0xd6, 0xb5, 0xf5, 0xbe, 0xb7, 0xd7, 0xb9, 0xcf, 0xd9, 0xcf, 0xf9, 0xc7, 0xf8, 0xc7, 0xf8, 0xc7, 0xf8, 0xc7, 0xf8, 0xc7, 0xf8, 0xc7, 0xf8, 0xc7, 0xf8, 0xc7, 0xf8, 0xc7, 0xf8, 0xc7, 0xf8, 0xc7, 0xf8, 0xc7, 0xf8, 0xc7, 0xf8, 0xc7, 0xf8, 0xc7, 0xf8, 0xc7, 0xf8, 0xc7, 0xf8, 0xc7, 0xf8, 0xc7, 0xf8, 0xc7, 0xf8, 0xc7, 0xf8, 0xc7, 0xf8, 0xc7, 0xf8, 0xcf, 0xf8, 0xd7, 0xf9, 0xcf, 0x38, 0xb6, 0x36, 0xb5, 0xb5, 0xbd, 0xd7, 0xb5, 0xb6, 0xb5, 0xd6, 0xc6, 0xd8, 0xd7, 0xda, 0xc7, 0xd8, 0xc7, 0xf8, 0xc7, 0xf8, 0xc7, 0xf8, 0xc7, 0xf8, 0xc7, 0xf8, 0xc7, 0xf8, 0xc7, 0xf8, 0xc7, 0xf8, 0xc7, 0xf8, 0xc7, 0xf8, 0xc7, 0xf8, 0xc7, 0xf8, 0xc7, 0xf8, 0xc7, 0xf8, 0xc7, 0xf8, 0xc7, 0xf8, 0xc7, 0xf8, 0xc7, 0xf8, 0xc7, 0xf8, 0xc7, 0xf8, 0xc7, 0xf8, 0xc7, 0xf9, 0xc7, 0xf8, 0xc7, 0xf8, 0xc7, 0xf8, 0xc7, 0xf8, 0xc7, 0xf8, 0xc7, 0xf8, 0xc7, 0x98, 0xbe, 0xd7, 0xad, 0xf5, 0xb5, 0xb6, 0xb5, 0xd7, 0xa5, 0x94, 0xb6, 0x36, 0xd7, 0x79, 0xdf, 0xda, 
  0xc7, 0xf8, 0xc7, 0xd8, 0xcf, 0xb9, 0xc6, 0xd7, 0xad, 0xd5, 0xb5, 0xd6, 0xb5, 0xd6, 0xb5, 0xf6, 0xad, 0xb5, 0xae, 0x15, 0xc7, 0x58, 0xcf, 0xd9, 0xcf, 0xf9, 0xc7, 0xf8, 0xc7, 0xf8, 0xc7, 0xf8, 0xc7, 0xf8, 0xc7, 0xf8, 0xc7, 0xf8, 0xc7, 0xf8, 0xc7, 0xf8, 0xc7, 0xf8, 0xc7, 0xf8, 0xc7, 0xf8, 0xc7, 0xf8, 0xc7, 0xf8, 0xc7, 0xf8, 0xc7, 0xf8, 0xc7, 0xf8, 0xc7, 0xf8, 0xc7, 0xf8, 0xc7, 0xf8, 0xc7, 0xf8, 0xc7, 0xf8, 0xc7, 0xf8, 0xc7, 0xf8, 0xcf, 0xf9, 0xcf, 0xd9, 0xb6, 0x96, 0xad, 0xd4, 0xbd, 0xf6, 0xb5, 0xb6, 0xb5, 0xd6, 0xb5, 0xf6, 0xad, 0xf5, 0xcf, 0x79, 0xd7, 0xf9, 0xbf, 0xd7, 0xc7, 0xf8, 0xc7, 0xf8, 0xc7, 0xf8, 0xc7, 0xf8, 0xc7, 0xf8, 0xc7, 0xf8, 0xc7, 0xf8, 0xc7, 0xf8, 0xc7, 0xf8, 0xc7, 0xf8, 0xc7, 0xf8, 0xc7, 0xf8, 0xc7, 0xf8, 0xc7, 0xf8, 0xc7, 0xf8, 0xc7, 0xf8, 0xc7, 0xf8, 0xc7, 0xf8, 0xc7, 0xf8, 0xc7, 0xf8, 0xc7, 0xf8, 0xc7, 0xf8, 0xc7, 0xf8, 0xc7, 0xf8, 0xc7, 0xf8, 0xc7, 0xf8, 0xcf, 0xf9, 0xc7, 0x58, 0xae, 0x55, 0xad, 0xd5, 0xb5, 0xd7, 0xbd, 0xd7, 0xb5, 0xf7, 0xad, 0xd5, 0xbe, 0xb7, 0xd7, 0x7a, 
  0xc7, 0xf8, 0xcf, 0xf8, 0xd7, 0xda, 0xae, 0x55, 0xb6, 0x16, 0xb5, 0xd6, 0xad, 0xb5, 0xb5, 0xd6, 0xb6, 0x16, 0xa5, 0xd4, 0xbe, 0xf7, 0xd7, 0xfa, 0xc7, 0xf8, 0xcf, 0xf9, 0xc7, 0xf8, 0xc7, 0xf8, 0xc7, 0xf8, 0xc7, 0xf8, 0xc7, 0xf8, 0xc7, 0xf8, 0xc7, 0xf8, 0xc7, 0xf8, 0xc7, 0xf8, 0xc7, 0xf8, 0xc7, 0xf8, 0xc7, 0xf8, 0xc7, 0xf8, 0xc7, 0xf8, 0xc7, 0xf8, 0xc7, 0xf8, 0xc7, 0xf8, 0xc7, 0xf8, 0xc7, 0xf9, 0xc7, 0xf8, 0xc7, 0xf8, 0xcf, 0xf9, 0xcf, 0xf9, 0xcf, 0x98, 0xae, 0x34, 0xae, 0x15, 0xb5, 0xd5, 0xbd, 0xd7, 0xb5, 0xd6, 0xb5, 0xf6, 0xa5, 0xf4, 0xc7, 0x58, 0xc7, 0xd8, 0xcf, 0xf9, 0xc7, 0xf8, 0xc7, 0xf8, 0xc7, 0xf8, 0xc7, 0xf8, 0xc7, 0xf8, 0xc7, 0xf8, 0xc7, 0xf8, 0xc7, 0xf8, 0xc7, 0xf8, 0xc7, 0xf8, 0xc7, 0xf8, 0xc7, 0xf8, 0xc7, 0xf8, 0xc7, 0xf8, 0xc7, 0xf8, 0xc7, 0xf8, 0xc7, 0xf8, 0xc7, 0xf8, 0xc7, 0xf8, 0xc7, 0xf8, 0xc7, 0xf8, 0xc7, 0xf8, 0xc7, 0xf8, 0xc7, 0xf8, 0xc7, 0xf8, 0xc7, 0xf8, 0xd7, 0xfa, 0xbe, 0xf7, 0xa5, 0xf4, 0xb5, 0xf6, 0xbd, 0xd7, 0xb5, 0x96, 0xb5, 0xf7, 0xad, 0xf6, 0xb6, 0x56, 0xd7, 0x9a, 
  0xcf, 0xf8, 0xcf, 0xf9, 0xd7, 0xda, 0xae, 0x35, 0xae, 0x15, 0xb5, 0xf6, 0xb5, 0xd6, 0xb5, 0xf6, 0xae, 0x16, 0xa5, 0xf4, 0xbf, 0x17, 0xd7, 0xfa, 0xc7, 0xd8, 0xcf, 0xf9, 0xc7, 0xf8, 0xc7, 0xf8, 0xc7, 0xf8, 0xc7, 0xf8, 0xc7, 0xf8, 0xc7, 0xf8, 0xc7, 0xf8, 0xc7, 0xf8, 0xc7, 0xf8, 0xc7, 0xf8, 0xc7, 0xf8, 0xc7, 0xf8, 0xc7, 0xf8, 0xc7, 0xf8, 0xc7, 0xf8, 0xc7, 0xf8, 0xc7, 0xf8, 0xc7, 0xf8, 0xc7, 0xf9, 0xc7, 0xf8, 0xc7, 0xf8, 0xcf, 0xf8, 0xcf, 0xf9, 0xcf, 0xb9, 0xae, 0x55, 0xae, 0x15, 0xb5, 0xf6, 0xb5, 0xf6, 0xb5, 0xd6, 0xb5, 0xf6, 0xae, 0x15, 0xc7, 0x78, 0xcf, 0xd8, 0xcf, 0xf8, 0xc7, 0xf8, 0xc7, 0xf8, 0xc7, 0xf8, 0xc7, 0xf8, 0xc7, 0xf8, 0xc7, 0xf8, 0xc7, 0xf8, 0xc7, 0xf8, 0xc7, 0xf8, 0xc7, 0xf8, 0xc7, 0xf8, 0xc7, 0xf8, 0xc7, 0xf8, 0xc7, 0xf8, 0xc7, 0xf8, 0xc7, 0xf8, 0xc7, 0xf7, 0xc7, 0xf7, 0xc7, 0xf8, 0xc7, 0xf8, 0xc7, 0xf8, 0xc7, 0xf8, 0xc7, 0xf8, 0xc7, 0xf8, 0xc7, 0xf8, 0xcf, 0xf8, 0xcf, 0xf9, 0xbe, 0xf7, 0xa5, 0xf5, 0xb5, 0xf6, 0xbd, 0xd7, 0xbd, 0xd7, 0xb5, 0xd6, 0xad, 0xf5, 0xb6, 0x76, 0xd7, 0xbb, 
  0xc7, 0xf8, 0xc7, 0xf8, 0xcf, 0xd9, 0xbf, 0x17, 0xa5, 0xf4, 0xad, 0xf5, 0xad, 0xf6, 0xb6, 0x16, 0xa5, 0xd4, 0xae, 0x55, 0xcf, 0x99, 0xcf, 0xd9, 0xc7, 0xf8, 0xc7, 0xf8, 0xcf, 0xf9, 0xc7, 0xf8, 0xc7, 0xf8, 0xc7, 0xf8, 0xc7, 0xf8, 0xc7, 0xf8, 0xc7, 0xf8, 0xc7, 0xf8, 0xc7, 0xf8, 0xc7, 0xf8, 0xc7, 0xf8, 0xc7, 0xf8, 0xc7, 0xf8, 0xc7, 0xf8, 0xc7, 0xf8, 0xc7, 0xf8, 0xc7, 0xf8, 0xc7, 0xf8, 0xc7, 0xf8, 0xc7, 0xf8, 0xc7, 0xf8, 0xc7, 0xd8, 0xcf, 0xf8, 0xd7, 0xf9, 0xb6, 0xd6, 0xa5, 0xf4, 0xb6, 0x16, 0xad, 0xb5, 0xad, 0xd5, 0xae, 0x36, 0xae, 0x55, 0xcf, 0xb9, 0xd7, 0xfa, 0xc7, 0xd7, 0xc7, 0xf8, 0xc7, 0xf8, 0xc7, 0xf8, 0xc7, 0xf8, 0xc7, 0xf8, 0xc7, 0xf8, 0xc7, 0xf8, 0xc7, 0xf8, 0xc7, 0xf8, 0xc7, 0xf8, 0xc7, 0xf8, 0xc7, 0xf8, 0xc7, 0xf8, 0xc7, 0xf8, 0xc7, 0xf8, 0xc7, 0xf8, 0xc7, 0xf7, 0xc7, 0xf7, 0xc7, 0xf8, 0xc7, 0xf8, 0xc7, 0xf8, 0xc7, 0xf8, 0xc7, 0xf8, 0xc7, 0xf8, 0xc7, 0xf8, 0xc7, 0xd8, 0xcf, 0xd9, 0xcf, 0x79, 0xb6, 0x76, 0xad, 0xd5, 0xb5, 0xb6, 0xbd, 0xf7, 0xad, 0xf5, 0xad, 0xf5, 0xc6, 0xf7, 0xd7, 0x9a, 
  0xc7, 0xf8, 0xc7, 0xf8, 0xcf, 0xd9, 0xcf, 0xb9, 0xb6, 0x96, 0xae, 0x35, 0xa5, 0xf5, 0xa5, 0xf4, 0xae, 0x75, 0xbf, 0x17, 0xcf, 0xda, 0xcf, 0xd9, 0xcf, 0xf9, 0xc7, 0xf8, 0xc7, 0xf8, 0xc7, 0xf8, 0xc7, 0xf8, 0xc7, 0xf8, 0xc7, 0xf8, 0xc7, 0xf8, 0xc7, 0xf8, 0xc7, 0xf8, 0xc7, 0xf8, 0xc7, 0xf8, 0xc7, 0xf8, 0xc7, 0xf8, 0xc7, 0xf8, 0xc7, 0xf8, 0xc7, 0xf8, 0xc7, 0xf8, 0xc7, 0xf8, 0xc7, 0xf8, 0xc7, 0xf8, 0xc7, 0xf8, 0xc7, 0xf8, 0xc7, 0xf8, 0xcf, 0xf8, 0xcf, 0xf9, 0xc7, 0x78, 0xb6, 0xb6, 0xa5, 0xf4, 0xae, 0x15, 0xa5, 0xf4, 0xae, 0x35, 0xc7, 0x38, 0xd7, 0xfa, 0xc7, 0xd8, 0xcf, 0xf8, 0xc7, 0xf8, 0xc7, 0xf8, 0xc7, 0xf8, 0xc7, 0xf8, 0xc7, 0xf8, 0xc7, 0xf8, 0xc7, 0xf8, 0xc7, 0xf8, 0xc7, 0xf8, 0xc7, 0xf8, 0xc7, 0xf8, 0xc7, 0xf8, 0xc7, 0xf8, 0xc7, 0xf8, 0xc7, 0xf8, 0xc7, 0xf8, 0xc7, 0xf7, 0xc7, 0xf7, 0xc7, 0xf8, 0xc7, 0xf8, 0xc7, 0xf8, 0xc7, 0xf8, 0xc7, 0xf8, 0xc7, 0xf8, 0xc7, 0xf8, 0xc7, 0xf8, 0xcf, 0xd9, 0xcf, 0xd9, 0xc7, 0x18, 0xae, 0x35, 0xad, 0xd5, 0xad, 0xd5, 0xa5, 0xf4, 0xb6, 0x96, 0xd7, 0xda, 0xd7, 0xfa, 
  0xc7, 0xf7, 0xc7, 0xf8, 0xc7, 0xd8, 0xcf, 0xd9, 0xd7, 0xda, 0xc7, 0x38, 0xbe, 0xd7, 0xbe, 0xf7, 0xcf, 0x99, 0xd7, 0xfa, 0xcf, 0xd9, 0xcf, 0xf9, 0xcf, 0xf9, 0xc7, 0xf8, 0xbf, 0xf8, 0xc7, 0xf8, 0xc7, 0xf8, 0xc7, 0xf8, 0xc7, 0xf8, 0xc7, 0xf8, 0xc7, 0xf8, 0xc7, 0xf8, 0xc7, 0xf8, 0xc7, 0xf8, 0xc7, 0xf8, 0xc7, 0xf8, 0xc7, 0xf8, 0xc7, 0xf8, 0xc7, 0xf8, 0xc7, 0xf8, 0xc7, 0xf8, 0xc7, 0xf8, 0xc7, 0xf8, 0xc7, 0xf8, 0xc7, 0xf8, 0xc7, 0xf8, 0xcf, 0xf8, 0xc7, 0xd8, 0xd7, 0xfa, 0xd7, 0xd9, 0xc7, 0x38, 0xb6, 0xb6, 0xc6, 0xf8, 0xcf, 0x99, 0xd7, 0xfa, 0xcf, 0xf9, 0xc7, 0xd8, 0xc7, 0xf8, 0xc7, 0xf8, 0xc7, 0xf8, 0xc7, 0xf8, 0xc7, 0xf8, 0xc7, 0xf8, 0xc7, 0xf8, 0xc7, 0xf8, 0xc7, 0xf8, 0xc7, 0xf8, 0xc7, 0xf8, 0xc7, 0xf8, 0xc7, 0xf8, 0xc7, 0xf8, 0xc7, 0xf8, 0xc7, 0xf8, 0xc7, 0xf8, 0xc7, 0xf8, 0xc7, 0xf8, 0xc7, 0xf8, 0xc7, 0xf8, 0xc7, 0xf8, 0xc7, 0xf8, 0xc7, 0xf8, 0xc7, 0xf8, 0xc7, 0xf7, 0xcf, 0xf8, 0xc7, 0xd8, 0xcf, 0xd9, 0xd7, 0xb9, 0xcf, 0x59, 0xcf, 0x19, 0xbe, 0xd7, 0xcf, 0x58, 0xd7, 0xd9, 0xd7, 0xd9, 0xcf, 0xb8, 
  0xbf, 0xf7, 0xc7, 0xf8, 0xc7, 0xf8, 0xcf, 0xf9, 0xcf, 0xfa, 0xd7, 0xda, 0xd7, 0xda, 0xd7, 0xda, 0xcf, 0xd9, 0xcf, 0xd9, 0xc7, 0xf9, 0xc7, 0xf8, 0xc7, 0xf8, 0xc7, 0xf8, 0xc7, 0xf8, 0xc7, 0xf8, 0xc7, 0xf8, 0xc7, 0xf8, 0xc7, 0xf8, 0xc7, 0xf8, 0xc7, 0xf8, 0xc7, 0xf8, 0xc7, 0xf8, 0xc7, 0xf8, 0xc7, 0xf8, 0xc7, 0xf8, 0xc7, 0xf8, 0xc7, 0xf8, 0xc7, 0xf8, 0xc7, 0xf8, 0xc7, 0xf8, 0xc7, 0xf8, 0xc7, 0xf8, 0xc7, 0xf8, 0xc7, 0xf8, 0xc7, 0xf8, 0xc7, 0xf8, 0xc7, 0xf8, 0xcf, 0xf8, 0xcf, 0xd9, 0xd7, 0xda, 0xd7, 0xda, 0xd7, 0xda, 0xcf, 0xd9, 0xcf, 0xf9, 0xc7, 0xf8, 0xc7, 0xf8, 0xc7, 0xf8, 0xc7, 0xf8, 0xc7, 0xf8, 0xc7, 0xf8, 0xc7, 0xf8, 0xc7, 0xf8, 0xc7, 0xf8, 0xc7, 0xf8, 0xc7, 0xf8, 0xc7, 0xf8, 0xc7, 0xf8, 0xc7, 0xf8, 0xc7, 0xf8, 0xc7, 0xf8, 0xc7, 0xf8, 0xc7, 0xf8, 0xc7, 0xf8, 0xc7, 0xf8, 0xc7, 0xf8, 0xc7, 0xf8, 0xc7, 0xf8, 0xc7, 0xf8, 0xc7, 0xf8, 0xc7, 0xf8, 0xc7, 0xf8, 0xc7, 0xf8, 0xc7, 0xf8, 0xc7, 0xf8, 0xc7, 0xf8, 0xcf, 0xd9, 0xcf, 0xd9, 0xd7, 0xda, 0xd7, 0xfa, 0xcf, 0xd9, 0xcf, 0xd8, 0xcf, 0xf8, 0xcf, 0xf8, 
  0xc7, 0xf8, 0xc7, 0xf8, 0xc7, 0xf8, 0xc7, 0xf8, 0xcf, 0xf9, 0xcf, 0xf9, 0xcf, 0xd9, 0xcf, 0xd9, 0xcf, 0xf9, 0xc7, 0xf8, 0xc7, 0xf8, 0xc7, 0xf8, 0xc7, 0xf8, 0xc7, 0xf8, 0xc7, 0xf8, 0xc7, 0xf8, 0xc7, 0xf8, 0xc7, 0xf8, 0xc7, 0xf8, 0xc7, 0xf8, 0xc7, 0xf8, 0xc7, 0xf8, 0xc7, 0xf8, 0xc7, 0xf8, 0xc7, 0xf8, 0xc7, 0xf8, 0xc7, 0xf8, 0xc7, 0xf8, 0xc7, 0xf8, 0xc7, 0xf8, 0xc7, 0xf8, 0xc7, 0xf8, 0xc7, 0xf8, 0xc7, 0xf8, 0xc7, 0xf8, 0xc7, 0xf8, 0xc7, 0xf8, 0xc7, 0xf8, 0xc7, 0xf8, 0xcf, 0xf8, 0xcf, 0xd9, 0xcf, 0xd9, 0xcf, 0xd9, 0xcf, 0xd9, 0xc7, 0xf8, 0xc7, 0xf8, 0xc7, 0xf8, 0xc7, 0xf8, 0xc7, 0xf8, 0xc7, 0xf8, 0xc7, 0xf8, 0xc7, 0xf8, 0xc7, 0xf8, 0xc7, 0xf8, 0xc7, 0xf8, 0xc7, 0xf8, 0xc7, 0xf8, 0xc7, 0xf8, 0xc7, 0xf8, 0xc7, 0xf8, 0xc7, 0xf8, 0xc7, 0xf8, 0xc7, 0xf8, 0xc7, 0xf8, 0xc7, 0xf8, 0xc7, 0xf8, 0xc7, 0xf8, 0xc7, 0xf8, 0xc7, 0xf8, 0xc7, 0xf8, 0xc7, 0xf8, 0xc7, 0xf8, 0xc7, 0xf8, 0xc7, 0xf8, 0xc7, 0xf8, 0xc7, 0xf8, 0xc7, 0xf8, 0xcf, 0xf8, 0xcf, 0xf8, 0xcf, 0xf8, 0xcf, 0xf8, 0xc7, 0xf8, 0xc7, 0xf8, 0xc7, 0xf8, 
  0xc7, 0xf8, 0xc7, 0xf8, 0xc7, 0xf8, 0xc7, 0xf8, 0xc7, 0xf8, 0xc7, 0xf8, 0xc7, 0xf8, 0xc7, 0xf8, 0xc7, 0xf8, 0xc7, 0xf8, 0xc7, 0xf8, 0xc7, 0xf8, 0xc7, 0xf8, 0xc7, 0xf8, 0xc7, 0xf8, 0xc7, 0xf8, 0xc7, 0xf8, 0xc7, 0xf8, 0xc7, 0xf8, 0xc7, 0xf8, 0xc7, 0xf8, 0xc7, 0xf8, 0xc7, 0xf8, 0xc7, 0xf8, 0xc7, 0xf8, 0xc7, 0xf8, 0xc7, 0xf8, 0xc7, 0xf8, 0xc7, 0xf8, 0xc7, 0xf8, 0xc7, 0xf8, 0xc7, 0xf8, 0xc7, 0xf8, 0xc7, 0xf8, 0xc7, 0xf8, 0xc7, 0xf8, 0xc7, 0xf8, 0xc7, 0xf8, 0xc7, 0xf8, 0xc7, 0xf8, 0xc7, 0xd8, 0xc7, 0xd8, 0xc7, 0xd8, 0xc7, 0xf8, 0xc7, 0xf8, 0xc7, 0xf8, 0xc7, 0xf8, 0xc7, 0xf8, 0xc7, 0xf8, 0xc7, 0xf8, 0xc7, 0xf8, 0xc7, 0xf8, 0xc7, 0xf8, 0xc7, 0xf8, 0xc7, 0xf8, 0xc7, 0xf8, 0xc7, 0xf8, 0xc7, 0xf8, 0xc7, 0xf8, 0xc7, 0xf8, 0xc7, 0xf8, 0xc7, 0xf8, 0xc7, 0xf8, 0xc7, 0xf8, 0xc7, 0xf8, 0xcf, 0xf8, 0xc7, 0xf8, 0xc7, 0xf8, 0xc7, 0xf8, 0xc7, 0xf8, 0xc7, 0xf8, 0xc7, 0xf8, 0xc7, 0xf7, 0xc7, 0xf7, 0xc7, 0xf8, 0xc7, 0xf8, 0xc7, 0xf8, 0xc7, 0xf8, 0xc7, 0xf7, 0xc7, 0xf7, 0xc7, 0xf8, 0xc7, 0xf8, 0xc7, 0xf8, 0xc7, 0xf8, 
  0xc7, 0xf8, 0xc7, 0xf8, 0xc7, 0xf8, 0xc7, 0xf8, 0xc7, 0xf8, 0xc7, 0xf8, 0xc7, 0xf8, 0xc7, 0xf8, 0xc7, 0xf8, 0xc7, 0xf8, 0xc7, 0xf8, 0xc7, 0xf8, 0xc7, 0xf8, 0xc7, 0xf8, 0xc7, 0xf8, 0xc7, 0xf8, 0xc7, 0xf8, 0xc7, 0xf8, 0xc7, 0xf8, 0xc7, 0xf8, 0xc7, 0xf8, 0xc7, 0xf8, 0xc7, 0xf8, 0xc7, 0xf8, 0xc7, 0xf8, 0xc7, 0xf8, 0xc7, 0xf8, 0xc7, 0xf8, 0xc7, 0xf8, 0xc7, 0xf8, 0xc7, 0xf8, 0xc7, 0xf8, 0xc7, 0xf8, 0xc7, 0xf8, 0xc7, 0xf8, 0xc7, 0xf8, 0xc7, 0xf8, 0xc7, 0xf8, 0xc7, 0xf8, 0xc7, 0xf8, 0xc7, 0xf8, 0xc7, 0xf8, 0xc7, 0xf8, 0xc7, 0xf8, 0xc7, 0xf8, 0xc7, 0xf8, 0xc7, 0xf8, 0xc7, 0xf8, 0xc7, 0xf8, 0xc7, 0xf8, 0xc7, 0xf8, 0xc7, 0xf8, 0xc7, 0xf8, 0xc7, 0xf8, 0xc7, 0xf8, 0xc7, 0xf8, 0xc7, 0xf8, 0xc7, 0xf8, 0xc7, 0xf8, 0xc7, 0xf8, 0xc7, 0xf8, 0xc7, 0xf8, 0xc7, 0xf8, 0xc7, 0xf8, 0xcf, 0xf8, 0xcf, 0xf8, 0xc7, 0xf8, 0xc7, 0xf8, 0xc7, 0xf8, 0xc7, 0xf8, 0xc7, 0xf8, 0xc7, 0xf8, 0xc7, 0xf7, 0xc7, 0xf8, 0xc7, 0xf8, 0xc7, 0xf8, 0xc7, 0xf8, 0xc7, 0xf7, 0xc7, 0xf7, 0xc7, 0xf7, 0xc7, 0xf8, 0xc7, 0xf8, 0xc7, 0xf8, 0xc7, 0xf8, 
  0xc7, 0xf8, 0xc7, 0xf8, 0xc7, 0xf8, 0xc7, 0xf8, 0xc7, 0xf8, 0xc7, 0xf8, 0xc7, 0xf8, 0xc7, 0xf8, 0xc7, 0xf8, 0xc7, 0xf8, 0xc7, 0xf8, 0xc7, 0xf8, 0xc7, 0xf8, 0xc7, 0xf8, 0xc7, 0xf8, 0xc7, 0xf8, 0xc7, 0xf8, 0xc7, 0xf8, 0xc7, 0xf8, 0xc7, 0xf8, 0xc7, 0xf8, 0xc7, 0xf8, 0xc7, 0xf8, 0xc7, 0xf8, 0xc7, 0xf8, 0xc7, 0xf8, 0xc7, 0xf8, 0xc7, 0xf8, 0xc7, 0xf8, 0xc7, 0xf8, 0xc7, 0xf8, 0xc7, 0xf8, 0xc7, 0xf8, 0xc7, 0xf8, 0xc7, 0xf8, 0xc7, 0xf8, 0xc7, 0xf8, 0xc7, 0xf8, 0xc7, 0xf8, 0xc7, 0xf8, 0xc7, 0xf8, 0xc7, 0xf8, 0xc7, 0xf8, 0xc7, 0xf8, 0xc7, 0xf8, 0xc7, 0xf8, 0xc7, 0xf8, 0xc7, 0xf8, 0xc7, 0xf8, 0xc7, 0xf8, 0xc7, 0xf8, 0xc7, 0xf8, 0xc7, 0xf8, 0xc7, 0xf8, 0xc7, 0xf8, 0xc7, 0xf8, 0xc7, 0xf8, 0xc7, 0xf8, 0xc7, 0xf8, 0xc7, 0xf8, 0xc7, 0xf8, 0xc7, 0xf8, 0xc7, 0xf8, 0xc7, 0xf8, 0xcf, 0xf8, 0xcf, 0xf8, 0xc7, 0xf8, 0xc7, 0xf8, 0xc7, 0xf8, 0xc7, 0xf8, 0xc7, 0xf8, 0xc7, 0xf8, 0xc7, 0xf8, 0xc7, 0xf8, 0xc7, 0xf8, 0xc7, 0xf8, 0xc7, 0xf8, 0xc7, 0xf8, 0xc7, 0xf8, 0xc7, 0xf8, 0xc7, 0xf8, 0xc7, 0xf8, 0xc7, 0xf8, 0xc7, 0xf8, 
  0xc7, 0xf8, 0xc7, 0xf8, 0xc7, 0xf8, 0xc7, 0xf8, 0xc7, 0xf8, 0xc7, 0xf8, 0xc7, 0xf8, 0xc7, 0xf8, 0xc7, 0xf8, 0xc7, 0xf8, 0xc7, 0xf8, 0xc7, 0xf8, 0xc7, 0xf8, 0xc7, 0xf8, 0xc7, 0xf8, 0xc7, 0xf8, 0xc7, 0xf8, 0xc7, 0xf8, 0xc7, 0xf8, 0xc7, 0xf8, 0xc7, 0xf8, 0xc7, 0xf8, 0xc7, 0xf8, 0xc7, 0xf8, 0xc7, 0xf8, 0xc7, 0xf8, 0xc7, 0xf8, 0xc7, 0xf8, 0xc7, 0xf8, 0xc7, 0xf8, 0xc7, 0xf8, 0xc7, 0xf8, 0xc7, 0xf8, 0xc7, 0xf8, 0xc7, 0xf8, 0xc7, 0xf8, 0xc7, 0xf8, 0xc7, 0xf8, 0xc7, 0xf8, 0xc7, 0xf8, 0xc7, 0xf8, 0xc7, 0xf8, 0xc7, 0xf8, 0xc7, 0xf8, 0xc7, 0xf8, 0xc7, 0xf8, 0xc7, 0xf8, 0xc7, 0xf8, 0xc7, 0xf8, 0xc7, 0xf8, 0xc7, 0xf8, 0xc7, 0xf8, 0xc7, 0xf8, 0xc7, 0xf8, 0xc7, 0xf8, 0xc7, 0xf8, 0xc7, 0xf8, 0xc7, 0xf8, 0xc7, 0xf8, 0xc7, 0xf8, 0xc7, 0xf8, 0xc7, 0xf8, 0xc7, 0xf8, 0xc7, 0xf8, 0xc7, 0xf8, 0xc7, 0xf8, 0xc7, 0xf8, 0xc7, 0xf8, 0xc7, 0xf8, 0xc7, 0xf8, 0xc7, 0xf8, 0xc7, 0xf8, 0xc7, 0xf8, 0xc7, 0xf8, 0xc7, 0xf8, 0xc7, 0xf8, 0xc7, 0xf8, 0xc7, 0xf8, 0xc7, 0xf8, 0xc7, 0xf8, 0xc7, 0xf8, 0xc7, 0xf8, 0xc7, 0xf8, 0xc7, 0xf8, 
  0xcf, 0xf9, 0xc7, 0xf8, 0xc7, 0xf8, 0xc7, 0xf8, 0xc7, 0xf8, 0xc7, 0xf8, 0xc7, 0xf8, 0xc7, 0xf8, 0xc7, 0xf8, 0xc7, 0xf8, 0xc7, 0xf8, 0xc7, 0xf8, 0xc7, 0xf8, 0xc7, 0xf8, 0xc7, 0xf8, 0xc7, 0xf8, 0xc7, 0xf8, 0xc7, 0xf8, 0xc7, 0xf8, 0xc7, 0xf8, 0xc7, 0xf8, 0xc7, 0xf8, 0xc7, 0xf8, 0xc7, 0xf8, 0xc7, 0xf8, 0xc7, 0xf8, 0xc7, 0xf8, 0xc7, 0xf8, 0xc7, 0xf8, 0xc7, 0xf8, 0xc7, 0xf8, 0xc7, 0xf8, 0xc7, 0xf8, 0xc7, 0xf9, 0xc7, 0xf8, 0xc7, 0xf8, 0xc7, 0xf8, 0xc7, 0xf8, 0xc7, 0xf8, 0xc7, 0xf8, 0xc7, 0xf8, 0xc7, 0xf8, 0xc7, 0xf8, 0xc7, 0xf8, 0xc7, 0xf8, 0xc7, 0xf8, 0xc7, 0xf8, 0xc7, 0xf8, 0xc7, 0xf8, 0xc7, 0xf8, 0xc7, 0xf8, 0xc7, 0xf8, 0xc7, 0xf8, 0xc7, 0xf8, 0xc7, 0xf8, 0xc7, 0xf8, 0xc7, 0xf8, 0xc7, 0xf8, 0xc7, 0xf8, 0xc7, 0xf8, 0xc7, 0xf8, 0xc7, 0xf8, 0xc7, 0xf8, 0xc7, 0xf8, 0xc7, 0xf8, 0xc7, 0xf8, 0xc7, 0xf8, 0xc7, 0xf8, 0xc7, 0xf8, 0xc7, 0xf8, 0xc7, 0xf8, 0xc7, 0xf8, 0xc7, 0xf9, 0xcf, 0xf9, 0xc7, 0xf9, 0xc7, 0xf9, 0xc7, 0xf9, 0xc7, 0xf8, 0xc7, 0xf8, 0xc7, 0xf8, 0xc7, 0xf7, 0xc7, 0xf7, 0xc7, 0xf7, 0xc7, 0xf8, 
  0xcf, 0xf9, 0xc7, 0xf9, 0xc7, 0xf8, 0xc7, 0xf8, 0xc7, 0xf8, 0xc7, 0xf8, 0xc7, 0xf8, 0xc7, 0xf8, 0xc7, 0xf8, 0xc7, 0xf8, 0xc7, 0xf8, 0xc7, 0xf8, 0xc7, 0xf8, 0xc7, 0xf8, 0xc7, 0xf8, 0xc7, 0xf8, 0xc7, 0xf8, 0xc7, 0xf8, 0xc7, 0xf8, 0xc7, 0xf8, 0xc7, 0xf8, 0xc7, 0xf8, 0xc7, 0xf8, 0xc7, 0xf8, 0xc7, 0xf8, 0xc7, 0xf8, 0xc7, 0xf8, 0xc7, 0xf8, 0xc7, 0xf8, 0xc7, 0xf8, 0xc7, 0xf8, 0xc7, 0xf8, 0xc7, 0xf8, 0xcf, 0xf8, 0xcf, 0xf8, 0xcf, 0xf8, 0xc7, 0xf8, 0xc7, 0xf8, 0xc7, 0xf8, 0xc7, 0xf8, 0xc7, 0xf8, 0xc7, 0xf8, 0xc7, 0xf8, 0xc7, 0xf8, 0xc7, 0xf8, 0xc7, 0xf8, 0xc7, 0xf8, 0xc7, 0xf8, 0xc7, 0xf8, 0xc7, 0xf8, 0xc7, 0xf8, 0xc7, 0xf8, 0xc7, 0xf8, 0xc7, 0xf8, 0xc7, 0xf8, 0xc7, 0xf8, 0xc7, 0xf8, 0xc7, 0xf8, 0xc7, 0xf8, 0xc7, 0xf8, 0xc7, 0xf8, 0xc7, 0xf8, 0xc7, 0xf8, 0xc7, 0xf8, 0xc7, 0xf8, 0xc7, 0xf8, 0xc7, 0xf8, 0xc7, 0xf8, 0xc7, 0xf8, 0xc7, 0xf8, 0xc7, 0xf8, 0xc7, 0xf8, 0xc7, 0xf8, 0xc7, 0xf9, 0xc7, 0xf9, 0xcf, 0xf9, 0xc7, 0xf9, 0xc7, 0xf8, 0xc7, 0xf8, 0xc7, 0xf8, 0xc7, 0xf7, 0xc7, 0xf7, 0xc7, 0xf7, 0xc7, 0xf7, 
  0xc7, 0xf9, 0xc7, 0xf8, 0xc7, 0xf8, 0xc7, 0xf8, 0xcf, 0xf8, 0xcf, 0xf8, 0xc7, 0xf8, 0xc7, 0xf8, 0xbf, 0xf8, 0xc7, 0xf8, 0xc7, 0xf9, 0xc7, 0xf8, 0xc7, 0xf8, 0xc7, 0xf8, 0xc7, 0xf7, 0xc7, 0xf7, 0xc7, 0xf8, 0xc7, 0xf8, 0xc7, 0xf8, 0xc7, 0xf9, 0xc7, 0xf9, 0xc7, 0xf9, 0xc7, 0xf9, 0xc7, 0xf8, 0xc7, 0xf8, 0xc7, 0xf8, 0xc7, 0xf8, 0xc7, 0xf8, 0xc7, 0xf8, 0xc7, 0xf7, 0xc7, 0xf8, 0xcf, 0xf8, 0xc7, 0xf8, 0xcf, 0xf8, 0xcf, 0xf8, 0xcf, 0xf9, 0xcf, 0xf9, 0xc7, 0xf9, 0xc7, 0xf8, 0xc7, 0xf8, 0xc7, 0xf8, 0xc7, 0xf8, 0xc7, 0xf8, 0xc7, 0xf8, 0xc7, 0xf8, 0xc7, 0xf8, 0xcf, 0xf8, 0xcf, 0xf8, 0xcf, 0xf9, 0xc7, 0xf9, 0xc7, 0xf8, 0xc7, 0xf8, 0xc7, 0xf8, 0xc7, 0xf8, 0xc7, 0xf8, 0xc7, 0xf8, 0xc7, 0xf8, 0xc7, 0xf8, 0xc7, 0xf7, 0xc7, 0xf8, 0xc7, 0xf8, 0xc7, 0xf8, 0xcf, 0xf8, 0xcf, 0xf8, 0xcf, 0xf8, 0xcf, 0xf8, 0xc7, 0xf8, 0xc7, 0xf8, 0xc7, 0xf7, 0xbf, 0xf7, 0xbf, 0xf8, 0xc7, 0xf8, 0xc7, 0xf9, 0xc7, 0xf9, 0xc7, 0xf9, 0xc7, 0xf8, 0xc7, 0xf8, 0xc7, 0xf8, 0xcf, 0xf8, 0xc7, 0xf8, 0xc7, 0xf8, 0xc7, 0xf8, 0xc7, 0xf8, 0xcf, 0xf8, 
  0xc7, 0xf9, 0xc7, 0xf9, 0xcf, 0xf9, 0xcf, 0xf8, 0xc7, 0xf8, 0xc7, 0xf7, 0xc7, 0xf8, 0xc7, 0xf8, 0xc7, 0xf9, 0xc7, 0xf9, 0xc7, 0xf8, 0xbf, 0xf8, 0xc7, 0xf8, 0xcf, 0xf8, 0xcf, 0xf8, 0xcf, 0xf8, 0xcf, 0xf9, 0xcf, 0xf9, 0xcf, 0xf9, 0xcf, 0xf9, 0xcf, 0xf9, 0xcf, 0xf9, 0xcf, 0xfa, 0xcf, 0xfa, 0xcf, 0xf9, 0xc7, 0xf9, 0xc7, 0xf8, 0xc7, 0xf8, 0xc7, 0xf8, 0xc7, 0xf8, 0xc7, 0xf7, 0xc7, 0xf7, 0xc7, 0xf7, 0xcf, 0xf8, 0xcf, 0xf8, 0xc7, 0xf8, 0xc7, 0xf8, 0xc7, 0xf8, 0xc7, 0xf8, 0xc7, 0xf8, 0xc7, 0xf8, 0xc7, 0xf8, 0xc7, 0xf8, 0xc7, 0xf8, 0xc7, 0xf8, 0xcf, 0xf8, 0xcf, 0xf8, 0xcf, 0xf9, 0xc7, 0xf9, 0xc7, 0xf9, 0xcf, 0xf9, 0xc7, 0xf8, 0xc7, 0xf8, 0xc7, 0xf8, 0xc7, 0xf8, 0xc7, 0xf7, 0xc7, 0xf7, 0xc7, 0xf8, 0xcf, 0xf8, 0xcf, 0xf9, 0xd7, 0xf9, 0xd7, 0xf9, 0xd7, 0xf9, 0xcf, 0xd9, 0xcf, 0xd9, 0xcf, 0xf9, 0xcf, 0xf9, 0xcf, 0xf9, 0xcf, 0xf9, 0xc7, 0xf8, 0xc7, 0xf8, 0xc7, 0xf8, 0xbf, 0xf8, 0xc7, 0xf8, 0xc7, 0xf9, 0xcf, 0xf9, 0xcf, 0xf9, 0xc7, 0xf8, 0xc7, 0xf8, 0xc7, 0xf8, 0xc7, 0xf8, 0xc7, 0xf8, 0xc7, 0xf8, 0xcf, 0xf8, 
  0xc7, 0xf9, 0xc7, 0xf8, 0xc7, 0xf8, 0xc7, 0xf8, 0xc7, 0xf8, 0xc7, 0xf8, 0xc7, 0xf8, 0xc7, 0xf8, 0xc7, 0xf8, 0xc7, 0xf8, 0xcf, 0xf9, 0xcf, 0xfa, 0xd7, 0xfa, 0xd7, 0xda, 0xcf, 0x99, 0xcf, 0x78, 0xcf, 0x78, 0xc7, 0x58, 0xc7, 0x38, 0xc7, 0x38, 0xc7, 0x38, 0xc7, 0x58, 0xcf, 0x59, 0xcf, 0x79, 0xcf, 0x99, 0xcf, 0xda, 0xcf, 0xfa, 0xcf, 0xf9, 0xcf, 0xf9, 0xc7, 0xf8, 0xc7, 0xf8, 0xcf, 0xf8, 0xc7, 0xf7, 0xc7, 0xf8, 0xc7, 0xf8, 0xc7, 0xf8, 0xc7, 0xf8, 0xc7, 0xf8, 0xc7, 0xf8, 0xc7, 0xf8, 0xc7, 0xf8, 0xc7, 0xf8, 0xc7, 0xf8, 0xc7, 0xf8, 0xc7, 0xf8, 0xc7, 0xf8, 0xcf, 0xf8, 0xcf, 0xf8, 0xc7, 0xf8, 0xc7, 0xf8, 0xcf, 0xf9, 0xc7, 0xf8, 0xc7, 0xd8, 0xc7, 0xd8, 0xcf, 0xf9, 0xcf, 0xf9, 0xd7, 0xfa, 0xd7, 0xd9, 0xcf, 0xb9, 0xcf, 0x79, 0xcf, 0x58, 0xcf, 0x58, 0xcf, 0x38, 0xc7, 0x38, 0xcf, 0x59, 0xcf, 0x59, 0xc7, 0x78, 0xc7, 0x98, 0xcf, 0xb9, 0xcf, 0xd9, 0xcf, 0xf9, 0xcf, 0xfa, 0xcf, 0xf9, 0xcf, 0xf9, 0xc7, 0xd8, 0xc7, 0xd8, 0xc7, 0xf8, 0xc7, 0xf8, 0xc7, 0xf8, 0xc7, 0xf8, 0xc7, 0xf8, 0xc7, 0xf8, 0xc7, 0xf8, 0xc7, 0xf8, 
  0xc7, 0xf8, 0xc7, 0xf8, 0xc7, 0xf8, 0xc7, 0xf8, 0xc7, 0xf8, 0xc7, 0xf8, 0xc7, 0xf8, 0xc7, 0xf8, 0xcf, 0xf9, 0xcf, 0xf9, 0xcf, 0xda, 0xcf, 0x99, 0xc7, 0x39, 0xbe, 0xd7, 0xb6, 0x76, 0xb6, 0x36, 0xae, 0x15, 0xad, 0xf5, 0xad, 0xf5, 0xad, 0xd5, 0xad, 0xd5, 0xad, 0xf5, 0xad, 0xf5, 0xae, 0x15, 0xb6, 0x35, 0xbe, 0xb7, 0xc7, 0x38, 0xcf, 0x99, 0xcf, 0xb9, 0xcf, 0xb9, 0xcf, 0xd9, 0xc7, 0xf9, 0xc7, 0xf8, 0xc7, 0xf8, 0xc7, 0xf8, 0xc7, 0xf8, 0xc7, 0xf8, 0xc7, 0xf8, 0xc7, 0xf8, 0xc7, 0xf7, 0xc7, 0xf8, 0xc7, 0xf8, 0xc7, 0xf8, 0xc7, 0xf8, 0xc7, 0xf8, 0xc7, 0xf8, 0xc7, 0xf8, 0xc7, 0xf8, 0xc7, 0xf8, 0xc7, 0xf8, 0xc7, 0xd8, 0xc7, 0xd8, 0xcf, 0xf9, 0xcf, 0xf9, 0xd7, 0xda, 0xd7, 0xb9, 0xc7, 0x38, 0xc6, 0xd7, 0xbe, 0x96, 0xae, 0x15, 0xad, 0xf5, 0xad, 0xd4, 0xad, 0xd4, 0xad, 0xd5, 0xad, 0xd5, 0xa5, 0xd4, 0xa5, 0xd4, 0xae, 0x15, 0xae, 0x56, 0xbe, 0xd7, 0xc7, 0x38, 0xcf, 0x79, 0xcf, 0x99, 0xd7, 0xfa, 0xd7, 0xfa, 0xc7, 0xb8, 0xc7, 0xb8, 0xc7, 0xf8, 0xc7, 0xf8, 0xc7, 0xf7, 0xc7, 0xf8, 0xc7, 0xf8, 0xc7, 0xf8, 0xc7, 0xf8, 
  0xc7, 0xf8, 0xc7, 0xf8, 0xcf, 0xf8, 0xc7, 0xf8, 0xbf, 0xf7, 0xc7, 0xf8, 0xc7, 0xf8, 0xcf, 0xf9, 0xcf, 0xf9, 0xcf, 0x79, 0xbe, 0xd7, 0xb6, 0x56, 0xad, 0xf6, 0xad, 0xd6, 0xb5, 0xd6, 0xb5, 0xd6, 0xb5, 0xd6, 0xb5, 0xd6, 0xb5, 0xd6, 0xb5, 0xd6, 0xb5, 0xb6, 0xb5, 0xb6, 0xbd, 0xb6, 0xb5, 0xd6, 0xbd, 0xf6, 0xad, 0xb5, 0xa5, 0xb4, 0xb6, 0x36, 0xc7, 0x18, 0xd7, 0xba, 0xd7, 0xda, 0xcf, 0xb9, 0xc7, 0xf9, 0xbf, 0xf8, 0xbf, 0xd7, 0xc7, 0xf7, 0xc7, 0xf8, 0xc7, 0xf8, 0xc7, 0xf7, 0xcf, 0xf8, 0xcf, 0xf8, 0xcf, 0xf8, 0xcf, 0xf8, 0xcf, 0xf8, 0xc7, 0xf8, 0xc7, 0xf8, 0xc7, 0xf8, 0xc7, 0xf8, 0xc7, 0xf8, 0xc7, 0xf8, 0xc7, 0xd8, 0xcf, 0xf9, 0xd7, 0xfa, 0xd7, 0xba, 0xc7, 0x18, 0xbe, 0x77, 0xad, 0xd5, 0xad, 0xb5, 0xad, 0xb5, 0xb5, 0xb6, 0xb5, 0xd6, 0xbd, 0xf7, 0xbd, 0xf7, 0xbd, 0xf7, 0xbd, 0xf7, 0xbd, 0xf7, 0xb5, 0xf7, 0xb5, 0xf6, 0xb5, 0xf6, 0xb5, 0xf6, 0xb6, 0x16, 0xae, 0x15, 0xbe, 0x97, 0xc7, 0x38, 0xd7, 0xba, 0xd7, 0xfa, 0xcf, 0xf9, 0xc7, 0xf8, 0xc7, 0xf8, 0xc7, 0xf7, 0xc7, 0xf8, 0xc7, 0xf8, 0xc7, 0xf8, 0xc7, 0xf8, 
  0xc7, 0xf8, 0xc7, 0xf8, 0xc7, 0xf8, 0xc7, 0xf8, 0xc7, 0xf8, 0xc7, 0xf9, 0xcf, 0xf9, 0xcf, 0xd9, 0xbe, 0xd7, 0xb6, 0x56, 0xad, 0xd5, 0xad, 0xb5, 0xb5, 0xb6, 0xbd, 0xd7, 0xbd, 0xd7, 0xbd, 0xd7, 0xbd, 0xd7, 0xbd, 0xd7, 0xbd, 0xd7, 0xbd, 0xd7, 0xbd, 0xb7, 0xbd, 0xb7, 0xbd, 0xb7, 0xbd, 0xb6, 0xbd, 0xb6, 0xbd, 0xd6, 0xb5, 0xf6, 0xad, 0xd5, 0xa5, 0xd5, 0xae, 0x36, 0xc7, 0x19, 0xd7, 0xdb, 0xcf, 0xfa, 0xc7, 0xf9, 0xc7, 0xf8, 0xc7, 0xf8, 0xc7, 0xf8, 0xc7, 0xf7, 0xc7, 0xf7, 0xcf, 0xf8, 0xcf, 0xf8, 0xcf, 0xf8, 0xcf, 0xf8, 0xcf, 0xf8, 0xc7, 0xf8, 0xc7, 0xf8, 0xc7, 0xf8, 0xc7, 0xf8, 0xc7, 0xd8, 0xcf, 0xf9, 0xd7, 0xfa, 0xcf, 0xb9, 0xc7, 0x38, 0xbe, 0x97, 0xb6, 0x16, 0xad, 0xd6, 0xb5, 0xd7, 0xbd, 0xd7, 0xbd, 0xb7, 0xbd, 0xb7, 0xbd, 0xb7, 0xbd, 0xb7, 0xb5, 0x96, 0xb5, 0x96, 0xbd, 0xb7, 0xbd, 0xb7, 0xbd, 0xb7, 0xbd, 0xb7, 0xbd, 0xd7, 0xb5, 0xd6, 0xb5, 0xd6, 0xb5, 0xd6, 0xb5, 0xf6, 0xb6, 0x16, 0xbe, 0xb7, 0xcf, 0x79, 0xd7, 0xfa, 0xcf, 0xf9, 0xc7, 0xf8, 0xc7, 0xf8, 0xc7, 0xf8, 0xc7, 0xf8, 0xc7, 0xf8, 0xc7, 0xf8, 
  0xc7, 0xf8, 0xc7, 0xf7, 0xc7, 0xf7, 0xc7, 0xf8, 0xcf, 0xf9, 0xcf, 0xfa, 0xc7, 0x78, 0xbe, 0xd7, 0xae, 0x15, 0xb5, 0xf5, 0xb5, 0xd6, 0xbd, 0xd6, 0xbd, 0xf7, 0xbd, 0xd8, 0xb5, 0xb7, 0xb5, 0x97, 0xb5, 0xb7, 0xbd, 0xb7, 0xbd, 0xb7, 0xbd, 0xb7, 0xbd, 0xb7, 0xbd, 0xb7, 0xbd, 0xb7, 0xbd, 0xb6, 0xbd, 0xb6, 0xbd, 0xb6, 0xb5, 0xb6, 0xb5, 0xd6, 0xb5, 0xd6, 0xb5, 0xf6, 0xb5, 0xf6, 0xae, 0x16, 0xc7, 0x58, 0xcf, 0xb9, 0xcf, 0xf9, 0xcf, 0xf8, 0xc7, 0xf8, 0xc7, 0xf7, 0xc7, 0xf8, 0xc7, 0xf8, 0xc7, 0xf8, 0xcf, 0xf8, 0xcf, 0xf9, 0xcf, 0xf9, 0xc7, 0xf8, 0xc7, 0xf8, 0xc7, 0xf8, 0xc7, 0xf8, 0xcf, 0xd8, 0xcf, 0xd9, 0xcf, 0x79, 0xbe, 0xd7, 0xae, 0x35, 0xad, 0xd5, 0xb5, 0xb6, 0xb5, 0xd7, 0xbd, 0xb7, 0xbd, 0xb7, 0xbd, 0xb7, 0xbd, 0xb7, 0xbd, 0xb7, 0xbd, 0xd7, 0xbd, 0xd7, 0xbd, 0xd7, 0xbd, 0xd7, 0xbd, 0xb7, 0xbd, 0xb7, 0xbd, 0xb7, 0xbd, 0xb7, 0xbd, 0xb7, 0xbd, 0xb7, 0xbd, 0xd7, 0xb5, 0xd6, 0xad, 0xb5, 0xad, 0xd5, 0xb6, 0x76, 0xc7, 0x38, 0xcf, 0xd9, 0xcf, 0xf9, 0xc7, 0xf8, 0xc7, 0xf8, 0xc7, 0xf8, 0xc7, 0xf8, 0xc7, 0xf8, 
  0xc7, 0xf7, 0xc7, 0xf7, 0xc7, 0xf8, 0xc7, 0xf9, 0xcf, 0xd9, 0xc7, 0x59, 0xb6, 0x76, 0xa5, 0xb4, 0xb5, 0xd6, 0xb5, 0xb6, 0xbd, 0xb6, 0xbd, 0xb7, 0xbd, 0xb7, 0xb5, 0xb6, 0xb5, 0xd7, 0xbd, 0xf7, 0xb5, 0xd6, 0xb5, 0xd6, 0xb5, 0xd6, 0xb5, 0xd6, 0xb5, 0xd6, 0xb5, 0xd6, 0xbd, 0xd7, 0xbd, 0xd7, 0xbd, 0xd7, 0xbd, 0xd7, 0xbd, 0xd6, 0xbd, 0xd7, 0xbd, 0xd7, 0xb5, 0xd6, 0xb5, 0xd6, 0xb5, 0xd6, 0xb6, 0x36, 0xc7, 0x18, 0xcf, 0xb9, 0xcf, 0xd9, 0xc7, 0xd8, 0xc7, 0xf8, 0xc7, 0xf8, 0xc7, 0xf8, 0xc7, 0xf8, 0xc7, 0xf8, 0xc7, 0xf9, 0xc7, 0xf9, 0xc7, 0xf8, 0xc7, 0xf8, 0xc7, 0xf8, 0xc7, 0xf8, 0xd7, 0xfa, 0xcf, 0x38, 0xb6, 0x76, 0xad, 0xf5, 0xad, 0xd5, 0xb5, 0xf6, 0xbd, 0xd7, 0xbd, 0xb7, 0xbd, 0xb7, 0xbd, 0xb7, 0xbd, 0xb7, 0xbd, 0xd7, 0xbd, 0xd7, 0xb5, 0xd6, 0xb5, 0xd6, 0xb5, 0xd6, 0xb5, 0xd7, 0xb5, 0xd7, 0xbd, 0xd7, 0xbd, 0xd7, 0xbd, 0xd7, 0xbd, 0xb7, 0xbd, 0xb6, 0xbd, 0xb6, 0xb5, 0xb6, 0xbd, 0xf7, 0xb5, 0xd6, 0xa5, 0xb4, 0xae, 0x35, 0xc7, 0x18, 0xcf, 0xba, 0xcf, 0xf9, 0xc7, 0xf8, 0xc7, 0xf8, 0xc7, 0xf8, 0xc7, 0xf8, 
  0xc7, 0xf7, 0xc7, 0xf7, 0xcf, 0xf8, 0xcf, 0xfa, 0xcf, 0x79, 0xae, 0x15, 0xad, 0xf6, 0xbd, 0xf7, 0xbd, 0xb7, 0xbd, 0x96, 0xbd, 0xb7, 0xbd, 0xb6, 0xbd, 0xf6, 0xb5, 0xd6, 0xad, 0xf6, 0xa5, 0xd5, 0xa5, 0xd5, 0xad, 0xd5, 0xae, 0x15, 0xb6, 0x16, 0xb6, 0x36, 0xb6, 0x16, 0xad, 0xf5, 0xad, 0xd5, 0xad, 0xd6, 0xb5, 0xd6, 0xb5, 0xd6, 0xb5, 0xd6, 0xbd, 0xd7, 0xbd, 0xb6, 0xbd, 0xb6, 0xbd, 0xb6, 0xb5, 0xd6, 0xad, 0xf5, 0xbe, 0xb7, 0xd7, 0xba, 0xd7, 0xf9, 0xcf, 0xf9, 0xc7, 0xf8, 0xbf, 0xf8, 0xc7, 0xf8, 0xc7, 0xf9, 0xc7, 0xf8, 0xc7, 0xf9, 0xc7, 0xd8, 0xcf, 0xf8, 0xc7, 0xf8, 0xcf, 0xf9, 0xc7, 0x18, 0xb6, 0x36, 0xad, 0xd5, 0xb5, 0xd6, 0xb5, 0xd6, 0xb5, 0xd6, 0xbd, 0xd7, 0xb5, 0xb6, 0xbd, 0xd7, 0xb5, 0xb6, 0xb5, 0xb6, 0xad, 0xd6, 0xb5, 0xf5, 0xae, 0x15, 0xae, 0x15, 0xad, 0xf5, 0xad, 0xf5, 0xad, 0xd5, 0xad, 0xd5, 0xb5, 0xf5, 0xb5, 0xf6, 0xb5, 0xf6, 0xb5, 0xd6, 0xbd, 0xb6, 0xb5, 0xb6, 0xbd, 0xf7, 0xb5, 0xb6, 0xb5, 0xd6, 0xb5, 0xf6, 0xad, 0xf5, 0xbe, 0xd8, 0xd7, 0xda, 0xcf, 0xf9, 0xc7, 0xf8, 0xc7, 0xf8, 0xc7, 0xf8, 
  0xc7, 0xf7, 0xcf, 0xf8, 0xcf, 0xd8, 0xcf, 0x79, 0xb6, 0x56, 0xb6, 0x17, 0xb5, 0xb7, 0xbd, 0xb7, 0xb5, 0x76, 0xbd, 0x96, 0xbd, 0xd7, 0xbe, 0x17, 0xb5, 0xf5, 0xad, 0xf5, 0xae, 0x56, 0xb6, 0xb7, 0xc7, 0x18, 0xc7, 0x18, 0xc7, 0x38, 0xcf, 0x59, 0xcf, 0x59, 0xc7, 0x39, 0xc7, 0x39, 0xc7, 0x19, 0xb6, 0x76, 0xae, 0x15, 0xad, 0xf6, 0xb5, 0xf6, 0xb5, 0xb6, 0xbd, 0x96, 0xc5, 0xd7, 0xc5, 0xd7, 0xbd, 0xb6, 0xb5, 0xd6, 0xb5, 0xf5, 0xc6, 0xd7, 0xd7, 0xba, 0xcf, 0xfa, 0xc7, 0xd8, 0xc7, 0xf8, 0xc7, 0xf8, 0xbf, 0xf8, 0xc7, 0xf9, 0xc7, 0xd8, 0xcf, 0xf9, 0xcf, 0xf8, 0xcf, 0xf9, 0xc7, 0x17, 0xb6, 0x56, 0xad, 0xb5, 0xb5, 0xd6, 0xbd, 0xf7, 0xb5, 0xb6, 0xbd, 0xd7, 0xbd, 0xf7, 0xb5, 0xb6, 0xb5, 0xb6, 0xb5, 0xd6, 0xb6, 0x16, 0xb6, 0x76, 0xbe, 0xb7, 0xc7, 0x17, 0xc7, 0x38, 0xc7, 0x58, 0xbe, 0xf7, 0xbe, 0xd7, 0xbe, 0xb7, 0xb6, 0x76, 0xae, 0x15, 0xad, 0xd4, 0xb5, 0xd5, 0xbd, 0xf6, 0xbd, 0xd7, 0xb5, 0xb6, 0xbd, 0xf7, 0xb5, 0xb6, 0xb5, 0xd6, 0xbe, 0x17, 0xb6, 0x16, 0xc7, 0x18, 0xcf, 0xd9, 0xcf, 0xf9, 0xc7, 0xf8, 0xc7, 0xf8, 
  0xcf, 0xf8, 0xcf, 0xd8, 0xd7, 0xd9, 0xb6, 0x96, 0xad, 0xb5, 0xb5, 0xd7, 0xbd, 0xb8, 0xbd, 0x77, 0xc5, 0xd8, 0xbd, 0xd7, 0xb5, 0xb5, 0xb5, 0xf5, 0xae, 0x14, 0xbe, 0xf7, 0xcf, 0x99, 0xcf, 0xd9, 0xd7, 0xd9, 0xd7, 0xd9, 0xcf, 0xd9, 0xcf, 0xfa, 0xcf, 0xfa, 0xcf, 0xfa, 0xcf, 0xfa, 0xcf, 0xda, 0xcf, 0x9a, 0xcf, 0x7a, 0xbe, 0x97, 0xad, 0xf5, 0xb5, 0xf6, 0xbd, 0xf6, 0xbd, 0xb6, 0xbd, 0x96, 0xbd, 0x96, 0xbd, 0xd6, 0xb5, 0xb5, 0xad, 0xd5, 0xc6, 0xd8, 0xcf, 0xba, 0xcf, 0xfa, 0xc7, 0xf9, 0xbf, 0xf8, 0xc7, 0xf9, 0xc7, 0xf8, 0xc7, 0xf8, 0xcf, 0xf9, 0xd7, 0xd9, 0xc7, 0x17, 0xb6, 0x35, 0xad, 0xb5, 0xbd, 0xb7, 0xb5, 0xb6, 0xb5, 0xb6, 0xbd, 0xf7, 0xb5, 0xd6, 0xad, 0xb5, 0xb5, 0xf6, 0xbe, 0x57, 0xc6, 0xd7, 0xcf, 0x59, 0xd7, 0xba, 0xd7, 0xfa, 0xd7, 0xfa, 0xcf, 0xf9, 0xcf, 0xf9, 0xcf, 0xf9, 0xd7, 0xf9, 0xd7, 0xfa, 0xd7, 0xb9, 0xcf, 0x78, 0xbe, 0xf7, 0xb6, 0x35, 0xad, 0xb4, 0xb5, 0xd6, 0xb5, 0xd6, 0xb5, 0xb6, 0xbd, 0xd7, 0xbd, 0xd7, 0xb5, 0xd7, 0xb5, 0xd7, 0xb6, 0x16, 0xcf, 0x79, 0xcf, 0xf9, 0xcf, 0xd9, 0xcf, 0xf9, 
  0xcf, 0xf8, 0xcf, 0xb8, 0xcf, 0x79, 0xae, 0x15, 0xb5, 0xb6, 0xbd, 0xb7, 0xc5, 0xb8, 0xbd, 0x97, 0xbd, 0xd7, 0xb5, 0xb6, 0xad, 0xf5, 0xbe, 0xb7, 0xc7, 0x58, 0xd7, 0xfa, 0xd7, 0xfa, 0xc7, 0xd9, 0xcf, 0xf9, 0xc7, 0xf8, 0xc7, 0xf8, 0xc7, 0xf8, 0xc7, 0xf8, 0xc7, 0xf9, 0xc7, 0xf9, 0xc7, 0xf9, 0xcf, 0xfa, 0xcf, 0xda, 0xd7, 0xba, 0xcf, 0x39, 0xb6, 0x36, 0xb5, 0xf5, 0xbe, 0x16, 0xbd, 0xd6, 0xbd, 0xb6, 0xbd, 0xb6, 0xbd, 0xd6, 0xb5, 0xd6, 0xad, 0xf5, 0xc6, 0xf8, 0xd7, 0xda, 0xcf, 0xf9, 0xbf, 0xd8, 0xcf, 0xf9, 0xc7, 0xd8, 0xcf, 0xf9, 0xcf, 0xd9, 0xcf, 0x58, 0xae, 0x35, 0xb5, 0xd5, 0xb5, 0xb6, 0xc5, 0xd8, 0xb5, 0xb6, 0xb5, 0x96, 0xb5, 0xf6, 0xad, 0xd5, 0xad, 0xf5, 0xbe, 0xb7, 0xd7, 0x7a, 0xd7, 0xb9, 0xd7, 0xd9, 0xcf, 0xf9, 0xcf, 0xf9, 0xc7, 0xf8, 0xc7, 0xf8, 0xc7, 0xf8, 0xcf, 0xf9, 0xcf, 0xf8, 0xc7, 0xd8, 0xcf, 0xd8, 0xd7, 0xf9, 0xd7, 0xd9, 0xcf, 0x58, 0xbe, 0xd7, 0xb6, 0x15, 0xb5, 0xf6, 0xad, 0x95, 0xbd, 0xf7, 0xbd, 0xd7, 0xb5, 0x96, 0xbd, 0xd7, 0xad, 0xd6, 0xbe, 0xb7, 0xcf, 0xb9, 0xcf, 0xd9, 0xcf, 0xd9, 
  0xcf, 0xd9, 0xcf, 0xb9, 0xb6, 0x76, 0xb6, 0x16, 0xb5, 0xb6, 0xbd, 0xd7, 0xbd, 0x97, 0xbd, 0xd7, 0xb5, 0xb6, 0xad, 0xd5, 0xbe, 0xd7, 0xd7, 0xda, 0xd7, 0xfa, 0xc7, 0xd9, 0xc7, 0xd8, 0xc7, 0xf8, 0xc7, 0xf8, 0xc7, 0xf8, 0xc7, 0xf8, 0xc7, 0xf8, 0xc7, 0xf8, 0xc7, 0xf8, 0xbf, 0xf8, 0xc7, 0xf8, 0xbf, 0xd8, 0xcf, 0xf9, 0xcf, 0xfa, 0xd7, 0xda, 0xd7, 0x9a, 0xbe, 0xb7, 0xad, 0xf4, 0xbe, 0x16, 0xbd, 0xf6, 0xb5, 0x95, 0xbd, 0xb6, 0xbe, 0x17, 0xb5, 0xd6, 0xae, 0x16, 0xc7, 0x18, 0xd7, 0xfb, 0xcf, 0xf9, 0xc7, 0xd8, 0xcf, 0xf9, 0xcf, 0xb9, 0xcf, 0x79, 0xb6, 0x76, 0xb5, 0xf6, 0xb5, 0xd6, 0xbd, 0xd7, 0xb5, 0x96, 0xbd, 0xd7, 0xb5, 0xf6, 0xa5, 0xb4, 0xb6, 0x56, 0xcf, 0x59, 0xcf, 0x99, 0xd7, 0xd9, 0xcf, 0xf9, 0xc7, 0xf8, 0xc7, 0xf8, 0xc7, 0xf8, 0xc7, 0xf8, 0xc7, 0xf8, 0xc7, 0xf8, 0xc7, 0xf8, 0xc7, 0xf8, 0xc7, 0xf8, 0xc7, 0xd7, 0xc7, 0xd8, 0xcf, 0xf9, 0xd7, 0xfa, 0xd7, 0xda, 0xbe, 0xd8, 0xae, 0x16, 0xb5, 0xf6, 0xb5, 0xd6, 0xb5, 0xd7, 0xbd, 0xf7, 0xb5, 0x96, 0xbd, 0xf7, 0xae, 0x35, 0xcf, 0x58, 0xd7, 0xda, 0xcf, 0xd9, 
  0xd7, 0xda, 0xcf, 0x59, 0xad, 0xf5, 0xad, 0xd5, 0xc5, 0xf7, 0xbd, 0x96, 0xbd, 0x96, 0xbd, 0xf7, 0xad, 0xf5, 0xbe, 0xd7, 0xcf, 0xba, 0xcf, 0xd9, 0xc7, 0xf9, 0xc7, 0xd8, 0xcf, 0xf9, 0xcf, 0xf9, 0xc7, 0xf8, 0xc7, 0xf8, 0xc7, 0xf8, 0xc7, 0xf8, 0xc7, 0xf8, 0xc7, 0xf8, 0xc7, 0xf8, 0xc7, 0xf8, 0xcf, 0xf9, 0xc7, 0xf8, 0xcf, 0xd8, 0xcf, 0xf9, 0xd7, 0xda, 0xd7, 0xba, 0xc7, 0x17, 0xa5, 0xd4, 0xb5, 0xf5, 0xb5, 0xb6, 0xb5, 0x96, 0xbd, 0xb6, 0xbd, 0xd7, 0xad, 0xb6, 0xb6, 0x56, 0xcf, 0x79, 0xd7, 0xfa, 0xc7, 0xb8, 0xcf, 0xf9, 0xcf, 0xd9, 0xb6, 0x96, 0xad, 0xd5, 0xbd, 0xf7, 0xbd, 0xb7, 0xbd, 0xb7, 0xb5, 0xb6, 0xb5, 0xd6, 0xad, 0xf6, 0xb6, 0x56, 0xcf, 0x59, 0xd7, 0xfa, 0xcf, 0xf9, 0xc7, 0xd8, 0xc7, 0xf8, 0xc7, 0xf8, 0xc7, 0xf8, 0xcf, 0xf9, 0xcf, 0xf9, 0xc7, 0xf8, 0xc7, 0xf8, 0xc7, 0xf8, 0xcf, 0xf8, 0xcf, 0xf8, 0xcf, 0xf8, 0xc7, 0xf8, 0xc7, 0xf8, 0xcf, 0xf9, 0xcf, 0xd9, 0xcf, 0x9a, 0xbe, 0xd8, 0xb6, 0x36, 0xb5, 0xd6, 0xb5, 0xd7, 0xbd, 0xf7, 0xbd, 0xb7, 0xb5, 0xd6, 0xad, 0xf4, 0xbe, 0xd7, 0xd7, 0xba, 0xd7, 0xda, 
  0xd7, 0xba, 0xb6, 0xb7, 0xad, 0xf5, 0xad, 0x95, 0xc5, 0xf7, 0xbd, 0x96, 0xbd, 0xd6, 0xb5, 0xd5, 0xb6, 0x76, 0xcf, 0x99, 0xd7, 0xfa, 0xc7, 0xd8, 0xc7, 0xf8, 0xcf, 0xf9, 0xcf, 0xf9, 0xc7, 0xf9, 0xc7, 0xf8, 0xc7, 0xf8, 0xc7, 0xf8, 0xc7, 0xf8, 0xc7, 0xf8, 0xc7, 0xf8, 0xc7, 0xf8, 0xc7, 0xf7, 0xbf, 0xd7, 0xcf, 0xf9, 0xcf, 0xf8, 0xc7, 0xb7, 0xcf, 0xd9, 0xd7, 0xfa, 0xcf, 0xb9, 0xc7, 0x38, 0xae, 0x15, 0xbe, 0x16, 0xb5, 0xb6, 0xb5, 0x96, 0xbd, 0xb7, 0xb5, 0xd6, 0xb5, 0xf6, 0xb6, 0x76, 0xd7, 0xb9, 0xd7, 0xd9, 0xcf, 0xb9, 0xc7, 0x58, 0xa5, 0xf5, 0xb5, 0xd6, 0xbd, 0xb8, 0xbd, 0x98, 0xb5, 0x97, 0xbd, 0xf7, 0xad, 0xd5, 0xb6, 0x36, 0xcf, 0x79, 0xdf, 0xfa, 0xcf, 0xd8, 0xc7, 0xf8, 0xc7, 0xf8, 0xc7, 0xf8, 0xbf, 0xf7, 0xbf, 0xf7, 0xc7, 0xf8, 0xc7, 0xf8, 0xc7, 0xf9, 0xcf, 0xf9, 0xcf, 0xf9, 0xc7, 0xf8, 0xc7, 0xf7, 0xc7, 0xf7, 0xc7, 0xf8, 0xc7, 0xf8, 0xc7, 0xf8, 0xcf, 0xf9, 0xd7, 0xda, 0xd7, 0xba, 0xb6, 0x77, 0xb5, 0xf6, 0xb5, 0xf6, 0xb5, 0xb6, 0xbd, 0xf7, 0xb5, 0xb6, 0xad, 0xf5, 0xb6, 0x55, 0xcf, 0x79, 0xd7, 0xda, 
  0xd7, 0x7a, 0xb6, 0x36, 0xb5, 0xd5, 0xbd, 0xf7, 0xb5, 0x96, 0xc5, 0xf7, 0xb5, 0xd6, 0xad, 0xd4, 0xc7, 0x38, 0xcf, 0xf9, 0xc7, 0xf8, 0xc7, 0xf8, 0xc7, 0xf8, 0xc7, 0xf8, 0xc7, 0xb8, 0xcf, 0xf9, 0xc7, 0xf8, 0xc7, 0xf8, 0xc7, 0xf8, 0xc7, 0xf8, 0xc7, 0xf8, 0xc7, 0xf8, 0xc7, 0xf8, 0xc7, 0xf8, 0xc7, 0xf8, 0xc7, 0xf7, 0xc7, 0xf8, 0xcf, 0xf9, 0xcf, 0xf9, 0xc7, 0xd8, 0xc7, 0xd8, 0xcf, 0xd9, 0xb6, 0x96, 0xad, 0xf5, 0xb5, 0xd6, 0xbd, 0xd7, 0xb5, 0xb7, 0xb5, 0xb6, 0xb5, 0xf6, 0xad, 0xf5, 0xc7, 0x18, 0xdf, 0xda, 0xcf, 0x79, 0xae, 0x35, 0xb6, 0x16, 0xb5, 0xd7, 0xbd, 0x98, 0xbd, 0xb8, 0xb5, 0xb7, 0xb5, 0xf6, 0xb6, 0x56, 0xc7, 0x39, 0xd7, 0xfa, 0xcf, 0xf9, 0xc7, 0xd8, 0xcf, 0xf8, 0xc7, 0xf7, 0xc7, 0xf7, 0xc7, 0xf8, 0xc7, 0xf8, 0xc7, 0xf8, 0xc7, 0xf8, 0xc7, 0xf9, 0xc7, 0xf8, 0xcf, 0xf8, 0xc7, 0xf8, 0xc7, 0xf8, 0xc7, 0xf8, 0xc7, 0xf8, 0xc7, 0xf8, 0xc7, 0xf8, 0xc7, 0xf9, 0xcf, 0xd9, 0xd7, 0xda, 0xcf, 0x59, 0xae, 0x15, 0xad, 0xd5, 0xbd, 0xf6, 0xb5, 0xb6, 0xbd, 0xf7, 0xb5, 0xf5, 0xa5, 0xd4, 0xcf, 0x38, 0xdf, 0xdb, 
  0xce, 0xfa, 0xad, 0xd6, 0xb5, 0xd6, 0xbd, 0xd6, 0xbd, 0xd6, 0xbd, 0xd6, 0xad, 0xb4, 0xbe, 0xb7, 0xcf, 0xd9, 0xcf, 0xd9, 0xc7, 0xf8, 0xc7, 0xf8, 0xc7, 0xf8, 0xc7, 0xf8, 0xcf, 0xf8, 0xcf, 0xf8, 0xc7, 0xf8, 0xc7, 0xf8, 0xc7, 0xf8, 0xc7, 0xf8, 0xc7, 0xf8, 0xc7, 0xf8, 0xc7, 0xf8, 0xc7, 0xf8, 0xc7, 0xf8, 0xc7, 0xf8, 0xc7, 0xf8, 0xc7, 0xf8, 0xc7, 0xf9, 0xc7, 0xf9, 0xc7, 0xf9, 0xc7, 0xd9, 0xd7, 0xba, 0xb6, 0x76, 0xad, 0xd5, 0xb5, 0xd6, 0xb5, 0xb7, 0xbd, 0xf8, 0xad, 0xb6, 0xb5, 0xf6, 0xb6, 0x36, 0xdf, 0x3a, 0xc6, 0x98, 0xb5, 0xd6, 0xb5, 0xd7, 0xbd, 0xf7, 0xb5, 0x96, 0xb5, 0xd7, 0xb6, 0x16, 0xa5, 0xd4, 0xc7, 0x38, 0xcf, 0xda, 0xc7, 0xd8, 0xc7, 0xf9, 0xbf, 0xf7, 0xc7, 0xf8, 0xcf, 0xf8, 0xcf, 0xf8, 0xc7, 0xf8, 0xc7, 0xf8, 0xc7, 0xf8, 0xc7, 0xf8, 0xc7, 0xf8, 0xc7, 0xf8, 0xc7, 0xf8, 0xc7, 0xf8, 0xc7, 0xf8, 0xc7, 0xf8, 0xc7, 0xf8, 0xc7, 0xf8, 0xc7, 0xf8, 0xc7, 0xf8, 0xcf, 0xf9, 0xc7, 0xd8, 0xd7, 0xd9, 0xbe, 0xb6, 0xad, 0xf5, 0xb5, 0xd6, 0xc5, 0xd8, 0xbd, 0x76, 0xb5, 0xd6, 0xb5, 0xf5, 0xbe, 0x96, 0xdf, 0xdb, 
  0xce, 0x99, 0xb5, 0xb6, 0xbd, 0xb6, 0xbd, 0xb6, 0xbd, 0xd6, 0xb5, 0xd6, 0xad, 0xf5, 0xbe, 0xf7, 0xcf, 0xd9, 0xc7, 0xf8, 0xc7, 0xf8, 0xc7, 0xf7, 0xc7, 0xf8, 0xcf, 0xf8, 0xc7, 0xf8, 0xc7, 0xf8, 0xc7, 0xf8, 0xc7, 0xf8, 0xc7, 0xf8, 0xc7, 0xf8, 0xc7, 0xf8, 0xc7, 0xf8, 0xc7, 0xf8, 0xc7, 0xf8, 0xc7, 0xf8, 0xc7, 0xf8, 0xc7, 0xf8, 0xc7, 0xf8, 0xc7, 0xf8, 0xc7, 0xf9, 0xc7, 0xf8, 0xc7, 0xd9, 0xcf, 0xd9, 0xcf, 0x79, 0xb6, 0x56, 0xad, 0xf6, 0xb5, 0xd7, 0xb5, 0xb7, 0xb5, 0xd7, 0xb5, 0xd6, 0xb5, 0xf6, 0xc6, 0x58, 0xbd, 0xf7, 0xbd, 0xb7, 0xbd, 0xb7, 0xbd, 0xd7, 0xb5, 0xb6, 0xb6, 0x16, 0xad, 0xf5, 0xbe, 0xd7, 0xcf, 0xb9, 0xc7, 0xf9, 0xbf, 0xf8, 0xbf, 0xf8, 0xc7, 0xf8, 0xc7, 0xf8, 0xcf, 0xf8, 0xcf, 0xf8, 0xcf, 0xf8, 0xc7, 0xf8, 0xc7, 0xf8, 0xc7, 0xf8, 0xc7, 0xf8, 0xc7, 0xf8, 0xc7, 0xf8, 0xc7, 0xf8, 0xc7, 0xf8, 0xc7, 0xf8, 0xc7, 0xf8, 0xc7, 0xf8, 0xc7, 0xf8, 0xc7, 0xf8, 0xc7, 0xf8, 0xc7, 0xf8, 0xcf, 0xf9, 0xc7, 0x17, 0xad, 0xf5, 0xbd, 0xf6, 0xc5, 0xb7, 0xbd, 0x97, 0xbd, 0xb6, 0xb5, 0xd5, 0xb6, 0x56, 0xd7, 0x9b, 
  0xc6, 0x38, 0xb5, 0xb6, 0xbd, 0xb6, 0xbd, 0xb6, 0xbd, 0xb6, 0xbd, 0xf6, 0xae, 0x15, 0xc7, 0x38, 0xcf, 0xd9, 0xc7, 0xf8, 0xc7, 0xf8, 0xc7, 0xf8, 0xc7, 0xf8, 0xc7, 0xf8, 0xc7, 0xf8, 0xc7, 0xf8, 0xc7, 0xf8, 0xc7, 0xf8, 0xc7, 0xf8, 0xc7, 0xf8, 0xc7, 0xf8, 0xc7, 0xf8, 0xc7, 0xf8, 0xc7, 0xf8, 0xc7, 0xf8, 0xc7, 0xf8, 0xc7, 0xf8, 0xc7, 0xf8, 0xc7, 0xf8, 0xc7, 0xf8, 0xc7, 0xf8, 0xc7, 0xf8, 0xc7, 0xd8, 0xd7, 0xfa, 0xc6, 0xf8, 0xad, 0xf5, 0xb5, 0xd6, 0xb5, 0xb6, 0xbd, 0xf7, 0xb5, 0xd6, 0xb5, 0xd6, 0xb5, 0xb6, 0xb5, 0x96, 0xbd, 0xd7, 0xb5, 0xb6, 0xbd, 0xd7, 0xb5, 0xd6, 0xad, 0xf5, 0xae, 0x55, 0xcf, 0xda, 0xcf, 0xfa, 0xcf, 0xf9, 0xc7, 0xf9, 0xbf, 0xd7, 0xc7, 0xf8, 0xc7, 0xf8, 0xc7, 0xf8, 0xc7, 0xf8, 0xc7, 0xf8, 0xc7, 0xf8, 0xc7, 0xf8, 0xc7, 0xf8, 0xc7, 0xf8, 0xc7, 0xf8, 0xc7, 0xf8, 0xc7, 0xf8, 0xc7, 0xf8, 0xc7, 0xf8, 0xc7, 0xf8, 0xc7, 0xf8, 0xc7, 0xf8, 0xc7, 0xf8, 0xc7, 0xf7, 0xc7, 0xf8, 0xcf, 0xd8, 0xcf, 0x78, 0xad, 0xf5, 0xbd, 0xf6, 0xbd, 0x97, 0xc5, 0xb8, 0xbd, 0xd6, 0xb5, 0xd5, 0xae, 0x36, 0xd7, 0x7a, 
  0xbe, 0x17, 0xb5, 0xb6, 0xbd, 0xd7, 0xbd, 0xb6, 0xbd, 0xb6, 0xb5, 0xd6, 0xb6, 0x36, 0xc7, 0x59, 0xcf, 0xf9, 0xc7, 0xf8, 0xc7, 0xf8, 0xc7, 0xf8, 0xc7, 0xf8, 0xc7, 0xf8, 0xc7, 0xf8, 0xc7, 0xf8, 0xc7, 0xf8, 0xc7, 0xf8, 0xc7, 0xf8, 0xc7, 0xf8, 0xc7, 0xf8, 0xc7, 0xf8, 0xc7, 0xf8, 0xc7, 0xf8, 0xc7, 0xf8, 0xc7, 0xf8, 0xc7, 0xf8, 0xc7, 0xf8, 0xc7, 0xf8, 0xc7, 0xf8, 0xc7, 0xf8, 0xc7, 0xf8, 0xc7, 0xf8, 0xcf, 0xd9, 0xd7, 0xba, 0xb6, 0x56, 0xb5, 0xd6, 0xb5, 0xf7, 0xb5, 0xd6, 0xb5, 0xf6, 0xb5, 0xd6, 0xb5, 0xd6, 0xbd, 0xd7, 0xbd, 0xd7, 0xb5, 0xb6, 0xbd, 0xd7, 0xb5, 0xd6, 0xad, 0xf5, 0xbf, 0x38, 0xcf, 0xfa, 0xc7, 0xb8, 0xcf, 0xd8, 0xcf, 0xf9, 0xc7, 0xd7, 0xc7, 0xf8, 0xc7, 0xf8, 0xc7, 0xf8, 0xc7, 0xf8, 0xc7, 0xf8, 0xc7, 0xf8, 0xc7, 0xf8, 0xc7, 0xf8, 0xc7, 0xf8, 0xc7, 0xf8, 0xc7, 0xf8, 0xc7, 0xf8, 0xc7, 0xf8, 0xc7, 0xf8, 0xc7, 0xf8, 0xc7, 0xf8, 0xc7, 0xf8, 0xc7, 0xf8, 0xc7, 0xf8, 0xc7, 0xf8, 0xcf, 0xd8, 0xd7, 0xb9, 0xae, 0x35, 0xb5, 0xf6, 0xbd, 0x97, 0xc5, 0xd8, 0xbd, 0xb6, 0xb5, 0xd5, 0xad, 0xf5, 0xcf, 0x5a, 
  0xb5, 0xd7, 0xb5, 0xb7, 0xbd, 0xd7, 0xbd, 0xb6, 0xbd, 0xb6, 0xb5, 0xd6, 0xb6, 0x56, 0xcf, 0x99, 0xcf, 0xf9, 0xc7, 0xf8, 0xc7, 0xf8, 0xc7, 0xf8, 0xc7, 0xf8, 0xc7, 0xf8, 0xc7, 0xf8, 0xc7, 0xf8, 0xc7, 0xf8, 0xc7, 0xf8, 0xc7, 0xf8, 0xc7, 0xf8, 0xc7, 0xf8, 0xc7, 0xf8, 0xc7, 0xf8, 0xc7, 0xf8, 0xc7, 0xf8, 0xc7, 0xf8, 0xc7, 0xf8, 0xc7, 0xf8, 0xc7, 0xf8, 0xc7, 0xf8, 0xc7, 0xf8, 0xc7, 0xf8, 0xc7, 0xf8, 0xc7, 0xd7, 0xd7, 0xfa, 0xc7, 0x19, 0xb6, 0x37, 0xb5, 0xd6, 0xb5, 0xd6, 0xb5, 0xb6, 0xb5, 0xb6, 0xbd, 0xf7, 0xbd, 0xd7, 0xbd, 0xb7, 0xb5, 0xb6, 0xbd, 0xd6, 0xad, 0xb5, 0xbe, 0x97, 0xcf, 0xfa, 0xc7, 0xf9, 0xc7, 0xd8, 0xcf, 0xd8, 0xcf, 0xf8, 0xcf, 0xf8, 0xc7, 0xf8, 0xc7, 0xf8, 0xbf, 0xf8, 0xc7, 0xf8, 0xc7, 0xf8, 0xc7, 0xf8, 0xc7, 0xf8, 0xc7, 0xf8, 0xc7, 0xf8, 0xc7, 0xf8, 0xc7, 0xf8, 0xc7, 0xf8, 0xc7, 0xf8, 0xc7, 0xf8, 0xc7, 0xf8, 0xc7, 0xf8, 0xc7, 0xf8, 0xc7, 0xf8, 0xc7, 0xf8, 0xc7, 0xf8, 0xcf, 0xd9, 0xd7, 0xb9, 0xb6, 0x76, 0xb5, 0xd6, 0xb5, 0xb6, 0xbd, 0xb7, 0xbd, 0xd7, 0xb5, 0xd6, 0xad, 0xf5, 0xcf, 0x3a, 
  0xb5, 0xd7, 0xbd, 0xd7, 0xbd, 0xb7, 0xbd, 0xb6, 0xbd, 0xb6, 0xb5, 0xd5, 0xb6, 0x56, 0xcf, 0xba, 0xcf, 0xf9, 0xc7, 0xf8, 0xc7, 0xf8, 0xc7, 0xf8, 0xc7, 0xf8, 0xc7, 0xf8, 0xc7, 0xf8, 0xc7, 0xf8, 0xc7, 0xf8, 0xc7, 0xf8, 0xc7, 0xf8, 0xc7, 0xf8, 0xc7, 0xf8, 0xc7, 0xf8, 0xc7, 0xf8, 0xc7, 0xf8, 0xc7, 0xf8, 0xc7, 0xf8, 0xc7, 0xf8, 0xc7, 0xf8, 0xc7, 0xf8, 0xc7, 0xf8, 0xc7, 0xf8, 0xc7, 0xf7, 0xc7, 0xf8, 0xc7, 0xf8, 0xd7, 0xfa, 0xd7, 0x9a, 0xc6, 0x78, 0xad, 0xb6, 0xbe, 0x17, 0xb5, 0xb6, 0xb5, 0xd6, 0xbd, 0xd7, 0xb5, 0xb6, 0xbd, 0xb7, 0xbd, 0xd7, 0xbd, 0xd6, 0xb5, 0xb5, 0xcf, 0x39, 0xcf, 0xfa, 0xbf, 0xf8, 0xcf, 0xf9, 0xcf, 0xf8, 0xcf, 0xd8, 0xcf, 0xf8, 0xc7, 0xf8, 0xbf, 0xf8, 0xbf, 0xf8, 0xbf, 0xf8, 0xc7, 0xf8, 0xc7, 0xf8, 0xc7, 0xf8, 0xc7, 0xf8, 0xc7, 0xf8, 0xc7, 0xf8, 0xc7, 0xf8, 0xc7, 0xf8, 0xc7, 0xf8, 0xc7, 0xf8, 0xc7, 0xf8, 0xc7, 0xf8, 0xc7, 0xf8, 0xc7, 0xf8, 0xc7, 0xf8, 0xc7, 0xf8, 0xcf, 0xf9, 0xcf, 0xb9, 0xbe, 0x97, 0xad, 0xd5, 0xbd, 0xd7, 0xbd, 0xb7, 0xbd, 0xd7, 0xb5, 0xd6, 0xad, 0xd5, 0xcf, 0x1a, 
  0xb5, 0xd7, 0xbd, 0xd7, 0xbd, 0xb6, 0xbd, 0xb6, 0xbd, 0xd7, 0xb5, 0xb5, 0xb6, 0x56, 0xd7, 0xba, 0xc7, 0xd9, 0xc7, 0xf8, 0xc7, 0xf8, 0xc7, 0xf8, 0xc7, 0xf8, 0xc7, 0xf8, 0xc7, 0xf8, 0xc7, 0xf8, 0xc7, 0xf8, 0xc7, 0xf8, 0xc7, 0xf8, 0xc7, 0xf8, 0xc7, 0xf8, 0xc7, 0xf8, 0xc7, 0xf8, 0xc7, 0xf8, 0xc7, 0xf8, 0xc7, 0xf8, 0xc7, 0xf8, 0xc7, 0xf8, 0xc7, 0xf8, 0xc7, 0xf8, 0xc7, 0xf8, 0xc7, 0xf7, 0xbf, 0xf7, 0xc7, 0xf8, 0xcf, 0xd9, 0xd7, 0x9a, 0xbe, 0x57, 0xb5, 0xb6, 0xbd, 0xf7, 0xbd, 0xd7, 0xbd, 0xd7, 0xbd, 0xb7, 0xbd, 0xb7, 0xbd, 0xb7, 0xbd, 0xd7, 0xbd, 0xd6, 0xb5, 0xb5, 0xcf, 0x39, 0xcf, 0xf9, 0xc7, 0xf8, 0xcf, 0xf9, 0xcf, 0xf8, 0xc7, 0xd8, 0xcf, 0xf8, 0xc7, 0xf8, 0xc7, 0xf8, 0xc7, 0xf8, 0xc7, 0xf8, 0xc7, 0xf8, 0xc7, 0xf8, 0xc7, 0xf8, 0xc7, 0xf8, 0xc7, 0xf8, 0xc7, 0xf8, 0xc7, 0xf8, 0xc7, 0xf8, 0xc7, 0xf8, 0xc7, 0xf8, 0xc7, 0xf8, 0xc7, 0xf8, 0xc7, 0xf8, 0xc7, 0xf8, 0xc7, 0xf8, 0xc7, 0xf8, 0xcf, 0xd9, 0xcf, 0xb9, 0xbe, 0x97, 0xad, 0xd5, 0xbd, 0xd7, 0xbd, 0xb7, 0xbd, 0xb7, 0xbd, 0xd6, 0xad, 0xd5, 0xd7, 0x1a, 
  0xb5, 0xf7, 0xbd, 0xd7, 0xbd, 0xb6, 0xbd, 0xb6, 0xbd, 0xd7, 0xad, 0xb5, 0xb6, 0x56, 0xd7, 0xba, 0xc7, 0xd9, 0xc7, 0xf8, 0xc7, 0xf8, 0xc7, 0xf8, 0xc7, 0xf8, 0xc7, 0xf8, 0xc7, 0xf8, 0xc7, 0xf8, 0xc7, 0xf8, 0xc7, 0xf8, 0xc7, 0xf8, 0xc7, 0xf8, 0xc7, 0xf8, 0xc7, 0xf8, 0xc7, 0xf8, 0xc7, 0xf8, 0xc7, 0xf8, 0xc7, 0xf8, 0xc7, 0xf8, 0xc7, 0xf8, 0xc7, 0xf8, 0xc7, 0xf8, 0xc7, 0xf8, 0xc7, 0xf7, 0xbf, 0xf7, 0xc7, 0xf8, 0xd7, 0xfa, 0xcf, 0x19, 0xb5, 0xf6, 0xbd, 0xd7, 0xb5, 0x96, 0xbd, 0xf7, 0xb5, 0xb7, 0xb5, 0xb6, 0xbd, 0xd7, 0xbd, 0xb7, 0xbd, 0xb6, 0xbd, 0xd7, 0xad, 0x95, 0xbe, 0x76, 0xd7, 0xfa, 0xc7, 0xf8, 0xc7, 0xd8, 0xc7, 0xf8, 0xcf, 0xf8, 0xc7, 0xf8, 0xc7, 0xf8, 0xc7, 0xf8, 0xc7, 0xf8, 0xc7, 0xf8, 0xc7, 0xf8, 0xc7, 0xf8, 0xc7, 0xf8, 0xc7, 0xf8, 0xc7, 0xf8, 0xc7, 0xf8, 0xc7, 0xf8, 0xc7, 0xf8, 0xc7, 0xf8, 0xc7, 0xf8, 0xc7, 0xf8, 0xc7, 0xf8, 0xc7, 0xf8, 0xc7, 0xf8, 0xc7, 0xf8, 0xcf, 0xf8, 0xcf, 0xd9, 0xd7, 0xba, 0xbe, 0x77, 0xad, 0xd5, 0xb5, 0xd6, 0xbd, 0xb7, 0xbd, 0xb6, 0xbd, 0xd6, 0xad, 0xd5, 0xd7, 0x3a, 
  0xbe, 0x38, 0xb5, 0xb6, 0xbd, 0xd7, 0xc5, 0xf7, 0xb5, 0x96, 0xb5, 0xd6, 0xb6, 0x36, 0xc7, 0x59, 0xcf, 0xfa, 0xc7, 0xf9, 0xc7, 0xf8, 0xc7, 0xf8, 0xc7, 0xf8, 0xc7, 0xf8, 0xbf, 0xf8, 0xc7, 0xf8, 0xc7, 0xf8, 0xc7, 0xf8, 0xc7, 0xf8, 0xc7, 0xf8, 0xc7, 0xf8, 0xc7, 0xf8, 0xc7, 0xf8, 0xc7, 0xf8, 0xc7, 0xf8, 0xc7, 0xf8, 0xc7, 0xf8, 0xc7, 0xf8, 0xc7, 0xf8, 0xc7, 0xf8, 0xc7, 0xf7, 0xc7, 0xf7, 0xc7, 0xf7, 0xc7, 0xd8, 0xd7, 0xda, 0xbe, 0x97, 0xad, 0xb5, 0xbd, 0xf7, 0xbd, 0xd7, 0xb5, 0xb7, 0xbd, 0xd7, 0xb5, 0xb6, 0xbd, 0xd7, 0xbd, 0xb7, 0xbd, 0xb7, 0xbd, 0xd7, 0xb5, 0xb6, 0xb5, 0xf5, 0xc7, 0x38, 0xcf, 0xd9, 0xcf, 0xf9, 0xc7, 0xd8, 0xc7, 0xf8, 0xbf, 0xf8, 0xbf, 0xf7, 0xc7, 0xf8, 0xc7, 0xf8, 0xc7, 0xf8, 0xc7, 0xf8, 0xc7, 0xf8, 0xc7, 0xf8, 0xc7, 0xf8, 0xc7, 0xf8, 0xc7, 0xf8, 0xc7, 0xf8, 0xc7, 0xf8, 0xc7, 0xf8, 0xc7, 0xf8, 0xc7, 0xf8, 0xc7, 0xf8, 0xc7, 0xf8, 0xc7, 0xf8, 0xc7, 0xf8, 0xcf, 0xf9, 0xcf, 0xb9, 0xd7, 0x99, 0xb6, 0x76, 0xad, 0xd5, 0xb5, 0xd6, 0xbd, 0xd7, 0xbd, 0xb6, 0xb5, 0xb6, 0xb6, 0x16, 0xd7, 0x1a, 
  0xbe, 0x38, 0xad, 0xb6, 0xbd, 0xd6, 0xbd, 0xb7, 0xbd, 0xb6, 0xb5, 0xd6, 0xad, 0xf5, 0xc7, 0x39, 0xd7, 0xfb, 0xc7, 0xd8, 0xc7, 0xd8, 0xc7, 0xf8, 0xc7, 0xf8, 0xc7, 0xf8, 0xc7, 0xf8, 0xc7, 0xf8, 0xc7, 0xf8, 0xc7, 0xf8, 0xc7, 0xf8, 0xc7, 0xf8, 0xc7, 0xf8, 0xc7, 0xf8, 0xc7, 0xf8, 0xc7, 0xf8, 0xbf, 0xd7, 0xc7, 0xf8, 0xcf, 0xf9, 0xc7, 0xf8, 0xc7, 0xf8, 0xc7, 0xf8, 0xc7, 0xf8, 0xc7, 0xf8, 0xc7, 0xf8, 0xcf, 0xf9, 0xc7, 0x18, 0xb6, 0x16, 0xbd, 0xd7, 0xbd, 0xd7, 0xb5, 0xb6, 0xbd, 0xd7, 0xb5, 0xd6, 0xb5, 0xd6, 0xb5, 0xd7, 0xbd, 0xd7, 0xb5, 0x96, 0xbd, 0xb6, 0xbd, 0xf7, 0xb5, 0xb5, 0xb6, 0x55, 0xdf, 0xfa, 0xc7, 0x98, 0xc7, 0xf8, 0xbf, 0xf8, 0xbf, 0xf8, 0xc7, 0xf8, 0xc7, 0xf8, 0xcf, 0xf8, 0xcf, 0xf8, 0xcf, 0xf8, 0xc7, 0xf8, 0xc7, 0xf8, 0xc7, 0xf8, 0xc7, 0xf8, 0xc7, 0xf8, 0xc7, 0xf8, 0xc7, 0xf8, 0xc7, 0xf8, 0xc7, 0xf8, 0xc7, 0xf8, 0xc7, 0xf8, 0xc7, 0xf8, 0xc7, 0xf8, 0xc7, 0xf8, 0xc7, 0xd8, 0xcf, 0xb9, 0xd7, 0x79, 0xad, 0xf5, 0xb5, 0xf6, 0xb5, 0xb6, 0xbd, 0xd7, 0xbd, 0xb6, 0xb5, 0xb6, 0xb6, 0x16, 0xd7, 0x3a, 
  0xbe, 0x98, 0xad, 0xd6, 0xb5, 0xd6, 0xb5, 0x96, 0xbd, 0xd7, 0xbd, 0xd6, 0xad, 0xd5, 0xc6, 0xf8, 0xd7, 0xfb, 0xcf, 0xd9, 0xcf, 0xf9, 0xc7, 0xf8, 0xc7, 0xf7, 0xc7, 0xf8, 0xc7, 0xf9, 0xc7, 0xf8, 0xc7, 0xf8, 0xc7, 0xf8, 0xc7, 0xf8, 0xc7, 0xf8, 0xc7, 0xf8, 0xc7, 0xf8, 0xc7, 0xf8, 0xc7, 0xf8, 0xc7, 0xf8, 0xc7, 0xf8, 0xc7, 0xf8, 0xc7, 0xf8, 0xc7, 0xf8, 0xcf, 0xf8, 0xcf, 0xf8, 0xcf, 0xf8, 0xcf, 0xf9, 0xcf, 0x99, 0xb6, 0x56, 0xad, 0xb5, 0xbd, 0xd7, 0xbd, 0xd7, 0xb5, 0xb6, 0xb5, 0xd6, 0xad, 0xd5, 0xbe, 0x58, 0xb5, 0xf7, 0xb5, 0xd6, 0xbd, 0xd7, 0xbd, 0xb6, 0xbd, 0xd7, 0xb5, 0xd5, 0xb5, 0xf4, 0xbe, 0xb6, 0xd7, 0xfa, 0xc7, 0xb8, 0xc7, 0xf8, 0xbf, 0xf8, 0xc7, 0xf9, 0xc7, 0xf8, 0xcf, 0xf8, 0xcf, 0xf8, 0xcf, 0xf8, 0xc7, 0xf8, 0xc7, 0xf8, 0xc7, 0xf8, 0xc7, 0xf8, 0xc7, 0xf8, 0xc7, 0xf8, 0xc7, 0xf8, 0xc7, 0xf8, 0xc7, 0xf8, 0xc7, 0xf8, 0xc7, 0xf8, 0xc7, 0xf8, 0xc7, 0xf8, 0xcf, 0xf9, 0xcf, 0xb9, 0xdf, 0xfb, 0xcf, 0x19, 0xa5, 0xb4, 0xb5, 0xf6, 0xb5, 0xb6, 0xbd, 0xd7, 0xbd, 0xd6, 0xb5, 0xb5, 0xb6, 0x36, 0xd7, 0x7b, 
  0xcf, 0x19, 0xad, 0xf5, 0xb5, 0xf6, 0xb5, 0xb6, 0xbd, 0xd7, 0xbd, 0xd6, 0xad, 0xd5, 0xb6, 0x77, 0xd7, 0xba, 0xcf, 0xda, 0xcf, 0xf9, 0xc7, 0xf8, 0xc7, 0xf8, 0xc7, 0xf8, 0xc7, 0xf8, 0xc7, 0xf8, 0xc7, 0xf8, 0xc7, 0xf8, 0xc7, 0xf8, 0xc7, 0xf8, 0xc7, 0xf8, 0xc7, 0xf8, 0xc7, 0xf8, 0xc7, 0xf8, 0xc7, 0xf8, 0xc7, 0xf8, 0xc7, 0xd7, 0xc7, 0xf8, 0xcf, 0xf9, 0xcf, 0xd8, 0xcf, 0xd8, 0xcf, 0xd9, 0xcf, 0xba, 0xbe, 0xb7, 0xad, 0xf5, 0xb5, 0xd6, 0xbd, 0xb7, 0xbd, 0xb7, 0xb5, 0xd6, 0xad, 0xd5, 0xb6, 0x36, 0xd7, 0x3a, 0xc6, 0x98, 0xad, 0xb5, 0xb5, 0xf7, 0xbd, 0xd7, 0xb5, 0xb6, 0xbd, 0xf6, 0xb5, 0xf5, 0xad, 0xd4, 0xcf, 0x79, 0xd7, 0xfa, 0xbf, 0xb8, 0xc7, 0xf9, 0xc7, 0xf8, 0xcf, 0xf9, 0xcf, 0xf8, 0xcf, 0xf8, 0xcf, 0xf8, 0xc7, 0xf8, 0xc7, 0xf8, 0xc7, 0xf8, 0xc7, 0xf8, 0xc7, 0xf8, 0xc7, 0xf8, 0xc7, 0xf8, 0xc7, 0xf8, 0xc7, 0xf8, 0xc7, 0xf8, 0xc7, 0xf8, 0xc7, 0xf8, 0xc7, 0xf8, 0xcf, 0xf9, 0xcf, 0xb9, 0xdf, 0xdb, 0xbe, 0x77, 0xb5, 0xf6, 0xb5, 0xd6, 0xbd, 0xd7, 0xb5, 0xb6, 0xbd, 0xf6, 0xad, 0xb5, 0xbe, 0xb7, 0xdf, 0xdb, 
  0xd7, 0x9a, 0xae, 0x15, 0xb5, 0xf6, 0xb5, 0xb6, 0xbd, 0xd6, 0xbd, 0xd6, 0xb5, 0xd6, 0xae, 0x15, 0xcf, 0x7a, 0xcf, 0xba, 0xc7, 0xb8, 0xc7, 0xd8, 0xcf, 0xf9, 0xcf, 0xf8, 0xbf, 0xf7, 0xc7, 0xf8, 0xc7, 0xf8, 0xc7, 0xf8, 0xc7, 0xf8, 0xc7, 0xf8, 0xc7, 0xf8, 0xc7, 0xf8, 0xc7, 0xf8, 0xc7, 0xf8, 0xc7, 0xf7, 0xc7, 0xf8, 0xcf, 0xf8, 0xcf, 0xf9, 0xcf, 0xd9, 0xcf, 0xd9, 0xcf, 0xd9, 0xd7, 0xda, 0xc6, 0xf8, 0xad, 0xf5, 0xb5, 0xd6, 0xbd, 0xd7, 0xbd, 0xd7, 0xbd, 0xd6, 0xad, 0xb5, 0xae, 0x15, 0xc6, 0xf8, 0xd7, 0xba, 0xd7, 0x7a, 0xb6, 0x36, 0xad, 0xd5, 0xbd, 0xf7, 0xb5, 0xb6, 0xbd, 0xd6, 0xbd, 0xd6, 0xb5, 0xb5, 0xb6, 0x56, 0xd7, 0x9a, 0xcf, 0xd9, 0xcf, 0xf9, 0xcf, 0xf9, 0xc7, 0xf8, 0xc7, 0xf8, 0xc7, 0xf8, 0xc7, 0xf8, 0xc7, 0xf8, 0xc7, 0xf8, 0xc7, 0xf8, 0xc7, 0xf8, 0xc7, 0xf8, 0xc7, 0xf8, 0xc7, 0xf8, 0xc7, 0xf8, 0xc7, 0xf8, 0xc7, 0xf8, 0xc7, 0xf8, 0xc7, 0xf8, 0xc7, 0xf8, 0xc7, 0xd9, 0xd7, 0xda, 0xcf, 0x39, 0xad, 0xf5, 0xb6, 0x16, 0xb5, 0xb6, 0xbd, 0xd7, 0xbd, 0xb6, 0xb5, 0xf6, 0xa5, 0xd4, 0xc7, 0x39, 0xd7, 0xdb, 
  0xd7, 0xbb, 0xb6, 0x96, 0xad, 0xf5, 0xb5, 0xd6, 0xbd, 0xb6, 0xbd, 0xb6, 0xbd, 0xf7, 0xad, 0xd5, 0xb6, 0x97, 0xd7, 0xba, 0xd7, 0xfa, 0xcf, 0xd8, 0xcf, 0xf8, 0xcf, 0xf8, 0xc7, 0xf8, 0xc7, 0xf8, 0xc7, 0xf8, 0xc7, 0xf8, 0xc7, 0xf8, 0xc7, 0xf8, 0xc7, 0xf8, 0xc7, 0xf8, 0xc7, 0xf8, 0xc7, 0xf8, 0xc7, 0xf7, 0xcf, 0xf8, 0xcf, 0xf9, 0xc7, 0xd8, 0xcf, 0xd9, 0xd7, 0xfa, 0xcf, 0xd9, 0xc7, 0x38, 0xae, 0x36, 0xad, 0xd5, 0xb5, 0xd7, 0xbd, 0xb6, 0xc5, 0xf7, 0xbd, 0xd6, 0xa5, 0xb4, 0xbe, 0xb6, 0xcf, 0xb9, 0xcf, 0xb9, 0xd7, 0xdb, 0xc6, 0xf8, 0xad, 0xd5, 0xb5, 0xf6, 0xbd, 0xf6, 0xb5, 0xb6, 0xbd, 0xd7, 0xb5, 0xd6, 0xb5, 0xf6, 0xb6, 0x35, 0xd7, 0xba, 0xd7, 0xfa, 0xcf, 0xf9, 0xc7, 0xf8, 0xc7, 0xf8, 0xc7, 0xf8, 0xc7, 0xf8, 0xc7, 0xf8, 0xc7, 0xf8, 0xc7, 0xf8, 0xc7, 0xf8, 0xc7, 0xf8, 0xc7, 0xf8, 0xc7, 0xf8, 0xc7, 0xf8, 0xc7, 0xf8, 0xc7, 0xf8, 0xc7, 0xf8, 0xc7, 0xf8, 0xc7, 0xf9, 0xcf, 0xd9, 0xd7, 0xba, 0xbe, 0x97, 0xad, 0xd5, 0xb5, 0xd6, 0xbd, 0xd7, 0xbd, 0xb7, 0xbd, 0xd7, 0xb5, 0xd5, 0xae, 0x15, 0xcf, 0x99, 0xcf, 0xb9, 
  0xd7, 0xba, 0xc7, 0x38, 0xad, 0xf5, 0xb5, 0xd6, 0xbd, 0xd6, 0xb5, 0xb6, 0xbd, 0xf7, 0xad, 0xd6, 0xa5, 0xf5, 0xc7, 0x18, 0xd7, 0xfa, 0xcf, 0xd9, 0xc7, 0xb7, 0xc7, 0xf8, 0xc7, 0xf8, 0xc7, 0xf8, 0xc7, 0xf8, 0xc7, 0xf8, 0xc7, 0xf8, 0xc7, 0xf8, 0xc7, 0xf8, 0xc7, 0xf8, 0xc7, 0xf7, 0xc7, 0xf7, 0xc7, 0xf8, 0xcf, 0xf8, 0xc7, 0xf8, 0xc7, 0xd8, 0xcf, 0xf9, 0xd7, 0xda, 0xbf, 0x38, 0xae, 0x75, 0xad, 0xf5, 0xb5, 0xd6, 0xbd, 0xb7, 0xbd, 0x96, 0xbd, 0xd7, 0xb5, 0xd6, 0xb6, 0x35, 0xcf, 0x78, 0xcf, 0xf9, 0xc7, 0xd9, 0xcf, 0xda, 0xcf, 0x7a, 0xbe, 0x97, 0xb5, 0xf6, 0xb5, 0xd6, 0xb5, 0xb6, 0xb5, 0xd7, 0xbd, 0xd7, 0xb5, 0xb5, 0xb5, 0xf5, 0xbe, 0x76, 0xd7, 0xb9, 0xc7, 0x98, 0xc7, 0xf9, 0xc7, 0xf8, 0xbf, 0xf8, 0xc7, 0xf8, 0xc7, 0xf8, 0xc7, 0xf8, 0xc7, 0xf8, 0xc7, 0xf8, 0xc7, 0xf8, 0xc7, 0xf8, 0xc7, 0xf8, 0xc7, 0xf8, 0xc7, 0xf8, 0xc7, 0xf8, 0xc7, 0xf8, 0xc7, 0xf8, 0xcf, 0xf9, 0xcf, 0xd9, 0xc7, 0x18, 0xb6, 0x36, 0xad, 0xd5, 0xb5, 0xb6, 0xbd, 0xd7, 0xbd, 0xb7, 0xbd, 0xd7, 0xad, 0xd5, 0xbe, 0xb7, 0xcf, 0xda, 0xc7, 0xb9, 
  0xcf, 0xda, 0xd7, 0xba, 0xae, 0x15, 0xb5, 0xf5, 0xbd, 0xf6, 0xb5, 0xb6, 0xbd, 0xd7, 0xb5, 0xd6, 0xb6, 0x16, 0xae, 0x15, 0xc7, 0x18, 0xdf, 0xfa, 0xd7, 0xf9, 0xc7, 0xf8, 0xc7, 0xf8, 0xc7, 0xf8, 0xc7, 0xf8, 0xc7, 0xf8, 0xc7, 0xf8, 0xc7, 0xf8, 0xc7, 0xf8, 0xc7, 0xf8, 0xc7, 0xf8, 0xc7, 0xf8, 0xcf, 0xf8, 0xc7, 0xd8, 0xcf, 0xd8, 0xd7, 0xf9, 0xd7, 0xba, 0xc7, 0x38, 0xae, 0x76, 0xa5, 0xd4, 0xb5, 0xf7, 0xb5, 0xd7, 0xb5, 0xb7, 0xbd, 0xd7, 0xb5, 0x95, 0xad, 0xf5, 0xc6, 0xf7, 0xcf, 0xd9, 0xc7, 0xd8, 0xcf, 0xf9, 0xc7, 0xb8, 0xcf, 0xba, 0xd7, 0x7a, 0xb6, 0x16, 0xad, 0xb4, 0xbe, 0x17, 0xb5, 0xd7, 0xb5, 0xd7, 0xb5, 0xb6, 0xbd, 0xf6, 0xb5, 0xd5, 0xb6, 0x55, 0xdf, 0xfb, 0xcf, 0xd9, 0xc7, 0xf9, 0xc7, 0xf8, 0xc7, 0xf8, 0xc7, 0xf8, 0xc7, 0xf8, 0xc7, 0xf8, 0xc7, 0xf8, 0xc7, 0xf8, 0xc7, 0xf8, 0xc7, 0xf8, 0xc7, 0xf8, 0xc7, 0xf8, 0xc7, 0xf8, 0xcf, 0xf8, 0xcf, 0xf9, 0xcf, 0xd9, 0xcf, 0x79, 0xae, 0x15, 0xb6, 0x16, 0xad, 0xb5, 0xb5, 0xd6, 0xbd, 0xd7, 0xbd, 0xb7, 0xb5, 0xd6, 0xad, 0xf5, 0xc7, 0x59, 0xcf, 0xfa, 0xc7, 0xd9, 
  0xcf, 0xd9, 0xd7, 0xd9, 0xbe, 0xf7, 0xb6, 0x15, 0xad, 0xb5, 0xb5, 0xb6, 0xc5, 0xf7, 0xbd, 0x96, 0xbd, 0xf7, 0xb5, 0xb5, 0xb6, 0x16, 0xc6, 0xf8, 0xd7, 0xba, 0xd7, 0xfa, 0xc7, 0xd9, 0xc7, 0xf8, 0xc7, 0xf8, 0xc7, 0xf8, 0xc7, 0xf8, 0xc7, 0xf8, 0xc7, 0xf8, 0xc7, 0xf8, 0xc7, 0xf8, 0xcf, 0xf8, 0xcf, 0xd8, 0xcf, 0xd9, 0xd7, 0xda, 0xd7, 0x9a, 0xc6, 0xd8, 0xae, 0x15, 0xad, 0xd5, 0xbd, 0xf7, 0xb5, 0xb7, 0xbd, 0xd7, 0xbd, 0xf7, 0xb5, 0xd6, 0xad, 0xf5, 0xbe, 0xd7, 0xcf, 0xb9, 0xcf, 0xd9, 0xc7, 0xd8, 0xcf, 0xf9, 0xcf, 0xd9, 0xcf, 0xd9, 0xd7, 0xda, 0xc7, 0x18, 0xae, 0x15, 0xad, 0xf5, 0xb5, 0xf7, 0xb5, 0xb7, 0xb5, 0xd7, 0xbd, 0xd7, 0xbd, 0xd6, 0xb5, 0xb5, 0xb6, 0x16, 0xcf, 0x19, 0xd7, 0xbb, 0xd7, 0xda, 0xcf, 0xd9, 0xcf, 0xf9, 0xc7, 0xf8, 0xc7, 0xf8, 0xc7, 0xf8, 0xc7, 0xf8, 0xc7, 0xf8, 0xc7, 0xf8, 0xc7, 0xd8, 0xc7, 0xd8, 0xd7, 0xf9, 0xd7, 0xfa, 0xd7, 0x79, 0xcf, 0x19, 0xb6, 0x16, 0xb5, 0xf6, 0xb5, 0xb6, 0xb5, 0xb6, 0xbd, 0xf7, 0xb5, 0xd6, 0xb5, 0xb6, 0xb6, 0x16, 0xbe, 0xd7, 0xc7, 0xb9, 0xcf, 0xd9, 0xc7, 0xb8, 
  0xcf, 0xf9, 0xcf, 0xd9, 0xcf, 0xb9, 0xb6, 0x76, 0xad, 0xd4, 0xbe, 0x16, 0xbd, 0xb6, 0xc5, 0xd7, 0xbd, 0x96, 0xbd, 0xb6, 0xb5, 0xd6, 0xb5, 0xf6, 0xbe, 0x97, 0xc7, 0x59, 0xd7, 0xda, 0xcf, 0xfa, 0xcf, 0xd9, 0xc7, 0xf8, 0xc7, 0xf8, 0xcf, 0xf8, 0xcf, 0xf8, 0xcf, 0xf9, 0xcf, 0xf9, 0xcf, 0xd9, 0xcf, 0xd9, 0xd7, 0xba, 0xcf, 0x59, 0xbe, 0x77, 0xb5, 0xf6, 0xb5, 0xd6, 0xbd, 0xd7, 0xb5, 0xb6, 0xb5, 0xb7, 0xbd, 0xf7, 0xad, 0xb6, 0xa5, 0xd5, 0xbe, 0xb7, 0xcf, 0x99, 0xcf, 0xf9, 0xcf, 0xf9, 0xc7, 0xf8, 0xc7, 0xf8, 0xc7, 0xd8, 0xc7, 0xb8, 0xd7, 0xfa, 0xd7, 0xda, 0xbe, 0xf8, 0xa5, 0xf5, 0xad, 0xd6, 0xb5, 0xb6, 0xb5, 0xb6, 0xb5, 0xb6, 0xb5, 0xb6, 0xb5, 0xb6, 0xb5, 0xb6, 0xb6, 0x16, 0xc6, 0xb8, 0xd7, 0x5a, 0xdf, 0xdb, 0xd7, 0xda, 0xcf, 0xd9, 0xcf, 0xf9, 0xcf, 0xf9, 0xc7, 0xf8, 0xcf, 0xf9, 0xcf, 0xf9, 0xd7, 0xf9, 0xd7, 0xd9, 0xd7, 0x99, 0xcf, 0x18, 0xbe, 0x77, 0xad, 0xd5, 0xbd, 0xf7, 0xb5, 0x96, 0xbd, 0xd7, 0xbd, 0xd7, 0xb5, 0xb6, 0xb5, 0xf7, 0xb6, 0x17, 0xa5, 0xd4, 0xc7, 0x78, 0xcf, 0xf9, 0xcf, 0xf9, 0xc7, 0xd8, 
  0xc7, 0xf8, 0xcf, 0xf9, 0xcf, 0xd9, 0xc7, 0x58, 0xb6, 0x76, 0xad, 0xf5, 0xb5, 0xd6, 0xbd, 0xd6, 0xbd, 0xd7, 0xbd, 0xd7, 0xbd, 0xd6, 0xb5, 0xb5, 0xad, 0xd5, 0xae, 0x36, 0xb6, 0x97, 0xbe, 0xf7, 0xcf, 0x99, 0xcf, 0xb9, 0xd7, 0xb9, 0xd7, 0xda, 0xd7, 0xda, 0xd7, 0xda, 0xd7, 0xb9, 0xd7, 0x99, 0xc6, 0xf8, 0xbe, 0x97, 0xae, 0x15, 0xad, 0xb5, 0xb5, 0xd6, 0xbd, 0xf7, 0xbd, 0xd7, 0xb5, 0x96, 0xbd, 0xf7, 0xb5, 0xd6, 0xad, 0xb5, 0xb6, 0x76, 0xcf, 0x99, 0xcf, 0xd9, 0xc7, 0xd8, 0xcf, 0xf9, 0xc7, 0xf8, 0xc7, 0xf8, 0xcf, 0xf8, 0xcf, 0xf9, 0xcf, 0xd9, 0xd7, 0xfa, 0xd7, 0xba, 0xbe, 0xb7, 0xb6, 0x16, 0xb5, 0xd6, 0xb5, 0xf7, 0xb5, 0xd6, 0xbd, 0xd6, 0xbd, 0xf7, 0xb5, 0xd6, 0xb5, 0xb6, 0xad, 0xd5, 0xb6, 0x16, 0xbe, 0x97, 0xc7, 0x19, 0xcf, 0x79, 0xcf, 0x99, 0xcf, 0xb9, 0xd7, 0xda, 0xcf, 0x99, 0xcf, 0x79, 0xc7, 0x38, 0xbe, 0xd7, 0xb6, 0x76, 0xb6, 0x36, 0xb6, 0x16, 0xb5, 0xd6, 0xb5, 0xb6, 0xb5, 0x96, 0xb5, 0xb6, 0xbd, 0xd7, 0xb5, 0xf6, 0xad, 0xd5, 0xb6, 0x16, 0xbe, 0xd7, 0xcf, 0xd9, 0xcf, 0xf9, 0xc7, 0xf9, 0xc7, 0xd8, 
  0xc7, 0xf8, 0xc7, 0xf9, 0xc7, 0xd8, 0xd7, 0xfa, 0xc7, 0x38, 0xae, 0x15, 0xad, 0xd5, 0xb5, 0xb5, 0xbd, 0xd7, 0xb5, 0xb6, 0xb5, 0xb6, 0xbd, 0xd6, 0xb5, 0xd6, 0xad, 0xd5, 0xad, 0xd5, 0xad, 0xf5, 0xae, 0x15, 0xae, 0x35, 0xae, 0x35, 0xb6, 0x55, 0xb6, 0x56, 0xb6, 0x56, 0xae, 0x35, 0xae, 0x15, 0xad, 0xf5, 0xad, 0xf5, 0xb5, 0xd6, 0xb5, 0xf6, 0xbd, 0xd7, 0xbd, 0xb6, 0xbd, 0xb6, 0xb5, 0xb6, 0xb5, 0xd6, 0xa5, 0xb4, 0xb6, 0x76, 0xd7, 0x9a, 0xd7, 0xda, 0xcf, 0xd9, 0xc7, 0xf8, 0xc7, 0xf8, 0xc7, 0xf8, 0xc7, 0xf7, 0xcf, 0xf8, 0xcf, 0xf9, 0xc7, 0xd8, 0xcf, 0xd9, 0xd7, 0xfa, 0xd7, 0x9a, 0xbe, 0xb7, 0xb5, 0xf6, 0xb5, 0xf6, 0xb5, 0xf6, 0xb5, 0xd6, 0xbd, 0xd6, 0xbd, 0xd6, 0xb5, 0xd6, 0xbd, 0xf7, 0xad, 0xb5, 0xad, 0xb5, 0xb5, 0xf6, 0xb6, 0x36, 0xae, 0x15, 0xae, 0x15, 0xb6, 0x36, 0xae, 0x35, 0xae, 0x36, 0xae, 0x15, 0xad, 0xf5, 0xad, 0xd5, 0xad, 0xb5, 0xb5, 0xd6, 0xb5, 0xd6, 0xb5, 0xb6, 0xbd, 0xd7, 0xb5, 0xd6, 0xb5, 0xd6, 0xb5, 0xf6, 0xad, 0xf5, 0xbe, 0x97, 0xdf, 0xdb, 0xcf, 0xd9, 0xc7, 0xf8, 0xc7, 0xf8, 0xc7, 0xf8, 
  0xc7, 0xf8, 0xbf, 0xd7, 0xc7, 0xf8, 0xcf, 0xf9, 0xcf, 0xb9, 0xc7, 0x18, 0xae, 0x15, 0xb5, 0xf5, 0xb5, 0xd6, 0xb5, 0xd6, 0xbd, 0xd6, 0xbd, 0xd7, 0xbd, 0xd7, 0xbd, 0xf7, 0xbd, 0xd6, 0xb5, 0xb6, 0xb5, 0xd6, 0xb5, 0xd6, 0xb5, 0xd6, 0xb5, 0xf6, 0xb5, 0xf6, 0xb5, 0xf6, 0xb5, 0xf6, 0xb5, 0xd6, 0xb5, 0xd6, 0xb5, 0xd6, 0xbd, 0xd6, 0xb5, 0xd6, 0xbd, 0xd7, 0xbd, 0xd7, 0xbd, 0xd7, 0xb5, 0xb6, 0xad, 0xf5, 0xb6, 0x96, 0xcf, 0x79, 0xd7, 0xda, 0xcf, 0xb8, 0xcf, 0xf9, 0xcf, 0xf9, 0xbf, 0xd7, 0xc7, 0xf8, 0xc7, 0xf7, 0xc7, 0xf7, 0xc7, 0xf8, 0xcf, 0xf8, 0xc7, 0xd8, 0xcf, 0xd9, 0xd7, 0xfa, 0xd7, 0x9a, 0xbe, 0xb7, 0xb6, 0x36, 0xad, 0xf5, 0xb5, 0xd5, 0xbd, 0xf6, 0xbd, 0xd6, 0xb5, 0xb6, 0xb5, 0xb6, 0xbd, 0xd7, 0xbd, 0xf7, 0xb5, 0xd7, 0xb5, 0xd6, 0xbd, 0xd7, 0xbd, 0xf7, 0xb5, 0xf7, 0xb5, 0xd6, 0xb5, 0xd6, 0xb5, 0xf7, 0xb5, 0xf7, 0xbd, 0xf7, 0xbd, 0xf7, 0xbd, 0xd7, 0xbd, 0xd7, 0xbd, 0xd7, 0xb5, 0xd6, 0xb5, 0xf6, 0xb5, 0xf6, 0xad, 0xf5, 0xbe, 0xd7, 0xd7, 0xba, 0xd7, 0xda, 0xcf, 0xf9, 0xc7, 0xf8, 0xc7, 0xf8, 0xc7, 0xf8, 
  0xbf, 0xf8, 0xbf, 0xf8, 0xc7, 0xf8, 0xc7, 0xf8, 0xcf, 0xf9, 0xd7, 0xda, 0xc7, 0x18, 0xb6, 0x76, 0xb6, 0x16, 0xb5, 0xd6, 0xb5, 0xd6, 0xbd, 0xd6, 0xbd, 0xd7, 0xbd, 0xb6, 0xbd, 0xb6, 0xbd, 0xd7, 0xbd, 0xb6, 0xb5, 0xb6, 0xb5, 0xb6, 0xb5, 0xb6, 0xbd, 0xb6, 0xbd, 0xb6, 0xb5, 0xb6, 0xb5, 0xb6, 0xbd, 0xd7, 0xb5, 0xb6, 0xb5, 0xb6, 0xb5, 0xb6, 0xb5, 0xd6, 0xb5, 0xd6, 0xbd, 0xd6, 0xb6, 0x16, 0xbe, 0xd7, 0xcf, 0xb9, 0xd7, 0xfa, 0xcf, 0xb8, 0xcf, 0xf9, 0xcf, 0xf8, 0xc7, 0xf8, 0xc7, 0xf8, 0xc7, 0xf7, 0xc7, 0xf8, 0xc7, 0xf8, 0xc7, 0xf8, 0xcf, 0xf8, 0xcf, 0xf8, 0xc7, 0xd8, 0xcf, 0xd8, 0xd7, 0xfa, 0xd7, 0x99, 0xcf, 0x38, 0xb6, 0x76, 0xad, 0xf4, 0xb5, 0xf5, 0xb5, 0xd6, 0xb5, 0xd6, 0xbd, 0xd7, 0xbd, 0xd7, 0xb5, 0xb7, 0xbd, 0xb7, 0xbd, 0xb7, 0xbd, 0xb7, 0xbd, 0x97, 0xb5, 0x96, 0xbd, 0xd7, 0xbd, 0xb7, 0xb5, 0xb7, 0xb5, 0xb6, 0xb5, 0xb6, 0xb5, 0xb6, 0xb5, 0xd6, 0xb5, 0xd6, 0xb5, 0xd6, 0xad, 0xb5, 0xad, 0xd5, 0xb6, 0x36, 0xbe, 0xf7, 0xcf, 0xba, 0xd7, 0xfa, 0xc7, 0xd8, 0xcf, 0xf8, 0xc7, 0xf8, 0xc7, 0xf8, 0xc7, 0xf8, 
  0xbf, 0xf7, 0xc7, 0xf8, 0xbf, 0xf7, 0xc7, 0xf8, 0xcf, 0xf9, 0xcf, 0xf9, 0xd7, 0xfa, 0xc7, 0x38, 0xbe, 0x97, 0xae, 0x15, 0xad, 0xd5, 0xb5, 0xf6, 0xbd, 0xd6, 0xb5, 0xb6, 0xbd, 0xb6, 0xc5, 0xf7, 0xbd, 0xb6, 0xbd, 0xb6, 0xbd, 0xb7, 0xbd, 0xb7, 0xbd, 0xd7, 0xbd, 0xd7, 0xbd, 0xb7, 0xbd, 0xb7, 0xb5, 0xb6, 0xbd, 0xd6, 0xbe, 0x17, 0xbe, 0x17, 0xad, 0xd5, 0xad, 0xb4, 0xb6, 0x36, 0xce, 0xf8, 0xd7, 0xda, 0xd7, 0xf9, 0xcf, 0xf8, 0xcf, 0xf8, 0xcf, 0xf9, 0xc7, 0xf8, 0xbf, 0xd7, 0xcf, 0xf8, 0xbf, 0xf7, 0xc7, 0xf8, 0xc7, 0xf8, 0xc7, 0xf8, 0xc7, 0xf8, 0xc7, 0xf8, 0xc7, 0xf8, 0xc7, 0xf8, 0xcf, 0xd8, 0xcf, 0xd9, 0xd7, 0xb9, 0xc7, 0x38, 0xbe, 0xb6, 0xb6, 0x35, 0xad, 0xd5, 0xb5, 0xd6, 0xbe, 0x17, 0xb5, 0xb6, 0xb5, 0x96, 0xbd, 0xd7, 0xbd, 0xd8, 0xbd, 0xb7, 0xbd, 0xb7, 0xbd, 0xb7, 0xbd, 0xb7, 0xbd, 0xb7, 0xbd, 0xd7, 0xbd, 0xf7, 0xbd, 0xf7, 0xbd, 0xf6, 0xb5, 0xd6, 0xb5, 0xd6, 0xb5, 0xf6, 0xb6, 0x36, 0xb6, 0x56, 0xc6, 0xf8, 0xd7, 0xda, 0xd7, 0xfa, 0xc7, 0xd8, 0xcf, 0xf8, 0xc7, 0xf8, 0xc7, 0xf8, 0xc7, 0xf8, 0xc7, 0xf8, 
  0xc7, 0xf8, 0xbf, 0xf7, 0xc7, 0xf8, 0xc7, 0xf8, 0xc7, 0xf8, 0xcf, 0xf9, 0xc7, 0xd9, 0xd7, 0xfa, 0xd7, 0xba, 0xcf, 0x39, 0xbe, 0x77, 0xad, 0xf5, 0xad, 0xd5, 0xb5, 0xf6, 0xbd, 0xf6, 0xb5, 0xb6, 0xb5, 0xb6, 0xb5, 0xb6, 0xbd, 0xd6, 0xbd, 0xd7, 0xbd, 0xd7, 0xbd, 0xd7, 0xbd, 0xd6, 0xb5, 0xb6, 0xb5, 0xd6, 0xb5, 0xd6, 0xad, 0xd5, 0xad, 0xd5, 0xb6, 0x56, 0xcf, 0x19, 0xdf, 0x9a, 0xd7, 0xda, 0xcf, 0xf9, 0xc7, 0xd8, 0xc7, 0xf8, 0xcf, 0xf9, 0xc7, 0xf8, 0xc7, 0xf8, 0xcf, 0xf9, 0xc7, 0xf8, 0xcf, 0xf8, 0xc7, 0xf8, 0xc7, 0xf8, 0xc7, 0xf8, 0xc7, 0xf8, 0xc7, 0xf8, 0xc7, 0xf8, 0xc7, 0xf8, 0xcf, 0xf8, 0xc7, 0xd8, 0xcf, 0xd8, 0xd7, 0xfa, 0xdf, 0xfa, 0xcf, 0x38, 0xb6, 0x55, 0xb6, 0x36, 0xa5, 0xb5, 0xb5, 0xf6, 0xb6, 0x17, 0xb5, 0xd6, 0xb5, 0x96, 0xb5, 0xb7, 0xbd, 0xd7, 0xbd, 0xb7, 0xbd, 0xd7, 0xb5, 0xd7, 0xb5, 0xd6, 0xb5, 0xd6, 0xb5, 0xd6, 0xad, 0xd5, 0xad, 0xf5, 0xad, 0xf5, 0xbe, 0x76, 0xc6, 0xd8, 0xd7, 0x9a, 0xd7, 0xfa, 0xcf, 0xd9, 0xc7, 0xf8, 0xc7, 0xf8, 0xc7, 0xf8, 0xc7, 0xf8, 0xc7, 0xf8, 0xc7, 0xf8, 0xc7, 0xf8, 
  0xc7, 0xf8, 0xc7, 0xf8, 0xc7, 0xf8, 0xc7, 0xf8, 0xc7, 0xf8, 0xc7, 0xf8, 0xc7, 0xf8, 0xcf, 0xf9, 0xcf, 0xd9, 0xd7, 0xda, 0xd7, 0xba, 0xcf, 0x59, 0xbe, 0xd7, 0xb6, 0x36, 0xad, 0xf5, 0xad, 0xd5, 0xb5, 0xf5, 0xb5, 0xf5, 0xad, 0xd5, 0xad, 0xb5, 0xad, 0xb5, 0xad, 0xd5, 0xb5, 0xf5, 0xb5, 0xf6, 0xb6, 0x15, 0xb6, 0x36, 0xb6, 0x76, 0xc7, 0x18, 0xcf, 0x99, 0xd7, 0xda, 0xcf, 0xd9, 0xcf, 0xb8, 0xc7, 0xf8, 0xc7, 0xf8, 0xc7, 0xf8, 0xc7, 0xf8, 0xc7, 0xf8, 0xc7, 0xf8, 0xc7, 0xf8, 0xc7, 0xf8, 0xc7, 0xf8, 0xc7, 0xf8, 0xc7, 0xf8, 0xc7, 0xf8, 0xc7, 0xf8, 0xc7, 0xf8, 0xc7, 0xf8, 0xc7, 0xf8, 0xbf, 0xf7, 0xc7, 0xf8, 0xcf, 0xf8, 0xcf, 0xf8, 0xcf, 0xd9, 0xd7, 0xb9, 0xd7, 0x99, 0xcf, 0x79, 0xb6, 0x96, 0xae, 0x56, 0xae, 0x15, 0xad, 0xf5, 0xad, 0xd5, 0xad, 0xd5, 0xad, 0xd5, 0xb5, 0xd5, 0xad, 0xb5, 0xad, 0xd5, 0xad, 0xf5, 0xad, 0xf5, 0xa5, 0xf4, 0xae, 0x35, 0xbe, 0xb7, 0xc7, 0x18, 0xd7, 0x9a, 0xd7, 0xba, 0xcf, 0xd9, 0xcf, 0xd9, 0xc7, 0xf8, 0xc7, 0xf8, 0xc7, 0xf7, 0xc7, 0xf8, 0xc7, 0xf8, 0xc7, 0xf8, 0xc7, 0xf8, 0xc7, 0xf8, 
  0xc7, 0xf8, 0xc7, 0xf8, 0xc7, 0xf8, 0xc7, 0xf8, 0xc7, 0xf8, 0xc7, 0xf8, 0xc7, 0xf8, 0xc7, 0xf8, 0xcf, 0xf8, 0xcf, 0xf9, 0xcf, 0xf9, 0xcf, 0xda, 0xcf, 0xba, 0xcf, 0x99, 0xcf, 0x79, 0xcf, 0x59, 0xbe, 0x97, 0xbe, 0x97, 0xbe, 0x97, 0xbe, 0x96, 0xbe, 0x77, 0xbe, 0x97, 0xbe, 0x97, 0xbe, 0xb7, 0xcf, 0x39, 0xcf, 0x79, 0xcf, 0xb9, 0xd7, 0xda, 0xcf, 0xf9, 0xcf, 0xf9, 0xcf, 0xf8, 0xcf, 0xf8, 0xc7, 0xf8, 0xc7, 0xf8, 0xc7, 0xf8, 0xc7, 0xf8, 0xc7, 0xf8, 0xc7, 0xf8, 0xc7, 0xf8, 0xc7, 0xf8, 0xc7, 0xf8, 0xc7, 0xf8, 0xc7, 0xf8, 0xc7, 0xf8, 0xc7, 0xf8, 0xc7, 0xf8, 0xc7, 0xf8, 0xc7, 0xf8, 0xbf, 0xf7, 0xc7, 0xf8, 0xc7, 0xf8, 0xc7, 0xf8, 0xc7, 0xf8, 0xcf, 0xf9, 0xcf, 0xd9, 0xcf, 0xb9, 0xcf, 0xba, 0xcf, 0x79, 0xc7, 0x38, 0xbe, 0xf8, 0xbe, 0xd7, 0xb6, 0x96, 0xb6, 0x76, 0xb6, 0x56, 0xb6, 0x76, 0xb6, 0x76, 0xb6, 0x96, 0xc6, 0xf7, 0xcf, 0x79, 0xd7, 0xda, 0xd7, 0xda, 0xd7, 0xb9, 0xcf, 0xb9, 0xcf, 0xd9, 0xcf, 0xd9, 0xcf, 0xf8, 0xc7, 0xf8, 0xc7, 0xf8, 0xc7, 0xf7, 0xc7, 0xf7, 0xc7, 0xf8, 0xc7, 0xf8, 0xc7, 0xf8, 0xc7, 0xf8, 
  0xcf, 0xf8, 0xcf, 0xf8, 0xcf, 0xf8, 0xc7, 0xf8, 0xc7, 0xf8, 0xc7, 0xf8, 0xc7, 0xf8, 0xc7, 0xf8, 0xc7, 0xf8, 0xc7, 0xf8, 0xc7, 0xf8, 0xc7, 0xf9, 0xcf, 0xf9, 0xcf, 0xfa, 0xcf, 0xfa, 0xcf, 0xda, 0xd7, 0xfa, 0xd7, 0xda, 0xd7, 0xda, 0xd7, 0xda, 0xd7, 0xda, 0xd7, 0xda, 0xd7, 0xda, 0xd7, 0xfa, 0xcf, 0xb9, 0xcf, 0xf9, 0xcf, 0xf9, 0xcf, 0xf9, 0xc7, 0xf8, 0xbf, 0xd7, 0xbf, 0xf7, 0xc7, 0xf8, 0xc7, 0xf8, 0xc7, 0xf8, 0xc7, 0xf8, 0xc7, 0xf8, 0xc7, 0xf8, 0xc7, 0xf8, 0xc7, 0xf8, 0xc7, 0xf8, 0xc7, 0xf8, 0xc7, 0xf8, 0xc7, 0xf8, 0xc7, 0xf8, 0xc7, 0xf8, 0xc7, 0xf8, 0xc7, 0xf8, 0xc7, 0xf8, 0xbf, 0xf7, 0xc7, 0xf8, 0xc7, 0xf8, 0xc7, 0xf8, 0xc7, 0xf8, 0xcf, 0xf8, 0xcf, 0xf9, 0xcf, 0xf9, 0xcf, 0xf9, 0xcf, 0xf9, 0xcf, 0xf9, 0xcf, 0xfa, 0xd7, 0xfa, 0xd7, 0xfa, 0xd7, 0xfa, 0xd7, 0xfa, 0xd7, 0xfa, 0xd7, 0xda, 0xd7, 0xd9, 0xd7, 0xf9, 0xd7, 0xf9, 0xd7, 0xf9, 0xcf, 0xd9, 0xc7, 0xb8, 0xcf, 0xd8, 0xcf, 0xf8, 0xcf, 0xf8, 0xc7, 0xf8, 0xc7, 0xf8, 0xc7, 0xf7, 0xc7, 0xf7, 0xc7, 0xf8, 0xc7, 0xf8, 0xc7, 0xf8, 0xc7, 0xf8, 0xc7, 0xf8, 
  0xcf, 0xf8, 0xcf, 0xf8, 0xcf, 0xf8, 0xc7, 0xf8, 0xc7, 0xf8, 0xc7, 0xf8, 0xc7, 0xf8, 0xc7, 0xf8, 0xc7, 0xf8, 0xc7, 0xf8, 0xc7, 0xf8, 0xc7, 0xf8, 0xc7, 0xf8, 0xc7, 0xf8, 0xc7, 0xd8, 0xc7, 0xd8, 0xcf, 0xf9, 0xcf, 0xf9, 0xcf, 0xf9, 0xcf, 0xf9, 0xcf, 0xf9, 0xcf, 0xf9, 0xcf, 0xf9, 0xcf, 0xf9, 0xc7, 0xd8, 0xc7, 0xf8, 0xc7, 0xf8, 0xc7, 0xf8, 0xc7, 0xf8, 0xbf, 0xf8, 0xbf, 0xf7, 0xc7, 0xf8, 0xc7, 0xf8, 0xc7, 0xf8, 0xc7, 0xf8, 0xc7, 0xf8, 0xc7, 0xf8, 0xc7, 0xf8, 0xc7, 0xf8, 0xc7, 0xf8, 0xc7, 0xf8, 0xc7, 0xf8, 0xc7, 0xf8, 0xc7, 0xf8, 0xc7, 0xf8, 0xc7, 0xf8, 0xc7, 0xf8, 0xc7, 0xf8, 0xbf, 0xf8, 0xc7, 0xf8, 0xc7, 0xf8, 0xc7, 0xf8, 0xc7, 0xf8, 0xc7, 0xf8, 0xc7, 0xf9, 0xc7, 0xf9, 0xc7, 0xf8, 0xc7, 0xf8, 0xc7, 0xf8, 0xc7, 0xf8, 0xc7, 0xf8, 0xc7, 0xd8, 0xc7, 0xd8, 0xc7, 0xb8, 0xcf, 0xd9, 0xcf, 0xf9, 0xcf, 0xf9, 0xcf, 0xf9, 0xc7, 0xf8, 0xc7, 0xf8, 0xcf, 0xf8, 0xcf, 0xf9, 0xc7, 0xf8, 0xc7, 0xf8, 0xc7, 0xf8, 0xc7, 0xf8, 0xc7, 0xf8, 0xc7, 0xf8, 0xc7, 0xf7, 0xc7, 0xf8, 0xc7, 0xf8, 0xc7, 0xf8, 0xc7, 0xf8, 0xc7, 0xf8, 
  0xcf, 0xf8, 0xcf, 0xf8, 0xc7, 0xf8, 0xc7, 0xf8, 0xc7, 0xf8, 0xc7, 0xf8, 0xc7, 0xf8, 0xc7, 0xf8, 0xc7, 0xf8, 0xc7, 0xf8, 0xc7, 0xf8, 0xc7, 0xf8, 0xc7, 0xf8, 0xc7, 0xf8, 0xc7, 0xf8, 0xc7, 0xf9, 0xc7, 0xf8, 0xc7, 0xf8, 0xc7, 0xf8, 0xc7, 0xf8, 0xc7, 0xf8, 0xc7, 0xf8, 0xc7, 0xf8, 0xc7, 0xf8, 0xcf, 0xf9, 0xc7, 0xf8, 0xc7, 0xf8, 0xc7, 0xf8, 0xc7, 0xf8, 0xc7, 0xf8, 0xc7, 0xf8, 0xc7, 0xf8, 0xc7, 0xf8, 0xc7, 0xf8, 0xc7, 0xf8, 0xc7, 0xf8, 0xc7, 0xf8, 0xc7, 0xf8, 0xc7, 0xf8, 0xc7, 0xf8, 0xc7, 0xf8, 0xc7, 0xf8, 0xc7, 0xf8, 0xc7, 0xf8, 0xc7, 0xf8, 0xc7, 0xf8, 0xc7, 0xf8, 0xc7, 0xf8, 0xc7, 0xf8, 0xc7, 0xf8, 0xc7, 0xf8, 0xc7, 0xf8, 0xc7, 0xf8, 0xc7, 0xf8, 0xc7, 0xf8, 0xc7, 0xf8, 0xc7, 0xf8, 0xc7, 0xf8, 0xc7, 0xf8, 0xc7, 0xf8, 0xc7, 0xf8, 0xcf, 0xf8, 0xcf, 0xf8, 0xcf, 0xf9, 0xcf, 0xf9, 0xc7, 0xf9, 0xc7, 0xf8, 0xc7, 0xf8, 0xc7, 0xf8, 0xc7, 0xf8, 0xc7, 0xf8, 0xbf, 0xf7, 0xc7, 0xf8, 0xc7, 0xf8, 0xc7, 0xf8, 0xc7, 0xf8, 0xc7, 0xf8, 0xc7, 0xf8, 0xc7, 0xf7, 0xc7, 0xf8, 0xc7, 0xf8, 0xc7, 0xf8, 0xc7, 0xf8, 0xc7, 0xf8, 
  0xc7, 0xf8, 0xc7, 0xf8, 0xc7, 0xf8, 0xc7, 0xf8, 0xc7, 0xf8, 0xc7, 0xf8, 0xc7, 0xf8, 0xc7, 0xf8, 0xc7, 0xf7, 0xc7, 0xf7, 0xc7, 0xf8, 0xc7, 0xf8, 0xc7, 0xf8, 0xc7, 0xf8, 0xc7, 0xf8, 0xc7, 0xf8, 0xc7, 0xf8, 0xc7, 0xf8, 0xc7, 0xf8, 0xc7, 0xf8, 0xc7, 0xf8, 0xc7, 0xf8, 0xc7, 0xf8, 0xc7, 0xf8, 0xc7, 0xf8, 0xc7, 0xf8, 0xc7, 0xf8, 0xc7, 0xf8, 0xc7, 0xf8, 0xc7, 0xf8, 0xc7, 0xf8, 0xc7, 0xf8, 0xc7, 0xf8, 0xc7, 0xf8, 0xc7, 0xf8, 0xc7, 0xf8, 0xc7, 0xf8, 0xc7, 0xf8, 0xc7, 0xf8, 0xc7, 0xf8, 0xc7, 0xf8, 0xc7, 0xf8, 0xc7, 0xf8, 0xc7, 0xf8, 0xc7, 0xf8, 0xc7, 0xf8, 0xc7, 0xf8, 0xc7, 0xf8, 0xc7, 0xf8, 0xc7, 0xf8, 0xc7, 0xf8, 0xc7, 0xf8, 0xc7, 0xf8, 0xc7, 0xf8, 0xc7, 0xf8, 0xc7, 0xf8, 0xc7, 0xf8, 0xc7, 0xf8, 0xc7, 0xf8, 0xc7, 0xf8, 0xc7, 0xf8, 0xc7, 0xf8, 0xc7, 0xf8, 0xc7, 0xf8, 0xc7, 0xf8, 0xc7, 0xf8, 0xc7, 0xf8, 0xc7, 0xf8, 0xc7, 0xf8, 0xc7, 0xf8, 0xc7, 0xf8, 0xc7, 0xf8, 0xc7, 0xf8, 0xc7, 0xf8, 0xc7, 0xf8, 0xc7, 0xf8, 0xc7, 0xf8, 0xc7, 0xf8, 0xc7, 0xf8, 0xc7, 0xf8, 0xc7, 0xf8, 0xc7, 0xf8, 0xc7, 0xf8, 0xc7, 0xf8, 
  0xc7, 0xf8, 0xc7, 0xf8, 0xc7, 0xf8, 0xc7, 0xf8, 0xc7, 0xf8, 0xc7, 0xf8, 0xc7, 0xf8, 0xc7, 0xf8, 0xc7, 0xf8, 0xc7, 0xf8, 0xc7, 0xf8, 0xc7, 0xf8, 0xc7, 0xf8, 0xc7, 0xf8, 0xc7, 0xf8, 0xc7, 0xf8, 0xc7, 0xf8, 0xc7, 0xf8, 0xc7, 0xf8, 0xc7, 0xf8, 0xc7, 0xf8, 0xc7, 0xf8, 0xc7, 0xf8, 0xc7, 0xf8, 0xc7, 0xf8, 0xc7, 0xf8, 0xc7, 0xf8, 0xcf, 0xf8, 0xc7, 0xf8, 0xc7, 0xf8, 0xc7, 0xf9, 0xc7, 0xf9, 0xc7, 0xf8, 0xc7, 0xf8, 0xc7, 0xf8, 0xc7, 0xf8, 0xc7, 0xf8, 0xc7, 0xf8, 0xc7, 0xf8, 0xc7, 0xf8, 0xc7, 0xf8, 0xc7, 0xf8, 0xc7, 0xf8, 0xc7, 0xf8, 0xc7, 0xf8, 0xc7, 0xf8, 0xc7, 0xf8, 0xc7, 0xf8, 0xc7, 0xf8, 0xc7, 0xf8, 0xc7, 0xf8, 0xc7, 0xf8, 0xc7, 0xf8, 0xc7, 0xf8, 0xc7, 0xf8, 0xc7, 0xf8, 0xc7, 0xf8, 0xc7, 0xf8, 0xc7, 0xf8, 0xc7, 0xf8, 0xc7, 0xf8, 0xc7, 0xf8, 0xc7, 0xf8, 0xc7, 0xf8, 0xc7, 0xf9, 0xc7, 0xf9, 0xc7, 0xf9, 0xc7, 0xf8, 0xbf, 0xf7, 0xbf, 0xf7, 0xbf, 0xf8, 0xc7, 0xf8, 0xc7, 0xf8, 0xc7, 0xf8, 0xc7, 0xf8, 0xc7, 0xf8, 0xc7, 0xf8, 0xc7, 0xf8, 0xc7, 0xf8, 0xc7, 0xf8, 0xc7, 0xf8, 0xc7, 0xf8, 0xc7, 0xf8, 0xc7, 0xf8, 
  0xc7, 0xf8, 0xc7, 0xf8, 0xc7, 0xf8, 0xc7, 0xf8, 0xc7, 0xf8, 0xc7, 0xf8, 0xc7, 0xf8, 0xc7, 0xf9, 0xc7, 0xf8, 0xc7, 0xf8, 0xc7, 0xf8, 0xc7, 0xf8, 0xc7, 0xf8, 0xc7, 0xf8, 0xc7, 0xf8, 0xc7, 0xf8, 0xc7, 0xf8, 0xc7, 0xf8, 0xc7, 0xf8, 0xc7, 0xf8, 0xc7, 0xf8, 0xc7, 0xf8, 0xc7, 0xf8, 0xc7, 0xf8, 0xc7, 0xf8, 0xc7, 0xf8, 0xc7, 0xf8, 0xc7, 0xf8, 0xcf, 0xf9, 0xcf, 0xf9, 0xcf, 0xf9, 0xc7, 0xf8, 0xc7, 0xf8, 0xc7, 0xf8, 0xc7, 0xf8, 0xc7, 0xf8, 0xc7, 0xf8, 0xc7, 0xf8, 0xc7, 0xf8, 0xc7, 0xf8, 0xc7, 0xf8, 0xc7, 0xf8, 0xc7, 0xf8, 0xc7, 0xf8, 0xc7, 0xf8, 0xc7, 0xf8, 0xc7, 0xf8, 0xc7, 0xf8, 0xc7, 0xf8, 0xc7, 0xf8, 0xc7, 0xf8, 0xc7, 0xf8, 0xc7, 0xf8, 0xc7, 0xf8, 0xc7, 0xf8, 0xc7, 0xf8, 0xc7, 0xf8, 0xc7, 0xf8, 0xc7, 0xf8, 0xc7, 0xf8, 0xc7, 0xf8, 0xc7, 0xf8, 0xc7, 0xf8, 0xc7, 0xf8, 0xc7, 0xf8, 0xc7, 0xf8, 0xc7, 0xf8, 0xc7, 0xf8, 0xc7, 0xf8, 0xc7, 0xf8, 0xc7, 0xf8, 0xc7, 0xf8, 0xc7, 0xf8, 0xc7, 0xf8, 0xc7, 0xf8, 0xc7, 0xf8, 0xc7, 0xf8, 0xc7, 0xf8, 0xc7, 0xf8, 0xc7, 0xf8, 0xc7, 0xf8, 0xc7, 0xf8, 0xc7, 0xf8, 0xc7, 0xf8, 
  0xc7, 0xf7, 0xc7, 0xf8, 0xc7, 0xf8, 0xcf, 0xf9, 0xc7, 0xd9, 0xcf, 0xf9, 0xc7, 0xf9, 0xc7, 0xf9, 0xc7, 0xf9, 0xc7, 0xf9, 0xbf, 0xf8, 0xbf, 0xf8, 0xc7, 0xf8, 0xc7, 0xf8, 0xc7, 0xf8, 0xc7, 0xf8, 0xc7, 0xf8, 0xc7, 0xf8, 0xc7, 0xf8, 0xc7, 0xf8, 0xc7, 0xf8, 0xc7, 0xf8, 0xc7, 0xf8, 0xc7, 0xf8, 0xc7, 0xf8, 0xc7, 0xf8, 0xc7, 0xf8, 0xc7, 0xf8, 0xc7, 0xf8, 0xc7, 0xf8, 0xc7, 0xf8, 0xc7, 0xf8, 0xc7, 0xf8, 0xc7, 0xf8, 0xc7, 0xf8, 0xc7, 0xf8, 0xc7, 0xf8, 0xbf, 0xf8, 0xc7, 0xf8, 0xc7, 0xf8, 0xcf, 0xf9, 0xc7, 0xd9, 0xcf, 0xf9, 0xc7, 0xb8, 0xcf, 0xf9, 0xc7, 0xd8, 0xcf, 0xf9, 0xbf, 0xd7, 0xc7, 0xf8, 0xc7, 0xf8, 0xc7, 0xf8, 0xc7, 0xf8, 0xc7, 0xf8, 0xc7, 0xf8, 0xc7, 0xf8, 0xc7, 0xf8, 0xc7, 0xf8, 0xc7, 0xf8, 0xc7, 0xf8, 0xc7, 0xf8, 0xc7, 0xf8, 0xc7, 0xf8, 0xc7, 0xf8, 0xc7, 0xf8, 0xc7, 0xf8, 0xc7, 0xf8, 0xc7, 0xf8, 0xc7, 0xf8, 0xc7, 0xf8, 0xc7, 0xf8, 0xc7, 0xf8, 0xc7, 0xf8, 0xc7, 0xf7, 0xc7, 0xf8, 0xc7, 0xf8, 0xcf, 0xf9, 0xc7, 0xd8, 0xcf, 0xf8, 0xcf, 0xd9, 0xcf, 0xf9, 0xc7, 0xf8, 0xc7, 0xf8, 0xc7, 0xf8, 0xc7, 0xf8, 
  0xc7, 0xf8, 0xc7, 0xf7, 0xc7, 0xd8, 0xc7, 0xd8, 0xd7, 0xfa, 0xcf, 0xda, 0xd7, 0xfb, 0xcf, 0xfa, 0xcf, 0xfa, 0xc7, 0xf9, 0xc7, 0xf8, 0xc7, 0xf8, 0xc7, 0xf8, 0xc7, 0xf8, 0xc7, 0xf8, 0xc7, 0xf8, 0xc7, 0xf8, 0xc7, 0xf8, 0xc7, 0xf8, 0xc7, 0xf8, 0xc7, 0xf8, 0xc7, 0xf8, 0xc7, 0xf8, 0xc7, 0xf8, 0xc7, 0xf8, 0xc7, 0xf8, 0xc7, 0xf8, 0xc7, 0xf8, 0xc7, 0xf8, 0xc7, 0xf8, 0xc7, 0xf8, 0xc7, 0xf8, 0xc7, 0xf8, 0xc7, 0xf8, 0xc7, 0xf8, 0xc7, 0xf8, 0xc7, 0xf8, 0xc7, 0xf8, 0xcf, 0xf9, 0xcf, 0xfa, 0xcf, 0xfa, 0xcf, 0xda, 0xcf, 0xda, 0xd7, 0xfa, 0xcf, 0xd9, 0xcf, 0xf8, 0xcf, 0xf8, 0xc7, 0xf8, 0xc7, 0xf8, 0xc7, 0xf8, 0xc7, 0xf8, 0xc7, 0xf8, 0xc7, 0xf8, 0xc7, 0xf8, 0xc7, 0xf8, 0xc7, 0xf8, 0xc7, 0xf8, 0xc7, 0xf8, 0xc7, 0xf8, 0xc7, 0xf8, 0xc7, 0xf8, 0xc7, 0xf8, 0xc7, 0xf8, 0xc7, 0xf8, 0xc7, 0xf8, 0xc7, 0xf8, 0xc7, 0xf8, 0xc7, 0xf8, 0xc7, 0xf8, 0xc7, 0xf8, 0xc7, 0xf8, 0xc7, 0xf8, 0xc7, 0xf8, 0xc7, 0xf7, 0xc7, 0xf8, 0xc7, 0xd8, 0xcf, 0xf9, 0xd7, 0xf9, 0xdf, 0xfb, 0xd7, 0xda, 0xcf, 0xfa, 0xc7, 0xf9, 0xc7, 0xf8, 0xc7, 0xf8, 
  0xc7, 0xf8, 0xc7, 0xf8, 0xcf, 0xf9, 0xcf, 0xf9, 0xd7, 0xda, 0xc7, 0x38, 0xc7, 0x18, 0xc7, 0x38, 0xc7, 0x79, 0xcf, 0xb9, 0xcf, 0xf9, 0xc7, 0xf8, 0xc7, 0xf8, 0xc7, 0xf8, 0xc7, 0xf8, 0xc7, 0xf8, 0xc7, 0xf8, 0xc7, 0xf8, 0xc7, 0xf8, 0xc7, 0xf8, 0xc7, 0xf8, 0xc7, 0xf8, 0xc7, 0xf8, 0xc7, 0xf8, 0xc7, 0xf8, 0xc7, 0xf8, 0xc7, 0xf8, 0xc7, 0xf8, 0xc7, 0xf8, 0xc7, 0xf8, 0xc7, 0xf8, 0xc7, 0xf8, 0xc7, 0xf8, 0xc7, 0xf8, 0xc7, 0xf8, 0xc7, 0xf8, 0xc7, 0xf8, 0xcf, 0xf9, 0xcf, 0xd9, 0xcf, 0x99, 0xc7, 0x38, 0xc7, 0x38, 0xc7, 0x38, 0xd7, 0xba, 0xd7, 0xfa, 0xcf, 0xf9, 0xc7, 0xf8, 0xc7, 0xf8, 0xc7, 0xf8, 0xc7, 0xf8, 0xc7, 0xf8, 0xc7, 0xf8, 0xc7, 0xf8, 0xc7, 0xf8, 0xc7, 0xf8, 0xc7, 0xf8, 0xc7, 0xf8, 0xc7, 0xf8, 0xc7, 0xf8, 0xc7, 0xf8, 0xc7, 0xf8, 0xc7, 0xf8, 0xc7, 0xf8, 0xc7, 0xf8, 0xc7, 0xf8, 0xc7, 0xf8, 0xc7, 0xf8, 0xc7, 0xf8, 0xc7, 0xf8, 0xc7, 0xf8, 0xc7, 0xf8, 0xc7, 0xf8, 0xc7, 0xf8, 0xc7, 0xd7, 0xcf, 0xf9, 0xcf, 0xd9, 0xcf, 0xb9, 0xc7, 0x58, 0xc7, 0x18, 0xbe, 0xf7, 0xc7, 0x79, 0xc7, 0xb9, 0xcf, 0xf9, 0xcf, 0xf9, 
  0xbf, 0xf7, 0xc7, 0xf8, 0xcf, 0xf9, 0xcf, 0x99, 0xbe, 0xb7, 0xae, 0x15, 0xa5, 0xd4, 0xa5, 0xf4, 0xae, 0x75, 0xbf, 0x17, 0xd7, 0xd9, 0xcf, 0xf9, 0xc7, 0xd8, 0xc7, 0xf8, 0xc7, 0xf8, 0xc7, 0xf8, 0xc7, 0xf8, 0xc7, 0xf8, 0xc7, 0xf8, 0xc7, 0xf8, 0xc7, 0xf8, 0xc7, 0xf8, 0xc7, 0xf8, 0xc7, 0xf8, 0xc7, 0xf8, 0xc7, 0xf8, 0xc7, 0xf8, 0xc7, 0xf8, 0xc7, 0xf8, 0xc7, 0xf8, 0xc7, 0xf8, 0xc7, 0xf8, 0xc7, 0xf8, 0xc7, 0xf8, 0xc7, 0xf8, 0xc7, 0xd8, 0xcf, 0xf9, 0xd7, 0xf9, 0xc7, 0x38, 0xb6, 0x75, 0xa5, 0xd3, 0xa5, 0xb3, 0xad, 0xf4, 0xb6, 0x76, 0xcf, 0x99, 0xcf, 0xf9, 0xcf, 0xf8, 0xc7, 0xf8, 0xc7, 0xf8, 0xc7, 0xf8, 0xc7, 0xf8, 0xc7, 0xf8, 0xc7, 0xf8, 0xc7, 0xf8, 0xc7, 0xf8, 0xc7, 0xf8, 0xc7, 0xf8, 0xc7, 0xf8, 0xc7, 0xf8, 0xc7, 0xf8, 0xc7, 0xf8, 0xc7, 0xf8, 0xc7, 0xf8, 0xc7, 0xf8, 0xc7, 0xf8, 0xc7, 0xf8, 0xc7, 0xf8, 0xc7, 0xf8, 0xc7, 0xf8, 0xc7, 0xf8, 0xc7, 0xf8, 0xc7, 0xf8, 0xc7, 0xf8, 0xc7, 0xf8, 0xcf, 0xf9, 0xd7, 0xda, 0xbe, 0xf7, 0xae, 0x55, 0xa5, 0xd4, 0xae, 0x15, 0xae, 0x35, 0xbe, 0xf7, 0xd7, 0xda, 0xcf, 0xd9, 
  0xc7, 0xf8, 0xcf, 0xf9, 0xcf, 0xf9, 0xbf, 0x17, 0xae, 0x35, 0xad, 0xf5, 0xb5, 0xd5, 0xb6, 0x16, 0xad, 0xd4, 0xb6, 0x55, 0xcf, 0x78, 0xcf, 0xd9, 0xc7, 0xd8, 0xc7, 0xf9, 0xc7, 0xf8, 0xc7, 0xf8, 0xc7, 0xf8, 0xc7, 0xf8, 0xc7, 0xf8, 0xc7, 0xf8, 0xc7, 0xf8, 0xc7, 0xf8, 0xc7, 0xf8, 0xc7, 0xf8, 0xc7, 0xf8, 0xc7, 0xf8, 0xc7, 0xf8, 0xc7, 0xf8, 0xc7, 0xf8, 0xc7, 0xf8, 0xc7, 0xf8, 0xc7, 0xf8, 0xc7, 0xf8, 0xc7, 0xf8, 0xc7, 0xf8, 0xc7, 0xd8, 0xd7, 0xf9, 0xd7, 0x99, 0xb6, 0x76, 0xad, 0xd4, 0xbe, 0x36, 0xb5, 0xf6, 0xb5, 0xf5, 0xad, 0xf4, 0xbe, 0xf7, 0xcf, 0xb9, 0xc7, 0xf8, 0xc7, 0xf8, 0xc7, 0xf8, 0xc7, 0xf8, 0xc7, 0xf8, 0xc7, 0xf8, 0xc7, 0xf8, 0xc7, 0xf8, 0xc7, 0xf8, 0xc7, 0xf8, 0xc7, 0xf8, 0xc7, 0xf8, 0xc7, 0xf8, 0xc7, 0xf8, 0xc7, 0xf8, 0xc7, 0xf8, 0xc7, 0xf8, 0xc7, 0xf8, 0xc7, 0xf8, 0xc7, 0xf8, 0xc7, 0xf8, 0xc7, 0xf8, 0xc7, 0xf8, 0xc7, 0xf8, 0xc7, 0xf8, 0xc7, 0xf8, 0xc7, 0xf8, 0xcf, 0xf9, 0xcf, 0xd9, 0xc7, 0x38, 0xae, 0x35, 0xad, 0xf5, 0xad, 0xb5, 0xb6, 0x17, 0xa5, 0xd4, 0xae, 0x55, 0xcf, 0x59, 0xd7, 0xda, 
  0xc7, 0xf8, 0xc7, 0xd8, 0xcf, 0xd9, 0xae, 0x55, 0xad, 0xf5, 0xad, 0xb5, 0xbd, 0xf6, 0xb5, 0xd6, 0xb5, 0xf5, 0xad, 0xf4, 0xc6, 0xf7, 0xd7, 0xd9, 0xcf, 0xf9, 0xcf, 0xf9, 0xbf, 0xf8, 0xc7, 0xf8, 0xc7, 0xf8, 0xc7, 0xf8, 0xc7, 0xf8, 0xc7, 0xf8, 0xc7, 0xf8, 0xc7, 0xf8, 0xc7, 0xf8, 0xc7, 0xf8, 0xc7, 0xf8, 0xc7, 0xf8, 0xc7, 0xf8, 0xc7, 0xf8, 0xc7, 0xf8, 0xc7, 0xf8, 0xc7, 0xf8, 0xc7, 0xf8, 0xc7, 0xf8, 0xbf, 0xf8, 0xc7, 0xf8, 0xcf, 0xf9, 0xd7, 0xfa, 0xc7, 0x38, 0xae, 0x14, 0xb5, 0xd5, 0xb5, 0xb5, 0xb5, 0xd6, 0xad, 0xb5, 0xad, 0xd4, 0xae, 0x55, 0xcf, 0xb9, 0xc7, 0xd8, 0xcf, 0xf9, 0xc7, 0xf8, 0xc7, 0xf8, 0xc7, 0xf8, 0xc7, 0xf8, 0xc7, 0xf8, 0xc7, 0xf8, 0xc7, 0xf8, 0xc7, 0xf8, 0xc7, 0xf8, 0xc7, 0xf8, 0xc7, 0xf8, 0xc7, 0xf8, 0xc7, 0xf8, 0xc7, 0xf8, 0xc7, 0xf8, 0xc7, 0xf8, 0xc7, 0xf8, 0xc7, 0xf8, 0xc7, 0xf8, 0xc7, 0xf8, 0xc7, 0xf8, 0xc7, 0xf8, 0xc7, 0xf8, 0xc7, 0xf8, 0xc7, 0xf8, 0xcf, 0xf9, 0xd7, 0xda, 0xb6, 0x96, 0xad, 0xf5, 0xb5, 0xf6, 0xbd, 0xf7, 0xbd, 0xd7, 0xb6, 0x16, 0xa5, 0xf4, 0xbe, 0xd7, 0xdf, 0xdb, 
  0xc7, 0xf8, 0xc7, 0xf8, 0xd7, 0xfa, 0xae, 0x55, 0xb6, 0x36, 0xb5, 0xd6, 0xbd, 0xf7, 0xb5, 0xb6, 0xb5, 0xf6, 0xad, 0xd4, 0xc6, 0xf7, 0xd7, 0xd9, 0xcf, 0xf9, 0xcf, 0xf9, 0xbf, 0xf7, 0xc7, 0xf8, 0xc7, 0xf8, 0xc7, 0xf8, 0xc7, 0xf8, 0xc7, 0xf8, 0xc7, 0xf8, 0xc7, 0xf8, 0xc7, 0xf8, 0xc7, 0xf8, 0xc7, 0xf8, 0xc7, 0xf8, 0xc7, 0xf8, 0xc7, 0xf8, 0xc7, 0xf8, 0xc7, 0xf8, 0xc7, 0xf8, 0xc7, 0xf8, 0xc7, 0xf8, 0xbf, 0xf8, 0xc7, 0xf8, 0xcf, 0xf9, 0xd7, 0xd9, 0xc7, 0x38, 0xad, 0xf5, 0xb5, 0xf6, 0xb5, 0xd6, 0xbd, 0xd6, 0xb5, 0xf6, 0xb6, 0x16, 0xae, 0x55, 0xcf, 0xb9, 0xc7, 0xd8, 0xc7, 0xf8, 0xc7, 0xf8, 0xc7, 0xf8, 0xc7, 0xf8, 0xc7, 0xf8, 0xc7, 0xf8, 0xc7, 0xf8, 0xc7, 0xf8, 0xc7, 0xf8, 0xc7, 0xf8, 0xc7, 0xf8, 0xc7, 0xf8, 0xc7, 0xf8, 0xc7, 0xf8, 0xc7, 0xf8, 0xc7, 0xf8, 0xc7, 0xf8, 0xc7, 0xf8, 0xc7, 0xf8, 0xc7, 0xf8, 0xc7, 0xf8, 0xc7, 0xf8, 0xc7, 0xf8, 0xc7, 0xf8, 0xc7, 0xf8, 0xc7, 0xf8, 0xcf, 0xf9, 0xd7, 0xfa, 0xb6, 0x96, 0xad, 0xf5, 0xb5, 0xf6, 0xbd, 0xd7, 0xb5, 0x96, 0xb6, 0x16, 0xa5, 0xd4, 0xbe, 0xb6, 0xd7, 0xba, 
  0xc7, 0xf8, 0xc7, 0xf8, 0xd7, 0xfa, 0xb6, 0x96, 0xad, 0xf5, 0xb5, 0xf6, 0xb5, 0xd6, 0xb5, 0xf6, 0xad, 0xb5, 0xad, 0xf5, 0xcf, 0x58, 0xd7, 0xd9, 0xc7, 0xd8, 0xcf, 0xf9, 0xc7, 0xf8, 0xc7, 0xf8, 0xc7, 0xf8, 0xc7, 0xf8, 0xc7, 0xf8, 0xc7, 0xf8, 0xc7, 0xf8, 0xc7, 0xf8, 0xc7, 0xf8, 0xc7, 0xf8, 0xc7, 0xf8, 0xc7, 0xf8, 0xc7, 0xf8, 0xc7, 0xf8, 0xc7, 0xf8, 0xc7, 0xf8, 0xc7, 0xf8, 0xc7, 0xf8, 0xc7, 0xf8, 0xc7, 0xf8, 0xcf, 0xf8, 0xc7, 0xb8, 0xcf, 0xd9, 0xcf, 0x79, 0xae, 0x35, 0xad, 0xd5, 0xb5, 0xf6, 0xad, 0xb5, 0xb5, 0xf6, 0xad, 0xd5, 0xae, 0x75, 0xcf, 0xb9, 0xcf, 0xf9, 0xc7, 0xf8, 0xc7, 0xf8, 0xc7, 0xf8, 0xc7, 0xf8, 0xc7, 0xf8, 0xc7, 0xf8, 0xc7, 0xf8, 0xc7, 0xf8, 0xc7, 0xf8, 0xc7, 0xf8, 0xc7, 0xf8, 0xc7, 0xf8, 0xc7, 0xf8, 0xc7, 0xf8, 0xc7, 0xf8, 0xc7, 0xf8, 0xc7, 0xf8, 0xc7, 0xf8, 0xc7, 0xf8, 0xc7, 0xf8, 0xc7, 0xf8, 0xc7, 0xf8, 0xc7, 0xf8, 0xc7, 0xf8, 0xc7, 0xf8, 0xc7, 0xf8, 0xc7, 0xf8, 0xcf, 0xb9, 0xbe, 0xf7, 0xad, 0xf5, 0xb6, 0x16, 0xb5, 0xb6, 0xbd, 0xf7, 0xad, 0xf5, 0xae, 0x14, 0xc7, 0x18, 0xdf, 0xda, 
  0xc7, 0xf8, 0xc7, 0xd8, 0xd7, 0xfa, 0xcf, 0x79, 0xb6, 0x36, 0xa5, 0xb5, 0xad, 0xd5, 0xb6, 0x16, 0xa5, 0xd4, 0xbe, 0xb7, 0xcf, 0x99, 0xcf, 0xd9, 0xcf, 0xf8, 0xcf, 0xf8, 0xc7, 0xf8, 0xc7, 0xf7, 0xc7, 0xf8, 0xc7, 0xf8, 0xc7, 0xf8, 0xc7, 0xf8, 0xc7, 0xf8, 0xc7, 0xf8, 0xc7, 0xf8, 0xc7, 0xf8, 0xc7, 0xf8, 0xc7, 0xf8, 0xc7, 0xf8, 0xc7, 0xf8, 0xc7, 0xf8, 0xc7, 0xf8, 0xc7, 0xf8, 0xc7, 0xf8, 0xc7, 0xf8, 0xc7, 0xf8, 0xc7, 0xf8, 0xcf, 0xf8, 0xcf, 0xf9, 0xcf, 0xb9, 0xbe, 0xf8, 0xa6, 0x15, 0xad, 0xf6, 0xad, 0xf6, 0xa5, 0xd5, 0xb6, 0x56, 0xc7, 0x59, 0xcf, 0xd9, 0xcf, 0xd8, 0xcf, 0xf8, 0xc7, 0xf8, 0xc7, 0xf8, 0xc7, 0xf8, 0xc7, 0xf8, 0xc7, 0xf8, 0xc7, 0xf8, 0xc7, 0xf8, 0xc7, 0xf8, 0xc7, 0xf8, 0xc7, 0xf8, 0xc7, 0xf8, 0xc7, 0xf8, 0xc7, 0xf8, 0xc7, 0xf8, 0xc7, 0xf8, 0xc7, 0xf8, 0xc7, 0xf8, 0xc7, 0xf8, 0xc7, 0xf8, 0xc7, 0xf8, 0xc7, 0xf8, 0xc7, 0xf8, 0xc7, 0xf8, 0xc7, 0xf8, 0xc7, 0xf8, 0xc7, 0xd7, 0xcf, 0xf9, 0xc7, 0x78, 0xb6, 0x56, 0xad, 0xd5, 0xb5, 0xb6, 0xb5, 0xd6, 0xa5, 0xd4, 0xbe, 0xd6, 0xcf, 0x99, 0xd7, 0xd9, 
  0xcf, 0xf8, 0xc7, 0xf8, 0xd7, 0xfa, 0xd7, 0xda, 0xc7, 0x39, 0xbe, 0xb8, 0xb6, 0x57, 0xb6, 0x56, 0xc6, 0xf8, 0xcf, 0x79, 0xd7, 0xfa, 0xcf, 0xf9, 0xc7, 0xf8, 0xc7, 0xf8, 0xc7, 0xf8, 0xc7, 0xf7, 0xc7, 0xf8, 0xc7, 0xf8, 0xc7, 0xf8, 0xc7, 0xf8, 0xc7, 0xf8, 0xc7, 0xf8, 0xc7, 0xf8, 0xc7, 0xf8, 0xc7, 0xf8, 0xc7, 0xf8, 0xc7, 0xf8, 0xc7, 0xf8, 0xc7, 0xf8, 0xc7, 0xf8, 0xc7, 0xf8, 0xc7, 0xf8, 0xc7, 0xf8, 0xc7, 0xf8, 0xc7, 0xf8, 0xc7, 0xf8, 0xcf, 0xf9, 0xcf, 0xfa, 0xcf, 0xba, 0xc7, 0x18, 0xae, 0x56, 0xb6, 0x57, 0xb6, 0x97, 0xc7, 0x18, 0xd7, 0xba, 0xd7, 0xf9, 0xcf, 0xf8, 0xc7, 0xf8, 0xc7, 0xf8, 0xc7, 0xf8, 0xc7, 0xf8, 0xc7, 0xf8, 0xc7, 0xf8, 0xc7, 0xf8, 0xc7, 0xf8, 0xc7, 0xf8, 0xc7, 0xf8, 0xc7, 0xf8, 0xc7, 0xf8, 0xc7, 0xf8, 0xc7, 0xf8, 0xc7, 0xf8, 0xc7, 0xf8, 0xc7, 0xf8, 0xc7, 0xf8, 0xc7, 0xf8, 0xc7, 0xf8, 0xc7, 0xf8, 0xc7, 0xf8, 0xc7, 0xf8, 0xc7, 0xf8, 0xc7, 0xf7, 0xbf, 0xf7, 0xc7, 0xf7, 0xd7, 0xf9, 0xd7, 0xfa, 0xcf, 0x59, 0xc6, 0xb8, 0xbe, 0x57, 0xb6, 0x36, 0xbe, 0xf7, 0xcf, 0x78, 0xd7, 0xd9, 0xcf, 0xd9, 
  0xc7, 0xf7, 0xc7, 0xd7, 0xc7, 0xd8, 0xcf, 0xd9, 0xd7, 0xdb, 0xd7, 0xbb, 0xcf, 0x5a, 0xcf, 0x5a, 0xd7, 0xbb, 0xd7, 0xda, 0xcf, 0xf9, 0xc7, 0xf8, 0xc7, 0xf8, 0xc7, 0xf8, 0xc7, 0xf8, 0xc7, 0xf8, 0xc7, 0xf8, 0xc7, 0xf8, 0xc7, 0xf8, 0xc7, 0xf8, 0xc7, 0xf8, 0xc7, 0xf8, 0xc7, 0xf8, 0xc7, 0xf8, 0xc7, 0xf8, 0xc7, 0xf8, 0xc7, 0xf8, 0xc7, 0xf8, 0xc7, 0xf8, 0xc7, 0xf8, 0xc7, 0xf8, 0xc7, 0xf8, 0xc7, 0xf8, 0xc7, 0xf7, 0xc7, 0xf8, 0xc7, 0xf8, 0xc7, 0xf8, 0xcf, 0xf9, 0xd7, 0xfa, 0xd7, 0xdb, 0xcf, 0x9a, 0xcf, 0x7a, 0xd7, 0x9b, 0xd7, 0xdb, 0xd7, 0xda, 0xcf, 0xf9, 0xc7, 0xf8, 0xc7, 0xd7, 0xc7, 0xf8, 0xc7, 0xf8, 0xc7, 0xf8, 0xc7, 0xf8, 0xc7, 0xf8, 0xc7, 0xf8, 0xc7, 0xf8, 0xc7, 0xf8, 0xc7, 0xf8, 0xc7, 0xf8, 0xc7, 0xf8, 0xc7, 0xf8, 0xc7, 0xf8, 0xc7, 0xf8, 0xc7, 0xf8, 0xc7, 0xf8, 0xc7, 0xf8, 0xc7, 0xf8, 0xc7, 0xf8, 0xc7, 0xf8, 0xc7, 0xf8, 0xc7, 0xf8, 0xc7, 0xf8, 0xc7, 0xf8, 0xc7, 0xf7, 0xc7, 0xf7, 0xc7, 0xf8, 0xcf, 0xd9, 0xd7, 0xb9, 0xd7, 0x9a, 0xd7, 0x5a, 0xd7, 0x7a, 0xd7, 0xda, 0xcf, 0xd9, 0xcf, 0xf9, 0xcf, 0xd9, 
#endif
#if LV_COLOR_DEPTH == 32
  /*Pixel format: Fix 0xFF: 8 bit, Red: 8 bit, Green: 8 bit, Blue: 8 bit*/
  0xb3, 0xf9, 0xba, 0xff, 0xc2, 0xff, 0xc7, 0xff, 0xc9, 0xf8, 0xcd, 0xff, 0xd2, 0xf2, 0xd5, 0xff, 0xd4, 0xe4, 0xd6, 0xff, 0xbf, 0xc6, 0xc1, 0xff, 0xb5, 0xb9, 0xb7, 0xff, 0xb9, 0xbf, 0xba, 0xff, 0xbf, 0xcf, 0xc0, 0xff, 0xd2, 0xed, 0xd3, 0xff, 0xcc, 0xf4, 0xce, 0xff, 0xc8, 0xfb, 0xcb, 0xff, 0xc1, 0xfc, 0xc2, 0xff, 0xc0, 0xff, 0xc1, 0xff, 0xba, 0xfd, 0xbb, 0xff, 0xbf, 0xff, 0xc0, 0xff, 0xbf, 0xff, 0xc0, 0xff, 0xc0, 0xff, 0xc0, 0xff, 0xc0, 0xff, 0xc0, 0xff, 0xc0, 0xff, 0xc0, 0xff, 0xc0, 0xff, 0xc0, 0xff, 0xc0, 0xff, 0xc0, 0xff, 0xc0, 0xff, 0xc0, 0xff, 0xc0, 0xff, 0xc0, 0xff, 0xc0, 0xff, 0xc0, 0xff, 0xc0, 0xff, 0xc0, 0xff, 0xc0, 0xff, 0xc0, 0xff, 0xc0, 0xff, 0xc0, 0xff, 0xc0, 0xff, 0xc0, 0xff, 0xc0, 0xff, 0xc0, 0xff, 0xc0, 0xff, 0xc0, 0xff, 0xc0, 0xff, 0xc0, 0xff, 0xc2, 0xff, 0xbf, 0xff, 0xc2, 0xff, 0xbf, 0xff, 0xc1, 0xff, 0xc1, 0xff, 0xba, 0xfa, 0xbc, 0xff, 0xc1, 0xfb, 0xc4, 0xff, 0xc8, 0xf9, 0xcc, 0xff, 0xd3, 0xf6, 0xd7, 0xff, 0xc6, 0xdc, 0xc9, 0xff, 0xbe, 0xc7, 0xc0, 0xff, 0xb5, 0xb7, 0xb7, 0xff, 0xbc, 0xbf, 0xbd, 0xff, 0xc9, 0xd3, 0xc9, 0xff, 0xd1, 0xea, 0xd2, 0xff, 0xce, 0xf6, 0xd0, 0xff, 0xc3, 0xfa, 0xc5, 0xff, 0xbf, 0xfd, 0xc0, 0xff, 0xc0, 0xff, 0xc1, 0xff, 0xc0, 0xff, 0xc0, 0xff, 0xc0, 0xff, 0xc0, 0xff, 0xc0, 0xff, 0xc0, 0xff, 0xc0, 0xff, 0xc0, 0xff, 0xc0, 0xff, 0xc0, 0xff, 0xc0, 0xff, 0xc0, 0xff, 0xc0, 0xff, 0xc0, 0xff, 0xc0, 0xff, 0xc0, 0xff, 0xc0, 0xff, 0xc0, 0xff, 0xc0, 0xff, 0xc0, 0xff, 0xc0, 0xff, 0xc0, 0xff, 0xc0, 0xff, 0xc0, 0xff, 0xc0, 0xff, 0xc0, 0xff, 0xc0, 0xff, 0xc0, 0xff, 0xbf, 0xff, 0xc0, 0xff, 0xbe, 0xff, 0xbf, 0xff, 0xbf, 0xff, 0xc0, 0xff, 0xc2, 0xfe, 0xc1, 0xff, 0xc4, 0xfd, 0xc2, 0xff, 0xc5, 0xfd, 0xc3, 0xff, 0xc4, 0xfd, 0xc3, 0xff, 0xc1, 0xfe, 0xc1, 0xff, 0xbf, 0xff, 0xc0, 0xff, 0xb9, 0xfc, 0xba, 0xff, 0xbf, 0xff, 0xc0, 0xff, 0xbf, 0xfb, 0xc1, 0xff, 0xcd, 0xfe, 0xce, 0xff, 0xcf, 0xf0, 0xce, 0xff, 0xc0, 0xd2, 0xbe, 0xff, 0xbc, 0xc1, 0xb9, 0xff, 0xb5, 0xb9, 0xb3, 0xff, 0xbf, 0xce, 0xc0, 0xff, 0xca, 0xe3, 0xcd, 0xff, 0xca, 0xef, 0xcf, 0xff, 0xc8, 0xf3, 0xce, 0xff, 
  0xbd, 0xff, 0xc3, 0xff, 0xc0, 0xfd, 0xc5, 0xff, 0xc4, 0xf3, 0xc8, 0xff, 0xc7, 0xe7, 0xca, 0xff, 0xaf, 0xbf, 0xb0, 0xff, 0xb1, 0xb8, 0xb1, 0xff, 0xb0, 0xb4, 0xb1, 0xff, 0xb2, 0xb9, 0xb3, 0xff, 0xab, 0xbb, 0xac, 0xff, 0xba, 0xd5, 0xbb, 0xff, 0xcb, 0xf3, 0xcd, 0xff, 0xc4, 0xf6, 0xc6, 0xff, 0xc4, 0xff, 0xc6, 0xff, 0xbe, 0xfe, 0xbf, 0xff, 0xc0, 0xff, 0xc1, 0xff, 0xbe, 0xff, 0xbf, 0xff, 0xbf, 0xff, 0xc0, 0xff, 0xc0, 0xff, 0xc0, 0xff, 0xc0, 0xff, 0xc0, 0xff, 0xc0, 0xff, 0xc0, 0xff, 0xc0, 0xff, 0xc0, 0xff, 0xc0, 0xff, 0xc0, 0xff, 0xc0, 0xff, 0xc0, 0xff, 0xc0, 0xff, 0xc0, 0xff, 0xc0, 0xff, 0xc0, 0xff, 0xc0, 0xff, 0xc0, 0xff, 0xc0, 0xff, 0xc0, 0xff, 0xc0, 0xff, 0xc0, 0xff, 0xc0, 0xff, 0xc0, 0xff, 0xc0, 0xff, 0xc0, 0xff, 0xc0, 0xff, 0xc0, 0xff, 0xc0, 0xff, 0xc0, 0xff, 0xc0, 0xfe, 0xbe, 0xff, 0xc2, 0xff, 0xc0, 0xff, 0xc3, 0xff, 0xc2, 0xff, 0xbd, 0xfb, 0xbf, 0xff, 0xc3, 0xfd, 0xc6, 0xff, 0xca, 0xfa, 0xcd, 0xff, 0xc0, 0xe3, 0xc4, 0xff, 0xad, 0xc3, 0xb0, 0xff, 0xaa, 0xb3, 0xac, 0xff, 0xb4, 0xb7, 0xb5, 0xff, 0xaf, 0xb2, 0xb0, 0xff, 0xad, 0xb7, 0xad, 0xff, 0xbf, 0xd8, 0xc0, 0xff, 0xce, 0xf6, 0xd0, 0xff, 0xc1, 0xf7, 0xc2, 0xff, 0xc0, 0xfe, 0xc2, 0xff, 0xc0, 0xff, 0xc1, 0xff, 0xc0, 0xff, 0xc0, 0xff, 0xc0, 0xff, 0xc0, 0xff, 0xc0, 0xff, 0xc0, 0xff, 0xc0, 0xff, 0xc0, 0xff, 0xc0, 0xff, 0xc0, 0xff, 0xc0, 0xff, 0xc0, 0xff, 0xc0, 0xff, 0xc0, 0xff, 0xc0, 0xff, 0xc0, 0xff, 0xc0, 0xff, 0xc0, 0xff, 0xc0, 0xff, 0xc0, 0xff, 0xc0, 0xff, 0xc0, 0xff, 0xc0, 0xff, 0xc0, 0xff, 0xc0, 0xff, 0xc0, 0xff, 0xc0, 0xff, 0xc0, 0xff, 0xbf, 0xff, 0xc0, 0xff, 0xbe, 0xff, 0xbf, 0xff, 0xbf, 0xff, 0xbf, 0xff, 0xc1, 0xfe, 0xc1, 0xff, 0xc3, 0xfd, 0xc2, 0xff, 0xc4, 0xfd, 0xc3, 0xff, 0xc3, 0xfd, 0xc3, 0xff, 0xc1, 0xfe, 0xc1, 0xff, 0xbf, 0xff, 0xc0, 0xff, 0xc0, 0xff, 0xc1, 0xff, 0xc0, 0xff, 0xc1, 0xff, 0xc1, 0xfa, 0xc2, 0xff, 0xc2, 0xf1, 0xc3, 0xff, 0xb8, 0xd7, 0xb7, 0xff, 0xab, 0xbb, 0xa9, 0xff, 0xb2, 0xb5, 0xaf, 0xff, 0xb5, 0xb8, 0xb3, 0xff, 0xa3, 0xaf, 0xa3, 0xff, 0xad, 0xc4, 0xaf, 0xff, 0xcb, 0xed, 0xce, 0xff, 0xd1, 0xf8, 0xd5, 0xff, 
  0xbd, 0xff, 0xc1, 0xff, 0xbe, 0xf9, 0xc2, 0xff, 0xc6, 0xf4, 0xc9, 0xff, 0xba, 0xd9, 0xbc, 0xff, 0xa6, 0xb7, 0xa7, 0xff, 0xb2, 0xb9, 0xb1, 0xff, 0xb3, 0xb8, 0xb3, 0xff, 0xb3, 0xba, 0xb3, 0xff, 0xa5, 0xb5, 0xa6, 0xff, 0xa4, 0xbf, 0xa5, 0xff, 0xc2, 0xe9, 0xc3, 0xff, 0xc7, 0xf8, 0xc8, 0xff, 0xc5, 0xfe, 0xc6, 0xff, 0xc0, 0xfe, 0xc1, 0xff, 0xc0, 0xff, 0xc0, 0xff, 0xbf, 0xff, 0xbf, 0xff, 0xbf, 0xff, 0xc0, 0xff, 0xc0, 0xff, 0xc0, 0xff, 0xc0, 0xff, 0xc0, 0xff, 0xc0, 0xff, 0xc0, 0xff, 0xc0, 0xff, 0xc0, 0xff, 0xc0, 0xff, 0xc0, 0xff, 0xc0, 0xff, 0xc0, 0xff, 0xc0, 0xff, 0xc0, 0xff, 0xc0, 0xff, 0xc0, 0xff, 0xc0, 0xff, 0xc0, 0xff, 0xc0, 0xff, 0xc0, 0xff, 0xc0, 0xff, 0xc0, 0xff, 0xc0, 0xff, 0xc0, 0xff, 0xc0, 0xff, 0xc0, 0xff, 0xc0, 0xff, 0xc0, 0xff, 0xc0, 0xff, 0xc0, 0xff, 0xc2, 0xff, 0xc0, 0xff, 0xc1, 0xfe, 0xbf, 0xff, 0xc3, 0xff, 0xc2, 0xff, 0xc3, 0xff, 0xc3, 0xff, 0xc6, 0xfd, 0xc8, 0xff, 0xc6, 0xf6, 0xc9, 0xff, 0xac, 0xce, 0xaf, 0xff, 0xa2, 0xb8, 0xa5, 0xff, 0xb2, 0xbb, 0xb4, 0xff, 0xaf, 0xb2, 0xb0, 0xff, 0xb3, 0xb6, 0xb3, 0xff, 0xb1, 0xbb, 0xb1, 0xff, 0xa4, 0xbc, 0xa4, 0xff, 0xc5, 0xec, 0xc6, 0xff, 0xca, 0xff, 0xcc, 0xff, 0xb9, 0xf6, 0xba, 0xff, 0xc0, 0xfe, 0xc1, 0xff, 0xc0, 0xff, 0xc0, 0xff, 0xc0, 0xff, 0xc0, 0xff, 0xc0, 0xff, 0xc0, 0xff, 0xc0, 0xff, 0xc0, 0xff, 0xc0, 0xff, 0xc0, 0xff, 0xc0, 0xff, 0xc0, 0xff, 0xc0, 0xff, 0xc0, 0xff, 0xc0, 0xff, 0xc0, 0xff, 0xc0, 0xff, 0xc0, 0xff, 0xc0, 0xff, 0xc0, 0xff, 0xc0, 0xff, 0xc0, 0xff, 0xc0, 0xff, 0xc0, 0xff, 0xc0, 0xff, 0xc0, 0xff, 0xc0, 0xff, 0xc0, 0xff, 0xbf, 0xff, 0xc0, 0xff, 0xbd, 0xff, 0xbf, 0xff, 0xbe, 0xff, 0xbf, 0xff, 0xc0, 0xff, 0xc0, 0xff, 0xc1, 0xfe, 0xc1, 0xff, 0xc3, 0xfd, 0xc3, 0xff, 0xc3, 0xfd, 0xc3, 0xff, 0xc2, 0xfe, 0xc1, 0xff, 0xc0, 0xff, 0xc0, 0xff, 0xbc, 0xfc, 0xbd, 0xff, 0xc0, 0xfd, 0xc1, 0xff, 0xc8, 0xfe, 0xc9, 0xff, 0xbd, 0xe7, 0xbd, 0xff, 0xab, 0xc6, 0xaa, 0xff, 0xab, 0xb9, 0xaa, 0xff, 0xb6, 0xb7, 0xb3, 0xff, 0xbb, 0xb9, 0xb7, 0xff, 0xb5, 0xbc, 0xb2, 0xff, 0xa8, 0xb8, 0xa6, 0xff, 0xb9, 0xd3, 0xb8, 0xff, 0xcc, 0xec, 0xcc, 0xff, 
  0xbd, 0xfd, 0xc1, 0xff, 0xc3, 0xfd, 0xc7, 0xff, 0xcc, 0xf9, 0xce, 0xff, 0xa6, 0xc6, 0xa7, 0xff, 0xaf, 0xc0, 0xae, 0xff, 0xb0, 0xb9, 0xaf, 0xff, 0xab, 0xb2, 0xaa, 0xff, 0xad, 0xb6, 0xac, 0xff, 0xb0, 0xc1, 0xb0, 0xff, 0x9d, 0xb8, 0x9d, 0xff, 0xb6, 0xdd, 0xb7, 0xff, 0xcd, 0xfe, 0xce, 0xff, 0xc2, 0xfa, 0xc3, 0xff, 0xc5, 0xff, 0xc5, 0xff, 0xbd, 0xfb, 0xbc, 0xff, 0xc2, 0xff, 0xc2, 0xff, 0xc0, 0xff, 0xc0, 0xff, 0xc0, 0xff, 0xc0, 0xff, 0xc0, 0xff, 0xc0, 0xff, 0xc0, 0xff, 0xc0, 0xff, 0xc0, 0xff, 0xc0, 0xff, 0xc0, 0xff, 0xc0, 0xff, 0xc0, 0xff, 0xc0, 0xff, 0xc0, 0xff, 0xc0, 0xff, 0xc0, 0xff, 0xc0, 0xff, 0xc0, 0xff, 0xc0, 0xff, 0xc0, 0xff, 0xc0, 0xff, 0xc0, 0xff, 0xc0, 0xff, 0xc0, 0xff, 0xc0, 0xff, 0xc0, 0xff, 0xc0, 0xff, 0xc0, 0xff, 0xc0, 0xff, 0xc1, 0xff, 0xc0, 0xff, 0xc4, 0xff, 0xc2, 0xff, 0xbf, 0xfa, 0xbd, 0xff, 0xc2, 0xfe, 0xc1, 0xff, 0xc5, 0xff, 0xc5, 0xff, 0xc5, 0xfc, 0xc7, 0xff, 0xc1, 0xf1, 0xc4, 0xff, 0xa2, 0xc5, 0xa5, 0xff, 0xa9, 0xc0, 0xab, 0xff, 0xab, 0xb6, 0xac, 0xff, 0xb4, 0xb9, 0xb4, 0xff, 0xb1, 0xb7, 0xb0, 0xff, 0xae, 0xba, 0xad, 0xff, 0xa3, 0xbd, 0xa3, 0xff, 0xbf, 0xe6, 0xbf, 0xff, 0xc2, 0xf6, 0xc3, 0xff, 0xc4, 0xff, 0xc6, 0xff, 0xc0, 0xfe, 0xc1, 0xff, 0xc0, 0xff, 0xc0, 0xff, 0xc0, 0xff, 0xc0, 0xff, 0xc0, 0xff, 0xc0, 0xff, 0xc0, 0xff, 0xc0, 0xff, 0xc0, 0xff, 0xc0, 0xff, 0xc0, 0xff, 0xc0, 0xff, 0xc0, 0xff, 0xc0, 0xff, 0xc0, 0xff, 0xc0, 0xff, 0xc0, 0xff, 0xc0, 0xff, 0xc0, 0xff, 0xc0, 0xff, 0xc0, 0xff, 0xc0, 0xff, 0xc0, 0xff, 0xc0, 0xff, 0xc0, 0xff, 0xc0, 0xff, 0xc0, 0xff, 0xc0, 0xff, 0xbf, 0xff, 0xc0, 0xff, 0xbc, 0xff, 0xbe, 0xff, 0xbc, 0xff, 0xbe, 0xff, 0xbe, 0xff, 0xbf, 0xff, 0xc0, 0xff, 0xc1, 0xff, 0xc2, 0xfd, 0xc2, 0xff, 0xc2, 0xfd, 0xc2, 0xff, 0xc2, 0xfe, 0xc1, 0xff, 0xc1, 0xfe, 0xc1, 0xff, 0xbe, 0xfb, 0xbe, 0xff, 0xc2, 0xfd, 0xc3, 0xff, 0xcc, 0xff, 0xcc, 0xff, 0xb5, 0xdd, 0xb6, 0xff, 0xa2, 0xbc, 0xa2, 0xff, 0xaf, 0xba, 0xad, 0xff, 0xb7, 0xb7, 0xb4, 0xff, 0xb2, 0xb0, 0xaf, 0xff, 0xb5, 0xbb, 0xb1, 0xff, 0xad, 0xbb, 0xa9, 0xff, 0xaf, 0xc7, 0xac, 0xff, 0xd3, 0xef, 0xd1, 0xff, 
  0xc0, 0xff, 0xc4, 0xff, 0xc5, 0xfd, 0xc8, 0xff, 0xcc, 0xf9, 0xce, 0xff, 0xa5, 0xc5, 0xa5, 0xff, 0xab, 0xc0, 0xaa, 0xff, 0xae, 0xbb, 0xac, 0xff, 0xae, 0xb8, 0xac, 0xff, 0xb1, 0xbd, 0xb0, 0xff, 0xac, 0xbf, 0xab, 0xff, 0x9e, 0xbb, 0x9e, 0xff, 0xb9, 0xe0, 0xb9, 0xff, 0xcc, 0xfc, 0xce, 0xff, 0xc1, 0xf7, 0xc1, 0xff, 0xc7, 0xff, 0xc7, 0xff, 0xbf, 0xfb, 0xbe, 0xff, 0xc2, 0xff, 0xc1, 0xff, 0xc0, 0xff, 0xc0, 0xff, 0xc0, 0xff, 0xc0, 0xff, 0xc0, 0xff, 0xc0, 0xff, 0xc0, 0xff, 0xc0, 0xff, 0xc0, 0xff, 0xc0, 0xff, 0xc0, 0xff, 0xc0, 0xff, 0xc0, 0xff, 0xc0, 0xff, 0xc0, 0xff, 0xc0, 0xff, 0xc0, 0xff, 0xc0, 0xff, 0xc0, 0xff, 0xc0, 0xff, 0xc0, 0xff, 0xc0, 0xff, 0xc0, 0xff, 0xc0, 0xff, 0xc0, 0xff, 0xc0, 0xff, 0xc0, 0xff, 0xc0, 0xff, 0xc0, 0xff, 0xc0, 0xff, 0xc1, 0xff, 0xc0, 0xff, 0xc4, 0xff, 0xc2, 0xff, 0xc1, 0xfc, 0xbf, 0xff, 0xc2, 0xfe, 0xc1, 0xff, 0xc3, 0xfe, 0xc4, 0xff, 0xc4, 0xfb, 0xc6, 0xff, 0xc5, 0xf5, 0xc8, 0xff, 0xa5, 0xc9, 0xa7, 0xff, 0xa6, 0xc0, 0xa8, 0xff, 0xac, 0xbb, 0xad, 0xff, 0xb2, 0xbc, 0xb2, 0xff, 0xae, 0xb8, 0xad, 0xff, 0xad, 0xbd, 0xac, 0xff, 0xa4, 0xc1, 0xa4, 0xff, 0xc1, 0xea, 0xc1, 0xff, 0xc2, 0xf8, 0xc4, 0xff, 0xc3, 0xff, 0xc5, 0xff, 0xc0, 0xfe, 0xc1, 0xff, 0xc0, 0xff, 0xc0, 0xff, 0xc0, 0xff, 0xc0, 0xff, 0xc0, 0xff, 0xc0, 0xff, 0xc0, 0xff, 0xc0, 0xff, 0xc0, 0xff, 0xc0, 0xff, 0xc0, 0xff, 0xc0, 0xff, 0xc0, 0xff, 0xc0, 0xff, 0xc0, 0xff, 0xc0, 0xff, 0xc0, 0xff, 0xc0, 0xff, 0xc0, 0xff, 0xc0, 0xff, 0xc0, 0xff, 0xc0, 0xff, 0xc0, 0xff, 0xc0, 0xff, 0xc0, 0xff, 0xc0, 0xff, 0xc0, 0xff, 0xc0, 0xff, 0xbe, 0xff, 0xbf, 0xff, 0xbb, 0xff, 0xbe, 0xff, 0xbb, 0xff, 0xbd, 0xff, 0xbd, 0xff, 0xbf, 0xff, 0xbf, 0xff, 0xc0, 0xff, 0xc1, 0xfe, 0xc1, 0xff, 0xc2, 0xfe, 0xc2, 0xff, 0xc2, 0xfe, 0xc2, 0xff, 0xc1, 0xfe, 0xc2, 0xff, 0xc2, 0xff, 0xc3, 0xff, 0xc2, 0xfb, 0xc4, 0xff, 0xca, 0xfb, 0xcb, 0xff, 0xb6, 0xdd, 0xb7, 0xff, 0xa4, 0xbc, 0xa3, 0xff, 0xaf, 0xba, 0xad, 0xff, 0xb8, 0xb8, 0xb4, 0xff, 0xb7, 0xb7, 0xb4, 0xff, 0xaf, 0xb7, 0xac, 0xff, 0xab, 0xbc, 0xa8, 0xff, 0xb0, 0xca, 0xaf, 0xff, 0xd4, 0xf2, 0xd3, 0xff, 
  0xbf, 0xfd, 0xc2, 0xff, 0xc1, 0xfa, 0xc3, 0xff, 0xca, 0xf9, 0xcb, 0xff, 0xbb, 0xdf, 0xbb, 0xff, 0xa2, 0xbc, 0xa1, 0xff, 0xab, 0xbd, 0xa9, 0xff, 0xac, 0xbc, 0xaa, 0xff, 0xad, 0xbf, 0xac, 0xff, 0x9e, 0xb6, 0x9d, 0xff, 0xa6, 0xc6, 0xa5, 0xff, 0xc7, 0xf0, 0xc7, 0xff, 0xc5, 0xf6, 0xc6, 0xff, 0xc3, 0xfa, 0xc3, 0xff, 0xc3, 0xfe, 0xc3, 0xff, 0xc4, 0xff, 0xc4, 0xff, 0xbe, 0xfc, 0xbd, 0xff, 0xc0, 0xff, 0xc0, 0xff, 0xc0, 0xff, 0xc0, 0xff, 0xc0, 0xff, 0xc0, 0xff, 0xc0, 0xff, 0xc0, 0xff, 0xc0, 0xff, 0xc0, 0xff, 0xc0, 0xff, 0xc0, 0xff, 0xc0, 0xff, 0xc0, 0xff, 0xc0, 0xff, 0xc0, 0xff, 0xc0, 0xff, 0xc0, 0xff, 0xc0, 0xff, 0xc0, 0xff, 0xc0, 0xff, 0xc0, 0xff, 0xc0, 0xff, 0xc0, 0xff, 0xc0, 0xff, 0xc0, 0xff, 0xc0, 0xff, 0xc0, 0xff, 0xc0, 0xff, 0xc0, 0xff, 0xc0, 0xff, 0xc0, 0xff, 0xc1, 0xfd, 0xbf, 0xff, 0xc3, 0xff, 0xc2, 0xff, 0xc3, 0xff, 0xc3, 0xff, 0xbe, 0xf9, 0xbf, 0xff, 0xc3, 0xfc, 0xc5, 0xff, 0xcb, 0xfd, 0xce, 0xff, 0xb0, 0xd8, 0xb2, 0xff, 0x9f, 0xbd, 0xa1, 0xff, 0xad, 0xc1, 0xad, 0xff, 0xa5, 0xb5, 0xa4, 0xff, 0xa9, 0xb9, 0xa8, 0xff, 0xac, 0xc2, 0xab, 0xff, 0xa5, 0xc6, 0xa4, 0xff, 0xc7, 0xf3, 0xc7, 0xff, 0xcc, 0xff, 0xce, 0xff, 0xbb, 0xf8, 0xbc, 0xff, 0xc0, 0xfe, 0xc1, 0xff, 0xc0, 0xff, 0xc0, 0xff, 0xc0, 0xff, 0xc0, 0xff, 0xc0, 0xff, 0xc0, 0xff, 0xc0, 0xff, 0xc0, 0xff, 0xc0, 0xff, 0xc0, 0xff, 0xc0, 0xff, 0xc0, 0xff, 0xc0, 0xff, 0xc0, 0xff, 0xc0, 0xff, 0xc0, 0xff, 0xc0, 0xff, 0xc0, 0xff, 0xc0, 0xff, 0xc0, 0xff, 0xc0, 0xff, 0xc0, 0xff, 0xc0, 0xff, 0xc0, 0xff, 0xc0, 0xff, 0xc0, 0xff, 0xc0, 0xff, 0xc0, 0xff, 0xbe, 0xff, 0xc0, 0xff, 0xbb, 0xff, 0xbe, 0xff, 0xba, 0xff, 0xbe, 0xff, 0xbd, 0xff, 0xbf, 0xff, 0xbf, 0xff, 0xc0, 0xff, 0xc0, 0xfe, 0xc1, 0xff, 0xc1, 0xfe, 0xc2, 0xff, 0xc1, 0xfe, 0xc2, 0xff, 0xc1, 0xfe, 0xc2, 0xff, 0xc1, 0xfd, 0xc3, 0xff, 0xbe, 0xf7, 0xc0, 0xff, 0xc7, 0xf9, 0xc9, 0xff, 0xc4, 0xec, 0xc5, 0xff, 0xb2, 0xcd, 0xb2, 0xff, 0xa9, 0xb9, 0xa7, 0xff, 0xaf, 0xb5, 0xad, 0xff, 0xb7, 0xbd, 0xb5, 0xff, 0xaa, 0xba, 0xa9, 0xff, 0xa5, 0xbd, 0xa5, 0xff, 0xbb, 0xdb, 0xbc, 0xff, 0xcd, 0xf0, 0xce, 0xff, 
  0xbe, 0xfc, 0xbf, 0xff, 0xc1, 0xfc, 0xc2, 0xff, 0xc6, 0xf8, 0xc7, 0xff, 0xca, 0xf3, 0xca, 0xff, 0xaf, 0xcf, 0xad, 0xff, 0xab, 0xc5, 0xa9, 0xff, 0xa4, 0xbc, 0xa3, 0xff, 0xa1, 0xbb, 0xa0, 0xff, 0xab, 0xca, 0xaa, 0xff, 0xbb, 0xe1, 0xba, 0xff, 0xcc, 0xf8, 0xcb, 0xff, 0xc4, 0xf7, 0xc4, 0xff, 0xc6, 0xfe, 0xc6, 0xff, 0xc1, 0xfe, 0xc1, 0xff, 0xc3, 0xff, 0xc2, 0xff, 0xbf, 0xfe, 0xbf, 0xff, 0xc0, 0xff, 0xc0, 0xff, 0xc0, 0xff, 0xc0, 0xff, 0xc0, 0xff, 0xc0, 0xff, 0xc0, 0xff, 0xc0, 0xff, 0xc0, 0xff, 0xc0, 0xff, 0xc0, 0xff, 0xc0, 0xff, 0xc0, 0xff, 0xc0, 0xff, 0xc0, 0xff, 0xc0, 0xff, 0xc0, 0xff, 0xc0, 0xff, 0xc0, 0xff, 0xc0, 0xff, 0xc0, 0xff, 0xc0, 0xff, 0xc0, 0xff, 0xc0, 0xff, 0xc0, 0xff, 0xc0, 0xff, 0xc0, 0xff, 0xc0, 0xff, 0xc0, 0xff, 0xc0, 0xff, 0xc0, 0xff, 0xc0, 0xff, 0xc0, 0xfd, 0xbf, 0xff, 0xc1, 0xfe, 0xc1, 0xff, 0xc3, 0xff, 0xc3, 0xff, 0xbe, 0xfb, 0xbf, 0xff, 0xc3, 0xfd, 0xc5, 0xff, 0xc7, 0xfc, 0xca, 0xff, 0xc0, 0xed, 0xc2, 0xff, 0xae, 0xd2, 0xb0, 0xff, 0xa0, 0xbc, 0xa1, 0xff, 0xa7, 0xbf, 0xa7, 0xff, 0xa3, 0xbb, 0xa3, 0xff, 0xa8, 0xc5, 0xa8, 0xff, 0xbf, 0xe5, 0xbe, 0xff, 0xcd, 0xfd, 0xcd, 0xff, 0xc0, 0xf9, 0xc1, 0xff, 0xc3, 0xff, 0xc4, 0xff, 0xc0, 0xff, 0xc1, 0xff, 0xc0, 0xff, 0xc0, 0xff, 0xc0, 0xff, 0xc0, 0xff, 0xc0, 0xff, 0xc0, 0xff, 0xc0, 0xff, 0xc0, 0xff, 0xc0, 0xff, 0xc0, 0xff, 0xc0, 0xff, 0xc0, 0xff, 0xc0, 0xff, 0xc0, 0xff, 0xc0, 0xff, 0xc0, 0xff, 0xc0, 0xff, 0xc0, 0xff, 0xc0, 0xff, 0xc0, 0xff, 0xc0, 0xff, 0xc0, 0xff, 0xc0, 0xff, 0xc0, 0xff, 0xc0, 0xff, 0xc0, 0xff, 0xc0, 0xff, 0xc0, 0xff, 0xbe, 0xff, 0xc0, 0xff, 0xbb, 0xff, 0xbf, 0xff, 0xbb, 0xff, 0xbf, 0xff, 0xbd, 0xff, 0xc0, 0xff, 0xbf, 0xff, 0xc1, 0xff, 0xc0, 0xfe, 0xc1, 0xff, 0xc0, 0xfe, 0xc2, 0xff, 0xc0, 0xfe, 0xc1, 0xff, 0xc0, 0xfe, 0xc1, 0xff, 0xbf, 0xfd, 0xc1, 0xff, 0xc1, 0xfc, 0xc3, 0xff, 0xc5, 0xf9, 0xc6, 0xff, 0xca, 0xf6, 0xcb, 0xff, 0xbf, 0xe1, 0xbf, 0xff, 0xab, 0xc3, 0xaa, 0xff, 0xa8, 0xb9, 0xa7, 0xff, 0xa7, 0xb9, 0xa8, 0xff, 0x9f, 0xbb, 0xa2, 0xff, 0xad, 0xd0, 0xb1, 0xff, 0xcc, 0xf6, 0xd1, 0xff, 0xcd, 0xfa, 0xd3, 0xff, 
  0xbb, 0xfb, 0xbc, 0xff, 0xc2, 0xff, 0xc3, 0xff, 0xc2, 0xf8, 0xc3, 0xff, 0xca, 0xf8, 0xc9, 0xff, 0xd0, 0xf8, 0xcf, 0xff, 0xc0, 0xe3, 0xbf, 0xff, 0xb7, 0xd8, 0xb6, 0xff, 0xba, 0xdc, 0xb9, 0xff, 0xc8, 0xee, 0xc7, 0xff, 0xd0, 0xfb, 0xcf, 0xff, 0xc6, 0xf6, 0xc5, 0xff, 0xc9, 0xfe, 0xc8, 0xff, 0xc6, 0xff, 0xc5, 0xff, 0xc2, 0xff, 0xc1, 0xff, 0xbc, 0xfb, 0xbb, 0xff, 0xc2, 0xff, 0xc2, 0xff, 0xc0, 0xff, 0xc0, 0xff, 0xc0, 0xff, 0xc0, 0xff, 0xc0, 0xff, 0xc0, 0xff, 0xc0, 0xff, 0xc0, 0xff, 0xc0, 0xff, 0xc0, 0xff, 0xc0, 0xff, 0xc0, 0xff, 0xc0, 0xff, 0xc0, 0xff, 0xc0, 0xff, 0xc0, 0xff, 0xc0, 0xff, 0xc0, 0xff, 0xc0, 0xff, 0xc0, 0xff, 0xc0, 0xff, 0xc0, 0xff, 0xc0, 0xff, 0xc0, 0xff, 0xc0, 0xff, 0xc0, 0xff, 0xc0, 0xff, 0xc0, 0xff, 0xc0, 0xff, 0xc0, 0xff, 0xc0, 0xff, 0xc0, 0xff, 0xc3, 0xff, 0xc3, 0xff, 0xbd, 0xfc, 0xbd, 0xff, 0xbf, 0xff, 0xc0, 0xff, 0xc0, 0xff, 0xc2, 0xff, 0xc1, 0xff, 0xc4, 0xff, 0xbe, 0xf7, 0xc1, 0xff, 0xcc, 0xfe, 0xce, 0xff, 0xcb, 0xf6, 0xcd, 0xff, 0xbf, 0xe2, 0xc0, 0xff, 0xb3, 0xd3, 0xb3, 0xff, 0xbc, 0xdc, 0xbc, 0xff, 0xca, 0xee, 0xc9, 0xff, 0xcf, 0xfb, 0xcf, 0xff, 0xc7, 0xfc, 0xc7, 0xff, 0xbc, 0xf9, 0xbd, 0xff, 0xbd, 0xfd, 0xbe, 0xff, 0xbf, 0xff, 0xc0, 0xff, 0xc0, 0xff, 0xc0, 0xff, 0xc0, 0xff, 0xc0, 0xff, 0xc0, 0xff, 0xc0, 0xff, 0xc0, 0xff, 0xc0, 0xff, 0xc0, 0xff, 0xc0, 0xff, 0xc0, 0xff, 0xc0, 0xff, 0xc0, 0xff, 0xc0, 0xff, 0xc0, 0xff, 0xc0, 0xff, 0xc0, 0xff, 0xc0, 0xff, 0xc0, 0xff, 0xc0, 0xff, 0xc0, 0xff, 0xc0, 0xff, 0xc0, 0xff, 0xc0, 0xff, 0xc0, 0xff, 0xc0, 0xff, 0xc0, 0xff, 0xc0, 0xff, 0xbf, 0xff, 0xc0, 0xff, 0xbd, 0xff, 0xc0, 0xff, 0xbc, 0xff, 0xc0, 0xff, 0xbe, 0xff, 0xc1, 0xff, 0xbf, 0xff, 0xc1, 0xff, 0xbf, 0xfe, 0xc1, 0xff, 0xc0, 0xfe, 0xc1, 0xff, 0xbf, 0xff, 0xc0, 0xff, 0xbf, 0xff, 0xc0, 0xff, 0xbb, 0xfb, 0xbd, 0xff, 0xc3, 0xff, 0xc5, 0xff, 0xc0, 0xf9, 0xc2, 0xff, 0xc6, 0xf8, 0xc7, 0xff, 0xcb, 0xf5, 0xcc, 0xff, 0xc4, 0xe7, 0xc5, 0xff, 0xc4, 0xe1, 0xc4, 0xff, 0xb7, 0xd6, 0xb9, 0xff, 0xc1, 0xe9, 0xc6, 0xff, 0xcb, 0xf9, 0xd1, 0xff, 0xc6, 0xf9, 0xcd, 0xff, 0xbd, 0xf3, 0xc5, 0xff, 
  0xba, 0xfc, 0xbb, 0xff, 0xbd, 0xfc, 0xbe, 0xff, 0xc2, 0xfc, 0xc2, 0xff, 0xc7, 0xfc, 0xc7, 0xff, 0xcc, 0xfb, 0xcb, 0xff, 0xce, 0xf9, 0xcc, 0xff, 0xcf, 0xf9, 0xcd, 0xff, 0xce, 0xf9, 0xcd, 0xff, 0xc9, 0xf7, 0xc8, 0xff, 0xc7, 0xf9, 0xc6, 0xff, 0xc5, 0xfb, 0xc3, 0xff, 0xc2, 0xfc, 0xc1, 0xff, 0xc1, 0xfe, 0xc1, 0xff, 0xc0, 0xff, 0xbf, 0xff, 0xbf, 0xff, 0xbe, 0xff, 0xbf, 0xff, 0xbe, 0xff, 0xbf, 0xff, 0xc0, 0xff, 0xc0, 0xff, 0xc0, 0xff, 0xc0, 0xff, 0xc0, 0xff, 0xc0, 0xff, 0xc0, 0xff, 0xc0, 0xff, 0xc0, 0xff, 0xc0, 0xff, 0xc0, 0xff, 0xc0, 0xff, 0xc0, 0xff, 0xc0, 0xff, 0xc0, 0xff, 0xc0, 0xff, 0xc0, 0xff, 0xc0, 0xff, 0xc0, 0xff, 0xc0, 0xff, 0xc0, 0xff, 0xc0, 0xff, 0xc0, 0xff, 0xc0, 0xff, 0xc0, 0xff, 0xc0, 0xff, 0xc0, 0xff, 0xc0, 0xff, 0xc0, 0xff, 0xbf, 0xff, 0xc0, 0xff, 0xbf, 0xff, 0xbf, 0xff, 0xbe, 0xff, 0xbe, 0xff, 0xbe, 0xff, 0xbe, 0xff, 0xbe, 0xff, 0xbf, 0xff, 0xbe, 0xff, 0xc1, 0xff, 0xc0, 0xfd, 0xc3, 0xff, 0xc3, 0xfb, 0xc6, 0xff, 0xc7, 0xf9, 0xc9, 0xff, 0xcc, 0xf9, 0xce, 0xff, 0xce, 0xf8, 0xcf, 0xff, 0xcd, 0xf7, 0xce, 0xff, 0xca, 0xf7, 0xcb, 0xff, 0xc7, 0xfa, 0xc7, 0xff, 0xc2, 0xfc, 0xc2, 0xff, 0xbd, 0xfd, 0xbe, 0xff, 0xbc, 0xfe, 0xbd, 0xff, 0xbf, 0xff, 0xc0, 0xff, 0xc0, 0xff, 0xc0, 0xff, 0xc0, 0xff, 0xc0, 0xff, 0xc1, 0xff, 0xc1, 0xff, 0xc1, 0xff, 0xc1, 0xff, 0xc0, 0xff, 0xc0, 0xff, 0xc0, 0xff, 0xc0, 0xff, 0xc0, 0xff, 0xc0, 0xff, 0xc0, 0xff, 0xc0, 0xff, 0xc0, 0xff, 0xc0, 0xff, 0xc0, 0xff, 0xc0, 0xff, 0xc0, 0xff, 0xc0, 0xff, 0xc0, 0xff, 0xc0, 0xff, 0xc0, 0xff, 0xc0, 0xff, 0xc0, 0xff, 0xc0, 0xff, 0xbf, 0xff, 0xc1, 0xff, 0xbf, 0xfe, 0xc2, 0xff, 0xbf, 0xfe, 0xc2, 0xff, 0xbf, 0xfe, 0xc2, 0xff, 0xbf, 0xfe, 0xc1, 0xff, 0xc0, 0xff, 0xc1, 0xff, 0xbf, 0xff, 0xc0, 0xff, 0xbf, 0xff, 0xc0, 0xff, 0xbe, 0xff, 0xbf, 0xff, 0xbc, 0xff, 0xbf, 0xff, 0xbc, 0xfd, 0xbf, 0xff, 0xbd, 0xfc, 0xc0, 0xff, 0xc0, 0xfa, 0xc3, 0xff, 0xc4, 0xf9, 0xc7, 0xff, 0xc9, 0xf9, 0xcb, 0xff, 0xcd, 0xf9, 0xd0, 0xff, 0xce, 0xfa, 0xd1, 0xff, 0xc6, 0xf8, 0xca, 0xff, 0xc2, 0xf9, 0xc7, 0xff, 0xc0, 0xfa, 0xc6, 0xff, 0xbf, 0xfb, 0xc5, 0xff, 
  0xbc, 0xfe, 0xbd, 0xff, 0xbe, 0xfe, 0xbf, 0xff, 0xc1, 0xfe, 0xc1, 0xff, 0xc3, 0xfd, 0xc3, 0xff, 0xc5, 0xfb, 0xc5, 0xff, 0xc7, 0xfb, 0xc6, 0xff, 0xc6, 0xf9, 0xc5, 0xff, 0xc6, 0xf9, 0xc5, 0xff, 0xc5, 0xfa, 0xc4, 0xff, 0xc3, 0xfb, 0xc3, 0xff, 0xc2, 0xfc, 0xc1, 0xff, 0xc1, 0xfd, 0xc0, 0xff, 0xc0, 0xff, 0xbf, 0xff, 0xbf, 0xff, 0xbe, 0xff, 0xbe, 0xff, 0xbd, 0xff, 0xbe, 0xff, 0xbe, 0xff, 0xbf, 0xff, 0xbf, 0xff, 0xc0, 0xff, 0xc0, 0xff, 0xc0, 0xff, 0xc0, 0xff, 0xc0, 0xff, 0xc0, 0xff, 0xc0, 0xff, 0xc0, 0xff, 0xc0, 0xff, 0xc0, 0xff, 0xc0, 0xff, 0xc0, 0xff, 0xc0, 0xff, 0xc0, 0xff, 0xc0, 0xff, 0xc0, 0xff, 0xc0, 0xff, 0xc0, 0xff, 0xc0, 0xff, 0xc0, 0xff, 0xc0, 0xff, 0xc0, 0xff, 0xc0, 0xff, 0xc0, 0xff, 0xc0, 0xff, 0xc0, 0xff, 0xc0, 0xff, 0xc0, 0xff, 0xbf, 0xff, 0xc0, 0xff, 0xbe, 0xff, 0xbe, 0xff, 0xbe, 0xff, 0xbe, 0xff, 0xbd, 0xff, 0xbe, 0xff, 0xbd, 0xff, 0xbe, 0xff, 0xbd, 0xff, 0xbf, 0xff, 0xbf, 0xff, 0xc1, 0xff, 0xc1, 0xfd, 0xc3, 0xff, 0xc3, 0xfb, 0xc6, 0xff, 0xc4, 0xf8, 0xc6, 0xff, 0xc5, 0xf7, 0xc7, 0xff, 0xc5, 0xf7, 0xc7, 0xff, 0xc4, 0xf8, 0xc5, 0xff, 0xc2, 0xfb, 0xc3, 0xff, 0xbf, 0xfd, 0xc0, 0xff, 0xbd, 0xff, 0xbe, 0xff, 0xbc, 0xff, 0xbd, 0xff, 0xbf, 0xff, 0xc0, 0xff, 0xc0, 0xff, 0xc0, 0xff, 0xc0, 0xff, 0xc0, 0xff, 0xc0, 0xff, 0xc0, 0xff, 0xc0, 0xff, 0xc0, 0xff, 0xc0, 0xff, 0xc0, 0xff, 0xc0, 0xff, 0xc0, 0xff, 0xc0, 0xff, 0xc0, 0xff, 0xc0, 0xff, 0xc0, 0xff, 0xc0, 0xff, 0xc0, 0xff, 0xc0, 0xff, 0xc0, 0xff, 0xc0, 0xff, 0xc0, 0xff, 0xc0, 0xff, 0xc0, 0xff, 0xc0, 0xff, 0xc0, 0xff, 0xc0, 0xff, 0xc0, 0xff, 0xc0, 0xfe, 0xc1, 0xff, 0xc0, 0xfd, 0xc3, 0xff, 0xc0, 0xfd, 0xc3, 0xff, 0xc0, 0xfe, 0xc3, 0xff, 0xc0, 0xfe, 0xc2, 0xff, 0xc0, 0xff, 0xc1, 0xff, 0xbf, 0xff, 0xc0, 0xff, 0xbe, 0xff, 0xbf, 0xff, 0xbe, 0xff, 0xbf, 0xff, 0xbc, 0xff, 0xbe, 0xff, 0xbc, 0xff, 0xbe, 0xff, 0xbc, 0xfe, 0xbf, 0xff, 0xbe, 0xfd, 0xc1, 0xff, 0xbf, 0xfc, 0xc2, 0xff, 0xc1, 0xfb, 0xc4, 0xff, 0xc3, 0xfb, 0xc7, 0xff, 0xc3, 0xfb, 0xc7, 0xff, 0xc1, 0xfb, 0xc4, 0xff, 0xc0, 0xfc, 0xc2, 0xff, 0xbe, 0xfc, 0xc0, 0xff, 0xbe, 0xfd, 0xc1, 0xff, 
  0xbd, 0xff, 0xbe, 0xff, 0xbd, 0xff, 0xbe, 0xff, 0xbe, 0xfe, 0xbf, 0xff, 0xc0, 0xff, 0xc1, 0xff, 0xc0, 0xfd, 0xc1, 0xff, 0xc0, 0xfb, 0xc0, 0xff, 0xbf, 0xfa, 0xbf, 0xff, 0xbf, 0xfa, 0xbf, 0xff, 0xc1, 0xfd, 0xc1, 0xff, 0xc0, 0xfd, 0xc1, 0xff, 0xc0, 0xfd, 0xc0, 0xff, 0xc0, 0xff, 0xc0, 0xff, 0xbf, 0xff, 0xbf, 0xff, 0xbe, 0xff, 0xbe, 0xff, 0xbd, 0xff, 0xbe, 0xff, 0xbd, 0xff, 0xbe, 0xff, 0xbf, 0xff, 0xc0, 0xff, 0xc0, 0xff, 0xc0, 0xff, 0xc0, 0xff, 0xc0, 0xff, 0xc0, 0xff, 0xc0, 0xff, 0xc0, 0xff, 0xc0, 0xff, 0xc0, 0xff, 0xc0, 0xff, 0xc0, 0xff, 0xc0, 0xff, 0xc0, 0xff, 0xc0, 0xff, 0xc0, 0xff, 0xc0, 0xff, 0xc0, 0xff, 0xc0, 0xff, 0xc0, 0xff, 0xc0, 0xff, 0xc0, 0xff, 0xc0, 0xff, 0xc0, 0xff, 0xc0, 0xff, 0xc0, 0xff, 0xc0, 0xff, 0xc0, 0xff, 0xc0, 0xff, 0xbf, 0xff, 0xc0, 0xff, 0xbe, 0xff, 0xbe, 0xff, 0xbe, 0xff, 0xbe, 0xff, 0xbd, 0xff, 0xbe, 0xff, 0xbc, 0xff, 0xbe, 0xff, 0xbd, 0xff, 0xbe, 0xff, 0xbd, 0xff, 0xbf, 0xff, 0xbf, 0xff, 0xc1, 0xff, 0xc0, 0xfe, 0xc3, 0xff, 0xbf, 0xf9, 0xc1, 0xff, 0xc0, 0xf9, 0xc2, 0xff, 0xc0, 0xf9, 0xc2, 0xff, 0xc0, 0xfb, 0xc2, 0xff, 0xbf, 0xfd, 0xc0, 0xff, 0xbe, 0xff, 0xbe, 0xff, 0xbd, 0xff, 0xbe, 0xff, 0xbd, 0xff, 0xbe, 0xff, 0xbf, 0xff, 0xbf, 0xff, 0xc0, 0xff, 0xc0, 0xff, 0xc0, 0xff, 0xc0, 0xff, 0xc0, 0xff, 0xc0, 0xff, 0xc0, 0xff, 0xc0, 0xff, 0xc0, 0xff, 0xc0, 0xff, 0xc0, 0xff, 0xc0, 0xff, 0xc0, 0xff, 0xc0, 0xff, 0xc0, 0xff, 0xc0, 0xff, 0xc0, 0xff, 0xc0, 0xff, 0xc0, 0xff, 0xc0, 0xff, 0xc0, 0xff, 0xc0, 0xff, 0xc0, 0xff, 0xc0, 0xff, 0xc0, 0xff, 0xc0, 0xff, 0xc0, 0xff, 0xc0, 0xff, 0xc0, 0xfe, 0xc1, 0xff, 0xc2, 0xfd, 0xc3, 0xff, 0xc2, 0xfd, 0xc4, 0xff, 0xc1, 0xfd, 0xc3, 0xff, 0xc1, 0xfe, 0xc2, 0xff, 0xc0, 0xfe, 0xc1, 0xff, 0xbf, 0xff, 0xc0, 0xff, 0xbe, 0xff, 0xbf, 0xff, 0xbe, 0xff, 0xbf, 0xff, 0xbb, 0xff, 0xbc, 0xff, 0xbb, 0xff, 0xbd, 0xff, 0xbd, 0xff, 0xbf, 0xff, 0xbd, 0xff, 0xbf, 0xff, 0xbe, 0xff, 0xbf, 0xff, 0xbc, 0xfd, 0xbe, 0xff, 0xbb, 0xfc, 0xbe, 0xff, 0xbb, 0xfb, 0xbd, 0xff, 0xbf, 0xfe, 0xbf, 0xff, 0xbf, 0xfd, 0xbe, 0xff, 0xbf, 0xfd, 0xbd, 0xff, 0xbf, 0xfd, 0xbd, 0xff, 
  0xbd, 0xfd, 0xbe, 0xff, 0xbd, 0xfd, 0xbe, 0xff, 0xbd, 0xff, 0xbe, 0xff, 0xbd, 0xff, 0xbe, 0xff, 0xbe, 0xfe, 0xbf, 0xff, 0xbe, 0xfe, 0xbf, 0xff, 0xbe, 0xfe, 0xbf, 0xff, 0xbd, 0xfd, 0xbe, 0xff, 0xbe, 0xfe, 0xbf, 0xff, 0xbe, 0xfe, 0xbf, 0xff, 0xc0, 0xff, 0xc0, 0xff, 0xbf, 0xff, 0xc0, 0xff, 0xbf, 0xff, 0xbf, 0xff, 0xbe, 0xff, 0xbe, 0xff, 0xbd, 0xff, 0xbe, 0xff, 0xbd, 0xff, 0xbf, 0xff, 0xbf, 0xff, 0xc0, 0xff, 0xc0, 0xff, 0xc0, 0xff, 0xc0, 0xff, 0xc0, 0xff, 0xc0, 0xff, 0xc0, 0xff, 0xc0, 0xff, 0xc0, 0xff, 0xc0, 0xff, 0xc0, 0xff, 0xc0, 0xff, 0xc0, 0xff, 0xc0, 0xff, 0xc0, 0xff, 0xc0, 0xff, 0xc0, 0xff, 0xc0, 0xff, 0xc0, 0xff, 0xc0, 0xff, 0xc0, 0xff, 0xc0, 0xff, 0xc0, 0xff, 0xc0, 0xff, 0xc0, 0xff, 0xc0, 0xff, 0xc0, 0xff, 0xc0, 0xff, 0xc0, 0xff, 0xbf, 0xff, 0xc0, 0xff, 0xbf, 0xff, 0xbf, 0xff, 0xbe, 0xff, 0xbe, 0xff, 0xbe, 0xff, 0xbe, 0xff, 0xbd, 0xff, 0xbe, 0xff, 0xbd, 0xff, 0xbe, 0xff, 0xbd, 0xff, 0xbf, 0xff, 0xbe, 0xff, 0xc0, 0xff, 0xbf, 0xff, 0xc1, 0xff, 0xbf, 0xfd, 0xc1, 0xff, 0xc0, 0xfd, 0xc2, 0xff, 0xc0, 0xfc, 0xc2, 0xff, 0xc0, 0xfe, 0xc2, 0xff, 0xbf, 0xff, 0xc0, 0xff, 0xbe, 0xff, 0xbf, 0xff, 0xbd, 0xff, 0xbd, 0xff, 0xbd, 0xff, 0xbe, 0xff, 0xbe, 0xfe, 0xbf, 0xff, 0xc0, 0xff, 0xc0, 0xff, 0xc0, 0xff, 0xc0, 0xff, 0xc0, 0xff, 0xc0, 0xff, 0xc0, 0xff, 0xc0, 0xff, 0xc0, 0xff, 0xc0, 0xff, 0xc0, 0xff, 0xc0, 0xff, 0xc0, 0xff, 0xc0, 0xff, 0xc0, 0xff, 0xc0, 0xff, 0xc0, 0xff, 0xc0, 0xff, 0xc0, 0xff, 0xc0, 0xff, 0xc0, 0xff, 0xc0, 0xff, 0xc0, 0xff, 0xc0, 0xff, 0xc0, 0xff, 0xc0, 0xff, 0xc0, 0xff, 0xc0, 0xff, 0xc1, 0xfe, 0xc1, 0xff, 0xc2, 0xfd, 0xc4, 0xff, 0xc3, 0xfc, 0xc4, 0xff, 0xc2, 0xfd, 0xc3, 0xff, 0xc1, 0xfe, 0xc2, 0xff, 0xc0, 0xff, 0xc1, 0xff, 0xbf, 0xff, 0xc0, 0xff, 0xbf, 0xff, 0xbf, 0xff, 0xbe, 0xff, 0xbf, 0xff, 0xbb, 0xfd, 0xbc, 0xff, 0xbc, 0xfe, 0xbc, 0xff, 0xbd, 0xff, 0xbd, 0xff, 0xbd, 0xff, 0xbe, 0xff, 0xbd, 0xff, 0xbe, 0xff, 0xbb, 0xff, 0xbd, 0xff, 0xb9, 0xff, 0xbd, 0xff, 0xba, 0xff, 0xbc, 0xff, 0xbf, 0xff, 0xbe, 0xff, 0xc0, 0xff, 0xbd, 0xff, 0xc0, 0xff, 0xbd, 0xff, 0xc0, 0xff, 0xbd, 0xff, 
  0xbf, 0xfc, 0xbf, 0xff, 0xbf, 0xfe, 0xc0, 0xff, 0xbe, 0xfe, 0xbf, 0xff, 0xbd, 0xff, 0xbe, 0xff, 0xbd, 0xff, 0xbf, 0xff, 0xbd, 0xff, 0xbe, 0xff, 0xbd, 0xff, 0xbe, 0xff, 0xbd, 0xff, 0xbf, 0xff, 0xbe, 0xff, 0xbf, 0xff, 0xbf, 0xff, 0xc0, 0xff, 0xbf, 0xff, 0xc0, 0xff, 0xc0, 0xff, 0xc0, 0xff, 0xbf, 0xff, 0xc0, 0xff, 0xbf, 0xff, 0xc0, 0xff, 0xbe, 0xff, 0xc0, 0xff, 0xbe, 0xff, 0xc0, 0xff, 0xbf, 0xff, 0xc0, 0xff, 0xc0, 0xff, 0xc0, 0xff, 0xc0, 0xff, 0xc0, 0xff, 0xc0, 0xff, 0xc0, 0xff, 0xc0, 0xff, 0xc0, 0xff, 0xc0, 0xff, 0xc0, 0xff, 0xc0, 0xff, 0xc0, 0xff, 0xc0, 0xff, 0xc0, 0xff, 0xc0, 0xff, 0xc0, 0xff, 0xc0, 0xff, 0xc0, 0xff, 0xc0, 0xff, 0xc0, 0xff, 0xc0, 0xff, 0xc0, 0xff, 0xc0, 0xff, 0xc0, 0xff, 0xc0, 0xff, 0xc0, 0xff, 0xc0, 0xff, 0xc0, 0xff, 0xc0, 0xff, 0xc0, 0xff, 0xc0, 0xff, 0xc0, 0xff, 0xc0, 0xff, 0xc0, 0xff, 0xbf, 0xff, 0xc0, 0xff, 0xbf, 0xff, 0xbf, 0xff, 0xbe, 0xff, 0xbf, 0xff, 0xbe, 0xff, 0xbf, 0xff, 0xbe, 0xff, 0xbf, 0xff, 0xbe, 0xff, 0xc0, 0xff, 0xc0, 0xff, 0xc2, 0xff, 0xc0, 0xff, 0xc2, 0xff, 0xc1, 0xff, 0xc2, 0xff, 0xc0, 0xff, 0xc1, 0xff, 0xbf, 0xff, 0xc0, 0xff, 0xbf, 0xff, 0xbf, 0xff, 0xbe, 0xff, 0xbe, 0xff, 0xbe, 0xff, 0xbe, 0xff, 0xbe, 0xfe, 0xbf, 0xff, 0xbf, 0xfe, 0xbf, 0xff, 0xc0, 0xff, 0xc0, 0xff, 0xc0, 0xff, 0xc0, 0xff, 0xc0, 0xff, 0xc0, 0xff, 0xc0, 0xff, 0xc0, 0xff, 0xc0, 0xff, 0xc0, 0xff, 0xc0, 0xff, 0xc0, 0xff, 0xc0, 0xff, 0xc0, 0xff, 0xc0, 0xff, 0xc0, 0xff, 0xc0, 0xff, 0xc0, 0xff, 0xc0, 0xff, 0xc0, 0xff, 0xc0, 0xff, 0xc0, 0xff, 0xc0, 0xff, 0xc0, 0xff, 0xc0, 0xff, 0xc0, 0xff, 0xc1, 0xfe, 0xc1, 0xff, 0xc2, 0xfd, 0xc4, 0xff, 0xc3, 0xfc, 0xc4, 0xff, 0xc2, 0xfd, 0xc3, 0xff, 0xc1, 0xfe, 0xc1, 0xff, 0xc0, 0xff, 0xc0, 0xff, 0xc0, 0xff, 0xbf, 0xff, 0xbf, 0xff, 0xbf, 0xff, 0xbf, 0xff, 0xbf, 0xff, 0xbf, 0xfe, 0xbf, 0xff, 0xbf, 0xfe, 0xbf, 0xff, 0xbf, 0xfe, 0xbf, 0xff, 0xbf, 0xfe, 0xbf, 0xff, 0xbe, 0xff, 0xbf, 0xff, 0xbd, 0xff, 0xbf, 0xff, 0xbc, 0xff, 0xbe, 0xff, 0xbd, 0xff, 0xbe, 0xff, 0xbe, 0xff, 0xbd, 0xff, 0xbf, 0xff, 0xbd, 0xff, 0xc0, 0xff, 0xbd, 0xff, 0xc1, 0xff, 0xbf, 0xff, 
  0xc2, 0xfd, 0xc3, 0xff, 0xc1, 0xfe, 0xc2, 0xff, 0xbf, 0xff, 0xc0, 0xff, 0xbe, 0xff, 0xbf, 0xff, 0xbd, 0xff, 0xbe, 0xff, 0xbc, 0xff, 0xbe, 0xff, 0xbc, 0xff, 0xbe, 0xff, 0xbd, 0xff, 0xbe, 0xff, 0xbe, 0xff, 0xbf, 0xff, 0xbf, 0xff, 0xc0, 0xff, 0xc0, 0xff, 0xc1, 0xff, 0xc0, 0xfe, 0xc1, 0xff, 0xc0, 0xfe, 0xc1, 0xff, 0xc0, 0xfe, 0xc1, 0xff, 0xbf, 0xff, 0xc1, 0xff, 0xbf, 0xff, 0xc1, 0xff, 0xbf, 0xff, 0xc1, 0xff, 0xc0, 0xff, 0xc0, 0xff, 0xc0, 0xff, 0xc0, 0xff, 0xc0, 0xff, 0xc0, 0xff, 0xc0, 0xff, 0xc0, 0xff, 0xc0, 0xff, 0xc0, 0xff, 0xc0, 0xff, 0xc0, 0xff, 0xc0, 0xff, 0xc0, 0xff, 0xc0, 0xff, 0xc0, 0xff, 0xc0, 0xff, 0xc0, 0xff, 0xc0, 0xff, 0xc0, 0xff, 0xc0, 0xff, 0xc0, 0xff, 0xc0, 0xff, 0xc0, 0xff, 0xc0, 0xff, 0xc0, 0xff, 0xc0, 0xff, 0xc0, 0xff, 0xc0, 0xff, 0xc1, 0xff, 0xc2, 0xfe, 0xc1, 0xff, 0xc2, 0xfe, 0xc1, 0xff, 0xc1, 0xfe, 0xc1, 0xff, 0xc0, 0xff, 0xc1, 0xff, 0xbf, 0xff, 0xc0, 0xff, 0xbf, 0xff, 0xc0, 0xff, 0xbf, 0xff, 0xbf, 0xff, 0xbe, 0xff, 0xc0, 0xff, 0xbd, 0xfe, 0xbf, 0xff, 0xbe, 0xfe, 0xbf, 0xff, 0xbf, 0xff, 0xc0, 0xff, 0xc0, 0xff, 0xc0, 0xff, 0xc0, 0xff, 0xc0, 0xff, 0xc0, 0xff, 0xbf, 0xff, 0xbf, 0xff, 0xbf, 0xff, 0xbf, 0xff, 0xbf, 0xff, 0xbf, 0xfe, 0xbf, 0xff, 0xbf, 0xfe, 0xbf, 0xff, 0xbf, 0xfe, 0xbf, 0xff, 0xc0, 0xff, 0xc0, 0xff, 0xc0, 0xff, 0xc0, 0xff, 0xc0, 0xff, 0xc0, 0xff, 0xc0, 0xff, 0xc0, 0xff, 0xc0, 0xff, 0xc0, 0xff, 0xc0, 0xff, 0xc0, 0xff, 0xc0, 0xff, 0xc0, 0xff, 0xc0, 0xff, 0xc0, 0xff, 0xc0, 0xff, 0xc0, 0xff, 0xc0, 0xff, 0xc0, 0xff, 0xc0, 0xff, 0xc0, 0xff, 0xc0, 0xff, 0xc0, 0xff, 0xc0, 0xfe, 0xc1, 0xff, 0xc2, 0xfd, 0xc3, 0xff, 0xc2, 0xfd, 0xc3, 0xff, 0xc1, 0xfe, 0xc2, 0xff, 0xc1, 0xfe, 0xc1, 0xff, 0xc0, 0xff, 0xc0, 0xff, 0xc0, 0xff, 0xbf, 0xff, 0xc0, 0xff, 0xbf, 0xff, 0xc1, 0xff, 0xc0, 0xff, 0xc3, 0xff, 0xc2, 0xff, 0xc3, 0xfe, 0xc1, 0xff, 0xc3, 0xfe, 0xc1, 0xff, 0xc1, 0xfd, 0xc0, 0xff, 0xc0, 0xfe, 0xbf, 0xff, 0xbf, 0xff, 0xc0, 0xff, 0xbe, 0xff, 0xbf, 0xff, 0xbd, 0xff, 0xbe, 0xff, 0xbd, 0xff, 0xbe, 0xff, 0xbd, 0xff, 0xbe, 0xff, 0xbf, 0xff, 0xbf, 0xff, 0xc0, 0xff, 0xc0, 0xff, 
  0xc5, 0xfd, 0xc5, 0xff, 0xc3, 0xfd, 0xc3, 0xff, 0xc0, 0xfe, 0xc1, 0xff, 0xbf, 0xff, 0xbf, 0xff, 0xbd, 0xff, 0xbe, 0xff, 0xbc, 0xff, 0xbe, 0xff, 0xbc, 0xff, 0xbe, 0xff, 0xbd, 0xff, 0xbe, 0xff, 0xbf, 0xff, 0xbf, 0xff, 0xc0, 0xff, 0xc1, 0xff, 0xc1, 0xfe, 0xc2, 0xff, 0xc1, 0xfd, 0xc3, 0xff, 0xc2, 0xfd, 0xc3, 0xff, 0xc2, 0xfd, 0xc3, 0xff, 0xc1, 0xfd, 0xc3, 0xff, 0xc0, 0xfe, 0xc2, 0xff, 0xc0, 0xfe, 0xc1, 0xff, 0xc0, 0xff, 0xc0, 0xff, 0xc0, 0xff, 0xc0, 0xff, 0xc0, 0xff, 0xc0, 0xff, 0xc0, 0xff, 0xc0, 0xff, 0xc0, 0xff, 0xc0, 0xff, 0xc0, 0xff, 0xc0, 0xff, 0xc0, 0xff, 0xc0, 0xff, 0xc0, 0xff, 0xc0, 0xff, 0xc0, 0xff, 0xc0, 0xff, 0xc0, 0xff, 0xc0, 0xff, 0xc0, 0xff, 0xc0, 0xff, 0xc0, 0xff, 0xc0, 0xff, 0xc0, 0xff, 0xc0, 0xff, 0xc0, 0xff, 0xc0, 0xff, 0xc1, 0xfe, 0xc1, 0xff, 0xc3, 0xfd, 0xc2, 0xff, 0xc4, 0xfd, 0xc3, 0xff, 0xc3, 0xfd, 0xc3, 0xff, 0xc2, 0xfd, 0xc2, 0xff, 0xc1, 0xfe, 0xc1, 0xff, 0xc0, 0xfe, 0xc1, 0xff, 0xc0, 0xff, 0xc0, 0xff, 0xbf, 0xff, 0xc0, 0xff, 0xbe, 0xfe, 0xbf, 0xff, 0xbe, 0xfe, 0xbf, 0xff, 0xbf, 0xfe, 0xbf, 0xff, 0xbf, 0xfe, 0xbf, 0xff, 0xc0, 0xfe, 0xbf, 0xff, 0xc1, 0xff, 0xc0, 0xff, 0xc1, 0xff, 0xc0, 0xff, 0xc0, 0xff, 0xc0, 0xff, 0xbf, 0xfe, 0xbf, 0xff, 0xbf, 0xfe, 0xbf, 0xff, 0xbf, 0xfe, 0xbf, 0xff, 0xc0, 0xff, 0xc0, 0xff, 0xc0, 0xff, 0xc0, 0xff, 0xc0, 0xff, 0xc0, 0xff, 0xc0, 0xff, 0xc0, 0xff, 0xc0, 0xff, 0xc0, 0xff, 0xc0, 0xff, 0xc0, 0xff, 0xc0, 0xff, 0xc0, 0xff, 0xc0, 0xff, 0xc0, 0xff, 0xc0, 0xff, 0xc0, 0xff, 0xc0, 0xff, 0xc0, 0xff, 0xc0, 0xff, 0xc0, 0xff, 0xc0, 0xff, 0xc0, 0xff, 0xc0, 0xfe, 0xc1, 0xff, 0xc1, 0xfe, 0xc2, 0xff, 0xc1, 0xfe, 0xc2, 0xff, 0xc1, 0xfe, 0xc1, 0xff, 0xc0, 0xff, 0xc0, 0xff, 0xc0, 0xff, 0xbf, 0xff, 0xc0, 0xff, 0xbf, 0xff, 0xc2, 0xff, 0xc0, 0xff, 0xc3, 0xfe, 0xc1, 0xff, 0xc6, 0xfe, 0xc3, 0xff, 0xc7, 0xfd, 0xc4, 0xff, 0xc6, 0xfc, 0xc3, 0xff, 0xc6, 0xfc, 0xc3, 0xff, 0xc4, 0xfd, 0xc3, 0xff, 0xc2, 0xfe, 0xc2, 0xff, 0xc1, 0xff, 0xc0, 0xff, 0xbe, 0xff, 0xbf, 0xff, 0xbb, 0xff, 0xc0, 0xff, 0xb9, 0xff, 0xbf, 0xff, 0xbb, 0xff, 0xc0, 0xff, 0xbc, 0xff, 0xc1, 0xff, 
  0xc5, 0xfc, 0xc4, 0xff, 0xc4, 0xfd, 0xc3, 0xff, 0xc0, 0xfd, 0xc1, 0xff, 0xbe, 0xfe, 0xc0, 0xff, 0xbe, 0xff, 0xc0, 0xff, 0xbd, 0xff, 0xbf, 0xff, 0xbe, 0xff, 0xc0, 0xff, 0xbf, 0xff, 0xc0, 0xff, 0xbf, 0xff, 0xbf, 0xff, 0xc0, 0xff, 0xc0, 0xff, 0xc1, 0xfe, 0xc1, 0xff, 0xc2, 0xfe, 0xc1, 0xff, 0xc2, 0xfe, 0xc2, 0xff, 0xc1, 0xfd, 0xc2, 0xff, 0xc0, 0xfd, 0xc3, 0xff, 0xbf, 0xfe, 0xc3, 0xff, 0xc0, 0xfe, 0xc1, 0xff, 0xc0, 0xff, 0xc1, 0xff, 0xc0, 0xff, 0xc1, 0xff, 0xc1, 0xff, 0xc0, 0xff, 0xc1, 0xff, 0xc0, 0xff, 0xc1, 0xff, 0xc0, 0xff, 0xc1, 0xff, 0xc0, 0xff, 0xc1, 0xff, 0xc0, 0xff, 0xc1, 0xff, 0xbf, 0xff, 0xc0, 0xff, 0xbf, 0xff, 0xc0, 0xff, 0xc0, 0xff, 0xbf, 0xff, 0xc0, 0xff, 0xbf, 0xff, 0xc0, 0xff, 0xbe, 0xff, 0xc0, 0xff, 0xbe, 0xff, 0xc0, 0xff, 0xbf, 0xff, 0xc1, 0xff, 0xc2, 0xfd, 0xc3, 0xff, 0xc3, 0xfd, 0xc4, 0xff, 0xc3, 0xfc, 0xc4, 0xff, 0xc3, 0xfd, 0xc4, 0xff, 0xc2, 0xfd, 0xc3, 0xff, 0xc2, 0xfe, 0xc2, 0xff, 0xc1, 0xff, 0xc0, 0xff, 0xc0, 0xff, 0xbf, 0xff, 0xc0, 0xff, 0xc0, 0xff, 0xc0, 0xff, 0xc0, 0xff, 0xbf, 0xff, 0xbf, 0xff, 0xbf, 0xff, 0xbf, 0xff, 0xc0, 0xff, 0xc0, 0xff, 0xc0, 0xfd, 0xc0, 0xff, 0xc1, 0xfc, 0xc1, 0xff, 0xc1, 0xfc, 0xc1, 0xff, 0xc0, 0xfc, 0xc0, 0xff, 0xc0, 0xfd, 0xc0, 0xff, 0xc0, 0xfd, 0xc0, 0xff, 0xc0, 0xff, 0xc1, 0xff, 0xc0, 0xff, 0xc0, 0xff, 0xbf, 0xff, 0xc0, 0xff, 0xbf, 0xff, 0xc0, 0xff, 0xbf, 0xff, 0xc0, 0xff, 0xbf, 0xff, 0xc0, 0xff, 0xbf, 0xff, 0xc0, 0xff, 0xbf, 0xff, 0xc1, 0xff, 0xbf, 0xff, 0xc1, 0xff, 0xbf, 0xfe, 0xc1, 0xff, 0xc0, 0xfe, 0xc2, 0xff, 0xc0, 0xfe, 0xc2, 0xff, 0xc0, 0xfe, 0xc2, 0xff, 0xc1, 0xfe, 0xc2, 0xff, 0xc0, 0xfe, 0xc2, 0xff, 0xbf, 0xff, 0xc1, 0xff, 0xbf, 0xff, 0xc0, 0xff, 0xbf, 0xff, 0xbf, 0xff, 0xbf, 0xff, 0xbe, 0xff, 0xc1, 0xff, 0xbf, 0xff, 0xc2, 0xff, 0xc0, 0xff, 0xc3, 0xfd, 0xc0, 0xff, 0xc5, 0xfc, 0xc1, 0xff, 0xc7, 0xfc, 0xc3, 0xff, 0xc6, 0xfc, 0xc4, 0xff, 0xc5, 0xfc, 0xc3, 0xff, 0xc3, 0xfd, 0xc3, 0xff, 0xc2, 0xfe, 0xc2, 0xff, 0xbf, 0xff, 0xc1, 0xff, 0xbb, 0xff, 0xc0, 0xff, 0xba, 0xff, 0xc0, 0xff, 0xba, 0xfe, 0xc1, 0xff, 0xbb, 0xfd, 0xc2, 0xff, 
  0xc5, 0xfd, 0xc1, 0xff, 0xc3, 0xfc, 0xc1, 0xff, 0xc0, 0xfb, 0xc0, 0xff, 0xc0, 0xfe, 0xc3, 0xff, 0xc1, 0xff, 0xc5, 0xff, 0xc1, 0xff, 0xc4, 0xff, 0xbf, 0xff, 0xc1, 0xff, 0xbe, 0xfe, 0xbf, 0xff, 0xbd, 0xfc, 0xba, 0xff, 0xc1, 0xff, 0xbd, 0xff, 0xc4, 0xff, 0xc0, 0xff, 0xc2, 0xff, 0xbf, 0xff, 0xbf, 0xfe, 0xbe, 0xff, 0xbd, 0xfe, 0xc0, 0xff, 0xbb, 0xfd, 0xc1, 0xff, 0xbb, 0xfd, 0xc2, 0xff, 0xbf, 0xfe, 0xc2, 0xff, 0xc1, 0xfe, 0xc1, 0xff, 0xc3, 0xff, 0xc2, 0xff, 0xc4, 0xff, 0xc1, 0xff, 0xc4, 0xff, 0xc1, 0xff, 0xc4, 0xff, 0xbf, 0xff, 0xc4, 0xff, 0xbf, 0xff, 0xc2, 0xfe, 0xbd, 0xff, 0xc1, 0xfe, 0xbc, 0xff, 0xc1, 0xff, 0xbd, 0xff, 0xc0, 0xff, 0xbe, 0xff, 0xbf, 0xff, 0xbe, 0xff, 0xbd, 0xff, 0xbe, 0xff, 0xbb, 0xff, 0xbf, 0xff, 0xbd, 0xff, 0xc1, 0xff, 0xbf, 0xff, 0xc5, 0xff, 0xbd, 0xfe, 0xc3, 0xff, 0xbf, 0xfd, 0xc5, 0xff, 0xc2, 0xfd, 0xc6, 0xff, 0xc4, 0xfe, 0xc7, 0xff, 0xc5, 0xfd, 0xc5, 0xff, 0xc4, 0xfd, 0xc3, 0xff, 0xc2, 0xfe, 0xbf, 0xff, 0xc0, 0xff, 0xbd, 0xff, 0xbe, 0xff, 0xbc, 0xff, 0xbd, 0xff, 0xbc, 0xff, 0xbc, 0xff, 0xbc, 0xff, 0xbd, 0xff, 0xbe, 0xff, 0xbe, 0xff, 0xc0, 0xff, 0xc0, 0xfd, 0xc3, 0xff, 0xc2, 0xfb, 0xc6, 0xff, 0xc3, 0xfb, 0xc6, 0xff, 0xc5, 0xfd, 0xc5, 0xff, 0xc5, 0xfe, 0xc3, 0xff, 0xc2, 0xfc, 0xc1, 0xff, 0xc0, 0xfc, 0xbf, 0xff, 0xbf, 0xfe, 0xbf, 0xff, 0xc1, 0xff, 0xc1, 0xff, 0xbf, 0xff, 0xc0, 0xff, 0xbc, 0xff, 0xbe, 0xff, 0xbd, 0xff, 0xc0, 0xff, 0xbc, 0xff, 0xc0, 0xff, 0xbb, 0xfd, 0xbf, 0xff, 0xbc, 0xfc, 0xc0, 0xff, 0xbd, 0xfc, 0xc1, 0xff, 0xbf, 0xfc, 0xc3, 0xff, 0xc1, 0xfc, 0xc5, 0xff, 0xc1, 0xfc, 0xc5, 0xff, 0xc2, 0xff, 0xc6, 0xff, 0xc0, 0xff, 0xc4, 0xff, 0xbe, 0xff, 0xc1, 0xff, 0xbc, 0xff, 0xbe, 0xff, 0xbb, 0xff, 0xbc, 0xff, 0xba, 0xff, 0xba, 0xff, 0xbc, 0xff, 0xbb, 0xff, 0xbe, 0xff, 0xbc, 0xff, 0xc5, 0xff, 0xc2, 0xff, 0xc4, 0xff, 0xc2, 0xff, 0xc4, 0xfe, 0xc1, 0xff, 0xc2, 0xfb, 0xc0, 0xff, 0xc2, 0xfc, 0xc2, 0xff, 0xc2, 0xfd, 0xc3, 0xff, 0xc2, 0xfe, 0xc4, 0xff, 0xc1, 0xff, 0xc3, 0xff, 0xc0, 0xff, 0xc1, 0xff, 0xc0, 0xfe, 0xc1, 0xff, 0xc0, 0xfd, 0xc3, 0xff, 0xc0, 0xfd, 0xc4, 0xff, 
  0xc4, 0xfd, 0xbf, 0xff, 0xc6, 0xff, 0xc3, 0xff, 0xc5, 0xff, 0xc5, 0xff, 0xc1, 0xfe, 0xc4, 0xff, 0xbd, 0xfb, 0xc1, 0xff, 0xbb, 0xfa, 0xbf, 0xff, 0xbd, 0xfc, 0xc0, 0xff, 0xc1, 0xff, 0xc1, 0xff, 0xc5, 0xff, 0xc3, 0xff, 0xc4, 0xff, 0xc0, 0xff, 0xc2, 0xfe, 0xbd, 0xff, 0xbf, 0xfb, 0xbb, 0xff, 0xc1, 0xfc, 0xc0, 0xff, 0xc3, 0xff, 0xc6, 0xff, 0xc3, 0xff, 0xc9, 0xff, 0xc3, 0xfd, 0xc9, 0xff, 0xc7, 0xfe, 0xc9, 0xff, 0xc8, 0xfd, 0xc8, 0xff, 0xc8, 0xfc, 0xc7, 0xff, 0xc8, 0xfb, 0xc5, 0xff, 0xca, 0xfc, 0xc6, 0xff, 0xcb, 0xfd, 0xc6, 0xff, 0xcc, 0xfe, 0xc7, 0xff, 0xcc, 0xff, 0xc7, 0xff, 0xc9, 0xff, 0xc4, 0xff, 0xc6, 0xfd, 0xc1, 0xff, 0xc3, 0xfd, 0xc0, 0xff, 0xc1, 0xfe, 0xc1, 0xff, 0xc0, 0xff, 0xc1, 0xff, 0xbd, 0xff, 0xc0, 0xff, 0xb9, 0xfd, 0xbd, 0xff, 0xb7, 0xfb, 0xbc, 0xff, 0xba, 0xfd, 0xc0, 0xff, 0xbd, 0xfe, 0xc4, 0xff, 0xbf, 0xfd, 0xc4, 0xff, 0xc0, 0xfb, 0xc3, 0xff, 0xc1, 0xfa, 0xc2, 0xff, 0xc3, 0xfd, 0xc3, 0xff, 0xc3, 0xff, 0xc1, 0xff, 0xc2, 0xff, 0xbf, 0xff, 0xbe, 0xff, 0xbc, 0xff, 0xbc, 0xff, 0xbc, 0xff, 0xbc, 0xff, 0xbc, 0xff, 0xbc, 0xff, 0xbe, 0xff, 0xbe, 0xff, 0xc0, 0xff, 0xc0, 0xfd, 0xc4, 0xff, 0xc2, 0xfb, 0xc7, 0xff, 0xc4, 0xfb, 0xc7, 0xff, 0xc4, 0xfb, 0xc3, 0xff, 0xc5, 0xfe, 0xc3, 0xff, 0xc5, 0xff, 0xc4, 0xff, 0xc3, 0xff, 0xc2, 0xff, 0xc1, 0xfe, 0xc1, 0xff, 0xc1, 0xff, 0xc0, 0xff, 0xbd, 0xfc, 0xbe, 0xff, 0xba, 0xfa, 0xbc, 0xff, 0xbb, 0xfa, 0xbe, 0xff, 0xbc, 0xfa, 0xc1, 0xff, 0xc0, 0xfc, 0xc5, 0xff, 0xc5, 0xfe, 0xca, 0xff, 0xc9, 0xff, 0xcd, 0xff, 0xc9, 0xfd, 0xce, 0xff, 0xc8, 0xfa, 0xcd, 0xff, 0xc6, 0xf8, 0xcb, 0xff, 0xc4, 0xf8, 0xc8, 0xff, 0xc5, 0xfb, 0xc9, 0xff, 0xc5, 0xff, 0xc9, 0xff, 0xc6, 0xff, 0xc8, 0xff, 0xc5, 0xff, 0xc6, 0xff, 0xc2, 0xff, 0xc2, 0xff, 0xc0, 0xff, 0xbf, 0xff, 0xbf, 0xfd, 0xbd, 0xff, 0xbd, 0xfa, 0xbb, 0xff, 0xbf, 0xfa, 0xbd, 0xff, 0xc4, 0xfd, 0xc1, 0xff, 0xc7, 0xff, 0xc6, 0xff, 0xc5, 0xff, 0xc6, 0xff, 0xbe, 0xfc, 0xc1, 0xff, 0xbc, 0xfb, 0xbf, 0xff, 0xbf, 0xfe, 0xc1, 0xff, 0xc1, 0xff, 0xc0, 0xff, 0xc2, 0xfe, 0xc1, 0xff, 0xc1, 0xfd, 0xc3, 0xff, 0xc1, 0xfd, 0xc4, 0xff, 
  0xc5, 0xff, 0xc1, 0xff, 0xc3, 0xfe, 0xc1, 0xff, 0xc0, 0xfd, 0xc0, 0xff, 0xbe, 0xfd, 0xc0, 0xff, 0xbe, 0xff, 0xc1, 0xff, 0xbe, 0xff, 0xc2, 0xff, 0xbe, 0xff, 0xc0, 0xff, 0xbf, 0xfe, 0xbf, 0xff, 0xbe, 0xfa, 0xbc, 0xff, 0xc2, 0xfb, 0xbf, 0xff, 0xc8, 0xfd, 0xc4, 0xff, 0xcc, 0xfd, 0xc9, 0xff, 0xce, 0xfc, 0xcd, 0xff, 0xcd, 0xf9, 0xce, 0xff, 0xc7, 0xf1, 0xcb, 0xff, 0xc2, 0xeb, 0xc6, 0xff, 0xc3, 0xea, 0xc4, 0xff, 0xc2, 0xe7, 0xc2, 0xff, 0xc1, 0xe5, 0xc0, 0xff, 0xc0, 0xe3, 0xbe, 0xff, 0xc0, 0xe3, 0xbf, 0xff, 0xc3, 0xe6, 0xc2, 0xff, 0xc5, 0xe9, 0xc4, 0xff, 0xc6, 0xec, 0xc5, 0xff, 0xc9, 0xf1, 0xc8, 0xff, 0xcc, 0xf6, 0xca, 0xff, 0xcc, 0xfa, 0xcb, 0xff, 0xca, 0xfc, 0xc9, 0xff, 0xc4, 0xfa, 0xc4, 0xff, 0xc1, 0xfb, 0xc1, 0xff, 0xc1, 0xfe, 0xc2, 0xff, 0xc2, 0xff, 0xc4, 0xff, 0xbb, 0xfd, 0xbf, 0xff, 0xbe, 0xff, 0xc2, 0xff, 0xbf, 0xff, 0xc2, 0xff, 0xbe, 0xfd, 0xc1, 0xff, 0xbf, 0xfc, 0xc0, 0xff, 0xc2, 0xff, 0xc3, 0xff, 0xc2, 0xff, 0xc3, 0xff, 0xbf, 0xff, 0xc0, 0xff, 0xbe, 0xff, 0xbf, 0xff, 0xbd, 0xff, 0xbf, 0xff, 0xbd, 0xff, 0xbf, 0xff, 0xbe, 0xff, 0xc0, 0xff, 0xc0, 0xfe, 0xc1, 0xff, 0xc1, 0xfd, 0xc3, 0xff, 0xc3, 0xfc, 0xc4, 0xff, 0xc3, 0xfc, 0xc4, 0xff, 0xc0, 0xfc, 0xc0, 0xff, 0xc3, 0xff, 0xc2, 0xff, 0xc4, 0xff, 0xc4, 0xff, 0xc1, 0xfc, 0xc1, 0xff, 0xbf, 0xf9, 0xbf, 0xff, 0xc1, 0xf9, 0xc1, 0xff, 0xc5, 0xfb, 0xc5, 0xff, 0xc8, 0xfc, 0xc9, 0xff, 0xcc, 0xfe, 0xcf, 0xff, 0xca, 0xf9, 0xce, 0xff, 0xc7, 0xf3, 0xcb, 0xff, 0xc4, 0xed, 0xc7, 0xff, 0xc2, 0xe9, 0xc6, 0xff, 0xc2, 0xe6, 0xc5, 0xff, 0xc1, 0xe3, 0xc4, 0xff, 0xc0, 0xe2, 0xc3, 0xff, 0xc5, 0xe8, 0xc7, 0xff, 0xc4, 0xe9, 0xc5, 0xff, 0xc2, 0xea, 0xc3, 0xff, 0xc2, 0xee, 0xc3, 0xff, 0xc4, 0xf2, 0xc4, 0xff, 0xc8, 0xf8, 0xc7, 0xff, 0xca, 0xfc, 0xc9, 0xff, 0xcd, 0xff, 0xcb, 0xff, 0xc9, 0xfb, 0xc7, 0xff, 0xc6, 0xfa, 0xc5, 0xff, 0xc3, 0xf8, 0xc2, 0xff, 0xc1, 0xf9, 0xc1, 0xff, 0xc0, 0xfb, 0xc1, 0xff, 0xbf, 0xfe, 0xc1, 0xff, 0xbd, 0xff, 0xc0, 0xff, 0xbd, 0xff, 0xbf, 0xff, 0xbf, 0xff, 0xbf, 0xff, 0xc0, 0xff, 0xbf, 0xff, 0xc0, 0xfe, 0xc1, 0xff, 0xc0, 0xfe, 0xc3, 0xff, 
  0xc2, 0xfe, 0xc1, 0xff, 0xc0, 0xfd, 0xc0, 0xff, 0xbd, 0xfc, 0xbd, 0xff, 0xbd, 0xfd, 0xbe, 0xff, 0xbe, 0xff, 0xc1, 0xff, 0xbf, 0xff, 0xc2, 0xff, 0xbf, 0xff, 0xc0, 0xff, 0xbe, 0xfb, 0xbe, 0xff, 0xc6, 0xfe, 0xc6, 0xff, 0xcb, 0xfd, 0xca, 0xff, 0xcd, 0xf8, 0xcb, 0xff, 0xcb, 0xf0, 0xc9, 0xff, 0xc4, 0xe3, 0xc2, 0xff, 0xbb, 0xd7, 0xba, 0xff, 0xb3, 0xcb, 0xb3, 0xff, 0xad, 0xc4, 0xae, 0xff, 0xa8, 0xbf, 0xa7, 0xff, 0xa6, 0xbc, 0xa5, 0xff, 0xa5, 0xba, 0xa4, 0xff, 0xa4, 0xb8, 0xa4, 0xff, 0xa4, 0xb8, 0xa5, 0xff, 0xa5, 0xba, 0xa7, 0xff, 0xa8, 0xbd, 0xaa, 0xff, 0xa8, 0xbf, 0xaa, 0xff, 0xab, 0xc4, 0xac, 0xff, 0xb6, 0xd3, 0xb7, 0xff, 0xc2, 0xe4, 0xc2, 0xff, 0xca, 0xf0, 0xc9, 0xff, 0xc9, 0xf4, 0xc8, 0xff, 0xc6, 0xf5, 0xc4, 0xff, 0xc6, 0xf8, 0xc4, 0xff, 0xc5, 0xfc, 0xc3, 0xff, 0xbe, 0xfd, 0xbf, 0xff, 0xbc, 0xfe, 0xbe, 0xff, 0xbc, 0xfd, 0xbe, 0xff, 0xbd, 0xfe, 0xbf, 0xff, 0xbe, 0xff, 0xc1, 0xff, 0xbf, 0xff, 0xc2, 0xff, 0xbd, 0xff, 0xc2, 0xff, 0xbb, 0xfd, 0xc0, 0xff, 0xbe, 0xfe, 0xc2, 0xff, 0xbf, 0xfe, 0xc2, 0xff, 0xbf, 0xfe, 0xc2, 0xff, 0xc0, 0xfe, 0xc2, 0xff, 0xc1, 0xfe, 0xc2, 0xff, 0xc2, 0xfe, 0xc1, 0xff, 0xc3, 0xfe, 0xc1, 0xff, 0xc2, 0xfe, 0xc1, 0xff, 0xbf, 0xfd, 0xc0, 0xff, 0xbe, 0xfc, 0xbf, 0xff, 0xbe, 0xf9, 0xbf, 0xff, 0xc0, 0xf8, 0xc0, 0xff, 0xc6, 0xfa, 0xc6, 0xff, 0xcb, 0xfb, 0xcb, 0xff, 0xcd, 0xf8, 0xcd, 0xff, 0xcb, 0xf2, 0xcc, 0xff, 0xc0, 0xe3, 0xc2, 0xff, 0xba, 0xd9, 0xbc, 0xff, 0xb2, 0xce, 0xb4, 0xff, 0xa9, 0xc1, 0xab, 0xff, 0xa4, 0xbb, 0xa6, 0xff, 0xa2, 0xb7, 0xa4, 0xff, 0xa3, 0xb7, 0xa4, 0xff, 0xa4, 0xb6, 0xa4, 0xff, 0xa4, 0xb7, 0xa4, 0xff, 0xa2, 0xb6, 0xa2, 0xff, 0xa2, 0xb9, 0xa1, 0xff, 0xa5, 0xbf, 0xa4, 0xff, 0xac, 0xc9, 0xab, 0xff, 0xb6, 0xd7, 0xb5, 0xff, 0xc1, 0xe3, 0xc0, 0xff, 0xc7, 0xeb, 0xc6, 0xff, 0xcb, 0xf1, 0xc9, 0xff, 0xd0, 0xfa, 0xcf, 0xff, 0xcc, 0xfa, 0xcc, 0xff, 0xc1, 0xf4, 0xc1, 0xff, 0xbc, 0xf5, 0xbd, 0xff, 0xbf, 0xff, 0xc1, 0xff, 0xbf, 0xff, 0xc2, 0xff, 0xbb, 0xff, 0xbc, 0xff, 0xbe, 0xff, 0xbd, 0xff, 0xbf, 0xff, 0xbe, 0xff, 0xc0, 0xff, 0xc0, 0xff, 0xc0, 0xfe, 0xc1, 0xff, 
  0xbc, 0xfb, 0xbf, 0xff, 0xc1, 0xff, 0xc3, 0xff, 0xc3, 0xff, 0xc4, 0xff, 0xbe, 0xff, 0xbf, 0xff, 0xba, 0xfc, 0xbb, 0xff, 0xbc, 0xfd, 0xbc, 0xff, 0xc1, 0xfe, 0xc1, 0xff, 0xc7, 0xff, 0xc7, 0xff, 0xca, 0xfa, 0xca, 0xff, 0xc4, 0xeb, 0xc4, 0xff, 0xba, 0xd9, 0xba, 0xff, 0xb0, 0xc8, 0xb0, 0xff, 0xad, 0xbd, 0xab, 0xff, 0xac, 0xb7, 0xaa, 0xff, 0xaf, 0xb6, 0xac, 0xff, 0xb0, 0xb6, 0xae, 0xff, 0xb1, 0xb9, 0xaf, 0xff, 0xb0, 0xb7, 0xaf, 0xff, 0xb0, 0xb7, 0xb0, 0xff, 0xb0, 0xb6, 0xb1, 0xff, 0xb0, 0xb5, 0xb3, 0xff, 0xb0, 0xb5, 0xb3, 0xff, 0xaf, 0xb5, 0xb4, 0xff, 0xad, 0xb6, 0xb3, 0xff, 0xb0, 0xbb, 0xb4, 0xff, 0xa6, 0xb5, 0xa9, 0xff, 0xa1, 0xb5, 0xa2, 0xff, 0xad, 0xc5, 0xac, 0xff, 0xc1, 0xdf, 0xbf, 0xff, 0xd0, 0xf2, 0xcc, 0xff, 0xd1, 0xf6, 0xcc, 0xff, 0xc9, 0xf5, 0xc4, 0xff, 0xc5, 0xfd, 0xc3, 0xff, 0xbc, 0xfa, 0xbb, 0xff, 0xb9, 0xf9, 0xba, 0xff, 0xbb, 0xfe, 0xbe, 0xff, 0xbd, 0xff, 0xc1, 0xff, 0xbc, 0xff, 0xc0, 0xff, 0xba, 0xfe, 0xc0, 0xff, 0xbd, 0xff, 0xc4, 0xff, 0xbe, 0xfd, 0xc4, 0xff, 0xc0, 0xfd, 0xc5, 0xff, 0xc1, 0xfc, 0xc5, 0xff, 0xc2, 0xfd, 0xc4, 0xff, 0xc3, 0xfe, 0xc2, 0xff, 0xc3, 0xfe, 0xc0, 0xff, 0xc2, 0xff, 0xbf, 0xff, 0xc1, 0xff, 0xbf, 0xff, 0xbd, 0xfc, 0xbe, 0xff, 0xbe, 0xfa, 0xc0, 0xff, 0xc0, 0xf9, 0xc2, 0xff, 0xc7, 0xfb, 0xc9, 0xff, 0xcf, 0xfb, 0xcf, 0xff, 0xcd, 0xf2, 0xcd, 0xff, 0xc2, 0xdf, 0xc1, 0xff, 0xb5, 0xcd, 0xb5, 0xff, 0xa5, 0xb7, 0xa5, 0xff, 0xa8, 0xb5, 0xa8, 0xff, 0xab, 0xb4, 0xaa, 0xff, 0xae, 0xb5, 0xae, 0xff, 0xb2, 0xb7, 0xb2, 0xff, 0xb5, 0xba, 0xb5, 0xff, 0xb7, 0xbc, 0xb7, 0xff, 0xb8, 0xbc, 0xb7, 0xff, 0xb8, 0xba, 0xb6, 0xff, 0xb7, 0xba, 0xb4, 0xff, 0xb4, 0xba, 0xb2, 0xff, 0xb1, 0xba, 0xaf, 0xff, 0xae, 0xbb, 0xad, 0xff, 0xad, 0xbd, 0xac, 0xff, 0xac, 0xbf, 0xac, 0xff, 0xab, 0xc1, 0xab, 0xff, 0xb6, 0xd0, 0xb6, 0xff, 0xc3, 0xe2, 0xc3, 0xff, 0xcd, 0xf3, 0xce, 0xff, 0xcd, 0xfa, 0xce, 0xff, 0xc5, 0xfb, 0xc6, 0xff, 0xc0, 0xfe, 0xc2, 0xff, 0xbd, 0xff, 0xbf, 0xff, 0xbb, 0xff, 0xbd, 0xff, 0xbd, 0xff, 0xbd, 0xff, 0xbf, 0xff, 0xbe, 0xff, 0xbf, 0xff, 0xc0, 0xff, 0xc0, 0xff, 0xc1, 0xff, 
  0xbd, 0xff, 0xc1, 0xff, 0xbf, 0xff, 0xc3, 0xff, 0xc0, 0xff, 0xc2, 0xff, 0xbf, 0xff, 0xbf, 0xff, 0xc0, 0xff, 0xc0, 0xff, 0xc5, 0xff, 0xc3, 0xff, 0xc8, 0xfd, 0xc7, 0xff, 0xca, 0xf8, 0xca, 0xff, 0xb4, 0xd9, 0xb5, 0xff, 0xad, 0xc9, 0xae, 0xff, 0xa5, 0xb9, 0xa7, 0xff, 0xa6, 0xb3, 0xa7, 0xff, 0xaf, 0xb5, 0xae, 0xff, 0xb8, 0xb8, 0xb4, 0xff, 0xbb, 0xb8, 0xb6, 0xff, 0xba, 0xb7, 0xb5, 0xff, 0xb7, 0xb6, 0xb5, 0xff, 0xb6, 0xb6, 0xb6, 0xff, 0xb7, 0xb7, 0xb8, 0xff, 0xb7, 0xb6, 0xb9, 0xff, 0xb7, 0xb5, 0xba, 0xff, 0xb6, 0xb4, 0xba, 0xff, 0xb5, 0xb4, 0xbb, 0xff, 0xb3, 0xb3, 0xb9, 0xff, 0xb0, 0xb3, 0xb5, 0xff, 0xb2, 0xb8, 0xb6, 0xff, 0xb2, 0xbc, 0xb3, 0xff, 0xab, 0xb9, 0xab, 0xff, 0xa5, 0xb7, 0xa2, 0xff, 0xad, 0xc3, 0xa9, 0xff, 0xc5, 0xde, 0xbf, 0xff, 0xd6, 0xf6, 0xd0, 0xff, 0xcd, 0xfb, 0xc9, 0xff, 0xc4, 0xfb, 0xc2, 0xff, 0xc0, 0xfc, 0xc0, 0xff, 0xbf, 0xff, 0xc1, 0xff, 0xbc, 0xff, 0xc0, 0xff, 0xba, 0xff, 0xbf, 0xff, 0xba, 0xff, 0xc0, 0xff, 0xbe, 0xff, 0xc4, 0xff, 0xbf, 0xfd, 0xc4, 0xff, 0xc1, 0xfc, 0xc5, 0xff, 0xc3, 0xfc, 0xc6, 0xff, 0xc3, 0xfc, 0xc4, 0xff, 0xc3, 0xfd, 0xc2, 0xff, 0xc2, 0xff, 0xc0, 0xff, 0xc1, 0xff, 0xbd, 0xff, 0xc1, 0xff, 0xbe, 0xff, 0xbd, 0xf8, 0xbe, 0xff, 0xc6, 0xfd, 0xc8, 0xff, 0xcc, 0xfe, 0xce, 0xff, 0xc9, 0xf4, 0xca, 0xff, 0xbf, 0xe2, 0xc0, 0xff, 0xb4, 0xcf, 0xb4, 0xff, 0xaf, 0xc0, 0xae, 0xff, 0xac, 0xb7, 0xab, 0xff, 0xb4, 0xb9, 0xb3, 0xff, 0xb6, 0xb7, 0xb5, 0xff, 0xb8, 0xb5, 0xb6, 0xff, 0xb8, 0xb5, 0xb7, 0xff, 0xb7, 0xb4, 0xb6, 0xff, 0xb6, 0xb3, 0xb5, 0xff, 0xb2, 0xb0, 0xb2, 0xff, 0xb1, 0xae, 0xb0, 0xff, 0xb7, 0xb2, 0xb4, 0xff, 0xb8, 0xb2, 0xb4, 0xff, 0xb7, 0xb3, 0xb4, 0xff, 0xb6, 0xb5, 0xb4, 0xff, 0xb5, 0xb7, 0xb4, 0xff, 0xb3, 0xb8, 0xb3, 0xff, 0xb0, 0xb8, 0xb1, 0xff, 0xaf, 0xb9, 0xaf, 0xff, 0xac, 0xbb, 0xac, 0xff, 0xad, 0xc1, 0xad, 0xff, 0xb6, 0xd3, 0xb7, 0xff, 0xc6, 0xec, 0xc8, 0xff, 0xcd, 0xfc, 0xce, 0xff, 0xc8, 0xff, 0xc9, 0xff, 0xc0, 0xff, 0xc1, 0xff, 0xbf, 0xff, 0xbf, 0xff, 0xbe, 0xff, 0xbd, 0xff, 0xbe, 0xff, 0xbd, 0xff, 0xbf, 0xff, 0xbf, 0xff, 0xc0, 0xff, 0xc0, 0xff, 
  0xbc, 0xff, 0xc3, 0xff, 0xba, 0xff, 0xc0, 0xff, 0xba, 0xfb, 0xbc, 0xff, 0xbf, 0xfc, 0xbf, 0xff, 0xc9, 0xff, 0xc7, 0xff, 0xcd, 0xfd, 0xc9, 0xff, 0xc3, 0xeb, 0xc0, 0xff, 0xb8, 0xd8, 0xb6, 0xff, 0xaa, 0xc1, 0xab, 0xff, 0xaa, 0xba, 0xac, 0xff, 0xad, 0xb6, 0xb0, 0xff, 0xb3, 0xb7, 0xb5, 0xff, 0xbb, 0xba, 0xba, 0xff, 0xbc, 0xb9, 0xb8, 0xff, 0xb8, 0xb4, 0xb2, 0xff, 0xb5, 0xb1, 0xaf, 0xff, 0xb5, 0xb4, 0xb3, 0xff, 0xb4, 0xb4, 0xb4, 0xff, 0xb4, 0xb3, 0xb5, 0xff, 0xb5, 0xb4, 0xb7, 0xff, 0xb5, 0xb4, 0xb8, 0xff, 0xb5, 0xb3, 0xb8, 0xff, 0xb5, 0xb3, 0xb9, 0xff, 0xb3, 0xb2, 0xb8, 0xff, 0xb3, 0xb3, 0xb7, 0xff, 0xb1, 0xb3, 0xb4, 0xff, 0xaf, 0xb3, 0xb1, 0xff, 0xaf, 0xb6, 0xaf, 0xff, 0xb0, 0xb9, 0xaf, 0xff, 0xb2, 0xbc, 0xae, 0xff, 0xb1, 0xbd, 0xad, 0xff, 0xac, 0xc1, 0xa8, 0xff, 0xc3, 0xe6, 0xc1, 0xff, 0xc6, 0xf3, 0xc5, 0xff, 0xc9, 0xfc, 0xc9, 0xff, 0xc3, 0xfd, 0xc5, 0xff, 0xbd, 0xfe, 0xc0, 0xff, 0xbb, 0xff, 0xc0, 0xff, 0xbc, 0xff, 0xc1, 0xff, 0xbc, 0xff, 0xc1, 0xff, 0xbf, 0xfe, 0xc3, 0xff, 0xc2, 0xfc, 0xc4, 0xff, 0xc4, 0xfc, 0xc5, 0xff, 0xc4, 0xfc, 0xc4, 0xff, 0xc3, 0xfd, 0xc2, 0xff, 0xc1, 0xff, 0xc0, 0xff, 0xc0, 0xff, 0xbe, 0xff, 0xc1, 0xff, 0xc0, 0xff, 0xc3, 0xf8, 0xc5, 0xff, 0xc8, 0xf6, 0xcb, 0xff, 0xc5, 0xed, 0xc6, 0xff, 0xb7, 0xd8, 0xb8, 0xff, 0xa9, 0xc2, 0xaa, 0xff, 0xa6, 0xb6, 0xa6, 0xff, 0xad, 0xb4, 0xac, 0xff, 0xb5, 0xb6, 0xb3, 0xff, 0xb7, 0xb3, 0xb5, 0xff, 0xb8, 0xb2, 0xb6, 0xff, 0xb8, 0xb2, 0xb7, 0xff, 0xb9, 0xb3, 0xb8, 0xff, 0xb8, 0xb5, 0xb8, 0xff, 0xb9, 0xb7, 0xb9, 0xff, 0xb8, 0xb8, 0xb8, 0xff, 0xb9, 0xb8, 0xb8, 0xff, 0xbb, 0xb6, 0xb8, 0xff, 0xbb, 0xb4, 0xb7, 0xff, 0xb9, 0xb4, 0xb6, 0xff, 0xb6, 0xb3, 0xb4, 0xff, 0xb5, 0xb4, 0xb4, 0xff, 0xb4, 0xb4, 0xb4, 0xff, 0xb4, 0xb5, 0xb5, 0xff, 0xb4, 0xb7, 0xb5, 0xff, 0xb2, 0xb8, 0xb3, 0xff, 0xa9, 0xb4, 0xaa, 0xff, 0xa4, 0xb8, 0xa5, 0xff, 0xaf, 0xca, 0xaf, 0xff, 0xbf, 0xe4, 0xbf, 0xff, 0xc8, 0xf6, 0xc8, 0xff, 0xc8, 0xfd, 0xc8, 0xff, 0xc2, 0xfe, 0xc2, 0xff, 0xbe, 0xff, 0xbd, 0xff, 0xbd, 0xff, 0xbc, 0xff, 0xbe, 0xff, 0xbe, 0xff, 0xbf, 0xfe, 0xbe, 0xff, 
  0xb4, 0xfc, 0xbd, 0xff, 0xb9, 0xfe, 0xbf, 0xff, 0xbe, 0xfd, 0xc1, 0xff, 0xc4, 0xfb, 0xc3, 0xff, 0xc9, 0xf7, 0xc6, 0xff, 0xc5, 0xe8, 0xc0, 0xff, 0xb2, 0xcc, 0xae, 0xff, 0xa1, 0xb3, 0x9f, 0xff, 0xac, 0xb7, 0xad, 0xff, 0xaf, 0xb5, 0xb3, 0xff, 0xb2, 0xb5, 0xb7, 0xff, 0xb5, 0xb5, 0xb8, 0xff, 0xb4, 0xb4, 0xb4, 0xff, 0xb3, 0xb3, 0xb0, 0xff, 0xb6, 0xb7, 0xb0, 0xff, 0xba, 0xbd, 0xb4, 0xff, 0xb3, 0xb9, 0xb2, 0xff, 0xb1, 0xb7, 0xb2, 0xff, 0xb0, 0xb6, 0xb1, 0xff, 0xb0, 0xb6, 0xb1, 0xff, 0xb0, 0xb6, 0xb2, 0xff, 0xb2, 0xb7, 0xb3, 0xff, 0xb4, 0xb8, 0xb6, 0xff, 0xb4, 0xb8, 0xb6, 0xff, 0xb5, 0xb8, 0xb6, 0xff, 0xb4, 0xb7, 0xb5, 0xff, 0xb3, 0xb7, 0xb5, 0xff, 0xb4, 0xb7, 0xb4, 0xff, 0xb4, 0xb7, 0xb4, 0xff, 0xb3, 0xb7, 0xb2, 0xff, 0xb2, 0xb6, 0xb1, 0xff, 0xad, 0xb8, 0xac, 0xff, 0xad, 0xc5, 0xad, 0xff, 0xbe, 0xe0, 0xbe, 0xff, 0xcb, 0xf4, 0xcb, 0xff, 0xc6, 0xf7, 0xc7, 0xff, 0xbe, 0xf8, 0xc0, 0xff, 0xc0, 0xff, 0xc3, 0xff, 0xc0, 0xff, 0xc3, 0xff, 0xbc, 0xfe, 0xbd, 0xff, 0xc0, 0xff, 0xc1, 0xff, 0xc2, 0xfd, 0xc2, 0xff, 0xc4, 0xfd, 0xc3, 0xff, 0xc4, 0xfd, 0xc3, 0xff, 0xc2, 0xfd, 0xc3, 0xff, 0xc1, 0xfe, 0xc2, 0xff, 0xbf, 0xff, 0xc0, 0xff, 0xc2, 0xfd, 0xc3, 0xff, 0xcf, 0xfb, 0xd0, 0xff, 0xc2, 0xe4, 0xc4, 0xff, 0xad, 0xcb, 0xaf, 0xff, 0xa4, 0xbb, 0xa5, 0xff, 0xa9, 0xb8, 0xa9, 0xff, 0xb2, 0xba, 0xb2, 0xff, 0xb8, 0xb9, 0xb6, 0xff, 0xb7, 0xb3, 0xb5, 0xff, 0xb9, 0xb3, 0xb7, 0xff, 0xb9, 0xb3, 0xb7, 0xff, 0xb9, 0xb5, 0xb7, 0xff, 0xb8, 0xb7, 0xb7, 0xff, 0xb6, 0xb8, 0xb5, 0xff, 0xb2, 0xb8, 0xb3, 0xff, 0xae, 0xb8, 0xaf, 0xff, 0xae, 0xb6, 0xae, 0xff, 0xb4, 0xb8, 0xb2, 0xff, 0xb6, 0xb7, 0xb3, 0xff, 0xb5, 0xb7, 0xb4, 0xff, 0xb5, 0xb7, 0xb4, 0xff, 0xb5, 0xb7, 0xb5, 0xff, 0xb4, 0xb5, 0xb5, 0xff, 0xb3, 0xb4, 0xb5, 0xff, 0xb3, 0xb4, 0xb5, 0xff, 0xb2, 0xb3, 0xb3, 0xff, 0xb5, 0xba, 0xb6, 0xff, 0xad, 0xb8, 0xae, 0xff, 0xa2, 0xb4, 0xa2, 0xff, 0xaa, 0xc4, 0xa9, 0xff, 0xbf, 0xe1, 0xbe, 0xff, 0xcc, 0xf5, 0xcb, 0xff, 0xc8, 0xfa, 0xc7, 0xff, 0xc1, 0xfd, 0xc0, 0xff, 0xbe, 0xff, 0xbd, 0xff, 0xbf, 0xfe, 0xbe, 0xff, 0xc0, 0xfe, 0xbf, 0xff, 
  0xb6, 0xff, 0xbf, 0xff, 0xba, 0xfe, 0xc1, 0xff, 0xc2, 0xfc, 0xc4, 0xff, 0xcc, 0xfb, 0xca, 0xff, 0xc9, 0xea, 0xc4, 0xff, 0xab, 0xc0, 0xa4, 0xff, 0xb1, 0xbb, 0xab, 0xff, 0xb9, 0xbc, 0xb6, 0xff, 0xb5, 0xb4, 0xb6, 0xff, 0xb2, 0xb0, 0xb6, 0xff, 0xb4, 0xb3, 0xb9, 0xff, 0xaf, 0xb2, 0xb4, 0xff, 0xb3, 0xba, 0xb5, 0xff, 0xad, 0xb8, 0xac, 0xff, 0xae, 0xbb, 0xa8, 0xff, 0xa6, 0xb6, 0xa0, 0xff, 0xa4, 0xb7, 0xa3, 0xff, 0xa5, 0xb9, 0xa6, 0xff, 0xaa, 0xbe, 0xab, 0xff, 0xad, 0xc1, 0xae, 0xff, 0xaf, 0xc2, 0xae, 0xff, 0xae, 0xc0, 0xac, 0xff, 0xaa, 0xbb, 0xa7, 0xff, 0xa7, 0xb6, 0xa4, 0xff, 0xac, 0xb9, 0xa9, 0xff, 0xae, 0xb9, 0xac, 0xff, 0xae, 0xb7, 0xae, 0xff, 0xb0, 0xb6, 0xb1, 0xff, 0xb5, 0xb8, 0xb7, 0xff, 0xb3, 0xb4, 0xb7, 0xff, 0xb2, 0xb2, 0xb6, 0xff, 0xb1, 0xb4, 0xb5, 0xff, 0xad, 0xb9, 0xb0, 0xff, 0xa7, 0xbc, 0xaa, 0xff, 0xb9, 0xd5, 0xbb, 0xff, 0xcd, 0xf3, 0xcf, 0xff, 0xcb, 0xfc, 0xcc, 0xff, 0xc5, 0xfd, 0xc5, 0xff, 0xc2, 0xff, 0xc1, 0xff, 0xbc, 0xfc, 0xba, 0xff, 0xc1, 0xff, 0xbe, 0xff, 0xc4, 0xff, 0xc1, 0xff, 0xc0, 0xfb, 0xbe, 0xff, 0xc4, 0xfe, 0xc3, 0xff, 0xbe, 0xf9, 0xbf, 0xff, 0xc3, 0xff, 0xc6, 0xff, 0xbf, 0xfc, 0xc3, 0xff, 0xc7, 0xfb, 0xcb, 0xff, 0xc0, 0xe1, 0xc2, 0xff, 0xae, 0xc2, 0xaf, 0xff, 0xa6, 0xb7, 0xa6, 0xff, 0xac, 0xb9, 0xad, 0xff, 0xaf, 0xb7, 0xaf, 0xff, 0xb3, 0xb7, 0xb3, 0xff, 0xb7, 0xb7, 0xb6, 0xff, 0xb3, 0xb2, 0xb2, 0xff, 0xb8, 0xb7, 0xb6, 0xff, 0xb3, 0xb5, 0xb2, 0xff, 0xae, 0xb4, 0xad, 0xff, 0xac, 0xb6, 0xab, 0xff, 0xab, 0xbb, 0xac, 0xff, 0xa9, 0xbe, 0xab, 0xff, 0xa6, 0xbf, 0xa8, 0xff, 0xa4, 0xbd, 0xa6, 0xff, 0xa9, 0xbd, 0xa9, 0xff, 0xa6, 0xb8, 0xa6, 0xff, 0xa6, 0xb7, 0xa6, 0xff, 0xab, 0xba, 0xac, 0xff, 0xaf, 0xbc, 0xb0, 0xff, 0xaf, 0xba, 0xb1, 0xff, 0xaf, 0xb6, 0xb2, 0xff, 0xb1, 0xb5, 0xb4, 0xff, 0xb2, 0xb3, 0xb3, 0xff, 0xba, 0xbb, 0xbb, 0xff, 0xaf, 0xb4, 0xaf, 0xff, 0xae, 0xb8, 0xae, 0xff, 0xad, 0xbd, 0xac, 0xff, 0xa7, 0xbc, 0xa5, 0xff, 0xbc, 0xd7, 0xba, 0xff, 0xd2, 0xf8, 0xd0, 0xff, 0xc4, 0xfa, 0xc4, 0xff, 0xbe, 0xfb, 0xbe, 0xff, 0xbe, 0xfa, 0xbd, 0xff, 0xbe, 0xfa, 0xbd, 0xff, 
  0xb9, 0xff, 0xc1, 0xff, 0xbf, 0xff, 0xc6, 0xff, 0xc2, 0xf7, 0xc5, 0xff, 0xc7, 0xed, 0xc5, 0xff, 0xb2, 0xc9, 0xad, 0xff, 0xb7, 0xc0, 0xb0, 0xff, 0xb4, 0xb3, 0xae, 0xff, 0xbb, 0xb4, 0xb7, 0xff, 0xb2, 0xab, 0xb3, 0xff, 0xb3, 0xae, 0xb6, 0xff, 0xb7, 0xb8, 0xbb, 0xff, 0xb7, 0xbf, 0xbb, 0xff, 0xaa, 0xba, 0xac, 0xff, 0xa6, 0xbc, 0xa5, 0xff, 0xae, 0xc8, 0xa9, 0xff, 0xb5, 0xd3, 0xb0, 0xff, 0xbe, 0xde, 0xbe, 0xff, 0xbf, 0xe0, 0xc1, 0xff, 0xc1, 0xe3, 0xc2, 0xff, 0xc4, 0xe6, 0xc4, 0xff, 0xc6, 0xe7, 0xc4, 0xff, 0xc6, 0xe5, 0xc1, 0xff, 0xc4, 0xe2, 0xbe, 0xff, 0xc4, 0xdf, 0xbd, 0xff, 0xb1, 0xca, 0xac, 0xff, 0xab, 0xc0, 0xa7, 0xff, 0xad, 0xbd, 0xab, 0xff, 0xb0, 0xbb, 0xb1, 0xff, 0xac, 0xb3, 0xb0, 0xff, 0xaf, 0xb1, 0xb4, 0xff, 0xb7, 0xb7, 0xbe, 0xff, 0xb7, 0xb8, 0xbf, 0xff, 0xb0, 0xb5, 0xb6, 0xff, 0xac, 0xb7, 0xb1, 0xff, 0xab, 0xbd, 0xad, 0xff, 0xbb, 0xd6, 0xbc, 0xff, 0xcf, 0xf5, 0xce, 0xff, 0xcc, 0xfb, 0xc9, 0xff, 0xc0, 0xf7, 0xbc, 0xff, 0xc3, 0xff, 0xbe, 0xff, 0xc2, 0xff, 0xbd, 0xff, 0xbc, 0xfa, 0xb7, 0xff, 0xc6, 0xff, 0xc2, 0xff, 0xbf, 0xf9, 0xbe, 0xff, 0xc6, 0xff, 0xc8, 0xff, 0xc3, 0xfb, 0xc7, 0xff, 0xc5, 0xfb, 0xca, 0xff, 0xb7, 0xe1, 0xbc, 0xff, 0xb1, 0xc6, 0xb3, 0xff, 0xab, 0xb4, 0xab, 0xff, 0xb1, 0xb8, 0xb0, 0xff, 0xb8, 0xbd, 0xb7, 0xff, 0xaf, 0xb4, 0xaf, 0xff, 0xb4, 0xb7, 0xb4, 0xff, 0xba, 0xbd, 0xba, 0xff, 0xae, 0xb3, 0xae, 0xff, 0xac, 0xb5, 0xac, 0xff, 0xad, 0xb9, 0xac, 0xff, 0xaf, 0xc1, 0xae, 0xff, 0xb3, 0xcb, 0xb3, 0xff, 0xb7, 0xd5, 0xb8, 0xff, 0xbb, 0xde, 0xbd, 0xff, 0xbd, 0xe4, 0xc0, 0xff, 0xbf, 0xe6, 0xc2, 0xff, 0xb7, 0xdb, 0xb9, 0xff, 0xb8, 0xd9, 0xb9, 0xff, 0xb5, 0xd5, 0xb7, 0xff, 0xaf, 0xcc, 0xb1, 0xff, 0xa6, 0xc0, 0xa9, 0xff, 0xa3, 0xb9, 0xa6, 0xff, 0xa9, 0xb8, 0xac, 0xff, 0xb1, 0xbb, 0xb4, 0xff, 0xb5, 0xb9, 0xb6, 0xff, 0xaf, 0xb2, 0xb0, 0xff, 0xb8, 0xba, 0xb8, 0xff, 0xaf, 0xb3, 0xae, 0xff, 0xb0, 0xb7, 0xaf, 0xff, 0xb6, 0xc1, 0xb4, 0xff, 0xb2, 0xc1, 0xaf, 0xff, 0xc3, 0xde, 0xc1, 0xff, 0xc8, 0xf7, 0xc8, 0xff, 0xc5, 0xfe, 0xc6, 0xff, 0xc1, 0xfa, 0xc0, 0xff, 0xc2, 0xfb, 0xc1, 0xff, 
  0xbf, 0xff, 0xc5, 0xff, 0xc0, 0xf9, 0xc4, 0xff, 0xca, 0xf7, 0xcc, 0xff, 0xb3, 0xd0, 0xb2, 0xff, 0xa9, 0xb5, 0xa5, 0xff, 0xb9, 0xb9, 0xb3, 0xff, 0xbd, 0xb5, 0xb9, 0xff, 0xb9, 0xad, 0xb6, 0xff, 0xc0, 0xb8, 0xc0, 0xff, 0xb8, 0xb6, 0xb9, 0xff, 0xaa, 0xb2, 0xad, 0xff, 0xaa, 0xbc, 0xac, 0xff, 0xa2, 0xbe, 0xa4, 0xff, 0xb8, 0xdc, 0xb8, 0xff, 0xc7, 0xf0, 0xc4, 0xff, 0xcb, 0xf7, 0xc8, 0xff, 0xcb, 0xf9, 0xcc, 0xff, 0xca, 0xf9, 0xcc, 0xff, 0xca, 0xf9, 0xca, 0xff, 0xcc, 0xfc, 0xcb, 0xff, 0xcd, 0xfd, 0xc9, 0xff, 0xcf, 0xfd, 0xc8, 0xff, 0xcf, 0xfc, 0xc7, 0xff, 0xd0, 0xf9, 0xc8, 0xff, 0xcd, 0xf1, 0xc5, 0xff, 0xcd, 0xed, 0xc7, 0xff, 0xb7, 0xd1, 0xb5, 0xff, 0xa7, 0xbb, 0xa8, 0xff, 0xac, 0xbb, 0xb1, 0xff, 0xb0, 0xba, 0xb7, 0xff, 0xac, 0xb2, 0xb5, 0xff, 0xad, 0xb0, 0xb7, 0xff, 0xad, 0xaf, 0xb6, 0xff, 0xb3, 0xb7, 0xb9, 0xff, 0xa9, 0xb3, 0xad, 0xff, 0xa7, 0xb9, 0xa8, 0xff, 0xbe, 0xd9, 0xbc, 0xff, 0xcf, 0xf4, 0xcb, 0xff, 0xcc, 0xfb, 0xc6, 0xff, 0xc5, 0xfb, 0xbf, 0xff, 0xc1, 0xfc, 0xbb, 0xff, 0xc4, 0xff, 0xbe, 0xff, 0xc1, 0xfd, 0xbd, 0xff, 0xc3, 0xfc, 0xc2, 0xff, 0xc7, 0xfb, 0xc9, 0xff, 0xc9, 0xf8, 0xcd, 0xff, 0xb6, 0xe0, 0xbd, 0xff, 0xa7, 0xc5, 0xac, 0xff, 0xaa, 0xb3, 0xab, 0xff, 0xb5, 0xb5, 0xb5, 0xff, 0xb2, 0xb2, 0xb1, 0xff, 0xb2, 0xb4, 0xb1, 0xff, 0xb7, 0xbb, 0xb6, 0xff, 0xb1, 0xb8, 0xb0, 0xff, 0xa8, 0xb3, 0xa9, 0xff, 0xac, 0xbb, 0xac, 0xff, 0xb5, 0xc9, 0xb5, 0xff, 0xbb, 0xd6, 0xbc, 0xff, 0xc6, 0xe7, 0xc7, 0xff, 0xce, 0xf5, 0xcf, 0xff, 0xd0, 0xfc, 0xd1, 0xff, 0xcd, 0xfe, 0xcf, 0xff, 0xc9, 0xfd, 0xcb, 0xff, 0xc8, 0xfc, 0xca, 0xff, 0xc9, 0xfb, 0xcb, 0xff, 0xcb, 0xfb, 0xcd, 0xff, 0xcc, 0xfa, 0xce, 0xff, 0xc9, 0xf5, 0xcc, 0xff, 0xc2, 0xeb, 0xc6, 0xff, 0xb7, 0xda, 0xbb, 0xff, 0xaa, 0xc5, 0xad, 0xff, 0xa2, 0xb5, 0xa4, 0xff, 0xad, 0xb9, 0xaf, 0xff, 0xb1, 0xb7, 0xb2, 0xff, 0xb0, 0xb3, 0xb0, 0xff, 0xb6, 0xb7, 0xb4, 0xff, 0xb7, 0xb8, 0xb5, 0xff, 0xb4, 0xb7, 0xb2, 0xff, 0xb6, 0xb9, 0xb3, 0xff, 0xb0, 0xc0, 0xae, 0xff, 0xc4, 0xeb, 0xc4, 0xff, 0xca, 0xfd, 0xca, 0xff, 0xc4, 0xf9, 0xc4, 0xff, 0xc6, 0xfb, 0xc5, 0xff, 
  0xc2, 0xfa, 0xc5, 0xff, 0xc3, 0xf5, 0xc5, 0xff, 0xc5, 0xea, 0xc6, 0xff, 0xa9, 0xbf, 0xa9, 0xff, 0xaf, 0xb5, 0xad, 0xff, 0xb8, 0xb4, 0xb6, 0xff, 0xc0, 0xb5, 0xbd, 0xff, 0xb8, 0xae, 0xb7, 0xff, 0xbb, 0xb7, 0xbb, 0xff, 0xac, 0xb2, 0xad, 0xff, 0xa9, 0xbb, 0xab, 0xff, 0xb8, 0xd4, 0xb9, 0xff, 0xc0, 0xe7, 0xc1, 0xff, 0xcf, 0xfc, 0xce, 0xff, 0xce, 0xff, 0xcc, 0xff, 0xc4, 0xf9, 0xc3, 0xff, 0xc4, 0xfa, 0xc4, 0xff, 0xc2, 0xfa, 0xc3, 0xff, 0xc1, 0xfa, 0xc2, 0xff, 0xc2, 0xfb, 0xc0, 0xff, 0xc3, 0xfd, 0xbf, 0xff, 0xc5, 0xfe, 0xbf, 0xff, 0xc6, 0xfd, 0xbe, 0xff, 0xc8, 0xfc, 0xc0, 0xff, 0xcd, 0xfd, 0xc6, 0xff, 0xcd, 0xf7, 0xc8, 0xff, 0xd1, 0xf4, 0xce, 0xff, 0xc5, 0xe3, 0xc6, 0xff, 0xac, 0xc3, 0xb0, 0xff, 0xa7, 0xba, 0xae, 0xff, 0xb0, 0xbe, 0xb9, 0xff, 0xae, 0xb7, 0xb7, 0xff, 0xae, 0xb2, 0xb7, 0xff, 0xb1, 0xb3, 0xb8, 0xff, 0xb3, 0xb8, 0xb7, 0xff, 0xac, 0xb6, 0xad, 0xff, 0xab, 0xbd, 0xa9, 0xff, 0xc2, 0xdd, 0xbe, 0xff, 0xd3, 0xf9, 0xce, 0xff, 0xcb, 0xfb, 0xc5, 0xff, 0xc0, 0xf8, 0xbb, 0xff, 0xcb, 0xff, 0xc6, 0xff, 0xbf, 0xf9, 0xbc, 0xff, 0xc5, 0xfa, 0xc4, 0xff, 0xc9, 0xf6, 0xca, 0xff, 0xc3, 0xe8, 0xc6, 0xff, 0xa6, 0xc2, 0xaa, 0xff, 0xa8, 0xb9, 0xac, 0xff, 0xb3, 0xb5, 0xb3, 0xff, 0xbd, 0xb9, 0xbc, 0xff, 0xb3, 0xb2, 0xb2, 0xff, 0xae, 0xb0, 0xac, 0xff, 0xb2, 0xbb, 0xb2, 0xff, 0xaa, 0xb8, 0xaa, 0xff, 0xa6, 0xbb, 0xa7, 0xff, 0xb9, 0xd4, 0xba, 0xff, 0xcc, 0xed, 0xcd, 0xff, 0xcb, 0xf3, 0xcc, 0xff, 0xcb, 0xf9, 0xcc, 0xff, 0xc9, 0xfc, 0xca, 0xff, 0xc5, 0xfb, 0xc6, 0xff, 0xc2, 0xfb, 0xc3, 0xff, 0xc1, 0xfc, 0xc2, 0xff, 0xc1, 0xfd, 0xc3, 0xff, 0xc5, 0xff, 0xc7, 0xff, 0xc2, 0xfc, 0xc5, 0xff, 0xc0, 0xf9, 0xc2, 0xff, 0xc2, 0xf9, 0xc5, 0xff, 0xc9, 0xfc, 0xcc, 0xff, 0xcb, 0xf9, 0xce, 0xff, 0xc3, 0xe9, 0xc5, 0xff, 0xb8, 0xd6, 0xba, 0xff, 0xab, 0xbf, 0xac, 0xff, 0xb0, 0xbc, 0xb0, 0xff, 0xab, 0xb1, 0xaa, 0xff, 0xb8, 0xba, 0xb7, 0xff, 0xb9, 0xb8, 0xb7, 0xff, 0xb1, 0xb0, 0xb0, 0xff, 0xbb, 0xb9, 0xb8, 0xff, 0xad, 0xb6, 0xab, 0xff, 0xb4, 0xd5, 0xb6, 0xff, 0xc8, 0xf5, 0xc9, 0xff, 0xc8, 0xf8, 0xc8, 0xff, 0xc7, 0xf9, 0xc6, 0xff, 
  0xc7, 0xf7, 0xc7, 0xff, 0xca, 0xf4, 0xcb, 0xff, 0xae, 0xcc, 0xaf, 0xff, 0xad, 0xbe, 0xae, 0xff, 0xb2, 0xb5, 0xb2, 0xff, 0xba, 0xb6, 0xbb, 0xff, 0xb6, 0xb0, 0xb7, 0xff, 0xb9, 0xb7, 0xba, 0xff, 0xac, 0xb3, 0xac, 0xff, 0xa7, 0xb9, 0xa8, 0xff, 0xba, 0xd8, 0xbb, 0xff, 0xcf, 0xf6, 0xce, 0xff, 0xd3, 0xff, 0xd3, 0xff, 0xc5, 0xf9, 0xc3, 0xff, 0xc2, 0xf9, 0xc1, 0xff, 0xc1, 0xfa, 0xc0, 0xff, 0xc0, 0xfb, 0xc1, 0xff, 0xbf, 0xfc, 0xc0, 0xff, 0xbd, 0xfb, 0xbe, 0xff, 0xbe, 0xfd, 0xbe, 0xff, 0xbe, 0xfe, 0xbc, 0xff, 0xc0, 0xff, 0xbc, 0xff, 0xc0, 0xfe, 0xbb, 0xff, 0xc1, 0xfd, 0xbd, 0xff, 0xbe, 0xf6, 0xba, 0xff, 0xc9, 0xfc, 0xc6, 0xff, 0xcc, 0xfa, 0xcb, 0xff, 0xcf, 0xf7, 0xd0, 0xff, 0xcd, 0xef, 0xd0, 0xff, 0xb4, 0xd2, 0xb9, 0xff, 0xa2, 0xbc, 0xa8, 0xff, 0xad, 0xc0, 0xb4, 0xff, 0xb1, 0xba, 0xb8, 0xff, 0xaa, 0xae, 0xb0, 0xff, 0xb2, 0xb5, 0xb6, 0xff, 0xb8, 0xbe, 0xba, 0xff, 0xae, 0xb7, 0xac, 0xff, 0xae, 0xbf, 0xab, 0xff, 0xc3, 0xe0, 0xbf, 0xff, 0xd4, 0xfb, 0xd0, 0xff, 0xc7, 0xfa, 0xc4, 0xff, 0xc1, 0xf8, 0xbf, 0xff, 0xc8, 0xff, 0xc7, 0xff, 0xc4, 0xf5, 0xc4, 0xff, 0xc8, 0xed, 0xc8, 0xff, 0xb1, 0xca, 0xb2, 0xff, 0xae, 0xbb, 0xaf, 0xff, 0xb3, 0xb6, 0xb3, 0xff, 0xba, 0xb7, 0xb8, 0xff, 0xb3, 0xb0, 0xb1, 0xff, 0xb7, 0xb9, 0xb6, 0xff, 0xb3, 0xbc, 0xb3, 0xff, 0xa3, 0xb3, 0xa2, 0xff, 0xae, 0xc6, 0xae, 0xff, 0xc5, 0xe6, 0xc7, 0xff, 0xc9, 0xf1, 0xcb, 0xff, 0xca, 0xf9, 0xcc, 0xff, 0xc6, 0xfa, 0xc7, 0xff, 0xc2, 0xfa, 0xc3, 0xff, 0xbf, 0xfa, 0xc0, 0xff, 0xbd, 0xfa, 0xbe, 0xff, 0xbd, 0xfa, 0xbe, 0xff, 0xbe, 0xfc, 0xbf, 0xff, 0xbf, 0xfd, 0xc0, 0xff, 0xbc, 0xfa, 0xbe, 0xff, 0xbc, 0xfb, 0xbf, 0xff, 0xbc, 0xfa, 0xbe, 0xff, 0xb9, 0xf6, 0xbc, 0xff, 0xbc, 0xf8, 0xbf, 0xff, 0xc5, 0xfc, 0xc8, 0xff, 0xcd, 0xfc, 0xce, 0xff, 0xd1, 0xf8, 0xd2, 0xff, 0xbc, 0xd9, 0xbb, 0xff, 0xac, 0xc0, 0xaa, 0xff, 0xb1, 0xbc, 0xaf, 0xff, 0xb1, 0xb7, 0xaf, 0xff, 0xb4, 0xb6, 0xb3, 0xff, 0xbb, 0xba, 0xb9, 0xff, 0xb2, 0xb1, 0xb1, 0xff, 0xb4, 0xbb, 0xb4, 0xff, 0xa7, 0xc2, 0xaa, 0xff, 0xc1, 0xe8, 0xc4, 0xff, 0xcc, 0xf7, 0xcc, 0xff, 0xca, 0xf7, 0xc9, 0xff, 
  0xcf, 0xf7, 0xcd, 0xff, 0xc5, 0xe8, 0xc4, 0xff, 0xa5, 0xbd, 0xa5, 0xff, 0xa9, 0xb6, 0xab, 0xff, 0xb9, 0xbb, 0xbc, 0xff, 0xb2, 0xb0, 0xb6, 0xff, 0xb2, 0xb0, 0xb5, 0xff, 0xb5, 0xba, 0xb8, 0xff, 0xa9, 0xbb, 0xab, 0xff, 0xb9, 0xd7, 0xba, 0xff, 0xcc, 0xf5, 0xcb, 0xff, 0xc5, 0xf7, 0xc4, 0xff, 0xc4, 0xfb, 0xc3, 0xff, 0xbe, 0xf7, 0xbd, 0xff, 0xc6, 0xfe, 0xc6, 0xff, 0xc6, 0xff, 0xc6, 0xff, 0xc1, 0xfe, 0xc1, 0xff, 0xbf, 0xfe, 0xbf, 0xff, 0xbe, 0xfe, 0xbf, 0xff, 0xbe, 0xff, 0xbf, 0xff, 0xbf, 0xff, 0xbf, 0xff, 0xbe, 0xff, 0xbd, 0xff, 0xbf, 0xff, 0xbd, 0xff, 0xbf, 0xff, 0xbd, 0xff, 0xc8, 0xff, 0xc7, 0xff, 0xc0, 0xfa, 0xbf, 0xff, 0xc3, 0xf9, 0xc4, 0xff, 0xca, 0xfb, 0xcb, 0xff, 0xcc, 0xf9, 0xce, 0xff, 0xcc, 0xf5, 0xcf, 0xff, 0xb9, 0xde, 0xbc, 0xff, 0x9c, 0xb9, 0xa0, 0xff, 0xaa, 0xba, 0xaf, 0xff, 0xae, 0xb5, 0xb3, 0xff, 0xae, 0xb1, 0xb1, 0xff, 0xb3, 0xb5, 0xb5, 0xff, 0xb5, 0xb9, 0xb5, 0xff, 0xac, 0xb5, 0xaa, 0xff, 0xb1, 0xc6, 0xaf, 0xff, 0xca, 0xeb, 0xc9, 0xff, 0xcf, 0xfd, 0xcf, 0xff, 0xbf, 0xf3, 0xc0, 0xff, 0xca, 0xfe, 0xcb, 0xff, 0xca, 0xf7, 0xcb, 0xff, 0xb3, 0xd1, 0xb3, 0xff, 0xa9, 0xb9, 0xa8, 0xff, 0xba, 0xba, 0xb7, 0xff, 0xb9, 0xb2, 0xb6, 0xff, 0xb9, 0xb4, 0xb6, 0xff, 0xb3, 0xb2, 0xb1, 0xff, 0xb1, 0xb7, 0xb0, 0xff, 0xac, 0xba, 0xab, 0xff, 0xaf, 0xc7, 0xaf, 0xff, 0xc5, 0xe6, 0xc6, 0xff, 0xd1, 0xfc, 0xd3, 0xff, 0xc6, 0xfa, 0xc8, 0xff, 0xc0, 0xf9, 0xc1, 0xff, 0xbf, 0xfc, 0xc0, 0xff, 0xbf, 0xff, 0xc0, 0xff, 0xc2, 0xff, 0xc3, 0xff, 0xc5, 0xff, 0xc5, 0xff, 0xc4, 0xff, 0xc5, 0xff, 0xc2, 0xff, 0xc2, 0xff, 0xc0, 0xfd, 0xc0, 0xff, 0xbf, 0xfd, 0xc0, 0xff, 0xc2, 0xff, 0xc4, 0xff, 0xc3, 0xff, 0xc6, 0xff, 0xc2, 0xff, 0xc4, 0xff, 0xbe, 0xfe, 0xc0, 0xff, 0xbf, 0xfb, 0xc0, 0xff, 0xc4, 0xfa, 0xc5, 0xff, 0xca, 0xf8, 0xca, 0xff, 0xcd, 0xf1, 0xcb, 0xff, 0xbd, 0xd8, 0xbb, 0xff, 0xb0, 0xc2, 0xae, 0xff, 0xad, 0xb8, 0xac, 0xff, 0xb4, 0xb9, 0xb3, 0xff, 0xb9, 0xbb, 0xb9, 0xff, 0xb5, 0xb5, 0xb5, 0xff, 0xb0, 0xb7, 0xb2, 0xff, 0xa3, 0xbb, 0xa7, 0xff, 0xb7, 0xd9, 0xba, 0xff, 0xcd, 0xf4, 0xce, 0xff, 0xcd, 0xf6, 0xcd, 0xff, 
  0xd3, 0xf4, 0xcf, 0xff, 0xb6, 0xd2, 0xb3, 0xff, 0xa9, 0xbc, 0xa9, 0xff, 0xa7, 0xb1, 0xaa, 0xff, 0xb9, 0xbb, 0xbe, 0xff, 0xae, 0xae, 0xb4, 0xff, 0xb1, 0xb6, 0xb7, 0xff, 0xaa, 0xb8, 0xaf, 0xff, 0xad, 0xca, 0xb0, 0xff, 0xc8, 0xf0, 0xc9, 0xff, 0xcd, 0xff, 0xcc, 0xff, 0xbe, 0xf7, 0xbc, 0xff, 0xc1, 0xfc, 0xbf, 0xff, 0xc8, 0xff, 0xc6, 0xff, 0xc9, 0xff, 0xc8, 0xff, 0xc4, 0xfb, 0xc3, 0xff, 0xc1, 0xfd, 0xc1, 0xff, 0xc0, 0xfe, 0xbf, 0xff, 0xbf, 0xfe, 0xbf, 0xff, 0xbe, 0xfe, 0xbf, 0xff, 0xbd, 0xff, 0xc0, 0xff, 0xbd, 0xff, 0xbf, 0xff, 0xbc, 0xff, 0xbe, 0xff, 0xbb, 0xfe, 0xbe, 0xff, 0xb7, 0xf8, 0xba, 0xff, 0xc6, 0xff, 0xc9, 0xff, 0xc3, 0xff, 0xc6, 0xff, 0xba, 0xf3, 0xbd, 0xff, 0xc4, 0xf8, 0xc5, 0xff, 0xce, 0xff, 0xce, 0xff, 0xc5, 0xf5, 0xc5, 0xff, 0xbc, 0xe3, 0xbc, 0xff, 0xa8, 0xc0, 0xab, 0xff, 0xb2, 0xbe, 0xb5, 0xff, 0xaf, 0xb4, 0xb1, 0xff, 0xae, 0xaf, 0xaf, 0xff, 0xb5, 0xb5, 0xb6, 0xff, 0xb2, 0xb7, 0xb3, 0xff, 0xae, 0xbd, 0xaf, 0xff, 0xb2, 0xcd, 0xb3, 0xff, 0xca, 0xf3, 0xcd, 0xff, 0xc9, 0xf9, 0xcc, 0xff, 0xc5, 0xf5, 0xc7, 0xff, 0xc0, 0xe8, 0xc1, 0xff, 0xa5, 0xbc, 0xa3, 0xff, 0xb2, 0xb8, 0xad, 0xff, 0xbe, 0xb2, 0xb7, 0xff, 0xbe, 0xae, 0xb6, 0xff, 0xb6, 0xb1, 0xb2, 0xff, 0xb8, 0xbc, 0xb6, 0xff, 0xab, 0xb7, 0xaa, 0xff, 0xae, 0xc2, 0xae, 0xff, 0xca, 0xea, 0xcb, 0xff, 0xd2, 0xfc, 0xd4, 0xff, 0xc3, 0xf8, 0xc6, 0xff, 0xbf, 0xfb, 0xc1, 0xff, 0xc1, 0xff, 0xc3, 0xff, 0xbe, 0xff, 0xbf, 0xff, 0xba, 0xfe, 0xbb, 0xff, 0xba, 0xfc, 0xba, 0xff, 0xbd, 0xfc, 0xbd, 0xff, 0xc1, 0xfd, 0xc0, 0xff, 0xc5, 0xfe, 0xc3, 0xff, 0xc6, 0xff, 0xc5, 0xff, 0xc4, 0xff, 0xc5, 0xff, 0xbe, 0xfc, 0xc0, 0xff, 0xbb, 0xfa, 0xbc, 0xff, 0xbb, 0xfb, 0xbc, 0xff, 0xbd, 0xfe, 0xbd, 0xff, 0xbf, 0xfe, 0xbf, 0xff, 0xc3, 0xfd, 0xc2, 0xff, 0xc8, 0xfb, 0xc7, 0xff, 0xce, 0xf8, 0xcc, 0xff, 0xd2, 0xf3, 0xd0, 0xff, 0xb5, 0xcc, 0xb3, 0xff, 0xad, 0xbd, 0xac, 0xff, 0xb1, 0xbb, 0xb1, 0xff, 0xaf, 0xb5, 0xb0, 0xff, 0xb8, 0xbc, 0xba, 0xff, 0xac, 0xb5, 0xaf, 0xff, 0xa5, 0xba, 0xaa, 0xff, 0xa9, 0xc7, 0xad, 0xff, 0xc8, 0xeb, 0xc9, 0xff, 0xd1, 0xf7, 0xd1, 0xff, 
  0xd2, 0xea, 0xcd, 0xff, 0xb0, 0xc5, 0xae, 0xff, 0xab, 0xb8, 0xac, 0xff, 0xb4, 0xbb, 0xb7, 0xff, 0xac, 0xaf, 0xb2, 0xff, 0xb6, 0xbb, 0xbd, 0xff, 0xac, 0xb7, 0xb1, 0xff, 0xa3, 0xb9, 0xa7, 0xff, 0xc1, 0xe5, 0xc3, 0xff, 0xca, 0xfb, 0xcb, 0xff, 0xc0, 0xfa, 0xc0, 0xff, 0xbf, 0xfe, 0xbf, 0xff, 0xc1, 0xff, 0xc1, 0xff, 0xc2, 0xff, 0xc3, 0xff, 0xbc, 0xf4, 0xbc, 0xff, 0xc7, 0xff, 0xc7, 0xff, 0xc3, 0xff, 0xc3, 0xff, 0xc1, 0xff, 0xc0, 0xff, 0xc0, 0xff, 0xc0, 0xff, 0xbf, 0xff, 0xc0, 0xff, 0xbd, 0xff, 0xc0, 0xff, 0xbe, 0xff, 0xc2, 0xff, 0xbc, 0xff, 0xc1, 0xff, 0xbc, 0xff, 0xc1, 0xff, 0xbd, 0xff, 0xc2, 0xff, 0xba, 0xfa, 0xbe, 0xff, 0xbd, 0xfc, 0xc1, 0xff, 0xc4, 0xff, 0xc6, 0xff, 0xc4, 0xfc, 0xc4, 0xff, 0xc2, 0xf9, 0xc1, 0xff, 0xc3, 0xf9, 0xc1, 0xff, 0xca, 0xf8, 0xc9, 0xff, 0xb1, 0xd1, 0xb2, 0xff, 0xa9, 0xbd, 0xaa, 0xff, 0xae, 0xb8, 0xaf, 0xff, 0xb6, 0xb9, 0xb6, 0xff, 0xb4, 0xb3, 0xb3, 0xff, 0xb2, 0xb4, 0xb2, 0xff, 0xb1, 0xbb, 0xb2, 0xff, 0xa8, 0xbc, 0xa9, 0xff, 0xbf, 0xde, 0xc1, 0xff, 0xd3, 0xf8, 0xd7, 0xff, 0xc8, 0xec, 0xcb, 0xff, 0xa6, 0xc2, 0xa7, 0xff, 0xb0, 0xbf, 0xae, 0xff, 0xb7, 0xb8, 0xb2, 0xff, 0xbe, 0xb1, 0xb6, 0xff, 0xbf, 0xb2, 0xb7, 0xff, 0xb5, 0xb5, 0xb1, 0xff, 0xaf, 0xbb, 0xae, 0xff, 0xb2, 0xc7, 0xb0, 0xff, 0xc4, 0xe2, 0xc2, 0xff, 0xd2, 0xfb, 0xd1, 0xff, 0xc8, 0xfb, 0xc8, 0xff, 0xbc, 0xf7, 0xbe, 0xff, 0xc1, 0xff, 0xc4, 0xff, 0xbb, 0xff, 0xbf, 0xff, 0xbb, 0xff, 0xbf, 0xff, 0xbe, 0xff, 0xbf, 0xff, 0xc0, 0xff, 0xc1, 0xff, 0xc1, 0xff, 0xc1, 0xff, 0xc3, 0xff, 0xc2, 0xff, 0xc4, 0xfd, 0xc2, 0xff, 0xc3, 0xfc, 0xc2, 0xff, 0xc3, 0xff, 0xc4, 0xff, 0xbe, 0xfc, 0xc0, 0xff, 0xbe, 0xfc, 0xbf, 0xff, 0xc2, 0xff, 0xc2, 0xff, 0xc3, 0xff, 0xc3, 0xff, 0xc1, 0xff, 0xc1, 0xff, 0xc1, 0xfd, 0xc0, 0xff, 0xc4, 0xfc, 0xc3, 0xff, 0xc7, 0xf9, 0xc6, 0xff, 0xce, 0xf9, 0xce, 0xff, 0xc5, 0xe6, 0xc4, 0xff, 0xa8, 0xc0, 0xa8, 0xff, 0xa7, 0xb6, 0xa8, 0xff, 0xb3, 0xba, 0xb5, 0xff, 0xb0, 0xb2, 0xb3, 0xff, 0xb5, 0xba, 0xb9, 0xff, 0xab, 0xba, 0xaf, 0xff, 0x9f, 0xb8, 0xa3, 0xff, 0xc3, 0xe2, 0xc4, 0xff, 0xd4, 0xf6, 0xd4, 0xff, 
  0xcc, 0xdb, 0xc9, 0xff, 0xac, 0xb8, 0xab, 0xff, 0xb0, 0xb7, 0xb3, 0xff, 0xb2, 0xb6, 0xb7, 0xff, 0xb3, 0xb7, 0xb9, 0xff, 0xae, 0xb7, 0xb4, 0xff, 0xa2, 0xb4, 0xa4, 0xff, 0xb5, 0xd2, 0xb5, 0xff, 0xcb, 0xf6, 0xca, 0xff, 0xc4, 0xf9, 0xc4, 0xff, 0xbe, 0xfa, 0xc0, 0xff, 0xbd, 0xfc, 0xc0, 0xff, 0xbd, 0xfd, 0xc2, 0xff, 0xbf, 0xfe, 0xc3, 0xff, 0xc1, 0xfe, 0xc5, 0xff, 0xc2, 0xfe, 0xc4, 0xff, 0xc1, 0xfe, 0xc1, 0xff, 0xc1, 0xff, 0xc0, 0xff, 0xc0, 0xff, 0xc0, 0xff, 0xbf, 0xff, 0xc0, 0xff, 0xbe, 0xff, 0xc0, 0xff, 0xbd, 0xff, 0xc1, 0xff, 0xbd, 0xff, 0xc1, 0xff, 0xbd, 0xff, 0xc2, 0xff, 0xbe, 0xff, 0xc3, 0xff, 0xbe, 0xfe, 0xc2, 0xff, 0xc0, 0xfe, 0xc2, 0xff, 0xc2, 0xfd, 0xc2, 0xff, 0xc4, 0xfd, 0xc2, 0xff, 0xc4, 0xfc, 0xc2, 0xff, 0xc4, 0xfa, 0xc1, 0xff, 0xc6, 0xf7, 0xc3, 0xff, 0xcc, 0xf5, 0xcc, 0xff, 0xae, 0xcc, 0xaf, 0xff, 0xa6, 0xb8, 0xa5, 0xff, 0xb1, 0xb9, 0xae, 0xff, 0xb5, 0xb5, 0xb1, 0xff, 0xbc, 0xbc, 0xb8, 0xff, 0xad, 0xb3, 0xab, 0xff, 0xaf, 0xbb, 0xaf, 0xff, 0xb0, 0xc2, 0xb2, 0xff, 0xd2, 0xe4, 0xd4, 0xff, 0xc1, 0xcf, 0xc3, 0xff, 0xae, 0xb7, 0xae, 0xff, 0xb4, 0xb8, 0xb3, 0xff, 0xbb, 0xbb, 0xb8, 0xff, 0xb3, 0xb1, 0xae, 0xff, 0xb7, 0xb9, 0xb3, 0xff, 0xb0, 0xbe, 0xb0, 0xff, 0xa1, 0xb9, 0xa1, 0xff, 0xc2, 0xe4, 0xbe, 0xff, 0xcd, 0xf9, 0xc7, 0xff, 0xc3, 0xf8, 0xbd, 0xff, 0xc5, 0xff, 0xc0, 0xff, 0xbb, 0xfa, 0xbb, 0xff, 0xbe, 0xff, 0xc2, 0xff, 0xbc, 0xfe, 0xc4, 0xff, 0xbd, 0xfe, 0xc4, 0xff, 0xbe, 0xfe, 0xc2, 0xff, 0xbf, 0xff, 0xc1, 0xff, 0xc0, 0xff, 0xc0, 0xff, 0xc0, 0xff, 0xc0, 0xff, 0xc1, 0xfe, 0xc1, 0xff, 0xc0, 0xfe, 0xc1, 0xff, 0xbe, 0xff, 0xc0, 0xff, 0xbd, 0xff, 0xc0, 0xff, 0xbf, 0xff, 0xc1, 0xff, 0xc0, 0xfe, 0xc2, 0xff, 0xc1, 0xfe, 0xc2, 0xff, 0xc2, 0xfe, 0xc2, 0xff, 0xc1, 0xfe, 0xc1, 0xff, 0xc1, 0xfe, 0xc1, 0xff, 0xc4, 0xff, 0xc5, 0xff, 0xc1, 0xf8, 0xc3, 0xff, 0xcb, 0xf9, 0xce, 0xff, 0xb2, 0xd4, 0xb5, 0xff, 0xa9, 0xbd, 0xab, 0xff, 0xb1, 0xb8, 0xb3, 0xff, 0xbc, 0xb8, 0xbe, 0xff, 0xb2, 0xad, 0xb4, 0xff, 0xaf, 0xb7, 0xb3, 0xff, 0xa9, 0xbc, 0xad, 0xff, 0xb3, 0xce, 0xb4, 0xff, 0xd7, 0xf7, 0xd7, 0xff, 
  0xc7, 0xd0, 0xc5, 0xff, 0xad, 0xb4, 0xad, 0xff, 0xb1, 0xb4, 0xb5, 0xff, 0xb1, 0xb4, 0xb8, 0xff, 0xb2, 0xb7, 0xb9, 0xff, 0xae, 0xb9, 0xb3, 0xff, 0xa6, 0xbb, 0xa5, 0xff, 0xba, 0xdb, 0xb8, 0xff, 0xc9, 0xf8, 0xc7, 0xff, 0xc3, 0xfb, 0xc3, 0xff, 0xbe, 0xfb, 0xc1, 0xff, 0xbb, 0xfc, 0xc1, 0xff, 0xbc, 0xfd, 0xc3, 0xff, 0xbd, 0xfe, 0xc4, 0xff, 0xbf, 0xfe, 0xc3, 0xff, 0xc0, 0xfe, 0xc2, 0xff, 0xc1, 0xfe, 0xc1, 0xff, 0xc1, 0xff, 0xc0, 0xff, 0xc0, 0xff, 0xc0, 0xff, 0xbf, 0xff, 0xc0, 0xff, 0xbe, 0xff, 0xc0, 0xff, 0xbe, 0xff, 0xc1, 0xff, 0xbd, 0xff, 0xc1, 0xff, 0xbd, 0xff, 0xc1, 0xff, 0xbe, 0xff, 0xc1, 0xff, 0xbf, 0xfe, 0xc1, 0xff, 0xc0, 0xfe, 0xc1, 0xff, 0xc2, 0xfe, 0xc1, 0xff, 0xc3, 0xfe, 0xc1, 0xff, 0xc5, 0xfd, 0xc1, 0xff, 0xc3, 0xfb, 0xbf, 0xff, 0xc4, 0xf9, 0xc1, 0xff, 0xc9, 0xf9, 0xc9, 0xff, 0xc6, 0xed, 0xc6, 0xff, 0xaf, 0xc6, 0xac, 0xff, 0xae, 0xba, 0xaa, 0xff, 0xb4, 0xb7, 0xaf, 0xff, 0xb4, 0xb5, 0xaf, 0xff, 0xb4, 0xb9, 0xb1, 0xff, 0xaf, 0xb7, 0xad, 0xff, 0xb1, 0xbb, 0xb2, 0xff, 0xbf, 0xc7, 0xc0, 0xff, 0xb7, 0xba, 0xb8, 0xff, 0xb4, 0xb4, 0xb4, 0xff, 0xb5, 0xb4, 0xb4, 0xff, 0xb7, 0xb8, 0xb5, 0xff, 0xb0, 0xb5, 0xad, 0xff, 0xb2, 0xbe, 0xaf, 0xff, 0xa4, 0xbc, 0xa4, 0xff, 0xb6, 0xd8, 0xb6, 0xff, 0xca, 0xf5, 0xc6, 0xff, 0xc9, 0xfc, 0xc3, 0xff, 0xc1, 0xfb, 0xba, 0xff, 0xc0, 0xfe, 0xbb, 0xff, 0xbf, 0xff, 0xbf, 0xff, 0xbe, 0xff, 0xc1, 0xff, 0xbd, 0xfd, 0xc4, 0xff, 0xbd, 0xfd, 0xc5, 0xff, 0xbf, 0xfd, 0xc4, 0xff, 0xc0, 0xfe, 0xc2, 0xff, 0xc0, 0xff, 0xc1, 0xff, 0xc0, 0xff, 0xc1, 0xff, 0xc0, 0xfe, 0xc1, 0xff, 0xbe, 0xff, 0xc1, 0xff, 0xbc, 0xff, 0xbf, 0xff, 0xbc, 0xff, 0xbf, 0xff, 0xbe, 0xff, 0xc1, 0xff, 0xc0, 0xfe, 0xc2, 0xff, 0xc2, 0xfd, 0xc3, 0xff, 0xc2, 0xfd, 0xc2, 0xff, 0xc0, 0xfe, 0xc1, 0xff, 0xbf, 0xff, 0xc0, 0xff, 0xbe, 0xff, 0xc0, 0xff, 0xbf, 0xfc, 0xc2, 0xff, 0xc5, 0xfa, 0xc9, 0xff, 0xb8, 0xe0, 0xbc, 0xff, 0xa4, 0xbc, 0xa7, 0xff, 0xb2, 0xba, 0xb4, 0xff, 0xbb, 0xb4, 0xbc, 0xff, 0xb9, 0xb0, 0xba, 0xff, 0xb2, 0xb5, 0xb5, 0xff, 0xab, 0xb9, 0xad, 0xff, 0xb1, 0xc9, 0xb1, 0xff, 0xd4, 0xf1, 0xd3, 0xff, 
  0xbf, 0xc5, 0xbc, 0xff, 0xae, 0xb3, 0xad, 0xff, 0xb3, 0xb5, 0xb6, 0xff, 0xb1, 0xb3, 0xb7, 0xff, 0xb0, 0xb5, 0xb7, 0xff, 0xaf, 0xba, 0xb4, 0xff, 0xaa, 0xc0, 0xaa, 0xff, 0xc0, 0xe3, 0xbe, 0xff, 0xc9, 0xf9, 0xc7, 0xff, 0xc2, 0xfc, 0xc2, 0xff, 0xbe, 0xfd, 0xc2, 0xff, 0xbc, 0xfd, 0xc2, 0xff, 0xbc, 0xfe, 0xc3, 0xff, 0xbd, 0xfe, 0xc3, 0xff, 0xbf, 0xfe, 0xc3, 0xff, 0xc0, 0xfe, 0xc2, 0xff, 0xc0, 0xff, 0xc1, 0xff, 0xc0, 0xff, 0xc0, 0xff, 0xc0, 0xff, 0xc0, 0xff, 0xbf, 0xff, 0xc0, 0xff, 0xbe, 0xff, 0xc0, 0xff, 0xbe, 0xff, 0xc1, 0xff, 0xbe, 0xff, 0xc1, 0xff, 0xbe, 0xff, 0xc1, 0xff, 0xbf, 0xff, 0xc1, 0xff, 0xbf, 0xfe, 0xc0, 0xff, 0xbf, 0xfe, 0xc0, 0xff, 0xc1, 0xfe, 0xc1, 0xff, 0xc2, 0xfe, 0xc1, 0xff, 0xc3, 0xfe, 0xc1, 0xff, 0xc3, 0xfd, 0xc0, 0xff, 0xc2, 0xfb, 0xc0, 0xff, 0xc2, 0xf8, 0xc2, 0xff, 0xd1, 0xff, 0xd2, 0xff, 0xbe, 0xdc, 0xbd, 0xff, 0xab, 0xbc, 0xa8, 0xff, 0xb1, 0xb7, 0xac, 0xff, 0xb2, 0xb4, 0xae, 0xff, 0xb8, 0xbd, 0xb5, 0xff, 0xb1, 0xb8, 0xb0, 0xff, 0xb0, 0xb8, 0xb0, 0xff, 0xaf, 0xb5, 0xb0, 0xff, 0xaf, 0xb1, 0xb1, 0xff, 0xb7, 0xb7, 0xb8, 0xff, 0xb3, 0xb3, 0xb3, 0xff, 0xb6, 0xb8, 0xb5, 0xff, 0xb1, 0xb7, 0xaf, 0xff, 0xab, 0xbb, 0xa9, 0xff, 0xa9, 0xc7, 0xa6, 0xff, 0xce, 0xf6, 0xcb, 0xff, 0xcd, 0xfb, 0xca, 0xff, 0xc7, 0xfa, 0xc4, 0xff, 0xc4, 0xfd, 0xc2, 0xff, 0xbb, 0xf9, 0xbb, 0xff, 0xc1, 0xff, 0xc2, 0xff, 0xbf, 0xff, 0xc1, 0xff, 0xbe, 0xff, 0xc1, 0xff, 0xbe, 0xff, 0xc1, 0xff, 0xbf, 0xfe, 0xc2, 0xff, 0xc0, 0xfe, 0xc2, 0xff, 0xc0, 0xfe, 0xc2, 0xff, 0xc0, 0xfe, 0xc2, 0xff, 0xc0, 0xfe, 0xc2, 0xff, 0xbe, 0xff, 0xc1, 0xff, 0xbc, 0xff, 0xbf, 0xff, 0xbc, 0xff, 0xbf, 0xff, 0xbe, 0xff, 0xc0, 0xff, 0xc0, 0xfe, 0xc1, 0xff, 0xc1, 0xfe, 0xc2, 0xff, 0xc1, 0xfe, 0xc1, 0xff, 0xc0, 0xff, 0xc0, 0xff, 0xbf, 0xff, 0xc0, 0xff, 0xbb, 0xfc, 0xbd, 0xff, 0xc0, 0xfd, 0xc3, 0xff, 0xc3, 0xf8, 0xc6, 0xff, 0xc3, 0xec, 0xc6, 0xff, 0xa4, 0xbc, 0xa6, 0xff, 0xb2, 0xbb, 0xb4, 0xff, 0xb6, 0xb0, 0xb7, 0xff, 0xbc, 0xb5, 0xbd, 0xff, 0xb3, 0xb6, 0xb5, 0xff, 0xab, 0xb8, 0xad, 0xff, 0xac, 0xc2, 0xab, 0xff, 0xd0, 0xeb, 0xce, 0xff, 
  0xba, 0xbe, 0xb6, 0xff, 0xb1, 0xb4, 0xaf, 0xff, 0xb6, 0xb6, 0xb9, 0xff, 0xb2, 0xb3, 0xb7, 0xff, 0xb0, 0xb4, 0xb6, 0xff, 0xad, 0xb9, 0xb1, 0xff, 0xad, 0xc5, 0xad, 0xff, 0xc6, 0xe9, 0xc3, 0xff, 0xca, 0xfb, 0xc8, 0xff, 0xc3, 0xfd, 0xc2, 0xff, 0xbd, 0xfe, 0xc0, 0xff, 0xbc, 0xff, 0xc2, 0xff, 0xbc, 0xfe, 0xc2, 0xff, 0xbd, 0xfe, 0xc3, 0xff, 0xbf, 0xfe, 0xc2, 0xff, 0xc0, 0xfe, 0xc1, 0xff, 0xbf, 0xff, 0xc1, 0xff, 0xbf, 0xff, 0xc0, 0xff, 0xbf, 0xff, 0xc0, 0xff, 0xbf, 0xff, 0xc0, 0xff, 0xbf, 0xff, 0xc0, 0xff, 0xbe, 0xff, 0xc0, 0xff, 0xbe, 0xff, 0xc0, 0xff, 0xbf, 0xff, 0xc0, 0xff, 0xbf, 0xfe, 0xbf, 0xff, 0xbf, 0xfe, 0xbf, 0xff, 0xbf, 0xfe, 0xbf, 0xff, 0xc0, 0xff, 0xc0, 0xff, 0xc1, 0xff, 0xc0, 0xff, 0xc1, 0xfe, 0xc0, 0xff, 0xc2, 0xfe, 0xc0, 0xff, 0xc1, 0xfd, 0xc0, 0xff, 0xbe, 0xfb, 0xbf, 0xff, 0xc5, 0xf9, 0xc6, 0xff, 0xce, 0xf2, 0xce, 0xff, 0xb1, 0xc6, 0xaf, 0xff, 0xaf, 0xb9, 0xac, 0xff, 0xb6, 0xba, 0xb2, 0xff, 0xb3, 0xb9, 0xb1, 0xff, 0xb3, 0xba, 0xb2, 0xff, 0xb0, 0xb7, 0xb0, 0xff, 0xb1, 0xb7, 0xb2, 0xff, 0xb5, 0xb6, 0xb6, 0xff, 0xb7, 0xb6, 0xb8, 0xff, 0xb2, 0xb2, 0xb2, 0xff, 0xb6, 0xb9, 0xb6, 0xff, 0xae, 0xb7, 0xae, 0xff, 0xa8, 0xbc, 0xa6, 0xff, 0xbf, 0xe4, 0xba, 0xff, 0xd0, 0xff, 0xcb, 0xff, 0xc3, 0xf5, 0xc2, 0xff, 0xc3, 0xf7, 0xc4, 0xff, 0xc5, 0xfe, 0xc8, 0xff, 0xba, 0xf7, 0xbe, 0xff, 0xbf, 0xff, 0xc0, 0xff, 0xc0, 0xff, 0xc0, 0xff, 0xbf, 0xff, 0xbe, 0xff, 0xbf, 0xff, 0xbe, 0xff, 0xc0, 0xff, 0xc0, 0xff, 0xc0, 0xfe, 0xc2, 0xff, 0xc0, 0xfd, 0xc3, 0xff, 0xc0, 0xfd, 0xc3, 0xff, 0xbf, 0xfe, 0xc2, 0xff, 0xbe, 0xff, 0xc1, 0xff, 0xbc, 0xff, 0xbf, 0xff, 0xbc, 0xff, 0xbe, 0xff, 0xbf, 0xff, 0xbf, 0xff, 0xc0, 0xff, 0xc0, 0xff, 0xc1, 0xfe, 0xc1, 0xff, 0xc1, 0xfe, 0xc1, 0xff, 0xc0, 0xff, 0xbf, 0xff, 0xbf, 0xff, 0xbf, 0xff, 0xbc, 0xfd, 0xbe, 0xff, 0xc0, 0xfd, 0xc3, 0xff, 0xc3, 0xf8, 0xc6, 0xff, 0xca, 0xf3, 0xcd, 0xff, 0xa8, 0xc2, 0xab, 0xff, 0xb0, 0xbb, 0xb2, 0xff, 0xb4, 0xb0, 0xb4, 0xff, 0xbc, 0xb6, 0xbd, 0xff, 0xb3, 0xb5, 0xb5, 0xff, 0xab, 0xb6, 0xac, 0xff, 0xa9, 0xbd, 0xa7, 0xff, 0xce, 0xe6, 0xcb, 0xff, 
  0xb6, 0xb8, 0xb2, 0xff, 0xb4, 0xb5, 0xb2, 0xff, 0xb7, 0xb6, 0xb9, 0xff, 0xb1, 0xb2, 0xb6, 0xff, 0xb0, 0xb4, 0xb5, 0xff, 0xac, 0xb8, 0xaf, 0xff, 0xaf, 0xc7, 0xaf, 0xff, 0xca, 0xef, 0xc8, 0xff, 0xc9, 0xfb, 0xc5, 0xff, 0xc3, 0xfe, 0xc1, 0xff, 0xbe, 0xff, 0xc0, 0xff, 0xbc, 0xff, 0xc0, 0xff, 0xbc, 0xff, 0xc2, 0xff, 0xbe, 0xff, 0xc3, 0xff, 0xc0, 0xfe, 0xc1, 0xff, 0xbf, 0xfe, 0xc0, 0xff, 0xbe, 0xff, 0xc1, 0xff, 0xbd, 0xff, 0xc0, 0xff, 0xbe, 0xff, 0xc0, 0xff, 0xbf, 0xff, 0xc0, 0xff, 0xbf, 0xff, 0xc0, 0xff, 0xbf, 0xff, 0xc0, 0xff, 0xbf, 0xff, 0xc0, 0xff, 0xc0, 0xff, 0xc0, 0xff, 0xc0, 0xfe, 0xbf, 0xff, 0xc0, 0xfe, 0xbf, 0xff, 0xbf, 0xfe, 0xbf, 0xff, 0xc0, 0xff, 0xc0, 0xff, 0xc1, 0xff, 0xc1, 0xff, 0xc1, 0xff, 0xc1, 0xff, 0xbf, 0xff, 0xc0, 0xff, 0xbd, 0xfe, 0xbf, 0xff, 0xbf, 0xff, 0xc2, 0xff, 0xbb, 0xf7, 0xbd, 0xff, 0xd2, 0xfc, 0xd3, 0xff, 0xc4, 0xde, 0xc3, 0xff, 0xb5, 0xc2, 0xb3, 0xff, 0xb1, 0xb7, 0xaf, 0xff, 0xb3, 0xb7, 0xb1, 0xff, 0xb0, 0xb5, 0xb0, 0xff, 0xaf, 0xb5, 0xb0, 0xff, 0xb6, 0xbb, 0xb7, 0xff, 0xb6, 0xb7, 0xb7, 0xff, 0xb4, 0xb3, 0xb5, 0xff, 0xb2, 0xb3, 0xb3, 0xff, 0xb3, 0xb8, 0xb4, 0xff, 0xa9, 0xb4, 0xab, 0xff, 0xb6, 0xce, 0xb5, 0xff, 0xce, 0xfa, 0xc7, 0xff, 0xc6, 0xfb, 0xbf, 0xff, 0xc1, 0xf6, 0xc1, 0xff, 0xc1, 0xf8, 0xc7, 0xff, 0xc1, 0xfa, 0xc9, 0xff, 0xbe, 0xfa, 0xc4, 0xff, 0xbe, 0xfe, 0xc0, 0xff, 0xbe, 0xff, 0xbc, 0xff, 0xc0, 0xff, 0xbb, 0xff, 0xc1, 0xff, 0xbc, 0xff, 0xc1, 0xff, 0xbf, 0xff, 0xc1, 0xfe, 0xc2, 0xff, 0xc0, 0xfd, 0xc3, 0xff, 0xbf, 0xfd, 0xc3, 0xff, 0xbf, 0xfe, 0xc2, 0xff, 0xbe, 0xff, 0xc0, 0xff, 0xbc, 0xff, 0xbf, 0xff, 0xbd, 0xff, 0xbe, 0xff, 0xbf, 0xff, 0xbf, 0xff, 0xc0, 0xff, 0xc0, 0xff, 0xc1, 0xff, 0xc0, 0xff, 0xc1, 0xff, 0xc0, 0xff, 0xbf, 0xff, 0xbf, 0xff, 0xbe, 0xff, 0xbf, 0xff, 0xbf, 0xff, 0xc1, 0xff, 0xbf, 0xfc, 0xc2, 0xff, 0xc5, 0xf9, 0xc7, 0xff, 0xca, 0xf3, 0xcd, 0xff, 0xb1, 0xcb, 0xb3, 0xff, 0xac, 0xb9, 0xae, 0xff, 0xb3, 0xb3, 0xb3, 0xff, 0xb8, 0xb4, 0xb9, 0xff, 0xb4, 0xb6, 0xb6, 0xff, 0xad, 0xb6, 0xaf, 0xff, 0xa8, 0xba, 0xa7, 0xff, 0xcd, 0xe3, 0xca, 0xff, 
  0xb4, 0xb6, 0xb1, 0xff, 0xb5, 0xb6, 0xb4, 0xff, 0xb5, 0xb4, 0xb7, 0xff, 0xb2, 0xb2, 0xb6, 0xff, 0xb1, 0xb5, 0xb6, 0xff, 0xab, 0xb7, 0xae, 0xff, 0xaf, 0xc8, 0xaf, 0xff, 0xce, 0xf3, 0xcb, 0xff, 0xc8, 0xfa, 0xc4, 0xff, 0xc2, 0xfd, 0xbf, 0xff, 0xbd, 0xff, 0xbe, 0xff, 0xbc, 0xff, 0xbf, 0xff, 0xbd, 0xff, 0xc1, 0xff, 0xbf, 0xff, 0xc2, 0xff, 0xc0, 0xff, 0xc0, 0xff, 0xbf, 0xfe, 0xbf, 0xff, 0xbe, 0xff, 0xc0, 0xff, 0xbd, 0xff, 0xc0, 0xff, 0xbe, 0xff, 0xc0, 0xff, 0xbe, 0xff, 0xc0, 0xff, 0xbf, 0xff, 0xc0, 0xff, 0xc0, 0xff, 0xc0, 0xff, 0xc0, 0xff, 0xc0, 0xff, 0xc0, 0xff, 0xc0, 0xff, 0xc0, 0xfe, 0xbf, 0xff, 0xc0, 0xfe, 0xbf, 0xff, 0xbf, 0xfe, 0xbf, 0xff, 0xc0, 0xff, 0xc0, 0xff, 0xbf, 0xff, 0xc0, 0xff, 0xbf, 0xff, 0xc0, 0xff, 0xbe, 0xff, 0xc0, 0xff, 0xbb, 0xff, 0xbe, 0xff, 0xbd, 0xff, 0xc0, 0xff, 0xbc, 0xfd, 0xbf, 0xff, 0xcc, 0xfa, 0xcd, 0xff, 0xd3, 0xf0, 0xd3, 0xff, 0xbd, 0xcb, 0xbc, 0xff, 0xac, 0xb2, 0xab, 0xff, 0xba, 0xbe, 0xb9, 0xff, 0xb0, 0xb3, 0xb0, 0xff, 0xb3, 0xb6, 0xb3, 0xff, 0xb4, 0xb7, 0xb5, 0xff, 0xb2, 0xb2, 0xb3, 0xff, 0xb4, 0xb3, 0xb5, 0xff, 0xb7, 0xb8, 0xb9, 0xff, 0xb1, 0xb6, 0xb4, 0xff, 0xa8, 0xb5, 0xac, 0xff, 0xca, 0xe5, 0xcb, 0xff, 0xcd, 0xfd, 0xc6, 0xff, 0xc0, 0xfa, 0xba, 0xff, 0xc6, 0xff, 0xc8, 0xff, 0xc3, 0xfc, 0xc9, 0xff, 0xbc, 0xf7, 0xc5, 0xff, 0xc2, 0xff, 0xc9, 0xff, 0xc0, 0xff, 0xc1, 0xff, 0xbc, 0xfe, 0xba, 0xff, 0xc1, 0xff, 0xba, 0xff, 0xc2, 0xff, 0xbb, 0xff, 0xc2, 0xff, 0xbf, 0xff, 0xc1, 0xfe, 0xc1, 0xff, 0xc1, 0xfd, 0xc3, 0xff, 0xc0, 0xfd, 0xc3, 0xff, 0xbf, 0xff, 0xc1, 0xff, 0xbe, 0xff, 0xc0, 0xff, 0xbd, 0xff, 0xbf, 0xff, 0xbd, 0xff, 0xbe, 0xff, 0xbf, 0xff, 0xbf, 0xff, 0xc0, 0xff, 0xbf, 0xff, 0xc1, 0xff, 0xc0, 0xff, 0xc0, 0xff, 0xbf, 0xff, 0xbf, 0xff, 0xbe, 0xff, 0xbe, 0xff, 0xbe, 0xff, 0xc0, 0xff, 0xc2, 0xff, 0xbf, 0xfb, 0xc1, 0xff, 0xc6, 0xfa, 0xc8, 0xff, 0xca, 0xf2, 0xcb, 0xff, 0xb6, 0xd0, 0xb8, 0xff, 0xa8, 0xb6, 0xaa, 0xff, 0xb4, 0xb6, 0xb4, 0xff, 0xb5, 0xb3, 0xb6, 0xff, 0xb4, 0xb6, 0xb7, 0xff, 0xb0, 0xb7, 0xb2, 0xff, 0xa9, 0xb8, 0xa7, 0xff, 0xce, 0xe1, 0xcb, 0xff, 
  0xb5, 0xb7, 0xb1, 0xff, 0xb6, 0xb7, 0xb4, 0xff, 0xb3, 0xb2, 0xb5, 0xff, 0xb3, 0xb3, 0xb7, 0xff, 0xb4, 0xb7, 0xb8, 0xff, 0xa9, 0xb5, 0xac, 0xff, 0xaf, 0xc7, 0xae, 0xff, 0xcf, 0xf4, 0xcc, 0xff, 0xc7, 0xf9, 0xc3, 0xff, 0xc1, 0xfc, 0xbe, 0xff, 0xbc, 0xfe, 0xbd, 0xff, 0xbc, 0xff, 0xbe, 0xff, 0xbd, 0xff, 0xc0, 0xff, 0xbf, 0xff, 0xc1, 0xff, 0xc0, 0xff, 0xbf, 0xff, 0xbf, 0xff, 0xbe, 0xff, 0xbe, 0xff, 0xc0, 0xff, 0xbd, 0xff, 0xc0, 0xff, 0xbe, 0xff, 0xc0, 0xff, 0xbe, 0xff, 0xc0, 0xff, 0xbf, 0xff, 0xc0, 0xff, 0xc0, 0xff, 0xbf, 0xff, 0xc1, 0xff, 0xbf, 0xff, 0xc1, 0xff, 0xbf, 0xff, 0xc1, 0xff, 0xbf, 0xff, 0xc0, 0xfe, 0xbe, 0xff, 0xbf, 0xfe, 0xbe, 0xff, 0xbf, 0xff, 0xc0, 0xff, 0xbf, 0xff, 0xc0, 0xff, 0xbe, 0xff, 0xc0, 0xff, 0xbc, 0xfe, 0xbf, 0xff, 0xb9, 0xfe, 0xbd, 0xff, 0xb8, 0xff, 0xbb, 0xff, 0xbe, 0xff, 0xc1, 0xff, 0xc9, 0xf7, 0xc9, 0xff, 0xd1, 0xee, 0xd1, 0xff, 0xbb, 0xc7, 0xba, 0xff, 0xaf, 0xb3, 0xae, 0xff, 0xba, 0xbc, 0xba, 0xff, 0xb6, 0xb7, 0xb6, 0xff, 0xb5, 0xb6, 0xb5, 0xff, 0xb4, 0xb4, 0xb4, 0xff, 0xb4, 0xb2, 0xb5, 0xff, 0xb6, 0xb4, 0xb7, 0xff, 0xb7, 0xb7, 0xb9, 0xff, 0xb3, 0xb8, 0xb7, 0xff, 0xa8, 0xb4, 0xae, 0xff, 0xc8, 0xe2, 0xca, 0xff, 0xca, 0xfa, 0xc6, 0xff, 0xc0, 0xfc, 0xbc, 0xff, 0xc5, 0xff, 0xc8, 0xff, 0xc1, 0xfd, 0xc7, 0xff, 0xbc, 0xf9, 0xc3, 0xff, 0xc1, 0xff, 0xc6, 0xff, 0xbf, 0xff, 0xc0, 0xff, 0xbf, 0xff, 0xbc, 0xff, 0xc2, 0xff, 0xbc, 0xff, 0xc3, 0xff, 0xbd, 0xff, 0xc3, 0xff, 0xbf, 0xff, 0xc2, 0xfe, 0xc1, 0xff, 0xc1, 0xfd, 0xc3, 0xff, 0xc0, 0xfe, 0xc3, 0xff, 0xbf, 0xff, 0xc0, 0xff, 0xbe, 0xff, 0xbf, 0xff, 0xbe, 0xff, 0xbf, 0xff, 0xbe, 0xff, 0xbf, 0xff, 0xbf, 0xff, 0xbf, 0xff, 0xc0, 0xff, 0xbf, 0xff, 0xc0, 0xff, 0xbf, 0xff, 0xc0, 0xff, 0xbe, 0xff, 0xbf, 0xff, 0xbe, 0xff, 0xbe, 0xff, 0xbe, 0xff, 0xc0, 0xff, 0xc1, 0xff, 0xc1, 0xfc, 0xc2, 0xff, 0xc6, 0xf9, 0xc7, 0xff, 0xcb, 0xf2, 0xcb, 0xff, 0xb5, 0xd0, 0xb6, 0xff, 0xa8, 0xb7, 0xa9, 0xff, 0xb4, 0xb8, 0xb4, 0xff, 0xb4, 0xb3, 0xb5, 0xff, 0xb5, 0xb5, 0xb8, 0xff, 0xb2, 0xb7, 0xb5, 0xff, 0xaa, 0xb7, 0xa8, 0xff, 0xd1, 0xe0, 0xcd, 0xff, 
  0xb8, 0xbb, 0xb3, 0xff, 0xb8, 0xb9, 0xb5, 0xff, 0xb3, 0xb2, 0xb5, 0xff, 0xb3, 0xb3, 0xb7, 0xff, 0xb5, 0xb8, 0xb9, 0xff, 0xa9, 0xb4, 0xab, 0xff, 0xae, 0xc6, 0xae, 0xff, 0xcf, 0xf3, 0xcc, 0xff, 0xc6, 0xf7, 0xc2, 0xff, 0xc1, 0xfb, 0xbe, 0xff, 0xbd, 0xfe, 0xbd, 0xff, 0xbc, 0xff, 0xbe, 0xff, 0xbe, 0xff, 0xc0, 0xff, 0xc0, 0xff, 0xc0, 0xff, 0xc1, 0xff, 0xbe, 0xff, 0xbf, 0xff, 0xbd, 0xff, 0xbe, 0xff, 0xc0, 0xff, 0xbd, 0xff, 0xc0, 0xff, 0xbe, 0xff, 0xc0, 0xff, 0xbe, 0xff, 0xc0, 0xff, 0xbf, 0xff, 0xbf, 0xff, 0xc0, 0xff, 0xbf, 0xff, 0xc1, 0xff, 0xbf, 0xff, 0xc1, 0xff, 0xbf, 0xff, 0xc1, 0xff, 0xbf, 0xff, 0xc1, 0xff, 0xbf, 0xff, 0xc0, 0xff, 0xbf, 0xff, 0xbf, 0xff, 0xc0, 0xff, 0xbf, 0xff, 0xc0, 0xff, 0xbe, 0xff, 0xc1, 0xff, 0xbc, 0xfe, 0xc0, 0xff, 0xba, 0xfe, 0xbe, 0xff, 0xb8, 0xff, 0xbb, 0xff, 0xc0, 0xff, 0xc2, 0xff, 0xce, 0xfa, 0xcf, 0xff, 0xc7, 0xe1, 0xc7, 0xff, 0xb2, 0xbc, 0xb2, 0xff, 0xb5, 0xb7, 0xb5, 0xff, 0xae, 0xae, 0xad, 0xff, 0xba, 0xba, 0xba, 0xff, 0xb4, 0xb4, 0xb3, 0xff, 0xb3, 0xb3, 0xb3, 0xff, 0xb8, 0xb6, 0xb8, 0xff, 0xb6, 0xb4, 0xb7, 0xff, 0xb2, 0xb2, 0xb5, 0xff, 0xb4, 0xb7, 0xb7, 0xff, 0xa5, 0xaf, 0xab, 0xff, 0xb3, 0xcc, 0xb8, 0xff, 0xcc, 0xfa, 0xcc, 0xff, 0xc1, 0xfb, 0xc1, 0xff, 0xbd, 0xf8, 0xbf, 0xff, 0xbf, 0xfc, 0xc3, 0xff, 0xc1, 0xff, 0xc5, 0xff, 0xbe, 0xfe, 0xc0, 0xff, 0xbd, 0xfd, 0xbd, 0xff, 0xc3, 0xff, 0xc0, 0xff, 0xc2, 0xff, 0xbf, 0xff, 0xc3, 0xff, 0xbf, 0xff, 0xc3, 0xfe, 0xc1, 0xff, 0xc3, 0xfe, 0xc1, 0xff, 0xc2, 0xfe, 0xc2, 0xff, 0xc1, 0xfe, 0xc1, 0xff, 0xbf, 0xff, 0xc0, 0xff, 0xbe, 0xff, 0xbf, 0xff, 0xbe, 0xff, 0xbf, 0xff, 0xbf, 0xff, 0xbf, 0xff, 0xbf, 0xff, 0xbf, 0xff, 0xc0, 0xff, 0xbf, 0xff, 0xbf, 0xff, 0xbe, 0xff, 0xbf, 0xff, 0xbe, 0xff, 0xbe, 0xff, 0xbe, 0xff, 0xbf, 0xff, 0xbf, 0xff, 0xbe, 0xfd, 0xbe, 0xff, 0xc3, 0xfc, 0xc4, 0xff, 0xc7, 0xf7, 0xc7, 0xff, 0xce, 0xf3, 0xce, 0xff, 0xb4, 0xcd, 0xb4, 0xff, 0xa8, 0xb7, 0xa9, 0xff, 0xb3, 0xb8, 0xb3, 0xff, 0xb4, 0xb5, 0xb6, 0xff, 0xb3, 0xb4, 0xb7, 0xff, 0xb2, 0xb7, 0xb5, 0xff, 0xab, 0xb6, 0xa9, 0xff, 0xd3, 0xe2, 0xcf, 0xff, 
  0xbf, 0xc3, 0xba, 0xff, 0xb0, 0xb3, 0xad, 0xff, 0xb6, 0xb6, 0xb7, 0xff, 0xba, 0xba, 0xbe, 0xff, 0xad, 0xb0, 0xb2, 0xff, 0xb0, 0xb9, 0xb2, 0xff, 0xae, 0xc3, 0xad, 0xff, 0xc6, 0xe8, 0xc3, 0xff, 0xcc, 0xfa, 0xc8, 0xff, 0xc4, 0xfc, 0xc1, 0xff, 0xbd, 0xfc, 0xbe, 0xff, 0xbd, 0xff, 0xbf, 0xff, 0xbf, 0xff, 0xc0, 0xff, 0xbe, 0xff, 0xbe, 0xff, 0xbf, 0xfe, 0xbb, 0xff, 0xc1, 0xff, 0xbf, 0xff, 0xbe, 0xff, 0xbf, 0xff, 0xbd, 0xff, 0xc0, 0xff, 0xbe, 0xff, 0xc0, 0xff, 0xbe, 0xff, 0xc0, 0xff, 0xbf, 0xff, 0xbf, 0xff, 0xc0, 0xff, 0xbf, 0xff, 0xc1, 0xff, 0xbf, 0xff, 0xc1, 0xff, 0xbf, 0xff, 0xc2, 0xff, 0xc0, 0xff, 0xbf, 0xfd, 0xbd, 0xff, 0xbd, 0xfc, 0xbd, 0xff, 0xbf, 0xfe, 0xbf, 0xff, 0xc0, 0xff, 0xc2, 0xff, 0xbf, 0xfe, 0xc2, 0xff, 0xbb, 0xfb, 0xbf, 0xff, 0xb8, 0xfa, 0xbd, 0xff, 0xba, 0xfd, 0xbd, 0xff, 0xbf, 0xf9, 0xc1, 0xff, 0xd0, 0xf7, 0xd1, 0xff, 0xb9, 0xcf, 0xb9, 0xff, 0xab, 0xb2, 0xab, 0xff, 0xbb, 0xba, 0xba, 0xff, 0xb6, 0xb6, 0xb6, 0xff, 0xb4, 0xb4, 0xb3, 0xff, 0xb7, 0xb9, 0xb6, 0xff, 0xb0, 0xb2, 0xb0, 0xff, 0xb9, 0xb8, 0xb8, 0xff, 0xb5, 0xb3, 0xb5, 0xff, 0xb4, 0xb3, 0xb6, 0xff, 0xb6, 0xb8, 0xba, 0xff, 0xad, 0xb4, 0xb3, 0xff, 0xa8, 0xbc, 0xaf, 0xff, 0xbc, 0xe4, 0xc1, 0xff, 0xc5, 0xf9, 0xc9, 0xff, 0xc6, 0xff, 0xc8, 0xff, 0xbd, 0xf9, 0xbc, 0xff, 0xc3, 0xff, 0xc2, 0xff, 0xbc, 0xfd, 0xbb, 0xff, 0xbb, 0xfa, 0xba, 0xff, 0xc3, 0xff, 0xc3, 0xff, 0xc1, 0xfc, 0xc2, 0xff, 0xc2, 0xfc, 0xc2, 0xff, 0xc3, 0xfd, 0xc3, 0xff, 0xc3, 0xfd, 0xc2, 0xff, 0xc2, 0xfe, 0xc1, 0xff, 0xc1, 0xff, 0xc0, 0xff, 0xbf, 0xff, 0xbf, 0xff, 0xbe, 0xff, 0xbf, 0xff, 0xbf, 0xff, 0xc0, 0xff, 0xbf, 0xff, 0xc0, 0xff, 0xc0, 0xff, 0xbf, 0xff, 0xbf, 0xff, 0xbf, 0xff, 0xbf, 0xff, 0xbe, 0xff, 0xbe, 0xff, 0xbe, 0xff, 0xbe, 0xff, 0xbe, 0xff, 0xbf, 0xff, 0xbf, 0xff, 0xc1, 0xfe, 0xc1, 0xff, 0xc5, 0xfb, 0xc5, 0xff, 0xc6, 0xf3, 0xc7, 0xff, 0xcb, 0xee, 0xcc, 0xff, 0xb2, 0xca, 0xb2, 0xff, 0xaa, 0xb9, 0xab, 0xff, 0xb0, 0xb6, 0xb1, 0xff, 0xb4, 0xb6, 0xb7, 0xff, 0xb1, 0xb3, 0xb7, 0xff, 0xaf, 0xb4, 0xb3, 0xff, 0xb2, 0xbf, 0xb1, 0xff, 0xd1, 0xe1, 0xcd, 0xff, 
  0xbc, 0xc5, 0xb7, 0xff, 0xae, 0xb5, 0xab, 0xff, 0xb3, 0xb6, 0xb4, 0xff, 0xb5, 0xb5, 0xb8, 0xff, 0xb1, 0xb4, 0xb5, 0xff, 0xaf, 0xb8, 0xb2, 0xff, 0xaa, 0xbd, 0xa9, 0xff, 0xc6, 0xe4, 0xc3, 0xff, 0xd5, 0xff, 0xd1, 0xff, 0xc3, 0xf8, 0xc0, 0xff, 0xbd, 0xf9, 0xbd, 0xff, 0xc1, 0xff, 0xc3, 0xff, 0xc0, 0xff, 0xc2, 0xff, 0xbe, 0xff, 0xbe, 0xff, 0xc0, 0xff, 0xbd, 0xff, 0xc0, 0xff, 0xbd, 0xff, 0xbe, 0xff, 0xbf, 0xff, 0xbd, 0xff, 0xc0, 0xff, 0xbe, 0xff, 0xc0, 0xff, 0xbe, 0xff, 0xc0, 0xff, 0xbf, 0xff, 0xbf, 0xff, 0xc0, 0xff, 0xbf, 0xff, 0xc1, 0xff, 0xbf, 0xff, 0xc1, 0xff, 0xbf, 0xff, 0xbb, 0xf9, 0xb9, 0xff, 0xc2, 0xff, 0xc0, 0xff, 0xc5, 0xff, 0xc5, 0xff, 0xc2, 0xff, 0xc3, 0xff, 0xbf, 0xfc, 0xc0, 0xff, 0xbe, 0xfb, 0xc1, 0xff, 0xbf, 0xfc, 0xc3, 0xff, 0xbf, 0xfc, 0xc3, 0xff, 0xc0, 0xfc, 0xc2, 0xff, 0xc9, 0xfb, 0xca, 0xff, 0xbf, 0xdf, 0xbf, 0xff, 0xad, 0xbe, 0xad, 0xff, 0xb4, 0xb7, 0xb4, 0xff, 0xba, 0xb8, 0xba, 0xff, 0xb1, 0xb2, 0xb2, 0xff, 0xb5, 0xb8, 0xb5, 0xff, 0xb2, 0xb8, 0xb1, 0xff, 0xb0, 0xb6, 0xae, 0xff, 0xb4, 0xb7, 0xb2, 0xff, 0xb6, 0xb6, 0xb5, 0xff, 0xb2, 0xb1, 0xb3, 0xff, 0xb3, 0xb4, 0xb7, 0xff, 0xb4, 0xba, 0xba, 0xff, 0xa5, 0xb5, 0xad, 0xff, 0xa7, 0xc8, 0xb0, 0xff, 0xce, 0xfa, 0xd5, 0xff, 0xbe, 0xf1, 0xbf, 0xff, 0xc3, 0xfc, 0xc0, 0xff, 0xbf, 0xfd, 0xba, 0xff, 0xc0, 0xff, 0xbb, 0xff, 0xc1, 0xff, 0xc0, 0xff, 0xc0, 0xfd, 0xc1, 0xff, 0xc1, 0xfb, 0xc4, 0xff, 0xc2, 0xfa, 0xc5, 0xff, 0xc3, 0xfc, 0xc4, 0xff, 0xc2, 0xfd, 0xc2, 0xff, 0xc2, 0xff, 0xc0, 0xff, 0xc1, 0xff, 0xbf, 0xff, 0xbf, 0xff, 0xbf, 0xff, 0xbf, 0xff, 0xbf, 0xff, 0xbf, 0xff, 0xc0, 0xff, 0xc0, 0xff, 0xc0, 0xff, 0xbf, 0xff, 0xbf, 0xff, 0xbf, 0xff, 0xbf, 0xff, 0xbe, 0xff, 0xbe, 0xff, 0xbe, 0xff, 0xbe, 0xff, 0xbe, 0xff, 0xbe, 0xff, 0xc0, 0xff, 0xc0, 0xff, 0xc2, 0xfc, 0xc2, 0xff, 0xc3, 0xf6, 0xc3, 0xff, 0xca, 0xf4, 0xcb, 0xff, 0xcb, 0xeb, 0xcc, 0xff, 0xa5, 0xbb, 0xa6, 0xff, 0xb0, 0xbd, 0xb1, 0xff, 0xb0, 0xb5, 0xb1, 0xff, 0xb7, 0xb9, 0xba, 0xff, 0xb0, 0xb4, 0xb6, 0xff, 0xac, 0xb4, 0xb1, 0xff, 0xae, 0xbe, 0xad, 0xff, 0xd0, 0xe4, 0xcd, 0xff, 
  0xc0, 0xcf, 0xbb, 0xff, 0xac, 0xb8, 0xa9, 0xff, 0xb2, 0xb8, 0xb3, 0xff, 0xae, 0xb1, 0xb1, 0xff, 0xb6, 0xb8, 0xb9, 0xff, 0xb1, 0xb8, 0xb4, 0xff, 0xa7, 0xb7, 0xa6, 0xff, 0xc0, 0xdb, 0xbd, 0xff, 0xd4, 0xfa, 0xcf, 0xff, 0xc9, 0xf9, 0xc5, 0xff, 0xc5, 0xfd, 0xc5, 0xff, 0xc1, 0xff, 0xc3, 0xff, 0xbb, 0xfa, 0xbc, 0xff, 0xbf, 0xff, 0xbe, 0xff, 0xc4, 0xff, 0xc1, 0xff, 0xbf, 0xff, 0xbc, 0xff, 0xbe, 0xff, 0xbf, 0xff, 0xbe, 0xff, 0xc0, 0xff, 0xbe, 0xff, 0xc0, 0xff, 0xbe, 0xff, 0xbf, 0xff, 0xbe, 0xff, 0xbf, 0xff, 0xbf, 0xff, 0xbf, 0xff, 0xc0, 0xff, 0xbf, 0xff, 0xc0, 0xff, 0xbf, 0xff, 0xbe, 0xfd, 0xbd, 0xff, 0xbf, 0xfe, 0xbf, 0xff, 0xc1, 0xfe, 0xc1, 0xff, 0xc2, 0xff, 0xc3, 0xff, 0xc2, 0xfd, 0xc3, 0xff, 0xc2, 0xfc, 0xc4, 0xff, 0xc1, 0xfb, 0xc4, 0xff, 0xc3, 0xfa, 0xc5, 0xff, 0xca, 0xfb, 0xca, 0xff, 0xc7, 0xee, 0xc7, 0xff, 0xae, 0xc6, 0xae, 0xff, 0xa8, 0xb3, 0xa9, 0xff, 0xb8, 0xb9, 0xb9, 0xff, 0xb7, 0xb6, 0xb9, 0xff, 0xb1, 0xb5, 0xb2, 0xff, 0xb1, 0xb9, 0xb1, 0xff, 0xab, 0xb8, 0xaa, 0xff, 0xbc, 0xc9, 0xba, 0xff, 0xb4, 0xbc, 0xb1, 0xff, 0xb1, 0xb6, 0xae, 0xff, 0xb4, 0xb6, 0xb4, 0xff, 0xb3, 0xb4, 0xb5, 0xff, 0xb5, 0xb9, 0xba, 0xff, 0xa9, 0xb6, 0xb1, 0xff, 0xa3, 0xbb, 0xad, 0xff, 0xb3, 0xd5, 0xba, 0xff, 0xcf, 0xfb, 0xd0, 0xff, 0xc1, 0xf4, 0xbd, 0xff, 0xc3, 0xfd, 0xbc, 0xff, 0xc0, 0xfd, 0xba, 0xff, 0xc4, 0xff, 0xc2, 0xff, 0xc1, 0xfd, 0xc3, 0xff, 0xc1, 0xfa, 0xc5, 0xff, 0xc1, 0xfa, 0xc6, 0xff, 0xc2, 0xfc, 0xc4, 0xff, 0xc2, 0xfe, 0xc2, 0xff, 0xc2, 0xff, 0xbf, 0xff, 0xc1, 0xff, 0xbe, 0xff, 0xc0, 0xff, 0xbf, 0xff, 0xbf, 0xff, 0xc0, 0xff, 0xc0, 0xff, 0xc1, 0xff, 0xbf, 0xff, 0xc1, 0xff, 0xbf, 0xff, 0xc0, 0xff, 0xbe, 0xff, 0xbf, 0xff, 0xbe, 0xff, 0xbe, 0xff, 0xbe, 0xff, 0xbe, 0xff, 0xbf, 0xff, 0xbf, 0xff, 0xc1, 0xfe, 0xc1, 0xff, 0xc4, 0xfc, 0xc4, 0xff, 0xc5, 0xf5, 0xc5, 0xff, 0xd5, 0xfb, 0xd5, 0xff, 0xc5, 0xe0, 0xc5, 0xff, 0xa3, 0xb5, 0xa3, 0xff, 0xb3, 0xbd, 0xb3, 0xff, 0xb2, 0xb5, 0xb3, 0xff, 0xb4, 0xb6, 0xb7, 0xff, 0xb1, 0xb7, 0xb6, 0xff, 0xa9, 0xb5, 0xad, 0xff, 0xb0, 0xc4, 0xb0, 0xff, 0xd4, 0xed, 0xd2, 0xff, 
  0xcb, 0xe0, 0xc6, 0xff, 0xab, 0xbc, 0xa8, 0xff, 0xb1, 0xbb, 0xb1, 0xff, 0xad, 0xb2, 0xb0, 0xff, 0xb6, 0xb9, 0xba, 0xff, 0xb2, 0xb7, 0xb4, 0xff, 0xa8, 0xb6, 0xa8, 0xff, 0xb6, 0xcc, 0xb3, 0xff, 0xd0, 0xf2, 0xcc, 0xff, 0xcc, 0xf8, 0xc9, 0xff, 0xc6, 0xfb, 0xc6, 0xff, 0xbf, 0xfa, 0xc1, 0xff, 0xbf, 0xfc, 0xc0, 0xff, 0xc1, 0xff, 0xc1, 0xff, 0xc1, 0xff, 0xbf, 0xff, 0xbf, 0xff, 0xbd, 0xff, 0xbf, 0xff, 0xbf, 0xff, 0xbf, 0xff, 0xc0, 0xff, 0xbf, 0xff, 0xbf, 0xff, 0xbe, 0xff, 0xbf, 0xff, 0xbe, 0xff, 0xbf, 0xff, 0xbe, 0xff, 0xbf, 0xff, 0xbf, 0xff, 0xbf, 0xff, 0xbf, 0xff, 0xbf, 0xff, 0xc1, 0xff, 0xc1, 0xff, 0xbc, 0xfb, 0xbc, 0xff, 0xbb, 0xf8, 0xbc, 0xff, 0xc3, 0xfd, 0xc3, 0xff, 0xc6, 0xfe, 0xc7, 0xff, 0xc3, 0xf9, 0xc4, 0xff, 0xc2, 0xf8, 0xc4, 0xff, 0xc8, 0xf9, 0xc9, 0xff, 0xcc, 0xf4, 0xcb, 0xff, 0xb6, 0xd2, 0xb4, 0xff, 0xaa, 0xba, 0xa9, 0xff, 0xb0, 0xb6, 0xb1, 0xff, 0xb6, 0xb5, 0xb8, 0xff, 0xb5, 0xb5, 0xb7, 0xff, 0xb0, 0xb9, 0xb2, 0xff, 0xa7, 0xb7, 0xa8, 0xff, 0xae, 0xc3, 0xad, 0xff, 0xcf, 0xe5, 0xcc, 0xff, 0xc1, 0xd1, 0xbd, 0xff, 0xab, 0xb5, 0xa7, 0xff, 0xb4, 0xba, 0xb3, 0xff, 0xb5, 0xb8, 0xb6, 0xff, 0xae, 0xb3, 0xb2, 0xff, 0xb0, 0xba, 0xb8, 0xff, 0xaa, 0xba, 0xb3, 0xff, 0x9f, 0xb7, 0xa6, 0xff, 0xc8, 0xea, 0xc9, 0xff, 0xd3, 0xfe, 0xcf, 0xff, 0xbf, 0xf2, 0xb8, 0xff, 0xc8, 0xff, 0xc3, 0xff, 0xc0, 0xfb, 0xbe, 0xff, 0xc5, 0xff, 0xc7, 0xff, 0xc0, 0xfb, 0xc5, 0xff, 0xc0, 0xfb, 0xc5, 0xff, 0xc1, 0xfd, 0xc4, 0xff, 0xc1, 0xfe, 0xc1, 0xff, 0xc1, 0xff, 0xbf, 0xff, 0xc1, 0xff, 0xbf, 0xff, 0xc0, 0xff, 0xbf, 0xff, 0xc0, 0xff, 0xc0, 0xff, 0xc0, 0xfe, 0xc1, 0xff, 0xc0, 0xfe, 0xc1, 0xff, 0xbf, 0xff, 0xc0, 0xff, 0xbe, 0xff, 0xbf, 0xff, 0xbe, 0xff, 0xbe, 0xff, 0xbe, 0xff, 0xbe, 0xff, 0xbf, 0xff, 0xbf, 0xff, 0xc2, 0xfe, 0xc2, 0xff, 0xc5, 0xfa, 0xc5, 0xff, 0xc9, 0xf5, 0xc9, 0xff, 0xd7, 0xf9, 0xd7, 0xff, 0xb5, 0xcd, 0xb5, 0xff, 0xad, 0xbc, 0xad, 0xff, 0xaf, 0xb7, 0xb0, 0xff, 0xb6, 0xb7, 0xb7, 0xff, 0xb0, 0xb2, 0xb3, 0xff, 0xb2, 0xba, 0xb6, 0xff, 0xa4, 0xb5, 0xa8, 0xff, 0xb9, 0xd3, 0xb9, 0xff, 0xd7, 0xf6, 0xd6, 0xff, 
  0xd3, 0xee, 0xce, 0xff, 0xaa, 0xc1, 0xa8, 0xff, 0xac, 0xbb, 0xad, 0xff, 0xad, 0xb5, 0xb1, 0xff, 0xb3, 0xb6, 0xb7, 0xff, 0xb2, 0xb6, 0xb4, 0xff, 0xb0, 0xb9, 0xae, 0xff, 0xab, 0xbe, 0xa8, 0xff, 0xce, 0xeb, 0xca, 0xff, 0xcd, 0xf4, 0xca, 0xff, 0xc3, 0xf3, 0xc3, 0xff, 0xc0, 0xf7, 0xc2, 0xff, 0xc8, 0xff, 0xcb, 0xff, 0xc2, 0xff, 0xc4, 0xff, 0xba, 0xfb, 0xb9, 0xff, 0xc1, 0xff, 0xbf, 0xff, 0xc0, 0xff, 0xbf, 0xff, 0xc0, 0xff, 0xc0, 0xff, 0xc0, 0xff, 0xbf, 0xff, 0xbf, 0xff, 0xbf, 0xff, 0xbe, 0xff, 0xbf, 0xff, 0xbe, 0xff, 0xbf, 0xff, 0xbd, 0xff, 0xbf, 0xff, 0xbd, 0xff, 0xbf, 0xff, 0xbb, 0xfc, 0xbd, 0xff, 0xbf, 0xfe, 0xc0, 0xff, 0xc3, 0xfe, 0xc4, 0xff, 0xc4, 0xfc, 0xc5, 0xff, 0xc4, 0xf9, 0xc4, 0xff, 0xc5, 0xf7, 0xc4, 0xff, 0xc8, 0xf8, 0xc8, 0xff, 0xcf, 0xf8, 0xce, 0xff, 0xbf, 0xdd, 0xbc, 0xff, 0xa9, 0xbd, 0xa7, 0xff, 0xaf, 0xb8, 0xae, 0xff, 0xb6, 0xb7, 0xb6, 0xff, 0xb7, 0xb6, 0xb9, 0xff, 0xb3, 0xb7, 0xb6, 0xff, 0xa5, 0xb4, 0xa8, 0xff, 0xa6, 0xbf, 0xa8, 0xff, 0xbd, 0xdc, 0xbc, 0xff, 0xd3, 0xf3, 0xd0, 0xff, 0xd0, 0xea, 0xcc, 0xff, 0xb0, 0xc3, 0xac, 0xff, 0xab, 0xb6, 0xa9, 0xff, 0xb4, 0xbb, 0xb4, 0xff, 0xae, 0xb4, 0xb2, 0xff, 0xb1, 0xb8, 0xb7, 0xff, 0xb0, 0xb9, 0xb6, 0xff, 0xa7, 0xb5, 0xac, 0xff, 0xb1, 0xc8, 0xb2, 0xff, 0xcd, 0xef, 0xcd, 0xff, 0xcb, 0xf7, 0xc9, 0xff, 0xc7, 0xfb, 0xc6, 0xff, 0xc6, 0xff, 0xc7, 0xff, 0xc1, 0xfd, 0xc3, 0xff, 0xbf, 0xfd, 0xc2, 0xff, 0xbf, 0xfd, 0xc1, 0xff, 0xc0, 0xfe, 0xc1, 0xff, 0xc0, 0xff, 0xc1, 0xff, 0xc0, 0xff, 0xc0, 0xff, 0xc0, 0xff, 0xc0, 0xff, 0xc0, 0xff, 0xc1, 0xff, 0xc0, 0xfe, 0xc1, 0xff, 0xc1, 0xfe, 0xc2, 0xff, 0xc0, 0xfe, 0xc1, 0xff, 0xbf, 0xff, 0xc0, 0xff, 0xbe, 0xff, 0xbf, 0xff, 0xbd, 0xff, 0xbe, 0xff, 0xbe, 0xff, 0xbe, 0xff, 0xc0, 0xff, 0xbf, 0xff, 0xc3, 0xfd, 0xc2, 0xff, 0xc4, 0xf6, 0xc3, 0xff, 0xce, 0xf6, 0xcd, 0xff, 0xc8, 0xe5, 0xc7, 0xff, 0xa7, 0xbb, 0xa7, 0xff, 0xb3, 0xbf, 0xb3, 0xff, 0xaf, 0xb4, 0xb0, 0xff, 0xb9, 0xb8, 0xbb, 0xff, 0xb3, 0xb4, 0xb5, 0xff, 0xaf, 0xba, 0xb1, 0xff, 0xa2, 0xb7, 0xa3, 0xff, 0xc4, 0xe3, 0xc3, 0xff, 0xd4, 0xf9, 0xd2, 0xff, 
  0xd4, 0xf4, 0xcf, 0xff, 0xb3, 0xce, 0xb0, 0xff, 0xa8, 0xba, 0xaa, 0xff, 0xad, 0xb7, 0xb1, 0xff, 0xb0, 0xb4, 0xb5, 0xff, 0xb2, 0xb4, 0xb4, 0xff, 0xb5, 0xbc, 0xb4, 0xff, 0xa7, 0xb6, 0xa4, 0xff, 0xb6, 0xd0, 0xb2, 0xff, 0xcf, 0xf2, 0xcc, 0xff, 0xd0, 0xfd, 0xd1, 0xff, 0xc1, 0xf6, 0xc4, 0xff, 0xc2, 0xfc, 0xc5, 0xff, 0xc1, 0xff, 0xc4, 0xff, 0xbd, 0xff, 0xbd, 0xff, 0xc0, 0xff, 0xbe, 0xff, 0xc1, 0xff, 0xbf, 0xff, 0xc2, 0xff, 0xc0, 0xff, 0xc1, 0xff, 0xbf, 0xff, 0xbf, 0xff, 0xbf, 0xff, 0xbe, 0xff, 0xbf, 0xff, 0xbd, 0xff, 0xbf, 0xff, 0xbc, 0xff, 0xbf, 0xff, 0xbc, 0xff, 0xbf, 0xff, 0xba, 0xfc, 0xbd, 0xff, 0xc3, 0xff, 0xc6, 0xff, 0xc5, 0xff, 0xc7, 0xff, 0xc1, 0xf7, 0xc2, 0xff, 0xc6, 0xf8, 0xc5, 0xff, 0xcf, 0xfd, 0xce, 0xff, 0xcb, 0xf6, 0xc9, 0xff, 0xc2, 0xe5, 0xbf, 0xff, 0xad, 0xc4, 0xaa, 0xff, 0xab, 0xb8, 0xa9, 0xff, 0xb4, 0xb8, 0xb3, 0xff, 0xb3, 0xb2, 0xb4, 0xff, 0xbb, 0xba, 0xbd, 0xff, 0xb1, 0xb8, 0xb4, 0xff, 0x9c, 0xb2, 0xa0, 0xff, 0xb2, 0xd3, 0xb4, 0xff, 0xca, 0xf3, 0xca, 0xff, 0xca, 0xf3, 0xc7, 0xff, 0xd8, 0xf9, 0xd3, 0xff, 0xc1, 0xdb, 0xbd, 0xff, 0xa7, 0xb7, 0xa4, 0xff, 0xb1, 0xbb, 0xb1, 0xff, 0xb2, 0xba, 0xb6, 0xff, 0xad, 0xb3, 0xb2, 0xff, 0xb5, 0xb8, 0xb6, 0xff, 0xb1, 0xb7, 0xb2, 0xff, 0xac, 0xbc, 0xaf, 0xff, 0xab, 0xc4, 0xae, 0xff, 0xd0, 0xf4, 0xd2, 0xff, 0xcc, 0xfa, 0xce, 0xff, 0xc5, 0xfc, 0xc7, 0xff, 0xbf, 0xfc, 0xc0, 0xff, 0xbf, 0xfe, 0xbf, 0xff, 0xbe, 0xff, 0xbe, 0xff, 0xc0, 0xff, 0xbf, 0xff, 0xc0, 0xff, 0xc0, 0xff, 0xc0, 0xfe, 0xc1, 0xff, 0xc0, 0xfe, 0xc2, 0xff, 0xc0, 0xfe, 0xc2, 0xff, 0xc0, 0xfe, 0xc2, 0xff, 0xc1, 0xfe, 0xc2, 0xff, 0xc1, 0xfe, 0xc1, 0xff, 0xbf, 0xff, 0xc0, 0xff, 0xbe, 0xff, 0xbf, 0xff, 0xbd, 0xff, 0xbe, 0xff, 0xbe, 0xff, 0xbf, 0xff, 0xc0, 0xff, 0xc0, 0xff, 0xc4, 0xfc, 0xc3, 0xff, 0xca, 0xf9, 0xc8, 0xff, 0xd0, 0xf5, 0xce, 0xff, 0xb6, 0xd0, 0xb5, 0xff, 0xa7, 0xb8, 0xa7, 0xff, 0xb0, 0xb8, 0xb0, 0xff, 0xb5, 0xb6, 0xb6, 0xff, 0xb7, 0xb4, 0xb9, 0xff, 0xb7, 0xb8, 0xb9, 0xff, 0xab, 0xb8, 0xac, 0xff, 0xa9, 0xc1, 0xa8, 0xff, 0xca, 0xef, 0xc8, 0xff, 0xcb, 0xf5, 0xc8, 0xff, 
  0xd1, 0xf5, 0xcd, 0xff, 0xc3, 0xe2, 0xc1, 0xff, 0xa7, 0xbc, 0xa9, 0xff, 0xad, 0xb9, 0xb1, 0xff, 0xb2, 0xb6, 0xb6, 0xff, 0xb1, 0xb3, 0xb3, 0xff, 0xb6, 0xbb, 0xb4, 0xff, 0xac, 0xb8, 0xa8, 0xff, 0xa4, 0xba, 0xa0, 0xff, 0xc0, 0xe1, 0xbe, 0xff, 0xd2, 0xfc, 0xd3, 0xff, 0xc6, 0xf9, 0xc9, 0xff, 0xbb, 0xf5, 0xbf, 0xff, 0xbe, 0xfd, 0xc1, 0xff, 0xc1, 0xff, 0xc2, 0xff, 0xbe, 0xff, 0xbc, 0xff, 0xc2, 0xff, 0xbf, 0xff, 0xc3, 0xff, 0xbf, 0xff, 0xc2, 0xff, 0xbf, 0xff, 0xc0, 0xff, 0xbf, 0xff, 0xbe, 0xff, 0xbf, 0xff, 0xbc, 0xff, 0xbf, 0xff, 0xbb, 0xff, 0xbf, 0xff, 0xbb, 0xff, 0xc0, 0xff, 0xbd, 0xff, 0xc2, 0xff, 0xc0, 0xff, 0xc5, 0xff, 0xc0, 0xfa, 0xc3, 0xff, 0xc0, 0xf6, 0xc2, 0xff, 0xca, 0xfa, 0xca, 0xff, 0xce, 0xf9, 0xcc, 0xff, 0xbe, 0xe5, 0xba, 0xff, 0xab, 0xca, 0xa6, 0xff, 0xaa, 0xbc, 0xa5, 0xff, 0xb1, 0xb8, 0xad, 0xff, 0xb6, 0xb5, 0xb4, 0xff, 0xb3, 0xb1, 0xb4, 0xff, 0xb6, 0xb6, 0xb9, 0xff, 0xad, 0xb8, 0xb2, 0xff, 0xa7, 0xc3, 0xac, 0xff, 0xc1, 0xea, 0xc4, 0xff, 0xca, 0xfb, 0xca, 0xff, 0xc5, 0xf6, 0xc2, 0xff, 0xd1, 0xf9, 0xcb, 0xff, 0xce, 0xed, 0xc9, 0xff, 0xba, 0xce, 0xb7, 0xff, 0xaf, 0xbc, 0xaf, 0xff, 0xae, 0xb8, 0xb2, 0xff, 0xb0, 0xb5, 0xb3, 0xff, 0xb6, 0xb6, 0xb3, 0xff, 0xb7, 0xb8, 0xb5, 0xff, 0xab, 0xb4, 0xae, 0xff, 0xa8, 0xbb, 0xaf, 0xff, 0xaf, 0xcd, 0xb7, 0xff, 0xcb, 0xf5, 0xd2, 0xff, 0xbc, 0xf1, 0xbf, 0xff, 0xc4, 0xff, 0xc3, 0xff, 0xbf, 0xff, 0xbc, 0xff, 0xbe, 0xff, 0xba, 0xff, 0xbf, 0xff, 0xbd, 0xff, 0xc0, 0xff, 0xc0, 0xff, 0xc0, 0xfe, 0xc2, 0xff, 0xc0, 0xfd, 0xc3, 0xff, 0xc0, 0xfd, 0xc3, 0xff, 0xc0, 0xfd, 0xc3, 0xff, 0xc1, 0xfd, 0xc3, 0xff, 0xc1, 0xfe, 0xc2, 0xff, 0xbf, 0xff, 0xc1, 0xff, 0xbe, 0xff, 0xbf, 0xff, 0xbd, 0xff, 0xbe, 0xff, 0xbe, 0xff, 0xbf, 0xff, 0xc0, 0xff, 0xc1, 0xff, 0xc4, 0xfc, 0xc4, 0xff, 0xca, 0xf8, 0xca, 0xff, 0xbe, 0xe1, 0xbd, 0xff, 0xad, 0xc5, 0xad, 0xff, 0xaa, 0xb9, 0xab, 0xff, 0xb0, 0xb5, 0xb0, 0xff, 0xb8, 0xb8, 0xb9, 0xff, 0xb6, 0xb2, 0xb8, 0xff, 0xb6, 0xb7, 0xb7, 0xff, 0xaa, 0xb8, 0xa9, 0xff, 0xb9, 0xd4, 0xb6, 0xff, 0xce, 0xf6, 0xca, 0xff, 0xc6, 0xf4, 0xc1, 0xff, 
  0xcc, 0xf6, 0xca, 0xff, 0xd1, 0xf5, 0xd0, 0xff, 0xa7, 0xc1, 0xa9, 0xff, 0xaa, 0xbb, 0xae, 0xff, 0xb3, 0xbb, 0xb7, 0xff, 0xb0, 0xb3, 0xb3, 0xff, 0xb4, 0xb7, 0xb4, 0xff, 0xb2, 0xb9, 0xb1, 0xff, 0xaf, 0xbe, 0xad, 0xff, 0xa7, 0xbf, 0xa6, 0xff, 0xbd, 0xde, 0xbe, 0xff, 0xd2, 0xfd, 0xd5, 0xff, 0xca, 0xfc, 0xcc, 0xff, 0xc1, 0xfa, 0xc3, 0xff, 0xc2, 0xff, 0xc2, 0xff, 0xbe, 0xfe, 0xbc, 0xff, 0xc3, 0xff, 0xbf, 0xff, 0xc3, 0xff, 0xbf, 0xff, 0xc1, 0xff, 0xbf, 0xff, 0xc0, 0xff, 0xbf, 0xff, 0xbe, 0xff, 0xbf, 0xff, 0xbd, 0xff, 0xbf, 0xff, 0xbc, 0xff, 0xc0, 0xff, 0xbd, 0xff, 0xc1, 0xff, 0xc0, 0xff, 0xc5, 0xff, 0xbd, 0xf8, 0xc1, 0xff, 0xc1, 0xf6, 0xc4, 0xff, 0xcb, 0xfa, 0xcd, 0xff, 0xce, 0xf5, 0xcd, 0xff, 0xc2, 0xe4, 0xbf, 0xff, 0xad, 0xcb, 0xaa, 0xff, 0xa3, 0xb9, 0x9f, 0xff, 0xb4, 0xbd, 0xaf, 0xff, 0xb4, 0xb6, 0xb0, 0xff, 0xb5, 0xb4, 0xb3, 0xff, 0xb7, 0xb8, 0xb8, 0xff, 0xaa, 0xb1, 0xac, 0xff, 0xa7, 0xba, 0xaa, 0xff, 0xba, 0xdd, 0xbe, 0xff, 0xc8, 0xf8, 0xcb, 0xff, 0xc2, 0xf8, 0xc2, 0xff, 0xc8, 0xff, 0xc6, 0xff, 0xc3, 0xf3, 0xc0, 0xff, 0xcf, 0xf5, 0xcb, 0xff, 0xd0, 0xeb, 0xcd, 0xff, 0xad, 0xc1, 0xad, 0xff, 0xa2, 0xb2, 0xa4, 0xff, 0xb5, 0xbf, 0xb6, 0xff, 0xb5, 0xb6, 0xb0, 0xff, 0xb7, 0xb6, 0xb2, 0xff, 0xb1, 0xb5, 0xb3, 0xff, 0xaf, 0xba, 0xb5, 0xff, 0xa4, 0xb8, 0xac, 0xff, 0xab, 0xc9, 0xb2, 0xff, 0xd5, 0xfd, 0xd7, 0xff, 0xc6, 0xf6, 0xc5, 0xff, 0xc5, 0xfc, 0xc1, 0xff, 0xc3, 0xfd, 0xbf, 0xff, 0xc3, 0xfe, 0xc0, 0xff, 0xc2, 0xfe, 0xc2, 0xff, 0xc1, 0xfd, 0xc3, 0xff, 0xc0, 0xfd, 0xc3, 0xff, 0xbf, 0xfe, 0xc2, 0xff, 0xbf, 0xfe, 0xc2, 0xff, 0xc0, 0xfe, 0xc2, 0xff, 0xc1, 0xfe, 0xc2, 0xff, 0xc0, 0xfe, 0xc2, 0xff, 0xbf, 0xfe, 0xc2, 0xff, 0xc0, 0xfe, 0xc2, 0xff, 0xc2, 0xfd, 0xc4, 0xff, 0xc5, 0xfa, 0xc7, 0xff, 0xca, 0xf7, 0xcb, 0xff, 0xc6, 0xea, 0xc6, 0xff, 0xa5, 0xbf, 0xa4, 0xff, 0xad, 0xbe, 0xad, 0xff, 0xaa, 0xb4, 0xaa, 0xff, 0xb3, 0xb7, 0xb3, 0xff, 0xb8, 0xb8, 0xb8, 0xff, 0xb7, 0xb5, 0xb8, 0xff, 0xb2, 0xb7, 0xb2, 0xff, 0xa8, 0xbd, 0xa6, 0xff, 0xc5, 0xe7, 0xc1, 0xff, 0xce, 0xfb, 0xca, 0xff, 0xc6, 0xf8, 0xc2, 0xff, 
  0xc8, 0xf8, 0xc8, 0xff, 0xcb, 0xf7, 0xcc, 0xff, 0xb8, 0xdb, 0xba, 0xff, 0xa8, 0xc1, 0xac, 0xff, 0xa4, 0xb3, 0xa8, 0xff, 0xae, 0xb5, 0xb2, 0xff, 0xba, 0xbc, 0xbd, 0xff, 0xb1, 0xb1, 0xb4, 0xff, 0xb6, 0xba, 0xb9, 0xff, 0xab, 0xb4, 0xad, 0xff, 0xae, 0xbf, 0xaf, 0xff, 0xc2, 0xdc, 0xc2, 0xff, 0xd1, 0xf5, 0xd0, 0xff, 0xce, 0xfb, 0xcc, 0xff, 0xc5, 0xf9, 0xc2, 0xff, 0xc1, 0xfb, 0xbe, 0xff, 0xc2, 0xfe, 0xc0, 0xff, 0xbf, 0xfe, 0xbf, 0xff, 0xbd, 0xfd, 0xbd, 0xff, 0xbd, 0xfe, 0xbd, 0xff, 0xbd, 0xff, 0xbe, 0xff, 0xbe, 0xff, 0xc0, 0xff, 0xc0, 0xff, 0xc2, 0xff, 0xc2, 0xfe, 0xc4, 0xff, 0xc2, 0xf9, 0xc4, 0xff, 0xc8, 0xf9, 0xc9, 0xff, 0xcf, 0xf8, 0xcf, 0xff, 0xce, 0xf0, 0xcf, 0xff, 0xbe, 0xd8, 0xbe, 0xff, 0xab, 0xbe, 0xaa, 0xff, 0xaa, 0xb8, 0xa9, 0xff, 0xb6, 0xbd, 0xb4, 0xff, 0xb6, 0xb5, 0xb2, 0xff, 0xb9, 0xb6, 0xb5, 0xff, 0xb9, 0xba, 0xb6, 0xff, 0xae, 0xb7, 0xad, 0xff, 0xa6, 0xba, 0xa6, 0xff, 0xb8, 0xd8, 0xb9, 0xff, 0xc8, 0xf5, 0xca, 0xff, 0xc4, 0xf8, 0xc5, 0xff, 0xbd, 0xf6, 0xbe, 0xff, 0xc5, 0xff, 0xc5, 0xff, 0xc4, 0xf9, 0xc4, 0xff, 0xc9, 0xf7, 0xc8, 0xff, 0xd2, 0xf8, 0xd2, 0xff, 0xbf, 0xde, 0xbf, 0xff, 0xa7, 0xc0, 0xa7, 0xff, 0xaa, 0xbb, 0xa9, 0xff, 0xb8, 0xbc, 0xb3, 0xff, 0xb6, 0xb5, 0xb1, 0xff, 0xb5, 0xb6, 0xb3, 0xff, 0xb5, 0xb8, 0xb5, 0xff, 0xb2, 0xb8, 0xb4, 0xff, 0xa9, 0xb5, 0xac, 0xff, 0xae, 0xc0, 0xaf, 0xff, 0xc9, 0xe1, 0xc8, 0xff, 0xd5, 0xf5, 0xd3, 0xff, 0xd0, 0xf7, 0xcd, 0xff, 0xca, 0xf7, 0xc8, 0xff, 0xc6, 0xfa, 0xc5, 0xff, 0xc2, 0xfb, 0xc3, 0xff, 0xbf, 0xfd, 0xc1, 0xff, 0xbe, 0xff, 0xc0, 0xff, 0xbf, 0xff, 0xc1, 0xff, 0xbf, 0xff, 0xc1, 0xff, 0xbf, 0xfc, 0xc0, 0xff, 0xbd, 0xf8, 0xbf, 0xff, 0xbf, 0xf7, 0xc2, 0xff, 0xc9, 0xfb, 0xcc, 0xff, 0xcf, 0xfa, 0xd2, 0xff, 0xcb, 0xed, 0xcd, 0xff, 0xc5, 0xde, 0xc6, 0xff, 0xae, 0xbf, 0xaf, 0xff, 0xb1, 0xbb, 0xb1, 0xff, 0xaf, 0xb4, 0xaf, 0xff, 0xb2, 0xb4, 0xb1, 0xff, 0xb8, 0xba, 0xb7, 0xff, 0xb3, 0xb7, 0xb2, 0xff, 0xae, 0xb3, 0xae, 0xff, 0xaf, 0xbe, 0xad, 0xff, 0xb6, 0xd7, 0xb4, 0xff, 0xc5, 0xf2, 0xc3, 0xff, 0xc8, 0xf9, 0xc5, 0xff, 0xc2, 0xf5, 0xbf, 0xff, 
  0xc4, 0xfa, 0xc5, 0xff, 0xc5, 0xf6, 0xc5, 0xff, 0xc9, 0xf3, 0xcb, 0xff, 0xad, 0xcd, 0xb0, 0xff, 0xa3, 0xb9, 0xa7, 0xff, 0xb3, 0xbf, 0xb7, 0xff, 0xb0, 0xb4, 0xb5, 0xff, 0xb7, 0xb6, 0xbc, 0xff, 0xb0, 0xae, 0xb4, 0xff, 0xb2, 0xb3, 0xb5, 0xff, 0xb0, 0xb8, 0xb2, 0xff, 0xae, 0xbd, 0xae, 0xff, 0xb7, 0xd0, 0xb5, 0xff, 0xc6, 0xe7, 0xc3, 0xff, 0xd0, 0xf9, 0xcc, 0xff, 0xce, 0xfd, 0xcb, 0xff, 0xc4, 0xf9, 0xc4, 0xff, 0xc1, 0xfa, 0xc3, 0xff, 0xc2, 0xfb, 0xc3, 0xff, 0xc2, 0xfd, 0xc4, 0xff, 0xc3, 0xfe, 0xc5, 0xff, 0xc4, 0xfd, 0xc5, 0xff, 0xc4, 0xfa, 0xc4, 0xff, 0xc5, 0xf8, 0xc6, 0xff, 0xca, 0xf7, 0xcb, 0xff, 0xce, 0xf5, 0xcf, 0xff, 0xc7, 0xe6, 0xc7, 0xff, 0xb6, 0xcc, 0xb5, 0xff, 0xac, 0xbb, 0xac, 0xff, 0xae, 0xb8, 0xaf, 0xff, 0xb4, 0xb7, 0xb4, 0xff, 0xb3, 0xb3, 0xb3, 0xff, 0xb6, 0xb2, 0xb3, 0xff, 0xbb, 0xbb, 0xb8, 0xff, 0xac, 0xb4, 0xaa, 0xff, 0xa4, 0xb6, 0xa3, 0xff, 0xb5, 0xd2, 0xb4, 0xff, 0xc7, 0xf0, 0xc7, 0xff, 0xc8, 0xfa, 0xc9, 0xff, 0xc6, 0xff, 0xc7, 0xff, 0xc1, 0xfd, 0xc2, 0xff, 0xc0, 0xfc, 0xc1, 0xff, 0xbf, 0xf8, 0xc0, 0xff, 0xc1, 0xf5, 0xc2, 0xff, 0xcd, 0xfa, 0xce, 0xff, 0xd0, 0xf7, 0xd0, 0xff, 0xbc, 0xdd, 0xbb, 0xff, 0xa4, 0xbc, 0xa3, 0xff, 0xae, 0xb8, 0xaa, 0xff, 0xb1, 0xb3, 0xac, 0xff, 0xb3, 0xb4, 0xb0, 0xff, 0xb1, 0xb2, 0xaf, 0xff, 0xb1, 0xb2, 0xb1, 0xff, 0xb2, 0xb5, 0xb3, 0xff, 0xaf, 0xb5, 0xb0, 0xff, 0xb3, 0xbf, 0xb3, 0xff, 0xc0, 0xd2, 0xbf, 0xff, 0xcf, 0xe8, 0xcd, 0xff, 0xd7, 0xf8, 0xd5, 0xff, 0xd0, 0xf9, 0xcf, 0xff, 0xc9, 0xf9, 0xc8, 0xff, 0xc8, 0xfe, 0xc8, 0xff, 0xc5, 0xff, 0xc6, 0xff, 0xbf, 0xfa, 0xc0, 0xff, 0xc5, 0xfd, 0xc5, 0xff, 0xc9, 0xff, 0xca, 0xff, 0xcb, 0xfd, 0xcc, 0xff, 0xcb, 0xf8, 0xcd, 0xff, 0xc9, 0xf0, 0xcc, 0xff, 0xc2, 0xe1, 0xc5, 0xff, 0xb5, 0xca, 0xb7, 0xff, 0xaa, 0xb7, 0xab, 0xff, 0xb4, 0xba, 0xb5, 0xff, 0xb0, 0xb1, 0xb0, 0xff, 0xb6, 0xb6, 0xb6, 0xff, 0xb9, 0xb9, 0xb8, 0xff, 0xb0, 0xb4, 0xaf, 0xff, 0xb4, 0xbc, 0xb3, 0xff, 0xb5, 0xc0, 0xb3, 0xff, 0xa2, 0xb9, 0xa0, 0xff, 0xc2, 0xec, 0xc0, 0xff, 0xc9, 0xfd, 0xc7, 0xff, 0xc7, 0xfc, 0xc6, 0xff, 0xc0, 0xf6, 0xbe, 0xff, 
  0xc0, 0xfa, 0xbf, 0xff, 0xc9, 0xff, 0xc9, 0xff, 0xc8, 0xf8, 0xca, 0xff, 0xbf, 0xe6, 0xc2, 0xff, 0xb1, 0xcd, 0xb3, 0xff, 0xa7, 0xba, 0xaa, 0xff, 0xad, 0xb7, 0xb1, 0xff, 0xb3, 0xb6, 0xb7, 0xff, 0xb7, 0xb7, 0xba, 0xff, 0xb7, 0xb7, 0xba, 0xff, 0xb2, 0xb6, 0xb4, 0xff, 0xab, 0xb5, 0xac, 0xff, 0xa7, 0xb8, 0xa7, 0xff, 0xac, 0xc3, 0xab, 0xff, 0xb5, 0xd1, 0xb3, 0xff, 0xb9, 0xdb, 0xb8, 0xff, 0xc9, 0xf0, 0xca, 0xff, 0xc9, 0xf3, 0xcb, 0xff, 0xca, 0xf5, 0xcc, 0xff, 0xcd, 0xf8, 0xcf, 0xff, 0xce, 0xf9, 0xd0, 0xff, 0xcd, 0xf7, 0xce, 0xff, 0xcb, 0xf3, 0xcc, 0xff, 0xcb, 0xf0, 0xcc, 0xff, 0xbc, 0xdc, 0xbc, 0xff, 0xb4, 0xcf, 0xb4, 0xff, 0xa8, 0xbe, 0xa8, 0xff, 0xa6, 0xb5, 0xa6, 0xff, 0xaf, 0xb8, 0xaf, 0xff, 0xb9, 0xbc, 0xb9, 0xff, 0xb8, 0xb8, 0xb8, 0xff, 0xb1, 0xb1, 0xb1, 0xff, 0xb7, 0xba, 0xb5, 0xff, 0xad, 0xb6, 0xac, 0xff, 0xa5, 0xb5, 0xa4, 0xff, 0xb3, 0xcc, 0xb3, 0xff, 0xcb, 0xef, 0xcb, 0xff, 0xcb, 0xf7, 0xcb, 0xff, 0xc1, 0xf7, 0xc2, 0xff, 0xc4, 0xff, 0xc6, 0xff, 0xc0, 0xfe, 0xc2, 0xff, 0xbd, 0xfb, 0xbf, 0xff, 0xc2, 0xfe, 0xc4, 0xff, 0xc4, 0xfb, 0xc6, 0xff, 0xc5, 0xf6, 0xc6, 0xff, 0xd1, 0xfd, 0xd1, 0xff, 0xcd, 0xf4, 0xcd, 0xff, 0xb6, 0xd4, 0xb5, 0xff, 0xae, 0xbe, 0xac, 0xff, 0xaf, 0xb8, 0xae, 0xff, 0xb4, 0xbb, 0xb3, 0xff, 0xb3, 0xb8, 0xb3, 0xff, 0xb2, 0xb6, 0xb4, 0xff, 0xb6, 0xba, 0xb8, 0xff, 0xb0, 0xb6, 0xb2, 0xff, 0xad, 0xb5, 0xae, 0xff, 0xaa, 0xb6, 0xa9, 0xff, 0xaf, 0xbf, 0xad, 0xff, 0xb9, 0xd0, 0xb8, 0xff, 0xc4, 0xe0, 0xc2, 0xff, 0xca, 0xeb, 0xc9, 0xff, 0xca, 0xef, 0xca, 0xff, 0xca, 0xf3, 0xca, 0xff, 0xce, 0xf7, 0xce, 0xff, 0xc8, 0xef, 0xc8, 0xff, 0xc7, 0xed, 0xc7, 0xff, 0xc1, 0xe5, 0xc1, 0xff, 0xb8, 0xd8, 0xb8, 0xff, 0xb1, 0xcd, 0xb3, 0xff, 0xb0, 0xc5, 0xb1, 0xff, 0xaf, 0xbe, 0xb0, 0xff, 0xaf, 0xb7, 0xb0, 0xff, 0xb1, 0xb4, 0xb1, 0xff, 0xb0, 0xb1, 0xb1, 0xff, 0xb1, 0xb2, 0xb1, 0xff, 0xb5, 0xb9, 0xb5, 0xff, 0xb1, 0xba, 0xb1, 0xff, 0xab, 0xb8, 0xa9, 0xff, 0xb0, 0xc1, 0xad, 0xff, 0xba, 0xd6, 0xb8, 0xff, 0xc9, 0xf6, 0xc8, 0xff, 0xc8, 0xff, 0xc8, 0xff, 0xc4, 0xfb, 0xc3, 0xff, 0xbf, 0xf7, 0xbf, 0xff, 
  0xc0, 0xff, 0xbf, 0xff, 0xc4, 0xff, 0xc3, 0xff, 0xc0, 0xf6, 0xc1, 0xff, 0xcc, 0xfa, 0xcd, 0xff, 0xc1, 0xe4, 0xc2, 0xff, 0xa5, 0xbf, 0xa7, 0xff, 0xa9, 0xb9, 0xab, 0xff, 0xab, 0xb4, 0xae, 0xff, 0xb4, 0xb8, 0xb6, 0xff, 0xb1, 0xb3, 0xb3, 0xff, 0xb0, 0xb4, 0xb2, 0xff, 0xb3, 0xb9, 0xb5, 0xff, 0xb0, 0xb9, 0xb1, 0xff, 0xa9, 0xb6, 0xaa, 0xff, 0xa6, 0xb7, 0xa6, 0xff, 0xa8, 0xbc, 0xa8, 0xff, 0xa7, 0xbf, 0xa9, 0xff, 0xa7, 0xc2, 0xaa, 0xff, 0xa9, 0xc5, 0xab, 0xff, 0xab, 0xc7, 0xad, 0xff, 0xac, 0xc8, 0xae, 0xff, 0xac, 0xc7, 0xad, 0xff, 0xaa, 0xc3, 0xab, 0xff, 0xa9, 0xc0, 0xaa, 0xff, 0xa9, 0xbd, 0xaa, 0xff, 0xa9, 0xba, 0xa9, 0xff, 0xac, 0xb9, 0xad, 0xff, 0xb1, 0xbb, 0xb2, 0xff, 0xb4, 0xb9, 0xb5, 0xff, 0xb3, 0xb4, 0xb4, 0xff, 0xb3, 0xb2, 0xb5, 0xff, 0xb2, 0xb5, 0xb3, 0xff, 0xad, 0xb9, 0xad, 0xff, 0xa2, 0xb5, 0xa1, 0xff, 0xb3, 0xcd, 0xb3, 0xff, 0xcc, 0xee, 0xcd, 0xff, 0xce, 0xf8, 0xcf, 0xff, 0xc6, 0xf7, 0xc6, 0xff, 0xc1, 0xfa, 0xc2, 0xff, 0xbc, 0xfa, 0xbe, 0xff, 0xbe, 0xff, 0xc1, 0xff, 0xb9, 0xfa, 0xbc, 0xff, 0xc2, 0xff, 0xc4, 0xff, 0xc7, 0xff, 0xc9, 0xff, 0xc0, 0xf6, 0xc1, 0xff, 0xc5, 0xf6, 0xc5, 0xff, 0xce, 0xfc, 0xce, 0xff, 0xcc, 0xf1, 0xcc, 0xff, 0xba, 0xd2, 0xb9, 0xff, 0xac, 0xbd, 0xac, 0xff, 0xac, 0xba, 0xad, 0xff, 0xaf, 0xba, 0xb1, 0xff, 0xaf, 0xb7, 0xb2, 0xff, 0xb2, 0xb9, 0xb6, 0xff, 0xb1, 0xb6, 0xb4, 0xff, 0xb0, 0xb6, 0xb2, 0xff, 0xb6, 0xbd, 0xb6, 0xff, 0xab, 0xb4, 0xaa, 0xff, 0xa7, 0xb4, 0xa5, 0xff, 0xad, 0xbd, 0xac, 0xff, 0xaf, 0xc2, 0xae, 0xff, 0xa9, 0xbe, 0xa8, 0xff, 0xa7, 0xbf, 0xa7, 0xff, 0xad, 0xc5, 0xad, 0xff, 0xab, 0xc2, 0xaa, 0xff, 0xac, 0xc2, 0xab, 0xff, 0xab, 0xc0, 0xaa, 0xff, 0xa6, 0xba, 0xa6, 0xff, 0xa5, 0xb6, 0xa5, 0xff, 0xa7, 0xb5, 0xa9, 0xff, 0xad, 0xb6, 0xae, 0xff, 0xb1, 0xb6, 0xb1, 0xff, 0xb2, 0xb4, 0xb2, 0xff, 0xb6, 0xb8, 0xb6, 0xff, 0xb1, 0xb6, 0xb1, 0xff, 0xae, 0xb7, 0xae, 0xff, 0xad, 0xbb, 0xac, 0xff, 0xa8, 0xbc, 0xa6, 0xff, 0xb8, 0xd1, 0xb5, 0xff, 0xd6, 0xf9, 0xd4, 0xff, 0xc5, 0xf6, 0xc5, 0xff, 0xc3, 0xfb, 0xc3, 0xff, 0xc0, 0xfa, 0xc0, 0xff, 0xc0, 0xfb, 0xc1, 0xff, 
  0xc2, 0xff, 0xc0, 0xff, 0xb7, 0xf9, 0xb5, 0xff, 0xc3, 0xff, 0xc2, 0xff, 0xc7, 0xfc, 0xc7, 0xff, 0xc7, 0xf2, 0xc7, 0xff, 0xbf, 0xe1, 0xbf, 0xff, 0xa8, 0xc1, 0xa9, 0xff, 0xab, 0xbc, 0xac, 0xff, 0xad, 0xb7, 0xae, 0xff, 0xb0, 0xb6, 0xb1, 0xff, 0xb2, 0xb6, 0xb4, 0xff, 0xb4, 0xb7, 0xb6, 0xff, 0xb6, 0xb8, 0xb8, 0xff, 0xb6, 0xba, 0xb9, 0xff, 0xb3, 0xb7, 0xb5, 0xff, 0xad, 0xb4, 0xaf, 0xff, 0xae, 0xb8, 0xb1, 0xff, 0xad, 0xb9, 0xb0, 0xff, 0xad, 0xb9, 0xaf, 0xff, 0xae, 0xbb, 0xb0, 0xff, 0xb0, 0xbb, 0xb1, 0xff, 0xb0, 0xbb, 0xb1, 0xff, 0xb0, 0xba, 0xb0, 0xff, 0xaf, 0xb9, 0xb0, 0xff, 0xae, 0xb6, 0xaf, 0xff, 0xb1, 0xb8, 0xb3, 0xff, 0xb3, 0xb9, 0xb5, 0xff, 0xb2, 0xb6, 0xb3, 0xff, 0xb4, 0xb7, 0xb5, 0xff, 0xb6, 0xb8, 0xb8, 0xff, 0xb6, 0xb7, 0xb8, 0xff, 0xae, 0xb5, 0xb0, 0xff, 0xa6, 0xbc, 0xa6, 0xff, 0xb1, 0xd1, 0xb1, 0xff, 0xc8, 0xed, 0xc9, 0xff, 0xcc, 0xf7, 0xce, 0xff, 0xc3, 0xf5, 0xc5, 0xff, 0xc7, 0xfe, 0xc9, 0xff, 0xc6, 0xff, 0xc9, 0xff, 0xb8, 0xf9, 0xbb, 0xff, 0xbf, 0xff, 0xc2, 0xff, 0xb9, 0xfc, 0xbc, 0xff, 0xba, 0xfb, 0xbd, 0xff, 0xc0, 0xfe, 0xc2, 0xff, 0xc3, 0xfe, 0xc5, 0xff, 0xc2, 0xf9, 0xc3, 0xff, 0xc4, 0xf9, 0xc6, 0xff, 0xcc, 0xfa, 0xce, 0xff, 0xcd, 0xf0, 0xcf, 0xff, 0xb7, 0xd3, 0xba, 0xff, 0xad, 0xc4, 0xaf, 0xff, 0xa8, 0xbb, 0xab, 0xff, 0xa8, 0xb7, 0xac, 0xff, 0xaf, 0xba, 0xb4, 0xff, 0xb1, 0xb8, 0xb5, 0xff, 0xb1, 0xb5, 0xb3, 0xff, 0xb1, 0xb4, 0xb2, 0xff, 0xb6, 0xb8, 0xb5, 0xff, 0xb7, 0xba, 0xb5, 0xff, 0xb4, 0xb8, 0xb3, 0xff, 0xb3, 0xb7, 0xb2, 0xff, 0xb4, 0xb9, 0xb4, 0xff, 0xb5, 0xbb, 0xb4, 0xff, 0xb4, 0xba, 0xb3, 0xff, 0xb0, 0xb6, 0xae, 0xff, 0xb2, 0xb8, 0xaf, 0xff, 0xb4, 0xbb, 0xb3, 0xff, 0xb4, 0xbb, 0xb3, 0xff, 0xb4, 0xbb, 0xb4, 0xff, 0xb4, 0xba, 0xb5, 0xff, 0xb5, 0xb9, 0xb6, 0xff, 0xb5, 0xb8, 0xb6, 0xff, 0xb4, 0xb7, 0xb4, 0xff, 0xb2, 0xb7, 0xb2, 0xff, 0xb2, 0xbc, 0xb2, 0xff, 0xac, 0xbb, 0xac, 0xff, 0xa6, 0xbd, 0xa5, 0xff, 0xb9, 0xd7, 0xb7, 0xff, 0xd0, 0xf3, 0xce, 0xff, 0xce, 0xf9, 0xcd, 0xff, 0xc5, 0xfa, 0xc5, 0xff, 0xc1, 0xfc, 0xc2, 0xff, 0xbf, 0xfb, 0xc1, 0xff, 0xc1, 0xfe, 0xc2, 0xff, 
  0xbd, 0xff, 0xbb, 0xff, 0xbc, 0xff, 0xbb, 0xff, 0xbf, 0xff, 0xbe, 0xff, 0xc2, 0xfc, 0xc1, 0xff, 0xca, 0xfc, 0xc9, 0xff, 0xcd, 0xf7, 0xcd, 0xff, 0xbf, 0xe0, 0xbe, 0xff, 0xb1, 0xca, 0xb1, 0xff, 0xac, 0xbf, 0xac, 0xff, 0xac, 0xb8, 0xac, 0xff, 0xae, 0xb6, 0xaf, 0xff, 0xb3, 0xb7, 0xb5, 0xff, 0xb5, 0xb7, 0xb8, 0xff, 0xb2, 0xb2, 0xb5, 0xff, 0xb2, 0xb2, 0xb6, 0xff, 0xb6, 0xb6, 0xb9, 0xff, 0xb1, 0xb3, 0xb4, 0xff, 0xb0, 0xb3, 0xb3, 0xff, 0xaf, 0xb3, 0xb2, 0xff, 0xb1, 0xb4, 0xb3, 0xff, 0xb3, 0xb4, 0xb4, 0xff, 0xb3, 0xb4, 0xb4, 0xff, 0xb3, 0xb4, 0xb3, 0xff, 0xb3, 0xb4, 0xb3, 0xff, 0xb5, 0xb7, 0xb7, 0xff, 0xb1, 0xb4, 0xb2, 0xff, 0xaf, 0xb3, 0xb1, 0xff, 0xb0, 0xb4, 0xb1, 0xff, 0xb0, 0xb6, 0xb2, 0xff, 0xaf, 0xb6, 0xb2, 0xff, 0xb1, 0xb8, 0xb4, 0xff, 0xb0, 0xc0, 0xb3, 0xff, 0xb8, 0xd9, 0xba, 0xff, 0xc8, 0xf3, 0xca, 0xff, 0xcc, 0xfb, 0xce, 0xff, 0xc3, 0xf5, 0xc5, 0xff, 0xc4, 0xfb, 0xc6, 0xff, 0xc3, 0xff, 0xc6, 0xff, 0xbe, 0xfd, 0xc1, 0xff, 0xbf, 0xff, 0xc1, 0xff, 0xba, 0xfd, 0xbc, 0xff, 0xbe, 0xff, 0xc0, 0xff, 0xbc, 0xfe, 0xbe, 0xff, 0xbc, 0xfc, 0xbe, 0xff, 0xc3, 0xff, 0xc5, 0xff, 0xc2, 0xfe, 0xc4, 0xff, 0xbe, 0xf9, 0xc0, 0xff, 0xc3, 0xf8, 0xc5, 0xff, 0xcf, 0xfc, 0xd2, 0xff, 0xca, 0xf0, 0xcd, 0xff, 0xc2, 0xe3, 0xc5, 0xff, 0xae, 0xca, 0xb2, 0xff, 0xa3, 0xba, 0xa8, 0xff, 0xa9, 0xba, 0xad, 0xff, 0xac, 0xb7, 0xb0, 0xff, 0xaf, 0xb6, 0xb2, 0xff, 0xb4, 0xb7, 0xb4, 0xff, 0xb5, 0xb6, 0xb4, 0xff, 0xb5, 0xb4, 0xb3, 0xff, 0xb7, 0xb5, 0xb5, 0xff, 0xb8, 0xb5, 0xb7, 0xff, 0xb7, 0xb4, 0xb7, 0xff, 0xb4, 0xb1, 0xb4, 0xff, 0xb2, 0xaf, 0xb1, 0xff, 0xb8, 0xb6, 0xb6, 0xff, 0xb7, 0xb5, 0xb4, 0xff, 0xb4, 0xb3, 0xb2, 0xff, 0xb1, 0xb3, 0xb1, 0xff, 0xb1, 0xb4, 0xb1, 0xff, 0xb1, 0xb5, 0xb2, 0xff, 0xb2, 0xb6, 0xb3, 0xff, 0xb3, 0xb8, 0xb3, 0xff, 0xaf, 0xb6, 0xaf, 0xff, 0xaa, 0xb4, 0xa9, 0xff, 0xa7, 0xb8, 0xa7, 0xff, 0xac, 0xc4, 0xac, 0xff, 0xbb, 0xdb, 0xbb, 0xff, 0xcc, 0xf3, 0xcb, 0xff, 0xcf, 0xfc, 0xce, 0xff, 0xc3, 0xf6, 0xc3, 0xff, 0xc3, 0xfc, 0xc4, 0xff, 0xc0, 0xfc, 0xc2, 0xff, 0xbf, 0xfd, 0xc1, 0xff, 0xc0, 0xfe, 0xc2, 0xff, 
  0xb8, 0xff, 0xb9, 0xff, 0xc2, 0xff, 0xc2, 0xff, 0xb9, 0xfc, 0xb9, 0xff, 0xc1, 0xff, 0xc1, 0xff, 0xc8, 0xff, 0xc8, 0xff, 0xc8, 0xfa, 0xc7, 0xff, 0xcf, 0xfa, 0xce, 0xff, 0xc1, 0xe4, 0xbf, 0xff, 0xb4, 0xd1, 0xb4, 0xff, 0xab, 0xc1, 0xab, 0xff, 0xa9, 0xb8, 0xa9, 0xff, 0xb0, 0xba, 0xb1, 0xff, 0xb3, 0xb9, 0xb5, 0xff, 0xb0, 0xb2, 0xb2, 0xff, 0xb1, 0xb2, 0xb5, 0xff, 0xba, 0xba, 0xbd, 0xff, 0xb3, 0xb3, 0xb5, 0xff, 0xb3, 0xb4, 0xb5, 0xff, 0xb4, 0xb4, 0xb7, 0xff, 0xb6, 0xb5, 0xb8, 0xff, 0xb7, 0xb6, 0xb9, 0xff, 0xb8, 0xb6, 0xb8, 0xff, 0xb7, 0xb5, 0xb7, 0xff, 0xb5, 0xb5, 0xb5, 0xff, 0xb2, 0xb3, 0xb2, 0xff, 0xb3, 0xb7, 0xb4, 0xff, 0xb6, 0xbe, 0xb8, 0xff, 0xb5, 0xc0, 0xb7, 0xff, 0xa9, 0xb7, 0xab, 0xff, 0xa2, 0xb3, 0xa5, 0xff, 0xb0, 0xc3, 0xb3, 0xff, 0xc1, 0xdc, 0xc4, 0xff, 0xcc, 0xf7, 0xce, 0xff, 0xca, 0xfe, 0xcc, 0xff, 0xc3, 0xfa, 0xc6, 0xff, 0xc2, 0xfb, 0xc5, 0xff, 0xc4, 0xff, 0xc7, 0xff, 0xbd, 0xfb, 0xbf, 0xff, 0xb9, 0xf9, 0xbb, 0xff, 0xc3, 0xff, 0xc5, 0xff, 0xb9, 0xfb, 0xba, 0xff, 0xc1, 0xff, 0xc2, 0xff, 0xc1, 0xff, 0xc2, 0xff, 0xbd, 0xfe, 0xbf, 0xff, 0xbf, 0xff, 0xc1, 0xff, 0xbe, 0xfd, 0xc0, 0xff, 0xbc, 0xfb, 0xbf, 0xff, 0xc0, 0xfc, 0xc3, 0xff, 0xc2, 0xf7, 0xc4, 0xff, 0xc8, 0xf8, 0xcb, 0xff, 0xc9, 0xf5, 0xcc, 0xff, 0xbd, 0xe4, 0xc1, 0xff, 0xb2, 0xd2, 0xb7, 0xff, 0xab, 0xc5, 0xb0, 0xff, 0xa6, 0xb9, 0xa9, 0xff, 0xac, 0xb9, 0xad, 0xff, 0xb6, 0xbe, 0xb6, 0xff, 0xb0, 0xb4, 0xaf, 0xff, 0xb0, 0xb1, 0xae, 0xff, 0xb7, 0xb6, 0xb6, 0xff, 0xbc, 0xb9, 0xbb, 0xff, 0xba, 0xb5, 0xb9, 0xff, 0xb9, 0xb4, 0xb9, 0xff, 0xba, 0xb5, 0xba, 0xff, 0xb7, 0xb3, 0xb5, 0xff, 0xb6, 0xb3, 0xb4, 0xff, 0xb7, 0xb6, 0xb6, 0xff, 0xb8, 0xba, 0xb8, 0xff, 0xb6, 0xbb, 0xb7, 0xff, 0xb3, 0xbb, 0xb5, 0xff, 0xb1, 0xb9, 0xb1, 0xff, 0xad, 0xb8, 0xae, 0xff, 0xac, 0xbb, 0xad, 0xff, 0xae, 0xc2, 0xaf, 0xff, 0xae, 0xc7, 0xae, 0xff, 0xbc, 0xdd, 0xbc, 0xff, 0xcf, 0xf9, 0xcf, 0xff, 0xcc, 0xfd, 0xcc, 0xff, 0xbf, 0xf6, 0xbf, 0xff, 0xc3, 0xfe, 0xc4, 0xff, 0xc2, 0xfd, 0xc2, 0xff, 0xc0, 0xfd, 0xc1, 0xff, 0xbf, 0xfd, 0xc1, 0xff, 0xbf, 0xfd, 0xc1, 0xff, 
  0xbc, 0xff, 0xbf, 0xff, 0xb7, 0xfc, 0xb9, 0xff, 0xbf, 0xff, 0xc1, 0xff, 0xbf, 0xff, 0xc0, 0xff, 0xc0, 0xfd, 0xc1, 0xff, 0xc4, 0xfc, 0xc4, 0xff, 0xc4, 0xf6, 0xc3, 0xff, 0xd1, 0xfe, 0xd0, 0xff, 0xcc, 0xf3, 0xcc, 0xff, 0xc4, 0xe4, 0xc4, 0xff, 0xb4, 0xcd, 0xb4, 0xff, 0xa6, 0xba, 0xa7, 0xff, 0xa8, 0xb6, 0xaa, 0xff, 0xb1, 0xbc, 0xb3, 0xff, 0xb3, 0xba, 0xb6, 0xff, 0xac, 0xb3, 0xaf, 0xff, 0xaf, 0xb4, 0xb1, 0xff, 0xb1, 0xb5, 0xb2, 0xff, 0xb2, 0xb6, 0xb4, 0xff, 0xb4, 0xb8, 0xb6, 0xff, 0xb6, 0xb9, 0xb8, 0xff, 0xb6, 0xb8, 0xb6, 0xff, 0xb3, 0xb6, 0xb4, 0xff, 0xb0, 0xb5, 0xb0, 0xff, 0xb0, 0xb7, 0xb0, 0xff, 0xae, 0xb9, 0xaf, 0xff, 0xa9, 0xb8, 0xaa, 0xff, 0xa4, 0xb8, 0xa5, 0xff, 0xae, 0xc7, 0xb0, 0xff, 0xc4, 0xe0, 0xc6, 0xff, 0xd2, 0xf1, 0xd4, 0xff, 0xd0, 0xf7, 0xd3, 0xff, 0xc8, 0xfc, 0xca, 0xff, 0xbc, 0xf6, 0xbe, 0xff, 0xc0, 0xfc, 0xc3, 0xff, 0xc4, 0xff, 0xc6, 0xff, 0xbd, 0xfb, 0xbf, 0xff, 0xbf, 0xfe, 0xc2, 0xff, 0xc4, 0xff, 0xc6, 0xff, 0xbd, 0xfe, 0xc0, 0xff, 0xc2, 0xff, 0xc4, 0xff, 0xbe, 0xff, 0xc0, 0xff, 0xbd, 0xfe, 0xbf, 0xff, 0xbe, 0xff, 0xc0, 0xff, 0xbd, 0xfe, 0xbf, 0xff, 0xbe, 0xff, 0xc0, 0xff, 0xbf, 0xff, 0xc1, 0xff, 0xbf, 0xff, 0xc1, 0xff, 0xc2, 0xfe, 0xc4, 0xff, 0xbf, 0xf8, 0xc1, 0xff, 0xc3, 0xf8, 0xc6, 0xff, 0xcc, 0xfc, 0xd0, 0xff, 0xd1, 0xfb, 0xd6, 0xff, 0xc2, 0xe5, 0xc7, 0xff, 0xaa, 0xc7, 0xad, 0xff, 0xac, 0xc2, 0xad, 0xff, 0xa4, 0xb4, 0xa2, 0xff, 0xb1, 0xbd, 0xae, 0xff, 0xb6, 0xbe, 0xb3, 0xff, 0xb0, 0xb6, 0xae, 0xff, 0xae, 0xb1, 0xac, 0xff, 0xb4, 0xb5, 0xb2, 0xff, 0xb7, 0xb7, 0xb7, 0xff, 0xb5, 0xb5, 0xb5, 0xff, 0xb6, 0xb7, 0xb5, 0xff, 0xb4, 0xb6, 0xb3, 0xff, 0xb1, 0xb6, 0xb1, 0xff, 0xaf, 0xb7, 0xb0, 0xff, 0xac, 0xb8, 0xae, 0xff, 0xaa, 0xb9, 0xab, 0xff, 0xa8, 0xba, 0xaa, 0xff, 0xa8, 0xbc, 0xa9, 0xff, 0xb3, 0xca, 0xb4, 0xff, 0xbc, 0xd9, 0xbd, 0xff, 0xcd, 0xf0, 0xce, 0xff, 0xd2, 0xfc, 0xd3, 0xff, 0xc6, 0xf8, 0xc7, 0xff, 0xc1, 0xfa, 0xc2, 0xff, 0xc2, 0xff, 0xc3, 0xff, 0xbe, 0xfe, 0xbf, 0xff, 0xc2, 0xff, 0xc2, 0xff, 0xc0, 0xfd, 0xc0, 0xff, 0xc2, 0xff, 0xc2, 0xff, 0xc1, 0xff, 0xc2, 0xff, 
  0xbc, 0xfe, 0xc0, 0xff, 0xbc, 0xfe, 0xc0, 0xff, 0xbe, 0xff, 0xc1, 0xff, 0xbe, 0xff, 0xc1, 0xff, 0xbf, 0xff, 0xc1, 0xff, 0xc0, 0xfe, 0xc2, 0xff, 0xc2, 0xfc, 0xc2, 0xff, 0xc5, 0xfa, 0xc4, 0xff, 0xc8, 0xf9, 0xc8, 0xff, 0xcc, 0xf8, 0xcc, 0xff, 0xce, 0xf4, 0xcd, 0xff, 0xc8, 0xe8, 0xc8, 0xff, 0xbb, 0xd6, 0xbb, 0xff, 0xaf, 0xc5, 0xaf, 0xff, 0xa7, 0xbb, 0xa8, 0xff, 0xa5, 0xb7, 0xa7, 0xff, 0xab, 0xbb, 0xac, 0xff, 0xab, 0xba, 0xac, 0xff, 0xa9, 0xb8, 0xaa, 0xff, 0xa7, 0xb5, 0xa8, 0xff, 0xa8, 0xb5, 0xa9, 0xff, 0xaa, 0xb7, 0xab, 0xff, 0xab, 0xba, 0xac, 0xff, 0xac, 0xbc, 0xad, 0xff, 0xab, 0xbf, 0xac, 0xff, 0xac, 0xc3, 0xad, 0xff, 0xb2, 0xcd, 0xb2, 0xff, 0xbe, 0xde, 0xbe, 0xff, 0xc8, 0xef, 0xc9, 0xff, 0xcd, 0xf8, 0xcf, 0xff, 0xc9, 0xf7, 0xcb, 0xff, 0xc2, 0xf5, 0xc4, 0xff, 0xc1, 0xfb, 0xc3, 0xff, 0xbf, 0xfd, 0xc1, 0xff, 0xbf, 0xfd, 0xc1, 0xff, 0xbf, 0xfd, 0xc1, 0xff, 0xc0, 0xfe, 0xc2, 0xff, 0xc0, 0xfe, 0xc2, 0xff, 0xbf, 0xfe, 0xc2, 0xff, 0xbf, 0xfe, 0xc1, 0xff, 0xbf, 0xfe, 0xc1, 0xff, 0xbf, 0xff, 0xc1, 0xff, 0xbf, 0xff, 0xc1, 0xff, 0xbf, 0xff, 0xc1, 0xff, 0xbe, 0xff, 0xc1, 0xff, 0xbe, 0xff, 0xc0, 0xff, 0xbe, 0xff, 0xc0, 0xff, 0xbe, 0xff, 0xc0, 0xff, 0xba, 0xfc, 0xbb, 0xff, 0xbf, 0xff, 0xc0, 0xff, 0xc3, 0xff, 0xc5, 0xff, 0xc2, 0xfa, 0xc5, 0xff, 0xc4, 0xf7, 0xc8, 0xff, 0xc9, 0xf5, 0xcc, 0xff, 0xca, 0xf1, 0xcc, 0xff, 0xc9, 0xeb, 0xc9, 0xff, 0xb2, 0xce, 0xb0, 0xff, 0xae, 0xc6, 0xab, 0xff, 0xa9, 0xbf, 0xa6, 0xff, 0xa9, 0xbc, 0xa6, 0xff, 0xa9, 0xb9, 0xa7, 0xff, 0xa8, 0xb7, 0xa8, 0xff, 0xa9, 0xb7, 0xab, 0xff, 0xab, 0xb8, 0xac, 0xff, 0xa7, 0xb5, 0xa8, 0xff, 0xaa, 0xb9, 0xaa, 0xff, 0xaa, 0xbc, 0xab, 0xff, 0xa6, 0xbb, 0xa7, 0xff, 0xa2, 0xbb, 0xa3, 0xff, 0xa7, 0xc3, 0xa9, 0xff, 0xb5, 0xd3, 0xb7, 0xff, 0xc0, 0xe1, 0xc2, 0xff, 0xcd, 0xf0, 0xce, 0xff, 0xcc, 0xf3, 0xcd, 0xff, 0xca, 0xf6, 0xcb, 0xff, 0xc6, 0xf8, 0xc7, 0xff, 0xc2, 0xfb, 0xc3, 0xff, 0xbf, 0xfe, 0xc0, 0xff, 0xbb, 0xff, 0xbd, 0xff, 0xbd, 0xff, 0xbd, 0xff, 0xc1, 0xff, 0xc0, 0xff, 0xc2, 0xfe, 0xc1, 0xff, 0xc1, 0xfe, 0xc1, 0xff, 0xc1, 0xfe, 0xc1, 0xff, 
  0xbd, 0xfc, 0xc3, 0xff, 0xbd, 0xfc, 0xc3, 0xff, 0xbe, 0xfe, 0xc3, 0xff, 0xbe, 0xfe, 0xc2, 0xff, 0xbe, 0xff, 0xc1, 0xff, 0xbf, 0xff, 0xc1, 0xff, 0xbf, 0xfe, 0xc0, 0xff, 0xc0, 0xfd, 0xc1, 0xff, 0xc3, 0xfc, 0xc4, 0xff, 0xc7, 0xfc, 0xc6, 0xff, 0xca, 0xfb, 0xca, 0xff, 0xcc, 0xf9, 0xcb, 0xff, 0xcc, 0xf3, 0xcb, 0xff, 0xca, 0xee, 0xca, 0xff, 0xc9, 0xea, 0xc8, 0xff, 0xc8, 0xe6, 0xc8, 0xff, 0xb5, 0xd1, 0xb6, 0xff, 0xb5, 0xd0, 0xb6, 0xff, 0xb4, 0xcf, 0xb5, 0xff, 0xb3, 0xce, 0xb4, 0xff, 0xb4, 0xcd, 0xb5, 0xff, 0xb5, 0xce, 0xb6, 0xff, 0xb6, 0xd1, 0xb7, 0xff, 0xb6, 0xd3, 0xb7, 0xff, 0xc4, 0xe4, 0xc5, 0xff, 0xc7, 0xea, 0xc7, 0xff, 0xca, 0xf2, 0xcb, 0xff, 0xcc, 0xf8, 0xcc, 0xff, 0xc9, 0xfc, 0xca, 0xff, 0xc6, 0xfc, 0xc6, 0xff, 0xc3, 0xfe, 0xc5, 0xff, 0xc3, 0xff, 0xc4, 0xff, 0xbf, 0xfe, 0xc0, 0xff, 0xbf, 0xfe, 0xbf, 0xff, 0xbf, 0xfe, 0xbf, 0xff, 0xc0, 0xff, 0xc1, 0xff, 0xc0, 0xfe, 0xc1, 0xff, 0xc0, 0xfe, 0xc2, 0xff, 0xc0, 0xfe, 0xc2, 0xff, 0xc0, 0xfe, 0xc2, 0xff, 0xc0, 0xfe, 0xc2, 0xff, 0xc0, 0xfe, 0xc2, 0xff, 0xc0, 0xfe, 0xc2, 0xff, 0xc0, 0xfe, 0xc2, 0xff, 0xbf, 0xff, 0xc1, 0xff, 0xbe, 0xff, 0xc1, 0xff, 0xbe, 0xff, 0xc1, 0xff, 0xbe, 0xff, 0xbf, 0xff, 0xb9, 0xfe, 0xba, 0xff, 0xbe, 0xff, 0xbe, 0xff, 0xbf, 0xff, 0xc0, 0xff, 0xbf, 0xfd, 0xc1, 0xff, 0xc0, 0xfa, 0xc3, 0xff, 0xc5, 0xfa, 0xc8, 0xff, 0xc7, 0xf8, 0xc8, 0xff, 0xc7, 0xf3, 0xc7, 0xff, 0xcd, 0xf5, 0xcb, 0xff, 0xc8, 0xed, 0xc5, 0xff, 0xc2, 0xe4, 0xbe, 0xff, 0xbd, 0xdd, 0xba, 0xff, 0xb9, 0xd7, 0xb7, 0xff, 0xb2, 0xcf, 0xb2, 0xff, 0xae, 0xca, 0xb0, 0xff, 0xac, 0xc8, 0xae, 0xff, 0xb1, 0xcd, 0xb3, 0xff, 0xb0, 0xcc, 0xb1, 0xff, 0xb1, 0xd0, 0xb3, 0xff, 0xba, 0xdd, 0xbc, 0xff, 0xc6, 0xec, 0xc8, 0xff, 0xce, 0xf6, 0xd0, 0xff, 0xcd, 0xf8, 0xd0, 0xff, 0xc9, 0xf5, 0xcc, 0xff, 0xc8, 0xf5, 0xc9, 0xff, 0xc6, 0xf6, 0xc7, 0xff, 0xc5, 0xf9, 0xc6, 0xff, 0xc2, 0xfb, 0xc4, 0xff, 0xbf, 0xfd, 0xc1, 0xff, 0xbc, 0xff, 0xbe, 0xff, 0xba, 0xff, 0xbc, 0xff, 0xbb, 0xff, 0xbc, 0xff, 0xc1, 0xff, 0xbf, 0xff, 0xc3, 0xfe, 0xc0, 0xff, 0xc2, 0xfe, 0xc0, 0xff, 0xc2, 0xfe, 0xc0, 0xff, 
  0xbe, 0xfb, 0xc5, 0xff, 0xbe, 0xfb, 0xc5, 0xff, 0xbf, 0xfd, 0xc5, 0xff, 0xbf, 0xfe, 0xc3, 0xff, 0xbe, 0xff, 0xc1, 0xff, 0xbe, 0xff, 0xc0, 0xff, 0xbd, 0xfe, 0xbf, 0xff, 0xbd, 0xfe, 0xbf, 0xff, 0xbe, 0xfd, 0xbf, 0xff, 0xbe, 0xfb, 0xbf, 0xff, 0xc0, 0xfa, 0xc0, 0xff, 0xc4, 0xfb, 0xc3, 0xff, 0xc8, 0xfb, 0xc7, 0xff, 0xcc, 0xfc, 0xcb, 0xff, 0xcc, 0xfb, 0xcb, 0xff, 0xcc, 0xf9, 0xcb, 0xff, 0xd0, 0xfa, 0xd0, 0xff, 0xd0, 0xf9, 0xd0, 0xff, 0xcf, 0xf8, 0xcf, 0xff, 0xcf, 0xf8, 0xcf, 0xff, 0xd0, 0xf7, 0xd0, 0xff, 0xd0, 0xf7, 0xd0, 0xff, 0xd0, 0xf9, 0xd0, 0xff, 0xd0, 0xfa, 0xd0, 0xff, 0xc8, 0xf4, 0xc8, 0xff, 0xca, 0xfa, 0xca, 0xff, 0xca, 0xfe, 0xcb, 0xff, 0xc6, 0xfe, 0xc6, 0xff, 0xbf, 0xfb, 0xbf, 0xff, 0xba, 0xf9, 0xba, 0xff, 0xb9, 0xfb, 0xb9, 0xff, 0xbc, 0xff, 0xbd, 0xff, 0xbe, 0xff, 0xbe, 0xff, 0xbf, 0xfe, 0xbf, 0xff, 0xc0, 0xff, 0xc0, 0xff, 0xc0, 0xff, 0xc1, 0xff, 0xc1, 0xfe, 0xc1, 0xff, 0xc1, 0xfe, 0xc2, 0xff, 0xc1, 0xfd, 0xc3, 0xff, 0xc1, 0xfd, 0xc3, 0xff, 0xc1, 0xfd, 0xc3, 0xff, 0xc1, 0xfd, 0xc3, 0xff, 0xc1, 0xfd, 0xc3, 0xff, 0xc1, 0xfe, 0xc3, 0xff, 0xc0, 0xfe, 0xc2, 0xff, 0xbf, 0xfe, 0xc1, 0xff, 0xbf, 0xff, 0xc1, 0xff, 0xbe, 0xff, 0xbf, 0xff, 0xbb, 0xff, 0xbb, 0xff, 0xbc, 0xff, 0xbc, 0xff, 0xbe, 0xff, 0xbf, 0xff, 0xbc, 0xfe, 0xbe, 0xff, 0xbe, 0xfc, 0xc0, 0xff, 0xc3, 0xfe, 0xc4, 0xff, 0xc5, 0xfd, 0xc5, 0xff, 0xc6, 0xfb, 0xc5, 0xff, 0xca, 0xfd, 0xc7, 0xff, 0xc9, 0xfa, 0xc6, 0xff, 0xca, 0xfa, 0xc7, 0xff, 0xcd, 0xfb, 0xca, 0xff, 0xcf, 0xfc, 0xce, 0xff, 0xd0, 0xfc, 0xd0, 0xff, 0xd0, 0xfb, 0xd2, 0xff, 0xd1, 0xfb, 0xd2, 0xff, 0xd0, 0xfa, 0xd1, 0xff, 0xce, 0xf8, 0xcf, 0xff, 0xca, 0xf7, 0xcc, 0xff, 0xca, 0xfa, 0xcd, 0xff, 0xca, 0xfd, 0xcd, 0xff, 0xc9, 0xfe, 0xcc, 0xff, 0xc4, 0xf9, 0xc6, 0xff, 0xbf, 0xf5, 0xc0, 0xff, 0xc2, 0xf9, 0xc4, 0xff, 0xc2, 0xfb, 0xc4, 0xff, 0xc2, 0xfd, 0xc4, 0xff, 0xc0, 0xfe, 0xc2, 0xff, 0xbd, 0xfe, 0xbf, 0xff, 0xbb, 0xff, 0xbd, 0xff, 0xba, 0xff, 0xbc, 0xff, 0xbc, 0xff, 0xbd, 0xff, 0xc1, 0xff, 0xbf, 0xff, 0xc3, 0xfe, 0xc0, 0xff, 0xc3, 0xfe, 0xc0, 0xff, 0xc3, 0xfe, 0xc0, 0xff, 
  0xc0, 0xfc, 0xc6, 0xff, 0xc0, 0xfc, 0xc6, 0xff, 0xbf, 0xfc, 0xc4, 0xff, 0xbe, 0xfd, 0xc2, 0xff, 0xbd, 0xfe, 0xc0, 0xff, 0xbd, 0xfe, 0xbf, 0xff, 0xbd, 0xff, 0xc0, 0xff, 0xbd, 0xff, 0xbf, 0xff, 0xc0, 0xff, 0xc2, 0xff, 0xbe, 0xff, 0xbf, 0xff, 0xbe, 0xfd, 0xbe, 0xff, 0xbe, 0xfb, 0xbe, 0xff, 0xc2, 0xfd, 0xc1, 0xff, 0xc3, 0xfc, 0xc1, 0xff, 0xc2, 0xf9, 0xc0, 0xff, 0xc2, 0xf8, 0xc0, 0xff, 0xc6, 0xfb, 0xc6, 0xff, 0xc6, 0xfa, 0xc6, 0xff, 0xc6, 0xfa, 0xc7, 0xff, 0xc7, 0xfa, 0xc7, 0xff, 0xc7, 0xfa, 0xc8, 0xff, 0xc7, 0xfa, 0xc8, 0xff, 0xc7, 0xfa, 0xc7, 0xff, 0xc6, 0xfb, 0xc6, 0xff, 0xc3, 0xf9, 0xc3, 0xff, 0xc2, 0xfa, 0xc2, 0xff, 0xc0, 0xfb, 0xc0, 0xff, 0xbd, 0xfc, 0xbe, 0xff, 0xbc, 0xfd, 0xbc, 0xff, 0xbc, 0xff, 0xbb, 0xff, 0xbb, 0xff, 0xbb, 0xff, 0xbc, 0xff, 0xbc, 0xff, 0xbf, 0xff, 0xbe, 0xff, 0xc0, 0xff, 0xbf, 0xff, 0xc0, 0xff, 0xc0, 0xff, 0xc0, 0xff, 0xc1, 0xff, 0xc1, 0xfe, 0xc1, 0xff, 0xc1, 0xfe, 0xc2, 0xff, 0xc1, 0xfd, 0xc3, 0xff, 0xc1, 0xfd, 0xc3, 0xff, 0xc1, 0xfd, 0xc3, 0xff, 0xc1, 0xfd, 0xc3, 0xff, 0xc1, 0xfd, 0xc3, 0xff, 0xc1, 0xfd, 0xc3, 0xff, 0xc0, 0xfe, 0xc2, 0xff, 0xc0, 0xfe, 0xc2, 0xff, 0xc0, 0xfe, 0xc1, 0xff, 0xbf, 0xff, 0xbf, 0xff, 0xbc, 0xff, 0xbb, 0xff, 0xbd, 0xff, 0xbc, 0xff, 0xbc, 0xff, 0xbd, 0xff, 0xbc, 0xff, 0xbe, 0xff, 0xbe, 0xfe, 0xbf, 0xff, 0xc1, 0xff, 0xc2, 0xff, 0xc4, 0xff, 0xc3, 0xff, 0xc4, 0xff, 0xc2, 0xff, 0xc1, 0xfc, 0xbf, 0xff, 0xc1, 0xfb, 0xbe, 0xff, 0xc2, 0xfa, 0xbe, 0xff, 0xc3, 0xfb, 0xc0, 0xff, 0xc3, 0xfa, 0xc2, 0xff, 0xc2, 0xf9, 0xc2, 0xff, 0xc0, 0xf6, 0xc1, 0xff, 0xbf, 0xf4, 0xc1, 0xff, 0xc5, 0xf8, 0xc5, 0xff, 0xc6, 0xfa, 0xc6, 0xff, 0xc7, 0xfd, 0xc8, 0xff, 0xc4, 0xfd, 0xc6, 0xff, 0xbf, 0xfb, 0xc1, 0xff, 0xbe, 0xfc, 0xc0, 0xff, 0xc2, 0xff, 0xc4, 0xff, 0xc6, 0xff, 0xc8, 0xff, 0xc0, 0xfd, 0xc1, 0xff, 0xc1, 0xfe, 0xc2, 0xff, 0xc0, 0xfe, 0xc2, 0xff, 0xbf, 0xff, 0xc1, 0xff, 0xbd, 0xff, 0xc0, 0xff, 0xbc, 0xff, 0xbf, 0xff, 0xba, 0xff, 0xbd, 0xff, 0xbc, 0xff, 0xbe, 0xff, 0xc0, 0xff, 0xbf, 0xff, 0xc2, 0xfe, 0xc1, 0xff, 0xc2, 0xfe, 0xc1, 0xff, 0xc2, 0xfe, 0xc1, 0xff, 
  0xc1, 0xfd, 0xc4, 0xff, 0xc1, 0xfd, 0xc4, 0xff, 0xbf, 0xfc, 0xc2, 0xff, 0xbe, 0xfd, 0xc1, 0xff, 0xbd, 0xfe, 0xc0, 0xff, 0xbd, 0xfe, 0xbf, 0xff, 0xbd, 0xff, 0xc0, 0xff, 0xbc, 0xff, 0xc0, 0xff, 0xbe, 0xff, 0xc0, 0xff, 0xbd, 0xff, 0xbf, 0xff, 0xbe, 0xff, 0xbf, 0xff, 0xbf, 0xff, 0xc0, 0xff, 0xc1, 0xff, 0xc1, 0xff, 0xc2, 0xff, 0xc1, 0xff, 0xc3, 0xff, 0xc1, 0xff, 0xc4, 0xff, 0xc2, 0xff, 0xc2, 0xfe, 0xc1, 0xff, 0xc2, 0xfe, 0xc2, 0xff, 0xc2, 0xfd, 0xc2, 0xff, 0xc2, 0xfd, 0xc3, 0xff, 0xc2, 0xfd, 0xc3, 0xff, 0xc2, 0xfd, 0xc3, 0xff, 0xc2, 0xfd, 0xc3, 0xff, 0xc2, 0xfd, 0xc2, 0xff, 0xc4, 0xff, 0xc4, 0xff, 0xc1, 0xfe, 0xc2, 0xff, 0xbf, 0xfd, 0xc0, 0xff, 0xbf, 0xfe, 0xbf, 0xff, 0xc0, 0xff, 0xc0, 0xff, 0xc2, 0xff, 0xc1, 0xff, 0xc1, 0xff, 0xbf, 0xff, 0xc0, 0xff, 0xbf, 0xff, 0xc0, 0xff, 0xbf, 0xff, 0xc1, 0xff, 0xbf, 0xff, 0xc0, 0xff, 0xc0, 0xff, 0xc0, 0xff, 0xc1, 0xff, 0xc0, 0xff, 0xc1, 0xff, 0xc0, 0xfe, 0xc1, 0xff, 0xc0, 0xfe, 0xc2, 0xff, 0xc0, 0xfe, 0xc2, 0xff, 0xc0, 0xfe, 0xc2, 0xff, 0xc0, 0xfe, 0xc2, 0xff, 0xc0, 0xfe, 0xc2, 0xff, 0xc0, 0xfe, 0xc2, 0xff, 0xc0, 0xfe, 0xc2, 0xff, 0xc0, 0xfe, 0xc2, 0xff, 0xc1, 0xfe, 0xc2, 0xff, 0xc0, 0xff, 0xc0, 0xff, 0xbd, 0xff, 0xbd, 0xff, 0xbd, 0xff, 0xbd, 0xff, 0xbd, 0xff, 0xbe, 0xff, 0xbd, 0xff, 0xbe, 0xff, 0xbe, 0xfe, 0xbf, 0xff, 0xc0, 0xff, 0xc0, 0xff, 0xc0, 0xff, 0xc0, 0xff, 0xc0, 0xfe, 0xbf, 0xff, 0xbf, 0xfd, 0xbd, 0xff, 0xbf, 0xfd, 0xbd, 0xff, 0xc0, 0xff, 0xbd, 0xff, 0xc1, 0xff, 0xbf, 0xff, 0xc2, 0xff, 0xc2, 0xff, 0xc3, 0xff, 0xc4, 0xff, 0xc3, 0xff, 0xc6, 0xff, 0xc4, 0xff, 0xc6, 0xff, 0xc4, 0xfe, 0xc4, 0xff, 0xc4, 0xfd, 0xc2, 0xff, 0xc2, 0xfe, 0xc1, 0xff, 0xc1, 0xff, 0xc1, 0xff, 0xbf, 0xff, 0xc0, 0xff, 0xbe, 0xff, 0xbf, 0xff, 0xbc, 0xfe, 0xbd, 0xff, 0xb9, 0xfb, 0xbb, 0xff, 0xbf, 0xfe, 0xc0, 0xff, 0xc0, 0xfe, 0xc1, 0xff, 0xc0, 0xfe, 0xc2, 0xff, 0xbf, 0xfe, 0xc1, 0xff, 0xbe, 0xff, 0xc1, 0xff, 0xbd, 0xff, 0xc0, 0xff, 0xbb, 0xff, 0xbf, 0xff, 0xbd, 0xff, 0xc0, 0xff, 0xbf, 0xff, 0xc0, 0xff, 0xc1, 0xfe, 0xc1, 0xff, 0xc1, 0xfe, 0xc1, 0xff, 0xc1, 0xfe, 0xc1, 0xff, 
  0xc1, 0xfe, 0xc1, 0xff, 0xc1, 0xfe, 0xc1, 0xff, 0xbf, 0xfd, 0xc0, 0xff, 0xbe, 0xfe, 0xc0, 0xff, 0xbe, 0xfe, 0xc0, 0xff, 0xbd, 0xfe, 0xc0, 0xff, 0xbd, 0xff, 0xc1, 0xff, 0xbd, 0xff, 0xc1, 0xff, 0xba, 0xfc, 0xbd, 0xff, 0xbb, 0xfd, 0xbe, 0xff, 0xbd, 0xfe, 0xbf, 0xff, 0xbf, 0xff, 0xc0, 0xff, 0xbf, 0xff, 0xc0, 0xff, 0xc0, 0xff, 0xc0, 0xff, 0xc1, 0xff, 0xbf, 0xff, 0xc2, 0xff, 0xc0, 0xff, 0xc0, 0xff, 0xbf, 0xff, 0xbf, 0xff, 0xbf, 0xff, 0xc0, 0xff, 0xc0, 0xff, 0xc0, 0xff, 0xc1, 0xff, 0xc0, 0xff, 0xc1, 0xff, 0xbf, 0xff, 0xc0, 0xff, 0xbf, 0xff, 0xc0, 0xff, 0xbf, 0xff, 0xc1, 0xff, 0xbf, 0xfe, 0xc0, 0xff, 0xc0, 0xff, 0xc1, 0xff, 0xc1, 0xff, 0xc2, 0xff, 0xc0, 0xfe, 0xc1, 0xff, 0xc0, 0xfd, 0xc0, 0xff, 0xbf, 0xfd, 0xbe, 0xff, 0xbf, 0xfd, 0xbe, 0xff, 0xc0, 0xfe, 0xbe, 0xff, 0xc1, 0xff, 0xbf, 0xff, 0xc1, 0xff, 0xbf, 0xff, 0xc0, 0xff, 0xc0, 0xff, 0xc0, 0xff, 0xc0, 0xff, 0xbf, 0xff, 0xc0, 0xff, 0xbf, 0xff, 0xc0, 0xff, 0xbf, 0xff, 0xc1, 0xff, 0xbf, 0xff, 0xc1, 0xff, 0xbf, 0xff, 0xc1, 0xff, 0xbf, 0xff, 0xc1, 0xff, 0xbf, 0xfe, 0xc1, 0xff, 0xbf, 0xfe, 0xc1, 0xff, 0xbf, 0xfe, 0xc1, 0xff, 0xc0, 0xfe, 0xc1, 0xff, 0xc1, 0xfe, 0xc1, 0xff, 0xc0, 0xfe, 0xc1, 0xff, 0xbe, 0xfe, 0xbe, 0xff, 0xbe, 0xff, 0xbf, 0xff, 0xbe, 0xff, 0xc0, 0xff, 0xbf, 0xff, 0xc0, 0xff, 0xc0, 0xff, 0xc1, 0xff, 0xc0, 0xff, 0xc1, 0xff, 0xbf, 0xfe, 0xbf, 0xff, 0xbe, 0xfd, 0xbd, 0xff, 0xc2, 0xff, 0xc0, 0xff, 0xc2, 0xff, 0xbf, 0xff, 0xc0, 0xff, 0xbe, 0xff, 0xbe, 0xff, 0xbc, 0xff, 0xbd, 0xff, 0xbe, 0xff, 0xbd, 0xff, 0xbf, 0xff, 0xbd, 0xfe, 0xc0, 0xff, 0xbc, 0xfb, 0xbf, 0xff, 0xc1, 0xfd, 0xc0, 0xff, 0xc1, 0xfd, 0xbe, 0xff, 0xbf, 0xfd, 0xbd, 0xff, 0xbf, 0xff, 0xbe, 0xff, 0xbf, 0xff, 0xbf, 0xff, 0xc1, 0xff, 0xc0, 0xff, 0xbf, 0xff, 0xbf, 0xff, 0xbe, 0xff, 0xbf, 0xff, 0xbe, 0xfe, 0xbf, 0xff, 0xc0, 0xff, 0xc1, 0xff, 0xc0, 0xfe, 0xc2, 0xff, 0xc0, 0xfe, 0xc2, 0xff, 0xbf, 0xfe, 0xc1, 0xff, 0xbd, 0xfe, 0xc0, 0xff, 0xbc, 0xff, 0xc0, 0xff, 0xbc, 0xff, 0xc0, 0xff, 0xbe, 0xff, 0xc0, 0xff, 0xbf, 0xff, 0xc1, 0xff, 0xbf, 0xfe, 0xc1, 0xff, 0xbf, 0xfe, 0xc2, 0xff, 
  0xc1, 0xff, 0xbe, 0xff, 0xc1, 0xff, 0xbe, 0xff, 0xbf, 0xff, 0xbe, 0xff, 0xbf, 0xfe, 0xbe, 0xff, 0xbe, 0xfe, 0xbf, 0xff, 0xbe, 0xfe, 0xc0, 0xff, 0xbf, 0xff, 0xc1, 0xff, 0xbf, 0xfe, 0xc2, 0xff, 0xc0, 0xff, 0xc3, 0xff, 0xc0, 0xff, 0xc3, 0xff, 0xc0, 0xff, 0xc2, 0xff, 0xc0, 0xff, 0xc2, 0xff, 0xc1, 0xff, 0xc2, 0xff, 0xc0, 0xfe, 0xc1, 0xff, 0xc0, 0xfe, 0xbf, 0xff, 0xc0, 0xfe, 0xbf, 0xff, 0xbf, 0xff, 0xbf, 0xff, 0xbe, 0xff, 0xbe, 0xff, 0xbe, 0xff, 0xbe, 0xff, 0xbe, 0xff, 0xbf, 0xff, 0xbd, 0xff, 0xbf, 0xff, 0xbd, 0xff, 0xc0, 0xff, 0xbd, 0xfe, 0xbf, 0xff, 0xbe, 0xfe, 0xc0, 0xff, 0xbd, 0xfc, 0xbf, 0xff, 0xc0, 0xfe, 0xc2, 0xff, 0xc2, 0xff, 0xc3, 0xff, 0xc3, 0xfe, 0xc4, 0xff, 0xc3, 0xfd, 0xc3, 0xff, 0xc3, 0xfc, 0xc2, 0xff, 0xc5, 0xfd, 0xc3, 0xff, 0xc5, 0xfe, 0xc3, 0xff, 0xc3, 0xff, 0xc1, 0xff, 0xc1, 0xff, 0xbf, 0xff, 0xc0, 0xff, 0xbf, 0xff, 0xbf, 0xff, 0xbf, 0xff, 0xbf, 0xff, 0xbf, 0xff, 0xbe, 0xff, 0xbf, 0xff, 0xbd, 0xff, 0xc0, 0xff, 0xbd, 0xff, 0xc0, 0xff, 0xbd, 0xff, 0xc0, 0xff, 0xbd, 0xff, 0xc0, 0xff, 0xbd, 0xff, 0xc1, 0xff, 0xbd, 0xff, 0xc1, 0xff, 0xbe, 0xff, 0xc1, 0xff, 0xbf, 0xff, 0xc1, 0xff, 0xc0, 0xff, 0xc1, 0xff, 0xc0, 0xff, 0xc1, 0xff, 0xbf, 0xff, 0xc1, 0xff, 0xbf, 0xff, 0xc1, 0xff, 0xbf, 0xfe, 0xc2, 0xff, 0xc0, 0xfe, 0xc2, 0xff, 0xc1, 0xfe, 0xc2, 0xff, 0xc1, 0xfe, 0xc2, 0xff, 0xc0, 0xfd, 0xc0, 0xff, 0xc0, 0xfe, 0xbf, 0xff, 0xbe, 0xfe, 0xbd, 0xff, 0xbe, 0xff, 0xbd, 0xff, 0xbf, 0xff, 0xbd, 0xff, 0xbd, 0xff, 0xbd, 0xff, 0xbd, 0xff, 0xbe, 0xff, 0xbf, 0xff, 0xc1, 0xff, 0xbe, 0xff, 0xc2, 0xff, 0xc0, 0xff, 0xc2, 0xff, 0xc5, 0xff, 0xc2, 0xff, 0xc7, 0xff, 0xc2, 0xff, 0xc4, 0xff, 0xc0, 0xff, 0xbf, 0xff, 0xbc, 0xff, 0xba, 0xfe, 0xb8, 0xff, 0xba, 0xfe, 0xb8, 0xff, 0xbd, 0xff, 0xbb, 0xff, 0xc0, 0xff, 0xc0, 0xff, 0xbe, 0xfe, 0xbf, 0xff, 0xc0, 0xfe, 0xc1, 0xff, 0xc1, 0xfe, 0xc2, 0xff, 0xc1, 0xfd, 0xc3, 0xff, 0xbf, 0xfd, 0xc2, 0xff, 0xbe, 0xfd, 0xc1, 0xff, 0xbd, 0xfe, 0xc0, 0xff, 0xbd, 0xff, 0xc1, 0xff, 0xbd, 0xff, 0xc1, 0xff, 0xbd, 0xff, 0xc1, 0xff, 0xbd, 0xff, 0xc1, 0xff, 0xbd, 0xff, 0xc2, 0xff, 
  0xc0, 0xff, 0xbe, 0xff, 0xbf, 0xff, 0xbe, 0xff, 0xbf, 0xff, 0xbe, 0xff, 0xbf, 0xfd, 0xbe, 0xff, 0xc0, 0xfc, 0xbf, 0xff, 0xc2, 0xfc, 0xc1, 0xff, 0xc3, 0xfd, 0xc2, 0xff, 0xc4, 0xfe, 0xc3, 0xff, 0xc2, 0xfe, 0xc2, 0xff, 0xc0, 0xfd, 0xc0, 0xff, 0xbe, 0xfd, 0xbf, 0xff, 0xbf, 0xfe, 0xbf, 0xff, 0xbf, 0xff, 0xc1, 0xff, 0xc0, 0xff, 0xc2, 0xff, 0xc0, 0xff, 0xc1, 0xff, 0xbf, 0xfe, 0xbf, 0xff, 0xc0, 0xff, 0xc0, 0xff, 0xbf, 0xff, 0xbf, 0xff, 0xbf, 0xff, 0xbf, 0xff, 0xbf, 0xff, 0xc0, 0xff, 0xbe, 0xff, 0xc0, 0xff, 0xbd, 0xff, 0xc0, 0xff, 0xbe, 0xff, 0xc0, 0xff, 0xbf, 0xff, 0xc1, 0xff, 0xbf, 0xfe, 0xc1, 0xff, 0xbe, 0xfc, 0xc0, 0xff, 0xbf, 0xfc, 0xc0, 0xff, 0xc1, 0xfc, 0xc2, 0xff, 0xc4, 0xfe, 0xc4, 0xff, 0xc6, 0xfe, 0xc6, 0xff, 0xc5, 0xfc, 0xc4, 0xff, 0xc2, 0xfb, 0xc1, 0xff, 0xc3, 0xff, 0xc2, 0xff, 0xc1, 0xff, 0xc0, 0xff, 0xbf, 0xff, 0xbf, 0xff, 0xbf, 0xff, 0xbf, 0xff, 0xbe, 0xff, 0xbe, 0xff, 0xbe, 0xff, 0xbe, 0xff, 0xbe, 0xff, 0xbf, 0xff, 0xbf, 0xff, 0xbf, 0xff, 0xc0, 0xff, 0xc0, 0xff, 0xc0, 0xfe, 0xc1, 0xff, 0xc0, 0xfe, 0xc2, 0xff, 0xc0, 0xfe, 0xc2, 0xff, 0xbf, 0xfe, 0xc2, 0xff, 0xbf, 0xfe, 0xc2, 0xff, 0xbf, 0xff, 0xc1, 0xff, 0xbf, 0xff, 0xc1, 0xff, 0xc0, 0xff, 0xc2, 0xff, 0xc0, 0xfe, 0xc2, 0xff, 0xc0, 0xfe, 0xc2, 0xff, 0xc0, 0xfe, 0xc3, 0xff, 0xc1, 0xfe, 0xc3, 0xff, 0xc1, 0xfe, 0xc2, 0xff, 0xc1, 0xfe, 0xc2, 0xff, 0xc2, 0xff, 0xc2, 0xff, 0xc0, 0xff, 0xbf, 0xff, 0xc1, 0xff, 0xc0, 0xff, 0xc2, 0xff, 0xc1, 0xff, 0xbe, 0xff, 0xbf, 0xff, 0xbe, 0xff, 0xbf, 0xff, 0xbf, 0xff, 0xc1, 0xff, 0xbe, 0xff, 0xc2, 0xff, 0xbe, 0xfe, 0xc0, 0xff, 0xc1, 0xfe, 0xbf, 0xff, 0xc2, 0xfe, 0xbe, 0xff, 0xc2, 0xff, 0xbe, 0xff, 0xc0, 0xff, 0xbd, 0xff, 0xc0, 0xff, 0xbe, 0xff, 0xbf, 0xff, 0xbe, 0xff, 0xbe, 0xff, 0xbd, 0xff, 0xbe, 0xff, 0xbe, 0xff, 0xbe, 0xff, 0xbe, 0xff, 0xbf, 0xff, 0xc0, 0xff, 0xc0, 0xfe, 0xc2, 0xff, 0xc1, 0xfd, 0xc3, 0xff, 0xc0, 0xfc, 0xc2, 0xff, 0xc0, 0xfc, 0xc3, 0xff, 0xc0, 0xfc, 0xc3, 0xff, 0xc0, 0xfd, 0xc3, 0xff, 0xbf, 0xfe, 0xc1, 0xff, 0xbe, 0xff, 0xc1, 0xff, 0xbd, 0xff, 0xc1, 0xff, 0xbd, 0xff, 0xc1, 0xff, 
  0xba, 0xff, 0xbd, 0xff, 0xc0, 0xff, 0xc3, 0xff, 0xbe, 0xfd, 0xbf, 0xff, 0xc7, 0xff, 0xc7, 0xff, 0xc4, 0xf9, 0xc1, 0xff, 0xcb, 0xfd, 0xc6, 0xff, 0xc9, 0xfa, 0xc2, 0xff, 0xc7, 0xfa, 0xc0, 0xff, 0xc5, 0xfd, 0xbf, 0xff, 0xc6, 0xff, 0xc0, 0xff, 0xbe, 0xfd, 0xba, 0xff, 0xbd, 0xff, 0xbb, 0xff, 0xc0, 0xff, 0xc0, 0xff, 0xbe, 0xff, 0xbf, 0xff, 0xbf, 0xff, 0xc2, 0xff, 0xc0, 0xff, 0xc2, 0xff, 0xbf, 0xff, 0xc0, 0xff, 0xbf, 0xff, 0xc0, 0xff, 0xbf, 0xff, 0xc0, 0xff, 0xbf, 0xff, 0xc0, 0xff, 0xbf, 0xff, 0xc0, 0xff, 0xbf, 0xff, 0xc0, 0xff, 0xbf, 0xff, 0xc0, 0xff, 0xbf, 0xff, 0xc1, 0xff, 0xc0, 0xff, 0xc1, 0xff, 0xc0, 0xff, 0xc1, 0xff, 0xc0, 0xfe, 0xc1, 0xff, 0xc0, 0xfe, 0xc1, 0xff, 0xc1, 0xfe, 0xc1, 0xff, 0xc1, 0xfe, 0xc1, 0xff, 0xc1, 0xfe, 0xc1, 0xff, 0xc1, 0xfe, 0xc1, 0xff, 0xc0, 0xff, 0xc2, 0xff, 0xbd, 0xfe, 0xbf, 0xff, 0xbc, 0xfe, 0xbd, 0xff, 0xbe, 0xff, 0xbf, 0xff, 0xbd, 0xff, 0xbc, 0xff, 0xbd, 0xff, 0xbb, 0xff, 0xc3, 0xff, 0xbf, 0xff, 0xc0, 0xfa, 0xbc, 0xff, 0xc9, 0xfe, 0xc5, 0xff, 0xc4, 0xf7, 0xc1, 0xff, 0xcb, 0xfd, 0xc9, 0xff, 0xc2, 0xf5, 0xc1, 0xff, 0xc6, 0xff, 0xc8, 0xff, 0xbc, 0xf9, 0xc0, 0xff, 0xc5, 0xff, 0xca, 0xff, 0xb7, 0xf9, 0xbb, 0xff, 0xbf, 0xff, 0xc1, 0xff, 0xc0, 0xff, 0xc1, 0xff, 0xc0, 0xfe, 0xc1, 0xff, 0xc0, 0xfe, 0xc1, 0xff, 0xc0, 0xfe, 0xc1, 0xff, 0xc0, 0xfe, 0xc1, 0xff, 0xc0, 0xfe, 0xc1, 0xff, 0xc0, 0xff, 0xc1, 0xff, 0xc0, 0xff, 0xc0, 0xff, 0xc0, 0xff, 0xc0, 0xff, 0xbf, 0xff, 0xc0, 0xff, 0xbf, 0xff, 0xc0, 0xff, 0xbf, 0xff, 0xc0, 0xff, 0xbf, 0xff, 0xc0, 0xff, 0xbf, 0xff, 0xc1, 0xff, 0xbf, 0xff, 0xc1, 0xff, 0xbf, 0xff, 0xc1, 0xff, 0xc0, 0xff, 0xc1, 0xff, 0xc0, 0xff, 0xc1, 0xff, 0xc0, 0xff, 0xc0, 0xff, 0xbf, 0xff, 0xc0, 0xff, 0xbf, 0xff, 0xc0, 0xff, 0xbe, 0xff, 0xbf, 0xff, 0xbe, 0xff, 0xbe, 0xff, 0xbb, 0xfe, 0xbc, 0xff, 0xbf, 0xff, 0xc0, 0xff, 0xbc, 0xfd, 0xbf, 0xff, 0xc5, 0xff, 0xc7, 0xff, 0xbe, 0xf9, 0xbf, 0xff, 0xc2, 0xfb, 0xc4, 0xff, 0xc4, 0xf9, 0xc6, 0xff, 0xc4, 0xfa, 0xc5, 0xff, 0xc3, 0xfc, 0xc1, 0xff, 0xc1, 0xfe, 0xbf, 0xff, 0xc1, 0xff, 0xc0, 0xff, 0xbc, 0xfd, 0xbc, 0xff, 
  0xbd, 0xff, 0xc2, 0xff, 0xb8, 0xfc, 0xbc, 0xff, 0xbd, 0xf9, 0xbf, 0xff, 0xc3, 0xf8, 0xc3, 0xff, 0xd0, 0xfe, 0xcd, 0xff, 0xce, 0xf8, 0xc9, 0xff, 0xd4, 0xfd, 0xcd, 0xff, 0xd3, 0xfe, 0xcb, 0xff, 0xce, 0xff, 0xc7, 0xff, 0xc9, 0xff, 0xc3, 0xff, 0xc0, 0xfc, 0xbc, 0xff, 0xbf, 0xff, 0xbd, 0xff, 0xc0, 0xff, 0xc0, 0xff, 0xbc, 0xff, 0xbe, 0xff, 0xbd, 0xfe, 0xbf, 0xff, 0xc0, 0xff, 0xc2, 0xff, 0xbf, 0xff, 0xc1, 0xff, 0xc0, 0xff, 0xc0, 0xff, 0xc0, 0xff, 0xc0, 0xff, 0xc0, 0xff, 0xc0, 0xff, 0xc0, 0xff, 0xc0, 0xff, 0xc0, 0xff, 0xc0, 0xff, 0xc0, 0xff, 0xc0, 0xff, 0xc0, 0xff, 0xc0, 0xff, 0xc0, 0xff, 0xc0, 0xff, 0xc0, 0xff, 0xc0, 0xff, 0xc0, 0xff, 0xc0, 0xff, 0xc0, 0xff, 0xc0, 0xff, 0xc0, 0xff, 0xc0, 0xff, 0xc0, 0xff, 0xc0, 0xff, 0xc0, 0xff, 0xc0, 0xff, 0xbf, 0xff, 0xc1, 0xff, 0xc0, 0xff, 0xc2, 0xff, 0xbc, 0xfd, 0xbf, 0xff, 0xbc, 0xff, 0xbe, 0xff, 0xc0, 0xff, 0xc0, 0xff, 0xbe, 0xff, 0xbd, 0xff, 0xbf, 0xfd, 0xbd, 0xff, 0xc7, 0xff, 0xc4, 0xff, 0xcd, 0xff, 0xc9, 0xff, 0xce, 0xfa, 0xca, 0xff, 0xce, 0xf7, 0xca, 0xff, 0xcd, 0xf6, 0xca, 0xff, 0xcf, 0xfa, 0xce, 0xff, 0xc7, 0xf9, 0xc8, 0xff, 0xc0, 0xfa, 0xc4, 0xff, 0xbf, 0xff, 0xc4, 0xff, 0xbd, 0xff, 0xc2, 0xff, 0xbf, 0xff, 0xc1, 0xff, 0xc0, 0xff, 0xc0, 0xff, 0xc0, 0xff, 0xc0, 0xff, 0xc0, 0xff, 0xc0, 0xff, 0xc0, 0xff, 0xc0, 0xff, 0xc0, 0xff, 0xc0, 0xff, 0xc0, 0xff, 0xc0, 0xff, 0xc0, 0xff, 0xc0, 0xff, 0xc0, 0xff, 0xc0, 0xff, 0xc0, 0xff, 0xc0, 0xff, 0xc0, 0xff, 0xc0, 0xff, 0xc0, 0xff, 0xc0, 0xff, 0xc0, 0xff, 0xc0, 0xff, 0xc0, 0xff, 0xc0, 0xff, 0xc0, 0xff, 0xc0, 0xff, 0xbf, 0xff, 0xc1, 0xff, 0xbe, 0xff, 0xc1, 0xff, 0xbe, 0xff, 0xc1, 0xff, 0xbf, 0xfe, 0xc1, 0xff, 0xc0, 0xfe, 0xc1, 0xff, 0xc0, 0xfe, 0xc1, 0xff, 0xbf, 0xff, 0xc1, 0xff, 0xbf, 0xff, 0xc0, 0xff, 0xbe, 0xff, 0xbf, 0xff, 0xbe, 0xff, 0xbf, 0xff, 0xbb, 0xfd, 0xbc, 0xff, 0xbf, 0xfe, 0xc1, 0xff, 0xbe, 0xf9, 0xbf, 0xff, 0xc8, 0xfe, 0xc9, 0xff, 0xcb, 0xfc, 0xcc, 0xff, 0xd5, 0xff, 0xd6, 0xff, 0xcc, 0xf8, 0xcc, 0xff, 0xcd, 0xff, 0xcb, 0xff, 0xc5, 0xfc, 0xc1, 0xff, 0xc1, 0xfc, 0xbf, 0xff, 0xbe, 0xfb, 0xbc, 0xff, 
  0xbf, 0xff, 0xc3, 0xff, 0xbc, 0xfd, 0xbf, 0xff, 0xc6, 0xff, 0xc8, 0xff, 0xc9, 0xfa, 0xca, 0xff, 0xd0, 0xf7, 0xcf, 0xff, 0xc1, 0xe2, 0xbf, 0xff, 0xc1, 0xe1, 0xbe, 0xff, 0xbf, 0xe2, 0xbc, 0xff, 0xc4, 0xed, 0xc1, 0xff, 0xc6, 0xf5, 0xc4, 0xff, 0xc6, 0xfb, 0xc5, 0xff, 0xc2, 0xfd, 0xc2, 0xff, 0xbf, 0xfe, 0xc0, 0xff, 0xbf, 0xff, 0xc0, 0xff, 0xbf, 0xff, 0xc0, 0xff, 0xbe, 0xfe, 0xbf, 0xff, 0xc0, 0xff, 0xc0, 0xff, 0xc0, 0xff, 0xc0, 0xff, 0xc0, 0xff, 0xc0, 0xff, 0xc0, 0xff, 0xc0, 0xff, 0xc0, 0xff, 0xc0, 0xff, 0xc0, 0xff, 0xc0, 0xff, 0xc0, 0xff, 0xc0, 0xff, 0xc0, 0xff, 0xc0, 0xff, 0xc0, 0xff, 0xc0, 0xff, 0xc0, 0xff, 0xc0, 0xff, 0xc0, 0xff, 0xc0, 0xff, 0xc0, 0xff, 0xc0, 0xff, 0xc0, 0xff, 0xc0, 0xff, 0xc0, 0xff, 0xc0, 0xff, 0xc0, 0xff, 0xc0, 0xff, 0xc0, 0xff, 0xc0, 0xff, 0xbf, 0xff, 0xc0, 0xff, 0xbf, 0xff, 0xc0, 0xff, 0xbf, 0xff, 0xc0, 0xff, 0xbf, 0xfe, 0xc0, 0xff, 0xc1, 0xfe, 0xc2, 0xff, 0xc5, 0xfd, 0xc6, 0xff, 0xc6, 0xf7, 0xc7, 0xff, 0xc5, 0xef, 0xc5, 0xff, 0xbf, 0xe3, 0xbf, 0xff, 0xc0, 0xe2, 0xc1, 0xff, 0xc2, 0xe4, 0xc2, 0xff, 0xcd, 0xf2, 0xcd, 0xff, 0xce, 0xfb, 0xcf, 0xff, 0xc7, 0xfc, 0xc9, 0xff, 0xbc, 0xfa, 0xbf, 0xff, 0xbe, 0xff, 0xc1, 0xff, 0xbf, 0xff, 0xc1, 0xff, 0xc0, 0xff, 0xc0, 0xff, 0xc0, 0xff, 0xc0, 0xff, 0xc0, 0xff, 0xc0, 0xff, 0xc0, 0xff, 0xc0, 0xff, 0xc0, 0xff, 0xc0, 0xff, 0xc0, 0xff, 0xc0, 0xff, 0xc0, 0xff, 0xc0, 0xff, 0xc0, 0xff, 0xc0, 0xff, 0xc0, 0xff, 0xc0, 0xff, 0xc0, 0xff, 0xc0, 0xff, 0xc0, 0xff, 0xc0, 0xff, 0xc0, 0xff, 0xc0, 0xff, 0xc0, 0xff, 0xc0, 0xff, 0xc0, 0xff, 0xc0, 0xff, 0xbf, 0xff, 0xc1, 0xff, 0xbe, 0xff, 0xc1, 0xff, 0xbe, 0xff, 0xc1, 0xff, 0xbf, 0xff, 0xc1, 0xff, 0xc0, 0xff, 0xc1, 0xff, 0xc0, 0xff, 0xc1, 0xff, 0xc0, 0xff, 0xc0, 0xff, 0xbf, 0xff, 0xbf, 0xff, 0xbf, 0xff, 0xbf, 0xff, 0xbf, 0xff, 0xc0, 0xff, 0xbb, 0xf9, 0xbc, 0xff, 0xc5, 0xfe, 0xc6, 0xff, 0xc6, 0xf9, 0xc7, 0xff, 0xc9, 0xf5, 0xc9, 0xff, 0xbf, 0xe6, 0xc0, 0xff, 0xc0, 0xe1, 0xc1, 0xff, 0xb8, 0xda, 0xb8, 0xff, 0xc5, 0xed, 0xc3, 0xff, 0xc5, 0xf4, 0xc3, 0xff, 0xcb, 0xfd, 0xc9, 0xff, 0xc6, 0xfb, 0xc5, 0xff, 
  0xb7, 0xfa, 0xb9, 0xff, 0xbc, 0xfa, 0xbe, 0xff, 0xc5, 0xfb, 0xc6, 0xff, 0xc4, 0xf0, 0xc5, 0xff, 0xb5, 0xd5, 0xb5, 0xff, 0xa8, 0xc1, 0xa8, 0xff, 0x9e, 0xb6, 0x9e, 0xff, 0xa3, 0xbc, 0xa3, 0xff, 0xaa, 0xca, 0xab, 0xff, 0xba, 0xe1, 0xbb, 0xff, 0xca, 0xf9, 0xcc, 0xff, 0xc5, 0xfb, 0xc7, 0xff, 0xbe, 0xf9, 0xbf, 0xff, 0xc2, 0xff, 0xc3, 0xff, 0xc2, 0xff, 0xc1, 0xff, 0xbf, 0xfe, 0xbe, 0xff, 0xc0, 0xff, 0xc0, 0xff, 0xc0, 0xff, 0xc0, 0xff, 0xc0, 0xff, 0xc0, 0xff, 0xc0, 0xff, 0xc0, 0xff, 0xc0, 0xff, 0xc0, 0xff, 0xc0, 0xff, 0xc0, 0xff, 0xc0, 0xff, 0xc0, 0xff, 0xc0, 0xff, 0xc0, 0xff, 0xc0, 0xff, 0xc0, 0xff, 0xc0, 0xff, 0xc0, 0xff, 0xc0, 0xff, 0xc0, 0xff, 0xc0, 0xff, 0xc0, 0xff, 0xc0, 0xff, 0xc0, 0xff, 0xc0, 0xff, 0xc0, 0xff, 0xc0, 0xff, 0xc0, 0xff, 0xc0, 0xff, 0xc0, 0xff, 0xbf, 0xfe, 0xbe, 0xff, 0xc2, 0xff, 0xc1, 0xff, 0xc2, 0xff, 0xc3, 0xff, 0xbd, 0xf8, 0xbe, 0xff, 0xc5, 0xfc, 0xc8, 0xff, 0xcb, 0xfc, 0xcf, 0xff, 0xbc, 0xe4, 0xc0, 0xff, 0xab, 0xcd, 0xaf, 0xff, 0x9b, 0xb6, 0x9f, 0xff, 0x9a, 0xb2, 0x9d, 0xff, 0xa3, 0xbd, 0xa5, 0xff, 0xad, 0xcb, 0xae, 0xff, 0xc8, 0xf0, 0xc9, 0xff, 0xc8, 0xfa, 0xca, 0xff, 0xc3, 0xfe, 0xc4, 0xff, 0xc0, 0xff, 0xc1, 0xff, 0xc0, 0xff, 0xc0, 0xff, 0xc0, 0xff, 0xc0, 0xff, 0xc0, 0xff, 0xc0, 0xff, 0xc0, 0xff, 0xc0, 0xff, 0xc0, 0xff, 0xc0, 0xff, 0xc0, 0xff, 0xc0, 0xff, 0xc0, 0xff, 0xc0, 0xff, 0xc0, 0xff, 0xc0, 0xff, 0xc0, 0xff, 0xc0, 0xff, 0xc0, 0xff, 0xc0, 0xff, 0xc0, 0xff, 0xc0, 0xff, 0xc0, 0xff, 0xc0, 0xff, 0xc0, 0xff, 0xc0, 0xff, 0xc0, 0xff, 0xc0, 0xff, 0xc0, 0xff, 0xc0, 0xff, 0xbf, 0xff, 0xc0, 0xff, 0xbe, 0xff, 0xc0, 0xff, 0xbe, 0xff, 0xc0, 0xff, 0xbf, 0xff, 0xc0, 0xff, 0xbf, 0xff, 0xc0, 0xff, 0xbf, 0xff, 0xc0, 0xff, 0xbf, 0xff, 0xc0, 0xff, 0xbf, 0xff, 0xbf, 0xff, 0xc0, 0xff, 0xc0, 0xff, 0xbf, 0xfe, 0xc0, 0xff, 0xc0, 0xfa, 0xc0, 0xff, 0xc8, 0xfb, 0xc8, 0xff, 0xcd, 0xf9, 0xcd, 0xff, 0xb8, 0xdc, 0xb8, 0xff, 0xab, 0xc6, 0xab, 0xff, 0xa2, 0xb7, 0xa1, 0xff, 0xa8, 0xbe, 0xa7, 0xff, 0xa5, 0xc5, 0xa4, 0xff, 0xb6, 0xdd, 0xb5, 0xff, 0xcd, 0xf8, 0xcc, 0xff, 0xcb, 0xf9, 0xcb, 0xff, 
  0xbf, 0xff, 0xbf, 0xff, 0xc5, 0xff, 0xc5, 0xff, 0xca, 0xfb, 0xcb, 0xff, 0xb8, 0xde, 0xba, 0xff, 0xa9, 0xc3, 0xab, 0xff, 0xa9, 0xbb, 0xab, 0xff, 0xaa, 0xb8, 0xad, 0xff, 0xb0, 0xbf, 0xb3, 0xff, 0xa1, 0xb7, 0xa4, 0xff, 0xaa, 0xc8, 0xae, 0xff, 0xc2, 0xea, 0xc6, 0xff, 0xc7, 0xf8, 0xcb, 0xff, 0xc2, 0xf9, 0xc3, 0xff, 0xc4, 0xff, 0xc3, 0xff, 0xc0, 0xff, 0xbf, 0xff, 0xc0, 0xff, 0xbf, 0xff, 0xc0, 0xff, 0xc0, 0xff, 0xc0, 0xff, 0xc0, 0xff, 0xc0, 0xff, 0xc0, 0xff, 0xc0, 0xff, 0xc0, 0xff, 0xc0, 0xff, 0xc0, 0xff, 0xc0, 0xff, 0xc0, 0xff, 0xc0, 0xff, 0xc0, 0xff, 0xc0, 0xff, 0xc0, 0xff, 0xc0, 0xff, 0xc0, 0xff, 0xc0, 0xff, 0xc0, 0xff, 0xc0, 0xff, 0xc0, 0xff, 0xc0, 0xff, 0xc0, 0xff, 0xc0, 0xff, 0xc0, 0xff, 0xc0, 0xff, 0xc0, 0xff, 0xc0, 0xff, 0xc0, 0xff, 0xc0, 0xff, 0xc0, 0xff, 0xc1, 0xff, 0xbf, 0xff, 0xc0, 0xfe, 0xbe, 0xff, 0xc3, 0xff, 0xc2, 0xff, 0xc1, 0xf8, 0xc2, 0xff, 0xc9, 0xfa, 0xcd, 0xff, 0xc7, 0xf0, 0xcd, 0xff, 0xac, 0xcc, 0xb3, 0xff, 0x9f, 0xb7, 0xa6, 0xff, 0xb1, 0xc2, 0xb7, 0xff, 0xae, 0xbd, 0xb3, 0xff, 0xab, 0xbc, 0xae, 0xff, 0xa3, 0xbb, 0xa5, 0xff, 0xb9, 0xdc, 0xba, 0xff, 0xc7, 0xf5, 0xc7, 0xff, 0xc3, 0xfa, 0xc2, 0xff, 0xbf, 0xfc, 0xbf, 0xff, 0xc0, 0xff, 0xc0, 0xff, 0xc0, 0xff, 0xc0, 0xff, 0xc0, 0xff, 0xc0, 0xff, 0xc0, 0xff, 0xc0, 0xff, 0xc0, 0xff, 0xc0, 0xff, 0xc0, 0xff, 0xc0, 0xff, 0xc0, 0xff, 0xc0, 0xff, 0xc0, 0xff, 0xc0, 0xff, 0xc0, 0xff, 0xc0, 0xff, 0xc0, 0xff, 0xc0, 0xff, 0xc0, 0xff, 0xc0, 0xff, 0xc0, 0xff, 0xc0, 0xff, 0xc0, 0xff, 0xc0, 0xff, 0xc0, 0xff, 0xc0, 0xff, 0xc0, 0xff, 0xc0, 0xff, 0xbf, 0xff, 0xc0, 0xff, 0xbe, 0xff, 0xc0, 0xff, 0xbe, 0xff, 0xbf, 0xff, 0xbe, 0xff, 0xbf, 0xff, 0xbe, 0xff, 0xbf, 0xff, 0xbe, 0xff, 0xbf, 0xff, 0xbe, 0xff, 0xbf, 0xff, 0xbe, 0xff, 0xbf, 0xff, 0xbf, 0xff, 0xc0, 0xff, 0xc0, 0xfd, 0xc1, 0xff, 0xc4, 0xfb, 0xc4, 0xff, 0xc9, 0xf7, 0xc8, 0xff, 0xc0, 0xe5, 0xc0, 0xff, 0xa9, 0xc3, 0xa8, 0xff, 0xa9, 0xba, 0xa9, 0xff, 0xaa, 0xb3, 0xa9, 0xff, 0xb4, 0xbf, 0xb3, 0xff, 0x9e, 0xb6, 0x9f, 0xff, 0xa8, 0xc8, 0xa9, 0xff, 0xc4, 0xe9, 0xc5, 0xff, 0xd1, 0xf8, 0xd2, 0xff, 
  0xc0, 0xff, 0xbf, 0xff, 0xbe, 0xf8, 0xbe, 0xff, 0xc8, 0xf7, 0xc9, 0xff, 0xa4, 0xc7, 0xa6, 0xff, 0xa7, 0xbc, 0xa9, 0xff, 0xa7, 0xb4, 0xaa, 0xff, 0xb2, 0xba, 0xb5, 0xff, 0xaf, 0xb9, 0xb3, 0xff, 0xab, 0xbb, 0xb0, 0xff, 0xa0, 0xba, 0xa6, 0xff, 0xb7, 0xdb, 0xbc, 0xff, 0xc9, 0xf7, 0xcd, 0xff, 0xc9, 0xff, 0xcb, 0xff, 0xc4, 0xff, 0xc4, 0xff, 0xbc, 0xfb, 0xbb, 0xff, 0xc1, 0xff, 0xc0, 0xff, 0xc0, 0xff, 0xc0, 0xff, 0xc0, 0xff, 0xc0, 0xff, 0xc0, 0xff, 0xc0, 0xff, 0xc0, 0xff, 0xc0, 0xff, 0xc0, 0xff, 0xc0, 0xff, 0xc0, 0xff, 0xc0, 0xff, 0xc0, 0xff, 0xc0, 0xff, 0xc0, 0xff, 0xc0, 0xff, 0xc0, 0xff, 0xc0, 0xff, 0xc0, 0xff, 0xc0, 0xff, 0xc0, 0xff, 0xc0, 0xff, 0xc0, 0xff, 0xc0, 0xff, 0xc0, 0xff, 0xc0, 0xff, 0xc0, 0xff, 0xc0, 0xff, 0xc0, 0xff, 0xc0, 0xff, 0xc0, 0xff, 0xc0, 0xff, 0xc1, 0xff, 0xbf, 0xff, 0xbc, 0xfa, 0xba, 0xff, 0xc1, 0xfd, 0xc1, 0xff, 0xc7, 0xfd, 0xc8, 0xff, 0xcc, 0xfa, 0xd0, 0xff, 0xbe, 0xe2, 0xc3, 0xff, 0xa3, 0xbe, 0xaa, 0xff, 0xa7, 0xb9, 0xae, 0xff, 0xa7, 0xb3, 0xae, 0xff, 0xad, 0xb6, 0xb2, 0xff, 0xa8, 0xb4, 0xab, 0xff, 0xa3, 0xb7, 0xa4, 0xff, 0xa7, 0xc7, 0xa8, 0xff, 0xc9, 0xf4, 0xc8, 0xff, 0xc3, 0xf9, 0xc1, 0xff, 0xc5, 0xff, 0xc4, 0xff, 0xc1, 0xff, 0xc1, 0xff, 0xc0, 0xff, 0xc0, 0xff, 0xc0, 0xff, 0xc0, 0xff, 0xc0, 0xff, 0xc0, 0xff, 0xc0, 0xff, 0xc0, 0xff, 0xc0, 0xff, 0xc0, 0xff, 0xc0, 0xff, 0xc0, 0xff, 0xc0, 0xff, 0xc0, 0xff, 0xc0, 0xff, 0xc0, 0xff, 0xc0, 0xff, 0xc0, 0xff, 0xc0, 0xff, 0xc0, 0xff, 0xc0, 0xff, 0xc0, 0xff, 0xc0, 0xff, 0xc0, 0xff, 0xc0, 0xff, 0xc0, 0xff, 0xc0, 0xff, 0xc0, 0xff, 0xbf, 0xff, 0xc0, 0xff, 0xbf, 0xff, 0xc0, 0xff, 0xbf, 0xff, 0xbf, 0xff, 0xbf, 0xff, 0xbf, 0xff, 0xbe, 0xff, 0xbf, 0xff, 0xbe, 0xff, 0xbf, 0xff, 0xbe, 0xff, 0xbf, 0xff, 0xbe, 0xff, 0xbf, 0xff, 0xbf, 0xff, 0xc0, 0xff, 0xc0, 0xfd, 0xc1, 0xff, 0xc6, 0xfb, 0xc5, 0xff, 0xcd, 0xf9, 0xcd, 0xff, 0xae, 0xcf, 0xad, 0xff, 0xa5, 0xba, 0xa4, 0xff, 0xb0, 0xbb, 0xaf, 0xff, 0xba, 0xbb, 0xb8, 0xff, 0xb5, 0xb9, 0xb4, 0xff, 0xae, 0xc0, 0xaf, 0xff, 0xa1, 0xbd, 0xa3, 0xff, 0xb8, 0xd9, 0xba, 0xff, 0xd4, 0xf7, 0xd6, 0xff, 
  0xc2, 0xff, 0xc2, 0xff, 0xc1, 0xfb, 0xc2, 0xff, 0xcf, 0xfd, 0xd0, 0xff, 0xa8, 0xc9, 0xa9, 0xff, 0xae, 0xc2, 0xaf, 0xff, 0xad, 0xb8, 0xaf, 0xff, 0xb4, 0xba, 0xb6, 0xff, 0xae, 0xb5, 0xb1, 0xff, 0xaf, 0xbd, 0xb2, 0xff, 0xa1, 0xb8, 0xa5, 0xff, 0xb9, 0xdc, 0xbd, 0xff, 0xca, 0xf6, 0xcd, 0xff, 0xc7, 0xfc, 0xc9, 0xff, 0xc4, 0xff, 0xc5, 0xff, 0xbb, 0xfa, 0xba, 0xff, 0xc1, 0xff, 0xc0, 0xff, 0xbf, 0xff, 0xc0, 0xff, 0xc0, 0xff, 0xc0, 0xff, 0xc0, 0xff, 0xc0, 0xff, 0xc0, 0xff, 0xc0, 0xff, 0xc0, 0xff, 0xc0, 0xff, 0xc0, 0xff, 0xc0, 0xff, 0xc0, 0xff, 0xc0, 0xff, 0xc0, 0xff, 0xc0, 0xff, 0xc0, 0xff, 0xc0, 0xff, 0xc0, 0xff, 0xc0, 0xff, 0xc0, 0xff, 0xc0, 0xff, 0xc0, 0xff, 0xc0, 0xff, 0xc0, 0xff, 0xc0, 0xff, 0xc0, 0xff, 0xc0, 0xff, 0xc0, 0xff, 0xc0, 0xff, 0xbf, 0xff, 0xc0, 0xff, 0xc0, 0xff, 0xbf, 0xff, 0xbc, 0xfc, 0xbb, 0xff, 0xc1, 0xfe, 0xc2, 0xff, 0xc4, 0xfb, 0xc6, 0xff, 0xcb, 0xf9, 0xcf, 0xff, 0xbf, 0xe2, 0xc3, 0xff, 0xa4, 0xbd, 0xa9, 0xff, 0xac, 0xbc, 0xb1, 0xff, 0xac, 0xb6, 0xb0, 0xff, 0xb2, 0xb9, 0xb5, 0xff, 0xb1, 0xbc, 0xb3, 0xff, 0xad, 0xbf, 0xae, 0xff, 0xa8, 0xc6, 0xa8, 0xff, 0xca, 0xf4, 0xca, 0xff, 0xc2, 0xf7, 0xc1, 0xff, 0xbf, 0xfb, 0xbe, 0xff, 0xc1, 0xfe, 0xc1, 0xff, 0xc0, 0xff, 0xc0, 0xff, 0xc0, 0xff, 0xc0, 0xff, 0xc0, 0xff, 0xc0, 0xff, 0xc0, 0xff, 0xc0, 0xff, 0xc0, 0xff, 0xc0, 0xff, 0xc0, 0xff, 0xc0, 0xff, 0xc0, 0xff, 0xc0, 0xff, 0xc0, 0xff, 0xc0, 0xff, 0xc0, 0xff, 0xc0, 0xff, 0xc0, 0xff, 0xc0, 0xff, 0xc0, 0xff, 0xc0, 0xff, 0xc0, 0xff, 0xc0, 0xff, 0xc0, 0xff, 0xc0, 0xff, 0xc0, 0xff, 0xc0, 0xff, 0xc0, 0xff, 0xc0, 0xff, 0xc0, 0xff, 0xc0, 0xff, 0xc0, 0xff, 0xc0, 0xff, 0xc0, 0xff, 0xbf, 0xff, 0xbf, 0xff, 0xbf, 0xff, 0xbe, 0xff, 0xbe, 0xff, 0xbe, 0xff, 0xbe, 0xff, 0xbd, 0xff, 0xbe, 0xff, 0xbe, 0xff, 0xbf, 0xff, 0xc1, 0xfe, 0xc1, 0xff, 0xc4, 0xfa, 0xc4, 0xff, 0xcd, 0xfa, 0xcc, 0xff, 0xae, 0xcf, 0xad, 0xff, 0xa6, 0xbb, 0xa5, 0xff, 0xb2, 0xbb, 0xb1, 0xff, 0xb7, 0xb6, 0xb5, 0xff, 0xaf, 0xb1, 0xaf, 0xff, 0xae, 0xbf, 0xb1, 0xff, 0x9d, 0xb8, 0xa0, 0xff, 0xb2, 0xd2, 0xb5, 0xff, 0xcf, 0xf2, 0xd1, 0xff, 
  0xbc, 0xfc, 0xbe, 0xff, 0xc1, 0xfa, 0xc2, 0xff, 0xcc, 0xfa, 0xcd, 0xff, 0xae, 0xd0, 0xae, 0xff, 0xa7, 0xbc, 0xa7, 0xff, 0xae, 0xba, 0xae, 0xff, 0xb0, 0xb7, 0xaf, 0xff, 0xb3, 0xbb, 0xb3, 0xff, 0xa6, 0xb5, 0xa7, 0xff, 0xa4, 0xbd, 0xa6, 0xff, 0xc2, 0xe6, 0xc4, 0xff, 0xc9, 0xf7, 0xcc, 0xff, 0xc1, 0xf7, 0xc2, 0xff, 0xc4, 0xff, 0xc6, 0xff, 0xbd, 0xfe, 0xbf, 0xff, 0xbe, 0xff, 0xbf, 0xff, 0xbf, 0xff, 0xc0, 0xff, 0xc0, 0xff, 0xc0, 0xff, 0xc0, 0xff, 0xc0, 0xff, 0xc0, 0xff, 0xc0, 0xff, 0xc0, 0xff, 0xc0, 0xff, 0xc0, 0xff, 0xc0, 0xff, 0xc0, 0xff, 0xc0, 0xff, 0xc0, 0xff, 0xc0, 0xff, 0xc0, 0xff, 0xc0, 0xff, 0xc0, 0xff, 0xc0, 0xff, 0xc0, 0xff, 0xc0, 0xff, 0xc0, 0xff, 0xc0, 0xff, 0xc0, 0xff, 0xc0, 0xff, 0xc0, 0xff, 0xc0, 0xff, 0xc0, 0xff, 0xc0, 0xff, 0xbf, 0xff, 0xc0, 0xff, 0xbf, 0xff, 0xc0, 0xff, 0xbe, 0xff, 0xbf, 0xff, 0xc3, 0xff, 0xc5, 0xff, 0xbe, 0xf5, 0xc0, 0xff, 0xc9, 0xf8, 0xcb, 0xff, 0xc6, 0xec, 0xc9, 0xff, 0xa8, 0xc2, 0xa9, 0xff, 0xa6, 0xb8, 0xa7, 0xff, 0xaf, 0xba, 0xb0, 0xff, 0xab, 0xb4, 0xaa, 0xff, 0xb0, 0xbc, 0xb0, 0xff, 0xa4, 0xb8, 0xa4, 0xff, 0xaa, 0xca, 0xab, 0xff, 0xc8, 0xf3, 0xc8, 0xff, 0xc6, 0xfc, 0xc6, 0xff, 0xbe, 0xfa, 0xbe, 0xff, 0xc0, 0xfe, 0xc1, 0xff, 0xc0, 0xff, 0xc0, 0xff, 0xc0, 0xff, 0xc0, 0xff, 0xc0, 0xff, 0xc0, 0xff, 0xc0, 0xff, 0xc0, 0xff, 0xc0, 0xff, 0xc0, 0xff, 0xc0, 0xff, 0xc0, 0xff, 0xc0, 0xff, 0xc0, 0xff, 0xc0, 0xff, 0xc0, 0xff, 0xc0, 0xff, 0xc0, 0xff, 0xc0, 0xff, 0xc0, 0xff, 0xc0, 0xff, 0xc0, 0xff, 0xc0, 0xff, 0xc0, 0xff, 0xc0, 0xff, 0xc0, 0xff, 0xc0, 0xff, 0xc0, 0xff, 0xc0, 0xff, 0xc1, 0xff, 0xc1, 0xfe, 0xc1, 0xff, 0xc1, 0xfe, 0xc1, 0xff, 0xc1, 0xff, 0xc0, 0xff, 0xc0, 0xff, 0xbf, 0xff, 0xbf, 0xff, 0xbe, 0xff, 0xbd, 0xff, 0xbe, 0xff, 0xbc, 0xff, 0xbd, 0xff, 0xbd, 0xff, 0xbe, 0xff, 0xc1, 0xff, 0xc2, 0xff, 0xc1, 0xfa, 0xc2, 0xff, 0xc5, 0xf4, 0xc5, 0xff, 0xb7, 0xdb, 0xb7, 0xff, 0xa5, 0xbb, 0xa4, 0xff, 0xb3, 0xbe, 0xb2, 0xff, 0xb1, 0xb2, 0xaf, 0xff, 0xb8, 0xbc, 0xb7, 0xff, 0xa6, 0xba, 0xa9, 0xff, 0xa2, 0xc0, 0xa6, 0xff, 0xbd, 0xe0, 0xc1, 0xff, 0xd3, 0xf9, 0xd6, 0xff, 
  0xbc, 0xfd, 0xbf, 0xff, 0xbd, 0xf7, 0xbf, 0xff, 0xcc, 0xfc, 0xce, 0xff, 0xc5, 0xea, 0xc5, 0xff, 0xad, 0xc5, 0xac, 0xff, 0xa4, 0xb4, 0xa1, 0xff, 0xaa, 0xb6, 0xa6, 0xff, 0xb0, 0xbe, 0xac, 0xff, 0xa3, 0xb7, 0xa0, 0xff, 0xb8, 0xd5, 0xb7, 0xff, 0xca, 0xf1, 0xc9, 0xff, 0xc8, 0xf9, 0xc9, 0xff, 0xc2, 0xfb, 0xc4, 0xff, 0xc1, 0xff, 0xc4, 0xff, 0xbf, 0xff, 0xc2, 0xff, 0xb9, 0xfd, 0xbd, 0xff, 0xbf, 0xff, 0xc0, 0xff, 0xc0, 0xff, 0xc0, 0xff, 0xc0, 0xff, 0xc0, 0xff, 0xc0, 0xff, 0xc0, 0xff, 0xc0, 0xff, 0xc0, 0xff, 0xc0, 0xff, 0xc0, 0xff, 0xc0, 0xff, 0xc0, 0xff, 0xc0, 0xff, 0xc0, 0xff, 0xc0, 0xff, 0xc0, 0xff, 0xc0, 0xff, 0xc0, 0xff, 0xc0, 0xff, 0xc0, 0xff, 0xc0, 0xff, 0xc0, 0xff, 0xc0, 0xff, 0xc0, 0xff, 0xc0, 0xff, 0xc0, 0xff, 0xc0, 0xff, 0xc0, 0xff, 0xbf, 0xff, 0xc0, 0xff, 0xbd, 0xff, 0xc0, 0xff, 0xbe, 0xff, 0xc0, 0xff, 0xc0, 0xff, 0xc3, 0xff, 0xc3, 0xfd, 0xc5, 0xff, 0xc8, 0xfb, 0xc9, 0xff, 0xca, 0xf3, 0xc9, 0xff, 0xbc, 0xdc, 0xba, 0xff, 0xa6, 0xbe, 0xa3, 0xff, 0xac, 0xbc, 0xa7, 0xff, 0xad, 0xbb, 0xa9, 0xff, 0xa6, 0xb7, 0xa2, 0xff, 0xaf, 0xc6, 0xac, 0xff, 0xc4, 0xe6, 0xc3, 0xff, 0xca, 0xf7, 0xcb, 0xff, 0xc2, 0xf9, 0xc4, 0xff, 0xc3, 0xff, 0xc5, 0xff, 0xc0, 0xfe, 0xc1, 0xff, 0xc0, 0xff, 0xc0, 0xff, 0xc0, 0xff, 0xc0, 0xff, 0xc0, 0xff, 0xc0, 0xff, 0xc0, 0xff, 0xc0, 0xff, 0xc0, 0xff, 0xc0, 0xff, 0xc0, 0xff, 0xc0, 0xff, 0xc0, 0xff, 0xc0, 0xff, 0xc0, 0xff, 0xc0, 0xff, 0xc0, 0xff, 0xc0, 0xff, 0xc0, 0xff, 0xc0, 0xff, 0xc0, 0xff, 0xc0, 0xff, 0xc0, 0xff, 0xc0, 0xff, 0xc0, 0xff, 0xc0, 0xff, 0xc0, 0xff, 0xc0, 0xff, 0xc0, 0xfe, 0xc1, 0xff, 0xc2, 0xfe, 0xc2, 0xff, 0xc2, 0xfe, 0xc2, 0xff, 0xc1, 0xfe, 0xc1, 0xff, 0xc0, 0xff, 0xbf, 0xff, 0xbf, 0xff, 0xbe, 0xff, 0xbd, 0xff, 0xbd, 0xff, 0xbc, 0xff, 0xbd, 0xff, 0xbc, 0xff, 0xbd, 0xff, 0xc0, 0xff, 0xc2, 0xff, 0xbb, 0xf9, 0xbd, 0xff, 0xc7, 0xfb, 0xc8, 0xff, 0xc1, 0xeb, 0xc2, 0xff, 0xac, 0xc9, 0xad, 0xff, 0xa5, 0xb7, 0xa6, 0xff, 0xac, 0xb4, 0xac, 0xff, 0xaf, 0xb9, 0xaf, 0xff, 0x9d, 0xb7, 0x9f, 0xff, 0xb1, 0xd6, 0xb5, 0xff, 0xc7, 0xf0, 0xca, 0xff, 0xcb, 0xf7, 0xce, 0xff, 
  0xc1, 0xff, 0xc5, 0xff, 0xbf, 0xfc, 0xc3, 0xff, 0xcc, 0xff, 0xce, 0xff, 0xce, 0xf7, 0xce, 0xff, 0xc6, 0xe2, 0xc3, 0xff, 0xbf, 0xd4, 0xba, 0xff, 0xb7, 0xc8, 0xb0, 0xff, 0xb3, 0xc6, 0xac, 0xff, 0xc2, 0xdb, 0xbc, 0xff, 0xca, 0xec, 0xc6, 0xff, 0xcf, 0xfb, 0xcd, 0xff, 0xc8, 0xfc, 0xc7, 0xff, 0xc1, 0xfc, 0xc2, 0xff, 0xbf, 0xff, 0xc2, 0xff, 0xbd, 0xff, 0xc2, 0xff, 0xba, 0xfd, 0xbf, 0xff, 0xbe, 0xff, 0xc1, 0xff, 0xc0, 0xff, 0xc0, 0xff, 0xc0, 0xff, 0xc0, 0xff, 0xc0, 0xff, 0xc0, 0xff, 0xc0, 0xff, 0xc0, 0xff, 0xc0, 0xff, 0xc0, 0xff, 0xc0, 0xff, 0xc0, 0xff, 0xc0, 0xff, 0xc0, 0xff, 0xc0, 0xff, 0xc0, 0xff, 0xc0, 0xff, 0xc0, 0xff, 0xc0, 0xff, 0xc0, 0xff, 0xc0, 0xff, 0xc0, 0xff, 0xc0, 0xff, 0xc0, 0xff, 0xc0, 0xff, 0xc0, 0xff, 0xc0, 0xff, 0xc0, 0xff, 0xbf, 0xff, 0xc1, 0xff, 0xbd, 0xff, 0xc1, 0xff, 0xbc, 0xfe, 0xc0, 0xff, 0xbd, 0xfe, 0xc0, 0xff, 0xc1, 0xfd, 0xc3, 0xff, 0xc7, 0xfc, 0xc6, 0xff, 0xce, 0xfc, 0xcb, 0xff, 0xcd, 0xf2, 0xc8, 0xff, 0xc3, 0xe0, 0xbd, 0xff, 0xb1, 0xc7, 0xaa, 0xff, 0xb6, 0xc9, 0xae, 0xff, 0xb9, 0xcf, 0xb3, 0xff, 0xc1, 0xde, 0xbe, 0xff, 0xce, 0xf4, 0xcd, 0xff, 0xcb, 0xfb, 0xcd, 0xff, 0xc1, 0xfb, 0xc4, 0xff, 0xbe, 0xfd, 0xc1, 0xff, 0xc0, 0xff, 0xc1, 0xff, 0xc0, 0xff, 0xc0, 0xff, 0xc0, 0xff, 0xc0, 0xff, 0xc0, 0xff, 0xc0, 0xff, 0xc0, 0xff, 0xc0, 0xff, 0xc0, 0xff, 0xc0, 0xff, 0xc0, 0xff, 0xc0, 0xff, 0xc0, 0xff, 0xc0, 0xff, 0xc0, 0xff, 0xc0, 0xff, 0xc0, 0xff, 0xc0, 0xff, 0xc0, 0xff, 0xc0, 0xff, 0xc0, 0xff, 0xc0, 0xff, 0xc0, 0xff, 0xc0, 0xff, 0xc0, 0xff, 0xc0, 0xff, 0xc0, 0xff, 0xc0, 0xff, 0xc1, 0xfe, 0xc1, 0xff, 0xc2, 0xfd, 0xc3, 0xff, 0xc3, 0xfd, 0xc3, 0xff, 0xc2, 0xfe, 0xc1, 0xff, 0xc1, 0xff, 0xc0, 0xff, 0xbf, 0xff, 0xbf, 0xff, 0xbe, 0xff, 0xbe, 0xff, 0xbc, 0xff, 0xbd, 0xff, 0xbb, 0xff, 0xbd, 0xff, 0xb8, 0xfd, 0xba, 0xff, 0xba, 0xfb, 0xbd, 0xff, 0xcb, 0xff, 0xce, 0xff, 0xd0, 0xff, 0xd2, 0xff, 0xc5, 0xe8, 0xc7, 0xff, 0xbc, 0xd5, 0xbd, 0xff, 0xb7, 0xc6, 0xb7, 0xff, 0xb2, 0xc4, 0xb3, 0xff, 0xb9, 0xda, 0xbb, 0xff, 0xc1, 0xec, 0xc4, 0xff, 0xca, 0xf8, 0xcd, 0xff, 0xc8, 0xf9, 0xcb, 0xff, 
  0xba, 0xff, 0xbf, 0xff, 0xb8, 0xf8, 0xbc, 0xff, 0xc2, 0xf8, 0xc3, 0xff, 0xcb, 0xf7, 0xcb, 0xff, 0xd7, 0xf8, 0xd3, 0xff, 0xda, 0xf4, 0xd3, 0xff, 0xd1, 0xe8, 0xc9, 0xff, 0xd0, 0xe9, 0xc8, 0xff, 0xd4, 0xf3, 0xcd, 0xff, 0xd2, 0xf9, 0xcc, 0xff, 0xca, 0xfb, 0xc8, 0xff, 0xc3, 0xfb, 0xc3, 0xff, 0xbe, 0xfc, 0xc0, 0xff, 0xbe, 0xff, 0xc2, 0xff, 0xbd, 0xff, 0xc3, 0xff, 0xbc, 0xff, 0xc1, 0xff, 0xbe, 0xff, 0xc1, 0xff, 0xc0, 0xff, 0xc0, 0xff, 0xc0, 0xff, 0xc0, 0xff, 0xc0, 0xff, 0xc0, 0xff, 0xc0, 0xff, 0xc0, 0xff, 0xc0, 0xff, 0xc0, 0xff, 0xc0, 0xff, 0xc0, 0xff, 0xc0, 0xff, 0xc0, 0xff, 0xc0, 0xff, 0xc0, 0xff, 0xc0, 0xff, 0xc0, 0xff, 0xc0, 0xff, 0xc0, 0xff, 0xc0, 0xff, 0xc0, 0xff, 0xc0, 0xff, 0xc0, 0xff, 0xc0, 0xff, 0xc0, 0xff, 0xc0, 0xff, 0xc0, 0xff, 0xbf, 0xff, 0xc1, 0xff, 0xbe, 0xff, 0xc3, 0xff, 0xbb, 0xfe, 0xc0, 0xff, 0xbd, 0xfe, 0xc0, 0xff, 0xbe, 0xfc, 0xbf, 0xff, 0xc1, 0xfa, 0xc0, 0xff, 0xca, 0xfc, 0xc6, 0xff, 0xd2, 0xfc, 0xcc, 0xff, 0xd4, 0xf7, 0xcc, 0xff, 0xd3, 0xee, 0xc9, 0xff, 0xd3, 0xec, 0xca, 0xff, 0xd4, 0xef, 0xcd, 0xff, 0xd5, 0xf6, 0xd1, 0xff, 0xcf, 0xf9, 0xce, 0xff, 0xc7, 0xfa, 0xc8, 0xff, 0xbf, 0xfb, 0xc2, 0xff, 0xba, 0xf9, 0xbd, 0xff, 0xbf, 0xff, 0xc1, 0xff, 0xc0, 0xff, 0xc0, 0xff, 0xc0, 0xff, 0xc0, 0xff, 0xc0, 0xff, 0xc0, 0xff, 0xc0, 0xff, 0xc0, 0xff, 0xc0, 0xff, 0xc0, 0xff, 0xc0, 0xff, 0xc0, 0xff, 0xc0, 0xff, 0xc0, 0xff, 0xc0, 0xff, 0xc0, 0xff, 0xc0, 0xff, 0xc0, 0xff, 0xc0, 0xff, 0xc0, 0xff, 0xc0, 0xff, 0xc0, 0xff, 0xc0, 0xff, 0xc0, 0xff, 0xc0, 0xff, 0xc0, 0xff, 0xc0, 0xff, 0xc0, 0xff, 0xc1, 0xfe, 0xc1, 0xff, 0xc2, 0xfd, 0xc3, 0xff, 0xc3, 0xfd, 0xc3, 0xff, 0xc2, 0xfe, 0xc2, 0xff, 0xc1, 0xfe, 0xc1, 0xff, 0xc0, 0xff, 0xbf, 0xff, 0xbe, 0xff, 0xbe, 0xff, 0xbd, 0xff, 0xbd, 0xff, 0xbc, 0xff, 0xbd, 0xff, 0xba, 0xff, 0xbd, 0xff, 0xb9, 0xfc, 0xbc, 0xff, 0xbf, 0xfb, 0xc2, 0xff, 0xc4, 0xf7, 0xc6, 0xff, 0xcb, 0xf4, 0xcd, 0xff, 0xcf, 0xef, 0xd0, 0xff, 0xcf, 0xe7, 0xcf, 0xff, 0xd3, 0xed, 0xd3, 0xff, 0xcf, 0xf6, 0xd0, 0xff, 0xca, 0xf9, 0xcb, 0xff, 0xc6, 0xfa, 0xc8, 0xff, 0xc4, 0xf9, 0xc6, 0xff, 
#endif
};

const lv_img_dsc_t icon31 = {
  .header.cf = LV_IMG_CF_TRUE_COLOR,
  .header.always_zero = 0,
  .header.reserved = 0,
  .header.w = 84,
  .header.h = 75,
  .data_size = 6300 * LV_COLOR_SIZE / 8,
  .data = icon31_map,
};


#endif