#include "TFT_Img.h"
#include "dbg_config.h"

#if(ENABLE_LVGL_USE == 0)
static const unsigned char gImage_icon9[8480] = { /* 0X00,0X10,0X50,0X00,0X35,0X00,0X01,0X1B, */
0XF8,0XC7,0XF8,0XC7,0XF8,0XC7,0XF8,0XC7,0XF8,0XC7,0XF8,0XC7,0XF8,0XC7,0XF8,0XC7,
0XF8,0XC7,0XF8,0XC7,0XF8,0XC7,0XF8,0XC7,0XF8,0XC7,0XF8,0XC7,0XF8,0XC7,0XF8,0XC7,
0XF8,0XC7,0XF7,0XC7,0XF7,0XBF,0XF7,0XBF,0XF7,0XBF,0XF8,0XC7,0XD8,0XC7,0XF8,0XC7,
0XF8,0XC7,0XF8,0XC7,0XF7,0XC7,0XF7,0XBF,0XF7,0XBF,0XF7,0XBF,0XF7,0XBF,0XF7,0XBF,
0XF8,0XBF,0XF8,0XBF,0XF8,0XC7,0XF7,0XC7,0XF7,0XC7,0XF7,0XBF,0XF7,0XBF,0XF8,0XBF,
0XF8,0XC7,0XB9,0XCF,0XB9,0XCF,0X9A,0XD7,0X9A,0XDF,0X9B,0XDF,0X9B,0XDF,0X9C,0XE7,
0X9C,0XE7,0X9C,0XE7,0X7C,0XE7,0X7C,0XE7,0X7B,0XE7,0X9B,0XDF,0XBA,0XD7,0XB9,0XCF,
0XB9,0XCF,0XD8,0XCF,0XF8,0XC7,0XF8,0XC7,0XF7,0XC7,0XF7,0XBF,0XF7,0XBF,0XF7,0XBF,
0XF8,0XC7,0XF8,0XC7,0XF8,0XC7,0XF8,0XC7,0XF8,0XC7,0XF7,0XC7,0XF7,0XBF,0XF7,0XBF,
0XF8,0XC7,0XF8,0XC7,0XF8,0XC7,0XF8,0XC7,0XF8,0XC7,0XF8,0XC7,0XF8,0XC7,0XF8,0XC7,
0XF8,0XC7,0XF8,0XC7,0XF8,0XC7,0XF8,0XC7,0XF8,0XC7,0XF8,0XC7,0XF8,0XC7,0XF8,0XC7,
0XF8,0XC7,0XF8,0XC7,0XF8,0XC7,0XF8,0XC7,0XF8,0XC7,0XF8,0XC7,0XF8,0XC7,0XF8,0XC7,
0XF8,0XC7,0XF8,0XC7,0XF7,0XC7,0XF7,0XC7,0XF8,0XC7,0XF8,0XC7,0XF8,0XC7,0XF8,0XC7,
0XF8,0XC7,0XF8,0XC7,0XF8,0XC7,0XF7,0XC7,0XF7,0XC7,0XF7,0XC7,0XF7,0XC7,0XF7,0XC7,
0XF8,0XBF,0XF8,0XC7,0XF8,0XC7,0XF7,0XC7,0XF7,0XC7,0XF8,0XC7,0XF8,0XC7,0XD8,0XC7,
0XB9,0XCF,0XBA,0XD7,0XBA,0XDF,0XBB,0XDF,0X9B,0XDF,0X9C,0XE7,0X9C,0XE7,0X9C,0XE7,
0X7C,0XE7,0X7C,0XE7,0X7C,0XE7,0X7C,0XE7,0X7C,0XE7,0X9B,0XDF,0XBB,0XDF,0XBB,0XDF,
0XBA,0XD7,0XD9,0XCF,0XD9,0XCF,0XD8,0XC7,0XF8,0XC7,0XF8,0XC7,0XF7,0XBF,0XF7,0XBF,
0XF8,0XBF,0XF8,0XC7,0XF8,0XC7,0XF8,0XC7,0XF8,0XC7,0XF7,0XC7,0XF7,0XC7,0XF7,0XBF,
0XF8,0XC7,0XF8,0XC7,0XF8,0XC7,0XF8,0XC7,0XF8,0XC7,0XF8,0XC7,0XF8,0XC7,0XF8,0XC7,
0XF8,0XC7,0XF8,0XC7,0XF8,0XC7,0XF8,0XC7,0XF8,0XC7,0XF8,0XC7,0XF8,0XC7,0XF8,0XC7,
0XF8,0XC7,0XF8,0XC7,0XF7,0XC7,0XF7,0XC7,0XF7,0XC7,0XF7,0XC7,0XF7,0XC7,0XF8,0XC7,
0XF8,0XC7,0XF8,0XC7,0XF8,0XC7,0XF8,0XC7,0XF8,0XC7,0XF8,0XC7,0XF7,0XBF,0XF7,0XBF,
0XF7,0XBF,0XF8,0XC7,0XF8,0XC7,0XF8,0XC7,0XF8,0XC7,0XF8,0XC7,0XF8,0XC7,0XF8,0XC7,
0XF7,0XC7,0XF7,0XC7,0XF7,0XBF,0XF8,0XBF,0XF8,0XC7,0XD8,0XC7,0XB9,0XCF,0XBA,0XD7,
0X9B,0XDF,0X9B,0XE7,0X9C,0XE7,0X9C,0XE7,0X9C,0XE7,0X7C,0XE7,0X7C,0XE7,0X7C,0XE7,
0X7D,0XE7,0X7D,0XE7,0X7C,0XE7,0X7C,0XE7,0X7C,0XE7,0X7C,0XE7,0X7C,0XE7,0X9C,0XE7,
0X9C,0XDF,0XBB,0XDF,0XBB,0XD7,0XB9,0XD7,0XD9,0XCF,0XF8,0XC7,0XF8,0XC7,0XF7,0XBF,
0XF7,0XBF,0XF7,0XBF,0XF7,0XC7,0XF8,0XC7,0XF8,0XC7,0XF7,0XC7,0XF7,0XC7,0XF7,0XC7,
0XF8,0XC7,0XF8,0XC7,0XF8,0XC7,0XF8,0XC7,0XF8,0XC7,0XF8,0XC7,0XF8,0XC7,0XF8,0XC7,
0XF8,0XC7,0XF8,0XC7,0XF8,0XC7,0XF8,0XC7,0XF8,0XC7,0XF8,0XC7,0XF8,0XC7,0XF8,0XC7,
0XF8,0XC7,0XF8,0XC7,0XF7,0XC7,0XF7,0XBF,0XF7,0XBF,0XF7,0XBF,0XF7,0XBF,0XF8,0XC7,
0XF8,0XC7,0XF8,0XC7,0XF8,0XC7,0XF8,0XC7,0XF8,0XC7,0XF7,0XBF,0XF7,0XBF,0XF7,0XBF,
0XF7,0XBF,0XF7,0XBF,0XF8,0XC7,0XF8,0XC7,0XF8,0XC7,0XF8,0XC7,0XF8,0XC7,0XF8,0XC7,
0XF7,0XC7,0XF7,0XC7,0XF7,0XBF,0XF8,0XBF,0XF9,0XC7,0XDA,0XCF,0XBB,0XDF,0X9C,0XE7,
0X7C,0XEF,0X7C,0XEF,0X7C,0XEF,0X7C,0XE7,0X7C,0XE7,0X7D,0XE7,0X7D,0XEF,0X7D,0XEF,
0X5D,0XEF,0X5D,0XE7,0X7D,0XE7,0X7C,0XE7,0X7C,0XE7,0X5D,0XE7,0X5D,0XEF,0X7D,0XEF,
0X7D,0XE7,0X7C,0XE7,0X9C,0XE7,0XBB,0XDF,0XBA,0XD7,0XD9,0XCF,0XD8,0XC7,0XF8,0XC7,
0XF7,0XBF,0XF7,0XBF,0XF7,0XBF,0XF7,0XC7,0XF8,0XC7,0XF8,0XC7,0XF8,0XC7,0XF8,0XC7,
0XF8,0XC7,0XF8,0XBF,0XF8,0XC7,0XF8,0XC7,0XF8,0XC7,0XF8,0XC7,0XF8,0XC7,0XF8,0XC7,
0XF8,0XC7,0XF8,0XC7,0XF8,0XC7,0XF8,0XC7,0XF8,0XC7,0XF8,0XC7,0XF8,0XC7,0XF8,0XC7,
0XF8,0XC7,0XF8,0XC7,0XF8,0XC7,0XF8,0XBF,0XF8,0XBF,0XF7,0XBF,0XF7,0XBF,0XF7,0XBF,
0XF7,0XBF,0XF7,0XBF,0XF7,0XC7,0XF8,0XC7,0XF8,0XC7,0XF7,0XBF,0XF7,0XBF,0XF7,0XC7,
0XF8,0XC7,0XF8,0XC7,0XF8,0XC7,0XF8,0XC7,0XF8,0XC7,0XF8,0XC7,0XF8,0XC7,0XF7,0XC7,
0XF7,0XC7,0XF7,0XC7,0XF8,0XC7,0XD9,0XCF,0XDA,0XD7,0XBB,0XDF,0X9C,0XE7,0X7C,0XE7,
0X5D,0XEF,0X5D,0XEF,0X5C,0XEF,0X7C,0XE7,0X7C,0XE7,0X7D,0XE7,0X7D,0XE7,0X5D,0XEF,
0X5D,0XEF,0X7D,0XE7,0X7C,0XE7,0X7C,0XE7,0X7C,0XE7,0X7D,0XE7,0X5D,0XEF,0X5D,0XEF,
0X5D,0XEF,0X5D,0XEF,0X7D,0XE7,0X9C,0XE7,0XBB,0XDF,0XBA,0XD7,0XB9,0XCF,0XD8,0XC7,
0XF7,0XC7,0XF7,0XBF,0XF7,0XBF,0XF7,0XBF,0XF7,0XC7,0XF8,0XC7,0XF8,0XC7,0XF8,0XC7,
0XF8,0XC7,0XF7,0XBF,0XF7,0XBF,0XF8,0XC7,0XF8,0XC7,0XF8,0XC7,0XF8,0XC7,0XF8,0XC7,
0XF8,0XC7,0XF8,0XC7,0XF8,0XC7,0XF8,0XC7,0XF8,0XC7,0XF8,0XC7,0XF8,0XC7,0XF8,0XC7,
0XF8,0XC7,0XF8,0XC7,0XF8,0XC7,0XF8,0XC7,0XF8,0XC7,0XF8,0XBF,0XF7,0XBF,0XF7,0XBF,
0XF7,0XBF,0XF7,0XBF,0XF7,0XBF,0XF7,0XBF,0XF7,0XC7,0XF8,0XC7,0XF8,0XC7,0XF8,0XC7,
0XF8,0XC7,0XF8,0XC7,0XF8,0XC7,0XF8,0XC7,0XF8,0XC7,0XF7,0XC7,0XF7,0XBF,0XF7,0XBF,
0XF8,0XBF,0XF8,0XC7,0XD9,0XCF,0XBA,0XDF,0X9B,0XDF,0X9C,0XE7,0X7C,0XE7,0X7D,0XE7,
0X7D,0XE7,0X5D,0XEF,0X7C,0XE7,0X7C,0XE7,0X7C,0XE7,0X7C,0XE7,0X7C,0XE7,0X7C,0XE7,
0X7D,0XE7,0X7C,0XE7,0X7C,0XE7,0X7C,0XE7,0X7C,0XE7,0X7C,0XE7,0X7C,0XE7,0X7D,0XE7,
0X5D,0XEF,0X5D,0XEF,0X5D,0XEF,0X7D,0XE7,0X9C,0XE7,0X9B,0XDF,0XBB,0XDF,0XBA,0XD7,
0XD8,0XC7,0XF7,0XC7,0XF7,0XC7,0XF7,0XC7,0XF7,0XC7,0XF8,0XC7,0XF8,0XC7,0XF8,0XC7,
0XF7,0XC7,0XF7,0XBF,0XF7,0XBF,0XF7,0XC7,0XF8,0XC7,0XF8,0XC7,0XF8,0XC7,0XF8,0XC7,
0XF8,0XC7,0XF8,0XC7,0XF8,0XC7,0XF8,0XC7,0XF8,0XC7,0XF8,0XC7,0XF8,0XC7,0XF8,0XC7,
0XF8,0XC7,0XF8,0XC7,0XF8,0XC7,0XF8,0XC7,0XF8,0XC7,0XF8,0XC7,0XF8,0XC7,0XF7,0XC7,
0XF7,0XBF,0XF7,0XBF,0XF7,0XC7,0XF7,0XC7,0XF8,0XC7,0XD9,0XCF,0XB9,0XCF,0XB9,0XCF,
0XB9,0XCF,0XD9,0XCF,0XD9,0XCF,0XD8,0XCF,0XD8,0XC7,0XF8,0XC7,0XF7,0XC7,0XF7,0XBF,
0XF8,0XBF,0XD9,0XCF,0XBA,0XD7,0X9B,0XE7,0X7C,0XEF,0X7C,0XEF,0X7D,0XE7,0X7D,0XE7,
0X7D,0XE7,0X7C,0XE7,0X7C,0XE7,0X7C,0XE7,0X7C,0XE7,0X7C,0XE7,0X7C,0XE7,0X7C,0XE7,
0X7C,0XE7,0X7C,0XE7,0X7C,0XE7,0X7C,0XE7,0X7C,0XE7,0X7C,0XE7,0X7C,0XE7,0X7C,0XE7,
0X7C,0XE7,0X5D,0XEF,0X5D,0XEF,0X7D,0XE7,0X7C,0XE7,0X7C,0XE7,0X9C,0XDF,0X9B,0XDF,
0XB9,0XCF,0XD8,0XC7,0XF7,0XC7,0XF7,0XC7,0XF7,0XC7,0XF7,0XC7,0XF8,0XC7,0XF8,0XC7,
0XF8,0XC7,0XF7,0XBF,0XF7,0XBF,0XF7,0XC7,0XF8,0XC7,0XF8,0XC7,0XF8,0XC7,0XF8,0XC7,
0XF8,0XC7,0XF8,0XC7,0XF8,0XC7,0XF8,0XC7,0XF8,0XC7,0XF8,0XC7,0XF8,0XC7,0XF8,0XC7,
0XF8,0XC7,0XF8,0XC7,0XF8,0XC7,0XF8,0XC7,0XF8,0XC7,0XF8,0XC7,0XF8,0XC7,0XF8,0XC7,
0XD8,0XC7,0XD8,0XC7,0XD8,0XC7,0XD9,0XCF,0XD9,0XCF,0XDA,0XD7,0XBB,0XDF,0XBB,0XDF,
0XBB,0XDF,0XDB,0XDF,0XDB,0XDF,0XBA,0XD7,0XD9,0XD7,0XD9,0XCF,0XD8,0XCF,0XD8,0XC7,
0XD9,0XC7,0XBA,0XD7,0X9B,0XDF,0X7C,0XEF,0X5C,0XEF,0X5D,0XEF,0X7D,0XE7,0X7D,0XE7,
0X9C,0XE7,0X9C,0XE7,0X7C,0XE7,0X7C,0XE7,0X7C,0XE7,0X7C,0XE7,0X7C,0XE7,0X7C,0XE7,
0X7C,0XE7,0X7C,0XE7,0X7C,0XE7,0X7C,0XE7,0X7C,0XE7,0X9C,0XE7,0X9C,0XE7,0X7C,0XE7,
0X7C,0XE7,0X7C,0XE7,0X7D,0XE7,0X5C,0XE7,0X5C,0XE7,0X7C,0XE7,0X7C,0XE7,0X7C,0XE7,
0X9B,0XDF,0XB9,0XD7,0XD8,0XCF,0XF7,0XC7,0XF7,0XBF,0XF7,0XC7,0XF8,0XC7,0XF8,0XC7,
0XF8,0XC7,0XF7,0XBF,0XF7,0XBF,0XF7,0XC7,0XF8,0XC7,0XF8,0XC7,0XF8,0XC7,0XF8,0XC7,
0XF8,0XC7,0XF8,0XC7,0XF8,0XC7,0XF8,0XC7,0XF8,0XC7,0XF8,0XC7,0XF8,0XC7,0XF8,0XC7,
0XF8,0XC7,0XF8,0XC7,0XF8,0XC7,0XF7,0XC7,0XF7,0XC7,0XF8,0XC7,0XF8,0XC7,0XF8,0XC7,
0XD8,0XCF,0XB9,0XCF,0XBA,0XD7,0XBB,0XDF,0XBB,0XDF,0X9C,0XE7,0X9C,0XE7,0X9C,0XE7,
0X9C,0XE7,0X9C,0XE7,0X9C,0XE7,0XBC,0XE7,0XBB,0XDF,0XBB,0XDF,0XBA,0XD7,0XBA,0XD7,
0X9A,0XD7,0X9B,0XDF,0X9C,0XE7,0X7C,0XEF,0X5C,0XEF,0X5D,0XEF,0X7D,0XE7,0X7D,0XE7,
0X9C,0XE7,0X9C,0XE7,0X7C,0XE7,0X7C,0XE7,0X7C,0XE7,0X7C,0XE7,0X7C,0XE7,0X7C,0XE7,
0X7C,0XE7,0X7C,0XE7,0X7C,0XE7,0X7C,0XE7,0X7C,0XE7,0X7C,0XE7,0X7C,0XE7,0X7C,0XE7,
0X7C,0XE7,0X7C,0XE7,0X7C,0XE7,0X7C,0XE7,0X5C,0XE7,0X5C,0XE7,0X5C,0XE7,0X7C,0XE7,
0X7C,0XE7,0X9B,0XDF,0XB9,0XCF,0XF8,0XC7,0XF7,0XBF,0XF7,0XC7,0XF8,0XC7,0XF8,0XC7,
0XF8,0XC7,0XF7,0XC7,0XF7,0XBF,0XF8,0XC7,0XF8,0XC7,0XF8,0XC7,0XF8,0XC7,0XF8,0XC7,
0XF8,0XC7,0XF8,0XC7,0XF8,0XC7,0XF8,0XC7,0XF8,0XC7,0XF8,0XC7,0XF8,0XC7,0XF8,0XC7,
0XF8,0XC7,0XF8,0XC7,0XF7,0XC7,0XF7,0XBF,0XF7,0XC7,0XF7,0XC7,0XF8,0XC7,0XD8,0XCF,
0XDA,0XD7,0XBB,0XDF,0X9C,0XE7,0X7D,0XE7,0X7D,0XEF,0X7D,0XEF,0X7C,0XE7,0X7D,0XE7,
0X7D,0XEF,0X7D,0XEF,0X7D,0XEF,0X7D,0XE7,0X7C,0XE7,0X7C,0XE7,0X9C,0XE7,0X9C,0XE7,
0X7B,0XE7,0X7C,0XE7,0X9C,0XE7,0X7C,0XE7,0X7C,0XE7,0X7C,0XE7,0X7C,0XEF,0X7D,0XEF,
0X7D,0XEF,0X7D,0XE7,0X7D,0XE7,0X7D,0XE7,0X7D,0XE7,0X7D,0XE7,0X7D,0XE7,0X5C,0XE7,
0X7D,0XE7,0X7D,0XE7,0X7D,0XE7,0X7D,0XE7,0X5D,0XEF,0X5D,0XEF,0X5D,0XEF,0X5C,0XEF,
0X5C,0XE7,0X7C,0XE7,0X7C,0XE7,0X7C,0XE7,0X7C,0XE7,0X5C,0XE7,0X5C,0XE7,0X5D,0XEF,
0X5C,0XE7,0X9B,0XDF,0XBA,0XD7,0XD8,0XC7,0XF7,0XBF,0XF7,0XBF,0XF8,0XC7,0XF8,0XC7,
0XF8,0XC7,0XF7,0XC7,0XF7,0XC7,0XF8,0XC7,0XF8,0XC7,0XF8,0XC7,0XF8,0XC7,0XF8,0XC7,
0XF8,0XC7,0XF8,0XC7,0XF8,0XC7,0XF8,0XC7,0XF8,0XC7,0XF8,0XC7,0XF8,0XC7,0XF8,0XC7,
0XF8,0XC7,0XF8,0XC7,0XF7,0XBF,0XF7,0XBF,0XF8,0XC7,0XD8,0XC7,0XB9,0XCF,0XBA,0XD7,
0XBB,0XDF,0X9C,0XE7,0X7C,0XE7,0X7D,0XEF,0X7D,0XEF,0X7D,0XEF,0X7C,0XE7,0X7C,0XEF,
0X5D,0XEF,0X5D,0XEF,0X5D,0XEF,0X5D,0XEF,0X5D,0XEF,0X7D,0XE7,0X7C,0XE7,0X7C,0XE7,
0X7C,0XEF,0X7C,0XEF,0X7C,0XE7,0X7C,0XE7,0X7C,0XE7,0X7C,0XE7,0X7C,0XEF,0X7D,0XEF,
0X5C,0XEF,0X5C,0XEF,0X7C,0XE7,0X7C,0XE7,0X7C,0XE7,0X7C,0XE7,0X7C,0XE7,0X5C,0XE7,
0X7C,0XE7,0X7C,0XE7,0X7C,0XE7,0X7C,0XE7,0X5D,0XEF,0X5D,0XEF,0X5D,0XEF,0X5C,0XEF,
0X5C,0XE7,0X5C,0XE7,0X5C,0XE7,0X5C,0XE7,0X5C,0XE7,0X5C,0XE7,0X5C,0XE7,0X5C,0XEF,
0X5D,0XE7,0X7C,0XE7,0X9A,0XDF,0XD9,0XCF,0XF8,0XC7,0XF8,0XBF,0XF8,0XBF,0XF8,0XC7,
0XF8,0XC7,0XF8,0XC7,0XF7,0XBF,0XF8,0XC7,0XF8,0XC7,0XF8,0XC7,0XF8,0XC7,0XF8,0XC7,
0XF8,0XC7,0XF8,0XC7,0XF8,0XC7,0XF8,0XC7,0XF8,0XC7,0XF8,0XC7,0XF8,0XC7,0XF8,0XC7,
0XF8,0XC7,0XF8,0XC7,0XF7,0XBF,0XF7,0XBF,0XF8,0XC7,0XB9,0XCF,0X9B,0XDF,0X7C,0XE7,
0X7C,0XE7,0X7C,0XE7,0X7C,0XE7,0X7C,0XE7,0X7C,0XEF,0X7C,0XE7,0X7C,0XE7,0X7C,0XE7,
0X7C,0XE7,0X7C,0XE7,0X7C,0XE7,0X7C,0XE7,0X7C,0XE7,0X7C,0XE7,0X7C,0XE7,0X7C,0XE7,
0X7C,0XE7,0X7C,0XE7,0X7C,0XE7,0X7C,0XE7,0X7C,0XE7,0X7C,0XE7,0X7C,0XE7,0X7C,0XE7,
0X7C,0XE7,0X7C,0XE7,0X7C,0XE7,0X7C,0XE7,0X7C,0XE7,0X7C,0XE7,0X7C,0XE7,0X7C,0XE7,
0X7C,0XE7,0X7C,0XE7,0X7C,0XE7,0X7C,0XE7,0X7C,0XE7,0X5C,0XE7,0X5C,0XE7,0X5C,0XE7,
0X5C,0XE7,0X5C,0XE7,0X5C,0XE7,0X5C,0XE7,0X5C,0XE7,0X5C,0XE7,0X5C,0XE7,0X5C,0XE7,
0X5D,0XE7,0X7C,0XE7,0X7B,0XDF,0X9A,0XD7,0XD8,0XCF,0XF8,0XC7,0XF7,0XBF,0XF7,0XC7,
0XF7,0XC7,0XF7,0XBF,0XF8,0XBF,0XF8,0XC7,0XF8,0XC7,0XF8,0XC7,0XF8,0XC7,0XF8,0XC7,
0XF8,0XC7,0XF8,0XC7,0XF8,0XC7,0XF8,0XC7,0XF8,0XC7,0XF8,0XC7,0XF8,0XC7,0XF8,0XC7,
0XF8,0XC7,0XF8,0XC7,0XF8,0XBF,0XF8,0XBF,0XD8,0XC7,0XBA,0XD7,0X9B,0XDF,0X7C,0XE7,
0X7C,0XE7,0X7C,0XE7,0X7C,0XE7,0X7C,0XE7,0X7C,0XE7,0X7C,0XE7,0X7C,0XE7,0X7C,0XE7,
0X7C,0XE7,0X7C,0XE7,0X7C,0XE7,0X7C,0XE7,0X7C,0XE7,0X7C,0XE7,0X7C,0XE7,0X7C,0XE7,
0X7C,0XE7,0X7C,0XE7,0X7C,0XE7,0X7C,0XE7,0X7C,0XE7,0X7C,0XE7,0X7C,0XE7,0X7C,0XE7,
0X7C,0XE7,0X7C,0XE7,0X7C,0XE7,0X7C,0XE7,0X7C,0XE7,0X7C,0XE7,0X7C,0XE7,0X7C,0XE7,
0X7C,0XE7,0X7C,0XE7,0X7C,0XE7,0X7C,0XE7,0X7C,0XE7,0X5C,0XE7,0X5C,0XE7,0X5C,0XE7,
0X5C,0XE7,0X5C,0XE7,0X5C,0XE7,0X5C,0XE7,0X5C,0XE7,0X5C,0XE7,0X5C,0XE7,0X5C,0XE7,
0X5D,0XE7,0X5C,0XE7,0X7B,0XE7,0X9A,0XD7,0XD9,0XCF,0XF8,0XC7,0XF7,0XBF,0XF7,0XC7,
0XF7,0XC7,0XF8,0XBF,0XF8,0XBF,0XF8,0XC7,0XF8,0XC7,0XF8,0XC7,0XF8,0XC7,0XF8,0XC7,
0XF8,0XC7,0XF8,0XC7,0XF8,0XC7,0XF8,0XC7,0XF8,0XC7,0XF8,0XC7,0XF8,0XC7,0XF8,0XC7,
0XF8,0XC7,0XF8,0XC7,0XF8,0XC7,0XF8,0XC7,0XD9,0XCF,0XBB,0XDF,0X9C,0XE7,0X7C,0XE7,
0X7C,0XE7,0X7C,0XE7,0X7C,0XE7,0X7C,0XE7,0X7C,0XE7,0X7C,0XE7,0X7C,0XE7,0X7C,0XE7,
0X7C,0XE7,0X7C,0XE7,0X7C,0XE7,0X7C,0XE7,0X7C,0XE7,0X7C,0XE7,0X7C,0XE7,0X7C,0XE7,
0X7C,0XE7,0X7C,0XE7,0X7C,0XE7,0X7C,0XE7,0X7C,0XE7,0X7C,0XE7,0X7C,0XE7,0X7C,0XE7,
0X7C,0XE7,0X7C,0XE7,0X7C,0XE7,0X7C,0XE7,0X7C,0XE7,0X7C,0XE7,0X7C,0XE7,0X7C,0XE7,
0X7C,0XE7,0X7C,0XE7,0X7C,0XE7,0X5C,0XE7,0X5C,0XE7,0X5C,0XE7,0X5C,0XE7,0X5C,0XE7,
0X5C,0XE7,0X5C,0XE7,0X5C,0XE7,0X5C,0XE7,0X5C,0XE7,0X5C,0XE7,0X5C,0XE7,0X5C,0XE7,
0X5C,0XE7,0X5C,0XE7,0X7C,0XE7,0X9B,0XDF,0XB9,0XCF,0XF8,0XC7,0XF7,0XC7,0XF7,0XC7,
0XF8,0XC7,0XF8,0XBF,0XF8,0XBF,0XF8,0XC7,0XF8,0XC7,0XF8,0XC7,0XF8,0XC7,0XF8,0XC7,
0XF8,0XC7,0XF8,0XC7,0XF8,0XC7,0XF8,0XC7,0XF8,0XC7,0XF8,0XC7,0XF8,0XC7,0XF8,0XC7,
0XF8,0XC7,0XF8,0XC7,0XF8,0XC7,0XD9,0XCF,0XDA,0XD7,0XBB,0XDF,0X9C,0XE7,0X7C,0XE7,
0X7C,0XE7,0X7C,0XE7,0X7C,0XE7,0X7C,0XE7,0X7C,0XE7,0X7C,0XE7,0X7C,0XE7,0X7C,0XE7,
0X7C,0XE7,0X7C,0XE7,0X7C,0XE7,0X7C,0XE7,0X7C,0XE7,0X7C,0XE7,0X7C,0XE7,0X7C,0XE7,
0X7C,0XE7,0X7C,0XE7,0X7C,0XE7,0X7C,0XE7,0X7C,0XE7,0X7C,0XE7,0X7C,0XE7,0X7C,0XE7,
0X7C,0XE7,0X7C,0XE7,0X7C,0XE7,0X7C,0XE7,0X7C,0XE7,0X7C,0XE7,0X7C,0XE7,0X7C,0XE7,
0X7C,0XE7,0X7C,0XE7,0X5C,0XE7,0X5C,0XE7,0X5C,0XE7,0X5C,0XE7,0X5C,0XE7,0X5C,0XE7,
0X5C,0XE7,0X5C,0XE7,0X5C,0XE7,0X5C,0XE7,0X5C,0XE7,0X5C,0XE7,0X5C,0XE7,0X5C,0XE7,
0X5C,0XE7,0X5C,0XE7,0X5C,0XE7,0X7B,0XDF,0XBA,0XD7,0XD8,0XC7,0XF8,0XC7,0XF7,0XC7,
0XF8,0XC7,0XF8,0XC7,0XF8,0XBF,0XF8,0XC7,0XF8,0XC7,0XF8,0XC7,0XF8,0XC7,0XF8,0XC7,
0XF8,0XC7,0XF8,0XC7,0XF8,0XC7,0XF8,0XC7,0XF8,0XC7,0XF8,0XC7,0XF8,0XC7,0XF8,0XC7,
0XF8,0XC7,0XF8,0XC7,0XD8,0XC7,0XB9,0XCF,0XBB,0XDF,0X9C,0XE7,0X7C,0XE7,0X7D,0XEF,
0X7D,0XEF,0X7C,0XE7,0X7C,0XE7,0X7C,0XE7,0X7C,0XEF,0X7C,0XE7,0X7C,0XE7,0X7C,0XE7,
0X7C,0XE7,0X7C,0XE7,0X7C,0XE7,0X7C,0XE7,0X7C,0XE7,0X7C,0XE7,0X7C,0XE7,0X7C,0XE7,
0X7C,0XE7,0X7C,0XE7,0X7C,0XE7,0X7C,0XE7,0X7C,0XE7,0X7C,0XE7,0X7C,0XE7,0X7C,0XE7,
0X7C,0XE7,0X7C,0XE7,0X7C,0XE7,0X5C,0XE7,0X5C,0XE7,0X5C,0XE7,0X5C,0XE7,0X5C,0XE7,
0X5C,0XE7,0X5C,0XE7,0X5C,0XE7,0X5C,0XE7,0X5C,0XE7,0X5C,0XE7,0X5C,0XE7,0X5C,0XE7,
0X5C,0XE7,0X5C,0XE7,0X5C,0XE7,0X5C,0XE7,0X5C,0XE7,0X5C,0XE7,0X5C,0XE7,0X5C,0XE7,
0X5C,0XE7,0X5C,0XE7,0X5C,0XE7,0X7B,0XE7,0X9A,0XD7,0XD9,0XC7,0XF8,0XC7,0XF7,0XC7,
0XF7,0XC7,0XF8,0XC7,0XF8,0XBF,0XF8,0XC7,0XF8,0XC7,0XF8,0XC7,0XF8,0XC7,0XF8,0XC7,
0XF8,0XC7,0XF8,0XC7,0XF8,0XC7,0XF8,0XC7,0XF8,0XC7,0XF8,0XC7,0XF8,0XC7,0XF8,0XC7,
0XF8,0XC7,0XF8,0XC7,0XD8,0XC7,0XBA,0XD7,0XBB,0XDF,0X9C,0XE7,0X7C,0XEF,0X5D,0XEF,
0X7D,0XE7,0X7C,0XE7,0X7C,0XE7,0X7C,0XE7,0X7C,0XE7,0X7C,0XE7,0X7C,0XE7,0X7C,0XE7,
0X7C,0XE7,0X7C,0XE7,0X7C,0XE7,0X7C,0XE7,0X7C,0XE7,0X7C,0XE7,0X7C,0XE7,0X7C,0XE7,
0X5C,0XE7,0X5C,0XE7,0X5C,0XE7,0X5C,0XE7,0X5C,0XE7,0X5C,0XE7,0X5C,0XE7,0X5C,0XE7,
0X5C,0XE7,0X5C,0XE7,0X5C,0XE7,0X5C,0XE7,0X5C,0XE7,0X5C,0XE7,0X5C,0XE7,0X5C,0XE7,
0X5C,0XE7,0X5C,0XE7,0X5C,0XE7,0X5C,0XE7,0X5C,0XE7,0X5C,0XE7,0X5C,0XE7,0X5C,0XE7,
0X5C,0XE7,0X5C,0XE7,0X5C,0XE7,0X5C,0XE7,0X5C,0XE7,0X5C,0XE7,0X5C,0XE7,0X5C,0XE7,
0X5C,0XE7,0X3C,0XE7,0X5C,0XEF,0X5C,0XE7,0X9A,0XD7,0XD9,0XCF,0XF8,0XC7,0XF7,0XC7,
0XF7,0XC7,0XF8,0XC7,0XF8,0XBF,0XF8,0XC7,0XF8,0XC7,0XF8,0XC7,0XF8,0XC7,0XF8,0XC7,
0XF8,0XC7,0XF8,0XC7,0XF8,0XC7,0XF8,0XC7,0XF8,0XC7,0XF8,0XC7,0XF8,0XC7,0XF8,0XC7,
0XF8,0XC7,0XF8,0XC7,0XD9,0XC7,0XBA,0XD7,0X9B,0XDF,0X7C,0XE7,0X5C,0XEF,0X5D,0XEF,
0X5D,0XEF,0X7C,0XE7,0X7C,0XE7,0X7C,0XE7,0X7C,0XE7,0X7C,0XE7,0X7C,0XE7,0X7C,0XE7,
0X7C,0XE7,0X7C,0XE7,0X7C,0XE7,0X7C,0XE7,0X7C,0XE7,0X7C,0XE7,0X7C,0XE7,0X7C,0XE7,
0X5C,0XE7,0X5C,0XE7,0X5C,0XE7,0X5C,0XE7,0X5C,0XE7,0X5C,0XE7,0X5C,0XE7,0X5C,0XE7,
0X5C,0XE7,0X5C,0XE7,0X5C,0XE7,0X5C,0XE7,0X5C,0XE7,0X5C,0XE7,0X5C,0XE7,0X5C,0XE7,
0X5C,0XE7,0X5C,0XE7,0X5C,0XE7,0X5C,0XE7,0X5C,0XE7,0X5C,0XE7,0X5C,0XE7,0X5C,0XE7,
0X5C,0XE7,0X5C,0XE7,0X5C,0XE7,0X5C,0XE7,0X5C,0XE7,0X5C,0XE7,0X5C,0XE7,0X5C,0XE7,
0X5C,0XE7,0X3C,0XE7,0X3C,0XEF,0X5C,0XE7,0X9B,0XDF,0XD9,0XCF,0XF8,0XC7,0XF7,0XC7,
0XF7,0XC7,0XF8,0XC7,0XF8,0XBF,0XF8,0XC7,0XF8,0XC7,0XF8,0XC7,0XF8,0XC7,0XF8,0XC7,
0XF8,0XC7,0XF8,0XC7,0XF8,0XC7,0XF8,0XC7,0XF8,0XC7,0XF8,0XC7,0XF8,0XC7,0XF8,0XC7,
0XF8,0XC7,0XF8,0XC7,0XD9,0XCF,0XBB,0XDF,0X9C,0XE7,0X7C,0XE7,0X5C,0XEF,0X5D,0XEF,
0X7D,0XE7,0X7C,0XE7,0X7C,0XE7,0X7C,0XE7,0X5C,0XEF,0X7C,0XE7,0X7C,0XE7,0X7C,0XE7,
0X7C,0XE7,0X7C,0XE7,0X7C,0XE7,0X7C,0XE7,0X7C,0XE7,0X7C,0XE7,0X7C,0XE7,0X7C,0XE7,
0X5C,0XE7,0X5C,0XE7,0X5C,0XE7,0X5C,0XE7,0X5C,0XE7,0X5C,0XE7,0X5C,0XE7,0X5C,0XE7,
0X5C,0XE7,0X5C,0XE7,0X5C,0XE7,0X5C,0XE7,0X5C,0XE7,0X5C,0XE7,0X5C,0XE7,0X5C,0XE7,
0X5C,0XE7,0X5C,0XE7,0X5C,0XE7,0X5C,0XE7,0X5C,0XE7,0X5C,0XE7,0X5C,0XE7,0X5C,0XE7,
0X5C,0XE7,0X5C,0XE7,0X5C,0XE7,0X5C,0XE7,0X5C,0XE7,0X5C,0XE7,0X3C,0XE7,0X5C,0XE7,
0X5C,0XE7,0X3C,0XE7,0X3C,0XEF,0X5C,0XE7,0X9B,0XDF,0XD9,0XCF,0XF8,0XC7,0XF7,0XC7,
0XF7,0XC7,0XF8,0XBF,0XF8,0XBF,0XF8,0XC7,0XF8,0XC7,0XF8,0XC7,0XF8,0XC7,0XF8,0XC7,
0XF8,0XC7,0XF8,0XC7,0XF8,0XC7,0XF8,0XC7,0XF8,0XC7,0XF8,0XC7,0XF8,0XC7,0XF8,0XC7,
0XF8,0XC7,0XF8,0XC7,0XD9,0XCF,0X9B,0XDF,0X9C,0XE7,0X7C,0XE7,0X5C,0XEF,0X5D,0XEF,
0X7D,0XE7,0X7C,0XE7,0X7C,0XE7,0X7C,0XE7,0X5C,0XEF,0X5C,0XE7,0X7C,0XE7,0X7C,0XE7,
0X7C,0XE7,0X7C,0XE7,0X7C,0XE7,0X7C,0XE7,0X7C,0XE7,0X7C,0XE7,0X7C,0XE7,0X7C,0XE7,
0X5C,0XE7,0X5C,0XE7,0X5C,0XE7,0X5C,0XE7,0X5C,0XE7,0X5C,0XE7,0X5C,0XE7,0X5C,0XE7,
0X5C,0XE7,0X5C,0XE7,0X5C,0XE7,0X5C,0XE7,0X5C,0XE7,0X5C,0XE7,0X5C,0XE7,0X5C,0XE7,
0X5C,0XE7,0X5C,0XE7,0X5C,0XE7,0X5C,0XE7,0X5C,0XE7,0X5C,0XE7,0X5C,0XE7,0X5C,0XE7,
0X5C,0XE7,0X5C,0XE7,0X5C,0XE7,0X5C,0XE7,0X5C,0XE7,0X3C,0XE7,0X3C,0XE7,0X5C,0XE7,
0X5C,0XE7,0X3C,0XE7,0X3C,0XEF,0X3C,0XE7,0X7B,0XDF,0XB9,0XCF,0XF8,0XC7,0XF7,0XBF,
0XF7,0XC7,0XF8,0XBF,0XF8,0XBF,0XF8,0XC7,0XF8,0XC7,0XF8,0XC7,0XF8,0XC7,0XF8,0XC7,
0XF8,0XC7,0XF8,0XC7,0XF8,0XC7,0XF8,0XC7,0XF8,0XC7,0XF8,0XC7,0XF8,0XC7,0XF8,0XC7,
0XF8,0XC7,0XF8,0XC7,0XD9,0XCF,0X9B,0XDF,0X9C,0XE7,0X7C,0XE7,0X5C,0XEF,0X5D,0XEF,
0X5C,0XE7,0X7C,0XE7,0X7C,0XE7,0X5C,0XE7,0X5C,0XEF,0X5C,0XE7,0X7C,0XE7,0X7C,0XE7,
0X7C,0XE7,0X7C,0XE7,0X7C,0XE7,0X5C,0XE7,0X5C,0XE7,0X5C,0XE7,0X5C,0XE7,0X5C,0XE7,
0X5C,0XE7,0X5C,0XE7,0X5C,0XE7,0X5C,0XE7,0X5C,0XE7,0X5C,0XE7,0X5C,0XE7,0X5C,0XE7,
0X5C,0XE7,0X5C,0XE7,0X5C,0XE7,0X5C,0XE7,0X5C,0XE7,0X5C,0XE7,0X5C,0XE7,0X5C,0XE7,
0X5C,0XE7,0X5C,0XE7,0X5C,0XE7,0X5C,0XE7,0X5C,0XE7,0X5C,0XE7,0X5C,0XE7,0X5C,0XE7,
0X5C,0XE7,0X5C,0XE7,0X5C,0XE7,0X5C,0XE7,0X5C,0XE7,0X5C,0XE7,0X5C,0XE7,0X5C,0XE7,
0X7C,0XE7,0X5C,0XE7,0X3D,0XEF,0X3C,0XE7,0X7B,0XDF,0XB9,0XCF,0XF8,0XC7,0XF7,0XC7,
0XF7,0XC7,0XF8,0XBF,0XF8,0XBF,0XF8,0XC7,0XF8,0XC7,0XF8,0XC7,0XF8,0XC7,0XF8,0XC7,
0XF7,0XBF,0XF7,0XBF,0XF7,0XC7,0XF8,0XC7,0XF8,0XC7,0XF8,0XC7,0XF8,0XBF,0XF8,0XBF,
0XF8,0XC7,0XD8,0XC7,0XB9,0XCF,0X7B,0XDF,0X7C,0XE7,0X7C,0XE7,0X7C,0XE7,0X5C,0XE7,
0X7C,0XE7,0X7C,0XE7,0X7C,0XE7,0X5C,0XE7,0X5C,0XE7,0X5C,0XE7,0X5C,0XE7,0X5C,0XE7,
0X5C,0XE7,0X5C,0XE7,0X5C,0XE7,0X5C,0XE7,0X5C,0XE7,0X5C,0XE7,0X5C,0XE7,0X5C,0XE7,
0X5C,0XE7,0X5C,0XE7,0X5C,0XE7,0X5C,0XE7,0X5C,0XE7,0X5C,0XE7,0X5C,0XE7,0X5C,0XE7,
0X5C,0XE7,0X5C,0XE7,0X5C,0XE7,0X5C,0XE7,0X5C,0XE7,0X5C,0XE7,0X5C,0XE7,0X5C,0XE7,
0X5C,0XE7,0X5C,0XE7,0X5C,0XE7,0X5C,0XE7,0X5C,0XE7,0X3C,0XE7,0X5C,0XE7,0X5C,0XE7,
0X3C,0XE7,0X3C,0XE7,0X5C,0XE7,0X5D,0XEF,0X7D,0XEF,0X9E,0XF7,0XBE,0XF7,0XBE,0XF7,
0X9E,0XF7,0XBE,0XF7,0XBE,0XF7,0X9D,0XEF,0X7C,0XE7,0X9A,0XD7,0XB9,0XCF,0XD8,0XC7,
0XF8,0XC7,0XF7,0XBF,0XF7,0XBF,0XF7,0XBF,0XF7,0XC7,0XF7,0XC7,0XF8,0XC7,0XD8,0XC7,
0XF7,0XBF,0XF7,0XBF,0XF7,0XC7,0XF7,0XC7,0XF7,0XC7,0XF8,0XC7,0XF8,0XBF,0XF8,0XBF,
0XD8,0XC7,0XD9,0XCF,0XBA,0XD7,0X7C,0XDF,0X7C,0XE7,0X7C,0XE7,0X7C,0XE7,0X7C,0XE7,
0X5C,0XE7,0X5C,0XE7,0X5C,0XE7,0X5C,0XE7,0X5C,0XE7,0X5C,0XE7,0X5C,0XE7,0X5C,0XE7,
0X5C,0XE7,0X5C,0XE7,0X5C,0XE7,0X5C,0XE7,0X5C,0XE7,0X5C,0XE7,0X5C,0XE7,0X5C,0XE7,
0X5C,0XE7,0X5C,0XE7,0X5C,0XE7,0X5C,0XE7,0X5C,0XE7,0X5C,0XE7,0X5C,0XE7,0X5C,0XE7,
0X5C,0XE7,0X5C,0XE7,0X5C,0XE7,0X5C,0XE7,0X5C,0XE7,0X5C,0XE7,0X5C,0XE7,0X5C,0XE7,
0X5C,0XE7,0X5C,0XE7,0X5C,0XE7,0X5C,0XE7,0X5C,0XE7,0X5C,0XE7,0X3C,0XE7,0X3C,0XE7,
0X5D,0XE7,0X7D,0XEF,0X9E,0XF7,0XBE,0XF7,0XBE,0XF7,0XBE,0XF7,0XBE,0XF7,0XBE,0XF7,
0XBE,0XF7,0X9E,0XF7,0X9E,0XF7,0XBE,0XF7,0XBD,0XF7,0XDD,0XEF,0XDB,0XE7,0XDA,0XD7,
0XD9,0XCF,0XF8,0XC7,0XF8,0XBF,0XF7,0XBF,0XF7,0XBF,0XF7,0XC7,0XF8,0XC7,0XF8,0XC7,
0XF8,0XC7,0XF8,0XC7,0XF7,0XC7,0XF7,0XBF,0XF7,0XBF,0XF7,0XC7,0XF8,0XC7,0XD9,0XCF,
0XBA,0XCF,0XBA,0XD7,0X9B,0XDF,0X7C,0XE7,0X7C,0XE7,0X7C,0XE7,0X7C,0XE7,0X7C,0XE7,
0X5C,0XE7,0X5C,0XE7,0X5C,0XE7,0X5C,0XE7,0X5C,0XE7,0X5C,0XE7,0X5C,0XE7,0X5C,0XE7,
0X5C,0XE7,0X5C,0XE7,0X5C,0XE7,0X5C,0XE7,0X5C,0XE7,0X5C,0XE7,0X5C,0XE7,0X5C,0XE7,
0X5C,0XE7,0X5C,0XE7,0X5C,0XE7,0X5C,0XE7,0X5C,0XE7,0X5C,0XE7,0X5C,0XE7,0X5C,0XE7,
0X5C,0XE7,0X5C,0XE7,0X5C,0XE7,0X5C,0XE7,0X5C,0XE7,0X5C,0XE7,0X5C,0XE7,0X5C,0XE7,
0X5C,0XE7,0X5C,0XE7,0X5C,0XE7,0X5C,0XE7,0X5C,0XE7,0X3C,0XE7,0X5D,0XE7,0X7D,0XEF,
0X9E,0XF7,0XBE,0XF7,0XBE,0XF7,0X9E,0XF7,0X9E,0XF7,0X9E,0XF7,0X9E,0XF7,0X9E,0XF7,
0XBE,0XF7,0X9E,0XF7,0XBE,0XF7,0X9E,0XF7,0X9D,0XF7,0XBD,0XF7,0XDD,0XEF,0XDC,0XE7,
0XDB,0XDF,0XBA,0XD7,0XD9,0XCF,0XF8,0XC7,0XF8,0XC7,0XF8,0XC7,0XF8,0XC7,0XF7,0XC7,
0XF8,0XC7,0XF8,0XC7,0XF7,0XBF,0XF7,0XBF,0XF7,0XBF,0XF8,0XC7,0XD9,0XCF,0XBA,0XD7,
0X9B,0XDF,0X7C,0XE7,0X7C,0XE7,0X7C,0XE7,0X7C,0XE7,0X7C,0XE7,0X7C,0XE7,0X5C,0XE7,
0X5C,0XEF,0X5C,0XEF,0X5C,0XE7,0X5C,0XE7,0X5C,0XE7,0X5C,0XE7,0X5C,0XE7,0X5C,0XE7,
0X5C,0XE7,0X5C,0XE7,0X5C,0XE7,0X5C,0XE7,0X5C,0XE7,0X5C,0XE7,0X5C,0XE7,0X5C,0XE7,
0X5C,0XE7,0X5C,0XE7,0X5C,0XE7,0X5C,0XE7,0X5C,0XE7,0X5C,0XE7,0X5C,0XE7,0X5C,0XE7,
0X5C,0XE7,0X5C,0XE7,0X5C,0XE7,0X5C,0XE7,0X5C,0XE7,0X5C,0XE7,0X5C,0XE7,0X5C,0XE7,
0X3C,0XE7,0X5C,0XE7,0X5C,0XE7,0X3C,0XE7,0X5C,0XE7,0X5D,0XEF,0X9D,0XEF,0XBE,0XF7,
0X9E,0XF7,0X9E,0XF7,0X9E,0XF7,0X9E,0XF7,0X9E,0XF7,0X9E,0XF7,0X9E,0XF7,0XBE,0XF7,
0X9E,0XF7,0XBE,0XF7,0X9E,0XF7,0X9E,0XF7,0X9E,0XF7,0X9E,0XF7,0X9E,0XF7,0XBE,0XEF,
0XDD,0XEF,0XBC,0XE7,0X9B,0XD7,0XD9,0XCF,0XD8,0XC7,0XF8,0XC7,0XF8,0XBF,0XF7,0XBF,
0XF7,0XC7,0XF7,0XC7,0XF7,0XBF,0XF8,0XBF,0XF8,0XC7,0XD9,0XCF,0X9A,0XDF,0X7B,0XE7,
0X7C,0XE7,0X5C,0XE7,0X5D,0XE7,0X7C,0XE7,0X5C,0XE7,0X5C,0XE7,0X5C,0XE7,0X5C,0XEF,
0X5C,0XE7,0X5C,0XE7,0X5C,0XE7,0X5C,0XE7,0X5C,0XE7,0X5C,0XE7,0X5C,0XE7,0X5C,0XE7,
0X5C,0XE7,0X5C,0XE7,0X5C,0XE7,0X5C,0XE7,0X5C,0XE7,0X5C,0XE7,0X5C,0XE7,0X5C,0XE7,
0X5C,0XE7,0X5C,0XE7,0X5C,0XE7,0X5C,0XE7,0X5C,0XE7,0X5C,0XE7,0X5C,0XE7,0X5C,0XE7,
0X5C,0XE7,0X5C,0XE7,0X5C,0XE7,0X5C,0XE7,0X5C,0XE7,0X5C,0XE7,0X5C,0XE7,0X5C,0XE7,
0X5C,0XE7,0X5C,0XE7,0X5C,0XE7,0X5C,0XE7,0X5C,0XE7,0X9D,0XEF,0X9E,0XF7,0X9E,0XF7,
0X9E,0XEF,0X9E,0XF7,0X9E,0XF7,0X9E,0XF7,0X9E,0XF7,0X9E,0XF7,0X9E,0XF7,0X9E,0XF7,
0XBE,0XF7,0X9D,0XF7,0X9D,0XF7,0X7E,0XF7,0X7E,0XF7,0X7E,0XF7,0X7E,0XF7,0X9E,0XF7,
0X9E,0XF7,0X9E,0XF7,0XBD,0XE7,0XBA,0XD7,0XB9,0XCF,0XF8,0XC7,0XF8,0XBF,0XF7,0XBF,
0XF7,0XC7,0XF7,0XBF,0XF8,0XBF,0XF8,0XC7,0XDA,0XCF,0X9B,0XDF,0X7B,0XE7,0X5C,0XEF,
0X5C,0XEF,0X5D,0XE7,0X5C,0XE7,0X5C,0XE7,0X5C,0XE7,0X5C,0XE7,0X5C,0XE7,0X5C,0XE7,
0X5C,0XE7,0X5C,0XE7,0X5C,0XE7,0X5C,0XE7,0X5C,0XE7,0X5C,0XE7,0X5C,0XE7,0X5C,0XE7,
0X5C,0XE7,0X5C,0XE7,0X5C,0XE7,0X5C,0XE7,0X5C,0XE7,0X5C,0XE7,0X5C,0XE7,0X5C,0XE7,
0X5C,0XE7,0X5C,0XE7,0X5C,0XE7,0X5C,0XE7,0X5C,0XE7,0X5C,0XE7,0X5C,0XE7,0X5C,0XE7,
0X5C,0XE7,0X5C,0XE7,0X5C,0XE7,0X3C,0XE7,0X3C,0XE7,0X3C,0XE7,0X5C,0XE7,0X5C,0XE7,
0X5C,0XE7,0X5C,0XE7,0X3C,0XE7,0X5D,0XEF,0X9D,0XEF,0X9D,0XEF,0X9E,0XEF,0X9E,0XEF,
0X9E,0XEF,0X9E,0XEF,0X9E,0XEF,0X9E,0XF7,0X9E,0XF7,0X9E,0XF7,0X9E,0XF7,0X9E,0XF7,
0X9D,0XEF,0X9E,0XF7,0X9E,0XF7,0X7E,0XF7,0X7E,0XF7,0X7E,0XF7,0X7E,0XF7,0X9E,0XF7,
0X9E,0XF7,0X9E,0XF7,0XBD,0XEF,0XBC,0XE7,0XBA,0XD7,0XD9,0XC7,0XF8,0XBF,0XF7,0XBF,
0XF6,0XBF,0XF7,0XBF,0XF8,0XC7,0XB9,0XCF,0X9B,0XDF,0X7C,0XE7,0X5D,0XEF,0X3D,0XEF,
0X5C,0XEF,0X7C,0XE7,0X7C,0XE7,0X5C,0XE7,0X5C,0XE7,0X5C,0XE7,0X5C,0XE7,0X5C,0XE7,
0X5C,0XE7,0X5C,0XE7,0X5C,0XE7,0X5C,0XE7,0X5C,0XE7,0X5C,0XE7,0X5C,0XE7,0X5C,0XE7,
0X5C,0XE7,0X5C,0XE7,0X5C,0XE7,0X5C,0XE7,0X5C,0XE7,0X5C,0XE7,0X5C,0XE7,0X5C,0XE7,
0X5C,0XE7,0X5C,0XE7,0X5C,0XE7,0X5C,0XE7,0X5C,0XE7,0X5C,0XE7,0X5C,0XE7,0X5C,0XE7,
0X5C,0XE7,0X5C,0XE7,0X5C,0XE7,0X3C,0XE7,0X3C,0XE7,0X3C,0XE7,0X3C,0XE7,0X3C,0XE7,
0X3C,0XE7,0X5C,0XE7,0X3C,0XE7,0X7D,0XEF,0X9D,0XEF,0X7D,0XEF,0X7D,0XEF,0X7D,0XEF,
0X7D,0XEF,0X7D,0XEF,0X7D,0XEF,0X7D,0XEF,0X9E,0XF7,0X9E,0XF7,0X9E,0XF7,0X9E,0XF7,
0X7D,0XEF,0X7E,0XF7,0X7E,0XF7,0X7E,0XF7,0X7E,0XF7,0X7E,0XF7,0X7E,0XF7,0X7D,0XEF,
0X9D,0XF7,0X9D,0XEF,0X9D,0XF7,0XBD,0XF7,0XBC,0XE7,0XBA,0XCF,0XD8,0XC7,0XF8,0XC7,
0XF7,0XBF,0XF7,0XBF,0XD9,0XC7,0XBA,0XD7,0X7C,0XE7,0X5D,0XEF,0X3D,0XEF,0X3D,0XEF,
0X5C,0XEF,0X7C,0XE7,0X7C,0XE7,0X5C,0XE7,0X5C,0XE7,0X5C,0XE7,0X5C,0XE7,0X5C,0XE7,
0X5C,0XE7,0X5C,0XE7,0X5C,0XE7,0X5C,0XE7,0X5C,0XE7,0X5C,0XE7,0X5C,0XE7,0X5C,0XE7,
0X5C,0XE7,0X5C,0XE7,0X5C,0XE7,0X5C,0XE7,0X5C,0XE7,0X5C,0XE7,0X5C,0XE7,0X5C,0XE7,
0X3C,0XE7,0X3C,0XE7,0X3C,0XE7,0X3C,0XE7,0X5C,0XE7,0X5C,0XE7,0X5C,0XE7,0X5C,0XE7,
0X5C,0XE7,0X5C,0XE7,0X5C,0XE7,0X3C,0XE7,0X3C,0XE7,0X3C,0XE7,0X3C,0XE7,0X3C,0XE7,
0X5C,0XE7,0X3C,0XE7,0X5D,0XEF,0X7D,0XEF,0X7D,0XEF,0X7D,0XEF,0X7D,0XEF,0X7D,0XEF,
0X7D,0XEF,0X7D,0XEF,0X7D,0XEF,0X7D,0XEF,0X7D,0XEF,0X7D,0XEF,0X7D,0XEF,0X9D,0XEF,
0X7E,0XF7,0X7E,0XF7,0X7E,0XF7,0X7D,0XF7,0X7D,0XEF,0X7D,0XEF,0X7D,0XEF,0X9D,0XEF,
0X9D,0XEF,0X9D,0XEF,0X9D,0XF7,0X9E,0XF7,0XBD,0XEF,0XBB,0XDF,0XB9,0XCF,0XF8,0XCF,
0XF8,0XBF,0XD8,0XC7,0XB9,0XCF,0X9B,0XDF,0X7C,0XE7,0X5D,0XE7,0X3D,0XEF,0X5D,0XEF,
0X5C,0XE7,0X7C,0XE7,0X5C,0XE7,0X5C,0XE7,0X5C,0XE7,0X5C,0XE7,0X5C,0XE7,0X5C,0XE7,
0X5C,0XE7,0X5C,0XE7,0X5C,0XE7,0X5C,0XE7,0X5C,0XE7,0X5C,0XE7,0X5C,0XE7,0X5C,0XE7,
0X5C,0XE7,0X5C,0XE7,0X5C,0XE7,0X5C,0XE7,0X5C,0XE7,0X5C,0XE7,0X5C,0XE7,0X5C,0XE7,
0X3C,0XE7,0X3C,0XE7,0X3C,0XE7,0X5C,0XE7,0X5C,0XE7,0X5C,0XE7,0X5C,0XE7,0X5C,0XE7,
0X5C,0XE7,0X5C,0XE7,0X5C,0XE7,0X3C,0XE7,0X3C,0XE7,0X3C,0XE7,0X3C,0XE7,0X3C,0XE7,
0X5C,0XE7,0X3C,0XE7,0X7D,0XEF,0X7D,0XEF,0X7D,0XEF,0X7D,0XEF,0X7D,0XEF,0X7D,0XEF,
0X7D,0XF7,0X7D,0XEF,0X7D,0XEF,0X7D,0XEF,0X7D,0XEF,0X7D,0XEF,0X7D,0XEF,0X7D,0XEF,
0X7D,0XF7,0X7D,0XEF,0X7D,0XEF,0X7D,0XEF,0X7D,0XEF,0X9D,0XEF,0X9D,0XEF,0X9D,0XEF,
0X9D,0XEF,0X9D,0XEF,0X7D,0XF7,0X7E,0XEF,0X9D,0XEF,0XBC,0XE7,0XBA,0XD7,0XB9,0XCF,
0XD9,0XC7,0XD9,0XCF,0XBA,0XD7,0X7B,0XDF,0X7C,0XE7,0X5C,0XE7,0X5D,0XE7,0X5C,0XE7,
0X5C,0XE7,0X5C,0XE7,0X5C,0XE7,0X5C,0XE7,0X5C,0XE7,0X5C,0XE7,0X5C,0XE7,0X5C,0XE7,
0X5C,0XE7,0X5C,0XE7,0X5C,0XE7,0X5C,0XE7,0X5C,0XE7,0X5C,0XE7,0X5C,0XE7,0X5C,0XE7,
0X5C,0XE7,0X5C,0XE7,0X5C,0XE7,0X5C,0XE7,0X5C,0XE7,0X5C,0XE7,0X5C,0XE7,0X5C,0XE7,
0X3C,0XE7,0X3C,0XE7,0X5C,0XE7,0X5C,0XE7,0X3C,0XE7,0X3C,0XE7,0X3C,0XE7,0X3C,0XE7,
0X3C,0XE7,0X3C,0XE7,0X3C,0XE7,0X3C,0XE7,0X3C,0XE7,0X3C,0XE7,0X3C,0XE7,0X3C,0XE7,
0X3C,0XE7,0X5C,0XE7,0X7D,0XEF,0X7D,0XEF,0X7D,0XEF,0X7D,0XEF,0X5D,0XEF,0X7D,0XEF,
0X7D,0XEF,0X7D,0XEF,0X7D,0XEF,0X7D,0XEF,0X7D,0XEF,0X7D,0XEF,0X7D,0XEF,0X7D,0XEF,
0X7D,0XEF,0X7D,0XEF,0X7D,0XEF,0X7D,0XEF,0X7D,0XEF,0X7D,0XEF,0X7D,0XEF,0X7D,0XEF,
0X7D,0XEF,0X7D,0XEF,0X7E,0XEF,0X7E,0XEF,0X7D,0XEF,0X9C,0XEF,0XBB,0XDF,0XB9,0XCF,
0XD9,0XC7,0XBA,0XD7,0X9B,0XDF,0X7B,0XDF,0X5B,0XE7,0X5C,0XE7,0X7C,0XE7,0X7C,0XE7,
0X5C,0XE7,0X5C,0XE7,0X5C,0XE7,0X5C,0XE7,0X5C,0XE7,0X5C,0XE7,0X5C,0XE7,0X5C,0XE7,
0X5C,0XE7,0X5C,0XE7,0X5C,0XE7,0X5C,0XE7,0X3C,0XE7,0X5C,0XE7,0X5C,0XE7,0X5C,0XE7,
0X5C,0XE7,0X5C,0XE7,0X5C,0XE7,0X5C,0XE7,0X5C,0XE7,0X5C,0XE7,0X5C,0XE7,0X5C,0XE7,
0X3C,0XE7,0X5C,0XE7,0X5C,0XE7,0X3C,0XE7,0X3C,0XE7,0X3C,0XE7,0X3C,0XE7,0X3C,0XE7,
0X3C,0XE7,0X3C,0XE7,0X3C,0XE7,0X3C,0XE7,0X3C,0XE7,0X3C,0XE7,0X3C,0XE7,0X3C,0XE7,
0X3C,0XE7,0X5D,0XEF,0X7D,0XEF,0X5D,0XEF,0X5D,0XEF,0X7D,0XEF,0X5D,0XEF,0X5D,0XEF,
0X5D,0XEF,0X5D,0XEF,0X5D,0XEF,0X7D,0XEF,0X7D,0XEF,0X7D,0XEF,0X7D,0XEF,0X7D,0XEF,
0X7D,0XEF,0X7D,0XEF,0X7D,0XEF,0X7D,0XEF,0X7D,0XEF,0X7D,0XEF,0X7D,0XEF,0X5D,0XEF,
0X5D,0XEF,0X5D,0XEF,0X7E,0XEF,0X7E,0XEF,0X7E,0XEF,0X9C,0XEF,0XBB,0XE7,0X9A,0XD7,
0XD8,0XC7,0X9A,0XD7,0X7C,0XE7,0X7C,0XE7,0X5B,0XE7,0X5C,0XEF,0X5C,0XE7,0X5C,0XE7,
0X5C,0XE7,0X5C,0XE7,0X5C,0XE7,0X5C,0XE7,0X5C,0XE7,0X5C,0XE7,0X5C,0XE7,0X5C,0XE7,
0X5C,0XE7,0X5C,0XE7,0X5C,0XE7,0X5C,0XE7,0X5C,0XE7,0X3C,0XE7,0X3C,0XE7,0X3C,0XE7,
0X3C,0XE7,0X5C,0XE7,0X5C,0XE7,0X3C,0XE7,0X3C,0XE7,0X3C,0XE7,0X3C,0XE7,0X3C,0XE7,
0X5C,0XE7,0X3C,0XE7,0X3C,0XE7,0X3C,0XE7,0X3C,0XE7,0X3C,0XE7,0X3C,0XE7,0X3C,0XE7,
0X3C,0XE7,0X3C,0XE7,0X3C,0XE7,0X3C,0XE7,0X3C,0XE7,0X3C,0XE7,0X3C,0XE7,0X3C,0XE7,
0X3C,0XE7,0X5C,0XEF,0X5D,0XEF,0X5C,0XEF,0X5D,0XEF,0X7D,0XEF,0X5D,0XEF,0X5D,0XEF,
0X5D,0XEF,0X7D,0XEF,0X7D,0XEF,0X7D,0XEF,0X7D,0XEF,0X7D,0XEF,0X7D,0XEF,0X7D,0XEF,
0X7D,0XEF,0X5D,0XEF,0X5D,0XEF,0X7D,0XEF,0X5D,0XEF,0X7D,0XEF,0X7D,0XEF,0X5D,0XEF,
0X5D,0XEF,0X5D,0XEF,0X7D,0XEF,0X5D,0XEF,0X7D,0XEF,0X7D,0XEF,0X9C,0XE7,0X9B,0XDF,
0XD8,0XC7,0X9A,0XDF,0X5C,0XE7,0X5C,0XE7,0X7B,0XE7,0X5C,0XE7,0X5C,0XE7,0X5C,0XE7,
0X5C,0XE7,0X5C,0XE7,0X5C,0XE7,0X5C,0XE7,0X5C,0XE7,0X5C,0XE7,0X5C,0XE7,0X5C,0XE7,
0X5C,0XE7,0X5C,0XE7,0X5C,0XE7,0X5C,0XE7,0X5C,0XE7,0X5C,0XE7,0X5C,0XE7,0X5C,0XE7,
0X5C,0XE7,0X5C,0XE7,0X5C,0XE7,0X3C,0XE7,0X3C,0XE7,0X3C,0XE7,0X3C,0XE7,0X3C,0XE7,
0X3C,0XE7,0X3C,0XE7,0X3C,0XE7,0X3C,0XE7,0X3C,0XE7,0X3C,0XE7,0X3C,0XE7,0X3C,0XE7,
0X3C,0XE7,0X3C,0XE7,0X3C,0XE7,0X3C,0XE7,0X3C,0XE7,0X3C,0XE7,0X3C,0XE7,0X3C,0XE7,
0X5C,0XE7,0X5C,0XEF,0X5C,0XEF,0X5C,0XE7,0X5C,0XE7,0X5C,0XEF,0X5D,0XEF,0X5C,0XEF,
0X5C,0XEF,0X5C,0XEF,0X5C,0XEF,0X5D,0XEF,0X5D,0XEF,0X5D,0XEF,0X7D,0XEF,0X7D,0XEF,
0X5D,0XEF,0X5D,0XEF,0X5D,0XEF,0X7D,0XEF,0X5D,0XEF,0X5D,0XEF,0X5D,0XEF,0X5D,0XEF,
0X5D,0XEF,0X5D,0XEF,0X5D,0XEF,0X5D,0XEF,0X5D,0XEF,0X7D,0XEF,0X7C,0XE7,0X7C,0XDF,
0XD9,0XCF,0X7B,0XDF,0X5C,0XE7,0X5C,0XE7,0X7C,0XE7,0X5C,0XE7,0X5C,0XE7,0X5C,0XE7,
0X5C,0XE7,0X5C,0XE7,0X5C,0XE7,0X5C,0XE7,0X5C,0XE7,0X5C,0XE7,0X5C,0XE7,0X5C,0XE7,
0X5C,0XE7,0X5C,0XE7,0X5C,0XE7,0X5C,0XE7,0X5C,0XE7,0X5C,0XE7,0X5C,0XE7,0X5C,0XE7,
0X5C,0XE7,0X5C,0XE7,0X5C,0XE7,0X3C,0XE7,0X3C,0XE7,0X3C,0XE7,0X3C,0XE7,0X3C,0XE7,
0X3C,0XE7,0X3C,0XE7,0X3C,0XE7,0X3C,0XE7,0X3C,0XE7,0X3C,0XE7,0X3C,0XE7,0X3C,0XE7,
0X3C,0XE7,0X3C,0XE7,0X3C,0XE7,0X3C,0XE7,0X3C,0XE7,0X3C,0XE7,0X3C,0XE7,0X3C,0XE7,
0X5C,0XE7,0X5C,0XE7,0X5C,0XE7,0X5C,0XE7,0X5C,0XE7,0X5C,0XEF,0X5C,0XEF,0X5C,0XEF,
0X5C,0XE7,0X5C,0XE7,0X5C,0XE7,0X5C,0XE7,0X5C,0XE7,0X5C,0XEF,0X5C,0XEF,0X5C,0XEF,
0X5D,0XEF,0X5D,0XEF,0X5D,0XEF,0X5D,0XEF,0X5D,0XEF,0X5D,0XEF,0X5D,0XEF,0X5D,0XEF,
0X5D,0XEF,0X5D,0XEF,0X5D,0XEF,0X5D,0XEF,0X5D,0XEF,0X5D,0XEF,0X5D,0XEF,0X5C,0XE7,
0XB9,0XCF,0X7B,0XDF,0X3D,0XEF,0X5C,0XE7,0X5C,0XE7,0X5C,0XE7,0X5C,0XE7,0X5C,0XE7,
0X5C,0XE7,0X3C,0XE7,0X5C,0XE7,0X5C,0XE7,0X5C,0XE7,0X5C,0XE7,0X5C,0XE7,0X5C,0XE7,
0X5C,0XE7,0X5C,0XE7,0X5C,0XE7,0X5C,0XE7,0X5C,0XE7,0X5C,0XE7,0X5C,0XE7,0X3C,0XE7,
0X3C,0XE7,0X3C,0XE7,0X3C,0XE7,0X3C,0XE7,0X3C,0XE7,0X3C,0XE7,0X3C,0XE7,0X3C,0XE7,
0X3C,0XE7,0X3C,0XE7,0X3C,0XE7,0X3C,0XE7,0X3C,0XE7,0X3C,0XE7,0X3C,0XE7,0X3C,0XE7,
0X3C,0XE7,0X3C,0XE7,0X3C,0XE7,0X3C,0XE7,0X3C,0XE7,0X3C,0XE7,0X3C,0XE7,0X3C,0XE7,
0X5C,0XE7,0X5C,0XE7,0X5C,0XE7,0X5C,0XE7,0X5C,0XE7,0X5C,0XE7,0X5C,0XE7,0X5C,0XE7,
0X5C,0XE7,0X5C,0XE7,0X5C,0XE7,0X5C,0XE7,0X5C,0XE7,0X5C,0XE7,0X5C,0XE7,0X5C,0XE7,
0X5D,0XEF,0X5D,0XEF,0X5D,0XEF,0X5D,0XEF,0X5D,0XEF,0X5D,0XEF,0X5D,0XEF,0X5D,0XEF,
0X5D,0XEF,0X5D,0XEF,0X5D,0XEF,0X7D,0XEF,0X5D,0XEF,0X5D,0XEF,0X5D,0XEF,0X5D,0XEF,
0XB9,0XD7,0X5B,0XE7,0X3D,0XEF,0X3D,0XE7,0X5C,0XE7,0X5C,0XE7,0X3C,0XE7,0X5C,0XE7,
0X5C,0XE7,0X3C,0XE7,0X3C,0XE7,0X5C,0XE7,0X5C,0XE7,0X5C,0XE7,0X5C,0XE7,0X5C,0XE7,
0X5C,0XE7,0X5C,0XE7,0X5C,0XE7,0X5C,0XE7,0X5C,0XE7,0X3C,0XE7,0X3C,0XE7,0X3C,0XE7,
0X3C,0XE7,0X3C,0XE7,0X3C,0XE7,0X3C,0XE7,0X3C,0XE7,0X3C,0XE7,0X3C,0XE7,0X3C,0XE7,
0X3C,0XE7,0X3C,0XE7,0X3C,0XE7,0X3C,0XE7,0X3C,0XE7,0X3C,0XE7,0X3C,0XE7,0X3C,0XE7,
0X3C,0XE7,0X3C,0XE7,0X3C,0XE7,0X3C,0XE7,0X3C,0XE7,0X3C,0XE7,0X3C,0XE7,0X3C,0XE7,
0X5C,0XE7,0X3C,0XE7,0X3C,0XE7,0X5C,0XE7,0X5C,0XE7,0X3C,0XE7,0X3C,0XE7,0X5C,0XE7,
0X5C,0XE7,0X3C,0XE7,0X3C,0XE7,0X3C,0XE7,0X3C,0XE7,0X5C,0XE7,0X5C,0XE7,0X5C,0XE7,
0X5D,0XEF,0X5D,0XEF,0X5D,0XEF,0X3C,0XE7,0X3C,0XE7,0X5D,0XEF,0X3C,0XE7,0X3C,0XE7,
0X3C,0XE7,0X3C,0XE7,0X5C,0XE7,0X5C,0XE7,0X5D,0XEF,0X3D,0XEF,0X3D,0XEF,0X3D,0XEF,
0XB9,0XD7,0X7B,0XE7,0X3D,0XEF,0X5D,0XE7,0X5C,0XE7,0X5C,0XE7,0X5C,0XE7,0X5C,0XE7,
0X5C,0XE7,0X5C,0XE7,0X5C,0XE7,0X5C,0XE7,0X5C,0XE7,0X5C,0XE7,0X5C,0XE7,0X5C,0XE7,
0X5C,0XE7,0X5C,0XE7,0X3C,0XE7,0X3C,0XE7,0X3C,0XE7,0X3C,0XE7,0X3C,0XE7,0X3C,0XE7,
0X3C,0XE7,0X3C,0XE7,0X3C,0XE7,0X3C,0XE7,0X3C,0XE7,0X3C,0XE7,0X3C,0XE7,0X3C,0XE7,
0X3C,0XE7,0X3C,0XE7,0X3C,0XE7,0X3C,0XE7,0X3C,0XE7,0X3C,0XE7,0X3C,0XE7,0X3C,0XE7,
0X3C,0XE7,0X3C,0XE7,0X3C,0XE7,0X3C,0XE7,0X3C,0XE7,0X3C,0XE7,0X3C,0XE7,0X3C,0XE7,
0X3C,0XE7,0X3C,0XE7,0X3C,0XE7,0X3C,0XE7,0X3C,0XE7,0X3C,0XE7,0X3C,0XE7,0X3C,0XE7,
0X3C,0XE7,0X3C,0XE7,0X3C,0XE7,0X3C,0XE7,0X5C,0XE7,0X3C,0XE7,0X3C,0XE7,0X5C,0XE7,
0X5D,0XEF,0X5D,0XEF,0X5D,0XEF,0X3C,0XE7,0X3C,0XE7,0X3C,0XE7,0X3C,0XE7,0X5D,0XEF,
0X5D,0XEF,0X5D,0XEF,0X3C,0XE7,0X3C,0XE7,0X3C,0XE7,0X3D,0XEF,0X3D,0XEF,0X3D,0XEF,
0XB9,0XD7,0X7B,0XE7,0X3D,0XEF,0X3D,0XE7,0X5C,0XE7,0X5C,0XE7,0X5C,0XE7,0X5C,0XE7,
0X5C,0XE7,0X5C,0XE7,0X5C,0XE7,0X3C,0XE7,0X3C,0XE7,0X3C,0XE7,0X3C,0XE7,0X3C,0XE7,
0X3C,0XE7,0X3C,0XE7,0X3C,0XE7,0X3C,0XE7,0X3C,0XE7,0X3C,0XE7,0X3C,0XE7,0X3C,0XE7,
0X3C,0XE7,0X3C,0XE7,0X3C,0XE7,0X3C,0XE7,0X3C,0XE7,0X3C,0XE7,0X3C,0XE7,0X3C,0XE7,
0X3C,0XE7,0X3C,0XE7,0X3C,0XE7,0X3C,0XE7,0X3C,0XE7,0X3C,0XE7,0X3C,0XE7,0X3C,0XE7,
0X3C,0XE7,0X3C,0XE7,0X3C,0XE7,0X3C,0XE7,0X3C,0XE7,0X3C,0XE7,0X3C,0XE7,0X3C,0XE7,
0X3C,0XE7,0X3C,0XE7,0X3C,0XE7,0X3C,0XE7,0X3C,0XE7,0X3C,0XE7,0X3C,0XE7,0X3C,0XE7,
0X3C,0XE7,0X3C,0XE7,0X3C,0XE7,0X3C,0XE7,0X3C,0XE7,0X3C,0XE7,0X3C,0XE7,0X3C,0XE7,
0X3C,0XE7,0X3C,0XE7,0X3C,0XE7,0X3C,0XE7,0X3C,0XE7,0X3C,0XE7,0X3C,0XE7,0X3C,0XE7,
0X3C,0XE7,0X3C,0XE7,0X3C,0XE7,0X3C,0XE7,0X3C,0XE7,0X3C,0XE7,0X3C,0XE7,0X5C,0XE7,
0XB9,0XCF,0X7B,0XDF,0X3C,0XE7,0X3C,0XE7,0X5C,0XE7,0X3C,0XE7,0X3C,0XE7,0X5C,0XE7,
0X5C,0XE7,0X5C,0XE7,0X5C,0XE7,0X3C,0XE7,0X3C,0XE7,0X3C,0XE7,0X3C,0XE7,0X3C,0XE7,
0X3C,0XE7,0X3C,0XE7,0X3C,0XE7,0X3C,0XE7,0X3C,0XE7,0X3C,0XE7,0X3C,0XE7,0X3C,0XE7,
0X3C,0XE7,0X3C,0XE7,0X3C,0XE7,0X3C,0XE7,0X3C,0XE7,0X3C,0XE7,0X3C,0XE7,0X3C,0XE7,
0X3C,0XE7,0X3C,0XE7,0X3C,0XE7,0X3C,0XE7,0X3C,0XE7,0X3C,0XE7,0X3C,0XE7,0X3C,0XE7,
0X3C,0XE7,0X3C,0XE7,0X3C,0XE7,0X3C,0XE7,0X3C,0XE7,0X3C,0XE7,0X3C,0XE7,0X3C,0XE7,
0X3C,0XE7,0X3C,0XE7,0X3C,0XE7,0X3C,0XE7,0X3C,0XE7,0X3C,0XE7,0X3C,0XE7,0X3C,0XE7,
0X3C,0XE7,0X3C,0XE7,0X1C,0XE7,0X3C,0XE7,0X3C,0XE7,0X3C,0XE7,0X3C,0XE7,0X3C,0XE7,
0X3C,0XE7,0X3C,0XE7,0X3C,0XE7,0X3C,0XE7,0X3C,0XE7,0X3C,0XE7,0X3C,0XE7,0X3C,0XE7,
0X3C,0XE7,0X3C,0XE7,0X3C,0XE7,0X1C,0XE7,0X1C,0XE7,0X3C,0XE7,0X5B,0XDF,0X5B,0XDF,
0XD9,0XCF,0X7B,0XDF,0X5C,0XE7,0X5C,0XE7,0X5C,0XE7,0X3C,0XEF,0X3C,0XEF,0X3C,0XE7,
0X3C,0XE7,0X5C,0XE7,0X5C,0XE7,0X3C,0XE7,0X3C,0XE7,0X3C,0XE7,0X3C,0XE7,0X3C,0XE7,
0X3C,0XE7,0X3C,0XE7,0X3C,0XE7,0X3C,0XE7,0X3C,0XE7,0X3C,0XE7,0X3C,0XE7,0X3C,0XE7,
0X3C,0XE7,0X3C,0XE7,0X3C,0XE7,0X3C,0XE7,0X3C,0XE7,0X3C,0XE7,0X3C,0XE7,0X3C,0XE7,
0X3C,0XE7,0X3C,0XE7,0X3C,0XE7,0X3C,0XE7,0X3C,0XE7,0X3C,0XE7,0X3C,0XE7,0X3C,0XE7,
0X3C,0XE7,0X3C,0XE7,0X3C,0XE7,0X3C,0XE7,0X3C,0XE7,0X3C,0XE7,0X3C,0XE7,0X3C,0XE7,
0X3C,0XE7,0X3C,0XE7,0X3C,0XE7,0X3C,0XE7,0X1C,0XE7,0X3C,0XE7,0X3C,0XE7,0X1C,0XE7,
0X1C,0XE7,0X1C,0XE7,0X1C,0XE7,0X3C,0XE7,0X1C,0XE7,0X3C,0XE7,0X3C,0XE7,0X1C,0XE7,
0X1C,0XE7,0X1C,0XE7,0X1C,0XE7,0X1C,0XE7,0X1C,0XE7,0X1C,0XE7,0X1C,0XE7,0X1C,0XE7,
0X1C,0XE7,0X1C,0XE7,0X1C,0XE7,0X1C,0XE7,0X1C,0XE7,0X3B,0XE7,0X5B,0XDF,0X7A,0XD7,
0XD8,0XC7,0X7A,0XDF,0X5C,0XE7,0X5C,0XE7,0X5C,0XE7,0X3C,0XEF,0X3C,0XEF,0X3C,0XE7,
0X3C,0XE7,0X5C,0XE7,0X5C,0XE7,0X3C,0XE7,0X3C,0XE7,0X3C,0XE7,0X3C,0XE7,0X3C,0XE7,
0X3C,0XE7,0X3C,0XE7,0X3C,0XE7,0X3C,0XE7,0X3C,0XE7,0X3C,0XE7,0X3C,0XE7,0X3C,0XE7,
0X3C,0XE7,0X3C,0XE7,0X3C,0XE7,0X3C,0XE7,0X3C,0XE7,0X3C,0XE7,0X3C,0XE7,0X3C,0XE7,
0X3C,0XE7,0X3C,0XE7,0X3C,0XE7,0X3C,0XE7,0X3C,0XE7,0X3C,0XE7,0X3C,0XE7,0X3C,0XE7,
0X3C,0XE7,0X3C,0XE7,0X3C,0XE7,0X3C,0XE7,0X3C,0XE7,0X3C,0XE7,0X3C,0XE7,0X3C,0XE7,
0X3C,0XE7,0X3C,0XE7,0X3C,0XE7,0X1C,0XE7,0X1C,0XE7,0X1C,0XE7,0X1C,0XE7,0X1C,0XE7,
0X1C,0XE7,0X3C,0XE7,0X3C,0XE7,0X3C,0XE7,0X1C,0XE7,0X3C,0XE7,0X3C,0XE7,0X1B,0XE7,
0X1C,0XE7,0X1C,0XE7,0X1C,0XE7,0X1C,0XE7,0X1C,0XE7,0X1C,0XE7,0X1C,0XE7,0X1C,0XE7,
0X1C,0XE7,0X1C,0XE7,0X1C,0XE7,0XFC,0XE6,0X1C,0XE7,0X3B,0XDF,0X7A,0XD7,0XB9,0XD7,
0XD9,0XC7,0X9A,0XD7,0X7B,0XDF,0X5B,0XE7,0X3C,0XE7,0X3C,0XE7,0X3C,0XE7,0X3C,0XE7,
0X3C,0XE7,0X3C,0XE7,0X3C,0XE7,0X3C,0XE7,0X3C,0XE7,0X3C,0XE7,0X3C,0XE7,0X3C,0XE7,
0X3C,0XE7,0X3C,0XE7,0X3C,0XE7,0X3C,0XE7,0X3C,0XE7,0X3C,0XE7,0X3C,0XE7,0X3C,0XE7,
0X3C,0XE7,0X3C,0XE7,0X3C,0XE7,0X3C,0XE7,0X3C,0XE7,0X3C,0XE7,0X3C,0XE7,0X3C,0XE7,
0X3C,0XE7,0X3C,0XE7,0X3C,0XE7,0X3C,0XE7,0X3C,0XE7,0X1C,0XE7,0X1C,0XE7,0X1C,0XE7,
0X1C,0XE7,0X1C,0XE7,0X1C,0XE7,0X3C,0XE7,0X3C,0XE7,0X3C,0XE7,0X3C,0XE7,0X3C,0XE7,
0X1C,0XE7,0X1C,0XE7,0X1C,0XE7,0X1C,0XE7,0X1C,0XE7,0X1C,0XE7,0X1C,0XE7,0X1C,0XE7,
0X1C,0XE7,0X1C,0XE7,0X1C,0XE7,0X1C,0XE7,0X1C,0XE7,0X1C,0XE7,0X1C,0XE7,0X1C,0XE7,
0X1C,0XE7,0X1C,0XE7,0X1C,0XE7,0X1C,0XE7,0X1C,0XE7,0X1B,0XE7,0X1C,0XE7,0X1C,0XE7,
0X1C,0XE7,0X1C,0XE7,0XFC,0XE6,0XFD,0XEE,0X1C,0XE7,0X5B,0XDF,0X99,0XD7,0XB8,0XCF,
0XD9,0XC7,0XB9,0XCF,0X9A,0XD7,0X5B,0XE7,0X3C,0XE7,0X3C,0XE7,0X3D,0XE7,0X3C,0XE7,
0X5C,0XE7,0X3C,0XE7,0X3C,0XE7,0X3C,0XE7,0X3C,0XE7,0X3C,0XE7,0X3C,0XE7,0X3C,0XE7,
0X3C,0XE7,0X3C,0XE7,0X3C,0XE7,0X3C,0XE7,0X3C,0XE7,0X3C,0XE7,0X3C,0XE7,0X3C,0XE7,
0X3C,0XE7,0X3C,0XE7,0X3C,0XE7,0X3C,0XE7,0X3C,0XE7,0X3C,0XE7,0X3C,0XE7,0X3C,0XE7,
0X3C,0XE7,0X3C,0XE7,0X3B,0XE7,0X3B,0XE7,0X3C,0XE7,0X3C,0XE7,0X3B,0XE7,0X3B,0XE7,
0X3C,0XE7,0X3C,0XE7,0X3C,0XE7,0X3C,0XE7,0X3C,0XE7,0X3C,0XE7,0X3C,0XE7,0X3C,0XE7,
0X1C,0XE7,0X1C,0XE7,0X3C,0XDF,0X3C,0XE7,0X3C,0XE7,0X1C,0XE7,0X1C,0XE7,0X1C,0XE7,
0X1C,0XE7,0X1C,0XE7,0X1C,0XE7,0X1C,0XE7,0X1C,0XE7,0X1C,0XE7,0X1C,0XE7,0X1C,0XE7,
0X1C,0XE7,0X1C,0XE7,0X1C,0XE7,0X1C,0XE7,0X1B,0XE7,0X1B,0XE7,0X1B,0XE7,0X1C,0XE7,
0X1C,0XE7,0X1C,0XE7,0XFC,0XE6,0XFC,0XE6,0X1B,0XE7,0X5A,0XD7,0XB9,0XCF,0XD8,0XC7,
0XF8,0XC7,0XD8,0XC7,0XB9,0XD7,0X7B,0XDF,0X3C,0XE7,0X3D,0XEF,0X3D,0XEF,0X3D,0XE7,
0X3C,0XE7,0X3C,0XE7,0X3C,0XE7,0X3C,0XE7,0X3C,0XE7,0X3C,0XE7,0X3C,0XE7,0X3C,0XE7,
0X3C,0XE7,0X3C,0XE7,0X3C,0XE7,0X3C,0XE7,0X3C,0XE7,0X3C,0XE7,0X3C,0XE7,0X3C,0XE7,
0X3C,0XE7,0X3C,0XE7,0X3C,0XE7,0X3C,0XE7,0X3C,0XE7,0X3B,0XE7,0X3B,0XE7,0X3B,0XE7,
0X3B,0XE7,0X3B,0XE7,0X3B,0XE7,0X3B,0XE7,0X3B,0XE7,0X3B,0XE7,0X3B,0XE7,0X3B,0XE7,
0X3B,0XE7,0X3B,0XE7,0X3B,0XE7,0X3C,0XE7,0X3C,0XE7,0X3C,0XE7,0X3C,0XE7,0X3C,0XE7,
0X3C,0XE7,0X3C,0XE7,0X3C,0XE7,0X3C,0XDF,0X3C,0XDF,0X3C,0XE7,0X1C,0XE7,0X1C,0XE7,
0X1C,0XE7,0X1C,0XE7,0X1C,0XE7,0X1C,0XE7,0X1C,0XE7,0X1C,0XE7,0X1C,0XE7,0X1C,0XE7,
0X1C,0XE7,0X1C,0XE7,0X1C,0XE7,0X1C,0XE7,0X1C,0XDF,0X1C,0XDF,0X1C,0XDF,0X1B,0XDF,
0X1B,0XDF,0X1B,0XE7,0X1B,0XE7,0X1C,0XE7,0X3B,0XDF,0X7A,0XD7,0XB8,0XCF,0XF8,0XC7,
0XF7,0XBF,0XF8,0XC7,0XD9,0XCF,0X9A,0XD7,0X5C,0XDF,0X3C,0XE7,0X1D,0XEF,0X1C,0XEF,
0X3C,0XE7,0X3C,0XE7,0X3C,0XE7,0X3C,0XE7,0X3C,0XE7,0X3C,0XE7,0X3C,0XE7,0X3C,0XE7,
0X3C,0XE7,0X3C,0XE7,0X3C,0XE7,0X3C,0XE7,0X3C,0XE7,0X3C,0XE7,0X3C,0XE7,0X3C,0XE7,
0X3C,0XE7,0X3C,0XE7,0X3C,0XE7,0X3C,0XE7,0X3C,0XE7,0X3C,0XE7,0X3C,0XE7,0X3C,0XE7,
0X1C,0XE7,0X1C,0XE7,0X1C,0XE7,0X1C,0XE7,0X1C,0XE7,0X1C,0XE7,0X1C,0XE7,0X1C,0XE7,
0X1C,0XE7,0X1C,0XE7,0X1C,0XE7,0X1C,0XE7,0X1C,0XE7,0X1C,0XE7,0X1C,0XE7,0X1C,0XE7,
0X1C,0XE7,0X1C,0XE7,0X1C,0XE7,0X1C,0XE7,0X1C,0XE7,0X1C,0XE7,0X1C,0XE7,0X1C,0XE7,
0X1C,0XE7,0X1C,0XE7,0X1C,0XE7,0X1C,0XE7,0X1C,0XE7,0X1C,0XE7,0X1C,0XE7,0XFC,0XE6,
0X1C,0XE7,0X1C,0XE7,0X1C,0XE7,0X1C,0XDF,0X1C,0XDF,0X3C,0XDF,0X1C,0XDF,0X1C,0XDF,
0X1B,0XE7,0X1B,0XE7,0X1B,0XE7,0X3B,0XDF,0X7A,0XD7,0X99,0XCF,0XD8,0XC7,0XF8,0XC7,
0XF7,0XBF,0XF7,0XC7,0XF8,0XC7,0XB9,0XCF,0X7A,0XD7,0X5B,0XE7,0X3C,0XEF,0X1C,0XEF,
0X3C,0XE7,0X3C,0XE7,0X3C,0XE7,0X3C,0XE7,0X1C,0XE7,0X1C,0XE7,0X1C,0XE7,0X1C,0XE7,
0X3C,0XE7,0X3C,0XE7,0X3C,0XE7,0X3C,0XE7,0X3C,0XE7,0X3C,0XE7,0X3C,0XE7,0X1C,0XE7,
0X1C,0XE7,0X1C,0XE7,0X1C,0XE7,0X1C,0XE7,0X1C,0XE7,0X1C,0XE7,0X1C,0XE7,0X1C,0XE7,
0X1C,0XE7,0X1C,0XE7,0X1C,0XE7,0X1C,0XE7,0X1C,0XE7,0X1C,0XE7,0X1C,0XE7,0X1C,0XE7,
0X1C,0XE7,0X1C,0XE7,0X1C,0XE7,0X1C,0XE7,0X1C,0XE7,0X1C,0XE7,0X1C,0XE7,0X1C,0XE7,
0X1C,0XE7,0X1C,0XE7,0X1C,0XE7,0X1C,0XE7,0X1C,0XE7,0X1C,0XE7,0X1C,0XE7,0X1C,0XE7,
0X1C,0XE7,0X1C,0XE7,0X1C,0XE7,0X1C,0XE7,0X1C,0XE7,0X1C,0XE7,0X1C,0XE7,0X1C,0XE7,
0X1B,0XE7,0X1B,0XE7,0X1B,0XE7,0X1C,0XDF,0X1C,0XDF,0X1C,0XDF,0X1C,0XE7,0X1C,0XE7,
0X1C,0XE7,0XFC,0XE6,0X3B,0XDF,0X7A,0XD7,0X99,0XCF,0XD8,0XCF,0XF8,0XC7,0XF7,0XBF,
0XF7,0XC7,0XF8,0XC7,0XF8,0XC7,0XF8,0XC7,0XB9,0XCF,0X9A,0XD7,0X5B,0XE7,0X3B,0XE7,
0X1C,0XE7,0X3C,0XE7,0X3C,0XE7,0X3C,0XE7,0X3C,0XE7,0X3C,0XE7,0X3C,0XE7,0X3C,0XE7,
0X3B,0XE7,0X3B,0XE7,0X3B,0XE7,0X3B,0XE7,0X3B,0XDF,0X3B,0XE7,0X3B,0XE7,0X3B,0XE7,
0X3B,0XE7,0X1B,0XE7,0X3B,0XE7,0X3B,0XE7,0X3B,0XE7,0X3B,0XE7,0X1B,0XE7,0X1B,0XE7,
0X3C,0XE7,0X3C,0XE7,0X3C,0XE7,0X3C,0XE7,0X1C,0XE7,0X1C,0XE7,0X1B,0XE7,0X1B,0XE7,
0X1B,0XE7,0X1B,0XE7,0X1C,0XE7,0X1C,0XE7,0X1C,0XE7,0X1C,0XE7,0X1C,0XE7,0X1C,0XE7,
0X1C,0XE7,0X1C,0XE7,0X1C,0XE7,0X1C,0XE7,0X1C,0XE7,0X1C,0XE7,0X1C,0XE7,0X1C,0XE7,
0X1C,0XE7,0X1C,0XE7,0X1C,0XE7,0X1C,0XE7,0X1C,0XE7,0X1C,0XE7,0X1C,0XE7,0X1B,0XE7,
0X3B,0XDF,0X3B,0XDF,0X1B,0XE7,0X1C,0XE7,0XFC,0XE6,0XFC,0XE6,0XFC,0XE6,0XFC,0XE6,
0X1C,0XE7,0X1B,0XE7,0X5A,0XDF,0X99,0XCF,0XB8,0XCF,0XF8,0XC7,0XF7,0XC7,0XF7,0XBF,
0XD8,0XC7,0XF8,0XC7,0XF8,0XBF,0XF8,0XBF,0XF8,0XC7,0XD8,0XCF,0X99,0XD7,0X5A,0XDF,
0X3B,0XE7,0X3C,0XE7,0X3C,0XE7,0X3B,0XDF,0X3B,0XE7,0X3B,0XE7,0X3B,0XE7,0X3B,0XE7,
0X3B,0XE7,0X3B,0XE7,0X3B,0XDF,0X3B,0XDF,0X3B,0XDF,0X3B,0XDF,0X3B,0XDF,0X3B,0XDF,
0X3B,0XDF,0X3B,0XDF,0X3B,0XDF,0X3B,0XDF,0X3B,0XDF,0X3B,0XDF,0X3B,0XDF,0X3B,0XDF,
0X3B,0XDF,0X3B,0XDF,0X3B,0XDF,0X3B,0XDF,0X3B,0XDF,0X3B,0XDF,0X3B,0XDF,0X3B,0XDF,
0X3B,0XDF,0X3B,0XDF,0X3B,0XDF,0X3B,0XE7,0X3C,0XE7,0X3C,0XE7,0X3B,0XE7,0X3B,0XE7,
0X1B,0XDF,0X1B,0XDF,0X1B,0XDF,0X1B,0XDF,0X1B,0XDF,0X1B,0XDF,0X1B,0XDF,0X1B,0XDF,
0X1B,0XDF,0X1B,0XDF,0X1B,0XDF,0X1B,0XDF,0X1B,0XDF,0X1B,0XDF,0X1B,0XDF,0X1B,0XDF,
0X1B,0XDF,0X1C,0XE7,0X1C,0XE7,0XFC,0XE6,0XFC,0XEE,0XFC,0XEE,0XFC,0XE6,0X1B,0XDF,
0X3A,0XDF,0X5A,0XD7,0X9A,0XD7,0XD8,0XCF,0XF8,0XC7,0XF7,0XC7,0XF7,0XBF,0XF7,0XBF,
0XD8,0XC7,0XF8,0XC7,0XF7,0XBF,0XF7,0XBF,0XF7,0XBF,0XF7,0XC7,0XD8,0XCF,0X99,0XD7,
0X7B,0XDF,0X5B,0XDF,0X3C,0XDF,0X3C,0XE7,0X3C,0XE7,0X3C,0XE7,0X3C,0XE7,0X1C,0XE7,
0X1C,0XE7,0X1C,0XE7,0X1C,0XE7,0X1C,0XE7,0X3C,0XE7,0X1C,0XE7,0X1C,0XE7,0X1C,0XE7,
0X1C,0XE7,0X1C,0XE7,0X1C,0XE7,0X1C,0XE7,0X1C,0XE7,0X1C,0XE7,0X1C,0XE7,0X1C,0XE7,
0X1C,0XE7,0X1C,0XE7,0X1C,0XE7,0X1C,0XE7,0X1C,0XE7,0X1C,0XE7,0X1C,0XE7,0X1C,0XE7,
0X1C,0XE7,0X1C,0XE7,0X1C,0XE7,0X1C,0XE7,0X1C,0XE7,0X1C,0XE7,0X1C,0XE7,0X1C,0XE7,
0X1C,0XE7,0X1C,0XE7,0X1C,0XE7,0X1C,0XE7,0X1C,0XE7,0X1C,0XE7,0X1C,0XE7,0X1C,0XE7,
0X1C,0XE7,0X1C,0XE7,0X1C,0XE7,0X1C,0XE7,0X1C,0XE7,0X1C,0XE7,0X1C,0XE7,0X1C,0XE7,
0X1C,0XE7,0X1C,0XE7,0XFC,0XE6,0XFC,0XE6,0XFB,0XE6,0X1B,0XE7,0X3A,0XDF,0X7A,0XD7,
0X99,0XCF,0XD9,0XCF,0XD8,0XC7,0XF8,0XC7,0XF7,0XC7,0XF7,0XBF,0XF7,0XBF,0XF7,0XBF,
0XF8,0XC7,0XF8,0XC7,0XF7,0XC7,0XF7,0XBF,0XF7,0XBF,0XF7,0XBF,0XF8,0XC7,0XD8,0XCF,
0XB9,0XCF,0X9A,0XD7,0X7B,0XDF,0X5B,0XDF,0X3C,0XDF,0X3C,0XDF,0X3C,0XE7,0X1C,0XE7,
0X1C,0XE7,0X1C,0XE7,0X1C,0XE7,0X1C,0XE7,0X3C,0XE7,0X1C,0XE7,0X1C,0XE7,0X1C,0XE7,
0X1C,0XE7,0X1C,0XE7,0X1C,0XE7,0X1C,0XE7,0X1C,0XE7,0X1C,0XE7,0X1C,0XE7,0X1C,0XE7,
0X1C,0XE7,0X1C,0XE7,0X1C,0XE7,0X1C,0XE7,0X1C,0XE7,0X1C,0XE7,0X1C,0XE7,0X1C,0XE7,
0X1C,0XE7,0X1C,0XE7,0X1C,0XE7,0X1C,0XE7,0X1C,0XE7,0X1C,0XE7,0X1C,0XE7,0X1C,0XE7,
0X1C,0XE7,0X1C,0XE7,0X1C,0XE7,0X1C,0XE7,0X1C,0XE7,0X1C,0XE7,0X1C,0XE7,0X1C,0XE7,
0X1C,0XE7,0X1C,0XE7,0X1C,0XE7,0X1C,0XE7,0X1C,0XE7,0X1C,0XE7,0X1C,0XE7,0X1C,0XE7,
0X1C,0XDF,0X1B,0XDF,0X1B,0XDF,0X3B,0XDF,0X3A,0XDF,0X5A,0XD7,0X99,0XD7,0XB9,0XCF,
0XD8,0XC7,0XF8,0XC7,0XF8,0XBF,0XF8,0XC7,0XF7,0XC7,0XF7,0XBF,0XF7,0XBF,0XF7,0XBF,
0XF7,0XBF,0XF7,0XBF,0XF8,0XC7,0XF7,0XC7,0XF7,0XC7,0XF8,0XC7,0XF8,0XBF,0XF8,0XC7,
0XD8,0XC7,0XD8,0XC7,0XB9,0XCF,0X9A,0XD7,0X7A,0XD7,0X7A,0XD7,0X7A,0XD7,0X5A,0XDF,
0X5B,0XDF,0X5B,0XDF,0X5B,0XDF,0X5B,0XDF,0X5B,0XD7,0X5B,0XDF,0X5B,0XDF,0X5B,0XDF,
0X5B,0XDF,0X5B,0XDF,0X5B,0XDF,0X5B,0XDF,0X5B,0XDF,0X5B,0XDF,0X5B,0XDF,0X5B,0XDF,
0X5B,0XDF,0X5B,0XDF,0X5B,0XDF,0X5B,0XDF,0X5B,0XDF,0X5B,0XDF,0X5B,0XDF,0X5B,0XDF,
0X5B,0XDF,0X5B,0XDF,0X5B,0XDF,0X3B,0XDF,0X3B,0XDF,0X3B,0XDF,0X3B,0XDF,0X3B,0XDF,
0X3B,0XDF,0X3B,0XDF,0X3B,0XDF,0X3B,0XDF,0X3B,0XDF,0X3B,0XDF,0X3B,0XDF,0X3B,0XDF,
0X3B,0XDF,0X3B,0XDF,0X3B,0XDF,0X3B,0XDF,0X3B,0XDF,0X3B,0XDF,0X3B,0XDF,0X3B,0XDF,
0X3A,0XDF,0X5A,0XD7,0X7A,0XD7,0X99,0XD7,0X99,0XCF,0XB9,0XCF,0XD8,0XC7,0XF8,0XC7,
0XF8,0XC7,0XF8,0XBF,0XF8,0XBF,0XF8,0XC7,0XF7,0XBF,0XF7,0XBF,0XF7,0XBF,0XF7,0XBF,
0XF7,0XBF,0XF7,0XBF,0XF7,0XC7,0XD8,0XC7,0XD8,0XC7,0XF8,0XC7,0XF8,0XBF,0XF8,0XBF,
0XF7,0XBF,0XF7,0XC7,0XF7,0XC7,0XF8,0XC7,0XD8,0XC7,0XD8,0XCF,0XB8,0XCF,0XB8,0XCF,
0XB9,0XCF,0XB9,0XCF,0XB9,0XCF,0XB9,0XCF,0XB9,0XCF,0XB9,0XCF,0XB9,0XCF,0XB9,0XCF,
0XB9,0XCF,0XB9,0XCF,0XB9,0XCF,0XB9,0XCF,0XB9,0XCF,0XB9,0XCF,0XB9,0XCF,0XB9,0XCF,
0XB9,0XCF,0XB9,0XCF,0XB9,0XCF,0XB9,0XCF,0XB9,0XCF,0XB9,0XCF,0XB9,0XCF,0XB9,0XCF,
0XB9,0XCF,0XB9,0XCF,0XB9,0XCF,0XB9,0XCF,0XB9,0XCF,0XB9,0XCF,0XB9,0XCF,0XB9,0XCF,
0XB9,0XCF,0XB9,0XCF,0XB9,0XCF,0XB9,0XCF,0XB9,0XCF,0XB9,0XCF,0XB9,0XD7,0XB9,0XD7,
0XB9,0XD7,0XB9,0XD7,0XB9,0XCF,0X99,0XCF,0X99,0XCF,0X99,0XCF,0X99,0XCF,0X99,0XCF,
0X99,0XD7,0XB9,0XD7,0XB9,0XCF,0XD8,0XC7,0XF8,0XC7,0XF8,0XC7,0XF8,0XBF,0XF8,0XBF,
0XF8,0XC7,0XD8,0XC7,0XF8,0XC7,0XF8,0XC7,0XF7,0XBF,0XF7,0XBF,0XF7,0XBF,0XF8,0XC7,
};

const img_t icon9 =
{
    .width = 80,
    .height = 53,
    .data = gImage_icon9,
};

#elif(ENABLE_LVGL_USE == 1)


const LV_ATTRIBUTE_MEM_ALIGN LV_ATTRIBUTE_LARGE_CONST  uint8_t icon9_map[] = {
#if LV_COLOR_DEPTH == 1 || LV_COLOR_DEPTH == 8
  /*Pixel format: Red: 3 bit, Green: 3 bit, Blue: 2 bit*/
  0xdf, 0xdf, 0xdf, 0xdf, 0xdf, 0xdf, 0xdf, 0xdf, 0xdf, 0xdf, 0xdf, 0xdf, 0xdf, 0xdf, 0xdf, 0xdf, 0xdf, 0xdf, 0xdf, 0xdf, 0xdf, 0xdf, 0xdf, 0xdf, 0xdf, 0xdf, 0xdf, 0xdf, 0xdf, 0xdf, 0xdf, 0xdf, 0xdf, 0xdf, 0xdf, 0xdf, 0xdf, 0xdf, 0xdf, 0xdf, 0xdf, 0xdf, 0xdf, 0xdf, 0xdf, 0xdf, 0xdf, 0xdf, 0xdf, 0xdf, 0xdf, 0xdf, 0xdf, 0xdf, 0xdf, 0xdf, 0xdf, 0xdf, 0xdf, 0xdf, 0xdf, 0xdf, 0xdf, 0xdf, 0xff, 0xff, 0xff, 0xff, 0xff, 0xff, 0xff, 0xff, 0xff, 0xff, 0xff, 0xff, 0xff, 0xff, 0xff, 0xff, 0xff, 0xff, 0xff, 0xdf, 0xdf, 0xdf, 0xdf, 0xdf, 0xdf, 0xdf, 0xdf, 0xdf, 0xdf, 0xdf, 0xdf, 0xdf, 0xdf, 0xdf, 0xdf, 0xdf, 0xdf, 0xdf, 0xdf, 0xdf, 0xdf, 0xdf, 0xdf, 0xdf, 0xdf, 0xdf, 0xdf, 0xdf, 0xdf, 0xdf, 0xdf, 0xdf, 0xdf, 0xdf, 0xdf, 0xdf, 
  0xdf, 0xdf, 0xdf, 0xdf, 0xdf, 0xdf, 0xdf, 0xdf, 0xdf, 0xdf, 0xdf, 0xdf, 0xdf, 0xdf, 0xdf, 0xdf, 0xdf, 0xdf, 0xdf, 0xdf, 0xdf, 0xdf, 0xdf, 0xdf, 0xdf, 0xdf, 0xdf, 0xdf, 0xdf, 0xdf, 0xdf, 0xdf, 0xdf, 0xdf, 0xdf, 0xdf, 0xdf, 0xdf, 0xdf, 0xdf, 0xdf, 0xdf, 0xdf, 0xdf, 0xdf, 0xdf, 0xdf, 0xdf, 0xdf, 0xdf, 0xdf, 0xdf, 0xdf, 0xdf, 0xdf, 0xdf, 0xdf, 0xdf, 0xdf, 0xdf, 0xdf, 0xdf, 0xdf, 0xff, 0xff, 0xff, 0xff, 0xff, 0xff, 0xff, 0xff, 0xff, 0xff, 0xff, 0xff, 0xff, 0xff, 0xff, 0xff, 0xff, 0xff, 0xff, 0xff, 0xff, 0xdf, 0xdf, 0xdf, 0xdf, 0xdf, 0xdf, 0xdf, 0xdf, 0xdf, 0xdf, 0xdf, 0xdf, 0xdf, 0xdf, 0xdf, 0xdf, 0xdf, 0xdf, 0xdf, 0xdf, 0xdf, 0xdf, 0xdf, 0xdf, 0xdf, 0xdf, 0xdf, 0xdf, 0xdf, 0xdf, 0xdf, 0xdf, 0xdf, 0xdf, 0xdf, 0xdf, 
  0xdf, 0xdf, 0xdf, 0xdf, 0xdf, 0xdf, 0xdf, 0xdf, 0xdf, 0xdf, 0xdf, 0xdf, 0xdf, 0xdf, 0xdf, 0xdf, 0xdf, 0xdf, 0xdf, 0xdf, 0xdf, 0xdf, 0xdf, 0xdf, 0xdf, 0xdf, 0xdf, 0xdf, 0xdf, 0xdf, 0xdf, 0xdf, 0xdf, 0xdf, 0xdf, 0xdf, 0xdf, 0xdf, 0xdf, 0xdf, 0xdf, 0xdf, 0xdf, 0xdf, 0xdf, 0xdf, 0xdf, 0xdf, 0xdf, 0xdf, 0xdf, 0xdf, 0xdf, 0xdf, 0xdf, 0xdf, 0xdf, 0xdf, 0xdf, 0xdf, 0xdf, 0xff, 0xff, 0xff, 0xff, 0xff, 0xff, 0xff, 0xff, 0xff, 0xff, 0xff, 0xff, 0xff, 0xff, 0xff, 0xff, 0xff, 0xff, 0xff, 0xff, 0xff, 0xff, 0xff, 0xff, 0xff, 0xff, 0xdf, 0xdf, 0xdf, 0xdf, 0xdf, 0xdf, 0xdf, 0xdf, 0xdf, 0xdf, 0xdf, 0xdf, 0xdf, 0xdf, 0xdf, 0xdf, 0xdf, 0xdf, 0xdf, 0xdf, 0xdf, 0xdf, 0xdf, 0xdf, 0xdf, 0xdf, 0xdf, 0xdf, 0xdf, 0xdf, 0xdf, 0xdf, 0xdf, 
  0xdf, 0xdf, 0xdf, 0xdf, 0xdf, 0xdf, 0xdf, 0xdf, 0xdf, 0xdf, 0xdf, 0xdf, 0xdf, 0xdf, 0xdf, 0xdf, 0xdf, 0xdf, 0xdf, 0xdf, 0xdf, 0xdf, 0xdf, 0xdf, 0xdf, 0xdf, 0xdf, 0xdf, 0xdf, 0xdf, 0xdf, 0xdf, 0xdf, 0xdf, 0xdf, 0xdf, 0xdf, 0xdf, 0xdf, 0xdf, 0xdf, 0xdf, 0xdf, 0xdf, 0xdf, 0xdf, 0xdf, 0xdf, 0xdf, 0xdf, 0xdf, 0xdf, 0xdf, 0xdf, 0xdf, 0xdf, 0xdf, 0xdf, 0xdf, 0xff, 0xff, 0xff, 0xff, 0xff, 0xff, 0xff, 0xff, 0xff, 0xff, 0xff, 0xff, 0xff, 0xff, 0xff, 0xff, 0xff, 0xff, 0xff, 0xff, 0xff, 0xff, 0xff, 0xff, 0xff, 0xff, 0xff, 0xff, 0xff, 0xdf, 0xdf, 0xdf, 0xdf, 0xdf, 0xdf, 0xdf, 0xdf, 0xdf, 0xdf, 0xdf, 0xdf, 0xdf, 0xdf, 0xdf, 0xdf, 0xdf, 0xdf, 0xdf, 0xdf, 0xdf, 0xdf, 0xdf, 0xdf, 0xdf, 0xdf, 0xdf, 0xdf, 0xdf, 0xdf, 0xdf, 0xdf, 
  0xdf, 0xdf, 0xdf, 0xdf, 0xdf, 0xdf, 0xdf, 0xdf, 0xdf, 0xdf, 0xdf, 0xdf, 0xdf, 0xdf, 0xdf, 0xdf, 0xdf, 0xdf, 0xdf, 0xdf, 0xdf, 0xdf, 0xdf, 0xdf, 0xdf, 0xdf, 0xdf, 0xdf, 0xdf, 0xdf, 0xdf, 0xdf, 0xdf, 0xdf, 0xdf, 0xdf, 0xdf, 0xdf, 0xdf, 0xdf, 0xdf, 0xdf, 0xdf, 0xdf, 0xdf, 0xdf, 0xdf, 0xdf, 0xdf, 0xdf, 0xdf, 0xdf, 0xdf, 0xdf, 0xdf, 0xdf, 0xdf, 0xff, 0xff, 0xff, 0xff, 0xff, 0xff, 0xff, 0xff, 0xff, 0xff, 0xff, 0xff, 0xff, 0xff, 0xff, 0xff, 0xff, 0xff, 0xff, 0xff, 0xff, 0xff, 0xff, 0xff, 0xff, 0xff, 0xff, 0xff, 0xff, 0xff, 0xff, 0xff, 0xff, 0xdf, 0xdf, 0xdf, 0xdf, 0xdf, 0xdf, 0xdf, 0xdf, 0xdf, 0xdf, 0xdf, 0xdf, 0xdf, 0xdf, 0xdf, 0xdf, 0xdf, 0xdf, 0xdf, 0xdf, 0xdf, 0xdf, 0xdf, 0xdf, 0xdf, 0xdf, 0xdf, 0xdf, 0xdf, 0xdf, 
  0xdf, 0xdf, 0xdf, 0xdf, 0xdf, 0xdf, 0xdf, 0xdf, 0xdf, 0xdf, 0xdf, 0xdf, 0xdf, 0xdf, 0xdf, 0xdf, 0xdf, 0xdf, 0xdf, 0xdf, 0xdf, 0xdf, 0xdf, 0xdf, 0xdf, 0xdf, 0xdf, 0xdf, 0xdf, 0xdf, 0xdf, 0xdf, 0xdf, 0xdf, 0xdf, 0xdf, 0xdf, 0xdf, 0xdf, 0xdf, 0xdf, 0xdf, 0xdf, 0xdf, 0xdf, 0xdf, 0xdf, 0xdf, 0xdf, 0xdf, 0xdf, 0xdf, 0xdf, 0xdf, 0xdf, 0xdf, 0xff, 0xff, 0xff, 0xff, 0xff, 0xff, 0xff, 0xff, 0xff, 0xff, 0xff, 0xff, 0xff, 0xff, 0xff, 0xff, 0xff, 0xff, 0xff, 0xff, 0xff, 0xff, 0xff, 0xff, 0xff, 0xff, 0xff, 0xff, 0xff, 0xff, 0xff, 0xff, 0xff, 0xff, 0xff, 0xff, 0xdf, 0xdf, 0xdf, 0xdf, 0xdf, 0xdf, 0xdf, 0xdf, 0xdf, 0xdf, 0xdf, 0xdf, 0xdf, 0xdf, 0xdf, 0xdf, 0xdf, 0xdf, 0xdf, 0xdf, 0xdf, 0xdf, 0xdf, 0xdf, 0xdf, 0xdf, 0xdf, 0xdf, 
  0xdf, 0xdf, 0xdf, 0xdf, 0xdf, 0xdf, 0xdf, 0xdf, 0xdf, 0xdf, 0xdf, 0xdf, 0xdf, 0xdf, 0xdf, 0xdf, 0xdf, 0xdf, 0xdf, 0xdf, 0xdf, 0xdf, 0xdf, 0xdf, 0xdf, 0xdf, 0xdf, 0xdf, 0xdf, 0xdf, 0xdf, 0xdf, 0xdf, 0xdf, 0xdf, 0xdf, 0xdf, 0xdf, 0xdf, 0xdf, 0xdf, 0xdf, 0xdf, 0xdf, 0xdf, 0xdf, 0xdf, 0xdf, 0xdf, 0xdf, 0xdf, 0xdf, 0xdf, 0xdf, 0xdf, 0xff, 0xff, 0xff, 0xff, 0xff, 0xff, 0xff, 0xff, 0xff, 0xff, 0xff, 0xff, 0xff, 0xff, 0xff, 0xff, 0xff, 0xff, 0xff, 0xff, 0xff, 0xff, 0xff, 0xff, 0xff, 0xff, 0xff, 0xff, 0xff, 0xff, 0xff, 0xff, 0xff, 0xff, 0xff, 0xff, 0xff, 0xff, 0xdf, 0xdf, 0xdf, 0xdf, 0xdf, 0xdf, 0xdf, 0xdf, 0xdf, 0xdf, 0xdf, 0xdf, 0xdf, 0xdf, 0xdf, 0xdf, 0xdf, 0xdf, 0xdf, 0xdf, 0xdf, 0xdf, 0xdf, 0xdf, 0xdf, 0xdf, 0xdf, 
  0xdf, 0xdf, 0xdf, 0xdf, 0xdf, 0xdf, 0xdf, 0xdf, 0xdf, 0xdf, 0xdf, 0xdf, 0xdf, 0xdf, 0xdf, 0xdf, 0xdf, 0xdf, 0xdf, 0xdf, 0xdf, 0xdf, 0xdf, 0xdf, 0xdf, 0xdf, 0xdf, 0xdf, 0xdf, 0xdf, 0xdf, 0xdf, 0xdf, 0xdf, 0xdf, 0xdf, 0xdf, 0xdf, 0xdf, 0xdf, 0xdf, 0xdf, 0xdf, 0xdf, 0xdf, 0xdf, 0xdf, 0xdf, 0xdf, 0xdf, 0xdf, 0xdf, 0xdf, 0xdf, 0xff, 0xff, 0xff, 0xff, 0xff, 0xff, 0xff, 0xff, 0xff, 0xff, 0xff, 0xff, 0xff, 0xff, 0xff, 0xff, 0xff, 0xff, 0xff, 0xff, 0xff, 0xff, 0xff, 0xff, 0xff, 0xff, 0xff, 0xff, 0xff, 0xff, 0xff, 0xff, 0xff, 0xff, 0xff, 0xff, 0xff, 0xff, 0xff, 0xff, 0xdf, 0xdf, 0xdf, 0xdf, 0xdf, 0xdf, 0xdf, 0xdf, 0xdf, 0xdf, 0xdf, 0xdf, 0xdf, 0xdf, 0xdf, 0xdf, 0xdf, 0xdf, 0xdf, 0xdf, 0xdf, 0xdf, 0xdf, 0xdf, 0xdf, 0xdf, 
  0xdf, 0xdf, 0xdf, 0xdf, 0xdf, 0xdf, 0xdf, 0xdf, 0xdf, 0xdf, 0xdf, 0xdf, 0xdf, 0xdf, 0xdf, 0xdf, 0xdf, 0xdf, 0xdf, 0xdf, 0xdf, 0xdf, 0xdf, 0xdf, 0xdf, 0xdf, 0xdf, 0xdf, 0xdf, 0xdf, 0xdf, 0xdf, 0xdf, 0xdf, 0xdf, 0xdf, 0xdf, 0xdf, 0xdf, 0xdf, 0xdf, 0xdf, 0xdf, 0xdf, 0xdf, 0xdf, 0xdf, 0xdf, 0xdf, 0xdf, 0xdf, 0xdf, 0xff, 0xff, 0xff, 0xff, 0xff, 0xff, 0xff, 0xff, 0xff, 0xff, 0xff, 0xff, 0xff, 0xff, 0xff, 0xff, 0xff, 0xff, 0xff, 0xff, 0xff, 0xff, 0xff, 0xff, 0xff, 0xff, 0xff, 0xff, 0xff, 0xff, 0xff, 0xff, 0xff, 0xff, 0xff, 0xff, 0xff, 0xff, 0xff, 0xff, 0xff, 0xff, 0xff, 0xff, 0xdf, 0xdf, 0xdf, 0xdf, 0xdf, 0xdf, 0xdf, 0xdf, 0xdf, 0xdf, 0xdf, 0xdf, 0xdf, 0xdf, 0xdf, 0xdf, 0xdf, 0xdf, 0xdf, 0xdf, 0xdf, 0xdf, 0xdf, 0xdf, 
  0xdf, 0xdf, 0xdf, 0xdf, 0xdf, 0xdf, 0xdf, 0xdf, 0xdf, 0xdf, 0xdf, 0xdf, 0xdf, 0xdf, 0xdf, 0xdf, 0xdf, 0xdf, 0xdf, 0xdf, 0xdf, 0xdf, 0xdf, 0xdf, 0xdf, 0xdf, 0xdf, 0xdf, 0xdf, 0xdf, 0xdf, 0xdf, 0xdf, 0xdf, 0xdf, 0xdf, 0xdf, 0xdf, 0xdf, 0xdf, 0xdf, 0xdf, 0xdf, 0xdf, 0xdf, 0xdf, 0xdf, 0xdf, 0xdf, 0xdf, 0xdf, 0xff, 0xff, 0xff, 0xff, 0xff, 0xff, 0xff, 0xff, 0xff, 0xff, 0xff, 0xff, 0xff, 0xff, 0xff, 0xff, 0xff, 0xff, 0xff, 0xff, 0xff, 0xff, 0xff, 0xff, 0xff, 0xff, 0xff, 0xff, 0xff, 0xff, 0xff, 0xff, 0xff, 0xff, 0xff, 0xff, 0xff, 0xff, 0xff, 0xff, 0xff, 0xff, 0xff, 0xff, 0xff, 0xdf, 0xdf, 0xdf, 0xdf, 0xdf, 0xdf, 0xdf, 0xdf, 0xdf, 0xdf, 0xdf, 0xdf, 0xdf, 0xdf, 0xdf, 0xdf, 0xdf, 0xdf, 0xdf, 0xdf, 0xdf, 0xdf, 0xdf, 0xdf, 
  0xdf, 0xdf, 0xdf, 0xdf, 0xdf, 0xdf, 0xdf, 0xdf, 0xdf, 0xdf, 0xdf, 0xdf, 0xdf, 0xdf, 0xdf, 0xdf, 0xdf, 0xdf, 0xdf, 0xdf, 0xdf, 0xdf, 0xdf, 0xdf, 0xdf, 0xdf, 0xdf, 0xdf, 0xdf, 0xdf, 0xdf, 0xdf, 0xdf, 0xff, 0xff, 0xff, 0xff, 0xff, 0xff, 0xff, 0xdf, 0xdf, 0xdf, 0xdf, 0xdf, 0xdf, 0xdf, 0xdf, 0xdf, 0xdf, 0xdf, 0xff, 0xff, 0xff, 0xff, 0xff, 0xff, 0xff, 0xff, 0xff, 0xff, 0xff, 0xff, 0xff, 0xff, 0xff, 0xff, 0xff, 0xff, 0xff, 0xff, 0xff, 0xff, 0xff, 0xff, 0xff, 0xff, 0xff, 0xff, 0xff, 0xff, 0xff, 0xff, 0xff, 0xff, 0xff, 0xff, 0xff, 0xff, 0xff, 0xff, 0xff, 0xff, 0xff, 0xff, 0xff, 0xff, 0xdf, 0xdf, 0xdf, 0xdf, 0xdf, 0xdf, 0xdf, 0xdf, 0xdf, 0xdf, 0xdf, 0xdf, 0xdf, 0xdf, 0xdf, 0xdf, 0xdf, 0xdf, 0xdf, 0xdf, 0xdf, 0xdf, 0xdf, 
  0xdf, 0xdf, 0xdf, 0xdf, 0xdf, 0xdf, 0xdf, 0xdf, 0xdf, 0xdf, 0xdf, 0xdf, 0xdf, 0xdf, 0xdf, 0xdf, 0xdf, 0xdf, 0xdf, 0xdf, 0xdf, 0xdf, 0xdf, 0xdf, 0xdf, 0xdf, 0xdf, 0xdf, 0xdf, 0xdf, 0xdf, 0xff, 0xff, 0xff, 0xff, 0xff, 0xff, 0xff, 0xff, 0xff, 0xff, 0xff, 0xff, 0xff, 0xdf, 0xdf, 0xdf, 0xdf, 0xdf, 0xdf, 0xff, 0xff, 0xff, 0xff, 0xff, 0xff, 0xff, 0xff, 0xff, 0xff, 0xff, 0xff, 0xff, 0xff, 0xff, 0xff, 0xff, 0xff, 0xff, 0xff, 0xff, 0xff, 0xff, 0xff, 0xff, 0xff, 0xff, 0xff, 0xff, 0xff, 0xff, 0xff, 0xff, 0xff, 0xff, 0xff, 0xff, 0xff, 0xff, 0xff, 0xff, 0xff, 0xff, 0xff, 0xff, 0xff, 0xff, 0xff, 0xdf, 0xdf, 0xdf, 0xdf, 0xdf, 0xdf, 0xdf, 0xdf, 0xdf, 0xdf, 0xdf, 0xdf, 0xdf, 0xdf, 0xdf, 0xdf, 0xdf, 0xdf, 0xdf, 0xdf, 0xdf, 0xdf, 
  0xdf, 0xdf, 0xdf, 0xdf, 0xdf, 0xdf, 0xdf, 0xdf, 0xdf, 0xdf, 0xdf, 0xdf, 0xdf, 0xdf, 0xdf, 0xdf, 0xdf, 0xdf, 0xdf, 0xdf, 0xdf, 0xdf, 0xdf, 0xdf, 0xdf, 0xdf, 0xdf, 0xff, 0xff, 0xff, 0xff, 0xff, 0xff, 0xff, 0xff, 0xff, 0xff, 0xff, 0xff, 0xff, 0xff, 0xff, 0xff, 0xff, 0xff, 0xff, 0xff, 0xff, 0xdf, 0xff, 0xff, 0xff, 0xff, 0xff, 0xff, 0xff, 0xff, 0xff, 0xff, 0xff, 0xff, 0xff, 0xff, 0xff, 0xff, 0xff, 0xff, 0xff, 0xff, 0xff, 0xff, 0xff, 0xff, 0xff, 0xff, 0xff, 0xff, 0xff, 0xff, 0xff, 0xff, 0xff, 0xff, 0xff, 0xff, 0xff, 0xff, 0xff, 0xff, 0xff, 0xff, 0xff, 0xff, 0xff, 0xff, 0xff, 0xff, 0xff, 0xff, 0xdf, 0xdf, 0xdf, 0xdf, 0xdf, 0xdf, 0xdf, 0xdf, 0xdf, 0xdf, 0xdf, 0xdf, 0xdf, 0xdf, 0xdf, 0xdf, 0xdf, 0xdf, 0xdf, 0xdf, 0xdf, 
  0xdf, 0xdf, 0xdf, 0xdf, 0xdf, 0xdf, 0xdf, 0xdf, 0xdf, 0xdf, 0xdf, 0xdf, 0xdf, 0xdf, 0xdf, 0xdf, 0xdf, 0xdf, 0xdf, 0xdf, 0xdf, 0xdf, 0xdf, 0xdf, 0xdf, 0xdf, 0xff, 0xff, 0xff, 0xff, 0xff, 0xff, 0xff, 0xff, 0xff, 0xff, 0xff, 0xff, 0xff, 0xff, 0xff, 0xff, 0xff, 0xff, 0xff, 0xff, 0xff, 0xff, 0xff, 0xff, 0xff, 0xff, 0xff, 0xff, 0xff, 0xff, 0xff, 0xff, 0xff, 0xff, 0xff, 0xff, 0xff, 0xff, 0xff, 0xff, 0xff, 0xff, 0xff, 0xff, 0xff, 0xff, 0xff, 0xff, 0xff, 0xff, 0xff, 0xff, 0xff, 0xff, 0xff, 0xff, 0xff, 0xff, 0xff, 0xff, 0xff, 0xff, 0xff, 0xff, 0xff, 0xff, 0xff, 0xff, 0xff, 0xff, 0xff, 0xff, 0xff, 0xff, 0xdf, 0xdf, 0xdf, 0xdf, 0xdf, 0xdf, 0xdf, 0xdf, 0xdf, 0xdf, 0xdf, 0xdf, 0xdf, 0xdf, 0xdf, 0xdf, 0xdf, 0xdf, 0xdf, 0xdf, 
  0xdf, 0xdf, 0xdf, 0xdf, 0xdf, 0xdf, 0xdf, 0xdf, 0xdf, 0xdf, 0xdf, 0xdf, 0xdf, 0xdf, 0xdf, 0xdf, 0xdf, 0xdf, 0xdf, 0xdf, 0xdf, 0xdf, 0xdf, 0xdf, 0xff, 0xff, 0xff, 0xff, 0xff, 0xff, 0xff, 0xff, 0xff, 0xff, 0xff, 0xff, 0xff, 0xff, 0xff, 0xff, 0xff, 0xff, 0xff, 0xff, 0xff, 0xff, 0xff, 0xff, 0xff, 0xff, 0xff, 0xff, 0xff, 0xff, 0xff, 0xff, 0xff, 0xff, 0xff, 0xff, 0xff, 0xff, 0xff, 0xff, 0xff, 0xff, 0xff, 0xff, 0xff, 0xff, 0xff, 0xff, 0xff, 0xff, 0xff, 0xff, 0xff, 0xff, 0xff, 0xff, 0xff, 0xff, 0xff, 0xff, 0xff, 0xff, 0xff, 0xff, 0xff, 0xff, 0xff, 0xff, 0xff, 0xff, 0xff, 0xff, 0xff, 0xff, 0xff, 0xff, 0xdf, 0xdf, 0xdf, 0xdf, 0xdf, 0xdf, 0xdf, 0xdf, 0xdf, 0xdf, 0xdf, 0xdf, 0xdf, 0xdf, 0xdf, 0xdf, 0xdf, 0xdf, 0xdf, 0xdf, 
  0xdf, 0xdf, 0xdf, 0xdf, 0xdf, 0xdf, 0xdf, 0xdf, 0xdf, 0xdf, 0xdf, 0xdf, 0xdf, 0xdf, 0xdf, 0xdf, 0xdf, 0xdf, 0xdf, 0xdf, 0xdf, 0xdf, 0xdf, 0xff, 0xff, 0xff, 0xff, 0xff, 0xff, 0xff, 0xff, 0xff, 0xff, 0xff, 0xff, 0xff, 0xff, 0xff, 0xff, 0xff, 0xff, 0xff, 0xff, 0xff, 0xff, 0xff, 0xff, 0xff, 0xff, 0xff, 0xff, 0xff, 0xff, 0xff, 0xff, 0xff, 0xff, 0xff, 0xff, 0xff, 0xff, 0xff, 0xff, 0xff, 0xff, 0xff, 0xff, 0xff, 0xff, 0xff, 0xff, 0xff, 0xff, 0xff, 0xff, 0xff, 0xff, 0xff, 0xff, 0xff, 0xff, 0xff, 0xff, 0xff, 0xff, 0xff, 0xff, 0xff, 0xff, 0xff, 0xff, 0xff, 0xff, 0xff, 0xff, 0xff, 0xff, 0xff, 0xff, 0xff, 0xdf, 0xdf, 0xdf, 0xdf, 0xdf, 0xdf, 0xdf, 0xdf, 0xdf, 0xdf, 0xdf, 0xdf, 0xdf, 0xdf, 0xdf, 0xdf, 0xdf, 0xdf, 0xdf, 0xdf, 
  0xdf, 0xdf, 0xdf, 0xdf, 0xdf, 0xdf, 0xdf, 0xdf, 0xdf, 0xdf, 0xdf, 0xdf, 0xdf, 0xdf, 0xdf, 0xdf, 0xdf, 0xdf, 0xdf, 0xdf, 0xdf, 0xff, 0xff, 0xff, 0xff, 0xff, 0xff, 0xff, 0xff, 0xff, 0xff, 0xff, 0xff, 0xff, 0xff, 0xff, 0xff, 0xff, 0xff, 0xff, 0xff, 0xff, 0xff, 0xff, 0xff, 0xff, 0xff, 0xff, 0xff, 0xff, 0xff, 0xff, 0xff, 0xff, 0xff, 0xff, 0xff, 0xff, 0xff, 0xff, 0xff, 0xff, 0xff, 0xff, 0xff, 0xff, 0xff, 0xff, 0xff, 0xff, 0xff, 0xff, 0xff, 0xff, 0xff, 0xff, 0xff, 0xff, 0xff, 0xff, 0xff, 0xff, 0xff, 0xff, 0xff, 0xff, 0xff, 0xff, 0xff, 0xff, 0xff, 0xff, 0xff, 0xff, 0xff, 0xff, 0xff, 0xff, 0xff, 0xff, 0xff, 0xff, 0xdf, 0xdf, 0xdf, 0xdf, 0xdf, 0xdf, 0xdf, 0xdf, 0xdf, 0xdf, 0xdf, 0xdf, 0xdf, 0xdf, 0xdf, 0xdf, 0xdf, 0xdf, 
  0xdf, 0xdf, 0xdf, 0xdf, 0xdf, 0xdf, 0xdf, 0xdf, 0xdf, 0xdf, 0xdf, 0xdf, 0xdf, 0xdf, 0xdf, 0xdf, 0xdf, 0xdf, 0xdf, 0xdf, 0xff, 0xff, 0xff, 0xff, 0xff, 0xff, 0xff, 0xff, 0xff, 0xff, 0xff, 0xff, 0xff, 0xff, 0xff, 0xff, 0xff, 0xff, 0xff, 0xff, 0xff, 0xff, 0xff, 0xff, 0xff, 0xff, 0xff, 0xff, 0xff, 0xff, 0xff, 0xff, 0xff, 0xff, 0xff, 0xff, 0xff, 0xff, 0xff, 0xff, 0xff, 0xff, 0xff, 0xff, 0xff, 0xff, 0xff, 0xff, 0xff, 0xff, 0xff, 0xff, 0xff, 0xff, 0xff, 0xff, 0xff, 0xff, 0xff, 0xff, 0xff, 0xff, 0xff, 0xff, 0xff, 0xff, 0xff, 0xff, 0xff, 0xff, 0xff, 0xff, 0xff, 0xff, 0xff, 0xff, 0xff, 0xff, 0xff, 0xff, 0xff, 0xff, 0xdf, 0xdf, 0xdf, 0xdf, 0xdf, 0xdf, 0xdf, 0xdf, 0xdf, 0xdf, 0xdf, 0xdf, 0xdf, 0xdf, 0xdf, 0xdf, 0xdf, 0xdf, 
  0xdf, 0xdf, 0xdf, 0xdf, 0xdf, 0xdf, 0xdf, 0xdf, 0xdf, 0xdf, 0xdf, 0xdf, 0xdf, 0xdf, 0xdf, 0xdf, 0xdf, 0xdf, 0xdf, 0xdf, 0xff, 0xff, 0xff, 0xff, 0xff, 0xff, 0xff, 0xff, 0xff, 0xff, 0xff, 0xff, 0xff, 0xff, 0xff, 0xff, 0xff, 0xff, 0xff, 0xff, 0xff, 0xff, 0xff, 0xff, 0xff, 0xff, 0xff, 0xff, 0xff, 0xff, 0xff, 0xff, 0xff, 0xff, 0xff, 0xff, 0xff, 0xff, 0xff, 0xff, 0xff, 0xff, 0xff, 0xff, 0xff, 0xff, 0xff, 0xff, 0xff, 0xff, 0xff, 0xff, 0xff, 0xff, 0xff, 0xff, 0xff, 0xff, 0xff, 0xff, 0xff, 0xff, 0xff, 0xff, 0xff, 0xff, 0xff, 0xff, 0xff, 0xff, 0xff, 0xff, 0xff, 0xff, 0xff, 0xff, 0xff, 0xff, 0xff, 0xff, 0xff, 0xff, 0xdf, 0xdf, 0xdf, 0xdf, 0xdf, 0xdf, 0xdf, 0xdf, 0xdf, 0xdf, 0xdf, 0xdf, 0xdf, 0xdf, 0xdf, 0xdf, 0xdf, 0xdf, 
  0xdf, 0xdf, 0xdf, 0xdf, 0xdf, 0xdf, 0xdf, 0xdf, 0xdf, 0xdf, 0xdf, 0xdf, 0xdf, 0xdf, 0xdf, 0xdf, 0xdf, 0xdf, 0xdf, 0xdf, 0xff, 0xff, 0xff, 0xff, 0xff, 0xff, 0xff, 0xff, 0xff, 0xff, 0xff, 0xff, 0xff, 0xff, 0xff, 0xff, 0xff, 0xff, 0xff, 0xff, 0xff, 0xff, 0xff, 0xff, 0xff, 0xff, 0xff, 0xff, 0xff, 0xff, 0xff, 0xff, 0xff, 0xff, 0xff, 0xff, 0xff, 0xff, 0xff, 0xff, 0xff, 0xff, 0xff, 0xff, 0xff, 0xff, 0xff, 0xff, 0xff, 0xff, 0xff, 0xff, 0xff, 0xff, 0xff, 0xff, 0xff, 0xff, 0xff, 0xff, 0xff, 0xff, 0xff, 0xff, 0xff, 0xff, 0xff, 0xff, 0xff, 0xff, 0xff, 0xff, 0xff, 0xff, 0xff, 0xff, 0xff, 0xff, 0xff, 0xff, 0xff, 0xff, 0xdf, 0xdf, 0xdf, 0xdf, 0xdf, 0xdf, 0xdf, 0xdf, 0xdf, 0xdf, 0xdf, 0xdf, 0xdf, 0xdf, 0xdf, 0xdf, 0xdf, 0xdf, 
  0xdf, 0xdf, 0xdf, 0xdf, 0xdf, 0xdf, 0xdf, 0xdf, 0xdf, 0xdf, 0xdf, 0xdf, 0xdf, 0xdf, 0xdf, 0xdf, 0xdf, 0xdf, 0xdf, 0xff, 0xff, 0xff, 0xff, 0xff, 0xff, 0xff, 0xff, 0xff, 0xff, 0xff, 0xff, 0xff, 0xff, 0xff, 0xff, 0xff, 0xff, 0xff, 0xff, 0xff, 0xff, 0xff, 0xff, 0xff, 0xff, 0xff, 0xff, 0xff, 0xff, 0xff, 0xff, 0xff, 0xff, 0xff, 0xff, 0xff, 0xff, 0xff, 0xff, 0xff, 0xff, 0xff, 0xff, 0xff, 0xff, 0xff, 0xff, 0xff, 0xff, 0xff, 0xff, 0xff, 0xff, 0xff, 0xff, 0xff, 0xff, 0xff, 0xff, 0xff, 0xff, 0xff, 0xff, 0xff, 0xff, 0xff, 0xff, 0xff, 0xff, 0xff, 0xff, 0xff, 0xff, 0xff, 0xff, 0xff, 0xff, 0xff, 0xff, 0xff, 0xff, 0xff, 0xdf, 0xdf, 0xdf, 0xdf, 0xdf, 0xdf, 0xdf, 0xdf, 0xdf, 0xdf, 0xdf, 0xdf, 0xdf, 0xdf, 0xdf, 0xdf, 0xdf, 0xdf, 
  0xdf, 0xdf, 0xdf, 0xdf, 0xdf, 0xdf, 0xdf, 0xdf, 0xdf, 0xdf, 0xdf, 0xdf, 0xdf, 0xdf, 0xdf, 0xdf, 0xdf, 0xdf, 0xdf, 0xff, 0xff, 0xff, 0xff, 0xff, 0xff, 0xff, 0xff, 0xff, 0xff, 0xff, 0xff, 0xff, 0xff, 0xff, 0xff, 0xff, 0xff, 0xff, 0xff, 0xff, 0xff, 0xff, 0xff, 0xff, 0xff, 0xff, 0xff, 0xff, 0xff, 0xff, 0xff, 0xff, 0xff, 0xff, 0xff, 0xff, 0xff, 0xff, 0xff, 0xff, 0xff, 0xff, 0xff, 0xff, 0xff, 0xff, 0xff, 0xff, 0xff, 0xff, 0xff, 0xff, 0xff, 0xff, 0xff, 0xff, 0xff, 0xff, 0xff, 0xff, 0xff, 0xff, 0xff, 0xff, 0xff, 0xff, 0xff, 0xff, 0xff, 0xff, 0xff, 0xff, 0xff, 0xff, 0xff, 0xff, 0xff, 0xff, 0xff, 0xff, 0xff, 0xff, 0xff, 0xdf, 0xdf, 0xdf, 0xdf, 0xdf, 0xdf, 0xdf, 0xdf, 0xdf, 0xdf, 0xdf, 0xdf, 0xdf, 0xdf, 0xdf, 0xdf, 0xdf, 
  0xdf, 0xdf, 0xdf, 0xdf, 0xdf, 0xdf, 0xdf, 0xdf, 0xdf, 0xdf, 0xdf, 0xdf, 0xdf, 0xdf, 0xdf, 0xdf, 0xdf, 0xdf, 0xff, 0xff, 0xff, 0xff, 0xff, 0xff, 0xff, 0xff, 0xff, 0xff, 0xff, 0xff, 0xff, 0xff, 0xff, 0xff, 0xff, 0xff, 0xff, 0xff, 0xff, 0xff, 0xff, 0xff, 0xff, 0xff, 0xff, 0xff, 0xff, 0xff, 0xff, 0xff, 0xff, 0xff, 0xff, 0xff, 0xff, 0xff, 0xff, 0xff, 0xff, 0xff, 0xff, 0xff, 0xff, 0xff, 0xff, 0xff, 0xff, 0xff, 0xff, 0xff, 0xff, 0xff, 0xff, 0xff, 0xff, 0xff, 0xff, 0xff, 0xff, 0xff, 0xff, 0xff, 0xff, 0xff, 0xff, 0xff, 0xff, 0xff, 0xff, 0xff, 0xff, 0xff, 0xff, 0xff, 0xff, 0xff, 0xff, 0xff, 0xff, 0xff, 0xff, 0xff, 0xff, 0xdf, 0xdf, 0xdf, 0xdf, 0xdf, 0xdf, 0xdf, 0xdf, 0xdf, 0xdf, 0xdf, 0xdf, 0xdf, 0xdf, 0xdf, 0xdf, 0xdf, 
  0xdf, 0xdf, 0xdf, 0xdf, 0xdf, 0xdf, 0xdf, 0xdf, 0xdf, 0xdf, 0xdf, 0xdf, 0xdf, 0xdf, 0xdf, 0xdf, 0xdf, 0xdf, 0xff, 0xff, 0xff, 0xff, 0xff, 0xff, 0xff, 0xff, 0xff, 0xff, 0xff, 0xff, 0xff, 0xff, 0xff, 0xff, 0xff, 0xff, 0xff, 0xff, 0xff, 0xff, 0xff, 0xff, 0xff, 0xff, 0xff, 0xff, 0xff, 0xff, 0xff, 0xff, 0xff, 0xff, 0xff, 0xff, 0xff, 0xff, 0xff, 0xff, 0xff, 0xff, 0xff, 0xff, 0xff, 0xff, 0xff, 0xff, 0xff, 0xff, 0xff, 0xff, 0xff, 0xff, 0xff, 0xff, 0xff, 0xff, 0xff, 0xff, 0xff, 0xff, 0xff, 0xff, 0xff, 0xff, 0xff, 0xff, 0xff, 0xff, 0xff, 0xff, 0xff, 0xff, 0xff, 0xff, 0xff, 0xff, 0xff, 0xff, 0xff, 0xff, 0xff, 0xff, 0xff, 0xdf, 0xdf, 0xdf, 0xdf, 0xdf, 0xdf, 0xdf, 0xdf, 0xdf, 0xdf, 0xdf, 0xdf, 0xdf, 0xdf, 0xdf, 0xdf, 0xdf, 
  0xdf, 0xdf, 0xdf, 0xdf, 0xdf, 0xdf, 0xdf, 0xdf, 0xdf, 0xdf, 0xdf, 0xdf, 0xdf, 0xdf, 0xdf, 0xdf, 0xdf, 0xff, 0xff, 0xff, 0xff, 0xff, 0xff, 0xff, 0xff, 0xff, 0xff, 0xff, 0xff, 0xff, 0xff, 0xff, 0xff, 0xff, 0xff, 0xff, 0xff, 0xff, 0xff, 0xff, 0xff, 0xff, 0xff, 0xff, 0xff, 0xff, 0xff, 0xff, 0xff, 0xff, 0xff, 0xff, 0xff, 0xff, 0xff, 0xff, 0xff, 0xff, 0xff, 0xff, 0xff, 0xff, 0xff, 0xff, 0xff, 0xff, 0xff, 0xff, 0xff, 0xff, 0xff, 0xff, 0xff, 0xff, 0xff, 0xff, 0xff, 0xff, 0xff, 0xff, 0xff, 0xff, 0xff, 0xff, 0xff, 0xff, 0xff, 0xff, 0xff, 0xff, 0xff, 0xff, 0xff, 0xff, 0xff, 0xff, 0xff, 0xff, 0xff, 0xff, 0xff, 0xff, 0xff, 0xdf, 0xdf, 0xdf, 0xdf, 0xdf, 0xdf, 0xdf, 0xdf, 0xdf, 0xdf, 0xdf, 0xdf, 0xdf, 0xdf, 0xdf, 0xdf, 0xdf, 
  0xdf, 0xdf, 0xdf, 0xdf, 0xdf, 0xdf, 0xdf, 0xdf, 0xdf, 0xdf, 0xdf, 0xdf, 0xdf, 0xdf, 0xdf, 0xdf, 0xdf, 0xff, 0xff, 0xff, 0xff, 0xff, 0xff, 0xff, 0xff, 0xff, 0xff, 0xff, 0xff, 0xff, 0xff, 0xff, 0xff, 0xff, 0xff, 0xff, 0xff, 0xff, 0xff, 0xff, 0xff, 0xff, 0xff, 0xff, 0xff, 0xff, 0xff, 0xff, 0xff, 0xff, 0xff, 0xff, 0xff, 0xff, 0xff, 0xff, 0xff, 0xff, 0xff, 0xff, 0xff, 0xff, 0xff, 0xff, 0xff, 0xff, 0xff, 0xff, 0xff, 0xff, 0xff, 0xff, 0xff, 0xff, 0xff, 0xff, 0xff, 0xff, 0xff, 0xff, 0xff, 0xff, 0xff, 0xff, 0xff, 0xff, 0xff, 0xff, 0xff, 0xff, 0xff, 0xff, 0xff, 0xff, 0xff, 0xff, 0xff, 0xff, 0xff, 0xff, 0xff, 0xff, 0xff, 0xdf, 0xdf, 0xdf, 0xdf, 0xdf, 0xdf, 0xdf, 0xdf, 0xdf, 0xdf, 0xdf, 0xdf, 0xdf, 0xdf, 0xdf, 0xdf, 0xdf, 
  0xdf, 0xdf, 0xdf, 0xdf, 0xdf, 0xdf, 0xdf, 0xdf, 0xdf, 0xdf, 0xdf, 0xdf, 0xdf, 0xdf, 0xdf, 0xdf, 0xdf, 0xff, 0xff, 0xff, 0xff, 0xff, 0xff, 0xff, 0xff, 0xff, 0xff, 0xff, 0xff, 0xff, 0xff, 0xff, 0xff, 0xff, 0xff, 0xff, 0xff, 0xff, 0xff, 0xff, 0xff, 0xff, 0xff, 0xff, 0xff, 0xff, 0xff, 0xff, 0xff, 0xff, 0xff, 0xff, 0xff, 0xff, 0xff, 0xff, 0xff, 0xff, 0xff, 0xff, 0xff, 0xff, 0xff, 0xff, 0xff, 0xff, 0xff, 0xff, 0xff, 0xff, 0xff, 0xff, 0xff, 0xff, 0xff, 0xff, 0xff, 0xff, 0xff, 0xff, 0xff, 0xff, 0xff, 0xff, 0xff, 0xff, 0xff, 0xff, 0xff, 0xff, 0xff, 0xff, 0xff, 0xff, 0xff, 0xff, 0xff, 0xff, 0xff, 0xff, 0xff, 0xff, 0xff, 0xff, 0xdf, 0xdf, 0xdf, 0xdf, 0xdf, 0xdf, 0xdf, 0xdf, 0xdf, 0xdf, 0xdf, 0xdf, 0xdf, 0xdf, 0xdf, 0xdf, 
  0xdf, 0xdf, 0xdf, 0xdf, 0xdf, 0xdf, 0xdf, 0xdf, 0xdf, 0xdf, 0xdf, 0xdf, 0xdf, 0xdf, 0xdf, 0xdf, 0xdf, 0xff, 0xff, 0xff, 0xff, 0xff, 0xff, 0xff, 0xff, 0xff, 0xff, 0xff, 0xff, 0xff, 0xff, 0xff, 0xff, 0xff, 0xff, 0xff, 0xff, 0xff, 0xff, 0xff, 0xff, 0xff, 0xff, 0xff, 0xff, 0xff, 0xff, 0xff, 0xff, 0xff, 0xff, 0xff, 0xff, 0xff, 0xff, 0xff, 0xff, 0xff, 0xff, 0xff, 0xff, 0xff, 0xff, 0xff, 0xff, 0xff, 0xff, 0xff, 0xff, 0xff, 0xff, 0xff, 0xff, 0xff, 0xff, 0xff, 0xff, 0xff, 0xff, 0xff, 0xff, 0xff, 0xff, 0xff, 0xff, 0xff, 0xff, 0xff, 0xff, 0xff, 0xff, 0xff, 0xff, 0xff, 0xff, 0xff, 0xff, 0xff, 0xff, 0xff, 0xff, 0xff, 0xff, 0xff, 0xdf, 0xdf, 0xdf, 0xdf, 0xdf, 0xdf, 0xdf, 0xdf, 0xdf, 0xdf, 0xdf, 0xdf, 0xdf, 0xdf, 0xdf, 0xdf, 
  0xdf, 0xdf, 0xdf, 0xdf, 0xdf, 0xdf, 0xdf, 0xdf, 0xdf, 0xdf, 0xdf, 0xdf, 0xdf, 0xdf, 0xdf, 0xdf, 0xff, 0xff, 0xff, 0xff, 0xff, 0xff, 0xff, 0xff, 0xff, 0xff, 0xff, 0xff, 0xff, 0xff, 0xff, 0xff, 0xff, 0xff, 0xff, 0xff, 0xff, 0xff, 0xff, 0xff, 0xff, 0xff, 0xff, 0xff, 0xff, 0xff, 0xff, 0xff, 0xff, 0xff, 0xff, 0xff, 0xff, 0xff, 0xff, 0xff, 0xff, 0xff, 0xff, 0xff, 0xff, 0xff, 0xff, 0xff, 0xff, 0xff, 0xff, 0xff, 0xff, 0xff, 0xff, 0xff, 0xff, 0xff, 0xff, 0xff, 0xff, 0xff, 0xff, 0xff, 0xff, 0xff, 0xff, 0xff, 0xff, 0xff, 0xff, 0xff, 0xff, 0xff, 0xff, 0xff, 0xff, 0xff, 0xff, 0xff, 0xff, 0xff, 0xff, 0xff, 0xff, 0xff, 0xff, 0xff, 0xdf, 0xdf, 0xdf, 0xdf, 0xdf, 0xdf, 0xdf, 0xdf, 0xdf, 0xdf, 0xdf, 0xdf, 0xdf, 0xdf, 0xdf, 0xdf, 
  0xdf, 0xdf, 0xdf, 0xdf, 0xdf, 0xdf, 0xdf, 0xdf, 0xdf, 0xdf, 0xdf, 0xdf, 0xdf, 0xdf, 0xdf, 0xdf, 0xff, 0xff, 0xff, 0xff, 0xff, 0xff, 0xff, 0xff, 0xff, 0xff, 0xff, 0xff, 0xff, 0xff, 0xff, 0xff, 0xff, 0xff, 0xff, 0xff, 0xff, 0xff, 0xff, 0xff, 0xff, 0xff, 0xff, 0xff, 0xff, 0xff, 0xff, 0xff, 0xff, 0xff, 0xff, 0xff, 0xff, 0xff, 0xff, 0xff, 0xff, 0xff, 0xff, 0xff, 0xff, 0xff, 0xff, 0xff, 0xff, 0xff, 0xff, 0xff, 0xff, 0xff, 0xff, 0xff, 0xff, 0xff, 0xff, 0xff, 0xff, 0xff, 0xff, 0xff, 0xff, 0xff, 0xff, 0xff, 0xff, 0xff, 0xff, 0xff, 0xff, 0xff, 0xff, 0xff, 0xff, 0xff, 0xff, 0xff, 0xff, 0xff, 0xff, 0xff, 0xff, 0xff, 0xff, 0xff, 0xdf, 0xdf, 0xdf, 0xdf, 0xdf, 0xdf, 0xdf, 0xdf, 0xdf, 0xdf, 0xdf, 0xdf, 0xdf, 0xdf, 0xdf, 0xdf, 
  0xdf, 0xdf, 0xdf, 0xdf, 0xdf, 0xdf, 0xdf, 0xdf, 0xdf, 0xdf, 0xdf, 0xdf, 0xdf, 0xdf, 0xdf, 0xdf, 0xff, 0xff, 0xff, 0xff, 0xff, 0xff, 0xff, 0xff, 0xff, 0xff, 0xff, 0xff, 0xff, 0xff, 0xff, 0xff, 0xff, 0xff, 0xff, 0xff, 0xff, 0xff, 0xff, 0xff, 0xff, 0xff, 0xff, 0xff, 0xff, 0xff, 0xff, 0xff, 0xff, 0xff, 0xff, 0xff, 0xff, 0xff, 0xff, 0xff, 0xff, 0xff, 0xff, 0xff, 0xff, 0xff, 0xff, 0xff, 0xff, 0xff, 0xff, 0xff, 0xff, 0xff, 0xff, 0xff, 0xff, 0xff, 0xff, 0xff, 0xff, 0xff, 0xff, 0xff, 0xff, 0xff, 0xff, 0xff, 0xff, 0xff, 0xff, 0xff, 0xff, 0xff, 0xff, 0xff, 0xff, 0xff, 0xff, 0xff, 0xff, 0xff, 0xff, 0xff, 0xff, 0xff, 0xff, 0xff, 0xdf, 0xdf, 0xdf, 0xdf, 0xdf, 0xdf, 0xdf, 0xdf, 0xdf, 0xdf, 0xdf, 0xdf, 0xdf, 0xdf, 0xdf, 0xdf, 
  0xdf, 0xdf, 0xdf, 0xdf, 0xdf, 0xdf, 0xdf, 0xdf, 0xdf, 0xdf, 0xdf, 0xdf, 0xdf, 0xdf, 0xdf, 0xdf, 0xff, 0xff, 0xff, 0xff, 0xff, 0xff, 0xff, 0xff, 0xff, 0xff, 0xff, 0xff, 0xff, 0xff, 0xff, 0xff, 0xff, 0xff, 0xff, 0xff, 0xff, 0xff, 0xff, 0xff, 0xff, 0xff, 0xff, 0xff, 0xff, 0xff, 0xff, 0xff, 0xff, 0xff, 0xff, 0xff, 0xff, 0xff, 0xff, 0xff, 0xff, 0xff, 0xff, 0xff, 0xff, 0xff, 0xff, 0xff, 0xff, 0xff, 0xff, 0xff, 0xff, 0xff, 0xff, 0xff, 0xff, 0xff, 0xff, 0xff, 0xff, 0xff, 0xff, 0xff, 0xff, 0xff, 0xff, 0xff, 0xff, 0xff, 0xff, 0xff, 0xff, 0xff, 0xff, 0xff, 0xff, 0xff, 0xff, 0xff, 0xff, 0xff, 0xff, 0xff, 0xff, 0xff, 0xff, 0xff, 0xdf, 0xdf, 0xdf, 0xdf, 0xdf, 0xdf, 0xdf, 0xdf, 0xdf, 0xdf, 0xdf, 0xdf, 0xdf, 0xdf, 0xdf, 0xdf, 
  0xdf, 0xdf, 0xdf, 0xdf, 0xdf, 0xdf, 0xdf, 0xdf, 0xdf, 0xdf, 0xdf, 0xdf, 0xdf, 0xdf, 0xdf, 0xdf, 0xff, 0xff, 0xff, 0xff, 0xff, 0xff, 0xff, 0xff, 0xff, 0xff, 0xff, 0xff, 0xff, 0xff, 0xff, 0xff, 0xff, 0xff, 0xff, 0xff, 0xff, 0xff, 0xff, 0xff, 0xff, 0xff, 0xff, 0xff, 0xff, 0xff, 0xff, 0xff, 0xff, 0xff, 0xff, 0xff, 0xff, 0xff, 0xff, 0xff, 0xff, 0xff, 0xff, 0xff, 0xff, 0xff, 0xff, 0xff, 0xff, 0xff, 0xff, 0xff, 0xff, 0xff, 0xff, 0xff, 0xff, 0xff, 0xff, 0xff, 0xff, 0xff, 0xff, 0xff, 0xff, 0xff, 0xff, 0xff, 0xff, 0xff, 0xff, 0xff, 0xff, 0xff, 0xff, 0xff, 0xff, 0xff, 0xff, 0xff, 0xff, 0xff, 0xff, 0xff, 0xff, 0xff, 0xff, 0xff, 0xff, 0xdf, 0xdf, 0xdf, 0xdf, 0xdf, 0xdf, 0xdf, 0xdf, 0xdf, 0xdf, 0xdf, 0xdf, 0xdf, 0xdf, 0xdf, 
  0xdf, 0xdf, 0xdf, 0xdf, 0xdf, 0xdf, 0xdf, 0xdf, 0xdf, 0xdf, 0xdf, 0xdf, 0xdf, 0xdf, 0xdf, 0xff, 0xff, 0xff, 0xff, 0xff, 0xff, 0xff, 0xff, 0xff, 0xff, 0xff, 0xff, 0xff, 0xff, 0xff, 0xff, 0xff, 0xff, 0xff, 0xff, 0xff, 0xff, 0xff, 0xff, 0xff, 0xff, 0xff, 0xff, 0xff, 0xff, 0xff, 0xff, 0xff, 0xff, 0xff, 0xff, 0xff, 0xff, 0xff, 0xff, 0xff, 0xff, 0xff, 0xff, 0xff, 0xff, 0xff, 0xff, 0xff, 0xff, 0xff, 0xff, 0xff, 0xff, 0xff, 0xff, 0xff, 0xff, 0xff, 0xff, 0xff, 0xff, 0xff, 0xff, 0xff, 0xff, 0xff, 0xff, 0xff, 0xff, 0xff, 0xff, 0xff, 0xff, 0xff, 0xff, 0xff, 0xff, 0xff, 0xff, 0xff, 0xff, 0xff, 0xff, 0xff, 0xff, 0xff, 0xff, 0xff, 0xff, 0xff, 0xff, 0xdf, 0xdf, 0xdf, 0xdf, 0xdf, 0xdf, 0xdf, 0xdf, 0xdf, 0xdf, 0xdf, 0xdf, 0xdf, 
  0xdf, 0xdf, 0xdf, 0xdf, 0xdf, 0xdf, 0xdf, 0xdf, 0xdf, 0xdf, 0xdf, 0xdf, 0xdf, 0xdf, 0xff, 0xff, 0xff, 0xff, 0xff, 0xff, 0xff, 0xff, 0xff, 0xff, 0xff, 0xff, 0xff, 0xff, 0xff, 0xff, 0xff, 0xff, 0xff, 0xff, 0xff, 0xff, 0xff, 0xff, 0xff, 0xff, 0xff, 0xff, 0xff, 0xff, 0xff, 0xff, 0xff, 0xff, 0xff, 0xff, 0xff, 0xff, 0xff, 0xff, 0xff, 0xff, 0xff, 0xff, 0xff, 0xff, 0xff, 0xff, 0xff, 0xff, 0xff, 0xff, 0xff, 0xff, 0xff, 0xff, 0xff, 0xff, 0xff, 0xff, 0xff, 0xff, 0xff, 0xff, 0xff, 0xff, 0xff, 0xff, 0xff, 0xff, 0xff, 0xff, 0xff, 0xff, 0xff, 0xff, 0xff, 0xff, 0xff, 0xff, 0xff, 0xff, 0xff, 0xff, 0xff, 0xff, 0xff, 0xff, 0xff, 0xff, 0xff, 0xff, 0xff, 0xff, 0xdf, 0xdf, 0xdf, 0xdf, 0xdf, 0xdf, 0xdf, 0xdf, 0xdf, 0xdf, 0xdf, 0xdf, 
  0xdf, 0xdf, 0xdf, 0xdf, 0xdf, 0xdf, 0xdf, 0xdf, 0xdf, 0xdf, 0xdf, 0xdf, 0xdf, 0xff, 0xff, 0xff, 0xff, 0xff, 0xff, 0xff, 0xff, 0xff, 0xff, 0xff, 0xff, 0xff, 0xff, 0xff, 0xff, 0xff, 0xff, 0xff, 0xff, 0xff, 0xff, 0xff, 0xff, 0xff, 0xff, 0xff, 0xff, 0xff, 0xff, 0xff, 0xff, 0xff, 0xff, 0xff, 0xff, 0xff, 0xff, 0xff, 0xff, 0xff, 0xff, 0xff, 0xff, 0xff, 0xff, 0xff, 0xff, 0xff, 0xff, 0xff, 0xff, 0xff, 0xff, 0xff, 0xff, 0xff, 0xff, 0xff, 0xff, 0xff, 0xff, 0xff, 0xff, 0xff, 0xff, 0xff, 0xff, 0xff, 0xff, 0xff, 0xff, 0xff, 0xff, 0xff, 0xff, 0xff, 0xff, 0xff, 0xff, 0xff, 0xff, 0xff, 0xff, 0xff, 0xff, 0xff, 0xff, 0xff, 0xff, 0xff, 0xff, 0xff, 0xff, 0xff, 0xff, 0xff, 0xff, 0xdf, 0xdf, 0xdf, 0xdf, 0xdf, 0xdf, 0xdf, 0xdf, 0xdf, 
  0xdf, 0xdf, 0xdf, 0xdf, 0xdf, 0xdf, 0xdf, 0xdf, 0xdf, 0xdf, 0xdf, 0xff, 0xff, 0xff, 0xff, 0xff, 0xff, 0xff, 0xff, 0xff, 0xff, 0xff, 0xff, 0xff, 0xff, 0xff, 0xff, 0xff, 0xff, 0xff, 0xff, 0xff, 0xff, 0xff, 0xff, 0xff, 0xff, 0xff, 0xff, 0xff, 0xff, 0xff, 0xff, 0xff, 0xff, 0xff, 0xff, 0xff, 0xff, 0xff, 0xff, 0xff, 0xff, 0xff, 0xff, 0xff, 0xff, 0xff, 0xff, 0xff, 0xff, 0xff, 0xff, 0xff, 0xff, 0xff, 0xff, 0xff, 0xff, 0xff, 0xff, 0xff, 0xff, 0xff, 0xff, 0xff, 0xff, 0xff, 0xff, 0xff, 0xff, 0xff, 0xff, 0xff, 0xff, 0xff, 0xff, 0xff, 0xff, 0xff, 0xff, 0xff, 0xff, 0xff, 0xff, 0xff, 0xff, 0xff, 0xff, 0xff, 0xff, 0xff, 0xff, 0xff, 0xff, 0xff, 0xff, 0xff, 0xff, 0xff, 0xff, 0xff, 0xdf, 0xdf, 0xdf, 0xdf, 0xdf, 0xdf, 0xdf, 0xdf, 
  0xdf, 0xdf, 0xdf, 0xdf, 0xdf, 0xdf, 0xdf, 0xdf, 0xdf, 0xdf, 0xff, 0xff, 0xff, 0xff, 0xff, 0xff, 0xff, 0xff, 0xff, 0xff, 0xff, 0xff, 0xff, 0xff, 0xff, 0xff, 0xff, 0xff, 0xff, 0xff, 0xff, 0xff, 0xff, 0xff, 0xff, 0xff, 0xff, 0xff, 0xff, 0xff, 0xff, 0xff, 0xff, 0xff, 0xff, 0xff, 0xff, 0xff, 0xff, 0xff, 0xff, 0xff, 0xff, 0xff, 0xff, 0xff, 0xff, 0xff, 0xff, 0xff, 0xff, 0xff, 0xff, 0xff, 0xff, 0xff, 0xff, 0xff, 0xff, 0xff, 0xff, 0xff, 0xff, 0xff, 0xff, 0xff, 0xff, 0xff, 0xff, 0xff, 0xff, 0xff, 0xff, 0xff, 0xff, 0xff, 0xff, 0xff, 0xff, 0xff, 0xff, 0xff, 0xff, 0xff, 0xff, 0xff, 0xff, 0xff, 0xff, 0xff, 0xff, 0xff, 0xff, 0xff, 0xff, 0xff, 0xff, 0xff, 0xff, 0xff, 0xff, 0xff, 0xff, 0xdf, 0xdf, 0xdf, 0xdf, 0xdf, 0xdf, 0xdf, 
  0xdf, 0xdf, 0xdf, 0xdf, 0xdf, 0xdf, 0xdf, 0xdf, 0xdf, 0xff, 0xff, 0xff, 0xff, 0xff, 0xff, 0xff, 0xff, 0xff, 0xff, 0xff, 0xff, 0xff, 0xff, 0xff, 0xff, 0xff, 0xff, 0xff, 0xff, 0xff, 0xff, 0xff, 0xff, 0xff, 0xff, 0xff, 0xff, 0xff, 0xff, 0xff, 0xff, 0xff, 0xff, 0xff, 0xff, 0xff, 0xff, 0xff, 0xff, 0xff, 0xff, 0xff, 0xff, 0xff, 0xff, 0xff, 0xff, 0xff, 0xff, 0xff, 0xff, 0xff, 0xff, 0xff, 0xff, 0xff, 0xff, 0xff, 0xff, 0xff, 0xff, 0xff, 0xff, 0xff, 0xff, 0xff, 0xff, 0xff, 0xff, 0xff, 0xff, 0xff, 0xff, 0xff, 0xff, 0xff, 0xff, 0xff, 0xff, 0xff, 0xff, 0xff, 0xff, 0xff, 0xff, 0xff, 0xff, 0xff, 0xff, 0xff, 0xff, 0xff, 0xff, 0xff, 0xff, 0xff, 0xff, 0xff, 0xff, 0xff, 0xff, 0xff, 0xff, 0xff, 0xdf, 0xdf, 0xdf, 0xdf, 0xdf, 0xdf, 
  0xdf, 0xdf, 0xdf, 0xdf, 0xdf, 0xdf, 0xdf, 0xdf, 0xff, 0xff, 0xff, 0xff, 0xff, 0xff, 0xff, 0xff, 0xff, 0xff, 0xff, 0xff, 0xff, 0xff, 0xff, 0xff, 0xff, 0xff, 0xff, 0xff, 0xff, 0xff, 0xff, 0xff, 0xff, 0xff, 0xff, 0xff, 0xff, 0xff, 0xff, 0xff, 0xff, 0xff, 0xff, 0xff, 0xff, 0xff, 0xff, 0xff, 0xff, 0xff, 0xff, 0xff, 0xff, 0xff, 0xff, 0xff, 0xff, 0xff, 0xff, 0xff, 0xff, 0xff, 0xff, 0xff, 0xff, 0xff, 0xff, 0xff, 0xff, 0xff, 0xff, 0xff, 0xff, 0xff, 0xff, 0xff, 0xff, 0xff, 0xff, 0xff, 0xff, 0xff, 0xff, 0xff, 0xff, 0xff, 0xff, 0xff, 0xff, 0xff, 0xff, 0xff, 0xff, 0xff, 0xff, 0xff, 0xff, 0xff, 0xff, 0xff, 0xff, 0xff, 0xff, 0xff, 0xff, 0xff, 0xff, 0xff, 0xff, 0xff, 0xff, 0xff, 0xff, 0xff, 0xff, 0xdf, 0xdf, 0xdf, 0xdf, 0xdf, 
  0xdf, 0xdf, 0xdf, 0xdf, 0xdf, 0xdf, 0xdf, 0xff, 0xff, 0xff, 0xff, 0xff, 0xff, 0xff, 0xff, 0xff, 0xff, 0xff, 0xff, 0xff, 0xff, 0xff, 0xff, 0xff, 0xff, 0xff, 0xff, 0xff, 0xff, 0xff, 0xff, 0xff, 0xff, 0xff, 0xff, 0xff, 0xff, 0xff, 0xff, 0xff, 0xff, 0xff, 0xff, 0xff, 0xff, 0xff, 0xff, 0xff, 0xff, 0xff, 0xff, 0xff, 0xff, 0xff, 0xff, 0xff, 0xff, 0xff, 0xff, 0xff, 0xff, 0xff, 0xff, 0xff, 0xff, 0xff, 0xff, 0xff, 0xff, 0xff, 0xff, 0xff, 0xff, 0xff, 0xff, 0xff, 0xff, 0xff, 0xff, 0xff, 0xff, 0xff, 0xff, 0xff, 0xff, 0xff, 0xff, 0xff, 0xff, 0xff, 0xff, 0xff, 0xff, 0xff, 0xff, 0xff, 0xff, 0xff, 0xff, 0xff, 0xff, 0xff, 0xff, 0xff, 0xff, 0xff, 0xff, 0xff, 0xff, 0xff, 0xff, 0xff, 0xff, 0xff, 0xff, 0xdf, 0xdf, 0xdf, 0xdf, 0xdf, 
  0xdf, 0xdf, 0xdf, 0xdf, 0xdf, 0xdf, 0xff, 0xff, 0xff, 0xff, 0xff, 0xff, 0xff, 0xff, 0xff, 0xff, 0xff, 0xff, 0xff, 0xff, 0xff, 0xff, 0xff, 0xff, 0xff, 0xff, 0xff, 0xff, 0xff, 0xff, 0xff, 0xff, 0xff, 0xff, 0xff, 0xff, 0xff, 0xff, 0xff, 0xff, 0xff, 0xff, 0xff, 0xff, 0xff, 0xff, 0xff, 0xff, 0xff, 0xff, 0xff, 0xff, 0xff, 0xff, 0xff, 0xff, 0xff, 0xff, 0xff, 0xff, 0xff, 0xff, 0xff, 0xff, 0xff, 0xff, 0xff, 0xff, 0xff, 0xff, 0xff, 0xff, 0xff, 0xff, 0xff, 0xff, 0xff, 0xff, 0xff, 0xff, 0xff, 0xff, 0xff, 0xff, 0xff, 0xff, 0xff, 0xff, 0xff, 0xff, 0xff, 0xff, 0xff, 0xff, 0xff, 0xff, 0xff, 0xff, 0xff, 0xff, 0xff, 0xff, 0xff, 0xff, 0xff, 0xff, 0xff, 0xff, 0xff, 0xff, 0xff, 0xff, 0xff, 0xff, 0xff, 0xff, 0xdf, 0xdf, 0xdf, 0xdf, 
  0xdf, 0xdf, 0xdf, 0xdf, 0xdf, 0xff, 0xff, 0xff, 0xff, 0xff, 0xff, 0xff, 0xff, 0xff, 0xff, 0xff, 0xff, 0xff, 0xff, 0xff, 0xff, 0xff, 0xff, 0xff, 0xff, 0xff, 0xff, 0xff, 0xff, 0xff, 0xff, 0xff, 0xff, 0xff, 0xff, 0xff, 0xff, 0xff, 0xff, 0xff, 0xff, 0xff, 0xff, 0xff, 0xff, 0xff, 0xff, 0xff, 0xff, 0xff, 0xff, 0xff, 0xff, 0xff, 0xff, 0xff, 0xff, 0xff, 0xff, 0xff, 0xff, 0xff, 0xff, 0xff, 0xff, 0xff, 0xff, 0xff, 0xff, 0xff, 0xff, 0xff, 0xff, 0xff, 0xff, 0xff, 0xff, 0xff, 0xff, 0xff, 0xff, 0xff, 0xff, 0xff, 0xff, 0xff, 0xff, 0xff, 0xff, 0xff, 0xff, 0xff, 0xff, 0xff, 0xff, 0xff, 0xff, 0xff, 0xff, 0xff, 0xff, 0xff, 0xff, 0xff, 0xff, 0xff, 0xff, 0xff, 0xff, 0xff, 0xff, 0xff, 0xff, 0xff, 0xff, 0xff, 0xff, 0xdf, 0xdf, 0xdf, 
  0xdf, 0xdf, 0xdf, 0xdf, 0xff, 0xff, 0xff, 0xff, 0xff, 0xff, 0xff, 0xff, 0xff, 0xff, 0xff, 0xff, 0xff, 0xff, 0xff, 0xff, 0xff, 0xff, 0xff, 0xff, 0xff, 0xff, 0xff, 0xff, 0xff, 0xff, 0xff, 0xff, 0xff, 0xff, 0xff, 0xff, 0xff, 0xff, 0xff, 0xff, 0xff, 0xff, 0xff, 0xff, 0xff, 0xff, 0xff, 0xff, 0xff, 0xff, 0xff, 0xff, 0xff, 0xff, 0xff, 0xff, 0xff, 0xff, 0xff, 0xff, 0xff, 0xff, 0xff, 0xff, 0xff, 0xff, 0xff, 0xff, 0xff, 0xff, 0xff, 0xff, 0xff, 0xff, 0xff, 0xff, 0xff, 0xff, 0xff, 0xff, 0xff, 0xff, 0xff, 0xff, 0xff, 0xff, 0xff, 0xff, 0xff, 0xff, 0xff, 0xff, 0xff, 0xff, 0xff, 0xff, 0xff, 0xff, 0xff, 0xff, 0xff, 0xff, 0xff, 0xff, 0xff, 0xff, 0xff, 0xff, 0xff, 0xff, 0xff, 0xff, 0xff, 0xff, 0xff, 0xff, 0xff, 0xff, 0xdf, 0xdf, 
  0xdf, 0xdf, 0xdf, 0xdf, 0xff, 0xff, 0xff, 0xff, 0xff, 0xff, 0xff, 0xff, 0xff, 0xff, 0xff, 0xff, 0xff, 0xff, 0xff, 0xff, 0xff, 0xff, 0xff, 0xff, 0xff, 0xff, 0xff, 0xff, 0xff, 0xff, 0xff, 0xff, 0xff, 0xff, 0xff, 0xff, 0xff, 0xff, 0xff, 0xff, 0xff, 0xff, 0xff, 0xff, 0xff, 0xff, 0xff, 0xff, 0xff, 0xff, 0xff, 0xff, 0xff, 0xff, 0xff, 0xff, 0xff, 0xff, 0xff, 0xff, 0xff, 0xff, 0xff, 0xff, 0xff, 0xff, 0xff, 0xff, 0xff, 0xff, 0xff, 0xff, 0xff, 0xff, 0xff, 0xff, 0xff, 0xff, 0xff, 0xff, 0xff, 0xff, 0xff, 0xff, 0xff, 0xff, 0xff, 0xff, 0xff, 0xff, 0xff, 0xff, 0xff, 0xff, 0xff, 0xff, 0xff, 0xff, 0xff, 0xff, 0xff, 0xff, 0xff, 0xff, 0xff, 0xff, 0xff, 0xff, 0xff, 0xff, 0xff, 0xff, 0xff, 0xff, 0xff, 0xff, 0xff, 0xff, 0xdf, 0xdf, 
  0xdf, 0xdf, 0xdf, 0xff, 0xff, 0xff, 0xff, 0xff, 0xff, 0xff, 0xff, 0xff, 0xff, 0xff, 0xff, 0xff, 0xff, 0xff, 0xff, 0xff, 0xff, 0xff, 0xff, 0xff, 0xff, 0xff, 0xff, 0xff, 0xff, 0xff, 0xff, 0xff, 0xff, 0xff, 0xff, 0xff, 0xff, 0xff, 0xff, 0xff, 0xff, 0xff, 0xff, 0xff, 0xff, 0xff, 0xff, 0xff, 0xff, 0xff, 0xff, 0xff, 0xff, 0xff, 0xff, 0xff, 0xff, 0xff, 0xff, 0xff, 0xff, 0xff, 0xff, 0xff, 0xff, 0xff, 0xff, 0xff, 0xff, 0xff, 0xff, 0xff, 0xff, 0xff, 0xff, 0xff, 0xff, 0xff, 0xff, 0xff, 0xff, 0xff, 0xff, 0xff, 0xff, 0xff, 0xff, 0xff, 0xff, 0xff, 0xff, 0xff, 0xff, 0xff, 0xff, 0xff, 0xff, 0xff, 0xff, 0xff, 0xff, 0xff, 0xff, 0xff, 0xff, 0xff, 0xff, 0xff, 0xff, 0xff, 0xff, 0xff, 0xff, 0xff, 0xff, 0xff, 0xff, 0xff, 0xff, 0xdf, 
  0xdf, 0xdf, 0xdf, 0xff, 0xff, 0xff, 0xff, 0xff, 0xff, 0xff, 0xff, 0xff, 0xff, 0xff, 0xff, 0xff, 0xff, 0xff, 0xff, 0xff, 0xff, 0xff, 0xff, 0xff, 0xff, 0xff, 0xff, 0xff, 0xff, 0xff, 0xff, 0xff, 0xff, 0xff, 0xff, 0xff, 0xff, 0xff, 0xff, 0xff, 0xff, 0xff, 0xff, 0xff, 0xff, 0xff, 0xff, 0xff, 0xff, 0xff, 0xff, 0xff, 0xff, 0xff, 0xff, 0xff, 0xff, 0xff, 0xff, 0xff, 0xff, 0xff, 0xff, 0xff, 0xff, 0xff, 0xff, 0xff, 0xff, 0xff, 0xff, 0xff, 0xff, 0xff, 0xff, 0xff, 0xff, 0xff, 0xff, 0xff, 0xff, 0xff, 0xff, 0xff, 0xff, 0xff, 0xff, 0xff, 0xff, 0xff, 0xff, 0xff, 0xff, 0xff, 0xff, 0xff, 0xff, 0xff, 0xff, 0xff, 0xff, 0xff, 0xff, 0xff, 0xff, 0xff, 0xff, 0xff, 0xff, 0xff, 0xff, 0xff, 0xff, 0xff, 0xff, 0xff, 0xff, 0xff, 0xff, 0xdf, 
  0xdf, 0xdf, 0xff, 0xff, 0xff, 0xff, 0xff, 0xff, 0xff, 0xff, 0xff, 0xff, 0xff, 0xff, 0xff, 0xff, 0xff, 0xff, 0xff, 0xff, 0xff, 0xff, 0xff, 0xff, 0xff, 0xff, 0xff, 0xff, 0xff, 0xff, 0xff, 0xff, 0xff, 0xff, 0xff, 0xff, 0xff, 0xff, 0xff, 0xff, 0xff, 0xff, 0xff, 0xff, 0xff, 0xff, 0xff, 0xff, 0xff, 0xff, 0xff, 0xff, 0xff, 0xff, 0xff, 0xff, 0xff, 0xff, 0xff, 0xff, 0xff, 0xff, 0xff, 0xff, 0xff, 0xff, 0xff, 0xff, 0xff, 0xff, 0xff, 0xff, 0xff, 0xff, 0xff, 0xff, 0xff, 0xff, 0xff, 0xff, 0xff, 0xff, 0xff, 0xff, 0xff, 0xff, 0xff, 0xff, 0xff, 0xff, 0xff, 0xff, 0xff, 0xff, 0xff, 0xff, 0xff, 0xff, 0xff, 0xff, 0xff, 0xff, 0xff, 0xff, 0xff, 0xff, 0xff, 0xff, 0xff, 0xff, 0xff, 0xff, 0xff, 0xff, 0xff, 0xff, 0xff, 0xff, 0xff, 0xff, 
  0xdf, 0xdf, 0xff, 0xff, 0xff, 0xff, 0xff, 0xff, 0xff, 0xff, 0xff, 0xff, 0xff, 0xff, 0xff, 0xff, 0xff, 0xff, 0xff, 0xff, 0xff, 0xff, 0xff, 0xff, 0xff, 0xff, 0xff, 0xff, 0xff, 0xff, 0xff, 0xff, 0xff, 0xff, 0xff, 0xff, 0xff, 0xff, 0xff, 0xff, 0xff, 0xff, 0xff, 0xff, 0xff, 0xff, 0xff, 0xff, 0xff, 0xff, 0xff, 0xff, 0xff, 0xff, 0xff, 0xff, 0xff, 0xff, 0xff, 0xff, 0xff, 0xff, 0xff, 0xff, 0xff, 0xff, 0xff, 0xff, 0xff, 0xff, 0xff, 0xff, 0xff, 0xff, 0xff, 0xff, 0xff, 0xff, 0xff, 0xff, 0xff, 0xff, 0xff, 0xff, 0xff, 0xff, 0xff, 0xff, 0xff, 0xff, 0xff, 0xff, 0xff, 0xff, 0xff, 0xff, 0xff, 0xff, 0xff, 0xff, 0xff, 0xff, 0xff, 0xff, 0xff, 0xff, 0xff, 0xff, 0xff, 0xff, 0xff, 0xff, 0xff, 0xff, 0xff, 0xff, 0xff, 0xff, 0xff, 0xff, 
  0xdf, 0xdf, 0xff, 0xff, 0xff, 0xff, 0xff, 0xff, 0xff, 0xff, 0xff, 0xff, 0xff, 0xff, 0xff, 0xff, 0xff, 0xff, 0xff, 0xff, 0xff, 0xff, 0xff, 0xff, 0xff, 0xff, 0xff, 0xff, 0xff, 0xff, 0xff, 0xff, 0xff, 0xff, 0xff, 0xff, 0xff, 0xff, 0xff, 0xff, 0xff, 0xff, 0xff, 0xff, 0xff, 0xff, 0xff, 0xff, 0xff, 0xff, 0xff, 0xff, 0xff, 0xff, 0xff, 0xff, 0xff, 0xff, 0xff, 0xff, 0xff, 0xff, 0xff, 0xff, 0xff, 0xff, 0xff, 0xff, 0xff, 0xff, 0xff, 0xff, 0xff, 0xff, 0xff, 0xff, 0xff, 0xff, 0xff, 0xff, 0xff, 0xff, 0xff, 0xff, 0xff, 0xff, 0xff, 0xff, 0xff, 0xff, 0xff, 0xff, 0xff, 0xff, 0xff, 0xff, 0xff, 0xff, 0xff, 0xff, 0xff, 0xff, 0xff, 0xff, 0xff, 0xff, 0xff, 0xff, 0xff, 0xff, 0xff, 0xff, 0xff, 0xff, 0xff, 0xff, 0xff, 0xff, 0xff, 0xff, 
  0xdf, 0xdf, 0xff, 0xff, 0xff, 0xff, 0xff, 0xff, 0xff, 0xff, 0xff, 0xff, 0xff, 0xff, 0xff, 0xff, 0xff, 0xff, 0xff, 0xff, 0xff, 0xff, 0xff, 0xff, 0xff, 0xff, 0xff, 0xff, 0xff, 0xff, 0xff, 0xff, 0xff, 0xff, 0xff, 0xff, 0xff, 0xff, 0xff, 0xff, 0xff, 0xff, 0xff, 0xff, 0xff, 0xff, 0xff, 0xff, 0xff, 0xff, 0xff, 0xff, 0xff, 0xff, 0xff, 0xff, 0xff, 0xff, 0xff, 0xff, 0xff, 0xff, 0xff, 0xff, 0xff, 0xff, 0xff, 0xff, 0xff, 0xff, 0xff, 0xff, 0xff, 0xff, 0xff, 0xff, 0xff, 0xff, 0xff, 0xff, 0xff, 0xff, 0xff, 0xff, 0xff, 0xff, 0xff, 0xff, 0xff, 0xff, 0xff, 0xff, 0xff, 0xff, 0xff, 0xff, 0xff, 0xff, 0xff, 0xff, 0xff, 0xff, 0xff, 0xff, 0xff, 0xff, 0xff, 0xff, 0xff, 0xff, 0xff, 0xff, 0xff, 0xff, 0xff, 0xff, 0xff, 0xff, 0xff, 0xff, 
  0xdf, 0xdf, 0xff, 0xff, 0xff, 0xff, 0xff, 0xff, 0xff, 0xff, 0xff, 0xff, 0xff, 0xff, 0xff, 0xff, 0xff, 0xff, 0xff, 0xff, 0xff, 0xff, 0xff, 0xff, 0xff, 0xff, 0xff, 0xff, 0xff, 0xff, 0xff, 0xff, 0xff, 0xff, 0xff, 0xff, 0xff, 0xff, 0xff, 0xff, 0xff, 0xff, 0xff, 0xff, 0xff, 0xff, 0xff, 0xff, 0xff, 0xff, 0xff, 0xff, 0xff, 0xff, 0xff, 0xff, 0xff, 0xff, 0xff, 0xff, 0xff, 0xff, 0xff, 0xff, 0xff, 0xff, 0xff, 0xff, 0xff, 0xff, 0xff, 0xff, 0xff, 0xff, 0xff, 0xff, 0xff, 0xff, 0xff, 0xff, 0xff, 0xff, 0xff, 0xff, 0xff, 0xff, 0xff, 0xff, 0xff, 0xff, 0xff, 0xff, 0xff, 0xff, 0xff, 0xff, 0xff, 0xff, 0xff, 0xff, 0xff, 0xff, 0xff, 0xff, 0xff, 0xff, 0xff, 0xff, 0xff, 0xff, 0xff, 0xff, 0xff, 0xff, 0xff, 0xff, 0xff, 0xff, 0xff, 0xff, 
  0xdf, 0xff, 0xff, 0xff, 0xff, 0xff, 0xff, 0xff, 0xff, 0xff, 0xff, 0xff, 0xff, 0xff, 0xff, 0xff, 0xff, 0xff, 0xff, 0xff, 0xff, 0xff, 0xff, 0xff, 0xff, 0xff, 0xff, 0xff, 0xff, 0xff, 0xff, 0xff, 0xff, 0xff, 0xff, 0xff, 0xff, 0xff, 0xff, 0xff, 0xff, 0xff, 0xff, 0xff, 0xff, 0xff, 0xff, 0xff, 0xff, 0xff, 0xff, 0xff, 0xff, 0xff, 0xff, 0xff, 0xff, 0xff, 0xff, 0xff, 0xff, 0xff, 0xff, 0xff, 0xff, 0xff, 0xff, 0xff, 0xff, 0xff, 0xff, 0xff, 0xff, 0xff, 0xff, 0xff, 0xff, 0xff, 0xff, 0xff, 0xff, 0xff, 0xff, 0xff, 0xff, 0xff, 0xff, 0xff, 0xff, 0xff, 0xff, 0xff, 0xff, 0xff, 0xff, 0xff, 0xff, 0xff, 0xff, 0xff, 0xff, 0xff, 0xff, 0xff, 0xff, 0xff, 0xff, 0xff, 0xff, 0xff, 0xff, 0xff, 0xff, 0xff, 0xff, 0xff, 0xff, 0xff, 0xff, 0xff, 
  0xdf, 0xff, 0xff, 0xff, 0xff, 0xff, 0xff, 0xff, 0xff, 0xff, 0xff, 0xff, 0xff, 0xff, 0xff, 0xff, 0xff, 0xff, 0xff, 0xff, 0xff, 0xff, 0xff, 0xff, 0xff, 0xff, 0xff, 0xff, 0xff, 0xff, 0xff, 0xff, 0xff, 0xff, 0xff, 0xff, 0xff, 0xff, 0xff, 0xff, 0xff, 0xff, 0xff, 0xff, 0xff, 0xff, 0xff, 0xff, 0xff, 0xff, 0xff, 0xff, 0xff, 0xff, 0xff, 0xff, 0xff, 0xff, 0xff, 0xff, 0xff, 0xff, 0xff, 0xff, 0xff, 0xff, 0xff, 0xff, 0xff, 0xff, 0xff, 0xff, 0xff, 0xff, 0xff, 0xff, 0xff, 0xff, 0xff, 0xff, 0xff, 0xff, 0xff, 0xff, 0xff, 0xff, 0xff, 0xff, 0xff, 0xff, 0xff, 0xff, 0xff, 0xff, 0xff, 0xff, 0xff, 0xff, 0xff, 0xff, 0xff, 0xff, 0xff, 0xff, 0xff, 0xff, 0xff, 0xff, 0xff, 0xff, 0xff, 0xff, 0xff, 0xff, 0xff, 0xff, 0xff, 0xff, 0xff, 0xff, 
  0xdf, 0xff, 0xff, 0xff, 0xff, 0xff, 0xff, 0xff, 0xff, 0xff, 0xff, 0xff, 0xff, 0xff, 0xff, 0xff, 0xff, 0xff, 0xff, 0xff, 0xff, 0xff, 0xff, 0xff, 0xff, 0xff, 0xff, 0xff, 0xff, 0xff, 0xff, 0xff, 0xff, 0xff, 0xff, 0xff, 0xff, 0xff, 0xff, 0xff, 0xff, 0xff, 0xff, 0xff, 0xff, 0xff, 0xff, 0xff, 0xff, 0xff, 0xff, 0xff, 0xff, 0xff, 0xff, 0xff, 0xff, 0xff, 0xff, 0xff, 0xff, 0xff, 0xff, 0xff, 0xff, 0xff, 0xff, 0xff, 0xff, 0xff, 0xff, 0xff, 0xff, 0xff, 0xff, 0xff, 0xff, 0xff, 0xff, 0xff, 0xff, 0xff, 0xff, 0xff, 0xff, 0xff, 0xff, 0xff, 0xff, 0xff, 0xff, 0xff, 0xff, 0xff, 0xff, 0xff, 0xff, 0xff, 0xff, 0xff, 0xff, 0xff, 0xff, 0xff, 0xff, 0xff, 0xff, 0xff, 0xff, 0xff, 0xff, 0xff, 0xff, 0xff, 0xff, 0xff, 0xff, 0xff, 0xff, 0xff, 
  0xdf, 0xff, 0xff, 0xff, 0xff, 0xff, 0xff, 0xff, 0xff, 0xff, 0xff, 0xff, 0xff, 0xff, 0xff, 0xff, 0xff, 0xff, 0xff, 0xff, 0xff, 0xff, 0xff, 0xff, 0xff, 0xff, 0xff, 0xff, 0xff, 0xff, 0xff, 0xff, 0xff, 0xff, 0xff, 0xff, 0xff, 0xff, 0xff, 0xff, 0xff, 0xff, 0xff, 0xff, 0xff, 0xff, 0xff, 0xff, 0xff, 0xff, 0xff, 0xff, 0xff, 0xff, 0xff, 0xff, 0xff, 0xff, 0xff, 0xff, 0xff, 0xff, 0xff, 0xff, 0xff, 0xff, 0xff, 0xff, 0xff, 0xff, 0xff, 0xff, 0xff, 0xff, 0xff, 0xff, 0xff, 0xff, 0xff, 0xff, 0xff, 0xff, 0xff, 0xff, 0xff, 0xff, 0xff, 0xff, 0xff, 0xff, 0xff, 0xff, 0xff, 0xff, 0xff, 0xff, 0xff, 0xff, 0xff, 0xff, 0xff, 0xff, 0xff, 0xff, 0xff, 0xff, 0xff, 0xff, 0xff, 0xff, 0xff, 0xff, 0xff, 0xff, 0xff, 0xff, 0xff, 0xff, 0xff, 0xff, 
  0xff, 0xff, 0xff, 0xff, 0xff, 0xff, 0xff, 0xff, 0xff, 0xff, 0xff, 0xff, 0xff, 0xff, 0xff, 0xff, 0xff, 0xff, 0xff, 0xff, 0xff, 0xff, 0xff, 0xff, 0xff, 0xff, 0xff, 0xff, 0xff, 0xff, 0xff, 0xff, 0xff, 0xff, 0xff, 0xff, 0xff, 0xff, 0xff, 0xff, 0xff, 0xff, 0xff, 0xff, 0xff, 0xff, 0xff, 0xff, 0xff, 0xff, 0xff, 0xff, 0xff, 0xff, 0xff, 0xff, 0xff, 0xff, 0xff, 0xff, 0xff, 0xff, 0xff, 0xff, 0xff, 0xff, 0xff, 0xff, 0xff, 0xff, 0xff, 0xff, 0xff, 0xff, 0xff, 0xff, 0xff, 0xff, 0xff, 0xff, 0xff, 0xff, 0xff, 0xff, 0xff, 0xff, 0xff, 0xff, 0xff, 0xff, 0xff, 0xff, 0xff, 0xff, 0xff, 0xff, 0xff, 0xff, 0xff, 0xff, 0xff, 0xff, 0xff, 0xff, 0xff, 0xff, 0xff, 0xff, 0xff, 0xff, 0xff, 0xff, 0xff, 0xff, 0xff, 0xff, 0xff, 0xff, 0xff, 0xff, 
  0xdf, 0xff, 0xff, 0xff, 0xff, 0xff, 0xff, 0xff, 0xff, 0xff, 0xff, 0xff, 0xff, 0xff, 0xff, 0xff, 0xff, 0xff, 0xff, 0xff, 0xff, 0xff, 0xff, 0xff, 0xff, 0xff, 0xff, 0xff, 0xff, 0xff, 0xff, 0xff, 0xff, 0xff, 0xff, 0xff, 0xff, 0xff, 0xff, 0xff, 0xff, 0xff, 0xff, 0xff, 0xff, 0xff, 0xff, 0xff, 0xff, 0xff, 0xff, 0xff, 0xff, 0xff, 0xff, 0xff, 0xff, 0xff, 0xff, 0xff, 0xff, 0xff, 0xff, 0xff, 0xff, 0xff, 0xff, 0xff, 0xff, 0xff, 0xff, 0xff, 0xff, 0xff, 0xff, 0xff, 0xff, 0xff, 0xff, 0xff, 0xff, 0xff, 0xff, 0xff, 0xff, 0xff, 0xff, 0xff, 0xff, 0xff, 0xff, 0xff, 0xff, 0xff, 0xff, 0xff, 0xff, 0xff, 0xff, 0xff, 0xff, 0xff, 0xff, 0xff, 0xff, 0xff, 0xff, 0xff, 0xff, 0xff, 0xff, 0xff, 0xff, 0xff, 0xff, 0xff, 0xff, 0xff, 0xff, 0xff, 
  0xdf, 0xff, 0xff, 0xff, 0xff, 0xff, 0xff, 0xff, 0xff, 0xff, 0xff, 0xff, 0xff, 0xff, 0xff, 0xff, 0xff, 0xff, 0xff, 0xff, 0xff, 0xff, 0xff, 0xff, 0xff, 0xff, 0xff, 0xff, 0xff, 0xff, 0xff, 0xff, 0xff, 0xff, 0xff, 0xff, 0xff, 0xff, 0xff, 0xff, 0xff, 0xff, 0xff, 0xff, 0xff, 0xff, 0xff, 0xff, 0xff, 0xff, 0xff, 0xff, 0xff, 0xff, 0xff, 0xff, 0xff, 0xff, 0xff, 0xff, 0xff, 0xff, 0xff, 0xff, 0xff, 0xff, 0xff, 0xff, 0xff, 0xff, 0xff, 0xff, 0xff, 0xff, 0xff, 0xff, 0xff, 0xff, 0xff, 0xff, 0xff, 0xff, 0xff, 0xff, 0xff, 0xff, 0xff, 0xff, 0xff, 0xff, 0xff, 0xff, 0xff, 0xff, 0xff, 0xff, 0xff, 0xff, 0xff, 0xff, 0xff, 0xff, 0xff, 0xff, 0xff, 0xff, 0xff, 0xff, 0xff, 0xff, 0xff, 0xff, 0xff, 0xff, 0xff, 0xff, 0xff, 0xff, 0xff, 0xff, 
  0xdf, 0xff, 0xff, 0xff, 0xff, 0xff, 0xff, 0xff, 0xff, 0xff, 0xff, 0xff, 0xff, 0xff, 0xff, 0xff, 0xff, 0xff, 0xff, 0xff, 0xff, 0xff, 0xff, 0xff, 0xff, 0xff, 0xff, 0xff, 0xff, 0xff, 0xff, 0xff, 0xff, 0xff, 0xff, 0xff, 0xff, 0xff, 0xff, 0xff, 0xff, 0xff, 0xff, 0xff, 0xff, 0xff, 0xff, 0xff, 0xff, 0xff, 0xff, 0xff, 0xff, 0xff, 0xff, 0xff, 0xff, 0xff, 0xff, 0xff, 0xff, 0xff, 0xff, 0xff, 0xff, 0xff, 0xff, 0xff, 0xff, 0xff, 0xff, 0xff, 0xff, 0xff, 0xff, 0xff, 0xff, 0xff, 0xff, 0xff, 0xff, 0xff, 0xff, 0xff, 0xff, 0xff, 0xff, 0xff, 0xff, 0xff, 0xff, 0xff, 0xff, 0xff, 0xff, 0xff, 0xff, 0xff, 0xff, 0xff, 0xff, 0xff, 0xff, 0xff, 0xff, 0xff, 0xff, 0xff, 0xff, 0xff, 0xff, 0xff, 0xff, 0xff, 0xff, 0xff, 0xff, 0xff, 0xff, 0xff, 
  0xdf, 0xff, 0xff, 0xff, 0xff, 0xff, 0xff, 0xff, 0xff, 0xff, 0xff, 0xff, 0xff, 0xff, 0xff, 0xff, 0xff, 0xff, 0xff, 0xff, 0xff, 0xff, 0xff, 0xff, 0xff, 0xff, 0xff, 0xff, 0xff, 0xff, 0xff, 0xff, 0xff, 0xff, 0xff, 0xff, 0xff, 0xff, 0xff, 0xff, 0xff, 0xff, 0xff, 0xff, 0xff, 0xff, 0xff, 0xff, 0xff, 0xff, 0xff, 0xff, 0xff, 0xff, 0xff, 0xff, 0xff, 0xff, 0xff, 0xff, 0xff, 0xff, 0xff, 0xff, 0xff, 0xff, 0xff, 0xff, 0xff, 0xff, 0xff, 0xff, 0xff, 0xff, 0xff, 0xff, 0xff, 0xff, 0xff, 0xff, 0xff, 0xff, 0xff, 0xff, 0xff, 0xff, 0xff, 0xff, 0xff, 0xff, 0xff, 0xff, 0xff, 0xff, 0xff, 0xff, 0xff, 0xff, 0xff, 0xff, 0xff, 0xff, 0xff, 0xff, 0xff, 0xff, 0xff, 0xff, 0xff, 0xff, 0xff, 0xff, 0xff, 0xff, 0xff, 0xff, 0xff, 0xff, 0xff, 0xff, 
  0xdf, 0xdf, 0xff, 0xff, 0xff, 0xff, 0xff, 0xff, 0xff, 0xff, 0xff, 0xff, 0xff, 0xff, 0xff, 0xff, 0xff, 0xff, 0xff, 0xff, 0xff, 0xff, 0xff, 0xff, 0xff, 0xff, 0xff, 0xff, 0xff, 0xff, 0xff, 0xff, 0xff, 0xff, 0xff, 0xff, 0xff, 0xff, 0xff, 0xff, 0xff, 0xff, 0xff, 0xff, 0xff, 0xff, 0xff, 0xff, 0xff, 0xff, 0xff, 0xff, 0xff, 0xff, 0xff, 0xff, 0xff, 0xff, 0xff, 0xff, 0xff, 0xff, 0xff, 0xff, 0xff, 0xff, 0xff, 0xff, 0xff, 0xff, 0xff, 0xff, 0xff, 0xff, 0xff, 0xff, 0xff, 0xff, 0xff, 0xff, 0xff, 0xff, 0xff, 0xff, 0xff, 0xff, 0xff, 0xff, 0xff, 0xff, 0xff, 0xff, 0xff, 0xff, 0xff, 0xff, 0xff, 0xff, 0xff, 0xff, 0xff, 0xff, 0xff, 0xff, 0xff, 0xff, 0xff, 0xff, 0xff, 0xff, 0xff, 0xff, 0xff, 0xff, 0xff, 0xff, 0xff, 0xff, 0xff, 0xff, 
  0xdf, 0xdf, 0xff, 0xff, 0xff, 0xff, 0xff, 0xff, 0xff, 0xff, 0xff, 0xff, 0xff, 0xff, 0xff, 0xff, 0xff, 0xff, 0xff, 0xff, 0xff, 0xff, 0xff, 0xff, 0xff, 0xff, 0xff, 0xff, 0xff, 0xff, 0xff, 0xff, 0xff, 0xff, 0xff, 0xff, 0xff, 0xff, 0xff, 0xff, 0xff, 0xff, 0xff, 0xff, 0xff, 0xff, 0xff, 0xff, 0xff, 0xff, 0xff, 0xff, 0xff, 0xff, 0xff, 0xff, 0xff, 0xff, 0xff, 0xff, 0xff, 0xff, 0xff, 0xff, 0xff, 0xff, 0xff, 0xff, 0xff, 0xff, 0xff, 0xff, 0xff, 0xff, 0xff, 0xff, 0xff, 0xff, 0xff, 0xff, 0xff, 0xff, 0xff, 0xff, 0xff, 0xff, 0xff, 0xff, 0xff, 0xff, 0xff, 0xff, 0xff, 0xff, 0xff, 0xff, 0xff, 0xff, 0xff, 0xff, 0xff, 0xff, 0xff, 0xff, 0xff, 0xff, 0xff, 0xff, 0xff, 0xff, 0xff, 0xff, 0xff, 0xff, 0xff, 0xff, 0xff, 0xff, 0xff, 0xff, 
  0xdf, 0xdf, 0xff, 0xff, 0xff, 0xff, 0xff, 0xff, 0xff, 0xff, 0xff, 0xff, 0xff, 0xff, 0xff, 0xff, 0xff, 0xff, 0xff, 0xff, 0xff, 0xff, 0xff, 0xff, 0xff, 0xff, 0xff, 0xff, 0xff, 0xff, 0xff, 0xff, 0xff, 0xff, 0xff, 0xff, 0xff, 0xff, 0xff, 0xff, 0xff, 0xff, 0xff, 0xff, 0xff, 0xff, 0xff, 0xff, 0xff, 0xff, 0xff, 0xff, 0xff, 0xff, 0xff, 0xff, 0xff, 0xff, 0xff, 0xff, 0xff, 0xff, 0xff, 0xff, 0xff, 0xff, 0xff, 0xff, 0xff, 0xff, 0xff, 0xff, 0xff, 0xff, 0xff, 0xff, 0xff, 0xff, 0xff, 0xff, 0xff, 0xff, 0xff, 0xff, 0xff, 0xff, 0xff, 0xff, 0xff, 0xff, 0xff, 0xff, 0xff, 0xff, 0xff, 0xff, 0xff, 0xff, 0xff, 0xff, 0xff, 0xff, 0xff, 0xff, 0xff, 0xff, 0xff, 0xff, 0xff, 0xff, 0xff, 0xff, 0xff, 0xff, 0xff, 0xff, 0xff, 0xff, 0xdf, 0xdf, 
  0xdf, 0xdf, 0xff, 0xff, 0xff, 0xff, 0xff, 0xff, 0xff, 0xff, 0xff, 0xff, 0xff, 0xff, 0xff, 0xff, 0xff, 0xff, 0xff, 0xff, 0xff, 0xff, 0xff, 0xff, 0xff, 0xff, 0xff, 0xff, 0xff, 0xff, 0xff, 0xff, 0xff, 0xff, 0xff, 0xff, 0xff, 0xff, 0xff, 0xff, 0xff, 0xff, 0xff, 0xff, 0xff, 0xff, 0xff, 0xff, 0xff, 0xff, 0xff, 0xff, 0xff, 0xff, 0xff, 0xff, 0xff, 0xff, 0xff, 0xff, 0xff, 0xff, 0xff, 0xff, 0xff, 0xff, 0xff, 0xff, 0xff, 0xff, 0xff, 0xff, 0xff, 0xff, 0xff, 0xff, 0xff, 0xff, 0xff, 0xff, 0xff, 0xff, 0xff, 0xff, 0xff, 0xff, 0xff, 0xff, 0xff, 0xff, 0xff, 0xff, 0xff, 0xff, 0xff, 0xff, 0xff, 0xff, 0xff, 0xff, 0xff, 0xff, 0xff, 0xff, 0xff, 0xff, 0xff, 0xff, 0xff, 0xff, 0xff, 0xff, 0xff, 0xff, 0xff, 0xff, 0xff, 0xff, 0xdf, 0xdf, 
  0xdf, 0xdf, 0xdf, 0xff, 0xff, 0xff, 0xff, 0xff, 0xff, 0xff, 0xff, 0xff, 0xff, 0xff, 0xff, 0xff, 0xff, 0xff, 0xff, 0xff, 0xff, 0xff, 0xff, 0xff, 0xff, 0xff, 0xff, 0xff, 0xff, 0xff, 0xff, 0xff, 0xff, 0xff, 0xff, 0xff, 0xff, 0xff, 0xff, 0xff, 0xff, 0xff, 0xff, 0xff, 0xff, 0xff, 0xff, 0xff, 0xff, 0xff, 0xff, 0xff, 0xff, 0xff, 0xff, 0xff, 0xff, 0xff, 0xff, 0xff, 0xff, 0xff, 0xff, 0xff, 0xff, 0xff, 0xff, 0xff, 0xff, 0xff, 0xff, 0xff, 0xff, 0xff, 0xff, 0xff, 0xff, 0xff, 0xff, 0xff, 0xff, 0xff, 0xff, 0xff, 0xff, 0xff, 0xff, 0xff, 0xff, 0xff, 0xff, 0xff, 0xff, 0xff, 0xff, 0xff, 0xff, 0xff, 0xff, 0xff, 0xff, 0xff, 0xff, 0xff, 0xff, 0xff, 0xff, 0xff, 0xff, 0xff, 0xff, 0xff, 0xff, 0xff, 0xff, 0xff, 0xff, 0xdf, 0xdf, 0xdf, 
  0xdf, 0xdf, 0xdf, 0xff, 0xff, 0xff, 0xff, 0xff, 0xff, 0xff, 0xff, 0xff, 0xff, 0xff, 0xff, 0xff, 0xff, 0xff, 0xff, 0xff, 0xff, 0xff, 0xff, 0xff, 0xff, 0xff, 0xff, 0xff, 0xff, 0xff, 0xff, 0xff, 0xff, 0xff, 0xff, 0xff, 0xff, 0xff, 0xff, 0xff, 0xff, 0xff, 0xff, 0xff, 0xff, 0xff, 0xff, 0xff, 0xff, 0xff, 0xff, 0xff, 0xff, 0xff, 0xff, 0xff, 0xff, 0xff, 0xff, 0xff, 0xff, 0xff, 0xff, 0xff, 0xff, 0xff, 0xff, 0xff, 0xff, 0xff, 0xff, 0xff, 0xff, 0xff, 0xff, 0xff, 0xff, 0xff, 0xff, 0xff, 0xff, 0xff, 0xff, 0xff, 0xff, 0xff, 0xff, 0xff, 0xff, 0xff, 0xff, 0xff, 0xff, 0xff, 0xff, 0xff, 0xff, 0xff, 0xff, 0xff, 0xff, 0xff, 0xff, 0xff, 0xff, 0xff, 0xff, 0xff, 0xff, 0xff, 0xff, 0xff, 0xff, 0xff, 0xff, 0xff, 0xff, 0xdf, 0xdf, 0xdf, 
  0xdf, 0xdf, 0xdf, 0xdf, 0xff, 0xff, 0xff, 0xff, 0xff, 0xff, 0xff, 0xff, 0xff, 0xff, 0xff, 0xff, 0xff, 0xff, 0xff, 0xff, 0xff, 0xff, 0xff, 0xff, 0xff, 0xff, 0xff, 0xff, 0xff, 0xff, 0xff, 0xff, 0xff, 0xff, 0xff, 0xff, 0xff, 0xff, 0xff, 0xff, 0xff, 0xff, 0xff, 0xff, 0xff, 0xff, 0xff, 0xff, 0xff, 0xff, 0xff, 0xff, 0xff, 0xff, 0xff, 0xff, 0xff, 0xff, 0xff, 0xff, 0xff, 0xff, 0xff, 0xff, 0xff, 0xff, 0xff, 0xff, 0xff, 0xff, 0xff, 0xff, 0xff, 0xff, 0xff, 0xff, 0xff, 0xff, 0xff, 0xff, 0xff, 0xff, 0xff, 0xff, 0xff, 0xff, 0xff, 0xff, 0xff, 0xff, 0xff, 0xff, 0xff, 0xff, 0xff, 0xff, 0xff, 0xff, 0xff, 0xff, 0xff, 0xff, 0xff, 0xff, 0xff, 0xff, 0xff, 0xff, 0xff, 0xff, 0xff, 0xff, 0xff, 0xff, 0xff, 0xff, 0xff, 0xdf, 0xdf, 0xdf, 
  0xdf, 0xdf, 0xdf, 0xdf, 0xff, 0xff, 0xff, 0xff, 0xff, 0xff, 0xff, 0xff, 0xff, 0xff, 0xff, 0xff, 0xff, 0xff, 0xff, 0xff, 0xff, 0xff, 0xff, 0xff, 0xff, 0xff, 0xff, 0xff, 0xff, 0xff, 0xff, 0xff, 0xff, 0xff, 0xff, 0xff, 0xff, 0xff, 0xff, 0xff, 0xff, 0xff, 0xff, 0xff, 0xff, 0xff, 0xff, 0xff, 0xff, 0xff, 0xff, 0xff, 0xff, 0xff, 0xff, 0xff, 0xff, 0xff, 0xff, 0xff, 0xff, 0xff, 0xff, 0xff, 0xff, 0xff, 0xff, 0xff, 0xff, 0xff, 0xff, 0xff, 0xff, 0xff, 0xff, 0xff, 0xff, 0xff, 0xff, 0xff, 0xff, 0xff, 0xff, 0xff, 0xff, 0xff, 0xff, 0xff, 0xff, 0xff, 0xff, 0xff, 0xff, 0xff, 0xff, 0xff, 0xff, 0xff, 0xff, 0xff, 0xff, 0xff, 0xff, 0xff, 0xff, 0xff, 0xff, 0xff, 0xff, 0xff, 0xff, 0xff, 0xff, 0xff, 0xff, 0xff, 0xdf, 0xdf, 0xdf, 0xdf, 
  0xdf, 0xdf, 0xdf, 0xdf, 0xdf, 0xff, 0xff, 0xff, 0xff, 0xff, 0xff, 0xff, 0xff, 0xff, 0xff, 0xff, 0xff, 0xff, 0xff, 0xff, 0xff, 0xff, 0xff, 0xff, 0xff, 0xff, 0xff, 0xff, 0xff, 0xff, 0xff, 0xff, 0xff, 0xff, 0xff, 0xff, 0xff, 0xff, 0xff, 0xff, 0xff, 0xff, 0xff, 0xff, 0xff, 0xff, 0xff, 0xff, 0xff, 0xff, 0xff, 0xff, 0xff, 0xff, 0xff, 0xff, 0xff, 0xff, 0xff, 0xff, 0xff, 0xff, 0xff, 0xff, 0xff, 0xff, 0xff, 0xff, 0xff, 0xff, 0xff, 0xff, 0xff, 0xff, 0xff, 0xff, 0xff, 0xff, 0xff, 0xff, 0xff, 0xff, 0xff, 0xff, 0xff, 0xff, 0xff, 0xff, 0xff, 0xff, 0xff, 0xff, 0xff, 0xff, 0xff, 0xff, 0xff, 0xff, 0xff, 0xff, 0xff, 0xff, 0xff, 0xff, 0xff, 0xff, 0xff, 0xff, 0xff, 0xff, 0xff, 0xff, 0xff, 0xff, 0xff, 0xdf, 0xdf, 0xdf, 0xdf, 0xdf, 
  0xdf, 0xdf, 0xdf, 0xdf, 0xdf, 0xdf, 0xff, 0xff, 0xff, 0xff, 0xff, 0xff, 0xff, 0xff, 0xff, 0xff, 0xff, 0xff, 0xff, 0xff, 0xff, 0xff, 0xff, 0xff, 0xff, 0xff, 0xff, 0xff, 0xff, 0xff, 0xff, 0xff, 0xff, 0xff, 0xff, 0xff, 0xff, 0xff, 0xff, 0xff, 0xff, 0xff, 0xff, 0xff, 0xff, 0xff, 0xff, 0xff, 0xff, 0xff, 0xff, 0xff, 0xff, 0xff, 0xff, 0xff, 0xff, 0xff, 0xff, 0xff, 0xff, 0xff, 0xff, 0xff, 0xff, 0xff, 0xff, 0xff, 0xff, 0xff, 0xff, 0xff, 0xff, 0xff, 0xff, 0xff, 0xff, 0xff, 0xff, 0xff, 0xff, 0xff, 0xff, 0xff, 0xff, 0xff, 0xff, 0xff, 0xff, 0xff, 0xff, 0xff, 0xff, 0xff, 0xff, 0xff, 0xff, 0xff, 0xff, 0xff, 0xff, 0xff, 0xff, 0xff, 0xff, 0xff, 0xff, 0xff, 0xff, 0xff, 0xff, 0xff, 0xff, 0xff, 0xdf, 0xdf, 0xdf, 0xdf, 0xdf, 0xdf, 
  0xdf, 0xdf, 0xdf, 0xdf, 0xdf, 0xdf, 0xdf, 0xff, 0xff, 0xff, 0xff, 0xff, 0xff, 0xff, 0xff, 0xff, 0xff, 0xff, 0xff, 0xff, 0xff, 0xff, 0xff, 0xff, 0xff, 0xff, 0xff, 0xff, 0xff, 0xff, 0xff, 0xff, 0xff, 0xff, 0xff, 0xff, 0xff, 0xff, 0xff, 0xff, 0xff, 0xff, 0xff, 0xff, 0xff, 0xff, 0xff, 0xff, 0xff, 0xff, 0xff, 0xff, 0xff, 0xff, 0xff, 0xff, 0xff, 0xff, 0xff, 0xff, 0xff, 0xff, 0xff, 0xff, 0xff, 0xff, 0xff, 0xff, 0xff, 0xff, 0xff, 0xff, 0xff, 0xff, 0xff, 0xff, 0xff, 0xff, 0xff, 0xff, 0xff, 0xff, 0xff, 0xff, 0xff, 0xff, 0xff, 0xff, 0xff, 0xff, 0xff, 0xff, 0xff, 0xff, 0xff, 0xff, 0xff, 0xff, 0xff, 0xff, 0xff, 0xff, 0xff, 0xff, 0xff, 0xff, 0xff, 0xff, 0xff, 0xff, 0xff, 0xff, 0xff, 0xdf, 0xdf, 0xdf, 0xdf, 0xdf, 0xdf, 0xdf, 
  0xdf, 0xdf, 0xdf, 0xdf, 0xdf, 0xdf, 0xdf, 0xdf, 0xff, 0xff, 0xff, 0xff, 0xff, 0xff, 0xff, 0xff, 0xff, 0xff, 0xff, 0xff, 0xff, 0xff, 0xff, 0xff, 0xff, 0xff, 0xff, 0xff, 0xff, 0xff, 0xff, 0xff, 0xff, 0xff, 0xff, 0xff, 0xff, 0xff, 0xff, 0xff, 0xff, 0xff, 0xff, 0xff, 0xff, 0xff, 0xff, 0xff, 0xff, 0xff, 0xff, 0xff, 0xff, 0xff, 0xff, 0xff, 0xff, 0xff, 0xff, 0xff, 0xff, 0xff, 0xff, 0xff, 0xff, 0xff, 0xff, 0xff, 0xff, 0xff, 0xff, 0xff, 0xff, 0xff, 0xff, 0xff, 0xff, 0xff, 0xff, 0xff, 0xff, 0xff, 0xff, 0xff, 0xff, 0xff, 0xff, 0xff, 0xff, 0xff, 0xff, 0xff, 0xff, 0xff, 0xff, 0xff, 0xff, 0xff, 0xff, 0xff, 0xff, 0xff, 0xff, 0xff, 0xff, 0xff, 0xff, 0xff, 0xff, 0xff, 0xff, 0xff, 0xff, 0xdf, 0xdf, 0xdf, 0xdf, 0xdf, 0xdf, 0xdf, 
  0xdf, 0xdf, 0xdf, 0xdf, 0xdf, 0xdf, 0xdf, 0xdf, 0xdf, 0xff, 0xff, 0xff, 0xff, 0xff, 0xff, 0xff, 0xff, 0xff, 0xff, 0xff, 0xff, 0xff, 0xff, 0xff, 0xff, 0xff, 0xff, 0xff, 0xff, 0xff, 0xff, 0xff, 0xff, 0xff, 0xff, 0xff, 0xff, 0xff, 0xff, 0xff, 0xff, 0xff, 0xff, 0xff, 0xff, 0xff, 0xff, 0xff, 0xff, 0xff, 0xff, 0xff, 0xff, 0xff, 0xff, 0xff, 0xff, 0xff, 0xff, 0xff, 0xff, 0xff, 0xff, 0xff, 0xff, 0xff, 0xff, 0xff, 0xff, 0xff, 0xff, 0xff, 0xff, 0xff, 0xff, 0xff, 0xff, 0xff, 0xff, 0xff, 0xff, 0xff, 0xff, 0xff, 0xff, 0xff, 0xff, 0xff, 0xff, 0xff, 0xff, 0xff, 0xff, 0xff, 0xff, 0xff, 0xff, 0xff, 0xff, 0xff, 0xff, 0xff, 0xff, 0xff, 0xff, 0xff, 0xff, 0xff, 0xff, 0xff, 0xff, 0xff, 0xdf, 0xdf, 0xdf, 0xdf, 0xdf, 0xdf, 0xdf, 0xdf, 
  0xdf, 0xdf, 0xdf, 0xdf, 0xdf, 0xdf, 0xdf, 0xdf, 0xdf, 0xdf, 0xff, 0xff, 0xff, 0xff, 0xff, 0xff, 0xff, 0xff, 0xff, 0xff, 0xff, 0xff, 0xff, 0xff, 0xff, 0xff, 0xff, 0xff, 0xff, 0xff, 0xff, 0xff, 0xff, 0xff, 0xff, 0xff, 0xff, 0xff, 0xff, 0xff, 0xff, 0xff, 0xff, 0xff, 0xff, 0xff, 0xff, 0xff, 0xff, 0xff, 0xff, 0xff, 0xff, 0xff, 0xff, 0xff, 0xff, 0xff, 0xff, 0xff, 0xff, 0xff, 0xff, 0xff, 0xff, 0xff, 0xff, 0xff, 0xff, 0xff, 0xff, 0xff, 0xff, 0xff, 0xff, 0xff, 0xff, 0xff, 0xff, 0xff, 0xff, 0xff, 0xff, 0xff, 0xff, 0xff, 0xff, 0xff, 0xff, 0xff, 0xff, 0xff, 0xff, 0xff, 0xff, 0xff, 0xff, 0xff, 0xff, 0xff, 0xff, 0xff, 0xff, 0xff, 0xff, 0xff, 0xff, 0xff, 0xff, 0xdf, 0xdf, 0xdf, 0xdf, 0xdf, 0xdf, 0xdf, 0xdf, 0xdf, 0xdf, 0xdf, 
  0xdf, 0xdf, 0xdf, 0xdf, 0xdf, 0xdf, 0xdf, 0xdf, 0xdf, 0xdf, 0xdf, 0xdf, 0xff, 0xff, 0xff, 0xff, 0xff, 0xff, 0xff, 0xff, 0xff, 0xff, 0xff, 0xff, 0xff, 0xff, 0xff, 0xff, 0xff, 0xff, 0xff, 0xff, 0xff, 0xff, 0xff, 0xff, 0xff, 0xff, 0xff, 0xff, 0xff, 0xff, 0xff, 0xff, 0xff, 0xff, 0xff, 0xff, 0xff, 0xff, 0xff, 0xff, 0xff, 0xff, 0xff, 0xff, 0xff, 0xff, 0xff, 0xff, 0xff, 0xff, 0xff, 0xff, 0xff, 0xff, 0xff, 0xff, 0xff, 0xff, 0xff, 0xff, 0xff, 0xff, 0xff, 0xff, 0xff, 0xff, 0xff, 0xff, 0xff, 0xff, 0xff, 0xff, 0xff, 0xff, 0xff, 0xff, 0xff, 0xff, 0xff, 0xff, 0xff, 0xff, 0xff, 0xff, 0xff, 0xff, 0xff, 0xff, 0xff, 0xff, 0xff, 0xff, 0xff, 0xff, 0xff, 0xdf, 0xdf, 0xdf, 0xdf, 0xdf, 0xdf, 0xdf, 0xdf, 0xdf, 0xdf, 0xdf, 0xdf, 0xdf, 
  0xdf, 0xdf, 0xdf, 0xdf, 0xdf, 0xdf, 0xdf, 0xdf, 0xdf, 0xdf, 0xdf, 0xdf, 0xdf, 0xdf, 0xff, 0xff, 0xff, 0xff, 0xff, 0xff, 0xff, 0xff, 0xff, 0xff, 0xff, 0xff, 0xff, 0xff, 0xff, 0xff, 0xff, 0xff, 0xff, 0xff, 0xff, 0xff, 0xff, 0xff, 0xff, 0xff, 0xff, 0xff, 0xff, 0xff, 0xff, 0xff, 0xff, 0xff, 0xff, 0xff, 0xff, 0xff, 0xff, 0xff, 0xff, 0xff, 0xff, 0xff, 0xff, 0xff, 0xff, 0xff, 0xff, 0xff, 0xff, 0xff, 0xff, 0xff, 0xff, 0xff, 0xff, 0xff, 0xff, 0xff, 0xff, 0xff, 0xff, 0xff, 0xff, 0xff, 0xff, 0xff, 0xff, 0xff, 0xff, 0xff, 0xff, 0xff, 0xff, 0xff, 0xff, 0xff, 0xff, 0xff, 0xff, 0xff, 0xff, 0xff, 0xff, 0xff, 0xff, 0xff, 0xff, 0xff, 0xff, 0xdf, 0xdf, 0xdf, 0xdf, 0xdf, 0xdf, 0xdf, 0xdf, 0xdf, 0xdf, 0xdf, 0xdf, 0xdf, 0xdf, 0xdf, 
  0xdf, 0xdf, 0xdf, 0xdf, 0xdf, 0xdf, 0xdf, 0xdf, 0xdf, 0xdf, 0xdf, 0xdf, 0xdf, 0xdf, 0xdf, 0xdf, 0xff, 0xff, 0xff, 0xff, 0xff, 0xff, 0xff, 0xff, 0xff, 0xff, 0xff, 0xff, 0xff, 0xff, 0xff, 0xff, 0xff, 0xff, 0xff, 0xff, 0xff, 0xff, 0xff, 0xff, 0xff, 0xff, 0xff, 0xff, 0xff, 0xff, 0xff, 0xff, 0xff, 0xff, 0xff, 0xff, 0xff, 0xff, 0xff, 0xff, 0xff, 0xff, 0xff, 0xff, 0xff, 0xff, 0xff, 0xff, 0xff, 0xff, 0xff, 0xff, 0xff, 0xff, 0xff, 0xff, 0xff, 0xff, 0xff, 0xff, 0xff, 0xff, 0xff, 0xff, 0xff, 0xff, 0xff, 0xff, 0xff, 0xff, 0xff, 0xff, 0xff, 0xff, 0xff, 0xff, 0xff, 0xff, 0xff, 0xff, 0xff, 0xff, 0xff, 0xff, 0xff, 0xff, 0xff, 0xdf, 0xdf, 0xdf, 0xdf, 0xdf, 0xdf, 0xdf, 0xdf, 0xdf, 0xdf, 0xdf, 0xdf, 0xdf, 0xdf, 0xdf, 0xdf, 0xdf, 
  0xdf, 0xdf, 0xdf, 0xdf, 0xdf, 0xdf, 0xdf, 0xdf, 0xdf, 0xdf, 0xdf, 0xdf, 0xdf, 0xdf, 0xdf, 0xdf, 0xdf, 0xdf, 0xdf, 0xdf, 0xdf, 0xdf, 0xdf, 0xff, 0xff, 0xff, 0xff, 0xff, 0xff, 0xff, 0xff, 0xff, 0xff, 0xff, 0xff, 0xff, 0xff, 0xff, 0xff, 0xff, 0xff, 0xff, 0xff, 0xff, 0xff, 0xff, 0xff, 0xff, 0xff, 0xff, 0xff, 0xff, 0xff, 0xff, 0xff, 0xff, 0xff, 0xff, 0xff, 0xff, 0xff, 0xff, 0xff, 0xff, 0xdf, 0xdf, 0xdf, 0xdf, 0xdf, 0xdf, 0xdf, 0xdf, 0xff, 0xff, 0xff, 0xff, 0xff, 0xff, 0xff, 0xff, 0xff, 0xff, 0xff, 0xff, 0xff, 0xff, 0xff, 0xff, 0xff, 0xff, 0xff, 0xff, 0xff, 0xff, 0xff, 0xff, 0xff, 0xff, 0xff, 0xdf, 0xdf, 0xdf, 0xdf, 0xdf, 0xdf, 0xdf, 0xdf, 0xdf, 0xdf, 0xdf, 0xdf, 0xdf, 0xdf, 0xdf, 0xdf, 0xdf, 0xdf, 0xdf, 0xdf, 0xdf, 
  0xdf, 0xdf, 0xdf, 0xdf, 0xdf, 0xdf, 0xdf, 0xdf, 0xdf, 0xdf, 0xdf, 0xdf, 0xdf, 0xdf, 0xdf, 0xdf, 0xdf, 0xdf, 0xdf, 0xdf, 0xdf, 0xdf, 0xdf, 0xdf, 0xdf, 0xdf, 0xdf, 0xdf, 0xdf, 0xdf, 0xdf, 0xdf, 0xdf, 0xdf, 0xdf, 0xdf, 0xdf, 0xdf, 0xdf, 0xdf, 0xdf, 0xdf, 0xdf, 0xdf, 0xdf, 0xdf, 0xdf, 0xdf, 0xdf, 0xdf, 0xdf, 0xdf, 0xdf, 0xdf, 0xdf, 0xdf, 0xdf, 0xdf, 0xdf, 0xdf, 0xdf, 0xdf, 0xdf, 0xdf, 0xdf, 0xdf, 0xdf, 0xdf, 0xdf, 0xdf, 0xdf, 0xdf, 0xdf, 0xdf, 0xdf, 0xdf, 0xdf, 0xdf, 0xdf, 0xdf, 0xdf, 0xdf, 0xdf, 0xdf, 0xdf, 0xdf, 0xdf, 0xdf, 0xdf, 0xdf, 0xdf, 0xdf, 0xdf, 0xdf, 0xdf, 0xdf, 0xff, 0xff, 0xdf, 0xdf, 0xdf, 0xdf, 0xdf, 0xdf, 0xdf, 0xdf, 0xdf, 0xdf, 0xdf, 0xdf, 0xdf, 0xdf, 0xdf, 0xdf, 0xdf, 0xdf, 0xdf, 0xdf, 0xdf, 0xdf, 
#endif
#if LV_COLOR_DEPTH == 16 && LV_COLOR_16_SWAP == 0
  /*Pixel format: Red: 5 bit, Green: 6 bit, Blue: 5 bit*/
  0xf8, 0xc7, 0xf8, 0xc7, 0xf8, 0xc7, 0xf8, 0xc7, 0xf8, 0xc7, 0xf8, 0xc7, 0xf8, 0xc7, 0xf8, 0xc7, 0xf8, 0xc7, 0xf8, 0xc7, 0xf8, 0xc7, 0xf8, 0xc7, 0xf8, 0xc7, 0xf8, 0xc7, 0xf8, 0xc7, 0xf8, 0xc7, 0xf8, 0xc7, 0xf8, 0xc7, 0xf8, 0xc7, 0xf8, 0xc7, 0xf8, 0xc7, 0xf8, 0xc7, 0xf8, 0xc7, 0xf8, 0xc7, 0xf8, 0xc7, 0xf8, 0xc7, 0xf8, 0xc7, 0xf8, 0xc7, 0xf8, 0xc7, 0xf8, 0xc7, 0xf8, 0xc7, 0xf8, 0xc7, 0xf9, 0xc7, 0xf9, 0xcf, 0xf9, 0xcf, 0xf9, 0xc7, 0xf9, 0xc7, 0xf8, 0xc7, 0xf8, 0xc7, 0xf8, 0xc7, 0xf8, 0xc7, 0xf8, 0xc7, 0xf8, 0xc7, 0xf8, 0xc7, 0xf8, 0xc7, 0xf8, 0xc7, 0xf7, 0xc7, 0xf8, 0xc7, 0xf9, 0xc7, 0xf9, 0xc7, 0xf8, 0xc7, 0xf8, 0xc7, 0xf8, 0xcf, 0xf8, 0xcf, 0xf7, 0xc7, 0xf7, 0xc7, 0xf8, 0xc7, 0xf8, 0xc7, 0xf8, 0xbf, 0xf8, 0xbf, 0xf9, 0xc7, 0xd9, 0xc7, 0xd9, 0xcf, 0xb9, 0xd7, 0xba, 0xd7, 0x9a, 0xdf, 0x9b, 0xdf, 0x9b, 0xdf, 0x9b, 0xe7, 0x9c, 0xe7, 0x9c, 0xe7, 0x9c, 0xe7, 0x9d, 0xef, 0x9d, 0xef, 0x9d, 0xef, 0x9c, 0xe7, 0x9c, 0xe7, 0x9c, 0xe7, 0x9c, 0xe7, 0x9c, 0xe7, 0xbb, 0xdf, 0xda, 0xd7, 0xba, 0xd7, 0xda, 0xd7, 0xd9, 0xcf, 0xd9, 0xcf, 0xf9, 0xcf, 0xf8, 0xcf, 0xf8, 0xc7, 0xf8, 0xc7, 0xf8, 0xc7, 0xf8, 0xc7, 0xf8, 0xc7, 0xf8, 0xc7, 0xf8, 0xc7, 0xf8, 0xc7, 0xf8, 0xc7, 0xf8, 0xc7, 0xf8, 0xc7, 0xf8, 0xc7, 0xf8, 0xc7, 0xf8, 0xc7, 0xf8, 0xc7, 0xf8, 0xc7, 0xf8, 0xc7, 0xf8, 0xc7, 0xf8, 0xc7, 0xf8, 0xc7, 0xf8, 0xc7, 0xf8, 0xc7, 0xf9, 0xc7, 0xf9, 0xc7, 0xf8, 0xc7, 0xf8, 0xc7, 0xf8, 0xc7, 0xf8, 0xc7, 0xf8, 0xc7, 0xf8, 0xc7, 0xf8, 0xc7, 0xf8, 0xc7, 
  0xf8, 0xc7, 0xf8, 0xc7, 0xf8, 0xc7, 0xf8, 0xc7, 0xf8, 0xc7, 0xf8, 0xc7, 0xf8, 0xc7, 0xf8, 0xc7, 0xf8, 0xc7, 0xf8, 0xc7, 0xf8, 0xc7, 0xf8, 0xc7, 0xf8, 0xc7, 0xf8, 0xc7, 0xf8, 0xc7, 0xf8, 0xc7, 0xf8, 0xc7, 0xf8, 0xc7, 0xf8, 0xc7, 0xf8, 0xc7, 0xf8, 0xc7, 0xf8, 0xc7, 0xf8, 0xc7, 0xf8, 0xc7, 0xf8, 0xc7, 0xf8, 0xc7, 0xf8, 0xc7, 0xf8, 0xc7, 0xf8, 0xc7, 0xf8, 0xc7, 0xf8, 0xc7, 0xf8, 0xc7, 0xf8, 0xc7, 0xf9, 0xc7, 0xf9, 0xc7, 0xf8, 0xc7, 0xf8, 0xc7, 0xf8, 0xc7, 0xf8, 0xc7, 0xf8, 0xc7, 0xf8, 0xc7, 0xf8, 0xc7, 0xf8, 0xc7, 0xf8, 0xc7, 0xf8, 0xc7, 0xf8, 0xc7, 0xf8, 0xc7, 0xf8, 0xc7, 0xf8, 0xc7, 0xf9, 0xc7, 0xf8, 0xc7, 0xf8, 0xc7, 0xf8, 0xcf, 0xf8, 0xcf, 0xf8, 0xc7, 0xf7, 0xc7, 0xf8, 0xc7, 0xf8, 0xc7, 0xf8, 0xc7, 0xf8, 0xc7, 0xf9, 0xc7, 0xd9, 0xcf, 0xda, 0xd7, 0xba, 0xd7, 0xdb, 0xdf, 0xbb, 0xdf, 0xbb, 0xe7, 0xbc, 0xe7, 0xbc, 0xe7, 0xbc, 0xe7, 0xbc, 0xef, 0x9d, 0xef, 0x9d, 0xef, 0x9d, 0xef, 0x9d, 0xef, 0x9c, 0xe7, 0x9c, 0xe7, 0x9c, 0xe7, 0x9c, 0xe7, 0x9c, 0xe7, 0xbb, 0xdf, 0xdb, 0xdf, 0xdb, 0xdf, 0xda, 0xd7, 0xda, 0xd7, 0xd9, 0xd7, 0xd9, 0xcf, 0xf9, 0xcf, 0xf8, 0xcf, 0xf8, 0xc7, 0xf8, 0xc7, 0xf8, 0xc7, 0xf8, 0xc7, 0xf8, 0xc7, 0xf8, 0xc7, 0xf8, 0xc7, 0xf8, 0xc7, 0xf8, 0xc7, 0xf8, 0xc7, 0xf8, 0xc7, 0xf8, 0xc7, 0xf8, 0xc7, 0xf8, 0xc7, 0xf8, 0xc7, 0xf8, 0xc7, 0xf8, 0xc7, 0xf8, 0xc7, 0xf8, 0xc7, 0xf8, 0xc7, 0xf8, 0xc7, 0xf9, 0xc7, 0xf8, 0xc7, 0xf8, 0xc7, 0xf8, 0xc7, 0xf8, 0xc7, 0xf8, 0xc7, 0xf8, 0xc7, 0xf8, 0xc7, 0xf8, 0xc7, 0xf8, 0xc7, 
  0xf8, 0xc7, 0xf8, 0xc7, 0xf8, 0xc7, 0xf8, 0xc7, 0xf8, 0xc7, 0xf8, 0xc7, 0xf8, 0xc7, 0xf8, 0xc7, 0xf8, 0xc7, 0xf8, 0xc7, 0xf8, 0xc7, 0xf8, 0xc7, 0xf8, 0xc7, 0xf8, 0xc7, 0xf8, 0xc7, 0xf8, 0xc7, 0xf8, 0xc7, 0xf8, 0xc7, 0xf8, 0xc7, 0xf8, 0xc7, 0xf8, 0xc7, 0xf8, 0xc7, 0xf8, 0xc7, 0xf8, 0xc7, 0xf8, 0xc7, 0xf8, 0xc7, 0xf8, 0xc7, 0xf8, 0xc7, 0xf8, 0xc7, 0xf8, 0xc7, 0xf8, 0xc7, 0xf8, 0xc7, 0xf8, 0xc7, 0xf8, 0xc7, 0xf8, 0xc7, 0xf8, 0xc7, 0xf8, 0xc7, 0xf8, 0xc7, 0xf8, 0xc7, 0xf8, 0xc7, 0xf8, 0xc7, 0xf8, 0xc7, 0xf8, 0xc7, 0xf8, 0xc7, 0xf8, 0xc7, 0xf8, 0xc7, 0xf8, 0xc7, 0xf8, 0xc7, 0xf8, 0xc7, 0xf8, 0xc7, 0xf8, 0xc7, 0xf8, 0xc7, 0xf8, 0xc7, 0xf8, 0xc7, 0xf8, 0xc7, 0xf8, 0xc7, 0xf8, 0xc7, 0xf8, 0xc7, 0xf9, 0xcf, 0xd9, 0xcf, 0xda, 0xd7, 0xda, 0xd7, 0xbb, 0xdf, 0xbb, 0xdf, 0xbb, 0xe7, 0xbc, 0xe7, 0xbc, 0xe7, 0xbc, 0xe7, 0x9c, 0xe7, 0x9c, 0xe7, 0x9d, 0xef, 0x9d, 0xef, 0x7d, 0xef, 0x7d, 0xef, 0x7d, 0xef, 0x9d, 0xef, 0x9d, 0xef, 0x9c, 0xe7, 0x9c, 0xe7, 0x9c, 0xe7, 0xbc, 0xe7, 0xbc, 0xe7, 0xbc, 0xe7, 0xbb, 0xdf, 0xdb, 0xdf, 0xdb, 0xd7, 0xda, 0xd7, 0xda, 0xd7, 0xd9, 0xcf, 0xd9, 0xcf, 0xf8, 0xcf, 0xf8, 0xc7, 0xf8, 0xc7, 0xf8, 0xc7, 0xf8, 0xc7, 0xf8, 0xc7, 0xf8, 0xc7, 0xf8, 0xc7, 0xf8, 0xc7, 0xf8, 0xc7, 0xf8, 0xc7, 0xf8, 0xc7, 0xf8, 0xc7, 0xf8, 0xc7, 0xf8, 0xc7, 0xf8, 0xc7, 0xf8, 0xc7, 0xf8, 0xc7, 0xf8, 0xc7, 0xf8, 0xc7, 0xf8, 0xc7, 0xf8, 0xc7, 0xf8, 0xc7, 0xf8, 0xc7, 0xf8, 0xc7, 0xf8, 0xc7, 0xf8, 0xc7, 0xf8, 0xc7, 0xf8, 0xc7, 0xf8, 0xc7, 
  0xf8, 0xc7, 0xf8, 0xc7, 0xf8, 0xc7, 0xf8, 0xc7, 0xf8, 0xc7, 0xf8, 0xc7, 0xf8, 0xc7, 0xf8, 0xc7, 0xf8, 0xc7, 0xf8, 0xc7, 0xf8, 0xc7, 0xf8, 0xc7, 0xf8, 0xc7, 0xf8, 0xc7, 0xf8, 0xc7, 0xf8, 0xc7, 0xf8, 0xc7, 0xf8, 0xc7, 0xf8, 0xc7, 0xf8, 0xc7, 0xf8, 0xc7, 0xf8, 0xc7, 0xf8, 0xc7, 0xf8, 0xc7, 0xf8, 0xc7, 0xf8, 0xc7, 0xf8, 0xc7, 0xf8, 0xc7, 0xf8, 0xc7, 0xf8, 0xc7, 0xf8, 0xc7, 0xf8, 0xc7, 0xf8, 0xc7, 0xf8, 0xc7, 0xf8, 0xc7, 0xf8, 0xc7, 0xf8, 0xc7, 0xf8, 0xc7, 0xf8, 0xc7, 0xf8, 0xc7, 0xf8, 0xc7, 0xf8, 0xc7, 0xf8, 0xc7, 0xf8, 0xc7, 0xf8, 0xc7, 0xf8, 0xc7, 0xf8, 0xc7, 0xf8, 0xc7, 0xf8, 0xc7, 0xf8, 0xc7, 0xf8, 0xc7, 0xf8, 0xc7, 0xf8, 0xc7, 0xf8, 0xc7, 0xf8, 0xc7, 0xf8, 0xc7, 0xf9, 0xc7, 0xd9, 0xcf, 0xda, 0xd7, 0xda, 0xd7, 0xbb, 0xdf, 0xbb, 0xdf, 0xbc, 0xe7, 0xbc, 0xe7, 0xbc, 0xe7, 0xbc, 0xe7, 0x9c, 0xe7, 0x9c, 0xe7, 0x9c, 0xe7, 0x9d, 0xef, 0x7d, 0xef, 0x7d, 0xef, 0x7d, 0xef, 0x7d, 0xef, 0x7d, 0xef, 0x7d, 0xef, 0x7d, 0xef, 0x9d, 0xef, 0x9d, 0xef, 0x9d, 0xe7, 0x9d, 0xe7, 0x9c, 0xe7, 0x9c, 0xe7, 0xbc, 0xe7, 0xbc, 0xe7, 0xbc, 0xe7, 0xdb, 0xdf, 0xdb, 0xdf, 0xda, 0xd7, 0xda, 0xd7, 0xd9, 0xcf, 0xf9, 0xcf, 0xf8, 0xc7, 0xf8, 0xc7, 0xf8, 0xc7, 0xf8, 0xc7, 0xf8, 0xc7, 0xf8, 0xc7, 0xf8, 0xc7, 0xf8, 0xc7, 0xf8, 0xc7, 0xf8, 0xc7, 0xf8, 0xc7, 0xf8, 0xc7, 0xf8, 0xc7, 0xf8, 0xc7, 0xf8, 0xc7, 0xf8, 0xc7, 0xf8, 0xc7, 0xf8, 0xc7, 0xf8, 0xc7, 0xf8, 0xc7, 0xf8, 0xc7, 0xf8, 0xc7, 0xf8, 0xc7, 0xf8, 0xc7, 0xf8, 0xc7, 0xf8, 0xc7, 0xf8, 0xc7, 0xf8, 0xc7, 
  0xf8, 0xc7, 0xf8, 0xc7, 0xf8, 0xc7, 0xf8, 0xc7, 0xf8, 0xc7, 0xf8, 0xc7, 0xf8, 0xc7, 0xf8, 0xc7, 0xf8, 0xc7, 0xf8, 0xc7, 0xf8, 0xc7, 0xf8, 0xc7, 0xf8, 0xc7, 0xf8, 0xc7, 0xf8, 0xc7, 0xf8, 0xc7, 0xf8, 0xc7, 0xf8, 0xc7, 0xf8, 0xc7, 0xf8, 0xc7, 0xf8, 0xc7, 0xf8, 0xc7, 0xf8, 0xc7, 0xf8, 0xc7, 0xf8, 0xc7, 0xf8, 0xc7, 0xf8, 0xc7, 0xf8, 0xc7, 0xf8, 0xc7, 0xf8, 0xc7, 0xf8, 0xc7, 0xf8, 0xc7, 0xf8, 0xc7, 0xf8, 0xc7, 0xf8, 0xc7, 0xf8, 0xc7, 0xf8, 0xc7, 0xf8, 0xc7, 0xf8, 0xc7, 0xf8, 0xc7, 0xf8, 0xc7, 0xf8, 0xc7, 0xf8, 0xc7, 0xf8, 0xc7, 0xf8, 0xc7, 0xf8, 0xc7, 0xf8, 0xc7, 0xf8, 0xc7, 0xf7, 0xc7, 0xf7, 0xc7, 0xf7, 0xc7, 0xf8, 0xc7, 0xf8, 0xc7, 0xf8, 0xc7, 0xf9, 0xc7, 0xf9, 0xc7, 0xda, 0xcf, 0xda, 0xd7, 0xbb, 0xdf, 0xbb, 0xe7, 0xbc, 0xe7, 0x9c, 0xef, 0x9c, 0xef, 0x9d, 0xef, 0x9c, 0xef, 0x9c, 0xe7, 0x9d, 0xef, 0x9d, 0xef, 0x9d, 0xef, 0x7d, 0xef, 0x7d, 0xef, 0x7d, 0xef, 0x7d, 0xef, 0x7d, 0xef, 0x7d, 0xef, 0x7d, 0xef, 0x7d, 0xef, 0x7d, 0xef, 0x7d, 0xef, 0x9d, 0xef, 0x7d, 0xef, 0x7d, 0xef, 0x9d, 0xef, 0x9d, 0xef, 0x9d, 0xef, 0xbd, 0xe7, 0xbc, 0xe7, 0xdc, 0xe7, 0xbb, 0xdf, 0xdb, 0xdf, 0xda, 0xd7, 0xd9, 0xcf, 0xf9, 0xcf, 0xf8, 0xcf, 0xf8, 0xc7, 0xf8, 0xc7, 0xf8, 0xc7, 0xf8, 0xc7, 0xf8, 0xc7, 0xf8, 0xc7, 0xf8, 0xc7, 0xf8, 0xc7, 0xf8, 0xc7, 0xf8, 0xc7, 0xf8, 0xc7, 0xf8, 0xc7, 0xf8, 0xc7, 0xf8, 0xc7, 0xf8, 0xc7, 0xf8, 0xc7, 0xf8, 0xc7, 0xf8, 0xc7, 0xf8, 0xc7, 0xf8, 0xc7, 0xf8, 0xc7, 0xf8, 0xc7, 0xf8, 0xc7, 0xf8, 0xc7, 0xf8, 0xc7, 0xf8, 0xc7, 
  0xf8, 0xc7, 0xf8, 0xc7, 0xf8, 0xc7, 0xf8, 0xc7, 0xf8, 0xc7, 0xf8, 0xc7, 0xf8, 0xc7, 0xf8, 0xc7, 0xf8, 0xc7, 0xf8, 0xc7, 0xf8, 0xc7, 0xf8, 0xc7, 0xf8, 0xc7, 0xf8, 0xc7, 0xf8, 0xc7, 0xf8, 0xc7, 0xf8, 0xc7, 0xf8, 0xc7, 0xf8, 0xc7, 0xf8, 0xc7, 0xf8, 0xc7, 0xf8, 0xc7, 0xf8, 0xc7, 0xf8, 0xc7, 0xf8, 0xc7, 0xf8, 0xc7, 0xf8, 0xc7, 0xf8, 0xc7, 0xf8, 0xc7, 0xf8, 0xc7, 0xf8, 0xc7, 0xf8, 0xc7, 0xf8, 0xc7, 0xf8, 0xc7, 0xf8, 0xc7, 0xf8, 0xc7, 0xf8, 0xc7, 0xf8, 0xc7, 0xf8, 0xc7, 0xf8, 0xc7, 0xf8, 0xc7, 0xf8, 0xc7, 0xf8, 0xc7, 0xf8, 0xc7, 0xf8, 0xc7, 0xf8, 0xc7, 0xf8, 0xc7, 0xf8, 0xc7, 0xf7, 0xc7, 0xf7, 0xc7, 0xf7, 0xc7, 0xf8, 0xc7, 0xf8, 0xc7, 0xf8, 0xc7, 0xf9, 0xc7, 0xda, 0xcf, 0xdb, 0xd7, 0xbb, 0xdf, 0xbc, 0xe7, 0x9c, 0xef, 0x9d, 0xef, 0x7d, 0xef, 0x7d, 0xef, 0x7d, 0xef, 0x9d, 0xef, 0x9d, 0xef, 0x9d, 0xef, 0x9d, 0xef, 0x7d, 0xef, 0x7d, 0xef, 0x7d, 0xef, 0x7d, 0xef, 0x7d, 0xef, 0x7d, 0xef, 0x7d, 0xef, 0x7d, 0xef, 0x7d, 0xef, 0x7d, 0xef, 0x7d, 0xef, 0x7d, 0xef, 0x7d, 0xef, 0x7d, 0xef, 0x7e, 0xef, 0x7d, 0xef, 0x7d, 0xef, 0x7d, 0xef, 0x9d, 0xef, 0x9d, 0xe7, 0xbc, 0xe7, 0xbc, 0xdf, 0xdb, 0xdf, 0xda, 0xd7, 0xda, 0xd7, 0xd9, 0xcf, 0xf9, 0xcf, 0xf8, 0xc7, 0xf8, 0xc7, 0xf7, 0xc7, 0xf8, 0xc7, 0xf8, 0xc7, 0xf8, 0xc7, 0xf8, 0xc7, 0xf8, 0xc7, 0xf8, 0xc7, 0xf8, 0xc7, 0xf8, 0xc7, 0xf8, 0xc7, 0xf8, 0xc7, 0xf8, 0xc7, 0xf8, 0xc7, 0xf8, 0xc7, 0xf8, 0xc7, 0xf8, 0xc7, 0xf8, 0xc7, 0xf8, 0xc7, 0xf8, 0xc7, 0xf8, 0xc7, 0xf8, 0xc7, 0xf8, 0xc7, 0xf8, 0xc7, 
  0xf8, 0xc7, 0xf8, 0xc7, 0xf8, 0xc7, 0xf8, 0xc7, 0xf8, 0xc7, 0xf8, 0xc7, 0xf8, 0xc7, 0xf8, 0xc7, 0xf8, 0xc7, 0xf8, 0xc7, 0xf8, 0xc7, 0xf8, 0xc7, 0xf8, 0xc7, 0xf8, 0xc7, 0xf8, 0xc7, 0xf8, 0xc7, 0xf8, 0xc7, 0xf8, 0xc7, 0xf8, 0xc7, 0xf8, 0xc7, 0xf8, 0xc7, 0xf8, 0xc7, 0xf8, 0xc7, 0xf8, 0xc7, 0xf8, 0xc7, 0xf8, 0xc7, 0xf8, 0xc7, 0xf8, 0xc7, 0xf8, 0xc7, 0xf8, 0xc7, 0xf8, 0xc7, 0xf8, 0xc7, 0xf8, 0xc7, 0xf8, 0xc7, 0xf8, 0xc7, 0xf8, 0xc7, 0xf8, 0xc7, 0xf8, 0xc7, 0xf8, 0xc7, 0xf8, 0xc7, 0xf8, 0xc7, 0xf8, 0xc7, 0xf8, 0xc7, 0xf8, 0xc7, 0xf8, 0xc7, 0xf8, 0xc7, 0xf8, 0xc7, 0xf8, 0xc7, 0xf7, 0xc7, 0xf7, 0xc7, 0xf8, 0xc7, 0xf8, 0xc7, 0xf9, 0xc7, 0xf9, 0xcf, 0xda, 0xcf, 0xdb, 0xd7, 0xdc, 0xdf, 0xbc, 0xe7, 0x9d, 0xef, 0x7d, 0xef, 0x7d, 0xef, 0x7d, 0xf7, 0x5d, 0xf7, 0x7d, 0xef, 0x7d, 0xef, 0x7d, 0xef, 0x7d, 0xef, 0x7d, 0xef, 0x7d, 0xef, 0x7d, 0xef, 0x7d, 0xef, 0x7d, 0xef, 0x7d, 0xef, 0x7d, 0xef, 0x7d, 0xef, 0x7d, 0xef, 0x7d, 0xef, 0x7d, 0xef, 0x7d, 0xef, 0x7d, 0xef, 0x7d, 0xef, 0x7e, 0xef, 0x7e, 0xef, 0x7e, 0xef, 0x7e, 0xef, 0x7d, 0xef, 0x7d, 0xef, 0x7d, 0xef, 0x9d, 0xe7, 0x9c, 0xe7, 0xbc, 0xdf, 0xdb, 0xdf, 0xda, 0xd7, 0xda, 0xd7, 0xd9, 0xcf, 0xf9, 0xcf, 0xf8, 0xc7, 0xf8, 0xc7, 0xf8, 0xc7, 0xf8, 0xc7, 0xf8, 0xc7, 0xf8, 0xc7, 0xf8, 0xc7, 0xf8, 0xc7, 0xf8, 0xc7, 0xf8, 0xc7, 0xf8, 0xc7, 0xf8, 0xc7, 0xf8, 0xc7, 0xf8, 0xc7, 0xf8, 0xc7, 0xf8, 0xc7, 0xf8, 0xc7, 0xf8, 0xc7, 0xf8, 0xc7, 0xf8, 0xc7, 0xf8, 0xc7, 0xf8, 0xc7, 0xf8, 0xc7, 0xf8, 0xc7, 
  0xf8, 0xc7, 0xf8, 0xc7, 0xf8, 0xc7, 0xf8, 0xc7, 0xf8, 0xc7, 0xf8, 0xc7, 0xf8, 0xc7, 0xf8, 0xc7, 0xf8, 0xc7, 0xf8, 0xc7, 0xf8, 0xc7, 0xf8, 0xc7, 0xf8, 0xc7, 0xf8, 0xc7, 0xf8, 0xc7, 0xf8, 0xc7, 0xf8, 0xc7, 0xf8, 0xc7, 0xf8, 0xc7, 0xf8, 0xc7, 0xf8, 0xc7, 0xf8, 0xc7, 0xf8, 0xc7, 0xf8, 0xc7, 0xf8, 0xc7, 0xf8, 0xc7, 0xf8, 0xc7, 0xf8, 0xc7, 0xf8, 0xc7, 0xf8, 0xc7, 0xf8, 0xc7, 0xf8, 0xc7, 0xf8, 0xc7, 0xf8, 0xc7, 0xf8, 0xc7, 0xf8, 0xc7, 0xf8, 0xc7, 0xf8, 0xc7, 0xf8, 0xc7, 0xf8, 0xc7, 0xf8, 0xc7, 0xf8, 0xc7, 0xf8, 0xc7, 0xf8, 0xc7, 0xf8, 0xc7, 0xf8, 0xc7, 0xf8, 0xc7, 0xf8, 0xc7, 0xf8, 0xc7, 0xf8, 0xc7, 0xf8, 0xc7, 0xf9, 0xcf, 0xd9, 0xcf, 0xda, 0xd7, 0xdb, 0xdf, 0xdc, 0xe7, 0xbc, 0xe7, 0x9d, 0xe7, 0x9d, 0xef, 0x7d, 0xef, 0x7d, 0xef, 0x7d, 0xef, 0x7d, 0xef, 0x7d, 0xef, 0x7d, 0xef, 0x9d, 0xef, 0x9d, 0xef, 0x7d, 0xef, 0x7d, 0xef, 0x7d, 0xef, 0x7d, 0xef, 0x7d, 0xef, 0x7d, 0xef, 0x7d, 0xef, 0x7d, 0xef, 0x7d, 0xef, 0x7d, 0xef, 0x7d, 0xef, 0x9d, 0xef, 0x7d, 0xef, 0x7d, 0xef, 0x7d, 0xef, 0x7d, 0xef, 0x7e, 0xef, 0x7e, 0xef, 0x7e, 0xef, 0x7e, 0xef, 0x7e, 0xef, 0x7d, 0xef, 0x9d, 0xe7, 0xbc, 0xe7, 0xbc, 0xe7, 0xdb, 0xdf, 0xdb, 0xdf, 0xba, 0xd7, 0xd9, 0xcf, 0xf8, 0xc7, 0xf8, 0xc7, 0xf8, 0xc7, 0xf8, 0xc7, 0xf8, 0xc7, 0xf8, 0xc7, 0xf8, 0xc7, 0xf8, 0xc7, 0xf8, 0xc7, 0xf8, 0xc7, 0xf8, 0xc7, 0xf8, 0xc7, 0xf8, 0xc7, 0xf8, 0xc7, 0xf8, 0xc7, 0xf8, 0xc7, 0xf8, 0xc7, 0xf8, 0xc7, 0xf8, 0xc7, 0xf8, 0xc7, 0xf8, 0xc7, 0xf8, 0xc7, 0xf8, 0xc7, 0xf8, 0xc7, 
  0xf8, 0xc7, 0xf8, 0xc7, 0xf8, 0xc7, 0xf8, 0xc7, 0xf8, 0xc7, 0xf8, 0xc7, 0xf8, 0xc7, 0xf8, 0xc7, 0xf8, 0xc7, 0xf8, 0xc7, 0xf8, 0xc7, 0xf8, 0xc7, 0xf8, 0xc7, 0xf8, 0xc7, 0xf8, 0xc7, 0xf8, 0xc7, 0xf8, 0xc7, 0xf8, 0xc7, 0xf8, 0xc7, 0xf8, 0xc7, 0xf8, 0xc7, 0xf8, 0xc7, 0xf8, 0xc7, 0xf8, 0xc7, 0xf8, 0xc7, 0xf8, 0xc7, 0xf8, 0xc7, 0xf8, 0xc7, 0xf8, 0xc7, 0xf8, 0xc7, 0xf8, 0xc7, 0xf8, 0xc7, 0xf8, 0xc7, 0xf9, 0xcf, 0xf9, 0xcf, 0xf9, 0xcf, 0xf9, 0xcf, 0xf9, 0xcf, 0xf9, 0xcf, 0xf8, 0xcf, 0xf8, 0xcf, 0xf8, 0xc7, 0xf8, 0xc7, 0xf8, 0xc7, 0xf8, 0xc7, 0xf8, 0xc7, 0xf8, 0xc7, 0xf8, 0xc7, 0xf8, 0xc7, 0xf8, 0xc7, 0xf9, 0xc7, 0xd9, 0xcf, 0xda, 0xdf, 0xdb, 0xe7, 0xbc, 0xe7, 0x9c, 0xe7, 0x9d, 0xe7, 0x9d, 0xef, 0x9d, 0xef, 0x9d, 0xef, 0x7d, 0xef, 0x7d, 0xef, 0x7d, 0xef, 0x7d, 0xef, 0x7d, 0xef, 0x7d, 0xef, 0x7d, 0xef, 0x7d, 0xef, 0x9d, 0xef, 0x7d, 0xef, 0x7d, 0xef, 0x7d, 0xef, 0x7d, 0xef, 0x7d, 0xef, 0x7d, 0xef, 0x7d, 0xef, 0x7d, 0xef, 0x9d, 0xef, 0x9d, 0xef, 0x9d, 0xe7, 0x9d, 0xef, 0x7d, 0xef, 0x7d, 0xef, 0x7d, 0xef, 0x7d, 0xef, 0x7d, 0xef, 0x7d, 0xef, 0x7d, 0xef, 0x7d, 0xef, 0x7d, 0xef, 0x9c, 0xe7, 0x9c, 0xe7, 0xbc, 0xe7, 0xbb, 0xdf, 0xbb, 0xdf, 0xda, 0xd7, 0xd9, 0xcf, 0xf8, 0xc7, 0xf8, 0xc7, 0xf8, 0xc7, 0xf8, 0xc7, 0xf8, 0xc7, 0xf8, 0xc7, 0xf8, 0xc7, 0xf8, 0xc7, 0xf8, 0xc7, 0xf8, 0xc7, 0xf8, 0xc7, 0xf8, 0xc7, 0xf8, 0xc7, 0xf8, 0xc7, 0xf8, 0xc7, 0xf8, 0xc7, 0xf8, 0xc7, 0xf8, 0xc7, 0xf8, 0xc7, 0xf8, 0xc7, 0xf8, 0xc7, 0xf8, 0xc7, 0xf8, 0xc7, 
  0xf8, 0xc7, 0xf8, 0xc7, 0xf8, 0xc7, 0xf8, 0xc7, 0xf8, 0xc7, 0xf8, 0xc7, 0xf8, 0xc7, 0xf8, 0xc7, 0xf8, 0xc7, 0xf8, 0xc7, 0xf8, 0xc7, 0xf8, 0xc7, 0xf8, 0xc7, 0xf8, 0xc7, 0xf8, 0xc7, 0xf8, 0xc7, 0xf8, 0xc7, 0xf8, 0xc7, 0xf8, 0xc7, 0xf8, 0xc7, 0xf8, 0xc7, 0xf8, 0xc7, 0xf8, 0xc7, 0xf8, 0xc7, 0xf8, 0xc7, 0xf8, 0xc7, 0xf8, 0xc7, 0xf8, 0xc7, 0xf8, 0xc7, 0xf8, 0xc7, 0xf8, 0xc7, 0xf8, 0xc7, 0xd9, 0xcf, 0xd9, 0xcf, 0xd9, 0xcf, 0xd9, 0xcf, 0xd9, 0xcf, 0xd9, 0xcf, 0xd9, 0xcf, 0xd9, 0xcf, 0xd9, 0xcf, 0xf9, 0xcf, 0xf8, 0xcf, 0xf8, 0xc7, 0xf8, 0xc7, 0xf8, 0xc7, 0xf8, 0xc7, 0xf8, 0xc7, 0xf9, 0xc7, 0xf9, 0xc7, 0xd9, 0xcf, 0xda, 0xd7, 0xbb, 0xe7, 0x9c, 0xef, 0x9c, 0xef, 0x7d, 0xef, 0x9d, 0xef, 0x9d, 0xef, 0x9d, 0xef, 0x9d, 0xe7, 0x9d, 0xe7, 0x9d, 0xef, 0x7d, 0xef, 0x7d, 0xef, 0x7d, 0xef, 0x7d, 0xef, 0x7d, 0xef, 0x7d, 0xef, 0x7d, 0xef, 0x9d, 0xef, 0x9d, 0xef, 0x9d, 0xef, 0x7d, 0xef, 0x7d, 0xef, 0x9d, 0xef, 0x9d, 0xef, 0x9d, 0xef, 0x9d, 0xef, 0x9c, 0xe7, 0x9c, 0xe7, 0x9c, 0xe7, 0x9c, 0xe7, 0x9d, 0xef, 0x7d, 0xef, 0x7d, 0xef, 0x7d, 0xef, 0x7d, 0xef, 0x7d, 0xef, 0x7d, 0xef, 0x7d, 0xef, 0x7d, 0xef, 0x9d, 0xe7, 0x9c, 0xe7, 0x9c, 0xe7, 0xbc, 0xe7, 0xbb, 0xdf, 0xd9, 0xd7, 0xf9, 0xcf, 0xf8, 0xcf, 0xf8, 0xc7, 0xf8, 0xc7, 0xf8, 0xc7, 0xf8, 0xc7, 0xf8, 0xc7, 0xf8, 0xc7, 0xf8, 0xc7, 0xf8, 0xc7, 0xf8, 0xc7, 0xf8, 0xc7, 0xf8, 0xc7, 0xf8, 0xc7, 0xf8, 0xc7, 0xf8, 0xc7, 0xf8, 0xc7, 0xf8, 0xc7, 0xf8, 0xc7, 0xf8, 0xc7, 0xf8, 0xc7, 0xf8, 0xc7, 0xf8, 0xc7, 
  0xf8, 0xc7, 0xf8, 0xc7, 0xf8, 0xc7, 0xf8, 0xc7, 0xf8, 0xc7, 0xf8, 0xc7, 0xf8, 0xc7, 0xf8, 0xc7, 0xf8, 0xc7, 0xf8, 0xc7, 0xf8, 0xc7, 0xf8, 0xc7, 0xf8, 0xc7, 0xf8, 0xc7, 0xf8, 0xc7, 0xf8, 0xc7, 0xf8, 0xc7, 0xf8, 0xc7, 0xf8, 0xc7, 0xf8, 0xc7, 0xf8, 0xc7, 0xf8, 0xc7, 0xf8, 0xc7, 0xf8, 0xc7, 0xf8, 0xc7, 0xf8, 0xc7, 0xf8, 0xc7, 0xf8, 0xc7, 0xf8, 0xc7, 0xf8, 0xcf, 0xf9, 0xcf, 0xf9, 0xcf, 0xda, 0xd7, 0xda, 0xd7, 0xda, 0xd7, 0xda, 0xd7, 0xda, 0xd7, 0xda, 0xd7, 0xda, 0xd7, 0xda, 0xd7, 0xda, 0xd7, 0xd9, 0xd7, 0xf9, 0xcf, 0xf9, 0xcf, 0xf8, 0xcf, 0xf8, 0xcf, 0xf8, 0xc7, 0xf8, 0xc7, 0xf9, 0xc7, 0xfa, 0xc7, 0xda, 0xd7, 0xbb, 0xdf, 0x9c, 0xe7, 0x7c, 0xef, 0x7d, 0xf7, 0x7d, 0xf7, 0x7d, 0xef, 0x7d, 0xef, 0x9d, 0xe7, 0x9d, 0xe7, 0x9d, 0xe7, 0x9d, 0xe7, 0x9d, 0xe7, 0x9d, 0xef, 0x9d, 0xef, 0x9d, 0xef, 0x9d, 0xef, 0x9d, 0xef, 0x9d, 0xef, 0x9d, 0xef, 0x9d, 0xef, 0x9d, 0xef, 0x9d, 0xef, 0x9d, 0xef, 0x9d, 0xef, 0x9d, 0xef, 0x9d, 0xe7, 0x9d, 0xe7, 0x9c, 0xe7, 0x9c, 0xe7, 0x9c, 0xe7, 0x9c, 0xe7, 0x9c, 0xe7, 0x9c, 0xef, 0x7d, 0xef, 0x7d, 0xef, 0x7d, 0xef, 0x7d, 0xef, 0x7d, 0xef, 0x7d, 0xef, 0x7d, 0xef, 0x7d, 0xef, 0x9d, 0xef, 0x9c, 0xe7, 0x9c, 0xe7, 0x9b, 0xe7, 0xba, 0xdf, 0xda, 0xd7, 0xd9, 0xcf, 0xf8, 0xcf, 0xf8, 0xc7, 0xf8, 0xc7, 0xf8, 0xc7, 0xf8, 0xc7, 0xf8, 0xc7, 0xf8, 0xc7, 0xf8, 0xc7, 0xf8, 0xc7, 0xf8, 0xc7, 0xf8, 0xc7, 0xf8, 0xc7, 0xf8, 0xc7, 0xf8, 0xc7, 0xf8, 0xc7, 0xf8, 0xc7, 0xf8, 0xc7, 0xf8, 0xc7, 0xf8, 0xc7, 0xf8, 0xc7, 0xf8, 0xc7, 
  0xf8, 0xc7, 0xf8, 0xc7, 0xf8, 0xc7, 0xf8, 0xc7, 0xf8, 0xc7, 0xf8, 0xc7, 0xf8, 0xc7, 0xf8, 0xc7, 0xf8, 0xc7, 0xf8, 0xc7, 0xf8, 0xc7, 0xf8, 0xc7, 0xf8, 0xc7, 0xf8, 0xc7, 0xf8, 0xc7, 0xf8, 0xc7, 0xf8, 0xc7, 0xf8, 0xc7, 0xf8, 0xc7, 0xf8, 0xc7, 0xf8, 0xc7, 0xf8, 0xc7, 0xf8, 0xc7, 0xf8, 0xc7, 0xf8, 0xc7, 0xf8, 0xc7, 0xf8, 0xcf, 0xf9, 0xcf, 0xd9, 0xcf, 0xd9, 0xcf, 0xda, 0xd7, 0xda, 0xd7, 0xdb, 0xdf, 0xdc, 0xdf, 0xdc, 0xe7, 0xdc, 0xe7, 0xdc, 0xe7, 0xdc, 0xe7, 0xdc, 0xe7, 0xdb, 0xdf, 0xdb, 0xdf, 0xdb, 0xdf, 0xda, 0xd7, 0xda, 0xd7, 0xf9, 0xd7, 0xf9, 0xcf, 0xf9, 0xcf, 0xd9, 0xcf, 0xda, 0xcf, 0xdb, 0xcf, 0xdb, 0xdf, 0xbc, 0xe7, 0x9c, 0xef, 0x7c, 0xef, 0x7d, 0xf7, 0x7d, 0xf7, 0x7d, 0xef, 0x7d, 0xef, 0x9d, 0xe7, 0x9d, 0xe7, 0x9d, 0xe7, 0x9d, 0xe7, 0x9d, 0xe7, 0x9d, 0xef, 0x9d, 0xef, 0x9d, 0xef, 0x9d, 0xef, 0x9d, 0xef, 0x9d, 0xef, 0x9d, 0xef, 0x9d, 0xef, 0x9d, 0xef, 0x9d, 0xef, 0x9d, 0xef, 0x9d, 0xef, 0x9d, 0xef, 0x9d, 0xef, 0x9d, 0xef, 0x9d, 0xef, 0x9c, 0xe7, 0x9c, 0xe7, 0x9c, 0xe7, 0x9c, 0xe7, 0x9c, 0xef, 0x9d, 0xef, 0x7d, 0xef, 0x7d, 0xef, 0x7d, 0xef, 0x7d, 0xef, 0x7d, 0xef, 0x7d, 0xef, 0x7d, 0xef, 0x7d, 0xef, 0x7d, 0xef, 0x7c, 0xef, 0x7c, 0xe7, 0x9b, 0xdf, 0xbb, 0xdf, 0xda, 0xd7, 0xd9, 0xcf, 0xf8, 0xcf, 0xf8, 0xc7, 0xf8, 0xc7, 0xf8, 0xc7, 0xf8, 0xc7, 0xf8, 0xc7, 0xf8, 0xc7, 0xf8, 0xc7, 0xf8, 0xc7, 0xf8, 0xc7, 0xf8, 0xc7, 0xf8, 0xc7, 0xf8, 0xc7, 0xf8, 0xc7, 0xf8, 0xc7, 0xf8, 0xc7, 0xf8, 0xc7, 0xf8, 0xc7, 0xf8, 0xc7, 0xf8, 0xc7, 
  0xf8, 0xc7, 0xf8, 0xc7, 0xf8, 0xc7, 0xf8, 0xc7, 0xf8, 0xc7, 0xf8, 0xc7, 0xf8, 0xc7, 0xf8, 0xc7, 0xf8, 0xc7, 0xf8, 0xc7, 0xf8, 0xc7, 0xf8, 0xc7, 0xf8, 0xc7, 0xf8, 0xc7, 0xf8, 0xc7, 0xf8, 0xc7, 0xf8, 0xc7, 0xf8, 0xc7, 0xf8, 0xc7, 0xf8, 0xc7, 0xf8, 0xc7, 0xf8, 0xc7, 0xf8, 0xc7, 0xf8, 0xcf, 0xd8, 0xcf, 0xd9, 0xcf, 0xda, 0xd7, 0xda, 0xd7, 0xdb, 0xdf, 0xdb, 0xdf, 0xdb, 0xdf, 0xbc, 0xdf, 0xbc, 0xe7, 0xbc, 0xe7, 0xbc, 0xe7, 0xbc, 0xe7, 0xbc, 0xe7, 0xbc, 0xe7, 0xbc, 0xe7, 0xbc, 0xe7, 0xbc, 0xe7, 0xdc, 0xe7, 0xdc, 0xe7, 0xdb, 0xdf, 0xdb, 0xdf, 0xda, 0xdf, 0xda, 0xd7, 0xda, 0xd7, 0xba, 0xd7, 0xbb, 0xdf, 0xbc, 0xe7, 0xbc, 0xe7, 0x9c, 0xef, 0x7c, 0xef, 0x7d, 0xef, 0x7d, 0xef, 0x7d, 0xef, 0x7d, 0xef, 0x9d, 0xe7, 0x9d, 0xe7, 0x9d, 0xe7, 0x9d, 0xe7, 0x9d, 0xe7, 0x9d, 0xef, 0x7d, 0xef, 0x7d, 0xef, 0x7d, 0xef, 0x7d, 0xef, 0x7d, 0xef, 0x7d, 0xef, 0x7d, 0xef, 0x7d, 0xef, 0x7d, 0xef, 0x7d, 0xef, 0x7d, 0xef, 0x7d, 0xef, 0x7d, 0xef, 0x7d, 0xef, 0x7d, 0xef, 0x9d, 0xef, 0x9d, 0xef, 0x9c, 0xe7, 0x9d, 0xef, 0x9d, 0xef, 0x9d, 0xef, 0x7d, 0xef, 0x7d, 0xef, 0x7d, 0xef, 0x7d, 0xef, 0x7d, 0xef, 0x7d, 0xef, 0x7d, 0xef, 0x7d, 0xef, 0x7d, 0xef, 0x7d, 0xef, 0x7d, 0xef, 0x9c, 0xe7, 0x9c, 0xdf, 0xbb, 0xdf, 0xda, 0xd7, 0xd8, 0xcf, 0xf8, 0xc7, 0xf8, 0xc7, 0xf8, 0xc7, 0xf8, 0xc7, 0xf8, 0xc7, 0xf8, 0xc7, 0xf8, 0xc7, 0xf8, 0xc7, 0xf8, 0xc7, 0xf8, 0xc7, 0xf8, 0xc7, 0xf8, 0xc7, 0xf8, 0xc7, 0xf8, 0xc7, 0xf8, 0xc7, 0xf8, 0xc7, 0xf8, 0xc7, 0xf8, 0xc7, 0xf8, 0xc7, 
  0xf8, 0xc7, 0xf8, 0xc7, 0xf8, 0xc7, 0xf8, 0xc7, 0xf8, 0xc7, 0xf8, 0xc7, 0xf8, 0xc7, 0xf8, 0xc7, 0xf8, 0xc7, 0xf8, 0xc7, 0xf8, 0xc7, 0xf8, 0xc7, 0xf8, 0xc7, 0xf8, 0xc7, 0xf8, 0xc7, 0xf8, 0xc7, 0xf8, 0xc7, 0xf8, 0xc7, 0xf8, 0xc7, 0xf8, 0xc7, 0xf8, 0xc7, 0xf8, 0xc7, 0xf8, 0xcf, 0xf9, 0xcf, 0xd9, 0xcf, 0xda, 0xd7, 0xdb, 0xdf, 0xdb, 0xdf, 0xbc, 0xe7, 0xbc, 0xe7, 0x9d, 0xe7, 0x9d, 0xe7, 0x9d, 0xef, 0x9d, 0xef, 0x9d, 0xef, 0x9d, 0xef, 0x9d, 0xef, 0x9d, 0xef, 0x9d, 0xef, 0x9d, 0xef, 0x9d, 0xef, 0x9d, 0xe7, 0x9c, 0xe7, 0xbc, 0xe7, 0xbc, 0xe7, 0xbc, 0xe7, 0xbb, 0xe7, 0xbb, 0xe7, 0x9b, 0xdf, 0x9c, 0xe7, 0x9c, 0xe7, 0x9c, 0xe7, 0x9c, 0xef, 0x7c, 0xef, 0x7d, 0xef, 0x7d, 0xef, 0x7d, 0xef, 0x7d, 0xef, 0x7d, 0xef, 0x7d, 0xef, 0x9d, 0xef, 0x9d, 0xef, 0x9d, 0xef, 0x9d, 0xef, 0x7d, 0xef, 0x7d, 0xef, 0x7d, 0xef, 0x7d, 0xef, 0x7d, 0xef, 0x7d, 0xef, 0x7d, 0xef, 0x7d, 0xef, 0x7d, 0xef, 0x7d, 0xef, 0x7d, 0xef, 0x7d, 0xef, 0x7d, 0xef, 0x7d, 0xef, 0x7d, 0xef, 0x7d, 0xef, 0x7d, 0xef, 0x7d, 0xef, 0x7d, 0xef, 0x7d, 0xef, 0x7d, 0xef, 0x7d, 0xef, 0x7d, 0xef, 0x7d, 0xef, 0x7d, 0xef, 0x7d, 0xef, 0x7d, 0xef, 0x7d, 0xef, 0x7d, 0xef, 0x7d, 0xef, 0x7d, 0xef, 0x7d, 0xef, 0x7d, 0xef, 0x9c, 0xe7, 0xbb, 0xdf, 0xba, 0xd7, 0xd9, 0xcf, 0xf8, 0xc7, 0xf8, 0xc7, 0xf8, 0xc7, 0xf8, 0xc7, 0xf8, 0xc7, 0xf8, 0xc7, 0xf8, 0xc7, 0xf8, 0xc7, 0xf8, 0xc7, 0xf8, 0xc7, 0xf8, 0xc7, 0xf8, 0xc7, 0xf8, 0xc7, 0xf8, 0xc7, 0xf8, 0xc7, 0xf8, 0xc7, 0xf8, 0xc7, 0xf8, 0xc7, 0xf8, 0xc7, 
  0xf8, 0xc7, 0xf8, 0xc7, 0xf8, 0xc7, 0xf8, 0xc7, 0xf8, 0xc7, 0xf8, 0xc7, 0xf8, 0xc7, 0xf8, 0xc7, 0xf8, 0xc7, 0xf8, 0xc7, 0xf8, 0xc7, 0xf8, 0xc7, 0xf8, 0xc7, 0xf8, 0xc7, 0xf8, 0xc7, 0xf8, 0xc7, 0xf8, 0xc7, 0xf8, 0xc7, 0xf8, 0xc7, 0xf8, 0xc7, 0xf8, 0xc7, 0xf8, 0xcf, 0xf9, 0xcf, 0xd9, 0xcf, 0xda, 0xd7, 0xdb, 0xdf, 0xbc, 0xdf, 0xbc, 0xe7, 0x9d, 0xef, 0x9d, 0xef, 0x7e, 0xef, 0x7e, 0xef, 0x9d, 0xef, 0x9d, 0xef, 0x7d, 0xef, 0x7d, 0xef, 0x7d, 0xef, 0x7d, 0xef, 0x7d, 0xef, 0x7e, 0xef, 0x7d, 0xef, 0x7d, 0xef, 0x7d, 0xef, 0x7d, 0xef, 0x9d, 0xef, 0x9d, 0xef, 0x9d, 0xe7, 0x9c, 0xef, 0x7c, 0xef, 0x9c, 0xef, 0x9c, 0xef, 0x9c, 0xef, 0x9c, 0xe7, 0x9c, 0xe7, 0x9d, 0xe7, 0x9d, 0xef, 0x9d, 0xef, 0x7d, 0xef, 0x7d, 0xef, 0x7d, 0xef, 0x7d, 0xef, 0x7d, 0xef, 0x7d, 0xef, 0x7d, 0xef, 0x7d, 0xef, 0x7d, 0xef, 0x7d, 0xef, 0x7d, 0xef, 0x7d, 0xef, 0x7d, 0xef, 0x7d, 0xef, 0x7d, 0xef, 0x7d, 0xef, 0x7d, 0xef, 0x7d, 0xef, 0x7d, 0xef, 0x7d, 0xef, 0x7d, 0xef, 0x7d, 0xef, 0x7d, 0xef, 0x5d, 0xef, 0x5d, 0xef, 0x7d, 0xef, 0x7d, 0xef, 0x7d, 0xef, 0x7d, 0xef, 0x7d, 0xef, 0x7d, 0xef, 0x7d, 0xef, 0x7d, 0xef, 0x7d, 0xef, 0x7d, 0xef, 0x7d, 0xef, 0x5d, 0xef, 0x7d, 0xef, 0x7d, 0xef, 0x5d, 0xef, 0x7d, 0xef, 0x9c, 0xe7, 0xba, 0xdf, 0xd9, 0xcf, 0xf8, 0xc7, 0xf8, 0xc7, 0xf8, 0xc7, 0xf8, 0xc7, 0xf8, 0xc7, 0xf8, 0xc7, 0xf8, 0xc7, 0xf8, 0xc7, 0xf8, 0xc7, 0xf8, 0xc7, 0xf8, 0xc7, 0xf8, 0xc7, 0xf8, 0xc7, 0xf8, 0xc7, 0xf8, 0xc7, 0xf8, 0xc7, 0xf8, 0xc7, 0xf8, 0xc7, 0xf8, 0xc7, 
  0xf8, 0xc7, 0xf8, 0xc7, 0xf8, 0xc7, 0xf8, 0xc7, 0xf8, 0xc7, 0xf8, 0xc7, 0xf8, 0xc7, 0xf8, 0xc7, 0xf8, 0xc7, 0xf8, 0xc7, 0xf8, 0xc7, 0xf8, 0xc7, 0xf8, 0xc7, 0xf8, 0xc7, 0xf8, 0xc7, 0xf8, 0xc7, 0xf8, 0xc7, 0xf7, 0xc7, 0xf8, 0xc7, 0xf8, 0xc7, 0xf9, 0xcf, 0xd9, 0xcf, 0xd9, 0xd7, 0xba, 0xd7, 0xdb, 0xdf, 0xbc, 0xe7, 0xbc, 0xe7, 0x9d, 0xef, 0x7d, 0xef, 0x7e, 0xef, 0x7e, 0xf7, 0x7e, 0xf7, 0x7d, 0xef, 0x7d, 0xef, 0x7d, 0xef, 0x7d, 0xef, 0x7d, 0xef, 0x7d, 0xef, 0x7d, 0xef, 0x7e, 0xef, 0x7e, 0xef, 0x7d, 0xef, 0x7d, 0xef, 0x7d, 0xef, 0x7d, 0xef, 0x7d, 0xef, 0x7d, 0xef, 0x7d, 0xef, 0x7c, 0xef, 0x7c, 0xef, 0x9c, 0xef, 0x9d, 0xef, 0x9d, 0xef, 0x9d, 0xef, 0x9d, 0xe7, 0x9d, 0xe7, 0x9d, 0xef, 0x7d, 0xef, 0x7d, 0xef, 0x7d, 0xef, 0x7d, 0xef, 0x7d, 0xef, 0x7d, 0xef, 0x7d, 0xef, 0x7d, 0xef, 0x7d, 0xef, 0x7d, 0xef, 0x7d, 0xef, 0x7d, 0xef, 0x7d, 0xef, 0x7d, 0xef, 0x7d, 0xef, 0x7d, 0xef, 0x7d, 0xef, 0x7d, 0xef, 0x7d, 0xef, 0x7d, 0xef, 0x7d, 0xef, 0x7d, 0xef, 0x7d, 0xef, 0x5d, 0xef, 0x5d, 0xef, 0x5d, 0xef, 0x7d, 0xef, 0x7d, 0xef, 0x7d, 0xef, 0x7d, 0xef, 0x7d, 0xef, 0x7c, 0xef, 0x7d, 0xef, 0x7d, 0xef, 0x7c, 0xef, 0x5c, 0xef, 0x5d, 0xef, 0x7d, 0xef, 0x7d, 0xef, 0x5d, 0xef, 0x7d, 0xef, 0x9c, 0xe7, 0xbb, 0xdf, 0xda, 0xd7, 0xf9, 0xcf, 0xf8, 0xc7, 0xf8, 0xc7, 0xf8, 0xc7, 0xf8, 0xc7, 0xf8, 0xc7, 0xf8, 0xc7, 0xf8, 0xc7, 0xf8, 0xc7, 0xf8, 0xc7, 0xf8, 0xc7, 0xf8, 0xc7, 0xf8, 0xc7, 0xf8, 0xc7, 0xf8, 0xc7, 0xf8, 0xc7, 0xf8, 0xc7, 0xf8, 0xc7, 0xf8, 0xc7, 
  0xf8, 0xc7, 0xf8, 0xc7, 0xf8, 0xc7, 0xf8, 0xc7, 0xf8, 0xc7, 0xf8, 0xc7, 0xf8, 0xc7, 0xf8, 0xc7, 0xf8, 0xc7, 0xf8, 0xc7, 0xf8, 0xc7, 0xf8, 0xc7, 0xf8, 0xc7, 0xf8, 0xc7, 0xf8, 0xc7, 0xf8, 0xc7, 0xf7, 0xbf, 0xf8, 0xc7, 0xf8, 0xc7, 0xf9, 0xcf, 0xd9, 0xd7, 0xba, 0xd7, 0xbb, 0xdf, 0xbc, 0xe7, 0xbc, 0xe7, 0x9c, 0xe7, 0x9d, 0xef, 0x9d, 0xef, 0x9d, 0xef, 0x7d, 0xef, 0x7d, 0xef, 0x7d, 0xef, 0x7d, 0xef, 0x7d, 0xef, 0x7d, 0xef, 0x7d, 0xef, 0x7d, 0xef, 0x7d, 0xef, 0x7d, 0xef, 0x7d, 0xef, 0x7d, 0xef, 0x7d, 0xef, 0x7d, 0xef, 0x7d, 0xef, 0x7d, 0xef, 0x9d, 0xef, 0x9d, 0xef, 0x9d, 0xef, 0x7d, 0xef, 0x7d, 0xef, 0x7d, 0xef, 0x7d, 0xef, 0x7d, 0xef, 0x7d, 0xef, 0x7d, 0xef, 0x7d, 0xef, 0x7d, 0xef, 0x7d, 0xef, 0x7d, 0xef, 0x7d, 0xef, 0x7d, 0xef, 0x7d, 0xef, 0x7d, 0xef, 0x7d, 0xef, 0x7d, 0xef, 0x7d, 0xef, 0x7d, 0xef, 0x7d, 0xef, 0x7d, 0xef, 0x7d, 0xef, 0x7d, 0xef, 0x7d, 0xef, 0x7d, 0xef, 0x7d, 0xef, 0x7d, 0xef, 0x7d, 0xef, 0x7d, 0xef, 0x7d, 0xef, 0x7d, 0xef, 0x7d, 0xef, 0x7d, 0xef, 0x7d, 0xef, 0x7d, 0xef, 0x7d, 0xef, 0x7d, 0xef, 0x7d, 0xef, 0x7d, 0xef, 0x7d, 0xef, 0x7d, 0xef, 0x7d, 0xef, 0x7d, 0xef, 0x7d, 0xef, 0x7d, 0xef, 0x7d, 0xef, 0x7d, 0xef, 0x7d, 0xef, 0x7d, 0xef, 0x7d, 0xef, 0x7c, 0xe7, 0x9c, 0xe7, 0xba, 0xdf, 0xda, 0xd7, 0xd9, 0xcf, 0xf8, 0xc7, 0xf8, 0xc7, 0xf8, 0xc7, 0xf8, 0xc7, 0xf8, 0xc7, 0xf8, 0xc7, 0xf8, 0xc7, 0xf8, 0xc7, 0xf8, 0xc7, 0xf8, 0xc7, 0xf8, 0xc7, 0xf8, 0xc7, 0xf8, 0xc7, 0xf8, 0xc7, 0xf8, 0xc7, 0xf8, 0xc7, 0xf8, 0xc7, 
  0xf8, 0xc7, 0xf8, 0xc7, 0xf8, 0xc7, 0xf8, 0xc7, 0xf8, 0xc7, 0xf8, 0xc7, 0xf8, 0xc7, 0xf8, 0xc7, 0xf8, 0xc7, 0xf8, 0xc7, 0xf8, 0xc7, 0xf8, 0xc7, 0xf8, 0xc7, 0xf8, 0xc7, 0xf8, 0xc7, 0xf8, 0xc7, 0xf7, 0xbf, 0xf8, 0xc7, 0xf8, 0xc7, 0xd9, 0xcf, 0xba, 0xd7, 0x9b, 0xdf, 0x9c, 0xe7, 0x9c, 0xef, 0x9d, 0xef, 0x9d, 0xef, 0x9d, 0xef, 0x9d, 0xef, 0x9d, 0xef, 0x9d, 0xef, 0x7d, 0xef, 0x7d, 0xef, 0x7d, 0xef, 0x7d, 0xef, 0x7d, 0xef, 0x7d, 0xef, 0x7d, 0xef, 0x7d, 0xef, 0x7d, 0xef, 0x7d, 0xef, 0x7d, 0xef, 0x7d, 0xef, 0x7d, 0xef, 0x7d, 0xef, 0x7d, 0xef, 0x9d, 0xef, 0x9d, 0xef, 0x9d, 0xef, 0x7d, 0xef, 0x7d, 0xef, 0x7d, 0xef, 0x7d, 0xef, 0x7d, 0xef, 0x7d, 0xef, 0x7d, 0xef, 0x7d, 0xef, 0x7d, 0xef, 0x7d, 0xef, 0x7d, 0xef, 0x7d, 0xef, 0x7d, 0xef, 0x7d, 0xef, 0x7d, 0xef, 0x7d, 0xef, 0x7d, 0xef, 0x7d, 0xef, 0x7d, 0xef, 0x7d, 0xef, 0x7d, 0xef, 0x7d, 0xef, 0x7d, 0xef, 0x7d, 0xef, 0x7d, 0xef, 0x7d, 0xef, 0x7d, 0xef, 0x7d, 0xef, 0x7d, 0xef, 0x7d, 0xef, 0x7d, 0xef, 0x7d, 0xef, 0x7d, 0xef, 0x7d, 0xef, 0x7d, 0xef, 0x7d, 0xef, 0x7d, 0xef, 0x7d, 0xef, 0x7d, 0xef, 0x7d, 0xef, 0x7d, 0xef, 0x7d, 0xef, 0x7d, 0xef, 0x7d, 0xef, 0x7d, 0xef, 0x7d, 0xef, 0x7d, 0xef, 0x7d, 0xef, 0x7d, 0xef, 0x7d, 0xef, 0x7d, 0xef, 0x7c, 0xe7, 0x9b, 0xe7, 0xba, 0xdf, 0xd9, 0xcf, 0xf8, 0xc7, 0xf8, 0xc7, 0xf8, 0xc7, 0xf8, 0xc7, 0xf8, 0xc7, 0xf8, 0xc7, 0xf8, 0xc7, 0xf8, 0xc7, 0xf8, 0xc7, 0xf8, 0xc7, 0xf8, 0xc7, 0xf8, 0xc7, 0xf8, 0xc7, 0xf8, 0xc7, 0xf8, 0xc7, 0xf8, 0xc7, 0xf8, 0xc7, 
  0xf8, 0xc7, 0xf8, 0xc7, 0xf8, 0xc7, 0xf8, 0xc7, 0xf8, 0xc7, 0xf8, 0xc7, 0xf8, 0xc7, 0xf8, 0xc7, 0xf8, 0xc7, 0xf8, 0xc7, 0xf8, 0xc7, 0xf8, 0xc7, 0xf8, 0xc7, 0xf8, 0xc7, 0xf8, 0xc7, 0xf8, 0xc7, 0xf8, 0xc7, 0xf8, 0xc7, 0xf9, 0xcf, 0xda, 0xd7, 0xbb, 0xdf, 0xbb, 0xe7, 0x9c, 0xe7, 0x9c, 0xef, 0x7d, 0xef, 0x7d, 0xef, 0x9d, 0xef, 0x9d, 0xef, 0x9d, 0xef, 0x7d, 0xef, 0x7d, 0xef, 0x7d, 0xef, 0x9d, 0xef, 0x9d, 0xef, 0x9d, 0xef, 0x9d, 0xef, 0x9d, 0xef, 0x9d, 0xef, 0x9d, 0xef, 0x9d, 0xef, 0x7d, 0xef, 0x7d, 0xef, 0x7d, 0xef, 0x7d, 0xef, 0x7d, 0xef, 0x7d, 0xef, 0x9d, 0xef, 0x9d, 0xef, 0x7d, 0xef, 0x7d, 0xef, 0x7d, 0xef, 0x7d, 0xef, 0x7d, 0xef, 0x7d, 0xef, 0x7d, 0xef, 0x7d, 0xef, 0x7d, 0xef, 0x7d, 0xef, 0x7d, 0xef, 0x7d, 0xef, 0x7d, 0xef, 0x7d, 0xef, 0x7d, 0xef, 0x7d, 0xef, 0x7d, 0xef, 0x7d, 0xef, 0x7d, 0xef, 0x7d, 0xef, 0x7d, 0xef, 0x7d, 0xef, 0x7d, 0xef, 0x7d, 0xef, 0x7d, 0xef, 0x7d, 0xef, 0x7d, 0xef, 0x7d, 0xef, 0x7d, 0xef, 0x7d, 0xef, 0x7d, 0xef, 0x7d, 0xef, 0x7d, 0xef, 0x7d, 0xef, 0x7d, 0xef, 0x7d, 0xef, 0x7d, 0xef, 0x7d, 0xef, 0x7d, 0xef, 0x7d, 0xef, 0x7d, 0xef, 0x7d, 0xef, 0x7d, 0xef, 0x7d, 0xef, 0x7d, 0xef, 0x7d, 0xef, 0x7d, 0xef, 0x7d, 0xef, 0x7d, 0xef, 0x7d, 0xef, 0x7d, 0xef, 0x7c, 0xe7, 0x9b, 0xe7, 0xba, 0xdf, 0xd9, 0xcf, 0xf9, 0xcf, 0xf8, 0xc7, 0xf8, 0xc7, 0xf8, 0xc7, 0xf8, 0xc7, 0xf8, 0xc7, 0xf8, 0xc7, 0xf8, 0xc7, 0xf8, 0xc7, 0xf8, 0xc7, 0xf8, 0xc7, 0xf8, 0xc7, 0xf8, 0xc7, 0xf8, 0xc7, 0xf8, 0xc7, 0xf8, 0xc7, 0xf8, 0xc7, 
  0xf8, 0xc7, 0xf8, 0xc7, 0xf8, 0xc7, 0xf8, 0xc7, 0xf8, 0xc7, 0xf8, 0xc7, 0xf8, 0xc7, 0xf8, 0xc7, 0xf8, 0xc7, 0xf8, 0xc7, 0xf8, 0xc7, 0xf8, 0xc7, 0xf8, 0xc7, 0xf8, 0xc7, 0xf8, 0xc7, 0xf8, 0xc7, 0xf8, 0xc7, 0xf8, 0xc7, 0xf9, 0xcf, 0xda, 0xd7, 0xdb, 0xdf, 0xbc, 0xe7, 0x9c, 0xef, 0x9d, 0xef, 0x7d, 0xef, 0x7d, 0xef, 0x7d, 0xef, 0x9d, 0xef, 0x9d, 0xef, 0x7d, 0xef, 0x7d, 0xef, 0x7d, 0xef, 0x9d, 0xef, 0x9d, 0xef, 0x9d, 0xef, 0x9d, 0xef, 0x9d, 0xef, 0x9d, 0xef, 0x9d, 0xef, 0x9d, 0xef, 0x7d, 0xef, 0x7d, 0xef, 0x7d, 0xef, 0x7d, 0xef, 0x7d, 0xef, 0x7d, 0xef, 0x7d, 0xef, 0x7d, 0xef, 0x7d, 0xef, 0x7d, 0xef, 0x7d, 0xef, 0x7d, 0xef, 0x7d, 0xef, 0x7d, 0xef, 0x7d, 0xef, 0x7d, 0xef, 0x7d, 0xef, 0x7d, 0xef, 0x7d, 0xef, 0x7d, 0xef, 0x7d, 0xef, 0x7d, 0xef, 0x7d, 0xef, 0x7d, 0xef, 0x7d, 0xef, 0x7d, 0xef, 0x7d, 0xef, 0x7d, 0xef, 0x7d, 0xef, 0x7d, 0xef, 0x7d, 0xef, 0x7d, 0xef, 0x7d, 0xef, 0x7d, 0xef, 0x7d, 0xef, 0x7d, 0xef, 0x7d, 0xef, 0x7d, 0xef, 0x7d, 0xef, 0x7d, 0xef, 0x7d, 0xef, 0x7d, 0xef, 0x7d, 0xef, 0x7d, 0xef, 0x7d, 0xef, 0x7d, 0xef, 0x7d, 0xef, 0x7d, 0xef, 0x7d, 0xef, 0x7d, 0xef, 0x7d, 0xef, 0x7d, 0xef, 0x7d, 0xef, 0x7d, 0xef, 0x7d, 0xef, 0x7d, 0xef, 0x5d, 0xe7, 0x7d, 0xef, 0x7d, 0xef, 0x7c, 0xe7, 0x9b, 0xe7, 0xbb, 0xdf, 0xda, 0xd7, 0xf9, 0xcf, 0xf8, 0xc7, 0xf8, 0xc7, 0xf8, 0xc7, 0xf8, 0xc7, 0xf8, 0xc7, 0xf8, 0xc7, 0xf8, 0xc7, 0xf8, 0xc7, 0xf8, 0xc7, 0xf8, 0xc7, 0xf8, 0xc7, 0xf8, 0xc7, 0xf8, 0xc7, 0xf8, 0xc7, 0xf8, 0xc7, 0xf8, 0xc7, 
  0xf8, 0xc7, 0xf8, 0xc7, 0xf8, 0xc7, 0xf8, 0xc7, 0xf8, 0xc7, 0xf8, 0xc7, 0xf8, 0xc7, 0xf8, 0xc7, 0xf8, 0xc7, 0xf8, 0xc7, 0xf8, 0xc7, 0xf8, 0xc7, 0xf8, 0xc7, 0xf8, 0xc7, 0xf8, 0xc7, 0xf8, 0xc7, 0xf8, 0xc7, 0xf9, 0xcf, 0xd9, 0xcf, 0xda, 0xd7, 0xbb, 0xe7, 0xbc, 0xe7, 0x9d, 0xef, 0x9d, 0xef, 0x7d, 0xef, 0x7d, 0xef, 0x7d, 0xef, 0x9d, 0xef, 0x7d, 0xef, 0x7d, 0xef, 0x7d, 0xef, 0x7d, 0xef, 0x9d, 0xef, 0x9d, 0xef, 0x9d, 0xef, 0x9d, 0xef, 0x9d, 0xef, 0x9d, 0xef, 0x9d, 0xef, 0x9d, 0xef, 0x7d, 0xef, 0x7d, 0xef, 0x7d, 0xef, 0x7d, 0xef, 0x7d, 0xef, 0x7d, 0xef, 0x7d, 0xef, 0x7d, 0xef, 0x7d, 0xef, 0x7d, 0xef, 0x7d, 0xef, 0x7d, 0xef, 0x7d, 0xef, 0x7d, 0xef, 0x7d, 0xef, 0x7d, 0xef, 0x7d, 0xef, 0x7d, 0xef, 0x7d, 0xef, 0x7d, 0xef, 0x7d, 0xef, 0x7d, 0xef, 0x7d, 0xef, 0x7d, 0xef, 0x7d, 0xef, 0x7d, 0xef, 0x7d, 0xef, 0x7d, 0xef, 0x7d, 0xef, 0x7d, 0xef, 0x7d, 0xef, 0x7d, 0xef, 0x7d, 0xef, 0x7d, 0xef, 0x7d, 0xef, 0x7d, 0xef, 0x7d, 0xef, 0x7d, 0xef, 0x7d, 0xef, 0x7d, 0xef, 0x7d, 0xef, 0x7d, 0xef, 0x7d, 0xef, 0x7d, 0xef, 0x7d, 0xef, 0x7d, 0xef, 0x7d, 0xef, 0x7d, 0xef, 0x7d, 0xef, 0x7d, 0xef, 0x7d, 0xef, 0x7d, 0xef, 0x7d, 0xef, 0x7d, 0xef, 0x7d, 0xef, 0x7d, 0xef, 0x5d, 0xe7, 0x5d, 0xef, 0x5d, 0xef, 0x7c, 0xef, 0x9c, 0xe7, 0x9b, 0xdf, 0xda, 0xd7, 0xf9, 0xcf, 0xf9, 0xc7, 0xf8, 0xc7, 0xf8, 0xc7, 0xf8, 0xc7, 0xf8, 0xc7, 0xf8, 0xc7, 0xf8, 0xc7, 0xf8, 0xc7, 0xf8, 0xc7, 0xf8, 0xc7, 0xf8, 0xc7, 0xf8, 0xc7, 0xf8, 0xc7, 0xf8, 0xc7, 0xf8, 0xc7, 0xf8, 0xc7, 
  0xf8, 0xc7, 0xf8, 0xc7, 0xf8, 0xc7, 0xf8, 0xc7, 0xf8, 0xc7, 0xf8, 0xc7, 0xf8, 0xc7, 0xf8, 0xc7, 0xf8, 0xc7, 0xf8, 0xc7, 0xf8, 0xc7, 0xf8, 0xc7, 0xf8, 0xc7, 0xf8, 0xc7, 0xf8, 0xc7, 0xf8, 0xc7, 0xf9, 0xc7, 0xd9, 0xcf, 0xda, 0xd7, 0xdb, 0xdf, 0xbc, 0xe7, 0xbc, 0xef, 0x9d, 0xef, 0x9d, 0xef, 0x7d, 0xef, 0x7d, 0xef, 0x7d, 0xef, 0x7d, 0xef, 0x9d, 0xef, 0x7d, 0xef, 0x7d, 0xef, 0x7d, 0xef, 0x9d, 0xef, 0x9d, 0xef, 0x9d, 0xef, 0x9d, 0xef, 0x9d, 0xef, 0x9d, 0xef, 0x9d, 0xef, 0x9d, 0xef, 0x7d, 0xef, 0x7d, 0xef, 0x7d, 0xef, 0x7d, 0xef, 0x7d, 0xef, 0x7d, 0xef, 0x7d, 0xef, 0x7d, 0xef, 0x7d, 0xef, 0x7d, 0xef, 0x7d, 0xef, 0x7d, 0xef, 0x7d, 0xef, 0x7d, 0xef, 0x7d, 0xef, 0x7d, 0xef, 0x7d, 0xef, 0x7d, 0xef, 0x7d, 0xef, 0x7d, 0xef, 0x7d, 0xef, 0x7d, 0xef, 0x7d, 0xef, 0x7d, 0xef, 0x7d, 0xef, 0x7d, 0xef, 0x7d, 0xef, 0x7d, 0xef, 0x7d, 0xef, 0x7d, 0xef, 0x7d, 0xef, 0x7d, 0xef, 0x7d, 0xef, 0x7d, 0xef, 0x7d, 0xef, 0x7d, 0xef, 0x7d, 0xef, 0x7d, 0xef, 0x7d, 0xef, 0x7d, 0xef, 0x7d, 0xef, 0x7d, 0xef, 0x7d, 0xef, 0x7d, 0xef, 0x7d, 0xef, 0x7d, 0xef, 0x7d, 0xef, 0x7d, 0xef, 0x7d, 0xef, 0x7d, 0xef, 0x7d, 0xef, 0x7d, 0xef, 0x7d, 0xef, 0x7d, 0xef, 0x7d, 0xef, 0x7d, 0xef, 0x5d, 0xe7, 0x5d, 0xef, 0x5d, 0xef, 0x7c, 0xef, 0x7c, 0xe7, 0x9b, 0xdf, 0xba, 0xd7, 0xda, 0xcf, 0xf9, 0xc7, 0xf8, 0xc7, 0xf8, 0xc7, 0xf8, 0xc7, 0xf8, 0xc7, 0xf8, 0xc7, 0xf8, 0xc7, 0xf8, 0xc7, 0xf8, 0xc7, 0xf8, 0xc7, 0xf8, 0xc7, 0xf8, 0xc7, 0xf8, 0xc7, 0xf8, 0xc7, 0xf8, 0xc7, 0xf8, 0xc7, 
  0xf8, 0xc7, 0xf8, 0xc7, 0xf8, 0xc7, 0xf8, 0xc7, 0xf8, 0xc7, 0xf8, 0xc7, 0xf8, 0xc7, 0xf8, 0xc7, 0xf8, 0xc7, 0xf8, 0xc7, 0xf8, 0xc7, 0xf8, 0xc7, 0xf8, 0xc7, 0xf8, 0xc7, 0xf8, 0xc7, 0xf8, 0xc7, 0xd9, 0xcf, 0xda, 0xd7, 0xda, 0xd7, 0xdb, 0xdf, 0xbc, 0xe7, 0x9d, 0xef, 0x9d, 0xef, 0x7d, 0xef, 0x7d, 0xef, 0x7d, 0xef, 0x9d, 0xef, 0x9d, 0xef, 0x9d, 0xef, 0x9d, 0xef, 0x7d, 0xef, 0x7d, 0xef, 0x7d, 0xef, 0x7d, 0xef, 0x7d, 0xef, 0x7d, 0xef, 0x7d, 0xef, 0x7d, 0xef, 0x7d, 0xef, 0x7d, 0xef, 0x7d, 0xef, 0x7d, 0xef, 0x7d, 0xef, 0x7d, 0xef, 0x7d, 0xef, 0x7d, 0xef, 0x7d, 0xef, 0x7d, 0xef, 0x7d, 0xef, 0x7d, 0xef, 0x7d, 0xef, 0x7d, 0xef, 0x7d, 0xef, 0x7d, 0xef, 0x7d, 0xef, 0x7d, 0xef, 0x7d, 0xef, 0x7d, 0xef, 0x7d, 0xef, 0x7d, 0xef, 0x7d, 0xef, 0x7d, 0xef, 0x7d, 0xef, 0x7d, 0xef, 0x7d, 0xef, 0x7d, 0xef, 0x7d, 0xef, 0x7d, 0xef, 0x7d, 0xef, 0x7d, 0xef, 0x7d, 0xef, 0x7d, 0xef, 0x7d, 0xef, 0x7d, 0xef, 0x7d, 0xef, 0x7d, 0xef, 0x7d, 0xef, 0x7d, 0xef, 0x7d, 0xef, 0x7d, 0xef, 0x7d, 0xef, 0x7d, 0xef, 0x7d, 0xef, 0x7d, 0xef, 0x7d, 0xef, 0x7d, 0xef, 0x7d, 0xef, 0x7d, 0xef, 0x5c, 0xef, 0x5c, 0xef, 0x5c, 0xef, 0x5c, 0xef, 0x5c, 0xef, 0x5c, 0xef, 0x5c, 0xef, 0x5d, 0xef, 0x5d, 0xe7, 0x5d, 0xef, 0x5d, 0xef, 0x5d, 0xef, 0x7c, 0xef, 0x9b, 0xe7, 0xbb, 0xd7, 0xda, 0xcf, 0xf9, 0xcf, 0xf8, 0xc7, 0xf8, 0xc7, 0xf8, 0xc7, 0xf8, 0xc7, 0xf8, 0xc7, 0xf8, 0xc7, 0xf8, 0xc7, 0xf8, 0xc7, 0xf8, 0xc7, 0xf8, 0xc7, 0xf8, 0xc7, 0xf8, 0xc7, 0xf8, 0xc7, 0xf8, 0xc7, 0xf8, 0xc7, 
  0xf8, 0xc7, 0xf8, 0xc7, 0xf8, 0xc7, 0xf8, 0xc7, 0xf8, 0xc7, 0xf8, 0xc7, 0xf8, 0xc7, 0xf8, 0xc7, 0xf8, 0xc7, 0xf8, 0xc7, 0xf8, 0xc7, 0xf8, 0xc7, 0xf8, 0xc7, 0xf8, 0xc7, 0xf8, 0xc7, 0xf8, 0xc7, 0xd9, 0xcf, 0xda, 0xd7, 0xdb, 0xdf, 0xbc, 0xe7, 0x9c, 0xe7, 0x7d, 0xef, 0x7d, 0xef, 0x7d, 0xef, 0x7d, 0xef, 0x7d, 0xef, 0x9d, 0xef, 0x9d, 0xef, 0x9d, 0xef, 0x9d, 0xef, 0x7d, 0xef, 0x7d, 0xef, 0x7d, 0xef, 0x7d, 0xef, 0x7d, 0xef, 0x7d, 0xef, 0x7d, 0xef, 0x7d, 0xef, 0x7d, 0xef, 0x7d, 0xef, 0x7d, 0xef, 0x7d, 0xef, 0x7d, 0xef, 0x7d, 0xef, 0x7d, 0xef, 0x7d, 0xef, 0x7d, 0xef, 0x7d, 0xef, 0x7d, 0xef, 0x7d, 0xef, 0x7d, 0xef, 0x7d, 0xef, 0x7d, 0xef, 0x7d, 0xef, 0x7d, 0xef, 0x7d, 0xef, 0x7d, 0xef, 0x7d, 0xef, 0x7d, 0xef, 0x7d, 0xef, 0x7d, 0xef, 0x7d, 0xef, 0x7d, 0xef, 0x7d, 0xef, 0x7d, 0xef, 0x7d, 0xef, 0x7d, 0xef, 0x7d, 0xef, 0x7d, 0xef, 0x7d, 0xef, 0x7d, 0xef, 0x7d, 0xef, 0x7d, 0xef, 0x7d, 0xef, 0x7d, 0xef, 0x7d, 0xef, 0x7d, 0xef, 0x7d, 0xef, 0x7d, 0xef, 0x5c, 0xef, 0x7d, 0xef, 0x7d, 0xef, 0x7d, 0xef, 0x7d, 0xef, 0x5c, 0xef, 0x5c, 0xef, 0x5c, 0xef, 0x5c, 0xef, 0x5c, 0xef, 0x5c, 0xef, 0x5c, 0xef, 0x5c, 0xef, 0x5c, 0xef, 0x5c, 0xef, 0x5c, 0xef, 0x5d, 0xef, 0x7d, 0xef, 0x5d, 0xef, 0x5d, 0xef, 0x5d, 0xef, 0x7c, 0xef, 0x7c, 0xe7, 0xbb, 0xdf, 0xda, 0xd7, 0xf9, 0xcf, 0xf8, 0xc7, 0xf8, 0xc7, 0xf8, 0xc7, 0xf8, 0xc7, 0xf8, 0xc7, 0xf8, 0xc7, 0xf8, 0xc7, 0xf8, 0xc7, 0xf8, 0xc7, 0xf8, 0xc7, 0xf8, 0xc7, 0xf8, 0xc7, 0xf8, 0xc7, 0xf8, 0xc7, 0xf8, 0xc7, 
  0xf8, 0xc7, 0xf8, 0xc7, 0xf8, 0xc7, 0xf8, 0xc7, 0xf8, 0xc7, 0xf8, 0xc7, 0xf8, 0xc7, 0xf8, 0xc7, 0xf8, 0xc7, 0xf8, 0xc7, 0xf8, 0xc7, 0xf8, 0xc7, 0xf8, 0xc7, 0xf8, 0xc7, 0xf8, 0xc7, 0xf9, 0xcf, 0xd9, 0xcf, 0xdb, 0xdf, 0xdb, 0xdf, 0xbc, 0xe7, 0x9c, 0xe7, 0x9d, 0xef, 0x7d, 0xef, 0x7d, 0xef, 0x7d, 0xef, 0x7d, 0xef, 0x7d, 0xef, 0x7d, 0xef, 0x7d, 0xef, 0x7d, 0xef, 0x7d, 0xef, 0x7d, 0xef, 0x9d, 0xef, 0x7d, 0xef, 0x7d, 0xef, 0x7d, 0xef, 0x7d, 0xef, 0x7d, 0xef, 0x7d, 0xef, 0x7d, 0xef, 0x7d, 0xef, 0x7d, 0xef, 0x7d, 0xef, 0x7d, 0xef, 0x7d, 0xef, 0x7d, 0xef, 0x7d, 0xef, 0x7d, 0xef, 0x7d, 0xef, 0x7d, 0xef, 0x7d, 0xef, 0x7d, 0xef, 0x7d, 0xef, 0x7d, 0xef, 0x7d, 0xef, 0x7d, 0xef, 0x7d, 0xef, 0x7d, 0xef, 0x7d, 0xef, 0x7d, 0xef, 0x7d, 0xef, 0x7d, 0xef, 0x7d, 0xef, 0x7d, 0xef, 0x7d, 0xef, 0x7d, 0xef, 0x7d, 0xef, 0x7d, 0xef, 0x7d, 0xef, 0x7d, 0xef, 0x7d, 0xef, 0x7d, 0xef, 0x7d, 0xef, 0x7d, 0xef, 0x7d, 0xef, 0x7d, 0xef, 0x7d, 0xef, 0x7d, 0xef, 0x7d, 0xef, 0x7d, 0xef, 0x5c, 0xef, 0x5c, 0xef, 0x5c, 0xef, 0x5c, 0xef, 0x5c, 0xef, 0x5c, 0xef, 0x5c, 0xef, 0x5c, 0xef, 0x5c, 0xef, 0x5c, 0xef, 0x7d, 0xef, 0x7d, 0xef, 0x7d, 0xef, 0x5c, 0xef, 0x5c, 0xef, 0x5c, 0xe7, 0x5d, 0xe7, 0x5d, 0xef, 0x5d, 0xef, 0x5d, 0xef, 0x5c, 0xef, 0x7c, 0xe7, 0x9b, 0xdf, 0xda, 0xd7, 0xf9, 0xcf, 0xf8, 0xc7, 0xf8, 0xc7, 0xf8, 0xc7, 0xf8, 0xc7, 0xf8, 0xc7, 0xf8, 0xc7, 0xf8, 0xc7, 0xf8, 0xc7, 0xf8, 0xc7, 0xf8, 0xc7, 0xf8, 0xc7, 0xf8, 0xc7, 0xf8, 0xc7, 0xf8, 0xc7, 0xf8, 0xc7, 
  0xf8, 0xc7, 0xf8, 0xc7, 0xf8, 0xc7, 0xf8, 0xc7, 0xf8, 0xc7, 0xf8, 0xc7, 0xf8, 0xc7, 0xf8, 0xc7, 0xf8, 0xc7, 0xf8, 0xc7, 0xf8, 0xc7, 0xf8, 0xc7, 0xf8, 0xc7, 0xf8, 0xc7, 0xf8, 0xc7, 0xf9, 0xcf, 0xda, 0xd7, 0xbb, 0xdf, 0xbc, 0xe7, 0xbc, 0xe7, 0x9d, 0xef, 0x7d, 0xef, 0x7d, 0xef, 0x5d, 0xef, 0x7d, 0xef, 0x7d, 0xef, 0x7d, 0xef, 0x7d, 0xef, 0x7d, 0xef, 0x7d, 0xef, 0x7d, 0xef, 0x7d, 0xef, 0x7d, 0xef, 0x7d, 0xef, 0x7d, 0xef, 0x7d, 0xef, 0x7d, 0xef, 0x7d, 0xef, 0x7d, 0xef, 0x7d, 0xef, 0x7d, 0xef, 0x7d, 0xef, 0x7d, 0xef, 0x7d, 0xef, 0x7d, 0xef, 0x7d, 0xef, 0x7d, 0xef, 0x7d, 0xef, 0x7d, 0xef, 0x7d, 0xef, 0x7d, 0xef, 0x7d, 0xef, 0x7d, 0xef, 0x7d, 0xef, 0x7d, 0xef, 0x7d, 0xef, 0x7d, 0xef, 0x7d, 0xef, 0x7d, 0xef, 0x7d, 0xef, 0x7d, 0xef, 0x7d, 0xef, 0x7d, 0xef, 0x7d, 0xef, 0x7d, 0xef, 0x7d, 0xef, 0x7d, 0xef, 0x7d, 0xef, 0x7d, 0xef, 0x7d, 0xef, 0x7d, 0xef, 0x7d, 0xef, 0x7d, 0xef, 0x7d, 0xef, 0x7d, 0xef, 0x7d, 0xef, 0x7d, 0xef, 0x7d, 0xef, 0x7d, 0xef, 0x7d, 0xef, 0x5c, 0xef, 0x5c, 0xef, 0x5c, 0xef, 0x5c, 0xef, 0x5c, 0xef, 0x5c, 0xef, 0x5c, 0xef, 0x5c, 0xef, 0x5c, 0xef, 0x5c, 0xef, 0x7d, 0xef, 0x7d, 0xef, 0x7d, 0xef, 0x7d, 0xef, 0x5c, 0xef, 0x5d, 0xef, 0x7d, 0xe7, 0x5d, 0xef, 0x5d, 0xef, 0x5d, 0xef, 0x5d, 0xef, 0x7c, 0xe7, 0x9b, 0xdf, 0xba, 0xd7, 0xf9, 0xcf, 0xf8, 0xc7, 0xf8, 0xc7, 0xf8, 0xc7, 0xf8, 0xc7, 0xf8, 0xc7, 0xf8, 0xc7, 0xf8, 0xc7, 0xf8, 0xc7, 0xf8, 0xc7, 0xf8, 0xc7, 0xf8, 0xc7, 0xf8, 0xc7, 0xf8, 0xc7, 0xf8, 0xc7, 0xf8, 0xc7, 
  0xf8, 0xc7, 0xf8, 0xc7, 0xf8, 0xc7, 0xf8, 0xc7, 0xf8, 0xc7, 0xf8, 0xc7, 0xf8, 0xc7, 0xf8, 0xc7, 0xf8, 0xc7, 0xf8, 0xc7, 0xf8, 0xc7, 0xf8, 0xc7, 0xf8, 0xc7, 0xf8, 0xc7, 0xf8, 0xc7, 0xf9, 0xcf, 0xba, 0xd7, 0xbb, 0xdf, 0xbc, 0xe7, 0x9c, 0xe7, 0x7d, 0xef, 0x7d, 0xef, 0x7d, 0xef, 0x5d, 0xef, 0x7d, 0xef, 0x7d, 0xef, 0x7d, 0xef, 0x7d, 0xef, 0x7d, 0xef, 0x7d, 0xef, 0x7d, 0xef, 0x7d, 0xef, 0x7d, 0xef, 0x7d, 0xef, 0x7d, 0xef, 0x7d, 0xef, 0x7d, 0xef, 0x7d, 0xef, 0x7d, 0xef, 0x7d, 0xef, 0x7d, 0xef, 0x7d, 0xef, 0x7d, 0xef, 0x7d, 0xef, 0x7d, 0xef, 0x7d, 0xef, 0x7d, 0xef, 0x7d, 0xef, 0x7d, 0xef, 0x7d, 0xef, 0x7d, 0xef, 0x7d, 0xef, 0x7d, 0xef, 0x7d, 0xef, 0x7d, 0xef, 0x7d, 0xef, 0x7d, 0xef, 0x7d, 0xef, 0x7d, 0xef, 0x7d, 0xef, 0x7d, 0xef, 0x7d, 0xef, 0x7d, 0xef, 0x7d, 0xef, 0x7d, 0xef, 0x7d, 0xef, 0x7d, 0xef, 0x7d, 0xef, 0x7d, 0xef, 0x7d, 0xef, 0x7d, 0xef, 0x7d, 0xef, 0x7d, 0xef, 0x7d, 0xef, 0x7d, 0xef, 0x7d, 0xef, 0x7d, 0xef, 0x7d, 0xef, 0x7d, 0xef, 0x7d, 0xef, 0x5c, 0xef, 0x5c, 0xef, 0x5c, 0xef, 0x5c, 0xef, 0x5c, 0xef, 0x5c, 0xef, 0x5c, 0xef, 0x5c, 0xef, 0x5c, 0xef, 0x5c, 0xef, 0x5c, 0xef, 0x7d, 0xef, 0x7d, 0xef, 0x7d, 0xef, 0x5c, 0xef, 0x5c, 0xe7, 0x5c, 0xe7, 0x5d, 0xe7, 0x5d, 0xef, 0x3d, 0xef, 0x5d, 0xef, 0x7c, 0xe7, 0x9c, 0xdf, 0xdb, 0xd7, 0xd9, 0xcf, 0xf8, 0xc7, 0xf8, 0xc7, 0xf7, 0xc7, 0xf8, 0xc7, 0xf8, 0xc7, 0xf8, 0xc7, 0xf8, 0xc7, 0xf8, 0xc7, 0xf8, 0xc7, 0xf8, 0xc7, 0xf8, 0xc7, 0xf8, 0xc7, 0xf8, 0xc7, 0xf8, 0xc7, 0xf8, 0xc7, 
  0xf8, 0xc7, 0xf8, 0xc7, 0xf8, 0xc7, 0xf8, 0xc7, 0xf8, 0xc7, 0xf8, 0xc7, 0xf8, 0xc7, 0xf8, 0xc7, 0xf8, 0xc7, 0xf8, 0xc7, 0xf8, 0xc7, 0xf8, 0xc7, 0xf8, 0xc7, 0xf8, 0xc7, 0xf8, 0xc7, 0xf9, 0xcf, 0xba, 0xd7, 0xbb, 0xdf, 0xbc, 0xe7, 0x9c, 0xe7, 0x7d, 0xef, 0x7d, 0xef, 0x7d, 0xef, 0x5d, 0xef, 0x7d, 0xef, 0x7d, 0xef, 0x7d, 0xef, 0x7d, 0xef, 0x7d, 0xef, 0x7d, 0xef, 0x7d, 0xef, 0x7d, 0xef, 0x7d, 0xef, 0x7d, 0xef, 0x7d, 0xef, 0x7d, 0xef, 0x7d, 0xef, 0x7d, 0xef, 0x7d, 0xef, 0x7d, 0xef, 0x7d, 0xef, 0x7d, 0xef, 0x7d, 0xef, 0x7d, 0xef, 0x7d, 0xef, 0x7d, 0xef, 0x7d, 0xef, 0x7d, 0xef, 0x7d, 0xef, 0x7d, 0xef, 0x7d, 0xef, 0x7d, 0xef, 0x7d, 0xef, 0x7d, 0xef, 0x7d, 0xef, 0x7d, 0xef, 0x7d, 0xef, 0x7d, 0xef, 0x7d, 0xef, 0x7d, 0xef, 0x7d, 0xef, 0x7d, 0xef, 0x7d, 0xef, 0x7d, 0xef, 0x7d, 0xef, 0x7d, 0xef, 0x7d, 0xef, 0x7d, 0xef, 0x7d, 0xef, 0x7d, 0xef, 0x7d, 0xef, 0x7d, 0xef, 0x7d, 0xef, 0x7d, 0xef, 0x7d, 0xef, 0x7d, 0xef, 0x7d, 0xef, 0x7d, 0xef, 0x7d, 0xef, 0x7d, 0xef, 0x5c, 0xef, 0x5c, 0xef, 0x5c, 0xef, 0x5c, 0xef, 0x5c, 0xef, 0x5c, 0xef, 0x5c, 0xef, 0x5c, 0xef, 0x5c, 0xef, 0x5c, 0xef, 0x5c, 0xef, 0x5c, 0xef, 0x5c, 0xef, 0x5c, 0xe7, 0x5c, 0xe7, 0x5c, 0xe7, 0x7c, 0xe7, 0x5c, 0xe7, 0x3d, 0xef, 0x3d, 0xef, 0x5d, 0xef, 0x5d, 0xef, 0x9c, 0xdf, 0xbb, 0xd7, 0xd9, 0xcf, 0xf8, 0xc7, 0xf8, 0xc7, 0xf7, 0xc7, 0xf7, 0xc7, 0xf8, 0xc7, 0xf8, 0xc7, 0xf8, 0xc7, 0xf8, 0xc7, 0xf8, 0xc7, 0xf8, 0xc7, 0xf8, 0xc7, 0xf8, 0xc7, 0xf8, 0xc7, 0xf8, 0xc7, 0xf8, 0xc7, 
  0xf8, 0xc7, 0xf8, 0xc7, 0xf8, 0xc7, 0xf8, 0xc7, 0xf8, 0xc7, 0xf8, 0xc7, 0xf8, 0xc7, 0xf8, 0xc7, 0xf8, 0xc7, 0xf8, 0xc7, 0xf8, 0xc7, 0xf8, 0xc7, 0xf8, 0xc7, 0xf8, 0xc7, 0xf8, 0xc7, 0xf9, 0xcf, 0xba, 0xd7, 0xbb, 0xdf, 0xbc, 0xe7, 0x9c, 0xe7, 0x7d, 0xef, 0x7d, 0xef, 0x7d, 0xef, 0x5d, 0xef, 0x7d, 0xef, 0x7d, 0xef, 0x9d, 0xef, 0x9d, 0xef, 0x7d, 0xef, 0x7d, 0xef, 0x7d, 0xef, 0x7d, 0xef, 0x7d, 0xef, 0x7d, 0xef, 0x7d, 0xef, 0x7d, 0xef, 0x7d, 0xef, 0x7d, 0xef, 0x7d, 0xef, 0x7d, 0xef, 0x7d, 0xef, 0x7d, 0xef, 0x7d, 0xef, 0x7d, 0xef, 0x7d, 0xef, 0x7d, 0xef, 0x7d, 0xef, 0x7d, 0xef, 0x7d, 0xef, 0x7d, 0xef, 0x7d, 0xef, 0x7d, 0xef, 0x7d, 0xef, 0x7d, 0xef, 0x7d, 0xef, 0x7d, 0xef, 0x7d, 0xef, 0x7d, 0xef, 0x7d, 0xef, 0x7d, 0xef, 0x7d, 0xef, 0x7d, 0xef, 0x7d, 0xef, 0x7d, 0xef, 0x7d, 0xef, 0x7d, 0xef, 0x7d, 0xef, 0x7d, 0xef, 0x7d, 0xef, 0x7d, 0xef, 0x7d, 0xef, 0x7d, 0xef, 0x5c, 0xef, 0x5c, 0xef, 0x5c, 0xef, 0x5c, 0xef, 0x5c, 0xef, 0x5c, 0xef, 0x5c, 0xef, 0x5c, 0xef, 0x5c, 0xef, 0x5c, 0xef, 0x5c, 0xef, 0x5c, 0xef, 0x5c, 0xef, 0x5c, 0xef, 0x5c, 0xef, 0x5c, 0xef, 0x5c, 0xef, 0x5c, 0xef, 0x5c, 0xe7, 0x5c, 0xe7, 0x5c, 0xe7, 0x5c, 0xe7, 0x5c, 0xe7, 0x5c, 0xe7, 0x7c, 0xe7, 0x5c, 0xe7, 0x5d, 0xef, 0x3d, 0xef, 0x3d, 0xef, 0x5d, 0xef, 0x7c, 0xdf, 0xbb, 0xd7, 0xd9, 0xcf, 0xf8, 0xc7, 0xf8, 0xc7, 0xf7, 0xc7, 0xf7, 0xc7, 0xf8, 0xc7, 0xf8, 0xc7, 0xf8, 0xc7, 0xf8, 0xc7, 0xf8, 0xc7, 0xf8, 0xc7, 0xf8, 0xc7, 0xf8, 0xc7, 0xf8, 0xc7, 0xf8, 0xc7, 0xf8, 0xc7, 
  0xf8, 0xc7, 0xf8, 0xc7, 0xf8, 0xc7, 0xf8, 0xc7, 0xf8, 0xc7, 0xf8, 0xc7, 0xf8, 0xc7, 0xf8, 0xc7, 0xf8, 0xc7, 0xf8, 0xc7, 0xf8, 0xc7, 0xf8, 0xc7, 0xf8, 0xc7, 0xf8, 0xc7, 0xf8, 0xc7, 0xf9, 0xcf, 0xba, 0xd7, 0xbb, 0xdf, 0xbc, 0xe7, 0x9c, 0xe7, 0x7d, 0xef, 0x7d, 0xef, 0x7d, 0xef, 0x7d, 0xef, 0x7d, 0xef, 0x7d, 0xef, 0x9d, 0xef, 0x9d, 0xef, 0x7d, 0xef, 0x7d, 0xef, 0x7d, 0xef, 0x7d, 0xef, 0x7d, 0xef, 0x7d, 0xef, 0x7d, 0xef, 0x7d, 0xef, 0x7d, 0xef, 0x7d, 0xef, 0x7d, 0xef, 0x7d, 0xef, 0x7d, 0xef, 0x7d, 0xef, 0x7d, 0xef, 0x7d, 0xef, 0x7d, 0xef, 0x7d, 0xef, 0x7d, 0xef, 0x7d, 0xef, 0x7d, 0xef, 0x7d, 0xef, 0x7d, 0xef, 0x7d, 0xef, 0x7d, 0xef, 0x7d, 0xef, 0x7d, 0xef, 0x7d, 0xef, 0x7d, 0xef, 0x7d, 0xef, 0x7d, 0xef, 0x7d, 0xef, 0x7d, 0xef, 0x7d, 0xef, 0x7d, 0xef, 0x7d, 0xef, 0x7d, 0xef, 0x7d, 0xef, 0x7d, 0xef, 0x7d, 0xef, 0x7d, 0xef, 0x7d, 0xef, 0x7d, 0xef, 0x7d, 0xef, 0x5c, 0xef, 0x5c, 0xef, 0x5c, 0xef, 0x5c, 0xef, 0x5c, 0xef, 0x5c, 0xef, 0x5c, 0xef, 0x5c, 0xef, 0x5c, 0xef, 0x5c, 0xef, 0x5c, 0xef, 0x5c, 0xef, 0x5c, 0xef, 0x5c, 0xef, 0x5c, 0xef, 0x5c, 0xef, 0x5c, 0xef, 0x5c, 0xef, 0x5c, 0xe7, 0x5c, 0xe7, 0x5c, 0xe7, 0x5c, 0xe7, 0x5c, 0xe7, 0x5c, 0xe7, 0x7c, 0xe7, 0x7c, 0xe7, 0x5d, 0xef, 0x3d, 0xef, 0x3d, 0xef, 0x5d, 0xef, 0x7c, 0xdf, 0xbb, 0xd7, 0xd9, 0xcf, 0xf8, 0xc7, 0xf7, 0xc7, 0xf7, 0xc7, 0xf7, 0xc7, 0xf8, 0xc7, 0xf8, 0xc7, 0xf8, 0xc7, 0xf8, 0xc7, 0xf8, 0xc7, 0xf8, 0xc7, 0xf8, 0xc7, 0xf8, 0xc7, 0xf8, 0xc7, 0xf8, 0xc7, 0xf8, 0xc7, 
  0xf8, 0xc7, 0xf8, 0xc7, 0xf8, 0xc7, 0xf8, 0xc7, 0xf8, 0xc7, 0xf8, 0xc7, 0xf8, 0xc7, 0xf8, 0xc7, 0xf8, 0xc7, 0xf8, 0xc7, 0xf8, 0xc7, 0xf8, 0xc7, 0xf8, 0xc7, 0xf8, 0xc7, 0xf8, 0xc7, 0xf9, 0xcf, 0xba, 0xd7, 0xbc, 0xdf, 0xbc, 0xe7, 0x9c, 0xe7, 0x7d, 0xef, 0x7d, 0xef, 0x7d, 0xef, 0x7d, 0xef, 0x7d, 0xef, 0x7d, 0xef, 0x7d, 0xe7, 0x7d, 0xe7, 0x7d, 0xef, 0x7d, 0xef, 0x7d, 0xef, 0x7d, 0xef, 0x7d, 0xef, 0x7d, 0xef, 0x7d, 0xef, 0x7d, 0xef, 0x7d, 0xef, 0x7d, 0xef, 0x7d, 0xef, 0x7d, 0xef, 0x7d, 0xef, 0x7d, 0xef, 0x7d, 0xef, 0x7d, 0xef, 0x7d, 0xef, 0x7d, 0xef, 0x7d, 0xef, 0x7d, 0xef, 0x7d, 0xef, 0x7d, 0xef, 0x7d, 0xef, 0x7d, 0xef, 0x7d, 0xef, 0x7d, 0xef, 0x7d, 0xef, 0x7d, 0xef, 0x7d, 0xef, 0x7d, 0xef, 0x7d, 0xef, 0x7d, 0xef, 0x7d, 0xef, 0x7d, 0xef, 0x7d, 0xef, 0x7d, 0xef, 0x7d, 0xef, 0x7d, 0xef, 0x7d, 0xef, 0x7d, 0xef, 0x7d, 0xef, 0x7d, 0xef, 0x7d, 0xef, 0x7d, 0xef, 0x5c, 0xef, 0x5c, 0xef, 0x5c, 0xef, 0x5c, 0xef, 0x5c, 0xef, 0x5c, 0xef, 0x5c, 0xef, 0x5c, 0xef, 0x5c, 0xef, 0x5c, 0xef, 0x5c, 0xef, 0x5c, 0xef, 0x5c, 0xef, 0x5c, 0xef, 0x5c, 0xef, 0x5c, 0xef, 0x5c, 0xef, 0x5c, 0xe7, 0x5c, 0xe7, 0x5c, 0xe7, 0x5c, 0xe7, 0x5c, 0xef, 0x5c, 0xef, 0x7c, 0xe7, 0x7c, 0xe7, 0x7c, 0xe7, 0x5d, 0xef, 0x3d, 0xef, 0x3d, 0xef, 0x5d, 0xef, 0x7c, 0xdf, 0xbb, 0xd7, 0xd9, 0xcf, 0xf8, 0xc7, 0xf7, 0xc7, 0xf7, 0xc7, 0xf7, 0xc7, 0xf8, 0xc7, 0xf8, 0xc7, 0xf8, 0xc7, 0xf8, 0xc7, 0xf8, 0xc7, 0xf8, 0xc7, 0xf8, 0xc7, 0xf8, 0xc7, 0xf8, 0xc7, 0xf8, 0xc7, 0xf8, 0xc7, 
  0xf8, 0xc7, 0xf8, 0xc7, 0xf8, 0xc7, 0xf8, 0xc7, 0xf8, 0xc7, 0xf8, 0xc7, 0xf8, 0xc7, 0xf8, 0xc7, 0xf8, 0xc7, 0xf8, 0xc7, 0xf8, 0xc7, 0xf8, 0xc7, 0xf8, 0xc7, 0xf8, 0xc7, 0xf8, 0xc7, 0xf9, 0xcf, 0xbb, 0xdf, 0xbc, 0xe7, 0xbc, 0xe7, 0x9c, 0xe7, 0x7d, 0xef, 0x7d, 0xef, 0x7d, 0xef, 0x7d, 0xef, 0x7d, 0xef, 0x7d, 0xef, 0x7d, 0xe7, 0x7d, 0xe7, 0x7d, 0xef, 0x7d, 0xef, 0x7d, 0xef, 0x7d, 0xef, 0x7d, 0xef, 0x7d, 0xef, 0x7d, 0xef, 0x7d, 0xef, 0x7d, 0xef, 0x7d, 0xef, 0x7d, 0xef, 0x7d, 0xef, 0x7d, 0xef, 0x7d, 0xef, 0x7d, 0xef, 0x7d, 0xef, 0x7d, 0xef, 0x7d, 0xef, 0x7d, 0xef, 0x7d, 0xef, 0x7d, 0xef, 0x7d, 0xef, 0x7d, 0xef, 0x7d, 0xef, 0x7d, 0xef, 0x7d, 0xef, 0x7d, 0xef, 0x5c, 0xef, 0x7d, 0xef, 0x7d, 0xef, 0x7d, 0xef, 0x7d, 0xef, 0x7d, 0xef, 0x7d, 0xef, 0x7d, 0xef, 0x7d, 0xef, 0x7d, 0xef, 0x7d, 0xef, 0x7d, 0xef, 0x7d, 0xef, 0x7d, 0xef, 0x7d, 0xef, 0x7d, 0xef, 0x7d, 0xef, 0x5c, 0xef, 0x5c, 0xef, 0x5c, 0xef, 0x5c, 0xef, 0x5c, 0xef, 0x5c, 0xef, 0x5c, 0xef, 0x5d, 0xef, 0x5d, 0xef, 0x5d, 0xef, 0x5d, 0xef, 0x5d, 0xef, 0x5d, 0xef, 0x5d, 0xef, 0x5d, 0xef, 0x5d, 0xef, 0x5c, 0xe7, 0x5c, 0xe7, 0x5c, 0xe7, 0x5c, 0xef, 0x5d, 0xef, 0x7d, 0xef, 0x7d, 0xef, 0x7d, 0xef, 0x9d, 0xef, 0x7d, 0xef, 0x5d, 0xef, 0x5d, 0xef, 0x3d, 0xef, 0x5d, 0xef, 0x7c, 0xe7, 0xbb, 0xdf, 0xda, 0xd7, 0xf9, 0xcf, 0xf8, 0xcf, 0xf8, 0xc7, 0xf8, 0xc7, 0xf8, 0xc7, 0xf8, 0xc7, 0xf8, 0xc7, 0xf8, 0xc7, 0xf8, 0xc7, 0xf8, 0xc7, 0xf8, 0xc7, 0xf8, 0xc7, 0xf8, 0xc7, 0xf8, 0xc7, 0xf8, 0xc7, 
  0xf8, 0xc7, 0xf8, 0xc7, 0xf8, 0xc7, 0xf8, 0xc7, 0xf8, 0xcf, 0xf8, 0xcf, 0xf8, 0xc7, 0xf8, 0xc7, 0xf8, 0xc7, 0xf8, 0xc7, 0xf8, 0xc7, 0xf8, 0xc7, 0xf8, 0xc7, 0xf8, 0xc7, 0xf8, 0xcf, 0xd9, 0xcf, 0xbb, 0xdf, 0x9c, 0xe7, 0x9c, 0xe7, 0x9d, 0xe7, 0x9d, 0xef, 0x7d, 0xef, 0x7d, 0xef, 0x7d, 0xef, 0x7d, 0xef, 0x7d, 0xef, 0x7d, 0xef, 0x7d, 0xef, 0x7d, 0xef, 0x7d, 0xef, 0x7d, 0xef, 0x7d, 0xef, 0x7d, 0xef, 0x7d, 0xef, 0x7d, 0xef, 0x7d, 0xef, 0x7d, 0xef, 0x7d, 0xef, 0x7d, 0xef, 0x7d, 0xef, 0x7d, 0xef, 0x7d, 0xef, 0x7d, 0xef, 0x7d, 0xef, 0x7c, 0xef, 0x7c, 0xef, 0x7c, 0xef, 0x7c, 0xef, 0x7c, 0xe7, 0x7c, 0xe7, 0x7c, 0xe7, 0x7c, 0xe7, 0x7c, 0xe7, 0x7c, 0xe7, 0x7c, 0xe7, 0x7c, 0xe7, 0x7c, 0xe7, 0x7c, 0xe7, 0x7c, 0xe7, 0x7c, 0xe7, 0x7c, 0xe7, 0x7c, 0xe7, 0x7c, 0xe7, 0x5c, 0xe7, 0x5c, 0xe7, 0x5c, 0xe7, 0x5c, 0xe7, 0x5c, 0xef, 0x5c, 0xef, 0x5c, 0xef, 0x5c, 0xef, 0x5c, 0xef, 0x5c, 0xef, 0x5c, 0xe7, 0x5c, 0xe7, 0x5c, 0xef, 0x5c, 0xef, 0x5c, 0xef, 0x5c, 0xe7, 0x5c, 0xe7, 0x5c, 0xe7, 0x5d, 0xe7, 0x7d, 0xef, 0x5d, 0xef, 0x5d, 0xe7, 0x3c, 0xe7, 0x5d, 0xe7, 0x5d, 0xef, 0x5d, 0xef, 0x7d, 0xef, 0x9e, 0xef, 0x9e, 0xf7, 0xbe, 0xf7, 0xbe, 0xf7, 0xbe, 0xf7, 0xbf, 0xf7, 0xbf, 0xf7, 0xbf, 0xf7, 0xdf, 0xff, 0xbf, 0xff, 0xbf, 0xf7, 0x9e, 0xf7, 0x9d, 0xef, 0x9c, 0xe7, 0x9b, 0xdf, 0xba, 0xd7, 0xd9, 0xcf, 0xf8, 0xcf, 0xf8, 0xc7, 0xf8, 0xc7, 0xf8, 0xc7, 0xf7, 0xbf, 0xf8, 0xbf, 0xf8, 0xc7, 0xf8, 0xc7, 0xf8, 0xc7, 0xf8, 0xcf, 0xf8, 0xcf, 0xf8, 0xcf, 0xd8, 0xcf, 
  0xf8, 0xc7, 0xf8, 0xc7, 0xf8, 0xc7, 0xf8, 0xc7, 0xf8, 0xcf, 0xf8, 0xcf, 0xf8, 0xc7, 0xf8, 0xc7, 0xf8, 0xc7, 0xf8, 0xc7, 0xf8, 0xc7, 0xf8, 0xc7, 0xf8, 0xc7, 0xf9, 0xcf, 0xd9, 0xcf, 0xda, 0xd7, 0x9c, 0xdf, 0x9c, 0xe7, 0x9d, 0xe7, 0x9d, 0xe7, 0x9d, 0xef, 0x9d, 0xef, 0x7d, 0xef, 0x7d, 0xef, 0x7d, 0xef, 0x7d, 0xef, 0x7d, 0xef, 0x7d, 0xef, 0x7d, 0xef, 0x7d, 0xef, 0x7d, 0xef, 0x7d, 0xef, 0x7d, 0xef, 0x7d, 0xef, 0x7d, 0xef, 0x7d, 0xef, 0x7d, 0xef, 0x7d, 0xef, 0x7d, 0xef, 0x7c, 0xef, 0x7d, 0xef, 0x7d, 0xef, 0x7d, 0xef, 0x7d, 0xef, 0x7c, 0xef, 0x7c, 0xef, 0x7c, 0xef, 0x7c, 0xef, 0x5c, 0xe7, 0x7c, 0xe7, 0x7c, 0xe7, 0x7c, 0xe7, 0x7c, 0xe7, 0x7c, 0xe7, 0x7c, 0xe7, 0x7c, 0xe7, 0x7c, 0xe7, 0x7c, 0xe7, 0x7c, 0xe7, 0x7c, 0xe7, 0x7c, 0xe7, 0x7c, 0xe7, 0x7c, 0xe7, 0x5c, 0xe7, 0x5c, 0xe7, 0x5c, 0xe7, 0x5c, 0xef, 0x5c, 0xef, 0x5c, 0xef, 0x5c, 0xef, 0x5c, 0xef, 0x5c, 0xef, 0x5c, 0xef, 0x5c, 0xe7, 0x5c, 0xe7, 0x5c, 0xe7, 0x5c, 0xef, 0x5c, 0xef, 0x5c, 0xef, 0x5d, 0xef, 0x5d, 0xef, 0x5d, 0xe7, 0x5d, 0xe7, 0x5d, 0xe7, 0x5d, 0xe7, 0x7d, 0xef, 0x7e, 0xef, 0x9e, 0xf7, 0xbe, 0xf7, 0xbe, 0xf7, 0xbf, 0xf7, 0xbf, 0xff, 0xdf, 0xff, 0xdf, 0xff, 0xbf, 0xff, 0xbf, 0xff, 0xbf, 0xff, 0xbf, 0xff, 0xbf, 0xff, 0xbf, 0xf7, 0xbf, 0xf7, 0xbe, 0xf7, 0xde, 0xf7, 0xde, 0xf7, 0xdc, 0xef, 0xdb, 0xe7, 0xda, 0xdf, 0xd9, 0xd7, 0xd9, 0xcf, 0xf8, 0xc7, 0xf8, 0xc7, 0xf8, 0xc7, 0xf8, 0xbf, 0xf8, 0xbf, 0xf8, 0xc7, 0xf8, 0xc7, 0xf8, 0xcf, 0xf8, 0xcf, 0xf8, 0xcf, 0xf8, 0xcf, 
  0xf8, 0xc7, 0xf8, 0xc7, 0xf8, 0xc7, 0xf8, 0xc7, 0xf8, 0xc7, 0xf8, 0xc7, 0xf8, 0xc7, 0xf8, 0xc7, 0xf8, 0xc7, 0xf8, 0xc7, 0xf8, 0xc7, 0xf9, 0xc7, 0xf9, 0xcf, 0xd9, 0xd7, 0xda, 0xd7, 0xbb, 0xdf, 0x9c, 0xe7, 0x9d, 0xe7, 0x9d, 0xe7, 0x9d, 0xe7, 0x9d, 0xef, 0x9d, 0xef, 0x7d, 0xef, 0x7d, 0xef, 0x7d, 0xef, 0x7d, 0xef, 0x7d, 0xef, 0x7d, 0xef, 0x7d, 0xef, 0x7d, 0xef, 0x7d, 0xef, 0x7d, 0xef, 0x7d, 0xef, 0x7d, 0xef, 0x7d, 0xef, 0x7d, 0xef, 0x7d, 0xef, 0x7d, 0xef, 0x7d, 0xef, 0x7d, 0xef, 0x7d, 0xef, 0x7d, 0xef, 0x7d, 0xef, 0x7d, 0xef, 0x7d, 0xef, 0x7d, 0xef, 0x7d, 0xef, 0x7d, 0xef, 0x5c, 0xef, 0x5c, 0xef, 0x5c, 0xef, 0x5c, 0xef, 0x5c, 0xef, 0x5c, 0xef, 0x5c, 0xef, 0x5c, 0xef, 0x5c, 0xef, 0x5c, 0xef, 0x5c, 0xef, 0x5c, 0xef, 0x5c, 0xef, 0x5c, 0xef, 0x5c, 0xef, 0x5c, 0xef, 0x5c, 0xef, 0x5c, 0xef, 0x5c, 0xef, 0x5c, 0xef, 0x5c, 0xef, 0x5c, 0xe7, 0x5c, 0xe7, 0x5c, 0xe7, 0x5c, 0xe7, 0x5c, 0xe7, 0x5c, 0xe7, 0x5c, 0xe7, 0x5c, 0xe7, 0x5c, 0xef, 0x5c, 0xef, 0x7d, 0xef, 0x5d, 0xe7, 0x5d, 0xe7, 0x5d, 0xe7, 0x5d, 0xef, 0x7d, 0xef, 0x9e, 0xf7, 0xbe, 0xf7, 0xbe, 0xf7, 0xdf, 0xff, 0xdf, 0xff, 0xdf, 0xff, 0xbf, 0xff, 0xbf, 0xff, 0xbf, 0xff, 0xbe, 0xf7, 0xbf, 0xf7, 0xbf, 0xff, 0xbf, 0xf7, 0xbf, 0xf7, 0xbf, 0xf7, 0xbf, 0xf7, 0xbe, 0xf7, 0xde, 0xf7, 0xde, 0xf7, 0xfe, 0xf7, 0xfd, 0xef, 0xfc, 0xe7, 0xdb, 0xdf, 0xda, 0xd7, 0xd9, 0xcf, 0xf9, 0xcf, 0xf9, 0xcf, 0xf8, 0xc7, 0xf8, 0xc7, 0xf8, 0xc7, 0xf8, 0xc7, 0xf8, 0xc7, 0xf8, 0xcf, 0xf8, 0xcf, 0xf8, 0xcf, 
  0xf8, 0xc7, 0xf8, 0xc7, 0xf8, 0xc7, 0xf8, 0xc7, 0xf8, 0xc7, 0xf8, 0xc7, 0xf8, 0xc7, 0xf8, 0xc7, 0xf8, 0xc7, 0xf8, 0xc7, 0xf9, 0xcf, 0xd9, 0xcf, 0xda, 0xd7, 0xba, 0xd7, 0xbb, 0xdf, 0xbb, 0xe7, 0x9c, 0xe7, 0x9d, 0xe7, 0x9d, 0xe7, 0x9d, 0xef, 0x9d, 0xef, 0x7d, 0xef, 0x7d, 0xef, 0x7d, 0xef, 0x7d, 0xef, 0x7d, 0xef, 0x7d, 0xef, 0x7d, 0xef, 0x7d, 0xef, 0x7d, 0xef, 0x7d, 0xef, 0x7d, 0xef, 0x7d, 0xef, 0x7d, 0xef, 0x7d, 0xef, 0x7d, 0xef, 0x7d, 0xef, 0x7d, 0xef, 0x7d, 0xef, 0x7d, 0xef, 0x7d, 0xef, 0x7d, 0xef, 0x7d, 0xef, 0x7d, 0xef, 0x7d, 0xef, 0x7d, 0xef, 0x7d, 0xef, 0x7d, 0xef, 0x5c, 0xef, 0x5c, 0xef, 0x5c, 0xef, 0x5c, 0xef, 0x5c, 0xef, 0x5c, 0xef, 0x5c, 0xef, 0x5c, 0xef, 0x5c, 0xef, 0x5c, 0xef, 0x5c, 0xef, 0x5c, 0xef, 0x5c, 0xef, 0x5c, 0xef, 0x5c, 0xef, 0x5c, 0xef, 0x5c, 0xef, 0x5c, 0xef, 0x5c, 0xef, 0x5c, 0xef, 0x5c, 0xe7, 0x5c, 0xe7, 0x5c, 0xe7, 0x5c, 0xe7, 0x5c, 0xe7, 0x5c, 0xe7, 0x5c, 0xe7, 0x5c, 0xe7, 0x5c, 0xe7, 0x5c, 0xe7, 0x5c, 0xe7, 0x5d, 0xef, 0x5d, 0xe7, 0x5d, 0xef, 0x7d, 0xef, 0x9e, 0xf7, 0xbe, 0xf7, 0xbe, 0xf7, 0xbe, 0xf7, 0xbe, 0xf7, 0xbe, 0xf7, 0xbe, 0xf7, 0xbe, 0xf7, 0xbe, 0xf7, 0x9e, 0xf7, 0xbe, 0xf7, 0xbe, 0xf7, 0xbe, 0xf7, 0xbf, 0xf7, 0xbf, 0xf7, 0xbf, 0xf7, 0xbf, 0xf7, 0xbe, 0xf7, 0xbe, 0xf7, 0xbe, 0xf7, 0xbe, 0xf7, 0xde, 0xf7, 0xfe, 0xf7, 0xfd, 0xef, 0xfc, 0xe7, 0xfc, 0xe7, 0xdb, 0xdf, 0xba, 0xd7, 0xda, 0xcf, 0xf9, 0xcf, 0xf9, 0xc7, 0xf8, 0xc7, 0xf8, 0xc7, 0xf8, 0xc7, 0xf8, 0xc7, 0xf8, 0xc7, 0xf8, 0xc7, 
  0xf8, 0xcf, 0xf8, 0xcf, 0xf8, 0xc7, 0xf8, 0xc7, 0xf8, 0xc7, 0xf8, 0xc7, 0xf8, 0xc7, 0xf8, 0xc7, 0xf8, 0xc7, 0xf9, 0xcf, 0xd9, 0xd7, 0xda, 0xd7, 0xbb, 0xdf, 0xbb, 0xe7, 0x9c, 0xe7, 0x9c, 0xe7, 0x9d, 0xe7, 0x9d, 0xef, 0x9d, 0xef, 0x9d, 0xef, 0x7d, 0xef, 0x7d, 0xef, 0x7d, 0xef, 0x7d, 0xef, 0x7d, 0xef, 0x7d, 0xef, 0x7d, 0xef, 0x7d, 0xef, 0x7d, 0xef, 0x7d, 0xef, 0x7d, 0xef, 0x7d, 0xef, 0x7d, 0xef, 0x7d, 0xef, 0x7d, 0xef, 0x7d, 0xef, 0x7d, 0xef, 0x7d, 0xef, 0x7d, 0xef, 0x7d, 0xef, 0x7d, 0xef, 0x7d, 0xef, 0x7d, 0xef, 0x7d, 0xef, 0x7d, 0xef, 0x7d, 0xef, 0x5c, 0xef, 0x5c, 0xef, 0x5c, 0xef, 0x5c, 0xef, 0x5c, 0xef, 0x5c, 0xef, 0x5c, 0xef, 0x5c, 0xef, 0x5c, 0xef, 0x5c, 0xef, 0x5c, 0xef, 0x5c, 0xef, 0x5c, 0xef, 0x5c, 0xef, 0x5c, 0xef, 0x5c, 0xef, 0x5c, 0xef, 0x5c, 0xef, 0x5c, 0xef, 0x5c, 0xef, 0x5c, 0xef, 0x5c, 0xe7, 0x5c, 0xe7, 0x5c, 0xe7, 0x5c, 0xe7, 0x5c, 0xe7, 0x5c, 0xe7, 0x5c, 0xe7, 0x5c, 0xef, 0x5c, 0xef, 0x5c, 0xe7, 0x5c, 0xe7, 0x5c, 0xe7, 0x5c, 0xe7, 0x5d, 0xef, 0x7e, 0xef, 0xbe, 0xf7, 0xbe, 0xf7, 0xbf, 0xf7, 0xbe, 0xf7, 0xbe, 0xf7, 0xbe, 0xf7, 0xbe, 0xf7, 0xbe, 0xf7, 0xbe, 0xf7, 0xbe, 0xf7, 0xbe, 0xf7, 0xbe, 0xf7, 0xbe, 0xf7, 0xbf, 0xf7, 0xbe, 0xf7, 0xbe, 0xf7, 0xbe, 0xf7, 0xbe, 0xf7, 0xbf, 0xff, 0xbf, 0xff, 0xbe, 0xff, 0xbe, 0xff, 0xbe, 0xf7, 0xbe, 0xf7, 0xde, 0xf7, 0xde, 0xf7, 0xfe, 0xef, 0xdd, 0xef, 0xbc, 0xe7, 0xbb, 0xd7, 0xda, 0xcf, 0xf9, 0xcf, 0xf9, 0xc7, 0xf9, 0xc7, 0xf8, 0xc7, 0xf8, 0xc7, 0xf8, 0xc7, 0xf8, 0xc7, 
  0xf8, 0xcf, 0xf8, 0xcf, 0xf8, 0xc7, 0xf8, 0xc7, 0xf8, 0xc7, 0xf8, 0xc7, 0xf8, 0xc7, 0xf8, 0xc7, 0xf8, 0xcf, 0xd9, 0xd7, 0xba, 0xdf, 0xbb, 0xdf, 0xbc, 0xe7, 0x9c, 0xe7, 0x7d, 0xe7, 0x7d, 0xe7, 0x7d, 0xef, 0x7d, 0xef, 0x7d, 0xef, 0x7d, 0xef, 0x7d, 0xef, 0x7d, 0xef, 0x7d, 0xef, 0x7d, 0xef, 0x7d, 0xef, 0x7d, 0xef, 0x5d, 0xef, 0x5d, 0xef, 0x7d, 0xef, 0x7d, 0xef, 0x7d, 0xef, 0x7d, 0xef, 0x7d, 0xef, 0x7d, 0xef, 0x7d, 0xef, 0x7d, 0xef, 0x7d, 0xef, 0x7d, 0xef, 0x7d, 0xef, 0x5c, 0xef, 0x7d, 0xef, 0x7d, 0xef, 0x7d, 0xef, 0x7d, 0xef, 0x5c, 0xef, 0x5c, 0xef, 0x5c, 0xef, 0x5c, 0xef, 0x5c, 0xef, 0x5c, 0xef, 0x5c, 0xef, 0x5c, 0xef, 0x5c, 0xef, 0x5c, 0xef, 0x5c, 0xef, 0x5c, 0xef, 0x5c, 0xef, 0x5c, 0xef, 0x5c, 0xef, 0x5c, 0xef, 0x5c, 0xef, 0x5c, 0xef, 0x5c, 0xef, 0x5c, 0xef, 0x5c, 0xe7, 0x5c, 0xe7, 0x5c, 0xe7, 0x5c, 0xe7, 0x5c, 0xe7, 0x5c, 0xe7, 0x5c, 0xe7, 0x5c, 0xe7, 0x5c, 0xe7, 0x5c, 0xe7, 0x5d, 0xef, 0x5d, 0xef, 0x5c, 0xe7, 0x5c, 0xe7, 0x5c, 0xe7, 0x5d, 0xef, 0x9e, 0xef, 0x9e, 0xf7, 0xbe, 0xf7, 0xbe, 0xf7, 0xbe, 0xf7, 0x9e, 0xf7, 0xbe, 0xf7, 0xbe, 0xf7, 0xbe, 0xf7, 0xbe, 0xf7, 0xbe, 0xf7, 0xbe, 0xf7, 0xbe, 0xf7, 0xbe, 0xf7, 0xbe, 0xf7, 0xbe, 0xf7, 0xbe, 0xf7, 0xbe, 0xf7, 0xbe, 0xf7, 0xbe, 0xf7, 0x9e, 0xf7, 0x9e, 0xff, 0x9f, 0xff, 0x9f, 0xff, 0x9e, 0xff, 0x9e, 0xf7, 0x9e, 0xf7, 0xbe, 0xf7, 0xde, 0xf7, 0xde, 0xf7, 0xbe, 0xef, 0xbc, 0xe7, 0xba, 0xd7, 0xb9, 0xcf, 0xd9, 0xcf, 0xf9, 0xc7, 0xf9, 0xc7, 0xf8, 0xc7, 0xf8, 0xc7, 0xf8, 0xc7, 
  0xf8, 0xcf, 0xf8, 0xc7, 0xf8, 0xc7, 0xf8, 0xc7, 0xf8, 0xc7, 0xf8, 0xc7, 0xf8, 0xc7, 0xf9, 0xcf, 0xda, 0xd7, 0xba, 0xdf, 0x9b, 0xe7, 0x9c, 0xe7, 0x7c, 0xef, 0x7d, 0xef, 0x7d, 0xef, 0x7d, 0xef, 0x7d, 0xef, 0x7d, 0xef, 0x7d, 0xef, 0x7d, 0xef, 0x7d, 0xef, 0x7d, 0xef, 0x7d, 0xef, 0x7d, 0xef, 0x5d, 0xef, 0x5d, 0xef, 0x5d, 0xef, 0x5d, 0xef, 0x5d, 0xef, 0x5d, 0xef, 0x5d, 0xef, 0x7d, 0xef, 0x7d, 0xef, 0x7d, 0xef, 0x7d, 0xef, 0x7d, 0xef, 0x7d, 0xef, 0x5c, 0xef, 0x5c, 0xef, 0x5c, 0xef, 0x7d, 0xef, 0x7d, 0xef, 0x5c, 0xef, 0x5c, 0xef, 0x5c, 0xef, 0x5c, 0xef, 0x5c, 0xef, 0x5c, 0xef, 0x5c, 0xef, 0x5c, 0xef, 0x5c, 0xef, 0x5c, 0xef, 0x5c, 0xef, 0x5c, 0xef, 0x5c, 0xef, 0x5c, 0xef, 0x5c, 0xef, 0x5c, 0xef, 0x5c, 0xef, 0x5c, 0xef, 0x5c, 0xef, 0x5c, 0xef, 0x5c, 0xef, 0x5d, 0xef, 0x5c, 0xe7, 0x5d, 0xe7, 0x5d, 0xe7, 0x5d, 0xe7, 0x5d, 0xe7, 0x5d, 0xe7, 0x5d, 0xe7, 0x5d, 0xe7, 0x5d, 0xe7, 0x5d, 0xef, 0x7d, 0xef, 0x5d, 0xef, 0x5d, 0xe7, 0x5d, 0xef, 0x7d, 0xef, 0x7d, 0xef, 0xbe, 0xf7, 0xbe, 0xf7, 0xbe, 0xf7, 0xbe, 0xf7, 0x9e, 0xf7, 0x9e, 0xf7, 0xbe, 0xf7, 0xbe, 0xf7, 0x9e, 0xf7, 0x9e, 0xf7, 0x9e, 0xf7, 0x9e, 0xf7, 0x9e, 0xf7, 0x9e, 0xf7, 0x9e, 0xf7, 0x9e, 0xf7, 0xbe, 0xf7, 0xbe, 0xf7, 0xbe, 0xf7, 0x9e, 0xf7, 0x9e, 0xf7, 0x9e, 0xf7, 0x9e, 0xf7, 0x9f, 0xff, 0x9f, 0xff, 0x9f, 0xff, 0x9e, 0xf7, 0x9e, 0xf7, 0xbf, 0xf7, 0xbe, 0xf7, 0xbe, 0xf7, 0xbe, 0xef, 0xbc, 0xe7, 0xba, 0xd7, 0xba, 0xcf, 0xd9, 0xcf, 0xf9, 0xc7, 0xf8, 0xc7, 0xf8, 0xbf, 0xf8, 0xbf, 
  0xf7, 0xc7, 0xf7, 0xc7, 0xf8, 0xc7, 0xf8, 0xc7, 0xf8, 0xc7, 0xf9, 0xc7, 0xf9, 0xcf, 0xda, 0xd7, 0xbb, 0xdf, 0x9b, 0xe7, 0x7c, 0xef, 0x7c, 0xef, 0x7d, 0xef, 0x7d, 0xef, 0x7d, 0xef, 0x7d, 0xef, 0x7d, 0xef, 0x7d, 0xef, 0x7d, 0xef, 0x7d, 0xef, 0x7d, 0xef, 0x7d, 0xef, 0x7d, 0xef, 0x7d, 0xef, 0x5d, 0xef, 0x5d, 0xef, 0x5d, 0xef, 0x5d, 0xef, 0x5d, 0xef, 0x5d, 0xef, 0x5d, 0xef, 0x5d, 0xef, 0x7d, 0xef, 0x7d, 0xef, 0x7d, 0xef, 0x7d, 0xef, 0x5c, 0xef, 0x5c, 0xef, 0x5c, 0xef, 0x5c, 0xef, 0x7d, 0xef, 0x5c, 0xef, 0x5c, 0xef, 0x5c, 0xef, 0x5c, 0xef, 0x5c, 0xef, 0x5c, 0xef, 0x5c, 0xef, 0x5d, 0xef, 0x5d, 0xef, 0x5d, 0xef, 0x5d, 0xef, 0x5d, 0xef, 0x5d, 0xef, 0x5d, 0xef, 0x5d, 0xef, 0x5d, 0xef, 0x5d, 0xef, 0x5d, 0xef, 0x5d, 0xef, 0x5d, 0xef, 0x5d, 0xef, 0x5d, 0xef, 0x5d, 0xef, 0x5c, 0xe7, 0x5c, 0xe7, 0x5d, 0xe7, 0x5d, 0xe7, 0x5d, 0xe7, 0x5d, 0xe7, 0x5d, 0xef, 0x5d, 0xef, 0x5d, 0xef, 0x7d, 0xef, 0x7d, 0xef, 0x5d, 0xef, 0x5d, 0xe7, 0x7d, 0xef, 0x9d, 0xef, 0x9e, 0xf7, 0x9e, 0xf7, 0x9e, 0xf7, 0x9e, 0xf7, 0x9e, 0xf7, 0x9e, 0xf7, 0x9e, 0xf7, 0x9e, 0xf7, 0x9e, 0xf7, 0x9e, 0xf7, 0x9e, 0xf7, 0x9e, 0xf7, 0x9e, 0xf7, 0x9e, 0xf7, 0x9e, 0xf7, 0x9e, 0xf7, 0x9e, 0xf7, 0x9e, 0xf7, 0x9e, 0xf7, 0x9e, 0xf7, 0xbe, 0xf7, 0x9e, 0xff, 0x9f, 0xff, 0x9f, 0xff, 0x9f, 0xff, 0x9f, 0xff, 0x9f, 0xff, 0x9f, 0xff, 0x9f, 0xff, 0x9f, 0xf7, 0x9e, 0xf7, 0xbf, 0xf7, 0xbe, 0xf7, 0xdd, 0xef, 0xdc, 0xe7, 0xba, 0xd7, 0xda, 0xcf, 0xf9, 0xc7, 0xf8, 0xc7, 0xf8, 0xbf, 0xf8, 0xc7, 
  0xf7, 0xc7, 0xf7, 0xc7, 0xf8, 0xc7, 0xf8, 0xc7, 0xf9, 0xc7, 0xd9, 0xcf, 0xda, 0xd7, 0xbb, 0xdf, 0x9c, 0xe7, 0x7c, 0xef, 0x5d, 0xef, 0x5d, 0xef, 0x5d, 0xef, 0x7d, 0xef, 0x7d, 0xef, 0x7d, 0xef, 0x7d, 0xef, 0x7d, 0xef, 0x7d, 0xef, 0x7d, 0xef, 0x7d, 0xef, 0x7d, 0xef, 0x7d, 0xef, 0x7d, 0xef, 0x5d, 0xef, 0x5d, 0xef, 0x5d, 0xef, 0x5d, 0xef, 0x5d, 0xef, 0x5d, 0xef, 0x5d, 0xef, 0x5c, 0xef, 0x7d, 0xef, 0x7d, 0xef, 0x7d, 0xef, 0x7d, 0xef, 0x5c, 0xef, 0x5c, 0xef, 0x5c, 0xef, 0x5c, 0xef, 0x5c, 0xef, 0x5c, 0xef, 0x5c, 0xef, 0x5c, 0xef, 0x5c, 0xef, 0x5c, 0xef, 0x5c, 0xef, 0x5d, 0xef, 0x7d, 0xef, 0x5d, 0xef, 0x5d, 0xe7, 0x5d, 0xe7, 0x5d, 0xe7, 0x5d, 0xe7, 0x5d, 0xe7, 0x5d, 0xe7, 0x5d, 0xe7, 0x5d, 0xe7, 0x5d, 0xe7, 0x5d, 0xe7, 0x5d, 0xe7, 0x5d, 0xe7, 0x5d, 0xe7, 0x5d, 0xe7, 0x5d, 0xef, 0x5d, 0xef, 0x5d, 0xef, 0x5d, 0xef, 0x5d, 0xef, 0x5d, 0xef, 0x5d, 0xef, 0x5d, 0xef, 0x5d, 0xef, 0x7d, 0xef, 0x5d, 0xef, 0x3c, 0xe7, 0x5d, 0xef, 0x9e, 0xf7, 0xbe, 0xf7, 0x9e, 0xf7, 0x9e, 0xf7, 0x9e, 0xf7, 0x9e, 0xf7, 0x9e, 0xf7, 0x9e, 0xf7, 0x9e, 0xf7, 0x9e, 0xf7, 0x9e, 0xf7, 0x9e, 0xf7, 0x9e, 0xf7, 0x9e, 0xf7, 0x9e, 0xf7, 0x9e, 0xf7, 0x9e, 0xf7, 0x9e, 0xf7, 0x9e, 0xf7, 0x9e, 0xf7, 0x9e, 0xf7, 0x9e, 0xf7, 0x9e, 0xf7, 0x9e, 0xf7, 0x9e, 0xff, 0x9e, 0xff, 0x9e, 0xff, 0x9e, 0xf7, 0x9e, 0xf7, 0x9e, 0xf7, 0x9e, 0xf7, 0x9e, 0xf7, 0x9e, 0xf7, 0x9e, 0xf7, 0xbe, 0xf7, 0xde, 0xf7, 0xdd, 0xef, 0xdc, 0xe7, 0xba, 0xd7, 0xd9, 0xcf, 0xf9, 0xc7, 0xf8, 0xc7, 0xf8, 0xc7, 
  0xf7, 0xc7, 0xf7, 0xc7, 0xf8, 0xc7, 0xf8, 0xc7, 0xd9, 0xcf, 0xda, 0xcf, 0xbb, 0xdf, 0x9c, 0xe7, 0x7d, 0xef, 0x5d, 0xef, 0x5d, 0xf7, 0x5d, 0xf7, 0x5d, 0xef, 0x7d, 0xef, 0x7d, 0xef, 0x7c, 0xe7, 0x7d, 0xef, 0x7d, 0xef, 0x7d, 0xef, 0x7d, 0xef, 0x7d, 0xef, 0x7d, 0xef, 0x7d, 0xef, 0x7d, 0xef, 0x7d, 0xef, 0x7d, 0xef, 0x7d, 0xef, 0x7d, 0xef, 0x5d, 0xef, 0x5d, 0xef, 0x5c, 0xef, 0x5c, 0xef, 0x7d, 0xef, 0x7d, 0xef, 0x7d, 0xef, 0x5d, 0xef, 0x5d, 0xef, 0x5d, 0xef, 0x5d, 0xef, 0x5d, 0xef, 0x5d, 0xef, 0x5d, 0xef, 0x5d, 0xef, 0x5d, 0xef, 0x5d, 0xef, 0x5d, 0xef, 0x5d, 0xef, 0x5d, 0xef, 0x5d, 0xef, 0x5d, 0xef, 0x5d, 0xe7, 0x5d, 0xe7, 0x5d, 0xe7, 0x5d, 0xe7, 0x5d, 0xe7, 0x5d, 0xef, 0x5d, 0xe7, 0x5d, 0xe7, 0x5d, 0xe7, 0x5d, 0xe7, 0x5d, 0xe7, 0x5d, 0xe7, 0x5d, 0xe7, 0x5d, 0xef, 0x5d, 0xef, 0x5d, 0xef, 0x5d, 0xef, 0x5d, 0xef, 0x5d, 0xef, 0x5d, 0xef, 0x5d, 0xef, 0x5d, 0xef, 0x5d, 0xef, 0x5d, 0xef, 0x5d, 0xef, 0x5d, 0xef, 0x5d, 0xef, 0x9e, 0xf7, 0x9e, 0xf7, 0x9e, 0xf7, 0x9e, 0xf7, 0x9e, 0xf7, 0x9e, 0xf7, 0x9e, 0xf7, 0x9e, 0xf7, 0x9e, 0xf7, 0x9e, 0xf7, 0x9e, 0xf7, 0x9e, 0xf7, 0x9e, 0xf7, 0x9e, 0xf7, 0x9e, 0xf7, 0x9e, 0xf7, 0x9e, 0xf7, 0x9e, 0xf7, 0x9e, 0xf7, 0x9e, 0xf7, 0x9e, 0xf7, 0x9e, 0xf7, 0x9e, 0xf7, 0x9e, 0xf7, 0x9e, 0xf7, 0x9e, 0xf7, 0x9e, 0xf7, 0x9e, 0xf7, 0x9e, 0xf7, 0x9e, 0xf7, 0x9e, 0xf7, 0x9e, 0xf7, 0x9e, 0xf7, 0x9e, 0xf7, 0x9e, 0xf7, 0xbe, 0xf7, 0xbe, 0xf7, 0xdd, 0xef, 0xdb, 0xdf, 0xda, 0xd7, 0xd9, 0xcf, 0xf8, 0xc7, 0xf8, 0xc7, 
  0xf7, 0xbf, 0xf7, 0xc7, 0xf8, 0xc7, 0xf9, 0xc7, 0xda, 0xcf, 0xbb, 0xd7, 0x9c, 0xe7, 0x7d, 0xef, 0x5d, 0xef, 0x5e, 0xf7, 0x5e, 0xf7, 0x5d, 0xf7, 0x5d, 0xef, 0x7c, 0xef, 0x7c, 0xe7, 0x7c, 0xe7, 0x7c, 0xef, 0x5d, 0xef, 0x5d, 0xef, 0x7d, 0xef, 0x7d, 0xef, 0x7d, 0xef, 0x7d, 0xef, 0x7d, 0xef, 0x7d, 0xef, 0x7d, 0xef, 0x7c, 0xef, 0x7c, 0xef, 0x5c, 0xef, 0x5c, 0xef, 0x5c, 0xef, 0x5c, 0xef, 0x7d, 0xef, 0x5d, 0xef, 0x5d, 0xef, 0x5d, 0xef, 0x5d, 0xef, 0x5d, 0xef, 0x5d, 0xef, 0x5d, 0xef, 0x5d, 0xef, 0x5d, 0xef, 0x5d, 0xef, 0x5d, 0xef, 0x5d, 0xef, 0x5d, 0xef, 0x5d, 0xef, 0x5d, 0xef, 0x5d, 0xef, 0x5d, 0xef, 0x5d, 0xef, 0x5d, 0xef, 0x5d, 0xef, 0x5d, 0xef, 0x5d, 0xef, 0x5d, 0xef, 0x5d, 0xef, 0x5d, 0xef, 0x5d, 0xef, 0x5d, 0xef, 0x5d, 0xef, 0x5d, 0xef, 0x5d, 0xef, 0x5d, 0xef, 0x5d, 0xef, 0x5d, 0xef, 0x5d, 0xef, 0x5d, 0xef, 0x5d, 0xef, 0x5d, 0xef, 0x5d, 0xef, 0x5d, 0xef, 0x5d, 0xef, 0x5d, 0xef, 0x5d, 0xef, 0x5d, 0xef, 0x7d, 0xef, 0x9e, 0xf7, 0x9e, 0xf7, 0x9e, 0xf7, 0x9e, 0xf7, 0x7e, 0xf7, 0x7e, 0xf7, 0x9e, 0xf7, 0x9e, 0xf7, 0x9e, 0xf7, 0x9e, 0xf7, 0x9e, 0xf7, 0x9e, 0xf7, 0x9e, 0xf7, 0x9e, 0xf7, 0x9e, 0xf7, 0x9e, 0xf7, 0x9e, 0xf7, 0x9e, 0xf7, 0x9e, 0xf7, 0x9e, 0xf7, 0x9e, 0xf7, 0x9e, 0xf7, 0x9e, 0xf7, 0x9e, 0xf7, 0x9e, 0xf7, 0x9e, 0xf7, 0x9e, 0xf7, 0x9e, 0xf7, 0x9e, 0xf7, 0x9e, 0xf7, 0x9e, 0xf7, 0x9e, 0xf7, 0x9e, 0xf7, 0xbe, 0xf7, 0x9e, 0xf7, 0x9e, 0xf7, 0xbe, 0xf7, 0xdd, 0xf7, 0xdc, 0xe7, 0xdb, 0xdf, 0xb9, 0xcf, 0xd9, 0xcf, 0xf9, 0xcf, 
  0xf7, 0xc7, 0xf7, 0xc7, 0xf8, 0xc7, 0xf9, 0xcf, 0xda, 0xd7, 0xbc, 0xdf, 0x9c, 0xe7, 0x7d, 0xef, 0x5e, 0xef, 0x5e, 0xf7, 0x5e, 0xf7, 0x5d, 0xef, 0x5d, 0xef, 0x7c, 0xef, 0x7c, 0xe7, 0x7c, 0xe7, 0x7d, 0xef, 0x7d, 0xef, 0x7d, 0xef, 0x7d, 0xef, 0x7d, 0xef, 0x7d, 0xef, 0x7d, 0xef, 0x7d, 0xef, 0x7d, 0xef, 0x7d, 0xef, 0x5c, 0xef, 0x5c, 0xef, 0x5c, 0xef, 0x5c, 0xef, 0x5c, 0xef, 0x5c, 0xef, 0x5d, 0xef, 0x5d, 0xef, 0x5d, 0xef, 0x5d, 0xef, 0x5d, 0xef, 0x5d, 0xef, 0x5d, 0xef, 0x5d, 0xef, 0x5d, 0xef, 0x5d, 0xef, 0x5d, 0xef, 0x5d, 0xef, 0x5d, 0xef, 0x5d, 0xef, 0x5d, 0xef, 0x5d, 0xef, 0x5d, 0xef, 0x5d, 0xef, 0x5d, 0xef, 0x5d, 0xef, 0x5d, 0xef, 0x5d, 0xef, 0x5d, 0xef, 0x5d, 0xef, 0x5d, 0xef, 0x5d, 0xef, 0x5d, 0xef, 0x5d, 0xef, 0x5d, 0xef, 0x5d, 0xef, 0x5d, 0xef, 0x5d, 0xef, 0x5d, 0xef, 0x5d, 0xef, 0x5d, 0xef, 0x5d, 0xef, 0x5d, 0xef, 0x5d, 0xef, 0x5d, 0xef, 0x5d, 0xef, 0x5d, 0xef, 0x5c, 0xe7, 0x5c, 0xe7, 0x7d, 0xef, 0x9e, 0xf7, 0x9e, 0xf7, 0x9e, 0xf7, 0x9e, 0xf7, 0x7e, 0xf7, 0x7e, 0xf7, 0x7e, 0xf7, 0x7e, 0xf7, 0x9e, 0xf7, 0x9e, 0xf7, 0x9e, 0xf7, 0x9e, 0xf7, 0x9e, 0xf7, 0x9e, 0xf7, 0x9e, 0xf7, 0x9e, 0xf7, 0x9e, 0xf7, 0x9e, 0xf7, 0x9e, 0xf7, 0x9e, 0xf7, 0x9e, 0xf7, 0x9e, 0xf7, 0x9e, 0xf7, 0x9e, 0xf7, 0x9e, 0xf7, 0x7e, 0xf7, 0x9e, 0xf7, 0x9e, 0xf7, 0x9e, 0xf7, 0x9e, 0xf7, 0x9e, 0xf7, 0x9e, 0xf7, 0x9e, 0xf7, 0x9d, 0xf7, 0xbe, 0xf7, 0x9e, 0xf7, 0x9e, 0xf7, 0x9e, 0xf7, 0xbe, 0xf7, 0xdd, 0xef, 0xdc, 0xe7, 0xba, 0xd7, 0xd9, 0xcf, 0xf9, 0xcf, 
  0xf8, 0xc7, 0xf8, 0xc7, 0xf9, 0xcf, 0xda, 0xd7, 0xbb, 0xdf, 0x9c, 0xe7, 0x7d, 0xe7, 0x7d, 0xef, 0x5d, 0xef, 0x5d, 0xef, 0x5d, 0xef, 0x5d, 0xef, 0x7d, 0xef, 0x7c, 0xef, 0x7c, 0xe7, 0x7c, 0xe7, 0x7d, 0xef, 0x5d, 0xef, 0x5d, 0xef, 0x5d, 0xef, 0x7d, 0xef, 0x7d, 0xef, 0x7d, 0xef, 0x7d, 0xef, 0x7c, 0xe7, 0x7c, 0xe7, 0x5c, 0xef, 0x5c, 0xef, 0x5c, 0xef, 0x5c, 0xef, 0x5c, 0xef, 0x5c, 0xef, 0x5d, 0xef, 0x5d, 0xef, 0x5d, 0xef, 0x5d, 0xef, 0x5d, 0xef, 0x5d, 0xe7, 0x5d, 0xe7, 0x5d, 0xe7, 0x5d, 0xe7, 0x5d, 0xe7, 0x5d, 0xe7, 0x5d, 0xef, 0x5d, 0xef, 0x5d, 0xef, 0x5d, 0xef, 0x5d, 0xef, 0x5d, 0xef, 0x5d, 0xef, 0x5d, 0xef, 0x5d, 0xef, 0x5d, 0xef, 0x5d, 0xef, 0x5d, 0xef, 0x5d, 0xef, 0x5d, 0xef, 0x5d, 0xef, 0x5d, 0xef, 0x5d, 0xef, 0x5d, 0xef, 0x5d, 0xef, 0x5d, 0xef, 0x5d, 0xef, 0x5d, 0xef, 0x5d, 0xef, 0x5d, 0xef, 0x5d, 0xef, 0x5d, 0xef, 0x5d, 0xef, 0x5d, 0xef, 0x5d, 0xef, 0x5d, 0xef, 0x5c, 0xe7, 0x5d, 0xef, 0x7d, 0xef, 0x9e, 0xf7, 0x9e, 0xf7, 0x7d, 0xef, 0x9e, 0xf7, 0x7e, 0xf7, 0x7e, 0xf7, 0x7e, 0xf7, 0x7e, 0xf7, 0x9e, 0xf7, 0x9e, 0xf7, 0x9e, 0xf7, 0x9e, 0xf7, 0x9e, 0xf7, 0x9e, 0xf7, 0x9e, 0xf7, 0x9e, 0xf7, 0x9e, 0xf7, 0x9e, 0xf7, 0x9e, 0xf7, 0x9e, 0xf7, 0x9e, 0xf7, 0x9e, 0xf7, 0x9e, 0xf7, 0x9e, 0xf7, 0x9e, 0xf7, 0x9e, 0xf7, 0x9e, 0xf7, 0x9e, 0xf7, 0x9e, 0xf7, 0x9e, 0xf7, 0x9e, 0xf7, 0x9e, 0xf7, 0x9e, 0xf7, 0x9e, 0xf7, 0x9e, 0xf7, 0x9e, 0xf7, 0x7e, 0xf7, 0x7e, 0xf7, 0x9e, 0xf7, 0xbd, 0xef, 0xdc, 0xe7, 0xbb, 0xdf, 0xba, 0xd7, 0xd9, 0xcf, 
  0xf9, 0xc7, 0xf9, 0xcf, 0xda, 0xcf, 0xda, 0xd7, 0xbb, 0xdf, 0x9c, 0xe7, 0x7c, 0xef, 0x7d, 0xef, 0x5d, 0xef, 0x5d, 0xef, 0x5d, 0xef, 0x7d, 0xef, 0x7d, 0xef, 0x7c, 0xe7, 0x7c, 0xef, 0x7c, 0xe7, 0x5d, 0xef, 0x5d, 0xef, 0x5d, 0xef, 0x5d, 0xef, 0x5c, 0xef, 0x5c, 0xe7, 0x7c, 0xe7, 0x7c, 0xe7, 0x7c, 0xe7, 0x7c, 0xe7, 0x7c, 0xe7, 0x7c, 0xef, 0x5c, 0xef, 0x5c, 0xef, 0x5c, 0xef, 0x5c, 0xef, 0x5d, 0xef, 0x5d, 0xef, 0x5d, 0xef, 0x5d, 0xe7, 0x5d, 0xe7, 0x5d, 0xe7, 0x5d, 0xe7, 0x5d, 0xe7, 0x5d, 0xe7, 0x5d, 0xe7, 0x5d, 0xe7, 0x5d, 0xe7, 0x5d, 0xef, 0x5d, 0xef, 0x5d, 0xef, 0x5d, 0xef, 0x5d, 0xef, 0x5d, 0xef, 0x5d, 0xef, 0x5d, 0xef, 0x5d, 0xef, 0x5d, 0xef, 0x5d, 0xef, 0x5d, 0xef, 0x5d, 0xef, 0x5d, 0xef, 0x5d, 0xef, 0x5d, 0xef, 0x5d, 0xef, 0x5d, 0xef, 0x5d, 0xef, 0x5d, 0xef, 0x5d, 0xef, 0x5d, 0xef, 0x5d, 0xef, 0x5d, 0xef, 0x5d, 0xef, 0x5d, 0xef, 0x5d, 0xef, 0x5d, 0xef, 0x5d, 0xef, 0x5d, 0xef, 0x5d, 0xef, 0x7d, 0xef, 0x9e, 0xf7, 0x7d, 0xef, 0x7d, 0xef, 0x7e, 0xf7, 0x7e, 0xf7, 0x7e, 0xf7, 0x7e, 0xf7, 0x7e, 0xf7, 0x7e, 0xf7, 0x7e, 0xf7, 0x9e, 0xf7, 0x9e, 0xf7, 0x7e, 0xf7, 0x7e, 0xf7, 0x7e, 0xf7, 0x7e, 0xf7, 0x7e, 0xf7, 0x7e, 0xf7, 0x9e, 0xf7, 0x9e, 0xf7, 0x9e, 0xf7, 0x9e, 0xf7, 0x9e, 0xf7, 0x9e, 0xf7, 0x9e, 0xf7, 0x9e, 0xf7, 0x9e, 0xf7, 0x9e, 0xf7, 0x9e, 0xf7, 0x9e, 0xf7, 0x9e, 0xf7, 0x9e, 0xf7, 0x9e, 0xf7, 0x9e, 0xf7, 0x9e, 0xf7, 0x9e, 0xf7, 0x7e, 0xf7, 0x7e, 0xf7, 0x7e, 0xf7, 0x9d, 0xef, 0xbd, 0xef, 0xdc, 0xe7, 0xba, 0xd7, 0xb9, 0xd7, 
  0xf9, 0xc7, 0xda, 0xcf, 0xda, 0xd7, 0xbb, 0xdf, 0x9b, 0xe7, 0x7c, 0xe7, 0x7c, 0xe7, 0x7c, 0xef, 0x7d, 0xe7, 0x7d, 0xe7, 0x7d, 0xe7, 0x7d, 0xe7, 0x7d, 0xe7, 0x7c, 0xe7, 0x5c, 0xef, 0x5c, 0xef, 0x5d, 0xef, 0x5d, 0xef, 0x5d, 0xef, 0x5d, 0xef, 0x5d, 0xe7, 0x7c, 0xe7, 0x7c, 0xe7, 0x7c, 0xe7, 0x7c, 0xe7, 0x7c, 0xe7, 0x7c, 0xe7, 0x7c, 0xe7, 0x5c, 0xe7, 0x5c, 0xe7, 0x5c, 0xef, 0x5c, 0xef, 0x5d, 0xef, 0x5d, 0xe7, 0x5d, 0xe7, 0x5d, 0xe7, 0x5d, 0xe7, 0x5d, 0xe7, 0x5d, 0xe7, 0x5d, 0xe7, 0x5d, 0xe7, 0x5d, 0xe7, 0x5d, 0xe7, 0x5d, 0xe7, 0x5d, 0xef, 0x5d, 0xef, 0x5d, 0xef, 0x5d, 0xef, 0x5d, 0xef, 0x5d, 0xef, 0x5d, 0xef, 0x5d, 0xef, 0x5d, 0xef, 0x5d, 0xef, 0x5d, 0xef, 0x5d, 0xef, 0x5d, 0xef, 0x5d, 0xef, 0x5d, 0xef, 0x5d, 0xef, 0x5d, 0xef, 0x5d, 0xef, 0x5d, 0xef, 0x5d, 0xef, 0x5d, 0xef, 0x5d, 0xef, 0x5d, 0xef, 0x5d, 0xef, 0x5d, 0xef, 0x5d, 0xef, 0x5d, 0xef, 0x5d, 0xef, 0x5d, 0xe7, 0x5d, 0xef, 0x7d, 0xef, 0x7d, 0xef, 0x7d, 0xef, 0x7d, 0xef, 0x7d, 0xef, 0x7d, 0xef, 0x7e, 0xf7, 0x7e, 0xf7, 0x7e, 0xf7, 0x7e, 0xf7, 0x7e, 0xf7, 0x7e, 0xf7, 0x7e, 0xf7, 0x7e, 0xf7, 0x7e, 0xf7, 0x7e, 0xf7, 0x7e, 0xf7, 0x7e, 0xf7, 0x7e, 0xf7, 0x7e, 0xf7, 0x7e, 0xf7, 0x9e, 0xf7, 0x9e, 0xf7, 0x9e, 0xf7, 0x9e, 0xf7, 0x9e, 0xf7, 0x9e, 0xf7, 0x9e, 0xf7, 0x9d, 0xf7, 0x9d, 0xf7, 0x7e, 0xf7, 0x7e, 0xf7, 0x7e, 0xf7, 0x7e, 0xf7, 0x7e, 0xf7, 0x7e, 0xf7, 0x7e, 0xf7, 0x7e, 0xf7, 0x7f, 0xf7, 0x7e, 0xf7, 0x7e, 0xf7, 0x9d, 0xef, 0xbd, 0xef, 0xdc, 0xe7, 0xdb, 0xdf, 0xba, 0xd7, 
  0xd9, 0xcf, 0xda, 0xcf, 0xdb, 0xdf, 0xbb, 0xdf, 0x9c, 0xe7, 0x7c, 0xe7, 0x7c, 0xe7, 0x7c, 0xef, 0x7c, 0xef, 0x7d, 0xe7, 0x7d, 0xe7, 0x7d, 0xe7, 0x7c, 0xe7, 0x7c, 0xe7, 0x5c, 0xef, 0x5d, 0xef, 0x5d, 0xef, 0x5d, 0xef, 0x7d, 0xef, 0x7d, 0xef, 0x7d, 0xef, 0x7d, 0xef, 0x7d, 0xef, 0x7d, 0xef, 0x7d, 0xe7, 0x7c, 0xe7, 0x7c, 0xe7, 0x7c, 0xe7, 0x5c, 0xe7, 0x5c, 0xe7, 0x5c, 0xef, 0x5c, 0xef, 0x5c, 0xef, 0x5d, 0xe7, 0x5d, 0xe7, 0x5d, 0xe7, 0x5d, 0xe7, 0x5d, 0xe7, 0x5d, 0xe7, 0x5d, 0xe7, 0x5d, 0xe7, 0x5d, 0xe7, 0x5d, 0xe7, 0x5d, 0xe7, 0x5d, 0xef, 0x5d, 0xef, 0x5d, 0xef, 0x5d, 0xef, 0x5d, 0xef, 0x5d, 0xef, 0x5d, 0xef, 0x5d, 0xef, 0x5d, 0xef, 0x5d, 0xef, 0x5c, 0xe7, 0x5c, 0xe7, 0x5d, 0xef, 0x5d, 0xef, 0x5d, 0xef, 0x5d, 0xef, 0x5d, 0xef, 0x5d, 0xef, 0x5d, 0xef, 0x5d, 0xef, 0x5d, 0xef, 0x5d, 0xef, 0x5d, 0xef, 0x5d, 0xef, 0x5d, 0xef, 0x5d, 0xef, 0x5d, 0xef, 0x5d, 0xef, 0x3c, 0xe7, 0x5d, 0xef, 0x7d, 0xef, 0x7d, 0xef, 0x7d, 0xef, 0x7d, 0xef, 0x7d, 0xef, 0x7d, 0xef, 0x7d, 0xf7, 0x7d, 0xf7, 0x7d, 0xf7, 0x7d, 0xf7, 0x7d, 0xf7, 0x7d, 0xf7, 0x7d, 0xf7, 0x7d, 0xef, 0x7d, 0xf7, 0x7d, 0xf7, 0x7d, 0xf7, 0x7d, 0xf7, 0x7e, 0xf7, 0x7e, 0xf7, 0x9e, 0xf7, 0x9e, 0xf7, 0x7d, 0xef, 0x7d, 0xef, 0x7d, 0xef, 0x9e, 0xf7, 0x9e, 0xf7, 0x9e, 0xf7, 0x9e, 0xf7, 0x9e, 0xf7, 0x7e, 0xf7, 0x7e, 0xf7, 0x7e, 0xf7, 0x7e, 0xf7, 0x7e, 0xf7, 0x7e, 0xf7, 0x7e, 0xf7, 0x7e, 0xf7, 0x7f, 0xf7, 0x9f, 0xf7, 0x7e, 0xf7, 0x7d, 0xef, 0x9d, 0xef, 0xbc, 0xef, 0xbb, 0xdf, 0x9a, 0xd7, 
  0xf8, 0xc7, 0xd9, 0xcf, 0x9b, 0xdf, 0x7c, 0xe7, 0x7c, 0xe7, 0x7c, 0xe7, 0x7c, 0xe7, 0x7c, 0xef, 0x5c, 0xef, 0x5d, 0xef, 0x7d, 0xef, 0x7d, 0xe7, 0x7c, 0xe7, 0x7c, 0xe7, 0x7d, 0xe7, 0x7d, 0xe7, 0x5d, 0xe7, 0x5d, 0xef, 0x5d, 0xef, 0x5d, 0xef, 0x5d, 0xef, 0x5d, 0xef, 0x5d, 0xef, 0x5d, 0xef, 0x5d, 0xe7, 0x5d, 0xe7, 0x5d, 0xef, 0x5c, 0xe7, 0x5c, 0xe7, 0x5c, 0xe7, 0x5c, 0xe7, 0x5c, 0xef, 0x5d, 0xef, 0x5d, 0xef, 0x5d, 0xef, 0x5d, 0xef, 0x5d, 0xef, 0x5d, 0xef, 0x5d, 0xef, 0x5d, 0xef, 0x5d, 0xef, 0x5d, 0xef, 0x5d, 0xef, 0x5d, 0xef, 0x5d, 0xef, 0x5d, 0xef, 0x5d, 0xef, 0x5d, 0xef, 0x5d, 0xef, 0x5d, 0xef, 0x5d, 0xef, 0x5d, 0xef, 0x5d, 0xef, 0x5d, 0xef, 0x5d, 0xef, 0x5d, 0xef, 0x5d, 0xef, 0x5d, 0xef, 0x5d, 0xef, 0x5d, 0xef, 0x5c, 0xe7, 0x5c, 0xe7, 0x5c, 0xe7, 0x5c, 0xe7, 0x5d, 0xef, 0x5d, 0xef, 0x5d, 0xef, 0x5d, 0xef, 0x5d, 0xe7, 0x5d, 0xe7, 0x5d, 0xe7, 0x5d, 0xe7, 0x5d, 0xef, 0x5d, 0xef, 0x7d, 0xef, 0x7d, 0xef, 0x7d, 0xef, 0x7d, 0xef, 0x7d, 0xef, 0x7d, 0xef, 0x7d, 0xef, 0x7d, 0xef, 0x7d, 0xef, 0x7d, 0xef, 0x7d, 0xef, 0x7d, 0xef, 0x7d, 0xef, 0x9e, 0xf7, 0x7d, 0xef, 0x7d, 0xef, 0x7d, 0xef, 0x7d, 0xef, 0x7d, 0xef, 0x7d, 0xef, 0x7d, 0xef, 0x7d, 0xef, 0x7e, 0xf7, 0x7d, 0xf7, 0x7d, 0xef, 0x7d, 0xef, 0x7d, 0xf7, 0x7d, 0xf7, 0x7d, 0xef, 0x7d, 0xef, 0x7e, 0xf7, 0x7e, 0xf7, 0x7e, 0xf7, 0x7e, 0xf7, 0x7e, 0xf7, 0x7e, 0xf7, 0x7e, 0xf7, 0x7e, 0xf7, 0x7e, 0xf7, 0x7e, 0xf7, 0x7e, 0xf7, 0x7d, 0xef, 0x9d, 0xef, 0xbd, 0xef, 0xbb, 0xe7, 0x9b, 0xdf, 
  0xf8, 0xc7, 0xd9, 0xcf, 0x9b, 0xe7, 0x7c, 0xef, 0x7d, 0xe7, 0x7d, 0xe7, 0x7c, 0xe7, 0x7c, 0xef, 0x5c, 0xef, 0x5d, 0xef, 0x7d, 0xef, 0x5d, 0xe7, 0x7c, 0xef, 0x7c, 0xe7, 0x7c, 0xe7, 0x7d, 0xe7, 0x5d, 0xe7, 0x5d, 0xef, 0x5d, 0xef, 0x5d, 0xef, 0x5d, 0xef, 0x5d, 0xef, 0x5d, 0xef, 0x5d, 0xef, 0x5d, 0xef, 0x5d, 0xef, 0x5d, 0xe7, 0x5d, 0xe7, 0x5d, 0xe7, 0x5d, 0xe7, 0x5d, 0xe7, 0x5d, 0xe7, 0x5d, 0xef, 0x5d, 0xef, 0x5d, 0xef, 0x5d, 0xef, 0x5d, 0xef, 0x5d, 0xef, 0x5d, 0xef, 0x5d, 0xef, 0x5d, 0xef, 0x5d, 0xef, 0x5d, 0xef, 0x5d, 0xef, 0x5d, 0xef, 0x5d, 0xef, 0x5d, 0xef, 0x5d, 0xef, 0x5d, 0xef, 0x5d, 0xef, 0x5d, 0xef, 0x5d, 0xef, 0x5d, 0xef, 0x5d, 0xef, 0x5d, 0xef, 0x5d, 0xef, 0x5d, 0xef, 0x5d, 0xef, 0x5d, 0xef, 0x5d, 0xef, 0x5c, 0xe7, 0x5c, 0xe7, 0x5c, 0xe7, 0x5c, 0xe7, 0x5d, 0xef, 0x5d, 0xef, 0x5d, 0xef, 0x5d, 0xef, 0x5c, 0xe7, 0x5c, 0xe7, 0x5c, 0xe7, 0x5c, 0xe7, 0x5d, 0xef, 0x5d, 0xef, 0x7d, 0xef, 0x7d, 0xef, 0x7d, 0xef, 0x7d, 0xef, 0x7d, 0xef, 0x7d, 0xef, 0x7d, 0xef, 0x7d, 0xef, 0x7d, 0xef, 0x7d, 0xef, 0x7d, 0xef, 0x7d, 0xef, 0x7d, 0xef, 0x7d, 0xef, 0x7d, 0xef, 0x7d, 0xef, 0x7d, 0xef, 0x7d, 0xef, 0x7d, 0xef, 0x7d, 0xef, 0x7d, 0xef, 0x7d, 0xef, 0x7d, 0xf7, 0x7e, 0xf7, 0x7d, 0xef, 0x7d, 0xef, 0x7e, 0xf7, 0x7e, 0xf7, 0x7d, 0xef, 0x7d, 0xef, 0x7e, 0xf7, 0x7e, 0xf7, 0x7d, 0xef, 0x7d, 0xef, 0x7d, 0xef, 0x7d, 0xef, 0x7e, 0xf7, 0x7e, 0xf7, 0x7e, 0xf7, 0x7e, 0xf7, 0x7e, 0xf7, 0x7d, 0xef, 0x9d, 0xef, 0x9d, 0xef, 0x9c, 0xe7, 0x9b, 0xdf, 
  0xf8, 0xc7, 0xd9, 0xd7, 0x9b, 0xe7, 0x7d, 0xef, 0x7d, 0xe7, 0x7d, 0xe7, 0x7c, 0xef, 0x7c, 0xef, 0x5c, 0xef, 0x5d, 0xef, 0x5d, 0xef, 0x5d, 0xe7, 0x5c, 0xef, 0x7c, 0xef, 0x7c, 0xe7, 0x7d, 0xe7, 0x5d, 0xe7, 0x5d, 0xef, 0x5d, 0xef, 0x5d, 0xef, 0x5d, 0xef, 0x5d, 0xef, 0x5d, 0xef, 0x5d, 0xef, 0x5d, 0xe7, 0x5d, 0xe7, 0x5d, 0xe7, 0x5d, 0xe7, 0x5d, 0xe7, 0x5d, 0xe7, 0x5d, 0xef, 0x5d, 0xef, 0x5d, 0xef, 0x5d, 0xef, 0x5d, 0xef, 0x5d, 0xef, 0x5d, 0xef, 0x5d, 0xef, 0x5d, 0xef, 0x5d, 0xef, 0x5d, 0xef, 0x5d, 0xef, 0x5d, 0xef, 0x5d, 0xef, 0x5d, 0xef, 0x5d, 0xef, 0x5d, 0xef, 0x5d, 0xef, 0x5d, 0xef, 0x5d, 0xef, 0x5d, 0xef, 0x5d, 0xef, 0x5d, 0xef, 0x5d, 0xef, 0x5d, 0xef, 0x5d, 0xef, 0x5d, 0xef, 0x5d, 0xef, 0x5d, 0xef, 0x5d, 0xef, 0x5c, 0xe7, 0x5c, 0xe7, 0x5c, 0xe7, 0x5c, 0xe7, 0x5d, 0xef, 0x5d, 0xef, 0x5c, 0xe7, 0x5c, 0xe7, 0x5c, 0xe7, 0x5c, 0xe7, 0x5c, 0xe7, 0x5c, 0xe7, 0x5d, 0xef, 0x5d, 0xef, 0x7d, 0xef, 0x7d, 0xef, 0x7d, 0xef, 0x5d, 0xef, 0x5d, 0xef, 0x5d, 0xef, 0x7d, 0xef, 0x7d, 0xef, 0x7d, 0xef, 0x7d, 0xef, 0x7d, 0xef, 0x7d, 0xef, 0x7d, 0xef, 0x7d, 0xef, 0x7d, 0xef, 0x7d, 0xef, 0x7d, 0xef, 0x7d, 0xef, 0x7d, 0xef, 0x7d, 0xef, 0x7d, 0xef, 0x7d, 0xef, 0x7d, 0xef, 0x7d, 0xef, 0x7d, 0xef, 0x7d, 0xef, 0x7d, 0xef, 0x7e, 0xf7, 0x7d, 0xef, 0x7d, 0xef, 0x7d, 0xef, 0x7d, 0xef, 0x7d, 0xef, 0x7d, 0xef, 0x7d, 0xef, 0x7d, 0xef, 0x7d, 0xef, 0x7d, 0xef, 0x7d, 0xf7, 0x7d, 0xf7, 0x7d, 0xef, 0x7d, 0xef, 0x7d, 0xef, 0x9d, 0xef, 0x9d, 0xe7, 0x9c, 0xe7, 
  0xf9, 0xcf, 0xda, 0xd7, 0x9c, 0xe7, 0x5d, 0xef, 0x7d, 0xef, 0x7d, 0xe7, 0x7c, 0xe7, 0x7c, 0xef, 0x5c, 0xef, 0x5d, 0xef, 0x5d, 0xef, 0x5d, 0xe7, 0x5c, 0xef, 0x5c, 0xef, 0x7c, 0xe7, 0x7d, 0xe7, 0x5d, 0xef, 0x5d, 0xef, 0x5d, 0xef, 0x5d, 0xef, 0x5d, 0xef, 0x5d, 0xef, 0x5d, 0xef, 0x5d, 0xef, 0x5d, 0xe7, 0x5d, 0xe7, 0x5d, 0xe7, 0x5d, 0xe7, 0x5d, 0xe7, 0x5d, 0xef, 0x5d, 0xef, 0x5d, 0xef, 0x5d, 0xef, 0x5d, 0xef, 0x5d, 0xef, 0x5d, 0xef, 0x5d, 0xef, 0x5d, 0xef, 0x5d, 0xef, 0x5d, 0xef, 0x5d, 0xef, 0x5d, 0xef, 0x5d, 0xef, 0x5d, 0xef, 0x5d, 0xef, 0x5d, 0xef, 0x5d, 0xef, 0x5d, 0xef, 0x5d, 0xef, 0x5d, 0xef, 0x5d, 0xef, 0x5d, 0xef, 0x5d, 0xef, 0x5d, 0xef, 0x5c, 0xe7, 0x5c, 0xe7, 0x5d, 0xef, 0x5d, 0xef, 0x5d, 0xef, 0x5c, 0xe7, 0x5c, 0xe7, 0x5c, 0xe7, 0x5c, 0xe7, 0x5c, 0xe7, 0x5c, 0xe7, 0x5c, 0xe7, 0x5c, 0xe7, 0x5c, 0xe7, 0x5c, 0xe7, 0x5c, 0xe7, 0x5c, 0xe7, 0x5c, 0xe7, 0x5d, 0xef, 0x5d, 0xef, 0x5d, 0xef, 0x5d, 0xef, 0x5d, 0xef, 0x5d, 0xef, 0x5d, 0xef, 0x5d, 0xef, 0x7d, 0xef, 0x7d, 0xef, 0x7d, 0xef, 0x7d, 0xef, 0x5d, 0xef, 0x5d, 0xef, 0x5d, 0xef, 0x5d, 0xef, 0x7d, 0xef, 0x7d, 0xef, 0x7d, 0xef, 0x7d, 0xef, 0x7d, 0xef, 0x7d, 0xef, 0x7d, 0xef, 0x7d, 0xef, 0x7d, 0xef, 0x7d, 0xef, 0x7d, 0xef, 0x7d, 0xef, 0x7d, 0xef, 0x7d, 0xef, 0x7d, 0xef, 0x7d, 0xef, 0x7d, 0xef, 0x7d, 0xef, 0x7d, 0xef, 0x7d, 0xef, 0x7d, 0xef, 0x7d, 0xef, 0x7d, 0xef, 0x7d, 0xef, 0x5d, 0xef, 0x7d, 0xef, 0x5d, 0xef, 0x5d, 0xef, 0x7d, 0xef, 0x7d, 0xef, 0x9d, 0xef, 0x7c, 0xe7, 
  0xd9, 0xcf, 0xba, 0xd7, 0x7c, 0xe7, 0x5d, 0xef, 0x5d, 0xef, 0x7d, 0xe7, 0x7c, 0xe7, 0x7c, 0xef, 0x5c, 0xef, 0x5d, 0xef, 0x5d, 0xe7, 0x5d, 0xe7, 0x5c, 0xef, 0x5c, 0xef, 0x5c, 0xe7, 0x5c, 0xe7, 0x5d, 0xe7, 0x5d, 0xe7, 0x5d, 0xe7, 0x5d, 0xef, 0x5d, 0xef, 0x5d, 0xef, 0x5d, 0xef, 0x5d, 0xef, 0x5d, 0xe7, 0x5d, 0xe7, 0x5d, 0xe7, 0x5d, 0xe7, 0x5d, 0xe7, 0x5d, 0xef, 0x5d, 0xef, 0x5d, 0xef, 0x5d, 0xef, 0x5d, 0xef, 0x5d, 0xef, 0x5d, 0xef, 0x5d, 0xef, 0x5d, 0xef, 0x5d, 0xef, 0x5d, 0xef, 0x5d, 0xef, 0x5d, 0xef, 0x5d, 0xef, 0x5d, 0xef, 0x5d, 0xef, 0x5d, 0xef, 0x5d, 0xef, 0x5d, 0xef, 0x5d, 0xef, 0x5d, 0xef, 0x5d, 0xef, 0x5d, 0xef, 0x5c, 0xe7, 0x5c, 0xe7, 0x5c, 0xe7, 0x5c, 0xe7, 0x5c, 0xe7, 0x5c, 0xe7, 0x5c, 0xe7, 0x5c, 0xe7, 0x5c, 0xe7, 0x5c, 0xe7, 0x5c, 0xe7, 0x5c, 0xe7, 0x5c, 0xe7, 0x5c, 0xe7, 0x5c, 0xe7, 0x5c, 0xe7, 0x5c, 0xe7, 0x5c, 0xe7, 0x3c, 0xe7, 0x3c, 0xe7, 0x5d, 0xef, 0x5d, 0xef, 0x5d, 0xef, 0x5d, 0xef, 0x5d, 0xef, 0x5d, 0xef, 0x5d, 0xef, 0x5d, 0xef, 0x7d, 0xef, 0x7d, 0xef, 0x7d, 0xef, 0x7d, 0xef, 0x5d, 0xef, 0x5d, 0xef, 0x5d, 0xef, 0x5d, 0xef, 0x5d, 0xef, 0x5d, 0xef, 0x5d, 0xef, 0x5d, 0xef, 0x7d, 0xef, 0x7d, 0xef, 0x7d, 0xef, 0x7d, 0xef, 0x5d, 0xef, 0x5d, 0xef, 0x5d, 0xef, 0x5d, 0xef, 0x5d, 0xef, 0x7d, 0xef, 0x7d, 0xef, 0x7d, 0xef, 0x7d, 0xef, 0x7d, 0xef, 0x5d, 0xef, 0x5d, 0xef, 0x5d, 0xef, 0x5d, 0xef, 0x7d, 0xef, 0x7d, 0xef, 0x7d, 0xef, 0x7d, 0xef, 0x7d, 0xef, 0x5d, 0xef, 0x5d, 0xef, 0x7d, 0xef, 0x7d, 0xef, 0x7d, 0xef, 
  0xd9, 0xcf, 0xba, 0xdf, 0x7c, 0xe7, 0x5d, 0xef, 0x5d, 0xef, 0x5d, 0xe7, 0x7c, 0xe7, 0x7c, 0xe7, 0x5d, 0xef, 0x5d, 0xef, 0x5d, 0xe7, 0x5d, 0xe7, 0x5c, 0xef, 0x5c, 0xef, 0x5c, 0xef, 0x5c, 0xe7, 0x5d, 0xe7, 0x5d, 0xe7, 0x5d, 0xe7, 0x5d, 0xe7, 0x5d, 0xef, 0x5d, 0xef, 0x5d, 0xef, 0x5d, 0xef, 0x5d, 0xe7, 0x5d, 0xe7, 0x5d, 0xe7, 0x5d, 0xe7, 0x5d, 0xe7, 0x5d, 0xe7, 0x5d, 0xef, 0x5d, 0xef, 0x5d, 0xef, 0x5d, 0xef, 0x5d, 0xef, 0x5d, 0xef, 0x5d, 0xef, 0x5d, 0xef, 0x5d, 0xef, 0x5d, 0xef, 0x5d, 0xef, 0x5d, 0xef, 0x5d, 0xef, 0x5d, 0xef, 0x5d, 0xef, 0x5d, 0xef, 0x5d, 0xef, 0x5d, 0xef, 0x5d, 0xef, 0x5d, 0xef, 0x5c, 0xe7, 0x5c, 0xe7, 0x5c, 0xe7, 0x5c, 0xe7, 0x5c, 0xe7, 0x5c, 0xe7, 0x5c, 0xe7, 0x5c, 0xe7, 0x5c, 0xe7, 0x5c, 0xe7, 0x5c, 0xe7, 0x5c, 0xe7, 0x5c, 0xe7, 0x5c, 0xe7, 0x5c, 0xe7, 0x5c, 0xe7, 0x5c, 0xe7, 0x5c, 0xe7, 0x3c, 0xe7, 0x3c, 0xe7, 0x3c, 0xe7, 0x3c, 0xe7, 0x5d, 0xef, 0x5d, 0xef, 0x5d, 0xef, 0x5d, 0xef, 0x5d, 0xef, 0x5d, 0xef, 0x5d, 0xef, 0x5d, 0xef, 0x5d, 0xef, 0x5d, 0xef, 0x5d, 0xef, 0x5d, 0xef, 0x5d, 0xef, 0x5d, 0xef, 0x5d, 0xef, 0x5d, 0xef, 0x5d, 0xef, 0x5d, 0xef, 0x5d, 0xef, 0x5d, 0xef, 0x5d, 0xef, 0x5d, 0xef, 0x5d, 0xef, 0x5d, 0xef, 0x5d, 0xef, 0x5d, 0xef, 0x5d, 0xef, 0x5d, 0xef, 0x5d, 0xef, 0x5d, 0xef, 0x5d, 0xef, 0x5d, 0xef, 0x5d, 0xef, 0x5d, 0xef, 0x5d, 0xef, 0x5d, 0xef, 0x5d, 0xef, 0x5d, 0xef, 0x5d, 0xef, 0x5d, 0xef, 0x7d, 0xef, 0x7d, 0xef, 0x7d, 0xef, 0x7d, 0xef, 0x5d, 0xef, 0x5e, 0xef, 0x7d, 0xef, 0x5d, 0xef, 
  0xd9, 0xd7, 0xba, 0xdf, 0x7c, 0xef, 0x5d, 0xef, 0x5d, 0xef, 0x5d, 0xe7, 0x7c, 0xe7, 0x7c, 0xe7, 0x5d, 0xef, 0x5d, 0xef, 0x5d, 0xe7, 0x5d, 0xe7, 0x5c, 0xef, 0x5c, 0xef, 0x5c, 0xef, 0x5c, 0xef, 0x5d, 0xe7, 0x5d, 0xe7, 0x5d, 0xe7, 0x5d, 0xe7, 0x5d, 0xef, 0x5d, 0xef, 0x5d, 0xef, 0x5d, 0xef, 0x5d, 0xef, 0x5d, 0xef, 0x5d, 0xe7, 0x5d, 0xe7, 0x5d, 0xe7, 0x5d, 0xe7, 0x5d, 0xe7, 0x5d, 0xe7, 0x5d, 0xef, 0x5d, 0xef, 0x5d, 0xef, 0x5d, 0xef, 0x5d, 0xef, 0x5d, 0xef, 0x5d, 0xef, 0x5c, 0xe7, 0x5d, 0xef, 0x5d, 0xef, 0x5d, 0xef, 0x5d, 0xef, 0x5d, 0xef, 0x5d, 0xef, 0x5d, 0xef, 0x5d, 0xef, 0x5c, 0xe7, 0x5c, 0xe7, 0x5c, 0xe7, 0x5c, 0xe7, 0x5c, 0xe7, 0x5c, 0xe7, 0x5c, 0xe7, 0x5c, 0xe7, 0x5c, 0xe7, 0x5c, 0xe7, 0x5c, 0xe7, 0x5c, 0xe7, 0x5c, 0xe7, 0x5c, 0xe7, 0x5c, 0xe7, 0x5c, 0xe7, 0x5c, 0xe7, 0x5c, 0xe7, 0x3c, 0xe7, 0x3c, 0xe7, 0x3c, 0xe7, 0x3c, 0xe7, 0x3c, 0xe7, 0x3c, 0xe7, 0x5d, 0xef, 0x5d, 0xef, 0x5d, 0xef, 0x5d, 0xef, 0x5d, 0xef, 0x5d, 0xef, 0x5d, 0xef, 0x5d, 0xef, 0x5d, 0xef, 0x5d, 0xef, 0x5d, 0xef, 0x5d, 0xef, 0x5d, 0xef, 0x5d, 0xef, 0x5d, 0xef, 0x5d, 0xef, 0x5d, 0xef, 0x5d, 0xef, 0x5d, 0xef, 0x5d, 0xef, 0x5d, 0xef, 0x5d, 0xef, 0x5d, 0xef, 0x5d, 0xef, 0x5d, 0xef, 0x5d, 0xef, 0x5d, 0xef, 0x5d, 0xef, 0x5d, 0xef, 0x5d, 0xef, 0x5d, 0xef, 0x5d, 0xef, 0x5d, 0xef, 0x5d, 0xef, 0x5d, 0xef, 0x5d, 0xef, 0x5d, 0xef, 0x5d, 0xef, 0x5d, 0xef, 0x5d, 0xef, 0x5d, 0xef, 0x7d, 0xef, 0x7d, 0xef, 0x5d, 0xef, 0x5d, 0xef, 0x5e, 0xf7, 0x5e, 0xf7, 0x5d, 0xef, 
  0xd9, 0xd7, 0x9a, 0xdf, 0x5c, 0xef, 0x3d, 0xef, 0x5d, 0xef, 0x5d, 0xe7, 0x5c, 0xe7, 0x7c, 0xe7, 0x5d, 0xef, 0x5d, 0xef, 0x5d, 0xe7, 0x5d, 0xe7, 0x5c, 0xef, 0x5c, 0xef, 0x5c, 0xef, 0x5c, 0xef, 0x5d, 0xef, 0x5d, 0xe7, 0x5d, 0xe7, 0x5d, 0xe7, 0x5d, 0xef, 0x5d, 0xef, 0x5d, 0xef, 0x5d, 0xef, 0x5d, 0xef, 0x5d, 0xef, 0x5d, 0xef, 0x5d, 0xe7, 0x5d, 0xe7, 0x5d, 0xe7, 0x5d, 0xe7, 0x5d, 0xef, 0x5d, 0xef, 0x5d, 0xef, 0x5d, 0xef, 0x5d, 0xef, 0x5c, 0xe7, 0x5c, 0xe7, 0x5c, 0xe7, 0x5c, 0xe7, 0x5d, 0xef, 0x5d, 0xef, 0x5d, 0xef, 0x5d, 0xef, 0x5d, 0xef, 0x5d, 0xef, 0x5d, 0xef, 0x5d, 0xef, 0x5c, 0xe7, 0x5c, 0xe7, 0x5c, 0xe7, 0x5c, 0xe7, 0x5c, 0xe7, 0x5c, 0xe7, 0x5c, 0xe7, 0x5c, 0xe7, 0x5c, 0xe7, 0x5c, 0xe7, 0x5c, 0xe7, 0x5c, 0xe7, 0x5c, 0xe7, 0x5c, 0xe7, 0x5c, 0xe7, 0x5c, 0xe7, 0x5c, 0xe7, 0x3c, 0xe7, 0x3c, 0xe7, 0x3c, 0xe7, 0x3c, 0xe7, 0x3c, 0xe7, 0x3c, 0xe7, 0x3c, 0xe7, 0x5d, 0xef, 0x5d, 0xef, 0x5c, 0xe7, 0x5c, 0xe7, 0x5d, 0xef, 0x5d, 0xef, 0x5d, 0xef, 0x5d, 0xef, 0x5c, 0xe7, 0x5c, 0xe7, 0x5d, 0xef, 0x5d, 0xef, 0x5d, 0xef, 0x5d, 0xef, 0x5d, 0xef, 0x5d, 0xef, 0x5d, 0xef, 0x5d, 0xef, 0x5d, 0xef, 0x5d, 0xef, 0x5d, 0xef, 0x5d, 0xef, 0x5d, 0xef, 0x5d, 0xef, 0x5d, 0xef, 0x5d, 0xef, 0x5d, 0xef, 0x5d, 0xef, 0x5d, 0xef, 0x5d, 0xef, 0x5d, 0xef, 0x5d, 0xef, 0x5d, 0xef, 0x5d, 0xef, 0x5d, 0xef, 0x5d, 0xef, 0x5d, 0xef, 0x5d, 0xef, 0x5d, 0xef, 0x5d, 0xef, 0x5c, 0xe7, 0x5d, 0xef, 0x5d, 0xef, 0x5d, 0xef, 0x3d, 0xef, 0x5d, 0xef, 0x5d, 0xef, 0x3d, 0xef, 
  0xda, 0xd7, 0xba, 0xdf, 0x7c, 0xef, 0x5d, 0xef, 0x5d, 0xef, 0x5d, 0xe7, 0x7d, 0xe7, 0x7c, 0xe7, 0x5d, 0xef, 0x5d, 0xef, 0x5d, 0xe7, 0x5d, 0xe7, 0x5c, 0xef, 0x5c, 0xef, 0x5d, 0xef, 0x5d, 0xef, 0x5d, 0xef, 0x5d, 0xef, 0x5d, 0xef, 0x5d, 0xef, 0x5d, 0xef, 0x5d, 0xef, 0x5d, 0xef, 0x5d, 0xef, 0x5d, 0xef, 0x5d, 0xef, 0x5d, 0xef, 0x5d, 0xef, 0x5d, 0xef, 0x5d, 0xef, 0x5d, 0xef, 0x5d, 0xef, 0x5d, 0xef, 0x5d, 0xef, 0x5d, 0xef, 0x5d, 0xef, 0x5d, 0xef, 0x5d, 0xef, 0x5d, 0xef, 0x5d, 0xef, 0x5d, 0xef, 0x5d, 0xef, 0x5d, 0xef, 0x5d, 0xef, 0x5c, 0xe7, 0x5c, 0xe7, 0x5c, 0xe7, 0x5c, 0xe7, 0x5d, 0xef, 0x5c, 0xe7, 0x5c, 0xe7, 0x5c, 0xe7, 0x5c, 0xe7, 0x5c, 0xe7, 0x5c, 0xe7, 0x5c, 0xe7, 0x5c, 0xe7, 0x5c, 0xe7, 0x5c, 0xe7, 0x5c, 0xe7, 0x3c, 0xe7, 0x3c, 0xe7, 0x3c, 0xe7, 0x3c, 0xe7, 0x3c, 0xe7, 0x3c, 0xe7, 0x3c, 0xe7, 0x3c, 0xe7, 0x3c, 0xe7, 0x3c, 0xe7, 0x3c, 0xe7, 0x3c, 0xe7, 0x5d, 0xef, 0x5d, 0xef, 0x5d, 0xef, 0x5d, 0xef, 0x5d, 0xef, 0x5d, 0xef, 0x5d, 0xef, 0x5d, 0xef, 0x5c, 0xe7, 0x5c, 0xe7, 0x5c, 0xe7, 0x5c, 0xe7, 0x5c, 0xe7, 0x5d, 0xef, 0x5d, 0xef, 0x5d, 0xef, 0x5c, 0xe7, 0x5d, 0xef, 0x5d, 0xef, 0x5d, 0xef, 0x5d, 0xef, 0x5c, 0xe7, 0x5d, 0xef, 0x5d, 0xef, 0x5d, 0xef, 0x5d, 0xef, 0x5d, 0xef, 0x5d, 0xef, 0x5d, 0xef, 0x5d, 0xef, 0x5d, 0xef, 0x5d, 0xef, 0x5d, 0xef, 0x5d, 0xef, 0x5d, 0xef, 0x5d, 0xef, 0x5d, 0xef, 0x5d, 0xef, 0x5d, 0xef, 0x5d, 0xef, 0x5d, 0xef, 0x5d, 0xef, 0x5d, 0xef, 0x5d, 0xef, 0x5d, 0xef, 0x5d, 0xef, 0x5d, 0xef, 0x5d, 0xef, 
  0xd9, 0xd7, 0xba, 0xdf, 0x5c, 0xef, 0x3d, 0xef, 0x5d, 0xef, 0x5d, 0xe7, 0x5c, 0xe7, 0x7c, 0xe7, 0x5d, 0xef, 0x5d, 0xef, 0x5d, 0xe7, 0x5d, 0xe7, 0x5c, 0xef, 0x5c, 0xef, 0x5d, 0xef, 0x5d, 0xef, 0x5d, 0xef, 0x5d, 0xef, 0x5d, 0xef, 0x5d, 0xef, 0x5d, 0xef, 0x5d, 0xef, 0x5d, 0xef, 0x5d, 0xef, 0x5d, 0xef, 0x5d, 0xef, 0x5d, 0xef, 0x5d, 0xef, 0x5d, 0xef, 0x5d, 0xef, 0x5d, 0xef, 0x5d, 0xef, 0x5d, 0xef, 0x5d, 0xef, 0x5d, 0xef, 0x5d, 0xef, 0x5d, 0xef, 0x5d, 0xef, 0x5d, 0xef, 0x5c, 0xe7, 0x5d, 0xef, 0x5d, 0xef, 0x5d, 0xef, 0x5d, 0xef, 0x5c, 0xe7, 0x5c, 0xe7, 0x5c, 0xe7, 0x5c, 0xe7, 0x5c, 0xe7, 0x5c, 0xe7, 0x5c, 0xe7, 0x5c, 0xe7, 0x5c, 0xe7, 0x5c, 0xe7, 0x5c, 0xe7, 0x5c, 0xe7, 0x5c, 0xe7, 0x5c, 0xe7, 0x5c, 0xe7, 0x3c, 0xe7, 0x3c, 0xe7, 0x3c, 0xe7, 0x3c, 0xe7, 0x3c, 0xe7, 0x3c, 0xe7, 0x3c, 0xe7, 0x3c, 0xe7, 0x3c, 0xe7, 0x3c, 0xe7, 0x3c, 0xe7, 0x3c, 0xe7, 0x3c, 0xe7, 0x5c, 0xe7, 0x5c, 0xe7, 0x5c, 0xe7, 0x5c, 0xe7, 0x5c, 0xe7, 0x5c, 0xe7, 0x5c, 0xe7, 0x5c, 0xe7, 0x3c, 0xe7, 0x5c, 0xe7, 0x5c, 0xe7, 0x5c, 0xe7, 0x5c, 0xe7, 0x5c, 0xe7, 0x5c, 0xe7, 0x5c, 0xe7, 0x3c, 0xe7, 0x5c, 0xe7, 0x5d, 0xef, 0x5d, 0xef, 0x5c, 0xe7, 0x5c, 0xe7, 0x5d, 0xef, 0x5d, 0xef, 0x5d, 0xef, 0x5d, 0xef, 0x5d, 0xef, 0x5d, 0xef, 0x5d, 0xef, 0x5d, 0xef, 0x5d, 0xef, 0x3d, 0xef, 0x5d, 0xef, 0x5d, 0xef, 0x5d, 0xef, 0x5d, 0xef, 0x5d, 0xef, 0x5d, 0xef, 0x5d, 0xef, 0x5d, 0xef, 0x5d, 0xef, 0x5d, 0xef, 0x5d, 0xef, 0x5d, 0xef, 0x5d, 0xef, 0x5d, 0xef, 0x5d, 0xef, 0x5d, 0xef, 
  0xd9, 0xd7, 0xba, 0xdf, 0x7c, 0xe7, 0x5d, 0xef, 0x5d, 0xef, 0x5d, 0xe7, 0x5c, 0xe7, 0x5c, 0xe7, 0x5d, 0xef, 0x5d, 0xef, 0x5d, 0xef, 0x5d, 0xef, 0x5c, 0xef, 0x5c, 0xef, 0x5d, 0xef, 0x5d, 0xef, 0x5d, 0xef, 0x5d, 0xef, 0x5d, 0xef, 0x5d, 0xef, 0x5d, 0xef, 0x5d, 0xef, 0x5d, 0xef, 0x5d, 0xef, 0x5d, 0xef, 0x5d, 0xef, 0x5d, 0xef, 0x5d, 0xef, 0x5d, 0xef, 0x5d, 0xef, 0x5d, 0xef, 0x5d, 0xef, 0x5d, 0xef, 0x5d, 0xef, 0x5d, 0xef, 0x5d, 0xef, 0x5d, 0xef, 0x5c, 0xe7, 0x5c, 0xe7, 0x5c, 0xe7, 0x5d, 0xef, 0x5d, 0xef, 0x5c, 0xe7, 0x5c, 0xe7, 0x5c, 0xe7, 0x5c, 0xe7, 0x5c, 0xe7, 0x5c, 0xe7, 0x5c, 0xe7, 0x5c, 0xe7, 0x5c, 0xe7, 0x5c, 0xe7, 0x5c, 0xe7, 0x5c, 0xe7, 0x5c, 0xe7, 0x5c, 0xe7, 0x5c, 0xe7, 0x3c, 0xe7, 0x3c, 0xe7, 0x3c, 0xe7, 0x3c, 0xe7, 0x3c, 0xe7, 0x3c, 0xe7, 0x3c, 0xe7, 0x3c, 0xe7, 0x3c, 0xe7, 0x3c, 0xe7, 0x3c, 0xe7, 0x3c, 0xe7, 0x3c, 0xe7, 0x3c, 0xe7, 0x3c, 0xe7, 0x3c, 0xe7, 0x3c, 0xe7, 0x3c, 0xe7, 0x3c, 0xe7, 0x3c, 0xe7, 0x3c, 0xe7, 0x3c, 0xe7, 0x3c, 0xe7, 0x3c, 0xe7, 0x3c, 0xe7, 0x3c, 0xe7, 0x3c, 0xe7, 0x3c, 0xe7, 0x3c, 0xe7, 0x3c, 0xe7, 0x3c, 0xe7, 0x3c, 0xe7, 0x3c, 0xe7, 0x5c, 0xe7, 0x5c, 0xe7, 0x3c, 0xe7, 0x3c, 0xe7, 0x5c, 0xe7, 0x5d, 0xef, 0x3c, 0xef, 0x3d, 0xef, 0x3d, 0xef, 0x3d, 0xef, 0x3d, 0xef, 0x3d, 0xef, 0x3d, 0xef, 0x3d, 0xef, 0x3d, 0xef, 0x3d, 0xef, 0x3d, 0xef, 0x3d, 0xef, 0x5d, 0xef, 0x5d, 0xef, 0x3d, 0xef, 0x3d, 0xef, 0x3d, 0xef, 0x3d, 0xef, 0x3d, 0xef, 0x3d, 0xef, 0x3d, 0xef, 0x5c, 0xe7, 0x5c, 0xe7, 0x5c, 0xe7, 
  0xd9, 0xcf, 0xba, 0xd7, 0x7c, 0xe7, 0x5d, 0xef, 0x5d, 0xef, 0x5d, 0xe7, 0x5c, 0xe7, 0x5c, 0xef, 0x5d, 0xef, 0x5d, 0xef, 0x5d, 0xef, 0x5d, 0xef, 0x5c, 0xef, 0x5c, 0xef, 0x5d, 0xef, 0x5d, 0xef, 0x5d, 0xef, 0x5d, 0xef, 0x5d, 0xef, 0x5d, 0xef, 0x5d, 0xef, 0x5d, 0xef, 0x5d, 0xef, 0x5d, 0xef, 0x5d, 0xef, 0x5d, 0xef, 0x5d, 0xef, 0x5d, 0xef, 0x5d, 0xef, 0x5d, 0xef, 0x5c, 0xe7, 0x5c, 0xe7, 0x5d, 0xef, 0x5d, 0xef, 0x5d, 0xef, 0x5c, 0xe7, 0x5c, 0xe7, 0x5c, 0xe7, 0x5c, 0xe7, 0x5c, 0xe7, 0x5c, 0xe7, 0x5c, 0xe7, 0x5c, 0xe7, 0x5c, 0xe7, 0x5c, 0xe7, 0x5c, 0xe7, 0x5c, 0xe7, 0x5c, 0xe7, 0x5c, 0xe7, 0x5c, 0xe7, 0x5c, 0xe7, 0x5c, 0xe7, 0x5c, 0xe7, 0x3c, 0xe7, 0x3c, 0xe7, 0x3c, 0xe7, 0x3c, 0xe7, 0x3c, 0xe7, 0x3c, 0xe7, 0x3c, 0xe7, 0x3c, 0xe7, 0x3c, 0xe7, 0x3c, 0xe7, 0x3c, 0xe7, 0x3c, 0xe7, 0x3c, 0xe7, 0x3c, 0xe7, 0x3c, 0xe7, 0x3c, 0xe7, 0x3c, 0xe7, 0x3c, 0xe7, 0x3c, 0xe7, 0x3c, 0xe7, 0x3c, 0xe7, 0x3c, 0xe7, 0x3c, 0xe7, 0x3c, 0xe7, 0x3c, 0xe7, 0x3c, 0xe7, 0x3c, 0xe7, 0x3c, 0xe7, 0x3c, 0xe7, 0x3c, 0xe7, 0x3c, 0xe7, 0x3c, 0xe7, 0x3c, 0xe7, 0x3c, 0xe7, 0x3c, 0xe7, 0x3c, 0xe7, 0x3c, 0xe7, 0x3c, 0xe7, 0x3c, 0xe7, 0x3c, 0xe7, 0x3c, 0xe7, 0x3c, 0xe7, 0x3c, 0xe7, 0x3c, 0xef, 0x3d, 0xef, 0x3d, 0xef, 0x3d, 0xef, 0x3d, 0xef, 0x3d, 0xef, 0x3d, 0xef, 0x3d, 0xef, 0x3d, 0xef, 0x3d, 0xef, 0x3d, 0xef, 0x3d, 0xef, 0x3d, 0xef, 0x3d, 0xef, 0x3d, 0xef, 0x3d, 0xef, 0x3d, 0xef, 0x3d, 0xef, 0x3d, 0xef, 0x3c, 0xef, 0x3c, 0xe7, 0x5c, 0xe7, 0x5c, 0xe7, 0x7b, 0xdf, 
  0xf9, 0xcf, 0xda, 0xd7, 0x7c, 0xe7, 0x5d, 0xef, 0x5d, 0xef, 0x5d, 0xe7, 0x5c, 0xef, 0x5c, 0xef, 0x3d, 0xef, 0x3d, 0xef, 0x5d, 0xef, 0x5d, 0xef, 0x5c, 0xef, 0x5c, 0xef, 0x5d, 0xe7, 0x5d, 0xe7, 0x5d, 0xef, 0x5d, 0xef, 0x5d, 0xef, 0x5d, 0xef, 0x5d, 0xef, 0x5d, 0xef, 0x5d, 0xef, 0x5d, 0xef, 0x5d, 0xef, 0x5d, 0xef, 0x5d, 0xef, 0x5d, 0xef, 0x5c, 0xe7, 0x5c, 0xe7, 0x5c, 0xe7, 0x5c, 0xe7, 0x5c, 0xe7, 0x5c, 0xe7, 0x5c, 0xe7, 0x5c, 0xe7, 0x5c, 0xe7, 0x5c, 0xe7, 0x5c, 0xe7, 0x5c, 0xe7, 0x5c, 0xe7, 0x5c, 0xe7, 0x5c, 0xe7, 0x5c, 0xe7, 0x5c, 0xe7, 0x5c, 0xe7, 0x3c, 0xe7, 0x3c, 0xe7, 0x5c, 0xe7, 0x5c, 0xe7, 0x5c, 0xe7, 0x3c, 0xe7, 0x3c, 0xe7, 0x3c, 0xe7, 0x3c, 0xe7, 0x3c, 0xe7, 0x3c, 0xe7, 0x3c, 0xe7, 0x3c, 0xe7, 0x3c, 0xe7, 0x3c, 0xe7, 0x3c, 0xe7, 0x3c, 0xe7, 0x3c, 0xe7, 0x3c, 0xe7, 0x3c, 0xe7, 0x3c, 0xe7, 0x3c, 0xe7, 0x3c, 0xe7, 0x3c, 0xe7, 0x3c, 0xe7, 0x3c, 0xe7, 0x3c, 0xe7, 0x3c, 0xe7, 0x3c, 0xe7, 0x3c, 0xe7, 0x3c, 0xe7, 0x3c, 0xe7, 0x3c, 0xe7, 0x3c, 0xe7, 0x3c, 0xe7, 0x3c, 0xe7, 0x3c, 0xe7, 0x3c, 0xe7, 0x3c, 0xe7, 0x3c, 0xe7, 0x3c, 0xe7, 0x3c, 0xe7, 0x3c, 0xe7, 0x3c, 0xe7, 0x3c, 0xe7, 0x3c, 0xe7, 0x3c, 0xe7, 0x3c, 0xe7, 0x3c, 0xe7, 0x3c, 0xe7, 0x3c, 0xe7, 0x3c, 0xe7, 0x3c, 0xe7, 0x3d, 0xef, 0x3d, 0xef, 0x3d, 0xef, 0x3d, 0xef, 0x3d, 0xef, 0x3c, 0xe7, 0x3c, 0xe7, 0x3d, 0xef, 0x3d, 0xef, 0x3d, 0xef, 0x3d, 0xef, 0x3d, 0xef, 0x3d, 0xef, 0x3d, 0xef, 0x3d, 0xef, 0x3d, 0xef, 0x3c, 0xe7, 0x3c, 0xe7, 0x5c, 0xe7, 0x7b, 0xdf, 0x9b, 0xdf, 
  0xf9, 0xcf, 0xda, 0xd7, 0x7c, 0xe7, 0x5d, 0xef, 0x5d, 0xef, 0x5d, 0xef, 0x5c, 0xef, 0x5c, 0xef, 0x3d, 0xef, 0x3d, 0xef, 0x5d, 0xef, 0x5d, 0xef, 0x5c, 0xef, 0x5c, 0xef, 0x5d, 0xe7, 0x5d, 0xe7, 0x5d, 0xef, 0x5d, 0xef, 0x5d, 0xef, 0x5d, 0xef, 0x5d, 0xef, 0x5d, 0xef, 0x5d, 0xef, 0x5d, 0xef, 0x5d, 0xef, 0x5d, 0xef, 0x5c, 0xe7, 0x5c, 0xe7, 0x5c, 0xe7, 0x5c, 0xe7, 0x5c, 0xe7, 0x5c, 0xe7, 0x5c, 0xe7, 0x5c, 0xe7, 0x5c, 0xe7, 0x5c, 0xe7, 0x5c, 0xe7, 0x5c, 0xe7, 0x5c, 0xe7, 0x3c, 0xe7, 0x5c, 0xe7, 0x5c, 0xe7, 0x5c, 0xe7, 0x5c, 0xe7, 0x3c, 0xe7, 0x3c, 0xe7, 0x3c, 0xe7, 0x3c, 0xe7, 0x3c, 0xe7, 0x3c, 0xe7, 0x3c, 0xe7, 0x3c, 0xe7, 0x3c, 0xe7, 0x3c, 0xe7, 0x3c, 0xe7, 0x3c, 0xe7, 0x3c, 0xe7, 0x3c, 0xe7, 0x3c, 0xe7, 0x3c, 0xe7, 0x3c, 0xe7, 0x3c, 0xe7, 0x3c, 0xe7, 0x3c, 0xe7, 0x3c, 0xe7, 0x3c, 0xe7, 0x3c, 0xe7, 0x3c, 0xe7, 0x3c, 0xe7, 0x3c, 0xe7, 0x3c, 0xe7, 0x3c, 0xe7, 0x3c, 0xe7, 0x3c, 0xe7, 0x3c, 0xe7, 0x3c, 0xe7, 0x3c, 0xe7, 0x3c, 0xe7, 0x3c, 0xe7, 0x3c, 0xe7, 0x3c, 0xe7, 0x3c, 0xe7, 0x3c, 0xe7, 0x3c, 0xe7, 0x3c, 0xe7, 0x3c, 0xe7, 0x3c, 0xe7, 0x3c, 0xe7, 0x3c, 0xe7, 0x3c, 0xe7, 0x3c, 0xe7, 0x3c, 0xe7, 0x3c, 0xe7, 0x3c, 0xe7, 0x3c, 0xe7, 0x3c, 0xe7, 0x1c, 0xe7, 0x3c, 0xe7, 0x3c, 0xe7, 0x3c, 0xe7, 0x3c, 0xe7, 0x3c, 0xe7, 0x3c, 0xe7, 0x3c, 0xe7, 0x3c, 0xe7, 0x3c, 0xe7, 0x3c, 0xe7, 0x3c, 0xe7, 0x3c, 0xe7, 0x3c, 0xe7, 0x3c, 0xe7, 0x3d, 0xef, 0x3d, 0xef, 0x1d, 0xef, 0x3d, 0xef, 0x3c, 0xe7, 0x5c, 0xe7, 0x7b, 0xdf, 0x9b, 0xdf, 0x9a, 0xdf, 
  0xf9, 0xcf, 0xda, 0xd7, 0x7c, 0xe7, 0x5d, 0xef, 0x5d, 0xe7, 0x5d, 0xe7, 0x5c, 0xef, 0x5c, 0xef, 0x3c, 0xef, 0x3d, 0xef, 0x5d, 0xef, 0x5d, 0xef, 0x5c, 0xef, 0x5c, 0xef, 0x5d, 0xe7, 0x5d, 0xe7, 0x5d, 0xef, 0x5d, 0xef, 0x5d, 0xef, 0x5d, 0xef, 0x5d, 0xef, 0x5d, 0xef, 0x5d, 0xef, 0x5d, 0xef, 0x5c, 0xe7, 0x5c, 0xe7, 0x5c, 0xe7, 0x5c, 0xe7, 0x5c, 0xe7, 0x5c, 0xe7, 0x5c, 0xe7, 0x5c, 0xe7, 0x5c, 0xe7, 0x5c, 0xe7, 0x5c, 0xe7, 0x5c, 0xe7, 0x5c, 0xe7, 0x3c, 0xe7, 0x3c, 0xe7, 0x3c, 0xe7, 0x5c, 0xe7, 0x5c, 0xe7, 0x3c, 0xe7, 0x3c, 0xe7, 0x3c, 0xe7, 0x3c, 0xe7, 0x3c, 0xe7, 0x3c, 0xe7, 0x3c, 0xe7, 0x3c, 0xe7, 0x3c, 0xe7, 0x3c, 0xe7, 0x3c, 0xe7, 0x3c, 0xe7, 0x3c, 0xe7, 0x3c, 0xe7, 0x3c, 0xe7, 0x3c, 0xe7, 0x3c, 0xe7, 0x3c, 0xe7, 0x3c, 0xe7, 0x3c, 0xe7, 0x3c, 0xe7, 0x3c, 0xe7, 0x3c, 0xe7, 0x3c, 0xe7, 0x3c, 0xe7, 0x3c, 0xe7, 0x3c, 0xe7, 0x3c, 0xe7, 0x3c, 0xe7, 0x3c, 0xe7, 0x3c, 0xe7, 0x3c, 0xe7, 0x3c, 0xe7, 0x3c, 0xe7, 0x3c, 0xe7, 0x3c, 0xe7, 0x3c, 0xe7, 0x3c, 0xe7, 0x3c, 0xe7, 0x3c, 0xe7, 0x3c, 0xe7, 0x3c, 0xe7, 0x3c, 0xe7, 0x3c, 0xe7, 0x3c, 0xe7, 0x3c, 0xe7, 0x3c, 0xe7, 0x3c, 0xe7, 0x3c, 0xe7, 0x3c, 0xe7, 0x3c, 0xe7, 0x3c, 0xe7, 0x3c, 0xe7, 0x3c, 0xe7, 0x3c, 0xe7, 0x3c, 0xe7, 0x3c, 0xe7, 0x3c, 0xe7, 0x3c, 0xe7, 0x3c, 0xe7, 0x1c, 0xe7, 0x1c, 0xe7, 0x1c, 0xe7, 0x1c, 0xe7, 0x3c, 0xe7, 0x3c, 0xe7, 0x3c, 0xe7, 0x3c, 0xe7, 0x3c, 0xe7, 0x1c, 0xe7, 0x1d, 0xef, 0x1d, 0xef, 0x1c, 0xef, 0x3c, 0xe7, 0x5b, 0xe7, 0x7b, 0xdf, 0xba, 0xd7, 0xba, 0xd7, 
  0xf9, 0xc7, 0xda, 0xcf, 0x9b, 0xdf, 0x7c, 0xe7, 0x5c, 0xe7, 0x5c, 0xe7, 0x5c, 0xef, 0x5c, 0xef, 0x3c, 0xef, 0x3d, 0xef, 0x5d, 0xef, 0x5d, 0xef, 0x5c, 0xef, 0x5c, 0xef, 0x5d, 0xe7, 0x5d, 0xe7, 0x5d, 0xe7, 0x5d, 0xef, 0x5d, 0xef, 0x5c, 0xef, 0x5c, 0xef, 0x5c, 0xe7, 0x5c, 0xe7, 0x5c, 0xe7, 0x5c, 0xe7, 0x5c, 0xe7, 0x5c, 0xe7, 0x5d, 0xef, 0x5d, 0xef, 0x5d, 0xef, 0x5d, 0xef, 0x5d, 0xef, 0x5d, 0xef, 0x5d, 0xe7, 0x5d, 0xe7, 0x5d, 0xe7, 0x3c, 0xe7, 0x3c, 0xe7, 0x3c, 0xe7, 0x3c, 0xe7, 0x5d, 0xe7, 0x3c, 0xe7, 0x3c, 0xe7, 0x3c, 0xe7, 0x3c, 0xe7, 0x3c, 0xe7, 0x3c, 0xe7, 0x3c, 0xe7, 0x3c, 0xe7, 0x3c, 0xe7, 0x3c, 0xe7, 0x3c, 0xe7, 0x3c, 0xe7, 0x3c, 0xe7, 0x3c, 0xe7, 0x3c, 0xe7, 0x3c, 0xe7, 0x3c, 0xe7, 0x3c, 0xe7, 0x3c, 0xe7, 0x3c, 0xe7, 0x3c, 0xe7, 0x3c, 0xe7, 0x3c, 0xe7, 0x3c, 0xe7, 0x3c, 0xe7, 0x3c, 0xe7, 0x3c, 0xe7, 0x3c, 0xe7, 0x3c, 0xe7, 0x3c, 0xe7, 0x3c, 0xe7, 0x3c, 0xe7, 0x3c, 0xe7, 0x3c, 0xe7, 0x3c, 0xe7, 0x3c, 0xe7, 0x3c, 0xe7, 0x3c, 0xe7, 0x3c, 0xe7, 0x3c, 0xe7, 0x3c, 0xe7, 0x3c, 0xe7, 0x3c, 0xe7, 0x3c, 0xe7, 0x3c, 0xe7, 0x3c, 0xe7, 0x3c, 0xe7, 0x3c, 0xe7, 0x3c, 0xe7, 0x3c, 0xe7, 0x3c, 0xe7, 0x3c, 0xe7, 0x3c, 0xe7, 0x3c, 0xe7, 0x1c, 0xe7, 0x3c, 0xe7, 0x3c, 0xe7, 0x3c, 0xe7, 0x3c, 0xe7, 0x3c, 0xe7, 0x3c, 0xe7, 0x3c, 0xe7, 0x3c, 0xe7, 0x1c, 0xe7, 0x1c, 0xe7, 0x1c, 0xe7, 0x1c, 0xe7, 0x1c, 0xe7, 0x1c, 0xe7, 0x1c, 0xe7, 0x1d, 0xe7, 0x1d, 0xef, 0xfd, 0xee, 0x1c, 0xe7, 0x3c, 0xe7, 0x5b, 0xdf, 0x9a, 0xdf, 0xba, 0xd7, 0xd9, 0xd7, 
  0xf9, 0xcf, 0xda, 0xcf, 0xba, 0xd7, 0x9b, 0xdf, 0x7c, 0xe7, 0x5c, 0xe7, 0x5c, 0xef, 0x5c, 0xef, 0x5d, 0xef, 0x5d, 0xef, 0x5d, 0xe7, 0x5d, 0xe7, 0x5d, 0xe7, 0x5c, 0xef, 0x5c, 0xef, 0x5d, 0xef, 0x5d, 0xef, 0x5d, 0xef, 0x5d, 0xef, 0x5d, 0xef, 0x5c, 0xef, 0x5c, 0xe7, 0x5c, 0xe7, 0x5c, 0xe7, 0x5c, 0xe7, 0x5c, 0xe7, 0x5d, 0xe7, 0x5d, 0xef, 0x3d, 0xef, 0x3d, 0xef, 0x3d, 0xef, 0x3d, 0xe7, 0x3d, 0xef, 0x5d, 0xe7, 0x5d, 0xe7, 0x5d, 0xe7, 0x3c, 0xe7, 0x3c, 0xe7, 0x3c, 0xe7, 0x3c, 0xe7, 0x3c, 0xe7, 0x3c, 0xe7, 0x3c, 0xe7, 0x3c, 0xe7, 0x3c, 0xe7, 0x3c, 0xe7, 0x3c, 0xe7, 0x3c, 0xe7, 0x3c, 0xe7, 0x3c, 0xef, 0x3c, 0xef, 0x3c, 0xe7, 0x3c, 0xe7, 0x3c, 0xe7, 0x3c, 0xe7, 0x3c, 0xe7, 0x3c, 0xe7, 0x3c, 0xe7, 0x3c, 0xe7, 0x3c, 0xe7, 0x3c, 0xe7, 0x3c, 0xe7, 0x3c, 0xe7, 0x3c, 0xe7, 0x3c, 0xe7, 0x3c, 0xe7, 0x3c, 0xe7, 0x3c, 0xe7, 0x3c, 0xe7, 0x3c, 0xe7, 0x3c, 0xe7, 0x3c, 0xe7, 0x3c, 0xe7, 0x3c, 0xe7, 0x3c, 0xe7, 0x3c, 0xe7, 0x3c, 0xe7, 0x3c, 0xe7, 0x3c, 0xe7, 0x3c, 0xe7, 0x3c, 0xe7, 0x3d, 0xef, 0x3d, 0xef, 0x3d, 0xef, 0x3d, 0xef, 0x3d, 0xef, 0x3d, 0xef, 0x3d, 0xef, 0x3d, 0xef, 0x3d, 0xef, 0x3d, 0xef, 0x3d, 0xef, 0x1c, 0xe7, 0x1c, 0xe7, 0x1c, 0xe7, 0x3c, 0xe7, 0x3c, 0xe7, 0x3c, 0xe7, 0x3c, 0xe7, 0x3c, 0xe7, 0x3c, 0xe7, 0x3c, 0xe7, 0x3c, 0xe7, 0x1c, 0xe7, 0x1c, 0xe7, 0x1c, 0xe7, 0x1c, 0xe7, 0x1c, 0xe7, 0x1d, 0xe7, 0x1d, 0xe7, 0x1d, 0xe7, 0x1d, 0xef, 0xfd, 0xee, 0xfd, 0xee, 0x1c, 0xef, 0x3c, 0xe7, 0x7b, 0xdf, 0x9a, 0xd7, 0xd9, 0xcf, 0xd9, 0xcf, 
  0xf9, 0xc7, 0xf9, 0xcf, 0xda, 0xd7, 0x9a, 0xdf, 0x7b, 0xe7, 0x7c, 0xe7, 0x5c, 0xef, 0x5d, 0xef, 0x3d, 0xef, 0x5d, 0xef, 0x5d, 0xe7, 0x5d, 0xe7, 0x5d, 0xe7, 0x5c, 0xef, 0x5c, 0xef, 0x5c, 0xef, 0x5d, 0xef, 0x5d, 0xef, 0x5d, 0xef, 0x5d, 0xef, 0x5c, 0xe7, 0x5c, 0xe7, 0x5c, 0xe7, 0x5c, 0xe7, 0x5c, 0xe7, 0x5c, 0xe7, 0x5c, 0xe7, 0x5d, 0xe7, 0x5d, 0xef, 0x3d, 0xef, 0x3d, 0xe7, 0x3d, 0xe7, 0x5d, 0xe7, 0x5d, 0xe7, 0x5d, 0xe7, 0x3c, 0xe7, 0x3c, 0xe7, 0x3c, 0xe7, 0x3c, 0xe7, 0x3c, 0xe7, 0x3c, 0xe7, 0x3c, 0xe7, 0x3c, 0xe7, 0x3c, 0xe7, 0x3c, 0xe7, 0x3c, 0xe7, 0x3c, 0xe7, 0x3c, 0xe7, 0x3c, 0xe7, 0x3c, 0xe7, 0x3c, 0xe7, 0x3c, 0xe7, 0x3c, 0xe7, 0x3c, 0xe7, 0x3c, 0xe7, 0x3c, 0xe7, 0x3c, 0xe7, 0x3c, 0xe7, 0x3c, 0xe7, 0x3c, 0xe7, 0x3c, 0xe7, 0x3c, 0xe7, 0x3c, 0xe7, 0x3c, 0xe7, 0x3c, 0xe7, 0x3c, 0xe7, 0x3c, 0xe7, 0x3c, 0xe7, 0x3c, 0xe7, 0x3c, 0xe7, 0x3c, 0xe7, 0x3c, 0xe7, 0x3c, 0xe7, 0x3c, 0xe7, 0x3c, 0xe7, 0x3c, 0xe7, 0x3c, 0xe7, 0x3c, 0xe7, 0x3c, 0xe7, 0x3c, 0xe7, 0x3c, 0xe7, 0x3d, 0xef, 0x3d, 0xef, 0x3d, 0xef, 0x3d, 0xef, 0x3d, 0xef, 0x3d, 0xef, 0x1c, 0xe7, 0x3d, 0xef, 0x3d, 0xef, 0x3d, 0xef, 0x3d, 0xef, 0x1c, 0xe7, 0x1c, 0xe7, 0x1c, 0xe7, 0x3c, 0xe7, 0x3c, 0xe7, 0x3c, 0xe7, 0x3c, 0xe7, 0x3c, 0xe7, 0x3c, 0xe7, 0x3c, 0xe7, 0x1c, 0xe7, 0x1c, 0xe7, 0x1c, 0xe7, 0x1c, 0xe7, 0x1c, 0xe7, 0x1c, 0xe7, 0x1c, 0xe7, 0x1d, 0xe7, 0x1d, 0xe7, 0x1d, 0xef, 0xfd, 0xee, 0xfd, 0xee, 0x1c, 0xe7, 0x3b, 0xdf, 0x7a, 0xdf, 0xb9, 0xd7, 0xd9, 0xcf, 0xf8, 0xcf, 
  0xf9, 0xc7, 0xf9, 0xc7, 0xd9, 0xcf, 0xba, 0xd7, 0x9b, 0xdf, 0x7c, 0xe7, 0x5c, 0xef, 0x3d, 0xef, 0x3d, 0xef, 0x3d, 0xef, 0x3d, 0xef, 0x5d, 0xef, 0x5d, 0xef, 0x5c, 0xe7, 0x5c, 0xe7, 0x5c, 0xe7, 0x5c, 0xef, 0x5c, 0xef, 0x5c, 0xe7, 0x5c, 0xe7, 0x5c, 0xe7, 0x5c, 0xe7, 0x5c, 0xe7, 0x5c, 0xe7, 0x5c, 0xe7, 0x5c, 0xe7, 0x5c, 0xe7, 0x5c, 0xe7, 0x5c, 0xe7, 0x5c, 0xe7, 0x5c, 0xe7, 0x5c, 0xe7, 0x5c, 0xe7, 0x5c, 0xe7, 0x5c, 0xe7, 0x5c, 0xe7, 0x5c, 0xe7, 0x5c, 0xe7, 0x5c, 0xe7, 0x5c, 0xe7, 0x5c, 0xe7, 0x5c, 0xe7, 0x5c, 0xe7, 0x5c, 0xe7, 0x5c, 0xe7, 0x5c, 0xe7, 0x3c, 0xe7, 0x3c, 0xe7, 0x5c, 0xe7, 0x3c, 0xe7, 0x3c, 0xe7, 0x3c, 0xe7, 0x3c, 0xe7, 0x3c, 0xe7, 0x3c, 0xe7, 0x3c, 0xe7, 0x3c, 0xe7, 0x3c, 0xe7, 0x3c, 0xe7, 0x3c, 0xe7, 0x3c, 0xe7, 0x3c, 0xe7, 0x3c, 0xe7, 0x3c, 0xe7, 0x3c, 0xe7, 0x3c, 0xe7, 0x3c, 0xe7, 0x3c, 0xe7, 0x3c, 0xe7, 0x3c, 0xe7, 0x3c, 0xe7, 0x3c, 0xe7, 0x3c, 0xe7, 0x3c, 0xe7, 0x3c, 0xe7, 0x3c, 0xe7, 0x3c, 0xe7, 0x3c, 0xe7, 0x3c, 0xe7, 0x3c, 0xe7, 0x3c, 0xe7, 0x3c, 0xe7, 0x3c, 0xe7, 0x3c, 0xe7, 0x3c, 0xe7, 0x3c, 0xe7, 0x3c, 0xe7, 0x3c, 0xe7, 0x3c, 0xe7, 0x3c, 0xe7, 0x3c, 0xe7, 0x3c, 0xe7, 0x3c, 0xe7, 0x3c, 0xe7, 0x3c, 0xe7, 0x3c, 0xe7, 0x1d, 0xef, 0x1d, 0xef, 0x1d, 0xef, 0x1d, 0xe7, 0x1c, 0xe7, 0x1c, 0xe7, 0x3c, 0xe7, 0x3c, 0xe7, 0x3c, 0xe7, 0x3c, 0xe7, 0x3c, 0xe7, 0x3c, 0xe7, 0x3c, 0xe7, 0x3c, 0xe7, 0x3c, 0xe7, 0x1c, 0xe7, 0x1d, 0xef, 0x1c, 0xef, 0x3c, 0xe7, 0x5b, 0xdf, 0x9a, 0xd7, 0xb9, 0xd7, 0xd9, 0xcf, 0xf8, 0xcf, 
  0xf8, 0xc7, 0xf8, 0xc7, 0xf9, 0xcf, 0xda, 0xd7, 0x9b, 0xdf, 0x7b, 0xe7, 0x5c, 0xe7, 0x3d, 0xef, 0x3d, 0xef, 0x3d, 0xef, 0x3d, 0xef, 0x3d, 0xef, 0x3d, 0xef, 0x5c, 0xe7, 0x5c, 0xe7, 0x5c, 0xe7, 0x5c, 0xe7, 0x5c, 0xe7, 0x5c, 0xe7, 0x5c, 0xe7, 0x5c, 0xe7, 0x5c, 0xe7, 0x5c, 0xe7, 0x5c, 0xe7, 0x5c, 0xe7, 0x5c, 0xe7, 0x5c, 0xe7, 0x5c, 0xe7, 0x5c, 0xe7, 0x5c, 0xe7, 0x5c, 0xe7, 0x5c, 0xe7, 0x5c, 0xe7, 0x5c, 0xe7, 0x5c, 0xe7, 0x5c, 0xe7, 0x5c, 0xe7, 0x5c, 0xe7, 0x5c, 0xe7, 0x5c, 0xe7, 0x5c, 0xe7, 0x5c, 0xe7, 0x5c, 0xe7, 0x5c, 0xe7, 0x3c, 0xe7, 0x3c, 0xe7, 0x3c, 0xe7, 0x3c, 0xe7, 0x3c, 0xe7, 0x3c, 0xe7, 0x3c, 0xe7, 0x3c, 0xe7, 0x3c, 0xe7, 0x3c, 0xe7, 0x3c, 0xe7, 0x3c, 0xe7, 0x3c, 0xe7, 0x3c, 0xe7, 0x3c, 0xe7, 0x3c, 0xe7, 0x3c, 0xe7, 0x3c, 0xe7, 0x3c, 0xe7, 0x3c, 0xe7, 0x3c, 0xe7, 0x3c, 0xe7, 0x3c, 0xe7, 0x3c, 0xe7, 0x3c, 0xe7, 0x3c, 0xe7, 0x3c, 0xe7, 0x3c, 0xe7, 0x3c, 0xe7, 0x3c, 0xe7, 0x3c, 0xe7, 0x3c, 0xe7, 0x3c, 0xe7, 0x3c, 0xe7, 0x3c, 0xe7, 0x3c, 0xe7, 0x3c, 0xe7, 0x3c, 0xe7, 0x3c, 0xe7, 0x3c, 0xe7, 0x3c, 0xe7, 0x3c, 0xe7, 0x3c, 0xe7, 0x3c, 0xe7, 0x3c, 0xe7, 0x3c, 0xe7, 0x3c, 0xe7, 0x3c, 0xe7, 0x3c, 0xe7, 0x3c, 0xe7, 0x3c, 0xe7, 0x1c, 0xe7, 0x1c, 0xef, 0x1d, 0xef, 0x1d, 0xef, 0x1d, 0xef, 0x1c, 0xe7, 0x1c, 0xe7, 0x3c, 0xe7, 0x3c, 0xe7, 0x3c, 0xe7, 0x3c, 0xe7, 0x3c, 0xe7, 0x3c, 0xe7, 0x3c, 0xe7, 0x3c, 0xe7, 0x3c, 0xe7, 0x1c, 0xe7, 0x1c, 0xe7, 0x3c, 0xe7, 0x5b, 0xe7, 0x7b, 0xdf, 0x9a, 0xd7, 0xd9, 0xcf, 0xf8, 0xcf, 0xf8, 0xcf, 
  0xf7, 0xc7, 0xf8, 0xc7, 0xf8, 0xc7, 0xd9, 0xcf, 0xba, 0xd7, 0x9b, 0xdf, 0x7c, 0xe7, 0x5d, 0xe7, 0x3d, 0xef, 0x1d, 0xef, 0x1d, 0xef, 0x3d, 0xef, 0x3d, 0xef, 0x5c, 0xef, 0x5c, 0xe7, 0x5c, 0xe7, 0x3d, 0xef, 0x3d, 0xef, 0x3d, 0xef, 0x3d, 0xef, 0x3d, 0xef, 0x3d, 0xef, 0x3c, 0xef, 0x3c, 0xef, 0x3c, 0xef, 0x3c, 0xef, 0x3c, 0xef, 0x3c, 0xef, 0x3d, 0xe7, 0x3d, 0xe7, 0x3d, 0xe7, 0x3d, 0xe7, 0x3c, 0xe7, 0x3c, 0xe7, 0x3c, 0xe7, 0x3c, 0xe7, 0x3c, 0xe7, 0x3c, 0xe7, 0x3c, 0xe7, 0x3c, 0xe7, 0x3c, 0xe7, 0x3c, 0xe7, 0x3c, 0xe7, 0x3c, 0xe7, 0x3c, 0xe7, 0x3c, 0xe7, 0x3c, 0xe7, 0x3c, 0xe7, 0x3c, 0xe7, 0x3c, 0xe7, 0x3c, 0xe7, 0x3c, 0xe7, 0x3c, 0xe7, 0x3c, 0xe7, 0x3c, 0xe7, 0x3c, 0xe7, 0x3c, 0xe7, 0x3c, 0xe7, 0x3c, 0xe7, 0x3c, 0xe7, 0x3c, 0xe7, 0x3c, 0xe7, 0x3c, 0xe7, 0x3c, 0xe7, 0x3c, 0xe7, 0x3c, 0xe7, 0x3c, 0xe7, 0x3c, 0xe7, 0x3c, 0xe7, 0x3c, 0xe7, 0x3c, 0xe7, 0x3c, 0xe7, 0x3c, 0xe7, 0x3c, 0xe7, 0x3c, 0xe7, 0x3c, 0xe7, 0x3c, 0xe7, 0x3c, 0xe7, 0x3c, 0xe7, 0x1c, 0xe7, 0x1d, 0xe7, 0x1d, 0xef, 0x1d, 0xef, 0x1d, 0xef, 0x1d, 0xef, 0x1d, 0xef, 0x1d, 0xef, 0x1d, 0xef, 0x1d, 0xef, 0x1d, 0xef, 0x1d, 0xef, 0x1d, 0xef, 0x1d, 0xef, 0x1d, 0xef, 0x1c, 0xe7, 0x1c, 0xe7, 0x1c, 0xef, 0x1c, 0xef, 0x1c, 0xef, 0x1c, 0xe7, 0x1c, 0xe7, 0x3c, 0xe7, 0x3c, 0xe7, 0x3c, 0xe7, 0x3c, 0xe7, 0x3c, 0xe7, 0x3c, 0xe7, 0x3c, 0xe7, 0x3c, 0xe7, 0x3c, 0xe7, 0x1c, 0xe7, 0x3c, 0xe7, 0x3c, 0xe7, 0x5b, 0xe7, 0x7b, 0xdf, 0x9a, 0xd7, 0xb9, 0xd7, 0xd9, 0xcf, 0xf8, 0xcf, 0xf8, 0xc7, 
  0xf7, 0xc7, 0xf7, 0xc7, 0xf8, 0xc7, 0xf9, 0xcf, 0xda, 0xcf, 0xbb, 0xd7, 0x7b, 0xdf, 0x5c, 0xe7, 0x3c, 0xef, 0x3d, 0xef, 0x3d, 0xef, 0x3d, 0xef, 0x3d, 0xef, 0x3d, 0xef, 0x5c, 0xe7, 0x5c, 0xe7, 0x3d, 0xef, 0x3d, 0xef, 0x3d, 0xef, 0x3d, 0xef, 0x3d, 0xef, 0x3d, 0xef, 0x3d, 0xef, 0x3d, 0xef, 0x3d, 0xef, 0x3c, 0xef, 0x3c, 0xef, 0x3d, 0xef, 0x3d, 0xef, 0x3d, 0xef, 0x3d, 0xe7, 0x3c, 0xe7, 0x3c, 0xe7, 0x3c, 0xe7, 0x3c, 0xe7, 0x3c, 0xe7, 0x3c, 0xe7, 0x3c, 0xe7, 0x3c, 0xe7, 0x3c, 0xe7, 0x3c, 0xe7, 0x3c, 0xe7, 0x3c, 0xe7, 0x3c, 0xe7, 0x3c, 0xe7, 0x3c, 0xe7, 0x3c, 0xe7, 0x3c, 0xe7, 0x3d, 0xef, 0x3d, 0xef, 0x3d, 0xef, 0x3d, 0xef, 0x3d, 0xef, 0x3d, 0xef, 0x3d, 0xef, 0x1c, 0xe7, 0x1c, 0xe7, 0x1c, 0xe7, 0x1c, 0xe7, 0x1c, 0xe7, 0x1c, 0xe7, 0x1c, 0xe7, 0x1c, 0xe7, 0x1c, 0xe7, 0x3d, 0xef, 0x3d, 0xef, 0x3d, 0xef, 0x3d, 0xef, 0x3d, 0xef, 0x3d, 0xef, 0x3d, 0xef, 0x3d, 0xef, 0x3d, 0xef, 0x3d, 0xef, 0x3d, 0xef, 0x1d, 0xe7, 0x1d, 0xe7, 0x1d, 0xe7, 0x1d, 0xe7, 0x1d, 0xef, 0x1d, 0xef, 0x1d, 0xef, 0x1d, 0xef, 0x1d, 0xef, 0x1d, 0xef, 0x1d, 0xef, 0x1d, 0xef, 0x1d, 0xe7, 0x1d, 0xef, 0x1d, 0xef, 0x1d, 0xef, 0x1d, 0xef, 0x1d, 0xe7, 0x1d, 0xe7, 0x1d, 0xe7, 0x1c, 0xe7, 0x1c, 0xef, 0x3c, 0xef, 0x3c, 0xe7, 0x1c, 0xe7, 0x3c, 0xe7, 0x3c, 0xe7, 0x3d, 0xe7, 0x3d, 0xe7, 0x3d, 0xe7, 0x3d, 0xe7, 0x3c, 0xe7, 0x1c, 0xe7, 0x1c, 0xe7, 0x1c, 0xe7, 0x1c, 0xef, 0x3b, 0xe7, 0x5b, 0xdf, 0x7b, 0xdf, 0x9a, 0xd7, 0xba, 0xd7, 0xd9, 0xcf, 0xf9, 0xcf, 0xf8, 0xc7, 0xf8, 0xc7, 
  0xf7, 0xc7, 0xf8, 0xc7, 0xf8, 0xc7, 0xf8, 0xc7, 0xf9, 0xcf, 0xda, 0xcf, 0xbb, 0xd7, 0x9b, 0xdf, 0x5c, 0xe7, 0x3c, 0xef, 0x3c, 0xef, 0x3d, 0xef, 0x3d, 0xef, 0x3d, 0xef, 0x3d, 0xe7, 0x3d, 0xe7, 0x3d, 0xef, 0x3d, 0xef, 0x3d, 0xef, 0x3d, 0xef, 0x3d, 0xef, 0x3d, 0xef, 0x3d, 0xef, 0x3d, 0xef, 0x3c, 0xef, 0x3c, 0xef, 0x3c, 0xef, 0x3c, 0xef, 0x3c, 0xe7, 0x3c, 0xe7, 0x3c, 0xe7, 0x3c, 0xe7, 0x3c, 0xef, 0x3c, 0xef, 0x3c, 0xef, 0x3c, 0xe7, 0x3c, 0xe7, 0x3c, 0xe7, 0x3c, 0xe7, 0x3c, 0xe7, 0x3c, 0xe7, 0x3c, 0xe7, 0x3c, 0xe7, 0x3c, 0xe7, 0x3c, 0xe7, 0x3c, 0xe7, 0x3c, 0xe7, 0x3c, 0xe7, 0x3c, 0xe7, 0x3c, 0xe7, 0x3c, 0xe7, 0x3c, 0xe7, 0x3c, 0xe7, 0x3c, 0xe7, 0x3c, 0xe7, 0x3c, 0xe7, 0x3c, 0xe7, 0x3c, 0xe7, 0x3c, 0xe7, 0x3c, 0xe7, 0x3c, 0xe7, 0x3c, 0xe7, 0x3c, 0xe7, 0x1c, 0xe7, 0x3d, 0xef, 0x3d, 0xef, 0x3d, 0xef, 0x3d, 0xef, 0x3d, 0xef, 0x3d, 0xef, 0x3d, 0xef, 0x3d, 0xef, 0x1d, 0xe7, 0x1d, 0xe7, 0x1d, 0xe7, 0x1d, 0xe7, 0x1d, 0xe7, 0x1d, 0xe7, 0x1d, 0xe7, 0x1d, 0xe7, 0x1d, 0xef, 0x1d, 0xef, 0x1d, 0xef, 0x1d, 0xef, 0x1d, 0xef, 0x1c, 0xe7, 0x1c, 0xe7, 0x1c, 0xe7, 0x1d, 0xef, 0x1d, 0xef, 0x1c, 0xe7, 0x1c, 0xe7, 0x1c, 0xe7, 0x1c, 0xe7, 0x1c, 0xe7, 0x1c, 0xe7, 0x3c, 0xe7, 0x3b, 0xe7, 0x3b, 0xe7, 0x3c, 0xe7, 0x3c, 0xe7, 0x1c, 0xe7, 0x1d, 0xe7, 0x1d, 0xe7, 0x1d, 0xe7, 0x1d, 0xe7, 0x1d, 0xe7, 0x1d, 0xe7, 0x1c, 0xef, 0x1c, 0xef, 0x1c, 0xef, 0x3c, 0xe7, 0x7b, 0xdf, 0x9a, 0xd7, 0xba, 0xd7, 0xd9, 0xcf, 0xf9, 0xcf, 0xf8, 0xc7, 0xf8, 0xc7, 0xf8, 0xc7, 
  0xf8, 0xc7, 0xf8, 0xc7, 0xf8, 0xc7, 0xf8, 0xc7, 0xf9, 0xc7, 0xf9, 0xcf, 0xda, 0xcf, 0xba, 0xd7, 0x9b, 0xdf, 0x7b, 0xe7, 0x5c, 0xef, 0x3c, 0xef, 0x3c, 0xef, 0x3d, 0xef, 0x3d, 0xe7, 0x3d, 0xe7, 0x3d, 0xef, 0x3c, 0xe7, 0x3c, 0xe7, 0x3c, 0xef, 0x3c, 0xef, 0x3c, 0xef, 0x3c, 0xef, 0x3c, 0xef, 0x3c, 0xef, 0x3c, 0xef, 0x3c, 0xe7, 0x3c, 0xe7, 0x3c, 0xe7, 0x3c, 0xe7, 0x3c, 0xe7, 0x3c, 0xe7, 0x3c, 0xe7, 0x3c, 0xe7, 0x3c, 0xe7, 0x3c, 0xe7, 0x3c, 0xe7, 0x3c, 0xe7, 0x3c, 0xe7, 0x3c, 0xe7, 0x3c, 0xe7, 0x3c, 0xe7, 0x3c, 0xe7, 0x3c, 0xe7, 0x3c, 0xe7, 0x3c, 0xe7, 0x3c, 0xe7, 0x3c, 0xe7, 0x3c, 0xe7, 0x3c, 0xe7, 0x3c, 0xe7, 0x3c, 0xe7, 0x3c, 0xe7, 0x3c, 0xe7, 0x3c, 0xe7, 0x3c, 0xe7, 0x3c, 0xe7, 0x3c, 0xe7, 0x3c, 0xe7, 0x3c, 0xe7, 0x3c, 0xe7, 0x3c, 0xe7, 0x3c, 0xe7, 0x3c, 0xe7, 0x3c, 0xe7, 0x3c, 0xe7, 0x3c, 0xe7, 0x3c, 0xe7, 0x3c, 0xe7, 0x3c, 0xe7, 0x3c, 0xe7, 0x3c, 0xe7, 0x1c, 0xe7, 0x1c, 0xe7, 0x1c, 0xe7, 0x1c, 0xe7, 0x1c, 0xe7, 0x3c, 0xe7, 0x3c, 0xe7, 0x3c, 0xe7, 0x3c, 0xe7, 0x3c, 0xe7, 0x3c, 0xe7, 0x3c, 0xe7, 0x1c, 0xe7, 0x1c, 0xe7, 0x1c, 0xe7, 0x1c, 0xe7, 0x3c, 0xe7, 0x1c, 0xe7, 0x1c, 0xe7, 0x1c, 0xe7, 0x1c, 0xe7, 0x1c, 0xe7, 0x1c, 0xe7, 0x3c, 0xe7, 0x3b, 0xe7, 0x3b, 0xe7, 0x3b, 0xe7, 0x3c, 0xe7, 0x1c, 0xe7, 0x1c, 0xe7, 0x1d, 0xe7, 0x1d, 0xef, 0x1d, 0xef, 0x1d, 0xef, 0x1d, 0xef, 0x1d, 0xef, 0x1c, 0xe7, 0x1c, 0xe7, 0x1c, 0xe7, 0x3b, 0xe7, 0x7a, 0xd7, 0xb9, 0xd7, 0xb9, 0xcf, 0xd9, 0xcf, 0xf8, 0xcf, 0xf8, 0xc7, 0xf8, 0xc7, 0xf8, 0xc7, 
  0xf8, 0xcf, 0xf8, 0xcf, 0xf8, 0xc7, 0xf8, 0xc7, 0xf8, 0xc7, 0xf8, 0xc7, 0xf9, 0xcf, 0xd9, 0xcf, 0xba, 0xd7, 0x9a, 0xdf, 0x7b, 0xe7, 0x5c, 0xe7, 0x3c, 0xef, 0x3d, 0xef, 0x3d, 0xef, 0x3d, 0xe7, 0x5c, 0xe7, 0x5c, 0xe7, 0x5c, 0xe7, 0x5c, 0xe7, 0x5c, 0xe7, 0x5c, 0xe7, 0x5c, 0xe7, 0x5c, 0xe7, 0x3c, 0xe7, 0x5c, 0xe7, 0x5c, 0xe7, 0x5c, 0xe7, 0x5c, 0xe7, 0x5c, 0xe7, 0x5c, 0xe7, 0x5c, 0xe7, 0x5c, 0xe7, 0x5c, 0xe7, 0x5c, 0xe7, 0x5c, 0xe7, 0x5c, 0xe7, 0x5c, 0xe7, 0x5c, 0xe7, 0x5c, 0xe7, 0x5c, 0xe7, 0x5c, 0xe7, 0x5c, 0xe7, 0x5c, 0xe7, 0x5c, 0xe7, 0x5c, 0xe7, 0x5c, 0xe7, 0x5c, 0xe7, 0x5c, 0xe7, 0x5c, 0xe7, 0x5c, 0xe7, 0x5c, 0xe7, 0x5c, 0xe7, 0x5c, 0xe7, 0x5c, 0xe7, 0x5c, 0xe7, 0x3c, 0xe7, 0x3c, 0xe7, 0x3c, 0xe7, 0x3c, 0xe7, 0x3c, 0xe7, 0x3c, 0xe7, 0x3c, 0xe7, 0x3c, 0xe7, 0x3c, 0xe7, 0x3c, 0xe7, 0x3c, 0xe7, 0x3c, 0xe7, 0x3c, 0xe7, 0x3c, 0xe7, 0x3c, 0xe7, 0x3c, 0xe7, 0x3c, 0xe7, 0x3c, 0xe7, 0x3c, 0xe7, 0x3c, 0xe7, 0x3c, 0xe7, 0x3c, 0xe7, 0x3c, 0xe7, 0x3c, 0xe7, 0x3c, 0xe7, 0x3c, 0xe7, 0x3c, 0xe7, 0x3c, 0xe7, 0x3c, 0xe7, 0x3c, 0xe7, 0x3c, 0xe7, 0x3c, 0xe7, 0x3c, 0xe7, 0x3c, 0xe7, 0x3c, 0xe7, 0x3c, 0xe7, 0x3c, 0xe7, 0x3c, 0xe7, 0x3c, 0xe7, 0x3c, 0xe7, 0x3b, 0xe7, 0x3b, 0xe7, 0x3c, 0xe7, 0x1c, 0xe7, 0x1c, 0xef, 0x1c, 0xef, 0xfd, 0xee, 0xfd, 0xee, 0xfd, 0xee, 0xfd, 0xee, 0x1c, 0xef, 0x1c, 0xe7, 0x1c, 0xe7, 0x3c, 0xe7, 0x5c, 0xe7, 0x7b, 0xdf, 0xba, 0xd7, 0xd9, 0xcf, 0xf9, 0xcf, 0xf8, 0xcf, 0xf8, 0xc7, 0xf8, 0xc7, 0xf8, 0xc7, 0xf8, 0xc7, 
  0xf9, 0xcf, 0xf8, 0xcf, 0xf8, 0xc7, 0xf8, 0xc7, 0xf8, 0xc7, 0xf8, 0xc7, 0xf8, 0xc7, 0xf8, 0xcf, 0xd9, 0xcf, 0xb9, 0xd7, 0x9a, 0xdf, 0x7b, 0xe7, 0x5c, 0xe7, 0x5c, 0xe7, 0x3d, 0xe7, 0x3d, 0xe7, 0x5c, 0xe7, 0x5c, 0xe7, 0x5c, 0xe7, 0x5c, 0xe7, 0x5c, 0xe7, 0x5c, 0xe7, 0x5c, 0xe7, 0x5c, 0xe7, 0x3c, 0xe7, 0x3c, 0xe7, 0x3c, 0xe7, 0x5c, 0xe7, 0x5c, 0xe7, 0x5c, 0xe7, 0x5c, 0xe7, 0x5c, 0xe7, 0x5c, 0xe7, 0x5c, 0xe7, 0x5c, 0xe7, 0x5c, 0xe7, 0x5c, 0xe7, 0x5c, 0xe7, 0x5c, 0xe7, 0x5c, 0xe7, 0x3c, 0xe7, 0x3c, 0xe7, 0x3c, 0xe7, 0x3c, 0xe7, 0x3c, 0xe7, 0x3c, 0xe7, 0x3c, 0xe7, 0x3c, 0xe7, 0x3c, 0xe7, 0x3c, 0xe7, 0x3c, 0xe7, 0x3c, 0xe7, 0x3c, 0xe7, 0x3c, 0xe7, 0x3c, 0xe7, 0x3c, 0xe7, 0x3c, 0xe7, 0x3c, 0xe7, 0x3c, 0xe7, 0x3c, 0xe7, 0x3c, 0xe7, 0x3c, 0xe7, 0x3c, 0xe7, 0x3c, 0xe7, 0x3c, 0xe7, 0x3c, 0xe7, 0x3c, 0xe7, 0x3c, 0xe7, 0x3c, 0xe7, 0x3c, 0xe7, 0x3c, 0xe7, 0x3c, 0xe7, 0x3c, 0xe7, 0x3c, 0xe7, 0x3c, 0xe7, 0x3c, 0xe7, 0x3c, 0xe7, 0x3c, 0xe7, 0x3c, 0xe7, 0x3c, 0xe7, 0x3c, 0xe7, 0x3c, 0xe7, 0x3c, 0xe7, 0x3c, 0xe7, 0x3c, 0xe7, 0x3c, 0xe7, 0x3c, 0xe7, 0x3c, 0xe7, 0x3c, 0xe7, 0x3c, 0xe7, 0x3c, 0xe7, 0x3c, 0xe7, 0x3c, 0xe7, 0x3c, 0xe7, 0x3c, 0xe7, 0x3c, 0xe7, 0x3c, 0xe7, 0x3c, 0xe7, 0x1c, 0xe7, 0x1c, 0xef, 0x1c, 0xef, 0xfc, 0xee, 0xfc, 0xee, 0xfc, 0xee, 0xfc, 0xee, 0x1c, 0xef, 0x1b, 0xe7, 0x3b, 0xe7, 0x5b, 0xdf, 0x7b, 0xdf, 0x9b, 0xd7, 0xba, 0xd7, 0xd9, 0xcf, 0xf9, 0xcf, 0xf8, 0xcf, 0xf8, 0xc7, 0xf8, 0xc7, 0xf8, 0xc7, 0xf8, 0xc7, 0xf8, 0xc7, 
  0xf9, 0xcf, 0xf9, 0xcf, 0xf8, 0xc7, 0xf8, 0xc7, 0xf8, 0xc7, 0xf8, 0xbf, 0xf7, 0xc7, 0xf8, 0xc7, 0xf8, 0xcf, 0xd9, 0xcf, 0xb9, 0xd7, 0x9a, 0xdf, 0x7b, 0xdf, 0x5c, 0xe7, 0x5c, 0xe7, 0x5d, 0xe7, 0x5c, 0xe7, 0x5c, 0xe7, 0x5c, 0xe7, 0x3c, 0xe7, 0x3c, 0xe7, 0x3c, 0xe7, 0x3c, 0xef, 0x3d, 0xef, 0x3c, 0xef, 0x3d, 0xef, 0x3d, 0xef, 0x3c, 0xe7, 0x3c, 0xe7, 0x3c, 0xe7, 0x3c, 0xe7, 0x3c, 0xe7, 0x3c, 0xe7, 0x3d, 0xe7, 0x3d, 0xe7, 0x3d, 0xe7, 0x3d, 0xe7, 0x3d, 0xe7, 0x3d, 0xe7, 0x3d, 0xe7, 0x3c, 0xe7, 0x3c, 0xe7, 0x3c, 0xe7, 0x3c, 0xe7, 0x3c, 0xe7, 0x3c, 0xe7, 0x3c, 0xe7, 0x3c, 0xe7, 0x1c, 0xe7, 0x1c, 0xe7, 0x1c, 0xe7, 0x1c, 0xe7, 0x1c, 0xe7, 0x1c, 0xe7, 0x1c, 0xe7, 0x1c, 0xe7, 0x1c, 0xe7, 0x1c, 0xe7, 0x1c, 0xe7, 0x1c, 0xe7, 0x1c, 0xe7, 0x1c, 0xe7, 0x1c, 0xe7, 0x1d, 0xe7, 0x1d, 0xe7, 0x1d, 0xe7, 0x1d, 0xe7, 0x1d, 0xe7, 0x1d, 0xe7, 0x1d, 0xe7, 0x1d, 0xe7, 0x1d, 0xe7, 0x1d, 0xe7, 0x1d, 0xe7, 0x1d, 0xe7, 0x1d, 0xe7, 0x1d, 0xe7, 0x1d, 0xe7, 0x1d, 0xe7, 0x1d, 0xe7, 0x1d, 0xe7, 0x1d, 0xe7, 0x1d, 0xe7, 0x1d, 0xe7, 0x1d, 0xe7, 0x1d, 0xe7, 0x1d, 0xe7, 0x1d, 0xe7, 0x1d, 0xe7, 0x1d, 0xe7, 0x1d, 0xe7, 0x1d, 0xe7, 0x1d, 0xe7, 0x1d, 0xe7, 0x1d, 0xe7, 0x1d, 0xe7, 0x1d, 0xe7, 0x1d, 0xe7, 0x1d, 0xef, 0x1d, 0xef, 0xfd, 0xee, 0xfc, 0xee, 0xfc, 0xee, 0xfc, 0xee, 0x1c, 0xef, 0x3b, 0xe7, 0x5b, 0xdf, 0x7a, 0xdf, 0x9a, 0xd7, 0xba, 0xd7, 0xd9, 0xcf, 0xf9, 0xcf, 0xf9, 0xcf, 0xf8, 0xcf, 0xf8, 0xc7, 0xf8, 0xc7, 0xf8, 0xc7, 0xf8, 0xc7, 0xf8, 0xc7, 0xf8, 0xc7, 
  0xf9, 0xcf, 0xf9, 0xcf, 0xf8, 0xc7, 0xf8, 0xc7, 0xf8, 0xc7, 0xf7, 0xc7, 0xf7, 0xc7, 0xf7, 0xc7, 0xf8, 0xc7, 0xf8, 0xcf, 0xd9, 0xcf, 0xb9, 0xd7, 0xba, 0xd7, 0x9b, 0xdf, 0x7c, 0xdf, 0x7c, 0xe7, 0x5c, 0xe7, 0x5c, 0xe7, 0x5c, 0xe7, 0x3c, 0xe7, 0x3d, 0xe7, 0x3c, 0xe7, 0x3d, 0xef, 0x3d, 0xef, 0x1d, 0xef, 0x1d, 0xef, 0x1d, 0xef, 0x3d, 0xef, 0x3d, 0xef, 0x3d, 0xe7, 0x3d, 0xe7, 0x3d, 0xe7, 0x3d, 0xe7, 0x3d, 0xef, 0x3d, 0xef, 0x3d, 0xef, 0x3d, 0xef, 0x3d, 0xef, 0x3d, 0xef, 0x3d, 0xef, 0x3d, 0xef, 0x3d, 0xef, 0x3d, 0xef, 0x3d, 0xef, 0x3d, 0xef, 0x3d, 0xef, 0x3d, 0xef, 0x3d, 0xef, 0x1d, 0xef, 0x1d, 0xef, 0x1d, 0xef, 0x1d, 0xef, 0x1d, 0xef, 0x1d, 0xef, 0x1d, 0xef, 0x1d, 0xef, 0x1d, 0xef, 0x1d, 0xef, 0x1d, 0xef, 0x1d, 0xef, 0x1d, 0xef, 0x1d, 0xef, 0x1d, 0xef, 0x1d, 0xef, 0x1d, 0xe7, 0x1d, 0xe7, 0x1d, 0xe7, 0x1d, 0xe7, 0x1d, 0xe7, 0x1d, 0xe7, 0x1d, 0xe7, 0x1d, 0xe7, 0x1d, 0xe7, 0x1d, 0xe7, 0x1d, 0xe7, 0x1d, 0xe7, 0x1d, 0xe7, 0x1d, 0xe7, 0x1d, 0xe7, 0x1d, 0xe7, 0x1d, 0xe7, 0x1d, 0xe7, 0x1d, 0xe7, 0x1d, 0xe7, 0x1d, 0xe7, 0x1d, 0xe7, 0x1d, 0xe7, 0x1d, 0xe7, 0x1d, 0xe7, 0x1d, 0xe7, 0x1d, 0xe7, 0x1d, 0xe7, 0x1d, 0xe7, 0x1d, 0xe7, 0x1d, 0xe7, 0x1d, 0xe7, 0x1d, 0xe7, 0x1d, 0xe7, 0x1d, 0xe7, 0x1c, 0xef, 0x1c, 0xef, 0x1c, 0xef, 0x1c, 0xe7, 0x3b, 0xe7, 0x5b, 0xe7, 0x7a, 0xdf, 0x9a, 0xdf, 0xb9, 0xd7, 0xd9, 0xcf, 0xf9, 0xcf, 0xf8, 0xc7, 0xf8, 0xc7, 0xf8, 0xc7, 0xf8, 0xc7, 0xf8, 0xc7, 0xf8, 0xc7, 0xf8, 0xc7, 0xf8, 0xc7, 0xf8, 0xc7, 0xf8, 0xc7, 
  0xf8, 0xc7, 0xf8, 0xc7, 0xf8, 0xc7, 0xf8, 0xc7, 0xf8, 0xc7, 0xf8, 0xc7, 0xf8, 0xc7, 0xf8, 0xc7, 0xf8, 0xc7, 0xf8, 0xc7, 0xf8, 0xc7, 0xd9, 0xcf, 0xda, 0xcf, 0xba, 0xd7, 0xba, 0xd7, 0x9b, 0xdf, 0x7b, 0xdf, 0x5c, 0xdf, 0x5c, 0xe7, 0x5c, 0xe7, 0x3c, 0xe7, 0x3c, 0xe7, 0x3c, 0xe7, 0x3c, 0xe7, 0x3c, 0xe7, 0x3d, 0xef, 0x3d, 0xef, 0x3d, 0xe7, 0x3c, 0xe7, 0x3c, 0xe7, 0x3c, 0xe7, 0x3d, 0xe7, 0x3d, 0xe7, 0x3d, 0xe7, 0x3d, 0xe7, 0x3d, 0xe7, 0x3d, 0xe7, 0x3d, 0xe7, 0x3d, 0xe7, 0x3d, 0xe7, 0x3d, 0xe7, 0x3d, 0xe7, 0x3d, 0xe7, 0x3d, 0xe7, 0x3d, 0xe7, 0x3d, 0xe7, 0x3d, 0xe7, 0x3d, 0xe7, 0x3d, 0xef, 0x3d, 0xef, 0x3d, 0xef, 0x3d, 0xef, 0x3d, 0xef, 0x3d, 0xef, 0x3d, 0xef, 0x3d, 0xef, 0x3d, 0xef, 0x3d, 0xef, 0x3d, 0xef, 0x3d, 0xef, 0x3d, 0xef, 0x3d, 0xef, 0x3d, 0xef, 0x3d, 0xef, 0x1d, 0xe7, 0x1d, 0xe7, 0x1d, 0xe7, 0x1d, 0xe7, 0x1d, 0xe7, 0x1d, 0xe7, 0x1d, 0xe7, 0x1d, 0xe7, 0x1d, 0xe7, 0x1d, 0xe7, 0x1d, 0xe7, 0x1d, 0xe7, 0x1d, 0xe7, 0x1d, 0xe7, 0x1d, 0xe7, 0x1d, 0xe7, 0x1d, 0xe7, 0x1d, 0xe7, 0x1d, 0xe7, 0x1d, 0xe7, 0x1d, 0xe7, 0x1d, 0xe7, 0x1d, 0xe7, 0x1d, 0xe7, 0x1d, 0xe7, 0x1d, 0xe7, 0x1d, 0xe7, 0x1d, 0xe7, 0x1d, 0xe7, 0x1d, 0xe7, 0x1d, 0xe7, 0x1c, 0xe7, 0x1c, 0xe7, 0x3c, 0xe7, 0x3c, 0xe7, 0x3c, 0xe7, 0x3b, 0xe7, 0x5b, 0xe7, 0x5b, 0xdf, 0x7a, 0xdf, 0x9a, 0xd7, 0xb9, 0xd7, 0xd9, 0xd7, 0xf9, 0xcf, 0xf8, 0xcf, 0xf8, 0xc7, 0xf8, 0xc7, 0xf8, 0xc7, 0xf8, 0xc7, 0xf8, 0xc7, 0xf8, 0xc7, 0xf8, 0xc7, 0xf8, 0xc7, 0xf8, 0xc7, 0xf8, 0xc7, 0xf8, 0xc7, 
  0xf8, 0xc7, 0xf8, 0xc7, 0xf8, 0xc7, 0xf8, 0xc7, 0xf8, 0xc7, 0xf8, 0xc7, 0xf8, 0xc7, 0xf8, 0xc7, 0xf8, 0xc7, 0xf8, 0xc7, 0xf8, 0xc7, 0xf9, 0xc7, 0xf9, 0xcf, 0xd9, 0xcf, 0xd9, 0xcf, 0xba, 0xd7, 0x9a, 0xd7, 0x9b, 0xdf, 0x7b, 0xdf, 0x7b, 0xdf, 0x7b, 0xdf, 0x7b, 0xdf, 0x5b, 0xdf, 0x5b, 0xdf, 0x5b, 0xe7, 0x5b, 0xe7, 0x5b, 0xe7, 0x5b, 0xe7, 0x5b, 0xdf, 0x5b, 0xdf, 0x5b, 0xdf, 0x5b, 0xdf, 0x5c, 0xdf, 0x5c, 0xdf, 0x5c, 0xdf, 0x5c, 0xdf, 0x5c, 0xdf, 0x5c, 0xdf, 0x5c, 0xdf, 0x5c, 0xdf, 0x5c, 0xdf, 0x5c, 0xdf, 0x5c, 0xdf, 0x5c, 0xdf, 0x5c, 0xdf, 0x5c, 0xdf, 0x5c, 0xdf, 0x5c, 0xdf, 0x5c, 0xe7, 0x5c, 0xe7, 0x5c, 0xe7, 0x5c, 0xe7, 0x5c, 0xe7, 0x5c, 0xe7, 0x5c, 0xe7, 0x5c, 0xe7, 0x5c, 0xe7, 0x5c, 0xe7, 0x5c, 0xe7, 0x5c, 0xe7, 0x5c, 0xe7, 0x5c, 0xe7, 0x5c, 0xe7, 0x5c, 0xe7, 0x3c, 0xdf, 0x3c, 0xdf, 0x3c, 0xdf, 0x3c, 0xdf, 0x3c, 0xdf, 0x3c, 0xdf, 0x3c, 0xdf, 0x3c, 0xdf, 0x3c, 0xdf, 0x3c, 0xdf, 0x3c, 0xdf, 0x3c, 0xdf, 0x3c, 0xdf, 0x3c, 0xdf, 0x3c, 0xdf, 0x3c, 0xdf, 0x3c, 0xdf, 0x3c, 0xdf, 0x3c, 0xdf, 0x3c, 0xdf, 0x3c, 0xdf, 0x3c, 0xdf, 0x3c, 0xdf, 0x3c, 0xdf, 0x3c, 0xdf, 0x3c, 0xdf, 0x3c, 0xdf, 0x3c, 0xdf, 0x3c, 0xdf, 0x3c, 0xdf, 0x3c, 0xdf, 0x3b, 0xdf, 0x3b, 0xdf, 0x5b, 0xdf, 0x5b, 0xdf, 0x7b, 0xdf, 0x7a, 0xdf, 0x9a, 0xdf, 0x9a, 0xd7, 0xba, 0xd7, 0xb9, 0xcf, 0xd9, 0xcf, 0xf9, 0xcf, 0xf9, 0xc7, 0xf8, 0xc7, 0xf8, 0xc7, 0xf8, 0xc7, 0xf8, 0xc7, 0xf8, 0xc7, 0xf8, 0xc7, 0xf8, 0xc7, 0xf8, 0xc7, 0xf8, 0xc7, 0xf8, 0xc7, 0xf8, 0xc7, 0xf8, 0xc7, 
  0xf8, 0xbf, 0xf8, 0xbf, 0xf8, 0xc7, 0xf8, 0xc7, 0xf8, 0xcf, 0xf8, 0xcf, 0xf8, 0xcf, 0xf8, 0xc7, 0xf8, 0xc7, 0xf8, 0xc7, 0xf8, 0xc7, 0xf8, 0xc7, 0xf8, 0xc7, 0xf8, 0xc7, 0xf8, 0xc7, 0xf8, 0xcf, 0xf9, 0xcf, 0xd9, 0xcf, 0xd9, 0xcf, 0xd9, 0xcf, 0xb9, 0xd7, 0xb9, 0xd7, 0xb9, 0xd7, 0x9a, 0xd7, 0x9a, 0xd7, 0x9a, 0xd7, 0x9a, 0xd7, 0x9a, 0xd7, 0x9a, 0xd7, 0x9a, 0xd7, 0x9a, 0xd7, 0x9a, 0xd7, 0x9a, 0xd7, 0x9a, 0xd7, 0x9a, 0xd7, 0x9a, 0xd7, 0x9a, 0xd7, 0x9a, 0xd7, 0x9a, 0xd7, 0x9a, 0xd7, 0x9a, 0xd7, 0x9a, 0xd7, 0x9a, 0xd7, 0x9a, 0xd7, 0x9a, 0xd7, 0x9a, 0xd7, 0x9a, 0xd7, 0x9a, 0xd7, 0x9a, 0xd7, 0x9a, 0xd7, 0x9a, 0xd7, 0x9a, 0xd7, 0x9a, 0xd7, 0x9a, 0xd7, 0x9a, 0xd7, 0x9a, 0xd7, 0x9a, 0xd7, 0x9a, 0xd7, 0x9a, 0xd7, 0x9a, 0xd7, 0x9a, 0xd7, 0x9a, 0xd7, 0x9a, 0xd7, 0x9a, 0xd7, 0x9a, 0xd7, 0x9a, 0xd7, 0x9a, 0xd7, 0x9a, 0xd7, 0x9a, 0xd7, 0x9a, 0xd7, 0x9a, 0xd7, 0x9a, 0xd7, 0x9a, 0xd7, 0x9a, 0xd7, 0x9a, 0xd7, 0x9a, 0xd7, 0x9a, 0xd7, 0x9a, 0xd7, 0x9a, 0xd7, 0x9a, 0xd7, 0x9a, 0xd7, 0x9a, 0xd7, 0x9a, 0xd7, 0x9a, 0xd7, 0x9a, 0xd7, 0x9a, 0xd7, 0x9a, 0xd7, 0x9a, 0xd7, 0x9a, 0xd7, 0x9a, 0xd7, 0x9a, 0xd7, 0x9a, 0xd7, 0x9a, 0xd7, 0x9a, 0xd7, 0x9a, 0xd7, 0x9a, 0xd7, 0x9a, 0xd7, 0x9a, 0xd7, 0x9a, 0xd7, 0xba, 0xd7, 0xb9, 0xd7, 0xd9, 0xcf, 0xd9, 0xcf, 0xf9, 0xcf, 0xf9, 0xc7, 0xf9, 0xc7, 0xf9, 0xc7, 0xf9, 0xc7, 0xf9, 0xc7, 0xf9, 0xc7, 0xf9, 0xc7, 0xf8, 0xc7, 0xf8, 0xc7, 0xf8, 0xc7, 0xf8, 0xc7, 0xf8, 0xc7, 0xf8, 0xc7, 0xf8, 0xc7, 0xf8, 0xc7, 0xf8, 0xc7, 
  0xf7, 0xbf, 0xf7, 0xbf, 0xf8, 0xc7, 0xf8, 0xc7, 0xf8, 0xcf, 0xf8, 0xcf, 0xf8, 0xcf, 0xf8, 0xcf, 0xf9, 0xc7, 0xf8, 0xc7, 0xf8, 0xc7, 0xf8, 0xc7, 0xf8, 0xc7, 0xf8, 0xc7, 0xf8, 0xc7, 0xf7, 0xc7, 0xf8, 0xc7, 0xf8, 0xc7, 0xf8, 0xcf, 0xf8, 0xcf, 0xf8, 0xcf, 0xd8, 0xcf, 0xd9, 0xcf, 0xd9, 0xcf, 0xd9, 0xd7, 0xd9, 0xd7, 0xd9, 0xd7, 0xd9, 0xd7, 0xd9, 0xd7, 0xd9, 0xd7, 0xd9, 0xd7, 0xd9, 0xd7, 0xd9, 0xd7, 0xd9, 0xd7, 0xd9, 0xd7, 0xd9, 0xd7, 0xd9, 0xd7, 0xd9, 0xd7, 0xd9, 0xd7, 0xd9, 0xd7, 0xb9, 0xd7, 0xb9, 0xd7, 0xb9, 0xd7, 0xb9, 0xd7, 0xb9, 0xd7, 0xb9, 0xd7, 0xb9, 0xd7, 0xb9, 0xd7, 0xd9, 0xd7, 0xd9, 0xd7, 0xd9, 0xd7, 0xd9, 0xd7, 0xd9, 0xd7, 0xd9, 0xd7, 0xd9, 0xd7, 0xd9, 0xd7, 0xd9, 0xd7, 0xd9, 0xd7, 0xd9, 0xd7, 0xd9, 0xd7, 0xd9, 0xd7, 0xd9, 0xd7, 0xd9, 0xd7, 0xd9, 0xd7, 0xd9, 0xd7, 0xd9, 0xd7, 0xd9, 0xd7, 0xd9, 0xd7, 0xd9, 0xd7, 0xd9, 0xd7, 0xd9, 0xd7, 0xd9, 0xd7, 0xd9, 0xd7, 0xd9, 0xd7, 0xd9, 0xd7, 0xd9, 0xd7, 0xd9, 0xd7, 0xd9, 0xd7, 0xd9, 0xd7, 0xd9, 0xd7, 0xd9, 0xd7, 0xd9, 0xd7, 0xd9, 0xd7, 0xd9, 0xd7, 0xd9, 0xd7, 0xd9, 0xd7, 0xd9, 0xd7, 0xd9, 0xd7, 0xb9, 0xd7, 0xb9, 0xd7, 0xb9, 0xd7, 0xb9, 0xd7, 0xb9, 0xd7, 0xb9, 0xd7, 0xb9, 0xd7, 0xb9, 0xd7, 0xb9, 0xd7, 0xb9, 0xd7, 0xd9, 0xd7, 0xd9, 0xcf, 0xf9, 0xcf, 0xf9, 0xcf, 0xf9, 0xc7, 0xf8, 0xc7, 0xf8, 0xc7, 0xf9, 0xc7, 0xf9, 0xc7, 0xf9, 0xc7, 0xf9, 0xc7, 0xf9, 0xc7, 0xf9, 0xc7, 0xf9, 0xc7, 0xf8, 0xc7, 0xf8, 0xc7, 0xf8, 0xc7, 0xf8, 0xc7, 0xf8, 0xc7, 0xf8, 0xc7, 0xf8, 0xc7, 0xf8, 0xc7, 
#endif
#if LV_COLOR_DEPTH == 16 && LV_COLOR_16_SWAP != 0
  /*Pixel format: Red: 5 bit, Green: 6 bit, Blue: 5 bit BUT the 2 bytes are swapped*/
  0xc7, 0xf8, 0xc7, 0xf8, 0xc7, 0xf8, 0xc7, 0xf8, 0xc7, 0xf8, 0xc7, 0xf8, 0xc7, 0xf8, 0xc7, 0xf8, 0xc7, 0xf8, 0xc7, 0xf8, 0xc7, 0xf8, 0xc7, 0xf8, 0xc7, 0xf8, 0xc7, 0xf8, 0xc7, 0xf8, 0xc7, 0xf8, 0xc7, 0xf8, 0xc7, 0xf8, 0xc7, 0xf8, 0xc7, 0xf8, 0xc7, 0xf8, 0xc7, 0xf8, 0xc7, 0xf8, 0xc7, 0xf8, 0xc7, 0xf8, 0xc7, 0xf8, 0xc7, 0xf8, 0xc7, 0xf8, 0xc7, 0xf8, 0xc7, 0xf8, 0xc7, 0xf8, 0xc7, 0xf8, 0xc7, 0xf9, 0xcf, 0xf9, 0xcf, 0xf9, 0xc7, 0xf9, 0xc7, 0xf9, 0xc7, 0xf8, 0xc7, 0xf8, 0xc7, 0xf8, 0xc7, 0xf8, 0xc7, 0xf8, 0xc7, 0xf8, 0xc7, 0xf8, 0xc7, 0xf8, 0xc7, 0xf8, 0xc7, 0xf7, 0xc7, 0xf8, 0xc7, 0xf9, 0xc7, 0xf9, 0xc7, 0xf8, 0xc7, 0xf8, 0xcf, 0xf8, 0xcf, 0xf8, 0xc7, 0xf7, 0xc7, 0xf7, 0xc7, 0xf8, 0xc7, 0xf8, 0xbf, 0xf8, 0xbf, 0xf8, 0xc7, 0xf9, 0xc7, 0xd9, 0xcf, 0xd9, 0xd7, 0xb9, 0xd7, 0xba, 0xdf, 0x9a, 0xdf, 0x9b, 0xdf, 0x9b, 0xe7, 0x9b, 0xe7, 0x9c, 0xe7, 0x9c, 0xe7, 0x9c, 0xef, 0x9d, 0xef, 0x9d, 0xef, 0x9d, 0xe7, 0x9c, 0xe7, 0x9c, 0xe7, 0x9c, 0xe7, 0x9c, 0xe7, 0x9c, 0xdf, 0xbb, 0xd7, 0xda, 0xd7, 0xba, 0xd7, 0xda, 0xcf, 0xd9, 0xcf, 0xd9, 0xcf, 0xf9, 0xcf, 0xf8, 0xc7, 0xf8, 0xc7, 0xf8, 0xc7, 0xf8, 0xc7, 0xf8, 0xc7, 0xf8, 0xc7, 0xf8, 0xc7, 0xf8, 0xc7, 0xf8, 0xc7, 0xf8, 0xc7, 0xf8, 0xc7, 0xf8, 0xc7, 0xf8, 0xc7, 0xf8, 0xc7, 0xf8, 0xc7, 0xf8, 0xc7, 0xf8, 0xc7, 0xf8, 0xc7, 0xf8, 0xc7, 0xf8, 0xc7, 0xf8, 0xc7, 0xf8, 0xc7, 0xf8, 0xc7, 0xf9, 0xc7, 0xf9, 0xc7, 0xf8, 0xc7, 0xf8, 0xc7, 0xf8, 0xc7, 0xf8, 0xc7, 0xf8, 0xc7, 0xf8, 0xc7, 0xf8, 0xc7, 0xf8, 
  0xc7, 0xf8, 0xc7, 0xf8, 0xc7, 0xf8, 0xc7, 0xf8, 0xc7, 0xf8, 0xc7, 0xf8, 0xc7, 0xf8, 0xc7, 0xf8, 0xc7, 0xf8, 0xc7, 0xf8, 0xc7, 0xf8, 0xc7, 0xf8, 0xc7, 0xf8, 0xc7, 0xf8, 0xc7, 0xf8, 0xc7, 0xf8, 0xc7, 0xf8, 0xc7, 0xf8, 0xc7, 0xf8, 0xc7, 0xf8, 0xc7, 0xf8, 0xc7, 0xf8, 0xc7, 0xf8, 0xc7, 0xf8, 0xc7, 0xf8, 0xc7, 0xf8, 0xc7, 0xf8, 0xc7, 0xf8, 0xc7, 0xf8, 0xc7, 0xf8, 0xc7, 0xf8, 0xc7, 0xf8, 0xc7, 0xf8, 0xc7, 0xf9, 0xc7, 0xf9, 0xc7, 0xf8, 0xc7, 0xf8, 0xc7, 0xf8, 0xc7, 0xf8, 0xc7, 0xf8, 0xc7, 0xf8, 0xc7, 0xf8, 0xc7, 0xf8, 0xc7, 0xf8, 0xc7, 0xf8, 0xc7, 0xf8, 0xc7, 0xf8, 0xc7, 0xf8, 0xc7, 0xf8, 0xc7, 0xf9, 0xc7, 0xf8, 0xc7, 0xf8, 0xcf, 0xf8, 0xcf, 0xf8, 0xc7, 0xf8, 0xc7, 0xf7, 0xc7, 0xf8, 0xc7, 0xf8, 0xc7, 0xf8, 0xc7, 0xf8, 0xc7, 0xf9, 0xcf, 0xd9, 0xd7, 0xda, 0xd7, 0xba, 0xdf, 0xdb, 0xdf, 0xbb, 0xe7, 0xbb, 0xe7, 0xbc, 0xe7, 0xbc, 0xe7, 0xbc, 0xef, 0xbc, 0xef, 0x9d, 0xef, 0x9d, 0xef, 0x9d, 0xef, 0x9d, 0xe7, 0x9c, 0xe7, 0x9c, 0xe7, 0x9c, 0xe7, 0x9c, 0xe7, 0x9c, 0xdf, 0xbb, 0xdf, 0xdb, 0xdf, 0xdb, 0xd7, 0xda, 0xd7, 0xda, 0xd7, 0xd9, 0xcf, 0xd9, 0xcf, 0xf9, 0xcf, 0xf8, 0xc7, 0xf8, 0xc7, 0xf8, 0xc7, 0xf8, 0xc7, 0xf8, 0xc7, 0xf8, 0xc7, 0xf8, 0xc7, 0xf8, 0xc7, 0xf8, 0xc7, 0xf8, 0xc7, 0xf8, 0xc7, 0xf8, 0xc7, 0xf8, 0xc7, 0xf8, 0xc7, 0xf8, 0xc7, 0xf8, 0xc7, 0xf8, 0xc7, 0xf8, 0xc7, 0xf8, 0xc7, 0xf8, 0xc7, 0xf8, 0xc7, 0xf8, 0xc7, 0xf9, 0xc7, 0xf8, 0xc7, 0xf8, 0xc7, 0xf8, 0xc7, 0xf8, 0xc7, 0xf8, 0xc7, 0xf8, 0xc7, 0xf8, 0xc7, 0xf8, 0xc7, 0xf8, 
  0xc7, 0xf8, 0xc7, 0xf8, 0xc7, 0xf8, 0xc7, 0xf8, 0xc7, 0xf8, 0xc7, 0xf8, 0xc7, 0xf8, 0xc7, 0xf8, 0xc7, 0xf8, 0xc7, 0xf8, 0xc7, 0xf8, 0xc7, 0xf8, 0xc7, 0xf8, 0xc7, 0xf8, 0xc7, 0xf8, 0xc7, 0xf8, 0xc7, 0xf8, 0xc7, 0xf8, 0xc7, 0xf8, 0xc7, 0xf8, 0xc7, 0xf8, 0xc7, 0xf8, 0xc7, 0xf8, 0xc7, 0xf8, 0xc7, 0xf8, 0xc7, 0xf8, 0xc7, 0xf8, 0xc7, 0xf8, 0xc7, 0xf8, 0xc7, 0xf8, 0xc7, 0xf8, 0xc7, 0xf8, 0xc7, 0xf8, 0xc7, 0xf8, 0xc7, 0xf8, 0xc7, 0xf8, 0xc7, 0xf8, 0xc7, 0xf8, 0xc7, 0xf8, 0xc7, 0xf8, 0xc7, 0xf8, 0xc7, 0xf8, 0xc7, 0xf8, 0xc7, 0xf8, 0xc7, 0xf8, 0xc7, 0xf8, 0xc7, 0xf8, 0xc7, 0xf8, 0xc7, 0xf8, 0xc7, 0xf8, 0xc7, 0xf8, 0xc7, 0xf8, 0xc7, 0xf8, 0xc7, 0xf8, 0xc7, 0xf8, 0xc7, 0xf8, 0xc7, 0xf8, 0xc7, 0xf8, 0xcf, 0xf9, 0xcf, 0xd9, 0xd7, 0xda, 0xd7, 0xda, 0xdf, 0xbb, 0xdf, 0xbb, 0xe7, 0xbb, 0xe7, 0xbc, 0xe7, 0xbc, 0xe7, 0xbc, 0xe7, 0x9c, 0xe7, 0x9c, 0xef, 0x9d, 0xef, 0x9d, 0xef, 0x7d, 0xef, 0x7d, 0xef, 0x7d, 0xef, 0x9d, 0xef, 0x9d, 0xe7, 0x9c, 0xe7, 0x9c, 0xe7, 0x9c, 0xe7, 0xbc, 0xe7, 0xbc, 0xe7, 0xbc, 0xdf, 0xbb, 0xdf, 0xdb, 0xd7, 0xdb, 0xd7, 0xda, 0xd7, 0xda, 0xcf, 0xd9, 0xcf, 0xd9, 0xcf, 0xf8, 0xc7, 0xf8, 0xc7, 0xf8, 0xc7, 0xf8, 0xc7, 0xf8, 0xc7, 0xf8, 0xc7, 0xf8, 0xc7, 0xf8, 0xc7, 0xf8, 0xc7, 0xf8, 0xc7, 0xf8, 0xc7, 0xf8, 0xc7, 0xf8, 0xc7, 0xf8, 0xc7, 0xf8, 0xc7, 0xf8, 0xc7, 0xf8, 0xc7, 0xf8, 0xc7, 0xf8, 0xc7, 0xf8, 0xc7, 0xf8, 0xc7, 0xf8, 0xc7, 0xf8, 0xc7, 0xf8, 0xc7, 0xf8, 0xc7, 0xf8, 0xc7, 0xf8, 0xc7, 0xf8, 0xc7, 0xf8, 0xc7, 0xf8, 
  0xc7, 0xf8, 0xc7, 0xf8, 0xc7, 0xf8, 0xc7, 0xf8, 0xc7, 0xf8, 0xc7, 0xf8, 0xc7, 0xf8, 0xc7, 0xf8, 0xc7, 0xf8, 0xc7, 0xf8, 0xc7, 0xf8, 0xc7, 0xf8, 0xc7, 0xf8, 0xc7, 0xf8, 0xc7, 0xf8, 0xc7, 0xf8, 0xc7, 0xf8, 0xc7, 0xf8, 0xc7, 0xf8, 0xc7, 0xf8, 0xc7, 0xf8, 0xc7, 0xf8, 0xc7, 0xf8, 0xc7, 0xf8, 0xc7, 0xf8, 0xc7, 0xf8, 0xc7, 0xf8, 0xc7, 0xf8, 0xc7, 0xf8, 0xc7, 0xf8, 0xc7, 0xf8, 0xc7, 0xf8, 0xc7, 0xf8, 0xc7, 0xf8, 0xc7, 0xf8, 0xc7, 0xf8, 0xc7, 0xf8, 0xc7, 0xf8, 0xc7, 0xf8, 0xc7, 0xf8, 0xc7, 0xf8, 0xc7, 0xf8, 0xc7, 0xf8, 0xc7, 0xf8, 0xc7, 0xf8, 0xc7, 0xf8, 0xc7, 0xf8, 0xc7, 0xf8, 0xc7, 0xf8, 0xc7, 0xf8, 0xc7, 0xf8, 0xc7, 0xf8, 0xc7, 0xf8, 0xc7, 0xf8, 0xc7, 0xf8, 0xc7, 0xf8, 0xc7, 0xf9, 0xcf, 0xd9, 0xd7, 0xda, 0xd7, 0xda, 0xdf, 0xbb, 0xdf, 0xbb, 0xe7, 0xbc, 0xe7, 0xbc, 0xe7, 0xbc, 0xe7, 0xbc, 0xe7, 0x9c, 0xe7, 0x9c, 0xe7, 0x9c, 0xef, 0x9d, 0xef, 0x7d, 0xef, 0x7d, 0xef, 0x7d, 0xef, 0x7d, 0xef, 0x7d, 0xef, 0x7d, 0xef, 0x7d, 0xef, 0x9d, 0xef, 0x9d, 0xe7, 0x9d, 0xe7, 0x9d, 0xe7, 0x9c, 0xe7, 0x9c, 0xe7, 0xbc, 0xe7, 0xbc, 0xe7, 0xbc, 0xdf, 0xdb, 0xdf, 0xdb, 0xd7, 0xda, 0xd7, 0xda, 0xcf, 0xd9, 0xcf, 0xf9, 0xc7, 0xf8, 0xc7, 0xf8, 0xc7, 0xf8, 0xc7, 0xf8, 0xc7, 0xf8, 0xc7, 0xf8, 0xc7, 0xf8, 0xc7, 0xf8, 0xc7, 0xf8, 0xc7, 0xf8, 0xc7, 0xf8, 0xc7, 0xf8, 0xc7, 0xf8, 0xc7, 0xf8, 0xc7, 0xf8, 0xc7, 0xf8, 0xc7, 0xf8, 0xc7, 0xf8, 0xc7, 0xf8, 0xc7, 0xf8, 0xc7, 0xf8, 0xc7, 0xf8, 0xc7, 0xf8, 0xc7, 0xf8, 0xc7, 0xf8, 0xc7, 0xf8, 0xc7, 0xf8, 0xc7, 0xf8, 
  0xc7, 0xf8, 0xc7, 0xf8, 0xc7, 0xf8, 0xc7, 0xf8, 0xc7, 0xf8, 0xc7, 0xf8, 0xc7, 0xf8, 0xc7, 0xf8, 0xc7, 0xf8, 0xc7, 0xf8, 0xc7, 0xf8, 0xc7, 0xf8, 0xc7, 0xf8, 0xc7, 0xf8, 0xc7, 0xf8, 0xc7, 0xf8, 0xc7, 0xf8, 0xc7, 0xf8, 0xc7, 0xf8, 0xc7, 0xf8, 0xc7, 0xf8, 0xc7, 0xf8, 0xc7, 0xf8, 0xc7, 0xf8, 0xc7, 0xf8, 0xc7, 0xf8, 0xc7, 0xf8, 0xc7, 0xf8, 0xc7, 0xf8, 0xc7, 0xf8, 0xc7, 0xf8, 0xc7, 0xf8, 0xc7, 0xf8, 0xc7, 0xf8, 0xc7, 0xf8, 0xc7, 0xf8, 0xc7, 0xf8, 0xc7, 0xf8, 0xc7, 0xf8, 0xc7, 0xf8, 0xc7, 0xf8, 0xc7, 0xf8, 0xc7, 0xf8, 0xc7, 0xf8, 0xc7, 0xf8, 0xc7, 0xf8, 0xc7, 0xf8, 0xc7, 0xf8, 0xc7, 0xf7, 0xc7, 0xf7, 0xc7, 0xf7, 0xc7, 0xf8, 0xc7, 0xf8, 0xc7, 0xf8, 0xc7, 0xf9, 0xc7, 0xf9, 0xcf, 0xda, 0xd7, 0xda, 0xdf, 0xbb, 0xe7, 0xbb, 0xe7, 0xbc, 0xef, 0x9c, 0xef, 0x9c, 0xef, 0x9d, 0xef, 0x9c, 0xe7, 0x9c, 0xef, 0x9d, 0xef, 0x9d, 0xef, 0x9d, 0xef, 0x7d, 0xef, 0x7d, 0xef, 0x7d, 0xef, 0x7d, 0xef, 0x7d, 0xef, 0x7d, 0xef, 0x7d, 0xef, 0x7d, 0xef, 0x7d, 0xef, 0x7d, 0xef, 0x9d, 0xef, 0x7d, 0xef, 0x7d, 0xef, 0x9d, 0xef, 0x9d, 0xef, 0x9d, 0xe7, 0xbd, 0xe7, 0xbc, 0xe7, 0xdc, 0xdf, 0xbb, 0xdf, 0xdb, 0xd7, 0xda, 0xcf, 0xd9, 0xcf, 0xf9, 0xcf, 0xf8, 0xc7, 0xf8, 0xc7, 0xf8, 0xc7, 0xf8, 0xc7, 0xf8, 0xc7, 0xf8, 0xc7, 0xf8, 0xc7, 0xf8, 0xc7, 0xf8, 0xc7, 0xf8, 0xc7, 0xf8, 0xc7, 0xf8, 0xc7, 0xf8, 0xc7, 0xf8, 0xc7, 0xf8, 0xc7, 0xf8, 0xc7, 0xf8, 0xc7, 0xf8, 0xc7, 0xf8, 0xc7, 0xf8, 0xc7, 0xf8, 0xc7, 0xf8, 0xc7, 0xf8, 0xc7, 0xf8, 0xc7, 0xf8, 0xc7, 0xf8, 0xc7, 0xf8, 
  0xc7, 0xf8, 0xc7, 0xf8, 0xc7, 0xf8, 0xc7, 0xf8, 0xc7, 0xf8, 0xc7, 0xf8, 0xc7, 0xf8, 0xc7, 0xf8, 0xc7, 0xf8, 0xc7, 0xf8, 0xc7, 0xf8, 0xc7, 0xf8, 0xc7, 0xf8, 0xc7, 0xf8, 0xc7, 0xf8, 0xc7, 0xf8, 0xc7, 0xf8, 0xc7, 0xf8, 0xc7, 0xf8, 0xc7, 0xf8, 0xc7, 0xf8, 0xc7, 0xf8, 0xc7, 0xf8, 0xc7, 0xf8, 0xc7, 0xf8, 0xc7, 0xf8, 0xc7, 0xf8, 0xc7, 0xf8, 0xc7, 0xf8, 0xc7, 0xf8, 0xc7, 0xf8, 0xc7, 0xf8, 0xc7, 0xf8, 0xc7, 0xf8, 0xc7, 0xf8, 0xc7, 0xf8, 0xc7, 0xf8, 0xc7, 0xf8, 0xc7, 0xf8, 0xc7, 0xf8, 0xc7, 0xf8, 0xc7, 0xf8, 0xc7, 0xf8, 0xc7, 0xf8, 0xc7, 0xf8, 0xc7, 0xf8, 0xc7, 0xf8, 0xc7, 0xf8, 0xc7, 0xf7, 0xc7, 0xf7, 0xc7, 0xf7, 0xc7, 0xf8, 0xc7, 0xf8, 0xc7, 0xf8, 0xc7, 0xf9, 0xcf, 0xda, 0xd7, 0xdb, 0xdf, 0xbb, 0xe7, 0xbc, 0xef, 0x9c, 0xef, 0x9d, 0xef, 0x7d, 0xef, 0x7d, 0xef, 0x7d, 0xef, 0x9d, 0xef, 0x9d, 0xef, 0x9d, 0xef, 0x9d, 0xef, 0x7d, 0xef, 0x7d, 0xef, 0x7d, 0xef, 0x7d, 0xef, 0x7d, 0xef, 0x7d, 0xef, 0x7d, 0xef, 0x7d, 0xef, 0x7d, 0xef, 0x7d, 0xef, 0x7d, 0xef, 0x7d, 0xef, 0x7d, 0xef, 0x7d, 0xef, 0x7e, 0xef, 0x7d, 0xef, 0x7d, 0xef, 0x7d, 0xef, 0x9d, 0xe7, 0x9d, 0xe7, 0xbc, 0xdf, 0xbc, 0xdf, 0xdb, 0xd7, 0xda, 0xd7, 0xda, 0xcf, 0xd9, 0xcf, 0xf9, 0xc7, 0xf8, 0xc7, 0xf8, 0xc7, 0xf7, 0xc7, 0xf8, 0xc7, 0xf8, 0xc7, 0xf8, 0xc7, 0xf8, 0xc7, 0xf8, 0xc7, 0xf8, 0xc7, 0xf8, 0xc7, 0xf8, 0xc7, 0xf8, 0xc7, 0xf8, 0xc7, 0xf8, 0xc7, 0xf8, 0xc7, 0xf8, 0xc7, 0xf8, 0xc7, 0xf8, 0xc7, 0xf8, 0xc7, 0xf8, 0xc7, 0xf8, 0xc7, 0xf8, 0xc7, 0xf8, 0xc7, 0xf8, 0xc7, 0xf8, 
  0xc7, 0xf8, 0xc7, 0xf8, 0xc7, 0xf8, 0xc7, 0xf8, 0xc7, 0xf8, 0xc7, 0xf8, 0xc7, 0xf8, 0xc7, 0xf8, 0xc7, 0xf8, 0xc7, 0xf8, 0xc7, 0xf8, 0xc7, 0xf8, 0xc7, 0xf8, 0xc7, 0xf8, 0xc7, 0xf8, 0xc7, 0xf8, 0xc7, 0xf8, 0xc7, 0xf8, 0xc7, 0xf8, 0xc7, 0xf8, 0xc7, 0xf8, 0xc7, 0xf8, 0xc7, 0xf8, 0xc7, 0xf8, 0xc7, 0xf8, 0xc7, 0xf8, 0xc7, 0xf8, 0xc7, 0xf8, 0xc7, 0xf8, 0xc7, 0xf8, 0xc7, 0xf8, 0xc7, 0xf8, 0xc7, 0xf8, 0xc7, 0xf8, 0xc7, 0xf8, 0xc7, 0xf8, 0xc7, 0xf8, 0xc7, 0xf8, 0xc7, 0xf8, 0xc7, 0xf8, 0xc7, 0xf8, 0xc7, 0xf8, 0xc7, 0xf8, 0xc7, 0xf8, 0xc7, 0xf8, 0xc7, 0xf8, 0xc7, 0xf8, 0xc7, 0xf8, 0xc7, 0xf7, 0xc7, 0xf7, 0xc7, 0xf8, 0xc7, 0xf8, 0xc7, 0xf9, 0xcf, 0xf9, 0xcf, 0xda, 0xd7, 0xdb, 0xdf, 0xdc, 0xe7, 0xbc, 0xef, 0x9d, 0xef, 0x7d, 0xef, 0x7d, 0xf7, 0x7d, 0xf7, 0x5d, 0xef, 0x7d, 0xef, 0x7d, 0xef, 0x7d, 0xef, 0x7d, 0xef, 0x7d, 0xef, 0x7d, 0xef, 0x7d, 0xef, 0x7d, 0xef, 0x7d, 0xef, 0x7d, 0xef, 0x7d, 0xef, 0x7d, 0xef, 0x7d, 0xef, 0x7d, 0xef, 0x7d, 0xef, 0x7d, 0xef, 0x7d, 0xef, 0x7d, 0xef, 0x7e, 0xef, 0x7e, 0xef, 0x7e, 0xef, 0x7e, 0xef, 0x7d, 0xef, 0x7d, 0xef, 0x7d, 0xe7, 0x9d, 0xe7, 0x9c, 0xdf, 0xbc, 0xdf, 0xdb, 0xd7, 0xda, 0xd7, 0xda, 0xcf, 0xd9, 0xcf, 0xf9, 0xc7, 0xf8, 0xc7, 0xf8, 0xc7, 0xf8, 0xc7, 0xf8, 0xc7, 0xf8, 0xc7, 0xf8, 0xc7, 0xf8, 0xc7, 0xf8, 0xc7, 0xf8, 0xc7, 0xf8, 0xc7, 0xf8, 0xc7, 0xf8, 0xc7, 0xf8, 0xc7, 0xf8, 0xc7, 0xf8, 0xc7, 0xf8, 0xc7, 0xf8, 0xc7, 0xf8, 0xc7, 0xf8, 0xc7, 0xf8, 0xc7, 0xf8, 0xc7, 0xf8, 0xc7, 0xf8, 0xc7, 0xf8, 
  0xc7, 0xf8, 0xc7, 0xf8, 0xc7, 0xf8, 0xc7, 0xf8, 0xc7, 0xf8, 0xc7, 0xf8, 0xc7, 0xf8, 0xc7, 0xf8, 0xc7, 0xf8, 0xc7, 0xf8, 0xc7, 0xf8, 0xc7, 0xf8, 0xc7, 0xf8, 0xc7, 0xf8, 0xc7, 0xf8, 0xc7, 0xf8, 0xc7, 0xf8, 0xc7, 0xf8, 0xc7, 0xf8, 0xc7, 0xf8, 0xc7, 0xf8, 0xc7, 0xf8, 0xc7, 0xf8, 0xc7, 0xf8, 0xc7, 0xf8, 0xc7, 0xf8, 0xc7, 0xf8, 0xc7, 0xf8, 0xc7, 0xf8, 0xc7, 0xf8, 0xc7, 0xf8, 0xc7, 0xf8, 0xc7, 0xf8, 0xc7, 0xf8, 0xc7, 0xf8, 0xc7, 0xf8, 0xc7, 0xf8, 0xc7, 0xf8, 0xc7, 0xf8, 0xc7, 0xf8, 0xc7, 0xf8, 0xc7, 0xf8, 0xc7, 0xf8, 0xc7, 0xf8, 0xc7, 0xf8, 0xc7, 0xf8, 0xc7, 0xf8, 0xc7, 0xf8, 0xc7, 0xf8, 0xc7, 0xf8, 0xc7, 0xf8, 0xcf, 0xf9, 0xcf, 0xd9, 0xd7, 0xda, 0xdf, 0xdb, 0xe7, 0xdc, 0xe7, 0xbc, 0xe7, 0x9d, 0xef, 0x9d, 0xef, 0x7d, 0xef, 0x7d, 0xef, 0x7d, 0xef, 0x7d, 0xef, 0x7d, 0xef, 0x7d, 0xef, 0x9d, 0xef, 0x9d, 0xef, 0x7d, 0xef, 0x7d, 0xef, 0x7d, 0xef, 0x7d, 0xef, 0x7d, 0xef, 0x7d, 0xef, 0x7d, 0xef, 0x7d, 0xef, 0x7d, 0xef, 0x7d, 0xef, 0x7d, 0xef, 0x9d, 0xef, 0x7d, 0xef, 0x7d, 0xef, 0x7d, 0xef, 0x7d, 0xef, 0x7e, 0xef, 0x7e, 0xef, 0x7e, 0xef, 0x7e, 0xef, 0x7e, 0xef, 0x7d, 0xe7, 0x9d, 0xe7, 0xbc, 0xe7, 0xbc, 0xdf, 0xdb, 0xdf, 0xdb, 0xd7, 0xba, 0xcf, 0xd9, 0xc7, 0xf8, 0xc7, 0xf8, 0xc7, 0xf8, 0xc7, 0xf8, 0xc7, 0xf8, 0xc7, 0xf8, 0xc7, 0xf8, 0xc7, 0xf8, 0xc7, 0xf8, 0xc7, 0xf8, 0xc7, 0xf8, 0xc7, 0xf8, 0xc7, 0xf8, 0xc7, 0xf8, 0xc7, 0xf8, 0xc7, 0xf8, 0xc7, 0xf8, 0xc7, 0xf8, 0xc7, 0xf8, 0xc7, 0xf8, 0xc7, 0xf8, 0xc7, 0xf8, 0xc7, 0xf8, 0xc7, 0xf8, 
  0xc7, 0xf8, 0xc7, 0xf8, 0xc7, 0xf8, 0xc7, 0xf8, 0xc7, 0xf8, 0xc7, 0xf8, 0xc7, 0xf8, 0xc7, 0xf8, 0xc7, 0xf8, 0xc7, 0xf8, 0xc7, 0xf8, 0xc7, 0xf8, 0xc7, 0xf8, 0xc7, 0xf8, 0xc7, 0xf8, 0xc7, 0xf8, 0xc7, 0xf8, 0xc7, 0xf8, 0xc7, 0xf8, 0xc7, 0xf8, 0xc7, 0xf8, 0xc7, 0xf8, 0xc7, 0xf8, 0xc7, 0xf8, 0xc7, 0xf8, 0xc7, 0xf8, 0xc7, 0xf8, 0xc7, 0xf8, 0xc7, 0xf8, 0xc7, 0xf8, 0xc7, 0xf8, 0xc7, 0xf8, 0xc7, 0xf8, 0xcf, 0xf9, 0xcf, 0xf9, 0xcf, 0xf9, 0xcf, 0xf9, 0xcf, 0xf9, 0xcf, 0xf9, 0xcf, 0xf8, 0xcf, 0xf8, 0xc7, 0xf8, 0xc7, 0xf8, 0xc7, 0xf8, 0xc7, 0xf8, 0xc7, 0xf8, 0xc7, 0xf8, 0xc7, 0xf8, 0xc7, 0xf8, 0xc7, 0xf8, 0xc7, 0xf9, 0xcf, 0xd9, 0xdf, 0xda, 0xe7, 0xdb, 0xe7, 0xbc, 0xe7, 0x9c, 0xe7, 0x9d, 0xef, 0x9d, 0xef, 0x9d, 0xef, 0x9d, 0xef, 0x7d, 0xef, 0x7d, 0xef, 0x7d, 0xef, 0x7d, 0xef, 0x7d, 0xef, 0x7d, 0xef, 0x7d, 0xef, 0x7d, 0xef, 0x9d, 0xef, 0x7d, 0xef, 0x7d, 0xef, 0x7d, 0xef, 0x7d, 0xef, 0x7d, 0xef, 0x7d, 0xef, 0x7d, 0xef, 0x7d, 0xef, 0x9d, 0xef, 0x9d, 0xe7, 0x9d, 0xef, 0x9d, 0xef, 0x7d, 0xef, 0x7d, 0xef, 0x7d, 0xef, 0x7d, 0xef, 0x7d, 0xef, 0x7d, 0xef, 0x7d, 0xef, 0x7d, 0xef, 0x7d, 0xe7, 0x9c, 0xe7, 0x9c, 0xe7, 0xbc, 0xdf, 0xbb, 0xdf, 0xbb, 0xd7, 0xda, 0xcf, 0xd9, 0xc7, 0xf8, 0xc7, 0xf8, 0xc7, 0xf8, 0xc7, 0xf8, 0xc7, 0xf8, 0xc7, 0xf8, 0xc7, 0xf8, 0xc7, 0xf8, 0xc7, 0xf8, 0xc7, 0xf8, 0xc7, 0xf8, 0xc7, 0xf8, 0xc7, 0xf8, 0xc7, 0xf8, 0xc7, 0xf8, 0xc7, 0xf8, 0xc7, 0xf8, 0xc7, 0xf8, 0xc7, 0xf8, 0xc7, 0xf8, 0xc7, 0xf8, 0xc7, 0xf8, 0xc7, 0xf8, 
  0xc7, 0xf8, 0xc7, 0xf8, 0xc7, 0xf8, 0xc7, 0xf8, 0xc7, 0xf8, 0xc7, 0xf8, 0xc7, 0xf8, 0xc7, 0xf8, 0xc7, 0xf8, 0xc7, 0xf8, 0xc7, 0xf8, 0xc7, 0xf8, 0xc7, 0xf8, 0xc7, 0xf8, 0xc7, 0xf8, 0xc7, 0xf8, 0xc7, 0xf8, 0xc7, 0xf8, 0xc7, 0xf8, 0xc7, 0xf8, 0xc7, 0xf8, 0xc7, 0xf8, 0xc7, 0xf8, 0xc7, 0xf8, 0xc7, 0xf8, 0xc7, 0xf8, 0xc7, 0xf8, 0xc7, 0xf8, 0xc7, 0xf8, 0xc7, 0xf8, 0xc7, 0xf8, 0xc7, 0xf8, 0xcf, 0xd9, 0xcf, 0xd9, 0xcf, 0xd9, 0xcf, 0xd9, 0xcf, 0xd9, 0xcf, 0xd9, 0xcf, 0xd9, 0xcf, 0xd9, 0xcf, 0xd9, 0xcf, 0xf9, 0xcf, 0xf8, 0xc7, 0xf8, 0xc7, 0xf8, 0xc7, 0xf8, 0xc7, 0xf8, 0xc7, 0xf8, 0xc7, 0xf9, 0xc7, 0xf9, 0xcf, 0xd9, 0xd7, 0xda, 0xe7, 0xbb, 0xef, 0x9c, 0xef, 0x9c, 0xef, 0x7d, 0xef, 0x9d, 0xef, 0x9d, 0xef, 0x9d, 0xe7, 0x9d, 0xe7, 0x9d, 0xef, 0x9d, 0xef, 0x7d, 0xef, 0x7d, 0xef, 0x7d, 0xef, 0x7d, 0xef, 0x7d, 0xef, 0x7d, 0xef, 0x7d, 0xef, 0x9d, 0xef, 0x9d, 0xef, 0x9d, 0xef, 0x7d, 0xef, 0x7d, 0xef, 0x9d, 0xef, 0x9d, 0xef, 0x9d, 0xef, 0x9d, 0xe7, 0x9c, 0xe7, 0x9c, 0xe7, 0x9c, 0xe7, 0x9c, 0xef, 0x9d, 0xef, 0x7d, 0xef, 0x7d, 0xef, 0x7d, 0xef, 0x7d, 0xef, 0x7d, 0xef, 0x7d, 0xef, 0x7d, 0xef, 0x7d, 0xe7, 0x9d, 0xe7, 0x9c, 0xe7, 0x9c, 0xe7, 0xbc, 0xdf, 0xbb, 0xd7, 0xd9, 0xcf, 0xf9, 0xcf, 0xf8, 0xc7, 0xf8, 0xc7, 0xf8, 0xc7, 0xf8, 0xc7, 0xf8, 0xc7, 0xf8, 0xc7, 0xf8, 0xc7, 0xf8, 0xc7, 0xf8, 0xc7, 0xf8, 0xc7, 0xf8, 0xc7, 0xf8, 0xc7, 0xf8, 0xc7, 0xf8, 0xc7, 0xf8, 0xc7, 0xf8, 0xc7, 0xf8, 0xc7, 0xf8, 0xc7, 0xf8, 0xc7, 0xf8, 0xc7, 0xf8, 0xc7, 0xf8, 
  0xc7, 0xf8, 0xc7, 0xf8, 0xc7, 0xf8, 0xc7, 0xf8, 0xc7, 0xf8, 0xc7, 0xf8, 0xc7, 0xf8, 0xc7, 0xf8, 0xc7, 0xf8, 0xc7, 0xf8, 0xc7, 0xf8, 0xc7, 0xf8, 0xc7, 0xf8, 0xc7, 0xf8, 0xc7, 0xf8, 0xc7, 0xf8, 0xc7, 0xf8, 0xc7, 0xf8, 0xc7, 0xf8, 0xc7, 0xf8, 0xc7, 0xf8, 0xc7, 0xf8, 0xc7, 0xf8, 0xc7, 0xf8, 0xc7, 0xf8, 0xc7, 0xf8, 0xc7, 0xf8, 0xc7, 0xf8, 0xc7, 0xf8, 0xcf, 0xf8, 0xcf, 0xf9, 0xcf, 0xf9, 0xd7, 0xda, 0xd7, 0xda, 0xd7, 0xda, 0xd7, 0xda, 0xd7, 0xda, 0xd7, 0xda, 0xd7, 0xda, 0xd7, 0xda, 0xd7, 0xda, 0xd7, 0xd9, 0xcf, 0xf9, 0xcf, 0xf9, 0xcf, 0xf8, 0xcf, 0xf8, 0xc7, 0xf8, 0xc7, 0xf8, 0xc7, 0xf9, 0xc7, 0xfa, 0xd7, 0xda, 0xdf, 0xbb, 0xe7, 0x9c, 0xef, 0x7c, 0xf7, 0x7d, 0xf7, 0x7d, 0xef, 0x7d, 0xef, 0x7d, 0xe7, 0x9d, 0xe7, 0x9d, 0xe7, 0x9d, 0xe7, 0x9d, 0xe7, 0x9d, 0xef, 0x9d, 0xef, 0x9d, 0xef, 0x9d, 0xef, 0x9d, 0xef, 0x9d, 0xef, 0x9d, 0xef, 0x9d, 0xef, 0x9d, 0xef, 0x9d, 0xef, 0x9d, 0xef, 0x9d, 0xef, 0x9d, 0xef, 0x9d, 0xe7, 0x9d, 0xe7, 0x9d, 0xe7, 0x9c, 0xe7, 0x9c, 0xe7, 0x9c, 0xe7, 0x9c, 0xe7, 0x9c, 0xef, 0x9c, 0xef, 0x7d, 0xef, 0x7d, 0xef, 0x7d, 0xef, 0x7d, 0xef, 0x7d, 0xef, 0x7d, 0xef, 0x7d, 0xef, 0x7d, 0xef, 0x9d, 0xe7, 0x9c, 0xe7, 0x9c, 0xe7, 0x9b, 0xdf, 0xba, 0xd7, 0xda, 0xcf, 0xd9, 0xcf, 0xf8, 0xc7, 0xf8, 0xc7, 0xf8, 0xc7, 0xf8, 0xc7, 0xf8, 0xc7, 0xf8, 0xc7, 0xf8, 0xc7, 0xf8, 0xc7, 0xf8, 0xc7, 0xf8, 0xc7, 0xf8, 0xc7, 0xf8, 0xc7, 0xf8, 0xc7, 0xf8, 0xc7, 0xf8, 0xc7, 0xf8, 0xc7, 0xf8, 0xc7, 0xf8, 0xc7, 0xf8, 0xc7, 0xf8, 0xc7, 0xf8, 
  0xc7, 0xf8, 0xc7, 0xf8, 0xc7, 0xf8, 0xc7, 0xf8, 0xc7, 0xf8, 0xc7, 0xf8, 0xc7, 0xf8, 0xc7, 0xf8, 0xc7, 0xf8, 0xc7, 0xf8, 0xc7, 0xf8, 0xc7, 0xf8, 0xc7, 0xf8, 0xc7, 0xf8, 0xc7, 0xf8, 0xc7, 0xf8, 0xc7, 0xf8, 0xc7, 0xf8, 0xc7, 0xf8, 0xc7, 0xf8, 0xc7, 0xf8, 0xc7, 0xf8, 0xc7, 0xf8, 0xc7, 0xf8, 0xc7, 0xf8, 0xc7, 0xf8, 0xcf, 0xf8, 0xcf, 0xf9, 0xcf, 0xd9, 0xcf, 0xd9, 0xd7, 0xda, 0xd7, 0xda, 0xdf, 0xdb, 0xdf, 0xdc, 0xe7, 0xdc, 0xe7, 0xdc, 0xe7, 0xdc, 0xe7, 0xdc, 0xe7, 0xdc, 0xdf, 0xdb, 0xdf, 0xdb, 0xdf, 0xdb, 0xd7, 0xda, 0xd7, 0xda, 0xd7, 0xf9, 0xcf, 0xf9, 0xcf, 0xf9, 0xcf, 0xd9, 0xcf, 0xda, 0xcf, 0xdb, 0xdf, 0xdb, 0xe7, 0xbc, 0xef, 0x9c, 0xef, 0x7c, 0xf7, 0x7d, 0xf7, 0x7d, 0xef, 0x7d, 0xef, 0x7d, 0xe7, 0x9d, 0xe7, 0x9d, 0xe7, 0x9d, 0xe7, 0x9d, 0xe7, 0x9d, 0xef, 0x9d, 0xef, 0x9d, 0xef, 0x9d, 0xef, 0x9d, 0xef, 0x9d, 0xef, 0x9d, 0xef, 0x9d, 0xef, 0x9d, 0xef, 0x9d, 0xef, 0x9d, 0xef, 0x9d, 0xef, 0x9d, 0xef, 0x9d, 0xef, 0x9d, 0xef, 0x9d, 0xef, 0x9d, 0xe7, 0x9c, 0xe7, 0x9c, 0xe7, 0x9c, 0xe7, 0x9c, 0xef, 0x9c, 0xef, 0x9d, 0xef, 0x7d, 0xef, 0x7d, 0xef, 0x7d, 0xef, 0x7d, 0xef, 0x7d, 0xef, 0x7d, 0xef, 0x7d, 0xef, 0x7d, 0xef, 0x7d, 0xef, 0x7c, 0xe7, 0x7c, 0xdf, 0x9b, 0xdf, 0xbb, 0xd7, 0xda, 0xcf, 0xd9, 0xcf, 0xf8, 0xc7, 0xf8, 0xc7, 0xf8, 0xc7, 0xf8, 0xc7, 0xf8, 0xc7, 0xf8, 0xc7, 0xf8, 0xc7, 0xf8, 0xc7, 0xf8, 0xc7, 0xf8, 0xc7, 0xf8, 0xc7, 0xf8, 0xc7, 0xf8, 0xc7, 0xf8, 0xc7, 0xf8, 0xc7, 0xf8, 0xc7, 0xf8, 0xc7, 0xf8, 0xc7, 0xf8, 0xc7, 0xf8, 
  0xc7, 0xf8, 0xc7, 0xf8, 0xc7, 0xf8, 0xc7, 0xf8, 0xc7, 0xf8, 0xc7, 0xf8, 0xc7, 0xf8, 0xc7, 0xf8, 0xc7, 0xf8, 0xc7, 0xf8, 0xc7, 0xf8, 0xc7, 0xf8, 0xc7, 0xf8, 0xc7, 0xf8, 0xc7, 0xf8, 0xc7, 0xf8, 0xc7, 0xf8, 0xc7, 0xf8, 0xc7, 0xf8, 0xc7, 0xf8, 0xc7, 0xf8, 0xc7, 0xf8, 0xc7, 0xf8, 0xcf, 0xf8, 0xcf, 0xd8, 0xcf, 0xd9, 0xd7, 0xda, 0xd7, 0xda, 0xdf, 0xdb, 0xdf, 0xdb, 0xdf, 0xdb, 0xdf, 0xbc, 0xe7, 0xbc, 0xe7, 0xbc, 0xe7, 0xbc, 0xe7, 0xbc, 0xe7, 0xbc, 0xe7, 0xbc, 0xe7, 0xbc, 0xe7, 0xbc, 0xe7, 0xbc, 0xe7, 0xdc, 0xe7, 0xdc, 0xdf, 0xdb, 0xdf, 0xdb, 0xdf, 0xda, 0xd7, 0xda, 0xd7, 0xda, 0xd7, 0xba, 0xdf, 0xbb, 0xe7, 0xbc, 0xe7, 0xbc, 0xef, 0x9c, 0xef, 0x7c, 0xef, 0x7d, 0xef, 0x7d, 0xef, 0x7d, 0xef, 0x7d, 0xe7, 0x9d, 0xe7, 0x9d, 0xe7, 0x9d, 0xe7, 0x9d, 0xe7, 0x9d, 0xef, 0x9d, 0xef, 0x7d, 0xef, 0x7d, 0xef, 0x7d, 0xef, 0x7d, 0xef, 0x7d, 0xef, 0x7d, 0xef, 0x7d, 0xef, 0x7d, 0xef, 0x7d, 0xef, 0x7d, 0xef, 0x7d, 0xef, 0x7d, 0xef, 0x7d, 0xef, 0x7d, 0xef, 0x7d, 0xef, 0x9d, 0xef, 0x9d, 0xe7, 0x9c, 0xef, 0x9d, 0xef, 0x9d, 0xef, 0x9d, 0xef, 0x7d, 0xef, 0x7d, 0xef, 0x7d, 0xef, 0x7d, 0xef, 0x7d, 0xef, 0x7d, 0xef, 0x7d, 0xef, 0x7d, 0xef, 0x7d, 0xef, 0x7d, 0xef, 0x7d, 0xe7, 0x9c, 0xdf, 0x9c, 0xdf, 0xbb, 0xd7, 0xda, 0xcf, 0xd8, 0xc7, 0xf8, 0xc7, 0xf8, 0xc7, 0xf8, 0xc7, 0xf8, 0xc7, 0xf8, 0xc7, 0xf8, 0xc7, 0xf8, 0xc7, 0xf8, 0xc7, 0xf8, 0xc7, 0xf8, 0xc7, 0xf8, 0xc7, 0xf8, 0xc7, 0xf8, 0xc7, 0xf8, 0xc7, 0xf8, 0xc7, 0xf8, 0xc7, 0xf8, 0xc7, 0xf8, 0xc7, 0xf8, 
  0xc7, 0xf8, 0xc7, 0xf8, 0xc7, 0xf8, 0xc7, 0xf8, 0xc7, 0xf8, 0xc7, 0xf8, 0xc7, 0xf8, 0xc7, 0xf8, 0xc7, 0xf8, 0xc7, 0xf8, 0xc7, 0xf8, 0xc7, 0xf8, 0xc7, 0xf8, 0xc7, 0xf8, 0xc7, 0xf8, 0xc7, 0xf8, 0xc7, 0xf8, 0xc7, 0xf8, 0xc7, 0xf8, 0xc7, 0xf8, 0xc7, 0xf8, 0xc7, 0xf8, 0xcf, 0xf8, 0xcf, 0xf9, 0xcf, 0xd9, 0xd7, 0xda, 0xdf, 0xdb, 0xdf, 0xdb, 0xe7, 0xbc, 0xe7, 0xbc, 0xe7, 0x9d, 0xe7, 0x9d, 0xef, 0x9d, 0xef, 0x9d, 0xef, 0x9d, 0xef, 0x9d, 0xef, 0x9d, 0xef, 0x9d, 0xef, 0x9d, 0xef, 0x9d, 0xef, 0x9d, 0xe7, 0x9d, 0xe7, 0x9c, 0xe7, 0xbc, 0xe7, 0xbc, 0xe7, 0xbc, 0xe7, 0xbb, 0xe7, 0xbb, 0xdf, 0x9b, 0xe7, 0x9c, 0xe7, 0x9c, 0xe7, 0x9c, 0xef, 0x9c, 0xef, 0x7c, 0xef, 0x7d, 0xef, 0x7d, 0xef, 0x7d, 0xef, 0x7d, 0xef, 0x7d, 0xef, 0x7d, 0xef, 0x9d, 0xef, 0x9d, 0xef, 0x9d, 0xef, 0x9d, 0xef, 0x7d, 0xef, 0x7d, 0xef, 0x7d, 0xef, 0x7d, 0xef, 0x7d, 0xef, 0x7d, 0xef, 0x7d, 0xef, 0x7d, 0xef, 0x7d, 0xef, 0x7d, 0xef, 0x7d, 0xef, 0x7d, 0xef, 0x7d, 0xef, 0x7d, 0xef, 0x7d, 0xef, 0x7d, 0xef, 0x7d, 0xef, 0x7d, 0xef, 0x7d, 0xef, 0x7d, 0xef, 0x7d, 0xef, 0x7d, 0xef, 0x7d, 0xef, 0x7d, 0xef, 0x7d, 0xef, 0x7d, 0xef, 0x7d, 0xef, 0x7d, 0xef, 0x7d, 0xef, 0x7d, 0xef, 0x7d, 0xef, 0x7d, 0xef, 0x7d, 0xe7, 0x9c, 0xdf, 0xbb, 0xd7, 0xba, 0xcf, 0xd9, 0xc7, 0xf8, 0xc7, 0xf8, 0xc7, 0xf8, 0xc7, 0xf8, 0xc7, 0xf8, 0xc7, 0xf8, 0xc7, 0xf8, 0xc7, 0xf8, 0xc7, 0xf8, 0xc7, 0xf8, 0xc7, 0xf8, 0xc7, 0xf8, 0xc7, 0xf8, 0xc7, 0xf8, 0xc7, 0xf8, 0xc7, 0xf8, 0xc7, 0xf8, 0xc7, 0xf8, 0xc7, 0xf8, 
  0xc7, 0xf8, 0xc7, 0xf8, 0xc7, 0xf8, 0xc7, 0xf8, 0xc7, 0xf8, 0xc7, 0xf8, 0xc7, 0xf8, 0xc7, 0xf8, 0xc7, 0xf8, 0xc7, 0xf8, 0xc7, 0xf8, 0xc7, 0xf8, 0xc7, 0xf8, 0xc7, 0xf8, 0xc7, 0xf8, 0xc7, 0xf8, 0xc7, 0xf8, 0xc7, 0xf8, 0xc7, 0xf8, 0xc7, 0xf8, 0xc7, 0xf8, 0xcf, 0xf8, 0xcf, 0xf9, 0xcf, 0xd9, 0xd7, 0xda, 0xdf, 0xdb, 0xdf, 0xbc, 0xe7, 0xbc, 0xef, 0x9d, 0xef, 0x9d, 0xef, 0x7e, 0xef, 0x7e, 0xef, 0x9d, 0xef, 0x9d, 0xef, 0x7d, 0xef, 0x7d, 0xef, 0x7d, 0xef, 0x7d, 0xef, 0x7d, 0xef, 0x7e, 0xef, 0x7d, 0xef, 0x7d, 0xef, 0x7d, 0xef, 0x7d, 0xef, 0x9d, 0xef, 0x9d, 0xe7, 0x9d, 0xef, 0x9c, 0xef, 0x7c, 0xef, 0x9c, 0xef, 0x9c, 0xef, 0x9c, 0xe7, 0x9c, 0xe7, 0x9c, 0xe7, 0x9d, 0xef, 0x9d, 0xef, 0x9d, 0xef, 0x7d, 0xef, 0x7d, 0xef, 0x7d, 0xef, 0x7d, 0xef, 0x7d, 0xef, 0x7d, 0xef, 0x7d, 0xef, 0x7d, 0xef, 0x7d, 0xef, 0x7d, 0xef, 0x7d, 0xef, 0x7d, 0xef, 0x7d, 0xef, 0x7d, 0xef, 0x7d, 0xef, 0x7d, 0xef, 0x7d, 0xef, 0x7d, 0xef, 0x7d, 0xef, 0x7d, 0xef, 0x7d, 0xef, 0x7d, 0xef, 0x7d, 0xef, 0x5d, 0xef, 0x5d, 0xef, 0x7d, 0xef, 0x7d, 0xef, 0x7d, 0xef, 0x7d, 0xef, 0x7d, 0xef, 0x7d, 0xef, 0x7d, 0xef, 0x7d, 0xef, 0x7d, 0xef, 0x7d, 0xef, 0x7d, 0xef, 0x5d, 0xef, 0x7d, 0xef, 0x7d, 0xef, 0x5d, 0xef, 0x7d, 0xe7, 0x9c, 0xdf, 0xba, 0xcf, 0xd9, 0xc7, 0xf8, 0xc7, 0xf8, 0xc7, 0xf8, 0xc7, 0xf8, 0xc7, 0xf8, 0xc7, 0xf8, 0xc7, 0xf8, 0xc7, 0xf8, 0xc7, 0xf8, 0xc7, 0xf8, 0xc7, 0xf8, 0xc7, 0xf8, 0xc7, 0xf8, 0xc7, 0xf8, 0xc7, 0xf8, 0xc7, 0xf8, 0xc7, 0xf8, 0xc7, 0xf8, 0xc7, 0xf8, 
  0xc7, 0xf8, 0xc7, 0xf8, 0xc7, 0xf8, 0xc7, 0xf8, 0xc7, 0xf8, 0xc7, 0xf8, 0xc7, 0xf8, 0xc7, 0xf8, 0xc7, 0xf8, 0xc7, 0xf8, 0xc7, 0xf8, 0xc7, 0xf8, 0xc7, 0xf8, 0xc7, 0xf8, 0xc7, 0xf8, 0xc7, 0xf8, 0xc7, 0xf8, 0xc7, 0xf7, 0xc7, 0xf8, 0xc7, 0xf8, 0xcf, 0xf9, 0xcf, 0xd9, 0xd7, 0xd9, 0xd7, 0xba, 0xdf, 0xdb, 0xe7, 0xbc, 0xe7, 0xbc, 0xef, 0x9d, 0xef, 0x7d, 0xef, 0x7e, 0xf7, 0x7e, 0xf7, 0x7e, 0xef, 0x7d, 0xef, 0x7d, 0xef, 0x7d, 0xef, 0x7d, 0xef, 0x7d, 0xef, 0x7d, 0xef, 0x7d, 0xef, 0x7e, 0xef, 0x7e, 0xef, 0x7d, 0xef, 0x7d, 0xef, 0x7d, 0xef, 0x7d, 0xef, 0x7d, 0xef, 0x7d, 0xef, 0x7d, 0xef, 0x7c, 0xef, 0x7c, 0xef, 0x9c, 0xef, 0x9d, 0xef, 0x9d, 0xef, 0x9d, 0xe7, 0x9d, 0xe7, 0x9d, 0xef, 0x9d, 0xef, 0x7d, 0xef, 0x7d, 0xef, 0x7d, 0xef, 0x7d, 0xef, 0x7d, 0xef, 0x7d, 0xef, 0x7d, 0xef, 0x7d, 0xef, 0x7d, 0xef, 0x7d, 0xef, 0x7d, 0xef, 0x7d, 0xef, 0x7d, 0xef, 0x7d, 0xef, 0x7d, 0xef, 0x7d, 0xef, 0x7d, 0xef, 0x7d, 0xef, 0x7d, 0xef, 0x7d, 0xef, 0x7d, 0xef, 0x7d, 0xef, 0x7d, 0xef, 0x5d, 0xef, 0x5d, 0xef, 0x5d, 0xef, 0x7d, 0xef, 0x7d, 0xef, 0x7d, 0xef, 0x7d, 0xef, 0x7d, 0xef, 0x7c, 0xef, 0x7d, 0xef, 0x7d, 0xef, 0x7c, 0xef, 0x5c, 0xef, 0x5d, 0xef, 0x7d, 0xef, 0x7d, 0xef, 0x5d, 0xef, 0x7d, 0xe7, 0x9c, 0xdf, 0xbb, 0xd7, 0xda, 0xcf, 0xf9, 0xc7, 0xf8, 0xc7, 0xf8, 0xc7, 0xf8, 0xc7, 0xf8, 0xc7, 0xf8, 0xc7, 0xf8, 0xc7, 0xf8, 0xc7, 0xf8, 0xc7, 0xf8, 0xc7, 0xf8, 0xc7, 0xf8, 0xc7, 0xf8, 0xc7, 0xf8, 0xc7, 0xf8, 0xc7, 0xf8, 0xc7, 0xf8, 0xc7, 0xf8, 0xc7, 0xf8, 
  0xc7, 0xf8, 0xc7, 0xf8, 0xc7, 0xf8, 0xc7, 0xf8, 0xc7, 0xf8, 0xc7, 0xf8, 0xc7, 0xf8, 0xc7, 0xf8, 0xc7, 0xf8, 0xc7, 0xf8, 0xc7, 0xf8, 0xc7, 0xf8, 0xc7, 0xf8, 0xc7, 0xf8, 0xc7, 0xf8, 0xc7, 0xf8, 0xbf, 0xf7, 0xc7, 0xf8, 0xc7, 0xf8, 0xcf, 0xf9, 0xd7, 0xd9, 0xd7, 0xba, 0xdf, 0xbb, 0xe7, 0xbc, 0xe7, 0xbc, 0xe7, 0x9c, 0xef, 0x9d, 0xef, 0x9d, 0xef, 0x9d, 0xef, 0x7d, 0xef, 0x7d, 0xef, 0x7d, 0xef, 0x7d, 0xef, 0x7d, 0xef, 0x7d, 0xef, 0x7d, 0xef, 0x7d, 0xef, 0x7d, 0xef, 0x7d, 0xef, 0x7d, 0xef, 0x7d, 0xef, 0x7d, 0xef, 0x7d, 0xef, 0x7d, 0xef, 0x7d, 0xef, 0x9d, 0xef, 0x9d, 0xef, 0x9d, 0xef, 0x7d, 0xef, 0x7d, 0xef, 0x7d, 0xef, 0x7d, 0xef, 0x7d, 0xef, 0x7d, 0xef, 0x7d, 0xef, 0x7d, 0xef, 0x7d, 0xef, 0x7d, 0xef, 0x7d, 0xef, 0x7d, 0xef, 0x7d, 0xef, 0x7d, 0xef, 0x7d, 0xef, 0x7d, 0xef, 0x7d, 0xef, 0x7d, 0xef, 0x7d, 0xef, 0x7d, 0xef, 0x7d, 0xef, 0x7d, 0xef, 0x7d, 0xef, 0x7d, 0xef, 0x7d, 0xef, 0x7d, 0xef, 0x7d, 0xef, 0x7d, 0xef, 0x7d, 0xef, 0x7d, 0xef, 0x7d, 0xef, 0x7d, 0xef, 0x7d, 0xef, 0x7d, 0xef, 0x7d, 0xef, 0x7d, 0xef, 0x7d, 0xef, 0x7d, 0xef, 0x7d, 0xef, 0x7d, 0xef, 0x7d, 0xef, 0x7d, 0xef, 0x7d, 0xef, 0x7d, 0xef, 0x7d, 0xef, 0x7d, 0xef, 0x7d, 0xef, 0x7d, 0xef, 0x7d, 0xef, 0x7d, 0xe7, 0x7c, 0xe7, 0x9c, 0xdf, 0xba, 0xd7, 0xda, 0xcf, 0xd9, 0xc7, 0xf8, 0xc7, 0xf8, 0xc7, 0xf8, 0xc7, 0xf8, 0xc7, 0xf8, 0xc7, 0xf8, 0xc7, 0xf8, 0xc7, 0xf8, 0xc7, 0xf8, 0xc7, 0xf8, 0xc7, 0xf8, 0xc7, 0xf8, 0xc7, 0xf8, 0xc7, 0xf8, 0xc7, 0xf8, 0xc7, 0xf8, 0xc7, 0xf8, 
  0xc7, 0xf8, 0xc7, 0xf8, 0xc7, 0xf8, 0xc7, 0xf8, 0xc7, 0xf8, 0xc7, 0xf8, 0xc7, 0xf8, 0xc7, 0xf8, 0xc7, 0xf8, 0xc7, 0xf8, 0xc7, 0xf8, 0xc7, 0xf8, 0xc7, 0xf8, 0xc7, 0xf8, 0xc7, 0xf8, 0xc7, 0xf8, 0xbf, 0xf7, 0xc7, 0xf8, 0xc7, 0xf8, 0xcf, 0xd9, 0xd7, 0xba, 0xdf, 0x9b, 0xe7, 0x9c, 0xef, 0x9c, 0xef, 0x9d, 0xef, 0x9d, 0xef, 0x9d, 0xef, 0x9d, 0xef, 0x9d, 0xef, 0x9d, 0xef, 0x7d, 0xef, 0x7d, 0xef, 0x7d, 0xef, 0x7d, 0xef, 0x7d, 0xef, 0x7d, 0xef, 0x7d, 0xef, 0x7d, 0xef, 0x7d, 0xef, 0x7d, 0xef, 0x7d, 0xef, 0x7d, 0xef, 0x7d, 0xef, 0x7d, 0xef, 0x7d, 0xef, 0x9d, 0xef, 0x9d, 0xef, 0x9d, 0xef, 0x7d, 0xef, 0x7d, 0xef, 0x7d, 0xef, 0x7d, 0xef, 0x7d, 0xef, 0x7d, 0xef, 0x7d, 0xef, 0x7d, 0xef, 0x7d, 0xef, 0x7d, 0xef, 0x7d, 0xef, 0x7d, 0xef, 0x7d, 0xef, 0x7d, 0xef, 0x7d, 0xef, 0x7d, 0xef, 0x7d, 0xef, 0x7d, 0xef, 0x7d, 0xef, 0x7d, 0xef, 0x7d, 0xef, 0x7d, 0xef, 0x7d, 0xef, 0x7d, 0xef, 0x7d, 0xef, 0x7d, 0xef, 0x7d, 0xef, 0x7d, 0xef, 0x7d, 0xef, 0x7d, 0xef, 0x7d, 0xef, 0x7d, 0xef, 0x7d, 0xef, 0x7d, 0xef, 0x7d, 0xef, 0x7d, 0xef, 0x7d, 0xef, 0x7d, 0xef, 0x7d, 0xef, 0x7d, 0xef, 0x7d, 0xef, 0x7d, 0xef, 0x7d, 0xef, 0x7d, 0xef, 0x7d, 0xef, 0x7d, 0xef, 0x7d, 0xef, 0x7d, 0xef, 0x7d, 0xef, 0x7d, 0xef, 0x7d, 0xe7, 0x7c, 0xe7, 0x9b, 0xdf, 0xba, 0xcf, 0xd9, 0xc7, 0xf8, 0xc7, 0xf8, 0xc7, 0xf8, 0xc7, 0xf8, 0xc7, 0xf8, 0xc7, 0xf8, 0xc7, 0xf8, 0xc7, 0xf8, 0xc7, 0xf8, 0xc7, 0xf8, 0xc7, 0xf8, 0xc7, 0xf8, 0xc7, 0xf8, 0xc7, 0xf8, 0xc7, 0xf8, 0xc7, 0xf8, 0xc7, 0xf8, 
  0xc7, 0xf8, 0xc7, 0xf8, 0xc7, 0xf8, 0xc7, 0xf8, 0xc7, 0xf8, 0xc7, 0xf8, 0xc7, 0xf8, 0xc7, 0xf8, 0xc7, 0xf8, 0xc7, 0xf8, 0xc7, 0xf8, 0xc7, 0xf8, 0xc7, 0xf8, 0xc7, 0xf8, 0xc7, 0xf8, 0xc7, 0xf8, 0xc7, 0xf8, 0xc7, 0xf8, 0xcf, 0xf9, 0xd7, 0xda, 0xdf, 0xbb, 0xe7, 0xbb, 0xe7, 0x9c, 0xef, 0x9c, 0xef, 0x7d, 0xef, 0x7d, 0xef, 0x9d, 0xef, 0x9d, 0xef, 0x9d, 0xef, 0x7d, 0xef, 0x7d, 0xef, 0x7d, 0xef, 0x9d, 0xef, 0x9d, 0xef, 0x9d, 0xef, 0x9d, 0xef, 0x9d, 0xef, 0x9d, 0xef, 0x9d, 0xef, 0x9d, 0xef, 0x7d, 0xef, 0x7d, 0xef, 0x7d, 0xef, 0x7d, 0xef, 0x7d, 0xef, 0x7d, 0xef, 0x9d, 0xef, 0x9d, 0xef, 0x7d, 0xef, 0x7d, 0xef, 0x7d, 0xef, 0x7d, 0xef, 0x7d, 0xef, 0x7d, 0xef, 0x7d, 0xef, 0x7d, 0xef, 0x7d, 0xef, 0x7d, 0xef, 0x7d, 0xef, 0x7d, 0xef, 0x7d, 0xef, 0x7d, 0xef, 0x7d, 0xef, 0x7d, 0xef, 0x7d, 0xef, 0x7d, 0xef, 0x7d, 0xef, 0x7d, 0xef, 0x7d, 0xef, 0x7d, 0xef, 0x7d, 0xef, 0x7d, 0xef, 0x7d, 0xef, 0x7d, 0xef, 0x7d, 0xef, 0x7d, 0xef, 0x7d, 0xef, 0x7d, 0xef, 0x7d, 0xef, 0x7d, 0xef, 0x7d, 0xef, 0x7d, 0xef, 0x7d, 0xef, 0x7d, 0xef, 0x7d, 0xef, 0x7d, 0xef, 0x7d, 0xef, 0x7d, 0xef, 0x7d, 0xef, 0x7d, 0xef, 0x7d, 0xef, 0x7d, 0xef, 0x7d, 0xef, 0x7d, 0xef, 0x7d, 0xef, 0x7d, 0xef, 0x7d, 0xef, 0x7d, 0xef, 0x7d, 0xe7, 0x7c, 0xe7, 0x9b, 0xdf, 0xba, 0xcf, 0xd9, 0xcf, 0xf9, 0xc7, 0xf8, 0xc7, 0xf8, 0xc7, 0xf8, 0xc7, 0xf8, 0xc7, 0xf8, 0xc7, 0xf8, 0xc7, 0xf8, 0xc7, 0xf8, 0xc7, 0xf8, 0xc7, 0xf8, 0xc7, 0xf8, 0xc7, 0xf8, 0xc7, 0xf8, 0xc7, 0xf8, 0xc7, 0xf8, 0xc7, 0xf8, 
  0xc7, 0xf8, 0xc7, 0xf8, 0xc7, 0xf8, 0xc7, 0xf8, 0xc7, 0xf8, 0xc7, 0xf8, 0xc7, 0xf8, 0xc7, 0xf8, 0xc7, 0xf8, 0xc7, 0xf8, 0xc7, 0xf8, 0xc7, 0xf8, 0xc7, 0xf8, 0xc7, 0xf8, 0xc7, 0xf8, 0xc7, 0xf8, 0xc7, 0xf8, 0xc7, 0xf8, 0xcf, 0xf9, 0xd7, 0xda, 0xdf, 0xdb, 0xe7, 0xbc, 0xef, 0x9c, 0xef, 0x9d, 0xef, 0x7d, 0xef, 0x7d, 0xef, 0x7d, 0xef, 0x9d, 0xef, 0x9d, 0xef, 0x7d, 0xef, 0x7d, 0xef, 0x7d, 0xef, 0x9d, 0xef, 0x9d, 0xef, 0x9d, 0xef, 0x9d, 0xef, 0x9d, 0xef, 0x9d, 0xef, 0x9d, 0xef, 0x9d, 0xef, 0x7d, 0xef, 0x7d, 0xef, 0x7d, 0xef, 0x7d, 0xef, 0x7d, 0xef, 0x7d, 0xef, 0x7d, 0xef, 0x7d, 0xef, 0x7d, 0xef, 0x7d, 0xef, 0x7d, 0xef, 0x7d, 0xef, 0x7d, 0xef, 0x7d, 0xef, 0x7d, 0xef, 0x7d, 0xef, 0x7d, 0xef, 0x7d, 0xef, 0x7d, 0xef, 0x7d, 0xef, 0x7d, 0xef, 0x7d, 0xef, 0x7d, 0xef, 0x7d, 0xef, 0x7d, 0xef, 0x7d, 0xef, 0x7d, 0xef, 0x7d, 0xef, 0x7d, 0xef, 0x7d, 0xef, 0x7d, 0xef, 0x7d, 0xef, 0x7d, 0xef, 0x7d, 0xef, 0x7d, 0xef, 0x7d, 0xef, 0x7d, 0xef, 0x7d, 0xef, 0x7d, 0xef, 0x7d, 0xef, 0x7d, 0xef, 0x7d, 0xef, 0x7d, 0xef, 0x7d, 0xef, 0x7d, 0xef, 0x7d, 0xef, 0x7d, 0xef, 0x7d, 0xef, 0x7d, 0xef, 0x7d, 0xef, 0x7d, 0xef, 0x7d, 0xef, 0x7d, 0xef, 0x7d, 0xef, 0x7d, 0xef, 0x7d, 0xe7, 0x5d, 0xef, 0x7d, 0xef, 0x7d, 0xe7, 0x7c, 0xe7, 0x9b, 0xdf, 0xbb, 0xd7, 0xda, 0xcf, 0xf9, 0xc7, 0xf8, 0xc7, 0xf8, 0xc7, 0xf8, 0xc7, 0xf8, 0xc7, 0xf8, 0xc7, 0xf8, 0xc7, 0xf8, 0xc7, 0xf8, 0xc7, 0xf8, 0xc7, 0xf8, 0xc7, 0xf8, 0xc7, 0xf8, 0xc7, 0xf8, 0xc7, 0xf8, 0xc7, 0xf8, 0xc7, 0xf8, 
  0xc7, 0xf8, 0xc7, 0xf8, 0xc7, 0xf8, 0xc7, 0xf8, 0xc7, 0xf8, 0xc7, 0xf8, 0xc7, 0xf8, 0xc7, 0xf8, 0xc7, 0xf8, 0xc7, 0xf8, 0xc7, 0xf8, 0xc7, 0xf8, 0xc7, 0xf8, 0xc7, 0xf8, 0xc7, 0xf8, 0xc7, 0xf8, 0xc7, 0xf8, 0xcf, 0xf9, 0xcf, 0xd9, 0xd7, 0xda, 0xe7, 0xbb, 0xe7, 0xbc, 0xef, 0x9d, 0xef, 0x9d, 0xef, 0x7d, 0xef, 0x7d, 0xef, 0x7d, 0xef, 0x9d, 0xef, 0x7d, 0xef, 0x7d, 0xef, 0x7d, 0xef, 0x7d, 0xef, 0x9d, 0xef, 0x9d, 0xef, 0x9d, 0xef, 0x9d, 0xef, 0x9d, 0xef, 0x9d, 0xef, 0x9d, 0xef, 0x9d, 0xef, 0x7d, 0xef, 0x7d, 0xef, 0x7d, 0xef, 0x7d, 0xef, 0x7d, 0xef, 0x7d, 0xef, 0x7d, 0xef, 0x7d, 0xef, 0x7d, 0xef, 0x7d, 0xef, 0x7d, 0xef, 0x7d, 0xef, 0x7d, 0xef, 0x7d, 0xef, 0x7d, 0xef, 0x7d, 0xef, 0x7d, 0xef, 0x7d, 0xef, 0x7d, 0xef, 0x7d, 0xef, 0x7d, 0xef, 0x7d, 0xef, 0x7d, 0xef, 0x7d, 0xef, 0x7d, 0xef, 0x7d, 0xef, 0x7d, 0xef, 0x7d, 0xef, 0x7d, 0xef, 0x7d, 0xef, 0x7d, 0xef, 0x7d, 0xef, 0x7d, 0xef, 0x7d, 0xef, 0x7d, 0xef, 0x7d, 0xef, 0x7d, 0xef, 0x7d, 0xef, 0x7d, 0xef, 0x7d, 0xef, 0x7d, 0xef, 0x7d, 0xef, 0x7d, 0xef, 0x7d, 0xef, 0x7d, 0xef, 0x7d, 0xef, 0x7d, 0xef, 0x7d, 0xef, 0x7d, 0xef, 0x7d, 0xef, 0x7d, 0xef, 0x7d, 0xef, 0x7d, 0xef, 0x7d, 0xef, 0x7d, 0xef, 0x7d, 0xe7, 0x5d, 0xef, 0x5d, 0xef, 0x5d, 0xef, 0x7c, 0xe7, 0x9c, 0xdf, 0x9b, 0xd7, 0xda, 0xcf, 0xf9, 0xc7, 0xf9, 0xc7, 0xf8, 0xc7, 0xf8, 0xc7, 0xf8, 0xc7, 0xf8, 0xc7, 0xf8, 0xc7, 0xf8, 0xc7, 0xf8, 0xc7, 0xf8, 0xc7, 0xf8, 0xc7, 0xf8, 0xc7, 0xf8, 0xc7, 0xf8, 0xc7, 0xf8, 0xc7, 0xf8, 0xc7, 0xf8, 
  0xc7, 0xf8, 0xc7, 0xf8, 0xc7, 0xf8, 0xc7, 0xf8, 0xc7, 0xf8, 0xc7, 0xf8, 0xc7, 0xf8, 0xc7, 0xf8, 0xc7, 0xf8, 0xc7, 0xf8, 0xc7, 0xf8, 0xc7, 0xf8, 0xc7, 0xf8, 0xc7, 0xf8, 0xc7, 0xf8, 0xc7, 0xf8, 0xc7, 0xf9, 0xcf, 0xd9, 0xd7, 0xda, 0xdf, 0xdb, 0xe7, 0xbc, 0xef, 0xbc, 0xef, 0x9d, 0xef, 0x9d, 0xef, 0x7d, 0xef, 0x7d, 0xef, 0x7d, 0xef, 0x7d, 0xef, 0x9d, 0xef, 0x7d, 0xef, 0x7d, 0xef, 0x7d, 0xef, 0x9d, 0xef, 0x9d, 0xef, 0x9d, 0xef, 0x9d, 0xef, 0x9d, 0xef, 0x9d, 0xef, 0x9d, 0xef, 0x9d, 0xef, 0x7d, 0xef, 0x7d, 0xef, 0x7d, 0xef, 0x7d, 0xef, 0x7d, 0xef, 0x7d, 0xef, 0x7d, 0xef, 0x7d, 0xef, 0x7d, 0xef, 0x7d, 0xef, 0x7d, 0xef, 0x7d, 0xef, 0x7d, 0xef, 0x7d, 0xef, 0x7d, 0xef, 0x7d, 0xef, 0x7d, 0xef, 0x7d, 0xef, 0x7d, 0xef, 0x7d, 0xef, 0x7d, 0xef, 0x7d, 0xef, 0x7d, 0xef, 0x7d, 0xef, 0x7d, 0xef, 0x7d, 0xef, 0x7d, 0xef, 0x7d, 0xef, 0x7d, 0xef, 0x7d, 0xef, 0x7d, 0xef, 0x7d, 0xef, 0x7d, 0xef, 0x7d, 0xef, 0x7d, 0xef, 0x7d, 0xef, 0x7d, 0xef, 0x7d, 0xef, 0x7d, 0xef, 0x7d, 0xef, 0x7d, 0xef, 0x7d, 0xef, 0x7d, 0xef, 0x7d, 0xef, 0x7d, 0xef, 0x7d, 0xef, 0x7d, 0xef, 0x7d, 0xef, 0x7d, 0xef, 0x7d, 0xef, 0x7d, 0xef, 0x7d, 0xef, 0x7d, 0xef, 0x7d, 0xef, 0x7d, 0xef, 0x7d, 0xe7, 0x5d, 0xef, 0x5d, 0xef, 0x5d, 0xef, 0x7c, 0xe7, 0x7c, 0xdf, 0x9b, 0xd7, 0xba, 0xcf, 0xda, 0xc7, 0xf9, 0xc7, 0xf8, 0xc7, 0xf8, 0xc7, 0xf8, 0xc7, 0xf8, 0xc7, 0xf8, 0xc7, 0xf8, 0xc7, 0xf8, 0xc7, 0xf8, 0xc7, 0xf8, 0xc7, 0xf8, 0xc7, 0xf8, 0xc7, 0xf8, 0xc7, 0xf8, 0xc7, 0xf8, 0xc7, 0xf8, 
  0xc7, 0xf8, 0xc7, 0xf8, 0xc7, 0xf8, 0xc7, 0xf8, 0xc7, 0xf8, 0xc7, 0xf8, 0xc7, 0xf8, 0xc7, 0xf8, 0xc7, 0xf8, 0xc7, 0xf8, 0xc7, 0xf8, 0xc7, 0xf8, 0xc7, 0xf8, 0xc7, 0xf8, 0xc7, 0xf8, 0xc7, 0xf8, 0xcf, 0xd9, 0xd7, 0xda, 0xd7, 0xda, 0xdf, 0xdb, 0xe7, 0xbc, 0xef, 0x9d, 0xef, 0x9d, 0xef, 0x7d, 0xef, 0x7d, 0xef, 0x7d, 0xef, 0x9d, 0xef, 0x9d, 0xef, 0x9d, 0xef, 0x9d, 0xef, 0x7d, 0xef, 0x7d, 0xef, 0x7d, 0xef, 0x7d, 0xef, 0x7d, 0xef, 0x7d, 0xef, 0x7d, 0xef, 0x7d, 0xef, 0x7d, 0xef, 0x7d, 0xef, 0x7d, 0xef, 0x7d, 0xef, 0x7d, 0xef, 0x7d, 0xef, 0x7d, 0xef, 0x7d, 0xef, 0x7d, 0xef, 0x7d, 0xef, 0x7d, 0xef, 0x7d, 0xef, 0x7d, 0xef, 0x7d, 0xef, 0x7d, 0xef, 0x7d, 0xef, 0x7d, 0xef, 0x7d, 0xef, 0x7d, 0xef, 0x7d, 0xef, 0x7d, 0xef, 0x7d, 0xef, 0x7d, 0xef, 0x7d, 0xef, 0x7d, 0xef, 0x7d, 0xef, 0x7d, 0xef, 0x7d, 0xef, 0x7d, 0xef, 0x7d, 0xef, 0x7d, 0xef, 0x7d, 0xef, 0x7d, 0xef, 0x7d, 0xef, 0x7d, 0xef, 0x7d, 0xef, 0x7d, 0xef, 0x7d, 0xef, 0x7d, 0xef, 0x7d, 0xef, 0x7d, 0xef, 0x7d, 0xef, 0x7d, 0xef, 0x7d, 0xef, 0x7d, 0xef, 0x7d, 0xef, 0x7d, 0xef, 0x7d, 0xef, 0x7d, 0xef, 0x7d, 0xef, 0x5c, 0xef, 0x5c, 0xef, 0x5c, 0xef, 0x5c, 0xef, 0x5c, 0xef, 0x5c, 0xef, 0x5c, 0xef, 0x5d, 0xe7, 0x5d, 0xef, 0x5d, 0xef, 0x5d, 0xef, 0x5d, 0xef, 0x7c, 0xe7, 0x9b, 0xd7, 0xbb, 0xcf, 0xda, 0xcf, 0xf9, 0xc7, 0xf8, 0xc7, 0xf8, 0xc7, 0xf8, 0xc7, 0xf8, 0xc7, 0xf8, 0xc7, 0xf8, 0xc7, 0xf8, 0xc7, 0xf8, 0xc7, 0xf8, 0xc7, 0xf8, 0xc7, 0xf8, 0xc7, 0xf8, 0xc7, 0xf8, 0xc7, 0xf8, 0xc7, 0xf8, 
  0xc7, 0xf8, 0xc7, 0xf8, 0xc7, 0xf8, 0xc7, 0xf8, 0xc7, 0xf8, 0xc7, 0xf8, 0xc7, 0xf8, 0xc7, 0xf8, 0xc7, 0xf8, 0xc7, 0xf8, 0xc7, 0xf8, 0xc7, 0xf8, 0xc7, 0xf8, 0xc7, 0xf8, 0xc7, 0xf8, 0xc7, 0xf8, 0xcf, 0xd9, 0xd7, 0xda, 0xdf, 0xdb, 0xe7, 0xbc, 0xe7, 0x9c, 0xef, 0x7d, 0xef, 0x7d, 0xef, 0x7d, 0xef, 0x7d, 0xef, 0x7d, 0xef, 0x9d, 0xef, 0x9d, 0xef, 0x9d, 0xef, 0x9d, 0xef, 0x7d, 0xef, 0x7d, 0xef, 0x7d, 0xef, 0x7d, 0xef, 0x7d, 0xef, 0x7d, 0xef, 0x7d, 0xef, 0x7d, 0xef, 0x7d, 0xef, 0x7d, 0xef, 0x7d, 0xef, 0x7d, 0xef, 0x7d, 0xef, 0x7d, 0xef, 0x7d, 0xef, 0x7d, 0xef, 0x7d, 0xef, 0x7d, 0xef, 0x7d, 0xef, 0x7d, 0xef, 0x7d, 0xef, 0x7d, 0xef, 0x7d, 0xef, 0x7d, 0xef, 0x7d, 0xef, 0x7d, 0xef, 0x7d, 0xef, 0x7d, 0xef, 0x7d, 0xef, 0x7d, 0xef, 0x7d, 0xef, 0x7d, 0xef, 0x7d, 0xef, 0x7d, 0xef, 0x7d, 0xef, 0x7d, 0xef, 0x7d, 0xef, 0x7d, 0xef, 0x7d, 0xef, 0x7d, 0xef, 0x7d, 0xef, 0x7d, 0xef, 0x7d, 0xef, 0x7d, 0xef, 0x7d, 0xef, 0x7d, 0xef, 0x7d, 0xef, 0x7d, 0xef, 0x7d, 0xef, 0x5c, 0xef, 0x7d, 0xef, 0x7d, 0xef, 0x7d, 0xef, 0x7d, 0xef, 0x5c, 0xef, 0x5c, 0xef, 0x5c, 0xef, 0x5c, 0xef, 0x5c, 0xef, 0x5c, 0xef, 0x5c, 0xef, 0x5c, 0xef, 0x5c, 0xef, 0x5c, 0xef, 0x5c, 0xef, 0x5d, 0xef, 0x7d, 0xef, 0x5d, 0xef, 0x5d, 0xef, 0x5d, 0xef, 0x7c, 0xe7, 0x7c, 0xdf, 0xbb, 0xd7, 0xda, 0xcf, 0xf9, 0xc7, 0xf8, 0xc7, 0xf8, 0xc7, 0xf8, 0xc7, 0xf8, 0xc7, 0xf8, 0xc7, 0xf8, 0xc7, 0xf8, 0xc7, 0xf8, 0xc7, 0xf8, 0xc7, 0xf8, 0xc7, 0xf8, 0xc7, 0xf8, 0xc7, 0xf8, 0xc7, 0xf8, 0xc7, 0xf8, 
  0xc7, 0xf8, 0xc7, 0xf8, 0xc7, 0xf8, 0xc7, 0xf8, 0xc7, 0xf8, 0xc7, 0xf8, 0xc7, 0xf8, 0xc7, 0xf8, 0xc7, 0xf8, 0xc7, 0xf8, 0xc7, 0xf8, 0xc7, 0xf8, 0xc7, 0xf8, 0xc7, 0xf8, 0xc7, 0xf8, 0xcf, 0xf9, 0xcf, 0xd9, 0xdf, 0xdb, 0xdf, 0xdb, 0xe7, 0xbc, 0xe7, 0x9c, 0xef, 0x9d, 0xef, 0x7d, 0xef, 0x7d, 0xef, 0x7d, 0xef, 0x7d, 0xef, 0x7d, 0xef, 0x7d, 0xef, 0x7d, 0xef, 0x7d, 0xef, 0x7d, 0xef, 0x7d, 0xef, 0x9d, 0xef, 0x7d, 0xef, 0x7d, 0xef, 0x7d, 0xef, 0x7d, 0xef, 0x7d, 0xef, 0x7d, 0xef, 0x7d, 0xef, 0x7d, 0xef, 0x7d, 0xef, 0x7d, 0xef, 0x7d, 0xef, 0x7d, 0xef, 0x7d, 0xef, 0x7d, 0xef, 0x7d, 0xef, 0x7d, 0xef, 0x7d, 0xef, 0x7d, 0xef, 0x7d, 0xef, 0x7d, 0xef, 0x7d, 0xef, 0x7d, 0xef, 0x7d, 0xef, 0x7d, 0xef, 0x7d, 0xef, 0x7d, 0xef, 0x7d, 0xef, 0x7d, 0xef, 0x7d, 0xef, 0x7d, 0xef, 0x7d, 0xef, 0x7d, 0xef, 0x7d, 0xef, 0x7d, 0xef, 0x7d, 0xef, 0x7d, 0xef, 0x7d, 0xef, 0x7d, 0xef, 0x7d, 0xef, 0x7d, 0xef, 0x7d, 0xef, 0x7d, 0xef, 0x7d, 0xef, 0x7d, 0xef, 0x7d, 0xef, 0x7d, 0xef, 0x7d, 0xef, 0x5c, 0xef, 0x5c, 0xef, 0x5c, 0xef, 0x5c, 0xef, 0x5c, 0xef, 0x5c, 0xef, 0x5c, 0xef, 0x5c, 0xef, 0x5c, 0xef, 0x5c, 0xef, 0x7d, 0xef, 0x7d, 0xef, 0x7d, 0xef, 0x5c, 0xef, 0x5c, 0xe7, 0x5c, 0xe7, 0x5d, 0xef, 0x5d, 0xef, 0x5d, 0xef, 0x5d, 0xef, 0x5c, 0xe7, 0x7c, 0xdf, 0x9b, 0xd7, 0xda, 0xcf, 0xf9, 0xc7, 0xf8, 0xc7, 0xf8, 0xc7, 0xf8, 0xc7, 0xf8, 0xc7, 0xf8, 0xc7, 0xf8, 0xc7, 0xf8, 0xc7, 0xf8, 0xc7, 0xf8, 0xc7, 0xf8, 0xc7, 0xf8, 0xc7, 0xf8, 0xc7, 0xf8, 0xc7, 0xf8, 0xc7, 0xf8, 
  0xc7, 0xf8, 0xc7, 0xf8, 0xc7, 0xf8, 0xc7, 0xf8, 0xc7, 0xf8, 0xc7, 0xf8, 0xc7, 0xf8, 0xc7, 0xf8, 0xc7, 0xf8, 0xc7, 0xf8, 0xc7, 0xf8, 0xc7, 0xf8, 0xc7, 0xf8, 0xc7, 0xf8, 0xc7, 0xf8, 0xcf, 0xf9, 0xd7, 0xda, 0xdf, 0xbb, 0xe7, 0xbc, 0xe7, 0xbc, 0xef, 0x9d, 0xef, 0x7d, 0xef, 0x7d, 0xef, 0x5d, 0xef, 0x7d, 0xef, 0x7d, 0xef, 0x7d, 0xef, 0x7d, 0xef, 0x7d, 0xef, 0x7d, 0xef, 0x7d, 0xef, 0x7d, 0xef, 0x7d, 0xef, 0x7d, 0xef, 0x7d, 0xef, 0x7d, 0xef, 0x7d, 0xef, 0x7d, 0xef, 0x7d, 0xef, 0x7d, 0xef, 0x7d, 0xef, 0x7d, 0xef, 0x7d, 0xef, 0x7d, 0xef, 0x7d, 0xef, 0x7d, 0xef, 0x7d, 0xef, 0x7d, 0xef, 0x7d, 0xef, 0x7d, 0xef, 0x7d, 0xef, 0x7d, 0xef, 0x7d, 0xef, 0x7d, 0xef, 0x7d, 0xef, 0x7d, 0xef, 0x7d, 0xef, 0x7d, 0xef, 0x7d, 0xef, 0x7d, 0xef, 0x7d, 0xef, 0x7d, 0xef, 0x7d, 0xef, 0x7d, 0xef, 0x7d, 0xef, 0x7d, 0xef, 0x7d, 0xef, 0x7d, 0xef, 0x7d, 0xef, 0x7d, 0xef, 0x7d, 0xef, 0x7d, 0xef, 0x7d, 0xef, 0x7d, 0xef, 0x7d, 0xef, 0x7d, 0xef, 0x7d, 0xef, 0x7d, 0xef, 0x7d, 0xef, 0x7d, 0xef, 0x5c, 0xef, 0x5c, 0xef, 0x5c, 0xef, 0x5c, 0xef, 0x5c, 0xef, 0x5c, 0xef, 0x5c, 0xef, 0x5c, 0xef, 0x5c, 0xef, 0x5c, 0xef, 0x7d, 0xef, 0x7d, 0xef, 0x7d, 0xef, 0x7d, 0xef, 0x5c, 0xef, 0x5d, 0xe7, 0x7d, 0xef, 0x5d, 0xef, 0x5d, 0xef, 0x5d, 0xef, 0x5d, 0xe7, 0x7c, 0xdf, 0x9b, 0xd7, 0xba, 0xcf, 0xf9, 0xc7, 0xf8, 0xc7, 0xf8, 0xc7, 0xf8, 0xc7, 0xf8, 0xc7, 0xf8, 0xc7, 0xf8, 0xc7, 0xf8, 0xc7, 0xf8, 0xc7, 0xf8, 0xc7, 0xf8, 0xc7, 0xf8, 0xc7, 0xf8, 0xc7, 0xf8, 0xc7, 0xf8, 0xc7, 0xf8, 
  0xc7, 0xf8, 0xc7, 0xf8, 0xc7, 0xf8, 0xc7, 0xf8, 0xc7, 0xf8, 0xc7, 0xf8, 0xc7, 0xf8, 0xc7, 0xf8, 0xc7, 0xf8, 0xc7, 0xf8, 0xc7, 0xf8, 0xc7, 0xf8, 0xc7, 0xf8, 0xc7, 0xf8, 0xc7, 0xf8, 0xcf, 0xf9, 0xd7, 0xba, 0xdf, 0xbb, 0xe7, 0xbc, 0xe7, 0x9c, 0xef, 0x7d, 0xef, 0x7d, 0xef, 0x7d, 0xef, 0x5d, 0xef, 0x7d, 0xef, 0x7d, 0xef, 0x7d, 0xef, 0x7d, 0xef, 0x7d, 0xef, 0x7d, 0xef, 0x7d, 0xef, 0x7d, 0xef, 0x7d, 0xef, 0x7d, 0xef, 0x7d, 0xef, 0x7d, 0xef, 0x7d, 0xef, 0x7d, 0xef, 0x7d, 0xef, 0x7d, 0xef, 0x7d, 0xef, 0x7d, 0xef, 0x7d, 0xef, 0x7d, 0xef, 0x7d, 0xef, 0x7d, 0xef, 0x7d, 0xef, 0x7d, 0xef, 0x7d, 0xef, 0x7d, 0xef, 0x7d, 0xef, 0x7d, 0xef, 0x7d, 0xef, 0x7d, 0xef, 0x7d, 0xef, 0x7d, 0xef, 0x7d, 0xef, 0x7d, 0xef, 0x7d, 0xef, 0x7d, 0xef, 0x7d, 0xef, 0x7d, 0xef, 0x7d, 0xef, 0x7d, 0xef, 0x7d, 0xef, 0x7d, 0xef, 0x7d, 0xef, 0x7d, 0xef, 0x7d, 0xef, 0x7d, 0xef, 0x7d, 0xef, 0x7d, 0xef, 0x7d, 0xef, 0x7d, 0xef, 0x7d, 0xef, 0x7d, 0xef, 0x7d, 0xef, 0x7d, 0xef, 0x7d, 0xef, 0x7d, 0xef, 0x5c, 0xef, 0x5c, 0xef, 0x5c, 0xef, 0x5c, 0xef, 0x5c, 0xef, 0x5c, 0xef, 0x5c, 0xef, 0x5c, 0xef, 0x5c, 0xef, 0x5c, 0xef, 0x5c, 0xef, 0x7d, 0xef, 0x7d, 0xef, 0x7d, 0xef, 0x5c, 0xe7, 0x5c, 0xe7, 0x5c, 0xe7, 0x5d, 0xef, 0x5d, 0xef, 0x3d, 0xef, 0x5d, 0xe7, 0x7c, 0xdf, 0x9c, 0xd7, 0xdb, 0xcf, 0xd9, 0xc7, 0xf8, 0xc7, 0xf8, 0xc7, 0xf7, 0xc7, 0xf8, 0xc7, 0xf8, 0xc7, 0xf8, 0xc7, 0xf8, 0xc7, 0xf8, 0xc7, 0xf8, 0xc7, 0xf8, 0xc7, 0xf8, 0xc7, 0xf8, 0xc7, 0xf8, 0xc7, 0xf8, 0xc7, 0xf8, 
  0xc7, 0xf8, 0xc7, 0xf8, 0xc7, 0xf8, 0xc7, 0xf8, 0xc7, 0xf8, 0xc7, 0xf8, 0xc7, 0xf8, 0xc7, 0xf8, 0xc7, 0xf8, 0xc7, 0xf8, 0xc7, 0xf8, 0xc7, 0xf8, 0xc7, 0xf8, 0xc7, 0xf8, 0xc7, 0xf8, 0xcf, 0xf9, 0xd7, 0xba, 0xdf, 0xbb, 0xe7, 0xbc, 0xe7, 0x9c, 0xef, 0x7d, 0xef, 0x7d, 0xef, 0x7d, 0xef, 0x5d, 0xef, 0x7d, 0xef, 0x7d, 0xef, 0x7d, 0xef, 0x7d, 0xef, 0x7d, 0xef, 0x7d, 0xef, 0x7d, 0xef, 0x7d, 0xef, 0x7d, 0xef, 0x7d, 0xef, 0x7d, 0xef, 0x7d, 0xef, 0x7d, 0xef, 0x7d, 0xef, 0x7d, 0xef, 0x7d, 0xef, 0x7d, 0xef, 0x7d, 0xef, 0x7d, 0xef, 0x7d, 0xef, 0x7d, 0xef, 0x7d, 0xef, 0x7d, 0xef, 0x7d, 0xef, 0x7d, 0xef, 0x7d, 0xef, 0x7d, 0xef, 0x7d, 0xef, 0x7d, 0xef, 0x7d, 0xef, 0x7d, 0xef, 0x7d, 0xef, 0x7d, 0xef, 0x7d, 0xef, 0x7d, 0xef, 0x7d, 0xef, 0x7d, 0xef, 0x7d, 0xef, 0x7d, 0xef, 0x7d, 0xef, 0x7d, 0xef, 0x7d, 0xef, 0x7d, 0xef, 0x7d, 0xef, 0x7d, 0xef, 0x7d, 0xef, 0x7d, 0xef, 0x7d, 0xef, 0x7d, 0xef, 0x7d, 0xef, 0x7d, 0xef, 0x7d, 0xef, 0x7d, 0xef, 0x7d, 0xef, 0x7d, 0xef, 0x7d, 0xef, 0x5c, 0xef, 0x5c, 0xef, 0x5c, 0xef, 0x5c, 0xef, 0x5c, 0xef, 0x5c, 0xef, 0x5c, 0xef, 0x5c, 0xef, 0x5c, 0xef, 0x5c, 0xef, 0x5c, 0xef, 0x5c, 0xef, 0x5c, 0xe7, 0x5c, 0xe7, 0x5c, 0xe7, 0x5c, 0xe7, 0x7c, 0xe7, 0x5c, 0xef, 0x3d, 0xef, 0x3d, 0xef, 0x5d, 0xef, 0x5d, 0xdf, 0x9c, 0xd7, 0xbb, 0xcf, 0xd9, 0xc7, 0xf8, 0xc7, 0xf8, 0xc7, 0xf7, 0xc7, 0xf7, 0xc7, 0xf8, 0xc7, 0xf8, 0xc7, 0xf8, 0xc7, 0xf8, 0xc7, 0xf8, 0xc7, 0xf8, 0xc7, 0xf8, 0xc7, 0xf8, 0xc7, 0xf8, 0xc7, 0xf8, 0xc7, 0xf8, 
  0xc7, 0xf8, 0xc7, 0xf8, 0xc7, 0xf8, 0xc7, 0xf8, 0xc7, 0xf8, 0xc7, 0xf8, 0xc7, 0xf8, 0xc7, 0xf8, 0xc7, 0xf8, 0xc7, 0xf8, 0xc7, 0xf8, 0xc7, 0xf8, 0xc7, 0xf8, 0xc7, 0xf8, 0xc7, 0xf8, 0xcf, 0xf9, 0xd7, 0xba, 0xdf, 0xbb, 0xe7, 0xbc, 0xe7, 0x9c, 0xef, 0x7d, 0xef, 0x7d, 0xef, 0x7d, 0xef, 0x5d, 0xef, 0x7d, 0xef, 0x7d, 0xef, 0x9d, 0xef, 0x9d, 0xef, 0x7d, 0xef, 0x7d, 0xef, 0x7d, 0xef, 0x7d, 0xef, 0x7d, 0xef, 0x7d, 0xef, 0x7d, 0xef, 0x7d, 0xef, 0x7d, 0xef, 0x7d, 0xef, 0x7d, 0xef, 0x7d, 0xef, 0x7d, 0xef, 0x7d, 0xef, 0x7d, 0xef, 0x7d, 0xef, 0x7d, 0xef, 0x7d, 0xef, 0x7d, 0xef, 0x7d, 0xef, 0x7d, 0xef, 0x7d, 0xef, 0x7d, 0xef, 0x7d, 0xef, 0x7d, 0xef, 0x7d, 0xef, 0x7d, 0xef, 0x7d, 0xef, 0x7d, 0xef, 0x7d, 0xef, 0x7d, 0xef, 0x7d, 0xef, 0x7d, 0xef, 0x7d, 0xef, 0x7d, 0xef, 0x7d, 0xef, 0x7d, 0xef, 0x7d, 0xef, 0x7d, 0xef, 0x7d, 0xef, 0x7d, 0xef, 0x7d, 0xef, 0x7d, 0xef, 0x7d, 0xef, 0x5c, 0xef, 0x5c, 0xef, 0x5c, 0xef, 0x5c, 0xef, 0x5c, 0xef, 0x5c, 0xef, 0x5c, 0xef, 0x5c, 0xef, 0x5c, 0xef, 0x5c, 0xef, 0x5c, 0xef, 0x5c, 0xef, 0x5c, 0xef, 0x5c, 0xef, 0x5c, 0xef, 0x5c, 0xef, 0x5c, 0xef, 0x5c, 0xe7, 0x5c, 0xe7, 0x5c, 0xe7, 0x5c, 0xe7, 0x5c, 0xe7, 0x5c, 0xe7, 0x5c, 0xe7, 0x7c, 0xe7, 0x5c, 0xef, 0x5d, 0xef, 0x3d, 0xef, 0x3d, 0xef, 0x5d, 0xdf, 0x7c, 0xd7, 0xbb, 0xcf, 0xd9, 0xc7, 0xf8, 0xc7, 0xf8, 0xc7, 0xf7, 0xc7, 0xf7, 0xc7, 0xf8, 0xc7, 0xf8, 0xc7, 0xf8, 0xc7, 0xf8, 0xc7, 0xf8, 0xc7, 0xf8, 0xc7, 0xf8, 0xc7, 0xf8, 0xc7, 0xf8, 0xc7, 0xf8, 0xc7, 0xf8, 
  0xc7, 0xf8, 0xc7, 0xf8, 0xc7, 0xf8, 0xc7, 0xf8, 0xc7, 0xf8, 0xc7, 0xf8, 0xc7, 0xf8, 0xc7, 0xf8, 0xc7, 0xf8, 0xc7, 0xf8, 0xc7, 0xf8, 0xc7, 0xf8, 0xc7, 0xf8, 0xc7, 0xf8, 0xc7, 0xf8, 0xcf, 0xf9, 0xd7, 0xba, 0xdf, 0xbb, 0xe7, 0xbc, 0xe7, 0x9c, 0xef, 0x7d, 0xef, 0x7d, 0xef, 0x7d, 0xef, 0x7d, 0xef, 0x7d, 0xef, 0x7d, 0xef, 0x9d, 0xef, 0x9d, 0xef, 0x7d, 0xef, 0x7d, 0xef, 0x7d, 0xef, 0x7d, 0xef, 0x7d, 0xef, 0x7d, 0xef, 0x7d, 0xef, 0x7d, 0xef, 0x7d, 0xef, 0x7d, 0xef, 0x7d, 0xef, 0x7d, 0xef, 0x7d, 0xef, 0x7d, 0xef, 0x7d, 0xef, 0x7d, 0xef, 0x7d, 0xef, 0x7d, 0xef, 0x7d, 0xef, 0x7d, 0xef, 0x7d, 0xef, 0x7d, 0xef, 0x7d, 0xef, 0x7d, 0xef, 0x7d, 0xef, 0x7d, 0xef, 0x7d, 0xef, 0x7d, 0xef, 0x7d, 0xef, 0x7d, 0xef, 0x7d, 0xef, 0x7d, 0xef, 0x7d, 0xef, 0x7d, 0xef, 0x7d, 0xef, 0x7d, 0xef, 0x7d, 0xef, 0x7d, 0xef, 0x7d, 0xef, 0x7d, 0xef, 0x7d, 0xef, 0x7d, 0xef, 0x7d, 0xef, 0x7d, 0xef, 0x5c, 0xef, 0x5c, 0xef, 0x5c, 0xef, 0x5c, 0xef, 0x5c, 0xef, 0x5c, 0xef, 0x5c, 0xef, 0x5c, 0xef, 0x5c, 0xef, 0x5c, 0xef, 0x5c, 0xef, 0x5c, 0xef, 0x5c, 0xef, 0x5c, 0xef, 0x5c, 0xef, 0x5c, 0xef, 0x5c, 0xef, 0x5c, 0xe7, 0x5c, 0xe7, 0x5c, 0xe7, 0x5c, 0xe7, 0x5c, 0xe7, 0x5c, 0xe7, 0x5c, 0xe7, 0x7c, 0xe7, 0x7c, 0xef, 0x5d, 0xef, 0x3d, 0xef, 0x3d, 0xef, 0x5d, 0xdf, 0x7c, 0xd7, 0xbb, 0xcf, 0xd9, 0xc7, 0xf8, 0xc7, 0xf7, 0xc7, 0xf7, 0xc7, 0xf7, 0xc7, 0xf8, 0xc7, 0xf8, 0xc7, 0xf8, 0xc7, 0xf8, 0xc7, 0xf8, 0xc7, 0xf8, 0xc7, 0xf8, 0xc7, 0xf8, 0xc7, 0xf8, 0xc7, 0xf8, 0xc7, 0xf8, 
  0xc7, 0xf8, 0xc7, 0xf8, 0xc7, 0xf8, 0xc7, 0xf8, 0xc7, 0xf8, 0xc7, 0xf8, 0xc7, 0xf8, 0xc7, 0xf8, 0xc7, 0xf8, 0xc7, 0xf8, 0xc7, 0xf8, 0xc7, 0xf8, 0xc7, 0xf8, 0xc7, 0xf8, 0xc7, 0xf8, 0xcf, 0xf9, 0xd7, 0xba, 0xdf, 0xbc, 0xe7, 0xbc, 0xe7, 0x9c, 0xef, 0x7d, 0xef, 0x7d, 0xef, 0x7d, 0xef, 0x7d, 0xef, 0x7d, 0xef, 0x7d, 0xe7, 0x7d, 0xe7, 0x7d, 0xef, 0x7d, 0xef, 0x7d, 0xef, 0x7d, 0xef, 0x7d, 0xef, 0x7d, 0xef, 0x7d, 0xef, 0x7d, 0xef, 0x7d, 0xef, 0x7d, 0xef, 0x7d, 0xef, 0x7d, 0xef, 0x7d, 0xef, 0x7d, 0xef, 0x7d, 0xef, 0x7d, 0xef, 0x7d, 0xef, 0x7d, 0xef, 0x7d, 0xef, 0x7d, 0xef, 0x7d, 0xef, 0x7d, 0xef, 0x7d, 0xef, 0x7d, 0xef, 0x7d, 0xef, 0x7d, 0xef, 0x7d, 0xef, 0x7d, 0xef, 0x7d, 0xef, 0x7d, 0xef, 0x7d, 0xef, 0x7d, 0xef, 0x7d, 0xef, 0x7d, 0xef, 0x7d, 0xef, 0x7d, 0xef, 0x7d, 0xef, 0x7d, 0xef, 0x7d, 0xef, 0x7d, 0xef, 0x7d, 0xef, 0x7d, 0xef, 0x7d, 0xef, 0x7d, 0xef, 0x7d, 0xef, 0x5c, 0xef, 0x5c, 0xef, 0x5c, 0xef, 0x5c, 0xef, 0x5c, 0xef, 0x5c, 0xef, 0x5c, 0xef, 0x5c, 0xef, 0x5c, 0xef, 0x5c, 0xef, 0x5c, 0xef, 0x5c, 0xef, 0x5c, 0xef, 0x5c, 0xef, 0x5c, 0xef, 0x5c, 0xef, 0x5c, 0xe7, 0x5c, 0xe7, 0x5c, 0xe7, 0x5c, 0xe7, 0x5c, 0xef, 0x5c, 0xef, 0x5c, 0xe7, 0x7c, 0xe7, 0x7c, 0xe7, 0x7c, 0xef, 0x5d, 0xef, 0x3d, 0xef, 0x3d, 0xef, 0x5d, 0xdf, 0x7c, 0xd7, 0xbb, 0xcf, 0xd9, 0xc7, 0xf8, 0xc7, 0xf7, 0xc7, 0xf7, 0xc7, 0xf7, 0xc7, 0xf8, 0xc7, 0xf8, 0xc7, 0xf8, 0xc7, 0xf8, 0xc7, 0xf8, 0xc7, 0xf8, 0xc7, 0xf8, 0xc7, 0xf8, 0xc7, 0xf8, 0xc7, 0xf8, 0xc7, 0xf8, 
  0xc7, 0xf8, 0xc7, 0xf8, 0xc7, 0xf8, 0xc7, 0xf8, 0xc7, 0xf8, 0xc7, 0xf8, 0xc7, 0xf8, 0xc7, 0xf8, 0xc7, 0xf8, 0xc7, 0xf8, 0xc7, 0xf8, 0xc7, 0xf8, 0xc7, 0xf8, 0xc7, 0xf8, 0xc7, 0xf8, 0xcf, 0xf9, 0xdf, 0xbb, 0xe7, 0xbc, 0xe7, 0xbc, 0xe7, 0x9c, 0xef, 0x7d, 0xef, 0x7d, 0xef, 0x7d, 0xef, 0x7d, 0xef, 0x7d, 0xef, 0x7d, 0xe7, 0x7d, 0xe7, 0x7d, 0xef, 0x7d, 0xef, 0x7d, 0xef, 0x7d, 0xef, 0x7d, 0xef, 0x7d, 0xef, 0x7d, 0xef, 0x7d, 0xef, 0x7d, 0xef, 0x7d, 0xef, 0x7d, 0xef, 0x7d, 0xef, 0x7d, 0xef, 0x7d, 0xef, 0x7d, 0xef, 0x7d, 0xef, 0x7d, 0xef, 0x7d, 0xef, 0x7d, 0xef, 0x7d, 0xef, 0x7d, 0xef, 0x7d, 0xef, 0x7d, 0xef, 0x7d, 0xef, 0x7d, 0xef, 0x7d, 0xef, 0x7d, 0xef, 0x7d, 0xef, 0x5c, 0xef, 0x7d, 0xef, 0x7d, 0xef, 0x7d, 0xef, 0x7d, 0xef, 0x7d, 0xef, 0x7d, 0xef, 0x7d, 0xef, 0x7d, 0xef, 0x7d, 0xef, 0x7d, 0xef, 0x7d, 0xef, 0x7d, 0xef, 0x7d, 0xef, 0x7d, 0xef, 0x7d, 0xef, 0x7d, 0xef, 0x5c, 0xef, 0x5c, 0xef, 0x5c, 0xef, 0x5c, 0xef, 0x5c, 0xef, 0x5c, 0xef, 0x5c, 0xef, 0x5d, 0xef, 0x5d, 0xef, 0x5d, 0xef, 0x5d, 0xef, 0x5d, 0xef, 0x5d, 0xef, 0x5d, 0xef, 0x5d, 0xef, 0x5d, 0xe7, 0x5c, 0xe7, 0x5c, 0xe7, 0x5c, 0xef, 0x5c, 0xef, 0x5d, 0xef, 0x7d, 0xef, 0x7d, 0xef, 0x7d, 0xef, 0x9d, 0xef, 0x7d, 0xef, 0x5d, 0xef, 0x5d, 0xef, 0x3d, 0xef, 0x5d, 0xe7, 0x7c, 0xdf, 0xbb, 0xd7, 0xda, 0xcf, 0xf9, 0xcf, 0xf8, 0xc7, 0xf8, 0xc7, 0xf8, 0xc7, 0xf8, 0xc7, 0xf8, 0xc7, 0xf8, 0xc7, 0xf8, 0xc7, 0xf8, 0xc7, 0xf8, 0xc7, 0xf8, 0xc7, 0xf8, 0xc7, 0xf8, 0xc7, 0xf8, 0xc7, 0xf8, 
  0xc7, 0xf8, 0xc7, 0xf8, 0xc7, 0xf8, 0xc7, 0xf8, 0xcf, 0xf8, 0xcf, 0xf8, 0xc7, 0xf8, 0xc7, 0xf8, 0xc7, 0xf8, 0xc7, 0xf8, 0xc7, 0xf8, 0xc7, 0xf8, 0xc7, 0xf8, 0xc7, 0xf8, 0xcf, 0xf8, 0xcf, 0xd9, 0xdf, 0xbb, 0xe7, 0x9c, 0xe7, 0x9c, 0xe7, 0x9d, 0xef, 0x9d, 0xef, 0x7d, 0xef, 0x7d, 0xef, 0x7d, 0xef, 0x7d, 0xef, 0x7d, 0xef, 0x7d, 0xef, 0x7d, 0xef, 0x7d, 0xef, 0x7d, 0xef, 0x7d, 0xef, 0x7d, 0xef, 0x7d, 0xef, 0x7d, 0xef, 0x7d, 0xef, 0x7d, 0xef, 0x7d, 0xef, 0x7d, 0xef, 0x7d, 0xef, 0x7d, 0xef, 0x7d, 0xef, 0x7d, 0xef, 0x7d, 0xef, 0x7d, 0xef, 0x7c, 0xef, 0x7c, 0xef, 0x7c, 0xef, 0x7c, 0xe7, 0x7c, 0xe7, 0x7c, 0xe7, 0x7c, 0xe7, 0x7c, 0xe7, 0x7c, 0xe7, 0x7c, 0xe7, 0x7c, 0xe7, 0x7c, 0xe7, 0x7c, 0xe7, 0x7c, 0xe7, 0x7c, 0xe7, 0x7c, 0xe7, 0x7c, 0xe7, 0x7c, 0xe7, 0x7c, 0xe7, 0x5c, 0xe7, 0x5c, 0xe7, 0x5c, 0xe7, 0x5c, 0xef, 0x5c, 0xef, 0x5c, 0xef, 0x5c, 0xef, 0x5c, 0xef, 0x5c, 0xef, 0x5c, 0xe7, 0x5c, 0xe7, 0x5c, 0xef, 0x5c, 0xef, 0x5c, 0xef, 0x5c, 0xe7, 0x5c, 0xe7, 0x5c, 0xe7, 0x5c, 0xe7, 0x5d, 0xef, 0x7d, 0xef, 0x5d, 0xe7, 0x5d, 0xe7, 0x3c, 0xe7, 0x5d, 0xef, 0x5d, 0xef, 0x5d, 0xef, 0x7d, 0xef, 0x9e, 0xf7, 0x9e, 0xf7, 0xbe, 0xf7, 0xbe, 0xf7, 0xbe, 0xf7, 0xbf, 0xf7, 0xbf, 0xf7, 0xbf, 0xff, 0xdf, 0xff, 0xbf, 0xf7, 0xbf, 0xf7, 0x9e, 0xef, 0x9d, 0xe7, 0x9c, 0xdf, 0x9b, 0xd7, 0xba, 0xcf, 0xd9, 0xcf, 0xf8, 0xc7, 0xf8, 0xc7, 0xf8, 0xc7, 0xf8, 0xbf, 0xf7, 0xbf, 0xf8, 0xc7, 0xf8, 0xc7, 0xf8, 0xc7, 0xf8, 0xcf, 0xf8, 0xcf, 0xf8, 0xcf, 0xf8, 0xcf, 0xd8, 
  0xc7, 0xf8, 0xc7, 0xf8, 0xc7, 0xf8, 0xc7, 0xf8, 0xcf, 0xf8, 0xcf, 0xf8, 0xc7, 0xf8, 0xc7, 0xf8, 0xc7, 0xf8, 0xc7, 0xf8, 0xc7, 0xf8, 0xc7, 0xf8, 0xc7, 0xf8, 0xcf, 0xf9, 0xcf, 0xd9, 0xd7, 0xda, 0xdf, 0x9c, 0xe7, 0x9c, 0xe7, 0x9d, 0xe7, 0x9d, 0xef, 0x9d, 0xef, 0x9d, 0xef, 0x7d, 0xef, 0x7d, 0xef, 0x7d, 0xef, 0x7d, 0xef, 0x7d, 0xef, 0x7d, 0xef, 0x7d, 0xef, 0x7d, 0xef, 0x7d, 0xef, 0x7d, 0xef, 0x7d, 0xef, 0x7d, 0xef, 0x7d, 0xef, 0x7d, 0xef, 0x7d, 0xef, 0x7d, 0xef, 0x7d, 0xef, 0x7c, 0xef, 0x7d, 0xef, 0x7d, 0xef, 0x7d, 0xef, 0x7d, 0xef, 0x7c, 0xef, 0x7c, 0xef, 0x7c, 0xef, 0x7c, 0xe7, 0x5c, 0xe7, 0x7c, 0xe7, 0x7c, 0xe7, 0x7c, 0xe7, 0x7c, 0xe7, 0x7c, 0xe7, 0x7c, 0xe7, 0x7c, 0xe7, 0x7c, 0xe7, 0x7c, 0xe7, 0x7c, 0xe7, 0x7c, 0xe7, 0x7c, 0xe7, 0x7c, 0xe7, 0x7c, 0xe7, 0x5c, 0xe7, 0x5c, 0xe7, 0x5c, 0xef, 0x5c, 0xef, 0x5c, 0xef, 0x5c, 0xef, 0x5c, 0xef, 0x5c, 0xef, 0x5c, 0xef, 0x5c, 0xe7, 0x5c, 0xe7, 0x5c, 0xe7, 0x5c, 0xef, 0x5c, 0xef, 0x5c, 0xef, 0x5c, 0xef, 0x5d, 0xef, 0x5d, 0xe7, 0x5d, 0xe7, 0x5d, 0xe7, 0x5d, 0xe7, 0x5d, 0xef, 0x7d, 0xef, 0x7e, 0xf7, 0x9e, 0xf7, 0xbe, 0xf7, 0xbe, 0xf7, 0xbf, 0xff, 0xbf, 0xff, 0xdf, 0xff, 0xdf, 0xff, 0xbf, 0xff, 0xbf, 0xff, 0xbf, 0xff, 0xbf, 0xff, 0xbf, 0xf7, 0xbf, 0xf7, 0xbf, 0xf7, 0xbe, 0xf7, 0xde, 0xf7, 0xde, 0xef, 0xdc, 0xe7, 0xdb, 0xdf, 0xda, 0xd7, 0xd9, 0xcf, 0xd9, 0xc7, 0xf8, 0xc7, 0xf8, 0xc7, 0xf8, 0xbf, 0xf8, 0xbf, 0xf8, 0xc7, 0xf8, 0xc7, 0xf8, 0xcf, 0xf8, 0xcf, 0xf8, 0xcf, 0xf8, 0xcf, 0xf8, 
  0xc7, 0xf8, 0xc7, 0xf8, 0xc7, 0xf8, 0xc7, 0xf8, 0xc7, 0xf8, 0xc7, 0xf8, 0xc7, 0xf8, 0xc7, 0xf8, 0xc7, 0xf8, 0xc7, 0xf8, 0xc7, 0xf8, 0xc7, 0xf9, 0xcf, 0xf9, 0xd7, 0xd9, 0xd7, 0xda, 0xdf, 0xbb, 0xe7, 0x9c, 0xe7, 0x9d, 0xe7, 0x9d, 0xe7, 0x9d, 0xef, 0x9d, 0xef, 0x9d, 0xef, 0x7d, 0xef, 0x7d, 0xef, 0x7d, 0xef, 0x7d, 0xef, 0x7d, 0xef, 0x7d, 0xef, 0x7d, 0xef, 0x7d, 0xef, 0x7d, 0xef, 0x7d, 0xef, 0x7d, 0xef, 0x7d, 0xef, 0x7d, 0xef, 0x7d, 0xef, 0x7d, 0xef, 0x7d, 0xef, 0x7d, 0xef, 0x7d, 0xef, 0x7d, 0xef, 0x7d, 0xef, 0x7d, 0xef, 0x7d, 0xef, 0x7d, 0xef, 0x7d, 0xef, 0x7d, 0xef, 0x7d, 0xef, 0x5c, 0xef, 0x5c, 0xef, 0x5c, 0xef, 0x5c, 0xef, 0x5c, 0xef, 0x5c, 0xef, 0x5c, 0xef, 0x5c, 0xef, 0x5c, 0xef, 0x5c, 0xef, 0x5c, 0xef, 0x5c, 0xef, 0x5c, 0xef, 0x5c, 0xef, 0x5c, 0xef, 0x5c, 0xef, 0x5c, 0xef, 0x5c, 0xef, 0x5c, 0xef, 0x5c, 0xef, 0x5c, 0xe7, 0x5c, 0xe7, 0x5c, 0xe7, 0x5c, 0xe7, 0x5c, 0xe7, 0x5c, 0xe7, 0x5c, 0xe7, 0x5c, 0xe7, 0x5c, 0xef, 0x5c, 0xef, 0x5c, 0xef, 0x7d, 0xe7, 0x5d, 0xe7, 0x5d, 0xe7, 0x5d, 0xef, 0x5d, 0xef, 0x7d, 0xf7, 0x9e, 0xf7, 0xbe, 0xf7, 0xbe, 0xff, 0xdf, 0xff, 0xdf, 0xff, 0xdf, 0xff, 0xbf, 0xff, 0xbf, 0xff, 0xbf, 0xf7, 0xbe, 0xf7, 0xbf, 0xff, 0xbf, 0xf7, 0xbf, 0xf7, 0xbf, 0xf7, 0xbf, 0xf7, 0xbf, 0xf7, 0xbe, 0xf7, 0xde, 0xf7, 0xde, 0xf7, 0xfe, 0xef, 0xfd, 0xe7, 0xfc, 0xdf, 0xdb, 0xd7, 0xda, 0xcf, 0xd9, 0xcf, 0xf9, 0xcf, 0xf9, 0xc7, 0xf8, 0xc7, 0xf8, 0xc7, 0xf8, 0xc7, 0xf8, 0xc7, 0xf8, 0xcf, 0xf8, 0xcf, 0xf8, 0xcf, 0xf8, 
  0xc7, 0xf8, 0xc7, 0xf8, 0xc7, 0xf8, 0xc7, 0xf8, 0xc7, 0xf8, 0xc7, 0xf8, 0xc7, 0xf8, 0xc7, 0xf8, 0xc7, 0xf8, 0xc7, 0xf8, 0xcf, 0xf9, 0xcf, 0xd9, 0xd7, 0xda, 0xd7, 0xba, 0xdf, 0xbb, 0xe7, 0xbb, 0xe7, 0x9c, 0xe7, 0x9d, 0xe7, 0x9d, 0xef, 0x9d, 0xef, 0x9d, 0xef, 0x7d, 0xef, 0x7d, 0xef, 0x7d, 0xef, 0x7d, 0xef, 0x7d, 0xef, 0x7d, 0xef, 0x7d, 0xef, 0x7d, 0xef, 0x7d, 0xef, 0x7d, 0xef, 0x7d, 0xef, 0x7d, 0xef, 0x7d, 0xef, 0x7d, 0xef, 0x7d, 0xef, 0x7d, 0xef, 0x7d, 0xef, 0x7d, 0xef, 0x7d, 0xef, 0x7d, 0xef, 0x7d, 0xef, 0x7d, 0xef, 0x7d, 0xef, 0x7d, 0xef, 0x7d, 0xef, 0x7d, 0xef, 0x7d, 0xef, 0x5c, 0xef, 0x5c, 0xef, 0x5c, 0xef, 0x5c, 0xef, 0x5c, 0xef, 0x5c, 0xef, 0x5c, 0xef, 0x5c, 0xef, 0x5c, 0xef, 0x5c, 0xef, 0x5c, 0xef, 0x5c, 0xef, 0x5c, 0xef, 0x5c, 0xef, 0x5c, 0xef, 0x5c, 0xef, 0x5c, 0xef, 0x5c, 0xef, 0x5c, 0xef, 0x5c, 0xe7, 0x5c, 0xe7, 0x5c, 0xe7, 0x5c, 0xe7, 0x5c, 0xe7, 0x5c, 0xe7, 0x5c, 0xe7, 0x5c, 0xe7, 0x5c, 0xe7, 0x5c, 0xe7, 0x5c, 0xe7, 0x5c, 0xef, 0x5d, 0xe7, 0x5d, 0xef, 0x5d, 0xef, 0x7d, 0xf7, 0x9e, 0xf7, 0xbe, 0xf7, 0xbe, 0xf7, 0xbe, 0xf7, 0xbe, 0xf7, 0xbe, 0xf7, 0xbe, 0xf7, 0xbe, 0xf7, 0xbe, 0xf7, 0x9e, 0xf7, 0xbe, 0xf7, 0xbe, 0xf7, 0xbe, 0xf7, 0xbf, 0xf7, 0xbf, 0xf7, 0xbf, 0xf7, 0xbf, 0xf7, 0xbe, 0xf7, 0xbe, 0xf7, 0xbe, 0xf7, 0xbe, 0xf7, 0xde, 0xf7, 0xfe, 0xef, 0xfd, 0xe7, 0xfc, 0xe7, 0xfc, 0xdf, 0xdb, 0xd7, 0xba, 0xcf, 0xda, 0xcf, 0xf9, 0xc7, 0xf9, 0xc7, 0xf8, 0xc7, 0xf8, 0xc7, 0xf8, 0xc7, 0xf8, 0xc7, 0xf8, 0xc7, 0xf8, 
  0xcf, 0xf8, 0xcf, 0xf8, 0xc7, 0xf8, 0xc7, 0xf8, 0xc7, 0xf8, 0xc7, 0xf8, 0xc7, 0xf8, 0xc7, 0xf8, 0xc7, 0xf8, 0xcf, 0xf9, 0xd7, 0xd9, 0xd7, 0xda, 0xdf, 0xbb, 0xe7, 0xbb, 0xe7, 0x9c, 0xe7, 0x9c, 0xe7, 0x9d, 0xef, 0x9d, 0xef, 0x9d, 0xef, 0x9d, 0xef, 0x7d, 0xef, 0x7d, 0xef, 0x7d, 0xef, 0x7d, 0xef, 0x7d, 0xef, 0x7d, 0xef, 0x7d, 0xef, 0x7d, 0xef, 0x7d, 0xef, 0x7d, 0xef, 0x7d, 0xef, 0x7d, 0xef, 0x7d, 0xef, 0x7d, 0xef, 0x7d, 0xef, 0x7d, 0xef, 0x7d, 0xef, 0x7d, 0xef, 0x7d, 0xef, 0x7d, 0xef, 0x7d, 0xef, 0x7d, 0xef, 0x7d, 0xef, 0x7d, 0xef, 0x7d, 0xef, 0x7d, 0xef, 0x5c, 0xef, 0x5c, 0xef, 0x5c, 0xef, 0x5c, 0xef, 0x5c, 0xef, 0x5c, 0xef, 0x5c, 0xef, 0x5c, 0xef, 0x5c, 0xef, 0x5c, 0xef, 0x5c, 0xef, 0x5c, 0xef, 0x5c, 0xef, 0x5c, 0xef, 0x5c, 0xef, 0x5c, 0xef, 0x5c, 0xef, 0x5c, 0xef, 0x5c, 0xef, 0x5c, 0xef, 0x5c, 0xe7, 0x5c, 0xe7, 0x5c, 0xe7, 0x5c, 0xe7, 0x5c, 0xe7, 0x5c, 0xe7, 0x5c, 0xe7, 0x5c, 0xef, 0x5c, 0xef, 0x5c, 0xe7, 0x5c, 0xe7, 0x5c, 0xe7, 0x5c, 0xe7, 0x5c, 0xef, 0x5d, 0xef, 0x7e, 0xf7, 0xbe, 0xf7, 0xbe, 0xf7, 0xbf, 0xf7, 0xbe, 0xf7, 0xbe, 0xf7, 0xbe, 0xf7, 0xbe, 0xf7, 0xbe, 0xf7, 0xbe, 0xf7, 0xbe, 0xf7, 0xbe, 0xf7, 0xbe, 0xf7, 0xbe, 0xf7, 0xbf, 0xf7, 0xbe, 0xf7, 0xbe, 0xf7, 0xbe, 0xf7, 0xbe, 0xff, 0xbf, 0xff, 0xbf, 0xff, 0xbe, 0xff, 0xbe, 0xf7, 0xbe, 0xf7, 0xbe, 0xf7, 0xde, 0xf7, 0xde, 0xef, 0xfe, 0xef, 0xdd, 0xe7, 0xbc, 0xd7, 0xbb, 0xcf, 0xda, 0xcf, 0xf9, 0xc7, 0xf9, 0xc7, 0xf9, 0xc7, 0xf8, 0xc7, 0xf8, 0xc7, 0xf8, 0xc7, 0xf8, 
  0xcf, 0xf8, 0xcf, 0xf8, 0xc7, 0xf8, 0xc7, 0xf8, 0xc7, 0xf8, 0xc7, 0xf8, 0xc7, 0xf8, 0xc7, 0xf8, 0xcf, 0xf8, 0xd7, 0xd9, 0xdf, 0xba, 0xdf, 0xbb, 0xe7, 0xbc, 0xe7, 0x9c, 0xe7, 0x7d, 0xe7, 0x7d, 0xef, 0x7d, 0xef, 0x7d, 0xef, 0x7d, 0xef, 0x7d, 0xef, 0x7d, 0xef, 0x7d, 0xef, 0x7d, 0xef, 0x7d, 0xef, 0x7d, 0xef, 0x7d, 0xef, 0x5d, 0xef, 0x5d, 0xef, 0x7d, 0xef, 0x7d, 0xef, 0x7d, 0xef, 0x7d, 0xef, 0x7d, 0xef, 0x7d, 0xef, 0x7d, 0xef, 0x7d, 0xef, 0x7d, 0xef, 0x7d, 0xef, 0x7d, 0xef, 0x5c, 0xef, 0x7d, 0xef, 0x7d, 0xef, 0x7d, 0xef, 0x7d, 0xef, 0x5c, 0xef, 0x5c, 0xef, 0x5c, 0xef, 0x5c, 0xef, 0x5c, 0xef, 0x5c, 0xef, 0x5c, 0xef, 0x5c, 0xef, 0x5c, 0xef, 0x5c, 0xef, 0x5c, 0xef, 0x5c, 0xef, 0x5c, 0xef, 0x5c, 0xef, 0x5c, 0xef, 0x5c, 0xef, 0x5c, 0xef, 0x5c, 0xef, 0x5c, 0xef, 0x5c, 0xe7, 0x5c, 0xe7, 0x5c, 0xe7, 0x5c, 0xe7, 0x5c, 0xe7, 0x5c, 0xe7, 0x5c, 0xe7, 0x5c, 0xe7, 0x5c, 0xe7, 0x5c, 0xe7, 0x5c, 0xef, 0x5d, 0xef, 0x5d, 0xe7, 0x5c, 0xe7, 0x5c, 0xe7, 0x5c, 0xef, 0x5d, 0xef, 0x9e, 0xf7, 0x9e, 0xf7, 0xbe, 0xf7, 0xbe, 0xf7, 0xbe, 0xf7, 0x9e, 0xf7, 0xbe, 0xf7, 0xbe, 0xf7, 0xbe, 0xf7, 0xbe, 0xf7, 0xbe, 0xf7, 0xbe, 0xf7, 0xbe, 0xf7, 0xbe, 0xf7, 0xbe, 0xf7, 0xbe, 0xf7, 0xbe, 0xf7, 0xbe, 0xf7, 0xbe, 0xf7, 0xbe, 0xf7, 0x9e, 0xff, 0x9e, 0xff, 0x9f, 0xff, 0x9f, 0xff, 0x9e, 0xf7, 0x9e, 0xf7, 0x9e, 0xf7, 0xbe, 0xf7, 0xde, 0xf7, 0xde, 0xef, 0xbe, 0xe7, 0xbc, 0xd7, 0xba, 0xcf, 0xb9, 0xcf, 0xd9, 0xc7, 0xf9, 0xc7, 0xf9, 0xc7, 0xf8, 0xc7, 0xf8, 0xc7, 0xf8, 
  0xcf, 0xf8, 0xc7, 0xf8, 0xc7, 0xf8, 0xc7, 0xf8, 0xc7, 0xf8, 0xc7, 0xf8, 0xc7, 0xf8, 0xcf, 0xf9, 0xd7, 0xda, 0xdf, 0xba, 0xe7, 0x9b, 0xe7, 0x9c, 0xef, 0x7c, 0xef, 0x7d, 0xef, 0x7d, 0xef, 0x7d, 0xef, 0x7d, 0xef, 0x7d, 0xef, 0x7d, 0xef, 0x7d, 0xef, 0x7d, 0xef, 0x7d, 0xef, 0x7d, 0xef, 0x7d, 0xef, 0x5d, 0xef, 0x5d, 0xef, 0x5d, 0xef, 0x5d, 0xef, 0x5d, 0xef, 0x5d, 0xef, 0x5d, 0xef, 0x7d, 0xef, 0x7d, 0xef, 0x7d, 0xef, 0x7d, 0xef, 0x7d, 0xef, 0x7d, 0xef, 0x5c, 0xef, 0x5c, 0xef, 0x5c, 0xef, 0x7d, 0xef, 0x7d, 0xef, 0x5c, 0xef, 0x5c, 0xef, 0x5c, 0xef, 0x5c, 0xef, 0x5c, 0xef, 0x5c, 0xef, 0x5c, 0xef, 0x5c, 0xef, 0x5c, 0xef, 0x5c, 0xef, 0x5c, 0xef, 0x5c, 0xef, 0x5c, 0xef, 0x5c, 0xef, 0x5c, 0xef, 0x5c, 0xef, 0x5c, 0xef, 0x5c, 0xef, 0x5c, 0xef, 0x5c, 0xef, 0x5c, 0xef, 0x5d, 0xe7, 0x5c, 0xe7, 0x5d, 0xe7, 0x5d, 0xe7, 0x5d, 0xe7, 0x5d, 0xe7, 0x5d, 0xe7, 0x5d, 0xe7, 0x5d, 0xe7, 0x5d, 0xef, 0x5d, 0xef, 0x7d, 0xef, 0x5d, 0xe7, 0x5d, 0xef, 0x5d, 0xef, 0x7d, 0xef, 0x7d, 0xf7, 0xbe, 0xf7, 0xbe, 0xf7, 0xbe, 0xf7, 0xbe, 0xf7, 0x9e, 0xf7, 0x9e, 0xf7, 0xbe, 0xf7, 0xbe, 0xf7, 0x9e, 0xf7, 0x9e, 0xf7, 0x9e, 0xf7, 0x9e, 0xf7, 0x9e, 0xf7, 0x9e, 0xf7, 0x9e, 0xf7, 0x9e, 0xf7, 0xbe, 0xf7, 0xbe, 0xf7, 0xbe, 0xf7, 0x9e, 0xf7, 0x9e, 0xf7, 0x9e, 0xf7, 0x9e, 0xff, 0x9f, 0xff, 0x9f, 0xff, 0x9f, 0xf7, 0x9e, 0xf7, 0x9e, 0xf7, 0xbf, 0xf7, 0xbe, 0xf7, 0xbe, 0xef, 0xbe, 0xe7, 0xbc, 0xd7, 0xba, 0xcf, 0xba, 0xcf, 0xd9, 0xc7, 0xf9, 0xc7, 0xf8, 0xbf, 0xf8, 0xbf, 0xf8, 
  0xc7, 0xf7, 0xc7, 0xf7, 0xc7, 0xf8, 0xc7, 0xf8, 0xc7, 0xf8, 0xc7, 0xf9, 0xcf, 0xf9, 0xd7, 0xda, 0xdf, 0xbb, 0xe7, 0x9b, 0xef, 0x7c, 0xef, 0x7c, 0xef, 0x7d, 0xef, 0x7d, 0xef, 0x7d, 0xef, 0x7d, 0xef, 0x7d, 0xef, 0x7d, 0xef, 0x7d, 0xef, 0x7d, 0xef, 0x7d, 0xef, 0x7d, 0xef, 0x7d, 0xef, 0x7d, 0xef, 0x5d, 0xef, 0x5d, 0xef, 0x5d, 0xef, 0x5d, 0xef, 0x5d, 0xef, 0x5d, 0xef, 0x5d, 0xef, 0x5d, 0xef, 0x7d, 0xef, 0x7d, 0xef, 0x7d, 0xef, 0x7d, 0xef, 0x5c, 0xef, 0x5c, 0xef, 0x5c, 0xef, 0x5c, 0xef, 0x7d, 0xef, 0x5c, 0xef, 0x5c, 0xef, 0x5c, 0xef, 0x5c, 0xef, 0x5c, 0xef, 0x5c, 0xef, 0x5c, 0xef, 0x5d, 0xef, 0x5d, 0xef, 0x5d, 0xef, 0x5d, 0xef, 0x5d, 0xef, 0x5d, 0xef, 0x5d, 0xef, 0x5d, 0xef, 0x5d, 0xef, 0x5d, 0xef, 0x5d, 0xef, 0x5d, 0xef, 0x5d, 0xef, 0x5d, 0xef, 0x5d, 0xef, 0x5d, 0xe7, 0x5c, 0xe7, 0x5c, 0xe7, 0x5d, 0xe7, 0x5d, 0xe7, 0x5d, 0xe7, 0x5d, 0xef, 0x5d, 0xef, 0x5d, 0xef, 0x5d, 0xef, 0x7d, 0xef, 0x7d, 0xef, 0x5d, 0xe7, 0x5d, 0xef, 0x7d, 0xef, 0x9d, 0xf7, 0x9e, 0xf7, 0x9e, 0xf7, 0x9e, 0xf7, 0x9e, 0xf7, 0x9e, 0xf7, 0x9e, 0xf7, 0x9e, 0xf7, 0x9e, 0xf7, 0x9e, 0xf7, 0x9e, 0xf7, 0x9e, 0xf7, 0x9e, 0xf7, 0x9e, 0xf7, 0x9e, 0xf7, 0x9e, 0xf7, 0x9e, 0xf7, 0x9e, 0xf7, 0x9e, 0xf7, 0x9e, 0xf7, 0x9e, 0xf7, 0xbe, 0xff, 0x9e, 0xff, 0x9f, 0xff, 0x9f, 0xff, 0x9f, 0xff, 0x9f, 0xff, 0x9f, 0xff, 0x9f, 0xff, 0x9f, 0xf7, 0x9f, 0xf7, 0x9e, 0xf7, 0xbf, 0xf7, 0xbe, 0xef, 0xdd, 0xe7, 0xdc, 0xd7, 0xba, 0xcf, 0xda, 0xc7, 0xf9, 0xc7, 0xf8, 0xbf, 0xf8, 0xc7, 0xf8, 
  0xc7, 0xf7, 0xc7, 0xf7, 0xc7, 0xf8, 0xc7, 0xf8, 0xc7, 0xf9, 0xcf, 0xd9, 0xd7, 0xda, 0xdf, 0xbb, 0xe7, 0x9c, 0xef, 0x7c, 0xef, 0x5d, 0xef, 0x5d, 0xef, 0x5d, 0xef, 0x7d, 0xef, 0x7d, 0xef, 0x7d, 0xef, 0x7d, 0xef, 0x7d, 0xef, 0x7d, 0xef, 0x7d, 0xef, 0x7d, 0xef, 0x7d, 0xef, 0x7d, 0xef, 0x7d, 0xef, 0x5d, 0xef, 0x5d, 0xef, 0x5d, 0xef, 0x5d, 0xef, 0x5d, 0xef, 0x5d, 0xef, 0x5d, 0xef, 0x5c, 0xef, 0x7d, 0xef, 0x7d, 0xef, 0x7d, 0xef, 0x7d, 0xef, 0x5c, 0xef, 0x5c, 0xef, 0x5c, 0xef, 0x5c, 0xef, 0x5c, 0xef, 0x5c, 0xef, 0x5c, 0xef, 0x5c, 0xef, 0x5c, 0xef, 0x5c, 0xef, 0x5c, 0xef, 0x5d, 0xef, 0x7d, 0xef, 0x5d, 0xe7, 0x5d, 0xe7, 0x5d, 0xe7, 0x5d, 0xe7, 0x5d, 0xe7, 0x5d, 0xe7, 0x5d, 0xe7, 0x5d, 0xe7, 0x5d, 0xe7, 0x5d, 0xe7, 0x5d, 0xe7, 0x5d, 0xe7, 0x5d, 0xe7, 0x5d, 0xe7, 0x5d, 0xef, 0x5d, 0xef, 0x5d, 0xef, 0x5d, 0xef, 0x5d, 0xef, 0x5d, 0xef, 0x5d, 0xef, 0x5d, 0xef, 0x5d, 0xef, 0x5d, 0xef, 0x7d, 0xef, 0x5d, 0xe7, 0x3c, 0xef, 0x5d, 0xf7, 0x9e, 0xf7, 0xbe, 0xf7, 0x9e, 0xf7, 0x9e, 0xf7, 0x9e, 0xf7, 0x9e, 0xf7, 0x9e, 0xf7, 0x9e, 0xf7, 0x9e, 0xf7, 0x9e, 0xf7, 0x9e, 0xf7, 0x9e, 0xf7, 0x9e, 0xf7, 0x9e, 0xf7, 0x9e, 0xf7, 0x9e, 0xf7, 0x9e, 0xf7, 0x9e, 0xf7, 0x9e, 0xf7, 0x9e, 0xf7, 0x9e, 0xf7, 0x9e, 0xf7, 0x9e, 0xf7, 0x9e, 0xff, 0x9e, 0xff, 0x9e, 0xff, 0x9e, 0xf7, 0x9e, 0xf7, 0x9e, 0xf7, 0x9e, 0xf7, 0x9e, 0xf7, 0x9e, 0xf7, 0x9e, 0xf7, 0x9e, 0xf7, 0xbe, 0xf7, 0xde, 0xef, 0xdd, 0xe7, 0xdc, 0xd7, 0xba, 0xcf, 0xd9, 0xc7, 0xf9, 0xc7, 0xf8, 0xc7, 0xf8, 
  0xc7, 0xf7, 0xc7, 0xf7, 0xc7, 0xf8, 0xc7, 0xf8, 0xcf, 0xd9, 0xcf, 0xda, 0xdf, 0xbb, 0xe7, 0x9c, 0xef, 0x7d, 0xef, 0x5d, 0xf7, 0x5d, 0xf7, 0x5d, 0xef, 0x5d, 0xef, 0x7d, 0xef, 0x7d, 0xe7, 0x7c, 0xef, 0x7d, 0xef, 0x7d, 0xef, 0x7d, 0xef, 0x7d, 0xef, 0x7d, 0xef, 0x7d, 0xef, 0x7d, 0xef, 0x7d, 0xef, 0x7d, 0xef, 0x7d, 0xef, 0x7d, 0xef, 0x7d, 0xef, 0x5d, 0xef, 0x5d, 0xef, 0x5c, 0xef, 0x5c, 0xef, 0x7d, 0xef, 0x7d, 0xef, 0x7d, 0xef, 0x5d, 0xef, 0x5d, 0xef, 0x5d, 0xef, 0x5d, 0xef, 0x5d, 0xef, 0x5d, 0xef, 0x5d, 0xef, 0x5d, 0xef, 0x5d, 0xef, 0x5d, 0xef, 0x5d, 0xef, 0x5d, 0xef, 0x5d, 0xef, 0x5d, 0xef, 0x5d, 0xe7, 0x5d, 0xe7, 0x5d, 0xe7, 0x5d, 0xe7, 0x5d, 0xe7, 0x5d, 0xef, 0x5d, 0xe7, 0x5d, 0xe7, 0x5d, 0xe7, 0x5d, 0xe7, 0x5d, 0xe7, 0x5d, 0xe7, 0x5d, 0xe7, 0x5d, 0xef, 0x5d, 0xef, 0x5d, 0xef, 0x5d, 0xef, 0x5d, 0xef, 0x5d, 0xef, 0x5d, 0xef, 0x5d, 0xef, 0x5d, 0xef, 0x5d, 0xef, 0x5d, 0xef, 0x5d, 0xef, 0x5d, 0xef, 0x5d, 0xef, 0x5d, 0xf7, 0x9e, 0xf7, 0x9e, 0xf7, 0x9e, 0xf7, 0x9e, 0xf7, 0x9e, 0xf7, 0x9e, 0xf7, 0x9e, 0xf7, 0x9e, 0xf7, 0x9e, 0xf7, 0x9e, 0xf7, 0x9e, 0xf7, 0x9e, 0xf7, 0x9e, 0xf7, 0x9e, 0xf7, 0x9e, 0xf7, 0x9e, 0xf7, 0x9e, 0xf7, 0x9e, 0xf7, 0x9e, 0xf7, 0x9e, 0xf7, 0x9e, 0xf7, 0x9e, 0xf7, 0x9e, 0xf7, 0x9e, 0xf7, 0x9e, 0xf7, 0x9e, 0xf7, 0x9e, 0xf7, 0x9e, 0xf7, 0x9e, 0xf7, 0x9e, 0xf7, 0x9e, 0xf7, 0x9e, 0xf7, 0x9e, 0xf7, 0x9e, 0xf7, 0x9e, 0xf7, 0xbe, 0xf7, 0xbe, 0xef, 0xdd, 0xdf, 0xdb, 0xd7, 0xda, 0xcf, 0xd9, 0xc7, 0xf8, 0xc7, 0xf8, 
  0xbf, 0xf7, 0xc7, 0xf7, 0xc7, 0xf8, 0xc7, 0xf9, 0xcf, 0xda, 0xd7, 0xbb, 0xe7, 0x9c, 0xef, 0x7d, 0xef, 0x5d, 0xf7, 0x5e, 0xf7, 0x5e, 0xf7, 0x5d, 0xef, 0x5d, 0xef, 0x7c, 0xe7, 0x7c, 0xe7, 0x7c, 0xef, 0x7c, 0xef, 0x5d, 0xef, 0x5d, 0xef, 0x7d, 0xef, 0x7d, 0xef, 0x7d, 0xef, 0x7d, 0xef, 0x7d, 0xef, 0x7d, 0xef, 0x7d, 0xef, 0x7c, 0xef, 0x7c, 0xef, 0x5c, 0xef, 0x5c, 0xef, 0x5c, 0xef, 0x5c, 0xef, 0x7d, 0xef, 0x5d, 0xef, 0x5d, 0xef, 0x5d, 0xef, 0x5d, 0xef, 0x5d, 0xef, 0x5d, 0xef, 0x5d, 0xef, 0x5d, 0xef, 0x5d, 0xef, 0x5d, 0xef, 0x5d, 0xef, 0x5d, 0xef, 0x5d, 0xef, 0x5d, 0xef, 0x5d, 0xef, 0x5d, 0xef, 0x5d, 0xef, 0x5d, 0xef, 0x5d, 0xef, 0x5d, 0xef, 0x5d, 0xef, 0x5d, 0xef, 0x5d, 0xef, 0x5d, 0xef, 0x5d, 0xef, 0x5d, 0xef, 0x5d, 0xef, 0x5d, 0xef, 0x5d, 0xef, 0x5d, 0xef, 0x5d, 0xef, 0x5d, 0xef, 0x5d, 0xef, 0x5d, 0xef, 0x5d, 0xef, 0x5d, 0xef, 0x5d, 0xef, 0x5d, 0xef, 0x5d, 0xef, 0x5d, 0xef, 0x5d, 0xef, 0x5d, 0xef, 0x5d, 0xef, 0x7d, 0xf7, 0x9e, 0xf7, 0x9e, 0xf7, 0x9e, 0xf7, 0x9e, 0xf7, 0x7e, 0xf7, 0x7e, 0xf7, 0x9e, 0xf7, 0x9e, 0xf7, 0x9e, 0xf7, 0x9e, 0xf7, 0x9e, 0xf7, 0x9e, 0xf7, 0x9e, 0xf7, 0x9e, 0xf7, 0x9e, 0xf7, 0x9e, 0xf7, 0x9e, 0xf7, 0x9e, 0xf7, 0x9e, 0xf7, 0x9e, 0xf7, 0x9e, 0xf7, 0x9e, 0xf7, 0x9e, 0xf7, 0x9e, 0xf7, 0x9e, 0xf7, 0x9e, 0xf7, 0x9e, 0xf7, 0x9e, 0xf7, 0x9e, 0xf7, 0x9e, 0xf7, 0x9e, 0xf7, 0x9e, 0xf7, 0x9e, 0xf7, 0xbe, 0xf7, 0x9e, 0xf7, 0x9e, 0xf7, 0xbe, 0xf7, 0xdd, 0xe7, 0xdc, 0xdf, 0xdb, 0xcf, 0xb9, 0xcf, 0xd9, 0xcf, 0xf9, 
  0xc7, 0xf7, 0xc7, 0xf7, 0xc7, 0xf8, 0xcf, 0xf9, 0xd7, 0xda, 0xdf, 0xbc, 0xe7, 0x9c, 0xef, 0x7d, 0xef, 0x5e, 0xf7, 0x5e, 0xf7, 0x5e, 0xef, 0x5d, 0xef, 0x5d, 0xef, 0x7c, 0xe7, 0x7c, 0xe7, 0x7c, 0xef, 0x7d, 0xef, 0x7d, 0xef, 0x7d, 0xef, 0x7d, 0xef, 0x7d, 0xef, 0x7d, 0xef, 0x7d, 0xef, 0x7d, 0xef, 0x7d, 0xef, 0x7d, 0xef, 0x5c, 0xef, 0x5c, 0xef, 0x5c, 0xef, 0x5c, 0xef, 0x5c, 0xef, 0x5c, 0xef, 0x5d, 0xef, 0x5d, 0xef, 0x5d, 0xef, 0x5d, 0xef, 0x5d, 0xef, 0x5d, 0xef, 0x5d, 0xef, 0x5d, 0xef, 0x5d, 0xef, 0x5d, 0xef, 0x5d, 0xef, 0x5d, 0xef, 0x5d, 0xef, 0x5d, 0xef, 0x5d, 0xef, 0x5d, 0xef, 0x5d, 0xef, 0x5d, 0xef, 0x5d, 0xef, 0x5d, 0xef, 0x5d, 0xef, 0x5d, 0xef, 0x5d, 0xef, 0x5d, 0xef, 0x5d, 0xef, 0x5d, 0xef, 0x5d, 0xef, 0x5d, 0xef, 0x5d, 0xef, 0x5d, 0xef, 0x5d, 0xef, 0x5d, 0xef, 0x5d, 0xef, 0x5d, 0xef, 0x5d, 0xef, 0x5d, 0xef, 0x5d, 0xef, 0x5d, 0xef, 0x5d, 0xef, 0x5d, 0xef, 0x5d, 0xe7, 0x5c, 0xe7, 0x5c, 0xef, 0x7d, 0xf7, 0x9e, 0xf7, 0x9e, 0xf7, 0x9e, 0xf7, 0x9e, 0xf7, 0x7e, 0xf7, 0x7e, 0xf7, 0x7e, 0xf7, 0x7e, 0xf7, 0x9e, 0xf7, 0x9e, 0xf7, 0x9e, 0xf7, 0x9e, 0xf7, 0x9e, 0xf7, 0x9e, 0xf7, 0x9e, 0xf7, 0x9e, 0xf7, 0x9e, 0xf7, 0x9e, 0xf7, 0x9e, 0xf7, 0x9e, 0xf7, 0x9e, 0xf7, 0x9e, 0xf7, 0x9e, 0xf7, 0x9e, 0xf7, 0x9e, 0xf7, 0x7e, 0xf7, 0x9e, 0xf7, 0x9e, 0xf7, 0x9e, 0xf7, 0x9e, 0xf7, 0x9e, 0xf7, 0x9e, 0xf7, 0x9e, 0xf7, 0x9d, 0xf7, 0xbe, 0xf7, 0x9e, 0xf7, 0x9e, 0xf7, 0x9e, 0xf7, 0xbe, 0xef, 0xdd, 0xe7, 0xdc, 0xd7, 0xba, 0xcf, 0xd9, 0xcf, 0xf9, 
  0xc7, 0xf8, 0xc7, 0xf8, 0xcf, 0xf9, 0xd7, 0xda, 0xdf, 0xbb, 0xe7, 0x9c, 0xe7, 0x7d, 0xef, 0x7d, 0xef, 0x5d, 0xef, 0x5d, 0xef, 0x5d, 0xef, 0x5d, 0xef, 0x7d, 0xef, 0x7c, 0xe7, 0x7c, 0xe7, 0x7c, 0xef, 0x7d, 0xef, 0x5d, 0xef, 0x5d, 0xef, 0x5d, 0xef, 0x7d, 0xef, 0x7d, 0xef, 0x7d, 0xef, 0x7d, 0xe7, 0x7c, 0xe7, 0x7c, 0xef, 0x5c, 0xef, 0x5c, 0xef, 0x5c, 0xef, 0x5c, 0xef, 0x5c, 0xef, 0x5c, 0xef, 0x5d, 0xef, 0x5d, 0xef, 0x5d, 0xef, 0x5d, 0xef, 0x5d, 0xe7, 0x5d, 0xe7, 0x5d, 0xe7, 0x5d, 0xe7, 0x5d, 0xe7, 0x5d, 0xe7, 0x5d, 0xef, 0x5d, 0xef, 0x5d, 0xef, 0x5d, 0xef, 0x5d, 0xef, 0x5d, 0xef, 0x5d, 0xef, 0x5d, 0xef, 0x5d, 0xef, 0x5d, 0xef, 0x5d, 0xef, 0x5d, 0xef, 0x5d, 0xef, 0x5d, 0xef, 0x5d, 0xef, 0x5d, 0xef, 0x5d, 0xef, 0x5d, 0xef, 0x5d, 0xef, 0x5d, 0xef, 0x5d, 0xef, 0x5d, 0xef, 0x5d, 0xef, 0x5d, 0xef, 0x5d, 0xef, 0x5d, 0xef, 0x5d, 0xef, 0x5d, 0xef, 0x5d, 0xef, 0x5d, 0xef, 0x5d, 0xe7, 0x5c, 0xef, 0x5d, 0xef, 0x7d, 0xf7, 0x9e, 0xf7, 0x9e, 0xef, 0x7d, 0xf7, 0x9e, 0xf7, 0x7e, 0xf7, 0x7e, 0xf7, 0x7e, 0xf7, 0x7e, 0xf7, 0x9e, 0xf7, 0x9e, 0xf7, 0x9e, 0xf7, 0x9e, 0xf7, 0x9e, 0xf7, 0x9e, 0xf7, 0x9e, 0xf7, 0x9e, 0xf7, 0x9e, 0xf7, 0x9e, 0xf7, 0x9e, 0xf7, 0x9e, 0xf7, 0x9e, 0xf7, 0x9e, 0xf7, 0x9e, 0xf7, 0x9e, 0xf7, 0x9e, 0xf7, 0x9e, 0xf7, 0x9e, 0xf7, 0x9e, 0xf7, 0x9e, 0xf7, 0x9e, 0xf7, 0x9e, 0xf7, 0x9e, 0xf7, 0x9e, 0xf7, 0x9e, 0xf7, 0x9e, 0xf7, 0x9e, 0xf7, 0x7e, 0xf7, 0x7e, 0xf7, 0x9e, 0xef, 0xbd, 0xe7, 0xdc, 0xdf, 0xbb, 0xd7, 0xba, 0xcf, 0xd9, 
  0xc7, 0xf9, 0xcf, 0xf9, 0xcf, 0xda, 0xd7, 0xda, 0xdf, 0xbb, 0xe7, 0x9c, 0xef, 0x7c, 0xef, 0x7d, 0xef, 0x5d, 0xef, 0x5d, 0xef, 0x5d, 0xef, 0x7d, 0xef, 0x7d, 0xe7, 0x7c, 0xef, 0x7c, 0xe7, 0x7c, 0xef, 0x5d, 0xef, 0x5d, 0xef, 0x5d, 0xef, 0x5d, 0xef, 0x5c, 0xe7, 0x5c, 0xe7, 0x7c, 0xe7, 0x7c, 0xe7, 0x7c, 0xe7, 0x7c, 0xe7, 0x7c, 0xef, 0x7c, 0xef, 0x5c, 0xef, 0x5c, 0xef, 0x5c, 0xef, 0x5c, 0xef, 0x5d, 0xef, 0x5d, 0xef, 0x5d, 0xe7, 0x5d, 0xe7, 0x5d, 0xe7, 0x5d, 0xe7, 0x5d, 0xe7, 0x5d, 0xe7, 0x5d, 0xe7, 0x5d, 0xe7, 0x5d, 0xe7, 0x5d, 0xef, 0x5d, 0xef, 0x5d, 0xef, 0x5d, 0xef, 0x5d, 0xef, 0x5d, 0xef, 0x5d, 0xef, 0x5d, 0xef, 0x5d, 0xef, 0x5d, 0xef, 0x5d, 0xef, 0x5d, 0xef, 0x5d, 0xef, 0x5d, 0xef, 0x5d, 0xef, 0x5d, 0xef, 0x5d, 0xef, 0x5d, 0xef, 0x5d, 0xef, 0x5d, 0xef, 0x5d, 0xef, 0x5d, 0xef, 0x5d, 0xef, 0x5d, 0xef, 0x5d, 0xef, 0x5d, 0xef, 0x5d, 0xef, 0x5d, 0xef, 0x5d, 0xef, 0x5d, 0xef, 0x5d, 0xef, 0x5d, 0xef, 0x7d, 0xf7, 0x9e, 0xef, 0x7d, 0xef, 0x7d, 0xf7, 0x7e, 0xf7, 0x7e, 0xf7, 0x7e, 0xf7, 0x7e, 0xf7, 0x7e, 0xf7, 0x7e, 0xf7, 0x7e, 0xf7, 0x9e, 0xf7, 0x9e, 0xf7, 0x7e, 0xf7, 0x7e, 0xf7, 0x7e, 0xf7, 0x7e, 0xf7, 0x7e, 0xf7, 0x7e, 0xf7, 0x9e, 0xf7, 0x9e, 0xf7, 0x9e, 0xf7, 0x9e, 0xf7, 0x9e, 0xf7, 0x9e, 0xf7, 0x9e, 0xf7, 0x9e, 0xf7, 0x9e, 0xf7, 0x9e, 0xf7, 0x9e, 0xf7, 0x9e, 0xf7, 0x9e, 0xf7, 0x9e, 0xf7, 0x9e, 0xf7, 0x9e, 0xf7, 0x9e, 0xf7, 0x9e, 0xf7, 0x7e, 0xf7, 0x7e, 0xf7, 0x7e, 0xef, 0x9d, 0xef, 0xbd, 0xe7, 0xdc, 0xd7, 0xba, 0xd7, 0xb9, 
  0xc7, 0xf9, 0xcf, 0xda, 0xd7, 0xda, 0xdf, 0xbb, 0xe7, 0x9b, 0xe7, 0x7c, 0xe7, 0x7c, 0xef, 0x7c, 0xe7, 0x7d, 0xe7, 0x7d, 0xe7, 0x7d, 0xe7, 0x7d, 0xe7, 0x7d, 0xe7, 0x7c, 0xef, 0x5c, 0xef, 0x5c, 0xef, 0x5d, 0xef, 0x5d, 0xef, 0x5d, 0xef, 0x5d, 0xe7, 0x5d, 0xe7, 0x7c, 0xe7, 0x7c, 0xe7, 0x7c, 0xe7, 0x7c, 0xe7, 0x7c, 0xe7, 0x7c, 0xe7, 0x7c, 0xe7, 0x5c, 0xe7, 0x5c, 0xef, 0x5c, 0xef, 0x5c, 0xef, 0x5d, 0xe7, 0x5d, 0xe7, 0x5d, 0xe7, 0x5d, 0xe7, 0x5d, 0xe7, 0x5d, 0xe7, 0x5d, 0xe7, 0x5d, 0xe7, 0x5d, 0xe7, 0x5d, 0xe7, 0x5d, 0xe7, 0x5d, 0xef, 0x5d, 0xef, 0x5d, 0xef, 0x5d, 0xef, 0x5d, 0xef, 0x5d, 0xef, 0x5d, 0xef, 0x5d, 0xef, 0x5d, 0xef, 0x5d, 0xef, 0x5d, 0xef, 0x5d, 0xef, 0x5d, 0xef, 0x5d, 0xef, 0x5d, 0xef, 0x5d, 0xef, 0x5d, 0xef, 0x5d, 0xef, 0x5d, 0xef, 0x5d, 0xef, 0x5d, 0xef, 0x5d, 0xef, 0x5d, 0xef, 0x5d, 0xef, 0x5d, 0xef, 0x5d, 0xef, 0x5d, 0xef, 0x5d, 0xef, 0x5d, 0xe7, 0x5d, 0xef, 0x5d, 0xef, 0x7d, 0xef, 0x7d, 0xef, 0x7d, 0xef, 0x7d, 0xef, 0x7d, 0xef, 0x7d, 0xf7, 0x7e, 0xf7, 0x7e, 0xf7, 0x7e, 0xf7, 0x7e, 0xf7, 0x7e, 0xf7, 0x7e, 0xf7, 0x7e, 0xf7, 0x7e, 0xf7, 0x7e, 0xf7, 0x7e, 0xf7, 0x7e, 0xf7, 0x7e, 0xf7, 0x7e, 0xf7, 0x7e, 0xf7, 0x7e, 0xf7, 0x9e, 0xf7, 0x9e, 0xf7, 0x9e, 0xf7, 0x9e, 0xf7, 0x9e, 0xf7, 0x9e, 0xf7, 0x9e, 0xf7, 0x9d, 0xf7, 0x9d, 0xf7, 0x7e, 0xf7, 0x7e, 0xf7, 0x7e, 0xf7, 0x7e, 0xf7, 0x7e, 0xf7, 0x7e, 0xf7, 0x7e, 0xf7, 0x7e, 0xf7, 0x7f, 0xf7, 0x7e, 0xf7, 0x7e, 0xef, 0x9d, 0xef, 0xbd, 0xe7, 0xdc, 0xdf, 0xdb, 0xd7, 0xba, 
  0xcf, 0xd9, 0xcf, 0xda, 0xdf, 0xdb, 0xdf, 0xbb, 0xe7, 0x9c, 0xe7, 0x7c, 0xe7, 0x7c, 0xef, 0x7c, 0xef, 0x7c, 0xe7, 0x7d, 0xe7, 0x7d, 0xe7, 0x7d, 0xe7, 0x7c, 0xe7, 0x7c, 0xef, 0x5c, 0xef, 0x5d, 0xef, 0x5d, 0xef, 0x5d, 0xef, 0x7d, 0xef, 0x7d, 0xef, 0x7d, 0xef, 0x7d, 0xef, 0x7d, 0xef, 0x7d, 0xe7, 0x7d, 0xe7, 0x7c, 0xe7, 0x7c, 0xe7, 0x7c, 0xe7, 0x5c, 0xe7, 0x5c, 0xef, 0x5c, 0xef, 0x5c, 0xef, 0x5c, 0xe7, 0x5d, 0xe7, 0x5d, 0xe7, 0x5d, 0xe7, 0x5d, 0xe7, 0x5d, 0xe7, 0x5d, 0xe7, 0x5d, 0xe7, 0x5d, 0xe7, 0x5d, 0xe7, 0x5d, 0xe7, 0x5d, 0xef, 0x5d, 0xef, 0x5d, 0xef, 0x5d, 0xef, 0x5d, 0xef, 0x5d, 0xef, 0x5d, 0xef, 0x5d, 0xef, 0x5d, 0xef, 0x5d, 0xef, 0x5d, 0xe7, 0x5c, 0xe7, 0x5c, 0xef, 0x5d, 0xef, 0x5d, 0xef, 0x5d, 0xef, 0x5d, 0xef, 0x5d, 0xef, 0x5d, 0xef, 0x5d, 0xef, 0x5d, 0xef, 0x5d, 0xef, 0x5d, 0xef, 0x5d, 0xef, 0x5d, 0xef, 0x5d, 0xef, 0x5d, 0xef, 0x5d, 0xef, 0x5d, 0xe7, 0x3c, 0xef, 0x5d, 0xef, 0x7d, 0xef, 0x7d, 0xef, 0x7d, 0xef, 0x7d, 0xef, 0x7d, 0xef, 0x7d, 0xf7, 0x7d, 0xf7, 0x7d, 0xf7, 0x7d, 0xf7, 0x7d, 0xf7, 0x7d, 0xf7, 0x7d, 0xf7, 0x7d, 0xef, 0x7d, 0xf7, 0x7d, 0xf7, 0x7d, 0xf7, 0x7d, 0xf7, 0x7d, 0xf7, 0x7e, 0xf7, 0x7e, 0xf7, 0x9e, 0xf7, 0x9e, 0xef, 0x7d, 0xef, 0x7d, 0xef, 0x7d, 0xf7, 0x9e, 0xf7, 0x9e, 0xf7, 0x9e, 0xf7, 0x9e, 0xf7, 0x9e, 0xf7, 0x7e, 0xf7, 0x7e, 0xf7, 0x7e, 0xf7, 0x7e, 0xf7, 0x7e, 0xf7, 0x7e, 0xf7, 0x7e, 0xf7, 0x7e, 0xf7, 0x7f, 0xf7, 0x9f, 0xf7, 0x7e, 0xef, 0x7d, 0xef, 0x9d, 0xef, 0xbc, 0xdf, 0xbb, 0xd7, 0x9a, 
  0xc7, 0xf8, 0xcf, 0xd9, 0xdf, 0x9b, 0xe7, 0x7c, 0xe7, 0x7c, 0xe7, 0x7c, 0xe7, 0x7c, 0xef, 0x7c, 0xef, 0x5c, 0xef, 0x5d, 0xef, 0x7d, 0xe7, 0x7d, 0xe7, 0x7c, 0xe7, 0x7c, 0xe7, 0x7d, 0xe7, 0x7d, 0xe7, 0x5d, 0xef, 0x5d, 0xef, 0x5d, 0xef, 0x5d, 0xef, 0x5d, 0xef, 0x5d, 0xef, 0x5d, 0xef, 0x5d, 0xe7, 0x5d, 0xe7, 0x5d, 0xef, 0x5d, 0xe7, 0x5c, 0xe7, 0x5c, 0xe7, 0x5c, 0xe7, 0x5c, 0xef, 0x5c, 0xef, 0x5d, 0xef, 0x5d, 0xef, 0x5d, 0xef, 0x5d, 0xef, 0x5d, 0xef, 0x5d, 0xef, 0x5d, 0xef, 0x5d, 0xef, 0x5d, 0xef, 0x5d, 0xef, 0x5d, 0xef, 0x5d, 0xef, 0x5d, 0xef, 0x5d, 0xef, 0x5d, 0xef, 0x5d, 0xef, 0x5d, 0xef, 0x5d, 0xef, 0x5d, 0xef, 0x5d, 0xef, 0x5d, 0xef, 0x5d, 0xef, 0x5d, 0xef, 0x5d, 0xef, 0x5d, 0xef, 0x5d, 0xef, 0x5d, 0xef, 0x5d, 0xe7, 0x5c, 0xe7, 0x5c, 0xe7, 0x5c, 0xe7, 0x5c, 0xef, 0x5d, 0xef, 0x5d, 0xef, 0x5d, 0xef, 0x5d, 0xe7, 0x5d, 0xe7, 0x5d, 0xe7, 0x5d, 0xe7, 0x5d, 0xef, 0x5d, 0xef, 0x5d, 0xef, 0x7d, 0xef, 0x7d, 0xef, 0x7d, 0xef, 0x7d, 0xef, 0x7d, 0xef, 0x7d, 0xef, 0x7d, 0xef, 0x7d, 0xef, 0x7d, 0xef, 0x7d, 0xef, 0x7d, 0xef, 0x7d, 0xef, 0x7d, 0xf7, 0x9e, 0xef, 0x7d, 0xef, 0x7d, 0xef, 0x7d, 0xef, 0x7d, 0xef, 0x7d, 0xef, 0x7d, 0xef, 0x7d, 0xef, 0x7d, 0xf7, 0x7e, 0xf7, 0x7d, 0xef, 0x7d, 0xef, 0x7d, 0xf7, 0x7d, 0xf7, 0x7d, 0xef, 0x7d, 0xef, 0x7d, 0xf7, 0x7e, 0xf7, 0x7e, 0xf7, 0x7e, 0xf7, 0x7e, 0xf7, 0x7e, 0xf7, 0x7e, 0xf7, 0x7e, 0xf7, 0x7e, 0xf7, 0x7e, 0xf7, 0x7e, 0xf7, 0x7e, 0xef, 0x7d, 0xef, 0x9d, 0xef, 0xbd, 0xe7, 0xbb, 0xdf, 0x9b, 
  0xc7, 0xf8, 0xcf, 0xd9, 0xe7, 0x9b, 0xef, 0x7c, 0xe7, 0x7d, 0xe7, 0x7d, 0xe7, 0x7c, 0xef, 0x7c, 0xef, 0x5c, 0xef, 0x5d, 0xef, 0x7d, 0xe7, 0x5d, 0xef, 0x7c, 0xe7, 0x7c, 0xe7, 0x7c, 0xe7, 0x7d, 0xe7, 0x5d, 0xef, 0x5d, 0xef, 0x5d, 0xef, 0x5d, 0xef, 0x5d, 0xef, 0x5d, 0xef, 0x5d, 0xef, 0x5d, 0xef, 0x5d, 0xef, 0x5d, 0xe7, 0x5d, 0xe7, 0x5d, 0xe7, 0x5d, 0xe7, 0x5d, 0xe7, 0x5d, 0xe7, 0x5d, 0xef, 0x5d, 0xef, 0x5d, 0xef, 0x5d, 0xef, 0x5d, 0xef, 0x5d, 0xef, 0x5d, 0xef, 0x5d, 0xef, 0x5d, 0xef, 0x5d, 0xef, 0x5d, 0xef, 0x5d, 0xef, 0x5d, 0xef, 0x5d, 0xef, 0x5d, 0xef, 0x5d, 0xef, 0x5d, 0xef, 0x5d, 0xef, 0x5d, 0xef, 0x5d, 0xef, 0x5d, 0xef, 0x5d, 0xef, 0x5d, 0xef, 0x5d, 0xef, 0x5d, 0xef, 0x5d, 0xef, 0x5d, 0xef, 0x5d, 0xef, 0x5d, 0xe7, 0x5c, 0xe7, 0x5c, 0xe7, 0x5c, 0xe7, 0x5c, 0xef, 0x5d, 0xef, 0x5d, 0xef, 0x5d, 0xef, 0x5d, 0xe7, 0x5c, 0xe7, 0x5c, 0xe7, 0x5c, 0xe7, 0x5c, 0xef, 0x5d, 0xef, 0x5d, 0xef, 0x7d, 0xef, 0x7d, 0xef, 0x7d, 0xef, 0x7d, 0xef, 0x7d, 0xef, 0x7d, 0xef, 0x7d, 0xef, 0x7d, 0xef, 0x7d, 0xef, 0x7d, 0xef, 0x7d, 0xef, 0x7d, 0xef, 0x7d, 0xef, 0x7d, 0xef, 0x7d, 0xef, 0x7d, 0xef, 0x7d, 0xef, 0x7d, 0xef, 0x7d, 0xef, 0x7d, 0xef, 0x7d, 0xef, 0x7d, 0xf7, 0x7d, 0xf7, 0x7e, 0xef, 0x7d, 0xef, 0x7d, 0xf7, 0x7e, 0xf7, 0x7e, 0xef, 0x7d, 0xef, 0x7d, 0xf7, 0x7e, 0xf7, 0x7e, 0xef, 0x7d, 0xef, 0x7d, 0xef, 0x7d, 0xef, 0x7d, 0xf7, 0x7e, 0xf7, 0x7e, 0xf7, 0x7e, 0xf7, 0x7e, 0xf7, 0x7e, 0xef, 0x7d, 0xef, 0x9d, 0xef, 0x9d, 0xe7, 0x9c, 0xdf, 0x9b, 
  0xc7, 0xf8, 0xd7, 0xd9, 0xe7, 0x9b, 0xef, 0x7d, 0xe7, 0x7d, 0xe7, 0x7d, 0xef, 0x7c, 0xef, 0x7c, 0xef, 0x5c, 0xef, 0x5d, 0xef, 0x5d, 0xe7, 0x5d, 0xef, 0x5c, 0xef, 0x7c, 0xe7, 0x7c, 0xe7, 0x7d, 0xe7, 0x5d, 0xef, 0x5d, 0xef, 0x5d, 0xef, 0x5d, 0xef, 0x5d, 0xef, 0x5d, 0xef, 0x5d, 0xef, 0x5d, 0xe7, 0x5d, 0xe7, 0x5d, 0xe7, 0x5d, 0xe7, 0x5d, 0xe7, 0x5d, 0xe7, 0x5d, 0xef, 0x5d, 0xef, 0x5d, 0xef, 0x5d, 0xef, 0x5d, 0xef, 0x5d, 0xef, 0x5d, 0xef, 0x5d, 0xef, 0x5d, 0xef, 0x5d, 0xef, 0x5d, 0xef, 0x5d, 0xef, 0x5d, 0xef, 0x5d, 0xef, 0x5d, 0xef, 0x5d, 0xef, 0x5d, 0xef, 0x5d, 0xef, 0x5d, 0xef, 0x5d, 0xef, 0x5d, 0xef, 0x5d, 0xef, 0x5d, 0xef, 0x5d, 0xef, 0x5d, 0xef, 0x5d, 0xef, 0x5d, 0xef, 0x5d, 0xef, 0x5d, 0xef, 0x5d, 0xef, 0x5d, 0xe7, 0x5c, 0xe7, 0x5c, 0xe7, 0x5c, 0xe7, 0x5c, 0xef, 0x5d, 0xef, 0x5d, 0xe7, 0x5c, 0xe7, 0x5c, 0xe7, 0x5c, 0xe7, 0x5c, 0xe7, 0x5c, 0xe7, 0x5c, 0xef, 0x5d, 0xef, 0x5d, 0xef, 0x7d, 0xef, 0x7d, 0xef, 0x7d, 0xef, 0x5d, 0xef, 0x5d, 0xef, 0x5d, 0xef, 0x7d, 0xef, 0x7d, 0xef, 0x7d, 0xef, 0x7d, 0xef, 0x7d, 0xef, 0x7d, 0xef, 0x7d, 0xef, 0x7d, 0xef, 0x7d, 0xef, 0x7d, 0xef, 0x7d, 0xef, 0x7d, 0xef, 0x7d, 0xef, 0x7d, 0xef, 0x7d, 0xef, 0x7d, 0xef, 0x7d, 0xef, 0x7d, 0xef, 0x7d, 0xef, 0x7d, 0xef, 0x7d, 0xf7, 0x7e, 0xef, 0x7d, 0xef, 0x7d, 0xef, 0x7d, 0xef, 0x7d, 0xef, 0x7d, 0xef, 0x7d, 0xef, 0x7d, 0xef, 0x7d, 0xef, 0x7d, 0xef, 0x7d, 0xf7, 0x7d, 0xf7, 0x7d, 0xef, 0x7d, 0xef, 0x7d, 0xef, 0x7d, 0xef, 0x9d, 0xe7, 0x9d, 0xe7, 0x9c, 
  0xcf, 0xf9, 0xd7, 0xda, 0xe7, 0x9c, 0xef, 0x5d, 0xef, 0x7d, 0xe7, 0x7d, 0xe7, 0x7c, 0xef, 0x7c, 0xef, 0x5c, 0xef, 0x5d, 0xef, 0x5d, 0xe7, 0x5d, 0xef, 0x5c, 0xef, 0x5c, 0xe7, 0x7c, 0xe7, 0x7d, 0xef, 0x5d, 0xef, 0x5d, 0xef, 0x5d, 0xef, 0x5d, 0xef, 0x5d, 0xef, 0x5d, 0xef, 0x5d, 0xef, 0x5d, 0xe7, 0x5d, 0xe7, 0x5d, 0xe7, 0x5d, 0xe7, 0x5d, 0xe7, 0x5d, 0xef, 0x5d, 0xef, 0x5d, 0xef, 0x5d, 0xef, 0x5d, 0xef, 0x5d, 0xef, 0x5d, 0xef, 0x5d, 0xef, 0x5d, 0xef, 0x5d, 0xef, 0x5d, 0xef, 0x5d, 0xef, 0x5d, 0xef, 0x5d, 0xef, 0x5d, 0xef, 0x5d, 0xef, 0x5d, 0xef, 0x5d, 0xef, 0x5d, 0xef, 0x5d, 0xef, 0x5d, 0xef, 0x5d, 0xef, 0x5d, 0xef, 0x5d, 0xef, 0x5d, 0xef, 0x5d, 0xe7, 0x5c, 0xe7, 0x5c, 0xef, 0x5d, 0xef, 0x5d, 0xef, 0x5d, 0xe7, 0x5c, 0xe7, 0x5c, 0xe7, 0x5c, 0xe7, 0x5c, 0xe7, 0x5c, 0xe7, 0x5c, 0xe7, 0x5c, 0xe7, 0x5c, 0xe7, 0x5c, 0xe7, 0x5c, 0xe7, 0x5c, 0xe7, 0x5c, 0xe7, 0x5c, 0xef, 0x5d, 0xef, 0x5d, 0xef, 0x5d, 0xef, 0x5d, 0xef, 0x5d, 0xef, 0x5d, 0xef, 0x5d, 0xef, 0x5d, 0xef, 0x7d, 0xef, 0x7d, 0xef, 0x7d, 0xef, 0x7d, 0xef, 0x5d, 0xef, 0x5d, 0xef, 0x5d, 0xef, 0x5d, 0xef, 0x7d, 0xef, 0x7d, 0xef, 0x7d, 0xef, 0x7d, 0xef, 0x7d, 0xef, 0x7d, 0xef, 0x7d, 0xef, 0x7d, 0xef, 0x7d, 0xef, 0x7d, 0xef, 0x7d, 0xef, 0x7d, 0xef, 0x7d, 0xef, 0x7d, 0xef, 0x7d, 0xef, 0x7d, 0xef, 0x7d, 0xef, 0x7d, 0xef, 0x7d, 0xef, 0x7d, 0xef, 0x7d, 0xef, 0x7d, 0xef, 0x7d, 0xef, 0x7d, 0xef, 0x5d, 0xef, 0x7d, 0xef, 0x5d, 0xef, 0x5d, 0xef, 0x7d, 0xef, 0x7d, 0xef, 0x9d, 0xe7, 0x7c, 
  0xcf, 0xd9, 0xd7, 0xba, 0xe7, 0x7c, 0xef, 0x5d, 0xef, 0x5d, 0xe7, 0x7d, 0xe7, 0x7c, 0xef, 0x7c, 0xef, 0x5c, 0xef, 0x5d, 0xe7, 0x5d, 0xe7, 0x5d, 0xef, 0x5c, 0xef, 0x5c, 0xe7, 0x5c, 0xe7, 0x5c, 0xe7, 0x5d, 0xe7, 0x5d, 0xe7, 0x5d, 0xef, 0x5d, 0xef, 0x5d, 0xef, 0x5d, 0xef, 0x5d, 0xef, 0x5d, 0xe7, 0x5d, 0xe7, 0x5d, 0xe7, 0x5d, 0xe7, 0x5d, 0xe7, 0x5d, 0xef, 0x5d, 0xef, 0x5d, 0xef, 0x5d, 0xef, 0x5d, 0xef, 0x5d, 0xef, 0x5d, 0xef, 0x5d, 0xef, 0x5d, 0xef, 0x5d, 0xef, 0x5d, 0xef, 0x5d, 0xef, 0x5d, 0xef, 0x5d, 0xef, 0x5d, 0xef, 0x5d, 0xef, 0x5d, 0xef, 0x5d, 0xef, 0x5d, 0xef, 0x5d, 0xef, 0x5d, 0xef, 0x5d, 0xef, 0x5d, 0xef, 0x5d, 0xe7, 0x5c, 0xe7, 0x5c, 0xe7, 0x5c, 0xe7, 0x5c, 0xe7, 0x5c, 0xe7, 0x5c, 0xe7, 0x5c, 0xe7, 0x5c, 0xe7, 0x5c, 0xe7, 0x5c, 0xe7, 0x5c, 0xe7, 0x5c, 0xe7, 0x5c, 0xe7, 0x5c, 0xe7, 0x5c, 0xe7, 0x5c, 0xe7, 0x5c, 0xe7, 0x5c, 0xe7, 0x3c, 0xe7, 0x3c, 0xef, 0x5d, 0xef, 0x5d, 0xef, 0x5d, 0xef, 0x5d, 0xef, 0x5d, 0xef, 0x5d, 0xef, 0x5d, 0xef, 0x5d, 0xef, 0x7d, 0xef, 0x7d, 0xef, 0x7d, 0xef, 0x7d, 0xef, 0x5d, 0xef, 0x5d, 0xef, 0x5d, 0xef, 0x5d, 0xef, 0x5d, 0xef, 0x5d, 0xef, 0x5d, 0xef, 0x5d, 0xef, 0x7d, 0xef, 0x7d, 0xef, 0x7d, 0xef, 0x7d, 0xef, 0x5d, 0xef, 0x5d, 0xef, 0x5d, 0xef, 0x5d, 0xef, 0x5d, 0xef, 0x7d, 0xef, 0x7d, 0xef, 0x7d, 0xef, 0x7d, 0xef, 0x7d, 0xef, 0x5d, 0xef, 0x5d, 0xef, 0x5d, 0xef, 0x5d, 0xef, 0x7d, 0xef, 0x7d, 0xef, 0x7d, 0xef, 0x7d, 0xef, 0x7d, 0xef, 0x5d, 0xef, 0x5d, 0xef, 0x7d, 0xef, 0x7d, 0xef, 0x7d, 
  0xcf, 0xd9, 0xdf, 0xba, 0xe7, 0x7c, 0xef, 0x5d, 0xef, 0x5d, 0xe7, 0x5d, 0xe7, 0x7c, 0xe7, 0x7c, 0xef, 0x5d, 0xef, 0x5d, 0xe7, 0x5d, 0xe7, 0x5d, 0xef, 0x5c, 0xef, 0x5c, 0xef, 0x5c, 0xe7, 0x5c, 0xe7, 0x5d, 0xe7, 0x5d, 0xe7, 0x5d, 0xe7, 0x5d, 0xef, 0x5d, 0xef, 0x5d, 0xef, 0x5d, 0xef, 0x5d, 0xe7, 0x5d, 0xe7, 0x5d, 0xe7, 0x5d, 0xe7, 0x5d, 0xe7, 0x5d, 0xe7, 0x5d, 0xef, 0x5d, 0xef, 0x5d, 0xef, 0x5d, 0xef, 0x5d, 0xef, 0x5d, 0xef, 0x5d, 0xef, 0x5d, 0xef, 0x5d, 0xef, 0x5d, 0xef, 0x5d, 0xef, 0x5d, 0xef, 0x5d, 0xef, 0x5d, 0xef, 0x5d, 0xef, 0x5d, 0xef, 0x5d, 0xef, 0x5d, 0xef, 0x5d, 0xef, 0x5d, 0xef, 0x5d, 0xe7, 0x5c, 0xe7, 0x5c, 0xe7, 0x5c, 0xe7, 0x5c, 0xe7, 0x5c, 0xe7, 0x5c, 0xe7, 0x5c, 0xe7, 0x5c, 0xe7, 0x5c, 0xe7, 0x5c, 0xe7, 0x5c, 0xe7, 0x5c, 0xe7, 0x5c, 0xe7, 0x5c, 0xe7, 0x5c, 0xe7, 0x5c, 0xe7, 0x5c, 0xe7, 0x5c, 0xe7, 0x3c, 0xe7, 0x3c, 0xe7, 0x3c, 0xe7, 0x3c, 0xef, 0x5d, 0xef, 0x5d, 0xef, 0x5d, 0xef, 0x5d, 0xef, 0x5d, 0xef, 0x5d, 0xef, 0x5d, 0xef, 0x5d, 0xef, 0x5d, 0xef, 0x5d, 0xef, 0x5d, 0xef, 0x5d, 0xef, 0x5d, 0xef, 0x5d, 0xef, 0x5d, 0xef, 0x5d, 0xef, 0x5d, 0xef, 0x5d, 0xef, 0x5d, 0xef, 0x5d, 0xef, 0x5d, 0xef, 0x5d, 0xef, 0x5d, 0xef, 0x5d, 0xef, 0x5d, 0xef, 0x5d, 0xef, 0x5d, 0xef, 0x5d, 0xef, 0x5d, 0xef, 0x5d, 0xef, 0x5d, 0xef, 0x5d, 0xef, 0x5d, 0xef, 0x5d, 0xef, 0x5d, 0xef, 0x5d, 0xef, 0x5d, 0xef, 0x5d, 0xef, 0x5d, 0xef, 0x5d, 0xef, 0x7d, 0xef, 0x7d, 0xef, 0x7d, 0xef, 0x7d, 0xef, 0x5d, 0xef, 0x5e, 0xef, 0x7d, 0xef, 0x5d, 
  0xd7, 0xd9, 0xdf, 0xba, 0xef, 0x7c, 0xef, 0x5d, 0xef, 0x5d, 0xe7, 0x5d, 0xe7, 0x7c, 0xe7, 0x7c, 0xef, 0x5d, 0xef, 0x5d, 0xe7, 0x5d, 0xe7, 0x5d, 0xef, 0x5c, 0xef, 0x5c, 0xef, 0x5c, 0xef, 0x5c, 0xe7, 0x5d, 0xe7, 0x5d, 0xe7, 0x5d, 0xe7, 0x5d, 0xef, 0x5d, 0xef, 0x5d, 0xef, 0x5d, 0xef, 0x5d, 0xef, 0x5d, 0xef, 0x5d, 0xe7, 0x5d, 0xe7, 0x5d, 0xe7, 0x5d, 0xe7, 0x5d, 0xe7, 0x5d, 0xe7, 0x5d, 0xef, 0x5d, 0xef, 0x5d, 0xef, 0x5d, 0xef, 0x5d, 0xef, 0x5d, 0xef, 0x5d, 0xef, 0x5d, 0xe7, 0x5c, 0xef, 0x5d, 0xef, 0x5d, 0xef, 0x5d, 0xef, 0x5d, 0xef, 0x5d, 0xef, 0x5d, 0xef, 0x5d, 0xef, 0x5d, 0xe7, 0x5c, 0xe7, 0x5c, 0xe7, 0x5c, 0xe7, 0x5c, 0xe7, 0x5c, 0xe7, 0x5c, 0xe7, 0x5c, 0xe7, 0x5c, 0xe7, 0x5c, 0xe7, 0x5c, 0xe7, 0x5c, 0xe7, 0x5c, 0xe7, 0x5c, 0xe7, 0x5c, 0xe7, 0x5c, 0xe7, 0x5c, 0xe7, 0x5c, 0xe7, 0x5c, 0xe7, 0x3c, 0xe7, 0x3c, 0xe7, 0x3c, 0xe7, 0x3c, 0xe7, 0x3c, 0xe7, 0x3c, 0xef, 0x5d, 0xef, 0x5d, 0xef, 0x5d, 0xef, 0x5d, 0xef, 0x5d, 0xef, 0x5d, 0xef, 0x5d, 0xef, 0x5d, 0xef, 0x5d, 0xef, 0x5d, 0xef, 0x5d, 0xef, 0x5d, 0xef, 0x5d, 0xef, 0x5d, 0xef, 0x5d, 0xef, 0x5d, 0xef, 0x5d, 0xef, 0x5d, 0xef, 0x5d, 0xef, 0x5d, 0xef, 0x5d, 0xef, 0x5d, 0xef, 0x5d, 0xef, 0x5d, 0xef, 0x5d, 0xef, 0x5d, 0xef, 0x5d, 0xef, 0x5d, 0xef, 0x5d, 0xef, 0x5d, 0xef, 0x5d, 0xef, 0x5d, 0xef, 0x5d, 0xef, 0x5d, 0xef, 0x5d, 0xef, 0x5d, 0xef, 0x5d, 0xef, 0x5d, 0xef, 0x5d, 0xef, 0x5d, 0xef, 0x5d, 0xef, 0x7d, 0xef, 0x7d, 0xef, 0x5d, 0xef, 0x5d, 0xf7, 0x5e, 0xf7, 0x5e, 0xef, 0x5d, 
  0xd7, 0xd9, 0xdf, 0x9a, 0xef, 0x5c, 0xef, 0x3d, 0xef, 0x5d, 0xe7, 0x5d, 0xe7, 0x5c, 0xe7, 0x7c, 0xef, 0x5d, 0xef, 0x5d, 0xe7, 0x5d, 0xe7, 0x5d, 0xef, 0x5c, 0xef, 0x5c, 0xef, 0x5c, 0xef, 0x5c, 0xef, 0x5d, 0xe7, 0x5d, 0xe7, 0x5d, 0xe7, 0x5d, 0xef, 0x5d, 0xef, 0x5d, 0xef, 0x5d, 0xef, 0x5d, 0xef, 0x5d, 0xef, 0x5d, 0xef, 0x5d, 0xe7, 0x5d, 0xe7, 0x5d, 0xe7, 0x5d, 0xe7, 0x5d, 0xef, 0x5d, 0xef, 0x5d, 0xef, 0x5d, 0xef, 0x5d, 0xef, 0x5d, 0xe7, 0x5c, 0xe7, 0x5c, 0xe7, 0x5c, 0xe7, 0x5c, 0xef, 0x5d, 0xef, 0x5d, 0xef, 0x5d, 0xef, 0x5d, 0xef, 0x5d, 0xef, 0x5d, 0xef, 0x5d, 0xef, 0x5d, 0xe7, 0x5c, 0xe7, 0x5c, 0xe7, 0x5c, 0xe7, 0x5c, 0xe7, 0x5c, 0xe7, 0x5c, 0xe7, 0x5c, 0xe7, 0x5c, 0xe7, 0x5c, 0xe7, 0x5c, 0xe7, 0x5c, 0xe7, 0x5c, 0xe7, 0x5c, 0xe7, 0x5c, 0xe7, 0x5c, 0xe7, 0x5c, 0xe7, 0x5c, 0xe7, 0x3c, 0xe7, 0x3c, 0xe7, 0x3c, 0xe7, 0x3c, 0xe7, 0x3c, 0xe7, 0x3c, 0xe7, 0x3c, 0xef, 0x5d, 0xef, 0x5d, 0xe7, 0x5c, 0xe7, 0x5c, 0xef, 0x5d, 0xef, 0x5d, 0xef, 0x5d, 0xef, 0x5d, 0xe7, 0x5c, 0xe7, 0x5c, 0xef, 0x5d, 0xef, 0x5d, 0xef, 0x5d, 0xef, 0x5d, 0xef, 0x5d, 0xef, 0x5d, 0xef, 0x5d, 0xef, 0x5d, 0xef, 0x5d, 0xef, 0x5d, 0xef, 0x5d, 0xef, 0x5d, 0xef, 0x5d, 0xef, 0x5d, 0xef, 0x5d, 0xef, 0x5d, 0xef, 0x5d, 0xef, 0x5d, 0xef, 0x5d, 0xef, 0x5d, 0xef, 0x5d, 0xef, 0x5d, 0xef, 0x5d, 0xef, 0x5d, 0xef, 0x5d, 0xef, 0x5d, 0xef, 0x5d, 0xef, 0x5d, 0xef, 0x5d, 0xef, 0x5d, 0xe7, 0x5c, 0xef, 0x5d, 0xef, 0x5d, 0xef, 0x5d, 0xef, 0x3d, 0xef, 0x5d, 0xef, 0x5d, 0xef, 0x3d, 
  0xd7, 0xda, 0xdf, 0xba, 0xef, 0x7c, 0xef, 0x5d, 0xef, 0x5d, 0xe7, 0x5d, 0xe7, 0x7d, 0xe7, 0x7c, 0xef, 0x5d, 0xef, 0x5d, 0xe7, 0x5d, 0xe7, 0x5d, 0xef, 0x5c, 0xef, 0x5c, 0xef, 0x5d, 0xef, 0x5d, 0xef, 0x5d, 0xef, 0x5d, 0xef, 0x5d, 0xef, 0x5d, 0xef, 0x5d, 0xef, 0x5d, 0xef, 0x5d, 0xef, 0x5d, 0xef, 0x5d, 0xef, 0x5d, 0xef, 0x5d, 0xef, 0x5d, 0xef, 0x5d, 0xef, 0x5d, 0xef, 0x5d, 0xef, 0x5d, 0xef, 0x5d, 0xef, 0x5d, 0xef, 0x5d, 0xef, 0x5d, 0xef, 0x5d, 0xef, 0x5d, 0xef, 0x5d, 0xef, 0x5d, 0xef, 0x5d, 0xef, 0x5d, 0xef, 0x5d, 0xef, 0x5d, 0xe7, 0x5c, 0xe7, 0x5c, 0xe7, 0x5c, 0xe7, 0x5c, 0xef, 0x5d, 0xe7, 0x5c, 0xe7, 0x5c, 0xe7, 0x5c, 0xe7, 0x5c, 0xe7, 0x5c, 0xe7, 0x5c, 0xe7, 0x5c, 0xe7, 0x5c, 0xe7, 0x5c, 0xe7, 0x5c, 0xe7, 0x5c, 0xe7, 0x3c, 0xe7, 0x3c, 0xe7, 0x3c, 0xe7, 0x3c, 0xe7, 0x3c, 0xe7, 0x3c, 0xe7, 0x3c, 0xe7, 0x3c, 0xe7, 0x3c, 0xe7, 0x3c, 0xe7, 0x3c, 0xe7, 0x3c, 0xef, 0x5d, 0xef, 0x5d, 0xef, 0x5d, 0xef, 0x5d, 0xef, 0x5d, 0xef, 0x5d, 0xef, 0x5d, 0xef, 0x5d, 0xe7, 0x5c, 0xe7, 0x5c, 0xe7, 0x5c, 0xe7, 0x5c, 0xe7, 0x5c, 0xef, 0x5d, 0xef, 0x5d, 0xef, 0x5d, 0xe7, 0x5c, 0xef, 0x5d, 0xef, 0x5d, 0xef, 0x5d, 0xef, 0x5d, 0xe7, 0x5c, 0xef, 0x5d, 0xef, 0x5d, 0xef, 0x5d, 0xef, 0x5d, 0xef, 0x5d, 0xef, 0x5d, 0xef, 0x5d, 0xef, 0x5d, 0xef, 0x5d, 0xef, 0x5d, 0xef, 0x5d, 0xef, 0x5d, 0xef, 0x5d, 0xef, 0x5d, 0xef, 0x5d, 0xef, 0x5d, 0xef, 0x5d, 0xef, 0x5d, 0xef, 0x5d, 0xef, 0x5d, 0xef, 0x5d, 0xef, 0x5d, 0xef, 0x5d, 0xef, 0x5d, 0xef, 0x5d, 0xef, 0x5d, 
  0xd7, 0xd9, 0xdf, 0xba, 0xef, 0x5c, 0xef, 0x3d, 0xef, 0x5d, 0xe7, 0x5d, 0xe7, 0x5c, 0xe7, 0x7c, 0xef, 0x5d, 0xef, 0x5d, 0xe7, 0x5d, 0xe7, 0x5d, 0xef, 0x5c, 0xef, 0x5c, 0xef, 0x5d, 0xef, 0x5d, 0xef, 0x5d, 0xef, 0x5d, 0xef, 0x5d, 0xef, 0x5d, 0xef, 0x5d, 0xef, 0x5d, 0xef, 0x5d, 0xef, 0x5d, 0xef, 0x5d, 0xef, 0x5d, 0xef, 0x5d, 0xef, 0x5d, 0xef, 0x5d, 0xef, 0x5d, 0xef, 0x5d, 0xef, 0x5d, 0xef, 0x5d, 0xef, 0x5d, 0xef, 0x5d, 0xef, 0x5d, 0xef, 0x5d, 0xef, 0x5d, 0xef, 0x5d, 0xe7, 0x5c, 0xef, 0x5d, 0xef, 0x5d, 0xef, 0x5d, 0xef, 0x5d, 0xe7, 0x5c, 0xe7, 0x5c, 0xe7, 0x5c, 0xe7, 0x5c, 0xe7, 0x5c, 0xe7, 0x5c, 0xe7, 0x5c, 0xe7, 0x5c, 0xe7, 0x5c, 0xe7, 0x5c, 0xe7, 0x5c, 0xe7, 0x5c, 0xe7, 0x5c, 0xe7, 0x5c, 0xe7, 0x5c, 0xe7, 0x3c, 0xe7, 0x3c, 0xe7, 0x3c, 0xe7, 0x3c, 0xe7, 0x3c, 0xe7, 0x3c, 0xe7, 0x3c, 0xe7, 0x3c, 0xe7, 0x3c, 0xe7, 0x3c, 0xe7, 0x3c, 0xe7, 0x3c, 0xe7, 0x3c, 0xe7, 0x5c, 0xe7, 0x5c, 0xe7, 0x5c, 0xe7, 0x5c, 0xe7, 0x5c, 0xe7, 0x5c, 0xe7, 0x5c, 0xe7, 0x5c, 0xe7, 0x3c, 0xe7, 0x5c, 0xe7, 0x5c, 0xe7, 0x5c, 0xe7, 0x5c, 0xe7, 0x5c, 0xe7, 0x5c, 0xe7, 0x5c, 0xe7, 0x3c, 0xe7, 0x5c, 0xef, 0x5d, 0xef, 0x5d, 0xe7, 0x5c, 0xe7, 0x5c, 0xef, 0x5d, 0xef, 0x5d, 0xef, 0x5d, 0xef, 0x5d, 0xef, 0x5d, 0xef, 0x5d, 0xef, 0x5d, 0xef, 0x5d, 0xef, 0x5d, 0xef, 0x3d, 0xef, 0x5d, 0xef, 0x5d, 0xef, 0x5d, 0xef, 0x5d, 0xef, 0x5d, 0xef, 0x5d, 0xef, 0x5d, 0xef, 0x5d, 0xef, 0x5d, 0xef, 0x5d, 0xef, 0x5d, 0xef, 0x5d, 0xef, 0x5d, 0xef, 0x5d, 0xef, 0x5d, 0xef, 0x5d, 
  0xd7, 0xd9, 0xdf, 0xba, 0xe7, 0x7c, 0xef, 0x5d, 0xef, 0x5d, 0xe7, 0x5d, 0xe7, 0x5c, 0xe7, 0x5c, 0xef, 0x5d, 0xef, 0x5d, 0xef, 0x5d, 0xef, 0x5d, 0xef, 0x5c, 0xef, 0x5c, 0xef, 0x5d, 0xef, 0x5d, 0xef, 0x5d, 0xef, 0x5d, 0xef, 0x5d, 0xef, 0x5d, 0xef, 0x5d, 0xef, 0x5d, 0xef, 0x5d, 0xef, 0x5d, 0xef, 0x5d, 0xef, 0x5d, 0xef, 0x5d, 0xef, 0x5d, 0xef, 0x5d, 0xef, 0x5d, 0xef, 0x5d, 0xef, 0x5d, 0xef, 0x5d, 0xef, 0x5d, 0xef, 0x5d, 0xef, 0x5d, 0xef, 0x5d, 0xe7, 0x5c, 0xe7, 0x5c, 0xe7, 0x5c, 0xef, 0x5d, 0xef, 0x5d, 0xe7, 0x5c, 0xe7, 0x5c, 0xe7, 0x5c, 0xe7, 0x5c, 0xe7, 0x5c, 0xe7, 0x5c, 0xe7, 0x5c, 0xe7, 0x5c, 0xe7, 0x5c, 0xe7, 0x5c, 0xe7, 0x5c, 0xe7, 0x5c, 0xe7, 0x5c, 0xe7, 0x5c, 0xe7, 0x5c, 0xe7, 0x3c, 0xe7, 0x3c, 0xe7, 0x3c, 0xe7, 0x3c, 0xe7, 0x3c, 0xe7, 0x3c, 0xe7, 0x3c, 0xe7, 0x3c, 0xe7, 0x3c, 0xe7, 0x3c, 0xe7, 0x3c, 0xe7, 0x3c, 0xe7, 0x3c, 0xe7, 0x3c, 0xe7, 0x3c, 0xe7, 0x3c, 0xe7, 0x3c, 0xe7, 0x3c, 0xe7, 0x3c, 0xe7, 0x3c, 0xe7, 0x3c, 0xe7, 0x3c, 0xe7, 0x3c, 0xe7, 0x3c, 0xe7, 0x3c, 0xe7, 0x3c, 0xe7, 0x3c, 0xe7, 0x3c, 0xe7, 0x3c, 0xe7, 0x3c, 0xe7, 0x3c, 0xe7, 0x3c, 0xe7, 0x3c, 0xe7, 0x5c, 0xe7, 0x5c, 0xe7, 0x3c, 0xe7, 0x3c, 0xe7, 0x5c, 0xef, 0x5d, 0xef, 0x3c, 0xef, 0x3d, 0xef, 0x3d, 0xef, 0x3d, 0xef, 0x3d, 0xef, 0x3d, 0xef, 0x3d, 0xef, 0x3d, 0xef, 0x3d, 0xef, 0x3d, 0xef, 0x3d, 0xef, 0x3d, 0xef, 0x5d, 0xef, 0x5d, 0xef, 0x3d, 0xef, 0x3d, 0xef, 0x3d, 0xef, 0x3d, 0xef, 0x3d, 0xef, 0x3d, 0xef, 0x3d, 0xe7, 0x5c, 0xe7, 0x5c, 0xe7, 0x5c, 
  0xcf, 0xd9, 0xd7, 0xba, 0xe7, 0x7c, 0xef, 0x5d, 0xef, 0x5d, 0xe7, 0x5d, 0xe7, 0x5c, 0xef, 0x5c, 0xef, 0x5d, 0xef, 0x5d, 0xef, 0x5d, 0xef, 0x5d, 0xef, 0x5c, 0xef, 0x5c, 0xef, 0x5d, 0xef, 0x5d, 0xef, 0x5d, 0xef, 0x5d, 0xef, 0x5d, 0xef, 0x5d, 0xef, 0x5d, 0xef, 0x5d, 0xef, 0x5d, 0xef, 0x5d, 0xef, 0x5d, 0xef, 0x5d, 0xef, 0x5d, 0xef, 0x5d, 0xef, 0x5d, 0xef, 0x5d, 0xe7, 0x5c, 0xe7, 0x5c, 0xef, 0x5d, 0xef, 0x5d, 0xef, 0x5d, 0xe7, 0x5c, 0xe7, 0x5c, 0xe7, 0x5c, 0xe7, 0x5c, 0xe7, 0x5c, 0xe7, 0x5c, 0xe7, 0x5c, 0xe7, 0x5c, 0xe7, 0x5c, 0xe7, 0x5c, 0xe7, 0x5c, 0xe7, 0x5c, 0xe7, 0x5c, 0xe7, 0x5c, 0xe7, 0x5c, 0xe7, 0x5c, 0xe7, 0x5c, 0xe7, 0x5c, 0xe7, 0x3c, 0xe7, 0x3c, 0xe7, 0x3c, 0xe7, 0x3c, 0xe7, 0x3c, 0xe7, 0x3c, 0xe7, 0x3c, 0xe7, 0x3c, 0xe7, 0x3c, 0xe7, 0x3c, 0xe7, 0x3c, 0xe7, 0x3c, 0xe7, 0x3c, 0xe7, 0x3c, 0xe7, 0x3c, 0xe7, 0x3c, 0xe7, 0x3c, 0xe7, 0x3c, 0xe7, 0x3c, 0xe7, 0x3c, 0xe7, 0x3c, 0xe7, 0x3c, 0xe7, 0x3c, 0xe7, 0x3c, 0xe7, 0x3c, 0xe7, 0x3c, 0xe7, 0x3c, 0xe7, 0x3c, 0xe7, 0x3c, 0xe7, 0x3c, 0xe7, 0x3c, 0xe7, 0x3c, 0xe7, 0x3c, 0xe7, 0x3c, 0xe7, 0x3c, 0xe7, 0x3c, 0xe7, 0x3c, 0xe7, 0x3c, 0xe7, 0x3c, 0xe7, 0x3c, 0xe7, 0x3c, 0xe7, 0x3c, 0xe7, 0x3c, 0xef, 0x3c, 0xef, 0x3d, 0xef, 0x3d, 0xef, 0x3d, 0xef, 0x3d, 0xef, 0x3d, 0xef, 0x3d, 0xef, 0x3d, 0xef, 0x3d, 0xef, 0x3d, 0xef, 0x3d, 0xef, 0x3d, 0xef, 0x3d, 0xef, 0x3d, 0xef, 0x3d, 0xef, 0x3d, 0xef, 0x3d, 0xef, 0x3d, 0xef, 0x3d, 0xef, 0x3c, 0xe7, 0x3c, 0xe7, 0x5c, 0xe7, 0x5c, 0xdf, 0x7b, 
  0xcf, 0xf9, 0xd7, 0xda, 0xe7, 0x7c, 0xef, 0x5d, 0xef, 0x5d, 0xe7, 0x5d, 0xef, 0x5c, 0xef, 0x5c, 0xef, 0x3d, 0xef, 0x3d, 0xef, 0x5d, 0xef, 0x5d, 0xef, 0x5c, 0xef, 0x5c, 0xe7, 0x5d, 0xe7, 0x5d, 0xef, 0x5d, 0xef, 0x5d, 0xef, 0x5d, 0xef, 0x5d, 0xef, 0x5d, 0xef, 0x5d, 0xef, 0x5d, 0xef, 0x5d, 0xef, 0x5d, 0xef, 0x5d, 0xef, 0x5d, 0xef, 0x5d, 0xe7, 0x5c, 0xe7, 0x5c, 0xe7, 0x5c, 0xe7, 0x5c, 0xe7, 0x5c, 0xe7, 0x5c, 0xe7, 0x5c, 0xe7, 0x5c, 0xe7, 0x5c, 0xe7, 0x5c, 0xe7, 0x5c, 0xe7, 0x5c, 0xe7, 0x5c, 0xe7, 0x5c, 0xe7, 0x5c, 0xe7, 0x5c, 0xe7, 0x5c, 0xe7, 0x5c, 0xe7, 0x3c, 0xe7, 0x3c, 0xe7, 0x5c, 0xe7, 0x5c, 0xe7, 0x5c, 0xe7, 0x3c, 0xe7, 0x3c, 0xe7, 0x3c, 0xe7, 0x3c, 0xe7, 0x3c, 0xe7, 0x3c, 0xe7, 0x3c, 0xe7, 0x3c, 0xe7, 0x3c, 0xe7, 0x3c, 0xe7, 0x3c, 0xe7, 0x3c, 0xe7, 0x3c, 0xe7, 0x3c, 0xe7, 0x3c, 0xe7, 0x3c, 0xe7, 0x3c, 0xe7, 0x3c, 0xe7, 0x3c, 0xe7, 0x3c, 0xe7, 0x3c, 0xe7, 0x3c, 0xe7, 0x3c, 0xe7, 0x3c, 0xe7, 0x3c, 0xe7, 0x3c, 0xe7, 0x3c, 0xe7, 0x3c, 0xe7, 0x3c, 0xe7, 0x3c, 0xe7, 0x3c, 0xe7, 0x3c, 0xe7, 0x3c, 0xe7, 0x3c, 0xe7, 0x3c, 0xe7, 0x3c, 0xe7, 0x3c, 0xe7, 0x3c, 0xe7, 0x3c, 0xe7, 0x3c, 0xe7, 0x3c, 0xe7, 0x3c, 0xe7, 0x3c, 0xe7, 0x3c, 0xe7, 0x3c, 0xe7, 0x3c, 0xe7, 0x3c, 0xe7, 0x3c, 0xef, 0x3d, 0xef, 0x3d, 0xef, 0x3d, 0xef, 0x3d, 0xef, 0x3d, 0xe7, 0x3c, 0xe7, 0x3c, 0xef, 0x3d, 0xef, 0x3d, 0xef, 0x3d, 0xef, 0x3d, 0xef, 0x3d, 0xef, 0x3d, 0xef, 0x3d, 0xef, 0x3d, 0xef, 0x3d, 0xe7, 0x3c, 0xe7, 0x3c, 0xe7, 0x5c, 0xdf, 0x7b, 0xdf, 0x9b, 
  0xcf, 0xf9, 0xd7, 0xda, 0xe7, 0x7c, 0xef, 0x5d, 0xef, 0x5d, 0xef, 0x5d, 0xef, 0x5c, 0xef, 0x5c, 0xef, 0x3d, 0xef, 0x3d, 0xef, 0x5d, 0xef, 0x5d, 0xef, 0x5c, 0xef, 0x5c, 0xe7, 0x5d, 0xe7, 0x5d, 0xef, 0x5d, 0xef, 0x5d, 0xef, 0x5d, 0xef, 0x5d, 0xef, 0x5d, 0xef, 0x5d, 0xef, 0x5d, 0xef, 0x5d, 0xef, 0x5d, 0xef, 0x5d, 0xe7, 0x5c, 0xe7, 0x5c, 0xe7, 0x5c, 0xe7, 0x5c, 0xe7, 0x5c, 0xe7, 0x5c, 0xe7, 0x5c, 0xe7, 0x5c, 0xe7, 0x5c, 0xe7, 0x5c, 0xe7, 0x5c, 0xe7, 0x5c, 0xe7, 0x5c, 0xe7, 0x3c, 0xe7, 0x5c, 0xe7, 0x5c, 0xe7, 0x5c, 0xe7, 0x5c, 0xe7, 0x3c, 0xe7, 0x3c, 0xe7, 0x3c, 0xe7, 0x3c, 0xe7, 0x3c, 0xe7, 0x3c, 0xe7, 0x3c, 0xe7, 0x3c, 0xe7, 0x3c, 0xe7, 0x3c, 0xe7, 0x3c, 0xe7, 0x3c, 0xe7, 0x3c, 0xe7, 0x3c, 0xe7, 0x3c, 0xe7, 0x3c, 0xe7, 0x3c, 0xe7, 0x3c, 0xe7, 0x3c, 0xe7, 0x3c, 0xe7, 0x3c, 0xe7, 0x3c, 0xe7, 0x3c, 0xe7, 0x3c, 0xe7, 0x3c, 0xe7, 0x3c, 0xe7, 0x3c, 0xe7, 0x3c, 0xe7, 0x3c, 0xe7, 0x3c, 0xe7, 0x3c, 0xe7, 0x3c, 0xe7, 0x3c, 0xe7, 0x3c, 0xe7, 0x3c, 0xe7, 0x3c, 0xe7, 0x3c, 0xe7, 0x3c, 0xe7, 0x3c, 0xe7, 0x3c, 0xe7, 0x3c, 0xe7, 0x3c, 0xe7, 0x3c, 0xe7, 0x3c, 0xe7, 0x3c, 0xe7, 0x3c, 0xe7, 0x3c, 0xe7, 0x3c, 0xe7, 0x3c, 0xe7, 0x3c, 0xe7, 0x3c, 0xe7, 0x3c, 0xe7, 0x1c, 0xe7, 0x3c, 0xe7, 0x3c, 0xe7, 0x3c, 0xe7, 0x3c, 0xe7, 0x3c, 0xe7, 0x3c, 0xe7, 0x3c, 0xe7, 0x3c, 0xe7, 0x3c, 0xe7, 0x3c, 0xe7, 0x3c, 0xe7, 0x3c, 0xe7, 0x3c, 0xe7, 0x3c, 0xef, 0x3d, 0xef, 0x3d, 0xef, 0x1d, 0xef, 0x3d, 0xe7, 0x3c, 0xe7, 0x5c, 0xdf, 0x7b, 0xdf, 0x9b, 0xdf, 0x9a, 
  0xcf, 0xf9, 0xd7, 0xda, 0xe7, 0x7c, 0xef, 0x5d, 0xe7, 0x5d, 0xe7, 0x5d, 0xef, 0x5c, 0xef, 0x5c, 0xef, 0x3c, 0xef, 0x3d, 0xef, 0x5d, 0xef, 0x5d, 0xef, 0x5c, 0xef, 0x5c, 0xe7, 0x5d, 0xe7, 0x5d, 0xef, 0x5d, 0xef, 0x5d, 0xef, 0x5d, 0xef, 0x5d, 0xef, 0x5d, 0xef, 0x5d, 0xef, 0x5d, 0xef, 0x5d, 0xe7, 0x5c, 0xe7, 0x5c, 0xe7, 0x5c, 0xe7, 0x5c, 0xe7, 0x5c, 0xe7, 0x5c, 0xe7, 0x5c, 0xe7, 0x5c, 0xe7, 0x5c, 0xe7, 0x5c, 0xe7, 0x5c, 0xe7, 0x5c, 0xe7, 0x5c, 0xe7, 0x3c, 0xe7, 0x3c, 0xe7, 0x3c, 0xe7, 0x5c, 0xe7, 0x5c, 0xe7, 0x3c, 0xe7, 0x3c, 0xe7, 0x3c, 0xe7, 0x3c, 0xe7, 0x3c, 0xe7, 0x3c, 0xe7, 0x3c, 0xe7, 0x3c, 0xe7, 0x3c, 0xe7, 0x3c, 0xe7, 0x3c, 0xe7, 0x3c, 0xe7, 0x3c, 0xe7, 0x3c, 0xe7, 0x3c, 0xe7, 0x3c, 0xe7, 0x3c, 0xe7, 0x3c, 0xe7, 0x3c, 0xe7, 0x3c, 0xe7, 0x3c, 0xe7, 0x3c, 0xe7, 0x3c, 0xe7, 0x3c, 0xe7, 0x3c, 0xe7, 0x3c, 0xe7, 0x3c, 0xe7, 0x3c, 0xe7, 0x3c, 0xe7, 0x3c, 0xe7, 0x3c, 0xe7, 0x3c, 0xe7, 0x3c, 0xe7, 0x3c, 0xe7, 0x3c, 0xe7, 0x3c, 0xe7, 0x3c, 0xe7, 0x3c, 0xe7, 0x3c, 0xe7, 0x3c, 0xe7, 0x3c, 0xe7, 0x3c, 0xe7, 0x3c, 0xe7, 0x3c, 0xe7, 0x3c, 0xe7, 0x3c, 0xe7, 0x3c, 0xe7, 0x3c, 0xe7, 0x3c, 0xe7, 0x3c, 0xe7, 0x3c, 0xe7, 0x3c, 0xe7, 0x3c, 0xe7, 0x3c, 0xe7, 0x3c, 0xe7, 0x3c, 0xe7, 0x3c, 0xe7, 0x3c, 0xe7, 0x3c, 0xe7, 0x3c, 0xe7, 0x1c, 0xe7, 0x1c, 0xe7, 0x1c, 0xe7, 0x1c, 0xe7, 0x3c, 0xe7, 0x3c, 0xe7, 0x3c, 0xe7, 0x3c, 0xe7, 0x3c, 0xe7, 0x1c, 0xef, 0x1d, 0xef, 0x1d, 0xef, 0x1c, 0xe7, 0x3c, 0xe7, 0x5b, 0xdf, 0x7b, 0xd7, 0xba, 0xd7, 0xba, 
  0xc7, 0xf9, 0xcf, 0xda, 0xdf, 0x9b, 0xe7, 0x7c, 0xe7, 0x5c, 0xe7, 0x5c, 0xef, 0x5c, 0xef, 0x5c, 0xef, 0x3c, 0xef, 0x3d, 0xef, 0x5d, 0xef, 0x5d, 0xef, 0x5c, 0xef, 0x5c, 0xe7, 0x5d, 0xe7, 0x5d, 0xe7, 0x5d, 0xef, 0x5d, 0xef, 0x5d, 0xef, 0x5c, 0xef, 0x5c, 0xe7, 0x5c, 0xe7, 0x5c, 0xe7, 0x5c, 0xe7, 0x5c, 0xe7, 0x5c, 0xe7, 0x5c, 0xef, 0x5d, 0xef, 0x5d, 0xef, 0x5d, 0xef, 0x5d, 0xef, 0x5d, 0xef, 0x5d, 0xe7, 0x5d, 0xe7, 0x5d, 0xe7, 0x5d, 0xe7, 0x3c, 0xe7, 0x3c, 0xe7, 0x3c, 0xe7, 0x3c, 0xe7, 0x5d, 0xe7, 0x3c, 0xe7, 0x3c, 0xe7, 0x3c, 0xe7, 0x3c, 0xe7, 0x3c, 0xe7, 0x3c, 0xe7, 0x3c, 0xe7, 0x3c, 0xe7, 0x3c, 0xe7, 0x3c, 0xe7, 0x3c, 0xe7, 0x3c, 0xe7, 0x3c, 0xe7, 0x3c, 0xe7, 0x3c, 0xe7, 0x3c, 0xe7, 0x3c, 0xe7, 0x3c, 0xe7, 0x3c, 0xe7, 0x3c, 0xe7, 0x3c, 0xe7, 0x3c, 0xe7, 0x3c, 0xe7, 0x3c, 0xe7, 0x3c, 0xe7, 0x3c, 0xe7, 0x3c, 0xe7, 0x3c, 0xe7, 0x3c, 0xe7, 0x3c, 0xe7, 0x3c, 0xe7, 0x3c, 0xe7, 0x3c, 0xe7, 0x3c, 0xe7, 0x3c, 0xe7, 0x3c, 0xe7, 0x3c, 0xe7, 0x3c, 0xe7, 0x3c, 0xe7, 0x3c, 0xe7, 0x3c, 0xe7, 0x3c, 0xe7, 0x3c, 0xe7, 0x3c, 0xe7, 0x3c, 0xe7, 0x3c, 0xe7, 0x3c, 0xe7, 0x3c, 0xe7, 0x3c, 0xe7, 0x3c, 0xe7, 0x3c, 0xe7, 0x3c, 0xe7, 0x3c, 0xe7, 0x3c, 0xe7, 0x1c, 0xe7, 0x3c, 0xe7, 0x3c, 0xe7, 0x3c, 0xe7, 0x3c, 0xe7, 0x3c, 0xe7, 0x3c, 0xe7, 0x3c, 0xe7, 0x3c, 0xe7, 0x1c, 0xe7, 0x1c, 0xe7, 0x1c, 0xe7, 0x1c, 0xe7, 0x1c, 0xe7, 0x1c, 0xe7, 0x1c, 0xe7, 0x1d, 0xef, 0x1d, 0xee, 0xfd, 0xe7, 0x1c, 0xe7, 0x3c, 0xdf, 0x5b, 0xdf, 0x9a, 0xd7, 0xba, 0xd7, 0xd9, 
  0xcf, 0xf9, 0xcf, 0xda, 0xd7, 0xba, 0xdf, 0x9b, 0xe7, 0x7c, 0xe7, 0x5c, 0xef, 0x5c, 0xef, 0x5c, 0xef, 0x5d, 0xef, 0x5d, 0xe7, 0x5d, 0xe7, 0x5d, 0xe7, 0x5d, 0xef, 0x5c, 0xef, 0x5c, 0xef, 0x5d, 0xef, 0x5d, 0xef, 0x5d, 0xef, 0x5d, 0xef, 0x5d, 0xef, 0x5c, 0xe7, 0x5c, 0xe7, 0x5c, 0xe7, 0x5c, 0xe7, 0x5c, 0xe7, 0x5c, 0xe7, 0x5d, 0xef, 0x5d, 0xef, 0x3d, 0xef, 0x3d, 0xef, 0x3d, 0xe7, 0x3d, 0xef, 0x3d, 0xe7, 0x5d, 0xe7, 0x5d, 0xe7, 0x5d, 0xe7, 0x3c, 0xe7, 0x3c, 0xe7, 0x3c, 0xe7, 0x3c, 0xe7, 0x3c, 0xe7, 0x3c, 0xe7, 0x3c, 0xe7, 0x3c, 0xe7, 0x3c, 0xe7, 0x3c, 0xe7, 0x3c, 0xe7, 0x3c, 0xe7, 0x3c, 0xef, 0x3c, 0xef, 0x3c, 0xe7, 0x3c, 0xe7, 0x3c, 0xe7, 0x3c, 0xe7, 0x3c, 0xe7, 0x3c, 0xe7, 0x3c, 0xe7, 0x3c, 0xe7, 0x3c, 0xe7, 0x3c, 0xe7, 0x3c, 0xe7, 0x3c, 0xe7, 0x3c, 0xe7, 0x3c, 0xe7, 0x3c, 0xe7, 0x3c, 0xe7, 0x3c, 0xe7, 0x3c, 0xe7, 0x3c, 0xe7, 0x3c, 0xe7, 0x3c, 0xe7, 0x3c, 0xe7, 0x3c, 0xe7, 0x3c, 0xe7, 0x3c, 0xe7, 0x3c, 0xe7, 0x3c, 0xe7, 0x3c, 0xe7, 0x3c, 0xe7, 0x3c, 0xe7, 0x3c, 0xef, 0x3d, 0xef, 0x3d, 0xef, 0x3d, 0xef, 0x3d, 0xef, 0x3d, 0xef, 0x3d, 0xef, 0x3d, 0xef, 0x3d, 0xef, 0x3d, 0xef, 0x3d, 0xef, 0x3d, 0xe7, 0x1c, 0xe7, 0x1c, 0xe7, 0x1c, 0xe7, 0x3c, 0xe7, 0x3c, 0xe7, 0x3c, 0xe7, 0x3c, 0xe7, 0x3c, 0xe7, 0x3c, 0xe7, 0x3c, 0xe7, 0x3c, 0xe7, 0x1c, 0xe7, 0x1c, 0xe7, 0x1c, 0xe7, 0x1c, 0xe7, 0x1c, 0xe7, 0x1d, 0xe7, 0x1d, 0xe7, 0x1d, 0xef, 0x1d, 0xee, 0xfd, 0xee, 0xfd, 0xef, 0x1c, 0xe7, 0x3c, 0xdf, 0x7b, 0xd7, 0x9a, 0xcf, 0xd9, 0xcf, 0xd9, 
  0xc7, 0xf9, 0xcf, 0xf9, 0xd7, 0xda, 0xdf, 0x9a, 0xe7, 0x7b, 0xe7, 0x7c, 0xef, 0x5c, 0xef, 0x5d, 0xef, 0x3d, 0xef, 0x5d, 0xe7, 0x5d, 0xe7, 0x5d, 0xe7, 0x5d, 0xef, 0x5c, 0xef, 0x5c, 0xef, 0x5c, 0xef, 0x5d, 0xef, 0x5d, 0xef, 0x5d, 0xef, 0x5d, 0xe7, 0x5c, 0xe7, 0x5c, 0xe7, 0x5c, 0xe7, 0x5c, 0xe7, 0x5c, 0xe7, 0x5c, 0xe7, 0x5c, 0xe7, 0x5d, 0xef, 0x5d, 0xef, 0x3d, 0xe7, 0x3d, 0xe7, 0x3d, 0xe7, 0x5d, 0xe7, 0x5d, 0xe7, 0x5d, 0xe7, 0x3c, 0xe7, 0x3c, 0xe7, 0x3c, 0xe7, 0x3c, 0xe7, 0x3c, 0xe7, 0x3c, 0xe7, 0x3c, 0xe7, 0x3c, 0xe7, 0x3c, 0xe7, 0x3c, 0xe7, 0x3c, 0xe7, 0x3c, 0xe7, 0x3c, 0xe7, 0x3c, 0xe7, 0x3c, 0xe7, 0x3c, 0xe7, 0x3c, 0xe7, 0x3c, 0xe7, 0x3c, 0xe7, 0x3c, 0xe7, 0x3c, 0xe7, 0x3c, 0xe7, 0x3c, 0xe7, 0x3c, 0xe7, 0x3c, 0xe7, 0x3c, 0xe7, 0x3c, 0xe7, 0x3c, 0xe7, 0x3c, 0xe7, 0x3c, 0xe7, 0x3c, 0xe7, 0x3c, 0xe7, 0x3c, 0xe7, 0x3c, 0xe7, 0x3c, 0xe7, 0x3c, 0xe7, 0x3c, 0xe7, 0x3c, 0xe7, 0x3c, 0xe7, 0x3c, 0xe7, 0x3c, 0xe7, 0x3c, 0xe7, 0x3c, 0xe7, 0x3c, 0xe7, 0x3c, 0xe7, 0x3c, 0xef, 0x3d, 0xef, 0x3d, 0xef, 0x3d, 0xef, 0x3d, 0xef, 0x3d, 0xef, 0x3d, 0xe7, 0x1c, 0xef, 0x3d, 0xef, 0x3d, 0xef, 0x3d, 0xef, 0x3d, 0xe7, 0x1c, 0xe7, 0x1c, 0xe7, 0x1c, 0xe7, 0x3c, 0xe7, 0x3c, 0xe7, 0x3c, 0xe7, 0x3c, 0xe7, 0x3c, 0xe7, 0x3c, 0xe7, 0x3c, 0xe7, 0x1c, 0xe7, 0x1c, 0xe7, 0x1c, 0xe7, 0x1c, 0xe7, 0x1c, 0xe7, 0x1c, 0xe7, 0x1c, 0xe7, 0x1d, 0xe7, 0x1d, 0xef, 0x1d, 0xee, 0xfd, 0xee, 0xfd, 0xe7, 0x1c, 0xdf, 0x3b, 0xdf, 0x7a, 0xd7, 0xb9, 0xcf, 0xd9, 0xcf, 0xf8, 
  0xc7, 0xf9, 0xc7, 0xf9, 0xcf, 0xd9, 0xd7, 0xba, 0xdf, 0x9b, 0xe7, 0x7c, 0xef, 0x5c, 0xef, 0x3d, 0xef, 0x3d, 0xef, 0x3d, 0xef, 0x3d, 0xef, 0x5d, 0xef, 0x5d, 0xe7, 0x5c, 0xe7, 0x5c, 0xe7, 0x5c, 0xef, 0x5c, 0xef, 0x5c, 0xe7, 0x5c, 0xe7, 0x5c, 0xe7, 0x5c, 0xe7, 0x5c, 0xe7, 0x5c, 0xe7, 0x5c, 0xe7, 0x5c, 0xe7, 0x5c, 0xe7, 0x5c, 0xe7, 0x5c, 0xe7, 0x5c, 0xe7, 0x5c, 0xe7, 0x5c, 0xe7, 0x5c, 0xe7, 0x5c, 0xe7, 0x5c, 0xe7, 0x5c, 0xe7, 0x5c, 0xe7, 0x5c, 0xe7, 0x5c, 0xe7, 0x5c, 0xe7, 0x5c, 0xe7, 0x5c, 0xe7, 0x5c, 0xe7, 0x5c, 0xe7, 0x5c, 0xe7, 0x5c, 0xe7, 0x5c, 0xe7, 0x3c, 0xe7, 0x3c, 0xe7, 0x5c, 0xe7, 0x3c, 0xe7, 0x3c, 0xe7, 0x3c, 0xe7, 0x3c, 0xe7, 0x3c, 0xe7, 0x3c, 0xe7, 0x3c, 0xe7, 0x3c, 0xe7, 0x3c, 0xe7, 0x3c, 0xe7, 0x3c, 0xe7, 0x3c, 0xe7, 0x3c, 0xe7, 0x3c, 0xe7, 0x3c, 0xe7, 0x3c, 0xe7, 0x3c, 0xe7, 0x3c, 0xe7, 0x3c, 0xe7, 0x3c, 0xe7, 0x3c, 0xe7, 0x3c, 0xe7, 0x3c, 0xe7, 0x3c, 0xe7, 0x3c, 0xe7, 0x3c, 0xe7, 0x3c, 0xe7, 0x3c, 0xe7, 0x3c, 0xe7, 0x3c, 0xe7, 0x3c, 0xe7, 0x3c, 0xe7, 0x3c, 0xe7, 0x3c, 0xe7, 0x3c, 0xe7, 0x3c, 0xe7, 0x3c, 0xe7, 0x3c, 0xe7, 0x3c, 0xe7, 0x3c, 0xe7, 0x3c, 0xe7, 0x3c, 0xe7, 0x3c, 0xe7, 0x3c, 0xe7, 0x3c, 0xe7, 0x3c, 0xe7, 0x3c, 0xef, 0x1d, 0xef, 0x1d, 0xef, 0x1d, 0xe7, 0x1d, 0xe7, 0x1c, 0xe7, 0x1c, 0xe7, 0x3c, 0xe7, 0x3c, 0xe7, 0x3c, 0xe7, 0x3c, 0xe7, 0x3c, 0xe7, 0x3c, 0xe7, 0x3c, 0xe7, 0x3c, 0xe7, 0x3c, 0xe7, 0x1c, 0xef, 0x1d, 0xef, 0x1c, 0xe7, 0x3c, 0xdf, 0x5b, 0xd7, 0x9a, 0xd7, 0xb9, 0xcf, 0xd9, 0xcf, 0xf8, 
  0xc7, 0xf8, 0xc7, 0xf8, 0xcf, 0xf9, 0xd7, 0xda, 0xdf, 0x9b, 0xe7, 0x7b, 0xe7, 0x5c, 0xef, 0x3d, 0xef, 0x3d, 0xef, 0x3d, 0xef, 0x3d, 0xef, 0x3d, 0xef, 0x3d, 0xe7, 0x5c, 0xe7, 0x5c, 0xe7, 0x5c, 0xe7, 0x5c, 0xe7, 0x5c, 0xe7, 0x5c, 0xe7, 0x5c, 0xe7, 0x5c, 0xe7, 0x5c, 0xe7, 0x5c, 0xe7, 0x5c, 0xe7, 0x5c, 0xe7, 0x5c, 0xe7, 0x5c, 0xe7, 0x5c, 0xe7, 0x5c, 0xe7, 0x5c, 0xe7, 0x5c, 0xe7, 0x5c, 0xe7, 0x5c, 0xe7, 0x5c, 0xe7, 0x5c, 0xe7, 0x5c, 0xe7, 0x5c, 0xe7, 0x5c, 0xe7, 0x5c, 0xe7, 0x5c, 0xe7, 0x5c, 0xe7, 0x5c, 0xe7, 0x5c, 0xe7, 0x5c, 0xe7, 0x3c, 0xe7, 0x3c, 0xe7, 0x3c, 0xe7, 0x3c, 0xe7, 0x3c, 0xe7, 0x3c, 0xe7, 0x3c, 0xe7, 0x3c, 0xe7, 0x3c, 0xe7, 0x3c, 0xe7, 0x3c, 0xe7, 0x3c, 0xe7, 0x3c, 0xe7, 0x3c, 0xe7, 0x3c, 0xe7, 0x3c, 0xe7, 0x3c, 0xe7, 0x3c, 0xe7, 0x3c, 0xe7, 0x3c, 0xe7, 0x3c, 0xe7, 0x3c, 0xe7, 0x3c, 0xe7, 0x3c, 0xe7, 0x3c, 0xe7, 0x3c, 0xe7, 0x3c, 0xe7, 0x3c, 0xe7, 0x3c, 0xe7, 0x3c, 0xe7, 0x3c, 0xe7, 0x3c, 0xe7, 0x3c, 0xe7, 0x3c, 0xe7, 0x3c, 0xe7, 0x3c, 0xe7, 0x3c, 0xe7, 0x3c, 0xe7, 0x3c, 0xe7, 0x3c, 0xe7, 0x3c, 0xe7, 0x3c, 0xe7, 0x3c, 0xe7, 0x3c, 0xe7, 0x3c, 0xe7, 0x3c, 0xe7, 0x3c, 0xe7, 0x3c, 0xe7, 0x3c, 0xe7, 0x3c, 0xe7, 0x3c, 0xe7, 0x1c, 0xef, 0x1c, 0xef, 0x1d, 0xef, 0x1d, 0xef, 0x1d, 0xe7, 0x1c, 0xe7, 0x1c, 0xe7, 0x3c, 0xe7, 0x3c, 0xe7, 0x3c, 0xe7, 0x3c, 0xe7, 0x3c, 0xe7, 0x3c, 0xe7, 0x3c, 0xe7, 0x3c, 0xe7, 0x3c, 0xe7, 0x1c, 0xe7, 0x1c, 0xe7, 0x3c, 0xe7, 0x5b, 0xdf, 0x7b, 0xd7, 0x9a, 0xcf, 0xd9, 0xcf, 0xf8, 0xcf, 0xf8, 
  0xc7, 0xf7, 0xc7, 0xf8, 0xc7, 0xf8, 0xcf, 0xd9, 0xd7, 0xba, 0xdf, 0x9b, 0xe7, 0x7c, 0xe7, 0x5d, 0xef, 0x3d, 0xef, 0x1d, 0xef, 0x1d, 0xef, 0x3d, 0xef, 0x3d, 0xef, 0x5c, 0xe7, 0x5c, 0xe7, 0x5c, 0xef, 0x3d, 0xef, 0x3d, 0xef, 0x3d, 0xef, 0x3d, 0xef, 0x3d, 0xef, 0x3d, 0xef, 0x3c, 0xef, 0x3c, 0xef, 0x3c, 0xef, 0x3c, 0xef, 0x3c, 0xef, 0x3c, 0xe7, 0x3d, 0xe7, 0x3d, 0xe7, 0x3d, 0xe7, 0x3d, 0xe7, 0x3c, 0xe7, 0x3c, 0xe7, 0x3c, 0xe7, 0x3c, 0xe7, 0x3c, 0xe7, 0x3c, 0xe7, 0x3c, 0xe7, 0x3c, 0xe7, 0x3c, 0xe7, 0x3c, 0xe7, 0x3c, 0xe7, 0x3c, 0xe7, 0x3c, 0xe7, 0x3c, 0xe7, 0x3c, 0xe7, 0x3c, 0xe7, 0x3c, 0xe7, 0x3c, 0xe7, 0x3c, 0xe7, 0x3c, 0xe7, 0x3c, 0xe7, 0x3c, 0xe7, 0x3c, 0xe7, 0x3c, 0xe7, 0x3c, 0xe7, 0x3c, 0xe7, 0x3c, 0xe7, 0x3c, 0xe7, 0x3c, 0xe7, 0x3c, 0xe7, 0x3c, 0xe7, 0x3c, 0xe7, 0x3c, 0xe7, 0x3c, 0xe7, 0x3c, 0xe7, 0x3c, 0xe7, 0x3c, 0xe7, 0x3c, 0xe7, 0x3c, 0xe7, 0x3c, 0xe7, 0x3c, 0xe7, 0x3c, 0xe7, 0x3c, 0xe7, 0x3c, 0xe7, 0x3c, 0xe7, 0x3c, 0xe7, 0x3c, 0xe7, 0x1c, 0xe7, 0x1d, 0xef, 0x1d, 0xef, 0x1d, 0xef, 0x1d, 0xef, 0x1d, 0xef, 0x1d, 0xef, 0x1d, 0xef, 0x1d, 0xef, 0x1d, 0xef, 0x1d, 0xef, 0x1d, 0xef, 0x1d, 0xef, 0x1d, 0xef, 0x1d, 0xe7, 0x1c, 0xe7, 0x1c, 0xef, 0x1c, 0xef, 0x1c, 0xef, 0x1c, 0xe7, 0x1c, 0xe7, 0x1c, 0xe7, 0x3c, 0xe7, 0x3c, 0xe7, 0x3c, 0xe7, 0x3c, 0xe7, 0x3c, 0xe7, 0x3c, 0xe7, 0x3c, 0xe7, 0x3c, 0xe7, 0x3c, 0xe7, 0x1c, 0xe7, 0x3c, 0xe7, 0x3c, 0xe7, 0x5b, 0xdf, 0x7b, 0xd7, 0x9a, 0xd7, 0xb9, 0xcf, 0xd9, 0xcf, 0xf8, 0xc7, 0xf8, 
  0xc7, 0xf7, 0xc7, 0xf7, 0xc7, 0xf8, 0xcf, 0xf9, 0xcf, 0xda, 0xd7, 0xbb, 0xdf, 0x7b, 0xe7, 0x5c, 0xef, 0x3c, 0xef, 0x3d, 0xef, 0x3d, 0xef, 0x3d, 0xef, 0x3d, 0xef, 0x3d, 0xe7, 0x5c, 0xe7, 0x5c, 0xef, 0x3d, 0xef, 0x3d, 0xef, 0x3d, 0xef, 0x3d, 0xef, 0x3d, 0xef, 0x3d, 0xef, 0x3d, 0xef, 0x3d, 0xef, 0x3d, 0xef, 0x3c, 0xef, 0x3c, 0xef, 0x3d, 0xef, 0x3d, 0xef, 0x3d, 0xe7, 0x3d, 0xe7, 0x3c, 0xe7, 0x3c, 0xe7, 0x3c, 0xe7, 0x3c, 0xe7, 0x3c, 0xe7, 0x3c, 0xe7, 0x3c, 0xe7, 0x3c, 0xe7, 0x3c, 0xe7, 0x3c, 0xe7, 0x3c, 0xe7, 0x3c, 0xe7, 0x3c, 0xe7, 0x3c, 0xe7, 0x3c, 0xe7, 0x3c, 0xe7, 0x3c, 0xef, 0x3d, 0xef, 0x3d, 0xef, 0x3d, 0xef, 0x3d, 0xef, 0x3d, 0xef, 0x3d, 0xef, 0x3d, 0xe7, 0x1c, 0xe7, 0x1c, 0xe7, 0x1c, 0xe7, 0x1c, 0xe7, 0x1c, 0xe7, 0x1c, 0xe7, 0x1c, 0xe7, 0x1c, 0xe7, 0x1c, 0xef, 0x3d, 0xef, 0x3d, 0xef, 0x3d, 0xef, 0x3d, 0xef, 0x3d, 0xef, 0x3d, 0xef, 0x3d, 0xef, 0x3d, 0xef, 0x3d, 0xef, 0x3d, 0xef, 0x3d, 0xe7, 0x1d, 0xe7, 0x1d, 0xe7, 0x1d, 0xe7, 0x1d, 0xef, 0x1d, 0xef, 0x1d, 0xef, 0x1d, 0xef, 0x1d, 0xef, 0x1d, 0xef, 0x1d, 0xef, 0x1d, 0xef, 0x1d, 0xe7, 0x1d, 0xef, 0x1d, 0xef, 0x1d, 0xef, 0x1d, 0xef, 0x1d, 0xe7, 0x1d, 0xe7, 0x1d, 0xe7, 0x1d, 0xe7, 0x1c, 0xef, 0x1c, 0xef, 0x3c, 0xe7, 0x3c, 0xe7, 0x1c, 0xe7, 0x3c, 0xe7, 0x3c, 0xe7, 0x3d, 0xe7, 0x3d, 0xe7, 0x3d, 0xe7, 0x3d, 0xe7, 0x3c, 0xe7, 0x1c, 0xe7, 0x1c, 0xe7, 0x1c, 0xef, 0x1c, 0xe7, 0x3b, 0xdf, 0x5b, 0xdf, 0x7b, 0xd7, 0x9a, 0xd7, 0xba, 0xcf, 0xd9, 0xcf, 0xf9, 0xc7, 0xf8, 0xc7, 0xf8, 
  0xc7, 0xf7, 0xc7, 0xf8, 0xc7, 0xf8, 0xc7, 0xf8, 0xcf, 0xf9, 0xcf, 0xda, 0xd7, 0xbb, 0xdf, 0x9b, 0xe7, 0x5c, 0xef, 0x3c, 0xef, 0x3c, 0xef, 0x3d, 0xef, 0x3d, 0xef, 0x3d, 0xe7, 0x3d, 0xe7, 0x3d, 0xef, 0x3d, 0xef, 0x3d, 0xef, 0x3d, 0xef, 0x3d, 0xef, 0x3d, 0xef, 0x3d, 0xef, 0x3d, 0xef, 0x3d, 0xef, 0x3c, 0xef, 0x3c, 0xef, 0x3c, 0xef, 0x3c, 0xe7, 0x3c, 0xe7, 0x3c, 0xe7, 0x3c, 0xe7, 0x3c, 0xef, 0x3c, 0xef, 0x3c, 0xef, 0x3c, 0xe7, 0x3c, 0xe7, 0x3c, 0xe7, 0x3c, 0xe7, 0x3c, 0xe7, 0x3c, 0xe7, 0x3c, 0xe7, 0x3c, 0xe7, 0x3c, 0xe7, 0x3c, 0xe7, 0x3c, 0xe7, 0x3c, 0xe7, 0x3c, 0xe7, 0x3c, 0xe7, 0x3c, 0xe7, 0x3c, 0xe7, 0x3c, 0xe7, 0x3c, 0xe7, 0x3c, 0xe7, 0x3c, 0xe7, 0x3c, 0xe7, 0x3c, 0xe7, 0x3c, 0xe7, 0x3c, 0xe7, 0x3c, 0xe7, 0x3c, 0xe7, 0x3c, 0xe7, 0x3c, 0xe7, 0x3c, 0xe7, 0x1c, 0xef, 0x3d, 0xef, 0x3d, 0xef, 0x3d, 0xef, 0x3d, 0xef, 0x3d, 0xef, 0x3d, 0xef, 0x3d, 0xef, 0x3d, 0xe7, 0x1d, 0xe7, 0x1d, 0xe7, 0x1d, 0xe7, 0x1d, 0xe7, 0x1d, 0xe7, 0x1d, 0xe7, 0x1d, 0xe7, 0x1d, 0xef, 0x1d, 0xef, 0x1d, 0xef, 0x1d, 0xef, 0x1d, 0xef, 0x1d, 0xe7, 0x1c, 0xe7, 0x1c, 0xe7, 0x1c, 0xef, 0x1d, 0xef, 0x1d, 0xe7, 0x1c, 0xe7, 0x1c, 0xe7, 0x1c, 0xe7, 0x1c, 0xe7, 0x1c, 0xe7, 0x1c, 0xe7, 0x3c, 0xe7, 0x3b, 0xe7, 0x3b, 0xe7, 0x3c, 0xe7, 0x3c, 0xe7, 0x1c, 0xe7, 0x1d, 0xe7, 0x1d, 0xe7, 0x1d, 0xe7, 0x1d, 0xe7, 0x1d, 0xe7, 0x1d, 0xef, 0x1c, 0xef, 0x1c, 0xef, 0x1c, 0xe7, 0x3c, 0xdf, 0x7b, 0xd7, 0x9a, 0xd7, 0xba, 0xcf, 0xd9, 0xcf, 0xf9, 0xc7, 0xf8, 0xc7, 0xf8, 0xc7, 0xf8, 
  0xc7, 0xf8, 0xc7, 0xf8, 0xc7, 0xf8, 0xc7, 0xf8, 0xc7, 0xf9, 0xcf, 0xf9, 0xcf, 0xda, 0xd7, 0xba, 0xdf, 0x9b, 0xe7, 0x7b, 0xef, 0x5c, 0xef, 0x3c, 0xef, 0x3c, 0xef, 0x3d, 0xe7, 0x3d, 0xe7, 0x3d, 0xef, 0x3d, 0xe7, 0x3c, 0xe7, 0x3c, 0xef, 0x3c, 0xef, 0x3c, 0xef, 0x3c, 0xef, 0x3c, 0xef, 0x3c, 0xef, 0x3c, 0xef, 0x3c, 0xe7, 0x3c, 0xe7, 0x3c, 0xe7, 0x3c, 0xe7, 0x3c, 0xe7, 0x3c, 0xe7, 0x3c, 0xe7, 0x3c, 0xe7, 0x3c, 0xe7, 0x3c, 0xe7, 0x3c, 0xe7, 0x3c, 0xe7, 0x3c, 0xe7, 0x3c, 0xe7, 0x3c, 0xe7, 0x3c, 0xe7, 0x3c, 0xe7, 0x3c, 0xe7, 0x3c, 0xe7, 0x3c, 0xe7, 0x3c, 0xe7, 0x3c, 0xe7, 0x3c, 0xe7, 0x3c, 0xe7, 0x3c, 0xe7, 0x3c, 0xe7, 0x3c, 0xe7, 0x3c, 0xe7, 0x3c, 0xe7, 0x3c, 0xe7, 0x3c, 0xe7, 0x3c, 0xe7, 0x3c, 0xe7, 0x3c, 0xe7, 0x3c, 0xe7, 0x3c, 0xe7, 0x3c, 0xe7, 0x3c, 0xe7, 0x3c, 0xe7, 0x3c, 0xe7, 0x3c, 0xe7, 0x3c, 0xe7, 0x3c, 0xe7, 0x3c, 0xe7, 0x3c, 0xe7, 0x3c, 0xe7, 0x3c, 0xe7, 0x1c, 0xe7, 0x1c, 0xe7, 0x1c, 0xe7, 0x1c, 0xe7, 0x1c, 0xe7, 0x3c, 0xe7, 0x3c, 0xe7, 0x3c, 0xe7, 0x3c, 0xe7, 0x3c, 0xe7, 0x3c, 0xe7, 0x3c, 0xe7, 0x1c, 0xe7, 0x1c, 0xe7, 0x1c, 0xe7, 0x1c, 0xe7, 0x3c, 0xe7, 0x1c, 0xe7, 0x1c, 0xe7, 0x1c, 0xe7, 0x1c, 0xe7, 0x1c, 0xe7, 0x1c, 0xe7, 0x3c, 0xe7, 0x3b, 0xe7, 0x3b, 0xe7, 0x3b, 0xe7, 0x3c, 0xe7, 0x1c, 0xe7, 0x1c, 0xe7, 0x1d, 0xef, 0x1d, 0xef, 0x1d, 0xef, 0x1d, 0xef, 0x1d, 0xef, 0x1d, 0xe7, 0x1c, 0xe7, 0x1c, 0xe7, 0x1c, 0xe7, 0x3b, 0xd7, 0x7a, 0xd7, 0xb9, 0xcf, 0xb9, 0xcf, 0xd9, 0xcf, 0xf8, 0xc7, 0xf8, 0xc7, 0xf8, 0xc7, 0xf8, 
  0xcf, 0xf8, 0xcf, 0xf8, 0xc7, 0xf8, 0xc7, 0xf8, 0xc7, 0xf8, 0xc7, 0xf8, 0xcf, 0xf9, 0xcf, 0xd9, 0xd7, 0xba, 0xdf, 0x9a, 0xe7, 0x7b, 0xe7, 0x5c, 0xef, 0x3c, 0xef, 0x3d, 0xef, 0x3d, 0xe7, 0x3d, 0xe7, 0x5c, 0xe7, 0x5c, 0xe7, 0x5c, 0xe7, 0x5c, 0xe7, 0x5c, 0xe7, 0x5c, 0xe7, 0x5c, 0xe7, 0x5c, 0xe7, 0x3c, 0xe7, 0x5c, 0xe7, 0x5c, 0xe7, 0x5c, 0xe7, 0x5c, 0xe7, 0x5c, 0xe7, 0x5c, 0xe7, 0x5c, 0xe7, 0x5c, 0xe7, 0x5c, 0xe7, 0x5c, 0xe7, 0x5c, 0xe7, 0x5c, 0xe7, 0x5c, 0xe7, 0x5c, 0xe7, 0x5c, 0xe7, 0x5c, 0xe7, 0x5c, 0xe7, 0x5c, 0xe7, 0x5c, 0xe7, 0x5c, 0xe7, 0x5c, 0xe7, 0x5c, 0xe7, 0x5c, 0xe7, 0x5c, 0xe7, 0x5c, 0xe7, 0x5c, 0xe7, 0x5c, 0xe7, 0x5c, 0xe7, 0x5c, 0xe7, 0x5c, 0xe7, 0x5c, 0xe7, 0x3c, 0xe7, 0x3c, 0xe7, 0x3c, 0xe7, 0x3c, 0xe7, 0x3c, 0xe7, 0x3c, 0xe7, 0x3c, 0xe7, 0x3c, 0xe7, 0x3c, 0xe7, 0x3c, 0xe7, 0x3c, 0xe7, 0x3c, 0xe7, 0x3c, 0xe7, 0x3c, 0xe7, 0x3c, 0xe7, 0x3c, 0xe7, 0x3c, 0xe7, 0x3c, 0xe7, 0x3c, 0xe7, 0x3c, 0xe7, 0x3c, 0xe7, 0x3c, 0xe7, 0x3c, 0xe7, 0x3c, 0xe7, 0x3c, 0xe7, 0x3c, 0xe7, 0x3c, 0xe7, 0x3c, 0xe7, 0x3c, 0xe7, 0x3c, 0xe7, 0x3c, 0xe7, 0x3c, 0xe7, 0x3c, 0xe7, 0x3c, 0xe7, 0x3c, 0xe7, 0x3c, 0xe7, 0x3c, 0xe7, 0x3c, 0xe7, 0x3c, 0xe7, 0x3c, 0xe7, 0x3b, 0xe7, 0x3b, 0xe7, 0x3c, 0xe7, 0x1c, 0xef, 0x1c, 0xef, 0x1c, 0xee, 0xfd, 0xee, 0xfd, 0xee, 0xfd, 0xee, 0xfd, 0xef, 0x1c, 0xe7, 0x1c, 0xe7, 0x1c, 0xe7, 0x3c, 0xe7, 0x5c, 0xdf, 0x7b, 0xd7, 0xba, 0xcf, 0xd9, 0xcf, 0xf9, 0xcf, 0xf8, 0xc7, 0xf8, 0xc7, 0xf8, 0xc7, 0xf8, 0xc7, 0xf8, 
  0xcf, 0xf9, 0xcf, 0xf8, 0xc7, 0xf8, 0xc7, 0xf8, 0xc7, 0xf8, 0xc7, 0xf8, 0xc7, 0xf8, 0xcf, 0xf8, 0xcf, 0xd9, 0xd7, 0xb9, 0xdf, 0x9a, 0xe7, 0x7b, 0xe7, 0x5c, 0xe7, 0x5c, 0xe7, 0x3d, 0xe7, 0x3d, 0xe7, 0x5c, 0xe7, 0x5c, 0xe7, 0x5c, 0xe7, 0x5c, 0xe7, 0x5c, 0xe7, 0x5c, 0xe7, 0x5c, 0xe7, 0x5c, 0xe7, 0x3c, 0xe7, 0x3c, 0xe7, 0x3c, 0xe7, 0x5c, 0xe7, 0x5c, 0xe7, 0x5c, 0xe7, 0x5c, 0xe7, 0x5c, 0xe7, 0x5c, 0xe7, 0x5c, 0xe7, 0x5c, 0xe7, 0x5c, 0xe7, 0x5c, 0xe7, 0x5c, 0xe7, 0x5c, 0xe7, 0x5c, 0xe7, 0x3c, 0xe7, 0x3c, 0xe7, 0x3c, 0xe7, 0x3c, 0xe7, 0x3c, 0xe7, 0x3c, 0xe7, 0x3c, 0xe7, 0x3c, 0xe7, 0x3c, 0xe7, 0x3c, 0xe7, 0x3c, 0xe7, 0x3c, 0xe7, 0x3c, 0xe7, 0x3c, 0xe7, 0x3c, 0xe7, 0x3c, 0xe7, 0x3c, 0xe7, 0x3c, 0xe7, 0x3c, 0xe7, 0x3c, 0xe7, 0x3c, 0xe7, 0x3c, 0xe7, 0x3c, 0xe7, 0x3c, 0xe7, 0x3c, 0xe7, 0x3c, 0xe7, 0x3c, 0xe7, 0x3c, 0xe7, 0x3c, 0xe7, 0x3c, 0xe7, 0x3c, 0xe7, 0x3c, 0xe7, 0x3c, 0xe7, 0x3c, 0xe7, 0x3c, 0xe7, 0x3c, 0xe7, 0x3c, 0xe7, 0x3c, 0xe7, 0x3c, 0xe7, 0x3c, 0xe7, 0x3c, 0xe7, 0x3c, 0xe7, 0x3c, 0xe7, 0x3c, 0xe7, 0x3c, 0xe7, 0x3c, 0xe7, 0x3c, 0xe7, 0x3c, 0xe7, 0x3c, 0xe7, 0x3c, 0xe7, 0x3c, 0xe7, 0x3c, 0xe7, 0x3c, 0xe7, 0x3c, 0xe7, 0x3c, 0xe7, 0x3c, 0xe7, 0x3c, 0xe7, 0x3c, 0xe7, 0x1c, 0xef, 0x1c, 0xef, 0x1c, 0xee, 0xfc, 0xee, 0xfc, 0xee, 0xfc, 0xee, 0xfc, 0xef, 0x1c, 0xe7, 0x1b, 0xe7, 0x3b, 0xdf, 0x5b, 0xdf, 0x7b, 0xd7, 0x9b, 0xd7, 0xba, 0xcf, 0xd9, 0xcf, 0xf9, 0xcf, 0xf8, 0xc7, 0xf8, 0xc7, 0xf8, 0xc7, 0xf8, 0xc7, 0xf8, 0xc7, 0xf8, 
  0xcf, 0xf9, 0xcf, 0xf9, 0xc7, 0xf8, 0xc7, 0xf8, 0xc7, 0xf8, 0xbf, 0xf8, 0xc7, 0xf7, 0xc7, 0xf8, 0xcf, 0xf8, 0xcf, 0xd9, 0xd7, 0xb9, 0xdf, 0x9a, 0xdf, 0x7b, 0xe7, 0x5c, 0xe7, 0x5c, 0xe7, 0x5d, 0xe7, 0x5c, 0xe7, 0x5c, 0xe7, 0x5c, 0xe7, 0x3c, 0xe7, 0x3c, 0xe7, 0x3c, 0xef, 0x3c, 0xef, 0x3d, 0xef, 0x3c, 0xef, 0x3d, 0xef, 0x3d, 0xe7, 0x3c, 0xe7, 0x3c, 0xe7, 0x3c, 0xe7, 0x3c, 0xe7, 0x3c, 0xe7, 0x3c, 0xe7, 0x3d, 0xe7, 0x3d, 0xe7, 0x3d, 0xe7, 0x3d, 0xe7, 0x3d, 0xe7, 0x3d, 0xe7, 0x3d, 0xe7, 0x3c, 0xe7, 0x3c, 0xe7, 0x3c, 0xe7, 0x3c, 0xe7, 0x3c, 0xe7, 0x3c, 0xe7, 0x3c, 0xe7, 0x3c, 0xe7, 0x1c, 0xe7, 0x1c, 0xe7, 0x1c, 0xe7, 0x1c, 0xe7, 0x1c, 0xe7, 0x1c, 0xe7, 0x1c, 0xe7, 0x1c, 0xe7, 0x1c, 0xe7, 0x1c, 0xe7, 0x1c, 0xe7, 0x1c, 0xe7, 0x1c, 0xe7, 0x1c, 0xe7, 0x1c, 0xe7, 0x1d, 0xe7, 0x1d, 0xe7, 0x1d, 0xe7, 0x1d, 0xe7, 0x1d, 0xe7, 0x1d, 0xe7, 0x1d, 0xe7, 0x1d, 0xe7, 0x1d, 0xe7, 0x1d, 0xe7, 0x1d, 0xe7, 0x1d, 0xe7, 0x1d, 0xe7, 0x1d, 0xe7, 0x1d, 0xe7, 0x1d, 0xe7, 0x1d, 0xe7, 0x1d, 0xe7, 0x1d, 0xe7, 0x1d, 0xe7, 0x1d, 0xe7, 0x1d, 0xe7, 0x1d, 0xe7, 0x1d, 0xe7, 0x1d, 0xe7, 0x1d, 0xe7, 0x1d, 0xe7, 0x1d, 0xe7, 0x1d, 0xe7, 0x1d, 0xe7, 0x1d, 0xe7, 0x1d, 0xe7, 0x1d, 0xe7, 0x1d, 0xe7, 0x1d, 0xef, 0x1d, 0xef, 0x1d, 0xee, 0xfd, 0xee, 0xfc, 0xee, 0xfc, 0xee, 0xfc, 0xef, 0x1c, 0xe7, 0x3b, 0xdf, 0x5b, 0xdf, 0x7a, 0xd7, 0x9a, 0xd7, 0xba, 0xcf, 0xd9, 0xcf, 0xf9, 0xcf, 0xf9, 0xcf, 0xf8, 0xc7, 0xf8, 0xc7, 0xf8, 0xc7, 0xf8, 0xc7, 0xf8, 0xc7, 0xf8, 0xc7, 0xf8, 
  0xcf, 0xf9, 0xcf, 0xf9, 0xc7, 0xf8, 0xc7, 0xf8, 0xc7, 0xf8, 0xc7, 0xf7, 0xc7, 0xf7, 0xc7, 0xf7, 0xc7, 0xf8, 0xcf, 0xf8, 0xcf, 0xd9, 0xd7, 0xb9, 0xd7, 0xba, 0xdf, 0x9b, 0xdf, 0x7c, 0xe7, 0x7c, 0xe7, 0x5c, 0xe7, 0x5c, 0xe7, 0x5c, 0xe7, 0x3c, 0xe7, 0x3d, 0xe7, 0x3c, 0xef, 0x3d, 0xef, 0x3d, 0xef, 0x1d, 0xef, 0x1d, 0xef, 0x1d, 0xef, 0x3d, 0xef, 0x3d, 0xe7, 0x3d, 0xe7, 0x3d, 0xe7, 0x3d, 0xe7, 0x3d, 0xef, 0x3d, 0xef, 0x3d, 0xef, 0x3d, 0xef, 0x3d, 0xef, 0x3d, 0xef, 0x3d, 0xef, 0x3d, 0xef, 0x3d, 0xef, 0x3d, 0xef, 0x3d, 0xef, 0x3d, 0xef, 0x3d, 0xef, 0x3d, 0xef, 0x3d, 0xef, 0x3d, 0xef, 0x1d, 0xef, 0x1d, 0xef, 0x1d, 0xef, 0x1d, 0xef, 0x1d, 0xef, 0x1d, 0xef, 0x1d, 0xef, 0x1d, 0xef, 0x1d, 0xef, 0x1d, 0xef, 0x1d, 0xef, 0x1d, 0xef, 0x1d, 0xef, 0x1d, 0xef, 0x1d, 0xef, 0x1d, 0xe7, 0x1d, 0xe7, 0x1d, 0xe7, 0x1d, 0xe7, 0x1d, 0xe7, 0x1d, 0xe7, 0x1d, 0xe7, 0x1d, 0xe7, 0x1d, 0xe7, 0x1d, 0xe7, 0x1d, 0xe7, 0x1d, 0xe7, 0x1d, 0xe7, 0x1d, 0xe7, 0x1d, 0xe7, 0x1d, 0xe7, 0x1d, 0xe7, 0x1d, 0xe7, 0x1d, 0xe7, 0x1d, 0xe7, 0x1d, 0xe7, 0x1d, 0xe7, 0x1d, 0xe7, 0x1d, 0xe7, 0x1d, 0xe7, 0x1d, 0xe7, 0x1d, 0xe7, 0x1d, 0xe7, 0x1d, 0xe7, 0x1d, 0xe7, 0x1d, 0xe7, 0x1d, 0xe7, 0x1d, 0xe7, 0x1d, 0xe7, 0x1d, 0xe7, 0x1d, 0xef, 0x1c, 0xef, 0x1c, 0xef, 0x1c, 0xe7, 0x1c, 0xe7, 0x3b, 0xe7, 0x5b, 0xdf, 0x7a, 0xdf, 0x9a, 0xd7, 0xb9, 0xcf, 0xd9, 0xcf, 0xf9, 0xc7, 0xf8, 0xc7, 0xf8, 0xc7, 0xf8, 0xc7, 0xf8, 0xc7, 0xf8, 0xc7, 0xf8, 0xc7, 0xf8, 0xc7, 0xf8, 0xc7, 0xf8, 0xc7, 0xf8, 
  0xc7, 0xf8, 0xc7, 0xf8, 0xc7, 0xf8, 0xc7, 0xf8, 0xc7, 0xf8, 0xc7, 0xf8, 0xc7, 0xf8, 0xc7, 0xf8, 0xc7, 0xf8, 0xc7, 0xf8, 0xc7, 0xf8, 0xcf, 0xd9, 0xcf, 0xda, 0xd7, 0xba, 0xd7, 0xba, 0xdf, 0x9b, 0xdf, 0x7b, 0xdf, 0x5c, 0xe7, 0x5c, 0xe7, 0x5c, 0xe7, 0x3c, 0xe7, 0x3c, 0xe7, 0x3c, 0xe7, 0x3c, 0xe7, 0x3c, 0xef, 0x3d, 0xef, 0x3d, 0xe7, 0x3d, 0xe7, 0x3c, 0xe7, 0x3c, 0xe7, 0x3c, 0xe7, 0x3d, 0xe7, 0x3d, 0xe7, 0x3d, 0xe7, 0x3d, 0xe7, 0x3d, 0xe7, 0x3d, 0xe7, 0x3d, 0xe7, 0x3d, 0xe7, 0x3d, 0xe7, 0x3d, 0xe7, 0x3d, 0xe7, 0x3d, 0xe7, 0x3d, 0xe7, 0x3d, 0xe7, 0x3d, 0xe7, 0x3d, 0xe7, 0x3d, 0xef, 0x3d, 0xef, 0x3d, 0xef, 0x3d, 0xef, 0x3d, 0xef, 0x3d, 0xef, 0x3d, 0xef, 0x3d, 0xef, 0x3d, 0xef, 0x3d, 0xef, 0x3d, 0xef, 0x3d, 0xef, 0x3d, 0xef, 0x3d, 0xef, 0x3d, 0xef, 0x3d, 0xef, 0x3d, 0xe7, 0x1d, 0xe7, 0x1d, 0xe7, 0x1d, 0xe7, 0x1d, 0xe7, 0x1d, 0xe7, 0x1d, 0xe7, 0x1d, 0xe7, 0x1d, 0xe7, 0x1d, 0xe7, 0x1d, 0xe7, 0x1d, 0xe7, 0x1d, 0xe7, 0x1d, 0xe7, 0x1d, 0xe7, 0x1d, 0xe7, 0x1d, 0xe7, 0x1d, 0xe7, 0x1d, 0xe7, 0x1d, 0xe7, 0x1d, 0xe7, 0x1d, 0xe7, 0x1d, 0xe7, 0x1d, 0xe7, 0x1d, 0xe7, 0x1d, 0xe7, 0x1d, 0xe7, 0x1d, 0xe7, 0x1d, 0xe7, 0x1d, 0xe7, 0x1d, 0xe7, 0x1d, 0xe7, 0x1c, 0xe7, 0x1c, 0xe7, 0x3c, 0xe7, 0x3c, 0xe7, 0x3c, 0xe7, 0x3b, 0xe7, 0x5b, 0xdf, 0x5b, 0xdf, 0x7a, 0xd7, 0x9a, 0xd7, 0xb9, 0xd7, 0xd9, 0xcf, 0xf9, 0xcf, 0xf8, 0xc7, 0xf8, 0xc7, 0xf8, 0xc7, 0xf8, 0xc7, 0xf8, 0xc7, 0xf8, 0xc7, 0xf8, 0xc7, 0xf8, 0xc7, 0xf8, 0xc7, 0xf8, 0xc7, 0xf8, 0xc7, 0xf8, 
  0xc7, 0xf8, 0xc7, 0xf8, 0xc7, 0xf8, 0xc7, 0xf8, 0xc7, 0xf8, 0xc7, 0xf8, 0xc7, 0xf8, 0xc7, 0xf8, 0xc7, 0xf8, 0xc7, 0xf8, 0xc7, 0xf8, 0xc7, 0xf9, 0xcf, 0xf9, 0xcf, 0xd9, 0xcf, 0xd9, 0xd7, 0xba, 0xd7, 0x9a, 0xdf, 0x9b, 0xdf, 0x7b, 0xdf, 0x7b, 0xdf, 0x7b, 0xdf, 0x7b, 0xdf, 0x5b, 0xdf, 0x5b, 0xe7, 0x5b, 0xe7, 0x5b, 0xe7, 0x5b, 0xe7, 0x5b, 0xdf, 0x5b, 0xdf, 0x5b, 0xdf, 0x5b, 0xdf, 0x5b, 0xdf, 0x5c, 0xdf, 0x5c, 0xdf, 0x5c, 0xdf, 0x5c, 0xdf, 0x5c, 0xdf, 0x5c, 0xdf, 0x5c, 0xdf, 0x5c, 0xdf, 0x5c, 0xdf, 0x5c, 0xdf, 0x5c, 0xdf, 0x5c, 0xdf, 0x5c, 0xdf, 0x5c, 0xdf, 0x5c, 0xdf, 0x5c, 0xe7, 0x5c, 0xe7, 0x5c, 0xe7, 0x5c, 0xe7, 0x5c, 0xe7, 0x5c, 0xe7, 0x5c, 0xe7, 0x5c, 0xe7, 0x5c, 0xe7, 0x5c, 0xe7, 0x5c, 0xe7, 0x5c, 0xe7, 0x5c, 0xe7, 0x5c, 0xe7, 0x5c, 0xe7, 0x5c, 0xe7, 0x5c, 0xdf, 0x3c, 0xdf, 0x3c, 0xdf, 0x3c, 0xdf, 0x3c, 0xdf, 0x3c, 0xdf, 0x3c, 0xdf, 0x3c, 0xdf, 0x3c, 0xdf, 0x3c, 0xdf, 0x3c, 0xdf, 0x3c, 0xdf, 0x3c, 0xdf, 0x3c, 0xdf, 0x3c, 0xdf, 0x3c, 0xdf, 0x3c, 0xdf, 0x3c, 0xdf, 0x3c, 0xdf, 0x3c, 0xdf, 0x3c, 0xdf, 0x3c, 0xdf, 0x3c, 0xdf, 0x3c, 0xdf, 0x3c, 0xdf, 0x3c, 0xdf, 0x3c, 0xdf, 0x3c, 0xdf, 0x3c, 0xdf, 0x3c, 0xdf, 0x3c, 0xdf, 0x3c, 0xdf, 0x3b, 0xdf, 0x3b, 0xdf, 0x5b, 0xdf, 0x5b, 0xdf, 0x7b, 0xdf, 0x7a, 0xdf, 0x9a, 0xd7, 0x9a, 0xd7, 0xba, 0xcf, 0xb9, 0xcf, 0xd9, 0xcf, 0xf9, 0xc7, 0xf9, 0xc7, 0xf8, 0xc7, 0xf8, 0xc7, 0xf8, 0xc7, 0xf8, 0xc7, 0xf8, 0xc7, 0xf8, 0xc7, 0xf8, 0xc7, 0xf8, 0xc7, 0xf8, 0xc7, 0xf8, 0xc7, 0xf8, 0xc7, 0xf8, 
  0xbf, 0xf8, 0xbf, 0xf8, 0xc7, 0xf8, 0xc7, 0xf8, 0xcf, 0xf8, 0xcf, 0xf8, 0xcf, 0xf8, 0xc7, 0xf8, 0xc7, 0xf8, 0xc7, 0xf8, 0xc7, 0xf8, 0xc7, 0xf8, 0xc7, 0xf8, 0xc7, 0xf8, 0xc7, 0xf8, 0xcf, 0xf8, 0xcf, 0xf9, 0xcf, 0xd9, 0xcf, 0xd9, 0xcf, 0xd9, 0xd7, 0xb9, 0xd7, 0xb9, 0xd7, 0xb9, 0xd7, 0x9a, 0xd7, 0x9a, 0xd7, 0x9a, 0xd7, 0x9a, 0xd7, 0x9a, 0xd7, 0x9a, 0xd7, 0x9a, 0xd7, 0x9a, 0xd7, 0x9a, 0xd7, 0x9a, 0xd7, 0x9a, 0xd7, 0x9a, 0xd7, 0x9a, 0xd7, 0x9a, 0xd7, 0x9a, 0xd7, 0x9a, 0xd7, 0x9a, 0xd7, 0x9a, 0xd7, 0x9a, 0xd7, 0x9a, 0xd7, 0x9a, 0xd7, 0x9a, 0xd7, 0x9a, 0xd7, 0x9a, 0xd7, 0x9a, 0xd7, 0x9a, 0xd7, 0x9a, 0xd7, 0x9a, 0xd7, 0x9a, 0xd7, 0x9a, 0xd7, 0x9a, 0xd7, 0x9a, 0xd7, 0x9a, 0xd7, 0x9a, 0xd7, 0x9a, 0xd7, 0x9a, 0xd7, 0x9a, 0xd7, 0x9a, 0xd7, 0x9a, 0xd7, 0x9a, 0xd7, 0x9a, 0xd7, 0x9a, 0xd7, 0x9a, 0xd7, 0x9a, 0xd7, 0x9a, 0xd7, 0x9a, 0xd7, 0x9a, 0xd7, 0x9a, 0xd7, 0x9a, 0xd7, 0x9a, 0xd7, 0x9a, 0xd7, 0x9a, 0xd7, 0x9a, 0xd7, 0x9a, 0xd7, 0x9a, 0xd7, 0x9a, 0xd7, 0x9a, 0xd7, 0x9a, 0xd7, 0x9a, 0xd7, 0x9a, 0xd7, 0x9a, 0xd7, 0x9a, 0xd7, 0x9a, 0xd7, 0x9a, 0xd7, 0x9a, 0xd7, 0x9a, 0xd7, 0x9a, 0xd7, 0x9a, 0xd7, 0x9a, 0xd7, 0x9a, 0xd7, 0x9a, 0xd7, 0x9a, 0xd7, 0x9a, 0xd7, 0x9a, 0xd7, 0x9a, 0xd7, 0x9a, 0xd7, 0xba, 0xd7, 0xb9, 0xcf, 0xd9, 0xcf, 0xd9, 0xcf, 0xf9, 0xc7, 0xf9, 0xc7, 0xf9, 0xc7, 0xf9, 0xc7, 0xf9, 0xc7, 0xf9, 0xc7, 0xf9, 0xc7, 0xf9, 0xc7, 0xf8, 0xc7, 0xf8, 0xc7, 0xf8, 0xc7, 0xf8, 0xc7, 0xf8, 0xc7, 0xf8, 0xc7, 0xf8, 0xc7, 0xf8, 0xc7, 0xf8, 
  0xbf, 0xf7, 0xbf, 0xf7, 0xc7, 0xf8, 0xc7, 0xf8, 0xcf, 0xf8, 0xcf, 0xf8, 0xcf, 0xf8, 0xcf, 0xf8, 0xc7, 0xf9, 0xc7, 0xf8, 0xc7, 0xf8, 0xc7, 0xf8, 0xc7, 0xf8, 0xc7, 0xf8, 0xc7, 0xf8, 0xc7, 0xf7, 0xc7, 0xf8, 0xc7, 0xf8, 0xcf, 0xf8, 0xcf, 0xf8, 0xcf, 0xf8, 0xcf, 0xd8, 0xcf, 0xd9, 0xcf, 0xd9, 0xd7, 0xd9, 0xd7, 0xd9, 0xd7, 0xd9, 0xd7, 0xd9, 0xd7, 0xd9, 0xd7, 0xd9, 0xd7, 0xd9, 0xd7, 0xd9, 0xd7, 0xd9, 0xd7, 0xd9, 0xd7, 0xd9, 0xd7, 0xd9, 0xd7, 0xd9, 0xd7, 0xd9, 0xd7, 0xd9, 0xd7, 0xd9, 0xd7, 0xb9, 0xd7, 0xb9, 0xd7, 0xb9, 0xd7, 0xb9, 0xd7, 0xb9, 0xd7, 0xb9, 0xd7, 0xb9, 0xd7, 0xb9, 0xd7, 0xd9, 0xd7, 0xd9, 0xd7, 0xd9, 0xd7, 0xd9, 0xd7, 0xd9, 0xd7, 0xd9, 0xd7, 0xd9, 0xd7, 0xd9, 0xd7, 0xd9, 0xd7, 0xd9, 0xd7, 0xd9, 0xd7, 0xd9, 0xd7, 0xd9, 0xd7, 0xd9, 0xd7, 0xd9, 0xd7, 0xd9, 0xd7, 0xd9, 0xd7, 0xd9, 0xd7, 0xd9, 0xd7, 0xd9, 0xd7, 0xd9, 0xd7, 0xd9, 0xd7, 0xd9, 0xd7, 0xd9, 0xd7, 0xd9, 0xd7, 0xd9, 0xd7, 0xd9, 0xd7, 0xd9, 0xd7, 0xd9, 0xd7, 0xd9, 0xd7, 0xd9, 0xd7, 0xd9, 0xd7, 0xd9, 0xd7, 0xd9, 0xd7, 0xd9, 0xd7, 0xd9, 0xd7, 0xd9, 0xd7, 0xd9, 0xd7, 0xd9, 0xd7, 0xd9, 0xd7, 0xb9, 0xd7, 0xb9, 0xd7, 0xb9, 0xd7, 0xb9, 0xd7, 0xb9, 0xd7, 0xb9, 0xd7, 0xb9, 0xd7, 0xb9, 0xd7, 0xb9, 0xd7, 0xb9, 0xd7, 0xd9, 0xcf, 0xd9, 0xcf, 0xf9, 0xcf, 0xf9, 0xc7, 0xf9, 0xc7, 0xf8, 0xc7, 0xf8, 0xc7, 0xf9, 0xc7, 0xf9, 0xc7, 0xf9, 0xc7, 0xf9, 0xc7, 0xf9, 0xc7, 0xf9, 0xc7, 0xf9, 0xc7, 0xf8, 0xc7, 0xf8, 0xc7, 0xf8, 0xc7, 0xf8, 0xc7, 0xf8, 0xc7, 0xf8, 0xc7, 0xf8, 0xc7, 0xf8, 
#endif
#if LV_COLOR_DEPTH == 32
  /*Pixel format: Fix 0xFF: 8 bit, Red: 8 bit, Green: 8 bit, Blue: 8 bit*/
  0xc0, 0xff, 0xc0, 0xff, 0xc0, 0xff, 0xc0, 0xff, 0xc0, 0xff, 0xc0, 0xff, 0xc0, 0xff, 0xc0, 0xff, 0xc0, 0xff, 0xc0, 0xff, 0xc0, 0xff, 0xc0, 0xff, 0xc0, 0xff, 0xc0, 0xff, 0xc0, 0xff, 0xc0, 0xff, 0xc0, 0xff, 0xc0, 0xff, 0xc0, 0xff, 0xc0, 0xff, 0xc0, 0xff, 0xc0, 0xff, 0xc0, 0xff, 0xc0, 0xff, 0xc0, 0xff, 0xc0, 0xff, 0xc0, 0xff, 0xc0, 0xff, 0xc0, 0xff, 0xc0, 0xff, 0xc0, 0xff, 0xc1, 0xff, 0xc1, 0xfe, 0xc1, 0xff, 0xc1, 0xfe, 0xc2, 0xff, 0xc0, 0xfe, 0xc2, 0xff, 0xc0, 0xfe, 0xc2, 0xff, 0xc0, 0xfe, 0xc2, 0xff, 0xc0, 0xfe, 0xc2, 0xff, 0xc0, 0xfe, 0xc2, 0xff, 0xc0, 0xfe, 0xc1, 0xff, 0xc0, 0xff, 0xc1, 0xff, 0xbf, 0xff, 0xc0, 0xff, 0xbe, 0xff, 0xbf, 0xff, 0xbe, 0xff, 0xbf, 0xff, 0xbd, 0xff, 0xbf, 0xff, 0xbc, 0xff, 0xbf, 0xff, 0xbc, 0xff, 0xbe, 0xff, 0xbf, 0xff, 0xbf, 0xff, 0xc4, 0xfd, 0xc3, 0xff, 0xc6, 0xfc, 0xc4, 0xff, 0xc5, 0xfc, 0xc4, 0xff, 0xc5, 0xfd, 0xc3, 0xff, 0xc4, 0xfd, 0xc2, 0xff, 0xc2, 0xfe, 0xc1, 0xff, 0xc1, 0xfe, 0xc1, 0xff, 0xbf, 0xff, 0xc0, 0xff, 0xbe, 0xff, 0xbf, 0xff, 0xbe, 0xff, 0xbf, 0xff, 0xbd, 0xff, 0xbf, 0xff, 0xbc, 0xff, 0xbf, 0xff, 0xbc, 0xff, 0xbe, 0xff, 0xbc, 0xff, 0xbe, 0xff, 0xbb, 0xff, 0xbe, 0xff, 0xbe, 0xff, 0xbd, 0xff, 0xc5, 0xff, 0xbc, 0xff, 0xc6, 0xff, 0xbc, 0xff, 0xc3, 0xfd, 0xbf, 0xff, 0xc1, 0xfc, 0xc2, 0xff, 0xbf, 0xfc, 0xc6, 0xff, 0xbd, 0xfc, 0xc6, 0xff, 0xba, 0xfd, 0xc3, 0xff, 0xba, 0xfe, 0xc0, 0xff, 0xbd, 0xff, 0xbe, 0xff, 0xbe, 0xff, 0xbc, 0xff, 0xbf, 0xff, 0xba, 0xff, 0xc0, 0xff, 0xbb, 0xff, 0xc4, 0xfd, 0xbf, 0xff, 0xc6, 0xf9, 0xc2, 0xff, 0xc8, 0xf7, 0xc8, 0xff, 0xcb, 0xf5, 0xcd, 0xff, 0xcf, 0xf2, 0xd1, 0xff, 0xd2, 0xf1, 0xd5, 0xff, 0xd5, 0xf1, 0xd7, 0xff, 0xd8, 0xf1, 0xda, 0xff, 0xdb, 0xf1, 0xdc, 0xff, 0xdd, 0xf1, 0xde, 0xff, 0xdf, 0xef, 0xe0, 0xff, 0xe1, 0xf0, 0xe2, 0xff, 0xe4, 0xf1, 0xe5, 0xff, 0xe4, 0xf0, 0xe4, 0xff, 0xe4, 0xf0, 0xe4, 0xff, 0xe2, 0xef, 0xe3, 0xff, 0xe1, 0xf0, 0xe2, 0xff, 0xe0, 0xef, 0xe0, 0xff, 0xe0, 0xef, 0xe0, 0xff, 0xdd, 0xf1, 0xde, 0xff, 0xd5, 0xf3, 0xd6, 0xff, 0xd1, 0xf6, 0xd3, 0xff, 0xcf, 0xf5, 0xd0, 0xff, 0xcd, 0xf6, 0xcd, 0xff, 0xca, 0xf7, 0xcb, 0xff, 0xc7, 0xf9, 0xc9, 0xff, 0xc5, 0xfa, 0xc7, 0xff, 0xc2, 0xfc, 0xc5, 0xff, 0xc1, 0xfd, 0xc3, 0xff, 0xbf, 0xff, 0xc1, 0xff, 0xbd, 0xfe, 0xbf, 0xff, 0xbd, 0xff, 0xbe, 0xff, 0xbd, 0xff, 0xbe, 0xff, 0xbd, 0xff, 0xbe, 0xff, 0xbe, 0xff, 0xbe, 0xff, 0xbf, 0xff, 0xbe, 0xff, 0xc2, 0xff, 0xc0, 0xff, 0xc3, 0xfe, 0xc1, 0xff, 0xc3, 0xfe, 0xc1, 0xff, 0xc3, 0xfd, 0xc2, 0xff, 0xc3, 0xfd, 0xc3, 0xff, 0xc2, 0xfd, 0xc3, 0xff, 0xc1, 0xfe, 0xc2, 0xff, 0xbf, 0xff, 0xc1, 0xff, 0xbd, 0xff, 0xc0, 0xff, 0xbc, 0xff, 0xbf, 0xff, 0xbc, 0xff, 0xbf, 0xff, 0xbe, 0xff, 0xbf, 0xff, 0xc0, 0xff, 0xc0, 0xff, 0xc2, 0xfe, 0xc1, 0xff, 0xc4, 0xfd, 0xc3, 0xff, 0xc4, 0xfd, 0xc3, 0xff, 0xc1, 0xfe, 0xc1, 0xff, 0xc0, 0xff, 0xc0, 0xff, 0xc0, 0xff, 0xc0, 0xff, 0xc0, 0xff, 0xc0, 0xff, 0xc0, 0xff, 0xc0, 0xff, 0xc0, 0xff, 0xc0, 0xff, 0xc0, 0xff, 0xc0, 0xff, 0xc0, 0xff, 0xc0, 0xff, 
  0xc0, 0xff, 0xc0, 0xff, 0xc0, 0xff, 0xc0, 0xff, 0xc0, 0xff, 0xc0, 0xff, 0xc0, 0xff, 0xc0, 0xff, 0xc0, 0xff, 0xc0, 0xff, 0xc0, 0xff, 0xc0, 0xff, 0xc0, 0xff, 0xc0, 0xff, 0xc0, 0xff, 0xc0, 0xff, 0xc0, 0xff, 0xc0, 0xff, 0xc0, 0xff, 0xc0, 0xff, 0xc0, 0xff, 0xc0, 0xff, 0xc0, 0xff, 0xc0, 0xff, 0xc0, 0xff, 0xc0, 0xff, 0xc0, 0xff, 0xc0, 0xff, 0xc0, 0xff, 0xc0, 0xff, 0xc0, 0xff, 0xc1, 0xff, 0xc0, 0xfe, 0xc1, 0xff, 0xc0, 0xfe, 0xc1, 0xff, 0xc0, 0xfe, 0xc1, 0xff, 0xc0, 0xfe, 0xc1, 0xff, 0xc0, 0xfe, 0xc1, 0xff, 0xc0, 0xfe, 0xc2, 0xff, 0xc0, 0xfe, 0xc2, 0xff, 0xc0, 0xfe, 0xc2, 0xff, 0xc0, 0xfe, 0xc1, 0xff, 0xc0, 0xff, 0xc1, 0xff, 0xbf, 0xff, 0xc0, 0xff, 0xbf, 0xff, 0xc0, 0xff, 0xbe, 0xff, 0xc0, 0xff, 0xbe, 0xff, 0xbf, 0xff, 0xbe, 0xff, 0xbf, 0xff, 0xbf, 0xff, 0xc0, 0xff, 0xc3, 0xfd, 0xc2, 0xff, 0xc5, 0xfd, 0xc3, 0xff, 0xc4, 0xfd, 0xc2, 0xff, 0xc3, 0xfd, 0xc2, 0xff, 0xc3, 0xfe, 0xc2, 0xff, 0xc2, 0xfe, 0xc1, 0xff, 0xc0, 0xff, 0xc1, 0xff, 0xbf, 0xff, 0xc0, 0xff, 0xbf, 0xff, 0xc0, 0xff, 0xbe, 0xff, 0xbf, 0xff, 0xbd, 0xff, 0xc0, 0xff, 0xbd, 0xff, 0xbf, 0xff, 0xbd, 0xff, 0xbf, 0xff, 0xbd, 0xff, 0xbf, 0xff, 0xbc, 0xff, 0xbf, 0xff, 0xbe, 0xff, 0xbe, 0xff, 0xc3, 0xff, 0xbd, 0xff, 0xc4, 0xff, 0xbd, 0xff, 0xc2, 0xfd, 0xbf, 0xff, 0xc1, 0xfe, 0xc2, 0xff, 0xbf, 0xfd, 0xc4, 0xff, 0xbe, 0xfe, 0xc6, 0xff, 0xbc, 0xfe, 0xc3, 0xff, 0xbb, 0xfe, 0xc0, 0xff, 0xbe, 0xff, 0xbe, 0xff, 0xbe, 0xff, 0xbc, 0xff, 0xc0, 0xff, 0xbd, 0xff, 0xc2, 0xfc, 0xbe, 0xff, 0xc7, 0xfb, 0xc3, 0xff, 0xca, 0xf9, 0xc8, 0xff, 0xcd, 0xf7, 0xce, 0xff, 0xcf, 0xf5, 0xd1, 0xff, 0xd5, 0xf6, 0xd8, 0xff, 0xd8, 0xf4, 0xda, 0xff, 0xda, 0xf4, 0xdc, 0xff, 0xdc, 0xf3, 0xde, 0xff, 0xdf, 0xf3, 0xe0, 0xff, 0xe1, 0xf2, 0xe1, 0xff, 0xe3, 0xf2, 0xe4, 0xff, 0xe5, 0xf1, 0xe5, 0xff, 0xe4, 0xf0, 0xe4, 0xff, 0xe5, 0xef, 0xe5, 0xff, 0xe5, 0xef, 0xe5, 0xff, 0xe3, 0xef, 0xe3, 0xff, 0xe2, 0xef, 0xe3, 0xff, 0xe2, 0xef, 0xe2, 0xff, 0xe1, 0xef, 0xe1, 0xff, 0xde, 0xf0, 0xdf, 0xff, 0xda, 0xf5, 0xdb, 0xff, 0xd6, 0xf6, 0xd7, 0xff, 0xd4, 0xf6, 0xd5, 0xff, 0xd2, 0xf6, 0xd2, 0xff, 0xce, 0xf6, 0xcf, 0xff, 0xca, 0xf7, 0xcc, 0xff, 0xc8, 0xf9, 0xc9, 0xff, 0xc5, 0xfa, 0xc7, 0xff, 0xc2, 0xfb, 0xc4, 0xff, 0xc0, 0xfc, 0xc2, 0xff, 0xbf, 0xfd, 0xc0, 0xff, 0xbf, 0xff, 0xc0, 0xff, 0xbf, 0xff, 0xc0, 0xff, 0xbe, 0xff, 0xbf, 0xff, 0xbe, 0xff, 0xbe, 0xff, 0xbf, 0xff, 0xbf, 0xff, 0xc1, 0xff, 0xbf, 0xff, 0xc2, 0xfe, 0xc0, 0xff, 0xc2, 0xfe, 0xc1, 0xff, 0xc2, 0xfe, 0xc2, 0xff, 0xc3, 0xfd, 0xc3, 0xff, 0xc2, 0xfd, 0xc3, 0xff, 0xc0, 0xfe, 0xc2, 0xff, 0xbf, 0xff, 0xc1, 0xff, 0xbd, 0xff, 0xc0, 0xff, 0xbd, 0xff, 0xbf, 0xff, 0xbd, 0xff, 0xbf, 0xff, 0xbe, 0xff, 0xbf, 0xff, 0xc0, 0xff, 0xc0, 0xff, 0xc2, 0xfe, 0xc1, 0xff, 0xc4, 0xfd, 0xc2, 0xff, 0xc3, 0xfd, 0xc2, 0xff, 0xc1, 0xfe, 0xc1, 0xff, 0xc0, 0xff, 0xc0, 0xff, 0xc0, 0xff, 0xc0, 0xff, 0xc0, 0xff, 0xc0, 0xff, 0xc0, 0xff, 0xc0, 0xff, 0xc0, 0xff, 0xc0, 0xff, 0xc0, 0xff, 0xc0, 0xff, 0xc0, 0xff, 0xc0, 0xff, 
  0xc0, 0xff, 0xc0, 0xff, 0xc0, 0xff, 0xc0, 0xff, 0xc0, 0xff, 0xc0, 0xff, 0xc0, 0xff, 0xc0, 0xff, 0xc0, 0xff, 0xc0, 0xff, 0xc0, 0xff, 0xc0, 0xff, 0xc0, 0xff, 0xc0, 0xff, 0xc0, 0xff, 0xc0, 0xff, 0xc0, 0xff, 0xc0, 0xff, 0xc0, 0xff, 0xc0, 0xff, 0xc0, 0xff, 0xc0, 0xff, 0xc0, 0xff, 0xc0, 0xff, 0xc0, 0xff, 0xc0, 0xff, 0xc0, 0xff, 0xc0, 0xff, 0xc0, 0xff, 0xc0, 0xff, 0xbf, 0xff, 0xc1, 0xff, 0xbf, 0xff, 0xc1, 0xff, 0xbf, 0xff, 0xc1, 0xff, 0xbf, 0xff, 0xc1, 0xff, 0xc0, 0xff, 0xc1, 0xff, 0xc0, 0xff, 0xc1, 0xff, 0xc0, 0xfe, 0xc1, 0xff, 0xc0, 0xfe, 0xc2, 0xff, 0xc0, 0xfe, 0xc2, 0xff, 0xc1, 0xfe, 0xc2, 0xff, 0xc1, 0xfe, 0xc1, 0xff, 0xc1, 0xfe, 0xc1, 0xff, 0xc0, 0xfe, 0xc1, 0xff, 0xc0, 0xfe, 0xc1, 0xff, 0xc0, 0xfe, 0xc1, 0xff, 0xc0, 0xfe, 0xc1, 0xff, 0xc0, 0xff, 0xc1, 0xff, 0xc1, 0xfe, 0xc1, 0xff, 0xc1, 0xff, 0xc0, 0xff, 0xc1, 0xff, 0xc0, 0xff, 0xc1, 0xff, 0xc0, 0xff, 0xc1, 0xff, 0xc1, 0xff, 0xc0, 0xff, 0xc1, 0xff, 0xc0, 0xff, 0xc1, 0xff, 0xc0, 0xff, 0xc0, 0xff, 0xbf, 0xff, 0xc0, 0xff, 0xbf, 0xff, 0xc0, 0xff, 0xbf, 0xff, 0xc1, 0xff, 0xbf, 0xff, 0xc1, 0xff, 0xbf, 0xff, 0xc1, 0xff, 0xbf, 0xff, 0xc1, 0xff, 0xbf, 0xff, 0xc1, 0xff, 0xc0, 0xff, 0xc0, 0xff, 0xc0, 0xff, 0xbf, 0xff, 0xc0, 0xff, 0xbf, 0xff, 0xbf, 0xff, 0xc0, 0xff, 0xbf, 0xff, 0xc1, 0xff, 0xbf, 0xff, 0xc2, 0xff, 0xbf, 0xff, 0xc2, 0xff, 0xbe, 0xff, 0xc0, 0xff, 0xbf, 0xff, 0xc0, 0xff, 0xc1, 0xfd, 0xc0, 0xff, 0xc3, 0xfc, 0xc1, 0xff, 0xc5, 0xfa, 0xc4, 0xff, 0xc8, 0xf8, 0xc7, 0xff, 0xcd, 0xf7, 0xcc, 0xff, 0xd2, 0xf6, 0xd1, 0xff, 0xd4, 0xf5, 0xd6, 0xff, 0xd7, 0xf4, 0xda, 0xff, 0xdb, 0xf5, 0xdd, 0xff, 0xdc, 0xf4, 0xde, 0xff, 0xde, 0xf3, 0xdf, 0xff, 0xe0, 0xf2, 0xe1, 0xff, 0xe2, 0xf1, 0xe2, 0xff, 0xe3, 0xf0, 0xe3, 0xff, 0xe5, 0xef, 0xe4, 0xff, 0xe6, 0xef, 0xe5, 0xff, 0xe5, 0xed, 0xe5, 0xff, 0xe5, 0xed, 0xe5, 0xff, 0xe5, 0xed, 0xe5, 0xff, 0xe5, 0xee, 0xe5, 0xff, 0xe4, 0xee, 0xe4, 0xff, 0xe3, 0xef, 0xe3, 0xff, 0xe3, 0xef, 0xe3, 0xff, 0xe1, 0xf0, 0xe1, 0xff, 0xe0, 0xf3, 0xe0, 0xff, 0xdf, 0xf4, 0xde, 0xff, 0xde, 0xf5, 0xdd, 0xff, 0xdb, 0xf5, 0xda, 0xff, 0xd7, 0xf6, 0xd7, 0xff, 0xd4, 0xf6, 0xd3, 0xff, 0xd0, 0xf7, 0xd0, 0xff, 0xcd, 0xf9, 0xcd, 0xff, 0xc7, 0xf8, 0xc8, 0xff, 0xc4, 0xf9, 0xc6, 0xff, 0xc3, 0xfc, 0xc4, 0xff, 0xc1, 0xfd, 0xc2, 0xff, 0xc0, 0xff, 0xc1, 0xff, 0xbf, 0xff, 0xc0, 0xff, 0xbe, 0xff, 0xbf, 0xff, 0xbe, 0xff, 0xbe, 0xff, 0xc0, 0xff, 0xbf, 0xff, 0xc1, 0xff, 0xbf, 0xff, 0xc1, 0xff, 0xc0, 0xff, 0xc1, 0xfe, 0xc1, 0xff, 0xc2, 0xfe, 0xc2, 0xff, 0xc1, 0xfe, 0xc2, 0xff, 0xc0, 0xfe, 0xc2, 0xff, 0xbf, 0xfe, 0xc1, 0xff, 0xbe, 0xff, 0xc1, 0xff, 0xbe, 0xff, 0xc0, 0xff, 0xbe, 0xff, 0xbf, 0xff, 0xbe, 0xff, 0xbf, 0xff, 0xbf, 0xff, 0xc0, 0xff, 0xc1, 0xfe, 0xc1, 0xff, 0xc3, 0xfe, 0xc2, 0xff, 0xc3, 0xfe, 0xc2, 0xff, 0xc1, 0xfe, 0xc1, 0xff, 0xc0, 0xff, 0xc0, 0xff, 0xc0, 0xff, 0xc0, 0xff, 0xc0, 0xff, 0xc0, 0xff, 0xc0, 0xff, 0xc0, 0xff, 0xc0, 0xff, 0xc0, 0xff, 0xc0, 0xff, 0xc0, 0xff, 0xc0, 0xff, 0xc0, 0xff, 
  0xc0, 0xff, 0xc0, 0xff, 0xc0, 0xff, 0xc0, 0xff, 0xc0, 0xff, 0xc0, 0xff, 0xc0, 0xff, 0xc0, 0xff, 0xc0, 0xff, 0xc0, 0xff, 0xc0, 0xff, 0xc0, 0xff, 0xc0, 0xff, 0xc0, 0xff, 0xc0, 0xff, 0xc0, 0xff, 0xc0, 0xff, 0xc0, 0xff, 0xc0, 0xff, 0xc0, 0xff, 0xc0, 0xff, 0xc0, 0xff, 0xc0, 0xff, 0xc0, 0xff, 0xc0, 0xff, 0xc0, 0xff, 0xc0, 0xff, 0xc0, 0xff, 0xc0, 0xff, 0xc0, 0xff, 0xbf, 0xff, 0xc0, 0xff, 0xbe, 0xff, 0xc0, 0xff, 0xbe, 0xff, 0xc0, 0xff, 0xbf, 0xff, 0xc0, 0xff, 0xbf, 0xff, 0xc0, 0xff, 0xbf, 0xff, 0xc0, 0xff, 0xbf, 0xff, 0xc0, 0xff, 0xc0, 0xfe, 0xc1, 0xff, 0xc0, 0xfe, 0xc1, 0xff, 0xc1, 0xfe, 0xc1, 0xff, 0xc1, 0xfe, 0xc2, 0xff, 0xc1, 0xfe, 0xc2, 0xff, 0xc2, 0xfe, 0xc2, 0xff, 0xc2, 0xfe, 0xc2, 0xff, 0xc2, 0xfd, 0xc2, 0xff, 0xc2, 0xfd, 0xc2, 0xff, 0xc1, 0xfe, 0xc1, 0xff, 0xc0, 0xff, 0xbf, 0xff, 0xbf, 0xff, 0xbe, 0xff, 0xbf, 0xff, 0xbe, 0xff, 0xbf, 0xff, 0xbf, 0xff, 0xbf, 0xff, 0xbf, 0xff, 0xbf, 0xff, 0xc0, 0xff, 0xc0, 0xff, 0xc0, 0xff, 0xc0, 0xff, 0xc0, 0xff, 0xc0, 0xff, 0xc1, 0xff, 0xc0, 0xfe, 0xc1, 0xff, 0xc0, 0xfe, 0xc2, 0xff, 0xc0, 0xfe, 0xc2, 0xff, 0xc0, 0xfe, 0xc2, 0xff, 0xc1, 0xfe, 0xc2, 0xff, 0xc2, 0xfe, 0xc2, 0xff, 0xc0, 0xfe, 0xc2, 0xff, 0xbd, 0xff, 0xc2, 0xff, 0xbc, 0xff, 0xc1, 0xff, 0xbd, 0xff, 0xc0, 0xff, 0xbd, 0xff, 0xc0, 0xff, 0xbe, 0xff, 0xbf, 0xff, 0xbf, 0xff, 0xbf, 0xff, 0xc1, 0xff, 0xbf, 0xff, 0xc2, 0xfd, 0xc0, 0xff, 0xc6, 0xfa, 0xc3, 0xff, 0xc9, 0xf8, 0xc7, 0xff, 0xcc, 0xf6, 0xcc, 0xff, 0xd2, 0xf6, 0xd2, 0xff, 0xd6, 0xf4, 0xd7, 0xff, 0xd9, 0xf3, 0xdb, 0xff, 0xdc, 0xf2, 0xdf, 0xff, 0xde, 0xf2, 0xe1, 0xff, 0xde, 0xf3, 0xe0, 0xff, 0xdf, 0xf3, 0xe0, 0xff, 0xe0, 0xf1, 0xe1, 0xff, 0xe1, 0xf0, 0xe2, 0xff, 0xe3, 0xef, 0xe3, 0xff, 0xe5, 0xee, 0xe4, 0xff, 0xe6, 0xed, 0xe5, 0xff, 0xe6, 0xec, 0xe5, 0xff, 0xe7, 0xec, 0xe6, 0xff, 0xe7, 0xec, 0xe6, 0xff, 0xe7, 0xec, 0xe6, 0xff, 0xe7, 0xed, 0xe6, 0xff, 0xe6, 0xed, 0xe5, 0xff, 0xe5, 0xee, 0xe4, 0xff, 0xe4, 0xee, 0xe4, 0xff, 0xe4, 0xef, 0xe3, 0xff, 0xe4, 0xef, 0xe3, 0xff, 0xe3, 0xef, 0xe2, 0xff, 0xe3, 0xf1, 0xe1, 0xff, 0xe2, 0xf2, 0xe0, 0xff, 0xe0, 0xf4, 0xde, 0xff, 0xdd, 0xf5, 0xdc, 0xff, 0xdb, 0xf7, 0xd9, 0xff, 0xd6, 0xf8, 0xd6, 0xff, 0xcf, 0xf6, 0xcf, 0xff, 0xcc, 0xf8, 0xcd, 0xff, 0xc7, 0xf9, 0xc8, 0xff, 0xc5, 0xfb, 0xc6, 0xff, 0xc3, 0xfd, 0xc3, 0xff, 0xc1, 0xfe, 0xc2, 0xff, 0xbf, 0xff, 0xc1, 0xff, 0xbe, 0xff, 0xbe, 0xff, 0xbf, 0xff, 0xbe, 0xff, 0xbf, 0xff, 0xbe, 0xff, 0xbf, 0xff, 0xbf, 0xff, 0xbf, 0xff, 0xc0, 0xff, 0xc0, 0xfe, 0xc1, 0xff, 0xc0, 0xfe, 0xc2, 0xff, 0xc0, 0xfe, 0xc2, 0xff, 0xbf, 0xfe, 0xc2, 0xff, 0xbf, 0xff, 0xc1, 0xff, 0xbe, 0xff, 0xc0, 0xff, 0xbe, 0xff, 0xc0, 0xff, 0xbf, 0xff, 0xc0, 0xff, 0xbf, 0xff, 0xc0, 0xff, 0xc0, 0xff, 0xc1, 0xff, 0xc2, 0xfe, 0xc1, 0xff, 0xc2, 0xfe, 0xc1, 0xff, 0xc0, 0xff, 0xc1, 0xff, 0xc0, 0xff, 0xc0, 0xff, 0xc0, 0xff, 0xc0, 0xff, 0xc0, 0xff, 0xc0, 0xff, 0xc0, 0xff, 0xc0, 0xff, 0xc0, 0xff, 0xc0, 0xff, 0xc0, 0xff, 0xc0, 0xff, 0xc0, 0xff, 0xc0, 0xff, 
  0xc0, 0xff, 0xc0, 0xff, 0xc0, 0xff, 0xc0, 0xff, 0xc0, 0xff, 0xc0, 0xff, 0xc0, 0xff, 0xc0, 0xff, 0xc0, 0xff, 0xc0, 0xff, 0xc0, 0xff, 0xc0, 0xff, 0xc0, 0xff, 0xc0, 0xff, 0xc0, 0xff, 0xc0, 0xff, 0xc0, 0xff, 0xc0, 0xff, 0xc0, 0xff, 0xc0, 0xff, 0xc0, 0xff, 0xc0, 0xff, 0xc0, 0xff, 0xc0, 0xff, 0xc0, 0xff, 0xc0, 0xff, 0xc0, 0xff, 0xc0, 0xff, 0xc0, 0xff, 0xc0, 0xff, 0xbf, 0xff, 0xc0, 0xff, 0xbe, 0xff, 0xbf, 0xff, 0xbe, 0xff, 0xbf, 0xff, 0xbe, 0xff, 0xbf, 0xff, 0xbe, 0xff, 0xbf, 0xff, 0xbe, 0xff, 0xbf, 0xff, 0xbf, 0xff, 0xc0, 0xff, 0xbf, 0xff, 0xc0, 0xff, 0xc0, 0xff, 0xc1, 0xff, 0xc1, 0xfe, 0xc1, 0xff, 0xc1, 0xfe, 0xc1, 0xff, 0xc1, 0xfe, 0xc2, 0xff, 0xc2, 0xfe, 0xc2, 0xff, 0xc2, 0xfd, 0xc3, 0xff, 0xc3, 0xfd, 0xc3, 0xff, 0xc3, 0xfd, 0xc3, 0xff, 0xc1, 0xfe, 0xc1, 0xff, 0xbf, 0xff, 0xbf, 0xff, 0xbd, 0xff, 0xbd, 0xff, 0xbd, 0xff, 0xbd, 0xff, 0xbd, 0xff, 0xbd, 0xff, 0xbe, 0xff, 0xbe, 0xff, 0xbf, 0xff, 0xbf, 0xff, 0xbf, 0xff, 0xbf, 0xff, 0xc0, 0xff, 0xc0, 0xff, 0xc1, 0xfe, 0xc1, 0xff, 0xc1, 0xfe, 0xc2, 0xff, 0xc1, 0xfe, 0xc2, 0xff, 0xc1, 0xfe, 0xc2, 0xff, 0xc2, 0xfd, 0xc3, 0xff, 0xc2, 0xfd, 0xc3, 0xff, 0xc3, 0xfd, 0xc3, 0xff, 0xc0, 0xfd, 0xc3, 0xff, 0xba, 0xfe, 0xc3, 0xff, 0xb8, 0xff, 0xc3, 0xff, 0xba, 0xff, 0xc0, 0xff, 0xbc, 0xff, 0xbf, 0xff, 0xbe, 0xff, 0xbe, 0xff, 0xc0, 0xff, 0xbd, 0xff, 0xc4, 0xfd, 0xbf, 0xff, 0xc7, 0xfa, 0xc3, 0xff, 0xcc, 0xf8, 0xc9, 0xff, 0xd2, 0xf6, 0xd1, 0xff, 0xd6, 0xf4, 0xd7, 0xff, 0xdb, 0xf3, 0xde, 0xff, 0xdf, 0xf2, 0xe2, 0xff, 0xe2, 0xf0, 0xe5, 0xff, 0xe3, 0xee, 0xe7, 0xff, 0xe4, 0xef, 0xe6, 0xff, 0xe3, 0xf0, 0xe4, 0xff, 0xe3, 0xf1, 0xe3, 0xff, 0xe4, 0xf0, 0xe4, 0xff, 0xe5, 0xef, 0xe5, 0xff, 0xe7, 0xee, 0xe6, 0xff, 0xe8, 0xed, 0xe7, 0xff, 0xe9, 0xed, 0xe8, 0xff, 0xea, 0xec, 0xe9, 0xff, 0xe9, 0xeb, 0xe8, 0xff, 0xe9, 0xeb, 0xe8, 0xff, 0xe9, 0xec, 0xe7, 0xff, 0xe9, 0xec, 0xe6, 0xff, 0xe8, 0xed, 0xe6, 0xff, 0xe7, 0xed, 0xe5, 0xff, 0xe6, 0xed, 0xe5, 0xff, 0xe7, 0xee, 0xe6, 0xff, 0xe7, 0xeb, 0xe5, 0xff, 0xe9, 0xec, 0xe6, 0xff, 0xe9, 0xee, 0xe6, 0xff, 0xe8, 0xef, 0xe5, 0xff, 0xe7, 0xf0, 0xe5, 0xff, 0xe5, 0xf2, 0xe3, 0xff, 0xe3, 0xf4, 0xe0, 0xff, 0xdf, 0xf6, 0xde, 0xff, 0xd9, 0xf5, 0xd8, 0xff, 0xd4, 0xf6, 0xd4, 0xff, 0xcf, 0xf8, 0xcf, 0xff, 0xcb, 0xf9, 0xcb, 0xff, 0xc7, 0xfa, 0xc7, 0xff, 0xc3, 0xfb, 0xc4, 0xff, 0xc1, 0xfc, 0xc2, 0xff, 0xbe, 0xfe, 0xc0, 0xff, 0xbd, 0xff, 0xbe, 0xff, 0xbc, 0xff, 0xbd, 0xff, 0xbd, 0xff, 0xbe, 0xff, 0xbe, 0xff, 0xbf, 0xff, 0xbe, 0xff, 0xc0, 0xff, 0xbf, 0xff, 0xc1, 0xff, 0xbf, 0xfe, 0xc2, 0xff, 0xc0, 0xfe, 0xc2, 0xff, 0xbf, 0xfe, 0xc2, 0xff, 0xbf, 0xff, 0xc1, 0xff, 0xbf, 0xff, 0xc0, 0xff, 0xbf, 0xff, 0xc0, 0xff, 0xc0, 0xff, 0xc0, 0xff, 0xc0, 0xff, 0xc0, 0xff, 0xc0, 0xff, 0xc0, 0xff, 0xc0, 0xff, 0xc0, 0xff, 0xc0, 0xff, 0xc0, 0xff, 0xc0, 0xff, 0xc0, 0xff, 0xc0, 0xff, 0xc0, 0xff, 0xc0, 0xff, 0xc0, 0xff, 0xc0, 0xff, 0xc0, 0xff, 0xc0, 0xff, 0xc0, 0xff, 0xc0, 0xff, 0xc0, 0xff, 0xc0, 0xff, 0xc0, 0xff, 
  0xc0, 0xff, 0xc0, 0xff, 0xc0, 0xff, 0xc0, 0xff, 0xc0, 0xff, 0xc0, 0xff, 0xc0, 0xff, 0xc0, 0xff, 0xc0, 0xff, 0xc0, 0xff, 0xc0, 0xff, 0xc0, 0xff, 0xc0, 0xff, 0xc0, 0xff, 0xc0, 0xff, 0xc0, 0xff, 0xc0, 0xff, 0xc0, 0xff, 0xc0, 0xff, 0xc0, 0xff, 0xc0, 0xff, 0xc0, 0xff, 0xc0, 0xff, 0xc0, 0xff, 0xc0, 0xff, 0xc0, 0xff, 0xc0, 0xff, 0xc0, 0xff, 0xc0, 0xff, 0xc0, 0xff, 0xbf, 0xff, 0xc0, 0xff, 0xbf, 0xff, 0xbf, 0xff, 0xbe, 0xff, 0xbe, 0xff, 0xbe, 0xff, 0xbf, 0xff, 0xbe, 0xff, 0xbf, 0xff, 0xbe, 0xff, 0xbf, 0xff, 0xbe, 0xff, 0xbf, 0xff, 0xbf, 0xff, 0xc0, 0xff, 0xc0, 0xff, 0xc0, 0xff, 0xc0, 0xff, 0xc0, 0xff, 0xc1, 0xff, 0xc0, 0xff, 0xc1, 0xfe, 0xc1, 0xff, 0xc1, 0xfe, 0xc1, 0xff, 0xc2, 0xfd, 0xc2, 0xff, 0xc2, 0xfd, 0xc3, 0xff, 0xc2, 0xfd, 0xc3, 0xff, 0xc1, 0xfe, 0xc1, 0xff, 0xbe, 0xff, 0xbe, 0xff, 0xbd, 0xff, 0xbd, 0xff, 0xbd, 0xff, 0xbd, 0xff, 0xbd, 0xff, 0xbd, 0xff, 0xbe, 0xff, 0xbe, 0xff, 0xbf, 0xff, 0xbf, 0xff, 0xbf, 0xff, 0xbf, 0xff, 0xc0, 0xff, 0xc0, 0xff, 0xc1, 0xfe, 0xc1, 0xff, 0xc1, 0xfe, 0xc2, 0xff, 0xc1, 0xfe, 0xc2, 0xff, 0xc1, 0xfe, 0xc2, 0xff, 0xc2, 0xfd, 0xc2, 0xff, 0xc2, 0xfd, 0xc3, 0xff, 0xc2, 0xfd, 0xc3, 0xff, 0xbf, 0xfe, 0xc3, 0xff, 0xb9, 0xff, 0xc3, 0xff, 0xb7, 0xff, 0xc3, 0xff, 0xba, 0xff, 0xc1, 0xff, 0xbd, 0xff, 0xbf, 0xff, 0xbf, 0xfe, 0xbe, 0xff, 0xc3, 0xfd, 0xbf, 0xff, 0xc9, 0xfb, 0xc3, 0xff, 0xce, 0xf9, 0xc9, 0xff, 0xd5, 0xf7, 0xd1, 0xff, 0xda, 0xf4, 0xd8, 0xff, 0xdf, 0xf3, 0xe0, 0xff, 0xe3, 0xf1, 0xe5, 0xff, 0xe5, 0xef, 0xe9, 0xff, 0xe7, 0xed, 0xeb, 0xff, 0xe8, 0xec, 0xeb, 0xff, 0xe6, 0xeb, 0xe9, 0xff, 0xe6, 0xee, 0xe6, 0xff, 0xe5, 0xef, 0xe5, 0xff, 0xe6, 0xef, 0xe5, 0xff, 0xe7, 0xee, 0xe6, 0xff, 0xe8, 0xed, 0xe7, 0xff, 0xea, 0xec, 0xe8, 0xff, 0xea, 0xec, 0xe9, 0xff, 0xeb, 0xec, 0xea, 0xff, 0xea, 0xeb, 0xe9, 0xff, 0xea, 0xeb, 0xe8, 0xff, 0xea, 0xeb, 0xe7, 0xff, 0xe9, 0xec, 0xe7, 0xff, 0xe8, 0xec, 0xe6, 0xff, 0xe7, 0xed, 0xe6, 0xff, 0xe6, 0xed, 0xe5, 0xff, 0xe7, 0xec, 0xe6, 0xff, 0xea, 0xeb, 0xe8, 0xff, 0xeb, 0xea, 0xe8, 0xff, 0xec, 0xec, 0xe9, 0xff, 0xeb, 0xec, 0xe9, 0xff, 0xeb, 0xec, 0xe8, 0xff, 0xe9, 0xed, 0xe7, 0xff, 0xe7, 0xef, 0xe4, 0xff, 0xe4, 0xf1, 0xe2, 0xff, 0xe1, 0xf3, 0xdf, 0xff, 0xdc, 0xf4, 0xdb, 0xff, 0xd7, 0xf6, 0xd6, 0xff, 0xd1, 0xf7, 0xd0, 0xff, 0xcc, 0xf8, 0xcc, 0xff, 0xc8, 0xf9, 0xc9, 0xff, 0xc4, 0xfa, 0xc5, 0xff, 0xc0, 0xfc, 0xc2, 0xff, 0xbd, 0xff, 0xbf, 0xff, 0xbb, 0xff, 0xbd, 0xff, 0xbc, 0xff, 0xbd, 0xff, 0xbd, 0xff, 0xbe, 0xff, 0xbd, 0xff, 0xbf, 0xff, 0xbe, 0xff, 0xc0, 0xff, 0xbf, 0xff, 0xc1, 0xff, 0xc0, 0xfe, 0xc2, 0xff, 0xc0, 0xfe, 0xc2, 0xff, 0xc0, 0xfe, 0xc2, 0xff, 0xc0, 0xfe, 0xc1, 0xff, 0xc0, 0xff, 0xc1, 0xff, 0xc0, 0xff, 0xc0, 0xff, 0xbf, 0xff, 0xc0, 0xff, 0xbf, 0xff, 0xbf, 0xff, 0xbf, 0xff, 0xbf, 0xff, 0xbf, 0xff, 0xc0, 0xff, 0xc0, 0xff, 0xc0, 0xff, 0xc0, 0xff, 0xc0, 0xff, 0xc0, 0xff, 0xc0, 0xff, 0xc0, 0xff, 0xc0, 0xff, 0xc0, 0xff, 0xc0, 0xff, 0xc0, 0xff, 0xc0, 0xff, 0xc0, 0xff, 0xc0, 0xff, 
  0xc0, 0xff, 0xc0, 0xff, 0xc0, 0xff, 0xc0, 0xff, 0xc0, 0xff, 0xc0, 0xff, 0xc0, 0xff, 0xc0, 0xff, 0xc0, 0xff, 0xc0, 0xff, 0xc0, 0xff, 0xc0, 0xff, 0xc0, 0xff, 0xc0, 0xff, 0xc0, 0xff, 0xc0, 0xff, 0xc0, 0xff, 0xc0, 0xff, 0xc0, 0xff, 0xc0, 0xff, 0xc0, 0xff, 0xc0, 0xff, 0xc0, 0xff, 0xc0, 0xff, 0xc0, 0xff, 0xc0, 0xff, 0xc0, 0xff, 0xc0, 0xff, 0xc0, 0xff, 0xc0, 0xff, 0xc0, 0xff, 0xc0, 0xff, 0xbf, 0xff, 0xbf, 0xff, 0xbf, 0xff, 0xbf, 0xff, 0xbf, 0xff, 0xbf, 0xff, 0xbf, 0xff, 0xbf, 0xff, 0xbe, 0xff, 0xbf, 0xff, 0xbe, 0xff, 0xbf, 0xff, 0xbe, 0xff, 0xbf, 0xff, 0xbf, 0xff, 0xbf, 0xff, 0xbf, 0xff, 0xbf, 0xff, 0xbf, 0xff, 0xbf, 0xff, 0xbf, 0xff, 0xc0, 0xff, 0xbf, 0xff, 0xc0, 0xff, 0xc0, 0xff, 0xc1, 0xff, 0xc1, 0xfe, 0xc1, 0xff, 0xc1, 0xfe, 0xc1, 0xff, 0xc0, 0xff, 0xc0, 0xff, 0xbe, 0xff, 0xbe, 0xff, 0xbe, 0xff, 0xbe, 0xff, 0xbe, 0xff, 0xbe, 0xff, 0xbe, 0xff, 0xbf, 0xff, 0xbf, 0xff, 0xbf, 0xff, 0xbf, 0xff, 0xc0, 0xff, 0xc0, 0xff, 0xc0, 0xff, 0xc0, 0xff, 0xc1, 0xff, 0xc0, 0xfe, 0xc1, 0xff, 0xc0, 0xfe, 0xc2, 0xff, 0xc0, 0xfe, 0xc2, 0xff, 0xc0, 0xfe, 0xc2, 0xff, 0xc0, 0xfe, 0xc1, 0xff, 0xc1, 0xfe, 0xc1, 0xff, 0xc1, 0xfe, 0xc1, 0xff, 0xbe, 0xff, 0xc1, 0xff, 0xba, 0xff, 0xc1, 0xff, 0xb9, 0xff, 0xc1, 0xff, 0xbd, 0xff, 0xc2, 0xff, 0xbf, 0xfe, 0xc2, 0xff, 0xc4, 0xfd, 0xc3, 0xff, 0xc9, 0xfa, 0xc6, 0xff, 0xd0, 0xf9, 0xcb, 0xff, 0xd7, 0xf8, 0xd2, 0xff, 0xdd, 0xf6, 0xda, 0xff, 0xe1, 0xf3, 0xdf, 0xff, 0xe5, 0xf0, 0xe4, 0xff, 0xe7, 0xed, 0xe8, 0xff, 0xe8, 0xec, 0xea, 0xff, 0xe9, 0xeb, 0xec, 0xff, 0xe9, 0xe9, 0xec, 0xff, 0xe8, 0xea, 0xea, 0xff, 0xe6, 0xec, 0xe7, 0xff, 0xe6, 0xed, 0xe5, 0xff, 0xe7, 0xed, 0xe5, 0xff, 0xe7, 0xec, 0xe6, 0xff, 0xe8, 0xec, 0xe7, 0xff, 0xe9, 0xeb, 0xe7, 0xff, 0xe9, 0xeb, 0xe8, 0xff, 0xea, 0xeb, 0xe9, 0xff, 0xea, 0xeb, 0xe9, 0xff, 0xea, 0xeb, 0xe8, 0xff, 0xe9, 0xeb, 0xe7, 0xff, 0xe8, 0xec, 0xe7, 0xff, 0xe7, 0xec, 0xe6, 0xff, 0xe6, 0xed, 0xe5, 0xff, 0xe5, 0xed, 0xe5, 0xff, 0xe7, 0xed, 0xe6, 0xff, 0xeb, 0xec, 0xe9, 0xff, 0xed, 0xeb, 0xea, 0xff, 0xed, 0xeb, 0xea, 0xff, 0xec, 0xea, 0xe9, 0xff, 0xec, 0xea, 0xe9, 0xff, 0xeb, 0xea, 0xe8, 0xff, 0xea, 0xeb, 0xe7, 0xff, 0xe8, 0xed, 0xe5, 0xff, 0xe5, 0xef, 0xe2, 0xff, 0xe1, 0xf1, 0xdf, 0xff, 0xdd, 0xf4, 0xdb, 0xff, 0xd9, 0xf7, 0xd8, 0xff, 0xd3, 0xf7, 0xd2, 0xff, 0xce, 0xf8, 0xcf, 0xff, 0xc9, 0xf8, 0xcb, 0xff, 0xc4, 0xfa, 0xc5, 0xff, 0xbf, 0xff, 0xc0, 0xff, 0xbc, 0xff, 0xbd, 0xff, 0xbc, 0xff, 0xbe, 0xff, 0xbc, 0xff, 0xbe, 0xff, 0xbd, 0xff, 0xbf, 0xff, 0xbd, 0xff, 0xc0, 0xff, 0xbf, 0xff, 0xc0, 0xff, 0xc0, 0xfe, 0xc1, 0xff, 0xc1, 0xfe, 0xc2, 0xff, 0xc1, 0xfe, 0xc2, 0xff, 0xc1, 0xfe, 0xc2, 0xff, 0xc1, 0xfe, 0xc1, 0xff, 0xc0, 0xff, 0xc0, 0xff, 0xbf, 0xff, 0xbf, 0xff, 0xbe, 0xff, 0xbe, 0xff, 0xbe, 0xff, 0xbf, 0xff, 0xbf, 0xff, 0xc0, 0xff, 0xc0, 0xff, 0xc0, 0xff, 0xc0, 0xff, 0xc0, 0xff, 0xc0, 0xff, 0xc0, 0xff, 0xc0, 0xff, 0xc0, 0xff, 0xc0, 0xff, 0xc0, 0xff, 0xc0, 0xff, 0xc0, 0xff, 0xc0, 0xff, 0xc0, 0xff, 
  0xc0, 0xff, 0xc0, 0xff, 0xc0, 0xff, 0xc0, 0xff, 0xc0, 0xff, 0xc0, 0xff, 0xc0, 0xff, 0xc0, 0xff, 0xc0, 0xff, 0xc0, 0xff, 0xc0, 0xff, 0xc0, 0xff, 0xc0, 0xff, 0xc0, 0xff, 0xc0, 0xff, 0xc0, 0xff, 0xc0, 0xff, 0xc0, 0xff, 0xc0, 0xff, 0xc0, 0xff, 0xc0, 0xff, 0xc0, 0xff, 0xc0, 0xff, 0xc0, 0xff, 0xc0, 0xff, 0xc0, 0xff, 0xc0, 0xff, 0xc0, 0xff, 0xc0, 0xff, 0xc0, 0xff, 0xc0, 0xff, 0xc0, 0xff, 0xc0, 0xff, 0xc0, 0xff, 0xc0, 0xff, 0xc0, 0xff, 0xc0, 0xff, 0xbf, 0xff, 0xc0, 0xff, 0xbf, 0xff, 0xbf, 0xff, 0xbf, 0xff, 0xbe, 0xff, 0xbf, 0xff, 0xbe, 0xff, 0xbe, 0xff, 0xbe, 0xff, 0xbe, 0xff, 0xbe, 0xff, 0xbf, 0xff, 0xbe, 0xff, 0xbf, 0xff, 0xbe, 0xff, 0xbf, 0xff, 0xbe, 0xff, 0xbf, 0xff, 0xbf, 0xff, 0xc0, 0xff, 0xbf, 0xff, 0xc0, 0xff, 0xbf, 0xff, 0xc0, 0xff, 0xbf, 0xff, 0xc0, 0xff, 0xc0, 0xff, 0xc0, 0xff, 0xc0, 0xff, 0xc0, 0xff, 0xc0, 0xfe, 0xc1, 0xff, 0xc0, 0xfe, 0xc1, 0xff, 0xc1, 0xfe, 0xc2, 0xff, 0xc1, 0xfe, 0xc2, 0xff, 0xc1, 0xfe, 0xc2, 0xff, 0xc1, 0xfe, 0xc2, 0xff, 0xc1, 0xfe, 0xc2, 0xff, 0xc0, 0xfe, 0xc2, 0xff, 0xc0, 0xfe, 0xc2, 0xff, 0xbf, 0xfe, 0xc1, 0xff, 0xbf, 0xff, 0xc1, 0xff, 0xbf, 0xff, 0xc0, 0xff, 0xbf, 0xff, 0xc0, 0xff, 0xbe, 0xff, 0xc0, 0xff, 0xbc, 0xff, 0xbf, 0xff, 0xbe, 0xff, 0xc1, 0xff, 0xc1, 0xff, 0xc3, 0xff, 0xc4, 0xfb, 0xc5, 0xff, 0xc9, 0xf9, 0xc9, 0xff, 0xd0, 0xf8, 0xcf, 0xff, 0xd8, 0xf8, 0xd6, 0xff, 0xdf, 0xf7, 0xdc, 0xff, 0xe3, 0xf4, 0xe0, 0xff, 0xe5, 0xf0, 0xe3, 0xff, 0xe8, 0xee, 0xe6, 0xff, 0xe9, 0xec, 0xe7, 0xff, 0xe8, 0xea, 0xe8, 0xff, 0xe9, 0xea, 0xea, 0xff, 0xe9, 0xea, 0xeb, 0xff, 0xe9, 0xea, 0xea, 0xff, 0xe8, 0xed, 0xe8, 0xff, 0xe8, 0xee, 0xe7, 0xff, 0xe8, 0xee, 0xe7, 0xff, 0xe8, 0xec, 0xe6, 0xff, 0xe8, 0xec, 0xe6, 0xff, 0xe8, 0xec, 0xe7, 0xff, 0xe9, 0xeb, 0xe8, 0xff, 0xe9, 0xeb, 0xe8, 0xff, 0xea, 0xec, 0xe9, 0xff, 0xea, 0xec, 0xe8, 0xff, 0xe8, 0xec, 0xe7, 0xff, 0xe7, 0xec, 0xe6, 0xff, 0xe6, 0xed, 0xe6, 0xff, 0xe5, 0xed, 0xe5, 0xff, 0xe5, 0xee, 0xe4, 0xff, 0xe5, 0xed, 0xe5, 0xff, 0xe9, 0xed, 0xe7, 0xff, 0xeb, 0xec, 0xe9, 0xff, 0xeb, 0xea, 0xe8, 0xff, 0xec, 0xea, 0xe9, 0xff, 0xec, 0xea, 0xe9, 0xff, 0xec, 0xea, 0xe9, 0xff, 0xec, 0xea, 0xe9, 0xff, 0xec, 0xec, 0xe8, 0xff, 0xe7, 0xec, 0xe4, 0xff, 0xe5, 0xef, 0xe2, 0xff, 0xe2, 0xf2, 0xe0, 0xff, 0xdf, 0xf5, 0xde, 0xff, 0xd9, 0xf6, 0xd9, 0xff, 0xd4, 0xf6, 0xd4, 0xff, 0xce, 0xf4, 0xcf, 0xff, 0xc7, 0xf6, 0xc9, 0xff, 0xc2, 0xfd, 0xc3, 0xff, 0xbe, 0xff, 0xbf, 0xff, 0xbd, 0xff, 0xbf, 0xff, 0xbd, 0xff, 0xbf, 0xff, 0xbc, 0xff, 0xbf, 0xff, 0xbd, 0xff, 0xbf, 0xff, 0xbf, 0xff, 0xc0, 0xff, 0xc0, 0xff, 0xc1, 0xff, 0xc1, 0xfe, 0xc2, 0xff, 0xc2, 0xfe, 0xc2, 0xff, 0xc2, 0xfd, 0xc2, 0xff, 0xc1, 0xfe, 0xc1, 0xff, 0xc0, 0xff, 0xc0, 0xff, 0xbf, 0xff, 0xbf, 0xff, 0xbd, 0xff, 0xbe, 0xff, 0xbd, 0xff, 0xbe, 0xff, 0xbf, 0xff, 0xc0, 0xff, 0xc0, 0xff, 0xc0, 0xff, 0xc0, 0xff, 0xc0, 0xff, 0xc0, 0xff, 0xc0, 0xff, 0xc0, 0xff, 0xc0, 0xff, 0xc0, 0xff, 0xc0, 0xff, 0xc0, 0xff, 0xc0, 0xff, 0xc0, 0xff, 0xc0, 0xff, 
  0xc0, 0xff, 0xc0, 0xff, 0xc0, 0xff, 0xc0, 0xff, 0xc0, 0xff, 0xc0, 0xff, 0xc0, 0xff, 0xc0, 0xff, 0xc0, 0xff, 0xc0, 0xff, 0xc0, 0xff, 0xc0, 0xff, 0xc0, 0xff, 0xc0, 0xff, 0xc0, 0xff, 0xc0, 0xff, 0xc0, 0xff, 0xc0, 0xff, 0xc0, 0xff, 0xc0, 0xff, 0xc0, 0xff, 0xc0, 0xff, 0xc0, 0xff, 0xc0, 0xff, 0xc0, 0xff, 0xc0, 0xff, 0xc0, 0xff, 0xc0, 0xff, 0xc0, 0xff, 0xc0, 0xff, 0xc0, 0xff, 0xc1, 0xff, 0xc2, 0xfe, 0xc1, 0xff, 0xc2, 0xfe, 0xc1, 0xff, 0xc1, 0xff, 0xc0, 0xff, 0xc1, 0xff, 0xc0, 0xff, 0xc0, 0xff, 0xbf, 0xff, 0xbf, 0xff, 0xbf, 0xff, 0xbd, 0xff, 0xbe, 0xff, 0xbd, 0xff, 0xbe, 0xff, 0xbc, 0xff, 0xbd, 0xff, 0xbd, 0xff, 0xbe, 0xff, 0xbe, 0xff, 0xbf, 0xff, 0xbe, 0xff, 0xbf, 0xff, 0xbe, 0xff, 0xc0, 0xff, 0xbd, 0xff, 0xc0, 0xff, 0xbd, 0xfe, 0xbf, 0xff, 0xbf, 0xfd, 0xc1, 0xff, 0xc2, 0xfb, 0xc3, 0xff, 0xc5, 0xfb, 0xc5, 0xff, 0xc5, 0xfb, 0xc5, 0xff, 0xc5, 0xfb, 0xc5, 0xff, 0xc5, 0xfb, 0xc6, 0xff, 0xc5, 0xfb, 0xc5, 0xff, 0xc4, 0xfc, 0xc5, 0xff, 0xc3, 0xfc, 0xc4, 0xff, 0xc3, 0xfc, 0xc4, 0xff, 0xc2, 0xfd, 0xc3, 0xff, 0xc0, 0xfe, 0xc2, 0xff, 0xbf, 0xff, 0xc1, 0xff, 0xbe, 0xff, 0xc0, 0xff, 0xbd, 0xff, 0xbf, 0xff, 0xbc, 0xff, 0xbf, 0xff, 0xbd, 0xff, 0xbe, 0xff, 0xc0, 0xff, 0xbe, 0xff, 0xc1, 0xfe, 0xbe, 0xff, 0xc4, 0xfa, 0xc2, 0xff, 0xca, 0xf8, 0xcb, 0xff, 0xd2, 0xf7, 0xd5, 0xff, 0xd9, 0xf6, 0xdd, 0xff, 0xdd, 0xf2, 0xdf, 0xff, 0xe0, 0xef, 0xe1, 0xff, 0xe5, 0xf0, 0xe3, 0xff, 0xe8, 0xef, 0xe4, 0xff, 0xea, 0xee, 0xe5, 0xff, 0xea, 0xee, 0xe5, 0xff, 0xe9, 0xec, 0xe6, 0xff, 0xe9, 0xec, 0xe7, 0xff, 0xe9, 0xeb, 0xe8, 0xff, 0xe8, 0xeb, 0xe8, 0xff, 0xe7, 0xec, 0xe6, 0xff, 0xe6, 0xed, 0xe6, 0xff, 0xe7, 0xed, 0xe6, 0xff, 0xe7, 0xed, 0xe6, 0xff, 0xe8, 0xee, 0xe7, 0xff, 0xe8, 0xed, 0xe7, 0xff, 0xe8, 0xed, 0xe7, 0xff, 0xe8, 0xed, 0xe7, 0xff, 0xe7, 0xec, 0xe6, 0xff, 0xe7, 0xec, 0xe6, 0xff, 0xe6, 0xed, 0xe5, 0xff, 0xe5, 0xed, 0xe5, 0xff, 0xe5, 0xed, 0xe5, 0xff, 0xe5, 0xee, 0xe4, 0xff, 0xe4, 0xee, 0xe4, 0xff, 0xe4, 0xee, 0xe3, 0xff, 0xe5, 0xee, 0xe4, 0xff, 0xe6, 0xed, 0xe5, 0xff, 0xe7, 0xec, 0xe6, 0xff, 0xe9, 0xeb, 0xe7, 0xff, 0xea, 0xeb, 0xe8, 0xff, 0xeb, 0xea, 0xe9, 0xff, 0xeb, 0xea, 0xe9, 0xff, 0xeb, 0xeb, 0xe8, 0xff, 0xea, 0xec, 0xe7, 0xff, 0xe7, 0xed, 0xe5, 0xff, 0xe3, 0xee, 0xe1, 0xff, 0xe1, 0xf1, 0xe0, 0xff, 0xde, 0xf3, 0xde, 0xff, 0xdb, 0xf4, 0xdb, 0xff, 0xd8, 0xf5, 0xd8, 0xff, 0xd0, 0xf6, 0xd1, 0xff, 0xc5, 0xf9, 0xc7, 0xff, 0xc0, 0xfc, 0xc2, 0xff, 0xbe, 0xfc, 0xc0, 0xff, 0xbd, 0xfe, 0xbf, 0xff, 0xbe, 0xff, 0xc0, 0xff, 0xbe, 0xff, 0xc0, 0xff, 0xbe, 0xff, 0xc0, 0xff, 0xbe, 0xfe, 0xc0, 0xff, 0xc1, 0xfe, 0xc2, 0xff, 0xc2, 0xfd, 0xc3, 0xff, 0xc2, 0xfd, 0xc3, 0xff, 0xc2, 0xfd, 0xc2, 0xff, 0xc0, 0xfe, 0xc1, 0xff, 0xbf, 0xff, 0xbf, 0xff, 0xbc, 0xff, 0xbe, 0xff, 0xbc, 0xff, 0xbe, 0xff, 0xbf, 0xff, 0xbf, 0xff, 0xc0, 0xff, 0xc0, 0xff, 0xc0, 0xff, 0xc0, 0xff, 0xc0, 0xff, 0xc0, 0xff, 0xc0, 0xff, 0xc0, 0xff, 0xc0, 0xff, 0xc0, 0xff, 0xc0, 0xff, 0xc0, 0xff, 0xc0, 0xff, 0xc0, 0xff, 
  0xc0, 0xff, 0xc0, 0xff, 0xc0, 0xff, 0xc0, 0xff, 0xc0, 0xff, 0xc0, 0xff, 0xc0, 0xff, 0xc0, 0xff, 0xc0, 0xff, 0xc0, 0xff, 0xc0, 0xff, 0xc0, 0xff, 0xc0, 0xff, 0xc0, 0xff, 0xc0, 0xff, 0xc0, 0xff, 0xc0, 0xff, 0xc0, 0xff, 0xc0, 0xff, 0xc0, 0xff, 0xc0, 0xff, 0xc0, 0xff, 0xc0, 0xff, 0xc0, 0xff, 0xc0, 0xff, 0xc0, 0xff, 0xc0, 0xff, 0xc0, 0xff, 0xc0, 0xff, 0xc0, 0xff, 0xc1, 0xfe, 0xc1, 0xff, 0xc2, 0xfe, 0xc1, 0xff, 0xc3, 0xfe, 0xc2, 0xff, 0xc2, 0xfe, 0xc1, 0xff, 0xc1, 0xff, 0xc0, 0xff, 0xc0, 0xff, 0xc0, 0xff, 0xbf, 0xff, 0xbf, 0xff, 0xbe, 0xff, 0xbf, 0xff, 0xbd, 0xff, 0xbf, 0xff, 0xbc, 0xff, 0xbe, 0xff, 0xbd, 0xff, 0xbf, 0xff, 0xbd, 0xff, 0xbf, 0xff, 0xbe, 0xff, 0xbf, 0xff, 0xbe, 0xff, 0xc0, 0xff, 0xbe, 0xfe, 0xc0, 0xff, 0xbf, 0xfd, 0xc1, 0xff, 0xc2, 0xfb, 0xc3, 0xff, 0xc6, 0xf8, 0xc7, 0xff, 0xc9, 0xf7, 0xc9, 0xff, 0xc9, 0xf7, 0xc9, 0xff, 0xc9, 0xf7, 0xc9, 0xff, 0xc9, 0xf7, 0xc9, 0xff, 0xc8, 0xf7, 0xc9, 0xff, 0xc9, 0xf9, 0xc9, 0xff, 0xc8, 0xf9, 0xc8, 0xff, 0xc5, 0xf9, 0xc7, 0xff, 0xc4, 0xfa, 0xc5, 0xff, 0xc2, 0xfb, 0xc4, 0xff, 0xc1, 0xfd, 0xc3, 0xff, 0xbf, 0xfe, 0xc2, 0xff, 0xbe, 0xff, 0xc0, 0xff, 0xbd, 0xff, 0xbf, 0xff, 0xbf, 0xff, 0xbe, 0xff, 0xc4, 0xff, 0xbd, 0xff, 0xc8, 0xfd, 0xc0, 0xff, 0xcb, 0xf9, 0xc8, 0xff, 0xd1, 0xf6, 0xd2, 0xff, 0xd8, 0xf4, 0xdd, 0xff, 0xdd, 0xf1, 0xe4, 0xff, 0xe1, 0xef, 0xe7, 0xff, 0xe4, 0xec, 0xe7, 0xff, 0xe8, 0xee, 0xe7, 0xff, 0xe9, 0xee, 0xe5, 0xff, 0xea, 0xef, 0xe4, 0xff, 0xea, 0xef, 0xe3, 0xff, 0xe8, 0xee, 0xe3, 0xff, 0xe7, 0xee, 0xe4, 0xff, 0xe7, 0xed, 0xe5, 0xff, 0xe7, 0xed, 0xe6, 0xff, 0xe6, 0xed, 0xe5, 0xff, 0xe6, 0xed, 0xe5, 0xff, 0xe6, 0xed, 0xe5, 0xff, 0xe6, 0xed, 0xe5, 0xff, 0xe6, 0xed, 0xe5, 0xff, 0xe7, 0xee, 0xe6, 0xff, 0xe7, 0xee, 0xe6, 0xff, 0xe7, 0xee, 0xe6, 0xff, 0xe6, 0xed, 0xe5, 0xff, 0xe6, 0xed, 0xe5, 0xff, 0xe5, 0xee, 0xe5, 0xff, 0xe5, 0xee, 0xe4, 0xff, 0xe5, 0xee, 0xe4, 0xff, 0xe4, 0xee, 0xe4, 0xff, 0xe3, 0xef, 0xe3, 0xff, 0xe3, 0xef, 0xe3, 0xff, 0xe2, 0xef, 0xe2, 0xff, 0xe3, 0xef, 0xe3, 0xff, 0xe4, 0xee, 0xe4, 0xff, 0xe6, 0xed, 0xe6, 0xff, 0xe8, 0xec, 0xe7, 0xff, 0xe9, 0xeb, 0xe8, 0xff, 0xea, 0xeb, 0xe8, 0xff, 0xea, 0xeb, 0xe8, 0xff, 0xea, 0xeb, 0xe7, 0xff, 0xe8, 0xec, 0xe6, 0xff, 0xe5, 0xec, 0xe4, 0xff, 0xe4, 0xef, 0xe3, 0xff, 0xe2, 0xf0, 0xe1, 0xff, 0xdf, 0xf1, 0xdf, 0xff, 0xdc, 0xf2, 0xdd, 0xff, 0xd5, 0xf3, 0xd6, 0xff, 0xcb, 0xf6, 0xcd, 0xff, 0xc6, 0xfa, 0xc8, 0xff, 0xc2, 0xfb, 0xc4, 0xff, 0xc0, 0xfc, 0xc2, 0xff, 0xbe, 0xff, 0xc1, 0xff, 0xbe, 0xff, 0xc1, 0xff, 0xbd, 0xff, 0xc0, 0xff, 0xbe, 0xfe, 0xc0, 0xff, 0xc0, 0xfe, 0xc2, 0xff, 0xc2, 0xfd, 0xc3, 0xff, 0xc3, 0xfd, 0xc3, 0xff, 0xc2, 0xfd, 0xc3, 0xff, 0xc1, 0xfe, 0xc1, 0xff, 0xbe, 0xff, 0xbf, 0xff, 0xbc, 0xff, 0xbe, 0xff, 0xbc, 0xff, 0xbe, 0xff, 0xbe, 0xff, 0xbf, 0xff, 0xc0, 0xff, 0xc0, 0xff, 0xc0, 0xff, 0xc0, 0xff, 0xc0, 0xff, 0xc0, 0xff, 0xc0, 0xff, 0xc0, 0xff, 0xc0, 0xff, 0xc0, 0xff, 0xc0, 0xff, 0xc0, 0xff, 0xc0, 0xff, 0xc0, 0xff, 
  0xc0, 0xff, 0xc0, 0xff, 0xc0, 0xff, 0xc0, 0xff, 0xc0, 0xff, 0xc0, 0xff, 0xc0, 0xff, 0xc0, 0xff, 0xc0, 0xff, 0xc0, 0xff, 0xc0, 0xff, 0xc0, 0xff, 0xc0, 0xff, 0xc0, 0xff, 0xc0, 0xff, 0xc0, 0xff, 0xc0, 0xff, 0xc0, 0xff, 0xc0, 0xff, 0xc0, 0xff, 0xc0, 0xff, 0xc0, 0xff, 0xc0, 0xff, 0xc0, 0xff, 0xc0, 0xff, 0xc0, 0xff, 0xc0, 0xff, 0xc0, 0xff, 0xc0, 0xff, 0xc0, 0xff, 0xc1, 0xfe, 0xc1, 0xff, 0xc2, 0xfe, 0xc1, 0xff, 0xc3, 0xfe, 0xc2, 0xff, 0xc2, 0xfe, 0xc2, 0xff, 0xc1, 0xfe, 0xc1, 0xff, 0xc0, 0xff, 0xc0, 0xff, 0xbf, 0xff, 0xc0, 0xff, 0xbf, 0xff, 0xc0, 0xff, 0xbf, 0xff, 0xc0, 0xff, 0xbe, 0xfe, 0xc0, 0xff, 0xbe, 0xfe, 0xc0, 0xff, 0xbf, 0xfd, 0xc1, 0xff, 0xc0, 0xfd, 0xc1, 0xff, 0xc1, 0xfc, 0xc3, 0xff, 0xc2, 0xfb, 0xc4, 0xff, 0xc4, 0xfb, 0xc5, 0xff, 0xc8, 0xfa, 0xc9, 0xff, 0xcf, 0xf8, 0xcf, 0xff, 0xd2, 0xf6, 0xd2, 0xff, 0xd3, 0xf7, 0xd3, 0xff, 0xd3, 0xf7, 0xd3, 0xff, 0xd3, 0xf7, 0xd3, 0xff, 0xd3, 0xf7, 0xd3, 0xff, 0xd2, 0xf8, 0xd2, 0xff, 0xd1, 0xf8, 0xd1, 0xff, 0xcd, 0xf7, 0xce, 0xff, 0xcb, 0xf8, 0xcc, 0xff, 0xc9, 0xfa, 0xca, 0xff, 0xc5, 0xfa, 0xc7, 0xff, 0xc3, 0xfc, 0xc5, 0xff, 0xc1, 0xfd, 0xc4, 0xff, 0xc0, 0xfe, 0xc2, 0xff, 0xc3, 0xfe, 0xc1, 0xff, 0xc9, 0xfc, 0xbf, 0xff, 0xcf, 0xfa, 0xc3, 0xff, 0xd3, 0xf8, 0xce, 0xff, 0xd8, 0xf4, 0xd9, 0xff, 0xdd, 0xf0, 0xe3, 0xff, 0xe1, 0xed, 0xea, 0xff, 0xe4, 0xeb, 0xed, 0xff, 0xe7, 0xeb, 0xec, 0xff, 0xe7, 0xeb, 0xe8, 0xff, 0xe8, 0xed, 0xe5, 0xff, 0xe8, 0xef, 0xe1, 0xff, 0xe8, 0xef, 0xe0, 0xff, 0xe8, 0xf1, 0xe1, 0xff, 0xe7, 0xf0, 0xe2, 0xff, 0xe6, 0xf0, 0xe3, 0xff, 0xe5, 0xef, 0xe4, 0xff, 0xe5, 0xee, 0xe4, 0xff, 0xe5, 0xee, 0xe5, 0xff, 0xe5, 0xee, 0xe5, 0xff, 0xe5, 0xee, 0xe5, 0xff, 0xe5, 0xee, 0xe5, 0xff, 0xe5, 0xee, 0xe5, 0xff, 0xe6, 0xef, 0xe6, 0xff, 0xe6, 0xef, 0xe6, 0xff, 0xe5, 0xee, 0xe5, 0xff, 0xe5, 0xee, 0xe5, 0xff, 0xe5, 0xee, 0xe4, 0xff, 0xe5, 0xee, 0xe4, 0xff, 0xe5, 0xee, 0xe3, 0xff, 0xe4, 0xee, 0xe3, 0xff, 0xe3, 0xef, 0xe3, 0xff, 0xe2, 0xef, 0xe2, 0xff, 0xe1, 0xf0, 0xe1, 0xff, 0xe1, 0xf0, 0xe1, 0xff, 0xe2, 0xef, 0xe3, 0xff, 0xe3, 0xee, 0xe4, 0xff, 0xe5, 0xed, 0xe5, 0xff, 0xe7, 0xed, 0xe6, 0xff, 0xe8, 0xec, 0xe7, 0xff, 0xe9, 0xeb, 0xe7, 0xff, 0xe9, 0xec, 0xe7, 0xff, 0xe7, 0xeb, 0xe6, 0xff, 0xe6, 0xeb, 0xe5, 0xff, 0xe4, 0xec, 0xe4, 0xff, 0xe4, 0xee, 0xe4, 0xff, 0xe3, 0xef, 0xe3, 0xff, 0xe0, 0xef, 0xe1, 0xff, 0xdb, 0xf0, 0xdc, 0xff, 0xd3, 0xf4, 0xd4, 0xff, 0xcd, 0xf7, 0xce, 0xff, 0xc8, 0xf8, 0xca, 0xff, 0xc3, 0xfa, 0xc5, 0xff, 0xc0, 0xfe, 0xc3, 0xff, 0xbd, 0xff, 0xc1, 0xff, 0xbd, 0xff, 0xc0, 0xff, 0xbd, 0xfe, 0xbf, 0xff, 0xc0, 0xfe, 0xc1, 0xff, 0xc2, 0xfd, 0xc2, 0xff, 0xc3, 0xfd, 0xc3, 0xff, 0xc2, 0xfd, 0xc3, 0xff, 0xc1, 0xfe, 0xc1, 0xff, 0xbe, 0xff, 0xc0, 0xff, 0xbc, 0xff, 0xbe, 0xff, 0xbc, 0xff, 0xbe, 0xff, 0xbe, 0xff, 0xc0, 0xff, 0xc0, 0xff, 0xc0, 0xff, 0xc0, 0xff, 0xc0, 0xff, 0xc0, 0xff, 0xc0, 0xff, 0xc0, 0xff, 0xc0, 0xff, 0xc0, 0xff, 0xc0, 0xff, 0xc0, 0xff, 0xc0, 0xff, 0xc0, 0xff, 0xc0, 0xff, 
  0xc0, 0xff, 0xc0, 0xff, 0xc0, 0xff, 0xc0, 0xff, 0xc0, 0xff, 0xc0, 0xff, 0xc0, 0xff, 0xc0, 0xff, 0xc0, 0xff, 0xc0, 0xff, 0xc0, 0xff, 0xc0, 0xff, 0xc0, 0xff, 0xc0, 0xff, 0xc0, 0xff, 0xc0, 0xff, 0xc0, 0xff, 0xc0, 0xff, 0xc0, 0xff, 0xc0, 0xff, 0xc0, 0xff, 0xc0, 0xff, 0xc0, 0xff, 0xc0, 0xff, 0xc0, 0xff, 0xc0, 0xff, 0xc0, 0xff, 0xc0, 0xff, 0xc0, 0xff, 0xc0, 0xff, 0xc0, 0xff, 0xc1, 0xff, 0xc2, 0xfe, 0xc1, 0xff, 0xc2, 0xfe, 0xc1, 0xff, 0xc1, 0xfe, 0xc1, 0xff, 0xc1, 0xfe, 0xc1, 0xff, 0xc0, 0xfe, 0xc1, 0xff, 0xc0, 0xfe, 0xc1, 0xff, 0xc0, 0xfe, 0xc1, 0xff, 0xc1, 0xfe, 0xc2, 0xff, 0xc0, 0xfb, 0xc1, 0xff, 0xc1, 0xfa, 0xc3, 0xff, 0xc3, 0xfa, 0xc5, 0xff, 0xc6, 0xfa, 0xc7, 0xff, 0xc8, 0xf9, 0xc9, 0xff, 0xcb, 0xf9, 0xcb, 0xff, 0xcd, 0xf9, 0xce, 0xff, 0xd1, 0xf8, 0xd1, 0xff, 0xd9, 0xf8, 0xd9, 0xff, 0xdc, 0xf6, 0xdb, 0xff, 0xdd, 0xf7, 0xdc, 0xff, 0xdd, 0xf7, 0xdd, 0xff, 0xdd, 0xf7, 0xdd, 0xff, 0xdd, 0xf7, 0xdc, 0xff, 0xdc, 0xf7, 0xdc, 0xff, 0xdb, 0xf8, 0xdb, 0xff, 0xd7, 0xf7, 0xd7, 0xff, 0xd4, 0xf7, 0xd5, 0xff, 0xd2, 0xf9, 0xd3, 0xff, 0xce, 0xf9, 0xd0, 0xff, 0xcb, 0xfa, 0xcd, 0xff, 0xc8, 0xfa, 0xca, 0xff, 0xc6, 0xfa, 0xc8, 0xff, 0xc8, 0xf9, 0xc6, 0xff, 0xcf, 0xf8, 0xc5, 0xff, 0xd5, 0xf7, 0xca, 0xff, 0xda, 0xf6, 0xd5, 0xff, 0xdd, 0xf3, 0xde, 0xff, 0xe0, 0xee, 0xe6, 0xff, 0xe3, 0xeb, 0xeb, 0xff, 0xe6, 0xea, 0xee, 0xff, 0xe9, 0xeb, 0xee, 0xff, 0xe8, 0xeb, 0xe9, 0xff, 0xe8, 0xed, 0xe5, 0xff, 0xe8, 0xef, 0xe2, 0xff, 0xe8, 0xf0, 0xe0, 0xff, 0xe8, 0xf1, 0xe1, 0xff, 0xe7, 0xf1, 0xe1, 0xff, 0xe5, 0xf0, 0xe2, 0xff, 0xe5, 0xf0, 0xe4, 0xff, 0xe5, 0xee, 0xe4, 0xff, 0xe5, 0xee, 0xe5, 0xff, 0xe5, 0xee, 0xe5, 0xff, 0xe5, 0xee, 0xe5, 0xff, 0xe5, 0xee, 0xe5, 0xff, 0xe5, 0xee, 0xe5, 0xff, 0xe5, 0xee, 0xe5, 0xff, 0xe5, 0xee, 0xe5, 0xff, 0xe5, 0xee, 0xe5, 0xff, 0xe5, 0xee, 0xe5, 0xff, 0xe5, 0xee, 0xe5, 0xff, 0xe5, 0xee, 0xe4, 0xff, 0xe5, 0xee, 0xe4, 0xff, 0xe5, 0xee, 0xe4, 0xff, 0xe4, 0xee, 0xe4, 0xff, 0xe3, 0xef, 0xe3, 0xff, 0xe1, 0xf0, 0xe2, 0xff, 0xe1, 0xf0, 0xe2, 0xff, 0xe2, 0xef, 0xe3, 0xff, 0xe3, 0xef, 0xe4, 0xff, 0xe4, 0xee, 0xe4, 0xff, 0xe5, 0xed, 0xe5, 0xff, 0xe7, 0xec, 0xe6, 0xff, 0xe7, 0xec, 0xe7, 0xff, 0xe8, 0xec, 0xe7, 0xff, 0xe6, 0xeb, 0xe6, 0xff, 0xe6, 0xeb, 0xe6, 0xff, 0xe5, 0xeb, 0xe6, 0xff, 0xe4, 0xec, 0xe5, 0xff, 0xe4, 0xec, 0xe4, 0xff, 0xe3, 0xec, 0xe4, 0xff, 0xe0, 0xed, 0xe0, 0xff, 0xdb, 0xf1, 0xda, 0xff, 0xd4, 0xf4, 0xd4, 0xff, 0xce, 0xf6, 0xcf, 0xff, 0xc8, 0xf8, 0xca, 0xff, 0xc1, 0xfb, 0xc4, 0xff, 0xbd, 0xfe, 0xc1, 0xff, 0xbc, 0xff, 0xbf, 0xff, 0xbc, 0xff, 0xbe, 0xff, 0xc0, 0xff, 0xc1, 0xff, 0xc2, 0xfe, 0xc2, 0xff, 0xc3, 0xfd, 0xc3, 0xff, 0xc2, 0xfd, 0xc3, 0xff, 0xc1, 0xfe, 0xc1, 0xff, 0xbf, 0xff, 0xc0, 0xff, 0xbc, 0xff, 0xbf, 0xff, 0xbc, 0xff, 0xbf, 0xff, 0xbf, 0xff, 0xc0, 0xff, 0xc0, 0xff, 0xc0, 0xff, 0xc0, 0xff, 0xc0, 0xff, 0xc0, 0xff, 0xc0, 0xff, 0xc0, 0xff, 0xc0, 0xff, 0xc0, 0xff, 0xc0, 0xff, 0xc0, 0xff, 0xc0, 0xff, 0xc0, 0xff, 0xc0, 0xff, 
  0xc0, 0xff, 0xc0, 0xff, 0xc0, 0xff, 0xc0, 0xff, 0xc0, 0xff, 0xc0, 0xff, 0xc0, 0xff, 0xc0, 0xff, 0xc0, 0xff, 0xc0, 0xff, 0xc0, 0xff, 0xc0, 0xff, 0xc0, 0xff, 0xc0, 0xff, 0xc0, 0xff, 0xc0, 0xff, 0xc0, 0xff, 0xc0, 0xff, 0xc0, 0xff, 0xc0, 0xff, 0xc0, 0xff, 0xc0, 0xff, 0xc0, 0xff, 0xc0, 0xff, 0xc0, 0xff, 0xc0, 0xff, 0xc0, 0xff, 0xc0, 0xff, 0xc0, 0xff, 0xc0, 0xff, 0xc0, 0xff, 0xc1, 0xff, 0xc0, 0xff, 0xc1, 0xff, 0xc0, 0xfe, 0xc1, 0xff, 0xc0, 0xff, 0xc1, 0xff, 0xc0, 0xfe, 0xc1, 0xff, 0xc0, 0xfe, 0xc1, 0xff, 0xc0, 0xfe, 0xc2, 0xff, 0xc2, 0xfd, 0xc3, 0xff, 0xc3, 0xfc, 0xc5, 0xff, 0xc3, 0xf8, 0xc5, 0xff, 0xc7, 0xf8, 0xc8, 0xff, 0xcc, 0xf8, 0xcd, 0xff, 0xd0, 0xf7, 0xd0, 0xff, 0xd5, 0xf7, 0xd4, 0xff, 0xd7, 0xf6, 0xd7, 0xff, 0xda, 0xf6, 0xd9, 0xff, 0xdc, 0xf4, 0xdb, 0xff, 0xdf, 0xf3, 0xdf, 0xff, 0xe0, 0xf2, 0xe0, 0xff, 0xe1, 0xf2, 0xe1, 0xff, 0xe1, 0xf2, 0xe1, 0xff, 0xe1, 0xf2, 0xe1, 0xff, 0xe1, 0xf2, 0xe1, 0xff, 0xe1, 0xf2, 0xe1, 0xff, 0xe0, 0xf3, 0xe0, 0xff, 0xe0, 0xf5, 0xe0, 0xff, 0xdf, 0xf6, 0xde, 0xff, 0xdc, 0xf6, 0xdc, 0xff, 0xd9, 0xf6, 0xd9, 0xff, 0xd6, 0xf6, 0xd6, 0xff, 0xd3, 0xf6, 0xd4, 0xff, 0xd0, 0xf6, 0xd2, 0xff, 0xd2, 0xf6, 0xd1, 0xff, 0xd3, 0xf2, 0xce, 0xff, 0xd9, 0xf3, 0xd4, 0xff, 0xdd, 0xf4, 0xdc, 0xff, 0xe0, 0xf2, 0xe2, 0xff, 0xe1, 0xee, 0xe6, 0xff, 0xe3, 0xeb, 0xe9, 0xff, 0xe5, 0xea, 0xeb, 0xff, 0xe8, 0xeb, 0xeb, 0xff, 0xe8, 0xeb, 0xe8, 0xff, 0xe8, 0xec, 0xe6, 0xff, 0xe8, 0xee, 0xe3, 0xff, 0xe8, 0xee, 0xe2, 0xff, 0xe8, 0xf0, 0xe3, 0xff, 0xe7, 0xf0, 0xe3, 0xff, 0xe6, 0xf0, 0xe3, 0xff, 0xe6, 0xef, 0xe4, 0xff, 0xe5, 0xed, 0xe5, 0xff, 0xe6, 0xed, 0xe5, 0xff, 0xe6, 0xed, 0xe5, 0xff, 0xe6, 0xed, 0xe5, 0xff, 0xe6, 0xed, 0xe5, 0xff, 0xe6, 0xed, 0xe5, 0xff, 0xe6, 0xed, 0xe5, 0xff, 0xe6, 0xed, 0xe5, 0xff, 0xe6, 0xed, 0xe5, 0xff, 0xe6, 0xed, 0xe5, 0xff, 0xe6, 0xed, 0xe5, 0xff, 0xe6, 0xed, 0xe5, 0xff, 0xe6, 0xed, 0xe5, 0xff, 0xe6, 0xed, 0xe5, 0xff, 0xe6, 0xed, 0xe5, 0xff, 0xe5, 0xee, 0xe5, 0xff, 0xe4, 0xee, 0xe4, 0xff, 0xe3, 0xef, 0xe3, 0xff, 0xe4, 0xee, 0xe4, 0xff, 0xe4, 0xee, 0xe4, 0xff, 0xe4, 0xee, 0xe5, 0xff, 0xe5, 0xed, 0xe6, 0xff, 0xe5, 0xed, 0xe6, 0xff, 0xe6, 0xed, 0xe6, 0xff, 0xe5, 0xec, 0xe5, 0xff, 0xe6, 0xeb, 0xe5, 0xff, 0xe5, 0xeb, 0xe6, 0xff, 0xe5, 0xeb, 0xe6, 0xff, 0xe5, 0xeb, 0xe6, 0xff, 0xe5, 0xeb, 0xe6, 0xff, 0xe6, 0xeb, 0xe6, 0xff, 0xe4, 0xec, 0xe5, 0xff, 0xe1, 0xef, 0xe1, 0xff, 0xdc, 0xf1, 0xdb, 0xff, 0xd4, 0xf4, 0xd5, 0xff, 0xcc, 0xf6, 0xcd, 0xff, 0xc3, 0xf9, 0xc6, 0xff, 0xbf, 0xfd, 0xc1, 0xff, 0xbc, 0xff, 0xbf, 0xff, 0xbd, 0xff, 0xbf, 0xff, 0xbf, 0xff, 0xc0, 0xff, 0xc1, 0xfe, 0xc1, 0xff, 0xc2, 0xfd, 0xc3, 0xff, 0xc3, 0xfd, 0xc3, 0xff, 0xc2, 0xfe, 0xc2, 0xff, 0xc0, 0xff, 0xc1, 0xff, 0xbd, 0xff, 0xbf, 0xff, 0xbd, 0xff, 0xbf, 0xff, 0xbf, 0xff, 0xc0, 0xff, 0xc0, 0xff, 0xc0, 0xff, 0xc0, 0xff, 0xc0, 0xff, 0xc0, 0xff, 0xc0, 0xff, 0xc0, 0xff, 0xc0, 0xff, 0xc0, 0xff, 0xc0, 0xff, 0xc0, 0xff, 0xc0, 0xff, 0xc0, 0xff, 0xc0, 0xff, 
  0xc0, 0xff, 0xc0, 0xff, 0xc0, 0xff, 0xc0, 0xff, 0xc0, 0xff, 0xc0, 0xff, 0xc0, 0xff, 0xc0, 0xff, 0xc0, 0xff, 0xc0, 0xff, 0xc0, 0xff, 0xc0, 0xff, 0xc0, 0xff, 0xc0, 0xff, 0xc0, 0xff, 0xc0, 0xff, 0xc0, 0xff, 0xc0, 0xff, 0xc0, 0xff, 0xc0, 0xff, 0xc0, 0xff, 0xc0, 0xff, 0xc0, 0xff, 0xc0, 0xff, 0xc0, 0xff, 0xc0, 0xff, 0xc0, 0xff, 0xc0, 0xff, 0xc0, 0xff, 0xc0, 0xff, 0xbf, 0xff, 0xc0, 0xff, 0xbf, 0xff, 0xc0, 0xff, 0xbf, 0xff, 0xc0, 0xff, 0xbf, 0xff, 0xc0, 0xff, 0xbf, 0xff, 0xc1, 0xff, 0xc0, 0xfe, 0xc2, 0xff, 0xc1, 0xfd, 0xc3, 0xff, 0xc3, 0xfc, 0xc5, 0xff, 0xc6, 0xfa, 0xc7, 0xff, 0xc9, 0xf8, 0xca, 0xff, 0xce, 0xf6, 0xcf, 0xff, 0xd4, 0xf6, 0xd4, 0xff, 0xda, 0xf6, 0xd9, 0xff, 0xdf, 0xf4, 0xdd, 0xff, 0xe3, 0xf3, 0xe1, 0xff, 0xe4, 0xf1, 0xe2, 0xff, 0xe4, 0xf0, 0xe3, 0xff, 0xe4, 0xf0, 0xe4, 0xff, 0xe4, 0xf0, 0xe4, 0xff, 0xe5, 0xef, 0xe5, 0xff, 0xe5, 0xef, 0xe5, 0xff, 0xe6, 0xef, 0xe6, 0xff, 0xe6, 0xee, 0xe6, 0xff, 0xe6, 0xee, 0xe6, 0xff, 0xe6, 0xef, 0xe5, 0xff, 0xe5, 0xef, 0xe4, 0xff, 0xe4, 0xf0, 0xe3, 0xff, 0xe3, 0xf1, 0xe2, 0xff, 0xe1, 0xf2, 0xe0, 0xff, 0xdf, 0xf3, 0xdf, 0xff, 0xde, 0xf4, 0xde, 0xff, 0xdb, 0xf4, 0xdc, 0xff, 0xdb, 0xf4, 0xdc, 0xff, 0xd9, 0xef, 0xd9, 0xff, 0xdc, 0xf0, 0xdd, 0xff, 0xdf, 0xf1, 0xe1, 0xff, 0xe0, 0xef, 0xe3, 0xff, 0xe2, 0xee, 0xe5, 0xff, 0xe3, 0xec, 0xe6, 0xff, 0xe5, 0xec, 0xe8, 0xff, 0xe6, 0xec, 0xe8, 0xff, 0xe7, 0xec, 0xe7, 0xff, 0xe8, 0xec, 0xe6, 0xff, 0xe8, 0xed, 0xe5, 0xff, 0xe8, 0xed, 0xe5, 0xff, 0xe8, 0xee, 0xe6, 0xff, 0xe7, 0xee, 0xe6, 0xff, 0xe7, 0xef, 0xe5, 0xff, 0xe7, 0xee, 0xe6, 0xff, 0xe6, 0xed, 0xe6, 0xff, 0xe7, 0xec, 0xe6, 0xff, 0xe7, 0xec, 0xe6, 0xff, 0xe7, 0xec, 0xe6, 0xff, 0xe7, 0xec, 0xe6, 0xff, 0xe7, 0xec, 0xe6, 0xff, 0xe7, 0xec, 0xe6, 0xff, 0xe7, 0xec, 0xe6, 0xff, 0xe7, 0xec, 0xe6, 0xff, 0xe7, 0xec, 0xe6, 0xff, 0xe7, 0xec, 0xe6, 0xff, 0xe7, 0xec, 0xe6, 0xff, 0xe7, 0xec, 0xe6, 0xff, 0xe7, 0xec, 0xe6, 0xff, 0xe7, 0xec, 0xe6, 0xff, 0xe7, 0xec, 0xe6, 0xff, 0xe7, 0xec, 0xe6, 0xff, 0xe6, 0xed, 0xe6, 0xff, 0xe6, 0xed, 0xe6, 0xff, 0xe6, 0xed, 0xe6, 0xff, 0xe5, 0xed, 0xe6, 0xff, 0xe5, 0xed, 0xe6, 0xff, 0xe5, 0xed, 0xe6, 0xff, 0xe5, 0xed, 0xe6, 0xff, 0xe5, 0xec, 0xe5, 0xff, 0xe5, 0xec, 0xe5, 0xff, 0xe5, 0xeb, 0xe5, 0xff, 0xe5, 0xeb, 0xe6, 0xff, 0xe4, 0xea, 0xe5, 0xff, 0xe5, 0xea, 0xe6, 0xff, 0xe7, 0xea, 0xe7, 0xff, 0xe8, 0xeb, 0xe8, 0xff, 0xe6, 0xec, 0xe5, 0xff, 0xe2, 0xee, 0xe1, 0xff, 0xda, 0xf2, 0xda, 0xff, 0xd0, 0xf5, 0xd1, 0xff, 0xc6, 0xf9, 0xc9, 0xff, 0xbf, 0xfc, 0xc2, 0xff, 0xbd, 0xff, 0xbf, 0xff, 0xbd, 0xff, 0xbe, 0xff, 0xbf, 0xff, 0xbf, 0xff, 0xc1, 0xfe, 0xc1, 0xff, 0xc2, 0xfd, 0xc2, 0xff, 0xc3, 0xfd, 0xc3, 0xff, 0xc2, 0xfd, 0xc2, 0xff, 0xc0, 0xfe, 0xc1, 0xff, 0xbe, 0xff, 0xc0, 0xff, 0xbd, 0xff, 0xc0, 0xff, 0xbf, 0xff, 0xc0, 0xff, 0xc0, 0xff, 0xc0, 0xff, 0xc0, 0xff, 0xc0, 0xff, 0xc0, 0xff, 0xc0, 0xff, 0xc0, 0xff, 0xc0, 0xff, 0xc0, 0xff, 0xc0, 0xff, 0xc0, 0xff, 0xc0, 0xff, 0xc0, 0xff, 0xc0, 0xff, 
  0xc0, 0xff, 0xc0, 0xff, 0xc0, 0xff, 0xc0, 0xff, 0xc0, 0xff, 0xc0, 0xff, 0xc0, 0xff, 0xc0, 0xff, 0xc0, 0xff, 0xc0, 0xff, 0xc0, 0xff, 0xc0, 0xff, 0xc0, 0xff, 0xc0, 0xff, 0xc0, 0xff, 0xc0, 0xff, 0xc0, 0xff, 0xc0, 0xff, 0xc0, 0xff, 0xc0, 0xff, 0xc0, 0xff, 0xc0, 0xff, 0xc0, 0xff, 0xc0, 0xff, 0xc0, 0xff, 0xc0, 0xff, 0xc0, 0xff, 0xc0, 0xff, 0xc0, 0xff, 0xc0, 0xff, 0xbf, 0xff, 0xc0, 0xff, 0xbd, 0xff, 0xbf, 0xff, 0xbc, 0xff, 0xbf, 0xff, 0xbd, 0xff, 0xbf, 0xff, 0xbe, 0xff, 0xc0, 0xff, 0xc0, 0xfe, 0xc2, 0xff, 0xc2, 0xfc, 0xc4, 0xff, 0xc5, 0xfb, 0xc7, 0xff, 0xc8, 0xf8, 0xca, 0xff, 0xd0, 0xf9, 0xd1, 0xff, 0xd6, 0xf6, 0xd6, 0xff, 0xdc, 0xf4, 0xdb, 0xff, 0xe1, 0xf2, 0xe0, 0xff, 0xe6, 0xef, 0xe4, 0xff, 0xeb, 0xee, 0xe8, 0xff, 0xed, 0xed, 0xea, 0xff, 0xed, 0xed, 0xea, 0xff, 0xe9, 0xee, 0xe9, 0xff, 0xe7, 0xef, 0xe8, 0xff, 0xe7, 0xed, 0xe8, 0xff, 0xe8, 0xed, 0xe8, 0xff, 0xea, 0xec, 0xe9, 0xff, 0xeb, 0xec, 0xe9, 0xff, 0xeb, 0xeb, 0xea, 0xff, 0xec, 0xeb, 0xea, 0xff, 0xea, 0xea, 0xe9, 0xff, 0xea, 0xeb, 0xe8, 0xff, 0xe9, 0xec, 0xe6, 0xff, 0xe7, 0xed, 0xe5, 0xff, 0xe6, 0xef, 0xe5, 0xff, 0xe5, 0xef, 0xe4, 0xff, 0xe4, 0xf0, 0xe3, 0xff, 0xe2, 0xf0, 0xe4, 0xff, 0xdf, 0xed, 0xe4, 0xff, 0xdf, 0xee, 0xe6, 0xff, 0xe0, 0xee, 0xe5, 0xff, 0xe2, 0xf0, 0xe5, 0xff, 0xe2, 0xef, 0xe3, 0xff, 0xe3, 0xef, 0xe3, 0xff, 0xe4, 0xee, 0xe3, 0xff, 0xe5, 0xee, 0xe4, 0xff, 0xe7, 0xee, 0xe6, 0xff, 0xe8, 0xed, 0xe8, 0xff, 0xe9, 0xec, 0xe9, 0xff, 0xe9, 0xec, 0xe9, 0xff, 0xe8, 0xeb, 0xe8, 0xff, 0xe8, 0xeb, 0xe8, 0xff, 0xe7, 0xec, 0xe7, 0xff, 0xe7, 0xec, 0xe7, 0xff, 0xe8, 0xec, 0xe7, 0xff, 0xe8, 0xec, 0xe7, 0xff, 0xe8, 0xec, 0xe7, 0xff, 0xe8, 0xec, 0xe7, 0xff, 0xe8, 0xec, 0xe7, 0xff, 0xe8, 0xec, 0xe7, 0xff, 0xe8, 0xec, 0xe7, 0xff, 0xe7, 0xeb, 0xe6, 0xff, 0xe8, 0xec, 0xe7, 0xff, 0xe8, 0xec, 0xe7, 0xff, 0xe9, 0xeb, 0xe8, 0xff, 0xe9, 0xeb, 0xe8, 0xff, 0xe9, 0xeb, 0xe8, 0xff, 0xe9, 0xeb, 0xe8, 0xff, 0xe9, 0xeb, 0xe8, 0xff, 0xe9, 0xeb, 0xe8, 0xff, 0xe9, 0xe9, 0xe8, 0xff, 0xe9, 0xe9, 0xe8, 0xff, 0xe8, 0xea, 0xe8, 0xff, 0xe7, 0xea, 0xe7, 0xff, 0xe6, 0xeb, 0xe6, 0xff, 0xe5, 0xec, 0xe5, 0xff, 0xe4, 0xec, 0xe5, 0xff, 0xe4, 0xec, 0xe5, 0xff, 0xe4, 0xec, 0xe5, 0xff, 0xe4, 0xec, 0xe5, 0xff, 0xe4, 0xec, 0xe5, 0xff, 0xe4, 0xec, 0xe6, 0xff, 0xe4, 0xea, 0xe6, 0xff, 0xe5, 0xe9, 0xe6, 0xff, 0xe7, 0xea, 0xe7, 0xff, 0xe9, 0xeb, 0xe9, 0xff, 0xe8, 0xe8, 0xe7, 0xff, 0xe6, 0xec, 0xe5, 0xff, 0xde, 0xf1, 0xde, 0xff, 0xd3, 0xf4, 0xd5, 0xff, 0xc7, 0xf8, 0xca, 0xff, 0xc0, 0xfc, 0xc3, 0xff, 0xbd, 0xff, 0xbf, 0xff, 0xbd, 0xff, 0xbe, 0xff, 0xbf, 0xff, 0xbf, 0xff, 0xc1, 0xff, 0xc0, 0xff, 0xc2, 0xfd, 0xc2, 0xff, 0xc3, 0xfd, 0xc3, 0xff, 0xc2, 0xfd, 0xc3, 0xff, 0xc0, 0xfe, 0xc2, 0xff, 0xbf, 0xff, 0xc1, 0xff, 0xbe, 0xff, 0xc0, 0xff, 0xbf, 0xff, 0xc0, 0xff, 0xc0, 0xff, 0xc0, 0xff, 0xc0, 0xff, 0xc0, 0xff, 0xc0, 0xff, 0xc0, 0xff, 0xc0, 0xff, 0xc0, 0xff, 0xc0, 0xff, 0xc0, 0xff, 0xc0, 0xff, 0xc0, 0xff, 0xc0, 0xff, 0xc0, 0xff, 
  0xc0, 0xff, 0xc0, 0xff, 0xc0, 0xff, 0xc0, 0xff, 0xc0, 0xff, 0xc0, 0xff, 0xc0, 0xff, 0xc0, 0xff, 0xc0, 0xff, 0xc0, 0xff, 0xc0, 0xff, 0xc0, 0xff, 0xc0, 0xff, 0xc0, 0xff, 0xc0, 0xff, 0xc0, 0xff, 0xc0, 0xff, 0xc0, 0xff, 0xc0, 0xff, 0xc0, 0xff, 0xc0, 0xff, 0xc0, 0xff, 0xc0, 0xff, 0xc0, 0xff, 0xc0, 0xff, 0xc0, 0xff, 0xc0, 0xff, 0xc0, 0xff, 0xc0, 0xff, 0xc0, 0xff, 0xbe, 0xff, 0xbf, 0xff, 0xbc, 0xff, 0xbd, 0xff, 0xbb, 0xff, 0xbd, 0xff, 0xbd, 0xff, 0xbf, 0xff, 0xc0, 0xfe, 0xc2, 0xff, 0xc4, 0xfb, 0xc6, 0xff, 0xc7, 0xf9, 0xc9, 0xff, 0xca, 0xf7, 0xcc, 0xff, 0xce, 0xf4, 0xd0, 0xff, 0xd9, 0xf8, 0xd9, 0xff, 0xdd, 0xf5, 0xdd, 0xff, 0xe1, 0xf2, 0xe0, 0xff, 0xe5, 0xf0, 0xe4, 0xff, 0xe9, 0xed, 0xe7, 0xff, 0xec, 0xeb, 0xe9, 0xff, 0xef, 0xeb, 0xec, 0xff, 0xee, 0xeb, 0xec, 0xff, 0xe9, 0xec, 0xe9, 0xff, 0xe8, 0xed, 0xe8, 0xff, 0xe7, 0xec, 0xe8, 0xff, 0xe8, 0xeb, 0xe8, 0xff, 0xea, 0xeb, 0xe9, 0xff, 0xeb, 0xea, 0xe9, 0xff, 0xeb, 0xea, 0xea, 0xff, 0xec, 0xea, 0xea, 0xff, 0xec, 0xea, 0xea, 0xff, 0xeb, 0xea, 0xe9, 0xff, 0xeb, 0xeb, 0xe8, 0xff, 0xea, 0xeb, 0xe8, 0xff, 0xe8, 0xec, 0xe7, 0xff, 0xe7, 0xec, 0xe6, 0xff, 0xe7, 0xed, 0xe5, 0xff, 0xe5, 0xed, 0xe6, 0xff, 0xe3, 0xed, 0xea, 0xff, 0xe2, 0xed, 0xea, 0xff, 0xe3, 0xee, 0xe8, 0xff, 0xe4, 0xef, 0xe6, 0xff, 0xe4, 0xf0, 0xe4, 0xff, 0xe5, 0xf0, 0xe4, 0xff, 0xe5, 0xef, 0xe3, 0xff, 0xe5, 0xee, 0xe3, 0xff, 0xe7, 0xee, 0xe6, 0xff, 0xe8, 0xed, 0xe7, 0xff, 0xe8, 0xec, 0xe9, 0xff, 0xe9, 0xec, 0xea, 0xff, 0xe8, 0xeb, 0xe9, 0xff, 0xe8, 0xeb, 0xe9, 0xff, 0xe8, 0xeb, 0xe8, 0xff, 0xe8, 0xec, 0xe8, 0xff, 0xe8, 0xec, 0xe7, 0xff, 0xe8, 0xec, 0xe7, 0xff, 0xe8, 0xec, 0xe7, 0xff, 0xe8, 0xec, 0xe7, 0xff, 0xe8, 0xec, 0xe7, 0xff, 0xe8, 0xec, 0xe7, 0xff, 0xe7, 0xeb, 0xe6, 0xff, 0xe7, 0xeb, 0xe6, 0xff, 0xe8, 0xec, 0xe7, 0xff, 0xe8, 0xec, 0xe7, 0xff, 0xe9, 0xeb, 0xe8, 0xff, 0xe9, 0xeb, 0xe8, 0xff, 0xe9, 0xeb, 0xe8, 0xff, 0xe9, 0xeb, 0xe8, 0xff, 0xe9, 0xeb, 0xe8, 0xff, 0xe9, 0xeb, 0xe8, 0xff, 0xe9, 0xe9, 0xe9, 0xff, 0xe9, 0xe9, 0xe9, 0xff, 0xe8, 0xe9, 0xe8, 0xff, 0xe7, 0xea, 0xe8, 0xff, 0xe6, 0xeb, 0xe7, 0xff, 0xe5, 0xeb, 0xe6, 0xff, 0xe4, 0xec, 0xe5, 0xff, 0xe4, 0xec, 0xe5, 0xff, 0xe3, 0xeb, 0xe4, 0xff, 0xe4, 0xec, 0xe5, 0xff, 0xe4, 0xec, 0xe5, 0xff, 0xe3, 0xea, 0xe5, 0xff, 0xe3, 0xe9, 0xe5, 0xff, 0xe4, 0xe8, 0xe5, 0xff, 0xe6, 0xea, 0xe7, 0xff, 0xe9, 0xeb, 0xe9, 0xff, 0xea, 0xe8, 0xe7, 0xff, 0xe8, 0xea, 0xe6, 0xff, 0xe0, 0xef, 0xe1, 0xff, 0xd7, 0xf3, 0xd9, 0xff, 0xcc, 0xf6, 0xcf, 0xff, 0xc5, 0xfa, 0xc8, 0xff, 0xbf, 0xfd, 0xc1, 0xff, 0xbf, 0xff, 0xbf, 0xff, 0xbf, 0xff, 0xbf, 0xff, 0xc0, 0xff, 0xbf, 0xff, 0xc1, 0xfe, 0xc1, 0xff, 0xc1, 0xfd, 0xc3, 0xff, 0xc1, 0xfe, 0xc3, 0xff, 0xc0, 0xfe, 0xc2, 0xff, 0xbf, 0xff, 0xc0, 0xff, 0xbf, 0xff, 0xbf, 0xff, 0xbf, 0xff, 0xc0, 0xff, 0xc0, 0xff, 0xc0, 0xff, 0xc0, 0xff, 0xc0, 0xff, 0xc0, 0xff, 0xc0, 0xff, 0xc0, 0xff, 0xc0, 0xff, 0xc0, 0xff, 0xc0, 0xff, 0xc0, 0xff, 0xc0, 0xff, 0xc0, 0xff, 0xc0, 0xff, 
  0xc0, 0xff, 0xc0, 0xff, 0xc0, 0xff, 0xc0, 0xff, 0xc0, 0xff, 0xc0, 0xff, 0xc0, 0xff, 0xc0, 0xff, 0xc0, 0xff, 0xc0, 0xff, 0xc0, 0xff, 0xc0, 0xff, 0xc0, 0xff, 0xc0, 0xff, 0xc0, 0xff, 0xc0, 0xff, 0xc0, 0xff, 0xc0, 0xff, 0xc0, 0xff, 0xc0, 0xff, 0xc0, 0xff, 0xc0, 0xff, 0xc0, 0xff, 0xc0, 0xff, 0xc0, 0xff, 0xc0, 0xff, 0xc0, 0xff, 0xc0, 0xff, 0xc0, 0xff, 0xc0, 0xff, 0xbe, 0xff, 0xbf, 0xff, 0xbb, 0xff, 0xba, 0xff, 0xbd, 0xff, 0xbc, 0xff, 0xc2, 0xff, 0xc2, 0xff, 0xc5, 0xfb, 0xc6, 0xff, 0xcb, 0xf6, 0xcd, 0xff, 0xd1, 0xf4, 0xd3, 0xff, 0xd7, 0xf3, 0xda, 0xff, 0xdd, 0xf2, 0xdf, 0xff, 0xe1, 0xf2, 0xe1, 0xff, 0xe3, 0xf1, 0xe2, 0xff, 0xe4, 0xf0, 0xe4, 0xff, 0xe6, 0xef, 0xe5, 0xff, 0xe8, 0xee, 0xe6, 0xff, 0xe9, 0xed, 0xe7, 0xff, 0xea, 0xec, 0xe9, 0xff, 0xe9, 0xec, 0xe9, 0xff, 0xe7, 0xec, 0xe7, 0xff, 0xe6, 0xed, 0xe6, 0xff, 0xe7, 0xec, 0xe6, 0xff, 0xe7, 0xec, 0xe6, 0xff, 0xe7, 0xec, 0xe7, 0xff, 0xe8, 0xec, 0xe7, 0xff, 0xe8, 0xec, 0xe7, 0xff, 0xe8, 0xec, 0xe7, 0xff, 0xe8, 0xec, 0xe7, 0xff, 0xe8, 0xec, 0xe7, 0xff, 0xe8, 0xec, 0xe7, 0xff, 0xe7, 0xec, 0xe6, 0xff, 0xe8, 0xed, 0xe7, 0xff, 0xe8, 0xee, 0xe7, 0xff, 0xe7, 0xee, 0xe7, 0xff, 0xe7, 0xee, 0xe7, 0xff, 0xe5, 0xed, 0xe7, 0xff, 0xe5, 0xed, 0xe7, 0xff, 0xe5, 0xed, 0xe6, 0xff, 0xe5, 0xed, 0xe5, 0xff, 0xe5, 0xed, 0xe5, 0xff, 0xe6, 0xed, 0xe5, 0xff, 0xe6, 0xed, 0xe5, 0xff, 0xe6, 0xed, 0xe5, 0xff, 0xe6, 0xed, 0xe5, 0xff, 0xe6, 0xed, 0xe6, 0xff, 0xe7, 0xec, 0xe6, 0xff, 0xe7, 0xec, 0xe7, 0xff, 0xe7, 0xec, 0xe7, 0xff, 0xe7, 0xec, 0xe7, 0xff, 0xe7, 0xec, 0xe6, 0xff, 0xe7, 0xec, 0xe6, 0xff, 0xe6, 0xeb, 0xe5, 0xff, 0xe6, 0xeb, 0xe5, 0xff, 0xe6, 0xeb, 0xe5, 0xff, 0xe6, 0xeb, 0xe5, 0xff, 0xe6, 0xeb, 0xe5, 0xff, 0xe6, 0xeb, 0xe5, 0xff, 0xe6, 0xeb, 0xe5, 0xff, 0xe6, 0xeb, 0xe5, 0xff, 0xe6, 0xeb, 0xe5, 0xff, 0xe6, 0xeb, 0xe5, 0xff, 0xe6, 0xeb, 0xe5, 0xff, 0xe6, 0xeb, 0xe5, 0xff, 0xe6, 0xeb, 0xe5, 0xff, 0xe6, 0xeb, 0xe5, 0xff, 0xe6, 0xeb, 0xe5, 0xff, 0xe6, 0xeb, 0xe6, 0xff, 0xe7, 0xea, 0xe7, 0xff, 0xe7, 0xea, 0xe7, 0xff, 0xe6, 0xea, 0xe7, 0xff, 0xe6, 0xeb, 0xe7, 0xff, 0xe6, 0xeb, 0xe6, 0xff, 0xe5, 0xeb, 0xe6, 0xff, 0xe5, 0xeb, 0xe6, 0xff, 0xe5, 0xeb, 0xe6, 0xff, 0xe5, 0xeb, 0xe6, 0xff, 0xe5, 0xeb, 0xe6, 0xff, 0xe5, 0xeb, 0xe6, 0xff, 0xe5, 0xeb, 0xe6, 0xff, 0xe5, 0xeb, 0xe6, 0xff, 0xe5, 0xeb, 0xe6, 0xff, 0xe6, 0xeb, 0xe6, 0xff, 0xe7, 0xeb, 0xe6, 0xff, 0xeb, 0xeb, 0xe7, 0xff, 0xe8, 0xeb, 0xe5, 0xff, 0xe3, 0xed, 0xe3, 0xff, 0xdc, 0xef, 0xdf, 0xff, 0xd3, 0xf3, 0xd8, 0xff, 0xcc, 0xf6, 0xd0, 0xff, 0xc5, 0xf9, 0xc6, 0xff, 0xc0, 0xfc, 0xbf, 0xff, 0xbf, 0xff, 0xbf, 0xff, 0xbe, 0xff, 0xbe, 0xff, 0xbe, 0xff, 0xc0, 0xff, 0xbe, 0xff, 0xc1, 0xff, 0xbf, 0xff, 0xc1, 0xff, 0xbf, 0xff, 0xc0, 0xff, 0xbf, 0xff, 0xbe, 0xff, 0xbf, 0xff, 0xbd, 0xff, 0xc0, 0xff, 0xbf, 0xff, 0xc0, 0xff, 0xc0, 0xff, 0xc0, 0xff, 0xc0, 0xff, 0xc0, 0xff, 0xc0, 0xff, 0xc0, 0xff, 0xc0, 0xff, 0xc0, 0xff, 0xc0, 0xff, 0xc0, 0xff, 0xc0, 0xff, 0xc0, 0xff, 0xc0, 0xff, 
  0xc0, 0xff, 0xc0, 0xff, 0xc0, 0xff, 0xc0, 0xff, 0xc0, 0xff, 0xc0, 0xff, 0xc0, 0xff, 0xc0, 0xff, 0xc0, 0xff, 0xc0, 0xff, 0xc0, 0xff, 0xc0, 0xff, 0xc0, 0xff, 0xc0, 0xff, 0xc0, 0xff, 0xc0, 0xff, 0xc0, 0xff, 0xc0, 0xff, 0xc0, 0xff, 0xc0, 0xff, 0xc0, 0xff, 0xc0, 0xff, 0xc0, 0xff, 0xc0, 0xff, 0xc0, 0xff, 0xc0, 0xff, 0xc0, 0xff, 0xc0, 0xff, 0xc0, 0xff, 0xc0, 0xff, 0xbf, 0xff, 0xbf, 0xff, 0xbb, 0xff, 0xba, 0xff, 0xbe, 0xff, 0xbc, 0xff, 0xc3, 0xfd, 0xc2, 0xff, 0xc9, 0xf8, 0xc9, 0xff, 0xd0, 0xf4, 0xd2, 0xff, 0xd7, 0xf1, 0xd9, 0xff, 0xde, 0xf0, 0xe0, 0xff, 0xe2, 0xef, 0xe4, 0xff, 0xe5, 0xef, 0xe5, 0xff, 0xe6, 0xef, 0xe6, 0xff, 0xe6, 0xef, 0xe5, 0xff, 0xe6, 0xef, 0xe5, 0xff, 0xe7, 0xef, 0xe5, 0xff, 0xe7, 0xee, 0xe6, 0xff, 0xe7, 0xed, 0xe7, 0xff, 0xe7, 0xed, 0xe8, 0xff, 0xe6, 0xed, 0xe6, 0xff, 0xe6, 0xed, 0xe6, 0xff, 0xe6, 0xed, 0xe6, 0xff, 0xe6, 0xed, 0xe6, 0xff, 0xe6, 0xed, 0xe6, 0xff, 0xe6, 0xed, 0xe6, 0xff, 0xe6, 0xed, 0xe6, 0xff, 0xe6, 0xed, 0xe6, 0xff, 0xe6, 0xed, 0xe6, 0xff, 0xe6, 0xed, 0xe6, 0xff, 0xe6, 0xed, 0xe6, 0xff, 0xe6, 0xed, 0xe6, 0xff, 0xe6, 0xed, 0xe6, 0xff, 0xe7, 0xee, 0xe7, 0xff, 0xe7, 0xee, 0xe7, 0xff, 0xe7, 0xee, 0xe7, 0xff, 0xe6, 0xed, 0xe6, 0xff, 0xe6, 0xed, 0xe6, 0xff, 0xe6, 0xed, 0xe6, 0xff, 0xe6, 0xed, 0xe6, 0xff, 0xe6, 0xed, 0xe6, 0xff, 0xe6, 0xed, 0xe6, 0xff, 0xe6, 0xed, 0xe6, 0xff, 0xe6, 0xed, 0xe6, 0xff, 0xe6, 0xed, 0xe6, 0xff, 0xe6, 0xed, 0xe6, 0xff, 0xe6, 0xed, 0xe6, 0xff, 0xe6, 0xed, 0xe6, 0xff, 0xe6, 0xed, 0xe6, 0xff, 0xe6, 0xed, 0xe6, 0xff, 0xe6, 0xed, 0xe6, 0xff, 0xe6, 0xed, 0xe6, 0xff, 0xe5, 0xec, 0xe5, 0xff, 0xe5, 0xec, 0xe5, 0xff, 0xe5, 0xec, 0xe5, 0xff, 0xe5, 0xec, 0xe5, 0xff, 0xe5, 0xec, 0xe5, 0xff, 0xe5, 0xec, 0xe5, 0xff, 0xe5, 0xec, 0xe5, 0xff, 0xe5, 0xec, 0xe5, 0xff, 0xe5, 0xec, 0xe5, 0xff, 0xe5, 0xec, 0xe5, 0xff, 0xe5, 0xec, 0xe5, 0xff, 0xe5, 0xec, 0xe5, 0xff, 0xe5, 0xec, 0xe5, 0xff, 0xe5, 0xec, 0xe5, 0xff, 0xe5, 0xec, 0xe5, 0xff, 0xe5, 0xec, 0xe5, 0xff, 0xe5, 0xeb, 0xe6, 0xff, 0xe5, 0xeb, 0xe6, 0xff, 0xe5, 0xeb, 0xe6, 0xff, 0xe5, 0xeb, 0xe6, 0xff, 0xe4, 0xea, 0xe5, 0xff, 0xe4, 0xea, 0xe5, 0xff, 0xe4, 0xea, 0xe5, 0xff, 0xe4, 0xea, 0xe5, 0xff, 0xe4, 0xea, 0xe5, 0xff, 0xe4, 0xea, 0xe5, 0xff, 0xe4, 0xea, 0xe5, 0xff, 0xe4, 0xea, 0xe5, 0xff, 0xe4, 0xea, 0xe5, 0xff, 0xe4, 0xea, 0xe5, 0xff, 0xe4, 0xea, 0xe5, 0xff, 0xe6, 0xea, 0xe5, 0xff, 0xe9, 0xeb, 0xe5, 0xff, 0xe9, 0xeb, 0xe5, 0xff, 0xe4, 0xec, 0xe5, 0xff, 0xde, 0xed, 0xe2, 0xff, 0xd7, 0xf0, 0xdc, 0xff, 0xd0, 0xf3, 0xd4, 0xff, 0xc9, 0xf8, 0xca, 0xff, 0xc3, 0xfc, 0xc2, 0xff, 0xc0, 0xff, 0xbf, 0xff, 0xbe, 0xff, 0xbe, 0xff, 0xbd, 0xff, 0xc0, 0xff, 0xbd, 0xff, 0xc1, 0xff, 0xbe, 0xff, 0xc1, 0xff, 0xbf, 0xff, 0xbf, 0xff, 0xc0, 0xff, 0xbd, 0xff, 0xc0, 0xff, 0xbd, 0xff, 0xc0, 0xff, 0xbf, 0xff, 0xc0, 0xff, 0xc0, 0xff, 0xc0, 0xff, 0xc0, 0xff, 0xc0, 0xff, 0xc0, 0xff, 0xc0, 0xff, 0xc0, 0xff, 0xc0, 0xff, 0xc0, 0xff, 0xc0, 0xff, 0xc0, 0xff, 0xc0, 0xff, 0xc0, 0xff, 
  0xc0, 0xff, 0xc0, 0xff, 0xc0, 0xff, 0xc0, 0xff, 0xc0, 0xff, 0xc0, 0xff, 0xc0, 0xff, 0xc0, 0xff, 0xc0, 0xff, 0xc0, 0xff, 0xc0, 0xff, 0xc0, 0xff, 0xc0, 0xff, 0xc0, 0xff, 0xc0, 0xff, 0xc0, 0xff, 0xc0, 0xff, 0xc0, 0xff, 0xc0, 0xff, 0xc0, 0xff, 0xc0, 0xff, 0xc0, 0xff, 0xc0, 0xff, 0xc0, 0xff, 0xc0, 0xff, 0xc0, 0xff, 0xc0, 0xff, 0xc0, 0xff, 0xc0, 0xff, 0xc0, 0xff, 0xbf, 0xff, 0xbf, 0xff, 0xbe, 0xff, 0xbd, 0xff, 0xc0, 0xff, 0xbe, 0xff, 0xc5, 0xfc, 0xc4, 0xff, 0xcc, 0xf8, 0xcc, 0xff, 0xd4, 0xf5, 0xd5, 0xff, 0xda, 0xf2, 0xdc, 0xff, 0xe0, 0xf0, 0xe2, 0xff, 0xe3, 0xee, 0xe4, 0xff, 0xe5, 0xed, 0xe5, 0xff, 0xe6, 0xed, 0xe5, 0xff, 0xe5, 0xee, 0xe5, 0xff, 0xe5, 0xee, 0xe4, 0xff, 0xe6, 0xee, 0xe4, 0xff, 0xe6, 0xed, 0xe5, 0xff, 0xe6, 0xec, 0xe6, 0xff, 0xe6, 0xec, 0xe7, 0xff, 0xe7, 0xee, 0xe7, 0xff, 0xe7, 0xee, 0xe7, 0xff, 0xe7, 0xee, 0xe7, 0xff, 0xe7, 0xee, 0xe7, 0xff, 0xe7, 0xee, 0xe7, 0xff, 0xe7, 0xee, 0xe7, 0xff, 0xe7, 0xee, 0xe7, 0xff, 0xe7, 0xee, 0xe7, 0xff, 0xe6, 0xed, 0xe6, 0xff, 0xe6, 0xed, 0xe6, 0xff, 0xe6, 0xed, 0xe6, 0xff, 0xe6, 0xed, 0xe6, 0xff, 0xe6, 0xed, 0xe6, 0xff, 0xe6, 0xed, 0xe6, 0xff, 0xe7, 0xee, 0xe7, 0xff, 0xe7, 0xee, 0xe7, 0xff, 0xe6, 0xed, 0xe6, 0xff, 0xe6, 0xed, 0xe6, 0xff, 0xe6, 0xed, 0xe6, 0xff, 0xe6, 0xed, 0xe6, 0xff, 0xe6, 0xed, 0xe6, 0xff, 0xe6, 0xed, 0xe6, 0xff, 0xe6, 0xed, 0xe6, 0xff, 0xe6, 0xed, 0xe6, 0xff, 0xe6, 0xed, 0xe6, 0xff, 0xe6, 0xed, 0xe6, 0xff, 0xe6, 0xed, 0xe6, 0xff, 0xe6, 0xed, 0xe6, 0xff, 0xe6, 0xed, 0xe6, 0xff, 0xe6, 0xed, 0xe6, 0xff, 0xe6, 0xed, 0xe6, 0xff, 0xe6, 0xed, 0xe6, 0xff, 0xe5, 0xec, 0xe5, 0xff, 0xe5, 0xec, 0xe5, 0xff, 0xe5, 0xec, 0xe5, 0xff, 0xe5, 0xec, 0xe5, 0xff, 0xe5, 0xec, 0xe5, 0xff, 0xe5, 0xec, 0xe5, 0xff, 0xe5, 0xec, 0xe5, 0xff, 0xe5, 0xec, 0xe5, 0xff, 0xe5, 0xec, 0xe5, 0xff, 0xe5, 0xec, 0xe5, 0xff, 0xe5, 0xec, 0xe5, 0xff, 0xe5, 0xec, 0xe5, 0xff, 0xe5, 0xec, 0xe5, 0xff, 0xe5, 0xec, 0xe5, 0xff, 0xe5, 0xec, 0xe5, 0xff, 0xe5, 0xec, 0xe5, 0xff, 0xe4, 0xea, 0xe5, 0xff, 0xe4, 0xea, 0xe5, 0xff, 0xe4, 0xea, 0xe5, 0xff, 0xe4, 0xea, 0xe5, 0xff, 0xe4, 0xea, 0xe5, 0xff, 0xe4, 0xea, 0xe5, 0xff, 0xe4, 0xea, 0xe5, 0xff, 0xe4, 0xea, 0xe5, 0xff, 0xe4, 0xea, 0xe5, 0xff, 0xe4, 0xea, 0xe5, 0xff, 0xe4, 0xea, 0xe5, 0xff, 0xe4, 0xea, 0xe5, 0xff, 0xe4, 0xea, 0xe5, 0xff, 0xe4, 0xea, 0xe5, 0xff, 0xe4, 0xea, 0xe5, 0xff, 0xe6, 0xea, 0xe5, 0xff, 0xe8, 0xea, 0xe4, 0xff, 0xe8, 0xea, 0xe4, 0xff, 0xe4, 0xea, 0xe4, 0xff, 0xdf, 0xec, 0xe2, 0xff, 0xd9, 0xef, 0xdc, 0xff, 0xd2, 0xf3, 0xd4, 0xff, 0xcb, 0xf8, 0xca, 0xff, 0xc6, 0xfc, 0xc4, 0xff, 0xc1, 0xff, 0xbf, 0xff, 0xbf, 0xff, 0xbe, 0xff, 0xbd, 0xff, 0xc0, 0xff, 0xbd, 0xff, 0xc1, 0xff, 0xbe, 0xff, 0xc1, 0xff, 0xbf, 0xff, 0xc0, 0xff, 0xc0, 0xff, 0xbd, 0xff, 0xc1, 0xff, 0xbd, 0xff, 0xc0, 0xff, 0xbf, 0xff, 0xc0, 0xff, 0xc0, 0xff, 0xc0, 0xff, 0xc0, 0xff, 0xc0, 0xff, 0xc0, 0xff, 0xc0, 0xff, 0xc0, 0xff, 0xc0, 0xff, 0xc0, 0xff, 0xc0, 0xff, 0xc0, 0xff, 0xc0, 0xff, 0xc0, 0xff, 
  0xc0, 0xff, 0xc0, 0xff, 0xc0, 0xff, 0xc0, 0xff, 0xc0, 0xff, 0xc0, 0xff, 0xc0, 0xff, 0xc0, 0xff, 0xc0, 0xff, 0xc0, 0xff, 0xc0, 0xff, 0xc0, 0xff, 0xc0, 0xff, 0xc0, 0xff, 0xc0, 0xff, 0xc0, 0xff, 0xc0, 0xff, 0xc0, 0xff, 0xc0, 0xff, 0xc0, 0xff, 0xc0, 0xff, 0xc0, 0xff, 0xc0, 0xff, 0xc0, 0xff, 0xc0, 0xff, 0xc0, 0xff, 0xc0, 0xff, 0xc0, 0xff, 0xc0, 0xff, 0xc0, 0xff, 0xc0, 0xff, 0xc0, 0xff, 0xc0, 0xff, 0xbf, 0xff, 0xc2, 0xfe, 0xc1, 0xff, 0xc7, 0xfa, 0xc6, 0xff, 0xcf, 0xf8, 0xcf, 0xff, 0xd8, 0xf6, 0xd9, 0xff, 0xde, 0xf3, 0xe0, 0xff, 0xe2, 0xf0, 0xe4, 0xff, 0xe5, 0xef, 0xe6, 0xff, 0xe6, 0xed, 0xe5, 0xff, 0xe6, 0xed, 0xe5, 0xff, 0xe5, 0xed, 0xe5, 0xff, 0xe5, 0xee, 0xe4, 0xff, 0xe6, 0xee, 0xe4, 0xff, 0xe6, 0xed, 0xe5, 0xff, 0xe6, 0xec, 0xe6, 0xff, 0xe6, 0xec, 0xe7, 0xff, 0xe7, 0xee, 0xe7, 0xff, 0xe7, 0xee, 0xe7, 0xff, 0xe7, 0xee, 0xe7, 0xff, 0xe7, 0xee, 0xe7, 0xff, 0xe7, 0xee, 0xe7, 0xff, 0xe7, 0xee, 0xe7, 0xff, 0xe7, 0xee, 0xe7, 0xff, 0xe7, 0xee, 0xe7, 0xff, 0xe6, 0xed, 0xe6, 0xff, 0xe6, 0xed, 0xe6, 0xff, 0xe6, 0xed, 0xe6, 0xff, 0xe6, 0xed, 0xe6, 0xff, 0xe6, 0xed, 0xe6, 0xff, 0xe6, 0xed, 0xe6, 0xff, 0xe6, 0xed, 0xe6, 0xff, 0xe6, 0xed, 0xe6, 0xff, 0xe6, 0xed, 0xe6, 0xff, 0xe6, 0xed, 0xe6, 0xff, 0xe6, 0xed, 0xe6, 0xff, 0xe6, 0xed, 0xe6, 0xff, 0xe6, 0xed, 0xe6, 0xff, 0xe6, 0xed, 0xe6, 0xff, 0xe6, 0xed, 0xe6, 0xff, 0xe6, 0xed, 0xe6, 0xff, 0xe6, 0xed, 0xe6, 0xff, 0xe6, 0xed, 0xe6, 0xff, 0xe6, 0xed, 0xe6, 0xff, 0xe6, 0xed, 0xe6, 0xff, 0xe6, 0xed, 0xe6, 0xff, 0xe6, 0xed, 0xe6, 0xff, 0xe6, 0xed, 0xe6, 0xff, 0xe6, 0xed, 0xe6, 0xff, 0xe5, 0xec, 0xe5, 0xff, 0xe5, 0xec, 0xe5, 0xff, 0xe5, 0xec, 0xe5, 0xff, 0xe5, 0xec, 0xe5, 0xff, 0xe5, 0xec, 0xe5, 0xff, 0xe5, 0xec, 0xe5, 0xff, 0xe5, 0xec, 0xe5, 0xff, 0xe5, 0xec, 0xe5, 0xff, 0xe5, 0xec, 0xe5, 0xff, 0xe5, 0xec, 0xe5, 0xff, 0xe5, 0xec, 0xe5, 0xff, 0xe5, 0xec, 0xe5, 0xff, 0xe5, 0xec, 0xe5, 0xff, 0xe5, 0xec, 0xe5, 0xff, 0xe4, 0xeb, 0xe4, 0xff, 0xe4, 0xeb, 0xe4, 0xff, 0xe4, 0xea, 0xe5, 0xff, 0xe4, 0xea, 0xe5, 0xff, 0xe4, 0xea, 0xe5, 0xff, 0xe4, 0xea, 0xe5, 0xff, 0xe4, 0xea, 0xe5, 0xff, 0xe4, 0xea, 0xe5, 0xff, 0xe4, 0xea, 0xe5, 0xff, 0xe4, 0xea, 0xe5, 0xff, 0xe4, 0xea, 0xe5, 0xff, 0xe4, 0xea, 0xe5, 0xff, 0xe4, 0xea, 0xe5, 0xff, 0xe4, 0xea, 0xe5, 0xff, 0xe4, 0xea, 0xe5, 0xff, 0xe4, 0xea, 0xe5, 0xff, 0xe4, 0xea, 0xe5, 0xff, 0xe6, 0xea, 0xe5, 0xff, 0xe7, 0xe9, 0xe3, 0xff, 0xe8, 0xea, 0xe4, 0xff, 0xe5, 0xea, 0xe5, 0xff, 0xe0, 0xec, 0xe3, 0xff, 0xdb, 0xef, 0xdf, 0xff, 0xd5, 0xf3, 0xd7, 0xff, 0xce, 0xf8, 0xcd, 0xff, 0xc8, 0xfc, 0xc6, 0xff, 0xc2, 0xfe, 0xc1, 0xff, 0xbf, 0xff, 0xbf, 0xff, 0xbe, 0xff, 0xc1, 0xff, 0xbd, 0xff, 0xc2, 0xff, 0xbe, 0xfe, 0xc2, 0xff, 0xbf, 0xff, 0xc1, 0xff, 0xc1, 0xff, 0xbe, 0xff, 0xc1, 0xff, 0xbe, 0xff, 0xc0, 0xff, 0xbf, 0xff, 0xc0, 0xff, 0xc0, 0xff, 0xc0, 0xff, 0xc0, 0xff, 0xc0, 0xff, 0xc0, 0xff, 0xc0, 0xff, 0xc0, 0xff, 0xc0, 0xff, 0xc0, 0xff, 0xc0, 0xff, 0xc0, 0xff, 0xc0, 0xff, 0xc0, 0xff, 
  0xc0, 0xff, 0xc0, 0xff, 0xc0, 0xff, 0xc0, 0xff, 0xc0, 0xff, 0xc0, 0xff, 0xc0, 0xff, 0xc0, 0xff, 0xc0, 0xff, 0xc0, 0xff, 0xc0, 0xff, 0xc0, 0xff, 0xc0, 0xff, 0xc0, 0xff, 0xc0, 0xff, 0xc0, 0xff, 0xc0, 0xff, 0xc0, 0xff, 0xc0, 0xff, 0xc0, 0xff, 0xc0, 0xff, 0xc0, 0xff, 0xc0, 0xff, 0xc0, 0xff, 0xc0, 0xff, 0xc0, 0xff, 0xc0, 0xff, 0xc0, 0xff, 0xc0, 0xff, 0xc0, 0xff, 0xc1, 0xfe, 0xc1, 0xff, 0xc2, 0xfe, 0xc1, 0xff, 0xc6, 0xfc, 0xc4, 0xff, 0xcb, 0xf9, 0xca, 0xff, 0xd2, 0xf7, 0xd2, 0xff, 0xdb, 0xf5, 0xdd, 0xff, 0xe0, 0xf3, 0xe3, 0xff, 0xe4, 0xf1, 0xe6, 0xff, 0xe6, 0xee, 0xe6, 0xff, 0xe6, 0xed, 0xe6, 0xff, 0xe6, 0xed, 0xe5, 0xff, 0xe6, 0xed, 0xe5, 0xff, 0xe6, 0xee, 0xe4, 0xff, 0xe6, 0xed, 0xe4, 0xff, 0xe6, 0xed, 0xe5, 0xff, 0xe6, 0xec, 0xe6, 0xff, 0xe6, 0xec, 0xe7, 0xff, 0xe7, 0xee, 0xe7, 0xff, 0xe7, 0xee, 0xe7, 0xff, 0xe7, 0xee, 0xe7, 0xff, 0xe7, 0xee, 0xe7, 0xff, 0xe7, 0xee, 0xe7, 0xff, 0xe7, 0xee, 0xe7, 0xff, 0xe7, 0xee, 0xe7, 0xff, 0xe7, 0xee, 0xe7, 0xff, 0xe6, 0xed, 0xe6, 0xff, 0xe6, 0xed, 0xe6, 0xff, 0xe6, 0xed, 0xe6, 0xff, 0xe6, 0xed, 0xe6, 0xff, 0xe6, 0xed, 0xe6, 0xff, 0xe6, 0xed, 0xe6, 0xff, 0xe6, 0xed, 0xe6, 0xff, 0xe6, 0xed, 0xe6, 0xff, 0xe6, 0xed, 0xe6, 0xff, 0xe6, 0xed, 0xe6, 0xff, 0xe6, 0xed, 0xe6, 0xff, 0xe6, 0xed, 0xe6, 0xff, 0xe6, 0xed, 0xe6, 0xff, 0xe6, 0xed, 0xe6, 0xff, 0xe6, 0xed, 0xe6, 0xff, 0xe6, 0xed, 0xe6, 0xff, 0xe6, 0xed, 0xe6, 0xff, 0xe6, 0xed, 0xe6, 0xff, 0xe6, 0xed, 0xe6, 0xff, 0xe6, 0xed, 0xe6, 0xff, 0xe6, 0xed, 0xe6, 0xff, 0xe6, 0xed, 0xe6, 0xff, 0xe6, 0xed, 0xe6, 0xff, 0xe6, 0xed, 0xe6, 0xff, 0xe5, 0xec, 0xe5, 0xff, 0xe5, 0xec, 0xe5, 0xff, 0xe5, 0xec, 0xe5, 0xff, 0xe5, 0xec, 0xe5, 0xff, 0xe5, 0xec, 0xe5, 0xff, 0xe5, 0xec, 0xe5, 0xff, 0xe5, 0xec, 0xe5, 0xff, 0xe5, 0xec, 0xe5, 0xff, 0xe5, 0xec, 0xe5, 0xff, 0xe5, 0xec, 0xe5, 0xff, 0xe5, 0xec, 0xe5, 0xff, 0xe5, 0xec, 0xe5, 0xff, 0xe4, 0xeb, 0xe4, 0xff, 0xe4, 0xeb, 0xe4, 0xff, 0xe4, 0xeb, 0xe4, 0xff, 0xe4, 0xeb, 0xe4, 0xff, 0xe5, 0xeb, 0xe6, 0xff, 0xe5, 0xeb, 0xe6, 0xff, 0xe5, 0xeb, 0xe6, 0xff, 0xe5, 0xeb, 0xe6, 0xff, 0xe4, 0xea, 0xe5, 0xff, 0xe4, 0xea, 0xe5, 0xff, 0xe4, 0xea, 0xe5, 0xff, 0xe4, 0xea, 0xe5, 0xff, 0xe4, 0xea, 0xe5, 0xff, 0xe4, 0xea, 0xe5, 0xff, 0xe4, 0xea, 0xe5, 0xff, 0xe4, 0xea, 0xe5, 0xff, 0xe4, 0xea, 0xe5, 0xff, 0xe4, 0xea, 0xe5, 0xff, 0xe4, 0xea, 0xe5, 0xff, 0xe6, 0xea, 0xe5, 0xff, 0xe7, 0xe9, 0xe3, 0xff, 0xe7, 0xe9, 0xe4, 0xff, 0xe5, 0xe9, 0xe6, 0xff, 0xe2, 0xeb, 0xe5, 0xff, 0xdd, 0xee, 0xe1, 0xff, 0xd7, 0xf1, 0xd9, 0xff, 0xcf, 0xf6, 0xcf, 0xff, 0xca, 0xfb, 0xc8, 0xff, 0xc4, 0xfd, 0xc2, 0xff, 0xc0, 0xff, 0xc0, 0xff, 0xbe, 0xff, 0xc1, 0xff, 0xbe, 0xfe, 0xc2, 0xff, 0xbf, 0xfe, 0xc2, 0xff, 0xc0, 0xff, 0xc1, 0xff, 0xc1, 0xff, 0xbf, 0xff, 0xc1, 0xff, 0xbe, 0xff, 0xc0, 0xff, 0xc0, 0xff, 0xc0, 0xff, 0xc0, 0xff, 0xc0, 0xff, 0xc0, 0xff, 0xc0, 0xff, 0xc0, 0xff, 0xc0, 0xff, 0xc0, 0xff, 0xc0, 0xff, 0xc0, 0xff, 0xc0, 0xff, 0xc0, 0xff, 0xc0, 0xff, 0xc0, 0xff, 
  0xc0, 0xff, 0xc0, 0xff, 0xc0, 0xff, 0xc0, 0xff, 0xc0, 0xff, 0xc0, 0xff, 0xc0, 0xff, 0xc0, 0xff, 0xc0, 0xff, 0xc0, 0xff, 0xc0, 0xff, 0xc0, 0xff, 0xc0, 0xff, 0xc0, 0xff, 0xc0, 0xff, 0xc0, 0xff, 0xc0, 0xff, 0xc0, 0xff, 0xc0, 0xff, 0xc0, 0xff, 0xc0, 0xff, 0xc0, 0xff, 0xc0, 0xff, 0xc0, 0xff, 0xc0, 0xff, 0xc0, 0xff, 0xc0, 0xff, 0xc0, 0xff, 0xc0, 0xff, 0xc0, 0xff, 0xc1, 0xfe, 0xc2, 0xff, 0xc4, 0xfb, 0xc3, 0xff, 0xc9, 0xf9, 0xc7, 0xff, 0xcf, 0xf8, 0xce, 0xff, 0xd6, 0xf6, 0xd6, 0xff, 0xdd, 0xf4, 0xdf, 0xff, 0xe2, 0xf2, 0xe4, 0xff, 0xe6, 0xf0, 0xe7, 0xff, 0xe7, 0xee, 0xe7, 0xff, 0xe6, 0xed, 0xe6, 0xff, 0xe7, 0xed, 0xe6, 0xff, 0xe6, 0xed, 0xe5, 0xff, 0xe6, 0xed, 0xe4, 0xff, 0xe6, 0xee, 0xe4, 0xff, 0xe6, 0xed, 0xe5, 0xff, 0xe6, 0xec, 0xe6, 0xff, 0xe6, 0xec, 0xe7, 0xff, 0xe7, 0xee, 0xe7, 0xff, 0xe7, 0xee, 0xe7, 0xff, 0xe7, 0xee, 0xe7, 0xff, 0xe7, 0xee, 0xe7, 0xff, 0xe7, 0xee, 0xe7, 0xff, 0xe7, 0xee, 0xe7, 0xff, 0xe7, 0xee, 0xe7, 0xff, 0xe7, 0xee, 0xe7, 0xff, 0xe6, 0xed, 0xe6, 0xff, 0xe6, 0xed, 0xe6, 0xff, 0xe6, 0xed, 0xe6, 0xff, 0xe6, 0xed, 0xe6, 0xff, 0xe6, 0xed, 0xe6, 0xff, 0xe6, 0xed, 0xe6, 0xff, 0xe6, 0xed, 0xe6, 0xff, 0xe6, 0xed, 0xe6, 0xff, 0xe6, 0xed, 0xe6, 0xff, 0xe6, 0xed, 0xe6, 0xff, 0xe6, 0xed, 0xe6, 0xff, 0xe6, 0xed, 0xe6, 0xff, 0xe6, 0xed, 0xe6, 0xff, 0xe6, 0xed, 0xe6, 0xff, 0xe6, 0xed, 0xe6, 0xff, 0xe6, 0xed, 0xe6, 0xff, 0xe5, 0xec, 0xe5, 0xff, 0xe5, 0xec, 0xe5, 0xff, 0xe5, 0xec, 0xe5, 0xff, 0xe5, 0xec, 0xe5, 0xff, 0xe5, 0xec, 0xe5, 0xff, 0xe5, 0xec, 0xe5, 0xff, 0xe5, 0xec, 0xe5, 0xff, 0xe5, 0xec, 0xe5, 0xff, 0xe5, 0xec, 0xe5, 0xff, 0xe5, 0xec, 0xe5, 0xff, 0xe5, 0xec, 0xe5, 0xff, 0xe5, 0xec, 0xe5, 0xff, 0xe5, 0xec, 0xe5, 0xff, 0xe5, 0xec, 0xe5, 0xff, 0xe5, 0xec, 0xe5, 0xff, 0xe5, 0xec, 0xe5, 0xff, 0xe5, 0xec, 0xe5, 0xff, 0xe5, 0xec, 0xe5, 0xff, 0xe5, 0xec, 0xe5, 0xff, 0xe5, 0xec, 0xe5, 0xff, 0xe4, 0xeb, 0xe4, 0xff, 0xe4, 0xeb, 0xe4, 0xff, 0xe4, 0xeb, 0xe4, 0xff, 0xe4, 0xea, 0xe4, 0xff, 0xe5, 0xeb, 0xe6, 0xff, 0xe5, 0xeb, 0xe6, 0xff, 0xe5, 0xeb, 0xe6, 0xff, 0xe5, 0xeb, 0xe6, 0xff, 0xe4, 0xea, 0xe5, 0xff, 0xe4, 0xea, 0xe5, 0xff, 0xe4, 0xea, 0xe5, 0xff, 0xe4, 0xea, 0xe5, 0xff, 0xe4, 0xea, 0xe5, 0xff, 0xe4, 0xea, 0xe5, 0xff, 0xe4, 0xea, 0xe5, 0xff, 0xe4, 0xea, 0xe5, 0xff, 0xe4, 0xea, 0xe5, 0xff, 0xe4, 0xea, 0xe5, 0xff, 0xe4, 0xea, 0xe5, 0xff, 0xe6, 0xea, 0xe5, 0xff, 0xe7, 0xe9, 0xe3, 0xff, 0xe7, 0xe8, 0xe4, 0xff, 0xe6, 0xe9, 0xe7, 0xff, 0xe3, 0xea, 0xe6, 0xff, 0xdf, 0xec, 0xe2, 0xff, 0xd9, 0xf0, 0xdb, 0xff, 0xd2, 0xf5, 0xd1, 0xff, 0xcc, 0xf9, 0xca, 0xff, 0xc5, 0xfc, 0xc3, 0xff, 0xc1, 0xfe, 0xc1, 0xff, 0xbf, 0xfe, 0xc2, 0xff, 0xbe, 0xfe, 0xc2, 0xff, 0xbf, 0xfe, 0xc2, 0xff, 0xc0, 0xfe, 0xc1, 0xff, 0xc1, 0xff, 0xbf, 0xff, 0xc1, 0xff, 0xbf, 0xff, 0xc0, 0xff, 0xc0, 0xff, 0xc0, 0xff, 0xc0, 0xff, 0xc0, 0xff, 0xc0, 0xff, 0xc0, 0xff, 0xc0, 0xff, 0xc0, 0xff, 0xc0, 0xff, 0xc0, 0xff, 0xc0, 0xff, 0xc0, 0xff, 0xc0, 0xff, 0xc0, 0xff, 0xc0, 0xff, 
  0xc0, 0xff, 0xc0, 0xff, 0xc0, 0xff, 0xc0, 0xff, 0xc0, 0xff, 0xc0, 0xff, 0xc0, 0xff, 0xc0, 0xff, 0xc0, 0xff, 0xc0, 0xff, 0xc0, 0xff, 0xc0, 0xff, 0xc0, 0xff, 0xc0, 0xff, 0xc0, 0xff, 0xc0, 0xff, 0xc0, 0xff, 0xc0, 0xff, 0xc0, 0xff, 0xc0, 0xff, 0xc0, 0xff, 0xc0, 0xff, 0xc0, 0xff, 0xc0, 0xff, 0xc0, 0xff, 0xc0, 0xff, 0xc0, 0xff, 0xc0, 0xff, 0xc0, 0xff, 0xc0, 0xff, 0xc2, 0xfd, 0xc2, 0xff, 0xc7, 0xf9, 0xc5, 0xff, 0xcd, 0xf8, 0xcc, 0xff, 0xd3, 0xf7, 0xd2, 0xff, 0xda, 0xf6, 0xd9, 0xff, 0xe0, 0xf3, 0xe0, 0xff, 0xe4, 0xf0, 0xe5, 0xff, 0xe7, 0xee, 0xe7, 0xff, 0xe8, 0xed, 0xe9, 0xff, 0xe9, 0xed, 0xe8, 0xff, 0xe8, 0xed, 0xe7, 0xff, 0xe8, 0xee, 0xe6, 0xff, 0xe7, 0xef, 0xe5, 0xff, 0xe6, 0xef, 0xe5, 0xff, 0xe6, 0xee, 0xe6, 0xff, 0xe7, 0xed, 0xe7, 0xff, 0xe7, 0xed, 0xe8, 0xff, 0xe6, 0xed, 0xe6, 0xff, 0xe6, 0xed, 0xe6, 0xff, 0xe6, 0xed, 0xe6, 0xff, 0xe6, 0xed, 0xe6, 0xff, 0xe6, 0xed, 0xe6, 0xff, 0xe6, 0xed, 0xe6, 0xff, 0xe6, 0xed, 0xe6, 0xff, 0xe6, 0xed, 0xe6, 0xff, 0xe6, 0xed, 0xe6, 0xff, 0xe6, 0xed, 0xe6, 0xff, 0xe6, 0xed, 0xe6, 0xff, 0xe6, 0xed, 0xe6, 0xff, 0xe6, 0xed, 0xe6, 0xff, 0xe6, 0xed, 0xe6, 0xff, 0xe6, 0xed, 0xe6, 0xff, 0xe5, 0xec, 0xe5, 0xff, 0xe5, 0xec, 0xe5, 0xff, 0xe5, 0xec, 0xe5, 0xff, 0xe5, 0xec, 0xe5, 0xff, 0xe5, 0xec, 0xe5, 0xff, 0xe5, 0xec, 0xe5, 0xff, 0xe5, 0xec, 0xe5, 0xff, 0xe5, 0xec, 0xe5, 0xff, 0xe5, 0xec, 0xe5, 0xff, 0xe5, 0xec, 0xe5, 0xff, 0xe5, 0xec, 0xe5, 0xff, 0xe5, 0xec, 0xe5, 0xff, 0xe5, 0xec, 0xe5, 0xff, 0xe5, 0xec, 0xe5, 0xff, 0xe5, 0xec, 0xe5, 0xff, 0xe5, 0xec, 0xe5, 0xff, 0xe5, 0xec, 0xe5, 0xff, 0xe5, 0xeb, 0xe5, 0xff, 0xe5, 0xeb, 0xe6, 0xff, 0xe5, 0xeb, 0xe6, 0xff, 0xe5, 0xeb, 0xe6, 0xff, 0xe5, 0xeb, 0xe6, 0xff, 0xe5, 0xeb, 0xe6, 0xff, 0xe5, 0xeb, 0xe6, 0xff, 0xe5, 0xeb, 0xe6, 0xff, 0xe5, 0xeb, 0xe6, 0xff, 0xe5, 0xeb, 0xe6, 0xff, 0xe5, 0xeb, 0xe6, 0xff, 0xe4, 0xea, 0xe5, 0xff, 0xe4, 0xea, 0xe5, 0xff, 0xe4, 0xea, 0xe5, 0xff, 0xe4, 0xea, 0xe5, 0xff, 0xe4, 0xea, 0xe5, 0xff, 0xe4, 0xea, 0xe5, 0xff, 0xe4, 0xea, 0xe5, 0xff, 0xe4, 0xea, 0xe5, 0xff, 0xe4, 0xea, 0xe5, 0xff, 0xe4, 0xea, 0xe5, 0xff, 0xe4, 0xea, 0xe5, 0xff, 0xe4, 0xea, 0xe5, 0xff, 0xe4, 0xea, 0xe5, 0xff, 0xe3, 0xe9, 0xe4, 0xff, 0xe3, 0xe9, 0xe4, 0xff, 0xe3, 0xe9, 0xe4, 0xff, 0xe3, 0xe9, 0xe4, 0xff, 0xe3, 0xe9, 0xe4, 0xff, 0xe3, 0xe9, 0xe4, 0xff, 0xe3, 0xe9, 0xe4, 0xff, 0xe4, 0xe9, 0xe4, 0xff, 0xe6, 0xe9, 0xe3, 0xff, 0xe8, 0xe9, 0xe5, 0xff, 0xe6, 0xe8, 0xe8, 0xff, 0xe4, 0xe9, 0xe7, 0xff, 0xe1, 0xeb, 0xe4, 0xff, 0xdb, 0xee, 0xdd, 0xff, 0xd4, 0xf3, 0xd3, 0xff, 0xce, 0xf8, 0xcb, 0xff, 0xc6, 0xfb, 0xc4, 0xff, 0xc1, 0xfe, 0xc2, 0xff, 0xbe, 0xfe, 0xc2, 0xff, 0xbd, 0xfe, 0xc2, 0xff, 0xbf, 0xfe, 0xc3, 0xff, 0xc0, 0xfe, 0xc2, 0xff, 0xc2, 0xff, 0xc0, 0xff, 0xc2, 0xff, 0xbf, 0xff, 0xc0, 0xff, 0xc0, 0xff, 0xc0, 0xff, 0xc0, 0xff, 0xc0, 0xff, 0xc0, 0xff, 0xc0, 0xff, 0xc0, 0xff, 0xc0, 0xff, 0xc0, 0xff, 0xc0, 0xff, 0xc0, 0xff, 0xc0, 0xff, 0xc0, 0xff, 0xc0, 0xff, 0xc0, 0xff, 
  0xc0, 0xff, 0xc0, 0xff, 0xc0, 0xff, 0xc0, 0xff, 0xc0, 0xff, 0xc0, 0xff, 0xc0, 0xff, 0xc0, 0xff, 0xc0, 0xff, 0xc0, 0xff, 0xc0, 0xff, 0xc0, 0xff, 0xc0, 0xff, 0xc0, 0xff, 0xc0, 0xff, 0xc0, 0xff, 0xc0, 0xff, 0xc0, 0xff, 0xc0, 0xff, 0xc0, 0xff, 0xc0, 0xff, 0xc0, 0xff, 0xc0, 0xff, 0xc0, 0xff, 0xc0, 0xff, 0xc0, 0xff, 0xc0, 0xff, 0xc0, 0xff, 0xc0, 0xff, 0xc0, 0xff, 0xc3, 0xfd, 0xc3, 0xff, 0xc8, 0xf6, 0xc7, 0xff, 0xd0, 0xf6, 0xcf, 0xff, 0xd7, 0xf6, 0xd6, 0xff, 0xdd, 0xf5, 0xdd, 0xff, 0xe1, 0xf0, 0xe1, 0xff, 0xe5, 0xed, 0xe5, 0xff, 0xe7, 0xec, 0xe8, 0xff, 0xe9, 0xec, 0xe9, 0xff, 0xe9, 0xec, 0xe9, 0xff, 0xe9, 0xed, 0xe7, 0xff, 0xe8, 0xee, 0xe6, 0xff, 0xe7, 0xef, 0xe5, 0xff, 0xe6, 0xef, 0xe6, 0xff, 0xe6, 0xee, 0xe6, 0xff, 0xe7, 0xed, 0xe7, 0xff, 0xe7, 0xed, 0xe8, 0xff, 0xe6, 0xed, 0xe6, 0xff, 0xe6, 0xed, 0xe6, 0xff, 0xe6, 0xed, 0xe6, 0xff, 0xe6, 0xed, 0xe6, 0xff, 0xe6, 0xed, 0xe6, 0xff, 0xe6, 0xed, 0xe6, 0xff, 0xe6, 0xed, 0xe6, 0xff, 0xe6, 0xed, 0xe6, 0xff, 0xe6, 0xed, 0xe6, 0xff, 0xe6, 0xed, 0xe6, 0xff, 0xe6, 0xed, 0xe6, 0xff, 0xe6, 0xed, 0xe6, 0xff, 0xe6, 0xed, 0xe6, 0xff, 0xe6, 0xed, 0xe6, 0xff, 0xe5, 0xec, 0xe5, 0xff, 0xe5, 0xec, 0xe5, 0xff, 0xe5, 0xec, 0xe5, 0xff, 0xe5, 0xec, 0xe5, 0xff, 0xe5, 0xec, 0xe5, 0xff, 0xe5, 0xec, 0xe5, 0xff, 0xe5, 0xec, 0xe5, 0xff, 0xe5, 0xec, 0xe5, 0xff, 0xe5, 0xec, 0xe5, 0xff, 0xe5, 0xec, 0xe5, 0xff, 0xe5, 0xec, 0xe5, 0xff, 0xe5, 0xec, 0xe5, 0xff, 0xe5, 0xec, 0xe5, 0xff, 0xe5, 0xec, 0xe5, 0xff, 0xe5, 0xec, 0xe5, 0xff, 0xe5, 0xec, 0xe5, 0xff, 0xe5, 0xec, 0xe5, 0xff, 0xe5, 0xeb, 0xe5, 0xff, 0xe5, 0xeb, 0xe6, 0xff, 0xe5, 0xeb, 0xe6, 0xff, 0xe5, 0xeb, 0xe6, 0xff, 0xe5, 0xeb, 0xe6, 0xff, 0xe5, 0xeb, 0xe6, 0xff, 0xe5, 0xeb, 0xe6, 0xff, 0xe5, 0xeb, 0xe6, 0xff, 0xe5, 0xeb, 0xe6, 0xff, 0xe5, 0xeb, 0xe6, 0xff, 0xe5, 0xeb, 0xe6, 0xff, 0xe5, 0xeb, 0xe6, 0xff, 0xe4, 0xea, 0xe5, 0xff, 0xe4, 0xea, 0xe5, 0xff, 0xe4, 0xea, 0xe5, 0xff, 0xe4, 0xea, 0xe5, 0xff, 0xe3, 0xe9, 0xe4, 0xff, 0xe4, 0xea, 0xe5, 0xff, 0xe4, 0xea, 0xe5, 0xff, 0xe4, 0xea, 0xe5, 0xff, 0xe4, 0xea, 0xe5, 0xff, 0xe3, 0xe9, 0xe4, 0xff, 0xe3, 0xe9, 0xe4, 0xff, 0xe3, 0xe9, 0xe4, 0xff, 0xe3, 0xe9, 0xe4, 0xff, 0xe3, 0xe9, 0xe4, 0xff, 0xe3, 0xe9, 0xe4, 0xff, 0xe3, 0xe9, 0xe4, 0xff, 0xe3, 0xe9, 0xe4, 0xff, 0xe3, 0xe9, 0xe4, 0xff, 0xe3, 0xe9, 0xe4, 0xff, 0xe3, 0xe9, 0xe4, 0xff, 0xe4, 0xe9, 0xe4, 0xff, 0xe7, 0xea, 0xe4, 0xff, 0xe7, 0xe9, 0xe5, 0xff, 0xe7, 0xe8, 0xe8, 0xff, 0xe5, 0xe8, 0xe8, 0xff, 0xe3, 0xea, 0xe6, 0xff, 0xde, 0xed, 0xdf, 0xff, 0xd6, 0xf2, 0xd5, 0xff, 0xcf, 0xf6, 0xcc, 0xff, 0xc7, 0xfb, 0xc5, 0xff, 0xc2, 0xfe, 0xc2, 0xff, 0xbe, 0xfe, 0xc2, 0xff, 0xbd, 0xfe, 0xc2, 0xff, 0xbf, 0xfe, 0xc3, 0xff, 0xc0, 0xfe, 0xc2, 0xff, 0xc3, 0xfe, 0xc0, 0xff, 0xc3, 0xff, 0xbf, 0xff, 0xc1, 0xff, 0xc0, 0xff, 0xc0, 0xff, 0xc0, 0xff, 0xc0, 0xff, 0xc0, 0xff, 0xc0, 0xff, 0xc0, 0xff, 0xc0, 0xff, 0xc0, 0xff, 0xc0, 0xff, 0xc0, 0xff, 0xc0, 0xff, 0xc0, 0xff, 0xc0, 0xff, 0xc0, 0xff, 
  0xc0, 0xff, 0xc0, 0xff, 0xc0, 0xff, 0xc0, 0xff, 0xc0, 0xff, 0xc0, 0xff, 0xc0, 0xff, 0xc0, 0xff, 0xc0, 0xff, 0xc0, 0xff, 0xc0, 0xff, 0xc0, 0xff, 0xc0, 0xff, 0xc0, 0xff, 0xc0, 0xff, 0xc0, 0xff, 0xc0, 0xff, 0xc0, 0xff, 0xc0, 0xff, 0xc0, 0xff, 0xc0, 0xff, 0xc0, 0xff, 0xc0, 0xff, 0xc0, 0xff, 0xc0, 0xff, 0xc0, 0xff, 0xc0, 0xff, 0xc0, 0xff, 0xc0, 0xff, 0xc0, 0xff, 0xc4, 0xfc, 0xc4, 0xff, 0xcb, 0xf6, 0xca, 0xff, 0xd5, 0xf6, 0xd4, 0xff, 0xdb, 0xf6, 0xdb, 0xff, 0xdf, 0xf3, 0xdf, 0xff, 0xe3, 0xef, 0xe3, 0xff, 0xe7, 0xee, 0xe7, 0xff, 0xe8, 0xeb, 0xe8, 0xff, 0xe8, 0xea, 0xe8, 0xff, 0xe8, 0xeb, 0xe8, 0xff, 0xe8, 0xec, 0xe6, 0xff, 0xe7, 0xed, 0xe5, 0xff, 0xe6, 0xed, 0xe5, 0xff, 0xe5, 0xed, 0xe5, 0xff, 0xe5, 0xed, 0xe6, 0xff, 0xe6, 0xec, 0xe7, 0xff, 0xe6, 0xec, 0xe7, 0xff, 0xe7, 0xee, 0xe7, 0xff, 0xe6, 0xed, 0xe6, 0xff, 0xe6, 0xed, 0xe6, 0xff, 0xe6, 0xed, 0xe6, 0xff, 0xe6, 0xed, 0xe6, 0xff, 0xe5, 0xec, 0xe5, 0xff, 0xe5, 0xec, 0xe5, 0xff, 0xe5, 0xec, 0xe5, 0xff, 0xe6, 0xed, 0xe6, 0xff, 0xe6, 0xed, 0xe6, 0xff, 0xe6, 0xed, 0xe6, 0xff, 0xe6, 0xed, 0xe6, 0xff, 0xe6, 0xed, 0xe6, 0xff, 0xe6, 0xed, 0xe6, 0xff, 0xe6, 0xed, 0xe6, 0xff, 0xe6, 0xed, 0xe6, 0xff, 0xe5, 0xeb, 0xe5, 0xff, 0xe5, 0xeb, 0xe6, 0xff, 0xe5, 0xeb, 0xe6, 0xff, 0xe5, 0xeb, 0xe6, 0xff, 0xe5, 0xeb, 0xe6, 0xff, 0xe5, 0xeb, 0xe6, 0xff, 0xe5, 0xeb, 0xe6, 0xff, 0xe5, 0xeb, 0xe6, 0xff, 0xe5, 0xeb, 0xe6, 0xff, 0xe5, 0xeb, 0xe6, 0xff, 0xe5, 0xeb, 0xe6, 0xff, 0xe5, 0xeb, 0xe6, 0xff, 0xe5, 0xeb, 0xe6, 0xff, 0xe5, 0xeb, 0xe6, 0xff, 0xe5, 0xeb, 0xe6, 0xff, 0xe5, 0xeb, 0xe6, 0xff, 0xe4, 0xea, 0xe5, 0xff, 0xe4, 0xea, 0xe5, 0xff, 0xe4, 0xea, 0xe5, 0xff, 0xe4, 0xea, 0xe5, 0xff, 0xe4, 0xea, 0xe5, 0xff, 0xe4, 0xea, 0xe5, 0xff, 0xe4, 0xea, 0xe5, 0xff, 0xe4, 0xea, 0xe5, 0xff, 0xe4, 0xea, 0xe5, 0xff, 0xe4, 0xea, 0xe5, 0xff, 0xe4, 0xea, 0xe5, 0xff, 0xe4, 0xea, 0xe5, 0xff, 0xe4, 0xea, 0xe5, 0xff, 0xe4, 0xea, 0xe5, 0xff, 0xe4, 0xea, 0xe5, 0xff, 0xe4, 0xea, 0xe5, 0xff, 0xe3, 0xe9, 0xe4, 0xff, 0xe3, 0xe9, 0xe4, 0xff, 0xe3, 0xe9, 0xe4, 0xff, 0xe3, 0xe9, 0xe4, 0xff, 0xe3, 0xe9, 0xe4, 0xff, 0xe3, 0xe9, 0xe4, 0xff, 0xe3, 0xe9, 0xe4, 0xff, 0xe3, 0xe9, 0xe4, 0xff, 0xe3, 0xe9, 0xe4, 0xff, 0xe3, 0xe9, 0xe4, 0xff, 0xe4, 0xea, 0xe5, 0xff, 0xe4, 0xea, 0xe5, 0xff, 0xe4, 0xea, 0xe5, 0xff, 0xe3, 0xe9, 0xe4, 0xff, 0xe3, 0xe9, 0xe4, 0xff, 0xe3, 0xe8, 0xe3, 0xff, 0xe5, 0xe9, 0xe3, 0xff, 0xe6, 0xe8, 0xe4, 0xff, 0xe6, 0xe7, 0xe8, 0xff, 0xe6, 0xe8, 0xe9, 0xff, 0xe3, 0xe8, 0xe6, 0xff, 0xdf, 0xec, 0xe0, 0xff, 0xd8, 0xf1, 0xd6, 0xff, 0xd1, 0xf6, 0xce, 0xff, 0xc8, 0xfa, 0xc6, 0xff, 0xc2, 0xfd, 0xc3, 0xff, 0xbe, 0xfe, 0xc2, 0xff, 0xbd, 0xfe, 0xc2, 0xff, 0xbe, 0xfe, 0xc3, 0xff, 0xc0, 0xfe, 0xc2, 0xff, 0xc3, 0xfe, 0xc0, 0xff, 0xc3, 0xff, 0xbf, 0xff, 0xc1, 0xff, 0xc0, 0xff, 0xc0, 0xff, 0xc0, 0xff, 0xc0, 0xff, 0xc0, 0xff, 0xc0, 0xff, 0xc0, 0xff, 0xc0, 0xff, 0xc0, 0xff, 0xc0, 0xff, 0xc0, 0xff, 0xc0, 0xff, 0xc0, 0xff, 0xc0, 0xff, 0xc0, 0xff, 
  0xc0, 0xff, 0xc0, 0xff, 0xc0, 0xff, 0xc0, 0xff, 0xc0, 0xff, 0xc0, 0xff, 0xc0, 0xff, 0xc0, 0xff, 0xc0, 0xff, 0xc0, 0xff, 0xc0, 0xff, 0xc0, 0xff, 0xc0, 0xff, 0xc0, 0xff, 0xc0, 0xff, 0xc0, 0xff, 0xc0, 0xff, 0xc0, 0xff, 0xc0, 0xff, 0xc0, 0xff, 0xc0, 0xff, 0xc0, 0xff, 0xc0, 0xff, 0xc0, 0xff, 0xc0, 0xff, 0xc0, 0xff, 0xc0, 0xff, 0xc0, 0xff, 0xc0, 0xff, 0xc0, 0xff, 0xc4, 0xfc, 0xc4, 0xff, 0xce, 0xf6, 0xcd, 0xff, 0xd7, 0xf5, 0xd6, 0xff, 0xdd, 0xf5, 0xdd, 0xff, 0xe1, 0xf2, 0xe1, 0xff, 0xe4, 0xee, 0xe4, 0xff, 0xe8, 0xed, 0xe8, 0xff, 0xe9, 0xeb, 0xe9, 0xff, 0xe8, 0xe9, 0xe8, 0xff, 0xe9, 0xeb, 0xe8, 0xff, 0xe8, 0xec, 0xe6, 0xff, 0xe7, 0xed, 0xe5, 0xff, 0xe6, 0xed, 0xe5, 0xff, 0xe5, 0xed, 0xe5, 0xff, 0xe5, 0xed, 0xe6, 0xff, 0xe6, 0xec, 0xe7, 0xff, 0xe6, 0xec, 0xe7, 0xff, 0xe6, 0xed, 0xe6, 0xff, 0xe6, 0xed, 0xe6, 0xff, 0xe6, 0xed, 0xe6, 0xff, 0xe6, 0xed, 0xe6, 0xff, 0xe6, 0xed, 0xe6, 0xff, 0xe5, 0xec, 0xe5, 0xff, 0xe5, 0xec, 0xe5, 0xff, 0xe5, 0xec, 0xe5, 0xff, 0xe6, 0xed, 0xe6, 0xff, 0xe6, 0xed, 0xe6, 0xff, 0xe6, 0xed, 0xe6, 0xff, 0xe6, 0xed, 0xe6, 0xff, 0xe6, 0xed, 0xe6, 0xff, 0xe6, 0xed, 0xe6, 0xff, 0xe6, 0xed, 0xe6, 0xff, 0xe6, 0xed, 0xe6, 0xff, 0xe5, 0xeb, 0xe6, 0xff, 0xe5, 0xeb, 0xe6, 0xff, 0xe5, 0xeb, 0xe6, 0xff, 0xe5, 0xeb, 0xe6, 0xff, 0xe5, 0xeb, 0xe6, 0xff, 0xe5, 0xeb, 0xe6, 0xff, 0xe5, 0xeb, 0xe6, 0xff, 0xe5, 0xeb, 0xe6, 0xff, 0xe5, 0xeb, 0xe6, 0xff, 0xe5, 0xeb, 0xe6, 0xff, 0xe5, 0xeb, 0xe6, 0xff, 0xe5, 0xeb, 0xe6, 0xff, 0xe5, 0xeb, 0xe6, 0xff, 0xe5, 0xeb, 0xe6, 0xff, 0xe5, 0xeb, 0xe6, 0xff, 0xe5, 0xeb, 0xe6, 0xff, 0xe4, 0xea, 0xe5, 0xff, 0xe4, 0xea, 0xe5, 0xff, 0xe4, 0xea, 0xe5, 0xff, 0xe4, 0xea, 0xe5, 0xff, 0xe4, 0xea, 0xe5, 0xff, 0xe4, 0xea, 0xe5, 0xff, 0xe4, 0xea, 0xe5, 0xff, 0xe4, 0xea, 0xe5, 0xff, 0xe4, 0xea, 0xe5, 0xff, 0xe4, 0xea, 0xe5, 0xff, 0xe4, 0xea, 0xe5, 0xff, 0xe4, 0xea, 0xe5, 0xff, 0xe4, 0xea, 0xe5, 0xff, 0xe4, 0xea, 0xe5, 0xff, 0xe4, 0xea, 0xe5, 0xff, 0xe4, 0xea, 0xe5, 0xff, 0xe3, 0xe9, 0xe4, 0xff, 0xe3, 0xe9, 0xe4, 0xff, 0xe3, 0xe9, 0xe4, 0xff, 0xe3, 0xe9, 0xe4, 0xff, 0xe3, 0xe9, 0xe4, 0xff, 0xe3, 0xe9, 0xe4, 0xff, 0xe3, 0xe9, 0xe4, 0xff, 0xe3, 0xe9, 0xe4, 0xff, 0xe3, 0xe9, 0xe4, 0xff, 0xe3, 0xe9, 0xe4, 0xff, 0xe4, 0xea, 0xe5, 0xff, 0xe4, 0xea, 0xe5, 0xff, 0xe4, 0xea, 0xe5, 0xff, 0xe4, 0xea, 0xe5, 0xff, 0xe3, 0xe9, 0xe4, 0xff, 0xe4, 0xe9, 0xe4, 0xff, 0xe4, 0xea, 0xe3, 0xff, 0xe5, 0xe9, 0xe4, 0xff, 0xe6, 0xe6, 0xe8, 0xff, 0xe7, 0xe7, 0xea, 0xff, 0xe6, 0xe8, 0xe8, 0xff, 0xe1, 0xeb, 0xe2, 0xff, 0xdb, 0xf1, 0xd9, 0xff, 0xd2, 0xf5, 0xcf, 0xff, 0xc9, 0xfa, 0xc7, 0xff, 0xc3, 0xfd, 0xc3, 0xff, 0xbe, 0xfe, 0xc2, 0xff, 0xbc, 0xff, 0xc2, 0xff, 0xbd, 0xfe, 0xc3, 0xff, 0xbf, 0xfe, 0xc2, 0xff, 0xc3, 0xfe, 0xc0, 0xff, 0xc3, 0xff, 0xbf, 0xff, 0xc1, 0xff, 0xc0, 0xff, 0xc0, 0xff, 0xc0, 0xff, 0xc0, 0xff, 0xc0, 0xff, 0xc0, 0xff, 0xc0, 0xff, 0xc0, 0xff, 0xc0, 0xff, 0xc0, 0xff, 0xc0, 0xff, 0xc0, 0xff, 0xc0, 0xff, 0xc0, 0xff, 0xc0, 0xff, 
  0xc0, 0xff, 0xc0, 0xff, 0xc0, 0xff, 0xc0, 0xff, 0xc0, 0xff, 0xc0, 0xff, 0xc0, 0xff, 0xc0, 0xff, 0xc0, 0xff, 0xc0, 0xff, 0xc0, 0xff, 0xc0, 0xff, 0xc0, 0xff, 0xc0, 0xff, 0xc0, 0xff, 0xc0, 0xff, 0xc0, 0xff, 0xc0, 0xff, 0xc0, 0xff, 0xc0, 0xff, 0xc0, 0xff, 0xc0, 0xff, 0xc0, 0xff, 0xc0, 0xff, 0xc0, 0xff, 0xc0, 0xff, 0xc0, 0xff, 0xc0, 0xff, 0xc0, 0xff, 0xc0, 0xff, 0xc5, 0xfc, 0xc5, 0xff, 0xcf, 0xf5, 0xce, 0xff, 0xd9, 0xf4, 0xd7, 0xff, 0xde, 0xf4, 0xde, 0xff, 0xe2, 0xf1, 0xe2, 0xff, 0xe4, 0xed, 0xe6, 0xff, 0xe7, 0xeb, 0xe8, 0xff, 0xe9, 0xea, 0xe9, 0xff, 0xe8, 0xe9, 0xe8, 0xff, 0xe9, 0xeb, 0xe8, 0xff, 0xe8, 0xec, 0xe6, 0xff, 0xe7, 0xed, 0xe5, 0xff, 0xe6, 0xed, 0xe5, 0xff, 0xe6, 0xed, 0xe5, 0xff, 0xe6, 0xed, 0xe6, 0xff, 0xe6, 0xec, 0xe8, 0xff, 0xe6, 0xec, 0xe8, 0xff, 0xe6, 0xec, 0xe6, 0xff, 0xe6, 0xed, 0xe6, 0xff, 0xe6, 0xed, 0xe6, 0xff, 0xe6, 0xed, 0xe6, 0xff, 0xe5, 0xec, 0xe5, 0xff, 0xe5, 0xec, 0xe5, 0xff, 0xe5, 0xec, 0xe5, 0xff, 0xe5, 0xec, 0xe5, 0xff, 0xe5, 0xec, 0xe5, 0xff, 0xe5, 0xec, 0xe5, 0xff, 0xe5, 0xec, 0xe5, 0xff, 0xe5, 0xec, 0xe5, 0xff, 0xe5, 0xec, 0xe5, 0xff, 0xe5, 0xec, 0xe5, 0xff, 0xe5, 0xec, 0xe5, 0xff, 0xe5, 0xec, 0xe5, 0xff, 0xe5, 0xeb, 0xe6, 0xff, 0xe5, 0xeb, 0xe6, 0xff, 0xe5, 0xeb, 0xe6, 0xff, 0xe5, 0xeb, 0xe6, 0xff, 0xe5, 0xeb, 0xe6, 0xff, 0xe5, 0xeb, 0xe6, 0xff, 0xe5, 0xeb, 0xe6, 0xff, 0xe5, 0xeb, 0xe6, 0xff, 0xe4, 0xea, 0xe5, 0xff, 0xe4, 0xea, 0xe5, 0xff, 0xe4, 0xea, 0xe5, 0xff, 0xe4, 0xea, 0xe5, 0xff, 0xe4, 0xea, 0xe5, 0xff, 0xe4, 0xea, 0xe5, 0xff, 0xe4, 0xea, 0xe5, 0xff, 0xe4, 0xea, 0xe5, 0xff, 0xe4, 0xea, 0xe5, 0xff, 0xe4, 0xea, 0xe5, 0xff, 0xe4, 0xea, 0xe5, 0xff, 0xe4, 0xea, 0xe5, 0xff, 0xe4, 0xea, 0xe5, 0xff, 0xe4, 0xea, 0xe5, 0xff, 0xe4, 0xea, 0xe5, 0xff, 0xe4, 0xea, 0xe5, 0xff, 0xe4, 0xea, 0xe5, 0xff, 0xe4, 0xea, 0xe5, 0xff, 0xe4, 0xea, 0xe5, 0xff, 0xe4, 0xea, 0xe5, 0xff, 0xe4, 0xea, 0xe5, 0xff, 0xe4, 0xea, 0xe5, 0xff, 0xe4, 0xea, 0xe5, 0xff, 0xe4, 0xea, 0xe5, 0xff, 0xe3, 0xe9, 0xe4, 0xff, 0xe3, 0xe9, 0xe4, 0xff, 0xe3, 0xe9, 0xe4, 0xff, 0xe3, 0xe9, 0xe4, 0xff, 0xe3, 0xe9, 0xe4, 0xff, 0xe3, 0xe9, 0xe4, 0xff, 0xe3, 0xe9, 0xe4, 0xff, 0xe3, 0xe9, 0xe4, 0xff, 0xe3, 0xe9, 0xe4, 0xff, 0xe3, 0xe9, 0xe4, 0xff, 0xe3, 0xe9, 0xe4, 0xff, 0xe4, 0xea, 0xe5, 0xff, 0xe4, 0xea, 0xe5, 0xff, 0xe4, 0xea, 0xe5, 0xff, 0xe3, 0xe9, 0xe4, 0xff, 0xe3, 0xe9, 0xe3, 0xff, 0xe3, 0xe9, 0xe0, 0xff, 0xe5, 0xe9, 0xe3, 0xff, 0xe6, 0xe6, 0xe8, 0xff, 0xe7, 0xe5, 0xea, 0xff, 0xe6, 0xe6, 0xe8, 0xff, 0xe3, 0xea, 0xe3, 0xff, 0xdc, 0xf0, 0xda, 0xff, 0xd4, 0xf6, 0xd1, 0xff, 0xc9, 0xf9, 0xc7, 0xff, 0xc2, 0xfd, 0xc3, 0xff, 0xbd, 0xff, 0xc1, 0xff, 0xbb, 0xff, 0xc1, 0xff, 0xbc, 0xff, 0xc2, 0xff, 0xbe, 0xff, 0xc1, 0xff, 0xc2, 0xff, 0xc0, 0xff, 0xc3, 0xff, 0xbf, 0xff, 0xc1, 0xff, 0xc0, 0xff, 0xc0, 0xff, 0xc0, 0xff, 0xc0, 0xff, 0xc0, 0xff, 0xc0, 0xff, 0xc0, 0xff, 0xc0, 0xff, 0xc0, 0xff, 0xc0, 0xff, 0xc0, 0xff, 0xc0, 0xff, 0xc0, 0xff, 0xc0, 0xff, 0xc0, 0xff, 
  0xc0, 0xff, 0xc0, 0xff, 0xc0, 0xff, 0xc0, 0xff, 0xc0, 0xff, 0xc0, 0xff, 0xc0, 0xff, 0xc0, 0xff, 0xc0, 0xff, 0xc0, 0xff, 0xc0, 0xff, 0xc0, 0xff, 0xc0, 0xff, 0xc0, 0xff, 0xc0, 0xff, 0xc0, 0xff, 0xc0, 0xff, 0xc0, 0xff, 0xc0, 0xff, 0xc0, 0xff, 0xc0, 0xff, 0xc0, 0xff, 0xc0, 0xff, 0xc0, 0xff, 0xc0, 0xff, 0xc0, 0xff, 0xc0, 0xff, 0xc0, 0xff, 0xc0, 0xff, 0xc0, 0xff, 0xc5, 0xfb, 0xc5, 0xff, 0xd0, 0xf4, 0xcf, 0xff, 0xda, 0xf4, 0xd9, 0xff, 0xdf, 0xf3, 0xdf, 0xff, 0xe2, 0xf0, 0xe3, 0xff, 0xe5, 0xed, 0xe6, 0xff, 0xe7, 0xeb, 0xe9, 0xff, 0xe9, 0xea, 0xea, 0xff, 0xe8, 0xe9, 0xe8, 0xff, 0xe9, 0xeb, 0xe8, 0xff, 0xe8, 0xec, 0xe6, 0xff, 0xe7, 0xed, 0xe5, 0xff, 0xe6, 0xed, 0xe4, 0xff, 0xe6, 0xed, 0xe5, 0xff, 0xe6, 0xec, 0xe6, 0xff, 0xe6, 0xec, 0xe8, 0xff, 0xe6, 0xec, 0xe8, 0xff, 0xe6, 0xec, 0xe6, 0xff, 0xe6, 0xed, 0xe6, 0xff, 0xe6, 0xed, 0xe6, 0xff, 0xe6, 0xed, 0xe6, 0xff, 0xe5, 0xec, 0xe5, 0xff, 0xe5, 0xec, 0xe5, 0xff, 0xe5, 0xec, 0xe5, 0xff, 0xe5, 0xec, 0xe5, 0xff, 0xe5, 0xec, 0xe5, 0xff, 0xe5, 0xec, 0xe5, 0xff, 0xe5, 0xec, 0xe5, 0xff, 0xe5, 0xec, 0xe5, 0xff, 0xe5, 0xec, 0xe5, 0xff, 0xe5, 0xec, 0xe5, 0xff, 0xe5, 0xec, 0xe5, 0xff, 0xe5, 0xec, 0xe5, 0xff, 0xe5, 0xeb, 0xe6, 0xff, 0xe5, 0xeb, 0xe6, 0xff, 0xe5, 0xeb, 0xe6, 0xff, 0xe5, 0xeb, 0xe6, 0xff, 0xe5, 0xeb, 0xe6, 0xff, 0xe5, 0xeb, 0xe6, 0xff, 0xe4, 0xea, 0xe5, 0xff, 0xe4, 0xea, 0xe5, 0xff, 0xe4, 0xea, 0xe5, 0xff, 0xe4, 0xea, 0xe5, 0xff, 0xe4, 0xea, 0xe5, 0xff, 0xe4, 0xea, 0xe5, 0xff, 0xe4, 0xea, 0xe5, 0xff, 0xe4, 0xea, 0xe5, 0xff, 0xe4, 0xea, 0xe5, 0xff, 0xe4, 0xea, 0xe5, 0xff, 0xe4, 0xea, 0xe5, 0xff, 0xe4, 0xea, 0xe5, 0xff, 0xe4, 0xea, 0xe5, 0xff, 0xe4, 0xea, 0xe5, 0xff, 0xe4, 0xea, 0xe5, 0xff, 0xe4, 0xea, 0xe5, 0xff, 0xe4, 0xea, 0xe5, 0xff, 0xe4, 0xea, 0xe5, 0xff, 0xe4, 0xea, 0xe5, 0xff, 0xe4, 0xea, 0xe5, 0xff, 0xe4, 0xea, 0xe5, 0xff, 0xe4, 0xea, 0xe5, 0xff, 0xe4, 0xea, 0xe5, 0xff, 0xe4, 0xea, 0xe5, 0xff, 0xe4, 0xea, 0xe5, 0xff, 0xe4, 0xea, 0xe5, 0xff, 0xe3, 0xe9, 0xe4, 0xff, 0xe3, 0xe9, 0xe4, 0xff, 0xe3, 0xe9, 0xe4, 0xff, 0xe3, 0xe9, 0xe4, 0xff, 0xe3, 0xe9, 0xe4, 0xff, 0xe3, 0xe9, 0xe4, 0xff, 0xe3, 0xe9, 0xe4, 0xff, 0xe3, 0xe9, 0xe4, 0xff, 0xe3, 0xe9, 0xe4, 0xff, 0xe3, 0xe9, 0xe4, 0xff, 0xe3, 0xe9, 0xe4, 0xff, 0xe3, 0xe9, 0xe4, 0xff, 0xe3, 0xe9, 0xe4, 0xff, 0xe2, 0xe8, 0xe3, 0xff, 0xe2, 0xe8, 0xe3, 0xff, 0xe2, 0xe9, 0xe2, 0xff, 0xe2, 0xea, 0xe0, 0xff, 0xe3, 0xe9, 0xe1, 0xff, 0xe5, 0xe5, 0xe7, 0xff, 0xe7, 0xe5, 0xeb, 0xff, 0xe7, 0xe6, 0xe9, 0xff, 0xe4, 0xe9, 0xe4, 0xff, 0xdd, 0xef, 0xdb, 0xff, 0xd5, 0xf5, 0xd2, 0xff, 0xca, 0xf9, 0xc8, 0xff, 0xc2, 0xfd, 0xc2, 0xff, 0xbd, 0xff, 0xc1, 0xff, 0xba, 0xff, 0xc0, 0xff, 0xbb, 0xff, 0xc1, 0xff, 0xbe, 0xff, 0xc1, 0xff, 0xc1, 0xff, 0xc0, 0xff, 0xc2, 0xff, 0xbf, 0xff, 0xc1, 0xff, 0xc0, 0xff, 0xc0, 0xff, 0xc0, 0xff, 0xc0, 0xff, 0xc0, 0xff, 0xc0, 0xff, 0xc0, 0xff, 0xc0, 0xff, 0xc0, 0xff, 0xc0, 0xff, 0xc0, 0xff, 0xc0, 0xff, 0xc0, 0xff, 0xc0, 0xff, 0xc0, 0xff, 
  0xc0, 0xff, 0xc0, 0xff, 0xc0, 0xff, 0xc0, 0xff, 0xc0, 0xff, 0xc0, 0xff, 0xc0, 0xff, 0xc0, 0xff, 0xc0, 0xff, 0xc0, 0xff, 0xc0, 0xff, 0xc0, 0xff, 0xc0, 0xff, 0xc0, 0xff, 0xc0, 0xff, 0xc0, 0xff, 0xc0, 0xff, 0xc0, 0xff, 0xc0, 0xff, 0xc0, 0xff, 0xc0, 0xff, 0xc0, 0xff, 0xc0, 0xff, 0xc0, 0xff, 0xc0, 0xff, 0xc0, 0xff, 0xc0, 0xff, 0xc0, 0xff, 0xc0, 0xff, 0xc0, 0xff, 0xc5, 0xfb, 0xc6, 0xff, 0xd1, 0xf5, 0xd1, 0xff, 0xdb, 0xf3, 0xdb, 0xff, 0xe0, 0xf2, 0xe0, 0xff, 0xe2, 0xef, 0xe3, 0xff, 0xe5, 0xed, 0xe7, 0xff, 0xe7, 0xeb, 0xe9, 0xff, 0xe9, 0xea, 0xea, 0xff, 0xe8, 0xe9, 0xe8, 0xff, 0xe9, 0xec, 0xe7, 0xff, 0xe8, 0xed, 0xe5, 0xff, 0xe7, 0xee, 0xe4, 0xff, 0xe6, 0xee, 0xe4, 0xff, 0xe6, 0xed, 0xe5, 0xff, 0xe6, 0xec, 0xe6, 0xff, 0xe6, 0xec, 0xe8, 0xff, 0xe6, 0xec, 0xe8, 0xff, 0xe6, 0xec, 0xe6, 0xff, 0xe6, 0xed, 0xe6, 0xff, 0xe5, 0xec, 0xe5, 0xff, 0xe5, 0xec, 0xe5, 0xff, 0xe5, 0xec, 0xe5, 0xff, 0xe5, 0xec, 0xe5, 0xff, 0xe5, 0xec, 0xe5, 0xff, 0xe5, 0xec, 0xe5, 0xff, 0xe5, 0xec, 0xe5, 0xff, 0xe5, 0xec, 0xe5, 0xff, 0xe5, 0xec, 0xe5, 0xff, 0xe5, 0xec, 0xe5, 0xff, 0xe5, 0xec, 0xe5, 0xff, 0xe5, 0xec, 0xe5, 0xff, 0xe5, 0xec, 0xe5, 0xff, 0xe5, 0xec, 0xe5, 0xff, 0xe5, 0xeb, 0xe6, 0xff, 0xe5, 0xeb, 0xe6, 0xff, 0xe5, 0xeb, 0xe6, 0xff, 0xe5, 0xeb, 0xe6, 0xff, 0xe4, 0xea, 0xe5, 0xff, 0xe4, 0xea, 0xe5, 0xff, 0xe4, 0xea, 0xe5, 0xff, 0xe4, 0xea, 0xe5, 0xff, 0xe4, 0xea, 0xe5, 0xff, 0xe4, 0xea, 0xe5, 0xff, 0xe4, 0xea, 0xe5, 0xff, 0xe4, 0xea, 0xe5, 0xff, 0xe4, 0xea, 0xe5, 0xff, 0xe4, 0xea, 0xe5, 0xff, 0xe4, 0xea, 0xe5, 0xff, 0xe4, 0xea, 0xe5, 0xff, 0xe4, 0xea, 0xe5, 0xff, 0xe4, 0xea, 0xe5, 0xff, 0xe4, 0xea, 0xe5, 0xff, 0xe4, 0xea, 0xe5, 0xff, 0xe4, 0xea, 0xe5, 0xff, 0xe4, 0xea, 0xe5, 0xff, 0xe4, 0xea, 0xe5, 0xff, 0xe4, 0xea, 0xe5, 0xff, 0xe3, 0xe9, 0xe4, 0xff, 0xe3, 0xe9, 0xe4, 0xff, 0xe3, 0xe9, 0xe4, 0xff, 0xe3, 0xe9, 0xe4, 0xff, 0xe3, 0xe9, 0xe4, 0xff, 0xe3, 0xe9, 0xe4, 0xff, 0xe3, 0xe9, 0xe4, 0xff, 0xe3, 0xe9, 0xe4, 0xff, 0xe3, 0xe9, 0xe4, 0xff, 0xe3, 0xe9, 0xe4, 0xff, 0xe3, 0xe9, 0xe4, 0xff, 0xe3, 0xe9, 0xe4, 0xff, 0xe3, 0xe9, 0xe4, 0xff, 0xe3, 0xe9, 0xe4, 0xff, 0xe3, 0xe9, 0xe4, 0xff, 0xe3, 0xe9, 0xe4, 0xff, 0xe3, 0xe9, 0xe4, 0xff, 0xe3, 0xe9, 0xe4, 0xff, 0xe2, 0xe8, 0xe3, 0xff, 0xe2, 0xe8, 0xe3, 0xff, 0xe2, 0xe8, 0xe3, 0xff, 0xe1, 0xe7, 0xe2, 0xff, 0xe1, 0xe7, 0xe2, 0xff, 0xe1, 0xe8, 0xe1, 0xff, 0xe0, 0xea, 0xdf, 0xff, 0xe1, 0xe9, 0xe1, 0xff, 0xe4, 0xe6, 0xe7, 0xff, 0xe6, 0xe4, 0xea, 0xff, 0xe7, 0xe4, 0xe9, 0xff, 0xe4, 0xe7, 0xe4, 0xff, 0xdd, 0xed, 0xdb, 0xff, 0xd4, 0xf4, 0xd2, 0xff, 0xca, 0xf9, 0xc8, 0xff, 0xc2, 0xfd, 0xc2, 0xff, 0xbc, 0xff, 0xc0, 0xff, 0xba, 0xff, 0xc0, 0xff, 0xba, 0xff, 0xc0, 0xff, 0xbd, 0xff, 0xc0, 0xff, 0xc1, 0xff, 0xbf, 0xff, 0xc2, 0xff, 0xbf, 0xff, 0xc1, 0xff, 0xc0, 0xff, 0xc0, 0xff, 0xc0, 0xff, 0xc0, 0xff, 0xc0, 0xff, 0xc0, 0xff, 0xc0, 0xff, 0xc0, 0xff, 0xc0, 0xff, 0xc0, 0xff, 0xc0, 0xff, 0xc0, 0xff, 0xc0, 0xff, 0xc0, 0xff, 0xc0, 0xff, 
  0xc0, 0xff, 0xc0, 0xff, 0xc0, 0xff, 0xc0, 0xff, 0xc0, 0xff, 0xc0, 0xff, 0xc0, 0xff, 0xc0, 0xff, 0xc0, 0xff, 0xc0, 0xff, 0xc0, 0xff, 0xc0, 0xff, 0xc0, 0xff, 0xc0, 0xff, 0xc0, 0xff, 0xc0, 0xff, 0xc0, 0xff, 0xc0, 0xff, 0xc0, 0xff, 0xc0, 0xff, 0xc0, 0xff, 0xc0, 0xff, 0xc0, 0xff, 0xc0, 0xff, 0xc0, 0xff, 0xc0, 0xff, 0xc0, 0xff, 0xc0, 0xff, 0xc0, 0xff, 0xc0, 0xff, 0xc5, 0xfb, 0xc6, 0xff, 0xd1, 0xf5, 0xd1, 0xff, 0xdb, 0xf3, 0xdb, 0xff, 0xe0, 0xf2, 0xe1, 0xff, 0xe2, 0xef, 0xe3, 0xff, 0xe4, 0xeb, 0xe6, 0xff, 0xe7, 0xeb, 0xe9, 0xff, 0xe9, 0xea, 0xe9, 0xff, 0xe8, 0xea, 0xe8, 0xff, 0xe9, 0xec, 0xe7, 0xff, 0xe8, 0xed, 0xe5, 0xff, 0xe7, 0xee, 0xe4, 0xff, 0xe6, 0xee, 0xe4, 0xff, 0xe6, 0xed, 0xe5, 0xff, 0xe6, 0xec, 0xe6, 0xff, 0xe6, 0xec, 0xe8, 0xff, 0xe6, 0xec, 0xe8, 0xff, 0xe5, 0xeb, 0xe5, 0xff, 0xe5, 0xec, 0xe5, 0xff, 0xe5, 0xec, 0xe5, 0xff, 0xe5, 0xec, 0xe5, 0xff, 0xe5, 0xec, 0xe5, 0xff, 0xe5, 0xec, 0xe5, 0xff, 0xe5, 0xec, 0xe5, 0xff, 0xe5, 0xec, 0xe5, 0xff, 0xe5, 0xec, 0xe5, 0xff, 0xe5, 0xec, 0xe5, 0xff, 0xe5, 0xec, 0xe5, 0xff, 0xe5, 0xec, 0xe5, 0xff, 0xe5, 0xec, 0xe5, 0xff, 0xe5, 0xec, 0xe5, 0xff, 0xe5, 0xec, 0xe5, 0xff, 0xe5, 0xec, 0xe5, 0xff, 0xe5, 0xeb, 0xe6, 0xff, 0xe5, 0xeb, 0xe6, 0xff, 0xe5, 0xeb, 0xe6, 0xff, 0xe5, 0xeb, 0xe6, 0xff, 0xe4, 0xea, 0xe5, 0xff, 0xe4, 0xea, 0xe5, 0xff, 0xe4, 0xea, 0xe5, 0xff, 0xe4, 0xea, 0xe5, 0xff, 0xe4, 0xea, 0xe5, 0xff, 0xe4, 0xea, 0xe5, 0xff, 0xe4, 0xea, 0xe5, 0xff, 0xe4, 0xea, 0xe5, 0xff, 0xe4, 0xea, 0xe5, 0xff, 0xe4, 0xea, 0xe5, 0xff, 0xe4, 0xea, 0xe5, 0xff, 0xe4, 0xea, 0xe5, 0xff, 0xe4, 0xea, 0xe5, 0xff, 0xe4, 0xea, 0xe5, 0xff, 0xe4, 0xea, 0xe5, 0xff, 0xe4, 0xea, 0xe5, 0xff, 0xe4, 0xea, 0xe5, 0xff, 0xe4, 0xea, 0xe5, 0xff, 0xe4, 0xea, 0xe5, 0xff, 0xe4, 0xea, 0xe5, 0xff, 0xe3, 0xe9, 0xe4, 0xff, 0xe3, 0xe9, 0xe4, 0xff, 0xe3, 0xe9, 0xe4, 0xff, 0xe3, 0xe9, 0xe4, 0xff, 0xe3, 0xe9, 0xe4, 0xff, 0xe3, 0xe9, 0xe4, 0xff, 0xe3, 0xe9, 0xe4, 0xff, 0xe3, 0xe9, 0xe4, 0xff, 0xe3, 0xe9, 0xe4, 0xff, 0xe3, 0xe9, 0xe4, 0xff, 0xe3, 0xe9, 0xe4, 0xff, 0xe3, 0xe9, 0xe4, 0xff, 0xe3, 0xe9, 0xe4, 0xff, 0xe3, 0xe9, 0xe4, 0xff, 0xe3, 0xe9, 0xe4, 0xff, 0xe3, 0xe9, 0xe4, 0xff, 0xe3, 0xe9, 0xe4, 0xff, 0xe3, 0xe9, 0xe4, 0xff, 0xe2, 0xe8, 0xe3, 0xff, 0xe2, 0xe8, 0xe3, 0xff, 0xe1, 0xe7, 0xe2, 0xff, 0xe1, 0xe7, 0xe2, 0xff, 0xe1, 0xe7, 0xe2, 0xff, 0xe0, 0xe8, 0xe1, 0xff, 0xe0, 0xec, 0xe0, 0xff, 0xe0, 0xea, 0xe0, 0xff, 0xe4, 0xe6, 0xe7, 0xff, 0xe6, 0xe4, 0xea, 0xff, 0xe7, 0xe4, 0xe9, 0xff, 0xe4, 0xe7, 0xe4, 0xff, 0xdd, 0xed, 0xdb, 0xff, 0xd5, 0xf3, 0xd2, 0xff, 0xca, 0xf9, 0xc8, 0xff, 0xc2, 0xfd, 0xc2, 0xff, 0xbb, 0xff, 0xc0, 0xff, 0xb9, 0xff, 0xbf, 0xff, 0xba, 0xff, 0xc0, 0xff, 0xbd, 0xff, 0xc0, 0xff, 0xc1, 0xff, 0xbf, 0xff, 0xc2, 0xff, 0xbf, 0xff, 0xc1, 0xff, 0xc0, 0xff, 0xc0, 0xff, 0xc0, 0xff, 0xc0, 0xff, 0xc0, 0xff, 0xc0, 0xff, 0xc0, 0xff, 0xc0, 0xff, 0xc0, 0xff, 0xc0, 0xff, 0xc0, 0xff, 0xc0, 0xff, 0xc0, 0xff, 0xc0, 0xff, 0xc0, 0xff, 
  0xc0, 0xff, 0xc0, 0xff, 0xc0, 0xff, 0xc0, 0xff, 0xc0, 0xff, 0xc0, 0xff, 0xc0, 0xff, 0xc0, 0xff, 0xc0, 0xff, 0xc0, 0xff, 0xc0, 0xff, 0xc0, 0xff, 0xc0, 0xff, 0xc0, 0xff, 0xc0, 0xff, 0xc0, 0xff, 0xc0, 0xff, 0xc0, 0xff, 0xc0, 0xff, 0xc0, 0xff, 0xc0, 0xff, 0xc0, 0xff, 0xc0, 0xff, 0xc0, 0xff, 0xc0, 0xff, 0xc0, 0xff, 0xc0, 0xff, 0xc0, 0xff, 0xc0, 0xff, 0xc0, 0xff, 0xc5, 0xfb, 0xc6, 0xff, 0xd2, 0xf4, 0xd1, 0xff, 0xdc, 0xf2, 0xdb, 0xff, 0xe1, 0xf2, 0xe1, 0xff, 0xe2, 0xef, 0xe3, 0xff, 0xe4, 0xeb, 0xe6, 0xff, 0xe7, 0xeb, 0xe9, 0xff, 0xe9, 0xeb, 0xe9, 0xff, 0xe9, 0xeb, 0xe8, 0xff, 0xe8, 0xeb, 0xe5, 0xff, 0xe7, 0xec, 0xe4, 0xff, 0xe6, 0xed, 0xe3, 0xff, 0xe5, 0xed, 0xe3, 0xff, 0xe5, 0xec, 0xe4, 0xff, 0xe5, 0xeb, 0xe6, 0xff, 0xe5, 0xea, 0xe8, 0xff, 0xe5, 0xea, 0xe8, 0xff, 0xe5, 0xeb, 0xe6, 0xff, 0xe5, 0xec, 0xe5, 0xff, 0xe5, 0xec, 0xe5, 0xff, 0xe5, 0xec, 0xe5, 0xff, 0xe5, 0xec, 0xe5, 0xff, 0xe5, 0xec, 0xe5, 0xff, 0xe5, 0xec, 0xe5, 0xff, 0xe5, 0xec, 0xe5, 0xff, 0xe4, 0xeb, 0xe4, 0xff, 0xe4, 0xeb, 0xe4, 0xff, 0xe4, 0xeb, 0xe4, 0xff, 0xe4, 0xeb, 0xe4, 0xff, 0xe4, 0xeb, 0xe4, 0xff, 0xe4, 0xeb, 0xe4, 0xff, 0xe4, 0xeb, 0xe4, 0xff, 0xe4, 0xeb, 0xe4, 0xff, 0xe5, 0xeb, 0xe6, 0xff, 0xe5, 0xeb, 0xe6, 0xff, 0xe5, 0xeb, 0xe6, 0xff, 0xe4, 0xea, 0xe5, 0xff, 0xe4, 0xea, 0xe5, 0xff, 0xe4, 0xea, 0xe5, 0xff, 0xe4, 0xea, 0xe5, 0xff, 0xe4, 0xea, 0xe5, 0xff, 0xe4, 0xea, 0xe5, 0xff, 0xe4, 0xea, 0xe5, 0xff, 0xe4, 0xea, 0xe5, 0xff, 0xe4, 0xea, 0xe5, 0xff, 0xe4, 0xea, 0xe5, 0xff, 0xe4, 0xea, 0xe5, 0xff, 0xe4, 0xea, 0xe5, 0xff, 0xe4, 0xea, 0xe5, 0xff, 0xe4, 0xea, 0xe5, 0xff, 0xe4, 0xea, 0xe5, 0xff, 0xe4, 0xea, 0xe5, 0xff, 0xe4, 0xea, 0xe5, 0xff, 0xe4, 0xea, 0xe5, 0xff, 0xe4, 0xea, 0xe5, 0xff, 0xe4, 0xea, 0xe5, 0xff, 0xe4, 0xea, 0xe5, 0xff, 0xe3, 0xe9, 0xe4, 0xff, 0xe3, 0xe9, 0xe4, 0xff, 0xe3, 0xe9, 0xe4, 0xff, 0xe3, 0xe9, 0xe4, 0xff, 0xe3, 0xe9, 0xe4, 0xff, 0xe3, 0xe9, 0xe4, 0xff, 0xe3, 0xe9, 0xe4, 0xff, 0xe3, 0xe9, 0xe4, 0xff, 0xe3, 0xe9, 0xe4, 0xff, 0xe3, 0xe9, 0xe4, 0xff, 0xe3, 0xe9, 0xe4, 0xff, 0xe3, 0xe9, 0xe4, 0xff, 0xe3, 0xe9, 0xe4, 0xff, 0xe3, 0xe9, 0xe4, 0xff, 0xe3, 0xe9, 0xe4, 0xff, 0xe3, 0xe9, 0xe4, 0xff, 0xe3, 0xe9, 0xe4, 0xff, 0xe2, 0xe8, 0xe3, 0xff, 0xe2, 0xe8, 0xe3, 0xff, 0xe2, 0xe8, 0xe3, 0xff, 0xe2, 0xe8, 0xe3, 0xff, 0xe3, 0xe9, 0xe4, 0xff, 0xe3, 0xe9, 0xe4, 0xff, 0xe3, 0xeb, 0xe3, 0xff, 0xe1, 0xed, 0xe0, 0xff, 0xe2, 0xec, 0xe2, 0xff, 0xe5, 0xe7, 0xe7, 0xff, 0xe6, 0xe4, 0xe9, 0xff, 0xe7, 0xe4, 0xea, 0xff, 0xe4, 0xe7, 0xe5, 0xff, 0xde, 0xed, 0xdb, 0xff, 0xd6, 0xf3, 0xd2, 0xff, 0xca, 0xf9, 0xc8, 0xff, 0xc2, 0xfe, 0xc2, 0xff, 0xbb, 0xff, 0xc0, 0xff, 0xb8, 0xff, 0xbf, 0xff, 0xba, 0xff, 0xc0, 0xff, 0xbd, 0xff, 0xc0, 0xff, 0xc1, 0xff, 0xbf, 0xff, 0xc2, 0xff, 0xbf, 0xff, 0xc1, 0xff, 0xc0, 0xff, 0xc0, 0xff, 0xc0, 0xff, 0xc0, 0xff, 0xc0, 0xff, 0xc0, 0xff, 0xc0, 0xff, 0xc0, 0xff, 0xc0, 0xff, 0xc0, 0xff, 0xc0, 0xff, 0xc0, 0xff, 0xc0, 0xff, 0xc0, 0xff, 0xc0, 0xff, 
  0xbf, 0xff, 0xbf, 0xff, 0xbf, 0xff, 0xbf, 0xff, 0xbf, 0xff, 0xc0, 0xff, 0xbf, 0xff, 0xc1, 0xff, 0xc0, 0xfe, 0xc1, 0xff, 0xc0, 0xfe, 0xc2, 0xff, 0xc0, 0xfe, 0xc1, 0xff, 0xc0, 0xff, 0xc1, 0xff, 0xc0, 0xff, 0xc0, 0xff, 0xc1, 0xff, 0xc0, 0xff, 0xc1, 0xff, 0xbf, 0xff, 0xc0, 0xff, 0xbf, 0xff, 0xc0, 0xff, 0xc0, 0xff, 0xc0, 0xfe, 0xc1, 0xff, 0xc0, 0xfe, 0xc2, 0xff, 0xc6, 0xfa, 0xc8, 0xff, 0xd5, 0xf4, 0xd4, 0xff, 0xde, 0xf2, 0xdc, 0xff, 0xe2, 0xf2, 0xe1, 0xff, 0xe3, 0xef, 0xe3, 0xff, 0xe4, 0xec, 0xe5, 0xff, 0xe7, 0xec, 0xe8, 0xff, 0xe8, 0xeb, 0xe8, 0xff, 0xe9, 0xeb, 0xe7, 0xff, 0xe7, 0xeb, 0xe5, 0xff, 0xe6, 0xec, 0xe5, 0xff, 0xe6, 0xec, 0xe3, 0xff, 0xe5, 0xec, 0xe3, 0xff, 0xe6, 0xec, 0xe4, 0xff, 0xe6, 0xeb, 0xe5, 0xff, 0xe6, 0xea, 0xe7, 0xff, 0xe6, 0xea, 0xe7, 0xff, 0xe5, 0xeb, 0xe6, 0xff, 0xe5, 0xec, 0xe5, 0xff, 0xe5, 0xec, 0xe5, 0xff, 0xe5, 0xec, 0xe5, 0xff, 0xe5, 0xec, 0xe5, 0xff, 0xe5, 0xec, 0xe5, 0xff, 0xe5, 0xec, 0xe5, 0xff, 0xe5, 0xec, 0xe5, 0xff, 0xe4, 0xeb, 0xe4, 0xff, 0xe4, 0xeb, 0xe4, 0xff, 0xe4, 0xeb, 0xe4, 0xff, 0xe4, 0xeb, 0xe4, 0xff, 0xe4, 0xeb, 0xe4, 0xff, 0xe4, 0xeb, 0xe4, 0xff, 0xe4, 0xeb, 0xe4, 0xff, 0xe4, 0xeb, 0xe4, 0xff, 0xe5, 0xeb, 0xe6, 0xff, 0xe5, 0xeb, 0xe6, 0xff, 0xe5, 0xeb, 0xe6, 0xff, 0xe4, 0xea, 0xe5, 0xff, 0xe4, 0xea, 0xe5, 0xff, 0xe4, 0xea, 0xe5, 0xff, 0xe4, 0xea, 0xe5, 0xff, 0xe3, 0xe9, 0xe4, 0xff, 0xe4, 0xea, 0xe5, 0xff, 0xe4, 0xea, 0xe5, 0xff, 0xe4, 0xea, 0xe5, 0xff, 0xe4, 0xea, 0xe5, 0xff, 0xe4, 0xea, 0xe5, 0xff, 0xe4, 0xea, 0xe5, 0xff, 0xe4, 0xea, 0xe5, 0xff, 0xe4, 0xea, 0xe5, 0xff, 0xe4, 0xea, 0xe5, 0xff, 0xe4, 0xea, 0xe5, 0xff, 0xe4, 0xea, 0xe5, 0xff, 0xe4, 0xea, 0xe5, 0xff, 0xe4, 0xea, 0xe5, 0xff, 0xe4, 0xea, 0xe5, 0xff, 0xe4, 0xea, 0xe5, 0xff, 0xe4, 0xea, 0xe5, 0xff, 0xe3, 0xe9, 0xe4, 0xff, 0xe3, 0xe9, 0xe4, 0xff, 0xe3, 0xe9, 0xe4, 0xff, 0xe3, 0xe9, 0xe4, 0xff, 0xe3, 0xe9, 0xe4, 0xff, 0xe3, 0xe9, 0xe4, 0xff, 0xe3, 0xe9, 0xe4, 0xff, 0xe4, 0xe9, 0xe4, 0xff, 0xe4, 0xe9, 0xe4, 0xff, 0xe4, 0xe9, 0xe4, 0xff, 0xe4, 0xe9, 0xe4, 0xff, 0xe4, 0xe9, 0xe4, 0xff, 0xe4, 0xe9, 0xe4, 0xff, 0xe4, 0xe9, 0xe4, 0xff, 0xe4, 0xe9, 0xe4, 0xff, 0xe4, 0xe9, 0xe4, 0xff, 0xe3, 0xe8, 0xe3, 0xff, 0xe3, 0xe8, 0xe3, 0xff, 0xe3, 0xe8, 0xe3, 0xff, 0xe3, 0xe8, 0xe4, 0xff, 0xe4, 0xe9, 0xe5, 0xff, 0xe5, 0xea, 0xe6, 0xff, 0xe6, 0xeb, 0xe7, 0xff, 0xe7, 0xec, 0xe6, 0xff, 0xe5, 0xee, 0xe4, 0xff, 0xe5, 0xec, 0xe4, 0xff, 0xe7, 0xe8, 0xe8, 0xff, 0xe8, 0xe6, 0xe9, 0xff, 0xe8, 0xe5, 0xea, 0xff, 0xe5, 0xe8, 0xe6, 0xff, 0xe0, 0xed, 0xde, 0xff, 0xd9, 0xf2, 0xd6, 0xff, 0xce, 0xf6, 0xcc, 0xff, 0xc6, 0xfa, 0xc7, 0xff, 0xbf, 0xfd, 0xc4, 0xff, 0xbc, 0xff, 0xc2, 0xff, 0xbc, 0xff, 0xc1, 0xff, 0xbd, 0xff, 0xc0, 0xff, 0xc0, 0xff, 0xbf, 0xff, 0xc0, 0xff, 0xbe, 0xff, 0xbf, 0xff, 0xbe, 0xff, 0xbf, 0xff, 0xbf, 0xff, 0xbf, 0xff, 0xc0, 0xff, 0xbf, 0xff, 0xc1, 0xff, 0xc0, 0xfe, 0xc2, 0xff, 0xc0, 0xfe, 0xc3, 0xff, 0xc0, 0xfe, 0xc3, 0xff, 0xc0, 0xfe, 0xc3, 0xff, 
  0xbd, 0xff, 0xbc, 0xff, 0xbd, 0xff, 0xbd, 0xff, 0xbe, 0xff, 0xbf, 0xff, 0xbf, 0xfe, 0xc1, 0xff, 0xbf, 0xfd, 0xc4, 0xff, 0xc0, 0xfd, 0xc4, 0xff, 0xc1, 0xfd, 0xc3, 0xff, 0xc1, 0xfe, 0xc1, 0xff, 0xc2, 0xff, 0xbf, 0xff, 0xc2, 0xff, 0xbe, 0xff, 0xc2, 0xff, 0xbd, 0xff, 0xc2, 0xff, 0xbe, 0xff, 0xc1, 0xff, 0xc0, 0xff, 0xc0, 0xfc, 0xc2, 0xff, 0xc0, 0xfb, 0xc4, 0xff, 0xc7, 0xf7, 0xcb, 0xff, 0xd8, 0xf2, 0xd7, 0xff, 0xe0, 0xee, 0xdc, 0xff, 0xe2, 0xef, 0xe0, 0xff, 0xe4, 0xef, 0xe2, 0xff, 0xe5, 0xee, 0xe4, 0xff, 0xe6, 0xed, 0xe6, 0xff, 0xe6, 0xeb, 0xe5, 0xff, 0xe6, 0xeb, 0xe5, 0xff, 0xe7, 0xec, 0xe7, 0xff, 0xe7, 0xec, 0xe7, 0xff, 0xe6, 0xec, 0xe6, 0xff, 0xe6, 0xec, 0xe5, 0xff, 0xe6, 0xec, 0xe5, 0xff, 0xe7, 0xeb, 0xe5, 0xff, 0xe7, 0xeb, 0xe5, 0xff, 0xe6, 0xeb, 0xe6, 0xff, 0xe5, 0xeb, 0xe6, 0xff, 0xe4, 0xeb, 0xe6, 0xff, 0xe4, 0xeb, 0xe6, 0xff, 0xe4, 0xeb, 0xe6, 0xff, 0xe4, 0xeb, 0xe6, 0xff, 0xe4, 0xeb, 0xe6, 0xff, 0xe4, 0xeb, 0xe6, 0xff, 0xe4, 0xeb, 0xe6, 0xff, 0xe4, 0xeb, 0xe6, 0xff, 0xe4, 0xeb, 0xe6, 0xff, 0xe4, 0xeb, 0xe6, 0xff, 0xe4, 0xeb, 0xe6, 0xff, 0xe3, 0xea, 0xe5, 0xff, 0xe3, 0xea, 0xe5, 0xff, 0xe3, 0xea, 0xe5, 0xff, 0xe3, 0xea, 0xe5, 0xff, 0xe3, 0xea, 0xe3, 0xff, 0xe3, 0xea, 0xe3, 0xff, 0xe3, 0xea, 0xe3, 0xff, 0xe3, 0xea, 0xe3, 0xff, 0xe3, 0xea, 0xe3, 0xff, 0xe3, 0xea, 0xe3, 0xff, 0xe3, 0xea, 0xe3, 0xff, 0xe3, 0xea, 0xe3, 0xff, 0xe3, 0xea, 0xe3, 0xff, 0xe3, 0xea, 0xe3, 0xff, 0xe3, 0xea, 0xe3, 0xff, 0xe3, 0xea, 0xe3, 0xff, 0xe3, 0xea, 0xe3, 0xff, 0xe3, 0xea, 0xe3, 0xff, 0xe3, 0xea, 0xe3, 0xff, 0xe3, 0xe9, 0xe3, 0xff, 0xe2, 0xe8, 0xe3, 0xff, 0xe2, 0xe8, 0xe3, 0xff, 0xe2, 0xe8, 0xe3, 0xff, 0xe3, 0xe9, 0xe4, 0xff, 0xe3, 0xe9, 0xe4, 0xff, 0xe3, 0xe9, 0xe4, 0xff, 0xe3, 0xe9, 0xe4, 0xff, 0xe3, 0xe9, 0xe4, 0xff, 0xe3, 0xe9, 0xe4, 0xff, 0xe2, 0xe8, 0xe3, 0xff, 0xe2, 0xe8, 0xe3, 0xff, 0xe3, 0xe9, 0xe4, 0xff, 0xe3, 0xe9, 0xe4, 0xff, 0xe3, 0xe9, 0xe4, 0xff, 0xe2, 0xe8, 0xe3, 0xff, 0xe3, 0xe8, 0xe3, 0xff, 0xe3, 0xe7, 0xe2, 0xff, 0xe5, 0xe8, 0xe3, 0xff, 0xe7, 0xea, 0xe5, 0xff, 0xe6, 0xe9, 0xe4, 0xff, 0xe4, 0xe7, 0xe2, 0xff, 0xe3, 0xe5, 0xe1, 0xff, 0xe4, 0xe6, 0xe3, 0xff, 0xe6, 0xe8, 0xe5, 0xff, 0xe7, 0xe9, 0xe6, 0xff, 0xe9, 0xeb, 0xe8, 0xff, 0xec, 0xee, 0xeb, 0xff, 0xef, 0xf1, 0xee, 0xff, 0xf2, 0xf4, 0xf2, 0xff, 0xf3, 0xf4, 0xf3, 0xff, 0xf3, 0xf4, 0xf3, 0xff, 0xf4, 0xf5, 0xf3, 0xff, 0xf4, 0xf4, 0xf1, 0xff, 0xf7, 0xf5, 0xf3, 0xff, 0xf8, 0xf6, 0xf6, 0xff, 0xf7, 0xf4, 0xf5, 0xff, 0xf4, 0xf3, 0xf3, 0xff, 0xed, 0xf0, 0xed, 0xff, 0xe4, 0xee, 0xe4, 0xff, 0xdc, 0xef, 0xdc, 0xff, 0xd5, 0xf1, 0xd6, 0xff, 0xcd, 0xf3, 0xcf, 0xff, 0xc6, 0xf6, 0xc9, 0xff, 0xc3, 0xfa, 0xc5, 0xff, 0xc1, 0xff, 0xc3, 0xff, 0xbf, 0xff, 0xc0, 0xff, 0xbd, 0xff, 0xbd, 0xff, 0xba, 0xff, 0xb8, 0xff, 0xbc, 0xff, 0xb9, 0xff, 0xbe, 0xff, 0xbc, 0xff, 0xc0, 0xff, 0xc1, 0xff, 0xbf, 0xfe, 0xc2, 0xff, 0xbf, 0xfc, 0xc5, 0xff, 0xc0, 0xfc, 0xc7, 0xff, 0xc1, 0xfb, 0xc7, 0xff, 0xbf, 0xf9, 0xc5, 0xff, 
  0xbe, 0xff, 0xbc, 0xff, 0xbe, 0xff, 0xbd, 0xff, 0xbe, 0xff, 0xc0, 0xff, 0xbf, 0xfe, 0xc2, 0xff, 0xbf, 0xfd, 0xc4, 0xff, 0xbf, 0xfd, 0xc4, 0xff, 0xc0, 0xfe, 0xc3, 0xff, 0xc1, 0xfe, 0xc1, 0xff, 0xc3, 0xff, 0xc0, 0xff, 0xc3, 0xff, 0xbe, 0xff, 0xc3, 0xff, 0xbd, 0xff, 0xc3, 0xfe, 0xbe, 0xff, 0xc3, 0xfc, 0xc1, 0xff, 0xc4, 0xfb, 0xc6, 0xff, 0xc5, 0xf9, 0xca, 0xff, 0xcd, 0xf6, 0xd0, 0xff, 0xdc, 0xf1, 0xda, 0xff, 0xe3, 0xee, 0xdf, 0xff, 0xe4, 0xee, 0xe0, 0xff, 0xe5, 0xef, 0xe2, 0xff, 0xe5, 0xee, 0xe4, 0xff, 0xe5, 0xee, 0xe5, 0xff, 0xe5, 0xec, 0xe4, 0xff, 0xe5, 0xec, 0xe5, 0xff, 0xe6, 0xec, 0xe7, 0xff, 0xe6, 0xec, 0xe7, 0xff, 0xe5, 0xeb, 0xe6, 0xff, 0xe6, 0xeb, 0xe6, 0xff, 0xe6, 0xeb, 0xe5, 0xff, 0xe7, 0xeb, 0xe5, 0xff, 0xe7, 0xeb, 0xe5, 0xff, 0xe6, 0xeb, 0xe5, 0xff, 0xe5, 0xeb, 0xe6, 0xff, 0xe4, 0xeb, 0xe6, 0xff, 0xe4, 0xeb, 0xe6, 0xff, 0xe4, 0xeb, 0xe6, 0xff, 0xe4, 0xeb, 0xe6, 0xff, 0xe4, 0xeb, 0xe6, 0xff, 0xe4, 0xeb, 0xe6, 0xff, 0xe3, 0xea, 0xe5, 0xff, 0xe4, 0xeb, 0xe6, 0xff, 0xe4, 0xeb, 0xe6, 0xff, 0xe4, 0xeb, 0xe6, 0xff, 0xe4, 0xeb, 0xe6, 0xff, 0xe3, 0xea, 0xe5, 0xff, 0xe3, 0xea, 0xe5, 0xff, 0xe3, 0xea, 0xe5, 0xff, 0xe3, 0xea, 0xe5, 0xff, 0xe3, 0xe9, 0xe3, 0xff, 0xe3, 0xea, 0xe3, 0xff, 0xe3, 0xea, 0xe3, 0xff, 0xe3, 0xea, 0xe3, 0xff, 0xe3, 0xea, 0xe3, 0xff, 0xe3, 0xea, 0xe3, 0xff, 0xe3, 0xea, 0xe3, 0xff, 0xe3, 0xea, 0xe3, 0xff, 0xe3, 0xea, 0xe3, 0xff, 0xe3, 0xea, 0xe3, 0xff, 0xe3, 0xea, 0xe3, 0xff, 0xe3, 0xea, 0xe3, 0xff, 0xe3, 0xea, 0xe3, 0xff, 0xe3, 0xea, 0xe3, 0xff, 0xe3, 0xea, 0xe3, 0xff, 0xe3, 0xe9, 0xe3, 0xff, 0xe2, 0xe8, 0xe3, 0xff, 0xe2, 0xe8, 0xe3, 0xff, 0xe3, 0xe9, 0xe4, 0xff, 0xe3, 0xe9, 0xe4, 0xff, 0xe3, 0xe9, 0xe4, 0xff, 0xe3, 0xe9, 0xe4, 0xff, 0xe3, 0xe9, 0xe4, 0xff, 0xe3, 0xe9, 0xe4, 0xff, 0xe3, 0xe9, 0xe4, 0xff, 0xe2, 0xe8, 0xe3, 0xff, 0xe2, 0xe8, 0xe3, 0xff, 0xe2, 0xe8, 0xe3, 0xff, 0xe3, 0xe9, 0xe4, 0xff, 0xe3, 0xe9, 0xe4, 0xff, 0xe3, 0xe9, 0xe4, 0xff, 0xe4, 0xe9, 0xe4, 0xff, 0xe6, 0xe9, 0xe4, 0xff, 0xe6, 0xe7, 0xe3, 0xff, 0xe5, 0xe6, 0xe2, 0xff, 0xe5, 0xe6, 0xe2, 0xff, 0xe6, 0xe7, 0xe3, 0xff, 0xe9, 0xea, 0xe7, 0xff, 0xec, 0xed, 0xea, 0xff, 0xee, 0xef, 0xed, 0xff, 0xf1, 0xf2, 0xf0, 0xff, 0xf2, 0xf3, 0xf1, 0xff, 0xf4, 0xf5, 0xf3, 0xff, 0xf5, 0xf5, 0xf4, 0xff, 0xf6, 0xf6, 0xf6, 0xff, 0xf6, 0xf6, 0xf6, 0xff, 0xf5, 0xf5, 0xf5, 0xff, 0xf6, 0xf5, 0xf5, 0xff, 0xf7, 0xf3, 0xf4, 0xff, 0xf8, 0xf3, 0xf4, 0xff, 0xf7, 0xf3, 0xf4, 0xff, 0xf6, 0xf4, 0xf3, 0xff, 0xf5, 0xf4, 0xf3, 0xff, 0xf2, 0xf5, 0xf2, 0xff, 0xef, 0xf7, 0xf0, 0xff, 0xec, 0xf9, 0xed, 0xff, 0xe2, 0xf6, 0xe4, 0xff, 0xdb, 0xf7, 0xdd, 0xff, 0xd2, 0xf6, 0xd4, 0xff, 0xcb, 0xf7, 0xcc, 0xff, 0xc5, 0xf9, 0xc5, 0xff, 0xc1, 0xfc, 0xc2, 0xff, 0xc0, 0xff, 0xc0, 0xff, 0xbf, 0xff, 0xbe, 0xff, 0xbc, 0xff, 0xb8, 0xff, 0xbe, 0xff, 0xba, 0xff, 0xbf, 0xff, 0xbe, 0xff, 0xbe, 0xfd, 0xc1, 0xff, 0xbf, 0xfb, 0xc5, 0xff, 0xc0, 0xfb, 0xc7, 0xff, 0xc2, 0xfc, 0xc8, 0xff, 0xc0, 0xfa, 0xc6, 0xff, 
  0xc0, 0xff, 0xbf, 0xff, 0xc0, 0xff, 0xc0, 0xff, 0xbf, 0xff, 0xc1, 0xff, 0xbf, 0xfe, 0xc2, 0xff, 0xbf, 0xfe, 0xc2, 0xff, 0xbe, 0xff, 0xc1, 0xff, 0xbe, 0xff, 0xc1, 0xff, 0xbe, 0xff, 0xc0, 0xff, 0xc1, 0xff, 0xc0, 0xff, 0xc2, 0xff, 0xbf, 0xff, 0xc3, 0xfd, 0xc0, 0xff, 0xc5, 0xfb, 0xc2, 0xff, 0xc8, 0xfa, 0xc7, 0xff, 0xcb, 0xf8, 0xcc, 0xff, 0xcd, 0xf7, 0xd1, 0xff, 0xd4, 0xf5, 0xd6, 0xff, 0xdf, 0xf1, 0xdd, 0xff, 0xe4, 0xee, 0xe0, 0xff, 0xe5, 0xef, 0xe2, 0xff, 0xe5, 0xee, 0xe3, 0xff, 0xe5, 0xee, 0xe4, 0xff, 0xe5, 0xee, 0xe5, 0xff, 0xe5, 0xec, 0xe4, 0xff, 0xe5, 0xec, 0xe5, 0xff, 0xe5, 0xeb, 0xe6, 0xff, 0xe5, 0xeb, 0xe6, 0xff, 0xe5, 0xeb, 0xe6, 0xff, 0xe5, 0xeb, 0xe6, 0xff, 0xe6, 0xeb, 0xe6, 0xff, 0xe6, 0xeb, 0xe5, 0xff, 0xe7, 0xeb, 0xe5, 0xff, 0xe7, 0xeb, 0xe5, 0xff, 0xe5, 0xeb, 0xe6, 0xff, 0xe5, 0xeb, 0xe6, 0xff, 0xe5, 0xeb, 0xe6, 0xff, 0xe5, 0xeb, 0xe6, 0xff, 0xe5, 0xeb, 0xe6, 0xff, 0xe4, 0xea, 0xe5, 0xff, 0xe4, 0xea, 0xe5, 0xff, 0xe4, 0xea, 0xe5, 0xff, 0xe5, 0xeb, 0xe6, 0xff, 0xe5, 0xeb, 0xe6, 0xff, 0xe4, 0xea, 0xe5, 0xff, 0xe4, 0xea, 0xe5, 0xff, 0xe4, 0xea, 0xe5, 0xff, 0xe4, 0xea, 0xe5, 0xff, 0xe4, 0xea, 0xe5, 0xff, 0xe4, 0xea, 0xe5, 0xff, 0xe3, 0xe9, 0xe4, 0xff, 0xe3, 0xe9, 0xe4, 0xff, 0xe3, 0xe9, 0xe4, 0xff, 0xe3, 0xe9, 0xe4, 0xff, 0xe3, 0xe9, 0xe4, 0xff, 0xe3, 0xe9, 0xe4, 0xff, 0xe3, 0xe9, 0xe4, 0xff, 0xe3, 0xe9, 0xe4, 0xff, 0xe3, 0xe9, 0xe4, 0xff, 0xe3, 0xe9, 0xe4, 0xff, 0xe3, 0xe9, 0xe4, 0xff, 0xe3, 0xe9, 0xe4, 0xff, 0xe3, 0xe9, 0xe4, 0xff, 0xe3, 0xe9, 0xe4, 0xff, 0xe3, 0xe9, 0xe4, 0xff, 0xe3, 0xe9, 0xe4, 0xff, 0xe3, 0xe9, 0xe4, 0xff, 0xe3, 0xe9, 0xe4, 0xff, 0xe3, 0xe9, 0xe4, 0xff, 0xe3, 0xe9, 0xe4, 0xff, 0xe3, 0xe9, 0xe4, 0xff, 0xe2, 0xe8, 0xe3, 0xff, 0xe2, 0xe8, 0xe3, 0xff, 0xe2, 0xe8, 0xe3, 0xff, 0xe2, 0xe8, 0xe3, 0xff, 0xe2, 0xe8, 0xe3, 0xff, 0xe2, 0xe8, 0xe3, 0xff, 0xe2, 0xe8, 0xe3, 0xff, 0xe2, 0xe8, 0xe3, 0xff, 0xe3, 0xe9, 0xe4, 0xff, 0xe3, 0xe9, 0xe4, 0xff, 0xe5, 0xea, 0xe5, 0xff, 0xe5, 0xe8, 0xe3, 0xff, 0xe6, 0xe7, 0xe3, 0xff, 0xe6, 0xe7, 0xe3, 0xff, 0xe8, 0xe9, 0xe5, 0xff, 0xeb, 0xec, 0xe9, 0xff, 0xef, 0xf0, 0xed, 0xff, 0xf2, 0xf3, 0xf0, 0xff, 0xf3, 0xf4, 0xf2, 0xff, 0xf5, 0xf6, 0xf4, 0xff, 0xf5, 0xf6, 0xf4, 0xff, 0xf5, 0xf6, 0xf4, 0xff, 0xf5, 0xf5, 0xf4, 0xff, 0xf4, 0xf4, 0xf4, 0xff, 0xf4, 0xf4, 0xf4, 0xff, 0xf3, 0xf3, 0xf3, 0xff, 0xf4, 0xf3, 0xf3, 0xff, 0xf7, 0xf5, 0xf4, 0xff, 0xf7, 0xf4, 0xf3, 0xff, 0xf5, 0xf3, 0xf2, 0xff, 0xf4, 0xf2, 0xf1, 0xff, 0xf4, 0xf3, 0xf2, 0xff, 0xf3, 0xf5, 0xf3, 0xff, 0xf2, 0xf7, 0xf3, 0xff, 0xf0, 0xf9, 0xf2, 0xff, 0xec, 0xfa, 0xee, 0xff, 0xe6, 0xfb, 0xe8, 0xff, 0xde, 0xfa, 0xdf, 0xff, 0xd6, 0xf8, 0xd6, 0xff, 0xce, 0xf7, 0xce, 0xff, 0xca, 0xf7, 0xc9, 0xff, 0xc9, 0xfa, 0xc7, 0xff, 0xc7, 0xfd, 0xc4, 0xff, 0xc1, 0xff, 0xbd, 0xff, 0xc0, 0xff, 0xbc, 0xff, 0xc0, 0xff, 0xbf, 0xff, 0xbf, 0xfd, 0xc0, 0xff, 0xbf, 0xfc, 0xc3, 0xff, 0xc0, 0xfd, 0xc4, 0xff, 0xc1, 0xfe, 0xc5, 0xff, 0xc0, 0xfd, 0xc4, 0xff, 
  0xc2, 0xfe, 0xc2, 0xff, 0xc1, 0xfe, 0xc2, 0xff, 0xc0, 0xfe, 0xc2, 0xff, 0xbf, 0xff, 0xc1, 0xff, 0xbe, 0xff, 0xc0, 0xff, 0xbd, 0xff, 0xbf, 0xff, 0xbd, 0xff, 0xbf, 0xff, 0xbd, 0xff, 0xbf, 0xff, 0xbf, 0xff, 0xc0, 0xff, 0xc2, 0xfd, 0xc2, 0xff, 0xc5, 0xfb, 0xc5, 0xff, 0xc9, 0xf9, 0xc9, 0xff, 0xce, 0xf7, 0xce, 0xff, 0xd2, 0xf5, 0xd3, 0xff, 0xd7, 0xf5, 0xd8, 0xff, 0xdb, 0xf2, 0xdc, 0xff, 0xe2, 0xf0, 0xe0, 0xff, 0xe5, 0xef, 0xe2, 0xff, 0xe5, 0xee, 0xe3, 0xff, 0xe5, 0xee, 0xe4, 0xff, 0xe5, 0xee, 0xe4, 0xff, 0xe4, 0xec, 0xe4, 0xff, 0xe5, 0xec, 0xe5, 0xff, 0xe5, 0xeb, 0xe5, 0xff, 0xe5, 0xeb, 0xe6, 0xff, 0xe5, 0xeb, 0xe6, 0xff, 0xe5, 0xeb, 0xe6, 0xff, 0xe5, 0xeb, 0xe6, 0xff, 0xe5, 0xeb, 0xe6, 0xff, 0xe6, 0xeb, 0xe6, 0xff, 0xe5, 0xea, 0xe4, 0xff, 0xe5, 0xea, 0xe4, 0xff, 0xe6, 0xeb, 0xe6, 0xff, 0xe5, 0xeb, 0xe6, 0xff, 0xe5, 0xeb, 0xe6, 0xff, 0xe4, 0xea, 0xe5, 0xff, 0xe4, 0xea, 0xe5, 0xff, 0xe4, 0xea, 0xe5, 0xff, 0xe4, 0xea, 0xe5, 0xff, 0xe4, 0xea, 0xe5, 0xff, 0xe4, 0xea, 0xe5, 0xff, 0xe4, 0xea, 0xe5, 0xff, 0xe4, 0xea, 0xe5, 0xff, 0xe4, 0xea, 0xe5, 0xff, 0xe4, 0xea, 0xe5, 0xff, 0xe4, 0xea, 0xe5, 0xff, 0xe4, 0xea, 0xe5, 0xff, 0xe4, 0xea, 0xe5, 0xff, 0xe3, 0xe9, 0xe4, 0xff, 0xe3, 0xe9, 0xe4, 0xff, 0xe3, 0xe9, 0xe4, 0xff, 0xe3, 0xe9, 0xe4, 0xff, 0xe3, 0xe9, 0xe4, 0xff, 0xe3, 0xe9, 0xe4, 0xff, 0xe3, 0xe9, 0xe4, 0xff, 0xe3, 0xe9, 0xe4, 0xff, 0xe3, 0xe9, 0xe4, 0xff, 0xe3, 0xe9, 0xe4, 0xff, 0xe3, 0xe9, 0xe4, 0xff, 0xe3, 0xe9, 0xe4, 0xff, 0xe3, 0xe9, 0xe4, 0xff, 0xe3, 0xe9, 0xe4, 0xff, 0xe3, 0xe9, 0xe4, 0xff, 0xe3, 0xe9, 0xe4, 0xff, 0xe3, 0xe9, 0xe4, 0xff, 0xe3, 0xe9, 0xe4, 0xff, 0xe3, 0xe9, 0xe4, 0xff, 0xe3, 0xe9, 0xe4, 0xff, 0xe2, 0xe8, 0xe3, 0xff, 0xe2, 0xe8, 0xe3, 0xff, 0xe2, 0xe8, 0xe3, 0xff, 0xe2, 0xe8, 0xe3, 0xff, 0xe2, 0xe8, 0xe3, 0xff, 0xe2, 0xe8, 0xe3, 0xff, 0xe2, 0xe8, 0xe3, 0xff, 0xe2, 0xe8, 0xe3, 0xff, 0xe2, 0xe8, 0xe3, 0xff, 0xe2, 0xe8, 0xe3, 0xff, 0xe2, 0xe8, 0xe3, 0xff, 0xe4, 0xe9, 0xe4, 0xff, 0xe4, 0xe6, 0xe2, 0xff, 0xe7, 0xe8, 0xe4, 0xff, 0xeb, 0xec, 0xe8, 0xff, 0xef, 0xf0, 0xed, 0xff, 0xf2, 0xf3, 0xf0, 0xff, 0xf3, 0xf4, 0xf2, 0xff, 0xf3, 0xf4, 0xf2, 0xff, 0xf3, 0xf4, 0xf2, 0xff, 0xf2, 0xf3, 0xf1, 0xff, 0xf2, 0xf3, 0xf1, 0xff, 0xf2, 0xf3, 0xf1, 0xff, 0xf2, 0xf2, 0xf1, 0xff, 0xf1, 0xf1, 0xf1, 0xff, 0xf2, 0xf2, 0xf2, 0xff, 0xf2, 0xf2, 0xf2, 0xff, 0xf2, 0xf2, 0xf2, 0xff, 0xf4, 0xf3, 0xf2, 0xff, 0xf4, 0xf4, 0xf1, 0xff, 0xf4, 0xf4, 0xf1, 0xff, 0xf4, 0xf3, 0xf2, 0xff, 0xf3, 0xf3, 0xf3, 0xff, 0xf1, 0xf2, 0xf2, 0xff, 0xf0, 0xf2, 0xf2, 0xff, 0xee, 0xf2, 0xef, 0xff, 0xef, 0xf8, 0xf1, 0xff, 0xed, 0xfa, 0xee, 0xff, 0xe9, 0xfb, 0xe9, 0xff, 0xe3, 0xfb, 0xe3, 0xff, 0xde, 0xfa, 0xdd, 0xff, 0xd8, 0xf7, 0xd6, 0xff, 0xd3, 0xf5, 0xd0, 0xff, 0xcd, 0xf6, 0xc9, 0xff, 0xc8, 0xfd, 0xc4, 0xff, 0xc4, 0xff, 0xc1, 0xff, 0xc3, 0xfe, 0xc1, 0xff, 0xc2, 0xfe, 0xc1, 0xff, 0xc1, 0xfe, 0xc2, 0xff, 0xc1, 0xff, 0xc2, 0xff, 0xc0, 0xff, 0xc2, 0xff, 0xbf, 0xff, 0xc0, 0xff, 
  0xc3, 0xfc, 0xc5, 0xff, 0xc2, 0xfd, 0xc4, 0xff, 0xc0, 0xfe, 0xc2, 0xff, 0xbf, 0xff, 0xc0, 0xff, 0xbd, 0xff, 0xbd, 0xff, 0xbd, 0xff, 0xbd, 0xff, 0xbc, 0xff, 0xbd, 0xff, 0xbd, 0xff, 0xbf, 0xff, 0xbf, 0xfd, 0xc1, 0xff, 0xc4, 0xfb, 0xc7, 0xff, 0xca, 0xf8, 0xcc, 0xff, 0xd0, 0xf6, 0xd2, 0xff, 0xd6, 0xf4, 0xd7, 0xff, 0xdb, 0xf2, 0xdc, 0xff, 0xdf, 0xf0, 0xdf, 0xff, 0xe2, 0xef, 0xe1, 0xff, 0xe4, 0xef, 0xe3, 0xff, 0xe5, 0xee, 0xe4, 0xff, 0xe5, 0xee, 0xe4, 0xff, 0xe5, 0xee, 0xe4, 0xff, 0xe4, 0xec, 0xe4, 0xff, 0xe4, 0xec, 0xe5, 0xff, 0xe5, 0xeb, 0xe5, 0xff, 0xe4, 0xea, 0xe5, 0xff, 0xe5, 0xeb, 0xe7, 0xff, 0xe5, 0xeb, 0xe7, 0xff, 0xe5, 0xeb, 0xe7, 0xff, 0xe5, 0xeb, 0xe7, 0xff, 0xe4, 0xea, 0xe5, 0xff, 0xe4, 0xea, 0xe5, 0xff, 0xe5, 0xea, 0xe5, 0xff, 0xe5, 0xea, 0xe5, 0xff, 0xe4, 0xea, 0xe5, 0xff, 0xe4, 0xea, 0xe5, 0xff, 0xe4, 0xea, 0xe5, 0xff, 0xe4, 0xea, 0xe5, 0xff, 0xe4, 0xea, 0xe5, 0xff, 0xe4, 0xea, 0xe5, 0xff, 0xe4, 0xea, 0xe5, 0xff, 0xe4, 0xea, 0xe5, 0xff, 0xe4, 0xea, 0xe5, 0xff, 0xe4, 0xea, 0xe5, 0xff, 0xe4, 0xea, 0xe5, 0xff, 0xe4, 0xea, 0xe5, 0xff, 0xe4, 0xea, 0xe5, 0xff, 0xe4, 0xea, 0xe5, 0xff, 0xe3, 0xe9, 0xe4, 0xff, 0xe3, 0xe9, 0xe4, 0xff, 0xe3, 0xe9, 0xe4, 0xff, 0xe3, 0xe9, 0xe4, 0xff, 0xe3, 0xe9, 0xe4, 0xff, 0xe3, 0xe9, 0xe4, 0xff, 0xe3, 0xe9, 0xe4, 0xff, 0xe3, 0xe9, 0xe4, 0xff, 0xe3, 0xe9, 0xe4, 0xff, 0xe3, 0xe9, 0xe4, 0xff, 0xe3, 0xe9, 0xe4, 0xff, 0xe3, 0xe9, 0xe4, 0xff, 0xe3, 0xe9, 0xe4, 0xff, 0xe3, 0xe9, 0xe4, 0xff, 0xe3, 0xe9, 0xe4, 0xff, 0xe3, 0xe9, 0xe4, 0xff, 0xe3, 0xe9, 0xe4, 0xff, 0xe3, 0xe9, 0xe4, 0xff, 0xe3, 0xe9, 0xe4, 0xff, 0xe3, 0xe9, 0xe4, 0xff, 0xe3, 0xe9, 0xe4, 0xff, 0xe2, 0xe8, 0xe3, 0xff, 0xe2, 0xe8, 0xe3, 0xff, 0xe2, 0xe8, 0xe3, 0xff, 0xe2, 0xe8, 0xe3, 0xff, 0xe2, 0xe8, 0xe3, 0xff, 0xe1, 0xe7, 0xe2, 0xff, 0xe2, 0xe8, 0xe3, 0xff, 0xe3, 0xe9, 0xe4, 0xff, 0xe3, 0xe9, 0xe4, 0xff, 0xe2, 0xe8, 0xe3, 0xff, 0xe1, 0xe7, 0xe2, 0xff, 0xe1, 0xe7, 0xe2, 0xff, 0xe2, 0xe7, 0xe2, 0xff, 0xe7, 0xe9, 0xe6, 0xff, 0xec, 0xed, 0xea, 0xff, 0xf1, 0xf2, 0xef, 0xff, 0xf3, 0xf4, 0xf1, 0xff, 0xf4, 0xf5, 0xf2, 0xff, 0xf2, 0xf3, 0xf1, 0xff, 0xf2, 0xf3, 0xf1, 0xff, 0xf2, 0xf3, 0xf1, 0xff, 0xf2, 0xf3, 0xf1, 0xff, 0xf2, 0xf3, 0xf1, 0xff, 0xf2, 0xf2, 0xf1, 0xff, 0xf2, 0xf2, 0xf2, 0xff, 0xf2, 0xf2, 0xf2, 0xff, 0xf3, 0xf3, 0xf3, 0xff, 0xf3, 0xf3, 0xf3, 0xff, 0xf4, 0xf4, 0xf3, 0xff, 0xf0, 0xf2, 0xef, 0xff, 0xf1, 0xf3, 0xf0, 0xff, 0xf2, 0xf4, 0xf1, 0xff, 0xf3, 0xf4, 0xf3, 0xff, 0xf5, 0xf5, 0xf5, 0xff, 0xf4, 0xf3, 0xf5, 0xff, 0xf3, 0xf2, 0xf5, 0xff, 0xf3, 0xf2, 0xf4, 0xff, 0xf0, 0xf2, 0xf2, 0xff, 0xf0, 0xf5, 0xf1, 0xff, 0xee, 0xf6, 0xee, 0xff, 0xee, 0xf9, 0xed, 0xff, 0xed, 0xfa, 0xea, 0xff, 0xe7, 0xf8, 0xe4, 0xff, 0xe0, 0xf3, 0xdc, 0xff, 0xd7, 0xf2, 0xd3, 0xff, 0xce, 0xf8, 0xcb, 0xff, 0xc7, 0xfb, 0xc5, 0xff, 0xc5, 0xfb, 0xc2, 0xff, 0xc4, 0xfd, 0xc2, 0xff, 0xc3, 0xff, 0xc1, 0xff, 0xc1, 0xff, 0xc0, 0xff, 0xbe, 0xff, 0xbe, 0xff, 0xbd, 0xff, 0xbe, 0xff, 
  0xc1, 0xfc, 0xc5, 0xff, 0xc1, 0xfd, 0xc4, 0xff, 0xc0, 0xfe, 0xc1, 0xff, 0xbf, 0xff, 0xbf, 0xff, 0xbe, 0xff, 0xbc, 0xff, 0xbe, 0xff, 0xbc, 0xff, 0xbf, 0xff, 0xbe, 0xff, 0xc0, 0xfe, 0xc1, 0xff, 0xc3, 0xfb, 0xc7, 0xff, 0xc9, 0xf8, 0xcd, 0xff, 0xd0, 0xf5, 0xd4, 0xff, 0xd7, 0xf4, 0xdb, 0xff, 0xdd, 0xf2, 0xdf, 0xff, 0xe2, 0xf0, 0xe2, 0xff, 0xe5, 0xed, 0xe3, 0xff, 0xe5, 0xeb, 0xe3, 0xff, 0xe6, 0xed, 0xe5, 0xff, 0xe4, 0xed, 0xe4, 0xff, 0xe4, 0xec, 0xe4, 0xff, 0xe4, 0xec, 0xe4, 0xff, 0xe4, 0xec, 0xe5, 0xff, 0xe4, 0xec, 0xe5, 0xff, 0xe5, 0xeb, 0xe6, 0xff, 0xe4, 0xea, 0xe6, 0xff, 0xe5, 0xea, 0xe7, 0xff, 0xe5, 0xea, 0xe8, 0xff, 0xe4, 0xe9, 0xe7, 0xff, 0xe4, 0xe9, 0xe6, 0xff, 0xe4, 0xea, 0xe6, 0xff, 0xe4, 0xea, 0xe5, 0xff, 0xe4, 0xea, 0xe5, 0xff, 0xe4, 0xea, 0xe5, 0xff, 0xe4, 0xea, 0xe5, 0xff, 0xe4, 0xea, 0xe5, 0xff, 0xe4, 0xea, 0xe5, 0xff, 0xe4, 0xea, 0xe5, 0xff, 0xe4, 0xea, 0xe5, 0xff, 0xe4, 0xea, 0xe5, 0xff, 0xe4, 0xea, 0xe5, 0xff, 0xe3, 0xe9, 0xe4, 0xff, 0xe4, 0xea, 0xe5, 0xff, 0xe4, 0xea, 0xe5, 0xff, 0xe4, 0xea, 0xe5, 0xff, 0xe4, 0xea, 0xe5, 0xff, 0xe3, 0xe9, 0xe4, 0xff, 0xe3, 0xe9, 0xe4, 0xff, 0xe3, 0xe9, 0xe4, 0xff, 0xe3, 0xe9, 0xe4, 0xff, 0xe3, 0xe9, 0xe4, 0xff, 0xe3, 0xe9, 0xe4, 0xff, 0xe3, 0xe9, 0xe4, 0xff, 0xe3, 0xe9, 0xe4, 0xff, 0xe3, 0xe9, 0xe4, 0xff, 0xe3, 0xe9, 0xe4, 0xff, 0xe3, 0xe9, 0xe4, 0xff, 0xe3, 0xe9, 0xe4, 0xff, 0xe3, 0xe9, 0xe4, 0xff, 0xe3, 0xe9, 0xe4, 0xff, 0xe3, 0xe9, 0xe4, 0xff, 0xe3, 0xe9, 0xe4, 0xff, 0xe3, 0xe9, 0xe4, 0xff, 0xe3, 0xe9, 0xe4, 0xff, 0xe3, 0xe9, 0xe4, 0xff, 0xe3, 0xe9, 0xe4, 0xff, 0xe3, 0xe8, 0xe3, 0xff, 0xe3, 0xe8, 0xe3, 0xff, 0xe3, 0xe8, 0xe3, 0xff, 0xe3, 0xe8, 0xe3, 0xff, 0xe3, 0xe8, 0xe3, 0xff, 0xe3, 0xe8, 0xe3, 0xff, 0xe3, 0xe8, 0xe3, 0xff, 0xe3, 0xe8, 0xe3, 0xff, 0xe2, 0xe7, 0xe2, 0xff, 0xe3, 0xe8, 0xe3, 0xff, 0xe4, 0xe9, 0xe4, 0xff, 0xe4, 0xe9, 0xe4, 0xff, 0xe3, 0xe8, 0xe3, 0xff, 0xe2, 0xe7, 0xe2, 0xff, 0xe3, 0xe8, 0xe3, 0xff, 0xe5, 0xe9, 0xe4, 0xff, 0xec, 0xee, 0xeb, 0xff, 0xf0, 0xf1, 0xef, 0xff, 0xf3, 0xf4, 0xf2, 0xff, 0xf3, 0xf4, 0xf2, 0xff, 0xf1, 0xf2, 0xf0, 0xff, 0xf0, 0xf1, 0xef, 0xff, 0xf1, 0xf2, 0xf0, 0xff, 0xf2, 0xf3, 0xf1, 0xff, 0xf3, 0xf4, 0xf2, 0xff, 0xf2, 0xf2, 0xf1, 0xff, 0xf2, 0xf2, 0xf2, 0xff, 0xf2, 0xf2, 0xf2, 0xff, 0xf2, 0xf2, 0xf2, 0xff, 0xf3, 0xf3, 0xf3, 0xff, 0xf3, 0xf3, 0xf3, 0xff, 0xf2, 0xf3, 0xf2, 0xff, 0xf1, 0xf4, 0xf1, 0xff, 0xf1, 0xf5, 0xf1, 0xff, 0xf0, 0xf3, 0xf0, 0xff, 0xf1, 0xf2, 0xf2, 0xff, 0xf2, 0xf1, 0xf3, 0xff, 0xf3, 0xf1, 0xf4, 0xff, 0xf5, 0xf1, 0xf6, 0xff, 0xf5, 0xf1, 0xf6, 0xff, 0xf3, 0xf1, 0xf4, 0xff, 0xf2, 0xf0, 0xf2, 0xff, 0xf1, 0xf1, 0xf0, 0xff, 0xf1, 0xf3, 0xf0, 0xff, 0xf3, 0xf6, 0xf0, 0xff, 0xf1, 0xf6, 0xed, 0xff, 0xec, 0xf3, 0xe8, 0xff, 0xe2, 0xf3, 0xdf, 0xff, 0xd3, 0xf4, 0xd2, 0xff, 0xca, 0xf5, 0xc9, 0xff, 0xc7, 0xf7, 0xc4, 0xff, 0xc6, 0xfb, 0xc2, 0xff, 0xc4, 0xfe, 0xbf, 0xff, 0xc1, 0xff, 0xbd, 0xff, 0xbe, 0xff, 0xbc, 0xff, 0xbc, 0xff, 0xbc, 0xff, 
  0xbe, 0xfd, 0xc4, 0xff, 0xbe, 0xfe, 0xc3, 0xff, 0xbe, 0xff, 0xc0, 0xff, 0xbf, 0xff, 0xbe, 0xff, 0xc0, 0xff, 0xbd, 0xff, 0xc1, 0xff, 0xbe, 0xff, 0xc3, 0xfe, 0xc1, 0xff, 0xc6, 0xfb, 0xc6, 0xff, 0xcc, 0xf8, 0xcf, 0xff, 0xd1, 0xf4, 0xd6, 0xff, 0xd6, 0xf1, 0xdd, 0xff, 0xdc, 0xef, 0xe2, 0xff, 0xe1, 0xed, 0xe4, 0xff, 0xe5, 0xec, 0xe5, 0xff, 0xe8, 0xeb, 0xe5, 0xff, 0xe8, 0xeb, 0xe5, 0xff, 0xe6, 0xec, 0xe5, 0xff, 0xe5, 0xec, 0xe5, 0xff, 0xe4, 0xeb, 0xe4, 0xff, 0xe4, 0xea, 0xe4, 0xff, 0xe4, 0xea, 0xe5, 0xff, 0xe4, 0xea, 0xe5, 0xff, 0xe4, 0xea, 0xe6, 0xff, 0xe5, 0xea, 0xe7, 0xff, 0xe4, 0xe9, 0xe6, 0xff, 0xe4, 0xe9, 0xe7, 0xff, 0xe4, 0xe9, 0xe7, 0xff, 0xe4, 0xe9, 0xe6, 0xff, 0xe4, 0xe9, 0xe6, 0xff, 0xe4, 0xe9, 0xe6, 0xff, 0xe4, 0xe9, 0xe6, 0xff, 0xe4, 0xea, 0xe6, 0xff, 0xe4, 0xea, 0xe5, 0xff, 0xe4, 0xea, 0xe5, 0xff, 0xe4, 0xea, 0xe5, 0xff, 0xe4, 0xea, 0xe5, 0xff, 0xe4, 0xea, 0xe5, 0xff, 0xe3, 0xe9, 0xe4, 0xff, 0xe3, 0xe9, 0xe4, 0xff, 0xe3, 0xe9, 0xe4, 0xff, 0xe4, 0xea, 0xe5, 0xff, 0xe4, 0xea, 0xe5, 0xff, 0xe3, 0xe9, 0xe4, 0xff, 0xe3, 0xe9, 0xe4, 0xff, 0xe3, 0xe9, 0xe4, 0xff, 0xe3, 0xe9, 0xe4, 0xff, 0xe3, 0xe9, 0xe4, 0xff, 0xe3, 0xe9, 0xe4, 0xff, 0xe3, 0xe9, 0xe4, 0xff, 0xe3, 0xe9, 0xe4, 0xff, 0xe3, 0xe9, 0xe4, 0xff, 0xe3, 0xe9, 0xe4, 0xff, 0xe3, 0xe9, 0xe4, 0xff, 0xe3, 0xe9, 0xe4, 0xff, 0xe3, 0xe9, 0xe4, 0xff, 0xe3, 0xe9, 0xe4, 0xff, 0xe3, 0xe9, 0xe4, 0xff, 0xe3, 0xe9, 0xe4, 0xff, 0xe3, 0xe9, 0xe4, 0xff, 0xe3, 0xe9, 0xe4, 0xff, 0xe3, 0xe9, 0xe4, 0xff, 0xe3, 0xe9, 0xe4, 0xff, 0xe3, 0xe9, 0xe4, 0xff, 0xe4, 0xe9, 0xe4, 0xff, 0xe3, 0xe8, 0xe3, 0xff, 0xe4, 0xe8, 0xe3, 0xff, 0xe4, 0xe8, 0xe3, 0xff, 0xe4, 0xe8, 0xe3, 0xff, 0xe4, 0xe8, 0xe3, 0xff, 0xe4, 0xe8, 0xe3, 0xff, 0xe4, 0xe8, 0xe3, 0xff, 0xe4, 0xe8, 0xe3, 0xff, 0xe4, 0xe8, 0xe3, 0xff, 0xe5, 0xe9, 0xe4, 0xff, 0xe6, 0xea, 0xe5, 0xff, 0xe5, 0xe9, 0xe4, 0xff, 0xe4, 0xe8, 0xe3, 0xff, 0xe5, 0xe9, 0xe4, 0xff, 0xe7, 0xeb, 0xe6, 0xff, 0xe9, 0xed, 0xe8, 0xff, 0xf0, 0xf2, 0xef, 0xff, 0xf1, 0xf2, 0xf0, 0xff, 0xf1, 0xf2, 0xf0, 0xff, 0xf1, 0xf2, 0xf0, 0xff, 0xf0, 0xf1, 0xef, 0xff, 0xf0, 0xf1, 0xef, 0xff, 0xf1, 0xf2, 0xf0, 0xff, 0xf2, 0xf3, 0xf1, 0xff, 0xf1, 0xf1, 0xf0, 0xff, 0xf1, 0xf1, 0xf1, 0xff, 0xf1, 0xf1, 0xf1, 0xff, 0xf1, 0xf1, 0xf1, 0xff, 0xf1, 0xf1, 0xf1, 0xff, 0xf1, 0xf1, 0xf1, 0xff, 0xf1, 0xf1, 0xf1, 0xff, 0xf0, 0xf1, 0xf0, 0xff, 0xf1, 0xf4, 0xf1, 0xff, 0xef, 0xf4, 0xf0, 0xff, 0xef, 0xf2, 0xf0, 0xff, 0xef, 0xf0, 0xf0, 0xff, 0xf0, 0xef, 0xf2, 0xff, 0xf2, 0xee, 0xf3, 0xff, 0xf3, 0xee, 0xf3, 0xff, 0xf4, 0xee, 0xf5, 0xff, 0xf5, 0xf0, 0xf6, 0xff, 0xf4, 0xef, 0xf4, 0xff, 0xf3, 0xf0, 0xf3, 0xff, 0xf3, 0xf0, 0xf2, 0xff, 0xf4, 0xf2, 0xf2, 0xff, 0xf3, 0xf2, 0xf1, 0xff, 0xf2, 0xf3, 0xf0, 0xff, 0xec, 0xf5, 0xeb, 0xff, 0xdd, 0xf5, 0xdd, 0xff, 0xd3, 0xf5, 0xd3, 0xff, 0xcc, 0xf5, 0xc9, 0xff, 0xc9, 0xf9, 0xc5, 0xff, 0xc6, 0xfe, 0xc0, 0xff, 0xc1, 0xff, 0xbc, 0xff, 0xbd, 0xff, 0xba, 0xff, 0xbc, 0xff, 0xba, 0xff, 
  0xba, 0xff, 0xc1, 0xff, 0xbb, 0xff, 0xc1, 0xff, 0xbd, 0xff, 0xbf, 0xff, 0xbf, 0xff, 0xbe, 0xff, 0xc2, 0xff, 0xbe, 0xff, 0xc6, 0xfd, 0xc1, 0xff, 0xc9, 0xfa, 0xc6, 0xff, 0xcd, 0xf6, 0xcc, 0xff, 0xd6, 0xf5, 0xd8, 0xff, 0xda, 0xf1, 0xdf, 0xff, 0xde, 0xed, 0xe4, 0xff, 0xe1, 0xeb, 0xe7, 0xff, 0xe4, 0xea, 0xe8, 0xff, 0xe7, 0xea, 0xe7, 0xff, 0xe8, 0xeb, 0xe6, 0xff, 0xe8, 0xeb, 0xe5, 0xff, 0xe5, 0xea, 0xe4, 0xff, 0xe4, 0xea, 0xe4, 0xff, 0xe4, 0xea, 0xe5, 0xff, 0xe4, 0xea, 0xe5, 0xff, 0xe4, 0xea, 0xe5, 0xff, 0xe4, 0xea, 0xe5, 0xff, 0xe4, 0xea, 0xe6, 0xff, 0xe5, 0xea, 0xe7, 0xff, 0xe4, 0xe9, 0xe6, 0xff, 0xe4, 0xe9, 0xe7, 0xff, 0xe4, 0xe9, 0xe7, 0xff, 0xe4, 0xe9, 0xe7, 0xff, 0xe4, 0xe9, 0xe7, 0xff, 0xe4, 0xe9, 0xe7, 0xff, 0xe4, 0xe9, 0xe7, 0xff, 0xe4, 0xe9, 0xe6, 0xff, 0xe4, 0xea, 0xe5, 0xff, 0xe4, 0xea, 0xe5, 0xff, 0xe4, 0xea, 0xe5, 0xff, 0xe4, 0xea, 0xe5, 0xff, 0xe3, 0xe9, 0xe4, 0xff, 0xe3, 0xe9, 0xe4, 0xff, 0xe3, 0xe9, 0xe4, 0xff, 0xe3, 0xe9, 0xe4, 0xff, 0xe4, 0xea, 0xe5, 0xff, 0xe3, 0xe9, 0xe4, 0xff, 0xe3, 0xe9, 0xe4, 0xff, 0xe3, 0xe9, 0xe4, 0xff, 0xe3, 0xe9, 0xe4, 0xff, 0xe3, 0xe9, 0xe4, 0xff, 0xe3, 0xe9, 0xe4, 0xff, 0xe3, 0xe9, 0xe4, 0xff, 0xe4, 0xe9, 0xe4, 0xff, 0xe4, 0xe9, 0xe4, 0xff, 0xe4, 0xe9, 0xe4, 0xff, 0xe4, 0xe9, 0xe4, 0xff, 0xe4, 0xe9, 0xe4, 0xff, 0xe4, 0xe9, 0xe4, 0xff, 0xe4, 0xe9, 0xe4, 0xff, 0xe4, 0xe9, 0xe4, 0xff, 0xe4, 0xe9, 0xe4, 0xff, 0xe4, 0xe9, 0xe4, 0xff, 0xe4, 0xe9, 0xe4, 0xff, 0xe4, 0xe9, 0xe4, 0xff, 0xe4, 0xe9, 0xe4, 0xff, 0xe4, 0xe9, 0xe4, 0xff, 0xe4, 0xe9, 0xe4, 0xff, 0xe4, 0xe9, 0xe4, 0xff, 0xe3, 0xe7, 0xe2, 0xff, 0xe3, 0xe6, 0xe2, 0xff, 0xe4, 0xe8, 0xe3, 0xff, 0xe4, 0xe8, 0xe3, 0xff, 0xe4, 0xe8, 0xe3, 0xff, 0xe4, 0xe8, 0xe3, 0xff, 0xe5, 0xe9, 0xe4, 0xff, 0xe5, 0xe9, 0xe4, 0xff, 0xe5, 0xe9, 0xe4, 0xff, 0xe6, 0xea, 0xe5, 0xff, 0xe6, 0xea, 0xe5, 0xff, 0xe5, 0xe9, 0xe4, 0xff, 0xe4, 0xe8, 0xe3, 0xff, 0xe6, 0xea, 0xe5, 0xff, 0xea, 0xee, 0xe9, 0xff, 0xee, 0xf0, 0xed, 0xff, 0xef, 0xf1, 0xef, 0xff, 0xf0, 0xf0, 0xef, 0xff, 0xef, 0xef, 0xee, 0xff, 0xf0, 0xf0, 0xef, 0xff, 0xf1, 0xf1, 0xf0, 0xff, 0xf1, 0xf1, 0xf0, 0xff, 0xf1, 0xf1, 0xf0, 0xff, 0xf0, 0xf0, 0xef, 0xff, 0xf0, 0xf0, 0xf0, 0xff, 0xf0, 0xf0, 0xf0, 0xff, 0xf0, 0xf0, 0xf0, 0xff, 0xf0, 0xf0, 0xf0, 0xff, 0xf1, 0xf1, 0xf1, 0xff, 0xf1, 0xf1, 0xf1, 0xff, 0xf0, 0xf0, 0xf0, 0xff, 0xef, 0xf0, 0xef, 0xff, 0xee, 0xf1, 0xee, 0xff, 0xee, 0xf1, 0xee, 0xff, 0xef, 0xf1, 0xf1, 0xff, 0xf1, 0xf2, 0xf3, 0xff, 0xf3, 0xf1, 0xf4, 0xff, 0xf4, 0xf0, 0xf5, 0xff, 0xf5, 0xf0, 0xf6, 0xff, 0xf4, 0xee, 0xf5, 0xff, 0xf4, 0xee, 0xf5, 0xff, 0xf5, 0xf0, 0xf5, 0xff, 0xf6, 0xf1, 0xf6, 0xff, 0xf5, 0xf0, 0xf4, 0xff, 0xf4, 0xf0, 0xf2, 0xff, 0xf3, 0xf0, 0xf2, 0xff, 0xf4, 0xf2, 0xf2, 0xff, 0xf0, 0xf4, 0xef, 0xff, 0xe8, 0xf8, 0xea, 0xff, 0xdd, 0xf6, 0xde, 0xff, 0xd3, 0xf4, 0xd1, 0xff, 0xce, 0xf7, 0xca, 0xff, 0xc9, 0xfc, 0xc3, 0xff, 0xc3, 0xfe, 0xbe, 0xff, 0xbe, 0xff, 0xbb, 0xff, 0xbe, 0xff, 0xbc, 0xff, 
  0xb7, 0xff, 0xbe, 0xff, 0xb9, 0xff, 0xbe, 0xff, 0xbc, 0xff, 0xbe, 0xff, 0xbf, 0xfe, 0xbe, 0xff, 0xc4, 0xfb, 0xbf, 0xff, 0xca, 0xf9, 0xc5, 0xff, 0xd3, 0xf7, 0xcf, 0xff, 0xda, 0xf4, 0xd8, 0xff, 0xdf, 0xf0, 0xe0, 0xff, 0xe2, 0xec, 0xe6, 0xff, 0xe5, 0xe9, 0xea, 0xff, 0xe6, 0xe8, 0xeb, 0xff, 0xe6, 0xe9, 0xea, 0xff, 0xe7, 0xea, 0xe8, 0xff, 0xe7, 0xec, 0xe5, 0xff, 0xe6, 0xec, 0xe4, 0xff, 0xe6, 0xec, 0xe5, 0xff, 0xe5, 0xeb, 0xe6, 0xff, 0xe5, 0xeb, 0xe6, 0xff, 0xe5, 0xeb, 0xe6, 0xff, 0xe5, 0xeb, 0xe6, 0xff, 0xe5, 0xeb, 0xe6, 0xff, 0xe5, 0xeb, 0xe6, 0xff, 0xe5, 0xeb, 0xe7, 0xff, 0xe4, 0xe9, 0xe6, 0xff, 0xe4, 0xe9, 0xe7, 0xff, 0xe4, 0xe9, 0xe7, 0xff, 0xe4, 0xe9, 0xe7, 0xff, 0xe4, 0xe9, 0xe7, 0xff, 0xe4, 0xe9, 0xe7, 0xff, 0xe4, 0xe9, 0xe7, 0xff, 0xe3, 0xe8, 0xe5, 0xff, 0xe4, 0xea, 0xe5, 0xff, 0xe4, 0xea, 0xe5, 0xff, 0xe4, 0xea, 0xe5, 0xff, 0xe4, 0xea, 0xe5, 0xff, 0xe3, 0xe9, 0xe4, 0xff, 0xe3, 0xe9, 0xe4, 0xff, 0xe3, 0xe9, 0xe4, 0xff, 0xe3, 0xe9, 0xe4, 0xff, 0xe3, 0xe9, 0xe4, 0xff, 0xe3, 0xe9, 0xe4, 0xff, 0xe3, 0xe9, 0xe4, 0xff, 0xe3, 0xe9, 0xe4, 0xff, 0xe3, 0xe9, 0xe4, 0xff, 0xe3, 0xe9, 0xe4, 0xff, 0xe3, 0xe9, 0xe4, 0xff, 0xe4, 0xe9, 0xe4, 0xff, 0xe5, 0xea, 0xe5, 0xff, 0xe5, 0xe9, 0xe4, 0xff, 0xe4, 0xe8, 0xe3, 0xff, 0xe4, 0xe8, 0xe3, 0xff, 0xe4, 0xe8, 0xe3, 0xff, 0xe4, 0xe8, 0xe3, 0xff, 0xe4, 0xe8, 0xe3, 0xff, 0xe4, 0xe8, 0xe3, 0xff, 0xe4, 0xe8, 0xe3, 0xff, 0xe4, 0xe8, 0xe3, 0xff, 0xe4, 0xe8, 0xe3, 0xff, 0xe4, 0xe8, 0xe3, 0xff, 0xe4, 0xe8, 0xe3, 0xff, 0xe4, 0xe8, 0xe3, 0xff, 0xe4, 0xe8, 0xe3, 0xff, 0xe4, 0xe8, 0xe3, 0xff, 0xe4, 0xe7, 0xe4, 0xff, 0xe4, 0xe7, 0xe4, 0xff, 0xe4, 0xe7, 0xe4, 0xff, 0xe4, 0xe7, 0xe4, 0xff, 0xe4, 0xe7, 0xe4, 0xff, 0xe4, 0xe7, 0xe4, 0xff, 0xe4, 0xe7, 0xe4, 0xff, 0xe4, 0xe7, 0xe4, 0xff, 0xe4, 0xe7, 0xe4, 0xff, 0xe7, 0xea, 0xe7, 0xff, 0xe6, 0xe9, 0xe6, 0xff, 0xe2, 0xe5, 0xe2, 0xff, 0xe4, 0xe7, 0xe4, 0xff, 0xec, 0xef, 0xec, 0xff, 0xef, 0xf2, 0xef, 0xff, 0xed, 0xef, 0xed, 0xff, 0xef, 0xf0, 0xef, 0xff, 0xf0, 0xf0, 0xf0, 0xff, 0xf0, 0xf0, 0xf0, 0xff, 0xf0, 0xf0, 0xf0, 0xff, 0xef, 0xef, 0xef, 0xff, 0xef, 0xef, 0xef, 0xff, 0xef, 0xef, 0xef, 0xff, 0xef, 0xef, 0xef, 0xff, 0xf0, 0xf0, 0xf0, 0xff, 0xf0, 0xf0, 0xf0, 0xff, 0xf0, 0xf0, 0xf0, 0xff, 0xf0, 0xf0, 0xf0, 0xff, 0xf0, 0xf0, 0xf0, 0xff, 0xf0, 0xf0, 0xf0, 0xff, 0xf0, 0xf0, 0xf0, 0xff, 0xf0, 0xf0, 0xf0, 0xff, 0xef, 0xf0, 0xef, 0xff, 0xef, 0xf0, 0xf0, 0xff, 0xf0, 0xf1, 0xf2, 0xff, 0xf1, 0xf0, 0xf2, 0xff, 0xf2, 0xef, 0xf3, 0xff, 0xf3, 0xef, 0xf4, 0xff, 0xf3, 0xef, 0xf4, 0xff, 0xf3, 0xef, 0xf4, 0xff, 0xf2, 0xee, 0xf3, 0xff, 0xf2, 0xee, 0xf3, 0xff, 0xf1, 0xef, 0xf2, 0xff, 0xf1, 0xef, 0xf1, 0xff, 0xf1, 0xef, 0xf1, 0xff, 0xf1, 0xf0, 0xf0, 0xff, 0xf2, 0xf1, 0xf0, 0xff, 0xef, 0xf2, 0xef, 0xff, 0xed, 0xf6, 0xef, 0xff, 0xe8, 0xf8, 0xea, 0xff, 0xdf, 0xf7, 0xde, 0xff, 0xd2, 0xf4, 0xcf, 0xff, 0xca, 0xf7, 0xc6, 0xff, 0xc6, 0xfd, 0xc2, 0xff, 0xc0, 0xff, 0xbf, 0xff, 0xbc, 0xff, 0xbc, 0xff, 
  0xb5, 0xff, 0xbc, 0xff, 0xb8, 0xff, 0xbc, 0xff, 0xbc, 0xff, 0xbe, 0xff, 0xc1, 0xfd, 0xc0, 0xff, 0xc8, 0xf9, 0xc4, 0xff, 0xd0, 0xf6, 0xcb, 0xff, 0xda, 0xf3, 0xd5, 0xff, 0xe1, 0xf0, 0xdf, 0xff, 0xe5, 0xeb, 0xe6, 0xff, 0xe8, 0xe8, 0xeb, 0xff, 0xe9, 0xe7, 0xed, 0xff, 0xe9, 0xe7, 0xed, 0xff, 0xe7, 0xe8, 0xeb, 0xff, 0xe6, 0xea, 0xe8, 0xff, 0xe4, 0xed, 0xe4, 0xff, 0xe3, 0xec, 0xe2, 0xff, 0xe4, 0xeb, 0xe4, 0xff, 0xe4, 0xea, 0xe5, 0xff, 0xe4, 0xea, 0xe5, 0xff, 0xe4, 0xea, 0xe5, 0xff, 0xe4, 0xea, 0xe5, 0xff, 0xe4, 0xea, 0xe5, 0xff, 0xe4, 0xea, 0xe5, 0xff, 0xe4, 0xea, 0xe5, 0xff, 0xe4, 0xea, 0xe6, 0xff, 0xe4, 0xea, 0xe6, 0xff, 0xe4, 0xea, 0xe6, 0xff, 0xe4, 0xea, 0xe6, 0xff, 0xe4, 0xe9, 0xe6, 0xff, 0xe4, 0xe9, 0xe7, 0xff, 0xe3, 0xe8, 0xe5, 0xff, 0xe3, 0xe9, 0xe5, 0xff, 0xe5, 0xea, 0xe5, 0xff, 0xe5, 0xea, 0xe5, 0xff, 0xe5, 0xea, 0xe5, 0xff, 0xe4, 0xe9, 0xe4, 0xff, 0xe4, 0xe9, 0xe4, 0xff, 0xe4, 0xe9, 0xe4, 0xff, 0xe4, 0xe9, 0xe4, 0xff, 0xe4, 0xe9, 0xe4, 0xff, 0xe4, 0xe9, 0xe4, 0xff, 0xe4, 0xe9, 0xe4, 0xff, 0xe4, 0xe9, 0xe4, 0xff, 0xe4, 0xe9, 0xe4, 0xff, 0xe4, 0xe9, 0xe4, 0xff, 0xe4, 0xe9, 0xe4, 0xff, 0xe4, 0xe9, 0xe4, 0xff, 0xe4, 0xe9, 0xe4, 0xff, 0xe5, 0xe9, 0xe4, 0xff, 0xe5, 0xe9, 0xe4, 0xff, 0xe4, 0xe8, 0xe3, 0xff, 0xe4, 0xe8, 0xe3, 0xff, 0xe4, 0xe8, 0xe3, 0xff, 0xe4, 0xe8, 0xe3, 0xff, 0xe4, 0xe8, 0xe3, 0xff, 0xe5, 0xe9, 0xe4, 0xff, 0xe4, 0xe8, 0xe3, 0xff, 0xe4, 0xe8, 0xe3, 0xff, 0xe4, 0xe8, 0xe3, 0xff, 0xe4, 0xe8, 0xe3, 0xff, 0xe4, 0xe8, 0xe3, 0xff, 0xe4, 0xe8, 0xe3, 0xff, 0xe4, 0xe8, 0xe3, 0xff, 0xe4, 0xe7, 0xe4, 0xff, 0xe4, 0xe7, 0xe4, 0xff, 0xe4, 0xe7, 0xe4, 0xff, 0xe4, 0xe7, 0xe4, 0xff, 0xe4, 0xe7, 0xe4, 0xff, 0xe4, 0xe7, 0xe4, 0xff, 0xe4, 0xe7, 0xe4, 0xff, 0xe4, 0xe7, 0xe4, 0xff, 0xe4, 0xe7, 0xe4, 0xff, 0xe4, 0xe7, 0xe4, 0xff, 0xe6, 0xe9, 0xe7, 0xff, 0xe5, 0xe8, 0xe5, 0xff, 0xe4, 0xe7, 0xe4, 0xff, 0xe6, 0xe9, 0xe7, 0xff, 0xec, 0xef, 0xed, 0xff, 0xee, 0xf1, 0xef, 0xff, 0xed, 0xef, 0xed, 0xff, 0xee, 0xef, 0xef, 0xff, 0xef, 0xef, 0xef, 0xff, 0xef, 0xef, 0xef, 0xff, 0xef, 0xef, 0xef, 0xff, 0xef, 0xef, 0xef, 0xff, 0xef, 0xef, 0xef, 0xff, 0xef, 0xef, 0xef, 0xff, 0xef, 0xef, 0xef, 0xff, 0xef, 0xef, 0xef, 0xff, 0xef, 0xef, 0xef, 0xff, 0xf0, 0xf0, 0xf0, 0xff, 0xf0, 0xf0, 0xf0, 0xff, 0xf0, 0xf0, 0xf0, 0xff, 0xf0, 0xf0, 0xf0, 0xff, 0xf0, 0xf0, 0xf0, 0xff, 0xf0, 0xf0, 0xf0, 0xff, 0xef, 0xef, 0xef, 0xff, 0xf0, 0xf0, 0xf1, 0xff, 0xf0, 0xef, 0xf1, 0xff, 0xf1, 0xef, 0xf2, 0xff, 0xf1, 0xef, 0xf2, 0xff, 0xf1, 0xee, 0xf2, 0xff, 0xf1, 0xee, 0xf2, 0xff, 0xf1, 0xee, 0xf2, 0xff, 0xf1, 0xef, 0xf2, 0xff, 0xf0, 0xef, 0xf2, 0xff, 0xee, 0xee, 0xf0, 0xff, 0xee, 0xef, 0xef, 0xff, 0xef, 0xf0, 0xf0, 0xff, 0xef, 0xf1, 0xef, 0xff, 0xef, 0xf1, 0xee, 0xff, 0xee, 0xf1, 0xef, 0xff, 0xef, 0xf3, 0xf2, 0xff, 0xec, 0xf5, 0xef, 0xff, 0xe5, 0xf6, 0xe5, 0xff, 0xda, 0xf6, 0xd9, 0xff, 0xcf, 0xf6, 0xcc, 0xff, 0xc8, 0xf9, 0xc6, 0xff, 0xc3, 0xfd, 0xc3, 0xff, 0xc0, 0xff, 0xc1, 0xff, 
  0xb6, 0xff, 0xbb, 0xff, 0xb8, 0xff, 0xbc, 0xff, 0xbd, 0xff, 0xbe, 0xff, 0xc4, 0xfb, 0xc3, 0xff, 0xce, 0xf8, 0xcb, 0xff, 0xd7, 0xf4, 0xd3, 0xff, 0xe0, 0xf0, 0xdc, 0xff, 0xe6, 0xec, 0xe4, 0xff, 0xea, 0xe8, 0xea, 0xff, 0xec, 0xe6, 0xed, 0xff, 0xec, 0xe6, 0xee, 0xff, 0xea, 0xe7, 0xed, 0xff, 0xe7, 0xe9, 0xea, 0xff, 0xe3, 0xea, 0xe5, 0xff, 0xe0, 0xed, 0xe2, 0xff, 0xe0, 0xed, 0xe1, 0xff, 0xe3, 0xeb, 0xe5, 0xff, 0xe4, 0xe9, 0xe6, 0xff, 0xe4, 0xe9, 0xe6, 0xff, 0xe4, 0xea, 0xe6, 0xff, 0xe4, 0xea, 0xe5, 0xff, 0xe4, 0xea, 0xe5, 0xff, 0xe4, 0xea, 0xe5, 0xff, 0xe4, 0xea, 0xe5, 0xff, 0xe4, 0xea, 0xe5, 0xff, 0xe4, 0xea, 0xe5, 0xff, 0xe3, 0xea, 0xe5, 0xff, 0xe3, 0xea, 0xe6, 0xff, 0xe2, 0xe9, 0xe5, 0xff, 0xe2, 0xe9, 0xe5, 0xff, 0xe2, 0xe9, 0xe5, 0xff, 0xe3, 0xe9, 0xe5, 0xff, 0xe5, 0xea, 0xe5, 0xff, 0xe5, 0xe9, 0xe4, 0xff, 0xe5, 0xe9, 0xe4, 0xff, 0xe5, 0xe9, 0xe4, 0xff, 0xe5, 0xe9, 0xe4, 0xff, 0xe5, 0xe9, 0xe4, 0xff, 0xe5, 0xe9, 0xe4, 0xff, 0xe5, 0xe9, 0xe4, 0xff, 0xe5, 0xe9, 0xe4, 0xff, 0xe5, 0xe9, 0xe4, 0xff, 0xe5, 0xe9, 0xe4, 0xff, 0xe5, 0xe9, 0xe4, 0xff, 0xe5, 0xe9, 0xe4, 0xff, 0xe5, 0xe9, 0xe4, 0xff, 0xe5, 0xe9, 0xe4, 0xff, 0xe5, 0xe9, 0xe4, 0xff, 0xe4, 0xe7, 0xe4, 0xff, 0xe4, 0xe7, 0xe4, 0xff, 0xe4, 0xe7, 0xe4, 0xff, 0xe4, 0xe7, 0xe4, 0xff, 0xe4, 0xe7, 0xe4, 0xff, 0xe4, 0xe7, 0xe4, 0xff, 0xe5, 0xe8, 0xe5, 0xff, 0xe5, 0xe8, 0xe5, 0xff, 0xe5, 0xe8, 0xe5, 0xff, 0xe5, 0xe8, 0xe5, 0xff, 0xe5, 0xe8, 0xe5, 0xff, 0xe5, 0xe8, 0xe5, 0xff, 0xe5, 0xe8, 0xe5, 0xff, 0xe5, 0xe8, 0xe5, 0xff, 0xe5, 0xe8, 0xe5, 0xff, 0xe5, 0xe8, 0xe5, 0xff, 0xe4, 0xe7, 0xe4, 0xff, 0xe4, 0xe7, 0xe4, 0xff, 0xe4, 0xe7, 0xe4, 0xff, 0xe4, 0xe7, 0xe4, 0xff, 0xe4, 0xe7, 0xe4, 0xff, 0xe4, 0xe7, 0xe4, 0xff, 0xe4, 0xe7, 0xe4, 0xff, 0xe4, 0xe7, 0xe4, 0xff, 0xe5, 0xe8, 0xe5, 0xff, 0xe4, 0xe7, 0xe4, 0xff, 0xe4, 0xe7, 0xe4, 0xff, 0xe6, 0xe9, 0xe7, 0xff, 0xea, 0xed, 0xeb, 0xff, 0xec, 0xef, 0xed, 0xff, 0xed, 0xf0, 0xee, 0xff, 0xee, 0xf0, 0xee, 0xff, 0xed, 0xee, 0xee, 0xff, 0xee, 0xed, 0xef, 0xff, 0xee, 0xed, 0xef, 0xff, 0xee, 0xee, 0xef, 0xff, 0xef, 0xef, 0xef, 0xff, 0xef, 0xef, 0xef, 0xff, 0xef, 0xef, 0xef, 0xff, 0xef, 0xef, 0xef, 0xff, 0xef, 0xef, 0xef, 0xff, 0xef, 0xef, 0xef, 0xff, 0xef, 0xef, 0xef, 0xff, 0xef, 0xef, 0xef, 0xff, 0xef, 0xef, 0xef, 0xff, 0xef, 0xef, 0xef, 0xff, 0xf0, 0xf0, 0xef, 0xff, 0xf0, 0xf0, 0xef, 0xff, 0xf0, 0xee, 0xef, 0xff, 0xf0, 0xee, 0xf0, 0xff, 0xf0, 0xee, 0xf0, 0xff, 0xf0, 0xee, 0xf0, 0xff, 0xf0, 0xee, 0xf1, 0xff, 0xef, 0xee, 0xf1, 0xff, 0xef, 0xee, 0xf1, 0xff, 0xef, 0xee, 0xf0, 0xff, 0xee, 0xef, 0xf0, 0xff, 0xee, 0xef, 0xef, 0xff, 0xed, 0xf0, 0xef, 0xff, 0xec, 0xf0, 0xee, 0xff, 0xec, 0xf0, 0xed, 0xff, 0xec, 0xf1, 0xed, 0xff, 0xec, 0xf2, 0xee, 0xff, 0xed, 0xf1, 0xef, 0xff, 0xf0, 0xf0, 0xf2, 0xff, 0xf0, 0xf2, 0xf2, 0xff, 0xeb, 0xf6, 0xec, 0xff, 0xe2, 0xf7, 0xe1, 0xff, 0xd6, 0xf6, 0xd4, 0xff, 0xcb, 0xf5, 0xc9, 0xff, 0xc5, 0xf9, 0xc6, 0xff, 0xc5, 0xfe, 0xc6, 0xff, 
  0xb9, 0xff, 0xbc, 0xff, 0xbb, 0xff, 0xbd, 0xff, 0xc0, 0xfd, 0xc1, 0xff, 0xc8, 0xfa, 0xc7, 0xff, 0xd2, 0xf6, 0xd1, 0xff, 0xdc, 0xf3, 0xda, 0xff, 0xe3, 0xee, 0xe0, 0xff, 0xe9, 0xea, 0xe6, 0xff, 0xec, 0xe7, 0xeb, 0xff, 0xed, 0xe6, 0xed, 0xff, 0xec, 0xe6, 0xed, 0xff, 0xe9, 0xe6, 0xea, 0xff, 0xe6, 0xe9, 0xe7, 0xff, 0xe3, 0xeb, 0xe4, 0xff, 0xdf, 0xed, 0xe2, 0xff, 0xdf, 0xed, 0xe2, 0xff, 0xe4, 0xeb, 0xe6, 0xff, 0xe6, 0xea, 0xe8, 0xff, 0xe5, 0xea, 0xe8, 0xff, 0xe5, 0xeb, 0xe7, 0xff, 0xe5, 0xeb, 0xe6, 0xff, 0xe5, 0xeb, 0xe6, 0xff, 0xe5, 0xeb, 0xe6, 0xff, 0xe5, 0xeb, 0xe6, 0xff, 0xe4, 0xea, 0xe5, 0xff, 0xe4, 0xea, 0xe5, 0xff, 0xe2, 0xe9, 0xe4, 0xff, 0xe2, 0xe9, 0xe4, 0xff, 0xe2, 0xe9, 0xe5, 0xff, 0xe2, 0xe9, 0xe5, 0xff, 0xe2, 0xe9, 0xe5, 0xff, 0xe2, 0xe9, 0xe5, 0xff, 0xe4, 0xe9, 0xe4, 0xff, 0xe5, 0xe9, 0xe4, 0xff, 0xe5, 0xe9, 0xe4, 0xff, 0xe5, 0xe9, 0xe4, 0xff, 0xe5, 0xe9, 0xe4, 0xff, 0xe5, 0xe9, 0xe4, 0xff, 0xe5, 0xe9, 0xe4, 0xff, 0xe5, 0xe9, 0xe4, 0xff, 0xe5, 0xe9, 0xe4, 0xff, 0xe5, 0xe9, 0xe4, 0xff, 0xe5, 0xe9, 0xe4, 0xff, 0xe5, 0xe9, 0xe4, 0xff, 0xe5, 0xe9, 0xe4, 0xff, 0xe5, 0xe9, 0xe4, 0xff, 0xe5, 0xe9, 0xe4, 0xff, 0xe5, 0xe9, 0xe4, 0xff, 0xe4, 0xe7, 0xe4, 0xff, 0xe4, 0xe7, 0xe4, 0xff, 0xe4, 0xe7, 0xe4, 0xff, 0xe4, 0xe7, 0xe4, 0xff, 0xe4, 0xe7, 0xe4, 0xff, 0xe5, 0xe8, 0xe5, 0xff, 0xe5, 0xe8, 0xe5, 0xff, 0xe5, 0xe8, 0xe5, 0xff, 0xe5, 0xe8, 0xe5, 0xff, 0xe5, 0xe8, 0xe5, 0xff, 0xe5, 0xe8, 0xe5, 0xff, 0xe5, 0xe8, 0xe5, 0xff, 0xe5, 0xe8, 0xe5, 0xff, 0xe5, 0xe8, 0xe5, 0xff, 0xe5, 0xe8, 0xe5, 0xff, 0xe5, 0xe8, 0xe5, 0xff, 0xe4, 0xe7, 0xe4, 0xff, 0xe4, 0xe7, 0xe4, 0xff, 0xe4, 0xe7, 0xe4, 0xff, 0xe4, 0xe7, 0xe4, 0xff, 0xe4, 0xe7, 0xe4, 0xff, 0xe4, 0xe7, 0xe4, 0xff, 0xe4, 0xe7, 0xe4, 0xff, 0xe4, 0xe7, 0xe4, 0xff, 0xe6, 0xe9, 0xe7, 0xff, 0xe3, 0xe6, 0xe3, 0xff, 0xe3, 0xe6, 0xe3, 0xff, 0xe8, 0xeb, 0xe9, 0xff, 0xec, 0xef, 0xed, 0xff, 0xec, 0xef, 0xed, 0xff, 0xec, 0xef, 0xed, 0xff, 0xed, 0xef, 0xed, 0xff, 0xec, 0xed, 0xee, 0xff, 0xee, 0xed, 0xef, 0xff, 0xee, 0xed, 0xef, 0xff, 0xee, 0xed, 0xef, 0xff, 0xef, 0xef, 0xf0, 0xff, 0xef, 0xef, 0xef, 0xff, 0xef, 0xef, 0xef, 0xff, 0xef, 0xef, 0xef, 0xff, 0xee, 0xee, 0xee, 0xff, 0xee, 0xee, 0xee, 0xff, 0xee, 0xee, 0xee, 0xff, 0xef, 0xef, 0xef, 0xff, 0xef, 0xef, 0xef, 0xff, 0xef, 0xef, 0xef, 0xff, 0xef, 0xef, 0xee, 0xff, 0xef, 0xef, 0xee, 0xff, 0xf0, 0xee, 0xf0, 0xff, 0xf0, 0xee, 0xf0, 0xff, 0xf0, 0xee, 0xf0, 0xff, 0xf0, 0xee, 0xf0, 0xff, 0xef, 0xee, 0xf0, 0xff, 0xee, 0xed, 0xef, 0xff, 0xee, 0xee, 0xef, 0xff, 0xed, 0xee, 0xee, 0xff, 0xed, 0xef, 0xef, 0xff, 0xed, 0xf0, 0xee, 0xff, 0xec, 0xf0, 0xee, 0xff, 0xec, 0xf0, 0xed, 0xff, 0xec, 0xf1, 0xed, 0xff, 0xeb, 0xf1, 0xec, 0xff, 0xec, 0xf2, 0xed, 0xff, 0xed, 0xf1, 0xef, 0xff, 0xf1, 0xef, 0xf2, 0xff, 0xef, 0xee, 0xf0, 0xff, 0xed, 0xf3, 0xee, 0xff, 0xe8, 0xf7, 0xe8, 0xff, 0xdd, 0xf7, 0xdd, 0xff, 0xd0, 0xf4, 0xd0, 0xff, 0xc8, 0xf7, 0xc9, 0xff, 0xc8, 0xfc, 0xca, 0xff, 
  0xbf, 0xff, 0xbf, 0xff, 0xc1, 0xff, 0xc0, 0xff, 0xc5, 0xfa, 0xc5, 0xff, 0xcd, 0xf8, 0xcd, 0xff, 0xd6, 0xf5, 0xd6, 0xff, 0xde, 0xf1, 0xdd, 0xff, 0xe4, 0xed, 0xe3, 0xff, 0xe9, 0xea, 0xe7, 0xff, 0xea, 0xe7, 0xe8, 0xff, 0xeb, 0xe7, 0xe9, 0xff, 0xeb, 0xe7, 0xe9, 0xff, 0xe9, 0xe8, 0xe7, 0xff, 0xe6, 0xea, 0xe5, 0xff, 0xe3, 0xeb, 0xe4, 0xff, 0xe0, 0xec, 0xe2, 0xff, 0xe0, 0xec, 0xe3, 0xff, 0xe4, 0xea, 0xe5, 0xff, 0xe5, 0xe9, 0xe7, 0xff, 0xe5, 0xe9, 0xe7, 0xff, 0xe4, 0xe9, 0xe6, 0xff, 0xe4, 0xea, 0xe5, 0xff, 0xe4, 0xea, 0xe5, 0xff, 0xe4, 0xea, 0xe4, 0xff, 0xe4, 0xeb, 0xe4, 0xff, 0xe3, 0xea, 0xe3, 0xff, 0xe3, 0xea, 0xe3, 0xff, 0xe2, 0xe9, 0xe4, 0xff, 0xe2, 0xe9, 0xe4, 0xff, 0xe2, 0xe9, 0xe4, 0xff, 0xe2, 0xe9, 0xe5, 0xff, 0xe2, 0xe9, 0xe5, 0xff, 0xe2, 0xe9, 0xe5, 0xff, 0xe4, 0xe9, 0xe4, 0xff, 0xe5, 0xe9, 0xe4, 0xff, 0xe5, 0xe9, 0xe4, 0xff, 0xe5, 0xe9, 0xe4, 0xff, 0xe5, 0xe9, 0xe4, 0xff, 0xe4, 0xe8, 0xe3, 0xff, 0xe4, 0xe8, 0xe3, 0xff, 0xe4, 0xe8, 0xe3, 0xff, 0xe4, 0xe8, 0xe3, 0xff, 0xe4, 0xe8, 0xe3, 0xff, 0xe4, 0xe8, 0xe3, 0xff, 0xe5, 0xe9, 0xe4, 0xff, 0xe5, 0xe9, 0xe4, 0xff, 0xe5, 0xe9, 0xe4, 0xff, 0xe5, 0xe9, 0xe4, 0xff, 0xe5, 0xe9, 0xe4, 0xff, 0xe4, 0xe7, 0xe4, 0xff, 0xe4, 0xe7, 0xe4, 0xff, 0xe4, 0xe7, 0xe4, 0xff, 0xe4, 0xe7, 0xe4, 0xff, 0xe5, 0xe8, 0xe5, 0xff, 0xe5, 0xe8, 0xe5, 0xff, 0xe5, 0xe8, 0xe5, 0xff, 0xe5, 0xe8, 0xe5, 0xff, 0xe5, 0xe8, 0xe5, 0xff, 0xe5, 0xe8, 0xe5, 0xff, 0xe5, 0xe8, 0xe5, 0xff, 0xe5, 0xe8, 0xe5, 0xff, 0xe5, 0xe8, 0xe5, 0xff, 0xe5, 0xe8, 0xe5, 0xff, 0xe5, 0xe8, 0xe5, 0xff, 0xe5, 0xe8, 0xe5, 0xff, 0xe4, 0xe7, 0xe4, 0xff, 0xe4, 0xe7, 0xe4, 0xff, 0xe4, 0xe7, 0xe4, 0xff, 0xe4, 0xe7, 0xe4, 0xff, 0xe4, 0xe7, 0xe4, 0xff, 0xe4, 0xe7, 0xe4, 0xff, 0xe4, 0xe7, 0xe4, 0xff, 0xe4, 0xe7, 0xe4, 0xff, 0xe6, 0xe9, 0xe7, 0xff, 0xe3, 0xe6, 0xe3, 0xff, 0xe4, 0xe7, 0xe4, 0xff, 0xea, 0xed, 0xeb, 0xff, 0xed, 0xf0, 0xee, 0xff, 0xec, 0xef, 0xed, 0xff, 0xea, 0xed, 0xeb, 0xff, 0xed, 0xef, 0xed, 0xff, 0xec, 0xed, 0xee, 0xff, 0xed, 0xec, 0xee, 0xff, 0xee, 0xed, 0xef, 0xff, 0xee, 0xed, 0xef, 0xff, 0xef, 0xee, 0xf0, 0xff, 0xef, 0xef, 0xf0, 0xff, 0xef, 0xef, 0xef, 0xff, 0xef, 0xef, 0xef, 0xff, 0xee, 0xee, 0xee, 0xff, 0xee, 0xee, 0xee, 0xff, 0xee, 0xee, 0xee, 0xff, 0xee, 0xee, 0xee, 0xff, 0xee, 0xee, 0xee, 0xff, 0xee, 0xee, 0xee, 0xff, 0xee, 0xee, 0xed, 0xff, 0xee, 0xee, 0xed, 0xff, 0xef, 0xef, 0xf0, 0xff, 0xef, 0xee, 0xf0, 0xff, 0xef, 0xef, 0xf0, 0xff, 0xef, 0xef, 0xef, 0xff, 0xef, 0xef, 0xef, 0xff, 0xee, 0xee, 0xee, 0xff, 0xed, 0xee, 0xed, 0xff, 0xec, 0xef, 0xed, 0xff, 0xed, 0xf0, 0xee, 0xff, 0xed, 0xf0, 0xee, 0xff, 0xed, 0xf0, 0xee, 0xff, 0xed, 0xf0, 0xed, 0xff, 0xed, 0xf0, 0xed, 0xff, 0xed, 0xf0, 0xed, 0xff, 0xec, 0xf0, 0xed, 0xff, 0xef, 0xf0, 0xef, 0xff, 0xf2, 0xed, 0xf1, 0xff, 0xef, 0xec, 0xef, 0xff, 0xed, 0xef, 0xed, 0xff, 0xea, 0xf4, 0xea, 0xff, 0xe1, 0xf6, 0xe3, 0xff, 0xd5, 0xf4, 0xd7, 0xff, 0xcc, 0xf5, 0xce, 0xff, 0xc9, 0xf7, 0xcb, 0xff, 
  0xc5, 0xfe, 0xc1, 0xff, 0xc7, 0xfc, 0xc4, 0xff, 0xcc, 0xf9, 0xca, 0xff, 0xd2, 0xf6, 0xd1, 0xff, 0xd9, 0xf3, 0xd9, 0xff, 0xdf, 0xf0, 0xdf, 0xff, 0xe3, 0xed, 0xe4, 0xff, 0xe6, 0xea, 0xe5, 0xff, 0xe8, 0xe9, 0xe6, 0xff, 0xe9, 0xe9, 0xe6, 0xff, 0xe9, 0xe9, 0xe5, 0xff, 0xe8, 0xea, 0xe4, 0xff, 0xe5, 0xeb, 0xe4, 0xff, 0xe3, 0xeb, 0xe3, 0xff, 0xe1, 0xeb, 0xe4, 0xff, 0xe1, 0xea, 0xe3, 0xff, 0xe4, 0xe9, 0xe5, 0xff, 0xe5, 0xe8, 0xe5, 0xff, 0xe4, 0xe8, 0xe5, 0xff, 0xe4, 0xe9, 0xe5, 0xff, 0xe3, 0xe9, 0xe4, 0xff, 0xe3, 0xe9, 0xe3, 0xff, 0xe3, 0xea, 0xe3, 0xff, 0xe3, 0xea, 0xe3, 0xff, 0xe3, 0xea, 0xe2, 0xff, 0xe3, 0xea, 0xe3, 0xff, 0xe2, 0xea, 0xe3, 0xff, 0xe2, 0xea, 0xe4, 0xff, 0xe2, 0xe9, 0xe4, 0xff, 0xe2, 0xe9, 0xe4, 0xff, 0xe1, 0xe8, 0xe4, 0xff, 0xe1, 0xe8, 0xe4, 0xff, 0xe4, 0xe9, 0xe4, 0xff, 0xe5, 0xe9, 0xe4, 0xff, 0xe5, 0xe9, 0xe4, 0xff, 0xe4, 0xe8, 0xe3, 0xff, 0xe4, 0xe8, 0xe3, 0xff, 0xe4, 0xe8, 0xe3, 0xff, 0xe4, 0xe8, 0xe3, 0xff, 0xe4, 0xe8, 0xe3, 0xff, 0xe4, 0xe8, 0xe3, 0xff, 0xe4, 0xe8, 0xe3, 0xff, 0xe4, 0xe8, 0xe3, 0xff, 0xe4, 0xe8, 0xe3, 0xff, 0xe5, 0xe9, 0xe4, 0xff, 0xe5, 0xe9, 0xe4, 0xff, 0xe5, 0xe9, 0xe4, 0xff, 0xe5, 0xe9, 0xe4, 0xff, 0xe4, 0xe7, 0xe4, 0xff, 0xe4, 0xe7, 0xe4, 0xff, 0xe4, 0xe7, 0xe4, 0xff, 0xe5, 0xe8, 0xe5, 0xff, 0xe5, 0xe8, 0xe5, 0xff, 0xe5, 0xe8, 0xe5, 0xff, 0xe4, 0xe7, 0xe4, 0xff, 0xe4, 0xe7, 0xe4, 0xff, 0xe5, 0xe8, 0xe5, 0xff, 0xe5, 0xe8, 0xe5, 0xff, 0xe5, 0xe8, 0xe5, 0xff, 0xe5, 0xe8, 0xe5, 0xff, 0xe5, 0xe8, 0xe5, 0xff, 0xe5, 0xe8, 0xe5, 0xff, 0xe5, 0xe8, 0xe5, 0xff, 0xe5, 0xe8, 0xe5, 0xff, 0xe4, 0xe7, 0xe4, 0xff, 0xe5, 0xe7, 0xe4, 0xff, 0xe5, 0xe7, 0xe4, 0xff, 0xe5, 0xe7, 0xe4, 0xff, 0xe5, 0xe7, 0xe4, 0xff, 0xe5, 0xe7, 0xe4, 0xff, 0xe5, 0xe7, 0xe4, 0xff, 0xe5, 0xe7, 0xe4, 0xff, 0xe6, 0xe8, 0xe5, 0xff, 0xe5, 0xe7, 0xe4, 0xff, 0xe7, 0xe9, 0xe7, 0xff, 0xeb, 0xed, 0xeb, 0xff, 0xed, 0xef, 0xed, 0xff, 0xeb, 0xed, 0xeb, 0xff, 0xea, 0xec, 0xea, 0xff, 0xec, 0xed, 0xec, 0xff, 0xed, 0xed, 0xee, 0xff, 0xed, 0xec, 0xee, 0xff, 0xed, 0xec, 0xee, 0xff, 0xee, 0xed, 0xef, 0xff, 0xee, 0xed, 0xef, 0xff, 0xee, 0xed, 0xef, 0xff, 0xee, 0xee, 0xef, 0xff, 0xee, 0xee, 0xee, 0xff, 0xed, 0xed, 0xed, 0xff, 0xed, 0xed, 0xed, 0xff, 0xed, 0xed, 0xed, 0xff, 0xed, 0xed, 0xed, 0xff, 0xed, 0xed, 0xed, 0xff, 0xed, 0xed, 0xed, 0xff, 0xee, 0xee, 0xed, 0xff, 0xee, 0xee, 0xed, 0xff, 0xee, 0xee, 0xee, 0xff, 0xed, 0xee, 0xee, 0xff, 0xed, 0xee, 0xee, 0xff, 0xee, 0xef, 0xef, 0xff, 0xed, 0xee, 0xee, 0xff, 0xed, 0xee, 0xed, 0xff, 0xec, 0xef, 0xed, 0xff, 0xec, 0xef, 0xed, 0xff, 0xec, 0xef, 0xed, 0xff, 0xed, 0xef, 0xed, 0xff, 0xed, 0xef, 0xed, 0xff, 0xed, 0xee, 0xed, 0xff, 0xed, 0xee, 0xed, 0xff, 0xed, 0xee, 0xee, 0xff, 0xee, 0xef, 0xef, 0xff, 0xf0, 0xef, 0xef, 0xff, 0xf2, 0xec, 0xef, 0xff, 0xf0, 0xea, 0xed, 0xff, 0xed, 0xec, 0xec, 0xff, 0xea, 0xf0, 0xeb, 0xff, 0xe5, 0xf5, 0xe7, 0xff, 0xdc, 0xf6, 0xdf, 0xff, 0xd1, 0xf5, 0xd3, 0xff, 0xcb, 0xf5, 0xcd, 0xff, 
  0xca, 0xfa, 0xc3, 0xff, 0xcc, 0xf9, 0xc7, 0xff, 0xd1, 0xf7, 0xcf, 0xff, 0xd6, 0xf5, 0xd6, 0xff, 0xda, 0xf1, 0xdc, 0xff, 0xdc, 0xed, 0xdf, 0xff, 0xe0, 0xec, 0xe3, 0xff, 0xe3, 0xeb, 0xe4, 0xff, 0xe5, 0xeb, 0xe3, 0xff, 0xe6, 0xeb, 0xe2, 0xff, 0xe7, 0xec, 0xe1, 0xff, 0xe6, 0xec, 0xe1, 0xff, 0xe5, 0xeb, 0xe2, 0xff, 0xe3, 0xea, 0xe3, 0xff, 0xe2, 0xe9, 0xe5, 0xff, 0xe3, 0xe8, 0xe5, 0xff, 0xe4, 0xe8, 0xe5, 0xff, 0xe5, 0xe8, 0xe5, 0xff, 0xe5, 0xe8, 0xe5, 0xff, 0xe4, 0xe9, 0xe4, 0xff, 0xe4, 0xe9, 0xe3, 0xff, 0xe3, 0xea, 0xe3, 0xff, 0xe3, 0xea, 0xe3, 0xff, 0xe3, 0xea, 0xe2, 0xff, 0xe3, 0xea, 0xe2, 0xff, 0xe3, 0xea, 0xe2, 0xff, 0xe2, 0xea, 0xe3, 0xff, 0xe2, 0xea, 0xe3, 0xff, 0xe1, 0xe9, 0xe3, 0xff, 0xe1, 0xe8, 0xe3, 0xff, 0xe1, 0xe8, 0xe4, 0xff, 0xe1, 0xe8, 0xe4, 0xff, 0xe4, 0xe9, 0xe4, 0xff, 0xe4, 0xe8, 0xe3, 0xff, 0xe4, 0xe8, 0xe3, 0xff, 0xe4, 0xe8, 0xe3, 0xff, 0xe4, 0xe8, 0xe3, 0xff, 0xe4, 0xe8, 0xe3, 0xff, 0xe4, 0xe8, 0xe3, 0xff, 0xe4, 0xe8, 0xe3, 0xff, 0xe4, 0xe8, 0xe3, 0xff, 0xe4, 0xe8, 0xe3, 0xff, 0xe4, 0xe8, 0xe3, 0xff, 0xe4, 0xe8, 0xe3, 0xff, 0xe5, 0xe9, 0xe4, 0xff, 0xe5, 0xe9, 0xe4, 0xff, 0xe5, 0xe9, 0xe4, 0xff, 0xe5, 0xe9, 0xe4, 0xff, 0xe4, 0xe7, 0xe4, 0xff, 0xe4, 0xe7, 0xe4, 0xff, 0xe5, 0xe8, 0xe5, 0xff, 0xe5, 0xe8, 0xe5, 0xff, 0xe5, 0xe8, 0xe5, 0xff, 0xe4, 0xe7, 0xe4, 0xff, 0xe4, 0xe7, 0xe4, 0xff, 0xe4, 0xe7, 0xe4, 0xff, 0xe4, 0xe7, 0xe4, 0xff, 0xe4, 0xe7, 0xe4, 0xff, 0xe4, 0xe7, 0xe4, 0xff, 0xe4, 0xe7, 0xe4, 0xff, 0xe4, 0xe7, 0xe4, 0xff, 0xe4, 0xe7, 0xe4, 0xff, 0xe4, 0xe7, 0xe4, 0xff, 0xe4, 0xe7, 0xe4, 0xff, 0xe5, 0xe7, 0xe4, 0xff, 0xe5, 0xe7, 0xe4, 0xff, 0xe5, 0xe7, 0xe4, 0xff, 0xe5, 0xe7, 0xe4, 0xff, 0xe5, 0xe7, 0xe4, 0xff, 0xe5, 0xe7, 0xe4, 0xff, 0xe5, 0xe7, 0xe4, 0xff, 0xe5, 0xe7, 0xe4, 0xff, 0xe4, 0xe6, 0xe3, 0xff, 0xe6, 0xe8, 0xe5, 0xff, 0xe9, 0xeb, 0xe9, 0xff, 0xeb, 0xed, 0xeb, 0xff, 0xeb, 0xed, 0xeb, 0xff, 0xea, 0xec, 0xea, 0xff, 0xea, 0xec, 0xea, 0xff, 0xeb, 0xeb, 0xea, 0xff, 0xec, 0xec, 0xed, 0xff, 0xec, 0xeb, 0xed, 0xff, 0xec, 0xeb, 0xed, 0xff, 0xec, 0xeb, 0xed, 0xff, 0xec, 0xeb, 0xed, 0xff, 0xec, 0xeb, 0xed, 0xff, 0xec, 0xeb, 0xed, 0xff, 0xec, 0xec, 0xed, 0xff, 0xec, 0xec, 0xec, 0xff, 0xec, 0xec, 0xec, 0xff, 0xed, 0xed, 0xed, 0xff, 0xed, 0xed, 0xed, 0xff, 0xed, 0xed, 0xed, 0xff, 0xed, 0xed, 0xed, 0xff, 0xed, 0xed, 0xec, 0xff, 0xed, 0xee, 0xec, 0xff, 0xec, 0xee, 0xec, 0xff, 0xec, 0xee, 0xec, 0xff, 0xec, 0xee, 0xec, 0xff, 0xed, 0xef, 0xed, 0xff, 0xed, 0xef, 0xed, 0xff, 0xec, 0xef, 0xed, 0xff, 0xeb, 0xee, 0xec, 0xff, 0xeb, 0xee, 0xec, 0xff, 0xec, 0xed, 0xec, 0xff, 0xec, 0xed, 0xed, 0xff, 0xec, 0xed, 0xed, 0xff, 0xed, 0xec, 0xee, 0xff, 0xed, 0xec, 0xee, 0xff, 0xee, 0xec, 0xef, 0xff, 0xee, 0xec, 0xef, 0xff, 0xf1, 0xed, 0xef, 0xff, 0xf4, 0xec, 0xef, 0xff, 0xf3, 0xeb, 0xed, 0xff, 0xef, 0xeb, 0xec, 0xff, 0xeb, 0xef, 0xeb, 0xff, 0xe5, 0xf3, 0xe8, 0xff, 0xdf, 0xf6, 0xe1, 0xff, 0xd5, 0xf6, 0xd7, 0xff, 0xcc, 0xf2, 0xcd, 0xff, 
  0xca, 0xf9, 0xc4, 0xff, 0xcf, 0xf9, 0xca, 0xff, 0xd6, 0xf6, 0xd4, 0xff, 0xda, 0xf2, 0xda, 0xff, 0xdc, 0xee, 0xdd, 0xff, 0xdd, 0xeb, 0xdf, 0xff, 0xdf, 0xeb, 0xe2, 0xff, 0xe1, 0xeb, 0xe4, 0xff, 0xe3, 0xeb, 0xe4, 0xff, 0xe5, 0xeb, 0xe2, 0xff, 0xe6, 0xec, 0xe0, 0xff, 0xe5, 0xec, 0xe0, 0xff, 0xe3, 0xeb, 0xe1, 0xff, 0xe3, 0xea, 0xe3, 0xff, 0xe3, 0xe9, 0xe4, 0xff, 0xe4, 0xe8, 0xe5, 0xff, 0xe6, 0xe9, 0xe6, 0xff, 0xe6, 0xe9, 0xe6, 0xff, 0xe6, 0xea, 0xe5, 0xff, 0xe6, 0xea, 0xe5, 0xff, 0xe5, 0xea, 0xe4, 0xff, 0xe5, 0xea, 0xe4, 0xff, 0xe5, 0xea, 0xe4, 0xff, 0xe5, 0xeb, 0xe4, 0xff, 0xe4, 0xea, 0xe2, 0xff, 0xe3, 0xea, 0xe2, 0xff, 0xe3, 0xea, 0xe3, 0xff, 0xe2, 0xea, 0xe3, 0xff, 0xe1, 0xe8, 0xe3, 0xff, 0xe1, 0xe8, 0xe3, 0xff, 0xe1, 0xe8, 0xe4, 0xff, 0xe2, 0xe8, 0xe4, 0xff, 0xe3, 0xe8, 0xe4, 0xff, 0xe4, 0xe8, 0xe3, 0xff, 0xe4, 0xe8, 0xe3, 0xff, 0xe4, 0xe8, 0xe3, 0xff, 0xe4, 0xe8, 0xe3, 0xff, 0xe4, 0xe8, 0xe3, 0xff, 0xe4, 0xe8, 0xe3, 0xff, 0xe4, 0xe8, 0xe3, 0xff, 0xe4, 0xe8, 0xe3, 0xff, 0xe4, 0xe8, 0xe3, 0xff, 0xe4, 0xe8, 0xe3, 0xff, 0xe4, 0xe8, 0xe3, 0xff, 0xe5, 0xe9, 0xe4, 0xff, 0xe5, 0xe9, 0xe4, 0xff, 0xe5, 0xe9, 0xe4, 0xff, 0xe5, 0xe8, 0xe5, 0xff, 0xe4, 0xe7, 0xe4, 0xff, 0xe5, 0xe8, 0xe5, 0xff, 0xe5, 0xe8, 0xe5, 0xff, 0xe5, 0xe8, 0xe5, 0xff, 0xe5, 0xe8, 0xe5, 0xff, 0xe4, 0xe7, 0xe4, 0xff, 0xe3, 0xe6, 0xe3, 0xff, 0xe3, 0xe6, 0xe3, 0xff, 0xe4, 0xe7, 0xe4, 0xff, 0xe4, 0xe7, 0xe4, 0xff, 0xe4, 0xe7, 0xe4, 0xff, 0xe4, 0xe7, 0xe4, 0xff, 0xe4, 0xe7, 0xe4, 0xff, 0xe4, 0xe7, 0xe4, 0xff, 0xe4, 0xe7, 0xe4, 0xff, 0xe4, 0xe7, 0xe4, 0xff, 0xe5, 0xe7, 0xe4, 0xff, 0xe5, 0xe7, 0xe4, 0xff, 0xe5, 0xe7, 0xe4, 0xff, 0xe5, 0xe7, 0xe4, 0xff, 0xe5, 0xe7, 0xe4, 0xff, 0xe5, 0xe7, 0xe4, 0xff, 0xe5, 0xe7, 0xe4, 0xff, 0xe5, 0xe7, 0xe4, 0xff, 0xe3, 0xe5, 0xe2, 0xff, 0xe7, 0xe9, 0xe7, 0xff, 0xea, 0xec, 0xea, 0xff, 0xea, 0xec, 0xea, 0xff, 0xe9, 0xeb, 0xe9, 0xff, 0xe9, 0xeb, 0xe9, 0xff, 0xe9, 0xeb, 0xe9, 0xff, 0xe9, 0xea, 0xe9, 0xff, 0xeb, 0xec, 0xec, 0xff, 0xeb, 0xec, 0xed, 0xff, 0xea, 0xeb, 0xec, 0xff, 0xea, 0xeb, 0xec, 0xff, 0xea, 0xeb, 0xec, 0xff, 0xea, 0xeb, 0xec, 0xff, 0xea, 0xeb, 0xec, 0xff, 0xea, 0xeb, 0xeb, 0xff, 0xeb, 0xec, 0xec, 0xff, 0xeb, 0xec, 0xec, 0xff, 0xeb, 0xec, 0xec, 0xff, 0xeb, 0xec, 0xec, 0xff, 0xec, 0xed, 0xed, 0xff, 0xec, 0xed, 0xec, 0xff, 0xec, 0xee, 0xec, 0xff, 0xec, 0xee, 0xec, 0xff, 0xea, 0xec, 0xea, 0xff, 0xeb, 0xed, 0xeb, 0xff, 0xeb, 0xed, 0xeb, 0xff, 0xec, 0xee, 0xec, 0xff, 0xec, 0xee, 0xec, 0xff, 0xec, 0xee, 0xec, 0xff, 0xec, 0xee, 0xec, 0xff, 0xec, 0xee, 0xec, 0xff, 0xec, 0xec, 0xec, 0xff, 0xec, 0xec, 0xec, 0xff, 0xec, 0xec, 0xed, 0xff, 0xec, 0xeb, 0xed, 0xff, 0xed, 0xeb, 0xee, 0xff, 0xed, 0xeb, 0xee, 0xff, 0xed, 0xeb, 0xee, 0xff, 0xf0, 0xeb, 0xef, 0xff, 0xf4, 0xec, 0xef, 0xff, 0xf5, 0xee, 0xef, 0xff, 0xf1, 0xed, 0xee, 0xff, 0xeb, 0xed, 0xea, 0xff, 0xe6, 0xf1, 0xe8, 0xff, 0xe2, 0xf5, 0xe4, 0xff, 0xd8, 0xf4, 0xd9, 0xff, 0xcf, 0xf0, 0xd0, 0xff, 
  0xc3, 0xfb, 0xc1, 0xff, 0xca, 0xf8, 0xc9, 0xff, 0xd8, 0xf1, 0xd8, 0xff, 0xdf, 0xed, 0xe0, 0xff, 0xe2, 0xec, 0xe1, 0xff, 0xe2, 0xec, 0xe2, 0xff, 0xdf, 0xeb, 0xe3, 0xff, 0xdf, 0xea, 0xe5, 0xff, 0xe3, 0xe9, 0xe7, 0xff, 0xe5, 0xe9, 0xe7, 0xff, 0xe6, 0xea, 0xe4, 0xff, 0xe5, 0xeb, 0xe3, 0xff, 0xe2, 0xea, 0xe3, 0xff, 0xe2, 0xea, 0xe3, 0xff, 0xe4, 0xea, 0xe1, 0xff, 0xe5, 0xea, 0xe2, 0xff, 0xe5, 0xe9, 0xe3, 0xff, 0xe5, 0xe9, 0xe4, 0xff, 0xe5, 0xe9, 0xe4, 0xff, 0xe5, 0xe9, 0xe4, 0xff, 0xe5, 0xe9, 0xe4, 0xff, 0xe5, 0xe9, 0xe4, 0xff, 0xe5, 0xe9, 0xe4, 0xff, 0xe5, 0xe9, 0xe4, 0xff, 0xe5, 0xe9, 0xe3, 0xff, 0xe5, 0xe9, 0xe3, 0xff, 0xe4, 0xe9, 0xe4, 0xff, 0xe3, 0xe8, 0xe3, 0xff, 0xe3, 0xe8, 0xe3, 0xff, 0xe3, 0xe8, 0xe3, 0xff, 0xe3, 0xe8, 0xe3, 0xff, 0xe3, 0xe8, 0xe4, 0xff, 0xe4, 0xe7, 0xe4, 0xff, 0xe4, 0xe7, 0xe4, 0xff, 0xe4, 0xe7, 0xe4, 0xff, 0xe4, 0xe7, 0xe4, 0xff, 0xe4, 0xe7, 0xe4, 0xff, 0xe4, 0xe7, 0xe4, 0xff, 0xe5, 0xe8, 0xe5, 0xff, 0xe5, 0xe8, 0xe5, 0xff, 0xe4, 0xe7, 0xe4, 0xff, 0xe4, 0xe7, 0xe4, 0xff, 0xe4, 0xe7, 0xe4, 0xff, 0xe4, 0xe7, 0xe4, 0xff, 0xe4, 0xe7, 0xe4, 0xff, 0xe4, 0xe7, 0xe4, 0xff, 0xe4, 0xe7, 0xe4, 0xff, 0xe4, 0xe7, 0xe4, 0xff, 0xe5, 0xe8, 0xe5, 0xff, 0xe5, 0xe8, 0xe5, 0xff, 0xe5, 0xe8, 0xe5, 0xff, 0xe4, 0xe7, 0xe4, 0xff, 0xe4, 0xe7, 0xe4, 0xff, 0xe4, 0xe7, 0xe4, 0xff, 0xe4, 0xe7, 0xe4, 0xff, 0xe4, 0xe7, 0xe4, 0xff, 0xe4, 0xe7, 0xe4, 0xff, 0xe4, 0xe7, 0xe4, 0xff, 0xe4, 0xe7, 0xe4, 0xff, 0xe4, 0xe7, 0xe4, 0xff, 0xe3, 0xe6, 0xe3, 0xff, 0xe3, 0xe6, 0xe3, 0xff, 0xe3, 0xe6, 0xe3, 0xff, 0xe3, 0xe6, 0xe3, 0xff, 0xe4, 0xe7, 0xe4, 0xff, 0xe5, 0xe7, 0xe4, 0xff, 0xe5, 0xe7, 0xe4, 0xff, 0xe5, 0xe7, 0xe4, 0xff, 0xe4, 0xe6, 0xe3, 0xff, 0xe4, 0xe6, 0xe3, 0xff, 0xe4, 0xe6, 0xe3, 0xff, 0xe4, 0xe6, 0xe3, 0xff, 0xe5, 0xe7, 0xe4, 0xff, 0xe7, 0xe9, 0xe7, 0xff, 0xe9, 0xeb, 0xe9, 0xff, 0xea, 0xec, 0xea, 0xff, 0xe9, 0xeb, 0xe9, 0xff, 0xe9, 0xeb, 0xe9, 0xff, 0xe9, 0xeb, 0xe9, 0xff, 0xea, 0xec, 0xea, 0xff, 0xea, 0xec, 0xea, 0xff, 0xea, 0xec, 0xea, 0xff, 0xe9, 0xeb, 0xe9, 0xff, 0xe9, 0xeb, 0xe9, 0xff, 0xea, 0xec, 0xea, 0xff, 0xea, 0xec, 0xea, 0xff, 0xeb, 0xed, 0xeb, 0xff, 0xec, 0xee, 0xec, 0xff, 0xea, 0xec, 0xea, 0xff, 0xea, 0xec, 0xea, 0xff, 0xea, 0xec, 0xea, 0xff, 0xea, 0xec, 0xea, 0xff, 0xeb, 0xed, 0xeb, 0xff, 0xeb, 0xed, 0xeb, 0xff, 0xeb, 0xed, 0xeb, 0xff, 0xeb, 0xed, 0xeb, 0xff, 0xec, 0xed, 0xec, 0xff, 0xeb, 0xec, 0xec, 0xff, 0xea, 0xeb, 0xeb, 0xff, 0xea, 0xeb, 0xeb, 0xff, 0xeb, 0xec, 0xec, 0xff, 0xeb, 0xec, 0xec, 0xff, 0xea, 0xeb, 0xeb, 0xff, 0xea, 0xea, 0xea, 0xff, 0xed, 0xed, 0xed, 0xff, 0xec, 0xec, 0xec, 0xff, 0xec, 0xec, 0xec, 0xff, 0xec, 0xec, 0xec, 0xff, 0xec, 0xec, 0xed, 0xff, 0xec, 0xeb, 0xed, 0xff, 0xec, 0xeb, 0xed, 0xff, 0xee, 0xec, 0xee, 0xff, 0xef, 0xea, 0xee, 0xff, 0xef, 0xeb, 0xee, 0xff, 0xed, 0xeb, 0xec, 0xff, 0xeb, 0xed, 0xeb, 0xff, 0xe8, 0xf0, 0xe9, 0xff, 0xe4, 0xf2, 0xe6, 0xff, 0xdb, 0xf2, 0xdd, 0xff, 0xd5, 0xf0, 0xd6, 0xff, 
  0xc0, 0xfb, 0xc1, 0xff, 0xc9, 0xf8, 0xca, 0xff, 0xda, 0xef, 0xdc, 0xff, 0xe3, 0xeb, 0xe4, 0xff, 0xe5, 0xeb, 0xe3, 0xff, 0xe4, 0xeb, 0xe3, 0xff, 0xdf, 0xea, 0xe3, 0xff, 0xde, 0xea, 0xe5, 0xff, 0xe3, 0xe8, 0xe9, 0xff, 0xe5, 0xe8, 0xe9, 0xff, 0xe6, 0xea, 0xe5, 0xff, 0xe4, 0xe9, 0xe3, 0xff, 0xe1, 0xea, 0xe4, 0xff, 0xe1, 0xea, 0xe3, 0xff, 0xe3, 0xeb, 0xe0, 0xff, 0xe5, 0xeb, 0xe0, 0xff, 0xe5, 0xe9, 0xe3, 0xff, 0xe5, 0xe9, 0xe4, 0xff, 0xe5, 0xe9, 0xe4, 0xff, 0xe5, 0xe9, 0xe4, 0xff, 0xe5, 0xe9, 0xe4, 0xff, 0xe5, 0xe9, 0xe4, 0xff, 0xe5, 0xe9, 0xe4, 0xff, 0xe5, 0xe9, 0xe4, 0xff, 0xe5, 0xe9, 0xe4, 0xff, 0xe5, 0xe9, 0xe4, 0xff, 0xe4, 0xe8, 0xe3, 0xff, 0xe4, 0xe8, 0xe3, 0xff, 0xe4, 0xe8, 0xe3, 0xff, 0xe4, 0xe8, 0xe3, 0xff, 0xe4, 0xe8, 0xe3, 0xff, 0xe4, 0xe8, 0xe3, 0xff, 0xe4, 0xe7, 0xe4, 0xff, 0xe4, 0xe7, 0xe4, 0xff, 0xe4, 0xe7, 0xe4, 0xff, 0xe4, 0xe7, 0xe4, 0xff, 0xe5, 0xe8, 0xe5, 0xff, 0xe5, 0xe8, 0xe5, 0xff, 0xe5, 0xe8, 0xe5, 0xff, 0xe5, 0xe8, 0xe5, 0xff, 0xe4, 0xe7, 0xe4, 0xff, 0xe4, 0xe7, 0xe4, 0xff, 0xe4, 0xe7, 0xe4, 0xff, 0xe4, 0xe7, 0xe4, 0xff, 0xe4, 0xe7, 0xe4, 0xff, 0xe4, 0xe7, 0xe4, 0xff, 0xe4, 0xe7, 0xe4, 0xff, 0xe4, 0xe7, 0xe4, 0xff, 0xe5, 0xe8, 0xe5, 0xff, 0xe5, 0xe8, 0xe5, 0xff, 0xe4, 0xe7, 0xe4, 0xff, 0xe4, 0xe7, 0xe4, 0xff, 0xe4, 0xe7, 0xe4, 0xff, 0xe4, 0xe7, 0xe4, 0xff, 0xe4, 0xe7, 0xe4, 0xff, 0xe4, 0xe7, 0xe4, 0xff, 0xe4, 0xe7, 0xe4, 0xff, 0xe4, 0xe7, 0xe4, 0xff, 0xe4, 0xe7, 0xe4, 0xff, 0xe4, 0xe7, 0xe4, 0xff, 0xe3, 0xe6, 0xe3, 0xff, 0xe3, 0xe6, 0xe3, 0xff, 0xe3, 0xe6, 0xe3, 0xff, 0xe3, 0xe6, 0xe3, 0xff, 0xe4, 0xe7, 0xe4, 0xff, 0xe4, 0xe7, 0xe4, 0xff, 0xe4, 0xe7, 0xe4, 0xff, 0xe4, 0xe7, 0xe4, 0xff, 0xe3, 0xe6, 0xe3, 0xff, 0xe3, 0xe6, 0xe3, 0xff, 0xe3, 0xe6, 0xe3, 0xff, 0xe3, 0xe6, 0xe3, 0xff, 0xe4, 0xe7, 0xe4, 0xff, 0xe6, 0xe9, 0xe7, 0xff, 0xe8, 0xeb, 0xe9, 0xff, 0xe8, 0xeb, 0xe9, 0xff, 0xe8, 0xeb, 0xe9, 0xff, 0xe7, 0xea, 0xe8, 0xff, 0xe7, 0xea, 0xe8, 0xff, 0xe8, 0xeb, 0xe9, 0xff, 0xe9, 0xec, 0xea, 0xff, 0xe8, 0xeb, 0xe9, 0xff, 0xe8, 0xeb, 0xe9, 0xff, 0xe8, 0xeb, 0xe9, 0xff, 0xe8, 0xeb, 0xe9, 0xff, 0xe8, 0xeb, 0xe9, 0xff, 0xe9, 0xec, 0xea, 0xff, 0xe9, 0xec, 0xea, 0xff, 0xe9, 0xec, 0xea, 0xff, 0xe9, 0xec, 0xea, 0xff, 0xe9, 0xec, 0xea, 0xff, 0xe9, 0xec, 0xea, 0xff, 0xe9, 0xec, 0xea, 0xff, 0xe9, 0xec, 0xea, 0xff, 0xe9, 0xec, 0xea, 0xff, 0xea, 0xec, 0xea, 0xff, 0xeb, 0xec, 0xec, 0xff, 0xec, 0xec, 0xec, 0xff, 0xeb, 0xeb, 0xeb, 0xff, 0xeb, 0xeb, 0xeb, 0xff, 0xec, 0xec, 0xec, 0xff, 0xec, 0xec, 0xec, 0xff, 0xeb, 0xeb, 0xeb, 0xff, 0xeb, 0xeb, 0xeb, 0xff, 0xec, 0xec, 0xec, 0xff, 0xec, 0xec, 0xec, 0xff, 0xeb, 0xeb, 0xeb, 0xff, 0xeb, 0xeb, 0xeb, 0xff, 0xeb, 0xeb, 0xeb, 0xff, 0xeb, 0xeb, 0xeb, 0xff, 0xec, 0xec, 0xec, 0xff, 0xec, 0xec, 0xed, 0xff, 0xed, 0xeb, 0xee, 0xff, 0xed, 0xeb, 0xee, 0xff, 0xec, 0xec, 0xed, 0xff, 0xeb, 0xed, 0xeb, 0xff, 0xea, 0xef, 0xea, 0xff, 0xe6, 0xf1, 0xe7, 0xff, 0xdf, 0xf1, 0xe0, 0xff, 0xdb, 0xef, 0xdb, 0xff, 
  0xc2, 0xfb, 0xc3, 0xff, 0xcb, 0xf8, 0xcd, 0xff, 0xdb, 0xee, 0xdd, 0xff, 0xe5, 0xeb, 0xe6, 0xff, 0xe6, 0xeb, 0xe3, 0xff, 0xe5, 0xeb, 0xe3, 0xff, 0xe0, 0xec, 0xe4, 0xff, 0xdf, 0xeb, 0xe5, 0xff, 0xe3, 0xe9, 0xe8, 0xff, 0xe4, 0xe7, 0xe7, 0xff, 0xe5, 0xe9, 0xe4, 0xff, 0xe4, 0xe9, 0xe3, 0xff, 0xe1, 0xe9, 0xe5, 0xff, 0xe1, 0xea, 0xe4, 0xff, 0xe3, 0xea, 0xe2, 0xff, 0xe4, 0xea, 0xe1, 0xff, 0xe5, 0xe9, 0xe3, 0xff, 0xe5, 0xe9, 0xe4, 0xff, 0xe5, 0xe9, 0xe4, 0xff, 0xe5, 0xe9, 0xe4, 0xff, 0xe5, 0xe9, 0xe4, 0xff, 0xe5, 0xe9, 0xe4, 0xff, 0xe5, 0xe9, 0xe4, 0xff, 0xe5, 0xe9, 0xe4, 0xff, 0xe4, 0xe8, 0xe3, 0xff, 0xe4, 0xe8, 0xe3, 0xff, 0xe4, 0xe8, 0xe3, 0xff, 0xe4, 0xe8, 0xe3, 0xff, 0xe4, 0xe8, 0xe3, 0xff, 0xe4, 0xe8, 0xe3, 0xff, 0xe5, 0xe9, 0xe4, 0xff, 0xe5, 0xe9, 0xe4, 0xff, 0xe5, 0xe8, 0xe5, 0xff, 0xe5, 0xe8, 0xe5, 0xff, 0xe5, 0xe8, 0xe5, 0xff, 0xe5, 0xe8, 0xe5, 0xff, 0xe5, 0xe8, 0xe5, 0xff, 0xe5, 0xe8, 0xe5, 0xff, 0xe5, 0xe8, 0xe5, 0xff, 0xe5, 0xe8, 0xe5, 0xff, 0xe4, 0xe7, 0xe4, 0xff, 0xe4, 0xe7, 0xe4, 0xff, 0xe4, 0xe7, 0xe4, 0xff, 0xe4, 0xe7, 0xe4, 0xff, 0xe4, 0xe7, 0xe4, 0xff, 0xe4, 0xe7, 0xe4, 0xff, 0xe4, 0xe7, 0xe4, 0xff, 0xe4, 0xe7, 0xe4, 0xff, 0xe4, 0xe7, 0xe4, 0xff, 0xe4, 0xe7, 0xe4, 0xff, 0xe4, 0xe7, 0xe4, 0xff, 0xe4, 0xe7, 0xe4, 0xff, 0xe4, 0xe7, 0xe4, 0xff, 0xe4, 0xe7, 0xe4, 0xff, 0xe4, 0xe7, 0xe4, 0xff, 0xe4, 0xe7, 0xe4, 0xff, 0xe4, 0xe7, 0xe4, 0xff, 0xe4, 0xe7, 0xe4, 0xff, 0xe4, 0xe7, 0xe4, 0xff, 0xe4, 0xe7, 0xe4, 0xff, 0xe3, 0xe6, 0xe3, 0xff, 0xe3, 0xe6, 0xe3, 0xff, 0xe3, 0xe6, 0xe3, 0xff, 0xe3, 0xe6, 0xe3, 0xff, 0xe4, 0xe7, 0xe4, 0xff, 0xe4, 0xe7, 0xe4, 0xff, 0xe3, 0xe6, 0xe3, 0xff, 0xe3, 0xe6, 0xe3, 0xff, 0xe3, 0xe6, 0xe3, 0xff, 0xe3, 0xe6, 0xe3, 0xff, 0xe3, 0xe6, 0xe3, 0xff, 0xe3, 0xe6, 0xe3, 0xff, 0xe5, 0xe8, 0xe5, 0xff, 0xe6, 0xe9, 0xe7, 0xff, 0xe7, 0xea, 0xe8, 0xff, 0xe7, 0xea, 0xe8, 0xff, 0xe7, 0xea, 0xe8, 0xff, 0xe6, 0xe9, 0xe7, 0xff, 0xe6, 0xe9, 0xe7, 0xff, 0xe6, 0xe9, 0xe7, 0xff, 0xe8, 0xeb, 0xe9, 0xff, 0xe8, 0xeb, 0xe9, 0xff, 0xe7, 0xea, 0xe8, 0xff, 0xe7, 0xea, 0xe8, 0xff, 0xe7, 0xea, 0xe8, 0xff, 0xe7, 0xea, 0xe8, 0xff, 0xe7, 0xea, 0xe8, 0xff, 0xe7, 0xea, 0xe8, 0xff, 0xe8, 0xeb, 0xe9, 0xff, 0xe8, 0xeb, 0xe9, 0xff, 0xe8, 0xeb, 0xe9, 0xff, 0xe8, 0xeb, 0xe9, 0xff, 0xe8, 0xeb, 0xe9, 0xff, 0xe9, 0xec, 0xea, 0xff, 0xe9, 0xec, 0xea, 0xff, 0xea, 0xec, 0xea, 0xff, 0xea, 0xeb, 0xeb, 0xff, 0xeb, 0xeb, 0xeb, 0xff, 0xea, 0xea, 0xea, 0xff, 0xeb, 0xeb, 0xeb, 0xff, 0xeb, 0xeb, 0xeb, 0xff, 0xec, 0xec, 0xec, 0xff, 0xeb, 0xeb, 0xeb, 0xff, 0xeb, 0xeb, 0xeb, 0xff, 0xeb, 0xeb, 0xeb, 0xff, 0xeb, 0xeb, 0xeb, 0xff, 0xea, 0xea, 0xea, 0xff, 0xea, 0xea, 0xea, 0xff, 0xea, 0xea, 0xea, 0xff, 0xea, 0xea, 0xea, 0xff, 0xeb, 0xeb, 0xeb, 0xff, 0xeb, 0xeb, 0xeb, 0xff, 0xeb, 0xea, 0xec, 0xff, 0xeb, 0xea, 0xec, 0xff, 0xeb, 0xeb, 0xeb, 0xff, 0xe9, 0xea, 0xe9, 0xff, 0xe9, 0xed, 0xe9, 0xff, 0xe8, 0xef, 0xe7, 0xff, 0xe4, 0xf0, 0xe3, 0xff, 0xdf, 0xee, 0xdf, 0xff, 
  0xc4, 0xfb, 0xc6, 0xff, 0xcd, 0xf7, 0xcf, 0xff, 0xdd, 0xee, 0xe0, 0xff, 0xe6, 0xe9, 0xe6, 0xff, 0xe7, 0xea, 0xe4, 0xff, 0xe6, 0xeb, 0xe3, 0xff, 0xe1, 0xec, 0xe3, 0xff, 0xe0, 0xeb, 0xe5, 0xff, 0xe2, 0xe8, 0xe7, 0xff, 0xe4, 0xe8, 0xe7, 0xff, 0xe5, 0xe9, 0xe4, 0xff, 0xe4, 0xe9, 0xe3, 0xff, 0xe1, 0xe9, 0xe5, 0xff, 0xe1, 0xe9, 0xe5, 0xff, 0xe2, 0xea, 0xe3, 0xff, 0xe4, 0xea, 0xe3, 0xff, 0xe5, 0xe9, 0xe4, 0xff, 0xe5, 0xe9, 0xe4, 0xff, 0xe5, 0xe9, 0xe4, 0xff, 0xe5, 0xe9, 0xe4, 0xff, 0xe5, 0xe9, 0xe4, 0xff, 0xe5, 0xe9, 0xe4, 0xff, 0xe5, 0xe9, 0xe4, 0xff, 0xe5, 0xe9, 0xe4, 0xff, 0xe4, 0xe8, 0xe3, 0xff, 0xe4, 0xe8, 0xe3, 0xff, 0xe4, 0xe8, 0xe3, 0xff, 0xe4, 0xe8, 0xe3, 0xff, 0xe4, 0xe8, 0xe3, 0xff, 0xe5, 0xe9, 0xe4, 0xff, 0xe5, 0xe9, 0xe4, 0xff, 0xe5, 0xe9, 0xe4, 0xff, 0xe5, 0xe8, 0xe5, 0xff, 0xe5, 0xe8, 0xe5, 0xff, 0xe5, 0xe8, 0xe5, 0xff, 0xe5, 0xe8, 0xe5, 0xff, 0xe5, 0xe8, 0xe5, 0xff, 0xe5, 0xe8, 0xe5, 0xff, 0xe5, 0xe8, 0xe5, 0xff, 0xe5, 0xe8, 0xe5, 0xff, 0xe4, 0xe7, 0xe4, 0xff, 0xe4, 0xe7, 0xe4, 0xff, 0xe4, 0xe7, 0xe4, 0xff, 0xe4, 0xe7, 0xe4, 0xff, 0xe4, 0xe7, 0xe4, 0xff, 0xe4, 0xe7, 0xe4, 0xff, 0xe4, 0xe7, 0xe4, 0xff, 0xe4, 0xe7, 0xe4, 0xff, 0xe4, 0xe7, 0xe4, 0xff, 0xe4, 0xe7, 0xe4, 0xff, 0xe4, 0xe7, 0xe4, 0xff, 0xe4, 0xe7, 0xe4, 0xff, 0xe4, 0xe7, 0xe4, 0xff, 0xe4, 0xe7, 0xe4, 0xff, 0xe3, 0xe6, 0xe3, 0xff, 0xe3, 0xe6, 0xe3, 0xff, 0xe4, 0xe7, 0xe4, 0xff, 0xe4, 0xe7, 0xe4, 0xff, 0xe4, 0xe7, 0xe4, 0xff, 0xe3, 0xe6, 0xe3, 0xff, 0xe3, 0xe6, 0xe3, 0xff, 0xe3, 0xe6, 0xe3, 0xff, 0xe3, 0xe6, 0xe3, 0xff, 0xe3, 0xe6, 0xe3, 0xff, 0xe3, 0xe6, 0xe3, 0xff, 0xe3, 0xe6, 0xe3, 0xff, 0xe3, 0xe6, 0xe3, 0xff, 0xe3, 0xe6, 0xe3, 0xff, 0xe3, 0xe6, 0xe3, 0xff, 0xe3, 0xe6, 0xe3, 0xff, 0xe3, 0xe6, 0xe3, 0xff, 0xe3, 0xe6, 0xe3, 0xff, 0xe5, 0xe8, 0xe5, 0xff, 0xe6, 0xe9, 0xe7, 0xff, 0xe6, 0xe9, 0xe7, 0xff, 0xe6, 0xe9, 0xe7, 0xff, 0xe6, 0xe9, 0xe7, 0xff, 0xe6, 0xe9, 0xe7, 0xff, 0xe5, 0xe8, 0xe5, 0xff, 0xe5, 0xe8, 0xe5, 0xff, 0xe8, 0xeb, 0xe9, 0xff, 0xe7, 0xea, 0xe8, 0xff, 0xe7, 0xea, 0xe8, 0xff, 0xe7, 0xea, 0xe8, 0xff, 0xe6, 0xe9, 0xe7, 0xff, 0xe6, 0xe9, 0xe7, 0xff, 0xe6, 0xe9, 0xe7, 0xff, 0xe6, 0xe9, 0xe7, 0xff, 0xe7, 0xea, 0xe8, 0xff, 0xe7, 0xea, 0xe8, 0xff, 0xe7, 0xea, 0xe8, 0xff, 0xe7, 0xea, 0xe8, 0xff, 0xe8, 0xeb, 0xe9, 0xff, 0xe8, 0xeb, 0xe9, 0xff, 0xe8, 0xeb, 0xe9, 0xff, 0xe9, 0xeb, 0xe9, 0xff, 0xe9, 0xea, 0xea, 0xff, 0xea, 0xea, 0xea, 0xff, 0xea, 0xea, 0xea, 0xff, 0xea, 0xea, 0xea, 0xff, 0xea, 0xea, 0xea, 0xff, 0xeb, 0xeb, 0xeb, 0xff, 0xeb, 0xeb, 0xeb, 0xff, 0xeb, 0xeb, 0xeb, 0xff, 0xea, 0xea, 0xea, 0xff, 0xea, 0xea, 0xea, 0xff, 0xea, 0xea, 0xea, 0xff, 0xea, 0xea, 0xea, 0xff, 0xea, 0xea, 0xea, 0xff, 0xea, 0xea, 0xea, 0xff, 0xea, 0xea, 0xea, 0xff, 0xea, 0xea, 0xea, 0xff, 0xe9, 0xe9, 0xe9, 0xff, 0xea, 0xea, 0xea, 0xff, 0xe9, 0xe9, 0xe9, 0xff, 0xe8, 0xe8, 0xe7, 0xff, 0xe8, 0xea, 0xe8, 0xff, 0xe8, 0xec, 0xe7, 0xff, 0xe6, 0xee, 0xe4, 0xff, 0xe2, 0xeb, 0xe0, 0xff, 
  0xc6, 0xf9, 0xc9, 0xff, 0xce, 0xf5, 0xd1, 0xff, 0xde, 0xec, 0xe1, 0xff, 0xe7, 0xe8, 0xe8, 0xff, 0xe8, 0xe9, 0xe5, 0xff, 0xe7, 0xeb, 0xe3, 0xff, 0xe2, 0xec, 0xe3, 0xff, 0xe1, 0xeb, 0xe4, 0xff, 0xe3, 0xe8, 0xe6, 0xff, 0xe5, 0xe8, 0xe6, 0xff, 0xe6, 0xe9, 0xe3, 0xff, 0xe5, 0xe9, 0xe3, 0xff, 0xe1, 0xe9, 0xe5, 0xff, 0xe0, 0xe8, 0xe5, 0xff, 0xe1, 0xe8, 0xe3, 0xff, 0xe3, 0xe8, 0xe3, 0xff, 0xe4, 0xe8, 0xe3, 0xff, 0xe4, 0xe8, 0xe3, 0xff, 0xe4, 0xe8, 0xe3, 0xff, 0xe5, 0xe9, 0xe4, 0xff, 0xe5, 0xe9, 0xe4, 0xff, 0xe5, 0xe9, 0xe4, 0xff, 0xe5, 0xe9, 0xe4, 0xff, 0xe5, 0xe9, 0xe4, 0xff, 0xe4, 0xe8, 0xe3, 0xff, 0xe4, 0xe8, 0xe3, 0xff, 0xe4, 0xe8, 0xe3, 0xff, 0xe4, 0xe8, 0xe3, 0xff, 0xe4, 0xe8, 0xe3, 0xff, 0xe5, 0xe9, 0xe4, 0xff, 0xe5, 0xe9, 0xe4, 0xff, 0xe5, 0xe9, 0xe4, 0xff, 0xe5, 0xe8, 0xe5, 0xff, 0xe5, 0xe8, 0xe5, 0xff, 0xe5, 0xe8, 0xe5, 0xff, 0xe5, 0xe8, 0xe5, 0xff, 0xe5, 0xe8, 0xe5, 0xff, 0xe5, 0xe8, 0xe5, 0xff, 0xe5, 0xe8, 0xe5, 0xff, 0xe5, 0xe8, 0xe5, 0xff, 0xe4, 0xe7, 0xe4, 0xff, 0xe4, 0xe7, 0xe4, 0xff, 0xe4, 0xe7, 0xe4, 0xff, 0xe4, 0xe7, 0xe4, 0xff, 0xe4, 0xe7, 0xe4, 0xff, 0xe4, 0xe7, 0xe4, 0xff, 0xe4, 0xe7, 0xe4, 0xff, 0xe4, 0xe7, 0xe4, 0xff, 0xe4, 0xe7, 0xe4, 0xff, 0xe4, 0xe7, 0xe4, 0xff, 0xe4, 0xe7, 0xe4, 0xff, 0xe4, 0xe7, 0xe4, 0xff, 0xe3, 0xe6, 0xe3, 0xff, 0xe3, 0xe6, 0xe3, 0xff, 0xe3, 0xe6, 0xe3, 0xff, 0xe3, 0xe6, 0xe3, 0xff, 0xe3, 0xe6, 0xe3, 0xff, 0xe3, 0xe6, 0xe3, 0xff, 0xe3, 0xe6, 0xe3, 0xff, 0xe3, 0xe6, 0xe3, 0xff, 0xe3, 0xe6, 0xe3, 0xff, 0xe3, 0xe6, 0xe3, 0xff, 0xe3, 0xe6, 0xe3, 0xff, 0xe3, 0xe6, 0xe3, 0xff, 0xe3, 0xe6, 0xe3, 0xff, 0xe3, 0xe6, 0xe3, 0xff, 0xe3, 0xe6, 0xe3, 0xff, 0xe3, 0xe6, 0xe3, 0xff, 0xe3, 0xe6, 0xe3, 0xff, 0xe3, 0xe6, 0xe3, 0xff, 0xe2, 0xe5, 0xe2, 0xff, 0xe2, 0xe5, 0xe2, 0xff, 0xe6, 0xe9, 0xe7, 0xff, 0xe6, 0xe9, 0xe7, 0xff, 0xe6, 0xe9, 0xe7, 0xff, 0xe6, 0xe9, 0xe7, 0xff, 0xe6, 0xe9, 0xe7, 0xff, 0xe6, 0xe9, 0xe7, 0xff, 0xe5, 0xe8, 0xe5, 0xff, 0xe5, 0xe8, 0xe5, 0xff, 0xe7, 0xea, 0xe8, 0xff, 0xe7, 0xea, 0xe8, 0xff, 0xe7, 0xea, 0xe8, 0xff, 0xe7, 0xea, 0xe8, 0xff, 0xe6, 0xe9, 0xe7, 0xff, 0xe6, 0xe9, 0xe7, 0xff, 0xe6, 0xe9, 0xe7, 0xff, 0xe6, 0xe9, 0xe7, 0xff, 0xe6, 0xe9, 0xe7, 0xff, 0xe6, 0xe9, 0xe7, 0xff, 0xe6, 0xe9, 0xe7, 0xff, 0xe6, 0xe9, 0xe7, 0xff, 0xe7, 0xea, 0xe8, 0xff, 0xe7, 0xea, 0xe8, 0xff, 0xe7, 0xea, 0xe8, 0xff, 0xe8, 0xea, 0xe8, 0xff, 0xe8, 0xe9, 0xe9, 0xff, 0xe9, 0xe9, 0xe9, 0xff, 0xe9, 0xe9, 0xe9, 0xff, 0xe9, 0xe9, 0xe9, 0xff, 0xe9, 0xe9, 0xe9, 0xff, 0xea, 0xea, 0xea, 0xff, 0xea, 0xea, 0xea, 0xff, 0xea, 0xea, 0xea, 0xff, 0xea, 0xea, 0xea, 0xff, 0xea, 0xea, 0xea, 0xff, 0xe9, 0xe9, 0xe9, 0xff, 0xe9, 0xe9, 0xe9, 0xff, 0xe9, 0xe9, 0xe9, 0xff, 0xe9, 0xe9, 0xe9, 0xff, 0xea, 0xea, 0xea, 0xff, 0xea, 0xea, 0xea, 0xff, 0xe9, 0xea, 0xe9, 0xff, 0xea, 0xeb, 0xea, 0xff, 0xea, 0xea, 0xea, 0xff, 0xe9, 0xe9, 0xe9, 0xff, 0xea, 0xe9, 0xe9, 0xff, 0xea, 0xea, 0xe9, 0xff, 0xe8, 0xea, 0xe7, 0xff, 0xe6, 0xea, 0xe5, 0xff, 
  0xc8, 0xf8, 0xcb, 0xff, 0xd0, 0xf4, 0xd4, 0xff, 0xdf, 0xeb, 0xe3, 0xff, 0xe8, 0xe7, 0xe9, 0xff, 0xe8, 0xe8, 0xe5, 0xff, 0xe7, 0xe9, 0xe3, 0xff, 0xe2, 0xea, 0xe2, 0xff, 0xe1, 0xea, 0xe3, 0xff, 0xe4, 0xe8, 0xe5, 0xff, 0xe6, 0xe8, 0xe5, 0xff, 0xe7, 0xe9, 0xe3, 0xff, 0xe4, 0xe8, 0xe2, 0xff, 0xe1, 0xe8, 0xe4, 0xff, 0xe0, 0xe7, 0xe5, 0xff, 0xe1, 0xe8, 0xe4, 0xff, 0xe3, 0xe8, 0xe3, 0xff, 0xe4, 0xe8, 0xe3, 0xff, 0xe4, 0xe8, 0xe3, 0xff, 0xe4, 0xe8, 0xe3, 0xff, 0xe4, 0xe8, 0xe3, 0xff, 0xe5, 0xe9, 0xe4, 0xff, 0xe5, 0xe9, 0xe4, 0xff, 0xe5, 0xe9, 0xe4, 0xff, 0xe5, 0xe9, 0xe4, 0xff, 0xe4, 0xe8, 0xe3, 0xff, 0xe4, 0xe8, 0xe3, 0xff, 0xe4, 0xe8, 0xe3, 0xff, 0xe4, 0xe8, 0xe3, 0xff, 0xe4, 0xe8, 0xe3, 0xff, 0xe4, 0xe8, 0xe3, 0xff, 0xe5, 0xe9, 0xe4, 0xff, 0xe5, 0xe9, 0xe4, 0xff, 0xe5, 0xe8, 0xe5, 0xff, 0xe5, 0xe8, 0xe5, 0xff, 0xe5, 0xe8, 0xe5, 0xff, 0xe4, 0xe7, 0xe4, 0xff, 0xe4, 0xe7, 0xe4, 0xff, 0xe4, 0xe7, 0xe4, 0xff, 0xe4, 0xe7, 0xe4, 0xff, 0xe4, 0xe7, 0xe4, 0xff, 0xe4, 0xe7, 0xe4, 0xff, 0xe4, 0xe7, 0xe4, 0xff, 0xe4, 0xe7, 0xe4, 0xff, 0xe4, 0xe7, 0xe4, 0xff, 0xe4, 0xe7, 0xe4, 0xff, 0xe4, 0xe7, 0xe4, 0xff, 0xe4, 0xe7, 0xe4, 0xff, 0xe4, 0xe7, 0xe4, 0xff, 0xe4, 0xe7, 0xe4, 0xff, 0xe4, 0xe7, 0xe4, 0xff, 0xe3, 0xe6, 0xe3, 0xff, 0xe3, 0xe6, 0xe3, 0xff, 0xe3, 0xe6, 0xe3, 0xff, 0xe3, 0xe6, 0xe3, 0xff, 0xe3, 0xe6, 0xe3, 0xff, 0xe3, 0xe6, 0xe3, 0xff, 0xe3, 0xe6, 0xe3, 0xff, 0xe3, 0xe6, 0xe3, 0xff, 0xe3, 0xe6, 0xe3, 0xff, 0xe3, 0xe6, 0xe3, 0xff, 0xe3, 0xe6, 0xe3, 0xff, 0xe3, 0xe6, 0xe3, 0xff, 0xe3, 0xe6, 0xe3, 0xff, 0xe3, 0xe6, 0xe3, 0xff, 0xe3, 0xe6, 0xe3, 0xff, 0xe3, 0xe6, 0xe3, 0xff, 0xe3, 0xe6, 0xe3, 0xff, 0xe3, 0xe6, 0xe3, 0xff, 0xe2, 0xe5, 0xe2, 0xff, 0xe2, 0xe5, 0xe2, 0xff, 0xe2, 0xe5, 0xe2, 0xff, 0xe2, 0xe5, 0xe2, 0xff, 0xe6, 0xe9, 0xe7, 0xff, 0xe6, 0xe9, 0xe7, 0xff, 0xe5, 0xe8, 0xe5, 0xff, 0xe5, 0xe8, 0xe5, 0xff, 0xe6, 0xe9, 0xe7, 0xff, 0xe6, 0xe9, 0xe7, 0xff, 0xe6, 0xe9, 0xe7, 0xff, 0xe5, 0xe8, 0xe5, 0xff, 0xe6, 0xe9, 0xe7, 0xff, 0xe6, 0xe9, 0xe7, 0xff, 0xe6, 0xe9, 0xe7, 0xff, 0xe6, 0xe9, 0xe7, 0xff, 0xe6, 0xe9, 0xe7, 0xff, 0xe6, 0xe9, 0xe7, 0xff, 0xe6, 0xe9, 0xe7, 0xff, 0xe5, 0xe8, 0xe5, 0xff, 0xe5, 0xe8, 0xe5, 0xff, 0xe5, 0xe8, 0xe5, 0xff, 0xe5, 0xe8, 0xe5, 0xff, 0xe6, 0xe9, 0xe7, 0xff, 0xe6, 0xe9, 0xe7, 0xff, 0xe6, 0xe9, 0xe7, 0xff, 0xe6, 0xe9, 0xe7, 0xff, 0xe7, 0xe9, 0xe7, 0xff, 0xe7, 0xe8, 0xe8, 0xff, 0xe8, 0xe8, 0xe8, 0xff, 0xe9, 0xe9, 0xe9, 0xff, 0xe9, 0xe9, 0xe9, 0xff, 0xe8, 0xe8, 0xe8, 0xff, 0xe8, 0xe8, 0xe8, 0xff, 0xe9, 0xe9, 0xe9, 0xff, 0xe9, 0xe9, 0xe9, 0xff, 0xe9, 0xe9, 0xe9, 0xff, 0xe9, 0xe9, 0xe9, 0xff, 0xe9, 0xe9, 0xe9, 0xff, 0xe9, 0xe9, 0xe9, 0xff, 0xe9, 0xe9, 0xe9, 0xff, 0xe9, 0xe9, 0xe9, 0xff, 0xe9, 0xe9, 0xe9, 0xff, 0xe8, 0xe9, 0xe8, 0xff, 0xe8, 0xeb, 0xe9, 0xff, 0xe9, 0xec, 0xea, 0xff, 0xea, 0xeb, 0xea, 0xff, 0xea, 0xea, 0xea, 0xff, 0xeb, 0xe8, 0xea, 0xff, 0xec, 0xe9, 0xeb, 0xff, 0xeb, 0xea, 0xea, 0xff, 0xea, 0xe9, 0xe9, 0xff, 
  0xc9, 0xf6, 0xcd, 0xff, 0xd2, 0xf2, 0xd5, 0xff, 0xe1, 0xea, 0xe4, 0xff, 0xe8, 0xe6, 0xe9, 0xff, 0xe8, 0xe6, 0xe4, 0xff, 0xe6, 0xe8, 0xe2, 0xff, 0xe2, 0xea, 0xe2, 0xff, 0xe1, 0xea, 0xe2, 0xff, 0xe5, 0xe8, 0xe5, 0xff, 0xe6, 0xe7, 0xe4, 0xff, 0xe6, 0xe8, 0xe1, 0xff, 0xe4, 0xe8, 0xe2, 0xff, 0xe1, 0xe8, 0xe4, 0xff, 0xe0, 0xe7, 0xe5, 0xff, 0xe1, 0xe7, 0xe5, 0xff, 0xe3, 0xe8, 0xe4, 0xff, 0xe4, 0xe8, 0xe3, 0xff, 0xe4, 0xe8, 0xe3, 0xff, 0xe4, 0xe8, 0xe3, 0xff, 0xe4, 0xe8, 0xe3, 0xff, 0xe5, 0xe9, 0xe4, 0xff, 0xe5, 0xe9, 0xe4, 0xff, 0xe5, 0xe9, 0xe4, 0xff, 0xe5, 0xe9, 0xe4, 0xff, 0xe5, 0xe9, 0xe4, 0xff, 0xe5, 0xe9, 0xe4, 0xff, 0xe4, 0xe8, 0xe3, 0xff, 0xe4, 0xe8, 0xe3, 0xff, 0xe4, 0xe8, 0xe3, 0xff, 0xe4, 0xe8, 0xe3, 0xff, 0xe4, 0xe8, 0xe3, 0xff, 0xe4, 0xe8, 0xe3, 0xff, 0xe4, 0xe7, 0xe4, 0xff, 0xe4, 0xe7, 0xe4, 0xff, 0xe4, 0xe7, 0xe4, 0xff, 0xe4, 0xe7, 0xe4, 0xff, 0xe4, 0xe7, 0xe4, 0xff, 0xe4, 0xe7, 0xe4, 0xff, 0xe4, 0xe7, 0xe4, 0xff, 0xe3, 0xe6, 0xe3, 0xff, 0xe4, 0xe7, 0xe4, 0xff, 0xe4, 0xe7, 0xe4, 0xff, 0xe4, 0xe7, 0xe4, 0xff, 0xe4, 0xe7, 0xe4, 0xff, 0xe4, 0xe7, 0xe4, 0xff, 0xe4, 0xe7, 0xe4, 0xff, 0xe4, 0xe7, 0xe4, 0xff, 0xe4, 0xe7, 0xe4, 0xff, 0xe3, 0xe6, 0xe3, 0xff, 0xe3, 0xe6, 0xe3, 0xff, 0xe3, 0xe6, 0xe3, 0xff, 0xe3, 0xe6, 0xe3, 0xff, 0xe3, 0xe6, 0xe3, 0xff, 0xe3, 0xe6, 0xe3, 0xff, 0xe3, 0xe6, 0xe3, 0xff, 0xe3, 0xe6, 0xe3, 0xff, 0xe3, 0xe6, 0xe3, 0xff, 0xe3, 0xe6, 0xe3, 0xff, 0xe3, 0xe6, 0xe3, 0xff, 0xe3, 0xe6, 0xe3, 0xff, 0xe3, 0xe6, 0xe3, 0xff, 0xe3, 0xe6, 0xe3, 0xff, 0xe3, 0xe6, 0xe3, 0xff, 0xe3, 0xe6, 0xe3, 0xff, 0xe3, 0xe6, 0xe3, 0xff, 0xe3, 0xe6, 0xe3, 0xff, 0xe2, 0xe5, 0xe2, 0xff, 0xe2, 0xe5, 0xe2, 0xff, 0xe2, 0xe5, 0xe2, 0xff, 0xe2, 0xe5, 0xe2, 0xff, 0xe2, 0xe5, 0xe2, 0xff, 0xe2, 0xe5, 0xe2, 0xff, 0xe6, 0xe9, 0xe7, 0xff, 0xe5, 0xe8, 0xe5, 0xff, 0xe4, 0xe7, 0xe4, 0xff, 0xe4, 0xe7, 0xe4, 0xff, 0xe5, 0xe8, 0xe5, 0xff, 0xe6, 0xe9, 0xe7, 0xff, 0xe5, 0xe8, 0xe5, 0xff, 0xe5, 0xe8, 0xe5, 0xff, 0xe4, 0xe7, 0xe4, 0xff, 0xe5, 0xe8, 0xe5, 0xff, 0xe5, 0xe8, 0xe5, 0xff, 0xe5, 0xe8, 0xe5, 0xff, 0xe6, 0xe9, 0xe7, 0xff, 0xe5, 0xe8, 0xe5, 0xff, 0xe5, 0xe8, 0xe5, 0xff, 0xe5, 0xe8, 0xe5, 0xff, 0xe5, 0xe8, 0xe5, 0xff, 0xe5, 0xe8, 0xe5, 0xff, 0xe5, 0xe8, 0xe5, 0xff, 0xe5, 0xe8, 0xe5, 0xff, 0xe5, 0xe8, 0xe5, 0xff, 0xe5, 0xe8, 0xe5, 0xff, 0xe5, 0xe8, 0xe5, 0xff, 0xe6, 0xe8, 0xe6, 0xff, 0xe7, 0xe8, 0xe8, 0xff, 0xe8, 0xe8, 0xe8, 0xff, 0xe9, 0xe9, 0xe9, 0xff, 0xe9, 0xe9, 0xe9, 0xff, 0xe7, 0xe7, 0xe7, 0xff, 0xe7, 0xe7, 0xe7, 0xff, 0xe8, 0xe8, 0xe8, 0xff, 0xe8, 0xe8, 0xe8, 0xff, 0xe8, 0xe8, 0xe8, 0xff, 0xe8, 0xe8, 0xe8, 0xff, 0xe8, 0xe8, 0xe8, 0xff, 0xe8, 0xe8, 0xe8, 0xff, 0xe8, 0xe8, 0xe8, 0xff, 0xe8, 0xe8, 0xe8, 0xff, 0xe8, 0xe8, 0xe8, 0xff, 0xe7, 0xe8, 0xe7, 0xff, 0xe6, 0xe9, 0xe6, 0xff, 0xe8, 0xeb, 0xe8, 0xff, 0xe9, 0xea, 0xe9, 0xff, 0xea, 0xe8, 0xea, 0xff, 0xeb, 0xe8, 0xeb, 0xff, 0xed, 0xe8, 0xec, 0xff, 0xed, 0xe8, 0xec, 0xff, 0xeb, 0xe6, 0xea, 0xff, 
  0xca, 0xf6, 0xcf, 0xff, 0xd1, 0xf1, 0xd5, 0xff, 0xe1, 0xe8, 0xe4, 0xff, 0xe8, 0xe4, 0xe9, 0xff, 0xe9, 0xe6, 0xe5, 0xff, 0xe7, 0xe7, 0xe2, 0xff, 0xe2, 0xe9, 0xe1, 0xff, 0xe2, 0xea, 0xe2, 0xff, 0xe4, 0xe7, 0xe4, 0xff, 0xe6, 0xe7, 0xe4, 0xff, 0xe6, 0xe8, 0xe1, 0xff, 0xe4, 0xe8, 0xe2, 0xff, 0xe1, 0xe7, 0xe5, 0xff, 0xe0, 0xe7, 0xe6, 0xff, 0xe2, 0xe7, 0xe5, 0xff, 0xe3, 0xe7, 0xe4, 0xff, 0xe4, 0xe7, 0xe4, 0xff, 0xe4, 0xe8, 0xe3, 0xff, 0xe4, 0xe8, 0xe3, 0xff, 0xe4, 0xe8, 0xe3, 0xff, 0xe5, 0xe9, 0xe4, 0xff, 0xe5, 0xe9, 0xe4, 0xff, 0xe5, 0xe9, 0xe4, 0xff, 0xe5, 0xe9, 0xe4, 0xff, 0xe5, 0xe9, 0xe4, 0xff, 0xe5, 0xe9, 0xe4, 0xff, 0xe5, 0xe9, 0xe4, 0xff, 0xe4, 0xe8, 0xe3, 0xff, 0xe4, 0xe8, 0xe3, 0xff, 0xe4, 0xe8, 0xe3, 0xff, 0xe4, 0xe8, 0xe3, 0xff, 0xe4, 0xe7, 0xe4, 0xff, 0xe4, 0xe7, 0xe4, 0xff, 0xe4, 0xe7, 0xe4, 0xff, 0xe4, 0xe7, 0xe4, 0xff, 0xe4, 0xe7, 0xe4, 0xff, 0xe3, 0xe6, 0xe3, 0xff, 0xe3, 0xe6, 0xe3, 0xff, 0xe3, 0xe6, 0xe3, 0xff, 0xe3, 0xe6, 0xe3, 0xff, 0xe4, 0xe7, 0xe4, 0xff, 0xe4, 0xe7, 0xe4, 0xff, 0xe4, 0xe7, 0xe4, 0xff, 0xe4, 0xe7, 0xe4, 0xff, 0xe4, 0xe7, 0xe4, 0xff, 0xe4, 0xe7, 0xe4, 0xff, 0xe4, 0xe7, 0xe4, 0xff, 0xe4, 0xe7, 0xe4, 0xff, 0xe3, 0xe6, 0xe3, 0xff, 0xe3, 0xe6, 0xe3, 0xff, 0xe3, 0xe6, 0xe3, 0xff, 0xe3, 0xe6, 0xe3, 0xff, 0xe3, 0xe6, 0xe3, 0xff, 0xe3, 0xe6, 0xe3, 0xff, 0xe3, 0xe6, 0xe3, 0xff, 0xe3, 0xe6, 0xe3, 0xff, 0xe3, 0xe6, 0xe3, 0xff, 0xe3, 0xe6, 0xe3, 0xff, 0xe3, 0xe6, 0xe3, 0xff, 0xe3, 0xe6, 0xe3, 0xff, 0xe3, 0xe6, 0xe3, 0xff, 0xe3, 0xe6, 0xe3, 0xff, 0xe3, 0xe6, 0xe3, 0xff, 0xe3, 0xe6, 0xe3, 0xff, 0xe3, 0xe6, 0xe3, 0xff, 0xe2, 0xe5, 0xe2, 0xff, 0xe2, 0xe5, 0xe2, 0xff, 0xe2, 0xe5, 0xe2, 0xff, 0xe2, 0xe5, 0xe2, 0xff, 0xe2, 0xe5, 0xe2, 0xff, 0xe2, 0xe5, 0xe2, 0xff, 0xe2, 0xe5, 0xe2, 0xff, 0xe5, 0xe8, 0xe5, 0xff, 0xe4, 0xe7, 0xe4, 0xff, 0xe3, 0xe6, 0xe3, 0xff, 0xe3, 0xe6, 0xe3, 0xff, 0xe4, 0xe7, 0xe4, 0xff, 0xe5, 0xe8, 0xe5, 0xff, 0xe5, 0xe8, 0xe5, 0xff, 0xe4, 0xe7, 0xe4, 0xff, 0xe3, 0xe6, 0xe3, 0xff, 0xe3, 0xe6, 0xe3, 0xff, 0xe4, 0xe7, 0xe4, 0xff, 0xe5, 0xe8, 0xe5, 0xff, 0xe5, 0xe8, 0xe5, 0xff, 0xe5, 0xe8, 0xe5, 0xff, 0xe4, 0xe7, 0xe4, 0xff, 0xe4, 0xe7, 0xe4, 0xff, 0xe4, 0xe7, 0xe4, 0xff, 0xe4, 0xe7, 0xe4, 0xff, 0xe4, 0xe7, 0xe4, 0xff, 0xe4, 0xe7, 0xe4, 0xff, 0xe5, 0xe8, 0xe5, 0xff, 0xe5, 0xe8, 0xe5, 0xff, 0xe5, 0xe8, 0xe5, 0xff, 0xe6, 0xe8, 0xe6, 0xff, 0xe7, 0xe8, 0xe8, 0xff, 0xe8, 0xe8, 0xe8, 0xff, 0xe9, 0xe9, 0xe9, 0xff, 0xe8, 0xe8, 0xe8, 0xff, 0xe7, 0xe7, 0xe7, 0xff, 0xe6, 0xe6, 0xe6, 0xff, 0xe7, 0xe7, 0xe7, 0xff, 0xe8, 0xe8, 0xe8, 0xff, 0xe8, 0xe8, 0xe8, 0xff, 0xe7, 0xe7, 0xe7, 0xff, 0xe7, 0xe7, 0xe7, 0xff, 0xe7, 0xe7, 0xe7, 0xff, 0xe7, 0xe7, 0xe7, 0xff, 0xe7, 0xe7, 0xe7, 0xff, 0xe7, 0xe7, 0xe7, 0xff, 0xe7, 0xe8, 0xe7, 0xff, 0xe3, 0xe6, 0xe3, 0xff, 0xe5, 0xe8, 0xe5, 0xff, 0xe7, 0xe8, 0xe7, 0xff, 0xe8, 0xe6, 0xe8, 0xff, 0xea, 0xe5, 0xe9, 0xff, 0xeb, 0xe6, 0xeb, 0xff, 0xeb, 0xe6, 0xea, 0xff, 0xea, 0xe5, 0xe9, 0xff, 
  0xcc, 0xf8, 0xd1, 0xff, 0xd3, 0xf3, 0xd7, 0xff, 0xe3, 0xea, 0xe6, 0xff, 0xea, 0xe6, 0xeb, 0xff, 0xeb, 0xe7, 0xe6, 0xff, 0xe9, 0xe8, 0xe3, 0xff, 0xe4, 0xea, 0xe2, 0xff, 0xe3, 0xea, 0xe3, 0xff, 0xe5, 0xe8, 0xe5, 0xff, 0xe7, 0xe8, 0xe5, 0xff, 0xe7, 0xe9, 0xe3, 0xff, 0xe5, 0xe9, 0xe3, 0xff, 0xe3, 0xe8, 0xe6, 0xff, 0xe2, 0xe8, 0xe7, 0xff, 0xe4, 0xe8, 0xe6, 0xff, 0xe5, 0xe8, 0xe5, 0xff, 0xe5, 0xe8, 0xe5, 0xff, 0xe5, 0xe8, 0xe5, 0xff, 0xe5, 0xe8, 0xe5, 0xff, 0xe5, 0xe8, 0xe5, 0xff, 0xe5, 0xe8, 0xe5, 0xff, 0xe5, 0xe8, 0xe5, 0xff, 0xe5, 0xe8, 0xe5, 0xff, 0xe5, 0xe8, 0xe5, 0xff, 0xe5, 0xe8, 0xe5, 0xff, 0xe5, 0xe8, 0xe5, 0xff, 0xe5, 0xe8, 0xe5, 0xff, 0xe4, 0xe7, 0xe4, 0xff, 0xe4, 0xe7, 0xe4, 0xff, 0xe4, 0xe7, 0xe4, 0xff, 0xe4, 0xe7, 0xe4, 0xff, 0xe4, 0xe7, 0xe4, 0xff, 0xe4, 0xe7, 0xe4, 0xff, 0xe4, 0xe7, 0xe4, 0xff, 0xe4, 0xe7, 0xe4, 0xff, 0xe4, 0xe7, 0xe4, 0xff, 0xe4, 0xe7, 0xe4, 0xff, 0xe4, 0xe7, 0xe4, 0xff, 0xe4, 0xe7, 0xe4, 0xff, 0xe4, 0xe7, 0xe4, 0xff, 0xe4, 0xe7, 0xe4, 0xff, 0xe4, 0xe7, 0xe4, 0xff, 0xe4, 0xe7, 0xe4, 0xff, 0xe4, 0xe7, 0xe4, 0xff, 0xe3, 0xe6, 0xe3, 0xff, 0xe3, 0xe6, 0xe3, 0xff, 0xe3, 0xe6, 0xe3, 0xff, 0xe3, 0xe6, 0xe3, 0xff, 0xe4, 0xe7, 0xe4, 0xff, 0xe3, 0xe6, 0xe3, 0xff, 0xe3, 0xe6, 0xe3, 0xff, 0xe3, 0xe6, 0xe3, 0xff, 0xe3, 0xe6, 0xe3, 0xff, 0xe3, 0xe6, 0xe3, 0xff, 0xe3, 0xe6, 0xe3, 0xff, 0xe3, 0xe6, 0xe3, 0xff, 0xe3, 0xe6, 0xe3, 0xff, 0xe3, 0xe6, 0xe3, 0xff, 0xe3, 0xe6, 0xe3, 0xff, 0xe3, 0xe6, 0xe3, 0xff, 0xe2, 0xe5, 0xe2, 0xff, 0xe2, 0xe5, 0xe2, 0xff, 0xe2, 0xe5, 0xe2, 0xff, 0xe2, 0xe5, 0xe2, 0xff, 0xe2, 0xe5, 0xe2, 0xff, 0xe2, 0xe5, 0xe2, 0xff, 0xe2, 0xe5, 0xe2, 0xff, 0xe2, 0xe5, 0xe2, 0xff, 0xe2, 0xe5, 0xe2, 0xff, 0xe2, 0xe5, 0xe2, 0xff, 0xe2, 0xe5, 0xe2, 0xff, 0xe2, 0xe5, 0xe2, 0xff, 0xe4, 0xe7, 0xe4, 0xff, 0xe4, 0xe7, 0xe4, 0xff, 0xe4, 0xe7, 0xe4, 0xff, 0xe4, 0xe7, 0xe4, 0xff, 0xe4, 0xe7, 0xe4, 0xff, 0xe4, 0xe7, 0xe4, 0xff, 0xe4, 0xe7, 0xe4, 0xff, 0xe4, 0xe7, 0xe4, 0xff, 0xe3, 0xe6, 0xe3, 0xff, 0xe3, 0xe6, 0xe3, 0xff, 0xe3, 0xe6, 0xe3, 0xff, 0xe3, 0xe6, 0xe3, 0xff, 0xe3, 0xe6, 0xe3, 0xff, 0xe4, 0xe7, 0xe4, 0xff, 0xe4, 0xe7, 0xe4, 0xff, 0xe4, 0xe7, 0xe4, 0xff, 0xe3, 0xe6, 0xe3, 0xff, 0xe4, 0xe7, 0xe4, 0xff, 0xe5, 0xe8, 0xe5, 0xff, 0xe4, 0xe7, 0xe4, 0xff, 0xe4, 0xe7, 0xe4, 0xff, 0xe3, 0xe6, 0xe3, 0xff, 0xe4, 0xe7, 0xe4, 0xff, 0xe6, 0xe8, 0xe6, 0xff, 0xe7, 0xe8, 0xe8, 0xff, 0xe8, 0xe8, 0xe8, 0xff, 0xe8, 0xe8, 0xe8, 0xff, 0xe8, 0xe8, 0xe8, 0xff, 0xe8, 0xe8, 0xe8, 0xff, 0xe7, 0xe7, 0xe7, 0xff, 0xe7, 0xe7, 0xe7, 0xff, 0xe7, 0xe7, 0xe7, 0xff, 0xe7, 0xe7, 0xe7, 0xff, 0xe7, 0xe7, 0xe7, 0xff, 0xe7, 0xe7, 0xe7, 0xff, 0xe8, 0xe8, 0xe8, 0xff, 0xe8, 0xe8, 0xe8, 0xff, 0xe8, 0xe8, 0xe8, 0xff, 0xe8, 0xe8, 0xe8, 0xff, 0xe6, 0xe7, 0xe6, 0xff, 0xe4, 0xe7, 0xe5, 0xff, 0xe5, 0xe8, 0xe6, 0xff, 0xe6, 0xe7, 0xe6, 0xff, 0xe9, 0xe7, 0xe9, 0xff, 0xeb, 0xe6, 0xea, 0xff, 0xeb, 0xe6, 0xea, 0xff, 0xea, 0xe6, 0xea, 0xff, 0xea, 0xe7, 0xea, 0xff, 
  0xcb, 0xf7, 0xcf, 0xff, 0xd3, 0xf3, 0xd7, 0xff, 0xe1, 0xe9, 0xe5, 0xff, 0xe9, 0xe5, 0xea, 0xff, 0xeb, 0xe7, 0xe6, 0xff, 0xe8, 0xe7, 0xe2, 0xff, 0xe3, 0xe9, 0xe1, 0xff, 0xe3, 0xea, 0xe3, 0xff, 0xe5, 0xe8, 0xe6, 0xff, 0xe7, 0xe7, 0xe6, 0xff, 0xe7, 0xe9, 0xe3, 0xff, 0xe6, 0xe9, 0xe3, 0xff, 0xe3, 0xe8, 0xe6, 0xff, 0xe2, 0xe8, 0xe7, 0xff, 0xe4, 0xe8, 0xe6, 0xff, 0xe5, 0xe8, 0xe5, 0xff, 0xe5, 0xe8, 0xe5, 0xff, 0xe5, 0xe8, 0xe5, 0xff, 0xe5, 0xe8, 0xe5, 0xff, 0xe5, 0xe8, 0xe5, 0xff, 0xe5, 0xe8, 0xe5, 0xff, 0xe5, 0xe8, 0xe5, 0xff, 0xe5, 0xe8, 0xe5, 0xff, 0xe5, 0xe8, 0xe5, 0xff, 0xe5, 0xe8, 0xe5, 0xff, 0xe5, 0xe8, 0xe5, 0xff, 0xe4, 0xe7, 0xe4, 0xff, 0xe4, 0xe7, 0xe4, 0xff, 0xe4, 0xe7, 0xe4, 0xff, 0xe4, 0xe7, 0xe4, 0xff, 0xe4, 0xe7, 0xe4, 0xff, 0xe4, 0xe7, 0xe4, 0xff, 0xe4, 0xe7, 0xe4, 0xff, 0xe4, 0xe7, 0xe4, 0xff, 0xe4, 0xe7, 0xe4, 0xff, 0xe4, 0xe7, 0xe4, 0xff, 0xe4, 0xe7, 0xe4, 0xff, 0xe4, 0xe7, 0xe4, 0xff, 0xe4, 0xe7, 0xe4, 0xff, 0xe3, 0xe6, 0xe3, 0xff, 0xe4, 0xe7, 0xe4, 0xff, 0xe4, 0xe7, 0xe4, 0xff, 0xe4, 0xe7, 0xe4, 0xff, 0xe4, 0xe7, 0xe4, 0xff, 0xe3, 0xe6, 0xe3, 0xff, 0xe3, 0xe6, 0xe3, 0xff, 0xe3, 0xe6, 0xe3, 0xff, 0xe3, 0xe6, 0xe3, 0xff, 0xe3, 0xe6, 0xe3, 0xff, 0xe3, 0xe6, 0xe3, 0xff, 0xe3, 0xe6, 0xe3, 0xff, 0xe3, 0xe6, 0xe3, 0xff, 0xe3, 0xe6, 0xe3, 0xff, 0xe3, 0xe6, 0xe3, 0xff, 0xe3, 0xe6, 0xe3, 0xff, 0xe3, 0xe6, 0xe3, 0xff, 0xe3, 0xe6, 0xe3, 0xff, 0xe3, 0xe6, 0xe3, 0xff, 0xe3, 0xe6, 0xe3, 0xff, 0xe2, 0xe5, 0xe2, 0xff, 0xe2, 0xe5, 0xe2, 0xff, 0xe2, 0xe5, 0xe2, 0xff, 0xe2, 0xe5, 0xe2, 0xff, 0xe2, 0xe5, 0xe2, 0xff, 0xe2, 0xe5, 0xe2, 0xff, 0xe2, 0xe5, 0xe2, 0xff, 0xe2, 0xe5, 0xe2, 0xff, 0xe2, 0xe5, 0xe2, 0xff, 0xe2, 0xe5, 0xe2, 0xff, 0xe2, 0xe5, 0xe2, 0xff, 0xe2, 0xe5, 0xe2, 0xff, 0xe2, 0xe5, 0xe2, 0xff, 0xe3, 0xe6, 0xe3, 0xff, 0xe3, 0xe6, 0xe3, 0xff, 0xe3, 0xe6, 0xe3, 0xff, 0xe3, 0xe6, 0xe3, 0xff, 0xe3, 0xe6, 0xe3, 0xff, 0xe3, 0xe6, 0xe3, 0xff, 0xe3, 0xe6, 0xe3, 0xff, 0xe3, 0xe6, 0xe3, 0xff, 0xe2, 0xe5, 0xe2, 0xff, 0xe3, 0xe6, 0xe3, 0xff, 0xe3, 0xe6, 0xe3, 0xff, 0xe3, 0xe6, 0xe3, 0xff, 0xe3, 0xe6, 0xe3, 0xff, 0xe3, 0xe6, 0xe3, 0xff, 0xe3, 0xe6, 0xe3, 0xff, 0xe3, 0xe6, 0xe3, 0xff, 0xe2, 0xe5, 0xe2, 0xff, 0xe3, 0xe6, 0xe3, 0xff, 0xe4, 0xe7, 0xe4, 0xff, 0xe4, 0xe7, 0xe4, 0xff, 0xe3, 0xe6, 0xe3, 0xff, 0xe3, 0xe6, 0xe3, 0xff, 0xe4, 0xe7, 0xe4, 0xff, 0xe6, 0xe8, 0xe6, 0xff, 0xe5, 0xe6, 0xe6, 0xff, 0xe6, 0xe6, 0xe6, 0xff, 0xe6, 0xe6, 0xe6, 0xff, 0xe6, 0xe6, 0xe6, 0xff, 0xe6, 0xe6, 0xe6, 0xff, 0xe6, 0xe6, 0xe6, 0xff, 0xe6, 0xe6, 0xe6, 0xff, 0xe5, 0xe5, 0xe5, 0xff, 0xe6, 0xe6, 0xe6, 0xff, 0xe6, 0xe6, 0xe6, 0xff, 0xe6, 0xe6, 0xe6, 0xff, 0xe7, 0xe7, 0xe7, 0xff, 0xe7, 0xe7, 0xe7, 0xff, 0xe7, 0xe7, 0xe7, 0xff, 0xe7, 0xe7, 0xe7, 0xff, 0xe6, 0xe6, 0xe6, 0xff, 0xe5, 0xe6, 0xe5, 0xff, 0xe5, 0xe6, 0xe5, 0xff, 0xe6, 0xe6, 0xe6, 0xff, 0xe7, 0xe6, 0xe8, 0xff, 0xe9, 0xe6, 0xe8, 0xff, 0xe8, 0xe6, 0xe8, 0xff, 0xe7, 0xe7, 0xe7, 0xff, 0xe6, 0xe7, 0xe6, 0xff, 
  0xc9, 0xf7, 0xcc, 0xff, 0xd1, 0xf3, 0xd4, 0xff, 0xe0, 0xea, 0xe3, 0xff, 0xe8, 0xe6, 0xe9, 0xff, 0xe9, 0xe6, 0xe5, 0xff, 0xe7, 0xe7, 0xe3, 0xff, 0xe2, 0xe9, 0xe2, 0xff, 0xe1, 0xe8, 0xe3, 0xff, 0xe5, 0xe7, 0xe7, 0xff, 0xe7, 0xe7, 0xe7, 0xff, 0xe7, 0xe9, 0xe4, 0xff, 0xe6, 0xe9, 0xe4, 0xff, 0xe3, 0xe8, 0xe6, 0xff, 0xe2, 0xe8, 0xe7, 0xff, 0xe4, 0xe8, 0xe5, 0xff, 0xe5, 0xe8, 0xe5, 0xff, 0xe4, 0xe7, 0xe4, 0xff, 0xe4, 0xe7, 0xe4, 0xff, 0xe4, 0xe7, 0xe4, 0xff, 0xe4, 0xe7, 0xe4, 0xff, 0xe4, 0xe7, 0xe4, 0xff, 0xe4, 0xe7, 0xe4, 0xff, 0xe4, 0xe7, 0xe4, 0xff, 0xe4, 0xe7, 0xe4, 0xff, 0xe4, 0xe7, 0xe4, 0xff, 0xe4, 0xe7, 0xe4, 0xff, 0xe4, 0xe7, 0xe4, 0xff, 0xe4, 0xe7, 0xe4, 0xff, 0xe4, 0xe7, 0xe4, 0xff, 0xe4, 0xe7, 0xe4, 0xff, 0xe4, 0xe7, 0xe4, 0xff, 0xe4, 0xe7, 0xe4, 0xff, 0xe4, 0xe7, 0xe4, 0xff, 0xe4, 0xe7, 0xe4, 0xff, 0xe4, 0xe7, 0xe4, 0xff, 0xe4, 0xe7, 0xe4, 0xff, 0xe4, 0xe7, 0xe4, 0xff, 0xe3, 0xe6, 0xe3, 0xff, 0xe3, 0xe6, 0xe3, 0xff, 0xe3, 0xe6, 0xe3, 0xff, 0xe4, 0xe7, 0xe4, 0xff, 0xe4, 0xe7, 0xe4, 0xff, 0xe3, 0xe6, 0xe3, 0xff, 0xe3, 0xe6, 0xe3, 0xff, 0xe3, 0xe6, 0xe3, 0xff, 0xe3, 0xe6, 0xe3, 0xff, 0xe3, 0xe6, 0xe3, 0xff, 0xe3, 0xe6, 0xe3, 0xff, 0xe3, 0xe6, 0xe3, 0xff, 0xe3, 0xe6, 0xe3, 0xff, 0xe3, 0xe6, 0xe3, 0xff, 0xe3, 0xe6, 0xe3, 0xff, 0xe3, 0xe6, 0xe3, 0xff, 0xe3, 0xe6, 0xe3, 0xff, 0xe3, 0xe6, 0xe3, 0xff, 0xe3, 0xe6, 0xe3, 0xff, 0xe3, 0xe6, 0xe3, 0xff, 0xe2, 0xe5, 0xe2, 0xff, 0xe2, 0xe5, 0xe2, 0xff, 0xe2, 0xe5, 0xe2, 0xff, 0xe2, 0xe5, 0xe2, 0xff, 0xe2, 0xe5, 0xe2, 0xff, 0xe2, 0xe5, 0xe2, 0xff, 0xe2, 0xe5, 0xe2, 0xff, 0xe2, 0xe5, 0xe2, 0xff, 0xe2, 0xe5, 0xe2, 0xff, 0xe2, 0xe5, 0xe2, 0xff, 0xe2, 0xe5, 0xe2, 0xff, 0xe2, 0xe5, 0xe2, 0xff, 0xe2, 0xe5, 0xe2, 0xff, 0xe2, 0xe5, 0xe2, 0xff, 0xe2, 0xe5, 0xe2, 0xff, 0xe2, 0xe5, 0xe2, 0xff, 0xe2, 0xe5, 0xe2, 0xff, 0xe1, 0xe4, 0xe1, 0xff, 0xe1, 0xe4, 0xe1, 0xff, 0xe1, 0xe4, 0xe1, 0xff, 0xe1, 0xe4, 0xe1, 0xff, 0xe1, 0xe4, 0xe1, 0xff, 0xe1, 0xe4, 0xe1, 0xff, 0xe2, 0xe5, 0xe2, 0xff, 0xe2, 0xe5, 0xe2, 0xff, 0xe2, 0xe5, 0xe2, 0xff, 0xe2, 0xe5, 0xe2, 0xff, 0xe2, 0xe5, 0xe2, 0xff, 0xe2, 0xe5, 0xe2, 0xff, 0xe2, 0xe5, 0xe2, 0xff, 0xe2, 0xe5, 0xe2, 0xff, 0xe2, 0xe5, 0xe2, 0xff, 0xe2, 0xe5, 0xe2, 0xff, 0xe3, 0xe6, 0xe3, 0xff, 0xe3, 0xe6, 0xe3, 0xff, 0xe2, 0xe5, 0xe2, 0xff, 0xe2, 0xe5, 0xe2, 0xff, 0xe3, 0xe6, 0xe3, 0xff, 0xe4, 0xe6, 0xe4, 0xff, 0xe3, 0xe4, 0xe4, 0xff, 0xe4, 0xe4, 0xe4, 0xff, 0xe5, 0xe5, 0xe5, 0xff, 0xe5, 0xe5, 0xe5, 0xff, 0xe5, 0xe5, 0xe5, 0xff, 0xe5, 0xe5, 0xe5, 0xff, 0xe5, 0xe5, 0xe5, 0xff, 0xe5, 0xe5, 0xe5, 0xff, 0xe5, 0xe5, 0xe5, 0xff, 0xe5, 0xe5, 0xe5, 0xff, 0xe5, 0xe5, 0xe5, 0xff, 0xe5, 0xe5, 0xe5, 0xff, 0xe6, 0xe6, 0xe6, 0xff, 0xe6, 0xe6, 0xe6, 0xff, 0xe5, 0xe5, 0xe5, 0xff, 0xe5, 0xe5, 0xe5, 0xff, 0xe5, 0xe5, 0xe5, 0xff, 0xe5, 0xe5, 0xe6, 0xff, 0xe5, 0xe4, 0xe6, 0xff, 0xe5, 0xe5, 0xe6, 0xff, 0xe5, 0xe5, 0xe5, 0xff, 0xe3, 0xe6, 0xe3, 0xff, 0xe1, 0xe8, 0xe1, 0xff, 0xe0, 0xe8, 0xe0, 0xff, 
  0xc8, 0xf8, 0xca, 0xff, 0xd0, 0xf4, 0xd2, 0xff, 0xdf, 0xeb, 0xe2, 0xff, 0xe7, 0xe6, 0xe8, 0xff, 0xe8, 0xe6, 0xe4, 0xff, 0xe6, 0xe7, 0xe3, 0xff, 0xe1, 0xe9, 0xe2, 0xff, 0xe2, 0xe9, 0xe5, 0xff, 0xe5, 0xe7, 0xe8, 0xff, 0xe7, 0xe7, 0xe8, 0xff, 0xe7, 0xe8, 0xe5, 0xff, 0xe6, 0xe9, 0xe4, 0xff, 0xe3, 0xe8, 0xe6, 0xff, 0xe3, 0xe8, 0xe6, 0xff, 0xe5, 0xe9, 0xe5, 0xff, 0xe5, 0xe9, 0xe4, 0xff, 0xe4, 0xe7, 0xe4, 0xff, 0xe4, 0xe7, 0xe4, 0xff, 0xe4, 0xe7, 0xe4, 0xff, 0xe4, 0xe7, 0xe4, 0xff, 0xe4, 0xe7, 0xe4, 0xff, 0xe4, 0xe7, 0xe4, 0xff, 0xe4, 0xe7, 0xe4, 0xff, 0xe4, 0xe7, 0xe4, 0xff, 0xe4, 0xe7, 0xe4, 0xff, 0xe4, 0xe7, 0xe4, 0xff, 0xe4, 0xe7, 0xe4, 0xff, 0xe4, 0xe7, 0xe4, 0xff, 0xe4, 0xe7, 0xe4, 0xff, 0xe4, 0xe7, 0xe4, 0xff, 0xe3, 0xe6, 0xe3, 0xff, 0xe3, 0xe6, 0xe3, 0xff, 0xe4, 0xe7, 0xe4, 0xff, 0xe4, 0xe7, 0xe4, 0xff, 0xe4, 0xe7, 0xe4, 0xff, 0xe3, 0xe6, 0xe3, 0xff, 0xe3, 0xe6, 0xe3, 0xff, 0xe3, 0xe6, 0xe3, 0xff, 0xe3, 0xe6, 0xe3, 0xff, 0xe3, 0xe6, 0xe3, 0xff, 0xe3, 0xe6, 0xe3, 0xff, 0xe3, 0xe6, 0xe3, 0xff, 0xe3, 0xe6, 0xe3, 0xff, 0xe3, 0xe6, 0xe3, 0xff, 0xe3, 0xe6, 0xe3, 0xff, 0xe3, 0xe6, 0xe3, 0xff, 0xe3, 0xe6, 0xe3, 0xff, 0xe3, 0xe6, 0xe3, 0xff, 0xe3, 0xe6, 0xe3, 0xff, 0xe3, 0xe6, 0xe3, 0xff, 0xe3, 0xe6, 0xe3, 0xff, 0xe3, 0xe6, 0xe3, 0xff, 0xe3, 0xe6, 0xe3, 0xff, 0xe2, 0xe5, 0xe2, 0xff, 0xe2, 0xe5, 0xe2, 0xff, 0xe2, 0xe5, 0xe2, 0xff, 0xe2, 0xe5, 0xe2, 0xff, 0xe2, 0xe5, 0xe2, 0xff, 0xe2, 0xe5, 0xe2, 0xff, 0xe2, 0xe5, 0xe2, 0xff, 0xe2, 0xe5, 0xe2, 0xff, 0xe2, 0xe5, 0xe2, 0xff, 0xe2, 0xe5, 0xe2, 0xff, 0xe2, 0xe5, 0xe2, 0xff, 0xe2, 0xe5, 0xe2, 0xff, 0xe2, 0xe5, 0xe2, 0xff, 0xe2, 0xe5, 0xe2, 0xff, 0xe2, 0xe5, 0xe2, 0xff, 0xe2, 0xe5, 0xe2, 0xff, 0xe2, 0xe5, 0xe2, 0xff, 0xe2, 0xe5, 0xe2, 0xff, 0xe2, 0xe5, 0xe2, 0xff, 0xe1, 0xe4, 0xe1, 0xff, 0xe1, 0xe4, 0xe1, 0xff, 0xe1, 0xe4, 0xe1, 0xff, 0xe1, 0xe4, 0xe1, 0xff, 0xe1, 0xe4, 0xe1, 0xff, 0xe1, 0xe4, 0xe1, 0xff, 0xe1, 0xe4, 0xe1, 0xff, 0xe1, 0xe4, 0xe1, 0xff, 0xe2, 0xe5, 0xe2, 0xff, 0xe2, 0xe5, 0xe2, 0xff, 0xe2, 0xe5, 0xe2, 0xff, 0xe1, 0xe4, 0xe1, 0xff, 0xe1, 0xe4, 0xe1, 0xff, 0xe1, 0xe4, 0xe1, 0xff, 0xe1, 0xe4, 0xe1, 0xff, 0xe0, 0xe3, 0xe0, 0xff, 0xe1, 0xe4, 0xe1, 0xff, 0xe2, 0xe5, 0xe2, 0xff, 0xe2, 0xe5, 0xe2, 0xff, 0xe2, 0xe5, 0xe2, 0xff, 0xe2, 0xe5, 0xe2, 0xff, 0xe1, 0xe4, 0xe1, 0xff, 0xe2, 0xe5, 0xe2, 0xff, 0xe3, 0xe5, 0xe3, 0xff, 0xe3, 0xe4, 0xe4, 0xff, 0xe4, 0xe4, 0xe4, 0xff, 0xe4, 0xe4, 0xe4, 0xff, 0xe5, 0xe5, 0xe5, 0xff, 0xe5, 0xe5, 0xe5, 0xff, 0xe5, 0xe5, 0xe5, 0xff, 0xe5, 0xe5, 0xe5, 0xff, 0xe5, 0xe5, 0xe5, 0xff, 0xe4, 0xe4, 0xe4, 0xff, 0xe4, 0xe4, 0xe4, 0xff, 0xe4, 0xe4, 0xe4, 0xff, 0xe5, 0xe5, 0xe5, 0xff, 0xe5, 0xe5, 0xe5, 0xff, 0xe5, 0xe5, 0xe5, 0xff, 0xe5, 0xe5, 0xe5, 0xff, 0xe4, 0xe4, 0xe4, 0xff, 0xe5, 0xe3, 0xe5, 0xff, 0xe5, 0xe3, 0xe6, 0xff, 0xe4, 0xe3, 0xe5, 0xff, 0xe3, 0xe4, 0xe4, 0xff, 0xe2, 0xe5, 0xe2, 0xff, 0xdf, 0xe7, 0xe0, 0xff, 0xdc, 0xe9, 0xdd, 0xff, 0xda, 0xea, 0xdb, 0xff, 
  0xc7, 0xfa, 0xc7, 0xff, 0xcf, 0xf6, 0xd0, 0xff, 0xdf, 0xec, 0xe0, 0xff, 0xe6, 0xe7, 0xe7, 0xff, 0xe8, 0xe8, 0xe5, 0xff, 0xe6, 0xe7, 0xe3, 0xff, 0xe2, 0xe9, 0xe4, 0xff, 0xe2, 0xe9, 0xe5, 0xff, 0xe4, 0xe5, 0xe8, 0xff, 0xe6, 0xe5, 0xe8, 0xff, 0xe7, 0xe6, 0xe4, 0xff, 0xe6, 0xe7, 0xe4, 0xff, 0xe2, 0xe7, 0xe5, 0xff, 0xe2, 0xe7, 0xe5, 0xff, 0xe4, 0xe8, 0xe3, 0xff, 0xe5, 0xe8, 0xe3, 0xff, 0xe4, 0xe7, 0xe4, 0xff, 0xe4, 0xe7, 0xe4, 0xff, 0xe4, 0xe7, 0xe4, 0xff, 0xe4, 0xe7, 0xe4, 0xff, 0xe4, 0xe7, 0xe4, 0xff, 0xe4, 0xe7, 0xe4, 0xff, 0xe4, 0xe7, 0xe4, 0xff, 0xe4, 0xe7, 0xe4, 0xff, 0xe4, 0xe7, 0xe4, 0xff, 0xe4, 0xe7, 0xe4, 0xff, 0xe4, 0xe7, 0xe4, 0xff, 0xe4, 0xe7, 0xe4, 0xff, 0xe3, 0xe6, 0xe3, 0xff, 0xe3, 0xe6, 0xe3, 0xff, 0xe3, 0xe6, 0xe3, 0xff, 0xe3, 0xe6, 0xe3, 0xff, 0xe3, 0xe6, 0xe3, 0xff, 0xe3, 0xe6, 0xe3, 0xff, 0xe3, 0xe6, 0xe3, 0xff, 0xe3, 0xe6, 0xe3, 0xff, 0xe3, 0xe6, 0xe3, 0xff, 0xe3, 0xe6, 0xe3, 0xff, 0xe3, 0xe6, 0xe3, 0xff, 0xe3, 0xe6, 0xe3, 0xff, 0xe3, 0xe6, 0xe3, 0xff, 0xe3, 0xe6, 0xe3, 0xff, 0xe3, 0xe6, 0xe3, 0xff, 0xe3, 0xe6, 0xe3, 0xff, 0xe3, 0xe6, 0xe3, 0xff, 0xe3, 0xe6, 0xe3, 0xff, 0xe2, 0xe5, 0xe2, 0xff, 0xe2, 0xe5, 0xe2, 0xff, 0xe3, 0xe6, 0xe3, 0xff, 0xe3, 0xe6, 0xe3, 0xff, 0xe3, 0xe6, 0xe3, 0xff, 0xe2, 0xe5, 0xe2, 0xff, 0xe2, 0xe5, 0xe2, 0xff, 0xe2, 0xe5, 0xe2, 0xff, 0xe2, 0xe5, 0xe2, 0xff, 0xe2, 0xe5, 0xe2, 0xff, 0xe2, 0xe5, 0xe2, 0xff, 0xe2, 0xe5, 0xe2, 0xff, 0xe2, 0xe5, 0xe2, 0xff, 0xe2, 0xe5, 0xe2, 0xff, 0xe2, 0xe5, 0xe2, 0xff, 0xe1, 0xe4, 0xe1, 0xff, 0xe1, 0xe4, 0xe1, 0xff, 0xe1, 0xe4, 0xe1, 0xff, 0xe1, 0xe4, 0xe1, 0xff, 0xe1, 0xe4, 0xe1, 0xff, 0xe1, 0xe4, 0xe1, 0xff, 0xe1, 0xe4, 0xe1, 0xff, 0xe1, 0xe4, 0xe1, 0xff, 0xe1, 0xe4, 0xe1, 0xff, 0xe1, 0xe4, 0xe1, 0xff, 0xe1, 0xe4, 0xe1, 0xff, 0xe1, 0xe4, 0xe1, 0xff, 0xe1, 0xe4, 0xe1, 0xff, 0xe1, 0xe4, 0xe1, 0xff, 0xe1, 0xe4, 0xe1, 0xff, 0xe1, 0xe4, 0xe1, 0xff, 0xe1, 0xe4, 0xe1, 0xff, 0xe1, 0xe4, 0xe1, 0xff, 0xe0, 0xe3, 0xe0, 0xff, 0xe1, 0xe4, 0xe1, 0xff, 0xe1, 0xe4, 0xe1, 0xff, 0xe1, 0xe4, 0xe1, 0xff, 0xe1, 0xe4, 0xe1, 0xff, 0xe0, 0xe3, 0xe0, 0xff, 0xe0, 0xe3, 0xe0, 0xff, 0xe0, 0xe3, 0xe0, 0xff, 0xe0, 0xe3, 0xe0, 0xff, 0xe1, 0xe4, 0xe1, 0xff, 0xe1, 0xe4, 0xe1, 0xff, 0xe1, 0xe4, 0xe1, 0xff, 0xe1, 0xe4, 0xe1, 0xff, 0xe1, 0xe4, 0xe1, 0xff, 0xe1, 0xe4, 0xe1, 0xff, 0xe1, 0xe4, 0xe1, 0xff, 0xe2, 0xe4, 0xe2, 0xff, 0xe2, 0xe3, 0xe3, 0xff, 0xe3, 0xe3, 0xe3, 0xff, 0xe3, 0xe3, 0xe3, 0xff, 0xe4, 0xe4, 0xe4, 0xff, 0xe4, 0xe4, 0xe4, 0xff, 0xe4, 0xe4, 0xe4, 0xff, 0xe4, 0xe4, 0xe4, 0xff, 0xe4, 0xe4, 0xe4, 0xff, 0xe3, 0xe3, 0xe3, 0xff, 0xe3, 0xe3, 0xe3, 0xff, 0xe4, 0xe4, 0xe4, 0xff, 0xe4, 0xe4, 0xe4, 0xff, 0xe4, 0xe4, 0xe4, 0xff, 0xe4, 0xe4, 0xe4, 0xff, 0xe4, 0xe4, 0xe4, 0xff, 0xe5, 0xe3, 0xe5, 0xff, 0xe6, 0xe2, 0xe7, 0xff, 0xe6, 0xe2, 0xe7, 0xff, 0xe5, 0xe3, 0xe6, 0xff, 0xe1, 0xe3, 0xe3, 0xff, 0xdf, 0xe5, 0xe0, 0xff, 0xdc, 0xe9, 0xdd, 0xff, 0xd7, 0xec, 0xd9, 0xff, 0xd5, 0xee, 0xd7, 0xff, 
  0xc6, 0xfb, 0xc5, 0xff, 0xce, 0xf7, 0xce, 0xff, 0xde, 0xed, 0xdf, 0xff, 0xe6, 0xe8, 0xe6, 0xff, 0xe7, 0xe8, 0xe4, 0xff, 0xe6, 0xe9, 0xe4, 0xff, 0xe2, 0xe9, 0xe4, 0xff, 0xe1, 0xe8, 0xe6, 0xff, 0xe4, 0xe5, 0xe9, 0xff, 0xe6, 0xe4, 0xe9, 0xff, 0xe7, 0xe6, 0xe5, 0xff, 0xe6, 0xe7, 0xe4, 0xff, 0xe2, 0xe7, 0xe5, 0xff, 0xe2, 0xe7, 0xe5, 0xff, 0xe5, 0xe8, 0xe2, 0xff, 0xe5, 0xe8, 0xe2, 0xff, 0xe5, 0xe7, 0xe4, 0xff, 0xe4, 0xe7, 0xe4, 0xff, 0xe4, 0xe7, 0xe4, 0xff, 0xe4, 0xe7, 0xe4, 0xff, 0xe4, 0xe7, 0xe4, 0xff, 0xe4, 0xe7, 0xe4, 0xff, 0xe4, 0xe7, 0xe4, 0xff, 0xe4, 0xe7, 0xe4, 0xff, 0xe4, 0xe7, 0xe4, 0xff, 0xe4, 0xe7, 0xe4, 0xff, 0xe3, 0xe6, 0xe3, 0xff, 0xe3, 0xe6, 0xe3, 0xff, 0xe3, 0xe6, 0xe3, 0xff, 0xe3, 0xe6, 0xe3, 0xff, 0xe3, 0xe6, 0xe3, 0xff, 0xe3, 0xe6, 0xe3, 0xff, 0xe3, 0xe6, 0xe3, 0xff, 0xe3, 0xe6, 0xe3, 0xff, 0xe3, 0xe6, 0xe3, 0xff, 0xe3, 0xe6, 0xe3, 0xff, 0xe3, 0xe6, 0xe3, 0xff, 0xe3, 0xe6, 0xe3, 0xff, 0xe3, 0xe6, 0xe3, 0xff, 0xe2, 0xe5, 0xe2, 0xff, 0xe3, 0xe6, 0xe3, 0xff, 0xe3, 0xe6, 0xe3, 0xff, 0xe3, 0xe6, 0xe3, 0xff, 0xe3, 0xe6, 0xe3, 0xff, 0xe2, 0xe5, 0xe2, 0xff, 0xe2, 0xe5, 0xe2, 0xff, 0xe2, 0xe5, 0xe2, 0xff, 0xe2, 0xe5, 0xe2, 0xff, 0xe2, 0xe5, 0xe2, 0xff, 0xe2, 0xe5, 0xe2, 0xff, 0xe2, 0xe5, 0xe2, 0xff, 0xe2, 0xe5, 0xe2, 0xff, 0xe2, 0xe5, 0xe2, 0xff, 0xe2, 0xe5, 0xe2, 0xff, 0xe2, 0xe5, 0xe2, 0xff, 0xe2, 0xe5, 0xe2, 0xff, 0xe2, 0xe5, 0xe2, 0xff, 0xe2, 0xe5, 0xe2, 0xff, 0xe2, 0xe5, 0xe2, 0xff, 0xe1, 0xe4, 0xe1, 0xff, 0xe1, 0xe4, 0xe1, 0xff, 0xe1, 0xe4, 0xe1, 0xff, 0xe1, 0xe4, 0xe1, 0xff, 0xe1, 0xe4, 0xe1, 0xff, 0xe1, 0xe4, 0xe1, 0xff, 0xe1, 0xe4, 0xe1, 0xff, 0xe1, 0xe4, 0xe1, 0xff, 0xe1, 0xe4, 0xe1, 0xff, 0xe1, 0xe4, 0xe1, 0xff, 0xe1, 0xe4, 0xe1, 0xff, 0xe1, 0xe4, 0xe1, 0xff, 0xe1, 0xe4, 0xe1, 0xff, 0xe2, 0xe5, 0xe2, 0xff, 0xe1, 0xe4, 0xe1, 0xff, 0xe1, 0xe4, 0xe1, 0xff, 0xe1, 0xe4, 0xe1, 0xff, 0xe1, 0xe4, 0xe1, 0xff, 0xe1, 0xe4, 0xe1, 0xff, 0xe0, 0xe3, 0xe0, 0xff, 0xe0, 0xe3, 0xe0, 0xff, 0xe1, 0xe4, 0xe1, 0xff, 0xe1, 0xe4, 0xe1, 0xff, 0xe1, 0xe4, 0xe1, 0xff, 0xe0, 0xe3, 0xe0, 0xff, 0xe0, 0xe3, 0xe0, 0xff, 0xe0, 0xe3, 0xe0, 0xff, 0xe0, 0xe3, 0xe0, 0xff, 0xe0, 0xe3, 0xe0, 0xff, 0xe1, 0xe4, 0xe1, 0xff, 0xe1, 0xe4, 0xe1, 0xff, 0xe0, 0xe3, 0xe0, 0xff, 0xe0, 0xe3, 0xe0, 0xff, 0xe1, 0xe4, 0xe1, 0xff, 0xe1, 0xe4, 0xe1, 0xff, 0xe0, 0xe3, 0xe0, 0xff, 0xe1, 0xe3, 0xe1, 0xff, 0xe0, 0xe1, 0xe1, 0xff, 0xe2, 0xe2, 0xe2, 0xff, 0xe2, 0xe2, 0xe2, 0xff, 0xe2, 0xe2, 0xe2, 0xff, 0xe2, 0xe2, 0xe2, 0xff, 0xe2, 0xe2, 0xe2, 0xff, 0xe2, 0xe2, 0xe2, 0xff, 0xe2, 0xe2, 0xe2, 0xff, 0xe2, 0xe2, 0xe2, 0xff, 0xe3, 0xe3, 0xe3, 0xff, 0xe3, 0xe3, 0xe3, 0xff, 0xe3, 0xe3, 0xe3, 0xff, 0xe3, 0xe3, 0xe3, 0xff, 0xe3, 0xe3, 0xe3, 0xff, 0xe3, 0xe3, 0xe3, 0xff, 0xe4, 0xe2, 0xe4, 0xff, 0xe7, 0xe2, 0xe7, 0xff, 0xe6, 0xe0, 0xe7, 0xff, 0xe4, 0xe2, 0xe5, 0xff, 0xe1, 0xe4, 0xe2, 0xff, 0xdd, 0xe6, 0xde, 0xff, 0xd9, 0xeb, 0xdb, 0xff, 0xd4, 0xf0, 0xd6, 0xff, 0xd1, 0xf1, 0xd4, 0xff, 
  0xc5, 0xfc, 0xc4, 0xff, 0xce, 0xf7, 0xcd, 0xff, 0xdc, 0xed, 0xdd, 0xff, 0xe5, 0xe8, 0xe5, 0xff, 0xe5, 0xe8, 0xe3, 0xff, 0xe4, 0xe8, 0xe3, 0xff, 0xe1, 0xe9, 0xe5, 0xff, 0xe0, 0xe8, 0xe7, 0xff, 0xe3, 0xe5, 0xe9, 0xff, 0xe5, 0xe4, 0xe9, 0xff, 0xe7, 0xe6, 0xe6, 0xff, 0xe6, 0xe7, 0xe5, 0xff, 0xe2, 0xe7, 0xe5, 0xff, 0xe2, 0xe7, 0xe5, 0xff, 0xe5, 0xe8, 0xe2, 0xff, 0xe5, 0xe8, 0xe2, 0xff, 0xe5, 0xe7, 0xe4, 0xff, 0xe4, 0xe7, 0xe4, 0xff, 0xe4, 0xe7, 0xe4, 0xff, 0xe4, 0xe7, 0xe4, 0xff, 0xe4, 0xe7, 0xe4, 0xff, 0xe4, 0xe7, 0xe4, 0xff, 0xe4, 0xe7, 0xe4, 0xff, 0xe4, 0xe7, 0xe4, 0xff, 0xe3, 0xe6, 0xe3, 0xff, 0xe3, 0xe6, 0xe3, 0xff, 0xe3, 0xe6, 0xe3, 0xff, 0xe3, 0xe6, 0xe3, 0xff, 0xe3, 0xe6, 0xe3, 0xff, 0xe3, 0xe6, 0xe3, 0xff, 0xe3, 0xe6, 0xe3, 0xff, 0xe3, 0xe6, 0xe3, 0xff, 0xe3, 0xe6, 0xe3, 0xff, 0xe3, 0xe6, 0xe3, 0xff, 0xe3, 0xe6, 0xe3, 0xff, 0xe3, 0xe6, 0xe3, 0xff, 0xe3, 0xe6, 0xe3, 0xff, 0xe2, 0xe5, 0xe2, 0xff, 0xe2, 0xe5, 0xe2, 0xff, 0xe2, 0xe5, 0xe2, 0xff, 0xe3, 0xe6, 0xe3, 0xff, 0xe3, 0xe6, 0xe3, 0xff, 0xe2, 0xe5, 0xe2, 0xff, 0xe2, 0xe5, 0xe2, 0xff, 0xe2, 0xe5, 0xe2, 0xff, 0xe2, 0xe5, 0xe2, 0xff, 0xe2, 0xe5, 0xe2, 0xff, 0xe2, 0xe5, 0xe2, 0xff, 0xe2, 0xe5, 0xe2, 0xff, 0xe2, 0xe5, 0xe2, 0xff, 0xe2, 0xe5, 0xe2, 0xff, 0xe2, 0xe5, 0xe2, 0xff, 0xe2, 0xe5, 0xe2, 0xff, 0xe2, 0xe5, 0xe2, 0xff, 0xe2, 0xe5, 0xe2, 0xff, 0xe2, 0xe5, 0xe2, 0xff, 0xe2, 0xe5, 0xe2, 0xff, 0xe1, 0xe4, 0xe1, 0xff, 0xe1, 0xe4, 0xe1, 0xff, 0xe1, 0xe4, 0xe1, 0xff, 0xe1, 0xe4, 0xe1, 0xff, 0xe1, 0xe4, 0xe1, 0xff, 0xe1, 0xe4, 0xe1, 0xff, 0xe1, 0xe4, 0xe1, 0xff, 0xe1, 0xe4, 0xe1, 0xff, 0xe1, 0xe4, 0xe1, 0xff, 0xe1, 0xe4, 0xe1, 0xff, 0xe1, 0xe4, 0xe1, 0xff, 0xe1, 0xe4, 0xe1, 0xff, 0xe1, 0xe4, 0xe1, 0xff, 0xe1, 0xe4, 0xe1, 0xff, 0xe1, 0xe4, 0xe1, 0xff, 0xe1, 0xe4, 0xe1, 0xff, 0xe1, 0xe4, 0xe1, 0xff, 0xe1, 0xe4, 0xe1, 0xff, 0xe1, 0xe4, 0xe1, 0xff, 0xe0, 0xe3, 0xe0, 0xff, 0xe0, 0xe3, 0xe0, 0xff, 0xe0, 0xe3, 0xe0, 0xff, 0xe0, 0xe3, 0xe0, 0xff, 0xe0, 0xe3, 0xe0, 0xff, 0xe0, 0xe3, 0xe0, 0xff, 0xe0, 0xe3, 0xe0, 0xff, 0xe0, 0xe3, 0xe0, 0xff, 0xe0, 0xe3, 0xe0, 0xff, 0xe1, 0xe4, 0xe1, 0xff, 0xe1, 0xe4, 0xe1, 0xff, 0xe1, 0xe4, 0xe1, 0xff, 0xe2, 0xe5, 0xe2, 0xff, 0xe1, 0xe4, 0xe1, 0xff, 0xe0, 0xe3, 0xe0, 0xff, 0xe0, 0xe3, 0xe0, 0xff, 0xe1, 0xe4, 0xe1, 0xff, 0xe1, 0xe4, 0xe1, 0xff, 0xe0, 0xe3, 0xe0, 0xff, 0xe0, 0xe2, 0xe0, 0xff, 0xe1, 0xe2, 0xe2, 0xff, 0xe2, 0xe2, 0xe2, 0xff, 0xe2, 0xe2, 0xe2, 0xff, 0xe2, 0xe2, 0xe2, 0xff, 0xe2, 0xe2, 0xe2, 0xff, 0xe2, 0xe2, 0xe2, 0xff, 0xe1, 0xe1, 0xe1, 0xff, 0xe1, 0xe1, 0xe1, 0xff, 0xe1, 0xe1, 0xe1, 0xff, 0xe1, 0xe1, 0xe1, 0xff, 0xe2, 0xe2, 0xe2, 0xff, 0xe2, 0xe2, 0xe2, 0xff, 0xe2, 0xe2, 0xe2, 0xff, 0xe2, 0xe2, 0xe2, 0xff, 0xe2, 0xe2, 0xe2, 0xff, 0xe3, 0xe1, 0xe3, 0xff, 0xe7, 0xe0, 0xe7, 0xff, 0xe6, 0xdf, 0xe6, 0xff, 0xe3, 0xe0, 0xe4, 0xff, 0xdf, 0xe3, 0xe1, 0xff, 0xdb, 0xe6, 0xdc, 0xff, 0xd6, 0xeb, 0xd7, 0xff, 0xd1, 0xf2, 0xd3, 0xff, 0xce, 0xf4, 0xd0, 0xff, 
  0xc6, 0xfb, 0xc3, 0xff, 0xcc, 0xf7, 0xca, 0xff, 0xd9, 0xef, 0xd9, 0xff, 0xe0, 0xea, 0xe0, 0xff, 0xe2, 0xe9, 0xe1, 0xff, 0xe2, 0xe8, 0xe3, 0xff, 0xe0, 0xe8, 0xe4, 0xff, 0xe1, 0xe8, 0xe7, 0xff, 0xe3, 0xe5, 0xe9, 0xff, 0xe6, 0xe5, 0xe8, 0xff, 0xe7, 0xe6, 0xe5, 0xff, 0xe6, 0xe7, 0xe4, 0xff, 0xe3, 0xe7, 0xe5, 0xff, 0xe2, 0xe7, 0xe4, 0xff, 0xe4, 0xe8, 0xe3, 0xff, 0xe5, 0xe8, 0xe2, 0xff, 0xe4, 0xe6, 0xe3, 0xff, 0xe4, 0xe6, 0xe4, 0xff, 0xe4, 0xe6, 0xe4, 0xff, 0xe3, 0xe6, 0xe4, 0xff, 0xe3, 0xe6, 0xe4, 0xff, 0xe3, 0xe6, 0xe3, 0xff, 0xe3, 0xe6, 0xe3, 0xff, 0xe3, 0xe6, 0xe3, 0xff, 0xe3, 0xe6, 0xe3, 0xff, 0xe3, 0xe6, 0xe3, 0xff, 0xe3, 0xe6, 0xe3, 0xff, 0xe4, 0xe6, 0xe4, 0xff, 0xe4, 0xe6, 0xe4, 0xff, 0xe4, 0xe6, 0xe4, 0xff, 0xe4, 0xe6, 0xe4, 0xff, 0xe4, 0xe6, 0xe4, 0xff, 0xe4, 0xe6, 0xe4, 0xff, 0xe4, 0xe6, 0xe3, 0xff, 0xe4, 0xe6, 0xe3, 0xff, 0xe4, 0xe6, 0xe3, 0xff, 0xe3, 0xe5, 0xe2, 0xff, 0xe3, 0xe5, 0xe2, 0xff, 0xe3, 0xe5, 0xe2, 0xff, 0xe3, 0xe5, 0xe2, 0xff, 0xe4, 0xe6, 0xe3, 0xff, 0xe3, 0xe5, 0xe2, 0xff, 0xe3, 0xe5, 0xe2, 0xff, 0xe3, 0xe5, 0xe2, 0xff, 0xe3, 0xe5, 0xe2, 0xff, 0xe3, 0xe5, 0xe2, 0xff, 0xe3, 0xe5, 0xe2, 0xff, 0xe2, 0xe5, 0xe3, 0xff, 0xe2, 0xe5, 0xe3, 0xff, 0xe2, 0xe5, 0xe3, 0xff, 0xe2, 0xe5, 0xe3, 0xff, 0xe2, 0xe5, 0xe3, 0xff, 0xe2, 0xe5, 0xe3, 0xff, 0xe2, 0xe5, 0xe3, 0xff, 0xe2, 0xe5, 0xe3, 0xff, 0xe1, 0xe4, 0xe2, 0xff, 0xe1, 0xe4, 0xe2, 0xff, 0xe1, 0xe4, 0xe2, 0xff, 0xe1, 0xe4, 0xe2, 0xff, 0xe1, 0xe4, 0xe2, 0xff, 0xe1, 0xe4, 0xe2, 0xff, 0xe1, 0xe4, 0xe2, 0xff, 0xe1, 0xe4, 0xe2, 0xff, 0xe1, 0xe4, 0xe2, 0xff, 0xe1, 0xe4, 0xe2, 0xff, 0xe2, 0xe4, 0xe1, 0xff, 0xe2, 0xe4, 0xe1, 0xff, 0xe2, 0xe4, 0xe1, 0xff, 0xe2, 0xe4, 0xe1, 0xff, 0xe2, 0xe4, 0xe1, 0xff, 0xe2, 0xe4, 0xe1, 0xff, 0xe2, 0xe4, 0xe1, 0xff, 0xe2, 0xe4, 0xe1, 0xff, 0xe2, 0xe4, 0xe1, 0xff, 0xe1, 0xe3, 0xe0, 0xff, 0xe1, 0xe3, 0xe0, 0xff, 0xe1, 0xe3, 0xe0, 0xff, 0xe1, 0xe3, 0xe0, 0xff, 0xe0, 0xe2, 0xdf, 0xff, 0xe0, 0xe2, 0xe0, 0xff, 0xe1, 0xe3, 0xe1, 0xff, 0xe1, 0xe2, 0xe1, 0xff, 0xe1, 0xe2, 0xe1, 0xff, 0xe1, 0xe2, 0xe1, 0xff, 0xe2, 0xe3, 0xe2, 0xff, 0xe2, 0xe3, 0xe2, 0xff, 0xe2, 0xe3, 0xe2, 0xff, 0xe2, 0xe3, 0xe2, 0xff, 0xe3, 0xe4, 0xe3, 0xff, 0xe2, 0xe3, 0xe2, 0xff, 0xe1, 0xe2, 0xe1, 0xff, 0xe1, 0xe2, 0xe1, 0xff, 0xe2, 0xe3, 0xe2, 0xff, 0xe2, 0xe3, 0xe2, 0xff, 0xe1, 0xe2, 0xe1, 0xff, 0xe0, 0xe1, 0xe0, 0xff, 0xe3, 0xe3, 0xe2, 0xff, 0xe3, 0xe3, 0xe2, 0xff, 0xe3, 0xe3, 0xe2, 0xff, 0xe2, 0xe3, 0xe3, 0xff, 0xe2, 0xe3, 0xe3, 0xff, 0xe1, 0xe2, 0xe2, 0xff, 0xe1, 0xe2, 0xe2, 0xff, 0xe1, 0xe2, 0xe3, 0xff, 0xdf, 0xe0, 0xe1, 0xff, 0xe0, 0xe0, 0xe1, 0xff, 0xe1, 0xe0, 0xe2, 0xff, 0xe2, 0xe0, 0xe1, 0xff, 0xe2, 0xe0, 0xe1, 0xff, 0xe2, 0xe0, 0xe1, 0xff, 0xe3, 0xe0, 0xe1, 0xff, 0xe4, 0xdf, 0xe3, 0xff, 0xe7, 0xde, 0xe7, 0xff, 0xe6, 0xdd, 0xe6, 0xff, 0xe2, 0xdf, 0xe3, 0xff, 0xdd, 0xe3, 0xdf, 0xff, 0xd8, 0xe8, 0xda, 0xff, 0xd3, 0xee, 0xd4, 0xff, 0xcc, 0xf3, 0xcf, 0xff, 0xca, 0xf7, 0xcc, 0xff, 
  0xca, 0xfb, 0xc4, 0xff, 0xcd, 0xf8, 0xc9, 0xff, 0xd3, 0xf2, 0xd1, 0xff, 0xd7, 0xee, 0xd9, 0xff, 0xdc, 0xeb, 0xdf, 0xff, 0xdf, 0xe9, 0xe3, 0xff, 0xe0, 0xe7, 0xe5, 0xff, 0xe2, 0xe6, 0xe7, 0xff, 0xe5, 0xe6, 0xe6, 0xff, 0xe7, 0xe6, 0xe5, 0xff, 0xe6, 0xe7, 0xe3, 0xff, 0xe6, 0xe8, 0xe2, 0xff, 0xe4, 0xe8, 0xe3, 0xff, 0xe3, 0xe7, 0xe4, 0xff, 0xe3, 0xe7, 0xe4, 0xff, 0xe4, 0xe7, 0xe5, 0xff, 0xe5, 0xe6, 0xe5, 0xff, 0xe5, 0xe6, 0xe6, 0xff, 0xe5, 0xe6, 0xe6, 0xff, 0xe5, 0xe6, 0xe5, 0xff, 0xe3, 0xe6, 0xe4, 0xff, 0xe3, 0xe6, 0xe3, 0xff, 0xe3, 0xe6, 0xe3, 0xff, 0xe3, 0xe6, 0xe3, 0xff, 0xe3, 0xe6, 0xe3, 0xff, 0xe3, 0xe6, 0xe3, 0xff, 0xe4, 0xe6, 0xe3, 0xff, 0xe5, 0xe6, 0xe4, 0xff, 0xe5, 0xe5, 0xe4, 0xff, 0xe6, 0xe5, 0xe5, 0xff, 0xe7, 0xe5, 0xe5, 0xff, 0xe5, 0xe4, 0xe3, 0xff, 0xe5, 0xe5, 0xe4, 0xff, 0xe4, 0xe6, 0xe3, 0xff, 0xe4, 0xe6, 0xe3, 0xff, 0xe4, 0xe6, 0xe3, 0xff, 0xe3, 0xe5, 0xe2, 0xff, 0xe3, 0xe5, 0xe2, 0xff, 0xe3, 0xe5, 0xe2, 0xff, 0xe2, 0xe4, 0xe1, 0xff, 0xe3, 0xe5, 0xe2, 0xff, 0xe3, 0xe5, 0xe2, 0xff, 0xe3, 0xe5, 0xe2, 0xff, 0xe3, 0xe5, 0xe2, 0xff, 0xe3, 0xe5, 0xe2, 0xff, 0xe3, 0xe5, 0xe2, 0xff, 0xe3, 0xe5, 0xe2, 0xff, 0xe3, 0xe5, 0xe3, 0xff, 0xe2, 0xe4, 0xe3, 0xff, 0xe2, 0xe4, 0xe4, 0xff, 0xe2, 0xe4, 0xe4, 0xff, 0xe1, 0xe3, 0xe3, 0xff, 0xe1, 0xe3, 0xe3, 0xff, 0xe1, 0xe3, 0xe3, 0xff, 0xe1, 0xe3, 0xe3, 0xff, 0xe1, 0xe3, 0xe3, 0xff, 0xe1, 0xe3, 0xe3, 0xff, 0xe1, 0xe3, 0xe3, 0xff, 0xe1, 0xe3, 0xe3, 0xff, 0xe1, 0xe3, 0xe3, 0xff, 0xe1, 0xe3, 0xe3, 0xff, 0xe1, 0xe3, 0xe3, 0xff, 0xe1, 0xe3, 0xe3, 0xff, 0xe1, 0xe3, 0xe2, 0xff, 0xe2, 0xe4, 0xe2, 0xff, 0xe2, 0xe4, 0xe1, 0xff, 0xe2, 0xe4, 0xe1, 0xff, 0xe2, 0xe4, 0xe1, 0xff, 0xe2, 0xe4, 0xe1, 0xff, 0xe2, 0xe4, 0xe1, 0xff, 0xe2, 0xe4, 0xe1, 0xff, 0xe2, 0xe4, 0xe1, 0xff, 0xe0, 0xe2, 0xdf, 0xff, 0xe0, 0xe2, 0xdf, 0xff, 0xe0, 0xe2, 0xdf, 0xff, 0xe1, 0xe3, 0xe0, 0xff, 0xe1, 0xe3, 0xe0, 0xff, 0xe2, 0xe4, 0xe1, 0xff, 0xe2, 0xe4, 0xe1, 0xff, 0xe3, 0xe3, 0xe2, 0xff, 0xe3, 0xe3, 0xe3, 0xff, 0xe4, 0xe2, 0xe4, 0xff, 0xe4, 0xe2, 0xe4, 0xff, 0xe4, 0xe2, 0xe4, 0xff, 0xe4, 0xe2, 0xe4, 0xff, 0xe4, 0xe2, 0xe4, 0xff, 0xe4, 0xe2, 0xe4, 0xff, 0xe4, 0xe2, 0xe4, 0xff, 0xe4, 0xe2, 0xe4, 0xff, 0xe4, 0xe2, 0xe4, 0xff, 0xe4, 0xe2, 0xe4, 0xff, 0xe4, 0xe2, 0xe4, 0xff, 0xe3, 0xe1, 0xe3, 0xff, 0xe3, 0xe1, 0xe3, 0xff, 0xe3, 0xe1, 0xe3, 0xff, 0xe3, 0xe2, 0xe2, 0xff, 0xe2, 0xe3, 0xe0, 0xff, 0xe2, 0xe3, 0xe0, 0xff, 0xe1, 0xe3, 0xe1, 0xff, 0xe1, 0xe3, 0xe1, 0xff, 0xe1, 0xe2, 0xe2, 0xff, 0xe0, 0xe2, 0xe2, 0xff, 0xe0, 0xe2, 0xe3, 0xff, 0xdf, 0xe0, 0xe3, 0xff, 0xdf, 0xe0, 0xe3, 0xff, 0xe0, 0xe0, 0xe3, 0xff, 0xe2, 0xe0, 0xe3, 0xff, 0xe3, 0xe0, 0xe3, 0xff, 0xe4, 0xe0, 0xe2, 0xff, 0xe5, 0xe0, 0xe2, 0xff, 0xe6, 0xdf, 0xe2, 0xff, 0xe7, 0xde, 0xe4, 0xff, 0xe9, 0xdb, 0xe9, 0xff, 0xe8, 0xdc, 0xe8, 0xff, 0xe2, 0xdf, 0xe4, 0xff, 0xdc, 0xe4, 0xdd, 0xff, 0xd5, 0xea, 0xd7, 0xff, 0xce, 0xf0, 0xd0, 0xff, 0xc8, 0xf6, 0xcb, 0xff, 0xc4, 0xf9, 0xc7, 0xff, 
  0xc9, 0xfb, 0xc3, 0xff, 0xcb, 0xfa, 0xc6, 0xff, 0xce, 0xf6, 0xcc, 0xff, 0xd2, 0xf1, 0xd4, 0xff, 0xd8, 0xed, 0xdc, 0xff, 0xdd, 0xea, 0xe2, 0xff, 0xe1, 0xe7, 0xe6, 0xff, 0xe5, 0xe6, 0xe7, 0xff, 0xe7, 0xe5, 0xe6, 0xff, 0xe8, 0xe6, 0xe5, 0xff, 0xe7, 0xe7, 0xe3, 0xff, 0xe6, 0xe8, 0xe2, 0xff, 0xe5, 0xe8, 0xe3, 0xff, 0xe3, 0xe7, 0xe4, 0xff, 0xe2, 0xe7, 0xe4, 0xff, 0xe1, 0xe6, 0xe4, 0xff, 0xe4, 0xe7, 0xe5, 0xff, 0xe5, 0xe6, 0xe5, 0xff, 0xe5, 0xe6, 0xe5, 0xff, 0xe5, 0xe7, 0xe5, 0xff, 0xe3, 0xe6, 0xe3, 0xff, 0xe2, 0xe6, 0xe3, 0xff, 0xe2, 0xe6, 0xe3, 0xff, 0xe2, 0xe6, 0xe3, 0xff, 0xe2, 0xe6, 0xe3, 0xff, 0xe3, 0xe6, 0xe3, 0xff, 0xe3, 0xe6, 0xe3, 0xff, 0xe4, 0xe6, 0xe3, 0xff, 0xe5, 0xe6, 0xe4, 0xff, 0xe6, 0xe5, 0xe4, 0xff, 0xe6, 0xe4, 0xe3, 0xff, 0xe5, 0xe4, 0xe3, 0xff, 0xe4, 0xe6, 0xe3, 0xff, 0xe4, 0xe6, 0xe3, 0xff, 0xe4, 0xe6, 0xe3, 0xff, 0xe3, 0xe5, 0xe2, 0xff, 0xe3, 0xe5, 0xe2, 0xff, 0xe3, 0xe5, 0xe2, 0xff, 0xe3, 0xe5, 0xe2, 0xff, 0xe3, 0xe5, 0xe2, 0xff, 0xe3, 0xe5, 0xe2, 0xff, 0xe3, 0xe5, 0xe2, 0xff, 0xe3, 0xe5, 0xe2, 0xff, 0xe3, 0xe5, 0xe2, 0xff, 0xe3, 0xe5, 0xe2, 0xff, 0xe3, 0xe5, 0xe2, 0xff, 0xe3, 0xe5, 0xe2, 0xff, 0xe2, 0xe5, 0xe2, 0xff, 0xe2, 0xe5, 0xe3, 0xff, 0xe1, 0xe5, 0xe3, 0xff, 0xe0, 0xe4, 0xe2, 0xff, 0xe0, 0xe4, 0xe2, 0xff, 0xe0, 0xe4, 0xe2, 0xff, 0xe0, 0xe4, 0xe2, 0xff, 0xe0, 0xe4, 0xe2, 0xff, 0xe0, 0xe4, 0xe2, 0xff, 0xe0, 0xe4, 0xe2, 0xff, 0xe0, 0xe4, 0xe2, 0xff, 0xe0, 0xe4, 0xe2, 0xff, 0xe0, 0xe4, 0xe2, 0xff, 0xe0, 0xe4, 0xe2, 0xff, 0xe0, 0xe4, 0xe2, 0xff, 0xe0, 0xe4, 0xe2, 0xff, 0xe1, 0xe4, 0xe2, 0xff, 0xe2, 0xe4, 0xe1, 0xff, 0xe2, 0xe4, 0xe1, 0xff, 0xe2, 0xe4, 0xe1, 0xff, 0xe2, 0xe4, 0xe1, 0xff, 0xe2, 0xe4, 0xe1, 0xff, 0xe2, 0xe4, 0xe1, 0xff, 0xe2, 0xe4, 0xe1, 0xff, 0xe2, 0xe4, 0xe1, 0xff, 0xe1, 0xe3, 0xe0, 0xff, 0xe1, 0xe3, 0xe0, 0xff, 0xe1, 0xe3, 0xe0, 0xff, 0xe1, 0xe3, 0xe0, 0xff, 0xe1, 0xe3, 0xe0, 0xff, 0xe2, 0xe4, 0xe1, 0xff, 0xe2, 0xe4, 0xe1, 0xff, 0xe2, 0xe4, 0xe1, 0xff, 0xe3, 0xe3, 0xe3, 0xff, 0xe4, 0xe2, 0xe4, 0xff, 0xe4, 0xe2, 0xe4, 0xff, 0xe4, 0xe2, 0xe4, 0xff, 0xe4, 0xe2, 0xe4, 0xff, 0xe4, 0xe2, 0xe4, 0xff, 0xe4, 0xe2, 0xe4, 0xff, 0xe3, 0xe1, 0xe3, 0xff, 0xe4, 0xe2, 0xe4, 0xff, 0xe4, 0xe2, 0xe4, 0xff, 0xe4, 0xe2, 0xe4, 0xff, 0xe4, 0xe2, 0xe4, 0xff, 0xe3, 0xe1, 0xe3, 0xff, 0xe3, 0xe1, 0xe3, 0xff, 0xe3, 0xe1, 0xe3, 0xff, 0xe3, 0xe2, 0xe2, 0xff, 0xe3, 0xe2, 0xe2, 0xff, 0xe2, 0xe2, 0xe1, 0xff, 0xe2, 0xe2, 0xe1, 0xff, 0xe1, 0xe2, 0xe2, 0xff, 0xe1, 0xe2, 0xe2, 0xff, 0xe1, 0xe2, 0xe2, 0xff, 0xdf, 0xe1, 0xe2, 0xff, 0xdf, 0xe1, 0xe2, 0xff, 0xdf, 0xe1, 0xe2, 0xff, 0xe0, 0xe1, 0xe2, 0xff, 0xe1, 0xe0, 0xe2, 0xff, 0xe2, 0xe0, 0xe2, 0xff, 0xe3, 0xe0, 0xe1, 0xff, 0xe4, 0xe0, 0xe1, 0xff, 0xe5, 0xe0, 0xe1, 0xff, 0xe6, 0xde, 0xe4, 0xff, 0xe9, 0xdc, 0xe8, 0xff, 0xe7, 0xdc, 0xe8, 0xff, 0xe1, 0xe0, 0xe2, 0xff, 0xda, 0xe5, 0xdb, 0xff, 0xd2, 0xec, 0xd4, 0xff, 0xcb, 0xf2, 0xce, 0xff, 0xc5, 0xf8, 0xc8, 0xff, 0xc2, 0xfa, 0xc5, 0xff, 
  0xc4, 0xfe, 0xc0, 0xff, 0xc6, 0xfc, 0xc3, 0xff, 0xca, 0xf8, 0xc9, 0xff, 0xcf, 0xf4, 0xd0, 0xff, 0xd7, 0xef, 0xd9, 0xff, 0xdd, 0xeb, 0xe0, 0xff, 0xe2, 0xe7, 0xe5, 0xff, 0xe6, 0xe5, 0xe8, 0xff, 0xe9, 0xe4, 0xe8, 0xff, 0xea, 0xe4, 0xe8, 0xff, 0xe9, 0xe5, 0xe6, 0xff, 0xe7, 0xe6, 0xe5, 0xff, 0xe5, 0xe7, 0xe4, 0xff, 0xe2, 0xe7, 0xe3, 0xff, 0xe0, 0xe7, 0xe2, 0xff, 0xe0, 0xe7, 0xe2, 0xff, 0xe2, 0xe8, 0xe4, 0xff, 0xe3, 0xe7, 0xe4, 0xff, 0xe2, 0xe6, 0xe3, 0xff, 0xe2, 0xe7, 0xe3, 0xff, 0xe1, 0xe7, 0xe3, 0xff, 0xe0, 0xe7, 0xe2, 0xff, 0xe0, 0xe7, 0xe2, 0xff, 0xe0, 0xe8, 0xe1, 0xff, 0xe0, 0xe8, 0xe1, 0xff, 0xe1, 0xe8, 0xe1, 0xff, 0xe1, 0xe7, 0xe1, 0xff, 0xe1, 0xe7, 0xe1, 0xff, 0xe1, 0xe6, 0xe1, 0xff, 0xe2, 0xe6, 0xe1, 0xff, 0xe3, 0xe6, 0xe1, 0xff, 0xe3, 0xe6, 0xe1, 0xff, 0xe1, 0xe6, 0xe0, 0xff, 0xe0, 0xe6, 0xe0, 0xff, 0xe0, 0xe6, 0xe0, 0xff, 0xe0, 0xe6, 0xe0, 0xff, 0xe0, 0xe6, 0xe0, 0xff, 0xe0, 0xe6, 0xe0, 0xff, 0xe0, 0xe6, 0xe0, 0xff, 0xe0, 0xe6, 0xe0, 0xff, 0xe0, 0xe6, 0xe0, 0xff, 0xe0, 0xe6, 0xe0, 0xff, 0xe0, 0xe6, 0xe0, 0xff, 0xe0, 0xe6, 0xe0, 0xff, 0xe0, 0xe6, 0xe0, 0xff, 0xe0, 0xe6, 0xe0, 0xff, 0xdf, 0xe5, 0xdf, 0xff, 0xdf, 0xe5, 0xdf, 0xff, 0xe0, 0xe6, 0xe1, 0xff, 0xdf, 0xe5, 0xe0, 0xff, 0xdf, 0xe5, 0xe0, 0xff, 0xdf, 0xe5, 0xe0, 0xff, 0xdf, 0xe5, 0xe0, 0xff, 0xdf, 0xe5, 0xe0, 0xff, 0xdf, 0xe5, 0xe0, 0xff, 0xdf, 0xe5, 0xe0, 0xff, 0xdf, 0xe5, 0xe0, 0xff, 0xdf, 0xe5, 0xe0, 0xff, 0xdf, 0xe5, 0xe0, 0xff, 0xdf, 0xe5, 0xe0, 0xff, 0xdf, 0xe5, 0xe0, 0xff, 0xdf, 0xe5, 0xe0, 0xff, 0xdf, 0xe5, 0xe0, 0xff, 0xdf, 0xe5, 0xe0, 0xff, 0xe0, 0xe5, 0xdf, 0xff, 0xe0, 0xe5, 0xdf, 0xff, 0xe0, 0xe5, 0xdf, 0xff, 0xe0, 0xe5, 0xdf, 0xff, 0xe0, 0xe5, 0xdf, 0xff, 0xe0, 0xe5, 0xdf, 0xff, 0xe0, 0xe5, 0xdf, 0xff, 0xe0, 0xe5, 0xdf, 0xff, 0xe0, 0xe5, 0xdf, 0xff, 0xe0, 0xe5, 0xdf, 0xff, 0xe0, 0xe5, 0xdf, 0xff, 0xe0, 0xe5, 0xdf, 0xff, 0xe0, 0xe5, 0xdf, 0xff, 0xe0, 0xe5, 0xdf, 0xff, 0xe0, 0xe5, 0xdf, 0xff, 0xe1, 0xe5, 0xe0, 0xff, 0xe2, 0xe4, 0xe1, 0xff, 0xe2, 0xe3, 0xe2, 0xff, 0xe2, 0xe3, 0xe2, 0xff, 0xe2, 0xe3, 0xe2, 0xff, 0xe2, 0xe3, 0xe2, 0xff, 0xe1, 0xe2, 0xe1, 0xff, 0xe1, 0xe2, 0xe1, 0xff, 0xe1, 0xe2, 0xe1, 0xff, 0xe2, 0xe3, 0xe2, 0xff, 0xe2, 0xe3, 0xe2, 0xff, 0xe1, 0xe2, 0xe1, 0xff, 0xe1, 0xe2, 0xe1, 0xff, 0xe1, 0xe2, 0xe1, 0xff, 0xe1, 0xe2, 0xe1, 0xff, 0xe1, 0xe2, 0xe1, 0xff, 0xe2, 0xe2, 0xe2, 0xff, 0xe4, 0xe0, 0xe4, 0xff, 0xe4, 0xe0, 0xe5, 0xff, 0xe4, 0xe0, 0xe4, 0xff, 0xe4, 0xe1, 0xe3, 0xff, 0xe3, 0xe1, 0xe2, 0xff, 0xe1, 0xe1, 0xe1, 0xff, 0xe0, 0xe2, 0xe0, 0xff, 0xe0, 0xe2, 0xdf, 0xff, 0xdf, 0xe2, 0xdf, 0xff, 0xdf, 0xe2, 0xdf, 0xff, 0xe0, 0xe2, 0xdf, 0xff, 0xe0, 0xe2, 0xdf, 0xff, 0xe0, 0xe2, 0xdf, 0xff, 0xe0, 0xe2, 0xdf, 0xff, 0xe0, 0xe2, 0xe0, 0xff, 0xe2, 0xe0, 0xe2, 0xff, 0xe5, 0xde, 0xe5, 0xff, 0xe3, 0xdf, 0xe4, 0xff, 0xde, 0xe2, 0xdf, 0xff, 0xd8, 0xe8, 0xda, 0xff, 0xd0, 0xee, 0xd2, 0xff, 0xca, 0xf4, 0xcc, 0xff, 0xc4, 0xf9, 0xc7, 0xff, 0xc2, 0xfc, 0xc5, 0xff, 
  0xbf, 0xff, 0xbe, 0xff, 0xc2, 0xfe, 0xc1, 0xff, 0xc6, 0xfb, 0xc6, 0xff, 0xcc, 0xf6, 0xcd, 0xff, 0xd4, 0xf1, 0xd5, 0xff, 0xdb, 0xed, 0xdd, 0xff, 0xe2, 0xe8, 0xe3, 0xff, 0xe6, 0xe5, 0xe7, 0xff, 0xe9, 0xe4, 0xe9, 0xff, 0xea, 0xe3, 0xea, 0xff, 0xea, 0xe3, 0xe9, 0xff, 0xe7, 0xe3, 0xe7, 0xff, 0xe5, 0xe5, 0xe5, 0xff, 0xe2, 0xe6, 0xe3, 0xff, 0xe0, 0xe8, 0xe1, 0xff, 0xdf, 0xe8, 0xe1, 0xff, 0xe2, 0xe7, 0xe3, 0xff, 0xe3, 0xe6, 0xe3, 0xff, 0xe3, 0xe6, 0xe3, 0xff, 0xe2, 0xe6, 0xe3, 0xff, 0xe2, 0xe6, 0xe3, 0xff, 0xe1, 0xe7, 0xe3, 0xff, 0xe1, 0xe7, 0xe2, 0xff, 0xe1, 0xe7, 0xe2, 0xff, 0xe1, 0xe7, 0xe2, 0xff, 0xe1, 0xe7, 0xe2, 0xff, 0xe0, 0xe6, 0xe1, 0xff, 0xe0, 0xe6, 0xe1, 0xff, 0xe1, 0xe6, 0xe1, 0xff, 0xe2, 0xe6, 0xe1, 0xff, 0xe3, 0xe6, 0xe1, 0xff, 0xe2, 0xe6, 0xe1, 0xff, 0xe1, 0xe6, 0xe1, 0xff, 0xe0, 0xe6, 0xe1, 0xff, 0xe0, 0xe6, 0xe1, 0xff, 0xe0, 0xe6, 0xe1, 0xff, 0xe0, 0xe6, 0xe1, 0xff, 0xe0, 0xe6, 0xe1, 0xff, 0xe0, 0xe6, 0xe1, 0xff, 0xe0, 0xe6, 0xe1, 0xff, 0xe0, 0xe6, 0xe1, 0xff, 0xe0, 0xe6, 0xe1, 0xff, 0xe0, 0xe6, 0xe1, 0xff, 0xe0, 0xe6, 0xe1, 0xff, 0xdf, 0xe5, 0xe0, 0xff, 0xdf, 0xe5, 0xe0, 0xff, 0xdf, 0xe5, 0xe0, 0xff, 0xdf, 0xe5, 0xe0, 0xff, 0xdf, 0xe5, 0xe0, 0xff, 0xdf, 0xe5, 0xe0, 0xff, 0xdf, 0xe5, 0xe0, 0xff, 0xdf, 0xe5, 0xe0, 0xff, 0xdf, 0xe5, 0xe0, 0xff, 0xdf, 0xe5, 0xe0, 0xff, 0xdf, 0xe5, 0xe0, 0xff, 0xdf, 0xe5, 0xe0, 0xff, 0xdf, 0xe5, 0xe0, 0xff, 0xdf, 0xe5, 0xe0, 0xff, 0xdf, 0xe5, 0xe0, 0xff, 0xdf, 0xe5, 0xe0, 0xff, 0xdf, 0xe5, 0xe0, 0xff, 0xdf, 0xe5, 0xe0, 0xff, 0xdf, 0xe5, 0xe0, 0xff, 0xe0, 0xe5, 0xe0, 0xff, 0xe0, 0xe5, 0xe0, 0xff, 0xe1, 0xe5, 0xe0, 0xff, 0xe1, 0xe5, 0xe0, 0xff, 0xe1, 0xe5, 0xe0, 0xff, 0xe1, 0xe5, 0xe0, 0xff, 0xe1, 0xe5, 0xe0, 0xff, 0xe1, 0xe5, 0xe0, 0xff, 0xe1, 0xe5, 0xe0, 0xff, 0xe1, 0xe5, 0xe0, 0xff, 0xe1, 0xe5, 0xe0, 0xff, 0xe1, 0xe5, 0xe0, 0xff, 0xe1, 0xe5, 0xe0, 0xff, 0xe1, 0xe5, 0xe0, 0xff, 0xe0, 0xe4, 0xdf, 0xff, 0xe0, 0xe4, 0xdf, 0xff, 0xe0, 0xe3, 0xe0, 0xff, 0xe2, 0xe4, 0xe2, 0xff, 0xe2, 0xe3, 0xe3, 0xff, 0xe2, 0xe3, 0xe3, 0xff, 0xe1, 0xe2, 0xe2, 0xff, 0xe1, 0xe2, 0xe2, 0xff, 0xe1, 0xe2, 0xe2, 0xff, 0xe1, 0xe2, 0xe2, 0xff, 0xe1, 0xe2, 0xe2, 0xff, 0xe1, 0xe2, 0xe2, 0xff, 0xe1, 0xe2, 0xe2, 0xff, 0xe1, 0xe2, 0xe2, 0xff, 0xe1, 0xe2, 0xe2, 0xff, 0xe1, 0xe2, 0xe2, 0xff, 0xe1, 0xe2, 0xe2, 0xff, 0xe1, 0xe2, 0xe2, 0xff, 0xe2, 0xe1, 0xe3, 0xff, 0xe3, 0xe0, 0xe6, 0xff, 0xe4, 0xdf, 0xe6, 0xff, 0xe4, 0xe0, 0xe5, 0xff, 0xe4, 0xe1, 0xe4, 0xff, 0xe3, 0xe0, 0xe1, 0xff, 0xe2, 0xe1, 0xdf, 0xff, 0xe2, 0xe2, 0xde, 0xff, 0xe1, 0xe3, 0xdd, 0xff, 0xe1, 0xe3, 0xdd, 0xff, 0xe0, 0xe3, 0xdd, 0xff, 0xe0, 0xe3, 0xdd, 0xff, 0xdf, 0xe3, 0xdd, 0xff, 0xde, 0xe3, 0xde, 0xff, 0xdd, 0xe2, 0xdf, 0xff, 0xdd, 0xe2, 0xe0, 0xff, 0xde, 0xe1, 0xe1, 0xff, 0xe1, 0xe0, 0xe2, 0xff, 0xdf, 0xe2, 0xe0, 0xff, 0xdb, 0xe6, 0xdc, 0xff, 0xd4, 0xeb, 0xd6, 0xff, 0xce, 0xf1, 0xd0, 0xff, 0xc8, 0xf6, 0xcb, 0xff, 0xc3, 0xfa, 0xc5, 0xff, 0xc1, 0xfd, 0xc4, 0xff, 
  0xbb, 0xff, 0xbd, 0xff, 0xbd, 0xff, 0xbf, 0xff, 0xc2, 0xfd, 0xc3, 0xff, 0xc9, 0xf9, 0xc9, 0xff, 0xd1, 0xf4, 0xd0, 0xff, 0xd8, 0xef, 0xd7, 0xff, 0xdf, 0xea, 0xde, 0xff, 0xe4, 0xe6, 0xe3, 0xff, 0xe7, 0xe3, 0xe8, 0xff, 0xe9, 0xe1, 0xea, 0xff, 0xe9, 0xe1, 0xea, 0xff, 0xe7, 0xe2, 0xe9, 0xff, 0xe5, 0xe4, 0xe7, 0xff, 0xe3, 0xe6, 0xe4, 0xff, 0xe0, 0xe8, 0xe1, 0xff, 0xe1, 0xe7, 0xe1, 0xff, 0xe5, 0xe5, 0xe5, 0xff, 0xe6, 0xe4, 0xe6, 0xff, 0xe6, 0xe4, 0xe6, 0xff, 0xe5, 0xe4, 0xe6, 0xff, 0xe5, 0xe4, 0xe6, 0xff, 0xe5, 0xe4, 0xe6, 0xff, 0xe3, 0xe4, 0xe4, 0xff, 0xe3, 0xe4, 0xe4, 0xff, 0xe3, 0xe4, 0xe4, 0xff, 0xe3, 0xe4, 0xe4, 0xff, 0xe3, 0xe4, 0xe4, 0xff, 0xe3, 0xe4, 0xe4, 0xff, 0xe4, 0xe4, 0xe3, 0xff, 0xe4, 0xe4, 0xe3, 0xff, 0xe5, 0xe4, 0xe3, 0xff, 0xe4, 0xe4, 0xe3, 0xff, 0xe2, 0xe4, 0xe2, 0xff, 0xe2, 0xe4, 0xe2, 0xff, 0xe2, 0xe4, 0xe2, 0xff, 0xe3, 0xe5, 0xe3, 0xff, 0xe3, 0xe5, 0xe3, 0xff, 0xe3, 0xe5, 0xe3, 0xff, 0xe3, 0xe5, 0xe3, 0xff, 0xe3, 0xe5, 0xe3, 0xff, 0xe3, 0xe5, 0xe3, 0xff, 0xe3, 0xe5, 0xe3, 0xff, 0xe2, 0xe4, 0xe2, 0xff, 0xe2, 0xe4, 0xe2, 0xff, 0xe2, 0xe4, 0xe2, 0xff, 0xe2, 0xe4, 0xe2, 0xff, 0xe2, 0xe4, 0xe2, 0xff, 0xe2, 0xe3, 0xe2, 0xff, 0xe3, 0xe3, 0xe3, 0xff, 0xe3, 0xe3, 0xe3, 0xff, 0xe3, 0xe3, 0xe3, 0xff, 0xe3, 0xe3, 0xe3, 0xff, 0xe3, 0xe3, 0xe3, 0xff, 0xe3, 0xe3, 0xe3, 0xff, 0xe3, 0xe3, 0xe3, 0xff, 0xe3, 0xe3, 0xe3, 0xff, 0xe3, 0xe3, 0xe3, 0xff, 0xe3, 0xe3, 0xe3, 0xff, 0xe3, 0xe3, 0xe3, 0xff, 0xe3, 0xe3, 0xe3, 0xff, 0xe3, 0xe3, 0xe3, 0xff, 0xe3, 0xe3, 0xe3, 0xff, 0xe3, 0xe3, 0xe3, 0xff, 0xe3, 0xe3, 0xe3, 0xff, 0xe3, 0xe3, 0xe3, 0xff, 0xe3, 0xe3, 0xe3, 0xff, 0xe3, 0xe3, 0xe3, 0xff, 0xe3, 0xe3, 0xe3, 0xff, 0xe3, 0xe3, 0xe3, 0xff, 0xe3, 0xe3, 0xe3, 0xff, 0xe3, 0xe3, 0xe3, 0xff, 0xe3, 0xe3, 0xe3, 0xff, 0xe3, 0xe3, 0xe3, 0xff, 0xe3, 0xe3, 0xe3, 0xff, 0xe3, 0xe3, 0xe3, 0xff, 0xe3, 0xe3, 0xe3, 0xff, 0xe3, 0xe3, 0xe3, 0xff, 0xe2, 0xe2, 0xe2, 0xff, 0xe2, 0xe2, 0xe2, 0xff, 0xe3, 0xe1, 0xe2, 0xff, 0xe4, 0xe1, 0xe3, 0xff, 0xe4, 0xe1, 0xe4, 0xff, 0xe4, 0xe1, 0xe4, 0xff, 0xe4, 0xe1, 0xe4, 0xff, 0xe4, 0xe1, 0xe4, 0xff, 0xe4, 0xe1, 0xe4, 0xff, 0xe4, 0xe1, 0xe4, 0xff, 0xe4, 0xe1, 0xe4, 0xff, 0xe4, 0xe1, 0xe4, 0xff, 0xe4, 0xe1, 0xe4, 0xff, 0xe4, 0xe1, 0xe4, 0xff, 0xe4, 0xe1, 0xe4, 0xff, 0xe4, 0xe1, 0xe4, 0xff, 0xe4, 0xe1, 0xe4, 0xff, 0xe3, 0xe0, 0xe3, 0xff, 0xe2, 0xdf, 0xe3, 0xff, 0xe2, 0xe0, 0xe6, 0xff, 0xe2, 0xe0, 0xe6, 0xff, 0xe2, 0xe1, 0xe4, 0xff, 0xe3, 0xe1, 0xe3, 0xff, 0xe2, 0xe1, 0xe0, 0xff, 0xe3, 0xe2, 0xde, 0xff, 0xe3, 0xe3, 0xdd, 0xff, 0xe3, 0xe3, 0xdc, 0xff, 0xe3, 0xe3, 0xdc, 0xff, 0xe2, 0xe3, 0xdc, 0xff, 0xe1, 0xe3, 0xdd, 0xff, 0xe0, 0xe3, 0xde, 0xff, 0xde, 0xe2, 0xdf, 0xff, 0xdd, 0xe2, 0xe1, 0xff, 0xdc, 0xe1, 0xe2, 0xff, 0xdc, 0xe2, 0xe1, 0xff, 0xdc, 0xe3, 0xde, 0xff, 0xdb, 0xe7, 0xdc, 0xff, 0xd6, 0xea, 0xd7, 0xff, 0xd1, 0xef, 0xd3, 0xff, 0xcb, 0xf5, 0xcd, 0xff, 0xc5, 0xf8, 0xc7, 0xff, 0xc2, 0xfd, 0xc4, 0xff, 0xc0, 0xfe, 0xc1, 0xff, 
  0xb9, 0xff, 0xbd, 0xff, 0xbb, 0xff, 0xbf, 0xff, 0xc0, 0xfe, 0xc1, 0xff, 0xc6, 0xfb, 0xc5, 0xff, 0xcd, 0xf7, 0xcb, 0xff, 0xd4, 0xf2, 0xd2, 0xff, 0xdb, 0xed, 0xd8, 0xff, 0xe0, 0xe9, 0xdf, 0xff, 0xe3, 0xe5, 0xe5, 0xff, 0xe6, 0xe3, 0xe9, 0xff, 0xe6, 0xe2, 0xeb, 0xff, 0xe6, 0xe2, 0xea, 0xff, 0xe5, 0xe3, 0xe8, 0xff, 0xe4, 0xe5, 0xe5, 0xff, 0xe2, 0xe7, 0xe2, 0xff, 0xe2, 0xe6, 0xe1, 0xff, 0xe6, 0xe4, 0xe6, 0xff, 0xe8, 0xe3, 0xe7, 0xff, 0xe7, 0xe3, 0xe7, 0xff, 0xe6, 0xe3, 0xe7, 0xff, 0xe5, 0xe2, 0xe6, 0xff, 0xe5, 0xe3, 0xe6, 0xff, 0xe4, 0xe3, 0xe6, 0xff, 0xe4, 0xe3, 0xe5, 0xff, 0xe4, 0xe3, 0xe5, 0xff, 0xe3, 0xe3, 0xe5, 0xff, 0xe3, 0xe3, 0xe5, 0xff, 0xe4, 0xe4, 0xe5, 0xff, 0xe4, 0xe4, 0xe4, 0xff, 0xe5, 0xe4, 0xe4, 0xff, 0xe4, 0xe3, 0xe3, 0xff, 0xe3, 0xe3, 0xe3, 0xff, 0xe3, 0xe3, 0xe3, 0xff, 0xe2, 0xe3, 0xe3, 0xff, 0xe2, 0xe3, 0xe3, 0xff, 0xe2, 0xe3, 0xe3, 0xff, 0xe2, 0xe3, 0xe3, 0xff, 0xe2, 0xe3, 0xe3, 0xff, 0xe2, 0xe3, 0xe3, 0xff, 0xe2, 0xe3, 0xe3, 0xff, 0xe2, 0xe3, 0xe3, 0xff, 0xe2, 0xe3, 0xe3, 0xff, 0xe2, 0xe3, 0xe3, 0xff, 0xe2, 0xe3, 0xe3, 0xff, 0xe2, 0xe3, 0xe3, 0xff, 0xe2, 0xe3, 0xe3, 0xff, 0xe2, 0xe3, 0xe3, 0xff, 0xe3, 0xe3, 0xe3, 0xff, 0xe4, 0xe2, 0xe4, 0xff, 0xe4, 0xe2, 0xe4, 0xff, 0xe4, 0xe2, 0xe4, 0xff, 0xe4, 0xe2, 0xe4, 0xff, 0xe4, 0xe2, 0xe4, 0xff, 0xe4, 0xe2, 0xe4, 0xff, 0xe4, 0xe2, 0xe4, 0xff, 0xe3, 0xe1, 0xe3, 0xff, 0xe3, 0xe1, 0xe3, 0xff, 0xe3, 0xe1, 0xe3, 0xff, 0xe3, 0xe1, 0xe3, 0xff, 0xe3, 0xe1, 0xe3, 0xff, 0xe3, 0xe1, 0xe3, 0xff, 0xe3, 0xe1, 0xe3, 0xff, 0xe3, 0xe1, 0xe3, 0xff, 0xe3, 0xe1, 0xe3, 0xff, 0xe5, 0xe2, 0xe4, 0xff, 0xe5, 0xe2, 0xe4, 0xff, 0xe5, 0xe2, 0xe4, 0xff, 0xe5, 0xe2, 0xe4, 0xff, 0xe5, 0xe2, 0xe4, 0xff, 0xe5, 0xe2, 0xe4, 0xff, 0xe5, 0xe2, 0xe4, 0xff, 0xe5, 0xe2, 0xe4, 0xff, 0xe5, 0xe2, 0xe4, 0xff, 0xe5, 0xe2, 0xe4, 0xff, 0xe5, 0xe2, 0xe4, 0xff, 0xe4, 0xe1, 0xe3, 0xff, 0xe4, 0xe1, 0xe3, 0xff, 0xe4, 0xe1, 0xe3, 0xff, 0xe4, 0xe1, 0xe3, 0xff, 0xe4, 0xe1, 0xe4, 0xff, 0xe5, 0xe0, 0xe4, 0xff, 0xe5, 0xe0, 0xe4, 0xff, 0xe5, 0xe0, 0xe4, 0xff, 0xe5, 0xe0, 0xe4, 0xff, 0xe5, 0xe0, 0xe4, 0xff, 0xe5, 0xe0, 0xe4, 0xff, 0xe5, 0xe0, 0xe4, 0xff, 0xe4, 0xdf, 0xe3, 0xff, 0xe5, 0xe0, 0xe4, 0xff, 0xe5, 0xe0, 0xe4, 0xff, 0xe5, 0xe0, 0xe4, 0xff, 0xe5, 0xe0, 0xe4, 0xff, 0xe4, 0xdf, 0xe3, 0xff, 0xe4, 0xdf, 0xe3, 0xff, 0xe4, 0xdf, 0xe3, 0xff, 0xe2, 0xdf, 0xe3, 0xff, 0xe0, 0xe1, 0xe4, 0xff, 0xdf, 0xe2, 0xe4, 0xff, 0xe0, 0xe2, 0xe3, 0xff, 0xe0, 0xe1, 0xe1, 0xff, 0xe1, 0xe2, 0xdf, 0xff, 0xe3, 0xe2, 0xde, 0xff, 0xe4, 0xe2, 0xdd, 0xff, 0xe5, 0xe2, 0xdd, 0xff, 0xe5, 0xe2, 0xdd, 0xff, 0xe5, 0xe2, 0xde, 0xff, 0xe3, 0xe2, 0xdf, 0xff, 0xe1, 0xe1, 0xe0, 0xff, 0xe0, 0xe1, 0xe1, 0xff, 0xdf, 0xe1, 0xe2, 0xff, 0xde, 0xe0, 0xe4, 0xff, 0xdb, 0xe2, 0xe1, 0xff, 0xd8, 0xe6, 0xda, 0xff, 0xd5, 0xea, 0xd6, 0xff, 0xd1, 0xee, 0xd3, 0xff, 0xcd, 0xf3, 0xcf, 0xff, 0xc7, 0xf7, 0xc9, 0xff, 0xc4, 0xfb, 0xc6, 0xff, 0xc1, 0xfe, 0xc2, 0xff, 0xbf, 0xff, 0xc0, 0xff, 
  0xba, 0xff, 0xbf, 0xff, 0xbc, 0xff, 0xc0, 0xff, 0xbf, 0xff, 0xc0, 0xff, 0xc3, 0xfd, 0xc2, 0xff, 0xc9, 0xfa, 0xc6, 0xff, 0xce, 0xf7, 0xcb, 0xff, 0xd4, 0xf2, 0xd2, 0xff, 0xd9, 0xee, 0xd9, 0xff, 0xdd, 0xe9, 0xe0, 0xff, 0xe0, 0xe5, 0xe6, 0xff, 0xe2, 0xe3, 0xe9, 0xff, 0xe4, 0xe3, 0xea, 0xff, 0xe4, 0xe3, 0xe8, 0xff, 0xe4, 0xe3, 0xe5, 0xff, 0xe4, 0xe5, 0xe2, 0xff, 0xe4, 0xe5, 0xe2, 0xff, 0xe7, 0xe4, 0xe5, 0xff, 0xe7, 0xe4, 0xe7, 0xff, 0xe5, 0xe3, 0xe6, 0xff, 0xe4, 0xe3, 0xe6, 0xff, 0xe4, 0xe3, 0xe6, 0xff, 0xe4, 0xe3, 0xe6, 0xff, 0xe4, 0xe3, 0xe5, 0xff, 0xe4, 0xe3, 0xe5, 0xff, 0xe3, 0xe3, 0xe5, 0xff, 0xe3, 0xe4, 0xe5, 0xff, 0xe3, 0xe4, 0xe5, 0xff, 0xe3, 0xe4, 0xe4, 0xff, 0xe2, 0xe3, 0xe2, 0xff, 0xe2, 0xe4, 0xe2, 0xff, 0xe2, 0xe4, 0xe2, 0xff, 0xe2, 0xe3, 0xe2, 0xff, 0xe3, 0xe4, 0xe4, 0xff, 0xe3, 0xe4, 0xe4, 0xff, 0xe3, 0xe4, 0xe4, 0xff, 0xe2, 0xe3, 0xe3, 0xff, 0xe2, 0xe3, 0xe3, 0xff, 0xe2, 0xe3, 0xe3, 0xff, 0xe2, 0xe3, 0xe3, 0xff, 0xe2, 0xe3, 0xe3, 0xff, 0xe2, 0xe3, 0xe3, 0xff, 0xe2, 0xe3, 0xe3, 0xff, 0xe2, 0xe3, 0xe3, 0xff, 0xe2, 0xe3, 0xe3, 0xff, 0xe2, 0xe3, 0xe3, 0xff, 0xe2, 0xe3, 0xe3, 0xff, 0xe1, 0xe2, 0xe2, 0xff, 0xe1, 0xe2, 0xe2, 0xff, 0xe3, 0xe3, 0xe3, 0xff, 0xe3, 0xe3, 0xe3, 0xff, 0xe3, 0xe3, 0xe3, 0xff, 0xe3, 0xe3, 0xe3, 0xff, 0xe3, 0xe3, 0xe3, 0xff, 0xe3, 0xe3, 0xe3, 0xff, 0xe2, 0xe2, 0xe2, 0xff, 0xe2, 0xe2, 0xe2, 0xff, 0xe2, 0xe2, 0xe2, 0xff, 0xe2, 0xe2, 0xe2, 0xff, 0xe2, 0xe2, 0xe2, 0xff, 0xe2, 0xe2, 0xe2, 0xff, 0xe2, 0xe2, 0xe2, 0xff, 0xe2, 0xe2, 0xe2, 0xff, 0xe2, 0xe2, 0xe2, 0xff, 0xe3, 0xe1, 0xe3, 0xff, 0xe4, 0xe2, 0xe4, 0xff, 0xe5, 0xe2, 0xe4, 0xff, 0xe5, 0xe2, 0xe4, 0xff, 0xe5, 0xe2, 0xe4, 0xff, 0xe5, 0xe2, 0xe4, 0xff, 0xe5, 0xe2, 0xe4, 0xff, 0xe5, 0xe2, 0xe4, 0xff, 0xe5, 0xe2, 0xe4, 0xff, 0xe4, 0xe1, 0xe3, 0xff, 0xe4, 0xe1, 0xe3, 0xff, 0xe4, 0xe1, 0xe3, 0xff, 0xe4, 0xe1, 0xe3, 0xff, 0xe4, 0xe1, 0xe3, 0xff, 0xe4, 0xe1, 0xe3, 0xff, 0xe4, 0xe1, 0xe3, 0xff, 0xe4, 0xe1, 0xe3, 0xff, 0xe4, 0xe1, 0xe4, 0xff, 0xe4, 0xe1, 0xe4, 0xff, 0xe4, 0xe1, 0xe4, 0xff, 0xe4, 0xe1, 0xe4, 0xff, 0xe4, 0xe1, 0xe4, 0xff, 0xe3, 0xe0, 0xe3, 0xff, 0xe3, 0xe0, 0xe3, 0xff, 0xe3, 0xe0, 0xe3, 0xff, 0xe4, 0xe1, 0xe4, 0xff, 0xe4, 0xe1, 0xe4, 0xff, 0xe3, 0xe0, 0xe3, 0xff, 0xe3, 0xe0, 0xe3, 0xff, 0xe3, 0xe0, 0xe3, 0xff, 0xe3, 0xe0, 0xe3, 0xff, 0xe3, 0xe0, 0xe3, 0xff, 0xe0, 0xe1, 0xe2, 0xff, 0xdc, 0xe4, 0xe1, 0xff, 0xda, 0xe4, 0xe0, 0xff, 0xdb, 0xe3, 0xdf, 0xff, 0xdd, 0xe3, 0xdf, 0xff, 0xe0, 0xe2, 0xdf, 0xff, 0xe2, 0xe1, 0xdf, 0xff, 0xe5, 0xe1, 0xdf, 0xff, 0xe6, 0xe0, 0xe0, 0xff, 0xe7, 0xe0, 0xe1, 0xff, 0xe7, 0xdf, 0xe2, 0xff, 0xe5, 0xdf, 0xe3, 0xff, 0xe4, 0xdf, 0xe3, 0xff, 0xe3, 0xdf, 0xe4, 0xff, 0xe2, 0xdf, 0xe4, 0xff, 0xe0, 0xdf, 0xe5, 0xff, 0xdc, 0xe2, 0xe0, 0xff, 0xd5, 0xea, 0xd7, 0xff, 0xd0, 0xee, 0xd1, 0xff, 0xcd, 0xf2, 0xce, 0xff, 0xc9, 0xf6, 0xcb, 0xff, 0xc5, 0xfa, 0xc7, 0xff, 0xc2, 0xfd, 0xc3, 0xff, 0xbf, 0xff, 0xc0, 0xff, 0xbe, 0xff, 0xbe, 0xff, 
  0xbd, 0xff, 0xc2, 0xff, 0xbd, 0xff, 0xc1, 0xff, 0xbf, 0xff, 0xc0, 0xff, 0xc1, 0xff, 0xc0, 0xff, 0xc5, 0xfd, 0xc1, 0xff, 0xc8, 0xfb, 0xc5, 0xff, 0xcd, 0xf7, 0xcb, 0xff, 0xd1, 0xf3, 0xd2, 0xff, 0xd5, 0xee, 0xda, 0xff, 0xd9, 0xea, 0xe0, 0xff, 0xdd, 0xe6, 0xe5, 0xff, 0xe0, 0xe4, 0xe8, 0xff, 0xe2, 0xe3, 0xe6, 0xff, 0xe4, 0xe3, 0xe5, 0xff, 0xe6, 0xe4, 0xe3, 0xff, 0xe6, 0xe4, 0xe2, 0xff, 0xe5, 0xe5, 0xe4, 0xff, 0xe3, 0xe4, 0xe3, 0xff, 0xe2, 0xe4, 0xe3, 0xff, 0xe2, 0xe4, 0xe4, 0xff, 0xe2, 0xe4, 0xe4, 0xff, 0xe2, 0xe4, 0xe4, 0xff, 0xe2, 0xe4, 0xe4, 0xff, 0xe2, 0xe4, 0xe4, 0xff, 0xe1, 0xe4, 0xe4, 0xff, 0xe1, 0xe5, 0xe4, 0xff, 0xe1, 0xe5, 0xe3, 0xff, 0xe1, 0xe5, 0xe2, 0xff, 0xdf, 0xe5, 0xe1, 0xff, 0xdf, 0xe5, 0xe0, 0xff, 0xdf, 0xe5, 0xe0, 0xff, 0xdf, 0xe5, 0xe0, 0xff, 0xe1, 0xe5, 0xe2, 0xff, 0xe1, 0xe5, 0xe2, 0xff, 0xe1, 0xe5, 0xe2, 0xff, 0xe0, 0xe4, 0xe1, 0xff, 0xe0, 0xe4, 0xe1, 0xff, 0xdf, 0xe3, 0xe0, 0xff, 0xdf, 0xe3, 0xe0, 0xff, 0xdf, 0xe3, 0xe0, 0xff, 0xe0, 0xe4, 0xe1, 0xff, 0xe0, 0xe4, 0xe1, 0xff, 0xe0, 0xe4, 0xe1, 0xff, 0xe0, 0xe4, 0xe1, 0xff, 0xe0, 0xe4, 0xe1, 0xff, 0xdf, 0xe3, 0xe0, 0xff, 0xdf, 0xe3, 0xe0, 0xff, 0xdf, 0xe3, 0xe0, 0xff, 0xe1, 0xe4, 0xe1, 0xff, 0xe2, 0xe4, 0xe1, 0xff, 0xe2, 0xe4, 0xe1, 0xff, 0xe2, 0xe4, 0xe1, 0xff, 0xe2, 0xe4, 0xe1, 0xff, 0xe1, 0xe3, 0xe0, 0xff, 0xe1, 0xe3, 0xe0, 0xff, 0xe1, 0xe3, 0xe0, 0xff, 0xe1, 0xe3, 0xe0, 0xff, 0xe1, 0xe3, 0xe0, 0xff, 0xe1, 0xe3, 0xe0, 0xff, 0xe1, 0xe3, 0xe0, 0xff, 0xe1, 0xe3, 0xe0, 0xff, 0xe1, 0xe3, 0xe0, 0xff, 0xe1, 0xe3, 0xe0, 0xff, 0xe1, 0xe3, 0xe1, 0xff, 0xe3, 0xe3, 0xe3, 0xff, 0xe3, 0xe3, 0xe3, 0xff, 0xe3, 0xe3, 0xe3, 0xff, 0xe3, 0xe3, 0xe3, 0xff, 0xe3, 0xe3, 0xe3, 0xff, 0xe3, 0xe3, 0xe3, 0xff, 0xe3, 0xe3, 0xe3, 0xff, 0xe3, 0xe3, 0xe3, 0xff, 0xe1, 0xe1, 0xe1, 0xff, 0xe1, 0xe1, 0xe1, 0xff, 0xe1, 0xe1, 0xe1, 0xff, 0xe1, 0xe1, 0xe1, 0xff, 0xe1, 0xe1, 0xe1, 0xff, 0xe2, 0xe2, 0xe2, 0xff, 0xe2, 0xe2, 0xe2, 0xff, 0xe2, 0xe2, 0xe2, 0xff, 0xe2, 0xe2, 0xe2, 0xff, 0xe2, 0xe2, 0xe2, 0xff, 0xe2, 0xe2, 0xe2, 0xff, 0xe2, 0xe2, 0xe2, 0xff, 0xe1, 0xe1, 0xe1, 0xff, 0xe1, 0xe1, 0xe1, 0xff, 0xe1, 0xe1, 0xe1, 0xff, 0xe1, 0xe1, 0xe1, 0xff, 0xe2, 0xe2, 0xe2, 0xff, 0xe1, 0xe1, 0xe1, 0xff, 0xe1, 0xe1, 0xe1, 0xff, 0xe1, 0xe1, 0xe1, 0xff, 0xe1, 0xe1, 0xe1, 0xff, 0xe1, 0xe1, 0xe1, 0xff, 0xe1, 0xe1, 0xe1, 0xff, 0xdf, 0xe2, 0xe0, 0xff, 0xdb, 0xe5, 0xdf, 0xff, 0xd9, 0xe4, 0xdd, 0xff, 0xda, 0xe4, 0xde, 0xff, 0xdd, 0xe2, 0xdf, 0xff, 0xe0, 0xe1, 0xe1, 0xff, 0xe2, 0xe0, 0xe2, 0xff, 0xe5, 0xdf, 0xe3, 0xff, 0xe6, 0xdf, 0xe4, 0xff, 0xe7, 0xde, 0xe5, 0xff, 0xe6, 0xde, 0xe5, 0xff, 0xe5, 0xde, 0xe5, 0xff, 0xe4, 0xdf, 0xe4, 0xff, 0xe2, 0xdf, 0xe3, 0xff, 0xe1, 0xe0, 0xe2, 0xff, 0xdf, 0xe1, 0xe2, 0xff, 0xd9, 0xe5, 0xdc, 0xff, 0xd1, 0xed, 0xd3, 0xff, 0xca, 0xf2, 0xcc, 0xff, 0xc8, 0xf5, 0xca, 0xff, 0xc6, 0xf9, 0xc7, 0xff, 0xc3, 0xfc, 0xc4, 0xff, 0xc0, 0xfe, 0xc1, 0xff, 0xbe, 0xff, 0xbf, 0xff, 0xbe, 0xff, 0xbe, 0xff, 
  0xc1, 0xfc, 0xc6, 0xff, 0xc1, 0xfd, 0xc4, 0xff, 0xc0, 0xff, 0xc1, 0xff, 0xc0, 0xff, 0xbf, 0xff, 0xc1, 0xff, 0xbe, 0xff, 0xc3, 0xff, 0xbf, 0xff, 0xc5, 0xfc, 0xc4, 0xff, 0xc8, 0xf9, 0xca, 0xff, 0xcd, 0xf5, 0xd3, 0xff, 0xd0, 0xef, 0xd9, 0xff, 0xd6, 0xeb, 0xdf, 0xff, 0xdc, 0xe8, 0xe3, 0xff, 0xe0, 0xe5, 0xe4, 0xff, 0xe4, 0xe4, 0xe4, 0xff, 0xe8, 0xe3, 0xe4, 0xff, 0xe6, 0xe3, 0xe1, 0xff, 0xe2, 0xe6, 0xe0, 0xff, 0xdf, 0xe7, 0xdf, 0xff, 0xdf, 0xe7, 0xe0, 0xff, 0xdf, 0xe7, 0xe0, 0xff, 0xdf, 0xe6, 0xe1, 0xff, 0xdf, 0xe6, 0xe1, 0xff, 0xdf, 0xe6, 0xe1, 0xff, 0xdf, 0xe6, 0xe1, 0xff, 0xdd, 0xe5, 0xe0, 0xff, 0xdd, 0xe6, 0xe0, 0xff, 0xdd, 0xe6, 0xdf, 0xff, 0xdd, 0xe6, 0xdf, 0xff, 0xdc, 0xe6, 0xdf, 0xff, 0xdc, 0xe7, 0xde, 0xff, 0xdc, 0xe7, 0xde, 0xff, 0xdc, 0xe7, 0xde, 0xff, 0xdd, 0xe6, 0xde, 0xff, 0xdd, 0xe6, 0xdf, 0xff, 0xdd, 0xe6, 0xdf, 0xff, 0xdd, 0xe6, 0xdf, 0xff, 0xdd, 0xe6, 0xdf, 0xff, 0xdd, 0xe6, 0xdf, 0xff, 0xdd, 0xe6, 0xdf, 0xff, 0xdd, 0xe6, 0xdf, 0xff, 0xdd, 0xe6, 0xdf, 0xff, 0xdd, 0xe6, 0xdf, 0xff, 0xdd, 0xe6, 0xdf, 0xff, 0xdd, 0xe6, 0xdf, 0xff, 0xdd, 0xe6, 0xdf, 0xff, 0xdd, 0xe6, 0xdf, 0xff, 0xdd, 0xe6, 0xdf, 0xff, 0xde, 0xe6, 0xdf, 0xff, 0xdf, 0xe6, 0xdf, 0xff, 0xdf, 0xe6, 0xdf, 0xff, 0xdf, 0xe6, 0xdf, 0xff, 0xdf, 0xe6, 0xdf, 0xff, 0xdf, 0xe6, 0xdf, 0xff, 0xdf, 0xe6, 0xdf, 0xff, 0xdf, 0xe6, 0xdf, 0xff, 0xdf, 0xe6, 0xdf, 0xff, 0xde, 0xe5, 0xde, 0xff, 0xde, 0xe5, 0xde, 0xff, 0xde, 0xe5, 0xde, 0xff, 0xde, 0xe5, 0xde, 0xff, 0xde, 0xe5, 0xde, 0xff, 0xde, 0xe5, 0xde, 0xff, 0xde, 0xe5, 0xde, 0xff, 0xde, 0xe5, 0xde, 0xff, 0xde, 0xe4, 0xdf, 0xff, 0xde, 0xe4, 0xdf, 0xff, 0xde, 0xe4, 0xdf, 0xff, 0xde, 0xe4, 0xdf, 0xff, 0xde, 0xe4, 0xdf, 0xff, 0xde, 0xe4, 0xdf, 0xff, 0xde, 0xe4, 0xdf, 0xff, 0xde, 0xe4, 0xdf, 0xff, 0xde, 0xe4, 0xdf, 0xff, 0xde, 0xe4, 0xdf, 0xff, 0xde, 0xe4, 0xdf, 0xff, 0xde, 0xe4, 0xdf, 0xff, 0xde, 0xe4, 0xdf, 0xff, 0xde, 0xe4, 0xdf, 0xff, 0xde, 0xe4, 0xdf, 0xff, 0xde, 0xe4, 0xdf, 0xff, 0xde, 0xe4, 0xdf, 0xff, 0xde, 0xe4, 0xdf, 0xff, 0xde, 0xe4, 0xdf, 0xff, 0xde, 0xe4, 0xdf, 0xff, 0xde, 0xe4, 0xdf, 0xff, 0xde, 0xe4, 0xdf, 0xff, 0xde, 0xe4, 0xdf, 0xff, 0xde, 0xe4, 0xdf, 0xff, 0xde, 0xe4, 0xdf, 0xff, 0xde, 0xe4, 0xdf, 0xff, 0xde, 0xe4, 0xdf, 0xff, 0xde, 0xe4, 0xdf, 0xff, 0xde, 0xe4, 0xdf, 0xff, 0xde, 0xe4, 0xdf, 0xff, 0xde, 0xe4, 0xdf, 0xff, 0xde, 0xe4, 0xdf, 0xff, 0xdb, 0xe3, 0xdc, 0xff, 0xdb, 0xe3, 0xdd, 0xff, 0xdd, 0xe2, 0xdf, 0xff, 0xdf, 0xe1, 0xe1, 0xff, 0xe1, 0xdf, 0xe4, 0xff, 0xe3, 0xde, 0xe6, 0xff, 0xe4, 0xdd, 0xe7, 0xff, 0xe5, 0xdc, 0xe8, 0xff, 0xe5, 0xdd, 0xe8, 0xff, 0xe4, 0xdd, 0xe7, 0xff, 0xe1, 0xde, 0xe4, 0xff, 0xdf, 0xdf, 0xe1, 0xff, 0xdd, 0xe1, 0xde, 0xff, 0xdc, 0xe4, 0xdd, 0xff, 0xdc, 0xe7, 0xdd, 0xff, 0xd7, 0xec, 0xd8, 0xff, 0xce, 0xf4, 0xd0, 0xff, 0xc8, 0xf8, 0xca, 0xff, 0xc6, 0xfa, 0xc8, 0xff, 0xc3, 0xfc, 0xc5, 0xff, 0xc0, 0xfe, 0xc2, 0xff, 0xbe, 0xff, 0xbf, 0xff, 0xbd, 0xff, 0xbe, 0xff, 0xbd, 0xff, 0xbe, 0xff, 
  0xc4, 0xfa, 0xc7, 0xff, 0xc3, 0xfc, 0xc5, 0xff, 0xc1, 0xfe, 0xc1, 0xff, 0xc0, 0xff, 0xbe, 0xff, 0xbf, 0xff, 0xbc, 0xff, 0xbf, 0xff, 0xbc, 0xff, 0xbf, 0xff, 0xbf, 0xff, 0xc1, 0xfd, 0xc4, 0xff, 0xc4, 0xf9, 0xca, 0xff, 0xc9, 0xf4, 0xd1, 0xff, 0xd0, 0xf0, 0xd8, 0xff, 0xd7, 0xec, 0xdd, 0xff, 0xdc, 0xe8, 0xdf, 0xff, 0xe2, 0xe6, 0xe1, 0xff, 0xe6, 0xe4, 0xe2, 0xff, 0xe6, 0xe5, 0xe1, 0xff, 0xe1, 0xe7, 0xdf, 0xff, 0xdf, 0xe8, 0xde, 0xff, 0xdf, 0xe7, 0xdf, 0xff, 0xdf, 0xe7, 0xe0, 0xff, 0xdf, 0xe7, 0xe0, 0xff, 0xdf, 0xe6, 0xe1, 0xff, 0xdf, 0xe6, 0xe1, 0xff, 0xdf, 0xe6, 0xe1, 0xff, 0xde, 0xe5, 0xe0, 0xff, 0xdf, 0xe5, 0xe0, 0xff, 0xdf, 0xe5, 0xe0, 0xff, 0xde, 0xe6, 0xdf, 0xff, 0xdd, 0xe6, 0xdf, 0xff, 0xdd, 0xe6, 0xdf, 0xff, 0xdd, 0xe7, 0xde, 0xff, 0xdd, 0xe7, 0xde, 0xff, 0xde, 0xe6, 0xdf, 0xff, 0xdf, 0xe6, 0xdf, 0xff, 0xdf, 0xe6, 0xdf, 0xff, 0xdf, 0xe6, 0xdf, 0xff, 0xdf, 0xe6, 0xdf, 0xff, 0xdf, 0xe6, 0xdf, 0xff, 0xdf, 0xe6, 0xdf, 0xff, 0xdf, 0xe6, 0xdf, 0xff, 0xde, 0xe5, 0xde, 0xff, 0xde, 0xe5, 0xde, 0xff, 0xde, 0xe5, 0xde, 0xff, 0xde, 0xe5, 0xde, 0xff, 0xde, 0xe5, 0xde, 0xff, 0xde, 0xe5, 0xde, 0xff, 0xde, 0xe5, 0xde, 0xff, 0xde, 0xe5, 0xde, 0xff, 0xdf, 0xe5, 0xdf, 0xff, 0xe0, 0xe5, 0xdf, 0xff, 0xe0, 0xe5, 0xdf, 0xff, 0xe0, 0xe5, 0xdf, 0xff, 0xe0, 0xe5, 0xdf, 0xff, 0xe0, 0xe5, 0xdf, 0xff, 0xe0, 0xe5, 0xdf, 0xff, 0xe0, 0xe5, 0xdf, 0xff, 0xe0, 0xe5, 0xdf, 0xff, 0xe0, 0xe5, 0xdf, 0xff, 0xe0, 0xe5, 0xdf, 0xff, 0xe0, 0xe5, 0xdf, 0xff, 0xe0, 0xe5, 0xdf, 0xff, 0xe0, 0xe5, 0xdf, 0xff, 0xe0, 0xe5, 0xdf, 0xff, 0xe0, 0xe5, 0xe0, 0xff, 0xe0, 0xe5, 0xe0, 0xff, 0xe0, 0xe5, 0xe0, 0xff, 0xe0, 0xe5, 0xe0, 0xff, 0xe0, 0xe5, 0xe0, 0xff, 0xe0, 0xe5, 0xe0, 0xff, 0xe0, 0xe5, 0xe0, 0xff, 0xe0, 0xe5, 0xe0, 0xff, 0xe0, 0xe5, 0xe0, 0xff, 0xde, 0xe3, 0xdf, 0xff, 0xde, 0xe3, 0xdf, 0xff, 0xde, 0xe3, 0xdf, 0xff, 0xde, 0xe3, 0xdf, 0xff, 0xde, 0xe3, 0xdf, 0xff, 0xde, 0xe3, 0xdf, 0xff, 0xde, 0xe3, 0xdf, 0xff, 0xde, 0xe3, 0xdf, 0xff, 0xde, 0xe3, 0xdf, 0xff, 0xde, 0xe3, 0xdf, 0xff, 0xde, 0xe3, 0xdf, 0xff, 0xde, 0xe3, 0xdf, 0xff, 0xde, 0xe3, 0xdf, 0xff, 0xde, 0xe3, 0xdf, 0xff, 0xde, 0xe3, 0xdf, 0xff, 0xde, 0xe3, 0xdf, 0xff, 0xde, 0xe3, 0xdf, 0xff, 0xde, 0xe3, 0xdf, 0xff, 0xde, 0xe3, 0xdf, 0xff, 0xde, 0xe3, 0xdf, 0xff, 0xde, 0xe3, 0xdf, 0xff, 0xde, 0xe3, 0xdf, 0xff, 0xde, 0xe3, 0xdf, 0xff, 0xdf, 0xe3, 0xdf, 0xff, 0xe0, 0xe2, 0xdf, 0xff, 0xe0, 0xe2, 0xdf, 0xff, 0xe1, 0xe1, 0xe1, 0xff, 0xe1, 0xdf, 0xe4, 0xff, 0xe3, 0xde, 0xe6, 0xff, 0xe3, 0xdd, 0xe8, 0xff, 0xe3, 0xdc, 0xe9, 0xff, 0xe2, 0xdb, 0xe8, 0xff, 0xe1, 0xdd, 0xe8, 0xff, 0xdf, 0xdf, 0xe5, 0xff, 0xdb, 0xe1, 0xe0, 0xff, 0xd9, 0xe4, 0xdd, 0xff, 0xd6, 0xe7, 0xd8, 0xff, 0xd5, 0xeb, 0xd6, 0xff, 0xd4, 0xee, 0xd3, 0xff, 0xd0, 0xf2, 0xd0, 0xff, 0xc9, 0xf8, 0xcb, 0xff, 0xc5, 0xfb, 0xc6, 0xff, 0xc3, 0xfc, 0xc5, 0xff, 0xc1, 0xfe, 0xc2, 0xff, 0xbf, 0xff, 0xc0, 0xff, 0xbd, 0xff, 0xbf, 0xff, 0xbd, 0xff, 0xbe, 0xff, 0xbc, 0xff, 0xbe, 0xff, 
  0xc6, 0xfa, 0xc7, 0xff, 0xc5, 0xfb, 0xc6, 0xff, 0xc2, 0xfe, 0xc2, 0xff, 0xc0, 0xff, 0xbf, 0xff, 0xbd, 0xff, 0xbc, 0xff, 0xbc, 0xff, 0xbb, 0xff, 0xbb, 0xff, 0xbc, 0xff, 0xbc, 0xff, 0xbf, 0xff, 0xbf, 0xfd, 0xc4, 0xff, 0xc4, 0xf9, 0xca, 0xff, 0xca, 0xf5, 0xd1, 0xff, 0xd1, 0xf0, 0xd6, 0xff, 0xd7, 0xec, 0xd9, 0xff, 0xdd, 0xe9, 0xdd, 0xff, 0xe2, 0xe7, 0xdf, 0xff, 0xe4, 0xe6, 0xe0, 0xff, 0xe3, 0xe6, 0xe0, 0xff, 0xe2, 0xe6, 0xe0, 0xff, 0xe2, 0xe6, 0xe1, 0xff, 0xe2, 0xe5, 0xe2, 0xff, 0xe3, 0xe5, 0xe2, 0xff, 0xe3, 0xe4, 0xe3, 0xff, 0xe3, 0xe4, 0xe4, 0xff, 0xe4, 0xe3, 0xe5, 0xff, 0xe3, 0xe2, 0xe4, 0xff, 0xe4, 0xe2, 0xe4, 0xff, 0xe4, 0xe2, 0xe4, 0xff, 0xe3, 0xe3, 0xe3, 0xff, 0xe2, 0xe3, 0xe3, 0xff, 0xe2, 0xe3, 0xe2, 0xff, 0xe2, 0xe4, 0xe1, 0xff, 0xe2, 0xe4, 0xe1, 0xff, 0xe3, 0xe3, 0xe2, 0xff, 0xe4, 0xe3, 0xe3, 0xff, 0xe4, 0xe3, 0xe3, 0xff, 0xe4, 0xe3, 0xe3, 0xff, 0xe4, 0xe3, 0xe3, 0xff, 0xe4, 0xe3, 0xe3, 0xff, 0xe4, 0xe3, 0xe3, 0xff, 0xe4, 0xe3, 0xe3, 0xff, 0xe3, 0xe2, 0xe2, 0xff, 0xe3, 0xe2, 0xe2, 0xff, 0xe3, 0xe2, 0xe2, 0xff, 0xe3, 0xe2, 0xe2, 0xff, 0xe3, 0xe2, 0xe2, 0xff, 0xe3, 0xe2, 0xe2, 0xff, 0xe3, 0xe2, 0xe2, 0xff, 0xe3, 0xe2, 0xe2, 0xff, 0xe3, 0xe1, 0xe2, 0xff, 0xe3, 0xe1, 0xe3, 0xff, 0xe3, 0xe1, 0xe3, 0xff, 0xe3, 0xe1, 0xe3, 0xff, 0xe3, 0xe1, 0xe3, 0xff, 0xe3, 0xe1, 0xe3, 0xff, 0xe3, 0xe1, 0xe3, 0xff, 0xe3, 0xe1, 0xe3, 0xff, 0xe3, 0xe1, 0xe3, 0xff, 0xe3, 0xe1, 0xe3, 0xff, 0xe3, 0xe1, 0xe3, 0xff, 0xe3, 0xe1, 0xe3, 0xff, 0xe3, 0xe1, 0xe3, 0xff, 0xe3, 0xe1, 0xe3, 0xff, 0xe3, 0xe1, 0xe3, 0xff, 0xe4, 0xe1, 0xe3, 0xff, 0xe4, 0xe1, 0xe3, 0xff, 0xe5, 0xe1, 0xe3, 0xff, 0xe5, 0xe1, 0xe3, 0xff, 0xe5, 0xe1, 0xe3, 0xff, 0xe5, 0xe1, 0xe3, 0xff, 0xe5, 0xe1, 0xe3, 0xff, 0xe5, 0xe1, 0xe3, 0xff, 0xe5, 0xe1, 0xe3, 0xff, 0xe4, 0xe0, 0xe2, 0xff, 0xe4, 0xe0, 0xe2, 0xff, 0xe4, 0xe0, 0xe2, 0xff, 0xe4, 0xe0, 0xe2, 0xff, 0xe4, 0xe0, 0xe2, 0xff, 0xe4, 0xe0, 0xe2, 0xff, 0xe4, 0xe0, 0xe2, 0xff, 0xe4, 0xe0, 0xe2, 0xff, 0xe4, 0xe0, 0xe2, 0xff, 0xe4, 0xe0, 0xe2, 0xff, 0xe4, 0xe0, 0xe2, 0xff, 0xe4, 0xe0, 0xe2, 0xff, 0xe4, 0xe0, 0xe2, 0xff, 0xe4, 0xe0, 0xe2, 0xff, 0xe4, 0xe0, 0xe2, 0xff, 0xe4, 0xe0, 0xe2, 0xff, 0xe4, 0xe0, 0xe2, 0xff, 0xe4, 0xe0, 0xe2, 0xff, 0xe4, 0xe0, 0xe2, 0xff, 0xe4, 0xe0, 0xe2, 0xff, 0xe4, 0xe0, 0xe2, 0xff, 0xe4, 0xe0, 0xe2, 0xff, 0xe4, 0xe0, 0xe2, 0xff, 0xe4, 0xe0, 0xe2, 0xff, 0xe5, 0xe0, 0xe2, 0xff, 0xe5, 0xdf, 0xe3, 0xff, 0xe6, 0xdf, 0xe5, 0xff, 0xe4, 0xde, 0xe6, 0xff, 0xe4, 0xdd, 0xe8, 0xff, 0xe3, 0xdd, 0xe9, 0xff, 0xe0, 0xdc, 0xe8, 0xff, 0xde, 0xdd, 0xe6, 0xff, 0xdc, 0xe1, 0xe4, 0xff, 0xd8, 0xe4, 0xdf, 0xff, 0xd4, 0xe7, 0xda, 0xff, 0xd1, 0xec, 0xd5, 0xff, 0xce, 0xf0, 0xd0, 0xff, 0xcc, 0xf5, 0xcd, 0xff, 0xc9, 0xf7, 0xc9, 0xff, 0xc7, 0xfa, 0xc7, 0xff, 0xc4, 0xfb, 0xc5, 0xff, 0xc2, 0xfd, 0xc4, 0xff, 0xc0, 0xfe, 0xc2, 0xff, 0xbf, 0xff, 0xc1, 0xff, 0xbd, 0xff, 0xbf, 0xff, 0xbd, 0xff, 0xbe, 0xff, 0xbc, 0xff, 0xbe, 0xff, 0xbc, 0xff, 0xbe, 0xff, 
  0xc5, 0xfb, 0xc5, 0xff, 0xc4, 0xfc, 0xc4, 0xff, 0xc2, 0xfe, 0xc2, 0xff, 0xc0, 0xff, 0xbf, 0xff, 0xbd, 0xff, 0xbd, 0xff, 0xbb, 0xff, 0xbc, 0xff, 0xba, 0xff, 0xbc, 0xff, 0xbb, 0xff, 0xbe, 0xff, 0xbc, 0xfe, 0xc0, 0xff, 0xc0, 0xfb, 0xc4, 0xff, 0xc5, 0xf8, 0xc9, 0xff, 0xcb, 0xf4, 0xce, 0xff, 0xd2, 0xf2, 0xd3, 0xff, 0xd7, 0xef, 0xd7, 0xff, 0xdc, 0xec, 0xda, 0xff, 0xdf, 0xea, 0xdd, 0xff, 0xe1, 0xe7, 0xde, 0xff, 0xe2, 0xe6, 0xe0, 0xff, 0xe2, 0xe6, 0xe0, 0xff, 0xe3, 0xe5, 0xe1, 0xff, 0xe4, 0xe5, 0xe2, 0xff, 0xe3, 0xe3, 0xe3, 0xff, 0xe4, 0xe2, 0xe4, 0xff, 0xe4, 0xe2, 0xe5, 0xff, 0xe5, 0xe1, 0xe5, 0xff, 0xe6, 0xe1, 0xe5, 0xff, 0xe6, 0xe1, 0xe5, 0xff, 0xe5, 0xe2, 0xe5, 0xff, 0xe5, 0xe2, 0xe4, 0xff, 0xe4, 0xe2, 0xe3, 0xff, 0xe4, 0xe3, 0xe3, 0xff, 0xe5, 0xe3, 0xe3, 0xff, 0xe6, 0xe2, 0xe3, 0xff, 0xe6, 0xe2, 0xe4, 0xff, 0xe6, 0xe2, 0xe4, 0xff, 0xe6, 0xe2, 0xe4, 0xff, 0xe6, 0xe2, 0xe4, 0xff, 0xe6, 0xe2, 0xe4, 0xff, 0xe6, 0xe2, 0xe4, 0xff, 0xe6, 0xe2, 0xe4, 0xff, 0xe6, 0xe2, 0xe4, 0xff, 0xe6, 0xe2, 0xe4, 0xff, 0xe6, 0xe2, 0xe4, 0xff, 0xe6, 0xe2, 0xe4, 0xff, 0xe6, 0xe2, 0xe4, 0xff, 0xe6, 0xe2, 0xe4, 0xff, 0xe6, 0xe2, 0xe4, 0xff, 0xe6, 0xe2, 0xe4, 0xff, 0xe6, 0xe1, 0xe5, 0xff, 0xe6, 0xe1, 0xe5, 0xff, 0xe6, 0xe1, 0xe5, 0xff, 0xe6, 0xe1, 0xe5, 0xff, 0xe6, 0xe1, 0xe5, 0xff, 0xe6, 0xe1, 0xe5, 0xff, 0xe6, 0xe1, 0xe5, 0xff, 0xe6, 0xe1, 0xe5, 0xff, 0xe5, 0xe0, 0xe4, 0xff, 0xe5, 0xe0, 0xe4, 0xff, 0xe5, 0xe0, 0xe4, 0xff, 0xe5, 0xe0, 0xe4, 0xff, 0xe5, 0xe0, 0xe4, 0xff, 0xe5, 0xe0, 0xe4, 0xff, 0xe5, 0xe0, 0xe4, 0xff, 0xe5, 0xe0, 0xe4, 0xff, 0xe5, 0xdf, 0xe3, 0xff, 0xe5, 0xdf, 0xe3, 0xff, 0xe5, 0xdf, 0xe3, 0xff, 0xe5, 0xdf, 0xe3, 0xff, 0xe5, 0xdf, 0xe3, 0xff, 0xe5, 0xdf, 0xe3, 0xff, 0xe5, 0xdf, 0xe3, 0xff, 0xe5, 0xdf, 0xe3, 0xff, 0xe5, 0xdf, 0xe3, 0xff, 0xe5, 0xdf, 0xe3, 0xff, 0xe5, 0xdf, 0xe3, 0xff, 0xe5, 0xdf, 0xe3, 0xff, 0xe5, 0xdf, 0xe3, 0xff, 0xe5, 0xdf, 0xe3, 0xff, 0xe5, 0xdf, 0xe3, 0xff, 0xe5, 0xdf, 0xe3, 0xff, 0xe5, 0xdf, 0xe3, 0xff, 0xe5, 0xdf, 0xe3, 0xff, 0xe5, 0xdf, 0xe3, 0xff, 0xe5, 0xdf, 0xe3, 0xff, 0xe5, 0xdf, 0xe3, 0xff, 0xe5, 0xdf, 0xe3, 0xff, 0xe5, 0xdf, 0xe3, 0xff, 0xe5, 0xdf, 0xe3, 0xff, 0xe5, 0xdf, 0xe3, 0xff, 0xe5, 0xdf, 0xe3, 0xff, 0xe5, 0xdf, 0xe3, 0xff, 0xe5, 0xdf, 0xe3, 0xff, 0xe5, 0xdf, 0xe3, 0xff, 0xe5, 0xdf, 0xe3, 0xff, 0xe5, 0xdf, 0xe3, 0xff, 0xe5, 0xdf, 0xe3, 0xff, 0xe5, 0xdf, 0xe2, 0xff, 0xe5, 0xdf, 0xe2, 0xff, 0xe4, 0xdf, 0xe3, 0xff, 0xe2, 0xdf, 0xe4, 0xff, 0xe1, 0xdf, 0xe5, 0xff, 0xdf, 0xdf, 0xe4, 0xff, 0xdd, 0xe1, 0xe3, 0xff, 0xd8, 0xe2, 0xe0, 0xff, 0xd5, 0xe6, 0xdc, 0xff, 0xd1, 0xea, 0xd8, 0xff, 0xce, 0xef, 0xd4, 0xff, 0xcb, 0xf3, 0xcf, 0xff, 0xc7, 0xf7, 0xc9, 0xff, 0xc5, 0xfb, 0xc6, 0xff, 0xc3, 0xfd, 0xc2, 0xff, 0xc2, 0xfe, 0xc1, 0xff, 0xc1, 0xfe, 0xc2, 0xff, 0xc0, 0xfe, 0xc2, 0xff, 0xbf, 0xff, 0xc1, 0xff, 0xbe, 0xff, 0xbf, 0xff, 0xbd, 0xff, 0xbe, 0xff, 0xbc, 0xff, 0xbe, 0xff, 0xbd, 0xff, 0xbe, 0xff, 0xbd, 0xff, 0xbe, 0xff, 
  0xc3, 0xfe, 0xc1, 0xff, 0xc2, 0xfe, 0xc1, 0xff, 0xc1, 0xfe, 0xc1, 0xff, 0xbf, 0xff, 0xc0, 0xff, 0xbe, 0xff, 0xbf, 0xff, 0xbd, 0xff, 0xbf, 0xff, 0xbc, 0xff, 0xbe, 0xff, 0xbc, 0xff, 0xbf, 0xff, 0xbc, 0xff, 0xbf, 0xff, 0xbf, 0xfd, 0xc0, 0xff, 0xc2, 0xfb, 0xc3, 0xff, 0xc6, 0xf9, 0xc6, 0xff, 0xcc, 0xf7, 0xcb, 0xff, 0xcf, 0xf4, 0xcf, 0xff, 0xd2, 0xf2, 0xd2, 0xff, 0xd6, 0xef, 0xd6, 0xff, 0xdb, 0xea, 0xd9, 0xff, 0xde, 0xe8, 0xdb, 0xff, 0xdf, 0xe7, 0xdc, 0xff, 0xdf, 0xe7, 0xdd, 0xff, 0xe0, 0xe5, 0xdf, 0xff, 0xe1, 0xe5, 0xe0, 0xff, 0xe2, 0xe4, 0xe2, 0xff, 0xe2, 0xe3, 0xe3, 0xff, 0xe3, 0xe3, 0xe3, 0xff, 0xe4, 0xe2, 0xe4, 0xff, 0xe4, 0xe2, 0xe4, 0xff, 0xe4, 0xe3, 0xe3, 0xff, 0xe3, 0xe3, 0xe3, 0xff, 0xe3, 0xe3, 0xe2, 0xff, 0xe3, 0xe4, 0xe1, 0xff, 0xe4, 0xe4, 0xe1, 0xff, 0xe5, 0xe3, 0xe2, 0xff, 0xe5, 0xe3, 0xe2, 0xff, 0xe5, 0xe3, 0xe2, 0xff, 0xe5, 0xe3, 0xe2, 0xff, 0xe5, 0xe3, 0xe2, 0xff, 0xe5, 0xe3, 0xe2, 0xff, 0xe5, 0xe3, 0xe2, 0xff, 0xe5, 0xe3, 0xe2, 0xff, 0xe5, 0xe3, 0xe2, 0xff, 0xe5, 0xe3, 0xe2, 0xff, 0xe5, 0xe3, 0xe2, 0xff, 0xe5, 0xe3, 0xe2, 0xff, 0xe5, 0xe3, 0xe2, 0xff, 0xe5, 0xe3, 0xe2, 0xff, 0xe5, 0xe3, 0xe2, 0xff, 0xe5, 0xe3, 0xe3, 0xff, 0xe6, 0xe3, 0xe4, 0xff, 0xe6, 0xe3, 0xe5, 0xff, 0xe6, 0xe3, 0xe5, 0xff, 0xe6, 0xe3, 0xe5, 0xff, 0xe6, 0xe3, 0xe5, 0xff, 0xe6, 0xe3, 0xe5, 0xff, 0xe6, 0xe3, 0xe5, 0xff, 0xe6, 0xe3, 0xe5, 0xff, 0xe5, 0xe2, 0xe4, 0xff, 0xe5, 0xe2, 0xe4, 0xff, 0xe5, 0xe2, 0xe4, 0xff, 0xe5, 0xe2, 0xe4, 0xff, 0xe5, 0xe2, 0xe4, 0xff, 0xe5, 0xe2, 0xe4, 0xff, 0xe5, 0xe2, 0xe4, 0xff, 0xe5, 0xe2, 0xe4, 0xff, 0xe4, 0xe1, 0xe3, 0xff, 0xe5, 0xe1, 0xe3, 0xff, 0xe5, 0xe1, 0xe3, 0xff, 0xe5, 0xe1, 0xe3, 0xff, 0xe5, 0xe1, 0xe3, 0xff, 0xe5, 0xe1, 0xe3, 0xff, 0xe5, 0xe1, 0xe3, 0xff, 0xe5, 0xe1, 0xe3, 0xff, 0xe4, 0xe0, 0xe2, 0xff, 0xe4, 0xe0, 0xe2, 0xff, 0xe4, 0xe0, 0xe2, 0xff, 0xe4, 0xe0, 0xe2, 0xff, 0xe4, 0xe0, 0xe2, 0xff, 0xe4, 0xe0, 0xe2, 0xff, 0xe4, 0xe0, 0xe2, 0xff, 0xe4, 0xe0, 0xe2, 0xff, 0xe4, 0xe0, 0xe2, 0xff, 0xe4, 0xe0, 0xe2, 0xff, 0xe4, 0xe0, 0xe2, 0xff, 0xe4, 0xe0, 0xe2, 0xff, 0xe4, 0xe0, 0xe2, 0xff, 0xe4, 0xe0, 0xe2, 0xff, 0xe4, 0xe0, 0xe2, 0xff, 0xe4, 0xe0, 0xe2, 0xff, 0xe4, 0xe0, 0xe2, 0xff, 0xe4, 0xe0, 0xe2, 0xff, 0xe4, 0xe0, 0xe2, 0xff, 0xe4, 0xe0, 0xe2, 0xff, 0xe4, 0xe0, 0xe2, 0xff, 0xe4, 0xe0, 0xe2, 0xff, 0xe4, 0xe0, 0xe2, 0xff, 0xe3, 0xe1, 0xe1, 0xff, 0xe0, 0xe1, 0xde, 0xff, 0xde, 0xe2, 0xdd, 0xff, 0xde, 0xe3, 0xde, 0xff, 0xdc, 0xe3, 0xde, 0xff, 0xda, 0xe4, 0xdd, 0xff, 0xd8, 0xe7, 0xdd, 0xff, 0xd6, 0xe8, 0xda, 0xff, 0xd1, 0xea, 0xd6, 0xff, 0xce, 0xee, 0xd3, 0xff, 0xcb, 0xf2, 0xcf, 0xff, 0xc9, 0xf6, 0xcc, 0xff, 0xc7, 0xfa, 0xc8, 0xff, 0xc3, 0xfc, 0xc4, 0xff, 0xc1, 0xfe, 0xc1, 0xff, 0xc0, 0xff, 0xbe, 0xff, 0xbf, 0xff, 0xbe, 0xff, 0xc0, 0xff, 0xc0, 0xff, 0xc0, 0xff, 0xc1, 0xff, 0xbf, 0xff, 0xc0, 0xff, 0xbe, 0xff, 0xbf, 0xff, 0xbd, 0xff, 0xbe, 0xff, 0xbd, 0xff, 0xbe, 0xff, 0xbd, 0xff, 0xbf, 0xff, 0xbe, 0xff, 0xbf, 0xff, 
  0xc0, 0xff, 0xbd, 0xff, 0xc0, 0xff, 0xbe, 0xff, 0xbf, 0xff, 0xbf, 0xff, 0xbf, 0xff, 0xc1, 0xff, 0xbf, 0xfe, 0xc2, 0xff, 0xbf, 0xfe, 0xc2, 0xff, 0xbe, 0xff, 0xc1, 0xff, 0xbe, 0xff, 0xc0, 0xff, 0xbf, 0xff, 0xbf, 0xff, 0xc0, 0xff, 0xbf, 0xff, 0xc2, 0xff, 0xc0, 0xff, 0xc4, 0xfd, 0xc2, 0xff, 0xc5, 0xfa, 0xc4, 0xff, 0xc7, 0xf9, 0xc7, 0xff, 0xc8, 0xf7, 0xca, 0xff, 0xcc, 0xf4, 0xcd, 0xff, 0xd2, 0xf1, 0xd2, 0xff, 0xd6, 0xef, 0xd4, 0xff, 0xd6, 0xed, 0xd4, 0xff, 0xd7, 0xec, 0xd6, 0xff, 0xd7, 0xeb, 0xd7, 0xff, 0xd8, 0xea, 0xd9, 0xff, 0xda, 0xe9, 0xdb, 0xff, 0xda, 0xe7, 0xdb, 0xff, 0xda, 0xe7, 0xdc, 0xff, 0xdb, 0xe6, 0xdc, 0xff, 0xdb, 0xe6, 0xdc, 0xff, 0xdb, 0xe6, 0xdc, 0xff, 0xdb, 0xe7, 0xdb, 0xff, 0xdb, 0xe7, 0xdb, 0xff, 0xdb, 0xe7, 0xda, 0xff, 0xdb, 0xe7, 0xda, 0xff, 0xdc, 0xe7, 0xdb, 0xff, 0xdd, 0xe7, 0xdb, 0xff, 0xdd, 0xe7, 0xdb, 0xff, 0xdd, 0xe7, 0xdb, 0xff, 0xdd, 0xe7, 0xdb, 0xff, 0xdd, 0xe7, 0xdb, 0xff, 0xdd, 0xe7, 0xdb, 0xff, 0xdd, 0xe7, 0xdb, 0xff, 0xdd, 0xe7, 0xdb, 0xff, 0xdd, 0xe7, 0xdb, 0xff, 0xdd, 0xe7, 0xdb, 0xff, 0xdd, 0xe7, 0xdb, 0xff, 0xdd, 0xe7, 0xdb, 0xff, 0xdd, 0xe7, 0xdb, 0xff, 0xdd, 0xe7, 0xdb, 0xff, 0xdd, 0xe6, 0xdb, 0xff, 0xdd, 0xe6, 0xdc, 0xff, 0xdd, 0xe6, 0xdc, 0xff, 0xdd, 0xe6, 0xdc, 0xff, 0xdd, 0xe6, 0xdc, 0xff, 0xdd, 0xe6, 0xdc, 0xff, 0xdd, 0xe6, 0xdc, 0xff, 0xdd, 0xe6, 0xdc, 0xff, 0xdd, 0xe6, 0xdc, 0xff, 0xdd, 0xe6, 0xdc, 0xff, 0xdd, 0xe6, 0xdc, 0xff, 0xdd, 0xe6, 0xdc, 0xff, 0xdd, 0xe6, 0xdc, 0xff, 0xdd, 0xe6, 0xdc, 0xff, 0xdd, 0xe6, 0xdc, 0xff, 0xdd, 0xe6, 0xdc, 0xff, 0xdd, 0xe6, 0xdc, 0xff, 0xdc, 0xe5, 0xdb, 0xff, 0xdc, 0xe5, 0xdb, 0xff, 0xdc, 0xe5, 0xdb, 0xff, 0xdc, 0xe5, 0xdb, 0xff, 0xdc, 0xe5, 0xdb, 0xff, 0xdc, 0xe5, 0xdb, 0xff, 0xdc, 0xe5, 0xdb, 0xff, 0xdc, 0xe5, 0xdb, 0xff, 0xdc, 0xe5, 0xdb, 0xff, 0xdc, 0xe5, 0xdb, 0xff, 0xdc, 0xe5, 0xdb, 0xff, 0xdc, 0xe5, 0xdb, 0xff, 0xdc, 0xe5, 0xdb, 0xff, 0xdc, 0xe5, 0xdb, 0xff, 0xdc, 0xe5, 0xdb, 0xff, 0xdc, 0xe5, 0xdb, 0xff, 0xdc, 0xe5, 0xdb, 0xff, 0xdc, 0xe5, 0xdb, 0xff, 0xdc, 0xe5, 0xdb, 0xff, 0xdc, 0xe5, 0xdb, 0xff, 0xdc, 0xe5, 0xdb, 0xff, 0xdc, 0xe5, 0xdb, 0xff, 0xdc, 0xe5, 0xdb, 0xff, 0xdc, 0xe5, 0xdb, 0xff, 0xdc, 0xe5, 0xdb, 0xff, 0xdc, 0xe5, 0xdb, 0xff, 0xdc, 0xe5, 0xdb, 0xff, 0xdc, 0xe5, 0xdb, 0xff, 0xdc, 0xe5, 0xdb, 0xff, 0xdc, 0xe5, 0xdb, 0xff, 0xdc, 0xe5, 0xdb, 0xff, 0xdb, 0xe5, 0xdb, 0xff, 0xd7, 0xe5, 0xd9, 0xff, 0xd7, 0xe7, 0xd9, 0xff, 0xd5, 0xe8, 0xd7, 0xff, 0xd4, 0xea, 0xd7, 0xff, 0xd3, 0xed, 0xd6, 0xff, 0xd1, 0xee, 0xd4, 0xff, 0xce, 0xf0, 0xd1, 0xff, 0xcc, 0xf2, 0xce, 0xff, 0xc8, 0xf5, 0xca, 0xff, 0xc7, 0xf8, 0xc8, 0xff, 0xc5, 0xfa, 0xc5, 0xff, 0xc4, 0xfd, 0xc3, 0xff, 0xc2, 0xfe, 0xc1, 0xff, 0xc1, 0xff, 0xbf, 0xff, 0xc0, 0xff, 0xbe, 0xff, 0xc0, 0xff, 0xbe, 0xff, 0xc0, 0xff, 0xc0, 0xff, 0xbf, 0xff, 0xc0, 0xff, 0xbe, 0xff, 0xbf, 0xff, 0xbe, 0xff, 0xbf, 0xff, 0xbd, 0xff, 0xbe, 0xff, 0xbd, 0xff, 0xbe, 0xff, 0xbe, 0xff, 0xbf, 0xff, 0xbe, 0xff, 0xbf, 0xff, 
  0xbc, 0xff, 0xb9, 0xff, 0xbd, 0xff, 0xba, 0xff, 0xbe, 0xff, 0xbe, 0xff, 0xbf, 0xff, 0xc1, 0xff, 0xc0, 0xfd, 0xc4, 0xff, 0xc1, 0xfc, 0xc5, 0xff, 0xc1, 0xfc, 0xc5, 0xff, 0xc2, 0xfd, 0xc3, 0xff, 0xc2, 0xfe, 0xc0, 0xff, 0xc2, 0xff, 0xbf, 0xff, 0xc2, 0xff, 0xbd, 0xff, 0xc2, 0xff, 0xbe, 0xff, 0xc0, 0xfe, 0xbf, 0xff, 0xc0, 0xfd, 0xc1, 0xff, 0xc0, 0xfc, 0xc3, 0xff, 0xc1, 0xfa, 0xc5, 0xff, 0xc6, 0xfa, 0xc7, 0xff, 0xc7, 0xf8, 0xc8, 0xff, 0xc8, 0xf7, 0xc9, 0xff, 0xc8, 0xf6, 0xca, 0xff, 0xc9, 0xf5, 0xcc, 0xff, 0xca, 0xf3, 0xcd, 0xff, 0xcb, 0xf2, 0xcf, 0xff, 0xcc, 0xf1, 0xd0, 0xff, 0xcd, 0xf0, 0xd1, 0xff, 0xce, 0xf0, 0xd1, 0xff, 0xcf, 0xf0, 0xd2, 0xff, 0xcf, 0xf0, 0xd2, 0xff, 0xce, 0xf0, 0xd1, 0xff, 0xce, 0xf1, 0xd0, 0xff, 0xce, 0xf1, 0xd0, 0xff, 0xce, 0xf1, 0xd0, 0xff, 0xcf, 0xf0, 0xd0, 0xff, 0xcf, 0xf0, 0xd1, 0xff, 0xcf, 0xf0, 0xd1, 0xff, 0xcf, 0xf0, 0xd1, 0xff, 0xcf, 0xf0, 0xd1, 0xff, 0xcf, 0xf0, 0xd1, 0xff, 0xcf, 0xf0, 0xd1, 0xff, 0xcf, 0xf0, 0xd1, 0xff, 0xcf, 0xf0, 0xd1, 0xff, 0xcf, 0xf0, 0xd1, 0xff, 0xcf, 0xf0, 0xd1, 0xff, 0xcf, 0xf0, 0xd1, 0xff, 0xcf, 0xf0, 0xd1, 0xff, 0xcf, 0xf0, 0xd1, 0xff, 0xcf, 0xf0, 0xd1, 0xff, 0xcf, 0xf0, 0xd1, 0xff, 0xce, 0xee, 0xd1, 0xff, 0xce, 0xee, 0xd1, 0xff, 0xce, 0xee, 0xd1, 0xff, 0xce, 0xee, 0xd1, 0xff, 0xce, 0xee, 0xd1, 0xff, 0xce, 0xee, 0xd1, 0xff, 0xce, 0xee, 0xd1, 0xff, 0xce, 0xee, 0xd1, 0xff, 0xce, 0xee, 0xd1, 0xff, 0xce, 0xee, 0xd1, 0xff, 0xce, 0xee, 0xd1, 0xff, 0xce, 0xee, 0xd1, 0xff, 0xce, 0xee, 0xd1, 0xff, 0xce, 0xee, 0xd1, 0xff, 0xce, 0xee, 0xd1, 0xff, 0xce, 0xee, 0xd1, 0xff, 0xcd, 0xee, 0xcf, 0xff, 0xcd, 0xee, 0xcf, 0xff, 0xcd, 0xee, 0xcf, 0xff, 0xcd, 0xee, 0xcf, 0xff, 0xcd, 0xee, 0xcf, 0xff, 0xcd, 0xee, 0xcf, 0xff, 0xcd, 0xee, 0xcf, 0xff, 0xcd, 0xee, 0xcf, 0xff, 0xcf, 0xf0, 0xd1, 0xff, 0xcf, 0xf0, 0xd1, 0xff, 0xcf, 0xf0, 0xd1, 0xff, 0xcf, 0xf0, 0xd1, 0xff, 0xcf, 0xf0, 0xd1, 0xff, 0xcf, 0xf0, 0xd1, 0xff, 0xcf, 0xf0, 0xd1, 0xff, 0xcf, 0xf0, 0xd1, 0xff, 0xcf, 0xef, 0xd2, 0xff, 0xcf, 0xef, 0xd2, 0xff, 0xcf, 0xef, 0xd2, 0xff, 0xcf, 0xef, 0xd2, 0xff, 0xcf, 0xef, 0xd2, 0xff, 0xcf, 0xef, 0xd2, 0xff, 0xcf, 0xef, 0xd2, 0xff, 0xcf, 0xef, 0xd2, 0xff, 0xce, 0xee, 0xd1, 0xff, 0xce, 0xee, 0xd1, 0xff, 0xce, 0xee, 0xd1, 0xff, 0xce, 0xee, 0xd1, 0xff, 0xce, 0xee, 0xd1, 0xff, 0xce, 0xee, 0xd1, 0xff, 0xce, 0xee, 0xd1, 0xff, 0xce, 0xee, 0xd2, 0xff, 0xcc, 0xee, 0xd3, 0xff, 0xcd, 0xef, 0xd3, 0xff, 0xcc, 0xf1, 0xd1, 0xff, 0xcc, 0xf3, 0xcf, 0xff, 0xca, 0xf5, 0xcc, 0xff, 0xc8, 0xf7, 0xc9, 0xff, 0xc7, 0xf9, 0xc6, 0xff, 0xc6, 0xfa, 0xc4, 0xff, 0xc5, 0xfb, 0xc2, 0xff, 0xc5, 0xfd, 0xc2, 0xff, 0xc5, 0xfd, 0xc1, 0xff, 0xc5, 0xfe, 0xc1, 0xff, 0xc5, 0xfd, 0xc1, 0xff, 0xc5, 0xfd, 0xc1, 0xff, 0xc4, 0xfc, 0xc1, 0xff, 0xc2, 0xfc, 0xc1, 0xff, 0xc1, 0xfe, 0xc1, 0xff, 0xbf, 0xff, 0xc0, 0xff, 0xbe, 0xff, 0xbf, 0xff, 0xbe, 0xff, 0xbf, 0xff, 0xbd, 0xff, 0xbf, 0xff, 0xbd, 0xff, 0xbf, 0xff, 0xbf, 0xff, 0xc0, 0xff, 0xbf, 0xff, 0xc0, 0xff, 
  0xba, 0xff, 0xb7, 0xff, 0xbb, 0xff, 0xb9, 0xff, 0xbd, 0xff, 0xbd, 0xff, 0xbf, 0xff, 0xc1, 0xff, 0xc1, 0xfc, 0xc5, 0xff, 0xc2, 0xfb, 0xc7, 0xff, 0xc3, 0xfb, 0xc6, 0xff, 0xc3, 0xfc, 0xc4, 0xff, 0xc4, 0xff, 0xc2, 0xff, 0xc3, 0xff, 0xbe, 0xff, 0xc2, 0xff, 0xbc, 0xff, 0xc1, 0xff, 0xbc, 0xff, 0xbe, 0xff, 0xbc, 0xff, 0xbd, 0xff, 0xbe, 0xff, 0xbc, 0xfe, 0xc0, 0xff, 0xbb, 0xfd, 0xc0, 0xff, 0xc0, 0xff, 0xc3, 0xff, 0xc0, 0xfe, 0xc3, 0xff, 0xc1, 0xfd, 0xc4, 0xff, 0xc2, 0xfc, 0xc5, 0xff, 0xc3, 0xfb, 0xc7, 0xff, 0xc3, 0xf9, 0xc8, 0xff, 0xc5, 0xf7, 0xca, 0xff, 0xc6, 0xf6, 0xcb, 0xff, 0xc8, 0xf7, 0xcd, 0xff, 0xc9, 0xf6, 0xcd, 0xff, 0xca, 0xf6, 0xce, 0xff, 0xca, 0xf6, 0xce, 0xff, 0xc9, 0xf6, 0xcd, 0xff, 0xc9, 0xf7, 0xcd, 0xff, 0xc9, 0xf7, 0xcc, 0xff, 0xc9, 0xf7, 0xcc, 0xff, 0xca, 0xf7, 0xcd, 0xff, 0xca, 0xf6, 0xcd, 0xff, 0xca, 0xf6, 0xcd, 0xff, 0xca, 0xf6, 0xcd, 0xff, 0xca, 0xf6, 0xcd, 0xff, 0xca, 0xf6, 0xcd, 0xff, 0xca, 0xf6, 0xcd, 0xff, 0xca, 0xf6, 0xcd, 0xff, 0xc9, 0xf5, 0xcc, 0xff, 0xc9, 0xf5, 0xcc, 0xff, 0xc9, 0xf5, 0xcc, 0xff, 0xc9, 0xf5, 0xcc, 0xff, 0xc9, 0xf5, 0xcc, 0xff, 0xc9, 0xf5, 0xcc, 0xff, 0xc9, 0xf5, 0xcc, 0xff, 0xc9, 0xf5, 0xcc, 0xff, 0xca, 0xf6, 0xce, 0xff, 0xca, 0xf6, 0xcf, 0xff, 0xca, 0xf6, 0xcf, 0xff, 0xca, 0xf6, 0xcf, 0xff, 0xca, 0xf6, 0xcf, 0xff, 0xca, 0xf6, 0xcf, 0xff, 0xca, 0xf6, 0xcf, 0xff, 0xca, 0xf6, 0xcf, 0xff, 0xca, 0xf6, 0xcf, 0xff, 0xca, 0xf6, 0xcf, 0xff, 0xca, 0xf6, 0xcf, 0xff, 0xca, 0xf6, 0xcf, 0xff, 0xca, 0xf6, 0xcf, 0xff, 0xca, 0xf6, 0xcf, 0xff, 0xca, 0xf6, 0xcf, 0xff, 0xca, 0xf6, 0xce, 0xff, 0xca, 0xf6, 0xcd, 0xff, 0xca, 0xf6, 0xcd, 0xff, 0xca, 0xf6, 0xcd, 0xff, 0xca, 0xf6, 0xcd, 0xff, 0xca, 0xf6, 0xcd, 0xff, 0xca, 0xf6, 0xcd, 0xff, 0xca, 0xf6, 0xcd, 0xff, 0xca, 0xf6, 0xcd, 0xff, 0xca, 0xf6, 0xcd, 0xff, 0xca, 0xf6, 0xcd, 0xff, 0xca, 0xf6, 0xcd, 0xff, 0xca, 0xf6, 0xcd, 0xff, 0xca, 0xf6, 0xcd, 0xff, 0xca, 0xf6, 0xcd, 0xff, 0xca, 0xf6, 0xcd, 0xff, 0xca, 0xf6, 0xcd, 0xff, 0xca, 0xf6, 0xce, 0xff, 0xca, 0xf6, 0xcf, 0xff, 0xca, 0xf6, 0xcf, 0xff, 0xca, 0xf6, 0xcf, 0xff, 0xca, 0xf6, 0xcf, 0xff, 0xca, 0xf6, 0xcf, 0xff, 0xca, 0xf6, 0xcf, 0xff, 0xca, 0xf6, 0xcf, 0xff, 0xc9, 0xf5, 0xcd, 0xff, 0xc9, 0xf5, 0xcd, 0xff, 0xc9, 0xf5, 0xcd, 0xff, 0xc9, 0xf5, 0xcd, 0xff, 0xc9, 0xf5, 0xcd, 0xff, 0xc9, 0xf5, 0xcd, 0xff, 0xc9, 0xf5, 0xcd, 0xff, 0xc9, 0xf4, 0xcf, 0xff, 0xc8, 0xf3, 0xd1, 0xff, 0xc9, 0xf4, 0xd1, 0xff, 0xc9, 0xf6, 0xcf, 0xff, 0xc8, 0xf8, 0xcb, 0xff, 0xc6, 0xfa, 0xc8, 0xff, 0xc5, 0xfc, 0xc5, 0xff, 0xc4, 0xfd, 0xc2, 0xff, 0xc3, 0xfe, 0xc0, 0xff, 0xc3, 0xff, 0xbe, 0xff, 0xc4, 0xff, 0xbe, 0xff, 0xc5, 0xff, 0xbf, 0xff, 0xc5, 0xfe, 0xc0, 0xff, 0xc6, 0xfd, 0xc1, 0xff, 0xc6, 0xfb, 0xc2, 0xff, 0xc6, 0xfb, 0xc3, 0xff, 0xc4, 0xfb, 0xc3, 0xff, 0xc1, 0xfe, 0xc1, 0xff, 0xbf, 0xff, 0xc0, 0xff, 0xbe, 0xff, 0xbf, 0xff, 0xbe, 0xff, 0xbf, 0xff, 0xbd, 0xff, 0xbf, 0xff, 0xbd, 0xff, 0xbf, 0xff, 0xbf, 0xff, 0xc0, 0xff, 0xc0, 0xff, 0xc0, 0xff, 
#endif
};

const lv_img_dsc_t icon9 = {
  .header.cf = LV_IMG_CF_TRUE_COLOR,
  .header.always_zero = 0,
  .header.reserved = 0,
  .header.w = 120,
  .header.h = 80,
  .data_size = 9600 * LV_COLOR_SIZE / 8,
  .data = icon9_map,
};


#endif