#include "TFT_Img.h"
#include "dbg_config.h"

#if(ENABLE_LVGL_USE == 0)

static const unsigned char gImage_icon99[5440] = { /* 0X00,0X10,0X50,0X00,0X22,0X00,0X01,0X1B, */
0X79,0XCF,0X5A,0XD7,0X3A,0XD7,0X59,0XCF,0XD8,0XC7,0XF7,0XBF,0XF7,0XBF,0XF7,0XC7,
0XF8,0XC7,0XF8,0XC7,0XF8,0XBF,0XF7,0XC7,0XF8,0XC7,0XF8,0XC7,0XF8,0XC7,0XF8,0XC7,
0XF7,0XBF,0XF8,0XC7,0XF8,0XC7,0XF8,0XC7,0XF7,0XBF,0XF7,0XC7,0XD8,0XCF,0X7A,0XD7,
0X5A,0XD7,0X5A,0XD7,0X99,0XCF,0XB8,0XC7,0XF7,0XBF,0XF7,0XBF,0XF7,0XBF,0XF7,0XC7,
0XF8,0XC7,0XF8,0XC7,0XF8,0XC7,0XF8,0XBF,0XF8,0XC7,0XF7,0XC7,0XF7,0XBF,0XF8,0XBF,
0XF8,0XC7,0XF8,0XC7,0XF7,0XBF,0XF8,0XC7,0X59,0XCF,0XB8,0XCE,0XF9,0XCE,0XB9,0XCF,
0XD8,0XC7,0XF8,0XC7,0XF7,0XC7,0XF7,0XBF,0XF7,0XBF,0XF8,0XBF,0XF8,0XBF,0XF8,0XBF,
0XF8,0XC7,0XF8,0XC7,0XF7,0XC7,0XF7,0XC7,0XF6,0XC7,0XD7,0XC7,0X99,0XCF,0X5B,0XCF,
0X5B,0XCF,0X99,0XCF,0XF7,0XC7,0XF7,0XC7,0XF8,0XBF,0XF8,0XBF,0XF7,0XC7,0XF7,0XC7,
0XF7,0XC7,0XF8,0XC7,0XF8,0XC7,0XF8,0XC7,0XF8,0XC7,0XF8,0XC7,0XF8,0XC7,0XF8,0XC7,
0X97,0XBE,0X77,0XBE,0X77,0XC6,0X97,0XBE,0X17,0XBF,0XD8,0XC7,0XF7,0XC7,0XF7,0XC7,
0XF7,0XC7,0XF8,0XC7,0XF8,0XBF,0XF7,0XBF,0XF8,0XC7,0XF8,0XC7,0XF8,0XC7,0XF8,0XC7,
0XF7,0XBF,0XF8,0XC7,0XF8,0XC7,0XF8,0XC7,0XF7,0XBF,0XF7,0XC7,0XB8,0XC7,0XD8,0XC6,
0X77,0XBE,0X97,0XBE,0X38,0XC7,0XD8,0XC7,0XF7,0XC7,0XF7,0XBF,0XF7,0XBF,0XF7,0XC7,
0XF8,0XC7,0XF8,0XC7,0XF8,0XC7,0XF7,0XBF,0XF8,0XC7,0XF8,0XC7,0XF7,0XBF,0XF8,0XBF,
0XF8,0XC7,0XF8,0XC7,0XF8,0XC7,0XD9,0XC7,0X18,0XC7,0X57,0XBE,0X77,0XBE,0X57,0XBF,
0XF8,0XC7,0XF8,0XC7,0XF7,0XC7,0XF7,0XBF,0XF8,0XBF,0XF8,0XBF,0XF8,0XBF,0XF8,0XC7,
0XF8,0XC7,0XF8,0XC7,0XF7,0XC7,0XF7,0XC7,0XF7,0XC7,0XD8,0XCF,0XF7,0XBE,0X58,0XBE,
0X78,0XBE,0XF7,0XBE,0XB7,0XC7,0XF7,0XC7,0XF8,0XBF,0XF8,0XC7,0XF7,0XC7,0XF7,0XC7,
0XF7,0XC7,0XF8,0XC7,0XF8,0XC7,0XF8,0XC7,0XF8,0XC7,0XF8,0XC7,0XF8,0XC7,0XF8,0XC7,
0X77,0XC6,0X57,0XBE,0X58,0XC6,0X38,0XBE,0X77,0XBE,0X39,0XC7,0XD8,0XC7,0XF7,0XC7,
0XF7,0XBF,0XF7,0XC7,0XF8,0XC7,0XF7,0XBF,0XF8,0XBF,0XF8,0XC7,0XF8,0XC7,0XF8,0XC7,
0XF7,0XBF,0XF8,0XC7,0XF8,0XC7,0XF8,0XC7,0XF7,0XBF,0XF7,0XC7,0XD9,0XCF,0XD8,0XC6,
0X78,0XC6,0X76,0XBE,0X38,0XC7,0XD8,0XC7,0XF7,0XBF,0XF7,0XBF,0XF7,0XBF,0XF7,0XC7,
0XF8,0XC7,0XF8,0XC7,0XF8,0XC7,0XF7,0XBF,0XF8,0XC7,0XF8,0XC7,0XF7,0XBF,0XF7,0XBF,
0XF7,0XC7,0XF7,0XC7,0XD8,0XC7,0XB9,0XCF,0X97,0XBE,0X98,0XC6,0X96,0XBE,0X98,0XC7,
0XF8,0XC7,0XF8,0XC7,0XF8,0XC7,0XF8,0XBF,0XF8,0XBF,0XF8,0XBF,0XF8,0XC7,0XF8,0XC7,
0XF8,0XC7,0XF7,0XC7,0XF7,0XBF,0XF7,0XC7,0XF8,0XC7,0X98,0XC7,0X97,0XC6,0X58,0XC6,
0X79,0XC6,0X76,0XBE,0X37,0XC7,0XF8,0XC7,0XF8,0XBF,0XF8,0XC7,0XF8,0XC7,0XF7,0XC7,
0XF7,0XC7,0XF8,0XC7,0XF8,0XC7,0XF8,0XC7,0XF8,0XC7,0XF8,0XC7,0XF8,0XC7,0XF8,0XC7,
0X38,0XC6,0X38,0XC6,0X59,0XC6,0X39,0XC6,0X38,0XC6,0X78,0XC6,0X99,0XCF,0XF8,0XC7,
0XF7,0XBF,0XF7,0XBF,0XF7,0XC7,0XF8,0XBF,0XF8,0XBF,0XF8,0XC7,0XF8,0XC7,0XF8,0XC7,
0XF7,0XBF,0XF8,0XC7,0XF8,0XC7,0XF8,0XC7,0XF7,0XBF,0XF7,0XBF,0XB8,0XC7,0XB7,0XBE,
0X78,0XC6,0X57,0XBE,0X18,0XC7,0XD8,0XCF,0XF8,0XC7,0XF7,0XC7,0XF7,0XBF,0XF7,0XC7,
0XF8,0XC7,0XF8,0XC7,0XF8,0XC7,0XF7,0XBF,0XF8,0XC7,0XF8,0XC7,0XF8,0XBF,0XF7,0XBF,
0XF7,0XBF,0XF7,0XC7,0XB8,0XCF,0X59,0XCF,0X77,0XBE,0X77,0XBE,0XD7,0XBE,0XD8,0XCF,
0XF8,0XC7,0XF8,0XC7,0XF8,0XC7,0XF8,0XC7,0XF8,0XC7,0XF8,0XC7,0XF8,0XC7,0XF8,0XC7,
0XF8,0XC7,0XF7,0XC7,0XF7,0XBF,0XF8,0XC7,0XD9,0XC7,0XD8,0XBE,0X57,0XC6,0X38,0XC6,
0X38,0XC6,0X57,0XC6,0XD7,0XBE,0XB9,0XC7,0XF8,0XC7,0XD8,0XC7,0XD8,0XC7,0XF7,0XC7,
0XF7,0XC7,0XF8,0XC7,0XF8,0XC7,0XF8,0XC7,0XF8,0XC7,0XF8,0XC7,0XF8,0XC7,0XF8,0XC7,
0X19,0XCE,0X38,0XCE,0X39,0XC6,0X39,0XC6,0X39,0XCE,0X38,0XC6,0XF9,0XC6,0XB9,0XC7,
0XF7,0XC7,0XF6,0XBF,0XF7,0XC7,0XF7,0XBF,0XF8,0XBF,0XF8,0XC7,0XF8,0XC7,0XF8,0XC7,
0XF7,0XBF,0XF8,0XC7,0XD8,0XC7,0XF8,0XC7,0XF7,0XBF,0XF7,0XC7,0XB8,0XC7,0XD8,0XC6,
0X58,0XC6,0X57,0XBE,0X18,0XC7,0XB9,0XCF,0XF8,0XC7,0XF7,0XBF,0XF7,0XC7,0XF8,0XC7,
0XF8,0XC7,0XF8,0XC7,0XF7,0XC7,0XF7,0XBF,0XF8,0XC7,0XF8,0XC7,0XF8,0XC7,0XF7,0XBF,
0XF7,0XBF,0XF7,0XC7,0XB9,0XCF,0X98,0XBE,0X57,0XBE,0X76,0XBE,0X99,0XCF,0XD8,0XC7,
0XF8,0XC7,0XF8,0XC7,0XF8,0XC7,0XF8,0XC7,0XF8,0XC7,0XF7,0XC7,0XF7,0XC7,0XF7,0XC7,
0XF7,0XC7,0XF7,0XBF,0XF7,0XBF,0XF8,0XC7,0X79,0XC7,0X98,0XBE,0X58,0XC6,0X78,0XCE,
0X57,0XC6,0X38,0XC6,0X78,0XC6,0X59,0XC7,0XF8,0XC7,0XF8,0XC7,0XF8,0XC7,0XF7,0XC7,
0XF7,0XC7,0XF8,0XC7,0XF8,0XC7,0XF8,0XC7,0XF8,0XC7,0XF8,0XC7,0XF8,0XC7,0XF8,0XC7,
0X19,0XD6,0X38,0XCE,0X58,0XC6,0X78,0XC6,0X59,0XC6,0X39,0XC6,0X58,0XBE,0X59,0XCF,
0XD8,0XC7,0XD7,0XBF,0XF7,0XBF,0XF7,0XBF,0XF7,0XBF,0XF8,0XC7,0XF8,0XC7,0XF8,0XC7,
0XF7,0XBF,0XF8,0XC7,0XF8,0XC7,0XF8,0XC7,0XF7,0XBF,0XF7,0XC7,0X98,0XC7,0XD8,0XC6,
0X58,0XC6,0X58,0XC6,0X18,0XCF,0XB9,0XCF,0XF8,0XC7,0XF7,0XBF,0XF8,0XC7,0XF8,0XC7,
0XF8,0XC7,0XF8,0XC7,0XF7,0XC7,0XF7,0XBF,0XF8,0XC7,0XF8,0XC7,0XF8,0XC7,0XF7,0XBF,
0XF7,0XBF,0XF8,0XC7,0X39,0XCF,0X78,0XC6,0X58,0XC6,0XD7,0XC6,0XB9,0XCF,0XF8,0XCF,
0XF8,0XC7,0XF8,0XBF,0XF8,0XC7,0XF8,0XC7,0XF8,0XC7,0XF7,0XC7,0XF7,0XC7,0XF7,0XC7,
0XF7,0XBF,0XF7,0XC7,0XF8,0XC7,0XD9,0XC7,0XF8,0XC6,0X58,0XC6,0X38,0XBE,0XF9,0XCE,
0XD8,0XCE,0X38,0XC6,0X38,0XC6,0XD8,0XCE,0XB8,0XC7,0XF8,0XC7,0XF8,0XC7,0XF7,0XBF,
0XF7,0XBF,0XF8,0XC7,0XF8,0XC7,0XF8,0XC7,0XF8,0XC7,0XF8,0XC7,0XF8,0XC7,0XF8,0XC7,
0X19,0XCE,0X38,0XCE,0X77,0XC6,0X19,0XCF,0XD8,0XC6,0X78,0XBE,0X38,0XC6,0XB8,0XC6,
0X79,0XCF,0XD8,0XC7,0XF8,0XC7,0XF7,0XBF,0XF7,0XC7,0XF8,0XC7,0XF8,0XC7,0XF8,0XC7,
0XF7,0XBF,0XF8,0XC7,0XF8,0XC7,0XF8,0XC7,0XF7,0XBF,0XF7,0XC7,0XB8,0XC7,0XD8,0XC6,
0X58,0XC6,0X58,0XC6,0X18,0XCF,0XB9,0XCF,0XF8,0XC7,0XF8,0XC7,0XF8,0XC7,0XF8,0XC7,
0XF8,0XC7,0XF8,0XC7,0XF7,0XC7,0XF7,0XBF,0XF7,0XBF,0XF7,0XC7,0XF8,0XC7,0XF7,0XBF,
0XF7,0XC7,0XB8,0XC7,0XD8,0XC6,0X58,0XC6,0X77,0XBE,0X58,0XCF,0XD8,0XC7,0XD8,0XC7,
0XF8,0XC7,0XF7,0XBF,0XF8,0XC7,0XF8,0XC7,0XF8,0XC7,0XF7,0XC7,0XF7,0XC7,0XD7,0XBF,
0XF7,0XC7,0XF8,0XC7,0XD8,0XC7,0XB9,0XC7,0X98,0XC6,0X18,0XC6,0X98,0XBE,0X59,0XC7,
0X99,0XCF,0X78,0XC6,0X38,0XC6,0X57,0XC6,0X78,0XC7,0XF8,0XC7,0XF8,0XBF,0XF7,0XBF,
0XF7,0XBF,0XF8,0XC7,0XF8,0XC7,0XF8,0XC7,0XF8,0XC7,0XF8,0XC7,0XF8,0XC7,0XF8,0XC7,
0X39,0XCE,0X37,0XC6,0X76,0XBE,0X78,0XCF,0X79,0XC7,0X97,0XB6,0X58,0XC6,0X58,0XC6,
0XB8,0XC6,0XDA,0XCF,0XD8,0XC7,0XF7,0XC7,0XF7,0XC7,0XF8,0XC7,0XF8,0XC7,0XF8,0XC7,
0XF7,0XBF,0XF8,0XC7,0XF8,0XC7,0XF8,0XC7,0XF7,0XBF,0XF7,0XC7,0XB8,0XC7,0XD8,0XC6,
0X58,0XC6,0X57,0XC6,0X18,0XCF,0XB9,0XCF,0XF8,0XC7,0XF7,0XBF,0XF8,0XBF,0XF8,0XC7,
0XF8,0XC7,0XF8,0XC7,0XF7,0XC7,0XF7,0XBF,0XF7,0XBF,0XF8,0XC7,0XF7,0XC7,0XF8,0XC7,
0XD8,0XC7,0X79,0XC7,0X77,0XBE,0X58,0XC6,0XB7,0XC6,0X98,0XCF,0XF8,0XC7,0XF8,0XC7,
0XF8,0XC7,0XF7,0XBF,0XF8,0XC7,0XF8,0XC7,0XF8,0XC7,0XF7,0XC7,0XF7,0XBF,0XF7,0XC7,
0XF8,0XC7,0XD8,0XC7,0XD9,0XCF,0X38,0XC7,0X57,0XC6,0X58,0XCE,0XF8,0XBE,0XD9,0XC7,
0XD9,0XC7,0XF8,0XC6,0X58,0XCE,0X37,0XC6,0XF7,0XC6,0XD8,0XC7,0XF8,0XBF,0XF7,0XBF,
0XF7,0XBF,0XF8,0XC7,0XF8,0XC7,0XF8,0XC7,0XF8,0XC7,0XF8,0XC7,0XF8,0XC7,0XF8,0XC7,
0X39,0XCE,0X57,0XC6,0X96,0XBE,0X77,0XC7,0XD9,0XCF,0X38,0XC7,0X77,0XBE,0X57,0XC6,
0X78,0XC6,0X18,0XC7,0XD9,0XCF,0XB7,0XC7,0XF7,0XC7,0XF7,0XC7,0XF8,0XC7,0XF7,0XC7,
0XF7,0XBF,0XF8,0XC7,0XF8,0XC7,0XF8,0XC7,0XF7,0XBF,0XF7,0XC7,0XB8,0XC7,0XD8,0XC6,
0X58,0XC6,0X57,0XC6,0X18,0XCF,0XB9,0XCF,0XF8,0XC7,0XF7,0XBF,0XF8,0XBF,0XF8,0XC7,
0XF8,0XC7,0XF8,0XC7,0XF7,0XC7,0XF7,0XC7,0XF8,0XC7,0XF7,0XC7,0XF7,0XC7,0XF8,0XC7,
0XB9,0XC7,0X19,0XC7,0X77,0XBE,0X77,0XC6,0X18,0XC7,0XB8,0XC7,0XF8,0XC7,0XF8,0XC7,
0XF7,0XC7,0XF7,0XBF,0XF8,0XC7,0XF8,0XC7,0XF8,0XC7,0XF8,0XC7,0XF7,0XBF,0XF7,0XC7,
0XF8,0XC7,0XB8,0XC7,0XDA,0XD7,0XB7,0XBE,0X37,0XC6,0X57,0XC6,0X58,0XBF,0XF8,0XBF,
0XF9,0XC7,0X58,0XC7,0X77,0XC6,0X37,0XC6,0X97,0XC6,0X98,0XC7,0XF8,0XBF,0XF7,0XBF,
0XF7,0XC7,0XF8,0XC7,0XF8,0XC7,0XF8,0XC7,0XF8,0XC7,0XF8,0XC7,0XF8,0XC7,0XF8,0XC7,
0X38,0XCE,0X57,0XC6,0X97,0XBE,0X58,0XC7,0XD9,0XCF,0XB9,0XCF,0XF7,0XBE,0X77,0XBE,
0X78,0XC6,0X77,0XBE,0X58,0XCF,0XD8,0XCF,0XF8,0XC7,0XF7,0XC7,0XF8,0XC7,0XF7,0XC7,
0XF7,0XBF,0XF8,0XC7,0XF8,0XC7,0XF8,0XC7,0XF7,0XBF,0XF7,0XC7,0XB8,0XC7,0XD8,0XC6,
0X58,0XC6,0X57,0XC6,0X18,0XC7,0XB9,0XC7,0XF8,0XC7,0XF7,0XBF,0XF7,0XBF,0XF8,0XC7,
0XF8,0XC7,0XF8,0XC7,0XF7,0XC7,0XF7,0XC7,0XF7,0XBF,0XF7,0XBF,0XF8,0XC7,0XD8,0XC7,
0X9A,0XCF,0XB8,0XBE,0X77,0XBE,0X97,0XBE,0X78,0XC7,0XD8,0XC7,0XF8,0XBF,0XF7,0XBF,
0XF7,0XBF,0XF7,0XC7,0XF8,0XC7,0XF8,0XC7,0XF8,0XC7,0XF8,0XC7,0XF7,0XBF,0XF7,0XBF,
0XF8,0XC7,0XB9,0XCF,0X59,0XCF,0X77,0XBE,0X57,0XC6,0X77,0XBE,0XD8,0XC7,0XF8,0XBF,
0XF8,0XC7,0X99,0XC7,0XB7,0XBE,0X58,0XC6,0X58,0XC6,0X38,0XC7,0XD8,0XC7,0XD7,0XC7,
0XF8,0XC7,0XF8,0XC7,0XF8,0XC7,0XF8,0XC7,0XF8,0XC7,0XF8,0XC7,0XF8,0XC7,0XF8,0XC7,
0X38,0XCE,0X38,0XC6,0X77,0XBE,0X59,0XCF,0XB9,0XCF,0XD8,0XCF,0X98,0XC7,0XB7,0XBE,
0X57,0XBE,0X57,0XC6,0XB7,0XC6,0XB9,0XCF,0XF8,0XC7,0XF7,0XC7,0XF8,0XC7,0XF7,0XC7,
0XF7,0XBF,0XF8,0XC7,0XF8,0XC7,0XF8,0XC7,0XF7,0XBF,0XF7,0XC7,0XB8,0XC7,0XD8,0XC6,
0X57,0XC6,0X57,0XC6,0X18,0XC7,0XB8,0XC7,0XF8,0XC7,0XF7,0XBF,0XF7,0XBF,0XF7,0XC7,
0XF8,0XC7,0XF8,0XC7,0XF7,0XC7,0XF7,0XC7,0XF7,0XBF,0XF7,0XBF,0XF7,0XC7,0XD9,0XCF,
0X39,0XCF,0X58,0XBE,0X57,0XBE,0XD7,0XC6,0XB8,0XCF,0XF8,0XC7,0XF8,0XBF,0XF7,0XC7,
0XF7,0XC7,0XF7,0XC7,0XF8,0XC7,0XF8,0XC7,0XF8,0XC7,0XF8,0XBF,0XF7,0XBF,0XF7,0XBF,
0XF8,0XC7,0X99,0XCF,0XB8,0XC6,0X57,0XC6,0X57,0XC6,0X18,0XC7,0XF8,0XC7,0XF8,0XBF,
0XF8,0XC7,0XD9,0XC7,0X38,0XC7,0X57,0XBE,0X59,0XCE,0XB8,0XBE,0XB9,0XC7,0XD8,0XC7,
0XF8,0XC7,0XF8,0XC7,0XF8,0XC7,0XF8,0XC7,0XF8,0XC7,0XF8,0XC7,0XF8,0XC7,0XF8,0XC7,
0X38,0XC6,0X58,0XC6,0X57,0XBE,0X58,0XCF,0XB8,0XCF,0XF8,0XCF,0XD8,0XCF,0X58,0XC7,
0X77,0XBE,0X57,0XBE,0X77,0XC6,0X18,0XC7,0XD8,0XCF,0XF8,0XC7,0XF8,0XC7,0XF7,0XC7,
0XF7,0XBF,0XF8,0XBF,0XF8,0XC7,0XF8,0XC7,0XF7,0XBF,0XF7,0XBF,0XB9,0XCF,0XD8,0XC6,
0X58,0XC6,0X57,0XBE,0X18,0XC7,0XD8,0XC7,0XF8,0XBF,0XF7,0XBF,0XF8,0XBF,0XF8,0XBF,
0XF8,0XC7,0XF8,0XC7,0XF8,0XC7,0XF8,0XC7,0XF7,0XBF,0XF7,0XC7,0XD7,0XBF,0XDA,0XCF,
0XB9,0XC6,0X59,0XC6,0X98,0XBE,0X78,0XCF,0XD8,0XC7,0XF7,0XBF,0XD8,0XBF,0XF8,0XC7,
0XF7,0XC7,0XF7,0XC7,0XF8,0XC7,0XF8,0XC7,0XF8,0XC7,0XF8,0XBF,0XF7,0XBF,0XF7,0XC7,
0XD8,0XC7,0X78,0XCF,0X57,0XBE,0X58,0XC6,0X77,0XC6,0XBA,0XD7,0XF8,0XBF,0XF8,0XC7,
0XF8,0XC7,0XD8,0XC7,0X99,0XCF,0X57,0XB6,0X59,0XCE,0X58,0XBE,0X99,0XCF,0XB8,0XC7,
0XF8,0XC7,0XF8,0XC7,0XF8,0XC7,0XF8,0XC7,0XF8,0XC7,0XF8,0XC7,0XF8,0XC7,0XF8,0XC7,
0X58,0XC6,0X38,0XC6,0X58,0XBE,0X78,0XC7,0XD8,0XC7,0XF8,0XC7,0XD8,0XC7,0XB8,0XC7,
0XF7,0XB6,0X77,0XBE,0X58,0XC6,0X58,0XC6,0X79,0XC7,0XD8,0XCF,0XD7,0XC7,0XF7,0XC7,
0XF8,0XBF,0XF8,0XBF,0XF8,0XC7,0XF8,0XC7,0XF7,0XBF,0XF8,0XBF,0XB9,0XCF,0XB8,0XC6,
0X58,0XC6,0X57,0XBE,0X38,0XC7,0XD8,0XC7,0XF8,0XC7,0XF8,0XC7,0XF8,0XC7,0XF8,0XC7,
0XF8,0XC7,0XF7,0XC7,0XF8,0XC7,0XF8,0XC7,0XF8,0XC7,0XD7,0XC7,0XF7,0XC7,0X79,0XCF,
0X58,0XBE,0X39,0XC6,0XD7,0XBE,0XD8,0XC7,0XF7,0XC7,0XD8,0XC7,0XF8,0XC7,0XF8,0XBF,
0XF8,0XC7,0XF8,0XC7,0XF8,0XC7,0XF8,0XC7,0XF8,0XC7,0XF7,0XC7,0XF7,0XBF,0XF7,0XC7,
0XD8,0XCF,0XF7,0XC6,0X57,0XBE,0X58,0XC6,0XF8,0XC6,0XB9,0XC7,0XF9,0XC7,0XF8,0XBF,
0XF8,0XBF,0XF8,0XC7,0XD9,0XCF,0XF8,0XC6,0X38,0XC6,0X58,0XC6,0XD8,0XC6,0XB9,0XC7,
0XF8,0XBF,0XF7,0XBF,0XF8,0XC7,0XF8,0XC7,0XF8,0XC7,0XF8,0XC7,0XF8,0XC7,0XF8,0XBF,
0X58,0XC6,0X39,0XC6,0X58,0XC6,0X77,0XC7,0XF7,0XC7,0XF8,0XC7,0XD7,0XC7,0XF9,0XC7,
0XB9,0XC7,0XB7,0XBE,0X57,0XC6,0X38,0XC6,0XB7,0XBE,0X99,0XCF,0XD8,0XC7,0XF7,0XBF,
0XF7,0XBF,0XF8,0XBF,0XF8,0XC7,0XF8,0XC7,0XF8,0XBF,0XF8,0XBF,0XB9,0XCF,0XD8,0XC6,
0X58,0XC6,0X57,0XBE,0X38,0XC7,0XD8,0XC7,0XF8,0XC7,0XF8,0XC7,0XF8,0XC7,0XF8,0XC7,
0XF7,0XC7,0XF7,0XBF,0XF7,0XBF,0XF8,0XC7,0XF8,0XC7,0XF8,0XC7,0XD8,0XC7,0XF7,0XC6,
0X58,0XBE,0X58,0XBE,0X38,0XC7,0XF8,0XC7,0XF7,0XC7,0XF8,0XC7,0XF9,0XC7,0XF8,0XBF,
0XF8,0XC7,0XF8,0XC7,0XF8,0XBF,0XF8,0XC7,0XF8,0XC7,0XF7,0XC7,0XF7,0XBF,0XF8,0XC7,
0X98,0XCF,0X97,0XC6,0X58,0XC6,0X58,0XC6,0X59,0XCF,0XF8,0XC7,0XF8,0XBF,0XF8,0XBF,
0XF7,0XBF,0XF7,0XC7,0XD8,0XC7,0X79,0XCF,0X77,0XBE,0X58,0XC6,0X77,0XBE,0X78,0XC7,
0XF8,0XC7,0XF7,0XBF,0XF8,0XC7,0XF8,0XC7,0XF8,0XC7,0XF8,0XC7,0XF8,0XC7,0XF8,0XBF,
0X38,0XC6,0X39,0XC6,0X58,0XC6,0X77,0XC7,0XF7,0XC7,0XF8,0XC7,0XF8,0XC7,0XD8,0XC7,
0XD9,0XCF,0X59,0XC7,0X77,0XBE,0X58,0XC6,0X58,0XBE,0XF8,0XC6,0XD8,0XCF,0XF6,0XBF,
0XF7,0XBF,0XF8,0XBF,0XD8,0XC7,0XF8,0XC7,0XF8,0XC7,0XF8,0XBF,0XB9,0XC7,0XD8,0XC6,
0X38,0XC6,0X57,0XC6,0X38,0XC7,0XD8,0XC7,0XF8,0XC7,0XF8,0XC7,0XF8,0XC7,0XF8,0XC7,
0XF7,0XC7,0XF7,0XBF,0XF7,0XBF,0XF8,0XC7,0XF8,0XC7,0XF8,0XC7,0X98,0XC7,0X77,0XBE,
0X58,0XC6,0X98,0XC6,0X99,0XCF,0XF8,0XC7,0XF7,0XC7,0XF8,0XC7,0XF8,0XC7,0XF8,0XBF,
0XF7,0XC7,0XF7,0XC7,0XF8,0XBF,0XF8,0XBF,0XF8,0XC7,0XF7,0XC7,0XF8,0XC7,0XB8,0XC7,
0X39,0XCF,0X37,0XC6,0X79,0XCE,0X98,0XBE,0XB9,0XCF,0XF8,0XC7,0XF8,0XBF,0XF7,0XBF,
0XF7,0XBF,0XF7,0XBF,0XF7,0XC7,0XD9,0XCF,0XD7,0XC6,0X77,0XC6,0X57,0XBE,0X18,0XC7,
0XD8,0XC7,0XF7,0XC7,0XF7,0XBF,0XF8,0XC7,0XF8,0XC7,0XF8,0XC7,0XF8,0XC7,0XF8,0XBF,
0X38,0XC6,0X39,0XC6,0X38,0XC6,0X77,0XC7,0XF7,0XC7,0XF8,0XC7,0XF8,0XC7,0XF8,0XC7,
0XD8,0XC7,0XB9,0XCF,0XF8,0XC6,0X77,0XBE,0X39,0XC6,0X78,0XC6,0X58,0XC7,0XF8,0XC7,
0XF7,0XBF,0XF8,0XBF,0XD8,0XC7,0XF8,0XC7,0XF7,0XC7,0XF8,0XBF,0XB9,0XC7,0XD8,0XC6,
0X38,0XC6,0X57,0XC6,0X38,0XC7,0XD8,0XC7,0XF8,0XC7,0XF8,0XC7,0XF8,0XC7,0XF7,0XC7,
0XF7,0XC7,0XF7,0XBF,0XF7,0XBF,0XF8,0XC7,0XD7,0XBF,0XD8,0XCF,0X18,0XC7,0X57,0XBE,
0X78,0XC6,0XF8,0XC6,0XD9,0XCF,0XF8,0XC7,0XF8,0XC7,0XF8,0XC7,0XF8,0XC7,0XF8,0XBF,
0XF7,0XC7,0XF7,0XC7,0XF8,0XBF,0XF8,0XBF,0XF8,0XC7,0XF7,0XC7,0XF8,0XC7,0XB9,0XCF,
0XB8,0XC6,0X58,0XC6,0X37,0XC6,0X39,0XC7,0XD8,0XC7,0XF7,0XC7,0XF8,0XBF,0XF8,0XBF,
0XF7,0XBF,0XF7,0XBF,0XF7,0XC7,0XD8,0XC7,0X38,0XC7,0X77,0XBE,0X57,0XC6,0X98,0XC6,
0X79,0XCF,0XF8,0XC7,0XF8,0XC7,0XF8,0XC7,0XF8,0XC7,0XF8,0XC7,0XF8,0XBF,0XF8,0XBF,
0X38,0XC6,0X39,0XC6,0X38,0XC6,0X78,0XC7,0XF8,0XC7,0XF8,0XBF,0XF7,0XBF,0XF8,0XC7,
0XF8,0XBF,0XD8,0XC7,0X99,0XCF,0XB7,0XBE,0X38,0XC6,0X58,0XC6,0X97,0XBE,0XB9,0XCF,
0XF8,0XC7,0XF8,0XBF,0XF7,0XC7,0XF7,0XC7,0XF7,0XC7,0XF8,0XC7,0XB9,0XCF,0XD8,0XC6,
0X38,0XC6,0X57,0XC6,0X38,0XC7,0XD8,0XC7,0XF7,0XC7,0XF8,0XC7,0XF8,0XC7,0XF7,0XC7,
0XF7,0XC7,0XF7,0XBF,0XF7,0XBF,0XF8,0XC7,0XF8,0XC7,0XB9,0XCF,0XB7,0XC6,0X57,0XC6,
0X77,0XC6,0X78,0XC7,0XD9,0XC7,0XF8,0XBF,0XF8,0XC7,0XF7,0XC7,0XF7,0XC7,0XF8,0XC7,
0XF7,0XC7,0XF7,0XBF,0XF8,0XBF,0XF8,0XBF,0XF8,0XBF,0XF7,0XC7,0XD9,0XCF,0X59,0XC7,
0X58,0XBE,0X58,0XC6,0X57,0XBE,0XB9,0XCF,0XF8,0XC7,0XF7,0XC7,0XF8,0XC7,0XF8,0XC7,
0XF8,0XC7,0XF8,0XC7,0XF8,0XC7,0XD8,0XC7,0X99,0XCF,0XB7,0XC6,0X58,0XC6,0X38,0XC6,
0X18,0XC7,0XD8,0XC7,0XF8,0XC7,0XF7,0XC7,0XF8,0XC7,0XF7,0XBF,0XF7,0XBF,0XF7,0XBF,
0X38,0XC6,0X39,0XCE,0X38,0XC6,0X78,0XC7,0XF8,0XC7,0XF8,0XBF,0XF8,0XC7,0XF7,0XBF,
0XF8,0XBF,0XF8,0XC7,0XD8,0XC7,0X58,0XC7,0X78,0XBE,0X58,0XC6,0X58,0XC6,0XF8,0XC6,
0XB9,0XCF,0XF8,0XC7,0XF7,0XBF,0XF7,0XC7,0XF7,0XC7,0XF8,0XC7,0XB9,0XCF,0XD7,0XC6,
0X38,0XC6,0X57,0XC6,0X18,0XC7,0XD8,0XC7,0XF7,0XC7,0XF8,0XC7,0XF8,0XC7,0XF7,0XC7,
0XF7,0XBF,0XF7,0XBF,0XF7,0XC7,0XF8,0XC7,0XF8,0XC7,0X78,0XC7,0X57,0XC6,0X37,0XC6,
0XB7,0XC6,0XD8,0XCF,0XF8,0XC7,0XF8,0XBF,0XF8,0XC7,0XF7,0XBF,0XF7,0XC7,0XF8,0XC7,
0XF8,0XC7,0XF8,0XBF,0XF8,0XBF,0XF8,0XBF,0XF8,0XC7,0XF8,0XC7,0XB9,0XCF,0XB7,0XBE,
0X58,0XC6,0X57,0XBE,0X18,0XC7,0XF8,0XC7,0XF7,0XC7,0XF7,0XC7,0XF8,0XC7,0XF8,0XC7,
0XF8,0XC7,0XF8,0XC7,0XF8,0XBF,0XF8,0XC7,0XB9,0XCF,0X18,0XC7,0X58,0XC6,0X39,0XCE,
0XB8,0XC6,0X98,0XC7,0XD9,0XCF,0XD8,0XC7,0XF7,0XBF,0XF7,0XBF,0XF7,0XBF,0XF7,0XBF,
0X38,0XCE,0X39,0XCE,0X38,0XC6,0X78,0XC7,0XF8,0XC7,0XF8,0XBF,0XF8,0XC7,0XF7,0XBF,
0XF8,0XBF,0XF8,0XC7,0XF8,0XC7,0XD9,0XCF,0X18,0XBF,0X77,0XBE,0X38,0XC6,0X58,0XC6,
0X39,0XCF,0XD8,0XC7,0XF7,0XBF,0XF6,0XBF,0XF7,0XBF,0XF8,0XC7,0X99,0XCF,0XB8,0XC6,
0X38,0XC6,0X58,0XC6,0X18,0XC7,0XD8,0XC7,0XF7,0XC7,0XF8,0XC7,0XF8,0XC7,0XF8,0XC7,
0XF7,0XBF,0XF7,0XC7,0XF8,0XC7,0XD8,0XC7,0XD9,0XC7,0XF7,0XBE,0X58,0XC6,0X57,0XC6,
0X38,0XCF,0XF8,0XC7,0XF8,0XC7,0XF8,0XC7,0XF8,0XC7,0XF7,0XBF,0XF7,0XBF,0XF7,0XC7,
0XF8,0XC7,0XF8,0XC7,0XF8,0XC7,0XF7,0XBF,0XF8,0XC7,0XD8,0XBF,0X79,0XCF,0X56,0XBE,
0X78,0XC6,0X97,0XBE,0XD9,0XCF,0XF7,0XC7,0XF7,0XBF,0XF7,0XBF,0XF7,0XC7,0XF8,0XC7,
0XF8,0XBF,0XF8,0XBF,0XF7,0XBF,0XF8,0XBF,0XD8,0XC7,0X78,0XC7,0X98,0XBE,0X38,0XC6,
0X77,0XC6,0X58,0XC7,0XB9,0XCF,0XD8,0XC7,0XF7,0XBF,0XF7,0XBF,0XF7,0XBF,0XF7,0XBF,
0X38,0XCE,0X39,0XCE,0X38,0XC6,0X78,0XC7,0XF8,0XC7,0XF8,0XBF,0XF8,0XC7,0XF7,0XBF,
0XF8,0XBF,0XF7,0XBF,0XF8,0XC7,0XF8,0XC7,0XD8,0XCF,0XB7,0XBE,0X38,0XC6,0XF8,0XC5,
0X99,0XC6,0X99,0XCF,0XF7,0XC7,0XF6,0XBF,0XF6,0XBF,0XF8,0XC7,0X99,0XCF,0XB8,0XC6,
0X38,0XC6,0X58,0XC6,0X18,0XC7,0XD8,0XC7,0XF7,0XC7,0XF8,0XC7,0XF8,0XC7,0XF7,0XC7,
0XF7,0XC7,0XF7,0XC7,0XF8,0XC7,0XD8,0XC7,0X99,0XCF,0X76,0XB6,0X58,0XC6,0X97,0XC6,
0XB9,0XD7,0XF7,0XC7,0XF8,0XBF,0XF8,0XC7,0XF8,0XC7,0XF7,0XBF,0XF7,0XBF,0XF8,0XC7,
0XF8,0XC7,0XF8,0XC7,0XF8,0XC7,0XF7,0XC7,0XF7,0XBF,0XD8,0XC7,0XD7,0XC6,0X57,0XC6,
0X57,0XC6,0XF8,0XBE,0XF9,0XCF,0XF7,0XC7,0XF7,0XC7,0XF8,0XC7,0XF8,0XC7,0XF8,0XC7,
0XF8,0XC7,0XF8,0XBF,0XF8,0XC7,0XF7,0XBF,0XF8,0XC7,0XD9,0XC7,0XF7,0XBE,0X57,0XC6,
0X78,0XC6,0XB7,0XBE,0XBA,0XCF,0XD8,0XCF,0XF8,0XC7,0XF7,0XBF,0XF7,0XBF,0XF7,0XBF,
0X38,0XCE,0X38,0XCE,0X58,0XC6,0X78,0XC7,0XF8,0XC7,0XF8,0XBF,0XF8,0XC7,0XF7,0XC7,
0XF7,0XBF,0XF7,0XBF,0XF8,0XC7,0XF8,0XC7,0XD8,0XC7,0X58,0XC7,0X77,0XC6,0X38,0XC6,
0X58,0XBE,0XF8,0XC6,0XB8,0XCF,0XF7,0XC7,0XF7,0XBF,0XF8,0XC7,0X99,0XCF,0XB8,0XC6,
0X38,0XC6,0X58,0XC6,0X38,0XC7,0XD8,0XC7,0XF7,0XC7,0XF8,0XC7,0XF8,0XC7,0XF8,0XC7,
0XF8,0XC7,0XF7,0XC7,0XF8,0XC7,0XD9,0XCF,0XF8,0XC6,0X57,0XBE,0X77,0XC6,0X18,0XCF,
0XD9,0XCF,0XF7,0XBF,0XF8,0XBF,0XF8,0XC7,0XF8,0XC7,0XF7,0XC7,0XF7,0XBF,0XF8,0XC7,
0XF8,0XC7,0XF8,0XC7,0XF7,0XC7,0XF7,0XC7,0XD8,0XBF,0X99,0XC7,0X77,0XC6,0X58,0XCE,
0X77,0XC6,0X59,0XCF,0XD9,0XCF,0XB9,0XCF,0XD8,0XC7,0XF8,0XC7,0XD8,0XC7,0XF8,0XC7,
0XF8,0XC7,0XF8,0XC7,0XD8,0XC7,0XB8,0XC7,0XF8,0XC7,0XD9,0XCF,0X59,0XC7,0X57,0XBE,
0X58,0XC6,0X77,0XBE,0X59,0XCF,0XD9,0XCF,0XF8,0XC7,0XF7,0XBF,0XF7,0XBF,0XF7,0XBF,
0X38,0XCE,0X38,0XCE,0X58,0XBE,0X78,0XC7,0XF8,0XC7,0XF8,0XC7,0XF8,0XC7,0XF8,0XC7,
0XF7,0XBF,0XF7,0XC7,0XF8,0XC7,0XF8,0XC7,0XF8,0XC7,0XB8,0XCF,0X17,0XC7,0X77,0XBE,
0X58,0XBE,0X78,0XBE,0X19,0XCF,0XD8,0XCF,0XF7,0XBF,0XF7,0XBF,0XB9,0XCF,0XB8,0XC6,
0X38,0XC6,0X58,0XC6,0X38,0XC7,0XD8,0XC7,0XF8,0XC7,0XF8,0XC7,0XF8,0XC7,0XF8,0XC7,
0XF8,0XC7,0XD7,0XBF,0XF8,0XC7,0X99,0XC7,0X77,0XBE,0X78,0XC6,0X97,0XBE,0X99,0XCF,
0XD8,0XC7,0XF8,0XBF,0XF8,0XBF,0XF8,0XC7,0XF7,0XC7,0XF7,0XC7,0XF7,0XBF,0XF8,0XC7,
0XF8,0XC7,0XF8,0XC7,0XF7,0XC7,0XF7,0XBF,0XF8,0XC7,0X19,0XC7,0X58,0XC6,0X18,0XCE,
0X78,0XC6,0X19,0XC7,0X38,0XC7,0X39,0XCF,0X39,0XC7,0X39,0XC7,0X38,0XC7,0X57,0XC7,
0X58,0XC7,0X38,0XC7,0X38,0XC7,0X59,0XCF,0X58,0XC7,0X58,0XC7,0X39,0XCF,0X58,0XC6,
0X38,0XC6,0X78,0XC6,0XD8,0XC6,0XB9,0XCF,0XD8,0XC7,0XF7,0XBF,0XF7,0XBF,0XF7,0XBF,
0X37,0XCE,0X38,0XCE,0X58,0XBE,0X78,0XC7,0XF8,0XC7,0XF8,0XC7,0XF8,0XC7,0XF8,0XC7,
0XF8,0XC7,0XF7,0XC7,0XF8,0XC7,0XF8,0XC7,0XF8,0XC7,0XD8,0XC7,0XB8,0XCF,0XB6,0XB6,
0X78,0XC6,0X39,0XC6,0X78,0XC6,0X58,0XCF,0XF7,0XC7,0XF7,0XBF,0XB8,0XC7,0XB8,0XC6,
0X38,0XC6,0X58,0XC6,0X38,0XC7,0XD8,0XC7,0XF8,0XC7,0XF8,0XC7,0XF8,0XC7,0XF8,0XC7,
0XF8,0XC7,0XD7,0XBF,0XD9,0XC7,0X38,0XBF,0X58,0XBE,0X58,0XC6,0XF8,0XC6,0XF9,0XCF,
0XF8,0XBF,0XF8,0XBF,0XF8,0XBF,0XF7,0XC7,0XF7,0XC7,0XF7,0XC7,0XF7,0XBF,0XF8,0XBF,
0XF9,0XC7,0XF8,0XC7,0XF7,0XBF,0XF7,0XBF,0XB8,0XC7,0X98,0XC6,0X39,0XCE,0X18,0XCE,
0X57,0XC6,0X97,0XBE,0X77,0XBE,0X38,0XBE,0X59,0XC6,0X58,0XBE,0X57,0XC6,0X77,0XBE,
0X77,0XBE,0X58,0XC6,0X58,0XC6,0X58,0XC6,0X57,0XBE,0X77,0XBE,0X78,0XC6,0X39,0XCE,
0X39,0XCE,0X38,0XC6,0X97,0XBE,0X78,0XC7,0XF8,0XC7,0XF7,0XBF,0XF7,0XBF,0XF7,0XBF,
0X38,0XC6,0X38,0XC6,0X58,0XBE,0X78,0XC7,0XF8,0XC7,0XF8,0XC7,0XF8,0XC7,0XF8,0XC7,
0XF7,0XC7,0XF7,0XC7,0XF8,0XC7,0XF8,0XC7,0XF8,0XC7,0XF7,0XC7,0XF8,0XC7,0X78,0XC7,
0X97,0XBE,0X39,0XC6,0X18,0XC6,0XF8,0XC6,0XB8,0XC7,0XF8,0XC7,0XB8,0XC7,0XD8,0XC6,
0X58,0XC6,0X57,0XC6,0X18,0XC7,0XD8,0XC7,0XF8,0XC7,0XF8,0XBF,0XF8,0XC7,0XF7,0XBF,
0XF8,0XC7,0XD8,0XC7,0XB9,0XCF,0XD7,0XBE,0X78,0XC6,0X57,0XBE,0X58,0XCF,0XD8,0XC7,
0XF8,0XBF,0XF8,0XBF,0XF8,0XBF,0XF8,0XC7,0XF7,0XC7,0XF7,0XC7,0XF8,0XC7,0XF8,0XBF,
0XF8,0XC7,0XF8,0XC7,0XF7,0XBF,0XF7,0XC7,0X58,0XC7,0X58,0XC6,0X19,0XC6,0X59,0XC6,
0X77,0XBE,0X96,0XB6,0X97,0XBE,0X58,0XBE,0X59,0XC6,0X58,0XC6,0X58,0XC6,0X57,0XC6,
0X57,0XBE,0X58,0XC6,0X58,0XC6,0X38,0XC6,0X58,0XBE,0X78,0XBE,0X37,0XBE,0X58,0XCE,
0X38,0XCE,0X38,0XC6,0X58,0XC6,0X18,0XCF,0XD9,0XCF,0XF7,0XBF,0XF7,0XBF,0XF7,0XBF,
0X58,0XC6,0X38,0XC6,0X58,0XBE,0X78,0XC7,0XF8,0XC7,0XF8,0XC7,0XF8,0XC7,0XF8,0XC7,
0XF7,0XBF,0XF7,0XC7,0XF8,0XC7,0XF8,0XC7,0XF7,0XBF,0XF7,0XBF,0XF7,0XC7,0XD9,0XCF,
0X18,0XC7,0X58,0XC6,0X58,0XC6,0X78,0XBE,0X18,0XC7,0XBA,0XCF,0X99,0XCF,0XD8,0XBE,
0X58,0XBE,0X57,0XBE,0X18,0XCF,0XB8,0XCF,0XF8,0XC7,0XF8,0XBF,0XF8,0XC7,0XF7,0XBF,
0XF7,0XBF,0XF8,0XC7,0X79,0XC7,0X77,0XBE,0X77,0XC6,0XB7,0XBE,0XB9,0XCF,0XD8,0XC7,
0XF8,0XC7,0XF7,0XBF,0XF8,0XBF,0XF8,0XBF,0XF8,0XC7,0XF8,0XC7,0XF8,0XC7,0XF7,0XC7,
0XF8,0XC7,0XF8,0XC7,0XF7,0XBF,0XD8,0XCF,0XB7,0XC6,0X39,0XCE,0X39,0XC6,0X99,0XC6,
0XF7,0XBE,0X16,0XBF,0X17,0XBF,0XF8,0XBE,0XF9,0XC6,0XF8,0XC6,0XF8,0XC6,0XF8,0XC6,
0XF8,0XC6,0XF8,0XC6,0XF8,0XC6,0XF8,0XC6,0XF8,0XC6,0XF8,0XC6,0XF8,0XC6,0XF8,0XC6,
0XB8,0XC6,0X57,0XC6,0X38,0XCE,0X98,0XCE,0X99,0XCF,0XF7,0XBF,0XF6,0XBF,0XF6,0XBF,
0X38,0XC6,0X38,0XC6,0X58,0XBE,0X78,0XC7,0XF8,0XC7,0XF8,0XC7,0XF8,0XC7,0XF7,0XC7,
0XF7,0XBF,0XF7,0XC7,0XF8,0XC7,0XF8,0XC7,0XF8,0XC7,0XF7,0XBF,0XF7,0XBF,0XF8,0XC7,
0XB9,0XCF,0XB8,0XBE,0X78,0XC6,0X58,0XBE,0X77,0XBE,0X7A,0XD7,0X9A,0XD7,0XD8,0XBE,
0X58,0XBE,0X57,0XBE,0X18,0XCF,0XB8,0XCF,0XF8,0XC7,0XF8,0XBF,0XD7,0XBF,0XF8,0XC7,
0XF7,0XC7,0XF9,0XC7,0XF8,0XC6,0X57,0XBE,0X77,0XBE,0X38,0XC7,0XD9,0XCF,0XF8,0XC7,
0XF7,0XBF,0XF7,0XBF,0XF8,0XBF,0XF8,0XC7,0XF8,0XC7,0XF8,0XC7,0XF8,0XC7,0XF7,0XC7,
0XF8,0XC7,0XF7,0XBF,0XF8,0XC7,0X78,0XC7,0X57,0XBE,0X38,0XC6,0X58,0XBE,0X5A,0XCF,
0XD9,0XCF,0XB8,0XCF,0XD9,0XCF,0XBA,0XCF,0XD9,0XC7,0XF8,0XC7,0XF8,0XC7,0XF8,0XC7,
0XF8,0XC7,0XF8,0XC7,0XF8,0XC7,0XF8,0XC7,0XF8,0XC7,0XF8,0XC7,0XF8,0XC7,0XD8,0XC7,
0X78,0XC7,0X77,0XBE,0X38,0XC6,0X38,0XC6,0X5A,0XCF,0XD8,0XBF,0XF7,0XBF,0XF6,0XBF,
0X38,0XC6,0X38,0XC6,0X58,0XBE,0X78,0XC7,0XF8,0XC7,0XF8,0XC7,0XF8,0XC7,0XF8,0XC7,
0XF7,0XBF,0XF7,0XBF,0XF8,0XC7,0XF8,0XC7,0XF8,0XC7,0XF8,0XC7,0XF8,0XC7,0XD7,0XBF,
0XD8,0XCF,0X78,0XCF,0X77,0XBE,0X78,0XC6,0X58,0XC6,0X78,0XC6,0X7A,0XD7,0XD8,0XC6,
0X58,0XBE,0X57,0XBE,0X18,0XC7,0XB8,0XC7,0XF8,0XC7,0XF8,0XBF,0XF8,0XC7,0XF7,0XC7,
0XD8,0XC7,0XB9,0XCF,0X97,0XBE,0X58,0XC6,0X97,0XBE,0X99,0XCF,0XD8,0XCF,0XF8,0XC7,
0XF7,0XBF,0XF7,0XBF,0XF7,0XBF,0XF8,0XC7,0XF8,0XC7,0XF8,0XC7,0XF8,0XC7,0XF7,0XBF,
0XF7,0XBF,0XF8,0XC7,0XB8,0XC7,0XD7,0XBE,0X78,0XC6,0X58,0XC6,0XB8,0XBE,0XB9,0XCF,
0XD8,0XCF,0XD7,0XC7,0XD8,0XCF,0XD9,0XC7,0XF8,0XC7,0XF7,0XC7,0XF7,0XC7,0XF7,0XC7,
0XF7,0XC7,0XF7,0XC7,0XF7,0XC7,0XF7,0XC7,0XF7,0XC7,0XF7,0XC7,0XF7,0XC7,0XF7,0XC7,
0XD8,0XC7,0XD7,0XBE,0X58,0XC6,0X38,0XC6,0XB8,0XC6,0XD9,0XC7,0XF7,0XBF,0XF7,0XBF,
0X38,0XCE,0X39,0XCE,0X38,0XC6,0X78,0XC7,0XF8,0XC7,0XF8,0XC7,0XF8,0XC7,0XF8,0XC7,
0XF7,0XBF,0XF7,0XBF,0XF8,0XC7,0XF8,0XC7,0XF8,0XC7,0XF8,0XC7,0XF8,0XC7,0XF7,0XBF,
0XF8,0XC7,0XD8,0XCF,0X38,0XC7,0X57,0XBE,0X38,0XC6,0X58,0XC6,0XD9,0XCE,0XB8,0XC6,
0X58,0XC6,0X57,0XBE,0X18,0XC7,0XD8,0XC7,0XF7,0XBF,0XF7,0XBF,0XF8,0XC7,0XD7,0XC7,
0XD9,0XCF,0X17,0XC7,0X77,0XBE,0X58,0XC6,0X18,0XC7,0XD9,0XCF,0XD8,0XC7,0XF8,0XC7,
0XF7,0XBF,0XF7,0XBF,0XF7,0XC7,0XF8,0XC7,0XF8,0XC7,0XF8,0XC7,0XF8,0XC7,0XF7,0XBF,
0XF7,0XBF,0XF8,0XC7,0X58,0XC7,0X77,0XBE,0X58,0XC6,0X78,0XBE,0X59,0XC7,0XF9,0XCF,
0XF7,0XC7,0XF7,0XC7,0XF8,0XC7,0XF8,0XBF,0XF8,0XC7,0XF8,0XC7,0XF8,0XC7,0XF8,0XC7,
0XF8,0XC7,0XF8,0XC7,0XF8,0XC7,0XF8,0XC7,0XF8,0XC7,0XF8,0XC7,0XF8,0XC7,0XF8,0XC7,
0XF8,0XC7,0X58,0XC7,0X57,0XBE,0X58,0XC6,0X58,0XBE,0X79,0XCF,0XF8,0XC7,0XF7,0XC7,
0X38,0XCE,0X38,0XCE,0X38,0XC6,0X78,0XC7,0XF8,0XC7,0XF8,0XBF,0XF8,0XC7,0XF8,0XC7,
0XF7,0XBF,0XF7,0XBF,0XF8,0XC7,0XF8,0XC7,0XF8,0XC7,0XF8,0XC7,0XF8,0XC7,0XF8,0XC7,
0XF7,0XC7,0XF7,0XC7,0XD8,0XCF,0XD7,0XBE,0X38,0XC6,0X59,0XCE,0X58,0XC6,0X58,0XC6,
0X38,0XC6,0X58,0XC6,0X18,0XC7,0XB8,0XC7,0XF7,0XC7,0XF7,0XBF,0XF8,0XC7,0XB8,0XC7,
0X99,0XCF,0X96,0XBE,0X77,0XBE,0X78,0XC6,0X79,0XCF,0XF9,0XC7,0XF8,0XC7,0XF7,0XC7,
0XF7,0XBF,0XF7,0XC7,0XF7,0XC7,0XF8,0XC7,0XF8,0XC7,0XF8,0XC7,0XF8,0XBF,0XF7,0XBF,
0XF7,0XBF,0XD8,0XC7,0XF8,0XC6,0X58,0XC6,0X38,0XC6,0XB8,0XBE,0X98,0XC7,0XF7,0XC7,
0XF7,0XC7,0XF7,0XC7,0XF7,0XC7,0XF7,0XBF,0XF8,0XBF,0XF8,0XC7,0XF8,0XC7,0XF8,0XC7,
0XF8,0XC7,0XF8,0XC7,0XF8,0XC7,0XF8,0XC7,0XF8,0XC7,0XF8,0XC7,0XF8,0XC7,0XF8,0XC7,
0XD8,0XC7,0XD9,0XCF,0X98,0XBE,0X58,0XC6,0X38,0XC6,0XD8,0XC6,0XB9,0XCF,0XF8,0XC7,
0X38,0XCE,0X38,0XCE,0X58,0XC6,0X78,0XC7,0XF8,0XC7,0XF8,0XBF,0XF8,0XC7,0XF8,0XC7,
0XF7,0XBF,0XF7,0XBF,0XF8,0XC7,0XF7,0XC7,0XF7,0XBF,0XF8,0XC7,0XD8,0XC7,0XF8,0XC7,
0XF7,0XC7,0XF7,0XBF,0XF7,0XC7,0X78,0XCF,0X98,0XC6,0X38,0XC6,0X59,0XCE,0X38,0XC6,
0X39,0XCE,0X58,0XC6,0X18,0XCF,0XB8,0XCF,0XF7,0XC7,0XF7,0XC7,0XF8,0XC7,0XB9,0XCF,
0X38,0XC7,0X97,0XBE,0X77,0XBE,0XD8,0XC6,0XB9,0XCF,0XF8,0XC7,0XF8,0XC7,0XF7,0XBF,
0XF7,0XBF,0XF7,0XC7,0XF7,0XC7,0XF8,0XC7,0XF8,0XC7,0XF8,0XC7,0XF8,0XBF,0XF7,0XBF,
0XF7,0XBF,0XD9,0XCF,0X98,0XC6,0X39,0XCE,0X38,0XC6,0XF8,0XC6,0XD8,0XC7,0XF7,0XBF,
0XF7,0XC7,0XF7,0XC7,0XF7,0XBF,0XF7,0XBF,0XF8,0XBF,0XF8,0XC7,0XF8,0XC7,0XF8,0XC7,
0XF8,0XC7,0XF8,0XC7,0XF8,0XC7,0XF8,0XC7,0XF8,0XC7,0XF8,0XC7,0XF8,0XC7,0XF8,0XC7,
0XF7,0XBF,0XF8,0XCF,0X19,0XC7,0X58,0XC6,0X38,0XC6,0X98,0XC6,0X59,0XCF,0XD9,0XCF,
0X37,0XC6,0X38,0XC6,0X57,0XBE,0X78,0XC7,0XF8,0XC7,0XF8,0XC7,0XF8,0XC7,0XF8,0XC7,
0XF7,0XBF,0XF7,0XBF,0XF8,0XC7,0XF7,0XC7,0XF7,0XBF,0XF7,0XBF,0XF8,0XC7,0XD8,0XC7,
0XF8,0XC7,0XF7,0XBF,0XF7,0XBF,0XD8,0XC7,0X18,0XC7,0X57,0XBE,0X18,0XC6,0X18,0XC6,
0X38,0XCE,0X57,0XC6,0X18,0XC7,0XB8,0XCF,0XF7,0XC7,0XF7,0XC7,0XD8,0XC7,0X99,0XCF,
0XF8,0XBE,0X77,0XBE,0X97,0XBE,0X59,0XCF,0XD9,0XC7,0XF8,0XBF,0XF7,0XBF,0XF7,0XBF,
0XF7,0XBF,0XF7,0XC7,0XF8,0XC7,0XF8,0XC7,0XF8,0XC7,0XF8,0XC7,0XF8,0XC7,0XF7,0XBF,
0XD8,0XC7,0X58,0XC7,0X57,0XC6,0X39,0XCE,0X58,0XC6,0X79,0XCF,0XF8,0XC7,0XF7,0XBF,
0XF7,0XC7,0XF7,0XC7,0XF7,0XC7,0XF7,0XBF,0XF7,0XBF,0XF7,0XBF,0XF7,0XBF,0XF7,0XBF,
0XF7,0XBF,0XF7,0XBF,0XF7,0XBF,0XF7,0XBF,0XF7,0XBF,0XF7,0XBF,0XF7,0XBF,0XF7,0XBF,
0XF7,0XBF,0XF8,0XC7,0X79,0XCF,0X77,0XBE,0X38,0XC6,0X57,0XBE,0XF8,0XC6,0XB9,0XCF,
0X77,0XC6,0X78,0XC6,0X77,0XBE,0X77,0XBF,0XF7,0XBF,0XF7,0XBF,0XF8,0XC7,0XF8,0XC7,
0XF7,0XBF,0XF7,0XBF,0XF8,0XC7,0XF7,0XBF,0XF7,0XBF,0XF7,0XBF,0XF8,0XC7,0XD9,0XC7,
0XF8,0XC7,0XF7,0XC7,0XF7,0XBF,0XF7,0XC7,0XB8,0XCF,0XF8,0XC6,0X37,0XBE,0X59,0XCE,
0X58,0XCE,0X77,0XC6,0X38,0XC7,0XD8,0XC7,0XF7,0XC7,0XF7,0XBF,0XF8,0XC7,0X79,0XC7,
0X97,0XBE,0X77,0XB6,0XD7,0XBE,0XB9,0XCF,0XF8,0XC7,0XF7,0XBF,0XF7,0XBF,0XF7,0XC7,
0XF8,0XC7,0XF8,0XC7,0XF8,0XC7,0XF8,0XC7,0XF8,0XC7,0XF8,0XC7,0XF8,0XC7,0XF8,0XC7,
0XD9,0XC7,0XB7,0XB6,0X58,0XC6,0X38,0XC6,0XB8,0XC6,0XB9,0XCF,0XF8,0XC7,0XF7,0XBF,
0XF7,0XC7,0XF8,0XC7,0XF8,0XC7,0XF8,0XBF,0XF8,0XC7,0XF8,0XC7,0XF8,0XC7,0XF8,0XC7,
0XF8,0XC7,0XF8,0XC7,0XF8,0XC7,0XF8,0XC7,0XF8,0XC7,0XF8,0XC7,0XF8,0XC7,0XF8,0XC7,
0XF7,0XC7,0XD7,0XBF,0XD9,0XCF,0XF8,0XC6,0X78,0XC6,0X77,0XC6,0XD7,0XBE,0X79,0XC7,
0X77,0XBE,0X77,0XBE,0X97,0XBE,0X77,0XBF,0XF7,0XC7,0XF8,0XC7,0XF8,0XC7,0XF8,0XC7,
0XF7,0XC7,0XF8,0XC7,0XF8,0XC7,0XF8,0XBF,0XF7,0XBF,0XF7,0XBF,0XF8,0XC7,0XF8,0XC7,
0XF8,0XC7,0XF8,0XC7,0XF7,0XC7,0XF7,0XBF,0XF8,0XC7,0X78,0XC7,0XB7,0XBE,0X78,0XBE,
0X57,0XBE,0X97,0XBE,0X38,0XC7,0XD8,0XC7,0XF7,0XC7,0XF7,0XC7,0XD8,0XC7,0X38,0XBF,
0X97,0XBE,0X57,0XBE,0X18,0XC7,0XD8,0XC7,0XF7,0XC7,0XF7,0XBF,0XF7,0XC7,0XF8,0XC7,
0XF8,0XC7,0XF8,0XC7,0XF8,0XC7,0XF8,0XC7,0XF7,0XC7,0XF7,0XC7,0XF7,0XC7,0XF8,0XC7,
0X98,0XBF,0X96,0XB6,0X97,0XC6,0X77,0XBE,0X59,0XCF,0XF9,0XC7,0XF8,0XBF,0XF7,0XC7,
0XF8,0XC7,0XF8,0XC7,0XF8,0XC7,0XF8,0XBF,0XF8,0XBF,0XF8,0XC7,0XF8,0XC7,0XF8,0XC7,
0XF8,0XC7,0XF8,0XC7,0XF8,0XC7,0XF8,0XC7,0XF8,0XC7,0XF8,0XC7,0XF8,0XC7,0XF8,0XC7,
0XF7,0XC7,0XF7,0XC7,0XD9,0XC7,0X58,0XC7,0XB7,0XBE,0X77,0XBE,0XB7,0XBE,0X38,0XC7,
0X7A,0XD7,0X5A,0XD7,0X5A,0XCF,0XD8,0XC7,0XF7,0XC7,0XF7,0XC7,0XD8,0XC7,0XF8,0XC7,
0XF7,0XC7,0XF8,0XC7,0XF8,0XC7,0XF8,0XBF,0XF7,0XC7,0XF7,0XC7,0XF7,0XBF,0XF8,0XC7,
0XF8,0XC7,0XF8,0XC7,0XD7,0XBF,0XF7,0XBF,0XF8,0XC7,0XD8,0XCF,0X99,0XCF,0X5A,0XD7,
0X7B,0XDF,0X7A,0XCF,0XB9,0XCF,0XF8,0XC7,0XF7,0XC7,0XF7,0XC7,0XF8,0XC7,0X59,0XC7,
0XF9,0XCE,0XB8,0XC6,0X99,0XD7,0XF8,0XC7,0XF7,0XC7,0XF7,0XBF,0XF8,0XC7,0XF8,0XC7,
0XF8,0XC7,0XF8,0XC7,0XF8,0XBF,0XF8,0XBF,0XF7,0XBF,0XF7,0XC7,0XF7,0XC7,0XF8,0XC7,
0XB9,0XCF,0X7A,0XCF,0X5A,0XD7,0X59,0XCF,0XD9,0XD7,0XD8,0XBF,0XF8,0XBF,0XF8,0XC7,
0XF8,0XC7,0XF8,0XC7,0XF8,0XC7,0XF8,0XBF,0XF7,0XBF,0XF7,0XBF,0XF7,0XBF,0XF7,0XBF,
0XF7,0XBF,0XF7,0XBF,0XF7,0XBF,0XF7,0XBF,0XF7,0XBF,0XF7,0XBF,0XF7,0XBF,0XF7,0XBF,
0XF7,0XBF,0XF7,0XC7,0XF8,0XC7,0XD9,0XCF,0X79,0XCF,0X59,0XD7,0X59,0XCF,0X9A,0XCF,
};



const img_t icon99 =
{
    .width = 80,
    .height = 34,
    .data = gImage_icon99,
};

#elif(ENABLE_LVGL_USE == 1)

const LV_ATTRIBUTE_MEM_ALIGN LV_ATTRIBUTE_LARGE_CONST  uint8_t icon99_map[] = {
#if LV_COLOR_DEPTH == 1 || LV_COLOR_DEPTH == 8
  /*Pixel format: Red: 3 bit, Green: 3 bit, Blue: 2 bit*/
  0xff, 0xff, 0xff, 0xff, 0xdf, 0xdf, 0xdf, 0xdf, 0xdf, 0xdf, 0xdf, 0xdf, 0xdf, 0xdf, 0xdf, 0xdf, 0xdf, 0xdf, 0xdf, 0xdf, 0xdf, 0xdf, 0xdf, 0xdf, 0xdf, 0xdf, 0xdf, 0xdf, 0xdf, 0xdf, 0xff, 0xff, 0xff, 0xff, 0xdf, 0xff, 0xdf, 0xdf, 0xdf, 0xdf, 0xdf, 0xdf, 0xdf, 0xdf, 0xdf, 0xdf, 0xdf, 0xdf, 0xdf, 0xdf, 0xdf, 0xdf, 0xdf, 0xdf, 0xdf, 0xdf, 0xdf, 0xdf, 0xff, 0xdf, 0xdf, 0xdf, 0xff, 0xdf, 0xdf, 0xdf, 0xdf, 0xdf, 0xdf, 0xdf, 0xdf, 0xdf, 0xdf, 0xdf, 0xdf, 0xdf, 0xdf, 0xdf, 0xdf, 0xdf, 0xdf, 0xdf, 0xdf, 0xff, 0xff, 0xff, 0xdf, 0xdf, 0xdf, 0xdf, 0xdf, 0xdf, 0xdf, 0xdf, 0xdf, 0xdf, 0xdf, 0xdf, 0xdf, 0xdf, 0xdf, 0xdf, 0xdf, 0xdf, 0xdf, 0xdf, 
  0xdf, 0xdf, 0xdf, 0xdf, 0xdf, 0xdf, 0xdf, 0xdf, 0xdf, 0xdf, 0xdf, 0xdf, 0xdf, 0xdf, 0xdf, 0xdf, 0xdf, 0xdf, 0xdf, 0xdf, 0xdf, 0xdf, 0xdf, 0xdf, 0xdf, 0xdf, 0xdf, 0xdf, 0xdf, 0xdf, 0xdf, 0xdf, 0xdf, 0xdf, 0xdf, 0xdf, 0xdf, 0xdf, 0xdf, 0xdf, 0xdf, 0xdf, 0xdf, 0xdf, 0xdf, 0xdf, 0xdf, 0xdf, 0xdf, 0xdf, 0xdf, 0xdf, 0xdf, 0xdf, 0xdf, 0xdf, 0xdf, 0xdf, 0xff, 0xdf, 0xdb, 0xdb, 0xdf, 0xdf, 0xdf, 0xdf, 0xdf, 0xdf, 0xdf, 0xdf, 0xdf, 0xdf, 0xdf, 0xdf, 0xdf, 0xdf, 0xdf, 0xdf, 0xdf, 0xdf, 0xdf, 0xdf, 0xdf, 0xdf, 0xdb, 0xdf, 0xdf, 0xdf, 0xdf, 0xdf, 0xdf, 0xdf, 0xdf, 0xdf, 0xdf, 0xdf, 0xdf, 0xdf, 0xdf, 0xdf, 0xdf, 0xdf, 0xdf, 0xdf, 0xdf, 0xdf, 
  0xdb, 0xdb, 0xdb, 0xdb, 0xdb, 0xdf, 0xdf, 0xdf, 0xdf, 0xdf, 0xdf, 0xdf, 0xdf, 0xdf, 0xdf, 0xdf, 0xdf, 0xdf, 0xdf, 0xdf, 0xdf, 0xdf, 0xdf, 0xdf, 0xdf, 0xdf, 0xdf, 0xdf, 0xdf, 0xdf, 0xdf, 0xdb, 0xdb, 0xdb, 0xdf, 0xdf, 0xdf, 0xdf, 0xdf, 0xdf, 0xdf, 0xdf, 0xdf, 0xdf, 0xdf, 0xdf, 0xdf, 0xdf, 0xdf, 0xdf, 0xdf, 0xdf, 0xdf, 0xdf, 0xdf, 0xdf, 0xdf, 0xdf, 0xdf, 0xdb, 0xdb, 0xdb, 0xdf, 0xdf, 0xdf, 0xdf, 0xdf, 0xdf, 0xdf, 0xdf, 0xdf, 0xdf, 0xdf, 0xdf, 0xdf, 0xdf, 0xdf, 0xdf, 0xdf, 0xdf, 0xdf, 0xdf, 0xdf, 0xdb, 0xdb, 0xdb, 0xdf, 0xdf, 0xdf, 0xdf, 0xdf, 0xdf, 0xdf, 0xdf, 0xdf, 0xdf, 0xdf, 0xdf, 0xdf, 0xdf, 0xdf, 0xdf, 0xdf, 0xdf, 0xdf, 0xdf, 
  0xdb, 0xdb, 0xdb, 0xdb, 0xdb, 0xdb, 0xdf, 0xdf, 0xdf, 0xdf, 0xdf, 0xdf, 0xdf, 0xdf, 0xdf, 0xdf, 0xdf, 0xdf, 0xdf, 0xdf, 0xdf, 0xdf, 0xdf, 0xdf, 0xdf, 0xdf, 0xdf, 0xdf, 0xdf, 0xdf, 0xdf, 0xdb, 0xdf, 0xdb, 0xdf, 0xdf, 0xdf, 0xdf, 0xdf, 0xdf, 0xdf, 0xdf, 0xdf, 0xdf, 0xdf, 0xdf, 0xdf, 0xdf, 0xdf, 0xdf, 0xdf, 0xdf, 0xdf, 0xdf, 0xdf, 0xdf, 0xdf, 0xdf, 0xdf, 0xdb, 0xdf, 0xdb, 0xdf, 0xdf, 0xdf, 0xdf, 0xdf, 0xdf, 0xdf, 0xdf, 0xdf, 0xdf, 0xdf, 0xdf, 0xdf, 0xdf, 0xdf, 0xdf, 0xdf, 0xdf, 0xdf, 0xdf, 0xdf, 0xdb, 0xdb, 0xdb, 0xdb, 0xdf, 0xdf, 0xdf, 0xdf, 0xdf, 0xdf, 0xdf, 0xdf, 0xdf, 0xdf, 0xdf, 0xdf, 0xdf, 0xdf, 0xdf, 0xdf, 0xdf, 0xdf, 0xdf, 
  0xdb, 0xdb, 0xdb, 0xdb, 0xdb, 0xdb, 0xdb, 0xdf, 0xdf, 0xdf, 0xdf, 0xdf, 0xdf, 0xdf, 0xdf, 0xdf, 0xdf, 0xdf, 0xdf, 0xdf, 0xdf, 0xdf, 0xdf, 0xdf, 0xdf, 0xdf, 0xdf, 0xdf, 0xdf, 0xdf, 0xdf, 0xdb, 0xdb, 0xdb, 0xdf, 0xdf, 0xdf, 0xdf, 0xdf, 0xdf, 0xdf, 0xdf, 0xdf, 0xdf, 0xdf, 0xdf, 0xdf, 0xdf, 0xdf, 0xdf, 0xdf, 0xdf, 0xdf, 0xdf, 0xdf, 0xdf, 0xdf, 0xdf, 0xdf, 0xdb, 0xdb, 0xdf, 0xdf, 0xdf, 0xdf, 0xdf, 0xdf, 0xdf, 0xdf, 0xdf, 0xdf, 0xdf, 0xdf, 0xdf, 0xdf, 0xdf, 0xdf, 0xdf, 0xdf, 0xdf, 0xdf, 0xdf, 0xdb, 0xdb, 0xdb, 0xdb, 0xdb, 0xdb, 0xdf, 0xdf, 0xdf, 0xdf, 0xdf, 0xdf, 0xdf, 0xdf, 0xdf, 0xdf, 0xdf, 0xdf, 0xdf, 0xdf, 0xdf, 0xdf, 0xdf, 0xdf, 
  0xdb, 0xdb, 0xdb, 0xdb, 0xdb, 0xdb, 0xdb, 0xdb, 0xdf, 0xdf, 0xdf, 0xdf, 0xdf, 0xdf, 0xdf, 0xdf, 0xdf, 0xdf, 0xdf, 0xdf, 0xdf, 0xdf, 0xdf, 0xdf, 0xdf, 0xdf, 0xdf, 0xdf, 0xdf, 0xdf, 0xdf, 0xdb, 0xdb, 0xdb, 0xdf, 0xdf, 0xdf, 0xdf, 0xdf, 0xdf, 0xdf, 0xdf, 0xdf, 0xdf, 0xdf, 0xdf, 0xdf, 0xdf, 0xdf, 0xdf, 0xdf, 0xdf, 0xdf, 0xdf, 0xdf, 0xdf, 0xff, 0xdf, 0xdf, 0xdb, 0xdb, 0xdf, 0xdf, 0xdf, 0xdf, 0xdf, 0xdf, 0xdf, 0xdf, 0xdf, 0xdf, 0xdf, 0xdf, 0xdf, 0xdf, 0xdf, 0xdf, 0xdf, 0xdf, 0xdf, 0xdf, 0xdf, 0xdb, 0xdb, 0xdb, 0xdb, 0xdb, 0xdb, 0xdf, 0xdf, 0xdf, 0xdf, 0xdf, 0xdf, 0xdf, 0xdf, 0xdf, 0xdf, 0xdf, 0xdf, 0xdf, 0xdf, 0xdf, 0xdf, 0xdf, 0xdf, 
  0xfb, 0xdb, 0xdb, 0xdb, 0xdb, 0xdb, 0xdb, 0xdb, 0xdf, 0xdf, 0xdf, 0xdf, 0xdf, 0xdf, 0xdf, 0xdf, 0xdf, 0xdf, 0xdf, 0xdf, 0xdf, 0xdf, 0xdf, 0xdf, 0xdf, 0xdf, 0xdf, 0xdf, 0xdf, 0xdf, 0xdf, 0xdf, 0xdb, 0xdb, 0xdb, 0xdf, 0xdf, 0xdf, 0xdf, 0xdf, 0xdf, 0xdf, 0xdf, 0xdf, 0xdf, 0xdf, 0xdf, 0xdf, 0xdf, 0xdf, 0xdf, 0xdf, 0xdf, 0xdf, 0xdf, 0xdf, 0xdf, 0xdb, 0xdb, 0xdb, 0xdf, 0xff, 0xdf, 0xdf, 0xdf, 0xdf, 0xdf, 0xdf, 0xdf, 0xdf, 0xdf, 0xdf, 0xdf, 0xdf, 0xdf, 0xdf, 0xdf, 0xdf, 0xdf, 0xdf, 0xdf, 0xdb, 0xdb, 0xdb, 0xdf, 0xdb, 0xdb, 0xdb, 0xdb, 0xdf, 0xdf, 0xdf, 0xdf, 0xdf, 0xdf, 0xdf, 0xdf, 0xdf, 0xdf, 0xdf, 0xdf, 0xdf, 0xdf, 0xdf, 0xdf, 0xdf, 
  0xfb, 0xdb, 0xdb, 0xdb, 0xdb, 0xdb, 0xdb, 0xdb, 0xdb, 0xdf, 0xdf, 0xdf, 0xdf, 0xdf, 0xdf, 0xdf, 0xdf, 0xdf, 0xdf, 0xdf, 0xdf, 0xdf, 0xdf, 0xdf, 0xdf, 0xdf, 0xdf, 0xdf, 0xdf, 0xdf, 0xdf, 0xdb, 0xdb, 0xdb, 0xdb, 0xdf, 0xdf, 0xdf, 0xdf, 0xdf, 0xdf, 0xdf, 0xdf, 0xdf, 0xdf, 0xdf, 0xdf, 0xdf, 0xdf, 0xdf, 0xdf, 0xdf, 0xdf, 0xdf, 0xdf, 0xdf, 0xdf, 0xdb, 0xdb, 0xdf, 0xdf, 0xdf, 0xdf, 0xdf, 0xdf, 0xdf, 0xdf, 0xdf, 0xdf, 0xdf, 0xdf, 0xdf, 0xdf, 0xdf, 0xdf, 0xdf, 0xdf, 0xdf, 0xdf, 0xdf, 0xdf, 0xdb, 0xdb, 0xdb, 0xff, 0xdf, 0xdb, 0xdb, 0xdb, 0xdf, 0xdf, 0xdf, 0xdf, 0xdf, 0xdf, 0xdf, 0xdf, 0xdf, 0xdf, 0xdf, 0xdf, 0xdf, 0xdf, 0xdf, 0xdf, 0xdf, 
  0xdb, 0xdb, 0xdb, 0xdb, 0xdf, 0xdf, 0xdb, 0xdb, 0xdb, 0xdf, 0xdf, 0xdf, 0xdf, 0xdf, 0xdf, 0xdf, 0xdf, 0xdf, 0xdf, 0xdf, 0xdf, 0xdf, 0xdf, 0xdf, 0xdf, 0xdf, 0xdf, 0xdf, 0xdf, 0xdf, 0xdf, 0xdb, 0xdb, 0xdb, 0xdb, 0xff, 0xdf, 0xdf, 0xdf, 0xdf, 0xdf, 0xdf, 0xdf, 0xdf, 0xdf, 0xdf, 0xdf, 0xdf, 0xdf, 0xdf, 0xdf, 0xdf, 0xdf, 0xdf, 0xdf, 0xdf, 0xdf, 0xdb, 0xdb, 0xdb, 0xdf, 0xdf, 0xdf, 0xdf, 0xdf, 0xdf, 0xdf, 0xdf, 0xdf, 0xdf, 0xdf, 0xdf, 0xdf, 0xdf, 0xdf, 0xdf, 0xdf, 0xdf, 0xdf, 0xdf, 0xdb, 0xdb, 0xdb, 0xdf, 0xdf, 0xdf, 0xdb, 0xdb, 0xdb, 0xdb, 0xdf, 0xdf, 0xdf, 0xdf, 0xdf, 0xdf, 0xdf, 0xdf, 0xdf, 0xdf, 0xdf, 0xdf, 0xdf, 0xdf, 0xdf, 0xdf, 
  0xdb, 0xdb, 0xdb, 0xdb, 0xdf, 0xdf, 0xdf, 0xdb, 0xdb, 0xdb, 0xdf, 0xdf, 0xdf, 0xdf, 0xdf, 0xdf, 0xdf, 0xdf, 0xdf, 0xdf, 0xdf, 0xdf, 0xdf, 0xdf, 0xdf, 0xdf, 0xdf, 0xdf, 0xdf, 0xdf, 0xdf, 0xdb, 0xdb, 0xdb, 0xdb, 0xff, 0xdf, 0xdf, 0xdf, 0xdf, 0xdf, 0xdf, 0xdf, 0xdf, 0xdf, 0xdf, 0xdf, 0xdf, 0xdf, 0xdf, 0xdf, 0xdf, 0xdf, 0xdf, 0xdf, 0xdf, 0xdb, 0xdb, 0xdb, 0xdf, 0xdf, 0xdf, 0xdf, 0xdf, 0xdf, 0xdf, 0xdf, 0xdf, 0xdf, 0xdf, 0xdf, 0xdf, 0xdf, 0xdf, 0xdf, 0xdf, 0xdf, 0xdf, 0xdf, 0xdf, 0xdb, 0xdb, 0xdb, 0xdf, 0xdf, 0xdf, 0xdf, 0xdb, 0xdb, 0xdb, 0xdf, 0xdf, 0xdf, 0xdf, 0xdf, 0xdf, 0xdf, 0xdf, 0xdf, 0xdf, 0xdf, 0xdf, 0xdf, 0xdf, 0xdf, 0xdf, 
  0xdb, 0xdb, 0xdb, 0xdb, 0xdf, 0xdf, 0xdf, 0xdb, 0xdb, 0xdb, 0xdb, 0xdf, 0xdf, 0xdf, 0xdf, 0xdf, 0xdf, 0xdf, 0xdf, 0xdf, 0xdf, 0xdf, 0xdf, 0xdf, 0xdf, 0xdf, 0xdf, 0xdf, 0xdf, 0xdf, 0xdf, 0xdb, 0xdb, 0xdb, 0xdb, 0xff, 0xdf, 0xdf, 0xdf, 0xdf, 0xdf, 0xdf, 0xdf, 0xdf, 0xdf, 0xdf, 0xdf, 0xdf, 0xdf, 0xdf, 0xdf, 0xdf, 0xdf, 0xdf, 0xdf, 0xdf, 0xdb, 0xdb, 0xdb, 0xdf, 0xdf, 0xdf, 0xdf, 0xdf, 0xdf, 0xdf, 0xdf, 0xdf, 0xdf, 0xdf, 0xdf, 0xdf, 0xdf, 0xdf, 0xdf, 0xdf, 0xdf, 0xdf, 0xdf, 0xdf, 0xdb, 0xdb, 0xdf, 0xdf, 0xdf, 0xdf, 0xdf, 0xdb, 0xdb, 0xdb, 0xdf, 0xdf, 0xdf, 0xdf, 0xdf, 0xdf, 0xdf, 0xdf, 0xdf, 0xdf, 0xdf, 0xdf, 0xdf, 0xdf, 0xdf, 0xdf, 
  0xdb, 0xdb, 0xdb, 0xdf, 0xdf, 0xdf, 0xdf, 0xdf, 0xdb, 0xdb, 0xdb, 0xdf, 0xdf, 0xdf, 0xdf, 0xdf, 0xdf, 0xdf, 0xdf, 0xdf, 0xdf, 0xdf, 0xdf, 0xdf, 0xdf, 0xdf, 0xdf, 0xdf, 0xdf, 0xdf, 0xdf, 0xdb, 0xdb, 0xdb, 0xdb, 0xff, 0xdf, 0xdf, 0xdf, 0xdf, 0xdf, 0xdf, 0xdf, 0xdf, 0xdf, 0xdf, 0xdf, 0xdf, 0xdf, 0xdf, 0xdf, 0xdf, 0xdf, 0xdf, 0xdf, 0xdf, 0xdb, 0xdb, 0xdf, 0xdf, 0xdf, 0xdf, 0xdf, 0xdf, 0xdf, 0xdf, 0xdf, 0xdf, 0xdf, 0xdf, 0xdf, 0xdf, 0xdf, 0xdf, 0xdf, 0xdf, 0xdf, 0xff, 0xdf, 0xdb, 0xdb, 0xdb, 0xdf, 0xdf, 0xdf, 0xdf, 0xdf, 0xdf, 0xdb, 0xdb, 0xdb, 0xdf, 0xdf, 0xdf, 0xdf, 0xdf, 0xdf, 0xdf, 0xdf, 0xdf, 0xdf, 0xdf, 0xdf, 0xdf, 0xdf, 0xdf, 
  0xdb, 0xdb, 0xdb, 0xdf, 0xdf, 0xdf, 0xdf, 0xdf, 0xdf, 0xdb, 0xdb, 0xdb, 0xdb, 0xdf, 0xdf, 0xdf, 0xdf, 0xdf, 0xdf, 0xdf, 0xdf, 0xdf, 0xdf, 0xdf, 0xdf, 0xdf, 0xdf, 0xdf, 0xdf, 0xdf, 0xdf, 0xdb, 0xdb, 0xdb, 0xdb, 0xff, 0xdf, 0xdf, 0xdf, 0xdf, 0xdf, 0xdf, 0xdf, 0xdf, 0xdf, 0xdf, 0xdf, 0xdf, 0xdf, 0xdf, 0xdf, 0xdf, 0xdf, 0xdf, 0xdf, 0xdb, 0xdb, 0xdb, 0xdf, 0xdf, 0xdf, 0xdf, 0xdf, 0xdf, 0xdf, 0xdf, 0xdf, 0xdf, 0xdf, 0xdf, 0xdf, 0xdf, 0xdf, 0xdf, 0xdf, 0xdf, 0xdf, 0xff, 0xdb, 0xdb, 0xdb, 0xdb, 0xdf, 0xdf, 0xdf, 0xdf, 0xdf, 0xdf, 0xdb, 0xdb, 0xdb, 0xdf, 0xdf, 0xdf, 0xdf, 0xdf, 0xdf, 0xdf, 0xdf, 0xdf, 0xdf, 0xdf, 0xdf, 0xdf, 0xdf, 0xdf, 
  0xdb, 0xdb, 0xdb, 0xdf, 0xdf, 0xdf, 0xdf, 0xdf, 0xdf, 0xdf, 0xdb, 0xdb, 0xdb, 0xdf, 0xdf, 0xdf, 0xdf, 0xdf, 0xdf, 0xdf, 0xdf, 0xdf, 0xdf, 0xdf, 0xdf, 0xdf, 0xdf, 0xdf, 0xdf, 0xdf, 0xdf, 0xdb, 0xdb, 0xdb, 0xdb, 0xdf, 0xdf, 0xdf, 0xdf, 0xdf, 0xdf, 0xdf, 0xdf, 0xdf, 0xdf, 0xdf, 0xdf, 0xdf, 0xdf, 0xdf, 0xdf, 0xdf, 0xdf, 0xff, 0xdf, 0xdb, 0xdb, 0xdb, 0xdf, 0xdf, 0xdf, 0xdf, 0xdf, 0xdf, 0xdf, 0xdf, 0xdf, 0xdf, 0xdf, 0xdf, 0xdf, 0xdf, 0xdf, 0xdf, 0xdf, 0xdf, 0xdf, 0xdf, 0xdb, 0xdb, 0xdb, 0xdf, 0xdf, 0xdf, 0xdf, 0xdf, 0xdf, 0xdf, 0xdb, 0xdb, 0xdb, 0xdb, 0xdf, 0xdf, 0xdf, 0xdf, 0xdf, 0xdf, 0xdf, 0xdf, 0xdf, 0xdf, 0xdf, 0xdf, 0xdf, 0xdf, 
  0xdb, 0xdb, 0xdb, 0xdb, 0xdf, 0xff, 0xdf, 0xdf, 0xdf, 0xdf, 0xdf, 0xdb, 0xdb, 0xdb, 0xdf, 0xdf, 0xdf, 0xdf, 0xdf, 0xdf, 0xdf, 0xdf, 0xdf, 0xdf, 0xdf, 0xdf, 0xdf, 0xdf, 0xdf, 0xdf, 0xdf, 0xdb, 0xdb, 0xdb, 0xdb, 0xdf, 0xdf, 0xdf, 0xdf, 0xdf, 0xdf, 0xdf, 0xdf, 0xdf, 0xdf, 0xdf, 0xdf, 0xdf, 0xdf, 0xdf, 0xdf, 0xdf, 0xdf, 0xdf, 0xdb, 0xdb, 0xdb, 0xdf, 0xdf, 0xdf, 0xdf, 0xdf, 0xdf, 0xdf, 0xdf, 0xdf, 0xdf, 0xdf, 0xdf, 0xdf, 0xdf, 0xdf, 0xdf, 0xdf, 0xdf, 0xdf, 0xdf, 0xdf, 0xdb, 0xdb, 0xdb, 0xdf, 0xdf, 0xdf, 0xdf, 0xdf, 0xdf, 0xdf, 0xdf, 0xdb, 0xdb, 0xdb, 0xdf, 0xdf, 0xdf, 0xdf, 0xdf, 0xdf, 0xdf, 0xdf, 0xdf, 0xdf, 0xdf, 0xdf, 0xdf, 0xdf, 
  0xdb, 0xdb, 0xdb, 0xdb, 0xdf, 0xdf, 0xdf, 0xdf, 0xdf, 0xdf, 0xdf, 0xdb, 0xdb, 0xdb, 0xdb, 0xdf, 0xdf, 0xdf, 0xdf, 0xdf, 0xdf, 0xdf, 0xdf, 0xdf, 0xdf, 0xdf, 0xdf, 0xdf, 0xdf, 0xdf, 0xdf, 0xdb, 0xdb, 0xdb, 0xdb, 0xdf, 0xdf, 0xdf, 0xdf, 0xdf, 0xdf, 0xdf, 0xdf, 0xdf, 0xdf, 0xdf, 0xdf, 0xdf, 0xdf, 0xdf, 0xdf, 0xdf, 0xff, 0xdf, 0xdb, 0xdb, 0xdf, 0xdf, 0xdf, 0xdf, 0xdf, 0xdf, 0xdf, 0xdf, 0xdf, 0xdf, 0xdf, 0xdf, 0xdf, 0xdf, 0xdf, 0xdf, 0xdf, 0xdf, 0xdf, 0xdf, 0xdf, 0xdb, 0xdb, 0xdb, 0xdf, 0xff, 0xdf, 0xdf, 0xdf, 0xdf, 0xdf, 0xdf, 0xdf, 0xdb, 0xdb, 0xdb, 0xdb, 0xdf, 0xdf, 0xdf, 0xdf, 0xdf, 0xdf, 0xdf, 0xdf, 0xdf, 0xdf, 0xdf, 0xdf, 0xdf, 
  0xdb, 0xdb, 0xdb, 0xdb, 0xdf, 0xdf, 0xdf, 0xdf, 0xdf, 0xdf, 0xdf, 0xbb, 0xdb, 0xdb, 0xdb, 0xdf, 0xdf, 0xdf, 0xdf, 0xdf, 0xdf, 0xdf, 0xdf, 0xdf, 0xdf, 0xdf, 0xdf, 0xdf, 0xdf, 0xdf, 0xdf, 0xdb, 0xdb, 0xdb, 0xdb, 0xdf, 0xdf, 0xdf, 0xdf, 0xdf, 0xdf, 0xdf, 0xdf, 0xdf, 0xdf, 0xdf, 0xdf, 0xdf, 0xdf, 0xdf, 0xdf, 0xdf, 0xff, 0xdb, 0xdb, 0xdb, 0xdf, 0xdf, 0xdf, 0xdf, 0xdf, 0xdf, 0xdf, 0xdf, 0xdf, 0xdf, 0xdf, 0xdf, 0xdf, 0xdf, 0xdf, 0xdf, 0xdf, 0xdf, 0xdf, 0xdf, 0xdf, 0xdb, 0xdb, 0xdb, 0xdf, 0xdf, 0xdf, 0xdf, 0xdf, 0xdf, 0xdf, 0xdf, 0xdf, 0xdf, 0xdb, 0xdb, 0xdb, 0xdf, 0xdf, 0xdf, 0xdf, 0xdf, 0xdf, 0xdf, 0xdf, 0xdf, 0xdf, 0xdf, 0xdf, 0xdf, 
  0xdb, 0xdb, 0xdb, 0xdb, 0xdf, 0xdf, 0xdf, 0xdf, 0xdf, 0xdf, 0xdf, 0xdf, 0xdb, 0xdb, 0xdb, 0xdb, 0xdf, 0xdf, 0xdf, 0xdf, 0xdf, 0xdf, 0xdf, 0xdf, 0xdf, 0xdf, 0xdf, 0xdf, 0xdf, 0xdf, 0xdf, 0xdb, 0xdb, 0xdb, 0xdb, 0xdf, 0xdf, 0xdf, 0xdf, 0xdf, 0xdf, 0xdf, 0xdf, 0xdf, 0xdf, 0xdf, 0xdf, 0xdf, 0xdf, 0xdf, 0xdf, 0xdf, 0xdf, 0xdb, 0xdb, 0xdb, 0xdf, 0xdf, 0xdf, 0xdf, 0xdf, 0xdf, 0xdf, 0xdf, 0xdf, 0xdf, 0xdf, 0xdf, 0xdf, 0xdf, 0xdf, 0xdf, 0xdf, 0xdf, 0xdf, 0xdf, 0xdf, 0xdb, 0xdb, 0xdb, 0xdf, 0xdf, 0xdf, 0xdf, 0xdf, 0xdf, 0xdf, 0xdf, 0xdf, 0xdf, 0xdb, 0xdb, 0xdb, 0xdf, 0xdf, 0xdf, 0xdf, 0xdf, 0xdf, 0xdf, 0xdf, 0xdf, 0xdf, 0xdf, 0xdf, 0xdf, 
  0xdb, 0xdb, 0xdb, 0xdb, 0xdf, 0xdf, 0xdf, 0xdf, 0xdf, 0xdf, 0xdf, 0xdf, 0xdf, 0xdb, 0xdb, 0xdb, 0xdb, 0xdf, 0xdf, 0xdf, 0xdf, 0xdf, 0xdf, 0xdf, 0xdf, 0xdf, 0xdf, 0xdf, 0xdf, 0xdf, 0xdf, 0xdb, 0xdb, 0xdb, 0xdb, 0xdf, 0xdf, 0xdf, 0xdf, 0xdf, 0xdf, 0xdf, 0xdf, 0xdf, 0xdf, 0xdf, 0xdf, 0xdf, 0xdf, 0xdf, 0xdf, 0xdf, 0xdf, 0xdb, 0xdb, 0xdb, 0xdf, 0xdf, 0xdf, 0xdf, 0xdf, 0xdf, 0xdf, 0xdf, 0xdf, 0xdf, 0xdf, 0xdf, 0xdf, 0xdf, 0xdf, 0xdf, 0xdf, 0xdf, 0xdf, 0xdf, 0xdb, 0xdb, 0xdb, 0xdf, 0xdf, 0xdf, 0xdf, 0xdf, 0xdf, 0xdf, 0xdf, 0xdf, 0xdf, 0xdf, 0xdb, 0xdb, 0xdb, 0xdb, 0xdf, 0xdf, 0xdf, 0xdf, 0xdf, 0xdf, 0xdf, 0xdf, 0xdf, 0xdf, 0xdf, 0xdf, 
  0xdb, 0xdb, 0xdb, 0xdb, 0xdf, 0xdf, 0xdf, 0xdf, 0xdf, 0xdf, 0xdf, 0xdf, 0xdf, 0xdb, 0xdb, 0xdb, 0xdb, 0xdf, 0xdf, 0xdf, 0xdf, 0xdf, 0xdf, 0xdf, 0xdf, 0xdf, 0xdf, 0xdf, 0xdf, 0xdf, 0xdf, 0xdb, 0xdb, 0xdb, 0xdb, 0xdf, 0xdf, 0xdf, 0xdf, 0xdf, 0xdf, 0xdf, 0xdf, 0xdf, 0xdf, 0xdf, 0xdf, 0xdf, 0xdf, 0xdf, 0xdf, 0xdf, 0xdb, 0xdb, 0xdb, 0xdf, 0xdf, 0xdf, 0xdf, 0xdf, 0xdf, 0xdf, 0xdf, 0xdf, 0xdf, 0xdf, 0xdf, 0xdf, 0xdf, 0xdf, 0xdf, 0xdf, 0xdf, 0xdf, 0xff, 0xdb, 0xdb, 0xdb, 0xdb, 0xdf, 0xdf, 0xdf, 0xdf, 0xdf, 0xdf, 0xdf, 0xdf, 0xdf, 0xdf, 0xdf, 0xdf, 0xdf, 0xdb, 0xdb, 0xdf, 0xdf, 0xdf, 0xdf, 0xdf, 0xdf, 0xdf, 0xdf, 0xdf, 0xdf, 0xdf, 0xdf, 
  0xdb, 0xdb, 0xdb, 0xdb, 0xdf, 0xdf, 0xdf, 0xdf, 0xdf, 0xdf, 0xdf, 0xdf, 0xdf, 0xdf, 0xdb, 0xdb, 0xdb, 0xdb, 0xdf, 0xdf, 0xdf, 0xdf, 0xdf, 0xdf, 0xdf, 0xdf, 0xdf, 0xdf, 0xdf, 0xdf, 0xdf, 0xdb, 0xdb, 0xdb, 0xdb, 0xdf, 0xdf, 0xdf, 0xdf, 0xdf, 0xdf, 0xdf, 0xdf, 0xdf, 0xdf, 0xdf, 0xdf, 0xdf, 0xdf, 0xdf, 0xdf, 0xdf, 0xdb, 0xdb, 0xdb, 0xdf, 0xdf, 0xdf, 0xdf, 0xdf, 0xdf, 0xdf, 0xdf, 0xdf, 0xdf, 0xdf, 0xdf, 0xdf, 0xdf, 0xdf, 0xdf, 0xdf, 0xdf, 0xdf, 0xdf, 0xdb, 0xdb, 0xdb, 0xdf, 0xff, 0xdf, 0xdf, 0xdf, 0xdf, 0xdf, 0xdf, 0xdf, 0xdf, 0xdf, 0xdf, 0xdf, 0xdb, 0xdb, 0xdb, 0xdf, 0xdf, 0xdf, 0xdf, 0xdf, 0xdf, 0xdf, 0xdf, 0xdf, 0xdf, 0xdf, 0xdf, 
  0xdb, 0xdb, 0xdb, 0xdb, 0xdf, 0xdf, 0xdf, 0xdf, 0xdf, 0xdf, 0xdf, 0xdf, 0xdf, 0xff, 0xdf, 0xdb, 0xdb, 0xdb, 0xdf, 0xdf, 0xdf, 0xdf, 0xdf, 0xdf, 0xdf, 0xdf, 0xdf, 0xdf, 0xdf, 0xdf, 0xdf, 0xdb, 0xdb, 0xdb, 0xdb, 0xdf, 0xdf, 0xdf, 0xdf, 0xdf, 0xdf, 0xdf, 0xdf, 0xdf, 0xdf, 0xdf, 0xdf, 0xdf, 0xdf, 0xdf, 0xff, 0xdb, 0xdb, 0xdb, 0xdf, 0xdf, 0xdf, 0xdf, 0xdf, 0xdf, 0xdf, 0xdf, 0xdf, 0xdf, 0xdf, 0xdf, 0xdf, 0xdf, 0xdf, 0xdf, 0xdf, 0xdf, 0xdf, 0xdf, 0xdf, 0xdb, 0xdb, 0xdb, 0xdf, 0xdf, 0xdf, 0xdf, 0xdf, 0xdf, 0xdf, 0xdf, 0xdf, 0xdf, 0xdf, 0xdf, 0xdf, 0xdf, 0xdb, 0xdb, 0xdb, 0xdf, 0xdf, 0xdf, 0xdf, 0xdf, 0xdf, 0xdf, 0xdf, 0xdf, 0xdf, 0xdf, 
  0xdb, 0xdb, 0xdb, 0xdb, 0xdf, 0xdf, 0xdf, 0xdf, 0xdf, 0xdf, 0xdf, 0xdf, 0xdf, 0xff, 0xdf, 0xdf, 0xdb, 0xdb, 0xdb, 0xdf, 0xdf, 0xdf, 0xdf, 0xdf, 0xdf, 0xdf, 0xdf, 0xdf, 0xdf, 0xdf, 0xdf, 0xdb, 0xdb, 0xdb, 0xdb, 0xdf, 0xdf, 0xdf, 0xdf, 0xdf, 0xdf, 0xdf, 0xdf, 0xdf, 0xdf, 0xdf, 0xdf, 0xdf, 0xdf, 0xdf, 0xdf, 0xdb, 0xdb, 0xdb, 0xdf, 0xdf, 0xdf, 0xdf, 0xdf, 0xdf, 0xdf, 0xdf, 0xdf, 0xdf, 0xdf, 0xdf, 0xdf, 0xdf, 0xdf, 0xdf, 0xdf, 0xdf, 0xdf, 0xdf, 0xdb, 0xdb, 0xdb, 0xdb, 0xdf, 0xdf, 0xdf, 0xdf, 0xdf, 0xdf, 0xdf, 0xdf, 0xdf, 0xdf, 0xdf, 0xdf, 0xdf, 0xdf, 0xdb, 0xdb, 0xdb, 0xdb, 0xdf, 0xdf, 0xdf, 0xdf, 0xdf, 0xdf, 0xdf, 0xdf, 0xdf, 0xdf, 
  0xdb, 0xdb, 0xdb, 0xdb, 0xdf, 0xdf, 0xdf, 0xdf, 0xdf, 0xdf, 0xdf, 0xdf, 0xdf, 0xdf, 0xdf, 0xdf, 0xdb, 0xdb, 0xdb, 0xdb, 0xdf, 0xdf, 0xdf, 0xdf, 0xdf, 0xdf, 0xdf, 0xdf, 0xdf, 0xdf, 0xdf, 0xdb, 0xdb, 0xdb, 0xdb, 0xdf, 0xdf, 0xdf, 0xdf, 0xdf, 0xdf, 0xdf, 0xdf, 0xdf, 0xdf, 0xdf, 0xdf, 0xdf, 0xdf, 0xdf, 0xdb, 0xdb, 0xdb, 0xdb, 0xdf, 0xdf, 0xdf, 0xdf, 0xdf, 0xdf, 0xdf, 0xdf, 0xdf, 0xdf, 0xdf, 0xdf, 0xdf, 0xdf, 0xdf, 0xdf, 0xdf, 0xdf, 0xdf, 0xdf, 0xdb, 0xdb, 0xdb, 0xdf, 0xdf, 0xdf, 0xdf, 0xdf, 0xdf, 0xdf, 0xdf, 0xdf, 0xdf, 0xdf, 0xdf, 0xdf, 0xdf, 0xff, 0xdf, 0xdb, 0xdb, 0xdb, 0xdf, 0xdf, 0xdf, 0xdf, 0xdf, 0xdf, 0xdf, 0xdf, 0xdf, 0xdf, 
  0xdb, 0xdb, 0xdb, 0xdb, 0xdf, 0xdf, 0xdf, 0xdf, 0xdf, 0xdf, 0xdf, 0xdf, 0xdf, 0xdf, 0xdf, 0xdf, 0xdf, 0xdf, 0xdb, 0xdb, 0xdb, 0xdf, 0xdf, 0xdf, 0xdf, 0xdf, 0xdf, 0xdf, 0xdf, 0xdf, 0xdf, 0xdb, 0xdb, 0xdb, 0xdb, 0xdf, 0xdf, 0xdf, 0xdf, 0xdf, 0xdf, 0xdf, 0xdf, 0xdf, 0xdf, 0xdf, 0xdf, 0xdf, 0xdf, 0xdf, 0xdb, 0xdb, 0xdb, 0xdf, 0xdf, 0xdf, 0xdf, 0xdf, 0xdf, 0xdf, 0xdf, 0xdf, 0xdf, 0xdf, 0xdf, 0xdf, 0xdf, 0xdf, 0xdf, 0xdf, 0xdf, 0xdf, 0xff, 0xdb, 0xdb, 0xdb, 0xdb, 0xdf, 0xdf, 0xdf, 0xdf, 0xdf, 0xdf, 0xdf, 0xdf, 0xdf, 0xdf, 0xdf, 0xdf, 0xdf, 0xdf, 0xdf, 0xdf, 0xdb, 0xdb, 0xdb, 0xdf, 0xdf, 0xdf, 0xdf, 0xdf, 0xdf, 0xdf, 0xdf, 0xdf, 0xdf, 
  0xdb, 0xdb, 0xdb, 0xdb, 0xdf, 0xdf, 0xdf, 0xdf, 0xdf, 0xdf, 0xdf, 0xdf, 0xdf, 0xdf, 0xdf, 0xdf, 0xdf, 0xdb, 0xdb, 0xdb, 0xdb, 0xdf, 0xff, 0xdf, 0xdf, 0xdf, 0xdf, 0xdf, 0xdf, 0xdf, 0xdf, 0xdb, 0xdb, 0xdb, 0xdb, 0xdf, 0xdf, 0xdf, 0xdf, 0xdf, 0xdf, 0xdf, 0xdf, 0xdf, 0xdf, 0xdf, 0xdf, 0xdf, 0xdf, 0xdf, 0xdb, 0xdb, 0xdb, 0xdf, 0xdf, 0xdf, 0xdf, 0xdf, 0xdf, 0xdf, 0xdf, 0xdf, 0xdf, 0xdf, 0xdf, 0xdf, 0xdf, 0xdf, 0xdf, 0xdf, 0xdf, 0xdf, 0xdf, 0xdb, 0xdb, 0xdb, 0xdf, 0xdf, 0xdf, 0xdf, 0xdf, 0xdf, 0xdf, 0xdf, 0xdf, 0xdf, 0xdf, 0xdf, 0xdf, 0xdf, 0xdf, 0xdf, 0xdf, 0xdb, 0xdb, 0xdb, 0xdf, 0xdf, 0xdf, 0xdf, 0xdf, 0xdf, 0xdf, 0xdf, 0xdf, 0xdf, 
  0xdb, 0xdb, 0xdb, 0xdb, 0xdf, 0xdf, 0xdf, 0xdf, 0xdf, 0xdf, 0xdf, 0xdf, 0xdf, 0xdf, 0xdf, 0xdf, 0xdf, 0xdf, 0xdb, 0xdb, 0xdb, 0xdb, 0xdf, 0xdf, 0xdf, 0xdf, 0xdf, 0xdf, 0xdf, 0xdf, 0xdf, 0xdb, 0xdb, 0xdb, 0xdb, 0xdf, 0xdf, 0xdf, 0xdf, 0xdf, 0xdf, 0xdf, 0xdf, 0xdf, 0xdf, 0xdf, 0xdf, 0xdf, 0xdf, 0xdb, 0xdb, 0xdb, 0xdf, 0xff, 0xdf, 0xdf, 0xdf, 0xdf, 0xdf, 0xdf, 0xdf, 0xdf, 0xdf, 0xdf, 0xdf, 0xdf, 0xdf, 0xdf, 0xdf, 0xdf, 0xdf, 0xdf, 0xdb, 0xdb, 0xdb, 0xdb, 0xdf, 0xdf, 0xdf, 0xdf, 0xdf, 0xdf, 0xdf, 0xdf, 0xdf, 0xdf, 0xdf, 0xdf, 0xdf, 0xdf, 0xdf, 0xdf, 0xdf, 0xdf, 0xdb, 0xdb, 0xdb, 0xdf, 0xff, 0xdf, 0xdf, 0xdf, 0xdf, 0xdf, 0xdf, 0xdf, 
  0xdb, 0xdb, 0xdb, 0xdb, 0xdf, 0xdf, 0xdf, 0xdf, 0xdf, 0xdf, 0xdf, 0xdf, 0xdf, 0xdf, 0xdf, 0xdf, 0xdf, 0xdf, 0xdf, 0xdb, 0xdb, 0xdb, 0xdb, 0xdf, 0xdf, 0xdf, 0xdf, 0xdf, 0xdf, 0xdf, 0xdf, 0xdb, 0xdb, 0xdb, 0xdb, 0xdf, 0xdf, 0xdf, 0xdf, 0xdf, 0xdf, 0xdf, 0xdf, 0xdf, 0xdf, 0xdf, 0xdf, 0xdf, 0xdf, 0xdb, 0xdb, 0xdb, 0xdf, 0xff, 0xdf, 0xdf, 0xdf, 0xdf, 0xdf, 0xdf, 0xdf, 0xdf, 0xdf, 0xdf, 0xdf, 0xdf, 0xdf, 0xdf, 0xdf, 0xdf, 0xdf, 0xdf, 0xdb, 0xdb, 0xdb, 0xdf, 0xdf, 0xdf, 0xdf, 0xdf, 0xdf, 0xdf, 0xdf, 0xdf, 0xdf, 0xdf, 0xdf, 0xdf, 0xdf, 0xdf, 0xdf, 0xdf, 0xdf, 0xdf, 0xdb, 0xdb, 0xdb, 0xdb, 0xdf, 0xdf, 0xdf, 0xdf, 0xdf, 0xdf, 0xdf, 0xdf, 
  0xdb, 0xdb, 0xdb, 0xdb, 0xdf, 0xdf, 0xdf, 0xdf, 0xdf, 0xdf, 0xdf, 0xdf, 0xdf, 0xdf, 0xdf, 0xdf, 0xdf, 0xdf, 0xdf, 0xdb, 0xdb, 0xdb, 0xdb, 0xdf, 0xdf, 0xdf, 0xdf, 0xdf, 0xdf, 0xdf, 0xdf, 0xdb, 0xdb, 0xdb, 0xdb, 0xdf, 0xdf, 0xdf, 0xdf, 0xdf, 0xdf, 0xdf, 0xdf, 0xdf, 0xdf, 0xdf, 0xdf, 0xdf, 0xdb, 0xdb, 0xdb, 0xdf, 0xdf, 0xdf, 0xdf, 0xdf, 0xdf, 0xdf, 0xdf, 0xdf, 0xdf, 0xdf, 0xdf, 0xdf, 0xdf, 0xdf, 0xdf, 0xdf, 0xdf, 0xdf, 0xdf, 0xdf, 0xdb, 0xdb, 0xdb, 0xdf, 0xdf, 0xdf, 0xff, 0xdf, 0xdf, 0xdf, 0xdf, 0xdf, 0xdf, 0xdf, 0xdf, 0xdf, 0xdf, 0xdf, 0xdf, 0xdf, 0xdf, 0xff, 0xdb, 0xdb, 0xdb, 0xdb, 0xdf, 0xff, 0xdf, 0xdf, 0xdf, 0xdf, 0xdf, 0xdf, 
  0xdb, 0xdb, 0xdb, 0xdb, 0xdf, 0xdf, 0xdf, 0xdf, 0xdf, 0xdf, 0xdf, 0xdf, 0xdf, 0xdf, 0xdf, 0xdf, 0xdf, 0xdf, 0xdf, 0xdf, 0xdb, 0xdb, 0xdb, 0xdb, 0xdf, 0xff, 0xdf, 0xdf, 0xdf, 0xdf, 0xdf, 0xdb, 0xdb, 0xdb, 0xdb, 0xdf, 0xdf, 0xdf, 0xdf, 0xdf, 0xdf, 0xdf, 0xdf, 0xdf, 0xdf, 0xdf, 0xdf, 0xdf, 0xdb, 0xdb, 0xdb, 0xdf, 0xdf, 0xdf, 0xdf, 0xdf, 0xdf, 0xdf, 0xdf, 0xdf, 0xdf, 0xdf, 0xdf, 0xdf, 0xdf, 0xdf, 0xdf, 0xdf, 0xdf, 0xdf, 0xdf, 0xdb, 0xdb, 0xdb, 0xdb, 0xdf, 0xdf, 0xdf, 0xdf, 0xdf, 0xdf, 0xdf, 0xdf, 0xdf, 0xdf, 0xdf, 0xdf, 0xdf, 0xdf, 0xdf, 0xdf, 0xdf, 0xdf, 0xdf, 0xdb, 0xdb, 0xdb, 0xdb, 0xdb, 0xdf, 0xdf, 0xdf, 0xdf, 0xdf, 0xdf, 0xdf, 
  0xdb, 0xdb, 0xdb, 0xdb, 0xdf, 0xdf, 0xdf, 0xdf, 0xdf, 0xdf, 0xdf, 0xdf, 0xdf, 0xdf, 0xdf, 0xdf, 0xdf, 0xdf, 0xdf, 0xdf, 0xdf, 0xdf, 0xdb, 0xdb, 0xdb, 0xdf, 0xdf, 0xdf, 0xdf, 0xdf, 0xdf, 0xdb, 0xdb, 0xdb, 0xdb, 0xdf, 0xdf, 0xdf, 0xdf, 0xdf, 0xdf, 0xdf, 0xdf, 0xdf, 0xdf, 0xdf, 0xdf, 0xdf, 0xdb, 0xdb, 0xdb, 0xdf, 0xdf, 0xdf, 0xdf, 0xdf, 0xdf, 0xdf, 0xdf, 0xdf, 0xdf, 0xdf, 0xdf, 0xdf, 0xdf, 0xdf, 0xdf, 0xdf, 0xdf, 0xdf, 0xdf, 0xdb, 0xdb, 0xdb, 0xdb, 0xdb, 0xdb, 0xdb, 0xdb, 0xdb, 0xdb, 0xdb, 0xdb, 0xdb, 0xdb, 0xdb, 0xdb, 0xdb, 0xdb, 0xdb, 0xdb, 0xdb, 0xdb, 0xdb, 0xdb, 0xdb, 0xdb, 0xdb, 0xdb, 0xdf, 0xdf, 0xdf, 0xdf, 0xdf, 0xdf, 0xdf, 
  0xdb, 0xdb, 0xdb, 0xdb, 0xdf, 0xdf, 0xdf, 0xdf, 0xdf, 0xdf, 0xdf, 0xdf, 0xdf, 0xdf, 0xdf, 0xdf, 0xdf, 0xdf, 0xdf, 0xdf, 0xdf, 0xdf, 0xdb, 0xdb, 0xdb, 0xdf, 0xdf, 0xdf, 0xdf, 0xdf, 0xdf, 0xdb, 0xdb, 0xdb, 0xdb, 0xdf, 0xdf, 0xdf, 0xdf, 0xdf, 0xdf, 0xdf, 0xdf, 0xdf, 0xdf, 0xdf, 0xdf, 0xdb, 0xdb, 0xdb, 0xdf, 0xff, 0xdf, 0xdf, 0xdf, 0xdf, 0xdf, 0xdf, 0xdf, 0xdf, 0xdf, 0xdf, 0xdf, 0xdf, 0xdf, 0xdf, 0xdf, 0xdf, 0xdf, 0xdf, 0xdb, 0xdb, 0xdb, 0xdb, 0xdb, 0xdb, 0xdb, 0xdf, 0xdb, 0xdb, 0xdb, 0xdb, 0xdb, 0xdb, 0xdb, 0xdb, 0xdb, 0xdb, 0xdb, 0xdb, 0xdb, 0xdb, 0xdf, 0xdb, 0xdb, 0xdb, 0xdb, 0xdb, 0xdb, 0xdf, 0xdf, 0xdf, 0xdf, 0xdf, 0xdf, 0xdf, 
  0xdb, 0xdb, 0xdb, 0xdb, 0xdf, 0xdf, 0xdf, 0xdf, 0xdf, 0xdf, 0xdf, 0xdf, 0xdf, 0xdf, 0xdf, 0xdf, 0xdf, 0xdf, 0xdf, 0xdf, 0xdf, 0xdf, 0xdb, 0xdb, 0xdb, 0xdb, 0xdf, 0xdf, 0xdf, 0xdf, 0xdf, 0xdf, 0xdb, 0xdb, 0xdb, 0xff, 0xdf, 0xdf, 0xdf, 0xdf, 0xdf, 0xdf, 0xdf, 0xdf, 0xdf, 0xdf, 0xdf, 0xdb, 0xdb, 0xdb, 0xdf, 0xdf, 0xdf, 0xdf, 0xdf, 0xdf, 0xdf, 0xdf, 0xdf, 0xdf, 0xdf, 0xdf, 0xdf, 0xdf, 0xdf, 0xdf, 0xdf, 0xdf, 0xdf, 0xdf, 0xdb, 0xdb, 0xdb, 0xdb, 0xdb, 0xdf, 0xdf, 0xdf, 0xdf, 0xdb, 0xdb, 0xdb, 0xdb, 0xdb, 0xdb, 0xdb, 0xdb, 0xdb, 0xdb, 0xdb, 0xdb, 0xdb, 0xdb, 0xdb, 0xdb, 0xdb, 0xdb, 0xdb, 0xdb, 0xdb, 0xff, 0xdf, 0xdf, 0xdf, 0xdf, 0xdf, 
  0xdb, 0xdb, 0xdb, 0xdb, 0xdf, 0xdf, 0xdf, 0xdf, 0xdf, 0xdf, 0xdf, 0xdf, 0xdf, 0xdf, 0xdf, 0xdf, 0xdf, 0xdf, 0xdf, 0xdf, 0xdf, 0xdf, 0xdf, 0xdb, 0xdb, 0xdb, 0xdf, 0xdf, 0xff, 0xdf, 0xdf, 0xdf, 0xdb, 0xdb, 0xdb, 0xff, 0xdf, 0xdf, 0xdf, 0xdf, 0xdf, 0xdf, 0xdf, 0xdf, 0xdf, 0xdf, 0xdb, 0xdb, 0xdb, 0xdf, 0xdf, 0xdf, 0xdf, 0xdf, 0xdf, 0xdf, 0xdf, 0xdf, 0xdf, 0xdf, 0xdf, 0xdf, 0xdf, 0xdf, 0xdf, 0xdf, 0xdf, 0xdf, 0xdf, 0xdf, 0xdb, 0xdb, 0xdb, 0xdf, 0xdf, 0xdf, 0xdf, 0xdf, 0xdf, 0xdf, 0xdf, 0xdf, 0xdf, 0xdf, 0xdf, 0xdf, 0xdf, 0xdf, 0xdf, 0xdf, 0xdf, 0xdf, 0xdf, 0xdf, 0xdf, 0xdf, 0xdf, 0xdb, 0xdb, 0xdb, 0xdf, 0xff, 0xdf, 0xdf, 0xdf, 0xdf, 
  0xdb, 0xdb, 0xdb, 0xdb, 0xdf, 0xdf, 0xdf, 0xdf, 0xdf, 0xdf, 0xdf, 0xdf, 0xdf, 0xdf, 0xdf, 0xdf, 0xdf, 0xdf, 0xdf, 0xdf, 0xdf, 0xff, 0xdf, 0xdb, 0xdb, 0xdb, 0xdb, 0xdf, 0xff, 0xff, 0xdf, 0xdb, 0xdb, 0xdb, 0xdb, 0xff, 0xdf, 0xdf, 0xdf, 0xdf, 0xdf, 0xdf, 0xdf, 0xdf, 0xdf, 0xdf, 0xdb, 0xdb, 0xdb, 0xdf, 0xdf, 0xdf, 0xdf, 0xdf, 0xdf, 0xdf, 0xdf, 0xdf, 0xdf, 0xdf, 0xdf, 0xdf, 0xdf, 0xdf, 0xdf, 0xdf, 0xdf, 0xdf, 0xdf, 0xdb, 0xdb, 0xdb, 0xdb, 0xdf, 0xff, 0xdf, 0xdf, 0xdf, 0xdf, 0xdf, 0xdf, 0xdf, 0xdf, 0xdf, 0xdf, 0xdf, 0xdf, 0xdf, 0xdf, 0xdf, 0xdf, 0xdf, 0xdf, 0xdf, 0xdf, 0xdf, 0xdf, 0xdb, 0xdb, 0xdb, 0xdb, 0xff, 0xdf, 0xdf, 0xdf, 0xdf, 
  0xdb, 0xdb, 0xdb, 0xdb, 0xdf, 0xdf, 0xdf, 0xdf, 0xdf, 0xdf, 0xdf, 0xdf, 0xdf, 0xdf, 0xdf, 0xdf, 0xdf, 0xdf, 0xdf, 0xdf, 0xdf, 0xdf, 0xdf, 0xdf, 0xdb, 0xdf, 0xdb, 0xdb, 0xdf, 0xff, 0xff, 0xdf, 0xdb, 0xdb, 0xdb, 0xff, 0xdf, 0xdf, 0xdf, 0xdf, 0xdf, 0xdf, 0xdf, 0xdf, 0xdf, 0xdf, 0xdb, 0xdb, 0xdf, 0xdf, 0xdf, 0xdf, 0xdf, 0xdf, 0xdf, 0xdf, 0xdf, 0xdf, 0xdf, 0xdf, 0xdf, 0xdf, 0xdf, 0xdf, 0xdf, 0xdf, 0xdf, 0xdf, 0xdf, 0xdb, 0xdb, 0xdb, 0xdf, 0xdf, 0xdf, 0xdf, 0xdf, 0xdf, 0xdf, 0xdf, 0xdf, 0xdf, 0xdf, 0xdf, 0xdf, 0xdf, 0xdf, 0xdf, 0xdf, 0xdf, 0xdf, 0xdf, 0xdf, 0xdf, 0xdf, 0xdf, 0xdf, 0xdf, 0xdb, 0xdb, 0xdb, 0xdf, 0xdf, 0xdf, 0xdf, 0xdf, 
  0xdb, 0xdb, 0xdb, 0xdb, 0xdf, 0xdf, 0xdf, 0xdf, 0xdf, 0xdf, 0xdf, 0xdf, 0xdf, 0xdf, 0xdf, 0xdf, 0xdf, 0xdf, 0xdf, 0xdf, 0xdf, 0xdf, 0xdf, 0xdf, 0xdf, 0xdb, 0xdb, 0xdb, 0xdb, 0xff, 0xff, 0xdf, 0xdb, 0xdb, 0xdb, 0xff, 0xdf, 0xdf, 0xdf, 0xdf, 0xdf, 0xdf, 0xdf, 0xdf, 0xdf, 0xdb, 0xdb, 0xdb, 0xdf, 0xdf, 0xdf, 0xdf, 0xdf, 0xdf, 0xdf, 0xdf, 0xdf, 0xdf, 0xdf, 0xdf, 0xdf, 0xdf, 0xdf, 0xdf, 0xdf, 0xdf, 0xdf, 0xdf, 0xdb, 0xdb, 0xdb, 0xdb, 0xdf, 0xdf, 0xdf, 0xdf, 0xdf, 0xdf, 0xdf, 0xdf, 0xdf, 0xdf, 0xdf, 0xdf, 0xdf, 0xdf, 0xdf, 0xdf, 0xdf, 0xdf, 0xdf, 0xdf, 0xdf, 0xdf, 0xdf, 0xdf, 0xdf, 0xdf, 0xdb, 0xdb, 0xdb, 0xdb, 0xdf, 0xdf, 0xdf, 0xdf, 
  0xdb, 0xdb, 0xdb, 0xdb, 0xdf, 0xdf, 0xdf, 0xdf, 0xdf, 0xdf, 0xdf, 0xdf, 0xdf, 0xdf, 0xdf, 0xdf, 0xdf, 0xdf, 0xdf, 0xdf, 0xdf, 0xdf, 0xdf, 0xdf, 0xdf, 0xdb, 0xdb, 0xdb, 0xdb, 0xdb, 0xff, 0xdb, 0xdb, 0xdb, 0xdb, 0xff, 0xdf, 0xdf, 0xdf, 0xdf, 0xdf, 0xdf, 0xdf, 0xff, 0xdf, 0xdb, 0xdb, 0xdb, 0xdf, 0xdf, 0xdf, 0xdf, 0xdf, 0xdf, 0xdf, 0xdf, 0xdf, 0xdf, 0xdf, 0xdf, 0xdf, 0xdf, 0xdf, 0xdf, 0xdf, 0xdf, 0xdf, 0xdf, 0xdb, 0xdb, 0xdb, 0xdf, 0xdf, 0xdf, 0xdf, 0xdf, 0xdf, 0xdf, 0xdf, 0xdf, 0xdf, 0xdf, 0xdf, 0xdf, 0xdf, 0xdf, 0xdf, 0xdf, 0xdf, 0xdf, 0xdf, 0xdf, 0xdf, 0xdf, 0xdf, 0xdf, 0xdf, 0xdf, 0xdb, 0xdb, 0xdb, 0xdb, 0xdf, 0xdf, 0xdf, 0xdf, 
  0xdb, 0xdb, 0xdb, 0xdb, 0xdf, 0xdf, 0xdf, 0xdf, 0xdf, 0xdf, 0xdf, 0xdf, 0xdf, 0xdf, 0xdf, 0xdf, 0xdf, 0xdf, 0xdf, 0xdf, 0xdf, 0xdf, 0xdf, 0xdf, 0xdf, 0xdf, 0xdb, 0xdb, 0xdb, 0xdb, 0xdf, 0xdb, 0xdb, 0xdb, 0xdb, 0xff, 0xdf, 0xdf, 0xdf, 0xdf, 0xdf, 0xdf, 0xdf, 0xdf, 0xdb, 0xdb, 0xdb, 0xdf, 0xdf, 0xdf, 0xdf, 0xdf, 0xdf, 0xdf, 0xdf, 0xdf, 0xdf, 0xdf, 0xdf, 0xdf, 0xdf, 0xdf, 0xdf, 0xdf, 0xdf, 0xdf, 0xdf, 0xdb, 0xdb, 0xdb, 0xdb, 0xdf, 0xdf, 0xdf, 0xdf, 0xdf, 0xdf, 0xdf, 0xdf, 0xdf, 0xdf, 0xdf, 0xdf, 0xdf, 0xdf, 0xdf, 0xdf, 0xdf, 0xdf, 0xdf, 0xdf, 0xdf, 0xdf, 0xdf, 0xdf, 0xdf, 0xdf, 0xdf, 0xdf, 0xdb, 0xdb, 0xdb, 0xdf, 0xdf, 0xdf, 0xdf, 
  0xdb, 0xdb, 0xdb, 0xdb, 0xdf, 0xdf, 0xdf, 0xdf, 0xdf, 0xdf, 0xdf, 0xdf, 0xdf, 0xdf, 0xdf, 0xdf, 0xdf, 0xdf, 0xdf, 0xdf, 0xdf, 0xdf, 0xdf, 0xdf, 0xdf, 0xdf, 0xdf, 0xdb, 0xdb, 0xdb, 0xdb, 0xdb, 0xdb, 0xdb, 0xdb, 0xff, 0xdf, 0xdf, 0xdf, 0xdf, 0xdf, 0xdf, 0xdf, 0xdf, 0xdb, 0xdb, 0xdb, 0xdf, 0xdf, 0xdf, 0xdf, 0xdf, 0xdf, 0xdf, 0xdf, 0xdf, 0xdf, 0xdf, 0xdf, 0xdf, 0xdf, 0xdf, 0xdf, 0xdf, 0xdf, 0xdf, 0xdf, 0xdb, 0xdb, 0xdb, 0xdb, 0xdf, 0xdf, 0xdf, 0xdf, 0xdf, 0xdf, 0xdf, 0xdf, 0xdf, 0xdf, 0xdf, 0xdf, 0xdf, 0xdf, 0xdf, 0xdf, 0xdf, 0xdf, 0xdf, 0xdf, 0xdf, 0xdf, 0xdf, 0xdf, 0xdf, 0xdf, 0xdf, 0xdf, 0xdb, 0xdb, 0xdb, 0xdb, 0xdf, 0xdf, 0xdf, 
  0xdb, 0xdb, 0xdb, 0xdb, 0xdf, 0xdf, 0xdf, 0xdf, 0xdf, 0xdf, 0xdf, 0xdf, 0xdf, 0xdf, 0xdf, 0xdf, 0xdf, 0xdf, 0xdf, 0xdf, 0xdf, 0xdf, 0xdf, 0xdf, 0xdf, 0xdf, 0xdf, 0xdf, 0xdb, 0xdb, 0xdb, 0xdb, 0xdb, 0xdb, 0xdb, 0xff, 0xdf, 0xdf, 0xdf, 0xdf, 0xdf, 0xdf, 0xff, 0xdf, 0xdb, 0xdb, 0xdb, 0xff, 0xdf, 0xdf, 0xdf, 0xdf, 0xdf, 0xdf, 0xdf, 0xdf, 0xdf, 0xdf, 0xdf, 0xdf, 0xdf, 0xdf, 0xdf, 0xdf, 0xdf, 0xff, 0xdb, 0xdb, 0xdb, 0xdb, 0xdf, 0xdf, 0xdf, 0xdf, 0xdf, 0xdf, 0xdf, 0xdf, 0xdf, 0xdf, 0xdf, 0xdf, 0xdf, 0xdf, 0xdf, 0xdf, 0xdf, 0xdf, 0xdf, 0xdf, 0xdf, 0xdf, 0xdf, 0xdf, 0xdf, 0xdf, 0xdf, 0xdf, 0xff, 0xdb, 0xdb, 0xdb, 0xdb, 0xdf, 0xff, 0xdf, 
  0xdb, 0xdb, 0xdb, 0xdb, 0xdf, 0xdf, 0xdf, 0xdf, 0xdf, 0xdf, 0xdf, 0xdf, 0xdf, 0xdf, 0xdf, 0xdf, 0xdf, 0xdf, 0xdf, 0xdf, 0xdf, 0xdf, 0xdf, 0xdf, 0xdf, 0xdf, 0xdf, 0xdf, 0xdb, 0xdb, 0xdb, 0xdb, 0xdb, 0xdb, 0xdb, 0xdf, 0xdf, 0xdf, 0xdf, 0xdf, 0xdf, 0xdf, 0xdf, 0xdf, 0xdb, 0xdf, 0xdf, 0xdf, 0xdf, 0xdf, 0xdf, 0xdf, 0xdf, 0xdf, 0xdf, 0xdf, 0xdf, 0xdf, 0xdf, 0xdf, 0xdf, 0xdf, 0xdf, 0xdf, 0xdf, 0xdf, 0xdb, 0xdb, 0xdb, 0xdb, 0xdf, 0xdf, 0xdf, 0xdf, 0xdf, 0xdf, 0xdf, 0xdf, 0xdf, 0xdf, 0xdf, 0xdf, 0xdf, 0xdf, 0xdf, 0xdf, 0xdf, 0xdf, 0xdf, 0xdf, 0xdf, 0xdf, 0xdf, 0xdf, 0xdf, 0xdf, 0xdf, 0xdf, 0xdf, 0xdf, 0xdb, 0xdb, 0xdb, 0xdb, 0xdf, 0xdf, 
  0xdb, 0xdb, 0xdb, 0xdb, 0xdf, 0xdf, 0xdf, 0xdf, 0xdf, 0xdf, 0xdf, 0xdf, 0xdf, 0xdf, 0xdf, 0xdf, 0xdf, 0xdf, 0xdf, 0xdf, 0xdf, 0xdf, 0xdf, 0xdf, 0xdf, 0xdf, 0xdf, 0xdf, 0xdf, 0xdb, 0xdb, 0xfb, 0xdb, 0xdb, 0xdb, 0xdf, 0xdf, 0xdf, 0xdf, 0xdf, 0xdf, 0xdf, 0xdf, 0xdb, 0xdb, 0xdf, 0xdf, 0xdf, 0xdf, 0xdf, 0xdf, 0xdf, 0xdf, 0xdf, 0xdf, 0xdf, 0xdf, 0xdf, 0xdf, 0xdf, 0xdf, 0xdf, 0xdf, 0xdf, 0xdf, 0xdf, 0xdb, 0xdb, 0xdb, 0xdf, 0xdf, 0xdf, 0xdf, 0xdf, 0xdf, 0xdf, 0xdf, 0xdf, 0xdf, 0xdf, 0xdf, 0xdf, 0xdf, 0xdf, 0xdf, 0xdf, 0xdf, 0xdf, 0xdf, 0xdf, 0xdf, 0xdf, 0xdf, 0xdf, 0xdf, 0xdf, 0xdf, 0xdf, 0xdf, 0xff, 0xdb, 0xdb, 0xdb, 0xdf, 0xdf, 0xdf, 
  0xdb, 0xdb, 0xdb, 0xdf, 0xdf, 0xdf, 0xdf, 0xdf, 0xdf, 0xdf, 0xdf, 0xdf, 0xdf, 0xdf, 0xdf, 0xdf, 0xdf, 0xdf, 0xdf, 0xdf, 0xdf, 0xdf, 0xdf, 0xdf, 0xdf, 0xdf, 0xdf, 0xdf, 0xdf, 0xdf, 0xdb, 0xdb, 0xdb, 0xdb, 0xdf, 0xdf, 0xdf, 0xdf, 0xdf, 0xdf, 0xdf, 0xdf, 0xdf, 0xdf, 0xdb, 0xdf, 0xdf, 0xdf, 0xdf, 0xdf, 0xdf, 0xdf, 0xdf, 0xdf, 0xdf, 0xdf, 0xdf, 0xdf, 0xdf, 0xdf, 0xdf, 0xdf, 0xdf, 0xdf, 0xdf, 0xbf, 0xdb, 0xdb, 0xdb, 0xdf, 0xdf, 0xdf, 0xdf, 0xdf, 0xdf, 0xdf, 0xdf, 0xdf, 0xdf, 0xdf, 0xdf, 0xdf, 0xdf, 0xdf, 0xdf, 0xdf, 0xdf, 0xdf, 0xdf, 0xdf, 0xdf, 0xdf, 0xdf, 0xdf, 0xdf, 0xdf, 0xdf, 0xdf, 0xdf, 0xff, 0xdf, 0xdb, 0xdb, 0xdb, 0xdf, 0xdf, 
  0xdf, 0xdf, 0xdf, 0xdf, 0xdf, 0xdf, 0xdf, 0xdf, 0xdf, 0xdf, 0xdf, 0xdf, 0xdf, 0xdf, 0xdf, 0xdf, 0xdf, 0xdf, 0xdf, 0xdf, 0xdf, 0xdf, 0xdf, 0xdf, 0xdf, 0xdf, 0xdf, 0xdf, 0xdf, 0xdf, 0xdf, 0xdf, 0xdb, 0xdf, 0xdf, 0xdf, 0xdf, 0xdf, 0xdf, 0xdf, 0xdf, 0xdf, 0xdf, 0xdb, 0xdb, 0xdf, 0xdf, 0xdf, 0xdf, 0xdf, 0xdf, 0xdf, 0xdf, 0xdf, 0xdf, 0xdf, 0xdf, 0xdf, 0xdf, 0xdf, 0xdf, 0xdf, 0xdf, 0xdf, 0xdf, 0xdf, 0xdf, 0xdf, 0xdf, 0xdf, 0xdf, 0xdf, 0xdf, 0xdf, 0xdf, 0xdf, 0xdf, 0xdf, 0xdf, 0xdf, 0xdf, 0xdf, 0xdf, 0xdf, 0xdf, 0xdf, 0xdf, 0xdf, 0xdf, 0xdf, 0xdf, 0xdf, 0xdf, 0xdf, 0xdf, 0xdf, 0xdf, 0xdf, 0xdf, 0xdf, 0xdf, 0xdf, 0xdf, 0xdf, 0xdf, 0xdf, 
  0xff, 0xff, 0xff, 0xff, 0xdf, 0xdf, 0xdf, 0xdf, 0xdf, 0xdf, 0xdf, 0xdf, 0xdf, 0xdf, 0xdf, 0xdf, 0xdf, 0xdf, 0xdf, 0xdf, 0xdf, 0xdf, 0xdf, 0xdf, 0xdf, 0xdf, 0xdf, 0xdf, 0xdf, 0xdf, 0xff, 0xff, 0xff, 0xff, 0xdf, 0xdf, 0xdf, 0xdf, 0xdf, 0xdf, 0xdf, 0xdf, 0xdf, 0xdf, 0xdf, 0xff, 0xdf, 0xdf, 0xdf, 0xdf, 0xdf, 0xdf, 0xdf, 0xdf, 0xdf, 0xdf, 0xdf, 0xdf, 0xdf, 0xdf, 0xdf, 0xdf, 0xdf, 0xdf, 0xdf, 0xff, 0xff, 0xff, 0xff, 0xff, 0xdf, 0xdf, 0xdf, 0xdf, 0xdf, 0xdf, 0xdf, 0xdf, 0xdf, 0xdf, 0xdf, 0xdf, 0xdf, 0xdf, 0xdf, 0xdf, 0xdf, 0xdf, 0xdf, 0xdf, 0xdf, 0xdf, 0xdf, 0xdf, 0xdf, 0xdf, 0xdf, 0xdf, 0xdf, 0xdf, 0xff, 0xdf, 0xff, 0xff, 0xdf, 0xdf, 
#endif
#if LV_COLOR_DEPTH == 16 && LV_COLOR_16_SWAP == 0
  /*Pixel format: Red: 5 bit, Green: 6 bit, Blue: 5 bit*/
  0x9a, 0xd7, 0x9b, 0xdf, 0x7b, 0xdf, 0x7b, 0xdf, 0x9a, 0xd7, 0xda, 0xcf, 0xf8, 0xc7, 0xf7, 0xbf, 0xf7, 0xc7, 0xf7, 0xc7, 0xf8, 0xcf, 0xf9, 0xcf, 0xf9, 0xc7, 0xf8, 0xc7, 0xf8, 0xc7, 0xf8, 0xc7, 0xf8, 0xc7, 0xf8, 0xc7, 0xf9, 0xc7, 0xf8, 0xc7, 0xf8, 0xc7, 0xf8, 0xc7, 0xf8, 0xc7, 0xf8, 0xc7, 0xf9, 0xcf, 0xf9, 0xcf, 0xf7, 0xc7, 0xf7, 0xc7, 0xf7, 0xc7, 0xf8, 0xcf, 0xda, 0xdf, 0x7b, 0xdf, 0x7b, 0xe7, 0x9b, 0xdf, 0x9a, 0xd7, 0xfa, 0xd7, 0xd8, 0xc7, 0xf8, 0xc7, 0xf8, 0xc7, 0xf8, 0xc7, 0xf8, 0xc7, 0xf8, 0xc7, 0xf8, 0xc7, 0xf8, 0xc7, 0xf8, 0xc7, 0xf8, 0xc7, 0xf8, 0xc7, 0xf8, 0xc7, 0xf8, 0xc7, 0xf8, 0xc7, 0xf8, 0xbf, 0xf8, 0xbf, 0xf8, 0xc7, 0xf9, 0xc7, 0xf8, 0xcf, 0xf8, 0xc7, 0xf7, 0xbf, 0xf8, 0xc7, 0xda, 0xd7, 0x19, 0xcf, 0xb9, 0xd6, 0xfa, 0xd6, 0xdb, 0xd7, 0xd9, 0xc7, 0xf8, 0xcf, 0xf8, 0xc7, 0xf8, 0xc7, 0xf8, 0xc7, 0xf8, 0xc7, 0xf8, 0xc7, 0xf8, 0xc7, 0xf8, 0xc7, 0xf8, 0xc7, 0xf8, 0xc7, 0xf8, 0xc7, 0xf8, 0xc7, 0xf8, 0xc7, 0xf8, 0xc7, 0xf7, 0xc7, 0xf7, 0xc7, 0xf7, 0xc7, 0xf7, 0xcf, 0xd9, 0xd7, 0xbb, 0xd7, 0x9d, 0xdf, 0x9c, 0xd7, 0xba, 0xd7, 0xf9, 0xcf, 0xf7, 0xc7, 0xf8, 0xc7, 0xf9, 0xc7, 0xf9, 0xc7, 0xf8, 0xc7, 0xf8, 0xc7, 0xf7, 0xc7, 0xf8, 0xc7, 0xf8, 0xc7, 0xf8, 0xc7, 0xf8, 0xc7, 0xf8, 0xc7, 0xf8, 0xc7, 0xf8, 0xc7, 0xf8, 0xc7, 0xf8, 0xc7, 0xf8, 0xc7, 0xf8, 0xc7, 
  0xd7, 0xc6, 0xb7, 0xc6, 0x98, 0xc6, 0xb8, 0xc6, 0xd8, 0xc6, 0x38, 0xbf, 0xb8, 0xbf, 0xf8, 0xc7, 0xf8, 0xc7, 0xf7, 0xc7, 0xf8, 0xc7, 0xf8, 0xc7, 0xf8, 0xc7, 0xf8, 0xc7, 0xf8, 0xc7, 0xf8, 0xc7, 0xf8, 0xc7, 0xf8, 0xc7, 0xf8, 0xc7, 0xf8, 0xc7, 0xf8, 0xc7, 0xf8, 0xc7, 0xf8, 0xc7, 0xf8, 0xc7, 0xf9, 0xc7, 0xf8, 0xcf, 0xf7, 0xc7, 0xf8, 0xc7, 0xf7, 0xc7, 0xd8, 0xc7, 0x79, 0xcf, 0xd8, 0xc6, 0xb8, 0xc6, 0xb8, 0xc6, 0xf7, 0xbe, 0x99, 0xcf, 0xd8, 0xc7, 0xf8, 0xc7, 0xf7, 0xc7, 0xf7, 0xbf, 0xf8, 0xc7, 0xf8, 0xc7, 0xf8, 0xc7, 0xf8, 0xc7, 0xf8, 0xc7, 0xf8, 0xc7, 0xf8, 0xc7, 0xf8, 0xc7, 0xf8, 0xc7, 0xf8, 0xc7, 0xf8, 0xbf, 0xf8, 0xbf, 0xf8, 0xc7, 0xf8, 0xc7, 0xf8, 0xcf, 0xf8, 0xc7, 0xf8, 0xbf, 0xf8, 0xc7, 0xda, 0xd7, 0x98, 0xc6, 0x57, 0xc6, 0x77, 0xc6, 0xf7, 0xbe, 0xd9, 0xc7, 0xf8, 0xcf, 0xf8, 0xc7, 0xf8, 0xc7, 0xf8, 0xc7, 0xf8, 0xc7, 0xf8, 0xc7, 0xf8, 0xc7, 0xf8, 0xc7, 0xf8, 0xc7, 0xf8, 0xc7, 0xf8, 0xc7, 0xf8, 0xc7, 0xf8, 0xc7, 0xf8, 0xc7, 0xf7, 0xc7, 0xf7, 0xc7, 0xf6, 0xc7, 0xf8, 0xcf, 0x58, 0xc7, 0xb8, 0xbe, 0x99, 0xbe, 0xb9, 0xbe, 0xf8, 0xbe, 0x98, 0xc7, 0xf8, 0xcf, 0xf8, 0xc7, 0xf8, 0xc7, 0xf9, 0xc7, 0xf8, 0xc7, 0xf8, 0xc7, 0xf7, 0xc7, 0xf8, 0xc7, 0xf8, 0xc7, 0xf8, 0xc7, 0xf8, 0xc7, 0xf8, 0xc7, 0xf8, 0xc7, 0xf8, 0xc7, 0xf8, 0xc7, 0xf8, 0xc7, 0xf8, 0xc7, 0xf8, 0xc7, 
  0x97, 0xc6, 0x57, 0xbe, 0x57, 0xbe, 0x78, 0xc6, 0x78, 0xc6, 0x97, 0xbe, 0x38, 0xc7, 0xfa, 0xd7, 0xf8, 0xc7, 0xf8, 0xc7, 0xf8, 0xc7, 0xf8, 0xc7, 0xf8, 0xc7, 0xf8, 0xc7, 0xf8, 0xc7, 0xf8, 0xc7, 0xf8, 0xc7, 0xf8, 0xc7, 0xf8, 0xc7, 0xf8, 0xc7, 0xf8, 0xc7, 0xf8, 0xc7, 0xf8, 0xc7, 0xf8, 0xc7, 0xf8, 0xc7, 0xf8, 0xc7, 0xf7, 0xc7, 0xf7, 0xc7, 0xf8, 0xc7, 0xf8, 0xcf, 0x79, 0xcf, 0x97, 0xbe, 0x77, 0xc6, 0x77, 0xbe, 0xb6, 0xbe, 0xb9, 0xcf, 0xf9, 0xcf, 0xf8, 0xc7, 0xf8, 0xc7, 0xf7, 0xc7, 0xf8, 0xc7, 0xf8, 0xc7, 0xf8, 0xc7, 0xf8, 0xc7, 0xf8, 0xc7, 0xf8, 0xc7, 0xf8, 0xc7, 0xf8, 0xc7, 0xf8, 0xc7, 0xf8, 0xc7, 0xf8, 0xc7, 0xf8, 0xbf, 0xf8, 0xc7, 0xf8, 0xc7, 0xf8, 0xc7, 0xf8, 0xc7, 0xf9, 0xcf, 0xf9, 0xcf, 0x59, 0xcf, 0x77, 0xbe, 0x78, 0xc6, 0x77, 0xbe, 0xf7, 0xb6, 0xf9, 0xcf, 0xf8, 0xc7, 0xf8, 0xc7, 0xf8, 0xc7, 0xf8, 0xc7, 0xf8, 0xc7, 0xf8, 0xc7, 0xf8, 0xc7, 0xf8, 0xc7, 0xf8, 0xc7, 0xf8, 0xc7, 0xf8, 0xc7, 0xf8, 0xc7, 0xf8, 0xc7, 0xf8, 0xc7, 0xf7, 0xc7, 0xf7, 0xc7, 0xf7, 0xc7, 0xf9, 0xd7, 0x18, 0xc7, 0x78, 0xbe, 0x38, 0xbe, 0x79, 0xc6, 0x97, 0xbe, 0x37, 0xc7, 0xf8, 0xcf, 0xf8, 0xc7, 0xf8, 0xbf, 0xf9, 0xc7, 0xf9, 0xcf, 0xf8, 0xcf, 0xf7, 0xc7, 0xf8, 0xc7, 0xf8, 0xc7, 0xf8, 0xc7, 0xf8, 0xc7, 0xf8, 0xc7, 0xf8, 0xc7, 0xf8, 0xc7, 0xf8, 0xc7, 0xf8, 0xc7, 0xf8, 0xc7, 0xf8, 0xc7, 
  0x78, 0xce, 0x58, 0xc6, 0x58, 0xc6, 0x79, 0xce, 0x59, 0xc6, 0x38, 0xbe, 0xb8, 0xc6, 0x79, 0xcf, 0xd9, 0xcf, 0xf8, 0xc7, 0xf8, 0xc7, 0xf7, 0xc7, 0xf8, 0xc7, 0xf8, 0xc7, 0xf8, 0xc7, 0xf8, 0xc7, 0xf8, 0xc7, 0xf8, 0xc7, 0xf8, 0xc7, 0xf8, 0xc7, 0xf8, 0xc7, 0xf8, 0xc7, 0xf8, 0xc7, 0xf8, 0xc7, 0xf8, 0xc7, 0xf8, 0xcf, 0xf7, 0xc7, 0xf7, 0xc7, 0xf8, 0xc7, 0xf9, 0xcf, 0x99, 0xd7, 0x97, 0xbe, 0x98, 0xc6, 0x77, 0xbe, 0x97, 0xbe, 0x99, 0xcf, 0xf9, 0xcf, 0xf8, 0xc7, 0xf7, 0xc7, 0xf7, 0xc7, 0xf8, 0xc7, 0xf8, 0xc7, 0xf8, 0xc7, 0xf8, 0xc7, 0xf8, 0xc7, 0xf8, 0xc7, 0xf8, 0xc7, 0xf8, 0xc7, 0xf8, 0xc7, 0xf8, 0xc7, 0xf8, 0xc7, 0xf8, 0xc7, 0xf8, 0xc7, 0xf8, 0xc7, 0xf8, 0xc7, 0xf8, 0xcf, 0xd8, 0xc7, 0xfa, 0xd7, 0xb7, 0xbe, 0x77, 0xbe, 0xb8, 0xce, 0x97, 0xbe, 0x78, 0xc7, 0xf9, 0xcf, 0xf8, 0xc7, 0xf8, 0xc7, 0xf8, 0xc7, 0xf8, 0xc7, 0xf8, 0xc7, 0xf8, 0xc7, 0xf8, 0xc7, 0xf8, 0xc7, 0xf8, 0xc7, 0xf8, 0xc7, 0xf8, 0xc7, 0xf8, 0xc7, 0xf8, 0xc7, 0xf8, 0xc7, 0xf8, 0xc7, 0xf8, 0xc7, 0xf8, 0xcf, 0x99, 0xcf, 0xb8, 0xc6, 0x78, 0xc6, 0x59, 0xc6, 0x99, 0xce, 0x77, 0xbe, 0x96, 0xbe, 0xb9, 0xcf, 0xf9, 0xcf, 0xf9, 0xc7, 0xf9, 0xc7, 0xf9, 0xcf, 0xf8, 0xcf, 0xf8, 0xc7, 0xf8, 0xc7, 0xf8, 0xc7, 0xf8, 0xc7, 0xf8, 0xc7, 0xf8, 0xc7, 0xf8, 0xc7, 0xf8, 0xc7, 0xf8, 0xc7, 0xf8, 0xc7, 0xf8, 0xc7, 0xf8, 0xc7, 
  0x38, 0xce, 0x38, 0xce, 0x59, 0xc6, 0x59, 0xce, 0x39, 0xce, 0x19, 0xc6, 0x59, 0xc6, 0xb9, 0xc6, 0xba, 0xcf, 0xf9, 0xcf, 0xf8, 0xc7, 0xf7, 0xbf, 0xf7, 0xc7, 0xf8, 0xc7, 0xf8, 0xc7, 0xf8, 0xc7, 0xf8, 0xc7, 0xf8, 0xc7, 0xf8, 0xc7, 0xf8, 0xc7, 0xf8, 0xc7, 0xf8, 0xc7, 0xf8, 0xc7, 0xf8, 0xc7, 0xf9, 0xcf, 0xf9, 0xcf, 0xf8, 0xc7, 0xf7, 0xbf, 0xf7, 0xc7, 0xf8, 0xcf, 0x79, 0xcf, 0x77, 0xbe, 0x98, 0xc6, 0x57, 0xc6, 0x97, 0xbe, 0x99, 0xcf, 0xd9, 0xcf, 0xf8, 0xc7, 0xf8, 0xc7, 0xf8, 0xc7, 0xf8, 0xc7, 0xf8, 0xc7, 0xf8, 0xc7, 0xf8, 0xc7, 0xf8, 0xc7, 0xf8, 0xc7, 0xf8, 0xc7, 0xf8, 0xc7, 0xf8, 0xc7, 0xf8, 0xc7, 0xf8, 0xc7, 0xf8, 0xc7, 0xf8, 0xc7, 0xf7, 0xc7, 0xf7, 0xc7, 0xf8, 0xcf, 0xb9, 0xcf, 0x9a, 0xd7, 0x98, 0xc6, 0x98, 0xc6, 0x77, 0xc6, 0xb7, 0xbe, 0xb9, 0xcf, 0xf9, 0xcf, 0xf8, 0xc7, 0xf8, 0xc7, 0xf8, 0xc7, 0xf8, 0xc7, 0xf8, 0xc7, 0xf8, 0xc7, 0xf8, 0xc7, 0xf8, 0xc7, 0xf8, 0xc7, 0xf8, 0xc7, 0xf8, 0xc7, 0xf8, 0xc7, 0xf8, 0xc7, 0xf8, 0xc7, 0xf8, 0xc7, 0xf8, 0xc7, 0xfa, 0xcf, 0xf8, 0xc6, 0x57, 0xc6, 0x59, 0xce, 0x38, 0xc6, 0x59, 0xce, 0x78, 0xc6, 0x77, 0xbe, 0x38, 0xc7, 0xd9, 0xcf, 0xf9, 0xc7, 0xf8, 0xc7, 0xf8, 0xc7, 0xf8, 0xcf, 0xf8, 0xcf, 0xf8, 0xc7, 0xf8, 0xc7, 0xf8, 0xc7, 0xf8, 0xc7, 0xf8, 0xc7, 0xf8, 0xc7, 0xf8, 0xc7, 0xf8, 0xc7, 0xf8, 0xc7, 0xf8, 0xc7, 0xf8, 0xc7, 
  0x39, 0xd6, 0x39, 0xce, 0x59, 0xce, 0x59, 0xce, 0x3a, 0xce, 0x3a, 0xce, 0x39, 0xce, 0x79, 0xc6, 0x3a, 0xcf, 0xb9, 0xcf, 0xf8, 0xc7, 0xf7, 0xc7, 0xf7, 0xc7, 0xf7, 0xc7, 0xf8, 0xc7, 0xf8, 0xc7, 0xf8, 0xc7, 0xf8, 0xc7, 0xf8, 0xc7, 0xf8, 0xc7, 0xf8, 0xc7, 0xf8, 0xc7, 0xf8, 0xc7, 0xf8, 0xc7, 0xf8, 0xc7, 0xf9, 0xcf, 0xf8, 0xc7, 0xf7, 0xc7, 0xf7, 0xc7, 0xf8, 0xcf, 0x79, 0xcf, 0x77, 0xbe, 0x78, 0xc6, 0x58, 0xc6, 0xb7, 0xc6, 0x9a, 0xd7, 0xf9, 0xcf, 0xf8, 0xc7, 0xf8, 0xc7, 0xf8, 0xc7, 0xf8, 0xc7, 0xf8, 0xc7, 0xf8, 0xc7, 0xf8, 0xc7, 0xf8, 0xc7, 0xf8, 0xc7, 0xf8, 0xc7, 0xf8, 0xc7, 0xf8, 0xc7, 0xf8, 0xc7, 0xf8, 0xc7, 0xf8, 0xc7, 0xf7, 0xc7, 0xf7, 0xc7, 0xf7, 0xc7, 0xf8, 0xcf, 0xda, 0xd7, 0xf9, 0xce, 0x98, 0xc6, 0x78, 0xc6, 0x77, 0xbe, 0x79, 0xcf, 0xd9, 0xcf, 0xf9, 0xcf, 0xf8, 0xc7, 0xf8, 0xc7, 0xf8, 0xc7, 0xf8, 0xc7, 0xf8, 0xc7, 0xf8, 0xc7, 0xf8, 0xc7, 0xf8, 0xc7, 0xf8, 0xc7, 0xf8, 0xc7, 0xf8, 0xc7, 0xf8, 0xc7, 0xf8, 0xc7, 0xf8, 0xc7, 0xf8, 0xc7, 0xf9, 0xc7, 0xba, 0xcf, 0xb8, 0xc6, 0x58, 0xc6, 0x79, 0xce, 0x58, 0xce, 0x58, 0xc6, 0x59, 0xce, 0x78, 0xc6, 0xd8, 0xc6, 0x99, 0xcf, 0xf9, 0xcf, 0xf8, 0xc7, 0xd8, 0xc7, 0xf9, 0xcf, 0xf8, 0xcf, 0xf8, 0xc7, 0xf8, 0xc7, 0xf8, 0xc7, 0xf8, 0xc7, 0xf8, 0xc7, 0xf8, 0xc7, 0xf8, 0xc7, 0xf8, 0xc7, 0xf8, 0xc7, 0xf8, 0xc7, 0xf8, 0xc7, 
  0x39, 0xd6, 0x39, 0xce, 0x39, 0xce, 0x59, 0xc6, 0x59, 0xce, 0x39, 0xce, 0x19, 0xce, 0x39, 0xc6, 0xb9, 0xc6, 0x59, 0xcf, 0xf9, 0xcf, 0xf8, 0xc7, 0xf7, 0xc7, 0xf7, 0xc7, 0xf8, 0xc7, 0xf8, 0xc7, 0xf8, 0xc7, 0xf8, 0xc7, 0xf8, 0xc7, 0xf8, 0xc7, 0xf8, 0xc7, 0xf8, 0xc7, 0xf8, 0xc7, 0xf8, 0xc7, 0xf8, 0xc7, 0xf8, 0xcf, 0xf8, 0xc7, 0xf8, 0xc7, 0xf8, 0xc7, 0xf8, 0xcf, 0x79, 0xcf, 0x98, 0xc6, 0x58, 0xc6, 0x58, 0xc6, 0x97, 0xc6, 0x7a, 0xd7, 0xd9, 0xcf, 0xf8, 0xc7, 0xf8, 0xc7, 0xf7, 0xc7, 0xf8, 0xc7, 0xf8, 0xc7, 0xf8, 0xc7, 0xf8, 0xc7, 0xf8, 0xc7, 0xf8, 0xc7, 0xf8, 0xc7, 0xf8, 0xc7, 0xf8, 0xc7, 0xf8, 0xc7, 0xf8, 0xc7, 0xf8, 0xc7, 0xf7, 0xc7, 0xf7, 0xc7, 0xf7, 0xc7, 0xf8, 0xcf, 0x7a, 0xd7, 0x78, 0xc6, 0x58, 0xc6, 0x57, 0xbe, 0xb7, 0xbe, 0xda, 0xd7, 0xd9, 0xcf, 0xd8, 0xc7, 0xf8, 0xc7, 0xf8, 0xc7, 0xf8, 0xc7, 0xf8, 0xc7, 0xf8, 0xc7, 0xf8, 0xc7, 0xf8, 0xc7, 0xf8, 0xc7, 0xf8, 0xc7, 0xf8, 0xc7, 0xf8, 0xc7, 0xf8, 0xc7, 0xf8, 0xc7, 0xf8, 0xc7, 0xf8, 0xc7, 0xf9, 0xcf, 0x19, 0xc7, 0x79, 0xc6, 0x59, 0xce, 0x59, 0xce, 0xda, 0xd6, 0x78, 0xc6, 0x58, 0xce, 0x58, 0xce, 0x78, 0xc6, 0x39, 0xcf, 0xf9, 0xcf, 0xf8, 0xc7, 0xf8, 0xc7, 0xf9, 0xcf, 0xf8, 0xc7, 0xf8, 0xc7, 0xf8, 0xc7, 0xf8, 0xc7, 0xf8, 0xc7, 0xf8, 0xc7, 0xf8, 0xc7, 0xf8, 0xc7, 0xf8, 0xc7, 0xf8, 0xc7, 0xf8, 0xc7, 0xf8, 0xc7, 
  0x3a, 0xd6, 0x39, 0xce, 0x58, 0xce, 0x79, 0xce, 0x99, 0xce, 0x79, 0xce, 0x59, 0xce, 0x59, 0xce, 0x38, 0xbe, 0xf9, 0xce, 0xba, 0xd7, 0xf9, 0xcf, 0xf7, 0xc7, 0xf8, 0xc7, 0xf8, 0xc7, 0xf8, 0xc7, 0xf8, 0xc7, 0xf8, 0xc7, 0xf8, 0xc7, 0xf8, 0xc7, 0xf8, 0xc7, 0xf8, 0xc7, 0xf8, 0xc7, 0xf8, 0xc7, 0xf8, 0xc7, 0xf8, 0xcf, 0xf7, 0xc7, 0xf7, 0xc7, 0xf7, 0xc7, 0xd8, 0xc7, 0x59, 0xcf, 0x98, 0xc6, 0x58, 0xce, 0x58, 0xc6, 0x98, 0xc6, 0x7a, 0xd7, 0xd9, 0xcf, 0xf9, 0xcf, 0xf8, 0xc7, 0xf8, 0xc7, 0xf8, 0xc7, 0xf8, 0xc7, 0xf8, 0xc7, 0xf8, 0xc7, 0xf8, 0xc7, 0xf8, 0xc7, 0xf8, 0xc7, 0xf8, 0xc7, 0xf8, 0xc7, 0xf8, 0xc7, 0xf8, 0xcf, 0xf8, 0xc7, 0xf7, 0xc7, 0xf7, 0xc7, 0xf8, 0xc7, 0xd9, 0xcf, 0x19, 0xcf, 0x99, 0xce, 0x38, 0xc6, 0xb9, 0xce, 0x18, 0xc7, 0xb9, 0xcf, 0xf9, 0xcf, 0xf8, 0xcf, 0xf8, 0xc7, 0xf8, 0xc7, 0xf8, 0xc7, 0xf8, 0xc7, 0xf8, 0xc7, 0xf8, 0xc7, 0xf8, 0xc7, 0xf8, 0xc7, 0xf8, 0xc7, 0xf8, 0xc7, 0xf8, 0xc7, 0xf8, 0xc7, 0xf8, 0xc7, 0xf8, 0xc7, 0xf9, 0xc7, 0xda, 0xcf, 0xb8, 0xc6, 0x79, 0xce, 0x58, 0xc6, 0x57, 0xbe, 0x7b, 0xdf, 0xf9, 0xce, 0x58, 0xce, 0x39, 0xce, 0x38, 0xc6, 0xf9, 0xce, 0xb8, 0xcf, 0xf8, 0xc7, 0xf9, 0xcf, 0xf9, 0xcf, 0xf8, 0xc7, 0xf8, 0xc7, 0xf8, 0xc7, 0xf8, 0xc7, 0xf8, 0xc7, 0xf8, 0xc7, 0xf8, 0xc7, 0xf8, 0xc7, 0xf8, 0xc7, 0xf8, 0xc7, 0xf8, 0xc7, 0xf8, 0xc7, 
  0x19, 0xd6, 0x39, 0xce, 0x78, 0xce, 0x77, 0xc6, 0x19, 0xcf, 0xd9, 0xce, 0x78, 0xc6, 0x79, 0xc6, 0x38, 0xc6, 0x99, 0xce, 0x19, 0xcf, 0xda, 0xd7, 0xf8, 0xc7, 0xf8, 0xc7, 0xf8, 0xc7, 0xf7, 0xc7, 0xf8, 0xc7, 0xf8, 0xc7, 0xf8, 0xc7, 0xf8, 0xc7, 0xf8, 0xc7, 0xf8, 0xc7, 0xf8, 0xc7, 0xf8, 0xc7, 0xf8, 0xc7, 0xf8, 0xc7, 0xf8, 0xc7, 0xf8, 0xc7, 0xf7, 0xc7, 0xf8, 0xcf, 0x79, 0xcf, 0x78, 0xc6, 0x58, 0xc6, 0x58, 0xce, 0x77, 0xbe, 0x9a, 0xd7, 0xb9, 0xcf, 0xf9, 0xc7, 0xf8, 0xc7, 0xf8, 0xc7, 0xf8, 0xc7, 0xf8, 0xc7, 0xf8, 0xc7, 0xf8, 0xc7, 0xf8, 0xc7, 0xf8, 0xc7, 0xf8, 0xc7, 0xf8, 0xc7, 0xf8, 0xc7, 0xf8, 0xc7, 0xf9, 0xcf, 0xf8, 0xcf, 0xf7, 0xbf, 0xf8, 0xcf, 0xf8, 0xc7, 0xd9, 0xd7, 0xb8, 0xc6, 0x58, 0xc6, 0x79, 0xce, 0x77, 0xbe, 0xb9, 0xd7, 0xd9, 0xcf, 0xb8, 0xc7, 0xf9, 0xcf, 0xf8, 0xc7, 0xf8, 0xc7, 0xf8, 0xc7, 0xf8, 0xc7, 0xf8, 0xc7, 0xf8, 0xc7, 0xf8, 0xc7, 0xf8, 0xc7, 0xf8, 0xcf, 0xf7, 0xbf, 0xf8, 0xc7, 0xf8, 0xcf, 0xf9, 0xcf, 0xd8, 0xc7, 0xfa, 0xcf, 0x38, 0xc7, 0x58, 0xc6, 0x38, 0xce, 0x99, 0xc6, 0xb8, 0xbe, 0xba, 0xcf, 0x7a, 0xcf, 0x78, 0xc6, 0x38, 0xce, 0x38, 0xce, 0x78, 0xce, 0x99, 0xcf, 0xd8, 0xc7, 0xf9, 0xc7, 0xf8, 0xc7, 0xf7, 0xc7, 0xf7, 0xc7, 0xf8, 0xc7, 0xf8, 0xc7, 0xf8, 0xc7, 0xf8, 0xc7, 0xf8, 0xc7, 0xf8, 0xc7, 0xf8, 0xc7, 0xf8, 0xc7, 0xf8, 0xc7, 0xf8, 0xc7, 
  0x3a, 0xd6, 0x39, 0xce, 0x57, 0xc6, 0x77, 0xbe, 0x59, 0xcf, 0x7a, 0xcf, 0xf8, 0xc6, 0x58, 0xbe, 0x59, 0xce, 0x58, 0xc6, 0xb8, 0xce, 0x39, 0xcf, 0xfa, 0xd7, 0xf8, 0xc7, 0xf8, 0xc7, 0xf8, 0xc7, 0xf8, 0xc7, 0xf8, 0xc7, 0xf8, 0xc7, 0xf8, 0xc7, 0xf8, 0xc7, 0xf8, 0xc7, 0xf8, 0xc7, 0xf8, 0xc7, 0xf8, 0xc7, 0xf8, 0xc7, 0xf8, 0xc7, 0xf8, 0xc7, 0xf7, 0xc7, 0xf9, 0xcf, 0x7a, 0xcf, 0x78, 0xc6, 0x58, 0xc6, 0x58, 0xce, 0x77, 0xbe, 0x9a, 0xd7, 0xb9, 0xcf, 0xf9, 0xc7, 0xf8, 0xc7, 0xf8, 0xc7, 0xf8, 0xc7, 0xf8, 0xc7, 0xf8, 0xc7, 0xf8, 0xc7, 0xf8, 0xc7, 0xf8, 0xc7, 0xf8, 0xc7, 0xf8, 0xc7, 0xf8, 0xc7, 0xf8, 0xc7, 0xf8, 0xcf, 0xf8, 0xc7, 0xf7, 0xc7, 0xf8, 0xc7, 0xf9, 0xcf, 0x79, 0xcf, 0x78, 0xc6, 0x58, 0xce, 0x58, 0xc6, 0xd8, 0xc6, 0xd9, 0xcf, 0xf9, 0xcf, 0xf8, 0xc7, 0xf8, 0xcf, 0xf8, 0xc7, 0xf8, 0xc7, 0xf8, 0xc7, 0xf8, 0xc7, 0xf8, 0xc7, 0xf8, 0xc7, 0xf8, 0xc7, 0xf8, 0xc7, 0xf8, 0xc7, 0xf7, 0xc7, 0xf8, 0xc7, 0xf8, 0xc7, 0xf9, 0xcf, 0xf9, 0xcf, 0xd9, 0xcf, 0xf8, 0xc6, 0x38, 0xce, 0x59, 0xce, 0x98, 0xbe, 0x39, 0xc7, 0xfa, 0xcf, 0xd9, 0xcf, 0xf9, 0xce, 0x58, 0xce, 0x59, 0xd6, 0x57, 0xc6, 0x18, 0xc7, 0xd9, 0xcf, 0xf8, 0xc7, 0xf8, 0xc7, 0xf8, 0xc7, 0xf8, 0xc7, 0xf8, 0xc7, 0xf8, 0xc7, 0xf8, 0xc7, 0xf8, 0xc7, 0xf8, 0xc7, 0xf8, 0xc7, 0xf8, 0xc7, 0xf8, 0xc7, 0xf8, 0xc7, 0xf8, 0xc7, 
  0x3a, 0xd6, 0x38, 0xce, 0x77, 0xc6, 0x96, 0xbe, 0x78, 0xcf, 0xfa, 0xd7, 0x79, 0xc7, 0x97, 0xb6, 0x78, 0xc6, 0x38, 0xc6, 0x58, 0xc6, 0xb8, 0xc6, 0xba, 0xd7, 0xd9, 0xcf, 0xd8, 0xc7, 0xf8, 0xc7, 0xf8, 0xc7, 0xf8, 0xc7, 0xf8, 0xc7, 0xf8, 0xc7, 0xf8, 0xc7, 0xf8, 0xc7, 0xf8, 0xc7, 0xf8, 0xc7, 0xf8, 0xc7, 0xf8, 0xc7, 0xf8, 0xc7, 0xf8, 0xc7, 0xf8, 0xc7, 0xf9, 0xcf, 0x7a, 0xcf, 0x78, 0xc6, 0x58, 0xc6, 0x58, 0xce, 0x77, 0xbe, 0x9a, 0xd7, 0xd9, 0xcf, 0xf9, 0xc7, 0xf8, 0xc7, 0xf8, 0xc7, 0xf8, 0xc7, 0xf8, 0xc7, 0xf8, 0xc7, 0xf8, 0xc7, 0xf8, 0xc7, 0xf8, 0xc7, 0xf8, 0xc7, 0xf8, 0xc7, 0xf8, 0xc7, 0xf8, 0xc7, 0xf8, 0xc7, 0xf8, 0xc7, 0xf8, 0xc7, 0xd8, 0xc7, 0xfa, 0xd7, 0x18, 0xc7, 0x57, 0xbe, 0x78, 0xce, 0x57, 0xbe, 0x79, 0xcf, 0xd9, 0xcf, 0xf9, 0xcf, 0xf8, 0xc7, 0xf8, 0xc7, 0xf8, 0xc7, 0xf8, 0xc7, 0xf8, 0xc7, 0xf8, 0xc7, 0xf8, 0xc7, 0xf8, 0xc7, 0xf8, 0xc7, 0xf8, 0xc7, 0xf7, 0xc7, 0xf8, 0xc7, 0xf8, 0xc7, 0xf8, 0xc7, 0xd9, 0xcf, 0xfa, 0xd7, 0x59, 0xcf, 0xb7, 0xc6, 0x38, 0xce, 0x79, 0xce, 0xb7, 0xbe, 0xda, 0xc7, 0xf9, 0xc7, 0xf9, 0xc7, 0x59, 0xcf, 0x78, 0xc6, 0x59, 0xd6, 0x37, 0xc6, 0x97, 0xc6, 0xd9, 0xd7, 0xf9, 0xc7, 0xf8, 0xc7, 0xf8, 0xc7, 0xf7, 0xc7, 0xf8, 0xc7, 0xf8, 0xc7, 0xf8, 0xc7, 0xf8, 0xc7, 0xf8, 0xc7, 0xf8, 0xc7, 0xf8, 0xc7, 0xf8, 0xc7, 0xf8, 0xc7, 0xf8, 0xc7, 
  0x59, 0xce, 0x38, 0xce, 0x98, 0xc6, 0x96, 0xbe, 0x57, 0xc7, 0xf9, 0xcf, 0xd9, 0xcf, 0x38, 0xc7, 0x77, 0xc6, 0x58, 0xc6, 0x38, 0xc6, 0x98, 0xc6, 0x19, 0xc7, 0xda, 0xd7, 0xd9, 0xcf, 0xd8, 0xc7, 0xf8, 0xc7, 0xf8, 0xc7, 0xf8, 0xc7, 0xf8, 0xc7, 0xf8, 0xc7, 0xf8, 0xc7, 0xf8, 0xc7, 0xf8, 0xc7, 0xf8, 0xc7, 0xf8, 0xc7, 0xf8, 0xc7, 0xf8, 0xc7, 0xf8, 0xc7, 0xf9, 0xcf, 0x7a, 0xcf, 0x78, 0xc6, 0x58, 0xc6, 0x58, 0xce, 0x77, 0xbe, 0x9a, 0xd7, 0xd9, 0xcf, 0xf8, 0xc7, 0xf8, 0xc7, 0xf8, 0xc7, 0xf8, 0xc7, 0xf8, 0xc7, 0xf8, 0xc7, 0xf8, 0xc7, 0xf8, 0xc7, 0xf8, 0xc7, 0xf8, 0xc7, 0xf8, 0xc7, 0xf8, 0xc7, 0xf8, 0xc7, 0xf8, 0xc7, 0xf8, 0xcf, 0xf9, 0xcf, 0xd9, 0xcf, 0x9a, 0xd7, 0xb8, 0xc6, 0x78, 0xc6, 0x78, 0xc6, 0xb7, 0xbe, 0xba, 0xd7, 0xd8, 0xc7, 0xf8, 0xc7, 0xf8, 0xc7, 0xf8, 0xc7, 0xf8, 0xc7, 0xf8, 0xc7, 0xf8, 0xc7, 0xf8, 0xc7, 0xf8, 0xc7, 0xf8, 0xc7, 0xf8, 0xc7, 0xf8, 0xc7, 0xf7, 0xbf, 0xf8, 0xc7, 0xf8, 0xc7, 0xf8, 0xc7, 0xd9, 0xcf, 0xda, 0xd7, 0xf8, 0xc6, 0x77, 0xc6, 0x38, 0xce, 0x78, 0xce, 0x18, 0xbf, 0xf9, 0xc7, 0xf8, 0xbf, 0xf9, 0xc7, 0x99, 0xcf, 0xb8, 0xc6, 0x58, 0xce, 0x38, 0xce, 0x57, 0xc6, 0x59, 0xcf, 0xd9, 0xc7, 0xf8, 0xbf, 0xf8, 0xc7, 0xf7, 0xc7, 0xf8, 0xc7, 0xf8, 0xc7, 0xf8, 0xc7, 0xf8, 0xc7, 0xf8, 0xc7, 0xf8, 0xc7, 0xf8, 0xc7, 0xf8, 0xc7, 0xf8, 0xc7, 0xf8, 0xc7, 
  0x59, 0xce, 0x38, 0xc6, 0x98, 0xc6, 0xb7, 0xbe, 0x58, 0xc7, 0xd9, 0xcf, 0xf9, 0xcf, 0xb9, 0xcf, 0xd7, 0xc6, 0x77, 0xc6, 0x58, 0xc6, 0x99, 0xc6, 0x97, 0xbe, 0x59, 0xcf, 0xda, 0xd7, 0xd8, 0xcf, 0xf8, 0xc7, 0xf8, 0xc7, 0xf8, 0xc7, 0xf8, 0xc7, 0xf8, 0xc7, 0xf8, 0xc7, 0xf8, 0xc7, 0xf8, 0xc7, 0xf8, 0xc7, 0xf8, 0xc7, 0xf8, 0xc7, 0xf8, 0xc7, 0xf8, 0xc7, 0xf9, 0xcf, 0x7a, 0xcf, 0x78, 0xc6, 0x58, 0xc6, 0x78, 0xc6, 0x77, 0xbe, 0x9a, 0xd7, 0xd9, 0xcf, 0xf8, 0xc7, 0xf8, 0xc7, 0xf8, 0xc7, 0xf8, 0xc7, 0xf8, 0xc7, 0xf8, 0xc7, 0xf8, 0xc7, 0xf8, 0xc7, 0xf8, 0xc7, 0xf8, 0xc7, 0xf8, 0xc7, 0xf8, 0xc7, 0xf8, 0xc7, 0xf8, 0xc7, 0xf8, 0xcf, 0xd9, 0xcf, 0xda, 0xd7, 0x19, 0xcf, 0x98, 0xc6, 0x78, 0xc6, 0x77, 0xbe, 0x38, 0xcf, 0xd9, 0xcf, 0xd8, 0xc7, 0xf8, 0xc7, 0xf8, 0xc7, 0xf8, 0xc7, 0xf8, 0xc7, 0xf8, 0xc7, 0xf8, 0xc7, 0xf8, 0xc7, 0xf8, 0xc7, 0xf8, 0xc7, 0xf8, 0xc7, 0xf8, 0xc7, 0xf7, 0xbf, 0xf8, 0xc7, 0xf8, 0xc7, 0xf8, 0xcf, 0xb9, 0xd7, 0x9a, 0xd7, 0x97, 0xc6, 0x78, 0xc6, 0x58, 0xce, 0x77, 0xc6, 0xb9, 0xc7, 0xf9, 0xbf, 0xf8, 0xbf, 0xf9, 0xc7, 0xd9, 0xcf, 0x18, 0xc7, 0x57, 0xc6, 0x58, 0xce, 0x58, 0xce, 0xd8, 0xc6, 0xb9, 0xcf, 0xf8, 0xc7, 0xf8, 0xc7, 0xf8, 0xc7, 0xf8, 0xc7, 0xf8, 0xc7, 0xf8, 0xc7, 0xf8, 0xc7, 0xf8, 0xc7, 0xf8, 0xc7, 0xf8, 0xc7, 0xf8, 0xc7, 0xf8, 0xc7, 0xf8, 0xc7, 
  0x59, 0xce, 0x38, 0xc6, 0x78, 0xc6, 0xb7, 0xbe, 0x79, 0xcf, 0xd9, 0xcf, 0xf9, 0xcf, 0xd9, 0xcf, 0x78, 0xcf, 0x97, 0xbe, 0x78, 0xc6, 0x78, 0xc6, 0x77, 0xc6, 0xb7, 0xc6, 0xba, 0xd7, 0xfa, 0xd7, 0xf8, 0xcf, 0xf8, 0xc7, 0xf8, 0xc7, 0xf8, 0xc7, 0xf8, 0xc7, 0xf8, 0xc7, 0xf8, 0xc7, 0xf8, 0xc7, 0xf8, 0xc7, 0xf8, 0xc7, 0xf8, 0xc7, 0xf8, 0xc7, 0xf8, 0xc7, 0xf9, 0xcf, 0x7a, 0xcf, 0x78, 0xbe, 0x58, 0xc6, 0x78, 0xc6, 0x77, 0xbe, 0x9a, 0xd7, 0xd9, 0xcf, 0xf8, 0xc7, 0xf8, 0xc7, 0xf8, 0xc7, 0xf8, 0xc7, 0xf8, 0xc7, 0xf8, 0xc7, 0xf8, 0xc7, 0xf8, 0xc7, 0xf8, 0xc7, 0xf8, 0xc7, 0xf8, 0xc7, 0xf8, 0xc7, 0xf8, 0xc7, 0xf8, 0xc7, 0xf8, 0xcf, 0xd9, 0xcf, 0xbb, 0xd7, 0xb9, 0xc6, 0x79, 0xc6, 0x78, 0xc6, 0x97, 0xbe, 0x99, 0xcf, 0xd8, 0xcf, 0xf8, 0xc7, 0xf8, 0xc7, 0xf8, 0xc7, 0xf8, 0xc7, 0xf8, 0xc7, 0xf8, 0xc7, 0xf8, 0xc7, 0xf8, 0xc7, 0xf8, 0xc7, 0xf8, 0xc7, 0xf8, 0xc7, 0xf8, 0xc7, 0xf8, 0xc7, 0xf7, 0xc7, 0xf8, 0xc7, 0xf9, 0xcf, 0xb9, 0xd7, 0x19, 0xcf, 0x57, 0xc6, 0x78, 0xce, 0x58, 0xce, 0xb7, 0xc6, 0xf9, 0xcf, 0xf8, 0xbf, 0xf8, 0xc7, 0xf9, 0xc7, 0xd9, 0xcf, 0x99, 0xcf, 0x97, 0xbe, 0x58, 0xc6, 0x59, 0xce, 0x58, 0xc6, 0x79, 0xcf, 0xd9, 0xc7, 0xf8, 0xcf, 0xf8, 0xcf, 0xf8, 0xc7, 0xf8, 0xc7, 0xf8, 0xc7, 0xf8, 0xc7, 0xf8, 0xc7, 0xf8, 0xc7, 0xf8, 0xc7, 0xf8, 0xc7, 0xf8, 0xc7, 0xf8, 0xc7, 
  0x59, 0xce, 0x38, 0xce, 0x78, 0xc6, 0x77, 0xbe, 0x59, 0xcf, 0xda, 0xd7, 0xd9, 0xcf, 0xd9, 0xcf, 0xd9, 0xcf, 0x18, 0xc7, 0xb8, 0xc6, 0x57, 0xc6, 0x78, 0xc6, 0x57, 0xbe, 0x18, 0xcf, 0xd9, 0xd7, 0xf8, 0xcf, 0xf8, 0xc7, 0xf8, 0xc7, 0xf8, 0xc7, 0xf8, 0xc7, 0xf8, 0xc7, 0xf8, 0xc7, 0xf8, 0xc7, 0xf8, 0xc7, 0xf8, 0xc7, 0xf8, 0xc7, 0xf8, 0xc7, 0xf8, 0xc7, 0xf9, 0xcf, 0x7a, 0xcf, 0x78, 0xbe, 0x58, 0xc6, 0x78, 0xc6, 0x77, 0xbe, 0x9a, 0xd7, 0xd9, 0xcf, 0xf8, 0xc7, 0xf8, 0xc7, 0xf8, 0xc7, 0xf8, 0xc7, 0xf8, 0xc7, 0xf8, 0xc7, 0xf8, 0xc7, 0xf8, 0xc7, 0xf8, 0xc7, 0xf8, 0xc7, 0xf8, 0xc7, 0xf8, 0xc7, 0xf8, 0xc7, 0xf7, 0xc7, 0xf8, 0xcf, 0xda, 0xd7, 0x5a, 0xcf, 0x79, 0xc6, 0x59, 0xc6, 0x78, 0xc6, 0xf8, 0xc6, 0xb9, 0xcf, 0xf8, 0xcf, 0xf8, 0xc7, 0xf8, 0xc7, 0xf8, 0xc7, 0xf8, 0xc7, 0xf8, 0xc7, 0xf8, 0xc7, 0xf8, 0xc7, 0xf8, 0xc7, 0xf9, 0xc7, 0xf8, 0xc7, 0xf8, 0xc7, 0xf8, 0xc7, 0xf8, 0xc7, 0xf8, 0xc7, 0xf8, 0xc7, 0xd9, 0xcf, 0x99, 0xd7, 0xb8, 0xc6, 0x58, 0xc6, 0x78, 0xce, 0x78, 0xc6, 0x59, 0xcf, 0xf9, 0xcf, 0xf8, 0xbf, 0xf8, 0xc7, 0xf9, 0xcf, 0xf9, 0xc7, 0xda, 0xcf, 0x19, 0xc7, 0x58, 0xbe, 0x5a, 0xd6, 0x38, 0xc6, 0xf8, 0xc6, 0xd9, 0xcf, 0xd8, 0xcf, 0xf8, 0xcf, 0xf8, 0xc7, 0xf8, 0xc7, 0xf8, 0xc7, 0xf8, 0xc7, 0xf8, 0xc7, 0xf8, 0xc7, 0xf8, 0xc7, 0xf8, 0xc7, 0xf8, 0xc7, 0xf8, 0xc7, 
  0x38, 0xce, 0x59, 0xce, 0x79, 0xc6, 0x57, 0xbe, 0x59, 0xcf, 0xd9, 0xd7, 0xd8, 0xcf, 0xf9, 0xcf, 0xf9, 0xcf, 0xb9, 0xcf, 0xd7, 0xbe, 0x77, 0xbe, 0x58, 0xc6, 0x78, 0xc6, 0x97, 0xc6, 0x79, 0xcf, 0xf9, 0xcf, 0xf8, 0xc7, 0xf8, 0xcf, 0xf8, 0xc7, 0xf8, 0xc7, 0xf8, 0xc7, 0xf8, 0xc7, 0xf8, 0xc7, 0xf8, 0xc7, 0xf8, 0xc7, 0xf8, 0xc7, 0xf8, 0xc7, 0xf8, 0xc7, 0xf9, 0xcf, 0x7a, 0xd7, 0x78, 0xc6, 0x58, 0xc6, 0x78, 0xc6, 0x77, 0xbe, 0xba, 0xd7, 0xd9, 0xcf, 0xf8, 0xc7, 0xf8, 0xc7, 0xf8, 0xc7, 0xf8, 0xc7, 0xf8, 0xc7, 0xf8, 0xc7, 0xf8, 0xc7, 0xf8, 0xc7, 0xf8, 0xc7, 0xf8, 0xc7, 0xf8, 0xc7, 0xf8, 0xc7, 0xf8, 0xc7, 0xf7, 0xc7, 0xd7, 0xc7, 0xfb, 0xd7, 0xd9, 0xc6, 0x5a, 0xc6, 0x59, 0xc6, 0xb8, 0xc6, 0x79, 0xcf, 0xd8, 0xcf, 0xf8, 0xcf, 0xf8, 0xc7, 0xf8, 0xbf, 0xf9, 0xc7, 0xf8, 0xc7, 0xf8, 0xc7, 0xf8, 0xc7, 0xf8, 0xc7, 0xf8, 0xc7, 0xf9, 0xc7, 0xf8, 0xc7, 0xf8, 0xc7, 0xf8, 0xc7, 0xf8, 0xc7, 0xf8, 0xc7, 0xf8, 0xcf, 0xd9, 0xcf, 0x79, 0xcf, 0x77, 0xbe, 0x58, 0xce, 0x58, 0xc6, 0x98, 0xc6, 0xda, 0xd7, 0xf8, 0xc7, 0xf8, 0xc7, 0xf8, 0xc7, 0xf8, 0xcf, 0xf8, 0xc7, 0xf9, 0xcf, 0x9a, 0xcf, 0x57, 0xbe, 0x5a, 0xce, 0x59, 0xce, 0x77, 0xbe, 0xba, 0xd7, 0xb9, 0xcf, 0xf8, 0xcf, 0xf8, 0xc7, 0xf8, 0xc7, 0xf8, 0xc7, 0xf8, 0xc7, 0xf8, 0xc7, 0xf8, 0xc7, 0xf8, 0xc7, 0xf8, 0xc7, 0xf8, 0xc7, 0xf8, 0xc7, 
  0x59, 0xc6, 0x59, 0xc6, 0x59, 0xce, 0x58, 0xc6, 0x78, 0xcf, 0xf8, 0xcf, 0xf8, 0xcf, 0xf8, 0xcf, 0xf9, 0xcf, 0xd9, 0xcf, 0x79, 0xc7, 0x96, 0xb6, 0x97, 0xc6, 0x78, 0xc6, 0x38, 0xc6, 0x98, 0xc6, 0xb9, 0xcf, 0xf9, 0xcf, 0xf8, 0xcf, 0xf8, 0xc7, 0xf8, 0xc7, 0xf8, 0xc7, 0xf8, 0xc7, 0xf8, 0xc7, 0xf8, 0xc7, 0xf8, 0xc7, 0xf8, 0xc7, 0xf8, 0xc7, 0xf8, 0xc7, 0xf9, 0xcf, 0x7a, 0xd7, 0x78, 0xc6, 0x58, 0xc6, 0x78, 0xc6, 0x76, 0xbe, 0xb9, 0xd7, 0xd9, 0xc7, 0xf8, 0xc7, 0xf8, 0xc7, 0xf8, 0xc7, 0xf8, 0xc7, 0xf8, 0xc7, 0xf8, 0xc7, 0xf8, 0xc7, 0xf8, 0xc7, 0xf8, 0xc7, 0xf8, 0xc7, 0xf8, 0xc7, 0xf8, 0xc7, 0xd7, 0xc7, 0xf8, 0xc7, 0xd7, 0xc7, 0xba, 0xd7, 0x79, 0xc6, 0x3a, 0xc6, 0x59, 0xc6, 0xd7, 0xbe, 0xd8, 0xcf, 0xf8, 0xcf, 0xf7, 0xc7, 0xf8, 0xcf, 0xf9, 0xc7, 0xf8, 0xbf, 0xf9, 0xc7, 0xf8, 0xc7, 0xf8, 0xc7, 0xf8, 0xc7, 0xf8, 0xc7, 0xf8, 0xc7, 0xf8, 0xc7, 0xf8, 0xc7, 0xf8, 0xc7, 0xf8, 0xc7, 0xf7, 0xc7, 0xf8, 0xcf, 0xd9, 0xd7, 0xd7, 0xc6, 0x78, 0xc6, 0x59, 0xce, 0x58, 0xc6, 0x39, 0xcf, 0xb9, 0xcf, 0xfa, 0xc7, 0xf9, 0xc7, 0xf8, 0xc7, 0xf8, 0xc7, 0xf8, 0xcf, 0xf9, 0xcf, 0xda, 0xd7, 0xb8, 0xc6, 0x59, 0xc6, 0x18, 0xc6, 0x79, 0xce, 0x19, 0xcf, 0xfa, 0xcf, 0xf8, 0xc7, 0xf8, 0xc7, 0xf8, 0xc7, 0xf8, 0xc7, 0xf8, 0xc7, 0xf8, 0xc7, 0xf8, 0xc7, 0xf8, 0xc7, 0xf8, 0xc7, 0xf8, 0xc7, 0xf8, 0xc7, 
  0x59, 0xc6, 0x59, 0xc6, 0x59, 0xce, 0x58, 0xc6, 0x78, 0xcf, 0xf8, 0xcf, 0xf8, 0xc7, 0xf8, 0xc7, 0xd8, 0xc7, 0xf9, 0xcf, 0xb9, 0xc7, 0x38, 0xc7, 0x77, 0xbe, 0x78, 0xc6, 0x59, 0xce, 0x38, 0xc6, 0x18, 0xc7, 0xfa, 0xd7, 0xf9, 0xcf, 0xd7, 0xc7, 0xf8, 0xc7, 0xf8, 0xc7, 0xf8, 0xbf, 0xf9, 0xc7, 0xf8, 0xc7, 0xf8, 0xc7, 0xf8, 0xc7, 0xf8, 0xc7, 0xf8, 0xc7, 0xf9, 0xcf, 0x7a, 0xd7, 0x78, 0xc6, 0x58, 0xce, 0x78, 0xc6, 0x76, 0xbe, 0xb9, 0xcf, 0xd8, 0xc7, 0xf8, 0xc7, 0xf8, 0xc7, 0xf9, 0xc7, 0xf9, 0xc7, 0xf8, 0xc7, 0xf8, 0xc7, 0xf8, 0xc7, 0xf8, 0xc7, 0xf8, 0xc7, 0xf8, 0xc7, 0xf8, 0xc7, 0xf9, 0xcf, 0xf8, 0xc7, 0xf7, 0xc7, 0xf8, 0xcf, 0x39, 0xcf, 0x59, 0xc6, 0x5a, 0xc6, 0x59, 0xc6, 0x38, 0xc7, 0xf8, 0xcf, 0xf7, 0xcf, 0xf7, 0xc7, 0xf8, 0xcf, 0xf9, 0xcf, 0xf8, 0xbf, 0xf9, 0xc7, 0xf8, 0xc7, 0xf8, 0xc7, 0xf8, 0xc7, 0xf8, 0xc7, 0xf8, 0xc7, 0xf8, 0xc7, 0xf8, 0xc7, 0xf8, 0xc7, 0xf7, 0xc7, 0xf8, 0xcf, 0xd9, 0xcf, 0x99, 0xd7, 0xb7, 0xc6, 0x58, 0xc6, 0x59, 0xce, 0x78, 0xc6, 0x9a, 0xcf, 0xf9, 0xcf, 0xfa, 0xc7, 0xf9, 0xbf, 0xf8, 0xbf, 0xf8, 0xc7, 0xf8, 0xc7, 0xf8, 0xcf, 0xd9, 0xcf, 0x39, 0xc7, 0x58, 0xc6, 0x59, 0xce, 0x58, 0xce, 0xb8, 0xc6, 0x99, 0xcf, 0xf9, 0xc7, 0xf8, 0xc7, 0xf8, 0xc7, 0xf8, 0xc7, 0xf8, 0xc7, 0xf8, 0xc7, 0xf8, 0xc7, 0xf8, 0xc7, 0xf8, 0xc7, 0xf8, 0xc7, 0xf8, 0xc7, 
  0x59, 0xc6, 0x59, 0xc6, 0x59, 0xce, 0x58, 0xc6, 0x78, 0xcf, 0xf8, 0xcf, 0xf8, 0xc7, 0xf8, 0xc7, 0xd8, 0xc7, 0xf9, 0xcf, 0xf9, 0xcf, 0xda, 0xcf, 0xd7, 0xbe, 0x77, 0xc6, 0x79, 0xce, 0x38, 0xc6, 0x98, 0xbe, 0x79, 0xcf, 0xd9, 0xd7, 0xf8, 0xcf, 0xf8, 0xc7, 0xf7, 0xbf, 0xf8, 0xbf, 0xf9, 0xc7, 0xf8, 0xc7, 0xf8, 0xc7, 0xf8, 0xc7, 0xf8, 0xc7, 0xf8, 0xc7, 0xf9, 0xcf, 0x7a, 0xd7, 0x78, 0xc6, 0x58, 0xce, 0x78, 0xc6, 0x76, 0xbe, 0xb9, 0xcf, 0xd8, 0xc7, 0xf8, 0xc7, 0xf8, 0xc7, 0xf8, 0xc7, 0xf9, 0xc7, 0xf8, 0xc7, 0xf8, 0xc7, 0xf8, 0xc7, 0xf8, 0xc7, 0xf8, 0xc7, 0xf8, 0xc7, 0xf8, 0xc7, 0xf8, 0xcf, 0xf8, 0xcf, 0xd7, 0xc7, 0xd9, 0xd7, 0xb7, 0xbe, 0x58, 0xc6, 0x7a, 0xc6, 0x78, 0xbe, 0x99, 0xcf, 0xf8, 0xcf, 0xf7, 0xc7, 0xf7, 0xc7, 0xf9, 0xcf, 0xf9, 0xcf, 0xf8, 0xc7, 0xf8, 0xc7, 0xf8, 0xc7, 0xf8, 0xc7, 0xf8, 0xc7, 0xf8, 0xc7, 0xf8, 0xc7, 0xf8, 0xc7, 0xf8, 0xc7, 0xf8, 0xc7, 0xf8, 0xc7, 0xf9, 0xcf, 0xda, 0xd7, 0x18, 0xc7, 0x77, 0xc6, 0x78, 0xce, 0x38, 0xc6, 0xd9, 0xce, 0xda, 0xd7, 0xf9, 0xcf, 0xf9, 0xc7, 0xf8, 0xbf, 0xf8, 0xbf, 0xf8, 0xc7, 0xf8, 0xc7, 0xf7, 0xc7, 0xf9, 0xcf, 0xb9, 0xcf, 0x77, 0xbe, 0x98, 0xce, 0x58, 0xc6, 0x77, 0xbe, 0x38, 0xc7, 0xf9, 0xcf, 0xf8, 0xc7, 0xf8, 0xc7, 0xf8, 0xc7, 0xf8, 0xc7, 0xf8, 0xc7, 0xf8, 0xc7, 0xf8, 0xc7, 0xf8, 0xc7, 0xf8, 0xc7, 0xf8, 0xc7, 
  0x59, 0xc6, 0x59, 0xc6, 0x5a, 0xce, 0x58, 0xc6, 0x78, 0xcf, 0xf8, 0xcf, 0xf8, 0xc7, 0xf8, 0xc7, 0xf8, 0xcf, 0xd8, 0xc7, 0xf9, 0xcf, 0xfa, 0xcf, 0x79, 0xcf, 0x77, 0xbe, 0x78, 0xc6, 0x78, 0xc6, 0x78, 0xc6, 0xb8, 0xc6, 0x99, 0xcf, 0xf9, 0xd7, 0xf7, 0xbf, 0xf7, 0xbf, 0xf9, 0xc7, 0xf8, 0xc7, 0xf8, 0xc7, 0xf8, 0xcf, 0xf8, 0xc7, 0xf8, 0xc7, 0xf8, 0xc7, 0xf9, 0xcf, 0x79, 0xcf, 0x77, 0xc6, 0x58, 0xce, 0x78, 0xce, 0x76, 0xbe, 0xb9, 0xd7, 0xd8, 0xcf, 0xf8, 0xc7, 0xf8, 0xc7, 0xf8, 0xc7, 0xf8, 0xc7, 0xf8, 0xc7, 0xf8, 0xc7, 0xf8, 0xc7, 0xf8, 0xc7, 0xf8, 0xc7, 0xf8, 0xc7, 0xf8, 0xc7, 0xf8, 0xc7, 0xf8, 0xcf, 0xd8, 0xcf, 0x78, 0xcf, 0x57, 0xbe, 0x78, 0xc6, 0x79, 0xc6, 0xd9, 0xc6, 0xda, 0xcf, 0xf8, 0xcf, 0xf7, 0xc7, 0xf7, 0xc7, 0xf9, 0xcf, 0xf9, 0xcf, 0xf8, 0xbf, 0xf8, 0xc7, 0xf8, 0xc7, 0xf8, 0xc7, 0xf8, 0xc7, 0xf8, 0xc7, 0xf8, 0xc7, 0xf8, 0xc7, 0xf8, 0xcf, 0xf8, 0xcf, 0xf8, 0xc7, 0xd9, 0xc7, 0xba, 0xd7, 0x97, 0xc6, 0x37, 0xc6, 0x99, 0xd6, 0x37, 0xbe, 0x7a, 0xd7, 0xd9, 0xcf, 0xf8, 0xc7, 0xf8, 0xc7, 0xf8, 0xbf, 0xf8, 0xbf, 0xf8, 0xc7, 0xf7, 0xc7, 0xf7, 0xc7, 0xf8, 0xc7, 0xfa, 0xd7, 0xd8, 0xc6, 0x98, 0xc6, 0x78, 0xc6, 0x77, 0xbe, 0xf8, 0xc6, 0xda, 0xcf, 0xf8, 0xc7, 0xf8, 0xc7, 0xf8, 0xc7, 0xf8, 0xc7, 0xf8, 0xc7, 0xf8, 0xc7, 0xf8, 0xc7, 0xf8, 0xc7, 0xf8, 0xc7, 0xf8, 0xc7, 
  0x59, 0xce, 0x39, 0xce, 0x5a, 0xce, 0x58, 0xc6, 0x78, 0xcf, 0xf8, 0xcf, 0xf8, 0xc7, 0xf8, 0xc7, 0xf8, 0xc7, 0xd8, 0xc7, 0xf9, 0xc7, 0xd9, 0xcf, 0xda, 0xd7, 0xf8, 0xc6, 0x77, 0xbe, 0x78, 0xc6, 0x59, 0xc6, 0x58, 0xbe, 0x18, 0xc7, 0xd9, 0xd7, 0xf8, 0xc7, 0xf7, 0xbf, 0xf8, 0xc7, 0xf8, 0xbf, 0xf8, 0xcf, 0xf8, 0xcf, 0xf8, 0xc7, 0xf8, 0xc7, 0xf8, 0xc7, 0xf9, 0xcf, 0x99, 0xcf, 0x97, 0xc6, 0x58, 0xce, 0x58, 0xce, 0x76, 0xbe, 0xb9, 0xd7, 0xd8, 0xcf, 0xf8, 0xc7, 0xf8, 0xc7, 0xf8, 0xc7, 0xf8, 0xc7, 0xf8, 0xc7, 0xf8, 0xc7, 0xf8, 0xc7, 0xf7, 0xc7, 0xf8, 0xc7, 0xf8, 0xc7, 0xf8, 0xc7, 0xf8, 0xc7, 0xf9, 0xcf, 0xd9, 0xd7, 0xd7, 0xc6, 0x57, 0xc6, 0x78, 0xc6, 0x78, 0xbe, 0x7a, 0xd7, 0xfa, 0xcf, 0xf8, 0xc7, 0xf8, 0xc7, 0xf8, 0xc7, 0xf9, 0xcf, 0xf8, 0xc7, 0xf8, 0xc7, 0xf8, 0xc7, 0xf8, 0xc7, 0xf8, 0xc7, 0xf8, 0xbf, 0xf8, 0xbf, 0xf8, 0xc7, 0xf8, 0xc7, 0xf8, 0xcf, 0xf8, 0xcf, 0xf9, 0xcf, 0xb9, 0xcf, 0x3a, 0xcf, 0x58, 0xc6, 0x38, 0xce, 0x58, 0xce, 0x98, 0xc6, 0xdb, 0xd7, 0xd8, 0xc7, 0xf8, 0xc7, 0xf8, 0xc7, 0xf8, 0xc7, 0xf8, 0xc7, 0xf8, 0xc7, 0xf7, 0xc7, 0xf7, 0xc7, 0xf8, 0xc7, 0xf9, 0xcf, 0x79, 0xcf, 0x77, 0xbe, 0x77, 0xc6, 0x78, 0xc6, 0x98, 0xc6, 0x59, 0xcf, 0xf9, 0xcf, 0xf8, 0xc7, 0xf8, 0xc7, 0xf8, 0xc7, 0xf8, 0xc7, 0xf8, 0xc7, 0xf8, 0xc7, 0xf8, 0xc7, 0xf8, 0xc7, 0xf8, 0xc7, 
  0x59, 0xce, 0x39, 0xce, 0x3a, 0xce, 0x58, 0xc6, 0x78, 0xcf, 0xf8, 0xcf, 0xf8, 0xc7, 0xf8, 0xc7, 0xf8, 0xc7, 0xf8, 0xc7, 0xf9, 0xc7, 0xd9, 0xc7, 0xd9, 0xcf, 0xba, 0xd7, 0xb7, 0xbe, 0x78, 0xc6, 0x59, 0xc6, 0x59, 0xce, 0x97, 0xc6, 0x38, 0xc7, 0xf9, 0xcf, 0xf8, 0xc7, 0xf7, 0xbf, 0xf8, 0xc7, 0xf8, 0xcf, 0xf8, 0xcf, 0xf8, 0xc7, 0xf8, 0xc7, 0xf8, 0xc7, 0xf9, 0xcf, 0x99, 0xcf, 0x97, 0xc6, 0x58, 0xce, 0x58, 0xce, 0x77, 0xbe, 0xb9, 0xd7, 0xd8, 0xcf, 0xf8, 0xc7, 0xf8, 0xc7, 0xf8, 0xc7, 0xf8, 0xc7, 0xf8, 0xc7, 0xf8, 0xc7, 0xf7, 0xc7, 0xf7, 0xc7, 0xf8, 0xc7, 0xf8, 0xc7, 0xf8, 0xc7, 0xf8, 0xc7, 0xf9, 0xcf, 0x9a, 0xd7, 0x77, 0xbe, 0x58, 0xc6, 0x78, 0xce, 0xb7, 0xbe, 0xba, 0xd7, 0xf9, 0xcf, 0xf8, 0xc7, 0xf8, 0xc7, 0xf8, 0xc7, 0xf8, 0xc7, 0xf8, 0xc7, 0xf8, 0xc7, 0xf8, 0xc7, 0xf8, 0xc7, 0xf8, 0xc7, 0xf8, 0xbf, 0xf8, 0xbf, 0xf8, 0xc7, 0xf8, 0xc7, 0xf8, 0xcf, 0xf8, 0xcf, 0xf9, 0xcf, 0xda, 0xd7, 0x98, 0xc6, 0x59, 0xce, 0x79, 0xd6, 0x17, 0xbe, 0x5a, 0xcf, 0xda, 0xcf, 0xf8, 0xc7, 0xf8, 0xc7, 0xf8, 0xc7, 0xf9, 0xc7, 0xf8, 0xc7, 0xf8, 0xc7, 0xf8, 0xc7, 0xf8, 0xc7, 0xf8, 0xc7, 0xd8, 0xc7, 0xda, 0xd7, 0xb7, 0xbe, 0x77, 0xc6, 0x78, 0xc6, 0x58, 0xc6, 0xd8, 0xc6, 0xda, 0xd7, 0xf9, 0xcf, 0xf8, 0xc7, 0xf8, 0xc7, 0xf8, 0xc7, 0xf8, 0xc7, 0xf8, 0xc7, 0xf8, 0xc7, 0xf8, 0xc7, 0xf8, 0xc7, 
  0x59, 0xce, 0x39, 0xce, 0x3a, 0xce, 0x58, 0xc6, 0x78, 0xcf, 0xf8, 0xcf, 0xf8, 0xc7, 0xf8, 0xc7, 0xf8, 0xc7, 0xf8, 0xc7, 0xf8, 0xc7, 0xf9, 0xc7, 0xd9, 0xcf, 0xfa, 0xd7, 0x58, 0xc7, 0xb8, 0xbe, 0x59, 0xc6, 0x7a, 0xce, 0x58, 0xc6, 0xb7, 0xbe, 0xb9, 0xcf, 0xf9, 0xcf, 0xd8, 0xc7, 0xf8, 0xc7, 0xf8, 0xc7, 0xf8, 0xc7, 0xf7, 0xc7, 0xf8, 0xc7, 0xf8, 0xc7, 0xf9, 0xcf, 0x79, 0xcf, 0x97, 0xc6, 0x58, 0xce, 0x58, 0xce, 0x77, 0xbe, 0xb9, 0xd7, 0xd8, 0xcf, 0xf8, 0xc7, 0xf8, 0xc7, 0xf8, 0xc7, 0xf8, 0xc7, 0xf8, 0xc7, 0xf8, 0xc7, 0xf7, 0xc7, 0xf7, 0xc7, 0xf8, 0xc7, 0xf8, 0xc7, 0xf8, 0xc7, 0xf8, 0xc7, 0xd9, 0xcf, 0x19, 0xcf, 0x37, 0xc6, 0x58, 0xce, 0x78, 0xc6, 0x38, 0xc7, 0xfa, 0xd7, 0xf9, 0xc7, 0xf8, 0xc7, 0xf8, 0xc7, 0xf8, 0xc7, 0xf8, 0xc7, 0xf8, 0xc7, 0xf8, 0xc7, 0xf8, 0xc7, 0xf8, 0xc7, 0xf8, 0xc7, 0xf8, 0xc7, 0xf8, 0xbf, 0xf8, 0xc7, 0xf8, 0xc7, 0xf8, 0xc7, 0xf8, 0xcf, 0xd9, 0xcf, 0x79, 0xcf, 0x58, 0xbe, 0x59, 0xc6, 0x79, 0xce, 0x77, 0xbe, 0xda, 0xd7, 0xf8, 0xc7, 0xf8, 0xc7, 0xf8, 0xcf, 0xf8, 0xcf, 0xf9, 0xcf, 0xf9, 0xc7, 0xf9, 0xc7, 0xf8, 0xc7, 0xf8, 0xc7, 0xf8, 0xc7, 0xd8, 0xc7, 0xda, 0xd7, 0x39, 0xcf, 0x78, 0xc6, 0x58, 0xce, 0x39, 0xce, 0x78, 0xc6, 0x99, 0xcf, 0xf9, 0xcf, 0xf9, 0xcf, 0xf8, 0xc7, 0xf8, 0xc7, 0xf8, 0xc7, 0xf8, 0xc7, 0xf8, 0xc7, 0xf8, 0xc7, 0xf8, 0xc7, 
  0x39, 0xce, 0x39, 0xce, 0x3a, 0xce, 0x58, 0xc6, 0x78, 0xcf, 0xf8, 0xcf, 0xf8, 0xc7, 0xf8, 0xc7, 0xf8, 0xc7, 0xf8, 0xc7, 0xf8, 0xbf, 0xf8, 0xc7, 0xf9, 0xcf, 0xd8, 0xcf, 0xfa, 0xd7, 0x18, 0xc7, 0x78, 0xc6, 0x59, 0xc6, 0x58, 0xc6, 0x78, 0xc6, 0x19, 0xcf, 0xba, 0xd7, 0xf9, 0xcf, 0xf8, 0xc7, 0xf7, 0xc7, 0xf7, 0xc7, 0xf7, 0xc7, 0xf8, 0xc7, 0xf8, 0xc7, 0xd9, 0xcf, 0x79, 0xd7, 0x77, 0xc6, 0x58, 0xce, 0x59, 0xce, 0x77, 0xbe, 0xb9, 0xd7, 0xd8, 0xcf, 0xf8, 0xc7, 0xf8, 0xc7, 0xf8, 0xc7, 0xf8, 0xc7, 0xf8, 0xc7, 0xf8, 0xc7, 0xf7, 0xc7, 0xf7, 0xc7, 0xf8, 0xc7, 0xf8, 0xc7, 0xf8, 0xc7, 0xf8, 0xc7, 0xd9, 0xcf, 0x98, 0xc6, 0x58, 0xce, 0x58, 0xce, 0x77, 0xc6, 0xb9, 0xd7, 0xf9, 0xcf, 0xf9, 0xc7, 0xf9, 0xc7, 0xf9, 0xc7, 0xf8, 0xc7, 0xf7, 0xc7, 0xf8, 0xc7, 0xf8, 0xcf, 0xf8, 0xc7, 0xf8, 0xc7, 0xf8, 0xc7, 0xf8, 0xc7, 0xf8, 0xc7, 0xf8, 0xc7, 0xf8, 0xc7, 0xf8, 0xc7, 0xf8, 0xcf, 0xb9, 0xd7, 0xd8, 0xc6, 0x99, 0xc6, 0x38, 0xc6, 0x78, 0xc6, 0x18, 0xc7, 0xf9, 0xcf, 0xf8, 0xc7, 0xf8, 0xc7, 0xf8, 0xc7, 0xf8, 0xc7, 0xf8, 0xc7, 0xf9, 0xcf, 0xf9, 0xc7, 0xf9, 0xc7, 0xf8, 0xc7, 0xf8, 0xc7, 0xf8, 0xc7, 0xd9, 0xcf, 0xba, 0xd7, 0x98, 0xc6, 0x58, 0xc6, 0x3a, 0xd6, 0x59, 0xce, 0x39, 0xcf, 0xb9, 0xcf, 0xf9, 0xcf, 0xf8, 0xc7, 0xf8, 0xc7, 0xf8, 0xc7, 0xf8, 0xc7, 0xf8, 0xc7, 0xf8, 0xc7, 0xf8, 0xc7, 
  0x39, 0xce, 0x39, 0xce, 0x3a, 0xce, 0x58, 0xc6, 0x78, 0xcf, 0xf8, 0xcf, 0xf8, 0xc7, 0xf8, 0xc7, 0xf8, 0xc7, 0xf8, 0xc7, 0xf8, 0xc7, 0xf8, 0xc7, 0xf8, 0xc7, 0xf8, 0xcf, 0xf9, 0xcf, 0xda, 0xd7, 0xb7, 0xbe, 0x98, 0xc6, 0x38, 0xc6, 0x58, 0xce, 0x78, 0xc6, 0x5a, 0xd7, 0xb9, 0xcf, 0xf8, 0xcf, 0xf7, 0xc7, 0xf7, 0xc7, 0xf7, 0xc7, 0xf7, 0xc7, 0xf9, 0xc7, 0xda, 0xd7, 0x79, 0xcf, 0x77, 0xbe, 0x59, 0xce, 0x59, 0xce, 0x77, 0xbe, 0xb9, 0xd7, 0xd8, 0xcf, 0xf8, 0xc7, 0xf8, 0xc7, 0xf8, 0xc7, 0xf8, 0xc7, 0xf8, 0xc7, 0xf7, 0xc7, 0xf7, 0xc7, 0xf8, 0xc7, 0xf8, 0xcf, 0xf8, 0xc7, 0xf8, 0xc7, 0xf9, 0xcf, 0x59, 0xc7, 0x58, 0xc6, 0x79, 0xce, 0x58, 0xc6, 0xf8, 0xce, 0xd9, 0xd7, 0xf8, 0xcf, 0xf8, 0xc7, 0xf9, 0xc7, 0xf9, 0xc7, 0xf8, 0xc7, 0xf8, 0xc7, 0xf7, 0xc7, 0xf8, 0xc7, 0xf8, 0xc7, 0xf8, 0xc7, 0xf8, 0xc7, 0xf8, 0xc7, 0xf8, 0xc7, 0xf8, 0xbf, 0xf9, 0xc7, 0xd7, 0xbf, 0xf9, 0xcf, 0x9a, 0xd7, 0x56, 0xbe, 0x79, 0xce, 0x99, 0xc6, 0x77, 0xb6, 0xba, 0xcf, 0xf8, 0xc7, 0xf7, 0xc7, 0xf8, 0xc7, 0xf8, 0xc7, 0xf8, 0xc7, 0xf8, 0xc7, 0xf8, 0xc7, 0xf8, 0xc7, 0xf8, 0xc7, 0xf8, 0xc7, 0xf8, 0xbf, 0xf8, 0xc7, 0xd8, 0xc7, 0xda, 0xd7, 0x19, 0xcf, 0x78, 0xc6, 0x59, 0xce, 0x59, 0xce, 0xb7, 0xbe, 0xba, 0xd7, 0xd9, 0xcf, 0xf9, 0xcf, 0xf8, 0xc7, 0xf8, 0xc7, 0xf8, 0xc7, 0xf8, 0xc7, 0xf8, 0xc7, 0xf8, 0xc7, 
  0x39, 0xce, 0x39, 0xce, 0x3a, 0xce, 0x58, 0xc6, 0x78, 0xcf, 0xf8, 0xc7, 0xf8, 0xc7, 0xf8, 0xc7, 0xf8, 0xc7, 0xf8, 0xc7, 0xf8, 0xc7, 0xf8, 0xc7, 0xf8, 0xc7, 0xf8, 0xc7, 0xf9, 0xcf, 0xd9, 0xcf, 0x79, 0xcf, 0x97, 0xbe, 0x79, 0xce, 0x39, 0xce, 0x59, 0xce, 0x99, 0xc6, 0xbb, 0xd7, 0xf9, 0xcf, 0xf7, 0xc7, 0xf7, 0xc7, 0xf7, 0xbf, 0xf7, 0xc7, 0xf9, 0xcf, 0xda, 0xd7, 0x59, 0xd7, 0x78, 0xc6, 0x59, 0xce, 0x59, 0xce, 0x77, 0xbe, 0xb9, 0xd7, 0xd8, 0xcf, 0xf8, 0xc7, 0xf8, 0xc7, 0xf8, 0xc7, 0xf8, 0xc7, 0xf8, 0xc7, 0xf8, 0xc7, 0xf7, 0xc7, 0xf8, 0xc7, 0xf8, 0xc7, 0xf8, 0xc7, 0xd9, 0xc7, 0xfa, 0xcf, 0xf7, 0xbe, 0x78, 0xc6, 0x59, 0xce, 0x77, 0xc6, 0x59, 0xd7, 0xf8, 0xcf, 0xf8, 0xc7, 0xf8, 0xc7, 0xf9, 0xc7, 0xf9, 0xc7, 0xf8, 0xc7, 0xf8, 0xc7, 0xf7, 0xc7, 0xf8, 0xc7, 0xf8, 0xc7, 0xf8, 0xc7, 0xf8, 0xc7, 0xf8, 0xc7, 0xf8, 0xc7, 0xf8, 0xc7, 0xf8, 0xc7, 0xf8, 0xbf, 0xf9, 0xcf, 0x18, 0xcf, 0x57, 0xc6, 0x78, 0xce, 0x78, 0xc6, 0xd7, 0xbe, 0xfa, 0xcf, 0xf8, 0xc7, 0xf7, 0xc7, 0xf7, 0xc7, 0xf8, 0xc7, 0xf8, 0xc7, 0xf8, 0xc7, 0xf8, 0xc7, 0xf8, 0xc7, 0xf8, 0xc7, 0xf8, 0xc7, 0xf8, 0xc7, 0xf8, 0xc7, 0xf8, 0xc7, 0xd9, 0xcf, 0x59, 0xcf, 0x98, 0xbe, 0x38, 0xc6, 0x38, 0xc6, 0x98, 0xc6, 0x59, 0xcf, 0xda, 0xd7, 0xd9, 0xcf, 0xf8, 0xc7, 0xf8, 0xc7, 0xf8, 0xc7, 0xf8, 0xc7, 0xf8, 0xc7, 0xf8, 0xc7, 
  0x38, 0xce, 0x39, 0xce, 0x3a, 0xce, 0x58, 0xc6, 0x78, 0xcf, 0xf8, 0xc7, 0xf8, 0xc7, 0xf9, 0xc7, 0xf8, 0xc7, 0xf8, 0xc7, 0xf8, 0xc7, 0xf8, 0xc7, 0xf8, 0xc7, 0xf8, 0xc7, 0xf8, 0xc7, 0xf9, 0xcf, 0xf9, 0xcf, 0x17, 0xbf, 0x78, 0xc6, 0x59, 0xce, 0x19, 0xc6, 0x59, 0xc6, 0x19, 0xcf, 0xd9, 0xcf, 0xf8, 0xcf, 0xf7, 0xc7, 0xf6, 0xbf, 0xf7, 0xc7, 0xf9, 0xcf, 0xda, 0xcf, 0x59, 0xd7, 0x98, 0xc6, 0x39, 0xce, 0x59, 0xce, 0x77, 0xbe, 0xb9, 0xd7, 0xd8, 0xcf, 0xf8, 0xc7, 0xf8, 0xc7, 0xf8, 0xc7, 0xf8, 0xc7, 0xf8, 0xc7, 0xf8, 0xc7, 0xf8, 0xc7, 0xf8, 0xc7, 0xf8, 0xc7, 0xf8, 0xc7, 0xd9, 0xcf, 0x9a, 0xcf, 0x76, 0xb6, 0x99, 0xce, 0x58, 0xce, 0xb8, 0xc6, 0xba, 0xd7, 0xf8, 0xcf, 0xf7, 0xc7, 0xf8, 0xc7, 0xf8, 0xc7, 0xf8, 0xc7, 0xf8, 0xc7, 0xf7, 0xc7, 0xf7, 0xc7, 0xf8, 0xc7, 0xf8, 0xc7, 0xf9, 0xc7, 0xf8, 0xc7, 0xf8, 0xcf, 0xf8, 0xcf, 0xf8, 0xc7, 0xf8, 0xbf, 0xf9, 0xc7, 0xb9, 0xcf, 0x97, 0xc6, 0x78, 0xce, 0x78, 0xce, 0x77, 0xbe, 0x59, 0xc7, 0xf9, 0xcf, 0xf8, 0xc7, 0xf7, 0xc7, 0xf8, 0xc7, 0xf8, 0xc7, 0xf8, 0xc7, 0xf8, 0xc7, 0xf8, 0xc7, 0xf8, 0xc7, 0xf8, 0xc7, 0xf8, 0xc7, 0xf8, 0xc7, 0xf7, 0xc7, 0xf8, 0xc7, 0xf8, 0xc7, 0xfa, 0xd7, 0xf8, 0xc6, 0x58, 0xc6, 0x79, 0xce, 0x98, 0xc6, 0xd8, 0xbe, 0xba, 0xd7, 0xb9, 0xcf, 0xf9, 0xcf, 0xf8, 0xc7, 0xf7, 0xc7, 0xf8, 0xc7, 0xf8, 0xc7, 0xf8, 0xc7, 
  0x38, 0xce, 0x39, 0xce, 0x39, 0xce, 0x58, 0xc6, 0x78, 0xc7, 0xf8, 0xc7, 0xf8, 0xc7, 0xf9, 0xc7, 0xf8, 0xc7, 0xf8, 0xc7, 0xf8, 0xc7, 0xf8, 0xc7, 0xf8, 0xc7, 0xf8, 0xc7, 0xf8, 0xc7, 0xf8, 0xc7, 0xf8, 0xc7, 0xb9, 0xcf, 0xb7, 0xc6, 0x78, 0xce, 0x39, 0xce, 0x59, 0xc6, 0x78, 0xbe, 0x59, 0xcf, 0xd9, 0xcf, 0xf8, 0xcf, 0xf7, 0xc7, 0xf7, 0xc7, 0xf8, 0xc7, 0xd9, 0xcf, 0x5a, 0xd7, 0x78, 0xc6, 0x39, 0xce, 0x59, 0xce, 0x77, 0xbe, 0xb9, 0xd7, 0xd8, 0xcf, 0xf8, 0xc7, 0xf8, 0xc7, 0xf8, 0xc7, 0xf8, 0xc7, 0xf8, 0xc7, 0xf8, 0xc7, 0xf8, 0xc7, 0xf8, 0xc7, 0xf8, 0xc7, 0xf9, 0xcf, 0xda, 0xcf, 0x19, 0xc7, 0x57, 0xbe, 0x98, 0xce, 0x77, 0xc6, 0x38, 0xcf, 0xfa, 0xd7, 0xf8, 0xc7, 0xf7, 0xbf, 0xf8, 0xc7, 0xf8, 0xc7, 0xf8, 0xc7, 0xf8, 0xc7, 0xf7, 0xc7, 0xf7, 0xc7, 0xf8, 0xc7, 0xf9, 0xc7, 0xf9, 0xc7, 0xf9, 0xc7, 0xf8, 0xcf, 0xf8, 0xcf, 0xf8, 0xc7, 0xf8, 0xc7, 0xfa, 0xcf, 0x39, 0xc7, 0x57, 0xc6, 0x58, 0xce, 0x78, 0xce, 0x98, 0xc6, 0xba, 0xcf, 0xfa, 0xcf, 0xf9, 0xcf, 0xd8, 0xcf, 0xf9, 0xcf, 0xf9, 0xc7, 0xf8, 0xcf, 0xf8, 0xcf, 0xf8, 0xc7, 0xf8, 0xc7, 0xf9, 0xc7, 0xf9, 0xc7, 0xd8, 0xc7, 0xd8, 0xc7, 0xf8, 0xc7, 0xf8, 0xc7, 0xfa, 0xd7, 0x59, 0xc7, 0x57, 0xbe, 0x58, 0xc6, 0x78, 0xc6, 0x77, 0xbe, 0x5a, 0xd7, 0xba, 0xd7, 0xf9, 0xcf, 0xf8, 0xc7, 0xf8, 0xc7, 0xf8, 0xc7, 0xf8, 0xc7, 0xf8, 0xc7, 
  0x38, 0xce, 0x38, 0xce, 0x39, 0xce, 0x58, 0xc6, 0x78, 0xc7, 0xf8, 0xc7, 0xf8, 0xc7, 0xf9, 0xc7, 0xf8, 0xc7, 0xf8, 0xc7, 0xf8, 0xc7, 0xf8, 0xc7, 0xf8, 0xc7, 0xf8, 0xc7, 0xf8, 0xc7, 0xf8, 0xc7, 0xf8, 0xc7, 0xf9, 0xcf, 0x59, 0xcf, 0x77, 0xbe, 0x99, 0xce, 0x38, 0xc6, 0x58, 0xc6, 0xb8, 0xc6, 0x79, 0xd7, 0xf9, 0xd7, 0xf8, 0xc7, 0xf7, 0xc7, 0xf8, 0xc7, 0xf9, 0xcf, 0x7a, 0xd7, 0x58, 0xc6, 0x39, 0xce, 0x59, 0xce, 0x77, 0xbe, 0xb9, 0xd7, 0xd8, 0xc7, 0xf8, 0xc7, 0xf8, 0xc7, 0xf8, 0xc7, 0xf8, 0xc7, 0xf8, 0xc7, 0xf8, 0xc7, 0xf8, 0xc7, 0xf8, 0xc7, 0xf8, 0xc7, 0xf9, 0xcf, 0xba, 0xcf, 0x98, 0xbe, 0x78, 0xc6, 0x78, 0xc6, 0xb7, 0xc6, 0xb9, 0xd7, 0xf9, 0xcf, 0xf8, 0xc7, 0xf8, 0xc7, 0xf8, 0xc7, 0xf8, 0xc7, 0xf8, 0xc7, 0xf8, 0xc7, 0xf7, 0xc7, 0xf8, 0xc7, 0xf8, 0xc7, 0xf9, 0xc7, 0xf9, 0xc7, 0xf9, 0xcf, 0xf8, 0xc7, 0xf7, 0xc7, 0xf8, 0xc7, 0xf8, 0xc7, 0xda, 0xd7, 0xb8, 0xc6, 0x58, 0xce, 0x38, 0xce, 0x78, 0xce, 0xf9, 0xce, 0x9a, 0xd7, 0x9a, 0xcf, 0xba, 0xdf, 0x9a, 0xd7, 0xda, 0xd7, 0xda, 0xcf, 0xd9, 0xd7, 0xd9, 0xd7, 0xd9, 0xcf, 0xd9, 0xcf, 0xda, 0xcf, 0xda, 0xcf, 0xb9, 0xd7, 0xda, 0xd7, 0xf9, 0xcf, 0xd9, 0xcf, 0xda, 0xd7, 0x9a, 0xd7, 0x98, 0xce, 0x79, 0xce, 0x58, 0xc6, 0x78, 0xc6, 0xd8, 0xc6, 0xba, 0xd7, 0xf9, 0xcf, 0xf8, 0xc7, 0xf8, 0xc7, 0xf8, 0xc7, 0xf8, 0xc7, 0xf8, 0xc7, 
  0x58, 0xce, 0x38, 0xce, 0x59, 0xce, 0x58, 0xc6, 0x78, 0xc7, 0xf8, 0xc7, 0xf8, 0xc7, 0xf9, 0xc7, 0xf8, 0xcf, 0xf8, 0xcf, 0xf8, 0xc7, 0xf8, 0xc7, 0xf8, 0xc7, 0xf8, 0xc7, 0xf8, 0xc7, 0xf8, 0xc7, 0xf9, 0xcf, 0xd8, 0xcf, 0xb9, 0xcf, 0x18, 0xc7, 0x77, 0xbe, 0x78, 0xc6, 0x9a, 0xce, 0x38, 0xc6, 0xf9, 0xce, 0x9a, 0xd7, 0xf8, 0xcf, 0xf7, 0xc7, 0xf7, 0xc7, 0xf9, 0xcf, 0x7a, 0xd7, 0x58, 0xc6, 0x39, 0xce, 0x59, 0xce, 0x77, 0xbe, 0xb9, 0xd7, 0xf8, 0xc7, 0xf8, 0xc7, 0xf8, 0xc7, 0xf8, 0xc7, 0xf9, 0xc7, 0xf8, 0xc7, 0xf8, 0xc7, 0xf8, 0xc7, 0xd8, 0xc7, 0xf9, 0xcf, 0xf9, 0xcf, 0x59, 0xc7, 0x58, 0xbe, 0x99, 0xce, 0x77, 0xc6, 0x18, 0xc7, 0xfa, 0xd7, 0xf8, 0xc7, 0xf8, 0xc7, 0xf8, 0xc7, 0xf8, 0xc7, 0xf8, 0xc7, 0xf8, 0xcf, 0xf8, 0xc7, 0xf7, 0xc7, 0xf8, 0xc7, 0xf8, 0xc7, 0xf9, 0xc7, 0xf9, 0xc7, 0xf9, 0xcf, 0xf8, 0xc7, 0xf7, 0xc7, 0xf8, 0xc7, 0xf9, 0xcf, 0x7a, 0xcf, 0x58, 0xbe, 0x59, 0xd6, 0x19, 0xce, 0x58, 0xce, 0xd8, 0xce, 0x19, 0xc7, 0xf8, 0xc6, 0xf9, 0xce, 0xf9, 0xce, 0xf9, 0xc6, 0xf8, 0xc6, 0xf8, 0xc6, 0xf7, 0xc6, 0x17, 0xc7, 0x17, 0xc7, 0xf8, 0xc6, 0xf8, 0xc6, 0xd8, 0xc6, 0x19, 0xcf, 0xf8, 0xc6, 0x17, 0xbf, 0xf8, 0xbe, 0x19, 0xcf, 0x58, 0xc6, 0x39, 0xce, 0x39, 0xce, 0x79, 0xce, 0x97, 0xbe, 0x9a, 0xd7, 0xd9, 0xcf, 0xf8, 0xc7, 0xf8, 0xc7, 0xf7, 0xc7, 0xf8, 0xc7, 0xf8, 0xc7, 
  0x58, 0xce, 0x38, 0xce, 0x59, 0xce, 0x58, 0xc6, 0x78, 0xc7, 0xf8, 0xc7, 0xf9, 0xc7, 0xf9, 0xc7, 0xf8, 0xcf, 0xf8, 0xcf, 0xf8, 0xc7, 0xf8, 0xc7, 0xf8, 0xc7, 0xf8, 0xc7, 0xf8, 0xc7, 0xf9, 0xc7, 0xf9, 0xcf, 0xd8, 0xc7, 0xd8, 0xcf, 0xd9, 0xd7, 0xb6, 0xb6, 0xb8, 0xc6, 0x7a, 0xce, 0x39, 0xc6, 0x79, 0xce, 0x39, 0xd7, 0xd8, 0xcf, 0xf7, 0xc7, 0xf7, 0xbf, 0xf8, 0xc7, 0x7a, 0xd7, 0x78, 0xc6, 0x59, 0xce, 0x59, 0xce, 0x77, 0xbe, 0xb9, 0xcf, 0xf8, 0xc7, 0xf8, 0xc7, 0xf8, 0xc7, 0xf8, 0xc7, 0xf8, 0xc7, 0xf8, 0xc7, 0xf8, 0xc7, 0xf8, 0xc7, 0xd8, 0xc7, 0xf9, 0xcf, 0xd9, 0xcf, 0xd7, 0xbe, 0x58, 0xc6, 0x79, 0xce, 0x77, 0xc6, 0x79, 0xd7, 0xf9, 0xcf, 0xf8, 0xc7, 0xf8, 0xc7, 0xf8, 0xc7, 0xf8, 0xc7, 0xf8, 0xc7, 0xf8, 0xcf, 0xf7, 0xcf, 0xf8, 0xc7, 0xf8, 0xc7, 0xf9, 0xc7, 0xf9, 0xc7, 0xf9, 0xcf, 0xf9, 0xcf, 0xf7, 0xc7, 0xf7, 0xbf, 0xf7, 0xc7, 0xd9, 0xcf, 0xf8, 0xc6, 0x58, 0xc6, 0x39, 0xd6, 0x39, 0xd6, 0x58, 0xc6, 0x98, 0xc6, 0x97, 0xbe, 0x77, 0xbe, 0x38, 0xbe, 0x59, 0xc6, 0x59, 0xc6, 0x79, 0xc6, 0x78, 0xc6, 0x77, 0xc6, 0x77, 0xc6, 0x77, 0xc6, 0x78, 0xc6, 0x58, 0xc6, 0x59, 0xce, 0x59, 0xce, 0x58, 0xc6, 0x98, 0xbe, 0x98, 0xbe, 0x78, 0xc6, 0x59, 0xd6, 0x39, 0xd6, 0x5a, 0xce, 0x59, 0xc6, 0x77, 0xbe, 0x38, 0xc7, 0xd9, 0xcf, 0xf8, 0xcf, 0xf8, 0xc7, 0xf8, 0xc7, 0xf8, 0xc7, 0xf8, 0xc7, 
  0x58, 0xce, 0x38, 0xce, 0x59, 0xce, 0x58, 0xc6, 0x78, 0xc7, 0xf8, 0xc7, 0xf8, 0xc7, 0xf9, 0xc7, 0xf8, 0xcf, 0xf8, 0xcf, 0xf8, 0xc7, 0xf8, 0xc7, 0xf8, 0xc7, 0xf8, 0xc7, 0xf8, 0xc7, 0xf8, 0xc7, 0xf8, 0xc7, 0xd8, 0xc7, 0xf8, 0xcf, 0xf8, 0xcf, 0x98, 0xcf, 0x97, 0xbe, 0x59, 0xc6, 0x5a, 0xce, 0x39, 0xc6, 0xd9, 0xce, 0x98, 0xcf, 0xf8, 0xc7, 0xf8, 0xc7, 0xf8, 0xc7, 0x59, 0xcf, 0x98, 0xc6, 0x59, 0xce, 0x59, 0xce, 0x77, 0xbe, 0xb9, 0xd7, 0xd8, 0xcf, 0xf8, 0xc7, 0xf8, 0xc7, 0xf8, 0xc7, 0xf8, 0xc7, 0xf8, 0xc7, 0xf8, 0xc7, 0xf8, 0xc7, 0xd8, 0xc7, 0xf9, 0xcf, 0x99, 0xcf, 0x77, 0xbe, 0x79, 0xce, 0x58, 0xc6, 0xb7, 0xc6, 0xda, 0xd7, 0xf9, 0xcf, 0xf8, 0xc7, 0xf9, 0xc7, 0xf8, 0xbf, 0xf8, 0xc7, 0xf8, 0xc7, 0xf8, 0xc7, 0xf8, 0xcf, 0xf8, 0xc7, 0xf8, 0xc7, 0xf8, 0xc7, 0xf9, 0xc7, 0xf9, 0xcf, 0xf8, 0xc7, 0xf7, 0xc7, 0xf7, 0xc7, 0xf8, 0xc7, 0x99, 0xcf, 0x78, 0xc6, 0x59, 0xce, 0x19, 0xce, 0x5a, 0xd6, 0x78, 0xc6, 0x77, 0xbe, 0x97, 0xbe, 0xb8, 0xc6, 0x38, 0xbe, 0x7a, 0xce, 0x59, 0xc6, 0x59, 0xc6, 0x58, 0xce, 0x58, 0xc6, 0x78, 0xc6, 0x78, 0xc6, 0x58, 0xc6, 0x59, 0xce, 0x59, 0xce, 0x59, 0xce, 0x58, 0xc6, 0x78, 0xc6, 0x99, 0xc6, 0x37, 0xbe, 0x59, 0xd6, 0x19, 0xce, 0x5a, 0xce, 0x18, 0xc6, 0x78, 0xc6, 0xb8, 0xc6, 0xba, 0xd7, 0xf9, 0xcf, 0xf7, 0xbf, 0xf8, 0xc7, 0xf8, 0xc7, 0xf8, 0xc7, 
  0x58, 0xc6, 0x59, 0xc6, 0x59, 0xce, 0x58, 0xbe, 0x78, 0xc7, 0xf8, 0xc7, 0xf8, 0xc7, 0xf8, 0xc7, 0xf8, 0xcf, 0xf8, 0xcf, 0xf8, 0xc7, 0xf8, 0xc7, 0xf8, 0xc7, 0xf8, 0xc7, 0xf8, 0xc7, 0xf8, 0xc7, 0xf8, 0xc7, 0xf8, 0xc7, 0xf8, 0xc7, 0xf8, 0xcf, 0xd9, 0xcf, 0x18, 0xc7, 0x78, 0xc6, 0x59, 0xce, 0x39, 0xc6, 0x78, 0xc6, 0xf8, 0xc6, 0xda, 0xd7, 0xd9, 0xcf, 0xd9, 0xcf, 0x59, 0xcf, 0xb8, 0xbe, 0x58, 0xc6, 0x78, 0xc6, 0x76, 0xbe, 0x99, 0xd7, 0xd9, 0xcf, 0xf8, 0xc7, 0xf8, 0xc7, 0xf8, 0xc7, 0xf9, 0xcf, 0xd7, 0xbf, 0xf8, 0xc7, 0xf8, 0xc7, 0xf9, 0xc7, 0xda, 0xcf, 0xf8, 0xc6, 0x98, 0xc6, 0x78, 0xc6, 0x57, 0xbe, 0x79, 0xd7, 0xd9, 0xcf, 0xd8, 0xc7, 0xf9, 0xc7, 0xf8, 0xbf, 0xf8, 0xbf, 0xf8, 0xc7, 0xf8, 0xc7, 0xf8, 0xc7, 0xf8, 0xc7, 0xf8, 0xc7, 0xf8, 0xc7, 0xf8, 0xc7, 0xf8, 0xc7, 0xf8, 0xc7, 0xf9, 0xcf, 0xf7, 0xbf, 0xf8, 0xc7, 0xf9, 0xd7, 0xf8, 0xc6, 0x59, 0xce, 0x3a, 0xce, 0x5a, 0xce, 0x58, 0xc6, 0x77, 0xbe, 0xb6, 0xbe, 0xb5, 0xbe, 0xb6, 0xbe, 0x98, 0xbe, 0x78, 0xbe, 0x78, 0xc6, 0x78, 0xc6, 0x78, 0xc6, 0x78, 0xc6, 0x78, 0xc6, 0x78, 0xc6, 0x78, 0xc6, 0x78, 0xc6, 0x78, 0xc6, 0x78, 0xc6, 0x78, 0xc6, 0x78, 0xc6, 0x78, 0xc6, 0x78, 0xc6, 0x78, 0xc6, 0x58, 0xc6, 0x78, 0xc6, 0x78, 0xc6, 0x58, 0xce, 0x58, 0xce, 0x3a, 0xd7, 0xb9, 0xcf, 0xf8, 0xc7, 0xf7, 0xbf, 0xf7, 0xbf, 0xf7, 0xbf, 
  0x59, 0xc6, 0x59, 0xc6, 0x59, 0xce, 0x58, 0xbe, 0x79, 0xc7, 0xf9, 0xcf, 0xf8, 0xc7, 0xf8, 0xc7, 0xf8, 0xcf, 0xf8, 0xcf, 0xf8, 0xc7, 0xf7, 0xc7, 0xf8, 0xc7, 0xf8, 0xc7, 0xf8, 0xc7, 0xf8, 0xc7, 0xf8, 0xc7, 0xf8, 0xc7, 0xf7, 0xc7, 0xf8, 0xc7, 0xf9, 0xcf, 0x99, 0xcf, 0xd9, 0xc6, 0x58, 0xc6, 0x79, 0xce, 0x58, 0xc6, 0x98, 0xc6, 0x19, 0xcf, 0xdb, 0xdf, 0xba, 0xd7, 0x79, 0xcf, 0x97, 0xbe, 0x78, 0xc6, 0x78, 0xc6, 0x76, 0xbe, 0x99, 0xd7, 0xd9, 0xcf, 0xf8, 0xc7, 0xf8, 0xc7, 0xf8, 0xc7, 0xf8, 0xc7, 0xf8, 0xc7, 0xf7, 0xc7, 0xf8, 0xc7, 0xf9, 0xc7, 0xba, 0xcf, 0x77, 0xbe, 0x78, 0xc6, 0x98, 0xc6, 0xb7, 0xbe, 0xba, 0xd7, 0xf9, 0xcf, 0xf8, 0xc7, 0xf8, 0xc7, 0xf8, 0xbf, 0xf8, 0xbf, 0xf8, 0xc7, 0xf9, 0xc7, 0xf9, 0xc7, 0xf9, 0xc7, 0xf8, 0xc7, 0xf8, 0xc7, 0xf8, 0xc7, 0xf8, 0xc7, 0xf8, 0xc7, 0xf8, 0xc7, 0xf8, 0xc7, 0xf8, 0xc7, 0xb9, 0xd7, 0x97, 0xc6, 0x59, 0xce, 0x39, 0xce, 0x59, 0xce, 0xda, 0xce, 0x59, 0xcf, 0x78, 0xc7, 0x77, 0xc7, 0x78, 0xcf, 0x59, 0xc7, 0x39, 0xc7, 0x59, 0xcf, 0x59, 0xcf, 0x59, 0xcf, 0x59, 0xcf, 0x59, 0xcf, 0x59, 0xcf, 0x59, 0xcf, 0x59, 0xcf, 0x59, 0xcf, 0x59, 0xcf, 0x59, 0xcf, 0x59, 0xcf, 0x59, 0xcf, 0x59, 0xcf, 0x59, 0xcf, 0x39, 0xcf, 0xb8, 0xc6, 0x58, 0xc6, 0x38, 0xce, 0x39, 0xce, 0xb9, 0xce, 0xba, 0xd7, 0xf8, 0xc7, 0xf7, 0xbf, 0xf7, 0xbf, 0xf7, 0xbf, 
  0x59, 0xce, 0x39, 0xce, 0x59, 0xce, 0x58, 0xc6, 0x79, 0xc7, 0xf9, 0xcf, 0xf8, 0xc7, 0xf8, 0xc7, 0xf8, 0xcf, 0xf8, 0xc7, 0xf8, 0xc7, 0xf7, 0xc7, 0xf8, 0xc7, 0xf8, 0xc7, 0xf8, 0xc7, 0xf8, 0xc7, 0xf8, 0xc7, 0xf8, 0xc7, 0xf7, 0xc7, 0xf8, 0xc7, 0xf9, 0xcf, 0xfa, 0xd7, 0x59, 0xcf, 0x77, 0xbe, 0x78, 0xc6, 0x78, 0xc6, 0x78, 0xc6, 0x98, 0xc6, 0x7b, 0xd7, 0xbb, 0xdf, 0x7a, 0xd7, 0x97, 0xbe, 0x78, 0xc6, 0x78, 0xc6, 0x77, 0xbe, 0x99, 0xd7, 0xd9, 0xcf, 0xf8, 0xc7, 0xf8, 0xc7, 0xf8, 0xc7, 0xf7, 0xc7, 0xf8, 0xcf, 0xf7, 0xc7, 0xf8, 0xc7, 0xf9, 0xcf, 0x59, 0xc7, 0x57, 0xbe, 0x78, 0xc6, 0x77, 0xbe, 0x18, 0xcf, 0xda, 0xd7, 0xf9, 0xd7, 0xf8, 0xc7, 0xf8, 0xc7, 0xf8, 0xc7, 0xf8, 0xc7, 0xf8, 0xc7, 0xf8, 0xc7, 0xf9, 0xc7, 0xf9, 0xc7, 0xf8, 0xc7, 0xf8, 0xc7, 0xf8, 0xc7, 0xf8, 0xc7, 0xf8, 0xc7, 0xf8, 0xc7, 0xf8, 0xc7, 0xf9, 0xcf, 0x58, 0xcf, 0x77, 0xbe, 0x59, 0xce, 0x59, 0xce, 0x58, 0xbe, 0x5a, 0xd7, 0xda, 0xd7, 0xd8, 0xcf, 0xd8, 0xcf, 0xd9, 0xd7, 0xba, 0xcf, 0xba, 0xcf, 0xf9, 0xcf, 0xf8, 0xcf, 0xf8, 0xcf, 0xf8, 0xcf, 0xf8, 0xcf, 0xf8, 0xcf, 0xf8, 0xcf, 0xf8, 0xcf, 0xf8, 0xcf, 0xf8, 0xcf, 0xf8, 0xcf, 0xf8, 0xcf, 0xf8, 0xcf, 0xf8, 0xcf, 0xf8, 0xcf, 0xd9, 0xcf, 0x38, 0xc7, 0x77, 0xbe, 0x58, 0xce, 0x38, 0xce, 0x58, 0xc6, 0x9a, 0xd7, 0xf8, 0xc7, 0xf7, 0xbf, 0xf7, 0xbf, 0xf7, 0xbf, 
  0x59, 0xce, 0x39, 0xce, 0x59, 0xce, 0x58, 0xc6, 0x79, 0xcf, 0xf9, 0xcf, 0xf8, 0xc7, 0xf8, 0xc7, 0xf9, 0xc7, 0xf8, 0xc7, 0xf8, 0xc7, 0xf7, 0xc7, 0xf8, 0xc7, 0xf8, 0xc7, 0xf8, 0xc7, 0xf8, 0xc7, 0xf8, 0xc7, 0xf8, 0xc7, 0xf8, 0xc7, 0xf8, 0xc7, 0xd8, 0xc7, 0xf9, 0xcf, 0xba, 0xd7, 0x19, 0xcf, 0x77, 0xbe, 0x99, 0xce, 0x58, 0xc6, 0x99, 0xc6, 0xb9, 0xc6, 0x9b, 0xdf, 0x9b, 0xd7, 0x97, 0xbe, 0x78, 0xc6, 0x78, 0xc6, 0x77, 0xbe, 0x9a, 0xd7, 0xd9, 0xcf, 0xf8, 0xc7, 0xf8, 0xc7, 0xf8, 0xc7, 0xf8, 0xc7, 0xf8, 0xcf, 0xf8, 0xcf, 0xd8, 0xc7, 0xd9, 0xd7, 0xd7, 0xbe, 0x78, 0xc6, 0x78, 0xce, 0x97, 0xbe, 0x99, 0xd7, 0xda, 0xd7, 0xf9, 0xcf, 0xf8, 0xc7, 0xf7, 0xbf, 0xf8, 0xc7, 0xf8, 0xc7, 0xf8, 0xc7, 0xf8, 0xc7, 0xf9, 0xc7, 0xf9, 0xc7, 0xf8, 0xc7, 0xf8, 0xc7, 0xf8, 0xc7, 0xf8, 0xc7, 0xf8, 0xc7, 0xf8, 0xc7, 0xd8, 0xc7, 0xf9, 0xd7, 0xb7, 0xbe, 0x78, 0xc6, 0x58, 0xc6, 0x59, 0xc6, 0xb8, 0xc6, 0x9a, 0xd7, 0xf9, 0xd7, 0xd8, 0xcf, 0xd8, 0xcf, 0xd9, 0xcf, 0xd9, 0xcf, 0xfa, 0xcf, 0xf8, 0xc7, 0xf7, 0xc7, 0xf7, 0xc7, 0xf7, 0xc7, 0xf7, 0xc7, 0xf7, 0xc7, 0xf7, 0xc7, 0xf7, 0xc7, 0xf7, 0xc7, 0xf7, 0xc7, 0xf7, 0xc7, 0xf7, 0xc7, 0xf7, 0xc7, 0xf7, 0xc7, 0xf7, 0xc7, 0xf8, 0xc7, 0xb9, 0xcf, 0x97, 0xbe, 0x79, 0xce, 0x38, 0xc6, 0x58, 0xc6, 0x19, 0xcf, 0xf9, 0xcf, 0xf8, 0xc7, 0xf7, 0xc7, 0xf7, 0xc7, 
  0x39, 0xce, 0x39, 0xce, 0x39, 0xce, 0x58, 0xc6, 0x79, 0xcf, 0xf9, 0xcf, 0xf8, 0xc7, 0xf8, 0xc7, 0xf9, 0xc7, 0xf8, 0xc7, 0xf8, 0xc7, 0xf7, 0xc7, 0xf8, 0xc7, 0xf8, 0xc7, 0xf8, 0xc7, 0xf8, 0xc7, 0xf9, 0xcf, 0xf8, 0xc7, 0xf8, 0xc7, 0xf8, 0xc7, 0xf7, 0xc7, 0xf8, 0xc7, 0xf9, 0xcf, 0xb9, 0xcf, 0xd8, 0xc6, 0x78, 0xc6, 0x58, 0xc6, 0x79, 0xce, 0x38, 0xc6, 0x1b, 0xd7, 0x7b, 0xdf, 0x97, 0xbe, 0x78, 0xc6, 0x78, 0xc6, 0x77, 0xbe, 0x9a, 0xd7, 0xd9, 0xcf, 0xf8, 0xc7, 0xf8, 0xc7, 0xf8, 0xc7, 0xf8, 0xcf, 0xd7, 0xc7, 0xf9, 0xd7, 0xd9, 0xcf, 0x79, 0xcf, 0x76, 0xbe, 0x79, 0xce, 0x58, 0xc6, 0xf8, 0xc6, 0xda, 0xd7, 0xd9, 0xcf, 0xf8, 0xcf, 0xf8, 0xc7, 0xf7, 0xc7, 0xf8, 0xc7, 0xf8, 0xc7, 0xf8, 0xc7, 0xf8, 0xc7, 0xf9, 0xc7, 0xf9, 0xc7, 0xf8, 0xc7, 0xf8, 0xc7, 0xf8, 0xc7, 0xf8, 0xc7, 0xf7, 0xc7, 0xf8, 0xcf, 0xd9, 0xcf, 0x79, 0xcf, 0x57, 0xbe, 0x78, 0xce, 0x58, 0xc6, 0x78, 0xbe, 0x59, 0xcf, 0xfa, 0xcf, 0xf9, 0xcf, 0xd7, 0xc7, 0xf8, 0xcf, 0xf8, 0xcf, 0xd9, 0xc7, 0xf9, 0xc7, 0xf8, 0xc7, 0xf8, 0xc7, 0xf8, 0xc7, 0xf8, 0xc7, 0xf8, 0xc7, 0xf8, 0xc7, 0xf8, 0xc7, 0xf8, 0xc7, 0xf8, 0xc7, 0xf8, 0xc7, 0xf8, 0xc7, 0xf8, 0xc7, 0xf8, 0xc7, 0xf8, 0xc7, 0xf8, 0xc7, 0xf8, 0xcf, 0xfa, 0xcf, 0xf8, 0xc6, 0x78, 0xc6, 0x59, 0xce, 0x79, 0xce, 0x98, 0xc6, 0xba, 0xcf, 0xf9, 0xcf, 0xf8, 0xc7, 0xf7, 0xc7, 
  0x39, 0xce, 0x39, 0xce, 0x39, 0xce, 0x58, 0xc6, 0x79, 0xcf, 0xf9, 0xcf, 0xf8, 0xc7, 0xf8, 0xc7, 0xf9, 0xc7, 0xf9, 0xc7, 0xf8, 0xc7, 0xf8, 0xc7, 0xf8, 0xc7, 0xf8, 0xc7, 0xf8, 0xc7, 0xf8, 0xc7, 0xf9, 0xc7, 0xf8, 0xc7, 0xf8, 0xc7, 0xf8, 0xc7, 0xf8, 0xc7, 0xf8, 0xc7, 0xf8, 0xcf, 0xf9, 0xcf, 0x79, 0xcf, 0x77, 0xbe, 0x38, 0xc6, 0x59, 0xce, 0x59, 0xce, 0x79, 0xce, 0x1a, 0xd7, 0x78, 0xc6, 0x59, 0xc6, 0x79, 0xc6, 0x77, 0xbe, 0x9a, 0xd7, 0xd9, 0xcf, 0xf8, 0xc7, 0xf8, 0xc7, 0xf8, 0xc7, 0xf8, 0xcf, 0xd8, 0xc7, 0xf9, 0xd7, 0xda, 0xd7, 0xd7, 0xbe, 0x77, 0xbe, 0x58, 0xce, 0x58, 0xc6, 0x59, 0xcf, 0xfa, 0xd7, 0xd9, 0xcf, 0xf8, 0xc7, 0xf8, 0xc7, 0xf7, 0xc7, 0xf8, 0xc7, 0xf8, 0xc7, 0xf8, 0xc7, 0xf8, 0xc7, 0xf8, 0xc7, 0xf8, 0xc7, 0xf8, 0xc7, 0xf8, 0xc7, 0xf8, 0xc7, 0xf8, 0xc7, 0xf8, 0xc7, 0xf8, 0xcf, 0xb9, 0xd7, 0xd8, 0xc6, 0x58, 0xc6, 0x58, 0xce, 0x78, 0xc6, 0xb8, 0xbe, 0xda, 0xcf, 0xf9, 0xcf, 0xf8, 0xc7, 0xf7, 0xc7, 0xf8, 0xcf, 0xf8, 0xcf, 0xf8, 0xc7, 0xf9, 0xc7, 0xf9, 0xc7, 0xf8, 0xc7, 0xf8, 0xc7, 0xf8, 0xc7, 0xf8, 0xc7, 0xf8, 0xc7, 0xf8, 0xc7, 0xf8, 0xc7, 0xf8, 0xc7, 0xf8, 0xc7, 0xf8, 0xc7, 0xf8, 0xc7, 0xf8, 0xc7, 0xf8, 0xc7, 0xf8, 0xc7, 0xf9, 0xcf, 0xf9, 0xcf, 0x79, 0xcf, 0x57, 0xbe, 0x99, 0xce, 0x59, 0xc6, 0x58, 0xc6, 0x59, 0xcf, 0xd9, 0xcf, 0xf8, 0xcf, 0xf8, 0xc7, 
  0x38, 0xce, 0x39, 0xce, 0x39, 0xce, 0x58, 0xc6, 0x79, 0xcf, 0xf9, 0xcf, 0xf8, 0xc7, 0xf8, 0xc7, 0xf9, 0xc7, 0xf9, 0xc7, 0xf8, 0xc7, 0xf8, 0xc7, 0xf8, 0xc7, 0xf8, 0xc7, 0xf8, 0xc7, 0xf8, 0xc7, 0xf8, 0xc7, 0xf8, 0xc7, 0xf8, 0xc7, 0xf8, 0xc7, 0xf8, 0xc7, 0xf8, 0xc7, 0xf7, 0xc7, 0xf8, 0xc7, 0xf9, 0xcf, 0x18, 0xc7, 0x78, 0xc6, 0x38, 0xc6, 0x59, 0xce, 0x39, 0xce, 0x99, 0xce, 0x58, 0xc6, 0x59, 0xce, 0x59, 0xce, 0x77, 0xbe, 0x9a, 0xd7, 0xd8, 0xcf, 0xf8, 0xc7, 0xf8, 0xc7, 0xf8, 0xc7, 0xf8, 0xcf, 0xd8, 0xcf, 0xd9, 0xd7, 0x99, 0xd7, 0x97, 0xbe, 0x98, 0xc6, 0x58, 0xc6, 0xb9, 0xce, 0xba, 0xcf, 0xf9, 0xcf, 0xf8, 0xc7, 0xf8, 0xc7, 0xf8, 0xc7, 0xf8, 0xc7, 0xf8, 0xc7, 0xf8, 0xc7, 0xf8, 0xc7, 0xf8, 0xc7, 0xf8, 0xc7, 0xf8, 0xc7, 0xf8, 0xc7, 0xf8, 0xc7, 0xf8, 0xc7, 0xf8, 0xc7, 0xf8, 0xc7, 0xf9, 0xcf, 0x7a, 0xd7, 0x57, 0xbe, 0x59, 0xce, 0x39, 0xc6, 0x78, 0xc6, 0x39, 0xc7, 0xd9, 0xcf, 0xf8, 0xc7, 0xf7, 0xc7, 0xf7, 0xc7, 0xf8, 0xc7, 0xf8, 0xc7, 0xf8, 0xbf, 0xf8, 0xc7, 0xf8, 0xc7, 0xf8, 0xc7, 0xf8, 0xc7, 0xf8, 0xc7, 0xf8, 0xc7, 0xf8, 0xc7, 0xf8, 0xc7, 0xf8, 0xc7, 0xf8, 0xc7, 0xf8, 0xc7, 0xf8, 0xc7, 0xf8, 0xc7, 0xf8, 0xc7, 0xf8, 0xc7, 0xf8, 0xc7, 0xf8, 0xc7, 0xf8, 0xc7, 0xd9, 0xcf, 0xb8, 0xc6, 0x79, 0xc6, 0x39, 0xce, 0x58, 0xc6, 0xd8, 0xc6, 0x99, 0xd7, 0xf9, 0xcf, 0xf8, 0xcf, 
  0x38, 0xce, 0x38, 0xce, 0x39, 0xce, 0x58, 0xc6, 0x79, 0xcf, 0xf9, 0xc7, 0xf8, 0xc7, 0xf8, 0xc7, 0xf9, 0xc7, 0xf9, 0xc7, 0xf8, 0xc7, 0xf8, 0xc7, 0xf8, 0xc7, 0xf8, 0xc7, 0xf8, 0xc7, 0xf8, 0xc7, 0xf8, 0xc7, 0xf8, 0xc7, 0xf8, 0xc7, 0xd8, 0xc7, 0xf8, 0xc7, 0xf8, 0xc7, 0xf7, 0xc7, 0xf8, 0xc7, 0xf8, 0xcf, 0xd9, 0xd7, 0xd8, 0xc6, 0x58, 0xc6, 0x39, 0xce, 0x59, 0xce, 0x39, 0xce, 0x59, 0xce, 0x39, 0xce, 0x59, 0xce, 0x77, 0xbe, 0x9a, 0xd7, 0xd8, 0xcf, 0xf8, 0xc7, 0xf7, 0xc7, 0xf8, 0xc7, 0xf9, 0xcf, 0xd9, 0xcf, 0xda, 0xd7, 0x18, 0xc7, 0x97, 0xbe, 0x98, 0xc6, 0x78, 0xc6, 0x1a, 0xd7, 0xd9, 0xcf, 0xf8, 0xc7, 0xf8, 0xc7, 0xf8, 0xc7, 0xf8, 0xc7, 0xf7, 0xc7, 0xf7, 0xc7, 0xf8, 0xc7, 0xf8, 0xc7, 0xf8, 0xc7, 0xf8, 0xc7, 0xf8, 0xc7, 0xf8, 0xc7, 0xf8, 0xc7, 0xf8, 0xc7, 0xf8, 0xc7, 0xf8, 0xc7, 0xf9, 0xcf, 0x19, 0xcf, 0x38, 0xc6, 0x59, 0xce, 0x59, 0xce, 0x77, 0xbe, 0xba, 0xd7, 0xf9, 0xcf, 0xf8, 0xc7, 0xf8, 0xc7, 0xf7, 0xc7, 0xf7, 0xc7, 0xf8, 0xc7, 0xf8, 0xc7, 0xf8, 0xc7, 0xf8, 0xc7, 0xf8, 0xc7, 0xf8, 0xc7, 0xf8, 0xc7, 0xf8, 0xc7, 0xf8, 0xc7, 0xf8, 0xc7, 0xf8, 0xc7, 0xf8, 0xc7, 0xf8, 0xc7, 0xf8, 0xc7, 0xf8, 0xc7, 0xf8, 0xc7, 0xf8, 0xc7, 0xf8, 0xc7, 0xf8, 0xc7, 0xf8, 0xc7, 0xf9, 0xcf, 0x39, 0xcf, 0x37, 0xbe, 0x59, 0xce, 0x38, 0xc6, 0x98, 0xc6, 0x59, 0xd7, 0xd9, 0xd7, 0xf9, 0xcf, 
  0x58, 0xce, 0x79, 0xce, 0x39, 0xce, 0x58, 0xc6, 0x58, 0xc7, 0xf9, 0xcf, 0xf8, 0xc7, 0xf8, 0xc7, 0xf9, 0xc7, 0xf9, 0xc7, 0xf8, 0xc7, 0xf8, 0xc7, 0xf8, 0xc7, 0xf8, 0xc7, 0xf8, 0xc7, 0xf8, 0xc7, 0xf8, 0xc7, 0xf8, 0xc7, 0xf8, 0xc7, 0xf9, 0xcf, 0xf9, 0xcf, 0xf8, 0xc7, 0xf8, 0xc7, 0xf7, 0xc7, 0xf7, 0xc7, 0xf8, 0xcf, 0x59, 0xcf, 0x98, 0xc6, 0x58, 0xc6, 0x7a, 0xd6, 0x59, 0xd6, 0x18, 0xce, 0x59, 0xd6, 0x79, 0xce, 0x57, 0xbe, 0x9a, 0xd7, 0xd9, 0xcf, 0xf8, 0xcf, 0xf8, 0xc7, 0xf7, 0xc7, 0xf9, 0xcf, 0xd9, 0xcf, 0xda, 0xd7, 0xd8, 0xbe, 0x97, 0xbe, 0x98, 0xbe, 0x77, 0xbe, 0x9b, 0xd7, 0xf9, 0xcf, 0xf8, 0xc7, 0xf8, 0xc7, 0xf8, 0xc7, 0xf8, 0xc7, 0xf8, 0xc7, 0xf8, 0xc7, 0xf8, 0xc7, 0xf8, 0xc7, 0xf8, 0xc7, 0xf8, 0xc7, 0xf8, 0xc7, 0xf8, 0xc7, 0xf8, 0xc7, 0xf8, 0xc7, 0xf8, 0xc7, 0xf8, 0xc7, 0xfa, 0xd7, 0x77, 0xbe, 0x59, 0xce, 0x5a, 0xd6, 0x18, 0xc6, 0xd9, 0xc6, 0xda, 0xd7, 0xf8, 0xc7, 0xf7, 0xc7, 0xf7, 0xc7, 0xf7, 0xc7, 0xf8, 0xc7, 0xf8, 0xc7, 0xf8, 0xc7, 0xf8, 0xbf, 0xf8, 0xc7, 0xf8, 0xc7, 0xf8, 0xc7, 0xf8, 0xc7, 0xf8, 0xc7, 0xf8, 0xc7, 0xf8, 0xc7, 0xf8, 0xc7, 0xf8, 0xc7, 0xf8, 0xc7, 0xf8, 0xc7, 0xf8, 0xc7, 0xf8, 0xc7, 0xf8, 0xc7, 0xf8, 0xc7, 0xf8, 0xc7, 0xf8, 0xc7, 0xf9, 0xcf, 0xba, 0xd7, 0x57, 0xbe, 0x79, 0xce, 0x59, 0xce, 0x78, 0xc6, 0xd8, 0xc6, 0xda, 0xd7, 0xf9, 0xd7, 
  0x37, 0xc6, 0x58, 0xce, 0x58, 0xce, 0x78, 0xc6, 0x78, 0xc7, 0xf9, 0xcf, 0xf8, 0xc7, 0xf8, 0xc7, 0xf9, 0xc7, 0xf9, 0xc7, 0xf8, 0xc7, 0xf8, 0xc7, 0xf8, 0xc7, 0xf8, 0xc7, 0xf8, 0xc7, 0xf8, 0xc7, 0xf7, 0xbf, 0xf8, 0xc7, 0xf8, 0xc7, 0xf9, 0xcf, 0xf9, 0xcf, 0xf9, 0xcf, 0xf8, 0xc7, 0xf7, 0xc7, 0xf7, 0xc7, 0xf8, 0xcf, 0xb9, 0xcf, 0x18, 0xcf, 0x78, 0xc6, 0x18, 0xc6, 0x18, 0xc6, 0x39, 0xce, 0x39, 0xce, 0x58, 0xce, 0x56, 0xbe, 0x99, 0xd7, 0xd8, 0xcf, 0xf8, 0xcf, 0xf8, 0xcf, 0xf8, 0xc7, 0xf8, 0xc7, 0xd9, 0xcf, 0x39, 0xcf, 0xb8, 0xbe, 0x77, 0xbe, 0x98, 0xbe, 0xf9, 0xc6, 0xda, 0xd7, 0xf9, 0xcf, 0xf8, 0xc7, 0xf8, 0xc7, 0xf8, 0xc7, 0xf8, 0xc7, 0xf8, 0xc7, 0xf8, 0xc7, 0xf8, 0xc7, 0xf8, 0xc7, 0xf8, 0xc7, 0xf8, 0xc7, 0xf8, 0xc7, 0xf8, 0xc7, 0xf8, 0xc7, 0xf8, 0xc7, 0xf8, 0xc7, 0xd8, 0xc7, 0x58, 0xc7, 0x57, 0xc6, 0x39, 0xce, 0x59, 0xce, 0x79, 0xce, 0x7a, 0xd7, 0xfa, 0xcf, 0xf8, 0xc7, 0xf7, 0xc7, 0xf8, 0xc7, 0xf8, 0xc7, 0xf8, 0xc7, 0xf8, 0xc7, 0xf8, 0xc7, 0xf8, 0xbf, 0xf8, 0xc7, 0xf8, 0xc7, 0xf8, 0xc7, 0xf8, 0xc7, 0xf8, 0xc7, 0xf8, 0xc7, 0xf8, 0xc7, 0xf8, 0xc7, 0xf8, 0xc7, 0xf8, 0xc7, 0xf8, 0xc7, 0xf8, 0xc7, 0xf8, 0xc7, 0xf8, 0xc7, 0xf8, 0xc7, 0xf8, 0xc7, 0xf8, 0xc7, 0xf8, 0xcf, 0xda, 0xd7, 0xf8, 0xc6, 0x57, 0xc6, 0x38, 0xc6, 0x37, 0xc6, 0x77, 0xbe, 0x79, 0xcf, 0xb9, 0xcf, 
  0x78, 0xc6, 0x98, 0xce, 0x78, 0xce, 0x98, 0xc6, 0x58, 0xc7, 0xf8, 0xc7, 0xf7, 0xbf, 0xf8, 0xc7, 0xf9, 0xc7, 0xf9, 0xc7, 0xf8, 0xc7, 0xf8, 0xc7, 0xf8, 0xc7, 0xf8, 0xc7, 0xf8, 0xc7, 0xf8, 0xc7, 0xf7, 0xbf, 0xf7, 0xbf, 0xf8, 0xc7, 0xf9, 0xcf, 0xf9, 0xcf, 0xf9, 0xcf, 0xf8, 0xc7, 0xf8, 0xc7, 0xf7, 0xc7, 0xf7, 0xc7, 0xf8, 0xcf, 0xb9, 0xcf, 0xf8, 0xce, 0x57, 0xbe, 0x38, 0xc6, 0x9a, 0xd6, 0x59, 0xce, 0x78, 0xce, 0x97, 0xbe, 0x99, 0xd7, 0xd8, 0xcf, 0xf8, 0xc7, 0xf7, 0xc7, 0xf7, 0xc7, 0xf9, 0xcf, 0xda, 0xcf, 0xd8, 0xbe, 0x98, 0xbe, 0x77, 0xbe, 0xb7, 0xbe, 0x99, 0xcf, 0xd9, 0xcf, 0xf8, 0xc7, 0xf8, 0xc7, 0xf8, 0xc7, 0xf8, 0xc7, 0xf8, 0xc7, 0xf8, 0xc7, 0xf8, 0xc7, 0xf8, 0xc7, 0xf8, 0xc7, 0xf8, 0xc7, 0xf8, 0xc7, 0xf8, 0xc7, 0xf8, 0xc7, 0xf8, 0xc7, 0xf8, 0xc7, 0xf8, 0xc7, 0xf9, 0xcf, 0xd7, 0xbe, 0x98, 0xc6, 0x58, 0xce, 0x38, 0xc6, 0xb9, 0xc6, 0xba, 0xd7, 0xb8, 0xc7, 0xf8, 0xc7, 0xf8, 0xc7, 0xf8, 0xc7, 0xf8, 0xc7, 0xf8, 0xc7, 0xf8, 0xc7, 0xf8, 0xc7, 0xf8, 0xc7, 0xf8, 0xc7, 0xf8, 0xc7, 0xf8, 0xc7, 0xf8, 0xc7, 0xf8, 0xc7, 0xf8, 0xc7, 0xf8, 0xc7, 0xf8, 0xc7, 0xf8, 0xc7, 0xf8, 0xc7, 0xf8, 0xc7, 0xf8, 0xc7, 0xf8, 0xc7, 0xf8, 0xc7, 0xf8, 0xc7, 0xf8, 0xc7, 0xf8, 0xc7, 0xd8, 0xc7, 0xfa, 0xd7, 0xba, 0xd7, 0x77, 0xbe, 0x98, 0xce, 0x98, 0xce, 0x98, 0xc6, 0x18, 0xc7, 0x99, 0xcf, 
  0x77, 0xbe, 0x77, 0xc6, 0x78, 0xc6, 0xb8, 0xc6, 0x78, 0xc7, 0xf8, 0xcf, 0xf8, 0xc7, 0xf9, 0xcf, 0xf9, 0xcf, 0xf9, 0xcf, 0xf8, 0xc7, 0xf8, 0xc7, 0xf8, 0xc7, 0xf8, 0xc7, 0xf8, 0xc7, 0xf8, 0xc7, 0xf7, 0xc7, 0xf7, 0xc7, 0xf8, 0xc7, 0xf8, 0xc7, 0xf9, 0xcf, 0xf9, 0xcf, 0xf8, 0xc7, 0xf8, 0xc7, 0xf8, 0xc7, 0xf7, 0xc7, 0xf8, 0xc7, 0xf9, 0xcf, 0x59, 0xcf, 0x97, 0xbe, 0x37, 0xbe, 0x58, 0xc6, 0x38, 0xc6, 0x77, 0xc6, 0xb7, 0xbe, 0xb9, 0xcf, 0xf9, 0xcf, 0xf8, 0xcf, 0xf8, 0xcf, 0xf8, 0xc7, 0xf9, 0xcf, 0xba, 0xcf, 0xb8, 0xbe, 0x98, 0xc6, 0x77, 0xbe, 0xf8, 0xc6, 0xda, 0xd7, 0xf9, 0xc7, 0xf8, 0xc7, 0xf8, 0xc7, 0xf8, 0xc7, 0xf8, 0xc7, 0xf8, 0xc7, 0xf8, 0xc7, 0xf8, 0xc7, 0xf8, 0xc7, 0xf8, 0xc7, 0xf8, 0xc7, 0xf8, 0xc7, 0xf8, 0xc7, 0xf8, 0xc7, 0xf8, 0xc7, 0xf8, 0xc7, 0xf9, 0xcf, 0xb9, 0xc7, 0x96, 0xb6, 0x98, 0xc6, 0x58, 0xc6, 0x57, 0xc6, 0x39, 0xcf, 0xfb, 0xd7, 0xf9, 0xc7, 0xf8, 0xc7, 0xf8, 0xc7, 0xf8, 0xcf, 0xf8, 0xcf, 0xf8, 0xc7, 0xf8, 0xc7, 0xf8, 0xc7, 0xf8, 0xc7, 0xf8, 0xc7, 0xf8, 0xc7, 0xf8, 0xc7, 0xf8, 0xc7, 0xf8, 0xc7, 0xf8, 0xc7, 0xf8, 0xc7, 0xf8, 0xc7, 0xf8, 0xc7, 0xf8, 0xc7, 0xf8, 0xc7, 0xf8, 0xc7, 0xf8, 0xc7, 0xf8, 0xc7, 0xf8, 0xc7, 0xf8, 0xc7, 0xf8, 0xc7, 0xf8, 0xc7, 0xf9, 0xcf, 0xda, 0xd7, 0xb7, 0xbe, 0x97, 0xc6, 0x77, 0xc6, 0x56, 0xbe, 0xf7, 0xbe, 0x79, 0xcf, 
  0xb7, 0xc6, 0xb7, 0xc6, 0xb8, 0xc6, 0xd8, 0xbe, 0x77, 0xbf, 0xf7, 0xc7, 0xf7, 0xbf, 0xf8, 0xc7, 0xf9, 0xcf, 0xf9, 0xcf, 0xf8, 0xc7, 0xf8, 0xc7, 0xf8, 0xc7, 0xf8, 0xc7, 0xf8, 0xc7, 0xf8, 0xc7, 0xf8, 0xc7, 0xf8, 0xc7, 0xf8, 0xc7, 0xf8, 0xc7, 0xf8, 0xc7, 0xf8, 0xc7, 0xf8, 0xc7, 0xf8, 0xc7, 0xf8, 0xc7, 0xf8, 0xc7, 0xf8, 0xc7, 0xf8, 0xcf, 0xb9, 0xcf, 0x38, 0xc7, 0xd8, 0xc6, 0xb8, 0xc6, 0x98, 0xc6, 0x98, 0xbe, 0xf7, 0xbe, 0x99, 0xc7, 0xd8, 0xc7, 0xf7, 0xc7, 0xf7, 0xc7, 0xd7, 0xc7, 0xb8, 0xc7, 0x38, 0xc7, 0x98, 0xbe, 0x78, 0xc6, 0x57, 0xbe, 0x38, 0xcf, 0xd9, 0xcf, 0xf8, 0xc7, 0xf8, 0xc7, 0xf8, 0xc7, 0xf8, 0xc7, 0xf8, 0xc7, 0xf8, 0xc7, 0xf8, 0xc7, 0xf8, 0xc7, 0xf8, 0xc7, 0xf8, 0xc7, 0xf8, 0xc7, 0xf8, 0xc7, 0xf8, 0xc7, 0xf8, 0xc7, 0xf8, 0xc7, 0xf8, 0xc7, 0xf9, 0xcf, 0x58, 0xbf, 0xb7, 0xb6, 0xb8, 0xc6, 0xb8, 0xc6, 0xb7, 0xbe, 0x99, 0xcf, 0xd9, 0xc7, 0xf8, 0xc7, 0xf8, 0xc7, 0xf8, 0xc7, 0xf8, 0xcf, 0xf8, 0xcf, 0xf8, 0xc7, 0xf8, 0xc7, 0xf8, 0xc7, 0xf8, 0xc7, 0xf8, 0xc7, 0xf8, 0xc7, 0xf8, 0xc7, 0xf8, 0xc7, 0xf8, 0xc7, 0xf8, 0xc7, 0xf8, 0xc7, 0xf8, 0xc7, 0xf8, 0xc7, 0xf8, 0xc7, 0xf8, 0xc7, 0xf8, 0xc7, 0xf8, 0xc7, 0xf8, 0xc7, 0xf8, 0xc7, 0xf8, 0xc7, 0xf8, 0xc7, 0xf8, 0xc7, 0xf9, 0xc7, 0xd9, 0xcf, 0x38, 0xc7, 0xd7, 0xc6, 0xb7, 0xc6, 0xb7, 0xc6, 0xd7, 0xbe, 0x59, 0xc7, 
  0xdb, 0xe7, 0x9b, 0xdf, 0x9b, 0xdf, 0x9a, 0xd7, 0xd9, 0xcf, 0xf8, 0xcf, 0xf8, 0xc7, 0xf8, 0xc7, 0xf9, 0xcf, 0xf9, 0xcf, 0xf8, 0xc7, 0xf8, 0xc7, 0xf8, 0xc7, 0xf8, 0xc7, 0xf8, 0xc7, 0xf8, 0xc7, 0xf8, 0xc7, 0xf8, 0xc7, 0xf8, 0xc7, 0xf8, 0xc7, 0xf8, 0xc7, 0xf8, 0xc7, 0xf8, 0xc7, 0xf8, 0xc7, 0xf8, 0xc7, 0xf8, 0xc7, 0xf8, 0xc7, 0xf8, 0xc7, 0xf9, 0xcf, 0xda, 0xd7, 0xbb, 0xdf, 0x9b, 0xdf, 0xbc, 0xe7, 0x9b, 0xdf, 0xba, 0xd7, 0xfa, 0xcf, 0xf9, 0xcf, 0xf8, 0xc7, 0xf8, 0xc7, 0xf8, 0xc7, 0xf9, 0xcf, 0x9a, 0xcf, 0x3a, 0xd7, 0xfa, 0xd6, 0xd8, 0xce, 0xba, 0xdf, 0xf9, 0xcf, 0xf8, 0xcf, 0xf8, 0xc7, 0xf8, 0xc7, 0xf8, 0xc7, 0xf8, 0xc7, 0xf8, 0xc7, 0xf8, 0xc7, 0xf8, 0xc7, 0xf8, 0xc7, 0xf8, 0xc7, 0xf8, 0xc7, 0xf8, 0xc7, 0xf8, 0xc7, 0xf8, 0xc7, 0xf8, 0xc7, 0xf8, 0xc7, 0xf9, 0xcf, 0xda, 0xd7, 0xbb, 0xd7, 0x9b, 0xdf, 0x9a, 0xdf, 0x9a, 0xd7, 0xfa, 0xd7, 0xd8, 0xc7, 0xf8, 0xc7, 0xf8, 0xc7, 0xf8, 0xc7, 0xf8, 0xcf, 0xf8, 0xcf, 0xf8, 0xc7, 0xf8, 0xc7, 0xf8, 0xc7, 0xf8, 0xc7, 0xf8, 0xc7, 0xf8, 0xc7, 0xf8, 0xc7, 0xf8, 0xc7, 0xf8, 0xc7, 0xf8, 0xc7, 0xf8, 0xc7, 0xf8, 0xc7, 0xf8, 0xc7, 0xf8, 0xc7, 0xf8, 0xc7, 0xf8, 0xc7, 0xf8, 0xc7, 0xf8, 0xc7, 0xf8, 0xc7, 0xf8, 0xc7, 0xf7, 0xc7, 0xf8, 0xc7, 0xf8, 0xc7, 0xf9, 0xcf, 0xfa, 0xd7, 0x99, 0xd7, 0x9a, 0xdf, 0x9b, 0xdf, 0x9a, 0xcf, 0xdb, 0xd7, 
#endif
#if LV_COLOR_DEPTH == 16 && LV_COLOR_16_SWAP != 0
  /*Pixel format: Red: 5 bit, Green: 6 bit, Blue: 5 bit BUT the 2 bytes are swapped*/
  0xd7, 0x9a, 0xdf, 0x9b, 0xdf, 0x7b, 0xdf, 0x7b, 0xd7, 0x9a, 0xcf, 0xda, 0xc7, 0xf8, 0xbf, 0xf7, 0xc7, 0xf7, 0xc7, 0xf7, 0xcf, 0xf8, 0xcf, 0xf9, 0xc7, 0xf9, 0xc7, 0xf8, 0xc7, 0xf8, 0xc7, 0xf8, 0xc7, 0xf8, 0xc7, 0xf8, 0xc7, 0xf9, 0xc7, 0xf8, 0xc7, 0xf8, 0xc7, 0xf8, 0xc7, 0xf8, 0xc7, 0xf8, 0xcf, 0xf9, 0xcf, 0xf9, 0xc7, 0xf7, 0xc7, 0xf7, 0xc7, 0xf7, 0xcf, 0xf8, 0xdf, 0xda, 0xdf, 0x7b, 0xe7, 0x7b, 0xdf, 0x9b, 0xd7, 0x9a, 0xd7, 0xfa, 0xc7, 0xd8, 0xc7, 0xf8, 0xc7, 0xf8, 0xc7, 0xf8, 0xc7, 0xf8, 0xc7, 0xf8, 0xc7, 0xf8, 0xc7, 0xf8, 0xc7, 0xf8, 0xc7, 0xf8, 0xc7, 0xf8, 0xc7, 0xf8, 0xc7, 0xf8, 0xc7, 0xf8, 0xbf, 0xf8, 0xbf, 0xf8, 0xc7, 0xf8, 0xc7, 0xf9, 0xcf, 0xf8, 0xc7, 0xf8, 0xbf, 0xf7, 0xc7, 0xf8, 0xd7, 0xda, 0xcf, 0x19, 0xd6, 0xb9, 0xd6, 0xfa, 0xd7, 0xdb, 0xc7, 0xd9, 0xcf, 0xf8, 0xc7, 0xf8, 0xc7, 0xf8, 0xc7, 0xf8, 0xc7, 0xf8, 0xc7, 0xf8, 0xc7, 0xf8, 0xc7, 0xf8, 0xc7, 0xf8, 0xc7, 0xf8, 0xc7, 0xf8, 0xc7, 0xf8, 0xc7, 0xf8, 0xc7, 0xf8, 0xc7, 0xf7, 0xc7, 0xf7, 0xc7, 0xf7, 0xcf, 0xf7, 0xd7, 0xd9, 0xd7, 0xbb, 0xdf, 0x9d, 0xd7, 0x9c, 0xd7, 0xba, 0xcf, 0xf9, 0xc7, 0xf7, 0xc7, 0xf8, 0xc7, 0xf9, 0xc7, 0xf9, 0xc7, 0xf8, 0xc7, 0xf8, 0xc7, 0xf7, 0xc7, 0xf8, 0xc7, 0xf8, 0xc7, 0xf8, 0xc7, 0xf8, 0xc7, 0xf8, 0xc7, 0xf8, 0xc7, 0xf8, 0xc7, 0xf8, 0xc7, 0xf8, 0xc7, 0xf8, 0xc7, 0xf8, 
  0xc6, 0xd7, 0xc6, 0xb7, 0xc6, 0x98, 0xc6, 0xb8, 0xc6, 0xd8, 0xbf, 0x38, 0xbf, 0xb8, 0xc7, 0xf8, 0xc7, 0xf8, 0xc7, 0xf7, 0xc7, 0xf8, 0xc7, 0xf8, 0xc7, 0xf8, 0xc7, 0xf8, 0xc7, 0xf8, 0xc7, 0xf8, 0xc7, 0xf8, 0xc7, 0xf8, 0xc7, 0xf8, 0xc7, 0xf8, 0xc7, 0xf8, 0xc7, 0xf8, 0xc7, 0xf8, 0xc7, 0xf8, 0xc7, 0xf9, 0xcf, 0xf8, 0xc7, 0xf7, 0xc7, 0xf8, 0xc7, 0xf7, 0xc7, 0xd8, 0xcf, 0x79, 0xc6, 0xd8, 0xc6, 0xb8, 0xc6, 0xb8, 0xbe, 0xf7, 0xcf, 0x99, 0xc7, 0xd8, 0xc7, 0xf8, 0xc7, 0xf7, 0xbf, 0xf7, 0xc7, 0xf8, 0xc7, 0xf8, 0xc7, 0xf8, 0xc7, 0xf8, 0xc7, 0xf8, 0xc7, 0xf8, 0xc7, 0xf8, 0xc7, 0xf8, 0xc7, 0xf8, 0xc7, 0xf8, 0xbf, 0xf8, 0xbf, 0xf8, 0xc7, 0xf8, 0xc7, 0xf8, 0xcf, 0xf8, 0xc7, 0xf8, 0xbf, 0xf8, 0xc7, 0xf8, 0xd7, 0xda, 0xc6, 0x98, 0xc6, 0x57, 0xc6, 0x77, 0xbe, 0xf7, 0xc7, 0xd9, 0xcf, 0xf8, 0xc7, 0xf8, 0xc7, 0xf8, 0xc7, 0xf8, 0xc7, 0xf8, 0xc7, 0xf8, 0xc7, 0xf8, 0xc7, 0xf8, 0xc7, 0xf8, 0xc7, 0xf8, 0xc7, 0xf8, 0xc7, 0xf8, 0xc7, 0xf8, 0xc7, 0xf8, 0xc7, 0xf7, 0xc7, 0xf7, 0xc7, 0xf6, 0xcf, 0xf8, 0xc7, 0x58, 0xbe, 0xb8, 0xbe, 0x99, 0xbe, 0xb9, 0xbe, 0xf8, 0xc7, 0x98, 0xcf, 0xf8, 0xc7, 0xf8, 0xc7, 0xf8, 0xc7, 0xf9, 0xc7, 0xf8, 0xc7, 0xf8, 0xc7, 0xf7, 0xc7, 0xf8, 0xc7, 0xf8, 0xc7, 0xf8, 0xc7, 0xf8, 0xc7, 0xf8, 0xc7, 0xf8, 0xc7, 0xf8, 0xc7, 0xf8, 0xc7, 0xf8, 0xc7, 0xf8, 0xc7, 0xf8, 
  0xc6, 0x97, 0xbe, 0x57, 0xbe, 0x57, 0xc6, 0x78, 0xc6, 0x78, 0xbe, 0x97, 0xc7, 0x38, 0xd7, 0xfa, 0xc7, 0xf8, 0xc7, 0xf8, 0xc7, 0xf8, 0xc7, 0xf8, 0xc7, 0xf8, 0xc7, 0xf8, 0xc7, 0xf8, 0xc7, 0xf8, 0xc7, 0xf8, 0xc7, 0xf8, 0xc7, 0xf8, 0xc7, 0xf8, 0xc7, 0xf8, 0xc7, 0xf8, 0xc7, 0xf8, 0xc7, 0xf8, 0xc7, 0xf8, 0xc7, 0xf8, 0xc7, 0xf7, 0xc7, 0xf7, 0xc7, 0xf8, 0xcf, 0xf8, 0xcf, 0x79, 0xbe, 0x97, 0xc6, 0x77, 0xbe, 0x77, 0xbe, 0xb6, 0xcf, 0xb9, 0xcf, 0xf9, 0xc7, 0xf8, 0xc7, 0xf8, 0xc7, 0xf7, 0xc7, 0xf8, 0xc7, 0xf8, 0xc7, 0xf8, 0xc7, 0xf8, 0xc7, 0xf8, 0xc7, 0xf8, 0xc7, 0xf8, 0xc7, 0xf8, 0xc7, 0xf8, 0xc7, 0xf8, 0xc7, 0xf8, 0xbf, 0xf8, 0xc7, 0xf8, 0xc7, 0xf8, 0xc7, 0xf8, 0xc7, 0xf8, 0xcf, 0xf9, 0xcf, 0xf9, 0xcf, 0x59, 0xbe, 0x77, 0xc6, 0x78, 0xbe, 0x77, 0xb6, 0xf7, 0xcf, 0xf9, 0xc7, 0xf8, 0xc7, 0xf8, 0xc7, 0xf8, 0xc7, 0xf8, 0xc7, 0xf8, 0xc7, 0xf8, 0xc7, 0xf8, 0xc7, 0xf8, 0xc7, 0xf8, 0xc7, 0xf8, 0xc7, 0xf8, 0xc7, 0xf8, 0xc7, 0xf8, 0xc7, 0xf8, 0xc7, 0xf7, 0xc7, 0xf7, 0xc7, 0xf7, 0xd7, 0xf9, 0xc7, 0x18, 0xbe, 0x78, 0xbe, 0x38, 0xc6, 0x79, 0xbe, 0x97, 0xc7, 0x37, 0xcf, 0xf8, 0xc7, 0xf8, 0xbf, 0xf8, 0xc7, 0xf9, 0xcf, 0xf9, 0xcf, 0xf8, 0xc7, 0xf7, 0xc7, 0xf8, 0xc7, 0xf8, 0xc7, 0xf8, 0xc7, 0xf8, 0xc7, 0xf8, 0xc7, 0xf8, 0xc7, 0xf8, 0xc7, 0xf8, 0xc7, 0xf8, 0xc7, 0xf8, 0xc7, 0xf8, 
  0xce, 0x78, 0xc6, 0x58, 0xc6, 0x58, 0xce, 0x79, 0xc6, 0x59, 0xbe, 0x38, 0xc6, 0xb8, 0xcf, 0x79, 0xcf, 0xd9, 0xc7, 0xf8, 0xc7, 0xf8, 0xc7, 0xf7, 0xc7, 0xf8, 0xc7, 0xf8, 0xc7, 0xf8, 0xc7, 0xf8, 0xc7, 0xf8, 0xc7, 0xf8, 0xc7, 0xf8, 0xc7, 0xf8, 0xc7, 0xf8, 0xc7, 0xf8, 0xc7, 0xf8, 0xc7, 0xf8, 0xc7, 0xf8, 0xcf, 0xf8, 0xc7, 0xf7, 0xc7, 0xf7, 0xc7, 0xf8, 0xcf, 0xf9, 0xd7, 0x99, 0xbe, 0x97, 0xc6, 0x98, 0xbe, 0x77, 0xbe, 0x97, 0xcf, 0x99, 0xcf, 0xf9, 0xc7, 0xf8, 0xc7, 0xf7, 0xc7, 0xf7, 0xc7, 0xf8, 0xc7, 0xf8, 0xc7, 0xf8, 0xc7, 0xf8, 0xc7, 0xf8, 0xc7, 0xf8, 0xc7, 0xf8, 0xc7, 0xf8, 0xc7, 0xf8, 0xc7, 0xf8, 0xc7, 0xf8, 0xc7, 0xf8, 0xc7, 0xf8, 0xc7, 0xf8, 0xc7, 0xf8, 0xcf, 0xf8, 0xc7, 0xd8, 0xd7, 0xfa, 0xbe, 0xb7, 0xbe, 0x77, 0xce, 0xb8, 0xbe, 0x97, 0xc7, 0x78, 0xcf, 0xf9, 0xc7, 0xf8, 0xc7, 0xf8, 0xc7, 0xf8, 0xc7, 0xf8, 0xc7, 0xf8, 0xc7, 0xf8, 0xc7, 0xf8, 0xc7, 0xf8, 0xc7, 0xf8, 0xc7, 0xf8, 0xc7, 0xf8, 0xc7, 0xf8, 0xc7, 0xf8, 0xc7, 0xf8, 0xc7, 0xf8, 0xc7, 0xf8, 0xcf, 0xf8, 0xcf, 0x99, 0xc6, 0xb8, 0xc6, 0x78, 0xc6, 0x59, 0xce, 0x99, 0xbe, 0x77, 0xbe, 0x96, 0xcf, 0xb9, 0xcf, 0xf9, 0xc7, 0xf9, 0xc7, 0xf9, 0xcf, 0xf9, 0xcf, 0xf8, 0xc7, 0xf8, 0xc7, 0xf8, 0xc7, 0xf8, 0xc7, 0xf8, 0xc7, 0xf8, 0xc7, 0xf8, 0xc7, 0xf8, 0xc7, 0xf8, 0xc7, 0xf8, 0xc7, 0xf8, 0xc7, 0xf8, 0xc7, 0xf8, 
  0xce, 0x38, 0xce, 0x38, 0xc6, 0x59, 0xce, 0x59, 0xce, 0x39, 0xc6, 0x19, 0xc6, 0x59, 0xc6, 0xb9, 0xcf, 0xba, 0xcf, 0xf9, 0xc7, 0xf8, 0xbf, 0xf7, 0xc7, 0xf7, 0xc7, 0xf8, 0xc7, 0xf8, 0xc7, 0xf8, 0xc7, 0xf8, 0xc7, 0xf8, 0xc7, 0xf8, 0xc7, 0xf8, 0xc7, 0xf8, 0xc7, 0xf8, 0xc7, 0xf8, 0xc7, 0xf8, 0xcf, 0xf9, 0xcf, 0xf9, 0xc7, 0xf8, 0xbf, 0xf7, 0xc7, 0xf7, 0xcf, 0xf8, 0xcf, 0x79, 0xbe, 0x77, 0xc6, 0x98, 0xc6, 0x57, 0xbe, 0x97, 0xcf, 0x99, 0xcf, 0xd9, 0xc7, 0xf8, 0xc7, 0xf8, 0xc7, 0xf8, 0xc7, 0xf8, 0xc7, 0xf8, 0xc7, 0xf8, 0xc7, 0xf8, 0xc7, 0xf8, 0xc7, 0xf8, 0xc7, 0xf8, 0xc7, 0xf8, 0xc7, 0xf8, 0xc7, 0xf8, 0xc7, 0xf8, 0xc7, 0xf8, 0xc7, 0xf8, 0xc7, 0xf7, 0xc7, 0xf7, 0xcf, 0xf8, 0xcf, 0xb9, 0xd7, 0x9a, 0xc6, 0x98, 0xc6, 0x98, 0xc6, 0x77, 0xbe, 0xb7, 0xcf, 0xb9, 0xcf, 0xf9, 0xc7, 0xf8, 0xc7, 0xf8, 0xc7, 0xf8, 0xc7, 0xf8, 0xc7, 0xf8, 0xc7, 0xf8, 0xc7, 0xf8, 0xc7, 0xf8, 0xc7, 0xf8, 0xc7, 0xf8, 0xc7, 0xf8, 0xc7, 0xf8, 0xc7, 0xf8, 0xc7, 0xf8, 0xc7, 0xf8, 0xc7, 0xf8, 0xcf, 0xfa, 0xc6, 0xf8, 0xc6, 0x57, 0xce, 0x59, 0xc6, 0x38, 0xce, 0x59, 0xc6, 0x78, 0xbe, 0x77, 0xc7, 0x38, 0xcf, 0xd9, 0xc7, 0xf9, 0xc7, 0xf8, 0xc7, 0xf8, 0xcf, 0xf8, 0xcf, 0xf8, 0xc7, 0xf8, 0xc7, 0xf8, 0xc7, 0xf8, 0xc7, 0xf8, 0xc7, 0xf8, 0xc7, 0xf8, 0xc7, 0xf8, 0xc7, 0xf8, 0xc7, 0xf8, 0xc7, 0xf8, 0xc7, 0xf8, 
  0xd6, 0x39, 0xce, 0x39, 0xce, 0x59, 0xce, 0x59, 0xce, 0x3a, 0xce, 0x3a, 0xce, 0x39, 0xc6, 0x79, 0xcf, 0x3a, 0xcf, 0xb9, 0xc7, 0xf8, 0xc7, 0xf7, 0xc7, 0xf7, 0xc7, 0xf7, 0xc7, 0xf8, 0xc7, 0xf8, 0xc7, 0xf8, 0xc7, 0xf8, 0xc7, 0xf8, 0xc7, 0xf8, 0xc7, 0xf8, 0xc7, 0xf8, 0xc7, 0xf8, 0xc7, 0xf8, 0xc7, 0xf8, 0xcf, 0xf9, 0xc7, 0xf8, 0xc7, 0xf7, 0xc7, 0xf7, 0xcf, 0xf8, 0xcf, 0x79, 0xbe, 0x77, 0xc6, 0x78, 0xc6, 0x58, 0xc6, 0xb7, 0xd7, 0x9a, 0xcf, 0xf9, 0xc7, 0xf8, 0xc7, 0xf8, 0xc7, 0xf8, 0xc7, 0xf8, 0xc7, 0xf8, 0xc7, 0xf8, 0xc7, 0xf8, 0xc7, 0xf8, 0xc7, 0xf8, 0xc7, 0xf8, 0xc7, 0xf8, 0xc7, 0xf8, 0xc7, 0xf8, 0xc7, 0xf8, 0xc7, 0xf8, 0xc7, 0xf7, 0xc7, 0xf7, 0xc7, 0xf7, 0xcf, 0xf8, 0xd7, 0xda, 0xce, 0xf9, 0xc6, 0x98, 0xc6, 0x78, 0xbe, 0x77, 0xcf, 0x79, 0xcf, 0xd9, 0xcf, 0xf9, 0xc7, 0xf8, 0xc7, 0xf8, 0xc7, 0xf8, 0xc7, 0xf8, 0xc7, 0xf8, 0xc7, 0xf8, 0xc7, 0xf8, 0xc7, 0xf8, 0xc7, 0xf8, 0xc7, 0xf8, 0xc7, 0xf8, 0xc7, 0xf8, 0xc7, 0xf8, 0xc7, 0xf8, 0xc7, 0xf8, 0xc7, 0xf9, 0xcf, 0xba, 0xc6, 0xb8, 0xc6, 0x58, 0xce, 0x79, 0xce, 0x58, 0xc6, 0x58, 0xce, 0x59, 0xc6, 0x78, 0xc6, 0xd8, 0xcf, 0x99, 0xcf, 0xf9, 0xc7, 0xf8, 0xc7, 0xd8, 0xcf, 0xf9, 0xcf, 0xf8, 0xc7, 0xf8, 0xc7, 0xf8, 0xc7, 0xf8, 0xc7, 0xf8, 0xc7, 0xf8, 0xc7, 0xf8, 0xc7, 0xf8, 0xc7, 0xf8, 0xc7, 0xf8, 0xc7, 0xf8, 0xc7, 0xf8, 
  0xd6, 0x39, 0xce, 0x39, 0xce, 0x39, 0xc6, 0x59, 0xce, 0x59, 0xce, 0x39, 0xce, 0x19, 0xc6, 0x39, 0xc6, 0xb9, 0xcf, 0x59, 0xcf, 0xf9, 0xc7, 0xf8, 0xc7, 0xf7, 0xc7, 0xf7, 0xc7, 0xf8, 0xc7, 0xf8, 0xc7, 0xf8, 0xc7, 0xf8, 0xc7, 0xf8, 0xc7, 0xf8, 0xc7, 0xf8, 0xc7, 0xf8, 0xc7, 0xf8, 0xc7, 0xf8, 0xc7, 0xf8, 0xcf, 0xf8, 0xc7, 0xf8, 0xc7, 0xf8, 0xc7, 0xf8, 0xcf, 0xf8, 0xcf, 0x79, 0xc6, 0x98, 0xc6, 0x58, 0xc6, 0x58, 0xc6, 0x97, 0xd7, 0x7a, 0xcf, 0xd9, 0xc7, 0xf8, 0xc7, 0xf8, 0xc7, 0xf7, 0xc7, 0xf8, 0xc7, 0xf8, 0xc7, 0xf8, 0xc7, 0xf8, 0xc7, 0xf8, 0xc7, 0xf8, 0xc7, 0xf8, 0xc7, 0xf8, 0xc7, 0xf8, 0xc7, 0xf8, 0xc7, 0xf8, 0xc7, 0xf8, 0xc7, 0xf7, 0xc7, 0xf7, 0xc7, 0xf7, 0xcf, 0xf8, 0xd7, 0x7a, 0xc6, 0x78, 0xc6, 0x58, 0xbe, 0x57, 0xbe, 0xb7, 0xd7, 0xda, 0xcf, 0xd9, 0xc7, 0xd8, 0xc7, 0xf8, 0xc7, 0xf8, 0xc7, 0xf8, 0xc7, 0xf8, 0xc7, 0xf8, 0xc7, 0xf8, 0xc7, 0xf8, 0xc7, 0xf8, 0xc7, 0xf8, 0xc7, 0xf8, 0xc7, 0xf8, 0xc7, 0xf8, 0xc7, 0xf8, 0xc7, 0xf8, 0xc7, 0xf8, 0xcf, 0xf9, 0xc7, 0x19, 0xc6, 0x79, 0xce, 0x59, 0xce, 0x59, 0xd6, 0xda, 0xc6, 0x78, 0xce, 0x58, 0xce, 0x58, 0xc6, 0x78, 0xcf, 0x39, 0xcf, 0xf9, 0xc7, 0xf8, 0xc7, 0xf8, 0xcf, 0xf9, 0xc7, 0xf8, 0xc7, 0xf8, 0xc7, 0xf8, 0xc7, 0xf8, 0xc7, 0xf8, 0xc7, 0xf8, 0xc7, 0xf8, 0xc7, 0xf8, 0xc7, 0xf8, 0xc7, 0xf8, 0xc7, 0xf8, 0xc7, 0xf8, 
  0xd6, 0x3a, 0xce, 0x39, 0xce, 0x58, 0xce, 0x79, 0xce, 0x99, 0xce, 0x79, 0xce, 0x59, 0xce, 0x59, 0xbe, 0x38, 0xce, 0xf9, 0xd7, 0xba, 0xcf, 0xf9, 0xc7, 0xf7, 0xc7, 0xf8, 0xc7, 0xf8, 0xc7, 0xf8, 0xc7, 0xf8, 0xc7, 0xf8, 0xc7, 0xf8, 0xc7, 0xf8, 0xc7, 0xf8, 0xc7, 0xf8, 0xc7, 0xf8, 0xc7, 0xf8, 0xc7, 0xf8, 0xcf, 0xf8, 0xc7, 0xf7, 0xc7, 0xf7, 0xc7, 0xf7, 0xc7, 0xd8, 0xcf, 0x59, 0xc6, 0x98, 0xce, 0x58, 0xc6, 0x58, 0xc6, 0x98, 0xd7, 0x7a, 0xcf, 0xd9, 0xcf, 0xf9, 0xc7, 0xf8, 0xc7, 0xf8, 0xc7, 0xf8, 0xc7, 0xf8, 0xc7, 0xf8, 0xc7, 0xf8, 0xc7, 0xf8, 0xc7, 0xf8, 0xc7, 0xf8, 0xc7, 0xf8, 0xc7, 0xf8, 0xc7, 0xf8, 0xcf, 0xf8, 0xc7, 0xf8, 0xc7, 0xf7, 0xc7, 0xf7, 0xc7, 0xf8, 0xcf, 0xd9, 0xcf, 0x19, 0xce, 0x99, 0xc6, 0x38, 0xce, 0xb9, 0xc7, 0x18, 0xcf, 0xb9, 0xcf, 0xf9, 0xcf, 0xf8, 0xc7, 0xf8, 0xc7, 0xf8, 0xc7, 0xf8, 0xc7, 0xf8, 0xc7, 0xf8, 0xc7, 0xf8, 0xc7, 0xf8, 0xc7, 0xf8, 0xc7, 0xf8, 0xc7, 0xf8, 0xc7, 0xf8, 0xc7, 0xf8, 0xc7, 0xf8, 0xc7, 0xf8, 0xc7, 0xf9, 0xcf, 0xda, 0xc6, 0xb8, 0xce, 0x79, 0xc6, 0x58, 0xbe, 0x57, 0xdf, 0x7b, 0xce, 0xf9, 0xce, 0x58, 0xce, 0x39, 0xc6, 0x38, 0xce, 0xf9, 0xcf, 0xb8, 0xc7, 0xf8, 0xcf, 0xf9, 0xcf, 0xf9, 0xc7, 0xf8, 0xc7, 0xf8, 0xc7, 0xf8, 0xc7, 0xf8, 0xc7, 0xf8, 0xc7, 0xf8, 0xc7, 0xf8, 0xc7, 0xf8, 0xc7, 0xf8, 0xc7, 0xf8, 0xc7, 0xf8, 0xc7, 0xf8, 
  0xd6, 0x19, 0xce, 0x39, 0xce, 0x78, 0xc6, 0x77, 0xcf, 0x19, 0xce, 0xd9, 0xc6, 0x78, 0xc6, 0x79, 0xc6, 0x38, 0xce, 0x99, 0xcf, 0x19, 0xd7, 0xda, 0xc7, 0xf8, 0xc7, 0xf8, 0xc7, 0xf8, 0xc7, 0xf7, 0xc7, 0xf8, 0xc7, 0xf8, 0xc7, 0xf8, 0xc7, 0xf8, 0xc7, 0xf8, 0xc7, 0xf8, 0xc7, 0xf8, 0xc7, 0xf8, 0xc7, 0xf8, 0xc7, 0xf8, 0xc7, 0xf8, 0xc7, 0xf8, 0xc7, 0xf7, 0xcf, 0xf8, 0xcf, 0x79, 0xc6, 0x78, 0xc6, 0x58, 0xce, 0x58, 0xbe, 0x77, 0xd7, 0x9a, 0xcf, 0xb9, 0xc7, 0xf9, 0xc7, 0xf8, 0xc7, 0xf8, 0xc7, 0xf8, 0xc7, 0xf8, 0xc7, 0xf8, 0xc7, 0xf8, 0xc7, 0xf8, 0xc7, 0xf8, 0xc7, 0xf8, 0xc7, 0xf8, 0xc7, 0xf8, 0xc7, 0xf8, 0xcf, 0xf9, 0xcf, 0xf8, 0xbf, 0xf7, 0xcf, 0xf8, 0xc7, 0xf8, 0xd7, 0xd9, 0xc6, 0xb8, 0xc6, 0x58, 0xce, 0x79, 0xbe, 0x77, 0xd7, 0xb9, 0xcf, 0xd9, 0xc7, 0xb8, 0xcf, 0xf9, 0xc7, 0xf8, 0xc7, 0xf8, 0xc7, 0xf8, 0xc7, 0xf8, 0xc7, 0xf8, 0xc7, 0xf8, 0xc7, 0xf8, 0xc7, 0xf8, 0xcf, 0xf8, 0xbf, 0xf7, 0xc7, 0xf8, 0xcf, 0xf8, 0xcf, 0xf9, 0xc7, 0xd8, 0xcf, 0xfa, 0xc7, 0x38, 0xc6, 0x58, 0xce, 0x38, 0xc6, 0x99, 0xbe, 0xb8, 0xcf, 0xba, 0xcf, 0x7a, 0xc6, 0x78, 0xce, 0x38, 0xce, 0x38, 0xce, 0x78, 0xcf, 0x99, 0xc7, 0xd8, 0xc7, 0xf9, 0xc7, 0xf8, 0xc7, 0xf7, 0xc7, 0xf7, 0xc7, 0xf8, 0xc7, 0xf8, 0xc7, 0xf8, 0xc7, 0xf8, 0xc7, 0xf8, 0xc7, 0xf8, 0xc7, 0xf8, 0xc7, 0xf8, 0xc7, 0xf8, 0xc7, 0xf8, 
  0xd6, 0x3a, 0xce, 0x39, 0xc6, 0x57, 0xbe, 0x77, 0xcf, 0x59, 0xcf, 0x7a, 0xc6, 0xf8, 0xbe, 0x58, 0xce, 0x59, 0xc6, 0x58, 0xce, 0xb8, 0xcf, 0x39, 0xd7, 0xfa, 0xc7, 0xf8, 0xc7, 0xf8, 0xc7, 0xf8, 0xc7, 0xf8, 0xc7, 0xf8, 0xc7, 0xf8, 0xc7, 0xf8, 0xc7, 0xf8, 0xc7, 0xf8, 0xc7, 0xf8, 0xc7, 0xf8, 0xc7, 0xf8, 0xc7, 0xf8, 0xc7, 0xf8, 0xc7, 0xf8, 0xc7, 0xf7, 0xcf, 0xf9, 0xcf, 0x7a, 0xc6, 0x78, 0xc6, 0x58, 0xce, 0x58, 0xbe, 0x77, 0xd7, 0x9a, 0xcf, 0xb9, 0xc7, 0xf9, 0xc7, 0xf8, 0xc7, 0xf8, 0xc7, 0xf8, 0xc7, 0xf8, 0xc7, 0xf8, 0xc7, 0xf8, 0xc7, 0xf8, 0xc7, 0xf8, 0xc7, 0xf8, 0xc7, 0xf8, 0xc7, 0xf8, 0xc7, 0xf8, 0xcf, 0xf8, 0xc7, 0xf8, 0xc7, 0xf7, 0xc7, 0xf8, 0xcf, 0xf9, 0xcf, 0x79, 0xc6, 0x78, 0xce, 0x58, 0xc6, 0x58, 0xc6, 0xd8, 0xcf, 0xd9, 0xcf, 0xf9, 0xc7, 0xf8, 0xcf, 0xf8, 0xc7, 0xf8, 0xc7, 0xf8, 0xc7, 0xf8, 0xc7, 0xf8, 0xc7, 0xf8, 0xc7, 0xf8, 0xc7, 0xf8, 0xc7, 0xf8, 0xc7, 0xf8, 0xc7, 0xf7, 0xc7, 0xf8, 0xc7, 0xf8, 0xcf, 0xf9, 0xcf, 0xf9, 0xcf, 0xd9, 0xc6, 0xf8, 0xce, 0x38, 0xce, 0x59, 0xbe, 0x98, 0xc7, 0x39, 0xcf, 0xfa, 0xcf, 0xd9, 0xce, 0xf9, 0xce, 0x58, 0xd6, 0x59, 0xc6, 0x57, 0xc7, 0x18, 0xcf, 0xd9, 0xc7, 0xf8, 0xc7, 0xf8, 0xc7, 0xf8, 0xc7, 0xf8, 0xc7, 0xf8, 0xc7, 0xf8, 0xc7, 0xf8, 0xc7, 0xf8, 0xc7, 0xf8, 0xc7, 0xf8, 0xc7, 0xf8, 0xc7, 0xf8, 0xc7, 0xf8, 0xc7, 0xf8, 
  0xd6, 0x3a, 0xce, 0x38, 0xc6, 0x77, 0xbe, 0x96, 0xcf, 0x78, 0xd7, 0xfa, 0xc7, 0x79, 0xb6, 0x97, 0xc6, 0x78, 0xc6, 0x38, 0xc6, 0x58, 0xc6, 0xb8, 0xd7, 0xba, 0xcf, 0xd9, 0xc7, 0xd8, 0xc7, 0xf8, 0xc7, 0xf8, 0xc7, 0xf8, 0xc7, 0xf8, 0xc7, 0xf8, 0xc7, 0xf8, 0xc7, 0xf8, 0xc7, 0xf8, 0xc7, 0xf8, 0xc7, 0xf8, 0xc7, 0xf8, 0xc7, 0xf8, 0xc7, 0xf8, 0xc7, 0xf8, 0xcf, 0xf9, 0xcf, 0x7a, 0xc6, 0x78, 0xc6, 0x58, 0xce, 0x58, 0xbe, 0x77, 0xd7, 0x9a, 0xcf, 0xd9, 0xc7, 0xf9, 0xc7, 0xf8, 0xc7, 0xf8, 0xc7, 0xf8, 0xc7, 0xf8, 0xc7, 0xf8, 0xc7, 0xf8, 0xc7, 0xf8, 0xc7, 0xf8, 0xc7, 0xf8, 0xc7, 0xf8, 0xc7, 0xf8, 0xc7, 0xf8, 0xc7, 0xf8, 0xc7, 0xf8, 0xc7, 0xf8, 0xc7, 0xd8, 0xd7, 0xfa, 0xc7, 0x18, 0xbe, 0x57, 0xce, 0x78, 0xbe, 0x57, 0xcf, 0x79, 0xcf, 0xd9, 0xcf, 0xf9, 0xc7, 0xf8, 0xc7, 0xf8, 0xc7, 0xf8, 0xc7, 0xf8, 0xc7, 0xf8, 0xc7, 0xf8, 0xc7, 0xf8, 0xc7, 0xf8, 0xc7, 0xf8, 0xc7, 0xf8, 0xc7, 0xf7, 0xc7, 0xf8, 0xc7, 0xf8, 0xc7, 0xf8, 0xcf, 0xd9, 0xd7, 0xfa, 0xcf, 0x59, 0xc6, 0xb7, 0xce, 0x38, 0xce, 0x79, 0xbe, 0xb7, 0xc7, 0xda, 0xc7, 0xf9, 0xc7, 0xf9, 0xcf, 0x59, 0xc6, 0x78, 0xd6, 0x59, 0xc6, 0x37, 0xc6, 0x97, 0xd7, 0xd9, 0xc7, 0xf9, 0xc7, 0xf8, 0xc7, 0xf8, 0xc7, 0xf7, 0xc7, 0xf8, 0xc7, 0xf8, 0xc7, 0xf8, 0xc7, 0xf8, 0xc7, 0xf8, 0xc7, 0xf8, 0xc7, 0xf8, 0xc7, 0xf8, 0xc7, 0xf8, 0xc7, 0xf8, 
  0xce, 0x59, 0xce, 0x38, 0xc6, 0x98, 0xbe, 0x96, 0xc7, 0x57, 0xcf, 0xf9, 0xcf, 0xd9, 0xc7, 0x38, 0xc6, 0x77, 0xc6, 0x58, 0xc6, 0x38, 0xc6, 0x98, 0xc7, 0x19, 0xd7, 0xda, 0xcf, 0xd9, 0xc7, 0xd8, 0xc7, 0xf8, 0xc7, 0xf8, 0xc7, 0xf8, 0xc7, 0xf8, 0xc7, 0xf8, 0xc7, 0xf8, 0xc7, 0xf8, 0xc7, 0xf8, 0xc7, 0xf8, 0xc7, 0xf8, 0xc7, 0xf8, 0xc7, 0xf8, 0xc7, 0xf8, 0xcf, 0xf9, 0xcf, 0x7a, 0xc6, 0x78, 0xc6, 0x58, 0xce, 0x58, 0xbe, 0x77, 0xd7, 0x9a, 0xcf, 0xd9, 0xc7, 0xf8, 0xc7, 0xf8, 0xc7, 0xf8, 0xc7, 0xf8, 0xc7, 0xf8, 0xc7, 0xf8, 0xc7, 0xf8, 0xc7, 0xf8, 0xc7, 0xf8, 0xc7, 0xf8, 0xc7, 0xf8, 0xc7, 0xf8, 0xc7, 0xf8, 0xc7, 0xf8, 0xcf, 0xf8, 0xcf, 0xf9, 0xcf, 0xd9, 0xd7, 0x9a, 0xc6, 0xb8, 0xc6, 0x78, 0xc6, 0x78, 0xbe, 0xb7, 0xd7, 0xba, 0xc7, 0xd8, 0xc7, 0xf8, 0xc7, 0xf8, 0xc7, 0xf8, 0xc7, 0xf8, 0xc7, 0xf8, 0xc7, 0xf8, 0xc7, 0xf8, 0xc7, 0xf8, 0xc7, 0xf8, 0xc7, 0xf8, 0xc7, 0xf8, 0xbf, 0xf7, 0xc7, 0xf8, 0xc7, 0xf8, 0xc7, 0xf8, 0xcf, 0xd9, 0xd7, 0xda, 0xc6, 0xf8, 0xc6, 0x77, 0xce, 0x38, 0xce, 0x78, 0xbf, 0x18, 0xc7, 0xf9, 0xbf, 0xf8, 0xc7, 0xf9, 0xcf, 0x99, 0xc6, 0xb8, 0xce, 0x58, 0xce, 0x38, 0xc6, 0x57, 0xcf, 0x59, 0xc7, 0xd9, 0xbf, 0xf8, 0xc7, 0xf8, 0xc7, 0xf7, 0xc7, 0xf8, 0xc7, 0xf8, 0xc7, 0xf8, 0xc7, 0xf8, 0xc7, 0xf8, 0xc7, 0xf8, 0xc7, 0xf8, 0xc7, 0xf8, 0xc7, 0xf8, 0xc7, 0xf8, 
  0xce, 0x59, 0xc6, 0x38, 0xc6, 0x98, 0xbe, 0xb7, 0xc7, 0x58, 0xcf, 0xd9, 0xcf, 0xf9, 0xcf, 0xb9, 0xc6, 0xd7, 0xc6, 0x77, 0xc6, 0x58, 0xc6, 0x99, 0xbe, 0x97, 0xcf, 0x59, 0xd7, 0xda, 0xcf, 0xd8, 0xc7, 0xf8, 0xc7, 0xf8, 0xc7, 0xf8, 0xc7, 0xf8, 0xc7, 0xf8, 0xc7, 0xf8, 0xc7, 0xf8, 0xc7, 0xf8, 0xc7, 0xf8, 0xc7, 0xf8, 0xc7, 0xf8, 0xc7, 0xf8, 0xc7, 0xf8, 0xcf, 0xf9, 0xcf, 0x7a, 0xc6, 0x78, 0xc6, 0x58, 0xc6, 0x78, 0xbe, 0x77, 0xd7, 0x9a, 0xcf, 0xd9, 0xc7, 0xf8, 0xc7, 0xf8, 0xc7, 0xf8, 0xc7, 0xf8, 0xc7, 0xf8, 0xc7, 0xf8, 0xc7, 0xf8, 0xc7, 0xf8, 0xc7, 0xf8, 0xc7, 0xf8, 0xc7, 0xf8, 0xc7, 0xf8, 0xc7, 0xf8, 0xc7, 0xf8, 0xcf, 0xf8, 0xcf, 0xd9, 0xd7, 0xda, 0xcf, 0x19, 0xc6, 0x98, 0xc6, 0x78, 0xbe, 0x77, 0xcf, 0x38, 0xcf, 0xd9, 0xc7, 0xd8, 0xc7, 0xf8, 0xc7, 0xf8, 0xc7, 0xf8, 0xc7, 0xf8, 0xc7, 0xf8, 0xc7, 0xf8, 0xc7, 0xf8, 0xc7, 0xf8, 0xc7, 0xf8, 0xc7, 0xf8, 0xc7, 0xf8, 0xbf, 0xf7, 0xc7, 0xf8, 0xc7, 0xf8, 0xcf, 0xf8, 0xd7, 0xb9, 0xd7, 0x9a, 0xc6, 0x97, 0xc6, 0x78, 0xce, 0x58, 0xc6, 0x77, 0xc7, 0xb9, 0xbf, 0xf9, 0xbf, 0xf8, 0xc7, 0xf9, 0xcf, 0xd9, 0xc7, 0x18, 0xc6, 0x57, 0xce, 0x58, 0xce, 0x58, 0xc6, 0xd8, 0xcf, 0xb9, 0xc7, 0xf8, 0xc7, 0xf8, 0xc7, 0xf8, 0xc7, 0xf8, 0xc7, 0xf8, 0xc7, 0xf8, 0xc7, 0xf8, 0xc7, 0xf8, 0xc7, 0xf8, 0xc7, 0xf8, 0xc7, 0xf8, 0xc7, 0xf8, 0xc7, 0xf8, 
  0xce, 0x59, 0xc6, 0x38, 0xc6, 0x78, 0xbe, 0xb7, 0xcf, 0x79, 0xcf, 0xd9, 0xcf, 0xf9, 0xcf, 0xd9, 0xcf, 0x78, 0xbe, 0x97, 0xc6, 0x78, 0xc6, 0x78, 0xc6, 0x77, 0xc6, 0xb7, 0xd7, 0xba, 0xd7, 0xfa, 0xcf, 0xf8, 0xc7, 0xf8, 0xc7, 0xf8, 0xc7, 0xf8, 0xc7, 0xf8, 0xc7, 0xf8, 0xc7, 0xf8, 0xc7, 0xf8, 0xc7, 0xf8, 0xc7, 0xf8, 0xc7, 0xf8, 0xc7, 0xf8, 0xc7, 0xf8, 0xcf, 0xf9, 0xcf, 0x7a, 0xbe, 0x78, 0xc6, 0x58, 0xc6, 0x78, 0xbe, 0x77, 0xd7, 0x9a, 0xcf, 0xd9, 0xc7, 0xf8, 0xc7, 0xf8, 0xc7, 0xf8, 0xc7, 0xf8, 0xc7, 0xf8, 0xc7, 0xf8, 0xc7, 0xf8, 0xc7, 0xf8, 0xc7, 0xf8, 0xc7, 0xf8, 0xc7, 0xf8, 0xc7, 0xf8, 0xc7, 0xf8, 0xc7, 0xf8, 0xcf, 0xf8, 0xcf, 0xd9, 0xd7, 0xbb, 0xc6, 0xb9, 0xc6, 0x79, 0xc6, 0x78, 0xbe, 0x97, 0xcf, 0x99, 0xcf, 0xd8, 0xc7, 0xf8, 0xc7, 0xf8, 0xc7, 0xf8, 0xc7, 0xf8, 0xc7, 0xf8, 0xc7, 0xf8, 0xc7, 0xf8, 0xc7, 0xf8, 0xc7, 0xf8, 0xc7, 0xf8, 0xc7, 0xf8, 0xc7, 0xf8, 0xc7, 0xf8, 0xc7, 0xf7, 0xc7, 0xf8, 0xcf, 0xf9, 0xd7, 0xb9, 0xcf, 0x19, 0xc6, 0x57, 0xce, 0x78, 0xce, 0x58, 0xc6, 0xb7, 0xcf, 0xf9, 0xbf, 0xf8, 0xc7, 0xf8, 0xc7, 0xf9, 0xcf, 0xd9, 0xcf, 0x99, 0xbe, 0x97, 0xc6, 0x58, 0xce, 0x59, 0xc6, 0x58, 0xcf, 0x79, 0xc7, 0xd9, 0xcf, 0xf8, 0xcf, 0xf8, 0xc7, 0xf8, 0xc7, 0xf8, 0xc7, 0xf8, 0xc7, 0xf8, 0xc7, 0xf8, 0xc7, 0xf8, 0xc7, 0xf8, 0xc7, 0xf8, 0xc7, 0xf8, 0xc7, 0xf8, 
  0xce, 0x59, 0xce, 0x38, 0xc6, 0x78, 0xbe, 0x77, 0xcf, 0x59, 0xd7, 0xda, 0xcf, 0xd9, 0xcf, 0xd9, 0xcf, 0xd9, 0xc7, 0x18, 0xc6, 0xb8, 0xc6, 0x57, 0xc6, 0x78, 0xbe, 0x57, 0xcf, 0x18, 0xd7, 0xd9, 0xcf, 0xf8, 0xc7, 0xf8, 0xc7, 0xf8, 0xc7, 0xf8, 0xc7, 0xf8, 0xc7, 0xf8, 0xc7, 0xf8, 0xc7, 0xf8, 0xc7, 0xf8, 0xc7, 0xf8, 0xc7, 0xf8, 0xc7, 0xf8, 0xc7, 0xf8, 0xcf, 0xf9, 0xcf, 0x7a, 0xbe, 0x78, 0xc6, 0x58, 0xc6, 0x78, 0xbe, 0x77, 0xd7, 0x9a, 0xcf, 0xd9, 0xc7, 0xf8, 0xc7, 0xf8, 0xc7, 0xf8, 0xc7, 0xf8, 0xc7, 0xf8, 0xc7, 0xf8, 0xc7, 0xf8, 0xc7, 0xf8, 0xc7, 0xf8, 0xc7, 0xf8, 0xc7, 0xf8, 0xc7, 0xf8, 0xc7, 0xf8, 0xc7, 0xf7, 0xcf, 0xf8, 0xd7, 0xda, 0xcf, 0x5a, 0xc6, 0x79, 0xc6, 0x59, 0xc6, 0x78, 0xc6, 0xf8, 0xcf, 0xb9, 0xcf, 0xf8, 0xc7, 0xf8, 0xc7, 0xf8, 0xc7, 0xf8, 0xc7, 0xf8, 0xc7, 0xf8, 0xc7, 0xf8, 0xc7, 0xf8, 0xc7, 0xf8, 0xc7, 0xf9, 0xc7, 0xf8, 0xc7, 0xf8, 0xc7, 0xf8, 0xc7, 0xf8, 0xc7, 0xf8, 0xc7, 0xf8, 0xcf, 0xd9, 0xd7, 0x99, 0xc6, 0xb8, 0xc6, 0x58, 0xce, 0x78, 0xc6, 0x78, 0xcf, 0x59, 0xcf, 0xf9, 0xbf, 0xf8, 0xc7, 0xf8, 0xcf, 0xf9, 0xc7, 0xf9, 0xcf, 0xda, 0xc7, 0x19, 0xbe, 0x58, 0xd6, 0x5a, 0xc6, 0x38, 0xc6, 0xf8, 0xcf, 0xd9, 0xcf, 0xd8, 0xcf, 0xf8, 0xc7, 0xf8, 0xc7, 0xf8, 0xc7, 0xf8, 0xc7, 0xf8, 0xc7, 0xf8, 0xc7, 0xf8, 0xc7, 0xf8, 0xc7, 0xf8, 0xc7, 0xf8, 0xc7, 0xf8, 
  0xce, 0x38, 0xce, 0x59, 0xc6, 0x79, 0xbe, 0x57, 0xcf, 0x59, 0xd7, 0xd9, 0xcf, 0xd8, 0xcf, 0xf9, 0xcf, 0xf9, 0xcf, 0xb9, 0xbe, 0xd7, 0xbe, 0x77, 0xc6, 0x58, 0xc6, 0x78, 0xc6, 0x97, 0xcf, 0x79, 0xcf, 0xf9, 0xc7, 0xf8, 0xcf, 0xf8, 0xc7, 0xf8, 0xc7, 0xf8, 0xc7, 0xf8, 0xc7, 0xf8, 0xc7, 0xf8, 0xc7, 0xf8, 0xc7, 0xf8, 0xc7, 0xf8, 0xc7, 0xf8, 0xc7, 0xf8, 0xcf, 0xf9, 0xd7, 0x7a, 0xc6, 0x78, 0xc6, 0x58, 0xc6, 0x78, 0xbe, 0x77, 0xd7, 0xba, 0xcf, 0xd9, 0xc7, 0xf8, 0xc7, 0xf8, 0xc7, 0xf8, 0xc7, 0xf8, 0xc7, 0xf8, 0xc7, 0xf8, 0xc7, 0xf8, 0xc7, 0xf8, 0xc7, 0xf8, 0xc7, 0xf8, 0xc7, 0xf8, 0xc7, 0xf8, 0xc7, 0xf8, 0xc7, 0xf7, 0xc7, 0xd7, 0xd7, 0xfb, 0xc6, 0xd9, 0xc6, 0x5a, 0xc6, 0x59, 0xc6, 0xb8, 0xcf, 0x79, 0xcf, 0xd8, 0xcf, 0xf8, 0xc7, 0xf8, 0xbf, 0xf8, 0xc7, 0xf9, 0xc7, 0xf8, 0xc7, 0xf8, 0xc7, 0xf8, 0xc7, 0xf8, 0xc7, 0xf8, 0xc7, 0xf9, 0xc7, 0xf8, 0xc7, 0xf8, 0xc7, 0xf8, 0xc7, 0xf8, 0xc7, 0xf8, 0xcf, 0xf8, 0xcf, 0xd9, 0xcf, 0x79, 0xbe, 0x77, 0xce, 0x58, 0xc6, 0x58, 0xc6, 0x98, 0xd7, 0xda, 0xc7, 0xf8, 0xc7, 0xf8, 0xc7, 0xf8, 0xcf, 0xf8, 0xc7, 0xf8, 0xcf, 0xf9, 0xcf, 0x9a, 0xbe, 0x57, 0xce, 0x5a, 0xce, 0x59, 0xbe, 0x77, 0xd7, 0xba, 0xcf, 0xb9, 0xcf, 0xf8, 0xc7, 0xf8, 0xc7, 0xf8, 0xc7, 0xf8, 0xc7, 0xf8, 0xc7, 0xf8, 0xc7, 0xf8, 0xc7, 0xf8, 0xc7, 0xf8, 0xc7, 0xf8, 0xc7, 0xf8, 
  0xc6, 0x59, 0xc6, 0x59, 0xce, 0x59, 0xc6, 0x58, 0xcf, 0x78, 0xcf, 0xf8, 0xcf, 0xf8, 0xcf, 0xf8, 0xcf, 0xf9, 0xcf, 0xd9, 0xc7, 0x79, 0xb6, 0x96, 0xc6, 0x97, 0xc6, 0x78, 0xc6, 0x38, 0xc6, 0x98, 0xcf, 0xb9, 0xcf, 0xf9, 0xcf, 0xf8, 0xc7, 0xf8, 0xc7, 0xf8, 0xc7, 0xf8, 0xc7, 0xf8, 0xc7, 0xf8, 0xc7, 0xf8, 0xc7, 0xf8, 0xc7, 0xf8, 0xc7, 0xf8, 0xc7, 0xf8, 0xcf, 0xf9, 0xd7, 0x7a, 0xc6, 0x78, 0xc6, 0x58, 0xc6, 0x78, 0xbe, 0x76, 0xd7, 0xb9, 0xc7, 0xd9, 0xc7, 0xf8, 0xc7, 0xf8, 0xc7, 0xf8, 0xc7, 0xf8, 0xc7, 0xf8, 0xc7, 0xf8, 0xc7, 0xf8, 0xc7, 0xf8, 0xc7, 0xf8, 0xc7, 0xf8, 0xc7, 0xf8, 0xc7, 0xf8, 0xc7, 0xd7, 0xc7, 0xf8, 0xc7, 0xd7, 0xd7, 0xba, 0xc6, 0x79, 0xc6, 0x3a, 0xc6, 0x59, 0xbe, 0xd7, 0xcf, 0xd8, 0xcf, 0xf8, 0xc7, 0xf7, 0xcf, 0xf8, 0xc7, 0xf9, 0xbf, 0xf8, 0xc7, 0xf9, 0xc7, 0xf8, 0xc7, 0xf8, 0xc7, 0xf8, 0xc7, 0xf8, 0xc7, 0xf8, 0xc7, 0xf8, 0xc7, 0xf8, 0xc7, 0xf8, 0xc7, 0xf8, 0xc7, 0xf7, 0xcf, 0xf8, 0xd7, 0xd9, 0xc6, 0xd7, 0xc6, 0x78, 0xce, 0x59, 0xc6, 0x58, 0xcf, 0x39, 0xcf, 0xb9, 0xc7, 0xfa, 0xc7, 0xf9, 0xc7, 0xf8, 0xc7, 0xf8, 0xcf, 0xf8, 0xcf, 0xf9, 0xd7, 0xda, 0xc6, 0xb8, 0xc6, 0x59, 0xc6, 0x18, 0xce, 0x79, 0xcf, 0x19, 0xcf, 0xfa, 0xc7, 0xf8, 0xc7, 0xf8, 0xc7, 0xf8, 0xc7, 0xf8, 0xc7, 0xf8, 0xc7, 0xf8, 0xc7, 0xf8, 0xc7, 0xf8, 0xc7, 0xf8, 0xc7, 0xf8, 0xc7, 0xf8, 
  0xc6, 0x59, 0xc6, 0x59, 0xce, 0x59, 0xc6, 0x58, 0xcf, 0x78, 0xcf, 0xf8, 0xc7, 0xf8, 0xc7, 0xf8, 0xc7, 0xd8, 0xcf, 0xf9, 0xc7, 0xb9, 0xc7, 0x38, 0xbe, 0x77, 0xc6, 0x78, 0xce, 0x59, 0xc6, 0x38, 0xc7, 0x18, 0xd7, 0xfa, 0xcf, 0xf9, 0xc7, 0xd7, 0xc7, 0xf8, 0xc7, 0xf8, 0xbf, 0xf8, 0xc7, 0xf9, 0xc7, 0xf8, 0xc7, 0xf8, 0xc7, 0xf8, 0xc7, 0xf8, 0xc7, 0xf8, 0xcf, 0xf9, 0xd7, 0x7a, 0xc6, 0x78, 0xce, 0x58, 0xc6, 0x78, 0xbe, 0x76, 0xcf, 0xb9, 0xc7, 0xd8, 0xc7, 0xf8, 0xc7, 0xf8, 0xc7, 0xf9, 0xc7, 0xf9, 0xc7, 0xf8, 0xc7, 0xf8, 0xc7, 0xf8, 0xc7, 0xf8, 0xc7, 0xf8, 0xc7, 0xf8, 0xc7, 0xf8, 0xcf, 0xf9, 0xc7, 0xf8, 0xc7, 0xf7, 0xcf, 0xf8, 0xcf, 0x39, 0xc6, 0x59, 0xc6, 0x5a, 0xc6, 0x59, 0xc7, 0x38, 0xcf, 0xf8, 0xcf, 0xf7, 0xc7, 0xf7, 0xcf, 0xf8, 0xcf, 0xf9, 0xbf, 0xf8, 0xc7, 0xf9, 0xc7, 0xf8, 0xc7, 0xf8, 0xc7, 0xf8, 0xc7, 0xf8, 0xc7, 0xf8, 0xc7, 0xf8, 0xc7, 0xf8, 0xc7, 0xf8, 0xc7, 0xf7, 0xcf, 0xf8, 0xcf, 0xd9, 0xd7, 0x99, 0xc6, 0xb7, 0xc6, 0x58, 0xce, 0x59, 0xc6, 0x78, 0xcf, 0x9a, 0xcf, 0xf9, 0xc7, 0xfa, 0xbf, 0xf9, 0xbf, 0xf8, 0xc7, 0xf8, 0xc7, 0xf8, 0xcf, 0xf8, 0xcf, 0xd9, 0xc7, 0x39, 0xc6, 0x58, 0xce, 0x59, 0xce, 0x58, 0xc6, 0xb8, 0xcf, 0x99, 0xc7, 0xf9, 0xc7, 0xf8, 0xc7, 0xf8, 0xc7, 0xf8, 0xc7, 0xf8, 0xc7, 0xf8, 0xc7, 0xf8, 0xc7, 0xf8, 0xc7, 0xf8, 0xc7, 0xf8, 0xc7, 0xf8, 
  0xc6, 0x59, 0xc6, 0x59, 0xce, 0x59, 0xc6, 0x58, 0xcf, 0x78, 0xcf, 0xf8, 0xc7, 0xf8, 0xc7, 0xf8, 0xc7, 0xd8, 0xcf, 0xf9, 0xcf, 0xf9, 0xcf, 0xda, 0xbe, 0xd7, 0xc6, 0x77, 0xce, 0x79, 0xc6, 0x38, 0xbe, 0x98, 0xcf, 0x79, 0xd7, 0xd9, 0xcf, 0xf8, 0xc7, 0xf8, 0xbf, 0xf7, 0xbf, 0xf8, 0xc7, 0xf9, 0xc7, 0xf8, 0xc7, 0xf8, 0xc7, 0xf8, 0xc7, 0xf8, 0xc7, 0xf8, 0xcf, 0xf9, 0xd7, 0x7a, 0xc6, 0x78, 0xce, 0x58, 0xc6, 0x78, 0xbe, 0x76, 0xcf, 0xb9, 0xc7, 0xd8, 0xc7, 0xf8, 0xc7, 0xf8, 0xc7, 0xf8, 0xc7, 0xf9, 0xc7, 0xf8, 0xc7, 0xf8, 0xc7, 0xf8, 0xc7, 0xf8, 0xc7, 0xf8, 0xc7, 0xf8, 0xc7, 0xf8, 0xcf, 0xf8, 0xcf, 0xf8, 0xc7, 0xd7, 0xd7, 0xd9, 0xbe, 0xb7, 0xc6, 0x58, 0xc6, 0x7a, 0xbe, 0x78, 0xcf, 0x99, 0xcf, 0xf8, 0xc7, 0xf7, 0xc7, 0xf7, 0xcf, 0xf9, 0xcf, 0xf9, 0xc7, 0xf8, 0xc7, 0xf8, 0xc7, 0xf8, 0xc7, 0xf8, 0xc7, 0xf8, 0xc7, 0xf8, 0xc7, 0xf8, 0xc7, 0xf8, 0xc7, 0xf8, 0xc7, 0xf8, 0xc7, 0xf8, 0xcf, 0xf9, 0xd7, 0xda, 0xc7, 0x18, 0xc6, 0x77, 0xce, 0x78, 0xc6, 0x38, 0xce, 0xd9, 0xd7, 0xda, 0xcf, 0xf9, 0xc7, 0xf9, 0xbf, 0xf8, 0xbf, 0xf8, 0xc7, 0xf8, 0xc7, 0xf8, 0xc7, 0xf7, 0xcf, 0xf9, 0xcf, 0xb9, 0xbe, 0x77, 0xce, 0x98, 0xc6, 0x58, 0xbe, 0x77, 0xc7, 0x38, 0xcf, 0xf9, 0xc7, 0xf8, 0xc7, 0xf8, 0xc7, 0xf8, 0xc7, 0xf8, 0xc7, 0xf8, 0xc7, 0xf8, 0xc7, 0xf8, 0xc7, 0xf8, 0xc7, 0xf8, 0xc7, 0xf8, 
  0xc6, 0x59, 0xc6, 0x59, 0xce, 0x5a, 0xc6, 0x58, 0xcf, 0x78, 0xcf, 0xf8, 0xc7, 0xf8, 0xc7, 0xf8, 0xcf, 0xf8, 0xc7, 0xd8, 0xcf, 0xf9, 0xcf, 0xfa, 0xcf, 0x79, 0xbe, 0x77, 0xc6, 0x78, 0xc6, 0x78, 0xc6, 0x78, 0xc6, 0xb8, 0xcf, 0x99, 0xd7, 0xf9, 0xbf, 0xf7, 0xbf, 0xf7, 0xc7, 0xf9, 0xc7, 0xf8, 0xc7, 0xf8, 0xcf, 0xf8, 0xc7, 0xf8, 0xc7, 0xf8, 0xc7, 0xf8, 0xcf, 0xf9, 0xcf, 0x79, 0xc6, 0x77, 0xce, 0x58, 0xce, 0x78, 0xbe, 0x76, 0xd7, 0xb9, 0xcf, 0xd8, 0xc7, 0xf8, 0xc7, 0xf8, 0xc7, 0xf8, 0xc7, 0xf8, 0xc7, 0xf8, 0xc7, 0xf8, 0xc7, 0xf8, 0xc7, 0xf8, 0xc7, 0xf8, 0xc7, 0xf8, 0xc7, 0xf8, 0xc7, 0xf8, 0xcf, 0xf8, 0xcf, 0xd8, 0xcf, 0x78, 0xbe, 0x57, 0xc6, 0x78, 0xc6, 0x79, 0xc6, 0xd9, 0xcf, 0xda, 0xcf, 0xf8, 0xc7, 0xf7, 0xc7, 0xf7, 0xcf, 0xf9, 0xcf, 0xf9, 0xbf, 0xf8, 0xc7, 0xf8, 0xc7, 0xf8, 0xc7, 0xf8, 0xc7, 0xf8, 0xc7, 0xf8, 0xc7, 0xf8, 0xc7, 0xf8, 0xcf, 0xf8, 0xcf, 0xf8, 0xc7, 0xf8, 0xc7, 0xd9, 0xd7, 0xba, 0xc6, 0x97, 0xc6, 0x37, 0xd6, 0x99, 0xbe, 0x37, 0xd7, 0x7a, 0xcf, 0xd9, 0xc7, 0xf8, 0xc7, 0xf8, 0xbf, 0xf8, 0xbf, 0xf8, 0xc7, 0xf8, 0xc7, 0xf7, 0xc7, 0xf7, 0xc7, 0xf8, 0xd7, 0xfa, 0xc6, 0xd8, 0xc6, 0x98, 0xc6, 0x78, 0xbe, 0x77, 0xc6, 0xf8, 0xcf, 0xda, 0xc7, 0xf8, 0xc7, 0xf8, 0xc7, 0xf8, 0xc7, 0xf8, 0xc7, 0xf8, 0xc7, 0xf8, 0xc7, 0xf8, 0xc7, 0xf8, 0xc7, 0xf8, 0xc7, 0xf8, 
  0xce, 0x59, 0xce, 0x39, 0xce, 0x5a, 0xc6, 0x58, 0xcf, 0x78, 0xcf, 0xf8, 0xc7, 0xf8, 0xc7, 0xf8, 0xc7, 0xf8, 0xc7, 0xd8, 0xc7, 0xf9, 0xcf, 0xd9, 0xd7, 0xda, 0xc6, 0xf8, 0xbe, 0x77, 0xc6, 0x78, 0xc6, 0x59, 0xbe, 0x58, 0xc7, 0x18, 0xd7, 0xd9, 0xc7, 0xf8, 0xbf, 0xf7, 0xc7, 0xf8, 0xbf, 0xf8, 0xcf, 0xf8, 0xcf, 0xf8, 0xc7, 0xf8, 0xc7, 0xf8, 0xc7, 0xf8, 0xcf, 0xf9, 0xcf, 0x99, 0xc6, 0x97, 0xce, 0x58, 0xce, 0x58, 0xbe, 0x76, 0xd7, 0xb9, 0xcf, 0xd8, 0xc7, 0xf8, 0xc7, 0xf8, 0xc7, 0xf8, 0xc7, 0xf8, 0xc7, 0xf8, 0xc7, 0xf8, 0xc7, 0xf8, 0xc7, 0xf7, 0xc7, 0xf8, 0xc7, 0xf8, 0xc7, 0xf8, 0xc7, 0xf8, 0xcf, 0xf9, 0xd7, 0xd9, 0xc6, 0xd7, 0xc6, 0x57, 0xc6, 0x78, 0xbe, 0x78, 0xd7, 0x7a, 0xcf, 0xfa, 0xc7, 0xf8, 0xc7, 0xf8, 0xc7, 0xf8, 0xcf, 0xf9, 0xc7, 0xf8, 0xc7, 0xf8, 0xc7, 0xf8, 0xc7, 0xf8, 0xc7, 0xf8, 0xbf, 0xf8, 0xbf, 0xf8, 0xc7, 0xf8, 0xc7, 0xf8, 0xcf, 0xf8, 0xcf, 0xf8, 0xcf, 0xf9, 0xcf, 0xb9, 0xcf, 0x3a, 0xc6, 0x58, 0xce, 0x38, 0xce, 0x58, 0xc6, 0x98, 0xd7, 0xdb, 0xc7, 0xd8, 0xc7, 0xf8, 0xc7, 0xf8, 0xc7, 0xf8, 0xc7, 0xf8, 0xc7, 0xf8, 0xc7, 0xf7, 0xc7, 0xf7, 0xc7, 0xf8, 0xcf, 0xf9, 0xcf, 0x79, 0xbe, 0x77, 0xc6, 0x77, 0xc6, 0x78, 0xc6, 0x98, 0xcf, 0x59, 0xcf, 0xf9, 0xc7, 0xf8, 0xc7, 0xf8, 0xc7, 0xf8, 0xc7, 0xf8, 0xc7, 0xf8, 0xc7, 0xf8, 0xc7, 0xf8, 0xc7, 0xf8, 0xc7, 0xf8, 
  0xce, 0x59, 0xce, 0x39, 0xce, 0x3a, 0xc6, 0x58, 0xcf, 0x78, 0xcf, 0xf8, 0xc7, 0xf8, 0xc7, 0xf8, 0xc7, 0xf8, 0xc7, 0xf8, 0xc7, 0xf9, 0xc7, 0xd9, 0xcf, 0xd9, 0xd7, 0xba, 0xbe, 0xb7, 0xc6, 0x78, 0xc6, 0x59, 0xce, 0x59, 0xc6, 0x97, 0xc7, 0x38, 0xcf, 0xf9, 0xc7, 0xf8, 0xbf, 0xf7, 0xc7, 0xf8, 0xcf, 0xf8, 0xcf, 0xf8, 0xc7, 0xf8, 0xc7, 0xf8, 0xc7, 0xf8, 0xcf, 0xf9, 0xcf, 0x99, 0xc6, 0x97, 0xce, 0x58, 0xce, 0x58, 0xbe, 0x77, 0xd7, 0xb9, 0xcf, 0xd8, 0xc7, 0xf8, 0xc7, 0xf8, 0xc7, 0xf8, 0xc7, 0xf8, 0xc7, 0xf8, 0xc7, 0xf8, 0xc7, 0xf7, 0xc7, 0xf7, 0xc7, 0xf8, 0xc7, 0xf8, 0xc7, 0xf8, 0xc7, 0xf8, 0xcf, 0xf9, 0xd7, 0x9a, 0xbe, 0x77, 0xc6, 0x58, 0xce, 0x78, 0xbe, 0xb7, 0xd7, 0xba, 0xcf, 0xf9, 0xc7, 0xf8, 0xc7, 0xf8, 0xc7, 0xf8, 0xc7, 0xf8, 0xc7, 0xf8, 0xc7, 0xf8, 0xc7, 0xf8, 0xc7, 0xf8, 0xc7, 0xf8, 0xbf, 0xf8, 0xbf, 0xf8, 0xc7, 0xf8, 0xc7, 0xf8, 0xcf, 0xf8, 0xcf, 0xf8, 0xcf, 0xf9, 0xd7, 0xda, 0xc6, 0x98, 0xce, 0x59, 0xd6, 0x79, 0xbe, 0x17, 0xcf, 0x5a, 0xcf, 0xda, 0xc7, 0xf8, 0xc7, 0xf8, 0xc7, 0xf8, 0xc7, 0xf9, 0xc7, 0xf8, 0xc7, 0xf8, 0xc7, 0xf8, 0xc7, 0xf8, 0xc7, 0xf8, 0xc7, 0xd8, 0xd7, 0xda, 0xbe, 0xb7, 0xc6, 0x77, 0xc6, 0x78, 0xc6, 0x58, 0xc6, 0xd8, 0xd7, 0xda, 0xcf, 0xf9, 0xc7, 0xf8, 0xc7, 0xf8, 0xc7, 0xf8, 0xc7, 0xf8, 0xc7, 0xf8, 0xc7, 0xf8, 0xc7, 0xf8, 0xc7, 0xf8, 
  0xce, 0x59, 0xce, 0x39, 0xce, 0x3a, 0xc6, 0x58, 0xcf, 0x78, 0xcf, 0xf8, 0xc7, 0xf8, 0xc7, 0xf8, 0xc7, 0xf8, 0xc7, 0xf8, 0xc7, 0xf8, 0xc7, 0xf9, 0xcf, 0xd9, 0xd7, 0xfa, 0xc7, 0x58, 0xbe, 0xb8, 0xc6, 0x59, 0xce, 0x7a, 0xc6, 0x58, 0xbe, 0xb7, 0xcf, 0xb9, 0xcf, 0xf9, 0xc7, 0xd8, 0xc7, 0xf8, 0xc7, 0xf8, 0xc7, 0xf8, 0xc7, 0xf7, 0xc7, 0xf8, 0xc7, 0xf8, 0xcf, 0xf9, 0xcf, 0x79, 0xc6, 0x97, 0xce, 0x58, 0xce, 0x58, 0xbe, 0x77, 0xd7, 0xb9, 0xcf, 0xd8, 0xc7, 0xf8, 0xc7, 0xf8, 0xc7, 0xf8, 0xc7, 0xf8, 0xc7, 0xf8, 0xc7, 0xf8, 0xc7, 0xf7, 0xc7, 0xf7, 0xc7, 0xf8, 0xc7, 0xf8, 0xc7, 0xf8, 0xc7, 0xf8, 0xcf, 0xd9, 0xcf, 0x19, 0xc6, 0x37, 0xce, 0x58, 0xc6, 0x78, 0xc7, 0x38, 0xd7, 0xfa, 0xc7, 0xf9, 0xc7, 0xf8, 0xc7, 0xf8, 0xc7, 0xf8, 0xc7, 0xf8, 0xc7, 0xf8, 0xc7, 0xf8, 0xc7, 0xf8, 0xc7, 0xf8, 0xc7, 0xf8, 0xc7, 0xf8, 0xbf, 0xf8, 0xc7, 0xf8, 0xc7, 0xf8, 0xc7, 0xf8, 0xcf, 0xf8, 0xcf, 0xd9, 0xcf, 0x79, 0xbe, 0x58, 0xc6, 0x59, 0xce, 0x79, 0xbe, 0x77, 0xd7, 0xda, 0xc7, 0xf8, 0xc7, 0xf8, 0xcf, 0xf8, 0xcf, 0xf8, 0xcf, 0xf9, 0xc7, 0xf9, 0xc7, 0xf9, 0xc7, 0xf8, 0xc7, 0xf8, 0xc7, 0xf8, 0xc7, 0xd8, 0xd7, 0xda, 0xcf, 0x39, 0xc6, 0x78, 0xce, 0x58, 0xce, 0x39, 0xc6, 0x78, 0xcf, 0x99, 0xcf, 0xf9, 0xcf, 0xf9, 0xc7, 0xf8, 0xc7, 0xf8, 0xc7, 0xf8, 0xc7, 0xf8, 0xc7, 0xf8, 0xc7, 0xf8, 0xc7, 0xf8, 
  0xce, 0x39, 0xce, 0x39, 0xce, 0x3a, 0xc6, 0x58, 0xcf, 0x78, 0xcf, 0xf8, 0xc7, 0xf8, 0xc7, 0xf8, 0xc7, 0xf8, 0xc7, 0xf8, 0xbf, 0xf8, 0xc7, 0xf8, 0xcf, 0xf9, 0xcf, 0xd8, 0xd7, 0xfa, 0xc7, 0x18, 0xc6, 0x78, 0xc6, 0x59, 0xc6, 0x58, 0xc6, 0x78, 0xcf, 0x19, 0xd7, 0xba, 0xcf, 0xf9, 0xc7, 0xf8, 0xc7, 0xf7, 0xc7, 0xf7, 0xc7, 0xf7, 0xc7, 0xf8, 0xc7, 0xf8, 0xcf, 0xd9, 0xd7, 0x79, 0xc6, 0x77, 0xce, 0x58, 0xce, 0x59, 0xbe, 0x77, 0xd7, 0xb9, 0xcf, 0xd8, 0xc7, 0xf8, 0xc7, 0xf8, 0xc7, 0xf8, 0xc7, 0xf8, 0xc7, 0xf8, 0xc7, 0xf8, 0xc7, 0xf7, 0xc7, 0xf7, 0xc7, 0xf8, 0xc7, 0xf8, 0xc7, 0xf8, 0xc7, 0xf8, 0xcf, 0xd9, 0xc6, 0x98, 0xce, 0x58, 0xce, 0x58, 0xc6, 0x77, 0xd7, 0xb9, 0xcf, 0xf9, 0xc7, 0xf9, 0xc7, 0xf9, 0xc7, 0xf9, 0xc7, 0xf8, 0xc7, 0xf7, 0xc7, 0xf8, 0xcf, 0xf8, 0xc7, 0xf8, 0xc7, 0xf8, 0xc7, 0xf8, 0xc7, 0xf8, 0xc7, 0xf8, 0xc7, 0xf8, 0xc7, 0xf8, 0xc7, 0xf8, 0xcf, 0xf8, 0xd7, 0xb9, 0xc6, 0xd8, 0xc6, 0x99, 0xc6, 0x38, 0xc6, 0x78, 0xc7, 0x18, 0xcf, 0xf9, 0xc7, 0xf8, 0xc7, 0xf8, 0xc7, 0xf8, 0xc7, 0xf8, 0xc7, 0xf8, 0xcf, 0xf9, 0xc7, 0xf9, 0xc7, 0xf9, 0xc7, 0xf8, 0xc7, 0xf8, 0xc7, 0xf8, 0xcf, 0xd9, 0xd7, 0xba, 0xc6, 0x98, 0xc6, 0x58, 0xd6, 0x3a, 0xce, 0x59, 0xcf, 0x39, 0xcf, 0xb9, 0xcf, 0xf9, 0xc7, 0xf8, 0xc7, 0xf8, 0xc7, 0xf8, 0xc7, 0xf8, 0xc7, 0xf8, 0xc7, 0xf8, 0xc7, 0xf8, 
  0xce, 0x39, 0xce, 0x39, 0xce, 0x3a, 0xc6, 0x58, 0xcf, 0x78, 0xcf, 0xf8, 0xc7, 0xf8, 0xc7, 0xf8, 0xc7, 0xf8, 0xc7, 0xf8, 0xc7, 0xf8, 0xc7, 0xf8, 0xc7, 0xf8, 0xcf, 0xf8, 0xcf, 0xf9, 0xd7, 0xda, 0xbe, 0xb7, 0xc6, 0x98, 0xc6, 0x38, 0xce, 0x58, 0xc6, 0x78, 0xd7, 0x5a, 0xcf, 0xb9, 0xcf, 0xf8, 0xc7, 0xf7, 0xc7, 0xf7, 0xc7, 0xf7, 0xc7, 0xf7, 0xc7, 0xf9, 0xd7, 0xda, 0xcf, 0x79, 0xbe, 0x77, 0xce, 0x59, 0xce, 0x59, 0xbe, 0x77, 0xd7, 0xb9, 0xcf, 0xd8, 0xc7, 0xf8, 0xc7, 0xf8, 0xc7, 0xf8, 0xc7, 0xf8, 0xc7, 0xf8, 0xc7, 0xf7, 0xc7, 0xf7, 0xc7, 0xf8, 0xcf, 0xf8, 0xc7, 0xf8, 0xc7, 0xf8, 0xcf, 0xf9, 0xc7, 0x59, 0xc6, 0x58, 0xce, 0x79, 0xc6, 0x58, 0xce, 0xf8, 0xd7, 0xd9, 0xcf, 0xf8, 0xc7, 0xf8, 0xc7, 0xf9, 0xc7, 0xf9, 0xc7, 0xf8, 0xc7, 0xf8, 0xc7, 0xf7, 0xc7, 0xf8, 0xc7, 0xf8, 0xc7, 0xf8, 0xc7, 0xf8, 0xc7, 0xf8, 0xc7, 0xf8, 0xbf, 0xf8, 0xc7, 0xf9, 0xbf, 0xd7, 0xcf, 0xf9, 0xd7, 0x9a, 0xbe, 0x56, 0xce, 0x79, 0xc6, 0x99, 0xb6, 0x77, 0xcf, 0xba, 0xc7, 0xf8, 0xc7, 0xf7, 0xc7, 0xf8, 0xc7, 0xf8, 0xc7, 0xf8, 0xc7, 0xf8, 0xc7, 0xf8, 0xc7, 0xf8, 0xc7, 0xf8, 0xc7, 0xf8, 0xbf, 0xf8, 0xc7, 0xf8, 0xc7, 0xd8, 0xd7, 0xda, 0xcf, 0x19, 0xc6, 0x78, 0xce, 0x59, 0xce, 0x59, 0xbe, 0xb7, 0xd7, 0xba, 0xcf, 0xd9, 0xcf, 0xf9, 0xc7, 0xf8, 0xc7, 0xf8, 0xc7, 0xf8, 0xc7, 0xf8, 0xc7, 0xf8, 0xc7, 0xf8, 
  0xce, 0x39, 0xce, 0x39, 0xce, 0x3a, 0xc6, 0x58, 0xcf, 0x78, 0xc7, 0xf8, 0xc7, 0xf8, 0xc7, 0xf8, 0xc7, 0xf8, 0xc7, 0xf8, 0xc7, 0xf8, 0xc7, 0xf8, 0xc7, 0xf8, 0xc7, 0xf8, 0xcf, 0xf9, 0xcf, 0xd9, 0xcf, 0x79, 0xbe, 0x97, 0xce, 0x79, 0xce, 0x39, 0xce, 0x59, 0xc6, 0x99, 0xd7, 0xbb, 0xcf, 0xf9, 0xc7, 0xf7, 0xc7, 0xf7, 0xbf, 0xf7, 0xc7, 0xf7, 0xcf, 0xf9, 0xd7, 0xda, 0xd7, 0x59, 0xc6, 0x78, 0xce, 0x59, 0xce, 0x59, 0xbe, 0x77, 0xd7, 0xb9, 0xcf, 0xd8, 0xc7, 0xf8, 0xc7, 0xf8, 0xc7, 0xf8, 0xc7, 0xf8, 0xc7, 0xf8, 0xc7, 0xf8, 0xc7, 0xf7, 0xc7, 0xf8, 0xc7, 0xf8, 0xc7, 0xf8, 0xc7, 0xd9, 0xcf, 0xfa, 0xbe, 0xf7, 0xc6, 0x78, 0xce, 0x59, 0xc6, 0x77, 0xd7, 0x59, 0xcf, 0xf8, 0xc7, 0xf8, 0xc7, 0xf8, 0xc7, 0xf9, 0xc7, 0xf9, 0xc7, 0xf8, 0xc7, 0xf8, 0xc7, 0xf7, 0xc7, 0xf8, 0xc7, 0xf8, 0xc7, 0xf8, 0xc7, 0xf8, 0xc7, 0xf8, 0xc7, 0xf8, 0xc7, 0xf8, 0xc7, 0xf8, 0xbf, 0xf8, 0xcf, 0xf9, 0xcf, 0x18, 0xc6, 0x57, 0xce, 0x78, 0xc6, 0x78, 0xbe, 0xd7, 0xcf, 0xfa, 0xc7, 0xf8, 0xc7, 0xf7, 0xc7, 0xf7, 0xc7, 0xf8, 0xc7, 0xf8, 0xc7, 0xf8, 0xc7, 0xf8, 0xc7, 0xf8, 0xc7, 0xf8, 0xc7, 0xf8, 0xc7, 0xf8, 0xc7, 0xf8, 0xc7, 0xf8, 0xcf, 0xd9, 0xcf, 0x59, 0xbe, 0x98, 0xc6, 0x38, 0xc6, 0x38, 0xc6, 0x98, 0xcf, 0x59, 0xd7, 0xda, 0xcf, 0xd9, 0xc7, 0xf8, 0xc7, 0xf8, 0xc7, 0xf8, 0xc7, 0xf8, 0xc7, 0xf8, 0xc7, 0xf8, 
  0xce, 0x38, 0xce, 0x39, 0xce, 0x3a, 0xc6, 0x58, 0xcf, 0x78, 0xc7, 0xf8, 0xc7, 0xf8, 0xc7, 0xf9, 0xc7, 0xf8, 0xc7, 0xf8, 0xc7, 0xf8, 0xc7, 0xf8, 0xc7, 0xf8, 0xc7, 0xf8, 0xc7, 0xf8, 0xcf, 0xf9, 0xcf, 0xf9, 0xbf, 0x17, 0xc6, 0x78, 0xce, 0x59, 0xc6, 0x19, 0xc6, 0x59, 0xcf, 0x19, 0xcf, 0xd9, 0xcf, 0xf8, 0xc7, 0xf7, 0xbf, 0xf6, 0xc7, 0xf7, 0xcf, 0xf9, 0xcf, 0xda, 0xd7, 0x59, 0xc6, 0x98, 0xce, 0x39, 0xce, 0x59, 0xbe, 0x77, 0xd7, 0xb9, 0xcf, 0xd8, 0xc7, 0xf8, 0xc7, 0xf8, 0xc7, 0xf8, 0xc7, 0xf8, 0xc7, 0xf8, 0xc7, 0xf8, 0xc7, 0xf8, 0xc7, 0xf8, 0xc7, 0xf8, 0xc7, 0xf8, 0xcf, 0xd9, 0xcf, 0x9a, 0xb6, 0x76, 0xce, 0x99, 0xce, 0x58, 0xc6, 0xb8, 0xd7, 0xba, 0xcf, 0xf8, 0xc7, 0xf7, 0xc7, 0xf8, 0xc7, 0xf8, 0xc7, 0xf8, 0xc7, 0xf8, 0xc7, 0xf7, 0xc7, 0xf7, 0xc7, 0xf8, 0xc7, 0xf8, 0xc7, 0xf9, 0xc7, 0xf8, 0xcf, 0xf8, 0xcf, 0xf8, 0xc7, 0xf8, 0xbf, 0xf8, 0xc7, 0xf9, 0xcf, 0xb9, 0xc6, 0x97, 0xce, 0x78, 0xce, 0x78, 0xbe, 0x77, 0xc7, 0x59, 0xcf, 0xf9, 0xc7, 0xf8, 0xc7, 0xf7, 0xc7, 0xf8, 0xc7, 0xf8, 0xc7, 0xf8, 0xc7, 0xf8, 0xc7, 0xf8, 0xc7, 0xf8, 0xc7, 0xf8, 0xc7, 0xf8, 0xc7, 0xf8, 0xc7, 0xf7, 0xc7, 0xf8, 0xc7, 0xf8, 0xd7, 0xfa, 0xc6, 0xf8, 0xc6, 0x58, 0xce, 0x79, 0xc6, 0x98, 0xbe, 0xd8, 0xd7, 0xba, 0xcf, 0xb9, 0xcf, 0xf9, 0xc7, 0xf8, 0xc7, 0xf7, 0xc7, 0xf8, 0xc7, 0xf8, 0xc7, 0xf8, 
  0xce, 0x38, 0xce, 0x39, 0xce, 0x39, 0xc6, 0x58, 0xc7, 0x78, 0xc7, 0xf8, 0xc7, 0xf8, 0xc7, 0xf9, 0xc7, 0xf8, 0xc7, 0xf8, 0xc7, 0xf8, 0xc7, 0xf8, 0xc7, 0xf8, 0xc7, 0xf8, 0xc7, 0xf8, 0xc7, 0xf8, 0xc7, 0xf8, 0xcf, 0xb9, 0xc6, 0xb7, 0xce, 0x78, 0xce, 0x39, 0xc6, 0x59, 0xbe, 0x78, 0xcf, 0x59, 0xcf, 0xd9, 0xcf, 0xf8, 0xc7, 0xf7, 0xc7, 0xf7, 0xc7, 0xf8, 0xcf, 0xd9, 0xd7, 0x5a, 0xc6, 0x78, 0xce, 0x39, 0xce, 0x59, 0xbe, 0x77, 0xd7, 0xb9, 0xcf, 0xd8, 0xc7, 0xf8, 0xc7, 0xf8, 0xc7, 0xf8, 0xc7, 0xf8, 0xc7, 0xf8, 0xc7, 0xf8, 0xc7, 0xf8, 0xc7, 0xf8, 0xc7, 0xf8, 0xcf, 0xf9, 0xcf, 0xda, 0xc7, 0x19, 0xbe, 0x57, 0xce, 0x98, 0xc6, 0x77, 0xcf, 0x38, 0xd7, 0xfa, 0xc7, 0xf8, 0xbf, 0xf7, 0xc7, 0xf8, 0xc7, 0xf8, 0xc7, 0xf8, 0xc7, 0xf8, 0xc7, 0xf7, 0xc7, 0xf7, 0xc7, 0xf8, 0xc7, 0xf9, 0xc7, 0xf9, 0xc7, 0xf9, 0xcf, 0xf8, 0xcf, 0xf8, 0xc7, 0xf8, 0xc7, 0xf8, 0xcf, 0xfa, 0xc7, 0x39, 0xc6, 0x57, 0xce, 0x58, 0xce, 0x78, 0xc6, 0x98, 0xcf, 0xba, 0xcf, 0xfa, 0xcf, 0xf9, 0xcf, 0xd8, 0xcf, 0xf9, 0xc7, 0xf9, 0xcf, 0xf8, 0xcf, 0xf8, 0xc7, 0xf8, 0xc7, 0xf8, 0xc7, 0xf9, 0xc7, 0xf9, 0xc7, 0xd8, 0xc7, 0xd8, 0xc7, 0xf8, 0xc7, 0xf8, 0xd7, 0xfa, 0xc7, 0x59, 0xbe, 0x57, 0xc6, 0x58, 0xc6, 0x78, 0xbe, 0x77, 0xd7, 0x5a, 0xd7, 0xba, 0xcf, 0xf9, 0xc7, 0xf8, 0xc7, 0xf8, 0xc7, 0xf8, 0xc7, 0xf8, 0xc7, 0xf8, 
  0xce, 0x38, 0xce, 0x38, 0xce, 0x39, 0xc6, 0x58, 0xc7, 0x78, 0xc7, 0xf8, 0xc7, 0xf8, 0xc7, 0xf9, 0xc7, 0xf8, 0xc7, 0xf8, 0xc7, 0xf8, 0xc7, 0xf8, 0xc7, 0xf8, 0xc7, 0xf8, 0xc7, 0xf8, 0xc7, 0xf8, 0xc7, 0xf8, 0xcf, 0xf9, 0xcf, 0x59, 0xbe, 0x77, 0xce, 0x99, 0xc6, 0x38, 0xc6, 0x58, 0xc6, 0xb8, 0xd7, 0x79, 0xd7, 0xf9, 0xc7, 0xf8, 0xc7, 0xf7, 0xc7, 0xf8, 0xcf, 0xf9, 0xd7, 0x7a, 0xc6, 0x58, 0xce, 0x39, 0xce, 0x59, 0xbe, 0x77, 0xd7, 0xb9, 0xc7, 0xd8, 0xc7, 0xf8, 0xc7, 0xf8, 0xc7, 0xf8, 0xc7, 0xf8, 0xc7, 0xf8, 0xc7, 0xf8, 0xc7, 0xf8, 0xc7, 0xf8, 0xc7, 0xf8, 0xcf, 0xf9, 0xcf, 0xba, 0xbe, 0x98, 0xc6, 0x78, 0xc6, 0x78, 0xc6, 0xb7, 0xd7, 0xb9, 0xcf, 0xf9, 0xc7, 0xf8, 0xc7, 0xf8, 0xc7, 0xf8, 0xc7, 0xf8, 0xc7, 0xf8, 0xc7, 0xf8, 0xc7, 0xf7, 0xc7, 0xf8, 0xc7, 0xf8, 0xc7, 0xf9, 0xc7, 0xf9, 0xcf, 0xf9, 0xc7, 0xf8, 0xc7, 0xf7, 0xc7, 0xf8, 0xc7, 0xf8, 0xd7, 0xda, 0xc6, 0xb8, 0xce, 0x58, 0xce, 0x38, 0xce, 0x78, 0xce, 0xf9, 0xd7, 0x9a, 0xcf, 0x9a, 0xdf, 0xba, 0xd7, 0x9a, 0xd7, 0xda, 0xcf, 0xda, 0xd7, 0xd9, 0xd7, 0xd9, 0xcf, 0xd9, 0xcf, 0xd9, 0xcf, 0xda, 0xcf, 0xda, 0xd7, 0xb9, 0xd7, 0xda, 0xcf, 0xf9, 0xcf, 0xd9, 0xd7, 0xda, 0xd7, 0x9a, 0xce, 0x98, 0xce, 0x79, 0xc6, 0x58, 0xc6, 0x78, 0xc6, 0xd8, 0xd7, 0xba, 0xcf, 0xf9, 0xc7, 0xf8, 0xc7, 0xf8, 0xc7, 0xf8, 0xc7, 0xf8, 0xc7, 0xf8, 
  0xce, 0x58, 0xce, 0x38, 0xce, 0x59, 0xc6, 0x58, 0xc7, 0x78, 0xc7, 0xf8, 0xc7, 0xf8, 0xc7, 0xf9, 0xcf, 0xf8, 0xcf, 0xf8, 0xc7, 0xf8, 0xc7, 0xf8, 0xc7, 0xf8, 0xc7, 0xf8, 0xc7, 0xf8, 0xc7, 0xf8, 0xcf, 0xf9, 0xcf, 0xd8, 0xcf, 0xb9, 0xc7, 0x18, 0xbe, 0x77, 0xc6, 0x78, 0xce, 0x9a, 0xc6, 0x38, 0xce, 0xf9, 0xd7, 0x9a, 0xcf, 0xf8, 0xc7, 0xf7, 0xc7, 0xf7, 0xcf, 0xf9, 0xd7, 0x7a, 0xc6, 0x58, 0xce, 0x39, 0xce, 0x59, 0xbe, 0x77, 0xd7, 0xb9, 0xc7, 0xf8, 0xc7, 0xf8, 0xc7, 0xf8, 0xc7, 0xf8, 0xc7, 0xf9, 0xc7, 0xf8, 0xc7, 0xf8, 0xc7, 0xf8, 0xc7, 0xd8, 0xcf, 0xf9, 0xcf, 0xf9, 0xc7, 0x59, 0xbe, 0x58, 0xce, 0x99, 0xc6, 0x77, 0xc7, 0x18, 0xd7, 0xfa, 0xc7, 0xf8, 0xc7, 0xf8, 0xc7, 0xf8, 0xc7, 0xf8, 0xc7, 0xf8, 0xcf, 0xf8, 0xc7, 0xf8, 0xc7, 0xf7, 0xc7, 0xf8, 0xc7, 0xf8, 0xc7, 0xf9, 0xc7, 0xf9, 0xcf, 0xf9, 0xc7, 0xf8, 0xc7, 0xf7, 0xc7, 0xf8, 0xcf, 0xf9, 0xcf, 0x7a, 0xbe, 0x58, 0xd6, 0x59, 0xce, 0x19, 0xce, 0x58, 0xce, 0xd8, 0xc7, 0x19, 0xc6, 0xf8, 0xce, 0xf9, 0xce, 0xf9, 0xc6, 0xf9, 0xc6, 0xf8, 0xc6, 0xf8, 0xc6, 0xf7, 0xc7, 0x17, 0xc7, 0x17, 0xc6, 0xf8, 0xc6, 0xf8, 0xc6, 0xd8, 0xcf, 0x19, 0xc6, 0xf8, 0xbf, 0x17, 0xbe, 0xf8, 0xcf, 0x19, 0xc6, 0x58, 0xce, 0x39, 0xce, 0x39, 0xce, 0x79, 0xbe, 0x97, 0xd7, 0x9a, 0xcf, 0xd9, 0xc7, 0xf8, 0xc7, 0xf8, 0xc7, 0xf7, 0xc7, 0xf8, 0xc7, 0xf8, 
  0xce, 0x58, 0xce, 0x38, 0xce, 0x59, 0xc6, 0x58, 0xc7, 0x78, 0xc7, 0xf8, 0xc7, 0xf9, 0xc7, 0xf9, 0xcf, 0xf8, 0xcf, 0xf8, 0xc7, 0xf8, 0xc7, 0xf8, 0xc7, 0xf8, 0xc7, 0xf8, 0xc7, 0xf8, 0xc7, 0xf9, 0xcf, 0xf9, 0xc7, 0xd8, 0xcf, 0xd8, 0xd7, 0xd9, 0xb6, 0xb6, 0xc6, 0xb8, 0xce, 0x7a, 0xc6, 0x39, 0xce, 0x79, 0xd7, 0x39, 0xcf, 0xd8, 0xc7, 0xf7, 0xbf, 0xf7, 0xc7, 0xf8, 0xd7, 0x7a, 0xc6, 0x78, 0xce, 0x59, 0xce, 0x59, 0xbe, 0x77, 0xcf, 0xb9, 0xc7, 0xf8, 0xc7, 0xf8, 0xc7, 0xf8, 0xc7, 0xf8, 0xc7, 0xf8, 0xc7, 0xf8, 0xc7, 0xf8, 0xc7, 0xf8, 0xc7, 0xd8, 0xcf, 0xf9, 0xcf, 0xd9, 0xbe, 0xd7, 0xc6, 0x58, 0xce, 0x79, 0xc6, 0x77, 0xd7, 0x79, 0xcf, 0xf9, 0xc7, 0xf8, 0xc7, 0xf8, 0xc7, 0xf8, 0xc7, 0xf8, 0xc7, 0xf8, 0xcf, 0xf8, 0xcf, 0xf7, 0xc7, 0xf8, 0xc7, 0xf8, 0xc7, 0xf9, 0xc7, 0xf9, 0xcf, 0xf9, 0xcf, 0xf9, 0xc7, 0xf7, 0xbf, 0xf7, 0xc7, 0xf7, 0xcf, 0xd9, 0xc6, 0xf8, 0xc6, 0x58, 0xd6, 0x39, 0xd6, 0x39, 0xc6, 0x58, 0xc6, 0x98, 0xbe, 0x97, 0xbe, 0x77, 0xbe, 0x38, 0xc6, 0x59, 0xc6, 0x59, 0xc6, 0x79, 0xc6, 0x78, 0xc6, 0x77, 0xc6, 0x77, 0xc6, 0x77, 0xc6, 0x78, 0xc6, 0x58, 0xce, 0x59, 0xce, 0x59, 0xc6, 0x58, 0xbe, 0x98, 0xbe, 0x98, 0xc6, 0x78, 0xd6, 0x59, 0xd6, 0x39, 0xce, 0x5a, 0xc6, 0x59, 0xbe, 0x77, 0xc7, 0x38, 0xcf, 0xd9, 0xcf, 0xf8, 0xc7, 0xf8, 0xc7, 0xf8, 0xc7, 0xf8, 0xc7, 0xf8, 
  0xce, 0x58, 0xce, 0x38, 0xce, 0x59, 0xc6, 0x58, 0xc7, 0x78, 0xc7, 0xf8, 0xc7, 0xf8, 0xc7, 0xf9, 0xcf, 0xf8, 0xcf, 0xf8, 0xc7, 0xf8, 0xc7, 0xf8, 0xc7, 0xf8, 0xc7, 0xf8, 0xc7, 0xf8, 0xc7, 0xf8, 0xc7, 0xf8, 0xc7, 0xd8, 0xcf, 0xf8, 0xcf, 0xf8, 0xcf, 0x98, 0xbe, 0x97, 0xc6, 0x59, 0xce, 0x5a, 0xc6, 0x39, 0xce, 0xd9, 0xcf, 0x98, 0xc7, 0xf8, 0xc7, 0xf8, 0xc7, 0xf8, 0xcf, 0x59, 0xc6, 0x98, 0xce, 0x59, 0xce, 0x59, 0xbe, 0x77, 0xd7, 0xb9, 0xcf, 0xd8, 0xc7, 0xf8, 0xc7, 0xf8, 0xc7, 0xf8, 0xc7, 0xf8, 0xc7, 0xf8, 0xc7, 0xf8, 0xc7, 0xf8, 0xc7, 0xd8, 0xcf, 0xf9, 0xcf, 0x99, 0xbe, 0x77, 0xce, 0x79, 0xc6, 0x58, 0xc6, 0xb7, 0xd7, 0xda, 0xcf, 0xf9, 0xc7, 0xf8, 0xc7, 0xf9, 0xbf, 0xf8, 0xc7, 0xf8, 0xc7, 0xf8, 0xc7, 0xf8, 0xcf, 0xf8, 0xc7, 0xf8, 0xc7, 0xf8, 0xc7, 0xf8, 0xc7, 0xf9, 0xcf, 0xf9, 0xc7, 0xf8, 0xc7, 0xf7, 0xc7, 0xf7, 0xc7, 0xf8, 0xcf, 0x99, 0xc6, 0x78, 0xce, 0x59, 0xce, 0x19, 0xd6, 0x5a, 0xc6, 0x78, 0xbe, 0x77, 0xbe, 0x97, 0xc6, 0xb8, 0xbe, 0x38, 0xce, 0x7a, 0xc6, 0x59, 0xc6, 0x59, 0xce, 0x58, 0xc6, 0x58, 0xc6, 0x78, 0xc6, 0x78, 0xc6, 0x58, 0xce, 0x59, 0xce, 0x59, 0xce, 0x59, 0xc6, 0x58, 0xc6, 0x78, 0xc6, 0x99, 0xbe, 0x37, 0xd6, 0x59, 0xce, 0x19, 0xce, 0x5a, 0xc6, 0x18, 0xc6, 0x78, 0xc6, 0xb8, 0xd7, 0xba, 0xcf, 0xf9, 0xbf, 0xf7, 0xc7, 0xf8, 0xc7, 0xf8, 0xc7, 0xf8, 
  0xc6, 0x58, 0xc6, 0x59, 0xce, 0x59, 0xbe, 0x58, 0xc7, 0x78, 0xc7, 0xf8, 0xc7, 0xf8, 0xc7, 0xf8, 0xcf, 0xf8, 0xcf, 0xf8, 0xc7, 0xf8, 0xc7, 0xf8, 0xc7, 0xf8, 0xc7, 0xf8, 0xc7, 0xf8, 0xc7, 0xf8, 0xc7, 0xf8, 0xc7, 0xf8, 0xc7, 0xf8, 0xcf, 0xf8, 0xcf, 0xd9, 0xc7, 0x18, 0xc6, 0x78, 0xce, 0x59, 0xc6, 0x39, 0xc6, 0x78, 0xc6, 0xf8, 0xd7, 0xda, 0xcf, 0xd9, 0xcf, 0xd9, 0xcf, 0x59, 0xbe, 0xb8, 0xc6, 0x58, 0xc6, 0x78, 0xbe, 0x76, 0xd7, 0x99, 0xcf, 0xd9, 0xc7, 0xf8, 0xc7, 0xf8, 0xc7, 0xf8, 0xcf, 0xf9, 0xbf, 0xd7, 0xc7, 0xf8, 0xc7, 0xf8, 0xc7, 0xf9, 0xcf, 0xda, 0xc6, 0xf8, 0xc6, 0x98, 0xc6, 0x78, 0xbe, 0x57, 0xd7, 0x79, 0xcf, 0xd9, 0xc7, 0xd8, 0xc7, 0xf9, 0xbf, 0xf8, 0xbf, 0xf8, 0xc7, 0xf8, 0xc7, 0xf8, 0xc7, 0xf8, 0xc7, 0xf8, 0xc7, 0xf8, 0xc7, 0xf8, 0xc7, 0xf8, 0xc7, 0xf8, 0xc7, 0xf8, 0xcf, 0xf9, 0xbf, 0xf7, 0xc7, 0xf8, 0xd7, 0xf9, 0xc6, 0xf8, 0xce, 0x59, 0xce, 0x3a, 0xce, 0x5a, 0xc6, 0x58, 0xbe, 0x77, 0xbe, 0xb6, 0xbe, 0xb5, 0xbe, 0xb6, 0xbe, 0x98, 0xbe, 0x78, 0xc6, 0x78, 0xc6, 0x78, 0xc6, 0x78, 0xc6, 0x78, 0xc6, 0x78, 0xc6, 0x78, 0xc6, 0x78, 0xc6, 0x78, 0xc6, 0x78, 0xc6, 0x78, 0xc6, 0x78, 0xc6, 0x78, 0xc6, 0x78, 0xc6, 0x78, 0xc6, 0x78, 0xc6, 0x58, 0xc6, 0x78, 0xc6, 0x78, 0xce, 0x58, 0xce, 0x58, 0xd7, 0x3a, 0xcf, 0xb9, 0xc7, 0xf8, 0xbf, 0xf7, 0xbf, 0xf7, 0xbf, 0xf7, 
  0xc6, 0x59, 0xc6, 0x59, 0xce, 0x59, 0xbe, 0x58, 0xc7, 0x79, 0xcf, 0xf9, 0xc7, 0xf8, 0xc7, 0xf8, 0xcf, 0xf8, 0xcf, 0xf8, 0xc7, 0xf8, 0xc7, 0xf7, 0xc7, 0xf8, 0xc7, 0xf8, 0xc7, 0xf8, 0xc7, 0xf8, 0xc7, 0xf8, 0xc7, 0xf8, 0xc7, 0xf7, 0xc7, 0xf8, 0xcf, 0xf9, 0xcf, 0x99, 0xc6, 0xd9, 0xc6, 0x58, 0xce, 0x79, 0xc6, 0x58, 0xc6, 0x98, 0xcf, 0x19, 0xdf, 0xdb, 0xd7, 0xba, 0xcf, 0x79, 0xbe, 0x97, 0xc6, 0x78, 0xc6, 0x78, 0xbe, 0x76, 0xd7, 0x99, 0xcf, 0xd9, 0xc7, 0xf8, 0xc7, 0xf8, 0xc7, 0xf8, 0xc7, 0xf8, 0xc7, 0xf8, 0xc7, 0xf7, 0xc7, 0xf8, 0xc7, 0xf9, 0xcf, 0xba, 0xbe, 0x77, 0xc6, 0x78, 0xc6, 0x98, 0xbe, 0xb7, 0xd7, 0xba, 0xcf, 0xf9, 0xc7, 0xf8, 0xc7, 0xf8, 0xbf, 0xf8, 0xbf, 0xf8, 0xc7, 0xf8, 0xc7, 0xf9, 0xc7, 0xf9, 0xc7, 0xf9, 0xc7, 0xf8, 0xc7, 0xf8, 0xc7, 0xf8, 0xc7, 0xf8, 0xc7, 0xf8, 0xc7, 0xf8, 0xc7, 0xf8, 0xc7, 0xf8, 0xd7, 0xb9, 0xc6, 0x97, 0xce, 0x59, 0xce, 0x39, 0xce, 0x59, 0xce, 0xda, 0xcf, 0x59, 0xc7, 0x78, 0xc7, 0x77, 0xcf, 0x78, 0xc7, 0x59, 0xc7, 0x39, 0xcf, 0x59, 0xcf, 0x59, 0xcf, 0x59, 0xcf, 0x59, 0xcf, 0x59, 0xcf, 0x59, 0xcf, 0x59, 0xcf, 0x59, 0xcf, 0x59, 0xcf, 0x59, 0xcf, 0x59, 0xcf, 0x59, 0xcf, 0x59, 0xcf, 0x59, 0xcf, 0x59, 0xcf, 0x39, 0xc6, 0xb8, 0xc6, 0x58, 0xce, 0x38, 0xce, 0x39, 0xce, 0xb9, 0xd7, 0xba, 0xc7, 0xf8, 0xbf, 0xf7, 0xbf, 0xf7, 0xbf, 0xf7, 
  0xce, 0x59, 0xce, 0x39, 0xce, 0x59, 0xc6, 0x58, 0xc7, 0x79, 0xcf, 0xf9, 0xc7, 0xf8, 0xc7, 0xf8, 0xcf, 0xf8, 0xc7, 0xf8, 0xc7, 0xf8, 0xc7, 0xf7, 0xc7, 0xf8, 0xc7, 0xf8, 0xc7, 0xf8, 0xc7, 0xf8, 0xc7, 0xf8, 0xc7, 0xf8, 0xc7, 0xf7, 0xc7, 0xf8, 0xcf, 0xf9, 0xd7, 0xfa, 0xcf, 0x59, 0xbe, 0x77, 0xc6, 0x78, 0xc6, 0x78, 0xc6, 0x78, 0xc6, 0x98, 0xd7, 0x7b, 0xdf, 0xbb, 0xd7, 0x7a, 0xbe, 0x97, 0xc6, 0x78, 0xc6, 0x78, 0xbe, 0x77, 0xd7, 0x99, 0xcf, 0xd9, 0xc7, 0xf8, 0xc7, 0xf8, 0xc7, 0xf8, 0xc7, 0xf7, 0xcf, 0xf8, 0xc7, 0xf7, 0xc7, 0xf8, 0xcf, 0xf9, 0xc7, 0x59, 0xbe, 0x57, 0xc6, 0x78, 0xbe, 0x77, 0xcf, 0x18, 0xd7, 0xda, 0xd7, 0xf9, 0xc7, 0xf8, 0xc7, 0xf8, 0xc7, 0xf8, 0xc7, 0xf8, 0xc7, 0xf8, 0xc7, 0xf8, 0xc7, 0xf9, 0xc7, 0xf9, 0xc7, 0xf8, 0xc7, 0xf8, 0xc7, 0xf8, 0xc7, 0xf8, 0xc7, 0xf8, 0xc7, 0xf8, 0xc7, 0xf8, 0xcf, 0xf9, 0xcf, 0x58, 0xbe, 0x77, 0xce, 0x59, 0xce, 0x59, 0xbe, 0x58, 0xd7, 0x5a, 0xd7, 0xda, 0xcf, 0xd8, 0xcf, 0xd8, 0xd7, 0xd9, 0xcf, 0xba, 0xcf, 0xba, 0xcf, 0xf9, 0xcf, 0xf8, 0xcf, 0xf8, 0xcf, 0xf8, 0xcf, 0xf8, 0xcf, 0xf8, 0xcf, 0xf8, 0xcf, 0xf8, 0xcf, 0xf8, 0xcf, 0xf8, 0xcf, 0xf8, 0xcf, 0xf8, 0xcf, 0xf8, 0xcf, 0xf8, 0xcf, 0xf8, 0xcf, 0xd9, 0xc7, 0x38, 0xbe, 0x77, 0xce, 0x58, 0xce, 0x38, 0xc6, 0x58, 0xd7, 0x9a, 0xc7, 0xf8, 0xbf, 0xf7, 0xbf, 0xf7, 0xbf, 0xf7, 
  0xce, 0x59, 0xce, 0x39, 0xce, 0x59, 0xc6, 0x58, 0xcf, 0x79, 0xcf, 0xf9, 0xc7, 0xf8, 0xc7, 0xf8, 0xc7, 0xf9, 0xc7, 0xf8, 0xc7, 0xf8, 0xc7, 0xf7, 0xc7, 0xf8, 0xc7, 0xf8, 0xc7, 0xf8, 0xc7, 0xf8, 0xc7, 0xf8, 0xc7, 0xf8, 0xc7, 0xf8, 0xc7, 0xf8, 0xc7, 0xd8, 0xcf, 0xf9, 0xd7, 0xba, 0xcf, 0x19, 0xbe, 0x77, 0xce, 0x99, 0xc6, 0x58, 0xc6, 0x99, 0xc6, 0xb9, 0xdf, 0x9b, 0xd7, 0x9b, 0xbe, 0x97, 0xc6, 0x78, 0xc6, 0x78, 0xbe, 0x77, 0xd7, 0x9a, 0xcf, 0xd9, 0xc7, 0xf8, 0xc7, 0xf8, 0xc7, 0xf8, 0xc7, 0xf8, 0xcf, 0xf8, 0xcf, 0xf8, 0xc7, 0xd8, 0xd7, 0xd9, 0xbe, 0xd7, 0xc6, 0x78, 0xce, 0x78, 0xbe, 0x97, 0xd7, 0x99, 0xd7, 0xda, 0xcf, 0xf9, 0xc7, 0xf8, 0xbf, 0xf7, 0xc7, 0xf8, 0xc7, 0xf8, 0xc7, 0xf8, 0xc7, 0xf8, 0xc7, 0xf9, 0xc7, 0xf9, 0xc7, 0xf8, 0xc7, 0xf8, 0xc7, 0xf8, 0xc7, 0xf8, 0xc7, 0xf8, 0xc7, 0xf8, 0xc7, 0xd8, 0xd7, 0xf9, 0xbe, 0xb7, 0xc6, 0x78, 0xc6, 0x58, 0xc6, 0x59, 0xc6, 0xb8, 0xd7, 0x9a, 0xd7, 0xf9, 0xcf, 0xd8, 0xcf, 0xd8, 0xcf, 0xd9, 0xcf, 0xd9, 0xcf, 0xfa, 0xc7, 0xf8, 0xc7, 0xf7, 0xc7, 0xf7, 0xc7, 0xf7, 0xc7, 0xf7, 0xc7, 0xf7, 0xc7, 0xf7, 0xc7, 0xf7, 0xc7, 0xf7, 0xc7, 0xf7, 0xc7, 0xf7, 0xc7, 0xf7, 0xc7, 0xf7, 0xc7, 0xf7, 0xc7, 0xf7, 0xc7, 0xf8, 0xcf, 0xb9, 0xbe, 0x97, 0xce, 0x79, 0xc6, 0x38, 0xc6, 0x58, 0xcf, 0x19, 0xcf, 0xf9, 0xc7, 0xf8, 0xc7, 0xf7, 0xc7, 0xf7, 
  0xce, 0x39, 0xce, 0x39, 0xce, 0x39, 0xc6, 0x58, 0xcf, 0x79, 0xcf, 0xf9, 0xc7, 0xf8, 0xc7, 0xf8, 0xc7, 0xf9, 0xc7, 0xf8, 0xc7, 0xf8, 0xc7, 0xf7, 0xc7, 0xf8, 0xc7, 0xf8, 0xc7, 0xf8, 0xc7, 0xf8, 0xcf, 0xf9, 0xc7, 0xf8, 0xc7, 0xf8, 0xc7, 0xf8, 0xc7, 0xf7, 0xc7, 0xf8, 0xcf, 0xf9, 0xcf, 0xb9, 0xc6, 0xd8, 0xc6, 0x78, 0xc6, 0x58, 0xce, 0x79, 0xc6, 0x38, 0xd7, 0x1b, 0xdf, 0x7b, 0xbe, 0x97, 0xc6, 0x78, 0xc6, 0x78, 0xbe, 0x77, 0xd7, 0x9a, 0xcf, 0xd9, 0xc7, 0xf8, 0xc7, 0xf8, 0xc7, 0xf8, 0xcf, 0xf8, 0xc7, 0xd7, 0xd7, 0xf9, 0xcf, 0xd9, 0xcf, 0x79, 0xbe, 0x76, 0xce, 0x79, 0xc6, 0x58, 0xc6, 0xf8, 0xd7, 0xda, 0xcf, 0xd9, 0xcf, 0xf8, 0xc7, 0xf8, 0xc7, 0xf7, 0xc7, 0xf8, 0xc7, 0xf8, 0xc7, 0xf8, 0xc7, 0xf8, 0xc7, 0xf9, 0xc7, 0xf9, 0xc7, 0xf8, 0xc7, 0xf8, 0xc7, 0xf8, 0xc7, 0xf8, 0xc7, 0xf7, 0xcf, 0xf8, 0xcf, 0xd9, 0xcf, 0x79, 0xbe, 0x57, 0xce, 0x78, 0xc6, 0x58, 0xbe, 0x78, 0xcf, 0x59, 0xcf, 0xfa, 0xcf, 0xf9, 0xc7, 0xd7, 0xcf, 0xf8, 0xcf, 0xf8, 0xc7, 0xd9, 0xc7, 0xf9, 0xc7, 0xf8, 0xc7, 0xf8, 0xc7, 0xf8, 0xc7, 0xf8, 0xc7, 0xf8, 0xc7, 0xf8, 0xc7, 0xf8, 0xc7, 0xf8, 0xc7, 0xf8, 0xc7, 0xf8, 0xc7, 0xf8, 0xc7, 0xf8, 0xc7, 0xf8, 0xc7, 0xf8, 0xc7, 0xf8, 0xcf, 0xf8, 0xcf, 0xfa, 0xc6, 0xf8, 0xc6, 0x78, 0xce, 0x59, 0xce, 0x79, 0xc6, 0x98, 0xcf, 0xba, 0xcf, 0xf9, 0xc7, 0xf8, 0xc7, 0xf7, 
  0xce, 0x39, 0xce, 0x39, 0xce, 0x39, 0xc6, 0x58, 0xcf, 0x79, 0xcf, 0xf9, 0xc7, 0xf8, 0xc7, 0xf8, 0xc7, 0xf9, 0xc7, 0xf9, 0xc7, 0xf8, 0xc7, 0xf8, 0xc7, 0xf8, 0xc7, 0xf8, 0xc7, 0xf8, 0xc7, 0xf8, 0xc7, 0xf9, 0xc7, 0xf8, 0xc7, 0xf8, 0xc7, 0xf8, 0xc7, 0xf8, 0xc7, 0xf8, 0xcf, 0xf8, 0xcf, 0xf9, 0xcf, 0x79, 0xbe, 0x77, 0xc6, 0x38, 0xce, 0x59, 0xce, 0x59, 0xce, 0x79, 0xd7, 0x1a, 0xc6, 0x78, 0xc6, 0x59, 0xc6, 0x79, 0xbe, 0x77, 0xd7, 0x9a, 0xcf, 0xd9, 0xc7, 0xf8, 0xc7, 0xf8, 0xc7, 0xf8, 0xcf, 0xf8, 0xc7, 0xd8, 0xd7, 0xf9, 0xd7, 0xda, 0xbe, 0xd7, 0xbe, 0x77, 0xce, 0x58, 0xc6, 0x58, 0xcf, 0x59, 0xd7, 0xfa, 0xcf, 0xd9, 0xc7, 0xf8, 0xc7, 0xf8, 0xc7, 0xf7, 0xc7, 0xf8, 0xc7, 0xf8, 0xc7, 0xf8, 0xc7, 0xf8, 0xc7, 0xf8, 0xc7, 0xf8, 0xc7, 0xf8, 0xc7, 0xf8, 0xc7, 0xf8, 0xc7, 0xf8, 0xc7, 0xf8, 0xcf, 0xf8, 0xd7, 0xb9, 0xc6, 0xd8, 0xc6, 0x58, 0xce, 0x58, 0xc6, 0x78, 0xbe, 0xb8, 0xcf, 0xda, 0xcf, 0xf9, 0xc7, 0xf8, 0xc7, 0xf7, 0xcf, 0xf8, 0xcf, 0xf8, 0xc7, 0xf8, 0xc7, 0xf9, 0xc7, 0xf9, 0xc7, 0xf8, 0xc7, 0xf8, 0xc7, 0xf8, 0xc7, 0xf8, 0xc7, 0xf8, 0xc7, 0xf8, 0xc7, 0xf8, 0xc7, 0xf8, 0xc7, 0xf8, 0xc7, 0xf8, 0xc7, 0xf8, 0xc7, 0xf8, 0xc7, 0xf8, 0xc7, 0xf8, 0xcf, 0xf9, 0xcf, 0xf9, 0xcf, 0x79, 0xbe, 0x57, 0xce, 0x99, 0xc6, 0x59, 0xc6, 0x58, 0xcf, 0x59, 0xcf, 0xd9, 0xcf, 0xf8, 0xc7, 0xf8, 
  0xce, 0x38, 0xce, 0x39, 0xce, 0x39, 0xc6, 0x58, 0xcf, 0x79, 0xcf, 0xf9, 0xc7, 0xf8, 0xc7, 0xf8, 0xc7, 0xf9, 0xc7, 0xf9, 0xc7, 0xf8, 0xc7, 0xf8, 0xc7, 0xf8, 0xc7, 0xf8, 0xc7, 0xf8, 0xc7, 0xf8, 0xc7, 0xf8, 0xc7, 0xf8, 0xc7, 0xf8, 0xc7, 0xf8, 0xc7, 0xf8, 0xc7, 0xf8, 0xc7, 0xf7, 0xc7, 0xf8, 0xcf, 0xf9, 0xc7, 0x18, 0xc6, 0x78, 0xc6, 0x38, 0xce, 0x59, 0xce, 0x39, 0xce, 0x99, 0xc6, 0x58, 0xce, 0x59, 0xce, 0x59, 0xbe, 0x77, 0xd7, 0x9a, 0xcf, 0xd8, 0xc7, 0xf8, 0xc7, 0xf8, 0xc7, 0xf8, 0xcf, 0xf8, 0xcf, 0xd8, 0xd7, 0xd9, 0xd7, 0x99, 0xbe, 0x97, 0xc6, 0x98, 0xc6, 0x58, 0xce, 0xb9, 0xcf, 0xba, 0xcf, 0xf9, 0xc7, 0xf8, 0xc7, 0xf8, 0xc7, 0xf8, 0xc7, 0xf8, 0xc7, 0xf8, 0xc7, 0xf8, 0xc7, 0xf8, 0xc7, 0xf8, 0xc7, 0xf8, 0xc7, 0xf8, 0xc7, 0xf8, 0xc7, 0xf8, 0xc7, 0xf8, 0xc7, 0xf8, 0xc7, 0xf8, 0xcf, 0xf9, 0xd7, 0x7a, 0xbe, 0x57, 0xce, 0x59, 0xc6, 0x39, 0xc6, 0x78, 0xc7, 0x39, 0xcf, 0xd9, 0xc7, 0xf8, 0xc7, 0xf7, 0xc7, 0xf7, 0xc7, 0xf8, 0xc7, 0xf8, 0xbf, 0xf8, 0xc7, 0xf8, 0xc7, 0xf8, 0xc7, 0xf8, 0xc7, 0xf8, 0xc7, 0xf8, 0xc7, 0xf8, 0xc7, 0xf8, 0xc7, 0xf8, 0xc7, 0xf8, 0xc7, 0xf8, 0xc7, 0xf8, 0xc7, 0xf8, 0xc7, 0xf8, 0xc7, 0xf8, 0xc7, 0xf8, 0xc7, 0xf8, 0xc7, 0xf8, 0xc7, 0xf8, 0xcf, 0xd9, 0xc6, 0xb8, 0xc6, 0x79, 0xce, 0x39, 0xc6, 0x58, 0xc6, 0xd8, 0xd7, 0x99, 0xcf, 0xf9, 0xcf, 0xf8, 
  0xce, 0x38, 0xce, 0x38, 0xce, 0x39, 0xc6, 0x58, 0xcf, 0x79, 0xc7, 0xf9, 0xc7, 0xf8, 0xc7, 0xf8, 0xc7, 0xf9, 0xc7, 0xf9, 0xc7, 0xf8, 0xc7, 0xf8, 0xc7, 0xf8, 0xc7, 0xf8, 0xc7, 0xf8, 0xc7, 0xf8, 0xc7, 0xf8, 0xc7, 0xf8, 0xc7, 0xf8, 0xc7, 0xd8, 0xc7, 0xf8, 0xc7, 0xf8, 0xc7, 0xf7, 0xc7, 0xf8, 0xcf, 0xf8, 0xd7, 0xd9, 0xc6, 0xd8, 0xc6, 0x58, 0xce, 0x39, 0xce, 0x59, 0xce, 0x39, 0xce, 0x59, 0xce, 0x39, 0xce, 0x59, 0xbe, 0x77, 0xd7, 0x9a, 0xcf, 0xd8, 0xc7, 0xf8, 0xc7, 0xf7, 0xc7, 0xf8, 0xcf, 0xf9, 0xcf, 0xd9, 0xd7, 0xda, 0xc7, 0x18, 0xbe, 0x97, 0xc6, 0x98, 0xc6, 0x78, 0xd7, 0x1a, 0xcf, 0xd9, 0xc7, 0xf8, 0xc7, 0xf8, 0xc7, 0xf8, 0xc7, 0xf8, 0xc7, 0xf7, 0xc7, 0xf7, 0xc7, 0xf8, 0xc7, 0xf8, 0xc7, 0xf8, 0xc7, 0xf8, 0xc7, 0xf8, 0xc7, 0xf8, 0xc7, 0xf8, 0xc7, 0xf8, 0xc7, 0xf8, 0xc7, 0xf8, 0xcf, 0xf9, 0xcf, 0x19, 0xc6, 0x38, 0xce, 0x59, 0xce, 0x59, 0xbe, 0x77, 0xd7, 0xba, 0xcf, 0xf9, 0xc7, 0xf8, 0xc7, 0xf8, 0xc7, 0xf7, 0xc7, 0xf7, 0xc7, 0xf8, 0xc7, 0xf8, 0xc7, 0xf8, 0xc7, 0xf8, 0xc7, 0xf8, 0xc7, 0xf8, 0xc7, 0xf8, 0xc7, 0xf8, 0xc7, 0xf8, 0xc7, 0xf8, 0xc7, 0xf8, 0xc7, 0xf8, 0xc7, 0xf8, 0xc7, 0xf8, 0xc7, 0xf8, 0xc7, 0xf8, 0xc7, 0xf8, 0xc7, 0xf8, 0xc7, 0xf8, 0xc7, 0xf8, 0xcf, 0xf9, 0xcf, 0x39, 0xbe, 0x37, 0xce, 0x59, 0xc6, 0x38, 0xc6, 0x98, 0xd7, 0x59, 0xd7, 0xd9, 0xcf, 0xf9, 
  0xce, 0x58, 0xce, 0x79, 0xce, 0x39, 0xc6, 0x58, 0xc7, 0x58, 0xcf, 0xf9, 0xc7, 0xf8, 0xc7, 0xf8, 0xc7, 0xf9, 0xc7, 0xf9, 0xc7, 0xf8, 0xc7, 0xf8, 0xc7, 0xf8, 0xc7, 0xf8, 0xc7, 0xf8, 0xc7, 0xf8, 0xc7, 0xf8, 0xc7, 0xf8, 0xc7, 0xf8, 0xcf, 0xf9, 0xcf, 0xf9, 0xc7, 0xf8, 0xc7, 0xf8, 0xc7, 0xf7, 0xc7, 0xf7, 0xcf, 0xf8, 0xcf, 0x59, 0xc6, 0x98, 0xc6, 0x58, 0xd6, 0x7a, 0xd6, 0x59, 0xce, 0x18, 0xd6, 0x59, 0xce, 0x79, 0xbe, 0x57, 0xd7, 0x9a, 0xcf, 0xd9, 0xcf, 0xf8, 0xc7, 0xf8, 0xc7, 0xf7, 0xcf, 0xf9, 0xcf, 0xd9, 0xd7, 0xda, 0xbe, 0xd8, 0xbe, 0x97, 0xbe, 0x98, 0xbe, 0x77, 0xd7, 0x9b, 0xcf, 0xf9, 0xc7, 0xf8, 0xc7, 0xf8, 0xc7, 0xf8, 0xc7, 0xf8, 0xc7, 0xf8, 0xc7, 0xf8, 0xc7, 0xf8, 0xc7, 0xf8, 0xc7, 0xf8, 0xc7, 0xf8, 0xc7, 0xf8, 0xc7, 0xf8, 0xc7, 0xf8, 0xc7, 0xf8, 0xc7, 0xf8, 0xc7, 0xf8, 0xd7, 0xfa, 0xbe, 0x77, 0xce, 0x59, 0xd6, 0x5a, 0xc6, 0x18, 0xc6, 0xd9, 0xd7, 0xda, 0xc7, 0xf8, 0xc7, 0xf7, 0xc7, 0xf7, 0xc7, 0xf7, 0xc7, 0xf8, 0xc7, 0xf8, 0xc7, 0xf8, 0xbf, 0xf8, 0xc7, 0xf8, 0xc7, 0xf8, 0xc7, 0xf8, 0xc7, 0xf8, 0xc7, 0xf8, 0xc7, 0xf8, 0xc7, 0xf8, 0xc7, 0xf8, 0xc7, 0xf8, 0xc7, 0xf8, 0xc7, 0xf8, 0xc7, 0xf8, 0xc7, 0xf8, 0xc7, 0xf8, 0xc7, 0xf8, 0xc7, 0xf8, 0xc7, 0xf8, 0xcf, 0xf9, 0xd7, 0xba, 0xbe, 0x57, 0xce, 0x79, 0xce, 0x59, 0xc6, 0x78, 0xc6, 0xd8, 0xd7, 0xda, 0xd7, 0xf9, 
  0xc6, 0x37, 0xce, 0x58, 0xce, 0x58, 0xc6, 0x78, 0xc7, 0x78, 0xcf, 0xf9, 0xc7, 0xf8, 0xc7, 0xf8, 0xc7, 0xf9, 0xc7, 0xf9, 0xc7, 0xf8, 0xc7, 0xf8, 0xc7, 0xf8, 0xc7, 0xf8, 0xc7, 0xf8, 0xc7, 0xf8, 0xbf, 0xf7, 0xc7, 0xf8, 0xc7, 0xf8, 0xcf, 0xf9, 0xcf, 0xf9, 0xcf, 0xf9, 0xc7, 0xf8, 0xc7, 0xf7, 0xc7, 0xf7, 0xcf, 0xf8, 0xcf, 0xb9, 0xcf, 0x18, 0xc6, 0x78, 0xc6, 0x18, 0xc6, 0x18, 0xce, 0x39, 0xce, 0x39, 0xce, 0x58, 0xbe, 0x56, 0xd7, 0x99, 0xcf, 0xd8, 0xcf, 0xf8, 0xcf, 0xf8, 0xc7, 0xf8, 0xc7, 0xf8, 0xcf, 0xd9, 0xcf, 0x39, 0xbe, 0xb8, 0xbe, 0x77, 0xbe, 0x98, 0xc6, 0xf9, 0xd7, 0xda, 0xcf, 0xf9, 0xc7, 0xf8, 0xc7, 0xf8, 0xc7, 0xf8, 0xc7, 0xf8, 0xc7, 0xf8, 0xc7, 0xf8, 0xc7, 0xf8, 0xc7, 0xf8, 0xc7, 0xf8, 0xc7, 0xf8, 0xc7, 0xf8, 0xc7, 0xf8, 0xc7, 0xf8, 0xc7, 0xf8, 0xc7, 0xf8, 0xc7, 0xd8, 0xc7, 0x58, 0xc6, 0x57, 0xce, 0x39, 0xce, 0x59, 0xce, 0x79, 0xd7, 0x7a, 0xcf, 0xfa, 0xc7, 0xf8, 0xc7, 0xf7, 0xc7, 0xf8, 0xc7, 0xf8, 0xc7, 0xf8, 0xc7, 0xf8, 0xc7, 0xf8, 0xbf, 0xf8, 0xc7, 0xf8, 0xc7, 0xf8, 0xc7, 0xf8, 0xc7, 0xf8, 0xc7, 0xf8, 0xc7, 0xf8, 0xc7, 0xf8, 0xc7, 0xf8, 0xc7, 0xf8, 0xc7, 0xf8, 0xc7, 0xf8, 0xc7, 0xf8, 0xc7, 0xf8, 0xc7, 0xf8, 0xc7, 0xf8, 0xc7, 0xf8, 0xc7, 0xf8, 0xcf, 0xf8, 0xd7, 0xda, 0xc6, 0xf8, 0xc6, 0x57, 0xc6, 0x38, 0xc6, 0x37, 0xbe, 0x77, 0xcf, 0x79, 0xcf, 0xb9, 
  0xc6, 0x78, 0xce, 0x98, 0xce, 0x78, 0xc6, 0x98, 0xc7, 0x58, 0xc7, 0xf8, 0xbf, 0xf7, 0xc7, 0xf8, 0xc7, 0xf9, 0xc7, 0xf9, 0xc7, 0xf8, 0xc7, 0xf8, 0xc7, 0xf8, 0xc7, 0xf8, 0xc7, 0xf8, 0xc7, 0xf8, 0xbf, 0xf7, 0xbf, 0xf7, 0xc7, 0xf8, 0xcf, 0xf9, 0xcf, 0xf9, 0xcf, 0xf9, 0xc7, 0xf8, 0xc7, 0xf8, 0xc7, 0xf7, 0xc7, 0xf7, 0xcf, 0xf8, 0xcf, 0xb9, 0xce, 0xf8, 0xbe, 0x57, 0xc6, 0x38, 0xd6, 0x9a, 0xce, 0x59, 0xce, 0x78, 0xbe, 0x97, 0xd7, 0x99, 0xcf, 0xd8, 0xc7, 0xf8, 0xc7, 0xf7, 0xc7, 0xf7, 0xcf, 0xf9, 0xcf, 0xda, 0xbe, 0xd8, 0xbe, 0x98, 0xbe, 0x77, 0xbe, 0xb7, 0xcf, 0x99, 0xcf, 0xd9, 0xc7, 0xf8, 0xc7, 0xf8, 0xc7, 0xf8, 0xc7, 0xf8, 0xc7, 0xf8, 0xc7, 0xf8, 0xc7, 0xf8, 0xc7, 0xf8, 0xc7, 0xf8, 0xc7, 0xf8, 0xc7, 0xf8, 0xc7, 0xf8, 0xc7, 0xf8, 0xc7, 0xf8, 0xc7, 0xf8, 0xc7, 0xf8, 0xcf, 0xf9, 0xbe, 0xd7, 0xc6, 0x98, 0xce, 0x58, 0xc6, 0x38, 0xc6, 0xb9, 0xd7, 0xba, 0xc7, 0xb8, 0xc7, 0xf8, 0xc7, 0xf8, 0xc7, 0xf8, 0xc7, 0xf8, 0xc7, 0xf8, 0xc7, 0xf8, 0xc7, 0xf8, 0xc7, 0xf8, 0xc7, 0xf8, 0xc7, 0xf8, 0xc7, 0xf8, 0xc7, 0xf8, 0xc7, 0xf8, 0xc7, 0xf8, 0xc7, 0xf8, 0xc7, 0xf8, 0xc7, 0xf8, 0xc7, 0xf8, 0xc7, 0xf8, 0xc7, 0xf8, 0xc7, 0xf8, 0xc7, 0xf8, 0xc7, 0xf8, 0xc7, 0xf8, 0xc7, 0xf8, 0xc7, 0xd8, 0xd7, 0xfa, 0xd7, 0xba, 0xbe, 0x77, 0xce, 0x98, 0xce, 0x98, 0xc6, 0x98, 0xc7, 0x18, 0xcf, 0x99, 
  0xbe, 0x77, 0xc6, 0x77, 0xc6, 0x78, 0xc6, 0xb8, 0xc7, 0x78, 0xcf, 0xf8, 0xc7, 0xf8, 0xcf, 0xf9, 0xcf, 0xf9, 0xcf, 0xf9, 0xc7, 0xf8, 0xc7, 0xf8, 0xc7, 0xf8, 0xc7, 0xf8, 0xc7, 0xf8, 0xc7, 0xf8, 0xc7, 0xf7, 0xc7, 0xf7, 0xc7, 0xf8, 0xc7, 0xf8, 0xcf, 0xf9, 0xcf, 0xf9, 0xc7, 0xf8, 0xc7, 0xf8, 0xc7, 0xf8, 0xc7, 0xf7, 0xc7, 0xf8, 0xcf, 0xf9, 0xcf, 0x59, 0xbe, 0x97, 0xbe, 0x37, 0xc6, 0x58, 0xc6, 0x38, 0xc6, 0x77, 0xbe, 0xb7, 0xcf, 0xb9, 0xcf, 0xf9, 0xcf, 0xf8, 0xcf, 0xf8, 0xc7, 0xf8, 0xcf, 0xf9, 0xcf, 0xba, 0xbe, 0xb8, 0xc6, 0x98, 0xbe, 0x77, 0xc6, 0xf8, 0xd7, 0xda, 0xc7, 0xf9, 0xc7, 0xf8, 0xc7, 0xf8, 0xc7, 0xf8, 0xc7, 0xf8, 0xc7, 0xf8, 0xc7, 0xf8, 0xc7, 0xf8, 0xc7, 0xf8, 0xc7, 0xf8, 0xc7, 0xf8, 0xc7, 0xf8, 0xc7, 0xf8, 0xc7, 0xf8, 0xc7, 0xf8, 0xc7, 0xf8, 0xcf, 0xf9, 0xc7, 0xb9, 0xb6, 0x96, 0xc6, 0x98, 0xc6, 0x58, 0xc6, 0x57, 0xcf, 0x39, 0xd7, 0xfb, 0xc7, 0xf9, 0xc7, 0xf8, 0xc7, 0xf8, 0xcf, 0xf8, 0xcf, 0xf8, 0xc7, 0xf8, 0xc7, 0xf8, 0xc7, 0xf8, 0xc7, 0xf8, 0xc7, 0xf8, 0xc7, 0xf8, 0xc7, 0xf8, 0xc7, 0xf8, 0xc7, 0xf8, 0xc7, 0xf8, 0xc7, 0xf8, 0xc7, 0xf8, 0xc7, 0xf8, 0xc7, 0xf8, 0xc7, 0xf8, 0xc7, 0xf8, 0xc7, 0xf8, 0xc7, 0xf8, 0xc7, 0xf8, 0xc7, 0xf8, 0xc7, 0xf8, 0xc7, 0xf8, 0xcf, 0xf9, 0xd7, 0xda, 0xbe, 0xb7, 0xc6, 0x97, 0xc6, 0x77, 0xbe, 0x56, 0xbe, 0xf7, 0xcf, 0x79, 
  0xc6, 0xb7, 0xc6, 0xb7, 0xc6, 0xb8, 0xbe, 0xd8, 0xbf, 0x77, 0xc7, 0xf7, 0xbf, 0xf7, 0xc7, 0xf8, 0xcf, 0xf9, 0xcf, 0xf9, 0xc7, 0xf8, 0xc7, 0xf8, 0xc7, 0xf8, 0xc7, 0xf8, 0xc7, 0xf8, 0xc7, 0xf8, 0xc7, 0xf8, 0xc7, 0xf8, 0xc7, 0xf8, 0xc7, 0xf8, 0xc7, 0xf8, 0xc7, 0xf8, 0xc7, 0xf8, 0xc7, 0xf8, 0xc7, 0xf8, 0xc7, 0xf8, 0xc7, 0xf8, 0xcf, 0xf8, 0xcf, 0xb9, 0xc7, 0x38, 0xc6, 0xd8, 0xc6, 0xb8, 0xc6, 0x98, 0xbe, 0x98, 0xbe, 0xf7, 0xc7, 0x99, 0xc7, 0xd8, 0xc7, 0xf7, 0xc7, 0xf7, 0xc7, 0xd7, 0xc7, 0xb8, 0xc7, 0x38, 0xbe, 0x98, 0xc6, 0x78, 0xbe, 0x57, 0xcf, 0x38, 0xcf, 0xd9, 0xc7, 0xf8, 0xc7, 0xf8, 0xc7, 0xf8, 0xc7, 0xf8, 0xc7, 0xf8, 0xc7, 0xf8, 0xc7, 0xf8, 0xc7, 0xf8, 0xc7, 0xf8, 0xc7, 0xf8, 0xc7, 0xf8, 0xc7, 0xf8, 0xc7, 0xf8, 0xc7, 0xf8, 0xc7, 0xf8, 0xc7, 0xf8, 0xcf, 0xf9, 0xbf, 0x58, 0xb6, 0xb7, 0xc6, 0xb8, 0xc6, 0xb8, 0xbe, 0xb7, 0xcf, 0x99, 0xc7, 0xd9, 0xc7, 0xf8, 0xc7, 0xf8, 0xc7, 0xf8, 0xcf, 0xf8, 0xcf, 0xf8, 0xc7, 0xf8, 0xc7, 0xf8, 0xc7, 0xf8, 0xc7, 0xf8, 0xc7, 0xf8, 0xc7, 0xf8, 0xc7, 0xf8, 0xc7, 0xf8, 0xc7, 0xf8, 0xc7, 0xf8, 0xc7, 0xf8, 0xc7, 0xf8, 0xc7, 0xf8, 0xc7, 0xf8, 0xc7, 0xf8, 0xc7, 0xf8, 0xc7, 0xf8, 0xc7, 0xf8, 0xc7, 0xf8, 0xc7, 0xf8, 0xc7, 0xf8, 0xc7, 0xf8, 0xc7, 0xf9, 0xcf, 0xd9, 0xc7, 0x38, 0xc6, 0xd7, 0xc6, 0xb7, 0xc6, 0xb7, 0xbe, 0xd7, 0xc7, 0x59, 
  0xe7, 0xdb, 0xdf, 0x9b, 0xdf, 0x9b, 0xd7, 0x9a, 0xcf, 0xd9, 0xcf, 0xf8, 0xc7, 0xf8, 0xc7, 0xf8, 0xcf, 0xf9, 0xcf, 0xf9, 0xc7, 0xf8, 0xc7, 0xf8, 0xc7, 0xf8, 0xc7, 0xf8, 0xc7, 0xf8, 0xc7, 0xf8, 0xc7, 0xf8, 0xc7, 0xf8, 0xc7, 0xf8, 0xc7, 0xf8, 0xc7, 0xf8, 0xc7, 0xf8, 0xc7, 0xf8, 0xc7, 0xf8, 0xc7, 0xf8, 0xc7, 0xf8, 0xc7, 0xf8, 0xc7, 0xf8, 0xcf, 0xf9, 0xd7, 0xda, 0xdf, 0xbb, 0xdf, 0x9b, 0xe7, 0xbc, 0xdf, 0x9b, 0xd7, 0xba, 0xcf, 0xfa, 0xcf, 0xf9, 0xc7, 0xf8, 0xc7, 0xf8, 0xc7, 0xf8, 0xcf, 0xf9, 0xcf, 0x9a, 0xd7, 0x3a, 0xd6, 0xfa, 0xce, 0xd8, 0xdf, 0xba, 0xcf, 0xf9, 0xcf, 0xf8, 0xc7, 0xf8, 0xc7, 0xf8, 0xc7, 0xf8, 0xc7, 0xf8, 0xc7, 0xf8, 0xc7, 0xf8, 0xc7, 0xf8, 0xc7, 0xf8, 0xc7, 0xf8, 0xc7, 0xf8, 0xc7, 0xf8, 0xc7, 0xf8, 0xc7, 0xf8, 0xc7, 0xf8, 0xc7, 0xf8, 0xcf, 0xf9, 0xd7, 0xda, 0xd7, 0xbb, 0xdf, 0x9b, 0xdf, 0x9a, 0xd7, 0x9a, 0xd7, 0xfa, 0xc7, 0xd8, 0xc7, 0xf8, 0xc7, 0xf8, 0xc7, 0xf8, 0xcf, 0xf8, 0xcf, 0xf8, 0xc7, 0xf8, 0xc7, 0xf8, 0xc7, 0xf8, 0xc7, 0xf8, 0xc7, 0xf8, 0xc7, 0xf8, 0xc7, 0xf8, 0xc7, 0xf8, 0xc7, 0xf8, 0xc7, 0xf8, 0xc7, 0xf8, 0xc7, 0xf8, 0xc7, 0xf8, 0xc7, 0xf8, 0xc7, 0xf8, 0xc7, 0xf8, 0xc7, 0xf8, 0xc7, 0xf8, 0xc7, 0xf8, 0xc7, 0xf8, 0xc7, 0xf7, 0xc7, 0xf8, 0xc7, 0xf8, 0xcf, 0xf9, 0xd7, 0xfa, 0xd7, 0x99, 0xdf, 0x9a, 0xdf, 0x9b, 0xcf, 0x9a, 0xd7, 0xdb, 
#endif
#if LV_COLOR_DEPTH == 32
  /*Pixel format: Fix 0xFF: 8 bit, Red: 8 bit, Green: 8 bit, Blue: 8 bit*/
  0xcf, 0xf0, 0xd1, 0xff, 0xd4, 0xf1, 0xd7, 0xff, 0xd7, 0xed, 0xdb, 0xff, 0xd4, 0xea, 0xd7, 0xff, 0xcf, 0xee, 0xce, 0xff, 0xcd, 0xf8, 0xc9, 0xff, 0xc3, 0xff, 0xbf, 0xff, 0xba, 0xff, 0xb8, 0xff, 0xba, 0xff, 0xbf, 0xff, 0xbb, 0xff, 0xc2, 0xff, 0xc2, 0xfd, 0xc6, 0xff, 0xc5, 0xfd, 0xc5, 0xff, 0xc5, 0xfe, 0xc1, 0xff, 0xc2, 0xfe, 0xbe, 0xff, 0xbe, 0xff, 0xc0, 0xff, 0xbf, 0xff, 0xc2, 0xff, 0xbf, 0xff, 0xc0, 0xff, 0xc1, 0xfe, 0xc1, 0xff, 0xc4, 0xfd, 0xc3, 0xff, 0xc3, 0xfd, 0xc2, 0xff, 0xc0, 0xff, 0xc0, 0xff, 0xbe, 0xff, 0xbf, 0xff, 0xbf, 0xff, 0xbf, 0xff, 0xc1, 0xff, 0xc0, 0xff, 0xc6, 0xff, 0xc5, 0xff, 0xc4, 0xff, 0xc5, 0xff, 0xbb, 0xfe, 0xbd, 0xff, 0xbb, 0xff, 0xbf, 0xff, 0xb9, 0xff, 0xbf, 0xff, 0xbf, 0xfa, 0xc4, 0xff, 0xd3, 0xf6, 0xd4, 0xff, 0xd5, 0xeb, 0xd5, 0xff, 0xda, 0xed, 0xdc, 0xff, 0xd8, 0xee, 0xda, 0xff, 0xcd, 0xee, 0xcf, 0xff, 0xce, 0xfb, 0xd0, 0xff, 0xbf, 0xf8, 0xc1, 0xff, 0xbc, 0xfd, 0xbf, 0xff, 0xbd, 0xff, 0xbf, 0xff, 0xbd, 0xff, 0xbf, 0xff, 0xbc, 0xff, 0xbe, 0xff, 0xbe, 0xff, 0xc0, 0xff, 0xc0, 0xfe, 0xc2, 0xff, 0xc1, 0xfd, 0xc3, 0xff, 0xc1, 0xfe, 0xc2, 0xff, 0xc1, 0xfe, 0xc1, 0xff, 0xc0, 0xff, 0xbf, 0xff, 0xc0, 0xff, 0xbf, 0xff, 0xc0, 0xfe, 0xc3, 0xff, 0xbf, 0xff, 0xc1, 0xff, 0xbd, 0xff, 0xb9, 0xff, 0xbe, 0xff, 0xb8, 0xff, 0xc3, 0xff, 0xbf, 0xff, 0xc4, 0xfd, 0xc3, 0xff, 0xc2, 0xfc, 0xc5, 0xff, 0xc0, 0xfd, 0xc3, 0xff, 0xbb, 0xfe, 0xba, 0xff, 0xc1, 0xfd, 0xbf, 0xff, 0xd2, 0xf8, 0xd0, 0xff, 0xc9, 0xdf, 0xc9, 0xff, 0xc9, 0xd3, 0xcc, 0xff, 0xce, 0xdd, 0xcf, 0xff, 0xd4, 0xf9, 0xd2, 0xff, 0xc4, 0xf7, 0xc1, 0xff, 0xc2, 0xfc, 0xc4, 0xff, 0xbf, 0xfe, 0xc3, 0xff, 0xbe, 0xff, 0xc1, 0xff, 0xbe, 0xff, 0xbf, 0xff, 0xbe, 0xff, 0xbd, 0xff, 0xbf, 0xff, 0xbc, 0xff, 0xc1, 0xff, 0xbc, 0xff, 0xc2, 0xff, 0xbd, 0xff, 0xc3, 0xff, 0xbe, 0xff, 0xc3, 0xfe, 0xc0, 0xff, 0xc3, 0xfe, 0xc1, 0xff, 0xc2, 0xfe, 0xc2, 0xff, 0xbf, 0xfe, 0xc2, 0xff, 0xbd, 0xff, 0xc1, 0xff, 0xba, 0xff, 0xc1, 0xff, 0xb7, 0xff, 0xc1, 0xff, 0xb4, 0xfe, 0xc3, 0xff, 0xba, 0xfb, 0xc6, 0xff, 0xca, 0xf6, 0xcd, 0xff, 0xdb, 0xf4, 0xd3, 0xff, 0xe8, 0xef, 0xd4, 0xff, 0xe3, 0xee, 0xd1, 0xff, 0xcf, 0xf3, 0xcc, 0xff, 0xc4, 0xfc, 0xcb, 0xff, 0xb6, 0xfd, 0xc1, 0xff, 0xbc, 0xff, 0xc3, 0xff, 0xc4, 0xff, 0xbf, 0xff, 0xc4, 0xfd, 0xbc, 0xff, 0xc1, 0xff, 0xc0, 0xff, 0xbe, 0xff, 0xc2, 0xff, 0xbb, 0xff, 0xc1, 0xff, 0xbd, 0xff, 0xc2, 0xff, 0xbe, 0xff, 0xc1, 0xff, 0xc0, 0xff, 0xc0, 0xff, 0xc0, 0xff, 0xc0, 0xff, 0xc0, 0xff, 0xc0, 0xff, 0xc0, 0xff, 0xc0, 0xff, 0xc0, 0xff, 0xc0, 0xff, 0xc0, 0xff, 0xc0, 0xff, 0xc0, 0xff, 0xc0, 0xff, 0xc0, 0xff, 0xc0, 0xff, 0xc0, 0xff, 0xc0, 0xff, 
  0xba, 0xd7, 0xbd, 0xff, 0xba, 0xd4, 0xbd, 0xff, 0xbe, 0xd1, 0xc1, 0xff, 0xbf, 0xd2, 0xc1, 0xff, 0xbf, 0xd8, 0xbd, 0xff, 0xbe, 0xe2, 0xbb, 0xff, 0xbf, 0xf2, 0xbb, 0xff, 0xc2, 0xff, 0xc0, 0xff, 0xbc, 0xfe, 0xbf, 0xff, 0xba, 0xfd, 0xc0, 0xff, 0xbf, 0xfc, 0xc2, 0xff, 0xc2, 0xfd, 0xc3, 0xff, 0xc3, 0xfe, 0xc1, 0xff, 0xc2, 0xff, 0xbf, 0xff, 0xbf, 0xff, 0xc0, 0xff, 0xbe, 0xff, 0xc0, 0xff, 0xbf, 0xff, 0xc0, 0xff, 0xc1, 0xfe, 0xc1, 0xff, 0xc3, 0xfd, 0xc3, 0xff, 0xc3, 0xfd, 0xc2, 0xff, 0xc0, 0xff, 0xc0, 0xff, 0xbe, 0xff, 0xbf, 0xff, 0xbf, 0xff, 0xbf, 0xff, 0xc1, 0xff, 0xc0, 0xff, 0xc4, 0xfd, 0xc3, 0xff, 0xc3, 0xfe, 0xc4, 0xff, 0xbb, 0xfe, 0xbd, 0xff, 0xbc, 0xff, 0xbf, 0xff, 0xbb, 0xff, 0xc0, 0xff, 0xbf, 0xf9, 0xc3, 0xff, 0xc9, 0xec, 0xca, 0xff, 0xc2, 0xd8, 0xc2, 0xff, 0xc0, 0xd2, 0xc1, 0xff, 0xbe, 0xd3, 0xc0, 0xff, 0xb9, 0xda, 0xbb, 0xff, 0xc5, 0xf0, 0xc7, 0xff, 0xbf, 0xf6, 0xc0, 0xff, 0xbd, 0xfd, 0xbf, 0xff, 0xbb, 0xff, 0xbd, 0xff, 0xb9, 0xff, 0xbb, 0xff, 0xbc, 0xff, 0xbf, 0xff, 0xbe, 0xff, 0xc0, 0xff, 0xc0, 0xfe, 0xc2, 0xff, 0xc1, 0xfd, 0xc3, 0xff, 0xc1, 0xfe, 0xc2, 0xff, 0xc1, 0xfe, 0xc1, 0xff, 0xc0, 0xff, 0xbf, 0xff, 0xbf, 0xff, 0xbf, 0xff, 0xc0, 0xfe, 0xc3, 0xff, 0xbf, 0xff, 0xc1, 0xff, 0xbd, 0xff, 0xba, 0xff, 0xbe, 0xff, 0xb9, 0xff, 0xc2, 0xff, 0xbf, 0xff, 0xc3, 0xfd, 0xc2, 0xff, 0xc1, 0xfc, 0xc4, 0xff, 0xc0, 0xfd, 0xc3, 0xff, 0xbc, 0xfd, 0xbb, 0xff, 0xc1, 0xfa, 0xbf, 0xff, 0xd2, 0xf6, 0xd1, 0xff, 0xbd, 0xd1, 0xbd, 0xff, 0xbb, 0xc6, 0xbd, 0xff, 0xbb, 0xcb, 0xbc, 0xff, 0xb7, 0xdd, 0xb6, 0xff, 0xc4, 0xf8, 0xc2, 0xff, 0xc2, 0xfd, 0xc4, 0xff, 0xbf, 0xfe, 0xc2, 0xff, 0xbf, 0xff, 0xc1, 0xff, 0xbe, 0xff, 0xc0, 0xff, 0xbe, 0xff, 0xbe, 0xff, 0xbf, 0xff, 0xbd, 0xff, 0xc0, 0xff, 0xbd, 0xff, 0xc1, 0xff, 0xbe, 0xff, 0xc2, 0xff, 0xbf, 0xff, 0xc3, 0xfe, 0xc0, 0xff, 0xc3, 0xfe, 0xc1, 0xff, 0xc2, 0xfe, 0xc1, 0xff, 0xbf, 0xfe, 0xc1, 0xff, 0xbd, 0xff, 0xc1, 0xff, 0xba, 0xff, 0xc0, 0xff, 0xb9, 0xff, 0xc1, 0xff, 0xb3, 0xfb, 0xc0, 0xff, 0xbd, 0xfa, 0xc8, 0xff, 0xbe, 0xe6, 0xc0, 0xff, 0xbf, 0xd5, 0xb9, 0xff, 0xc9, 0xce, 0xb8, 0xff, 0xc9, 0xd2, 0xba, 0xff, 0xbc, 0xdd, 0xba, 0xff, 0xbd, 0xf0, 0xc3, 0xff, 0xbc, 0xff, 0xc6, 0xff, 0xbc, 0xff, 0xc1, 0xff, 0xc3, 0xfe, 0xbd, 0xff, 0xc5, 0xfe, 0xbe, 0xff, 0xc3, 0xff, 0xc3, 0xff, 0xbe, 0xfe, 0xc2, 0xff, 0xba, 0xfd, 0xc0, 0xff, 0xbd, 0xff, 0xc3, 0xff, 0xbf, 0xff, 0xc1, 0xff, 0xc0, 0xff, 0xc0, 0xff, 0xc0, 0xff, 0xc0, 0xff, 0xc0, 0xff, 0xc0, 0xff, 0xc0, 0xff, 0xc0, 0xff, 0xc0, 0xff, 0xc0, 0xff, 0xc0, 0xff, 0xc0, 0xff, 0xc0, 0xff, 0xc0, 0xff, 0xc0, 0xff, 0xc0, 0xff, 0xc0, 0xff, 0xc0, 0xff, 
  0xb9, 0xcf, 0xbd, 0xff, 0xb6, 0xc9, 0xb9, 0xff, 0xba, 0xc7, 0xbb, 0xff, 0xc0, 0xcb, 0xbf, 0xff, 0xbf, 0xcc, 0xbc, 0xff, 0xbb, 0xd1, 0xb8, 0xff, 0xc2, 0xe5, 0xbf, 0xff, 0xce, 0xfe, 0xcd, 0xff, 0xc0, 0xfb, 0xc2, 0xff, 0xbc, 0xfd, 0xbf, 0xff, 0xbc, 0xfd, 0xbf, 0xff, 0xbd, 0xfe, 0xc0, 0xff, 0xbf, 0xff, 0xc0, 0xff, 0xc0, 0xff, 0xc1, 0xff, 0xbf, 0xff, 0xbf, 0xff, 0xbe, 0xff, 0xbe, 0xff, 0xbf, 0xff, 0xc0, 0xff, 0xc1, 0xfe, 0xc1, 0xff, 0xc3, 0xfd, 0xc3, 0xff, 0xc2, 0xfd, 0xc2, 0xff, 0xbf, 0xff, 0xc0, 0xff, 0xbe, 0xff, 0xbf, 0xff, 0xbf, 0xff, 0xbf, 0xff, 0xc1, 0xff, 0xc0, 0xff, 0xc2, 0xfb, 0xc1, 0xff, 0xc2, 0xfd, 0xc3, 0xff, 0xba, 0xfd, 0xbc, 0xff, 0xbb, 0xff, 0xbe, 0xff, 0xbe, 0xff, 0xc3, 0xff, 0xc3, 0xfc, 0xc7, 0xff, 0xc7, 0xea, 0xc8, 0xff, 0xb8, 0xce, 0xb9, 0xff, 0xba, 0xcc, 0xbc, 0xff, 0xb7, 0xcb, 0xb8, 0xff, 0xb3, 0xd2, 0xb5, 0xff, 0xc8, 0xf2, 0xc9, 0xff, 0xc7, 0xfd, 0xc8, 0xff, 0xc1, 0xff, 0xc2, 0xff, 0xbd, 0xff, 0xbf, 0xff, 0xba, 0xff, 0xbc, 0xff, 0xbd, 0xff, 0xbf, 0xff, 0xbf, 0xff, 0xc1, 0xff, 0xc0, 0xfe, 0xc2, 0xff, 0xc1, 0xfd, 0xc3, 0xff, 0xc1, 0xfe, 0xc2, 0xff, 0xc1, 0xfe, 0xc1, 0xff, 0xbf, 0xff, 0xbf, 0xff, 0xbf, 0xff, 0xbf, 0xff, 0xbf, 0xfe, 0xc3, 0xff, 0xbf, 0xfe, 0xc2, 0xff, 0xbe, 0xff, 0xbc, 0xff, 0xbe, 0xff, 0xba, 0xff, 0xc0, 0xff, 0xbe, 0xff, 0xc0, 0xfe, 0xc1, 0xff, 0xbf, 0xfe, 0xc3, 0xff, 0xc0, 0xfd, 0xc3, 0xff, 0xc4, 0xff, 0xc4, 0xff, 0xca, 0xfc, 0xc8, 0xff, 0xc9, 0xe8, 0xc8, 0xff, 0xb9, 0xcc, 0xb9, 0xff, 0xbf, 0xcd, 0xc2, 0xff, 0xb8, 0xcd, 0xbb, 0xff, 0xb4, 0xdc, 0xb3, 0xff, 0xca, 0xfe, 0xc8, 0xff, 0xc2, 0xfd, 0xc3, 0xff, 0xc0, 0xfe, 0xc2, 0xff, 0xbf, 0xff, 0xc1, 0xff, 0xbf, 0xff, 0xc0, 0xff, 0xbf, 0xff, 0xbf, 0xff, 0xbf, 0xff, 0xbe, 0xff, 0xc0, 0xff, 0xbe, 0xff, 0xc1, 0xff, 0xbf, 0xff, 0xc1, 0xff, 0xc0, 0xff, 0xc2, 0xfe, 0xc0, 0xff, 0xc2, 0xfe, 0xc1, 0xff, 0xc1, 0xfe, 0xc1, 0xff, 0xbf, 0xff, 0xc1, 0xff, 0xbd, 0xff, 0xc0, 0xff, 0xbb, 0xff, 0xc0, 0xff, 0xbb, 0xff, 0xc1, 0xff, 0xbb, 0xfb, 0xc2, 0xff, 0xc6, 0xfb, 0xcd, 0xff, 0xbf, 0xde, 0xc1, 0xff, 0xbc, 0xcb, 0xb9, 0xff, 0xc2, 0xc5, 0xb9, 0xff, 0xc6, 0xcc, 0xbd, 0xff, 0xb7, 0xd1, 0xb7, 0xff, 0xb7, 0xe2, 0xbc, 0xff, 0xc3, 0xfd, 0xc9, 0xff, 0xbf, 0xfe, 0xc2, 0xff, 0xc2, 0xfc, 0xbb, 0xff, 0xc6, 0xff, 0xbf, 0xff, 0xc5, 0xff, 0xc6, 0xff, 0xbf, 0xfd, 0xc4, 0xff, 0xba, 0xfb, 0xc0, 0xff, 0xbe, 0xff, 0xc3, 0xff, 0xbf, 0xff, 0xc1, 0xff, 0xc0, 0xff, 0xc0, 0xff, 0xc0, 0xff, 0xc0, 0xff, 0xc0, 0xff, 0xc0, 0xff, 0xc0, 0xff, 0xc0, 0xff, 0xc0, 0xff, 0xc0, 0xff, 0xc0, 0xff, 0xc0, 0xff, 0xc0, 0xff, 0xc0, 0xff, 0xc0, 0xff, 0xc0, 0xff, 0xc0, 0xff, 0xc0, 0xff, 
  0xbe, 0xcc, 0xc4, 0xff, 0xbc, 0xc8, 0xbf, 0xff, 0xc1, 0xc8, 0xc0, 0xff, 0xc7, 0xcc, 0xc4, 0xff, 0xc4, 0xc7, 0xc0, 0xff, 0xbd, 0xc5, 0xba, 0xff, 0xc0, 0xd3, 0xbe, 0xff, 0xc9, 0xea, 0xc8, 0xff, 0xc7, 0xf8, 0xc7, 0xff, 0xc1, 0xfd, 0xc1, 0xff, 0xbc, 0xff, 0xbe, 0xff, 0xba, 0xff, 0xbd, 0xff, 0xbc, 0xff, 0xc0, 0xff, 0xbf, 0xff, 0xc2, 0xff, 0xc0, 0xff, 0xbf, 0xff, 0xbe, 0xfe, 0xbc, 0xff, 0xc0, 0xff, 0xc0, 0xff, 0xc1, 0xfe, 0xc1, 0xff, 0xc2, 0xfd, 0xc3, 0xff, 0xc2, 0xfd, 0xc2, 0xff, 0xbf, 0xff, 0xc0, 0xff, 0xbe, 0xff, 0xbf, 0xff, 0xbf, 0xff, 0xbf, 0xff, 0xc1, 0xff, 0xc0, 0xff, 0xc3, 0xfc, 0xc2, 0xff, 0xc3, 0xfe, 0xc4, 0xff, 0xba, 0xfd, 0xbc, 0xff, 0xb9, 0xff, 0xbc, 0xff, 0xbe, 0xff, 0xc2, 0xff, 0xc7, 0xff, 0xca, 0xff, 0xcb, 0xee, 0xcc, 0xff, 0xb9, 0xcf, 0xba, 0xff, 0xc0, 0xd0, 0xc2, 0xff, 0xb9, 0xcb, 0xbb, 0xff, 0xb5, 0xd1, 0xb6, 0xff, 0xc8, 0xf0, 0xc9, 0xff, 0xc6, 0xfb, 0xc6, 0xff, 0xbf, 0xfd, 0xc0, 0xff, 0xbb, 0xff, 0xbc, 0xff, 0xbb, 0xff, 0xbd, 0xff, 0xbd, 0xff, 0xbf, 0xff, 0xbf, 0xff, 0xc1, 0xff, 0xc1, 0xfe, 0xc3, 0xff, 0xc1, 0xfd, 0xc3, 0xff, 0xc1, 0xfe, 0xc2, 0xff, 0xc1, 0xfe, 0xc1, 0xff, 0xbf, 0xff, 0xbf, 0xff, 0xbe, 0xff, 0xbf, 0xff, 0xbf, 0xfe, 0xc3, 0xff, 0xbf, 0xfe, 0xc2, 0xff, 0xbf, 0xff, 0xbd, 0xff, 0xbf, 0xff, 0xbc, 0xff, 0xbe, 0xff, 0xbd, 0xff, 0xbe, 0xff, 0xbf, 0xff, 0xbd, 0xff, 0xc1, 0xff, 0xc0, 0xfd, 0xc4, 0xff, 0xc2, 0xf8, 0xc2, 0xff, 0xd0, 0xfa, 0xce, 0xff, 0xba, 0xd3, 0xb8, 0xff, 0xbb, 0xcc, 0xbb, 0xff, 0xc3, 0xd3, 0xc5, 0xff, 0xb6, 0xce, 0xb9, 0xff, 0xc2, 0xeb, 0xc1, 0xff, 0xc7, 0xfc, 0xc6, 0xff, 0xc2, 0xfd, 0xc3, 0xff, 0xc0, 0xfe, 0xc1, 0xff, 0xc0, 0xff, 0xc1, 0xff, 0xc0, 0xff, 0xc0, 0xff, 0xc0, 0xff, 0xc0, 0xff, 0xc0, 0xff, 0xbf, 0xff, 0xc0, 0xff, 0xbf, 0xff, 0xc0, 0xff, 0xc0, 0xff, 0xc1, 0xff, 0xc0, 0xff, 0xc1, 0xff, 0xc0, 0xff, 0xc1, 0xff, 0xc0, 0xff, 0xc0, 0xff, 0xc0, 0xff, 0xbf, 0xff, 0xc0, 0xff, 0xbd, 0xff, 0xc0, 0xff, 0xbc, 0xff, 0xbf, 0xff, 0xbe, 0xff, 0xc1, 0xff, 0xc3, 0xfa, 0xc5, 0xff, 0xc4, 0xee, 0xc6, 0xff, 0xbc, 0xd3, 0xbf, 0xff, 0xc2, 0xcb, 0xc3, 0xff, 0xc5, 0xc7, 0xc1, 0xff, 0xcb, 0xcf, 0xc7, 0xff, 0xb9, 0xcb, 0xba, 0xff, 0xb1, 0xd1, 0xb4, 0xff, 0xc4, 0xf3, 0xc7, 0xff, 0xc4, 0xfc, 0xc4, 0xff, 0xc5, 0xfe, 0xbf, 0xff, 0xc4, 0xfe, 0xbe, 0xff, 0xc4, 0xfd, 0xc5, 0xff, 0xc1, 0xfc, 0xc6, 0xff, 0xbc, 0xfb, 0xc2, 0xff, 0xbd, 0xfe, 0xc2, 0xff, 0xbf, 0xff, 0xc1, 0xff, 0xc0, 0xff, 0xc0, 0xff, 0xc0, 0xff, 0xc0, 0xff, 0xc0, 0xff, 0xc0, 0xff, 0xc0, 0xff, 0xc0, 0xff, 0xc0, 0xff, 0xc0, 0xff, 0xc0, 0xff, 0xc0, 0xff, 0xc0, 0xff, 0xc0, 0xff, 0xc0, 0xff, 0xc0, 0xff, 0xc0, 0xff, 0xc0, 0xff, 
  0xbf, 0xc5, 0xc6, 0xff, 0xc0, 0xc5, 0xc4, 0xff, 0xc6, 0xc7, 0xc3, 0xff, 0xcb, 0xc9, 0xc5, 0xff, 0xca, 0xc4, 0xc5, 0xff, 0xc5, 0xc1, 0xc2, 0xff, 0xc5, 0xc8, 0xc3, 0xff, 0xc4, 0xd4, 0xc2, 0xff, 0xce, 0xf2, 0xcb, 0xff, 0xc7, 0xfb, 0xc4, 0xff, 0xbf, 0xff, 0xc0, 0xff, 0xb7, 0xff, 0xbb, 0xff, 0xb8, 0xff, 0xbe, 0xff, 0xbd, 0xff, 0xc1, 0xff, 0xc1, 0xff, 0xc0, 0xff, 0xbf, 0xfe, 0xbc, 0xff, 0xc0, 0xff, 0xbf, 0xff, 0xc1, 0xfe, 0xc1, 0xff, 0xc2, 0xfd, 0xc3, 0xff, 0xc2, 0xfd, 0xc2, 0xff, 0xbf, 0xff, 0xc0, 0xff, 0xbe, 0xff, 0xbf, 0xff, 0xbf, 0xff, 0xbf, 0xff, 0xc1, 0xff, 0xc0, 0xff, 0xc5, 0xfe, 0xc4, 0xff, 0xc6, 0xff, 0xc7, 0xff, 0xbc, 0xff, 0xbe, 0xff, 0xb8, 0xfe, 0xbb, 0xff, 0xba, 0xfe, 0xbe, 0xff, 0xc3, 0xfb, 0xc6, 0xff, 0xc8, 0xeb, 0xc9, 0xff, 0xb8, 0xcc, 0xb8, 0xff, 0xc2, 0xcf, 0xc3, 0xff, 0xbb, 0xc9, 0xbd, 0xff, 0xb6, 0xd0, 0xb8, 0xff, 0xc9, 0xef, 0xcb, 0xff, 0xc6, 0xf9, 0xc7, 0xff, 0xbf, 0xfc, 0xc0, 0xff, 0xbd, 0xff, 0xbe, 0xff, 0xbe, 0xff, 0xc0, 0xff, 0xbd, 0xff, 0xc0, 0xff, 0xbf, 0xff, 0xc1, 0xff, 0xc1, 0xfe, 0xc3, 0xff, 0xc1, 0xfd, 0xc3, 0xff, 0xc1, 0xfe, 0xc2, 0xff, 0xc1, 0xfe, 0xc1, 0xff, 0xbf, 0xff, 0xbf, 0xff, 0xbe, 0xff, 0xbf, 0xff, 0xbf, 0xfe, 0xc3, 0xff, 0xc0, 0xfd, 0xc3, 0xff, 0xc0, 0xff, 0xbf, 0xff, 0xbf, 0xff, 0xbd, 0xff, 0xbc, 0xff, 0xbc, 0xff, 0xbb, 0xff, 0xbd, 0xff, 0xbb, 0xff, 0xc0, 0xff, 0xc0, 0xfd, 0xc4, 0xff, 0xc6, 0xf4, 0xc6, 0xff, 0xcf, 0xf0, 0xce, 0xff, 0xbd, 0xd0, 0xbc, 0xff, 0xc0, 0xcf, 0xc1, 0xff, 0xba, 0xcd, 0xbc, 0xff, 0xb5, 0xd2, 0xb7, 0xff, 0xc9, 0xf5, 0xc9, 0xff, 0xc4, 0xfa, 0xc4, 0xff, 0xc2, 0xfe, 0xc2, 0xff, 0xc0, 0xff, 0xc1, 0xff, 0xc0, 0xff, 0xc1, 0xff, 0xc0, 0xff, 0xc0, 0xff, 0xc0, 0xff, 0xc0, 0xff, 0xc0, 0xff, 0xc0, 0xff, 0xc0, 0xff, 0xc0, 0xff, 0xc0, 0xff, 0xc0, 0xff, 0xc0, 0xff, 0xc0, 0xff, 0xc0, 0xff, 0xc0, 0xff, 0xc0, 0xff, 0xc0, 0xff, 0xc0, 0xff, 0xc0, 0xff, 0xbf, 0xff, 0xc0, 0xff, 0xbe, 0xff, 0xbf, 0xff, 0xbd, 0xff, 0xbe, 0xff, 0xc2, 0xfe, 0xc1, 0xff, 0xcd, 0xfb, 0xca, 0xff, 0xbf, 0xdd, 0xbd, 0xff, 0xba, 0xc7, 0xbc, 0xff, 0xc4, 0xc7, 0xc7, 0xff, 0xc1, 0xc2, 0xc2, 0xff, 0xc5, 0xc8, 0xc5, 0xff, 0xc0, 0xca, 0xc2, 0xff, 0xb7, 0xcc, 0xb9, 0xff, 0xc3, 0xe5, 0xc3, 0xff, 0xc9, 0xf8, 0xc7, 0xff, 0xc8, 0xff, 0xc3, 0xff, 0xc1, 0xfd, 0xbd, 0xff, 0xc2, 0xfa, 0xc3, 0xff, 0xc2, 0xfb, 0xc7, 0xff, 0xbf, 0xfd, 0xc4, 0xff, 0xbd, 0xfd, 0xc1, 0xff, 0xbf, 0xff, 0xc1, 0xff, 0xc0, 0xff, 0xc0, 0xff, 0xc0, 0xff, 0xc0, 0xff, 0xc0, 0xff, 0xc0, 0xff, 0xc0, 0xff, 0xc0, 0xff, 0xc0, 0xff, 0xc0, 0xff, 0xc0, 0xff, 0xc0, 0xff, 0xc0, 0xff, 0xc0, 0xff, 0xc0, 0xff, 0xc0, 0xff, 0xc0, 0xff, 0xc0, 0xff, 
  0xc5, 0xc4, 0xcd, 0xff, 0xc6, 0xc5, 0xca, 0xff, 0xc8, 0xc8, 0xc5, 0xff, 0xca, 0xc7, 0xc4, 0xff, 0xcd, 0xc5, 0xc8, 0xff, 0xcd, 0xc4, 0xca, 0xff, 0xcb, 0xc5, 0xc9, 0xff, 0xc5, 0xca, 0xc2, 0xff, 0xcd, 0xe4, 0xc7, 0xff, 0xca, 0xf5, 0xc6, 0xff, 0xc3, 0xff, 0xc3, 0xff, 0xb9, 0xff, 0xbd, 0xff, 0xb6, 0xff, 0xbd, 0xff, 0xbb, 0xff, 0xc0, 0xff, 0xc1, 0xff, 0xbf, 0xff, 0xc0, 0xff, 0xbc, 0xff, 0xc0, 0xff, 0xbf, 0xff, 0xc0, 0xfe, 0xc1, 0xff, 0xc2, 0xfd, 0xc3, 0xff, 0xc2, 0xfd, 0xc2, 0xff, 0xbf, 0xff, 0xc0, 0xff, 0xbe, 0xff, 0xbf, 0xff, 0xbf, 0xff, 0xbf, 0xff, 0xc1, 0xff, 0xc0, 0xff, 0xc3, 0xfc, 0xc2, 0xff, 0xc5, 0xff, 0xc6, 0xff, 0xbe, 0xff, 0xc0, 0xff, 0xba, 0xff, 0xbd, 0xff, 0xbb, 0xff, 0xbf, 0xff, 0xc2, 0xfa, 0xc5, 0xff, 0xc7, 0xea, 0xc8, 0xff, 0xba, 0xcd, 0xba, 0xff, 0xc1, 0xcc, 0xc3, 0xff, 0xbd, 0xc9, 0xbf, 0xff, 0xbb, 0xd2, 0xbc, 0xff, 0xce, 0xf1, 0xcf, 0xff, 0xc9, 0xfa, 0xca, 0xff, 0xc2, 0xfd, 0xc3, 0xff, 0xbf, 0xff, 0xc1, 0xff, 0xc0, 0xff, 0xc2, 0xff, 0xbe, 0xff, 0xc0, 0xff, 0xbf, 0xff, 0xc1, 0xff, 0xc1, 0xfe, 0xc3, 0xff, 0xc1, 0xfd, 0xc3, 0xff, 0xc1, 0xfe, 0xc2, 0xff, 0xc0, 0xff, 0xc1, 0xff, 0xbf, 0xff, 0xbf, 0xff, 0xbe, 0xff, 0xbf, 0xff, 0xbf, 0xfe, 0xc3, 0xff, 0xc0, 0xfd, 0xc3, 0xff, 0xc1, 0xfe, 0xc1, 0xff, 0xbf, 0xff, 0xbf, 0xff, 0xba, 0xff, 0xbc, 0xff, 0xb9, 0xff, 0xbc, 0xff, 0xba, 0xff, 0xbf, 0xff, 0xc1, 0xfc, 0xc5, 0xff, 0xd1, 0xf8, 0xd1, 0xff, 0xc5, 0xdd, 0xc4, 0xff, 0xc3, 0xd1, 0xc3, 0xff, 0xbe, 0xcb, 0xbf, 0xff, 0xb4, 0xcc, 0xb7, 0xff, 0xc8, 0xeb, 0xca, 0xff, 0xca, 0xf9, 0xcb, 0xff, 0xc5, 0xfc, 0xc5, 0xff, 0xc1, 0xfe, 0xc2, 0xff, 0xc0, 0xff, 0xc0, 0xff, 0xc0, 0xff, 0xc1, 0xff, 0xc0, 0xff, 0xc1, 0xff, 0xc0, 0xfe, 0xc1, 0xff, 0xc0, 0xff, 0xc1, 0xff, 0xbf, 0xff, 0xc1, 0xff, 0xbf, 0xff, 0xc1, 0xff, 0xbf, 0xff, 0xc1, 0xff, 0xbf, 0xff, 0xc0, 0xff, 0xbf, 0xff, 0xc0, 0xff, 0xbf, 0xff, 0xc0, 0xff, 0xbf, 0xff, 0xbf, 0xff, 0xbf, 0xff, 0xbf, 0xff, 0xbf, 0xff, 0xbf, 0xff, 0xc6, 0xfc, 0xc3, 0xff, 0xd0, 0xf3, 0xcb, 0xff, 0xc2, 0xd5, 0xbe, 0xff, 0xc2, 0xc8, 0xc3, 0xff, 0xc8, 0xca, 0xcb, 0xff, 0xc3, 0xc8, 0xc6, 0xff, 0xbf, 0xc6, 0xc2, 0xff, 0xc4, 0xc9, 0xc7, 0xff, 0xc1, 0xcc, 0xc3, 0xff, 0xbf, 0xd6, 0xbe, 0xff, 0xcb, 0xf0, 0xc8, 0xff, 0xca, 0xff, 0xc6, 0xff, 0xc0, 0xfd, 0xbe, 0xff, 0xc1, 0xf9, 0xc2, 0xff, 0xc4, 0xfc, 0xc7, 0xff, 0xc1, 0xff, 0xc4, 0xff, 0xbc, 0xfd, 0xbf, 0xff, 0xbf, 0xff, 0xc1, 0xff, 0xc0, 0xff, 0xc0, 0xff, 0xc0, 0xff, 0xc0, 0xff, 0xc0, 0xff, 0xc0, 0xff, 0xc0, 0xff, 0xc0, 0xff, 0xc0, 0xff, 0xc0, 0xff, 0xc0, 0xff, 0xc0, 0xff, 0xc0, 0xff, 0xc0, 0xff, 0xc0, 0xff, 0xc0, 0xff, 0xc0, 0xff, 0xc0, 0xff, 
  0xca, 0xc3, 0xd0, 0xff, 0xc7, 0xc3, 0xcb, 0xff, 0xc5, 0xc5, 0xc4, 0xff, 0xc6, 0xc7, 0xc3, 0xff, 0xc9, 0xc7, 0xc6, 0xff, 0xca, 0xc5, 0xc7, 0xff, 0xca, 0xc1, 0xc7, 0xff, 0xc6, 0xc3, 0xc1, 0xff, 0xc5, 0xd2, 0xbf, 0xff, 0xc9, 0xe8, 0xc5, 0xff, 0xc8, 0xfb, 0xc8, 0xff, 0xbe, 0xfd, 0xc0, 0xff, 0xb7, 0xfd, 0xbd, 0xff, 0xba, 0xff, 0xbf, 0xff, 0xc0, 0xff, 0xbf, 0xff, 0xbf, 0xff, 0xbc, 0xff, 0xbf, 0xff, 0xbf, 0xff, 0xc0, 0xfe, 0xc1, 0xff, 0xc2, 0xfd, 0xc3, 0xff, 0xc2, 0xfd, 0xc2, 0xff, 0xbf, 0xff, 0xc0, 0xff, 0xbe, 0xff, 0xbf, 0xff, 0xbf, 0xff, 0xbf, 0xff, 0xc1, 0xff, 0xc0, 0xff, 0xc1, 0xfa, 0xc0, 0xff, 0xc3, 0xfe, 0xc4, 0xff, 0xbd, 0xff, 0xbf, 0xff, 0xbc, 0xff, 0xbf, 0xff, 0xbd, 0xff, 0xc1, 0xff, 0xc3, 0xfb, 0xc6, 0xff, 0xca, 0xec, 0xca, 0xff, 0xbf, 0xd0, 0xbe, 0xff, 0xbf, 0xc7, 0xc0, 0xff, 0xbd, 0xc6, 0xbf, 0xff, 0xbb, 0xcf, 0xbc, 0xff, 0xcd, 0xed, 0xcd, 0xff, 0xc8, 0xf6, 0xc8, 0xff, 0xc2, 0xfa, 0xc2, 0xff, 0xbd, 0xfc, 0xbe, 0xff, 0xbb, 0xfd, 0xbc, 0xff, 0xbf, 0xff, 0xc0, 0xff, 0xc0, 0xfe, 0xc1, 0xff, 0xc1, 0xfd, 0xc3, 0xff, 0xc1, 0xfd, 0xc3, 0xff, 0xc0, 0xfe, 0xc2, 0xff, 0xc0, 0xff, 0xc1, 0xff, 0xbf, 0xff, 0xbf, 0xff, 0xbe, 0xff, 0xbf, 0xff, 0xbf, 0xfe, 0xc2, 0xff, 0xc0, 0xfd, 0xc3, 0xff, 0xc2, 0xfd, 0xc3, 0xff, 0xc0, 0xff, 0xc0, 0xff, 0xb9, 0xff, 0xbc, 0xff, 0xb7, 0xff, 0xbc, 0xff, 0xba, 0xff, 0xbf, 0xff, 0xc3, 0xfb, 0xc7, 0xff, 0xcf, 0xed, 0xcf, 0xff, 0xbe, 0xcc, 0xbc, 0xff, 0xbd, 0xc6, 0xbc, 0xff, 0xba, 0xc7, 0xbb, 0xff, 0xb6, 0xd3, 0xb9, 0xff, 0xcf, 0xf8, 0xd2, 0xff, 0xc8, 0xf9, 0xc9, 0xff, 0xc1, 0xf9, 0xc1, 0xff, 0xc1, 0xfe, 0xc1, 0xff, 0xc0, 0xff, 0xc0, 0xff, 0xc0, 0xff, 0xc1, 0xff, 0xc0, 0xfe, 0xc2, 0xff, 0xc0, 0xfe, 0xc2, 0xff, 0xbf, 0xfe, 0xc2, 0xff, 0xbf, 0xfe, 0xc2, 0xff, 0xbe, 0xff, 0xc1, 0xff, 0xbd, 0xff, 0xc1, 0xff, 0xbd, 0xff, 0xc0, 0xff, 0xbe, 0xff, 0xc0, 0xff, 0xbf, 0xff, 0xbf, 0xff, 0xbf, 0xff, 0xbf, 0xff, 0xc0, 0xff, 0xbf, 0xff, 0xc1, 0xff, 0xc0, 0xff, 0xc9, 0xfa, 0xc6, 0xff, 0xc6, 0xde, 0xc1, 0xff, 0xc4, 0xcd, 0xc0, 0xff, 0xc4, 0xc7, 0xc4, 0xff, 0xc4, 0xc8, 0xc5, 0xff, 0xcc, 0xd9, 0xce, 0xff, 0xbf, 0xcb, 0xc1, 0xff, 0xc2, 0xc6, 0xc5, 0xff, 0xc2, 0xc6, 0xc4, 0xff, 0xbe, 0xcb, 0xbf, 0xff, 0xc8, 0xe5, 0xc8, 0xff, 0xc7, 0xfb, 0xc6, 0xff, 0xc0, 0xfe, 0xbf, 0xff, 0xc3, 0xfb, 0xc3, 0xff, 0xc4, 0xfd, 0xc5, 0xff, 0xc0, 0xfe, 0xc1, 0xff, 0xbc, 0xfd, 0xbe, 0xff, 0xbf, 0xff, 0xc0, 0xff, 0xc0, 0xff, 0xc0, 0xff, 0xc0, 0xff, 0xc0, 0xff, 0xc0, 0xff, 0xc0, 0xff, 0xc0, 0xff, 0xc0, 0xff, 0xc0, 0xff, 0xc0, 0xff, 0xc0, 0xff, 0xc0, 0xff, 0xc0, 0xff, 0xc0, 0xff, 0xc0, 0xff, 0xc0, 0xff, 0xc0, 0xff, 0xc0, 0xff, 
  0xcc, 0xc2, 0xd1, 0xff, 0xc7, 0xc2, 0xcb, 0xff, 0xc2, 0xc6, 0xc4, 0xff, 0xc5, 0xcd, 0xc5, 0xff, 0xc7, 0xce, 0xc6, 0xff, 0xc7, 0xca, 0xc4, 0xff, 0xc9, 0xc6, 0xc5, 0xff, 0xc9, 0xc6, 0xc4, 0xff, 0xbf, 0xc5, 0xba, 0xff, 0xc9, 0xdd, 0xc6, 0xff, 0xcd, 0xf4, 0xcd, 0xff, 0xc5, 0xfb, 0xc6, 0xff, 0xbb, 0xfb, 0xbf, 0xff, 0xbc, 0xff, 0xbf, 0xff, 0xbf, 0xff, 0xbf, 0xff, 0xbe, 0xff, 0xbd, 0xff, 0xbe, 0xff, 0xc0, 0xff, 0xbf, 0xff, 0xc1, 0xff, 0xc2, 0xfd, 0xc3, 0xff, 0xc2, 0xfd, 0xc2, 0xff, 0xbf, 0xff, 0xc0, 0xff, 0xbe, 0xff, 0xbf, 0xff, 0xbf, 0xff, 0xbf, 0xff, 0xc1, 0xff, 0xc0, 0xff, 0xc3, 0xfc, 0xc2, 0xff, 0xc3, 0xfe, 0xc4, 0xff, 0xbb, 0xfe, 0xbd, 0xff, 0xbb, 0xff, 0xbe, 0xff, 0xbb, 0xff, 0xbf, 0xff, 0xc0, 0xf8, 0xc3, 0xff, 0xc7, 0xe9, 0xc7, 0xff, 0xbe, 0xcf, 0xbe, 0xff, 0xc3, 0xc9, 0xc4, 0xff, 0xc1, 0xc8, 0xc3, 0xff, 0xbd, 0xcf, 0xbe, 0xff, 0xce, 0xed, 0xce, 0xff, 0xcb, 0xf8, 0xca, 0xff, 0xc7, 0xfe, 0xc6, 0xff, 0xc1, 0xff, 0xc2, 0xff, 0xbe, 0xff, 0xbe, 0xff, 0xbf, 0xff, 0xc0, 0xff, 0xc0, 0xfe, 0xc1, 0xff, 0xc1, 0xfd, 0xc3, 0xff, 0xc1, 0xfd, 0xc3, 0xff, 0xc0, 0xfe, 0xc2, 0xff, 0xbf, 0xff, 0xc1, 0xff, 0xbe, 0xff, 0xbf, 0xff, 0xbe, 0xff, 0xbf, 0xff, 0xbf, 0xfe, 0xc2, 0xff, 0xc1, 0xfd, 0xc3, 0xff, 0xc2, 0xfd, 0xc4, 0xff, 0xc0, 0xfe, 0xc1, 0xff, 0xb9, 0xff, 0xbd, 0xff, 0xb8, 0xff, 0xbc, 0xff, 0xbc, 0xff, 0xc0, 0xff, 0xc7, 0xf9, 0xc9, 0xff, 0xc8, 0xe0, 0xc8, 0xff, 0xc6, 0xcf, 0xc5, 0xff, 0xbd, 0xc4, 0xbd, 0xff, 0xc4, 0xd3, 0xc4, 0xff, 0xbc, 0xde, 0xbf, 0xff, 0xc7, 0xf5, 0xca, 0xff, 0xc8, 0xfc, 0xca, 0xff, 0xc3, 0xfc, 0xc4, 0xff, 0xc1, 0xfe, 0xc1, 0xff, 0xbf, 0xff, 0xc0, 0xff, 0xc0, 0xfe, 0xc1, 0xff, 0xc0, 0xfe, 0xc2, 0xff, 0xc0, 0xfd, 0xc3, 0xff, 0xc0, 0xfe, 0xc3, 0xff, 0xbf, 0xfe, 0xc2, 0xff, 0xbe, 0xff, 0xc2, 0xff, 0xbd, 0xff, 0xc1, 0xff, 0xbd, 0xff, 0xc0, 0xff, 0xbe, 0xff, 0xc0, 0xff, 0xbf, 0xff, 0xc0, 0xff, 0xc0, 0xff, 0xc0, 0xff, 0xc2, 0xfe, 0xc1, 0xff, 0xc4, 0xfd, 0xc2, 0xff, 0xcd, 0xf7, 0xca, 0xff, 0xc2, 0xd2, 0xc0, 0xff, 0xc8, 0xcb, 0xc6, 0xff, 0xc3, 0xc7, 0xc1, 0xff, 0xbb, 0xc6, 0xba, 0xff, 0xd4, 0xec, 0xd4, 0xff, 0xc6, 0xdc, 0xc7, 0xff, 0xc3, 0xc9, 0xc5, 0xff, 0xc5, 0xc5, 0xc8, 0xff, 0xc0, 0xc5, 0xc3, 0xff, 0xc7, 0xdc, 0xc9, 0xff, 0xc3, 0xf3, 0xc5, 0xff, 0xc2, 0xfe, 0xc2, 0xff, 0xc6, 0xff, 0xc5, 0xff, 0xc5, 0xff, 0xc4, 0xff, 0xbe, 0xfe, 0xbf, 0xff, 0xbc, 0xfe, 0xbd, 0xff, 0xbf, 0xff, 0xc0, 0xff, 0xc0, 0xff, 0xc0, 0xff, 0xc0, 0xff, 0xc0, 0xff, 0xc0, 0xff, 0xc0, 0xff, 0xc0, 0xff, 0xc0, 0xff, 0xc0, 0xff, 0xc0, 0xff, 0xc0, 0xff, 0xc0, 0xff, 0xc0, 0xff, 0xc0, 0xff, 0xc0, 0xff, 0xc0, 0xff, 0xc0, 0xff, 0xc0, 0xff, 
  0xcb, 0xc1, 0xce, 0xff, 0xc7, 0xc3, 0xca, 0xff, 0xc2, 0xcb, 0xc7, 0xff, 0xbb, 0xcd, 0xbf, 0xff, 0xca, 0xe0, 0xcb, 0xff, 0xc6, 0xd9, 0xc5, 0xff, 0xc2, 0xcb, 0xbd, 0xff, 0xc8, 0xcc, 0xc3, 0xff, 0xc1, 0xc4, 0xbf, 0xff, 0xc6, 0xd0, 0xc5, 0xff, 0xc7, 0xe1, 0xc7, 0xff, 0xcd, 0xf6, 0xcd, 0xff, 0xc3, 0xfa, 0xc2, 0xff, 0xc3, 0xff, 0xc3, 0xff, 0xbc, 0xfe, 0xbe, 0xff, 0xb9, 0xfc, 0xbc, 0xff, 0xbe, 0xff, 0xc0, 0xff, 0xbf, 0xff, 0xc1, 0xff, 0xc2, 0xfd, 0xc3, 0xff, 0xc2, 0xfd, 0xc2, 0xff, 0xbf, 0xff, 0xc0, 0xff, 0xbe, 0xff, 0xbf, 0xff, 0xbf, 0xff, 0xbf, 0xff, 0xc1, 0xff, 0xc0, 0xff, 0xc3, 0xfc, 0xc2, 0xff, 0xc2, 0xfd, 0xc3, 0xff, 0xbc, 0xff, 0xbe, 0xff, 0xbc, 0xff, 0xbf, 0xff, 0xbb, 0xff, 0xbf, 0xff, 0xc3, 0xfb, 0xc6, 0xff, 0xcb, 0xed, 0xcb, 0xff, 0xbd, 0xcd, 0xbc, 0xff, 0xc2, 0xc8, 0xc3, 0xff, 0xc3, 0xc9, 0xc4, 0xff, 0xb8, 0xca, 0xba, 0xff, 0xd1, 0xef, 0xd2, 0xff, 0xc9, 0xf5, 0xc9, 0xff, 0xc4, 0xfb, 0xc3, 0xff, 0xc1, 0xfe, 0xc1, 0xff, 0xbf, 0xff, 0xbf, 0xff, 0xc0, 0xff, 0xc0, 0xff, 0xc0, 0xfe, 0xc1, 0xff, 0xc1, 0xfd, 0xc3, 0xff, 0xc1, 0xfd, 0xc3, 0xff, 0xc0, 0xfe, 0xc2, 0xff, 0xbf, 0xff, 0xc1, 0xff, 0xbe, 0xff, 0xbf, 0xff, 0xbe, 0xff, 0xbf, 0xff, 0xbc, 0xfc, 0xbe, 0xff, 0xbf, 0xfb, 0xc1, 0xff, 0xc4, 0xfe, 0xc7, 0xff, 0xc1, 0xfe, 0xc4, 0xff, 0xb6, 0xfc, 0xb9, 0xff, 0xc0, 0xff, 0xc4, 0xff, 0xbc, 0xfa, 0xbe, 0xff, 0xcb, 0xf7, 0xcc, 0xff, 0xc2, 0xd4, 0xc2, 0xff, 0xc1, 0xc7, 0xc1, 0xff, 0xc4, 0xcc, 0xc4, 0xff, 0xb6, 0xca, 0xb7, 0xff, 0xca, 0xf2, 0xcc, 0xff, 0xc4, 0xf7, 0xc6, 0xff, 0xbf, 0xf5, 0xc0, 0xff, 0xc5, 0xff, 0xc7, 0xff, 0xc0, 0xff, 0xc1, 0xff, 0xbf, 0xff, 0xc0, 0xff, 0xc0, 0xfe, 0xc1, 0xff, 0xc1, 0xfe, 0xc2, 0xff, 0xc1, 0xfd, 0xc3, 0xff, 0xc0, 0xfd, 0xc3, 0xff, 0xbf, 0xfe, 0xc3, 0xff, 0xbe, 0xfe, 0xc2, 0xff, 0xc1, 0xff, 0xc5, 0xff, 0xb8, 0xfa, 0xbb, 0xff, 0xbc, 0xfd, 0xbe, 0xff, 0xc2, 0xff, 0xc4, 0xff, 0xc4, 0xff, 0xc4, 0xff, 0xc0, 0xf7, 0xbf, 0xff, 0xcd, 0xff, 0xca, 0xff, 0xc2, 0xe5, 0xc0, 0xff, 0xc0, 0xc9, 0xc2, 0xff, 0xc2, 0xc2, 0xc4, 0xff, 0xc5, 0xce, 0xc1, 0xff, 0xbf, 0xd3, 0xb9, 0xff, 0xcf, 0xf3, 0xcb, 0xff, 0xcc, 0xed, 0xca, 0xff, 0xc0, 0xcd, 0xc2, 0xff, 0xc1, 0xc3, 0xc6, 0xff, 0xc2, 0xc4, 0xc8, 0xff, 0xbe, 0xcd, 0xc4, 0xff, 0xc4, 0xef, 0xc9, 0xff, 0xbf, 0xf8, 0xc1, 0xff, 0xc5, 0xff, 0xc3, 0xff, 0xc1, 0xfe, 0xbe, 0xff, 0xbb, 0xff, 0xbc, 0xff, 0xbb, 0xff, 0xbd, 0xff, 0xbf, 0xff, 0xc0, 0xff, 0xc0, 0xff, 0xc0, 0xff, 0xc0, 0xff, 0xc0, 0xff, 0xc0, 0xff, 0xc0, 0xff, 0xc0, 0xff, 0xc0, 0xff, 0xc0, 0xff, 0xc0, 0xff, 0xc0, 0xff, 0xc0, 0xff, 0xc0, 0xff, 0xc0, 0xff, 0xc0, 0xff, 0xc0, 0xff, 0xc0, 0xff, 0xc0, 0xff, 
  0xcc, 0xc3, 0xcd, 0xff, 0xc4, 0xc2, 0xc7, 0xff, 0xbb, 0xc9, 0xc2, 0xff, 0xb4, 0xcd, 0xbb, 0xff, 0xc7, 0xe9, 0xca, 0xff, 0xcc, 0xed, 0xcb, 0xff, 0xc3, 0xda, 0xbe, 0xff, 0xbc, 0xc9, 0xb7, 0xff, 0xc5, 0xc9, 0xc4, 0xff, 0xc2, 0xc7, 0xc3, 0xff, 0xc3, 0xd3, 0xc4, 0xff, 0xc6, 0xe3, 0xc5, 0xff, 0xd0, 0xfe, 0xcd, 0xff, 0xc1, 0xfa, 0xc0, 0xff, 0xbc, 0xfb, 0xbf, 0xff, 0xbd, 0xff, 0xc1, 0xff, 0xbe, 0xff, 0xc1, 0xff, 0xbf, 0xff, 0xc1, 0xff, 0xc2, 0xfd, 0xc3, 0xff, 0xc2, 0xfe, 0xc2, 0xff, 0xbf, 0xff, 0xc0, 0xff, 0xbe, 0xff, 0xbf, 0xff, 0xbf, 0xff, 0xbf, 0xff, 0xc1, 0xff, 0xc0, 0xff, 0xc3, 0xfc, 0xc2, 0xff, 0xc2, 0xfd, 0xc3, 0xff, 0xbc, 0xff, 0xbe, 0xff, 0xbc, 0xff, 0xbf, 0xff, 0xbb, 0xff, 0xbf, 0xff, 0xc4, 0xfb, 0xc6, 0xff, 0xcc, 0xed, 0xcb, 0xff, 0xbd, 0xcd, 0xbc, 0xff, 0xc2, 0xc8, 0xc3, 0xff, 0xc3, 0xc9, 0xc5, 0xff, 0xb8, 0xca, 0xba, 0xff, 0xd1, 0xef, 0xd2, 0xff, 0xc9, 0xf5, 0xc9, 0xff, 0xc4, 0xfb, 0xc3, 0xff, 0xc1, 0xfe, 0xc1, 0xff, 0xbf, 0xff, 0xbf, 0xff, 0xc0, 0xff, 0xc0, 0xff, 0xc0, 0xfe, 0xc1, 0xff, 0xc1, 0xfe, 0xc2, 0xff, 0xc1, 0xfd, 0xc3, 0xff, 0xc0, 0xfe, 0xc2, 0xff, 0xbf, 0xff, 0xc1, 0xff, 0xbe, 0xff, 0xbf, 0xff, 0xbe, 0xff, 0xbf, 0xff, 0xbd, 0xfd, 0xbe, 0xff, 0xbf, 0xfd, 0xc1, 0xff, 0xc2, 0xfc, 0xc5, 0xff, 0xc0, 0xfc, 0xc3, 0xff, 0xbb, 0xfe, 0xbe, 0xff, 0xbe, 0xfe, 0xc0, 0xff, 0xc6, 0xfc, 0xc7, 0xff, 0xc7, 0xec, 0xc7, 0xff, 0xbd, 0xcc, 0xbe, 0xff, 0xc3, 0xc9, 0xc4, 0xff, 0xbc, 0xc8, 0xbe, 0xff, 0xc0, 0xd9, 0xc1, 0xff, 0xc9, 0xf6, 0xcb, 0xff, 0xc4, 0xfb, 0xc5, 0xff, 0xc1, 0xfa, 0xc3, 0xff, 0xc3, 0xfe, 0xc4, 0xff, 0xbf, 0xff, 0xc0, 0xff, 0xbf, 0xff, 0xc0, 0xff, 0xc1, 0xfe, 0xc1, 0xff, 0xc2, 0xfe, 0xc2, 0xff, 0xc2, 0xfd, 0xc3, 0xff, 0xc1, 0xfd, 0xc3, 0xff, 0xbf, 0xfe, 0xc3, 0xff, 0xbe, 0xfe, 0xc2, 0xff, 0xbd, 0xff, 0xc1, 0xff, 0xba, 0xfe, 0xbe, 0xff, 0xbd, 0xff, 0xc1, 0xff, 0xc1, 0xff, 0xc3, 0xff, 0xc4, 0xfc, 0xc5, 0xff, 0xc8, 0xfa, 0xc7, 0xff, 0xcb, 0xf7, 0xc8, 0xff, 0xbf, 0xdc, 0xbf, 0xff, 0xc0, 0xc5, 0xc6, 0xff, 0xc5, 0xc6, 0xc9, 0xff, 0xbf, 0xcf, 0xba, 0xff, 0xc5, 0xe5, 0xbc, 0xff, 0xcc, 0xfb, 0xc4, 0xff, 0xcb, 0xf6, 0xc7, 0xff, 0xc6, 0xda, 0xc6, 0xff, 0xc0, 0xc6, 0xc4, 0xff, 0xc5, 0xc6, 0xcd, 0xff, 0xbb, 0xc6, 0xc3, 0xff, 0xbc, 0xe0, 0xc2, 0xff, 0xc6, 0xf9, 0xc9, 0xff, 0xc3, 0xfd, 0xc0, 0xff, 0xc1, 0xff, 0xbd, 0xff, 0xbd, 0xff, 0xbd, 0xff, 0xbc, 0xff, 0xbe, 0xff, 0xbe, 0xff, 0xbf, 0xff, 0xc0, 0xff, 0xc0, 0xff, 0xc0, 0xff, 0xc0, 0xff, 0xc0, 0xff, 0xc0, 0xff, 0xc0, 0xff, 0xc0, 0xff, 0xc0, 0xff, 0xc0, 0xff, 0xc0, 0xff, 0xc0, 0xff, 0xc0, 0xff, 0xc0, 0xff, 0xc0, 0xff, 0xc0, 0xff, 0xc0, 0xff, 0xc0, 0xff, 
  0xcc, 0xc5, 0xcc, 0xff, 0xc1, 0xc3, 0xc4, 0xff, 0xb8, 0xca, 0xc0, 0xff, 0xaf, 0xce, 0xb7, 0xff, 0xc2, 0xed, 0xc5, 0xff, 0xcf, 0xfb, 0xce, 0xff, 0xc7, 0xeb, 0xc3, 0xff, 0xb7, 0xcf, 0xb3, 0xff, 0xc2, 0xcc, 0xc2, 0xff, 0xc0, 0xc4, 0xc1, 0xff, 0xbe, 0xc8, 0xbf, 0xff, 0xc1, 0xd4, 0xbf, 0xff, 0xd1, 0xf5, 0xcd, 0xff, 0xc7, 0xf8, 0xc5, 0xff, 0xbf, 0xf9, 0xc2, 0xff, 0xbe, 0xfc, 0xc3, 0xff, 0xbe, 0xff, 0xc1, 0xff, 0xbf, 0xff, 0xc1, 0xff, 0xc1, 0xfd, 0xc3, 0xff, 0xc1, 0xfe, 0xc2, 0xff, 0xbf, 0xff, 0xc0, 0xff, 0xbe, 0xff, 0xbf, 0xff, 0xbf, 0xff, 0xbf, 0xff, 0xc1, 0xff, 0xc0, 0xff, 0xc3, 0xfc, 0xc2, 0xff, 0xc2, 0xfd, 0xc3, 0xff, 0xbc, 0xff, 0xbe, 0xff, 0xbc, 0xff, 0xbf, 0xff, 0xbc, 0xff, 0xbf, 0xff, 0xc4, 0xfb, 0xc6, 0xff, 0xcc, 0xed, 0xcb, 0xff, 0xbc, 0xcd, 0xbc, 0xff, 0xc2, 0xc8, 0xc3, 0xff, 0xc2, 0xc9, 0xc5, 0xff, 0xb8, 0xca, 0xb9, 0xff, 0xd1, 0xf0, 0xd1, 0xff, 0xc9, 0xf6, 0xc8, 0xff, 0xc4, 0xfb, 0xc3, 0xff, 0xc0, 0xff, 0xc0, 0xff, 0xbf, 0xff, 0xbe, 0xff, 0xbf, 0xff, 0xbf, 0xff, 0xc0, 0xff, 0xc0, 0xff, 0xc1, 0xfe, 0xc2, 0xff, 0xc1, 0xfd, 0xc3, 0xff, 0xc0, 0xfe, 0xc2, 0xff, 0xbf, 0xff, 0xc1, 0xff, 0xbe, 0xff, 0xbf, 0xff, 0xbe, 0xff, 0xbf, 0xff, 0xbe, 0xfe, 0xbf, 0xff, 0xc0, 0xfe, 0xc1, 0xff, 0xbf, 0xfc, 0xc3, 0xff, 0xbf, 0xfb, 0xc2, 0xff, 0xc2, 0xff, 0xc3, 0xff, 0xbf, 0xf7, 0xbf, 0xff, 0xcf, 0xfa, 0xcd, 0xff, 0xc2, 0xdf, 0xc1, 0xff, 0xba, 0xc7, 0xbb, 0xff, 0xc3, 0xcc, 0xc5, 0xff, 0xb7, 0xc9, 0xb9, 0xff, 0xca, 0xea, 0xcb, 0xff, 0xc7, 0xf7, 0xc6, 0xff, 0xc4, 0xfe, 0xc4, 0xff, 0xc2, 0xfd, 0xc3, 0xff, 0xc1, 0xfe, 0xc2, 0xff, 0xbf, 0xff, 0xc0, 0xff, 0xbf, 0xff, 0xc0, 0xff, 0xc1, 0xfe, 0xc1, 0xff, 0xc2, 0xfd, 0xc2, 0xff, 0xc2, 0xfd, 0xc3, 0xff, 0xc2, 0xfd, 0xc3, 0xff, 0xc0, 0xfe, 0xc2, 0xff, 0xbe, 0xff, 0xc0, 0xff, 0xba, 0xfe, 0xbd, 0xff, 0xbd, 0xff, 0xc0, 0xff, 0xbf, 0xff, 0xc3, 0xff, 0xbf, 0xfb, 0xc1, 0xff, 0xc4, 0xf8, 0xc5, 0xff, 0xcf, 0xfb, 0xcf, 0xff, 0xc5, 0xe9, 0xc4, 0xff, 0xbb, 0xd2, 0xbd, 0xff, 0xbe, 0xc3, 0xc8, 0xff, 0xc4, 0xca, 0xcb, 0xff, 0xba, 0xd5, 0xb4, 0xff, 0xcc, 0xf7, 0xc0, 0xff, 0xc8, 0xff, 0xbe, 0xff, 0xca, 0xfd, 0xc3, 0xff, 0xcb, 0xe8, 0xca, 0xff, 0xbd, 0xca, 0xc1, 0xff, 0xc5, 0xc9, 0xce, 0xff, 0xb9, 0xc2, 0xc3, 0xff, 0xb4, 0xd0, 0xbc, 0xff, 0xcb, 0xf6, 0xce, 0xff, 0xc4, 0xfa, 0xbf, 0xff, 0xc1, 0xff, 0xbc, 0xff, 0xbe, 0xff, 0xbe, 0xff, 0xbb, 0xff, 0xbd, 0xff, 0xbe, 0xff, 0xc0, 0xff, 0xc0, 0xff, 0xc0, 0xff, 0xc0, 0xff, 0xc0, 0xff, 0xc0, 0xff, 0xc0, 0xff, 0xc0, 0xff, 0xc0, 0xff, 0xc0, 0xff, 0xc0, 0xff, 0xc0, 0xff, 0xc0, 0xff, 0xc0, 0xff, 0xc0, 0xff, 0xc0, 0xff, 0xc0, 0xff, 0xc0, 0xff, 0xc0, 0xff, 
  0xcb, 0xc6, 0xcb, 0xff, 0xc1, 0xc4, 0xc4, 0xff, 0xbc, 0xce, 0xc3, 0xff, 0xb0, 0xd0, 0xb7, 0xff, 0xbb, 0xe9, 0xbe, 0xff, 0xca, 0xfc, 0xca, 0xff, 0xcb, 0xf8, 0xc9, 0xff, 0xc0, 0xe3, 0xbf, 0xff, 0xba, 0xcc, 0xbc, 0xff, 0xc0, 0xc9, 0xc2, 0xff, 0xbe, 0xc5, 0xbe, 0xff, 0xc2, 0xd0, 0xc1, 0xff, 0xc4, 0xdf, 0xc0, 0xff, 0xcf, 0xf7, 0xcd, 0xff, 0xc6, 0xf9, 0xc9, 0xff, 0xbc, 0xf7, 0xc1, 0xff, 0xbf, 0xfe, 0xc2, 0xff, 0xbf, 0xff, 0xc1, 0xff, 0xc0, 0xfe, 0xc3, 0xff, 0xc0, 0xfe, 0xc2, 0xff, 0xbf, 0xff, 0xc0, 0xff, 0xbe, 0xff, 0xbf, 0xff, 0xbf, 0xff, 0xbf, 0xff, 0xc1, 0xff, 0xc0, 0xff, 0xc3, 0xfc, 0xc2, 0xff, 0xc2, 0xfd, 0xc3, 0xff, 0xbc, 0xff, 0xbe, 0xff, 0xbd, 0xff, 0xbf, 0xff, 0xbc, 0xff, 0xbf, 0xff, 0xc5, 0xfb, 0xc6, 0xff, 0xcc, 0xed, 0xcb, 0xff, 0xbc, 0xcd, 0xbc, 0xff, 0xc1, 0xc8, 0xc3, 0xff, 0xc2, 0xc9, 0xc4, 0xff, 0xb7, 0xcb, 0xb8, 0xff, 0xd0, 0xf0, 0xd0, 0xff, 0xc8, 0xf6, 0xc8, 0xff, 0xc3, 0xfb, 0xc3, 0xff, 0xc0, 0xff, 0xbf, 0xff, 0xbe, 0xff, 0xbe, 0xff, 0xbf, 0xff, 0xbf, 0xff, 0xc0, 0xff, 0xc0, 0xff, 0xc1, 0xfe, 0xc2, 0xff, 0xc1, 0xfd, 0xc3, 0xff, 0xc0, 0xfe, 0xc2, 0xff, 0xbf, 0xff, 0xc1, 0xff, 0xbe, 0xff, 0xc0, 0xff, 0xbe, 0xff, 0xbf, 0xff, 0xc0, 0xff, 0xc0, 0xff, 0xbe, 0xfe, 0xbf, 0xff, 0xbf, 0xfe, 0xc3, 0xff, 0xc0, 0xfd, 0xc4, 0xff, 0xc4, 0xfc, 0xc5, 0xff, 0xc7, 0xf6, 0xc5, 0xff, 0xd0, 0xf1, 0xcc, 0xff, 0xbf, 0xd5, 0xbc, 0xff, 0xbe, 0xca, 0xbf, 0xff, 0xbf, 0xcd, 0xc2, 0xff, 0xb8, 0xd2, 0xbb, 0xff, 0xcc, 0xf2, 0xcd, 0xff, 0xc2, 0xf6, 0xc0, 0xff, 0xc2, 0xfe, 0xc0, 0xff, 0xc1, 0xfe, 0xc2, 0xff, 0xc0, 0xfe, 0xc2, 0xff, 0xbe, 0xff, 0xc0, 0xff, 0xbf, 0xff, 0xc0, 0xff, 0xc0, 0xfe, 0xc1, 0xff, 0xc2, 0xfe, 0xc2, 0xff, 0xc3, 0xfd, 0xc3, 0xff, 0xc2, 0xfd, 0xc2, 0xff, 0xc1, 0xfe, 0xc1, 0xff, 0xbe, 0xff, 0xbf, 0xff, 0xb9, 0xfe, 0xbb, 0xff, 0xbc, 0xff, 0xbf, 0xff, 0xbf, 0xff, 0xc3, 0xff, 0xc0, 0xfa, 0xc3, 0xff, 0xc6, 0xf6, 0xc8, 0xff, 0xd3, 0xf8, 0xd3, 0xff, 0xbe, 0xdb, 0xbe, 0xff, 0xba, 0xcc, 0xbe, 0xff, 0xbe, 0xc4, 0xc9, 0xff, 0xbd, 0xca, 0xc5, 0xff, 0xbe, 0xe1, 0xb8, 0xff, 0xcb, 0xff, 0xbf, 0xff, 0xc2, 0xff, 0xb8, 0xff, 0xc7, 0xff, 0xc0, 0xff, 0xcb, 0xf1, 0xca, 0xff, 0xbc, 0xd2, 0xbf, 0xff, 0xc1, 0xc9, 0xc8, 0xff, 0xbc, 0xc4, 0xc4, 0xff, 0xb5, 0xc9, 0xbd, 0xff, 0xc8, 0xe9, 0xcb, 0xff, 0xc7, 0xf8, 0xc3, 0xff, 0xc0, 0xfc, 0xbb, 0xff, 0xbd, 0xff, 0xbe, 0xff, 0xbb, 0xff, 0xbf, 0xff, 0xbf, 0xff, 0xc0, 0xff, 0xc0, 0xff, 0xc0, 0xff, 0xc0, 0xff, 0xc0, 0xff, 0xc0, 0xff, 0xc0, 0xff, 0xc0, 0xff, 0xc0, 0xff, 0xc0, 0xff, 0xc0, 0xff, 0xc0, 0xff, 0xc0, 0xff, 0xc0, 0xff, 0xc0, 0xff, 0xc0, 0xff, 0xc0, 0xff, 0xc0, 0xff, 0xc0, 0xff, 
  0xc9, 0xc6, 0xcb, 0xff, 0xc0, 0xc4, 0xc3, 0xff, 0xbf, 0xcf, 0xc3, 0xff, 0xb6, 0xd3, 0xba, 0xff, 0xbd, 0xe7, 0xbf, 0xff, 0xc6, 0xf7, 0xc7, 0xff, 0xcb, 0xfc, 0xcb, 0xff, 0xc8, 0xf3, 0xca, 0xff, 0xba, 0xd7, 0xbd, 0xff, 0xb9, 0xcc, 0xbc, 0xff, 0xbe, 0xc8, 0xbe, 0xff, 0xc4, 0xcf, 0xc3, 0xff, 0xb9, 0xce, 0xb8, 0xff, 0xc9, 0xe9, 0xc9, 0xff, 0xcc, 0xf8, 0xcf, 0xff, 0xc3, 0xf9, 0xc7, 0xff, 0xbf, 0xfe, 0xc3, 0xff, 0xbe, 0xff, 0xc1, 0xff, 0xc0, 0xfe, 0xc3, 0xff, 0xc0, 0xfe, 0xc2, 0xff, 0xbe, 0xff, 0xc0, 0xff, 0xbd, 0xff, 0xbf, 0xff, 0xbf, 0xff, 0xbf, 0xff, 0xc1, 0xff, 0xc0, 0xff, 0xc3, 0xfc, 0xc2, 0xff, 0xc3, 0xfd, 0xc3, 0xff, 0xbd, 0xff, 0xbe, 0xff, 0xbd, 0xff, 0xbf, 0xff, 0xbc, 0xff, 0xbf, 0xff, 0xc5, 0xfb, 0xc6, 0xff, 0xcd, 0xec, 0xcb, 0xff, 0xbd, 0xcd, 0xbc, 0xff, 0xc1, 0xc9, 0xc3, 0xff, 0xc1, 0xca, 0xc3, 0xff, 0xb7, 0xcb, 0xb8, 0xff, 0xcf, 0xf1, 0xd0, 0xff, 0xc7, 0xf6, 0xc7, 0xff, 0xc3, 0xfc, 0xc2, 0xff, 0xc0, 0xff, 0xbf, 0xff, 0xbe, 0xff, 0xbd, 0xff, 0xbe, 0xff, 0xbf, 0xff, 0xbf, 0xff, 0xc0, 0xff, 0xc1, 0xfe, 0xc2, 0xff, 0xc1, 0xfd, 0xc3, 0xff, 0xc0, 0xfe, 0xc2, 0xff, 0xbf, 0xff, 0xc1, 0xff, 0xbe, 0xff, 0xc0, 0xff, 0xbe, 0xff, 0xbf, 0xff, 0xc0, 0xff, 0xc0, 0xff, 0xbc, 0xfe, 0xbd, 0xff, 0xbe, 0xff, 0xc3, 0xff, 0xc3, 0xff, 0xc7, 0xff, 0xc5, 0xf8, 0xc5, 0xff, 0xd2, 0xf8, 0xce, 0xff, 0xca, 0xe0, 0xc4, 0xff, 0xc0, 0xce, 0xbc, 0xff, 0xbf, 0xcc, 0xc0, 0xff, 0xb7, 0xcb, 0xbb, 0xff, 0xc0, 0xe2, 0xc4, 0xff, 0xc7, 0xf6, 0xc9, 0xff, 0xc0, 0xf9, 0xbe, 0xff, 0xc2, 0xff, 0xbf, 0xff, 0xbf, 0xfd, 0xbe, 0xff, 0xbe, 0xfe, 0xc0, 0xff, 0xbe, 0xff, 0xc0, 0xff, 0xbe, 0xff, 0xc0, 0xff, 0xc0, 0xfe, 0xc1, 0xff, 0xc2, 0xfe, 0xc2, 0xff, 0xc3, 0xfd, 0xc2, 0xff, 0xc2, 0xfe, 0xc1, 0xff, 0xc1, 0xff, 0xc0, 0xff, 0xbe, 0xff, 0xbf, 0xff, 0xba, 0xff, 0xbb, 0xff, 0xbc, 0xff, 0xbe, 0xff, 0xbe, 0xff, 0xc1, 0xff, 0xc3, 0xfb, 0xc6, 0xff, 0xca, 0xf5, 0xcc, 0xff, 0xcf, 0xef, 0xd1, 0xff, 0xba, 0xcf, 0xbc, 0xff, 0xbf, 0xcc, 0xc3, 0xff, 0xbd, 0xc6, 0xc6, 0xff, 0xb8, 0xcb, 0xbe, 0xff, 0xc6, 0xf3, 0xc2, 0xff, 0xc4, 0xff, 0xbb, 0xff, 0xc0, 0xfe, 0xb8, 0xff, 0xc5, 0xfe, 0xc0, 0xff, 0xc9, 0xf6, 0xc7, 0xff, 0xc2, 0xe0, 0xc2, 0xff, 0xbb, 0xc9, 0xbd, 0xff, 0xc0, 0xc8, 0xc4, 0xff, 0xbf, 0xc8, 0xc4, 0xff, 0xc1, 0xd6, 0xc3, 0xff, 0xcb, 0xf5, 0xc8, 0xff, 0xc2, 0xfa, 0xbf, 0xff, 0xbd, 0xfb, 0xc0, 0xff, 0xbe, 0xfe, 0xc2, 0xff, 0xbf, 0xff, 0xc1, 0xff, 0xc0, 0xff, 0xc0, 0xff, 0xc0, 0xff, 0xc0, 0xff, 0xc0, 0xff, 0xc0, 0xff, 0xc0, 0xff, 0xc0, 0xff, 0xc0, 0xff, 0xc0, 0xff, 0xc0, 0xff, 0xc0, 0xff, 0xc0, 0xff, 0xc0, 0xff, 0xc0, 0xff, 0xc0, 0xff, 0xc0, 0xff, 0xc0, 0xff, 
  0xc7, 0xc7, 0xcb, 0xff, 0xbf, 0xc3, 0xc2, 0xff, 0xbf, 0xcc, 0xc0, 0xff, 0xba, 0xd2, 0xba, 0xff, 0xc5, 0xea, 0xc6, 0xff, 0xc9, 0xf7, 0xcb, 0xff, 0xc8, 0xfb, 0xcb, 0xff, 0xc7, 0xf8, 0xcb, 0xff, 0xc3, 0xea, 0xc6, 0xff, 0xb4, 0xd0, 0xb6, 0xff, 0xbe, 0xcd, 0xbf, 0xff, 0xbf, 0xca, 0xc0, 0xff, 0xbb, 0xcb, 0xbd, 0xff, 0xba, 0xd3, 0xbc, 0xff, 0xcc, 0xf2, 0xce, 0xff, 0xcc, 0xfe, 0xcf, 0xff, 0xc0, 0xfd, 0xc4, 0xff, 0xbe, 0xff, 0xc1, 0xff, 0xc0, 0xfe, 0xc3, 0xff, 0xc0, 0xfe, 0xc2, 0xff, 0xbe, 0xff, 0xc0, 0xff, 0xbd, 0xff, 0xbf, 0xff, 0xbf, 0xff, 0xbf, 0xff, 0xc1, 0xff, 0xc0, 0xff, 0xc3, 0xfc, 0xc2, 0xff, 0xc3, 0xfd, 0xc3, 0xff, 0xbd, 0xff, 0xbe, 0xff, 0xbe, 0xff, 0xbf, 0xff, 0xbd, 0xff, 0xbf, 0xff, 0xc5, 0xfb, 0xc6, 0xff, 0xcd, 0xec, 0xcb, 0xff, 0xbd, 0xcd, 0xbb, 0xff, 0xc0, 0xc9, 0xc2, 0xff, 0xc0, 0xca, 0xc3, 0xff, 0xb6, 0xcb, 0xb7, 0xff, 0xcf, 0xf1, 0xcf, 0xff, 0xc7, 0xf7, 0xc7, 0xff, 0xc2, 0xfc, 0xc1, 0xff, 0xbf, 0xff, 0xbe, 0xff, 0xbe, 0xff, 0xbd, 0xff, 0xbe, 0xff, 0xbe, 0xff, 0xbf, 0xff, 0xc0, 0xff, 0xc1, 0xfe, 0xc2, 0xff, 0xc1, 0xfd, 0xc3, 0xff, 0xc0, 0xfe, 0xc2, 0xff, 0xc0, 0xfe, 0xc1, 0xff, 0xbf, 0xff, 0xc0, 0xff, 0xbe, 0xff, 0xbf, 0xff, 0xbf, 0xff, 0xbf, 0xff, 0xbc, 0xff, 0xbd, 0xff, 0xbd, 0xff, 0xc2, 0xff, 0xc2, 0xff, 0xc7, 0xff, 0xc8, 0xf6, 0xc7, 0xff, 0xd5, 0xf3, 0xd0, 0xff, 0xc5, 0xd2, 0xbd, 0xff, 0xc4, 0xcb, 0xbd, 0xff, 0xbe, 0xcb, 0xbf, 0xff, 0xb5, 0xce, 0xba, 0xff, 0xc6, 0xef, 0xcb, 0xff, 0xc3, 0xf8, 0xc5, 0xff, 0xc3, 0xff, 0xc0, 0xff, 0xc3, 0xff, 0xbf, 0xff, 0xbf, 0xfe, 0xbe, 0xff, 0xbd, 0xfd, 0xbe, 0xff, 0xbd, 0xff, 0xc0, 0xff, 0xbe, 0xff, 0xc0, 0xff, 0xc0, 0xfe, 0xc1, 0xff, 0xc2, 0xfe, 0xc2, 0xff, 0xc3, 0xfd, 0xc2, 0xff, 0xc3, 0xfe, 0xc1, 0xff, 0xc1, 0xff, 0xbf, 0xff, 0xbf, 0xff, 0xbe, 0xff, 0xbc, 0xff, 0xbd, 0xff, 0xbb, 0xff, 0xbd, 0xff, 0xbd, 0xfc, 0xc0, 0xff, 0xc5, 0xfb, 0xc9, 0xff, 0xcb, 0xf4, 0xcf, 0xff, 0xc6, 0xe1, 0xc9, 0xff, 0xbb, 0xc9, 0xbd, 0xff, 0xc2, 0xcc, 0xc6, 0xff, 0xbd, 0xc9, 0xc4, 0xff, 0xbb, 0xd4, 0xbf, 0xff, 0xca, 0xfd, 0xc7, 0xff, 0xbe, 0xfd, 0xb8, 0xff, 0xc0, 0xfe, 0xbc, 0xff, 0xc5, 0xfe, 0xc2, 0xff, 0xc8, 0xf9, 0xc5, 0xff, 0xcb, 0xf0, 0xc8, 0xff, 0xbb, 0xcf, 0xb9, 0xff, 0xc2, 0xc9, 0xc1, 0xff, 0xc7, 0xc9, 0xca, 0xff, 0xbd, 0xc8, 0xbf, 0xff, 0xc8, 0xec, 0xc5, 0xff, 0xc5, 0xf9, 0xc3, 0xff, 0xc0, 0xfa, 0xc4, 0xff, 0xc1, 0xff, 0xc7, 0xff, 0xbf, 0xfe, 0xc2, 0xff, 0xc0, 0xff, 0xc0, 0xff, 0xc0, 0xff, 0xc0, 0xff, 0xc0, 0xff, 0xc0, 0xff, 0xc0, 0xff, 0xc0, 0xff, 0xc0, 0xff, 0xc0, 0xff, 0xc0, 0xff, 0xc0, 0xff, 0xc0, 0xff, 0xc0, 0xff, 0xc0, 0xff, 0xc0, 0xff, 0xc0, 0xff, 0xc0, 0xff, 
  0xc6, 0xc6, 0xca, 0xff, 0xc1, 0xc5, 0xc4, 0xff, 0xc1, 0xca, 0xbf, 0xff, 0xbb, 0xcd, 0xb9, 0xff, 0xca, 0xe8, 0xca, 0xff, 0xcd, 0xf6, 0xd0, 0xff, 0xc6, 0xf8, 0xcb, 0xff, 0xc5, 0xf9, 0xca, 0xff, 0xc8, 0xf7, 0xca, 0xff, 0xbd, 0xe1, 0xbd, 0xff, 0xbe, 0xd2, 0xbe, 0xff, 0xbb, 0xc8, 0xbd, 0xff, 0xbf, 0xcb, 0xc3, 0xff, 0xb7, 0xc9, 0xbb, 0xff, 0xc2, 0xe1, 0xc4, 0xff, 0xcb, 0xf9, 0xcd, 0xff, 0xc1, 0xfd, 0xc4, 0xff, 0xbe, 0xff, 0xc1, 0xff, 0xc0, 0xfe, 0xc3, 0xff, 0xc0, 0xfe, 0xc2, 0xff, 0xbe, 0xff, 0xc0, 0xff, 0xbd, 0xff, 0xbf, 0xff, 0xbf, 0xff, 0xbf, 0xff, 0xc1, 0xff, 0xc0, 0xff, 0xc3, 0xfc, 0xc2, 0xff, 0xc3, 0xfd, 0xc3, 0xff, 0xbd, 0xff, 0xbe, 0xff, 0xbe, 0xff, 0xbf, 0xff, 0xbd, 0xff, 0xbf, 0xff, 0xc5, 0xfb, 0xc6, 0xff, 0xcd, 0xec, 0xcb, 0xff, 0xbd, 0xcd, 0xbb, 0xff, 0xc0, 0xc9, 0xc2, 0xff, 0xbf, 0xcb, 0xc2, 0xff, 0xb5, 0xcc, 0xb7, 0xff, 0xce, 0xf1, 0xcf, 0xff, 0xc6, 0xf7, 0xc6, 0xff, 0xc1, 0xfd, 0xc0, 0xff, 0xbe, 0xff, 0xbd, 0xff, 0xbd, 0xff, 0xbc, 0xff, 0xbe, 0xff, 0xbd, 0xff, 0xbf, 0xff, 0xbf, 0xff, 0xc1, 0xfe, 0xc1, 0xff, 0xc1, 0xfe, 0xc2, 0xff, 0xc1, 0xfe, 0xc2, 0xff, 0xc0, 0xfe, 0xc1, 0xff, 0xbf, 0xff, 0xc1, 0xff, 0xbe, 0xff, 0xbf, 0xff, 0xbd, 0xff, 0xbd, 0xff, 0xbd, 0xff, 0xbf, 0xff, 0xb8, 0xff, 0xbf, 0xff, 0xbf, 0xfd, 0xc4, 0xff, 0xce, 0xf9, 0xcd, 0xff, 0xce, 0xe6, 0xc8, 0xff, 0xc6, 0xcb, 0xbc, 0xff, 0xc7, 0xc9, 0xbf, 0xff, 0xbf, 0xcc, 0xc0, 0xff, 0xbe, 0xda, 0xc3, 0xff, 0xc6, 0xf5, 0xcb, 0xff, 0xc3, 0xfc, 0xc5, 0xff, 0xc2, 0xff, 0xbe, 0xff, 0xc0, 0xff, 0xbc, 0xff, 0xc2, 0xff, 0xc1, 0xff, 0xbd, 0xfd, 0xbe, 0xff, 0xbd, 0xff, 0xc0, 0xff, 0xbe, 0xff, 0xc1, 0xff, 0xc0, 0xfe, 0xc1, 0xff, 0xc2, 0xfe, 0xc2, 0xff, 0xc4, 0xfd, 0xc2, 0xff, 0xc3, 0xfe, 0xc1, 0xff, 0xc1, 0xff, 0xbf, 0xff, 0xbf, 0xff, 0xbd, 0xff, 0xbd, 0xff, 0xbc, 0xff, 0xbd, 0xff, 0xbe, 0xff, 0xbf, 0xfd, 0xc1, 0xff, 0xc5, 0xf9, 0xc9, 0xff, 0xc9, 0xee, 0xcc, 0xff, 0xbc, 0xd4, 0xbf, 0xff, 0xbe, 0xc8, 0xc1, 0xff, 0xc3, 0xca, 0xc6, 0xff, 0xbe, 0xcc, 0xc1, 0xff, 0xc8, 0xe6, 0xc9, 0xff, 0xc6, 0xfe, 0xc4, 0xff, 0xbd, 0xff, 0xbb, 0xff, 0xc2, 0xfd, 0xc3, 0xff, 0xc5, 0xfd, 0xc6, 0xff, 0xc6, 0xfb, 0xc3, 0xff, 0xcf, 0xf9, 0xc9, 0xff, 0xc6, 0xde, 0xbf, 0xff, 0xbf, 0xc7, 0xba, 0xff, 0xce, 0xc8, 0xcc, 0xff, 0xc3, 0xc5, 0xc3, 0xff, 0xbe, 0xdc, 0xbc, 0xff, 0xca, 0xf9, 0xc9, 0xff, 0xc2, 0xf8, 0xc7, 0xff, 0xc1, 0xfc, 0xc8, 0xff, 0xc0, 0xfe, 0xc3, 0xff, 0xc0, 0xff, 0xc0, 0xff, 0xc0, 0xff, 0xc0, 0xff, 0xc0, 0xff, 0xc0, 0xff, 0xc0, 0xff, 0xc0, 0xff, 0xc0, 0xff, 0xc0, 0xff, 0xc0, 0xff, 0xc0, 0xff, 0xc0, 0xff, 0xc0, 0xff, 0xc0, 0xff, 0xc0, 0xff, 0xc0, 0xff, 0xc0, 0xff, 
  0xc3, 0xc5, 0xc6, 0xff, 0xc5, 0xc8, 0xc6, 0xff, 0xc6, 0xcb, 0xc3, 0xff, 0xbb, 0xc9, 0xb8, 0xff, 0xc7, 0xe6, 0xc9, 0xff, 0xc9, 0xf6, 0xce, 0xff, 0xc3, 0xf8, 0xc9, 0xff, 0xc5, 0xfd, 0xca, 0xff, 0xc6, 0xfa, 0xc7, 0xff, 0xca, 0xf5, 0xc9, 0xff, 0xbb, 0xd7, 0xb9, 0xff, 0xb9, 0xcc, 0xb9, 0xff, 0xbc, 0xc9, 0xc0, 0xff, 0xbe, 0xcc, 0xc3, 0xff, 0xba, 0xcf, 0xbc, 0xff, 0xc9, 0xeb, 0xca, 0xff, 0xc5, 0xfa, 0xc7, 0xff, 0xc0, 0xfe, 0xc3, 0xff, 0xc1, 0xfd, 0xc4, 0xff, 0xc0, 0xfd, 0xc3, 0xff, 0xbe, 0xff, 0xc0, 0xff, 0xbe, 0xff, 0xbf, 0xff, 0xc0, 0xff, 0xbf, 0xff, 0xc2, 0xff, 0xc0, 0xff, 0xc2, 0xfc, 0xc2, 0xff, 0xc2, 0xfd, 0xc2, 0xff, 0xbd, 0xff, 0xbe, 0xff, 0xbe, 0xff, 0xbf, 0xff, 0xbe, 0xfe, 0xbf, 0xff, 0xc7, 0xfa, 0xc6, 0xff, 0xce, 0xec, 0xcc, 0xff, 0xbd, 0xcd, 0xbc, 0xff, 0xc0, 0xc9, 0xc2, 0xff, 0xbf, 0xcb, 0xc2, 0xff, 0xb4, 0xcc, 0xb6, 0xff, 0xcc, 0xf2, 0xce, 0xff, 0xc5, 0xf8, 0xc5, 0xff, 0xc1, 0xfd, 0xc0, 0xff, 0xbf, 0xff, 0xbe, 0xff, 0xbe, 0xff, 0xbd, 0xff, 0xbf, 0xff, 0xbe, 0xff, 0xc0, 0xff, 0xc0, 0xff, 0xc1, 0xfe, 0xc1, 0xff, 0xc1, 0xfe, 0xc1, 0xff, 0xc1, 0xfe, 0xc1, 0xff, 0xc0, 0xfe, 0xc1, 0xff, 0xc0, 0xff, 0xc1, 0xff, 0xbf, 0xff, 0xc0, 0xff, 0xbc, 0xfc, 0xbd, 0xff, 0xc1, 0xff, 0xc3, 0xff, 0xb5, 0xfd, 0xbc, 0xff, 0xbb, 0xf9, 0xc0, 0xff, 0xd4, 0xfa, 0xd3, 0xff, 0xc9, 0xd9, 0xc1, 0xff, 0xcc, 0xc9, 0xc0, 0xff, 0xc9, 0xc8, 0xc0, 0xff, 0xbe, 0xd2, 0xbf, 0xff, 0xc5, 0xeb, 0xca, 0xff, 0xc0, 0xf7, 0xc6, 0xff, 0xc0, 0xfe, 0xc4, 0xff, 0xbf, 0xfb, 0xbd, 0xff, 0xbf, 0xfb, 0xbb, 0xff, 0xc6, 0xff, 0xc2, 0xff, 0xbe, 0xfd, 0xbd, 0xff, 0xbe, 0xff, 0xc0, 0xff, 0xbe, 0xff, 0xc1, 0xff, 0xc1, 0xfe, 0xc2, 0xff, 0xc3, 0xfd, 0xc2, 0xff, 0xc4, 0xfd, 0xc2, 0xff, 0xc3, 0xfe, 0xc1, 0xff, 0xc1, 0xff, 0xbf, 0xff, 0xbe, 0xff, 0xbe, 0xff, 0xbc, 0xff, 0xbc, 0xff, 0xbe, 0xff, 0xbf, 0xff, 0xc1, 0xfd, 0xc4, 0xff, 0xc5, 0xf6, 0xc9, 0xff, 0xc8, 0xea, 0xcb, 0xff, 0xb8, 0xcb, 0xbb, 0xff, 0xc3, 0xc9, 0xc5, 0xff, 0xc2, 0xc8, 0xc3, 0xff, 0xbd, 0xd1, 0xbe, 0xff, 0xd2, 0xf6, 0xd1, 0xff, 0xc2, 0xfb, 0xbe, 0xff, 0xc0, 0xff, 0xbd, 0xff, 0xc2, 0xfd, 0xc3, 0xff, 0xc3, 0xfc, 0xc5, 0xff, 0xc2, 0xfb, 0xc1, 0xff, 0xca, 0xfa, 0xc6, 0xff, 0xcf, 0xee, 0xc8, 0xff, 0xba, 0xc7, 0xb4, 0xff, 0xcd, 0xc8, 0xca, 0xff, 0xca, 0xc7, 0xc9, 0xff, 0xb8, 0xcd, 0xb7, 0xff, 0xcf, 0xf5, 0xce, 0xff, 0xc4, 0xf5, 0xc7, 0xff, 0xc0, 0xfa, 0xc4, 0xff, 0xc0, 0xfe, 0xc2, 0xff, 0xbf, 0xff, 0xc0, 0xff, 0xbf, 0xff, 0xc0, 0xff, 0xc0, 0xff, 0xc1, 0xff, 0xc0, 0xff, 0xc1, 0xff, 0xc1, 0xfe, 0xc1, 0xff, 0xc1, 0xfe, 0xc1, 0xff, 0xc0, 0xff, 0xc1, 0xff, 0xc0, 0xff, 0xc0, 0xff, 0xc0, 0xff, 0xc0, 0xff, 
  0xc4, 0xc8, 0xc3, 0xff, 0xc4, 0xc6, 0xc3, 0xff, 0xc9, 0xc7, 0xc5, 0xff, 0xbd, 0xc9, 0xbd, 0xff, 0xc1, 0xea, 0xc7, 0xff, 0xc1, 0xfa, 0xc9, 0xff, 0xc0, 0xfb, 0xc4, 0xff, 0xc3, 0xfe, 0xc5, 0xff, 0xc7, 0xfe, 0xc9, 0xff, 0xc5, 0xf6, 0xc5, 0xff, 0xc6, 0xed, 0xc2, 0xff, 0xb2, 0xcf, 0xae, 0xff, 0xbb, 0xcf, 0xbc, 0xff, 0xbf, 0xcb, 0xc2, 0xff, 0xbf, 0xc4, 0xc1, 0xff, 0xc2, 0xd1, 0xc3, 0xff, 0xca, 0xf3, 0xcb, 0xff, 0xc4, 0xfb, 0xc6, 0xff, 0xc1, 0xfb, 0xc6, 0xff, 0xbe, 0xfb, 0xc2, 0xff, 0xbd, 0xfd, 0xbe, 0xff, 0xc1, 0xff, 0xbf, 0xff, 0xc3, 0xff, 0xbe, 0xff, 0xc2, 0xfe, 0xbd, 0xff, 0xc2, 0xfd, 0xc0, 0xff, 0xc1, 0xfe, 0xc1, 0xff, 0xbd, 0xff, 0xbd, 0xff, 0xbf, 0xff, 0xbf, 0xff, 0xc1, 0xfe, 0xbf, 0xff, 0xca, 0xfa, 0xc7, 0xff, 0xcf, 0xeb, 0xcd, 0xff, 0xbe, 0xcc, 0xbd, 0xff, 0xc2, 0xc8, 0xc3, 0xff, 0xc1, 0xca, 0xc3, 0xff, 0xb3, 0xcd, 0xb5, 0xff, 0xcb, 0xf3, 0xcc, 0xff, 0xc4, 0xf9, 0xc3, 0xff, 0xc1, 0xfd, 0xc0, 0xff, 0xc2, 0xff, 0xc0, 0xff, 0xc2, 0xff, 0xc0, 0xff, 0xc3, 0xfe, 0xc1, 0xff, 0xc2, 0xfe, 0xc2, 0xff, 0xc1, 0xfe, 0xc1, 0xff, 0xc0, 0xff, 0xc1, 0xff, 0xbf, 0xff, 0xc0, 0xff, 0xc0, 0xff, 0xc0, 0xff, 0xc1, 0xfe, 0xc1, 0xff, 0xc2, 0xfd, 0xc2, 0xff, 0xc1, 0xfc, 0xc3, 0xff, 0xba, 0xf9, 0xbe, 0xff, 0xbc, 0xff, 0xc3, 0xff, 0xbb, 0xf9, 0xc1, 0xff, 0xd2, 0xf2, 0xd0, 0xff, 0xc4, 0xcd, 0xbd, 0xff, 0xcc, 0xc3, 0xbf, 0xff, 0xca, 0xc9, 0xc1, 0xff, 0xb9, 0xd8, 0xb8, 0xff, 0xc2, 0xf8, 0xc7, 0xff, 0xbf, 0xff, 0xc8, 0xff, 0xb7, 0xfa, 0xbf, 0xff, 0xc2, 0xfb, 0xc4, 0xff, 0xc6, 0xfc, 0xc3, 0xff, 0xc2, 0xfe, 0xbb, 0xff, 0xc4, 0xff, 0xbe, 0xff, 0xc0, 0xff, 0xc0, 0xff, 0xc0, 0xfe, 0xc3, 0xff, 0xc2, 0xfd, 0xc3, 0xff, 0xc3, 0xfd, 0xc3, 0xff, 0xc3, 0xfd, 0xc2, 0xff, 0xc2, 0xfe, 0xc1, 0xff, 0xc0, 0xff, 0xc0, 0xff, 0xbe, 0xff, 0xbf, 0xff, 0xbd, 0xff, 0xbf, 0xff, 0xba, 0xfc, 0xbe, 0xff, 0xc3, 0xfc, 0xc7, 0xff, 0xcb, 0xf8, 0xcf, 0xff, 0xb9, 0xd6, 0xbc, 0xff, 0xbe, 0xcc, 0xbe, 0xff, 0xc6, 0xc8, 0xc5, 0xff, 0xc3, 0xc9, 0xc1, 0xff, 0xc9, 0xe4, 0xc6, 0xff, 0xc9, 0xf4, 0xc4, 0xff, 0xcc, 0xff, 0xc2, 0xff, 0xc7, 0xff, 0xbd, 0xff, 0xc1, 0xfd, 0xbc, 0xff, 0xc0, 0xfe, 0xbf, 0xff, 0xc1, 0xff, 0xc4, 0xff, 0xc5, 0xfc, 0xc8, 0xff, 0xce, 0xf6, 0xcd, 0xff, 0xbf, 0xd5, 0xbc, 0xff, 0xc4, 0xc8, 0xc3, 0xff, 0xc3, 0xc1, 0xc3, 0xff, 0xc4, 0xcc, 0xc4, 0xff, 0xc6, 0xde, 0xc6, 0xff, 0xce, 0xfa, 0xcb, 0xff, 0xc2, 0xfb, 0xc0, 0xff, 0xbf, 0xfe, 0xbf, 0xff, 0xbe, 0xff, 0xbf, 0xff, 0xbf, 0xff, 0xc0, 0xff, 0xbe, 0xfd, 0xbf, 0xff, 0xc0, 0xfc, 0xbf, 0xff, 0xc3, 0xff, 0xc2, 0xff, 0xc3, 0xff, 0xc2, 0xff, 0xc1, 0xfd, 0xc0, 0xff, 0xc1, 0xff, 0xc0, 0xff, 0xc1, 0xff, 0xbf, 0xff, 
  0xc4, 0xc8, 0xc2, 0xff, 0xc5, 0xc6, 0xc2, 0xff, 0xcb, 0xc6, 0xc7, 0xff, 0xbe, 0xc8, 0xbe, 0xff, 0xbe, 0xeb, 0xc6, 0xff, 0xbe, 0xfc, 0xc7, 0xff, 0xbf, 0xfd, 0xc1, 0xff, 0xc3, 0xff, 0xc2, 0xff, 0xbf, 0xf8, 0xc0, 0xff, 0xca, 0xff, 0xca, 0xff, 0xc7, 0xf4, 0xc1, 0xff, 0xc1, 0xe5, 0xbc, 0xff, 0xb4, 0xcd, 0xb4, 0xff, 0xc0, 0xcc, 0xc2, 0xff, 0xc7, 0xc6, 0xc8, 0xff, 0xc0, 0xc5, 0xc1, 0xff, 0xc2, 0xdf, 0xc1, 0xff, 0xcd, 0xfa, 0xce, 0xff, 0xc5, 0xfb, 0xca, 0xff, 0xba, 0xf6, 0xbf, 0xff, 0xc0, 0xff, 0xc1, 0xff, 0xbf, 0xff, 0xbd, 0xff, 0xbe, 0xfb, 0xb7, 0xff, 0xc7, 0xff, 0xc1, 0xff, 0xc2, 0xfd, 0xc0, 0xff, 0xc1, 0xfe, 0xc1, 0xff, 0xbd, 0xff, 0xbd, 0xff, 0xc0, 0xff, 0xbf, 0xff, 0xc3, 0xfe, 0xbe, 0xff, 0xcb, 0xfa, 0xc6, 0xff, 0xcf, 0xeb, 0xcd, 0xff, 0xbd, 0xcc, 0xbd, 0xff, 0xc3, 0xc7, 0xc4, 0xff, 0xc2, 0xca, 0xc3, 0xff, 0xb3, 0xcd, 0xb5, 0xff, 0xca, 0xf4, 0xcb, 0xff, 0xc3, 0xf9, 0xc3, 0xff, 0xc1, 0xfd, 0xc0, 0xff, 0xc3, 0xfe, 0xc1, 0xff, 0xc4, 0xfe, 0xc1, 0xff, 0xc4, 0xfd, 0xc3, 0xff, 0xc3, 0xfd, 0xc2, 0xff, 0xc1, 0xfe, 0xc1, 0xff, 0xbf, 0xff, 0xc0, 0xff, 0xbe, 0xff, 0xbf, 0xff, 0xbf, 0xff, 0xbf, 0xff, 0xc2, 0xfe, 0xc1, 0xff, 0xc3, 0xfd, 0xc3, 0xff, 0xc4, 0xfd, 0xc6, 0xff, 0xbe, 0xfa, 0xc3, 0xff, 0xb9, 0xfd, 0xc0, 0xff, 0xc2, 0xfb, 0xc7, 0xff, 0xc9, 0xe3, 0xc7, 0xff, 0xc4, 0xc9, 0xbd, 0xff, 0xce, 0xc6, 0xc3, 0xff, 0xc5, 0xc8, 0xbc, 0xff, 0xbe, 0xe4, 0xbd, 0xff, 0xbf, 0xfd, 0xc4, 0xff, 0xba, 0xff, 0xc4, 0xff, 0xb5, 0xfb, 0xbf, 0xff, 0xc3, 0xfb, 0xc7, 0xff, 0xc8, 0xfc, 0xc6, 0xff, 0xc3, 0xfd, 0xbb, 0xff, 0xc4, 0xff, 0xbc, 0xff, 0xc1, 0xff, 0xc1, 0xff, 0xc0, 0xfe, 0xc3, 0xff, 0xc2, 0xfe, 0xc2, 0xff, 0xc3, 0xfe, 0xc1, 0xff, 0xc3, 0xfd, 0xc2, 0xff, 0xc2, 0xfe, 0xc2, 0xff, 0xbf, 0xfe, 0xc2, 0xff, 0xbe, 0xff, 0xc1, 0xff, 0xbb, 0xfe, 0xbe, 0xff, 0xc3, 0xff, 0xc6, 0xff, 0xc4, 0xf8, 0xc8, 0xff, 0xc8, 0xef, 0xcc, 0xff, 0xbb, 0xd2, 0xbe, 0xff, 0xbe, 0xc8, 0xbe, 0xff, 0xc8, 0xc8, 0xc4, 0xff, 0xc3, 0xcc, 0xbf, 0xff, 0xcc, 0xef, 0xca, 0xff, 0xc9, 0xfb, 0xc4, 0xff, 0xcc, 0xff, 0xc1, 0xff, 0xc6, 0xff, 0xbb, 0xff, 0xc1, 0xff, 0xbb, 0xff, 0xc0, 0xff, 0xbf, 0xff, 0xbe, 0xff, 0xc2, 0xff, 0xbf, 0xfb, 0xc5, 0xff, 0xc9, 0xf8, 0xca, 0xff, 0xc4, 0xe3, 0xc3, 0xff, 0xbc, 0xc8, 0xbc, 0xff, 0xc5, 0xc8, 0xc6, 0xff, 0xc3, 0xc9, 0xc5, 0xff, 0xc0, 0xd2, 0xc1, 0xff, 0xc9, 0xf1, 0xc5, 0xff, 0xc5, 0xfb, 0xbf, 0xff, 0xc0, 0xff, 0xbf, 0xff, 0xbe, 0xff, 0xc0, 0xff, 0xc1, 0xff, 0xc2, 0xff, 0xc1, 0xfe, 0xc1, 0xff, 0xc2, 0xfe, 0xc1, 0xff, 0xc3, 0xfd, 0xc2, 0xff, 0xc3, 0xfe, 0xc2, 0xff, 0xc2, 0xfe, 0xc1, 0xff, 0xc1, 0xff, 0xc0, 0xff, 0xc1, 0xff, 0xbf, 0xff, 
  0xc4, 0xc8, 0xc3, 0xff, 0xc5, 0xc6, 0xc3, 0xff, 0xcb, 0xc6, 0xc7, 0xff, 0xbf, 0xc8, 0xbe, 0xff, 0xbe, 0xeb, 0xc6, 0xff, 0xbe, 0xfc, 0xc6, 0xff, 0xbf, 0xfd, 0xc1, 0xff, 0xc3, 0xff, 0xc2, 0xff, 0xbe, 0xf9, 0xc0, 0xff, 0xc9, 0xff, 0xc9, 0xff, 0xca, 0xfa, 0xc5, 0xff, 0xd0, 0xf8, 0xcb, 0xff, 0xba, 0xd7, 0xba, 0xff, 0xb9, 0xca, 0xbc, 0xff, 0xc6, 0xcb, 0xc8, 0xff, 0xbe, 0xc3, 0xbe, 0xff, 0xbd, 0xcf, 0xbb, 0xff, 0xcb, 0xec, 0xca, 0xff, 0xc9, 0xf8, 0xcd, 0xff, 0xbe, 0xfa, 0xc4, 0xff, 0xbc, 0xff, 0xbf, 0xff, 0xbb, 0xff, 0xba, 0xff, 0xbd, 0xfd, 0xb8, 0xff, 0xc6, 0xff, 0xc0, 0xff, 0xc3, 0xfc, 0xc2, 0xff, 0xc2, 0xfd, 0xc3, 0xff, 0xbe, 0xff, 0xbe, 0xff, 0xc0, 0xff, 0xbf, 0xff, 0xc1, 0xfe, 0xbe, 0xff, 0xc9, 0xfa, 0xc5, 0xff, 0xcd, 0xec, 0xcc, 0xff, 0xbc, 0xcd, 0xbc, 0xff, 0xc3, 0xc8, 0xc4, 0xff, 0xc2, 0xca, 0xc3, 0xff, 0xb3, 0xcd, 0xb5, 0xff, 0xca, 0xf4, 0xcb, 0xff, 0xc3, 0xf9, 0xc3, 0xff, 0xc1, 0xfd, 0xc0, 0xff, 0xc3, 0xfe, 0xc1, 0xff, 0xc3, 0xfe, 0xc1, 0xff, 0xc4, 0xfd, 0xc3, 0xff, 0xc2, 0xfd, 0xc2, 0xff, 0xc0, 0xff, 0xc0, 0xff, 0xbe, 0xff, 0xbf, 0xff, 0xbd, 0xff, 0xbe, 0xff, 0xbe, 0xff, 0xbf, 0xff, 0xc2, 0xfe, 0xc1, 0xff, 0xc3, 0xfd, 0xc2, 0xff, 0xc3, 0xfe, 0xc5, 0xff, 0xc2, 0xfd, 0xc5, 0xff, 0xba, 0xf8, 0xc0, 0xff, 0xc8, 0xf9, 0xcc, 0xff, 0xbb, 0xd3, 0xbb, 0xff, 0xc3, 0xc9, 0xbe, 0xff, 0xcc, 0xca, 0xc3, 0xff, 0xc1, 0xcb, 0xba, 0xff, 0xc7, 0xf0, 0xc6, 0xff, 0xc2, 0xff, 0xc6, 0xff, 0xb8, 0xfe, 0xc1, 0xff, 0xb7, 0xfc, 0xbf, 0xff, 0xc5, 0xfd, 0xc8, 0xff, 0xc8, 0xfd, 0xc7, 0xff, 0xc3, 0xfd, 0xbc, 0xff, 0xc2, 0xff, 0xbd, 0xff, 0xc0, 0xff, 0xc1, 0xff, 0xc0, 0xfe, 0xc2, 0xff, 0xc2, 0xff, 0xbf, 0xff, 0xc3, 0xff, 0xbe, 0xff, 0xc3, 0xfe, 0xc1, 0xff, 0xc2, 0xfd, 0xc2, 0xff, 0xbf, 0xfd, 0xc3, 0xff, 0xbe, 0xfe, 0xc2, 0xff, 0xbc, 0xfc, 0xbd, 0xff, 0xc6, 0xff, 0xc6, 0xff, 0xcc, 0xf8, 0xcd, 0xff, 0xc0, 0xdf, 0xc3, 0xff, 0xba, 0xca, 0xbf, 0xff, 0xc3, 0xca, 0xc5, 0xff, 0xc2, 0xc5, 0xbe, 0xff, 0xca, 0xd9, 0xc4, 0xff, 0xce, 0xf8, 0xcc, 0xff, 0xc6, 0xff, 0xc4, 0xff, 0xc6, 0xff, 0xbe, 0xff, 0xc2, 0xff, 0xb9, 0xff, 0xbf, 0xff, 0xbb, 0xff, 0xbf, 0xff, 0xbf, 0xff, 0xbc, 0xff, 0xc0, 0xff, 0xbb, 0xfc, 0xc0, 0xff, 0xc4, 0xfa, 0xc5, 0xff, 0xcb, 0xf2, 0xcb, 0xff, 0xb7, 0xcc, 0xb8, 0xff, 0xc3, 0xcf, 0xc6, 0xff, 0xbe, 0xc9, 0xc2, 0xff, 0xb8, 0xcb, 0xba, 0xff, 0xc1, 0xe5, 0xbe, 0xff, 0xc9, 0xfb, 0xc5, 0xff, 0xc0, 0xfd, 0xc0, 0xff, 0xbe, 0xff, 0xbf, 0xff, 0xc0, 0xff, 0xc1, 0xff, 0xc3, 0xff, 0xc3, 0xff, 0xc2, 0xfe, 0xc1, 0xff, 0xc2, 0xfd, 0xc1, 0xff, 0xc1, 0xfd, 0xc0, 0xff, 0xc2, 0xff, 0xc1, 0xff, 0xc1, 0xff, 0xbf, 0xff, 0xc0, 0xff, 0xbf, 0xff, 
  0xc5, 0xc7, 0xc3, 0xff, 0xc6, 0xc6, 0xc3, 0xff, 0xcc, 0xc6, 0xc7, 0xff, 0xbf, 0xc8, 0xbe, 0xff, 0xbf, 0xeb, 0xc6, 0xff, 0xbe, 0xfc, 0xc6, 0xff, 0xbf, 0xfd, 0xc0, 0xff, 0xc2, 0xff, 0xc1, 0xff, 0xc2, 0xfe, 0xc4, 0xff, 0xbf, 0xf8, 0xc0, 0xff, 0xc9, 0xfc, 0xc5, 0xff, 0xcf, 0xfa, 0xca, 0xff, 0xc8, 0xea, 0xc9, 0xff, 0xb5, 0xcc, 0xb7, 0xff, 0xc0, 0xcc, 0xc2, 0xff, 0xc3, 0xca, 0xc3, 0xff, 0xc1, 0xca, 0xbe, 0xff, 0xc0, 0xd4, 0xbe, 0xff, 0xc7, 0xef, 0xcb, 0xff, 0xc7, 0xff, 0xcd, 0xff, 0xb7, 0xfd, 0xbb, 0xff, 0xb8, 0xff, 0xb8, 0xff, 0xc4, 0xff, 0xc0, 0xff, 0xc0, 0xfc, 0xbc, 0xff, 0xc3, 0xfb, 0xc3, 0xff, 0xc3, 0xfc, 0xc5, 0xff, 0xbf, 0xfe, 0xbf, 0xff, 0xc0, 0xff, 0xbf, 0xff, 0xc1, 0xfe, 0xbe, 0xff, 0xc8, 0xfb, 0xc5, 0xff, 0xcb, 0xed, 0xcb, 0xff, 0xbb, 0xcd, 0xbc, 0xff, 0xc2, 0xc8, 0xc4, 0xff, 0xc2, 0xca, 0xc4, 0xff, 0xb3, 0xcd, 0xb5, 0xff, 0xca, 0xf4, 0xcc, 0xff, 0xc3, 0xf9, 0xc4, 0xff, 0xc1, 0xfd, 0xc0, 0xff, 0xc2, 0xfe, 0xc1, 0xff, 0xc3, 0xfe, 0xc1, 0xff, 0xc3, 0xfd, 0xc3, 0xff, 0xc1, 0xfe, 0xc2, 0xff, 0xbf, 0xff, 0xc0, 0xff, 0xbd, 0xff, 0xbf, 0xff, 0xbc, 0xff, 0xbe, 0xff, 0xbe, 0xff, 0xbf, 0xff, 0xc1, 0xfe, 0xc1, 0xff, 0xc2, 0xfe, 0xc2, 0xff, 0xbf, 0xfc, 0xc0, 0xff, 0xc3, 0xfd, 0xc5, 0xff, 0xc1, 0xf6, 0xc6, 0xff, 0xc3, 0xeb, 0xc7, 0xff, 0xb6, 0xc9, 0xb8, 0xff, 0xc3, 0xcb, 0xc1, 0xff, 0xc4, 0xca, 0xbf, 0xff, 0xc7, 0xd9, 0xc2, 0xff, 0xcd, 0xf8, 0xcb, 0xff, 0xc3, 0xff, 0xc5, 0xff, 0xb9, 0xfd, 0xbf, 0xff, 0xbb, 0xfe, 0xc1, 0xff, 0xc6, 0xff, 0xc9, 0xff, 0xc7, 0xfe, 0xc6, 0xff, 0xc0, 0xfc, 0xbb, 0xff, 0xc0, 0xff, 0xbd, 0xff, 0xbf, 0xff, 0xc1, 0xff, 0xbf, 0xff, 0xc1, 0xff, 0xc1, 0xff, 0xbc, 0xff, 0xc3, 0xff, 0xbc, 0xff, 0xc2, 0xff, 0xc0, 0xff, 0xc1, 0xfe, 0xc2, 0xff, 0xbf, 0xfd, 0xc4, 0xff, 0xbf, 0xfd, 0xc4, 0xff, 0xc3, 0xff, 0xc2, 0xff, 0xc4, 0xf7, 0xc1, 0xff, 0xd1, 0xf3, 0xd0, 0xff, 0xba, 0xcf, 0xbc, 0xff, 0xbb, 0xc4, 0xc0, 0xff, 0xc9, 0xce, 0xcc, 0xff, 0xbb, 0xc4, 0xb7, 0xff, 0xd3, 0xea, 0xcd, 0xff, 0xc8, 0xf9, 0xc8, 0xff, 0xc1, 0xfe, 0xc1, 0xff, 0xc1, 0xff, 0xbc, 0xff, 0xbf, 0xff, 0xb9, 0xff, 0xbe, 0xff, 0xbb, 0xff, 0xbe, 0xff, 0xbf, 0xff, 0xbb, 0xff, 0xbf, 0xff, 0xba, 0xfd, 0xbf, 0xff, 0xc1, 0xfc, 0xc3, 0xff, 0xcc, 0xfa, 0xcc, 0xff, 0xbc, 0xd9, 0xbe, 0xff, 0xbd, 0xd0, 0xc0, 0xff, 0xbc, 0xcb, 0xc0, 0xff, 0xb7, 0xca, 0xba, 0xff, 0xbe, 0xdc, 0xbc, 0xff, 0xcc, 0xf6, 0xc9, 0xff, 0xc2, 0xfc, 0xc2, 0xff, 0xbd, 0xfd, 0xbe, 0xff, 0xbe, 0xfd, 0xbf, 0xff, 0xc1, 0xfe, 0xc1, 0xff, 0xc2, 0xfe, 0xc1, 0xff, 0xc1, 0xfd, 0xc0, 0xff, 0xc0, 0xfd, 0xbf, 0xff, 0xc2, 0xff, 0xc1, 0xff, 0xc0, 0xff, 0xbf, 0xff, 0xc0, 0xff, 0xbf, 0xff, 
  0xc5, 0xc7, 0xc4, 0xff, 0xc6, 0xc5, 0xc4, 0xff, 0xcc, 0xc6, 0xc8, 0xff, 0xbf, 0xc8, 0xbe, 0xff, 0xbf, 0xeb, 0xc5, 0xff, 0xbf, 0xfd, 0xc5, 0xff, 0xbf, 0xfe, 0xbf, 0xff, 0xc2, 0xff, 0xc0, 0xff, 0xc2, 0xff, 0xc3, 0xff, 0xbd, 0xf8, 0xbd, 0xff, 0xc7, 0xfe, 0xc3, 0xff, 0xc8, 0xf8, 0xc4, 0xff, 0xcf, 0xf6, 0xcf, 0xff, 0xbf, 0xdd, 0xc1, 0xff, 0xb7, 0xca, 0xb9, 0xff, 0xc3, 0xcc, 0xc2, 0xff, 0xc7, 0xc7, 0xc2, 0xff, 0xbf, 0xc6, 0xbb, 0xff, 0xc0, 0xdf, 0xc3, 0xff, 0xc6, 0xf9, 0xcc, 0xff, 0xbc, 0xff, 0xbf, 0xff, 0xba, 0xff, 0xbb, 0xff, 0xc1, 0xff, 0xbf, 0xff, 0xbe, 0xfb, 0xbb, 0xff, 0xc3, 0xfb, 0xc4, 0xff, 0xc3, 0xfb, 0xc6, 0xff, 0xbf, 0xfd, 0xc1, 0xff, 0xc0, 0xff, 0xc1, 0xff, 0xc1, 0xfe, 0xbe, 0xff, 0xc7, 0xfb, 0xc5, 0xff, 0xca, 0xee, 0xca, 0xff, 0xba, 0xce, 0xbc, 0xff, 0xc3, 0xc7, 0xc5, 0xff, 0xc3, 0xc9, 0xc5, 0xff, 0xb3, 0xcd, 0xb6, 0xff, 0xca, 0xf3, 0xcc, 0xff, 0xc3, 0xf9, 0xc4, 0xff, 0xc1, 0xfd, 0xc0, 0xff, 0xc2, 0xfe, 0xc1, 0xff, 0xc2, 0xfe, 0xc1, 0xff, 0xc2, 0xfd, 0xc3, 0xff, 0xc1, 0xfe, 0xc2, 0xff, 0xbe, 0xff, 0xc0, 0xff, 0xbc, 0xff, 0xbf, 0xff, 0xbb, 0xff, 0xbe, 0xff, 0xbd, 0xff, 0xbf, 0xff, 0xc0, 0xff, 0xc1, 0xff, 0xc1, 0xfe, 0xc1, 0xff, 0xbd, 0xfb, 0xbd, 0xff, 0xc4, 0xfd, 0xc6, 0xff, 0xcb, 0xf7, 0xcf, 0xff, 0xba, 0xd8, 0xbf, 0xff, 0xb9, 0xc8, 0xbd, 0xff, 0xc2, 0xcb, 0xc3, 0xff, 0xbc, 0xcb, 0xba, 0xff, 0xd0, 0xea, 0xcc, 0xff, 0xcc, 0xfa, 0xc9, 0xff, 0xc2, 0xfd, 0xc2, 0xff, 0xbd, 0xfe, 0xc0, 0xff, 0xbf, 0xff, 0xc2, 0xff, 0xc4, 0xff, 0xc6, 0xff, 0xc3, 0xfd, 0xc2, 0xff, 0xbf, 0xfc, 0xbc, 0xff, 0xbf, 0xff, 0xbe, 0xff, 0xbd, 0xff, 0xc2, 0xff, 0xbd, 0xff, 0xc0, 0xff, 0xc0, 0xff, 0xbb, 0xff, 0xc2, 0xff, 0xba, 0xff, 0xc1, 0xff, 0xbf, 0xff, 0xc0, 0xfe, 0xc2, 0xff, 0xbe, 0xfd, 0xc4, 0xff, 0xbf, 0xfd, 0xc5, 0xff, 0xc9, 0xff, 0xc7, 0xff, 0xca, 0xf5, 0xc5, 0xff, 0xcc, 0xe4, 0xc9, 0xff, 0xbe, 0xc8, 0xbe, 0xff, 0xc1, 0xc5, 0xc7, 0xff, 0xc2, 0xc8, 0xc6, 0xff, 0xc0, 0xd1, 0xbc, 0xff, 0xd5, 0xf6, 0xd0, 0xff, 0xc2, 0xf8, 0xc3, 0xff, 0xbe, 0xfe, 0xc0, 0xff, 0xc0, 0xff, 0xbd, 0xff, 0xc0, 0xff, 0xbc, 0xff, 0xbf, 0xff, 0xbd, 0xff, 0xbe, 0xff, 0xbe, 0xff, 0xbb, 0xff, 0xbf, 0xff, 0xbb, 0xff, 0xbf, 0xff, 0xc0, 0xfe, 0xc2, 0xff, 0xc6, 0xfa, 0xc8, 0xff, 0xc6, 0xea, 0xc8, 0xff, 0xb5, 0xcd, 0xb8, 0xff, 0xbb, 0xcb, 0xc0, 0xff, 0xbd, 0xcc, 0xc1, 0xff, 0xbd, 0xd1, 0xbd, 0xff, 0xca, 0xe9, 0xc8, 0xff, 0xc8, 0xfb, 0xc8, 0xff, 0xc0, 0xfd, 0xc1, 0xff, 0xbe, 0xfb, 0xbf, 0xff, 0xc0, 0xfd, 0xc0, 0xff, 0xc1, 0xfe, 0xc1, 0xff, 0xc0, 0xff, 0xc0, 0xff, 0xc0, 0xff, 0xc0, 0xff, 0xc0, 0xff, 0xbf, 0xff, 0xc0, 0xff, 0xbf, 0xff, 0xc0, 0xff, 0xbf, 0xff, 
  0xc6, 0xc6, 0xc5, 0xff, 0xc7, 0xc5, 0xc5, 0xff, 0xcd, 0xc5, 0xc8, 0xff, 0xc0, 0xc8, 0xbe, 0xff, 0xc0, 0xeb, 0xc5, 0xff, 0xbf, 0xfd, 0xc5, 0xff, 0xc0, 0xfe, 0xbf, 0xff, 0xc2, 0xff, 0xbf, 0xff, 0xbd, 0xfc, 0xbe, 0xff, 0xc2, 0xff, 0xc2, 0xff, 0xc4, 0xfe, 0xc0, 0xff, 0xc4, 0xf9, 0xc0, 0xff, 0xc9, 0xf7, 0xc9, 0xff, 0xd0, 0xf5, 0xd1, 0xff, 0xb7, 0xd2, 0xb7, 0xff, 0xbe, 0xcc, 0xbd, 0xff, 0xc8, 0xc6, 0xc2, 0xff, 0xc9, 0xc9, 0xc5, 0xff, 0xba, 0xd0, 0xbd, 0xff, 0xbc, 0xe4, 0xc0, 0xff, 0xc6, 0xff, 0xc9, 0xff, 0xc1, 0xff, 0xc2, 0xff, 0xbb, 0xfb, 0xb9, 0xff, 0xc2, 0xff, 0xc0, 0xff, 0xc1, 0xfb, 0xc4, 0xff, 0xc1, 0xfc, 0xc5, 0xff, 0xbd, 0xfd, 0xc1, 0xff, 0xc0, 0xff, 0xc1, 0xff, 0xc1, 0xfe, 0xbf, 0xff, 0xc8, 0xfb, 0xc5, 0xff, 0xc9, 0xee, 0xca, 0xff, 0xb9, 0xce, 0xbc, 0xff, 0xc3, 0xc7, 0xc5, 0xff, 0xc3, 0xc8, 0xc6, 0xff, 0xb4, 0xcc, 0xb7, 0xff, 0xca, 0xf3, 0xcd, 0xff, 0xc3, 0xf9, 0xc4, 0xff, 0xc0, 0xfd, 0xc0, 0xff, 0xc1, 0xfe, 0xc1, 0xff, 0xc1, 0xfe, 0xc1, 0xff, 0xc1, 0xfd, 0xc3, 0xff, 0xc0, 0xfe, 0xc2, 0xff, 0xbd, 0xff, 0xc0, 0xff, 0xbb, 0xff, 0xbf, 0xff, 0xbb, 0xff, 0xbe, 0xff, 0xbc, 0xff, 0xbf, 0xff, 0xc0, 0xff, 0xc1, 0xff, 0xc1, 0xfe, 0xc1, 0xff, 0xbf, 0xfd, 0xbe, 0xff, 0xc7, 0xfc, 0xc7, 0xff, 0xce, 0xf0, 0xd1, 0xff, 0xb6, 0xca, 0xbb, 0xff, 0xbe, 0xc9, 0xc3, 0xff, 0xbf, 0xcc, 0xc4, 0xff, 0xba, 0xd2, 0xba, 0xff, 0xd1, 0xf5, 0xcf, 0xff, 0xc9, 0xfa, 0xc6, 0xff, 0xc2, 0xfc, 0xbf, 0xff, 0xc1, 0xfe, 0xc1, 0xff, 0xc1, 0xff, 0xc3, 0xff, 0xc1, 0xff, 0xc3, 0xff, 0xbf, 0xfd, 0xc1, 0xff, 0xc0, 0xfe, 0xbf, 0xff, 0xc0, 0xff, 0xc0, 0xff, 0xbd, 0xff, 0xc2, 0xff, 0xbd, 0xff, 0xc0, 0xff, 0xc0, 0xff, 0xba, 0xff, 0xc1, 0xff, 0xba, 0xff, 0xc0, 0xff, 0xbe, 0xff, 0xbf, 0xff, 0xc1, 0xff, 0xbd, 0xfd, 0xc4, 0xff, 0xc0, 0xfc, 0xc5, 0xff, 0xcb, 0xfe, 0xc9, 0xff, 0xd2, 0xf6, 0xcd, 0xff, 0xc0, 0xd0, 0xbc, 0xff, 0xc4, 0xc9, 0xc4, 0xff, 0xc7, 0xca, 0xcc, 0xff, 0xb7, 0xc1, 0xbb, 0xff, 0xcd, 0xe8, 0xca, 0xff, 0xcc, 0xf8, 0xc9, 0xff, 0xc1, 0xfb, 0xc3, 0xff, 0xbe, 0xff, 0xc1, 0xff, 0xc3, 0xff, 0xc2, 0xff, 0xc4, 0xff, 0xc1, 0xff, 0xc2, 0xff, 0xc0, 0xff, 0xc0, 0xff, 0xc0, 0xff, 0xbe, 0xff, 0xc0, 0xff, 0xbd, 0xff, 0xc0, 0xff, 0xc0, 0xff, 0xc2, 0xff, 0xc0, 0xf7, 0xc2, 0xff, 0xcd, 0xf6, 0xcf, 0xff, 0xb6, 0xd2, 0xb9, 0xff, 0xbb, 0xcb, 0xbf, 0xff, 0xc0, 0xca, 0xc3, 0xff, 0xbf, 0xc7, 0xbf, 0xff, 0xc3, 0xd7, 0xc3, 0xff, 0xcc, 0xf8, 0xcc, 0xff, 0xc4, 0xfd, 0xc5, 0xff, 0xc2, 0xfd, 0xc3, 0xff, 0xc0, 0xfd, 0xc1, 0xff, 0xc0, 0xfe, 0xc1, 0xff, 0xc1, 0xff, 0xc1, 0xff, 0xc0, 0xff, 0xc0, 0xff, 0xbe, 0xff, 0xbe, 0xff, 0xbf, 0xff, 0xbf, 0xff, 0xbf, 0xff, 0xbf, 0xff, 
  0xc6, 0xc6, 0xc7, 0xff, 0xc7, 0xc4, 0xc6, 0xff, 0xcd, 0xc5, 0xc9, 0xff, 0xc1, 0xc7, 0xbe, 0xff, 0xc1, 0xeb, 0xc5, 0xff, 0xc0, 0xfd, 0xc4, 0xff, 0xc0, 0xfe, 0xbe, 0xff, 0xc2, 0xff, 0xbf, 0xff, 0xbc, 0xfc, 0xbd, 0xff, 0xc3, 0xff, 0xc3, 0xff, 0xc2, 0xfe, 0xbd, 0xff, 0xc4, 0xfd, 0xbf, 0xff, 0xc4, 0xf8, 0xc4, 0xff, 0xcf, 0xfc, 0xd1, 0xff, 0xc2, 0xe6, 0xc2, 0xff, 0xbd, 0xd3, 0xbb, 0xff, 0xc4, 0xc6, 0xbf, 0xff, 0xcc, 0xcc, 0xc9, 0xff, 0xbc, 0xc9, 0xbe, 0xff, 0xb8, 0xd3, 0xbb, 0xff, 0xc8, 0xf3, 0xca, 0xff, 0xc8, 0xfd, 0xc7, 0xff, 0xbe, 0xf9, 0xbc, 0xff, 0xc1, 0xff, 0xc1, 0xff, 0xbd, 0xfd, 0xc1, 0xff, 0xbd, 0xfe, 0xc3, 0xff, 0xbb, 0xff, 0xbf, 0xff, 0xbf, 0xff, 0xc1, 0xff, 0xc1, 0xfd, 0xc0, 0xff, 0xc8, 0xfa, 0xc7, 0xff, 0xca, 0xed, 0xcb, 0xff, 0xb9, 0xce, 0xbc, 0xff, 0xc3, 0xc6, 0xc6, 0xff, 0xc3, 0xc8, 0xc7, 0xff, 0xb4, 0xcc, 0xb7, 0xff, 0xcb, 0xf3, 0xcd, 0xff, 0xc2, 0xf9, 0xc4, 0xff, 0xbf, 0xfd, 0xc0, 0xff, 0xc0, 0xff, 0xc1, 0xff, 0xc0, 0xfe, 0xc1, 0xff, 0xc1, 0xfd, 0xc3, 0xff, 0xc0, 0xfe, 0xc2, 0xff, 0xbd, 0xff, 0xc0, 0xff, 0xbb, 0xff, 0xbf, 0xff, 0xbb, 0xff, 0xbe, 0xff, 0xbc, 0xff, 0xbf, 0xff, 0xc0, 0xff, 0xc1, 0xff, 0xc2, 0xfe, 0xc1, 0xff, 0xc1, 0xfe, 0xbf, 0xff, 0xc9, 0xf9, 0xc7, 0xff, 0xc6, 0xdf, 0xc8, 0xff, 0xba, 0xc5, 0xbf, 0xff, 0xc0, 0xc8, 0xc7, 0xff, 0xbc, 0xcc, 0xc2, 0xff, 0xc0, 0xe2, 0xc3, 0xff, 0xcc, 0xfa, 0xcc, 0xff, 0xc7, 0xfc, 0xc3, 0xff, 0xc2, 0xfc, 0xbe, 0xff, 0xc3, 0xfe, 0xc1, 0xff, 0xc2, 0xff, 0xc2, 0xff, 0xbe, 0xfe, 0xc0, 0xff, 0xbd, 0xfe, 0xc0, 0xff, 0xc0, 0xff, 0xc2, 0xff, 0xbf, 0xff, 0xc1, 0xff, 0xbe, 0xff, 0xc1, 0xff, 0xbe, 0xff, 0xbf, 0xff, 0xc0, 0xff, 0xbc, 0xff, 0xc1, 0xff, 0xbb, 0xff, 0xc0, 0xff, 0xbd, 0xff, 0xbf, 0xff, 0xc0, 0xff, 0xbe, 0xfe, 0xc3, 0xff, 0xc2, 0xfc, 0xc6, 0xff, 0xca, 0xf8, 0xc9, 0xff, 0xcb, 0xea, 0xc7, 0xff, 0xbf, 0xc9, 0xbb, 0xff, 0xc5, 0xc7, 0xc3, 0xff, 0xc6, 0xcc, 0xc8, 0xff, 0xb8, 0xcb, 0xbb, 0xff, 0xcf, 0xf8, 0xce, 0xff, 0xc3, 0xfb, 0xc3, 0xff, 0xc0, 0xfd, 0xc3, 0xff, 0xc0, 0xff, 0xc4, 0xff, 0xc3, 0xff, 0xc4, 0xff, 0xc5, 0xff, 0xc4, 0xff, 0xc5, 0xfe, 0xc3, 0xff, 0xc4, 0xfd, 0xc2, 0xff, 0xc1, 0xfe, 0xc1, 0xff, 0xc0, 0xff, 0xc0, 0xff, 0xc2, 0xff, 0xc1, 0xff, 0xc0, 0xf8, 0xc0, 0xff, 0xcd, 0xf9, 0xce, 0xff, 0xc4, 0xe2, 0xc5, 0xff, 0xbc, 0xcc, 0xbf, 0xff, 0xc2, 0xc7, 0xc4, 0xff, 0xc7, 0xc4, 0xc6, 0xff, 0xc3, 0xca, 0xc2, 0xff, 0xc9, 0xee, 0xca, 0xff, 0xc6, 0xfa, 0xc7, 0xff, 0xc7, 0xff, 0xc8, 0xff, 0xc1, 0xfc, 0xc2, 0xff, 0xbf, 0xfc, 0xbf, 0xff, 0xc0, 0xff, 0xc1, 0xff, 0xc0, 0xff, 0xc0, 0xff, 0xbd, 0xff, 0xbd, 0xff, 0xbe, 0xff, 0xbe, 0xff, 0xbe, 0xff, 0xbe, 0xff, 
  0xc6, 0xc5, 0xc8, 0xff, 0xc7, 0xc3, 0xc7, 0xff, 0xce, 0xc4, 0xc9, 0xff, 0xc1, 0xc7, 0xbe, 0xff, 0xc1, 0xeb, 0xc4, 0xff, 0xc0, 0xfd, 0xc4, 0xff, 0xc0, 0xfe, 0xbe, 0xff, 0xc2, 0xff, 0xbe, 0xff, 0xc1, 0xff, 0xc1, 0xff, 0xbd, 0xfd, 0xbd, 0xff, 0xbf, 0xfe, 0xbb, 0xff, 0xc2, 0xfe, 0xbe, 0xff, 0xc4, 0xfe, 0xc5, 0xff, 0xc2, 0xf6, 0xc4, 0xff, 0xce, 0xfa, 0xce, 0xff, 0xc0, 0xde, 0xbe, 0xff, 0xc0, 0xcc, 0xbd, 0xff, 0xc5, 0xc9, 0xc3, 0xff, 0xc1, 0xc9, 0xc2, 0xff, 0xbf, 0xcd, 0xc1, 0xff, 0xc4, 0xdf, 0xc4, 0xff, 0xce, 0xf5, 0xcc, 0xff, 0xc9, 0xfd, 0xc7, 0xff, 0xbe, 0xfb, 0xbe, 0xff, 0xba, 0xff, 0xc0, 0xff, 0xb9, 0xff, 0xc0, 0xff, 0xb8, 0xff, 0xbe, 0xff, 0xbe, 0xff, 0xc1, 0xff, 0xc2, 0xfc, 0xc2, 0xff, 0xca, 0xf9, 0xc9, 0xff, 0xca, 0xed, 0xcc, 0xff, 0xba, 0xcd, 0xbc, 0xff, 0xc3, 0xc6, 0xc6, 0xff, 0xc4, 0xc8, 0xc7, 0xff, 0xb5, 0xcb, 0xb8, 0xff, 0xcb, 0xf2, 0xce, 0xff, 0xc2, 0xf9, 0xc4, 0xff, 0xbf, 0xfd, 0xc0, 0xff, 0xc0, 0xff, 0xc1, 0xff, 0xc0, 0xfe, 0xc1, 0xff, 0xc1, 0xfe, 0xc2, 0xff, 0xc0, 0xfe, 0xc2, 0xff, 0xbc, 0xff, 0xc0, 0xff, 0xbb, 0xff, 0xbf, 0xff, 0xbb, 0xff, 0xbe, 0xff, 0xbd, 0xff, 0xbf, 0xff, 0xc0, 0xfe, 0xc1, 0xff, 0xc3, 0xfd, 0xc2, 0xff, 0xc3, 0xfd, 0xc0, 0xff, 0xcb, 0xf7, 0xc9, 0xff, 0xbd, 0xcf, 0xbf, 0xff, 0xc1, 0xc7, 0xc6, 0xff, 0xbe, 0xc7, 0xc6, 0xff, 0xb8, 0xcd, 0xc0, 0xff, 0xc7, 0xf2, 0xcc, 0xff, 0xc5, 0xfc, 0xc7, 0xff, 0xc6, 0xfe, 0xc2, 0xff, 0xc4, 0xfd, 0xbf, 0xff, 0xc4, 0xfe, 0xc1, 0xff, 0xc2, 0xfe, 0xc1, 0xff, 0xbb, 0xfd, 0xbe, 0xff, 0xbc, 0xff, 0xc0, 0xff, 0xc1, 0xff, 0xc4, 0xff, 0xc0, 0xfe, 0xc2, 0xff, 0xbf, 0xff, 0xc1, 0xff, 0xc0, 0xff, 0xbf, 0xff, 0xc1, 0xff, 0xbe, 0xff, 0xc1, 0xff, 0xbd, 0xff, 0xc0, 0xff, 0xbd, 0xff, 0xbf, 0xff, 0xbf, 0xff, 0xbf, 0xff, 0xc1, 0xff, 0xc3, 0xfb, 0xc6, 0xff, 0xcb, 0xf5, 0xcc, 0xff, 0xbe, 0xd8, 0xbd, 0xff, 0xc6, 0xce, 0xc3, 0xff, 0xc0, 0xc4, 0xbe, 0xff, 0xbf, 0xcb, 0xbf, 0xff, 0xc2, 0xdf, 0xc3, 0xff, 0xc8, 0xfd, 0xc9, 0xff, 0xbf, 0xff, 0xc0, 0xff, 0xbf, 0xff, 0xc2, 0xff, 0xbf, 0xfe, 0xc2, 0xff, 0xc0, 0xfc, 0xc2, 0xff, 0xc3, 0xfd, 0xc3, 0xff, 0xc6, 0xfe, 0xc4, 0xff, 0xc6, 0xfe, 0xc3, 0xff, 0xc4, 0xff, 0xc1, 0xff, 0xc2, 0xff, 0xc0, 0xff, 0xc2, 0xff, 0xc0, 0xff, 0xc1, 0xfb, 0xc0, 0xff, 0xc8, 0xf8, 0xc7, 0xff, 0xcf, 0xf2, 0xd0, 0xff, 0xbc, 0xd0, 0xbd, 0xff, 0xc2, 0xc7, 0xc2, 0xff, 0xcc, 0xc5, 0xcc, 0xff, 0xc5, 0xc6, 0xc4, 0xff, 0xc4, 0xe2, 0xc4, 0xff, 0xc6, 0xf5, 0xc7, 0xff, 0xc9, 0xfd, 0xca, 0xff, 0xc1, 0xfa, 0xc2, 0xff, 0xbd, 0xfa, 0xbe, 0xff, 0xbe, 0xfe, 0xbf, 0xff, 0xc0, 0xff, 0xc0, 0xff, 0xbd, 0xff, 0xbc, 0xff, 0xbe, 0xff, 0xbe, 0xff, 0xbe, 0xff, 0xbe, 0xff, 
  0xc6, 0xc5, 0xc8, 0xff, 0xc7, 0xc3, 0xc7, 0xff, 0xce, 0xc4, 0xca, 0xff, 0xc1, 0xc7, 0xbe, 0xff, 0xc1, 0xeb, 0xc4, 0xff, 0xc0, 0xfd, 0xc4, 0xff, 0xc1, 0xfe, 0xbe, 0xff, 0xc3, 0xff, 0xbe, 0xff, 0xbf, 0xff, 0xbf, 0xff, 0xbf, 0xff, 0xbf, 0xff, 0xc0, 0xff, 0xbd, 0xff, 0xc1, 0xff, 0xbd, 0xff, 0xc1, 0xfe, 0xc1, 0xff, 0xc3, 0xfc, 0xc4, 0xff, 0xc8, 0xfa, 0xc7, 0xff, 0xce, 0xf6, 0xcc, 0xff, 0xba, 0xd4, 0xb8, 0xff, 0xc3, 0xd1, 0xc2, 0xff, 0xc1, 0xc5, 0xc2, 0xff, 0xc3, 0xc6, 0xc4, 0xff, 0xc3, 0xcc, 0xc1, 0xff, 0xd0, 0xe6, 0xcd, 0xff, 0xcb, 0xf5, 0xc8, 0xff, 0xc3, 0xfe, 0xc4, 0xff, 0xb7, 0xff, 0xbd, 0xff, 0xb8, 0xff, 0xc1, 0xff, 0xb7, 0xff, 0xbe, 0xff, 0xba, 0xfe, 0xbe, 0xff, 0xc4, 0xfb, 0xc3, 0xff, 0xcd, 0xf8, 0xcc, 0xff, 0xca, 0xea, 0xcb, 0xff, 0xb8, 0xcb, 0xbb, 0xff, 0xc4, 0xc6, 0xc7, 0xff, 0xc4, 0xc7, 0xc7, 0xff, 0xb5, 0xcb, 0xb8, 0xff, 0xcb, 0xf2, 0xce, 0xff, 0xc2, 0xf9, 0xc4, 0xff, 0xbf, 0xfd, 0xc0, 0xff, 0xc0, 0xff, 0xc1, 0xff, 0xc0, 0xfe, 0xc1, 0xff, 0xc1, 0xfe, 0xc2, 0xff, 0xc2, 0xff, 0xc3, 0xff, 0xbb, 0xff, 0xbf, 0xff, 0xb8, 0xfe, 0xbc, 0xff, 0xbe, 0xff, 0xc2, 0xff, 0xc1, 0xff, 0xc4, 0xff, 0xc1, 0xfe, 0xc2, 0xff, 0xc2, 0xfa, 0xc1, 0xff, 0xc8, 0xfd, 0xc5, 0xff, 0xc4, 0xe9, 0xc1, 0xff, 0xbc, 0xc7, 0xbd, 0xff, 0xc7, 0xca, 0xcb, 0xff, 0xbc, 0xc7, 0xc3, 0xff, 0xc0, 0xdc, 0xc9, 0xff, 0xc6, 0xf9, 0xcd, 0xff, 0xc1, 0xff, 0xc4, 0xff, 0xc3, 0xfe, 0xc0, 0xff, 0xc5, 0xfe, 0xc0, 0xff, 0xc5, 0xfd, 0xc1, 0xff, 0xc2, 0xfe, 0xc1, 0xff, 0xbc, 0xff, 0xbf, 0xff, 0xbb, 0xff, 0xbf, 0xff, 0xbe, 0xfe, 0xc2, 0xff, 0xc0, 0xfe, 0xc2, 0xff, 0xc0, 0xfe, 0xbf, 0xff, 0xc3, 0xff, 0xc1, 0xff, 0xc2, 0xfe, 0xc1, 0xff, 0xbf, 0xfc, 0xbf, 0xff, 0xbc, 0xfd, 0xbb, 0xff, 0xc5, 0xff, 0xc3, 0xff, 0xb9, 0xf8, 0xb8, 0xff, 0xc7, 0xfd, 0xc8, 0xff, 0xcd, 0xf1, 0xd0, 0xff, 0xb2, 0xc7, 0xb4, 0xff, 0xc4, 0xcd, 0xc4, 0xff, 0xc5, 0xce, 0xc3, 0xff, 0xb4, 0xcb, 0xb2, 0xff, 0xcc, 0xf4, 0xcb, 0xff, 0xbe, 0xfc, 0xc0, 0xff, 0xba, 0xff, 0xbe, 0xff, 0xbc, 0xff, 0xbf, 0xff, 0xbe, 0xff, 0xc1, 0xff, 0xc0, 0xfe, 0xc2, 0xff, 0xc1, 0xfe, 0xc2, 0xff, 0xc3, 0xfe, 0xc1, 0xff, 0xc3, 0xfe, 0xc0, 0xff, 0xc2, 0xff, 0xbe, 0xff, 0xc1, 0xff, 0xbd, 0xff, 0xbc, 0xfd, 0xb9, 0xff, 0xc3, 0xff, 0xc1, 0xff, 0xbf, 0xf7, 0xbf, 0xff, 0xcd, 0xf9, 0xcd, 0xff, 0xc5, 0xe0, 0xc5, 0xff, 0xc2, 0xcd, 0xc1, 0xff, 0xcb, 0xc6, 0xca, 0xff, 0xc6, 0xc6, 0xc6, 0xff, 0xbb, 0xd3, 0xba, 0xff, 0xcc, 0xf5, 0xcc, 0xff, 0xc7, 0xf6, 0xc8, 0xff, 0xc7, 0xfd, 0xc8, 0xff, 0xbf, 0xfa, 0xbf, 0xff, 0xbe, 0xfe, 0xbf, 0xff, 0xbd, 0xff, 0xbe, 0xff, 0xbc, 0xff, 0xbc, 0xff, 0xbe, 0xff, 0xbd, 0xff, 0xbe, 0xff, 0xbe, 0xff, 
  0xc5, 0xc5, 0xc9, 0xff, 0xc6, 0xc3, 0xc8, 0xff, 0xcd, 0xc4, 0xca, 0xff, 0xc1, 0xc7, 0xbe, 0xff, 0xc1, 0xeb, 0xc4, 0xff, 0xc1, 0xfd, 0xc3, 0xff, 0xc2, 0xfe, 0xbe, 0xff, 0xc3, 0xff, 0xbf, 0xff, 0xbf, 0xff, 0xc0, 0xff, 0xbe, 0xff, 0xc0, 0xff, 0xbf, 0xff, 0xbd, 0xff, 0xbf, 0xff, 0xbd, 0xff, 0xbf, 0xff, 0xc0, 0xff, 0xc1, 0xfe, 0xc2, 0xff, 0xc5, 0xfc, 0xc4, 0xff, 0xca, 0xf9, 0xc8, 0xff, 0xc5, 0xec, 0xc5, 0xff, 0xb5, 0xce, 0xb6, 0xff, 0xc4, 0xcb, 0xc6, 0xff, 0xc4, 0xc2, 0xc5, 0xff, 0xc8, 0xc6, 0xc5, 0xff, 0xc6, 0xd0, 0xc2, 0xff, 0xd4, 0xf4, 0xd1, 0xff, 0xc6, 0xfb, 0xc6, 0xff, 0xb9, 0xff, 0xc0, 0xff, 0xb5, 0xff, 0xbf, 0xff, 0xb4, 0xff, 0xbb, 0xff, 0xba, 0xff, 0xbf, 0xff, 0xc5, 0xfc, 0xc5, 0xff, 0xcd, 0xf7, 0xcc, 0xff, 0xcb, 0xe9, 0xcc, 0xff, 0xbd, 0xcd, 0xbf, 0xff, 0xc5, 0xc6, 0xc7, 0xff, 0xc5, 0xc7, 0xc7, 0xff, 0xb5, 0xcb, 0xb8, 0xff, 0xcb, 0xf2, 0xce, 0xff, 0xc2, 0xf9, 0xc4, 0xff, 0xbf, 0xfd, 0xc0, 0xff, 0xc0, 0xff, 0xc1, 0xff, 0xc0, 0xfe, 0xc1, 0xff, 0xc1, 0xfe, 0xc2, 0xff, 0xc1, 0xff, 0xc2, 0xff, 0xbc, 0xff, 0xbf, 0xff, 0xbb, 0xff, 0xbe, 0xff, 0xbf, 0xff, 0xc1, 0xff, 0xc1, 0xff, 0xc3, 0xff, 0xc1, 0xfc, 0xc2, 0xff, 0xc4, 0xf9, 0xc3, 0xff, 0xcc, 0xfa, 0xc9, 0xff, 0xbb, 0xda, 0xb9, 0xff, 0xc1, 0xca, 0xc2, 0xff, 0xc4, 0xc8, 0xc9, 0xff, 0xbb, 0xcc, 0xc2, 0xff, 0xc5, 0xe8, 0xce, 0xff, 0xc3, 0xfc, 0xc9, 0xff, 0xbd, 0xfe, 0xbf, 0xff, 0xc2, 0xff, 0xbf, 0xff, 0xc4, 0xfe, 0xc0, 0xff, 0xc4, 0xfd, 0xc1, 0xff, 0xc1, 0xfe, 0xc1, 0xff, 0xbc, 0xff, 0xbf, 0xff, 0xbb, 0xff, 0xbf, 0xff, 0xbe, 0xff, 0xc1, 0xff, 0xc1, 0xfe, 0xc2, 0xff, 0xc3, 0xfe, 0xc0, 0xff, 0xc3, 0xfe, 0xc1, 0xff, 0xc0, 0xfc, 0xc3, 0xff, 0xbf, 0xfc, 0xc2, 0xff, 0xbe, 0xff, 0xbe, 0xff, 0xc0, 0xff, 0xbe, 0xff, 0xbf, 0xfb, 0xbb, 0xff, 0xca, 0xfa, 0xc9, 0xff, 0xc3, 0xe1, 0xc8, 0xff, 0xb8, 0xc9, 0xbe, 0xff, 0xc2, 0xcb, 0xc4, 0xff, 0xbe, 0xcc, 0xbd, 0xff, 0xbb, 0xd9, 0xb8, 0xff, 0xcc, 0xfb, 0xca, 0xff, 0xbe, 0xfd, 0xc1, 0xff, 0xbb, 0xff, 0xc0, 0xff, 0xbb, 0xff, 0xbe, 0xff, 0xbd, 0xff, 0xbf, 0xff, 0xbd, 0xfe, 0xc0, 0xff, 0xbf, 0xfd, 0xc0, 0xff, 0xc0, 0xfd, 0xc0, 0xff, 0xc1, 0xfe, 0xbe, 0xff, 0xc1, 0xff, 0xbd, 0xff, 0xc0, 0xff, 0xbc, 0xff, 0xc0, 0xff, 0xbe, 0xff, 0xbe, 0xff, 0xbd, 0xff, 0xbe, 0xfb, 0xbe, 0xff, 0xc5, 0xf8, 0xc4, 0xff, 0xc6, 0xe9, 0xc4, 0xff, 0xbc, 0xcf, 0xbb, 0xff, 0xc2, 0xc3, 0xc2, 0xff, 0xc3, 0xc4, 0xc3, 0xff, 0xbc, 0xd0, 0xbc, 0xff, 0xc5, 0xe6, 0xc4, 0xff, 0xce, 0xf7, 0xce, 0xff, 0xc7, 0xf8, 0xc7, 0xff, 0xc2, 0xfc, 0xc3, 0xff, 0xbe, 0xfe, 0xbf, 0xff, 0xbc, 0xff, 0xbd, 0xff, 0xbd, 0xff, 0xbd, 0xff, 0xbe, 0xff, 0xbe, 0xff, 0xbe, 0xff, 0xbe, 0xff, 
  0xc3, 0xc5, 0xc9, 0xff, 0xc5, 0xc3, 0xc8, 0xff, 0xcc, 0xc4, 0xca, 0xff, 0xc1, 0xc8, 0xbe, 0xff, 0xc2, 0xec, 0xc4, 0xff, 0xc2, 0xfd, 0xc3, 0xff, 0xc3, 0xfe, 0xbe, 0xff, 0xc4, 0xff, 0xbf, 0xff, 0xc0, 0xff, 0xc1, 0xff, 0xbe, 0xff, 0xc1, 0xff, 0xbf, 0xff, 0xbe, 0xff, 0xbf, 0xff, 0xbd, 0xff, 0xbe, 0xff, 0xc0, 0xff, 0xbf, 0xff, 0xc1, 0xff, 0xc3, 0xfe, 0xc2, 0xff, 0xc5, 0xfc, 0xc4, 0xff, 0xc9, 0xfc, 0xca, 0xff, 0xb8, 0xde, 0xbb, 0xff, 0xbc, 0xca, 0xbf, 0xff, 0xc8, 0xc7, 0xc9, 0xff, 0xc4, 0xbe, 0xc2, 0xff, 0xc6, 0xc8, 0xc2, 0xff, 0xcb, 0xe1, 0xc7, 0xff, 0xcb, 0xf6, 0xcb, 0xff, 0xbf, 0xfe, 0xc5, 0xff, 0xb7, 0xff, 0xbf, 0xff, 0xb2, 0xfe, 0xba, 0xff, 0xba, 0xff, 0xbf, 0xff, 0xc5, 0xfd, 0xc5, 0xff, 0xcc, 0xf6, 0xca, 0xff, 0xcb, 0xe8, 0xcc, 0xff, 0xc0, 0xce, 0xc2, 0xff, 0xc5, 0xc5, 0xc7, 0xff, 0xc5, 0xc7, 0xc7, 0xff, 0xb5, 0xcb, 0xb8, 0xff, 0xcb, 0xf2, 0xce, 0xff, 0xc2, 0xf9, 0xc4, 0xff, 0xbf, 0xfd, 0xc0, 0xff, 0xc0, 0xff, 0xc1, 0xff, 0xc0, 0xfe, 0xc1, 0xff, 0xc0, 0xfd, 0xc1, 0xff, 0xbf, 0xfd, 0xc1, 0xff, 0xbe, 0xff, 0xc1, 0xff, 0xbe, 0xff, 0xc0, 0xff, 0xbf, 0xff, 0xc1, 0xff, 0xc1, 0xfe, 0xc1, 0xff, 0xc3, 0xfb, 0xc3, 0xff, 0xc8, 0xf8, 0xc7, 0xff, 0xcc, 0xf1, 0xca, 0xff, 0xb3, 0xcb, 0xb2, 0xff, 0xc5, 0xce, 0xc7, 0xff, 0xbf, 0xc8, 0xc4, 0xff, 0xbc, 0xd4, 0xc3, 0xff, 0xcc, 0xf5, 0xd3, 0xff, 0xc1, 0xfe, 0xc5, 0xff, 0xbb, 0xff, 0xbc, 0xff, 0xc1, 0xff, 0xbf, 0xff, 0xc3, 0xfe, 0xc0, 0xff, 0xc3, 0xfd, 0xc2, 0xff, 0xc0, 0xfe, 0xc2, 0xff, 0xbb, 0xff, 0xbf, 0xff, 0xbb, 0xff, 0xbf, 0xff, 0xbf, 0xff, 0xc0, 0xff, 0xc2, 0xfe, 0xc1, 0xff, 0xc6, 0xff, 0xc1, 0xff, 0xc3, 0xfc, 0xc1, 0xff, 0xc0, 0xfb, 0xc5, 0xff, 0xbf, 0xfd, 0xc5, 0xff, 0xbf, 0xff, 0xc0, 0xff, 0xbd, 0xfc, 0xba, 0xff, 0xc7, 0xfd, 0xc1, 0xff, 0xca, 0xf3, 0xc7, 0xff, 0xb8, 0xcf, 0xbe, 0xff, 0xbe, 0xcb, 0xc6, 0xff, 0xbf, 0xca, 0xc4, 0xff, 0xb8, 0xca, 0xb9, 0xff, 0xc6, 0xe9, 0xc1, 0xff, 0xcb, 0xfc, 0xc8, 0xff, 0xbf, 0xfb, 0xc2, 0xff, 0xbb, 0xfc, 0xc0, 0xff, 0xc0, 0xff, 0xc1, 0xff, 0xc0, 0xff, 0xc1, 0xff, 0xbf, 0xff, 0xc3, 0xff, 0xc0, 0xff, 0xc3, 0xff, 0xc1, 0xff, 0xc2, 0xff, 0xc2, 0xff, 0xc1, 0xff, 0xc3, 0xff, 0xc0, 0xff, 0xc3, 0xff, 0xc0, 0xff, 0xc2, 0xff, 0xc1, 0xff, 0xbb, 0xfd, 0xbc, 0xff, 0xc1, 0xff, 0xc1, 0xff, 0xc3, 0xfd, 0xc2, 0xff, 0xce, 0xfb, 0xcc, 0xff, 0xbf, 0xdd, 0xbe, 0xff, 0xbd, 0xc8, 0xbe, 0xff, 0xc4, 0xcb, 0xc6, 0xff, 0xbe, 0xce, 0xbd, 0xff, 0xbd, 0xd6, 0xbb, 0xff, 0xd2, 0xf4, 0xd2, 0xff, 0xc9, 0xf5, 0xc9, 0xff, 0xc5, 0xfc, 0xc6, 0xff, 0xbf, 0xfd, 0xc0, 0xff, 0xbb, 0xfe, 0xbd, 0xff, 0xbd, 0xff, 0xbe, 0xff, 0xbe, 0xff, 0xbe, 0xff, 0xbe, 0xff, 0xbf, 0xff, 
  0xc2, 0xc5, 0xc9, 0xff, 0xc4, 0xc4, 0xc8, 0xff, 0xcb, 0xc5, 0xc9, 0xff, 0xc0, 0xc8, 0xbe, 0xff, 0xc2, 0xec, 0xc3, 0xff, 0xc2, 0xfd, 0xc3, 0xff, 0xc3, 0xfe, 0xbe, 0xff, 0xc4, 0xff, 0xbf, 0xff, 0xc0, 0xfe, 0xc2, 0xff, 0xbf, 0xfe, 0xc2, 0xff, 0xbf, 0xff, 0xbf, 0xff, 0xbf, 0xff, 0xbe, 0xff, 0xbd, 0xff, 0xbf, 0xff, 0xbe, 0xff, 0xc0, 0xff, 0xc1, 0xff, 0xc0, 0xff, 0xc3, 0xfe, 0xc1, 0xff, 0xc2, 0xfb, 0xc3, 0xff, 0xc6, 0xf4, 0xc9, 0xff, 0xbb, 0xd2, 0xbf, 0xff, 0xc3, 0xca, 0xc5, 0xff, 0xc6, 0xc3, 0xc4, 0xff, 0xc8, 0xc7, 0xc3, 0xff, 0xbf, 0xcc, 0xba, 0xff, 0xcb, 0xe9, 0xc9, 0xff, 0xc4, 0xf8, 0xc9, 0xff, 0xbd, 0xff, 0xc5, 0xff, 0xb6, 0xff, 0xbd, 0xff, 0xba, 0xff, 0xbf, 0xff, 0xc3, 0xfe, 0xc3, 0xff, 0xcb, 0xf8, 0xca, 0xff, 0xcd, 0xe8, 0xcd, 0xff, 0xc0, 0xcd, 0xc1, 0xff, 0xc6, 0xc5, 0xc7, 0xff, 0xc5, 0xc8, 0xc7, 0xff, 0xb5, 0xcb, 0xb7, 0xff, 0xcb, 0xf3, 0xcd, 0xff, 0xc2, 0xf9, 0xc4, 0xff, 0xbf, 0xfd, 0xc0, 0xff, 0xc0, 0xff, 0xc0, 0xff, 0xc1, 0xfe, 0xc1, 0xff, 0xc1, 0xfd, 0xc2, 0xff, 0xbf, 0xfb, 0xc1, 0xff, 0xbf, 0xfe, 0xc1, 0xff, 0xc0, 0xff, 0xc2, 0xff, 0xbf, 0xfd, 0xc0, 0xff, 0xc0, 0xfb, 0xc0, 0xff, 0xc6, 0xfb, 0xc5, 0xff, 0xcc, 0xf7, 0xcb, 0xff, 0xc5, 0xe0, 0xc2, 0xff, 0xb6, 0xc6, 0xb4, 0xff, 0xc3, 0xce, 0xc5, 0xff, 0xba, 0xca, 0xbf, 0xff, 0xc3, 0xe2, 0xc8, 0xff, 0xcc, 0xfb, 0xd0, 0xff, 0xbf, 0xfe, 0xc1, 0xff, 0xbb, 0xff, 0xbb, 0xff, 0xc1, 0xff, 0xbf, 0xff, 0xc3, 0xfe, 0xc0, 0xff, 0xc1, 0xfd, 0xc3, 0xff, 0xbf, 0xfe, 0xc2, 0xff, 0xbb, 0xff, 0xbf, 0xff, 0xbb, 0xff, 0xbf, 0xff, 0xc0, 0xff, 0xc0, 0xff, 0xc4, 0xfe, 0xc0, 0xff, 0xc7, 0xfe, 0xc2, 0xff, 0xc5, 0xfd, 0xc3, 0xff, 0xbe, 0xfb, 0xc5, 0xff, 0xbc, 0xfc, 0xc4, 0xff, 0xc0, 0xff, 0xc1, 0xff, 0xbe, 0xfb, 0xbc, 0xff, 0xce, 0xfd, 0xc8, 0xff, 0xc5, 0xe5, 0xc2, 0xff, 0xb8, 0xc6, 0xbd, 0xff, 0xc1, 0xc9, 0xc9, 0xff, 0xbe, 0xca, 0xc4, 0xff, 0xbc, 0xd1, 0xbe, 0xff, 0xcf, 0xf3, 0xcb, 0xff, 0xcc, 0xfa, 0xc9, 0xff, 0xc7, 0xfa, 0xcb, 0xff, 0xc3, 0xf9, 0xc7, 0xff, 0xc5, 0xfc, 0xc4, 0xff, 0xc4, 0xfd, 0xc3, 0xff, 0xc1, 0xfc, 0xc5, 0xff, 0xc0, 0xfc, 0xc5, 0xff, 0xc0, 0xfd, 0xc3, 0xff, 0xc2, 0xfd, 0xc2, 0xff, 0xc4, 0xfd, 0xc2, 0xff, 0xc5, 0xfd, 0xc2, 0xff, 0xbf, 0xf8, 0xc0, 0xff, 0xbc, 0xf7, 0xbe, 0xff, 0xc2, 0xff, 0xc3, 0xff, 0xc2, 0xfb, 0xc1, 0xff, 0xce, 0xfd, 0xcc, 0xff, 0xc5, 0xe6, 0xc3, 0xff, 0xb8, 0xc8, 0xbb, 0xff, 0xc0, 0xc8, 0xc3, 0xff, 0xc0, 0xcb, 0xbf, 0xff, 0xbb, 0xcd, 0xb9, 0xff, 0xcc, 0xe9, 0xcc, 0xff, 0xcd, 0xf5, 0xce, 0xff, 0xc7, 0xfb, 0xc8, 0xff, 0xbf, 0xfd, 0xc1, 0xff, 0xbd, 0xff, 0xbe, 0xff, 0xbd, 0xff, 0xbe, 0xff, 0xbe, 0xff, 0xbf, 0xff, 0xbe, 0xff, 0xbf, 0xff, 
  0xc1, 0xc5, 0xc9, 0xff, 0xc3, 0xc4, 0xc7, 0xff, 0xca, 0xc5, 0xc9, 0xff, 0xbf, 0xc8, 0xbd, 0xff, 0xc2, 0xec, 0xc3, 0xff, 0xc2, 0xfd, 0xc3, 0xff, 0xc3, 0xfe, 0xbe, 0xff, 0xc5, 0xff, 0xc0, 0xff, 0xc1, 0xfd, 0xc3, 0xff, 0xbf, 0xfd, 0xc3, 0xff, 0xc0, 0xff, 0xbf, 0xff, 0xbf, 0xff, 0xbe, 0xff, 0xbd, 0xff, 0xc0, 0xff, 0xbe, 0xff, 0xc0, 0xff, 0xc1, 0xff, 0xc0, 0xff, 0xc3, 0xfe, 0xc1, 0xff, 0xc0, 0xfb, 0xc1, 0xff, 0xc7, 0xfa, 0xca, 0xff, 0xc6, 0xe9, 0xca, 0xff, 0xb6, 0xcc, 0xb9, 0xff, 0xc6, 0xcf, 0xc5, 0xff, 0xc1, 0xc5, 0xbd, 0xff, 0xc3, 0xc9, 0xbd, 0xff, 0xc3, 0xd4, 0xc0, 0xff, 0xc9, 0xeb, 0xcc, 0xff, 0xc7, 0xfa, 0xcd, 0xff, 0xbc, 0xff, 0xc3, 0xff, 0xb9, 0xff, 0xbd, 0xff, 0xbf, 0xfe, 0xbf, 0xff, 0xcb, 0xfb, 0xca, 0xff, 0xcf, 0xea, 0xcf, 0xff, 0xbf, 0xc9, 0xbf, 0xff, 0xc6, 0xc5, 0xc7, 0xff, 0xc5, 0xc8, 0xc6, 0xff, 0xb5, 0xcc, 0xb7, 0xff, 0xcb, 0xf3, 0xcc, 0xff, 0xc2, 0xf9, 0xc3, 0xff, 0xbf, 0xfe, 0xbf, 0xff, 0xc1, 0xff, 0xc0, 0xff, 0xc1, 0xfe, 0xc0, 0xff, 0xc3, 0xfe, 0xc3, 0xff, 0xc0, 0xfb, 0xc1, 0xff, 0xc0, 0xfe, 0xc2, 0xff, 0xc1, 0xff, 0xc3, 0xff, 0xbf, 0xfa, 0xbf, 0xff, 0xc3, 0xfb, 0xc3, 0xff, 0xc9, 0xfb, 0xc7, 0xff, 0xcc, 0xf2, 0xca, 0xff, 0xbd, 0xcf, 0xbb, 0xff, 0xc1, 0xca, 0xc0, 0xff, 0xbd, 0xcb, 0xc0, 0xff, 0xba, 0xd2, 0xbe, 0xff, 0xca, 0xf2, 0xce, 0xff, 0xc5, 0xfa, 0xc7, 0xff, 0xbf, 0xfe, 0xbe, 0xff, 0xbf, 0xff, 0xbd, 0xff, 0xc2, 0xff, 0xbf, 0xff, 0xc2, 0xfe, 0xc1, 0xff, 0xc0, 0xfd, 0xc3, 0xff, 0xbe, 0xfe, 0xc3, 0xff, 0xbb, 0xff, 0xc0, 0xff, 0xbd, 0xff, 0xbf, 0xff, 0xc2, 0xff, 0xbf, 0xff, 0xc5, 0xfe, 0xc0, 0xff, 0xc6, 0xfc, 0xc1, 0xff, 0xc6, 0xfe, 0xc4, 0xff, 0xbe, 0xfe, 0xc3, 0xff, 0xb8, 0xfc, 0xbf, 0xff, 0xbf, 0xff, 0xc2, 0xff, 0xc3, 0xfc, 0xc2, 0xff, 0xd2, 0xf7, 0xcc, 0xff, 0xc0, 0xd5, 0xbc, 0xff, 0xc2, 0xc7, 0xc5, 0xff, 0xc3, 0xc5, 0xca, 0xff, 0xc0, 0xcb, 0xc6, 0xff, 0xc5, 0xda, 0xc7, 0xff, 0xd1, 0xf1, 0xce, 0xff, 0xcc, 0xf1, 0xc9, 0xff, 0xd2, 0xf5, 0xd4, 0xff, 0xce, 0xf1, 0xcf, 0xff, 0xd0, 0xf6, 0xcc, 0xff, 0xcd, 0xf7, 0xca, 0xff, 0xc9, 0xf7, 0xcc, 0xff, 0xc7, 0xf7, 0xcc, 0xff, 0xc6, 0xf8, 0xcb, 0xff, 0xc8, 0xf8, 0xca, 0xff, 0xcc, 0xf8, 0xca, 0xff, 0xcd, 0xf7, 0xcb, 0xff, 0xcb, 0xf3, 0xcc, 0xff, 0xcd, 0xf8, 0xcf, 0xff, 0xcb, 0xfb, 0xcb, 0xff, 0xc9, 0xf9, 0xc8, 0xff, 0xce, 0xf8, 0xcc, 0xff, 0xd1, 0xf0, 0xd0, 0xff, 0xc0, 0xcf, 0xc4, 0xff, 0xc6, 0xcc, 0xca, 0xff, 0xc2, 0xc7, 0xc1, 0xff, 0xc1, 0xcc, 0xbf, 0xff, 0xc1, 0xd9, 0xc0, 0xff, 0xd0, 0xf5, 0xd0, 0xff, 0xc7, 0xfa, 0xc8, 0xff, 0xbf, 0xfb, 0xc1, 0xff, 0xbf, 0xff, 0xc0, 0xff, 0xbc, 0xff, 0xbd, 0xff, 0xbe, 0xff, 0xbf, 0xff, 0xbe, 0xff, 0xbf, 0xff, 
  0xc0, 0xc6, 0xc9, 0xff, 0xc2, 0xc4, 0xc7, 0xff, 0xc9, 0xc6, 0xc9, 0xff, 0xbf, 0xc8, 0xbd, 0xff, 0xc1, 0xec, 0xc3, 0xff, 0xc2, 0xfd, 0xc3, 0xff, 0xc3, 0xfd, 0xbf, 0xff, 0xc5, 0xff, 0xc1, 0xff, 0xc1, 0xfc, 0xc4, 0xff, 0xc0, 0xfd, 0xc4, 0xff, 0xc0, 0xff, 0xc0, 0xff, 0xbf, 0xff, 0xbf, 0xff, 0xbe, 0xff, 0xc0, 0xff, 0xbe, 0xff, 0xc0, 0xff, 0xc2, 0xff, 0xbf, 0xff, 0xc3, 0xfe, 0xc0, 0xff, 0xc4, 0xfe, 0xc4, 0xff, 0xc1, 0xf7, 0xc4, 0xff, 0xc6, 0xf5, 0xcb, 0xff, 0xbd, 0xe1, 0xc2, 0xff, 0xb7, 0xcd, 0xb7, 0xff, 0xc0, 0xca, 0xbc, 0xff, 0xcd, 0xce, 0xc7, 0xff, 0xc1, 0xc5, 0xbc, 0xff, 0xc9, 0xdb, 0xca, 0xff, 0xcc, 0xf1, 0xd0, 0xff, 0xc0, 0xfe, 0xc6, 0xff, 0xb9, 0xff, 0xbd, 0xff, 0xbb, 0xff, 0xbc, 0xff, 0xc9, 0xfd, 0xc7, 0xff, 0xcf, 0xea, 0xcf, 0xff, 0xbf, 0xc8, 0xbf, 0xff, 0xc6, 0xc5, 0xc7, 0xff, 0xc5, 0xc8, 0xc5, 0xff, 0xb5, 0xcc, 0xb6, 0xff, 0xcb, 0xf3, 0xcc, 0xff, 0xc2, 0xfa, 0xc3, 0xff, 0xbf, 0xfe, 0xbf, 0xff, 0xc1, 0xff, 0xbf, 0xff, 0xc2, 0xff, 0xc0, 0xff, 0xc4, 0xfe, 0xc3, 0xff, 0xc0, 0xfb, 0xc1, 0xff, 0xc1, 0xfe, 0xc2, 0xff, 0xc1, 0xfe, 0xc2, 0xff, 0xbf, 0xf9, 0xbf, 0xff, 0xc6, 0xfb, 0xc5, 0xff, 0xc9, 0xfa, 0xc7, 0xff, 0xc6, 0xe8, 0xc3, 0xff, 0xbc, 0xc6, 0xb9, 0xff, 0xca, 0xce, 0xc9, 0xff, 0xba, 0xca, 0xbc, 0xff, 0xbf, 0xde, 0xc2, 0xff, 0xcc, 0xfc, 0xcf, 0xff, 0xbf, 0xfa, 0xc0, 0xff, 0xbf, 0xff, 0xbc, 0xff, 0xc2, 0xff, 0xbe, 0xff, 0xc2, 0xff, 0xbf, 0xff, 0xc1, 0xfe, 0xc1, 0xff, 0xbf, 0xfd, 0xc4, 0xff, 0xbd, 0xfe, 0xc3, 0xff, 0xbb, 0xff, 0xc1, 0xff, 0xbe, 0xff, 0xbf, 0xff, 0xc3, 0xff, 0xbf, 0xff, 0xc6, 0xfe, 0xc0, 0xff, 0xc7, 0xfb, 0xc2, 0xff, 0xc6, 0xff, 0xc5, 0xff, 0xbc, 0xff, 0xc1, 0xff, 0xb6, 0xfd, 0xbd, 0xff, 0xbd, 0xff, 0xc0, 0xff, 0xc7, 0xfc, 0xc6, 0xff, 0xcd, 0xea, 0xc8, 0xff, 0xbf, 0xc9, 0xbb, 0xff, 0xca, 0xc8, 0xcd, 0xff, 0xc4, 0xc1, 0xc9, 0xff, 0xbf, 0xc8, 0xc4, 0xff, 0xc2, 0xd6, 0xc6, 0xff, 0xc4, 0xe0, 0xc3, 0xff, 0xbf, 0xdb, 0xbd, 0xff, 0xc9, 0xdc, 0xc8, 0xff, 0xc9, 0xda, 0xc6, 0xff, 0xc6, 0xda, 0xc0, 0xff, 0xc3, 0xdb, 0xbe, 0xff, 0xbd, 0xdb, 0xc0, 0xff, 0xba, 0xdc, 0xc0, 0xff, 0xb9, 0xde, 0xbe, 0xff, 0xba, 0xde, 0xbd, 0xff, 0xbf, 0xdc, 0xbe, 0xff, 0xc2, 0xdb, 0xc0, 0xff, 0xc1, 0xd8, 0xc3, 0xff, 0xc6, 0xdf, 0xc8, 0xff, 0xbc, 0xdc, 0xbc, 0xff, 0xbb, 0xde, 0xba, 0xff, 0xbc, 0xdc, 0xb9, 0xff, 0xc6, 0xde, 0xc5, 0xff, 0xbf, 0xc7, 0xc3, 0xff, 0xc4, 0xc5, 0xc9, 0xff, 0xc5, 0xc5, 0xc5, 0xff, 0xc6, 0xcc, 0xc4, 0xff, 0xbb, 0xce, 0xba, 0xff, 0xcd, 0xef, 0xcd, 0xff, 0xc6, 0xf7, 0xc7, 0xff, 0xc1, 0xfc, 0xc2, 0xff, 0xbf, 0xff, 0xc0, 0xff, 0xbb, 0xff, 0xbc, 0xff, 0xbe, 0xff, 0xbf, 0xff, 0xbe, 0xff, 0xbf, 0xff, 
  0xbf, 0xc6, 0xc9, 0xff, 0xc1, 0xc4, 0xc7, 0xff, 0xc9, 0xc6, 0xc9, 0xff, 0xbf, 0xc8, 0xbd, 0xff, 0xc1, 0xec, 0xc3, 0xff, 0xc2, 0xfd, 0xc3, 0xff, 0xc4, 0xfd, 0xbf, 0xff, 0xc6, 0xff, 0xc2, 0xff, 0xc2, 0xfc, 0xc5, 0xff, 0xc1, 0xfc, 0xc5, 0xff, 0xc1, 0xfe, 0xc2, 0xff, 0xc0, 0xff, 0xc0, 0xff, 0xbe, 0xff, 0xc1, 0xff, 0xbf, 0xff, 0xc1, 0xff, 0xc2, 0xff, 0xc0, 0xff, 0xc4, 0xfe, 0xc1, 0xff, 0xc6, 0xfd, 0xc5, 0xff, 0xc1, 0xf8, 0xc3, 0xff, 0xbf, 0xf7, 0xc6, 0xff, 0xc6, 0xf9, 0xcd, 0xff, 0xb1, 0xd5, 0xb3, 0xff, 0xc0, 0xd3, 0xbd, 0xff, 0xcc, 0xca, 0xc5, 0xff, 0xc9, 0xc2, 0xc2, 0xff, 0xc7, 0xcb, 0xc6, 0xff, 0xca, 0xe2, 0xcc, 0xff, 0xc0, 0xf8, 0xc4, 0xff, 0xba, 0xff, 0xbe, 0xff, 0xba, 0xff, 0xba, 0xff, 0xc3, 0xfd, 0xc2, 0xff, 0xce, 0xea, 0xcd, 0xff, 0xc1, 0xca, 0xc0, 0xff, 0xc7, 0xc6, 0xc6, 0xff, 0xc5, 0xc9, 0xc4, 0xff, 0xb5, 0xcd, 0xb5, 0xff, 0xcb, 0xf4, 0xcb, 0xff, 0xc2, 0xfa, 0xc3, 0xff, 0xbf, 0xfe, 0xbf, 0xff, 0xc1, 0xff, 0xbf, 0xff, 0xc2, 0xff, 0xc0, 0xff, 0xc3, 0xfd, 0xc2, 0xff, 0xc1, 0xfb, 0xc1, 0xff, 0xc3, 0xff, 0xc3, 0xff, 0xc2, 0xfd, 0xc2, 0xff, 0xc0, 0xf8, 0xc0, 0xff, 0xc9, 0xfd, 0xc8, 0xff, 0xc8, 0xf6, 0xc5, 0xff, 0xbb, 0xd9, 0xb8, 0xff, 0xc2, 0xc6, 0xc0, 0xff, 0xc9, 0xca, 0xc9, 0xff, 0xba, 0xcd, 0xbd, 0xff, 0xc9, 0xed, 0xcc, 0xff, 0xca, 0xfe, 0xcb, 0xff, 0xbe, 0xfc, 0xbc, 0xff, 0xc2, 0xff, 0xbd, 0xff, 0xc2, 0xff, 0xbd, 0xff, 0xc2, 0xff, 0xbf, 0xff, 0xc0, 0xfe, 0xc1, 0xff, 0xbd, 0xfe, 0xc4, 0xff, 0xbb, 0xfe, 0xc4, 0xff, 0xbc, 0xff, 0xc1, 0xff, 0xbe, 0xff, 0xbf, 0xff, 0xc4, 0xff, 0xbe, 0xff, 0xc7, 0xfe, 0xbf, 0xff, 0xc8, 0xfb, 0xc4, 0xff, 0xc5, 0xfd, 0xc5, 0xff, 0xbb, 0xff, 0xbe, 0xff, 0xb6, 0xff, 0xbb, 0xff, 0xbb, 0xff, 0xbe, 0xff, 0xc6, 0xf9, 0xc6, 0xff, 0xc3, 0xda, 0xc1, 0xff, 0xc3, 0xc6, 0xc0, 0xff, 0xcb, 0xc3, 0xcc, 0xff, 0xc9, 0xc2, 0xcc, 0xff, 0xbf, 0xc7, 0xc3, 0xff, 0xbc, 0xce, 0xc0, 0xff, 0xb9, 0xcf, 0xba, 0xff, 0xbb, 0xcd, 0xba, 0xff, 0xbe, 0xc3, 0xbb, 0xff, 0xc7, 0xc6, 0xc1, 0xff, 0xc8, 0xc9, 0xbf, 0xff, 0xc5, 0xca, 0xbf, 0xff, 0xbe, 0xca, 0xc1, 0xff, 0xb9, 0xcb, 0xc0, 0xff, 0xb8, 0xcd, 0xbd, 0xff, 0xba, 0xcd, 0xbd, 0xff, 0xbf, 0xcb, 0xbe, 0xff, 0xc3, 0xc9, 0xc1, 0xff, 0xc4, 0xc6, 0xc6, 0xff, 0xc5, 0xc9, 0xc7, 0xff, 0xbc, 0xc9, 0xbc, 0xff, 0xbc, 0xce, 0xba, 0xff, 0xbc, 0xcf, 0xb8, 0xff, 0xc2, 0xcd, 0xc0, 0xff, 0xc9, 0xc7, 0xcd, 0xff, 0xca, 0xc3, 0xce, 0xff, 0xcc, 0xc6, 0xcb, 0xff, 0xc5, 0xc7, 0xc2, 0xff, 0xbb, 0xcb, 0xba, 0xff, 0xc3, 0xe2, 0xc3, 0xff, 0xc7, 0xf6, 0xc8, 0xff, 0xc3, 0xfe, 0xc5, 0xff, 0xbd, 0xfe, 0xbf, 0xff, 0xbd, 0xff, 0xbe, 0xff, 0xbf, 0xff, 0xbf, 0xff, 0xbf, 0xff, 0xbf, 0xff, 
  0xc0, 0xc6, 0xc7, 0xff, 0xc2, 0xc5, 0xc6, 0xff, 0xc9, 0xc6, 0xc8, 0xff, 0xbf, 0xc9, 0xbc, 0xff, 0xc1, 0xec, 0xc3, 0xff, 0xc2, 0xfd, 0xc3, 0xff, 0xc3, 0xfd, 0xbf, 0xff, 0xc5, 0xff, 0xc2, 0xff, 0xc3, 0xfc, 0xc5, 0xff, 0xc2, 0xfc, 0xc5, 0xff, 0xc0, 0xfe, 0xc2, 0xff, 0xbf, 0xff, 0xc0, 0xff, 0xbf, 0xff, 0xc1, 0xff, 0xbf, 0xff, 0xc1, 0xff, 0xc2, 0xff, 0xc0, 0xff, 0xc3, 0xfe, 0xc1, 0xff, 0xc3, 0xfc, 0xc2, 0xff, 0xbd, 0xf7, 0xbf, 0xff, 0xc0, 0xff, 0xc6, 0xff, 0xc0, 0xfa, 0xc6, 0xff, 0xc2, 0xef, 0xc4, 0xff, 0xb8, 0xd1, 0xb6, 0xff, 0xc5, 0xc6, 0xbf, 0xff, 0xcf, 0xc6, 0xc9, 0xff, 0xc5, 0xc2, 0xc2, 0xff, 0xc9, 0xd8, 0xc9, 0xff, 0xc3, 0xf0, 0xc5, 0xff, 0xc1, 0xff, 0xc3, 0xff, 0xbf, 0xff, 0xbf, 0xff, 0xc3, 0xfa, 0xc2, 0xff, 0xcb, 0xe9, 0xc9, 0xff, 0xc2, 0xce, 0xc1, 0xff, 0xc5, 0xc7, 0xc4, 0xff, 0xc4, 0xc9, 0xc4, 0xff, 0xb5, 0xcc, 0xb6, 0xff, 0xcb, 0xf3, 0xcd, 0xff, 0xc3, 0xf9, 0xc4, 0xff, 0xc0, 0xfd, 0xc0, 0xff, 0xc2, 0xff, 0xbf, 0xff, 0xc2, 0xff, 0xc0, 0xff, 0xc2, 0xfe, 0xc2, 0xff, 0xbf, 0xfb, 0xc0, 0xff, 0xc1, 0xff, 0xc2, 0xff, 0xc0, 0xfd, 0xc0, 0xff, 0xc0, 0xf9, 0xbf, 0xff, 0xcb, 0xfc, 0xc9, 0xff, 0xc9, 0xef, 0xc7, 0xff, 0xb6, 0xcd, 0xb4, 0xff, 0xc7, 0xcd, 0xc6, 0xff, 0xc1, 0xc7, 0xc2, 0xff, 0xbb, 0xd3, 0xbd, 0xff, 0xd0, 0xf9, 0xd2, 0xff, 0xc4, 0xfc, 0xc4, 0xff, 0xbf, 0xff, 0xbd, 0xff, 0xc4, 0xff, 0xbf, 0xff, 0xc1, 0xff, 0xbb, 0xff, 0xc1, 0xff, 0xbe, 0xff, 0xc1, 0xfe, 0xc1, 0xff, 0xbf, 0xfe, 0xc3, 0xff, 0xbe, 0xfe, 0xc4, 0xff, 0xbe, 0xfe, 0xc2, 0xff, 0xbf, 0xff, 0xc0, 0xff, 0xc2, 0xff, 0xbe, 0xff, 0xc5, 0xfe, 0xc0, 0xff, 0xc7, 0xfd, 0xc5, 0xff, 0xc3, 0xfd, 0xc3, 0xff, 0xba, 0xff, 0xbc, 0xff, 0xb9, 0xff, 0xbd, 0xff, 0xbd, 0xfc, 0xc0, 0xff, 0xc6, 0xf1, 0xc8, 0xff, 0xbe, 0xcc, 0xbd, 0xff, 0xca, 0xc6, 0xc8, 0xff, 0xc9, 0xc0, 0xc7, 0xff, 0xcd, 0xc9, 0xcd, 0xff, 0xbf, 0xcd, 0xc2, 0xff, 0xb6, 0xcd, 0xbb, 0xff, 0xb4, 0xce, 0xb9, 0xff, 0xbf, 0xd3, 0xc0, 0xff, 0xbe, 0xc3, 0xba, 0xff, 0xcd, 0xcb, 0xc6, 0xff, 0xca, 0xc7, 0xc2, 0xff, 0xc8, 0xc7, 0xc2, 0xff, 0xc2, 0xc8, 0xc4, 0xff, 0xbe, 0xc9, 0xc3, 0xff, 0xbd, 0xca, 0xc1, 0xff, 0xbf, 0xca, 0xc0, 0xff, 0xc3, 0xc9, 0xc2, 0xff, 0xc6, 0xc7, 0xc4, 0xff, 0xc9, 0xc7, 0xca, 0xff, 0xc7, 0xc6, 0xc8, 0xff, 0xc1, 0xc8, 0xc1, 0xff, 0xc1, 0xcc, 0xbf, 0xff, 0xc4, 0xd0, 0xc0, 0xff, 0xbb, 0xc3, 0xb9, 0xff, 0xca, 0xc9, 0xcc, 0xff, 0xc6, 0xc1, 0xc9, 0xff, 0xcc, 0xc9, 0xcb, 0xff, 0xbf, 0xc1, 0xbd, 0xff, 0xc0, 0xca, 0xc0, 0xff, 0xbd, 0xd3, 0xbe, 0xff, 0xcc, 0xf2, 0xcd, 0xff, 0xc9, 0xfd, 0xca, 0xff, 0xbb, 0xfc, 0xbb, 0xff, 0xbc, 0xff, 0xbd, 0xff, 0xbc, 0xff, 0xbd, 0xff, 0xbd, 0xff, 0xbe, 0xff, 
  0xc3, 0xc8, 0xc3, 0xff, 0xc4, 0xc6, 0xc3, 0xff, 0xc9, 0xc7, 0xc6, 0xff, 0xbf, 0xc9, 0xbb, 0xff, 0xc3, 0xec, 0xc3, 0xff, 0xc3, 0xfd, 0xc3, 0xff, 0xc0, 0xfe, 0xbf, 0xff, 0xc2, 0xff, 0xc2, 0xff, 0xc3, 0xfc, 0xc5, 0xff, 0xc2, 0xfc, 0xc4, 0xff, 0xbd, 0xff, 0xc0, 0xff, 0xbc, 0xff, 0xbf, 0xff, 0xbe, 0xff, 0xc0, 0xff, 0xc0, 0xff, 0xc1, 0xff, 0xc1, 0xff, 0xc0, 0xff, 0xc1, 0xff, 0xc0, 0xff, 0xbe, 0xfd, 0xbe, 0xff, 0xbf, 0xff, 0xc1, 0xff, 0xbe, 0xff, 0xc2, 0xff, 0xc2, 0xff, 0xc6, 0xff, 0xc7, 0xf6, 0xc9, 0xff, 0xc1, 0xde, 0xc0, 0xff, 0xc1, 0xca, 0xbd, 0xff, 0xcb, 0xc9, 0xc6, 0xff, 0xc6, 0xc5, 0xc2, 0xff, 0xc3, 0xcc, 0xc1, 0xff, 0xbf, 0xdc, 0xbf, 0xff, 0xce, 0xf7, 0xce, 0xff, 0xc7, 0xf6, 0xc6, 0xff, 0xcb, 0xf7, 0xc9, 0xff, 0xca, 0xe9, 0xc6, 0xff, 0xbf, 0xd2, 0xbb, 0xff, 0xc2, 0xc9, 0xc0, 0xff, 0xc1, 0xca, 0xc3, 0xff, 0xb3, 0xcb, 0xb9, 0xff, 0xcb, 0xf1, 0xd1, 0xff, 0xc4, 0xf7, 0xc7, 0xff, 0xc1, 0xfc, 0xc1, 0xff, 0xc3, 0xff, 0xbf, 0xff, 0xc2, 0xff, 0xbf, 0xff, 0xc4, 0xff, 0xc6, 0xff, 0xb7, 0xf7, 0xbb, 0xff, 0xbe, 0xff, 0xc0, 0xff, 0xbd, 0xff, 0xbd, 0xff, 0xc5, 0xff, 0xc2, 0xff, 0xce, 0xf9, 0xca, 0xff, 0xc0, 0xda, 0xbf, 0xff, 0xbf, 0xce, 0xbf, 0xff, 0xc0, 0xcd, 0xc1, 0xff, 0xb5, 0xc8, 0xb7, 0xff, 0xcb, 0xec, 0xcd, 0xff, 0xc9, 0xf6, 0xca, 0xff, 0xbd, 0xf7, 0xbd, 0xff, 0xc4, 0xff, 0xc3, 0xff, 0xbd, 0xff, 0xba, 0xff, 0xbd, 0xff, 0xb9, 0xff, 0xc1, 0xff, 0xbd, 0xff, 0xc3, 0xff, 0xc0, 0xff, 0xc3, 0xfd, 0xc2, 0xff, 0xc3, 0xfd, 0xc3, 0xff, 0xc1, 0xfd, 0xc3, 0xff, 0xc0, 0xfe, 0xc2, 0xff, 0xbf, 0xff, 0xc0, 0xff, 0xc0, 0xff, 0xc1, 0xff, 0xc1, 0xfb, 0xc1, 0xff, 0xc4, 0xff, 0xc4, 0xff, 0xb5, 0xfa, 0xb6, 0xff, 0xbe, 0xff, 0xc1, 0xff, 0xc9, 0xfc, 0xcd, 0xff, 0xbf, 0xdd, 0xc3, 0xff, 0xc5, 0xc8, 0xc5, 0xff, 0xcc, 0xc3, 0xc9, 0xff, 0xcf, 0xc8, 0xc9, 0xff, 0xc3, 0xc7, 0xbe, 0xff, 0xb4, 0xcd, 0xb6, 0xff, 0xad, 0xd2, 0xb4, 0xff, 0xab, 0xd3, 0xb4, 0xff, 0xb0, 0xd3, 0xb5, 0xff, 0xbd, 0xd1, 0xb8, 0xff, 0xc0, 0xcc, 0xb8, 0xff, 0xc2, 0xcc, 0xbc, 0xff, 0xc2, 0xcb, 0xbe, 0xff, 0xc0, 0xcb, 0xbf, 0xff, 0xbf, 0xcb, 0xbf, 0xff, 0xbe, 0xcc, 0xbe, 0xff, 0xbf, 0xcc, 0xbd, 0xff, 0xc0, 0xcb, 0xbe, 0xff, 0xc1, 0xca, 0xbf, 0xff, 0xc2, 0xca, 0xc0, 0xff, 0xc1, 0xca, 0xc0, 0xff, 0xc0, 0xcb, 0xbe, 0xff, 0xbf, 0xcc, 0xbd, 0xff, 0xbf, 0xcc, 0xbc, 0xff, 0xc0, 0xcc, 0xbd, 0xff, 0xc1, 0xca, 0xc0, 0xff, 0xc2, 0xc9, 0xc1, 0xff, 0xc2, 0xcb, 0xc1, 0xff, 0xc2, 0xca, 0xc3, 0xff, 0xc3, 0xc6, 0xc8, 0xff, 0xc0, 0xc8, 0xc5, 0xff, 0xcf, 0xe5, 0xd0, 0xff, 0xc9, 0xf2, 0xc9, 0xff, 0xc0, 0xff, 0xbf, 0xff, 0xb7, 0xff, 0xb7, 0xff, 0xb7, 0xff, 0xba, 0xff, 0xb6, 0xff, 0xbb, 0xff, 
  0xc4, 0xc8, 0xc3, 0xff, 0xc4, 0xc6, 0xc2, 0xff, 0xc9, 0xc7, 0xc5, 0xff, 0xbf, 0xc9, 0xbb, 0xff, 0xc4, 0xec, 0xc3, 0xff, 0xc4, 0xfc, 0xc4, 0xff, 0xbf, 0xfe, 0xc0, 0xff, 0xc1, 0xff, 0xc2, 0xff, 0xc3, 0xfc, 0xc4, 0xff, 0xc2, 0xfd, 0xc4, 0xff, 0xbc, 0xff, 0xc0, 0xff, 0xba, 0xff, 0xbe, 0xff, 0xbe, 0xff, 0xc0, 0xff, 0xc0, 0xff, 0xc0, 0xff, 0xc1, 0xff, 0xc0, 0xff, 0xc0, 0xff, 0xc0, 0xff, 0xbf, 0xff, 0xbf, 0xff, 0xbd, 0xff, 0xbf, 0xff, 0xbb, 0xfe, 0xbd, 0xff, 0xbf, 0xfd, 0xc1, 0xff, 0xc9, 0xfb, 0xca, 0xff, 0xcb, 0xef, 0xcb, 0xff, 0xc4, 0xd6, 0xc2, 0xff, 0xbf, 0xc6, 0xbc, 0xff, 0xc7, 0xca, 0xc4, 0xff, 0xc1, 0xc8, 0xbe, 0xff, 0xbf, 0xd1, 0xbd, 0xff, 0xc7, 0xe1, 0xc5, 0xff, 0xd6, 0xf7, 0xd4, 0xff, 0xd1, 0xf3, 0xce, 0xff, 0xcb, 0xea, 0xc7, 0xff, 0xb9, 0xd1, 0xb6, 0xff, 0xc1, 0xcb, 0xbe, 0xff, 0xc1, 0xcb, 0xc2, 0xff, 0xb3, 0xca, 0xba, 0xff, 0xcb, 0xf0, 0xd3, 0xff, 0xc4, 0xf7, 0xc8, 0xff, 0xc2, 0xfc, 0xc1, 0xff, 0xc3, 0xff, 0xbe, 0xff, 0xc2, 0xff, 0xbe, 0xff, 0xbd, 0xfc, 0xbf, 0xff, 0xbd, 0xff, 0xc2, 0xff, 0xb9, 0xff, 0xbc, 0xff, 0xc0, 0xff, 0xc0, 0xff, 0xc6, 0xfd, 0xc2, 0xff, 0xcd, 0xf4, 0xca, 0xff, 0xbb, 0xcc, 0xbb, 0xff, 0xc0, 0xcb, 0xc2, 0xff, 0xbc, 0xce, 0xbe, 0xff, 0xb9, 0xd4, 0xba, 0xff, 0xcc, 0xf2, 0xce, 0xff, 0xca, 0xfb, 0xcb, 0xff, 0xbf, 0xfa, 0xbf, 0xff, 0xc1, 0xff, 0xc1, 0xff, 0xbd, 0xff, 0xbb, 0xff, 0xbe, 0xff, 0xbb, 0xff, 0xc1, 0xff, 0xbd, 0xff, 0xc4, 0xff, 0xbf, 0xff, 0xc5, 0xfd, 0xc2, 0xff, 0xc5, 0xfc, 0xc3, 0xff, 0xc3, 0xfd, 0xc3, 0xff, 0xc0, 0xfe, 0xc2, 0xff, 0xbe, 0xff, 0xc1, 0xff, 0xbe, 0xff, 0xc1, 0xff, 0xc2, 0xff, 0xc3, 0xff, 0xbf, 0xfc, 0xbf, 0xff, 0xbd, 0xff, 0xbd, 0xff, 0xc0, 0xfc, 0xc2, 0xff, 0xcb, 0xf5, 0xcf, 0xff, 0xba, 0xd0, 0xbe, 0xff, 0xc7, 0xc6, 0xc8, 0xff, 0xcb, 0xc2, 0xc8, 0xff, 0xcb, 0xc9, 0xc4, 0xff, 0xcd, 0xd9, 0xc6, 0xff, 0xc4, 0xe7, 0xc6, 0xff, 0xbc, 0xea, 0xc3, 0xff, 0xb9, 0xea, 0xc3, 0xff, 0xbf, 0xea, 0xc5, 0xff, 0xc8, 0xe7, 0xc3, 0xff, 0xcb, 0xe4, 0xc2, 0xff, 0xcb, 0xe6, 0xc8, 0xff, 0xca, 0xe6, 0xc9, 0xff, 0xca, 0xe6, 0xc9, 0xff, 0xca, 0xe6, 0xc9, 0xff, 0xca, 0xe6, 0xc9, 0xff, 0xca, 0xe6, 0xc9, 0xff, 0xca, 0xe6, 0xc9, 0xff, 0xca, 0xe6, 0xc9, 0xff, 0xca, 0xe6, 0xc9, 0xff, 0xca, 0xe6, 0xc9, 0xff, 0xca, 0xe6, 0xc9, 0xff, 0xca, 0xe6, 0xc9, 0xff, 0xca, 0xe6, 0xc9, 0xff, 0xca, 0xe6, 0xc9, 0xff, 0xca, 0xe6, 0xc9, 0xff, 0xcb, 0xe5, 0xca, 0xff, 0xbe, 0xd2, 0xbe, 0xff, 0xbe, 0xc9, 0xbf, 0xff, 0xc2, 0xc2, 0xc8, 0xff, 0xc5, 0xc5, 0xcb, 0xff, 0xc5, 0xd2, 0xc6, 0xff, 0xd3, 0xf4, 0xd2, 0xff, 0xbe, 0xfc, 0xbd, 0xff, 0xb8, 0xff, 0xb8, 0xff, 0xb5, 0xff, 0xb9, 0xff, 0xb4, 0xff, 0xba, 0xff, 
  0xc4, 0xc7, 0xc5, 0xff, 0xc4, 0xc5, 0xc4, 0xff, 0xc9, 0xc7, 0xc6, 0xff, 0xbf, 0xc9, 0xbc, 0xff, 0xc5, 0xeb, 0xc3, 0xff, 0xc4, 0xfc, 0xc4, 0xff, 0xbf, 0xfe, 0xc0, 0xff, 0xc1, 0xff, 0xc2, 0xff, 0xc3, 0xfd, 0xc4, 0xff, 0xc2, 0xfd, 0xc3, 0xff, 0xbc, 0xff, 0xbf, 0xff, 0xba, 0xff, 0xbe, 0xff, 0xbe, 0xff, 0xc0, 0xff, 0xc0, 0xff, 0xc0, 0xff, 0xc1, 0xff, 0xc0, 0xff, 0xc1, 0xfe, 0xc1, 0xff, 0xc1, 0xff, 0xc2, 0xff, 0xbf, 0xfe, 0xbf, 0xff, 0xbb, 0xfd, 0xbd, 0xff, 0xbd, 0xfb, 0xbe, 0xff, 0xc4, 0xfc, 0xc7, 0xff, 0xce, 0xfb, 0xd0, 0xff, 0xca, 0xe7, 0xca, 0xff, 0xbb, 0xcc, 0xba, 0xff, 0xc2, 0xcb, 0xc0, 0xff, 0xc3, 0xcb, 0xc1, 0xff, 0xbe, 0xcb, 0xbc, 0xff, 0xbf, 0xd1, 0xbd, 0xff, 0xd5, 0xed, 0xd2, 0xff, 0xd7, 0xf3, 0xd5, 0xff, 0xcf, 0xed, 0xcc, 0xff, 0xb7, 0xcf, 0xb4, 0xff, 0xc1, 0xcb, 0xbe, 0xff, 0xc2, 0xcb, 0xc1, 0xff, 0xb4, 0xcb, 0xb9, 0xff, 0xcb, 0xf0, 0xd2, 0xff, 0xc4, 0xf7, 0xc7, 0xff, 0xc1, 0xfd, 0xc1, 0xff, 0xc2, 0xff, 0xbe, 0xff, 0xc1, 0xff, 0xbe, 0xff, 0xbb, 0xfa, 0xbe, 0xff, 0xc2, 0xff, 0xc6, 0xff, 0xbb, 0xfd, 0xbf, 0xff, 0xc0, 0xfe, 0xc2, 0xff, 0xca, 0xfc, 0xc8, 0xff, 0xc4, 0xe7, 0xc2, 0xff, 0xba, 0xc7, 0xbb, 0xff, 0xc1, 0xca, 0xc3, 0xff, 0xb9, 0xcd, 0xba, 0xff, 0xc3, 0xe1, 0xc4, 0xff, 0xce, 0xf6, 0xcf, 0xff, 0xcb, 0xfe, 0xcc, 0xff, 0xc0, 0xfd, 0xc1, 0xff, 0xbe, 0xff, 0xbe, 0xff, 0xbe, 0xff, 0xbd, 0xff, 0xbe, 0xff, 0xbc, 0xff, 0xc0, 0xff, 0xbe, 0xff, 0xc3, 0xff, 0xc0, 0xff, 0xc5, 0xfd, 0xc2, 0xff, 0xc4, 0xfd, 0xc3, 0xff, 0xc2, 0xfd, 0xc2, 0xff, 0xc0, 0xfe, 0xc1, 0xff, 0xbe, 0xff, 0xc0, 0xff, 0xbd, 0xff, 0xc0, 0xff, 0xc1, 0xff, 0xc3, 0xff, 0xbd, 0xfb, 0xbe, 0xff, 0xc1, 0xff, 0xc1, 0xff, 0xc6, 0xfc, 0xc7, 0xff, 0xc1, 0xe6, 0xc5, 0xff, 0xb7, 0xca, 0xba, 0xff, 0xc5, 0xc6, 0xc5, 0xff, 0xc9, 0xc6, 0xc5, 0xff, 0xc2, 0xc9, 0xbb, 0xff, 0xd2, 0xe7, 0xcd, 0xff, 0xcf, 0xf9, 0xd1, 0xff, 0xc3, 0xf7, 0xca, 0xff, 0xc2, 0xf7, 0xcb, 0xff, 0xc8, 0xf8, 0xce, 0xff, 0xd0, 0xf5, 0xcb, 0xff, 0xcf, 0xf5, 0xc7, 0xff, 0xc7, 0xfa, 0xc6, 0xff, 0xc2, 0xfc, 0xc5, 0xff, 0xc2, 0xfc, 0xc5, 0xff, 0xc2, 0xfc, 0xc5, 0xff, 0xc2, 0xfc, 0xc5, 0xff, 0xc2, 0xfc, 0xc5, 0xff, 0xc2, 0xfc, 0xc5, 0xff, 0xc2, 0xfc, 0xc5, 0xff, 0xc2, 0xfc, 0xc5, 0xff, 0xc2, 0xfc, 0xc5, 0xff, 0xc2, 0xfc, 0xc5, 0xff, 0xc2, 0xfc, 0xc5, 0xff, 0xc2, 0xfc, 0xc5, 0xff, 0xc2, 0xfc, 0xc5, 0xff, 0xc2, 0xfc, 0xc5, 0xff, 0xc7, 0xf9, 0xc9, 0xff, 0xc3, 0xe2, 0xc2, 0xff, 0xba, 0xcb, 0xbb, 0xff, 0xc3, 0xc6, 0xc7, 0xff, 0xc2, 0xc3, 0xc6, 0xff, 0xbe, 0xc8, 0xbe, 0xff, 0xd3, 0xef, 0xd0, 0xff, 0xc2, 0xfa, 0xbf, 0xff, 0xbb, 0xff, 0xbb, 0xff, 0xb7, 0xff, 0xbb, 0xff, 0xb5, 0xff, 0xbb, 0xff, 
  0xc4, 0xc6, 0xc7, 0xff, 0xc5, 0xc5, 0xc6, 0xff, 0xc9, 0xc6, 0xc8, 0xff, 0xbf, 0xc8, 0xbd, 0xff, 0xc5, 0xeb, 0xc4, 0xff, 0xc5, 0xfc, 0xc4, 0xff, 0xbf, 0xfe, 0xc0, 0xff, 0xc1, 0xff, 0xc1, 0xff, 0xc4, 0xfd, 0xc3, 0xff, 0xc2, 0xfd, 0xc3, 0xff, 0xbc, 0xff, 0xbf, 0xff, 0xbb, 0xff, 0xbe, 0xff, 0xbe, 0xff, 0xc0, 0xff, 0xc0, 0xff, 0xc1, 0xff, 0xc1, 0xfe, 0xc1, 0xff, 0xc1, 0xfe, 0xc1, 0xff, 0xc3, 0xff, 0xc3, 0xff, 0xc1, 0xfe, 0xc1, 0xff, 0xc1, 0xff, 0xc1, 0xff, 0xbe, 0xfd, 0xbf, 0xff, 0xbd, 0xf9, 0xbf, 0xff, 0xc7, 0xfc, 0xca, 0xff, 0xcc, 0xf4, 0xcd, 0xff, 0xc4, 0xe0, 0xc5, 0xff, 0xba, 0xcb, 0xb9, 0xff, 0xc5, 0xd0, 0xc4, 0xff, 0xc1, 0xc9, 0xbe, 0xff, 0xc4, 0xce, 0xc1, 0xff, 0xc5, 0xd4, 0xc2, 0xff, 0xdb, 0xf0, 0xd9, 0xff, 0xd4, 0xee, 0xd2, 0xff, 0xb9, 0xd0, 0xb7, 0xff, 0xc2, 0xca, 0xbf, 0xff, 0xc2, 0xcb, 0xc1, 0xff, 0xb5, 0xcb, 0xb8, 0xff, 0xcc, 0xf1, 0xd1, 0xff, 0xc4, 0xf8, 0xc6, 0xff, 0xc0, 0xfd, 0xc0, 0xff, 0xc1, 0xff, 0xbe, 0xff, 0xc0, 0xff, 0xbe, 0xff, 0xbf, 0xfe, 0xc2, 0xff, 0xbf, 0xfd, 0xc4, 0xff, 0xc2, 0xff, 0xc7, 0xff, 0xbe, 0xf6, 0xc1, 0xff, 0xcb, 0xf9, 0xcc, 0xff, 0xb8, 0xd6, 0xb8, 0xff, 0xc1, 0xcc, 0xc3, 0xff, 0xc2, 0xca, 0xc5, 0xff, 0xba, 0xd1, 0xbb, 0xff, 0xcb, 0xee, 0xcc, 0xff, 0xcc, 0xf8, 0xcd, 0xff, 0xc7, 0xfd, 0xc9, 0xff, 0xc1, 0xff, 0xc3, 0xff, 0xba, 0xfd, 0xbb, 0xff, 0xbe, 0xff, 0xbe, 0xff, 0xbd, 0xff, 0xbc, 0xff, 0xc0, 0xff, 0xbf, 0xff, 0xc2, 0xfe, 0xc1, 0xff, 0xc4, 0xfd, 0xc2, 0xff, 0xc4, 0xfd, 0xc3, 0xff, 0xc2, 0xfd, 0xc2, 0xff, 0xc0, 0xfe, 0xc1, 0xff, 0xbe, 0xff, 0xbf, 0xff, 0xbd, 0xff, 0xbf, 0xff, 0xbd, 0xfe, 0xbf, 0xff, 0xc0, 0xfe, 0xc1, 0xff, 0xc0, 0xf9, 0xc1, 0xff, 0xcb, 0xfa, 0xcd, 0xff, 0xb6, 0xd3, 0xb9, 0xff, 0xbe, 0xcc, 0xc0, 0xff, 0xc3, 0xc7, 0xc2, 0xff, 0xc4, 0xc9, 0xc1, 0xff, 0xc2, 0xd3, 0xbc, 0xff, 0xd0, 0xf0, 0xcc, 0xff, 0xca, 0xfb, 0xcd, 0xff, 0xbd, 0xf7, 0xc4, 0xff, 0xbf, 0xf8, 0xc7, 0xff, 0xc4, 0xf9, 0xc9, 0xff, 0xca, 0xf7, 0xc5, 0xff, 0xcc, 0xfc, 0xc5, 0xff, 0xc0, 0xff, 0xc1, 0xff, 0xbb, 0xff, 0xbf, 0xff, 0xbb, 0xff, 0xbf, 0xff, 0xbb, 0xff, 0xbf, 0xff, 0xbb, 0xff, 0xbf, 0xff, 0xbb, 0xff, 0xbf, 0xff, 0xbb, 0xff, 0xbf, 0xff, 0xbb, 0xff, 0xbf, 0xff, 0xbb, 0xff, 0xbf, 0xff, 0xbb, 0xff, 0xbf, 0xff, 0xbb, 0xff, 0xbf, 0xff, 0xbb, 0xff, 0xbf, 0xff, 0xbb, 0xff, 0xbf, 0xff, 0xbb, 0xff, 0xbf, 0xff, 0xbb, 0xff, 0xbf, 0xff, 0xc1, 0xfd, 0xc3, 0xff, 0xcb, 0xf3, 0xca, 0xff, 0xba, 0xd0, 0xb9, 0xff, 0xc5, 0xcc, 0xc8, 0xff, 0xc0, 0xc2, 0xc3, 0xff, 0xc2, 0xc9, 0xc1, 0xff, 0xc7, 0xde, 0xc4, 0xff, 0xca, 0xfa, 0xc7, 0xff, 0xc0, 0xff, 0xbf, 0xff, 0xba, 0xff, 0xbd, 0xff, 0xb7, 0xff, 0xbc, 0xff, 
  0xc4, 0xc5, 0xc8, 0xff, 0xc5, 0xc4, 0xc7, 0xff, 0xca, 0xc5, 0xc9, 0xff, 0xc0, 0xc8, 0xbe, 0xff, 0xc6, 0xeb, 0xc4, 0xff, 0xc5, 0xfc, 0xc4, 0xff, 0xc0, 0xfe, 0xbf, 0xff, 0xc2, 0xff, 0xc0, 0xff, 0xc5, 0xfd, 0xc2, 0xff, 0xc3, 0xfd, 0xc2, 0xff, 0xbd, 0xff, 0xbe, 0xff, 0xbb, 0xff, 0xbe, 0xff, 0xbe, 0xff, 0xbf, 0xff, 0xc0, 0xff, 0xc1, 0xff, 0xc0, 0xfe, 0xc1, 0xff, 0xc1, 0xfe, 0xc2, 0xff, 0xc4, 0xfe, 0xc4, 0xff, 0xc2, 0xfc, 0xc1, 0xff, 0xc3, 0xff, 0xc3, 0xff, 0xc0, 0xff, 0xc0, 0xff, 0xba, 0xfa, 0xbc, 0xff, 0xbe, 0xfb, 0xc1, 0xff, 0xc7, 0xfc, 0xca, 0xff, 0xc9, 0xf3, 0xcb, 0xff, 0xbc, 0xd7, 0xbc, 0xff, 0xbf, 0xcd, 0xbe, 0xff, 0xc2, 0xc7, 0xbf, 0xff, 0xca, 0xcc, 0xc7, 0xff, 0xbf, 0xc5, 0xbd, 0xff, 0xd4, 0xe1, 0xd3, 0xff, 0xd5, 0xeb, 0xd5, 0xff, 0xbb, 0xd0, 0xbb, 0xff, 0xc3, 0xca, 0xc0, 0xff, 0xc3, 0xcb, 0xc1, 0xff, 0xb6, 0xcb, 0xb8, 0xff, 0xcc, 0xf1, 0xd0, 0xff, 0xc4, 0xf8, 0xc5, 0xff, 0xc0, 0xfd, 0xc0, 0xff, 0xbf, 0xff, 0xbe, 0xff, 0xbf, 0xff, 0xbe, 0xff, 0xc2, 0xff, 0xc5, 0xff, 0xbb, 0xf7, 0xc0, 0xff, 0xc7, 0xff, 0xcc, 0xff, 0xc5, 0xf6, 0xc9, 0xff, 0xc5, 0xeb, 0xc6, 0xff, 0xb3, 0xcc, 0xb4, 0xff, 0xc5, 0xcd, 0xc9, 0xff, 0xbe, 0xc8, 0xc2, 0xff, 0xc0, 0xdc, 0xc1, 0xff, 0xcf, 0xf8, 0xcf, 0xff, 0xc7, 0xf8, 0xc8, 0xff, 0xc3, 0xfb, 0xc4, 0xff, 0xc1, 0xff, 0xc3, 0xff, 0xba, 0xfd, 0xbc, 0xff, 0xbe, 0xff, 0xbf, 0xff, 0xbd, 0xff, 0xbd, 0xff, 0xc0, 0xff, 0xc0, 0xff, 0xc2, 0xfe, 0xc2, 0xff, 0xc4, 0xfd, 0xc3, 0xff, 0xc4, 0xfd, 0xc3, 0xff, 0xc2, 0xfd, 0xc2, 0xff, 0xc0, 0xfe, 0xc1, 0xff, 0xbe, 0xff, 0xbf, 0xff, 0xbc, 0xff, 0xbe, 0xff, 0xba, 0xfd, 0xbc, 0xff, 0xc2, 0xff, 0xc4, 0xff, 0xc4, 0xf6, 0xc5, 0xff, 0xc9, 0xec, 0xca, 0xff, 0xb5, 0xc8, 0xb8, 0xff, 0xc3, 0xcc, 0xc5, 0xff, 0xc2, 0xc9, 0xc1, 0xff, 0xbe, 0xcc, 0xbb, 0xff, 0xcb, 0xe9, 0xc6, 0xff, 0xce, 0xfa, 0xcb, 0xff, 0xc4, 0xfd, 0xc6, 0xff, 0xba, 0xf9, 0xc1, 0xff, 0xbe, 0xfc, 0xc6, 0xff, 0xc1, 0xfc, 0xc6, 0xff, 0xc5, 0xf9, 0xc0, 0xff, 0xca, 0xff, 0xc3, 0xff, 0xc2, 0xfe, 0xc1, 0xff, 0xbf, 0xff, 0xc1, 0xff, 0xbf, 0xff, 0xc1, 0xff, 0xbf, 0xff, 0xc1, 0xff, 0xbf, 0xff, 0xc1, 0xff, 0xbf, 0xff, 0xc1, 0xff, 0xbf, 0xff, 0xc1, 0xff, 0xbf, 0xff, 0xc1, 0xff, 0xbf, 0xff, 0xc1, 0xff, 0xbf, 0xff, 0xc1, 0xff, 0xbf, 0xff, 0xc1, 0xff, 0xbf, 0xff, 0xc1, 0xff, 0xbf, 0xff, 0xc1, 0xff, 0xbf, 0xff, 0xc1, 0xff, 0xbf, 0xff, 0xc1, 0xff, 0xc3, 0xfd, 0xc4, 0xff, 0xcd, 0xfa, 0xcb, 0xff, 0xbf, 0xdd, 0xbd, 0xff, 0xbf, 0xca, 0xc0, 0xff, 0xc5, 0xc8, 0xc6, 0xff, 0xc6, 0xca, 0xc5, 0xff, 0xc0, 0xcf, 0xbd, 0xff, 0xce, 0xf4, 0xca, 0xff, 0xc6, 0xfd, 0xc5, 0xff, 0xbe, 0xff, 0xc0, 0xff, 0xba, 0xff, 0xbe, 0xff, 
  0xc4, 0xc5, 0xc9, 0xff, 0xc4, 0xc3, 0xc8, 0xff, 0xca, 0xc5, 0xca, 0xff, 0xc0, 0xc8, 0xbe, 0xff, 0xc6, 0xea, 0xc4, 0xff, 0xc5, 0xfc, 0xc4, 0xff, 0xc0, 0xfe, 0xbf, 0xff, 0xc2, 0xff, 0xc0, 0xff, 0xc5, 0xfd, 0xc1, 0xff, 0xc4, 0xfe, 0xc1, 0xff, 0xbe, 0xff, 0xbe, 0xff, 0xbc, 0xff, 0xbd, 0xff, 0xbe, 0xff, 0xbf, 0xff, 0xc0, 0xff, 0xc1, 0xff, 0xc0, 0xfe, 0xc1, 0xff, 0xc1, 0xfe, 0xc2, 0xff, 0xc4, 0xfe, 0xc3, 0xff, 0xc2, 0xfb, 0xc0, 0xff, 0xc2, 0xfd, 0xc0, 0xff, 0xc2, 0xff, 0xc2, 0xff, 0xbe, 0xff, 0xc0, 0xff, 0xbe, 0xff, 0xc1, 0xff, 0xc1, 0xff, 0xc4, 0xff, 0xc5, 0xfa, 0xc8, 0xff, 0xc7, 0xed, 0xc9, 0xff, 0xb7, 0xcd, 0xb7, 0xff, 0xbf, 0xc5, 0xbd, 0xff, 0xc8, 0xc7, 0xc6, 0xff, 0xc8, 0xc8, 0xc7, 0xff, 0xc7, 0xcc, 0xc6, 0xff, 0xcf, 0xdf, 0xd0, 0xff, 0xbc, 0xcb, 0xbc, 0xff, 0xc4, 0xc8, 0xc2, 0xff, 0xc4, 0xca, 0xc2, 0xff, 0xb7, 0xcb, 0xb8, 0xff, 0xcd, 0xf1, 0xd0, 0xff, 0xc4, 0xf8, 0xc5, 0xff, 0xbf, 0xfe, 0xc0, 0xff, 0xbe, 0xff, 0xbe, 0xff, 0xbe, 0xff, 0xbf, 0xff, 0xc1, 0xff, 0xc4, 0xff, 0xbd, 0xf6, 0xc2, 0xff, 0xc8, 0xfb, 0xcc, 0xff, 0xce, 0xf9, 0xd1, 0xff, 0xb9, 0xd9, 0xba, 0xff, 0xb8, 0xcd, 0xba, 0xff, 0xc0, 0xc8, 0xc4, 0xff, 0xbd, 0xc9, 0xc0, 0xff, 0xc8, 0xe8, 0xc8, 0xff, 0xcf, 0xfd, 0xcf, 0xff, 0xc5, 0xf9, 0xc5, 0xff, 0xc0, 0xfb, 0xc1, 0xff, 0xc0, 0xff, 0xc3, 0xff, 0xbb, 0xff, 0xbe, 0xff, 0xbe, 0xff, 0xc1, 0xff, 0xbd, 0xff, 0xbf, 0xff, 0xc0, 0xfe, 0xc1, 0xff, 0xc2, 0xfd, 0xc2, 0xff, 0xc3, 0xfd, 0xc3, 0xff, 0xc3, 0xfd, 0xc3, 0xff, 0xc2, 0xfe, 0xc2, 0xff, 0xc0, 0xff, 0xc0, 0xff, 0xbe, 0xff, 0xbe, 0xff, 0xbd, 0xff, 0xbe, 0xff, 0xbc, 0xff, 0xbe, 0xff, 0xc3, 0xfe, 0xc5, 0xff, 0xcb, 0xf5, 0xcc, 0xff, 0xbd, 0xd6, 0xbe, 0xff, 0xc0, 0xc9, 0xc1, 0xff, 0xc3, 0xc7, 0xc4, 0xff, 0xc1, 0xcb, 0xc0, 0xff, 0xbd, 0xd3, 0xba, 0xff, 0xcd, 0xf6, 0xca, 0xff, 0xc8, 0xfe, 0xc6, 0xff, 0xbe, 0xfd, 0xc1, 0xff, 0xbb, 0xfe, 0xc1, 0xff, 0xbf, 0xff, 0xc7, 0xff, 0xc0, 0xff, 0xc4, 0xff, 0xc1, 0xfb, 0xbd, 0xff, 0xc6, 0xff, 0xc0, 0xff, 0xc4, 0xff, 0xc2, 0xff, 0xc3, 0xff, 0xc3, 0xff, 0xc3, 0xff, 0xc3, 0xff, 0xc3, 0xff, 0xc3, 0xff, 0xc3, 0xff, 0xc3, 0xff, 0xc3, 0xff, 0xc3, 0xff, 0xc3, 0xff, 0xc3, 0xff, 0xc3, 0xff, 0xc3, 0xff, 0xc3, 0xff, 0xc3, 0xff, 0xc3, 0xff, 0xc3, 0xff, 0xc3, 0xff, 0xc3, 0xff, 0xc3, 0xff, 0xc3, 0xff, 0xc3, 0xff, 0xc3, 0xff, 0xc3, 0xff, 0xc3, 0xff, 0xc3, 0xff, 0xc3, 0xff, 0xc5, 0xfe, 0xc4, 0xff, 0xc7, 0xfa, 0xc5, 0xff, 0xc7, 0xec, 0xc5, 0xff, 0xb9, 0xc9, 0xb8, 0xff, 0xca, 0xce, 0xc9, 0xff, 0xc5, 0xc6, 0xc3, 0xff, 0xbf, 0xc9, 0xbd, 0xff, 0xc9, 0xe6, 0xc6, 0xff, 0xcb, 0xf8, 0xc9, 0xff, 0xc2, 0xfd, 0xc4, 0xff, 0xbe, 0xff, 0xc1, 0xff, 
  0xc3, 0xc5, 0xca, 0xff, 0xc4, 0xc3, 0xc9, 0xff, 0xc9, 0xc5, 0xca, 0xff, 0xbf, 0xc8, 0xbe, 0xff, 0xc5, 0xeb, 0xc4, 0xff, 0xc5, 0xfc, 0xc4, 0xff, 0xc0, 0xfe, 0xbe, 0xff, 0xc2, 0xff, 0xbf, 0xff, 0xc5, 0xfe, 0xc1, 0xff, 0xc4, 0xfe, 0xc0, 0xff, 0xbe, 0xff, 0xbd, 0xff, 0xbc, 0xff, 0xbd, 0xff, 0xbe, 0xff, 0xbf, 0xff, 0xc0, 0xff, 0xc1, 0xff, 0xc0, 0xfe, 0xc1, 0xff, 0xc0, 0xfe, 0xc1, 0xff, 0xc1, 0xfd, 0xc0, 0xff, 0xc2, 0xfd, 0xc0, 0xff, 0xc2, 0xfb, 0xc0, 0xff, 0xc2, 0xfc, 0xc1, 0xff, 0xc2, 0xff, 0xc3, 0xff, 0xbf, 0xff, 0xc1, 0xff, 0xbb, 0xff, 0xbf, 0xff, 0xbe, 0xfd, 0xc2, 0xff, 0xc8, 0xfa, 0xcb, 0xff, 0xbd, 0xde, 0xbf, 0xff, 0xbe, 0xcb, 0xbf, 0xff, 0xc3, 0xc4, 0xc3, 0xff, 0xcb, 0xc8, 0xca, 0xff, 0xc5, 0xc4, 0xc4, 0xff, 0xc8, 0xd0, 0xc9, 0xff, 0xc0, 0xc8, 0xc1, 0xff, 0xc6, 0xc6, 0xc5, 0xff, 0xc5, 0xc9, 0xc4, 0xff, 0xb7, 0xca, 0xb9, 0xff, 0xcd, 0xf1, 0xd0, 0xff, 0xc3, 0xf8, 0xc6, 0xff, 0xbe, 0xfd, 0xc0, 0xff, 0xbd, 0xff, 0xbf, 0xff, 0xbd, 0xff, 0xbf, 0xff, 0xc1, 0xfd, 0xc4, 0xff, 0xc1, 0xf6, 0xc4, 0xff, 0xc9, 0xf7, 0xcc, 0xff, 0xca, 0xee, 0xcc, 0xff, 0xb4, 0xcf, 0xb5, 0xff, 0xbe, 0xcf, 0xbf, 0xff, 0xbf, 0xc7, 0xc1, 0xff, 0xc4, 0xd4, 0xc6, 0xff, 0xcc, 0xf2, 0xcb, 0xff, 0xca, 0xfe, 0xc9, 0xff, 0xc3, 0xfb, 0xc3, 0xff, 0xc0, 0xfd, 0xc1, 0xff, 0xbf, 0xff, 0xc1, 0xff, 0xbc, 0xff, 0xbf, 0xff, 0xbc, 0xff, 0xc0, 0xff, 0xbd, 0xff, 0xc1, 0xff, 0xbf, 0xfe, 0xc2, 0xff, 0xc1, 0xfd, 0xc3, 0xff, 0xc2, 0xfd, 0xc3, 0xff, 0xc2, 0xfd, 0xc3, 0xff, 0xc2, 0xfe, 0xc1, 0xff, 0xc0, 0xff, 0xc0, 0xff, 0xbf, 0xff, 0xbe, 0xff, 0xbe, 0xff, 0xbe, 0xff, 0xbc, 0xfe, 0xbd, 0xff, 0xc4, 0xfb, 0xc6, 0xff, 0xcc, 0xec, 0xcd, 0xff, 0xb9, 0xc8, 0xba, 0xff, 0xc8, 0xc9, 0xc9, 0xff, 0xc4, 0xc4, 0xc3, 0xff, 0xbf, 0xcc, 0xbd, 0xff, 0xc5, 0xe3, 0xc3, 0xff, 0xc8, 0xf9, 0xc6, 0xff, 0xbf, 0xfd, 0xc0, 0xff, 0xbb, 0xff, 0xbf, 0xff, 0xba, 0xff, 0xc1, 0xff, 0xbc, 0xff, 0xc2, 0xff, 0xbd, 0xfe, 0xc0, 0xff, 0xbf, 0xfe, 0xbb, 0xff, 0xc1, 0xff, 0xbc, 0xff, 0xc2, 0xfd, 0xbf, 0xff, 0xc2, 0xfc, 0xc1, 0xff, 0xc2, 0xfc, 0xc1, 0xff, 0xc2, 0xfc, 0xc1, 0xff, 0xc2, 0xfc, 0xc1, 0xff, 0xc2, 0xfc, 0xc1, 0xff, 0xc2, 0xfc, 0xc1, 0xff, 0xc2, 0xfc, 0xc1, 0xff, 0xc2, 0xfc, 0xc1, 0xff, 0xc2, 0xfc, 0xc1, 0xff, 0xc2, 0xfc, 0xc1, 0xff, 0xc2, 0xfc, 0xc1, 0xff, 0xc2, 0xfc, 0xc1, 0xff, 0xc2, 0xfc, 0xc1, 0xff, 0xc2, 0xfc, 0xc1, 0xff, 0xc2, 0xfc, 0xc1, 0xff, 0xc1, 0xfa, 0xc0, 0xff, 0xcb, 0xf8, 0xca, 0xff, 0xbd, 0xd3, 0xbd, 0xff, 0xc4, 0xcb, 0xc3, 0xff, 0xc5, 0xc5, 0xc4, 0xff, 0xc2, 0xc6, 0xc1, 0xff, 0xc2, 0xd7, 0xc1, 0xff, 0xcb, 0xf0, 0xcc, 0xff, 0xc6, 0xfa, 0xc8, 0xff, 0xc1, 0xfc, 0xc4, 0xff, 
  0xc1, 0xc5, 0xc9, 0xff, 0xc2, 0xc4, 0xc8, 0xff, 0xc8, 0xc5, 0xca, 0xff, 0xbe, 0xc8, 0xbe, 0xff, 0xc5, 0xeb, 0xc4, 0xff, 0xc5, 0xfc, 0xc3, 0xff, 0xc0, 0xfe, 0xbe, 0xff, 0xc2, 0xff, 0xbf, 0xff, 0xc5, 0xfe, 0xc1, 0xff, 0xc4, 0xfe, 0xc0, 0xff, 0xbe, 0xff, 0xbd, 0xff, 0xbc, 0xff, 0xbd, 0xff, 0xbe, 0xff, 0xbf, 0xff, 0xc0, 0xff, 0xc1, 0xff, 0xc0, 0xfe, 0xc1, 0xff, 0xc0, 0xff, 0xc1, 0xff, 0xbc, 0xfd, 0xbc, 0xff, 0xc3, 0xff, 0xc1, 0xff, 0xc3, 0xfc, 0xc1, 0xff, 0xc0, 0xf8, 0xbf, 0xff, 0xc2, 0xfd, 0xc2, 0xff, 0xbf, 0xff, 0xc1, 0xff, 0xb9, 0xff, 0xbd, 0xff, 0xbc, 0xff, 0xc1, 0xff, 0xc0, 0xfb, 0xc4, 0xff, 0xcb, 0xf7, 0xce, 0xff, 0xbf, 0xd6, 0xc1, 0xff, 0xc1, 0xc9, 0xc2, 0xff, 0xc4, 0xc2, 0xc4, 0xff, 0xca, 0xc6, 0xca, 0xff, 0xc4, 0xc5, 0xc5, 0xff, 0xc4, 0xc6, 0xc6, 0xff, 0xc7, 0xc5, 0xc7, 0xff, 0xc5, 0xc8, 0xc5, 0xff, 0xb8, 0xca, 0xb9, 0xff, 0xce, 0xf1, 0xd0, 0xff, 0xc3, 0xf8, 0xc7, 0xff, 0xbd, 0xfd, 0xc1, 0xff, 0xbb, 0xff, 0xbf, 0xff, 0xbd, 0xff, 0xc0, 0xff, 0xc4, 0xff, 0xc6, 0xff, 0xc4, 0xf6, 0xc6, 0xff, 0xce, 0xf6, 0xcf, 0xff, 0xc0, 0xdf, 0xc0, 0xff, 0xb8, 0xce, 0xb8, 0xff, 0xbf, 0xcf, 0xbe, 0xff, 0xc0, 0xcc, 0xc0, 0xff, 0xcd, 0xe1, 0xcd, 0xff, 0xcb, 0xf6, 0xc9, 0xff, 0xc3, 0xfc, 0xc2, 0xff, 0xc1, 0xfd, 0xc1, 0xff, 0xbf, 0xfe, 0xc0, 0xff, 0xbc, 0xff, 0xbf, 0xff, 0xbb, 0xff, 0xbe, 0xff, 0xbb, 0xfe, 0xbe, 0xff, 0xbc, 0xfe, 0xc0, 0xff, 0xbf, 0xfe, 0xc3, 0xff, 0xc0, 0xfd, 0xc3, 0xff, 0xc1, 0xfd, 0xc3, 0xff, 0xc1, 0xfe, 0xc2, 0xff, 0xc1, 0xfe, 0xc1, 0xff, 0xc0, 0xff, 0xbf, 0xff, 0xbf, 0xff, 0xbe, 0xff, 0xbf, 0xff, 0xbe, 0xff, 0xbc, 0xfb, 0xbd, 0xff, 0xc9, 0xfa, 0xca, 0xff, 0xc7, 0xe0, 0xc8, 0xff, 0xbd, 0xc3, 0xbe, 0xff, 0xca, 0xc6, 0xcb, 0xff, 0xc8, 0xc7, 0xc7, 0xff, 0xba, 0xca, 0xb7, 0xff, 0xcf, 0xf2, 0xcc, 0xff, 0xc5, 0xfc, 0xc4, 0xff, 0xbd, 0xff, 0xbf, 0xff, 0xbc, 0xff, 0xc1, 0xff, 0xbb, 0xff, 0xc1, 0xff, 0xba, 0xfd, 0xbf, 0xff, 0xbd, 0xff, 0xbf, 0xff, 0xc1, 0xff, 0xbe, 0xff, 0xc1, 0xff, 0xbc, 0xff, 0xc1, 0xff, 0xbf, 0xff, 0xc1, 0xfe, 0xc0, 0xff, 0xc1, 0xfe, 0xc0, 0xff, 0xc1, 0xfe, 0xc0, 0xff, 0xc1, 0xfe, 0xc0, 0xff, 0xc1, 0xfe, 0xc0, 0xff, 0xc1, 0xfe, 0xc0, 0xff, 0xc1, 0xfe, 0xc0, 0xff, 0xc1, 0xfe, 0xc0, 0xff, 0xc1, 0xfe, 0xc0, 0xff, 0xc1, 0xfe, 0xc0, 0xff, 0xc1, 0xfe, 0xc0, 0xff, 0xc1, 0xfe, 0xc0, 0xff, 0xc1, 0xfe, 0xc0, 0xff, 0xc1, 0xfe, 0xc0, 0xff, 0xc1, 0xfe, 0xc1, 0xff, 0xbf, 0xfc, 0xbf, 0xff, 0xcb, 0xfe, 0xcb, 0xff, 0xc9, 0xe5, 0xc8, 0xff, 0xba, 0xc5, 0xb9, 0xff, 0xc9, 0xc9, 0xc8, 0xff, 0xc2, 0xc4, 0xc2, 0xff, 0xbf, 0xce, 0xc0, 0xff, 0xca, 0xe7, 0xcc, 0xff, 0xca, 0xf7, 0xcc, 0xff, 0xc5, 0xfa, 0xc7, 0xff, 
  0xc0, 0xc7, 0xc7, 0xff, 0xc5, 0xca, 0xcb, 0xff, 0xc5, 0xc5, 0xc7, 0xff, 0xbd, 0xc9, 0xbd, 0xff, 0xc2, 0xe9, 0xc1, 0xff, 0xc6, 0xff, 0xc5, 0xff, 0xbe, 0xfd, 0xbc, 0xff, 0xc1, 0xff, 0xbe, 0xff, 0xc5, 0xfd, 0xc1, 0xff, 0xc4, 0xfe, 0xc1, 0xff, 0xbe, 0xff, 0xbe, 0xff, 0xbc, 0xff, 0xbd, 0xff, 0xbe, 0xff, 0xbf, 0xff, 0xc0, 0xff, 0xc1, 0xff, 0xc0, 0xfe, 0xc1, 0xff, 0xbf, 0xff, 0xc0, 0xff, 0xbc, 0xff, 0xbd, 0xff, 0xbe, 0xff, 0xbd, 0xff, 0xc3, 0xfd, 0xc2, 0xff, 0xc6, 0xfc, 0xc4, 0xff, 0xc5, 0xfc, 0xc5, 0xff, 0xc2, 0xfd, 0xc3, 0xff, 0xbc, 0xff, 0xbf, 0xff, 0xba, 0xff, 0xbe, 0xff, 0xbb, 0xfe, 0xc0, 0xff, 0xc3, 0xfb, 0xc7, 0xff, 0xc5, 0xe9, 0xc8, 0xff, 0xbf, 0xd1, 0xc0, 0xff, 0xc2, 0xc7, 0xc2, 0xff, 0xcc, 0xca, 0xcc, 0xff, 0xcb, 0xc9, 0xcc, 0xff, 0xc3, 0xc0, 0xc5, 0xff, 0xca, 0xc7, 0xcc, 0xff, 0xc7, 0xcb, 0xc9, 0xff, 0xb5, 0xc8, 0xb7, 0xff, 0xcf, 0xf1, 0xd2, 0xff, 0xc4, 0xf8, 0xc9, 0xff, 0xbe, 0xfd, 0xc4, 0xff, 0xbc, 0xff, 0xc1, 0xff, 0xba, 0xfd, 0xbf, 0xff, 0xc4, 0xfd, 0xc5, 0xff, 0xcb, 0xf9, 0xca, 0xff, 0xd3, 0xf6, 0xd2, 0xff, 0xbc, 0xd6, 0xbb, 0xff, 0xba, 0xce, 0xb8, 0xff, 0xbc, 0xce, 0xbb, 0xff, 0xba, 0xcc, 0xb8, 0xff, 0xd5, 0xf1, 0xd3, 0xff, 0xc9, 0xfa, 0xc7, 0xff, 0xc2, 0xfe, 0xc0, 0xff, 0xc1, 0xff, 0xc0, 0xff, 0xbf, 0xff, 0xc0, 0xff, 0xbd, 0xff, 0xbf, 0xff, 0xbd, 0xff, 0xbf, 0xff, 0xbd, 0xff, 0xc0, 0xff, 0xbe, 0xff, 0xc1, 0xff, 0xbf, 0xfe, 0xc3, 0xff, 0xc0, 0xfd, 0xc3, 0xff, 0xc1, 0xfe, 0xc2, 0xff, 0xc1, 0xfe, 0xc2, 0xff, 0xc0, 0xfe, 0xc1, 0xff, 0xc0, 0xff, 0xc0, 0xff, 0xbf, 0xff, 0xbe, 0xff, 0xc0, 0xff, 0xbf, 0xff, 0xc3, 0xfd, 0xc3, 0xff, 0xd1, 0xfb, 0xd1, 0xff, 0xba, 0xcc, 0xbb, 0xff, 0xc6, 0xc7, 0xc7, 0xff, 0xcd, 0xc6, 0xcd, 0xff, 0xc1, 0xc0, 0xbf, 0xff, 0xc4, 0xd8, 0xc1, 0xff, 0xd0, 0xf8, 0xcd, 0xff, 0xc2, 0xfe, 0xc2, 0xff, 0xbb, 0xff, 0xbe, 0xff, 0xba, 0xff, 0xbf, 0xff, 0xbb, 0xff, 0xc1, 0xff, 0xbe, 0xff, 0xc1, 0xff, 0xbf, 0xff, 0xc0, 0xff, 0xbf, 0xff, 0xbc, 0xff, 0xbe, 0xff, 0xbb, 0xff, 0xbe, 0xff, 0xbd, 0xff, 0xbe, 0xff, 0xbe, 0xff, 0xbe, 0xff, 0xbe, 0xff, 0xbe, 0xff, 0xbe, 0xff, 0xbe, 0xff, 0xbe, 0xff, 0xbe, 0xff, 0xbe, 0xff, 0xbe, 0xff, 0xbe, 0xff, 0xbe, 0xff, 0xbe, 0xff, 0xbe, 0xff, 0xbe, 0xff, 0xbe, 0xff, 0xbe, 0xff, 0xbe, 0xff, 0xbe, 0xff, 0xbe, 0xff, 0xbe, 0xff, 0xbe, 0xff, 0xbe, 0xff, 0xbe, 0xff, 0xbe, 0xff, 0xbe, 0xff, 0xbe, 0xff, 0xbe, 0xff, 0xbe, 0xff, 0xbc, 0xfe, 0xbd, 0xff, 0xc6, 0xfd, 0xc7, 0xff, 0xd1, 0xf3, 0xd1, 0xff, 0xb8, 0xc9, 0xb7, 0xff, 0xc7, 0xcc, 0xc8, 0xff, 0xc5, 0xc7, 0xc7, 0xff, 0xc0, 0xcc, 0xc3, 0xff, 0xbf, 0xd7, 0xc2, 0xff, 0xcf, 0xf7, 0xd1, 0xff, 0xcb, 0xfa, 0xcc, 0xff, 
  0xbb, 0xc5, 0xc1, 0xff, 0xc0, 0xc9, 0xc6, 0xff, 0xc2, 0xc6, 0xc4, 0xff, 0xbc, 0xcb, 0xbd, 0xff, 0xc0, 0xea, 0xc0, 0xff, 0xc6, 0xff, 0xc5, 0xff, 0xbf, 0xff, 0xbe, 0xff, 0xc3, 0xff, 0xc0, 0xff, 0xc5, 0xfd, 0xc2, 0xff, 0xc4, 0xfd, 0xc2, 0xff, 0xbe, 0xff, 0xbf, 0xff, 0xbc, 0xff, 0xbe, 0xff, 0xbf, 0xff, 0xbf, 0xff, 0xc0, 0xff, 0xc1, 0xff, 0xc0, 0xfe, 0xc1, 0xff, 0xbe, 0xff, 0xbf, 0xff, 0xba, 0xff, 0xbb, 0xff, 0xbc, 0xff, 0xbc, 0xff, 0xc2, 0xfe, 0xc1, 0xff, 0xc6, 0xfb, 0xc5, 0xff, 0xc7, 0xfb, 0xc6, 0xff, 0xc4, 0xfc, 0xc4, 0xff, 0xbe, 0xff, 0xc0, 0xff, 0xba, 0xff, 0xbe, 0xff, 0xba, 0xff, 0xbe, 0xff, 0xc1, 0xff, 0xc5, 0xff, 0xc6, 0xf4, 0xc9, 0xff, 0xc1, 0xe0, 0xc4, 0xff, 0xbc, 0xca, 0xbe, 0xff, 0xbd, 0xc0, 0xbd, 0xff, 0xc2, 0xc0, 0xc2, 0xff, 0xc7, 0xc3, 0xc8, 0xff, 0xc6, 0xc4, 0xc9, 0xff, 0xc2, 0xc9, 0xc5, 0xff, 0xb3, 0xc8, 0xb5, 0xff, 0xcb, 0xef, 0xce, 0xff, 0xc2, 0xf7, 0xc8, 0xff, 0xbf, 0xfe, 0xc5, 0xff, 0xbd, 0xff, 0xc4, 0xff, 0xbd, 0xff, 0xc2, 0xff, 0xc2, 0xfa, 0xc2, 0xff, 0xcb, 0xf7, 0xc9, 0xff, 0xc7, 0xe5, 0xc4, 0xff, 0xbc, 0xd2, 0xb9, 0xff, 0xbb, 0xcd, 0xb9, 0xff, 0xbc, 0xd0, 0xba, 0xff, 0xc4, 0xdd, 0xc1, 0xff, 0xd2, 0xf7, 0xcf, 0xff, 0xc6, 0xfc, 0xc4, 0xff, 0xc0, 0xff, 0xbf, 0xff, 0xc0, 0xff, 0xbf, 0xff, 0xbf, 0xff, 0xbf, 0xff, 0xbe, 0xff, 0xbf, 0xff, 0xbd, 0xff, 0xc0, 0xff, 0xbe, 0xff, 0xc0, 0xff, 0xbf, 0xff, 0xc1, 0xff, 0xbf, 0xfe, 0xc2, 0xff, 0xc0, 0xfe, 0xc2, 0xff, 0xc1, 0xfe, 0xc2, 0xff, 0xc1, 0xfe, 0xc1, 0xff, 0xc0, 0xff, 0xc1, 0xff, 0xbf, 0xff, 0xc0, 0xff, 0xbf, 0xff, 0xbf, 0xff, 0xc1, 0xff, 0xc1, 0xff, 0xc1, 0xf6, 0xc0, 0xff, 0xc0, 0xe6, 0xc0, 0xff, 0xbb, 0xc9, 0xbd, 0xff, 0xc4, 0xc5, 0xc6, 0xff, 0xcb, 0xc6, 0xca, 0xff, 0xc6, 0xca, 0xc4, 0xff, 0xd0, 0xea, 0xcc, 0xff, 0xcf, 0xfc, 0xcb, 0xff, 0xc0, 0xff, 0xc0, 0xff, 0xbb, 0xff, 0xbe, 0xff, 0xbc, 0xff, 0xc0, 0xff, 0xbd, 0xff, 0xc2, 0xff, 0xbf, 0xfe, 0xc2, 0xff, 0xc0, 0xff, 0xc0, 0xff, 0xbf, 0xff, 0xbc, 0xff, 0xbe, 0xff, 0xbb, 0xff, 0xbe, 0xff, 0xbd, 0xff, 0xbe, 0xff, 0xbe, 0xff, 0xbe, 0xff, 0xbe, 0xff, 0xbe, 0xff, 0xbe, 0xff, 0xbe, 0xff, 0xbe, 0xff, 0xbe, 0xff, 0xbe, 0xff, 0xbe, 0xff, 0xbe, 0xff, 0xbe, 0xff, 0xbe, 0xff, 0xbe, 0xff, 0xbe, 0xff, 0xbe, 0xff, 0xbe, 0xff, 0xbe, 0xff, 0xbe, 0xff, 0xbe, 0xff, 0xbe, 0xff, 0xbe, 0xff, 0xbe, 0xff, 0xbe, 0xff, 0xbe, 0xff, 0xbe, 0xff, 0xbe, 0xff, 0xbe, 0xff, 0xbe, 0xff, 0xbf, 0xff, 0xc1, 0xff, 0xc3, 0xfe, 0xc5, 0xff, 0xce, 0xf7, 0xce, 0xff, 0xc3, 0xdb, 0xc3, 0xff, 0xbb, 0xc6, 0xbd, 0xff, 0xbf, 0xc5, 0xc1, 0xff, 0xba, 0xc5, 0xbe, 0xff, 0xb6, 0xca, 0xb9, 0xff, 0xc9, 0xec, 0xca, 0xff, 0xcb, 0xf5, 0xcb, 0xff, 
  0xbc, 0xcc, 0xc2, 0xff, 0xc1, 0xce, 0xc5, 0xff, 0xc3, 0xcb, 0xc4, 0xff, 0xbc, 0xce, 0xbd, 0xff, 0xbc, 0xe9, 0xbd, 0xff, 0xc1, 0xfe, 0xc2, 0xff, 0xba, 0xfb, 0xba, 0xff, 0xbf, 0xfd, 0xbd, 0xff, 0xc5, 0xfc, 0xc3, 0xff, 0xc4, 0xfc, 0xc3, 0xff, 0xbf, 0xff, 0xbf, 0xff, 0xbd, 0xff, 0xbe, 0xff, 0xbf, 0xff, 0xc0, 0xff, 0xc0, 0xff, 0xc1, 0xff, 0xc1, 0xfe, 0xc1, 0xff, 0xbf, 0xff, 0xbf, 0xff, 0xba, 0xff, 0xbb, 0xff, 0xbb, 0xff, 0xbb, 0xff, 0xc1, 0xfe, 0xc1, 0xff, 0xc5, 0xfc, 0xc4, 0xff, 0xc8, 0xfa, 0xc6, 0xff, 0xc7, 0xfb, 0xc5, 0xff, 0xc1, 0xfe, 0xc1, 0xff, 0xbd, 0xff, 0xbf, 0xff, 0xb9, 0xff, 0xbd, 0xff, 0xbb, 0xff, 0xbf, 0xff, 0xc3, 0xfc, 0xc7, 0xff, 0xc8, 0xf3, 0xcb, 0xff, 0xc2, 0xdc, 0xc4, 0xff, 0xbb, 0xc7, 0xbb, 0xff, 0xc3, 0xc5, 0xc2, 0xff, 0xd1, 0xcf, 0xd1, 0xff, 0xc5, 0xc8, 0xc9, 0xff, 0xc1, 0xcc, 0xc5, 0xff, 0xb7, 0xcf, 0xb9, 0xff, 0xca, 0xf1, 0xcd, 0xff, 0xc1, 0xf8, 0xc7, 0xff, 0xbc, 0xfd, 0xc3, 0xff, 0xb8, 0xfd, 0xbf, 0xff, 0xb8, 0xfa, 0xbd, 0xff, 0xc6, 0xfd, 0xc6, 0xff, 0xce, 0xf7, 0xca, 0xff, 0xbd, 0xd7, 0xb8, 0xff, 0xbd, 0xcf, 0xb8, 0xff, 0xba, 0xcc, 0xb8, 0xff, 0xbb, 0xd2, 0xb9, 0xff, 0xcb, 0xee, 0xc9, 0xff, 0xc9, 0xf8, 0xc7, 0xff, 0xc3, 0xfe, 0xc1, 0xff, 0xbf, 0xff, 0xbe, 0xff, 0xbf, 0xff, 0xbf, 0xff, 0xbf, 0xff, 0xbf, 0xff, 0xbf, 0xff, 0xc0, 0xff, 0xbf, 0xff, 0xc0, 0xff, 0xbf, 0xff, 0xc0, 0xff, 0xbf, 0xff, 0xc1, 0xff, 0xc0, 0xff, 0xc1, 0xff, 0xc0, 0xfe, 0xc1, 0xff, 0xc0, 0xff, 0xc1, 0xff, 0xc0, 0xff, 0xc1, 0xff, 0xc0, 0xff, 0xc1, 0xff, 0xc0, 0xff, 0xc0, 0xff, 0xbf, 0xff, 0xc0, 0xff, 0xc2, 0xfd, 0xc2, 0xff, 0xcb, 0xfc, 0xc9, 0xff, 0xb7, 0xd9, 0xb6, 0xff, 0xbf, 0xce, 0xc2, 0xff, 0xc1, 0xc6, 0xc4, 0xff, 0xc1, 0xc4, 0xc2, 0xff, 0xc5, 0xd2, 0xc3, 0xff, 0xd2, 0xf3, 0xcd, 0xff, 0xc1, 0xf3, 0xbd, 0xff, 0xc0, 0xff, 0xc0, 0xff, 0xbc, 0xff, 0xbf, 0xff, 0xbe, 0xfe, 0xc2, 0xff, 0xbf, 0xfd, 0xc3, 0xff, 0xc1, 0xfe, 0xc2, 0xff, 0xc2, 0xff, 0xc0, 0xff, 0xc0, 0xff, 0xbd, 0xff, 0xc0, 0xff, 0xbd, 0xff, 0xc1, 0xff, 0xc0, 0xff, 0xc1, 0xfe, 0xc1, 0xff, 0xc1, 0xfe, 0xc1, 0xff, 0xc1, 0xfe, 0xc1, 0xff, 0xc1, 0xfe, 0xc1, 0xff, 0xc1, 0xfe, 0xc1, 0xff, 0xc1, 0xfe, 0xc1, 0xff, 0xc1, 0xfe, 0xc1, 0xff, 0xc1, 0xfe, 0xc1, 0xff, 0xc1, 0xfe, 0xc1, 0xff, 0xc1, 0xfe, 0xc1, 0xff, 0xc1, 0xfe, 0xc1, 0xff, 0xc1, 0xfe, 0xc1, 0xff, 0xc1, 0xfe, 0xc1, 0xff, 0xc1, 0xfe, 0xc1, 0xff, 0xc0, 0xfe, 0xc1, 0xff, 0xbd, 0xfe, 0xbf, 0xff, 0xbd, 0xf9, 0xbf, 0xff, 0xcc, 0xfa, 0xcc, 0xff, 0xd2, 0xf2, 0xd2, 0xff, 0xb8, 0xcb, 0xbb, 0xff, 0xc2, 0xcf, 0xc6, 0xff, 0xc1, 0xcf, 0xc6, 0xff, 0xbc, 0xd0, 0xbf, 0xff, 0xc0, 0xe1, 0xc1, 0xff, 0xca, 0xf1, 0xca, 0xff, 
  0xb5, 0xca, 0xba, 0xff, 0xb9, 0xcb, 0xbd, 0xff, 0xc0, 0xcc, 0xc0, 0xff, 0xbc, 0xd2, 0xbc, 0xff, 0xbd, 0xec, 0xbe, 0xff, 0xc3, 0xff, 0xc4, 0xff, 0xbf, 0xff, 0xc0, 0xff, 0xc4, 0xff, 0xc4, 0xff, 0xc4, 0xfc, 0xc5, 0xff, 0xc4, 0xfc, 0xc5, 0xff, 0xbf, 0xff, 0xc0, 0xff, 0xbd, 0xff, 0xbf, 0xff, 0xbf, 0xff, 0xc0, 0xff, 0xc0, 0xff, 0xc1, 0xff, 0xc1, 0xff, 0xc0, 0xff, 0xbf, 0xff, 0xbf, 0xff, 0xbb, 0xff, 0xbc, 0xff, 0xbb, 0xff, 0xbc, 0xff, 0xc0, 0xff, 0xc0, 0xff, 0xc3, 0xfd, 0xc3, 0xff, 0xc7, 0xfb, 0xc5, 0xff, 0xc6, 0xfb, 0xc5, 0xff, 0xc2, 0xfd, 0xc2, 0xff, 0xbf, 0xff, 0xc0, 0xff, 0xbe, 0xff, 0xc0, 0xff, 0xba, 0xfe, 0xbd, 0xff, 0xbf, 0xfe, 0xc2, 0xff, 0xc6, 0xfb, 0xc9, 0xff, 0xc4, 0xe9, 0xc6, 0xff, 0xb9, 0xd0, 0xba, 0xff, 0xb9, 0xc3, 0xb8, 0xff, 0xc1, 0xc6, 0xc1, 0xff, 0xbd, 0xc4, 0xbf, 0xff, 0xba, 0xca, 0xbd, 0xff, 0xb7, 0xd3, 0xb8, 0xff, 0xc9, 0xf3, 0xca, 0xff, 0xc4, 0xfc, 0xc8, 0xff, 0xc1, 0xff, 0xc7, 0xff, 0xbe, 0xff, 0xc5, 0xff, 0xbd, 0xff, 0xc2, 0xff, 0xc8, 0xfd, 0xc7, 0xff, 0xcc, 0xf2, 0xc7, 0xff, 0xbd, 0xd3, 0xb7, 0xff, 0xc0, 0xd0, 0xbc, 0xff, 0xbb, 0xcd, 0xba, 0xff, 0xbf, 0xda, 0xbf, 0xff, 0xcd, 0xf8, 0xcc, 0xff, 0xc4, 0xfb, 0xc3, 0xff, 0xc0, 0xff, 0xc0, 0xff, 0xbe, 0xff, 0xbe, 0xff, 0xbe, 0xff, 0xbf, 0xff, 0xbf, 0xff, 0xc0, 0xff, 0xc0, 0xff, 0xc0, 0xff, 0xc1, 0xff, 0xc0, 0xff, 0xc1, 0xff, 0xc0, 0xff, 0xc0, 0xff, 0xc0, 0xff, 0xc0, 0xff, 0xc0, 0xff, 0xc0, 0xff, 0xc0, 0xff, 0xbf, 0xff, 0xc0, 0xff, 0xbf, 0xff, 0xc0, 0xff, 0xbf, 0xff, 0xc1, 0xff, 0xbf, 0xff, 0xc1, 0xff, 0xc0, 0xff, 0xc1, 0xff, 0xc4, 0xfc, 0xc4, 0xff, 0xc5, 0xf3, 0xc2, 0xff, 0xb1, 0xd1, 0xaf, 0xff, 0xbe, 0xcf, 0xc1, 0xff, 0xbe, 0xc9, 0xc2, 0xff, 0xbb, 0xc8, 0xbc, 0xff, 0xcb, 0xe2, 0xc9, 0xff, 0xd5, 0xfd, 0xcf, 0xff, 0xc6, 0xfc, 0xc0, 0xff, 0xc0, 0xff, 0xbf, 0xff, 0xbe, 0xff, 0xc0, 0xff, 0xc0, 0xfd, 0xc4, 0xff, 0xc1, 0xfc, 0xc4, 0xff, 0xc3, 0xfd, 0xc2, 0xff, 0xc2, 0xfe, 0xc0, 0xff, 0xc1, 0xff, 0xbe, 0xff, 0xc0, 0xff, 0xbe, 0xff, 0xc1, 0xfe, 0xc1, 0xff, 0xc2, 0xfd, 0xc2, 0xff, 0xc2, 0xfd, 0xc2, 0xff, 0xc2, 0xfd, 0xc2, 0xff, 0xc2, 0xfd, 0xc2, 0xff, 0xc2, 0xfd, 0xc2, 0xff, 0xc2, 0xfd, 0xc2, 0xff, 0xc2, 0xfd, 0xc2, 0xff, 0xc2, 0xfd, 0xc2, 0xff, 0xc2, 0xfd, 0xc2, 0xff, 0xc2, 0xfd, 0xc2, 0xff, 0xc2, 0xfd, 0xc2, 0xff, 0xc2, 0xfd, 0xc2, 0xff, 0xc2, 0xfd, 0xc2, 0xff, 0xc2, 0xfd, 0xc2, 0xff, 0xc1, 0xfe, 0xc2, 0xff, 0xbf, 0xff, 0xc2, 0xff, 0xbd, 0xfb, 0xc0, 0xff, 0xc8, 0xfb, 0xc8, 0xff, 0xd1, 0xf9, 0xd0, 0xff, 0xb6, 0xd2, 0xb8, 0xff, 0xba, 0xce, 0xbd, 0xff, 0xb8, 0xca, 0xbc, 0xff, 0xb3, 0xc9, 0xb6, 0xff, 0xbb, 0xda, 0xba, 0xff, 0xc9, 0xed, 0xc6, 0xff, 
  0xba, 0xd4, 0xbd, 0xff, 0xbb, 0xd2, 0xbd, 0xff, 0xc1, 0xd2, 0xc0, 0xff, 0xbc, 0xd6, 0xbb, 0xff, 0xb8, 0xeb, 0xb9, 0xff, 0xbb, 0xfc, 0xbe, 0xff, 0xb9, 0xfc, 0xbb, 0xff, 0xbc, 0xfc, 0xbe, 0xff, 0xc4, 0xfb, 0xc6, 0xff, 0xc4, 0xfb, 0xc6, 0xff, 0xbf, 0xfe, 0xc2, 0xff, 0xbd, 0xff, 0xc0, 0xff, 0xc0, 0xfe, 0xc1, 0xff, 0xc1, 0xfe, 0xc1, 0xff, 0xc1, 0xff, 0xc0, 0xff, 0xc0, 0xff, 0xbf, 0xff, 0xbe, 0xff, 0xbf, 0xff, 0xbd, 0xff, 0xbf, 0xff, 0xbf, 0xff, 0xc0, 0xff, 0xc0, 0xfe, 0xc1, 0xff, 0xc3, 0xfd, 0xc2, 0xff, 0xc3, 0xfd, 0xc3, 0xff, 0xc3, 0xfd, 0xc3, 0xff, 0xc1, 0xfe, 0xc1, 0xff, 0xc0, 0xff, 0xc0, 0xff, 0xbd, 0xff, 0xbe, 0xff, 0xbe, 0xfe, 0xbf, 0xff, 0xc3, 0xfd, 0xc5, 0xff, 0xc5, 0xf4, 0xc7, 0xff, 0xc2, 0xe5, 0xc3, 0xff, 0xc1, 0xd7, 0xc0, 0xff, 0xc2, 0xd2, 0xc1, 0xff, 0xbf, 0xce, 0xbf, 0xff, 0xbc, 0xd1, 0xbb, 0xff, 0xba, 0xda, 0xb7, 0xff, 0xc4, 0xf0, 0xc1, 0xff, 0xbe, 0xf7, 0xbf, 0xff, 0xba, 0xfc, 0xbe, 0xff, 0xb7, 0xfd, 0xbe, 0xff, 0xb7, 0xf8, 0xbc, 0xff, 0xbf, 0xf3, 0xbe, 0xff, 0xc1, 0xe5, 0xbc, 0xff, 0xbd, 0xd0, 0xb8, 0xff, 0xc0, 0xcd, 0xbd, 0xff, 0xb7, 0xc9, 0xb8, 0xff, 0xc3, 0xe2, 0xc5, 0xff, 0xc4, 0xf7, 0xc5, 0xff, 0xbd, 0xfc, 0xbe, 0xff, 0xbe, 0xff, 0xbf, 0xff, 0xbd, 0xff, 0xbf, 0xff, 0xbf, 0xff, 0xc0, 0xff, 0xc0, 0xff, 0xc0, 0xff, 0xc2, 0xfe, 0xc0, 0xff, 0xc2, 0xfe, 0xc0, 0xff, 0xc2, 0xfe, 0xc0, 0xff, 0xc2, 0xff, 0xc0, 0xff, 0xc0, 0xff, 0xc0, 0xff, 0xbf, 0xff, 0xbf, 0xff, 0xbf, 0xff, 0xbf, 0xff, 0xbe, 0xff, 0xc0, 0xff, 0xbe, 0xff, 0xc1, 0xff, 0xbf, 0xfe, 0xc2, 0xff, 0xbf, 0xfe, 0xc2, 0xff, 0xc4, 0xfc, 0xc5, 0xff, 0xbc, 0xe7, 0xb8, 0xff, 0xb5, 0xd5, 0xb2, 0xff, 0xbc, 0xd3, 0xc0, 0xff, 0xbc, 0xd2, 0xc2, 0xff, 0xb7, 0xd2, 0xbb, 0xff, 0xc9, 0xee, 0xc9, 0xff, 0xc6, 0xf8, 0xc1, 0xff, 0xc1, 0xfd, 0xbd, 0xff, 0xbf, 0xff, 0xbf, 0xff, 0xbf, 0xfe, 0xc1, 0xff, 0xc1, 0xfc, 0xc5, 0xff, 0xc3, 0xfc, 0xc5, 0xff, 0xc3, 0xfd, 0xc2, 0xff, 0xc2, 0xfe, 0xc0, 0xff, 0xc1, 0xff, 0xbf, 0xff, 0xc0, 0xff, 0xbf, 0xff, 0xbf, 0xff, 0xc0, 0xff, 0xbf, 0xff, 0xc0, 0xff, 0xbf, 0xff, 0xc0, 0xff, 0xbf, 0xff, 0xc0, 0xff, 0xbf, 0xff, 0xc0, 0xff, 0xbf, 0xff, 0xc0, 0xff, 0xbf, 0xff, 0xc0, 0xff, 0xbf, 0xff, 0xc0, 0xff, 0xbf, 0xff, 0xc0, 0xff, 0xbf, 0xff, 0xc0, 0xff, 0xbf, 0xff, 0xc0, 0xff, 0xbf, 0xff, 0xc0, 0xff, 0xbf, 0xff, 0xc0, 0xff, 0xbf, 0xff, 0xc0, 0xff, 0xbf, 0xff, 0xc0, 0xff, 0xbf, 0xff, 0xc0, 0xff, 0xbe, 0xff, 0xc1, 0xff, 0xc0, 0xfe, 0xc2, 0xff, 0xc4, 0xfd, 0xc3, 0xff, 0xc9, 0xf9, 0xc7, 0xff, 0xbf, 0xe5, 0xc0, 0xff, 0xba, 0xd9, 0xbd, 0xff, 0xba, 0xd3, 0xbd, 0xff, 0xbb, 0xd4, 0xbc, 0xff, 0xb9, 0xd8, 0xb5, 0xff, 0xc6, 0xe7, 0xbe, 0xff, 
  0xd9, 0xf6, 0xdc, 0xff, 0xd6, 0xf0, 0xd8, 0xff, 0xdb, 0xee, 0xda, 0xff, 0xd2, 0xee, 0xd0, 0xff, 0xc4, 0xf9, 0xc6, 0xff, 0xc2, 0xff, 0xc5, 0xff, 0xbe, 0xff, 0xc0, 0xff, 0xbe, 0xfd, 0xc0, 0xff, 0xc4, 0xfb, 0xc6, 0xff, 0xc4, 0xfb, 0xc7, 0xff, 0xbf, 0xfe, 0xc3, 0xff, 0xbe, 0xff, 0xc1, 0xff, 0xc0, 0xfe, 0xc1, 0xff, 0xc1, 0xfe, 0xc1, 0xff, 0xc1, 0xff, 0xc0, 0xff, 0xc1, 0xff, 0xbf, 0xff, 0xbf, 0xff, 0xc0, 0xff, 0xbe, 0xff, 0xc0, 0xff, 0xbe, 0xff, 0xbf, 0xff, 0xbf, 0xff, 0xc0, 0xff, 0xc1, 0xfe, 0xc1, 0xff, 0xc2, 0xfd, 0xc2, 0xff, 0xc3, 0xfd, 0xc3, 0xff, 0xc2, 0xfd, 0xc2, 0xff, 0xbd, 0xfb, 0xbc, 0xff, 0xbe, 0xff, 0xbe, 0xff, 0xbf, 0xff, 0xc0, 0xff, 0xc2, 0xff, 0xc3, 0xff, 0xc7, 0xfb, 0xc8, 0xff, 0xcf, 0xf8, 0xcf, 0xff, 0xd6, 0xf2, 0xd5, 0xff, 0xd9, 0xee, 0xd8, 0xff, 0xe0, 0xf3, 0xdf, 0xff, 0xd9, 0xf0, 0xd7, 0xff, 0xd2, 0xf5, 0xcd, 0xff, 0xcf, 0xfd, 0xcb, 0xff, 0xc4, 0xff, 0xc5, 0xff, 0xbf, 0xff, 0xc2, 0xff, 0xbc, 0xff, 0xc2, 0xff, 0xbe, 0xfe, 0xc2, 0xff, 0xca, 0xfe, 0xc9, 0xff, 0xcc, 0xf0, 0xc8, 0xff, 0xd1, 0xe3, 0xcc, 0xff, 0xd1, 0xdd, 0xce, 0xff, 0xc3, 0xd6, 0xc5, 0xff, 0xd3, 0xf3, 0xd6, 0xff, 0xc8, 0xff, 0xca, 0xff, 0xc3, 0xff, 0xc5, 0xff, 0xbd, 0xff, 0xbf, 0xff, 0xbd, 0xff, 0xbf, 0xff, 0xbf, 0xff, 0xc0, 0xff, 0xc1, 0xff, 0xc0, 0xff, 0xc2, 0xfe, 0xc0, 0xff, 0xc3, 0xfe, 0xc0, 0xff, 0xc3, 0xfe, 0xc0, 0xff, 0xc2, 0xfe, 0xc0, 0xff, 0xc1, 0xff, 0xbf, 0xff, 0xbf, 0xff, 0xbf, 0xff, 0xbe, 0xff, 0xbf, 0xff, 0xbe, 0xff, 0xc0, 0xff, 0xbe, 0xff, 0xc1, 0xff, 0xbe, 0xfe, 0xc2, 0xff, 0xbf, 0xfe, 0xc3, 0xff, 0xc5, 0xfb, 0xc5, 0xff, 0xd0, 0xf9, 0xcc, 0xff, 0xd6, 0xf5, 0xd2, 0xff, 0xd7, 0xf1, 0xda, 0xff, 0xd3, 0xee, 0xda, 0xff, 0xcc, 0xee, 0xd0, 0xff, 0xd2, 0xfe, 0xd3, 0xff, 0xc2, 0xf9, 0xbe, 0xff, 0xc3, 0xff, 0xbe, 0xff, 0xbf, 0xff, 0xbf, 0xff, 0xbf, 0xfe, 0xc2, 0xff, 0xc2, 0xfc, 0xc6, 0xff, 0xc3, 0xfb, 0xc6, 0xff, 0xc3, 0xfd, 0xc2, 0xff, 0xc2, 0xfe, 0xc0, 0xff, 0xc1, 0xff, 0xbf, 0xff, 0xbf, 0xff, 0xbf, 0xff, 0xbe, 0xff, 0xbf, 0xff, 0xbe, 0xff, 0xbf, 0xff, 0xbe, 0xff, 0xbf, 0xff, 0xbe, 0xff, 0xbf, 0xff, 0xbe, 0xff, 0xbf, 0xff, 0xbe, 0xff, 0xbf, 0xff, 0xbe, 0xff, 0xbf, 0xff, 0xbe, 0xff, 0xbf, 0xff, 0xbe, 0xff, 0xbf, 0xff, 0xbe, 0xff, 0xbf, 0xff, 0xbe, 0xff, 0xbf, 0xff, 0xbe, 0xff, 0xbf, 0xff, 0xbe, 0xff, 0xbf, 0xff, 0xbe, 0xff, 0xbf, 0xff, 0xbe, 0xff, 0xbf, 0xff, 0xbe, 0xff, 0xc0, 0xff, 0xb9, 0xfa, 0xbc, 0xff, 0xc0, 0xfe, 0xc1, 0xff, 0xc3, 0xfe, 0xc1, 0xff, 0xc7, 0xfb, 0xc4, 0xff, 0xd1, 0xfc, 0xd1, 0xff, 0xcb, 0xee, 0xcd, 0xff, 0xd2, 0xef, 0xd5, 0xff, 0xd6, 0xf1, 0xd6, 0xff, 0xd0, 0xee, 0xca, 0xff, 0xd8, 0xf8, 0xcf, 0xff, 
#endif
};

const lv_img_dsc_t icon99 = {
  .header.cf = LV_IMG_CF_TRUE_COLOR,
  .header.always_zero = 0,
  .header.reserved = 0,
  .header.w = 106,
  .header.h = 46,
  .data_size = 4876 * LV_COLOR_SIZE / 8,
  .data = icon99_map,
};

#endif